ObjectId,Crash ID,Primary Road,Intersecting Road,Crash Date,Day,Month,Year,Hour,Weekday,Crash Type Code,Highway Classification Code,Community Code,Jurisdiction Code,Lane Departure Type Code,Surface Type,Road Condition,Weather Condition,Lighting Condition,Speed Limit,Lanes,Units,Occupants,Most Severe Injury,Fatal Injuries,Suspected Serious Injuries,Suspected Minor Injuries,Possible Injuries,Property Damage Only,Secondary Crash,Traffic Control,Red Light Run,Hit and Run,Alcohol,Drugs,Unbelted Person,Work Zone,Speeding Driver,Distracted Driver,Driveway,Pedestrian,Elderly Driver,Young Driver,Commercial Vehicle,Emergency Vehicles,Train,School Bus,Motorcycle,Bicycle,Deer,Longitude,Latitude,geom,geog,x,y
115,9471141,I75,CLARK,2015-12-29,29,12,2015,2,3,5,1,,1,0,,2,4,5,55,4,2,4,5,0,0,0,0,true,,false,false,false,false,false,,,,,,false,false,true,,,false,false,false,false,false,-83.08833,42.31448,"{
  ""coordinates"": [
    -8.308833595599999e+01,
    4.231447890700010e+01
  ],
  ""type"": ""Point""
}","{
  ""coordinates"": [
    -83.088335956,
    42.314478907
  ],
  ""type"": ""Point""
}",-83.088335956,42.3144789070001
116,9474073,8 MILE,HAYES,2015-12-29,29,12,2015,13,3,5,3,,1,0,,1,2,1,40,5,2,2,5,0,0,0,0,true,,false,false,false,false,false,,,,,,false,true,false,,,false,false,false,false,false,-82.96624,42.44988,"{
  ""coordinates"": [
    -8.296624040599990e+01,
    4.244988075200010e+01
  ],
  ""type"": ""Point""
}","{
  ""coordinates"": [
    -82.966240406,
    42.449880752
  ],
  ""type"": ""Point""
}",-82.9662404059999,42.4498807520001
117,9471355,RYAN,OUTER,2015-12-29,29,12,2015,15,3,8,9,,4,0,,1,1,1,30,4,2,2,5,0,0,0,0,true,,false,false,false,false,false,,,,,,false,false,false,,,false,false,false,false,false,-83.06354,42.4402,"{
  ""coordinates"": [
    -8.306353781500000e+01,
    4.244019662100000e+01
  ],
  ""type"": ""Point""
}","{
  ""coordinates"": [
    -83.063537815,
    42.440196621
  ],
  ""type"": ""Point""
}",-83.063537815,42.440196621
118,9471348,VAN DYKE,KERN,2015-12-29,29,12,2015,11,3,5,3,,1,0,,1,2,1,35,2,2,1,3,0,0,1,0,false,,false,false,false,false,false,,,,,,false,true,false,,,false,false,false,false,false,-83.02277,42.39543,"{
  ""coordinates"": [
    -8.302276808999990e+01,
    4.239542757700010e+01
  ],
  ""type"": ""Point""
}","{
  ""coordinates"": [
    -83.02276809,
    42.395427577
  ],
  ""type"": ""Point""
}",-83.0227680899999,42.3954275770001
119,9472191,GRAND,M 10 SERVICE,2015-12-29,29,12,2015,22,3,1,9,,,0,,1,2,4,30,3,1,1,5,0,0,0,0,true,,false,false,false,false,false,,,,,,false,false,false,,,false,false,false,false,false,-83.11255,42.39856,"{
  ""coordinates"": [
    -8.311254884899989e+01,
    4.239855542400010e+01
  ],
  ""type"": ""Point""
}","{
  ""coordinates"": [
    -83.112548849,
    42.398555424
  ],
  ""type"": ""Point""
}",-83.1125488489999,42.3985554240001
120,9471338,THREE MILE,LINVILLE,2015-12-29,29,12,2015,15,3,9,9,,,2,,1,2,1,25,2,2,1,5,0,0,0,0,true,,false,false,true,false,false,,,,,,false,false,false,,,false,false,false,false,false,-82.94419,42.40882,"{
  ""coordinates"": [
    -8.294419370500000e+01,
    4.240882549400000e+01
  ],
  ""type"": ""Point""
}","{
  ""coordinates"": [
    -82.944193705,
    42.408825494
  ],
  ""type"": ""Point""
}",-82.944193705,42.408825494
121,9471309,WOODWARD,KENILWORTH,2015-12-29,29,12,2015,15,3,3,3,,1,0,,1,1,2,30,5,2,7,4,0,0,0,2,false,,false,false,false,false,false,,,,,,false,false,false,,,false,false,false,false,false,-83.08279,42.38438,"{
  ""coordinates"": [
    -8.308278302900000e+01,
    4.238438004700000e+01
  ],
  ""type"": ""Point""
}","{
  ""coordinates"": [
    -83.082783029,
    42.384380047
  ],
  ""type"": ""Point""
}",-83.082783029,42.384380047
122,9471136,DAVISON,OAKLAND,2015-12-29,29,12,2015,0,3,5,3,,1,0,,2,4,4,55,4,2,1,4,0,0,0,1,false,,false,false,true,false,false,,,,,,false,false,false,,,false,false,false,false,false,-83.08115,42.40845,"{
  ""coordinates"": [
    -8.308115357500000e+01,
    4.240845296500000e+01
  ],
  ""type"": ""Point""
}","{
  ""coordinates"": [
    -83.081153575,
    42.408452965
  ],
  ""type"": ""Point""
}",-83.081153575,42.408452965
123,9471175,RAMP 122A,RAMP 122I,2015-12-29,29,12,2015,22,3,1,1,,1,1,,1,1,4,0,1,1,1,5,0,0,0,0,true,,false,false,false,true,false,,,,,,false,false,true,,,false,false,false,false,false,-83.06781,42.33491,"{
  ""coordinates"": [
    -8.306780801699990e+01,
    4.233490793000000e+01
  ],
  ""type"": ""Point""
}","{
  ""coordinates"": [
    -83.067808017,
    42.33490793
  ],
  ""type"": ""Point""
}",-83.0678080169999,42.33490793
124,9597354,WOODWARD,BALTIMORE,2015-12-29,29,12,2015,22,3,4,3,,1,0,,1,2,4,25,4,2,3,5,0,0,0,0,true,,true,true,false,false,false,,,,,,false,false,true,,,false,false,false,false,false,-83.07209,42.36841,"{
  ""coordinates"": [
    -8.307208987699990e+01,
    4.236841096800000e+01
  ],
  ""type"": ""Point""
}","{
  ""coordinates"": [
    -83.072089877,
    42.368410968
  ],
  ""type"": ""Point""
}",-83.0720898769999,42.368410968
125,9471340,CHARLEVOIX,ALTER,2015-12-29,29,12,2015,9,3,4,9,,4,0,,2,2,1,30,4,2,2,5,0,0,0,0,true,,true,true,false,false,false,,,,,,false,true,false,,,false,false,false,false,false,-82.94596,42.38454,"{
  ""coordinates"": [
    -8.294595993000000e+01,
    4.238454173700010e+01
  ],
  ""type"": ""Point""
}","{
  ""coordinates"": [
    -82.94595993,
    42.384541737
  ],
  ""type"": ""Point""
}",-82.94595993,42.3845417370001
126,9475023,RAMP 008C,M-39,2015-12-29,29,12,2015,18,3,5,1,,1,0,,1,2,4,55,3,2,2,4,0,0,0,1,false,,false,false,false,false,false,,,,,,false,false,false,,,false,false,false,false,false,-83.21663,42.37759,"{
  ""coordinates"": [
    -8.321662999700000e+01,
    4.237759484700010e+01
  ],
  ""type"": ""Point""
}","{
  ""coordinates"": [
    -83.216629997,
    42.377594847
  ],
  ""type"": ""Point""
}",-83.216629997,42.3775948470001
127,9475033,I-75,7 MILE,2015-12-29,29,12,2015,22,3,8,1,,1,0,,1,1,4,70,4,2,4,5,0,0,0,0,true,,false,false,true,false,false,,,,,,false,false,false,,,false,false,false,false,false,-83.09422,42.42887,"{
  ""coordinates"": [
    -8.309421695600000e+01,
    4.242887058000010e+01
  ],
  ""type"": ""Point""
}","{
  ""coordinates"": [
    -83.094216956,
    42.42887058
  ],
  ""type"": ""Point""
}",-83.094216956,42.4288705800001
128,9471180,I 75,SCHAEFER,2015-12-29,29,12,2015,11,3,1,1,,1,1,,1,2,1,70,4,1,1,5,0,0,0,0,true,,false,false,false,false,false,,,,,,false,false,true,,,false,false,false,false,false,-83.16044,42.27528,"{
  ""coordinates"": [
    -8.316043992999990e+01,
    4.227527898400010e+01
  ],
  ""type"": ""Point""
}","{
  ""coordinates"": [
    -83.16043993,
    42.275278984
  ],
  ""type"": ""Point""
}",-83.1604399299999,42.2752789840001
129,9475022,RAMP 212C,LIVERNOIS,2015-12-29,29,12,2015,10,3,1,1,,1,1,,1,2,1,20,1,1,1,2,0,1,0,0,false,,false,false,false,false,false,,,,,,false,false,false,,,false,false,false,false,false,-83.12597,42.3373,"{
  ""coordinates"": [
    -8.312596770600000e+01,
    4.233729808700010e+01
  ],
  ""type"": ""Point""
}","{
  ""coordinates"": [
    -83.125967706,
    42.337298087
  ],
  ""type"": ""Point""
}",-83.125967706,42.3372980870001
130,9608750,3RD,NB 3RD/SB 3RD,2015-12-29,29,12,2015,19,3,5,9,,4,0,,1,2,4,30,3,2,3,5,0,0,0,0,true,,false,false,false,false,false,,,,,,false,true,true,,,false,false,false,false,false,-83.0586,42.33387,"{
  ""coordinates"": [
    -8.305860134700001e+01,
    4.233387219100010e+01
  ],
  ""type"": ""Point""
}","{
  ""coordinates"": [
    -83.058601347,
    42.333872191
  ],
  ""type"": ""Point""
}",-83.058601347,42.3338721910001
131,9623747,RAMP 005H,S M 39,2015-12-29,29,12,2015,17,3,9,3,,1,2,,1,1,1,55,3,2,1,5,0,0,0,0,true,,false,false,true,false,false,,,,,,false,false,false,,,false,false,false,false,false,-83.21589,42.33517,"{
  ""coordinates"": [
    -8.321589008399999e+01,
    4.233517058100010e+01
  ],
  ""type"": ""Point""
}","{
  ""coordinates"": [
    -83.215890084,
    42.335170581
  ],
  ""type"": ""Point""
}",-83.215890084,42.3351705810001
132,9608751,MACK,DUBOIS,2015-12-29,29,12,2015,14,3,4,9,,4,0,,1,1,1,35,2,2,2,5,0,0,0,0,true,,true,false,false,false,false,,,,,,false,true,false,,,false,false,false,false,false,-83.03674,42.35576,"{
  ""coordinates"": [
    -8.303674073099999e+01,
    4.235575834800010e+01
  ],
  ""type"": ""Point""
}","{
  ""coordinates"": [
    -83.036740731,
    42.355758348
  ],
  ""type"": ""Point""
}",-83.036740731,42.3557583480001
133,9471325,FENKELL,GREENFIELD,2015-12-29,29,12,2015,12,3,9,9,,2,2,,2,2,1,35,4,3,3,5,0,0,0,0,true,,false,false,false,false,false,,,,,,false,true,false,,,false,false,false,false,false,-83.195,42.40163,"{
  ""coordinates"": [
    -8.319499633299991e+01,
    4.240162526900010e+01
  ],
  ""type"": ""Point""
}","{
  ""coordinates"": [
    -83.194996333,
    42.401625269
  ],
  ""type"": ""Point""
}",-83.1949963329999,42.4016252690001
134,9471147,I-94,CASS,2015-12-28,28,12,2015,2,2,1,1,,1,1,,1,1,4,55,3,1,1,5,0,0,0,0,true,,false,false,false,false,false,,,,,,false,false,false,,,false,false,false,false,false,-83.0702,42.36288,"{
  ""coordinates"": [
    -8.307019621700000e+01,
    4.236288224800010e+01
  ],
  ""type"": ""Point""
}","{
  ""coordinates"": [
    -83.070196217,
    42.362882248
  ],
  ""type"": ""Point""
}",-83.070196217,42.3628822480001
135,9473936,I-96,MCGRAW,2015-12-28,28,12,2015,14,2,1,1,,1,1,,3,5,1,70,4,1,1,3,0,0,1,0,false,,false,false,false,false,false,,,,,,false,false,false,,,false,false,false,false,false,-83.10243,42.35261,"{
  ""coordinates"": [
    -8.310243003399999e+01,
    4.235261187600000e+01
  ],
  ""type"": ""Point""
}","{
  ""coordinates"": [
    -83.102430034,
    42.352611876
  ],
  ""type"": ""Point""
}",-83.102430034,42.352611876
136,9474024,7 MILE,GALLAGHER,2015-12-28,28,12,2015,17,2,8,9,,4,0,,3,4,1,30,2,2,1,5,0,0,0,0,true,,false,false,true,false,false,,,,,,false,true,false,,,false,false,false,false,false,-83.07024,42.43297,"{
  ""coordinates"": [
    -8.307024381100000e+01,
    4.243297125000000e+01
  ],
  ""type"": ""Point""
}","{
  ""coordinates"": [
    -83.070243811,
    42.43297125
  ],
  ""type"": ""Point""
}",-83.070243811,42.43297125
137,9597359,ALEXANDRINE,JOHN R,2015-12-28,28,12,2015,16,2,97,9,,4,0,,6,7,3,25,2,2,4,5,0,0,0,0,true,,false,false,false,false,false,,,,,,false,true,false,,,false,false,false,false,false,-83.05806,42.35141,"{
  ""coordinates"": [
    -8.305805840600000e+01,
    4.235141359500010e+01
  ],
  ""type"": ""Point""
}","{
  ""coordinates"": [
    -83.058058406,
    42.351413595
  ],
  ""type"": ""Point""
}",-83.058058406,42.3514135950001
138,9471288,CLARK,PORTER,2015-12-28,28,12,2015,23,2,97,9,,4,0,,3,4,4,25,2,2,0,4,0,0,0,1,false,,false,false,true,false,false,,,,,,true,false,false,,,false,false,false,false,false,-83.09277,42.31601,"{
  ""coordinates"": [
    -8.309277487199989e+01,
    4.231600844300000e+01
  ],
  ""type"": ""Point""
}","{
  ""coordinates"": [
    -83.092774872,
    42.316008443
  ],
  ""type"": ""Point""
}",-83.0927748719999,42.316008443
139,9596536,I-75,SPRINGWELLS,2015-12-28,28,12,2015,11,2,8,1,,1,0,,1,2,1,70,4,2,2,5,0,0,0,0,true,,false,false,false,false,false,,,,,,false,false,false,,,false,false,false,false,false,-83.11588,42.30293,"{
  ""coordinates"": [
    -8.311588431900000e+01,
    4.230293396200010e+01
  ],
  ""type"": ""Point""
}","{
  ""coordinates"": [
    -83.115884319,
    42.302933962
  ],
  ""type"": ""Point""
}",-83.115884319,42.3029339620001
140,9474076,GREINER,RUNYON,2015-12-28,28,12,2015,20,2,4,9,,4,0,,3,7,4,25,2,2,3,5,0,0,0,0,true,,false,false,false,false,false,,,,,,false,false,false,,,false,false,false,false,false,-83.0068,42.42717,"{
  ""coordinates"": [
    -8.300679672500000e+01,
    4.242716520900010e+01
  ],
  ""type"": ""Point""
}","{
  ""coordinates"": [
    -83.006796725,
    42.427165209
  ],
  ""type"": ""Point""
}",-83.006796725,42.4271652090001
141,9472206,WARREN,METTETAL,2015-12-28,28,12,2015,13,2,1,9,,2,1,,3,5,1,40,4,1,1,5,0,0,0,0,true,,false,false,false,false,false,,,,,,false,false,false,,,false,false,false,false,false,-83.20486,42.34355,"{
  ""coordinates"": [
    -8.320485950999991e+01,
    4.234355165700000e+01
  ],
  ""type"": ""Point""
}","{
  ""coordinates"": [
    -83.20485951,
    42.343551657
  ],
  ""type"": ""Point""
}",-83.2048595099999,42.343551657
142,9470251,RAMP 109C,RAMP 109A,2015-12-28,28,12,2015,23,2,1,3,,1,1,,6,4,4,55,1,1,1,5,0,0,0,0,true,,false,false,false,false,false,,,,,,false,false,false,,,false,false,false,false,false,-83.10892,42.39691,"{
  ""coordinates"": [
    -8.310891673400000e+01,
    4.239690799500000e+01
  ],
  ""type"": ""Point""
}","{
  ""coordinates"": [
    -83.108916734,
    42.396907995
  ],
  ""type"": ""Point""
}",-83.108916734,42.396907995
143,9605937,MANOR,OUTER,2015-12-28,28,12,2015,14,2,97,9,,,0,,3,5,1,0,3,2,0,5,0,0,0,0,true,,false,false,true,false,false,,,,,,false,false,false,,,false,false,false,false,false,-83.16978,42.43565,"{
  ""coordinates"": [
    -8.316977641299999e+01,
    4.243565162100000e+01
  ],
  ""type"": ""Point""
}","{
  ""coordinates"": [
    -83.169776413,
    42.435651621
  ],
  ""type"": ""Point""
}",-83.169776413,42.435651621
144,9470404,EWALD,HOLMUR,2015-12-28,28,12,2015,13,2,5,9,,4,0,,3,7,1,25,2,2,5,5,0,0,0,0,true,,false,false,false,false,false,,,,,,false,false,true,,,false,false,false,false,false,-83.13619,42.39286,"{
  ""coordinates"": [
    -8.313619551499990e+01,
    4.239286462100010e+01
  ],
  ""type"": ""Point""
}","{
  ""coordinates"": [
    -83.136195515,
    42.392864621
  ],
  ""type"": ""Point""
}",-83.1361955149999,42.3928646210001
145,9470420,WAYBURN,YORKSHIRE,2015-12-28,28,12,2015,0,2,9,9,,,2,,1,1,4,0,1,2,1,5,0,0,0,0,true,,false,false,false,true,false,,,,,,false,false,false,,,false,false,false,false,false,-82.95466,42.41974,"{
  ""coordinates"": [
    -8.295466081700000e+01,
    4.241974389300000e+01
  ],
  ""type"": ""Point""
}","{
  ""coordinates"": [
    -82.954660817,
    42.419743893
  ],
  ""type"": ""Point""
}",-82.954660817,42.419743893
146,9475223,WESTBROOK,PILGRIM,2015-12-28,28,12,2015,10,2,8,9,,,0,,1,2,1,25,1,2,0,5,0,0,0,0,true,,false,false,true,false,false,,,,,,false,false,false,,,false,false,false,false,false,-83.25061,42.40565,"{
  ""coordinates"": [
    -8.325061066300000e+01,
    4.240564785600000e+01
  ],
  ""type"": ""Point""
}","{
  ""coordinates"": [
    -83.250610663,
    42.405647856
  ],
  ""type"": ""Point""
}",-83.250610663,42.405647856
147,9604946,LIVERNOIS,7 MILE,2015-12-28,28,12,2015,12,2,4,9,,4,0,,3,7,1,30,5,2,2,5,0,0,0,0,true,,false,false,false,false,false,,,,,,false,false,true,,,false,false,false,false,false,-83.14156,42.43155,"{
  ""coordinates"": [
    -8.314156609199991e+01,
    4.243154509400010e+01
  ],
  ""type"": ""Point""
}","{
  ""coordinates"": [
    -83.141566092,
    42.431545094
  ],
  ""type"": ""Point""
}",-83.1415660919999,42.4315450940001
148,9597355,JOHN R,FREDERICK,2015-12-28,28,12,2015,15,2,8,9,,4,0,,1,1,1,25,5,2,2,5,0,0,0,0,true,,false,false,false,false,false,,,,,,false,false,false,,,false,false,false,false,false,-83.06368,42.36,"{
  ""coordinates"": [
    -8.306368282800000e+01,
    4.236000427900010e+01
  ],
  ""type"": ""Point""
}","{
  ""coordinates"": [
    -83.063682828,
    42.360004279
  ],
  ""type"": ""Point""
}",-83.063682828,42.3600042790001
149,9471324,GREENFIELD,PLYMOUTH,2015-12-28,28,12,2015,14,2,4,9,,2,0,,2,4,1,35,5,2,2,5,0,0,0,0,true,,false,false,false,false,false,,,,,,false,false,true,,,false,false,false,false,false,-83.19755,42.37253,"{
  ""coordinates"": [
    -8.319755072299991e+01,
    4.237252943900010e+01
  ],
  ""type"": ""Point""
}","{
  ""coordinates"": [
    -83.197550723,
    42.372529439
  ],
  ""type"": ""Point""
}",-83.1975507229999,42.3725294390001
150,9470256,I 375,LARNED,2015-12-28,28,12,2015,23,2,1,1,,1,1,,2,4,4,55,2,1,1,4,0,0,0,1,false,,false,false,false,false,false,,,,,,false,false,true,,,false,false,false,false,false,-83.036,42.3331,"{
  ""coordinates"": [
    -8.303599316200000e+01,
    4.233309796900010e+01
  ],
  ""type"": ""Point""
}","{
  ""coordinates"": [
    -83.035993162,
    42.333097969
  ],
  ""type"": ""Point""
}",-83.035993162,42.3330979690001
151,9474091,GREENFIELD,JAMES COUZENS,2015-12-28,28,12,2015,15,2,8,7,,1,0,,3,7,1,35,8,2,21,5,0,0,0,0,true,,false,false,true,false,false,,,,,,false,false,false,,,false,false,false,false,false,-83.20039,42.44252,"{
  ""coordinates"": [
    -8.320038482900000e+01,
    4.244252190900000e+01
  ],
  ""type"": ""Point""
}","{
  ""coordinates"": [
    -83.200384829,
    42.442521909
  ],
  ""type"": ""Point""
}",-83.200384829,42.442521909
152,9470395,DAYTON,TRENTON,2015-12-28,28,12,2015,12,2,9,9,,,2,,3,7,1,25,2,2,2,5,0,0,0,0,true,,false,false,false,false,false,,,,,,false,false,false,,,false,false,false,false,false,-83.15356,42.33717,"{
  ""coordinates"": [
    -8.315356312999999e+01,
    4.233717206200000e+01
  ],
  ""type"": ""Point""
}","{
  ""coordinates"": [
    -83.15356313,
    42.337172062
  ],
  ""type"": ""Point""
}",-83.15356313,42.337172062
153,9471148,N I 75 SERVICE DRIVE,WARREN,2015-12-28,28,12,2015,8,2,1,9,,4,1,,3,1,1,25,1,1,2,5,0,0,0,0,true,,false,false,false,false,false,,,,,,false,false,false,,,false,false,false,false,false,-83.05391,42.36123,"{
  ""coordinates"": [
    -8.305390735799990e+01,
    4.236123065400010e+01
  ],
  ""type"": ""Point""
}","{
  ""coordinates"": [
    -83.053907358,
    42.361230654
  ],
  ""type"": ""Point""
}",-83.0539073579999,42.3612306540001
154,9479312,8 MILE,WOODWARD,2015-12-28,28,12,2015,2,2,1,3,,1,0,,3,5,4,35,3,1,1,5,0,0,0,0,true,,false,false,false,false,false,,,,,,false,false,false,,,false,false,false,false,false,-83.12506,42.4465,"{
  ""coordinates"": [
    -8.312505886799990e+01,
    4.244649984900010e+01
  ],
  ""type"": ""Point""
}","{
  ""coordinates"": [
    -83.125058868,
    42.446499849
  ],
  ""type"": ""Point""
}",-83.1250588679999,42.4464998490001
155,9471133,I-75,SCHAEFER,2015-12-28,28,12,2015,16,2,8,1,,1,0,,3,7,1,55,4,2,1,5,0,0,0,0,true,,false,false,true,false,false,,,,,,false,false,false,,,false,false,false,false,false,-83.15208,42.27892,"{
  ""coordinates"": [
    -8.315207892900000e+01,
    4.227891909000000e+01
  ],
  ""type"": ""Point""
}","{
  ""coordinates"": [
    -83.152078929,
    42.27891909
  ],
  ""type"": ""Point""
}",-83.152078929,42.27891909
156,9470405,HAWTHORNE,LANTZ,2015-12-28,28,12,2015,10,2,97,9,,,0,,1,1,1,15,1,2,2,5,0,0,0,0,true,,false,false,true,false,false,,,,,,false,false,false,,,false,false,false,false,false,-83.09276,42.43744,"{
  ""coordinates"": [
    -8.309275848199999e+01,
    4.243744340700000e+01
  ],
  ""type"": ""Point""
}","{
  ""coordinates"": [
    -83.092758482,
    42.437443407
  ],
  ""type"": ""Point""
}",-83.092758482,42.437443407
157,9471346,WARREN,ASBURY,2015-12-28,28,12,2015,18,2,97,9,,2,0,,6,7,4,25,2,2,0,5,0,0,0,0,true,,false,false,true,false,false,,,,,,false,false,false,,,false,false,false,false,false,-83.20568,42.34354,"{
  ""coordinates"": [
    -8.320567761699991e+01,
    4.234353830700010e+01
  ],
  ""type"": ""Point""
}","{
  ""coordinates"": [
    -83.205677617,
    42.343538307
  ],
  ""type"": ""Point""
}",-83.2056776169999,42.3435383070001
158,9470271,I-75,MCNICHOLS,2015-12-28,28,12,2015,19,2,1,1,,1,1,,3,4,4,70,4,1,2,4,0,0,0,1,false,,false,false,false,false,false,,,,,,false,false,true,,,false,false,false,false,false,-83.08503,42.41504,"{
  ""coordinates"": [
    -8.308502795600000e+01,
    4.241504344900010e+01
  ],
  ""type"": ""Point""
}","{
  ""coordinates"": [
    -83.085027956,
    42.415043449
  ],
  ""type"": ""Point""
}",-83.085027956,42.4150434490001
159,9471285,CAPITOL,EVERGREEN,2015-12-28,28,12,2015,12,2,1,9,,,1,,3,5,1,25,1,1,2,5,0,0,0,0,true,,false,false,false,false,false,,,,,,false,false,true,,,false,false,false,false,false,-83.23643,42.37637,"{
  ""coordinates"": [
    -8.323643553300001e+01,
    4.237636881200010e+01
  ],
  ""type"": ""Point""
}","{
  ""coordinates"": [
    -83.236435533,
    42.376368812
  ],
  ""type"": ""Point""
}",-83.236435533,42.3763688120001
160,9471188,I-94,FRENCH,2015-12-28,28,12,2015,12,2,1,1,,1,1,,3,7,1,55,3,1,1,4,0,0,0,1,false,,false,false,false,false,false,,,,,,false,false,false,,,false,false,false,false,false,-82.99484,42.3926,"{
  ""coordinates"": [
    -8.299484371400000e+01,
    4.239260443300000e+01
  ],
  ""type"": ""Point""
}","{
  ""coordinates"": [
    -82.994843714,
    42.392604433
  ],
  ""type"": ""Point""
}",-82.994843714,42.392604433
161,9471127,N M 10,MICHIGAN,2015-12-28,28,12,2015,15,2,1,3,,1,1,,3,7,1,55,3,1,1,5,0,0,0,0,true,,false,false,false,false,false,,,,,,false,false,false,,,false,false,false,false,false,-83.06124,42.33164,"{
  ""coordinates"": [
    -8.306123882500000e+01,
    4.233163923100010e+01
  ],
  ""type"": ""Point""
}","{
  ""coordinates"": [
    -83.061238825,
    42.331639231
  ],
  ""type"": ""Point""
}",-83.061238825,42.3316392310001
162,9470401,PINGREE,LINWOOD,2015-12-28,28,12,2015,15,2,2,9,,,0,,3,5,1,25,2,2,2,5,0,0,0,0,true,,false,false,true,false,false,,,,,,false,false,false,,,false,false,false,false,false,-83.10561,42.36865,"{
  ""coordinates"": [
    -8.310560932700000e+01,
    4.236864761800010e+01
  ],
  ""type"": ""Point""
}","{
  ""coordinates"": [
    -83.105609327,
    42.368647618
  ],
  ""type"": ""Point""
}",-83.105609327,42.3686476180001
163,9591330,7 MILE,SCHAEFER,2015-12-28,28,12,2015,23,2,5,9,,2,0,,1,1,4,30,3,2,4,5,0,0,0,0,true,,false,false,false,false,false,,,,,,false,false,true,,,false,false,false,false,false,-83.18053,42.43108,"{
  ""coordinates"": [
    -8.318053748400000e+01,
    4.243107457600010e+01
  ],
  ""type"": ""Point""
}","{
  ""coordinates"": [
    -83.180537484,
    42.431074576
  ],
  ""type"": ""Point""
}",-83.180537484,42.4310745760001
164,9471156,I 75,CLARK,2015-12-28,28,12,2015,23,2,1,1,,1,1,,2,4,4,55,4,1,1,5,0,0,0,0,true,,false,false,false,false,false,,,,,,false,false,false,,,false,false,false,false,false,-83.09075,42.3138,"{
  ""coordinates"": [
    -8.309075493599990e+01,
    4.231379745500000e+01
  ],
  ""type"": ""Point""
}","{
  ""coordinates"": [
    -83.090754936,
    42.313797455
  ],
  ""type"": ""Point""
}",-83.0907549359999,42.313797455
165,9474061,7 MILE,FORRER,2015-12-28,28,12,2015,14,2,97,9,,2,0,,3,5,1,30,4,2,2,5,0,0,0,0,true,,false,false,false,false,false,,,,,,false,false,true,,,false,false,false,false,false,-83.20285,42.43036,"{
  ""coordinates"": [
    -8.320285216000001e+01,
    4.243036451400010e+01
  ],
  ""type"": ""Point""
}","{
  ""coordinates"": [
    -83.20285216,
    42.430364514
  ],
  ""type"": ""Point""
}",-83.20285216,42.4303645140001
166,9472084,I-96,M-39,2015-12-28,28,12,2015,12,2,1,1,,1,1,,3,5,1,55,2,1,3,5,0,0,0,0,true,,false,false,false,false,false,,,,,,false,false,false,,,false,false,false,false,false,-83.21201,42.3787,"{
  ""coordinates"": [
    -8.321200238800000e+01,
    4.237870354800000e+01
  ],
  ""type"": ""Point""
}","{
  ""coordinates"": [
    -83.212002388,
    42.378703548
  ],
  ""type"": ""Point""
}",-83.212002388,42.378703548
167,9471140,N M 10,WYOMING,2015-12-28,28,12,2015,3,2,1,3,,1,1,,1,1,4,55,3,1,1,4,0,0,0,1,false,,false,false,false,false,false,,,,,,false,false,false,,,false,false,false,false,false,-83.16015,42.40545,"{
  ""coordinates"": [
    -8.316014532600001e+01,
    4.240544915500000e+01
  ],
  ""type"": ""Point""
}","{
  ""coordinates"": [
    -83.160145326,
    42.405449155
  ],
  ""type"": ""Point""
}",-83.160145326,42.405449155
168,9641376,GRAND RIVER,PATTON,2015-12-28,28,12,2015,14,2,5,3,,1,0,,3,5,1,35,6,2,1,2,0,1,0,0,false,,false,false,true,false,false,,,,,,false,false,false,,,false,false,false,false,false,-83.24458,42.41127,"{
  ""coordinates"": [
    -8.324457425299990e+01,
    4.241126662300010e+01
  ],
  ""type"": ""Point""
}","{
  ""coordinates"": [
    -83.244574253,
    42.411266623
  ],
  ""type"": ""Point""
}",-83.2445742529999,42.4112666230001
169,9470400,DAVISON,LIVERNOIS,2015-12-28,28,12,2015,12,2,4,3,,1,0,,3,1,1,35,6,2,2,4,0,0,0,1,false,,false,false,false,false,false,,,,,,false,true,false,,,false,false,false,false,false,-83.13953,42.38649,"{
  ""coordinates"": [
    -8.313953198300000e+01,
    4.238649114300010e+01
  ],
  ""type"": ""Point""
}","{
  ""coordinates"": [
    -83.139531983,
    42.386491143
  ],
  ""type"": ""Point""
}",-83.139531983,42.3864911430001
170,9471354,8 MILE,RYAN,2015-12-28,28,12,2015,19,2,4,3,,1,0,,3,7,4,35,6,2,2,5,0,0,0,0,true,,false,false,true,false,false,,,,,,false,false,false,,,false,false,false,false,false,-83.06387,42.44726,"{
  ""coordinates"": [
    -8.306386833999990e+01,
    4.244725682800000e+01
  ],
  ""type"": ""Point""
}","{
  ""coordinates"": [
    -83.06386834,
    42.447256828
  ],
  ""type"": ""Point""
}",-83.0638683399999,42.447256828
171,9470397,8 MILE,GRATIOT,2015-12-28,28,12,2015,18,2,4,3,,1,0,,2,4,4,45,3,2,2,2,0,1,0,0,false,,false,false,false,false,false,,,,,,false,false,true,,,false,false,false,false,false,-82.96756,42.44984,"{
  ""coordinates"": [
    -8.296755607800000e+01,
    4.244984452300010e+01
  ],
  ""type"": ""Point""
}","{
  ""coordinates"": [
    -82.967556078,
    42.449844523
  ],
  ""type"": ""Point""
}",-82.967556078,42.4498445230001