ObjectId,Crash ID,Primary Road,Intersecting Road,Crash Date,Day,Month,Year,Hour,Weekday,Crash Type Code,Highway Classification Code,Community Code,Jurisdiction Code,Lane Departure Type Code,Surface Type,Road Condition,Weather Condition,Lighting Condition,Speed Limit,Lanes,Units,Occupants,Most Severe Injury,Fatal Injuries,Suspected Serious Injuries,Suspected Minor Injuries,Possible Injuries,Property Damage Only,Secondary Crash,Traffic Control,Red Light Run,Hit and Run,Alcohol,Drugs,Unbelted Person,Work Zone,Speeding Driver,Distracted Driver,Driveway,Pedestrian,Elderly Driver,Young Driver,Commercial Vehicle,Emergency Vehicles,Train,School Bus,Motorcycle,Bicycle,Deer,Longitude,Latitude,geom,geog,x,y
172,9470417,RIAD,CASINO,2015-12-28,28,12,2015,2,2,4,9,,,0,,1,1,4,25,2,2,1,5,0,0,0,0,true,,false,false,true,false,false,,,,,,false,false,false,,,false,false,false,false,false,-82.95383,42.42998,"{
  ""coordinates"": [
    -8.295383193399989e+01,
    4.242997889600010e+01
  ],
  ""type"": ""Point""
}","{
  ""coordinates"": [
    -82.953831934,
    42.429978896
  ],
  ""type"": ""Point""
}",-82.9538319339999,42.4299788960001
173,9591321,MACK,GUILFORD,2015-12-28,28,12,2015,17,2,8,9,,2,0,,1,1,1,35,2,2,2,5,0,0,0,0,true,,false,false,false,false,false,,,,,,false,false,false,,,false,false,false,false,false,-82.92044,42.39718,"{
  ""coordinates"": [
    -8.292044115700000e+01,
    4.239718270300010e+01
  ],
  ""type"": ""Point""
}","{
  ""coordinates"": [
    -82.920441157,
    42.397182703
  ],
  ""type"": ""Point""
}",-82.920441157,42.3971827030001
174,9470252,I94,CENTRAL,2015-12-28,28,12,2015,23,2,1,1,,1,1,,2,4,4,55,3,1,1,5,0,0,0,0,true,,false,false,false,false,false,,,,,,false,false,true,,,false,false,false,false,false,-83.13837,42.33232,"{
  ""coordinates"": [
    -8.313836632499989e+01,
    4.233232140600010e+01
  ],
  ""type"": ""Point""
}","{
  ""coordinates"": [
    -83.138366325,
    42.332321406
  ],
  ""type"": ""Point""
}",-83.1383663249999,42.3323214060001
175,9471329,MICHIGAN,30TH,2015-12-28,28,12,2015,13,2,1,2,,1,1,,3,5,1,35,5,1,2,5,0,0,0,0,true,,false,false,false,false,false,,,,,,false,false,false,,,false,false,false,false,false,-83.10738,42.3312,"{
  ""coordinates"": [
    -8.310738577799999e+01,
    4.233119749800010e+01
  ],
  ""type"": ""Point""
}","{
  ""coordinates"": [
    -83.107385778,
    42.331197498
  ],
  ""type"": ""Point""
}",-83.107385778,42.3311974980001
176,9469108,MACK,ALTER,2015-12-28,28,12,2015,1,2,1,9,,4,0,,1,1,5,35,3,1,1,5,0,0,0,0,true,,false,false,false,false,false,,,,,,false,false,false,,,false,false,false,false,false,-82.94769,42.3873,"{
  ""coordinates"": [
    -8.294768983800000e+01,
    4.238729849600000e+01
  ],
  ""type"": ""Point""
}","{
  ""coordinates"": [
    -82.947689838,
    42.387298496
  ],
  ""type"": ""Point""
}",-82.947689838,42.387298496
177,9472205,BURT,FENKELL,2015-12-28,28,12,2015,13,2,9,9,,4,0,,3,7,1,30,4,2,7,5,0,0,0,0,true,,false,false,false,false,false,,,,,,false,false,false,,,false,false,false,false,false,-83.24711,42.40052,"{
  ""coordinates"": [
    -8.324710967300000e+01,
    4.240051477500000e+01
  ],
  ""type"": ""Point""
}","{
  ""coordinates"": [
    -83.247109673,
    42.400514775
  ],
  ""type"": ""Point""
}",-83.247109673,42.400514775
178,9474095,HANCOCK,BEAUBIEN,2015-12-28,28,12,2015,23,2,5,9,,,0,,3,7,4,30,5,2,0,5,0,0,0,0,true,,false,false,false,false,false,,,,,,false,false,false,,,false,false,false,false,false,-83.05769,42.35827,"{
  ""coordinates"": [
    -8.305769044000000e+01,
    4.235827385100000e+01
  ],
  ""type"": ""Point""
}","{
  ""coordinates"": [
    -83.05769044,
    42.358273851
  ],
  ""type"": ""Point""
}",-83.05769044,42.358273851
179,9472915,JOHN R,NEVADA,2015-12-28,28,12,2015,22,2,6,9,,4,0,,3,3,5,30,5,2,1,5,0,0,0,0,true,,false,false,true,false,false,,,,,,false,false,false,,,false,false,false,false,false,-83.10207,42.42484,"{
  ""coordinates"": [
    -8.310206261699990e+01,
    4.242484050600010e+01
  ],
  ""type"": ""Point""
}","{
  ""coordinates"": [
    -83.102062617,
    42.424840506
  ],
  ""type"": ""Point""
}",-83.1020626169999,42.4248405060001
180,9471294,ROSEMONT,SCHOOLCRAFT,2015-12-28,28,12,2015,8,2,8,9,,,0,,1,1,1,25,1,2,2,5,0,0,0,0,true,,false,false,false,false,false,,,,,,false,false,false,,,false,false,false,false,false,-83.21982,42.38623,"{
  ""coordinates"": [
    -8.321981563400000e+01,
    4.238622787700010e+01
  ],
  ""type"": ""Point""
}","{
  ""coordinates"": [
    -83.219815634,
    42.386227877
  ],
  ""type"": ""Point""
}",-83.219815634,42.3862278770001
181,9474020,LANSDOWNE,BRITIAN,2015-12-28,28,12,2015,3,2,97,9,,,0,,1,1,4,25,1,2,0,5,0,0,0,0,true,,false,false,true,false,false,,,,,,false,false,false,,,false,false,false,false,false,-82.95273,42.42424,"{
  ""coordinates"": [
    -8.295272947300001e+01,
    4.242423716900000e+01
  ],
  ""type"": ""Point""
}","{
  ""coordinates"": [
    -82.952729473,
    42.424237169
  ],
  ""type"": ""Point""
}",-82.952729473,42.424237169
182,9471296,SCHAEFER,6 MILE,2015-12-28,28,12,2015,8,2,8,9,,4,0,,1,2,1,30,2,2,2,5,0,0,0,0,true,,false,false,true,false,false,,,,,,false,false,false,,,false,false,false,false,false,-83.17979,42.41659,"{
  ""coordinates"": [
    -8.317979767500000e+01,
    4.241658889000010e+01
  ],
  ""type"": ""Point""
}","{
  ""coordinates"": [
    -83.179797675,
    42.41658889
  ],
  ""type"": ""Point""
}",-83.179797675,42.4165888900001
183,9475042,I 75,CLARK,2015-12-28,28,12,2015,23,2,1,1,,1,1,,2,4,5,55,4,1,1,5,0,0,0,0,true,,false,false,false,false,false,,,,,,false,false,false,,,false,false,false,false,false,-83.09542,42.312,"{
  ""coordinates"": [
    -8.309541857100000e+01,
    4.231200543100000e+01
  ],
  ""type"": ""Point""
}","{
  ""coordinates"": [
    -83.095418571,
    42.312005431
  ],
  ""type"": ""Point""
}",-83.095418571,42.312005431
184,9472905,SOUTHFIELD SERVICE DRIVE,CIRCLE,2015-12-28,28,12,2015,15,2,5,3,,5,0,,6,5,1,35,2,2,2,5,0,0,0,0,true,,false,false,false,false,false,,,,,,false,false,true,,,false,false,false,false,false,-83.2201,42.44269,"{
  ""coordinates"": [
    -8.322010338900000e+01,
    4.244268946900010e+01
  ],
  ""type"": ""Point""
}","{
  ""coordinates"": [
    -83.220103389,
    42.442689469
  ],
  ""type"": ""Point""
}",-83.220103389,42.4426894690001
185,9470392,VAN DYKE,OUTER,2015-12-28,28,12,2015,11,2,5,3,,1,0,,1,1,1,35,6,2,2,5,0,0,0,0,true,,false,false,false,false,false,,,,,,false,false,true,,,false,false,false,false,false,-83.0245,42.44141,"{
  ""coordinates"": [
    -8.302449520999990e+01,
    4.244141262900010e+01
  ],
  ""type"": ""Point""
}","{
  ""coordinates"": [
    -83.02449521,
    42.441412629
  ],
  ""type"": ""Point""
}",-83.0244952099999,42.4414126290001
186,9471128,W I 96,CSX TRANSPORTATION,2015-12-28,28,12,2015,13,2,8,1,,1,0,,2,2,1,70,3,2,2,5,0,0,0,0,true,,false,false,false,false,false,,,,,,false,false,false,,,false,false,false,false,false,-83.23517,42.37952,"{
  ""coordinates"": [
    -8.323516843100001e+01,
    4.237952118800010e+01
  ],
  ""type"": ""Point""
}","{
  ""coordinates"": [
    -83.235168431,
    42.379521188
  ],
  ""type"": ""Point""
}",-83.235168431,42.3795211880001
187,9472910,BURT,MIDLAND,2015-12-28,28,12,2015,20,2,1,9,,4,0,,3,7,4,25,2,1,1,5,0,0,0,0,true,,false,false,false,false,false,,,,,,false,false,false,,,false,false,false,false,false,-83.24727,42.40407,"{
  ""coordinates"": [
    -8.324726565899989e+01,
    4.240407205600010e+01
  ],
  ""type"": ""Point""
}","{
  ""coordinates"": [
    -83.247265659,
    42.404072056
  ],
  ""type"": ""Point""
}",-83.2472656589999,42.4040720560001
188,9470410,JOHN R,FARMER,2015-12-28,28,12,2015,17,2,97,9,,4,0,,3,6,4,20,1,1,0,5,0,0,0,0,true,,false,false,false,false,false,,,,,,false,false,false,,,false,false,false,false,false,-83.04845,42.33551,"{
  ""coordinates"": [
    -8.304844858199991e+01,
    4.233551575100010e+01
  ],
  ""type"": ""Point""
}","{
  ""coordinates"": [
    -83.048448582,
    42.335515751
  ],
  ""type"": ""Point""
}",-83.0484485819999,42.3355157510001
189,9471303,CADET,DRAGOON,2015-12-28,28,12,2015,13,2,4,9,,,0,,3,5,1,25,3,2,2,5,0,0,0,0,true,,false,false,false,false,false,,,,,,false,false,true,,,false,false,false,false,false,-83.10735,42.31421,"{
  ""coordinates"": [
    -8.310735376799990e+01,
    4.231420376700000e+01
  ],
  ""type"": ""Point""
}","{
  ""coordinates"": [
    -83.107353768,
    42.314203767
  ],
  ""type"": ""Point""
}",-83.1073537679999,42.314203767
190,9622123,E I 96,KENTFIELD,2015-12-28,28,12,2015,13,2,97,1,,1,0,,3,5,1,70,4,3,3,5,0,0,0,0,true,,false,false,false,false,false,,,,,,false,false,true,,,false,false,false,false,false,-83.23791,42.38118,"{
  ""coordinates"": [
    -8.323790575000000e+01,
    4.238118155600010e+01
  ],
  ""type"": ""Point""
}","{
  ""coordinates"": [
    -83.23790575,
    42.381181556
  ],
  ""type"": ""Point""
}",-83.23790575,42.3811815560001
191,9471176,S M 10,RAMP 105B,2015-12-28,28,12,2015,15,2,1,3,,1,1,,3,2,1,55,3,1,1,5,0,0,0,0,true,,false,false,false,false,false,,,,,,false,false,true,,,false,false,false,false,false,-83.15647,42.40468,"{
  ""coordinates"": [
    -8.315646926399999e+01,
    4.240468329800010e+01
  ],
  ""type"": ""Point""
}","{
  ""coordinates"": [
    -83.156469264,
    42.404683298
  ],
  ""type"": ""Point""
}",-83.156469264,42.4046832980001
192,9471189,S M 39,CURTIS,2015-12-28,28,12,2015,13,2,1,3,,1,1,,3,2,1,55,3,1,1,5,0,0,0,0,true,,false,false,false,false,false,,,,,,false,false,false,,,false,false,false,false,false,-83.21912,42.42223,"{
  ""coordinates"": [
    -8.321911452200000e+01,
    4.242222941200000e+01
  ],
  ""type"": ""Point""
}","{
  ""coordinates"": [
    -83.219114522,
    42.422229412
  ],
  ""type"": ""Point""
}",-83.219114522,42.422229412
193,9472204,ROBSON,ORANGELAWN,2015-12-28,28,12,2015,21,2,97,9,,,0,,2,2,3,25,2,2,3,5,0,0,0,0,true,,false,false,true,false,false,,,,,,false,false,true,,,false,false,false,false,false,-83.19192,42.36794,"{
  ""coordinates"": [
    -8.319191524800000e+01,
    4.236793741300000e+01
  ],
  ""type"": ""Point""
}","{
  ""coordinates"": [
    -83.191915248,
    42.367937413
  ],
  ""type"": ""Point""
}",-83.191915248,42.367937413
194,9470239,W I 96,SCHOOLCRAFT,2015-12-28,28,12,2015,21,2,1,1,,1,1,,2,4,4,70,3,1,1,5,0,0,0,0,true,,false,false,false,false,false,,,,,,false,false,true,,,false,false,false,false,false,-83.24299,42.38511,"{
  ""coordinates"": [
    -8.324298831999990e+01,
    4.238510748500000e+01
  ],
  ""type"": ""Point""
}","{
  ""coordinates"": [
    -83.24298832,
    42.385107485
  ],
  ""type"": ""Point""
}",-83.2429883199999,42.385107485
195,9470419,BRINGARD,BRADFORD,2015-12-28,28,12,2015,21,2,4,9,,,0,,2,5,4,25,2,2,6,5,0,0,0,0,true,,false,false,true,false,false,,,,,,false,false,true,,,false,false,false,false,false,-83.00142,42.44538,"{
  ""coordinates"": [
    -8.300142204799990e+01,
    4.244538237900010e+01
  ],
  ""type"": ""Point""
}","{
  ""coordinates"": [
    -83.001422048,
    42.445382379
  ],
  ""type"": ""Point""
}",-83.0014220479999,42.4453823790001
196,9470408,CONGRESS,BEAUBIEN,2015-12-28,28,12,2015,12,2,4,9,,4,0,,3,7,1,15,2,2,2,5,0,0,0,0,true,,false,false,false,false,false,,,,,,false,false,false,,,false,false,false,false,false,-83.04081,42.33235,"{
  ""coordinates"": [
    -8.304080690300000e+01,
    4.233235018500010e+01
  ],
  ""type"": ""Point""
}","{
  ""coordinates"": [
    -83.040806903,
    42.332350185
  ],
  ""type"": ""Point""
}",-83.040806903,42.3323501850001
197,9672319,ROCHELLE,HAYES,2015-12-28,28,12,2015,18,2,2,9,,,0,,3,2,4,25,6,2,2,5,0,0,0,0,true,,false,false,false,true,false,,,,,,false,false,false,,,false,false,false,false,false,-82.96511,42.42319,"{
  ""coordinates"": [
    -8.296511426900000e+01,
    4.242318924800000e+01
  ],
  ""type"": ""Point""
}","{
  ""coordinates"": [
    -82.965114269,
    42.423189248
  ],
  ""type"": ""Point""
}",-82.965114269,42.423189248
198,9474021,GRATIOT,CADILLAC,2015-12-28,28,12,2015,17,2,4,3,,1,0,,3,7,4,35,7,2,2,5,0,0,0,0,true,,false,false,false,false,false,,,,,,false,false,true,,,false,false,false,false,false,-83.00494,42.39355,"{
  ""coordinates"": [
    -8.300494102600000e+01,
    4.239355642000000e+01
  ],
  ""type"": ""Point""
}","{
  ""coordinates"": [
    -83.004941026,
    42.39355642
  ],
  ""type"": ""Point""
}",-83.004941026,42.39355642
199,9471345,FENKELL,LAHSER,2015-12-28,28,12,2015,21,2,4,9,,2,0,,3,4,4,35,2,2,2,5,0,0,0,0,true,,false,false,true,false,false,,,,,,false,false,false,,,false,false,false,false,false,-83.25683,42.40029,"{
  ""coordinates"": [
    -8.325682455399991e+01,
    4.240028786700000e+01
  ],
  ""type"": ""Point""
}","{
  ""coordinates"": [
    -83.256824554,
    42.400287867
  ],
  ""type"": ""Point""
}",-83.2568245539999,42.400287867
200,9470411,ALTER,VOIGHT,2015-12-28,28,12,2015,14,2,2,9,,4,2,,3,7,1,30,2,2,2,5,0,0,0,0,true,,false,false,true,false,false,,,,,,false,false,false,,,false,false,false,false,false,-82.95269,42.39477,"{
  ""coordinates"": [
    -8.295268947800000e+01,
    4.239476892000000e+01
  ],
  ""type"": ""Point""
}","{
  ""coordinates"": [
    -82.952689478,
    42.39476892
  ],
  ""type"": ""Point""
}",-82.952689478,42.39476892
201,9471166,W I 94,N M 10,2015-12-28,28,12,2015,19,2,5,1,,1,0,,2,4,4,55,3,2,2,5,0,0,0,0,true,,false,false,false,false,false,,,,,,false,false,true,,,false,false,false,false,false,-83.076,42.35967,"{
  ""coordinates"": [
    -8.307599573600000e+01,
    4.235966758600010e+01
  ],
  ""type"": ""Point""
}","{
  ""coordinates"": [
    -83.075995736,
    42.359667586
  ],
  ""type"": ""Point""
}",-83.075995736,42.3596675860001
202,9474065,7 MILE,FENMORE,2015-12-28,28,12,2015,13,2,5,9,,2,0,,3,7,1,35,4,3,3,5,0,0,0,0,true,,false,false,false,false,false,,,,,,false,false,true,,,false,false,false,false,false,-83.21825,42.43003,"{
  ""coordinates"": [
    -8.321825405399990e+01,
    4.243003519700010e+01
  ],
  ""type"": ""Point""
}","{
  ""coordinates"": [
    -83.218254054,
    42.430035197
  ],
  ""type"": ""Point""
}",-83.2182540539999,42.4300351970001
203,9470240,I-75,7 MILE,2015-12-28,28,12,2015,23,2,1,1,,1,1,,2,4,4,70,4,1,1,4,0,0,0,1,false,,false,false,false,false,false,,,,,,false,false,false,,,false,false,false,false,false,-83.09519,42.43971,"{
  ""coordinates"": [
    -8.309518949300001e+01,
    4.243971303700000e+01
  ],
  ""type"": ""Point""
}","{
  ""coordinates"": [
    -83.095189493,
    42.439713037
  ],
  ""type"": ""Point""
}",-83.095189493,42.439713037
204,9470390,GRATIOT,BELLEVUE,2015-12-28,28,12,2015,11,2,8,3,,1,0,,1,2,1,35,7,2,1,5,0,0,0,0,true,,false,false,true,false,false,,,,,,false,false,false,,,false,false,false,false,false,-83.02152,42.3685,"{
  ""coordinates"": [
    -8.302152081700000e+01,
    4.236850160200000e+01
  ],
  ""type"": ""Point""
}","{
  ""coordinates"": [
    -83.021520817,
    42.368501602
  ],
  ""type"": ""Point""
}",-83.021520817,42.368501602
205,9470414,OUTER,DOLPHIN,2015-12-28,28,12,2015,16,2,97,9,,2,0,,3,7,3,35,4,3,3,5,0,0,0,0,true,,false,false,false,false,false,,,,,,false,true,false,,,false,false,false,false,false,-83.25892,42.38353,"{
  ""coordinates"": [
    -8.325892212100000e+01,
    4.238353460600010e+01
  ],
  ""type"": ""Point""
}","{
  ""coordinates"": [
    -83.258922121,
    42.383534606
  ],
  ""type"": ""Point""
}",-83.258922121,42.3835346060001
206,9471132,I-94,LONYO,2015-12-28,28,12,2015,13,2,2,1,,1,2,,3,5,1,55,3,2,2,5,0,0,0,0,true,,false,false,false,false,false,,,,,,false,true,false,,,false,false,false,false,false,-83.14486,42.33128,"{
  ""coordinates"": [
    -8.314485601699990e+01,
    4.233128258400010e+01
  ],
  ""type"": ""Point""
}","{
  ""coordinates"": [
    -83.144856017,
    42.331282584
  ],
  ""type"": ""Point""
}",-83.1448560169999,42.3312825840001
207,9470272,I-75,8 MILE,2015-12-28,28,12,2015,20,2,1,1,,1,1,,3,4,4,70,4,1,1,5,0,0,0,0,true,,false,false,false,false,false,,,,,,false,false,false,,,false,false,false,false,false,-83.09491,42.44318,"{
  ""coordinates"": [
    -8.309491297300001e+01,
    4.244317832600010e+01
  ],
  ""type"": ""Point""
}","{
  ""coordinates"": [
    -83.094912973,
    42.443178326
  ],
  ""type"": ""Point""
}",-83.094912973,42.4431783260001
208,9472891,CONLEY,AMRAD,2015-12-28,28,12,2015,13,2,4,9,,,0,,6,7,1,25,2,2,1,5,0,0,0,0,true,,false,false,true,false,false,,,,,,false,false,false,,,false,false,false,false,false,-83.0528,42.44439,"{
  ""coordinates"": [
    -8.305280268300000e+01,
    4.244439192600000e+01
  ],
  ""type"": ""Point""
}","{
  ""coordinates"": [
    -83.052802683,
    42.444391926
  ],
  ""type"": ""Point""
}",-83.052802683,42.444391926
209,9470422,GREENFIELD,7 MILE,2015-12-28,28,12,2015,16,2,1,9,,2,1,,3,7,3,30,3,1,1,5,0,0,0,0,true,,false,false,false,false,false,,,,,,false,false,false,,,false,false,false,false,false,-83.19986,42.43036,"{
  ""coordinates"": [
    -8.319986303300000e+01,
    4.243036235000010e+01
  ],
  ""type"": ""Point""
}","{
  ""coordinates"": [
    -83.199863033,
    42.43036235
  ],
  ""type"": ""Point""
}",-83.199863033,42.4303623500001
210,9471177,I-96,WYOMING,2015-12-28,28,12,2015,16,2,97,1,,1,0,,3,2,1,70,3,3,3,5,0,0,0,0,true,,false,false,true,false,false,,,,,,false,true,true,,,false,false,false,false,false,-83.1541,42.3852,"{
  ""coordinates"": [
    -8.315409769400000e+01,
    4.238519832400000e+01
  ],
  ""type"": ""Point""
}","{
  ""coordinates"": [
    -83.154097694,
    42.385198324
  ],
  ""type"": ""Point""
}",-83.154097694,42.385198324
211,9470396,LAFAYETTE,ST ANTOINE,2015-12-28,28,12,2015,18,2,5,9,,4,0,,3,5,4,30,8,2,1,5,0,0,0,0,true,,false,false,true,false,false,,,,,,false,false,true,,,false,false,false,false,false,-83.04027,42.33455,"{
  ""coordinates"": [
    -8.304026957199990e+01,
    4.233455260100000e+01
  ],
  ""type"": ""Point""
}","{
  ""coordinates"": [
    -83.040269572,
    42.334552601
  ],
  ""type"": ""Point""
}",-83.0402695719999,42.334552601
212,9472886,SPINOZA,TIREMAN,2015-12-27,27,12,2015,15,1,3,9,,4,0,,1,1,1,0,4,2,2,5,0,0,0,0,true,,false,false,false,false,false,,,,,,false,true,false,,,false,false,false,false,false,-83.24734,42.35011,"{
  ""coordinates"": [
    -8.324733398300000e+01,
    4.235010793900010e+01
  ],
  ""type"": ""Point""
}","{
  ""coordinates"": [
    -83.247333983,
    42.350107939
  ],
  ""type"": ""Point""
}",-83.247333983,42.3501079390001
213,9469113,MT ELLIOTT,CHARLEVOIX,2015-12-27,27,12,2015,15,1,97,9,,4,0,,1,1,1,35,4,2,5,5,0,0,0,0,true,,false,false,false,false,false,,,,,,false,false,true,,,false,false,false,false,false,-83.01879,42.35703,"{
  ""coordinates"": [
    -8.301878881700000e+01,
    4.235703181800010e+01
  ],
  ""type"": ""Point""
}","{
  ""coordinates"": [
    -83.018788817,
    42.357031818
  ],
  ""type"": ""Point""
}",-83.018788817,42.3570318180001
214,9469124,TIREMAN,IRONWOOD,2015-12-27,27,12,2015,2,1,5,9,,4,3,,2,4,4,25,4,2,1,5,0,0,0,0,true,,false,false,false,false,false,,,,,,false,false,true,,,false,false,false,false,false,-83.12131,42.35234,"{
  ""coordinates"": [
    -8.312130683800000e+01,
    4.235233674300010e+01
  ],
  ""type"": ""Point""
}","{
  ""coordinates"": [
    -83.121306838,
    42.352336743
  ],
  ""type"": ""Point""
}",-83.121306838,42.3523367430001
215,9471186,I-94,M-10,2015-12-27,27,12,2015,19,1,5,1,,1,0,,1,2,4,55,3,2,2,5,0,0,0,0,true,,false,false,false,false,false,,,,,,false,false,false,,,false,false,false,false,false,-83.07815,42.35828,"{
  ""coordinates"": [
    -8.307814570399999e+01,
    4.235828084800000e+01
  ],
  ""type"": ""Point""
}","{
  ""coordinates"": [
    -83.078145704,
    42.358280848
  ],
  ""type"": ""Point""
}",-83.078145704,42.358280848
216,9612653,HARTWELL,WADSWORTH,2015-12-27,27,12,2015,13,1,97,9,,,0,,1,1,1,25,2,2,0,5,0,0,0,0,true,,false,false,true,false,false,,,,,,false,false,false,,,false,false,false,false,false,-83.17685,42.37553,"{
  ""coordinates"": [
    -8.317684972900000e+01,
    4.237553085900000e+01
  ],
  ""type"": ""Point""
}","{
  ""coordinates"": [
    -83.176849729,
    42.375530859
  ],
  ""type"": ""Point""
}",-83.176849729,42.375530859
217,9471344,N M 10,RAMP 111D,2015-12-27,27,12,2015,3,1,5,3,,1,0,,2,1,4,55,3,2,2,4,0,0,0,1,false,,false,false,false,false,false,,,,,,false,false,false,,,false,false,false,false,false,-83.10374,42.39018,"{
  ""coordinates"": [
    -8.310374134400000e+01,
    4.239018095900010e+01
  ],
  ""type"": ""Point""
}","{
  ""coordinates"": [
    -83.103741344,
    42.390180959
  ],
  ""type"": ""Point""
}",-83.103741344,42.3901809590001
218,9469101,WOODWARD,SELDEN,2015-12-27,27,12,2015,18,1,97,3,,1,0,,1,1,4,35,2,2,3,4,0,0,0,1,false,,false,false,false,false,false,,,,,,false,true,false,,,false,false,false,false,false,-83.0594,42.34966,"{
  ""coordinates"": [
    -8.305940214500001e+01,
    4.234966382300010e+01
  ],
  ""type"": ""Point""
}","{
  ""coordinates"": [
    -83.059402145,
    42.349663823
  ],
  ""type"": ""Point""
}",-83.059402145,42.3496638230001
219,9597358,CANFIELD,TRUMBULL,2015-12-27,27,12,2015,15,1,5,9,,4,0,,2,2,1,25,2,2,5,5,0,0,0,0,true,,false,false,false,false,false,,,,,,false,false,false,,,false,false,false,false,false,-83.07642,42.34808,"{
  ""coordinates"": [
    -8.307641615400000e+01,
    4.234808026900000e+01
  ],
  ""type"": ""Point""
}","{
  ""coordinates"": [
    -83.076416154,
    42.348080269
  ],
  ""type"": ""Point""
}",-83.076416154,42.348080269
220,9475021,E I 96,LIVERNOIS/I 96 CROSSOVER,2015-12-27,27,12,2015,11,1,8,1,,1,0,,2,4,1,70,4,2,4,4,0,0,0,1,false,,false,false,false,true,false,,,,,,false,false,false,,,false,false,false,false,false,-83.1405,42.36779,"{
  ""coordinates"": [
    -8.314050209899990e+01,
    4.236779013400010e+01
  ],
  ""type"": ""Point""
}","{
  ""coordinates"": [
    -83.140502099,
    42.367790134
  ],
  ""type"": ""Point""
}",-83.1405020989999,42.3677901340001
221,9471187,I-75,DAVISON,2015-12-27,27,12,2015,21,1,1,1,,1,1,,1,2,4,70,4,1,1,5,0,0,0,0,true,,false,false,false,false,false,,,,,,false,false,true,,,false,false,false,false,false,-83.07874,42.40818,"{
  ""coordinates"": [
    -8.307874036399990e+01,
    4.240818064400000e+01
  ],
  ""type"": ""Point""
}","{
  ""coordinates"": [
    -83.078740364,
    42.408180644
  ],
  ""type"": ""Point""
}",-83.0787403639999,42.408180644
222,9469083,CHRYSLER,HOLBROOK,2015-12-27,27,12,2015,5,1,1,9,,4,1,,2,4,5,30,3,1,3,5,0,0,0,0,true,,false,false,false,false,false,,,,,,false,false,true,,,false,false,false,false,false,-83.06779,42.38694,"{
  ""coordinates"": [
    -8.306779567400000e+01,
    4.238693458000010e+01
  ],
  ""type"": ""Point""
}","{
  ""coordinates"": [
    -83.067795674,
    42.38693458
  ],
  ""type"": ""Point""
}",-83.067795674,42.3869345800001
223,9469148,WOODWARD,GRAND,2015-12-27,27,12,2015,16,1,4,3,,1,0,,2,2,1,25,2,2,4,5,0,0,0,0,true,,true,true,true,false,false,,,,,,false,true,false,,,false,false,false,false,false,-83.07327,42.37017,"{
  ""coordinates"": [
    -8.307326709400000e+01,
    4.237017604500010e+01
  ],
  ""type"": ""Point""
}","{
  ""coordinates"": [
    -83.073267094,
    42.370176045
  ],
  ""type"": ""Point""
}",-83.073267094,42.3701760450001
224,9468897,I-94,VAN DYKE,2015-12-27,27,12,2015,9,1,5,1,,1,0,,2,4,1,55,3,2,1,3,0,0,1,0,false,,false,false,false,true,false,,,,,,false,false,false,,,false,false,false,false,false,-83.02051,42.38617,"{
  ""coordinates"": [
    -8.302050821300000e+01,
    4.238616638200010e+01
  ],
  ""type"": ""Point""
}","{
  ""coordinates"": [
    -83.020508213,
    42.386166382
  ],
  ""type"": ""Point""
}",-83.020508213,42.3861663820001
225,9471343,SCHOOLCRAFT,GRANDVILLE,2015-12-27,27,12,2015,0,1,97,9,,2,0,,2,4,4,30,2,2,3,5,0,0,0,0,true,,false,false,true,false,false,,,,,,false,false,false,,,false,false,false,false,false,-83.23067,42.38639,"{
  ""coordinates"": [
    -8.323067444899991e+01,
    4.238638767900010e+01
  ],
  ""type"": ""Point""
}","{
  ""coordinates"": [
    -83.230674449,
    42.386387679
  ],
  ""type"": ""Point""
}",-83.2306744489999,42.3863876790001
226,9470413,MCNICHOLS,SNOWDEN,2015-12-27,27,12,2015,15,1,8,9,,2,3,,1,1,1,35,6,2,2,5,0,0,0,0,true,,false,false,true,false,false,,,,,,false,false,false,,,false,false,false,false,false,-83.17764,42.41659,"{
  ""coordinates"": [
    -8.317763360600000e+01,
    4.241659345500010e+01
  ],
  ""type"": ""Point""
}","{
  ""coordinates"": [
    -83.177633606,
    42.416593455
  ],
  ""type"": ""Point""
}",-83.177633606,42.4165934550001
227,9469122,CONNER,WILSHIRE,2015-12-27,27,12,2015,1,1,1,9,,4,1,,2,4,4,35,5,1,0,5,0,0,0,0,true,,false,false,true,false,false,,,,,,false,false,false,,,false,false,false,false,false,-82.99638,42.40405,"{
  ""coordinates"": [
    -8.299638544500000e+01,
    4.240404369700010e+01
  ],
  ""type"": ""Point""
}","{
  ""coordinates"": [
    -82.996385445,
    42.404043697
  ],
  ""type"": ""Point""
}",-82.996385445,42.4040436970001
228,9469118,BALDWIN,GRATIOT,2015-12-27,27,12,2015,15,1,8,9,,,0,,1,2,1,25,1,2,0,5,0,0,0,0,true,,false,false,true,false,false,,,,,,false,false,false,,,false,false,false,false,false,-83.01559,42.37646,"{
  ""coordinates"": [
    -8.301559090500000e+01,
    4.237646140000000e+01
  ],
  ""type"": ""Point""
}","{
  ""coordinates"": [
    -83.015590905,
    42.3764614
  ],
  ""type"": ""Point""
}",-83.015590905,42.3764614