ObjectId,Crash ID,Primary Road,Intersecting Road,Crash Date,Day,Month,Year,Hour,Weekday,Crash Type Code,Highway Classification Code,Community Code,Jurisdiction Code,Lane Departure Type Code,Surface Type,Road Condition,Weather Condition,Lighting Condition,Speed Limit,Lanes,Units,Occupants,Most Severe Injury,Fatal Injuries,Suspected Serious Injuries,Suspected Minor Injuries,Possible Injuries,Property Damage Only,Secondary Crash,Traffic Control,Red Light Run,Hit and Run,Alcohol,Drugs,Unbelted Person,Work Zone,Speeding Driver,Distracted Driver,Driveway,Pedestrian,Elderly Driver,Young Driver,Commercial Vehicle,Emergency Vehicles,Train,School Bus,Motorcycle,Bicycle,Deer,Longitude,Latitude,geom,geog,x,y
229,9470402,GRAND RIVER,LOTHROP,2015-12-27,27,12,2015,11,1,5,3,,1,0,,2,1,1,25,3,2,1,5,0,0,0,0,true,,false,false,false,false,false,,,,,,false,false,false,,,false,false,false,false,false,-83.11116,42.35751,"{
  ""coordinates"": [
    -8.311115779399999e+01,
    4.235750526300010e+01
  ],
  ""type"": ""Point""
}","{
  ""coordinates"": [
    -83.111157794,
    42.357505263
  ],
  ""type"": ""Point""
}",-83.111157794,42.3575052630001
230,9471304,HACKETT,MANSFIELD,2015-12-27,27,12,2015,7,1,2,9,,,2,,1,1,5,25,1,2,2,4,0,0,0,2,false,,false,false,false,false,false,,,,,,false,true,false,,,false,false,false,false,false,-83.20504,42.39812,"{
  ""coordinates"": [
    -8.320503759000000e+01,
    4.239811836300000e+01
  ],
  ""type"": ""Point""
}","{
  ""coordinates"": [
    -83.20503759,
    42.398118363
  ],
  ""type"": ""Point""
}",-83.20503759,42.398118363
231,9472197,WOODWARD,ERSKINE,2015-12-27,27,12,2015,19,1,97,3,,1,0,,1,1,5,30,3,2,1,4,0,0,0,1,false,,false,false,true,false,false,,,,,,false,true,false,,,false,false,false,false,false,-83.05669,42.34563,"{
  ""coordinates"": [
    -8.305669774300000e+01,
    4.234563128100010e+01
  ],
  ""type"": ""Point""
}","{
  ""coordinates"": [
    -83.056697743,
    42.345631281
  ],
  ""type"": ""Point""
}",-83.056697743,42.3456312810001
232,9468876,WHITTIER,W I 94,2015-12-27,27,12,2015,1,1,1,1,,4,1,,2,4,5,30,2,1,1,3,0,0,1,0,false,,false,false,false,true,false,,,,,,false,false,false,,,false,false,false,false,false,-82.94334,42.41291,"{
  ""coordinates"": [
    -8.294333294400001e+01,
    4.241291114200000e+01
  ],
  ""type"": ""Point""
}","{
  ""coordinates"": [
    -82.943332944,
    42.412911142
  ],
  ""type"": ""Point""
}",-82.943332944,42.412911142
233,9474014,BURGESS,ORCHARD,2015-12-27,27,12,2015,11,1,8,9,,,0,,1,1,1,25,1,2,0,5,0,0,0,0,true,,false,false,true,false,false,,,,,,false,false,false,,,false,false,false,false,false,-83.25529,42.41798,"{
  ""coordinates"": [
    -8.325529161799990e+01,
    4.241798529700000e+01
  ],
  ""type"": ""Point""
}","{
  ""coordinates"": [
    -83.255291618,
    42.417985297
  ],
  ""type"": ""Point""
}",-83.2552916179999,42.417985297
234,9470389,GRAND,OAKLAND,2015-12-27,27,12,2015,1,1,1,9,,4,0,,2,4,2,30,3,2,0,4,0,0,0,1,false,,false,false,true,false,false,,,,,,true,false,false,,,false,false,false,false,false,-83.06467,42.37336,"{
  ""coordinates"": [
    -8.306467784400000e+01,
    4.237336204500010e+01
  ],
  ""type"": ""Point""
}","{
  ""coordinates"": [
    -83.064677844,
    42.373362045
  ],
  ""type"": ""Point""
}",-83.064677844,42.3733620450001
235,9477141,WB I94,ROSAPARKS,2015-12-27,27,12,2015,17,1,5,1,,1,0,,1,2,1,55,3,2,3,5,0,0,0,0,true,,false,false,false,false,false,,,,,,false,false,true,,,false,false,false,false,false,-83.08348,42.35516,"{
  ""coordinates"": [
    -8.308348076300000e+01,
    4.235515510100000e+01
  ],
  ""type"": ""Point""
}","{
  ""coordinates"": [
    -83.083480763,
    42.355155101
  ],
  ""type"": ""Point""
}",-83.083480763,42.355155101
236,9471310,LIVERNOIS,EDWARD,2015-12-27,27,12,2015,22,1,3,9,,7,0,,1,1,4,35,4,2,2,5,0,0,0,0,true,,false,false,false,false,false,,,,,,false,false,true,,,false,false,false,false,false,-83.13985,42.3678,"{
  ""coordinates"": [
    -8.313984657500001e+01,
    4.236780106600000e+01
  ],
  ""type"": ""Point""
}","{
  ""coordinates"": [
    -83.139846575,
    42.367801066
  ],
  ""type"": ""Point""
}",-83.139846575,42.367801066
237,9474059,JOY,ASHTON,2015-12-27,27,12,2015,11,1,4,9,,2,0,,2,4,1,30,4,2,2,5,0,0,0,0,true,,false,false,false,false,false,,,,,,false,true,true,,,false,false,false,false,false,-83.21766,42.35783,"{
  ""coordinates"": [
    -8.321766069499991e+01,
    4.235782544800000e+01
  ],
  ""type"": ""Point""
}","{
  ""coordinates"": [
    -83.217660695,
    42.357825448
  ],
  ""type"": ""Point""
}",-83.2176606949999,42.357825448
238,9471292,MICHIGAN,TRENTON,2015-12-27,27,12,2015,7,1,1,2,,1,1,,2,2,4,30,5,1,1,5,0,0,0,0,true,,false,false,false,false,false,,,,,,false,false,true,,,false,false,false,false,false,-83.1474,42.33001,"{
  ""coordinates"": [
    -8.314739819800000e+01,
    4.233000590400010e+01
  ],
  ""type"": ""Point""
}","{
  ""coordinates"": [
    -83.147398198,
    42.330005904
  ],
  ""type"": ""Point""
}",-83.147398198,42.3300059040001
239,9474060,GRAND RIVER,GRANDVILLE,2015-12-27,27,12,2015,14,1,5,3,,1,0,,1,1,1,35,4,2,3,4,0,0,0,2,false,,false,false,false,false,false,,,,,,false,false,true,,,false,false,false,false,false,-83.23151,42.40602,"{
  ""coordinates"": [
    -8.323151229500000e+01,
    4.240601740200000e+01
  ],
  ""type"": ""Point""
}","{
  ""coordinates"": [
    -83.231512295,
    42.406017402
  ],
  ""type"": ""Point""
}",-83.231512295,42.406017402
240,9471145,RAMP 008P,M-39,2015-12-27,27,12,2015,12,1,1,1,,1,1,,2,2,1,55,1,1,1,4,0,0,0,1,false,,false,false,false,false,false,,,,,,false,false,true,,,false,false,false,false,false,-83.21715,42.37716,"{
  ""coordinates"": [
    -8.321714897100000e+01,
    4.237716382600010e+01
  ],
  ""type"": ""Point""
}","{
  ""coordinates"": [
    -83.217148971,
    42.377163826
  ],
  ""type"": ""Point""
}",-83.217148971,42.3771638260001
241,9468896,I-75,8 MILE,2015-12-27,27,12,2015,0,1,5,1,,1,0,,2,4,4,70,3,3,1,5,0,0,0,0,true,,false,false,true,false,false,,,,,,false,false,true,,,false,false,false,false,false,-83.09465,42.44597,"{
  ""coordinates"": [
    -8.309465165500001e+01,
    4.244596956400010e+01
  ],
  ""type"": ""Point""
}","{
  ""coordinates"": [
    -83.094651655,
    42.445969564
  ],
  ""type"": ""Point""
}",-83.094651655,42.4459695640001
242,9471139,M-39,CURTIS,2015-12-27,27,12,2015,23,1,1,3,,1,1,,1,1,4,55,3,1,1,5,0,0,0,0,true,,false,false,false,false,false,,,,,,false,false,true,,,false,false,false,false,false,-83.21909,42.42141,"{
  ""coordinates"": [
    -8.321908334100000e+01,
    4.242140486800000e+01
  ],
  ""type"": ""Point""
}","{
  ""coordinates"": [
    -83.219083341,
    42.421404868
  ],
  ""type"": ""Point""
}",-83.219083341,42.421404868
243,9469079,CADIEUX,WARREN,2015-12-27,27,12,2015,20,1,4,9,,4,0,,1,1,4,30,5,2,5,4,0,0,0,1,false,,true,true,false,false,false,,,,,,false,false,false,,,false,false,false,false,false,-82.92982,42.40607,"{
  ""coordinates"": [
    -8.292982057099989e+01,
    4.240607307700000e+01
  ],
  ""type"": ""Point""
}","{
  ""coordinates"": [
    -82.929820571,
    42.406073077
  ],
  ""type"": ""Point""
}",-82.9298205709999,42.406073077
244,9469109,CHALMERS,FRANKFORT,2015-12-27,27,12,2015,7,1,8,9,,4,0,,2,4,1,30,2,2,0,5,0,0,0,0,true,,false,false,true,false,false,,,,,,false,false,false,,,false,false,false,false,false,-82.95988,42.39708,"{
  ""coordinates"": [
    -8.295987321099990e+01,
    4.239707782400010e+01
  ],
  ""type"": ""Point""
}","{
  ""coordinates"": [
    -82.959873211,
    42.397077824
  ],
  ""type"": ""Point""
}",-82.9598732109999,42.3970778240001
245,9597936,GREENFIELD,ARTHUR,2015-12-27,27,12,2015,18,1,4,9,,2,0,,1,2,4,35,5,2,2,5,0,0,0,0,true,,false,false,false,false,false,,,,,,false,false,true,,,false,false,false,false,false,-83.19614,42.34005,"{
  ""coordinates"": [
    -8.319613337100000e+01,
    4.234004917400010e+01
  ],
  ""type"": ""Point""
}","{
  ""coordinates"": [
    -83.196133371,
    42.340049174
  ],
  ""type"": ""Point""
}",-83.196133371,42.3400491740001
246,9604914,7 MILE,STOUT,2015-12-27,27,12,2015,2,1,8,9,,2,0,,2,4,4,30,6,2,3,5,0,0,0,0,true,,false,false,false,false,false,,,,,,false,false,true,,,false,false,false,false,false,-83.2428,42.42948,"{
  ""coordinates"": [
    -8.324279706999990e+01,
    4.242947797100000e+01
  ],
  ""type"": ""Point""
}","{
  ""coordinates"": [
    -83.24279707,
    42.429477971
  ],
  ""type"": ""Point""
}",-83.2427970699999,42.429477971
247,9591102,I 94,GRATIOT,2015-12-27,27,12,2015,11,1,8,1,,1,0,,2,2,1,55,3,4,6,3,0,0,2,1,false,,false,false,false,false,false,,,,,,false,true,false,,,false,false,false,false,false,-83.008,42.39103,"{
  ""coordinates"": [
    -8.300799365200000e+01,
    4.239103328500000e+01
  ],
  ""type"": ""Point""
}","{
  ""coordinates"": [
    -83.007993652,
    42.391033285
  ],
  ""type"": ""Point""
}",-83.007993652,42.391033285
248,9471146,I-75,NEVADA,2015-12-27,27,12,2015,14,1,1,1,,1,1,,1,2,1,70,4,1,3,4,0,0,0,1,false,,false,false,false,false,false,,,,,,false,false,false,,,false,false,false,false,false,-83.09252,42.42365,"{
  ""coordinates"": [
    -8.309252037300000e+01,
    4.242364947300010e+01
  ],
  ""type"": ""Point""
}","{
  ""coordinates"": [
    -83.092520373,
    42.423649473
  ],
  ""type"": ""Point""
}",-83.092520373,42.4236494730001
249,9471290,BRUSH,MONROE,2015-12-27,27,12,2015,0,1,97,9,,4,0,,2,4,4,25,1,2,1,5,0,0,0,0,true,,false,false,true,false,false,,,,,,false,false,false,,,false,false,false,false,false,-83.0437,42.33442,"{
  ""coordinates"": [
    -8.304370066500000e+01,
    4.233441684500010e+01
  ],
  ""type"": ""Point""
}","{
  ""coordinates"": [
    -83.043700665,
    42.334416845
  ],
  ""type"": ""Point""
}",-83.043700665,42.3344168450001
250,9471318,DAVISON,DEXTER,2015-12-27,27,12,2015,2,1,8,3,,1,0,,2,4,4,0,2,2,2,5,0,0,0,0,true,,false,false,true,false,false,,,,,,false,false,true,,,false,false,false,false,false,-83.13081,42.38976,"{
  ""coordinates"": [
    -8.313081147400000e+01,
    4.238976101900000e+01
  ],
  ""type"": ""Point""
}","{
  ""coordinates"": [
    -83.130811474,
    42.389761019
  ],
  ""type"": ""Point""
}",-83.130811474,42.389761019
251,9471286,SOMERSET,MUNICH,2015-12-27,27,12,2015,19,1,97,9,,,0,,1,1,4,25,1,2,0,5,0,0,0,0,true,,false,false,true,false,false,,,,,,false,false,false,,,false,false,false,false,false,-82.94547,42.39592,"{
  ""coordinates"": [
    -8.294546308299989e+01,
    4.239592200600000e+01
  ],
  ""type"": ""Point""
}","{
  ""coordinates"": [
    -82.945463083,
    42.395922006
  ],
  ""type"": ""Point""
}",-82.9454630829999,42.395922006
252,9468877,I 94,WOODWARD,2015-12-27,27,12,2015,6,1,97,1,,1,0,,2,4,5,55,3,4,6,4,0,0,0,2,false,,false,false,false,false,false,,,,,,false,false,true,,,false,false,false,false,false,-83.0683,42.36406,"{
  ""coordinates"": [
    -8.306830210399990e+01,
    4.236405878000010e+01
  ],
  ""type"": ""Point""
}","{
  ""coordinates"": [
    -83.068302104,
    42.36405878
  ],
  ""type"": ""Point""
}",-83.0683021039999,42.3640587800001
253,9468902,M10,DAVISON,2015-12-26,26,12,2015,23,7,5,3,,1,0,,2,4,4,55,3,2,2,5,0,0,0,0,true,,false,false,false,false,false,,,,,,false,false,false,,,false,false,false,false,false,-83.11176,42.39892,"{
  ""coordinates"": [
    -8.311175603899990e+01,
    4.239892276800000e+01
  ],
  ""type"": ""Point""
}","{
  ""coordinates"": [
    -83.111756039,
    42.398922768
  ],
  ""type"": ""Point""
}",-83.1117560389999,42.398922768
254,9471298,SOUTHFIELD SERVICE DRIVE,CHICAGO,2015-12-26,26,12,2015,22,7,97,9,,4,0,,2,4,4,30,2,2,0,5,0,0,0,0,true,,false,false,true,false,false,,,,,,false,false,false,,,false,false,false,false,false,-83.21613,42.36545,"{
  ""coordinates"": [
    -8.321612997800000e+01,
    4.236544822400000e+01
  ],
  ""type"": ""Point""
}","{
  ""coordinates"": [
    -83.216129978,
    42.365448224
  ],
  ""type"": ""Point""
}",-83.216129978,42.365448224
255,9469114,8 MILE,BURT,2015-12-26,26,12,2015,4,7,97,3,,1,1,,1,1,4,40,1,1,0,5,0,0,0,0,true,,false,false,false,false,false,,,,,,false,false,false,,,false,false,false,false,false,-83.24911,42.44349,"{
  ""coordinates"": [
    -8.324910602999999e+01,
    4.244348877300010e+01
  ],
  ""type"": ""Point""
}","{
  ""coordinates"": [
    -83.24910603,
    42.443488773
  ],
  ""type"": ""Point""
}",-83.24910603,42.4434887730001
256,9469123,LIVERNOIS,DAVISON,2015-12-26,26,12,2015,2,7,3,3,,4,0,,1,1,4,30,9,2,3,3,0,0,2,0,false,,false,false,true,false,false,,,,,,false,false,false,,,false,false,false,false,false,-83.13953,42.38649,"{
  ""coordinates"": [
    -8.313953198300000e+01,
    4.238649114300010e+01
  ],
  ""type"": ""Point""
}","{
  ""coordinates"": [
    -83.139531983,
    42.386491143
  ],
  ""type"": ""Point""
}",-83.139531983,42.3864911430001
257,9593278,EIGHT MILE,LAHSER,2015-12-26,26,12,2015,9,7,1,3,,1,0,,1,1,1,35,3,2,1,4,0,0,0,1,false,,false,false,true,false,false,,,,,,true,false,false,,,false,false,false,false,false,-83.25888,42.44323,"{
  ""coordinates"": [
    -8.325888218900000e+01,
    4.244323218500010e+01
  ],
  ""type"": ""Point""
}","{
  ""coordinates"": [
    -83.258882189,
    42.443232185
  ],
  ""type"": ""Point""
}",-83.258882189,42.4432321850001
258,9474079,CHANDLER PARK,CHALMERS,2015-12-26,26,12,2015,14,7,3,9,,2,0,,1,1,1,30,4,2,1,5,0,0,0,0,true,,false,false,true,false,false,,,,,,false,false,false,,,false,false,false,false,false,-82.96197,42.40032,"{
  ""coordinates"": [
    -8.296196915199990e+01,
    4.240031962400010e+01
  ],
  ""type"": ""Point""
}","{
  ""coordinates"": [
    -82.961969152,
    42.400319624
  ],
  ""type"": ""Point""
}",-82.9619691519999,42.4003196240001
259,9469128,TALBOT,CALDWELL,2015-12-26,26,12,2015,23,7,9,9,,,2,,2,4,4,25,2,2,1,5,0,0,0,0,true,,false,false,true,false,false,,,,,,false,false,false,,,false,false,false,false,false,-83.04594,42.40863,"{
  ""coordinates"": [
    -8.304593974900000e+01,
    4.240862717700000e+01
  ],
  ""type"": ""Point""
}","{
  ""coordinates"": [
    -83.045939749,
    42.408627177
  ],
  ""type"": ""Point""
}",-83.045939749,42.408627177
260,9472890,8 MILE,ANNCHESTER,2015-12-26,26,12,2015,18,7,8,3,,1,0,,2,4,4,45,6,2,3,5,0,0,0,0,true,,false,false,false,false,false,,,,,,false,false,true,,,false,false,false,false,false,-83.23573,42.44383,"{
  ""coordinates"": [
    -8.323573488300001e+01,
    4.244383011100010e+01
  ],
  ""type"": ""Point""
}","{
  ""coordinates"": [
    -83.235734883,
    42.443830111
  ],
  ""type"": ""Point""
}",-83.235734883,42.4438301110001
261,9468874,I 75,SPRINGWELLS,2015-12-26,26,12,2015,22,7,8,1,,1,0,,2,4,4,70,4,2,2,5,0,0,0,0,true,,false,false,false,false,false,,,,,,false,false,true,,,false,false,false,false,false,-83.12587,42.29605,"{
  ""coordinates"": [
    -8.312587267000001e+01,
    4.229604580100000e+01
  ],
  ""type"": ""Point""
}","{
  ""coordinates"": [
    -83.12587267,
    42.296045801
  ],
  ""type"": ""Point""
}",-83.12587267,42.296045801
262,9591284,DEVONSHIRE,WAVENEY,2015-12-26,26,12,2015,20,7,5,9,,,3,,2,2,4,25,1,2,0,5,0,0,0,0,true,,false,false,true,false,false,,,,,,false,false,false,,,false,false,false,false,false,-82.93851,42.39645,"{
  ""coordinates"": [
    -8.293850582899999e+01,
    4.239645034000010e+01
  ],
  ""type"": ""Point""
}","{
  ""coordinates"": [
    -82.938505829,
    42.39645034
  ],
  ""type"": ""Point""
}",-82.938505829,42.3964503400001
263,9469076,DAVISON,MOUND,2015-12-26,26,12,2015,7,7,97,9,,4,0,,1,1,3,35,3,1,2,5,0,0,0,0,true,,false,false,false,false,false,,,,,,false,false,true,,,false,false,false,false,false,-83.04272,42.42265,"{
  ""coordinates"": [
    -8.304272750500000e+01,
    4.242264619300000e+01
  ],
  ""type"": ""Point""
}","{
  ""coordinates"": [
    -83.042727505,
    42.422646193
  ],
  ""type"": ""Point""
}",-83.042727505,42.422646193
264,9469144,MACK,S I 75 SERVICE DRIVE,2015-12-26,26,12,2015,21,7,8,9,,4,0,,2,4,4,30,3,2,5,5,0,0,0,0,true,,false,false,false,false,false,,,,,,false,false,true,,,false,false,false,false,false,-83.04861,42.35108,"{
  ""coordinates"": [
    -8.304860749700001e+01,
    4.235108083900010e+01
  ],
  ""type"": ""Point""
}","{
  ""coordinates"": [
    -83.048607497,
    42.351080839
  ],
  ""type"": ""Point""
}",-83.048607497,42.3510808390001
265,9468923,RAMP 138A,E I 96 CD,2015-12-26,26,12,2015,1,7,8,1,,1,0,,1,1,4,45,1,2,1,5,0,0,0,0,true,,false,false,true,false,false,,,,,,false,false,false,,,false,false,false,false,false,-83.16245,42.3849,"{
  ""coordinates"": [
    -8.316245392899999e+01,
    4.238489558300010e+01
  ],
  ""type"": ""Point""
}","{
  ""coordinates"": [
    -83.162453929,
    42.384895583
  ],
  ""type"": ""Point""
}",-83.162453929,42.3848955830001
266,9468924,N M 39,I 96 SERVICE DRIVE,2015-12-26,26,12,2015,20,7,5,3,,1,0,,2,4,4,55,3,2,2,5,0,0,0,0,true,,false,false,false,false,false,,,,,,false,false,true,,,false,false,false,false,false,-83.21683,42.37759,"{
  ""coordinates"": [
    -8.321682811700001e+01,
    4.237759311200010e+01
  ],
  ""type"": ""Point""
}","{
  ""coordinates"": [
    -83.216828117,
    42.377593112
  ],
  ""type"": ""Point""
}",-83.216828117,42.3775931120001
267,9470416,GREENFIELD,SCHOOLCRAFT,2015-12-26,26,12,2015,18,7,5,9,,2,0,,2,4,4,35,5,2,3,5,0,0,0,0,true,,false,false,true,false,false,,,,,,false,false,false,,,false,false,false,false,false,-83.19817,42.38708,"{
  ""coordinates"": [
    -8.319816299400000e+01,
    4.238707973900010e+01
  ],
  ""type"": ""Point""
}","{
  ""coordinates"": [
    -83.198162994,
    42.387079739
  ],
  ""type"": ""Point""
}",-83.198162994,42.3870797390001
268,9471185,N/B I 75,SPRINGWELLS,2015-12-26,26,12,2015,21,7,5,1,,1,0,,2,4,5,55,4,4,5,3,0,0,1,0,false,,false,false,false,false,false,,,,,,false,false,true,,,false,false,false,false,false,-83.11761,42.30199,"{
  ""coordinates"": [
    -8.311760656400000e+01,
    4.230198619700010e+01
  ],
  ""type"": ""Point""
}","{
  ""coordinates"": [
    -83.117606564,
    42.301986197
  ],
  ""type"": ""Point""
}",-83.117606564,42.3019861970001
269,9471321,JEFFERSON,RANDOLPH,2015-12-26,26,12,2015,18,7,4,4,,1,0,,2,4,4,35,3,2,4,4,0,0,0,1,false,,false,false,false,false,false,,,,,,false,false,true,,,false,false,false,false,false,-83.04184,42.32965,"{
  ""coordinates"": [
    -8.304183715399989e+01,
    4.232965395700010e+01
  ],
  ""type"": ""Point""
}","{
  ""coordinates"": [
    -83.041837154,
    42.329653957
  ],
  ""type"": ""Point""
}",-83.0418371539999,42.3296539570001
270,9469078,SAINT MARYS,GROVE,2015-12-26,26,12,2015,21,7,8,9,,,0,,2,4,4,25,4,2,2,5,0,0,0,0,true,,false,false,false,false,false,,,,,,false,false,true,,,false,false,false,false,false,-83.2068,42.41412,"{
  ""coordinates"": [
    -8.320680455199989e+01,
    4.241411992700010e+01
  ],
  ""type"": ""Point""
}","{
  ""coordinates"": [
    -83.206804552,
    42.414119927
  ],
  ""type"": ""Point""
}",-83.2068045519999,42.4141199270001
271,9469137,CURTIS,APPOLINE,2015-12-26,26,12,2015,15,7,4,9,,4,0,,1,2,1,25,2,2,1,5,0,0,0,0,true,,true,false,false,false,false,,,,,,false,true,false,,,false,false,false,false,false,-83.17154,42.42398,"{
  ""coordinates"": [
    -8.317154282900000e+01,
    4.242397645800000e+01
  ],
  ""type"": ""Point""
}","{
  ""coordinates"": [
    -83.171542829,
    42.423976458
  ],
  ""type"": ""Point""
}",-83.171542829,42.423976458
272,9472908,8 MILE,LAHSER,2015-12-26,26,12,2015,20,7,97,3,,1,0,,2,4,4,45,6,3,3,4,0,0,0,1,false,,false,false,false,false,false,,,,,,false,false,true,,,false,false,false,false,false,-83.25652,42.44329,"{
  ""coordinates"": [
    -8.325651493399990e+01,
    4.244329394900010e+01
  ],
  ""type"": ""Point""
}","{
  ""coordinates"": [
    -83.256514934,
    42.443293949
  ],
  ""type"": ""Point""
}",-83.2565149339999,42.4432939490001
273,9469081,LAHSER,FENKELL,2015-12-26,26,12,2015,1,7,5,9,,2,0,,1,1,1,35,5,2,2,5,0,0,0,0,true,,false,false,false,false,false,,,,,,false,false,true,,,false,false,false,false,false,-83.25683,42.40029,"{
  ""coordinates"": [
    -8.325682455399991e+01,
    4.240028786700000e+01
  ],
  ""type"": ""Point""
}","{
  ""coordinates"": [
    -83.256824554,
    42.400287867
  ],
  ""type"": ""Point""
}",-83.2568245539999,42.400287867
274,9477140,I94 WB,WARREN,2015-12-26,26,12,2015,18,7,97,1,,1,0,,2,4,4,55,3,2,5,4,0,0,0,1,false,,false,false,false,false,false,,,,,,false,true,true,,,false,false,false,false,false,-83.1121,42.34573,"{
  ""coordinates"": [
    -8.311209756100000e+01,
    4.234573497300000e+01
  ],
  ""type"": ""Point""
}","{
  ""coordinates"": [
    -83.112097561,
    42.345734973
  ],
  ""type"": ""Point""
}",-83.112097561,42.345734973
275,9469085,8 MILE,REX,2015-12-26,26,12,2015,15,7,4,3,,1,0,,1,1,1,35,4,2,1,5,0,0,0,0,true,,true,true,true,false,false,,,,,,false,false,true,,,false,false,false,false,false,-82.95863,42.45001,"{
  ""coordinates"": [
    -8.295863703200000e+01,
    4.245001184500010e+01
  ],
  ""type"": ""Point""
}","{
  ""coordinates"": [
    -82.958637032,
    42.450011845
  ],
  ""type"": ""Point""
}",-82.958637032,42.4500118450001
276,9470403,SCHOOL CRAFT,PENROD,2015-12-26,26,12,2015,17,7,4,9,,2,0,,2,4,4,35,2,2,5,4,0,0,0,1,false,,true,false,false,false,false,,,,,,false,false,true,,,false,false,false,false,false,-83.22102,42.38661,"{
  ""coordinates"": [
    -8.322101676599991e+01,
    4.238660701800010e+01
  ],
  ""type"": ""Point""
}","{
  ""coordinates"": [
    -83.221016766,
    42.386607018
  ],
  ""type"": ""Point""
}",-83.2210167659999,42.3866070180001
277,9468882,RAMP 122E,N M 10,2015-12-26,26,12,2015,16,7,1,3,,1,1,,2,4,3,55,1,1,1,5,0,0,0,0,true,,false,false,false,false,false,,,,,,false,true,false,,,false,false,false,false,false,-83.06302,42.33377,"{
  ""coordinates"": [
    -8.306301895000000e+01,
    4.233376961300010e+01
  ],
  ""type"": ""Point""
}","{
  ""coordinates"": [
    -83.06301895,
    42.333769613
  ],
  ""type"": ""Point""
}",-83.06301895,42.3337696130001
278,9468868,RAMP 215B,LODGE,2015-12-26,26,12,2015,3,7,1,1,,1,1,,1,2,4,55,1,1,2,5,0,0,0,0,true,,false,false,false,false,false,,,,,,false,false,false,,,false,false,false,false,false,-83.07712,42.36029,"{
  ""coordinates"": [
    -8.307711675099991e+01,
    4.236029038700010e+01
  ],
  ""type"": ""Point""
}","{
  ""coordinates"": [
    -83.077116751,
    42.360290387
  ],
  ""type"": ""Point""
}",-83.0771167509999,42.3602903870001
279,9470415,SOUTHFIELD SERVICE DRIVE,GRAND RIVER,2015-12-26,26,12,2015,14,7,5,3,,4,0,,1,1,1,35,5,2,3,4,0,0,0,1,false,,false,false,true,false,false,,,,,,false,false,false,,,false,false,false,false,false,-83.21859,42.40082,"{
  ""coordinates"": [
    -8.321858780500000e+01,
    4.240082126400010e+01
  ],
  ""type"": ""Point""
}","{
  ""coordinates"": [
    -83.218587805,
    42.400821264
  ],
  ""type"": ""Point""
}",-83.218587805,42.4008212640001
280,9469119,GREINER,STRASBURG,2015-12-26,26,12,2015,5,7,4,9,,4,0,,1,1,4,25,4,2,5,3,0,0,1,1,false,,false,false,false,false,false,,,,,,false,false,false,,,false,false,false,false,false,-82.99823,42.42736,"{
  ""coordinates"": [
    -8.299823110100000e+01,
    4.242736275800010e+01
  ],
  ""type"": ""Point""
}","{
  ""coordinates"": [
    -82.998231101,
    42.427362758
  ],
  ""type"": ""Point""
}",-82.998231101,42.4273627580001
281,9468925,I-94,CONNER,2015-12-26,26,12,2015,23,7,1,1,,1,1,,2,4,4,55,3,1,1,5,0,0,0,0,true,,false,false,false,false,false,,,,,,false,false,true,,,false,false,false,false,false,-82.9889,42.39559,"{
  ""coordinates"": [
    -8.298890182100000e+01,
    4.239559146300010e+01
  ],
  ""type"": ""Point""
}","{
  ""coordinates"": [
    -82.988901821,
    42.395591463
  ],
  ""type"": ""Point""
}",-82.988901821,42.3955914630001
282,9469116,KELLY,CORAM,2015-12-26,26,12,2015,16,7,1,9,,2,0,,2,4,4,30,3,2,2,1,1,0,0,0,false,,false,false,false,false,false,,,,,,true,false,false,,,false,false,false,false,false,-82.95039,42.43822,"{
  ""coordinates"": [
    -8.295039277099990e+01,
    4.243822648200010e+01
  ],
  ""type"": ""Point""
}","{
  ""coordinates"": [
    -82.950392771,
    42.438226482
  ],
  ""type"": ""Point""
}",-82.9503927709999,42.4382264820001
283,9471144,I-94,CADIEUX,2015-12-26,26,12,2015,19,7,8,1,,1,0,,2,4,4,55,3,2,2,5,0,0,0,0,true,,false,false,false,false,false,,,,,,false,true,true,,,false,false,false,false,false,-82.9357,42.41812,"{
  ""coordinates"": [
    -8.293569615199991e+01,
    4.241811848900010e+01
  ],
  ""type"": ""Point""
}","{
  ""coordinates"": [
    -82.935696152,
    42.418118489
  ],
  ""type"": ""Point""
}",-82.9356961519999,42.4181184890001
284,9471138,I 94,CASS,2015-12-26,26,12,2015,17,7,1,1,,1,1,,2,3,4,55,3,1,4,4,0,0,0,2,false,,false,false,false,false,false,,,,,,false,false,true,,,false,false,false,false,false,-83.07191,42.36182,"{
  ""coordinates"": [
    -8.307191520200000e+01,
    4.236181666900010e+01
  ],
  ""type"": ""Point""
}","{
  ""coordinates"": [
    -83.071915202,
    42.361816669
  ],
  ""type"": ""Point""
}",-83.071915202,42.3618166690001
285,9469120,SCHOENHERR,7 MILE,2015-12-26,26,12,2015,0,7,4,9,,4,0,,1,1,4,30,4,2,4,5,0,0,0,0,true,,true,true,false,false,false,,,,,,false,false,false,,,false,false,false,false,false,-82.98512,42.43492,"{
  ""coordinates"": [
    -8.298511611299990e+01,
    4.243491567400010e+01
  ],
  ""type"": ""Point""
}","{
  ""coordinates"": [
    -82.985116113,
    42.434915674
  ],
  ""type"": ""Point""
}",-82.9851161129999,42.4349156740001