ObjectId,Crash ID,Primary Road,Intersecting Road,Crash Date,Day,Month,Year,Hour,Weekday,Crash Type Code,Highway Classification Code,Community Code,Jurisdiction Code,Lane Departure Type Code,Surface Type,Road Condition,Weather Condition,Lighting Condition,Speed Limit,Lanes,Units,Occupants,Most Severe Injury,Fatal Injuries,Suspected Serious Injuries,Suspected Minor Injuries,Possible Injuries,Property Damage Only,Secondary Crash,Traffic Control,Red Light Run,Hit and Run,Alcohol,Drugs,Unbelted Person,Work Zone,Speeding Driver,Distracted Driver,Driveway,Pedestrian,Elderly Driver,Young Driver,Commercial Vehicle,Emergency Vehicles,Train,School Bus,Motorcycle,Bicycle,Deer,Longitude,Latitude,geom,geog,x,y
343,9468942,S/B M-39,JOY,2015-12-24,24,12,2015,14,5,5,3,,1,0,,1,1,1,55,3,2,2,5,0,0,0,0,true,,false,false,false,false,false,,,,,,false,false,false,,,false,false,false,false,false,-83.21652,42.35639,"{
  ""coordinates"": [
    -8.321651888199990e+01,
    4.235639356800000e+01
  ],
  ""type"": ""Point""
}","{
  ""coordinates"": [
    -83.216518882,
    42.356393568
  ],
  ""type"": ""Point""
}",-83.2165188819999,42.356393568
344,9471320,JEFFERSON,WOODWARD,2015-12-24,24,12,2015,20,5,5,3,,1,0,,1,1,4,35,4,3,1,2,0,1,0,0,false,,false,false,false,false,false,,,,,,false,true,false,,,false,false,false,false,false,-83.04416,42.32902,"{
  ""coordinates"": [
    -8.304415967499990e+01,
    4.232902167300010e+01
  ],
  ""type"": ""Point""
}","{
  ""coordinates"": [
    -83.044159675,
    42.329021673
  ],
  ""type"": ""Point""
}",-83.0441596749999,42.3290216730001
345,9467819,DAVIDSON,DALE,2015-12-24,24,12,2015,20,5,4,3,,1,0,,1,1,4,25,8,2,4,4,0,0,0,1,false,,false,false,false,false,false,,,,,,false,false,true,,,false,false,false,false,false,-83.11866,42.39426,"{
  ""coordinates"": [
    -8.311865949600001e+01,
    4.239426447000010e+01
  ],
  ""type"": ""Point""
}","{
  ""coordinates"": [
    -83.118659496,
    42.39426447
  ],
  ""type"": ""Point""
}",-83.118659496,42.3942644700001
346,9602804,CLARK,MICHIGAN,2015-12-24,24,12,2015,11,5,1,9,,4,1,,1,1,4,25,2,1,4,3,0,0,2,1,false,,false,false,false,false,false,,,,,,false,false,true,,,false,false,false,false,false,-83.10279,42.33049,"{
  ""coordinates"": [
    -8.310278897599990e+01,
    4.233049154400000e+01
  ],
  ""type"": ""Point""
}","{
  ""coordinates"": [
    -83.102788976,
    42.330491544
  ],
  ""type"": ""Point""
}",-83.1027889759999,42.330491544
347,9469080,WYOMING,LYNDON,2015-12-24,24,12,2015,11,5,5,9,,4,0,,1,1,1,35,4,2,5,5,0,0,0,0,true,,false,false,false,false,false,,,,,,false,true,true,,,false,false,false,false,false,-83.15934,42.39511,"{
  ""coordinates"": [
    -8.315933830700000e+01,
    4.239510739400000e+01
  ],
  ""type"": ""Point""
}","{
  ""coordinates"": [
    -83.159338307,
    42.395107394
  ],
  ""type"": ""Point""
}",-83.159338307,42.395107394
348,9467033,VAN DYKE,OUTER,2015-12-24,24,12,2015,11,5,1,3,,1,0,,1,1,1,35,5,2,1,4,0,0,0,1,false,,false,false,false,false,false,,,,,,true,false,false,,,false,false,false,false,false,-83.02445,42.4403,"{
  ""coordinates"": [
    -8.302445400300000e+01,
    4.244030474700000e+01
  ],
  ""type"": ""Point""
}","{
  ""coordinates"": [
    -83.024454003,
    42.440304747
  ],
  ""type"": ""Point""
}",-83.024454003,42.440304747
349,9467833,MOROSS,ALSTEAD,2015-12-24,24,12,2015,17,5,4,9,,2,0,,1,1,1,35,2,2,3,5,0,0,0,0,true,,false,false,false,false,false,,,,,,false,true,false,,,false,false,false,false,false,-82.92789,42.424,"{
  ""coordinates"": [
    -8.292788340500000e+01,
    4.242399576600010e+01
  ],
  ""type"": ""Point""
}","{
  ""coordinates"": [
    -82.927883405,
    42.423995766
  ],
  ""type"": ""Point""
}",-82.927883405,42.4239957660001
350,9471334,GARTNER,GREEN,2015-12-24,24,12,2015,11,5,8,9,,,0,,1,1,1,15,2,2,0,5,0,0,0,0,true,,false,false,true,false,false,,,,,,false,false,false,,,false,false,false,false,false,-83.11936,42.31116,"{
  ""coordinates"": [
    -8.311935896200001e+01,
    4.231116118600000e+01
  ],
  ""type"": ""Point""
}","{
  ""coordinates"": [
    -83.119358962,
    42.311161186
  ],
  ""type"": ""Point""
}",-83.119358962,42.311161186
351,9467813,SEVEN MILE,GREENFIELD,2015-12-24,24,12,2015,23,5,5,9,,2,0,,1,1,4,35,4,2,3,4,0,0,0,1,false,,false,false,true,false,false,,,,,,false,false,true,,,false,false,false,false,false,-83.19987,42.43042,"{
  ""coordinates"": [
    -8.319986535699999e+01,
    4.243042050400000e+01
  ],
  ""type"": ""Point""
}","{
  ""coordinates"": [
    -83.199865357,
    42.430420504
  ],
  ""type"": ""Point""
}",-83.199865357,42.430420504
352,9466871,I-375,GRATIOT,2015-12-24,24,12,2015,1,5,1,1,,1,1,,2,2,4,55,4,1,3,5,0,0,0,0,true,,false,false,false,false,false,,,,,,false,false,true,,,false,false,false,false,false,-83.04286,42.34082,"{
  ""coordinates"": [
    -8.304286316500000e+01,
    4.234081569500010e+01
  ],
  ""type"": ""Point""
}","{
  ""coordinates"": [
    -83.042863165,
    42.340815695
  ],
  ""type"": ""Point""
}",-83.042863165,42.3408156950001
353,9467059,HARVARD,FRANKFORT,2015-12-24,24,12,2015,15,5,9,9,,,0,,1,1,1,25,2,2,2,5,0,0,0,0,true,,false,false,false,false,false,,,,,,false,false,false,,,false,false,false,false,false,-82.93198,42.40737,"{
  ""coordinates"": [
    -8.293197920800000e+01,
    4.240736915100010e+01
  ],
  ""type"": ""Point""
}","{
  ""coordinates"": [
    -82.931979208,
    42.407369151
  ],
  ""type"": ""Point""
}",-82.931979208,42.4073691510001
354,9467831,GRATIOT,8 MILE,2015-12-24,24,12,2015,14,5,5,3,,1,0,,1,1,1,35,7,2,3,5,0,0,0,0,true,,false,false,false,false,false,,,,,,false,false,false,,,false,false,false,false,false,-82.96798,42.44976,"{
  ""coordinates"": [
    -8.296798158500000e+01,
    4.244975680000000e+01
  ],
  ""type"": ""Point""
}","{
  ""coordinates"": [
    -82.967981585,
    42.4497568
  ],
  ""type"": ""Point""
}",-82.967981585,42.4497568
355,9471293,KULICK,WESSON,2015-12-24,24,12,2015,16,5,4,9,,,0,,1,1,1,25,2,2,4,5,0,0,0,0,true,,false,false,false,false,false,,,,,,false,false,true,,,false,false,false,false,false,-83.1143,42.32928,"{
  ""coordinates"": [
    -8.311429503999990e+01,
    4.232927533100010e+01
  ],
  ""type"": ""Point""
}","{
  ""coordinates"": [
    -83.11429504,
    42.329275331
  ],
  ""type"": ""Point""
}",-83.1142950399999,42.3292753310001
356,9472878,PRAIRIE,MCNICHOLS,2015-12-24,24,12,2015,19,5,97,9,,,0,,1,1,4,25,1,2,1,5,0,0,0,0,true,,false,false,true,false,false,,,,,,false,false,false,,,false,false,false,false,false,-83.14516,42.41747,"{
  ""coordinates"": [
    -8.314516697600000e+01,
    4.241746548000000e+01
  ],
  ""type"": ""Point""
}","{
  ""coordinates"": [
    -83.145166976,
    42.41746548
  ],
  ""type"": ""Point""
}",-83.145166976,42.41746548
357,9469115,MCNICHOLS,MANSFIELD,2015-12-24,24,12,2015,17,5,4,9,,2,0,,2,4,1,30,4,2,2,5,0,0,0,0,true,,false,false,false,false,false,,,,,,false,true,false,,,false,false,false,false,false,-83.2058,42.41583,"{
  ""coordinates"": [
    -8.320579603100001e+01,
    4.241582746300000e+01
  ],
  ""type"": ""Point""
}","{
  ""coordinates"": [
    -83.205796031,
    42.415827463
  ],
  ""type"": ""Point""
}",-83.205796031,42.415827463
358,9468867,I-96,GREENFIELD,2015-12-24,24,12,2015,22,5,1,1,,1,1,,1,2,4,55,4,1,2,5,0,0,0,0,true,,false,false,false,false,false,,,,,,false,false,false,,,false,false,false,false,false,-83.19608,42.37924,"{
  ""coordinates"": [
    -8.319607834899990e+01,
    4.237924277500010e+01
  ],
  ""type"": ""Point""
}","{
  ""coordinates"": [
    -83.196078349,
    42.379242775
  ],
  ""type"": ""Point""
}",-83.1960783489999,42.3792427750001
359,9467038,14TH,FORD,2015-12-24,24,12,2015,10,5,4,9,,4,0,,97,98,98,25,2,2,2,5,0,0,0,0,true,,false,false,false,false,false,,,,,,false,false,true,,,false,false,false,false,false,-83.1181,42.39828,"{
  ""coordinates"": [
    -8.311809447000000e+01,
    4.239827734300010e+01
  ],
  ""type"": ""Point""
}","{
  ""coordinates"": [
    -83.11809447,
    42.398277343
  ],
  ""type"": ""Point""
}",-83.11809447,42.3982773430001
360,9467036,ILENE,7 MILE,2015-12-24,24,12,2015,4,5,8,9,,,0,,2,2,4,25,2,2,0,5,0,0,0,0,true,,false,false,true,false,false,,,,,,false,false,false,,,false,false,false,false,false,-83.16312,42.4314,"{
  ""coordinates"": [
    -8.316312128300000e+01,
    4.243140101900010e+01
  ],
  ""type"": ""Point""
}","{
  ""coordinates"": [
    -83.163121283,
    42.431401019
  ],
  ""type"": ""Point""
}",-83.163121283,42.4314010190001
361,9467039,8 MILE,STOTTER,2015-12-24,24,12,2015,0,5,5,3,,1,0,,2,4,4,45,4,2,1,5,0,0,0,0,true,,false,false,true,false,false,,,,,,false,false,false,,,false,false,false,false,false,-83.02596,42.44813,"{
  ""coordinates"": [
    -8.302595284300000e+01,
    4.244813009600010e+01
  ],
  ""type"": ""Point""
}","{
  ""coordinates"": [
    -83.025952843,
    42.448130096
  ],
  ""type"": ""Point""
}",-83.025952843,42.4481300960001
362,9467058,CONNER,FRANKFORT,2015-12-24,24,12,2015,13,5,8,9,,4,0,,1,1,1,35,7,2,2,5,0,0,0,0,true,,false,false,false,false,false,,,,,,false,false,false,,,false,false,false,false,false,-82.9781,42.38996,"{
  ""coordinates"": [
    -8.297810420300000e+01,
    4.238996297700000e+01
  ],
  ""type"": ""Point""
}","{
  ""coordinates"": [
    -82.978104203,
    42.389962977
  ],
  ""type"": ""Point""
}",-82.978104203,42.389962977
363,9469135,MARGARETA,ROBSON,2015-12-24,24,12,2015,9,5,4,9,,,0,,1,1,1,25,1,2,2,5,0,0,0,0,true,,false,false,true,false,false,,,,,,false,false,false,,,false,false,false,false,false,-83.19366,42.42698,"{
  ""coordinates"": [
    -8.319365956300000e+01,
    4.242697910600000e+01
  ],
  ""type"": ""Point""
}","{
  ""coordinates"": [
    -83.193659563,
    42.426979106
  ],
  ""type"": ""Point""
}",-83.193659563,42.426979106
364,9472198,GRATIOT,VERNOR,2015-12-24,24,12,2015,23,5,4,1,,1,0,,1,1,4,35,2,2,5,5,0,0,0,0,true,,false,false,false,false,false,,,,,,false,true,false,,,false,false,false,false,false,-83.08363,42.32512,"{
  ""coordinates"": [
    -8.308362393499991e+01,
    4.232512416200010e+01
  ],
  ""type"": ""Point""
}","{
  ""coordinates"": [
    -83.083623935,
    42.325124162
  ],
  ""type"": ""Point""
}",-83.0836239349999,42.3251241620001
365,9467836,OUTER,BUFFALO,2015-12-24,24,12,2015,21,5,8,9,,2,3,,1,1,4,35,6,2,3,4,0,0,0,1,false,,false,false,true,false,false,,,,,,false,false,false,,,false,false,false,false,false,-83.04794,42.44063,"{
  ""coordinates"": [
    -8.304794616399990e+01,
    4.244063374800000e+01
  ],
  ""type"": ""Point""
}","{
  ""coordinates"": [
    -83.047946164,
    42.440633748
  ],
  ""type"": ""Point""
}",-83.0479461639999,42.440633748
366,9467814,FORD,SOUTHFIELD SERVICE DRIVE SB,2015-12-24,24,12,2015,13,5,5,9,,,0,,1,2,1,45,4,2,4,5,0,0,0,0,true,,false,false,false,false,false,,,,,,false,false,false,,,false,false,false,false,false,-83.21797,42.42484,"{
  ""coordinates"": [
    -8.321797424600000e+01,
    4.242483851600010e+01
  ],
  ""type"": ""Point""
}","{
  ""coordinates"": [
    -83.217974246,
    42.424838516
  ],
  ""type"": ""Point""
}",-83.217974246,42.4248385160001
367,9467830,MCNICHOLS,SOUTHFIELD SERVICE DRIVE,2015-12-24,24,12,2015,15,5,7,9,,2,0,,1,1,1,35,4,2,3,5,0,0,0,0,true,,false,false,false,false,false,,,,,,false,false,false,,,false,false,false,false,false,-83.21839,42.41556,"{
  ""coordinates"": [
    -8.321838980200000e+01,
    4.241556116500000e+01
  ],
  ""type"": ""Point""
}","{
  ""coordinates"": [
    -83.218389802,
    42.415561165
  ],
  ""type"": ""Point""
}",-83.218389802,42.415561165
368,9469112,BRITAIN,DUCHESS,2015-12-24,24,12,2015,17,5,97,9,,,1,,1,2,4,25,1,1,1,2,0,1,0,0,false,,false,false,false,false,false,,,,,,false,false,false,,,false,false,false,false,false,-82.95573,42.42564,"{
  ""coordinates"": [
    -8.295572413699990e+01,
    4.242563842500000e+01
  ],
  ""type"": ""Point""
}","{
  ""coordinates"": [
    -82.955724137,
    42.425638425
  ],
  ""type"": ""Point""
}",-82.9557241369999,42.425638425
369,9466878,E I 94,HARPER,2015-12-24,24,12,2015,3,5,1,1,,1,1,,1,1,4,55,3,1,1,5,0,0,0,0,true,,false,false,false,false,false,,,,,,false,false,true,,,false,false,false,false,false,-82.94685,42.41011,"{
  ""coordinates"": [
    -8.294684685199999e+01,
    4.241010890700010e+01
  ],
  ""type"": ""Point""
}","{
  ""coordinates"": [
    -82.946846852,
    42.410108907
  ],
  ""type"": ""Point""
}",-82.946846852,42.4101089070001
370,9470412,LAHSER,OUTER,2015-12-24,24,12,2015,15,5,97,9,,2,0,,1,1,1,30,3,2,3,5,0,0,0,0,true,,false,false,false,false,false,,,,,,false,false,false,,,false,false,false,false,false,-83.25675,42.39842,"{
  ""coordinates"": [
    -8.325675225700000e+01,
    4.239841753500010e+01
  ],
  ""type"": ""Point""
}","{
  ""coordinates"": [
    -83.256752257,
    42.398417535
  ],
  ""type"": ""Point""
}",-83.256752257,42.3984175350001
371,9471351,TELEGRAPH,PURITAN,2015-12-24,24,12,2015,17,5,8,2,,1,0,,1,1,1,35,3,2,1,5,0,0,0,0,true,,false,false,true,false,false,,,,,,false,false,false,,,false,false,false,false,false,-83.27712,42.40733,"{
  ""coordinates"": [
    -8.327712442300000e+01,
    4.240733419500000e+01
  ],
  ""type"": ""Point""
}","{
  ""coordinates"": [
    -83.277124423,
    42.407334195
  ],
  ""type"": ""Point""
}",-83.277124423,42.407334195
372,9467835,DEQUINDRE,GRIXDALE,2015-12-24,24,12,2015,19,5,5,9,,4,0,,1,1,4,25,4,2,1,5,0,0,0,0,true,,false,false,true,false,false,,,,,,false,false,false,,,false,false,false,false,false,-83.08262,42.42717,"{
  ""coordinates"": [
    -8.308262068700000e+01,
    4.242716817200010e+01
  ],
  ""type"": ""Point""
}","{
  ""coordinates"": [
    -83.082620687,
    42.427168172
  ],
  ""type"": ""Point""
}",-83.082620687,42.4271681720001
373,9467043,EIGHT MILE,DEQUINDRE,2015-12-24,24,12,2015,12,5,5,3,,1,0,,1,1,1,45,4,2,2,5,0,0,0,0,true,,false,false,false,false,false,,,,,,false,false,false,,,false,false,false,false,false,-83.08066,42.44706,"{
  ""coordinates"": [
    -8.308065848699989e+01,
    4.244705812900000e+01
  ],
  ""type"": ""Point""
}","{
  ""coordinates"": [
    -83.080658487,
    42.447058129
  ],
  ""type"": ""Point""
}",-83.0806584869999,42.447058129
374,9473939,S M 39,PAUL,2015-12-24,24,12,2015,12,5,1,3,,1,1,,1,1,1,55,3,1,2,2,0,2,0,0,false,,false,false,false,false,false,,,,,,false,false,false,,,false,false,false,false,false,-83.21603,42.33757,"{
  ""coordinates"": [
    -8.321603679899989e+01,
    4.233757167900010e+01
  ],
  ""type"": ""Point""
}","{
  ""coordinates"": [
    -83.216036799,
    42.337571679
  ],
  ""type"": ""Point""
}",-83.2160367989999,42.3375716790001
375,9467077,7 MILE,SUSSEX,2015-12-24,24,12,2015,0,5,5,9,,2,0,,2,4,3,35,4,3,4,5,0,0,0,0,true,,false,false,false,true,false,,,,,,false,false,true,,,false,false,false,false,false,-83.19643,42.43051,"{
  ""coordinates"": [
    -8.319642577499999e+01,
    4.243050831600000e+01
  ],
  ""type"": ""Point""
}","{
  ""coordinates"": [
    -83.196425775,
    42.430508316
  ],
  ""type"": ""Point""
}",-83.196425775,42.430508316
376,9466864,S I 75,RAMP 216F,2015-12-23,23,12,2015,15,4,5,1,,1,0,,2,2,1,55,4,2,4,5,0,0,0,0,true,,false,false,false,false,false,,,,,,false,true,true,,,false,false,false,false,false,-83.0579,42.36787,"{
  ""coordinates"": [
    -8.305789874800000e+01,
    4.236787480300010e+01
  ],
  ""type"": ""Point""
}","{
  ""coordinates"": [
    -83.057898748,
    42.367874803
  ],
  ""type"": ""Point""
}",-83.057898748,42.3678748030001
377,9469102,THIRD,PLUM,2015-12-23,23,12,2015,20,4,4,9,,4,0,,2,4,4,25,3,2,2,5,0,0,0,0,true,,true,true,true,false,false,,,,,,false,false,true,,,false,false,false,false,false,-83.05936,42.33525,"{
  ""coordinates"": [
    -8.305936650200000e+01,
    4.233525029200010e+01
  ],
  ""type"": ""Point""
}","{
  ""coordinates"": [
    -83.059366502,
    42.335250292
  ],
  ""type"": ""Point""
}",-83.059366502,42.3352502920001
378,9467031,SOUTHFIELD SERVICE DRIVE,PLYMOUTH,2015-12-23,23,12,2015,17,4,4,9,,4,0,,2,4,4,35,3,2,2,4,0,0,0,1,false,,false,false,true,false,false,,,,,,false,true,false,,,false,false,false,false,false,-83.21709,42.37225,"{
  ""coordinates"": [
    -8.321708689499999e+01,
    4.237225000700000e+01
  ],
  ""type"": ""Point""
}","{
  ""coordinates"": [
    -83.217086895,
    42.372250007
  ],
  ""type"": ""Point""
}",-83.217086895,42.372250007
379,9467026,WARREN,MT ELLIOTT,2015-12-23,23,12,2015,13,4,8,9,,4,0,,2,4,1,30,3,2,4,5,0,0,0,0,true,,false,false,false,false,false,,,,,,false,true,false,,,false,false,false,false,false,-83.02765,42.37047,"{
  ""coordinates"": [
    -8.302764643599990e+01,
    4.237047182900010e+01
  ],
  ""type"": ""Point""
}","{
  ""coordinates"": [
    -83.027646436,
    42.370471829
  ],
  ""type"": ""Point""
}",-83.0276464359999,42.3704718290001
380,9467062,PLYMOUTH,PIERSON,2015-12-23,23,12,2015,12,4,4,9,,4,0,,2,2,1,35,6,2,2,5,0,0,0,0,true,,false,false,false,false,false,,,,,,false,false,true,,,false,false,false,false,false,-83.24507,42.37184,"{
  ""coordinates"": [
    -8.324507210500001e+01,
    4.237184237000000e+01
  ],
  ""type"": ""Point""
}","{
  ""coordinates"": [
    -83.245072105,
    42.37184237
  ],
  ""type"": ""Point""
}",-83.245072105,42.37184237
381,9470233,W I 96,HUBBELL,2015-12-23,23,12,2015,5,4,5,1,,1,0,,2,4,5,70,3,3,3,4,0,0,0,2,false,,false,false,false,false,false,,,,,,false,true,false,,,false,false,false,false,false,-83.18829,42.3806,"{
  ""coordinates"": [
    -8.318829386100001e+01,
    4.238059873000000e+01
  ],
  ""type"": ""Point""
}","{
  ""coordinates"": [
    -83.188293861,
    42.38059873
  ],
  ""type"": ""Point""
}",-83.188293861,42.38059873
382,9467027,FOREST,BALDWIN,2015-12-23,23,12,2015,22,4,1,9,,4,0,,2,2,4,30,3,2,1,1,1,0,0,0,false,,false,false,false,false,false,,,,,,true,true,false,,,false,false,false,false,false,-83.01386,42.37291,"{
  ""coordinates"": [
    -8.301386205999999e+01,
    4.237291030800000e+01
  ],
  ""type"": ""Point""
}","{
  ""coordinates"": [
    -83.01386206,
    42.372910308
  ],
  ""type"": ""Point""
}",-83.01386206,42.372910308
383,9466876,LOG CABIN,HUGHES,2015-12-23,23,12,2015,1,4,1,9,,,1,,1,1,4,35,1,1,4,3,0,0,1,0,false,,false,false,false,false,false,,,,,,false,false,true,,,false,false,false,false,false,-83.12128,42.40535,"{
  ""coordinates"": [
    -8.312128671300000e+01,
    4.240534423200010e+01
  ],
  ""type"": ""Point""
}","{
  ""coordinates"": [
    -83.121286713,
    42.405344232
  ],
  ""type"": ""Point""
}",-83.121286713,42.4053442320001
384,9476302,CELESTINE,CEDARGROVE,2015-12-23,23,12,2015,1,4,4,9,,,0,,1,2,4,25,2,2,3,5,0,0,0,0,true,,false,false,false,false,false,,,,,,false,false,false,,,false,false,false,false,false,-82.97256,42.42549,"{
  ""coordinates"": [
    -8.297256656300000e+01,
    4.242549001200010e+01
  ],
  ""type"": ""Point""
}","{
  ""coordinates"": [
    -82.972566563,
    42.425490012
  ],
  ""type"": ""Point""
}",-82.972566563,42.4254900120001
385,9471131,M-10,GRAND,2015-12-23,23,12,2015,7,4,1,3,,1,1,,1,1,3,55,3,1,2,4,0,0,0,1,false,,false,false,false,false,false,,,,,,false,false,false,,,false,false,false,false,false,-83.08196,42.36744,"{
  ""coordinates"": [
    -8.308196102300001e+01,
    4.236743984600000e+01
  ],
  ""type"": ""Point""
}","{
  ""coordinates"": [
    -83.081961023,
    42.367439846
  ],
  ""type"": ""Point""
}",-83.081961023,42.367439846
386,9467065,TELEGRAPH,GRAND RIVER,2015-12-23,23,12,2015,14,4,5,2,,1,0,,2,4,1,40,4,3,3,4,0,0,0,2,false,,false,false,false,false,false,,,,,,false,false,false,,,false,false,false,false,false,-83.27781,42.42459,"{
  ""coordinates"": [
    -8.327781292799990e+01,
    4.242458730800010e+01
  ],
  ""type"": ""Point""
}","{
  ""coordinates"": [
    -83.277812928,
    42.424587308
  ],
  ""type"": ""Point""
}",-83.2778129279999,42.4245873080001
387,9467076,8 MILE,GRATIOT,2015-12-23,23,12,2015,20,4,5,3,,1,0,,2,4,4,35,4,2,2,5,0,0,0,0,true,,false,false,true,false,false,,,,,,false,false,false,,,false,false,false,false,false,-82.96481,42.44991,"{
  ""coordinates"": [
    -8.296481605600000e+01,
    4.244990823700000e+01
  ],
  ""type"": ""Point""
}","{
  ""coordinates"": [
    -82.964816056,
    42.449908237
  ],
  ""type"": ""Point""
}",-82.964816056,42.449908237
388,9471301,LIVERNOIS,MCGRAW,2015-12-23,23,12,2015,8,4,3,9,,4,0,,1,1,1,35,5,3,3,4,0,0,0,1,false,,false,false,false,false,false,,,,,,false,false,true,,,false,false,false,false,false,-83.12741,42.34085,"{
  ""coordinates"": [
    -8.312740917000001e+01,
    4.234085300900010e+01
  ],
  ""type"": ""Point""
}","{
  ""coordinates"": [
    -83.12740917,
    42.340853009
  ],
  ""type"": ""Point""
}",-83.12740917,42.3408530090001
389,9469132,MUIRLAND,SANTA CLARA,2015-12-23,23,12,2015,1,4,5,9,,,3,,2,1,4,25,2,2,0,5,0,0,0,0,true,,false,false,true,false,false,,,,,,false,false,false,,,false,false,false,false,false,-83.13425,42.42086,"{
  ""coordinates"": [
    -8.313424748100000e+01,
    4.242086569400000e+01
  ],
  ""type"": ""Point""
}","{
  ""coordinates"": [
    -83.134247481,
    42.420865694
  ],
  ""type"": ""Point""
}",-83.134247481,42.420865694
390,9466869,I-94,SCOTTEN,2015-12-23,23,12,2015,22,4,1,1,,1,1,,2,4,4,55,3,1,1,5,0,0,0,0,true,,false,false,false,false,false,,,,,,false,false,false,,,false,false,false,false,false,-83.11032,42.34663,"{
  ""coordinates"": [
    -8.311032026600000e+01,
    4.234663011400000e+01
  ],
  ""type"": ""Point""
}","{
  ""coordinates"": [
    -83.110320266,
    42.346630114
  ],
  ""type"": ""Point""
}",-83.110320266,42.346630114
391,9478398,MICHIGAN,SHARON,2015-12-23,23,12,2015,13,4,2,2,,1,2,,2,4,1,35,7,2,2,5,0,0,0,0,true,,false,false,true,false,false,,,,,,false,true,false,,,false,false,false,false,false,-83.15182,42.32913,"{
  ""coordinates"": [
    -8.315182855099989e+01,
    4.232913156100010e+01
  ],
  ""type"": ""Point""
}","{
  ""coordinates"": [
    -83.151828551,
    42.329131561
  ],
  ""type"": ""Point""
}",-83.1518285509999,42.3291315610001
392,9472897,7 MILE,KENTFIELD,2015-12-23,23,12,2015,21,4,3,9,,2,0,,2,4,4,35,5,2,1,5,0,0,0,0,true,,false,false,false,false,false,,,,,,false,false,false,,,false,false,false,false,false,-83.24187,42.4295,"{
  ""coordinates"": [
    -8.324187677299990e+01,
    4.242949811600000e+01
  ],
  ""type"": ""Point""
}","{
  ""coordinates"": [
    -83.241876773,
    42.429498116
  ],
  ""type"": ""Point""
}",-83.2418767729999,42.429498116
393,9468880,I-94,SECOND,2015-12-23,23,12,2015,14,4,5,1,,1,0,,2,1,1,55,3,3,7,5,0,0,0,0,true,,false,false,false,false,false,,,,,,false,false,false,,,false,false,false,false,false,-83.0723,42.36157,"{
  ""coordinates"": [
    -8.307230156799990e+01,
    4.236156928800010e+01
  ],
  ""type"": ""Point""
}","{
  ""coordinates"": [
    -83.072301568,
    42.361569288
  ],
  ""type"": ""Point""
}",-83.0723015679999,42.3615692880001
394,9467049,VAN DYKE,HARPER,2015-12-23,23,12,2015,13,4,5,3,,1,0,,1,2,1,35,6,2,3,4,0,0,0,1,false,,false,false,false,false,false,,,,,,false,false,false,,,false,false,false,false,false,-83.02135,42.38793,"{
  ""coordinates"": [
    -8.302135724000000e+01,
    4.238792902400010e+01
  ],
  ""type"": ""Point""
}","{
  ""coordinates"": [
    -83.02135724,
    42.387929024
  ],
  ""type"": ""Point""
}",-83.02135724,42.3879290240001
395,9472202,BURT,PLYMOUTH,2015-12-23,23,12,2015,17,4,97,9,,4,0,,2,4,3,35,2,2,1,5,0,0,0,0,true,,false,false,true,false,false,,,,,,false,true,false,,,false,false,false,false,false,-83.24622,42.37175,"{
  ""coordinates"": [
    -8.324621740500000e+01,
    4.237175494900000e+01
  ],
  ""type"": ""Point""
}","{
  ""coordinates"": [
    -83.246217405,
    42.371754949
  ],
  ""type"": ""Point""
}",-83.246217405,42.371754949
396,9471323,MONROE,BEAUBIEN,2015-12-23,23,12,2015,23,4,1,9,,4,1,,1,1,4,25,1,1,1,5,0,0,0,0,true,,false,false,false,true,false,,,,,,false,false,false,,,false,false,false,false,false,-83.04256,42.3349,"{
  ""coordinates"": [
    -8.304256413400000e+01,
    4.233490448500000e+01
  ],
  ""type"": ""Point""
}","{
  ""coordinates"": [
    -83.042564134,
    42.334904485
  ],
  ""type"": ""Point""
}",-83.042564134,42.334904485
397,9466868,RAMP 008H,W I 96 CD,2015-12-23,23,12,2015,8,4,1,1,,1,1,,2,4,1,55,2,1,2,5,0,0,0,0,true,,false,false,false,false,false,,,,,,false,false,true,,,false,false,false,false,false,-83.22172,42.37875,"{
  ""coordinates"": [
    -8.322171504400001e+01,
    4.237874666000000e+01
  ],
  ""type"": ""Point""
}","{
  ""coordinates"": [
    -83.221715044,
    42.37874666
  ],
  ""type"": ""Point""
}",-83.221715044,42.37874666
398,9467072,I 94,CHENE,2015-12-23,23,12,2015,1,4,1,1,,1,0,,2,4,4,55,3,1,1,5,0,0,0,0,true,,false,false,false,false,false,,,,,,false,false,false,,,false,false,false,false,false,-83.04469,42.3749,"{
  ""coordinates"": [
    -8.304469666100000e+01,
    4.237490372300000e+01
  ],
  ""type"": ""Point""
}","{
  ""coordinates"": [
    -83.044696661,
    42.374903723
  ],
  ""type"": ""Point""
}",-83.044696661,42.374903723
399,9467050,8 MILE,ORLEANS,2015-12-23,23,12,2015,0,4,1,3,,,0,,2,1,4,40,3,1,4,5,0,0,0,0,true,,false,false,false,false,false,,,,,,false,false,false,,,false,false,false,false,false,-83.08584,42.44696,"{
  ""coordinates"": [
    -8.308583524200000e+01,
    4.244696332800000e+01
  ],
  ""type"": ""Point""
}","{
  ""coordinates"": [
    -83.085835242,
    42.446963328
  ],
  ""type"": ""Point""
}",-83.085835242,42.446963328