ObjectId,Crash ID,Primary Road,Intersecting Road,Crash Date,Day,Month,Year,Hour,Weekday,Crash Type Code,Highway Classification Code,Community Code,Jurisdiction Code,Lane Departure Type Code,Surface Type,Road Condition,Weather Condition,Lighting Condition,Speed Limit,Lanes,Units,Occupants,Most Severe Injury,Fatal Injuries,Suspected Serious Injuries,Suspected Minor Injuries,Possible Injuries,Property Damage Only,Secondary Crash,Traffic Control,Red Light Run,Hit and Run,Alcohol,Drugs,Unbelted Person,Work Zone,Speeding Driver,Distracted Driver,Driveway,Pedestrian,Elderly Driver,Young Driver,Commercial Vehicle,Emergency Vehicles,Train,School Bus,Motorcycle,Bicycle,Deer,Longitude,Latitude,geom,geog,x,y
400,9467080,DEQUINDRE,EMERY,2015-12-23,23,12,2015,19,4,8,9,,4,0,,2,4,2,35,2,2,4,5,0,0,0,0,true,,false,false,false,false,false,,,,,,false,false,false,,,false,false,false,false,false,-83.08296,42.43539,"{
  ""coordinates"": [
    -8.308296414199999e+01,
    4.243539124300000e+01
  ],
  ""type"": ""Point""
}","{
  ""coordinates"": [
    -83.082964142,
    42.435391243
  ],
  ""type"": ""Point""
}",-83.082964142,42.435391243
401,9471184,N I 75,RAMP 041G,2015-12-23,23,12,2015,12,4,8,1,,1,0,,2,4,1,55,4,2,2,5,0,0,0,0,true,,false,false,false,false,false,,,,,,false,false,false,,,false,false,false,false,false,-83.04414,42.34531,"{
  ""coordinates"": [
    -8.304413996100000e+01,
    4.234530660900000e+01
  ],
  ""type"": ""Point""
}","{
  ""coordinates"": [
    -83.044139961,
    42.345306609
  ],
  ""type"": ""Point""
}",-83.044139961,42.345306609
402,9467063,EVERGREEN,CHICAGO,2015-12-23,23,12,2015,17,4,5,9,,4,0,,2,4,4,35,2,2,5,5,0,0,0,0,true,,false,false,false,false,false,,,,,,false,true,false,,,false,false,false,false,false,-83.23602,42.3643,"{
  ""coordinates"": [
    -8.323602491400000e+01,
    4.236429810700000e+01
  ],
  ""type"": ""Point""
}","{
  ""coordinates"": [
    -83.236024914,
    42.364298107
  ],
  ""type"": ""Point""
}",-83.236024914,42.364298107
403,9466863,S I 75,RAMP 216J,2015-12-23,23,12,2015,15,4,5,1,,1,0,,2,2,1,55,4,2,2,5,0,0,0,0,true,,false,false,false,false,false,,,,,,false,false,true,,,false,false,false,false,false,-83.05856,42.36928,"{
  ""coordinates"": [
    -8.305855795199990e+01,
    4.236928021600000e+01
  ],
  ""type"": ""Point""
}","{
  ""coordinates"": [
    -83.058557952,
    42.369280216
  ],
  ""type"": ""Point""
}",-83.0585579519999,42.369280216
404,9468919,M-39,7 MILE,2015-12-23,23,12,2015,17,4,6,3,,1,0,,2,2,3,55,3,2,2,5,0,0,0,0,true,,false,false,false,false,false,,,,,,false,false,true,,,false,false,false,false,false,-83.21936,42.43363,"{
  ""coordinates"": [
    -8.321936028300000e+01,
    4.243363027000000e+01
  ],
  ""type"": ""Point""
}","{
  ""coordinates"": [
    -83.219360283,
    42.43363027
  ],
  ""type"": ""Point""
}",-83.219360283,42.43363027
405,9466896,I-75,VERNOR,2015-12-23,23,12,2015,12,4,1,1,,1,1,,2,4,1,55,3,1,5,5,0,0,0,0,true,,false,false,false,false,false,,,,,,false,false,false,,,false,false,false,false,false,-83.08432,42.33162,"{
  ""coordinates"": [
    -8.308432250500000e+01,
    4.233162028300010e+01
  ],
  ""type"": ""Point""
}","{
  ""coordinates"": [
    -83.084322505,
    42.331620283
  ],
  ""type"": ""Point""
}",-83.084322505,42.3316202830001
406,9466881,I-75,SCHAEFER,2015-12-23,23,12,2015,13,4,1,1,,1,1,,2,4,1,70,4,1,1,5,0,0,0,0,true,,false,false,false,false,false,,,,,,false,false,false,,,false,false,false,false,false,-83.13985,42.28685,"{
  ""coordinates"": [
    -8.313985138600000e+01,
    4.228685036000010e+01
  ],
  ""type"": ""Point""
}","{
  ""coordinates"": [
    -83.139851386,
    42.28685036
  ],
  ""type"": ""Point""
}",-83.139851386,42.2868503600001
407,9466877,I 94,M 10,2015-12-23,23,12,2015,15,4,5,1,,1,0,,2,2,1,55,3,2,4,5,0,0,0,0,true,,false,false,false,false,false,,,,,,false,false,true,,,false,false,false,false,false,-83.07631,42.35947,"{
  ""coordinates"": [
    -8.307630737900000e+01,
    4.235947235300010e+01
  ],
  ""type"": ""Point""
}","{
  ""coordinates"": [
    -83.076307379,
    42.359472353
  ],
  ""type"": ""Point""
}",-83.076307379,42.3594723530001
408,9467052,JEFFERSON,RANDOLPH,2015-12-23,23,12,2015,7,4,4,3,,1,0,,2,2,4,35,8,2,3,5,0,0,0,0,true,,true,true,false,false,false,,,,,,false,false,false,,,false,false,false,false,false,-83.04203,42.32994,"{
  ""coordinates"": [
    -8.304202779600000e+01,
    4.232993535200010e+01
  ],
  ""type"": ""Point""
}","{
  ""coordinates"": [
    -83.042027796,
    42.329935352
  ],
  ""type"": ""Point""
}",-83.042027796,42.3299353520001
409,9467061,WHITCOMB,CHICAGO,2015-12-23,23,12,2015,19,4,97,9,,,0,,2,4,3,35,2,2,1,5,0,0,0,0,true,,false,false,true,false,false,,,,,,false,false,true,,,false,false,false,false,false,-83.19508,42.36554,"{
  ""coordinates"": [
    -8.319508680300000e+01,
    4.236553995600010e+01
  ],
  ""type"": ""Point""
}","{
  ""coordinates"": [
    -83.195086803,
    42.365539956
  ],
  ""type"": ""Point""
}",-83.195086803,42.3655399560001
410,9469074,FENKELL,PINEHURST,2015-12-23,23,12,2015,18,4,8,9,,2,0,,2,4,4,30,2,2,2,5,0,0,0,0,true,,false,false,false,false,false,,,,,,false,true,false,,,false,false,false,false,false,-83.16608,42.40232,"{
  ""coordinates"": [
    -8.316607847499991e+01,
    4.240231805000010e+01
  ],
  ""type"": ""Point""
}","{
  ""coordinates"": [
    -83.166078475,
    42.40231805
  ],
  ""type"": ""Point""
}",-83.1660784749999,42.4023180500001
411,9466897,E I 96,FULLERTON,2015-12-23,23,12,2015,13,4,1,1,,1,1,,2,2,1,55,4,1,1,5,0,0,0,0,true,,false,false,false,false,false,,,,,,false,false,false,,,false,false,false,false,false,-83.18883,42.38021,"{
  ""coordinates"": [
    -8.318883060099991e+01,
    4.238021524100000e+01
  ],
  ""type"": ""Point""
}","{
  ""coordinates"": [
    -83.188830601,
    42.380215241
  ],
  ""type"": ""Point""
}",-83.1888306009999,42.380215241
412,9479313,OUTER,CHALMERS,2015-12-23,23,12,2015,2,4,1,9,,2,0,,2,4,4,35,6,1,1,5,0,0,0,0,true,,false,false,false,false,false,,,,,,false,false,false,,,false,false,false,false,false,-82.97087,42.41481,"{
  ""coordinates"": [
    -8.297086728799999e+01,
    4.241480981600010e+01
  ],
  ""type"": ""Point""
}","{
  ""coordinates"": [
    -82.970867288,
    42.414809816
  ],
  ""type"": ""Point""
}",-82.970867288,42.4148098160001
413,9471333,E I 96,MICHIGAN,2015-12-23,23,12,2015,18,4,5,1,,1,0,,2,4,1,55,4,2,1,5,0,0,0,0,true,,false,false,true,false,false,,,,,,false,false,false,,,false,false,false,false,false,-83.08734,42.33152,"{
  ""coordinates"": [
    -8.308734054599999e+01,
    4.233151700600010e+01
  ],
  ""type"": ""Point""
}","{
  ""coordinates"": [
    -83.087340546,
    42.331517006
  ],
  ""type"": ""Point""
}",-83.087340546,42.3315170060001
414,9468881,E I 94,3RD,2015-12-23,23,12,2015,15,4,5,1,,1,0,,2,1,1,55,3,3,6,5,0,0,0,0,true,,false,false,false,false,false,,,,,,false,false,false,,,false,false,false,false,false,-83.07457,42.35998,"{
  ""coordinates"": [
    -8.307456712399990e+01,
    4.235997897500000e+01
  ],
  ""type"": ""Point""
}","{
  ""coordinates"": [
    -83.074567124,
    42.359978975
  ],
  ""type"": ""Point""
}",-83.0745671239999,42.359978975
415,9466892,N/B I 75,SPRINGWELLS,2015-12-23,23,12,2015,18,4,1,1,,1,1,,2,4,4,70,4,1,1,5,0,0,0,0,true,,false,false,false,false,false,,,,,,false,false,true,,,false,false,false,false,false,-83.12098,42.30052,"{
  ""coordinates"": [
    -8.312097607600001e+01,
    4.230052209800000e+01
  ],
  ""type"": ""Point""
}","{
  ""coordinates"": [
    -83.120976076,
    42.300522098
  ],
  ""type"": ""Point""
}",-83.120976076,42.300522098
416,9467057,HARPER,HARVARD,2015-12-23,23,12,2015,14,4,8,9,,4,0,,2,4,1,30,2,2,1,5,0,0,0,0,true,,false,false,true,false,false,,,,,,false,false,false,,,false,false,false,false,false,-82.93769,42.41587,"{
  ""coordinates"": [
    -8.293769222400000e+01,
    4.241586716400010e+01
  ],
  ""type"": ""Point""
}","{
  ""coordinates"": [
    -82.937692224,
    42.415867164
  ],
  ""type"": ""Point""
}",-82.937692224,42.4158671640001
417,9465391,NB I-75,LIVERNOIS,2015-12-23,23,12,2015,7,4,8,1,,1,0,,1,2,4,55,4,2,2,5,0,0,0,0,true,,false,false,false,false,false,,,,,,false,false,false,,,false,false,false,false,false,-83.10575,42.30673,"{
  ""coordinates"": [
    -8.310574996799990e+01,
    4.230673194500010e+01
  ],
  ""type"": ""Point""
}","{
  ""coordinates"": [
    -83.105749968,
    42.306731945
  ],
  ""type"": ""Point""
}",-83.1057499679999,42.3067319450001
418,9465420,W I 96,E M 8,2015-12-23,23,12,2015,5,4,1,1,,1,1,,1,1,1,70,4,1,1,5,0,0,0,0,true,,false,false,false,false,false,,,,,,false,false,false,,,false,false,false,false,false,-83.15346,42.38508,"{
  ""coordinates"": [
    -8.315345586300000e+01,
    4.238508122100010e+01
  ],
  ""type"": ""Point""
}","{
  ""coordinates"": [
    -83.153455863,
    42.385081221
  ],
  ""type"": ""Point""
}",-83.153455863,42.3850812210001
419,9467066,7 MILE,LAHSER,2015-12-23,23,12,2015,12,4,4,9,,2,0,,2,2,1,35,5,2,4,4,0,0,0,4,false,,false,false,false,false,false,,,,,,false,true,false,,,false,false,false,false,false,-83.25829,42.42912,"{
  ""coordinates"": [
    -8.325828370300000e+01,
    4.242911800900000e+01
  ],
  ""type"": ""Point""
}","{
  ""coordinates"": [
    -83.258283703,
    42.429118009
  ],
  ""type"": ""Point""
}",-83.258283703,42.429118009
420,9467029,GREENFIELD,RAMP 136D,2015-12-23,23,12,2015,14,4,8,1,,2,0,,2,2,1,35,6,2,4,5,0,0,0,0,true,,false,false,false,false,false,,,,,,false,false,true,,,false,false,false,false,false,-83.19824,42.37962,"{
  ""coordinates"": [
    -8.319824042899999e+01,
    4.237962255600010e+01
  ],
  ""type"": ""Point""
}","{
  ""coordinates"": [
    -83.198240429,
    42.379622556
  ],
  ""type"": ""Point""
}",-83.198240429,42.3796225560001
421,9471300,VERNOR,CAMPBELL,2015-12-23,23,12,2015,0,4,5,9,,4,0,,1,1,4,35,2,2,2,5,0,0,0,0,true,,false,false,false,false,false,,,,,,false,false,false,,,false,false,false,false,false,-83.10378,42.31701,"{
  ""coordinates"": [
    -8.310377731599991e+01,
    4.231701450900000e+01
  ],
  ""type"": ""Point""
}","{
  ""coordinates"": [
    -83.103777316,
    42.317014509
  ],
  ""type"": ""Point""
}",-83.1037773159999,42.317014509
422,9465513,JOY,BURT,2015-12-23,23,12,2015,0,4,4,9,,2,0,,1,1,4,35,5,2,2,5,0,0,0,0,true,,false,false,false,false,false,,,,,,false,true,false,,,false,false,false,false,false,-83.24555,42.35738,"{
  ""coordinates"": [
    -8.324555562899999e+01,
    4.235738118100010e+01
  ],
  ""type"": ""Point""
}","{
  ""coordinates"": [
    -83.245555629,
    42.357381181
  ],
  ""type"": ""Point""
}",-83.245555629,42.3573811810001
423,9469134,CLARITA,MEYERS,2015-12-23,23,12,2015,12,4,4,9,,,0,,2,4,1,25,2,2,2,4,0,0,0,1,false,,false,false,true,false,false,,,,,,false,false,false,,,false,false,false,false,false,-83.17062,42.42944,"{
  ""coordinates"": [
    -8.317062356600000e+01,
    4.242944058900010e+01
  ],
  ""type"": ""Point""
}","{
  ""coordinates"": [
    -83.170623566,
    42.429440589
  ],
  ""type"": ""Point""
}",-83.170623566,42.4294405890001
424,9467074,GRATIOT,7 MILE,2015-12-23,23,12,2015,16,4,4,3,,1,0,,1,1,1,35,4,2,1,5,0,0,0,0,true,,false,false,false,false,false,,,,,,false,false,true,,,false,false,false,false,false,-82.97767,42.4351,"{
  ""coordinates"": [
    -8.297766969000000e+01,
    4.243510200900000e+01
  ],
  ""type"": ""Point""
}","{
  ""coordinates"": [
    -82.97766969,
    42.435102009
  ],
  ""type"": ""Point""
}",-82.97766969,42.435102009
425,9469093,MCNICHOLS,STANSBURY,2015-12-23,23,12,2015,12,4,8,9,,2,0,,2,2,1,35,5,2,3,5,0,0,0,0,true,,false,false,false,false,false,,,,,,false,true,false,,,false,false,false,false,false,-83.18306,42.41655,"{
  ""coordinates"": [
    -8.318305655499999e+01,
    4.241655058500000e+01
  ],
  ""type"": ""Point""
}","{
  ""coordinates"": [
    -83.183056555,
    42.416550585
  ],
  ""type"": ""Point""
}",-83.183056555,42.416550585
426,9608714,GRAND RIVER,LINWOOD,2015-12-23,23,12,2015,0,4,5,3,,1,0,,1,1,4,25,6,2,2,5,0,0,0,0,true,,false,false,true,true,false,,,,,,false,false,false,,,false,false,false,false,false,-83.0927,42.35007,"{
  ""coordinates"": [
    -8.309270797900000e+01,
    4.235007538000010e+01
  ],
  ""type"": ""Point""
}","{
  ""coordinates"": [
    -83.092707979,
    42.35007538
  ],
  ""type"": ""Point""
}",-83.092707979,42.3500753800001
427,9466893,W/B I 94,NOTTINGHAM,2015-12-23,23,12,2015,21,4,1,1,,1,1,,2,4,4,55,4,1,1,5,0,0,0,0,true,,false,false,false,false,false,,,,,,false,false,true,,,false,false,false,false,false,-82.95219,42.40736,"{
  ""coordinates"": [
    -8.295218357899989e+01,
    4.240735681200000e+01
  ],
  ""type"": ""Point""
}","{
  ""coordinates"": [
    -82.952183579,
    42.407356812
  ],
  ""type"": ""Point""
}",-82.9521835789999,42.407356812
428,9469111,CONNER,FRANKFORT,2015-12-23,23,12,2015,12,4,1,9,,4,0,,2,2,1,35,7,1,1,5,0,0,0,0,true,,false,false,false,false,false,,,,,,false,false,false,,,false,false,false,false,false,-82.97897,42.39032,"{
  ""coordinates"": [
    -8.297897371300000e+01,
    4.239031846100000e+01
  ],
  ""type"": ""Point""
}","{
  ""coordinates"": [
    -82.978973713,
    42.390318461
  ],
  ""type"": ""Point""
}",-82.978973713,42.390318461
429,9469094,WYOMING,SCHOOLCRAFT,2015-12-23,23,12,2015,18,4,5,9,,4,0,,2,4,4,30,5,2,2,5,0,0,0,0,true,,false,false,false,false,false,,,,,,false,false,false,,,false,false,false,false,false,-83.15906,42.38847,"{
  ""coordinates"": [
    -8.315906095199990e+01,
    4.238846991200010e+01
  ],
  ""type"": ""Point""
}","{
  ""coordinates"": [
    -83.159060952,
    42.388469912
  ],
  ""type"": ""Point""
}",-83.1590609519999,42.3884699120001
430,9467025,STATE FAIR,GOULBURN,2015-12-23,23,12,2015,10,4,4,9,,4,0,,2,1,1,25,4,2,2,5,0,0,0,0,true,,false,false,false,false,false,,,,,,false,false,false,,,false,false,false,false,false,-82.99392,42.44197,"{
  ""coordinates"": [
    -8.299392306999989e+01,
    4.244197196700000e+01
  ],
  ""type"": ""Point""
}","{
  ""coordinates"": [
    -82.99392307,
    42.441971967
  ],
  ""type"": ""Point""
}",-82.9939230699999,42.441971967
431,9467030,NICHOLS,LESURE,2015-12-23,23,12,2015,1,4,4,9,,2,0,,1,1,4,30,2,3,3,3,0,0,1,0,false,,true,true,false,false,false,,,,,,false,false,false,,,false,false,false,false,false,-83.18217,42.41656,"{
  ""coordinates"": [
    -8.318216860099990e+01,
    4.241656294100010e+01
  ],
  ""type"": ""Point""
}","{
  ""coordinates"": [
    -83.182168601,
    42.416562941
  ],
  ""type"": ""Point""
}",-83.1821686009999,42.4165629410001
432,9467085,S I 75,E M 8,2015-12-23,23,12,2015,21,4,8,1,,1,0,,2,4,4,55,3,2,2,5,0,0,0,0,true,,false,false,false,false,false,,,,,,false,false,false,,,false,false,false,false,false,-83.06817,42.3862,"{
  ""coordinates"": [
    -8.306816795299990e+01,
    4.238619610700000e+01
  ],
  ""type"": ""Point""
}","{
  ""coordinates"": [
    -83.068167953,
    42.386196107
  ],
  ""type"": ""Point""
}",-83.0681679529999,42.386196107
433,9466870,I-96,GREENFIELD,2015-12-23,23,12,2015,23,4,1,1,,1,1,,2,2,4,55,4,1,1,5,0,0,0,0,true,,false,false,false,false,false,,,,,,false,false,false,,,false,false,false,false,false,-83.1958,42.37925,"{
  ""coordinates"": [
    -8.319580431200001e+01,
    4.237924427300000e+01
  ],
  ""type"": ""Point""
}","{
  ""coordinates"": [
    -83.195804312,
    42.379244273
  ],
  ""type"": ""Point""
}",-83.195804312,42.379244273
434,9467053,MACK,SAINT ANTOINE,2015-12-23,23,12,2015,14,4,5,9,,4,0,,2,2,1,25,3,2,5,5,0,0,0,0,true,,false,false,false,false,false,,,,,,false,false,true,,,false,false,false,false,false,-83.05029,42.3503,"{
  ""coordinates"": [
    -8.305029048599989e+01,
    4.235029797300010e+01
  ],
  ""type"": ""Point""
}","{
  ""coordinates"": [
    -83.050290486,
    42.350297973
  ],
  ""type"": ""Point""
}",-83.0502904859999,42.3502979730001
435,9467055,CADILLAC,WARREN,2015-12-23,23,12,2015,14,4,4,9,,4,0,,1,1,1,25,3,2,3,4,0,0,0,2,false,,true,true,false,false,false,,,,,,false,false,false,,,false,false,false,false,false,-82.99679,42.38233,"{
  ""coordinates"": [
    -8.299678937899991e+01,
    4.238233018100000e+01
  ],
  ""type"": ""Point""
}","{
  ""coordinates"": [
    -82.996789379,
    42.382330181
  ],
  ""type"": ""Point""
}",-82.9967893789999,42.382330181
436,9467034,7 MILE,GRATIOT,2015-12-23,23,12,2015,16,4,4,3,,4,0,,2,1,1,30,2,2,2,5,0,0,0,0,true,,false,false,false,false,false,,,,,,false,false,false,,,false,false,false,false,false,-82.97796,42.43507,"{
  ""coordinates"": [
    -8.297796095200000e+01,
    4.243506981500010e+01
  ],
  ""type"": ""Point""
}","{
  ""coordinates"": [
    -82.977960952,
    42.435069815
  ],
  ""type"": ""Point""
}",-82.977960952,42.4350698150001
437,9471159,W I 94,RAMP 220C,2015-12-23,23,12,2015,21,4,1,1,,1,1,,2,4,4,55,3,1,1,5,0,0,0,0,true,,false,false,true,false,false,,,,,,false,false,false,,,false,false,false,false,false,-82.99788,42.39222,"{
  ""coordinates"": [
    -8.299787749099990e+01,
    4.239221998400010e+01
  ],
  ""type"": ""Point""
}","{
  ""coordinates"": [
    -82.997877491,
    42.392219984
  ],
  ""type"": ""Point""
}",-82.9978774909999,42.3922199840001
438,9467079,DAVISON,ROSA PARKS,2015-12-23,23,12,2015,13,4,1,3,,1,1,,2,4,1,35,3,1,2,5,0,0,0,0,true,,false,false,false,false,false,,,,,,false,false,false,,,false,false,false,false,false,-83.11298,42.39635,"{
  ""coordinates"": [
    -8.311298135000000e+01,
    4.239634695700000e+01
  ],
  ""type"": ""Point""
}","{
  ""coordinates"": [
    -83.11298135,
    42.396346957
  ],
  ""type"": ""Point""
}",-83.11298135,42.396346957
439,9465390,W/B I-94,WOODWARD,2015-12-23,23,12,2015,4,4,5,1,,1,0,,1,1,4,55,3,3,3,5,0,0,0,0,true,,false,false,false,false,false,,,,,,false,false,true,,,false,false,false,false,false,-83.06728,42.36454,"{
  ""coordinates"": [
    -8.306728603099999e+01,
    4.236454261900010e+01
  ],
  ""type"": ""Point""
}","{
  ""coordinates"": [
    -83.067286031,
    42.364542619
  ],
  ""type"": ""Point""
}",-83.067286031,42.3645426190001
440,9469130,TELEGRAPH,7 MILE,2015-12-23,23,12,2015,16,4,5,2,,1,0,,2,1,1,45,8,2,2,5,0,0,0,0,true,,false,false,false,false,false,,,,,,false,true,false,,,false,false,false,false,false,-83.27792,42.42739,"{
  ""coordinates"": [
    -8.327792314999991e+01,
    4.242739148200010e+01
  ],
  ""type"": ""Point""
}","{
  ""coordinates"": [
    -83.27792315,
    42.427391482
  ],
  ""type"": ""Point""
}",-83.2779231499999,42.4273914820001
441,9467075,WHITEHILL,MORANG,2015-12-23,23,12,2015,19,4,97,9,,,0,,2,4,4,25,2,2,0,5,0,0,0,0,true,,false,false,true,false,false,,,,,,false,false,false,,,false,false,false,false,false,-82.95204,42.42711,"{
  ""coordinates"": [
    -8.295204154200000e+01,
    4.242710905600010e+01
  ],
  ""type"": ""Point""
}","{
  ""coordinates"": [
    -82.952041542,
    42.427109056
  ],
  ""type"": ""Point""
}",-82.952041542,42.4271090560001
442,9619511,GRAND RIVER,TELEGRAPH,2015-12-23,23,12,2015,18,4,8,3,,1,0,,1,1,5,40,4,2,2,5,0,0,0,0,true,,false,false,true,false,false,,,,,,false,false,false,,,false,false,false,false,false,-83.27736,42.42421,"{
  ""coordinates"": [
    -8.327735786499990e+01,
    4.242421463500010e+01
  ],
  ""type"": ""Point""
}","{
  ""coordinates"": [
    -83.277357865,
    42.424214635
  ],
  ""type"": ""Point""
}",-83.2773578649999,42.4242146350001
443,9466884,I-75,7 MILE,2015-12-23,23,12,2015,12,4,1,1,,1,1,,2,4,1,70,4,1,1,4,0,0,0,1,false,,false,false,false,false,false,,,,,,false,false,true,,,false,false,false,false,false,-83.09458,42.43193,"{
  ""coordinates"": [
    -8.309458327899991e+01,
    4.243193386700010e+01
  ],
  ""type"": ""Point""
}","{
  ""coordinates"": [
    -83.094583279,
    42.431933867
  ],
  ""type"": ""Point""
}",-83.0945832789999,42.4319338670001
444,9467060,PLYMOUTH,WEAVER,2015-12-23,23,12,2015,3,4,8,9,,4,0,,1,1,4,35,5,2,2,5,0,0,0,0,true,,false,false,true,false,false,,,,,,false,false,false,,,false,false,false,false,false,-83.22354,42.37212,"{
  ""coordinates"": [
    -8.322354096200000e+01,
    4.237212474200000e+01
  ],
  ""type"": ""Point""
}","{
  ""coordinates"": [
    -83.223540962,
    42.372124742
  ],
  ""type"": ""Point""
}",-83.223540962,42.372124742
445,9467073,YOUNG,LAUREL,2015-12-23,23,12,2015,17,4,8,9,,,0,,2,4,4,25,2,2,3,5,0,0,0,0,true,,true,false,true,false,false,,,,,,false,false,false,,,false,false,false,false,false,-82.98242,42.42377,"{
  ""coordinates"": [
    -8.298242539300000e+01,
    4.242377188800000e+01
  ],
  ""type"": ""Point""
}","{
  ""coordinates"": [
    -82.982425393,
    42.423771888
  ],
  ""type"": ""Point""
}",-82.982425393,42.423771888
446,9470394,ALEXANDRINE,3RD,2015-12-22,22,12,2015,1,3,97,9,,,0,,1,1,4,20,2,2,0,3,0,0,1,0,false,,false,false,true,false,false,,,,,,true,false,false,,,false,false,false,false,false,-83.06704,42.34813,"{
  ""coordinates"": [
    -8.306703828900000e+01,
    4.234812577700010e+01
  ],
  ""type"": ""Point""
}","{
  ""coordinates"": [
    -83.067038289,
    42.348125777
  ],
  ""type"": ""Point""
}",-83.067038289,42.3481257770001
447,9467056,HARPER,WOODHALL,2015-12-22,22,12,2015,23,3,8,9,,4,0,,1,1,4,30,4,2,2,5,0,0,0,0,true,,false,false,false,false,false,,,,,,false,true,false,,,false,false,false,false,false,-82.93329,42.41834,"{
  ""coordinates"": [
    -8.293329209200000e+01,
    4.241833781100010e+01
  ],
  ""type"": ""Point""
}","{
  ""coordinates"": [
    -82.933292092,
    42.418337811
  ],
  ""type"": ""Point""
}",-82.933292092,42.4183378110001
448,9478827,CARPENTER ST,ST. AUBIN,2015-12-22,22,12,2015,2,3,1,9,,4,1,,2,1,4,35,2,1,0,5,0,0,0,0,true,,false,false,true,false,false,,,,,,false,false,false,,,false,false,false,false,false,-83.07121,42.40378,"{
  ""coordinates"": [
    -8.307121642300000e+01,
    4.240377864200010e+01
  ],
  ""type"": ""Point""
}","{
  ""coordinates"": [
    -83.071216423,
    42.403778642
  ],
  ""type"": ""Point""
}",-83.071216423,42.4037786420001
449,9469146,CASS,WARREN,2015-12-22,22,12,2015,17,3,1,9,,4,0,,1,2,5,25,2,2,1,4,0,0,0,1,false,,false,false,false,false,false,,,,,,true,false,true,,,false,false,false,false,false,-83.06662,42.35594,"{
  ""coordinates"": [
    -8.306662213399990e+01,
    4.235593786900010e+01
  ],
  ""type"": ""Point""
}","{
  ""coordinates"": [
    -83.066622134,
    42.355937869
  ],
  ""type"": ""Point""
}",-83.0666221339999,42.3559378690001
450,9471299,S I 75 SERVICE DRIVE,DRAGOON,2015-12-22,22,12,2015,16,3,8,9,,4,0,,1,1,1,25,6,2,2,5,0,0,0,0,true,,false,false,false,false,false,,,,,,false,false,false,,,false,false,false,false,false,-83.10342,42.30878,"{
  ""coordinates"": [
    -8.310342688700000e+01,
    4.230877878400000e+01
  ],
  ""type"": ""Point""
}","{
  ""coordinates"": [
    -83.103426887,
    42.308778784
  ],
  ""type"": ""Point""
}",-83.103426887,42.308778784
451,9467826,PURITAN,ROSEMONT,2015-12-22,22,12,2015,17,3,2,9,,4,0,,1,1,1,25,2,2,3,5,0,0,0,0,true,,false,false,false,false,false,,,,,,false,false,false,,,false,false,false,false,false,-83.22113,42.40828,"{
  ""coordinates"": [
    -8.322112986600000e+01,
    4.240827649200000e+01
  ],
  ""type"": ""Point""
}","{
  ""coordinates"": [
    -83.221129866,
    42.408276492
  ],
  ""type"": ""Point""
}",-83.221129866,42.408276492
452,9465515,WHITLOCK,EVERGREEN,2015-12-22,22,12,2015,9,3,97,9,,,0,,97,98,98,25,1,2,0,5,0,0,0,0,true,,false,false,true,false,false,,,,,,false,false,false,,,false,false,false,false,false,-83.23524,42.33949,"{
  ""coordinates"": [
    -8.323524057200000e+01,
    4.233948818400010e+01
  ],
  ""type"": ""Point""
}","{
  ""coordinates"": [
    -83.235240572,
    42.339488184
  ],
  ""type"": ""Point""
}",-83.235240572,42.3394881840001
453,9469092,W I 96 SERVICE DRIVE,GRAND RIVER,2015-12-22,22,12,2015,16,3,8,1,,1,0,,1,2,1,30,3,2,3,5,0,0,0,0,true,,false,false,false,false,false,,,,,,false,false,false,,,false,false,false,false,false,-83.17715,42.38408,"{
  ""coordinates"": [
    -8.317714995499990e+01,
    4.238407491500000e+01
  ],
  ""type"": ""Point""
}","{
  ""coordinates"": [
    -83.177149955,
    42.384074915
  ],
  ""type"": ""Point""
}",-83.1771499549999,42.384074915
454,9608753,CONGRESS,BATES,2015-12-22,22,12,2015,14,3,8,9,,4,3,,1,1,1,25,3,2,2,5,0,0,0,0,true,,false,false,false,false,false,,,,,,false,false,false,,,false,false,false,false,false,-83.04463,42.3307,"{
  ""coordinates"": [
    -8.304463504300000e+01,
    4.233070293100010e+01
  ],
  ""type"": ""Point""
}","{
  ""coordinates"": [
    -83.044635043,
    42.330702931
  ],
  ""type"": ""Point""
}",-83.044635043,42.3307029310001
455,9465573,PURITAN,EVERGREEN,2015-12-22,22,12,2015,12,3,97,9,,,0,,1,1,1,25,2,2,2,5,0,0,0,0,true,,false,false,false,false,false,,,,,,false,false,false,,,false,false,false,false,false,-83.23773,42.40789,"{
  ""coordinates"": [
    -8.323773442500000e+01,
    4.240789407500010e+01
  ],
  ""type"": ""Point""
}","{
  ""coordinates"": [
    -83.237734425,
    42.407894075
  ],
  ""type"": ""Point""
}",-83.237734425,42.4078940750001
456,9465522,MILWAUKEE,RAMP 117A,2015-12-22,22,12,2015,17,3,4,3,,4,0,,1,1,4,35,3,2,3,4,0,0,0,1,false,,false,false,false,false,false,,,,,,false,false,true,,,false,false,false,false,false,-83.08064,42.36607,"{
  ""coordinates"": [
    -8.308063555400000e+01,
    4.236607477600010e+01
  ],
  ""type"": ""Point""
}","{
  ""coordinates"": [
    -83.080635554,
    42.366074776
  ],
  ""type"": ""Point""
}",-83.080635554,42.3660747760001