ObjectId,Crash ID,Primary Road,Intersecting Road,Crash Date,Day,Month,Year,Hour,Weekday,Crash Type Code,Highway Classification Code,Community Code,Jurisdiction Code,Lane Departure Type Code,Surface Type,Road Condition,Weather Condition,Lighting Condition,Speed Limit,Lanes,Units,Occupants,Most Severe Injury,Fatal Injuries,Suspected Serious Injuries,Suspected Minor Injuries,Possible Injuries,Property Damage Only,Secondary Crash,Traffic Control,Red Light Run,Hit and Run,Alcohol,Drugs,Unbelted Person,Work Zone,Speeding Driver,Distracted Driver,Driveway,Pedestrian,Elderly Driver,Young Driver,Commercial Vehicle,Emergency Vehicles,Train,School Bus,Motorcycle,Bicycle,Deer,Longitude,Latitude,geom,geog,x,y
457,9467042,7 MILE,ASHTON,2015-12-22,22,12,2015,16,3,3,9,,2,0,,1,1,1,35,4,2,3,5,0,0,0,0,true,,false,false,true,false,false,,,,,,false,false,true,,,false,false,false,false,false,-83.22047,42.42999,"{
  ""coordinates"": [
    -8.322046897800000e+01,
    4.242998707200010e+01
  ],
  ""type"": ""Point""
}","{
  ""coordinates"": [
    -83.220468978,
    42.429987072
  ],
  ""type"": ""Point""
}",-83.220468978,42.4299870720001
458,9467054,LAFAYETTE,6TH,2015-12-22,22,12,2015,22,3,5,9,,4,0,,1,1,4,30,2,2,3,5,0,0,0,0,true,,false,false,false,false,false,,,,,,false,false,false,,,false,false,false,false,false,-83.05856,42.32708,"{
  ""coordinates"": [
    -8.305856206800000e+01,
    4.232707625500010e+01
  ],
  ""type"": ""Point""
}","{
  ""coordinates"": [
    -83.058562068,
    42.327076255
  ],
  ""type"": ""Point""
}",-83.058562068,42.3270762550001
459,9465552,MARTIN LUTHER KING JR,S M 10 SERVICE DRIVE,2015-12-22,22,12,2015,7,3,97,9,,4,0,,1,1,2,35,4,2,3,5,0,0,0,0,true,,true,true,false,false,false,,,,,,false,false,false,,,false,false,false,false,false,-83.06844,42.34309,"{
  ""coordinates"": [
    -8.306843477699989e+01,
    4.234308628400000e+01
  ],
  ""type"": ""Point""
}","{
  ""coordinates"": [
    -83.068434777,
    42.343086284
  ],
  ""type"": ""Point""
}",-83.0684347769999,42.343086284
460,9465331,I-75,DEARBORN,2015-12-22,22,12,2015,10,3,8,1,,1,0,,1,2,1,70,4,2,2,5,0,0,0,0,true,,false,false,false,false,false,,,,,,false,true,false,,,false,false,false,false,false,-83.12549,42.29692,"{
  ""coordinates"": [
    -8.312548764099991e+01,
    4.229692034400010e+01
  ],
  ""type"": ""Point""
}","{
  ""coordinates"": [
    -83.125487641,
    42.296920344
  ],
  ""type"": ""Point""
}",-83.1254876409999,42.2969203440001
461,9465333,E I 96,HUBBELL,2015-12-22,22,12,2015,15,3,1,1,,1,1,,1,1,1,70,3,1,1,2,0,1,0,0,false,,false,false,false,false,false,,,,,,false,false,false,,,false,false,false,false,false,-83.18843,42.38036,"{
  ""coordinates"": [
    -8.318842833199990e+01,
    4.238035939700010e+01
  ],
  ""type"": ""Point""
}","{
  ""coordinates"": [
    -83.188428332,
    42.380359397
  ],
  ""type"": ""Point""
}",-83.1884283319999,42.3803593970001
462,9476106,M-39,JOY,2015-12-22,22,12,2015,15,3,5,3,,1,0,,1,2,1,55,3,2,1,5,0,0,0,0,true,,false,false,true,false,false,,,,,,false,false,false,,,false,false,false,false,false,-83.21632,42.36147,"{
  ""coordinates"": [
    -8.321632344100000e+01,
    4.236146700100010e+01
  ],
  ""type"": ""Point""
}","{
  ""coordinates"": [
    -83.216323441,
    42.361467001
  ],
  ""type"": ""Point""
}",-83.216323441,42.3614670010001
463,9467024,8 MILE,LAHSER,2015-12-22,22,12,2015,18,3,8,3,,1,0,,1,1,4,40,4,2,1,5,0,0,0,0,true,,false,false,true,false,false,,,,,,false,false,false,,,false,false,false,false,false,-83.25736,42.44327,"{
  ""coordinates"": [
    -8.325736151000000e+01,
    4.244327159100000e+01
  ],
  ""type"": ""Point""
}","{
  ""coordinates"": [
    -83.25736151,
    42.443271591
  ],
  ""type"": ""Point""
}",-83.25736151,42.443271591
464,9467064,MACK,CHENE,2015-12-22,22,12,2015,11,3,3,9,,4,0,,2,1,1,25,8,2,2,3,0,0,1,0,false,,false,false,false,false,false,,,,,,false,false,false,,,false,false,false,false,false,-83.03469,42.35651,"{
  ""coordinates"": [
    -8.303468972699990e+01,
    4.235650560400010e+01
  ],
  ""type"": ""Point""
}","{
  ""coordinates"": [
    -83.034689727,
    42.356505604
  ],
  ""type"": ""Point""
}",-83.0346897269999,42.3565056040001
465,9465576,HARPER,CADIEUX,2015-12-22,22,12,2015,14,3,8,9,,4,0,,1,2,1,25,3,2,2,5,0,0,0,0,true,,false,false,false,false,false,,,,,,false,false,false,,,false,false,false,false,false,-82.93637,42.41654,"{
  ""coordinates"": [
    -8.293637132200000e+01,
    4.241653915700000e+01
  ],
  ""type"": ""Point""
}","{
  ""coordinates"": [
    -82.936371322,
    42.416539157
  ],
  ""type"": ""Point""
}",-82.936371322,42.416539157
466,9465535,PLYMOUTH,HEYDEN,2015-12-22,22,12,2015,9,3,5,9,,4,0,,2,2,1,35,4,2,2,5,0,0,0,0,true,,false,false,true,false,false,,,,,,false,true,false,,,false,false,false,false,false,-83.23862,42.37187,"{
  ""coordinates"": [
    -8.323861624400000e+01,
    4.237187131700010e+01
  ],
  ""type"": ""Point""
}","{
  ""coordinates"": [
    -83.238616244,
    42.371871317
  ],
  ""type"": ""Point""
}",-83.238616244,42.3718713170001
467,9465570,CADILLAC,MACK,2015-12-22,22,12,2015,23,3,1,9,,4,0,,1,1,4,25,2,1,1,5,0,0,0,0,true,,false,false,false,false,false,,,,,,false,false,false,,,false,false,false,false,false,-82.99081,42.37353,"{
  ""coordinates"": [
    -8.299080841300000e+01,
    4.237353093100010e+01
  ],
  ""type"": ""Point""
}","{
  ""coordinates"": [
    -82.990808413,
    42.373530931
  ],
  ""type"": ""Point""
}",-82.990808413,42.3735309310001
468,9465406,M39,PURITAN,2015-12-22,22,12,2015,12,3,5,3,,1,0,,1,2,1,55,3,2,4,5,0,0,0,0,true,,false,false,false,false,false,,,,,,false,true,false,,,false,false,false,false,false,-83.21876,42.40915,"{
  ""coordinates"": [
    -8.321875795699999e+01,
    4.240914848500010e+01
  ],
  ""type"": ""Point""
}","{
  ""coordinates"": [
    -83.218757957,
    42.409148485
  ],
  ""type"": ""Point""
}",-83.218757957,42.4091484850001
469,9469091,ORANGELAWN,MARK TWAIN,2015-12-22,22,12,2015,13,3,1,9,,,0,,1,2,1,25,1,3,1,2,0,2,0,0,false,,false,false,true,false,false,,,,,,true,false,false,,,false,false,false,false,false,-83.18541,42.36811,"{
  ""coordinates"": [
    -8.318540881900000e+01,
    4.236811206300010e+01
  ],
  ""type"": ""Point""
}","{
  ""coordinates"": [
    -83.185408819,
    42.368112063
  ],
  ""type"": ""Point""
}",-83.185408819,42.3681120630001
470,9467821,GRAND RIVER,ROSA PARKS,2015-12-22,22,12,2015,16,3,8,3,,1,0,,1,1,1,35,3,2,1,5,0,0,0,0,true,,false,false,true,false,false,,,,,,false,false,false,,,false,false,false,false,false,-83.07961,42.34479,"{
  ""coordinates"": [
    -8.307961565700001e+01,
    4.234478934400000e+01
  ],
  ""type"": ""Point""
}","{
  ""coordinates"": [
    -83.079615657,
    42.344789344
  ],
  ""type"": ""Point""
}",-83.079615657,42.344789344
471,9469096,ELMIRA,LAUDER,2015-12-22,22,12,2015,8,3,4,9,,,0,,2,2,1,25,4,2,2,4,0,0,0,1,false,,false,false,false,false,false,,,,,,false,false,false,,,false,false,false,false,false,-83.1899,42.37038,"{
  ""coordinates"": [
    -8.318989202400000e+01,
    4.237037560300010e+01
  ],
  ""type"": ""Point""
}","{
  ""coordinates"": [
    -83.189892024,
    42.370375603
  ],
  ""type"": ""Point""
}",-83.189892024,42.3703756030001
472,9465529,FAUST,TIREMAN,2015-12-22,22,12,2015,5,3,2,9,,,2,,2,2,4,25,1,2,2,5,0,0,0,0,true,,false,false,true,false,false,,,,,,false,false,false,,,false,false,false,false,false,-83.22101,42.34917,"{
  ""coordinates"": [
    -8.322100759999999e+01,
    4.234916721200010e+01
  ],
  ""type"": ""Point""
}","{
  ""coordinates"": [
    -83.2210076,
    42.349167212
  ],
  ""type"": ""Point""
}",-83.2210076,42.3491672120001
473,9465384,I-96,GRAND,2015-12-22,22,12,2015,10,3,1,1,,1,1,,2,2,1,55,4,1,1,5,0,0,0,0,true,,false,false,false,false,false,,,,,,false,false,true,,,false,false,false,false,false,-83.1098,42.35561,"{
  ""coordinates"": [
    -8.310980542800000e+01,
    4.235560812100000e+01
  ],
  ""type"": ""Point""
}","{
  ""coordinates"": [
    -83.109805428,
    42.355608121
  ],
  ""type"": ""Point""
}",-83.109805428,42.355608121
474,9465557,CADILLAC,RANDOLPH,2015-12-22,22,12,2015,8,3,8,3,,4,0,,2,2,1,25,2,2,2,5,0,0,0,0,true,,false,false,false,false,false,,,,,,false,false,false,,,false,false,false,false,false,-83.0435,42.3314,"{
  ""coordinates"": [
    -8.304349534600000e+01,
    4.233139986600000e+01
  ],
  ""type"": ""Point""
}","{
  ""coordinates"": [
    -83.043495346,
    42.331399866
  ],
  ""type"": ""Point""
}",-83.043495346,42.331399866
475,9467047,GREINER,BARLOW,2015-12-22,22,12,2015,19,3,4,9,,4,0,,1,1,4,25,2,2,3,4,0,0,0,2,false,,false,false,true,false,false,,,,,,false,false,false,,,false,false,false,false,false,-82.99575,42.42742,"{
  ""coordinates"": [
    -8.299575009099991e+01,
    4.242741965400010e+01
  ],
  ""type"": ""Point""
}","{
  ""coordinates"": [
    -82.995750091,
    42.427419654
  ],
  ""type"": ""Point""
}",-82.9957500909999,42.4274196540001
476,9465504,WARREN,PIEDMONT,2015-12-22,22,12,2015,22,3,4,9,,2,0,,1,1,4,35,4,2,1,5,0,0,0,0,true,,false,false,true,false,false,,,,,,false,false,false,,,false,false,false,false,false,-83.22808,42.34324,"{
  ""coordinates"": [
    -8.322807868900000e+01,
    4.234323809200000e+01
  ],
  ""type"": ""Point""
}","{
  ""coordinates"": [
    -83.228078689,
    42.343238092
  ],
  ""type"": ""Point""
}",-83.228078689,42.343238092
477,9465551,FORT,10TH,2015-12-22,22,12,2015,3,3,4,3,,1,0,,2,4,4,30,4,2,2,5,0,0,0,0,true,,false,false,true,false,false,,,,,,false,false,true,,,false,false,false,false,false,-83.06301,42.32399,"{
  ""coordinates"": [
    -8.306301459600000e+01,
    4.232398590800010e+01
  ],
  ""type"": ""Point""
}","{
  ""coordinates"": [
    -83.063014596,
    42.323985908
  ],
  ""type"": ""Point""
}",-83.063014596,42.3239859080001
478,9465372,I-94,MOUNT ELLIOTT,2015-12-22,22,12,2015,18,3,5,1,,1,0,,1,2,4,55,3,2,2,5,0,0,0,0,true,,false,false,false,false,false,,,,,,false,false,true,,,false,false,false,false,false,-83.03251,42.38021,"{
  ""coordinates"": [
    -8.303250817599999e+01,
    4.238021641500010e+01
  ],
  ""type"": ""Point""
}","{
  ""coordinates"": [
    -83.032508176,
    42.380216415
  ],
  ""type"": ""Point""
}",-83.032508176,42.3802164150001
479,9466880,I-75,DEARBORN,2015-12-22,22,12,2015,17,3,5,1,,1,0,,1,1,3,70,4,2,2,5,0,0,0,0,true,,false,false,false,false,false,,,,,,false,false,false,,,false,false,false,false,false,-83.13805,42.28759,"{
  ""coordinates"": [
    -8.313805290399991e+01,
    4.228758628700010e+01
  ],
  ""type"": ""Point""
}","{
  ""coordinates"": [
    -83.138052904,
    42.287586287
  ],
  ""type"": ""Point""
}",-83.1380529039999,42.2875862870001
480,9465578,LUCE,MOUND,2015-12-22,22,12,2015,0,3,1,9,,4,1,,97,98,4,25,2,1,0,5,0,0,0,0,true,,false,false,false,false,false,,,,,,false,false,false,,,false,false,false,false,false,-83.04289,42.41549,"{
  ""coordinates"": [
    -8.304288942900000e+01,
    4.241548370200010e+01
  ],
  ""type"": ""Point""
}","{
  ""coordinates"": [
    -83.042889429,
    42.415483702
  ],
  ""type"": ""Point""
}",-83.042889429,42.4154837020001
481,9465554,8045 LINWOOD,MONTGOMERY,2015-12-22,22,12,2015,14,3,8,9,,4,0,,1,1,1,25,2,2,1,5,0,0,0,0,true,,false,false,true,true,false,,,,,,false,false,false,,,false,false,false,false,false,-83.10313,42.36507,"{
  ""coordinates"": [
    -8.310313642300000e+01,
    4.236506743000010e+01
  ],
  ""type"": ""Point""
}","{
  ""coordinates"": [
    -83.103136423,
    42.36506743
  ],
  ""type"": ""Point""
}",-83.103136423,42.3650674300001
482,9465332,N M 39,RAMP 008A,2015-12-22,22,12,2015,14,3,5,3,,1,0,,1,1,1,55,3,2,4,5,0,0,0,0,true,,false,false,false,false,false,,,,,,false,false,false,,,false,false,false,false,false,-83.21642,42.36824,"{
  ""coordinates"": [
    -8.321641644800000e+01,
    4.236823653600000e+01
  ],
  ""type"": ""Point""
}","{
  ""coordinates"": [
    -83.216416448,
    42.368236536
  ],
  ""type"": ""Point""
}",-83.216416448,42.368236536
483,9465524,OUTER,LYNDON,2015-12-22,22,12,2015,11,3,97,9,,2,0,,1,1,1,25,2,2,2,5,0,0,0,0,true,,false,false,true,false,false,,,,,,false,false,true,,,false,false,false,false,false,-83.25641,42.39311,"{
  ""coordinates"": [
    -8.325641232500000e+01,
    4.239311064000000e+01
  ],
  ""type"": ""Point""
}","{
  ""coordinates"": [
    -83.256412325,
    42.39311064
  ],
  ""type"": ""Point""
}",-83.256412325,42.39311064
484,9471183,W I 96,RAMP 008C,2015-12-22,22,12,2015,10,3,1,1,,1,1,,2,2,1,55,3,1,2,5,0,0,0,0,true,,false,false,false,false,false,,,,,,false,false,true,,,false,false,false,false,false,-83.21716,42.3788,"{
  ""coordinates"": [
    -8.321716411900000e+01,
    4.237880172300000e+01
  ],
  ""type"": ""Point""
}","{
  ""coordinates"": [
    -83.217164119,
    42.378801723
  ],
  ""type"": ""Point""
}",-83.217164119,42.378801723
485,9469147,ALEXANDRINE,WOODWARD,2015-12-22,22,12,2015,1,3,1,3,,4,1,,2,4,4,25,2,1,1,5,0,0,0,0,true,,false,false,false,true,true,,,,,,false,false,false,,,false,false,false,false,false,-83.05968,42.35072,"{
  ""coordinates"": [
    -8.305968611899991e+01,
    4.235071396900000e+01
  ],
  ""type"": ""Point""
}","{
  ""coordinates"": [
    -83.059686119,
    42.350713969
  ],
  ""type"": ""Point""
}",-83.0596861189999,42.350713969
486,9465405,I 75,DEARBORN,2015-12-22,22,12,2015,10,3,8,1,,1,0,,2,2,1,70,4,3,6,5,0,0,0,0,true,,false,false,false,false,false,,,,,,false,false,false,,,false,false,false,false,false,-83.13121,42.29038,"{
  ""coordinates"": [
    -8.313121198000000e+01,
    4.229038041000010e+01
  ],
  ""type"": ""Point""
}","{
  ""coordinates"": [
    -83.13121198,
    42.29038041
  ],
  ""type"": ""Point""
}",-83.13121198,42.2903804100001
487,9465572,WARREN,CONNER,2015-12-22,22,12,2015,9,3,4,9,,4,0,,2,4,1,35,4,2,3,4,0,0,0,1,false,,false,false,false,false,false,,,,,,false,true,false,,,false,false,false,false,false,-82.97602,42.38929,"{
  ""coordinates"": [
    -8.297601999100000e+01,
    4.238928609500000e+01
  ],
  ""type"": ""Point""
}","{
  ""coordinates"": [
    -82.976019991,
    42.389286095
  ],
  ""type"": ""Point""
}",-82.976019991,42.389286095
488,9465340,S/B M 10,GREENFIELD,2015-12-22,22,12,2015,20,3,8,3,,1,0,,1,1,4,55,3,3,2,5,0,0,0,0,true,,false,false,false,false,false,,,,,,false,false,false,,,false,false,false,false,false,-83.20177,42.44337,"{
  ""coordinates"": [
    -8.320176782100000e+01,
    4.244337109400000e+01
  ],
  ""type"": ""Point""
}","{
  ""coordinates"": [
    -83.201767821,
    42.443371094
  ],
  ""type"": ""Point""
}",-83.201767821,42.443371094
489,9475182,CHRYSLER,HOLBROOK,2015-12-22,22,12,2015,6,3,4,1,,4,0,,1,2,5,25,4,2,2,5,0,0,0,0,true,,false,false,true,false,false,,,,,,false,false,true,,,false,false,false,false,false,-83.06771,42.3868,"{
  ""coordinates"": [
    -8.306771145200000e+01,
    4.238680356600000e+01
  ],
  ""type"": ""Point""
}","{
  ""coordinates"": [
    -83.067711452,
    42.386803566
  ],
  ""type"": ""Point""
}",-83.067711452,42.386803566
490,9465584,WYOMING,PURITAN,2015-12-22,22,12,2015,9,3,8,9,,4,0,,2,2,1,30,5,2,2,5,0,0,0,0,true,,false,false,true,false,false,,,,,,false,true,false,,,false,false,false,false,false,-83.15999,42.40962,"{
  ""coordinates"": [
    -8.315999123700000e+01,
    4.240961805800000e+01
  ],
  ""type"": ""Point""
}","{
  ""coordinates"": [
    -83.159991237,
    42.409618058
  ],
  ""type"": ""Point""
}",-83.159991237,42.409618058
491,9466875,M39,PAUL,2015-12-22,22,12,2015,16,3,5,9,,4,0,,1,1,1,55,3,3,6,5,0,0,0,0,true,,false,false,true,false,false,,,,,,false,false,false,,,false,false,false,false,false,-83.2154,42.33475,"{
  ""coordinates"": [
    -8.321539837499991e+01,
    4.233475614700010e+01
  ],
  ""type"": ""Point""
}","{
  ""coordinates"": [
    -83.215398375,
    42.334756147
  ],
  ""type"": ""Point""
}",-83.2153983749999,42.3347561470001
492,9467082,MCNICHOLS,WYOMING,2015-12-22,22,12,2015,15,3,5,9,,2,0,,1,1,1,30,5,2,3,5,0,0,0,0,true,,false,false,false,false,false,,,,,,false,false,true,,,false,false,false,false,false,-83.16035,42.41693,"{
  ""coordinates"": [
    -8.316035445800000e+01,
    4.241692900700010e+01
  ],
  ""type"": ""Point""
}","{
  ""coordinates"": [
    -83.160354458,
    42.416929007
  ],
  ""type"": ""Point""
}",-83.160354458,42.4169290070001
493,9465339,E/B I 96,S/B M 39,2015-12-22,22,12,2015,18,3,5,1,,1,0,,1,1,4,55,2,2,2,4,0,0,0,1,false,,false,false,false,false,false,,,,,,false,false,true,,,false,false,false,false,false,-83.21905,42.37856,"{
  ""coordinates"": [
    -8.321904499599999e+01,
    4.237856456500000e+01
  ],
  ""type"": ""Point""
}","{
  ""coordinates"": [
    -83.219044996,
    42.378564565
  ],
  ""type"": ""Point""
}",-83.219044996,42.378564565
494,9471347,ORCHARD,BURGRESS,2015-12-22,22,12,2015,11,3,97,9,,,0,,1,1,1,0,1,2,1,5,0,0,0,0,true,,false,false,false,false,false,,,,,,false,false,false,,,false,false,false,false,false,-83.25529,42.41798,"{
  ""coordinates"": [
    -8.325529161799990e+01,
    4.241798529700000e+01
  ],
  ""type"": ""Point""
}","{
  ""coordinates"": [
    -83.255291618,
    42.417985297
  ],
  ""type"": ""Point""
}",-83.2552916179999,42.417985297
495,9465383,RAMP 008X,W I 96,2015-12-22,22,12,2015,6,3,1,1,,1,1,,2,2,4,35,1,1,1,5,0,0,0,0,true,,false,false,false,false,false,,,,,,false,false,false,,,false,false,false,false,false,-83.20843,42.37908,"{
  ""coordinates"": [
    -8.320842642900000e+01,
    4.237908304100010e+01
  ],
  ""type"": ""Point""
}","{
  ""coordinates"": [
    -83.208426429,
    42.379083041
  ],
  ""type"": ""Point""
}",-83.208426429,42.3790830410001
496,9464462,HARPER,CHENE,2015-12-21,21,12,2015,5,2,4,9,,4,0,,2,4,4,45,3,2,2,5,0,0,0,0,true,,false,false,false,false,false,,,,,,false,false,false,,,false,false,false,false,false,-83.04629,42.37403,"{
  ""coordinates"": [
    -8.304628986300000e+01,
    4.237402700100010e+01
  ],
  ""type"": ""Point""
}","{
  ""coordinates"": [
    -83.046289863,
    42.374027001
  ],
  ""type"": ""Point""
}",-83.046289863,42.3740270010001
497,9465505,BRADEN,MICHIGAN,2015-12-21,21,12,2015,9,2,9,9,,,0,,2,1,1,25,2,2,2,5,0,0,0,0,true,,false,false,false,false,false,,,,,,false,false,false,,,false,false,false,false,false,-83.12914,42.33149,"{
  ""coordinates"": [
    -8.312913644600000e+01,
    4.233149222100010e+01
  ],
  ""type"": ""Point""
}","{
  ""coordinates"": [
    -83.129136446,
    42.331492221
  ],
  ""type"": ""Point""
}",-83.129136446,42.3314922210001
498,9465563,LIVERNOIS,CADET,2015-12-21,21,12,2015,4,2,5,9,,4,0,,2,4,4,30,3,3,0,5,0,0,0,0,true,,false,false,true,false,false,,,,,,false,false,false,,,false,false,false,false,false,-83.10864,42.31376,"{
  ""coordinates"": [
    -8.310864211400001e+01,
    4.231376095800000e+01
  ],
  ""type"": ""Point""
}","{
  ""coordinates"": [
    -83.108642114,
    42.313760958
  ],
  ""type"": ""Point""
}",-83.108642114,42.313760958
499,9464461,MOFFAT,CADILLAC,2015-12-21,21,12,2015,15,2,4,9,,,0,,2,2,1,25,2,2,2,5,0,0,0,0,true,,true,false,false,false,false,,,,,,false,false,false,,,false,false,false,false,false,-82.99838,42.38469,"{
  ""coordinates"": [
    -8.299837887099990e+01,
    4.238468986600000e+01
  ],
  ""type"": ""Point""
}","{
  ""coordinates"": [
    -82.998378871,
    42.384689866
  ],
  ""type"": ""Point""
}",-82.9983788709999,42.384689866
500,9465367,I-75,HOLBROOK,2015-12-21,21,12,2015,11,2,1,1,,1,1,,2,4,1,70,5,1,1,5,0,0,0,0,true,,false,false,false,false,false,,,,,,false,false,false,,,false,false,false,false,false,-83.07,42.3898,"{
  ""coordinates"": [
    -8.306999810699990e+01,
    4.238980293800010e+01
  ],
  ""type"": ""Point""
}","{
  ""coordinates"": [
    -83.069998107,
    42.389802938
  ],
  ""type"": ""Point""
}",-83.0699981069999,42.3898029380001
501,9465378,W I 96,GRAND RIVER,2015-12-21,21,12,2015,9,2,1,1,,1,1,,2,4,1,70,2,1,1,5,0,0,0,0,true,,false,false,false,false,false,,,,,,false,false,false,,,false,false,false,false,false,-83.17665,42.38369,"{
  ""coordinates"": [
    -8.317664773199991e+01,
    4.238369219600000e+01
  ],
  ""type"": ""Point""
}","{
  ""coordinates"": [
    -83.176647732,
    42.383692196
  ],
  ""type"": ""Point""
}",-83.1766477319999,42.383692196
502,9465396,RAMP 216A,S/B I-75,2015-12-21,21,12,2015,8,2,4,1,,1,0,,2,4,1,55,2,2,2,5,0,0,0,0,true,,false,false,false,false,false,,,,,,false,false,true,,,false,false,false,false,false,-83.0548,42.36127,"{
  ""coordinates"": [
    -8.305480386499990e+01,
    4.236127518900000e+01
  ],
  ""type"": ""Point""
}","{
  ""coordinates"": [
    -83.054803865,
    42.361275189
  ],
  ""type"": ""Point""
}",-83.0548038649999,42.361275189
503,9463278,RAMP 109B,S M 10,2015-12-21,21,12,2015,4,2,1,3,,1,1,,2,4,4,35,1,1,1,4,0,0,0,1,false,,false,false,false,true,false,,,,,,false,false,false,,,false,false,false,false,false,-83.10821,42.39589,"{
  ""coordinates"": [
    -8.310820899100000e+01,
    4.239588893600010e+01
  ],
  ""type"": ""Point""
}","{
  ""coordinates"": [
    -83.108208991,
    42.395888936
  ],
  ""type"": ""Point""
}",-83.108208991,42.3958889360001
504,9465346,I-94,CADIEUX,2015-12-21,21,12,2015,16,2,1,1,,1,1,,2,1,1,55,3,1,1,5,0,0,0,0,true,,false,false,false,false,false,,,,,,false,false,false,,,false,false,false,false,false,-82.93333,42.41952,"{
  ""coordinates"": [
    -8.293333042800000e+01,
    4.241952309000000e+01
  ],
  ""type"": ""Point""
}","{
  ""coordinates"": [
    -82.933330428,
    42.41952309
  ],
  ""type"": ""Point""
}",-82.933330428,42.41952309
505,9465506,BASSETT,MIAMI,2015-12-21,21,12,2015,1,2,97,9,,,1,,1,1,4,25,2,1,0,5,0,0,0,0,true,,false,false,false,false,false,,,,,,false,false,false,,,false,false,false,false,false,-83.14851,42.27066,"{
  ""coordinates"": [
    -8.314851341900000e+01,
    4.227066070600010e+01
  ],
  ""type"": ""Point""
}","{
  ""coordinates"": [
    -83.148513419,
    42.270660706
  ],
  ""type"": ""Point""
}",-83.148513419,42.2706607060001
506,9464484,OUTER,WARWICK,2015-12-21,21,12,2015,10,2,4,9,,2,0,,2,4,3,35,2,2,3,3,0,0,1,0,false,,false,false,true,false,false,,,,,,false,false,false,,,false,false,false,false,false,-83.22929,42.41904,"{
  ""coordinates"": [
    -8.322929561099990e+01,
    4.241904304400000e+01
  ],
  ""type"": ""Point""
}","{
  ""coordinates"": [
    -83.229295611,
    42.419043044
  ],
  ""type"": ""Point""
}",-83.2292956109999,42.419043044
507,9464483,8 MILE,STOTTER,2015-12-21,21,12,2015,13,2,8,3,,1,0,,2,2,1,35,6,2,1,5,0,0,0,0,true,,false,false,true,false,false,,,,,,false,false,false,,,false,false,false,false,false,-83.02558,42.44814,"{
  ""coordinates"": [
    -8.302557988000000e+01,
    4.244813849900000e+01
  ],
  ""type"": ""Point""
}","{
  ""coordinates"": [
    -83.02557988,
    42.448138499
  ],
  ""type"": ""Point""
}",-83.02557988,42.448138499
508,9467071,W I 94,S HARPER/N I 94,2015-12-21,21,12,2015,15,2,5,1,,1,0,,2,2,1,30,2,2,3,4,0,0,0,1,false,,false,false,false,false,false,,,,,,false,true,false,,,false,false,false,false,false,-82.92847,42.425,"{
  ""coordinates"": [
    -8.292847527000001e+01,
    4.242499598700000e+01
  ],
  ""type"": ""Point""
}","{
  ""coordinates"": [
    -82.92847527,
    42.424995987
  ],
  ""type"": ""Point""
}",-82.92847527,42.424995987
509,9464449,7 MILE,GREENVIEW,2015-12-21,21,12,2015,22,2,5,9,,2,0,,2,4,4,0,2,2,1,5,0,0,0,0,true,,false,false,true,false,false,,,,,,false,false,false,,,false,false,false,false,false,-83.22554,42.4299,"{
  ""coordinates"": [
    -8.322553802700000e+01,
    4.242989845100000e+01
  ],
  ""type"": ""Point""
}","{
  ""coordinates"": [
    -83.225538027,
    42.429898451
  ],
  ""type"": ""Point""
}",-83.225538027,42.429898451
510,9465501,CONANT,POINTER,2015-12-21,21,12,2015,15,2,5,9,,4,0,,2,4,1,35,4,2,2,5,0,0,0,0,true,,false,false,false,false,false,,,,,,false,false,false,,,false,false,false,false,false,-83.08162,42.44398,"{
  ""coordinates"": [
    -8.308161676299990e+01,
    4.244397555900010e+01
  ],
  ""type"": ""Point""
}","{
  ""coordinates"": [
    -83.081616763,
    42.443975559
  ],
  ""type"": ""Point""
}",-83.0816167629999,42.4439755590001
511,9464479,EVERGREEN,PLYMOUTH,2015-12-21,21,12,2015,15,2,5,9,,4,0,,2,2,1,35,5,3,2,5,0,0,0,0,true,,false,false,false,false,false,,,,,,false,false,false,,,false,false,false,false,false,-83.23623,42.37134,"{
  ""coordinates"": [
    -8.323623178900000e+01,
    4.237133950800010e+01
  ],
  ""type"": ""Point""
}","{
  ""coordinates"": [
    -83.236231789,
    42.371339508
  ],
  ""type"": ""Point""
}",-83.236231789,42.3713395080001
512,9474089,FREELAND,7 MILE,2015-12-21,21,12,2015,21,2,1,9,,,0,,1,1,4,25,2,2,1,3,0,0,1,0,false,,false,false,true,false,false,,,,,,true,false,false,,,false,false,false,false,false,-83.18637,42.43087,"{
  ""coordinates"": [
    -8.318636972900001e+01,
    4.243087162400010e+01
  ],
  ""type"": ""Point""
}","{
  ""coordinates"": [
    -83.186369729,
    42.430871624
  ],
  ""type"": ""Point""
}",-83.186369729,42.4308716240001
513,9467032,FORD,S M 39 SERVICE DRIVE,2015-12-21,21,12,2015,14,2,5,3,,1,0,,2,4,1,50,4,2,4,4,0,0,0,2,false,,false,false,false,false,false,,,,,,false,false,false,,,false,false,false,false,false,-83.21603,42.32909,"{
  ""coordinates"": [
    -8.321603537800000e+01,
    4.232909141700000e+01
  ],
  ""type"": ""Point""
}","{
  ""coordinates"": [
    -83.216035378,
    42.329091417
  ],
  ""type"": ""Point""
}",-83.216035378,42.329091417
514,9466874,DAVISON,I 96,2015-12-21,21,12,2015,16,2,1,3,,1,1,,2,2,3,45,3,1,1,5,0,0,0,0,true,,false,false,false,false,false,,,,,,false,false,true,,,false,false,false,false,false,-83.15202,42.38503,"{
  ""coordinates"": [
    -8.315202420900000e+01,
    4.238502945100000e+01
  ],
  ""type"": ""Point""
}","{
  ""coordinates"": [
    -83.152024209,
    42.385029451
  ],
  ""type"": ""Point""
}",-83.152024209,42.385029451