ObjectId,Crash ID,Primary Road,Intersecting Road,Crash Date,Day,Month,Year,Hour,Weekday,Crash Type Code,Highway Classification Code,Community Code,Jurisdiction Code,Lane Departure Type Code,Surface Type,Road Condition,Weather Condition,Lighting Condition,Speed Limit,Lanes,Units,Occupants,Most Severe Injury,Fatal Injuries,Suspected Serious Injuries,Suspected Minor Injuries,Possible Injuries,Property Damage Only,Secondary Crash,Traffic Control,Red Light Run,Hit and Run,Alcohol,Drugs,Unbelted Person,Work Zone,Speeding Driver,Distracted Driver,Driveway,Pedestrian,Elderly Driver,Young Driver,Commercial Vehicle,Emergency Vehicles,Train,School Bus,Motorcycle,Bicycle,Deer,Longitude,Latitude,geom,geog,x,y
800,9466894,NB I-75,DAVISON,2015-12-16,16,12,2015,17,4,5,1,,1,0,,1,1,1,70,5,2,2,5,0,0,0,0,true,,false,false,false,false,false,,,,,,false,false,false,,,false,false,false,false,false,-83.07802,42.40763,"{
  ""coordinates"": [
    -8.307801458599990e+01,
    4.240762770700010e+01
  ],
  ""type"": ""Point""
}","{
  ""coordinates"": [
    -83.078014586,
    42.407627707
  ],
  ""type"": ""Point""
}",-83.0780145859999,42.4076277070001
801,9615409,NEVADA,BRUSH,2015-12-16,16,12,2015,2,4,8,9,,4,0,,1,1,4,0,2,2,0,5,0,0,0,0,true,,false,false,true,false,false,,,,,,false,false,false,,,false,false,false,false,false,-83.09782,42.42477,"{
  ""coordinates"": [
    -8.309782404600000e+01,
    4.242476803600000e+01
  ],
  ""type"": ""Point""
}","{
  ""coordinates"": [
    -83.097824046,
    42.424768036
  ],
  ""type"": ""Point""
}",-83.097824046,42.424768036
802,9463280,NB I-75,CARPENTER,2015-12-16,16,12,2015,17,4,5,1,,1,0,,1,1,1,70,5,2,2,5,0,0,0,0,true,,false,false,false,false,false,,,,,,false,false,true,,,false,false,false,false,false,-83.07327,42.40448,"{
  ""coordinates"": [
    -8.307327635999999e+01,
    4.240448412700000e+01
  ],
  ""type"": ""Point""
}","{
  ""coordinates"": [
    -83.07327636,
    42.404484127
  ],
  ""type"": ""Point""
}",-83.07327636,42.404484127
803,9664117,DORRIS,WILDEMERE,2015-12-16,16,12,2015,21,4,97,9,,,0,,1,1,4,25,3,2,1,5,0,0,0,0,true,,false,false,true,false,false,,,,,,false,false,false,,,false,false,false,false,false,-83.13116,42.39656,"{
  ""coordinates"": [
    -8.313116551900001e+01,
    4.239656040300010e+01
  ],
  ""type"": ""Point""
}","{
  ""coordinates"": [
    -83.131165519,
    42.396560403
  ],
  ""type"": ""Point""
}",-83.131165519,42.3965604030001
804,9459403,FERRY,RIOPELLE,2015-12-16,16,12,2015,8,4,4,9,,4,0,,1,1,1,35,2,2,1,5,0,0,0,0,true,,false,false,true,false,false,,,,,,false,false,false,,,false,false,false,false,false,-83.05032,42.36741,"{
  ""coordinates"": [
    -8.305032200700001e+01,
    4.236741034000000e+01
  ],
  ""type"": ""Point""
}","{
  ""coordinates"": [
    -83.050322007,
    42.36741034
  ],
  ""type"": ""Point""
}",-83.050322007,42.36741034
805,9462237,BELLEVUE,GRATIOT,2015-12-16,16,12,2015,8,4,9,3,,,0,,1,1,1,35,1,2,2,5,0,0,0,0,true,,false,false,false,false,false,,,,,,false,false,false,,,false,false,false,false,false,-83.02154,42.36848,"{
  ""coordinates"": [
    -8.302153805300000e+01,
    4.236847553300000e+01
  ],
  ""type"": ""Point""
}","{
  ""coordinates"": [
    -83.021538053,
    42.368475533
  ],
  ""type"": ""Point""
}",-83.021538053,42.368475533
806,9465409,I-94,ROSA PARKS,2015-12-16,16,12,2015,15,4,8,1,,1,0,,1,1,1,55,3,2,2,5,0,0,0,0,true,,false,false,false,false,false,,,,,,false,false,false,,,false,false,false,false,false,-83.08534,42.35457,"{
  ""coordinates"": [
    -8.308534126200000e+01,
    4.235457007400000e+01
  ],
  ""type"": ""Point""
}","{
  ""coordinates"": [
    -83.085341262,
    42.354570074
  ],
  ""type"": ""Point""
}",-83.085341262,42.354570074
807,9478403,SCHAEFER,SCHOOLCRAFT,2015-12-16,16,12,2015,18,4,5,9,,4,0,,2,4,4,30,2,2,2,5,0,0,0,0,true,,false,false,false,false,false,,,,,,false,false,false,,,false,false,false,false,false,-83.1785,42.38745,"{
  ""coordinates"": [
    -8.317850348000000e+01,
    4.238745089200010e+01
  ],
  ""type"": ""Point""
}","{
  ""coordinates"": [
    -83.17850348,
    42.387450892
  ],
  ""type"": ""Point""
}",-83.17850348,42.3874508920001
808,9660352,SEVEN MILE,OAKFIELD,2015-12-16,16,12,2015,19,4,2,9,,2,0,,2,4,4,30,4,2,3,4,0,0,0,1,false,,false,false,false,false,false,,,,,,false,true,false,,,false,false,false,false,false,-83.21501,42.43013,"{
  ""coordinates"": [
    -8.321501412000001e+01,
    4.243013240400010e+01
  ],
  ""type"": ""Point""
}","{
  ""coordinates"": [
    -83.21501412,
    42.430132404
  ],
  ""type"": ""Point""
}",-83.21501412,42.4301324040001
809,9619517,SOUTHFIELD SERVICE DRIVE,SCHOOLCRAFT,2015-12-16,16,12,2015,15,4,8,9,,4,0,,1,1,1,25,1,2,3,5,0,0,0,0,true,,false,false,false,false,false,,,,,,false,true,false,,,false,false,false,false,false,-83.21722,42.38652,"{
  ""coordinates"": [
    -8.321721692499990e+01,
    4.238652494700010e+01
  ],
  ""type"": ""Point""
}","{
  ""coordinates"": [
    -83.217216925,
    42.386524947
  ],
  ""type"": ""Point""
}",-83.2172169249999,42.3865249470001
810,9460508,DAVISON,MOUND,2015-12-16,16,12,2015,7,4,4,9,,2,0,,1,1,1,35,4,2,3,5,0,0,0,0,true,,true,true,false,false,false,,,,,,false,true,false,,,false,false,false,false,false,-83.0432,42.42247,"{
  ""coordinates"": [
    -8.304320084200000e+01,
    4.242246989600010e+01
  ],
  ""type"": ""Point""
}","{
  ""coordinates"": [
    -83.043200842,
    42.422469896
  ],
  ""type"": ""Point""
}",-83.043200842,42.4224698960001
811,9619512,TIREMAN,SPINOZA,2015-12-16,16,12,2015,15,4,5,9,,4,0,,1,1,1,25,2,2,4,5,0,0,0,0,true,,false,false,false,false,false,,,,,,false,true,false,,,false,false,false,false,false,-83.24729,42.35011,"{
  ""coordinates"": [
    -8.324729497200001e+01,
    4.235010867000010e+01
  ],
  ""type"": ""Point""
}","{
  ""coordinates"": [
    -83.247294972,
    42.35010867
  ],
  ""type"": ""Point""
}",-83.247294972,42.3501086700001
812,9472190,SEVEN MILE,FERGUSON,2015-12-16,16,12,2015,15,4,4,9,,2,0,,1,2,1,35,6,2,3,4,0,0,0,1,false,,false,false,false,false,false,,,,,,false,false,false,,,false,false,false,false,false,-83.21062,42.43026,"{
  ""coordinates"": [
    -8.321062164999999e+01,
    4.243025491900000e+01
  ],
  ""type"": ""Point""
}","{
  ""coordinates"": [
    -83.21062165,
    42.430254919
  ],
  ""type"": ""Point""
}",-83.21062165,42.430254919
813,9612533,S M 10,RAMP 107A,2015-12-16,16,12,2015,8,4,5,3,,1,0,,1,2,2,55,3,2,4,4,0,0,0,2,false,,false,false,false,false,false,,,,,,false,false,false,,,false,false,false,false,false,-83.14532,42.40475,"{
  ""coordinates"": [
    -8.314531602400000e+01,
    4.240474933900000e+01
  ],
  ""type"": ""Point""
}","{
  ""coordinates"": [
    -83.145316024,
    42.404749339
  ],
  ""type"": ""Point""
}",-83.145316024,42.404749339
814,9459307,S I 75/GRATIOT,GRATIOT,2015-12-16,16,12,2015,20,4,1,7,,1,1,,2,4,4,0,3,1,1,5,0,0,0,0,true,,false,false,false,false,false,,,,,,false,false,false,,,false,false,false,false,false,-83.03632,42.34669,"{
  ""coordinates"": [
    -8.303632529399989e+01,
    4.234669071200010e+01
  ],
  ""type"": ""Point""
}","{
  ""coordinates"": [
    -83.036325294,
    42.346690712
  ],
  ""type"": ""Point""
}",-83.0363252939999,42.3466907120001
815,9469089,GRAND RIVER,WYOMING,2015-12-16,16,12,2015,17,4,5,3,,1,0,,1,1,4,30,4,2,3,5,0,0,0,0,true,,false,false,true,false,false,,,,,,false,false,false,,,false,false,false,false,false,-83.15852,42.37661,"{
  ""coordinates"": [
    -8.315852557700001e+01,
    4.237661455300000e+01
  ],
  ""type"": ""Point""
}","{
  ""coordinates"": [
    -83.158525577,
    42.376614553
  ],
  ""type"": ""Point""
}",-83.158525577,42.376614553
816,9465566,SCHAEFER,FORT,2015-12-16,16,12,2015,12,4,97,7,,1,0,,1,1,1,30,5,2,1,5,0,0,0,0,true,,false,false,true,false,false,,,,,,false,false,false,,,false,false,false,false,false,-83.15544,42.27639,"{
  ""coordinates"": [
    -8.315544164300000e+01,
    4.227638700500010e+01
  ],
  ""type"": ""Point""
}","{
  ""coordinates"": [
    -83.155441643,
    42.276387005
  ],
  ""type"": ""Point""
}",-83.155441643,42.2763870050001
817,9459395,8 MILE,BRAMFORD,2015-12-16,16,12,2015,6,4,4,3,,1,0,,1,1,4,45,4,2,3,5,0,0,0,0,true,,false,false,false,false,false,,,,,,false,true,false,,,false,false,false,false,false,-83.02359,42.44818,"{
  ""coordinates"": [
    -8.302358989000000e+01,
    4.244818672400000e+01
  ],
  ""type"": ""Point""
}","{
  ""coordinates"": [
    -83.02358989,
    42.448186724
  ],
  ""type"": ""Point""
}",-83.02358989,42.448186724
818,9465387,I-94,MT ELLIOTT,2015-12-16,16,12,2015,10,4,5,1,,1,0,,1,2,1,55,3,2,2,5,0,0,0,0,true,,false,false,true,false,false,,,,,,false,true,false,,,false,false,false,false,false,-83.03263,42.38031,"{
  ""coordinates"": [
    -8.303263220400000e+01,
    4.238031410000010e+01
  ],
  ""type"": ""Point""
}","{
  ""coordinates"": [
    -83.032632204,
    42.3803141
  ],
  ""type"": ""Point""
}",-83.032632204,42.3803141000001
819,9465486,I 75,CANFIELD,2015-12-16,16,12,2015,17,4,8,1,,1,0,,1,1,1,55,5,2,3,5,0,0,0,0,true,,false,false,false,false,false,,,,,,false,false,true,,,false,false,false,false,false,-83.05154,42.35629,"{
  ""coordinates"": [
    -8.305154646999991e+01,
    4.235628670500010e+01
  ],
  ""type"": ""Point""
}","{
  ""coordinates"": [
    -83.05154647,
    42.356286705
  ],
  ""type"": ""Point""
}",-83.0515464699999,42.3562867050001
820,9459394,GRATIOT,FOREST,2015-12-16,16,12,2015,3,4,5,3,,1,0,,1,1,4,35,7,2,4,1,1,1,0,0,false,,false,false,false,true,false,,,,,,false,false,true,,,false,false,false,false,false,-83.01991,42.37094,"{
  ""coordinates"": [
    -8.301990196299990e+01,
    4.237094094800010e+01
  ],
  ""type"": ""Point""
}","{
  ""coordinates"": [
    -83.019901963,
    42.370940948
  ],
  ""type"": ""Point""
}",-83.0199019629999,42.3709409480001
821,9459404,MADISON,BRUSH,2015-12-16,16,12,2015,23,4,4,9,,4,0,,2,2,4,20,4,2,3,5,0,0,0,0,true,,false,false,false,false,false,,,,,,false,false,false,,,false,false,false,false,false,-83.04573,42.33743,"{
  ""coordinates"": [
    -8.304573105900000e+01,
    4.233742526000000e+01
  ],
  ""type"": ""Point""
}","{
  ""coordinates"": [
    -83.045731059,
    42.33742526
  ],
  ""type"": ""Point""
}",-83.045731059,42.33742526
822,9459390,GRATIOT,HARPER,2015-12-16,16,12,2015,8,4,97,3,,1,0,,1,2,2,35,7,2,0,5,0,0,0,0,true,,false,false,false,true,false,,,,,,true,false,false,,,false,false,false,false,false,-83.00514,42.39325,"{
  ""coordinates"": [
    -8.300514487000000e+01,
    4.239324715700010e+01
  ],
  ""type"": ""Point""
}","{
  ""coordinates"": [
    -83.00514487,
    42.393247157
  ],
  ""type"": ""Point""
}",-83.00514487,42.3932471570001
823,9465546,BURGESS,TROJAN,2015-12-16,16,12,2015,21,4,97,9,,,0,,2,1,4,20,1,2,2,5,0,0,0,0,true,,false,false,false,false,false,,,,,,false,false,true,,,false,false,false,false,false,-83.25626,42.43984,"{
  ""coordinates"": [
    -8.325626735600000e+01,
    4.243983832900010e+01
  ],
  ""type"": ""Point""
}","{
  ""coordinates"": [
    -83.256267356,
    42.439838329
  ],
  ""type"": ""Point""
}",-83.256267356,42.4398383290001
824,9468943,I 94,ROSA,2015-12-16,16,12,2015,17,4,5,1,,1,0,,1,1,3,70,3,2,2,4,0,0,0,1,false,,false,false,false,false,false,,,,,,false,false,true,,,false,false,false,false,false,-83.07736,42.35881,"{
  ""coordinates"": [
    -8.307736431599990e+01,
    4.235880798700000e+01
  ],
  ""type"": ""Point""
}","{
  ""coordinates"": [
    -83.077364316,
    42.358807987
  ],
  ""type"": ""Point""
}",-83.0773643159999,42.358807987
825,9464470,CLIFFORD,WASHINGTON,2015-12-16,16,12,2015,12,4,5,9,,4,0,,1,1,1,25,2,2,1,5,0,0,0,0,true,,false,false,false,false,false,,,,,,false,false,false,,,false,false,false,false,false,-83.05115,42.33466,"{
  ""coordinates"": [
    -8.305114978099991e+01,
    4.233466317900010e+01
  ],
  ""type"": ""Point""
}","{
  ""coordinates"": [
    -83.051149781,
    42.334663179
  ],
  ""type"": ""Point""
}",-83.0511497809999,42.3346631790001
826,9465386,E I 94,GRAND,2015-12-16,16,12,2015,8,4,5,1,,1,0,,1,2,1,55,3,2,2,4,0,0,0,1,false,,false,false,false,false,false,,,,,,false,false,false,,,false,false,false,false,false,-83.11006,42.34632,"{
  ""coordinates"": [
    -8.311005933199991e+01,
    4.234631923300000e+01
  ],
  ""type"": ""Point""
}","{
  ""coordinates"": [
    -83.110059332,
    42.346319233
  ],
  ""type"": ""Point""
}",-83.1100593319999,42.346319233
827,9459295,S M 39,WARREN,2015-12-16,16,12,2015,9,4,5,3,,1,0,,1,2,1,55,3,2,2,5,0,0,0,0,true,,false,false,false,false,false,,,,,,false,false,true,,,false,false,false,false,false,-83.21623,42.34364,"{
  ""coordinates"": [
    -8.321623328000000e+01,
    4.234363952600010e+01
  ],
  ""type"": ""Point""
}","{
  ""coordinates"": [
    -83.21623328,
    42.343639526
  ],
  ""type"": ""Point""
}",-83.21623328,42.3436395260001
828,9460501,7 MILE,REDMOND,2015-12-16,16,12,2015,19,4,5,9,,1,0,,2,4,4,30,2,2,3,4,0,0,0,1,false,,false,false,false,false,false,,,,,,false,false,false,,,false,false,false,false,false,-82.95576,42.43558,"{
  ""coordinates"": [
    -8.295576706799990e+01,
    4.243557812700000e+01
  ],
  ""type"": ""Point""
}","{
  ""coordinates"": [
    -82.955767068,
    42.435578127
  ],
  ""type"": ""Point""
}",-82.9557670679999,42.435578127
829,9458324,WYOMING,LYNDON,2015-12-15,15,12,2015,5,3,1,9,,4,0,,1,1,4,30,4,1,1,5,0,0,0,0,true,,false,false,false,false,false,,,,,,false,false,false,,,false,false,false,false,false,-83.15935,42.39544,"{
  ""coordinates"": [
    -8.315935107999999e+01,
    4.239544071100000e+01
  ],
  ""type"": ""Point""
}","{
  ""coordinates"": [
    -83.15935108,
    42.395440711
  ],
  ""type"": ""Point""
}",-83.15935108,42.395440711
830,9458171,N M 10,LIVERNOIS,2015-12-15,15,12,2015,14,3,1,3,,1,1,,1,2,1,55,3,1,1,5,0,0,0,0,true,,false,false,false,false,false,,,,,,false,false,true,,,false,false,false,false,false,-83.13949,42.40496,"{
  ""coordinates"": [
    -8.313948741999999e+01,
    4.240495627400000e+01
  ],
  ""type"": ""Point""
}","{
  ""coordinates"": [
    -83.13948742,
    42.404956274
  ],
  ""type"": ""Point""
}",-83.13948742,42.404956274
831,9462248,JEFFRIES,JOY,2015-12-15,15,12,2015,18,3,8,9,,4,0,,1,1,4,55,3,2,1,4,0,0,0,1,false,,false,false,true,false,false,,,,,,false,false,false,,,false,false,false,false,false,-83.12816,42.36292,"{
  ""coordinates"": [
    -8.312815639199989e+01,
    4.236292445000000e+01
  ],
  ""type"": ""Point""
}","{
  ""coordinates"": [
    -83.128156392,
    42.36292445
  ],
  ""type"": ""Point""
}",-83.1281563919999,42.36292445
832,9459420,PURITAN,MEYERS,2015-12-15,15,12,2015,15,3,5,9,,4,0,,1,2,1,30,2,2,2,5,0,0,0,0,true,,false,false,false,false,false,,,,,,false,false,false,,,false,false,false,false,false,-83.17005,42.40953,"{
  ""coordinates"": [
    -8.317005258700000e+01,
    4.240952816100000e+01
  ],
  ""type"": ""Point""
}","{
  ""coordinates"": [
    -83.170052587,
    42.409528161
  ],
  ""type"": ""Point""
}",-83.170052587,42.409528161
833,9458311,WAVENEY,HAVERHILL,2015-12-15,15,12,2015,17,3,4,9,,,0,,1,1,4,25,2,2,3,4,0,0,0,1,false,,true,false,true,false,false,,,,,,false,true,false,,,false,false,false,false,false,-82.93962,42.39635,"{
  ""coordinates"": [
    -8.293962472100000e+01,
    4.239634566000010e+01
  ],
  ""type"": ""Point""
}","{
  ""coordinates"": [
    -82.939624721,
    42.39634566
  ],
  ""type"": ""Point""
}",-82.939624721,42.3963456600001
834,9458303,TIREMAN,ASHTON,2015-12-15,15,12,2015,17,3,4,9,,4,0,,1,2,5,25,6,3,7,3,0,0,1,3,false,,true,false,true,false,false,,,,,,false,false,false,,,false,false,false,false,false,-83.21744,42.3506,"{
  ""coordinates"": [
    -8.321743444899990e+01,
    4.235060100900010e+01
  ],
  ""type"": ""Point""
}","{
  ""coordinates"": [
    -83.217434449,
    42.350601009
  ],
  ""type"": ""Point""
}",-83.2174344489999,42.3506010090001
835,9458299,CHARLEVOIX,BEAUFAIT,2015-12-15,15,12,2015,7,3,4,9,,4,0,,1,2,1,30,3,2,2,5,0,0,0,0,true,,false,false,false,false,false,,,,,,false,true,true,,,false,false,false,false,false,-83.01625,42.35799,"{
  ""coordinates"": [
    -8.301624990600000e+01,
    4.235798525600010e+01
  ],
  ""type"": ""Point""
}","{
  ""coordinates"": [
    -83.016249906,
    42.357985256
  ],
  ""type"": ""Point""
}",-83.016249906,42.3579852560001
836,9458300,NEVADA,CONANT,2015-12-15,15,12,2015,11,3,97,9,,4,0,,1,2,1,20,2,2,2,5,0,0,0,0,true,,false,false,false,false,false,,,,,,false,false,false,,,false,false,false,false,false,-83.06853,42.42583,"{
  ""coordinates"": [
    -8.306852656699991e+01,
    4.242583282800010e+01
  ],
  ""type"": ""Point""
}","{
  ""coordinates"": [
    -83.068526567,
    42.425832828
  ],
  ""type"": ""Point""
}",-83.0685265669999,42.4258328280001
837,9460415,I-75,6 MILE,2015-12-15,15,12,2015,15,3,8,1,,1,0,,1,1,1,70,4,2,1,5,0,0,0,0,true,,false,false,true,false,false,,,,,,false,false,false,,,false,false,false,false,false,-83.08668,42.41692,"{
  ""coordinates"": [
    -8.308667438899990e+01,
    4.241692031600010e+01
  ],
  ""type"": ""Point""
}","{
  ""coordinates"": [
    -83.086674389,
    42.416920316
  ],
  ""type"": ""Point""
}",-83.0866743889999,42.4169203160001
838,9459437,79 ALEXANDRINE,CASS,2015-12-15,15,12,2015,17,3,97,9,,4,0,,1,2,4,25,2,2,2,5,0,0,0,0,true,,false,false,false,false,false,,,,,,false,false,false,,,false,false,false,false,false,-83.06258,42.34956,"{
  ""coordinates"": [
    -8.306257759800000e+01,
    4.234955491200000e+01
  ],
  ""type"": ""Point""
}","{
  ""coordinates"": [
    -83.062577598,
    42.349554912
  ],
  ""type"": ""Point""
}",-83.062577598,42.349554912
839,9465520,I94,M10,2015-12-15,15,12,2015,17,3,8,1,,1,0,,1,2,1,55,3,2,3,4,0,0,0,1,false,,false,false,true,false,false,,,,,,false,false,true,,,false,false,false,false,false,-83.07815,42.35828,"{
  ""coordinates"": [
    -8.307814570399999e+01,
    4.235828084800000e+01
  ],
  ""type"": ""Point""
}","{
  ""coordinates"": [
    -83.078145704,
    42.358280848
  ],
  ""type"": ""Point""
}",-83.078145704,42.358280848
840,9459407,MCNICHOLS,GREENFIELD,2015-12-15,15,12,2015,12,3,8,9,,2,0,,1,2,1,35,5,2,2,5,0,0,0,0,true,,false,false,false,false,false,,,,,,false,true,false,,,false,false,false,false,false,-83.19927,42.41598,"{
  ""coordinates"": [
    -8.319926882300000e+01,
    4.241598303300000e+01
  ],
  ""type"": ""Point""
}","{
  ""coordinates"": [
    -83.199268823,
    42.415983033
  ],
  ""type"": ""Point""
}",-83.199268823,42.415983033
841,9460504,8 MILE,GODDARD,2015-12-15,15,12,2015,13,3,5,3,,1,0,,1,1,1,30,4,2,4,5,0,0,0,0,true,,false,false,false,false,false,,,,,,false,false,false,,,false,false,false,false,false,-83.07898,42.44708,"{
  ""coordinates"": [
    -8.307898161599999e+01,
    4.244707788400010e+01
  ],
  ""type"": ""Point""
}","{
  ""coordinates"": [
    -83.078981616,
    42.447077884
  ],
  ""type"": ""Point""
}",-83.078981616,42.4470778840001
842,9469087,FULLERTON,WYOMING,2015-12-15,15,12,2015,9,3,97,9,,4,0,,1,1,1,35,2,2,2,5,0,0,0,0,true,,false,false,false,false,true,,,,,,false,false,false,,,false,false,false,false,false,-83.15883,42.38074,"{
  ""coordinates"": [
    -8.315882568400001e+01,
    4.238073763400010e+01
  ],
  ""type"": ""Point""
}","{
  ""coordinates"": [
    -83.158825684,
    42.380737634
  ],
  ""type"": ""Point""
}",-83.158825684,42.3807376340001
843,9459406,SOUTHFIELD SERVICE DRIVE,8 MILE,2015-12-15,15,12,2015,18,3,5,3,,5,0,,1,1,4,35,2,2,2,5,0,0,0,0,true,,false,false,false,false,false,,,,,,false,false,true,,,false,false,false,false,false,-83.22014,42.44403,"{
  ""coordinates"": [
    -8.322013673299990e+01,
    4.244403363800010e+01
  ],
  ""type"": ""Point""
}","{
  ""coordinates"": [
    -83.220136733,
    42.444033638
  ],
  ""type"": ""Point""
}",-83.2201367329999,42.4440336380001
844,9465361,I75,SCHAEFER,2015-12-15,15,12,2015,23,3,1,1,,1,0,,1,1,4,70,4,1,1,5,0,0,0,0,true,,false,false,false,false,false,,,,,,false,false,false,,,false,false,false,false,false,-83.15451,42.27773,"{
  ""coordinates"": [
    -8.315450932000000e+01,
    4.227772398200010e+01
  ],
  ""type"": ""Point""
}","{
  ""coordinates"": [
    -83.15450932,
    42.277723982
  ],
  ""type"": ""Point""
}",-83.15450932,42.2777239820001
845,9462213,OUTER,DARTMOUTH,2015-12-15,15,12,2015,15,3,8,9,,2,0,,1,2,1,35,3,2,2,5,0,0,0,0,true,,false,false,false,false,false,,,,,,false,false,true,,,false,false,false,false,false,-83.16866,42.26451,"{
  ""coordinates"": [
    -8.316865673300001e+01,
    4.226450715400010e+01
  ],
  ""type"": ""Point""
}","{
  ""coordinates"": [
    -83.168656733,
    42.264507154
  ],
  ""type"": ""Point""
}",-83.168656733,42.2645071540001
846,9458314,N M 39,RAMP 007A,2015-12-15,15,12,2015,12,3,97,3,,1,0,,1,1,1,55,3,2,2,5,0,0,0,0,true,,false,false,false,false,false,,,,,,false,false,false,,,false,false,false,false,false,-83.21626,42.35138,"{
  ""coordinates"": [
    -8.321625604799991e+01,
    4.235138203800010e+01
  ],
  ""type"": ""Point""
}","{
  ""coordinates"": [
    -83.216256048,
    42.351382038
  ],
  ""type"": ""Point""
}",-83.2162560479999,42.3513820380001
847,9458212,I 94,SECOND,2015-12-15,15,12,2015,9,3,1,1,,1,1,,1,2,1,55,3,1,1,4,0,0,0,1,false,,false,false,false,false,false,,,,,,false,false,false,,,false,false,false,false,false,-83.07245,42.36147,"{
  ""coordinates"": [
    -8.307244649400000e+01,
    4.236147115300000e+01
  ],
  ""type"": ""Point""
}","{
  ""coordinates"": [
    -83.072446494,
    42.361471153
  ],
  ""type"": ""Point""
}",-83.072446494,42.361471153
848,9458317,CURTIS,HARLOW,2015-12-15,15,12,2015,12,3,4,9,,,0,,1,1,1,25,2,2,4,4,0,0,0,1,false,,true,false,false,false,false,,,,,,false,false,false,,,false,false,false,false,false,-83.21584,42.42284,"{
  ""coordinates"": [
    -8.321584015900000e+01,
    4.242284455400010e+01
  ],
  ""type"": ""Point""
}","{
  ""coordinates"": [
    -83.215840159,
    42.422844554
  ],
  ""type"": ""Point""
}",-83.215840159,42.4228445540001
849,9458298,WESTWOOD,TIREMAN,2015-12-15,15,12,2015,7,3,4,9,,,0,,1,1,4,30,3,2,3,5,0,0,0,0,true,,true,true,false,false,false,,,,,,false,false,false,,,false,false,false,false,false,-83.23078,42.35038,"{
  ""coordinates"": [
    -8.323078021299990e+01,
    4.235037446600010e+01
  ],
  ""type"": ""Point""
}","{
  ""coordinates"": [
    -83.230780213,
    42.350374466
  ],
  ""type"": ""Point""
}",-83.2307802129999,42.3503744660001
850,9465349,N M 10,CHICAGO,2015-12-15,15,12,2015,1,3,1,3,,1,1,,1,1,4,55,3,1,2,5,0,0,0,0,true,,false,false,false,true,false,,,,,,false,false,true,,,false,false,false,false,false,-83.09534,42.3826,"{
  ""coordinates"": [
    -8.309534738199990e+01,
    4.238259720700010e+01
  ],
  ""type"": ""Point""
}","{
  ""coordinates"": [
    -83.095347382,
    42.382597207
  ],
  ""type"": ""Point""
}",-83.0953473819999,42.3825972070001
851,9458305,GRATIOT,CHENE,2015-12-15,15,12,2015,12,3,97,3,,1,0,,1,1,1,35,5,2,3,5,0,0,0,0,true,,false,false,false,false,false,,,,,,false,false,false,,,false,false,false,false,false,-83.03285,42.35125,"{
  ""coordinates"": [
    -8.303285554500000e+01,
    4.235124921600000e+01
  ],
  ""type"": ""Point""
}","{
  ""coordinates"": [
    -83.032855545,
    42.351249216
  ],
  ""type"": ""Point""
}",-83.032855545,42.351249216
852,9462165,S M 39 SERVICE DRIVE,PAUL,2015-12-15,15,12,2015,18,3,4,9,,5,0,,1,1,4,35,2,2,2,4,0,0,0,1,false,,false,false,false,false,false,,,,,,false,true,false,,,false,false,false,false,false,-83.21624,42.33612,"{
  ""coordinates"": [
    -8.321624322799990e+01,
    4.233612234900000e+01
  ],
  ""type"": ""Point""
}","{
  ""coordinates"": [
    -83.216243228,
    42.336122349
  ],
  ""type"": ""Point""
}",-83.2162432279999,42.336122349
853,9459400,GRAND RIVER,LAHSER,2015-12-15,15,12,2015,18,3,5,3,,1,0,,1,2,4,35,2,2,2,5,0,0,0,0,true,,false,false,false,false,false,,,,,,false,false,false,,,false,false,false,false,false,-83.25767,42.4165,"{
  ""coordinates"": [
    -8.325766931699999e+01,
    4.241650117100000e+01
  ],
  ""type"": ""Point""
}","{
  ""coordinates"": [
    -83.257669317,
    42.416501171
  ],
  ""type"": ""Point""
}",-83.257669317,42.416501171
854,9470399,FORT,12TH,2015-12-15,15,12,2015,9,3,1,3,,1,0,,1,1,1,35,4,2,1,3,0,0,1,0,false,,false,false,true,false,false,,,,,,true,false,false,,,false,false,false,false,false,-83.06619,42.32263,"{
  ""coordinates"": [
    -8.306619281800000e+01,
    4.232262766800010e+01
  ],
  ""type"": ""Point""
}","{
  ""coordinates"": [
    -83.066192818,
    42.322627668
  ],
  ""type"": ""Point""
}",-83.066192818,42.3226276680001
855,9465545,S M 10,RAMP 116A,2015-12-15,15,12,2015,6,3,5,3,,1,0,,1,1,1,0,4,2,2,5,0,0,0,0,true,,false,false,false,false,false,,,,,,false,false,false,,,false,false,false,false,false,-83.08393,42.37008,"{
  ""coordinates"": [
    -8.308392843699990e+01,
    4.237008424400010e+01
  ],
  ""type"": ""Point""
}","{
  ""coordinates"": [
    -83.083928437,
    42.370084244
  ],
  ""type"": ""Point""
}",-83.0839284369999,42.3700842440001
856,9458170,W I 94,S I 75,2015-12-15,15,12,2015,10,3,8,1,,1,0,,1,1,1,55,3,2,2,5,0,0,0,0,true,,false,false,true,false,false,,,,,,false,false,false,,,false,false,false,false,false,-83.05836,42.3685,"{
  ""coordinates"": [
    -8.305835855200000e+01,
    4.236849450100000e+01
  ],
  ""type"": ""Point""
}","{
  ""coordinates"": [
    -83.058358552,
    42.368494501
  ],
  ""type"": ""Point""
}",-83.058358552,42.368494501