ObjectId,Crash ID,Primary Road,Intersecting Road,Crash Date,Day,Month,Year,Hour,Weekday,Crash Type Code,Highway Classification Code,Community Code,Jurisdiction Code,Lane Departure Type Code,Surface Type,Road Condition,Weather Condition,Lighting Condition,Speed Limit,Lanes,Units,Occupants,Most Severe Injury,Fatal Injuries,Suspected Serious Injuries,Suspected Minor Injuries,Possible Injuries,Property Damage Only,Secondary Crash,Traffic Control,Red Light Run,Hit and Run,Alcohol,Drugs,Unbelted Person,Work Zone,Speeding Driver,Distracted Driver,Driveway,Pedestrian,Elderly Driver,Young Driver,Commercial Vehicle,Emergency Vehicles,Train,School Bus,Motorcycle,Bicycle,Deer,Longitude,Latitude,geom,geog,x,y
857,9459419,STANSBURY,VASSAR,2015-12-15,15,12,2015,13,3,4,9,,,0,,1,2,1,25,4,2,1,5,0,0,0,0,true,,false,false,true,false,false,,,,,,false,false,false,,,false,false,false,false,false,-83.1842,42.43463,"{
  ""coordinates"": [
    -8.318419408900000e+01,
    4.243462880200010e+01
  ],
  ""type"": ""Point""
}","{
  ""coordinates"": [
    -83.184194089,
    42.434628802
  ],
  ""type"": ""Point""
}",-83.184194089,42.4346288020001
858,9459397,SCHAEFER,JOY,2015-12-15,15,12,2015,15,3,1,9,,4,0,,1,2,1,35,5,1,2,2,0,1,1,0,false,,false,false,false,false,false,,,,,,false,false,false,,,false,false,false,false,false,-83.17749,42.35857,"{
  ""coordinates"": [
    -8.317748805300000e+01,
    4.235857394800010e+01
  ],
  ""type"": ""Point""
}","{
  ""coordinates"": [
    -83.177488053,
    42.358573948
  ],
  ""type"": ""Point""
}",-83.177488053,42.3585739480001
859,9458315,SCHAEFER,FENKEL,2015-12-15,15,12,2015,22,3,97,9,,4,0,,1,1,3,35,4,3,3,5,0,0,0,0,true,,false,false,true,false,false,,,,,,false,true,false,,,false,false,false,false,false,-83.17912,42.40215,"{
  ""coordinates"": [
    -8.317912395499999e+01,
    4.240215026200010e+01
  ],
  ""type"": ""Point""
}","{
  ""coordinates"": [
    -83.179123955,
    42.402150262
  ],
  ""type"": ""Point""
}",-83.179123955,42.4021502620001
860,9458146,S/B I 75,8 MILE,2015-12-15,15,12,2015,8,3,5,1,,1,0,,1,2,1,70,4,4,5,5,0,0,0,0,true,,false,false,false,false,false,,,,,,false,false,false,,,false,false,false,false,false,-83.09488,42.44543,"{
  ""coordinates"": [
    -8.309488107500000e+01,
    4.244542944000010e+01
  ],
  ""type"": ""Point""
}","{
  ""coordinates"": [
    -83.094881075,
    42.44542944
  ],
  ""type"": ""Point""
}",-83.094881075,42.4454294400001
861,9458169,S M 10,LINWOOD,2015-12-15,15,12,2015,8,3,5,3,,1,0,,1,2,1,55,3,3,3,5,0,0,0,0,true,,false,false,true,false,false,,,,,,false,false,true,,,false,false,false,false,false,-83.12743,42.40508,"{
  ""coordinates"": [
    -8.312743705900000e+01,
    4.240507738800010e+01
  ],
  ""type"": ""Point""
}","{
  ""coordinates"": [
    -83.127437059,
    42.405077388
  ],
  ""type"": ""Point""
}",-83.127437059,42.4050773880001
862,9458145,N M 10,GREENLAWN,2015-12-15,15,12,2015,7,3,5,3,,1,0,,1,2,2,55,3,3,3,3,0,0,1,1,false,,false,false,true,false,false,,,,,,false,false,false,,,false,false,false,false,false,-83.15337,42.40483,"{
  ""coordinates"": [
    -8.315336974600000e+01,
    4.240482572100010e+01
  ],
  ""type"": ""Point""
}","{
  ""coordinates"": [
    -83.153369746,
    42.404825721
  ],
  ""type"": ""Point""
}",-83.153369746,42.4048257210001
863,9458325,MCNICHOLS,FAIRFIELD,2015-12-15,15,12,2015,1,3,4,9,,4,0,,1,1,4,35,5,2,10,4,0,0,0,4,false,,false,false,true,false,false,,,,,,false,false,true,,,false,false,false,false,false,-83.1353,42.41722,"{
  ""coordinates"": [
    -8.313529840699989e+01,
    4.241722388700000e+01
  ],
  ""type"": ""Point""
}","{
  ""coordinates"": [
    -83.135298407,
    42.417223887
  ],
  ""type"": ""Point""
}",-83.1352984069999,42.417223887
864,9458199,M-10,CHICAGO,2015-12-15,15,12,2015,13,3,8,3,,1,0,,1,2,1,55,3,2,2,4,0,0,0,1,false,,false,false,false,false,false,,,,,,false,true,false,,,false,false,false,false,false,-83.0943,42.38231,"{
  ""coordinates"": [
    -8.309429911200000e+01,
    4.238230670600010e+01
  ],
  ""type"": ""Point""
}","{
  ""coordinates"": [
    -83.094299112,
    42.382306706
  ],
  ""type"": ""Point""
}",-83.094299112,42.3823067060001
865,9458160,RAMP 221A,E I 94,2015-12-15,15,12,2015,3,3,1,1,,1,1,,1,1,4,55,3,1,1,3,0,0,1,0,false,,false,false,false,true,true,,,,,,false,false,true,,,false,false,false,false,false,-82.97046,42.40207,"{
  ""coordinates"": [
    -8.297045562700001e+01,
    4.240206643400010e+01
  ],
  ""type"": ""Point""
}","{
  ""coordinates"": [
    -82.970455627,
    42.402066434
  ],
  ""type"": ""Point""
}",-82.970455627,42.4020664340001
866,9459417,LIVERNOIS,MIDLAND,2015-12-15,15,12,2015,13,3,97,9,,4,3,,1,2,1,30,6,2,1,5,0,0,0,0,true,,false,false,false,false,false,,,,,,false,false,false,,,false,false,false,false,false,-83.14027,42.40641,"{
  ""coordinates"": [
    -8.314027007200001e+01,
    4.240640650500010e+01
  ],
  ""type"": ""Point""
}","{
  ""coordinates"": [
    -83.140270072,
    42.406406505
  ],
  ""type"": ""Point""
}",-83.140270072,42.4064065050001
867,9460431,I-75,7 MILE,2015-12-15,15,12,2015,8,3,8,1,,1,0,,1,1,1,55,4,2,2,5,0,0,0,0,true,,false,false,false,false,false,,,,,,false,true,false,,,false,false,false,false,false,-83.09499,42.43385,"{
  ""coordinates"": [
    -8.309499371000000e+01,
    4.243385212700010e+01
  ],
  ""type"": ""Point""
}","{
  ""coordinates"": [
    -83.09499371,
    42.433852127
  ],
  ""type"": ""Point""
}",-83.09499371,42.4338521270001
868,9475216,ANTHONY WAYNE,WARREN,2015-12-15,15,12,2015,15,3,5,9,,4,0,,1,1,1,30,6,2,4,5,0,0,0,0,true,,false,false,false,false,false,,,,,,false,false,false,,,false,false,false,false,false,-83.07144,42.35467,"{
  ""coordinates"": [
    -8.307144357300000e+01,
    4.235467044900000e+01
  ],
  ""type"": ""Point""
}","{
  ""coordinates"": [
    -83.071443573,
    42.354670449
  ],
  ""type"": ""Point""
}",-83.071443573,42.354670449
869,9458304,PENROD,WESTFIELD,2015-12-15,15,12,2015,17,3,8,9,,,0,,1,1,4,25,1,2,4,2,0,2,1,0,false,,false,false,false,false,false,,,,,,false,false,false,,,false,false,false,false,false,-83.22026,42.36295,"{
  ""coordinates"": [
    -8.322026265400000e+01,
    4.236295027600000e+01
  ],
  ""type"": ""Point""
}","{
  ""coordinates"": [
    -83.220262654,
    42.362950276
  ],
  ""type"": ""Point""
}",-83.220262654,42.362950276
870,9458213,W I 94,GRAND,2015-12-15,15,12,2015,15,3,5,1,,1,0,,1,2,1,55,3,2,1,4,0,0,0,1,false,,false,false,true,false,false,,,,,,false,false,false,,,false,false,false,false,false,-83.10875,42.34721,"{
  ""coordinates"": [
    -8.310874805000000e+01,
    4.234720954500010e+01
  ],
  ""type"": ""Point""
}","{
  ""coordinates"": [
    -83.10874805,
    42.347209545
  ],
  ""type"": ""Point""
}",-83.10874805,42.3472095450001
871,9458323,ELMHURST,BROADSTREET,2015-12-15,15,12,2015,8,3,4,9,,4,0,,1,1,1,35,2,2,3,3,0,0,1,1,false,,true,true,false,false,false,,,,,,false,false,false,,,false,false,false,false,false,-83.13342,42.3777,"{
  ""coordinates"": [
    -8.313341857400000e+01,
    4.237770235800010e+01
  ],
  ""type"": ""Point""
}","{
  ""coordinates"": [
    -83.133418574,
    42.377702358
  ],
  ""type"": ""Point""
}",-83.133418574,42.3777023580001
872,9458302,LINWOOD,OAKMAN,2015-12-15,15,12,2015,16,3,4,9,,4,0,,1,1,1,35,4,2,2,4,0,0,0,1,false,,false,false,false,false,false,,,,,,false,false,false,,,false,false,false,false,false,-83.12537,42.39801,"{
  ""coordinates"": [
    -8.312537670099989e+01,
    4.239801370000000e+01
  ],
  ""type"": ""Point""
}","{
  ""coordinates"": [
    -83.125376701,
    42.3980137
  ],
  ""type"": ""Point""
}",-83.1253767009999,42.3980137
873,9458301,THIRD,ATKINSON,2015-12-15,15,12,2015,14,3,1,9,,4,1,,1,1,1,30,3,1,1,5,0,0,0,0,true,,false,false,false,false,false,,,,,,false,false,false,,,false,false,false,false,false,-83.08833,42.38149,"{
  ""coordinates"": [
    -8.308832241700000e+01,
    4.238148940700010e+01
  ],
  ""type"": ""Point""
}","{
  ""coordinates"": [
    -83.088322417,
    42.381489407
  ],
  ""type"": ""Point""
}",-83.088322417,42.3814894070001
874,9458168,I-75,SCHAEFER,2015-12-15,15,12,2015,7,3,5,1,,1,0,,1,2,2,70,4,2,2,5,0,0,0,0,true,,false,false,false,false,false,,,,,,false,false,true,,,false,false,false,false,false,-83.15282,42.27844,"{
  ""coordinates"": [
    -8.315281638800001e+01,
    4.227844049300010e+01
  ],
  ""type"": ""Point""
}","{
  ""coordinates"": [
    -83.152816388,
    42.278440493
  ],
  ""type"": ""Point""
}",-83.152816388,42.2784404930001
875,9464469,CHRYSLER,CLAY,2015-12-15,15,12,2015,9,3,1,9,,4,0,,1,2,1,25,2,1,1,5,0,0,0,0,true,,false,false,false,false,false,,,,,,false,false,false,,,false,false,false,false,false,-83.06334,42.37825,"{
  ""coordinates"": [
    -8.306333894200000e+01,
    4.237824857800010e+01
  ],
  ""type"": ""Point""
}","{
  ""coordinates"": [
    -83.063338942,
    42.378248578
  ],
  ""type"": ""Point""
}",-83.063338942,42.3782485780001
876,9458308,DAVISON,CONANT,2015-12-15,15,12,2015,18,3,5,3,,1,0,,1,1,4,35,3,2,3,4,0,0,0,1,false,,false,false,false,false,false,,,,,,false,false,false,,,false,false,false,false,false,-83.06152,42.41551,"{
  ""coordinates"": [
    -8.306151316099989e+01,
    4.241550731600010e+01
  ],
  ""type"": ""Point""
}","{
  ""coordinates"": [
    -83.061513161,
    42.415507316
  ],
  ""type"": ""Point""
}",-83.0615131609999,42.4155073160001
877,9458210,E I 96 CD,FULLERTON,2015-12-15,15,12,2015,6,3,5,1,,1,0,,1,1,4,55,2,2,1,4,0,0,0,1,false,,false,false,true,false,false,,,,,,false,false,false,,,false,false,false,false,false,-83.18874,42.38006,"{
  ""coordinates"": [
    -8.318874560800000e+01,
    4.238005690400010e+01
  ],
  ""type"": ""Point""
}","{
  ""coordinates"": [
    -83.188745608,
    42.380056904
  ],
  ""type"": ""Point""
}",-83.188745608,42.3800569040001
878,9462225,FREER,SAINT JOHN,2015-12-15,15,12,2015,10,3,5,9,,,0,,1,1,1,25,3,2,1,5,0,0,0,0,true,,false,false,false,false,false,,,,,,false,false,false,,,false,false,false,false,false,-83.13174,42.32802,"{
  ""coordinates"": [
    -8.313173754000000e+01,
    4.232801876800000e+01
  ],
  ""type"": ""Point""
}","{
  ""coordinates"": [
    -83.13173754,
    42.328018768
  ],
  ""type"": ""Point""
}",-83.13173754,42.328018768
879,9465555,ROSA PARKS,HENRY,2015-12-15,15,12,2015,7,3,4,9,,4,0,,1,2,2,25,4,2,4,5,0,0,0,0,true,,false,false,false,false,false,,,,,,false,false,false,,,false,false,false,false,false,-83.07346,42.33392,"{
  ""coordinates"": [
    -8.307345246200001e+01,
    4.233391706400000e+01
  ],
  ""type"": ""Point""
}","{
  ""coordinates"": [
    -83.073452462,
    42.333917064
  ],
  ""type"": ""Point""
}",-83.073452462,42.333917064
880,9458206,I-75,SCAEFER,2015-12-15,15,12,2015,7,3,5,1,,1,0,,1,1,4,55,4,2,1,5,0,0,0,0,true,,false,false,true,false,false,,,,,,false,false,false,,,false,false,false,false,false,-83.14138,42.286,"{
  ""coordinates"": [
    -8.314138353000000e+01,
    4.228599593000010e+01
  ],
  ""type"": ""Point""
}","{
  ""coordinates"": [
    -83.14138353,
    42.28599593
  ],
  ""type"": ""Point""
}",-83.14138353,42.2859959300001
881,9457528,CADIEUX,MACK,2015-12-14,14,12,2015,13,2,8,9,,4,0,,2,4,1,30,2,2,2,5,0,0,0,0,true,,false,false,false,false,false,,,,,,false,false,true,,,false,false,false,false,false,-82.92239,42.39483,"{
  ""coordinates"": [
    -8.292238976399990e+01,
    4.239482767600000e+01
  ],
  ""type"": ""Point""
}","{
  ""coordinates"": [
    -82.922389764,
    42.394827676
  ],
  ""type"": ""Point""
}",-82.9223897639999,42.394827676
882,9457552,WOODWARD,WOODLAND,2015-12-14,14,12,2015,18,2,4,3,,1,0,,2,2,3,35,9,3,3,4,0,0,0,3,false,,true,false,false,false,false,,,,,,false,false,true,,,false,false,false,false,false,-83.0884,42.39272,"{
  ""coordinates"": [
    -8.308840138799999e+01,
    4.239272348600010e+01
  ],
  ""type"": ""Point""
}","{
  ""coordinates"": [
    -83.088401388,
    42.392723486
  ],
  ""type"": ""Point""
}",-83.088401388,42.3927234860001
883,9458198,E I 96,RAMP 008V,2015-12-14,14,12,2015,18,2,5,1,,1,0,,2,4,4,55,4,2,4,5,0,0,0,0,true,,false,false,false,false,false,,,,,,false,false,true,,,false,false,false,false,false,-83.20293,42.37903,"{
  ""coordinates"": [
    -8.320293077299991e+01,
    4.237903094600010e+01
  ],
  ""type"": ""Point""
}","{
  ""coordinates"": [
    -83.202930773,
    42.379030946
  ],
  ""type"": ""Point""
}",-83.2029307729999,42.3790309460001
884,9458156,N I 75,RAMP 216D,2015-12-14,14,12,2015,15,2,5,1,,1,0,,2,4,1,55,2,2,1,4,0,0,0,1,false,,false,false,false,false,false,,,,,,false,false,false,,,false,false,false,false,false,-83.05785,42.36837,"{
  ""coordinates"": [
    -8.305785245100000e+01,
    4.236837363700000e+01
  ],
  ""type"": ""Point""
}","{
  ""coordinates"": [
    -83.057852451,
    42.368373637
  ],
  ""type"": ""Point""
}",-83.057852451,42.368373637
885,9458319,FORRER,FENKELL,2015-12-14,14,12,2015,19,2,4,9,,,0,,2,1,4,30,4,2,3,5,0,0,0,0,true,,false,false,true,false,false,,,,,,false,false,false,,,false,false,false,false,false,-83.20155,42.40144,"{
  ""coordinates"": [
    -8.320154508800000e+01,
    4.240144132600010e+01
  ],
  ""type"": ""Point""
}","{
  ""coordinates"": [
    -83.201545088,
    42.401441326
  ],
  ""type"": ""Point""
}",-83.201545088,42.4014413260001
886,9458328,PENNINGTON,PICKFORD,2015-12-14,14,12,2015,18,2,8,9,,,0,,2,1,4,25,2,2,0,5,0,0,0,0,true,,false,false,true,false,false,,,,,,false,false,false,,,false,false,false,false,false,-83.14792,42.42598,"{
  ""coordinates"": [
    -8.314791490000000e+01,
    4.242598324100000e+01
  ],
  ""type"": ""Point""
}","{
  ""coordinates"": [
    -83.1479149,
    42.425983241
  ],
  ""type"": ""Point""
}",-83.1479149,42.425983241
887,9457531,EVANSTON,GREENSBORO,2015-12-14,14,12,2015,11,2,4,9,,,0,,2,2,1,25,4,2,2,5,0,0,0,0,true,,false,false,true,false,false,,,,,,false,false,false,,,false,false,false,false,false,-82.95675,42.4078,"{
  ""coordinates"": [
    -8.295675248200000e+01,
    4.240779918400010e+01
  ],
  ""type"": ""Point""
}","{
  ""coordinates"": [
    -82.956752482,
    42.407799184
  ],
  ""type"": ""Point""
}",-82.956752482,42.4077991840001
888,9459416,WYOMING,CURTIS,2015-12-14,14,12,2015,10,2,5,9,,4,0,,1,2,1,30,2,2,2,5,0,0,0,0,true,,false,false,false,false,false,,,,,,false,true,false,,,false,false,false,false,false,-83.16071,42.42409,"{
  ""coordinates"": [
    -8.316070774600000e+01,
    4.242408794200000e+01
  ],
  ""type"": ""Point""
}","{
  ""coordinates"": [
    -83.160707746,
    42.424087942
  ],
  ""type"": ""Point""
}",-83.160707746,42.424087942
889,9457526,RAMP 049C,S I 75 SERVICE DRIVE,2015-12-14,14,12,2015,15,2,5,1,,1,0,,2,4,1,0,1,2,4,5,0,0,0,0,true,,false,false,false,false,false,,,,,,false,false,true,,,false,false,false,false,false,-83.09537,42.4338,"{
  ""coordinates"": [
    -8.309536999700001e+01,
    4.243379741300000e+01
  ],
  ""type"": ""Point""
}","{
  ""coordinates"": [
    -83.095369997,
    42.433797413
  ],
  ""type"": ""Point""
}",-83.095369997,42.433797413
890,9458316,FIELDING,MCNICHOLS,2015-12-14,14,12,2015,13,2,1,9,,,1,,2,2,1,25,1,1,1,5,0,0,0,0,true,,false,false,false,false,false,,,,,,false,false,false,,,false,false,false,false,false,-83.2433,42.4149,"{
  ""coordinates"": [
    -8.324329964700000e+01,
    4.241490261600010e+01
  ],
  ""type"": ""Point""
}","{
  ""coordinates"": [
    -83.243299647,
    42.414902616
  ],
  ""type"": ""Point""
}",-83.243299647,42.4149026160001
891,9457547,7 MILE,CHALMERS,2015-12-14,14,12,2015,7,2,9,9,,2,2,,1,1,2,30,2,2,1,5,0,0,0,0,true,,false,false,true,false,false,,,,,,false,false,false,,,false,false,false,false,false,-82.97519,42.43513,"{
  ""coordinates"": [
    -8.297519277799999e+01,
    4.243513363300010e+01
  ],
  ""type"": ""Point""
}","{
  ""coordinates"": [
    -82.975192778,
    42.435133633
  ],
  ""type"": ""Point""
}",-82.975192778,42.4351336330001
892,9457557,S M 10,7 MILE,2015-12-14,14,12,2015,15,2,5,3,,1,0,,1,1,1,30,3,2,4,5,0,0,0,0,true,,false,false,true,false,false,,,,,,false,false,false,,,false,false,false,false,false,-83.18713,42.4308,"{
  ""coordinates"": [
    -8.318712519000000e+01,
    4.243079734500000e+01
  ],
  ""type"": ""Point""
}","{
  ""coordinates"": [
    -83.18712519,
    42.430797345
  ],
  ""type"": ""Point""
}",-83.18712519,42.430797345
893,9458329,GARDENDALE,NORFOLK,2015-12-14,14,12,2015,23,2,8,9,,,0,,1,4,4,25,2,2,0,5,0,0,0,0,true,,false,false,true,false,false,,,,,,false,false,false,,,false,false,false,false,false,-83.13882,42.44511,"{
  ""coordinates"": [
    -8.313882453500000e+01,
    4.244511285400010e+01
  ],
  ""type"": ""Point""
}","{
  ""coordinates"": [
    -83.138824535,
    42.445112854
  ],
  ""type"": ""Point""
}",-83.138824535,42.4451128540001
894,9457525,WYOMING,8 MILE,2015-12-14,14,12,2015,19,2,97,9,,4,0,,2,4,4,30,2,3,2,1,1,0,0,0,false,,false,false,false,false,false,,,,,,true,false,false,,,false,false,false,false,false,-83.16146,42.44482,"{
  ""coordinates"": [
    -8.316146424700000e+01,
    4.244481821900010e+01
  ],
  ""type"": ""Point""
}","{
  ""coordinates"": [
    -83.161464247,
    42.444818219
  ],
  ""type"": ""Point""
}",-83.161464247,42.4448182190001
895,9457524,GREELEY,NEVADA,2015-12-14,14,12,2015,17,2,8,9,,,0,,2,4,5,25,1,2,1,5,0,0,0,0,true,,false,false,true,false,false,,,,,,false,false,true,,,false,false,false,false,false,-83.08742,42.42519,"{
  ""coordinates"": [
    -8.308741974899991e+01,
    4.242519074300000e+01
  ],
  ""type"": ""Point""
}","{
  ""coordinates"": [
    -83.087419749,
    42.425190743
  ],
  ""type"": ""Point""
}",-83.0874197489999,42.425190743
896,9459422,PURITAN,LIVERNOIS,2015-12-14,14,12,2015,9,2,4,9,,4,0,,2,4,1,30,2,2,2,4,0,0,0,1,false,,true,true,false,false,false,,,,,,false,false,true,,,false,false,false,false,false,-83.14025,42.40991,"{
  ""coordinates"": [
    -8.314024867800001e+01,
    4.240990758700010e+01
  ],
  ""type"": ""Point""
}","{
  ""coordinates"": [
    -83.140248678,
    42.409907587
  ],
  ""type"": ""Point""
}",-83.140248678,42.4099075870001
897,9458296,7 MILE,CONANT,2015-12-14,14,12,2015,11,2,4,9,,4,0,,1,1,4,35,2,2,3,5,0,0,0,0,true,,false,false,true,false,false,,,,,,false,false,false,,,false,false,false,false,false,-83.07366,42.43293,"{
  ""coordinates"": [
    -8.307366383899991e+01,
    4.243292795300000e+01
  ],
  ""type"": ""Point""
}","{
  ""coordinates"": [
    -83.073663839,
    42.432927953
  ],
  ""type"": ""Point""
}",-83.0736638389999,42.432927953
898,9457554,MCNICHOLS,CHAREST,2015-12-14,14,12,2015,16,2,4,9,,4,0,,2,2,1,30,4,2,3,3,0,0,1,0,false,,false,false,false,false,false,,,,,,false,false,false,,,false,false,false,false,false,-83.06878,42.41864,"{
  ""coordinates"": [
    -8.306877916199990e+01,
    4.241863508600010e+01
  ],
  ""type"": ""Point""
}","{
  ""coordinates"": [
    -83.068779162,
    42.418635086
  ],
  ""type"": ""Point""
}",-83.0687791619999,42.4186350860001
899,9458204,N M 39,W I 96,2015-12-14,14,12,2015,11,2,1,3,,1,1,,2,4,1,55,2,1,1,5,0,0,0,0,true,,false,false,true,false,false,,,,,,false,false,false,,,false,false,false,false,false,-83.21692,42.37878,"{
  ""coordinates"": [
    -8.321692057199991e+01,
    4.237878329200000e+01
  ],
  ""type"": ""Point""
}","{
  ""coordinates"": [
    -83.216920572,
    42.378783292
  ],
  ""type"": ""Point""
}",-83.2169205719999,42.378783292
900,9458205,N M 10,HOWARD,2015-12-14,14,12,2015,16,2,1,3,,1,0,,2,4,3,55,3,1,1,4,0,0,0,1,false,,false,false,false,false,false,,,,,,false,false,false,,,false,false,false,false,false,-83.05766,42.32856,"{
  ""coordinates"": [
    -8.305765793099989e+01,
    4.232856284900000e+01
  ],
  ""type"": ""Point""
}","{
  ""coordinates"": [
    -83.057657931,
    42.328562849
  ],
  ""type"": ""Point""
}",-83.0576579309999,42.328562849
901,9458322,7 MILE,GOULBURN,2015-12-14,14,12,2015,18,2,4,9,,4,0,,2,4,4,35,2,2,3,5,0,0,0,0,true,,false,false,false,true,false,,,,,,false,false,false,,,false,false,false,false,false,-82.99364,42.43473,"{
  ""coordinates"": [
    -8.299364466000000e+01,
    4.243472870100000e+01
  ],
  ""type"": ""Point""
}","{
  ""coordinates"": [
    -82.99364466,
    42.434728701
  ],
  ""type"": ""Point""
}",-82.99364466,42.434728701
902,9458187,RAMP 008M,I-96,2015-12-14,14,12,2015,9,2,5,1,,1,0,,2,2,1,55,2,2,2,5,0,0,0,0,true,,false,false,false,false,false,,,,,,false,false,false,,,false,false,false,false,false,-83.21701,42.37884,"{
  ""coordinates"": [
    -8.321701319200000e+01,
    4.237884105100010e+01
  ],
  ""type"": ""Point""
}","{
  ""coordinates"": [
    -83.217013192,
    42.378841051
  ],
  ""type"": ""Point""
}",-83.217013192,42.3788410510001
903,9456490,CLOVERLAWN,JOY,2015-12-14,14,12,2015,0,2,4,9,,,0,,1,1,4,30,2,2,3,4,0,0,0,3,false,,true,false,false,false,false,,,,,,false,false,true,,,false,false,false,false,false,-83.15077,42.3591,"{
  ""coordinates"": [
    -8.315077236899999e+01,
    4.235909635400000e+01
  ],
  ""type"": ""Point""
}","{
  ""coordinates"": [
    -83.150772369,
    42.359096354
  ],
  ""type"": ""Point""
}",-83.150772369,42.359096354
904,9462224,SPRINGWELLS,GARTNER,2015-12-14,14,12,2015,12,2,97,9,,4,0,,2,4,1,25,4,2,1,5,0,0,0,0,true,,false,false,true,false,false,,,,,,false,false,false,,,false,false,false,false,false,-83.12531,42.30879,"{
  ""coordinates"": [
    -8.312530463699990e+01,
    4.230879054700010e+01
  ],
  ""type"": ""Point""
}","{
  ""coordinates"": [
    -83.125304637,
    42.308790547
  ],
  ""type"": ""Point""
}",-83.1253046369999,42.3087905470001
905,9457516,JAMES COUZENS,8 MILE,2015-12-14,14,12,2015,22,2,5,3,,1,0,,1,1,4,40,2,2,2,5,0,0,0,0,true,,false,false,false,false,false,,,,,,false,false,false,,,false,false,false,false,false,-83.20257,42.44466,"{
  ""coordinates"": [
    -8.320256503900001e+01,
    4.244466499400000e+01
  ],
  ""type"": ""Point""
}","{
  ""coordinates"": [
    -83.202565039,
    42.444664994
  ],
  ""type"": ""Point""
}",-83.202565039,42.444664994
906,9458209,M 39,SCHOOLCRAFT,2015-12-14,14,12,2015,12,2,8,3,,1,0,,2,2,1,55,3,3,3,5,0,0,0,0,true,,false,false,false,false,false,,,,,,false,false,true,,,false,false,false,false,false,-83.21771,42.3863,"{
  ""coordinates"": [
    -8.321770976700000e+01,
    4.238630132200010e+01
  ],
  ""type"": ""Point""
}","{
  ""coordinates"": [
    -83.217709767,
    42.386301322
  ],
  ""type"": ""Point""
}",-83.217709767,42.3863013220001
907,9457515,HARPER,RAYMOND,2015-12-14,14,12,2015,8,2,5,9,,4,0,,2,1,1,30,2,2,2,4,0,0,0,1,false,,false,false,false,false,false,,,,,,false,true,false,,,false,false,false,false,false,-83.00685,42.39289,"{
  ""coordinates"": [
    -8.300685063600000e+01,
    4.239288579100000e+01
  ],
  ""type"": ""Point""
}","{
  ""coordinates"": [
    -83.006850636,
    42.392885791
  ],
  ""type"": ""Point""
}",-83.006850636,42.392885791
908,9458331,LODGE SERVICE,PALLISTER,2015-12-14,14,12,2015,5,2,5,9,,4,0,,1,1,1,15,2,2,2,5,0,0,0,0,true,,false,false,true,false,false,,,,,,false,false,false,,,false,false,false,false,false,-83.08342,42.3703,"{
  ""coordinates"": [
    -8.308341674800000e+01,
    4.237030366300010e+01
  ],
  ""type"": ""Point""
}","{
  ""coordinates"": [
    -83.083416748,
    42.370303663
  ],
  ""type"": ""Point""
}",-83.083416748,42.3703036630001
909,9457518,WARREN,AUBURN,2015-12-14,14,12,2015,15,2,2,9,,2,2,,2,2,1,35,4,2,2,4,0,0,0,1,false,,false,false,false,false,false,,,,,,false,true,false,,,false,false,false,false,false,-83.23247,42.34317,"{
  ""coordinates"": [
    -8.323246433600001e+01,
    4.234316996900000e+01
  ],
  ""type"": ""Point""
}","{
  ""coordinates"": [
    -83.232464336,
    42.343169969
  ],
  ""type"": ""Point""
}",-83.232464336,42.343169969
910,9457520,TAYLOR,ROSA PARKS,2015-12-14,14,12,2015,18,2,2,9,,,2,,2,4,5,25,2,2,2,4,0,0,0,2,false,,false,false,true,false,false,,,,,,false,false,false,,,false,false,false,false,false,-83.09933,42.37547,"{
  ""coordinates"": [
    -8.309932471400001e+01,
    4.237546473500000e+01
  ],
  ""type"": ""Point""
}","{
  ""coordinates"": [
    -83.099324714,
    42.375464735
  ],
  ""type"": ""Point""
}",-83.099324714,42.375464735
911,9460429,I-94,MORANG,2015-12-14,14,12,2015,11,2,5,1,,1,0,,2,4,1,55,3,2,2,5,0,0,0,0,true,,false,false,false,false,false,,,,,,false,false,true,,,false,false,false,false,false,-82.93429,42.41871,"{
  ""coordinates"": [
    -8.293429156300000e+01,
    4.241870941200010e+01
  ],
  ""type"": ""Point""
}","{
  ""coordinates"": [
    -82.934291563,
    42.418709412
  ],
  ""type"": ""Point""
}",-82.934291563,42.4187094120001
912,9608725,GRAND RIVER,PATTON,2015-12-14,14,12,2015,3,2,1,3,,1,1,,2,1,4,35,5,1,3,2,0,1,0,2,false,,false,false,true,false,false,,,,,,false,false,false,,,false,false,false,false,false,-83.24377,42.41094,"{
  ""coordinates"": [
    -8.324376508300000e+01,
    4.241094080000000e+01
  ],
  ""type"": ""Point""
}","{
  ""coordinates"": [
    -83.243765083,
    42.4109408
  ],
  ""type"": ""Point""
}",-83.243765083,42.4109408
913,9459411,CHIPPEWA,LIVERNOIS,2015-12-14,14,12,2015,16,2,4,9,,,0,,2,2,1,25,2,2,4,5,0,0,0,0,true,,false,false,false,false,false,,,,,,false,true,false,,,false,false,false,false,false,-83.14195,42.44133,"{
  ""coordinates"": [
    -8.314195602099990e+01,
    4.244133364000000e+01
  ],
  ""type"": ""Point""
}","{
  ""coordinates"": [
    -83.141956021,
    42.44133364
  ],
  ""type"": ""Point""
}",-83.1419560209999,42.44133364