ObjectId,Crash ID,Primary Road,Intersecting Road,Crash Date,Day,Month,Year,Hour,Weekday,Crash Type Code,Highway Classification Code,Community Code,Jurisdiction Code,Lane Departure Type Code,Surface Type,Road Condition,Weather Condition,Lighting Condition,Speed Limit,Lanes,Units,Occupants,Most Severe Injury,Fatal Injuries,Suspected Serious Injuries,Suspected Minor Injuries,Possible Injuries,Property Damage Only,Secondary Crash,Traffic Control,Red Light Run,Hit and Run,Alcohol,Drugs,Unbelted Person,Work Zone,Speeding Driver,Distracted Driver,Driveway,Pedestrian,Elderly Driver,Young Driver,Commercial Vehicle,Emergency Vehicles,Train,School Bus,Motorcycle,Bicycle,Deer,Longitude,Latitude,geom,geog,x,y
914,9457538,WARREN,PIEDMONT,2015-12-14,14,12,2015,19,2,97,9,,2,0,,2,1,4,35,2,2,2,5,0,0,0,0,true,,false,false,false,true,false,,,,,,false,false,true,,,false,false,false,false,false,-83.228,42.34324,"{
  ""coordinates"": [
    -8.322800034600000e+01,
    4.234323937600000e+01
  ],
  ""type"": ""Point""
}","{
  ""coordinates"": [
    -83.228000346,
    42.343239376
  ],
  ""type"": ""Point""
}",-83.228000346,42.343239376
915,9458320,7 MILE,OAKFIELD,2015-12-14,14,12,2015,8,2,3,9,,2,0,,2,2,1,30,4,2,2,5,0,0,0,0,true,,false,false,false,false,false,,,,,,false,true,true,,,false,false,false,false,false,-83.21501,42.43013,"{
  ""coordinates"": [
    -8.321501412000001e+01,
    4.243013240400010e+01
  ],
  ""type"": ""Point""
}","{
  ""coordinates"": [
    -83.21501412,
    42.430132404
  ],
  ""type"": ""Point""
}",-83.21501412,42.4301324040001
916,9457556,LIVERNOIS,CLARITA,2015-12-14,14,12,2015,15,2,8,9,,4,0,,2,4,1,30,2,2,0,5,0,0,0,0,true,,false,false,true,false,false,,,,,,false,false,false,,,false,false,false,false,false,-83.14149,42.42954,"{
  ""coordinates"": [
    -8.314148664299999e+01,
    4.242954011100010e+01
  ],
  ""type"": ""Point""
}","{
  ""coordinates"": [
    -83.141486643,
    42.429540111
  ],
  ""type"": ""Point""
}",-83.141486643,42.4295401110001
917,9458153,N/B M 39,OUTER,2015-12-14,14,12,2015,8,2,5,3,,1,0,,2,2,1,55,3,2,3,3,0,0,1,2,false,,false,false,false,false,false,,,,,,false,false,false,,,false,false,false,false,false,-83.21881,42.41913,"{
  ""coordinates"": [
    -8.321881368000000e+01,
    4.241913121700000e+01
  ],
  ""type"": ""Point""
}","{
  ""coordinates"": [
    -83.21881368,
    42.419131217
  ],
  ""type"": ""Point""
}",-83.21881368,42.419131217
918,9458307,MCNICHOLS,WYOMING,2015-12-14,14,12,2015,17,2,9,9,,2,0,,2,1,4,35,2,3,6,5,0,0,0,0,true,,false,false,false,false,false,,,,,,false,false,true,,,false,false,false,false,false,-83.16045,42.41693,"{
  ""coordinates"": [
    -8.316045196399990e+01,
    4.241692637500010e+01
  ],
  ""type"": ""Point""
}","{
  ""coordinates"": [
    -83.160451964,
    42.416926375
  ],
  ""type"": ""Point""
}",-83.1604519639999,42.4169263750001
919,9458189,I-75,SCHAEFER,2015-12-14,14,12,2015,11,2,1,1,,1,1,,2,4,1,70,4,1,1,5,0,0,0,0,true,,false,false,false,false,false,,,,,,false,true,false,,,false,false,false,false,false,-83.15611,42.2774,"{
  ""coordinates"": [
    -8.315610323999989e+01,
    4.227740264700000e+01
  ],
  ""type"": ""Point""
}","{
  ""coordinates"": [
    -83.15610324,
    42.277402647
  ],
  ""type"": ""Point""
}",-83.1561032399999,42.277402647
920,9458157,RAMP 031A,N I 75 SERVICE DRIVE,2015-12-14,14,12,2015,15,2,5,1,,1,0,,2,4,1,55,2,2,3,5,0,0,0,0,true,,false,false,false,false,false,,,,,,false,false,false,,,false,false,false,false,false,-83.11934,42.30082,"{
  ""coordinates"": [
    -8.311934126300000e+01,
    4.230081465400010e+01
  ],
  ""type"": ""Point""
}","{
  ""coordinates"": [
    -83.119341263,
    42.300814654
  ],
  ""type"": ""Point""
}",-83.119341263,42.3008146540001
921,9459418,LIVERNOIS,GROVE,2015-12-14,14,12,2015,12,2,5,9,,4,0,,2,2,1,30,4,2,2,5,0,0,0,0,true,,false,false,false,false,false,,,,,,false,true,true,,,false,false,false,false,false,-83.14063,42.41489,"{
  ""coordinates"": [
    -8.314062869599999e+01,
    4.241489295000010e+01
  ],
  ""type"": ""Point""
}","{
  ""coordinates"": [
    -83.140628696,
    42.41489295
  ],
  ""type"": ""Point""
}",-83.140628696,42.4148929500001
922,9462197,VERNOR,SPRINGWELLS,2015-12-14,14,12,2015,9,2,97,9,,4,0,,2,2,1,30,4,2,1,4,0,0,0,1,false,,false,false,false,false,false,,,,,,true,false,false,,,false,false,false,false,false,-83.1272,42.31144,"{
  ""coordinates"": [
    -8.312720135300000e+01,
    4.231143865400000e+01
  ],
  ""type"": ""Point""
}","{
  ""coordinates"": [
    -83.127201353,
    42.311438654
  ],
  ""type"": ""Point""
}",-83.127201353,42.311438654
923,9458158,I94,BRUSH,2015-12-14,14,12,2015,18,2,5,1,,1,0,,2,4,4,55,3,2,3,5,0,0,0,0,true,,false,false,false,false,false,,,,,,false,false,false,,,false,false,false,false,false,-83.06613,42.36489,"{
  ""coordinates"": [
    -8.306613079300000e+01,
    4.236488964500010e+01
  ],
  ""type"": ""Point""
}","{
  ""coordinates"": [
    -83.066130793,
    42.364889645
  ],
  ""type"": ""Point""
}",-83.066130793,42.3648896450001
924,9458297,SANTA ROSA,PURITAN,2015-12-14,14,12,2015,19,2,8,9,,,0,,2,4,4,25,2,2,1,5,0,0,0,0,true,,false,false,false,false,false,,,,,,false,false,false,,,false,false,false,false,false,-83.14265,42.40878,"{
  ""coordinates"": [
    -8.314265486200000e+01,
    4.240877917600010e+01
  ],
  ""type"": ""Point""
}","{
  ""coordinates"": [
    -83.142654862,
    42.408779176
  ],
  ""type"": ""Point""
}",-83.142654862,42.4087791760001
925,9458327,CHRYSLER SERVICE,LANTZ,2015-12-14,14,12,2015,18,2,97,9,,4,0,,2,4,4,35,1,2,1,5,0,0,0,0,true,,false,false,false,false,false,,,,,,false,false,false,,,false,false,false,false,false,-83.09437,42.43726,"{
  ""coordinates"": [
    -8.309436896499990e+01,
    4.243726443800010e+01
  ],
  ""type"": ""Point""
}","{
  ""coordinates"": [
    -83.094368965,
    42.437264438
  ],
  ""type"": ""Point""
}",-83.0943689649999,42.4372644380001
926,9457533,JOY,NORTHFIELD,2015-12-14,14,12,2015,10,2,5,9,,4,0,,2,4,1,30,2,2,2,5,0,0,0,0,true,,false,false,true,false,false,,,,,,false,false,false,,,false,false,false,false,false,-83.13291,42.36214,"{
  ""coordinates"": [
    -8.313291488800000e+01,
    4.236213607700010e+01
  ],
  ""type"": ""Point""
}","{
  ""coordinates"": [
    -83.132914888,
    42.362136077
  ],
  ""type"": ""Point""
}",-83.132914888,42.3621360770001
927,9459396,GREENFIELD,RAMP 136D,2015-12-14,14,12,2015,17,2,3,1,,2,0,,2,2,4,35,6,3,5,3,0,0,3,1,false,,false,false,false,false,false,,,,,,false,false,true,,,false,false,false,false,false,-83.19824,42.37967,"{
  ""coordinates"": [
    -8.319824237400000e+01,
    4.237966764200010e+01
  ],
  ""type"": ""Point""
}","{
  ""coordinates"": [
    -83.198242374,
    42.379667642
  ],
  ""type"": ""Point""
}",-83.198242374,42.3796676420001
928,9458188,RAMP 008M,RAMP 008K,2015-12-14,14,12,2015,9,2,8,1,,1,0,,2,4,1,55,2,2,3,5,0,0,0,0,true,,false,false,false,false,false,,,,,,false,true,false,,,false,false,false,false,false,-83.2187,42.37819,"{
  ""coordinates"": [
    -8.321870208400000e+01,
    4.237819234300010e+01
  ],
  ""type"": ""Point""
}","{
  ""coordinates"": [
    -83.218702084,
    42.378192343
  ],
  ""type"": ""Point""
}",-83.218702084,42.3781923430001
929,9459398,MICHIGAN,CLARK,2015-12-14,14,12,2015,11,2,4,2,,1,0,,2,2,1,35,5,2,4,5,0,0,0,0,true,,true,true,false,false,false,,,,,,false,false,false,,,false,false,false,false,false,-83.10234,42.33129,"{
  ""coordinates"": [
    -8.310233974800001e+01,
    4.233128988500000e+01
  ],
  ""type"": ""Point""
}","{
  ""coordinates"": [
    -83.102339748,
    42.331289885
  ],
  ""type"": ""Point""
}",-83.102339748,42.331289885
930,9457539,S M 39 SERVICE DRIVE,PAUL,2015-12-14,14,12,2015,18,2,5,9,,4,0,,1,2,3,55,6,2,2,5,0,0,0,0,true,,false,false,false,false,false,,,,,,false,false,false,,,false,false,false,false,false,-83.21627,42.33695,"{
  ""coordinates"": [
    -8.321627317900000e+01,
    4.233694776400010e+01
  ],
  ""type"": ""Point""
}","{
  ""coordinates"": [
    -83.216273179,
    42.336947764
  ],
  ""type"": ""Point""
}",-83.216273179,42.3369477640001
931,9460509,MCCLELLAN,MACK,2015-12-14,14,12,2015,20,2,5,9,,4,0,,2,4,4,35,2,2,1,5,0,0,0,0,true,,false,false,true,false,false,,,,,,false,false,false,,,false,false,false,false,false,-82.9941,42.37203,"{
  ""coordinates"": [
    -8.299410179099991e+01,
    4.237203188500010e+01
  ],
  ""type"": ""Point""
}","{
  ""coordinates"": [
    -82.994101791,
    42.372031885
  ],
  ""type"": ""Point""
}",-82.9941017909999,42.3720318850001
932,9463397,WARREN,ST ANTIONE,2015-12-14,14,12,2015,18,2,5,9,,4,0,,2,4,4,30,3,2,3,5,0,0,0,0,true,,false,false,false,false,false,,,,,,false,true,true,,,false,false,false,false,false,-83.05806,42.35944,"{
  ""coordinates"": [
    -8.305806068200000e+01,
    4.235943491400010e+01
  ],
  ""type"": ""Point""
}","{
  ""coordinates"": [
    -83.058060682,
    42.359434914
  ],
  ""type"": ""Point""
}",-83.058060682,42.3594349140001
933,9458330,MONICA,PURITAN,2015-12-14,14,12,2015,21,2,1,9,,,0,,1,1,5,25,2,2,0,4,0,0,0,1,false,,false,false,false,false,false,,,,,,true,false,false,,,false,false,false,false,false,-83.14379,42.41027,"{
  ""coordinates"": [
    -8.314379083800000e+01,
    4.241027477000010e+01
  ],
  ""type"": ""Point""
}","{
  ""coordinates"": [
    -83.143790838,
    42.41027477
  ],
  ""type"": ""Point""
}",-83.143790838,42.4102747700001
934,9460516,SHERWOOD,OUTER,2015-12-14,14,12,2015,18,2,1,9,,4,1,,2,4,4,30,2,1,1,5,0,0,0,0,true,,false,false,false,false,false,,,,,,false,false,false,,,false,false,false,false,false,-83.0343,42.44148,"{
  ""coordinates"": [
    -8.303430066300000e+01,
    4.244147948500010e+01
  ],
  ""type"": ""Point""
}","{
  ""coordinates"": [
    -83.034300663,
    42.441479485
  ],
  ""type"": ""Point""
}",-83.034300663,42.4414794850001
935,9457553,WYOMING,FENKELL,2015-12-14,14,12,2015,8,2,8,9,,4,0,,1,2,1,20,4,2,2,5,0,0,0,0,true,,false,false,true,false,false,,,,,,false,false,false,,,false,false,false,false,false,-83.15968,42.40252,"{
  ""coordinates"": [
    -8.315967984500000e+01,
    4.240251362100000e+01
  ],
  ""type"": ""Point""
}","{
  ""coordinates"": [
    -83.159679845,
    42.402513621
  ],
  ""type"": ""Point""
}",-83.159679845,42.402513621
936,9465509,8 MILE,LIVERNOIS,2015-12-14,14,12,2015,1,2,5,3,,1,0,,1,1,1,0,6,2,2,5,0,0,0,0,true,,false,false,true,false,false,,,,,,false,false,false,,,false,false,false,false,false,-83.14219,42.44608,"{
  ""coordinates"": [
    -8.314219180500000e+01,
    4.244607809500010e+01
  ],
  ""type"": ""Point""
}","{
  ""coordinates"": [
    -83.142191805,
    42.446078095
  ],
  ""type"": ""Point""
}",-83.142191805,42.4460780950001
937,9458155,E I 94,RAMP 217F,2015-12-14,14,12,2015,15,2,8,1,,1,0,,2,4,1,55,3,3,2,5,0,0,0,0,true,,false,false,true,false,false,,,,,,false,false,false,,,false,false,false,false,false,-83.03252,42.3802,"{
  ""coordinates"": [
    -8.303251983400000e+01,
    4.238020472700000e+01
  ],
  ""type"": ""Point""
}","{
  ""coordinates"": [
    -83.032519834,
    42.380204727
  ],
  ""type"": ""Point""
}",-83.032519834,42.380204727
938,9458318,8 MILE,M 10 SERVICE,2015-12-14,14,12,2015,21,2,4,3,,1,0,,1,1,4,35,5,2,1,3,0,0,1,0,false,,false,false,true,false,false,,,,,,false,false,false,,,false,false,false,false,false,-83.20393,42.44467,"{
  ""coordinates"": [
    -8.320392998999991e+01,
    4.244467190900010e+01
  ],
  ""type"": ""Point""
}","{
  ""coordinates"": [
    -83.20392999,
    42.444671909
  ],
  ""type"": ""Point""
}",-83.2039299899999,42.4446719090001
939,9474058,ASHTON,MCNICHOLS,2015-12-14,14,12,2015,16,2,9,9,,,2,,1,1,1,25,1,2,1,3,0,0,1,0,false,,false,false,true,false,false,,,,,,false,false,false,,,false,false,false,false,false,-83.22007,42.4155,"{
  ""coordinates"": [
    -8.322007008199991e+01,
    4.241550239300010e+01
  ],
  ""type"": ""Point""
}","{
  ""coordinates"": [
    -83.220070082,
    42.415502393
  ],
  ""type"": ""Point""
}",-83.2200700819999,42.4155023930001
940,9458197,RAMP 139B,E I 96,2015-12-14,14,12,2015,15,2,1,1,,1,1,,1,2,1,55,3,1,1,4,0,0,0,2,false,,false,false,false,false,false,,,,,,false,false,false,,,false,false,false,false,false,-83.14869,42.38251,"{
  ""coordinates"": [
    -8.314868595800000e+01,
    4.238251671400010e+01
  ],
  ""type"": ""Point""
}","{
  ""coordinates"": [
    -83.148685958,
    42.382516714
  ],
  ""type"": ""Point""
}",-83.148685958,42.3825167140001
941,9457548,WHITTIER,KELLY,2015-12-14,14,12,2015,13,2,1,9,,4,1,,97,98,98,30,3,1,0,5,0,0,0,0,true,,false,false,true,false,false,,,,,,false,false,false,,,false,false,false,false,false,-82.96308,42.42085,"{
  ""coordinates"": [
    -8.296308320299990e+01,
    4.242085099700010e+01
  ],
  ""type"": ""Point""
}","{
  ""coordinates"": [
    -82.963083203,
    42.420850997
  ],
  ""type"": ""Point""
}",-82.9630832029999,42.4208509970001
942,9458202,I-94,BEAUBIEN,2015-12-14,14,12,2015,4,2,8,1,,1,0,,1,1,4,55,3,2,3,5,0,0,0,0,true,,false,false,false,false,false,,,,,,false,false,true,,,false,false,false,false,false,-83.06341,42.36605,"{
  ""coordinates"": [
    -8.306340578699999e+01,
    4.236604945700000e+01
  ],
  ""type"": ""Point""
}","{
  ""coordinates"": [
    -83.063405787,
    42.366049457
  ],
  ""type"": ""Point""
}",-83.063405787,42.366049457
943,9465536,WOODWARD,ALFRED,2015-12-14,14,12,2015,1,2,1,3,,1,1,,1,1,2,25,1,1,2,4,0,0,0,1,false,,false,false,false,false,false,,,,,,false,false,true,,,false,false,false,false,false,-83.0548,42.3428,"{
  ""coordinates"": [
    -8.305480575000000e+01,
    4.234280422900010e+01
  ],
  ""type"": ""Point""
}","{
  ""coordinates"": [
    -83.05480575,
    42.342804229
  ],
  ""type"": ""Point""
}",-83.05480575,42.3428042290001
944,9458203,DAVISON,RAMP 138C,2015-12-14,14,12,2015,9,2,1,9,,4,1,,2,4,1,55,3,1,0,5,0,0,0,0,true,,false,false,true,false,false,,,,,,false,false,false,,,false,false,false,false,false,-83.15609,42.38582,"{
  ""coordinates"": [
    -8.315608985900001e+01,
    4.238581799200010e+01
  ],
  ""type"": ""Point""
}","{
  ""coordinates"": [
    -83.156089859,
    42.385817992
  ],
  ""type"": ""Point""
}",-83.156089859,42.3858179920001
945,9463392,2ND,AMSTERDAM,2015-12-14,14,12,2015,16,2,5,9,,4,0,,1,1,1,25,2,2,2,5,0,0,0,0,true,,false,false,false,false,false,,,,,,false,false,false,,,false,false,false,false,false,-83.07444,42.36542,"{
  ""coordinates"": [
    -8.307444062000000e+01,
    4.236542141900000e+01
  ],
  ""type"": ""Point""
}","{
  ""coordinates"": [
    -83.07444062,
    42.365421419
  ],
  ""type"": ""Point""
}",-83.07444062,42.365421419
946,9458312,PLYMOUTH,S M 39,2015-12-14,14,12,2015,18,2,97,9,,4,1,,1,1,4,25,2,1,1,5,0,0,0,0,true,,false,false,false,false,false,,,,,,false,false,false,,,false,false,false,false,false,-83.21672,42.37225,"{
  ""coordinates"": [
    -8.321671979400000e+01,
    4.237225368300010e+01
  ],
  ""type"": ""Point""
}","{
  ""coordinates"": [
    -83.216719794,
    42.372253683
  ],
  ""type"": ""Point""
}",-83.216719794,42.3722536830001
947,9479347,8 MILE,LIVERNOIS,2015-12-14,14,12,2015,19,2,4,3,,1,0,,2,1,4,45,8,2,2,5,0,0,0,0,true,,false,false,false,false,false,,,,,,false,false,false,,,false,false,false,false,false,-83.14201,42.44608,"{
  ""coordinates"": [
    -8.314201666600000e+01,
    4.244608167800000e+01
  ],
  ""type"": ""Point""
}","{
  ""coordinates"": [
    -83.142016666,
    42.446081678
  ],
  ""type"": ""Point""
}",-83.142016666,42.446081678
948,9457549,7 MILE,WALTHAM,2015-12-14,14,12,2015,12,2,5,9,,4,0,,2,4,1,30,2,3,4,4,0,0,0,1,false,,false,false,true,false,false,,,,,,false,false,false,,,false,false,false,false,false,-82.99477,42.4347,"{
  ""coordinates"": [
    -8.299477210600000e+01,
    4.243470368800010e+01
  ],
  ""type"": ""Point""
}","{
  ""coordinates"": [
    -82.994772106,
    42.434703688
  ],
  ""type"": ""Point""
}",-82.994772106,42.4347036880001
949,9469097,GRAND RIVER,BRYDEN,2015-12-14,14,12,2015,18,2,4,3,,1,0,,2,4,4,35,4,2,2,5,0,0,0,0,true,,true,true,true,false,false,,,,,,false,false,false,,,false,false,false,false,false,-83.14426,42.37086,"{
  ""coordinates"": [
    -8.314426644799990e+01,
    4.237086644300010e+01
  ],
  ""type"": ""Point""
}","{
  ""coordinates"": [
    -83.144266448,
    42.370866443
  ],
  ""type"": ""Point""
}",-83.1442664479999,42.3708664430001
950,9457558,MCNICHOLS,COYLE,2015-12-14,14,12,2015,15,2,8,9,,2,0,,2,4,1,35,4,2,2,5,0,0,0,0,true,,false,false,false,false,false,,,,,,false,false,false,,,false,false,false,false,false,-83.19444,42.41621,"{
  ""coordinates"": [
    -8.319443847600000e+01,
    4.241621245300010e+01
  ],
  ""type"": ""Point""
}","{
  ""coordinates"": [
    -83.194438476,
    42.416212453
  ],
  ""type"": ""Point""
}",-83.194438476,42.4162124530001
951,9460398,M 39,TIREMAN,2015-12-14,14,12,2015,17,2,5,3,,1,0,,1,1,4,55,3,2,2,4,0,0,0,1,false,,false,false,false,false,false,,,,,,false,false,false,,,false,false,false,false,false,-83.21626,42.35424,"{
  ""coordinates"": [
    -8.321625600999990e+01,
    4.235423859200010e+01
  ],
  ""type"": ""Point""
}","{
  ""coordinates"": [
    -83.21625601,
    42.354238592
  ],
  ""type"": ""Point""
}",-83.2162560099999,42.3542385920001
952,9462223,VERNOR,BEARD,2015-12-13,13,12,2015,7,1,8,9,,4,0,,2,2,2,25,4,3,0,5,0,0,0,0,true,,false,false,true,false,false,,,,,,false,false,false,,,false,false,false,false,false,-83.12377,42.31285,"{
  ""coordinates"": [
    -8.312377240599990e+01,
    4.231285008700010e+01
  ],
  ""type"": ""Point""
}","{
  ""coordinates"": [
    -83.123772406,
    42.312850087
  ],
  ""type"": ""Point""
}",-83.1237724059999,42.3128500870001
953,9458309,CONGRESS,WASHINGTON,2015-12-13,13,12,2015,2,1,1,9,,4,0,,2,1,4,25,3,1,2,4,0,0,0,1,false,,false,false,false,false,false,,,,,,false,false,false,,,false,false,false,false,false,-83.04926,42.32871,"{
  ""coordinates"": [
    -8.304926464800000e+01,
    4.232871066200000e+01
  ],
  ""type"": ""Point""
}","{
  ""coordinates"": [
    -83.049264648,
    42.328710662
  ],
  ""type"": ""Point""
}",-83.049264648,42.328710662
954,9458150,I-94,ROSA PARKS,2015-12-13,13,12,2015,13,1,8,1,,1,0,,1,1,1,55,3,2,2,5,0,0,0,0,true,,false,false,false,false,false,,,,,,false,false,false,,,false,false,false,false,false,-83.08612,42.35419,"{
  ""coordinates"": [
    -8.308612091000001e+01,
    4.235418560400010e+01
  ],
  ""type"": ""Point""
}","{
  ""coordinates"": [
    -83.08612091,
    42.354185604
  ],
  ""type"": ""Point""
}",-83.08612091,42.3541856040001
955,9465544,LIVERNOIS,PEMBROKE,2015-12-13,13,12,2015,17,1,8,9,,4,0,,1,1,1,0,4,2,3,5,0,0,0,0,true,,false,false,true,false,false,,,,,,false,true,false,,,false,false,false,false,false,-83.14162,42.43869,"{
  ""coordinates"": [
    -8.314162526099990e+01,
    4.243869079600010e+01
  ],
  ""type"": ""Point""
}","{
  ""coordinates"": [
    -83.141625261,
    42.438690796
  ],
  ""type"": ""Point""
}",-83.1416252609999,42.4386907960001
956,9457543,EVERGREEN,7 MILE,2015-12-13,13,12,2015,2,1,9,9,,4,0,,1,1,4,35,4,2,2,5,0,0,0,0,true,,false,false,true,false,false,,,,,,false,false,false,,,false,false,false,false,false,-83.23885,42.42954,"{
  ""coordinates"": [
    -8.323885633799991e+01,
    4.242954140500010e+01
  ],
  ""type"": ""Point""
}","{
  ""coordinates"": [
    -83.238856338,
    42.429541405
  ],
  ""type"": ""Point""
}",-83.2388563379999,42.4295414050001
957,9458148,RAMP 139C,DAVISON,2015-12-13,13,12,2015,10,1,1,1,,1,1,,2,3,1,55,1,1,1,5,0,0,0,0,true,,false,false,false,false,false,,,,,,false,false,false,,,false,false,false,false,false,-83.14706,42.38518,"{
  ""coordinates"": [
    -8.314706726400000e+01,
    4.238517796500000e+01
  ],
  ""type"": ""Point""
}","{
  ""coordinates"": [
    -83.147067264,
    42.385177965
  ],
  ""type"": ""Point""
}",-83.147067264,42.385177965
958,9456504,N M 10,RAMP 108C,2015-12-13,13,12,2015,4,1,5,3,,1,0,,2,4,5,55,3,2,2,5,0,0,0,0,true,,false,false,true,false,false,,,,,,false,false,true,,,false,false,false,false,false,-83.12342,42.40514,"{
  ""coordinates"": [
    -8.312342021400001e+01,
    4.240513681000000e+01
  ],
  ""type"": ""Point""
}","{
  ""coordinates"": [
    -83.123420214,
    42.40513681
  ],
  ""type"": ""Point""
}",-83.123420214,42.40513681
959,9456495,EVERGREEN,CHICAGO,2015-12-13,13,12,2015,20,1,97,9,,4,0,,1,1,4,35,5,2,0,4,0,0,0,1,false,,false,false,true,true,false,,,,,,true,false,false,,,false,false,false,false,false,-83.23603,42.36473,"{
  ""coordinates"": [
    -8.323603134099990e+01,
    4.236473149600000e+01
  ],
  ""type"": ""Point""
}","{
  ""coordinates"": [
    -83.236031341,
    42.364731496
  ],
  ""type"": ""Point""
}",-83.2360313409999,42.364731496
960,9457537,GRAYTON,WAVENEY,2015-12-13,13,12,2015,10,1,4,9,,,0,,2,2,1,25,2,2,4,5,0,0,0,0,true,,true,false,true,false,false,,,,,,false,false,false,,,false,false,false,false,false,-82.92887,42.40044,"{
  ""coordinates"": [
    -8.292886927700000e+01,
    4.240044580100000e+01
  ],
  ""type"": ""Point""
}","{
  ""coordinates"": [
    -82.928869277,
    42.400445801
  ],
  ""type"": ""Point""
}",-82.928869277,42.400445801
961,9463417,VAN DYKE,BORTLE,2015-12-13,13,12,2015,4,1,9,9,,4,2,,2,2,4,35,4,3,0,5,0,0,0,0,true,,false,false,true,false,false,,,,,,false,false,false,,,false,false,false,false,false,-83.00375,42.36372,"{
  ""coordinates"": [
    -8.300374572899990e+01,
    4.236371578200000e+01
  ],
  ""type"": ""Point""
}","{
  ""coordinates"": [
    -83.003745729,
    42.363715782
  ],
  ""type"": ""Point""
}",-83.0037457289999,42.363715782
962,9615379,SCHOOLCRAFT,ROSEMONT,2015-12-13,13,12,2015,20,1,1,9,,2,0,,1,1,4,30,2,1,1,5,0,0,0,0,true,,false,false,false,false,false,,,,,,false,false,false,,,false,false,false,false,false,-83.21983,42.38663,"{
  ""coordinates"": [
    -8.321983174000000e+01,
    4.238663296300010e+01
  ],
  ""type"": ""Point""
}","{
  ""coordinates"": [
    -83.21983174,
    42.386632963
  ],
  ""type"": ""Point""
}",-83.21983174,42.3866329630001
963,9457545,RADNOR,LINVILLE,2015-12-13,13,12,2015,17,1,2,9,,,2,,1,1,3,25,2,3,2,4,0,0,0,2,false,,false,false,false,false,false,,,,,,false,false,true,,,false,false,false,false,false,-82.92206,42.41553,"{
  ""coordinates"": [
    -8.292205979700000e+01,
    4.241553177900000e+01
  ],
  ""type"": ""Point""
}","{
  ""coordinates"": [
    -82.922059797,
    42.415531779
  ],
  ""type"": ""Point""
}",-82.922059797,42.415531779
964,9456510,S M 10,LIVERNOIS,2015-12-13,13,12,2015,17,1,8,3,,1,0,,2,1,4,35,4,2,2,3,0,0,1,0,false,,false,false,false,false,false,,,,,,false,false,false,,,false,false,false,false,false,-83.1405,42.4048,"{
  ""coordinates"": [
    -8.314049586700000e+01,
    4.240480327500010e+01
  ],
  ""type"": ""Point""
}","{
  ""coordinates"": [
    -83.140495867,
    42.404803275
  ],
  ""type"": ""Point""
}",-83.140495867,42.4048032750001
965,9460494,HAYES,CEDARGROVE,2015-12-13,13,12,2015,10,1,4,9,,4,0,,2,2,1,30,2,2,6,3,0,0,1,2,false,,false,false,false,false,false,,,,,,false,true,false,,,false,false,false,false,false,-82.9652,42.42558,"{
  ""coordinates"": [
    -8.296519857899990e+01,
    4.242557683200000e+01
  ],
  ""type"": ""Point""
}","{
  ""coordinates"": [
    -82.965198579,
    42.425576832
  ],
  ""type"": ""Point""
}",-82.9651985789999,42.425576832
966,9456508,WILDEMERE,CALVERT,2015-12-13,13,12,2015,17,1,5,9,,,0,,1,1,1,35,2,2,0,5,0,0,0,0,true,,false,false,true,false,false,,,,,,false,true,false,,,false,false,false,false,false,-83.11834,42.37753,"{
  ""coordinates"": [
    -8.311833773599990e+01,
    4.237752386400010e+01
  ],
  ""type"": ""Point""
}","{
  ""coordinates"": [
    -83.118337736,
    42.377523864
  ],
  ""type"": ""Point""
}",-83.1183377359999,42.3775238640001
967,9456496,BEACONSFIELD,BRITIAN,2015-12-13,13,12,2015,8,1,97,9,,,0,,2,2,1,25,2,2,0,5,0,0,0,0,true,,false,false,true,false,false,,,,,,false,false,false,,,false,false,false,false,false,-82.94736,42.4221,"{
  ""coordinates"": [
    -8.294736681400001e+01,
    4.242210062800010e+01
  ],
  ""type"": ""Point""
}","{
  ""coordinates"": [
    -82.947366814,
    42.422100628
  ],
  ""type"": ""Point""
}",-82.947366814,42.4221006280001
968,9462200,MCGRAW,CENTRAL,2015-12-13,13,12,2015,20,1,4,9,,4,0,,1,1,4,30,2,2,2,5,0,0,0,0,true,,false,false,false,false,false,,,,,,false,false,false,,,false,false,false,false,false,-83.14077,42.33549,"{
  ""coordinates"": [
    -8.314076933599991e+01,
    4.233549152000010e+01
  ],
  ""type"": ""Point""
}","{
  ""coordinates"": [
    -83.140769336,
    42.33549152
  ],
  ""type"": ""Point""
}",-83.1407693359999,42.3354915200001
969,9457514,CHRYSLER,GRAND,2015-12-13,13,12,2015,8,1,1,9,,4,1,,2,2,1,30,3,1,1,5,0,0,0,0,true,,false,false,false,false,false,,,,,,false,false,false,,,false,false,false,false,false,-83.0612,42.37457,"{
  ""coordinates"": [
    -8.306119715800000e+01,
    4.237457355900010e+01
  ],
  ""type"": ""Point""
}","{
  ""coordinates"": [
    -83.061197158,
    42.374573559
  ],
  ""type"": ""Point""
}",-83.061197158,42.3745735590001
970,9456352,I-75,SCHAEFER,2015-12-13,13,12,2015,5,1,1,1,,1,1,,2,2,5,70,4,1,3,5,0,0,0,0,true,,false,false,false,false,false,,,,,,false,false,false,,,false,false,false,false,false,-83.14138,42.286,"{
  ""coordinates"": [
    -8.314138353000000e+01,
    4.228599593000010e+01
  ],
  ""type"": ""Point""
}","{
  ""coordinates"": [
    -83.14138353,
    42.28599593
  ],
  ""type"": ""Point""
}",-83.14138353,42.2859959300001