ObjectId,Crash ID,Primary Road,Intersecting Road,Crash Date,Day,Month,Year,Hour,Weekday,Crash Type Code,Highway Classification Code,Community Code,Jurisdiction Code,Lane Departure Type Code,Surface Type,Road Condition,Weather Condition,Lighting Condition,Speed Limit,Lanes,Units,Occupants,Most Severe Injury,Fatal Injuries,Suspected Serious Injuries,Suspected Minor Injuries,Possible Injuries,Property Damage Only,Secondary Crash,Traffic Control,Red Light Run,Hit and Run,Alcohol,Drugs,Unbelted Person,Work Zone,Speeding Driver,Distracted Driver,Driveway,Pedestrian,Elderly Driver,Young Driver,Commercial Vehicle,Emergency Vehicles,Train,School Bus,Motorcycle,Bicycle,Deer,Longitude,Latitude,geom,geog,x,y
971,9457542,FOREST,RUSSELL,2015-12-13,13,12,2015,5,1,97,9,,4,0,,2,3,2,25,2,2,0,4,0,0,0,1,false,,false,false,true,false,false,,,,,,true,false,false,,,false,false,false,false,false,-83.0509,42.36204,"{
  ""coordinates"": [
    -8.305089206100000e+01,
    4.236204180300010e+01
  ],
  ""type"": ""Point""
}","{
  ""coordinates"": [
    -83.050892061,
    42.362041803
  ],
  ""type"": ""Point""
}",-83.050892061,42.3620418030001
972,9456502,EVERGREEN,LYNDON,2015-12-13,13,12,2015,16,1,1,9,,4,1,,2,2,1,35,2,1,1,5,0,0,0,0,true,,false,false,false,false,false,,,,,,false,false,true,,,false,false,false,false,false,-83.23715,42.39403,"{
  ""coordinates"": [
    -8.323715157800000e+01,
    4.239402652300000e+01
  ],
  ""type"": ""Point""
}","{
  ""coordinates"": [
    -83.237151578,
    42.394026523
  ],
  ""type"": ""Point""
}",-83.237151578,42.394026523
973,9457517,GRATIOT,ST AUBIN,2015-12-13,13,12,2015,3,1,5,3,,1,0,,2,1,3,25,4,2,2,5,0,0,0,0,true,,false,false,false,false,false,,,,,,false,false,false,,,false,false,false,false,false,-83.0343,42.34928,"{
  ""coordinates"": [
    -8.303430044299991e+01,
    4.234928006200000e+01
  ],
  ""type"": ""Point""
}","{
  ""coordinates"": [
    -83.034300443,
    42.349280062
  ],
  ""type"": ""Point""
}",-83.0343004429999,42.349280062
974,9604941,WHITCOMB,VASSAR,2015-12-13,13,12,2015,0,1,5,9,,,0,,97,98,4,25,2,2,1,5,0,0,0,0,true,,false,false,true,false,false,,,,,,false,false,false,,,false,false,false,false,false,-83.19756,42.43436,"{
  ""coordinates"": [
    -8.319756425100000e+01,
    4.243435922100010e+01
  ],
  ""type"": ""Point""
}","{
  ""coordinates"": [
    -83.197564251,
    42.434359221
  ],
  ""type"": ""Point""
}",-83.197564251,42.4343592210001
975,9456507,GRATIOT,EASTBURN,2015-12-13,13,12,2015,16,1,4,3,,1,0,,2,1,1,35,7,2,3,4,0,0,0,3,false,,false,false,false,false,false,,,,,,false,false,false,,,false,false,false,false,false,-82.97098,42.44526,"{
  ""coordinates"": [
    -8.297097825500001e+01,
    4.244525432100000e+01
  ],
  ""type"": ""Point""
}","{
  ""coordinates"": [
    -82.970978255,
    42.445254321
  ],
  ""type"": ""Point""
}",-82.970978255,42.445254321
976,9467827,FIELDING,TIREMAN,2015-12-13,13,12,2015,4,1,5,9,,,0,,2,4,4,25,2,3,1,5,0,0,0,0,true,,false,false,false,false,false,,,,,,false,false,false,,,false,false,false,false,false,-83.24056,42.3503,"{
  ""coordinates"": [
    -8.324056322800000e+01,
    4.235029416600000e+01
  ],
  ""type"": ""Point""
}","{
  ""coordinates"": [
    -83.240563228,
    42.350294166
  ],
  ""type"": ""Point""
}",-83.240563228,42.350294166
977,9456353,I-75,SPRINGWELLS,2015-12-13,13,12,2015,5,1,1,1,,1,1,,2,2,4,70,4,1,1,4,0,0,0,1,false,,false,false,false,false,false,,,,,,false,false,false,,,false,false,false,false,false,-83.11244,42.30403,"{
  ""coordinates"": [
    -8.311244134299990e+01,
    4.230402966300010e+01
  ],
  ""type"": ""Point""
}","{
  ""coordinates"": [
    -83.112441343,
    42.304029663
  ],
  ""type"": ""Point""
}",-83.1124413429999,42.3040296630001
978,9458310,WOODWARD,PUTNAM,2015-12-13,13,12,2015,3,1,4,3,,1,0,,1,1,4,35,2,2,2,4,0,0,0,1,false,,true,true,true,false,false,,,,,,false,false,false,,,false,false,false,false,false,-83.06499,42.35793,"{
  ""coordinates"": [
    -8.306499253399990e+01,
    4.235792472100010e+01
  ],
  ""type"": ""Point""
}","{
  ""coordinates"": [
    -83.064992534,
    42.357924721
  ],
  ""type"": ""Point""
}",-83.0649925339999,42.3579247210001
979,9456501,E I 96,CHICAGO,2015-12-13,13,12,2015,16,1,97,1,,1,0,,1,1,1,0,3,2,3,5,0,0,0,0,true,,false,false,true,false,false,,,,,,false,false,true,,,false,false,false,false,false,-83.13979,42.36752,"{
  ""coordinates"": [
    -8.313978840300000e+01,
    4.236752474200010e+01
  ],
  ""type"": ""Point""
}","{
  ""coordinates"": [
    -83.139788403,
    42.367524742
  ],
  ""type"": ""Point""
}",-83.139788403,42.3675247420001
980,9465498,GRAND,LODGE SERVICE,2015-12-13,13,12,2015,1,1,3,9,,,0,,2,4,4,30,2,2,3,5,0,0,0,0,true,,false,false,false,false,false,,,,,,false,false,true,,,false,false,false,false,false,-83.11253,42.39856,"{
  ""coordinates"": [
    -8.311253137200001e+01,
    4.239856188700000e+01
  ],
  ""type"": ""Point""
}","{
  ""coordinates"": [
    -83.112531372,
    42.398561887
  ],
  ""type"": ""Point""
}",-83.112531372,42.398561887
981,9458186,JEFFIES,GRAND RIVER,2015-12-13,13,12,2015,15,1,4,3,,4,0,,1,2,1,0,6,2,2,5,0,0,0,0,true,,true,true,false,false,false,,,,,,false,false,false,,,false,false,false,false,false,-83.14425,42.37086,"{
  ""coordinates"": [
    -8.314424903900000e+01,
    4.237085931900000e+01
  ],
  ""type"": ""Point""
}","{
  ""coordinates"": [
    -83.144249039,
    42.370859319
  ],
  ""type"": ""Point""
}",-83.144249039,42.370859319
982,9457551,LAING,GRAYTON,2015-12-13,13,12,2015,14,1,4,9,,,0,,2,2,1,25,2,2,5,4,0,0,0,2,false,,true,false,false,false,false,,,,,,false,false,true,,,false,false,false,false,false,-82.95635,42.42306,"{
  ""coordinates"": [
    -8.295635246300000e+01,
    4.242305612800000e+01
  ],
  ""type"": ""Point""
}","{
  ""coordinates"": [
    -82.956352463,
    42.423056128
  ],
  ""type"": ""Point""
}",-82.956352463,42.423056128
983,9474064,FIELDING,SANTA MARIA,2015-12-13,13,12,2015,18,1,2,9,,,2,,1,1,3,25,2,2,0,5,0,0,0,0,true,,false,false,true,false,false,,,,,,false,false,false,,,false,false,false,false,false,-83.24368,42.41729,"{
  ""coordinates"": [
    -8.324368210599989e+01,
    4.241729346500010e+01
  ],
  ""type"": ""Point""
}","{
  ""coordinates"": [
    -83.243682106,
    42.417293465
  ],
  ""type"": ""Point""
}",-83.2436821059999,42.4172934650001
984,9465407,W I 96 CD,RAMP 137E,2015-12-13,13,12,2015,2,1,1,1,,1,1,,2,2,4,70,3,1,1,4,0,0,0,1,false,,false,false,true,false,false,,,,,,false,false,false,,,false,false,false,false,false,-83.18208,42.38266,"{
  ""coordinates"": [
    -8.318208196400001e+01,
    4.238266422800010e+01
  ],
  ""type"": ""Point""
}","{
  ""coordinates"": [
    -83.182081964,
    42.382664228
  ],
  ""type"": ""Point""
}",-83.182081964,42.3826642280001
985,9458149,RAMP 136C,GREENFIELD,2015-12-13,13,12,2015,10,1,5,1,,1,0,,2,2,1,55,2,2,2,5,0,0,0,0,true,,false,false,false,false,false,,,,,,false,false,true,,,false,false,false,false,false,-83.19804,42.37959,"{
  ""coordinates"": [
    -8.319804155700000e+01,
    4.237959233600000e+01
  ],
  ""type"": ""Point""
}","{
  ""coordinates"": [
    -83.198041557,
    42.379592336
  ],
  ""type"": ""Point""
}",-83.198041557,42.379592336
986,9455314,S/B I 75,SCHAEFER,2015-12-13,13,12,2015,3,1,1,1,,1,1,,2,2,4,55,3,1,1,3,0,0,1,0,false,,false,false,false,false,false,,,,,,false,false,false,,,false,false,false,false,false,-83.15469,42.27789,"{
  ""coordinates"": [
    -8.315468418200000e+01,
    4.227788357500000e+01
  ],
  ""type"": ""Point""
}","{
  ""coordinates"": [
    -83.154684182,
    42.277883575
  ],
  ""type"": ""Point""
}",-83.154684182,42.277883575
987,9456494,BURT,CHICAGO,2015-12-13,13,12,2015,3,1,1,9,,,1,,2,3,5,25,1,1,1,3,0,0,1,0,false,,false,false,false,true,false,,,,,,false,false,false,,,false,false,false,false,false,-83.24585,42.36319,"{
  ""coordinates"": [
    -8.324585275399990e+01,
    4.236318523600000e+01
  ],
  ""type"": ""Point""
}","{
  ""coordinates"": [
    -83.245852754,
    42.363185236
  ],
  ""type"": ""Point""
}",-83.2458527539999,42.363185236
988,9456509,ELMHURST,BROADSTREET,2015-12-13,13,12,2015,21,1,1,9,,4,0,,2,4,4,25,2,1,2,5,0,0,0,0,true,,false,false,false,false,false,,,,,,false,false,false,,,false,false,false,false,false,-83.13311,42.37788,"{
  ""coordinates"": [
    -8.313310703400001e+01,
    4.237788572100000e+01
  ],
  ""type"": ""Point""
}","{
  ""coordinates"": [
    -83.133107034,
    42.377885721
  ],
  ""type"": ""Point""
}",-83.133107034,42.377885721
989,9456503,GREENVIEW,SAWYER,2015-12-13,13,12,2015,16,1,4,9,,,0,,1,2,1,25,2,2,3,5,0,0,0,0,true,,false,false,true,false,false,,,,,,false,false,false,,,false,false,false,false,false,-83.22211,42.34698,"{
  ""coordinates"": [
    -8.322211652500000e+01,
    4.234697711400000e+01
  ],
  ""type"": ""Point""
}","{
  ""coordinates"": [
    -83.222116525,
    42.346977114
  ],
  ""type"": ""Point""
}",-83.222116525,42.346977114
990,9457527,LAHSER,FENKELL,2015-12-13,13,12,2015,7,1,4,9,,2,0,,2,2,2,35,4,2,2,5,0,0,0,0,true,,true,true,true,false,false,,,,,,false,false,false,,,false,false,false,false,false,-83.25683,42.40029,"{
  ""coordinates"": [
    -8.325682455399991e+01,
    4.240028786700000e+01
  ],
  ""type"": ""Point""
}","{
  ""coordinates"": [
    -83.256824554,
    42.400287867
  ],
  ""type"": ""Point""
}",-83.2568245539999,42.400287867
991,9471674,FORD,RAMP 005K,2015-12-13,13,12,2015,17,1,5,3,,1,0,,1,1,4,50,4,2,2,4,0,0,0,1,false,,false,false,false,false,false,,,,,,false,false,true,,,false,false,false,false,false,-83.21748,42.32907,"{
  ""coordinates"": [
    -8.321748056400000e+01,
    4.232906908300000e+01
  ],
  ""type"": ""Point""
}","{
  ""coordinates"": [
    -83.217480564,
    42.329069083
  ],
  ""type"": ""Point""
}",-83.217480564,42.329069083
992,9458181,I94,SECOND,2015-12-13,13,12,2015,13,1,5,1,,1,0,,1,2,1,55,3,2,3,4,0,0,0,1,false,,false,false,false,false,false,,,,,,false,false,true,,,false,false,false,false,false,-83.07242,42.36149,"{
  ""coordinates"": [
    -8.307241761700000e+01,
    4.236149070900010e+01
  ],
  ""type"": ""Point""
}","{
  ""coordinates"": [
    -83.072417617,
    42.361490709
  ],
  ""type"": ""Point""
}",-83.072417617,42.3614907090001
993,9458164,I-75,SCHAEFER,2015-12-13,13,12,2015,9,1,5,1,,1,0,,1,2,1,70,4,2,3,4,0,0,0,1,false,,false,false,false,false,false,,,,,,false,true,false,,,false,false,false,false,false,-83.15578,42.27751,"{
  ""coordinates"": [
    -8.315578258100000e+01,
    4.227751132300010e+01
  ],
  ""type"": ""Point""
}","{
  ""coordinates"": [
    -83.155782581,
    42.277511323
  ],
  ""type"": ""Point""
}",-83.155782581,42.2775113230001
994,9455323,I-75,DEARBORN,2015-12-13,13,12,2015,5,1,5,1,,1,3,,1,2,4,70,4,2,1,2,0,1,0,0,false,,false,false,false,false,false,,,,,,false,false,true,,,false,false,false,false,false,-83.12702,42.29426,"{
  ""coordinates"": [
    -8.312701978099990e+01,
    4.229425705100000e+01
  ],
  ""type"": ""Point""
}","{
  ""coordinates"": [
    -83.127019781,
    42.294257051
  ],
  ""type"": ""Point""
}",-83.1270197809999,42.294257051
995,9458201,RAMP 122F,N I 75 CD,2015-12-13,13,12,2015,23,1,5,3,,1,0,,1,1,4,0,1,2,2,5,0,0,0,0,true,,false,false,false,false,false,,,,,,false,false,true,,,false,false,false,false,false,-83.06443,42.33374,"{
  ""coordinates"": [
    -8.306442951900000e+01,
    4.233374270600010e+01
  ],
  ""type"": ""Point""
}","{
  ""coordinates"": [
    -83.064429519,
    42.333742706
  ],
  ""type"": ""Point""
}",-83.064429519,42.3337427060001
996,9458165,I-75,CLAY,2015-12-13,13,12,2015,11,1,8,1,,1,0,,1,2,1,55,4,2,2,5,0,0,0,0,true,,false,false,false,false,false,,,,,,false,true,false,,,false,false,false,false,false,-83.06244,42.37813,"{
  ""coordinates"": [
    -8.306243592300000e+01,
    4.237812887300000e+01
  ],
  ""type"": ""Point""
}","{
  ""coordinates"": [
    -83.062435923,
    42.378128873
  ],
  ""type"": ""Point""
}",-83.062435923,42.378128873
997,9466866,RAMP 219D,W I 94,2015-12-13,13,12,2015,2,1,8,1,,1,0,,97,98,98,55,3,2,2,5,0,0,0,0,true,,false,false,true,false,false,,,,,,false,false,true,,,false,false,false,false,false,-83.00826,42.39097,"{
  ""coordinates"": [
    -8.300826041800001e+01,
    4.239096878200010e+01
  ],
  ""type"": ""Point""
}","{
  ""coordinates"": [
    -83.008260418,
    42.390968782
  ],
  ""type"": ""Point""
}",-83.008260418,42.3909687820001
998,9460428,I-75,OUTER,2015-12-13,13,12,2015,2,1,97,1,,1,0,,2,1,4,70,4,3,3,5,0,0,0,0,true,,false,false,false,true,false,,,,,,false,false,true,,,false,false,false,false,false,-83.09521,42.44112,"{
  ""coordinates"": [
    -8.309521719999999e+01,
    4.244112019700000e+01
  ],
  ""type"": ""Point""
}","{
  ""coordinates"": [
    -83.0952172,
    42.441120197
  ],
  ""type"": ""Point""
}",-83.0952172,42.441120197
999,9459435,GRAND,RUSSELL,2015-12-13,13,12,2015,16,1,2,9,,4,2,,1,2,1,25,3,2,2,5,0,0,0,0,true,,false,false,true,false,false,,,,,,false,false,true,,,false,false,false,false,false,-83.0594,42.37495,"{
  ""coordinates"": [
    -8.305940369900000e+01,
    4.237495529000010e+01
  ],
  ""type"": ""Point""
}","{
  ""coordinates"": [
    -83.059403699,
    42.37495529
  ],
  ""type"": ""Point""
}",-83.059403699,42.3749552900001
1000,9599560,MICHIGAN,ADDISON,2015-12-13,13,12,2015,18,1,5,2,,1,0,,1,1,4,35,7,2,2,5,0,0,0,0,true,,false,false,false,false,false,,,,,,false,false,false,,,false,false,false,false,false,-83.15047,42.32952,"{
  ""coordinates"": [
    -8.315046679200000e+01,
    4.232951991800010e+01
  ],
  ""type"": ""Point""
}","{
  ""coordinates"": [
    -83.150466792,
    42.329519918
  ],
  ""type"": ""Point""
}",-83.150466792,42.3295199180001
1001,9468879,RAMP 219D,W I 94,2015-12-13,13,12,2015,2,1,8,1,,1,0,,2,4,4,55,3,2,2,5,0,0,0,0,true,,false,false,false,false,false,,,,,,false,false,true,,,false,false,false,false,false,-83.00818,42.39105,"{
  ""coordinates"": [
    -8.300818126699990e+01,
    4.239105119500000e+01
  ],
  ""type"": ""Point""
}","{
  ""coordinates"": [
    -83.008181267,
    42.391051195
  ],
  ""type"": ""Point""
}",-83.0081812669999,42.391051195
1002,9455322,I-75,OUTER,2015-12-13,13,12,2015,1,1,5,1,,1,0,,1,1,1,70,4,2,3,4,0,0,0,1,false,,false,false,false,false,false,,,,,,false,false,false,,,false,false,false,false,false,-83.09521,42.44112,"{
  ""coordinates"": [
    -8.309521719999999e+01,
    4.244112019700000e+01
  ],
  ""type"": ""Point""
}","{
  ""coordinates"": [
    -83.0952172,
    42.441120197
  ],
  ""type"": ""Point""
}",-83.0952172,42.441120197
1003,9671422,TELEGRAPH,SEVEN MILE,2015-12-13,13,12,2015,18,1,5,0,,1,0,,1,1,4,40,4,2,6,5,0,0,0,0,true,,false,false,false,false,false,,,,,,false,false,true,,,false,false,false,false,false,-83.27798,42.42892,"{
  ""coordinates"": [
    -8.327798293300000e+01,
    4.242892514700000e+01
  ],
  ""type"": ""Point""
}","{
  ""coordinates"": [
    -83.277982933,
    42.428925147
  ],
  ""type"": ""Point""
}",-83.277982933,42.428925147
1004,9458185,RAMP 122I,RAMP 122A,2015-12-13,13,12,2015,10,1,1,1,,1,1,,2,2,1,35,1,1,1,5,0,0,0,0,true,,false,false,false,false,false,,,,,,false,false,true,,,false,false,false,false,false,-83.06674,42.33506,"{
  ""coordinates"": [
    -8.306673958200000e+01,
    4.233506544100000e+01
  ],
  ""type"": ""Point""
}","{
  ""coordinates"": [
    -83.066739582,
    42.335065441
  ],
  ""type"": ""Point""
}",-83.066739582,42.335065441
1005,9458321,GRATIOT,94 SERVICE,2015-12-13,13,12,2015,19,1,5,3,,1,0,,1,1,4,35,4,2,1,5,0,0,0,0,true,,false,false,false,false,false,,,,,,false,false,false,,,false,false,false,false,false,-83.00522,42.39313,"{
  ""coordinates"": [
    -8.300522131000000e+01,
    4.239313118300000e+01
  ],
  ""type"": ""Point""
}","{
  ""coordinates"": [
    -83.00522131,
    42.393131183
  ],
  ""type"": ""Point""
}",-83.00522131,42.393131183
1006,9462235,GRANDRIVER,EVERGREEN,2015-12-12,12,12,2015,2,7,97,3,,1,0,,1,1,1,25,2,2,2,5,0,0,0,0,true,,false,false,false,false,false,,,,,,false,false,false,,,false,false,false,false,false,-83.23845,42.40881,"{
  ""coordinates"": [
    -8.323844554700000e+01,
    4.240880591100010e+01
  ],
  ""type"": ""Point""
}","{
  ""coordinates"": [
    -83.238445547,
    42.408805911
  ],
  ""type"": ""Point""
}",-83.238445547,42.4088059110001
1007,9455252,I 96,EVERGREEN,2015-12-12,12,12,2015,2,7,1,1,,1,1,,2,4,4,55,3,1,1,4,0,0,0,1,false,,false,false,false,false,false,,,,,,false,false,false,,,false,false,false,false,false,-83.23796,42.38123,"{
  ""coordinates"": [
    -8.323795817800000e+01,
    4.238122473300010e+01
  ],
  ""type"": ""Point""
}","{
  ""coordinates"": [
    -83.237958178,
    42.381224733
  ],
  ""type"": ""Point""
}",-83.237958178,42.3812247330001
1008,9455305,M-10,PURITAN,2015-12-12,12,12,2015,16,7,5,3,,1,0,,1,2,3,55,3,2,1,5,0,0,0,0,true,,false,false,true,false,false,,,,,,false,false,false,,,false,false,false,false,false,-83.17107,42.41538,"{
  ""coordinates"": [
    -8.317106984599999e+01,
    4.241537828700010e+01
  ],
  ""type"": ""Point""
}","{
  ""coordinates"": [
    -83.171069846,
    42.415378287
  ],
  ""type"": ""Point""
}",-83.171069846,42.4153782870001
1009,9455565,STATE FAIR,EXETER,2015-12-12,12,12,2015,1,7,1,9,,4,1,,1,1,4,35,2,1,2,4,0,0,0,2,false,,false,false,false,false,false,,,,,,false,false,false,,,false,false,false,false,false,-83.1054,42.4395,"{
  ""coordinates"": [
    -8.310539811900000e+01,
    4.243949363100010e+01
  ],
  ""type"": ""Point""
}","{
  ""coordinates"": [
    -83.105398119,
    42.439493631
  ],
  ""type"": ""Point""
}",-83.105398119,42.4394936310001
1010,9456512,WYOMING,LYNDON,2015-12-12,12,12,2015,19,7,5,9,,4,0,,1,1,4,30,1,2,4,5,0,0,0,0,true,,false,false,false,false,false,,,,,,false,false,false,,,false,false,false,false,false,-83.15934,42.39522,"{
  ""coordinates"": [
    -8.315934252600000e+01,
    4.239521902100010e+01
  ],
  ""type"": ""Point""
}","{
  ""coordinates"": [
    -83.159342526,
    42.395219021
  ],
  ""type"": ""Point""
}",-83.159342526,42.3952190210001
1011,9455653,8 MILE,S I 75,2015-12-12,12,12,2015,10,7,4,3,,1,0,,1,2,1,40,2,2,4,5,0,0,0,0,true,,true,true,false,false,false,,,,,,false,false,false,,,false,false,false,false,false,-83.09496,42.4468,"{
  ""coordinates"": [
    -8.309495830100001e+01,
    4.244679631500000e+01
  ],
  ""type"": ""Point""
}","{
  ""coordinates"": [
    -83.094958301,
    42.446796315
  ],
  ""type"": ""Point""
}",-83.094958301,42.446796315
1012,9456515,7 MILE,CONANT,2015-12-12,12,12,2015,8,7,5,9,,4,0,,2,1,2,30,4,2,1,4,0,0,0,1,false,,false,false,true,false,false,,,,,,false,false,false,,,false,false,false,false,false,-83.07366,42.43293,"{
  ""coordinates"": [
    -8.307366383899991e+01,
    4.243292795300000e+01
  ],
  ""type"": ""Point""
}","{
  ""coordinates"": [
    -83.073663839,
    42.432927953
  ],
  ""type"": ""Point""
}",-83.0736638389999,42.432927953
1013,9465543,GRATIOT,MCCLELLAN,2015-12-12,12,12,2015,9,7,4,3,,1,0,,1,1,1,35,2,2,5,5,0,0,0,0,true,,false,false,true,false,false,,,,,,false,false,false,,,false,false,false,false,false,-83.00707,42.39032,"{
  ""coordinates"": [
    -8.300707598799990e+01,
    4.239032484300000e+01
  ],
  ""type"": ""Point""
}","{
  ""coordinates"": [
    -83.007075988,
    42.390324843
  ],
  ""type"": ""Point""
}",-83.0070759879999,42.390324843
1014,9465581,SAINT MARYS,TROJAN,2015-12-12,12,12,2015,15,7,4,9,,,0,,1,1,1,25,2,2,3,5,0,0,0,0,true,,false,false,false,false,false,,,,,,false,false,false,,,false,false,false,false,false,-83.20776,42.44085,"{
  ""coordinates"": [
    -8.320776576500000e+01,
    4.244085154600000e+01
  ],
  ""type"": ""Point""
}","{
  ""coordinates"": [
    -83.207765765,
    42.440851546
  ],
  ""type"": ""Point""
}",-83.207765765,42.440851546
1015,9455240,S/B I 75,GRATIOT,2015-12-12,12,12,2015,4,7,1,1,,1,1,,2,1,4,55,2,1,1,5,0,0,0,0,true,,false,false,false,false,false,,,,,,false,false,false,,,false,false,false,false,false,-83.04292,42.34088,"{
  ""coordinates"": [
    -8.304292327000000e+01,
    4.234088098900000e+01
  ],
  ""type"": ""Point""
}","{
  ""coordinates"": [
    -83.04292327,
    42.340880989
  ],
  ""type"": ""Point""
}",-83.04292327,42.340880989
1016,9455253,M-10,SEVEN MILE,2015-12-12,12,12,2015,3,7,1,3,,1,1,,2,4,4,55,3,1,1,4,0,0,0,1,false,,false,false,false,false,false,,,,,,false,false,false,,,false,false,false,false,false,-83.18697,42.43065,"{
  ""coordinates"": [
    -8.318696470200000e+01,
    4.243065115900000e+01
  ],
  ""type"": ""Point""
}","{
  ""coordinates"": [
    -83.186964702,
    42.430651159
  ],
  ""type"": ""Point""
}",-83.186964702,42.430651159
1017,9457534,SHELBY,LAFAYETTE,2015-12-12,12,12,2015,21,7,4,9,,4,0,,1,2,4,30,4,2,2,3,0,0,1,0,false,,false,false,false,false,false,,,,,,false,false,true,,,false,false,false,false,false,-83.04944,42.331,"{
  ""coordinates"": [
    -8.304943650500000e+01,
    4.233099747300000e+01
  ],
  ""type"": ""Point""
}","{
  ""coordinates"": [
    -83.049436505,
    42.330997473
  ],
  ""type"": ""Point""
}",-83.049436505,42.330997473
1018,9457519,N I 75,WARREN,2015-12-12,12,12,2015,4,7,8,1,,1,0,,2,2,4,55,3,2,1,5,0,0,0,0,true,,false,false,true,false,false,,,,,,false,false,false,,,false,false,false,false,false,-83.05405,42.36057,"{
  ""coordinates"": [
    -8.305405793100000e+01,
    4.236057311900000e+01
  ],
  ""type"": ""Point""
}","{
  ""coordinates"": [
    -83.054057931,
    42.360573119
  ],
  ""type"": ""Point""
}",-83.054057931,42.360573119
1019,9462191,LAFAYETTE,GREEN,2015-12-12,12,12,2015,3,7,5,9,,4,0,,2,4,4,25,3,3,1,5,0,0,0,0,true,,false,false,true,false,false,,,,,,false,false,false,,,false,false,false,false,false,-83.11293,42.30517,"{
  ""coordinates"": [
    -8.311292708199990e+01,
    4.230517072900010e+01
  ],
  ""type"": ""Point""
}","{
  ""coordinates"": [
    -83.112927082,
    42.305170729
  ],
  ""type"": ""Point""
}",-83.1129270819999,42.3051707290001
1020,9465421,RUSSELL,STATE FAIR,2015-12-12,12,12,2015,15,7,4,9,,,0,,1,2,1,35,2,2,5,5,0,0,0,0,true,,false,false,true,true,false,,,,,,false,false,false,,,false,false,false,false,false,-83.09087,42.43987,"{
  ""coordinates"": [
    -8.309087583000000e+01,
    4.243987017300000e+01
  ],
  ""type"": ""Point""
}","{
  ""coordinates"": [
    -83.09087583,
    42.439870173
  ],
  ""type"": ""Point""
}",-83.09087583,42.439870173
1021,9460413,I 75,7 MILE,2015-12-12,12,12,2015,14,7,1,1,,1,0,,1,2,1,70,3,1,2,5,0,0,0,0,true,,false,false,false,false,false,,,,,,false,false,true,,,false,false,false,false,false,-83.0948,42.43611,"{
  ""coordinates"": [
    -8.309479264200000e+01,
    4.243610901400010e+01
  ],
  ""type"": ""Point""
}","{
  ""coordinates"": [
    -83.094792642,
    42.436109014
  ],
  ""type"": ""Point""
}",-83.094792642,42.4361090140001
1022,9455627,RUSSELL,WILKINS,2015-12-12,12,12,2015,12,7,9,9,,4,2,,1,1,1,25,2,2,1,5,0,0,0,0,true,,false,false,false,false,false,,,,,,false,false,false,,,false,false,false,false,false,-83.04154,42.34799,"{
  ""coordinates"": [
    -8.304154526300000e+01,
    4.234798786100000e+01
  ],
  ""type"": ""Point""
}","{
  ""coordinates"": [
    -83.041545263,
    42.347987861
  ],
  ""type"": ""Point""
}",-83.041545263,42.347987861
1023,9455286,I-94,M-10,2015-12-12,12,12,2015,6,7,8,1,,1,0,,1,1,4,55,3,2,3,5,0,0,0,0,true,,false,false,false,false,false,,,,,,false,false,true,,,false,false,false,false,false,-83.08026,42.35645,"{
  ""coordinates"": [
    -8.308026256600000e+01,
    4.235644828600000e+01
  ],
  ""type"": ""Point""
}","{
  ""coordinates"": [
    -83.080262566,
    42.356448286
  ],
  ""type"": ""Point""
}",-83.080262566,42.356448286
1024,9474450,FORD,RAMP 005J,2015-12-12,12,12,2015,18,7,8,3,,1,0,,1,1,4,50,8,4,8,3,0,0,3,2,false,,false,false,false,false,false,,,,,,false,false,true,,,false,false,false,false,false,-83.21885,42.32905,"{
  ""coordinates"": [
    -8.321885131399991e+01,
    4.232904899400010e+01
  ],
  ""type"": ""Point""
}","{
  ""coordinates"": [
    -83.218851314,
    42.329048994
  ],
  ""type"": ""Point""
}",-83.2188513139999,42.3290489940001
1025,9456517,7 MILE,SCHAEFER,2015-12-12,12,12,2015,21,7,5,9,,2,0,,1,1,4,30,3,2,4,4,0,0,0,2,false,,false,false,false,false,false,,,,,,false,false,false,,,false,false,false,false,false,-83.18058,42.43107,"{
  ""coordinates"": [
    -8.318057670300000e+01,
    4.243107315300010e+01
  ],
  ""type"": ""Point""
}","{
  ""coordinates"": [
    -83.180576703,
    42.431073153
  ],
  ""type"": ""Point""
}",-83.180576703,42.4310731530001
1026,9455613,OUTER,SOUTHAMPTON,2015-12-12,12,12,2015,15,7,8,9,,2,0,,1,1,1,35,2,2,2,3,0,0,1,1,false,,false,false,false,false,false,,,,,,false,false,false,,,false,false,false,false,false,-82.93857,42.40698,"{
  ""coordinates"": [
    -8.293856870499999e+01,
    4.240697702800000e+01
  ],
  ""type"": ""Point""
}","{
  ""coordinates"": [
    -82.938568705,
    42.406977028
  ],
  ""type"": ""Point""
}",-82.938568705,42.406977028
1027,9465497,WOODWARD,ADELAIDE,2015-12-12,12,12,2015,23,7,1,3,,1,0,,2,2,4,25,2,2,0,2,0,1,0,0,false,,false,false,true,false,false,,,,,,true,false,false,,,false,false,false,false,false,-83.05424,42.34196,"{
  ""coordinates"": [
    -8.305424269600000e+01,
    4.234196172800010e+01
  ],
  ""type"": ""Point""
}","{
  ""coordinates"": [
    -83.054242696,
    42.341961728
  ],
  ""type"": ""Point""
}",-83.054242696,42.3419617280001