ObjectId,Crash ID,Primary Road,Intersecting Road,Crash Date,Day,Month,Year,Hour,Weekday,Crash Type Code,Highway Classification Code,Community Code,Jurisdiction Code,Lane Departure Type Code,Surface Type,Road Condition,Weather Condition,Lighting Condition,Speed Limit,Lanes,Units,Occupants,Most Severe Injury,Fatal Injuries,Suspected Serious Injuries,Suspected Minor Injuries,Possible Injuries,Property Damage Only,Secondary Crash,Traffic Control,Red Light Run,Hit and Run,Alcohol,Drugs,Unbelted Person,Work Zone,Speeding Driver,Distracted Driver,Driveway,Pedestrian,Elderly Driver,Young Driver,Commercial Vehicle,Emergency Vehicles,Train,School Bus,Motorcycle,Bicycle,Deer,Longitude,Latitude,geom,geog,x,y
1028,9465510,S I 75,TRUMBULL,2015-12-12,12,12,2015,23,7,5,1,,1,0,,1,1,5,30,8,2,2,5,0,0,0,0,true,,false,false,false,false,false,,,,,,false,false,true,,,false,false,false,false,false,-83.06863,42.33448,"{
  ""coordinates"": [
    -8.306863461099989e+01,
    4.233447921900010e+01
  ],
  ""type"": ""Point""
}","{
  ""coordinates"": [
    -83.068634611,
    42.334479219
  ],
  ""type"": ""Point""
}",-83.0686346109999,42.3344792190001
1029,9459391,JOHN C LODGE SER,FOREST,2015-12-12,12,12,2015,16,7,4,3,,1,0,,1,1,1,25,3,2,2,5,0,0,0,0,true,,true,true,false,false,false,,,,,,false,false,false,,,false,false,false,false,false,-83.07207,42.35161,"{
  ""coordinates"": [
    -8.307207078499989e+01,
    4.235160703200010e+01
  ],
  ""type"": ""Point""
}","{
  ""coordinates"": [
    -83.072070785,
    42.351607032
  ],
  ""type"": ""Point""
}",-83.0720707849999,42.3516070320001
1030,9455598,GRAND,TIREMAN,2015-12-12,12,12,2015,2,7,4,9,,4,0,,1,1,4,35,2,2,2,4,0,0,0,1,false,,false,false,false,false,false,,,,,,false,false,true,,,false,false,false,false,false,-83.11079,42.35612,"{
  ""coordinates"": [
    -8.311079051900001e+01,
    4.235612300500000e+01
  ],
  ""type"": ""Point""
}","{
  ""coordinates"": [
    -83.110790519,
    42.356123005
  ],
  ""type"": ""Point""
}",-83.110790519,42.356123005
1031,9456498,E I 94,BURNS,2015-12-12,12,12,2015,17,7,9,1,,1,2,,1,1,1,30,2,2,3,5,0,0,0,0,true,,false,false,true,false,false,,,,,,false,false,false,,,false,false,false,false,false,-83.01415,42.38849,"{
  ""coordinates"": [
    -8.301415096600000e+01,
    4.238848800200000e+01
  ],
  ""type"": ""Point""
}","{
  ""coordinates"": [
    -83.014150966,
    42.388488002
  ],
  ""type"": ""Point""
}",-83.014150966,42.388488002
1032,9455668,MCNICHOLS,CHERRYLAWN,2015-12-12,12,12,2015,11,7,1,9,,4,1,,1,2,1,25,2,1,2,3,0,0,1,0,false,,false,false,false,false,false,,,,,,false,false,true,,,false,false,false,false,false,-83.15427,42.41704,"{
  ""coordinates"": [
    -8.315426436599989e+01,
    4.241704119200010e+01
  ],
  ""type"": ""Point""
}","{
  ""coordinates"": [
    -83.154264366,
    42.417041192
  ],
  ""type"": ""Point""
}",-83.1542643659999,42.4170411920001
1033,9457512,E I 94,GRATIOT,2015-12-12,12,12,2015,20,7,1,1,,1,1,,1,1,1,55,3,1,2,5,0,0,0,0,true,,false,false,false,false,false,,,,,,false,false,true,,,false,false,false,false,false,-83.00652,42.39135,"{
  ""coordinates"": [
    -8.300652649599991e+01,
    4.239134445800000e+01
  ],
  ""type"": ""Point""
}","{
  ""coordinates"": [
    -83.006526496,
    42.391344458
  ],
  ""type"": ""Point""
}",-83.0065264959999,42.391344458
1034,9455626,RUSSELL,WILKINS,2015-12-12,12,12,2015,2,7,4,9,,4,0,,2,4,5,30,4,2,2,4,0,0,0,1,false,,false,false,false,false,false,,,,,,false,false,false,,,false,false,false,false,false,-83.04238,42.34922,"{
  ""coordinates"": [
    -8.304237754199990e+01,
    4.234921985800000e+01
  ],
  ""type"": ""Point""
}","{
  ""coordinates"": [
    -83.042377542,
    42.349219858
  ],
  ""type"": ""Point""
}",-83.0423775419999,42.349219858
1035,9455263,I-96,GRAND,2015-12-12,12,12,2015,3,7,1,1,,1,1,,2,4,4,55,4,1,2,5,0,0,0,0,true,,false,false,false,true,false,,,,,,false,false,true,,,false,false,false,false,false,-83.11234,42.35688,"{
  ""coordinates"": [
    -8.311233736100000e+01,
    4.235688510500010e+01
  ],
  ""type"": ""Point""
}","{
  ""coordinates"": [
    -83.112337361,
    42.356885105
  ],
  ""type"": ""Point""
}",-83.112337361,42.3568851050001
1036,9455583,FLOYD,WETHERBY,2015-12-12,12,12,2015,17,7,1,9,,,1,,1,1,5,25,1,1,1,4,0,0,0,1,false,,false,false,false,false,false,,,,,,false,false,false,,,false,false,false,false,false,-83.13951,42.34586,"{
  ""coordinates"": [
    -8.313951004200000e+01,
    4.234585544800010e+01
  ],
  ""type"": ""Point""
}","{
  ""coordinates"": [
    -83.139510042,
    42.345855448
  ],
  ""type"": ""Point""
}",-83.139510042,42.3458554480001
1037,9476306,SOUTHFIELD SERVICE DRIVE,SCHOOLCRAFT,2015-12-12,12,12,2015,16,7,7,9,,4,0,,1,1,1,35,2,2,1,5,0,0,0,0,true,,false,false,true,false,false,,,,,,false,true,false,,,false,false,false,false,false,-83.21721,42.38671,"{
  ""coordinates"": [
    -8.321720718300000e+01,
    4.238671420400000e+01
  ],
  ""type"": ""Point""
}","{
  ""coordinates"": [
    -83.217207183,
    42.386714204
  ],
  ""type"": ""Point""
}",-83.217207183,42.386714204
1038,9455572,DAVISON,SANTA ROSA,2015-12-12,12,12,2015,23,7,5,3,,1,0,,2,4,4,40,2,2,4,4,0,0,0,1,false,,false,false,true,false,false,,,,,,false,false,true,,,false,false,false,false,false,-83.14185,42.38641,"{
  ""coordinates"": [
    -8.314185635199991e+01,
    4.238640622100010e+01
  ],
  ""type"": ""Point""
}","{
  ""coordinates"": [
    -83.141856352,
    42.386406221
  ],
  ""type"": ""Point""
}",-83.1418563519999,42.3864062210001
1039,9456511,JOHN R,7 MILE,2015-12-12,12,12,2015,12,7,4,9,,4,0,,2,1,1,30,5,2,2,4,0,0,0,2,false,,false,false,true,false,false,,,,,,false,false,false,,,false,false,false,false,false,-83.10237,42.43226,"{
  ""coordinates"": [
    -8.310237214800000e+01,
    4.243226088300000e+01
  ],
  ""type"": ""Point""
}","{
  ""coordinates"": [
    -83.102372148,
    42.432260883
  ],
  ""type"": ""Point""
}",-83.102372148,42.432260883
1040,9455279,W I 96,RAMP 213L,2015-12-12,12,12,2015,4,7,1,1,,1,1,,1,1,4,55,1,1,1,5,0,0,0,0,true,,false,false,false,true,false,,,,,,false,false,false,,,false,false,false,false,false,-83.10336,42.35332,"{
  ""coordinates"": [
    -8.310335664300000e+01,
    4.235332164400010e+01
  ],
  ""type"": ""Point""
}","{
  ""coordinates"": [
    -83.103356643,
    42.353321644
  ],
  ""type"": ""Point""
}",-83.103356643,42.3533216440001
1041,9458175,N/B I 75,DAVISON,2015-12-12,12,12,2015,18,7,8,1,,1,0,,1,1,4,55,4,2,3,2,0,2,0,0,false,,false,false,false,false,false,,,,,,false,true,false,,,false,false,false,false,false,-83.07802,42.40763,"{
  ""coordinates"": [
    -8.307801458599990e+01,
    4.240762770700010e+01
  ],
  ""type"": ""Point""
}","{
  ""coordinates"": [
    -83.078014586,
    42.407627707
  ],
  ""type"": ""Point""
}",-83.0780145859999,42.4076277070001
1042,9455645,COYLE,FLORENCE,2015-12-12,12,12,2015,15,7,8,9,,,0,,1,1,1,25,1,2,1,5,0,0,0,0,true,,false,false,true,false,false,,,,,,false,false,false,,,false,false,false,false,false,-83.19422,42.41026,"{
  ""coordinates"": [
    -8.319422516299990e+01,
    4.241026208600000e+01
  ],
  ""type"": ""Point""
}","{
  ""coordinates"": [
    -83.194225163,
    42.410262086
  ],
  ""type"": ""Point""
}",-83.1942251629999,42.410262086
1043,9470674,CARPENTER,JOSEPH CAMPAU,2015-12-12,12,12,2015,16,7,3,9,,4,0,,1,1,1,25,2,2,2,5,0,0,0,0,true,,false,false,false,false,false,,,,,,false,false,true,,,false,false,false,false,false,-83.06428,42.40633,"{
  ""coordinates"": [
    -8.306427497999989e+01,
    4.240633232400010e+01
  ],
  ""type"": ""Point""
}","{
  ""coordinates"": [
    -83.06427498,
    42.406332324
  ],
  ""type"": ""Point""
}",-83.0642749799999,42.4063323240001
1044,9458326,VAN DYKE,ROBINWOOD,2015-12-12,12,12,2015,1,7,1,3,,1,0,,1,1,4,35,6,1,1,5,0,0,0,0,true,,false,false,false,false,false,,,,,,false,false,true,,,false,false,false,false,false,-83.02416,42.43171,"{
  ""coordinates"": [
    -8.302416312799990e+01,
    4.243171334500000e+01
  ],
  ""type"": ""Point""
}","{
  ""coordinates"": [
    -83.024163128,
    42.431713345
  ],
  ""type"": ""Point""
}",-83.0241631279999,42.431713345
1045,9455563,ARCHDALE,VERNE,2015-12-12,12,12,2015,9,7,8,9,,,0,,1,1,1,25,2,2,3,5,0,0,0,0,true,,false,false,false,false,false,,,,,,false,false,false,,,false,false,false,false,false,-83.21654,42.41203,"{
  ""coordinates"": [
    -8.321653798800000e+01,
    4.241203074300010e+01
  ],
  ""type"": ""Point""
}","{
  ""coordinates"": [
    -83.216537988,
    42.412030743
  ],
  ""type"": ""Point""
}",-83.216537988,42.4120307430001
1046,9456513,OUTER,MACKAYST,2015-12-12,12,12,2015,2,7,5,9,,2,0,,1,2,4,30,2,4,2,5,0,0,0,0,true,,false,false,false,true,false,,,,,,false,false,false,,,false,false,false,false,false,-83.07648,42.44011,"{
  ""coordinates"": [
    -8.307647703399989e+01,
    4.244010734300010e+01
  ],
  ""type"": ""Point""
}","{
  ""coordinates"": [
    -83.076477034,
    42.440107343
  ],
  ""type"": ""Point""
}",-83.0764770339999,42.4401073430001
1047,9456516,SANTA BARBARA,CHIPPEWA,2015-12-12,12,12,2015,22,7,4,9,,,0,,2,4,4,25,2,2,2,5,0,0,0,0,true,,false,false,true,false,false,,,,,,false,false,false,,,false,false,false,false,false,-83.1492,42.44257,"{
  ""coordinates"": [
    -8.314919727700000e+01,
    4.244257000900010e+01
  ],
  ""type"": ""Point""
}","{
  ""coordinates"": [
    -83.149197277,
    42.442570009
  ],
  ""type"": ""Point""
}",-83.149197277,42.4425700090001
1048,9462221,LIVERNOIS,MICHIGAN,2015-12-12,12,12,2015,4,7,4,2,,4,0,,2,1,4,30,5,2,2,4,0,0,0,1,false,,true,true,false,false,false,,,,,,false,false,false,,,false,false,false,false,false,-83.12038,42.33117,"{
  ""coordinates"": [
    -8.312037524599999e+01,
    4.233117389500010e+01
  ],
  ""type"": ""Point""
}","{
  ""coordinates"": [
    -83.120375246,
    42.331173895
  ],
  ""type"": ""Point""
}",-83.120375246,42.3311738950001
1049,9455573,WYOMING,PILGRIM,2015-12-12,12,12,2015,15,7,8,9,,4,0,,1,1,1,30,1,3,2,5,0,0,0,0,true,,false,false,false,false,false,,,,,,false,false,false,,,false,false,false,false,false,-83.15993,42.40844,"{
  ""coordinates"": [
    -8.315993805600000e+01,
    4.240844481500010e+01
  ],
  ""type"": ""Point""
}","{
  ""coordinates"": [
    -83.159938056,
    42.408444815
  ],
  ""type"": ""Point""
}",-83.159938056,42.4084448150001
1050,9455663,JOHN R,BRENTWOOD,2015-12-12,12,12,2015,11,7,97,9,,4,0,,1,1,1,30,5,2,1,5,0,0,0,0,true,,false,false,true,false,false,,,,,,false,false,false,,,false,false,false,false,false,-83.10235,42.43173,"{
  ""coordinates"": [
    -8.310235036200000e+01,
    4.243172915700010e+01
  ],
  ""type"": ""Point""
}","{
  ""coordinates"": [
    -83.102350362,
    42.431729157
  ],
  ""type"": ""Point""
}",-83.102350362,42.4317291570001
1051,9456514,CONANT,OUTER,2015-12-12,12,12,2015,22,7,1,9,,4,1,,2,1,4,25,4,1,1,5,0,0,0,0,true,,false,false,false,false,false,,,,,,false,false,false,,,false,false,false,false,false,-83.07876,42.44,"{
  ""coordinates"": [
    -8.307875786400000e+01,
    4.244000166600010e+01
  ],
  ""type"": ""Point""
}","{
  ""coordinates"": [
    -83.078757864,
    42.440001666
  ],
  ""type"": ""Point""
}",-83.078757864,42.4400016660001
1052,9610504,ELM,BROOKLYN,2015-12-12,12,12,2015,8,7,5,9,,,0,,1,1,1,25,3,2,3,5,0,0,0,0,true,,false,false,false,false,false,,,,,,false,false,false,,,false,false,false,false,false,-83.06935,42.33997,"{
  ""coordinates"": [
    -8.306935479799991e+01,
    4.233997151200000e+01
  ],
  ""type"": ""Point""
}","{
  ""coordinates"": [
    -83.069354798,
    42.339971512
  ],
  ""type"": ""Point""
}",-83.0693547979999,42.339971512
1053,9458147,M-39,WARREN,2015-12-12,12,12,2015,15,7,5,3,,1,0,,1,1,4,55,3,2,2,5,0,0,0,0,true,,false,false,true,false,false,,,,,,false,false,false,,,false,false,false,false,false,-83.21621,42.34192,"{
  ""coordinates"": [
    -8.321620792800000e+01,
    4.234191350600000e+01
  ],
  ""type"": ""Point""
}","{
  ""coordinates"": [
    -83.216207928,
    42.341913506
  ],
  ""type"": ""Point""
}",-83.216207928,42.341913506
1054,9455667,HARTWELL,KEELER,2015-12-12,12,12,2015,10,7,4,9,,,0,,2,2,1,25,1,2,3,5,0,0,0,0,true,,false,false,true,false,false,,,,,,false,false,false,,,false,false,false,false,false,-83.17812,42.40392,"{
  ""coordinates"": [
    -8.317812405900000e+01,
    4.240391990900010e+01
  ],
  ""type"": ""Point""
}","{
  ""coordinates"": [
    -83.178124059,
    42.403919909
  ],
  ""type"": ""Point""
}",-83.178124059,42.4039199090001
1055,9455304,RAMP 139B,E I 96,2015-12-12,12,12,2015,8,7,1,1,,1,1,,3,2,1,35,3,1,1,5,0,0,0,0,true,,false,false,false,true,false,,,,,,false,false,false,,,false,false,false,false,false,-83.14848,42.38229,"{
  ""coordinates"": [
    -8.314847214299991e+01,
    4.238229426400010e+01
  ],
  ""type"": ""Point""
}","{
  ""coordinates"": [
    -83.148472143,
    42.382294264
  ],
  ""type"": ""Point""
}",-83.1484721429999,42.3822942640001
1056,9457541,RUSSELL,ALFRED,2015-12-12,12,12,2015,18,7,1,9,,4,0,,1,1,4,30,2,2,1,4,0,0,0,1,false,,false,false,false,false,false,,,,,,true,false,true,,,false,false,false,false,false,-83.04172,42.34825,"{
  ""coordinates"": [
    -8.304172047700000e+01,
    4.234824723000000e+01
  ],
  ""type"": ""Point""
}","{
  ""coordinates"": [
    -83.041720477,
    42.34824723
  ],
  ""type"": ""Point""
}",-83.041720477,42.34824723
1057,9455306,DAVISON,TURNER,2015-12-12,12,12,2015,8,7,97,9,,4,0,,2,2,1,55,3,3,3,4,0,0,0,1,false,,false,false,false,false,false,,,,,,false,false,false,,,false,false,false,false,false,-83.14845,42.38619,"{
  ""coordinates"": [
    -8.314845171699990e+01,
    4.238618906300010e+01
  ],
  ""type"": ""Point""
}","{
  ""coordinates"": [
    -83.148451717,
    42.386189063
  ],
  ""type"": ""Point""
}",-83.1484517169999,42.3861890630001
1058,9456506,OUTER,COPLIN,2015-12-12,12,12,2015,4,7,97,9,,2,3,,1,1,4,35,2,2,1,5,0,0,0,0,true,,false,false,false,false,false,,,,,,false,false,false,,,false,false,false,false,false,-82.97726,42.41265,"{
  ""coordinates"": [
    -8.297726104500001e+01,
    4.241265490700000e+01
  ],
  ""type"": ""Point""
}","{
  ""coordinates"": [
    -82.977261045,
    42.412654907
  ],
  ""type"": ""Point""
}",-82.977261045,42.412654907
1059,9457522,GRATIOT,8 MILE,2015-12-12,12,12,2015,17,7,1,3,,1,1,,1,1,4,15,4,2,1,4,0,0,0,1,false,,false,false,false,false,false,,,,,,true,true,false,,,false,false,false,false,false,-82.96817,42.44947,"{
  ""coordinates"": [
    -8.296817373200000e+01,
    4.244947282800010e+01
  ],
  ""type"": ""Point""
}","{
  ""coordinates"": [
    -82.968173732,
    42.449472828
  ],
  ""type"": ""Point""
}",-82.968173732,42.4494728280001
1060,9469088,GRAND,MOUNT ELLIOTT,2015-12-12,12,12,2015,21,7,4,9,,4,0,,1,1,4,30,2,2,2,5,0,0,0,0,true,,false,false,false,false,false,,,,,,false,false,false,,,false,false,false,false,false,-83.03181,42.37676,"{
  ""coordinates"": [
    -8.303181153700000e+01,
    4.237676078200010e+01
  ],
  ""type"": ""Point""
}","{
  ""coordinates"": [
    -83.031811537,
    42.376760782
  ],
  ""type"": ""Point""
}",-83.031811537,42.3767607820001
1061,9457529,ELIZABETH,CLIFFORD,2015-12-12,12,12,2015,19,7,8,9,,4,0,,1,1,4,25,2,2,3,5,0,0,0,0,true,,false,false,false,false,false,,,,,,false,false,true,,,false,false,false,false,false,-83.05424,42.3364,"{
  ""coordinates"": [
    -8.305424462699990e+01,
    4.233640400700010e+01
  ],
  ""type"": ""Point""
}","{
  ""coordinates"": [
    -83.054244627,
    42.336404007
  ],
  ""type"": ""Point""
}",-83.0542446269999,42.3364040070001
1062,9455612,ALGONQUIN,MACK,2015-12-12,12,12,2015,12,7,5,9,,,0,,1,2,1,25,2,2,0,5,0,0,0,0,true,,false,false,true,false,false,,,,,,false,false,false,,,false,false,false,false,false,-82.96505,42.38334,"{
  ""coordinates"": [
    -8.296504997999990e+01,
    4.238333374000010e+01
  ],
  ""type"": ""Point""
}","{
  ""coordinates"": [
    -82.96504998,
    42.38333374
  ],
  ""type"": ""Point""
}",-82.9650499799999,42.3833337400001
1063,9455621,GREENFIELD,PICKFORD,2015-12-12,12,12,2015,4,7,4,9,,2,0,,1,1,4,35,4,2,1,4,0,0,0,1,false,,true,false,true,false,false,,,,,,false,false,false,,,false,false,false,false,false,-83.19965,42.42496,"{
  ""coordinates"": [
    -8.319965166500000e+01,
    4.242496578300010e+01
  ],
  ""type"": ""Point""
}","{
  ""coordinates"": [
    -83.199651665,
    42.424965783
  ],
  ""type"": ""Point""
}",-83.199651665,42.4249657830001
1064,9462211,MCGRAW,PROCTOR,2015-12-12,12,12,2015,2,7,4,9,,4,0,,1,1,4,25,3,3,6,5,0,0,0,0,true,,false,false,false,false,false,,,,,,false,false,true,,,false,false,false,false,false,-83.13919,42.33612,"{
  ""coordinates"": [
    -8.313919130900000e+01,
    4.233611580200010e+01
  ],
  ""type"": ""Point""
}","{
  ""coordinates"": [
    -83.139191309,
    42.336115802
  ],
  ""type"": ""Point""
}",-83.139191309,42.3361158020001
1065,9455559,MCNICHOLS,RIDGE,2015-12-12,12,12,2015,0,7,1,9,,2,1,,1,1,4,35,2,1,1,4,0,0,0,1,false,,false,false,false,false,false,,,,,,false,false,false,,,false,false,false,false,false,-83.27007,42.41467,"{
  ""coordinates"": [
    -8.327007035400000e+01,
    4.241466607700000e+01
  ],
  ""type"": ""Point""
}","{
  ""coordinates"": [
    -83.270070354,
    42.414666077
  ],
  ""type"": ""Point""
}",-83.270070354,42.414666077
1066,9597189,SOUTHFIELD SERVICE DRIVE,SCHOOLCRAFT,2015-12-12,12,12,2015,13,7,5,9,,4,0,,1,2,1,35,2,2,1,5,0,0,0,0,true,,false,false,true,false,false,,,,,,false,true,false,,,false,false,false,false,false,-83.21805,42.38682,"{
  ""coordinates"": [
    -8.321804756300000e+01,
    4.238682232200010e+01
  ],
  ""type"": ""Point""
}","{
  ""coordinates"": [
    -83.218047563,
    42.386822322
  ],
  ""type"": ""Point""
}",-83.218047563,42.3868223220001
1067,9455661,7MILE,EXETER,2015-12-11,11,12,2015,22,6,8,9,,4,0,,1,1,4,30,2,3,1,5,0,0,0,0,true,,false,false,true,false,false,,,,,,false,false,false,,,false,false,false,false,false,-83.10534,42.43222,"{
  ""coordinates"": [
    -8.310533939100000e+01,
    4.243222136000000e+01
  ],
  ""type"": ""Point""
}","{
  ""coordinates"": [
    -83.105339391,
    42.43222136
  ],
  ""type"": ""Point""
}",-83.105339391,42.43222136
1068,9462182,LAWNDALE,LONGWORTH,2015-12-11,11,12,2015,22,6,4,9,,4,0,,2,1,3,25,2,2,1,5,0,0,0,0,true,,false,false,true,false,false,,,,,,false,false,false,,,false,false,false,false,false,-83.12868,42.30363,"{
  ""coordinates"": [
    -8.312868664199991e+01,
    4.230363187100010e+01
  ],
  ""type"": ""Point""
}","{
  ""coordinates"": [
    -83.128686642,
    42.303631871
  ],
  ""type"": ""Point""
}",-83.1286866419999,42.3036318710001
1069,9459299,I-94,VAN DYKE,2015-12-11,11,12,2015,15,6,5,1,,1,0,,1,1,1,55,3,3,3,5,0,0,0,0,true,,false,false,false,false,false,,,,,,false,false,true,,,false,false,false,false,false,-83.02092,42.38589,"{
  ""coordinates"": [
    -8.302092066900001e+01,
    4.238588830200010e+01
  ],
  ""type"": ""Point""
}","{
  ""coordinates"": [
    -83.020920669,
    42.385888302
  ],
  ""type"": ""Point""
}",-83.020920669,42.3858883020001
1070,9462163,DAVISON,PENROD,2015-12-11,11,12,2015,22,6,2,9,,,2,,1,1,4,25,2,2,0,5,0,0,0,0,true,,false,false,true,false,false,,,,,,false,false,false,,,false,false,false,false,false,-83.22092,42.3843,"{
  ""coordinates"": [
    -8.322092446100000e+01,
    4.238430462800010e+01
  ],
  ""type"": ""Point""
}","{
  ""coordinates"": [
    -83.220924461,
    42.384304628
  ],
  ""type"": ""Point""
}",-83.220924461,42.3843046280001
1071,9456499,GRATIOT,FINDLAY,2015-12-11,11,12,2015,22,6,97,3,,1,0,,1,2,4,35,7,3,2,4,0,0,0,1,false,,false,false,true,false,false,,,,,,false,false,false,,,false,false,false,false,false,-82.98942,42.41723,"{
  ""coordinates"": [
    -8.298942176400000e+01,
    4.241723141100000e+01
  ],
  ""type"": ""Point""
}","{
  ""coordinates"": [
    -82.989421764,
    42.417231411
  ],
  ""type"": ""Point""
}",-82.989421764,42.417231411
1072,9462209,GRAND,FORT,2015-12-11,11,12,2015,15,6,4,3,,4,0,,1,1,1,25,2,2,3,5,0,0,0,0,true,,false,false,false,false,false,,,,,,false,false,false,,,false,false,false,false,false,-83.0834,42.31476,"{
  ""coordinates"": [
    -8.308339395500001e+01,
    4.231476069800000e+01
  ],
  ""type"": ""Point""
}","{
  ""coordinates"": [
    -83.083393955,
    42.314760698
  ],
  ""type"": ""Point""
}",-83.083393955,42.314760698
1073,9462199,VERNOR,MCKINSTRY,2015-12-11,11,12,2015,15,6,5,9,,4,0,,1,1,1,25,2,2,2,5,0,0,0,0,true,,false,false,true,false,false,,,,,,false,false,true,,,false,false,false,false,false,-83.09724,42.3197,"{
  ""coordinates"": [
    -8.309724179299999e+01,
    4.231970018500000e+01
  ],
  ""type"": ""Point""
}","{
  ""coordinates"": [
    -83.097241793,
    42.319700185
  ],
  ""type"": ""Point""
}",-83.097241793,42.319700185
1074,9455233,I-75,DEARBORN,2015-12-11,11,12,2015,7,6,1,1,,1,0,,1,1,1,70,4,1,1,5,0,0,0,0,true,,false,false,false,false,false,,,,,,false,false,false,,,false,false,false,false,false,-83.12798,42.29275,"{
  ""coordinates"": [
    -8.312797293499990e+01,
    4.229275321900010e+01
  ],
  ""type"": ""Point""
}","{
  ""coordinates"": [
    -83.127972935,
    42.292753219
  ],
  ""type"": ""Point""
}",-83.1279729349999,42.2927532190001
1075,9455576,WOODWARD,MARGARET,2015-12-11,11,12,2015,16,6,5,3,,1,0,,1,1,1,40,4,2,3,5,0,0,0,0,true,,false,false,false,false,false,,,,,,false,true,false,,,false,false,false,false,false,-83.11081,42.42598,"{
  ""coordinates"": [
    -8.311081177400000e+01,
    4.242598179500000e+01
  ],
  ""type"": ""Point""
}","{
  ""coordinates"": [
    -83.110811774,
    42.425981795
  ],
  ""type"": ""Point""
}",-83.110811774,42.425981795
1076,9455234,M-39,WARREN,2015-12-11,11,12,2015,9,6,5,3,,1,0,,1,1,1,55,3,2,2,5,0,0,0,0,true,,false,false,false,false,false,,,,,,false,false,false,,,false,false,false,false,false,-83.21635,42.34698,"{
  ""coordinates"": [
    -8.321635650499999e+01,
    4.234698647500010e+01
  ],
  ""type"": ""Point""
}","{
  ""coordinates"": [
    -83.216356505,
    42.346986475
  ],
  ""type"": ""Point""
}",-83.216356505,42.3469864750001
1077,9455599,ANTHONY WAYNE,WARREN,2015-12-11,11,12,2015,15,6,5,9,,4,0,,1,1,1,25,3,2,2,5,0,0,0,0,true,,false,false,false,false,false,,,,,,false,true,true,,,false,false,false,false,false,-83.07125,42.35434,"{
  ""coordinates"": [
    -8.307125426100001e+01,
    4.235434248300000e+01
  ],
  ""type"": ""Point""
}","{
  ""coordinates"": [
    -83.071254261,
    42.354342483
  ],
  ""type"": ""Point""
}",-83.071254261,42.354342483
1078,9455285,I-75,DEARBORN,2015-12-11,11,12,2015,7,6,5,1,,1,0,,1,1,1,70,4,2,2,5,0,0,0,0,true,,false,false,false,false,false,,,,,,false,false,false,,,false,false,false,false,false,-83.12869,42.29179,"{
  ""coordinates"": [
    -8.312869433299990e+01,
    4.229179273300010e+01
  ],
  ""type"": ""Point""
}","{
  ""coordinates"": [
    -83.128694333,
    42.291792733
  ],
  ""type"": ""Point""
}",-83.1286943329999,42.2917927330001
1079,9455592,GRAND,GRANDRIVER,2015-12-11,11,12,2015,9,6,8,3,,,0,,1,1,1,35,3,2,2,5,0,0,0,0,true,,false,false,true,false,false,,,,,,false,false,false,,,false,false,false,false,false,-83.20969,42.39723,"{
  ""coordinates"": [
    -8.320968500500000e+01,
    4.239722827300010e+01
  ],
  ""type"": ""Point""
}","{
  ""coordinates"": [
    -83.209685005,
    42.397228273
  ],
  ""type"": ""Point""
}",-83.209685005,42.3972282730001
1080,9455276,E I 96,E M 8,2015-12-11,11,12,2015,15,6,1,1,,1,0,,1,1,1,55,4,1,2,4,0,0,0,1,false,,false,false,false,false,false,,,,,,false,false,false,,,false,false,false,false,false,-83.15611,42.38522,"{
  ""coordinates"": [
    -8.315610747400000e+01,
    4.238522459300000e+01
  ],
  ""type"": ""Point""
}","{
  ""coordinates"": [
    -83.156107474,
    42.385224593
  ],
  ""type"": ""Point""
}",-83.156107474,42.385224593
1081,9455632,OUTER,LINDSAY,2015-12-11,11,12,2015,15,6,4,9,,2,0,,1,1,1,30,3,2,2,5,0,0,0,0,true,,false,false,false,false,false,,,,,,false,false,false,,,false,false,false,false,false,-83.21344,42.41938,"{
  ""coordinates"": [
    -8.321344051299999e+01,
    4.241938086700000e+01
  ],
  ""type"": ""Point""
}","{
  ""coordinates"": [
    -83.213440513,
    42.419380867
  ],
  ""type"": ""Point""
}",-83.213440513,42.419380867
1082,9455575,6 MILE,BIRWOOD,2015-12-11,11,12,2015,11,6,5,9,,2,0,,1,1,1,30,4,2,2,5,0,0,0,0,true,,false,false,false,false,false,,,,,,false,false,false,,,false,false,false,false,false,-83.1646,42.41681,"{
  ""coordinates"": [
    -8.316460517199990e+01,
    4.241680920100000e+01
  ],
  ""type"": ""Point""
}","{
  ""coordinates"": [
    -83.164605172,
    42.416809201
  ],
  ""type"": ""Point""
}",-83.1646051719999,42.416809201
1083,9455562,7 MILE,GREENVIEW,2015-12-11,11,12,2015,23,6,4,9,,2,0,,1,1,4,0,2,2,2,5,0,0,0,0,true,,true,true,true,false,false,,,,,,false,false,false,,,false,false,false,false,false,-83.22542,42.4299,"{
  ""coordinates"": [
    -8.322542154199991e+01,
    4.242990038500010e+01
  ],
  ""type"": ""Point""
}","{
  ""coordinates"": [
    -83.225421542,
    42.429900385
  ],
  ""type"": ""Point""
}",-83.2254215419999,42.4299003850001
1084,9455284,I-75,DEARBORN,2015-12-11,11,12,2015,7,6,5,1,,1,0,,1,1,1,70,4,2,2,5,0,0,0,0,true,,false,false,false,false,false,,,,,,false,false,false,,,false,false,false,false,false,-83.12869,42.29179,"{
  ""coordinates"": [
    -8.312869433299990e+01,
    4.229179273300010e+01
  ],
  ""type"": ""Point""
}","{
  ""coordinates"": [
    -83.128694333,
    42.291792733
  ],
  ""type"": ""Point""
}",-83.1286943329999,42.2917927330001