ObjectId,Crash ID,Primary Road,Intersecting Road,Crash Date,Day,Month,Year,Hour,Weekday,Crash Type Code,Highway Classification Code,Community Code,Jurisdiction Code,Lane Departure Type Code,Surface Type,Road Condition,Weather Condition,Lighting Condition,Speed Limit,Lanes,Units,Occupants,Most Severe Injury,Fatal Injuries,Suspected Serious Injuries,Suspected Minor Injuries,Possible Injuries,Property Damage Only,Secondary Crash,Traffic Control,Red Light Run,Hit and Run,Alcohol,Drugs,Unbelted Person,Work Zone,Speeding Driver,Distracted Driver,Driveway,Pedestrian,Elderly Driver,Young Driver,Commercial Vehicle,Emergency Vehicles,Train,School Bus,Motorcycle,Bicycle,Deer,Longitude,Latitude,geom,geog,x,y
1085,9455571,APPOLINE,NORFOLK,2015-12-11,11,12,2015,9,6,4,9,,,0,,1,1,1,25,2,3,5,4,0,0,0,1,false,,false,false,false,false,false,,,,,,false,false,true,,,false,false,false,false,false,-83.17225,42.44304,"{
  ""coordinates"": [
    -8.317225108299991e+01,
    4.244303505800010e+01
  ],
  ""type"": ""Point""
}","{
  ""coordinates"": [
    -83.172251083,
    42.443035058
  ],
  ""type"": ""Point""
}",-83.1722510829999,42.4430350580001
1086,9456497,DICKERSON,WILFRED,2015-12-11,11,12,2015,15,6,4,9,,4,0,,1,1,1,25,2,2,2,5,0,0,0,0,true,,false,false,false,false,false,,,,,,false,false,false,,,false,false,false,false,false,-82.98153,42.41558,"{
  ""coordinates"": [
    -8.298153103999989e+01,
    4.241557765400010e+01
  ],
  ""type"": ""Point""
}","{
  ""coordinates"": [
    -82.98153104,
    42.415577654
  ],
  ""type"": ""Point""
}",-82.9815310399999,42.4155776540001
1087,9455564,JOY,FAUST,2015-12-11,11,12,2015,16,6,5,9,,2,0,,1,1,1,35,2,2,4,5,0,0,0,0,true,,false,false,false,false,false,,,,,,false,false,false,,,false,false,false,false,false,-83.22133,42.35777,"{
  ""coordinates"": [
    -8.322132934800000e+01,
    4.235777372600010e+01
  ],
  ""type"": ""Point""
}","{
  ""coordinates"": [
    -83.221329348,
    42.357773726
  ],
  ""type"": ""Point""
}",-83.221329348,42.3577737260001
1088,9455666,MANOR,MCNICHOLS,2015-12-11,11,12,2015,15,6,4,9,,,0,,1,1,1,25,1,2,4,5,0,0,0,0,true,,false,false,true,false,false,,,,,,false,false,false,,,false,false,false,false,false,-83.16901,42.41668,"{
  ""coordinates"": [
    -8.316900753899991e+01,
    4.241668329100000e+01
  ],
  ""type"": ""Point""
}","{
  ""coordinates"": [
    -83.169007539,
    42.416683291
  ],
  ""type"": ""Point""
}",-83.1690075389999,42.416683291
1089,9455614,S M 39,SCHOOLCRAFT,2015-12-11,11,12,2015,16,6,5,3,,1,0,,1,1,1,55,3,2,1,5,0,0,0,0,true,,false,false,false,false,false,,,,,,false,false,false,,,false,false,false,false,false,-83.21773,42.38674,"{
  ""coordinates"": [
    -8.321772770800000e+01,
    4.238673741600010e+01
  ],
  ""type"": ""Point""
}","{
  ""coordinates"": [
    -83.217727708,
    42.386737416
  ],
  ""type"": ""Point""
}",-83.217727708,42.3867374160001
1090,9459300,S M 39,FENKELL,2015-12-11,11,12,2015,16,6,5,3,,1,0,,1,1,1,55,3,3,5,5,0,0,0,0,true,,false,false,false,false,false,,,,,,false,false,true,,,false,false,false,false,false,-83.21838,42.40115,"{
  ""coordinates"": [
    -8.321837699199990e+01,
    4.240114774300010e+01
  ],
  ""type"": ""Point""
}","{
  ""coordinates"": [
    -83.218376992,
    42.401147743
  ],
  ""type"": ""Point""
}",-83.2183769919999,42.4011477430001
1091,9462181,LIVERNOIS,DENNIS,2015-12-11,11,12,2015,19,6,1,9,,4,0,,1,1,2,35,4,2,0,4,0,0,0,1,false,,false,false,true,false,false,,,,,,true,false,false,,,false,false,false,false,false,-83.11772,42.32751,"{
  ""coordinates"": [
    -8.311771982700000e+01,
    4.232751619500000e+01
  ],
  ""type"": ""Point""
}","{
  ""coordinates"": [
    -83.117719827,
    42.327516195
  ],
  ""type"": ""Point""
}",-83.117719827,42.327516195
1092,9455548,SCHOOLCRAFT,APPLETON,2015-12-11,11,12,2015,19,6,5,9,,4,0,,1,1,4,35,2,2,1,4,0,0,0,1,false,,false,false,false,false,false,,,,,,false,true,false,,,false,false,false,false,false,-83.27217,42.38501,"{
  ""coordinates"": [
    -8.327217274200000e+01,
    4.238500695300010e+01
  ],
  ""type"": ""Point""
}","{
  ""coordinates"": [
    -83.272172742,
    42.385006953
  ],
  ""type"": ""Point""
}",-83.272172742,42.3850069530001
1093,9455273,I-96,PACIFIC,2015-12-11,11,12,2015,12,6,8,1,,1,0,,1,1,1,55,4,3,3,5,0,0,0,0,true,,false,false,false,false,false,,,,,,false,false,true,,,false,false,false,false,false,-83.11558,42.35841,"{
  ""coordinates"": [
    -8.311558095200000e+01,
    4.235840521100000e+01
  ],
  ""type"": ""Point""
}","{
  ""coordinates"": [
    -83.115580952,
    42.358405211
  ],
  ""type"": ""Point""
}",-83.115580952,42.358405211
1094,9455260,DAVISON,I-96,2015-12-11,11,12,2015,1,6,1,3,,1,1,,1,1,4,55,3,1,1,4,0,0,0,3,false,,false,false,false,false,false,,,,,,false,false,true,,,false,false,false,false,false,-83.14334,42.38633,"{
  ""coordinates"": [
    -8.314333793500001e+01,
    4.238632961300000e+01
  ],
  ""type"": ""Point""
}","{
  ""coordinates"": [
    -83.143337935,
    42.386329613
  ],
  ""type"": ""Point""
}",-83.143337935,42.386329613
1095,9456492,CHRYSLER,7 MILE,2015-12-11,11,12,2015,15,6,97,1,,1,0,,1,1,1,70,4,1,1,5,0,0,0,0,true,,false,false,false,false,false,,,,,,false,false,false,,,false,false,false,false,false,-83.09507,42.43609,"{
  ""coordinates"": [
    -8.309507085400000e+01,
    4.243608901500010e+01
  ],
  ""type"": ""Point""
}","{
  ""coordinates"": [
    -83.095070854,
    42.436089015
  ],
  ""type"": ""Point""
}",-83.095070854,42.4360890150001
1096,9455277,N M 10,W I 94,2015-12-11,11,12,2015,17,6,5,3,,1,0,,1,1,3,55,3,2,2,5,0,0,0,0,true,,false,false,false,false,false,,,,,,false,false,false,,,false,false,false,false,false,-83.07645,42.35977,"{
  ""coordinates"": [
    -8.307644450899990e+01,
    4.235976963600010e+01
  ],
  ""type"": ""Point""
}","{
  ""coordinates"": [
    -83.076444509,
    42.359769636
  ],
  ""type"": ""Point""
}",-83.0764445089999,42.3597696360001
1097,9455570,KENTUCKY,CAMBRIDGE,2015-12-11,11,12,2015,9,6,1,9,,,1,,1,1,1,25,2,1,1,5,0,0,0,0,true,,false,false,false,false,false,,,,,,false,false,true,,,false,false,false,false,false,-83.15994,42.43303,"{
  ""coordinates"": [
    -8.315994081600000e+01,
    4.243303152600000e+01
  ],
  ""type"": ""Point""
}","{
  ""coordinates"": [
    -83.159940816,
    42.433031526
  ],
  ""type"": ""Point""
}",-83.159940816,42.433031526
1098,9455580,MT ELLIOTT,NEVEDA,2015-12-11,11,12,2015,,6,4,9,,4,0,,1,1,4,35,2,2,2,3,0,0,1,1,false,,false,false,false,true,false,,,,,,false,false,false,,,false,false,false,false,false,-83.03863,42.4264,"{
  ""coordinates"": [
    -8.303862979500001e+01,
    4.242640205100000e+01
  ],
  ""type"": ""Point""
}","{
  ""coordinates"": [
    -83.038629795,
    42.426402051
  ],
  ""type"": ""Point""
}",-83.038629795,42.426402051
1099,9456500,PLYMOUTH,FREELAND,2015-12-11,11,12,2015,0,6,4,9,,4,0,,1,1,4,30,2,2,2,5,0,0,0,0,true,,false,false,true,false,false,,,,,,false,false,true,,,false,false,false,false,false,-83.18411,42.37291,"{
  ""coordinates"": [
    -8.318411253900000e+01,
    4.237290699300010e+01
  ],
  ""type"": ""Point""
}","{
  ""coordinates"": [
    -83.184112539,
    42.372906993
  ],
  ""type"": ""Point""
}",-83.184112539,42.3729069930001
1100,9455239,W/B I 96,EVERGREEN,2015-12-11,11,12,2015,19,6,1,1,,1,1,,1,1,5,55,3,1,1,5,0,0,0,0,true,,false,false,false,false,false,,,,,,false,false,true,,,false,false,false,false,false,-83.23517,42.37952,"{
  ""coordinates"": [
    -8.323516843100001e+01,
    4.237952118800010e+01
  ],
  ""type"": ""Point""
}","{
  ""coordinates"": [
    -83.235168431,
    42.379521188
  ],
  ""type"": ""Point""
}",-83.235168431,42.3795211880001
1101,9455561,I-75,WARREN,2015-12-11,11,12,2015,14,6,5,1,,1,0,,1,1,1,55,4,2,2,5,0,0,0,0,true,,false,false,false,false,false,,,,,,false,false,false,,,false,false,false,false,false,-83.05407,42.36058,"{
  ""coordinates"": [
    -8.305406667499990e+01,
    4.236058611100000e+01
  ],
  ""type"": ""Point""
}","{
  ""coordinates"": [
    -83.054066675,
    42.360586111
  ],
  ""type"": ""Point""
}",-83.0540666749999,42.360586111
1102,9455633,LAHSER,BENNETT,2015-12-11,11,12,2015,8,6,8,9,,2,0,,1,1,1,30,4,2,3,5,0,0,0,0,true,,false,false,true,false,false,,,,,,false,false,false,,,false,false,false,false,false,-83.25794,42.41962,"{
  ""coordinates"": [
    -8.325793854299999e+01,
    4.241961847500000e+01
  ],
  ""type"": ""Point""
}","{
  ""coordinates"": [
    -83.257938543,
    42.419618475
  ],
  ""type"": ""Point""
}",-83.257938543,42.419618475
1103,9455275,M-10,GLENDALE,2015-12-11,11,12,2015,14,6,5,3,,1,0,,1,1,1,55,3,2,2,4,0,0,0,2,false,,false,false,true,false,false,,,,,,false,true,false,,,false,false,false,false,false,-83.1072,42.39458,"{
  ""coordinates"": [
    -8.310719886600000e+01,
    4.239458239100000e+01
  ],
  ""type"": ""Point""
}","{
  ""coordinates"": [
    -83.107198866,
    42.394582391
  ],
  ""type"": ""Point""
}",-83.107198866,42.394582391
1104,9462208,GRAND,CONSOLIDATED RAIL CORPORATION,2015-12-11,11,12,2015,8,6,1,9,,4,1,,1,1,1,25,2,1,1,5,0,0,0,0,true,,false,false,false,false,false,,,,,,false,false,false,,,false,false,false,false,false,-83.09248,42.32735,"{
  ""coordinates"": [
    -8.309248435200000e+01,
    4.232734618200000e+01
  ],
  ""type"": ""Point""
}","{
  ""coordinates"": [
    -83.092484352,
    42.327346182
  ],
  ""type"": ""Point""
}",-83.092484352,42.327346182
1105,9455641,FINDLAY,GUNSTON,2015-12-11,11,12,2015,8,6,3,3,,4,0,,1,1,1,25,1,2,2,5,0,0,0,0,true,,false,false,true,false,false,,,,,,false,false,false,,,false,false,false,false,false,-82.99933,42.41375,"{
  ""coordinates"": [
    -8.299932792600001e+01,
    4.241375014100000e+01
  ],
  ""type"": ""Point""
}","{
  ""coordinates"": [
    -82.999327926,
    42.413750141
  ],
  ""type"": ""Point""
}",-82.999327926,42.413750141
1106,9459298,M-10,GRAND,2015-12-11,11,12,2015,14,6,8,3,,1,0,,1,1,1,55,3,2,2,4,0,0,0,2,false,,false,false,false,false,false,,,,,,false,false,true,,,false,false,false,false,false,-83.08076,42.36582,"{
  ""coordinates"": [
    -8.308076110800000e+01,
    4.236581823400010e+01
  ],
  ""type"": ""Point""
}","{
  ""coordinates"": [
    -83.080761108,
    42.365818234
  ],
  ""type"": ""Point""
}",-83.080761108,42.3658182340001
1107,9457532,ALTER,VOIGHT,2015-12-11,11,12,2015,23,6,4,9,,4,0,,1,1,4,30,2,2,1,4,0,0,0,1,false,,false,false,true,false,false,,,,,,false,false,false,,,false,false,false,false,false,-82.95266,42.39473,"{
  ""coordinates"": [
    -8.295266329700000e+01,
    4.239472973300010e+01
  ],
  ""type"": ""Point""
}","{
  ""coordinates"": [
    -82.952663297,
    42.394729733
  ],
  ""type"": ""Point""
}",-82.952663297,42.3947297330001
1108,9455628,PURITAN,FERGUSON,2015-12-11,11,12,2015,17,6,4,9,,4,0,,1,1,3,30,2,3,7,2,0,1,0,0,false,,false,false,false,false,false,,,,,,false,true,true,,,false,false,false,false,false,-83.20972,42.40851,"{
  ""coordinates"": [
    -8.320971702799990e+01,
    4.240851297400010e+01
  ],
  ""type"": ""Point""
}","{
  ""coordinates"": [
    -83.209717028,
    42.408512974
  ],
  ""type"": ""Point""
}",-83.2097170279999,42.4085129740001
1109,9457523,MACK,GATESHEAD,2015-12-11,11,12,2015,19,6,5,9,,2,0,,1,1,4,30,5,2,2,5,0,0,0,0,true,,false,false,false,false,false,,,,,,false,false,true,,,false,false,false,false,false,-82.91187,42.41424,"{
  ""coordinates"": [
    -8.291186319900000e+01,
    4.241423850000010e+01
  ],
  ""type"": ""Point""
}","{
  ""coordinates"": [
    -82.911863199,
    42.4142385
  ],
  ""type"": ""Point""
}",-82.911863199,42.4142385000001
1110,9455597,OAKLAND,TROWBRIDGE,2015-12-11,11,12,2015,17,6,5,9,,4,0,,1,1,5,30,4,2,2,5,0,0,0,0,true,,false,false,false,false,false,,,,,,false,false,true,,,false,false,false,false,false,-83.07722,42.39279,"{
  ""coordinates"": [
    -8.307721544899989e+01,
    4.239278818500000e+01
  ],
  ""type"": ""Point""
}","{
  ""coordinates"": [
    -83.077215449,
    42.392788185
  ],
  ""type"": ""Point""
}",-83.0772154489999,42.392788185
1111,9462198,MACK,WOODWARD,2015-12-11,11,12,2015,15,6,5,3,,4,0,,1,1,1,35,3,2,1,5,0,0,0,0,true,,false,false,true,false,false,,,,,,false,false,false,,,false,false,false,false,false,-83.05804,42.34748,"{
  ""coordinates"": [
    -8.305804155500000e+01,
    4.234747865400000e+01
  ],
  ""type"": ""Point""
}","{
  ""coordinates"": [
    -83.058041555,
    42.347478654
  ],
  ""type"": ""Point""
}",-83.058041555,42.347478654
1112,9455622,S M 39,7 MILE,2015-12-11,11,12,2015,20,6,8,3,,1,0,,1,1,4,55,3,2,2,5,0,0,0,0,true,,false,false,false,false,false,,,,,,false,false,false,,,false,false,false,false,false,-83.21941,42.43029,"{
  ""coordinates"": [
    -8.321941741900000e+01,
    4.243029014900000e+01
  ],
  ""type"": ""Point""
}","{
  ""coordinates"": [
    -83.219417419,
    42.430290149
  ],
  ""type"": ""Point""
}",-83.219417419,42.430290149
1113,9459415,HUBBELL,8 MILE,2015-12-11,11,12,2015,15,6,4,3,,4,0,,1,1,1,35,1,2,2,5,0,0,0,0,true,,false,false,false,false,false,,,,,,false,true,false,,,false,false,false,false,false,-83.19072,42.445,"{
  ""coordinates"": [
    -8.319071819500000e+01,
    4.244499751600010e+01
  ],
  ""type"": ""Point""
}","{
  ""coordinates"": [
    -83.190718195,
    42.444997516
  ],
  ""type"": ""Point""
}",-83.190718195,42.4449975160001
1114,9456489,MEYERS,CAPITOL,2015-12-11,11,12,2015,23,6,5,9,,4,0,,1,1,3,35,2,2,1,4,0,0,0,1,false,,false,false,false,false,false,,,,,,false,false,false,,,false,false,false,false,false,-83.1683,42.37749,"{
  ""coordinates"": [
    -8.316830101300000e+01,
    4.237749344900000e+01
  ],
  ""type"": ""Point""
}","{
  ""coordinates"": [
    -83.168301013,
    42.377493449
  ],
  ""type"": ""Point""
}",-83.168301013,42.377493449
1115,9455558,LINWOOD,GLENDALE,2015-12-11,11,12,2015,16,6,4,9,,4,0,,1,2,1,35,4,2,2,5,0,0,0,0,true,,true,true,false,false,false,,,,,,false,false,true,,,false,false,false,false,false,-83.12012,42.39019,"{
  ""coordinates"": [
    -8.312011763100000e+01,
    4.239019426700000e+01
  ],
  ""type"": ""Point""
}","{
  ""coordinates"": [
    -83.120117631,
    42.390194267
  ],
  ""type"": ""Point""
}",-83.120117631,42.390194267
1116,9462210,ELSMERE,OLIVET,2015-12-11,11,12,2015,16,6,4,9,,,0,,1,1,1,25,2,2,3,4,0,0,0,1,false,,true,false,true,false,false,,,,,,false,false,true,,,false,false,false,false,false,-83.12923,42.29885,"{
  ""coordinates"": [
    -8.312923580099989e+01,
    4.229885292300000e+01
  ],
  ""type"": ""Point""
}","{
  ""coordinates"": [
    -83.129235801,
    42.298852923
  ],
  ""type"": ""Point""
}",-83.1292358009999,42.298852923
1117,9455232,I-75,DEARBORN,2015-12-11,11,12,2015,7,6,1,1,,1,1,,1,1,1,70,4,1,1,4,0,0,0,1,false,,false,false,false,false,false,,,,,,false,false,false,,,false,false,false,false,false,-83.12798,42.29275,"{
  ""coordinates"": [
    -8.312797293499990e+01,
    4.229275321900010e+01
  ],
  ""type"": ""Point""
}","{
  ""coordinates"": [
    -83.127972935,
    42.292753219
  ],
  ""type"": ""Point""
}",-83.1279729349999,42.2927532190001
1118,9462194,MICHIGAN,LONYO,2015-12-11,11,12,2015,23,6,4,2,,1,0,,1,1,4,35,5,2,2,5,0,0,0,0,true,,true,true,true,false,false,,,,,,false,false,false,,,false,false,false,false,false,-83.14444,42.33045,"{
  ""coordinates"": [
    -8.314443991400000e+01,
    4.233044804000010e+01
  ],
  ""type"": ""Point""
}","{
  ""coordinates"": [
    -83.144439914,
    42.33044804
  ],
  ""type"": ""Point""
}",-83.144439914,42.3304480400001
1119,9455274,I-75,DAVISON,2015-12-11,11,12,2015,14,6,1,1,,1,0,,1,1,1,70,3,1,1,5,0,0,0,0,true,,false,false,false,false,false,,,,,,false,false,true,,,false,false,false,false,false,-83.07265,42.40356,"{
  ""coordinates"": [
    -8.307265155000000e+01,
    4.240356595900000e+01
  ],
  ""type"": ""Point""
}","{
  ""coordinates"": [
    -83.07265155,
    42.403565959
  ],
  ""type"": ""Point""
}",-83.07265155,42.403565959
1120,9455266,WB I96,GRAND,2015-12-11,11,12,2015,18,6,5,1,,1,0,,1,1,4,70,3,2,2,4,0,0,0,1,false,,false,false,false,false,false,,,,,,false,true,false,,,false,false,false,false,false,-83.10876,42.35516,"{
  ""coordinates"": [
    -8.310875540099990e+01,
    4.235516347500000e+01
  ],
  ""type"": ""Point""
}","{
  ""coordinates"": [
    -83.108755401,
    42.355163475
  ],
  ""type"": ""Point""
}",-83.1087554009999,42.355163475
1121,9455325,N/B I-75,DAVIDSON,2015-12-11,11,12,2015,14,6,1,1,,1,0,,1,2,1,70,4,1,1,5,0,0,0,0,true,,false,false,false,false,false,,,,,,false,false,true,,,false,false,false,false,false,-83.07885,42.40828,"{
  ""coordinates"": [
    -8.307885207600000e+01,
    4.240828184100010e+01
  ],
  ""type"": ""Point""
}","{
  ""coordinates"": [
    -83.078852076,
    42.408281841
  ],
  ""type"": ""Point""
}",-83.078852076,42.4082818410001
1122,9455654,OUTER,VAN DYKE,2015-12-11,11,12,2015,19,6,8,3,,2,3,,1,1,4,35,4,2,2,5,0,0,0,0,true,,false,false,false,false,false,,,,,,false,false,true,,,false,false,false,false,false,-83.02503,42.44111,"{
  ""coordinates"": [
    -8.302502990799999e+01,
    4.244110797400000e+01
  ],
  ""type"": ""Point""
}","{
  ""coordinates"": [
    -83.025029908,
    42.441107974
  ],
  ""type"": ""Point""
}",-83.025029908,42.441107974
1123,9462220,LIVERNOIS,MICHIGAN,2015-12-11,11,12,2015,18,6,5,2,,4,0,,1,1,2,35,4,2,2,5,0,0,0,0,true,,false,false,true,false,false,,,,,,false,false,true,,,false,false,false,false,false,-83.12033,42.33111,"{
  ""coordinates"": [
    -8.312032917399991e+01,
    4.233111018500010e+01
  ],
  ""type"": ""Point""
}","{
  ""coordinates"": [
    -83.120329174,
    42.331110185
  ],
  ""type"": ""Point""
}",-83.1203291739999,42.3311101850001
1124,9455287,I-96,I-94,2015-12-11,11,12,2015,7,6,8,1,,1,0,,1,1,1,70,4,2,2,5,0,0,0,0,true,,false,false,false,false,false,,,,,,false,false,false,,,false,false,false,false,false,-83.09914,42.34994,"{
  ""coordinates"": [
    -8.309914164799990e+01,
    4.234994023200010e+01
  ],
  ""type"": ""Point""
}","{
  ""coordinates"": [
    -83.099141648,
    42.349940232
  ],
  ""type"": ""Point""
}",-83.0991416479999,42.3499402320001
1125,9457555,MOENART,HAMLET,2015-12-11,11,12,2015,22,6,97,9,,,0,,1,1,4,25,1,2,0,5,0,0,0,0,true,,false,false,true,false,false,,,,,,false,false,false,,,false,false,false,false,false,-83.05068,42.44584,"{
  ""coordinates"": [
    -8.305068563299990e+01,
    4.244583907100010e+01
  ],
  ""type"": ""Point""
}","{
  ""coordinates"": [
    -83.050685633,
    42.445839071
  ],
  ""type"": ""Point""
}",-83.0506856329999,42.4458390710001
1126,9476303,JEFFERSON,CLARK,2015-12-11,11,12,2015,1,6,1,9,,4,1,,1,1,4,35,2,1,1,2,0,1,0,0,false,,false,false,false,true,false,,,,,,false,false,false,,,false,false,false,false,false,-83.08699,42.30758,"{
  ""coordinates"": [
    -8.308699114500000e+01,
    4.230757901200010e+01
  ],
  ""type"": ""Point""
}","{
  ""coordinates"": [
    -83.086991145,
    42.307579012
  ],
  ""type"": ""Point""
}",-83.086991145,42.3075790120001
1127,9469072,SCHAEFER,FENKELL,2015-12-11,11,12,2015,16,6,4,9,,4,0,,1,1,1,30,1,2,4,5,0,0,0,0,true,,false,false,true,false,false,,,,,,false,false,false,,,false,false,false,false,false,-83.17912,42.40209,"{
  ""coordinates"": [
    -8.317912135400000e+01,
    4.240209250100000e+01
  ],
  ""type"": ""Point""
}","{
  ""coordinates"": [
    -83.179121354,
    42.402092501
  ],
  ""type"": ""Point""
}",-83.179121354,42.402092501
1128,9465542,TEMPLE,S M 10 SERVICE DRIVE,2015-12-11,11,12,2015,12,6,8,9,,4,0,,1,1,1,25,3,2,6,5,0,0,0,0,true,,false,false,true,false,false,,,,,,false,true,false,,,false,false,false,false,false,-83.06667,42.33911,"{
  ""coordinates"": [
    -8.306666731699990e+01,
    4.233911096600010e+01
  ],
  ""type"": ""Point""
}","{
  ""coordinates"": [
    -83.066667317,
    42.339110966
  ],
  ""type"": ""Point""
}",-83.0666673169999,42.3391109660001
1129,9592586,GRATIOT,ROHNS,2015-12-11,11,12,2015,17,6,5,3,,1,0,,1,1,4,35,6,3,3,4,0,0,0,1,false,,false,false,false,false,false,,,,,,false,false,true,,,false,false,false,false,false,-83.00926,42.38702,"{
  ""coordinates"": [
    -8.300926123300000e+01,
    4.238701577000010e+01
  ],
  ""type"": ""Point""
}","{
  ""coordinates"": [
    -83.009261233,
    42.38701577
  ],
  ""type"": ""Point""
}",-83.009261233,42.3870157700001
1130,9455529,PLAINVIEW,7 MILE,2015-12-11,11,12,2015,6,6,97,9,,,0,,1,1,4,25,1,2,2,4,0,0,0,1,false,,false,false,false,false,false,,,,,,true,false,false,,,false,false,false,false,false,-83.23769,42.42822,"{
  ""coordinates"": [
    -8.323769420199990e+01,
    4.242822287700010e+01
  ],
  ""type"": ""Point""
}","{
  ""coordinates"": [
    -83.237694202,
    42.428222877
  ],
  ""type"": ""Point""
}",-83.2376942019999,42.4282228770001
1131,9472913,GREENLAWN,PEMBROKE,2015-12-11,11,12,2015,13,6,97,9,,,0,,1,1,1,20,3,2,0,5,0,0,0,0,true,,false,false,true,false,false,,,,,,false,false,false,,,false,false,false,false,false,-83.15208,42.43811,"{
  ""coordinates"": [
    -8.315207810500000e+01,
    4.243811009900000e+01
  ],
  ""type"": ""Point""
}","{
  ""coordinates"": [
    -83.152078105,
    42.438110099
  ],
  ""type"": ""Point""
}",-83.152078105,42.438110099
1132,9670167,SB CHRYSLER,WARREN,2015-12-11,11,12,2015,8,6,7,0,,4,0,,1,1,1,25,3,2,2,5,0,0,0,0,true,,false,false,false,false,false,,,,,,false,false,false,,,false,false,false,false,false,-83.055,42.36077,"{
  ""coordinates"": [
    -8.305500064300000e+01,
    4.236076983000000e+01
  ],
  ""type"": ""Point""
}","{
  ""coordinates"": [
    -83.055000643,
    42.36076983
  ],
  ""type"": ""Point""
}",-83.055000643,42.36076983
1133,9660350,HARPER,FIELD,2015-12-11,11,12,2015,16,6,8,0,,4,0,,1,1,1,30,2,2,5,5,0,0,0,0,true,,false,false,true,false,false,,,,,,false,false,true,,,false,false,false,false,false,-83.02613,42.38611,"{
  ""coordinates"": [
    -8.302613296999991e+01,
    4.238610832800000e+01
  ],
  ""type"": ""Point""
}","{
  ""coordinates"": [
    -83.02613297,
    42.386108328
  ],
  ""type"": ""Point""
}",-83.0261329699999,42.386108328
1134,9465540,JOHN R,PIQUETTE,2015-12-11,11,12,2015,10,6,4,9,,4,0,,1,1,1,25,4,2,2,5,0,0,0,0,true,,false,false,false,false,false,,,,,,false,true,true,,,false,false,false,false,false,-83.06853,42.36724,"{
  ""coordinates"": [
    -8.306852764099990e+01,
    4.236723830300010e+01
  ],
  ""type"": ""Point""
}","{
  ""coordinates"": [
    -83.068527641,
    42.367238303
  ],
  ""type"": ""Point""
}",-83.0685276409999,42.3672383030001
1135,9474041,WARREN,LONGACRE,2015-12-11,11,12,2015,8,6,5,9,,2,0,,1,1,1,35,3,2,3,5,0,0,0,0,true,,false,false,false,false,false,,,,,,false,false,false,,,false,false,false,false,false,-83.2137,42.34341,"{
  ""coordinates"": [
    -8.321369826400000e+01,
    4.234340635000010e+01
  ],
  ""type"": ""Point""
}","{
  ""coordinates"": [
    -83.213698264,
    42.34340635
  ],
  ""type"": ""Point""
}",-83.213698264,42.3434063500001
1136,9468912,W I 94,GRATIOT,2015-12-11,11,12,2015,22,6,4,1,,1,0,,1,1,4,55,1,2,4,2,0,1,1,0,false,,false,false,false,true,false,,,,,,false,false,true,,,false,false,false,false,false,-83.00632,42.39152,"{
  ""coordinates"": [
    -8.300632154300000e+01,
    4.239152073000000e+01
  ],
  ""type"": ""Point""
}","{
  ""coordinates"": [
    -83.006321543,
    42.39152073
  ],
  ""type"": ""Point""
}",-83.006321543,42.39152073
1137,9455278,I-94,ADDISON,2015-12-11,11,12,2015,18,6,97,1,,1,0,,1,2,4,55,3,2,3,4,0,0,0,3,false,,false,false,false,false,false,,,,,,false,false,true,,,false,false,false,false,false,-83.15271,42.32964,"{
  ""coordinates"": [
    -8.315270757499999e+01,
    4.232963928600000e+01
  ],
  ""type"": ""Point""
}","{
  ""coordinates"": [
    -83.152707575,
    42.329639286
  ],
  ""type"": ""Point""
}",-83.152707575,42.329639286
1138,9671421,RUTLAND,GRAND RIVER,2015-12-11,11,12,2015,3,6,1,3,,,1,,1,1,4,25,1,1,1,4,0,0,0,1,false,,false,false,false,false,false,,,,,,false,false,true,,,false,false,false,false,false,-83.21203,42.39817,"{
  ""coordinates"": [
    -8.321202692000000e+01,
    4.239817436300010e+01
  ],
  ""type"": ""Point""
}","{
  ""coordinates"": [
    -83.21202692,
    42.398174363
  ],
  ""type"": ""Point""
}",-83.21202692,42.3981743630001
1139,9471287,BEATRICE,GLEASON,2015-12-11,11,12,2015,1,6,4,9,,,3,,1,1,1,25,2,3,0,5,0,0,0,0,true,,false,false,true,false,false,,,,,,false,false,false,,,false,false,false,false,false,-83.15956,42.26259,"{
  ""coordinates"": [
    -8.315956247000000e+01,
    4.226259221700010e+01
  ],
  ""type"": ""Point""
}","{
  ""coordinates"": [
    -83.15956247,
    42.262592217
  ],
  ""type"": ""Point""
}",-83.15956247,42.2625922170001
1140,9601757,MCNICHOLS,OUTER,2015-12-11,11,12,2015,3,6,8,9,,2,0,,1,1,1,35,4,2,2,5,0,0,0,0,true,,false,false,false,false,false,,,,,,false,false,false,,,false,false,false,false,false,-83.25749,42.41473,"{
  ""coordinates"": [
    -8.325748939300000e+01,
    4.241473403700010e+01
  ],
  ""type"": ""Point""
}","{
  ""coordinates"": [
    -83.257489393,
    42.414734037
  ],
  ""type"": ""Point""
}",-83.257489393,42.4147340370001
1141,9462193,MELLON,DIX,2015-12-10,10,12,2015,15,5,97,9,,4,0,,1,1,1,30,3,2,1,5,0,0,0,0,true,,false,false,false,false,false,,,,,,false,false,false,,,false,false,false,false,false,-83.15661,42.2905,"{
  ""coordinates"": [
    -8.315660707200000e+01,
    4.229050504700010e+01
  ],
  ""type"": ""Point""
}","{
  ""coordinates"": [
    -83.156607072,
    42.290505047
  ],
  ""type"": ""Point""
}",-83.156607072,42.2905050470001