ObjectId,Crash ID,Primary Road,Intersecting Road,Crash Date,Day,Month,Year,Hour,Weekday,Crash Type Code,Highway Classification Code,Community Code,Jurisdiction Code,Lane Departure Type Code,Surface Type,Road Condition,Weather Condition,Lighting Condition,Speed Limit,Lanes,Units,Occupants,Most Severe Injury,Fatal Injuries,Suspected Serious Injuries,Suspected Minor Injuries,Possible Injuries,Property Damage Only,Secondary Crash,Traffic Control,Red Light Run,Hit and Run,Alcohol,Drugs,Unbelted Person,Work Zone,Speeding Driver,Distracted Driver,Driveway,Pedestrian,Elderly Driver,Young Driver,Commercial Vehicle,Emergency Vehicles,Train,School Bus,Motorcycle,Bicycle,Deer,Longitude,Latitude,geom,geog,x,y
1199,9455611,E I 94,N HARPER/S I 94,2015-12-10,10,12,2015,9,5,5,1,,1,0,,1,1,1,35,6,2,2,5,0,0,0,0,true,,false,false,false,false,false,,,,,,false,false,false,,,false,false,false,false,false,-82.92877,42.42434,"{
  ""coordinates"": [
    -8.292877574499990e+01,
    4.242433378400010e+01
  ],
  ""type"": ""Point""
}","{
  ""coordinates"": [
    -82.928775745,
    42.424333784
  ],
  ""type"": ""Point""
}",-82.9287757449999,42.4243337840001
1200,9458152,M-39,PEMBROKE,2015-12-10,10,12,2015,16,5,5,3,,1,0,,1,2,1,55,3,2,3,5,0,0,0,0,true,,false,false,false,false,false,,,,,,false,false,false,,,false,false,false,false,false,-83.21952,42.43696,"{
  ""coordinates"": [
    -8.321951843600000e+01,
    4.243695934200010e+01
  ],
  ""type"": ""Point""
}","{
  ""coordinates"": [
    -83.219518436,
    42.436959342
  ],
  ""type"": ""Point""
}",-83.219518436,42.4369593420001
1201,9465541,OAKLAND,ROSEDALE,2015-12-10,10,12,2015,22,5,4,9,,4,0,,1,1,4,30,3,2,2,4,0,0,0,1,false,,false,false,true,false,false,,,,,,false,false,true,,,false,false,false,false,false,-83.07842,42.39443,"{
  ""coordinates"": [
    -8.307842114399990e+01,
    4.239442986300000e+01
  ],
  ""type"": ""Point""
}","{
  ""coordinates"": [
    -83.078421144,
    42.394429863
  ],
  ""type"": ""Point""
}",-83.0784211439999,42.394429863
1202,9469090,WARD,FOLEY,2015-12-10,10,12,2015,20,5,1,9,,,1,,1,1,4,25,2,1,1,4,0,0,0,1,false,,false,false,false,false,false,,,,,,false,false,false,,,false,false,false,false,false,-83.17329,42.37948,"{
  ""coordinates"": [
    -8.317329375400000e+01,
    4.237948207000010e+01
  ],
  ""type"": ""Point""
}","{
  ""coordinates"": [
    -83.173293754,
    42.37948207
  ],
  ""type"": ""Point""
}",-83.173293754,42.3794820700001
1203,9455221,RAMP 213D,E I 94,2015-12-09,9,12,2015,7,4,5,1,,1,0,,1,1,1,55,1,2,2,5,0,0,0,0,true,,false,false,false,false,false,,,,,,false,false,false,,,false,false,false,false,false,-83.10333,42.34861,"{
  ""coordinates"": [
    -8.310332923899990e+01,
    4.234860863600010e+01
  ],
  ""type"": ""Point""
}","{
  ""coordinates"": [
    -83.103329239,
    42.348608636
  ],
  ""type"": ""Point""
}",-83.1033292389999,42.3486086360001
1204,9453211,HARPER,VAN DYKE,2015-12-09,9,12,2015,8,4,9,3,,4,0,,1,1,1,35,2,2,3,5,0,0,0,0,true,,false,false,false,true,true,,,,,,false,false,false,,,false,false,false,false,false,-83.0214,42.38799,"{
  ""coordinates"": [
    -8.302140352100000e+01,
    4.238799394400010e+01
  ],
  ""type"": ""Point""
}","{
  ""coordinates"": [
    -83.021403521,
    42.387993944
  ],
  ""type"": ""Point""
}",-83.021403521,42.3879939440001
1205,9455210,M39,PLYMOUTH,2015-12-09,9,12,2015,4,4,1,3,,1,1,,1,1,1,55,3,1,1,5,0,0,0,0,true,,false,false,false,false,false,,,,,,false,false,false,,,false,false,false,false,false,-83.21649,42.37019,"{
  ""coordinates"": [
    -8.321649178900000e+01,
    4.237019256200010e+01
  ],
  ""type"": ""Point""
}","{
  ""coordinates"": [
    -83.216491789,
    42.370192562
  ],
  ""type"": ""Point""
}",-83.216491789,42.3701925620001
1206,9455545,7 MILE,MACCRARY,2015-12-09,9,12,2015,18,4,1,9,,2,1,,1,2,4,30,4,1,0,5,0,0,0,0,true,,false,false,true,false,false,,,,,,false,false,false,,,false,false,false,false,false,-82.96983,42.43529,"{
  ""coordinates"": [
    -8.296982855399990e+01,
    4.243529144000010e+01
  ],
  ""type"": ""Point""
}","{
  ""coordinates"": [
    -82.969828554,
    42.43529144
  ],
  ""type"": ""Point""
}",-82.9698285539999,42.4352914400001
1207,9455292,I-94,GRATIOT,2015-12-09,9,12,2015,17,4,5,1,,1,0,,1,1,4,55,3,2,2,5,0,0,0,0,true,,false,false,false,false,false,,,,,,false,false,true,,,false,false,false,false,false,-83.00773,42.39098,"{
  ""coordinates"": [
    -8.300773040900000e+01,
    4.239098091400010e+01
  ],
  ""type"": ""Point""
}","{
  ""coordinates"": [
    -83.007730409,
    42.390980914
  ],
  ""type"": ""Point""
}",-83.007730409,42.3909809140001
1208,9455516,WOODWARD,FOREST,2015-12-09,9,12,2015,11,4,4,3,,1,0,,1,2,1,30,5,2,2,4,0,0,0,1,false,,false,false,false,false,false,,,,,,false,false,false,,,false,false,false,false,false,-83.06299,42.35474,"{
  ""coordinates"": [
    -8.306298565000000e+01,
    4.235474167500010e+01
  ],
  ""type"": ""Point""
}","{
  ""coordinates"": [
    -83.06298565,
    42.354741675
  ],
  ""type"": ""Point""
}",-83.06298565,42.3547416750001
1209,9637013,GRATIOT,VAN DYKE,2015-12-09,9,12,2015,8,4,9,3,,1,0,,1,1,1,35,6,2,1,5,0,0,0,0,true,,false,false,true,false,false,,,,,,false,false,false,,,false,false,false,false,false,-83.01468,42.37882,"{
  ""coordinates"": [
    -8.301467939699999e+01,
    4.237882128200000e+01
  ],
  ""type"": ""Point""
}","{
  ""coordinates"": [
    -83.014679397,
    42.378821282
  ],
  ""type"": ""Point""
}",-83.014679397,42.378821282
1210,9453229,MOUNT ELLIOTT,HARPER,2015-12-09,9,12,2015,8,4,5,9,,4,0,,1,2,1,30,4,2,2,5,0,0,0,0,true,,false,false,true,false,false,,,,,,false,false,false,,,false,false,false,false,false,-83.03415,42.37948,"{
  ""coordinates"": [
    -8.303414565799990e+01,
    4.237947947100000e+01
  ],
  ""type"": ""Point""
}","{
  ""coordinates"": [
    -83.034145658,
    42.379479471
  ],
  ""type"": ""Point""
}",-83.0341456579999,42.379479471
1211,9456493,7 MILE,HOOVER,2015-12-09,9,12,2015,19,4,5,3,,4,0,,1,1,3,25,2,2,6,5,0,0,0,0,true,,false,false,true,false,false,,,,,,false,false,false,,,false,false,false,false,false,-83.00468,42.43443,"{
  ""coordinates"": [
    -8.300468335200000e+01,
    4.243442493300010e+01
  ],
  ""type"": ""Point""
}","{
  ""coordinates"": [
    -83.004683352,
    42.434424933
  ],
  ""type"": ""Point""
}",-83.004683352,42.4344249330001
1212,9453217,FORD,WYOMING,2015-12-09,9,12,2015,12,4,3,1,,1,0,,1,1,1,25,2,2,2,5,0,0,0,0,true,,false,false,false,false,false,,,,,,false,true,false,,,false,false,false,false,false,-83.15436,42.32926,"{
  ""coordinates"": [
    -8.315435972400000e+01,
    4.232925727400000e+01
  ],
  ""type"": ""Point""
}","{
  ""coordinates"": [
    -83.154359724,
    42.329257274
  ],
  ""type"": ""Point""
}",-83.154359724,42.329257274
1213,9455624,VAN DYKE,CHARLEVOIX,2015-12-09,9,12,2015,19,4,5,9,,4,0,,1,1,4,25,1,2,4,4,0,0,0,2,false,,false,false,false,false,false,,,,,,false,false,false,,,false,false,false,false,false,-83.00275,42.36233,"{
  ""coordinates"": [
    -8.300274679599990e+01,
    4.236232654500000e+01
  ],
  ""type"": ""Point""
}","{
  ""coordinates"": [
    -83.002746796,
    42.362326545
  ],
  ""type"": ""Point""
}",-83.0027467959999,42.362326545
1214,9455553,CHRYSLER,MACK,2015-12-09,9,12,2015,6,4,9,1,,1,0,,1,1,1,35,2,2,2,5,0,0,0,0,true,,false,false,false,false,false,,,,,,false,true,false,,,false,false,false,false,false,-83.0478,42.35119,"{
  ""coordinates"": [
    -8.304779584399989e+01,
    4.235119046000010e+01
  ],
  ""type"": ""Point""
}","{
  ""coordinates"": [
    -83.047795844,
    42.35119046
  ],
  ""type"": ""Point""
}",-83.0477958439999,42.3511904600001
1215,9455643,LINWOOD,FENKELL,2015-12-09,9,12,2015,20,4,2,9,,4,0,,1,1,4,30,6,2,2,2,0,1,0,0,false,,false,false,false,false,false,,,,,,false,false,false,,,false,false,false,false,false,-83.12724,42.40299,"{
  ""coordinates"": [
    -8.312724213800000e+01,
    4.240299324000010e+01
  ],
  ""type"": ""Point""
}","{
  ""coordinates"": [
    -83.127242138,
    42.40299324
  ],
  ""type"": ""Point""
}",-83.127242138,42.4029932400001
1216,9591286,GARDEN,RANGOON,2015-12-09,9,12,2015,5,4,1,9,,,1,,1,1,4,25,3,1,2,3,0,0,1,0,false,,false,false,false,false,false,,,,,,false,false,false,,,false,false,false,false,false,-83.13899,42.35362,"{
  ""coordinates"": [
    -8.313899347900001e+01,
    4.235362089100000e+01
  ],
  ""type"": ""Point""
}","{
  ""coordinates"": [
    -83.138993479,
    42.353620891
  ],
  ""type"": ""Point""
}",-83.138993479,42.353620891
1217,9455526,CONGRESS,SHELBY,2015-12-09,9,12,2015,18,4,97,9,,4,0,,1,1,4,25,2,2,1,4,0,0,0,1,false,,false,false,false,false,false,,,,,,true,false,false,,,false,false,false,false,false,-83.04806,42.32923,"{
  ""coordinates"": [
    -8.304805802200001e+01,
    4.232922999000000e+01
  ],
  ""type"": ""Point""
}","{
  ""coordinates"": [
    -83.048058022,
    42.32922999
  ],
  ""type"": ""Point""
}",-83.048058022,42.32922999
1218,9469145,ALEXANDRINE,CASS,2015-12-09,9,12,2015,16,4,8,9,,4,0,,1,2,1,25,2,2,3,5,0,0,0,0,true,,false,false,false,false,false,,,,,,false,false,false,,,false,false,false,false,false,-83.06289,42.34943,"{
  ""coordinates"": [
    -8.306288798000000e+01,
    4.234943161500010e+01
  ],
  ""type"": ""Point""
}","{
  ""coordinates"": [
    -83.06288798,
    42.349431615
  ],
  ""type"": ""Point""
}",-83.06288798,42.3494316150001
1219,9455197,FENKELL,SAINT MARYS,2015-12-09,9,12,2015,2,4,4,9,,2,0,,1,2,4,30,2,2,2,2,0,1,0,1,false,,true,true,false,false,true,,,,,,false,false,false,,,false,false,false,false,false,-83.20644,42.40133,"{
  ""coordinates"": [
    -8.320643721200000e+01,
    4.240132871100010e+01
  ],
  ""type"": ""Point""
}","{
  ""coordinates"": [
    -83.206437212,
    42.401328711
  ],
  ""type"": ""Point""
}",-83.206437212,42.4013287110001
1220,9455681,WOODWARD,8 MILE SERVICE DRIVE,2015-12-09,9,12,2015,8,4,5,3,,1,0,,1,1,1,30,3,3,2,5,0,0,0,0,true,,false,false,false,false,false,,,,,,false,true,false,,,false,false,false,false,false,-83.12434,42.44549,"{
  ""coordinates"": [
    -8.312434126999990e+01,
    4.244549160600010e+01
  ],
  ""type"": ""Point""
}","{
  ""coordinates"": [
    -83.12434127,
    42.445491606
  ],
  ""type"": ""Point""
}",-83.1243412699999,42.4454916060001
1221,9455228,I 94 E/B,VAN DYKE,2015-12-09,9,12,2015,17,4,5,1,,1,0,,1,2,3,55,3,2,2,5,0,0,0,0,true,,false,false,false,false,false,,,,,,false,false,false,,,false,false,false,false,false,-83.01974,42.38627,"{
  ""coordinates"": [
    -8.301973819200001e+01,
    4.238626883900000e+01
  ],
  ""type"": ""Point""
}","{
  ""coordinates"": [
    -83.019738192,
    42.386268839
  ],
  ""type"": ""Point""
}",-83.019738192,42.386268839
1222,9455222,WB I-96,OUTER,2015-12-09,9,12,2015,17,4,5,1,,1,0,,1,2,4,70,3,2,2,5,0,0,0,0,true,,false,false,false,false,false,,,,,,false,false,false,,,false,false,false,false,false,-83.25422,42.38556,"{
  ""coordinates"": [
    -8.325421925500000e+01,
    4.238556333800010e+01
  ],
  ""type"": ""Point""
}","{
  ""coordinates"": [
    -83.254219255,
    42.385563338
  ],
  ""type"": ""Point""
}",-83.254219255,42.3855633380001
1223,9455259,RAMP 012A,SOUTHFIELD SERVICE DRIVE,2015-12-09,9,12,2015,11,4,5,3,,1,0,,1,1,1,55,1,2,3,5,0,0,0,0,true,,false,false,false,false,false,,,,,,false,false,false,,,false,false,false,false,false,-83.21953,42.44228,"{
  ""coordinates"": [
    -8.321952781800000e+01,
    4.244228173700000e+01
  ],
  ""type"": ""Point""
}","{
  ""coordinates"": [
    -83.219527818,
    42.442281737
  ],
  ""type"": ""Point""
}",-83.219527818,42.442281737
1224,9453221,N M 39,GRAND RIVER,2015-12-09,9,12,2015,19,4,97,3,,1,0,,1,2,3,35,2,2,2,5,0,0,0,0,true,,false,false,true,false,false,,,,,,false,false,true,,,false,false,false,false,false,-83.21819,42.40013,"{
  ""coordinates"": [
    -8.321818954000000e+01,
    4.240012981100010e+01
  ],
  ""type"": ""Point""
}","{
  ""coordinates"": [
    -83.21818954,
    42.400129811
  ],
  ""type"": ""Point""
}",-83.21818954,42.4001298110001
1225,9459436,PUTNAM,WOODWARD,2015-12-09,9,12,2015,16,4,97,3,,,0,,1,1,1,25,4,2,0,5,0,0,0,0,true,,false,false,true,false,false,,,,,,false,false,false,,,false,false,false,false,false,-83.06532,42.3578,"{
  ""coordinates"": [
    -8.306531926400000e+01,
    4.235779669600000e+01
  ],
  ""type"": ""Point""
}","{
  ""coordinates"": [
    -83.065319264,
    42.357796696
  ],
  ""type"": ""Point""
}",-83.065319264,42.357796696
1226,9453204,REDMOND,EASTWOOD,2015-12-09,9,12,2015,4,4,8,9,,,0,,1,1,4,25,1,3,2,5,0,0,0,0,true,,false,false,false,false,false,,,,,,false,false,false,,,false,false,false,false,false,-82.95572,42.43388,"{
  ""coordinates"": [
    -8.295571529599989e+01,
    4.243388057400010e+01
  ],
  ""type"": ""Point""
}","{
  ""coordinates"": [
    -82.955715296,
    42.433880574
  ],
  ""type"": ""Point""
}",-82.9557152959999,42.4338805740001
1227,9453235,MCNICHOLS,WARD,2015-12-09,9,12,2015,12,4,8,9,,2,0,,1,2,1,35,4,2,18,5,0,0,0,0,true,,false,false,false,false,false,,,,,,false,false,false,,,false,false,false,false,false,-83.17471,42.41662,"{
  ""coordinates"": [
    -8.317470483699999e+01,
    4.241662387700010e+01
  ],
  ""type"": ""Point""
}","{
  ""coordinates"": [
    -83.174704837,
    42.416623877
  ],
  ""type"": ""Point""
}",-83.174704837,42.4166238770001
1228,9455589,SECOND,GRAND RIVER,2015-12-09,9,12,2015,20,4,1,1,,4,0,,1,1,4,30,3,1,1,5,0,0,0,0,true,,false,false,false,false,false,,,,,,false,false,false,,,false,false,false,false,false,-83.05865,42.3372,"{
  ""coordinates"": [
    -8.305865666100000e+01,
    4.233720101400010e+01
  ],
  ""type"": ""Point""
}","{
  ""coordinates"": [
    -83.058656661,
    42.337201014
  ],
  ""type"": ""Point""
}",-83.058656661,42.3372010140001
1229,9455581,JEFFRIES SERVICE,WYOMING,2015-12-09,9,12,2015,12,4,5,1,,1,0,,1,2,1,30,3,2,2,5,0,0,0,0,true,,false,false,true,false,false,,,,,,false,true,false,,,false,false,false,false,false,-83.15893,42.38542,"{
  ""coordinates"": [
    -8.315893153899999e+01,
    4.238542105500010e+01
  ],
  ""type"": ""Point""
}","{
  ""coordinates"": [
    -83.158931539,
    42.385421055
  ],
  ""type"": ""Point""
}",-83.158931539,42.3854210550001
1230,9453214,N M 39,SCHOOLCRAFT,2015-12-09,9,12,2015,16,4,5,3,,1,0,,1,1,1,35,2,2,2,5,0,0,0,0,true,,false,false,false,false,false,,,,,,false,false,false,,,false,false,false,false,false,-83.21754,42.38675,"{
  ""coordinates"": [
    -8.321754370600000e+01,
    4.238675386400010e+01
  ],
  ""type"": ""Point""
}","{
  ""coordinates"": [
    -83.217543706,
    42.386753864
  ],
  ""type"": ""Point""
}",-83.217543706,42.3867538640001
1231,9463289,WESTPHALIA,COLLINGHAM,2015-12-09,9,12,2015,17,4,4,9,,,0,,1,1,1,25,2,2,1,5,0,0,0,0,true,,false,false,true,false,true,,,,,,false,false,false,,,false,false,false,false,false,-82.9929,42.44765,"{
  ""coordinates"": [
    -8.299289902700001e+01,
    4.244764849800000e+01
  ],
  ""type"": ""Point""
}","{
  ""coordinates"": [
    -82.992899027,
    42.447648498
  ],
  ""type"": ""Point""
}",-82.992899027,42.447648498
1232,9455554,DIX,CENTRAL,2015-12-09,9,12,2015,11,4,97,9,,4,0,,1,1,1,30,3,2,1,5,0,0,0,0,true,,false,false,false,false,false,,,,,,false,false,false,,,false,false,false,false,false,-83.12762,42.31716,"{
  ""coordinates"": [
    -8.312761386200000e+01,
    4.231715895900000e+01
  ],
  ""type"": ""Point""
}","{
  ""coordinates"": [
    -83.127613862,
    42.317158959
  ],
  ""type"": ""Point""
}",-83.127613862,42.317158959
1233,9455515,JOHNR,FARNSWORTH,2015-12-09,9,12,2015,10,4,4,9,,4,0,,1,2,1,30,5,2,3,5,0,0,0,0,true,,false,false,false,false,false,,,,,,false,false,true,,,false,false,false,false,false,-83.06314,42.3592,"{
  ""coordinates"": [
    -8.306313802299999e+01,
    4.235920087500010e+01
  ],
  ""type"": ""Point""
}","{
  ""coordinates"": [
    -83.063138023,
    42.359200875
  ],
  ""type"": ""Point""
}",-83.063138023,42.3592008750001
1234,9453209,LIVERNOIS,NORFOLK,2015-12-09,9,12,2015,18,4,5,9,,4,0,,1,1,4,30,3,2,3,4,0,0,0,2,false,,false,false,false,false,false,,,,,,false,true,false,,,false,false,false,false,false,-83.14182,42.44377,"{
  ""coordinates"": [
    -8.314181177599990e+01,
    4.244376592900010e+01
  ],
  ""type"": ""Point""
}","{
  ""coordinates"": [
    -83.141811776,
    42.443765929
  ],
  ""type"": ""Point""
}",-83.1418117759999,42.4437659290001
1235,9605914,MADISON,ST.ANTOINE,2015-12-09,9,12,2015,17,4,5,1,,1,0,,1,1,4,30,4,2,2,4,0,0,0,1,false,,false,false,false,false,false,,,,,,false,false,true,,,false,false,false,false,false,-83.043,42.33867,"{
  ""coordinates"": [
    -8.304299562400000e+01,
    4.233866394900010e+01
  ],
  ""type"": ""Point""
}","{
  ""coordinates"": [
    -83.042995624,
    42.338663949
  ],
  ""type"": ""Point""
}",-83.042995624,42.3386639490001
1236,9455512,VERNOR,MOUNT ELLIOTT,2015-12-09,9,12,2015,16,4,8,9,,4,0,,1,1,1,30,2,2,2,4,0,0,0,1,false,,false,false,false,false,false,,,,,,false,true,false,,,false,false,false,false,false,-83.0178,42.3549,"{
  ""coordinates"": [
    -8.301780121600000e+01,
    4.235490277600010e+01
  ],
  ""type"": ""Point""
}","{
  ""coordinates"": [
    -83.017801216,
    42.354902776
  ],
  ""type"": ""Point""
}",-83.017801216,42.3549027760001
1237,9455258,S M 39,RAMP 008F,2015-12-09,9,12,2015,6,4,1,3,,1,0,,2,1,1,55,3,1,3,5,0,0,0,0,true,,false,false,false,false,false,,,,,,false,false,false,,,false,false,false,false,false,-83.21712,42.37891,"{
  ""coordinates"": [
    -8.321711909299999e+01,
    4.237890541800000e+01
  ],
  ""type"": ""Point""
}","{
  ""coordinates"": [
    -83.217119093,
    42.378905418
  ],
  ""type"": ""Point""
}",-83.217119093,42.378905418
1238,9597364,LODGE SERVICE,KIRBY,2015-12-09,9,12,2015,8,4,5,9,,4,0,,1,1,1,25,3,2,3,5,0,0,0,0,true,,false,false,false,false,false,,,,,,false,true,true,,,false,false,false,false,false,-83.07572,42.35665,"{
  ""coordinates"": [
    -8.307572148400000e+01,
    4.235664755400010e+01
  ],
  ""type"": ""Point""
}","{
  ""coordinates"": [
    -83.075721484,
    42.356647554
  ],
  ""type"": ""Point""
}",-83.075721484,42.3566475540001
1239,9459393,OAKMAN,CLOVERDALE,2015-12-09,9,12,2015,2,4,1,9,,4,1,,1,1,3,25,2,1,0,5,0,0,0,0,true,,false,false,false,false,false,,,,,,false,false,false,,,false,false,false,false,false,-83.15131,42.3677,"{
  ""coordinates"": [
    -8.315131488500001e+01,
    4.236769881600000e+01
  ],
  ""type"": ""Point""
}","{
  ""coordinates"": [
    -83.151314885,
    42.367698816
  ],
  ""type"": ""Point""
}",-83.151314885,42.367698816
1240,9455519,MOUND,MCNICHOLS,2015-12-09,9,12,2015,16,4,97,9,,2,0,,1,1,3,30,4,2,2,5,0,0,0,0,true,,false,false,true,false,false,,,,,,false,false,false,,,false,false,false,false,false,-83.0425,42.41962,"{
  ""coordinates"": [
    -8.304250399499990e+01,
    4.241962576100010e+01
  ],
  ""type"": ""Point""
}","{
  ""coordinates"": [
    -83.042503995,
    42.419625761
  ],
  ""type"": ""Point""
}",-83.0425039949999,42.4196257610001
1241,9455220,SB M-39,SCHOOLCRAFT,2015-12-09,9,12,2015,7,4,5,3,,1,0,,1,1,4,55,3,2,2,5,0,0,0,0,true,,false,false,false,false,false,,,,,,false,false,false,,,false,false,false,false,false,-83.21777,42.38816,"{
  ""coordinates"": [
    -8.321777516000000e+01,
    4.238815691900000e+01
  ],
  ""type"": ""Point""
}","{
  ""coordinates"": [
    -83.21777516,
    42.388156919
  ],
  ""type"": ""Point""
}",-83.21777516,42.388156919
1242,9462233,WARREN,FORRER,2015-12-09,9,12,2015,13,4,8,9,,2,0,,1,2,1,35,6,2,3,4,0,0,0,1,false,,false,false,true,false,false,,,,,,false,false,false,,,false,false,false,false,false,-83.19982,42.34362,"{
  ""coordinates"": [
    -8.319982121500000e+01,
    4.234361785400010e+01
  ],
  ""type"": ""Point""
}","{
  ""coordinates"": [
    -83.199821215,
    42.343617854
  ],
  ""type"": ""Point""
}",-83.199821215,42.3436178540001
1243,9455203,HOOVER,SEVEN MILE,2015-12-09,9,12,2015,17,4,4,3,,1,0,,1,1,3,40,5,4,5,5,0,0,0,0,true,,false,false,false,false,true,,,,,,false,true,false,,,false,false,false,false,false,-83.00467,42.43422,"{
  ""coordinates"": [
    -8.300467200400000e+01,
    4.243422179600000e+01
  ],
  ""type"": ""Point""
}","{
  ""coordinates"": [
    -83.004672004,
    42.434221796
  ],
  ""type"": ""Point""
}",-83.004672004,42.434221796
1244,9453205,8 MILE,SCHAEFER,2015-12-09,9,12,2015,8,4,5,3,,1,0,,1,1,1,40,4,2,2,4,0,0,0,2,false,,false,false,false,false,false,,,,,,false,false,true,,,false,false,false,false,false,-83.18062,42.4452,"{
  ""coordinates"": [
    -8.318061698100000e+01,
    4.244519761200010e+01
  ],
  ""type"": ""Point""
}","{
  ""coordinates"": [
    -83.180616981,
    42.445197612
  ],
  ""type"": ""Point""
}",-83.180616981,42.4451976120001
1245,9455631,GRANDVIEW,NORFOLK,2015-12-09,9,12,2015,10,4,4,9,,,0,,1,1,1,25,1,2,2,5,0,0,0,0,true,,true,false,true,false,false,,,,,,false,false,false,,,false,false,false,false,false,-83.28525,42.43958,"{
  ""coordinates"": [
    -8.328524621100000e+01,
    4.243958391200000e+01
  ],
  ""type"": ""Point""
}","{
  ""coordinates"": [
    -83.285246211,
    42.439583912
  ],
  ""type"": ""Point""
}",-83.285246211,42.439583912
1246,9455582,CHICAGO,ROBSON,2015-12-09,9,12,2015,17,4,1,9,,4,0,,1,2,4,35,5,3,1,2,0,1,1,0,false,,false,false,false,false,false,,,,,,true,true,false,,,false,false,false,false,false,-83.1922,42.36547,"{
  ""coordinates"": [
    -8.319220182700001e+01,
    4.236547398900010e+01
  ],
  ""type"": ""Point""
}","{
  ""coordinates"": [
    -83.192201827,
    42.365473989
  ],
  ""type"": ""Point""
}",-83.192201827,42.3654739890001
1247,9455218,E/B I-96,M-39,2015-12-08,8,12,2015,12,3,8,1,,1,0,,1,2,1,55,3,2,1,4,0,0,0,1,false,,false,false,true,false,false,,,,,,false,false,false,,,false,false,false,false,false,-83.21905,42.37856,"{
  ""coordinates"": [
    -8.321904499599999e+01,
    4.237856456500000e+01
  ],
  ""type"": ""Point""
}","{
  ""coordinates"": [
    -83.219044996,
    42.378564565
  ],
  ""type"": ""Point""
}",-83.219044996,42.378564565
1248,9451849,GRATIOT,RAMP 219C,2015-12-08,8,12,2015,10,3,5,3,,1,0,,2,2,1,35,6,2,2,5,0,0,0,0,true,,false,false,false,false,false,,,,,,false,true,true,,,false,false,false,false,false,-83.00613,42.39175,"{
  ""coordinates"": [
    -8.300613177699999e+01,
    4.239174912700000e+01
  ],
  ""type"": ""Point""
}","{
  ""coordinates"": [
    -83.006131777,
    42.391749127
  ],
  ""type"": ""Point""
}",-83.006131777,42.391749127
1249,9455196,E I 96,GRAND RIVER,2015-12-08,8,12,2015,22,3,1,1,,1,1,,3,1,4,70,4,1,1,3,0,0,1,0,false,,false,false,false,false,false,,,,,,false,false,false,,,false,false,false,false,false,-83.17613,42.38363,"{
  ""coordinates"": [
    -8.317613509900001e+01,
    4.238362632600010e+01
  ],
  ""type"": ""Point""
}","{
  ""coordinates"": [
    -83.176135099,
    42.383626326
  ],
  ""type"": ""Point""
}",-83.176135099,42.3836263260001
1250,9451848,GREENFIELD,DAVISON,2015-12-08,8,12,2015,12,3,5,9,,2,0,,1,2,1,35,4,2,2,5,0,0,0,0,true,,false,false,false,false,false,,,,,,false,false,false,,,false,false,false,false,false,-83.19804,42.3848,"{
  ""coordinates"": [
    -8.319804237699999e+01,
    4.238480388500010e+01
  ],
  ""type"": ""Point""
}","{
  ""coordinates"": [
    -83.198042377,
    42.384803885
  ],
  ""type"": ""Point""
}",-83.198042377,42.3848038850001
1251,9467540,MACK,MOROSS,2015-12-08,8,12,2015,18,3,3,9,,2,0,,1,2,4,35,4,2,3,5,0,0,0,0,true,,false,false,false,false,false,,,,,,false,false,false,,,false,false,false,false,false,-82.9108,42.41699,"{
  ""coordinates"": [
    -8.291079437199990e+01,
    4.241698667000000e+01
  ],
  ""type"": ""Point""
}","{
  ""coordinates"": [
    -82.910794372,
    42.41698667
  ],
  ""type"": ""Point""
}",-82.9107943719999,42.41698667
1252,9463416,SOUTHFIELD SERVICE,SAWYER,2015-12-08,8,12,2015,7,3,8,9,,4,0,,1,1,1,30,2,2,1,5,0,0,0,0,true,,false,false,true,false,false,,,,,,false,false,true,,,false,false,false,false,false,-83.21664,42.34704,"{
  ""coordinates"": [
    -8.321663469000001e+01,
    4.234703928700000e+01
  ],
  ""type"": ""Point""
}","{
  ""coordinates"": [
    -83.21663469,
    42.347039287
  ],
  ""type"": ""Point""
}",-83.21663469,42.347039287
1253,9455219,N M 10,MILWAUKEE,2015-12-08,8,12,2015,16,3,5,3,,1,0,,1,2,1,55,3,2,2,5,0,0,0,0,true,,false,false,false,false,false,,,,,,false,false,false,,,false,false,false,false,false,-83.08076,42.36582,"{
  ""coordinates"": [
    -8.308076110800000e+01,
    4.236581823400010e+01
  ],
  ""type"": ""Point""
}","{
  ""coordinates"": [
    -83.080761108,
    42.365818234
  ],
  ""type"": ""Point""
}",-83.080761108,42.3658182340001
1254,9455601,MCGRAW,TRENTON,2015-12-08,8,12,2015,14,3,5,9,,4,0,,1,1,1,35,5,2,4,5,0,0,0,0,true,,false,false,true,false,false,,,,,,false,false,true,,,false,false,false,false,false,-83.14906,42.33215,"{
  ""coordinates"": [
    -8.314905435400000e+01,
    4.233215369100000e+01
  ],
  ""type"": ""Point""
}","{
  ""coordinates"": [
    -83.149054354,
    42.332153691
  ],
  ""type"": ""Point""
}",-83.149054354,42.332153691
1255,9453212,I 96 SERVICE,GRAND,2015-12-08,8,12,2015,7,3,8,9,,4,0,,2,1,4,35,3,2,2,5,0,0,0,0,true,,false,false,true,false,false,,,,,,false,false,false,,,false,false,false,false,false,-83.09104,42.33591,"{
  ""coordinates"": [
    -8.309103985400000e+01,
    4.233591052500000e+01
  ],
  ""type"": ""Point""
}","{
  ""coordinates"": [
    -83.091039854,
    42.335910525
  ],
  ""type"": ""Point""
}",-83.091039854,42.335910525