ObjectId,Crash ID,Primary Road,Intersecting Road,Crash Date,Day,Month,Year,Hour,Weekday,Crash Type Code,Highway Classification Code,Community Code,Jurisdiction Code,Lane Departure Type Code,Surface Type,Road Condition,Weather Condition,Lighting Condition,Speed Limit,Lanes,Units,Occupants,Most Severe Injury,Fatal Injuries,Suspected Serious Injuries,Suspected Minor Injuries,Possible Injuries,Property Damage Only,Secondary Crash,Traffic Control,Red Light Run,Hit and Run,Alcohol,Drugs,Unbelted Person,Work Zone,Speeding Driver,Distracted Driver,Driveway,Pedestrian,Elderly Driver,Young Driver,Commercial Vehicle,Emergency Vehicles,Train,School Bus,Motorcycle,Bicycle,Deer,Longitude,Latitude,geom,geog,x,y
1256,9451858,JUNCTION,KONKEL,2015-12-08,8,12,2015,8,3,5,9,,4,0,,2,1,1,35,2,2,1,5,0,0,0,0,true,,false,false,true,false,false,,,,,,false,false,true,,,false,false,false,false,false,-83.10872,42.32736,"{
  ""coordinates"": [
    -8.310871684200001e+01,
    4.232736240400000e+01
  ],
  ""type"": ""Point""
}","{
  ""coordinates"": [
    -83.108716842,
    42.327362404
  ],
  ""type"": ""Point""
}",-83.108716842,42.327362404
1257,9455585,GRAND,TOLEDO,2015-12-08,8,12,2015,13,3,1,9,,4,0,,1,1,1,30,2,1,3,5,0,0,0,0,true,,false,false,false,false,false,,,,,,false,false,false,,,false,false,false,false,false,-83.09142,42.32585,"{
  ""coordinates"": [
    -8.309142644799989e+01,
    4.232584787100010e+01
  ],
  ""type"": ""Point""
}","{
  ""coordinates"": [
    -83.091426448,
    42.325847871
  ],
  ""type"": ""Point""
}",-83.0914264479999,42.3258478710001
1258,9601783,TELEGRAPH,GROVE,2015-12-08,8,12,2015,8,3,97,2,,1,0,,1,2,1,45,4,2,3,2,0,1,0,2,false,,false,false,false,false,true,,,,,,false,false,false,,,false,false,false,false,false,-83.2773,42.41245,"{
  ""coordinates"": [
    -8.327729622800000e+01,
    4.241244754900000e+01
  ],
  ""type"": ""Point""
}","{
  ""coordinates"": [
    -83.277296228,
    42.412447549
  ],
  ""type"": ""Point""
}",-83.277296228,42.412447549
1259,9455532,JEFFERSON,N I 375,2015-12-08,8,12,2015,20,3,1,4,,1,1,,1,2,4,25,2,1,1,5,0,0,0,0,true,,false,false,false,true,false,,,,,,false,false,false,,,false,false,false,false,false,-83.03903,42.33084,"{
  ""coordinates"": [
    -8.303903213200000e+01,
    4.233084391600000e+01
  ],
  ""type"": ""Point""
}","{
  ""coordinates"": [
    -83.039032132,
    42.330843916
  ],
  ""type"": ""Point""
}",-83.039032132,42.330843916
1260,9453225,HAMILTON,CHICAGO,2015-12-08,8,12,2015,8,3,4,9,,4,0,,1,2,1,35,6,2,2,5,0,0,0,0,true,,false,false,false,false,false,,,,,,false,false,false,,,false,false,false,false,false,-83.09318,42.38318,"{
  ""coordinates"": [
    -8.309317540500000e+01,
    4.238317749100000e+01
  ],
  ""type"": ""Point""
}","{
  ""coordinates"": [
    -83.093175405,
    42.383177491
  ],
  ""type"": ""Point""
}",-83.093175405,42.383177491
1261,9451841,LAFAYETTE,CASS,2015-12-08,8,12,2015,8,3,8,9,,4,0,,1,1,1,25,2,2,2,5,0,0,0,0,true,,false,false,false,false,false,,,,,,false,false,false,,,false,false,false,false,false,-83.02471,42.34129,"{
  ""coordinates"": [
    -8.302471121699990e+01,
    4.234129298700000e+01
  ],
  ""type"": ""Point""
}","{
  ""coordinates"": [
    -83.024711217,
    42.341292987
  ],
  ""type"": ""Point""
}",-83.0247112169999,42.341292987
1262,9451905,PALMER,CASS,2015-12-08,8,12,2015,10,3,97,9,,4,0,,1,1,1,15,3,2,2,5,0,0,0,0,true,,false,false,false,false,false,,,,,,false,false,true,,,false,false,false,false,false,-83.06958,42.36142,"{
  ""coordinates"": [
    -8.306958207100000e+01,
    4.236142435100000e+01
  ],
  ""type"": ""Point""
}","{
  ""coordinates"": [
    -83.069582071,
    42.361424351
  ],
  ""type"": ""Point""
}",-83.069582071,42.361424351
1263,9451867,JEFFERSON,RANDOLPH,2015-12-08,8,12,2015,8,3,8,4,,1,0,,1,3,1,35,4,2,2,5,0,0,0,0,true,,false,false,false,false,false,,,,,,false,false,false,,,false,false,false,false,false,-83.04137,42.32986,"{
  ""coordinates"": [
    -8.304136724599989e+01,
    4.232985816700010e+01
  ],
  ""type"": ""Point""
}","{
  ""coordinates"": [
    -83.041367246,
    42.329858167
  ],
  ""type"": ""Point""
}",-83.0413672459999,42.3298581670001
1264,9597316,N M 39,RAMP 009A,2015-12-08,8,12,2015,19,3,5,3,,1,0,,1,3,4,55,6,2,3,4,0,0,0,1,false,,false,false,true,false,false,,,,,,false,false,false,,,false,false,false,false,false,-83.21805,42.3972,"{
  ""coordinates"": [
    -8.321804879500000e+01,
    4.239719900500010e+01
  ],
  ""type"": ""Point""
}","{
  ""coordinates"": [
    -83.218048795,
    42.397199005
  ],
  ""type"": ""Point""
}",-83.218048795,42.3971990050001
1265,9453215,OUTER,CAMBRIDGE,2015-12-08,8,12,2015,18,3,4,9,,2,0,,1,1,5,25,2,2,2,5,0,0,0,0,true,,false,false,false,false,false,,,,,,false,false,false,,,false,false,false,false,false,-83.17554,42.43282,"{
  ""coordinates"": [
    -8.317553487399989e+01,
    4.243281626500000e+01
  ],
  ""type"": ""Point""
}","{
  ""coordinates"": [
    -83.175534874,
    42.432816265
  ],
  ""type"": ""Point""
}",-83.1755348739999,42.432816265
1266,9670166,WOODWARD,PALMER,2015-12-08,8,12,2015,9,3,8,0,,1,0,,2,2,1,35,2,2,2,5,0,0,0,0,true,,false,false,true,false,false,,,,,,false,true,false,,,false,false,false,false,false,-83.06783,42.36217,"{
  ""coordinates"": [
    -8.306782693000000e+01,
    4.236217502700000e+01
  ],
  ""type"": ""Point""
}","{
  ""coordinates"": [
    -83.06782693,
    42.362175027
  ],
  ""type"": ""Point""
}",-83.06782693,42.362175027
1267,9453230,GRATIOT,EASTBURN,2015-12-08,8,12,2015,15,3,6,3,,1,0,,1,2,1,35,7,2,1,5,0,0,0,0,true,,false,false,true,false,false,,,,,,false,false,false,,,false,false,false,false,false,-82.97094,42.44531,"{
  ""coordinates"": [
    -8.297094241100000e+01,
    4.244530803000000e+01
  ],
  ""type"": ""Point""
}","{
  ""coordinates"": [
    -82.970942411,
    42.44530803
  ],
  ""type"": ""Point""
}",-82.970942411,42.44530803
1268,9453237,MCNICHOLS,COYLE,2015-12-08,8,12,2015,15,3,5,9,,2,0,,1,2,1,35,4,3,5,3,0,0,1,2,false,,false,false,false,false,false,,,,,,false,false,false,,,false,false,false,false,false,-83.19444,42.41621,"{
  ""coordinates"": [
    -8.319443847600000e+01,
    4.241621245300010e+01
  ],
  ""type"": ""Point""
}","{
  ""coordinates"": [
    -83.194438476,
    42.416212453
  ],
  ""type"": ""Point""
}",-83.194438476,42.4162124530001
1269,9451838,N M 39,JOY,2015-12-08,8,12,2015,18,3,5,3,,1,0,,1,1,4,55,3,2,2,5,0,0,0,0,true,,false,false,false,false,false,,,,,,false,false,false,,,false,false,false,false,false,-83.21636,42.3573,"{
  ""coordinates"": [
    -8.321636277700000e+01,
    4.235729665100010e+01
  ],
  ""type"": ""Point""
}","{
  ""coordinates"": [
    -83.216362777,
    42.357296651
  ],
  ""type"": ""Point""
}",-83.216362777,42.3572966510001
1270,9455546,BEAUBIEN,CONGRESS,2015-12-08,8,12,2015,0,3,1,9,,4,0,,1,3,2,30,3,1,1,5,0,0,0,0,true,,false,false,true,false,false,,,,,,false,false,false,,,false,false,false,false,false,-83.04079,42.33236,"{
  ""coordinates"": [
    -8.304079006400001e+01,
    4.233235740400000e+01
  ],
  ""type"": ""Point""
}","{
  ""coordinates"": [
    -83.040790064,
    42.332357404
  ],
  ""type"": ""Point""
}",-83.040790064,42.332357404
1271,9451916,MARTIN LUTHER KIND JR,LODGE SERVICE,2015-12-08,8,12,2015,16,3,4,9,,4,0,,1,2,1,25,3,2,3,4,0,0,0,2,false,,true,true,false,false,false,,,,,,false,false,false,,,false,false,false,false,false,-83.06776,42.34346,"{
  ""coordinates"": [
    -8.306775287700000e+01,
    4.234346097200010e+01
  ],
  ""type"": ""Point""
}","{
  ""coordinates"": [
    -83.067752877,
    42.343460972
  ],
  ""type"": ""Point""
}",-83.067752877,42.3434609720001
1272,9603598,ST MARYS,FENKELL,2015-12-08,8,12,2015,2,3,4,9,,4,0,,2,3,1,25,4,2,0,5,0,0,0,0,true,,false,false,true,false,false,,,,,,false,false,false,,,false,false,false,false,false,-83.20659,42.40077,"{
  ""coordinates"": [
    -8.320658759199991e+01,
    4.240077114600010e+01
  ],
  ""type"": ""Point""
}","{
  ""coordinates"": [
    -83.206587592,
    42.400771146
  ],
  ""type"": ""Point""
}",-83.2065875919999,42.4007711460001
1273,9455195,E I 96,GRAND RIVER,2015-12-08,8,12,2015,22,3,5,1,,1,0,,3,1,4,70,4,2,2,5,0,0,0,0,true,,false,false,false,false,false,,,,,,false,false,false,,,false,false,false,false,false,-83.17636,42.38358,"{
  ""coordinates"": [
    -8.317636156600000e+01,
    4.238357693000010e+01
  ],
  ""type"": ""Point""
}","{
  ""coordinates"": [
    -83.176361566,
    42.38357693
  ],
  ""type"": ""Point""
}",-83.176361566,42.3835769300001
1274,9453233,SCHOOLCRAFT,CHERRYLAWN,2015-12-08,8,12,2015,20,3,97,9,,4,0,,1,1,4,25,3,2,1,4,0,0,0,1,false,,false,false,true,false,false,,,,,,true,false,false,,,false,false,false,false,false,-83.15408,42.3886,"{
  ""coordinates"": [
    -8.315408330000000e+01,
    4.238860016000010e+01
  ],
  ""type"": ""Point""
}","{
  ""coordinates"": [
    -83.1540833,
    42.38860016
  ],
  ""type"": ""Point""
}",-83.1540833,42.3886001600001
1275,9451890,DAVISON,LINWOOD,2015-12-08,8,12,2015,17,3,97,3,,1,0,,1,2,1,35,5,2,2,5,0,0,0,0,true,,false,false,true,false,false,,,,,,false,false,false,,,false,false,false,false,false,-83.12136,42.39326,"{
  ""coordinates"": [
    -8.312135898000000e+01,
    4.239326346100010e+01
  ],
  ""type"": ""Point""
}","{
  ""coordinates"": [
    -83.12135898,
    42.393263461
  ],
  ""type"": ""Point""
}",-83.12135898,42.3932634610001
1276,9455255,M-39,FENKELL,2015-12-08,8,12,2015,7,3,1,3,,1,1,,2,4,4,55,3,1,1,5,0,0,0,0,true,,false,false,false,false,false,,,,,,false,false,false,,,false,false,false,false,false,-83.21836,42.39967,"{
  ""coordinates"": [
    -8.321836057199990e+01,
    4.239966767900010e+01
  ],
  ""type"": ""Point""
}","{
  ""coordinates"": [
    -83.218360572,
    42.399667679
  ],
  ""type"": ""Point""
}",-83.2183605719999,42.3996676790001
1277,9455552,CAMPBELL,TOLEDO,2015-12-08,8,12,2015,14,3,9,9,,,2,,1,1,1,25,2,2,2,5,0,0,0,0,true,,false,false,true,false,false,,,,,,false,false,false,,,false,false,false,false,false,-83.106,42.32013,"{
  ""coordinates"": [
    -8.310600124199991e+01,
    4.232012867900000e+01
  ],
  ""type"": ""Point""
}","{
  ""coordinates"": [
    -83.106001242,
    42.320128679
  ],
  ""type"": ""Point""
}",-83.1060012419999,42.320128679
1278,9455207,RAMP 008P,E I 96 CD,2015-12-08,8,12,2015,18,3,5,1,,1,0,,1,1,4,55,1,2,4,5,0,0,0,0,true,,false,false,false,false,false,,,,,,false,false,true,,,false,false,false,false,false,-83.21709,42.3785,"{
  ""coordinates"": [
    -8.321709627400000e+01,
    4.237849834100010e+01
  ],
  ""type"": ""Point""
}","{
  ""coordinates"": [
    -83.217096274,
    42.378498341
  ],
  ""type"": ""Point""
}",-83.217096274,42.3784983410001
1279,9453208,GREENVIEW,GROVE,2015-12-08,8,12,2015,18,3,4,9,,,0,,1,1,1,25,2,2,3,5,0,0,0,0,true,,false,false,true,false,false,,,,,,false,true,false,,,false,false,false,false,false,-83.22422,42.41363,"{
  ""coordinates"": [
    -8.322422015799999e+01,
    4.241362992600010e+01
  ],
  ""type"": ""Point""
}","{
  ""coordinates"": [
    -83.224220158,
    42.413629926
  ],
  ""type"": ""Point""
}",-83.224220158,42.4136299260001
1280,9604915,GREENVIEW,PEMBROKE,2015-12-08,8,12,2015,23,3,5,9,,,0,,1,1,5,0,2,2,1,5,0,0,0,0,true,,false,false,true,false,false,,,,,,false,false,false,,,false,false,false,false,false,-83.22558,42.43683,"{
  ""coordinates"": [
    -8.322557555799990e+01,
    4.243683315600000e+01
  ],
  ""type"": ""Point""
}","{
  ""coordinates"": [
    -83.225575558,
    42.436833156
  ],
  ""type"": ""Point""
}",-83.2255755579999,42.436833156
1281,9455606,I-94,LIVERNOIS,2015-12-08,8,12,2015,17,3,5,1,,1,0,,1,1,4,55,4,2,2,5,0,0,0,0,true,,false,false,false,false,false,,,,,,false,false,false,,,false,false,false,false,false,-83.12412,42.33776,"{
  ""coordinates"": [
    -8.312412052500000e+01,
    4.233776238000010e+01
  ],
  ""type"": ""Point""
}","{
  ""coordinates"": [
    -83.124120525,
    42.33776238
  ],
  ""type"": ""Point""
}",-83.124120525,42.3377623800001
1282,9469098,ORANGELAWN,LAUDER,2015-12-08,8,12,2015,15,3,97,9,,,0,,1,1,1,25,2,2,2,5,0,0,0,0,true,,false,false,true,false,false,,,,,,false,false,false,,,false,false,false,false,false,-83.18993,42.36801,"{
  ""coordinates"": [
    -8.318992489100000e+01,
    4.236801182100000e+01
  ],
  ""type"": ""Point""
}","{
  ""coordinates"": [
    -83.189924891,
    42.368011821
  ],
  ""type"": ""Point""
}",-83.189924891,42.368011821
1283,9455225,I-75,7 MILE,2015-12-08,8,12,2015,18,3,5,1,,1,0,,1,2,4,70,4,2,3,5,0,0,0,0,true,,false,false,false,false,false,,,,,,false,false,false,,,false,false,false,false,false,-83.09502,42.43453,"{
  ""coordinates"": [
    -8.309501734799990e+01,
    4.243453303700010e+01
  ],
  ""type"": ""Point""
}","{
  ""coordinates"": [
    -83.095017348,
    42.434533037
  ],
  ""type"": ""Point""
}",-83.0950173479999,42.4345330370001
1284,9453213,WILSHIRE,QUEEN,2015-12-08,8,12,2015,2,3,1,9,,,0,,2,3,4,25,1,1,2,2,0,1,0,0,false,,false,false,false,false,false,,,,,,false,false,false,,,false,false,false,false,false,-82.96687,42.41299,"{
  ""coordinates"": [
    -8.296686443899991e+01,
    4.241298728300010e+01
  ],
  ""type"": ""Point""
}","{
  ""coordinates"": [
    -82.966864439,
    42.412987283
  ],
  ""type"": ""Point""
}",-82.9668644389999,42.4129872830001
1285,9451851,GRATIOT,FOREST,2015-12-08,8,12,2015,8,3,5,3,,1,0,,2,1,1,35,3,3,4,4,0,0,0,1,false,,false,false,false,false,false,,,,,,false,false,false,,,false,false,false,false,false,-83.02013,42.3706,"{
  ""coordinates"": [
    -8.302012490500000e+01,
    4.237059895800010e+01
  ],
  ""type"": ""Point""
}","{
  ""coordinates"": [
    -83.020124905,
    42.370598958
  ],
  ""type"": ""Point""
}",-83.020124905,42.3705989580001
1286,9451894,PURITAN,LINDSAY,2015-12-08,8,12,2015,9,3,4,9,,4,0,,1,2,1,30,2,2,2,5,0,0,0,0,true,,true,false,true,false,false,,,,,,false,false,false,,,false,false,false,false,false,-83.213,42.40844,"{
  ""coordinates"": [
    -8.321300091200000e+01,
    4.240844471700010e+01
  ],
  ""type"": ""Point""
}","{
  ""coordinates"": [
    -83.213000912,
    42.408444717
  ],
  ""type"": ""Point""
}",-83.213000912,42.4084447170001
1287,9455208,M-10,FOREST,2015-12-08,8,12,2015,19,3,8,3,,1,0,,1,1,4,55,3,2,2,5,0,0,0,0,true,,false,false,false,false,false,,,,,,false,false,false,,,false,false,false,false,false,-83.07213,42.3513,"{
  ""coordinates"": [
    -8.307213099599990e+01,
    4.235129873200000e+01
  ],
  ""type"": ""Point""
}","{
  ""coordinates"": [
    -83.072130996,
    42.351298732
  ],
  ""type"": ""Point""
}",-83.0721309959999,42.351298732
1288,9455247,E I 96,E I 96 CD,2015-12-08,8,12,2015,1,3,8,1,,1,0,,2,3,4,70,3,2,2,5,0,0,0,0,true,,false,false,false,false,false,,,,,,false,false,true,,,false,false,false,false,false,-83.25456,42.3854,"{
  ""coordinates"": [
    -8.325456121400001e+01,
    4.238539724400000e+01
  ],
  ""type"": ""Point""
}","{
  ""coordinates"": [
    -83.254561214,
    42.385397244
  ],
  ""type"": ""Point""
}",-83.254561214,42.385397244
1289,9455630,GRANDRIVER,WORMER,2015-12-08,8,12,2015,16,3,4,3,,1,0,,1,1,1,35,6,2,2,5,0,0,0,0,true,,false,false,false,false,false,,,,,,false,false,true,,,false,false,false,false,false,-83.28014,42.42533,"{
  ""coordinates"": [
    -8.328013892900000e+01,
    4.242532770000000e+01
  ],
  ""type"": ""Point""
}","{
  ""coordinates"": [
    -83.280138929,
    42.4253277
  ],
  ""type"": ""Point""
}",-83.280138929,42.4253277
1290,9451886,JOY,N M 39,2015-12-08,8,12,2015,13,3,97,9,,2,0,,1,1,1,35,2,2,1,5,0,0,0,0,true,,false,false,true,false,false,,,,,,false,false,false,,,false,false,false,false,false,-83.21626,42.35785,"{
  ""coordinates"": [
    -8.321625444499990e+01,
    4.235785009700000e+01
  ],
  ""type"": ""Point""
}","{
  ""coordinates"": [
    -83.216254445,
    42.357850097
  ],
  ""type"": ""Point""
}",-83.2162544449999,42.357850097
1291,9455605,MICHIGAN,EWERS,2015-12-08,8,12,2015,16,3,5,2,,1,0,,1,1,1,35,7,2,2,5,0,0,0,0,true,,false,false,false,false,false,,,,,,false,false,false,,,false,false,false,false,false,-83.13279,42.3311,"{
  ""coordinates"": [
    -8.313278804700001e+01,
    4.233109945500010e+01
  ],
  ""type"": ""Point""
}","{
  ""coordinates"": [
    -83.132788047,
    42.331099455
  ],
  ""type"": ""Point""
}",-83.132788047,42.3310994550001
1292,9451845,OAKMAN,14TH,2015-12-08,8,12,2015,16,3,5,9,,4,0,,1,1,1,25,2,2,3,4,0,0,0,1,false,,false,false,true,false,false,,,,,,false,false,false,,,false,false,false,false,false,-83.11947,42.40036,"{
  ""coordinates"": [
    -8.311946693199999e+01,
    4.240036427500010e+01
  ],
  ""type"": ""Point""
}","{
  ""coordinates"": [
    -83.119466932,
    42.400364275
  ],
  ""type"": ""Point""
}",-83.119466932,42.4003642750001
1293,9455602,VINEWOOD,BAGLEY,2015-12-08,8,12,2015,16,3,97,9,,,0,,1,1,1,25,3,2,1,5,0,0,0,0,true,,false,false,false,false,false,,,,,,false,false,false,,,false,false,false,false,false,-83.08973,42.32122,"{
  ""coordinates"": [
    -8.308972608200000e+01,
    4.232121971800010e+01
  ],
  ""type"": ""Point""
}","{
  ""coordinates"": [
    -83.089726082,
    42.321219718
  ],
  ""type"": ""Point""
}",-83.089726082,42.3212197180001
1294,9453224,JEFFERSON,PARKER,2015-12-08,8,12,2015,16,3,97,9,,4,0,,1,2,3,35,6,2,2,5,0,0,0,0,true,,false,false,false,false,false,,,,,,false,false,false,,,false,false,false,false,false,-82.99406,42.35192,"{
  ""coordinates"": [
    -8.299405975199990e+01,
    4.235192278100000e+01
  ],
  ""type"": ""Point""
}","{
  ""coordinates"": [
    -82.994059752,
    42.351922781
  ],
  ""type"": ""Point""
}",-82.9940597519999,42.351922781
1295,9455307,I 94,SAGINAW,2015-12-08,8,12,2015,7,3,5,1,,1,0,,2,3,2,55,3,3,3,5,0,0,0,0,true,,false,false,false,false,false,,,,,,false,false,false,,,false,false,false,false,false,-83.03355,42.3795,"{
  ""coordinates"": [
    -8.303355612099990e+01,
    4.237950109000010e+01
  ],
  ""type"": ""Point""
}","{
  ""coordinates"": [
    -83.033556121,
    42.37950109
  ],
  ""type"": ""Point""
}",-83.0335561209999,42.3795010900001
1296,9453232,7 MILE,OUTER,2015-12-08,8,12,2015,21,3,8,9,,2,0,,1,1,4,35,2,2,4,5,0,0,0,0,true,,true,true,true,false,false,,,,,,false,false,true,,,false,false,false,false,false,-83.17547,42.43117,"{
  ""coordinates"": [
    -8.317547108199990e+01,
    4.243116892000010e+01
  ],
  ""type"": ""Point""
}","{
  ""coordinates"": [
    -83.175471082,
    42.43116892
  ],
  ""type"": ""Point""
}",-83.1754710819999,42.4311689200001
1297,9451895,MCNICHOLS,SHAFTSBURY,2015-12-08,8,12,2015,10,3,4,9,,2,0,,1,2,1,35,4,2,3,5,0,0,0,0,true,,false,false,false,false,false,,,,,,false,true,false,,,false,false,false,false,false,-83.23084,42.41531,"{
  ""coordinates"": [
    -8.323084286300001e+01,
    4.241531328200010e+01
  ],
  ""type"": ""Point""
}","{
  ""coordinates"": [
    -83.230842863,
    42.415313282
  ],
  ""type"": ""Point""
}",-83.230842863,42.4153132820001
1298,9451847,GREENFIELD,GROVE,2015-12-08,8,12,2015,11,3,5,9,,2,0,,1,1,1,35,4,2,5,4,0,0,0,2,false,,false,false,false,false,false,,,,,,false,false,false,,,false,false,false,false,false,-83.19923,42.41422,"{
  ""coordinates"": [
    -8.319923384799991e+01,
    4.241422171700000e+01
  ],
  ""type"": ""Point""
}","{
  ""coordinates"": [
    -83.199233848,
    42.414221717
  ],
  ""type"": ""Point""
}",-83.1992338479999,42.414221717
1299,9455636,PURITAN,LINDSAY,2015-12-08,8,12,2015,20,3,4,9,,4,0,,1,1,4,35,4,2,2,5,0,0,0,0,true,,false,false,true,false,false,,,,,,false,true,false,,,false,false,false,false,false,-83.213,42.40844,"{
  ""coordinates"": [
    -8.321300091200000e+01,
    4.240844471700010e+01
  ],
  ""type"": ""Point""
}","{
  ""coordinates"": [
    -83.213000912,
    42.408444717
  ],
  ""type"": ""Point""
}",-83.213000912,42.4084447170001
1300,9453206,WHITTIER,MCKINNEY,2015-12-08,8,12,2015,21,3,4,9,,4,0,,1,2,4,35,4,2,4,4,0,0,0,1,false,,false,false,true,false,false,,,,,,false,false,false,,,false,false,false,false,false,-82.94746,42.41462,"{
  ""coordinates"": [
    -8.294745665499990e+01,
    4.241461739300010e+01
  ],
  ""type"": ""Point""
}","{
  ""coordinates"": [
    -82.947456655,
    42.414617393
  ],
  ""type"": ""Point""
}",-82.9474566549999,42.4146173930001
1301,9451846,DAVISON,LA SALLE,2015-12-08,8,12,2015,16,3,5,3,,1,0,,1,1,1,35,6,2,2,5,0,0,0,0,true,,false,false,false,false,false,,,,,,false,false,false,,,false,false,false,false,false,-83.11888,42.39418,"{
  ""coordinates"": [
    -8.311888354599991e+01,
    4.239418160000000e+01
  ],
  ""type"": ""Point""
}","{
  ""coordinates"": [
    -83.118883546,
    42.3941816
  ],
  ""type"": ""Point""
}",-83.1188835459999,42.3941816
1302,9591300,TELEGRAPH,GRAND RIVER,2015-12-08,8,12,2015,17,3,5,2,,1,0,,1,1,1,35,4,2,2,5,0,0,0,0,true,,false,false,false,false,false,,,,,,false,false,true,,,false,false,false,false,false,-83.27782,42.42482,"{
  ""coordinates"": [
    -8.327782009200000e+01,
    4.242481944100010e+01
  ],
  ""type"": ""Point""
}","{
  ""coordinates"": [
    -83.277820092,
    42.424819441
  ],
  ""type"": ""Point""
}",-83.277820092,42.4248194410001
1303,9465539,OWEN,BRUSH,2015-12-08,8,12,2015,12,3,4,9,,4,0,,1,2,1,25,2,2,2,5,0,0,0,0,true,,true,false,false,false,false,,,,,,false,false,false,,,false,false,false,false,false,-83.07569,42.385,"{
  ""coordinates"": [
    -8.307568813599990e+01,
    4.238499725700010e+01
  ],
  ""type"": ""Point""
}","{
  ""coordinates"": [
    -83.075688136,
    42.384997257
  ],
  ""type"": ""Point""
}",-83.0756881359999,42.3849972570001
1304,9455226,I-94,ROSA PARKS,2015-12-08,8,12,2015,19,3,5,1,,1,0,,1,2,4,55,3,2,2,5,0,0,0,0,true,,false,false,false,false,false,,,,,,false,false,true,,,false,false,false,false,false,-83.08348,42.35516,"{
  ""coordinates"": [
    -8.308348076300000e+01,
    4.235515510100000e+01
  ],
  ""type"": ""Point""
}","{
  ""coordinates"": [
    -83.083480763,
    42.355155101
  ],
  ""type"": ""Point""
}",-83.083480763,42.355155101
1305,9451869,GREENFIELD,PLYMOUTH,2015-12-08,8,12,2015,13,3,5,9,,2,0,,1,2,1,35,5,3,3,4,0,0,0,1,false,,false,false,false,false,false,,,,,,false,false,false,,,false,false,false,false,false,-83.19756,42.37283,"{
  ""coordinates"": [
    -8.319756319200000e+01,
    4.237283485600010e+01
  ],
  ""type"": ""Point""
}","{
  ""coordinates"": [
    -83.197563192,
    42.372834856
  ],
  ""type"": ""Point""
}",-83.197563192,42.3728348560001
1306,9604916,GREENVIEW,PEMBROKE,2015-12-08,8,12,2015,23,3,8,9,,,0,,1,1,4,0,2,2,0,5,0,0,0,0,true,,false,false,true,false,false,,,,,,false,false,false,,,false,false,false,false,false,-83.22556,42.436,"{
  ""coordinates"": [
    -8.322555640500001e+01,
    4.243600543600010e+01
  ],
  ""type"": ""Point""
}","{
  ""coordinates"": [
    -83.225556405,
    42.436005436
  ],
  ""type"": ""Point""
}",-83.225556405,42.4360054360001
1307,9455249,N M 39,RAMP 007B,2015-12-08,8,12,2015,19,3,5,3,,1,0,,1,1,4,55,3,2,2,5,0,0,0,0,true,,false,false,false,false,false,,,,,,false,false,false,,,false,false,false,false,false,-83.21632,42.36158,"{
  ""coordinates"": [
    -8.321632608800000e+01,
    4.236158272600010e+01
  ],
  ""type"": ""Point""
}","{
  ""coordinates"": [
    -83.216326088,
    42.361582726
  ],
  ""type"": ""Point""
}",-83.216326088,42.3615827260001
1308,9451850,GREENFIELD,I96,2015-12-08,8,12,2015,19,3,5,9,,2,0,,1,1,4,35,4,3,6,4,0,0,0,1,false,,false,false,true,false,false,,,,,,false,false,false,,,false,false,false,false,false,-83.19817,42.38708,"{
  ""coordinates"": [
    -8.319816299400000e+01,
    4.238707973900010e+01
  ],
  ""type"": ""Point""
}","{
  ""coordinates"": [
    -83.198162994,
    42.387079739
  ],
  ""type"": ""Point""
}",-83.198162994,42.3870797390001
1309,9455683,PUTNAM,CASS,2015-12-08,8,12,2015,15,3,8,9,,,0,,1,1,1,25,4,2,2,5,0,0,0,0,true,,false,false,false,false,false,,,,,,false,false,true,,,false,false,false,false,false,-83.06689,42.3571,"{
  ""coordinates"": [
    -8.306688963700000e+01,
    4.235710043200000e+01
  ],
  ""type"": ""Point""
}","{
  ""coordinates"": [
    -83.066889637,
    42.357100432
  ],
  ""type"": ""Point""
}",-83.066889637,42.357100432
1310,9451844,LANE,ELSMERE,2015-12-08,8,12,2015,2,3,1,9,,,1,,2,3,5,25,2,1,1,5,0,0,0,0,true,,false,false,false,false,false,,,,,,false,false,false,,,false,false,false,false,false,-83.13379,42.304,"{
  ""coordinates"": [
    -8.313379054300000e+01,
    4.230399665200010e+01
  ],
  ""type"": ""Point""
}","{
  ""coordinates"": [
    -83.133790543,
    42.303996652
  ],
  ""type"": ""Point""
}",-83.133790543,42.3039966520001
1311,9455227,M10,WYOMING,2015-12-08,8,12,2015,21,3,1,3,,1,1,,1,2,4,55,3,1,1,2,0,1,0,0,false,,false,false,false,false,false,,,,,,false,false,false,,,false,false,false,false,false,-83.15874,42.40502,"{
  ""coordinates"": [
    -8.315873942000000e+01,
    4.240502012000010e+01
  ],
  ""type"": ""Point""
}","{
  ""coordinates"": [
    -83.15873942,
    42.40502012
  ],
  ""type"": ""Point""
}",-83.15873942,42.4050201200001
1312,9451898,KENTFIELD,7 MILE,2015-12-07,7,12,2015,14,2,8,9,,,0,,1,1,1,25,2,2,2,5,0,0,0,0,true,,false,false,true,false,false,,,,,,false,false,false,,,false,false,false,false,false,-83.24186,42.42947,"{
  ""coordinates"": [
    -8.324185587600000e+01,
    4.242946975800000e+01
  ],
  ""type"": ""Point""
}","{
  ""coordinates"": [
    -83.241855876,
    42.429469758
  ],
  ""type"": ""Point""
}",-83.241855876,42.429469758