ObjectId,Crash ID,Primary Road,Intersecting Road,Crash Date,Day,Month,Year,Hour,Weekday,Crash Type Code,Highway Classification Code,Community Code,Jurisdiction Code,Lane Departure Type Code,Surface Type,Road Condition,Weather Condition,Lighting Condition,Speed Limit,Lanes,Units,Occupants,Most Severe Injury,Fatal Injuries,Suspected Serious Injuries,Suspected Minor Injuries,Possible Injuries,Property Damage Only,Secondary Crash,Traffic Control,Red Light Run,Hit and Run,Alcohol,Drugs,Unbelted Person,Work Zone,Speeding Driver,Distracted Driver,Driveway,Pedestrian,Elderly Driver,Young Driver,Commercial Vehicle,Emergency Vehicles,Train,School Bus,Motorcycle,Bicycle,Deer,Longitude,Latitude,geom,geog,x,y
1313,9451147,S M 39,JOY,2015-12-07,7,12,2015,16,2,5,3,,1,0,,1,2,1,55,6,2,1,5,0,0,0,0,true,,false,false,true,false,false,,,,,,false,false,true,,,false,false,false,false,false,-83.21658,42.35809,"{
  ""coordinates"": [
    -8.321658368000000e+01,
    4.235808990600000e+01
  ],
  ""type"": ""Point""
}","{
  ""coordinates"": [
    -83.21658368,
    42.358089906
  ],
  ""type"": ""Point""
}",-83.21658368,42.358089906
1314,9455550,TRUUBULL,GRAND RIVER 01,2015-12-07,7,12,2015,3,2,8,3,,4,0,,1,3,2,25,2,2,2,5,0,0,0,0,true,,true,true,false,false,false,,,,,,false,false,true,,,false,false,false,false,false,-83.07301,42.34214,"{
  ""coordinates"": [
    -8.307301365799999e+01,
    4.234214553700010e+01
  ],
  ""type"": ""Point""
}","{
  ""coordinates"": [
    -83.073013658,
    42.342145537
  ],
  ""type"": ""Point""
}",-83.073013658,42.3421455370001
1315,9455224,I-75,WARREN,2015-12-07,7,12,2015,17,2,5,1,,1,0,,1,2,3,70,4,4,4,3,0,0,1,1,false,,false,false,true,false,false,,,,,,false,false,true,,,false,false,false,false,false,-83.05446,42.36119,"{
  ""coordinates"": [
    -8.305446219000000e+01,
    4.236118935800000e+01
  ],
  ""type"": ""Point""
}","{
  ""coordinates"": [
    -83.05446219,
    42.361189358
  ],
  ""type"": ""Point""
}",-83.05446219,42.361189358
1316,9450983,S M 39,7 MILE,2015-12-07,7,12,2015,14,2,5,3,,1,0,,1,2,1,55,3,4,4,3,0,0,2,1,false,,false,false,false,false,false,,,,,,false,false,true,,,false,false,false,false,false,-83.21938,42.42974,"{
  ""coordinates"": [
    -8.321938611300000e+01,
    4.242974055300000e+01
  ],
  ""type"": ""Point""
}","{
  ""coordinates"": [
    -83.219386113,
    42.429740553
  ],
  ""type"": ""Point""
}",-83.219386113,42.429740553
1317,9455217,I-94,WOODWARD,2015-12-07,7,12,2015,18,2,5,1,,1,0,,1,3,4,55,3,2,2,5,0,0,0,0,true,,false,false,false,false,false,,,,,,false,false,false,,,false,false,false,false,false,-83.06725,42.36436,"{
  ""coordinates"": [
    -8.306725544100000e+01,
    4.236436182500010e+01
  ],
  ""type"": ""Point""
}","{
  ""coordinates"": [
    -83.067255441,
    42.364361825
  ],
  ""type"": ""Point""
}",-83.067255441,42.3643618250001
1318,9451146,GRANDMONT,DAVISON,2015-12-07,7,12,2015,6,2,97,9,,,1,,1,3,2,25,2,1,2,5,0,0,0,0,true,,false,false,false,false,false,,,,,,false,false,false,,,false,false,false,false,false,-83.21008,42.38472,"{
  ""coordinates"": [
    -8.321007637600000e+01,
    4.238471442300000e+01
  ],
  ""type"": ""Point""
}","{
  ""coordinates"": [
    -83.210076376,
    42.384714423
  ],
  ""type"": ""Point""
}",-83.210076376,42.384714423
1319,9451855,7 MILE,FENELON,2015-12-07,7,12,2015,16,2,5,9,,4,0,,1,1,4,25,4,2,2,5,0,0,0,0,true,,false,false,true,false,false,,,,,,false,false,false,,,false,false,false,false,false,-83.05361,42.43333,"{
  ""coordinates"": [
    -8.305361382500000e+01,
    4.243333587400010e+01
  ],
  ""type"": ""Point""
}","{
  ""coordinates"": [
    -83.053613825,
    42.433335874
  ],
  ""type"": ""Point""
}",-83.053613825,42.4333358740001
1320,9451144,EVERGREEN,7 MILE,2015-12-07,7,12,2015,13,2,97,9,,4,0,,1,1,1,25,2,2,2,5,0,0,0,0,true,,false,false,false,false,false,,,,,,false,true,false,,,false,false,false,false,false,-83.23886,42.4296,"{
  ""coordinates"": [
    -8.323885914200000e+01,
    4.242959944900010e+01
  ],
  ""type"": ""Point""
}","{
  ""coordinates"": [
    -83.238859142,
    42.429599449
  ],
  ""type"": ""Point""
}",-83.238859142,42.4295994490001
1321,9451113,JOHN C LODGE SERVICE,ELMHURST,2015-12-07,7,12,2015,6,2,1,9,,,0,,1,1,1,30,2,1,1,5,0,0,0,0,true,,false,false,false,false,false,,,,,,false,false,false,,,false,false,false,false,false,-83.10394,42.38952,"{
  ""coordinates"": [
    -8.310393153900000e+01,
    4.238952137700010e+01
  ],
  ""type"": ""Point""
}","{
  ""coordinates"": [
    -83.103931539,
    42.389521377
  ],
  ""type"": ""Point""
}",-83.103931539,42.3895213770001
1322,9455584,WYOMING,CHALFONTE,2015-12-07,7,12,2015,16,2,5,9,,4,0,,1,1,1,30,5,2,2,5,0,0,0,0,true,,false,false,false,false,false,,,,,,false,false,false,,,false,false,false,false,false,-83.15956,42.40023,"{
  ""coordinates"": [
    -8.315956424099990e+01,
    4.240022496200000e+01
  ],
  ""type"": ""Point""
}","{
  ""coordinates"": [
    -83.159564241,
    42.400224962
  ],
  ""type"": ""Point""
}",-83.1595642409999,42.400224962
1323,9456491,KENMOOR,ELMO,2015-12-07,7,12,2015,22,2,8,9,,,0,,1,3,4,25,1,2,0,5,0,0,0,0,true,,false,false,true,false,false,,,,,,false,false,false,,,false,false,false,false,false,-83.0058,42.41733,"{
  ""coordinates"": [
    -8.300579533699990e+01,
    4.241733190600010e+01
  ],
  ""type"": ""Point""
}","{
  ""coordinates"": [
    -83.005795337,
    42.417331906
  ],
  ""type"": ""Point""
}",-83.0057953369999,42.4173319060001
1324,9451149,ASBURY,MAJESTIC,2015-12-07,7,12,2015,9,2,2,9,,,0,,3,1,1,25,2,2,4,4,0,0,0,2,false,,false,false,false,false,false,,,,,,false,false,false,,,false,false,false,false,false,-83.20594,42.3503,"{
  ""coordinates"": [
    -8.320594053199990e+01,
    4.235030554100010e+01
  ],
  ""type"": ""Point""
}","{
  ""coordinates"": [
    -83.205940532,
    42.350305541
  ],
  ""type"": ""Point""
}",-83.2059405319999,42.3503055410001
1325,9451873,CENTRAL,PITT,2015-12-07,7,12,2015,17,2,8,9,,4,0,,1,1,1,30,2,2,2,5,0,0,0,0,true,,false,false,false,false,false,,,,,,false,false,false,,,false,false,false,false,false,-83.12564,42.31448,"{
  ""coordinates"": [
    -8.312563712399999e+01,
    4.231447705200000e+01
  ],
  ""type"": ""Point""
}","{
  ""coordinates"": [
    -83.125637124,
    42.314477052
  ],
  ""type"": ""Point""
}",-83.125637124,42.314477052
1326,9651553,ST.CLAIR,CANFIELD,2015-12-07,7,12,2015,6,2,9,9,,,2,,97,3,2,20,1,2,1,5,0,0,0,0,true,,false,false,true,false,false,,,,,,false,false,false,,,false,false,false,false,false,-82.98963,42.37995,"{
  ""coordinates"": [
    -8.298963519499991e+01,
    4.237994977300010e+01
  ],
  ""type"": ""Point""
}","{
  ""coordinates"": [
    -82.989635195,
    42.379949773
  ],
  ""type"": ""Point""
}",-82.9896351949999,42.3799497730001
1327,9455530,GRATIOT,FRENCH,2015-12-07,7,12,2015,13,2,5,3,,1,0,,1,1,1,35,8,2,2,5,0,0,0,0,true,,false,false,false,false,false,,,,,,false,false,true,,,false,false,false,false,false,-83.00047,42.40035,"{
  ""coordinates"": [
    -8.300046860200000e+01,
    4.240035341700010e+01
  ],
  ""type"": ""Point""
}","{
  ""coordinates"": [
    -83.000468602,
    42.400353417
  ],
  ""type"": ""Point""
}",-83.000468602,42.4003534170001
1328,9455591,THIRD,HOWARD,2015-12-07,7,12,2015,6,2,97,9,,4,0,,1,3,2,35,3,2,1,5,0,0,0,0,true,,false,false,false,false,false,,,,,,true,false,false,,,false,false,false,false,false,-83.05567,42.32943,"{
  ""coordinates"": [
    -8.305566848399999e+01,
    4.232942866400000e+01
  ],
  ""type"": ""Point""
}","{
  ""coordinates"": [
    -83.055668484,
    42.329428664
  ],
  ""type"": ""Point""
}",-83.055668484,42.329428664
1329,9449684,N M 10,RAMP 215D,2015-12-07,7,12,2015,7,2,8,3,,1,0,,1,1,2,55,3,2,1,5,0,0,0,0,true,,false,false,true,false,false,,,,,,false,false,true,,,false,false,false,false,false,-83.07581,42.35869,"{
  ""coordinates"": [
    -8.307580359600000e+01,
    4.235868667200000e+01
  ],
  ""type"": ""Point""
}","{
  ""coordinates"": [
    -83.075803596,
    42.358686672
  ],
  ""type"": ""Point""
}",-83.075803596,42.358686672
1330,9451117,WARREN,S I 75,2015-12-07,7,12,2015,10,2,8,9,,4,0,,2,3,1,35,5,2,6,5,0,0,0,0,true,,false,false,false,false,false,,,,,,false,false,true,,,false,false,false,false,false,-83.05459,42.3607,"{
  ""coordinates"": [
    -8.305458523199999e+01,
    4.236069838700010e+01
  ],
  ""type"": ""Point""
}","{
  ""coordinates"": [
    -83.054585232,
    42.360698387
  ],
  ""type"": ""Point""
}",-83.054585232,42.3606983870001
1331,9450985,I94,NOTTINGHAM,2015-12-07,7,12,2015,17,2,5,1,,1,0,,1,3,4,55,3,6,6,4,0,0,0,3,false,,false,false,false,false,false,,,,,,false,true,true,,,false,false,false,false,false,-82.9543,42.40667,"{
  ""coordinates"": [
    -8.295429830900000e+01,
    4.240667260900010e+01
  ],
  ""type"": ""Point""
}","{
  ""coordinates"": [
    -82.954298309,
    42.406672609
  ],
  ""type"": ""Point""
}",-82.954298309,42.4066726090001
1332,9451885,CADIEUX,MUNICH,2015-12-07,7,12,2015,11,2,8,9,,4,0,,1,2,1,35,2,2,3,5,0,0,0,0,true,,false,false,false,false,false,,,,,,false,false,false,,,false,false,false,false,false,-82.92747,42.40254,"{
  ""coordinates"": [
    -8.292747303599999e+01,
    4.240254026700010e+01
  ],
  ""type"": ""Point""
}","{
  ""coordinates"": [
    -82.927473036,
    42.402540267
  ],
  ""type"": ""Point""
}",-82.927473036,42.4025402670001
1333,9451110,8 MILE,WESTMORELAND,2015-12-07,7,12,2015,20,2,5,3,,1,0,,1,1,1,45,4,2,2,5,0,0,0,0,true,,false,false,false,false,false,,,,,,false,false,true,,,false,false,false,false,false,-83.237,42.4438,"{
  ""coordinates"": [
    -8.323700011999991e+01,
    4.244380238300000e+01
  ],
  ""type"": ""Point""
}","{
  ""coordinates"": [
    -83.23700012,
    42.443802383
  ],
  ""type"": ""Point""
}",-83.2370001199999,42.443802383
1334,9451840,GRAND RIVER,2ND,2015-12-07,7,12,2015,1,2,9,3,,1,0,,1,1,4,30,2,2,2,5,0,0,0,0,true,,false,false,true,false,false,,,,,,false,false,true,,,false,false,false,false,false,-83.05779,42.33592,"{
  ""coordinates"": [
    -8.305779156800000e+01,
    4.233591871400010e+01
  ],
  ""type"": ""Point""
}","{
  ""coordinates"": [
    -83.057791568,
    42.335918714
  ],
  ""type"": ""Point""
}",-83.057791568,42.3359187140001
1335,9451118,MCNICHOLS,LESURE,2015-12-07,7,12,2015,12,2,5,9,,2,0,,1,2,1,30,6,2,2,4,0,0,0,1,false,,false,false,false,false,false,,,,,,false,false,false,,,false,false,false,false,false,-83.18244,42.41656,"{
  ""coordinates"": [
    -8.318244524600000e+01,
    4.241655908100010e+01
  ],
  ""type"": ""Point""
}","{
  ""coordinates"": [
    -83.182445246,
    42.416559081
  ],
  ""type"": ""Point""
}",-83.182445246,42.4165590810001
1336,9451119,WARREN,GRAND,2015-12-07,7,12,2015,17,2,8,9,,4,0,,1,1,5,30,2,2,1,5,0,0,0,0,true,,false,false,true,false,false,,,,,,false,false,false,,,false,false,false,false,false,-83.10806,42.34479,"{
  ""coordinates"": [
    -8.310805861499990e+01,
    4.234478881300000e+01
  ],
  ""type"": ""Point""
}","{
  ""coordinates"": [
    -83.108058615,
    42.344788813
  ],
  ""type"": ""Point""
}",-83.1080586149999,42.344788813
1337,9451843,HUBBARD,PORTER,2015-12-07,7,12,2015,8,2,5,9,,,0,,1,1,1,25,2,2,2,5,0,0,0,0,true,,false,false,false,false,false,,,,,,false,false,false,,,false,false,false,false,false,-83.08848,42.317,"{
  ""coordinates"": [
    -8.308847517700001e+01,
    4.231700148400010e+01
  ],
  ""type"": ""Point""
}","{
  ""coordinates"": [
    -83.088475177,
    42.317001484
  ],
  ""type"": ""Point""
}",-83.088475177,42.3170014840001
1338,9451157,MCNICHOLS,ARLINGTON,2015-12-07,7,12,2015,15,2,8,9,,4,0,,1,2,1,30,3,2,2,4,0,0,0,1,false,,false,false,false,false,false,,,,,,false,false,false,,,false,false,false,false,false,-83.07714,42.41856,"{
  ""coordinates"": [
    -8.307714453499990e+01,
    4.241856250200000e+01
  ],
  ""type"": ""Point""
}","{
  ""coordinates"": [
    -83.077144535,
    42.418562502
  ],
  ""type"": ""Point""
}",-83.0771445349999,42.418562502
1339,9455291,I-94,VAN DYKE,2015-12-07,7,12,2015,17,2,5,1,,1,0,,97,3,4,55,3,2,1,5,0,0,0,0,true,,false,false,true,false,false,,,,,,false,false,false,,,false,false,false,false,false,-83.01575,42.38785,"{
  ""coordinates"": [
    -8.301575519300000e+01,
    4.238784872100010e+01
  ],
  ""type"": ""Point""
}","{
  ""coordinates"": [
    -83.015755193,
    42.387848721
  ],
  ""type"": ""Point""
}",-83.015755193,42.3878487210001
1340,9455531,MACK,JOHN R,2015-12-07,7,12,2015,18,2,4,9,,4,0,,1,1,4,30,5,2,1,5,0,0,0,0,true,,false,false,true,false,false,,,,,,false,false,false,,,false,false,false,false,false,-83.05562,42.34837,"{
  ""coordinates"": [
    -8.305561590600000e+01,
    4.234836889500010e+01
  ],
  ""type"": ""Point""
}","{
  ""coordinates"": [
    -83.055615906,
    42.348368895
  ],
  ""type"": ""Point""
}",-83.055615906,42.3483688950001
1341,9451115,TELEGRAPH,MCNICHOLS,2015-12-07,7,12,2015,17,2,5,2,,1,0,,1,2,1,45,6,2,2,5,0,0,0,0,true,,false,false,false,false,false,,,,,,false,false,false,,,false,false,false,false,false,-83.27741,42.41481,"{
  ""coordinates"": [
    -8.327741613099990e+01,
    4.241480453600010e+01
  ],
  ""type"": ""Point""
}","{
  ""coordinates"": [
    -83.277416131,
    42.414804536
  ],
  ""type"": ""Point""
}",-83.2774161309999,42.4148045360001
1342,9455566,PINEHURST,PURITAN,2015-12-07,7,12,2015,7,2,97,9,,,0,,1,1,1,25,1,2,0,5,0,0,0,0,true,,false,false,true,false,false,,,,,,false,false,false,,,false,false,false,false,false,-83.16656,42.40962,"{
  ""coordinates"": [
    -8.316656486600000e+01,
    4.240961838100000e+01
  ],
  ""type"": ""Point""
}","{
  ""coordinates"": [
    -83.166564866,
    42.409618381
  ],
  ""type"": ""Point""
}",-83.166564866,42.409618381
1343,9451914,MARTIN LUTHER KING JR,WOODWARD,2015-12-07,7,12,2015,17,2,97,3,,4,0,,1,3,4,25,3,2,1,2,0,1,0,0,false,,false,false,false,false,false,,,,,,true,false,true,,,false,false,false,false,false,-83.05826,42.34736,"{
  ""coordinates"": [
    -8.305826143800000e+01,
    4.234735903300000e+01
  ],
  ""type"": ""Point""
}","{
  ""coordinates"": [
    -83.058261438,
    42.347359033
  ],
  ""type"": ""Point""
}",-83.058261438,42.347359033
1344,9455513,GRAND,WOODWARD,2015-12-07,7,12,2015,14,2,5,3,,1,0,,1,2,1,30,3,2,2,5,0,0,0,0,true,,false,false,false,false,false,,,,,,false,true,false,,,false,false,false,false,false,-83.20872,42.39684,"{
  ""coordinates"": [
    -8.320871645699999e+01,
    4.239683705400010e+01
  ],
  ""type"": ""Point""
}","{
  ""coordinates"": [
    -83.208716457,
    42.396837054
  ],
  ""type"": ""Point""
}",-83.208716457,42.3968370540001
1345,9453220,N M 10,RAMP 110A,2015-12-07,7,12,2015,17,2,97,3,,1,0,,1,1,4,55,3,2,2,5,0,0,0,0,true,,false,false,false,false,false,,,,,,false,false,false,,,false,false,false,false,false,-83.10594,42.39316,"{
  ""coordinates"": [
    -8.310594398300000e+01,
    4.239316278900000e+01
  ],
  ""type"": ""Point""
}","{
  ""coordinates"": [
    -83.105943983,
    42.393162789
  ],
  ""type"": ""Point""
}",-83.105943983,42.393162789
1346,9455556,SOUTHFIELD SERVICE DRIVE,8 MILE,2015-12-07,7,12,2015,12,2,1,3,,5,0,,1,2,1,30,1,1,2,5,0,0,0,0,true,,false,false,false,false,false,,,,,,false,false,false,,,false,false,false,false,false,-83.21927,42.44411,"{
  ""coordinates"": [
    -8.321926707499991e+01,
    4.244411073800010e+01
  ],
  ""type"": ""Point""
}","{
  ""coordinates"": [
    -83.219267075,
    42.444110738
  ],
  ""type"": ""Point""
}",-83.2192670749999,42.4441107380001
1347,9455205,RAMP 219D,GRATIOT,2015-12-07,7,12,2015,12,2,8,1,,1,0,,1,2,1,35,1,2,6,5,0,0,0,0,true,,false,false,false,false,false,,,,,,false,false,true,,,false,false,false,false,false,-83.00599,42.392,"{
  ""coordinates"": [
    -8.300599081300000e+01,
    4.239200088800000e+01
  ],
  ""type"": ""Point""
}","{
  ""coordinates"": [
    -83.005990813,
    42.392000888
  ],
  ""type"": ""Point""
}",-83.005990813,42.392000888
1348,9457546,MOROSS,BERDEN,2015-12-07,7,12,2015,15,2,4,9,,2,0,,1,1,1,35,3,2,3,5,0,0,0,0,true,,false,false,true,false,false,,,,,,false,true,false,,,false,false,false,false,false,-82.92072,42.42132,"{
  ""coordinates"": [
    -8.292071366499989e+01,
    4.242131625800000e+01
  ],
  ""type"": ""Point""
}","{
  ""coordinates"": [
    -82.920713665,
    42.421316258
  ],
  ""type"": ""Point""
}",-82.9207136649999,42.421316258
1349,9455620,E I 96,S M 39,2015-12-07,7,12,2015,7,2,5,1,,1,0,,1,1,1,55,3,2,2,5,0,0,0,0,true,,false,false,false,false,false,,,,,,false,false,false,,,false,false,false,false,false,-83.21713,42.37864,"{
  ""coordinates"": [
    -8.321713055600000e+01,
    4.237863855000010e+01
  ],
  ""type"": ""Point""
}","{
  ""coordinates"": [
    -83.217130556,
    42.37863855
  ],
  ""type"": ""Point""
}",-83.217130556,42.3786385500001
1350,9451866,WOODWARD,ERSKINE,2015-12-07,7,12,2015,19,2,5,3,,1,0,,1,2,4,35,7,2,2,3,0,0,1,0,false,,false,false,false,false,false,,,,,,false,false,false,,,false,false,false,false,false,-83.05672,42.34567,"{
  ""coordinates"": [
    -8.305672374100000e+01,
    4.234567013900000e+01
  ],
  ""type"": ""Point""
}","{
  ""coordinates"": [
    -83.056723741,
    42.345670139
  ],
  ""type"": ""Point""
}",-83.056723741,42.345670139
1351,9451148,I96,SOUTHFIELD,2015-12-07,7,12,2015,18,2,5,1,,1,0,,1,2,3,55,6,2,2,5,0,0,0,0,true,,false,false,false,false,false,,,,,,false,false,false,,,false,false,false,false,false,-83.22101,42.37856,"{
  ""coordinates"": [
    -8.322100681400001e+01,
    4.237856116000010e+01
  ],
  ""type"": ""Point""
}","{
  ""coordinates"": [
    -83.221006814,
    42.37856116
  ],
  ""type"": ""Point""
}",-83.221006814,42.3785611600001
1352,9451874,DIX,PLEASANT,2015-12-07,7,12,2015,2,2,3,9,,2,0,,1,1,1,30,2,2,2,5,0,0,0,0,true,,false,false,false,false,false,,,,,,false,false,false,,,false,false,false,false,false,-83.15866,42.28788,"{
  ""coordinates"": [
    -8.315866176299990e+01,
    4.228787657900010e+01
  ],
  ""type"": ""Point""
}","{
  ""coordinates"": [
    -83.158661763,
    42.287876579
  ],
  ""type"": ""Point""
}",-83.1586617629999,42.2878765790001
1353,9451132,19633 DEQUINDRE,STATE FAIR,2015-12-07,7,12,2015,6,2,97,9,,4,0,,1,1,4,35,2,2,1,5,0,0,0,0,true,,false,false,false,false,false,,,,,,false,false,false,,,false,false,false,false,false,-83.08312,42.44034,"{
  ""coordinates"": [
    -8.308311942700000e+01,
    4.244033880200000e+01
  ],
  ""type"": ""Point""
}","{
  ""coordinates"": [
    -83.083119427,
    42.440338802
  ],
  ""type"": ""Point""
}",-83.083119427,42.440338802
1354,9451915,MARTIN LUTHER KIND,THIRD,2015-12-07,7,12,2015,20,2,1,9,,4,0,,1,3,4,25,3,1,1,3,0,0,1,0,false,,false,false,false,true,false,,,,,,false,false,false,,,false,false,false,false,false,-83.06523,42.34415,"{
  ""coordinates"": [
    -8.306523292000000e+01,
    4.234414985900000e+01
  ],
  ""type"": ""Point""
}","{
  ""coordinates"": [
    -83.06523292,
    42.344149859
  ],
  ""type"": ""Point""
}",-83.06523292,42.344149859
1355,9462246,WOODROW WILSON,WEBB,2015-12-07,7,12,2015,19,2,5,9,,4,0,,1,2,4,25,2,2,2,4,0,0,0,2,false,,false,false,true,true,false,,,,,,false,false,false,,,false,false,false,false,false,-83.10348,42.38757,"{
  ""coordinates"": [
    -8.310347546500000e+01,
    4.238757287100000e+01
  ],
  ""type"": ""Point""
}","{
  ""coordinates"": [
    -83.103475465,
    42.387572871
  ],
  ""type"": ""Point""
}",-83.103475465,42.387572871
1356,9455514,LODGE S D,TEMPLE,2015-12-07,7,12,2015,15,2,5,3,,4,0,,1,2,1,30,2,2,2,5,0,0,0,0,true,,false,false,false,false,false,,,,,,false,false,false,,,false,false,false,false,false,-83.06715,42.34006,"{
  ""coordinates"": [
    -8.306714455100000e+01,
    4.234005952600010e+01
  ],
  ""type"": ""Point""
}","{
  ""coordinates"": [
    -83.067144551,
    42.340059526
  ],
  ""type"": ""Point""
}",-83.067144551,42.3400595260001
1357,9469305,JEFFERSON,OAK,2015-12-07,7,12,2015,8,2,5,3,,1,0,,1,3,2,35,5,2,3,5,0,0,0,0,true,,false,false,true,false,false,,,,,,false,false,false,,,false,false,false,false,false,-83.11596,42.40171,"{
  ""coordinates"": [
    -8.311595916999990e+01,
    4.240171397800000e+01
  ],
  ""type"": ""Point""
}","{
  ""coordinates"": [
    -83.11595917,
    42.401713978
  ],
  ""type"": ""Point""
}",-83.1159591699999,42.401713978
1358,9451114,CONNER CREEK,GRATIOT,2015-12-07,7,12,2015,1,2,4,3,,4,0,,1,1,4,30,2,2,2,4,0,0,0,2,false,,true,false,true,false,false,,,,,,false,false,false,,,false,false,false,false,false,-82.9975,42.40491,"{
  ""coordinates"": [
    -8.299749493099991e+01,
    4.240490783300000e+01
  ],
  ""type"": ""Point""
}","{
  ""coordinates"": [
    -82.997494931,
    42.404907833
  ],
  ""type"": ""Point""
}",-82.9974949309999,42.404907833
1359,9453231,CHALMERS,E I 94,2015-12-07,7,12,2015,13,2,5,1,,4,0,,1,1,1,35,2,2,3,4,0,0,0,2,false,,false,false,true,false,false,,,,,,false,false,false,,,false,false,false,false,false,-82.96423,42.40373,"{
  ""coordinates"": [
    -8.296422751599989e+01,
    4.240372899800010e+01
  ],
  ""type"": ""Point""
}","{
  ""coordinates"": [
    -82.964227516,
    42.403728998
  ],
  ""type"": ""Point""
}",-82.9642275159999,42.4037289980001
1360,9601762,8 MILE,BILTMORE,2015-12-07,7,12,2015,4,2,97,3,,1,0,,1,1,1,35,6,2,4,5,0,0,0,0,true,,false,false,false,false,false,,,,,,false,false,false,,,false,false,false,false,false,-83.21256,42.44435,"{
  ""coordinates"": [
    -8.321256544999990e+01,
    4.244435162500000e+01
  ],
  ""type"": ""Point""
}","{
  ""coordinates"": [
    -83.21256545,
    42.444351625
  ],
  ""type"": ""Point""
}",-83.2125654499999,42.444351625
1361,9451875,CAMPBELL,JACKSON,2015-12-07,7,12,2015,16,2,8,9,,,0,,1,1,1,25,1,2,0,5,0,0,0,0,true,,false,false,true,false,false,,,,,,false,false,false,,,false,false,false,false,false,-83.11478,42.33224,"{
  ""coordinates"": [
    -8.311477845800000e+01,
    4.233223688500000e+01
  ],
  ""type"": ""Point""
}","{
  ""coordinates"": [
    -83.114778458,
    42.332236885
  ],
  ""type"": ""Point""
}",-83.114778458,42.332236885
1362,9455206,RAMP 109C,S M 10,2015-12-07,7,12,2015,20,2,8,3,,1,0,,1,2,4,0,1,2,3,4,0,0,0,3,false,,false,false,true,false,false,,,,,,false,false,false,,,false,false,false,false,false,-83.10897,42.397,"{
  ""coordinates"": [
    -8.310897300200000e+01,
    4.239700084000000e+01
  ],
  ""type"": ""Point""
}","{
  ""coordinates"": [
    -83.108973002,
    42.39700084
  ],
  ""type"": ""Point""
}",-83.108973002,42.39700084
1363,9451852,HAZELRIDGE,HAYES,2015-12-07,7,12,2015,18,2,8,9,,,0,,1,1,1,25,1,2,2,5,0,0,0,0,true,,false,false,false,false,false,,,,,,false,false,true,,,false,false,false,false,false,-82.96517,42.42478,"{
  ""coordinates"": [
    -8.296517080800000e+01,
    4.242477819600000e+01
  ],
  ""type"": ""Point""
}","{
  ""coordinates"": [
    -82.965170808,
    42.424778196
  ],
  ""type"": ""Point""
}",-82.965170808,42.424778196
1364,9466867,I-75,SCHAEFER,2015-12-07,7,12,2015,18,2,8,1,,1,0,,97,98,98,70,3,2,2,5,0,0,0,0,true,,false,false,true,false,false,,,,,,false,false,false,,,false,false,false,false,false,-83.16057,42.27539,"{
  ""coordinates"": [
    -8.316056945000000e+01,
    4.227539564100000e+01
  ],
  ""type"": ""Point""
}","{
  ""coordinates"": [
    -83.16056945,
    42.275395641
  ],
  ""type"": ""Point""
}",-83.16056945,42.275395641
1365,9451111,JAMES COUZENS,OUTER,2015-12-07,7,12,2015,15,2,6,9,,4,0,,1,2,1,40,3,2,4,4,0,0,0,1,false,,false,false,false,false,false,,,,,,false,false,false,,,false,false,false,false,false,-83.17595,42.42097,"{
  ""coordinates"": [
    -8.317595266399999e+01,
    4.242097531100010e+01
  ],
  ""type"": ""Point""
}","{
  ""coordinates"": [
    -83.175952664,
    42.420975311
  ],
  ""type"": ""Point""
}",-83.175952664,42.4209753110001
1366,9451116,VAUGHAN,MCNICHOLS,2015-12-07,7,12,2015,14,2,4,9,,,0,,1,1,1,30,2,2,3,5,0,0,0,0,true,,false,false,false,false,false,,,,,,false,false,true,,,false,false,false,false,false,-83.23917,42.41513,"{
  ""coordinates"": [
    -8.323917651700000e+01,
    4.241512786700010e+01
  ],
  ""type"": ""Point""
}","{
  ""coordinates"": [
    -83.239176517,
    42.415127867
  ],
  ""type"": ""Point""
}",-83.239176517,42.4151278670001
1367,9451854,CARSON,VERNOR,2015-12-07,7,12,2015,11,2,97,9,,,0,,1,1,1,25,4,1,2,5,0,0,0,0,true,,false,false,true,false,false,,,,,,false,false,false,,,false,false,false,false,false,-83.12747,42.31135,"{
  ""coordinates"": [
    -8.312746914099991e+01,
    4.231134701600010e+01
  ],
  ""type"": ""Point""
}","{
  ""coordinates"": [
    -83.127469141,
    42.311347016
  ],
  ""type"": ""Point""
}",-83.1274691409999,42.3113470160001
1368,9451141,ALTER,WARREN,2015-12-07,7,12,2015,11,2,4,9,,4,0,,1,3,1,35,2,2,4,5,0,0,0,0,true,,false,false,true,false,false,,,,,,false,false,true,,,false,false,false,false,false,-82.95448,42.39702,"{
  ""coordinates"": [
    -8.295448260800001e+01,
    4.239701921800000e+01
  ],
  ""type"": ""Point""
}","{
  ""coordinates"": [
    -82.954482608,
    42.397019218
  ],
  ""type"": ""Point""
}",-82.954482608,42.397019218
1369,9451882,VISGER,ANNABELLE,2015-12-07,7,12,2015,17,2,5,9,,4,0,,1,1,4,25,2,2,2,4,0,0,0,1,false,,false,false,false,false,false,,,,,,false,false,false,,,false,false,false,false,false,-83.15742,42.26646,"{
  ""coordinates"": [
    -8.315742078999990e+01,
    4.226645492500010e+01
  ],
  ""type"": ""Point""
}","{
  ""coordinates"": [
    -83.15742079,
    42.266454925
  ],
  ""type"": ""Point""
}",-83.1574207899999,42.2664549250001