ObjectId,Crash ID,Primary Road,Intersecting Road,Crash Date,Day,Month,Year,Hour,Weekday,Crash Type Code,Highway Classification Code,Community Code,Jurisdiction Code,Lane Departure Type Code,Surface Type,Road Condition,Weather Condition,Lighting Condition,Speed Limit,Lanes,Units,Occupants,Most Severe Injury,Fatal Injuries,Suspected Serious Injuries,Suspected Minor Injuries,Possible Injuries,Property Damage Only,Secondary Crash,Traffic Control,Red Light Run,Hit and Run,Alcohol,Drugs,Unbelted Person,Work Zone,Speeding Driver,Distracted Driver,Driveway,Pedestrian,Elderly Driver,Young Driver,Commercial Vehicle,Emergency Vehicles,Train,School Bus,Motorcycle,Bicycle,Deer,Longitude,Latitude,geom,geog,x,y
1370,9465585,WOODINGHAM,THATCHER,2015-12-07,7,12,2015,8,2,8,9,,,0,,1,1,1,25,1,2,1,5,0,0,0,0,true,,false,false,false,false,false,,,,,,false,false,false,,,false,false,false,false,false,-83.15025,42.42228,"{
  ""coordinates"": [
    -8.315024856600000e+01,
    4.242228372700000e+01
  ],
  ""type"": ""Point""
}","{
  ""coordinates"": [
    -83.150248566,
    42.422283727
  ],
  ""type"": ""Point""
}",-83.150248566,42.422283727
1371,9451153,GRANDRIVER,LONGACRE,2015-12-07,7,12,2015,9,2,4,3,,1,0,,1,1,1,35,4,2,2,5,0,0,0,0,true,,false,false,false,false,false,,,,,,false,false,false,,,false,false,false,false,false,-83.21517,42.39944,"{
  ""coordinates"": [
    -8.321516812199999e+01,
    4.239944274300010e+01
  ],
  ""type"": ""Point""
}","{
  ""coordinates"": [
    -83.215168122,
    42.399442743
  ],
  ""type"": ""Point""
}",-83.215168122,42.3994427430001
1372,9455590,GRAND,LODGE SERVICE,2015-12-07,7,12,2015,9,2,8,9,,,0,,1,2,1,35,3,2,2,5,0,0,0,0,true,,false,false,false,false,false,,,,,,false,false,false,,,false,false,false,false,false,-83.1125,42.39857,"{
  ""coordinates"": [
    -8.311249641700000e+01,
    4.239857481400000e+01
  ],
  ""type"": ""Point""
}","{
  ""coordinates"": [
    -83.112496417,
    42.398574814
  ],
  ""type"": ""Point""
}",-83.112496417,42.398574814
1373,9451126,LARNED,ST MARON,2015-12-07,7,12,2015,9,2,97,9,,4,0,,1,3,1,25,3,2,2,5,0,0,0,0,true,,false,false,false,false,false,,,,,,false,true,false,,,false,false,false,false,false,-83.01812,42.34129,"{
  ""coordinates"": [
    -8.301811681899990e+01,
    4.234129081500000e+01
  ],
  ""type"": ""Point""
}","{
  ""coordinates"": [
    -83.018116819,
    42.341290815
  ],
  ""type"": ""Point""
}",-83.0181168189999,42.341290815
1374,9451120,SCHOENHERR,LAPPIN,2015-12-06,6,12,2015,11,1,97,9,,4,0,,1,1,4,35,2,2,1,5,0,0,0,0,true,,false,false,false,false,false,,,,,,false,false,true,,,false,false,false,false,false,-82.9852,42.43703,"{
  ""coordinates"": [
    -8.298520042299999e+01,
    4.243702646400000e+01
  ],
  ""type"": ""Point""
}","{
  ""coordinates"": [
    -82.985200423,
    42.437026464
  ],
  ""type"": ""Point""
}",-82.985200423,42.437026464
1375,9451151,JEFFERSON,BURNS,2015-12-06,6,12,2015,14,1,9,9,,4,0,,1,1,1,15,1,2,1,5,0,0,0,0,true,,false,false,false,false,false,,,,,,false,false,false,,,false,false,false,false,false,-82.98978,42.35476,"{
  ""coordinates"": [
    -8.298977288899989e+01,
    4.235475937100010e+01
  ],
  ""type"": ""Point""
}","{
  ""coordinates"": [
    -82.989772889,
    42.354759371
  ],
  ""type"": ""Point""
}",-82.9897728889999,42.3547593710001
1376,9449706,I-96,ELMHURST,2015-12-06,6,12,2015,2,1,1,1,,1,1,,1,3,4,70,4,1,1,5,0,0,0,0,true,,false,false,false,false,false,,,,,,false,false,true,,,false,false,false,false,false,-83.14617,42.37601,"{
  ""coordinates"": [
    -8.314616921000000e+01,
    4.237601076200010e+01
  ],
  ""type"": ""Point""
}","{
  ""coordinates"": [
    -83.14616921,
    42.376010762
  ],
  ""type"": ""Point""
}",-83.14616921,42.3760107620001
1377,9451155,FENKELL,WILDEMERE,2015-12-06,6,12,2015,13,1,4,9,,4,0,,1,1,1,30,3,2,3,4,0,0,0,4,false,,false,false,false,false,false,,,,,,false,false,false,,,false,false,false,false,false,-83.13208,42.40285,"{
  ""coordinates"": [
    -8.313208052499991e+01,
    4.240285121700000e+01
  ],
  ""type"": ""Point""
}","{
  ""coordinates"": [
    -83.132080525,
    42.402851217
  ],
  ""type"": ""Point""
}",-83.1320805249999,42.402851217
1378,9451125,PORTLANCE,ELMO,2015-12-06,6,12,2015,21,1,5,9,,,0,,1,1,4,30,1,2,16,5,0,0,0,0,true,,false,false,false,true,false,,,,,,false,false,false,,,false,false,false,false,false,-83.00608,42.41919,"{
  ""coordinates"": [
    -8.300607800099991e+01,
    4.241918714500010e+01
  ],
  ""type"": ""Point""
}","{
  ""coordinates"": [
    -83.006078001,
    42.419187145
  ],
  ""type"": ""Point""
}",-83.0060780009999,42.4191871450001
1379,9451145,FREELAND,MCNICHOLS,2015-12-06,6,12,2015,20,1,1,9,,,1,,1,3,3,25,2,1,3,5,0,0,0,0,true,,false,false,false,false,false,,,,,,false,false,true,,,false,false,false,false,false,-83.18604,42.41378,"{
  ""coordinates"": [
    -8.318604234599999e+01,
    4.241378288800010e+01
  ],
  ""type"": ""Point""
}","{
  ""coordinates"": [
    -83.186042346,
    42.413782888
  ],
  ""type"": ""Point""
}",-83.186042346,42.4137828880001
1380,9451139,MOROSS,E I 94 SERVICE DRIVE,2015-12-06,6,12,2015,10,1,4,9,,2,0,,1,2,1,35,3,2,2,3,0,0,2,0,false,,true,true,false,false,false,,,,,,false,false,false,,,false,false,false,false,false,-82.92839,42.4242,"{
  ""coordinates"": [
    -8.292839295600000e+01,
    4.242420310200000e+01
  ],
  ""type"": ""Point""
}","{
  ""coordinates"": [
    -82.928392956,
    42.424203102
  ],
  ""type"": ""Point""
}",-82.928392956,42.424203102
1381,9463274,I-94,CONCORD,2015-12-06,6,12,2015,4,1,1,1,,1,1,,1,3,5,55,3,1,1,3,0,0,1,0,false,,false,false,false,true,false,,,,,,false,false,false,,,false,false,false,false,false,-83.03114,42.38231,"{
  ""coordinates"": [
    -8.303113849899999e+01,
    4.238230351500000e+01
  ],
  ""type"": ""Point""
}","{
  ""coordinates"": [
    -83.031138499,
    42.382303515
  ],
  ""type"": ""Point""
}",-83.031138499,42.382303515
1382,9449687,W I 96,OAKMAN,2015-12-06,6,12,2015,5,1,1,1,,1,1,,1,3,4,70,4,1,1,5,0,0,0,0,true,,false,false,false,true,false,,,,,,false,false,true,,,false,false,false,false,false,-83.1461,42.37764,"{
  ""coordinates"": [
    -8.314610577400001e+01,
    4.237763922800010e+01
  ],
  ""type"": ""Point""
}","{
  ""coordinates"": [
    -83.146105774,
    42.377639228
  ],
  ""type"": ""Point""
}",-83.146105774,42.3776392280001
1383,9460525,WOODWARD,GRAND,2015-12-06,6,12,2015,15,1,8,3,,1,0,,1,1,1,30,7,2,26,5,0,0,0,0,true,,false,false,false,false,false,,,,,,false,false,false,,,false,false,false,false,false,-83.07345,42.37045,"{
  ""coordinates"": [
    -8.307344619199991e+01,
    4.237045461900000e+01
  ],
  ""type"": ""Point""
}","{
  ""coordinates"": [
    -83.073446192,
    42.370454619
  ],
  ""type"": ""Point""
}",-83.0734461919999,42.370454619
1384,9449832,FREDERICK,BALDWIN,2015-12-06,6,12,2015,4,1,97,9,,,0,,97,1,4,25,2,2,0,5,0,0,0,0,true,,false,false,true,false,false,,,,,,false,false,false,,,false,false,false,false,false,-83.01633,42.37733,"{
  ""coordinates"": [
    -8.301633416399990e+01,
    4.237733242600010e+01
  ],
  ""type"": ""Point""
}","{
  ""coordinates"": [
    -83.016334164,
    42.377332426
  ],
  ""type"": ""Point""
}",-83.0163341639999,42.3773324260001
1385,9451121,KNODELL,GRACE,2015-12-06,6,12,2015,7,1,9,9,,,0,,1,1,4,15,1,2,0,5,0,0,0,0,true,,false,false,true,false,false,,,,,,false,false,false,,,false,false,false,false,false,-83.0039,42.39892,"{
  ""coordinates"": [
    -8.300389579400000e+01,
    4.239892214100010e+01
  ],
  ""type"": ""Point""
}","{
  ""coordinates"": [
    -83.003895794,
    42.398922141
  ],
  ""type"": ""Point""
}",-83.003895794,42.3989221410001
1386,9451109,WARREN,ST JEAN,2015-12-06,6,12,2015,2,1,8,9,,4,0,,1,1,4,30,5,2,1,5,0,0,0,0,true,,false,false,true,false,false,,,,,,false,false,false,,,false,false,false,false,false,-82.9838,42.38728,"{
  ""coordinates"": [
    -8.298380566100001e+01,
    4.238727745900010e+01
  ],
  ""type"": ""Point""
}","{
  ""coordinates"": [
    -82.983805661,
    42.387277459
  ],
  ""type"": ""Point""
}",-82.983805661,42.3872774590001
1387,9449830,CENTRAL,DIX,2015-12-06,6,12,2015,20,1,97,9,,4,0,,1,3,4,30,2,3,6,5,0,0,0,0,true,,false,false,false,false,false,,,,,,false,false,true,,,false,false,false,false,false,-83.12766,42.31727,"{
  ""coordinates"": [
    -8.312765921999990e+01,
    4.231726684700000e+01
  ],
  ""type"": ""Point""
}","{
  ""coordinates"": [
    -83.12765922,
    42.317266847
  ],
  ""type"": ""Point""
}",-83.1276592199999,42.317266847
1388,9453219,WOODWARD,CANFIELD,2015-12-06,6,12,2015,16,1,4,3,,1,0,,1,1,1,25,2,2,4,5,0,0,0,0,true,,false,false,false,false,false,,,,,,false,false,true,,,false,false,false,false,false,-83.06141,42.35264,"{
  ""coordinates"": [
    -8.306140561900000e+01,
    4.235264165500010e+01
  ],
  ""type"": ""Point""
}","{
  ""coordinates"": [
    -83.061405619,
    42.352641655
  ],
  ""type"": ""Point""
}",-83.061405619,42.3526416550001
1389,9449872,FENKELL,SAINT MARYS,2015-12-06,6,12,2015,13,1,5,9,,2,0,,1,1,1,35,2,2,3,5,0,0,0,0,true,,false,false,false,false,false,,,,,,false,false,false,,,false,false,false,false,false,-83.20644,42.40133,"{
  ""coordinates"": [
    -8.320643721200000e+01,
    4.240132871100010e+01
  ],
  ""type"": ""Point""
}","{
  ""coordinates"": [
    -83.206437212,
    42.401328711
  ],
  ""type"": ""Point""
}",-83.206437212,42.4013287110001
1390,9451862,5403 PORTER,MORRELL,2015-12-06,6,12,2015,3,1,8,9,,,3,,1,1,4,20,3,2,1,5,0,0,0,0,true,,false,false,false,false,false,,,,,,false,false,false,,,false,false,false,false,false,-83.09807,42.31441,"{
  ""coordinates"": [
    -8.309806722899999e+01,
    4.231441187500010e+01
  ],
  ""type"": ""Point""
}","{
  ""coordinates"": [
    -83.098067229,
    42.314411875
  ],
  ""type"": ""Point""
}",-83.098067229,42.3144118750001
1391,9451159,MCNICHOLS,SCHAEFER,2015-12-06,6,12,2015,17,1,5,9,,2,0,,1,1,4,30,4,2,2,5,0,0,0,0,true,,false,false,false,false,false,,,,,,false,true,false,,,false,false,false,false,false,-83.17943,42.41658,"{
  ""coordinates"": [
    -8.317942945399990e+01,
    4.241658347000000e+01
  ],
  ""type"": ""Point""
}","{
  ""coordinates"": [
    -83.179429454,
    42.41658347
  ],
  ""type"": ""Point""
}",-83.1794294539999,42.41658347
1392,9449878,MCNICHOLS,MT ELLIOT,2015-12-06,6,12,2015,11,1,5,9,,4,0,,1,1,1,30,4,2,2,4,0,0,0,1,false,,false,false,false,false,false,,,,,,false,true,false,,,false,false,false,false,false,-83.03806,42.41917,"{
  ""coordinates"": [
    -8.303805508799999e+01,
    4.241917344100010e+01
  ],
  ""type"": ""Point""
}","{
  ""coordinates"": [
    -83.038055088,
    42.419173441
  ],
  ""type"": ""Point""
}",-83.038055088,42.4191734410001
1393,9449828,FENKELL,WILDEMERE,2015-12-06,6,12,2015,13,1,4,9,,4,0,,1,1,1,30,3,2,3,4,0,0,0,3,false,,false,false,false,false,false,,,,,,false,false,false,,,false,false,false,false,false,-83.13208,42.40285,"{
  ""coordinates"": [
    -8.313208052499991e+01,
    4.240285121700000e+01
  ],
  ""type"": ""Point""
}","{
  ""coordinates"": [
    -83.132080525,
    42.402851217
  ],
  ""type"": ""Point""
}",-83.1320805249999,42.402851217
1394,9449877,GREELEY,I-75 SERVICE,2015-12-06,6,12,2015,16,1,4,9,,,0,,1,1,1,30,2,2,1,5,0,0,0,0,true,,false,false,true,false,false,,,,,,false,false,true,,,false,false,false,false,false,-83.07887,42.40673,"{
  ""coordinates"": [
    -8.307886363800000e+01,
    4.240673336300010e+01
  ],
  ""type"": ""Point""
}","{
  ""coordinates"": [
    -83.078863638,
    42.406733363
  ],
  ""type"": ""Point""
}",-83.078863638,42.4067333630001
1395,9449873,7 MILE,FIELDING,2015-12-06,6,12,2015,17,1,4,9,,2,0,,1,1,4,35,4,2,2,5,0,0,0,0,true,,false,false,false,false,false,,,,,,false,true,false,,,false,false,false,false,false,-83.24426,42.42944,"{
  ""coordinates"": [
    -8.324425216500001e+01,
    4.242944058300000e+01
  ],
  ""type"": ""Point""
}","{
  ""coordinates"": [
    -83.244252165,
    42.429440583
  ],
  ""type"": ""Point""
}",-83.244252165,42.429440583
1396,9449827,GRAND,LINWOOD,2015-12-06,6,12,2015,0,1,1,9,,,1,,1,3,4,30,2,1,1,2,0,1,0,0,false,,false,false,false,true,false,,,,,,false,false,false,,,false,false,false,false,false,-83.12318,42.39459,"{
  ""coordinates"": [
    -8.312318565899990e+01,
    4.239458665900000e+01
  ],
  ""type"": ""Point""
}","{
  ""coordinates"": [
    -83.123185659,
    42.394586659
  ],
  ""type"": ""Point""
}",-83.1231856589999,42.394586659
1397,9449870,PILGRIM,DACOSTA,2015-12-06,6,12,2015,6,1,1,9,,,1,,1,3,4,20,2,1,1,5,0,0,0,0,true,,false,false,false,false,false,,,,,,false,false,false,,,false,false,false,false,false,-83.26055,42.40569,"{
  ""coordinates"": [
    -8.326054918800000e+01,
    4.240569380700000e+01
  ],
  ""type"": ""Point""
}","{
  ""coordinates"": [
    -83.260549188,
    42.405693807
  ],
  ""type"": ""Point""
}",-83.260549188,42.405693807
1398,9451112,JOY,COYLE,2015-12-06,6,12,2015,13,1,5,9,,4,0,,1,1,1,30,4,2,2,5,0,0,0,0,true,,false,false,true,false,false,,,,,,false,true,false,,,false,false,false,false,false,-83.19269,42.35822,"{
  ""coordinates"": [
    -8.319268602499990e+01,
    4.235822162500010e+01
  ],
  ""type"": ""Point""
}","{
  ""coordinates"": [
    -83.192686025,
    42.358221625
  ],
  ""type"": ""Point""
}",-83.1926860249999,42.3582216250001
1399,9591355,MEYERS,CLARITA,2015-12-06,6,12,2015,22,1,5,9,,4,0,,1,3,4,30,3,2,1,5,0,0,0,0,true,,false,false,false,false,false,,,,,,false,false,true,,,false,false,false,false,false,-83.17065,42.42999,"{
  ""coordinates"": [
    -8.317064305500000e+01,
    4.242999065400010e+01
  ],
  ""type"": ""Point""
}","{
  ""coordinates"": [
    -83.170643055,
    42.429990654
  ],
  ""type"": ""Point""
}",-83.170643055,42.4299906540001
1400,9449833,N M 39,GRAND RIVER,2015-12-06,6,12,2015,19,1,97,3,,1,0,,1,1,4,25,2,2,2,5,0,0,0,0,true,,true,true,false,false,false,,,,,,false,false,false,,,false,false,false,false,false,-83.21819,42.40067,"{
  ""coordinates"": [
    -8.321819515700000e+01,
    4.240066378000010e+01
  ],
  ""type"": ""Point""
}","{
  ""coordinates"": [
    -83.218195157,
    42.40066378
  ],
  ""type"": ""Point""
}",-83.218195157,42.4006637800001
1401,9464275,I-96,TELEGRAPH,2015-12-06,6,12,2015,4,1,8,1,,1,0,,1,2,4,70,4,2,1,4,0,0,0,1,false,,false,false,true,false,false,,,,,,false,false,false,,,false,false,false,false,false,-83.27234,42.38555,"{
  ""coordinates"": [
    -8.327233897900000e+01,
    4.238555203600000e+01
  ],
  ""type"": ""Point""
}","{
  ""coordinates"": [
    -83.272338979,
    42.385552036
  ],
  ""type"": ""Point""
}",-83.272338979,42.385552036
1402,9455271,N/B M 10,SCHAEFFER,2015-12-06,6,12,2015,15,1,8,3,,1,0,,1,1,1,55,3,2,2,5,0,0,0,0,true,,false,false,false,false,false,,,,,,false,true,true,,,false,false,false,false,false,-83.18045,42.42526,"{
  ""coordinates"": [
    -8.318044729800000e+01,
    4.242525885500000e+01
  ],
  ""type"": ""Point""
}","{
  ""coordinates"": [
    -83.180447298,
    42.425258855
  ],
  ""type"": ""Point""
}",-83.180447298,42.425258855
1403,9448212,I 75,DEARBORN,2015-12-06,6,12,2015,6,1,5,1,,1,0,,1,3,5,55,4,2,2,5,0,0,0,0,true,,false,false,false,false,false,,,,,,false,false,false,,,false,false,false,false,false,-83.12872,42.29203,"{
  ""coordinates"": [
    -8.312871831500000e+01,
    4.229203174400000e+01
  ],
  ""type"": ""Point""
}","{
  ""coordinates"": [
    -83.128718315,
    42.292031744
  ],
  ""type"": ""Point""
}",-83.128718315,42.292031744
1404,9471316,FISHER,24TH,2015-12-06,6,12,2015,5,1,1,1,,4,1,,2,3,4,25,1,1,1,5,0,0,0,0,true,,false,false,false,false,false,,,,,,false,false,true,,,false,false,false,false,false,-83.08304,42.31933,"{
  ""coordinates"": [
    -8.308303930200000e+01,
    4.231932921300010e+01
  ],
  ""type"": ""Point""
}","{
  ""coordinates"": [
    -83.083039302,
    42.319329213
  ],
  ""type"": ""Point""
}",-83.083039302,42.3193292130001
1405,9451150,HOLCOMB,SYLVESTER,2015-12-06,6,12,2015,2,1,1,9,,,1,,1,3,4,25,1,1,1,3,0,0,1,0,false,,false,false,true,false,false,,,,,,false,false,false,,,false,false,false,false,false,-82.99754,42.37331,"{
  ""coordinates"": [
    -8.299753773600000e+01,
    4.237331172900010e+01
  ],
  ""type"": ""Point""
}","{
  ""coordinates"": [
    -82.997537736,
    42.373311729
  ],
  ""type"": ""Point""
}",-82.997537736,42.3733117290001
1406,9475202,JOHN R,MT VERNON,2015-12-06,6,12,2015,15,1,5,9,,4,0,,1,1,3,30,3,2,2,5,0,0,0,0,true,,false,false,false,false,false,,,,,,false,false,true,,,false,false,false,false,false,-83.07497,42.37685,"{
  ""coordinates"": [
    -8.307496800300000e+01,
    4.237684927900010e+01
  ],
  ""type"": ""Point""
}","{
  ""coordinates"": [
    -83.074968003,
    42.376849279
  ],
  ""type"": ""Point""
}",-83.074968003,42.3768492790001
1407,9449818,PAUL,PIEDMONT,2015-12-06,6,12,2015,17,1,9,9,,4,0,,1,1,4,25,2,2,3,5,0,0,0,0,true,,false,false,false,false,false,,,,,,false,true,false,,,false,false,false,false,false,-83.22784,42.33596,"{
  ""coordinates"": [
    -8.322784246799991e+01,
    4.233596383900000e+01
  ],
  ""type"": ""Point""
}","{
  ""coordinates"": [
    -83.227842468,
    42.335963839
  ],
  ""type"": ""Point""
}",-83.2278424679999,42.335963839
1408,9455657,8 MILE,WOODWARD,2015-12-06,6,12,2015,18,1,5,3,,1,0,,1,1,4,45,4,2,4,5,0,0,0,0,true,,false,false,false,false,false,,,,,,false,false,true,,,false,false,false,false,false,-83.12466,42.44651,"{
  ""coordinates"": [
    -8.312465374600001e+01,
    4.244651162100010e+01
  ],
  ""type"": ""Point""
}","{
  ""coordinates"": [
    -83.124653746,
    42.446511621
  ],
  ""type"": ""Point""
}",-83.124653746,42.4465116210001
1409,9449651,E/B I 94,VAN DYKE,2015-12-06,6,12,2015,4,1,1,1,,1,0,,1,2,4,55,3,1,1,5,0,0,0,0,true,,false,false,false,false,false,,,,,,false,false,false,,,false,false,false,false,false,-83.02473,42.38508,"{
  ""coordinates"": [
    -8.302473095999990e+01,
    4.238507925600000e+01
  ],
  ""type"": ""Point""
}","{
  ""coordinates"": [
    -83.02473096,
    42.385079256
  ],
  ""type"": ""Point""
}",-83.0247309599999,42.385079256
1410,9449857,LONYO,ARNOLD,2015-12-06,6,12,2015,16,1,8,9,,4,0,,1,1,1,25,4,2,2,4,0,0,0,1,false,,false,false,false,false,false,,,,,,false,false,true,,,false,false,false,false,false,-83.14317,42.3287,"{
  ""coordinates"": [
    -8.314317497499999e+01,
    4.232870357000010e+01
  ],
  ""type"": ""Point""
}","{
  ""coordinates"": [
    -83.143174975,
    42.32870357
  ],
  ""type"": ""Point""
}",-83.143174975,42.3287035700001
1411,9451870,ROSA PARKS,GRAND,2015-12-06,6,12,2015,17,1,97,9,,4,0,,1,1,1,30,2,2,0,5,0,0,0,0,true,,false,false,false,false,false,,,,,,true,false,false,,,false,false,false,false,false,-83.11426,42.39785,"{
  ""coordinates"": [
    -8.311426064699999e+01,
    4.239785446700010e+01
  ],
  ""type"": ""Point""
}","{
  ""coordinates"": [
    -83.114260647,
    42.397854467
  ],
  ""type"": ""Point""
}",-83.114260647,42.3978544670001
1412,9455204,I 75 S/B,8 MILE,2015-12-06,6,12,2015,3,1,8,1,,1,0,,1,2,4,70,3,2,2,5,0,0,0,0,true,,false,false,true,false,false,,,,,,false,false,false,,,false,false,false,false,false,-83.09516,42.4432,"{
  ""coordinates"": [
    -8.309516108299989e+01,
    4.244319419100000e+01
  ],
  ""type"": ""Point""
}","{
  ""coordinates"": [
    -83.095161083,
    42.443194191
  ],
  ""type"": ""Point""
}",-83.0951610829999,42.443194191
1413,9451123,HUBBELL,CHALFONTE,2015-12-06,6,12,2015,6,1,4,9,,4,0,,1,3,4,30,2,2,1,5,0,0,0,0,true,,true,false,true,false,false,,,,,,false,false,false,,,false,false,false,false,false,-83.18881,42.3996,"{
  ""coordinates"": [
    -8.318881488600000e+01,
    4.239960384300010e+01
  ],
  ""type"": ""Point""
}","{
  ""coordinates"": [
    -83.188814886,
    42.399603843
  ],
  ""type"": ""Point""
}",-83.188814886,42.3996038430001
1414,9467070,ARCHDALE,ELMIRA,2015-12-06,6,12,2015,10,1,2,9,,,0,,1,1,1,25,3,2,4,5,0,0,0,0,true,,false,false,false,false,false,,,,,,false,true,false,,,false,false,false,false,false,-83.21557,42.36986,"{
  ""coordinates"": [
    -8.321556825999990e+01,
    4.236986172200010e+01
  ],
  ""type"": ""Point""
}","{
  ""coordinates"": [
    -83.21556826,
    42.369861722
  ],
  ""type"": ""Point""
}",-83.2155682599999,42.3698617220001
1415,9451140,HARPER,CADIEUX,2015-12-06,6,12,2015,16,1,4,9,,4,0,,1,1,3,30,4,2,2,5,0,0,0,0,true,,false,false,false,false,false,,,,,,false,false,true,,,false,false,false,false,false,-82.93637,42.41654,"{
  ""coordinates"": [
    -8.293637132200000e+01,
    4.241653915700000e+01
  ],
  ""type"": ""Point""
}","{
  ""coordinates"": [
    -82.936371322,
    42.416539157
  ],
  ""type"": ""Point""
}",-82.936371322,42.416539157
1416,9449865,JOY,S M 39 SERVICE DRIVE,2015-12-06,6,12,2015,22,1,97,9,,2,0,,1,3,4,35,5,2,2,5,0,0,0,0,true,,false,false,false,false,false,,,,,,false,false,false,,,false,false,false,false,false,-83.21694,42.35783,"{
  ""coordinates"": [
    -8.321693868900000e+01,
    4.235783519700000e+01
  ],
  ""type"": ""Point""
}","{
  ""coordinates"": [
    -83.216938689,
    42.357835197
  ],
  ""type"": ""Point""
}",-83.216938689,42.357835197
1417,9455607,CAMPBELL,N I 75 SERVICE DRIVE,2015-12-06,6,12,2015,4,1,1,9,,,1,,1,1,4,25,4,1,3,2,0,2,1,0,false,,false,false,false,true,false,,,,,,false,false,true,,,false,false,false,false,false,-83.09845,42.30959,"{
  ""coordinates"": [
    -8.309844696300000e+01,
    4.230958970700000e+01
  ],
  ""type"": ""Point""
}","{
  ""coordinates"": [
    -83.098446963,
    42.309589707
  ],
  ""type"": ""Point""
}",-83.098446963,42.309589707
1418,9457550,HAYES,FAIRMOUNT,2015-12-06,6,12,2015,23,1,4,9,,4,0,,1,1,4,30,2,2,2,4,0,0,0,1,false,,false,false,false,false,false,,,,,,false,false,false,,,false,false,false,false,false,-82.96584,42.44451,"{
  ""coordinates"": [
    -8.296583217400000e+01,
    4.244450858500010e+01
  ],
  ""type"": ""Point""
}","{
  ""coordinates"": [
    -82.965832174,
    42.444508585
  ],
  ""type"": ""Point""
}",-82.965832174,42.4445085850001
1419,9449816,SEVEN MILE,VERONA,2015-12-06,6,12,2015,5,1,4,9,,4,0,,1,3,4,35,4,2,1,5,0,0,0,0,true,,false,false,true,false,false,,,,,,false,false,false,,,false,false,false,false,false,-82.98186,42.43498,"{
  ""coordinates"": [
    -8.298185599999989e+01,
    4.243498338500010e+01
  ],
  ""type"": ""Point""
}","{
  ""coordinates"": [
    -82.981856,
    42.434983385
  ],
  ""type"": ""Point""
}",-82.9818559999999,42.4349833850001
1420,9449871,FENKELL,GRAND RIVER,2015-12-06,6,12,2015,10,1,97,3,,2,0,,1,2,1,35,4,2,2,3,0,0,1,0,false,,false,false,true,false,true,,,,,,false,false,true,,,false,false,false,false,false,-83.2193,42.4011,"{
  ""coordinates"": [
    -8.321929897599991e+01,
    4.240109759200000e+01
  ],
  ""type"": ""Point""
}","{
  ""coordinates"": [
    -83.219298976,
    42.401097592
  ],
  ""type"": ""Point""
}",-83.2192989759999,42.401097592
1421,9451721,I 75,MCNICHOLS,2015-12-06,6,12,2015,12,1,8,1,,1,0,,1,1,1,70,4,2,1,5,0,0,0,0,true,,false,false,true,false,false,,,,,,false,false,true,,,false,false,false,false,false,-83.09001,42.42054,"{
  ""coordinates"": [
    -8.309001404500000e+01,
    4.242054151500000e+01
  ],
  ""type"": ""Point""
}","{
  ""coordinates"": [
    -83.090014045,
    42.420541515
  ],
  ""type"": ""Point""
}",-83.090014045,42.420541515
1422,9451839,LONYO,JOHN KRONK,2015-12-06,6,12,2015,1,1,5,9,,4,0,,1,1,5,30,2,2,2,4,0,0,0,1,false,,false,false,true,false,false,,,,,,false,false,false,,,false,false,false,false,false,-83.1375,42.32086,"{
  ""coordinates"": [
    -8.313749697299990e+01,
    4.232086355900000e+01
  ],
  ""type"": ""Point""
}","{
  ""coordinates"": [
    -83.137496973,
    42.320863559
  ],
  ""type"": ""Point""
}",-83.1374969729999,42.320863559
1423,9449652,E I 96 CD,RAMP 135A,2015-12-06,6,12,2015,18,1,8,1,,1,0,,1,1,4,55,4,2,1,5,0,0,0,0,true,,false,false,true,false,false,,,,,,false,true,false,,,false,false,false,false,false,-83.2434,42.38493,"{
  ""coordinates"": [
    -8.324340025399989e+01,
    4.238492763700000e+01
  ],
  ""type"": ""Point""
}","{
  ""coordinates"": [
    -83.243400254,
    42.384927637
  ],
  ""type"": ""Point""
}",-83.2434002539999,42.384927637
1424,9451158,LYNCH,VAN DYKE,2015-12-06,6,12,2015,19,1,8,3,,4,0,,1,1,4,25,2,2,0,5,0,0,0,0,true,,false,false,true,false,false,,,,,,false,false,false,,,false,false,false,false,false,-83.0237,42.40499,"{
  ""coordinates"": [
    -8.302369894899989e+01,
    4.240498612700000e+01
  ],
  ""type"": ""Point""
}","{
  ""coordinates"": [
    -83.023698949,
    42.404986127
  ],
  ""type"": ""Point""
}",-83.0236989489999,42.404986127
1425,9449867,LYNDON,BURT,2015-12-06,6,12,2015,13,1,5,9,,4,0,,1,1,1,30,3,2,6,5,0,0,0,0,true,,false,false,true,false,false,,,,,,false,false,false,,,false,false,false,false,false,-83.24678,42.39326,"{
  ""coordinates"": [
    -8.324677944099990e+01,
    4.239326581000010e+01
  ],
  ""type"": ""Point""
}","{
  ""coordinates"": [
    -83.246779441,
    42.39326581
  ],
  ""type"": ""Point""
}",-83.2467794409999,42.3932658100001
1426,9449825,GRAND RIVER,HEYDEN,2015-12-06,6,12,2015,10,1,2,3,,1,0,,1,2,1,35,6,2,1,3,0,0,1,0,false,,false,false,false,false,false,,,,,,false,false,false,,,false,false,false,false,false,-83.23961,42.40927,"{
  ""coordinates"": [
    -8.323960569699990e+01,
    4.240927179500010e+01
  ],
  ""type"": ""Point""
}","{
  ""coordinates"": [
    -83.239605697,
    42.409271795
  ],
  ""type"": ""Point""
}",-83.2396056969999,42.4092717950001