ObjectId,Crash ID,Primary Road,Intersecting Road,Crash Date,Day,Month,Year,Hour,Weekday,Crash Type Code,Highway Classification Code,Community Code,Jurisdiction Code,Lane Departure Type Code,Surface Type,Road Condition,Weather Condition,Lighting Condition,Speed Limit,Lanes,Units,Occupants,Most Severe Injury,Fatal Injuries,Suspected Serious Injuries,Suspected Minor Injuries,Possible Injuries,Property Damage Only,Secondary Crash,Traffic Control,Red Light Run,Hit and Run,Alcohol,Drugs,Unbelted Person,Work Zone,Speeding Driver,Distracted Driver,Driveway,Pedestrian,Elderly Driver,Young Driver,Commercial Vehicle,Emergency Vehicles,Train,School Bus,Motorcycle,Bicycle,Deer,Longitude,Latitude,geom,geog,x,y
1484,9448328,WOODWARD,STATE FAIR,2015-12-04,4,12,2015,17,6,4,3,,1,0,,1,1,4,40,4,2,2,5,0,0,0,0,true,,true,true,false,false,false,,,,,,false,false,false,,,false,false,false,false,false,-83.12025,42.43988,"{
  ""coordinates"": [
    -8.312024582100000e+01,
    4.243987726100000e+01
  ],
  ""type"": ""Point""
}","{
  ""coordinates"": [
    -83.120245821,
    42.439877261
  ],
  ""type"": ""Point""
}",-83.120245821,42.439877261
1485,9448382,EVERGREEN,7 MILE,2015-12-04,4,12,2015,18,6,8,9,,4,0,,1,1,5,30,5,2,3,5,0,0,0,0,true,,false,false,false,false,false,,,,,,false,true,false,,,false,false,false,false,false,-83.23887,42.42985,"{
  ""coordinates"": [
    -8.323886953899989e+01,
    4.242984652500010e+01
  ],
  ""type"": ""Point""
}","{
  ""coordinates"": [
    -83.238869539,
    42.429846525
  ],
  ""type"": ""Point""
}",-83.2388695389999,42.4298465250001
1486,9466895,SB M-10,DAVISON,2015-12-04,4,12,2015,13,6,5,3,,1,0,,1,1,1,55,3,2,1,5,0,0,0,0,true,,false,false,false,false,false,,,,,,false,false,false,,,false,false,false,false,false,-83.10909,42.3969,"{
  ""coordinates"": [
    -8.310909035799990e+01,
    4.239689911400010e+01
  ],
  ""type"": ""Point""
}","{
  ""coordinates"": [
    -83.109090358,
    42.396899114
  ],
  ""type"": ""Point""
}",-83.1090903579999,42.3968991140001
1487,9467044,MCNICHOLS,LINDSAY,2015-12-04,4,12,2015,7,6,5,9,,2,0,,1,1,1,35,5,2,1,5,0,0,0,0,true,,false,false,true,false,false,,,,,,false,false,false,,,false,false,false,false,false,-83.21325,42.41567,"{
  ""coordinates"": [
    -8.321324816800001e+01,
    4.241566706600000e+01
  ],
  ""type"": ""Point""
}","{
  ""coordinates"": [
    -83.213248168,
    42.415667066
  ],
  ""type"": ""Point""
}",-83.213248168,42.415667066
1488,9448326,HENDRIE,RUSSELL,2015-12-04,4,12,2015,12,6,8,9,,,0,,1,1,1,25,1,2,2,5,0,0,0,0,true,,false,false,false,false,false,,,,,,false,false,false,,,false,false,false,false,false,-83.05517,42.36852,"{
  ""coordinates"": [
    -8.305516519299989e+01,
    4.236851449200000e+01
  ],
  ""type"": ""Point""
}","{
  ""coordinates"": [
    -83.055165193,
    42.368514492
  ],
  ""type"": ""Point""
}",-83.0551651929999,42.368514492
1489,9451162,SCHAEFER,MCNICHOLS,2015-12-04,4,12,2015,18,6,5,9,,4,0,,1,1,4,0,2,2,2,5,0,0,0,0,true,,false,false,false,false,false,,,,,,false,false,true,,,false,false,false,false,false,-83.17979,42.41659,"{
  ""coordinates"": [
    -8.317979767500000e+01,
    4.241658889000010e+01
  ],
  ""type"": ""Point""
}","{
  ""coordinates"": [
    -83.179797675,
    42.41658889
  ],
  ""type"": ""Point""
}",-83.179797675,42.4165888900001
1490,9462192,VERNOR,DIX,2015-12-04,4,12,2015,15,6,97,9,,4,0,,1,1,1,25,3,2,2,5,0,0,0,0,true,,true,false,true,false,false,,,,,,false,false,false,,,false,false,false,false,false,-83.11612,42.31591,"{
  ""coordinates"": [
    -8.311612103200000e+01,
    4.231591254900010e+01
  ],
  ""type"": ""Point""
}","{
  ""coordinates"": [
    -83.116121032,
    42.315912549
  ],
  ""type"": ""Point""
}",-83.116121032,42.3159125490001
1491,9469117,SOUTHFIELD SERVICE,FENKELL,2015-12-04,4,12,2015,14,6,4,3,,1,0,,1,1,1,25,3,2,2,5,0,0,0,0,true,,false,false,false,false,false,,,,,,false,false,false,,,false,true,false,false,false,-83.21838,42.40106,"{
  ""coordinates"": [
    -8.321837711900000e+01,
    4.240106008000000e+01
  ],
  ""type"": ""Point""
}","{
  ""coordinates"": [
    -83.218377119,
    42.40106008
  ],
  ""type"": ""Point""
}",-83.218377119,42.40106008
1492,9449835,WOODDBRIDGE,ST ANTOINE,2015-12-04,4,12,2015,16,6,1,9,,4,0,,1,1,1,20,2,2,0,4,0,0,0,1,false,,false,false,true,false,false,,,,,,true,false,false,,,false,false,false,false,false,-83.03748,42.33094,"{
  ""coordinates"": [
    -8.303748485999991e+01,
    4.233093805100000e+01
  ],
  ""type"": ""Point""
}","{
  ""coordinates"": [
    -83.03748486,
    42.330938051
  ],
  ""type"": ""Point""
}",-83.0374848599999,42.330938051
1493,9449692,GRATIOT,E I 94,2015-12-04,4,12,2015,12,6,5,3,,1,0,,1,1,1,35,3,2,3,5,0,0,0,0,true,,false,false,false,false,false,,,,,,false,true,false,,,false,false,true,false,false,-83.00643,42.39129,"{
  ""coordinates"": [
    -8.300643430199990e+01,
    4.239129192500010e+01
  ],
  ""type"": ""Point""
}","{
  ""coordinates"": [
    -83.006434302,
    42.391291925
  ],
  ""type"": ""Point""
}",-83.0064343019999,42.3912919250001
1494,9455270,M-10,CHICAGO,2015-12-04,4,12,2015,10,6,5,3,,1,0,,1,1,1,55,3,3,5,3,0,0,2,1,false,,false,false,true,false,true,,,,,,false,false,true,,,false,false,false,false,false,-83.0943,42.38231,"{
  ""coordinates"": [
    -8.309429911200000e+01,
    4.238230670600010e+01
  ],
  ""type"": ""Point""
}","{
  ""coordinates"": [
    -83.094299112,
    42.382306706
  ],
  ""type"": ""Point""
}",-83.094299112,42.3823067060001
1495,9449657,N M 10,RAMP 215C,2015-12-04,4,12,2015,18,6,5,3,,1,0,,1,1,5,55,4,2,2,5,0,0,0,0,true,,false,false,false,false,false,,,,,,false,false,false,,,false,false,false,false,false,-83.07452,42.35595,"{
  ""coordinates"": [
    -8.307452769600000e+01,
    4.235594861900010e+01
  ],
  ""type"": ""Point""
}","{
  ""coordinates"": [
    -83.074527696,
    42.355948619
  ],
  ""type"": ""Point""
}",-83.074527696,42.3559486190001
1496,9448350,WYOMING,INTERVALE,2015-12-04,4,12,2015,18,6,5,9,,4,0,,1,2,4,30,2,3,2,5,0,0,0,0,true,,false,false,true,false,false,,,,,,false,false,true,,,false,false,false,false,false,-83.15921,42.39178,"{
  ""coordinates"": [
    -8.315920734600000e+01,
    4.239177835000000e+01
  ],
  ""type"": ""Point""
}","{
  ""coordinates"": [
    -83.159207346,
    42.39177835
  ],
  ""type"": ""Point""
}",-83.159207346,42.39177835
1497,9451726,N M 10,GREENLAWN,2015-12-04,4,12,2015,10,6,1,3,,1,1,,1,2,1,55,3,1,1,5,0,0,0,0,true,,false,false,false,false,false,,,,,,false,false,false,,,false,false,false,false,false,-83.15051,42.40487,"{
  ""coordinates"": [
    -8.315050615800000e+01,
    4.240486614900000e+01
  ],
  ""type"": ""Point""
}","{
  ""coordinates"": [
    -83.150506158,
    42.404866149
  ],
  ""type"": ""Point""
}",-83.150506158,42.404866149
1498,9449826,ANTHONY WAYNE,FOREST,2015-12-04,4,12,2015,21,6,4,9,,4,0,,1,1,4,25,2,2,2,5,0,0,0,0,true,,true,true,false,false,false,,,,,,false,false,false,,,false,false,false,false,false,-83.06989,42.35234,"{
  ""coordinates"": [
    -8.306988735700000e+01,
    4.235234424900010e+01
  ],
  ""type"": ""Point""
}","{
  ""coordinates"": [
    -83.069887357,
    42.352344249
  ],
  ""type"": ""Point""
}",-83.069887357,42.3523442490001
1499,9448344,LEEWIN,MCINTYRE,2015-12-04,4,12,2015,15,6,8,9,,,0,,1,1,1,25,2,2,8,5,0,0,0,0,true,,false,false,false,false,false,,,,,,false,false,false,,,false,false,false,false,false,-83.26345,42.43718,"{
  ""coordinates"": [
    -8.326344691400000e+01,
    4.243718138500000e+01
  ],
  ""type"": ""Point""
}","{
  ""coordinates"": [
    -83.263446914,
    42.437181385
  ],
  ""type"": ""Point""
}",-83.263446914,42.437181385
1500,9448362,SEEBALDT,BEECHWOOD,2015-12-04,4,12,2015,1,6,8,9,,,0,,1,1,3,20,1,2,0,5,0,0,0,0,true,,false,false,true,false,false,,,,,,false,true,false,,,false,false,false,false,false,-83.12084,42.35461,"{
  ""coordinates"": [
    -8.312084500000000e+01,
    4.235461578800000e+01
  ],
  ""type"": ""Point""
}","{
  ""coordinates"": [
    -83.120845,
    42.354615788
  ],
  ""type"": ""Point""
}",-83.120845,42.354615788
1501,9448327,M 10 SERVICE,TEMPLE,2015-12-04,4,12,2015,12,6,4,9,,4,0,,1,1,1,25,2,2,2,5,0,0,0,0,true,,true,true,false,false,false,,,,,,false,false,true,,,false,false,false,false,false,-83.06659,42.33912,"{
  ""coordinates"": [
    -8.306658907600000e+01,
    4.233911704800000e+01
  ],
  ""type"": ""Point""
}","{
  ""coordinates"": [
    -83.066589076,
    42.339117048
  ],
  ""type"": ""Point""
}",-83.066589076,42.339117048
1502,9449892,JAMES COUZENS,MEYERS,2015-12-04,4,12,2015,7,6,8,9,,4,0,,1,2,1,35,3,2,2,5,0,0,0,0,true,,false,false,true,false,false,,,,,,false,false,false,,,false,false,false,false,false,-83.16998,42.41463,"{
  ""coordinates"": [
    -8.316997231800001e+01,
    4.241462847800010e+01
  ],
  ""type"": ""Point""
}","{
  ""coordinates"": [
    -83.169972318,
    42.414628478
  ],
  ""type"": ""Point""
}",-83.169972318,42.4146284780001
1503,9448396,S M 10,GRAND,2015-12-04,4,12,2015,6,6,4,3,,1,0,,1,1,4,35,2,2,5,5,0,0,0,0,true,,false,false,false,false,false,,,,,,false,false,false,,,false,false,false,false,false,-83.08197,42.36708,"{
  ""coordinates"": [
    -8.308196905699999e+01,
    4.236708254800000e+01
  ],
  ""type"": ""Point""
}","{
  ""coordinates"": [
    -83.081969057,
    42.367082548
  ],
  ""type"": ""Point""
}",-83.081969057,42.367082548
1504,9448325,FULLERTON,CLOVERLAWN,2015-12-04,4,12,2015,2,6,4,9,,4,0,,1,1,3,35,2,2,1,5,0,0,0,0,true,,false,false,false,false,false,,,,,,false,true,false,,,false,false,false,false,false,-83.15167,42.38092,"{
  ""coordinates"": [
    -8.315167162599990e+01,
    4.238091828300000e+01
  ],
  ""type"": ""Point""
}","{
  ""coordinates"": [
    -83.151671626,
    42.380918283
  ],
  ""type"": ""Point""
}",-83.1516716259999,42.380918283
1505,9448381,N M 39,GRAND RIVER,2015-12-04,4,12,2015,3,6,1,3,,1,1,,1,1,4,35,3,1,1,5,0,0,0,0,true,,false,false,false,false,false,,,,,,false,false,false,,,false,false,false,false,false,-83.21819,42.40072,"{
  ""coordinates"": [
    -8.321819508999990e+01,
    4.240072331100000e+01
  ],
  ""type"": ""Point""
}","{
  ""coordinates"": [
    -83.21819509,
    42.400723311
  ],
  ""type"": ""Point""
}",-83.2181950899999,42.400723311
1506,9448337,GRAND,JOHN R,2015-12-04,4,12,2015,13,6,8,9,,4,0,,1,1,1,30,3,2,5,5,0,0,0,0,true,,false,false,false,false,false,,,,,,false,false,true,,,false,false,false,false,false,-83.07114,42.37115,"{
  ""coordinates"": [
    -8.307114471100000e+01,
    4.237115219300010e+01
  ],
  ""type"": ""Point""
}","{
  ""coordinates"": [
    -83.071144711,
    42.371152193
  ],
  ""type"": ""Point""
}",-83.071144711,42.3711521930001
1507,9448324,GRATIOT,CHENE,2015-12-04,4,12,2015,16,6,8,3,,1,0,,1,1,1,30,7,2,1,5,0,0,0,0,true,,false,false,true,false,false,,,,,,false,false,false,,,false,false,false,false,false,-83.03148,42.35334,"{
  ""coordinates"": [
    -8.303147767300000e+01,
    4.235334090500000e+01
  ],
  ""type"": ""Point""
}","{
  ""coordinates"": [
    -83.031477673,
    42.353340905
  ],
  ""type"": ""Point""
}",-83.031477673,42.353340905
1508,9453200,N I 75,CLIFFORD,2015-12-04,4,12,2015,0,6,4,1,,1,0,,1,1,4,25,2,2,2,5,0,0,0,0,true,,true,true,false,true,false,,,,,,false,false,false,,,false,false,false,false,false,-83.05592,42.33841,"{
  ""coordinates"": [
    -8.305591650699991e+01,
    4.233841028300000e+01
  ],
  ""type"": ""Point""
}","{
  ""coordinates"": [
    -83.055916507,
    42.338410283
  ],
  ""type"": ""Point""
}",-83.0559165069999,42.338410283
1509,9448351,WYOMING,BELTON,2015-12-04,4,12,2015,0,6,1,9,,4,1,,1,1,4,25,2,1,1,2,0,1,0,0,false,,false,false,false,false,false,,,,,,false,false,false,,,false,false,false,false,false,-83.1576,42.35329,"{
  ""coordinates"": [
    -8.315759680699990e+01,
    4.235328802700010e+01
  ],
  ""type"": ""Point""
}","{
  ""coordinates"": [
    -83.157596807,
    42.353288027
  ],
  ""type"": ""Point""
}",-83.1575968069999,42.3532880270001
1510,9478383,SCHAEFER,FENKELL,2015-12-04,4,12,2015,14,6,5,9,,4,0,,1,1,1,35,4,2,3,5,0,0,0,0,true,,false,false,false,false,false,,,,,,false,false,false,,,false,false,false,false,false,-83.17912,42.40211,"{
  ""coordinates"": [
    -8.317912200400001e+01,
    4.240210694100010e+01
  ],
  ""type"": ""Point""
}","{
  ""coordinates"": [
    -83.179122004,
    42.402106941
  ],
  ""type"": ""Point""
}",-83.179122004,42.4021069410001
1511,9451893,MCNICHOLS,ROSEMONT,2015-12-04,4,12,2015,17,6,5,9,,2,0,,1,1,4,35,4,3,3,5,0,0,0,0,true,,false,false,false,false,false,,,,,,false,true,false,,,false,false,false,false,false,-83.22143,42.4155,"{
  ""coordinates"": [
    -8.322143006100001e+01,
    4.241549922800000e+01
  ],
  ""type"": ""Point""
}","{
  ""coordinates"": [
    -83.221430061,
    42.415499228
  ],
  ""type"": ""Point""
}",-83.221430061,42.415499228
1512,9449823,MCNICHOLS,SCHAEFER,2015-12-04,4,12,2015,11,6,4,9,,2,0,,1,2,1,35,5,2,3,5,0,0,0,0,true,,false,false,false,false,false,,,,,,false,false,false,,,false,false,false,false,false,-83.17992,42.41659,"{
  ""coordinates"": [
    -8.317991630099991e+01,
    4.241658685400010e+01
  ],
  ""type"": ""Point""
}","{
  ""coordinates"": [
    -83.179916301,
    42.416586854
  ],
  ""type"": ""Point""
}",-83.1799163009999,42.4165868540001
1513,9449890,LIVERNOIS,NORFOLK SOUTHERN RAILWAY,2015-12-04,4,12,2015,15,6,5,9,,4,0,,1,1,1,30,2,2,2,5,0,0,0,0,true,,false,false,false,false,false,,,,,,false,false,true,,,false,false,false,false,false,-83.14182,42.44417,"{
  ""coordinates"": [
    -8.314182646700000e+01,
    4.244417156200010e+01
  ],
  ""type"": ""Point""
}","{
  ""coordinates"": [
    -83.141826467,
    42.444171562
  ],
  ""type"": ""Point""
}",-83.141826467,42.4441715620001
1514,9448356,GRATIOT,RANDOLPH,2015-12-04,4,12,2015,7,6,4,3,,1,0,,1,1,1,35,7,3,3,5,0,0,0,0,true,,false,false,false,false,false,,,,,,false,false,true,,,false,false,false,false,false,-83.04501,42.33535,"{
  ""coordinates"": [
    -8.304501016800000e+01,
    4.233535404000000e+01
  ],
  ""type"": ""Point""
}","{
  ""coordinates"": [
    -83.045010168,
    42.33535404
  ],
  ""type"": ""Point""
}",-83.045010168,42.33535404
1515,9449683,I-94,CONNER,2015-12-04,4,12,2015,7,6,5,1,,1,0,,1,2,2,55,3,2,1,5,0,0,0,0,true,,false,false,true,false,false,,,,,,false,false,false,,,false,false,false,false,false,-82.96996,42.40234,"{
  ""coordinates"": [
    -8.296995401800000e+01,
    4.240233981000010e+01
  ],
  ""type"": ""Point""
}","{
  ""coordinates"": [
    -82.969954018,
    42.40233981
  ],
  ""type"": ""Point""
}",-82.969954018,42.4023398100001
1516,9449697,N I 75,GRAND RIVER,2015-12-04,4,12,2015,18,6,5,1,,1,0,,1,1,4,55,2,2,4,4,0,0,0,1,false,,false,false,false,false,false,,,,,,false,false,true,,,false,false,false,false,false,-83.05928,42.33643,"{
  ""coordinates"": [
    -8.305928409500000e+01,
    4.233643384800010e+01
  ],
  ""type"": ""Point""
}","{
  ""coordinates"": [
    -83.059284095,
    42.336433848
  ],
  ""type"": ""Point""
}",-83.059284095,42.3364338480001
1517,9449840,GREENFIELD,CHICAGO,2015-12-04,4,12,2015,17,6,1,9,,2,0,,1,2,1,35,4,2,1,3,0,0,1,0,false,,false,false,false,false,false,,,,,,true,false,false,,,false,false,false,false,false,-83.19728,42.36564,"{
  ""coordinates"": [
    -8.319727973200000e+01,
    4.236563924900000e+01
  ],
  ""type"": ""Point""
}","{
  ""coordinates"": [
    -83.197279732,
    42.365639249
  ],
  ""type"": ""Point""
}",-83.197279732,42.365639249
1518,9450998,N I 75,RAMP 045B,2015-12-04,4,12,2015,1,6,5,1,,1,0,,1,1,1,70,4,2,3,5,0,0,0,0,true,,false,false,false,false,false,,,,,,false,false,true,,,false,false,false,false,false,-83.06458,42.38134,"{
  ""coordinates"": [
    -8.306458093399991e+01,
    4.238134124700010e+01
  ],
  ""type"": ""Point""
}","{
  ""coordinates"": [
    -83.064580934,
    42.381341247
  ],
  ""type"": ""Point""
}",-83.0645809339999,42.3813412470001
1519,9455528,ANNABELLE,VISGER,2015-12-04,4,12,2015,12,6,97,9,,,1,,1,1,1,25,3,1,1,5,0,0,0,0,true,,false,false,false,false,false,,,,,,false,false,true,,,false,false,false,false,false,-83.15754,42.26639,"{
  ""coordinates"": [
    -8.315754245900000e+01,
    4.226639170300010e+01
  ],
  ""type"": ""Point""
}","{
  ""coordinates"": [
    -83.157542459,
    42.266391703
  ],
  ""type"": ""Point""
}",-83.157542459,42.2663917030001
1520,9448378,N M 39,GRAND RIVER,2015-12-04,4,12,2015,3,6,1,3,,1,1,,1,1,4,35,3,1,1,5,0,0,0,0,true,,false,false,false,false,false,,,,,,false,false,false,,,false,false,false,false,false,-83.21819,42.40069,"{
  ""coordinates"": [
    -8.321819512400000e+01,
    4.240069354600010e+01
  ],
  ""type"": ""Point""
}","{
  ""coordinates"": [
    -83.218195124,
    42.400693546
  ],
  ""type"": ""Point""
}",-83.218195124,42.4006935460001
1521,9449839,WYOMING,BUENA,2015-12-04,4,12,2015,14,6,5,9,,4,0,,1,2,1,30,2,2,1,5,0,0,0,0,true,,false,false,true,false,false,,,,,,false,false,false,,,false,false,false,false,false,-83.15891,42.38337,"{
  ""coordinates"": [
    -8.315890875400000e+01,
    4.238337210700010e+01
  ],
  ""type"": ""Point""
}","{
  ""coordinates"": [
    -83.158908754,
    42.383372107
  ],
  ""type"": ""Point""
}",-83.158908754,42.3833721070001
1522,9472874,GRAND RIVER,LAHSER,2015-12-04,4,12,2015,20,6,4,3,,1,0,,1,1,4,35,6,2,1,4,0,0,0,1,false,,false,false,true,false,false,,,,,,false,false,false,,,false,false,false,false,false,-83.25764,42.41649,"{
  ""coordinates"": [
    -8.325763493600000e+01,
    4.241648737300010e+01
  ],
  ""type"": ""Point""
}","{
  ""coordinates"": [
    -83.257634936,
    42.416487373
  ],
  ""type"": ""Point""
}",-83.257634936,42.4164873730001
1523,9459409,MCNICHOLS,TRACEY,2015-12-04,4,12,2015,7,6,8,9,,2,0,,97,98,98,35,2,2,2,4,0,0,0,1,false,,false,false,false,false,false,,,,,,false,false,false,,,false,false,false,false,false,-83.18105,42.41657,"{
  ""coordinates"": [
    -8.318105390300001e+01,
    4.241656697600010e+01
  ],
  ""type"": ""Point""
}","{
  ""coordinates"": [
    -83.181053903,
    42.416566976
  ],
  ""type"": ""Point""
}",-83.181053903,42.4165669760001
1524,9448354,S I 75,RAMP 216J,2015-12-04,4,12,2015,11,6,8,1,,1,0,,1,1,1,0,8,2,2,5,0,0,0,0,true,,false,false,true,false,false,,,,,,false,false,true,,,false,false,false,false,false,-83.0585,42.36916,"{
  ""coordinates"": [
    -8.305850050899990e+01,
    4.236915671600010e+01
  ],
  ""type"": ""Point""
}","{
  ""coordinates"": [
    -83.058500509,
    42.369156716
  ],
  ""type"": ""Point""
}",-83.0585005089999,42.3691567160001
1525,9449874,SEVEN MILE,GRATIOT,2015-12-04,4,12,2015,23,6,5,3,,4,0,,1,1,4,35,7,2,2,5,0,0,0,0,true,,false,false,false,false,false,,,,,,false,true,true,,,false,false,false,false,false,-82.97777,42.43507,"{
  ""coordinates"": [
    -8.297776513100000e+01,
    4.243507427900000e+01
  ],
  ""type"": ""Point""
}","{
  ""coordinates"": [
    -82.977765131,
    42.435074279
  ],
  ""type"": ""Point""
}",-82.977765131,42.435074279
1526,9448363,WOODWARD,ALGER,2015-12-04,4,12,2015,15,6,8,3,,1,0,,1,1,1,30,6,2,2,4,0,0,0,1,false,,false,false,false,false,false,,,,,,false,true,false,,,false,false,false,false,false,-83.07957,42.37961,"{
  ""coordinates"": [
    -8.307957197600000e+01,
    4.237960646600000e+01
  ],
  ""type"": ""Point""
}","{
  ""coordinates"": [
    -83.079571976,
    42.379606466
  ],
  ""type"": ""Point""
}",-83.079571976,42.379606466
1527,9448364,WARREN,LAKEWOOD,2015-12-04,4,12,2015,1,6,2,9,,4,2,,1,1,4,30,5,2,1,5,0,0,0,0,true,,false,false,true,false,false,,,,,,false,false,false,,,false,false,false,false,false,-82.96026,42.39494,"{
  ""coordinates"": [
    -8.296025887400000e+01,
    4.239493684200000e+01
  ],
  ""type"": ""Point""
}","{
  ""coordinates"": [
    -82.960258874,
    42.394936842
  ],
  ""type"": ""Point""
}",-82.960258874,42.394936842
1528,9453201,I 94,I 75,2015-12-04,4,12,2015,20,6,8,1,,1,0,,1,1,4,55,3,2,3,5,0,0,0,0,true,,false,false,false,false,false,,,,,,false,false,false,,,false,false,false,false,false,-83.05202,42.37242,"{
  ""coordinates"": [
    -8.305201626400000e+01,
    4.237242240900010e+01
  ],
  ""type"": ""Point""
}","{
  ""coordinates"": [
    -83.052016264,
    42.372422409
  ],
  ""type"": ""Point""
}",-83.052016264,42.3724224090001
1529,9449653,RAMP 037D,S I 75,2015-12-04,4,12,2015,6,6,8,1,,1,0,,1,1,4,70,2,2,2,5,0,0,0,0,true,,false,false,false,false,false,,,,,,false,false,false,,,false,false,false,false,false,-83.08167,42.33297,"{
  ""coordinates"": [
    -8.308166368699990e+01,
    4.233296771600000e+01
  ],
  ""type"": ""Point""
}","{
  ""coordinates"": [
    -83.081663687,
    42.332967716
  ],
  ""type"": ""Point""
}",-83.0816636869999,42.332967716
1530,9460424,S M 39,I 96 SERVICE DRIVE,2015-12-04,4,12,2015,23,6,1,3,,1,1,,1,1,4,55,3,1,3,2,0,2,0,1,false,,false,false,false,false,false,,,,,,false,false,false,,,false,false,false,false,false,-83.21696,42.37697,"{
  ""coordinates"": [
    -8.321696303700000e+01,
    4.237696993200010e+01
  ],
  ""type"": ""Point""
}","{
  ""coordinates"": [
    -83.216963037,
    42.376969932
  ],
  ""type"": ""Point""
}",-83.216963037,42.3769699320001
1531,9448338,SEMINOLE,KERCHEVAL,2015-12-04,4,12,2015,15,6,8,9,,,0,,1,1,1,25,2,2,0,5,0,0,0,0,true,,false,false,true,false,false,,,,,,false,false,false,,,false,false,false,false,false,-82.99746,42.35988,"{
  ""coordinates"": [
    -8.299745845699989e+01,
    4.235988394500000e+01
  ],
  ""type"": ""Point""
}","{
  ""coordinates"": [
    -82.997458457,
    42.359883945
  ],
  ""type"": ""Point""
}",-82.9974584569999,42.359883945
1532,9451878,SOUTHFIELD SERVICE DRIVE,8 MILE,2015-12-04,4,12,2015,15,6,5,3,,5,0,,1,1,1,55,1,3,2,5,0,0,0,0,true,,false,false,false,false,false,,,,,,false,false,false,,,false,false,false,false,false,-83.21926,42.44391,"{
  ""coordinates"": [
    -8.321926238600000e+01,
    4.244390710000000e+01
  ],
  ""type"": ""Point""
}","{
  ""coordinates"": [
    -83.219262386,
    42.4439071
  ],
  ""type"": ""Point""
}",-83.219262386,42.4439071
1533,9453203,I-94,M-10,2015-12-04,4,12,2015,14,6,5,1,,1,0,,1,1,1,55,3,2,2,5,0,0,0,0,true,,false,false,false,false,false,,,,,,false,false,false,,,false,false,false,false,false,-83.08026,42.35645,"{
  ""coordinates"": [
    -8.308026256600000e+01,
    4.235644828600000e+01
  ],
  ""type"": ""Point""
}","{
  ""coordinates"": [
    -83.080262566,
    42.356448286
  ],
  ""type"": ""Point""
}",-83.080262566,42.356448286
1534,9449838,CHICAGO,MONICA,2015-12-04,4,12,2015,14,6,4,9,,4,0,,1,1,1,30,2,2,4,3,0,0,1,0,false,,false,false,false,false,false,,,,,,false,true,false,,,false,false,false,false,false,-83.14075,42.36658,"{
  ""coordinates"": [
    -8.314075178000000e+01,
    4.236657824500000e+01
  ],
  ""type"": ""Point""
}","{
  ""coordinates"": [
    -83.14075178,
    42.366578245
  ],
  ""type"": ""Point""
}",-83.14075178,42.366578245
1535,9448343,TELEGRAPH,GRAND RIVER,2015-12-04,4,12,2015,21,6,5,2,,1,0,,1,1,4,45,5,2,2,5,0,0,0,0,true,,false,false,false,false,false,,,,,,false,false,true,,,false,false,false,false,false,-83.27737,42.42459,"{
  ""coordinates"": [
    -8.327737071500000e+01,
    4.242458731800010e+01
  ],
  ""type"": ""Point""
}","{
  ""coordinates"": [
    -83.277370715,
    42.424587318
  ],
  ""type"": ""Point""
}",-83.277370715,42.4245873180001
1536,9448393,GRATIOT,EASTBURN,2015-12-04,4,12,2015,18,6,4,3,,1,0,,1,1,4,35,7,2,2,5,0,0,0,0,true,,false,false,false,false,false,,,,,,false,false,true,,,false,false,false,false,false,-82.97102,42.44519,"{
  ""coordinates"": [
    -8.297102088500000e+01,
    4.244518938500000e+01
  ],
  ""type"": ""Point""
}","{
  ""coordinates"": [
    -82.971020885,
    42.445189385
  ],
  ""type"": ""Point""
}",-82.971020885,42.445189385
1537,9449700,N M 10,MARTIN LUTHER KING JR,2015-12-04,4,12,2015,10,6,8,3,,1,0,,1,2,1,55,3,2,4,5,0,0,0,0,true,,false,false,false,false,false,,,,,,false,false,false,,,false,false,false,false,false,-83.06842,42.34416,"{
  ""coordinates"": [
    -8.306841875200000e+01,
    4.234415728100000e+01
  ],
  ""type"": ""Point""
}","{
  ""coordinates"": [
    -83.068418752,
    42.344157281
  ],
  ""type"": ""Point""
}",-83.068418752,42.344157281
1538,9448192,I-75,MACK,2015-12-04,4,12,2015,16,6,5,1,,1,0,,1,1,1,55,4,2,2,4,0,0,0,1,false,,false,false,false,true,true,,,,,,false,true,false,,,false,false,false,false,false,-83.04835,42.35148,"{
  ""coordinates"": [
    -8.304834556700000e+01,
    4.235148130800010e+01
  ],
  ""type"": ""Point""
}","{
  ""coordinates"": [
    -83.048345567,
    42.351481308
  ],
  ""type"": ""Point""
}",-83.048345567,42.3514813080001
1539,9448389,W I 94,MOROSS,2015-12-04,4,12,2015,14,6,4,1,,1,0,,1,1,1,25,3,2,1,5,0,0,0,0,true,,true,true,true,false,false,,,,,,false,false,false,,,false,false,false,false,false,-82.92887,42.42448,"{
  ""coordinates"": [
    -8.292887449300000e+01,
    4.242448362500010e+01
  ],
  ""type"": ""Point""
}","{
  ""coordinates"": [
    -82.928874493,
    42.424483625
  ],
  ""type"": ""Point""
}",-82.928874493,42.4244836250001
1540,9449670,I-75,MCNICHOLS,2015-12-04,4,12,2015,18,6,5,1,,1,0,,1,1,4,70,4,2,5,4,0,0,0,2,false,,false,false,false,false,false,,,,,,false,true,false,,,false,false,false,false,false,-83.08503,42.41504,"{
  ""coordinates"": [
    -8.308502795600000e+01,
    4.241504344900010e+01
  ],
  ""type"": ""Point""
}","{
  ""coordinates"": [
    -83.085027956,
    42.415043449
  ],
  ""type"": ""Point""
}",-83.085027956,42.4150434490001