ObjectId,Crash ID,Primary Road,Intersecting Road,Crash Date,Day,Month,Year,Hour,Weekday,Crash Type Code,Highway Classification Code,Community Code,Jurisdiction Code,Lane Departure Type Code,Surface Type,Road Condition,Weather Condition,Lighting Condition,Speed Limit,Lanes,Units,Occupants,Most Severe Injury,Fatal Injuries,Suspected Serious Injuries,Suspected Minor Injuries,Possible Injuries,Property Damage Only,Secondary Crash,Traffic Control,Red Light Run,Hit and Run,Alcohol,Drugs,Unbelted Person,Work Zone,Speeding Driver,Distracted Driver,Driveway,Pedestrian,Elderly Driver,Young Driver,Commercial Vehicle,Emergency Vehicles,Train,School Bus,Motorcycle,Bicycle,Deer,Longitude,Latitude,geom,geog,x,y
1655,9445970,CONNER,SHOEMAKER,2015-12-02,2,12,2015,13,4,5,9,,4,0,,1,2,1,35,7,2,2,4,0,0,0,2,false,,false,false,false,false,false,,,,,,false,false,false,,,false,false,false,false,false,-82.98112,42.39169,"{
  ""coordinates"": [
    -8.298111420799999e+01,
    4.239169483000010e+01
  ],
  ""type"": ""Point""
}","{
  ""coordinates"": [
    -82.981114208,
    42.39169483
  ],
  ""type"": ""Point""
}",-82.981114208,42.3916948300001
1656,9447138,CHALMERS,FOREST,2015-12-02,2,12,2015,20,4,5,9,,4,0,,2,1,4,35,2,2,2,5,0,0,0,0,true,,false,false,false,false,false,,,,,,false,false,false,,,false,false,false,false,false,-82.95861,42.39509,"{
  ""coordinates"": [
    -8.295861068999990e+01,
    4.239509301300010e+01
  ],
  ""type"": ""Point""
}","{
  ""coordinates"": [
    -82.95861069,
    42.395093013
  ],
  ""type"": ""Point""
}",-82.9586106899999,42.3950930130001
1657,9445979,WINTHROP,ELLIS,2015-12-02,2,12,2015,14,4,97,9,,,0,,1,2,1,25,1,2,1,5,0,0,0,0,true,,false,false,true,false,false,,,,,,false,false,false,,,false,false,false,false,false,-83.19815,42.36075,"{
  ""coordinates"": [
    -8.319814834000000e+01,
    4.236075000200000e+01
  ],
  ""type"": ""Point""
}","{
  ""coordinates"": [
    -83.19814834,
    42.360750002
  ],
  ""type"": ""Point""
}",-83.19814834,42.360750002
1658,9445976,S M 39,SCHOOLCRAFT,2015-12-02,2,12,2015,8,4,5,3,,1,0,,1,1,1,55,3,2,2,5,0,0,0,0,true,,false,false,false,false,false,,,,,,false,false,false,,,false,false,false,false,false,-83.21773,42.38674,"{
  ""coordinates"": [
    -8.321772770800000e+01,
    4.238673741600010e+01
  ],
  ""type"": ""Point""
}","{
  ""coordinates"": [
    -83.217727708,
    42.386737416
  ],
  ""type"": ""Point""
}",-83.217727708,42.3867374160001
1659,9448367,JEFFERSON,MARLBOROUGH,2015-12-02,2,12,2015,13,4,5,9,,4,0,,1,2,1,35,3,2,2,5,0,0,0,0,true,,false,false,false,false,false,,,,,,false,false,true,,,false,false,false,false,false,-82.94322,42.37334,"{
  ""coordinates"": [
    -8.294322455199990e+01,
    4.237334211400000e+01
  ],
  ""type"": ""Point""
}","{
  ""coordinates"": [
    -82.943224552,
    42.373342114
  ],
  ""type"": ""Point""
}",-82.9432245519999,42.373342114
1660,9451911,FERRY,WOODWARD,2015-12-02,2,12,2015,19,4,8,3,,,0,,2,2,4,25,1,2,1,5,0,0,0,0,true,,false,false,false,false,false,,,,,,false,false,false,,,false,false,false,false,false,-83.06744,42.36143,"{
  ""coordinates"": [
    -8.306743752100000e+01,
    4.236143232600010e+01
  ],
  ""type"": ""Point""
}","{
  ""coordinates"": [
    -83.067437521,
    42.361432326
  ],
  ""type"": ""Point""
}",-83.067437521,42.3614323260001
1661,9445818,I-94,BRUSH,2015-12-02,2,12,2015,6,4,5,1,,1,0,,1,1,4,55,3,2,2,4,0,0,0,2,false,,false,false,false,false,false,,,,,,false,false,false,,,false,false,false,false,false,-83.06422,42.3659,"{
  ""coordinates"": [
    -8.306421351499991e+01,
    4.236589936500010e+01
  ],
  ""type"": ""Point""
}","{
  ""coordinates"": [
    -83.064213515,
    42.365899365
  ],
  ""type"": ""Point""
}",-83.0642135149999,42.3658993650001
1662,9455649,7 MILE,VAN DYKE,2015-12-02,2,12,2015,16,4,8,9,,4,0,,1,1,3,30,2,2,1,5,0,0,0,0,true,,false,false,true,false,false,,,,,,false,false,false,,,false,false,false,false,false,-83.02351,42.43398,"{
  ""coordinates"": [
    -8.302350343499999e+01,
    4.243398224600000e+01
  ],
  ""type"": ""Point""
}","{
  ""coordinates"": [
    -83.023503435,
    42.433982246
  ],
  ""type"": ""Point""
}",-83.023503435,42.433982246
1663,9445958,DAVISON,LIVERNOIS,2015-12-02,2,12,2015,22,4,5,3,,1,0,,2,4,4,35,4,2,1,5,0,0,0,0,true,,false,false,false,false,false,,,,,,false,false,false,,,false,false,false,false,false,-83.13854,42.3868,"{
  ""coordinates"": [
    -8.313854327999999e+01,
    4.238680052700000e+01
  ],
  ""type"": ""Point""
}","{
  ""coordinates"": [
    -83.13854328,
    42.386800527
  ],
  ""type"": ""Point""
}",-83.13854328,42.386800527
1664,9445837,I 94,CHALMERS,2015-12-02,2,12,2015,21,4,1,1,,1,1,,2,4,4,55,3,1,2,5,0,0,0,0,true,,false,false,false,false,false,,,,,,false,false,false,,,false,false,false,false,false,-82.9649,42.4035,"{
  ""coordinates"": [
    -8.296489922900000e+01,
    4.240349789900010e+01
  ],
  ""type"": ""Point""
}","{
  ""coordinates"": [
    -82.964899229,
    42.403497899
  ],
  ""type"": ""Point""
}",-82.964899229,42.4034978990001
1665,9447145,MONROE,BEAUBIEN,2015-12-02,2,12,2015,1,4,97,9,,4,3,,1,1,4,15,1,2,0,5,0,0,0,0,true,,false,false,true,false,false,,,,,,false,false,false,,,false,false,false,false,false,-83.0425,42.33493,"{
  ""coordinates"": [
    -8.304249731700000e+01,
    4.233493395900010e+01
  ],
  ""type"": ""Point""
}","{
  ""coordinates"": [
    -83.042497317,
    42.334933959
  ],
  ""type"": ""Point""
}",-83.042497317,42.3349339590001
1666,9451134,7 MILE,SOUTHFIELD SERVICE,2015-12-02,2,12,2015,17,4,4,9,,2,0,,1,1,1,35,6,2,1,5,0,0,0,0,true,,false,false,false,false,false,,,,,,false,true,false,,,false,false,false,false,false,-83.21974,42.43001,"{
  ""coordinates"": [
    -8.321974186100000e+01,
    4.243000833400000e+01
  ],
  ""type"": ""Point""
}","{
  ""coordinates"": [
    -83.219741861,
    42.430008334
  ],
  ""type"": ""Point""
}",-83.219741861,42.430008334
1667,9449666,NB M-39,FORD,2015-12-02,2,12,2015,10,4,1,3,,1,1,,1,1,1,55,3,1,1,5,0,0,0,0,true,,false,false,false,false,false,,,,,,false,false,false,,,false,false,false,false,false,-83.21571,42.33344,"{
  ""coordinates"": [
    -8.321570424200000e+01,
    4.233344415800010e+01
  ],
  ""type"": ""Point""
}","{
  ""coordinates"": [
    -83.215704242,
    42.333444158
  ],
  ""type"": ""Point""
}",-83.215704242,42.3334441580001
1668,9462756,MACK,BEDFORD,2015-12-02,2,12,2015,16,4,3,9,,2,0,,2,2,1,30,4,2,3,3,0,0,1,0,false,,false,false,false,false,false,,,,,,false,true,true,,,false,false,false,false,false,-82.93346,42.39049,"{
  ""coordinates"": [
    -8.293345709899999e+01,
    4.239048714600010e+01
  ],
  ""type"": ""Point""
}","{
  ""coordinates"": [
    -82.933457099,
    42.390487146
  ],
  ""type"": ""Point""
}",-82.933457099,42.3904871460001
1669,9445971,N M 39 SERVICE DRIVE,TIREMAN,2015-12-02,2,12,2015,5,4,1,9,,4,1,,3,3,5,0,3,1,1,5,0,0,0,0,true,,false,false,false,false,false,,,,,,false,false,false,,,false,false,false,false,false,-83.21593,42.35007,"{
  ""coordinates"": [
    -8.321593463900000e+01,
    4.235007075400010e+01
  ],
  ""type"": ""Point""
}","{
  ""coordinates"": [
    -83.215934639,
    42.350070754
  ],
  ""type"": ""Point""
}",-83.215934639,42.3500707540001
1670,9447137,JEFFERSON,ASHLAND,2015-12-02,2,12,2015,19,4,97,9,,4,1,,2,1,3,35,5,2,1,4,0,0,0,1,false,,false,false,false,false,false,,,,,,true,false,false,,,false,false,false,false,false,-82.9404,42.3745,"{
  ""coordinates"": [
    -8.294040018800000e+01,
    4.237449705400010e+01
  ],
  ""type"": ""Point""
}","{
  ""coordinates"": [
    -82.940400188,
    42.374497054
  ],
  ""type"": ""Point""
}",-82.940400188,42.3744970540001
1671,9447136,DAVISON,WOODWARD,2015-12-02,2,12,2015,15,4,5,9,,,0,,1,1,1,55,4,2,4,5,0,0,0,0,true,,false,false,true,false,false,,,,,,false,false,false,,,false,false,false,false,false,-83.20776,42.38465,"{
  ""coordinates"": [
    -8.320775982700000e+01,
    4.238464581000010e+01
  ],
  ""type"": ""Point""
}","{
  ""coordinates"": [
    -83.207759827,
    42.38464581
  ],
  ""type"": ""Point""
}",-83.207759827,42.3846458100001
1672,9668315,WOODWARD,WARREN,2015-12-02,2,12,2015,12,4,8,0,,1,0,,1,1,1,25,2,2,34,4,0,0,0,2,false,,false,false,true,false,false,,,,,,false,false,false,,,false,false,false,false,false,-83.06432,42.35685,"{
  ""coordinates"": [
    -8.306431582099999e+01,
    4.235684969200000e+01
  ],
  ""type"": ""Point""
}","{
  ""coordinates"": [
    -83.064315821,
    42.356849692
  ],
  ""type"": ""Point""
}",-83.064315821,42.356849692
1673,9444798,W I 96,RAMP 134D,2015-12-01,1,12,2015,11,3,1,1,,1,1,,2,2,1,55,3,1,3,5,0,0,0,0,true,,false,false,false,false,false,,,,,,false,false,true,,,false,false,false,false,false,-83.26109,42.38578,"{
  ""coordinates"": [
    -8.326109106699990e+01,
    4.238577954000000e+01
  ],
  ""type"": ""Point""
}","{
  ""coordinates"": [
    -83.261091067,
    42.38577954
  ],
  ""type"": ""Point""
}",-83.2610910669999,42.38577954
1674,9451907,ANTHONY WAYNE,WARREN,2015-12-01,1,12,2015,12,3,8,9,,4,0,,1,1,1,25,4,2,1,5,0,0,0,0,true,,false,false,true,false,false,,,,,,false,false,false,,,false,false,false,false,false,-83.0714,42.3546,"{
  ""coordinates"": [
    -8.307140590700000e+01,
    4.235460380000010e+01
  ],
  ""type"": ""Point""
}","{
  ""coordinates"": [
    -83.071405907,
    42.3546038
  ],
  ""type"": ""Point""
}",-83.071405907,42.3546038000001
1675,9444939,I96,JOY,2015-12-01,1,12,2015,9,3,5,1,,1,0,,2,4,1,70,6,2,2,5,0,0,0,0,true,,false,false,false,false,false,,,,,,false,false,false,,,false,false,false,false,false,-83.12346,42.3614,"{
  ""coordinates"": [
    -8.312345510900001e+01,
    4.236139894300000e+01
  ],
  ""type"": ""Point""
}","{
  ""coordinates"": [
    -83.123455109,
    42.361398943
  ],
  ""type"": ""Point""
}",-83.123455109,42.361398943
1676,9444777,W I 94,CADIEUX,2015-12-01,1,12,2015,7,3,8,1,,1,0,,2,4,1,55,3,2,2,5,0,0,0,0,true,,false,false,false,false,false,,,,,,false,false,true,,,false,false,false,false,false,-82.93736,42.41725,"{
  ""coordinates"": [
    -8.293735527400000e+01,
    4.241725014000010e+01
  ],
  ""type"": ""Point""
}","{
  ""coordinates"": [
    -82.937355274,
    42.41725014
  ],
  ""type"": ""Point""
}",-82.937355274,42.4172501400001
1677,9449680,S I 75,FERRY,2015-12-01,1,12,2015,19,3,5,1,,1,0,,1,1,4,55,4,2,2,5,0,0,0,0,true,,false,false,false,false,false,,,,,,false,false,false,,,false,false,false,false,false,-83.05664,42.36518,"{
  ""coordinates"": [
    -8.305664441099999e+01,
    4.236518443500010e+01
  ],
  ""type"": ""Point""
}","{
  ""coordinates"": [
    -83.056644411,
    42.365184435
  ],
  ""type"": ""Point""
}",-83.056644411,42.3651844350001
1678,9597311,MCNICHOLS,S I 75 SERVICE DRIVE,2015-12-01,1,12,2015,9,3,5,1,,2,0,,3,1,1,35,4,2,2,5,0,0,0,0,true,,false,false,false,false,false,,,,,,false,false,false,,,false,false,false,false,false,-83.08884,42.41806,"{
  ""coordinates"": [
    -8.308883869999990e+01,
    4.241806189500010e+01
  ],
  ""type"": ""Point""
}","{
  ""coordinates"": [
    -83.0888387,
    42.418061895
  ],
  ""type"": ""Point""
}",-83.0888386999999,42.4180618950001
1679,9444961,GRATIOT,STATE FAIR,2015-12-01,1,12,2015,7,3,5,3,,1,0,,2,4,4,35,3,2,3,5,0,0,0,0,true,,false,false,false,false,false,,,,,,false,false,false,,,false,false,false,false,false,-82.97329,42.44175,"{
  ""coordinates"": [
    -8.297328920400000e+01,
    4.244175465400010e+01
  ],
  ""type"": ""Point""
}","{
  ""coordinates"": [
    -82.973289204,
    42.441754654
  ],
  ""type"": ""Point""
}",-82.973289204,42.4417546540001
1680,9654639,MEYERS,CHICAGO,2015-12-01,1,12,2015,23,3,5,0,,4,0,,1,1,4,35,2,2,0,5,0,0,0,0,true,,false,false,true,false,false,,,,,,false,false,false,,,false,false,false,false,false,-83.16792,42.36597,"{
  ""coordinates"": [
    -8.316791882000000e+01,
    4.236596728000010e+01
  ],
  ""type"": ""Point""
}","{
  ""coordinates"": [
    -83.16791882,
    42.36596728
  ],
  ""type"": ""Point""
}",-83.16791882,42.3659672800001
1681,9455309,I-75,CLAY,2015-12-01,1,12,2015,5,3,8,1,,1,0,,2,2,4,70,4,2,2,5,0,0,0,0,true,,false,false,false,false,false,,,,,,false,true,true,,,false,false,false,false,false,-83.06697,42.38486,"{
  ""coordinates"": [
    -8.306696988499991e+01,
    4.238486260800000e+01
  ],
  ""type"": ""Point""
}","{
  ""coordinates"": [
    -83.066969885,
    42.384862608
  ],
  ""type"": ""Point""
}",-83.0669698849999,42.384862608
1682,9444969,MCNICHOLS,S I 75,2015-12-01,1,12,2015,8,3,5,1,,2,0,,2,4,1,35,4,2,2,5,0,0,0,0,true,,false,false,false,false,false,,,,,,false,false,false,,,false,false,false,false,false,-83.08804,42.41809,"{
  ""coordinates"": [
    -8.308803592100000e+01,
    4.241808557900000e+01
  ],
  ""type"": ""Point""
}","{
  ""coordinates"": [
    -83.088035921,
    42.418085579
  ],
  ""type"": ""Point""
}",-83.088035921,42.418085579
1683,9465412,M-39,WARREN,2015-12-01,1,12,2015,20,3,8,3,,1,0,,1,1,4,55,3,2,2,5,0,0,0,0,true,,false,false,true,false,false,,,,,,false,false,false,,,false,false,false,false,false,-83.21603,42.34227,"{
  ""coordinates"": [
    -8.321602491100001e+01,
    4.234226886000000e+01
  ],
  ""type"": ""Point""
}","{
  ""coordinates"": [
    -83.216024911,
    42.34226886
  ],
  ""type"": ""Point""
}",-83.216024911,42.34226886
1684,9444766,RAMP 213N,MCGRAW,2015-12-01,1,12,2015,7,3,1,1,,1,1,,2,4,4,55,2,1,1,4,0,0,0,1,false,,false,false,false,false,false,,,,,,false,false,true,,,false,false,false,false,false,-83.10252,42.35239,"{
  ""coordinates"": [
    -8.310251740299999e+01,
    4.235239070000010e+01
  ],
  ""type"": ""Point""
}","{
  ""coordinates"": [
    -83.102517403,
    42.3523907
  ],
  ""type"": ""Point""
}",-83.102517403,42.3523907000001
1685,9462254,DAVISON,GALLAGHER,2015-12-01,1,12,2015,16,3,5,9,,0,0,,1,1,1,30,3,2,2,4,0,0,0,1,false,,false,false,true,false,false,,,,,,false,false,false,,,false,false,false,false,false,-83.06462,42.41433,"{
  ""coordinates"": [
    -8.306462130499990e+01,
    4.241432650000010e+01
  ],
  ""type"": ""Point""
}","{
  ""coordinates"": [
    -83.064621305,
    42.4143265
  ],
  ""type"": ""Point""
}",-83.0646213049999,42.4143265000001
1686,9453236,7 MILE,FIELDING,2015-12-01,1,12,2015,13,3,5,9,,2,0,,1,1,1,30,6,2,2,4,0,0,0,1,false,,false,false,false,false,false,,,,,,false,false,false,,,false,false,false,false,false,-83.24612,42.42939,"{
  ""coordinates"": [
    -8.324611454200000e+01,
    4.242939533400000e+01
  ],
  ""type"": ""Point""
}","{
  ""coordinates"": [
    -83.246114542,
    42.429395334
  ],
  ""type"": ""Point""
}",-83.246114542,42.429395334
1687,9449815,DAVISON,LAWTON,2015-12-01,1,12,2015,16,3,8,3,,1,0,,97,98,98,35,3,2,1,5,0,0,0,0,true,,false,false,false,false,false,,,,,,false,false,false,,,false,false,false,false,false,-83.12495,42.39193,"{
  ""coordinates"": [
    -8.312495687200000e+01,
    4.239192587400000e+01
  ],
  ""type"": ""Point""
}","{
  ""coordinates"": [
    -83.124956872,
    42.391925874
  ],
  ""type"": ""Point""
}",-83.124956872,42.391925874
1688,9458288,I-96,GREENFIELD,2015-12-01,1,12,2015,9,3,8,1,,1,0,,2,4,1,70,3,2,2,4,0,0,0,1,false,,false,false,true,false,false,,,,,,false,false,true,,,false,false,false,false,false,-83.19315,42.37927,"{
  ""coordinates"": [
    -8.319314421000000e+01,
    4.237926947600000e+01
  ],
  ""type"": ""Point""
}","{
  ""coordinates"": [
    -83.19314421,
    42.379269476
  ],
  ""type"": ""Point""
}",-83.19314421,42.379269476
1689,9445964,MONROE,BRUSH,2015-12-01,1,12,2015,3,3,5,9,,4,0,,1,1,4,15,2,2,3,5,0,0,0,0,true,,false,false,false,false,false,,,,,,false,false,true,,,false,false,false,false,false,-83.04372,42.33441,"{
  ""coordinates"": [
    -8.304371797600000e+01,
    4.233441008800000e+01
  ],
  ""type"": ""Point""
}","{
  ""coordinates"": [
    -83.043717976,
    42.334410088
  ],
  ""type"": ""Point""
}",-83.043717976,42.334410088
1690,9447150,CONANT,HALLECK,2015-12-01,1,12,2015,17,3,4,9,,4,0,,2,4,4,30,2,2,4,5,0,0,0,0,true,,false,false,false,false,false,,,,,,false,false,false,,,false,false,false,false,false,-83.05861,42.41127,"{
  ""coordinates"": [
    -8.305861248199990e+01,
    4.241127355100010e+01
  ],
  ""type"": ""Point""
}","{
  ""coordinates"": [
    -83.058612482,
    42.411273551
  ],
  ""type"": ""Point""
}",-83.0586124819999,42.4112735510001
1691,9449889,WOODWARD,7 MILE,2015-12-01,1,12,2015,12,3,6,3,,1,0,,2,4,1,35,4,2,3,5,0,0,0,0,true,,false,false,true,false,false,,,,,,false,false,false,,,false,false,false,false,false,-83.11542,42.43213,"{
  ""coordinates"": [
    -8.311542100000000e+01,
    4.243212752000010e+01
  ],
  ""type"": ""Point""
}","{
  ""coordinates"": [
    -83.115421,
    42.43212752
  ],
  ""type"": ""Point""
}",-83.115421,42.4321275200001
1692,9451871,REGULAR,CAVALRY,2015-12-01,1,12,2015,10,3,8,9,,,0,,2,2,1,25,1,2,1,5,0,0,0,0,true,,false,false,false,false,false,,,,,,false,false,false,,,false,false,false,false,false,-83.10384,42.31355,"{
  ""coordinates"": [
    -8.310384460599990e+01,
    4.231354416600000e+01
  ],
  ""type"": ""Point""
}","{
  ""coordinates"": [
    -83.103844606,
    42.313544166
  ],
  ""type"": ""Point""
}",-83.1038446059999,42.313544166
1693,9445947,EDMORE,RENO,2015-12-01,1,12,2015,15,3,8,9,,,0,,2,2,1,25,2,2,3,5,0,0,0,0,true,,false,false,false,false,false,,,,,,false,true,false,,,false,false,false,false,false,-82.98238,42.4468,"{
  ""coordinates"": [
    -8.298237391299990e+01,
    4.244680435500000e+01
  ],
  ""type"": ""Point""
}","{
  ""coordinates"": [
    -82.982373913,
    42.446804355
  ],
  ""type"": ""Point""
}",-82.9823739129999,42.446804355
1694,9444768,S/B I-75,SCHAEFER,2015-12-01,1,12,2015,11,3,1,1,,1,1,,2,4,1,70,3,1,1,5,0,0,0,0,true,,false,false,false,false,false,,,,,,false,false,true,,,false,false,false,false,false,-83.15814,42.27668,"{
  ""coordinates"": [
    -8.315813998300000e+01,
    4.227667762500000e+01
  ],
  ""type"": ""Point""
}","{
  ""coordinates"": [
    -83.158139983,
    42.276677625
  ],
  ""type"": ""Point""
}",-83.158139983,42.276677625
1695,9444971,CONANT,DAVISON,2015-12-01,1,12,2015,2,3,5,9,,4,0,,1,1,4,30,2,2,1,5,0,0,0,0,true,,false,false,true,false,false,,,,,,false,false,false,,,false,false,false,false,false,-83.06081,42.41454,"{
  ""coordinates"": [
    -8.306081276399991e+01,
    4.241453708400010e+01
  ],
  ""type"": ""Point""
}","{
  ""coordinates"": [
    -83.060812764,
    42.414537084
  ],
  ""type"": ""Point""
}",-83.0608127639999,42.4145370840001
1696,9615427,8 MILE,WYOMING,2015-12-01,1,12,2015,12,3,5,3,,1,0,,2,4,1,40,6,2,4,5,0,0,0,0,true,,false,false,false,false,false,,,,,,false,false,false,,,false,false,false,false,false,-83.15935,42.4457,"{
  ""coordinates"": [
    -8.315935133999990e+01,
    4.244569815800000e+01
  ],
  ""type"": ""Point""
}","{
  ""coordinates"": [
    -83.15935134,
    42.445698158
  ],
  ""type"": ""Point""
}",-83.1593513399999,42.445698158
1697,9445966,WOODWARD,BETHUNE,2015-12-01,1,12,2015,9,3,5,3,,1,0,,2,4,1,25,4,2,2,4,0,0,0,1,false,,false,false,false,false,false,,,,,,false,false,false,,,false,false,false,false,false,-83.07477,42.37247,"{
  ""coordinates"": [
    -8.307476574400000e+01,
    4.237246664300010e+01
  ],
  ""type"": ""Point""
}","{
  ""coordinates"": [
    -83.074765744,
    42.372466643
  ],
  ""type"": ""Point""
}",-83.074765744,42.3724666430001
1698,9444962,DICKERSON,KERCHEVAL,2015-12-01,1,12,2015,8,3,4,9,,4,0,,2,4,1,30,4,2,2,5,0,0,0,0,true,,false,false,true,false,false,,,,,,false,false,true,,,false,false,false,false,false,-82.95606,42.37567,"{
  ""coordinates"": [
    -8.295606479000000e+01,
    4.237566862400010e+01
  ],
  ""type"": ""Point""
}","{
  ""coordinates"": [
    -82.95606479,
    42.375668624
  ],
  ""type"": ""Point""
}",-82.95606479,42.3756686240001
1699,9455577,LARNED,RANDOLPH,2015-12-01,1,12,2015,16,3,8,3,,4,0,,1,2,3,25,2,2,2,5,0,0,0,0,true,,false,false,false,false,false,,,,,,false,false,false,,,false,false,false,false,false,-83.04258,42.33056,"{
  ""coordinates"": [
    -8.304258012400000e+01,
    4.233055914200000e+01
  ],
  ""type"": ""Point""
}","{
  ""coordinates"": [
    -83.042580124,
    42.330559142
  ],
  ""type"": ""Point""
}",-83.042580124,42.330559142
1700,9444946,GREENFIELD,N M 10,2015-12-01,1,12,2015,17,3,8,7,,1,0,,2,2,4,30,3,2,3,5,0,0,0,0,true,,false,false,true,false,false,,,,,,false,false,false,,,false,false,false,false,false,-83.20039,42.44249,"{
  ""coordinates"": [
    -8.320038354699990e+01,
    4.244249188300010e+01
  ],
  ""type"": ""Point""
}","{
  ""coordinates"": [
    -83.200383547,
    42.442491883
  ],
  ""type"": ""Point""
}",-83.2003835469999,42.4424918830001
1701,9444945,DAVISON,LAWTON,2015-12-01,1,12,2015,16,3,4,3,,1,0,,2,2,1,30,3,2,3,5,0,0,0,0,true,,false,false,false,false,false,,,,,,false,false,true,,,false,false,false,false,false,-83.12477,42.39199,"{
  ""coordinates"": [
    -8.312477408699991e+01,
    4.239199329600010e+01
  ],
  ""type"": ""Point""
}","{
  ""coordinates"": [
    -83.124774087,
    42.391993296
  ],
  ""type"": ""Point""
}",-83.1247740869999,42.3919932960001
1702,9446946,I-94,WHITTIER,2015-12-01,1,12,2015,17,3,5,1,,1,0,,1,2,4,55,3,2,2,5,0,0,0,0,true,,false,false,false,false,false,,,,,,false,false,false,,,false,false,false,false,false,-82.94457,42.41182,"{
  ""coordinates"": [
    -8.294456902899999e+01,
    4.241182325100000e+01
  ],
  ""type"": ""Point""
}","{
  ""coordinates"": [
    -82.944569029,
    42.411823251
  ],
  ""type"": ""Point""
}",-82.944569029,42.411823251
1703,9445957,FLORENCE,ROSEMONT,2015-12-01,1,12,2015,15,3,4,9,,,0,,1,1,1,25,2,2,3,4,0,0,0,1,false,,false,false,false,false,false,,,,,,false,false,false,,,false,false,false,false,false,-83.22121,42.41007,"{
  ""coordinates"": [
    -8.322121035600000e+01,
    4.241006662600010e+01
  ],
  ""type"": ""Point""
}","{
  ""coordinates"": [
    -83.221210356,
    42.410066626
  ],
  ""type"": ""Point""
}",-83.221210356,42.4100666260001
1704,9444955,GRAND,MACK,2015-12-01,1,12,2015,13,3,3,9,,4,0,,2,4,1,30,6,2,3,4,0,0,0,1,false,,false,false,false,false,false,,,,,,false,false,true,,,false,false,false,false,false,-83.06118,42.34544,"{
  ""coordinates"": [
    -8.306117687100000e+01,
    4.234543567600010e+01
  ],
  ""type"": ""Point""
}","{
  ""coordinates"": [
    -83.061176871,
    42.345435676
  ],
  ""type"": ""Point""
}",-83.061176871,42.3454356760001
1705,9465560,MACK,WOODWARD,2015-12-01,1,12,2015,11,3,4,9,,4,0,,1,1,1,0,6,2,2,5,0,0,0,0,true,,false,false,false,false,false,,,,,,false,false,false,,,false,false,false,false,false,-83.05698,42.34779,"{
  ""coordinates"": [
    -8.305697272600000e+01,
    4.234779315500000e+01
  ],
  ""type"": ""Point""
}","{
  ""coordinates"": [
    -83.056972726,
    42.347793155
  ],
  ""type"": ""Point""
}",-83.056972726,42.347793155
1706,9451831,RAMP 047F,W M 8,2015-12-01,1,12,2015,15,3,5,1,,1,0,,2,1,1,70,1,2,2,5,0,0,0,0,true,,false,false,false,false,false,,,,,,false,true,false,,,false,false,false,false,false,-83.07944,42.40883,"{
  ""coordinates"": [
    -8.307943570299990e+01,
    4.240883008600010e+01
  ],
  ""type"": ""Point""
}","{
  ""coordinates"": [
    -83.079435703,
    42.408830086
  ],
  ""type"": ""Point""
}",-83.0794357029999,42.4088300860001
1707,9443834,N I 75,STATE FAIR,2015-12-01,1,12,2015,0,3,8,1,,1,0,,1,1,4,0,2,2,4,4,0,0,0,1,false,,false,false,true,false,false,,,,,,false,false,true,,,false,false,false,false,false,-83.09496,42.44112,"{
  ""coordinates"": [
    -8.309495951199990e+01,
    4.244112243200000e+01
  ],
  ""type"": ""Point""
}","{
  ""coordinates"": [
    -83.094959512,
    42.441122432
  ],
  ""type"": ""Point""
}",-83.0949595119999,42.441122432
1708,9449820,SPRINGWELLS,NAVY,2015-12-01,1,12,2015,21,3,4,9,,4,0,,1,1,3,35,2,2,3,5,0,0,0,0,true,,false,false,false,false,false,,,,,,false,false,true,,,false,false,false,false,false,-83.12576,42.30941,"{
  ""coordinates"": [
    -8.312575288200000e+01,
    4.230941022100010e+01
  ],
  ""type"": ""Point""
}","{
  ""coordinates"": [
    -83.125752882,
    42.309410221
  ],
  ""type"": ""Point""
}",-83.125752882,42.3094102210001
1709,9451881,BARLUM,CICOTTE,2015-12-01,1,12,2015,12,3,97,9,,,0,,2,2,1,25,3,2,3,5,0,0,0,0,true,,false,false,false,false,false,,,,,,false,false,false,,,false,false,false,false,false,-83.13206,42.34292,"{
  ""coordinates"": [
    -8.313205349299990e+01,
    4.234291902900000e+01
  ],
  ""type"": ""Point""
}","{
  ""coordinates"": [
    -83.132053493,
    42.342919029
  ],
  ""type"": ""Point""
}",-83.1320534929999,42.342919029
1710,9444947,MEYERS,MCNICHOLS,2015-12-01,1,12,2015,17,3,4,9,,4,0,,2,2,4,30,4,2,2,5,0,0,0,0,true,,false,false,true,false,false,,,,,,false,true,false,,,false,false,false,false,false,-83.17012,42.41666,"{
  ""coordinates"": [
    -8.317012099599999e+01,
    4.241665486000010e+01
  ],
  ""type"": ""Point""
}","{
  ""coordinates"": [
    -83.170120996,
    42.41665486
  ],
  ""type"": ""Point""
}",-83.170120996,42.4166548600001
1711,9445949,14TH,MICHIGAN,2015-12-01,1,12,2015,21,3,9,2,,4,2,,1,1,4,25,2,2,0,5,0,0,0,0,true,,false,false,true,false,false,,,,,,false,false,false,,,false,false,false,false,false,-83.07648,42.33136,"{
  ""coordinates"": [
    -8.307647429399999e+01,
    4.233135860300010e+01
  ],
  ""type"": ""Point""
}","{
  ""coordinates"": [
    -83.076474294,
    42.331358603
  ],
  ""type"": ""Point""
}",-83.076474294,42.3313586030001
1712,9449812,FERDINAND,PORTER,2015-12-01,1,12,2015,21,3,8,9,,,0,,2,3,4,25,1,2,0,5,0,0,0,0,true,,false,false,true,false,false,,,,,,false,false,true,,,false,false,false,false,false,-83.09676,42.31497,"{
  ""coordinates"": [
    -8.309676321599990e+01,
    4.231497312800010e+01
  ],
  ""type"": ""Point""
}","{
  ""coordinates"": [
    -83.096763216,
    42.314973128
  ],
  ""type"": ""Point""
}",-83.0967632159999,42.3149731280001