ObjectId,Crash ID,Primary Road,Intersecting Road,Crash Date,Day,Month,Year,Hour,Weekday,Crash Type Code,Highway Classification Code,Community Code,Jurisdiction Code,Lane Departure Type Code,Surface Type,Road Condition,Weather Condition,Lighting Condition,Speed Limit,Lanes,Units,Occupants,Most Severe Injury,Fatal Injuries,Suspected Serious Injuries,Suspected Minor Injuries,Possible Injuries,Property Damage Only,Secondary Crash,Traffic Control,Red Light Run,Hit and Run,Alcohol,Drugs,Unbelted Person,Work Zone,Speeding Driver,Distracted Driver,Driveway,Pedestrian,Elderly Driver,Young Driver,Commercial Vehicle,Emergency Vehicles,Train,School Bus,Motorcycle,Bicycle,Deer,Longitude,Latitude,geom,geog,x,y
1713,9445953,W I 94 SERVICE DRIVE,GRAND RIVER,2015-12-01,1,12,2015,15,3,8,3,,4,0,,1,1,1,35,3,2,4,5,0,0,0,0,true,,false,false,true,false,false,,,,,,false,true,false,,,false,false,false,false,false,-83.09632,42.35154,"{
  ""coordinates"": [
    -8.309631913800000e+01,
    4.235153948300010e+01
  ],
  ""type"": ""Point""
}","{
  ""coordinates"": [
    -83.096319138,
    42.351539483
  ],
  ""type"": ""Point""
}",-83.096319138,42.3515394830001
1714,9448361,VANDYKE,MELVERN,2015-12-01,1,12,2015,5,3,6,3,,1,0,,2,4,2,30,6,2,2,4,0,0,0,2,false,,false,false,true,false,false,,,,,,false,false,false,,,false,false,false,false,false,-83.02222,42.3892,"{
  ""coordinates"": [
    -8.302221299099990e+01,
    4.238919819400010e+01
  ],
  ""type"": ""Point""
}","{
  ""coordinates"": [
    -83.022212991,
    42.389198194
  ],
  ""type"": ""Point""
}",-83.0222129909999,42.3891981940001
1715,9444776,I-75,FORT,2015-12-01,1,12,2015,7,3,8,1,,1,0,,2,4,4,55,3,2,2,5,0,0,0,0,true,,false,false,false,false,false,,,,,,false,false,false,,,false,false,false,false,false,-83.15082,42.28012,"{
  ""coordinates"": [
    -8.315081475900000e+01,
    4.228011733500010e+01
  ],
  ""type"": ""Point""
}","{
  ""coordinates"": [
    -83.150814759,
    42.280117335
  ],
  ""type"": ""Point""
}",-83.150814759,42.2801173350001
1716,9461244,CARPENTER,JOSEPH CAMPAU,2015-12-01,1,12,2015,22,3,5,9,,4,0,,97,98,98,25,2,2,1,5,0,0,0,0,true,,false,false,false,false,false,,,,,,false,false,false,,,false,false,false,false,false,-83.06428,42.40633,"{
  ""coordinates"": [
    -8.306427497999989e+01,
    4.240633232400010e+01
  ],
  ""type"": ""Point""
}","{
  ""coordinates"": [
    -83.06427498,
    42.406332324
  ],
  ""type"": ""Point""
}",-83.0642749799999,42.4063323240001
1717,9444959,WARREN DRN,ST MARYS,2015-12-01,1,12,2015,11,3,5,9,,2,0,,2,4,1,35,4,2,3,5,0,0,0,0,true,,false,false,false,false,false,,,,,,false,false,false,,,false,false,false,false,false,-83.20385,42.34357,"{
  ""coordinates"": [
    -8.320384658700000e+01,
    4.234356543100010e+01
  ],
  ""type"": ""Point""
}","{
  ""coordinates"": [
    -83.203846587,
    42.343565431
  ],
  ""type"": ""Point""
}",-83.203846587,42.3435654310001
1718,9449661,I-75,LIVERNOIS,2015-12-01,1,12,2015,16,3,97,1,,1,0,,1,1,1,55,4,4,4,4,0,0,0,1,false,,false,false,false,false,false,,,,,,false,false,true,,,false,false,false,false,false,-83.10415,42.30784,"{
  ""coordinates"": [
    -8.310414693900000e+01,
    4.230784371900010e+01
  ],
  ""type"": ""Point""
}","{
  ""coordinates"": [
    -83.104146939,
    42.307843719
  ],
  ""type"": ""Point""
}",-83.104146939,42.3078437190001
1719,9447152,I 94 SERVICE,HARPER,2015-12-01,1,12,2015,17,3,5,9,,4,0,,1,1,4,55,3,2,1,5,0,0,0,0,true,,false,false,true,false,false,,,,,,false,false,false,,,false,false,false,false,false,-82.93267,42.41876,"{
  ""coordinates"": [
    -8.293266941900001e+01,
    4.241876408000010e+01
  ],
  ""type"": ""Point""
}","{
  ""coordinates"": [
    -82.932669419,
    42.41876408
  ],
  ""type"": ""Point""
}",-82.932669419,42.4187640800001
1720,9451919,E I 94,RAMP 215A,2015-12-01,1,12,2015,13,3,5,1,,1,0,,2,4,1,30,2,2,2,5,0,0,0,0,true,,false,false,false,false,false,,,,,,false,false,true,,,false,false,false,false,false,-83.07913,42.35711,"{
  ""coordinates"": [
    -8.307913169200000e+01,
    4.235711126500010e+01
  ],
  ""type"": ""Point""
}","{
  ""coordinates"": [
    -83.079131692,
    42.357111265
  ],
  ""type"": ""Point""
}",-83.079131692,42.3571112650001
1721,9444965,STATE FAIR,ANVIL,2015-12-01,1,12,2015,3,3,2,9,,4,2,,1,1,4,25,2,2,1,5,0,0,0,0,true,,false,false,true,false,false,,,,,,false,false,false,,,false,false,false,false,false,-82.97807,42.44239,"{
  ""coordinates"": [
    -8.297807230699991e+01,
    4.244239214500000e+01
  ],
  ""type"": ""Point""
}","{
  ""coordinates"": [
    -82.978072307,
    42.442392145
  ],
  ""type"": ""Point""
}",-82.9780723069999,42.442392145
1722,9444950,WOODWARD,7 MILE,2015-12-01,1,12,2015,10,3,4,3,,1,0,,2,4,1,40,6,2,4,4,0,0,0,2,false,,false,false,false,false,false,,,,,,false,false,false,,,false,false,false,false,false,-83.11494,42.43208,"{
  ""coordinates"": [
    -8.311493717600000e+01,
    4.243207991600010e+01
  ],
  ""type"": ""Point""
}","{
  ""coordinates"": [
    -83.114937176,
    42.432079916
  ],
  ""type"": ""Point""
}",-83.114937176,42.4320799160001
1723,9444767,N/B I-75,VERNOR,2015-12-01,1,12,2015,8,3,5,1,,1,0,,2,4,1,55,3,3,3,5,0,0,0,0,true,,false,false,false,false,false,,,,,,false,false,true,,,false,false,false,false,false,-83.08317,42.31744,"{
  ""coordinates"": [
    -8.308316560000000e+01,
    4.231744401000000e+01
  ],
  ""type"": ""Point""
}","{
  ""coordinates"": [
    -83.0831656,
    42.31744401
  ],
  ""type"": ""Point""
}",-83.0831656,42.31744401
1724,9444970,GRATOIT,FISCHER,2015-12-01,1,12,2015,8,3,5,3,,1,0,,2,4,1,35,4,2,2,5,0,0,0,0,true,,false,false,false,false,false,,,,,,false,false,false,,,false,false,false,false,false,-83.01051,42.38512,"{
  ""coordinates"": [
    -8.301051480200000e+01,
    4.238512100300010e+01
  ],
  ""type"": ""Point""
}","{
  ""coordinates"": [
    -83.010514802,
    42.385121003
  ],
  ""type"": ""Point""
}",-83.010514802,42.3851210030001
1725,9443928,7 MILE,FIELDING,2015-12-01,1,12,2015,2,3,5,9,,2,0,,1,1,4,35,3,2,5,5,0,0,0,0,true,,false,false,false,false,false,,,,,,false,false,true,,,false,false,false,false,false,-83.24426,42.42944,"{
  ""coordinates"": [
    -8.324425216500001e+01,
    4.242944058300000e+01
  ],
  ""type"": ""Point""
}","{
  ""coordinates"": [
    -83.244252165,
    42.429440583
  ],
  ""type"": ""Point""
}",-83.244252165,42.429440583
1726,9448360,I 75,7 MILE,2015-12-01,1,12,2015,7,3,5,1,,1,0,,2,4,1,55,4,2,2,5,0,0,0,0,true,,false,false,false,false,false,,,,,,false,false,false,,,false,false,false,false,false,-83.09451,42.42887,"{
  ""coordinates"": [
    -8.309451109400000e+01,
    4.242886653300010e+01
  ],
  ""type"": ""Point""
}","{
  ""coordinates"": [
    -83.094511094,
    42.428866533
  ],
  ""type"": ""Point""
}",-83.094511094,42.4288665330001
1727,9444808,I-75,SEVEN MILE,2015-12-01,1,12,2015,18,3,5,1,,1,0,,1,2,4,70,4,2,3,5,0,0,0,0,true,,false,false,true,false,false,,,,,,false,false,false,,,false,false,false,false,false,-83.09467,42.43277,"{
  ""coordinates"": [
    -8.309467251900000e+01,
    4.243276495200010e+01
  ],
  ""type"": ""Point""
}","{
  ""coordinates"": [
    -83.094672519,
    42.432764952
  ],
  ""type"": ""Point""
}",-83.094672519,42.4327649520001
1728,9449849,BALTIMORE,MILWAUKEE,2015-12-01,1,12,2015,7,3,97,9,,4,0,,1,1,1,40,3,2,2,5,0,0,0,0,true,,false,false,false,false,false,,,,,,false,false,false,,,false,false,false,false,false,-83.08046,42.36629,"{
  ""coordinates"": [
    -8.308045643500000e+01,
    4.236628564000010e+01
  ],
  ""type"": ""Point""
}","{
  ""coordinates"": [
    -83.080456435,
    42.36628564
  ],
  ""type"": ""Point""
}",-83.080456435,42.3662856400001
1729,9444963,SCHOOLCRAFT,HEYDEN,2015-12-01,1,12,2015,10,3,5,9,,2,0,,2,4,1,30,2,2,6,5,0,0,0,0,true,,false,false,false,false,false,,,,,,false,false,false,,,false,false,false,false,false,-83.2391,42.38621,"{
  ""coordinates"": [
    -8.323909992199999e+01,
    4.238620686700010e+01
  ],
  ""type"": ""Point""
}","{
  ""coordinates"": [
    -83.239099922,
    42.386206867
  ],
  ""type"": ""Point""
}",-83.239099922,42.3862068670001
1730,9451876,BEARD,REGULAR,2015-12-01,1,12,2015,2,3,1,9,,,1,,1,1,4,25,2,1,1,5,0,0,0,0,true,,false,false,true,false,false,,,,,,false,false,false,,,false,false,false,false,false,-83.11466,42.30894,"{
  ""coordinates"": [
    -8.311465894900000e+01,
    4.230893539100000e+01
  ],
  ""type"": ""Point""
}","{
  ""coordinates"": [
    -83.114658949,
    42.308935391
  ],
  ""type"": ""Point""
}",-83.114658949,42.308935391
1731,9444769,RAMP 041G,N I 75/GRATIOT,2015-12-01,1,12,2015,12,3,8,1,,1,0,,2,4,1,55,2,2,2,5,0,0,0,0,true,,false,false,false,false,false,,,,,,false,false,true,,,false,false,false,false,false,-83.04429,42.34292,"{
  ""coordinates"": [
    -8.304429171300001e+01,
    4.234292232500010e+01
  ],
  ""type"": ""Point""
}","{
  ""coordinates"": [
    -83.044291713,
    42.342922325
  ],
  ""type"": ""Point""
}",-83.044291713,42.3429223250001
1732,9445945,DAVISON,LAWTON,2015-12-01,1,12,2015,7,3,8,3,,1,0,,2,4,4,35,7,2,3,5,0,0,0,0,true,,false,false,false,false,false,,,,,,false,false,false,,,false,false,false,false,false,-83.12541,42.39176,"{
  ""coordinates"": [
    -8.312541310300000e+01,
    4.239175671100000e+01
  ],
  ""type"": ""Point""
}","{
  ""coordinates"": [
    -83.125413103,
    42.391756711
  ],
  ""type"": ""Point""
}",-83.125413103,42.391756711
1733,9444778,I-94,CONNER,2015-12-01,1,12,2015,8,3,5,1,,1,0,,2,4,1,55,3,2,2,4,0,0,0,1,false,,false,false,false,false,false,,,,,,false,false,true,,,false,false,false,false,false,-82.98763,42.39673,"{
  ""coordinates"": [
    -8.298763227599990e+01,
    4.239672986200000e+01
  ],
  ""type"": ""Point""
}","{
  ""coordinates"": [
    -82.987632276,
    42.396729862
  ],
  ""type"": ""Point""
}",-82.9876322759999,42.396729862
1734,9449881,8 MILE,TELEGRAPH,2015-12-01,1,12,2015,11,3,7,3,,1,0,,2,2,1,15,1,2,2,5,0,0,0,0,true,,false,false,false,false,false,,,,,,false,false,false,,,false,false,false,false,false,-83.27829,42.44274,"{
  ""coordinates"": [
    -8.327829317399990e+01,
    4.244273789300010e+01
  ],
  ""type"": ""Point""
}","{
  ""coordinates"": [
    -83.278293174,
    42.442737893
  ],
  ""type"": ""Point""
}",-83.2782931739999,42.4427378930001
1735,9445959,GREENFIELD,WADSWORTH,2015-12-01,1,12,2015,16,3,8,9,,2,0,,2,2,1,35,4,2,2,5,0,0,0,0,true,,false,false,false,false,false,,,,,,false,false,false,,,false,false,false,false,false,-83.19761,42.37447,"{
  ""coordinates"": [
    -8.319760840399989e+01,
    4.237446712400000e+01
  ],
  ""type"": ""Point""
}","{
  ""coordinates"": [
    -83.197608404,
    42.374467124
  ],
  ""type"": ""Point""
}",-83.1976084039999,42.374467124
1736,9449681,TRUMBULL ENT RAMP 3 214E,I 94,2015-12-01,1,12,2015,20,3,5,1,,1,0,,1,1,4,55,1,2,2,5,0,0,0,0,true,,false,false,false,false,false,,,,,,false,false,true,,,false,false,false,false,false,-83.08311,42.35531,"{
  ""coordinates"": [
    -8.308311752700000e+01,
    4.235531224100000e+01
  ],
  ""type"": ""Point""
}","{
  ""coordinates"": [
    -83.083117527,
    42.355312241
  ],
  ""type"": ""Point""
}",-83.083117527,42.355312241
1737,9444765,N M 10,RAMP 117A,2015-12-01,1,12,2015,6,3,5,3,,1,0,,2,4,4,55,3,2,2,5,0,0,0,0,true,,false,false,false,false,false,,,,,,false,false,false,,,false,false,false,false,false,-83.07992,42.36473,"{
  ""coordinates"": [
    -8.307991649000000e+01,
    4.236473152800000e+01
  ],
  ""type"": ""Point""
}","{
  ""coordinates"": [
    -83.07991649,
    42.364731528
  ],
  ""type"": ""Point""
}",-83.07991649,42.364731528
1738,9455588,BALTIMORE,MILWAUKEE,2015-12-01,1,12,2015,7,3,4,9,,4,0,,2,4,1,0,5,2,2,5,0,0,0,0,true,,false,false,false,false,false,,,,,,false,false,false,,,false,false,false,false,false,-83.08027,42.36607,"{
  ""coordinates"": [
    -8.308026868099989e+01,
    4.236607032600010e+01
  ],
  ""type"": ""Point""
}","{
  ""coordinates"": [
    -83.080268681,
    42.366070326
  ],
  ""type"": ""Point""
}",-83.0802686809999,42.3660703260001
1739,9444756,I 75,CLAY,2015-12-01,1,12,2015,9,3,8,1,,1,0,,2,4,1,55,4,2,2,5,0,0,0,0,true,,false,false,false,false,false,,,,,,false,false,false,,,false,false,false,false,false,-83.06616,42.3832,"{
  ""coordinates"": [
    -8.306616203700000e+01,
    4.238319858300010e+01
  ],
  ""type"": ""Point""
}","{
  ""coordinates"": [
    -83.066162037,
    42.383198583
  ],
  ""type"": ""Point""
}",-83.066162037,42.3831985830001
1740,9444779,W I 96,RAMP 008I,2015-12-01,1,12,2015,9,3,5,1,,1,0,,2,4,1,70,4,4,5,4,0,0,0,1,false,,false,false,false,false,false,,,,,,false,true,false,,,false,false,false,false,false,-83.22528,42.37811,"{
  ""coordinates"": [
    -8.322527844699989e+01,
    4.237810451900000e+01
  ],
  ""type"": ""Point""
}","{
  ""coordinates"": [
    -83.225278447,
    42.378104519
  ],
  ""type"": ""Point""
}",-83.2252784469999,42.378104519
1741,9444960,CONNER,JEFFERSON,2015-12-01,1,12,2015,8,3,4,9,,4,0,,2,4,1,30,9,2,1,5,0,0,0,0,true,,true,true,true,false,false,,,,,,false,true,false,,,false,false,false,false,false,-82.95888,42.36994,"{
  ""coordinates"": [
    -8.295887556500000e+01,
    4.236994338700000e+01
  ],
  ""type"": ""Point""
}","{
  ""coordinates"": [
    -82.958875565,
    42.369943387
  ],
  ""type"": ""Point""
}",-82.958875565,42.369943387
1742,9465580,N I 75,7 MILE,2015-12-01,1,12,2015,12,3,6,1,,1,0,,2,2,1,30,3,2,1,5,0,0,0,0,true,,false,false,true,false,false,,,,,,false,false,false,,,false,false,false,false,false,-83.09461,42.43221,"{
  ""coordinates"": [
    -8.309461425200000e+01,
    4.243220802900000e+01
  ],
  ""type"": ""Point""
}","{
  ""coordinates"": [
    -83.094614252,
    42.432208029
  ],
  ""type"": ""Point""
}",-83.094614252,42.432208029
1743,9449679,S/B I 75,SCHAEFER,2015-12-01,1,12,2015,18,3,8,1,,1,0,,1,2,4,70,5,2,1,5,0,0,0,0,true,,false,false,true,false,false,,,,,,false,false,false,,,false,false,false,false,false,-83.15578,42.27751,"{
  ""coordinates"": [
    -8.315578258100000e+01,
    4.227751132300010e+01
  ],
  ""type"": ""Point""
}","{
  ""coordinates"": [
    -83.155782581,
    42.277511323
  ],
  ""type"": ""Point""
}",-83.155782581,42.2775113230001
1744,9449707,RAMP 047F,I-75,2015-12-01,1,12,2015,17,3,5,1,,1,0,,2,2,4,55,4,2,3,5,0,0,0,0,true,,false,false,false,false,false,,,,,,false,false,true,,,false,false,false,false,false,-83.07958,42.40845,"{
  ""coordinates"": [
    -8.307958128500000e+01,
    4.240845477800010e+01
  ],
  ""type"": ""Point""
}","{
  ""coordinates"": [
    -83.079581285,
    42.408454778
  ],
  ""type"": ""Point""
}",-83.079581285,42.4084547780001
1745,9445963,CADILLAC,BATES,2015-12-01,1,12,2015,9,3,97,9,,4,0,,2,4,1,35,3,2,2,5,0,0,0,0,true,,false,false,false,false,false,,,,,,false,false,false,,,false,false,false,false,false,-83.04468,42.33138,"{
  ""coordinates"": [
    -8.304468027699990e+01,
    4.233137940100000e+01
  ],
  ""type"": ""Point""
}","{
  ""coordinates"": [
    -83.044680277,
    42.331379401
  ],
  ""type"": ""Point""
}",-83.0446802769999,42.331379401
1746,9443946,WARREN,ST AUBIN,2015-11-30,30,11,2015,13,2,4,9,,4,0,,1,1,1,30,2,2,7,4,0,0,0,4,false,,true,false,false,false,false,,,,,,false,true,false,,,false,false,false,false,false,-83.04434,42.3644,"{
  ""coordinates"": [
    -8.304434116000000e+01,
    4.236440463200010e+01
  ],
  ""type"": ""Point""
}","{
  ""coordinates"": [
    -83.04434116,
    42.364404632
  ],
  ""type"": ""Point""
}",-83.04434116,42.3644046320001
1747,9453210,GRATIOT,I 94,2015-11-30,30,11,2015,7,2,1,3,,1,1,,3,1,1,35,7,1,2,5,0,0,0,0,true,,false,false,false,false,false,,,,,,false,false,true,,,false,false,false,false,false,-83.00629,42.39151,"{
  ""coordinates"": [
    -8.300628552200000e+01,
    4.239151002500010e+01
  ],
  ""type"": ""Point""
}","{
  ""coordinates"": [
    -83.006285522,
    42.391510025
  ],
  ""type"": ""Point""
}",-83.006285522,42.3915100250001
1748,9599557,MACK,WOODWARD,2015-11-30,30,11,2015,8,2,5,3,,4,0,,1,1,1,0,6,2,2,5,0,0,0,0,true,,false,false,false,false,false,,,,,,false,false,false,,,false,false,false,false,false,-83.05782,42.3476,"{
  ""coordinates"": [
    -8.305781657100000e+01,
    4.234759417100000e+01
  ],
  ""type"": ""Point""
}","{
  ""coordinates"": [
    -83.057816571,
    42.347594171
  ],
  ""type"": ""Point""
}",-83.057816571,42.347594171
1749,9443882,HUBBELL,MCNICHOLS,2015-11-30,30,11,2015,16,2,4,9,,4,0,,1,2,1,35,4,2,3,3,0,0,1,0,false,,true,true,false,false,false,,,,,,false,false,false,,,false,false,false,false,false,-83.18954,42.4165,"{
  ""coordinates"": [
    -8.318954809199990e+01,
    4.241650114000000e+01
  ],
  ""type"": ""Point""
}","{
  ""coordinates"": [
    -83.189548092,
    42.41650114
  ],
  ""type"": ""Point""
}",-83.1895480919999,42.41650114
1750,9445815,I-75,DEARBORN,2015-11-30,30,11,2015,5,2,8,1,,1,0,,3,1,4,70,4,2,2,5,0,0,0,0,true,,false,false,false,false,false,,,,,,false,false,false,,,false,false,false,false,false,-83.12892,42.2918,"{
  ""coordinates"": [
    -8.312891864200000e+01,
    4.229180012700000e+01
  ],
  ""type"": ""Point""
}","{
  ""coordinates"": [
    -83.128918642,
    42.291800127
  ],
  ""type"": ""Point""
}",-83.128918642,42.291800127
1751,9597370,FOREST,S M 10,2015-11-30,30,11,2015,17,2,8,9,,4,0,,1,1,3,30,4,2,2,5,0,0,0,0,true,,false,false,false,false,false,,,,,,false,true,false,,,false,false,false,false,false,-83.07228,42.35156,"{
  ""coordinates"": [
    -8.307228076699990e+01,
    4.235155852600010e+01
  ],
  ""type"": ""Point""
}","{
  ""coordinates"": [
    -83.072280767,
    42.351558526
  ],
  ""type"": ""Point""
}",-83.0722807669999,42.3515585260001
1752,9451842,E I 94,RAMP 211D,2015-11-30,30,11,2015,6,2,5,1,,1,0,,1,1,1,55,4,3,3,5,0,0,0,0,true,,false,false,true,false,false,,,,,,false,false,false,,,false,false,false,false,false,-83.14172,42.33175,"{
  ""coordinates"": [
    -8.314172104399999e+01,
    4.233174721600010e+01
  ],
  ""type"": ""Point""
}","{
  ""coordinates"": [
    -83.141721044,
    42.331747216
  ],
  ""type"": ""Point""
}",-83.141721044,42.3317472160001
1753,9443917,GREENFIELD,WHITLOCK,2015-11-30,30,11,2015,12,2,4,9,,2,0,,1,1,1,35,4,2,3,4,0,0,0,2,false,,false,false,false,false,false,,,,,,false,false,false,,,false,false,false,false,false,-83.19616,42.34073,"{
  ""coordinates"": [
    -8.319616257199991e+01,
    4.234073082700010e+01
  ],
  ""type"": ""Point""
}","{
  ""coordinates"": [
    -83.196162572,
    42.340730827
  ],
  ""type"": ""Point""
}",-83.1961625719999,42.3407308270001
1754,9453218,RAMP 047H,DAVISON,2015-11-30,30,11,2015,7,2,8,1,,1,0,,3,2,1,25,2,2,3,5,0,0,0,0,true,,false,false,true,false,false,,,,,,false,false,true,,,false,false,false,false,false,-83.07975,42.40918,"{
  ""coordinates"": [
    -8.307975314200000e+01,
    4.240918114200010e+01
  ],
  ""type"": ""Point""
}","{
  ""coordinates"": [
    -83.079753142,
    42.409181142
  ],
  ""type"": ""Point""
}",-83.079753142,42.4091811420001
1755,9445989,CHERRYLAWN,INTERVALE,2015-11-30,30,11,2015,20,2,8,9,,,0,,97,98,98,25,1,2,0,5,0,0,0,0,true,,false,false,true,false,false,,,,,,false,false,false,,,false,false,false,false,false,-83.15425,42.39266,"{
  ""coordinates"": [
    -8.315425071000000e+01,
    4.239265703900000e+01
  ],
  ""type"": ""Point""
}","{
  ""coordinates"": [
    -83.15425071,
    42.392657039
  ],
  ""type"": ""Point""
}",-83.15425071,42.392657039
1756,9606644,CONNER,W I 94,2015-11-30,30,11,2015,8,2,8,9,,4,0,,3,1,1,25,4,2,3,5,0,0,0,0,true,,false,false,false,false,false,,,,,,false,false,false,,,false,false,false,false,false,-82.98917,42.39553,"{
  ""coordinates"": [
    -8.298917435000000e+01,
    4.239552613200000e+01
  ],
  ""type"": ""Point""
}","{
  ""coordinates"": [
    -82.98917435,
    42.395526132
  ],
  ""type"": ""Point""
}",-82.98917435,42.395526132
1757,9455587,JOHN R,PIQUETTE,2015-11-30,30,11,2015,8,2,5,9,,4,0,,1,1,1,0,4,2,2,5,0,0,0,0,true,,false,false,false,false,false,,,,,,false,false,true,,,false,false,false,false,false,-83.06844,42.36711,"{
  ""coordinates"": [
    -8.306844137600000e+01,
    4.236710896100000e+01
  ],
  ""type"": ""Point""
}","{
  ""coordinates"": [
    -83.068441376,
    42.367108961
  ],
  ""type"": ""Point""
}",-83.068441376,42.367108961
1758,9444815,215C,I-94,2015-11-30,30,11,2015,5,2,97,1,,1,0,,3,1,4,55,1,2,2,5,0,0,0,0,true,,false,false,false,false,false,,,,,,false,false,false,,,false,false,false,false,false,-83.07438,42.35978,"{
  ""coordinates"": [
    -8.307438261500000e+01,
    4.235978294500010e+01
  ],
  ""type"": ""Point""
}","{
  ""coordinates"": [
    -83.074382615,
    42.359782945
  ],
  ""type"": ""Point""
}",-83.074382615,42.3597829450001
1759,9443914,KITCHENER,FREUD,2015-11-30,30,11,2015,14,2,1,9,,,1,,1,1,1,25,2,1,0,5,0,0,0,0,true,,false,false,true,false,false,,,,,,false,false,false,,,false,false,false,false,false,-82.95383,42.36726,"{
  ""coordinates"": [
    -8.295382753500000e+01,
    4.236725878000000e+01
  ],
  ""type"": ""Point""
}","{
  ""coordinates"": [
    -82.953827535,
    42.36725878
  ],
  ""type"": ""Point""
}",-82.953827535,42.36725878
1760,9444834,S M 10,RAMP 119A,2015-11-30,30,11,2015,9,2,8,3,,1,0,,1,1,1,55,3,2,2,5,0,0,0,0,true,,false,false,false,false,false,,,,,,false,false,false,,,false,false,false,false,false,-83.07304,42.35283,"{
  ""coordinates"": [
    -8.307303402399999e+01,
    4.235282893000000e+01
  ],
  ""type"": ""Point""
}","{
  ""coordinates"": [
    -83.073034024,
    42.35282893
  ],
  ""type"": ""Point""
}",-83.073034024,42.35282893
1761,9444773,S M 39,PEMBROKE,2015-11-30,30,11,2015,15,2,8,3,,1,0,,1,1,1,55,3,2,2,5,0,0,0,0,true,,false,false,false,false,false,,,,,,false,true,false,,,false,false,false,false,false,-83.2197,42.43696,"{
  ""coordinates"": [
    -8.321970496800000e+01,
    4.243695785200000e+01
  ],
  ""type"": ""Point""
}","{
  ""coordinates"": [
    -83.219704968,
    42.436957852
  ],
  ""type"": ""Point""
}",-83.219704968,42.436957852
1762,9445836,I-75,DEARBORN,2015-11-30,30,11,2015,5,2,1,1,,1,1,,3,1,4,70,4,1,1,5,0,0,0,0,true,,false,false,false,false,false,,,,,,false,true,false,,,false,false,false,false,false,-83.12892,42.2918,"{
  ""coordinates"": [
    -8.312891864200000e+01,
    4.229180012700000e+01
  ],
  ""type"": ""Point""
}","{
  ""coordinates"": [
    -83.128918642,
    42.291800127
  ],
  ""type"": ""Point""
}",-83.128918642,42.291800127
1763,9444952,ROSEMONT,WHITLOCK,2015-11-30,30,11,2015,11,2,97,9,,,0,,1,1,1,25,2,2,1,5,0,0,0,0,true,,false,false,false,false,false,,,,,,false,false,false,,,false,false,false,false,false,-83.21824,42.33981,"{
  ""coordinates"": [
    -8.321823623900001e+01,
    4.233980878700000e+01
  ],
  ""type"": ""Point""
}","{
  ""coordinates"": [
    -83.218236239,
    42.339808787
  ],
  ""type"": ""Point""
}",-83.218236239,42.339808787
1764,9446992,I-94,TRUMBULL,2015-11-30,30,11,2015,11,2,5,1,,1,0,,2,1,1,55,4,2,2,4,0,0,0,1,false,,false,false,false,false,false,,,,,,false,true,false,,,false,false,false,false,false,-83.08098,42.35633,"{
  ""coordinates"": [
    -8.308097619400000e+01,
    4.235633352400000e+01
  ],
  ""type"": ""Point""
}","{
  ""coordinates"": [
    -83.080976194,
    42.356333524
  ],
  ""type"": ""Point""
}",-83.080976194,42.356333524
1765,9444786,RAMP 041A,N I 75,2015-11-30,30,11,2015,9,2,5,1,,1,0,,3,1,1,55,1,4,4,5,0,0,0,0,true,,false,false,false,false,false,,,,,,false,false,true,,,false,false,false,false,false,-83.04512,42.34177,"{
  ""coordinates"": [
    -8.304511791800000e+01,
    4.234177001300000e+01
  ],
  ""type"": ""Point""
}","{
  ""coordinates"": [
    -83.045117918,
    42.341770013
  ],
  ""type"": ""Point""
}",-83.045117918,42.341770013
1766,9443845,LAWRENCE,BYRON,2015-11-30,30,11,2015,16,2,8,9,,,0,,1,1,1,25,2,2,1,5,0,0,0,0,true,,false,false,false,false,false,,,,,,false,false,true,,,false,false,false,false,false,-83.09852,42.38692,"{
  ""coordinates"": [
    -8.309852184800000e+01,
    4.238692398500010e+01
  ],
  ""type"": ""Point""
}","{
  ""coordinates"": [
    -83.098521848,
    42.386923985
  ],
  ""type"": ""Point""
}",-83.098521848,42.3869239850001
1767,9444797,RAMP 008B,I 96 SERVICE DRIVE,2015-11-30,30,11,2015,6,2,1,1,,1,1,,3,1,4,55,1,1,1,5,0,0,0,0,true,,false,false,false,false,false,,,,,,false,false,false,,,false,false,false,false,false,-83.21549,42.37801,"{
  ""coordinates"": [
    -8.321549426099990e+01,
    4.237800915200010e+01
  ],
  ""type"": ""Point""
}","{
  ""coordinates"": [
    -83.215494261,
    42.378009152
  ],
  ""type"": ""Point""
}",-83.2154942609999,42.3780091520001
1768,9445835,I-75,DEARBORN,2015-11-30,30,11,2015,4,2,1,1,,1,1,,3,1,1,70,4,1,1,5,0,0,0,0,true,,false,false,false,false,false,,,,,,false,false,false,,,false,false,false,false,false,-83.12892,42.2918,"{
  ""coordinates"": [
    -8.312891864200000e+01,
    4.229180012700000e+01
  ],
  ""type"": ""Point""
}","{
  ""coordinates"": [
    -83.128918642,
    42.291800127
  ],
  ""type"": ""Point""
}",-83.128918642,42.291800127
1769,9449649,E I 96,SOUTHFIELD SERVICE DRIVE,2015-11-30,30,11,2015,20,2,5,1,,1,0,,1,1,4,55,2,2,5,4,0,0,0,5,false,,false,false,false,false,false,,,,,,false,false,false,,,false,false,false,false,false,-83.21813,42.3786,"{
  ""coordinates"": [
    -8.321813077800000e+01,
    4.237859644100010e+01
  ],
  ""type"": ""Point""
}","{
  ""coordinates"": [
    -83.218130778,
    42.378596441
  ],
  ""type"": ""Point""
}",-83.218130778,42.3785964410001