ObjectId,Crash ID,Primary Road,Intersecting Road,Crash Date,Day,Month,Year,Hour,Weekday,Crash Type Code,Highway Classification Code,Community Code,Jurisdiction Code,Lane Departure Type Code,Surface Type,Road Condition,Weather Condition,Lighting Condition,Speed Limit,Lanes,Units,Occupants,Most Severe Injury,Fatal Injuries,Suspected Serious Injuries,Suspected Minor Injuries,Possible Injuries,Property Damage Only,Secondary Crash,Traffic Control,Red Light Run,Hit and Run,Alcohol,Drugs,Unbelted Person,Work Zone,Speeding Driver,Distracted Driver,Driveway,Pedestrian,Elderly Driver,Young Driver,Commercial Vehicle,Emergency Vehicles,Train,School Bus,Motorcycle,Bicycle,Deer,Longitude,Latitude,geom,geog,x,y
1770,9445817,I-75,DEARBORN,2015-11-30,30,11,2015,6,2,1,1,,1,1,,3,1,1,70,4,1,1,4,0,0,0,1,false,,false,false,false,false,false,,,,,,false,false,false,,,false,false,false,false,false,-83.12869,42.29179,"{
  ""coordinates"": [
    -8.312869433299990e+01,
    4.229179273300010e+01
  ],
  ""type"": ""Point""
}","{
  ""coordinates"": [
    -83.128694333,
    42.291792733
  ],
  ""type"": ""Point""
}",-83.1286943329999,42.2917927330001
1771,9455569,MEYERS,PURITAN,2015-11-30,30,11,2015,18,2,3,9,,4,0,,1,1,2,25,2,2,1,5,0,0,0,0,true,,false,false,false,false,false,,,,,,false,false,false,,,false,false,false,false,false,-83.16975,42.40946,"{
  ""coordinates"": [
    -8.316975650400001e+01,
    4.240946097400010e+01
  ],
  ""type"": ""Point""
}","{
  ""coordinates"": [
    -83.169756504,
    42.409460974
  ],
  ""type"": ""Point""
}",-83.169756504,42.4094609740001
1772,9445834,I-75,DEARBORN,2015-11-30,30,11,2015,4,2,1,1,,1,1,,3,1,4,70,4,1,1,5,0,0,0,0,true,,false,false,false,false,false,,,,,,false,false,false,,,false,false,false,false,false,-83.12892,42.2918,"{
  ""coordinates"": [
    -8.312891864200000e+01,
    4.229180012700000e+01
  ],
  ""type"": ""Point""
}","{
  ""coordinates"": [
    -83.128918642,
    42.291800127
  ],
  ""type"": ""Point""
}",-83.128918642,42.291800127
1773,9443890,FENKELL,SNOWDEN,2015-11-30,30,11,2015,19,2,5,9,,2,0,,1,1,4,30,2,2,6,4,0,0,0,3,false,,false,false,false,false,false,,,,,,false,false,true,,,false,false,false,false,false,-83.17698,42.40211,"{
  ""coordinates"": [
    -8.317697722100000e+01,
    4.240210955600000e+01
  ],
  ""type"": ""Point""
}","{
  ""coordinates"": [
    -83.176977221,
    42.402109556
  ],
  ""type"": ""Point""
}",-83.176977221,42.402109556
1774,9445816,I-75,DEARBORN,2015-11-30,30,11,2015,5,2,5,1,,1,0,,3,1,4,70,4,2,2,5,0,0,0,0,true,,false,false,false,false,false,,,,,,false,false,false,,,false,false,false,false,false,-83.12869,42.29179,"{
  ""coordinates"": [
    -8.312869433299990e+01,
    4.229179273300010e+01
  ],
  ""type"": ""Point""
}","{
  ""coordinates"": [
    -83.128694333,
    42.291792733
  ],
  ""type"": ""Point""
}",-83.1286943329999,42.2917927330001
1775,9443889,FENKELL,SNOWDEN,2015-11-30,30,11,2015,19,2,5,9,,2,0,,1,1,4,30,2,2,4,4,0,0,0,1,false,,false,false,false,false,false,,,,,,false,false,true,,,false,false,false,false,false,-83.17698,42.40211,"{
  ""coordinates"": [
    -8.317697722100000e+01,
    4.240210955600000e+01
  ],
  ""type"": ""Point""
}","{
  ""coordinates"": [
    -83.176977221,
    42.402109556
  ],
  ""type"": ""Point""
}",-83.176977221,42.402109556
1776,9444762,RAMP 018B,MADISON,2015-11-30,30,11,2015,8,2,1,1,,1,1,,3,1,1,55,2,1,1,5,0,0,0,0,true,,false,false,false,false,false,,,,,,false,false,false,,,false,false,false,false,false,-83.04214,42.33989,"{
  ""coordinates"": [
    -8.304214821600000e+01,
    4.233988955200000e+01
  ],
  ""type"": ""Point""
}","{
  ""coordinates"": [
    -83.042148216,
    42.339889552
  ],
  ""type"": ""Point""
}",-83.042148216,42.339889552
1777,9473358,OUTER,S M 39,2015-11-30,30,11,2015,6,2,4,9,,2,0,,3,1,4,35,3,2,2,5,0,0,0,0,true,,true,true,false,false,false,,,,,,false,false,false,,,false,false,false,false,false,-83.21906,42.41926,"{
  ""coordinates"": [
    -8.321906268399989e+01,
    4.241926346100010e+01
  ],
  ""type"": ""Point""
}","{
  ""coordinates"": [
    -83.219062684,
    42.419263461
  ],
  ""type"": ""Point""
}",-83.2190626839999,42.4192634610001
1778,9449677,E I 96,RAMP 008N,2015-11-30,30,11,2015,20,2,1,1,,1,1,,1,1,4,55,2,1,1,4,0,0,0,1,false,,false,false,false,false,false,,,,,,false,false,false,,,false,false,false,false,false,-83.2122,42.3787,"{
  ""coordinates"": [
    -8.321219786400000e+01,
    4.237870153000010e+01
  ],
  ""type"": ""Point""
}","{
  ""coordinates"": [
    -83.212197864,
    42.37870153
  ],
  ""type"": ""Point""
}",-83.212197864,42.3787015300001
1779,9477247,CHICAGO,KAY,2015-11-30,30,11,2015,12,2,9,9,,2,2,,97,98,98,0,2,2,1,5,0,0,0,0,true,,false,false,true,false,false,,,,,,false,false,false,,,false,false,false,false,false,-83.13137,42.36843,"{
  ""coordinates"": [
    -8.313137214999990e+01,
    4.236843159400010e+01
  ],
  ""type"": ""Point""
}","{
  ""coordinates"": [
    -83.13137215,
    42.368431594
  ],
  ""type"": ""Point""
}",-83.1313721499999,42.3684315940001
1780,9448413,FORT,S I 75,2015-11-30,30,11,2015,8,2,1,3,,1,1,,3,1,4,55,1,1,1,5,0,0,0,0,true,,false,false,false,false,false,,,,,,false,false,false,,,false,false,false,false,false,-83.1536,42.27848,"{
  ""coordinates"": [
    -8.315360536100000e+01,
    4.227848161200010e+01
  ],
  ""type"": ""Point""
}","{
  ""coordinates"": [
    -83.153605361,
    42.278481612
  ],
  ""type"": ""Point""
}",-83.153605361,42.2784816120001
1781,9449671,I 75,HOLBROOK,2015-11-30,30,11,2015,16,2,5,1,,1,0,,1,1,1,55,4,2,2,5,0,0,0,0,true,,false,false,false,false,false,,,,,,false,false,true,,,false,false,false,false,false,-83.06647,42.38411,"{
  ""coordinates"": [
    -8.306647397300000e+01,
    4.238410584700010e+01
  ],
  ""type"": ""Point""
}","{
  ""coordinates"": [
    -83.066473973,
    42.384105847
  ],
  ""type"": ""Point""
}",-83.066473973,42.3841058470001
1782,9478437,WOODWARD,GRAND,2015-11-30,30,11,2015,11,2,4,3,,1,0,,1,1,1,25,7,2,2,5,0,0,0,0,true,,false,false,false,false,false,,,,,,false,false,false,,,false,false,false,false,false,-83.07328,42.3702,"{
  ""coordinates"": [
    -8.307328299800000e+01,
    4.237020086900000e+01
  ],
  ""type"": ""Point""
}","{
  ""coordinates"": [
    -83.073282998,
    42.370200869
  ],
  ""type"": ""Point""
}",-83.073282998,42.370200869
1783,9451918,KIRBY,ANTHONY WAYNE,2015-11-30,30,11,2015,17,2,5,9,,4,0,,1,1,4,25,2,2,2,4,0,0,0,1,false,,false,false,true,false,false,,,,,,false,false,false,,,false,false,false,false,false,-83.0731,42.35792,"{
  ""coordinates"": [
    -8.307310136400000e+01,
    4.235792268700000e+01
  ],
  ""type"": ""Point""
}","{
  ""coordinates"": [
    -83.073101364,
    42.357922687
  ],
  ""type"": ""Point""
}",-83.073101364,42.357922687
1784,9444974,7 MILE,SCHAEFER,2015-11-30,30,11,2015,11,2,7,9,,2,0,,1,1,1,30,2,3,3,5,0,0,0,0,true,,false,false,false,false,false,,,,,,false,false,true,,,false,false,false,false,false,-83.18056,42.43107,"{
  ""coordinates"": [
    -8.318055709299990e+01,
    4.243107386400000e+01
  ],
  ""type"": ""Point""
}","{
  ""coordinates"": [
    -83.180557093,
    42.431073864
  ],
  ""type"": ""Point""
}",-83.1805570929999,42.431073864
1785,9444758,RAMP 041E,N/B I-375,2015-11-30,30,11,2015,6,2,1,1,,1,1,,3,1,4,55,1,1,1,5,0,0,0,0,true,,false,false,false,false,false,,,,,,false,false,false,,,false,false,false,false,false,-83.04237,42.34444,"{
  ""coordinates"": [
    -8.304236773199990e+01,
    4.234444264300000e+01
  ],
  ""type"": ""Point""
}","{
  ""coordinates"": [
    -83.042367732,
    42.344442643
  ],
  ""type"": ""Point""
}",-83.0423677319999,42.344442643
1786,9446996,N M 10,E I 94,2015-11-30,30,11,2015,17,2,5,3,,1,0,,1,1,4,55,3,2,2,3,0,0,1,0,false,,false,false,false,false,false,,,,,,false,true,false,,,false,false,false,false,false,-83.07588,42.35882,"{
  ""coordinates"": [
    -8.307588172999991e+01,
    4.235881928700010e+01
  ],
  ""type"": ""Point""
}","{
  ""coordinates"": [
    -83.07588173,
    42.358819287
  ],
  ""type"": ""Point""
}",-83.0758817299999,42.3588192870001
1787,9461335,EUREKA,DAVISON,2015-11-30,30,11,2015,5,2,1,9,,,1,,3,1,4,20,4,1,1,5,0,0,0,0,true,,false,false,false,false,false,,,,,,false,false,true,,,false,false,false,false,false,-83.05626,42.41759,"{
  ""coordinates"": [
    -8.305626113300001e+01,
    4.241759377700000e+01
  ],
  ""type"": ""Point""
}","{
  ""coordinates"": [
    -83.056261133,
    42.417593777
  ],
  ""type"": ""Point""
}",-83.056261133,42.417593777
1788,9449703,RAMP 047C,N I 75,2015-11-30,30,11,2015,9,2,1,1,,1,1,,3,1,1,55,2,1,3,2,0,2,0,0,false,,false,false,false,false,false,,,,,,false,false,false,,,false,false,false,false,false,-83.07671,42.40979,"{
  ""coordinates"": [
    -8.307670591999990e+01,
    4.240978676200010e+01
  ],
  ""type"": ""Point""
}","{
  ""coordinates"": [
    -83.07670592,
    42.409786762
  ],
  ""type"": ""Point""
}",-83.0767059199999,42.4097867620001
1789,9444759,RAMP 041E,N/B I-375,2015-11-30,30,11,2015,6,2,1,1,,1,1,,3,1,4,55,1,1,1,5,0,0,0,0,true,,false,false,false,false,false,,,,,,false,false,true,,,false,false,false,false,false,-83.04237,42.34444,"{
  ""coordinates"": [
    -8.304236773199990e+01,
    4.234444264300000e+01
  ],
  ""type"": ""Point""
}","{
  ""coordinates"": [
    -83.042367732,
    42.344442643
  ],
  ""type"": ""Point""
}",-83.0423677319999,42.344442643
1790,9449863,CENTRAL,DIX,2015-11-30,30,11,2015,17,2,5,9,,4,0,,1,1,4,30,2,2,2,5,0,0,0,0,true,,false,false,false,false,false,,,,,,false,false,true,,,false,false,false,false,false,-83.12761,42.3172,"{
  ""coordinates"": [
    -8.312761290299990e+01,
    4.231720297300010e+01
  ],
  ""type"": ""Point""
}","{
  ""coordinates"": [
    -83.127612903,
    42.317202973
  ],
  ""type"": ""Point""
}",-83.1276129029999,42.3172029730001
1791,9443870,RYAN,MCNICHOLS,2015-11-30,30,11,2015,20,2,5,9,,4,0,,1,1,4,30,2,2,1,5,0,0,0,0,true,,false,false,false,false,false,,,,,,false,false,false,,,false,false,false,false,false,-83.06252,42.41888,"{
  ""coordinates"": [
    -8.306252398899990e+01,
    4.241888486100000e+01
  ],
  ""type"": ""Point""
}","{
  ""coordinates"": [
    -83.062523989,
    42.418884861
  ],
  ""type"": ""Point""
}",-83.0625239889999,42.418884861
1792,9449695,M39,FENKELL,2015-11-30,30,11,2015,18,2,8,3,,1,0,,1,1,1,55,3,2,2,5,0,0,0,0,true,,false,false,false,false,false,,,,,,false,false,true,,,false,false,false,false,false,-83.2181,42.39822,"{
  ""coordinates"": [
    -8.321810061100000e+01,
    4.239822526800000e+01
  ],
  ""type"": ""Point""
}","{
  ""coordinates"": [
    -83.218100611,
    42.398225268
  ],
  ""type"": ""Point""
}",-83.218100611,42.398225268
1793,9444753,RAMP 035F,N I 75,2015-11-30,30,11,2015,10,2,1,1,,1,1,,3,1,1,55,1,1,1,5,0,0,0,0,true,,false,false,false,false,false,,,,,,false,true,false,,,false,false,false,false,false,-83.08365,42.32534,"{
  ""coordinates"": [
    -8.308364787200000e+01,
    4.232534246800000e+01
  ],
  ""type"": ""Point""
}","{
  ""coordinates"": [
    -83.083647872,
    42.325342468
  ],
  ""type"": ""Point""
}",-83.083647872,42.325342468
1794,9445998,MEYERS,PURITAN,2015-11-30,30,11,2015,18,2,3,9,,4,0,,1,1,4,30,2,2,2,5,0,0,0,0,true,,false,false,true,false,false,,,,,,false,false,false,,,false,false,false,false,false,-83.16976,42.40966,"{
  ""coordinates"": [
    -8.316976415700000e+01,
    4.240966397900010e+01
  ],
  ""type"": ""Point""
}","{
  ""coordinates"": [
    -83.169764157,
    42.409663979
  ],
  ""type"": ""Point""
}",-83.169764157,42.4096639790001
1795,9444763,GRATIOT,S I  375 SERVICE DRIVE,2015-11-30,30,11,2015,8,2,97,3,,1,0,,3,1,1,55,2,3,3,4,0,0,0,1,false,,false,false,false,false,false,,,,,,false,false,false,,,false,false,false,false,false,-83.04176,42.3396,"{
  ""coordinates"": [
    -8.304176243200000e+01,
    4.233959891400010e+01
  ],
  ""type"": ""Point""
}","{
  ""coordinates"": [
    -83.041762432,
    42.339598914
  ],
  ""type"": ""Point""
}",-83.041762432,42.3395989140001
1796,9450987,E/B I-96,M-39,2015-11-30,30,11,2015,4,2,97,1,,1,0,,3,98,4,55,2,3,3,5,0,0,0,0,true,,false,false,false,false,false,,,,,,false,false,true,,,false,false,false,false,false,-83.21494,42.37867,"{
  ""coordinates"": [
    -8.321493451399991e+01,
    4.237867324600010e+01
  ],
  ""type"": ""Point""
}","{
  ""coordinates"": [
    -83.214934514,
    42.378673246
  ],
  ""type"": ""Point""
}",-83.2149345139999,42.3786732460001
1797,9444755,I 75,MILWAUKEE,2015-11-30,30,11,2015,17,2,5,1,,1,0,,1,1,1,55,4,2,3,5,0,0,0,0,true,,false,false,false,false,false,,,,,,false,false,false,,,false,false,false,false,false,-83.05949,42.37304,"{
  ""coordinates"": [
    -8.305948625699990e+01,
    4.237303843700000e+01
  ],
  ""type"": ""Point""
}","{
  ""coordinates"": [
    -83.059486257,
    42.373038437
  ],
  ""type"": ""Point""
}",-83.0594862569999,42.373038437
1798,9444783,I-94,I-75,2015-11-30,30,11,2015,6,2,8,1,,1,0,,3,1,4,55,4,2,2,5,0,0,0,0,true,,false,false,false,false,false,,,,,,false,false,false,,,false,false,false,false,false,-83.05761,42.36899,"{
  ""coordinates"": [
    -8.305761202699991e+01,
    4.236898951700000e+01
  ],
  ""type"": ""Point""
}","{
  ""coordinates"": [
    -83.057612027,
    42.368989517
  ],
  ""type"": ""Point""
}",-83.0576120269999,42.368989517
1799,9444941,MCNICHOLS,ILENE,2015-11-30,30,11,2015,1,2,5,9,,2,0,,1,1,4,35,4,2,2,5,0,0,0,0,true,,false,false,false,false,false,,,,,,false,false,false,,,false,false,false,false,false,-83.16269,42.41686,"{
  ""coordinates"": [
    -8.316268635700000e+01,
    4.241686368200000e+01
  ],
  ""type"": ""Point""
}","{
  ""coordinates"": [
    -83.162686357,
    42.416863682
  ],
  ""type"": ""Point""
}",-83.162686357,42.416863682
1800,9651552,UNIVERSITY,SOUTHAMPTON,2015-11-30,30,11,2015,22,2,5,9,,,0,,1,1,4,25,1,2,0,5,0,0,0,0,true,,false,false,true,false,false,,,,,,false,false,false,,,false,false,false,false,false,-82.92526,42.41311,"{
  ""coordinates"": [
    -8.292526504999999e+01,
    4.241310951400000e+01
  ],
  ""type"": ""Point""
}","{
  ""coordinates"": [
    -82.92526505,
    42.413109514
  ],
  ""type"": ""Point""
}",-82.92526505,42.413109514
1801,9455524,MARTIN LUTHER KING JR,CASS,2015-11-30,30,11,2015,8,2,4,9,,4,0,,2,1,1,30,7,2,3,4,0,0,0,1,false,,false,false,false,false,false,,,,,,false,false,true,,,false,false,false,false,false,-83.06068,42.34553,"{
  ""coordinates"": [
    -8.306068399400000e+01,
    4.234552973800000e+01
  ],
  ""type"": ""Point""
}","{
  ""coordinates"": [
    -83.060683994,
    42.345529738
  ],
  ""type"": ""Point""
}",-83.060683994,42.345529738
1802,9597289,CHALMERS,HARPER,2015-11-30,30,11,2015,8,2,8,9,,4,0,,1,1,1,30,3,2,3,5,0,0,0,0,true,,false,false,false,false,false,,,,,,false,false,false,,,false,false,false,false,false,-82.96438,42.40466,"{
  ""coordinates"": [
    -8.296437888000000e+01,
    4.240466064400000e+01
  ],
  ""type"": ""Point""
}","{
  ""coordinates"": [
    -82.96437888,
    42.404660644
  ],
  ""type"": ""Point""
}",-82.96437888,42.404660644
1803,9444784,RAMP 037B,N I 75,2015-11-30,30,11,2015,7,2,1,1,,1,1,,3,1,2,55,1,1,1,5,0,0,0,0,true,,false,false,false,false,false,,,,,,false,false,false,,,false,false,false,false,false,-83.08356,42.33183,"{
  ""coordinates"": [
    -8.308356535800000e+01,
    4.233182417200000e+01
  ],
  ""type"": ""Point""
}","{
  ""coordinates"": [
    -83.083565358,
    42.331824172
  ],
  ""type"": ""Point""
}",-83.083565358,42.331824172
1804,9444973,MCNICHOLS,NORTHLAWN,2015-11-30,30,11,2015,15,2,5,9,,4,0,,1,1,1,25,2,2,2,5,0,0,0,0,true,,false,false,false,false,false,,,,,,false,false,true,,,false,false,false,false,false,-83.15376,42.41705,"{
  ""coordinates"": [
    -8.315375718500000e+01,
    4.241705098600000e+01
  ],
  ""type"": ""Point""
}","{
  ""coordinates"": [
    -83.153757185,
    42.417050986
  ],
  ""type"": ""Point""
}",-83.153757185,42.417050986
1805,9443933,E I 94,MOROSS,2015-11-30,30,11,2015,15,2,5,1,,1,0,,1,1,1,35,2,2,2,5,0,0,0,0,true,,false,false,false,false,false,,,,,,false,false,true,,,false,false,false,false,false,-82.9285,42.42468,"{
  ""coordinates"": [
    -8.292850027500000e+01,
    4.242468390200000e+01
  ],
  ""type"": ""Point""
}","{
  ""coordinates"": [
    -82.928500275,
    42.424683902
  ],
  ""type"": ""Point""
}",-82.928500275,42.424683902
1806,9449647,RAMP 216E,WARREN,2015-11-30,30,11,2015,18,2,6,1,,1,0,,1,1,4,55,4,2,2,5,0,0,0,0,true,,false,false,false,false,false,,,,,,false,false,true,,,false,false,false,false,false,-83.05437,42.36106,"{
  ""coordinates"": [
    -8.305436774600000e+01,
    4.236105980500000e+01
  ],
  ""type"": ""Point""
}","{
  ""coordinates"": [
    -83.054367746,
    42.361059805
  ],
  ""type"": ""Point""
}",-83.054367746,42.361059805
1807,9446991,RAMP 008P,E I 96,2015-11-30,30,11,2015,7,2,1,1,,1,1,,3,1,4,55,1,1,1,5,0,0,0,0,true,,false,false,false,false,false,,,,,,false,false,false,,,false,false,false,false,false,-83.21697,42.37869,"{
  ""coordinates"": [
    -8.321697140399991e+01,
    4.237868772200010e+01
  ],
  ""type"": ""Point""
}","{
  ""coordinates"": [
    -83.216971404,
    42.378687722
  ],
  ""type"": ""Point""
}",-83.2169714039999,42.3786877220001
1808,9465553,BALTIMORE,LODGE SRV,2015-11-30,30,11,2015,17,2,8,3,,7,0,,1,1,1,0,2,2,2,5,0,0,0,0,true,,false,false,false,false,false,,,,,,false,false,false,,,false,false,false,false,false,-83.08031,42.36593,"{
  ""coordinates"": [
    -8.308031788700001e+01,
    4.236593081100010e+01
  ],
  ""type"": ""Point""
}","{
  ""coordinates"": [
    -83.080317887,
    42.365930811
  ],
  ""type"": ""Point""
}",-83.080317887,42.3659308110001
1809,9449678,E I 96,SOUTHFIELD SERVICE DRIVE,2015-11-30,30,11,2015,21,2,5,1,,1,0,,1,1,4,55,2,2,2,5,0,0,0,0,true,,false,false,false,false,false,,,,,,false,false,true,,,false,false,false,false,false,-83.21386,42.37868,"{
  ""coordinates"": [
    -8.321385940099999e+01,
    4.237868436500000e+01
  ],
  ""type"": ""Point""
}","{
  ""coordinates"": [
    -83.213859401,
    42.378684365
  ],
  ""type"": ""Point""
}",-83.213859401,42.378684365
1810,9444761,S I 375,RAMP 018B,2015-11-30,30,11,2015,7,2,5,1,,1,0,,3,1,1,0,2,2,3,5,0,0,0,0,true,,false,false,false,false,false,,,,,,false,false,true,,,false,false,false,false,false,-83.04213,42.34017,"{
  ""coordinates"": [
    -8.304213262699990e+01,
    4.234016779300000e+01
  ],
  ""type"": ""Point""
}","{
  ""coordinates"": [
    -83.042132627,
    42.340167793
  ],
  ""type"": ""Point""
}",-83.0421326269999,42.340167793
1811,9444957,COLLINGHAM,REGENT,2015-11-30,30,11,2015,0,2,2,9,,,2,,1,1,4,25,1,2,1,5,0,0,0,0,true,,false,false,false,true,false,,,,,,false,false,true,,,false,false,false,false,false,-82.97635,42.44785,"{
  ""coordinates"": [
    -8.297635004800000e+01,
    4.244784611100000e+01
  ],
  ""type"": ""Point""
}","{
  ""coordinates"": [
    -82.976350048,
    42.447846111
  ],
  ""type"": ""Point""
}",-82.976350048,42.447846111
1812,9444787,N M 10,RAMP 122H,2015-11-30,30,11,2015,10,2,4,3,,1,0,,3,1,2,55,1,2,2,5,0,0,0,0,true,,false,false,false,false,false,,,,,,false,false,false,,,false,false,false,false,false,-83.06213,42.33255,"{
  ""coordinates"": [
    -8.306212843899991e+01,
    4.233255187800010e+01
  ],
  ""type"": ""Point""
}","{
  ""coordinates"": [
    -83.062128439,
    42.332551878
  ],
  ""type"": ""Point""
}",-83.0621284389999,42.3325518780001
1813,9444975,PEMBROKE,ARDMORE,2015-11-30,30,11,2015,16,2,4,9,,5,0,,1,1,1,30,4,2,2,5,0,0,0,0,true,,false,false,true,false,false,,,,,,false,false,false,,,false,false,false,false,false,-83.18555,42.43814,"{
  ""coordinates"": [
    -8.318554582800000e+01,
    4.243813967400010e+01
  ],
  ""type"": ""Point""
}","{
  ""coordinates"": [
    -83.185545828,
    42.438139674
  ],
  ""type"": ""Point""
}",-83.185545828,42.4381396740001
1814,9465586,WOODWARD,WARREN,2015-11-30,30,11,2015,10,2,4,3,,1,0,,1,1,1,40,7,2,3,3,0,0,1,1,false,,true,true,false,false,false,,,,,,false,false,true,,,false,false,false,false,false,-83.0643,42.35682,"{
  ""coordinates"": [
    -8.306430066800000e+01,
    4.235682314200010e+01
  ],
  ""type"": ""Point""
}","{
  ""coordinates"": [
    -83.064300668,
    42.356823142
  ],
  ""type"": ""Point""
}",-83.064300668,42.3568231420001
1815,9443924,FORD,RAMP 005J,2015-11-30,30,11,2015,7,2,1,3,,1,1,,3,1,1,35,4,1,2,4,0,0,0,2,false,,false,false,false,false,false,,,,,,false,false,false,,,false,false,false,false,false,-83.21889,42.32905,"{
  ""coordinates"": [
    -8.321889027700000e+01,
    4.232904840500000e+01
  ],
  ""type"": ""Point""
}","{
  ""coordinates"": [
    -83.218890277,
    42.329048405
  ],
  ""type"": ""Point""
}",-83.218890277,42.329048405
1816,9443912,CONNER,HERN,2015-11-30,30,11,2015,7,2,1,9,,2,1,,3,1,1,35,2,1,1,5,0,0,0,0,true,,false,false,false,false,false,,,,,,false,false,false,,,false,false,false,false,false,-83.01462,42.43654,"{
  ""coordinates"": [
    -8.301461458400000e+01,
    4.243653694000010e+01
  ],
  ""type"": ""Point""
}","{
  ""coordinates"": [
    -83.014614584,
    42.43653694
  ],
  ""type"": ""Point""
}",-83.014614584,42.4365369400001
1817,9443869,MT ELLIOTT,MOUND,2015-11-30,30,11,2015,8,2,8,9,,4,0,,3,98,1,30,2,2,2,5,0,0,0,0,true,,false,false,false,false,false,,,,,,false,false,true,,,false,false,false,false,false,-83.0377,42.40059,"{
  ""coordinates"": [
    -8.303769745800000e+01,
    4.240058595200000e+01
  ],
  ""type"": ""Point""
}","{
  ""coordinates"": [
    -83.037697458,
    42.400585952
  ],
  ""type"": ""Point""
}",-83.037697458,42.400585952
1818,9444764,S I 75,RAMP 049D,2015-11-30,30,11,2015,10,2,8,1,,1,0,,1,1,1,70,4,2,3,5,0,0,0,0,true,,false,false,false,false,false,,,,,,false,false,false,,,false,false,false,false,false,-83.09451,42.42887,"{
  ""coordinates"": [
    -8.309451109400000e+01,
    4.242886653300010e+01
  ],
  ""type"": ""Point""
}","{
  ""coordinates"": [
    -83.094511094,
    42.428866533
  ],
  ""type"": ""Point""
}",-83.094511094,42.4288665330001
1819,9444785,RAMP 216E,WARREN,2015-11-30,30,11,2015,8,2,1,1,,1,1,,3,1,1,55,1,1,1,5,0,0,0,0,true,,false,false,false,false,false,,,,,,false,false,false,,,false,false,false,false,false,-83.05439,42.36118,"{
  ""coordinates"": [
    -8.305439045100000e+01,
    4.236117507700000e+01
  ],
  ""type"": ""Point""
}","{
  ""coordinates"": [
    -83.054390451,
    42.361175077
  ],
  ""type"": ""Point""
}",-83.054390451,42.361175077
1820,9443831,BLACKSTONE,VERNE,2015-11-30,30,11,2015,14,2,4,9,,,0,,1,1,1,25,1,2,2,5,0,0,0,0,true,,false,false,false,false,false,,,,,,false,false,false,,,false,false,false,false,false,-83.24979,42.41156,"{
  ""coordinates"": [
    -8.324978676700000e+01,
    4.241156068500000e+01
  ],
  ""type"": ""Point""
}","{
  ""coordinates"": [
    -83.249786767,
    42.411560685
  ],
  ""type"": ""Point""
}",-83.249786767,42.411560685
1821,9449659,I-96,I-94,2015-11-30,30,11,2015,8,2,5,1,,1,0,,1,1,1,70,4,2,3,5,0,0,0,0,true,,false,false,true,false,false,,,,,,false,false,true,,,false,false,false,false,false,-83.1069,42.35433,"{
  ""coordinates"": [
    -8.310690633000000e+01,
    4.235433183400000e+01
  ],
  ""type"": ""Point""
}","{
  ""coordinates"": [
    -83.10690633,
    42.354331834
  ],
  ""type"": ""Point""
}",-83.10690633,42.354331834
1822,9443945,MOUND,HAMLET,2015-11-30,30,11,2015,9,2,8,9,,2,0,,1,1,1,25,2,2,2,5,0,0,0,0,true,,false,false,true,false,false,,,,,,false,false,false,,,false,false,false,false,false,-83.04418,42.44539,"{
  ""coordinates"": [
    -8.304418544700000e+01,
    4.244539277200000e+01
  ],
  ""type"": ""Point""
}","{
  ""coordinates"": [
    -83.044185447,
    42.445392772
  ],
  ""type"": ""Point""
}",-83.044185447,42.445392772
1823,9449676,NB SOUTHFIELD,JOY,2015-11-30,30,11,2015,18,2,5,9,,,0,,1,1,4,55,3,2,2,5,0,0,0,0,true,,false,false,false,false,false,,,,,,false,false,true,,,false,false,false,false,false,-83.13737,42.36364,"{
  ""coordinates"": [
    -8.313736831300000e+01,
    4.236363769900000e+01
  ],
  ""type"": ""Point""
}","{
  ""coordinates"": [
    -83.137368313,
    42.363637699
  ],
  ""type"": ""Point""
}",-83.137368313,42.363637699
1824,9443844,MACK,JEAN,2015-11-30,30,11,2015,7,2,5,9,,4,0,,1,1,1,25,3,2,5,5,0,0,0,0,true,,false,false,true,false,false,,,,,,false,false,true,,,false,false,false,false,false,-82.97856,42.37914,"{
  ""coordinates"": [
    -8.297856226700000e+01,
    4.237914351700000e+01
  ],
  ""type"": ""Point""
}","{
  ""coordinates"": [
    -82.978562267,
    42.379143517
  ],
  ""type"": ""Point""
}",-82.978562267,42.379143517
1825,9453198,JOHN C LODGE SERVICE,MILWAUKEE,2015-11-30,30,11,2015,15,2,8,3,,1,0,,2,2,1,35,1,2,2,5,0,0,0,0,true,,false,false,false,false,false,,,,,,false,false,false,,,false,false,false,false,false,-83.0808,42.36587,"{
  ""coordinates"": [
    -8.308080011000000e+01,
    4.236586810100000e+01
  ],
  ""type"": ""Point""
}","{
  ""coordinates"": [
    -83.08080011,
    42.365868101
  ],
  ""type"": ""Point""
}",-83.08080011,42.365868101
1826,9443893,GRAND RIVER,OAKMAN,2015-11-30,30,11,2015,9,2,4,3,,1,0,,1,1,1,35,4,2,1,5,0,0,0,0,true,,true,true,true,false,false,,,,,,false,false,false,,,false,false,false,false,false,-83.15092,42.37355,"{
  ""coordinates"": [
    -8.315092357799990e+01,
    4.237355066400000e+01
  ],
  ""type"": ""Point""
}","{
  ""coordinates"": [
    -83.150923578,
    42.373550664
  ],
  ""type"": ""Point""
}",-83.1509235779999,42.373550664