ObjectId,Crash ID,Primary Road,Intersecting Road,Crash Date,Day,Month,Year,Hour,Weekday,Crash Type Code,Highway Classification Code,Community Code,Jurisdiction Code,Lane Departure Type Code,Surface Type,Road Condition,Weather Condition,Lighting Condition,Speed Limit,Lanes,Units,Occupants,Most Severe Injury,Fatal Injuries,Suspected Serious Injuries,Suspected Minor Injuries,Possible Injuries,Property Damage Only,Secondary Crash,Traffic Control,Red Light Run,Hit and Run,Alcohol,Drugs,Unbelted Person,Work Zone,Speeding Driver,Distracted Driver,Driveway,Pedestrian,Elderly Driver,Young Driver,Commercial Vehicle,Emergency Vehicles,Train,School Bus,Motorcycle,Bicycle,Deer,Longitude,Latitude,geom,geog,x,y
1941,9451138,1099 VANDYKE,ST PAUL,2015-11-27,27,11,2015,19,6,8,9,,4,0,,2,4,4,25,2,2,0,5,0,0,0,0,true,,false,false,true,false,false,,,,,,false,false,false,,,false,false,false,false,false,-82.9983,42.35615,"{
  ""coordinates"": [
    -8.299829984199989e+01,
    4.235614998900010e+01
  ],
  ""type"": ""Point""
}","{
  ""coordinates"": [
    -82.998299842,
    42.356149989
  ],
  ""type"": ""Point""
}",-82.9982998419999,42.3561499890001
1942,9441232,PINE,GRAND RIVER,2015-11-27,27,11,2015,23,6,97,3,,,0,,2,4,4,25,2,2,4,5,0,0,0,0,true,,false,false,true,true,false,,,,,,false,false,false,,,false,false,false,false,false,-83.06297,42.33773,"{
  ""coordinates"": [
    -8.306297126299999e+01,
    4.233773337900000e+01
  ],
  ""type"": ""Point""
}","{
  ""coordinates"": [
    -83.062971263,
    42.337733379
  ],
  ""type"": ""Point""
}",-83.062971263,42.337733379
1943,9443850,FOREST,MCCLELLAN,2015-11-27,27,11,2015,16,6,5,9,,4,0,,2,4,1,30,3,2,1,4,0,0,0,1,false,,false,false,true,false,false,,,,,,false,false,false,,,false,false,false,false,false,-82.99883,42.37873,"{
  ""coordinates"": [
    -8.299883413100000e+01,
    4.237873046400010e+01
  ],
  ""type"": ""Point""
}","{
  ""coordinates"": [
    -82.998834131,
    42.378730464
  ],
  ""type"": ""Point""
}",-82.998834131,42.3787304640001
1944,9443835,CADIEUX,DUPREY,2015-11-27,27,11,2015,18,6,4,9,,4,0,,2,4,4,30,2,2,3,5,0,0,0,0,true,,false,false,false,false,false,,,,,,false,false,true,,,false,false,false,false,false,-82.93864,42.41949,"{
  ""coordinates"": [
    -8.293864608400000e+01,
    4.241949449900010e+01
  ],
  ""type"": ""Point""
}","{
  ""coordinates"": [
    -82.938646084,
    42.419494499
  ],
  ""type"": ""Point""
}",-82.938646084,42.4194944990001
1945,9441242,ORANGELAWN,MINOCK,2015-11-27,27,11,2015,13,6,97,9,,,0,,2,1,1,25,1,2,2,5,0,0,0,0,true,,false,false,true,false,false,,,,,,false,true,false,,,false,false,false,false,false,-83.23245,42.36718,"{
  ""coordinates"": [
    -8.323245598100000e+01,
    4.236717869900010e+01
  ],
  ""type"": ""Point""
}","{
  ""coordinates"": [
    -83.232455981,
    42.367178699
  ],
  ""type"": ""Point""
}",-83.232455981,42.3671786990001
1946,9449859,VERNOR,WOODMERE,2015-11-27,27,11,2015,22,6,1,9,,4,1,,2,4,4,25,2,1,1,5,0,0,0,0,true,,false,false,false,false,false,,,,,,false,false,true,,,false,false,false,false,false,-83.13778,42.30714,"{
  ""coordinates"": [
    -8.313777688399990e+01,
    4.230714136600010e+01
  ],
  ""type"": ""Point""
}","{
  ""coordinates"": [
    -83.137776884,
    42.307141366
  ],
  ""type"": ""Point""
}",-83.1377768839999,42.3071413660001
1947,9445984,E I 94,RAMP 216J,2015-11-27,27,11,2015,5,6,5,1,,1,0,,1,1,4,55,1,2,2,5,0,0,0,0,true,,false,false,true,false,false,,,,,,false,false,false,,,false,false,false,false,false,-83.05753,42.36875,"{
  ""coordinates"": [
    -8.305753703499990e+01,
    4.236875188800010e+01
  ],
  ""type"": ""Point""
}","{
  ""coordinates"": [
    -83.057537035,
    42.368751888
  ],
  ""type"": ""Point""
}",-83.0575370349999,42.3687518880001
1948,9443856,7 MILE,JOANN,2015-11-27,27,11,2015,3,6,1,9,,4,1,,1,1,4,30,2,1,1,4,0,0,0,1,false,,false,false,false,false,false,,,,,,false,false,false,,,false,false,false,false,false,-82.99007,42.4348,"{
  ""coordinates"": [
    -8.299006275499990e+01,
    4.243480486400010e+01
  ],
  ""type"": ""Point""
}","{
  ""coordinates"": [
    -82.990062755,
    42.434804864
  ],
  ""type"": ""Point""
}",-82.9900627549999,42.4348048640001
1949,9441240,CADIEUX,WARREN,2015-11-27,27,11,2015,10,6,4,9,,4,0,,2,4,1,30,2,2,3,5,0,0,0,0,true,,false,false,false,false,false,,,,,,false,false,true,,,false,false,false,false,false,-82.93047,42.40707,"{
  ""coordinates"": [
    -8.293046691599990e+01,
    4.240706693900010e+01
  ],
  ""type"": ""Point""
}","{
  ""coordinates"": [
    -82.930466916,
    42.407066939
  ],
  ""type"": ""Point""
}",-82.9304669159999,42.4070669390001
1950,9472875,N M 10,RAMP 108C,2015-11-27,27,11,2015,21,6,5,3,,1,0,,2,2,1,25,1,2,1,5,0,0,0,0,true,,false,false,false,false,false,,,,,,false,false,false,,,false,false,false,false,false,-83.12325,42.40511,"{
  ""coordinates"": [
    -8.312324704400000e+01,
    4.240511461400010e+01
  ],
  ""type"": ""Point""
}","{
  ""coordinates"": [
    -83.123247044,
    42.405114614
  ],
  ""type"": ""Point""
}",-83.123247044,42.4051146140001
1951,9441148,S/B I-75,CARPENTER,2015-11-27,27,11,2015,10,6,97,1,,1,0,,2,4,1,55,4,2,2,5,0,0,0,0,true,,false,false,true,false,false,,,,,,false,false,false,,,false,false,false,false,false,-83.07276,42.40321,"{
  ""coordinates"": [
    -8.307276011800001e+01,
    4.240321466900010e+01
  ],
  ""type"": ""Point""
}","{
  ""coordinates"": [
    -83.072760118,
    42.403214669
  ],
  ""type"": ""Point""
}",-83.072760118,42.4032146690001
1952,9443931,BALFOUR,CASINO,2015-11-27,27,11,2015,19,6,4,9,,,0,,2,4,4,35,2,2,2,4,0,0,0,1,false,,false,false,false,false,false,,,,,,false,false,true,,,false,false,false,false,false,-82.94195,42.42418,"{
  ""coordinates"": [
    -8.294194532900001e+01,
    4.242417514900010e+01
  ],
  ""type"": ""Point""
}","{
  ""coordinates"": [
    -82.941945329,
    42.424175149
  ],
  ""type"": ""Point""
}",-82.941945329,42.4241751490001
1953,9443918,MEMORIAL,WARREN,2015-11-27,27,11,2015,16,6,7,9,,,0,,2,4,4,25,2,2,4,5,0,0,0,0,true,,false,false,false,false,false,,,,,,false,false,true,,,false,false,false,false,false,-83.21041,42.34348,"{
  ""coordinates"": [
    -8.321040784099991e+01,
    4.234347565000010e+01
  ],
  ""type"": ""Point""
}","{
  ""coordinates"": [
    -83.210407841,
    42.34347565
  ],
  ""type"": ""Point""
}",-83.2104078409999,42.3434756500001
1954,9441263,FORT,6TH,2015-11-27,27,11,2015,11,6,1,3,,1,0,,2,4,1,30,7,2,2,4,0,0,0,1,false,,false,false,false,false,false,,,,,,false,false,false,,,false,false,false,true,false,-83.05789,42.32619,"{
  ""coordinates"": [
    -8.305788824599991e+01,
    4.232618717200010e+01
  ],
  ""type"": ""Point""
}","{
  ""coordinates"": [
    -83.057888246,
    42.326187172
  ],
  ""type"": ""Point""
}",-83.0578882459999,42.3261871720001
1955,9443514,W I 96,CSX TRANSPORTATION,2015-11-27,27,11,2015,14,6,1,1,,1,1,,2,4,1,55,4,1,1,4,0,0,0,1,false,,false,false,false,false,false,,,,,,false,false,true,,,false,false,false,false,false,-83.19054,42.37981,"{
  ""coordinates"": [
    -8.319054414500000e+01,
    4.237980573800010e+01
  ],
  ""type"": ""Point""
}","{
  ""coordinates"": [
    -83.190544145,
    42.379805738
  ],
  ""type"": ""Point""
}",-83.190544145,42.3798057380001
1956,9637045,MCNICHOLS,ASBURY,2015-11-27,27,11,2015,23,6,97,9,,2,1,,2,4,4,35,4,2,0,1,1,0,0,0,false,,false,false,true,false,false,,,,,,true,false,false,,,false,false,false,false,false,-83.20885,42.41576,"{
  ""coordinates"": [
    -8.320884647799990e+01,
    4.241576510600000e+01
  ],
  ""type"": ""Point""
}","{
  ""coordinates"": [
    -83.208846478,
    42.415765106
  ],
  ""type"": ""Point""
}",-83.2088464779999,42.415765106
1957,9446965,M-39,JOY,2015-11-27,27,11,2015,11,6,8,3,,1,0,,2,4,1,55,3,2,1,5,0,0,0,0,true,,false,false,true,false,false,,,,,,false,false,true,,,false,false,false,false,false,-83.21639,42.35929,"{
  ""coordinates"": [
    -8.321639424400000e+01,
    4.235929509100000e+01
  ],
  ""type"": ""Point""
}","{
  ""coordinates"": [
    -83.216394244,
    42.359295091
  ],
  ""type"": ""Point""
}",-83.216394244,42.359295091
1958,9443851,LAPPIN,HAYES,2015-11-27,27,11,2015,8,6,5,9,,,0,,2,4,1,25,2,2,2,5,0,0,0,0,true,,false,false,true,false,false,,,,,,false,false,false,,,false,false,false,false,false,-82.96572,42.43719,"{
  ""coordinates"": [
    -8.296571963900000e+01,
    4.243719255600010e+01
  ],
  ""type"": ""Point""
}","{
  ""coordinates"": [
    -82.965719639,
    42.437192556
  ],
  ""type"": ""Point""
}",-82.965719639,42.4371925560001
1959,9446940,RAMP 041A,S I 375,2015-11-27,27,11,2015,17,6,1,1,,1,1,,2,4,4,55,2,1,1,4,0,0,0,1,false,,false,false,false,false,false,,,,,,false,false,false,,,false,false,false,false,false,-83.0436,42.34134,"{
  ""coordinates"": [
    -8.304360147800000e+01,
    4.234133509600010e+01
  ],
  ""type"": ""Point""
}","{
  ""coordinates"": [
    -83.043601478,
    42.341335096
  ],
  ""type"": ""Point""
}",-83.043601478,42.3413350960001
1960,9441259,WYOMING,MCNICHOLS,2015-11-27,27,11,2015,17,6,8,9,,4,0,,2,4,4,30,4,2,2,5,0,0,0,0,true,,false,false,false,false,false,,,,,,false,false,false,,,false,false,false,false,false,-83.16032,42.41695,"{
  ""coordinates"": [
    -8.316031617899991e+01,
    4.241694453400000e+01
  ],
  ""type"": ""Point""
}","{
  ""coordinates"": [
    -83.160316179,
    42.416944534
  ],
  ""type"": ""Point""
}",-83.1603161789999,42.416944534
1961,9441256,DAVISON,MOENART,2015-11-27,27,11,2015,12,6,7,9,,2,0,,2,4,1,35,6,2,5,3,0,0,1,0,false,,false,false,false,false,false,,,,,,false,true,true,,,false,false,false,false,false,-83.04976,42.41999,"{
  ""coordinates"": [
    -8.304975893300001e+01,
    4.241998820800010e+01
  ],
  ""type"": ""Point""
}","{
  ""coordinates"": [
    -83.049758933,
    42.419988208
  ],
  ""type"": ""Point""
}",-83.049758933,42.4199882080001
1962,9441261,MONTE VISTA,MARGARETA,2015-11-27,27,11,2015,12,6,4,9,,,0,,2,4,1,25,1,2,6,3,0,0,1,3,false,,false,false,false,false,false,,,,,,false,false,true,,,false,false,false,false,false,-83.16848,42.42765,"{
  ""coordinates"": [
    -8.316848057200001e+01,
    4.242765544600010e+01
  ],
  ""type"": ""Point""
}","{
  ""coordinates"": [
    -83.168480572,
    42.427655446
  ],
  ""type"": ""Point""
}",-83.168480572,42.4276554460001
1963,9451917,CASS,BURROUGHS,2015-11-27,27,11,2015,10,6,1,9,,4,0,,1,1,4,25,4,1,1,5,0,0,0,0,true,,false,false,false,false,false,,,,,,false,false,true,,,false,false,false,false,false,-83.07186,42.36511,"{
  ""coordinates"": [
    -8.307185785699990e+01,
    4.236510721800000e+01
  ],
  ""type"": ""Point""
}","{
  ""coordinates"": [
    -83.071857857,
    42.365107218
  ],
  ""type"": ""Point""
}",-83.0718578569999,42.365107218
1964,9441140,I75,NEVADA,2015-11-27,27,11,2015,8,6,8,1,,1,0,,2,4,1,70,4,2,3,5,0,0,0,0,true,,false,false,false,false,false,,,,,,false,false,true,,,false,false,false,false,false,-83.09351,42.4254,"{
  ""coordinates"": [
    -8.309351594299990e+01,
    4.242540474300010e+01
  ],
  ""type"": ""Point""
}","{
  ""coordinates"": [
    -83.093515943,
    42.425404743
  ],
  ""type"": ""Point""
}",-83.0935159429999,42.4254047430001
1965,9443939,MOROSS,ROSSITER,2015-11-27,27,11,2015,3,6,4,9,,2,0,,1,1,4,35,2,2,3,4,0,0,0,2,false,,true,false,false,false,false,,,,,,false,false,true,,,false,false,false,false,false,-82.94462,42.43129,"{
  ""coordinates"": [
    -8.294461504400000e+01,
    4.243129533300000e+01
  ],
  ""type"": ""Point""
}","{
  ""coordinates"": [
    -82.944615044,
    42.431295333
  ],
  ""type"": ""Point""
}",-82.944615044,42.431295333
1966,9451880,MCGRAW,RENVILLE,2015-11-27,27,11,2015,12,6,97,9,,4,1,,2,2,1,30,4,1,0,5,0,0,0,0,true,,false,false,true,false,false,,,,,,false,false,false,,,false,false,false,false,false,-83.14737,42.33283,"{
  ""coordinates"": [
    -8.314737242200000e+01,
    4.233282844500010e+01
  ],
  ""type"": ""Point""
}","{
  ""coordinates"": [
    -83.147372422,
    42.332828445
  ],
  ""type"": ""Point""
}",-83.147372422,42.3328284450001
1967,9449850,CASS,HENRY,2015-11-27,27,11,2015,20,6,97,9,,4,0,,2,4,4,25,4,2,3,5,0,0,0,0,true,,false,false,false,false,false,,,,,,false,false,true,,,false,false,false,false,false,-83.057,42.33903,"{
  ""coordinates"": [
    -8.305700042699991e+01,
    4.233903067600000e+01
  ],
  ""type"": ""Point""
}","{
  ""coordinates"": [
    -83.057000427,
    42.339030676
  ],
  ""type"": ""Point""
}",-83.0570004269999,42.339030676
1968,9440384,CHERRYLAWN,CURTIS,2015-11-27,27,11,2015,1,6,4,9,,,0,,1,1,4,25,2,4,4,4,0,0,0,3,false,,false,false,false,false,false,,,,,,false,false,true,,,false,false,false,false,false,-83.15525,42.42424,"{
  ""coordinates"": [
    -8.315524815100000e+01,
    4.242423870600000e+01
  ],
  ""type"": ""Point""
}","{
  ""coordinates"": [
    -83.155248151,
    42.424238706
  ],
  ""type"": ""Point""
}",-83.155248151,42.424238706
1969,9443899,LAFAYETTE,ORLEANS,2015-11-27,27,11,2015,23,6,97,9,,4,0,,2,4,4,0,4,2,2,5,0,0,0,0,true,,false,false,true,false,false,,,,,,false,false,false,,,false,false,false,false,false,-83.03073,42.33888,"{
  ""coordinates"": [
    -8.303073324699990e+01,
    4.233888410100010e+01
  ],
  ""type"": ""Point""
}","{
  ""coordinates"": [
    -83.030733247,
    42.338884101
  ],
  ""type"": ""Point""
}",-83.0307332469999,42.3388841010001
1970,9443558,I-94,CADIEUX,2015-11-27,27,11,2015,8,6,1,1,,1,1,,2,4,4,55,3,1,2,5,0,0,0,0,true,,false,false,false,false,false,,,,,,false,false,true,,,false,false,false,false,false,-82.93333,42.41952,"{
  ""coordinates"": [
    -8.293333042800000e+01,
    4.241952309000000e+01
  ],
  ""type"": ""Point""
}","{
  ""coordinates"": [
    -82.933330428,
    42.41952309
  ],
  ""type"": ""Point""
}",-82.933330428,42.41952309
1971,9443502,I-75,DEARBORN,2015-11-27,27,11,2015,7,6,5,1,,1,0,,2,4,1,70,4,2,3,5,0,0,0,0,true,,false,false,false,false,false,,,,,,false,false,true,,,false,false,false,false,false,-83.13013,42.29071,"{
  ""coordinates"": [
    -8.313012438800000e+01,
    4.229071004900000e+01
  ],
  ""type"": ""Point""
}","{
  ""coordinates"": [
    -83.130124388,
    42.290710049
  ],
  ""type"": ""Point""
}",-83.130124388,42.290710049
1972,9449834,EVERGREEN,MCNICHOLS,2015-11-27,27,11,2015,4,6,97,9,,4,0,,1,1,5,30,2,2,1,5,0,0,0,0,true,,false,false,true,false,false,,,,,,false,false,true,,,false,false,false,false,false,-83.2382,42.41523,"{
  ""coordinates"": [
    -8.323819984300000e+01,
    4.241522511400010e+01
  ],
  ""type"": ""Point""
}","{
  ""coordinates"": [
    -83.238199843,
    42.415225114
  ],
  ""type"": ""Point""
}",-83.238199843,42.4152251140001
1973,9441262,7 MILE,LITTLEFIELD,2015-11-27,27,11,2015,15,6,4,9,,2,0,,2,4,1,25,1,2,3,5,0,0,0,0,true,,false,false,false,false,false,,,,,,false,false,true,,,false,false,false,false,false,-83.1771,42.43114,"{
  ""coordinates"": [
    -8.317710032500000e+01,
    4.243114515400000e+01
  ],
  ""type"": ""Point""
}","{
  ""coordinates"": [
    -83.177100325,
    42.431145154
  ],
  ""type"": ""Point""
}",-83.177100325,42.431145154
1974,9469066,I 94,LIVERNOIS,2015-11-27,27,11,2015,9,6,1,1,,1,1,,2,4,1,55,3,1,3,5,0,0,0,0,true,,false,false,false,false,false,,,,,,false,false,false,,,false,false,false,false,false,-83.12329,42.33809,"{
  ""coordinates"": [
    -8.312329296800000e+01,
    4.233809335100010e+01
  ],
  ""type"": ""Point""
}","{
  ""coordinates"": [
    -83.123292968,
    42.338093351
  ],
  ""type"": ""Point""
}",-83.123292968,42.3380933510001
1975,9441246,VASSAR,GREENVIEW,2015-11-27,27,11,2015,5,6,5,9,,,0,,1,4,5,0,1,2,2,5,0,0,0,0,true,,false,false,true,false,false,,,,,,false,false,false,,,false,false,false,false,false,-83.22547,42.43353,"{
  ""coordinates"": [
    -8.322546863900000e+01,
    4.243352370500000e+01
  ],
  ""type"": ""Point""
}","{
  ""coordinates"": [
    -83.225468639,
    42.433523705
  ],
  ""type"": ""Point""
}",-83.225468639,42.433523705
1976,9441225,WYOMING,CHICAGO,2015-11-27,27,11,2015,16,6,1,9,,4,0,,2,4,4,30,4,1,1,2,0,1,0,0,false,,false,false,false,false,false,,,,,,false,false,false,,,false,false,false,false,false,-83.1582,42.36624,"{
  ""coordinates"": [
    -8.315820248599989e+01,
    4.236623609200010e+01
  ],
  ""type"": ""Point""
}","{
  ""coordinates"": [
    -83.158202486,
    42.366236092
  ],
  ""type"": ""Point""
}",-83.1582024859999,42.3662360920001
1977,9441205,WOODWARD,8 MILE,2015-11-27,27,11,2015,9,6,8,3,,1,0,,2,1,1,35,3,2,4,5,0,0,0,0,true,,false,false,false,false,false,,,,,,false,false,true,,,false,false,false,false,false,-83.12483,42.44649,"{
  ""coordinates"": [
    -8.312483339600000e+01,
    4.244649247600010e+01
  ],
  ""type"": ""Point""
}","{
  ""coordinates"": [
    -83.124833396,
    42.446492476
  ],
  ""type"": ""Point""
}",-83.124833396,42.4464924760001
1978,9441251,7 MILE,N M 10,2015-11-27,27,11,2015,11,6,4,9,,2,0,,2,4,1,35,4,2,4,2,0,1,0,1,false,,true,true,false,false,false,,,,,,false,false,false,,,false,false,false,false,false,-83.1868,42.43084,"{
  ""coordinates"": [
    -8.318680172900000e+01,
    4.243083648500000e+01
  ],
  ""type"": ""Point""
}","{
  ""coordinates"": [
    -83.186801729,
    42.430836485
  ],
  ""type"": ""Point""
}",-83.186801729,42.430836485
1979,9441254,LA SALLE,OAKMAN,2015-11-27,27,11,2015,18,6,4,9,,,0,,2,4,5,35,2,2,2,5,0,0,0,0,true,,false,false,false,false,false,,,,,,false,true,true,,,false,false,false,false,false,-83.12257,42.39922,"{
  ""coordinates"": [
    -8.312257500699999e+01,
    4.239921957400000e+01
  ],
  ""type"": ""Point""
}","{
  ""coordinates"": [
    -83.122575007,
    42.399219574
  ],
  ""type"": ""Point""
}",-83.122575007,42.399219574
1980,9441227,N I 75,HOLBROOK,2015-11-27,27,11,2015,19,6,5,1,,1,0,,2,4,4,30,3,2,2,4,0,0,0,1,false,,false,false,true,false,false,,,,,,false,false,false,,,false,false,false,false,false,-83.06808,42.38654,"{
  ""coordinates"": [
    -8.306807435400000e+01,
    4.238654502600010e+01
  ],
  ""type"": ""Point""
}","{
  ""coordinates"": [
    -83.068074354,
    42.386545026
  ],
  ""type"": ""Point""
}",-83.068074354,42.3865450260001
1981,9453207,GRATIOT,PELKEY,2015-11-27,27,11,2015,19,6,8,3,,1,0,,1,2,4,35,7,2,3,5,0,0,0,0,true,,false,false,true,false,false,,,,,,false,false,false,,,false,false,false,false,false,-82.98415,42.42527,"{
  ""coordinates"": [
    -8.298415508999990e+01,
    4.242526830800010e+01
  ],
  ""type"": ""Point""
}","{
  ""coordinates"": [
    -82.98415509,
    42.425268308
  ],
  ""type"": ""Point""
}",-82.9841550899999,42.4252683080001
1982,9441234,ELIZABETH,CASS,2015-11-27,27,11,2015,19,6,97,9,,4,0,,2,4,4,35,4,2,2,5,0,0,0,0,true,,false,false,true,false,false,,,,,,false,false,false,,,false,false,false,false,false,-83.05525,42.33597,"{
  ""coordinates"": [
    -8.305525046100000e+01,
    4.233597095300010e+01
  ],
  ""type"": ""Point""
}","{
  ""coordinates"": [
    -83.055250461,
    42.335970953
  ],
  ""type"": ""Point""
}",-83.055250461,42.3359709530001
1983,9455256,E I 96,TIREMAN,2015-11-27,27,11,2015,20,6,1,1,,1,1,,2,2,4,70,4,1,1,5,0,0,0,0,true,,false,false,true,false,false,,,,,,false,false,false,,,false,false,false,false,false,-83.11053,42.35572,"{
  ""coordinates"": [
    -8.311053765199991e+01,
    4.235572613600000e+01
  ],
  ""type"": ""Point""
}","{
  ""coordinates"": [
    -83.110537652,
    42.355726136
  ],
  ""type"": ""Point""
}",-83.1105376519999,42.355726136
1984,9441193,CHENE,FARNSWORTH,2015-11-27,27,11,2015,22,6,8,9,,4,0,,2,4,4,30,2,2,1,5,0,0,0,0,true,,false,false,true,false,false,,,,,,false,false,false,,,false,false,false,false,false,-83.04174,42.36713,"{
  ""coordinates"": [
    -8.304173714099990e+01,
    4.236713473900010e+01
  ],
  ""type"": ""Point""
}","{
  ""coordinates"": [
    -83.041737141,
    42.367134739
  ],
  ""type"": ""Point""
}",-83.0417371409999,42.3671347390001
1985,9441152,N M 10,S I 75,2015-11-27,27,11,2015,22,6,1,3,,1,1,,2,4,4,35,1,1,1,5,0,0,0,0,true,,false,false,false,false,false,,,,,,false,false,true,,,false,false,false,false,false,-83.06425,42.33541,"{
  ""coordinates"": [
    -8.306424416800000e+01,
    4.233540948400000e+01
  ],
  ""type"": ""Point""
}","{
  ""coordinates"": [
    -83.064244168,
    42.335409484
  ],
  ""type"": ""Point""
}",-83.064244168,42.335409484
1986,9443843,MCDOUGALL,JEFFERSON,2015-11-27,27,11,2015,18,6,8,9,,,0,,2,4,5,25,2,2,0,5,0,0,0,0,true,,false,false,true,false,false,,,,,,false,false,false,,,false,false,false,false,false,-83.01786,42.34026,"{
  ""coordinates"": [
    -8.301785808200000e+01,
    4.234026449100000e+01
  ],
  ""type"": ""Point""
}","{
  ""coordinates"": [
    -83.017858082,
    42.340264491
  ],
  ""type"": ""Point""
}",-83.017858082,42.340264491
1987,9451856,VERNOR,GREEN,2015-11-27,27,11,2015,11,6,2,9,,4,0,,2,4,3,25,2,2,4,5,0,0,0,0,true,,false,false,true,false,false,,,,,,false,false,false,,,false,false,false,false,false,-83.1212,42.31392,"{
  ""coordinates"": [
    -8.312119778999990e+01,
    4.231391534300010e+01
  ],
  ""type"": ""Point""
}","{
  ""coordinates"": [
    -83.12119779,
    42.313915343
  ],
  ""type"": ""Point""
}",-83.1211977899999,42.3139153430001
1988,9446941,I-94,FRENCH,2015-11-27,27,11,2015,20,6,5,1,,1,0,,2,4,4,55,3,2,6,3,0,0,1,2,false,,false,false,true,false,false,,,,,,false,false,true,,,false,false,false,false,false,-82.99584,42.39241,"{
  ""coordinates"": [
    -8.299584139000000e+01,
    4.239240561500000e+01
  ],
  ""type"": ""Point""
}","{
  ""coordinates"": [
    -82.99584139,
    42.392405615
  ],
  ""type"": ""Point""
}",-82.99584139,42.392405615
1989,9448163,N M 10,RAMP 109A,2015-11-27,27,11,2015,20,6,1,3,,1,1,,1,1,5,55,3,1,1,5,0,0,0,0,true,,false,false,false,false,false,,,,,,false,false,false,,,false,false,false,false,false,-83.10938,42.39794,"{
  ""coordinates"": [
    -8.310937968800000e+01,
    4.239793747800010e+01
  ],
  ""type"": ""Point""
}","{
  ""coordinates"": [
    -83.109379688,
    42.397937478
  ],
  ""type"": ""Point""
}",-83.109379688,42.3979374780001
1990,9443529,S M 39,SCHOOLCRAFT,2015-11-27,27,11,2015,10,6,1,3,,1,1,,2,4,1,55,3,1,1,5,0,0,0,0,true,,false,false,false,false,false,,,,,,false,false,false,,,false,false,false,false,false,-83.21767,42.38527,"{
  ""coordinates"": [
    -8.321766773000000e+01,
    4.238527040300000e+01
  ],
  ""type"": ""Point""
}","{
  ""coordinates"": [
    -83.21766773,
    42.385270403
  ],
  ""type"": ""Point""
}",-83.21766773,42.385270403
1991,9441151,I-75,7 MILE,2015-11-27,27,11,2015,22,6,1,1,,1,1,,2,4,4,70,4,1,1,5,0,0,0,0,true,,false,false,false,false,false,,,,,,false,false,false,,,false,false,false,false,false,-83.09422,42.42887,"{
  ""coordinates"": [
    -8.309421695600000e+01,
    4.242887058000010e+01
  ],
  ""type"": ""Point""
}","{
  ""coordinates"": [
    -83.094216956,
    42.42887058
  ],
  ""type"": ""Point""
}",-83.094216956,42.4288705800001
1992,9441185,NORMANDY,FLORENCE,2015-11-27,27,11,2015,4,6,8,9,,,0,,2,4,4,35,1,2,1,5,0,0,0,0,true,,false,false,false,false,false,,,,,,false,false,true,,,false,false,false,false,false,-83.12676,42.41265,"{
  ""coordinates"": [
    -8.312676282200000e+01,
    4.241265167200000e+01
  ],
  ""type"": ""Point""
}","{
  ""coordinates"": [
    -83.126762822,
    42.412651672
  ],
  ""type"": ""Point""
}",-83.126762822,42.412651672
1993,9449819,CABOT,MANDALE,2015-11-27,27,11,2015,15,6,9,9,,,2,,2,4,1,25,1,2,0,5,0,0,0,0,true,,false,false,true,false,false,,,,,,false,false,false,,,false,false,false,false,false,-83.13318,42.30853,"{
  ""coordinates"": [
    -8.313318025400000e+01,
    4.230852602700000e+01
  ],
  ""type"": ""Point""
}","{
  ""coordinates"": [
    -83.133180254,
    42.308526027
  ],
  ""type"": ""Point""
}",-83.133180254,42.308526027
1994,9441241,MANSFIELD,MCNICHOLS,2015-11-27,27,11,2015,11,6,97,9,,,0,,1,1,1,25,1,2,0,5,0,0,0,0,true,,false,false,true,false,false,,,,,,false,false,false,,,false,false,false,false,false,-83.2058,42.41586,"{
  ""coordinates"": [
    -8.320579725600000e+01,
    4.241585630300010e+01
  ],
  ""type"": ""Point""
}","{
  ""coordinates"": [
    -83.205797256,
    42.415856303
  ],
  ""type"": ""Point""
}",-83.205797256,42.4158563030001
1995,9441258,WYOMING,FENKELL,2015-11-27,27,11,2015,21,6,5,9,,4,0,,2,4,4,30,4,2,3,4,0,0,0,2,false,,false,false,false,false,false,,,,,,false,true,false,,,false,false,false,false,false,-83.15968,42.40253,"{
  ""coordinates"": [
    -8.315968193700000e+01,
    4.240252808000000e+01
  ],
  ""type"": ""Point""
}","{
  ""coordinates"": [
    -83.159681937,
    42.40252808
  ],
  ""type"": ""Point""
}",-83.159681937,42.40252808
1996,9441192,E I 96 SERVICE DRIVE,KENTFIELD,2015-11-27,27,11,2015,18,6,97,9,,4,0,,2,4,4,35,2,2,5,3,0,0,1,1,false,,false,false,false,true,false,,,,,,false,false,true,,,false,false,false,false,false,-83.23945,42.38181,"{
  ""coordinates"": [
    -8.323945148099990e+01,
    4.238180772000000e+01
  ],
  ""type"": ""Point""
}","{
  ""coordinates"": [
    -83.239451481,
    42.38180772
  ],
  ""type"": ""Point""
}",-83.2394514809999,42.38180772
1997,9443881,DOVER,BURNETTE,2015-11-26,26,11,2015,21,5,4,9,,,0,,1,1,4,25,1,2,1,5,0,0,0,0,true,,false,false,true,false,false,,,,,,false,false,false,,,false,false,false,false,false,-83.14178,42.3608,"{
  ""coordinates"": [
    -8.314178512800000e+01,
    4.236080006300010e+01
  ],
  ""type"": ""Point""
}","{
  ""coordinates"": [
    -83.141785128,
    42.360800063
  ],
  ""type"": ""Point""
}",-83.141785128,42.3608000630001