ObjectId,Crash ID,Primary Road,Intersecting Road,Crash Date,Day,Month,Year,Hour,Weekday,Crash Type Code,Highway Classification Code,Community Code,Jurisdiction Code,Lane Departure Type Code,Surface Type,Road Condition,Weather Condition,Lighting Condition,Speed Limit,Lanes,Units,Occupants,Most Severe Injury,Fatal Injuries,Suspected Serious Injuries,Suspected Minor Injuries,Possible Injuries,Property Damage Only,Secondary Crash,Traffic Control,Red Light Run,Hit and Run,Alcohol,Drugs,Unbelted Person,Work Zone,Speeding Driver,Distracted Driver,Driveway,Pedestrian,Elderly Driver,Young Driver,Commercial Vehicle,Emergency Vehicles,Train,School Bus,Motorcycle,Bicycle,Deer,Longitude,Latitude,geom,geog,x,y
2111,9451906,WOODWARD,PIQUETTE,2015-11-24,24,11,2015,18,3,5,3,,1,0,,1,1,4,25,7,2,2,4,0,0,0,1,false,,false,false,false,false,false,,,,,,false,true,false,,,false,false,false,false,false,-83.07082,42.36644,"{
  ""coordinates"": [
    -8.307082711399990e+01,
    4.236644542600000e+01
  ],
  ""type"": ""Point""
}","{
  ""coordinates"": [
    -83.070827114,
    42.366445426
  ],
  ""type"": ""Point""
}",-83.0708271139999,42.366445426
2112,9439582,TELEGRAPH,MCNICHOLS,2015-11-24,24,11,2015,22,3,5,2,,1,0,,1,1,4,0,3,2,2,5,0,0,0,0,true,,false,false,false,false,false,,,,,,false,false,false,,,false,false,false,false,false,-83.27696,42.41462,"{
  ""coordinates"": [
    -8.327696326200000e+01,
    4.241461992900000e+01
  ],
  ""type"": ""Point""
}","{
  ""coordinates"": [
    -83.276963262,
    42.414619929
  ],
  ""type"": ""Point""
}",-83.276963262,42.414619929
2113,9440396,SCOTTEN,CLARK,2015-11-24,24,11,2015,3,3,97,9,,4,1,,1,1,4,30,2,1,1,5,0,0,0,0,true,,false,false,false,false,false,,,,,,false,false,false,,,false,false,false,false,false,-83.1019,42.33211,"{
  ""coordinates"": [
    -8.310189517299990e+01,
    4.233210655900010e+01
  ],
  ""type"": ""Point""
}","{
  ""coordinates"": [
    -83.101895173,
    42.332106559
  ],
  ""type"": ""Point""
}",-83.1018951729999,42.3321065590001
2114,9438387,I-94,VAN DYKE,2015-11-24,24,11,2015,10,3,5,1,,1,0,,1,2,1,55,3,4,4,5,0,0,0,0,true,,false,false,false,false,false,,,,,,false,false,true,,,false,false,false,false,false,-83.01842,42.38693,"{
  ""coordinates"": [
    -8.301842062899991e+01,
    4.238693305900010e+01
  ],
  ""type"": ""Point""
}","{
  ""coordinates"": [
    -83.018420629,
    42.386933059
  ],
  ""type"": ""Point""
}",-83.0184206289999,42.3869330590001
2115,9439565,BERG,7 MILE,2015-11-24,24,11,2015,14,3,97,9,,4,0,,1,1,1,25,2,2,2,5,0,0,0,0,true,,false,false,false,false,false,,,,,,false,false,false,,,false,true,false,false,false,-83.26785,42.42924,"{
  ""coordinates"": [
    -8.326785248399990e+01,
    4.242924104900000e+01
  ],
  ""type"": ""Point""
}","{
  ""coordinates"": [
    -83.267852484,
    42.429241049
  ],
  ""type"": ""Point""
}",-83.2678524839999,42.429241049
2116,9440392,CLARK,PORTER,2015-11-24,24,11,2015,15,3,6,9,,4,0,,1,1,1,25,2,2,2,5,0,0,0,0,true,,false,false,false,false,false,,,,,,false,false,true,,,false,false,false,false,false,-83.09312,42.31649,"{
  ""coordinates"": [
    -8.309312216900000e+01,
    4.231649314900010e+01
  ],
  ""type"": ""Point""
}","{
  ""coordinates"": [
    -83.093122169,
    42.316493149
  ],
  ""type"": ""Point""
}",-83.093122169,42.3164931490001
2117,9438421,W/B I-94,BARRETT,2015-11-24,24,11,2015,8,3,5,1,,1,0,,1,2,1,55,3,3,2,5,0,0,0,0,true,,false,false,true,false,false,,,,,,false,false,false,,,false,false,false,false,false,-82.9823,42.39906,"{
  ""coordinates"": [
    -8.298230324300000e+01,
    4.239906324200010e+01
  ],
  ""type"": ""Point""
}","{
  ""coordinates"": [
    -82.982303243,
    42.399063242
  ],
  ""type"": ""Point""
}",-82.982303243,42.3990632420001
2118,9439474,M39,TIREMAN,2015-11-24,24,11,2015,17,3,5,3,,1,0,,2,1,4,55,3,2,3,4,0,0,0,1,false,,false,false,false,false,false,,,,,,false,false,false,,,false,false,false,false,false,-83.21624,42.34924,"{
  ""coordinates"": [
    -8.321624204200000e+01,
    4.234924023100010e+01
  ],
  ""type"": ""Point""
}","{
  ""coordinates"": [
    -83.216242042,
    42.349240231
  ],
  ""type"": ""Point""
}",-83.216242042,42.3492402310001
2119,9438585,7 MILE,SUSSEX,2015-11-24,24,11,2015,15,3,8,9,,2,0,,1,1,1,35,4,2,0,5,0,0,0,0,true,,false,false,true,false,false,,,,,,false,false,false,,,false,false,false,false,false,-83.1964,42.43051,"{
  ""coordinates"": [
    -8.319640638800000e+01,
    4.243050887800010e+01
  ],
  ""type"": ""Point""
}","{
  ""coordinates"": [
    -83.196406388,
    42.430508878
  ],
  ""type"": ""Point""
}",-83.196406388,42.4305088780001
2120,9438589,LIVERNOIS,FLORENCE,2015-11-24,24,11,2015,3,3,1,9,,4,1,,2,1,4,30,3,1,1,5,0,0,0,0,true,,false,false,false,false,false,,,,,,false,false,false,,,false,false,false,false,false,-83.14052,42.41262,"{
  ""coordinates"": [
    -8.314051979000000e+01,
    4.241262341700010e+01
  ],
  ""type"": ""Point""
}","{
  ""coordinates"": [
    -83.14051979,
    42.412623417
  ],
  ""type"": ""Point""
}",-83.14051979,42.4126234170001
2121,9440363,WHITHORN,CONNER,2015-11-24,24,11,2015,17,3,4,9,,,0,,1,1,3,35,3,2,2,3,0,0,1,0,false,,false,false,false,false,false,,,,,,false,false,false,,,false,false,false,false,false,-83.0051,42.4108,"{
  ""coordinates"": [
    -8.300510732899990e+01,
    4.241080357300010e+01
  ],
  ""type"": ""Point""
}","{
  ""coordinates"": [
    -83.005107329,
    42.410803573
  ],
  ""type"": ""Point""
}",-83.0051073289999,42.4108035730001
2122,9474015,WISCONSIN,FENKELL,2015-11-24,24,11,2015,13,3,4,9,,,0,,1,1,1,25,2,2,1,5,0,0,0,0,true,,false,false,false,false,false,,,,,,false,false,false,,,false,false,false,false,false,-83.15641,42.40257,"{
  ""coordinates"": [
    -8.315640740800001e+01,
    4.240256782100000e+01
  ],
  ""type"": ""Point""
}","{
  ""coordinates"": [
    -83.156407408,
    42.402567821
  ],
  ""type"": ""Point""
}",-83.156407408,42.402567821
2123,9438576,FENKELL,SOUTHFIELD SERVICE,2015-11-24,24,11,2015,15,3,8,9,,2,0,,1,1,1,35,2,2,2,5,0,0,0,0,true,,false,false,false,false,false,,,,,,false,false,true,,,false,false,false,false,false,-83.21698,42.40114,"{
  ""coordinates"": [
    -8.321697641500000e+01,
    4.240114088500010e+01
  ],
  ""type"": ""Point""
}","{
  ""coordinates"": [
    -83.216976415,
    42.401140885
  ],
  ""type"": ""Point""
}",-83.216976415,42.4011408850001
2124,9465579,FENELON,OUTER,2015-11-24,24,11,2015,13,3,8,9,,,0,,3,1,1,25,1,2,1,5,0,0,0,0,true,,false,false,true,false,false,,,,,,false,false,false,,,false,false,false,false,false,-83.05422,42.44054,"{
  ""coordinates"": [
    -8.305421848400000e+01,
    4.244053501800000e+01
  ],
  ""type"": ""Point""
}","{
  ""coordinates"": [
    -83.054218484,
    42.440535018
  ],
  ""type"": ""Point""
}",-83.054218484,42.440535018
2125,9446961,I-96,M-39,2015-11-24,24,11,2015,18,3,5,1,,1,0,,97,98,98,70,3,2,2,5,0,0,0,0,true,,false,false,false,false,false,,,,,,false,true,true,,,false,false,false,false,false,-83.21204,42.37885,"{
  ""coordinates"": [
    -8.321203857499999e+01,
    4.237884763400010e+01
  ],
  ""type"": ""Point""
}","{
  ""coordinates"": [
    -83.212038575,
    42.378847634
  ],
  ""type"": ""Point""
}",-83.212038575,42.3788476340001
2126,9441186,SEYMOUR,QUEEN,2015-11-24,24,11,2015,22,3,1,9,,4,1,,2,1,4,25,2,1,3,5,0,0,0,0,true,,false,false,false,false,false,,,,,,false,false,false,,,false,false,false,false,false,-82.96767,42.42715,"{
  ""coordinates"": [
    -8.296767087500000e+01,
    4.242715307800010e+01
  ],
  ""type"": ""Point""
}","{
  ""coordinates"": [
    -82.967670875,
    42.427153078
  ],
  ""type"": ""Point""
}",-82.967670875,42.4271530780001
2127,9438578,BRUSH,HARPER,2015-11-24,24,11,2015,15,3,97,9,,4,0,,1,1,1,25,3,2,2,5,0,0,0,0,true,,false,false,true,false,false,,,,,,false,true,false,,,false,false,false,false,false,-83.06541,42.36708,"{
  ""coordinates"": [
    -8.306541523399990e+01,
    4.236708217400010e+01
  ],
  ""type"": ""Point""
}","{
  ""coordinates"": [
    -83.065415234,
    42.367082174
  ],
  ""type"": ""Point""
}",-83.0654152339999,42.3670821740001
2128,9438392,SB I-75,NEVADA,2015-11-24,24,11,2015,23,3,8,1,,1,0,,1,1,4,70,4,2,2,5,0,0,0,0,true,,false,false,false,false,false,,,,,,false,false,false,,,false,false,false,false,false,-83.09444,42.42769,"{
  ""coordinates"": [
    -8.309444652400001e+01,
    4.242769392100010e+01
  ],
  ""type"": ""Point""
}","{
  ""coordinates"": [
    -83.094446524,
    42.427693921
  ],
  ""type"": ""Point""
}",-83.094446524,42.4276939210001
2129,9441218,FULLERTON,INDIANA,2015-11-24,24,11,2015,14,3,3,9,,4,0,,1,2,1,25,2,2,2,5,0,0,0,0,true,,false,false,false,false,false,,,,,,false,false,true,,,false,false,false,false,false,-83.15681,42.38079,"{
  ""coordinates"": [
    -8.315681189900000e+01,
    4.238079000000000e+01
  ],
  ""type"": ""Point""
}","{
  ""coordinates"": [
    -83.156811899,
    42.38079
  ],
  ""type"": ""Point""
}",-83.156811899,42.38079
2130,9443880,SCHAEFER,GRAND,2015-11-24,24,11,2015,20,3,97,3,,4,0,,1,1,4,30,4,2,0,4,0,0,0,1,false,,false,false,true,false,false,,,,,,true,false,false,,,false,false,false,false,false,-83.17841,42.38458,"{
  ""coordinates"": [
    -8.317840332199999e+01,
    4.238458335300000e+01
  ],
  ""type"": ""Point""
}","{
  ""coordinates"": [
    -83.178403322,
    42.384583353
  ],
  ""type"": ""Point""
}",-83.178403322,42.384583353
2131,9440421,EIGHT MILE,LIVERNOIS,2015-11-24,24,11,2015,19,3,97,3,,1,0,,1,1,4,40,4,2,1,5,0,0,0,0,true,,false,false,true,false,false,,,,,,false,true,false,,,false,false,false,false,false,-83.14146,42.44609,"{
  ""coordinates"": [
    -8.314146009099990e+01,
    4.244609561100000e+01
  ],
  ""type"": ""Point""
}","{
  ""coordinates"": [
    -83.141460091,
    42.446095611
  ],
  ""type"": ""Point""
}",-83.1414600909999,42.446095611
2132,9439584,7 MILE,MONTE VISTA,2015-11-24,24,11,2015,23,3,4,9,,2,0,,2,1,4,30,5,2,2,5,0,0,0,0,true,,false,false,false,false,false,,,,,,false,false,false,,,false,false,false,false,false,-83.1686,42.43126,"{
  ""coordinates"": [
    -8.316860314199990e+01,
    4.243126050400010e+01
  ],
  ""type"": ""Point""
}","{
  ""coordinates"": [
    -83.168603142,
    42.431260504
  ],
  ""type"": ""Point""
}",-83.1686031419999,42.4312605040001
2133,9440375,SCHAEFER,I 75/S SCHAEFER RAMP,2015-11-24,24,11,2015,17,3,5,7,,1,0,,1,1,4,30,6,2,2,5,0,0,0,0,true,,false,false,true,false,false,,,,,,false,false,false,,,false,false,false,false,false,-83.15661,42.27742,"{
  ""coordinates"": [
    -8.315660539899990e+01,
    4.227741598800000e+01
  ],
  ""type"": ""Point""
}","{
  ""coordinates"": [
    -83.156605399,
    42.277415988
  ],
  ""type"": ""Point""
}",-83.1566053989999,42.277415988
2134,9438569,GRAND RIVER,SOUTHFIELD SERVICE,2015-11-24,24,11,2015,18,3,8,3,,1,0,,1,1,3,35,7,2,5,5,0,0,0,0,true,,false,false,true,false,false,,,,,,false,false,false,,,false,false,false,false,false,-83.21859,42.40082,"{
  ""coordinates"": [
    -8.321858780500000e+01,
    4.240082126400010e+01
  ],
  ""type"": ""Point""
}","{
  ""coordinates"": [
    -83.218587805,
    42.400821264
  ],
  ""type"": ""Point""
}",-83.218587805,42.4008212640001
2135,9440407,GLASTONBURY,SCHOOLCRAFT,2015-11-24,24,11,2015,8,3,97,9,,,0,,1,1,1,25,1,2,0,5,0,0,0,0,true,,false,false,true,false,false,,,,,,false,false,false,,,false,false,false,false,false,-83.22476,42.38655,"{
  ""coordinates"": [
    -8.322476141700000e+01,
    4.238655261900000e+01
  ],
  ""type"": ""Point""
}","{
  ""coordinates"": [
    -83.224761417,
    42.386552619
  ],
  ""type"": ""Point""
}",-83.224761417,42.386552619
2136,9438359,M-10,8 MILE,2015-11-24,24,11,2015,15,3,5,3,,1,0,,1,1,1,55,3,2,2,5,0,0,0,0,true,,false,false,false,false,false,,,,,,false,false,true,,,false,false,false,false,false,-83.19984,42.44213,"{
  ""coordinates"": [
    -8.319984459699999e+01,
    4.244213627600000e+01
  ],
  ""type"": ""Point""
}","{
  ""coordinates"": [
    -83.199844597,
    42.442136276
  ],
  ""type"": ""Point""
}",-83.199844597,42.442136276
2137,9439576,N M 39 SERVICE DRIVE,FORD,2015-11-24,24,11,2015,18,3,5,3,,1,0,,1,1,4,55,3,2,2,5,0,0,0,0,true,,false,false,false,false,false,,,,,,false,false,false,,,false,false,false,false,false,-83.21535,42.32913,"{
  ""coordinates"": [
    -8.321535477099999e+01,
    4.232913239300010e+01
  ],
  ""type"": ""Point""
}","{
  ""coordinates"": [
    -83.215354771,
    42.329132393
  ],
  ""type"": ""Point""
}",-83.215354771,42.3291323930001
2138,9443837,WOODWARD,CANFIELD,2015-11-24,24,11,2015,23,3,6,3,,1,0,,1,1,4,45,2,2,3,5,0,0,0,0,true,,false,false,false,false,false,,,,,,false,false,false,,,false,false,false,false,false,-83.06145,42.35271,"{
  ""coordinates"": [
    -8.306145407699999e+01,
    4.235270509600010e+01
  ],
  ""type"": ""Point""
}","{
  ""coordinates"": [
    -83.061454077,
    42.352705096
  ],
  ""type"": ""Point""
}",-83.061454077,42.3527050960001
2139,9438439,E I 94,RAMP 217C,2015-11-24,24,11,2015,20,3,1,1,,1,1,,1,1,4,0,1,1,4,4,0,0,0,2,false,,false,false,false,false,false,,,,,,false,true,false,,,false,false,false,false,false,-83.04262,42.37568,"{
  ""coordinates"": [
    -8.304261599499991e+01,
    4.237567405800010e+01
  ],
  ""type"": ""Point""
}","{
  ""coordinates"": [
    -83.042615995,
    42.375674058
  ],
  ""type"": ""Point""
}",-83.0426159949999,42.3756740580001
2140,9440357,SCHOOLCRAFT,WESTWOOD,2015-11-24,24,11,2015,10,3,97,9,,2,0,,1,1,1,35,1,2,2,5,0,0,0,0,true,,false,false,true,false,false,,,,,,false,false,false,,,false,false,false,false,false,-83.23196,42.38636,"{
  ""coordinates"": [
    -8.323196013800001e+01,
    4.238636054600000e+01
  ],
  ""type"": ""Point""
}","{
  ""coordinates"": [
    -83.231960138,
    42.386360546
  ],
  ""type"": ""Point""
}",-83.231960138,42.386360546
2141,9443840,GRANDRIVER,GREENFIELD,2015-11-24,24,11,2015,11,3,4,3,,1,0,,2,1,1,35,6,3,4,5,0,0,0,0,true,,true,true,false,false,false,,,,,,false,true,false,,,false,false,false,false,false,-83.19843,42.39268,"{
  ""coordinates"": [
    -8.319842544799999e+01,
    4.239268247500010e+01
  ],
  ""type"": ""Point""
}","{
  ""coordinates"": [
    -83.198425448,
    42.392682475
  ],
  ""type"": ""Point""
}",-83.198425448,42.3926824750001
2142,9438577,7 MILE,LAHSER,2015-11-24,24,11,2015,8,3,6,9,,2,0,,1,1,1,35,3,2,3,5,0,0,0,0,true,,false,false,false,false,false,,,,,,false,false,false,,,false,false,false,false,false,-83.25832,42.42912,"{
  ""coordinates"": [
    -8.325832289800000e+01,
    4.242911774400010e+01
  ],
  ""type"": ""Point""
}","{
  ""coordinates"": [
    -83.258322898,
    42.429117744
  ],
  ""type"": ""Point""
}",-83.258322898,42.4291177440001
2143,9443905,CASS,N I 75,2015-11-24,24,11,2015,12,3,5,9,,4,0,,1,1,4,25,2,2,2,5,0,0,0,0,true,,false,false,false,false,false,,,,,,false,false,false,,,false,false,false,false,false,-83.05643,42.33803,"{
  ""coordinates"": [
    -8.305642436799999e+01,
    4.233803290400000e+01
  ],
  ""type"": ""Point""
}","{
  ""coordinates"": [
    -83.056424368,
    42.338032904
  ],
  ""type"": ""Point""
}",-83.056424368,42.338032904
2144,9446976,W I 96,W M 8,2015-11-24,24,11,2015,13,3,8,1,,1,0,,1,2,1,70,4,2,2,5,0,0,0,0,true,,false,false,true,false,false,,,,,,false,false,false,,,false,false,false,false,false,-83.157,42.38541,"{
  ""coordinates"": [
    -8.315699548500000e+01,
    4.238540987100000e+01
  ],
  ""type"": ""Point""
}","{
  ""coordinates"": [
    -83.156995485,
    42.385409871
  ],
  ""type"": ""Point""
}",-83.156995485,42.385409871
2145,9440422,LIVERNOIS,FLORENCE,2015-11-24,24,11,2015,18,3,5,9,,4,0,,2,1,3,35,2,2,1,4,0,0,0,1,false,,false,false,false,false,false,,,,,,false,false,true,,,false,false,false,false,false,-83.14076,42.41232,"{
  ""coordinates"": [
    -8.314076001900000e+01,
    4.241231633300000e+01
  ],
  ""type"": ""Point""
}","{
  ""coordinates"": [
    -83.140760019,
    42.412316333
  ],
  ""type"": ""Point""
}",-83.140760019,42.412316333
2146,9441237,HARPER,AUDUBON,2015-11-24,24,11,2015,15,3,8,9,,4,0,,1,1,1,30,2,2,2,5,0,0,0,0,true,,false,false,false,false,false,,,,,,false,true,false,,,false,false,false,false,false,-82.94339,42.41168,"{
  ""coordinates"": [
    -8.294339098400000e+01,
    4.241168371900010e+01
  ],
  ""type"": ""Point""
}","{
  ""coordinates"": [
    -82.943390984,
    42.411683719
  ],
  ""type"": ""Point""
}",-82.943390984,42.4116837190001
2147,9440395,S I 75,SCHAEFER,2015-11-24,24,11,2015,16,3,5,1,,1,0,,1,2,1,55,4,2,3,5,0,0,0,0,true,,false,false,false,false,false,,,,,,false,false,false,,,false,false,false,false,false,-83.15611,42.2774,"{
  ""coordinates"": [
    -8.315610323999989e+01,
    4.227740264700000e+01
  ],
  ""type"": ""Point""
}","{
  ""coordinates"": [
    -83.15610324,
    42.277402647
  ],
  ""type"": ""Point""
}",-83.1561032399999,42.277402647
2148,9441188,FORT,SHELBY,2015-11-24,24,11,2015,9,3,1,3,,1,1,,1,2,1,30,6,1,1,4,0,0,0,1,false,,false,false,false,false,false,,,,,,false,false,false,,,false,false,false,false,false,-83.04899,42.33002,"{
  ""coordinates"": [
    -8.304899133799999e+01,
    4.233002450100000e+01
  ],
  ""type"": ""Point""
}","{
  ""coordinates"": [
    -83.048991338,
    42.330024501
  ],
  ""type"": ""Point""
}",-83.048991338,42.330024501
2149,9443904,CASS,TEMPLE,2015-11-24,24,11,2015,17,3,5,9,,4,0,,1,1,4,25,4,2,4,5,0,0,0,0,true,,false,false,false,false,false,,,,,,false,false,true,,,false,false,false,false,false,-83.06152,42.34072,"{
  ""coordinates"": [
    -8.306151553300001e+01,
    4.234072430700010e+01
  ],
  ""type"": ""Point""
}","{
  ""coordinates"": [
    -83.061515533,
    42.340724307
  ],
  ""type"": ""Point""
}",-83.061515533,42.3407243070001
2150,9443875,GRATIOT,FRENCH,2015-11-24,24,11,2015,8,3,5,3,,1,0,,2,2,1,35,7,2,2,5,0,0,0,0,true,,false,false,false,false,false,,,,,,false,false,false,,,false,false,false,false,false,-83.00037,42.4005,"{
  ""coordinates"": [
    -8.300037484900000e+01,
    4.240049699900000e+01
  ],
  ""type"": ""Point""
}","{
  ""coordinates"": [
    -83.000374849,
    42.400496999
  ],
  ""type"": ""Point""
}",-83.000374849,42.400496999
2151,9438438,NB SOUTHFIELD,JOY,2015-11-24,24,11,2015,18,3,5,9,,,0,,1,1,4,55,3,2,3,5,0,0,0,0,true,,false,false,false,false,false,,,,,,false,false,true,,,false,false,false,false,false,-83.13737,42.36364,"{
  ""coordinates"": [
    -8.313736831300000e+01,
    4.236363769900000e+01
  ],
  ""type"": ""Point""
}","{
  ""coordinates"": [
    -83.137368313,
    42.363637699
  ],
  ""type"": ""Point""
}",-83.137368313,42.363637699
2152,9465526,GREENFIELD,GRAND RIVER,2015-11-24,24,11,2015,12,3,8,3,,2,0,,1,1,1,35,3,2,3,5,0,0,0,0,true,,false,false,true,false,false,,,,,,false,false,true,,,false,false,false,false,false,-83.19836,42.39281,"{
  ""coordinates"": [
    -8.319836192199990e+01,
    4.239281351400010e+01
  ],
  ""type"": ""Point""
}","{
  ""coordinates"": [
    -83.198361922,
    42.392813514
  ],
  ""type"": ""Point""
}",-83.1983619219999,42.3928135140001
2153,9437205,GRATIOT,HARPER,2015-11-23,23,11,2015,13,2,97,3,,1,0,,1,1,1,25,2,2,4,5,0,0,0,0,true,,false,false,true,false,false,,,,,,false,false,false,,,false,false,false,false,false,-83.0052,42.39316,"{
  ""coordinates"": [
    -8.300520432400000e+01,
    4.239315695500010e+01
  ],
  ""type"": ""Point""
}","{
  ""coordinates"": [
    -83.005204324,
    42.393156955
  ],
  ""type"": ""Point""
}",-83.005204324,42.3931569550001
2154,9440412,GRATIOT,GOULBURN,2015-11-23,23,11,2015,15,2,1,3,,1,0,,2,2,1,35,7,3,6,3,0,0,1,1,false,,false,false,false,false,false,,,,,,true,false,true,,,false,false,false,false,false,-82.9877,42.41987,"{
  ""coordinates"": [
    -8.298769831800000e+01,
    4.241987231700010e+01
  ],
  ""type"": ""Point""
}","{
  ""coordinates"": [
    -82.987698318,
    42.419872317
  ],
  ""type"": ""Point""
}",-82.987698318,42.4198723170001
2155,9445830,W/B I 94,MOROSS,2015-11-23,23,11,2015,18,2,5,1,,1,0,,1,2,4,55,3,3,2,5,0,0,0,0,true,,false,false,true,false,false,,,,,,false,true,false,,,false,false,false,false,false,-82.9277,42.426,"{
  ""coordinates"": [
    -8.292769495300000e+01,
    4.242599829500010e+01
  ],
  ""type"": ""Point""
}","{
  ""coordinates"": [
    -82.927694953,
    42.425998295
  ],
  ""type"": ""Point""
}",-82.927694953,42.4259982950001
2156,9440355,LOUISE,ROSA PARKS,2015-11-23,23,11,2015,14,2,8,9,,,0,,1,1,1,25,1,2,1,5,0,0,0,0,true,,false,false,false,false,false,,,,,,false,false,false,,,false,false,false,false,false,-83.11938,42.41191,"{
  ""coordinates"": [
    -8.311937862600000e+01,
    4.241190559000010e+01
  ],
  ""type"": ""Point""
}","{
  ""coordinates"": [
    -83.119378626,
    42.41190559
  ],
  ""type"": ""Point""
}",-83.119378626,42.4119055900001
2157,9448359,3RD,MICHIGAN,2015-11-23,23,11,2015,9,2,4,2,,4,0,,1,1,1,0,4,2,2,5,0,0,0,0,true,,false,false,true,false,false,,,,,,false,true,false,,,false,false,false,false,false,-83.05746,42.33178,"{
  ""coordinates"": [
    -8.305746241100000e+01,
    4.233178311500010e+01
  ],
  ""type"": ""Point""
}","{
  ""coordinates"": [
    -83.057462411,
    42.331783115
  ],
  ""type"": ""Point""
}",-83.057462411,42.3317831150001
2158,9437184,GRAND,MARTIN LUTHER KING JR,2015-11-23,23,11,2015,9,2,1,9,,4,0,,1,1,1,25,2,1,1,4,0,0,0,1,false,,false,false,false,false,false,,,,,,false,true,false,,,false,false,false,false,false,-83.09678,42.33388,"{
  ""coordinates"": [
    -8.309677870199990e+01,
    4.233387771600010e+01
  ],
  ""type"": ""Point""
}","{
  ""coordinates"": [
    -83.096778702,
    42.333877716
  ],
  ""type"": ""Point""
}",-83.0967787019999,42.3338777160001
2159,9437193,FAIRCREST,CHALMERS,2015-11-23,23,11,2015,15,2,4,9,,,0,,2,1,1,25,2,2,3,5,0,0,0,0,true,,true,false,false,false,false,,,,,,false,false,false,,,false,false,false,false,false,-82.97522,42.43204,"{
  ""coordinates"": [
    -8.297521808200000e+01,
    4.243204454900010e+01
  ],
  ""type"": ""Point""
}","{
  ""coordinates"": [
    -82.975218082,
    42.432044549
  ],
  ""type"": ""Point""
}",-82.975218082,42.4320445490001
2160,9440417,SCHAEFER,7 MILE,2015-11-23,23,11,2015,2,2,8,9,,4,0,,4,1,1,30,2,2,1,5,0,0,0,0,true,,false,false,false,false,false,,,,,,false,false,false,,,false,false,false,false,false,-83.1805,42.43108,"{
  ""coordinates"": [
    -8.318049826299990e+01,
    4.243107600100010e+01
  ],
  ""type"": ""Point""
}","{
  ""coordinates"": [
    -83.180498263,
    42.431076001
  ],
  ""type"": ""Point""
}",-83.1804982629999,42.4310760010001
2161,9436917,I-94,TRUMBULL,2015-11-23,23,11,2015,15,2,5,1,,1,0,,2,2,1,55,3,2,2,5,0,0,0,0,true,,false,false,false,false,false,,,,,,false,false,true,,,false,false,false,false,false,-83.08273,42.35543,"{
  ""coordinates"": [
    -8.308273059800000e+01,
    4.235543374200010e+01
  ],
  ""type"": ""Point""
}","{
  ""coordinates"": [
    -83.082730598,
    42.355433742
  ],
  ""type"": ""Point""
}",-83.082730598,42.3554337420001
2162,9440415,EDMORE,CUSHING,2015-11-23,23,11,2015,17,2,4,9,,,0,,2,1,4,25,2,2,3,5,0,0,0,0,true,,false,false,false,false,false,,,,,,false,false,false,,,false,false,false,false,false,-82.9463,42.44756,"{
  ""coordinates"": [
    -8.294629696399990e+01,
    4.244755377100010e+01
  ],
  ""type"": ""Point""
}","{
  ""coordinates"": [
    -82.946296964,
    42.447553771
  ],
  ""type"": ""Point""
}",-82.9462969639999,42.4475537710001
2163,9437214,DAVISON,CONANT,2015-11-23,23,11,2015,13,2,8,3,,1,0,,1,5,1,35,5,2,4,5,0,0,0,0,true,,false,false,true,false,false,,,,,,false,false,false,,,false,false,false,false,false,-83.06181,42.41541,"{
  ""coordinates"": [
    -8.306181178900000e+01,
    4.241540355300000e+01
  ],
  ""type"": ""Point""
}","{
  ""coordinates"": [
    -83.061811789,
    42.415403553
  ],
  ""type"": ""Point""
}",-83.061811789,42.415403553
2164,9438559,PLYMOUTH,HUBBELL,2015-11-23,23,11,2015,15,2,8,9,,4,0,,4,2,1,30,4,2,2,5,0,0,0,0,true,,false,false,true,false,false,,,,,,false,true,false,,,false,false,false,false,false,-83.18792,42.37283,"{
  ""coordinates"": [
    -8.318791830100000e+01,
    4.237282697000010e+01
  ],
  ""type"": ""Point""
}","{
  ""coordinates"": [
    -83.187918301,
    42.37282697
  ],
  ""type"": ""Point""
}",-83.187918301,42.3728269700001
2165,9438588,8 MILE,LESURE,2015-11-23,23,11,2015,17,2,5,3,,1,0,,1,1,1,40,4,2,4,5,0,0,0,0,true,,false,false,false,false,false,,,,,,false,false,false,,,false,false,false,false,false,-83.18341,42.44514,"{
  ""coordinates"": [
    -8.318341189800000e+01,
    4.244513880000010e+01
  ],
  ""type"": ""Point""
}","{
  ""coordinates"": [
    -83.183411898,
    42.4451388
  ],
  ""type"": ""Point""
}",-83.183411898,42.4451388000001
2166,9441253,FLANDERS,DICKERSON,2015-11-23,23,11,2015,15,2,4,9,,,0,,2,2,1,25,2,2,3,4,0,0,0,2,false,,true,false,true,false,false,,,,,,false,false,false,,,false,false,false,false,false,-82.98196,42.41627,"{
  ""coordinates"": [
    -8.298196520399991e+01,
    4.241627305300010e+01
  ],
  ""type"": ""Point""
}","{
  ""coordinates"": [
    -82.981965204,
    42.416273053
  ],
  ""type"": ""Point""
}",-82.9819652039999,42.4162730530001
2167,9437203,PINEHURST,OAKMAN,2015-11-23,23,11,2015,9,2,5,9,,,0,,1,1,1,25,1,2,1,5,0,0,0,0,true,,false,false,true,false,false,,,,,,false,false,false,,,false,false,false,false,false,-83.16525,42.35659,"{
  ""coordinates"": [
    -8.316524717000000e+01,
    4.235658770100010e+01
  ],
  ""type"": ""Point""
}","{
  ""coordinates"": [
    -83.16524717,
    42.356587701
  ],
  ""type"": ""Point""
}",-83.16524717,42.3565877010001