ObjectId,Crash ID,Primary Road,Intersecting Road,Crash Date,Day,Month,Year,Hour,Weekday,Crash Type Code,Highway Classification Code,Community Code,Jurisdiction Code,Lane Departure Type Code,Surface Type,Road Condition,Weather Condition,Lighting Condition,Speed Limit,Lanes,Units,Occupants,Most Severe Injury,Fatal Injuries,Suspected Serious Injuries,Suspected Minor Injuries,Possible Injuries,Property Damage Only,Secondary Crash,Traffic Control,Red Light Run,Hit and Run,Alcohol,Drugs,Unbelted Person,Work Zone,Speeding Driver,Distracted Driver,Driveway,Pedestrian,Elderly Driver,Young Driver,Commercial Vehicle,Emergency Vehicles,Train,School Bus,Motorcycle,Bicycle,Deer,Longitude,Latitude,geom,geog,x,y
2510,9434259,SCHAEFER,SANTA MARIA,2015-11-18,18,11,2015,13,4,5,9,,4,0,,2,4,1,30,3,2,4,5,0,0,0,0,true,,false,false,false,false,false,,,,,,false,false,false,,,false,false,false,false,false,-83.17985,42.4176,"{
  ""coordinates"": [
    -8.317984566800000e+01,
    4.241760130700000e+01
  ],
  ""type"": ""Point""
}","{
  ""coordinates"": [
    -83.179845668,
    42.417601307
  ],
  ""type"": ""Point""
}",-83.179845668,42.417601307
2511,9432371,DALE,CLARITA,2015-11-18,18,11,2015,20,4,97,9,,,0,,2,1,4,25,2,2,1,5,0,0,0,0,true,,false,false,true,false,false,,,,,,false,false,false,,,false,false,false,false,false,-83.27664,42.42648,"{
  ""coordinates"": [
    -8.327663991900000e+01,
    4.242648285600010e+01
  ],
  ""type"": ""Point""
}","{
  ""coordinates"": [
    -83.276639919,
    42.426482856
  ],
  ""type"": ""Point""
}",-83.276639919,42.4264828560001
2512,9430992,I96,OUTER,2015-11-18,18,11,2015,7,4,97,1,,1,0,,1,2,1,70,5,4,4,3,0,0,2,1,false,,false,false,false,false,false,,,,,,false,false,false,,,false,false,false,false,false,-83.26597,42.38556,"{
  ""coordinates"": [
    -8.326596679799999e+01,
    4.238555731500000e+01
  ],
  ""type"": ""Point""
}","{
  ""coordinates"": [
    -83.265966798,
    42.385557315
  ],
  ""type"": ""Point""
}",-83.265966798,42.385557315
2513,9434280,WOODWARD,FERRY,2015-11-18,18,11,2015,15,4,4,3,,1,0,,2,4,1,35,3,2,2,5,0,0,0,0,true,,false,false,false,false,false,,,,,,false,false,true,,,false,false,false,false,false,-83.06709,42.36103,"{
  ""coordinates"": [
    -8.306709114700000e+01,
    4.236102927200010e+01
  ],
  ""type"": ""Point""
}","{
  ""coordinates"": [
    -83.067091147,
    42.361029272
  ],
  ""type"": ""Point""
}",-83.067091147,42.3610292720001
2514,9432232,I 75,MICHIGAN,2015-11-18,18,11,2015,15,4,1,1,,1,1,,2,4,1,70,3,1,2,5,0,0,0,0,true,,false,false,false,false,false,,,,,,false,false,true,,,false,false,false,false,false,-83.0856,42.33035,"{
  ""coordinates"": [
    -8.308559977000000e+01,
    4.233035299500010e+01
  ],
  ""type"": ""Point""
}","{
  ""coordinates"": [
    -83.08559977,
    42.330352995
  ],
  ""type"": ""Point""
}",-83.08559977,42.3303529950001
2515,9432212,S M 39,PURITAN,2015-11-18,18,11,2015,19,4,5,3,,1,0,,2,4,4,55,3,2,2,5,0,0,0,0,true,,false,false,false,false,false,,,,,,false,true,false,,,false,false,false,false,false,-83.21869,42.40805,"{
  ""coordinates"": [
    -8.321868565499990e+01,
    4.240805057000010e+01
  ],
  ""type"": ""Point""
}","{
  ""coordinates"": [
    -83.218685655,
    42.40805057
  ],
  ""type"": ""Point""
}",-83.2186856549999,42.4080505700001
2516,9443907,GRAND,14TH,2015-11-18,18,11,2015,16,4,4,9,,,0,,2,4,3,35,8,2,2,5,0,0,0,0,true,,true,true,false,false,false,,,,,,false,true,true,,,false,false,false,false,false,-83.09459,42.36245,"{
  ""coordinates"": [
    -8.309459184100000e+01,
    4.236244500800010e+01
  ],
  ""type"": ""Point""
}","{
  ""coordinates"": [
    -83.094591841,
    42.362445008
  ],
  ""type"": ""Point""
}",-83.094591841,42.3624450080001
2517,9440356,DRAGOON,VERNOR,2015-11-18,18,11,2015,19,4,97,9,,,0,,2,4,5,30,3,2,1,5,0,0,0,0,true,,false,false,false,false,false,,,,,,false,false,true,,,false,false,false,false,false,-83.10945,42.316,"{
  ""coordinates"": [
    -8.310945077699991e+01,
    4.231599739500010e+01
  ],
  ""type"": ""Point""
}","{
  ""coordinates"": [
    -83.109450777,
    42.315997395
  ],
  ""type"": ""Point""
}",-83.1094507769999,42.3159973950001
2518,9431193,OUTER,MOUND,2015-11-18,18,11,2015,12,4,8,9,,2,0,,1,1,1,35,2,2,2,5,0,0,0,0,true,,false,false,false,false,false,,,,,,false,true,false,,,false,false,false,false,false,-83.04424,42.44071,"{
  ""coordinates"": [
    -8.304424547699990e+01,
    4.244071039200000e+01
  ],
  ""type"": ""Point""
}","{
  ""coordinates"": [
    -83.044245477,
    42.440710392
  ],
  ""type"": ""Point""
}",-83.0442454769999,42.440710392
2519,9432396,PONTCHARTRAIN,PONTCHARTRAIN,2015-11-18,18,11,2015,20,4,1,9,,7,1,,1,1,4,25,2,1,1,5,0,0,0,0,true,,false,false,false,false,false,,,,,,false,false,false,,,false,false,false,false,false,-83.12586,42.43123,"{
  ""coordinates"": [
    -8.312586413299989e+01,
    4.243123204700000e+01
  ],
  ""type"": ""Point""
}","{
  ""coordinates"": [
    -83.125864133,
    42.431232047
  ],
  ""type"": ""Point""
}",-83.1258641329999,42.431232047
2520,9431185,OUTER,MOUND,2015-11-18,18,11,2015,20,4,5,9,,2,0,,2,4,4,35,2,2,2,5,0,0,0,0,true,,false,false,true,false,false,,,,,,false,false,true,,,false,false,false,false,false,-83.04369,42.44072,"{
  ""coordinates"": [
    -8.304369203200000e+01,
    4.244072196700010e+01
  ],
  ""type"": ""Point""
}","{
  ""coordinates"": [
    -83.043692032,
    42.440721967
  ],
  ""type"": ""Point""
}",-83.043692032,42.4407219670001
2521,9434233,N M 10,7 MILE,2015-11-18,18,11,2015,9,4,97,3,,1,0,,1,1,1,55,3,2,3,4,0,0,0,1,false,,false,false,true,false,false,,,,,,false,true,false,,,false,false,false,false,false,-83.18696,42.43085,"{
  ""coordinates"": [
    -8.318696161799990e+01,
    4.243085265100010e+01
  ],
  ""type"": ""Point""
}","{
  ""coordinates"": [
    -83.186961618,
    42.430852651
  ],
  ""type"": ""Point""
}",-83.1869616179999,42.4308526510001
2522,9440360,LIVERNOIS,RAMP 212B,2015-11-18,18,11,2015,16,4,8,1,,4,0,,2,4,1,25,1,2,2,5,0,0,0,0,true,,false,false,false,false,false,,,,,,false,false,false,,,false,false,false,false,false,-83.12458,42.33695,"{
  ""coordinates"": [
    -8.312457832400000e+01,
    4.233695220800010e+01
  ],
  ""type"": ""Point""
}","{
  ""coordinates"": [
    -83.124578324,
    42.336952208
  ],
  ""type"": ""Point""
}",-83.124578324,42.3369522080001
2523,9431182,MOUNT ELLIOTT,VERNOR,2015-11-18,18,11,2015,18,4,9,9,,4,0,,2,4,4,30,4,2,2,5,0,0,0,0,true,,false,false,false,false,false,,,,,,false,false,true,,,false,false,false,false,false,-83.01746,42.35503,"{
  ""coordinates"": [
    -8.301746490700000e+01,
    4.235502466200010e+01
  ],
  ""type"": ""Point""
}","{
  ""coordinates"": [
    -83.017464907,
    42.355024662
  ],
  ""type"": ""Point""
}",-83.017464907,42.3550246620001
2524,9432193,I-96,OAKMAN,2015-11-18,18,11,2015,14,4,1,3,,1,1,,2,4,1,70,4,1,1,5,0,0,0,0,true,,false,false,false,false,false,,,,,,false,false,false,,,false,false,false,false,false,-83.14445,42.38627,"{
  ""coordinates"": [
    -8.314445356100001e+01,
    4.238627343500010e+01
  ],
  ""type"": ""Point""
}","{
  ""coordinates"": [
    -83.144453561,
    42.386273435
  ],
  ""type"": ""Point""
}",-83.144453561,42.3862734350001
2525,9434260,SCHAEFER,CURTIS,2015-11-18,18,11,2015,16,4,8,9,,4,0,,2,4,1,30,2,2,2,4,0,0,0,1,false,,false,false,true,false,false,,,,,,false,false,true,,,false,false,false,false,false,-83.18012,42.4235,"{
  ""coordinates"": [
    -8.318012267800000e+01,
    4.242349637800000e+01
  ],
  ""type"": ""Point""
}","{
  ""coordinates"": [
    -83.180122678,
    42.423496378
  ],
  ""type"": ""Point""
}",-83.180122678,42.423496378
2526,9434174,MEYERS,MARGARITA,2015-11-18,18,11,2015,6,4,97,9,,4,0,,1,1,4,35,8,3,4,3,0,0,1,2,false,,true,false,false,true,false,,,,,,false,false,false,,,false,false,false,false,false,-83.17056,42.42762,"{
  ""coordinates"": [
    -8.317056040900000e+01,
    4.242762150100000e+01
  ],
  ""type"": ""Point""
}","{
  ""coordinates"": [
    -83.170560409,
    42.427621501
  ],
  ""type"": ""Point""
}",-83.170560409,42.427621501
2527,9437172,MADISON,BRUSH,2015-11-18,18,11,2015,14,4,8,9,,4,0,,2,4,1,25,2,2,2,5,0,0,0,0,true,,false,false,false,false,false,,,,,,false,false,false,,,false,false,false,false,false,-83.04539,42.33755,"{
  ""coordinates"": [
    -8.304539838700001e+01,
    4.233754578800010e+01
  ],
  ""type"": ""Point""
}","{
  ""coordinates"": [
    -83.045398387,
    42.337545788
  ],
  ""type"": ""Point""
}",-83.045398387,42.3375457880001
2528,9443898,CASS,WARREN,2015-11-18,18,11,2015,14,4,97,9,,4,0,,1,1,1,20,2,2,3,5,0,0,0,0,true,,false,false,false,false,false,,,,,,false,false,false,,,false,false,false,false,false,-83.06668,42.35604,"{
  ""coordinates"": [
    -8.306668102700000e+01,
    4.235604077300010e+01
  ],
  ""type"": ""Point""
}","{
  ""coordinates"": [
    -83.066681027,
    42.356040773
  ],
  ""type"": ""Point""
}",-83.066681027,42.3560407730001
2529,9432379,KELLEY,MOROSS,2015-11-18,18,11,2015,17,4,5,9,,2,0,,2,4,3,35,2,2,2,4,0,0,0,1,false,,false,false,false,false,false,,,,,,false,false,true,,,false,false,false,false,false,-82.95285,42.43475,"{
  ""coordinates"": [
    -8.295284670099990e+01,
    4.243474440200000e+01
  ],
  ""type"": ""Point""
}","{
  ""coordinates"": [
    -82.952846701,
    42.434744402
  ],
  ""type"": ""Point""
}",-82.9528467009999,42.434744402
2530,9432177,I-75,DEARBORN,2015-11-18,18,11,2015,13,4,1,1,,1,1,,2,4,1,70,4,1,1,5,0,0,0,0,true,,false,false,false,false,false,,,,,,false,false,false,,,false,false,false,false,false,-83.12798,42.29275,"{
  ""coordinates"": [
    -8.312797293499990e+01,
    4.229275321900010e+01
  ],
  ""type"": ""Point""
}","{
  ""coordinates"": [
    -83.127972935,
    42.292753219
  ],
  ""type"": ""Point""
}",-83.1279729349999,42.2927532190001
2531,9434254,RAMP 047E,DAVISON,2015-11-18,18,11,2015,8,4,5,1,,1,0,,1,1,1,70,4,2,2,4,0,0,0,1,false,,false,false,false,false,false,,,,,,false,false,false,,,false,false,false,false,false,-83.07996,42.40892,"{
  ""coordinates"": [
    -8.307996728099990e+01,
    4.240891503100000e+01
  ],
  ""type"": ""Point""
}","{
  ""coordinates"": [
    -83.079967281,
    42.408915031
  ],
  ""type"": ""Point""
}",-83.0799672809999,42.408915031
2532,9445983,OUTER,MC NICHOLS,2015-11-18,18,11,2015,18,4,5,9,,2,0,,2,4,5,35,2,2,2,5,0,0,0,0,true,,false,false,true,false,false,,,,,,false,false,false,,,false,false,false,false,false,-83.25746,42.41457,"{
  ""coordinates"": [
    -8.325745963000000e+01,
    4.241456647700010e+01
  ],
  ""type"": ""Point""
}","{
  ""coordinates"": [
    -83.25745963,
    42.414566477
  ],
  ""type"": ""Point""
}",-83.25745963,42.4145664770001
2533,9431189,8 MILE,GRANDVIEW,2015-11-18,18,11,2015,0,4,8,3,,1,0,,1,2,4,45,4,2,1,4,0,0,0,1,false,,false,false,false,false,false,,,,,,false,false,false,,,false,false,false,false,false,-83.285,42.44258,"{
  ""coordinates"": [
    -8.328499370999999e+01,
    4.244257840900010e+01
  ],
  ""type"": ""Point""
}","{
  ""coordinates"": [
    -83.28499371,
    42.442578409
  ],
  ""type"": ""Point""
}",-83.28499371,42.4425784090001
2534,9431186,6TH,HOWARD,2015-11-18,18,11,2015,15,4,4,9,,4,0,,2,4,1,0,2,2,2,5,0,0,0,0,true,,false,false,false,false,false,,,,,,false,false,false,,,false,false,false,false,false,-83.05923,42.32786,"{
  ""coordinates"": [
    -8.305923183800000e+01,
    4.232785822900010e+01
  ],
  ""type"": ""Point""
}","{
  ""coordinates"": [
    -83.059231838,
    42.327858229
  ],
  ""type"": ""Point""
}",-83.059231838,42.3278582290001
2535,9431206,MCNICHOLS,LAHSER,2015-11-18,18,11,2015,17,4,5,9,,2,0,,2,4,3,35,4,2,1,5,0,0,0,0,true,,false,false,true,false,false,,,,,,false,false,false,,,false,false,false,false,false,-83.25756,42.41459,"{
  ""coordinates"": [
    -8.325755892099990e+01,
    4.241459422400000e+01
  ],
  ""type"": ""Point""
}","{
  ""coordinates"": [
    -83.257558921,
    42.414594224
  ],
  ""type"": ""Point""
}",-83.2575589209999,42.414594224
2536,9440398,LIVERNOIS,BUCHANAN,2015-11-18,18,11,2015,17,4,1,9,,4,1,,2,4,5,35,7,1,2,5,0,0,0,0,true,,false,false,true,false,false,,,,,,false,false,false,,,false,false,false,false,false,-83.12137,42.33253,"{
  ""coordinates"": [
    -8.312136605500000e+01,
    4.233253340000000e+01
  ],
  ""type"": ""Point""
}","{
  ""coordinates"": [
    -83.121366055,
    42.3325334
  ],
  ""type"": ""Point""
}",-83.121366055,42.3325334
2537,9440386,BASSETT,PETERS,2015-11-18,18,11,2015,18,4,9,9,,,2,,2,4,4,25,1,2,7,4,0,0,0,3,false,,false,false,false,false,false,,,,,,false,false,false,,,false,false,false,false,false,-83.1582,42.25906,"{
  ""coordinates"": [
    -8.315819784300000e+01,
    4.225905838100000e+01
  ],
  ""type"": ""Point""
}","{
  ""coordinates"": [
    -83.158197843,
    42.259058381
  ],
  ""type"": ""Point""
}",-83.158197843,42.259058381
2538,9432208,E/B I-94,M-10,2015-11-18,18,11,2015,18,4,5,1,,1,0,,2,4,4,55,3,2,4,5,0,0,0,0,true,,false,false,false,false,false,,,,,,false,false,false,,,false,false,false,false,false,-83.078,42.35782,"{
  ""coordinates"": [
    -8.307799746700000e+01,
    4.235782116000010e+01
  ],
  ""type"": ""Point""
}","{
  ""coordinates"": [
    -83.077997467,
    42.35782116
  ],
  ""type"": ""Point""
}",-83.077997467,42.3578211600001
2539,9434221,WARREN,ALGONQUIN,2015-11-18,18,11,2015,11,4,4,9,,4,0,,1,2,1,30,5,2,3,3,0,0,1,1,false,,false,false,false,false,false,,,,,,false,false,false,,,false,false,false,false,false,-82.97019,42.39137,"{
  ""coordinates"": [
    -8.297018929399999e+01,
    4.239136369800010e+01
  ],
  ""type"": ""Point""
}","{
  ""coordinates"": [
    -82.970189294,
    42.391363698
  ],
  ""type"": ""Point""
}",-82.970189294,42.3913636980001
2540,9440387,FORT,OUTER,2015-11-18,18,11,2015,23,4,4,3,,1,0,,2,4,5,35,6,2,1,5,0,0,0,0,true,,false,false,true,false,false,,,,,,false,false,false,,,false,false,false,false,false,-83.16708,42.2625,"{
  ""coordinates"": [
    -8.316708148200000e+01,
    4.226249745900000e+01
  ],
  ""type"": ""Point""
}","{
  ""coordinates"": [
    -83.167081482,
    42.262497459
  ],
  ""type"": ""Point""
}",-83.167081482,42.262497459
2541,9432332,CARBON,DEY,2015-11-18,18,11,2015,11,4,4,9,,,0,,2,2,1,25,1,2,2,5,0,0,0,0,true,,false,false,false,false,false,,,,,,false,false,false,,,false,false,false,false,false,-83.13326,42.28915,"{
  ""coordinates"": [
    -8.313325140800001e+01,
    4.228914550300000e+01
  ],
  ""type"": ""Point""
}","{
  ""coordinates"": [
    -83.133251408,
    42.289145503
  ],
  ""type"": ""Point""
}",-83.133251408,42.289145503
2542,9432224,WB I94,TRUMBULL,2015-11-18,18,11,2015,19,4,8,1,,1,0,,2,4,4,55,3,2,21,5,0,0,0,0,true,,false,false,false,false,false,,,,,,false,true,false,,,false,false,false,false,false,-83.08264,42.35547,"{
  ""coordinates"": [
    -8.308264400800000e+01,
    4.235546814800010e+01
  ],
  ""type"": ""Point""
}","{
  ""coordinates"": [
    -83.082644008,
    42.355468148
  ],
  ""type"": ""Point""
}",-83.082644008,42.3554681480001
2543,9455265,NB I75,HOLBROOK,2015-11-18,18,11,2015,21,4,5,1,,1,0,,2,2,4,70,4,3,3,5,0,0,0,0,true,,false,false,false,false,false,,,,,,false,false,true,,,false,false,false,false,false,-83.06769,42.38596,"{
  ""coordinates"": [
    -8.306768812500000e+01,
    4.238595860300010e+01
  ],
  ""type"": ""Point""
}","{
  ""coordinates"": [
    -83.067688125,
    42.385958603
  ],
  ""type"": ""Point""
}",-83.067688125,42.3859586030001
2544,9432330,GRAND RIVER,WINTHROP,2015-11-18,18,11,2015,9,4,8,3,,1,0,,1,1,1,30,7,2,0,5,0,0,0,0,true,,false,false,true,false,false,,,,,,false,false,false,,,false,false,false,false,false,-83.19983,42.39325,"{
  ""coordinates"": [
    -8.319982950799989e+01,
    4.239324877700010e+01
  ],
  ""type"": ""Point""
}","{
  ""coordinates"": [
    -83.199829508,
    42.393248777
  ],
  ""type"": ""Point""
}",-83.1998295079999,42.3932487770001
2545,9438442,I-75,8 MILE,2015-11-18,18,11,2015,22,4,8,1,,1,0,,2,4,4,70,4,2,1,5,0,0,0,0,true,,false,false,true,false,false,,,,,,false,false,true,,,false,false,false,false,false,-83.09465,42.44569,"{
  ""coordinates"": [
    -8.309465140000000e+01,
    4.244569404000000e+01
  ],
  ""type"": ""Point""
}","{
  ""coordinates"": [
    -83.0946514,
    42.44569404
  ],
  ""type"": ""Point""
}",-83.0946514,42.44569404
2546,9434222,WARREN,ALTER,2015-11-18,18,11,2015,13,4,5,9,,4,0,,2,2,1,30,5,2,1,4,0,0,0,1,false,,false,false,false,false,false,,,,,,false,false,false,,,false,false,false,false,false,-82.95455,42.39699,"{
  ""coordinates"": [
    -8.295455409899991e+01,
    4.239699336000010e+01
  ],
  ""type"": ""Point""
}","{
  ""coordinates"": [
    -82.954554099,
    42.39699336
  ],
  ""type"": ""Point""
}",-82.9545540989999,42.3969933600001
2547,9431211,GRANDRIVER,MCNICHOLS,2015-11-18,18,11,2015,18,4,4,3,,1,0,,2,1,4,35,4,2,3,5,0,0,0,0,true,,false,false,false,false,false,,,,,,false,true,false,,,false,false,false,false,false,-83.25336,42.41481,"{
  ""coordinates"": [
    -8.325335686800000e+01,
    4.241481137600000e+01
  ],
  ""type"": ""Point""
}","{
  ""coordinates"": [
    -83.253356868,
    42.414811376
  ],
  ""type"": ""Point""
}",-83.253356868,42.414811376
2548,9432331,MEYERS,FENKELL,2015-11-18,18,11,2015,12,4,8,9,,4,0,,1,1,1,30,4,2,0,5,0,0,0,0,true,,false,false,true,false,false,,,,,,false,false,false,,,false,false,false,false,false,-83.1694,42.4023,"{
  ""coordinates"": [
    -8.316939719399990e+01,
    4.240230024400010e+01
  ],
  ""type"": ""Point""
}","{
  ""coordinates"": [
    -83.169397194,
    42.402300244
  ],
  ""type"": ""Point""
}",-83.1693971939999,42.4023002440001
2549,9449129,GREENFIELD,DIVERSEY,2015-11-18,18,11,2015,14,4,5,9,,2,0,,2,4,1,35,4,2,2,5,0,0,0,0,true,,false,false,false,false,false,,,,,,false,false,true,,,false,false,false,false,false,-83.19643,42.34756,"{
  ""coordinates"": [
    -8.319643770899999e+01,
    4.234756398300000e+01
  ],
  ""type"": ""Point""
}","{
  ""coordinates"": [
    -83.196437709,
    42.347563983
  ],
  ""type"": ""Point""
}",-83.196437709,42.347563983
2550,9435279,NB I-75,MCNICHOLS,2015-11-18,18,11,2015,0,4,5,1,,1,0,,1,1,4,70,3,2,2,4,0,0,0,1,false,,false,false,false,false,false,,,,,,false,false,false,,,false,false,false,false,false,-83.09036,42.42131,"{
  ""coordinates"": [
    -8.309036232800000e+01,
    4.242130475300010e+01
  ],
  ""type"": ""Point""
}","{
  ""coordinates"": [
    -83.090362328,
    42.421304753
  ],
  ""type"": ""Point""
}",-83.090362328,42.4213047530001
2551,9450984,I-75,LIVERNOIS,2015-11-18,18,11,2015,17,4,97,1,,1,0,,97,98,98,55,4,2,2,5,0,0,0,0,true,,false,false,false,false,false,,,,,,false,false,false,,,false,false,false,false,false,-83.09911,42.3105,"{
  ""coordinates"": [
    -8.309911379200000e+01,
    4.231049812200010e+01
  ],
  ""type"": ""Point""
}","{
  ""coordinates"": [
    -83.099113792,
    42.310498122
  ],
  ""type"": ""Point""
}",-83.099113792,42.3104981220001
2552,9438415,I 75,7 MILE,2015-11-18,18,11,2015,14,4,8,1,,1,0,,2,4,1,70,3,2,2,5,0,0,0,0,true,,false,false,false,false,false,,,,,,false,false,false,,,false,false,false,false,false,-83.09422,42.42887,"{
  ""coordinates"": [
    -8.309421695600000e+01,
    4.242887058000010e+01
  ],
  ""type"": ""Point""
}","{
  ""coordinates"": [
    -83.094216956,
    42.42887058
  ],
  ""type"": ""Point""
}",-83.094216956,42.4288705800001
2553,9465334,JEFFERSON,M-10,2015-11-18,18,11,2015,23,4,8,9,,5,0,,2,4,4,70,3,2,2,5,0,0,0,0,true,,false,false,true,false,false,,,,,,false,false,false,,,false,false,false,false,false,-83.05215,42.32617,"{
  ""coordinates"": [
    -8.305215236700001e+01,
    4.232616822200000e+01
  ],
  ""type"": ""Point""
}","{
  ""coordinates"": [
    -83.052152367,
    42.326168222
  ],
  ""type"": ""Point""
}",-83.052152367,42.326168222
2554,9465571,GRAND,LODGE SERVICE,2015-11-18,18,11,2015,18,4,8,9,,4,0,,2,4,4,0,4,2,4,5,0,0,0,0,true,,false,false,false,false,false,,,,,,false,false,true,,,false,false,false,false,false,-83.08248,42.36672,"{
  ""coordinates"": [
    -8.308248361699999e+01,
    4.236671843600000e+01
  ],
  ""type"": ""Point""
}","{
  ""coordinates"": [
    -83.082483617,
    42.366718436
  ],
  ""type"": ""Point""
}",-83.082483617,42.366718436
2555,9432196,DAVISON,JOS CAMPAU,2015-11-18,18,11,2015,18,4,5,3,,1,0,,2,4,4,55,3,2,2,5,0,0,0,0,true,,false,false,true,false,false,,,,,,false,false,false,,,false,false,false,false,false,-83.07042,42.41229,"{
  ""coordinates"": [
    -8.307042279699991e+01,
    4.241228743700000e+01
  ],
  ""type"": ""Point""
}","{
  ""coordinates"": [
    -83.070422797,
    42.412287437
  ],
  ""type"": ""Point""
}",-83.0704227969999,42.412287437
2556,9432341,MCNICHOLS,WYOMING,2015-11-18,18,11,2015,14,4,4,9,,4,0,,2,4,1,30,3,2,1,5,0,0,0,0,true,,false,false,true,false,false,,,,,,false,false,false,,,false,false,false,false,false,-83.16008,42.41693,"{
  ""coordinates"": [
    -8.316008089000000e+01,
    4.241693472000000e+01
  ],
  ""type"": ""Point""
}","{
  ""coordinates"": [
    -83.16008089,
    42.41693472
  ],
  ""type"": ""Point""
}",-83.16008089,42.41693472
2557,9434220,BEDFORD,BREMEN,2015-11-17,17,11,2015,18,3,8,9,,,0,,1,1,4,25,2,2,2,5,0,0,0,0,true,,false,false,false,false,false,,,,,,false,false,false,,,false,false,false,false,false,-82.93665,42.39542,"{
  ""coordinates"": [
    -8.293664781699989e+01,
    4.239541967800010e+01
  ],
  ""type"": ""Point""
}","{
  ""coordinates"": [
    -82.936647817,
    42.395419678
  ],
  ""type"": ""Point""
}",-82.9366478169999,42.3954196780001
2558,9429613,RAMP 122M,N M 10,2015-11-17,17,11,2015,18,3,5,3,,1,0,,1,1,4,55,3,3,3,5,0,0,0,0,true,,false,false,false,false,false,,,,,,false,false,false,,,false,false,false,false,false,-83.06251,42.33245,"{
  ""coordinates"": [
    -8.306250409800001e+01,
    4.233244794000010e+01
  ],
  ""type"": ""Point""
}","{
  ""coordinates"": [
    -83.062504098,
    42.33244794
  ],
  ""type"": ""Point""
}",-83.062504098,42.3324479400001
2559,9431020,I-94,LIVERNOIS,2015-11-17,17,11,2015,15,3,1,1,,1,1,,1,1,1,55,3,1,1,5,0,0,0,0,true,,false,false,false,false,false,,,,,,false,false,false,,,false,false,false,false,false,-83.12657,42.33664,"{
  ""coordinates"": [
    -8.312656831699999e+01,
    4.233663778900010e+01
  ],
  ""type"": ""Point""
}","{
  ""coordinates"": [
    -83.126568317,
    42.336637789
  ],
  ""type"": ""Point""
}",-83.126568317,42.3366377890001
2560,9434003,S M 10,GLENDALE,2015-11-17,17,11,2015,9,3,8,3,,1,0,,1,1,1,55,3,2,1,5,0,0,0,0,true,,false,false,true,false,false,,,,,,false,false,false,,,false,false,false,false,false,-83.10734,42.39478,"{
  ""coordinates"": [
    -8.310733834000000e+01,
    4.239477378200010e+01
  ],
  ""type"": ""Point""
}","{
  ""coordinates"": [
    -83.10733834,
    42.394773782
  ],
  ""type"": ""Point""
}",-83.10733834,42.3947737820001
2561,9429801,EAST-EIGHT MILE,MT ELLIOTT,2015-11-17,17,11,2015,15,3,8,3,,1,0,,1,2,2,30,8,2,4,5,0,0,0,0,true,,false,false,false,false,false,,,,,,false,true,false,,,false,false,false,false,false,-83.04015,42.44786,"{
  ""coordinates"": [
    -8.304015141900000e+01,
    4.244785976200010e+01
  ],
  ""type"": ""Point""
}","{
  ""coordinates"": [
    -83.040151419,
    42.447859762
  ],
  ""type"": ""Point""
}",-83.040151419,42.4478597620001
2562,9429768,GREENFIELD,SCHOOLCRAFT,2015-11-17,17,11,2015,16,3,5,9,,2,0,,1,1,1,35,5,2,2,5,0,0,0,0,true,,false,false,false,false,false,,,,,,false,false,false,,,false,false,false,false,false,-83.19826,42.38979,"{
  ""coordinates"": [
    -8.319825815500000e+01,
    4.238978394800010e+01
  ],
  ""type"": ""Point""
}","{
  ""coordinates"": [
    -83.198258155,
    42.389783948
  ],
  ""type"": ""Point""
}",-83.198258155,42.3897839480001
2563,9429757,STEEL,FLORENCE,2015-11-17,17,11,2015,17,3,1,9,,,0,,1,1,3,25,2,1,3,5,0,0,0,0,true,,false,false,false,false,false,,,,,,false,false,true,,,false,false,false,false,false,-83.17197,42.4118,"{
  ""coordinates"": [
    -8.317197135399989e+01,
    4.241180358500000e+01
  ],
  ""type"": ""Point""
}","{
  ""coordinates"": [
    -83.171971354,
    42.411803585
  ],
  ""type"": ""Point""
}",-83.1719713539999,42.411803585
2564,9432339,BARLOW,COLLINGHAM,2015-11-17,17,11,2015,15,3,5,9,,,0,,1,1,1,25,2,2,1,5,0,0,0,0,true,,false,false,true,false,false,,,,,,false,false,false,,,false,false,false,false,false,-82.99656,42.44743,"{
  ""coordinates"": [
    -8.299655709200000e+01,
    4.244743468600010e+01
  ],
  ""type"": ""Point""
}","{
  ""coordinates"": [
    -82.996557092,
    42.447434686
  ],
  ""type"": ""Point""
}",-82.996557092,42.4474346860001
2565,9432337,NASHVILLE,RACINE,2015-11-17,17,11,2015,9,3,4,9,,,0,,1,1,1,20,2,2,1,5,0,0,0,0,true,,false,false,true,false,false,,,,,,false,false,false,,,false,false,false,false,false,-82.99379,42.42087,"{
  ""coordinates"": [
    -8.299379237200000e+01,
    4.242086714900010e+01
  ],
  ""type"": ""Point""
}","{
  ""coordinates"": [
    -82.993792372,
    42.420867149
  ],
  ""type"": ""Point""
}",-82.993792372,42.4208671490001
2566,9435368,I-94,CADIEUX,2015-11-17,17,11,2015,23,3,5,1,,1,0,,1,1,4,55,3,2,2,5,0,0,0,0,true,,false,false,false,false,false,,,,,,false,true,false,,,false,false,false,false,false,-82.93996,42.41551,"{
  ""coordinates"": [
    -8.293996705099990e+01,
    4.241550793500010e+01
  ],
  ""type"": ""Point""
}","{
  ""coordinates"": [
    -82.939967051,
    42.415507935
  ],
  ""type"": ""Point""
}",-82.9399670509999,42.4155079350001