ObjectId,Crash ID,Primary Road,Intersecting Road,Crash Date,Day,Month,Year,Hour,Weekday,Crash Type Code,Highway Classification Code,Community Code,Jurisdiction Code,Lane Departure Type Code,Surface Type,Road Condition,Weather Condition,Lighting Condition,Speed Limit,Lanes,Units,Occupants,Most Severe Injury,Fatal Injuries,Suspected Serious Injuries,Suspected Minor Injuries,Possible Injuries,Property Damage Only,Secondary Crash,Traffic Control,Red Light Run,Hit and Run,Alcohol,Drugs,Unbelted Person,Work Zone,Speeding Driver,Distracted Driver,Driveway,Pedestrian,Elderly Driver,Young Driver,Commercial Vehicle,Emergency Vehicles,Train,School Bus,Motorcycle,Bicycle,Deer,Longitude,Latitude,geom,geog,x,y
2567,9429808,MCNICHOLS,HARTWELL,2015-11-17,17,11,2015,11,3,97,9,,2,0,,1,2,1,30,3,2,2,5,0,0,0,0,true,,false,false,false,false,false,,,,,,false,false,false,,,false,false,false,false,false,-83.1787,42.41659,"{
  ""coordinates"": [
    -8.317869426399990e+01,
    4.241658779800010e+01
  ],
  ""type"": ""Point""
}","{
  ""coordinates"": [
    -83.178694264,
    42.416587798
  ],
  ""type"": ""Point""
}",-83.1786942639999,42.4165877980001
2568,9434275,HARPER,ST ANTOINE,2015-11-17,17,11,2015,16,3,97,9,,,0,,1,2,1,25,4,2,2,5,0,0,0,0,true,,false,false,false,false,false,,,,,,false,true,false,,,false,false,false,false,false,-83.06251,42.3681,"{
  ""coordinates"": [
    -8.306251046200001e+01,
    4.236810046500010e+01
  ],
  ""type"": ""Point""
}","{
  ""coordinates"": [
    -83.062510462,
    42.368100465
  ],
  ""type"": ""Point""
}",-83.062510462,42.3681004650001
2569,9429769,FLIER,HILDALE,2015-11-17,17,11,2015,6,3,4,9,,,0,,1,1,1,25,4,2,2,5,0,0,0,0,true,,false,false,false,false,false,,,,,,false,false,false,,,false,false,false,false,false,-83.03764,42.43005,"{
  ""coordinates"": [
    -8.303764459400000e+01,
    4.243004804700010e+01
  ],
  ""type"": ""Point""
}","{
  ""coordinates"": [
    -83.037644594,
    42.430048047
  ],
  ""type"": ""Point""
}",-83.037644594,42.4300480470001
2570,9429555,SB I-75,NEVADA,2015-11-17,17,11,2015,23,3,1,1,,1,1,,1,1,4,70,4,1,2,3,0,0,2,0,false,,false,false,false,true,false,,,,,,false,false,false,,,false,false,false,false,false,-83.09347,42.42488,"{
  ""coordinates"": [
    -8.309347026899999e+01,
    4.242488128400000e+01
  ],
  ""type"": ""Point""
}","{
  ""coordinates"": [
    -83.093470269,
    42.424881284
  ],
  ""type"": ""Point""
}",-83.093470269,42.424881284
2571,9431202,S M 39,PLYMOUTH,2015-11-17,17,11,2015,19,3,97,3,,1,1,,1,1,3,25,2,1,2,5,0,0,0,0,true,,false,false,false,false,false,,,,,,false,false,false,,,false,false,false,false,false,-83.21678,42.37274,"{
  ""coordinates"": [
    -8.321678478500000e+01,
    4.237274337300000e+01
  ],
  ""type"": ""Point""
}","{
  ""coordinates"": [
    -83.216784785,
    42.372743373
  ],
  ""type"": ""Point""
}",-83.216784785,42.372743373
2572,9441187,PIERCE,CHENE,2015-11-17,17,11,2015,10,3,9,9,,,2,,1,1,1,25,2,2,0,5,0,0,0,0,true,,false,false,true,false,false,,,,,,false,false,false,,,false,false,false,false,false,-83.03327,42.35462,"{
  ""coordinates"": [
    -8.303327231599999e+01,
    4.235462181000000e+01
  ],
  ""type"": ""Point""
}","{
  ""coordinates"": [
    -83.033272316,
    42.35462181
  ],
  ""type"": ""Point""
}",-83.033272316,42.35462181
2573,9435366,I-96,WARREN,2015-11-17,17,11,2015,18,3,5,1,,1,0,,1,2,4,55,4,2,2,4,0,0,0,2,false,,false,false,false,false,false,,,,,,false,false,false,,,false,false,false,false,false,-83.09509,42.34392,"{
  ""coordinates"": [
    -8.309508563400000e+01,
    4.234391998800000e+01
  ],
  ""type"": ""Point""
}","{
  ""coordinates"": [
    -83.095085634,
    42.343919988
  ],
  ""type"": ""Point""
}",-83.095085634,42.343919988
2574,9429760,JEFFERSON,SEYBURN,2015-11-17,17,11,2015,17,3,1,9,,4,0,,1,1,4,35,9,2,3,2,0,1,0,0,false,,false,false,false,false,false,,,,,,true,false,false,,,false,false,false,false,false,-82.99667,42.35024,"{
  ""coordinates"": [
    -8.299666362999990e+01,
    4.235024086700000e+01
  ],
  ""type"": ""Point""
}","{
  ""coordinates"": [
    -82.99666363,
    42.350240867
  ],
  ""type"": ""Point""
}",-82.9966636299999,42.350240867
2575,9432203,EB I-94,24TH,2015-11-17,17,11,2015,8,3,5,1,,1,0,,1,1,1,55,3,2,2,5,0,0,0,0,true,,false,false,false,false,false,,,,,,false,false,false,,,false,false,false,false,false,-83.10384,42.3486,"{
  ""coordinates"": [
    -8.310383977500000e+01,
    4.234859954000010e+01
  ],
  ""type"": ""Point""
}","{
  ""coordinates"": [
    -83.103839775,
    42.34859954
  ],
  ""type"": ""Point""
}",-83.103839775,42.3485995400001
2576,9429753,FENKELL,LAHSER,2015-11-17,17,11,2015,8,3,4,9,,2,0,,1,1,1,30,4,2,4,4,0,0,0,1,false,,false,false,false,false,false,,,,,,false,false,false,,,false,false,false,false,false,-83.25683,42.40029,"{
  ""coordinates"": [
    -8.325682455399991e+01,
    4.240028786700000e+01
  ],
  ""type"": ""Point""
}","{
  ""coordinates"": [
    -83.256824554,
    42.400287867
  ],
  ""type"": ""Point""
}",-83.2568245539999,42.400287867
2577,9429806,MCNICHOLS,SCHAEFER,2015-11-17,17,11,2015,11,3,4,9,,2,0,,1,2,1,35,5,2,5,2,0,3,2,0,false,,true,true,false,false,false,,,,,,false,false,false,,,false,false,false,false,false,-83.17976,42.41659,"{
  ""coordinates"": [
    -8.317975887900000e+01,
    4.241658788400010e+01
  ],
  ""type"": ""Point""
}","{
  ""coordinates"": [
    -83.179758879,
    42.416587884
  ],
  ""type"": ""Point""
}",-83.179758879,42.4165878840001
2578,9441153,I-94,LAKEPOINTE,2015-11-17,17,11,2015,21,3,5,9,,,0,,1,2,4,55,3,2,2,5,0,0,0,0,true,,false,false,false,false,false,,,,,,false,false,true,,,false,false,false,false,false,-82.95345,42.40733,"{
  ""coordinates"": [
    -8.295344937499991e+01,
    4.240733255500000e+01
  ],
  ""type"": ""Point""
}","{
  ""coordinates"": [
    -82.953449375,
    42.407332555
  ],
  ""type"": ""Point""
}",-82.9534493749999,42.407332555
2579,9429799,LASALLE,OAKMAN,2015-11-17,17,11,2015,11,3,97,9,,,0,,1,1,1,35,2,2,1,5,0,0,0,0,true,,false,false,false,false,false,,,,,,true,false,false,,,false,false,false,false,false,-83.12248,42.39909,"{
  ""coordinates"": [
    -8.312248433400001e+01,
    4.239908480300010e+01
  ],
  ""type"": ""Point""
}","{
  ""coordinates"": [
    -83.122484334,
    42.399084803
  ],
  ""type"": ""Point""
}",-83.122484334,42.3990848030001
2580,9429759,HARPER,MOUNT ELLIOTT,2015-11-17,17,11,2015,9,3,5,1,,4,0,,1,1,1,25,2,2,3,5,0,0,0,0,true,,false,false,false,false,false,,,,,,false,false,true,,,false,false,false,false,false,-83.03427,42.37961,"{
  ""coordinates"": [
    -8.303426886800000e+01,
    4.237960944800010e+01
  ],
  ""type"": ""Point""
}","{
  ""coordinates"": [
    -83.034268868,
    42.379609448
  ],
  ""type"": ""Point""
}",-83.034268868,42.3796094480001
2581,9429618,I-75,SCHAEFER,2015-11-17,17,11,2015,8,3,8,1,,1,0,,1,1,1,70,3,2,2,5,0,0,0,0,true,,false,false,false,false,false,,,,,,false,true,false,,,false,false,false,false,false,-83.15808,42.27655,"{
  ""coordinates"": [
    -8.315807819199991e+01,
    4.227654840700010e+01
  ],
  ""type"": ""Point""
}","{
  ""coordinates"": [
    -83.158078192,
    42.276548407
  ],
  ""type"": ""Point""
}",-83.1580781919999,42.2765484070001
2582,9429796,GRANDRIVER,MCINTYRE,2015-11-17,17,11,2015,17,3,8,3,,1,0,,1,2,4,35,5,2,5,4,0,0,0,2,false,,false,false,false,false,false,,,,,,false,true,true,,,false,false,false,false,false,-83.26348,42.41883,"{
  ""coordinates"": [
    -8.326348046200000e+01,
    4.241883452400000e+01
  ],
  ""type"": ""Point""
}","{
  ""coordinates"": [
    -83.263480462,
    42.418834524
  ],
  ""type"": ""Point""
}",-83.263480462,42.418834524
2583,9431214,SCHAEFER,8 MILE,2015-11-17,17,11,2015,23,3,5,3,,4,0,,1,1,1,30,2,2,2,5,0,0,0,0,true,,false,false,true,false,false,,,,,,false,false,false,,,false,false,false,false,false,-83.18099,42.44522,"{
  ""coordinates"": [
    -8.318099209800000e+01,
    4.244521712000010e+01
  ],
  ""type"": ""Point""
}","{
  ""coordinates"": [
    -83.180992098,
    42.44521712
  ],
  ""type"": ""Point""
}",-83.180992098,42.4452171200001
2584,9432192,I-75,GREENDALE,2015-11-17,17,11,2015,8,3,5,9,,4,0,,1,1,1,55,3,2,3,5,0,0,0,0,true,,false,false,false,false,false,,,,,,false,false,false,,,false,false,false,false,false,-83.09482,42.42739,"{
  ""coordinates"": [
    -8.309481704400000e+01,
    4.242739020900010e+01
  ],
  ""type"": ""Point""
}","{
  ""coordinates"": [
    -83.094817044,
    42.427390209
  ],
  ""type"": ""Point""
}",-83.094817044,42.4273902090001
2585,9429779,GRAND RIVER,GRIGGS,2015-11-17,17,11,2015,23,3,1,3,,1,1,,1,1,4,35,3,1,1,5,0,0,0,0,true,,false,false,false,false,false,,,,,,false,false,false,,,false,false,false,false,false,-83.16206,42.37804,"{
  ""coordinates"": [
    -8.316205989100000e+01,
    4.237803711600000e+01
  ],
  ""type"": ""Point""
}","{
  ""coordinates"": [
    -83.162059891,
    42.378037116
  ],
  ""type"": ""Point""
}",-83.162059891,42.378037116
2586,9431025,S M 10,HOWARD,2015-11-17,17,11,2015,14,3,1,3,,1,0,,1,1,1,55,3,1,1,5,0,0,0,0,true,,false,false,false,false,false,,,,,,false,false,false,,,false,false,false,false,false,-83.05815,42.32867,"{
  ""coordinates"": [
    -8.305815155200000e+01,
    4.232866979800010e+01
  ],
  ""type"": ""Point""
}","{
  ""coordinates"": [
    -83.058151552,
    42.328669798
  ],
  ""type"": ""Point""
}",-83.058151552,42.3286697980001
2587,9431215,DEQUINDRE,GRIXDALE,2015-11-17,17,11,2015,16,3,97,9,,4,0,,1,2,3,30,2,2,4,4,0,0,0,2,false,,false,false,true,false,false,,,,,,false,true,false,,,false,false,false,false,false,-83.08263,42.42744,"{
  ""coordinates"": [
    -8.308263382699990e+01,
    4.242744398200010e+01
  ],
  ""type"": ""Point""
}","{
  ""coordinates"": [
    -83.082633827,
    42.427443982
  ],
  ""type"": ""Point""
}",-83.0826338269999,42.4274439820001
2588,9432374,EVERGREEN,CAPITOL,2015-11-17,17,11,2015,16,3,5,9,,4,0,,1,1,1,35,4,2,3,5,0,0,0,0,true,,false,false,false,false,false,,,,,,false,true,false,,,false,false,false,false,false,-83.2364,42.37635,"{
  ""coordinates"": [
    -8.323639495299990e+01,
    4.237635413400010e+01
  ],
  ""type"": ""Point""
}","{
  ""coordinates"": [
    -83.236394953,
    42.376354134
  ],
  ""type"": ""Point""
}",-83.2363949529999,42.3763541340001
2589,9429597,N/B M-10,HOWARD,2015-11-17,17,11,2015,18,3,5,3,,1,0,,1,1,4,55,3,3,3,5,0,0,0,0,true,,false,false,false,false,false,,,,,,false,false,false,,,false,false,false,false,false,-83.05738,42.32838,"{
  ""coordinates"": [
    -8.305738189600000e+01,
    4.232837623200000e+01
  ],
  ""type"": ""Point""
}","{
  ""coordinates"": [
    -83.057381896,
    42.328376232
  ],
  ""type"": ""Point""
}",-83.057381896,42.328376232
2590,9432218,I-96,WYOMING,2015-11-17,17,11,2015,17,3,1,1,,1,1,,1,1,3,55,3,1,1,4,0,0,0,1,false,,false,false,false,false,false,,,,,,false,false,false,,,false,false,false,false,false,-83.16093,42.38543,"{
  ""coordinates"": [
    -8.316093228299999e+01,
    4.238543303200000e+01
  ],
  ""type"": ""Point""
}","{
  ""coordinates"": [
    -83.160932283,
    42.385433032
  ],
  ""type"": ""Point""
}",-83.160932283,42.385433032
2591,9429802,8 MILE,CALDWELL,2015-11-17,17,11,2015,17,3,5,3,,1,0,,1,1,4,40,4,5,3,4,0,0,0,1,false,,false,false,false,false,false,,,,,,false,true,false,,,false,false,false,false,false,-83.04794,42.44765,"{
  ""coordinates"": [
    -8.304793374799991e+01,
    4.244765497300010e+01
  ],
  ""type"": ""Point""
}","{
  ""coordinates"": [
    -83.047933748,
    42.447654973
  ],
  ""type"": ""Point""
}",-83.0479337479999,42.4476549730001
2592,9429756,HAMILTON,WEBB,2015-11-17,17,11,2015,6,3,4,9,,4,0,,1,1,4,35,2,2,2,4,0,0,0,1,false,,false,false,false,false,false,,,,,,false,false,false,,,false,false,false,false,false,-83.09748,42.38949,"{
  ""coordinates"": [
    -8.309747797400000e+01,
    4.238948756900000e+01
  ],
  ""type"": ""Point""
}","{
  ""coordinates"": [
    -83.097477974,
    42.389487569
  ],
  ""type"": ""Point""
}",-83.097477974,42.389487569
2593,9434217,CONNER,CANFIELD,2015-11-17,17,11,2015,13,3,5,9,,4,0,,1,1,1,30,6,2,3,4,0,0,0,1,false,,false,false,true,false,false,,,,,,false,false,true,,,false,false,false,false,false,-82.97086,42.38717,"{
  ""coordinates"": [
    -8.297086335700000e+01,
    4.238717400700010e+01
  ],
  ""type"": ""Point""
}","{
  ""coordinates"": [
    -82.970863357,
    42.387174007
  ],
  ""type"": ""Point""
}",-82.970863357,42.3871740070001
2594,9429598,S I 75,RAMP 122B,2015-11-17,17,11,2015,19,3,5,1,,1,0,,1,2,4,55,2,2,2,5,0,0,0,0,true,,false,false,false,false,false,,,,,,false,false,true,,,false,false,false,false,false,-83.06495,42.33529,"{
  ""coordinates"": [
    -8.306495087499999e+01,
    4.233528570300010e+01
  ],
  ""type"": ""Point""
}","{
  ""coordinates"": [
    -83.064950875,
    42.335285703
  ],
  ""type"": ""Point""
}",-83.064950875,42.3352857030001
2595,9429775,CHIPPEWA,APPOLINE,2015-11-17,17,11,2015,16,3,4,9,,,0,,1,2,1,25,4,2,1,5,0,0,0,0,true,,false,false,true,false,false,,,,,,false,false,false,,,false,false,false,false,false,-83.17216,42.44069,"{
  ""coordinates"": [
    -8.317216124299991e+01,
    4.244069365500010e+01
  ],
  ""type"": ""Point""
}","{
  ""coordinates"": [
    -83.172161243,
    42.440693655
  ],
  ""type"": ""Point""
}",-83.1721612429999,42.4406936550001
2596,9429803,PONTCHARTRAIN,7 MILE,2015-11-17,17,11,2015,20,3,5,9,,4,0,,1,1,4,30,5,2,2,4,0,0,0,1,false,,false,false,false,false,false,,,,,,false,false,false,,,false,false,false,false,false,-83.12719,42.43192,"{
  ""coordinates"": [
    -8.312718753800000e+01,
    4.243191604400000e+01
  ],
  ""type"": ""Point""
}","{
  ""coordinates"": [
    -83.127187538,
    42.431916044
  ],
  ""type"": ""Point""
}",-83.127187538,42.431916044
2597,9434277,MACK,JOHN R,2015-11-17,17,11,2015,11,3,4,9,,4,0,,1,1,1,25,3,2,2,5,0,0,0,0,true,,false,false,false,false,false,,,,,,false,false,false,,,false,false,false,false,false,-83.05598,42.34839,"{
  ""coordinates"": [
    -8.305598031200000e+01,
    4.234839410200000e+01
  ],
  ""type"": ""Point""
}","{
  ""coordinates"": [
    -83.055980312,
    42.348394102
  ],
  ""type"": ""Point""
}",-83.055980312,42.348394102
2598,9437196,KIRBY,JOHN R,2015-11-17,17,11,2015,9,3,97,9,,,3,,1,1,98,0,2,2,1,5,0,0,0,0,true,,false,false,true,false,false,,,,,,false,false,false,,,false,false,false,false,false,-83.06413,42.36095,"{
  ""coordinates"": [
    -8.306413079700000e+01,
    4.236095233800010e+01
  ],
  ""type"": ""Point""
}","{
  ""coordinates"": [
    -83.064130797,
    42.360952338
  ],
  ""type"": ""Point""
}",-83.064130797,42.3609523380001
2599,9432206,S M 10,RAMP 215B,2015-11-17,17,11,2015,16,3,5,3,,1,0,,1,2,1,55,3,2,2,5,0,0,0,0,true,,false,false,false,false,false,,,,,,false,false,true,,,false,false,false,false,false,-83.07721,42.35994,"{
  ""coordinates"": [
    -8.307720677000000e+01,
    4.235993883300010e+01
  ],
  ""type"": ""Point""
}","{
  ""coordinates"": [
    -83.07720677,
    42.359938833
  ],
  ""type"": ""Point""
}",-83.07720677,42.3599388330001
2600,9429565,I75,SPRINGWELLS,2015-11-17,17,11,2015,20,3,5,1,,1,0,,1,1,4,55,5,2,2,5,0,0,0,0,true,,false,false,false,false,false,,,,,,false,false,true,,,false,false,false,false,false,-83.11761,42.30225,"{
  ""coordinates"": [
    -8.311761544599990e+01,
    4.230224457700010e+01
  ],
  ""type"": ""Point""
}","{
  ""coordinates"": [
    -83.117615446,
    42.302244577
  ],
  ""type"": ""Point""
}",-83.1176154459999,42.3022445770001
2601,9432359,MILWAUKEE RAMP/BALTIMORE CUTOF,LODGE,2015-11-17,17,11,2015,17,3,4,3,,7,0,,1,1,1,25,2,2,2,5,0,0,0,0,true,,true,true,true,false,false,,,,,,false,false,false,,,false,false,false,false,false,-83.08018,42.36592,"{
  ""coordinates"": [
    -8.308018792400000e+01,
    4.236592384600000e+01
  ],
  ""type"": ""Point""
}","{
  ""coordinates"": [
    -83.080187924,
    42.365923846
  ],
  ""type"": ""Point""
}",-83.080187924,42.365923846
2602,9434241,GRATIOT,BARLOW,2015-11-17,17,11,2015,7,3,4,3,,1,0,,1,1,1,35,7,2,3,5,0,0,0,0,true,,false,false,false,false,false,,,,,,false,false,true,,,false,false,false,false,false,-82.98868,42.41837,"{
  ""coordinates"": [
    -8.298867960400000e+01,
    4.241836899100010e+01
  ],
  ""type"": ""Point""
}","{
  ""coordinates"": [
    -82.988679604,
    42.418368991
  ],
  ""type"": ""Point""
}",-82.988679604,42.4183689910001
2603,9429566,I94,LAKEPOINTE,2015-11-17,17,11,2015,21,3,97,9,,,0,,1,1,5,55,3,3,4,4,0,0,0,2,false,,false,false,false,false,false,,,,,,false,false,true,,,false,false,false,false,false,-82.95509,42.40693,"{
  ""coordinates"": [
    -8.295509324900000e+01,
    4.240693301200000e+01
  ],
  ""type"": ""Point""
}","{
  ""coordinates"": [
    -82.955093249,
    42.406933012
  ],
  ""type"": ""Point""
}",-82.955093249,42.406933012
2604,9432389,GRUEBNER,PARK GROVE,2015-11-17,17,11,2015,6,3,97,9,,,3,,1,1,4,25,1,2,1,5,0,0,0,0,true,,false,false,false,false,false,,,,,,false,false,false,,,false,false,false,false,false,-83.01165,42.42871,"{
  ""coordinates"": [
    -8.301164679100000e+01,
    4.242871524200010e+01
  ],
  ""type"": ""Point""
}","{
  ""coordinates"": [
    -83.011646791,
    42.428715242
  ],
  ""type"": ""Point""
}",-83.011646791,42.4287152420001
2605,9435367,I-94,MOROSS,2015-11-17,17,11,2015,19,3,97,1,,1,0,,1,2,4,55,3,3,3,5,0,0,0,0,true,,false,false,false,false,false,,,,,,false,false,true,,,false,false,false,false,false,-82.92774,42.42593,"{
  ""coordinates"": [
    -8.292774372299991e+01,
    4.242593565100000e+01
  ],
  ""type"": ""Point""
}","{
  ""coordinates"": [
    -82.927743723,
    42.425935651
  ],
  ""type"": ""Point""
}",-82.9277437229999,42.425935651
2606,9440406,STEEL,CHICAGO,2015-11-17,17,11,2015,13,3,97,9,,,0,,1,1,1,25,1,2,2,5,0,0,0,0,true,,false,false,false,false,false,,,,,,false,true,false,,,false,false,false,false,false,-83.17038,42.36594,"{
  ""coordinates"": [
    -8.317037803600000e+01,
    4.236594511100000e+01
  ],
  ""type"": ""Point""
}","{
  ""coordinates"": [
    -83.170378036,
    42.365945111
  ],
  ""type"": ""Point""
}",-83.170378036,42.365945111
2607,9437176,BARRETT,ROSEMARY,2015-11-17,17,11,2015,10,3,97,9,,,0,,1,1,4,25,1,2,1,3,0,0,1,0,false,,false,false,false,false,false,,,,,,false,false,false,,,false,false,false,true,false,-82.99087,42.40911,"{
  ""coordinates"": [
    -8.299086789499999e+01,
    4.240910911000000e+01
  ],
  ""type"": ""Point""
}","{
  ""coordinates"": [
    -82.990867895,
    42.40910911
  ],
  ""type"": ""Point""
}",-82.990867895,42.40910911
2608,9432391,FORD,WYOMING,2015-11-17,17,11,2015,14,3,97,9,,,0,,1,1,1,40,2,2,2,5,0,0,0,0,true,,false,false,false,false,false,,,,,,false,false,true,,,false,false,false,false,false,-83.16074,42.42597,"{
  ""coordinates"": [
    -8.316073766700001e+01,
    4.242597145200010e+01
  ],
  ""type"": ""Point""
}","{
  ""coordinates"": [
    -83.160737667,
    42.425971452
  ],
  ""type"": ""Point""
}",-83.160737667,42.4259714520001
2609,9429783,SCHAEFER,JOY,2015-11-17,17,11,2015,15,3,5,9,,4,0,,1,2,1,30,5,2,3,5,0,0,0,0,true,,false,false,true,false,false,,,,,,false,false,false,,,false,false,false,false,false,-83.17749,42.3586,"{
  ""coordinates"": [
    -8.317748895400000e+01,
    4.235860291700000e+01
  ],
  ""type"": ""Point""
}","{
  ""coordinates"": [
    -83.177488954,
    42.358602917
  ],
  ""type"": ""Point""
}",-83.177488954,42.358602917
2610,9429771,DAVISON,LIVERNOIS,2015-11-17,17,11,2015,9,3,4,3,,1,0,,1,1,1,35,4,2,4,4,0,0,0,2,false,,true,true,false,false,false,,,,,,false,false,true,,,false,false,false,false,false,-83.13953,42.38649,"{
  ""coordinates"": [
    -8.313953198300000e+01,
    4.238649114300010e+01
  ],
  ""type"": ""Point""
}","{
  ""coordinates"": [
    -83.139531983,
    42.386491143
  ],
  ""type"": ""Point""
}",-83.139531983,42.3864911430001
2611,9432372,E I 94,MOUNT ELLIOTT,2015-11-17,17,11,2015,15,3,8,1,,1,0,,1,1,1,30,3,2,3,5,0,0,0,0,true,,false,false,false,false,false,,,,,,false,false,false,,,false,false,false,false,false,-83.03381,42.37915,"{
  ""coordinates"": [
    -8.303380611300000e+01,
    4.237915309900010e+01
  ],
  ""type"": ""Point""
}","{
  ""coordinates"": [
    -83.033806113,
    42.379153099
  ],
  ""type"": ""Point""
}",-83.033806113,42.3791530990001
2612,9432322,EVERGREEN,LYNDON,2015-11-17,17,11,2015,18,3,5,9,,4,0,,1,1,4,35,2,2,3,4,0,0,0,3,false,,false,false,false,false,false,,,,,,false,false,false,,,false,false,false,false,false,-83.23713,42.39347,"{
  ""coordinates"": [
    -8.323712934799990e+01,
    4.239347613700010e+01
  ],
  ""type"": ""Point""
}","{
  ""coordinates"": [
    -83.237129348,
    42.393476137
  ],
  ""type"": ""Point""
}",-83.2371293479999,42.3934761370001
2613,9432382,MOROSS,BALFOUR,2015-11-17,17,11,2015,15,3,4,9,,2,0,,1,2,1,35,3,2,2,4,0,0,0,1,false,,false,false,false,false,false,,,,,,false,false,true,,,false,false,false,false,false,-82.93859,42.42843,"{
  ""coordinates"": [
    -8.293859335699990e+01,
    4.242842773400000e+01
  ],
  ""type"": ""Point""
}","{
  ""coordinates"": [
    -82.938593357,
    42.428427734
  ],
  ""type"": ""Point""
}",-82.9385933569999,42.428427734
2614,9434268,EDSEL FORD SERVICE,TRUMBULL,2015-11-17,17,11,2015,16,3,3,1,,4,0,,1,2,1,25,2,2,3,4,0,0,0,1,false,,false,false,false,false,false,,,,,,false,false,false,,,false,false,false,false,false,-83.08078,42.35549,"{
  ""coordinates"": [
    -8.308077700800000e+01,
    4.235548846600010e+01
  ],
  ""type"": ""Point""
}","{
  ""coordinates"": [
    -83.080777008,
    42.355488466
  ],
  ""type"": ""Point""
}",-83.080777008,42.3554884660001
2615,9432338,BARLOW,COLLINGHAM,2015-11-17,17,11,2015,15,3,4,9,,,0,,1,1,1,25,2,2,2,4,0,0,0,1,false,,false,false,false,false,false,,,,,,false,false,true,,,false,false,false,false,false,-82.99655,42.44736,"{
  ""coordinates"": [
    -8.299655436599990e+01,
    4.244736207500010e+01
  ],
  ""type"": ""Point""
}","{
  ""coordinates"": [
    -82.996554366,
    42.447362075
  ],
  ""type"": ""Point""
}",-82.9965543659999,42.4473620750001
2616,9435612,CURTIS,STEEL,2015-11-17,17,11,2015,9,3,5,9,,4,0,,1,1,1,30,3,2,2,5,0,0,0,0,true,,false,false,false,false,false,,,,,,false,false,true,,,false,false,false,false,false,-83.17254,42.42396,"{
  ""coordinates"": [
    -8.317253599500000e+01,
    4.242395950200010e+01
  ],
  ""type"": ""Point""
}","{
  ""coordinates"": [
    -83.172535995,
    42.423959502
  ],
  ""type"": ""Point""
}",-83.172535995,42.4239595020001
2617,9431204,SOUTHFIELD SERVICE DRIVE,CIRCLE,2015-11-17,17,11,2015,18,3,97,3,,5,0,,1,1,3,55,6,2,2,5,0,0,0,0,true,,false,false,false,false,false,,,,,,false,false,false,,,false,false,false,false,false,-83.21933,42.44315,"{
  ""coordinates"": [
    -8.321933175399990e+01,
    4.244315267300000e+01
  ],
  ""type"": ""Point""
}","{
  ""coordinates"": [
    -83.219331754,
    42.443152673
  ],
  ""type"": ""Point""
}",-83.2193317539999,42.443152673
2618,9428597,CHICAGO,SAINT MARYS,2015-11-16,16,11,2015,9,2,8,9,,4,0,,1,1,1,35,2,2,1,5,0,0,0,0,true,,false,false,true,false,false,,,,,,false,false,false,,,false,false,false,false,false,-83.20449,42.36526,"{
  ""coordinates"": [
    -8.320449124500000e+01,
    4.236525933600010e+01
  ],
  ""type"": ""Point""
}","{
  ""coordinates"": [
    -83.204491245,
    42.365259336
  ],
  ""type"": ""Point""
}",-83.204491245,42.3652593360001
2619,9434240,I 94 SERVICE,ROSA PARKS,2015-11-16,16,11,2015,14,2,5,9,,,0,,1,1,1,25,6,2,2,5,0,0,0,0,true,,false,false,false,false,false,,,,,,false,false,false,,,false,false,false,false,false,-83.08428,42.35519,"{
  ""coordinates"": [
    -8.308428151600000e+01,
    4.235519272400010e+01
  ],
  ""type"": ""Point""
}","{
  ""coordinates"": [
    -83.084281516,
    42.355192724
  ],
  ""type"": ""Point""
}",-83.084281516,42.3551927240001
2620,9429758,JEFFERSON,VAN DYKE,2015-11-16,16,11,2015,15,2,4,9,,4,0,,1,1,1,35,9,2,3,2,0,2,0,0,false,,false,false,false,false,false,,,,,,false,true,false,,,false,false,false,false,false,-82.99487,42.3514,"{
  ""coordinates"": [
    -8.299487208399999e+01,
    4.235139683300010e+01
  ],
  ""type"": ""Point""
}","{
  ""coordinates"": [
    -82.994872084,
    42.351396833
  ],
  ""type"": ""Point""
}",-82.994872084,42.3513968330001
2621,9428595,BURT,FLORENCE,2015-11-16,16,11,2015,16,2,1,9,,4,1,,1,1,1,25,2,1,1,5,0,0,0,0,true,,false,false,false,false,false,,,,,,false,true,false,,,false,false,false,false,false,-83.24751,42.4096,"{
  ""coordinates"": [
    -8.324751322799990e+01,
    4.240959808700010e+01
  ],
  ""type"": ""Point""
}","{
  ""coordinates"": [
    -83.247513228,
    42.409598087
  ],
  ""type"": ""Point""
}",-83.2475132279999,42.4095980870001
2622,9432358,BEATRICE,MELVIN,2015-11-16,16,11,2015,5,2,8,9,,,0,,1,1,4,25,3,2,1,5,0,0,0,0,true,,false,false,true,false,false,,,,,,false,false,false,,,false,false,false,false,false,-83.15063,42.27312,"{
  ""coordinates"": [
    -8.315063120100000e+01,
    4.227312281700010e+01
  ],
  ""type"": ""Point""
}","{
  ""coordinates"": [
    -83.150631201,
    42.273122817
  ],
  ""type"": ""Point""
}",-83.150631201,42.2731228170001
2623,9434213,FOREST,DICKERSON,2015-11-16,16,11,2015,4,2,97,9,,,0,,1,1,4,25,2,2,1,5,0,0,0,0,true,,false,false,true,false,false,,,,,,false,false,false,,,false,false,false,false,false,-82.96564,42.39104,"{
  ""coordinates"": [
    -8.296563363900000e+01,
    4.239104472200010e+01
  ],
  ""type"": ""Point""
}","{
  ""coordinates"": [
    -82.965633639,
    42.391044722
  ],
  ""type"": ""Point""
}",-82.965633639,42.3910447220001