ObjectId,Crash ID,Primary Road,Intersecting Road,Crash Date,Day,Month,Year,Hour,Weekday,Crash Type Code,Highway Classification Code,Community Code,Jurisdiction Code,Lane Departure Type Code,Surface Type,Road Condition,Weather Condition,Lighting Condition,Speed Limit,Lanes,Units,Occupants,Most Severe Injury,Fatal Injuries,Suspected Serious Injuries,Suspected Minor Injuries,Possible Injuries,Property Damage Only,Secondary Crash,Traffic Control,Red Light Run,Hit and Run,Alcohol,Drugs,Unbelted Person,Work Zone,Speeding Driver,Distracted Driver,Driveway,Pedestrian,Elderly Driver,Young Driver,Commercial Vehicle,Emergency Vehicles,Train,School Bus,Motorcycle,Bicycle,Deer,Longitude,Latitude,geom,geog,x,y
2681,9428598,MOUND,7 MILE,2015-11-15,15,11,2015,14,1,5,9,,2,0,,1,1,1,40,2,2,3,4,0,0,0,1,false,,false,false,true,false,false,,,,,,false,false,false,,,false,false,false,false,false,-83.04382,42.43359,"{
  ""coordinates"": [
    -8.304381571600000e+01,
    4.243359284800000e+01
  ],
  ""type"": ""Point""
}","{
  ""coordinates"": [
    -83.043815716,
    42.433592848
  ],
  ""type"": ""Point""
}",-83.043815716,42.433592848
2682,9427518,HARDING,SHOEMAKER,2015-11-15,15,11,2015,18,1,2,9,,,2,,1,1,5,25,2,2,5,3,0,0,1,2,false,,false,false,false,false,false,,,,,,false,false,false,,,false,false,false,false,false,-82.99421,42.38818,"{
  ""coordinates"": [
    -8.299420951499999e+01,
    4.238818127900000e+01
  ],
  ""type"": ""Point""
}","{
  ""coordinates"": [
    -82.994209515,
    42.388181279
  ],
  ""type"": ""Point""
}",-82.994209515,42.388181279
2683,9445347,CARPENTER,MORAN,2015-11-15,15,11,2015,18,1,8,9,,4,0,,1,1,5,25,2,2,2,5,0,0,0,0,true,,false,false,true,false,false,,,,,,false,false,true,,,false,false,false,false,false,-83.05814,42.40858,"{
  ""coordinates"": [
    -8.305813671300000e+01,
    4.240858436400000e+01
  ],
  ""type"": ""Point""
}","{
  ""coordinates"": [
    -83.058136713,
    42.408584364
  ],
  ""type"": ""Point""
}",-83.058136713,42.408584364
2684,9432320,SCHAEFER,FORT,2015-11-15,15,11,2015,7,1,4,7,,1,0,,1,1,1,35,3,2,1,5,0,0,0,0,true,,false,false,true,false,false,,,,,,false,false,false,,,false,false,false,false,false,-83.15531,42.27628,"{
  ""coordinates"": [
    -8.315531494100000e+01,
    4.227628212200010e+01
  ],
  ""type"": ""Point""
}","{
  ""coordinates"": [
    -83.155314941,
    42.276282122
  ],
  ""type"": ""Point""
}",-83.155314941,42.2762821220001
2685,9434215,MONTCLAIR,GOETHE,2015-11-15,15,11,2015,18,1,8,9,,,0,,1,1,4,25,1,2,1,3,0,0,1,0,false,,false,false,true,false,false,,,,,,false,false,false,,,false,false,false,false,false,-82.98235,42.37426,"{
  ""coordinates"": [
    -8.298235400899991e+01,
    4.237425608200000e+01
  ],
  ""type"": ""Point""
}","{
  ""coordinates"": [
    -82.982354009,
    42.374256082
  ],
  ""type"": ""Point""
}",-82.9823540089999,42.374256082
2686,9451892,W I 96,GREENFIELD,2015-11-15,15,11,2015,2,1,3,1,,1,0,,2,1,4,35,7,2,5,5,0,0,0,0,true,,true,false,false,false,false,,,,,,false,false,true,,,false,false,false,false,false,-83.19807,42.37923,"{
  ""coordinates"": [
    -8.319807348800001e+01,
    4.237923087700010e+01
  ],
  ""type"": ""Point""
}","{
  ""coordinates"": [
    -83.198073488,
    42.379230877
  ],
  ""type"": ""Point""
}",-83.198073488,42.3792308770001
2687,9434273,FOREST,WOODWARD,2015-11-15,15,11,2015,18,1,4,3,,4,0,,1,1,4,25,4,2,3,5,0,0,0,0,true,,false,false,false,false,false,,,,,,false,false,true,,,false,false,false,false,false,-83.06299,42.35474,"{
  ""coordinates"": [
    -8.306298565000000e+01,
    4.235474167500010e+01
  ],
  ""type"": ""Point""
}","{
  ""coordinates"": [
    -83.06298565,
    42.354741675
  ],
  ""type"": ""Point""
}",-83.06298565,42.3547416750001
2688,9449147,OAKMAN,FORD,2015-11-15,15,11,2015,21,1,4,9,,,0,,1,1,4,35,3,2,2,5,0,0,0,0,true,,false,false,false,false,false,,,,,,false,true,true,,,false,false,false,false,false,-83.12749,42.39483,"{
  ""coordinates"": [
    -8.312749335500000e+01,
    4.239482689800010e+01
  ],
  ""type"": ""Point""
}","{
  ""coordinates"": [
    -83.127493355,
    42.394826898
  ],
  ""type"": ""Point""
}",-83.127493355,42.3948268980001
2689,9432353,SCHAEFER,PLYMOUTH,2015-11-15,15,11,2015,14,1,4,9,,4,0,,1,1,1,30,4,2,3,4,0,0,0,1,false,,false,false,true,false,false,,,,,,false,true,false,,,false,false,false,false,false,-83.17799,42.37307,"{
  ""coordinates"": [
    -8.317798562300000e+01,
    4.237306521900010e+01
  ],
  ""type"": ""Point""
}","{
  ""coordinates"": [
    -83.177985623,
    42.373065219
  ],
  ""type"": ""Point""
}",-83.177985623,42.3730652190001
2690,9455525,HAYES,YOUNG,2015-11-15,15,11,2015,3,1,5,9,,4,0,,1,1,5,25,2,2,1,3,0,0,1,0,false,,false,false,true,false,false,,,,,,false,false,false,,,false,false,false,false,false,-82.96514,42.42401,"{
  ""coordinates"": [
    -8.296514357699991e+01,
    4.242400953200010e+01
  ],
  ""type"": ""Point""
}","{
  ""coordinates"": [
    -82.965143577,
    42.424009532
  ],
  ""type"": ""Point""
}",-82.9651435769999,42.4240095320001
2691,9427497,FENKELL,STOUT,2015-11-15,15,11,2015,23,1,4,9,,2,0,,1,1,4,35,4,2,1,4,0,0,0,1,false,,false,false,true,false,false,,,,,,false,false,false,,,false,false,false,false,false,-83.24159,42.4006,"{
  ""coordinates"": [
    -8.324159478500000e+01,
    4.240060218400000e+01
  ],
  ""type"": ""Point""
}","{
  ""coordinates"": [
    -83.241594785,
    42.400602184
  ],
  ""type"": ""Point""
}",-83.241594785,42.400602184
2692,9432344,E I 94 SERVICE DRIVE,RAMP 218A,2015-11-15,15,11,2015,22,1,5,1,,4,0,,2,4,4,25,3,2,2,4,0,0,0,2,false,,false,false,true,false,false,,,,,,false,false,false,,,false,false,false,false,false,-83.02024,42.38565,"{
  ""coordinates"": [
    -8.302023733899991e+01,
    4.238564942200000e+01
  ],
  ""type"": ""Point""
}","{
  ""coordinates"": [
    -83.020237339,
    42.385649422
  ],
  ""type"": ""Point""
}",-83.0202373389999,42.385649422
2693,9441255,STOTTER,7 MILE,2015-11-15,15,11,2015,0,1,1,9,,,0,,1,1,4,30,4,1,5,1,4,1,0,0,false,,false,false,false,false,false,,,,,,false,false,true,,,false,false,false,false,false,-83.02527,42.43395,"{
  ""coordinates"": [
    -8.302526478500000e+01,
    4.243394743400010e+01
  ],
  ""type"": ""Point""
}","{
  ""coordinates"": [
    -83.025264785,
    42.433947434
  ],
  ""type"": ""Point""
}",-83.025264785,42.4339474340001
2694,9429777,8MILE,GODDARD,2015-11-15,15,11,2015,14,1,8,3,,1,0,,1,1,1,45,6,2,1,5,0,0,0,0,true,,false,false,true,false,false,,,,,,false,true,false,,,false,false,false,false,false,-83.07748,42.44709,"{
  ""coordinates"": [
    -8.307748379100001e+01,
    4.244709542200010e+01
  ],
  ""type"": ""Point""
}","{
  ""coordinates"": [
    -83.077483791,
    42.447095422
  ],
  ""type"": ""Point""
}",-83.077483791,42.4470954220001
2695,9645052,JEFFERSON,ROSA PARKS/JEFFERSON TURNAROUN,2015-11-15,15,11,2015,17,1,1,9,,4,1,,1,1,1,25,3,1,1,3,0,0,1,0,false,,false,false,false,false,false,,,,,,false,false,false,,,false,false,true,false,false,-83.0661,42.32166,"{
  ""coordinates"": [
    -8.306609761500000e+01,
    4.232165494500000e+01
  ],
  ""type"": ""Point""
}","{
  ""coordinates"": [
    -83.066097615,
    42.321654945
  ],
  ""type"": ""Point""
}",-83.066097615,42.321654945
2696,9451128,JEFFERSON,GRIWOLD,2015-11-15,15,11,2015,0,1,8,3,,1,0,,1,1,4,35,5,2,3,5,0,0,0,0,true,,false,false,false,false,false,,,,,,false,false,false,,,false,false,false,false,false,-83.04533,42.32817,"{
  ""coordinates"": [
    -8.304532493400001e+01,
    4.232817644600000e+01
  ],
  ""type"": ""Point""
}","{
  ""coordinates"": [
    -83.045324934,
    42.328176446
  ],
  ""type"": ""Point""
}",-83.045324934,42.328176446
2697,9427539,HARPER,GREENSBORO,2015-11-15,15,11,2015,12,1,8,9,,4,0,,1,1,1,30,2,2,1,5,0,0,0,0,true,,false,false,true,false,false,,,,,,false,false,false,,,false,false,false,false,false,-82.95624,42.4071,"{
  ""coordinates"": [
    -8.295623556000000e+01,
    4.240709961000000e+01
  ],
  ""type"": ""Point""
}","{
  ""coordinates"": [
    -82.95623556,
    42.40709961
  ],
  ""type"": ""Point""
}",-82.95623556,42.40709961
2698,9427524,JOY,PARKWAY,2015-11-15,15,11,2015,21,1,4,9,,2,0,,1,1,4,35,5,2,5,4,0,0,0,1,false,,false,false,false,false,false,,,,,,false,false,false,,,false,false,false,false,false,-83.26524,42.35706,"{
  ""coordinates"": [
    -8.326523781400000e+01,
    4.235706274800000e+01
  ],
  ""type"": ""Point""
}","{
  ""coordinates"": [
    -83.265237814,
    42.357062748
  ],
  ""type"": ""Point""
}",-83.265237814,42.357062748
2699,9615428,VASSAR,FREELAND,2015-11-15,15,11,2015,11,1,4,9,,4,0,,1,1,1,25,2,2,2,4,0,0,0,1,false,,false,false,false,false,false,,,,,,false,false,true,,,false,false,false,false,false,-83.18654,42.43433,"{
  ""coordinates"": [
    -8.318653766300000e+01,
    4.243433397600010e+01
  ],
  ""type"": ""Point""
}","{
  ""coordinates"": [
    -83.186537663,
    42.434333976
  ],
  ""type"": ""Point""
}",-83.186537663,42.4343339760001
2700,9427581,SAN JUAN,NORFOLK,2015-11-15,15,11,2015,15,1,4,9,,,0,,1,1,1,25,1,2,2,5,0,0,0,0,true,,false,false,false,false,false,,,,,,false,false,true,,,false,false,false,false,false,-83.14761,42.44356,"{
  ""coordinates"": [
    -8.314760896000000e+01,
    4.244356281400010e+01
  ],
  ""type"": ""Point""
}","{
  ""coordinates"": [
    -83.14760896,
    42.443562814
  ],
  ""type"": ""Point""
}",-83.14760896,42.4435628140001
2701,9432321,FRENCH,GRINNELL,2015-11-15,15,11,2015,1,1,97,9,,,0,,1,1,4,25,2,2,0,5,0,0,0,0,true,,false,false,true,false,false,,,,,,false,false,false,,,true,false,false,false,false,-83.00375,42.40362,"{
  ""coordinates"": [
    -8.300375279900000e+01,
    4.240361909400010e+01
  ],
  ""type"": ""Point""
}","{
  ""coordinates"": [
    -83.003752799,
    42.403619094
  ],
  ""type"": ""Point""
}",-83.003752799,42.4036190940001
2702,9427480,WOODWARD,TAYLOR,2015-11-15,15,11,2015,0,1,1,3,,1,1,,1,1,4,30,2,1,1,5,0,0,0,0,true,,false,false,false,true,false,,,,,,false,false,false,,,false,false,false,false,false,-83.08125,42.3821,"{
  ""coordinates"": [
    -8.308125041499990e+01,
    4.238210043100000e+01
  ],
  ""type"": ""Point""
}","{
  ""coordinates"": [
    -83.081250415,
    42.382100431
  ],
  ""type"": ""Point""
}",-83.0812504149999,42.382100431
2703,9427550,EATON,ASHTON,2015-11-15,15,11,2015,3,1,4,9,,,0,,1,1,4,30,2,2,2,5,0,0,0,0,true,,false,false,true,false,false,,,,,,false,false,false,,,false,false,false,false,false,-83.21878,42.39619,"{
  ""coordinates"": [
    -8.321877931200000e+01,
    4.239619018000010e+01
  ],
  ""type"": ""Point""
}","{
  ""coordinates"": [
    -83.218779312,
    42.39619018
  ],
  ""type"": ""Point""
}",-83.218779312,42.3961901800001
2704,9429800,GRANDRIVER,JOY,2015-11-15,15,11,2015,19,1,1,3,,1,0,,1,2,1,35,5,1,3,4,0,0,0,1,false,,false,false,false,false,false,,,,,,false,false,false,,,false,false,true,false,false,-83.13064,42.36537,"{
  ""coordinates"": [
    -8.313063775900000e+01,
    4.236537104400000e+01
  ],
  ""type"": ""Point""
}","{
  ""coordinates"": [
    -83.130637759,
    42.365371044
  ],
  ""type"": ""Point""
}",-83.130637759,42.365371044
2705,9429547,RAMP 139C,E M 8,2015-11-15,15,11,2015,12,1,1,1,,1,1,,1,1,1,30,3,1,1,5,0,0,0,0,true,,false,false,false,false,false,,,,,,false,false,false,,,false,false,false,false,false,-83.14697,42.38529,"{
  ""coordinates"": [
    -8.314697108000000e+01,
    4.238528721800000e+01
  ],
  ""type"": ""Point""
}","{
  ""coordinates"": [
    -83.14697108,
    42.385287218
  ],
  ""type"": ""Point""
}",-83.14697108,42.385287218
2706,9455603,PITT,CARSON,2015-11-15,15,11,2015,14,1,2,9,,,2,,1,1,1,25,1,2,0,5,0,0,0,0,true,,false,false,true,false,false,,,,,,false,false,false,,,false,false,false,false,false,-83.12887,42.3132,"{
  ""coordinates"": [
    -8.312886815600000e+01,
    4.231319694600010e+01
  ],
  ""type"": ""Point""
}","{
  ""coordinates"": [
    -83.128868156,
    42.313196946
  ],
  ""type"": ""Point""
}",-83.128868156,42.3131969460001
2707,9427471,SCHAEFER,VASSAR,2015-11-15,15,11,2015,13,1,4,9,,4,0,,1,1,1,30,4,2,3,3,0,0,2,0,false,,true,true,true,false,false,,,,,,false,false,false,,,false,false,true,false,false,-83.18061,42.43453,"{
  ""coordinates"": [
    -8.318061044099990e+01,
    4.243452959400000e+01
  ],
  ""type"": ""Point""
}","{
  ""coordinates"": [
    -83.180610441,
    42.434529594
  ],
  ""type"": ""Point""
}",-83.1806104409999,42.434529594
2708,9429763,N M 10,FOREST,2015-11-15,15,11,2015,16,1,4,3,,1,0,,1,1,1,30,3,2,2,5,0,0,0,0,true,,false,false,false,false,false,,,,,,false,false,true,,,false,false,false,false,false,-83.07207,42.35161,"{
  ""coordinates"": [
    -8.307207078499989e+01,
    4.235160703200010e+01
  ],
  ""type"": ""Point""
}","{
  ""coordinates"": [
    -83.072070785,
    42.351607032
  ],
  ""type"": ""Point""
}",-83.0720707849999,42.3516070320001
2709,9432175,M39,7 MILE,2015-11-15,15,11,2015,0,1,1,3,,1,1,,1,1,4,55,3,1,1,5,0,0,0,0,true,,false,false,true,true,false,,,,,,false,false,false,,,false,false,false,false,false,-83.21916,42.42865,"{
  ""coordinates"": [
    -8.321916114100000e+01,
    4.242864737600010e+01
  ],
  ""type"": ""Point""
}","{
  ""coordinates"": [
    -83.219161141,
    42.428647376
  ],
  ""type"": ""Point""
}",-83.219161141,42.4286473760001
2710,9427155,S M 39,SCHOOLCRAFT,2015-11-15,15,11,2015,3,1,1,3,,1,1,,1,1,4,55,3,1,1,4,0,0,0,1,false,,false,false,false,false,false,,,,,,false,false,false,,,false,false,false,false,false,-83.21768,42.38568,"{
  ""coordinates"": [
    -8.321768430799990e+01,
    4.238567696300000e+01
  ],
  ""type"": ""Point""
}","{
  ""coordinates"": [
    -83.217684308,
    42.385676963
  ],
  ""type"": ""Point""
}",-83.2176843079999,42.385676963
2711,9432394,GROVE,STOEPEL,2015-11-15,15,11,2015,19,1,1,9,,,0,,1,1,5,25,2,3,0,4,0,0,0,2,false,,false,false,true,false,false,,,,,,true,false,false,,,false,false,false,false,false,-83.14178,42.41468,"{
  ""coordinates"": [
    -8.314178373999989e+01,
    4.241468024800000e+01
  ],
  ""type"": ""Point""
}","{
  ""coordinates"": [
    -83.14178374,
    42.414680248
  ],
  ""type"": ""Point""
}",-83.1417837399999,42.414680248
2712,9427557,OAKLAND,MCNICHOLS,2015-11-15,15,11,2015,2,1,1,9,,4,0,,1,1,4,35,8,1,2,5,0,0,0,0,true,,false,false,false,false,false,,,,,,false,false,false,,,false,false,false,false,false,-83.09428,42.41812,"{
  ""coordinates"": [
    -8.309428741300000e+01,
    4.241811864000000e+01
  ],
  ""type"": ""Point""
}","{
  ""coordinates"": [
    -83.094287413,
    42.41811864
  ],
  ""type"": ""Point""
}",-83.094287413,42.41811864
2713,9425568,I-75 SERVICE,MADERIA,2015-11-14,14,11,2015,10,7,1,9,,4,1,,1,1,1,30,2,1,1,5,0,0,0,0,true,,false,false,false,false,false,,,,,,false,false,true,,,false,false,false,false,false,-83.09039,42.42183,"{
  ""coordinates"": [
    -8.309039253500001e+01,
    4.242182995000010e+01
  ],
  ""type"": ""Point""
}","{
  ""coordinates"": [
    -83.090392535,
    42.42182995
  ],
  ""type"": ""Point""
}",-83.090392535,42.4218299500001
2714,9427492,7 MILE,ANGLIN,2015-11-14,14,11,2015,18,7,1,9,,4,0,,1,1,4,30,4,2,0,5,0,0,0,0,true,,false,false,true,false,false,,,,,,true,false,false,,,false,false,false,false,false,-83.07539,42.43291,"{
  ""coordinates"": [
    -8.307538449799991e+01,
    4.243291573400010e+01
  ],
  ""type"": ""Point""
}","{
  ""coordinates"": [
    -83.075384498,
    42.432915734
  ],
  ""type"": ""Point""
}",-83.0753844979999,42.4329157340001
2715,9449817,WARREN,WOODWARD,2015-11-14,14,11,2015,15,7,8,9,,4,0,,1,1,1,30,4,2,4,5,0,0,0,0,true,,false,false,false,false,false,,,,,,false,false,false,,,false,false,false,false,false,-83.0636,42.35699,"{
  ""coordinates"": [
    -8.306359530299990e+01,
    4.235699423700000e+01
  ],
  ""type"": ""Point""
}","{
  ""coordinates"": [
    -83.063595303,
    42.356994237
  ],
  ""type"": ""Point""
}",-83.0635953029999,42.356994237
2716,9455600,CENTRAL,SARENA,2015-11-14,14,11,2015,20,7,4,9,,4,0,,1,1,4,25,2,2,1,5,0,0,0,0,true,,true,false,true,false,false,,,,,,false,false,false,,,false,false,false,false,false,-83.14551,42.34244,"{
  ""coordinates"": [
    -8.314550741700000e+01,
    4.234243791700000e+01
  ],
  ""type"": ""Point""
}","{
  ""coordinates"": [
    -83.145507417,
    42.342437917
  ],
  ""type"": ""Point""
}",-83.145507417,42.342437917
2717,9427489,JOHN C,GRANDRIVER,2015-11-14,14,11,2015,2,7,5,3,,1,0,,1,1,4,25,3,2,6,5,0,0,0,0,true,,false,false,false,false,false,,,,,,false,false,false,,,false,false,false,false,false,-83.06748,42.34168,"{
  ""coordinates"": [
    -8.306748462199990e+01,
    4.234168325900000e+01
  ],
  ""type"": ""Point""
}","{
  ""coordinates"": [
    -83.067484622,
    42.341683259
  ],
  ""type"": ""Point""
}",-83.0674846219999,42.341683259
2718,9427485,MACK,MCCLELLAN,2015-11-14,14,11,2015,16,7,5,9,,4,0,,1,2,1,30,7,3,5,4,0,0,0,3,false,,false,false,false,false,false,,,,,,false,false,false,,,false,false,false,false,false,-82.99416,42.37202,"{
  ""coordinates"": [
    -8.299416022799990e+01,
    4.237202125500000e+01
  ],
  ""type"": ""Point""
}","{
  ""coordinates"": [
    -82.994160228,
    42.372021255
  ],
  ""type"": ""Point""
}",-82.9941602279999,42.372021255
2719,9434272,ANTHONY WAYNE,WARREN,2015-11-14,14,11,2015,12,7,4,9,,4,0,,1,1,1,25,4,2,3,5,0,0,0,0,true,,false,false,false,false,false,,,,,,false,true,true,,,false,false,false,false,false,-83.07107,42.3545,"{
  ""coordinates"": [
    -8.307106833700000e+01,
    4.235449504200010e+01
  ],
  ""type"": ""Point""
}","{
  ""coordinates"": [
    -83.071068337,
    42.354495042
  ],
  ""type"": ""Point""
}",-83.071068337,42.3544950420001
2720,9455662,ST JEAN,SHOEMAKER,2015-11-14,14,11,2015,4,7,5,9,,4,0,,1,1,4,30,3,2,1,5,0,0,0,0,true,,false,false,true,false,false,,,,,,false,false,false,,,false,false,false,false,false,-82.98579,42.39024,"{
  ""coordinates"": [
    -8.298578403300000e+01,
    4.239024202400000e+01
  ],
  ""type"": ""Point""
}","{
  ""coordinates"": [
    -82.985784033,
    42.390242024
  ],
  ""type"": ""Point""
}",-82.985784033,42.390242024
2721,9425566,RAMP 223A,RAMP 223B,2015-11-14,14,11,2015,17,7,5,1,,1,0,,1,1,4,25,1,2,4,4,0,0,0,2,false,,false,false,false,false,false,,,,,,false,false,false,,,false,false,false,false,false,-82.93695,42.41687,"{
  ""coordinates"": [
    -8.293695175600000e+01,
    4.241687059400000e+01
  ],
  ""type"": ""Point""
}","{
  ""coordinates"": [
    -82.936951756,
    42.416870594
  ],
  ""type"": ""Point""
}",-82.936951756,42.416870594
2722,9434228,MCNICHOLS,OUTER,2015-11-14,14,11,2015,17,7,97,9,,2,0,,1,1,1,25,2,2,2,5,0,0,0,0,true,,false,false,false,false,false,,,,,,false,false,false,,,false,false,false,false,false,-83.23147,42.4153,"{
  ""coordinates"": [
    -8.323146995699990e+01,
    4.241529786800000e+01
  ],
  ""type"": ""Point""
}","{
  ""coordinates"": [
    -83.231469957,
    42.415297868
  ],
  ""type"": ""Point""
}",-83.2314699569999,42.415297868
2723,9435577,RYAN,NEVADA,2015-11-14,14,11,2015,5,7,4,9,,4,0,,1,1,4,45,4,2,4,3,0,0,1,1,false,,false,false,false,true,false,,,,,,false,false,true,,,false,false,true,false,false,-83.0627,42.4259,"{
  ""coordinates"": [
    -8.306269770499991e+01,
    4.242590004500000e+01
  ],
  ""type"": ""Point""
}","{
  ""coordinates"": [
    -83.062697705,
    42.425900045
  ],
  ""type"": ""Point""
}",-83.0626977049999,42.425900045
2724,9465559,GLENDALE,CHAPEL,2015-11-14,14,11,2015,18,7,4,9,,,0,,1,1,3,25,2,2,2,3,0,0,1,0,false,,false,false,true,false,false,,,,,,false,false,true,,,false,false,false,false,false,-83.25216,42.3813,"{
  ""coordinates"": [
    -8.325215828899999e+01,
    4.238130253300010e+01
  ],
  ""type"": ""Point""
}","{
  ""coordinates"": [
    -83.252158289,
    42.381302533
  ],
  ""type"": ""Point""
}",-83.252158289,42.3813025330001
2725,9432185,I-94,CONNER,2015-11-14,14,11,2015,23,7,5,1,,1,0,,1,1,4,55,3,2,4,5,0,0,0,0,true,,false,false,false,false,false,,,,,,false,false,true,,,false,false,false,false,false,-82.98802,42.39644,"{
  ""coordinates"": [
    -8.298801838400000e+01,
    4.239644291000010e+01
  ],
  ""type"": ""Point""
}","{
  ""coordinates"": [
    -82.988018384,
    42.39644291
  ],
  ""type"": ""Point""
}",-82.988018384,42.3964429100001
2726,9425580,HOLBORN,SAGINAW,2015-11-14,14,11,2015,8,7,97,9,,,0,,1,1,1,5,2,2,1,5,0,0,0,0,true,,false,false,false,false,false,,,,,,false,false,false,,,false,false,false,false,false,-83.03473,42.37786,"{
  ""coordinates"": [
    -8.303473137600000e+01,
    4.237786387700000e+01
  ],
  ""type"": ""Point""
}","{
  ""coordinates"": [
    -83.034731376,
    42.377863877
  ],
  ""type"": ""Point""
}",-83.034731376,42.377863877
2727,9427551,WYOMING,LYNDON,2015-11-14,14,11,2015,0,7,4,9,,4,0,,1,1,4,35,2,2,6,5,0,0,0,0,true,,true,true,false,false,true,,,,,,false,false,true,,,false,false,false,false,false,-83.15934,42.39516,"{
  ""coordinates"": [
    -8.315934049899990e+01,
    4.239516538200010e+01
  ],
  ""type"": ""Point""
}","{
  ""coordinates"": [
    -83.159340499,
    42.395165382
  ],
  ""type"": ""Point""
}",-83.1593404989999,42.3951653820001
2728,9434178,GRATIOT,FAIRCREST,2015-11-14,14,11,2015,22,7,1,3,,1,1,,1,1,4,35,7,1,1,4,0,0,0,1,false,,false,false,false,false,false,,,,,,false,false,false,,,false,false,false,false,false,-82.97965,42.43209,"{
  ""coordinates"": [
    -8.297965184600000e+01,
    4.243209540600000e+01
  ],
  ""type"": ""Point""
}","{
  ""coordinates"": [
    -82.979651846,
    42.432095406
  ],
  ""type"": ""Point""
}",-82.979651846,42.432095406
2729,9427577,MCNICHOLS,PREST,2015-11-14,14,11,2015,19,7,8,9,,2,0,,1,1,2,35,2,2,1,5,0,0,0,0,true,,false,false,true,true,false,,,,,,false,true,false,,,false,false,false,false,false,-83.19839,42.41601,"{
  ""coordinates"": [
    -8.319838904600000e+01,
    4.241600967200000e+01
  ],
  ""type"": ""Point""
}","{
  ""coordinates"": [
    -83.198389046,
    42.416009672
  ],
  ""type"": ""Point""
}",-83.198389046,42.416009672
2730,9432329,BARRETT,CAMDEN,2015-11-14,14,11,2015,9,7,4,9,,,0,,1,1,1,25,2,2,2,4,0,0,0,1,false,,false,false,false,false,false,,,,,,false,false,true,,,false,false,false,false,false,-82.98543,42.40044,"{
  ""coordinates"": [
    -8.298542455700000e+01,
    4.240043754500000e+01
  ],
  ""type"": ""Point""
}","{
  ""coordinates"": [
    -82.985424557,
    42.400437545
  ],
  ""type"": ""Point""
}",-82.985424557,42.400437545
2731,9431010,RAMP 102D,M-10,2015-11-14,14,11,2015,23,7,1,3,,1,1,,1,1,4,55,1,1,1,5,0,0,0,0,true,,false,false,false,true,false,,,,,,false,false,false,,,false,false,false,false,false,-83.20258,42.44427,"{
  ""coordinates"": [
    -8.320257329400000e+01,
    4.244427166900000e+01
  ],
  ""type"": ""Point""
}","{
  ""coordinates"": [
    -83.202573294,
    42.444271669
  ],
  ""type"": ""Point""
}",-83.202573294,42.444271669
2732,9432385,NOTTINGHAM,BERKSHIRE,2015-11-14,14,11,2015,0,7,4,9,,,0,,1,1,4,25,4,2,2,5,0,0,0,0,true,,false,false,true,false,false,,,,,,false,false,true,,,false,false,false,false,false,-82.95448,42.41051,"{
  ""coordinates"": [
    -8.295448290600000e+01,
    4.241051123300010e+01
  ],
  ""type"": ""Point""
}","{
  ""coordinates"": [
    -82.954482906,
    42.410511233
  ],
  ""type"": ""Point""
}",-82.954482906,42.4105112330001
2733,9432387,ANVIL,MANNING,2015-11-14,14,11,2015,13,7,4,9,,,0,,1,1,1,25,2,2,2,5,0,0,0,0,true,,false,false,false,false,false,,,,,,false,true,true,,,false,false,false,false,false,-82.97797,42.44079,"{
  ""coordinates"": [
    -8.297797129400000e+01,
    4.244078872200000e+01
  ],
  ""type"": ""Point""
}","{
  ""coordinates"": [
    -82.977971294,
    42.440788722
  ],
  ""type"": ""Point""
}",-82.977971294,42.440788722
2734,9427487,NEVADA,PACKARD,2015-11-14,14,11,2015,21,7,5,9,,4,0,,1,1,4,30,2,2,3,5,0,0,0,0,true,,false,false,false,false,false,,,,,,false,false,false,,,false,false,false,false,false,-83.02583,42.42669,"{
  ""coordinates"": [
    -8.302583201899991e+01,
    4.242669361000000e+01
  ],
  ""type"": ""Point""
}","{
  ""coordinates"": [
    -83.025832019,
    42.42669361
  ],
  ""type"": ""Point""
}",-83.0258320189999,42.42669361
2735,9425579,MCNICHOLS,HAWTHORNE,2015-11-14,14,11,2015,0,7,1,9,,2,0,,1,1,4,35,3,2,2,3,0,0,1,0,false,,false,false,false,false,false,,,,,,false,false,false,,,false,false,false,true,false,-83.09225,42.41812,"{
  ""coordinates"": [
    -8.309225220400000e+01,
    4.241812239700000e+01
  ],
  ""type"": ""Point""
}","{
  ""coordinates"": [
    -83.092252204,
    42.418122397
  ],
  ""type"": ""Point""
}",-83.092252204,42.418122397
2736,9427564,8 MILE,NORTHLAND,2015-11-14,14,11,2015,15,7,8,3,,1,0,,1,1,1,35,4,2,6,5,0,0,0,0,true,,false,false,true,false,false,,,,,,false,false,false,,,false,false,false,false,false,-83.21099,42.44439,"{
  ""coordinates"": [
    -8.321098964799999e+01,
    4.244439209500010e+01
  ],
  ""type"": ""Point""
}","{
  ""coordinates"": [
    -83.210989648,
    42.444392095
  ],
  ""type"": ""Point""
}",-83.210989648,42.4443920950001
2737,9428612,WOODWARD,7 MILE,2015-11-14,14,11,2015,19,7,8,3,,1,0,,1,1,4,40,3,2,3,4,0,0,0,3,false,,false,false,true,false,false,,,,,,false,false,false,,,false,false,false,false,false,-83.11558,42.43236,"{
  ""coordinates"": [
    -8.311557836299990e+01,
    4.243236160100000e+01
  ],
  ""type"": ""Point""
}","{
  ""coordinates"": [
    -83.115578363,
    42.432361601
  ],
  ""type"": ""Point""
}",-83.1155783629999,42.432361601