ObjectId,Crash ID,Primary Road,Intersecting Road,Crash Date,Day,Month,Year,Hour,Weekday,Crash Type Code,Highway Classification Code,Community Code,Jurisdiction Code,Lane Departure Type Code,Surface Type,Road Condition,Weather Condition,Lighting Condition,Speed Limit,Lanes,Units,Occupants,Most Severe Injury,Fatal Injuries,Suspected Serious Injuries,Suspected Minor Injuries,Possible Injuries,Property Damage Only,Secondary Crash,Traffic Control,Red Light Run,Hit and Run,Alcohol,Drugs,Unbelted Person,Work Zone,Speeding Driver,Distracted Driver,Driveway,Pedestrian,Elderly Driver,Young Driver,Commercial Vehicle,Emergency Vehicles,Train,School Bus,Motorcycle,Bicycle,Deer,Longitude,Latitude,geom,geog,x,y
2909,9427517,SAINT JEAN,MACK,2015-11-12,12,11,2015,16,5,5,9,,4,0,,2,4,3,30,4,2,2,4,0,0,0,1,false,,false,false,true,false,false,,,,,,false,false,false,,,false,false,false,false,false,-82.97775,42.37791,"{
  ""coordinates"": [
    -8.297775594699991e+01,
    4.237790533600000e+01
  ],
  ""type"": ""Point""
}","{
  ""coordinates"": [
    -82.977755947,
    42.377905336
  ],
  ""type"": ""Point""
}",-82.9777559469999,42.377905336
2910,9438426,RAMP 012A,N M 39,2015-11-12,12,11,2015,8,5,5,3,,1,0,,1,2,1,55,1,2,2,4,0,0,0,1,false,,false,false,false,false,false,,,,,,false,false,true,,,false,false,false,false,false,-83.21963,42.43945,"{
  ""coordinates"": [
    -8.321962682799990e+01,
    4.243945305500010e+01
  ],
  ""type"": ""Point""
}","{
  ""coordinates"": [
    -83.219626828,
    42.439453055
  ],
  ""type"": ""Point""
}",-83.2196268279999,42.4394530550001
2911,9425565,DIX,SANDERS,2015-11-12,12,11,2015,9,5,4,9,,2,0,,1,2,1,35,1,2,2,5,0,0,0,0,true,,false,false,true,false,false,,,,,,false,false,false,,,false,false,false,false,false,-83.15612,42.29092,"{
  ""coordinates"": [
    -8.315611688500000e+01,
    4.229092219900010e+01
  ],
  ""type"": ""Point""
}","{
  ""coordinates"": [
    -83.156116885,
    42.290922199
  ],
  ""type"": ""Point""
}",-83.156116885,42.2909221990001
2912,9427091,S/B I 75,DRAGOON,2015-11-12,12,11,2015,19,5,8,1,,1,0,,2,4,4,55,4,2,3,5,0,0,0,0,true,,false,false,false,false,false,,,,,,false,false,true,,,false,false,false,false,false,-83.10255,42.30872,"{
  ""coordinates"": [
    -8.310255699000000e+01,
    4.230872362500000e+01
  ],
  ""type"": ""Point""
}","{
  ""coordinates"": [
    -83.10255699,
    42.308723625
  ],
  ""type"": ""Point""
}",-83.10255699,42.308723625
2913,9437190,MARTIN LUTHER KING JR,E I 96 SERVICE DRIVE,2015-11-12,12,11,2015,18,5,4,9,,4,0,,2,4,4,25,3,2,2,5,0,0,0,0,true,,false,false,false,false,false,,,,,,false,false,true,,,false,false,false,false,false,-83.09109,42.33596,"{
  ""coordinates"": [
    -8.309108366600000e+01,
    4.233595804700010e+01
  ],
  ""type"": ""Point""
}","{
  ""coordinates"": [
    -83.091083666,
    42.335958047
  ],
  ""type"": ""Point""
}",-83.091083666,42.3359580470001
2914,9427554,CARPENTER,CONANT,2015-11-12,12,11,2015,17,5,97,9,,,0,,2,4,3,30,2,2,2,5,0,0,0,0,true,,false,false,true,false,false,,,,,,false,false,false,,,false,false,false,true,false,-83.05684,42.40878,"{
  ""coordinates"": [
    -8.305683843000000e+01,
    4.240877675700010e+01
  ],
  ""type"": ""Point""
}","{
  ""coordinates"": [
    -83.05683843,
    42.408776757
  ],
  ""type"": ""Point""
}",-83.05683843,42.4087767570001
2915,9436936,S I 75,CLARK,2015-11-12,12,11,2015,16,5,5,1,,1,0,,2,4,4,70,4,2,2,5,0,0,0,0,true,,false,false,true,false,false,,,,,,false,false,false,,,false,false,false,false,false,-83.08944,42.3143,"{
  ""coordinates"": [
    -8.308943975299999e+01,
    4.231430473800000e+01
  ],
  ""type"": ""Point""
}","{
  ""coordinates"": [
    -83.089439753,
    42.314304738
  ],
  ""type"": ""Point""
}",-83.089439753,42.314304738
2916,9427536,MOROSS,E I 94,2015-11-12,12,11,2015,10,5,8,9,,2,0,,1,2,1,30,3,2,1,5,0,0,0,0,true,,false,false,true,false,false,,,,,,false,false,false,,,false,false,false,false,false,-82.92847,42.42467,"{
  ""coordinates"": [
    -8.292846722900001e+01,
    4.242466982500010e+01
  ],
  ""type"": ""Point""
}","{
  ""coordinates"": [
    -82.928467229,
    42.424669825
  ],
  ""type"": ""Point""
}",-82.928467229,42.4246698250001
2917,9428478,SB M-39,PAUL,2015-11-12,12,11,2015,17,5,5,3,,1,0,,1,4,4,55,3,3,2,5,0,0,0,0,true,,false,false,true,false,false,,,,,,false,false,false,,,false,false,false,false,false,-83.21603,42.33757,"{
  ""coordinates"": [
    -8.321603679899989e+01,
    4.233757167900010e+01
  ],
  ""type"": ""Point""
}","{
  ""coordinates"": [
    -83.216036799,
    42.337571679
  ],
  ""type"": ""Point""
}",-83.2160367989999,42.3375716790001
2918,9427129,I 75,7 MILE,2015-11-12,12,11,2015,7,5,5,1,,1,0,,1,2,1,70,4,2,2,5,0,0,0,0,true,,false,false,false,false,false,,,,,,false,false,false,,,false,false,false,false,false,-83.09491,42.43242,"{
  ""coordinates"": [
    -8.309490931300000e+01,
    4.243241444400010e+01
  ],
  ""type"": ""Point""
}","{
  ""coordinates"": [
    -83.094909313,
    42.432414444
  ],
  ""type"": ""Point""
}",-83.094909313,42.4324144440001
2919,9427132,I 96,MICHIGAN,2015-11-11,11,11,2015,20,4,8,1,,1,0,,1,1,4,55,2,2,2,5,0,0,0,0,true,,false,false,false,false,false,,,,,,false,true,false,,,false,false,false,false,false,-83.08716,42.33091,"{
  ""coordinates"": [
    -8.308716067400000e+01,
    4.233090535800010e+01
  ],
  ""type"": ""Point""
}","{
  ""coordinates"": [
    -83.087160674,
    42.330905358
  ],
  ""type"": ""Point""
}",-83.087160674,42.3309053580001
2920,9441190,GRAND RIVER,STANLEY,2015-11-11,11,11,2015,12,4,8,3,,1,0,,1,1,1,35,7,2,1,5,0,0,0,0,true,,false,false,true,false,false,,,,,,false,false,false,,,false,false,false,false,false,-83.09954,42.35282,"{
  ""coordinates"": [
    -8.309954341600000e+01,
    4.235281649800000e+01
  ],
  ""type"": ""Point""
}","{
  ""coordinates"": [
    -83.099543416,
    42.352816498
  ],
  ""type"": ""Point""
}",-83.099543416,42.352816498
2921,9423228,SOUTHFIELD SERVICE DRIVE,FENKELL,2015-11-11,11,11,2015,15,4,5,3,,4,0,,1,1,1,30,5,2,2,5,0,0,0,0,true,,false,false,false,false,false,,,,,,false,false,false,,,false,false,false,false,false,-83.21858,42.40111,"{
  ""coordinates"": [
    -8.321858463800000e+01,
    4.240111225000000e+01
  ],
  ""type"": ""Point""
}","{
  ""coordinates"": [
    -83.218584638,
    42.40111225
  ],
  ""type"": ""Point""
}",-83.218584638,42.40111225
2922,9449177,W I 94,CENTRAL,2015-11-11,11,11,2015,15,4,5,1,,1,0,,1,1,1,55,3,4,4,5,0,0,0,0,true,,false,false,false,false,false,,,,,,false,false,true,,,false,false,false,false,false,-83.13864,42.33243,"{
  ""coordinates"": [
    -8.313864218700000e+01,
    4.233243198700010e+01
  ],
  ""type"": ""Point""
}","{
  ""coordinates"": [
    -83.138642187,
    42.332431987
  ],
  ""type"": ""Point""
}",-83.138642187,42.3324319870001
2923,9432360,LONYO,N LONYO/E I 94,2015-11-11,11,11,2015,7,4,97,1,,4,0,,1,1,1,25,4,2,2,5,0,0,0,0,true,,false,false,false,false,false,,,,,,false,false,false,,,false,false,false,false,false,-83.14462,42.3307,"{
  ""coordinates"": [
    -8.314462520599990e+01,
    4.233070336400000e+01
  ],
  ""type"": ""Point""
}","{
  ""coordinates"": [
    -83.144625206,
    42.330703364
  ],
  ""type"": ""Point""
}",-83.1446252059999,42.330703364
2924,9445968,ALTER,CHARLEVOIX,2015-11-11,11,11,2015,16,4,5,9,,4,0,,1,1,1,35,2,2,2,3,0,0,2,0,false,,false,false,false,false,false,,,,,,false,false,false,,,false,false,false,false,false,-82.94591,42.38453,"{
  ""coordinates"": [
    -8.294590725899999e+01,
    4.238452844000010e+01
  ],
  ""type"": ""Point""
}","{
  ""coordinates"": [
    -82.945907259,
    42.38452844
  ],
  ""type"": ""Point""
}",-82.945907259,42.3845284400001
2925,9455615,GRAND RIVER,BEAVERLAND,2015-11-11,11,11,2015,13,4,97,3,,1,0,,1,1,1,35,2,2,2,5,0,0,0,0,true,,false,false,true,false,false,,,,,,false,false,false,,,false,false,false,false,false,-83.26517,42.41951,"{
  ""coordinates"": [
    -8.326517127800000e+01,
    4.241951234000000e+01
  ],
  ""type"": ""Point""
}","{
  ""coordinates"": [
    -83.265171278,
    42.41951234
  ],
  ""type"": ""Point""
}",-83.265171278,42.41951234
2926,9433981,I 75,DEARBORN,2015-11-11,11,11,2015,17,4,5,1,,1,0,,1,1,3,70,4,3,4,4,0,0,0,1,false,,false,false,false,false,false,,,,,,false,false,true,,,false,false,false,false,false,-83.12872,42.29203,"{
  ""coordinates"": [
    -8.312871831500000e+01,
    4.229203174400000e+01
  ],
  ""type"": ""Point""
}","{
  ""coordinates"": [
    -83.128718315,
    42.292031744
  ],
  ""type"": ""Point""
}",-83.128718315,42.292031744
2927,9425362,I-75,ROSA PARKS,2015-11-11,11,11,2015,10,4,8,1,,1,0,,1,1,1,70,3,2,2,5,0,0,0,0,true,,false,false,false,false,false,,,,,,false,false,true,,,false,false,false,false,false,-83.07301,42.33347,"{
  ""coordinates"": [
    -8.307301285100000e+01,
    4.233347102800010e+01
  ],
  ""type"": ""Point""
}","{
  ""coordinates"": [
    -83.073012851,
    42.333471028
  ],
  ""type"": ""Point""
}",-83.073012851,42.3334710280001
2928,9440988,WARREN,CENTRAL,2015-11-11,11,11,2015,16,4,3,9,,2,0,,1,1,3,40,5,2,2,5,0,0,0,0,true,,false,false,false,false,false,,,,,,false,true,false,,,false,false,false,false,false,-83.14591,42.34475,"{
  ""coordinates"": [
    -8.314591288799990e+01,
    4.234474390400000e+01
  ],
  ""type"": ""Point""
}","{
  ""coordinates"": [
    -83.145912888,
    42.344743904
  ],
  ""type"": ""Point""
}",-83.1459128879999,42.344743904
2929,9443920,JOHN C LODGE,FOREST,2015-11-11,11,11,2015,4,4,5,3,,1,0,,1,1,4,55,3,2,1,5,0,0,0,0,true,,false,false,true,false,false,,,,,,false,false,false,,,false,false,false,false,false,-83.07386,42.35463,"{
  ""coordinates"": [
    -8.307386100799989e+01,
    4.235463442900000e+01
  ],
  ""type"": ""Point""
}","{
  ""coordinates"": [
    -83.073861008,
    42.354634429
  ],
  ""type"": ""Point""
}",-83.0738610079999,42.354634429
2930,9427136,RAMP 214E,I-94,2015-11-11,11,11,2015,11,4,5,1,,1,0,,1,1,1,55,1,3,3,4,0,0,0,1,false,,false,false,false,false,false,,,,,,false,false,true,,,false,false,false,false,false,-83.08305,42.35536,"{
  ""coordinates"": [
    -8.308304481000000e+01,
    4.235536013300000e+01
  ],
  ""type"": ""Point""
}","{
  ""coordinates"": [
    -83.08304481,
    42.355360133
  ],
  ""type"": ""Point""
}",-83.08304481,42.355360133
2931,9427456,WARREN,N I 75 SERVICE DRIVE,2015-11-11,11,11,2015,16,4,8,9,,4,0,,1,1,1,30,8,2,4,5,0,0,0,0,true,,false,false,false,false,false,,,,,,false,false,true,,,false,false,false,false,false,-83.05325,42.36118,"{
  ""coordinates"": [
    -8.305324968900000e+01,
    4.236118262800010e+01
  ],
  ""type"": ""Point""
}","{
  ""coordinates"": [
    -83.053249689,
    42.361182628
  ],
  ""type"": ""Point""
}",-83.053249689,42.3611826280001
2932,9429788,MACK,GRATIOT,2015-11-11,11,11,2015,18,4,4,3,,4,0,,1,1,4,35,2,2,2,5,0,0,0,0,true,,false,false,true,false,false,,,,,,false,false,false,,,false,false,false,false,false,-83.02791,42.35897,"{
  ""coordinates"": [
    -8.302791033299999e+01,
    4.235897614100000e+01
  ],
  ""type"": ""Point""
}","{
  ""coordinates"": [
    -83.027910333,
    42.358976141
  ],
  ""type"": ""Point""
}",-83.027910333,42.358976141
2933,9423227,STURTEVANT,HOLMUR,2015-11-11,11,11,2015,14,4,97,9,,,0,,1,1,1,25,1,2,5,5,0,0,0,0,true,,false,false,false,false,false,,,,,,false,false,false,,,false,false,false,false,false,-83.13009,42.38324,"{
  ""coordinates"": [
    -8.313009174000000e+01,
    4.238324337800000e+01
  ],
  ""type"": ""Point""
}","{
  ""coordinates"": [
    -83.13009174,
    42.383243378
  ],
  ""type"": ""Point""
}",-83.13009174,42.383243378
2934,9427553,MOUNT ELLIOTT,8 MILE,2015-11-11,11,11,2015,16,4,5,9,,4,0,,1,1,3,30,2,2,2,5,0,0,0,0,true,,false,false,false,false,false,,,,,,false,false,false,,,false,false,false,false,false,-83.03938,42.44678,"{
  ""coordinates"": [
    -8.303938422399990e+01,
    4.244677572400010e+01
  ],
  ""type"": ""Point""
}","{
  ""coordinates"": [
    -83.039384224,
    42.446775724
  ],
  ""type"": ""Point""
}",-83.0393842239999,42.4467757240001
2935,9440408,BRACE,WARREN,2015-11-11,11,11,2015,12,4,4,9,,,0,,1,1,1,35,6,2,5,4,0,0,0,5,false,,false,false,false,false,false,,,,,,false,false,false,,,false,false,false,false,false,-83.22314,42.3433,"{
  ""coordinates"": [
    -8.322314718099990e+01,
    4.234330270100000e+01
  ],
  ""type"": ""Point""
}","{
  ""coordinates"": [
    -83.223147181,
    42.343302701
  ],
  ""type"": ""Point""
}",-83.2231471809999,42.343302701
2936,9423232,NORTHFIELD,JOY,2015-11-11,11,11,2015,23,4,97,9,,,0,,1,1,4,25,2,2,3,4,0,0,0,1,false,,false,false,true,false,false,,,,,,false,false,false,,,false,false,false,false,false,-83.13323,42.36197,"{
  ""coordinates"": [
    -8.313322904700000e+01,
    4.236196566600010e+01
  ],
  ""type"": ""Point""
}","{
  ""coordinates"": [
    -83.133229047,
    42.361965666
  ],
  ""type"": ""Point""
}",-83.133229047,42.3619656660001
2937,9427086,I-75,DEARBORN,2015-11-11,11,11,2015,15,4,8,1,,1,0,,1,1,1,55,3,2,2,5,0,0,0,0,true,,false,false,false,false,false,,,,,,false,false,true,,,false,false,false,false,false,-83.1282,42.29277,"{
  ""coordinates"": [
    -8.312820326900000e+01,
    4.229276500800010e+01
  ],
  ""type"": ""Point""
}","{
  ""coordinates"": [
    -83.128203269,
    42.292765008
  ],
  ""type"": ""Point""
}",-83.128203269,42.2927650080001
2938,9427460,VERNOR,MCDOUGAL,2015-11-11,11,11,2015,16,4,3,9,,4,0,,1,1,1,30,4,2,5,5,0,0,0,0,true,,false,false,false,false,false,,,,,,false,false,true,,,false,false,false,false,false,-83.02557,42.35192,"{
  ""coordinates"": [
    -8.302556304300001e+01,
    4.235192417700010e+01
  ],
  ""type"": ""Point""
}","{
  ""coordinates"": [
    -83.025563043,
    42.351924177
  ],
  ""type"": ""Point""
}",-83.025563043,42.3519241770001
2939,9425347,M39,7 MILE,2015-11-11,11,11,2015,0,4,8,3,,1,0,,1,1,4,55,3,2,2,5,0,0,0,0,true,,false,false,false,false,false,,,,,,false,false,true,,,false,false,false,false,false,-83.21916,42.42865,"{
  ""coordinates"": [
    -8.321916114100000e+01,
    4.242864737600010e+01
  ],
  ""type"": ""Point""
}","{
  ""coordinates"": [
    -83.219161141,
    42.428647376
  ],
  ""type"": ""Point""
}",-83.219161141,42.4286473760001
2940,9425683,MCNICHOLS,MONTE VISTA,2015-11-11,11,11,2015,14,4,8,9,,2,0,,1,1,1,35,4,2,2,5,0,0,0,0,true,,false,false,false,false,false,,,,,,false,true,true,,,false,false,false,false,false,-83.16813,42.41671,"{
  ""coordinates"": [
    -8.316813276300000e+01,
    4.241670828100010e+01
  ],
  ""type"": ""Point""
}","{
  ""coordinates"": [
    -83.168132763,
    42.416708281
  ],
  ""type"": ""Point""
}",-83.168132763,42.4167082810001
2941,9434243,TACOMA,ALCOY,2015-11-11,11,11,2015,22,4,4,9,,,0,,1,1,4,25,2,2,2,5,0,0,0,0,true,,true,false,true,false,false,,,,,,false,false,false,,,false,false,false,false,false,-82.98847,42.44131,"{
  ""coordinates"": [
    -8.298847008900000e+01,
    4.244130801800000e+01
  ],
  ""type"": ""Point""
}","{
  ""coordinates"": [
    -82.988470089,
    42.441308018
  ],
  ""type"": ""Point""
}",-82.988470089,42.441308018
2942,9427466,VAN DYKE,MCNICHOLS,2015-11-11,11,11,2015,23,4,8,3,,1,0,,1,1,4,35,3,3,8,3,0,0,3,0,false,,false,false,true,false,false,,,,,,false,false,true,,,false,false,false,false,false,-83.0237,42.41951,"{
  ""coordinates"": [
    -8.302370428499999e+01,
    4.241950472200010e+01
  ],
  ""type"": ""Point""
}","{
  ""coordinates"": [
    -83.023704285,
    42.419504722
  ],
  ""type"": ""Point""
}",-83.023704285,42.4195047220001
2943,9425645,GRAND RIVER,GREYDALE,2015-11-11,11,11,2015,21,4,8,3,,1,0,,1,1,4,30,7,2,2,5,0,0,0,0,true,,false,false,false,false,false,,,,,,false,true,false,,,false,false,false,false,false,-83.25642,42.416,"{
  ""coordinates"": [
    -8.325641583399990e+01,
    4.241600303200000e+01
  ],
  ""type"": ""Point""
}","{
  ""coordinates"": [
    -83.256415834,
    42.416003032
  ],
  ""type"": ""Point""
}",-83.2564158339999,42.416003032
2944,9427131,S I 75,RAMP 037D,2015-11-11,11,11,2015,18,4,5,1,,1,0,,1,1,4,55,2,2,2,5,0,0,0,0,true,,false,false,false,false,false,,,,,,false,false,false,,,false,false,false,false,false,-83.08034,42.33278,"{
  ""coordinates"": [
    -8.308033910200000e+01,
    4.233278317700010e+01
  ],
  ""type"": ""Point""
}","{
  ""coordinates"": [
    -83.080339102,
    42.332783177
  ],
  ""type"": ""Point""
}",-83.080339102,42.3327831770001
2945,9427555,CANIFF,RUSSELL,2015-11-11,11,11,2015,15,4,8,9,,4,0,,1,1,1,30,2,2,2,5,0,0,0,0,true,,false,false,false,false,false,,,,,,false,true,true,,,false,false,false,false,false,-83.0729,42.39478,"{
  ""coordinates"": [
    -8.307289805200000e+01,
    4.239477747700000e+01
  ],
  ""type"": ""Point""
}","{
  ""coordinates"": [
    -83.072898052,
    42.394777477
  ],
  ""type"": ""Point""
}",-83.072898052,42.394777477
2946,9425634,SCHAEFER,FORT,2015-11-11,11,11,2015,7,4,8,7,,1,0,,1,1,1,30,2,2,2,5,0,0,0,0,true,,false,false,false,false,false,,,,,,false,false,true,,,false,false,false,false,false,-83.15529,42.27626,"{
  ""coordinates"": [
    -8.315528838300000e+01,
    4.227626187500000e+01
  ],
  ""type"": ""Point""
}","{
  ""coordinates"": [
    -83.155288383,
    42.276261875
  ],
  ""type"": ""Point""
}",-83.155288383,42.276261875
2947,9423268,MAJESTIC,METTETAL,2015-11-11,11,11,2015,8,4,4,9,,,0,,1,1,1,25,1,2,3,5,0,0,0,0,true,,true,false,false,false,false,,,,,,false,false,false,,,false,false,false,false,false,-83.20479,42.34594,"{
  ""coordinates"": [
    -8.320478733899991e+01,
    4.234593545600010e+01
  ],
  ""type"": ""Point""
}","{
  ""coordinates"": [
    -83.204787339,
    42.345935456
  ],
  ""type"": ""Point""
}",-83.2047873389999,42.3459354560001
2948,9427527,LAFAYETTE,RIVARD,2015-11-11,11,11,2015,17,4,8,9,,4,0,,1,1,3,35,3,2,1,5,0,0,0,0,true,,false,false,true,false,false,,,,,,false,false,false,,,false,false,false,false,false,-83.03646,42.33641,"{
  ""coordinates"": [
    -8.303645738800000e+01,
    4.233641529100000e+01
  ],
  ""type"": ""Point""
}","{
  ""coordinates"": [
    -83.036457388,
    42.336415291
  ],
  ""type"": ""Point""
}",-83.036457388,42.336415291
2949,9423243,8 MILE,ORLEANS,2015-11-11,11,11,2015,9,4,5,3,,1,0,,1,1,1,40,4,2,3,5,0,0,0,0,true,,false,false,false,false,false,,,,,,false,false,false,,,false,false,false,false,false,-83.08575,42.44696,"{
  ""coordinates"": [
    -8.308575673199989e+01,
    4.244696548500010e+01
  ],
  ""type"": ""Point""
}","{
  ""coordinates"": [
    -83.085756732,
    42.446965485
  ],
  ""type"": ""Point""
}",-83.0857567319999,42.4469654850001
2950,9427134,W I 94,RAMP 221B,2015-11-11,11,11,2015,7,4,5,1,,1,0,,1,2,4,55,3,2,2,5,0,0,0,0,true,,false,false,false,false,false,,,,,,false,false,false,,,false,false,false,false,false,-82.96643,42.40319,"{
  ""coordinates"": [
    -8.296642967000000e+01,
    4.240319409700000e+01
  ],
  ""type"": ""Point""
}","{
  ""coordinates"": [
    -82.96642967,
    42.403194097
  ],
  ""type"": ""Point""
}",-82.96642967,42.403194097
2951,9427459,WOODLAWN,GRACE,2015-11-11,11,11,2015,12,4,1,9,,,0,,1,1,1,25,1,2,24,4,0,0,0,1,false,,false,false,false,false,false,,,,,,true,true,false,,,false,false,false,false,false,-83.0041,42.39968,"{
  ""coordinates"": [
    -8.300410751399990e+01,
    4.239968028700010e+01
  ],
  ""type"": ""Point""
}","{
  ""coordinates"": [
    -83.004107514,
    42.399680287
  ],
  ""type"": ""Point""
}",-83.0041075139999,42.3996802870001
2952,9449885,7 MILE,GLASTONBURY,2015-11-11,11,11,2015,23,4,4,9,,2,0,,1,1,4,30,6,2,1,5,0,0,0,0,true,,true,false,true,false,false,,,,,,false,false,false,,,false,false,false,false,false,-83.22335,42.42994,"{
  ""coordinates"": [
    -8.322335057899990e+01,
    4.242993780300000e+01
  ],
  ""type"": ""Point""
}","{
  ""coordinates"": [
    -83.223350579,
    42.429937803
  ],
  ""type"": ""Point""
}",-83.2233505789999,42.429937803
2953,9427087,I-94,TRUMBULL,2015-11-11,11,11,2015,17,4,5,1,,1,0,,1,1,1,55,3,2,2,5,0,0,0,0,true,,false,false,false,false,false,,,,,,false,false,true,,,false,false,false,false,false,-83.08125,42.35616,"{
  ""coordinates"": [
    -8.308124356600000e+01,
    4.235616454500010e+01
  ],
  ""type"": ""Point""
}","{
  ""coordinates"": [
    -83.081243566,
    42.356164545
  ],
  ""type"": ""Point""
}",-83.081243566,42.3561645450001
2954,9425639,S I 75,RAMP 029D,2015-11-11,11,11,2015,13,4,5,1,,1,0,,1,1,1,35,2,2,2,5,0,0,0,0,true,,false,false,true,false,false,,,,,,false,false,false,,,false,false,false,false,false,-83.15388,42.27816,"{
  ""coordinates"": [
    -8.315388572599990e+01,
    4.227816007900000e+01
  ],
  ""type"": ""Point""
}","{
  ""coordinates"": [
    -83.153885726,
    42.278160079
  ],
  ""type"": ""Point""
}",-83.1538857259999,42.278160079
2955,9423123,I-94,LUCKY,2015-11-11,11,11,2015,6,4,8,1,,1,0,,1,1,2,55,3,2,2,5,0,0,0,0,true,,false,false,false,false,false,,,,,,false,false,false,,,false,false,false,false,false,-83.03432,42.37901,"{
  ""coordinates"": [
    -8.303431493700000e+01,
    4.237900570000010e+01
  ],
  ""type"": ""Point""
}","{
  ""coordinates"": [
    -83.034314937,
    42.3790057
  ],
  ""type"": ""Point""
}",-83.034314937,42.3790057000001
2956,9423247,WOODMONT,DAVISON,2015-11-11,11,11,2015,7,4,1,9,,,1,,1,1,1,25,2,1,1,4,0,0,0,1,false,,false,false,false,false,false,,,,,,false,false,true,,,false,false,false,false,false,-83.2089,42.3854,"{
  ""coordinates"": [
    -8.320889821100000e+01,
    4.238540244200000e+01
  ],
  ""type"": ""Point""
}","{
  ""coordinates"": [
    -83.208898211,
    42.385402442
  ],
  ""type"": ""Point""
}",-83.208898211,42.385402442
2957,9423266,FREELAND,WESTFIELD,2015-11-11,11,11,2015,15,4,97,9,,,0,,1,1,1,25,2,2,2,5,0,0,0,0,true,,false,false,false,false,false,,,,,,false,false,false,,,false,false,false,false,false,-83.18378,42.36429,"{
  ""coordinates"": [
    -8.318378622199999e+01,
    4.236429108500000e+01
  ],
  ""type"": ""Point""
}","{
  ""coordinates"": [
    -83.183786222,
    42.364291085
  ],
  ""type"": ""Point""
}",-83.183786222,42.364291085
2958,9434262,MONICA,OUTER,2015-11-11,11,11,2015,9,4,4,9,,,0,,1,1,1,25,1,2,1,5,0,0,0,0,true,,false,false,true,false,false,,,,,,false,true,false,,,false,false,false,false,false,-83.14483,42.43507,"{
  ""coordinates"": [
    -8.314482771800000e+01,
    4.243507109700000e+01
  ],
  ""type"": ""Point""
}","{
  ""coordinates"": [
    -83.144827718,
    42.435071097
  ],
  ""type"": ""Point""
}",-83.144827718,42.435071097
2959,9427477,7 MILE,STOEPEL,2015-11-11,11,11,2015,18,4,5,9,,2,0,,1,1,4,30,4,2,4,5,0,0,0,0,true,,false,false,true,false,false,,,,,,false,false,false,,,false,false,false,false,false,-83.14255,42.43158,"{
  ""coordinates"": [
    -8.314254710900001e+01,
    4.243158256900010e+01
  ],
  ""type"": ""Point""
}","{
  ""coordinates"": [
    -83.142547109,
    42.431582569
  ],
  ""type"": ""Point""
}",-83.142547109,42.4315825690001
2960,9425350,W I 94,S M 10,2015-11-11,11,11,2015,18,4,8,1,,1,0,,1,1,3,55,3,2,2,5,0,0,0,0,true,,false,false,false,false,false,,,,,,false,false,false,,,false,false,false,false,false,-83.07679,42.35917,"{
  ""coordinates"": [
    -8.307678913300001e+01,
    4.235916982400000e+01
  ],
  ""type"": ""Point""
}","{
  ""coordinates"": [
    -83.076789133,
    42.359169824
  ],
  ""type"": ""Point""
}",-83.076789133,42.359169824
2961,9425679,JAMES COUZENS,CURTIS,2015-11-11,11,11,2015,14,4,1,9,,4,1,,1,1,1,35,2,1,1,5,0,0,0,0,true,,false,false,true,false,false,,,,,,false,false,false,,,false,false,false,false,false,-83.17928,42.42387,"{
  ""coordinates"": [
    -8.317928106100000e+01,
    4.242386681000000e+01
  ],
  ""type"": ""Point""
}","{
  ""coordinates"": [
    -83.179281061,
    42.42386681
  ],
  ""type"": ""Point""
}",-83.179281061,42.42386681
2962,9430982,NB M-10,EUCLID,2015-11-11,11,11,2015,23,4,5,3,,1,0,,1,1,4,55,4,2,3,4,0,0,0,1,false,,false,false,true,false,false,,,,,,false,false,true,,,false,false,false,false,false,-83.08625,42.37394,"{
  ""coordinates"": [
    -8.308624908099991e+01,
    4.237394247100010e+01
  ],
  ""type"": ""Point""
}","{
  ""coordinates"": [
    -83.086249081,
    42.373942471
  ],
  ""type"": ""Point""
}",-83.0862490809999,42.3739424710001
2963,9427521,N M 10,WYOMING,2015-11-11,11,11,2015,22,4,97,3,,1,0,,1,1,5,55,3,2,0,5,0,0,0,0,true,,false,false,true,false,false,,,,,,false,false,false,,,false,false,false,false,false,-83.15978,42.40531,"{
  ""coordinates"": [
    -8.315977996600000e+01,
    4.240530973500010e+01
  ],
  ""type"": ""Point""
}","{
  ""coordinates"": [
    -83.159779966,
    42.405309735
  ],
  ""type"": ""Point""
}",-83.159779966,42.4053097350001
2964,9423275,MCNICHOLS,MANOR,2015-11-11,11,11,2015,14,4,8,9,,2,0,,1,1,1,30,4,2,2,5,0,0,0,0,true,,false,false,false,false,false,,,,,,false,true,false,,,false,false,false,false,false,-83.16901,42.41668,"{
  ""coordinates"": [
    -8.316900753899991e+01,
    4.241668329100000e+01
  ],
  ""type"": ""Point""
}","{
  ""coordinates"": [
    -83.169007539,
    42.416683291
  ],
  ""type"": ""Point""
}",-83.1690075389999,42.416683291
2965,9423253,OUTER,FENELON,2015-11-11,11,11,2015,7,4,4,9,,2,0,,1,1,1,25,6,2,6,4,0,0,0,1,false,,true,true,false,false,false,,,,,,false,false,false,,,false,false,false,false,false,-83.05418,42.44051,"{
  ""coordinates"": [
    -8.305417762000000e+01,
    4.244050583300000e+01
  ],
  ""type"": ""Point""
}","{
  ""coordinates"": [
    -83.05417762,
    42.440505833
  ],
  ""type"": ""Point""
}",-83.05417762,42.440505833