ObjectId,Crash ID,Primary Road,Intersecting Road,Crash Date,Day,Month,Year,Hour,Weekday,Crash Type Code,Highway Classification Code,Community Code,Jurisdiction Code,Lane Departure Type Code,Surface Type,Road Condition,Weather Condition,Lighting Condition,Speed Limit,Lanes,Units,Occupants,Most Severe Injury,Fatal Injuries,Suspected Serious Injuries,Suspected Minor Injuries,Possible Injuries,Property Damage Only,Secondary Crash,Traffic Control,Red Light Run,Hit and Run,Alcohol,Drugs,Unbelted Person,Work Zone,Speeding Driver,Distracted Driver,Driveway,Pedestrian,Elderly Driver,Young Driver,Commercial Vehicle,Emergency Vehicles,Train,School Bus,Motorcycle,Bicycle,Deer,Longitude,Latitude,geom,geog,x,y
3080,9421153,MOUNT ELLIOTT,E I 94,2015-11-09,9,11,2015,16,2,5,9,,4,0,,1,1,1,35,5,2,1,4,0,0,0,1,false,,false,false,true,false,false,,,,,,false,false,false,,,false,false,false,false,false,-83.03378,42.37922,"{
  ""coordinates"": [
    -8.303377771800000e+01,
    4.237921336000010e+01
  ],
  ""type"": ""Point""
}","{
  ""coordinates"": [
    -83.033777718,
    42.37921336
  ],
  ""type"": ""Point""
}",-83.033777718,42.3792133600001
3081,9432383,OUTER,MCNICHOLS,2015-11-09,9,11,2015,22,2,5,9,,2,0,,1,1,4,30,4,2,6,3,0,0,3,2,false,,false,false,false,false,false,,,,,,false,false,false,,,false,false,false,false,false,-83.01375,42.42105,"{
  ""coordinates"": [
    -8.301374860599999e+01,
    4.242105112700010e+01
  ],
  ""type"": ""Point""
}","{
  ""coordinates"": [
    -83.013748606,
    42.421051127
  ],
  ""type"": ""Point""
}",-83.013748606,42.4210511270001
3082,9421210,TELEGRAPH,SHORT,2015-11-09,9,11,2015,2,2,1,2,,1,1,,1,1,4,40,4,1,1,5,0,0,0,0,true,,false,false,false,false,false,,,,,,false,false,true,,,false,false,false,false,false,-83.27722,42.42177,"{
  ""coordinates"": [
    -8.327722521000000e+01,
    4.242176682000010e+01
  ],
  ""type"": ""Point""
}","{
  ""coordinates"": [
    -83.27722521,
    42.42176682
  ],
  ""type"": ""Point""
}",-83.27722521,42.4217668200001
3083,9425537,RATHBONE,LAWNDALE,2015-11-09,9,11,2015,22,2,97,9,,,0,,1,1,4,20,4,1,1,5,0,0,0,0,true,,false,false,false,false,false,,,,,,false,false,true,,,false,false,false,false,false,-83.12774,42.30225,"{
  ""coordinates"": [
    -8.312773954999990e+01,
    4.230225187100010e+01
  ],
  ""type"": ""Point""
}","{
  ""coordinates"": [
    -83.12773955,
    42.302251871
  ],
  ""type"": ""Point""
}",-83.1277395499999,42.3022518710001
3084,9428480,I 94,I 96,2015-11-09,9,11,2015,18,2,5,1,,1,0,,1,1,3,55,3,2,2,5,0,0,0,0,true,,false,false,false,false,false,,,,,,false,false,false,,,false,false,false,false,false,-83.09009,42.35308,"{
  ""coordinates"": [
    -8.309008669500000e+01,
    4.235308030900010e+01
  ],
  ""type"": ""Point""
}","{
  ""coordinates"": [
    -83.090086695,
    42.353080309
  ],
  ""type"": ""Point""
}",-83.090086695,42.3530803090001
3085,9421205,GEORGIA,ROHNS,2015-11-09,9,11,2015,8,2,4,9,,,0,,1,1,1,25,2,2,3,5,0,0,0,0,true,,true,false,true,false,false,,,,,,false,false,true,,,false,false,false,false,false,-83.01389,42.39429,"{
  ""coordinates"": [
    -8.301388599800001e+01,
    4.239428694100010e+01
  ],
  ""type"": ""Point""
}","{
  ""coordinates"": [
    -83.013885998,
    42.394286941
  ],
  ""type"": ""Point""
}",-83.013885998,42.3942869410001
3086,9421160,PLAINVIEW,FENKELL,2015-11-09,9,11,2015,8,2,4,9,,,0,,1,1,1,25,1,2,3,4,0,0,0,1,false,,false,false,false,false,false,,,,,,false,false,false,,,false,false,false,false,false,-83.23619,42.40165,"{
  ""coordinates"": [
    -8.323619451199990e+01,
    4.240164382000010e+01
  ],
  ""type"": ""Point""
}","{
  ""coordinates"": [
    -83.236194512,
    42.40164382
  ],
  ""type"": ""Point""
}",-83.2361945119999,42.4016438200001
3087,9422164,DUCHESS,YORKSHIRE,2015-11-09,9,11,2015,16,2,4,9,,,0,,1,1,1,25,2,2,6,4,0,0,0,1,false,,false,false,true,false,false,,,,,,false,false,true,,,false,false,false,false,false,-82.95873,42.42161,"{
  ""coordinates"": [
    -8.295873489699990e+01,
    4.242161288500010e+01
  ],
  ""type"": ""Point""
}","{
  ""coordinates"": [
    -82.958734897,
    42.421612885
  ],
  ""type"": ""Point""
}",-82.9587348969999,42.4216128850001
3088,9421987,W/B I-94,VAN DYKE,2015-11-09,9,11,2015,9,2,8,1,,1,0,,1,1,1,55,3,2,3,5,0,0,0,0,true,,false,false,false,false,false,,,,,,false,false,true,,,false,false,false,false,false,-83.02116,42.38597,"{
  ""coordinates"": [
    -8.302116362000000e+01,
    4.238597547700000e+01
  ],
  ""type"": ""Point""
}","{
  ""coordinates"": [
    -83.02116362,
    42.385975477
  ],
  ""type"": ""Point""
}",-83.02116362,42.385975477
3089,9423258,N M 10,E I 94,2015-11-09,9,11,2015,14,2,8,3,,1,0,,1,1,1,55,4,2,4,5,0,0,0,0,true,,false,false,false,false,false,,,,,,false,true,true,,,false,false,false,false,false,-83.07588,42.35882,"{
  ""coordinates"": [
    -8.307588172999991e+01,
    4.235881928700010e+01
  ],
  ""type"": ""Point""
}","{
  ""coordinates"": [
    -83.07588173,
    42.358819287
  ],
  ""type"": ""Point""
}",-83.0758817299999,42.3588192870001
3090,9425590,SCOTTEN,TORREY,2015-11-09,9,11,2015,14,2,1,9,,4,1,,1,1,1,25,2,1,1,5,0,0,0,0,true,,false,false,false,false,false,,,,,,false,false,false,,,false,false,false,false,false,-83.10225,42.33259,"{
  ""coordinates"": [
    -8.310224735700000e+01,
    4.233258965900010e+01
  ],
  ""type"": ""Point""
}","{
  ""coordinates"": [
    -83.102247357,
    42.332589659
  ],
  ""type"": ""Point""
}",-83.102247357,42.3325896590001
3091,9421207,GRATIOT,MCCLELLAN,2015-11-09,9,11,2015,8,2,97,3,,1,0,,1,1,1,35,6,3,3,5,0,0,0,0,true,,false,false,true,false,false,,,,,,false,false,false,,,false,false,false,false,false,-83.00789,42.38909,"{
  ""coordinates"": [
    -8.300789201500000e+01,
    4.238909241800010e+01
  ],
  ""type"": ""Point""
}","{
  ""coordinates"": [
    -83.007892015,
    42.389092418
  ],
  ""type"": ""Point""
}",-83.007892015,42.3890924180001
3092,9421154,JOY,MANOR,2015-11-09,9,11,2015,7,2,9,9,,4,0,,1,1,1,35,3,2,2,5,0,0,0,0,true,,false,false,false,false,false,,,,,,false,false,false,,,false,false,false,false,false,-83.16708,42.35874,"{
  ""coordinates"": [
    -8.316707622000000e+01,
    4.235874165100010e+01
  ],
  ""type"": ""Point""
}","{
  ""coordinates"": [
    -83.16707622,
    42.358741651
  ],
  ""type"": ""Point""
}",-83.16707622,42.3587416510001
3093,9421173,SCHOOLCRAFT,RUTLAND,2015-11-09,9,11,2015,18,2,5,9,,2,0,,1,1,4,35,4,2,2,5,0,0,0,0,true,,false,false,true,false,false,,,,,,false,false,false,,,false,false,false,false,false,-83.21364,42.38676,"{
  ""coordinates"": [
    -8.321363533600000e+01,
    4.238675685900010e+01
  ],
  ""type"": ""Point""
}","{
  ""coordinates"": [
    -83.213635336,
    42.386756859
  ],
  ""type"": ""Point""
}",-83.213635336,42.3867568590001
3094,9427149,W/B I 94,N/B M 10,2015-11-09,9,11,2015,18,2,5,1,,1,0,,1,1,4,55,3,2,2,5,0,0,0,0,true,,false,false,false,false,false,,,,,,false,false,false,,,false,false,false,false,false,-83.07776,42.35854,"{
  ""coordinates"": [
    -8.307775501200000e+01,
    4.235854441700010e+01
  ],
  ""type"": ""Point""
}","{
  ""coordinates"": [
    -83.077755012,
    42.358544417
  ],
  ""type"": ""Point""
}",-83.077755012,42.3585444170001
3095,9421164,HUBBELL,PLYMOUTH,2015-11-09,9,11,2015,14,2,8,9,,4,0,,1,1,1,30,4,2,2,5,0,0,0,0,true,,false,false,false,false,false,,,,,,false,false,false,,,false,false,false,false,false,-83.18774,42.3728,"{
  ""coordinates"": [
    -8.318774151699991e+01,
    4.237280230500010e+01
  ],
  ""type"": ""Point""
}","{
  ""coordinates"": [
    -83.187741517,
    42.372802305
  ],
  ""type"": ""Point""
}",-83.1877415169999,42.3728023050001
3096,9421198,AUDUBON,OUTER,2015-11-09,9,11,2015,7,2,4,9,,,0,,1,1,1,25,5,2,2,5,0,0,0,0,true,,false,false,false,false,false,,,,,,false,false,true,,,false,false,false,false,false,-82.94102,42.40801,"{
  ""coordinates"": [
    -8.294101860300000e+01,
    4.240801408900010e+01
  ],
  ""type"": ""Point""
}","{
  ""coordinates"": [
    -82.941018603,
    42.408014089
  ],
  ""type"": ""Point""
}",-82.941018603,42.4080140890001
3097,9422162,TELEGRAPH,CLARITA,2015-11-09,9,11,2015,17,2,4,2,,1,0,,1,1,1,35,3,2,2,5,0,0,0,0,true,,false,false,false,false,false,,,,,,false,false,false,,,false,false,false,false,false,-83.27788,42.42637,"{
  ""coordinates"": [
    -8.327787724800000e+01,
    4.242637056100010e+01
  ],
  ""type"": ""Point""
}","{
  ""coordinates"": [
    -83.277877248,
    42.426370561
  ],
  ""type"": ""Point""
}",-83.277877248,42.4263705610001
3098,9420986,W I 96,SCHAEFER,2015-11-09,9,11,2015,19,2,5,1,,1,0,,1,1,4,45,2,2,3,3,0,0,1,1,false,,false,false,false,false,false,,,,,,false,false,true,,,false,false,false,false,false,-83.17924,42.38312,"{
  ""coordinates"": [
    -8.317923493000001e+01,
    4.238312279000010e+01
  ],
  ""type"": ""Point""
}","{
  ""coordinates"": [
    -83.17923493,
    42.38312279
  ],
  ""type"": ""Point""
}",-83.17923493,42.3831227900001
3099,9444951,PIERSON,PLYMOUTH,2015-11-09,9,11,2015,15,2,97,9,,,0,,1,1,1,35,2,2,2,5,0,0,0,0,true,,false,false,true,false,false,,,,,,false,false,false,,,false,false,false,false,false,-83.24497,42.37181,"{
  ""coordinates"": [
    -8.324497394699991e+01,
    4.237181474800010e+01
  ],
  ""type"": ""Point""
}","{
  ""coordinates"": [
    -83.244973947,
    42.371814748
  ],
  ""type"": ""Point""
}",-83.2449739469999,42.3718147480001
3100,9421989,RAMP 215G,I-94,2015-11-09,9,11,2015,16,2,5,1,,1,0,,1,1,1,55,1,2,2,5,0,0,0,0,true,,false,false,false,false,false,,,,,,false,false,true,,,false,false,false,false,false,-83.07786,42.35914,"{
  ""coordinates"": [
    -8.307785794099991e+01,
    4.235914039300010e+01
  ],
  ""type"": ""Point""
}","{
  ""coordinates"": [
    -83.077857941,
    42.359140393
  ],
  ""type"": ""Point""
}",-83.0778579409999,42.3591403930001
3101,9421208,GRINNELL,RAYMOND,2015-11-09,9,11,2015,11,2,7,9,,4,0,,1,1,1,30,2,2,2,5,0,0,0,0,true,,false,false,false,false,false,,,,,,false,false,true,,,false,false,false,false,false,-83.01044,42.40116,"{
  ""coordinates"": [
    -8.301044004900000e+01,
    4.240116247300010e+01
  ],
  ""type"": ""Point""
}","{
  ""coordinates"": [
    -83.010440049,
    42.401162473
  ],
  ""type"": ""Point""
}",-83.010440049,42.4011624730001
3102,9422137,7 MILE,S M 39,2015-11-09,9,11,2015,22,2,5,9,,2,0,,1,2,4,35,5,2,3,4,0,0,0,1,false,,false,false,false,false,false,,,,,,false,false,true,,,false,false,false,false,false,-83.21952,42.43001,"{
  ""coordinates"": [
    -8.321951976500000e+01,
    4.243001287500000e+01
  ],
  ""type"": ""Point""
}","{
  ""coordinates"": [
    -83.219519765,
    42.430012875
  ],
  ""type"": ""Point""
}",-83.219519765,42.430012875
3103,9421175,GRANDVIEW,FRISBEE,2015-11-09,9,11,2015,13,2,8,9,,,0,,1,1,1,25,1,2,1,5,0,0,0,0,true,,false,false,false,false,false,,,,,,false,false,false,,,false,false,false,false,false,-83.28513,42.43551,"{
  ""coordinates"": [
    -8.328512324300000e+01,
    4.243551154600000e+01
  ],
  ""type"": ""Point""
}","{
  ""coordinates"": [
    -83.285123243,
    42.435511546
  ],
  ""type"": ""Point""
}",-83.285123243,42.435511546
3104,9421203,EVERGREEN,GRAND RIVER,2015-11-09,9,11,2015,13,2,8,3,,4,0,,1,1,1,35,3,2,0,5,0,0,0,0,true,,false,false,true,false,false,,,,,,false,false,false,,,false,false,false,false,false,-83.23778,42.40851,"{
  ""coordinates"": [
    -8.323778098100000e+01,
    4.240850930500010e+01
  ],
  ""type"": ""Point""
}","{
  ""coordinates"": [
    -83.237780981,
    42.408509305
  ],
  ""type"": ""Point""
}",-83.237780981,42.4085093050001
3105,9428479,N M 39,TIREMAN,2015-11-09,9,11,2015,9,2,8,3,,1,0,,1,1,1,70,3,2,2,5,0,0,0,0,true,,false,false,false,false,false,,,,,,false,true,false,,,false,false,false,false,false,-83.21626,42.35062,"{
  ""coordinates"": [
    -8.321625708900000e+01,
    4.235061681300000e+01
  ],
  ""type"": ""Point""
}","{
  ""coordinates"": [
    -83.216257089,
    42.350616813
  ],
  ""type"": ""Point""
}",-83.216257089,42.350616813
3106,9421158,S M 39,7 MILE,2015-11-09,9,11,2015,17,2,5,3,,1,0,,1,1,1,55,6,2,2,5,0,0,0,0,true,,false,false,true,false,false,,,,,,false,false,false,,,false,false,false,false,false,-83.21943,42.43069,"{
  ""coordinates"": [
    -8.321943023999999e+01,
    4.243069541600000e+01
  ],
  ""type"": ""Point""
}","{
  ""coordinates"": [
    -83.21943024,
    42.430695416
  ],
  ""type"": ""Point""
}",-83.21943024,42.430695416
3107,9422167,VAN DYKE,8 MILE,2015-11-09,9,11,2015,15,2,5,3,,1,0,,1,1,1,35,6,2,2,5,0,0,0,0,true,,false,false,true,false,false,,,,,,false,false,false,,,false,false,false,false,false,-83.02473,42.44816,"{
  ""coordinates"": [
    -8.302473580600000e+01,
    4.244815751300010e+01
  ],
  ""type"": ""Point""
}","{
  ""coordinates"": [
    -83.024735806,
    42.448157513
  ],
  ""type"": ""Point""
}",-83.024735806,42.4481575130001
3108,9423259,GRISWALD,LARNARD,2015-11-09,9,11,2015,17,2,5,9,,4,0,,1,1,1,25,5,2,2,5,0,0,0,0,true,,false,false,false,false,false,,,,,,false,false,false,,,false,false,false,false,false,-83.04601,42.32899,"{
  ""coordinates"": [
    -8.304600953999990e+01,
    4.232899239800000e+01
  ],
  ""type"": ""Point""
}","{
  ""coordinates"": [
    -83.04600954,
    42.328992398
  ],
  ""type"": ""Point""
}",-83.0460095399999,42.328992398
3109,9421169,MARX,NEVADA,2015-11-09,9,11,2015,12,2,5,9,,,0,,1,1,1,25,2,2,0,5,0,0,0,0,true,,false,false,true,false,false,,,,,,false,false,false,,,false,false,false,false,false,-83.08374,42.42522,"{
  ""coordinates"": [
    -8.308373970199990e+01,
    4.242521623900010e+01
  ],
  ""type"": ""Point""
}","{
  ""coordinates"": [
    -83.083739702,
    42.425216239
  ],
  ""type"": ""Point""
}",-83.0837397019999,42.4252162390001
3110,9422156,N M 39,WARREN,2015-11-09,9,11,2015,9,2,5,3,,1,0,,1,1,1,55,3,2,4,5,0,0,0,0,true,,false,false,false,false,false,,,,,,false,false,true,,,false,false,false,false,false,-83.21603,42.34334,"{
  ""coordinates"": [
    -8.321603527100000e+01,
    4.234333933800010e+01
  ],
  ""type"": ""Point""
}","{
  ""coordinates"": [
    -83.216035271,
    42.343339338
  ],
  ""type"": ""Point""
}",-83.216035271,42.3433393380001
3111,9421206,FOREST,MCCLELLAN,2015-11-09,9,11,2015,20,2,8,9,,4,0,,1,1,4,30,3,2,2,5,0,0,0,0,true,,false,false,false,false,false,,,,,,false,false,false,,,false,false,false,false,false,-82.99887,42.37872,"{
  ""coordinates"": [
    -8.299886907400000e+01,
    4.237871651400010e+01
  ],
  ""type"": ""Point""
}","{
  ""coordinates"": [
    -82.998869074,
    42.378716514
  ],
  ""type"": ""Point""
}",-82.998869074,42.3787165140001
3112,9420991,I 94,SECOND,2015-11-09,9,11,2015,18,2,5,1,,1,0,,1,1,2,55,3,2,2,5,0,0,0,0,true,,false,false,false,false,false,,,,,,false,false,false,,,false,false,false,false,false,-83.0731,42.36102,"{
  ""coordinates"": [
    -8.307310481199990e+01,
    4.236102174900000e+01
  ],
  ""type"": ""Point""
}","{
  ""coordinates"": [
    -83.073104812,
    42.361021749
  ],
  ""type"": ""Point""
}",-83.0731048119999,42.361021749
3113,9421212,TELEGRAPH,MCNICHOLS,2015-11-09,9,11,2015,8,2,8,2,,1,0,,1,1,1,45,4,4,4,5,0,0,0,0,true,,true,true,false,false,false,,,,,,false,false,false,,,false,false,false,false,false,-83.27739,42.4144,"{
  ""coordinates"": [
    -8.327738628799990e+01,
    4.241439886800000e+01
  ],
  ""type"": ""Point""
}","{
  ""coordinates"": [
    -83.277386288,
    42.414398868
  ],
  ""type"": ""Point""
}",-83.2773862879999,42.414398868
3114,9421228,SCHAEFER,CURTIS,2015-11-09,9,11,2015,20,2,4,9,,4,0,,1,1,4,35,2,2,1,5,0,0,0,0,true,,false,false,true,false,false,,,,,,false,false,false,,,false,false,false,false,false,-83.18014,42.42383,"{
  ""coordinates"": [
    -8.318013842999990e+01,
    4.242382865600010e+01
  ],
  ""type"": ""Point""
}","{
  ""coordinates"": [
    -83.18013843,
    42.423828656
  ],
  ""type"": ""Point""
}",-83.1801384299999,42.4238286560001
3115,9423128,N M 39,PEMBROKE,2015-11-09,9,11,2015,15,2,5,3,,1,0,,1,1,1,55,3,3,3,4,0,0,0,1,false,,false,false,false,false,false,,,,,,false,false,true,,,false,false,false,false,false,-83.21957,42.43806,"{
  ""coordinates"": [
    -8.321957372900000e+01,
    4.243806060700010e+01
  ],
  ""type"": ""Point""
}","{
  ""coordinates"": [
    -83.219573729,
    42.438060607
  ],
  ""type"": ""Point""
}",-83.219573729,42.4380606070001
3116,9419995,WOODWARD,GRATIOT,2015-11-09,9,11,2015,7,2,4,9,,4,0,,1,1,1,30,7,2,2,5,0,0,0,0,true,,true,true,false,false,false,,,,,,false,false,true,,,false,false,false,false,false,-83.0478,42.33289,"{
  ""coordinates"": [
    -8.304779570499990e+01,
    4.233288438400010e+01
  ],
  ""type"": ""Point""
}","{
  ""coordinates"": [
    -83.047795705,
    42.332884384
  ],
  ""type"": ""Point""
}",-83.0477957049999,42.3328843840001
3117,9425643,EASTLAWN,FOREST,2015-11-09,9,11,2015,11,2,4,9,,,0,,1,1,1,25,2,2,6,3,0,0,1,0,false,,true,false,true,false,false,,,,,,false,false,true,,,false,false,false,false,false,-82.96114,42.39265,"{
  ""coordinates"": [
    -8.296114505700000e+01,
    4.239265270100000e+01
  ],
  ""type"": ""Point""
}","{
  ""coordinates"": [
    -82.961145057,
    42.392652701
  ],
  ""type"": ""Point""
}",-82.961145057,42.392652701
3118,9425721,KIRBY,ANTHONY WAYNE,2015-11-09,9,11,2015,15,2,5,9,,4,0,,1,1,1,25,2,2,2,5,0,0,0,0,true,,false,false,false,false,false,,,,,,false,false,true,,,false,false,false,false,false,-83.07394,42.35765,"{
  ""coordinates"": [
    -8.307394314399990e+01,
    4.235765395900010e+01
  ],
  ""type"": ""Point""
}","{
  ""coordinates"": [
    -83.073943144,
    42.357653959
  ],
  ""type"": ""Point""
}",-83.0739431439999,42.3576539590001
3119,9423239,SCHOOLCRAFT,RUTLAND,2015-11-09,9,11,2015,18,2,5,9,,2,0,,97,98,98,35,2,2,2,4,0,0,0,1,false,,false,false,false,false,false,,,,,,false,false,false,,,false,false,false,false,false,-83.21329,42.38676,"{
  ""coordinates"": [
    -8.321329791799999e+01,
    4.238676276900000e+01
  ],
  ""type"": ""Point""
}","{
  ""coordinates"": [
    -83.213297918,
    42.386762769
  ],
  ""type"": ""Point""
}",-83.213297918,42.386762769
3120,9420985,I-96,OUTER,2015-11-09,9,11,2015,18,2,5,1,,1,0,,1,1,4,70,5,2,2,4,0,0,0,1,false,,false,false,false,false,false,,,,,,false,false,false,,,false,false,false,false,false,-83.25895,42.3857,"{
  ""coordinates"": [
    -8.325894745900000e+01,
    4.238569615800000e+01
  ],
  ""type"": ""Point""
}","{
  ""coordinates"": [
    -83.258947459,
    42.385696158
  ],
  ""type"": ""Point""
}",-83.258947459,42.385696158
3121,9425635,CANFIELD,SAINT ANTOINE,2015-11-09,9,11,2015,14,2,2,9,,4,0,,1,1,1,35,2,2,1,5,0,0,0,0,true,,false,false,false,false,false,,,,,,false,true,false,,,false,false,false,false,false,-83.05441,42.35555,"{
  ""coordinates"": [
    -8.305440718200001e+01,
    4.235555379200010e+01
  ],
  ""type"": ""Point""
}","{
  ""coordinates"": [
    -83.054407182,
    42.355553792
  ],
  ""type"": ""Point""
}",-83.054407182,42.3555537920001
3122,9425567,JEFFERSON,BEAUBIEN,2015-11-09,9,11,2015,9,2,8,4,,1,0,,1,1,1,35,4,2,2,5,0,0,0,0,true,,false,false,false,false,false,,,,,,false,false,false,,,false,false,false,false,false,-83.03953,42.33064,"{
  ""coordinates"": [
    -8.303952798400000e+01,
    4.233063737200010e+01
  ],
  ""type"": ""Point""
}","{
  ""coordinates"": [
    -83.039527984,
    42.330637372
  ],
  ""type"": ""Point""
}",-83.039527984,42.3306373720001
3123,9421152,CHICAGO,PIERSON,2015-11-09,9,11,2015,12,2,4,9,,4,0,,1,1,1,30,2,2,3,4,0,0,0,2,false,,false,false,false,false,false,,,,,,false,true,false,,,false,false,false,false,false,-83.24475,42.36457,"{
  ""coordinates"": [
    -8.324475046899990e+01,
    4.236457341400010e+01
  ],
  ""type"": ""Point""
}","{
  ""coordinates"": [
    -83.244750469,
    42.364573414
  ],
  ""type"": ""Point""
}",-83.2447504689999,42.3645734140001
3124,9422165,HAYES,8 MILE,2015-11-09,9,11,2015,16,2,4,3,,4,0,,1,1,1,45,4,2,2,5,0,0,0,0,true,,true,true,false,false,false,,,,,,false,false,false,,,false,false,false,false,false,-82.96608,42.4498,"{
  ""coordinates"": [
    -8.296607996099991e+01,
    4.244979797000010e+01
  ],
  ""type"": ""Point""
}","{
  ""coordinates"": [
    -82.966079961,
    42.44979797
  ],
  ""type"": ""Point""
}",-82.9660799609999,42.4497979700001
3125,9420993,I 96,SORRENTO,2015-11-09,9,11,2015,23,2,1,9,,4,1,,2,4,5,55,4,1,1,3,0,0,1,0,false,,false,false,false,false,false,,,,,,false,false,false,,,false,false,false,false,false,-83.17194,42.38399,"{
  ""coordinates"": [
    -8.317193888000000e+01,
    4.238398858600000e+01
  ],
  ""type"": ""Point""
}","{
  ""coordinates"": [
    -83.17193888,
    42.383988586
  ],
  ""type"": ""Point""
}",-83.17193888,42.383988586
3126,9423148,W I 94,MOROSS,2015-11-09,9,11,2015,8,2,5,1,,1,0,,1,1,1,55,3,2,2,4,0,0,0,1,false,,false,false,false,false,false,,,,,,false,false,false,,,false,false,false,false,false,-82.92884,42.42452,"{
  ""coordinates"": [
    -8.292884435199990e+01,
    4.242452228400000e+01
  ],
  ""type"": ""Point""
}","{
  ""coordinates"": [
    -82.928844352,
    42.424522284
  ],
  ""type"": ""Point""
}",-82.9288443519999,42.424522284
3127,9429612,I-94,LIVERNOIS,2015-11-08,8,11,2015,17,1,8,1,,1,0,,1,1,3,55,3,2,2,5,0,0,0,0,true,,false,false,false,false,false,,,,,,false,false,false,,,false,false,false,false,false,-83.12916,42.33562,"{
  ""coordinates"": [
    -8.312915571100000e+01,
    4.233561803300010e+01
  ],
  ""type"": ""Point""
}","{
  ""coordinates"": [
    -83.129155711,
    42.335618033
  ],
  ""type"": ""Point""
}",-83.129155711,42.3356180330001
3128,9423238,MCNICHOLS,ASHTON,2015-11-08,8,11,2015,12,1,97,9,,2,0,,1,1,1,25,2,2,1,5,0,0,0,0,true,,false,false,false,false,false,,,,,,false,true,false,,,false,false,false,false,false,-83.22007,42.41553,"{
  ""coordinates"": [
    -8.322007109299990e+01,
    4.241553132500010e+01
  ],
  ""type"": ""Point""
}","{
  ""coordinates"": [
    -83.220071093,
    42.415531325
  ],
  ""type"": ""Point""
}",-83.2200710929999,42.4155313250001
3129,9427470,STATE FAIR,WALTHAM,2015-11-08,8,11,2015,2,1,97,9,,4,0,,97,98,98,25,1,2,2,5,0,0,0,0,true,,false,false,true,false,false,,,,,,false,false,false,,,false,false,false,false,false,-82.99515,42.44194,"{
  ""coordinates"": [
    -8.299514639099991e+01,
    4.244193937400010e+01
  ],
  ""type"": ""Point""
}","{
  ""coordinates"": [
    -82.995146391,
    42.441939374
  ],
  ""type"": ""Point""
}",-82.9951463909999,42.4419393740001
3130,9440383,WYOMING,SANTA CLARA,2015-11-08,8,11,2015,18,1,5,9,,4,0,,1,1,4,25,2,2,1,5,0,0,0,0,true,,false,false,false,false,false,,,,,,false,false,true,,,false,false,false,false,false,-83.16051,42.42056,"{
  ""coordinates"": [
    -8.316051605199991e+01,
    4.242055750800010e+01
  ],
  ""type"": ""Point""
}","{
  ""coordinates"": [
    -83.160516052,
    42.420557508
  ],
  ""type"": ""Point""
}",-83.1605160519999,42.4205575080001
3131,9421171,PROMENADE,QUEEN,2015-11-08,8,11,2015,14,1,8,9,,,0,,1,1,1,25,1,2,0,5,0,0,0,0,true,,false,false,true,false,false,,,,,,false,false,false,,,false,false,false,false,false,-82.96698,42.41381,"{
  ""coordinates"": [
    -8.296697792399991e+01,
    4.241380811600000e+01
  ],
  ""type"": ""Point""
}","{
  ""coordinates"": [
    -82.966977924,
    42.413808116
  ],
  ""type"": ""Point""
}",-82.9669779239999,42.413808116
3132,9419992,SOUTHFIELD SERVICE DRIVE,7 MILE,2015-11-08,8,11,2015,22,1,5,9,,4,0,,1,1,4,25,4,2,1,5,0,0,0,0,true,,false,false,true,false,false,,,,,,false,false,false,,,false,false,false,false,false,-83.21974,42.43001,"{
  ""coordinates"": [
    -8.321974186100000e+01,
    4.243000833400000e+01
  ],
  ""type"": ""Point""
}","{
  ""coordinates"": [
    -83.219741861,
    42.430008334
  ],
  ""type"": ""Point""
}",-83.219741861,42.430008334
3133,9419994,JEFFERSON,BURNS,2015-11-08,8,11,2015,16,1,8,9,,4,0,,1,1,1,35,5,2,2,4,0,0,0,1,false,,false,false,false,false,false,,,,,,false,true,false,,,false,false,true,false,false,-82.98952,42.35496,"{
  ""coordinates"": [
    -8.298951359599990e+01,
    4.235496192800010e+01
  ],
  ""type"": ""Point""
}","{
  ""coordinates"": [
    -82.989513596,
    42.354961928
  ],
  ""type"": ""Point""
}",-82.9895135959999,42.3549619280001
3134,9421151,GRATIOT,TOWNSEND,2015-11-08,8,11,2015,15,1,9,3,,1,2,,1,1,1,35,7,2,4,5,0,0,0,0,true,,false,false,true,false,false,,,,,,false,false,false,,,false,false,false,false,false,-83.01662,42.37592,"{
  ""coordinates"": [
    -8.301661637699991e+01,
    4.237591508100010e+01
  ],
  ""type"": ""Point""
}","{
  ""coordinates"": [
    -83.016616377,
    42.375915081
  ],
  ""type"": ""Point""
}",-83.0166163769999,42.3759150810001
3135,9419996,GRAND,MACK,2015-11-08,8,11,2015,20,1,8,9,,,0,,1,98,4,30,6,2,2,5,0,0,0,0,true,,false,false,false,false,false,,,,,,false,false,false,,,false,false,false,false,false,-83.03291,42.35761,"{
  ""coordinates"": [
    -8.303290764000000e+01,
    4.235760907700010e+01
  ],
  ""type"": ""Point""
}","{
  ""coordinates"": [
    -83.03290764,
    42.357609077
  ],
  ""type"": ""Point""
}",-83.03290764,42.3576090770001
3136,9421225,SAN JUAN,OUTER,2015-11-08,8,11,2015,17,1,4,9,,,0,,1,1,3,35,4,2,2,5,0,0,0,0,true,,false,false,false,false,false,,,,,,false,true,false,,,false,false,false,false,false,-83.14705,42.43518,"{
  ""coordinates"": [
    -8.314704604600000e+01,
    4.243518597200010e+01
  ],
  ""type"": ""Point""
}","{
  ""coordinates"": [
    -83.147046046,
    42.435185972
  ],
  ""type"": ""Point""
}",-83.147046046,42.4351859720001