ObjectId,Crash ID,Primary Road,Intersecting Road,Crash Date,Day,Month,Year,Hour,Weekday,Crash Type Code,Highway Classification Code,Community Code,Jurisdiction Code,Lane Departure Type Code,Surface Type,Road Condition,Weather Condition,Lighting Condition,Speed Limit,Lanes,Units,Occupants,Most Severe Injury,Fatal Injuries,Suspected Serious Injuries,Suspected Minor Injuries,Possible Injuries,Property Damage Only,Secondary Crash,Traffic Control,Red Light Run,Hit and Run,Alcohol,Drugs,Unbelted Person,Work Zone,Speeding Driver,Distracted Driver,Driveway,Pedestrian,Elderly Driver,Young Driver,Commercial Vehicle,Emergency Vehicles,Train,School Bus,Motorcycle,Bicycle,Deer,Longitude,Latitude,geom,geog,x,y
3251,9418934,8 MILE,HANNA,2015-11-06,6,11,2015,11,6,1,3,,1,0,,1,2,1,30,6,1,2,5,0,0,0,0,true,,false,false,false,false,false,,,,,,false,false,false,,,false,false,false,false,false,-83.0906,42.44676,"{
  ""coordinates"": [
    -8.309060083500000e+01,
    4.244676010800000e+01
  ],
  ""type"": ""Point""
}","{
  ""coordinates"": [
    -83.090600835,
    42.446760108
  ],
  ""type"": ""Point""
}",-83.090600835,42.446760108
3252,9421011,I-94,FRENCH,2015-11-06,6,11,2015,1,6,1,1,,1,1,,2,4,4,55,3,1,1,5,0,0,0,0,true,,false,false,false,false,false,,,,,,false,false,true,,,false,false,false,false,false,-82.99406,42.39267,"{
  ""coordinates"": [
    -8.299406021999989e+01,
    4.239266396900010e+01
  ],
  ""type"": ""Point""
}","{
  ""coordinates"": [
    -82.99406022,
    42.392663969
  ],
  ""type"": ""Point""
}",-82.9940602199999,42.3926639690001
3253,9418902,MONTROSE,ELLIS,2015-11-06,6,11,2015,17,6,97,9,,,1,,1,2,2,25,2,1,1,5,0,0,0,0,true,,false,false,true,false,false,,,,,,false,false,false,,,false,false,false,false,false,-83.1992,42.3605,"{
  ""coordinates"": [
    -8.319920267799991e+01,
    4.236050183400000e+01
  ],
  ""type"": ""Point""
}","{
  ""coordinates"": [
    -83.199202678,
    42.360501834
  ],
  ""type"": ""Point""
}",-83.1992026779999,42.360501834
3254,9427116,DAVISON,JOS CAMPAU,2015-11-06,6,11,2015,18,6,5,3,,1,0,,1,1,4,55,3,2,1,5,0,0,0,0,true,,false,false,true,false,false,,,,,,false,false,true,,,false,false,false,false,false,-83.06899,42.41306,"{
  ""coordinates"": [
    -8.306898886200000e+01,
    4.241306424900010e+01
  ],
  ""type"": ""Point""
}","{
  ""coordinates"": [
    -83.068988862,
    42.413064249
  ],
  ""type"": ""Point""
}",-83.068988862,42.4130642490001
3255,9423112,RAMP 215G,S M 10,2015-11-06,6,11,2015,15,6,5,1,,1,0,,1,2,1,55,1,2,3,5,0,0,0,0,true,,false,false,false,false,false,,,,,,false,true,false,,,false,false,false,false,false,-83.07852,42.36216,"{
  ""coordinates"": [
    -8.307852329600000e+01,
    4.236215941400010e+01
  ],
  ""type"": ""Point""
}","{
  ""coordinates"": [
    -83.078523296,
    42.362159414
  ],
  ""type"": ""Point""
}",-83.078523296,42.3621594140001
3256,9419974,I-94,MALCOLM,2015-11-06,6,11,2015,7,6,8,9,,,0,,2,4,2,55,3,2,2,5,0,0,0,0,true,,false,false,false,false,false,,,,,,false,false,true,,,false,false,false,false,false,-82.98558,42.39742,"{
  ""coordinates"": [
    -8.298557686800000e+01,
    4.239742057500010e+01
  ],
  ""type"": ""Point""
}","{
  ""coordinates"": [
    -82.985576868,
    42.397420575
  ],
  ""type"": ""Point""
}",-82.985576868,42.3974205750001
3257,9418900,SAINT CLAIR,SHOEMAKER,2015-11-06,6,11,2015,15,6,8,9,,,0,,1,1,1,25,2,2,2,3,0,0,1,0,false,,false,false,false,false,false,,,,,,false,false,true,,,false,false,false,false,false,-82.99597,42.3889,"{
  ""coordinates"": [
    -8.299596823699990e+01,
    4.238890240200000e+01
  ],
  ""type"": ""Point""
}","{
  ""coordinates"": [
    -82.995968237,
    42.388902402
  ],
  ""type"": ""Point""
}",-82.9959682369999,42.388902402
3258,9422143,S I 75,DRAGOON,2015-11-06,6,11,2015,10,6,8,1,,1,0,,1,1,1,25,2,2,2,5,0,0,0,0,true,,false,false,false,false,false,,,,,,false,true,false,,,false,false,false,false,false,-83.1032,42.30837,"{
  ""coordinates"": [
    -8.310319830000000e+01,
    4.230836893100010e+01
  ],
  ""type"": ""Point""
}","{
  ""coordinates"": [
    -83.1031983,
    42.308368931
  ],
  ""type"": ""Point""
}",-83.1031983,42.3083689310001
3259,9419984,PREST,7 MILE,2015-11-06,6,11,2015,10,6,97,9,,,0,,1,1,1,25,2,2,2,4,0,0,0,1,false,,false,false,false,false,false,,,,,,false,false,false,,,false,false,false,true,false,-83.19868,42.43043,"{
  ""coordinates"": [
    -8.319867426199990e+01,
    4.243043327200010e+01
  ],
  ""type"": ""Point""
}","{
  ""coordinates"": [
    -83.198674262,
    42.430433272
  ],
  ""type"": ""Point""
}",-83.1986742619999,42.4304332720001
3260,9418833,NEVADA,MOUNT ELLIOTT,2015-11-06,6,11,2015,12,6,97,9,,4,0,,1,1,1,30,2,2,1,5,0,0,0,0,true,,false,false,true,false,false,,,,,,true,false,true,,,false,false,false,false,false,-83.03875,42.4264,"{
  ""coordinates"": [
    -8.303874741899990e+01,
    4.242639937700010e+01
  ],
  ""type"": ""Point""
}","{
  ""coordinates"": [
    -83.038747419,
    42.426399377
  ],
  ""type"": ""Point""
}",-83.0387474189999,42.4263993770001
3261,9418907,SCHOOLCRAFT,WARWICK,2015-11-06,6,11,2015,14,6,5,9,,2,0,,1,2,1,30,4,2,3,5,0,0,0,0,true,,false,false,false,false,false,,,,,,false,false,true,,,false,false,false,false,false,-83.22824,42.38644,"{
  ""coordinates"": [
    -8.322824012400000e+01,
    4.238644255200010e+01
  ],
  ""type"": ""Point""
}","{
  ""coordinates"": [
    -83.228240124,
    42.386442552
  ],
  ""type"": ""Point""
}",-83.228240124,42.3864425520001
3262,9423142,M-39,FENKELL,2015-11-06,6,11,2015,22,6,5,3,,1,0,,1,1,4,55,3,2,2,4,0,0,0,1,false,,false,false,false,true,false,,,,,,false,false,false,,,false,false,false,false,false,-83.21819,42.40105,"{
  ""coordinates"": [
    -8.321819472599999e+01,
    4.240105072700000e+01
  ],
  ""type"": ""Point""
}","{
  ""coordinates"": [
    -83.218194726,
    42.401050727
  ],
  ""type"": ""Point""
}",-83.218194726,42.401050727
3263,9421009,EB I-96,FULLERTON,2015-11-06,6,11,2015,7,6,8,1,,1,0,,2,4,1,70,4,2,2,5,0,0,0,0,true,,false,false,false,false,false,,,,,,false,false,false,,,false,false,false,false,false,-83.18845,42.38035,"{
  ""coordinates"": [
    -8.318844578200000e+01,
    4.238035303300010e+01
  ],
  ""type"": ""Point""
}","{
  ""coordinates"": [
    -83.188445782,
    42.380353033
  ],
  ""type"": ""Point""
}",-83.188445782,42.3803530330001
3264,9421214,DICKERSON,CORBETT,2015-11-06,6,11,2015,3,6,4,9,,4,0,,2,4,4,30,2,2,3,4,0,0,0,1,false,,true,false,false,true,false,,,,,,false,false,false,,,false,false,false,false,false,-82.97578,42.40652,"{
  ""coordinates"": [
    -8.297577951300001e+01,
    4.240652309800000e+01
  ],
  ""type"": ""Point""
}","{
  ""coordinates"": [
    -82.975779513,
    42.406523098
  ],
  ""type"": ""Point""
}",-82.975779513,42.406523098
3265,9465538,HOLBROOK,ST.AUBIN,2015-11-06,6,11,2015,23,6,8,9,,4,0,,1,1,4,0,2,2,4,4,0,0,0,1,false,,false,false,false,false,false,,,,,,false,false,false,,,false,false,false,false,false,-83.06193,42.39041,"{
  ""coordinates"": [
    -8.306192815599999e+01,
    4.239040812300000e+01
  ],
  ""type"": ""Point""
}","{
  ""coordinates"": [
    -83.061928156,
    42.390408123
  ],
  ""type"": ""Point""
}",-83.061928156,42.390408123
3266,9429575,EB I-96,TELEGRAPH,2015-11-06,6,11,2015,18,6,5,1,,1,0,,1,1,4,70,5,2,2,5,0,0,0,0,true,,false,false,false,false,false,,,,,,false,false,false,,,false,false,false,false,false,-83.27115,42.38542,"{
  ""coordinates"": [
    -8.327114595499999e+01,
    4.238542338500010e+01
  ],
  ""type"": ""Point""
}","{
  ""coordinates"": [
    -83.271145955,
    42.385423385
  ],
  ""type"": ""Point""
}",-83.271145955,42.3854233850001
3267,9421012,I-75,DAVISON,2015-11-06,6,11,2015,2,6,1,1,,1,1,,2,4,4,70,4,1,2,5,0,0,0,0,true,,false,false,false,false,false,,,,,,false,false,false,,,false,false,false,false,false,-83.07885,42.40828,"{
  ""coordinates"": [
    -8.307885207600000e+01,
    4.240828184100010e+01
  ],
  ""type"": ""Point""
}","{
  ""coordinates"": [
    -83.078852076,
    42.408281841
  ],
  ""type"": ""Point""
}",-83.078852076,42.4082818410001
3268,9419993,SELDEN,CASS,2015-11-06,6,11,2015,8,6,8,9,,,0,,2,2,1,25,4,2,3,5,0,0,0,0,true,,false,false,false,false,false,,,,,,false,false,false,,,false,false,false,false,false,-83.06164,42.34861,"{
  ""coordinates"": [
    -8.306163863400000e+01,
    4.234861163600000e+01
  ],
  ""type"": ""Point""
}","{
  ""coordinates"": [
    -83.061638634,
    42.348611636
  ],
  ""type"": ""Point""
}",-83.061638634,42.348611636
3269,9465508,OMAHA,FORT,2015-11-06,6,11,2015,19,6,1,3,,,0,,1,1,4,0,3,2,1,5,0,0,0,0,true,,false,false,true,false,false,,,,,,true,false,false,,,false,false,false,false,false,-83.16032,42.2708,"{
  ""coordinates"": [
    -8.316032035200000e+01,
    4.227079680800010e+01
  ],
  ""type"": ""Point""
}","{
  ""coordinates"": [
    -83.160320352,
    42.270796808
  ],
  ""type"": ""Point""
}",-83.160320352,42.2707968080001
3270,9420990,RAMP 213P,E I 94,2015-11-06,6,11,2015,2,6,1,1,,1,1,,2,1,4,55,1,1,1,5,0,0,0,0,true,,false,false,false,false,false,,,,,,false,false,false,,,false,false,false,false,false,-83.09803,42.35048,"{
  ""coordinates"": [
    -8.309802867499999e+01,
    4.235047779900000e+01
  ],
  ""type"": ""Point""
}","{
  ""coordinates"": [
    -83.098028675,
    42.350477799
  ],
  ""type"": ""Point""
}",-83.098028675,42.350477799
3271,9418835,OUTER,HELEN,2015-11-06,6,11,2015,2,6,4,9,,2,0,,2,4,3,35,1,2,2,4,0,0,0,1,false,,false,false,true,false,false,,,,,,false,false,true,,,false,false,false,false,false,-83.03198,42.44097,"{
  ""coordinates"": [
    -8.303198163799991e+01,
    4.244097048100010e+01
  ],
  ""type"": ""Point""
}","{
  ""coordinates"": [
    -83.031981638,
    42.440970481
  ],
  ""type"": ""Point""
}",-83.0319816379999,42.4409704810001
3272,9418877,DAVISON,ROSA PARKS,2015-11-06,6,11,2015,11,6,4,3,,1,0,,1,1,1,35,6,2,3,5,0,0,0,0,true,,false,false,false,false,false,,,,,,false,true,false,,,false,false,false,false,false,-83.11319,42.3963,"{
  ""coordinates"": [
    -8.311318661199989e+01,
    4.239629777000000e+01
  ],
  ""type"": ""Point""
}","{
  ""coordinates"": [
    -83.113186612,
    42.39629777
  ],
  ""type"": ""Point""
}",-83.1131866119999,42.39629777
3273,9432381,OUTER,7 MILE,2015-11-06,6,11,2015,13,6,4,9,,2,0,,1,1,1,35,4,2,9,3,0,0,2,2,false,,true,true,false,false,false,,,,,,false,false,false,,,false,false,false,false,false,-83.01459,42.4342,"{
  ""coordinates"": [
    -8.301458885100000e+01,
    4.243420014700010e+01
  ],
  ""type"": ""Point""
}","{
  ""coordinates"": [
    -83.014588851,
    42.434200147
  ],
  ""type"": ""Point""
}",-83.014588851,42.4342001470001
3274,9425629,OGDEN,ARNOLD,2015-11-06,6,11,2015,16,6,9,9,,,0,,1,1,1,25,2,2,2,5,0,0,0,0,true,,false,false,false,false,false,,,,,,false,false,true,,,false,false,false,false,false,-83.14482,42.32794,"{
  ""coordinates"": [
    -8.314482379000000e+01,
    4.232793891300000e+01
  ],
  ""type"": ""Point""
}","{
  ""coordinates"": [
    -83.14482379,
    42.327938913
  ],
  ""type"": ""Point""
}",-83.14482379,42.327938913
3275,9425647,OUTER,LINDSAY,2015-11-06,6,11,2015,15,6,97,9,,2,0,,1,1,1,25,2,2,2,5,0,0,0,0,true,,false,false,false,false,false,,,,,,false,true,false,,,false,false,false,false,false,-83.21343,42.41918,"{
  ""coordinates"": [
    -8.321343479200000e+01,
    4.241917759300000e+01
  ],
  ""type"": ""Point""
}","{
  ""coordinates"": [
    -83.213434792,
    42.419177593
  ],
  ""type"": ""Point""
}",-83.213434792,42.419177593
3276,9418848,WARREN,CHENE,2015-11-06,6,11,2015,10,6,4,9,,4,0,,1,1,1,30,2,2,2,5,0,0,0,0,true,,false,false,false,false,false,,,,,,false,false,false,,,false,false,false,false,false,-83.04079,42.3657,"{
  ""coordinates"": [
    -8.304078359399990e+01,
    4.236569547000000e+01
  ],
  ""type"": ""Point""
}","{
  ""coordinates"": [
    -83.040783594,
    42.36569547
  ],
  ""type"": ""Point""
}",-83.0407835939999,42.36569547
3277,9418844,N I 75 SERVICE DRIVE,DRAGOON,2015-11-06,6,11,2015,8,6,4,9,,4,0,,2,4,1,25,2,2,1,3,0,0,1,0,false,,false,false,true,false,false,,,,,,false,false,false,,,false,false,false,false,false,-83.10273,42.30777,"{
  ""coordinates"": [
    -8.310272811599999e+01,
    4.230776699000010e+01
  ],
  ""type"": ""Point""
}","{
  ""coordinates"": [
    -83.102728116,
    42.30776699
  ],
  ""type"": ""Point""
}",-83.102728116,42.3077669900001
3278,9420039,PURITAN,LIVERNOIS,2015-11-06,6,11,2015,10,6,4,9,,4,0,,2,2,1,30,3,2,3,5,0,0,0,0,true,,false,false,false,false,false,,,,,,false,false,true,,,false,false,false,false,false,-83.14067,42.4099,"{
  ""coordinates"": [
    -8.314066891800000e+01,
    4.240990088700000e+01
  ],
  ""type"": ""Point""
}","{
  ""coordinates"": [
    -83.140668918,
    42.409900887
  ],
  ""type"": ""Point""
}",-83.140668918,42.409900887
3279,9434251,DAVISON,MANOR,2015-11-06,6,11,2015,6,6,1,9,,4,1,,1,98,1,65,2,1,1,5,0,0,0,0,true,,false,false,false,false,false,,,,,,false,false,false,,,false,false,false,false,false,-83.16801,42.38584,"{
  ""coordinates"": [
    -8.316801816200000e+01,
    4.238584259300010e+01
  ],
  ""type"": ""Point""
}","{
  ""coordinates"": [
    -83.168018162,
    42.385842593
  ],
  ""type"": ""Point""
}",-83.168018162,42.3858425930001
3280,9418912,LAPPIN,GRATIOT,2015-11-06,6,11,2015,11,6,4,3,,,0,,1,1,1,25,1,2,4,5,0,0,0,0,true,,true,false,true,false,false,,,,,,false,false,false,,,false,false,false,false,false,-82.97668,42.43716,"{
  ""coordinates"": [
    -8.297668070600000e+01,
    4.243715741900010e+01
  ],
  ""type"": ""Point""
}","{
  ""coordinates"": [
    -82.976680706,
    42.437157419
  ],
  ""type"": ""Point""
}",-82.976680706,42.4371574190001
3281,9418855,7764 HEYDEN,SAWYER,2015-11-06,6,11,2015,13,6,8,9,,,0,,1,1,1,25,2,2,1,5,0,0,0,0,true,,false,false,true,false,false,,,,,,false,true,false,,,false,false,false,false,false,-83.23799,42.34732,"{
  ""coordinates"": [
    -8.323798977900000e+01,
    4.234732254800010e+01
  ],
  ""type"": ""Point""
}","{
  ""coordinates"": [
    -83.237989779,
    42.347322548
  ],
  ""type"": ""Point""
}",-83.237989779,42.3473225480001
3282,9418930,DAVISON,LINWOOD,2015-11-06,6,11,2015,8,6,4,3,,1,0,,1,4,1,35,7,2,2,5,0,0,0,0,true,,false,false,false,false,false,,,,,,false,false,false,,,false,false,false,false,false,-83.12196,42.39304,"{
  ""coordinates"": [
    -8.312195211600000e+01,
    4.239304298500010e+01
  ],
  ""type"": ""Point""
}","{
  ""coordinates"": [
    -83.121952116,
    42.393042985
  ],
  ""type"": ""Point""
}",-83.121952116,42.3930429850001
3283,9418846,MICHIGAN,CENTRAL,2015-11-06,6,11,2015,0,6,1,2,,1,0,,2,4,5,35,5,2,1,2,0,1,0,0,false,,false,false,false,true,false,,,,,,true,false,false,,,false,false,false,false,false,-83.13749,42.3311,"{
  ""coordinates"": [
    -8.313749076600000e+01,
    4.233109822100000e+01
  ],
  ""type"": ""Point""
}","{
  ""coordinates"": [
    -83.137490766,
    42.331098221
  ],
  ""type"": ""Point""
}",-83.137490766,42.331098221
3284,9425357,I 75,OUTER,2015-11-06,6,11,2015,15,6,5,1,,1,0,,1,1,1,70,3,2,2,5,0,0,0,0,true,,false,false,false,false,false,,,,,,false,true,false,,,false,false,false,false,false,-83.16734,42.26739,"{
  ""coordinates"": [
    -8.316734626999990e+01,
    4.226738815400010e+01
  ],
  ""type"": ""Point""
}","{
  ""coordinates"": [
    -83.16734627,
    42.267388154
  ],
  ""type"": ""Point""
}",-83.1673462699999,42.2673881540001
3285,9418899,CADIEUX,WARREN,2015-11-06,6,11,2015,11,6,5,9,,4,0,,1,1,1,30,5,3,2,5,0,0,0,0,true,,false,false,true,false,false,,,,,,false,true,false,,,false,false,false,false,false,-82.93031,42.40682,"{
  ""coordinates"": [
    -8.293030621199991e+01,
    4.240681825700010e+01
  ],
  ""type"": ""Point""
}","{
  ""coordinates"": [
    -82.930306212,
    42.406818257
  ],
  ""type"": ""Point""
}",-82.9303062119999,42.4068182570001
3286,9425359,E I 96,MEYERS,2015-11-06,6,11,2015,8,6,8,1,,1,0,,1,2,1,70,3,2,3,5,0,0,0,0,true,,false,false,false,false,false,,,,,,false,false,false,,,false,false,false,false,false,-83.16666,42.38525,"{
  ""coordinates"": [
    -8.316666401499999e+01,
    4.238525188500010e+01
  ],
  ""type"": ""Point""
}","{
  ""coordinates"": [
    -83.166664015,
    42.385251885
  ],
  ""type"": ""Point""
}",-83.166664015,42.3852518850001
3287,9418889,GRAND RIVER,GREENFIELD,2015-11-06,6,11,2015,20,6,5,3,,1,0,,1,1,5,35,5,2,3,5,0,0,0,0,true,,false,false,true,false,false,,,,,,false,false,false,,,false,false,false,false,false,-83.19836,42.39265,"{
  ""coordinates"": [
    -8.319835688900000e+01,
    4.239265488500010e+01
  ],
  ""type"": ""Point""
}","{
  ""coordinates"": [
    -83.198356889,
    42.392654885
  ],
  ""type"": ""Point""
}",-83.198356889,42.3926548850001
3288,9419982,MICHIGAN,WEIR,2015-11-06,6,11,2015,16,6,3,2,,1,0,,1,1,1,35,5,2,4,5,0,0,0,0,true,,false,false,false,false,false,,,,,,false,true,false,,,false,false,false,false,false,-83.15236,42.32898,"{
  ""coordinates"": [
    -8.315236044999990e+01,
    4.232897604500000e+01
  ],
  ""type"": ""Point""
}","{
  ""coordinates"": [
    -83.15236045,
    42.328976045
  ],
  ""type"": ""Point""
}",-83.1523604499999,42.328976045
3289,9422154,FERRY,JOHN R,2015-11-06,6,11,2015,8,6,4,9,,4,0,,1,1,1,30,2,2,5,5,0,0,0,0,true,,false,false,false,false,false,,,,,,false,false,false,,,false,false,false,false,false,-83.06497,42.36193,"{
  ""coordinates"": [
    -8.306497429500000e+01,
    4.236193081300010e+01
  ],
  ""type"": ""Point""
}","{
  ""coordinates"": [
    -83.064974295,
    42.361930813
  ],
  ""type"": ""Point""
}",-83.064974295,42.3619308130001
3290,9418885,ELMIRA,FORRER,2015-11-06,6,11,2015,2,6,1,9,,,0,,2,4,4,25,1,2,1,4,0,0,0,1,false,,false,false,true,false,false,,,,,,true,false,false,,,false,false,false,false,false,-83.20111,42.37014,"{
  ""coordinates"": [
    -8.320111405900001e+01,
    4.237013662300010e+01
  ],
  ""type"": ""Point""
}","{
  ""coordinates"": [
    -83.201114059,
    42.370136623
  ],
  ""type"": ""Point""
}",-83.201114059,42.3701366230001
3291,9423111,RAMP 029E,S I 75,2015-11-06,6,11,2015,7,6,1,1,,1,1,,2,4,1,70,4,1,1,5,0,0,0,0,true,,false,false,false,false,false,,,,,,false,false,false,,,false,false,false,false,false,-83.15826,42.27701,"{
  ""coordinates"": [
    -8.315826470300000e+01,
    4.227700857900000e+01
  ],
  ""type"": ""Point""
}","{
  ""coordinates"": [
    -83.158264703,
    42.277008579
  ],
  ""type"": ""Point""
}",-83.158264703,42.277008579
3292,9427481,COCHRANE,ASH,2015-11-06,6,11,2015,11,6,5,9,,,0,,1,2,1,25,2,2,6,4,0,0,0,2,false,,false,false,true,false,false,,,,,,false,true,false,,,false,false,false,false,false,-83.07402,42.33955,"{
  ""coordinates"": [
    -8.307401852800000e+01,
    4.233955174200000e+01
  ],
  ""type"": ""Point""
}","{
  ""coordinates"": [
    -83.074018528,
    42.339551742
  ],
  ""type"": ""Point""
}",-83.074018528,42.339551742
3293,9421165,7 MILE,HAYES,2015-11-06,6,11,2015,6,6,4,9,,2,0,,2,4,4,30,2,2,0,5,0,0,0,0,true,,false,false,true,false,false,,,,,,false,false,false,,,false,false,false,false,false,-82.96542,42.43542,"{
  ""coordinates"": [
    -8.296542349299990e+01,
    4.243542286700010e+01
  ],
  ""type"": ""Point""
}","{
  ""coordinates"": [
    -82.965423493,
    42.435422867
  ],
  ""type"": ""Point""
}",-82.9654234929999,42.4354228670001
3294,9418870,PURITAN,MANSFIELD,2015-11-06,6,11,2015,14,6,5,9,,4,0,,1,2,1,30,2,2,4,4,0,0,0,1,false,,false,false,false,false,false,,,,,,false,false,true,,,false,false,false,false,false,-83.20551,42.40863,"{
  ""coordinates"": [
    -8.320551501800000e+01,
    4.240862822100010e+01
  ],
  ""type"": ""Point""
}","{
  ""coordinates"": [
    -83.205515018,
    42.408628221
  ],
  ""type"": ""Point""
}",-83.205515018,42.4086282210001
3295,9421224,SHERWOOD,NEVADA,2015-11-06,6,11,2015,15,6,4,9,,4,0,,1,1,1,30,4,2,3,4,0,0,0,1,false,,false,false,false,false,false,,,,,,false,false,false,,,false,false,false,false,false,-83.03347,42.42659,"{
  ""coordinates"": [
    -8.303347395199999e+01,
    4.242658940300000e+01
  ],
  ""type"": ""Point""
}","{
  ""coordinates"": [
    -83.033473952,
    42.426589403
  ],
  ""type"": ""Point""
}",-83.033473952,42.426589403
3296,9418867,BUCHANAN,CAMPBELL,2015-11-06,6,11,2015,8,6,8,9,,4,0,,2,2,1,25,4,2,1,5,0,0,0,0,true,,false,false,false,false,false,,,,,,false,false,false,,,false,false,false,false,false,-83.1162,42.33452,"{
  ""coordinates"": [
    -8.311619645600000e+01,
    4.233451972600010e+01
  ],
  ""type"": ""Point""
}","{
  ""coordinates"": [
    -83.116196456,
    42.334519726
  ],
  ""type"": ""Point""
}",-83.116196456,42.3345197260001
3297,9423140,M-39,FORD,2015-11-06,6,11,2015,18,6,5,3,,1,0,,1,1,4,55,3,2,2,5,0,0,0,0,true,,false,false,false,false,false,,,,,,false,false,false,,,false,false,false,false,false,-83.21594,42.33633,"{
  ""coordinates"": [
    -8.321594275699989e+01,
    4.233632873100000e+01
  ],
  ""type"": ""Point""
}","{
  ""coordinates"": [
    -83.215942757,
    42.336328731
  ],
  ""type"": ""Point""
}",-83.2159427569999,42.336328731
3298,9421219,OUTER,DICKERSON,2015-11-06,6,11,2015,19,6,4,9,,2,0,,1,1,4,35,2,2,1,5,0,0,0,0,true,,false,false,true,false,false,,,,,,false,false,false,,,false,false,false,false,false,-82.97939,42.41214,"{
  ""coordinates"": [
    -8.297938217399999e+01,
    4.241214379700010e+01
  ],
  ""type"": ""Point""
}","{
  ""coordinates"": [
    -82.979382174,
    42.412143797
  ],
  ""type"": ""Point""
}",-82.979382174,42.4121437970001
3299,9420040,7 MILE,WARRINGTON,2015-11-06,6,11,2015,14,6,4,9,,2,0,,1,1,1,30,4,2,2,4,0,0,0,1,false,,false,false,false,false,false,,,,,,false,false,false,,,false,false,false,false,false,-83.14013,42.43163,"{
  ""coordinates"": [
    -8.314012540100001e+01,
    4.243163091900000e+01
  ],
  ""type"": ""Point""
}","{
  ""coordinates"": [
    -83.140125401,
    42.431630919
  ],
  ""type"": ""Point""
}",-83.140125401,42.431630919
3300,9460500,HOYT,CARLISLE,2015-11-06,6,11,2015,8,6,4,9,,,0,,2,2,1,25,2,2,2,5,0,0,0,0,true,,true,false,false,false,false,,,,,,false,false,true,,,false,false,false,false,false,-82.98075,42.44865,"{
  ""coordinates"": [
    -8.298074781299989e+01,
    4.244864889100010e+01
  ],
  ""type"": ""Point""
}","{
  ""coordinates"": [
    -82.980747813,
    42.448648891
  ],
  ""type"": ""Point""
}",-82.9807478129999,42.4486488910001
3301,9418866,FENKELL,GRIGGS,2015-11-06,6,11,2015,10,6,5,9,,2,0,,2,1,1,35,2,2,2,4,0,0,0,1,false,,false,false,true,false,false,,,,,,false,false,false,,,false,false,false,false,false,-83.16289,42.40243,"{
  ""coordinates"": [
    -8.316288940399990e+01,
    4.240242914700010e+01
  ],
  ""type"": ""Point""
}","{
  ""coordinates"": [
    -83.162889404,
    42.402429147
  ],
  ""type"": ""Point""
}",-83.1628894039999,42.4024291470001
3302,9421196,LIVERNOIS,BUCHANAN,2015-11-06,6,11,2015,8,6,5,9,,4,0,,2,2,1,35,4,2,4,5,0,0,0,0,true,,false,false,false,false,false,,,,,,false,false,false,,,false,false,false,false,false,-83.12131,42.33246,"{
  ""coordinates"": [
    -8.312131055700000e+01,
    4.233245746600010e+01
  ],
  ""type"": ""Point""
}","{
  ""coordinates"": [
    -83.121310557,
    42.332457466
  ],
  ""type"": ""Point""
}",-83.121310557,42.3324574660001
3303,9418920,S M 10,E M 8,2015-11-06,6,11,2015,8,6,5,3,,1,0,,1,1,1,55,3,2,2,5,0,0,0,0,true,,false,false,true,false,false,,,,,,false,false,false,,,false,false,false,false,false,-83.10999,42.39768,"{
  ""coordinates"": [
    -8.310998404100000e+01,
    4.239768330800010e+01
  ],
  ""type"": ""Point""
}","{
  ""coordinates"": [
    -83.109984041,
    42.397683308
  ],
  ""type"": ""Point""
}",-83.109984041,42.3976833080001
3304,9418917,LAHSER,7 MILE,2015-11-06,6,11,2015,8,6,4,9,,2,0,,2,2,1,35,2,2,2,5,0,0,0,0,true,,false,false,false,false,false,,,,,,false,false,false,,,false,false,false,false,false,-83.25829,42.42932,"{
  ""coordinates"": [
    -8.325829323900000e+01,
    4.242932118300010e+01
  ],
  ""type"": ""Point""
}","{
  ""coordinates"": [
    -83.258293239,
    42.429321183
  ],
  ""type"": ""Point""
}",-83.258293239,42.4293211830001
3305,9427454,S I 75 SERVICE DRIVE,BRUSH,2015-11-06,6,11,2015,23,6,5,9,,4,0,,1,1,3,55,3,2,2,5,0,0,0,0,true,,false,false,false,true,false,,,,,,false,false,false,,,false,false,false,false,false,-83.04954,42.34171,"{
  ""coordinates"": [
    -8.304953861400000e+01,
    4.234170856400000e+01
  ],
  ""type"": ""Point""
}","{
  ""coordinates"": [
    -83.049538614,
    42.341708564
  ],
  ""type"": ""Point""
}",-83.049538614,42.341708564
3306,9425652,MCNICHOLS,ASHTON,2015-11-06,6,11,2015,13,6,97,9,,2,0,,1,1,1,25,2,2,2,5,0,0,0,0,true,,false,false,false,false,false,,,,,,false,true,false,,,false,false,false,false,false,-83.22007,42.41553,"{
  ""coordinates"": [
    -8.322007109299990e+01,
    4.241553132500010e+01
  ],
  ""type"": ""Point""
}","{
  ""coordinates"": [
    -83.220071093,
    42.415531325
  ],
  ""type"": ""Point""
}",-83.2200710929999,42.4155313250001
3307,9440367,RAMP 211B,ADDISON,2015-11-06,6,11,2015,19,6,1,1,,1,0,,1,1,5,35,2,2,1,5,0,0,0,0,true,,false,false,true,false,false,,,,,,false,false,false,,,false,false,false,true,false,-83.15121,42.33048,"{
  ""coordinates"": [
    -8.315120982500000e+01,
    4.233047857600010e+01
  ],
  ""type"": ""Point""
}","{
  ""coordinates"": [
    -83.151209825,
    42.330478576
  ],
  ""type"": ""Point""
}",-83.151209825,42.3304785760001