ObjectId,Crash ID,Primary Road,Intersecting Road,Crash Date,Day,Month,Year,Hour,Weekday,Crash Type Code,Highway Classification Code,Community Code,Jurisdiction Code,Lane Departure Type Code,Surface Type,Road Condition,Weather Condition,Lighting Condition,Speed Limit,Lanes,Units,Occupants,Most Severe Injury,Fatal Injuries,Suspected Serious Injuries,Suspected Minor Injuries,Possible Injuries,Property Damage Only,Secondary Crash,Traffic Control,Red Light Run,Hit and Run,Alcohol,Drugs,Unbelted Person,Work Zone,Speeding Driver,Distracted Driver,Driveway,Pedestrian,Elderly Driver,Young Driver,Commercial Vehicle,Emergency Vehicles,Train,School Bus,Motorcycle,Bicycle,Deer,Longitude,Latitude,geom,geog,x,y
3308,9423109,W M 8,N M 10,2015-11-05,5,11,2015,17,5,5,3,,1,0,,1,1,1,55,5,2,2,5,0,0,0,0,true,,false,false,false,false,false,,,,,,false,false,false,,,false,false,false,false,false,-83.10952,42.39861,"{
  ""coordinates"": [
    -8.310952122200000e+01,
    4.239861316200010e+01
  ],
  ""type"": ""Point""
}","{
  ""coordinates"": [
    -83.109521222,
    42.398613162
  ],
  ""type"": ""Point""
}",-83.109521222,42.3986131620001
3309,9420999,I-94,DICKERSON,2015-11-05,5,11,2015,18,5,5,1,,1,0,,1,2,5,55,3,4,4,5,0,0,0,0,true,,false,false,false,false,false,,,,,,false,false,false,,,false,false,false,false,false,-82.96838,42.4026,"{
  ""coordinates"": [
    -8.296838164499999e+01,
    4.240259507700010e+01
  ],
  ""type"": ""Point""
}","{
  ""coordinates"": [
    -82.968381645,
    42.402595077
  ],
  ""type"": ""Point""
}",-82.968381645,42.4025950770001
3310,9419997,8 MILE,TELEGRAPH,2015-11-05,5,11,2015,18,5,5,3,,1,0,,1,1,3,25,1,2,2,5,0,0,0,0,true,,false,false,false,false,false,,,,,,false,false,true,,,false,false,false,false,false,-83.27824,42.44274,"{
  ""coordinates"": [
    -8.327823425100000e+01,
    4.244273896300010e+01
  ],
  ""type"": ""Point""
}","{
  ""coordinates"": [
    -83.278234251,
    42.442738963
  ],
  ""type"": ""Point""
}",-83.278234251,42.4427389630001
3311,9427509,SAINT ANTOINE,WARREN,2015-11-05,5,11,2015,17,5,97,9,,4,0,,1,1,4,35,4,2,2,5,0,0,0,0,true,,false,false,false,false,false,,,,,,false,false,true,,,false,false,false,false,false,-83.05706,42.3598,"{
  ""coordinates"": [
    -8.305705872199999e+01,
    4.235980062100000e+01
  ],
  ""type"": ""Point""
}","{
  ""coordinates"": [
    -83.057058722,
    42.359800621
  ],
  ""type"": ""Point""
}",-83.057058722,42.359800621
3312,9428599,CHICAGO,WOODMONT,2015-11-05,5,11,2015,15,5,1,9,,4,1,,1,1,1,30,4,1,1,4,0,0,0,1,false,,false,false,false,false,false,,,,,,false,false,false,,,false,false,false,false,false,-83.20812,42.3652,"{
  ""coordinates"": [
    -8.320812296799990e+01,
    4.236519638100000e+01
  ],
  ""type"": ""Point""
}","{
  ""coordinates"": [
    -83.208122968,
    42.365196381
  ],
  ""type"": ""Point""
}",-83.2081229679999,42.365196381
3313,9425343,E/B I-94,LIVERNOIS,2015-11-05,5,11,2015,20,5,5,1,,1,0,,1,1,4,55,3,2,2,5,0,0,0,0,true,,false,false,false,false,false,,,,,,false,false,false,,,false,false,false,false,false,-83.12312,42.33801,"{
  ""coordinates"": [
    -8.312312597300000e+01,
    4.233800949000000e+01
  ],
  ""type"": ""Point""
}","{
  ""coordinates"": [
    -83.123125973,
    42.33800949
  ],
  ""type"": ""Point""
}",-83.123125973,42.33800949
3314,9423244,WOODWARD,SEWARD,2015-11-05,5,11,2015,16,5,8,3,,1,0,,1,2,1,30,7,2,0,5,0,0,0,0,true,,false,false,true,false,false,,,,,,false,false,false,,,false,false,false,false,false,-83.07646,42.37499,"{
  ""coordinates"": [
    -8.307646471299999e+01,
    4.237498977400000e+01
  ],
  ""type"": ""Point""
}","{
  ""coordinates"": [
    -83.076464713,
    42.374989774
  ],
  ""type"": ""Point""
}",-83.076464713,42.374989774
3315,9418861,MOUNT ELLIOTT,W I 94,2015-11-05,5,11,2015,8,5,3,9,,4,0,,1,1,1,30,2,2,2,5,0,0,0,0,true,,false,false,false,false,false,,,,,,false,true,false,,,false,false,false,false,false,-83.03384,42.37926,"{
  ""coordinates"": [
    -8.303383716000000e+01,
    4.237925633300010e+01
  ],
  ""type"": ""Point""
}","{
  ""coordinates"": [
    -83.03383716,
    42.379256333
  ],
  ""type"": ""Point""
}",-83.03383716,42.3792563330001
3316,9423131,I-94,M-10,2015-11-05,5,11,2015,16,5,5,1,,1,0,,1,1,1,55,3,2,2,5,0,0,0,0,true,,false,false,true,false,false,,,,,,false,false,false,,,false,false,false,false,false,-83.07571,42.35984,"{
  ""coordinates"": [
    -8.307571424199990e+01,
    4.235984388500000e+01
  ],
  ""type"": ""Point""
}","{
  ""coordinates"": [
    -83.075714242,
    42.359843885
  ],
  ""type"": ""Point""
}",-83.0757142419999,42.359843885
3317,9427467,WYOMING,CHALFONTE,2015-11-05,5,11,2015,18,5,5,9,,4,0,,97,98,98,30,2,2,2,5,0,0,0,0,true,,false,false,false,false,false,,,,,,false,false,false,,,false,false,false,false,false,-83.15957,42.40027,"{
  ""coordinates"": [
    -8.315956629800000e+01,
    4.240026848900000e+01
  ],
  ""type"": ""Point""
}","{
  ""coordinates"": [
    -83.159566298,
    42.400268489
  ],
  ""type"": ""Point""
}",-83.159566298,42.400268489
3318,9418876,CLAIRMOUNT,14TH,2015-11-05,5,11,2015,16,5,4,9,,4,0,,1,1,1,30,2,2,6,4,0,0,0,3,false,,true,true,false,false,false,,,,,,false,false,true,,,false,false,false,false,false,-83.10288,42.37512,"{
  ""coordinates"": [
    -8.310288129500000e+01,
    4.237512022300010e+01
  ],
  ""type"": ""Point""
}","{
  ""coordinates"": [
    -83.102881295,
    42.375120223
  ],
  ""type"": ""Point""
}",-83.102881295,42.3751202230001
3319,9417091,BENITEAU,VERNOR,2015-11-05,5,11,2015,9,5,4,9,,,0,,1,1,1,25,4,2,3,5,0,0,0,0,true,,true,false,false,false,false,,,,,,false,false,true,,,false,false,false,false,false,-82.97487,42.37112,"{
  ""coordinates"": [
    -8.297487199400000e+01,
    4.237112382100000e+01
  ],
  ""type"": ""Point""
}","{
  ""coordinates"": [
    -82.974871994,
    42.371123821
  ],
  ""type"": ""Point""
}",-82.974871994,42.371123821
3320,9417098,I-75,GRANDRIVER,2015-11-05,5,11,2015,8,5,5,1,,1,0,,1,1,1,55,4,2,1,5,0,0,0,0,true,,false,false,true,false,false,,,,,,false,false,false,,,false,false,false,false,false,-83.05957,42.33654,"{
  ""coordinates"": [
    -8.305956859000000e+01,
    4.233653587500000e+01
  ],
  ""type"": ""Point""
}","{
  ""coordinates"": [
    -83.05956859,
    42.336535875
  ],
  ""type"": ""Point""
}",-83.05956859,42.336535875
3321,9416931,RAMP 122E,RAMP 122K,2015-11-05,5,11,2015,7,5,1,3,,1,1,,1,1,1,70,1,1,1,5,0,0,0,0,true,,false,false,false,false,false,,,,,,false,false,true,,,false,false,false,false,false,-83.06419,42.33557,"{
  ""coordinates"": [
    -8.306418639799990e+01,
    4.233557044200010e+01
  ],
  ""type"": ""Point""
}","{
  ""coordinates"": [
    -83.064186398,
    42.335570442
  ],
  ""type"": ""Point""
}",-83.0641863979999,42.3355704420001
3322,9434601,MACK,BERKSHIRE,2015-11-05,5,11,2015,18,5,9,9,,2,0,,1,1,4,30,4,2,3,5,0,0,0,0,true,,false,false,false,false,false,,,,,,false,true,true,,,false,false,false,false,false,-82.93767,42.38917,"{
  ""coordinates"": [
    -8.293767072500000e+01,
    4.238917152600000e+01
  ],
  ""type"": ""Point""
}","{
  ""coordinates"": [
    -82.937670725,
    42.389171526
  ],
  ""type"": ""Point""
}",-82.937670725,42.389171526
3323,9418927,COLLINGHAM,CRUSADE,2015-11-05,5,11,2015,15,5,4,9,,,0,,1,1,1,25,2,2,2,5,0,0,0,0,true,,true,false,false,false,false,,,,,,false,false,true,,,false,false,false,false,false,-82.96108,42.44818,"{
  ""coordinates"": [
    -8.296108368300000e+01,
    4.244818325700000e+01
  ],
  ""type"": ""Point""
}","{
  ""coordinates"": [
    -82.961083683,
    42.448183257
  ],
  ""type"": ""Point""
}",-82.961083683,42.448183257
3324,9421223,DAVISON,GABLE,2015-11-05,5,11,2015,16,5,5,9,,4,0,,1,2,3,30,4,2,3,4,0,0,0,1,false,,false,false,false,false,false,,,,,,false,false,false,,,false,false,false,false,false,-83.04223,42.42283,"{
  ""coordinates"": [
    -8.304222946100001e+01,
    4.242283147500010e+01
  ],
  ""type"": ""Point""
}","{
  ""coordinates"": [
    -83.042229461,
    42.422831475
  ],
  ""type"": ""Point""
}",-83.042229461,42.4228314750001
3325,9417079,MOROSS,E I 94,2015-11-05,5,11,2015,14,5,97,9,,2,0,,1,1,1,35,3,2,3,5,0,0,0,0,true,,false,false,false,false,false,,,,,,false,false,true,,,false,false,false,false,false,-82.92847,42.42467,"{
  ""coordinates"": [
    -8.292846722900001e+01,
    4.242466982500010e+01
  ],
  ""type"": ""Point""
}","{
  ""coordinates"": [
    -82.928467229,
    42.424669825
  ],
  ""type"": ""Point""
}",-82.928467229,42.4246698250001
3326,9418925,OUTER,LINNHURST,2015-11-05,5,11,2015,21,5,1,9,,2,1,,1,1,4,35,2,1,0,5,0,0,0,0,true,,false,false,true,false,false,,,,,,false,false,false,,,false,false,false,false,false,-83.01415,42.43016,"{
  ""coordinates"": [
    -8.301415255300000e+01,
    4.243015879700000e+01
  ],
  ""type"": ""Point""
}","{
  ""coordinates"": [
    -83.014152553,
    42.430158797
  ],
  ""type"": ""Point""
}",-83.014152553,42.430158797
3327,9425340,W I 96 CD,CSX TRANSPORTATION,2015-11-05,5,11,2015,2,5,1,1,,1,1,,1,2,4,55,4,1,1,5,0,0,0,0,true,,false,false,false,false,false,,,,,,false,false,true,,,false,false,false,false,false,-83.19096,42.37983,"{
  ""coordinates"": [
    -8.319096513200000e+01,
    4.237983399800000e+01
  ],
  ""type"": ""Point""
}","{
  ""coordinates"": [
    -83.190965132,
    42.379833998
  ],
  ""type"": ""Point""
}",-83.190965132,42.379833998
3328,9417071,CONNER,FRANKFORT,2015-11-05,5,11,2015,18,5,2,9,,4,0,,1,1,4,35,4,2,3,4,0,0,0,1,false,,false,false,false,false,false,,,,,,false,false,false,,,false,false,false,false,false,-82.97877,42.39021,"{
  ""coordinates"": [
    -8.297876805399990e+01,
    4.239021310800010e+01
  ],
  ""type"": ""Point""
}","{
  ""coordinates"": [
    -82.978768054,
    42.390213108
  ],
  ""type"": ""Point""
}",-82.9787680539999,42.3902131080001
3329,9417072,CHALMERS,ESSEX,2015-11-05,5,11,2015,11,5,4,9,,,0,,1,1,1,25,1,2,2,5,0,0,0,0,true,,false,false,true,false,false,,,,,,false,false,false,,,false,false,false,false,false,-82.94102,42.36747,"{
  ""coordinates"": [
    -8.294101336499990e+01,
    4.236747302400000e+01
  ],
  ""type"": ""Point""
}","{
  ""coordinates"": [
    -82.941013365,
    42.367473024
  ],
  ""type"": ""Point""
}",-82.9410133649999,42.367473024
3330,9434271,THIRD,SELDON,2015-11-05,5,11,2015,12,5,4,9,,4,0,,1,1,1,30,3,2,6,4,0,0,0,3,false,,true,true,false,false,false,,,,,,false,false,true,,,false,false,false,false,false,-83.06665,42.34673,"{
  ""coordinates"": [
    -8.306664741600000e+01,
    4.234673004500010e+01
  ],
  ""type"": ""Point""
}","{
  ""coordinates"": [
    -83.066647416,
    42.346730045
  ],
  ""type"": ""Point""
}",-83.066647416,42.3467300450001
3331,9416968,S M 10,RAMP 215F,2015-11-05,5,11,2015,9,5,8,3,,1,0,,1,1,1,55,3,2,2,5,0,0,0,0,true,,false,false,false,false,false,,,,,,false,false,false,,,false,false,false,false,false,-83.07755,42.36052,"{
  ""coordinates"": [
    -8.307755221699990e+01,
    4.236051912200000e+01
  ],
  ""type"": ""Point""
}","{
  ""coordinates"": [
    -83.077552217,
    42.360519122
  ],
  ""type"": ""Point""
}",-83.0775522169999,42.360519122
3332,9421976,I-94,FRENCH,2015-11-05,5,11,2015,15,5,5,1,,1,0,,1,1,1,55,3,2,1,4,0,0,0,1,false,,false,false,true,false,false,,,,,,false,false,false,,,false,false,false,false,false,-82.99657,42.39217,"{
  ""coordinates"": [
    -8.299656749099999e+01,
    4.239217043400000e+01
  ],
  ""type"": ""Point""
}","{
  ""coordinates"": [
    -82.996567491,
    42.392170434
  ],
  ""type"": ""Point""
}",-82.996567491,42.392170434
3333,9418908,VAN DYKE,NORVELLE,2015-11-05,5,11,2015,21,5,5,9,,4,0,,1,1,4,30,1,2,3,5,0,0,0,0,true,,false,false,false,false,false,,,,,,false,false,false,,,false,false,false,false,false,-83.01007,42.37246,"{
  ""coordinates"": [
    -8.301006908300000e+01,
    4.237246502500010e+01
  ],
  ""type"": ""Point""
}","{
  ""coordinates"": [
    -83.010069083,
    42.372465025
  ],
  ""type"": ""Point""
}",-83.010069083,42.3724650250001
3334,9418892,AMBASSADOR,DIBC CUSTOMS PLAZA,2015-11-05,5,11,2015,15,5,9,9,,7,0,,1,1,1,25,4,2,2,5,0,0,0,0,true,,false,false,false,false,false,,,,,,false,false,false,,,false,false,false,false,false,-83.07958,42.31935,"{
  ""coordinates"": [
    -8.307957916800000e+01,
    4.231935164300010e+01
  ],
  ""type"": ""Point""
}","{
  ""coordinates"": [
    -83.079579168,
    42.319351643
  ],
  ""type"": ""Point""
}",-83.079579168,42.3193516430001
3335,9421197,KELLY,YORKSHIRE,2015-11-05,5,11,2015,18,5,4,9,,4,0,,1,1,1,30,4,2,8,4,0,0,0,4,false,,false,false,true,false,false,,,,,,false,false,false,,,false,false,false,false,false,-82.96185,42.42295,"{
  ""coordinates"": [
    -8.296184285800000e+01,
    4.242294742500010e+01
  ],
  ""type"": ""Point""
}","{
  ""coordinates"": [
    -82.961842858,
    42.422947425
  ],
  ""type"": ""Point""
}",-82.961842858,42.4229474250001
3336,9441684,GREENFIELD,MAJESTIC,2015-11-05,5,11,2015,9,5,4,9,,2,0,,1,1,1,35,4,2,2,4,0,0,0,2,false,,false,false,false,false,false,,,,,,false,false,true,,,false,false,false,false,false,-83.19637,42.34605,"{
  ""coordinates"": [
    -8.319636468499991e+01,
    4.234604730200000e+01
  ],
  ""type"": ""Point""
}","{
  ""coordinates"": [
    -83.196364685,
    42.346047302
  ],
  ""type"": ""Point""
}",-83.1963646849999,42.346047302
3337,9427141,DAVISON,I-75,2015-11-05,5,11,2015,19,5,5,3,,1,0,,97,98,98,55,4,2,2,5,0,0,0,0,true,,false,false,false,false,false,,,,,,false,false,true,,,false,false,false,false,false,-83.07826,42.40895,"{
  ""coordinates"": [
    -8.307826230500000e+01,
    4.240895036700000e+01
  ],
  ""type"": ""Point""
}","{
  ""coordinates"": [
    -83.078262305,
    42.408950367
  ],
  ""type"": ""Point""
}",-83.078262305,42.408950367
3338,9420989,W I 94,CONNER,2015-11-05,5,11,2015,19,5,1,1,,1,1,,1,1,4,55,3,1,1,5,0,0,0,0,true,,false,false,false,false,false,,,,,,false,false,false,,,false,false,false,false,false,-82.98825,42.39627,"{
  ""coordinates"": [
    -8.298825200900001e+01,
    4.239626944800010e+01
  ],
  ""type"": ""Point""
}","{
  ""coordinates"": [
    -82.988252009,
    42.396269448
  ],
  ""type"": ""Point""
}",-82.988252009,42.3962694480001
3339,9421000,N I 75,SCHAEFER,2015-11-05,5,11,2015,19,5,5,1,,1,0,,1,2,4,70,4,2,2,5,0,0,0,0,true,,false,false,false,false,false,,,,,,false,false,true,,,false,false,false,false,false,-83.15526,42.27748,"{
  ""coordinates"": [
    -8.315525576100001e+01,
    4.227747617100000e+01
  ],
  ""type"": ""Point""
}","{
  ""coordinates"": [
    -83.155255761,
    42.277476171
  ],
  ""type"": ""Point""
}",-83.155255761,42.277476171
3340,9418884,DEQUINDRE,MACK,2015-11-05,5,11,2015,15,5,5,9,,5,0,,1,1,1,25,2,2,2,4,0,0,0,1,false,,false,false,false,false,false,,,,,,false,false,false,,,false,false,false,false,false,-83.04077,42.35429,"{
  ""coordinates"": [
    -8.304077297399991e+01,
    4.235428918100010e+01
  ],
  ""type"": ""Point""
}","{
  ""coordinates"": [
    -83.040772974,
    42.354289181
  ],
  ""type"": ""Point""
}",-83.0407729739999,42.3542891810001
3341,9418897,W I 94,S HARPER/N I 94,2015-11-05,5,11,2015,17,5,8,1,,1,0,,1,1,1,25,3,2,2,5,0,0,0,0,true,,false,false,false,false,false,,,,,,false,false,false,,,false,false,false,false,false,-82.9286,42.42483,"{
  ""coordinates"": [
    -8.292860207000000e+01,
    4.242483311100010e+01
  ],
  ""type"": ""Point""
}","{
  ""coordinates"": [
    -82.92860207,
    42.424833111
  ],
  ""type"": ""Point""
}",-82.92860207,42.4248331110001
3342,9425672,SPENCER,SAVAGE,2015-11-05,5,11,2015,20,5,8,9,,,0,,1,1,5,20,2,2,2,5,0,0,0,0,true,,true,false,false,false,false,,,,,,false,false,true,,,false,false,false,false,false,-83.02711,42.44605,"{
  ""coordinates"": [
    -8.302711440500001e+01,
    4.244605292300000e+01
  ],
  ""type"": ""Point""
}","{
  ""coordinates"": [
    -83.027114405,
    42.446052923
  ],
  ""type"": ""Point""
}",-83.027114405,42.446052923
3343,9451922,WARREN,LODGE SERVICE,2015-11-05,5,11,2015,21,5,5,9,,4,0,,1,1,5,25,4,3,3,5,0,0,0,0,true,,false,false,false,true,true,,,,,,false,false,false,,,false,false,false,false,false,-83.07387,42.35361,"{
  ""coordinates"": [
    -8.307387142000000e+01,
    4.235361059400000e+01
  ],
  ""type"": ""Point""
}","{
  ""coordinates"": [
    -83.07387142,
    42.353610594
  ],
  ""type"": ""Point""
}",-83.07387142,42.353610594
3344,9421177,12TH,FLORENCE,2015-11-05,5,11,2015,12,5,5,9,,4,0,,1,1,1,30,8,2,2,5,0,0,0,0,true,,false,false,false,false,false,,,,,,false,true,false,,,false,false,false,false,false,-83.11868,42.41272,"{
  ""coordinates"": [
    -8.311867582100000e+01,
    4.241271738700000e+01
  ],
  ""type"": ""Point""
}","{
  ""coordinates"": [
    -83.118675821,
    42.412717387
  ],
  ""type"": ""Point""
}",-83.118675821,42.412717387
3345,9419987,SCHAEFER,THATCHER,2015-11-05,5,11,2015,23,5,4,9,,4,0,,1,98,4,25,4,2,2,4,0,0,0,2,false,,false,false,true,false,false,,,,,,false,false,false,,,false,false,false,false,false,-83.18005,42.42201,"{
  ""coordinates"": [
    -8.318005214000000e+01,
    4.242200834900010e+01
  ],
  ""type"": ""Point""
}","{
  ""coordinates"": [
    -83.18005214,
    42.422008349
  ],
  ""type"": ""Point""
}",-83.18005214,42.4220083490001
3346,9417088,EATON,CHEYENNE,2015-11-05,5,11,2015,17,5,4,9,,,0,,1,2,4,25,2,2,1,4,0,0,0,1,false,,true,false,true,false,false,,,,,,false,false,false,,,false,false,true,false,false,-83.17455,42.39733,"{
  ""coordinates"": [
    -8.317455582100000e+01,
    4.239733220500010e+01
  ],
  ""type"": ""Point""
}","{
  ""coordinates"": [
    -83.174555821,
    42.397332205
  ],
  ""type"": ""Point""
}",-83.174555821,42.3973322050001
3347,9418894,JOHN KRONK,GILBERT,2015-11-05,5,11,2015,16,5,8,9,,4,0,,1,1,1,35,4,2,4,4,0,0,0,1,false,,false,false,false,false,false,,,,,,false,false,false,,,false,false,false,false,false,-83.11694,42.32408,"{
  ""coordinates"": [
    -8.311694602800000e+01,
    4.232407716700000e+01
  ],
  ""type"": ""Point""
}","{
  ""coordinates"": [
    -83.116946028,
    42.324077167
  ],
  ""type"": ""Point""
}",-83.116946028,42.324077167
3348,9443944,DEQUINDRE,MINNESOTA,2015-11-05,5,11,2015,22,5,97,9,,4,0,,1,1,1,25,4,3,1,5,0,0,0,0,true,,false,false,false,false,false,,,,,,false,false,false,,,false,false,false,false,false,-83.08246,42.42358,"{
  ""coordinates"": [
    -8.308246044700000e+01,
    4.242357633400010e+01
  ],
  ""type"": ""Point""
}","{
  ""coordinates"": [
    -83.082460447,
    42.423576334
  ],
  ""type"": ""Point""
}",-83.082460447,42.4235763340001
3349,9417087,GRATIOT,BROADWAY,2015-11-05,5,11,2015,15,5,8,9,,4,0,,1,1,1,25,4,2,2,5,0,0,0,0,true,,false,false,true,false,false,,,,,,false,true,false,,,false,false,false,false,false,-83.04568,42.33463,"{
  ""coordinates"": [
    -8.304567350199990e+01,
    4.233462500000010e+01
  ],
  ""type"": ""Point""
}","{
  ""coordinates"": [
    -83.045673502,
    42.334625
  ],
  ""type"": ""Point""
}",-83.0456735019999,42.3346250000001
3350,9416963,M-10,WYOMING,2015-11-05,5,11,2015,13,5,5,3,,1,0,,1,1,1,55,3,2,2,5,0,0,0,0,true,,false,false,false,false,false,,,,,,false,false,true,,,false,false,false,false,false,-83.16162,42.40603,"{
  ""coordinates"": [
    -8.316161749199991e+01,
    4.240602746300000e+01
  ],
  ""type"": ""Point""
}","{
  ""coordinates"": [
    -83.161617492,
    42.406027463
  ],
  ""type"": ""Point""
}",-83.1616174919999,42.406027463
3351,9443897,SOUTHFIELD SERVICE,FENKELL,2015-11-05,5,11,2015,16,5,4,3,,1,0,,1,1,1,0,1,2,2,5,0,0,0,0,true,,true,true,false,false,false,,,,,,false,true,false,,,false,false,false,false,false,-83.21838,42.40125,"{
  ""coordinates"": [
    -8.321837632099989e+01,
    4.240124875100000e+01
  ],
  ""type"": ""Point""
}","{
  ""coordinates"": [
    -83.218376321,
    42.401248751
  ],
  ""type"": ""Point""
}",-83.2183763209999,42.401248751
3352,9418895,DENNIS,GILBERT,2015-11-05,5,11,2015,14,5,4,9,,,0,,1,1,1,25,1,2,2,5,0,0,0,0,true,,false,false,false,false,false,,,,,,false,false,false,,,false,false,false,false,false,-83.11906,42.32698,"{
  ""coordinates"": [
    -8.311905509199990e+01,
    4.232698065500010e+01
  ],
  ""type"": ""Point""
}","{
  ""coordinates"": [
    -83.119055092,
    42.326980655
  ],
  ""type"": ""Point""
}",-83.1190550919999,42.3269806550001
3353,9420006,I-75,7 MILE02,2015-11-05,5,11,2015,6,5,5,1,,1,0,,1,1,1,55,4,2,2,4,0,0,0,1,false,,false,false,true,false,false,,,,,,false,false,false,,,false,false,false,false,false,-83.09499,42.43385,"{
  ""coordinates"": [
    -8.309499371000000e+01,
    4.243385212700010e+01
  ],
  ""type"": ""Point""
}","{
  ""coordinates"": [
    -83.09499371,
    42.433852127
  ],
  ""type"": ""Point""
}",-83.09499371,42.4338521270001
3354,9418915,MCNICHOLS,WINSTON,2015-11-05,5,11,2015,12,5,4,9,,2,0,,1,2,1,35,4,2,3,4,0,0,0,1,false,,false,false,false,false,false,,,,,,false,false,false,,,false,false,false,false,false,-83.28363,42.41434,"{
  ""coordinates"": [
    -8.328362857199990e+01,
    4.241433674900000e+01
  ],
  ""type"": ""Point""
}","{
  ""coordinates"": [
    -83.283628572,
    42.414336749
  ],
  ""type"": ""Point""
}",-83.2836285719999,42.414336749
3355,9417092,PLYMOUTH,PENROD,2015-11-05,5,11,2015,22,5,4,9,,4,0,,1,1,1,35,5,2,2,5,0,0,0,0,true,,false,false,false,false,false,,,,,,false,false,false,,,false,false,false,false,false,-83.22062,42.37218,"{
  ""coordinates"": [
    -8.322061927100000e+01,
    4.237217568500010e+01
  ],
  ""type"": ""Point""
}","{
  ""coordinates"": [
    -83.220619271,
    42.372175685
  ],
  ""type"": ""Point""
}",-83.220619271,42.3721756850001
3356,9420009,GRAND,N M 10,2015-11-05,5,11,2015,13,5,4,9,,4,0,,1,1,1,25,3,2,3,4,0,0,0,2,false,,false,false,false,false,false,,,,,,false,false,true,,,false,false,false,false,false,-83.08181,42.36719,"{
  ""coordinates"": [
    -8.308180972400000e+01,
    4.236718881100010e+01
  ],
  ""type"": ""Point""
}","{
  ""coordinates"": [
    -83.081809724,
    42.367188811
  ],
  ""type"": ""Point""
}",-83.081809724,42.3671888110001
3357,9416957,I-75,DAVISON,2015-11-05,5,11,2015,6,5,1,1,,1,1,,1,1,4,70,4,1,1,5,0,0,0,0,true,,false,false,false,false,false,,,,,,false,false,false,,,false,false,false,false,false,-83.08027,42.4095,"{
  ""coordinates"": [
    -8.308026688800000e+01,
    4.240949549400010e+01
  ],
  ""type"": ""Point""
}","{
  ""coordinates"": [
    -83.080266888,
    42.409495494
  ],
  ""type"": ""Point""
}",-83.080266888,42.4094954940001
3358,9418926,SEVEN MILE,SOUTHFIELD,2015-11-05,5,11,2015,18,5,5,9,,2,0,,1,1,4,30,2,2,4,4,0,0,0,3,false,,false,false,true,false,false,,,,,,false,false,false,,,false,false,false,false,false,-83.21741,42.43007,"{
  ""coordinates"": [
    -8.321740860400000e+01,
    4.243006447400010e+01
  ],
  ""type"": ""Point""
}","{
  ""coordinates"": [
    -83.217408604,
    42.430064474
  ],
  ""type"": ""Point""
}",-83.217408604,42.4300644740001
3359,9420012,SEWARD,MERRILL,2015-11-05,5,11,2015,9,5,4,9,,,0,,1,1,1,25,2,2,5,5,0,0,0,0,true,,false,false,true,false,false,,,,,,false,false,false,,,false,false,false,false,false,-83.08797,42.37093,"{
  ""coordinates"": [
    -8.308796417500000e+01,
    4.237093185400000e+01
  ],
  ""type"": ""Point""
}","{
  ""coordinates"": [
    -83.087964175,
    42.370931854
  ],
  ""type"": ""Point""
}",-83.087964175,42.370931854
3360,9416949,N I 75,ROSA PARKS,2015-11-05,5,11,2015,8,5,8,1,,1,0,,1,1,1,55,4,2,1,4,0,0,0,1,false,,false,false,false,false,false,,,,,,false,false,false,,,false,false,false,false,false,-83.07332,42.33319,"{
  ""coordinates"": [
    -8.307331868700000e+01,
    4.233319123300000e+01
  ],
  ""type"": ""Point""
}","{
  ""coordinates"": [
    -83.073318687,
    42.333191233
  ],
  ""type"": ""Point""
}",-83.073318687,42.333191233
3361,9419980,LIVERNOIS,GLOBE,2015-11-05,5,11,2015,14,5,8,9,,4,0,,1,1,1,30,2,2,2,5,0,0,0,0,true,,false,false,false,false,false,,,,,,false,false,false,,,false,false,false,false,false,-83.14053,42.40686,"{
  ""coordinates"": [
    -8.314052290099990e+01,
    4.240685839300010e+01
  ],
  ""type"": ""Point""
}","{
  ""coordinates"": [
    -83.140522901,
    42.406858393
  ],
  ""type"": ""Point""
}",-83.1405229009999,42.4068583930001
3362,9423130,I-94,BRUSH,2015-11-05,5,11,2015,15,5,5,1,,1,0,,1,1,1,55,3,2,3,5,0,0,0,0,true,,false,false,false,false,false,,,,,,false,false,true,,,false,false,false,false,false,-83.06422,42.3659,"{
  ""coordinates"": [
    -8.306421351499991e+01,
    4.236589936500010e+01
  ],
  ""type"": ""Point""
}","{
  ""coordinates"": [
    -83.064213515,
    42.365899365
  ],
  ""type"": ""Point""
}",-83.0642135149999,42.3658993650001
3363,9420022,JOY,SOUTHFIELD SERVICE,2015-11-05,5,11,2015,19,5,3,9,,4,0,,1,1,4,30,4,2,2,5,0,0,0,0,true,,false,false,true,false,false,,,,,,false,false,false,,,false,false,false,false,false,-83.21709,42.37225,"{
  ""coordinates"": [
    -8.321708689499999e+01,
    4.237225000700000e+01
  ],
  ""type"": ""Point""
}","{
  ""coordinates"": [
    -83.217086895,
    42.372250007
  ],
  ""type"": ""Point""
}",-83.217086895,42.372250007
3364,9427451,DAVISON,BROADSTREET,2015-11-05,5,11,2015,20,5,4,3,,1,0,,1,1,4,30,3,2,4,5,0,0,0,0,true,,false,false,false,false,false,,,,,,false,false,false,,,false,false,false,false,false,-83.13896,42.38659,"{
  ""coordinates"": [
    -8.313896142499991e+01,
    4.238658770500010e+01
  ],
  ""type"": ""Point""
}","{
  ""coordinates"": [
    -83.138961425,
    42.386587705
  ],
  ""type"": ""Point""
}",-83.1389614249999,42.3865877050001