ObjectId,Crash ID,Primary Road,Intersecting Road,Crash Date,Day,Month,Year,Hour,Weekday,Crash Type Code,Highway Classification Code,Community Code,Jurisdiction Code,Lane Departure Type Code,Surface Type,Road Condition,Weather Condition,Lighting Condition,Speed Limit,Lanes,Units,Occupants,Most Severe Injury,Fatal Injuries,Suspected Serious Injuries,Suspected Minor Injuries,Possible Injuries,Property Damage Only,Secondary Crash,Traffic Control,Red Light Run,Hit and Run,Alcohol,Drugs,Unbelted Person,Work Zone,Speeding Driver,Distracted Driver,Driveway,Pedestrian,Elderly Driver,Young Driver,Commercial Vehicle,Emergency Vehicles,Train,School Bus,Motorcycle,Bicycle,Deer,Longitude,Latitude,geom,geog,x,y
3422,9415949,NEVADA,MOUND,2015-11-04,4,11,2015,9,4,8,9,,4,0,,1,1,1,40,2,2,2,5,0,0,0,0,true,,false,false,false,false,false,,,,,,false,false,false,,,false,false,false,false,false,-83.04303,42.4263,"{
  ""coordinates"": [
    -8.304303023999999e+01,
    4.242629952700000e+01
  ],
  ""type"": ""Point""
}","{
  ""coordinates"": [
    -83.04303024,
    42.426299527
  ],
  ""type"": ""Point""
}",-83.04303024,42.426299527
3423,9418931,DAVISON,EWALD,2015-11-04,4,11,2015,16,4,97,3,,1,0,,1,1,1,30,3,1,1,5,0,0,0,0,true,,false,false,false,false,false,,,,,,false,false,false,,,false,false,false,false,false,-83.14543,42.38625,"{
  ""coordinates"": [
    -8.314542795300000e+01,
    4.238625157000010e+01
  ],
  ""type"": ""Point""
}","{
  ""coordinates"": [
    -83.145427953,
    42.38625157
  ],
  ""type"": ""Point""
}",-83.145427953,42.3862515700001
3424,9417099,7 MILE,ALCOY,2015-11-04,4,11,2015,17,4,1,9,,4,0,,1,1,1,35,4,2,1,5,0,0,0,0,true,,false,false,true,false,false,,,,,,false,false,false,,,false,false,false,true,false,-82.98875,42.43483,"{
  ""coordinates"": [
    -8.298875659799999e+01,
    4.243483270600010e+01
  ],
  ""type"": ""Point""
}","{
  ""coordinates"": [
    -82.988756598,
    42.434832706
  ],
  ""type"": ""Point""
}",-82.988756598,42.4348327060001
3425,9417080,8 MILE SERVICE DRIVE,S I 75,2015-11-04,4,11,2015,18,4,1,3,,1,1,,1,1,1,0,4,1,1,5,0,0,0,0,true,,false,false,true,false,false,,,,,,false,false,false,,,false,false,false,false,false,-83.09487,42.44663,"{
  ""coordinates"": [
    -8.309487132899990e+01,
    4.244663206400000e+01
  ],
  ""type"": ""Point""
}","{
  ""coordinates"": [
    -83.094871329,
    42.446632064
  ],
  ""type"": ""Point""
}",-83.0948713289999,42.446632064
3426,9417097,RAMP 223C,W I 94 SERVICE DRIVE,2015-11-04,4,11,2015,15,4,5,1,,1,0,,1,1,1,25,2,2,2,5,0,0,0,0,true,,false,false,false,false,false,,,,,,false,false,true,,,false,false,false,false,false,-82.93727,42.41768,"{
  ""coordinates"": [
    -8.293727369699999e+01,
    4.241767355700010e+01
  ],
  ""type"": ""Point""
}","{
  ""coordinates"": [
    -82.937273697,
    42.417673557
  ],
  ""type"": ""Point""
}",-82.937273697,42.4176735570001
3427,9418840,LIVERNOIS,MICHIGAN,2015-11-04,4,11,2015,4,4,4,2,,4,0,,1,1,4,35,6,3,5,4,0,0,0,2,false,,false,false,false,true,false,,,,,,false,false,true,,,false,false,false,false,false,-83.12035,42.33113,"{
  ""coordinates"": [
    -8.312034760300000e+01,
    4.233113566900000e+01
  ],
  ""type"": ""Point""
}","{
  ""coordinates"": [
    -83.120347603,
    42.331135669
  ],
  ""type"": ""Point""
}",-83.120347603,42.331135669
3428,9416966,E/B I-96,GREENFIELD,2015-11-04,4,11,2015,9,4,8,1,,1,0,,1,1,1,70,3,2,2,5,0,0,0,0,true,,false,false,false,false,false,,,,,,false,false,false,,,false,false,false,false,false,-83.20007,42.37906,"{
  ""coordinates"": [
    -8.320006539199990e+01,
    4.237905743200000e+01
  ],
  ""type"": ""Point""
}","{
  ""coordinates"": [
    -83.200065392,
    42.379057432
  ],
  ""type"": ""Point""
}",-83.2000653919999,42.379057432
3429,9414655,N/B I 75,GRAND,2015-11-03,3,11,2015,18,3,5,1,,1,0,,1,1,4,55,4,3,3,5,0,0,0,0,true,,false,false,false,false,false,,,,,,false,false,true,,,false,false,false,false,false,-83.05899,42.37084,"{
  ""coordinates"": [
    -8.305899037599990e+01,
    4.237083818900000e+01
  ],
  ""type"": ""Point""
}","{
  ""coordinates"": [
    -83.058990376,
    42.370838189
  ],
  ""type"": ""Point""
}",-83.0589903759999,42.370838189
3430,9416046,W I 94,NOTTINGHAM,2015-11-03,3,11,2015,18,3,4,1,,1,0,,1,1,1,25,3,2,2,5,0,0,0,0,true,,true,false,true,false,false,,,,,,false,false,false,,,false,false,false,false,false,-82.95409,42.4069,"{
  ""coordinates"": [
    -8.295408755999991e+01,
    4.240690310600010e+01
  ],
  ""type"": ""Point""
}","{
  ""coordinates"": [
    -82.95408756,
    42.406903106
  ],
  ""type"": ""Point""
}",-82.9540875599999,42.4069031060001
3431,9418872,VASSAR,ANNCHESTER,2015-11-03,3,11,2015,18,3,2,9,,,0,,1,1,4,25,4,2,2,3,0,0,1,0,false,,false,false,true,false,false,,,,,,false,false,false,,,false,false,false,false,false,-83.23573,42.43326,"{
  ""coordinates"": [
    -8.323572404500000e+01,
    4.243325742700010e+01
  ],
  ""type"": ""Point""
}","{
  ""coordinates"": [
    -83.235724045,
    42.433257427
  ],
  ""type"": ""Point""
}",-83.235724045,42.4332574270001
3432,9415941,CHICAGO,HAMILTON,2015-11-03,3,11,2015,8,3,8,3,,4,0,,1,1,1,35,2,2,2,5,0,0,0,0,true,,true,false,true,false,false,,,,,,false,false,false,,,false,false,false,false,false,-83.09545,42.38214,"{
  ""coordinates"": [
    -8.309544933200000e+01,
    4.238213585400010e+01
  ],
  ""type"": ""Point""
}","{
  ""coordinates"": [
    -83.095449332,
    42.382135854
  ],
  ""type"": ""Point""
}",-83.095449332,42.3821358540001
3433,9414804,DAVISON,LINWOOD,2015-11-03,3,11,2015,16,3,3,3,,1,0,,1,1,1,35,7,2,3,4,0,0,0,1,false,,false,false,false,false,false,,,,,,false,false,true,,,false,false,false,false,false,-83.12251,42.39283,"{
  ""coordinates"": [
    -8.312251210200000e+01,
    4.239283292100000e+01
  ],
  ""type"": ""Point""
}","{
  ""coordinates"": [
    -83.122512102,
    42.392832921
  ],
  ""type"": ""Point""
}",-83.122512102,42.392832921
3434,9414644,S I 75,PIQUETTE,2015-11-03,3,11,2015,19,3,8,1,,1,0,,1,1,4,55,3,2,5,5,0,0,0,0,true,,false,false,false,false,false,,,,,,false,false,false,,,false,false,false,false,false,-83.05936,42.37113,"{
  ""coordinates"": [
    -8.305935604000000e+01,
    4.237113106400010e+01
  ],
  ""type"": ""Point""
}","{
  ""coordinates"": [
    -83.05935604,
    42.371131064
  ],
  ""type"": ""Point""
}",-83.05935604,42.3711310640001
3435,9414654,I 75,CLAY,2015-11-03,3,11,2015,15,3,1,1,,1,1,,1,1,1,55,3,1,1,5,0,0,0,0,true,,false,false,false,false,false,,,,,,false,false,false,,,false,false,false,false,false,-83.06477,42.38163,"{
  ""coordinates"": [
    -8.306476679500000e+01,
    4.238162817400010e+01
  ],
  ""type"": ""Point""
}","{
  ""coordinates"": [
    -83.064766795,
    42.381628174
  ],
  ""type"": ""Point""
}",-83.064766795,42.3816281740001
3436,9419019,SOUTHFIELD SERVICE DRIVE,OUTER,2015-11-03,3,11,2015,16,3,5,9,,4,0,,1,1,1,55,4,2,2,5,0,0,0,0,true,,false,false,false,false,false,,,,,,false,false,true,,,false,false,false,false,false,-83.21915,42.41874,"{
  ""coordinates"": [
    -8.321915335700000e+01,
    4.241873438900010e+01
  ],
  ""type"": ""Point""
}","{
  ""coordinates"": [
    -83.219153357,
    42.418734389
  ],
  ""type"": ""Point""
}",-83.219153357,42.4187343890001
3437,9417067,I75,SCHAEFER,2015-11-03,3,11,2015,11,3,8,1,,1,0,,1,1,1,70,4,3,3,4,0,0,0,1,false,,false,false,false,false,false,,,,,,false,false,true,,,false,false,false,false,false,-83.14932,42.28189,"{
  ""coordinates"": [
    -8.314932007800000e+01,
    4.228189430300010e+01
  ],
  ""type"": ""Point""
}","{
  ""coordinates"": [
    -83.149320078,
    42.281894303
  ],
  ""type"": ""Point""
}",-83.149320078,42.2818943030001
3438,9425557,WHITTAKER,CENTRAL,2015-11-03,3,11,2015,16,3,5,9,,,0,,1,1,1,25,1,3,1,5,0,0,0,0,true,,false,false,true,false,false,,,,,,false,false,false,,,false,false,false,false,false,-83.12415,42.31183,"{
  ""coordinates"": [
    -8.312414945899999e+01,
    4.231182927600000e+01
  ],
  ""type"": ""Point""
}","{
  ""coordinates"": [
    -83.124149459,
    42.311829276
  ],
  ""type"": ""Point""
}",-83.124149459,42.311829276
3439,9414784,MCNICHOLS,LINWOOD,2015-11-03,3,11,2015,6,3,3,9,,4,0,,1,1,2,0,4,2,3,4,0,0,0,1,false,,false,false,false,false,false,,,,,,false,false,false,,,false,false,false,false,false,-83.12806,42.41735,"{
  ""coordinates"": [
    -8.312806275199991e+01,
    4.241734933900010e+01
  ],
  ""type"": ""Point""
}","{
  ""coordinates"": [
    -83.128062752,
    42.417349339
  ],
  ""type"": ""Point""
}",-83.1280627519999,42.4173493390001
3440,9421179,SPRINGWELLS,VERNOR,2015-11-03,3,11,2015,19,3,8,9,,,0,,1,1,1,35,2,2,1,5,0,0,0,0,true,,false,false,true,false,false,,,,,,false,false,false,,,false,false,false,false,false,-82.95937,42.37666,"{
  ""coordinates"": [
    -8.295936381000000e+01,
    4.237666127100000e+01
  ],
  ""type"": ""Point""
}","{
  ""coordinates"": [
    -82.95936381,
    42.376661271
  ],
  ""type"": ""Point""
}",-82.95936381,42.376661271
3441,9414636,I-75,CLAY,2015-11-03,3,11,2015,19,3,97,1,,1,0,,1,1,4,55,4,3,3,5,0,0,0,0,true,,false,false,false,false,false,,,,,,false,false,false,,,false,false,false,false,false,-83.06227,42.37788,"{
  ""coordinates"": [
    -8.306226964500000e+01,
    4.237788361100010e+01
  ],
  ""type"": ""Point""
}","{
  ""coordinates"": [
    -83.062269645,
    42.377883611
  ],
  ""type"": ""Point""
}",-83.062269645,42.3778836110001
3442,9418845,OGDEN,KIRKWOOD,2015-11-03,3,11,2015,10,3,5,9,,,0,,1,1,1,0,1,2,2,5,0,0,0,0,true,,false,false,false,false,false,,,,,,false,true,true,,,false,false,false,false,false,-83.15099,42.33635,"{
  ""coordinates"": [
    -8.315098926400000e+01,
    4.233634635900010e+01
  ],
  ""type"": ""Point""
}","{
  ""coordinates"": [
    -83.150989264,
    42.336346359
  ],
  ""type"": ""Point""
}",-83.150989264,42.3363463590001
3443,9416065,MERRILL PLAISANCE,WOODWARD,2015-11-03,3,11,2015,10,3,4,3,,7,0,,1,1,1,25,2,2,3,5,0,0,0,0,true,,false,false,false,false,false,,,,,,false,false,false,,,false,false,false,false,false,-83.10693,42.42028,"{
  ""coordinates"": [
    -8.310693302300000e+01,
    4.242027698500000e+01
  ],
  ""type"": ""Point""
}","{
  ""coordinates"": [
    -83.106933023,
    42.420276985
  ],
  ""type"": ""Point""
}",-83.106933023,42.420276985
3444,9414776,WARREN,ASBURY,2015-11-03,3,11,2015,17,3,1,9,,2,0,,1,1,4,35,4,2,1,2,0,1,0,0,false,,false,false,true,false,false,,,,,,true,false,false,,,false,false,false,false,false,-83.20606,42.34353,"{
  ""coordinates"": [
    -8.320606063699999e+01,
    4.234353208700000e+01
  ],
  ""type"": ""Point""
}","{
  ""coordinates"": [
    -83.206060637,
    42.343532087
  ],
  ""type"": ""Point""
}",-83.206060637,42.343532087
3445,9418896,SCOTTEN,FORT,2015-11-03,3,11,2015,15,3,2,3,,4,2,,1,1,1,25,2,2,1,5,0,0,0,0,true,,false,false,true,false,false,,,,,,false,false,false,,,false,false,false,false,false,-83.08749,42.31314,"{
  ""coordinates"": [
    -8.308749269099999e+01,
    4.231313884600010e+01
  ],
  ""type"": ""Point""
}","{
  ""coordinates"": [
    -83.087492691,
    42.313138846
  ],
  ""type"": ""Point""
}",-83.087492691,42.3131388460001
3446,9416035,FISCHER,GOETHE,2015-11-03,3,11,2015,22,3,4,9,,,0,,1,1,4,25,2,2,3,5,0,0,0,0,true,,true,false,true,false,false,,,,,,false,false,false,,,false,false,false,false,false,-82.99784,42.36773,"{
  ""coordinates"": [
    -8.299784150300000e+01,
    4.236772992900010e+01
  ],
  ""type"": ""Point""
}","{
  ""coordinates"": [
    -82.997841503,
    42.367729929
  ],
  ""type"": ""Point""
}",-82.997841503,42.3677299290001
3447,9417068,I75,SCHAEFER,2015-11-03,3,11,2015,11,3,9,1,,1,2,,1,1,1,70,4,2,2,5,0,0,0,0,true,,false,false,false,false,false,,,,,,false,false,true,,,false,false,false,false,false,-83.14932,42.28189,"{
  ""coordinates"": [
    -8.314932007800000e+01,
    4.228189430300010e+01
  ],
  ""type"": ""Point""
}","{
  ""coordinates"": [
    -83.149320078,
    42.281894303
  ],
  ""type"": ""Point""
}",-83.149320078,42.2818943030001
3448,9416052,MAYFIELD,CELESTINE,2015-11-03,3,11,2015,20,3,4,9,,,0,,1,1,4,20,1,2,2,5,0,0,0,0,true,,false,false,true,false,false,,,,,,false,false,false,,,false,false,false,false,false,-82.97245,42.4223,"{
  ""coordinates"": [
    -8.297244658400000e+01,
    4.242229961900010e+01
  ],
  ""type"": ""Point""
}","{
  ""coordinates"": [
    -82.972446584,
    42.422299619
  ],
  ""type"": ""Point""
}",-82.972446584,42.4222996190001
3449,9416050,CONNER,HARPER,2015-11-03,3,11,2015,11,3,5,1,,4,0,,1,1,1,25,1,2,2,5,0,0,0,0,true,,false,false,false,false,false,,,,,,false,false,false,,,false,false,false,false,false,-82.98892,42.39697,"{
  ""coordinates"": [
    -8.298892349000000e+01,
    4.239696616600000e+01
  ],
  ""type"": ""Point""
}","{
  ""coordinates"": [
    -82.98892349,
    42.396966166
  ],
  ""type"": ""Point""
}",-82.98892349,42.396966166
3450,9414787,ELLIS,ROBSON,2015-11-03,3,11,2015,10,3,4,9,,,0,,1,1,1,25,2,2,2,4,0,0,0,1,false,,true,false,false,false,false,,,,,,false,true,false,,,false,false,false,false,false,-83.19167,42.36065,"{
  ""coordinates"": [
    -8.319166811600000e+01,
    4.236065432200010e+01
  ],
  ""type"": ""Point""
}","{
  ""coordinates"": [
    -83.191668116,
    42.360654322
  ],
  ""type"": ""Point""
}",-83.191668116,42.3606543220001
3451,9474005,W I 96,KENTFIELD,2015-11-03,3,11,2015,18,3,8,1,,1,0,,1,1,4,35,3,2,3,5,0,0,0,0,true,,false,false,false,false,false,,,,,,false,false,true,,,false,false,false,false,false,-83.24077,42.3839,"{
  ""coordinates"": [
    -8.324076594300000e+01,
    4.238389900300010e+01
  ],
  ""type"": ""Point""
}","{
  ""coordinates"": [
    -83.240765943,
    42.383899003
  ],
  ""type"": ""Point""
}",-83.240765943,42.3838990030001
3452,9418933,CONANT,WINCHESTER,2015-11-03,3,11,2015,15,3,4,9,,4,0,,1,1,1,30,2,2,2,4,0,0,0,1,false,,false,false,true,false,false,,,,,,false,false,false,,,false,false,false,false,false,-83.08231,42.44495,"{
  ""coordinates"": [
    -8.308231005600000e+01,
    4.244495261700010e+01
  ],
  ""type"": ""Point""
}","{
  ""coordinates"": [
    -83.082310056,
    42.444952617
  ],
  ""type"": ""Point""
}",-83.082310056,42.4449526170001
3453,9427448,GRANDMONT,WARREN,2015-11-03,3,11,2015,15,3,8,9,,,0,,1,1,1,25,4,2,1,5,0,0,0,0,true,,false,false,true,false,false,,,,,,false,false,false,,,false,false,false,false,false,-83.20856,42.34343,"{
  ""coordinates"": [
    -8.320856506699990e+01,
    4.234343307800000e+01
  ],
  ""type"": ""Point""
}","{
  ""coordinates"": [
    -83.208565067,
    42.343433078
  ],
  ""type"": ""Point""
}",-83.2085650669999,42.343433078
3454,9418893,FORT,GREEN,2015-11-03,3,11,2015,12,3,8,3,,1,0,,1,1,1,35,5,2,5,5,0,0,0,0,true,,false,false,false,false,false,,,,,,false,false,false,,,false,false,false,false,false,-83.11184,42.30309,"{
  ""coordinates"": [
    -8.311183714799991e+01,
    4.230308627000010e+01
  ],
  ""type"": ""Point""
}","{
  ""coordinates"": [
    -83.111837148,
    42.30308627
  ],
  ""type"": ""Point""
}",-83.1118371479999,42.3030862700001
3455,9416041,GRAND,CHARLEVOIX,2015-11-03,3,11,2015,20,3,5,9,,4,0,,1,1,4,35,2,2,2,5,0,0,0,0,true,,false,false,true,false,false,,,,,,false,false,false,,,false,false,false,false,false,-83.01067,42.36047,"{
  ""coordinates"": [
    -8.301066502499999e+01,
    4.236047113000010e+01
  ],
  ""type"": ""Point""
}","{
  ""coordinates"": [
    -83.010665025,
    42.36047113
  ],
  ""type"": ""Point""
}",-83.010665025,42.3604711300001
3456,9418873,MICHIGAN,GILBERT,2015-11-03,3,11,2015,16,3,97,2,,1,0,,1,1,1,35,5,2,1,5,0,0,0,0,true,,false,false,true,false,false,,,,,,false,false,false,,,false,false,false,false,false,-83.1217,42.33112,"{
  ""coordinates"": [
    -8.312169905400000e+01,
    4.233111681500000e+01
  ],
  ""type"": ""Point""
}","{
  ""coordinates"": [
    -83.121699054,
    42.331116815
  ],
  ""type"": ""Point""
}",-83.121699054,42.331116815
3457,9415948,VERNOR,BALDWIN,2015-11-03,3,11,2015,17,3,5,9,,4,0,,1,1,4,30,4,2,1,4,0,0,0,1,false,,false,false,false,false,false,,,,,,false,false,false,,,false,false,false,false,false,-83.00428,42.35937,"{
  ""coordinates"": [
    -8.300428244800000e+01,
    4.235936953700010e+01
  ],
  ""type"": ""Point""
}","{
  ""coordinates"": [
    -83.004282448,
    42.359369537
  ],
  ""type"": ""Point""
}",-83.004282448,42.3593695370001
3458,9416058,PURITAN,INDIANA,2015-11-03,3,11,2015,11,3,4,9,,4,0,,1,1,1,30,4,2,2,5,0,0,0,0,true,,false,false,false,false,false,,,,,,false,true,false,,,false,false,false,false,false,-83.15814,42.40973,"{
  ""coordinates"": [
    -8.315813999700001e+01,
    4.240972556400000e+01
  ],
  ""type"": ""Point""
}","{
  ""coordinates"": [
    -83.158139997,
    42.409725564
  ],
  ""type"": ""Point""
}",-83.158139997,42.409725564
3459,9414772,MUIRLAND,FENKELL,2015-11-03,3,11,2015,2,3,97,9,,,0,,97,98,98,0,1,2,1,5,0,0,0,0,true,,false,false,true,false,false,,,,,,false,false,false,,,false,false,false,false,false,-83.13322,42.40282,"{
  ""coordinates"": [
    -8.313322310300001e+01,
    4.240282250100010e+01
  ],
  ""type"": ""Point""
}","{
  ""coordinates"": [
    -83.133223103,
    42.402822501
  ],
  ""type"": ""Point""
}",-83.133223103,42.4028225010001
3460,9414634,I-75,DEARBORN,2015-11-03,3,11,2015,23,3,1,1,,1,0,,1,1,5,70,3,1,1,5,0,0,0,0,true,,false,false,false,false,false,,,,,,false,false,false,,,false,false,false,false,false,-83.13093,42.2903,"{
  ""coordinates"": [
    -8.313092818099990e+01,
    4.229030097600000e+01
  ],
  ""type"": ""Point""
}","{
  ""coordinates"": [
    -83.130928181,
    42.290300976
  ],
  ""type"": ""Point""
}",-83.1309281809999,42.290300976
3461,9425333,I-94,M-10,2015-11-03,3,11,2015,17,3,5,1,,1,0,,1,2,1,55,3,2,2,5,0,0,0,0,true,,false,false,false,false,false,,,,,,false,false,false,,,false,false,false,false,false,-83.07949,42.35689,"{
  ""coordinates"": [
    -8.307949416199990e+01,
    4.235688791500010e+01
  ],
  ""type"": ""Point""
}","{
  ""coordinates"": [
    -83.079494162,
    42.356887915
  ],
  ""type"": ""Point""
}",-83.0794941619999,42.3568879150001
3462,9416062,FREELAND,MARGARETA,2015-11-03,3,11,2015,17,3,8,9,,,0,,1,1,2,25,2,2,1,5,0,0,0,0,true,,false,false,false,false,false,,,,,,false,true,false,,,false,false,false,false,false,-83.1863,42.42725,"{
  ""coordinates"": [
    -8.318630342700000e+01,
    4.242724490000010e+01
  ],
  ""type"": ""Point""
}","{
  ""coordinates"": [
    -83.186303427,
    42.4272449
  ],
  ""type"": ""Point""
}",-83.186303427,42.4272449000001
3463,9416021,TRUMBULL,FOREST,2015-11-03,3,11,2015,9,3,4,9,,4,0,,1,1,1,30,4,2,3,5,0,0,0,0,true,,false,false,false,false,false,,,,,,false,false,true,,,false,false,false,false,false,-83.07741,42.34981,"{
  ""coordinates"": [
    -8.307740583400000e+01,
    4.234980791200010e+01
  ],
  ""type"": ""Point""
}","{
  ""coordinates"": [
    -83.077405834,
    42.349807912
  ],
  ""type"": ""Point""
}",-83.077405834,42.3498079120001
3464,9414660,I-94,14TH,2015-11-03,3,11,2015,18,3,5,1,,1,0,,1,1,4,55,3,2,2,5,0,0,0,0,true,,false,false,false,false,false,,,,,,false,true,false,,,false,false,true,false,false,-83.08965,42.35308,"{
  ""coordinates"": [
    -8.308965449000000e+01,
    4.235307512600010e+01
  ],
  ""type"": ""Point""
}","{
  ""coordinates"": [
    -83.08965449,
    42.353075126
  ],
  ""type"": ""Point""
}",-83.08965449,42.3530751260001
3465,9414791,GROVE,SUSSEX,2015-11-03,3,11,2015,13,3,4,9,,,0,,1,1,1,25,2,2,1,5,0,0,0,0,true,,true,false,true,false,false,,,,,,false,true,false,,,false,false,false,false,false,-83.19554,42.41421,"{
  ""coordinates"": [
    -8.319553879700000e+01,
    4.241420726600010e+01
  ],
  ""type"": ""Point""
}","{
  ""coordinates"": [
    -83.195538797,
    42.414207266
  ],
  ""type"": ""Point""
}",-83.195538797,42.4142072660001
3466,9418862,CHALMERS,OUTER,2015-11-03,3,11,2015,2,3,4,9,,4,0,,1,1,1,30,4,2,2,4,0,0,0,1,false,,false,false,true,false,false,,,,,,false,false,false,,,false,false,false,false,false,-82.97099,42.41484,"{
  ""coordinates"": [
    -8.297098949399999e+01,
    4.241483923200010e+01
  ],
  ""type"": ""Point""
}","{
  ""coordinates"": [
    -82.970989494,
    42.414839232
  ],
  ""type"": ""Point""
}",-82.970989494,42.4148392320001
3467,9416054,8 MILE,S I 75,2015-11-03,3,11,2015,14,3,97,3,,1,0,,1,1,1,30,3,2,2,5,0,0,0,0,true,,false,false,false,false,false,,,,,,false,false,true,,,false,false,false,false,false,-83.09486,42.4468,"{
  ""coordinates"": [
    -8.309486086800000e+01,
    4.244679801400010e+01
  ],
  ""type"": ""Point""
}","{
  ""coordinates"": [
    -83.094860868,
    42.446798014
  ],
  ""type"": ""Point""
}",-83.094860868,42.4467980140001
3468,9425345,I-75,FORT,2015-11-03,3,11,2015,16,3,5,1,,1,0,,1,1,1,55,4,2,2,5,0,0,0,0,true,,false,false,false,false,false,,,,,,false,false,true,,,false,false,false,false,false,-83.1287,42.29206,"{
  ""coordinates"": [
    -8.312869750399990e+01,
    4.229205633900010e+01
  ],
  ""type"": ""Point""
}","{
  ""coordinates"": [
    -83.128697504,
    42.292056339
  ],
  ""type"": ""Point""
}",-83.1286975039999,42.2920563390001
3469,9418653,I-96,EVERGREEN,2015-11-03,3,11,2015,17,3,5,1,,1,0,,1,2,1,55,3,2,2,5,0,0,0,0,true,,false,false,false,false,false,,,,,,false,false,true,,,false,false,false,false,false,-83.23637,42.38007,"{
  ""coordinates"": [
    -8.323636676699989e+01,
    4.238006469000000e+01
  ],
  ""type"": ""Point""
}","{
  ""coordinates"": [
    -83.236366767,
    42.38006469
  ],
  ""type"": ""Point""
}",-83.2363667669999,42.38006469
3470,9414633,M-39,PLYMOUTTH,2015-11-03,3,11,2015,19,3,1,3,,1,1,,1,1,4,55,3,1,1,5,0,0,0,0,true,,false,false,false,true,false,,,,,,false,false,false,,,false,false,false,false,false,-83.21691,42.37587,"{
  ""coordinates"": [
    -8.321691313299991e+01,
    4.237586843500000e+01
  ],
  ""type"": ""Point""
}","{
  ""coordinates"": [
    -83.216913133,
    42.375868435
  ],
  ""type"": ""Point""
}",-83.2169131329999,42.375868435
3471,9416051,MOROSS,W I 94,2015-11-03,3,11,2015,13,3,4,9,,2,0,,1,1,1,35,6,2,2,5,0,0,0,0,true,,false,false,false,false,false,,,,,,false,false,false,,,false,false,false,false,false,-82.92863,42.42474,"{
  ""coordinates"": [
    -8.292862773199990e+01,
    4.242473796400000e+01
  ],
  ""type"": ""Point""
}","{
  ""coordinates"": [
    -82.928627732,
    42.424737964
  ],
  ""type"": ""Point""
}",-82.9286277319999,42.424737964
3472,9414623,I 94 W/B,M-10,2015-11-03,3,11,2015,18,3,5,1,,1,0,,1,1,4,55,3,2,2,5,0,0,0,0,true,,false,false,false,false,false,,,,,,false,false,false,,,false,false,false,false,false,-83.07246,42.36174,"{
  ""coordinates"": [
    -8.307245320899990e+01,
    4.236174539800000e+01
  ],
  ""type"": ""Point""
}","{
  ""coordinates"": [
    -83.072453209,
    42.361745398
  ],
  ""type"": ""Point""
}",-83.0724532089999,42.361745398
3473,9414770,JEFFERSON,FIELD,2015-11-03,3,11,2015,16,3,5,9,,4,0,,1,1,1,35,4,2,2,4,0,0,0,1,false,,false,false,false,false,false,,,,,,false,false,false,,,false,false,false,false,false,-83.00043,42.34786,"{
  ""coordinates"": [
    -8.300042780599991e+01,
    4.234785918600010e+01
  ],
  ""type"": ""Point""
}","{
  ""coordinates"": [
    -83.000427806,
    42.347859186
  ],
  ""type"": ""Point""
}",-83.0004278059999,42.3478591860001
3474,9418891,LONYO,MCGRAW,2015-11-03,3,11,2015,18,3,5,9,,4,0,,1,1,4,25,2,2,1,5,0,0,0,0,true,,false,false,true,false,false,,,,,,false,false,false,,,false,false,false,false,false,-83.14642,42.33321,"{
  ""coordinates"": [
    -8.314641789500000e+01,
    4.233321120100000e+01
  ],
  ""type"": ""Point""
}","{
  ""coordinates"": [
    -83.146417895,
    42.333211201
  ],
  ""type"": ""Point""
}",-83.146417895,42.333211201
3475,9414782,WOODWARD,LOTHROP,2015-11-03,3,11,2015,18,3,4,3,,1,0,,1,1,4,25,2,2,2,5,0,0,0,0,true,,false,false,false,false,false,,,,,,false,false,false,,,false,false,false,false,false,-83.07416,42.37156,"{
  ""coordinates"": [
    -8.307415567600000e+01,
    4.237156071800010e+01
  ],
  ""type"": ""Point""
}","{
  ""coordinates"": [
    -83.074155676,
    42.371560718
  ],
  ""type"": ""Point""
}",-83.074155676,42.3715607180001
3476,9415921,ROSA PARKS,LAFAYETTE,2015-11-03,3,11,2015,9,3,97,9,,4,0,,1,1,1,35,6,2,2,5,0,0,0,0,true,,false,false,false,false,false,,,,,,false,false,false,,,false,false,false,false,false,-83.06736,42.32327,"{
  ""coordinates"": [
    -8.306735835200000e+01,
    4.232326349500000e+01
  ],
  ""type"": ""Point""
}","{
  ""coordinates"": [
    -83.067358352,
    42.323263495
  ],
  ""type"": ""Point""
}",-83.067358352,42.323263495
3477,9416040,CALDWELL,EMERY,2015-11-03,3,11,2015,7,3,5,9,,,0,,1,1,1,25,1,2,4,3,0,0,1,2,false,,false,false,true,false,false,,,,,,false,false,true,,,false,false,false,false,false,-83.0471,42.43602,"{
  ""coordinates"": [
    -8.304710482599999e+01,
    4.243601446200010e+01
  ],
  ""type"": ""Point""
}","{
  ""coordinates"": [
    -83.047104826,
    42.436014462
  ],
  ""type"": ""Point""
}",-83.047104826,42.4360144620001
3478,9414794,KEELER,FREELAND,2015-11-03,3,11,2015,16,3,4,9,,,0,,1,2,1,25,2,2,2,4,0,0,0,1,false,,false,false,false,false,false,,,,,,false,true,false,,,false,false,false,false,false,-83.18558,42.40372,"{
  ""coordinates"": [
    -8.318557806900000e+01,
    4.240371851800010e+01
  ],
  ""type"": ""Point""
}","{
  ""coordinates"": [
    -83.185578069,
    42.403718518
  ],
  ""type"": ""Point""
}",-83.185578069,42.4037185180001