ObjectId,Crash ID,Primary Road,Intersecting Road,Crash Date,Day,Month,Year,Hour,Weekday,Crash Type Code,Highway Classification Code,Community Code,Jurisdiction Code,Lane Departure Type Code,Surface Type,Road Condition,Weather Condition,Lighting Condition,Speed Limit,Lanes,Units,Occupants,Most Severe Injury,Fatal Injuries,Suspected Serious Injuries,Suspected Minor Injuries,Possible Injuries,Property Damage Only,Secondary Crash,Traffic Control,Red Light Run,Hit and Run,Alcohol,Drugs,Unbelted Person,Work Zone,Speeding Driver,Distracted Driver,Driveway,Pedestrian,Elderly Driver,Young Driver,Commercial Vehicle,Emergency Vehicles,Train,School Bus,Motorcycle,Bicycle,Deer,Longitude,Latitude,geom,geog,x,y
3537,9416063,8 MILE,GARDENDALE,2015-11-02,2,11,2015,15,2,4,3,,1,0,,1,1,1,40,4,2,3,5,0,0,0,0,true,,true,false,false,false,false,,,,,,false,false,false,,,false,false,false,false,false,-83.13885,42.44615,"{
  ""coordinates"": [
    -8.313885078500000e+01,
    4.244615249200010e+01
  ],
  ""type"": ""Point""
}","{
  ""coordinates"": [
    -83.138850785,
    42.446152492
  ],
  ""type"": ""Point""
}",-83.138850785,42.4461524920001
3538,9413786,RUSSELL,MILWAUKEE,2015-11-02,2,11,2015,11,2,3,9,,4,0,,1,1,1,25,4,2,2,5,0,0,0,0,true,,false,false,false,false,false,,,,,,false,false,false,,,false,false,false,false,false,-83.05894,42.37414,"{
  ""coordinates"": [
    -8.305893777900000e+01,
    4.237413653700000e+01
  ],
  ""type"": ""Point""
}","{
  ""coordinates"": [
    -83.058937779,
    42.374136537
  ],
  ""type"": ""Point""
}",-83.058937779,42.374136537
3539,9413795,MOROSS,E I 94,2015-11-02,2,11,2015,17,2,6,9,,2,0,,1,1,4,0,2,2,2,5,0,0,0,0,true,,false,false,false,false,false,,,,,,false,false,true,,,false,false,false,false,false,-82.92847,42.42467,"{
  ""coordinates"": [
    -8.292846722900001e+01,
    4.242466982500010e+01
  ],
  ""type"": ""Point""
}","{
  ""coordinates"": [
    -82.928467229,
    42.424669825
  ],
  ""type"": ""Point""
}",-82.928467229,42.4246698250001
3540,9428611,MEYERS,PEMBROKE,2015-11-02,2,11,2015,13,2,5,9,,4,0,,1,1,1,30,6,2,1,5,0,0,0,0,true,,false,false,false,false,false,,,,,,false,false,false,,,false,false,false,false,false,-83.17097,42.43823,"{
  ""coordinates"": [
    -8.317097612700000e+01,
    4.243822826400000e+01
  ],
  ""type"": ""Point""
}","{
  ""coordinates"": [
    -83.170976127,
    42.438228264
  ],
  ""type"": ""Point""
}",-83.170976127,42.438228264
3541,9414617,I 75,SCHAEFER,2015-11-02,2,11,2015,8,2,5,1,,1,0,,1,1,1,55,3,2,2,5,0,0,0,0,true,,false,false,false,false,false,,,,,,false,false,true,,,false,false,false,false,false,-83.15654,42.27705,"{
  ""coordinates"": [
    -8.315654135100000e+01,
    4.227705560900010e+01
  ],
  ""type"": ""Point""
}","{
  ""coordinates"": [
    -83.156541351,
    42.277055609
  ],
  ""type"": ""Point""
}",-83.156541351,42.2770556090001
3542,9413743,VAN DYKE,MCNICHOL,2015-11-02,2,11,2015,18,2,97,3,,1,0,,1,1,1,35,4,2,2,5,0,0,0,0,true,,false,false,true,false,false,,,,,,false,false,true,,,false,false,false,false,false,-83.0237,42.41951,"{
  ""coordinates"": [
    -8.302370428499999e+01,
    4.241950472200010e+01
  ],
  ""type"": ""Point""
}","{
  ""coordinates"": [
    -83.023704285,
    42.419504722
  ],
  ""type"": ""Point""
}",-83.023704285,42.4195047220001
3543,9471151,I-96,JOY,2015-11-02,2,11,2015,10,2,5,1,,1,0,,1,1,1,70,4,2,3,5,0,0,0,0,true,,false,false,false,false,false,,,,,,false,false,true,,,false,false,false,false,false,-83.12679,42.36292,"{
  ""coordinates"": [
    -8.312678760199999e+01,
    4.236292373900010e+01
  ],
  ""type"": ""Point""
}","{
  ""coordinates"": [
    -83.126787602,
    42.362923739
  ],
  ""type"": ""Point""
}",-83.126787602,42.3629237390001
3544,9419048,SCHAEFER,N SCHAEFER/S I 75,2015-11-02,2,11,2015,16,2,2,7,,1,0,,1,1,1,35,5,3,3,3,0,0,2,0,false,,false,false,false,false,false,,,,,,false,false,true,,,false,false,false,false,false,-83.15741,42.27812,"{
  ""coordinates"": [
    -8.315740833800000e+01,
    4.227812175100010e+01
  ],
  ""type"": ""Point""
}","{
  ""coordinates"": [
    -83.157408338,
    42.278121751
  ],
  ""type"": ""Point""
}",-83.157408338,42.2781217510001
3545,9425631,VERNOR,MILITARY,2015-11-02,2,11,2015,15,2,97,9,,4,0,,1,1,1,25,3,2,4,5,0,0,0,0,true,,false,false,false,false,false,,,,,,false,true,false,,,false,false,false,false,false,-83.10691,42.31575,"{
  ""coordinates"": [
    -8.310691101799991e+01,
    4.231575142700010e+01
  ],
  ""type"": ""Point""
}","{
  ""coordinates"": [
    -83.106911018,
    42.315751427
  ],
  ""type"": ""Point""
}",-83.1069110179999,42.3157514270001
3546,9415947,FOREST,CHENE,2015-11-02,2,11,2015,16,2,4,9,,4,0,,1,1,2,30,2,2,2,5,0,0,0,0,true,,true,true,false,false,false,,,,,,false,false,false,,,false,false,false,false,false,-83.0394,42.3636,"{
  ""coordinates"": [
    -8.303939776500000e+01,
    4.236360356600010e+01
  ],
  ""type"": ""Point""
}","{
  ""coordinates"": [
    -83.039397765,
    42.363603566
  ],
  ""type"": ""Point""
}",-83.039397765,42.3636035660001
3547,9413816,CLARENDON,MACKINAW,2015-11-02,2,11,2015,19,2,2,9,,,0,,97,98,98,35,1,2,0,5,0,0,0,0,true,,false,false,true,false,false,,,,,,false,false,false,,,false,false,false,false,false,-83.12461,42.36562,"{
  ""coordinates"": [
    -8.312461050500001e+01,
    4.236562483900010e+01
  ],
  ""type"": ""Point""
}","{
  ""coordinates"": [
    -83.124610505,
    42.365624839
  ],
  ""type"": ""Point""
}",-83.124610505,42.3656248390001
3548,9425719,ANTHONY WAYNE,KIRBY,2015-11-02,2,11,2015,16,2,4,9,,4,0,,1,2,1,0,2,2,2,5,0,0,0,0,true,,false,false,false,false,false,,,,,,false,false,true,,,false,false,false,false,false,-83.07317,42.35771,"{
  ""coordinates"": [
    -8.307316854399990e+01,
    4.235770912200010e+01
  ],
  ""type"": ""Point""
}","{
  ""coordinates"": [
    -83.073168544,
    42.357709122
  ],
  ""type"": ""Point""
}",-83.0731685439999,42.3577091220001
3549,9420011,FORT,2ND,2015-11-02,2,11,2015,8,2,9,3,,1,0,,1,1,1,35,1,2,2,3,0,0,1,0,false,,false,false,true,false,false,,,,,,false,false,false,,,false,false,false,false,false,-83.05317,42.32822,"{
  ""coordinates"": [
    -8.305317245600000e+01,
    4.232821864300010e+01
  ],
  ""type"": ""Point""
}","{
  ""coordinates"": [
    -83.053172456,
    42.328218643
  ],
  ""type"": ""Point""
}",-83.053172456,42.3282186430001
3550,9418918,LAHSER,GRAND RIVER,2015-11-02,2,11,2015,17,2,8,3,,2,0,,1,1,1,35,4,2,1,4,0,0,0,1,false,,false,false,false,true,false,,,,,,false,false,false,,,false,false,false,false,false,-83.25764,42.41655,"{
  ""coordinates"": [
    -8.325764051300000e+01,
    4.241654496600010e+01
  ],
  ""type"": ""Point""
}","{
  ""coordinates"": [
    -83.257640513,
    42.416544966
  ],
  ""type"": ""Point""
}",-83.257640513,42.4165449660001
3551,9415939,WOODWARD,ALEXANDRINE,2015-11-02,2,11,2015,7,2,8,3,,1,0,,1,4,1,35,3,2,4,2,0,1,0,0,false,,false,false,false,false,false,,,,,,false,false,false,,,false,false,false,false,false,-83.05997,42.35052,"{
  ""coordinates"": [
    -8.305997405999990e+01,
    4.235052439800010e+01
  ],
  ""type"": ""Point""
}","{
  ""coordinates"": [
    -83.05997406,
    42.350524398
  ],
  ""type"": ""Point""
}",-83.0599740599999,42.3505243980001
3552,9416028,MARTIN LUTHER KING JR,N M 10,2015-11-02,2,11,2015,12,2,4,9,,4,0,,1,1,1,30,3,2,2,4,0,0,0,1,false,,false,false,false,false,false,,,,,,false,false,true,,,false,false,false,false,false,-83.06805,42.34321,"{
  ""coordinates"": [
    -8.306804300600000e+01,
    4.234321098900010e+01
  ],
  ""type"": ""Point""
}","{
  ""coordinates"": [
    -83.068043006,
    42.343210989
  ],
  ""type"": ""Point""
}",-83.068043006,42.3432109890001
3553,9413246,I94,CONNER,2015-11-02,2,11,2015,18,2,5,1,,1,0,,1,1,3,55,3,3,3,5,0,0,0,0,true,,false,false,false,false,false,,,,,,false,false,false,,,false,false,false,false,false,-82.99277,42.39312,"{
  ""coordinates"": [
    -8.299277474500001e+01,
    4.239311898900010e+01
  ],
  ""type"": ""Point""
}","{
  ""coordinates"": [
    -82.992774745,
    42.393118989
  ],
  ""type"": ""Point""
}",-82.992774745,42.3931189890001
3554,9414630,I-94,GRAND RIVER,2015-11-02,2,11,2015,15,2,5,1,,1,0,,1,1,1,55,3,2,3,5,0,0,0,0,true,,false,false,false,false,false,,,,,,false,false,false,,,false,false,false,false,false,-83.10005,42.3498,"{
  ""coordinates"": [
    -8.310005078700000e+01,
    4.234980547800010e+01
  ],
  ""type"": ""Point""
}","{
  ""coordinates"": [
    -83.100050787,
    42.349805478
  ],
  ""type"": ""Point""
}",-83.100050787,42.3498054780001
3555,9415938,PALMER,SAINT ANTIONE,2015-11-02,2,11,2015,9,2,9,9,,,0,,1,1,1,25,2,2,1,5,0,0,0,0,true,,false,false,true,false,false,,,,,,false,false,false,,,false,false,false,false,false,-83.06042,42.36502,"{
  ""coordinates"": [
    -8.306042254899999e+01,
    4.236502109000000e+01
  ],
  ""type"": ""Point""
}","{
  ""coordinates"": [
    -83.060422549,
    42.36502109
  ],
  ""type"": ""Point""
}",-83.060422549,42.36502109
3556,9422140,GLYNN,LAWTON,2015-11-02,2,11,2015,23,2,5,9,,,3,,1,1,5,25,1,2,3,4,0,0,0,3,false,,false,false,true,false,false,,,,,,false,false,false,,,false,false,false,false,false,-83.11594,42.37756,"{
  ""coordinates"": [
    -8.311594236500000e+01,
    4.237756121200000e+01
  ],
  ""type"": ""Point""
}","{
  ""coordinates"": [
    -83.115942365,
    42.377561212
  ],
  ""type"": ""Point""
}",-83.115942365,42.377561212
3557,9414796,CHESTER,MOROSS,2015-11-02,2,11,2015,23,2,4,9,,4,0,,1,1,3,35,4,2,1,5,0,0,0,0,true,,true,true,false,false,false,,,,,,false,false,false,,,false,false,false,false,false,-82.92295,42.42221,"{
  ""coordinates"": [
    -8.292294996399990e+01,
    4.242220563100010e+01
  ],
  ""type"": ""Point""
}","{
  ""coordinates"": [
    -82.922949964,
    42.422205631
  ],
  ""type"": ""Point""
}",-82.9229499639999,42.4222056310001
3558,9425339,S M 10,LINWOOD,2015-11-02,2,11,2015,11,2,5,3,,1,0,,1,1,1,55,3,2,2,5,0,0,0,0,true,,false,false,false,false,false,,,,,,false,false,false,,,false,false,false,false,false,-83.1274,42.40508,"{
  ""coordinates"": [
    -8.312739774900000e+01,
    4.240507821900010e+01
  ],
  ""type"": ""Point""
}","{
  ""coordinates"": [
    -83.127397749,
    42.405078219
  ],
  ""type"": ""Point""
}",-83.127397749,42.4050782190001
3559,9413702,MACKAY,ROBINWOOD,2015-11-02,2,11,2015,2,2,5,9,,,0,,1,1,4,25,1,2,0,5,0,0,0,0,true,,false,false,true,false,false,,,,,,false,false,false,,,false,false,false,false,false,-83.077,42.42994,"{
  ""coordinates"": [
    -8.307699899300000e+01,
    4.242993667900000e+01
  ],
  ""type"": ""Point""
}","{
  ""coordinates"": [
    -83.076998993,
    42.429936679
  ],
  ""type"": ""Point""
}",-83.076998993,42.429936679
3560,9415944,N M 10,MCNICHOLS,2015-11-02,2,11,2015,11,2,8,3,,1,0,,1,1,1,30,2,2,2,5,0,0,0,0,true,,false,false,false,false,false,,,,,,false,false,false,,,false,false,false,false,false,-83.17207,42.41666,"{
  ""coordinates"": [
    -8.317207563999990e+01,
    4.241666326600010e+01
  ],
  ""type"": ""Point""
}","{
  ""coordinates"": [
    -83.17207564,
    42.416663266
  ],
  ""type"": ""Point""
}",-83.1720756399999,42.4166632660001
3561,9423245,HOUSTON WHITTIER,CHALMERS,2015-11-02,2,11,2015,7,2,4,9,,4,0,,1,1,1,30,8,2,3,5,0,0,0,0,true,,true,true,false,false,false,,,,,,false,false,false,,,false,false,false,false,false,-82.97479,42.42066,"{
  ""coordinates"": [
    -8.297479219000000e+01,
    4.242065739900000e+01
  ],
  ""type"": ""Point""
}","{
  ""coordinates"": [
    -82.97479219,
    42.420657399
  ],
  ""type"": ""Point""
}",-82.97479219,42.420657399
3562,9416023,S I 75 SERVICE DRIVE,MACK,2015-11-02,2,11,2015,8,2,5,1,,4,0,,1,1,1,70,5,2,2,5,0,0,0,0,true,,false,false,true,false,false,,,,,,false,false,false,,,false,false,false,false,false,-83.0486,42.35113,"{
  ""coordinates"": [
    -8.304859751299990e+01,
    4.235113161000000e+01
  ],
  ""type"": ""Point""
}","{
  ""coordinates"": [
    -83.048597513,
    42.35113161
  ],
  ""type"": ""Point""
}",-83.0485975129999,42.35113161
3563,9414659,M-10,WARREN,2015-11-02,2,11,2015,22,2,8,3,,1,0,,1,1,4,55,3,2,2,5,0,0,0,0,true,,false,false,false,false,false,,,,,,false,false,false,,,false,false,false,false,false,-83.07327,42.35321,"{
  ""coordinates"": [
    -8.307327117599991e+01,
    4.235321252100000e+01
  ],
  ""type"": ""Point""
}","{
  ""coordinates"": [
    -83.073271176,
    42.353212521
  ],
  ""type"": ""Point""
}",-83.0732711759999,42.353212521
3564,9429780,PILGRIM,LINDSAY,2015-11-02,2,11,2015,23,2,9,9,,,2,,1,1,4,25,2,2,0,5,0,0,0,0,true,,false,false,true,false,false,,,,,,false,false,false,,,false,false,false,false,false,-83.21288,42.40664,"{
  ""coordinates"": [
    -8.321288358300001e+01,
    4.240663895600010e+01
  ],
  ""type"": ""Point""
}","{
  ""coordinates"": [
    -83.212883583,
    42.406638956
  ],
  ""type"": ""Point""
}",-83.212883583,42.4066389560001
3565,9417085,GRAND RIVER,BILTMORE,2015-11-02,2,11,2015,16,2,8,3,,1,0,,1,1,1,30,5,2,2,5,0,0,0,0,true,,false,false,false,false,false,,,,,,false,false,true,,,false,false,false,false,false,-83.21259,42.3984,"{
  ""coordinates"": [
    -8.321258587800000e+01,
    4.239839991700010e+01
  ],
  ""type"": ""Point""
}","{
  ""coordinates"": [
    -83.212585878,
    42.398399917
  ],
  ""type"": ""Point""
}",-83.212585878,42.3983999170001
3566,9414799,WOODWARD,STATE,2015-11-02,2,11,2015,9,2,8,9,,4,0,,1,1,1,35,2,2,3,5,0,0,0,0,true,,false,false,false,false,false,,,,,,false,false,false,,,false,false,false,false,false,-83.04782,42.33292,"{
  ""coordinates"": [
    -8.304782443200000e+01,
    4.233292214400010e+01
  ],
  ""type"": ""Point""
}","{
  ""coordinates"": [
    -83.047824432,
    42.332922144
  ],
  ""type"": ""Point""
}",-83.047824432,42.3329221440001
3567,9414792,MEYERS,GRAND RIVER,2015-11-02,2,11,2015,16,2,1,3,,4,0,,1,1,1,35,7,2,2,5,0,0,0,0,true,,false,false,false,false,false,,,,,,false,true,false,,,false,false,false,true,false,-83.16845,42.38059,"{
  ""coordinates"": [
    -8.316844817700000e+01,
    4.238059102700000e+01
  ],
  ""type"": ""Point""
}","{
  ""coordinates"": [
    -83.168448177,
    42.380591027
  ],
  ""type"": ""Point""
}",-83.168448177,42.380591027
3568,9413794,7 MILE,FERGUSON,2015-11-02,2,11,2015,15,2,4,9,,2,0,,1,1,1,35,4,3,4,4,0,0,0,2,false,,false,false,true,false,false,,,,,,false,true,false,,,false,false,false,false,false,-83.21062,42.43026,"{
  ""coordinates"": [
    -8.321062164999999e+01,
    4.243025491900000e+01
  ],
  ""type"": ""Point""
}","{
  ""coordinates"": [
    -83.21062165,
    42.430254919
  ],
  ""type"": ""Point""
}",-83.21062165,42.430254919
3569,9415923,NEVADA,SHERWOOD,2015-11-02,2,11,2015,15,2,4,9,,4,0,,1,1,1,30,4,2,3,2,0,1,0,2,false,,true,true,false,false,true,,,,,,false,false,false,,,false,false,false,false,false,-83.03352,42.42653,"{
  ""coordinates"": [
    -8.303351972300000e+01,
    4.242652535800000e+01
  ],
  ""type"": ""Point""
}","{
  ""coordinates"": [
    -83.033519723,
    42.426525358
  ],
  ""type"": ""Point""
}",-83.033519723,42.426525358
3570,9414779,S I 75,CONSOLIDATED RAIL CORPORATION,2015-11-02,2,11,2015,16,2,5,1,,1,0,,1,1,1,25,1,2,2,5,0,0,0,0,true,,false,false,false,false,false,,,,,,false,false,false,,,false,false,false,false,false,-83.12963,42.29119,"{
  ""coordinates"": [
    -8.312963216700000e+01,
    4.229118575600010e+01
  ],
  ""type"": ""Point""
}","{
  ""coordinates"": [
    -83.129632167,
    42.291185756
  ],
  ""type"": ""Point""
}",-83.129632167,42.2911857560001
3571,9419991,S M 10,7 MILE,2015-11-02,2,11,2015,7,2,5,3,,1,0,,1,1,4,65,3,2,1,5,0,0,0,0,true,,false,false,true,false,false,,,,,,false,false,false,,,false,false,false,false,false,-83.1871,42.43077,"{
  ""coordinates"": [
    -8.318710050000000e+01,
    4.243077485500000e+01
  ],
  ""type"": ""Point""
}","{
  ""coordinates"": [
    -83.1871005,
    42.430774855
  ],
  ""type"": ""Point""
}",-83.1871005,42.430774855
3572,9474269,8 MILE,MOUND,2015-11-01,1,11,2015,11,1,8,3,,1,0,,2,4,4,40,5,2,2,5,0,0,0,0,true,,false,false,true,false,false,,,,,,false,false,true,,,false,false,false,false,false,-83.04385,42.44777,"{
  ""coordinates"": [
    -8.304384874199999e+01,
    4.244777269200010e+01
  ],
  ""type"": ""Point""
}","{
  ""coordinates"": [
    -83.043848742,
    42.447772692
  ],
  ""type"": ""Point""
}",-83.043848742,42.4477726920001
3573,9413212,W I 96,GRAND RIVER,2015-11-01,1,11,2015,8,1,1,1,,1,1,,1,1,2,70,4,1,1,5,0,0,0,0,true,,false,false,false,false,false,,,,,,false,false,true,,,false,false,false,false,false,-83.17558,42.38392,"{
  ""coordinates"": [
    -8.317557615399990e+01,
    4.238392393200010e+01
  ],
  ""type"": ""Point""
}","{
  ""coordinates"": [
    -83.175576154,
    42.383923932
  ],
  ""type"": ""Point""
}",-83.1755761539999,42.3839239320001
3574,9655760,I-75,DEARBORN,2015-11-01,1,11,2015,0,1,1,1,,1,1,,1,4,5,70,4,1,2,5,0,0,0,0,true,,false,false,false,false,false,,,,,,false,false,false,,,false,false,false,false,false,-83.13093,42.2903,"{
  ""coordinates"": [
    -8.313092818099990e+01,
    4.229030097600000e+01
  ],
  ""type"": ""Point""
}","{
  ""coordinates"": [
    -83.130928181,
    42.290300976
  ],
  ""type"": ""Point""
}",-83.1309281809999,42.290300976
3575,9449844,GRAND,I 96 SERVICE,2015-11-01,1,11,2015,15,1,4,9,,4,0,,1,1,1,30,3,2,3,5,0,0,0,0,true,,false,false,false,false,false,,,,,,false,false,true,,,false,false,false,false,false,-83.11085,42.35531,"{
  ""coordinates"": [
    -8.311084566800000e+01,
    4.235531201600000e+01
  ],
  ""type"": ""Point""
}","{
  ""coordinates"": [
    -83.110845668,
    42.355312016
  ],
  ""type"": ""Point""
}",-83.110845668,42.355312016
3576,9413200,S M 10,LINWOOD,2015-11-01,1,11,2015,0,1,1,3,,1,1,,2,4,4,55,3,1,1,5,0,0,0,0,true,,false,false,true,false,false,,,,,,false,false,false,,,false,false,false,false,false,-83.12759,42.40508,"{
  ""coordinates"": [
    -8.312759212200000e+01,
    4.240507410700010e+01
  ],
  ""type"": ""Point""
}","{
  ""coordinates"": [
    -83.127592122,
    42.405074107
  ],
  ""type"": ""Point""
}",-83.127592122,42.4050741070001
3577,9417096,7 MILE,EVERGREEN,2015-11-01,1,11,2015,1,1,8,9,,2,0,,2,4,4,35,4,2,2,4,0,0,0,1,false,,false,false,true,false,false,,,,,,false,false,false,,,false,false,false,false,false,-83.23891,42.42957,"{
  ""coordinates"": [
    -8.323891655900000e+01,
    4.242956893900000e+01
  ],
  ""type"": ""Point""
}","{
  ""coordinates"": [
    -83.238916559,
    42.429568939
  ],
  ""type"": ""Point""
}",-83.238916559,42.429568939
3578,9417086,E I 96 SERVICE DRIVE,WYOMING,2015-11-01,1,11,2015,1,1,4,9,,4,0,,2,1,4,30,4,2,3,1,2,1,0,0,false,,false,false,false,true,false,,,,,,false,false,false,,,false,false,false,false,false,-83.15895,42.38475,"{
  ""coordinates"": [
    -8.315895173599991e+01,
    4.238475536800010e+01
  ],
  ""type"": ""Point""
}","{
  ""coordinates"": [
    -83.158951736,
    42.384755368
  ],
  ""type"": ""Point""
}",-83.1589517359999,42.3847553680001
3579,9413789,FENKELL,GLASTONBURY,2015-11-01,1,11,2015,9,1,5,9,,2,0,,2,1,1,35,2,3,3,4,0,0,0,1,false,,false,false,false,false,false,,,,,,false,true,false,,,false,false,false,false,false,-83.22541,42.40093,"{
  ""coordinates"": [
    -8.322541393300000e+01,
    4.240093055700000e+01
  ],
  ""type"": ""Point""
}","{
  ""coordinates"": [
    -83.225413933,
    42.400930557
  ],
  ""type"": ""Point""
}",-83.225413933,42.400930557
3580,9413296,RAMP 215H,E I 94,2015-11-01,1,11,2015,1,1,1,1,,1,1,,2,4,4,55,1,1,1,5,0,0,0,0,true,,false,false,false,false,false,,,,,,false,false,true,,,false,false,false,false,false,-83.07734,42.35826,"{
  ""coordinates"": [
    -8.307734097199990e+01,
    4.235826387400000e+01
  ],
  ""type"": ""Point""
}","{
  ""coordinates"": [
    -83.077340972,
    42.358263874
  ],
  ""type"": ""Point""
}",-83.0773409719999,42.358263874
3581,9465558,SAINT ANTOINE,MACK,2015-11-01,1,11,2015,0,1,8,9,,4,0,,2,4,4,30,3,2,2,5,0,0,0,0,true,,false,false,false,false,false,,,,,,false,false,false,,,false,false,false,false,false,-83.05284,42.35034,"{
  ""coordinates"": [
    -8.305284164100000e+01,
    4.235034016400000e+01
  ],
  ""type"": ""Point""
}","{
  ""coordinates"": [
    -83.052841641,
    42.350340164
  ],
  ""type"": ""Point""
}",-83.052841641,42.350340164
3582,9413817,E I 96,LIVERNOIS,2015-11-01,1,11,2015,10,1,4,1,,1,0,,1,1,1,30,3,2,2,5,0,0,0,0,true,,false,false,true,false,false,,,,,,false,false,false,,,false,false,false,false,false,-83.13873,42.36717,"{
  ""coordinates"": [
    -8.313873204700000e+01,
    4.236716850300010e+01
  ],
  ""type"": ""Point""
}","{
  ""coordinates"": [
    -83.138732047,
    42.367168503
  ],
  ""type"": ""Point""
}",-83.138732047,42.3671685030001
3583,9413790,RUTHERFORD,EATON,2015-11-01,1,11,2015,1,1,1,9,,,1,,2,4,4,35,1,1,2,3,0,0,2,0,false,,false,false,false,true,false,,,,,,false,false,true,,,false,false,false,false,false,-83.20393,42.39651,"{
  ""coordinates"": [
    -8.320392533899999e+01,
    4.239651012500010e+01
  ],
  ""type"": ""Point""
}","{
  ""coordinates"": [
    -83.203925339,
    42.396510125
  ],
  ""type"": ""Point""
}",-83.203925339,42.3965101250001
3584,9413297,RAMP 3018B,I-75,2015-11-01,1,11,2015,22,1,1,1,,1,1,,1,1,4,55,2,1,1,5,0,0,0,0,true,,false,false,false,false,false,,,,,,false,false,true,,,false,false,false,false,false,-83.04392,42.34324,"{
  ""coordinates"": [
    -8.304392533100000e+01,
    4.234323978700010e+01
  ],
  ""type"": ""Point""
}","{
  ""coordinates"": [
    -83.043925331,
    42.343239787
  ],
  ""type"": ""Point""
}",-83.043925331,42.3432397870001
3585,9413676,GRAND,RIDSON,2015-11-01,1,11,2015,11,1,9,9,,4,2,,2,1,4,30,1,2,0,5,0,0,0,0,true,,false,false,true,false,false,,,,,,false,false,false,,,false,false,false,false,false,-83.09367,42.32895,"{
  ""coordinates"": [
    -8.309366423900001e+01,
    4.232894934900000e+01
  ],
  ""type"": ""Point""
}","{
  ""coordinates"": [
    -83.093664239,
    42.328949349
  ],
  ""type"": ""Point""
}",-83.093664239,42.328949349
3586,9413807,GRATIOT,MANNING,2015-11-01,1,11,2015,18,1,4,3,,1,0,,1,1,4,35,6,2,2,4,0,0,0,2,false,,false,false,false,false,false,,,,,,false,false,true,,,false,false,false,false,false,-82.97392,42.44081,"{
  ""coordinates"": [
    -8.297391460199999e+01,
    4.244081510600010e+01
  ],
  ""type"": ""Point""
}","{
  ""coordinates"": [
    -82.973914602,
    42.440815106
  ],
  ""type"": ""Point""
}",-82.973914602,42.4408151060001
3587,9414778,CLARK,MICHIGAN,2015-11-01,1,11,2015,21,1,1,9,,4,1,,1,1,4,30,2,1,1,1,1,0,0,0,false,,false,false,false,false,false,,,,,,false,false,true,,,false,false,false,false,false,-83.10265,42.33068,"{
  ""coordinates"": [
    -8.310265704999991e+01,
    4.233068555400010e+01
  ],
  ""type"": ""Point""
}","{
  ""coordinates"": [
    -83.10265705,
    42.330685554
  ],
  ""type"": ""Point""
}",-83.1026570499999,42.3306855540001
3588,9413735,NEVADA,SHERWOOD,2015-11-01,1,11,2015,15,1,4,9,,4,0,,1,1,1,30,2,2,4,5,0,0,0,0,true,,true,true,false,false,false,,,,,,false,false,false,,,false,false,false,false,false,-83.03335,42.42653,"{
  ""coordinates"": [
    -8.303334493300000e+01,
    4.242652913000010e+01
  ],
  ""type"": ""Point""
}","{
  ""coordinates"": [
    -83.033344933,
    42.42652913
  ],
  ""type"": ""Point""
}",-83.033344933,42.4265291300001
3589,9413232,RAMP 139G,W I 96 CD,2015-11-01,1,11,2015,7,1,1,1,,1,1,,2,1,1,35,3,1,1,5,0,0,0,0,true,,false,false,false,false,false,,,,,,false,false,true,,,false,false,false,false,false,-83.15595,42.38558,"{
  ""coordinates"": [
    -8.315595525399991e+01,
    4.238558266200000e+01
  ],
  ""type"": ""Point""
}","{
  ""coordinates"": [
    -83.155955254,
    42.385582662
  ],
  ""type"": ""Point""
}",-83.1559552539999,42.385582662
3590,9413703,FREDERICK,HELEN,2015-11-01,1,11,2015,8,1,5,9,,,0,,1,1,1,25,2,2,0,5,0,0,0,0,true,,false,false,true,false,false,,,,,,false,false,false,,,false,false,false,false,false,-83.02168,42.37539,"{
  ""coordinates"": [
    -8.302167853200000e+01,
    4.237539173300010e+01
  ],
  ""type"": ""Point""
}","{
  ""coordinates"": [
    -83.021678532,
    42.375391733
  ],
  ""type"": ""Point""
}",-83.021678532,42.3753917330001
3591,9420029,WYOMING,PEMBROKE,2015-11-01,1,11,2015,16,1,4,9,,4,0,,1,1,1,35,2,2,2,4,0,0,0,1,false,,false,false,false,false,false,,,,,,false,false,false,,,false,false,true,false,false,-83.16121,42.43856,"{
  ""coordinates"": [
    -8.316120812000000e+01,
    4.243855478200000e+01
  ],
  ""type"": ""Point""
}","{
  ""coordinates"": [
    -83.16120812,
    42.438554782
  ],
  ""type"": ""Point""
}",-83.16120812,42.438554782
3592,9413668,EVERGREEN,MIDLAND,2015-11-01,1,11,2015,1,1,4,9,,4,0,,2,4,4,30,2,2,3,4,0,0,0,1,false,,true,false,true,false,false,,,,,,false,false,false,,,false,false,false,false,false,-83.23758,42.40432,"{
  ""coordinates"": [
    -8.323758090299999e+01,
    4.240431789800000e+01
  ],
  ""type"": ""Point""
}","{
  ""coordinates"": [
    -83.237580903,
    42.404317898
  ],
  ""type"": ""Point""
}",-83.237580903,42.404317898
3593,9427506,SECOND,PINGREE,2015-11-01,1,11,2015,13,1,4,9,,4,0,,1,1,1,25,2,2,6,3,0,0,3,0,false,,false,false,false,false,false,,,,,,false,false,true,,,false,false,false,false,false,-83.08204,42.37769,"{
  ""coordinates"": [
    -8.308203945199990e+01,
    4.237768405100010e+01
  ],
  ""type"": ""Point""
}","{
  ""coordinates"": [
    -83.082039452,
    42.377684051
  ],
  ""type"": ""Point""
}",-83.0820394519999,42.3776840510001