ObjectId,Crash ID,Primary Road,Intersecting Road,Crash Date,Day,Month,Year,Hour,Weekday,Crash Type Code,Highway Classification Code,Community Code,Jurisdiction Code,Lane Departure Type Code,Surface Type,Road Condition,Weather Condition,Lighting Condition,Speed Limit,Lanes,Units,Occupants,Most Severe Injury,Fatal Injuries,Suspected Serious Injuries,Suspected Minor Injuries,Possible Injuries,Property Damage Only,Secondary Crash,Traffic Control,Red Light Run,Hit and Run,Alcohol,Drugs,Unbelted Person,Work Zone,Speeding Driver,Distracted Driver,Driveway,Pedestrian,Elderly Driver,Young Driver,Commercial Vehicle,Emergency Vehicles,Train,School Bus,Motorcycle,Bicycle,Deer,Longitude,Latitude,geom,geog,x,y
3650,9423107,M 10,FORT,2015-10-31,31,10,2015,17,7,6,3,,1,0,,97,2,3,45,3,3,8,4,0,0,0,2,false,,false,false,false,false,false,,,,,,false,false,false,,,false,false,false,false,false,-83.04672,42.32763,"{
  ""coordinates"": [
    -8.304672166500001e+01,
    4.232762871200000e+01
  ],
  ""type"": ""Point""
}","{
  ""coordinates"": [
    -83.046721665,
    42.327628712
  ],
  ""type"": ""Point""
}",-83.046721665,42.327628712
3651,9413675,LIVERNOIS,FEDERAL,2015-10-31,31,10,2015,20,7,1,9,,4,0,,2,4,4,35,4,1,2,5,0,0,0,0,true,,false,false,true,false,false,,,,,,false,false,true,,,false,false,false,false,false,-83.11318,42.32128,"{
  ""coordinates"": [
    -8.311318173200000e+01,
    4.232127822800000e+01
  ],
  ""type"": ""Point""
}","{
  ""coordinates"": [
    -83.113181732,
    42.321278228
  ],
  ""type"": ""Point""
}",-83.113181732,42.321278228
3652,9413686,8 MILE,SHERWOOD,2015-10-31,31,10,2015,15,7,97,3,,1,0,,2,4,4,35,4,4,8,5,0,0,0,0,true,,false,false,true,false,false,,,,,,false,false,false,,,false,false,false,false,false,-83.03451,42.44793,"{
  ""coordinates"": [
    -8.303451001699990e+01,
    4.244793505300000e+01
  ],
  ""type"": ""Point""
}","{
  ""coordinates"": [
    -83.034510017,
    42.447935053
  ],
  ""type"": ""Point""
}",-83.0345100169999,42.447935053
3653,9421172,PARKER,HENDRIE,2015-10-31,31,10,2015,14,7,97,9,,,0,,2,4,1,25,2,2,0,5,0,0,0,0,true,,false,false,true,false,false,,,,,,false,false,false,,,false,false,false,false,false,-83.01612,42.38256,"{
  ""coordinates"": [
    -8.301612284100000e+01,
    4.238256082800010e+01
  ],
  ""type"": ""Point""
}","{
  ""coordinates"": [
    -83.016122841,
    42.382560828
  ],
  ""type"": ""Point""
}",-83.016122841,42.3825608280001
3654,9415974,N M 10,JEFFERSON,2015-10-31,31,10,2015,17,7,1,3,,1,1,,2,4,1,35,3,1,1,5,0,0,0,0,true,,false,false,false,false,false,,,,,,false,false,true,,,false,false,false,false,false,-83.04552,42.32834,"{
  ""coordinates"": [
    -8.304552371400000e+01,
    4.232834085700010e+01
  ],
  ""type"": ""Point""
}","{
  ""coordinates"": [
    -83.045523714,
    42.328340857
  ],
  ""type"": ""Point""
}",-83.045523714,42.3283408570001
3655,9427496,BEAUBIEN,MEDBURY,2015-10-31,31,10,2015,2,7,4,9,,4,0,,1,1,4,30,2,2,4,4,0,0,0,1,false,,true,true,false,false,false,,,,,,false,false,true,,,false,false,false,false,false,-83.06351,42.36649,"{
  ""coordinates"": [
    -8.306351276600000e+01,
    4.236649088700010e+01
  ],
  ""type"": ""Point""
}","{
  ""coordinates"": [
    -83.063512766,
    42.366490887
  ],
  ""type"": ""Point""
}",-83.063512766,42.3664908870001
3656,9413753,OUTER,ROLYAT,2015-10-31,31,10,2015,17,7,1,9,,2,1,,2,2,1,35,2,1,1,5,0,0,0,0,true,,false,false,false,false,false,,,,,,false,false,false,,,false,false,false,false,false,-83.01704,42.4399,"{
  ""coordinates"": [
    -8.301704263700000e+01,
    4.243989395300010e+01
  ],
  ""type"": ""Point""
}","{
  ""coordinates"": [
    -83.017042637,
    42.439893953
  ],
  ""type"": ""Point""
}",-83.017042637,42.4398939530001
3657,9413779,WARREN,ALTER,2015-10-31,31,10,2015,13,7,4,9,,4,0,,1,2,1,30,5,2,4,5,0,0,0,0,true,,false,false,false,false,false,,,,,,false,true,false,,,false,false,false,false,false,-82.95448,42.39702,"{
  ""coordinates"": [
    -8.295448260800001e+01,
    4.239701921800000e+01
  ],
  ""type"": ""Point""
}","{
  ""coordinates"": [
    -82.954482608,
    42.397019218
  ],
  ""type"": ""Point""
}",-82.954482608,42.397019218
3658,9423246,CLIFFORD,S I 75,2015-10-31,31,10,2015,0,7,97,9,,4,0,,1,1,4,30,3,2,3,5,0,0,0,0,true,,false,false,false,false,false,,,,,,false,false,true,,,false,false,false,false,false,-83.05603,42.33855,"{
  ""coordinates"": [
    -8.305603186899999e+01,
    4.233855256900010e+01
  ],
  ""type"": ""Point""
}","{
  ""coordinates"": [
    -83.056031869,
    42.338552569
  ],
  ""type"": ""Point""
}",-83.056031869,42.3385525690001
3659,9413680,JOY,YELLOWSTONE,2015-10-31,31,10,2015,17,7,97,9,,4,0,,2,4,1,30,2,2,1,4,0,0,0,1,false,,false,false,true,false,false,,,,,,true,false,false,,,false,false,false,false,false,-83.12764,42.36636,"{
  ""coordinates"": [
    -8.312764277399999e+01,
    4.236636353700000e+01
  ],
  ""type"": ""Point""
}","{
  ""coordinates"": [
    -83.127642774,
    42.366363537
  ],
  ""type"": ""Point""
}",-83.127642774,42.366363537
3660,9413677,MCGRAW,ELMER,2015-10-31,31,10,2015,12,7,8,9,,4,0,,1,1,1,30,5,2,6,5,0,0,0,0,true,,false,false,false,false,false,,,,,,false,false,false,,,false,false,false,false,false,-83.14429,42.33407,"{
  ""coordinates"": [
    -8.314428846500000e+01,
    4.233407000000010e+01
  ],
  ""type"": ""Point""
}","{
  ""coordinates"": [
    -83.144288465,
    42.33407
  ],
  ""type"": ""Point""
}",-83.144288465,42.3340700000001
3661,9410943,GRIGGS,BEECHDALE,2015-10-31,31,10,2015,3,7,8,9,,,0,,1,1,3,25,2,2,0,5,0,0,0,0,true,,false,false,true,false,false,,,,,,false,false,false,,,false,false,false,false,false,-83.1618,42.37044,"{
  ""coordinates"": [
    -8.316179775400001e+01,
    4.237044011900010e+01
  ],
  ""type"": ""Point""
}","{
  ""coordinates"": [
    -83.161797754,
    42.370440119
  ],
  ""type"": ""Point""
}",-83.161797754,42.3704401190001
3662,9413793,STAHELIN,EATON,2015-10-31,31,10,2015,21,7,4,9,,,0,,2,4,4,25,2,2,8,5,0,0,0,0,true,,false,false,true,false,false,,,,,,false,true,false,,,false,false,false,false,false,-83.2263,42.39596,"{
  ""coordinates"": [
    -8.322630657199990e+01,
    4.239595879300000e+01
  ],
  ""type"": ""Point""
}","{
  ""coordinates"": [
    -83.226306572,
    42.395958793
  ],
  ""type"": ""Point""
}",-83.2263065719999,42.395958793
3663,9413736,BRAMELL,SAWYER,2015-10-31,31,10,2015,16,7,5,9,,,0,,1,4,1,25,2,2,0,5,0,0,0,0,true,,false,false,true,false,false,,,,,,false,false,false,,,false,false,false,false,false,-83.26131,42.34504,"{
  ""coordinates"": [
    -8.326131651100000e+01,
    4.234503894200000e+01
  ],
  ""type"": ""Point""
}","{
  ""coordinates"": [
    -83.261316511,
    42.345038942
  ],
  ""type"": ""Point""
}",-83.261316511,42.345038942
3664,9419998,WOODWARD,BETHUNE,2015-10-31,31,10,2015,22,7,5,3,,1,0,,2,4,4,35,3,2,2,4,0,0,0,1,false,,false,false,true,false,false,,,,,,false,false,false,,,false,false,false,false,false,-83.07473,42.37241,"{
  ""coordinates"": [
    -8.307473116400000e+01,
    4.237241522700000e+01
  ],
  ""type"": ""Point""
}","{
  ""coordinates"": [
    -83.074731164,
    42.372415227
  ],
  ""type"": ""Point""
}",-83.074731164,42.372415227
3665,9423241,WATSON,JOHN R,2015-10-31,31,10,2015,11,7,97,9,,,0,,1,2,1,30,4,2,2,5,0,0,0,0,true,,false,false,false,false,false,,,,,,false,true,false,,,false,false,false,false,false,-83.05413,42.34567,"{
  ""coordinates"": [
    -8.305412963799991e+01,
    4.234566759100010e+01
  ],
  ""type"": ""Point""
}","{
  ""coordinates"": [
    -83.054129638,
    42.345667591
  ],
  ""type"": ""Point""
}",-83.0541296379999,42.3456675910001
3666,9413190,I-94,GRATIOT,2015-10-31,31,10,2015,17,7,1,1,,1,1,,2,4,1,55,3,1,2,5,0,0,0,0,true,,false,false,false,false,false,,,,,,false,false,true,,,false,false,false,false,false,-83.00993,42.39032,"{
  ""coordinates"": [
    -8.300992990600000e+01,
    4.239031455700010e+01
  ],
  ""type"": ""Point""
}","{
  ""coordinates"": [
    -83.009929906,
    42.390314557
  ],
  ""type"": ""Point""
}",-83.009929906,42.3903145570001
3667,9413678,CHICAGO,HUBBELL,2015-10-31,31,10,2015,16,7,5,9,,4,0,,1,2,1,35,2,2,2,4,0,0,0,1,false,,true,false,false,false,false,,,,,,false,false,false,,,false,false,false,false,false,-83.18745,42.36558,"{
  ""coordinates"": [
    -8.318745381199990e+01,
    4.236558128300000e+01
  ],
  ""type"": ""Point""
}","{
  ""coordinates"": [
    -83.187453812,
    42.365581283
  ],
  ""type"": ""Point""
}",-83.1874538119999,42.365581283
3668,9413783,EVERGREEN,RAMP 135C,2015-10-31,31,10,2015,20,7,5,1,,4,0,,2,1,4,40,3,2,3,4,0,0,0,2,false,,true,true,false,false,false,,,,,,false,true,false,,,false,false,false,false,false,-83.23669,42.38136,"{
  ""coordinates"": [
    -8.323668319900000e+01,
    4.238135381300000e+01
  ],
  ""type"": ""Point""
}","{
  ""coordinates"": [
    -83.236683199,
    42.381353813
  ],
  ""type"": ""Point""
}",-83.236683199,42.381353813
3669,9413666,JEFFERSON,PARKER,2015-10-31,31,10,2015,20,7,1,9,,4,0,,2,4,4,35,3,2,1,3,0,0,1,0,false,,false,false,false,false,false,,,,,,true,false,false,,,false,false,false,false,false,-82.99403,42.35194,"{
  ""coordinates"": [
    -8.299403074100000e+01,
    4.235194156500010e+01
  ],
  ""type"": ""Point""
}","{
  ""coordinates"": [
    -82.994030741,
    42.351941565
  ],
  ""type"": ""Point""
}",-82.994030741,42.3519415650001
3670,9413667,CADIEUX,WAVENEY,2015-10-31,31,10,2015,21,7,3,9,,4,0,,2,4,4,30,2,2,4,4,0,0,0,1,false,,false,false,false,false,false,,,,,,false,false,true,,,false,false,false,false,false,-82.92666,42.40131,"{
  ""coordinates"": [
    -8.292666081899991e+01,
    4.240130504500010e+01
  ],
  ""type"": ""Point""
}","{
  ""coordinates"": [
    -82.926660819,
    42.401305045
  ],
  ""type"": ""Point""
}",-82.9266608189999,42.4013050450001
3671,9413683,7 MILE,WOODWARD,2015-10-31,31,10,2015,20,7,8,3,,2,0,,2,4,4,35,2,2,2,5,0,0,0,0,true,,false,false,true,false,false,,,,,,false,false,false,,,false,false,false,false,false,-83.11537,42.43212,"{
  ""coordinates"": [
    -8.311537230600000e+01,
    4.243211601600010e+01
  ],
  ""type"": ""Point""
}","{
  ""coordinates"": [
    -83.115372306,
    42.432116016
  ],
  ""type"": ""Point""
}",-83.115372306,42.4321160160001
3672,9413835,GODDARD,OUTER,2015-10-31,31,10,2015,17,7,4,9,,,0,,2,4,1,25,2,2,5,5,0,0,0,0,true,,false,false,false,false,false,,,,,,false,false,false,,,false,false,false,false,false,-83.07741,42.44006,"{
  ""coordinates"": [
    -8.307740885000000e+01,
    4.244006217100010e+01
  ],
  ""type"": ""Point""
}","{
  ""coordinates"": [
    -83.07740885,
    42.440062171
  ],
  ""type"": ""Point""
}",-83.07740885,42.4400621710001
3673,9413231,I-75,WARREN,2015-10-31,31,10,2015,17,7,1,1,,1,1,,2,4,1,70,4,1,1,5,0,0,0,0,true,,false,false,false,false,false,,,,,,false,false,true,,,false,false,false,false,false,-83.05597,42.36421,"{
  ""coordinates"": [
    -8.305597302800000e+01,
    4.236420649100010e+01
  ],
  ""type"": ""Point""
}","{
  ""coordinates"": [
    -83.055973028,
    42.364206491
  ],
  ""type"": ""Point""
}",-83.055973028,42.3642064910001
3674,9413737,CATHEDRAL,ARCHDALE,2015-10-31,31,10,2015,13,7,5,9,,,0,,1,2,1,25,1,2,1,5,0,0,0,0,true,,false,false,false,false,false,,,,,,false,false,false,,,false,false,false,false,false,-83.21548,42.36147,"{
  ""coordinates"": [
    -8.321548398600000e+01,
    4.236146799500010e+01
  ],
  ""type"": ""Point""
}","{
  ""coordinates"": [
    -83.215483986,
    42.361467995
  ],
  ""type"": ""Point""
}",-83.215483986,42.3614679950001
3675,9413713,ALTER,MACK,2015-10-31,31,10,2015,22,7,2,9,,4,0,,2,4,4,30,2,2,3,4,0,0,0,2,false,,false,false,true,false,false,,,,,,false,false,false,,,false,false,false,false,false,-82.94768,42.38729,"{
  ""coordinates"": [
    -8.294768126600000e+01,
    4.238728558900000e+01
  ],
  ""type"": ""Point""
}","{
  ""coordinates"": [
    -82.947681266,
    42.387285589
  ],
  ""type"": ""Point""
}",-82.947681266,42.387285589
3676,9413821,CARPENTER,MITCHELL,2015-10-31,31,10,2015,17,7,5,9,,4,0,,1,1,1,40,2,2,1,5,0,0,0,0,true,,false,false,true,false,false,,,,,,false,false,true,,,false,false,false,false,false,-83.06288,42.40685,"{
  ""coordinates"": [
    -8.306288263600000e+01,
    4.240684493800010e+01
  ],
  ""type"": ""Point""
}","{
  ""coordinates"": [
    -83.062882636,
    42.406844938
  ],
  ""type"": ""Point""
}",-83.062882636,42.4068449380001
3677,9410964,8 MILE,VAN DYKE,2015-10-31,31,10,2015,1,7,4,3,,1,0,,1,2,4,40,4,2,2,1,1,0,0,0,false,,true,true,false,false,false,,,,,,false,false,true,,,false,false,false,false,false,-83.02473,42.44816,"{
  ""coordinates"": [
    -8.302473580600000e+01,
    4.244815751300010e+01
  ],
  ""type"": ""Point""
}","{
  ""coordinates"": [
    -83.024735806,
    42.448157513
  ],
  ""type"": ""Point""
}",-83.024735806,42.4481575130001
3678,9413674,PORTER,HUBBARD,2015-10-31,31,10,2015,17,7,8,9,,,0,,2,1,1,25,2,2,4,5,0,0,0,0,true,,false,false,false,false,false,,,,,,false,false,false,,,false,false,false,false,false,-83.08924,42.31826,"{
  ""coordinates"": [
    -8.308924311500000e+01,
    4.231825840300010e+01
  ],
  ""type"": ""Point""
}","{
  ""coordinates"": [
    -83.089243115,
    42.318258403
  ],
  ""type"": ""Point""
}",-83.089243115,42.3182584030001
3679,9413828,8 MILE,MONICA,2015-10-31,31,10,2015,16,7,8,3,,1,0,,2,4,1,35,3,3,5,4,0,0,0,1,false,,false,false,false,false,false,,,,,,false,true,true,,,false,false,false,false,false,-83.14515,42.44601,"{
  ""coordinates"": [
    -8.314515051700000e+01,
    4.244601626900000e+01
  ],
  ""type"": ""Point""
}","{
  ""coordinates"": [
    -83.145150517,
    42.446016269
  ],
  ""type"": ""Point""
}",-83.145150517,42.446016269
3680,9413829,7 MILE,LIVERNOIS,2015-10-31,31,10,2015,17,7,5,9,,2,0,,2,4,2,35,2,2,2,5,0,0,0,0,true,,false,false,false,true,false,,,,,,false,true,false,,,false,false,false,false,false,-83.1414,42.43161,"{
  ""coordinates"": [
    -8.314140320599989e+01,
    4.243160659400010e+01
  ],
  ""type"": ""Point""
}","{
  ""coordinates"": [
    -83.141403206,
    42.431606594
  ],
  ""type"": ""Point""
}",-83.1414032059999,42.4316065940001
3681,9413798,GRATIOT,PFENT,2015-10-31,31,10,2015,12,7,4,3,,1,0,,1,2,1,35,7,2,5,4,0,0,0,1,false,,false,false,false,false,false,,,,,,false,false,true,,,false,false,false,false,false,-82.97585,42.43786,"{
  ""coordinates"": [
    -8.297584998100000e+01,
    4.243786132100010e+01
  ],
  ""type"": ""Point""
}","{
  ""coordinates"": [
    -82.975849981,
    42.437861321
  ],
  ""type"": ""Point""
}",-82.975849981,42.4378613210001
3682,9417089,WHITTIER,MACK,2015-10-31,31,10,2015,21,7,4,9,,2,0,,2,4,4,30,4,2,4,5,0,0,0,0,true,,false,false,false,false,false,,,,,,false,false,true,,,false,false,false,false,false,-82.92905,42.39221,"{
  ""coordinates"": [
    -8.292904523500000e+01,
    4.239221317600000e+01
  ],
  ""type"": ""Point""
}","{
  ""coordinates"": [
    -82.929045235,
    42.392213176
  ],
  ""type"": ""Point""
}",-82.929045235,42.392213176
3683,9420038,LODGE,LINWOOD,2015-10-30,30,10,2015,16,6,4,3,,1,0,,1,1,1,30,2,2,2,4,0,0,0,1,false,,false,false,false,false,false,,,,,,false,false,false,,,false,false,false,false,false,-83.1274,42.40508,"{
  ""coordinates"": [
    -8.312739774900000e+01,
    4.240507821900010e+01
  ],
  ""type"": ""Point""
}","{
  ""coordinates"": [
    -83.127397749,
    42.405078219
  ],
  ""type"": ""Point""
}",-83.127397749,42.4050782190001
3684,9413802,E I 94,CADIEUX,2015-10-30,30,10,2015,22,6,5,1,,1,0,,1,1,4,55,3,2,1,5,0,0,0,0,true,,false,false,true,false,false,,,,,,false,false,false,,,false,false,false,false,false,-82.93715,42.4172,"{
  ""coordinates"": [
    -8.293715121100000e+01,
    4.241719894700000e+01
  ],
  ""type"": ""Point""
}","{
  ""coordinates"": [
    -82.937151211,
    42.417198947
  ],
  ""type"": ""Point""
}",-82.937151211,42.417198947
3685,9410842,I-75,DEARBORN,2015-10-30,30,10,2015,7,6,5,1,,1,0,,1,1,5,70,4,2,2,5,0,0,0,0,true,,false,false,false,false,false,,,,,,false,false,true,,,false,false,false,false,false,-83.13519,42.28854,"{
  ""coordinates"": [
    -8.313518831999990e+01,
    4.228853859200010e+01
  ],
  ""type"": ""Point""
}","{
  ""coordinates"": [
    -83.13518832,
    42.288538592
  ],
  ""type"": ""Point""
}",-83.1351883199999,42.2885385920001
3686,9427482,GRISWOLD,LAFAYETTE,2015-10-30,30,10,2015,13,6,5,9,,4,0,,1,1,1,30,8,2,2,5,0,0,0,0,true,,false,false,false,false,false,,,,,,false,false,false,,,false,false,false,false,false,-83.04833,42.33175,"{
  ""coordinates"": [
    -8.304833099599990e+01,
    4.233174398700000e+01
  ],
  ""type"": ""Point""
}","{
  ""coordinates"": [
    -83.048330996,
    42.331743987
  ],
  ""type"": ""Point""
}",-83.0483309959999,42.331743987
3687,9410946,OUTER,GLENDALE,2015-10-30,30,10,2015,18,6,1,9,,2,0,,1,1,3,25,4,1,1,5,0,0,0,0,true,,false,false,false,false,false,,,,,,false,false,true,,,false,false,false,false,false,-83.26113,42.38048,"{
  ""coordinates"": [
    -8.326112990300000e+01,
    4.238047631300000e+01
  ],
  ""type"": ""Point""
}","{
  ""coordinates"": [
    -83.261129903,
    42.380476313
  ],
  ""type"": ""Point""
}",-83.261129903,42.380476313
3688,9413748,FULLERTON,EWALD,2015-10-30,30,10,2015,0,6,1,9,,4,1,,2,1,4,25,2,1,1,5,0,0,0,0,true,,false,false,false,false,false,,,,,,false,false,false,,,false,false,false,false,false,-83.14513,42.38106,"{
  ""coordinates"": [
    -8.314513055000000e+01,
    4.238106117200000e+01
  ],
  ""type"": ""Point""
}","{
  ""coordinates"": [
    -83.14513055,
    42.381061172
  ],
  ""type"": ""Point""
}",-83.14513055,42.381061172
3689,9413305,I-75,OUTER,2015-10-30,30,10,2015,7,6,5,1,,1,0,,1,1,1,70,3,2,4,4,0,0,0,2,false,,false,false,false,false,false,,,,,,false,false,false,,,false,false,false,false,false,-83.09492,42.4325,"{
  ""coordinates"": [
    -8.309491830000000e+01,
    4.243250100200000e+01
  ],
  ""type"": ""Point""
}","{
  ""coordinates"": [
    -83.0949183,
    42.432501002
  ],
  ""type"": ""Point""
}",-83.0949183,42.432501002
3690,9413731,SCOTTEN,FISHER,2015-10-30,30,10,2015,13,6,8,9,,4,0,,1,2,1,25,2,2,3,5,0,0,0,0,true,,false,false,false,false,false,,,,,,false,false,false,,,false,false,false,false,false,-83.08942,42.31467,"{
  ""coordinates"": [
    -8.308942544099990e+01,
    4.231466879300010e+01
  ],
  ""type"": ""Point""
}","{
  ""coordinates"": [
    -83.089425441,
    42.314668793
  ],
  ""type"": ""Point""
}",-83.0894254409999,42.3146687930001
3691,9413249,I-94,VAN DYKE,2015-10-30,30,10,2015,21,6,1,1,,1,1,,1,2,4,55,3,1,1,5,0,0,0,0,true,,false,false,true,false,false,,,,,,false,false,true,,,false,false,false,false,false,-83.0218,42.38566,"{
  ""coordinates"": [
    -8.302180634699990e+01,
    4.238566386900000e+01
  ],
  ""type"": ""Point""
}","{
  ""coordinates"": [
    -83.021806347,
    42.385663869
  ],
  ""type"": ""Point""
}",-83.0218063469999,42.385663869
3692,9413774,JEFFERSON,SAINT JEAN,2015-10-30,30,10,2015,14,6,3,9,,4,0,,1,1,1,35,7,2,3,5,0,0,0,0,true,,false,false,false,false,false,,,,,,false,true,true,,,false,false,false,false,false,-82.97063,42.36697,"{
  ""coordinates"": [
    -8.297063496200001e+01,
    4.236696476800010e+01
  ],
  ""type"": ""Point""
}","{
  ""coordinates"": [
    -82.970634962,
    42.366964768
  ],
  ""type"": ""Point""
}",-82.970634962,42.3669647680001
3693,9413695,MONTGOMERY,WILDEMERE,2015-10-30,30,10,2015,14,6,8,9,,,0,,1,1,1,25,1,2,1,5,0,0,0,0,true,,false,false,false,false,false,,,,,,false,false,false,,,false,false,false,false,false,-83.10915,42.36281,"{
  ""coordinates"": [
    -8.310915628500000e+01,
    4.236280716800010e+01
  ],
  ""type"": ""Point""
}","{
  ""coordinates"": [
    -83.109156285,
    42.362807168
  ],
  ""type"": ""Point""
}",-83.109156285,42.3628071680001
3694,9413694,GRATIOT,BURNS,2015-10-30,30,10,2015,23,6,5,3,,1,0,,1,1,4,35,5,2,2,5,0,0,0,0,true,,false,false,true,false,false,,,,,,false,false,false,,,false,false,false,false,false,-83.01102,42.38435,"{
  ""coordinates"": [
    -8.301102375999990e+01,
    4.238435200100000e+01
  ],
  ""type"": ""Point""
}","{
  ""coordinates"": [
    -83.01102376,
    42.384352001
  ],
  ""type"": ""Point""
}",-83.0110237599999,42.384352001
3695,9413711,8 MILE,GROSBECK,2015-10-30,30,10,2015,22,6,5,3,,1,0,,1,1,4,40,4,2,5,4,0,0,0,1,false,,false,false,false,false,false,,,,,,false,false,true,,,false,false,false,false,false,-83.00343,42.44888,"{
  ""coordinates"": [
    -8.300343238300000e+01,
    4.244888282900010e+01
  ],
  ""type"": ""Point""
}","{
  ""coordinates"": [
    -83.003432383,
    42.448882829
  ],
  ""type"": ""Point""
}",-83.003432383,42.4488828290001
3696,9410819,M-39,EIGHT MILE,2015-10-30,30,10,2015,15,6,5,3,,1,0,,1,2,1,55,3,3,3,5,0,0,0,0,true,,false,false,true,false,false,,,,,,false,false,true,,,false,false,false,false,false,-83.21963,42.4439,"{
  ""coordinates"": [
    -8.321962626600001e+01,
    4.244389795400010e+01
  ],
  ""type"": ""Point""
}","{
  ""coordinates"": [
    -83.219626266,
    42.443897954
  ],
  ""type"": ""Point""
}",-83.219626266,42.4438979540001
3697,9413788,GRATIOT,BURNS,2015-10-30,30,10,2015,22,6,4,3,,1,0,,1,2,4,35,6,2,1,5,0,0,0,0,true,,true,true,true,false,false,,,,,,false,false,false,,,false,false,false,false,false,-83.01107,42.38428,"{
  ""coordinates"": [
    -8.301106689100000e+01,
    4.238428683100010e+01
  ],
  ""type"": ""Point""
}","{
  ""coordinates"": [
    -83.011066891,
    42.384286831
  ],
  ""type"": ""Point""
}",-83.011066891,42.3842868310001
3698,9413306,M-39,8 MILE,2015-10-30,30,10,2015,16,6,8,3,,1,0,,1,1,1,55,3,2,1,5,0,0,0,0,true,,false,false,true,false,false,,,,,,false,false,false,,,false,false,false,false,false,-83.21964,42.44334,"{
  ""coordinates"": [
    -8.321964221400000e+01,
    4.244334353100000e+01
  ],
  ""type"": ""Point""
}","{
  ""coordinates"": [
    -83.219642214,
    42.443343531
  ],
  ""type"": ""Point""
}",-83.219642214,42.443343531
3699,9427493,N M 10,MICHIGAN,2015-10-30,30,10,2015,19,6,8,3,,1,0,,1,1,4,55,6,2,2,5,0,0,0,0,true,,false,false,false,false,false,,,,,,false,false,false,,,false,false,false,false,false,-83.06116,42.33157,"{
  ""coordinates"": [
    -8.306116500000000e+01,
    4.233157267800000e+01
  ],
  ""type"": ""Point""
}","{
  ""coordinates"": [
    -83.061165,
    42.331572678
  ],
  ""type"": ""Point""
}",-83.061165,42.331572678
3700,9410826,I-75,SPRINGWELLS,2015-10-30,30,10,2015,8,6,1,1,,1,1,,1,1,1,55,4,1,1,5,0,0,0,0,true,,false,false,false,false,false,,,,,,false,false,false,,,false,false,false,false,false,-83.11981,42.3011,"{
  ""coordinates"": [
    -8.311980874100000e+01,
    4.230110319500010e+01
  ],
  ""type"": ""Point""
}","{
  ""coordinates"": [
    -83.119808741,
    42.301103195
  ],
  ""type"": ""Point""
}",-83.119808741,42.3011031950001
3701,9465537,CASS,MARTIN LUTHER KING JR,2015-10-30,30,10,2015,23,6,1,9,,4,0,,1,1,4,30,2,2,4,4,0,0,0,1,false,,false,false,false,false,false,,,,,,true,false,false,,,false,false,false,false,false,-83.06077,42.34567,"{
  ""coordinates"": [
    -8.306076506200000e+01,
    4.234567224200000e+01
  ],
  ""type"": ""Point""
}","{
  ""coordinates"": [
    -83.060765062,
    42.345672242
  ],
  ""type"": ""Point""
}",-83.060765062,42.345672242
3702,9413819,MEYERS,MCNICHOLS,2015-10-30,30,10,2015,8,6,8,9,,4,0,,1,1,1,30,4,2,4,5,0,0,0,0,true,,false,false,false,false,false,,,,,,false,true,false,,,false,false,false,false,false,-83.17011,42.41661,"{
  ""coordinates"": [
    -8.317011164600000e+01,
    4.241661189900000e+01
  ],
  ""type"": ""Point""
}","{
  ""coordinates"": [
    -83.170111646,
    42.416611899
  ],
  ""type"": ""Point""
}",-83.170111646,42.416611899
3703,9410843,DAVISON,SOUTHFIELD,2015-10-30,30,10,2015,18,6,5,9,,,0,,1,1,3,55,4,2,2,5,0,0,0,0,true,,false,false,false,false,false,,,,,,false,false,false,,,false,false,false,false,false,-83.21528,42.38445,"{
  ""coordinates"": [
    -8.321527866199990e+01,
    4.238444412100010e+01
  ],
  ""type"": ""Point""
}","{
  ""coordinates"": [
    -83.215278662,
    42.384444121
  ],
  ""type"": ""Point""
}",-83.2152786619999,42.3844441210001
3704,9410830,M-39,SEVEN MILE,2015-10-30,30,10,2015,18,6,5,3,,1,0,,1,2,1,55,3,3,3,5,0,0,0,0,true,,false,false,false,false,false,,,,,,false,false,true,,,false,false,false,false,false,-83.21925,42.43084,"{
  ""coordinates"": [
    -8.321925604700000e+01,
    4.243084168400000e+01
  ],
  ""type"": ""Point""
}","{
  ""coordinates"": [
    -83.219256047,
    42.430841684
  ],
  ""type"": ""Point""
}",-83.219256047,42.430841684
3705,9413313,I-94,CONCORD,2015-10-30,30,10,2015,9,6,8,1,,1,0,,1,1,1,55,3,2,4,3,0,0,2,1,false,,false,false,true,false,false,,,,,,false,false,false,,,false,false,false,false,false,-83.02849,42.38429,"{
  ""coordinates"": [
    -8.302848896400000e+01,
    4.238429125600000e+01
  ],
  ""type"": ""Point""
}","{
  ""coordinates"": [
    -83.028488964,
    42.384291256
  ],
  ""type"": ""Point""
}",-83.028488964,42.384291256
3706,9443895,S I 75,MACK,2015-10-30,30,10,2015,15,6,9,1,,1,0,,1,2,1,25,3,2,2,5,0,0,0,0,true,,false,false,false,false,false,,,,,,false,false,true,,,false,false,false,false,false,-83.0481,42.35111,"{
  ""coordinates"": [
    -8.304809946899999e+01,
    4.235110666400000e+01
  ],
  ""type"": ""Point""
}","{
  ""coordinates"": [
    -83.048099469,
    42.351106664
  ],
  ""type"": ""Point""
}",-83.048099469,42.351106664
3707,9413769,MONROE,ST ANTOINE,2015-10-30,30,10,2015,14,6,8,9,,4,0,,1,1,1,35,2,2,1,5,0,0,0,0,true,,false,false,true,false,false,,,,,,false,false,false,,,false,false,false,false,false,-83.0409,42.33562,"{
  ""coordinates"": [
    -8.304090100000001e+01,
    4.233562466900000e+01
  ],
  ""type"": ""Point""
}","{
  ""coordinates"": [
    -83.040901,
    42.335624669
  ],
  ""type"": ""Point""
}",-83.040901,42.335624669