ObjectId,Crash ID,Primary Road,Intersecting Road,Crash Date,Day,Month,Year,Hour,Weekday,Crash Type Code,Highway Classification Code,Community Code,Jurisdiction Code,Lane Departure Type Code,Surface Type,Road Condition,Weather Condition,Lighting Condition,Speed Limit,Lanes,Units,Occupants,Most Severe Injury,Fatal Injuries,Suspected Serious Injuries,Suspected Minor Injuries,Possible Injuries,Property Damage Only,Secondary Crash,Traffic Control,Red Light Run,Hit and Run,Alcohol,Drugs,Unbelted Person,Work Zone,Speeding Driver,Distracted Driver,Driveway,Pedestrian,Elderly Driver,Young Driver,Commercial Vehicle,Emergency Vehicles,Train,School Bus,Motorcycle,Bicycle,Deer,Longitude,Latitude,geom,geog,x,y
3936,9405694,BEECHWOOD,PACIFIC,2015-10-27,27,10,2015,8,3,4,9,,4,0,,1,1,1,30,2,2,2,5,0,0,0,0,true,,true,false,false,false,false,,,,,,false,false,false,,,false,false,false,false,false,-83.12159,42.35629,"{
  ""coordinates"": [
    -8.312158816499991e+01,
    4.235628970100000e+01
  ],
  ""type"": ""Point""
}","{
  ""coordinates"": [
    -83.121588165,
    42.356289701
  ],
  ""type"": ""Point""
}",-83.1215881649999,42.356289701
3937,9413804,BRADFORD,SAINT PATRICK,2015-10-27,27,10,2015,9,3,4,9,,,0,,1,2,1,25,2,2,2,5,0,0,0,0,true,,true,false,true,false,false,,,,,,false,false,true,,,false,false,false,false,false,-82.99438,42.4128,"{
  ""coordinates"": [
    -8.299438254800000e+01,
    4.241279752700010e+01
  ],
  ""type"": ""Point""
}","{
  ""coordinates"": [
    -82.994382548,
    42.412797527
  ],
  ""type"": ""Point""
}",-82.994382548,42.4127975270001
3938,9410824,SOUTHFIELD SERVICE DRIVE,CURTIS,2015-10-27,27,10,2015,17,3,5,9,,4,0,,1,1,1,55,3,2,2,5,0,0,0,0,true,,false,false,false,false,false,,,,,,false,false,false,,,false,false,false,false,false,-83.21938,42.42286,"{
  ""coordinates"": [
    -8.321938176099999e+01,
    4.242285445800010e+01
  ],
  ""type"": ""Point""
}","{
  ""coordinates"": [
    -83.219381761,
    42.422854458
  ],
  ""type"": ""Point""
}",-83.219381761,42.4228544580001
3939,9408673,TAYLOR,LAWTON,2015-10-27,27,10,2015,16,3,8,9,,,0,,1,1,1,25,3,2,1,5,0,0,0,0,true,,false,false,true,false,false,,,,,,false,false,false,,,false,false,false,false,false,-83.11066,42.37115,"{
  ""coordinates"": [
    -8.311066307199999e+01,
    4.237115612800010e+01
  ],
  ""type"": ""Point""
}","{
  ""coordinates"": [
    -83.110663072,
    42.371156128
  ],
  ""type"": ""Point""
}",-83.110663072,42.3711561280001
3940,9474088,SCHAEFER,FLORENCE,2015-10-27,27,10,2015,9,3,8,9,,4,0,,1,2,1,30,3,3,1,4,0,0,0,1,false,,false,false,true,false,false,,,,,,true,false,false,,,false,false,false,false,false,-83.17958,42.41199,"{
  ""coordinates"": [
    -8.317958128299991e+01,
    4.241198707200000e+01
  ],
  ""type"": ""Point""
}","{
  ""coordinates"": [
    -83.179581283,
    42.411987072
  ],
  ""type"": ""Point""
}",-83.1795812829999,42.411987072
3941,9409914,SCHAEFER,MARGARETA,2015-10-27,27,10,2015,11,3,8,9,,4,0,,1,2,1,30,2,2,3,5,0,0,0,0,true,,false,false,false,false,false,,,,,,false,true,false,,,false,false,false,false,false,-83.18031,42.42746,"{
  ""coordinates"": [
    -8.318031153699999e+01,
    4.242745509300000e+01
  ],
  ""type"": ""Point""
}","{
  ""coordinates"": [
    -83.180311537,
    42.427455093
  ],
  ""type"": ""Point""
}",-83.180311537,42.427455093
3942,9408683,BURT,SCHOOLCRAFT,2015-10-27,27,10,2015,15,3,4,9,,4,0,,1,1,1,30,2,2,2,4,0,0,0,1,false,,false,false,true,false,false,,,,,,false,false,false,,,false,false,false,false,false,-83.24659,42.38607,"{
  ""coordinates"": [
    -8.324659277099990e+01,
    4.238607288400000e+01
  ],
  ""type"": ""Point""
}","{
  ""coordinates"": [
    -83.246592771,
    42.386072884
  ],
  ""type"": ""Point""
}",-83.2465927709999,42.386072884
3943,9409660,I-96,WYOMING,2015-10-27,27,10,2015,15,3,8,1,,1,0,,1,1,1,70,4,2,4,5,0,0,0,0,true,,false,false,false,false,false,,,,,,false,false,false,,,false,false,false,false,false,-83.15889,42.38542,"{
  ""coordinates"": [
    -8.315889241600000e+01,
    4.238542082300010e+01
  ],
  ""type"": ""Point""
}","{
  ""coordinates"": [
    -83.158892416,
    42.385420823
  ],
  ""type"": ""Point""
}",-83.158892416,42.3854208230001
3944,9413744,LIVERNOIS,CLAYTON,2015-10-27,27,10,2015,13,3,5,9,,4,0,,1,2,1,35,7,4,5,4,0,0,0,3,false,,false,false,false,false,false,,,,,,false,false,false,,,false,false,false,false,false,-83.11786,42.32771,"{
  ""coordinates"": [
    -8.311785922500000e+01,
    4.232770778300010e+01
  ],
  ""type"": ""Point""
}","{
  ""coordinates"": [
    -83.117859225,
    42.327707783
  ],
  ""type"": ""Point""
}",-83.117859225,42.3277077830001
3945,9413763,FORT,TORONTO,2015-10-27,27,10,2015,2,3,1,3,,1,1,,1,1,4,45,3,1,2,2,0,1,0,0,false,,false,false,false,false,false,,,,,,false,false,true,,,false,false,false,false,false,-83.15341,42.27883,"{
  ""coordinates"": [
    -8.315340811999990e+01,
    4.227883015300010e+01
  ],
  ""type"": ""Point""
}","{
  ""coordinates"": [
    -83.15340812,
    42.278830153
  ],
  ""type"": ""Point""
}",-83.1534081199999,42.2788301530001
3946,9413214,HARTWELL,LYNDON,2015-10-27,27,10,2015,17,3,1,9,,,1,,1,2,1,25,2,1,1,5,0,0,0,0,true,,false,false,false,false,false,,,,,,false,false,false,,,false,false,false,false,false,-83.17771,42.39491,"{
  ""coordinates"": [
    -8.317771453200000e+01,
    4.239490480700000e+01
  ],
  ""type"": ""Point""
}","{
  ""coordinates"": [
    -83.177714532,
    42.394904807
  ],
  ""type"": ""Point""
}",-83.177714532,42.394904807
3947,9408611,DICKERSON,FRANKFORT,2015-10-27,27,10,2015,4,3,1,9,,4,1,,1,1,4,35,4,1,0,5,0,0,0,0,true,,false,false,false,false,false,,,,,,false,false,false,,,false,false,false,false,false,-82.96823,42.39415,"{
  ""coordinates"": [
    -8.296822778099990e+01,
    4.239414888600000e+01
  ],
  ""type"": ""Point""
}","{
  ""coordinates"": [
    -82.968227781,
    42.394148886
  ],
  ""type"": ""Point""
}",-82.9682277809999,42.394148886
3948,9407479,RAMP 051B,TELEGRAPH,2015-10-27,27,10,2015,14,3,5,2,,1,0,,1,1,1,25,1,2,2,5,0,0,0,0,true,,false,false,false,false,false,,,,,,false,false,false,,,false,false,false,false,false,-83.27836,42.4424,"{
  ""coordinates"": [
    -8.327835851299990e+01,
    4.244240180300010e+01
  ],
  ""type"": ""Point""
}","{
  ""coordinates"": [
    -83.278358513,
    42.442401803
  ],
  ""type"": ""Point""
}",-83.2783585129999,42.4424018030001
3949,9407271,RAMP 047B,I-75,2015-10-27,27,10,2015,8,3,8,1,,1,0,,1,1,1,55,2,2,1,5,0,0,0,0,true,,false,false,true,false,false,,,,,,false,false,false,,,false,false,false,false,false,-83.0793,42.40897,"{
  ""coordinates"": [
    -8.307929641699999e+01,
    4.240897490700010e+01
  ],
  ""type"": ""Point""
}","{
  ""coordinates"": [
    -83.079296417,
    42.408974907
  ],
  ""type"": ""Point""
}",-83.079296417,42.4089749070001
3950,9407473,S M 39,RAMP 011C,2015-10-27,27,10,2015,17,3,5,3,,1,0,,1,1,1,0,2,2,3,5,0,0,0,0,true,,false,false,true,false,false,,,,,,false,false,false,,,false,false,false,false,false,-83.21953,42.43381,"{
  ""coordinates"": [
    -8.321952572100000e+01,
    4.243381304100010e+01
  ],
  ""type"": ""Point""
}","{
  ""coordinates"": [
    -83.219525721,
    42.433813041
  ],
  ""type"": ""Point""
}",-83.219525721,42.4338130410001
3951,9443906,N M 10,RAMP 116B,2015-10-27,27,10,2015,7,3,97,3,,1,0,,1,1,1,55,3,2,1,5,0,0,0,0,true,,false,false,true,false,false,,,,,,false,false,false,,,false,false,false,false,false,-83.0836,42.36992,"{
  ""coordinates"": [
    -8.308359681899999e+01,
    4.236992100700010e+01
  ],
  ""type"": ""Point""
}","{
  ""coordinates"": [
    -83.083596819,
    42.369921007
  ],
  ""type"": ""Point""
}",-83.083596819,42.3699210070001
3952,9407484,MCNICHOLS,BELAND,2015-10-27,27,10,2015,6,3,9,9,,4,2,,1,1,1,35,2,2,3,5,0,0,0,0,true,,false,false,true,false,false,,,,,,false,false,false,,,false,false,false,false,false,-83.00893,42.41983,"{
  ""coordinates"": [
    -8.300893115100000e+01,
    4.241982500400010e+01
  ],
  ""type"": ""Point""
}","{
  ""coordinates"": [
    -83.008931151,
    42.419825004
  ],
  ""type"": ""Point""
}",-83.008931151,42.4198250040001
3953,9409691,I-75,DAVISON,2015-10-27,27,10,2015,7,3,8,1,,1,0,,1,1,2,70,5,2,2,3,0,0,1,0,false,,false,false,false,false,false,,,,,,false,false,false,,,false,false,false,false,false,-83.07645,42.40676,"{
  ""coordinates"": [
    -8.307645329300000e+01,
    4.240676095300010e+01
  ],
  ""type"": ""Point""
}","{
  ""coordinates"": [
    -83.076453293,
    42.406760953
  ],
  ""type"": ""Point""
}",-83.076453293,42.4067609530001
3954,9413767,N I 75,CLARK,2015-10-27,27,10,2015,8,3,5,1,,1,0,,1,1,1,70,3,2,2,5,0,0,0,0,true,,false,false,false,false,false,,,,,,false,false,false,,,false,false,false,false,false,-83.09097,42.31345,"{
  ""coordinates"": [
    -8.309097487799990e+01,
    4.231345419500010e+01
  ],
  ""type"": ""Point""
}","{
  ""coordinates"": [
    -83.090974878,
    42.313454195
  ],
  ""type"": ""Point""
}",-83.0909748779999,42.3134541950001
3955,9407457,STATE FAIR,HICKORY,2015-10-27,27,10,2015,17,3,4,9,,4,0,,1,1,1,25,2,2,2,5,0,0,0,0,true,,true,false,true,false,false,,,,,,false,false,false,,,false,false,false,false,false,-82.98783,42.44213,"{
  ""coordinates"": [
    -8.298783280600000e+01,
    4.244212943100010e+01
  ],
  ""type"": ""Point""
}","{
  ""coordinates"": [
    -82.987832806,
    42.442129431
  ],
  ""type"": ""Point""
}",-82.987832806,42.4421294310001
3956,9410809,I-75,MICHIGAN,2015-10-27,27,10,2015,20,3,1,1,,1,1,,1,1,4,55,3,1,1,4,0,0,0,1,false,,false,false,false,false,false,,,,,,false,false,false,,,false,false,false,false,false,-83.06746,42.33475,"{
  ""coordinates"": [
    -8.306745789599999e+01,
    4.233475247800000e+01
  ],
  ""type"": ""Point""
}","{
  ""coordinates"": [
    -83.067457896,
    42.334752478
  ],
  ""type"": ""Point""
}",-83.067457896,42.334752478
3957,9408625,MIDLAND,PATTON,2015-10-27,27,10,2015,16,3,4,9,,,0,,1,1,1,25,1,2,3,3,0,0,1,1,false,,false,false,false,false,false,,,,,,false,false,true,,,false,false,false,false,false,-83.24386,42.40417,"{
  ""coordinates"": [
    -8.324386115500000e+01,
    4.240416795200010e+01
  ],
  ""type"": ""Point""
}","{
  ""coordinates"": [
    -83.243861155,
    42.404167952
  ],
  ""type"": ""Point""
}",-83.243861155,42.4041679520001
3958,9408609,DAVISON,MOUND,2015-10-27,27,10,2015,16,3,97,9,,4,0,,1,1,1,35,6,2,4,5,0,0,0,0,true,,false,false,false,false,false,,,,,,false,false,false,,,false,false,false,false,false,-83.04272,42.42265,"{
  ""coordinates"": [
    -8.304272750500000e+01,
    4.242264619300000e+01
  ],
  ""type"": ""Point""
}","{
  ""coordinates"": [
    -83.042727505,
    42.422646193
  ],
  ""type"": ""Point""
}",-83.042727505,42.422646193
3959,9410850,M-39,PLYMOUTH,2015-10-27,27,10,2015,16,3,8,3,,1,0,,1,1,1,55,4,2,2,5,0,0,0,0,true,,false,false,true,false,false,,,,,,false,false,false,,,false,false,false,false,false,-83.21671,42.37115,"{
  ""coordinates"": [
    -8.321671168700000e+01,
    4.237115166300000e+01
  ],
  ""type"": ""Point""
}","{
  ""coordinates"": [
    -83.216711687,
    42.371151663
  ],
  ""type"": ""Point""
}",-83.216711687,42.371151663
3960,9407485,7 MILE,JOHN R,2015-10-27,27,10,2015,10,3,97,9,,4,0,,1,2,1,30,2,2,5,5,0,0,0,0,true,,false,false,false,false,false,,,,,,false,false,false,,,false,false,false,false,false,-83.10237,42.43227,"{
  ""coordinates"": [
    -8.310237273699990e+01,
    4.243227525400000e+01
  ],
  ""type"": ""Point""
}","{
  ""coordinates"": [
    -83.102372737,
    42.432275254
  ],
  ""type"": ""Point""
}",-83.1023727369999,42.432275254
3961,9407486,GREENFIELD,MARGARETA,2015-10-27,27,10,2015,4,3,1,9,,2,1,,1,1,4,35,3,1,1,5,0,0,0,0,true,,false,false,false,false,false,,,,,,false,false,true,,,false,false,false,false,false,-83.19971,42.42664,"{
  ""coordinates"": [
    -8.319971661300001e+01,
    4.242664223600010e+01
  ],
  ""type"": ""Point""
}","{
  ""coordinates"": [
    -83.199716613,
    42.426642236
  ],
  ""type"": ""Point""
}",-83.199716613,42.4266422360001
3962,9409916,7 MILE,GREENFIELD,2015-10-27,27,10,2015,17,3,5,9,,2,0,,1,1,1,30,2,2,2,5,0,0,0,0,true,,true,false,false,false,false,,,,,,false,false,true,,,false,false,false,false,false,-83.19987,42.43042,"{
  ""coordinates"": [
    -8.319986535699999e+01,
    4.243042050400000e+01
  ],
  ""type"": ""Point""
}","{
  ""coordinates"": [
    -83.199865357,
    42.430420504
  ],
  ""type"": ""Point""
}",-83.199865357,42.430420504
3963,9408601,7 MILE,SOUTHFIELD,2015-10-27,27,10,2015,22,3,8,9,,2,0,,2,4,4,30,3,2,1,5,0,0,0,0,true,,false,false,true,false,false,,,,,,false,false,false,,,false,false,false,false,false,-83.21941,42.43002,"{
  ""coordinates"": [
    -8.321940871800000e+01,
    4.243001514600010e+01
  ],
  ""type"": ""Point""
}","{
  ""coordinates"": [
    -83.219408718,
    42.430015146
  ],
  ""type"": ""Point""
}",-83.219408718,42.4300151460001
3964,9407487,CURTIS,PENINGTON,2015-10-27,27,10,2015,5,3,8,9,,4,0,,1,1,2,25,2,2,1,5,0,0,0,0,true,,false,false,false,false,false,,,,,,false,false,true,,,false,false,false,false,false,-83.1478,42.42432,"{
  ""coordinates"": [
    -8.314780632599999e+01,
    4.242432291400010e+01
  ],
  ""type"": ""Point""
}","{
  ""coordinates"": [
    -83.147806326,
    42.424322914
  ],
  ""type"": ""Point""
}",-83.147806326,42.4243229140001
3965,9409661,I-94,I-75,2015-10-27,27,10,2015,17,3,5,1,,1,0,,1,2,1,55,3,3,3,5,0,0,0,0,true,,false,false,false,false,false,,,,,,false,false,false,,,false,false,false,false,false,-83.05775,42.36891,"{
  ""coordinates"": [
    -8.305774942600000e+01,
    4.236890846500010e+01
  ],
  ""type"": ""Point""
}","{
  ""coordinates"": [
    -83.057749426,
    42.368908465
  ],
  ""type"": ""Point""
}",-83.057749426,42.3689084650001
3966,9405693,FULLERTON,EWALD,2015-10-27,27,10,2015,7,3,4,9,,4,0,,1,1,1,30,4,2,1,5,0,0,0,0,true,,true,false,true,false,false,,,,,,false,false,false,,,false,false,false,false,false,-83.14511,42.38106,"{
  ""coordinates"": [
    -8.314511139000000e+01,
    4.238106156700010e+01
  ],
  ""type"": ""Point""
}","{
  ""coordinates"": [
    -83.14511139,
    42.381061567
  ],
  ""type"": ""Point""
}",-83.14511139,42.3810615670001
3967,9409917,RAMP 047E,DAVISON,2015-10-27,27,10,2015,7,3,8,1,,1,0,,1,1,2,30,3,2,1,5,0,0,0,0,true,,false,false,true,false,false,,,,,,false,false,false,,,false,false,false,false,false,-83.08025,42.40934,"{
  ""coordinates"": [
    -8.308024313999989e+01,
    4.240934512200000e+01
  ],
  ""type"": ""Point""
}","{
  ""coordinates"": [
    -83.08024314,
    42.409345122
  ],
  ""type"": ""Point""
}",-83.0802431399999,42.409345122
3968,9410837,I-94,CHALMERS,2015-10-27,27,10,2015,16,3,8,1,,1,0,,1,1,1,55,3,2,1,5,0,0,0,0,true,,false,false,true,false,false,,,,,,false,false,false,,,false,false,false,false,false,-82.95978,42.40522,"{
  ""coordinates"": [
    -8.295977412100000e+01,
    4.240521583200010e+01
  ],
  ""type"": ""Point""
}","{
  ""coordinates"": [
    -82.959774121,
    42.405215832
  ],
  ""type"": ""Point""
}",-82.959774121,42.4052158320001
3969,9407478,PURITAN,RUTHERFORD,2015-10-27,27,10,2015,14,3,1,9,,4,0,,1,1,1,30,4,1,1,5,0,0,0,0,true,,false,false,false,false,false,,,,,,false,false,false,,,false,false,false,false,false,-83.20441,42.40865,"{
  ""coordinates"": [
    -8.320441488400000e+01,
    4.240865289400010e+01
  ],
  ""type"": ""Point""
}","{
  ""coordinates"": [
    -83.204414884,
    42.408652894
  ],
  ""type"": ""Point""
}",-83.204414884,42.4086528940001
3970,9419979,MACK,JOHN R,2015-10-27,27,10,2015,15,3,8,9,,4,0,,1,1,1,35,3,2,0,5,0,0,0,0,true,,false,false,false,false,false,,,,,,false,false,false,,,false,false,false,false,false,-83.05579,42.34829,"{
  ""coordinates"": [
    -8.305578447600000e+01,
    4.234829511600000e+01
  ],
  ""type"": ""Point""
}","{
  ""coordinates"": [
    -83.055784476,
    42.348295116
  ],
  ""type"": ""Point""
}",-83.055784476,42.348295116
3971,9408652,ROSA PARKS,MICHIGAN,2015-10-27,27,10,2015,22,3,4,2,,4,0,,2,4,4,30,4,2,4,5,0,0,0,0,true,,true,true,false,false,false,,,,,,false,false,true,,,false,false,false,false,false,-83.07178,42.33141,"{
  ""coordinates"": [
    -8.307178301999990e+01,
    4.233140386500000e+01
  ],
  ""type"": ""Point""
}","{
  ""coordinates"": [
    -83.07178302,
    42.331403865
  ],
  ""type"": ""Point""
}",-83.0717830199999,42.331403865
3972,9407480,WARREN,ARCHDALE,2015-10-26,26,10,2015,7,2,97,9,,2,0,,1,1,98,25,2,2,2,4,0,0,0,1,false,,false,false,false,false,false,,,,,,false,false,false,,,false,false,false,true,false,-83.21465,42.34339,"{
  ""coordinates"": [
    -8.321464980600000e+01,
    4.234339173100010e+01
  ],
  ""type"": ""Point""
}","{
  ""coordinates"": [
    -83.214649806,
    42.343391731
  ],
  ""type"": ""Point""
}",-83.214649806,42.3433917310001
3973,9409882,WYOMING,CHIPPEWA,2015-10-26,26,10,2015,18,2,4,9,,4,0,,1,1,1,30,2,3,3,5,0,0,0,0,true,,true,true,false,false,false,,,,,,false,false,true,,,false,false,false,false,false,-83.16131,42.44091,"{
  ""coordinates"": [
    -8.316130558499999e+01,
    4.244091372400000e+01
  ],
  ""type"": ""Point""
}","{
  ""coordinates"": [
    -83.161305585,
    42.440913724
  ],
  ""type"": ""Point""
}",-83.161305585,42.440913724
3974,9409714,W I 94,GRATIOT,2015-10-26,26,10,2015,8,2,5,1,,1,0,,1,1,1,55,3,2,1,5,0,0,0,0,true,,false,false,true,false,false,,,,,,false,false,false,,,false,false,false,false,false,-83.00617,42.39156,"{
  ""coordinates"": [
    -8.300617420200000e+01,
    4.239155684500000e+01
  ],
  ""type"": ""Point""
}","{
  ""coordinates"": [
    -83.006174202,
    42.391556845
  ],
  ""type"": ""Point""
}",-83.006174202,42.391556845
3975,9409893,CHANDLER PARK,GUILFORD,2015-10-26,26,10,2015,17,2,1,9,,2,1,,1,1,1,35,2,1,1,5,0,0,0,0,true,,false,false,false,false,false,,,,,,false,false,true,,,false,false,false,false,false,-82.93037,42.41213,"{
  ""coordinates"": [
    -8.293037504999999e+01,
    4.241213205600010e+01
  ],
  ""type"": ""Point""
}","{
  ""coordinates"": [
    -82.93037505,
    42.412132056
  ],
  ""type"": ""Point""
}",-82.93037505,42.4121320560001
3976,9407456,7 MILE,S I 75,2015-10-26,26,10,2015,18,2,5,9,,4,0,,1,1,1,30,2,2,2,5,0,0,0,0,true,,false,false,false,false,false,,,,,,false,false,true,,,false,false,false,false,false,-83.09502,42.43247,"{
  ""coordinates"": [
    -8.309501300499990e+01,
    4.243246828400000e+01
  ],
  ""type"": ""Point""
}","{
  ""coordinates"": [
    -83.095013005,
    42.432468284
  ],
  ""type"": ""Point""
}",-83.0950130049999,42.432468284
3977,9409906,PROMENADE,ROSEBERRY,2015-10-26,26,10,2015,12,2,5,9,,,0,,1,1,1,25,2,2,0,5,0,0,0,0,true,,false,false,true,false,false,,,,,,false,false,false,,,false,false,false,false,false,-82.98594,42.4087,"{
  ""coordinates"": [
    -8.298593707799991e+01,
    4.240869982200010e+01
  ],
  ""type"": ""Point""
}","{
  ""coordinates"": [
    -82.985937078,
    42.408699822
  ],
  ""type"": ""Point""
}",-82.9859370779999,42.4086998220001
3978,9407270,N M 10,CHICAGO,2015-10-26,26,10,2015,16,2,5,3,,1,0,,1,1,1,55,3,3,3,5,0,0,0,0,true,,false,false,true,false,false,,,,,,false,false,false,,,false,false,false,false,false,-83.0946,42.3824,"{
  ""coordinates"": [
    -8.309460814300000e+01,
    4.238239930900000e+01
  ],
  ""type"": ""Point""
}","{
  ""coordinates"": [
    -83.094608143,
    42.382399309
  ],
  ""type"": ""Point""
}",-83.094608143,42.382399309
3979,9407497,MERRICK,TRUMBULL,2015-10-26,26,10,2015,21,2,97,9,,,0,,1,2,4,25,2,3,0,5,0,0,0,0,true,,false,false,true,false,false,,,,,,false,false,false,,,false,false,false,false,false,-83.08006,42.3542,"{
  ""coordinates"": [
    -8.308005594399999e+01,
    4.235419862800010e+01
  ],
  ""type"": ""Point""
}","{
  ""coordinates"": [
    -83.080055944,
    42.354198628
  ],
  ""type"": ""Point""
}",-83.080055944,42.3541986280001
3980,9405525,I-75,OUTER,2015-10-26,26,10,2015,8,2,1,1,,1,0,,1,1,1,55,3,1,1,5,0,0,0,0,true,,false,false,false,false,false,,,,,,false,false,false,,,false,false,false,false,false,-83.16734,42.26739,"{
  ""coordinates"": [
    -8.316734626999990e+01,
    4.226738815400010e+01
  ],
  ""type"": ""Point""
}","{
  ""coordinates"": [
    -83.16734627,
    42.267388154
  ],
  ""type"": ""Point""
}",-83.1673462699999,42.2673881540001
3981,9407455,N M 39,7 MILE,2015-10-26,26,10,2015,9,2,5,3,,1,0,,1,1,1,30,3,2,3,5,0,0,0,0,true,,false,false,false,false,false,,,,,,false,false,false,,,false,false,false,false,false,-83.21922,42.43005,"{
  ""coordinates"": [
    -8.321922550700000e+01,
    4.243004773800000e+01
  ],
  ""type"": ""Point""
}","{
  ""coordinates"": [
    -83.219225507,
    42.430047738
  ],
  ""type"": ""Point""
}",-83.219225507,42.430047738
3982,9407460,JEFFERSON,CONCORD,2015-10-26,26,10,2015,5,2,8,9,,4,0,,1,1,4,35,6,2,2,5,0,0,0,0,true,,false,false,false,false,false,,,,,,false,false,false,,,false,false,false,false,false,-83.00507,42.34577,"{
  ""coordinates"": [
    -8.300507693199999e+01,
    4.234577133700000e+01
  ],
  ""type"": ""Point""
}","{
  ""coordinates"": [
    -83.005076932,
    42.345771337
  ],
  ""type"": ""Point""
}",-83.005076932,42.345771337
3983,9405689,BURT,MIDLAND,2015-10-26,26,10,2015,11,2,1,9,,4,0,,1,1,1,35,4,1,1,4,0,0,0,1,false,,false,false,false,false,false,,,,,,false,false,false,,,false,false,false,false,false,-83.24727,42.4041,"{
  ""coordinates"": [
    -8.324726690300000e+01,
    4.240410106300000e+01
  ],
  ""type"": ""Point""
}","{
  ""coordinates"": [
    -83.247266903,
    42.404101063
  ],
  ""type"": ""Point""
}",-83.247266903,42.404101063
3984,9407470,W I 96 SERVICE DRIVE,GRAND RIVER,2015-10-26,26,10,2015,3,2,1,1,,1,1,,1,1,4,35,2,1,1,5,0,0,0,0,true,,false,false,false,false,false,,,,,,false,false,true,,,false,false,false,false,false,-83.17708,42.38409,"{
  ""coordinates"": [
    -8.317707516199989e+01,
    4.238409248500010e+01
  ],
  ""type"": ""Point""
}","{
  ""coordinates"": [
    -83.177075162,
    42.384092485
  ],
  ""type"": ""Point""
}",-83.1770751619999,42.3840924850001
3985,9408676,CLOVERLAWN,DAVISON,2015-10-26,26,10,2015,13,2,97,9,,,0,,1,1,1,25,2,2,0,5,0,0,0,0,true,,false,false,false,false,false,,,,,,false,false,false,,,false,false,false,false,false,-83.15184,42.38705,"{
  ""coordinates"": [
    -8.315184074599991e+01,
    4.238705207400010e+01
  ],
  ""type"": ""Point""
}","{
  ""coordinates"": [
    -83.151840746,
    42.387052074
  ],
  ""type"": ""Point""
}",-83.1518407459999,42.3870520740001
3986,9405690,GRAND RIVER,SOUTHFIELD SERVICE,2015-10-26,26,10,2015,18,2,4,3,,1,0,,1,1,4,35,8,3,5,4,0,0,0,1,false,,false,false,true,false,false,,,,,,false,false,false,,,false,false,false,false,false,-83.21855,42.40081,"{
  ""coordinates"": [
    -8.321855263200000e+01,
    4.240080716300000e+01
  ],
  ""type"": ""Point""
}","{
  ""coordinates"": [
    -83.218552632,
    42.400807163
  ],
  ""type"": ""Point""
}",-83.218552632,42.400807163
3987,9409880,7 MILE,PONTCHARTRAIN,2015-10-26,26,10,2015,17,2,97,9,,2,0,,1,1,1,35,2,3,4,5,0,0,0,0,true,,true,false,false,false,false,,,,,,false,true,true,,,false,false,false,false,false,-83.12727,42.43195,"{
  ""coordinates"": [
    -8.312726844799990e+01,
    4.243194603500010e+01
  ],
  ""type"": ""Point""
}","{
  ""coordinates"": [
    -83.127268448,
    42.431946035
  ],
  ""type"": ""Point""
}",-83.1272684479999,42.4319460350001
3988,9410806,E I 96,GREENFIELD,2015-10-26,26,10,2015,22,2,5,1,,1,3,,1,1,4,70,3,4,8,2,0,3,3,0,false,,false,false,false,false,false,,,,,,false,false,false,,,false,false,false,false,false,-83.19545,42.37907,"{
  ""coordinates"": [
    -8.319545087800000e+01,
    4.237907519100000e+01
  ],
  ""type"": ""Point""
}","{
  ""coordinates"": [
    -83.195450878,
    42.379075191
  ],
  ""type"": ""Point""
}",-83.195450878,42.379075191
3989,9408618,MCNICHOLS,LINDSAY,2015-10-26,26,10,2015,6,2,1,9,,2,0,,1,1,5,35,4,1,0,5,0,0,0,0,true,,false,false,true,false,false,,,,,,false,false,false,,,false,false,false,false,false,-83.21336,42.41566,"{
  ""coordinates"": [
    -8.321336602400000e+01,
    4.241566288500010e+01
  ],
  ""type"": ""Point""
}","{
  ""coordinates"": [
    -83.213366024,
    42.415662885
  ],
  ""type"": ""Point""
}",-83.213366024,42.4156628850001
3990,9409673,E I 94,HARPER,2015-10-26,26,10,2015,16,2,5,1,,1,0,,1,1,1,55,3,5,5,4,0,0,0,1,false,,false,false,true,false,false,,,,,,false,false,false,,,false,false,false,false,false,-82.94833,42.409,"{
  ""coordinates"": [
    -8.294832882400000e+01,
    4.240899651300000e+01
  ],
  ""type"": ""Point""
}","{
  ""coordinates"": [
    -82.948328824,
    42.408996513
  ],
  ""type"": ""Point""
}",-82.948328824,42.408996513
3991,9407468,JEFFERSON,CONNER,2015-10-26,26,10,2015,18,2,8,9,,4,0,,1,1,1,35,7,2,2,5,0,0,0,0,true,,false,false,true,false,false,,,,,,false,false,false,,,false,false,false,false,false,-82.95406,42.37048,"{
  ""coordinates"": [
    -8.295406008799991e+01,
    4.237047422100010e+01
  ],
  ""type"": ""Point""
}","{
  ""coordinates"": [
    -82.954060088,
    42.370474221
  ],
  ""type"": ""Point""
}",-82.9540600879999,42.3704742210001