ObjectId,Crash ID,Primary Road,Intersecting Road,Crash Date,Day,Month,Year,Hour,Weekday,Crash Type Code,Highway Classification Code,Community Code,Jurisdiction Code,Lane Departure Type Code,Surface Type,Road Condition,Weather Condition,Lighting Condition,Speed Limit,Lanes,Units,Occupants,Most Severe Injury,Fatal Injuries,Suspected Serious Injuries,Suspected Minor Injuries,Possible Injuries,Property Damage Only,Secondary Crash,Traffic Control,Red Light Run,Hit and Run,Alcohol,Drugs,Unbelted Person,Work Zone,Speeding Driver,Distracted Driver,Driveway,Pedestrian,Elderly Driver,Young Driver,Commercial Vehicle,Emergency Vehicles,Train,School Bus,Motorcycle,Bicycle,Deer,Longitude,Latitude,geom,geog,x,y
3992,9407476,EVERGREEN,FARGO,2015-10-26,26,10,2015,7,2,4,9,,4,0,,1,1,1,30,4,2,2,4,0,0,0,1,false,,false,false,false,false,false,,,,,,false,false,false,,,false,false,false,false,false,-83.2392,42.4384,"{
  ""coordinates"": [
    -8.323919625400001e+01,
    4.243839921300000e+01
  ],
  ""type"": ""Point""
}","{
  ""coordinates"": [
    -83.239196254,
    42.438399213
  ],
  ""type"": ""Point""
}",-83.239196254,42.438399213
3993,9458313,FORD,STAHELIN,2015-10-26,26,10,2015,21,2,5,3,,1,0,,1,1,4,40,4,2,2,5,0,0,0,0,true,,false,false,false,false,false,,,,,,false,false,false,,,false,false,false,false,false,-83.22387,42.32896,"{
  ""coordinates"": [
    -8.322386593899989e+01,
    4.232895916200000e+01
  ],
  ""type"": ""Point""
}","{
  ""coordinates"": [
    -83.223865939,
    42.328959162
  ],
  ""type"": ""Point""
}",-83.2238659389999,42.328959162
3994,9409885,RYAN,NAVADA,2015-10-26,26,10,2015,8,2,97,9,,4,0,,1,6,1,30,1,2,3,5,0,0,0,0,true,,false,false,false,false,false,,,,,,false,true,true,,,false,false,false,false,false,-83.06262,42.42316,"{
  ""coordinates"": [
    -8.306262509800000e+01,
    4.242315512500010e+01
  ],
  ""type"": ""Point""
}","{
  ""coordinates"": [
    -83.062625098,
    42.423155125
  ],
  ""type"": ""Point""
}",-83.062625098,42.4231551250001
3995,9405687,JEFFERSON,SEMINOLE,2015-10-26,26,10,2015,8,2,9,9,,4,0,,1,1,1,35,3,2,1,5,0,0,0,0,true,,false,false,true,false,false,,,,,,false,false,false,,,false,false,false,false,false,-82.99247,42.35295,"{
  ""coordinates"": [
    -8.299247173399991e+01,
    4.235295054700000e+01
  ],
  ""type"": ""Point""
}","{
  ""coordinates"": [
    -82.992471734,
    42.352950547
  ],
  ""type"": ""Point""
}",-82.9924717339999,42.352950547
3996,9405518,S/B I-75,MEADE,2015-10-26,26,10,2015,8,2,5,1,,1,0,,1,1,1,70,4,2,2,5,0,0,0,0,true,,false,false,false,false,false,,,,,,false,false,true,,,false,false,false,false,false,-83.07922,42.40829,"{
  ""coordinates"": [
    -8.307922069900000e+01,
    4.240828997900010e+01
  ],
  ""type"": ""Point""
}","{
  ""coordinates"": [
    -83.079220699,
    42.408289979
  ],
  ""type"": ""Point""
}",-83.079220699,42.4082899790001
3997,9405676,GRANDRIVER,COOLEY,2015-10-26,26,10,2015,8,2,4,3,,1,0,,1,1,1,35,4,2,2,5,0,0,0,0,true,,false,false,false,false,false,,,,,,false,false,false,,,false,false,false,false,false,-83.26096,42.41783,"{
  ""coordinates"": [
    -8.326096157099990e+01,
    4.241782658900010e+01
  ],
  ""type"": ""Point""
}","{
  ""coordinates"": [
    -83.260961571,
    42.417826589
  ],
  ""type"": ""Point""
}",-83.2609615709999,42.4178265890001
3998,9405674,CADILLAC,MACK,2015-10-26,26,10,2015,19,2,2,9,,4,2,,1,1,5,20,2,2,1,5,0,0,0,0,true,,false,false,false,false,false,,,,,,false,true,false,,,false,false,false,false,false,-82.99004,42.37249,"{
  ""coordinates"": [
    -8.299003543100000e+01,
    4.237249229800010e+01
  ],
  ""type"": ""Point""
}","{
  ""coordinates"": [
    -82.990035431,
    42.372492298
  ],
  ""type"": ""Point""
}",-82.990035431,42.3724922980001
3999,9413770,FORT,SPRINGWELLS,2015-10-26,26,10,2015,9,2,5,3,,1,0,,1,1,1,35,5,2,3,4,0,0,0,1,false,,false,false,false,false,false,,,,,,false,false,true,,,false,false,false,false,false,-83.11919,42.30019,"{
  ""coordinates"": [
    -8.311919338300000e+01,
    4.230019172400010e+01
  ],
  ""type"": ""Point""
}","{
  ""coordinates"": [
    -83.119193383,
    42.300191724
  ],
  ""type"": ""Point""
}",-83.119193383,42.3001917240001
4000,9405524,I-94,CHALMERS,2015-10-26,26,10,2015,6,2,5,1,,1,0,,1,1,4,55,3,2,3,5,0,0,0,0,true,,false,false,false,false,false,,,,,,false,false,true,,,false,false,false,false,false,-82.96686,42.40308,"{
  ""coordinates"": [
    -8.296685752699990e+01,
    4.240307904200010e+01
  ],
  ""type"": ""Point""
}","{
  ""coordinates"": [
    -82.966857527,
    42.403079042
  ],
  ""type"": ""Point""
}",-82.9668575269999,42.4030790420001
4001,9443896,W I 96,JOY,2015-10-26,26,10,2015,9,2,5,1,,1,0,,1,1,1,60,3,2,3,5,0,0,0,0,true,,false,false,true,false,false,,,,,,false,false,true,,,false,false,false,false,false,-83.13109,42.3645,"{
  ""coordinates"": [
    -8.313108525199991e+01,
    4.236450144200010e+01
  ],
  ""type"": ""Point""
}","{
  ""coordinates"": [
    -83.131085252,
    42.364501442
  ],
  ""type"": ""Point""
}",-83.1310852519999,42.3645014420001
4002,9407481,MCNICHOLS,HARLOW,2015-10-26,26,10,2015,20,2,8,9,,2,0,,1,1,5,30,3,2,0,5,0,0,0,0,true,,false,false,true,false,false,,,,,,false,false,false,,,false,false,false,false,false,-83.21555,42.41562,"{
  ""coordinates"": [
    -8.321555556899990e+01,
    4.241562094100000e+01
  ],
  ""type"": ""Point""
}","{
  ""coordinates"": [
    -83.215555569,
    42.415620941
  ],
  ""type"": ""Point""
}",-83.2155555689999,42.415620941
4003,9409876,TELEGRAPH,7 MILE,2015-10-26,26,10,2015,17,2,1,2,,1,1,,1,1,1,40,3,1,1,5,0,0,0,0,true,,false,false,false,false,false,,,,,,false,false,false,,,false,false,false,false,false,-83.27798,42.42879,"{
  ""coordinates"": [
    -8.327797785699990e+01,
    4.242879493100000e+01
  ],
  ""type"": ""Point""
}","{
  ""coordinates"": [
    -83.277977857,
    42.428794931
  ],
  ""type"": ""Point""
}",-83.2779778569999,42.428794931
4004,9405673,VAN DYKE,EMERY,2015-10-26,26,10,2015,14,2,4,3,,1,0,,1,1,1,35,5,2,2,5,0,0,0,0,true,,true,false,true,false,false,,,,,,false,false,false,,,false,false,false,false,false,-83.02431,42.436,"{
  ""coordinates"": [
    -8.302431227600000e+01,
    4.243600451600000e+01
  ],
  ""type"": ""Point""
}","{
  ""coordinates"": [
    -83.024312276,
    42.436004516
  ],
  ""type"": ""Point""
}",-83.024312276,42.436004516
4005,9408675,GRAND RIVER,RIVERA,2015-10-26,26,10,2015,22,2,4,9,,1,0,,1,1,5,25,2,2,2,5,0,0,0,0,true,,false,false,true,false,false,,,,,,false,false,false,,,false,false,false,false,false,-83.04874,42.33409,"{
  ""coordinates"": [
    -8.304873713400001e+01,
    4.233408747100000e+01
  ],
  ""type"": ""Point""
}","{
  ""coordinates"": [
    -83.048737134,
    42.334087471
  ],
  ""type"": ""Point""
}",-83.048737134,42.334087471
4006,9413709,MICHIGAN,WALBASH,2015-10-26,26,10,2015,8,2,5,2,,1,0,,1,1,1,35,2,2,2,5,0,0,0,0,true,,false,false,false,false,false,,,,,,false,false,true,,,false,false,false,false,false,-83.07481,42.33138,"{
  ""coordinates"": [
    -8.307480957300000e+01,
    4.233137368300000e+01
  ],
  ""type"": ""Point""
}","{
  ""coordinates"": [
    -83.074809573,
    42.331373683
  ],
  ""type"": ""Point""
}",-83.074809573,42.331373683
4007,9405671,YELLOWSTONE,COLLINGWOOD,2015-10-26,26,10,2015,11,2,4,9,,,0,,1,1,1,25,2,2,2,5,0,0,0,0,true,,true,false,true,false,false,,,,,,false,false,false,,,false,false,false,false,false,-83.13248,42.37319,"{
  ""coordinates"": [
    -8.313247313900000e+01,
    4.237318827000010e+01
  ],
  ""type"": ""Point""
}","{
  ""coordinates"": [
    -83.132473139,
    42.37318827
  ],
  ""type"": ""Point""
}",-83.132473139,42.3731882700001
4008,9405526,N M 10,RAMP 110A,2015-10-26,26,10,2015,8,2,8,3,,1,0,,1,1,1,55,3,2,2,5,0,0,0,0,true,,false,false,false,false,false,,,,,,false,false,true,,,false,false,false,false,false,-83.10548,42.39252,"{
  ""coordinates"": [
    -8.310548225600000e+01,
    4.239252343500000e+01
  ],
  ""type"": ""Point""
}","{
  ""coordinates"": [
    -83.105482256,
    42.392523435
  ],
  ""type"": ""Point""
}",-83.105482256,42.392523435
4009,9409874,E I 94,MOUNT ELLIOTT,2015-10-26,26,10,2015,11,2,8,1,,1,0,,1,1,1,60,8,2,1,5,0,0,0,0,true,,false,false,true,false,false,,,,,,false,false,false,,,false,false,false,false,false,-83.03374,42.37919,"{
  ""coordinates"": [
    -8.303374799800000e+01,
    4.237919187400010e+01
  ],
  ""type"": ""Point""
}","{
  ""coordinates"": [
    -83.033747998,
    42.379191874
  ],
  ""type"": ""Point""
}",-83.033747998,42.3791918740001
4010,9413850,CANFIELD,JOHN R,2015-10-26,26,10,2015,16,2,5,9,,4,0,,1,1,1,25,2,2,4,5,0,0,0,0,true,,false,false,false,false,false,,,,,,false,false,true,,,false,false,false,false,false,-83.06001,42.35334,"{
  ""coordinates"": [
    -8.306000791900000e+01,
    4.235333737800000e+01
  ],
  ""type"": ""Point""
}","{
  ""coordinates"": [
    -83.060007919,
    42.353337378
  ],
  ""type"": ""Point""
}",-83.060007919,42.353337378
4011,9414628,I-75,SCHAEFER,2015-10-26,26,10,2015,14,2,1,1,,1,0,,1,1,1,70,3,1,1,5,0,0,0,0,true,,false,false,false,false,false,,,,,,false,false,false,,,false,false,false,false,false,-83.14932,42.28189,"{
  ""coordinates"": [
    -8.314932007800000e+01,
    4.228189430300010e+01
  ],
  ""type"": ""Point""
}","{
  ""coordinates"": [
    -83.149320078,
    42.281894303
  ],
  ""type"": ""Point""
}",-83.149320078,42.2818943030001
4012,9413766,TOLEDO,CAMPBELL,2015-10-26,26,10,2015,13,2,97,9,,4,0,,1,1,1,25,4,2,3,5,0,0,0,0,true,,false,false,true,false,false,,,,,,false,false,false,,,false,false,false,false,false,-83.10597,42.32016,"{
  ""coordinates"": [
    -8.310597567900000e+01,
    4.232015551900000e+01
  ],
  ""type"": ""Point""
}","{
  ""coordinates"": [
    -83.105975679,
    42.320155519
  ],
  ""type"": ""Point""
}",-83.105975679,42.320155519
4013,9413691,LONYO,MCGRAW,2015-10-26,26,10,2015,22,2,97,9,,4,0,,1,1,5,30,4,2,1,4,0,0,0,1,false,,false,false,false,false,false,,,,,,true,false,false,,,false,false,false,false,false,-83.14642,42.33321,"{
  ""coordinates"": [
    -8.314641789500000e+01,
    4.233321120100000e+01
  ],
  ""type"": ""Point""
}","{
  ""coordinates"": [
    -83.146417895,
    42.333211201
  ],
  ""type"": ""Point""
}",-83.146417895,42.333211201
4014,9423257,MACK,SAINT ANTOINE,2015-10-26,26,10,2015,15,2,5,9,,4,0,,1,1,1,25,3,2,2,5,0,0,0,0,true,,false,false,false,false,false,,,,,,false,false,false,,,false,false,false,false,false,-83.05063,42.35018,"{
  ""coordinates"": [
    -8.305062561299999e+01,
    4.235017786200010e+01
  ],
  ""type"": ""Point""
}","{
  ""coordinates"": [
    -83.050625613,
    42.350177862
  ],
  ""type"": ""Point""
}",-83.050625613,42.3501778620001
4015,9407250,S/B M-10,HAMILITON,2015-10-26,26,10,2015,17,2,1,3,,1,1,,1,1,1,55,4,1,1,5,0,0,0,0,true,,false,false,false,false,false,,,,,,false,false,true,,,false,false,false,false,false,-83.09213,42.38127,"{
  ""coordinates"": [
    -8.309213302900000e+01,
    4.238126788100000e+01
  ],
  ""type"": ""Point""
}","{
  ""coordinates"": [
    -83.092133029,
    42.381267881
  ],
  ""type"": ""Point""
}",-83.092133029,42.381267881
4016,9405505,S M 10,MCNICHOLS,2015-10-26,26,10,2015,7,2,5,3,,1,0,,1,1,2,55,3,2,2,5,0,0,0,0,true,,false,false,false,false,false,,,,,,false,false,false,,,false,false,false,false,false,-83.17113,42.41545,"{
  ""coordinates"": [
    -8.317113628999989e+01,
    4.241544962900010e+01
  ],
  ""type"": ""Point""
}","{
  ""coordinates"": [
    -83.17113629,
    42.415449629
  ],
  ""type"": ""Point""
}",-83.1711362899999,42.4154496290001
4017,9413733,GILBERT,EDWARD,2015-10-26,26,10,2015,8,2,4,9,,,0,,1,1,1,25,4,2,2,5,0,0,0,0,true,,true,false,false,false,false,,,,,,false,false,true,,,false,false,false,false,false,-83.12124,42.32999,"{
  ""coordinates"": [
    -8.312123793400001e+01,
    4.232998530600000e+01
  ],
  ""type"": ""Point""
}","{
  ""coordinates"": [
    -83.121237934,
    42.329985306
  ],
  ""type"": ""Point""
}",-83.121237934,42.329985306
4018,9405692,JOY,I 96 SD,2015-10-26,26,10,2015,8,2,4,9,,4,0,,1,1,1,30,4,2,4,5,0,0,0,0,true,,true,true,false,false,false,,,,,,false,false,true,,,false,false,false,false,false,-83.13129,42.36435,"{
  ""coordinates"": [
    -8.313128685700001e+01,
    4.236435293900010e+01
  ],
  ""type"": ""Point""
}","{
  ""coordinates"": [
    -83.131286857,
    42.364352939
  ],
  ""type"": ""Point""
}",-83.131286857,42.3643529390001
4019,9407449,WAYBURN,MOROSS,2015-10-26,26,10,2015,19,2,4,9,,,0,,1,1,3,25,2,2,2,5,0,0,0,0,true,,false,false,false,false,false,,,,,,false,false,false,,,false,false,false,false,false,-82.94629,42.43094,"{
  ""coordinates"": [
    -8.294628754199989e+01,
    4.243094288600000e+01
  ],
  ""type"": ""Point""
}","{
  ""coordinates"": [
    -82.946287542,
    42.430942886
  ],
  ""type"": ""Point""
}",-82.9462875419999,42.430942886
4020,9410805,N/B I-75,SCHAEFER,2015-10-26,26,10,2015,13,2,5,1,,1,0,,1,1,1,70,4,2,3,5,0,0,0,0,true,,false,false,false,false,false,,,,,,false,false,false,,,false,false,false,false,false,-83.16492,42.27028,"{
  ""coordinates"": [
    -8.316492058199999e+01,
    4.227027368200000e+01
  ],
  ""type"": ""Point""
}","{
  ""coordinates"": [
    -83.164920582,
    42.270273682
  ],
  ""type"": ""Point""
}",-83.164920582,42.270273682
4021,9405702,MANOR,FENKELL,2015-10-26,26,10,2015,14,2,2,9,,,2,,1,1,1,25,1,2,2,4,0,0,0,1,false,,false,false,false,false,false,,,,,,false,false,true,,,false,false,false,false,false,-83.16833,42.40239,"{
  ""coordinates"": [
    -8.316832821000000e+01,
    4.240238832400010e+01
  ],
  ""type"": ""Point""
}","{
  ""coordinates"": [
    -83.16832821,
    42.402388324
  ],
  ""type"": ""Point""
}",-83.16832821,42.4023883240001
4022,9413690,LIVERNOIS,DEVEREAUX,2015-10-26,26,10,2015,18,2,8,9,,4,0,,1,1,4,35,7,2,2,5,0,0,0,0,true,,false,false,false,false,false,,,,,,false,false,false,,,false,false,false,false,false,-83.12646,42.33954,"{
  ""coordinates"": [
    -8.312645780500000e+01,
    4.233954038600010e+01
  ],
  ""type"": ""Point""
}","{
  ""coordinates"": [
    -83.126457805,
    42.339540386
  ],
  ""type"": ""Point""
}",-83.126457805,42.3395403860001
4023,9405703,N M 39,7 MILE,2015-10-26,26,10,2015,8,2,5,3,,1,0,,1,1,1,30,2,2,2,4,0,0,0,1,false,,false,false,false,false,false,,,,,,false,false,false,,,false,false,false,false,false,-83.21923,42.43015,"{
  ""coordinates"": [
    -8.321922939300001e+01,
    4.243014878500000e+01
  ],
  ""type"": ""Point""
}","{
  ""coordinates"": [
    -83.219229393,
    42.430148785
  ],
  ""type"": ""Point""
}",-83.219229393,42.430148785
4024,9413700,GUNSTON,GRATIOT,2015-10-26,26,10,2015,3,2,8,3,,1,0,,1,1,1,30,4,2,1,5,0,0,0,0,true,,false,false,true,false,false,,,,,,false,false,false,,,false,false,false,false,false,-82.99514,42.40859,"{
  ""coordinates"": [
    -8.299514209599990e+01,
    4.240859374200010e+01
  ],
  ""type"": ""Point""
}","{
  ""coordinates"": [
    -82.995142096,
    42.408593742
  ],
  ""type"": ""Point""
}",-82.9951420959999,42.4085937420001
4025,9410816,I-94,CASS,2015-10-26,26,10,2015,16,2,5,1,,1,0,,1,1,1,55,3,3,3,5,0,0,0,0,true,,false,false,false,false,false,,,,,,false,false,false,,,false,false,false,false,false,-83.07173,42.36217,"{
  ""coordinates"": [
    -8.307173007199999e+01,
    4.236216740400000e+01
  ],
  ""type"": ""Point""
}","{
  ""coordinates"": [
    -83.071730072,
    42.362167404
  ],
  ""type"": ""Point""
}",-83.071730072,42.362167404
4026,9405686,TELEGRAPH,8 MILE,2015-10-26,26,10,2015,15,2,5,2,,1,0,,1,1,1,45,6,2,2,5,0,0,0,0,true,,false,false,true,false,false,,,,,,false,false,false,,,false,false,false,false,false,-83.27829,42.44274,"{
  ""coordinates"": [
    -8.327829317399990e+01,
    4.244273789300010e+01
  ],
  ""type"": ""Point""
}","{
  ""coordinates"": [
    -83.278293174,
    42.442737893
  ],
  ""type"": ""Point""
}",-83.2782931739999,42.4427378930001
4027,9422148,VERNOR,GRAND,2015-10-26,26,10,2015,14,2,5,9,,4,0,,1,1,1,30,2,2,3,5,0,0,0,0,true,,false,false,false,false,false,,,,,,false,true,false,,,false,false,false,false,false,-83.0089,42.3577,"{
  ""coordinates"": [
    -8.300890089900000e+01,
    4.235769715900010e+01
  ],
  ""type"": ""Point""
}","{
  ""coordinates"": [
    -83.008900899,
    42.357697159
  ],
  ""type"": ""Point""
}",-83.008900899,42.3576971590001
4028,9646724,MANSFIELD,WHITLOCK,2015-10-26,26,10,2015,8,2,97,9,,,0,,1,1,1,25,2,2,2,5,0,0,0,0,true,,false,false,false,false,false,,,,,,false,false,true,,,false,false,false,false,false,-83.20225,42.33997,"{
  ""coordinates"": [
    -8.320224576600000e+01,
    4.233996538600010e+01
  ],
  ""type"": ""Point""
}","{
  ""coordinates"": [
    -83.202245766,
    42.339965386
  ],
  ""type"": ""Point""
}",-83.202245766,42.3399653860001
4029,9407269,M-39,SCHOOLCRAFT,2015-10-26,26,10,2015,17,2,5,3,,1,0,,1,1,1,55,3,2,2,4,0,0,0,1,false,,false,false,false,false,false,,,,,,false,false,false,,,false,false,false,false,false,-83.2179,42.39395,"{
  ""coordinates"": [
    -8.321790052400000e+01,
    4.239395204900010e+01
  ],
  ""type"": ""Point""
}","{
  ""coordinates"": [
    -83.217900524,
    42.393952049
  ],
  ""type"": ""Point""
}",-83.217900524,42.3939520490001
4030,9408614,SAINT ANTOINE,HANCOCK,2015-10-26,26,10,2015,12,2,4,9,,4,0,,1,2,1,25,3,2,3,5,0,0,0,0,true,,false,false,false,false,false,,,,,,false,false,false,,,false,false,false,false,false,-83.05652,42.35867,"{
  ""coordinates"": [
    -8.305651577299990e+01,
    4.235867110800010e+01
  ],
  ""type"": ""Point""
}","{
  ""coordinates"": [
    -83.056515773,
    42.358671108
  ],
  ""type"": ""Point""
}",-83.0565157729999,42.3586711080001
4031,9404492,N M 39,SCHOOLCRAFT,2015-10-25,25,10,2015,1,1,8,3,,1,0,,6,4,4,30,2,2,1,5,0,0,0,0,true,,false,false,true,false,false,,,,,,false,false,false,,,false,false,false,false,false,-83.21754,42.38684,"{
  ""coordinates"": [
    -8.321754739399999e+01,
    4.238684081700010e+01
  ],
  ""type"": ""Point""
}","{
  ""coordinates"": [
    -83.217547394,
    42.386840817
  ],
  ""type"": ""Point""
}",-83.217547394,42.3868408170001
4032,9404507,SCHAEFER,PILGRIM,2015-10-25,25,10,2015,19,1,5,9,,4,0,,1,1,4,35,2,2,2,3,0,0,2,0,false,,false,false,false,false,false,,,,,,false,false,true,,,false,false,false,false,false,-83.17937,42.4075,"{
  ""coordinates"": [
    -8.317937015699989e+01,
    4.240749846200000e+01
  ],
  ""type"": ""Point""
}","{
  ""coordinates"": [
    -83.179370157,
    42.407498462
  ],
  ""type"": ""Point""
}",-83.1793701569999,42.407498462
4033,9404377,WARWICK,BELTON,2015-10-25,25,10,2015,5,1,97,9,,,0,,1,1,4,35,2,2,1,5,0,0,0,0,true,,false,false,true,false,false,,,,,,false,false,false,,,false,false,false,false,false,-83.22723,42.35235,"{
  ""coordinates"": [
    -8.322722387300000e+01,
    4.235234990700010e+01
  ],
  ""type"": ""Point""
}","{
  ""coordinates"": [
    -83.227223873,
    42.352349907
  ],
  ""type"": ""Point""
}",-83.227223873,42.3523499070001
4034,9413698,SEVEN MILE,HOOVER,2015-10-25,25,10,2015,16,1,5,3,,4,0,,1,1,1,30,5,2,4,5,0,0,0,0,true,,false,false,true,false,false,,,,,,false,false,false,,,false,false,false,false,false,-83.00468,42.43443,"{
  ""coordinates"": [
    -8.300468335200000e+01,
    4.243442493300010e+01
  ],
  ""type"": ""Point""
}","{
  ""coordinates"": [
    -83.004683352,
    42.434424933
  ],
  ""type"": ""Point""
}",-83.004683352,42.4344249330001
4035,9404666,S M 39,CURTIS,2015-10-25,25,10,2015,20,1,1,3,,1,1,,1,1,4,55,3,1,1,5,0,0,0,0,true,,false,false,false,false,false,,,,,,false,false,false,,,false,false,false,false,false,-83.21911,42.42201,"{
  ""coordinates"": [
    -8.321910631599999e+01,
    4.242201242700000e+01
  ],
  ""type"": ""Point""
}","{
  ""coordinates"": [
    -83.219106316,
    42.422012427
  ],
  ""type"": ""Point""
}",-83.219106316,42.422012427
4036,9404479,EUCLID,ROSA PARKS,2015-10-25,25,10,2015,11,1,5,9,,4,0,,1,1,1,25,2,2,1,5,0,0,0,0,true,,false,false,true,false,false,,,,,,false,false,false,,,false,false,false,false,false,-83.09552,42.3707,"{
  ""coordinates"": [
    -8.309551650899991e+01,
    4.237069784200000e+01
  ],
  ""type"": ""Point""
}","{
  ""coordinates"": [
    -83.095516509,
    42.370697842
  ],
  ""type"": ""Point""
}",-83.0955165089999,42.370697842
4037,9404494,7 MILE,HAYES,2015-10-25,25,10,2015,14,1,1,9,,2,0,,1,1,1,30,5,1,1,3,0,0,1,0,false,,false,false,false,false,false,,,,,,false,false,false,,,false,false,false,false,false,-82.96539,42.43542,"{
  ""coordinates"": [
    -8.296538442799989e+01,
    4.243542404900010e+01
  ],
  ""type"": ""Point""
}","{
  ""coordinates"": [
    -82.965384428,
    42.435424049
  ],
  ""type"": ""Point""
}",-82.9653844279999,42.4354240490001
4038,9404207,I-75,RAMP 122L,2015-10-25,25,10,2015,20,1,1,1,,1,1,,1,1,4,55,1,1,1,5,0,0,0,0,true,,false,false,false,false,false,,,,,,false,false,false,,,false,false,false,false,false,-83.062,42.33615,"{
  ""coordinates"": [
    -8.306199420300000e+01,
    4.233615075700000e+01
  ],
  ""type"": ""Point""
}","{
  ""coordinates"": [
    -83.061994203,
    42.336150757
  ],
  ""type"": ""Point""
}",-83.061994203,42.336150757
4039,9465527,MONROE,FARMER,2015-10-25,25,10,2015,1,1,4,9,,4,0,,1,1,4,25,2,2,3,3,0,0,1,0,false,,true,true,false,false,false,,,,,,false,false,false,,,false,false,false,false,false,-83.04556,42.3329,"{
  ""coordinates"": [
    -8.304556108299990e+01,
    4.233290529800010e+01
  ],
  ""type"": ""Point""
}","{
  ""coordinates"": [
    -83.045561083,
    42.332905298
  ],
  ""type"": ""Point""
}",-83.0455610829999,42.3329052980001
4040,9404382,CHARLEVOIX,ELLERY,2015-10-25,25,10,2015,16,1,4,9,,4,0,,1,1,1,35,5,2,4,4,0,0,0,1,false,,false,false,false,false,false,,,,,,false,true,false,,,false,false,false,false,false,-83.02141,42.35611,"{
  ""coordinates"": [
    -8.302140711100000e+01,
    4.235611532500010e+01
  ],
  ""type"": ""Point""
}","{
  ""coordinates"": [
    -83.021407111,
    42.356115325
  ],
  ""type"": ""Point""
}",-83.021407111,42.3561153250001
4041,9407459,WYOMING,JOHN C LODGE SERVICE,2015-10-25,25,10,2015,3,1,1,3,,4,0,,1,1,4,30,4,1,0,5,0,0,0,0,true,,false,false,false,false,false,,,,,,false,false,false,,,false,false,false,false,false,-83.15979,42.40475,"{
  ""coordinates"": [
    -8.315978924200000e+01,
    4.240475082900010e+01
  ],
  ""type"": ""Point""
}","{
  ""coordinates"": [
    -83.159789242,
    42.404750829
  ],
  ""type"": ""Point""
}",-83.159789242,42.4047508290001
4042,9465511,GRATIOT,SAINT ANTOINE,2015-10-25,25,10,2015,0,1,4,3,,1,0,,1,1,4,30,3,2,3,5,0,0,0,0,true,,false,false,false,false,false,,,,,,false,false,true,,,false,false,false,false,false,-83.04263,42.33847,"{
  ""coordinates"": [
    -8.304263465600000e+01,
    4.233847341500010e+01
  ],
  ""type"": ""Point""
}","{
  ""coordinates"": [
    -83.042634656,
    42.338473415
  ],
  ""type"": ""Point""
}",-83.042634656,42.3384734150001
4043,9404206,W I 94,MOUNT ELLIOTT,2015-10-25,25,10,2015,20,1,8,1,,1,0,,1,1,4,55,3,2,2,5,0,0,0,0,true,,false,false,false,false,false,,,,,,false,true,false,,,false,false,false,false,false,-83.0333,42.3797,"{
  ""coordinates"": [
    -8.303330483199990e+01,
    4.237970490500000e+01
  ],
  ""type"": ""Point""
}","{
  ""coordinates"": [
    -83.033304832,
    42.379704905
  ],
  ""type"": ""Point""
}",-83.0333048319999,42.379704905
4044,9405697,LIVERNOIS,JEFFRIES,2015-10-25,25,10,2015,9,1,4,9,,4,0,,1,1,1,25,3,2,2,5,0,0,0,0,true,,false,false,false,false,false,,,,,,false,true,false,,,false,false,false,false,false,-83.13876,42.36777,"{
  ""coordinates"": [
    -8.313875849399990e+01,
    4.236776845000000e+01
  ],
  ""type"": ""Point""
}","{
  ""coordinates"": [
    -83.138758494,
    42.36776845
  ],
  ""type"": ""Point""
}",-83.1387584939999,42.36776845
4045,9404490,8 MILE,BERG,2015-10-25,25,10,2015,3,1,8,3,,1,0,,2,1,4,45,4,3,3,5,0,0,0,0,true,,false,false,true,false,false,,,,,,false,false,true,,,false,false,false,false,false,-83.26938,42.44297,"{
  ""coordinates"": [
    -8.326937945000000e+01,
    4.244296594700010e+01
  ],
  ""type"": ""Point""
}","{
  ""coordinates"": [
    -83.26937945,
    42.442965947
  ],
  ""type"": ""Point""
}",-83.26937945,42.4429659470001
4046,9417084,JOHN C LODGE SERV DR/KEELER,WYOMING,2015-10-25,25,10,2015,17,1,5,9,,4,0,,1,1,1,30,4,2,2,4,0,0,0,1,false,,false,false,false,false,false,,,,,,false,false,false,,,false,false,false,false,false,-83.15979,42.40563,"{
  ""coordinates"": [
    -8.315979295999990e+01,
    4.240563056000010e+01
  ],
  ""type"": ""Point""
}","{
  ""coordinates"": [
    -83.15979296,
    42.40563056
  ],
  ""type"": ""Point""
}",-83.1597929599999,42.4056305600001
4047,9404493,7 MILE,ASHTON,2015-10-25,25,10,2015,2,1,5,9,,2,0,,1,1,4,35,4,2,2,4,0,0,0,1,false,,false,false,true,false,false,,,,,,false,false,true,,,false,false,false,false,false,-83.22047,42.42999,"{
  ""coordinates"": [
    -8.322046897800000e+01,
    4.242998707200010e+01
  ],
  ""type"": ""Point""
}","{
  ""coordinates"": [
    -83.220468978,
    42.429987072
  ],
  ""type"": ""Point""
}",-83.220468978,42.4299870720001
4048,9404404,MCNICHOLS,FENMORE,2015-10-25,25,10,2015,3,1,5,9,,2,0,,1,1,1,35,4,2,2,5,0,0,0,0,true,,false,false,false,false,false,,,,,,false,false,false,,,false,false,false,false,false,-83.21775,42.41557,"{
  ""coordinates"": [
    -8.321775040199999e+01,
    4.241557478000000e+01
  ],
  ""type"": ""Point""
}","{
  ""coordinates"": [
    -83.217750402,
    42.41557478
  ],
  ""type"": ""Point""
}",-83.217750402,42.41557478