ObjectId,Crash ID,Primary Road,Intersecting Road,Crash Date,Day,Month,Year,Hour,Weekday,Crash Type Code,Highway Classification Code,Community Code,Jurisdiction Code,Lane Departure Type Code,Surface Type,Road Condition,Weather Condition,Lighting Condition,Speed Limit,Lanes,Units,Occupants,Most Severe Injury,Fatal Injuries,Suspected Serious Injuries,Suspected Minor Injuries,Possible Injuries,Property Damage Only,Secondary Crash,Traffic Control,Red Light Run,Hit and Run,Alcohol,Drugs,Unbelted Person,Work Zone,Speeding Driver,Distracted Driver,Driveway,Pedestrian,Elderly Driver,Young Driver,Commercial Vehicle,Emergency Vehicles,Train,School Bus,Motorcycle,Bicycle,Deer,Longitude,Latitude,geom,geog,x,y
4106,9404245,W I 94,N M 10,2015-10-24,24,10,2015,18,7,5,1,,1,0,,1,1,1,55,3,3,7,5,0,0,0,0,true,,false,false,false,false,false,,,,,,false,false,false,,,false,false,false,false,false,-83.07613,42.35958,"{
  ""coordinates"": [
    -8.307612907500000e+01,
    4.235958407500000e+01
  ],
  ""type"": ""Point""
}","{
  ""coordinates"": [
    -83.076129075,
    42.359584075
  ],
  ""type"": ""Point""
}",-83.076129075,42.359584075
4107,9404376,MARTIN LUTHER KING JR,GRAND RIVER,2015-10-24,24,10,2015,18,7,5,3,,4,0,,2,4,3,25,2,2,6,5,0,0,0,0,true,,false,false,false,false,false,,,,,,false,false,false,,,false,false,false,false,false,-83.07237,42.34184,"{
  ""coordinates"": [
    -8.307236906599999e+01,
    4.234184010600010e+01
  ],
  ""type"": ""Point""
}","{
  ""coordinates"": [
    -83.072369066,
    42.341840106
  ],
  ""type"": ""Point""
}",-83.072369066,42.3418401060001
4108,9402748,GRAND RIVER,LIVERNOIS,2015-10-24,24,10,2015,7,7,4,3,,1,0,,2,4,4,35,7,2,3,5,0,0,0,0,true,,false,false,false,false,false,,,,,,false,false,false,,,false,false,false,false,false,-83.13879,42.36866,"{
  ""coordinates"": [
    -8.313879359399991e+01,
    4.236866309900010e+01
  ],
  ""type"": ""Point""
}","{
  ""coordinates"": [
    -83.138793594,
    42.368663099
  ],
  ""type"": ""Point""
}",-83.1387935939999,42.3686630990001
4109,9403358,EVERGREEN,RAMP 135B,2015-10-24,24,10,2015,17,7,4,9,,4,0,,2,4,1,35,5,2,1,5,0,0,0,0,true,,true,true,true,false,false,,,,,,false,true,false,,,false,false,false,false,false,-83.23661,42.37979,"{
  ""coordinates"": [
    -8.323661341899999e+01,
    4.237979217200010e+01
  ],
  ""type"": ""Point""
}","{
  ""coordinates"": [
    -83.236613419,
    42.379792172
  ],
  ""type"": ""Point""
}",-83.236613419,42.3797921720001
4110,9409687,N/B I 75,DEARBORN,2015-10-24,24,10,2015,6,7,5,1,,1,0,,2,4,4,70,4,2,2,2,0,1,0,0,false,,false,false,false,false,false,,,,,,false,false,true,,,false,false,false,false,false,-83.12996,42.29081,"{
  ""coordinates"": [
    -8.312995648899989e+01,
    4.229080925500010e+01
  ],
  ""type"": ""Point""
}","{
  ""coordinates"": [
    -83.129956489,
    42.290809255
  ],
  ""type"": ""Point""
}",-83.1299564889999,42.2908092550001
4111,9403378,E I 96,LIVERNOIS/I 96 CROSSOVER,2015-10-24,24,10,2015,15,7,97,1,,1,0,,1,2,1,25,2,2,1,5,0,0,0,0,true,,true,true,true,false,false,,,,,,false,false,false,,,false,false,false,false,false,-83.13998,42.3676,"{
  ""coordinates"": [
    -8.313997778100000e+01,
    4.236759470200010e+01
  ],
  ""type"": ""Point""
}","{
  ""coordinates"": [
    -83.139977781,
    42.367594702
  ],
  ""type"": ""Point""
}",-83.139977781,42.3675947020001
4112,9404378,N M 39,MCNICHOLS,2015-10-24,24,10,2015,18,7,5,3,,1,0,,1,1,1,35,2,2,4,5,0,0,0,0,true,,false,false,false,false,false,,,,,,false,false,false,,,false,false,false,false,false,-83.2187,42.41555,"{
  ""coordinates"": [
    -8.321870395900000e+01,
    4.241555182400000e+01
  ],
  ""type"": ""Point""
}","{
  ""coordinates"": [
    -83.218703959,
    42.415551824
  ],
  ""type"": ""Point""
}",-83.218703959,42.415551824
4113,9403373,KERCHEVAL,CRANE,2015-10-24,24,10,2015,8,7,4,9,,4,0,,2,4,1,35,4,2,2,5,0,0,0,0,true,,true,false,true,false,false,,,,,,false,false,false,,,false,false,false,false,false,-82.99178,42.36161,"{
  ""coordinates"": [
    -8.299178402200000e+01,
    4.236160710400000e+01
  ],
  ""type"": ""Point""
}","{
  ""coordinates"": [
    -82.991784022,
    42.361607104
  ],
  ""type"": ""Point""
}",-82.991784022,42.361607104
4114,9403384,TIREMAN,GREENFIELD,2015-10-24,24,10,2015,11,7,4,9,,1,0,,2,1,1,35,2,2,2,5,0,0,0,0,true,,true,false,false,false,false,,,,,,false,false,false,,,false,false,false,false,false,-83.1966,42.35089,"{
  ""coordinates"": [
    -8.319660048299990e+01,
    4.235088857300010e+01
  ],
  ""type"": ""Point""
}","{
  ""coordinates"": [
    -83.196600483,
    42.350888573
  ],
  ""type"": ""Point""
}",-83.1966004829999,42.3508885730001
4115,9404238,W/B I-94,MORANG,2015-10-24,24,10,2015,5,7,8,1,,1,0,,2,4,4,55,3,2,2,5,0,0,0,0,true,,false,false,false,false,false,,,,,,false,false,false,,,false,false,false,false,false,-82.93386,42.41916,"{
  ""coordinates"": [
    -8.293385982500000e+01,
    4.241915468400000e+01
  ],
  ""type"": ""Point""
}","{
  ""coordinates"": [
    -82.933859825,
    42.419154684
  ],
  ""type"": ""Point""
}",-82.933859825,42.419154684
4116,9408442,WB I-94,SCOTTEN,2015-10-24,24,10,2015,6,7,8,1,,1,0,,2,4,4,55,3,2,2,5,0,0,0,0,true,,false,false,false,false,false,,,,,,false,true,false,,,false,false,false,false,false,-83.11157,42.34604,"{
  ""coordinates"": [
    -8.311157474399990e+01,
    4.234603782100000e+01
  ],
  ""type"": ""Point""
}","{
  ""coordinates"": [
    -83.111574744,
    42.346037821
  ],
  ""type"": ""Point""
}",-83.1115747439999,42.346037821
4117,9404202,I-96,TELEGRAPH,2015-10-24,24,10,2015,5,7,1,1,,1,1,,2,4,4,70,4,1,1,5,0,0,0,0,true,,false,false,false,false,false,,,,,,false,false,true,,,false,false,false,false,false,-83.27115,42.38542,"{
  ""coordinates"": [
    -8.327114595499999e+01,
    4.238542338500010e+01
  ],
  ""type"": ""Point""
}","{
  ""coordinates"": [
    -83.271145955,
    42.385423385
  ],
  ""type"": ""Point""
}",-83.271145955,42.3854233850001
4118,9403325,W I 96,GRAND RIVER,2015-10-24,24,10,2015,11,7,1,1,,1,1,,2,4,1,70,4,1,1,4,0,0,0,1,false,,false,false,false,false,false,,,,,,false,false,true,,,false,false,false,false,false,-83.17595,42.38384,"{
  ""coordinates"": [
    -8.317595101500000e+01,
    4.238384313100000e+01
  ],
  ""type"": ""Point""
}","{
  ""coordinates"": [
    -83.175951015,
    42.383843131
  ],
  ""type"": ""Point""
}",-83.175951015,42.383843131
4119,9404373,SCHAEFER,6 MILE,2015-10-24,24,10,2015,7,7,4,9,,4,0,,2,4,4,30,4,2,2,5,0,0,0,0,true,,true,true,true,false,false,,,,,,false,false,false,,,false,false,false,false,false,-83.17979,42.41656,"{
  ""coordinates"": [
    -8.317979631100000e+01,
    4.241655992800000e+01
  ],
  ""type"": ""Point""
}","{
  ""coordinates"": [
    -83.179796311,
    42.416559928
  ],
  ""type"": ""Point""
}",-83.179796311,42.416559928
4120,9404478,LONGFELLOW,3RD,2015-10-24,24,10,2015,20,7,97,9,,,3,,2,4,4,25,1,2,0,5,0,0,0,0,true,,false,false,true,false,false,,,,,,false,false,false,,,false,false,false,false,false,-83.08943,42.3833,"{
  ""coordinates"": [
    -8.308943486999991e+01,
    4.238329757200010e+01
  ],
  ""type"": ""Point""
}","{
  ""coordinates"": [
    -83.08943487,
    42.383297572
  ],
  ""type"": ""Point""
}",-83.0894348699999,42.3832975720001
4121,9403318,EB I-94,WEIR,2015-10-24,24,10,2015,7,7,1,1,,1,1,,2,4,4,55,3,1,2,5,0,0,0,0,true,,false,false,false,false,false,,,,,,false,false,true,,,false,false,false,false,false,-83.155,42.32912,"{
  ""coordinates"": [
    -8.315499543700000e+01,
    4.232911786400010e+01
  ],
  ""type"": ""Point""
}","{
  ""coordinates"": [
    -83.154995437,
    42.329117864
  ],
  ""type"": ""Point""
}",-83.154995437,42.3291178640001
4122,9405477,RAMP 109A,N M 10,2015-10-24,24,10,2015,6,7,1,3,,1,1,,2,4,4,55,1,1,1,3,0,0,1,0,false,,false,false,false,false,false,,,,,,false,false,true,,,false,false,false,false,false,-83.10925,42.3982,"{
  ""coordinates"": [
    -8.310925600000000e+01,
    4.239820188400010e+01
  ],
  ""type"": ""Point""
}","{
  ""coordinates"": [
    -83.109256,
    42.398201884
  ],
  ""type"": ""Point""
}",-83.109256,42.3982018840001
4123,9405691,HARPER,ANNSBURY,2015-10-24,24,10,2015,22,7,97,9,,4,0,,1,1,4,30,2,2,4,5,0,0,0,0,true,,false,false,false,false,false,,,,,,false,true,false,,,false,false,false,false,false,-82.97861,42.40053,"{
  ""coordinates"": [
    -8.297860438299990e+01,
    4.240053142600000e+01
  ],
  ""type"": ""Point""
}","{
  ""coordinates"": [
    -82.978604383,
    42.400531426
  ],
  ""type"": ""Point""
}",-82.9786043829999,42.400531426
4124,9404398,LITTLEFIELD,MCNICHOLS,2015-10-24,24,10,2015,4,7,8,9,,,0,,2,2,4,25,1,2,1,5,0,0,0,0,true,,false,false,false,false,false,,,,,,false,false,false,,,false,false,false,false,false,-83.17654,42.41619,"{
  ""coordinates"": [
    -8.317653434999990e+01,
    4.241619432700000e+01
  ],
  ""type"": ""Point""
}","{
  ""coordinates"": [
    -83.17653435,
    42.416194327
  ],
  ""type"": ""Point""
}",-83.1765343499999,42.416194327
4125,9403391,N M 39,PLYMOUTH,2015-10-24,24,10,2015,11,7,5,3,,1,0,,2,4,1,35,7,2,2,4,0,0,0,1,false,,false,false,false,false,false,,,,,,false,false,false,,,false,false,false,false,false,-83.21658,42.37225,"{
  ""coordinates"": [
    -8.321657668700000e+01,
    4.237225510400000e+01
  ],
  ""type"": ""Point""
}","{
  ""coordinates"": [
    -83.216576687,
    42.372255104
  ],
  ""type"": ""Point""
}",-83.216576687,42.372255104
4126,9404482,WARREN,ASHTON,2015-10-24,24,10,2015,23,7,97,9,,2,0,,1,1,4,0,1,2,1,5,0,0,0,0,true,,false,false,true,false,false,,,,,,false,false,false,,,false,false,false,false,false,-83.21791,42.34335,"{
  ""coordinates"": [
    -8.321790892099990e+01,
    4.234335104800000e+01
  ],
  ""type"": ""Point""
}","{
  ""coordinates"": [
    -83.217908921,
    42.343351048
  ],
  ""type"": ""Point""
}",-83.2179089209999,42.343351048
4127,9405698,SEVEN MILE,SHERWOOD,2015-10-24,24,10,2015,18,7,97,9,,4,0,,1,1,3,0,2,1,1,5,0,0,0,0,true,,false,false,true,false,false,,,,,,false,false,false,,,false,false,false,false,false,-83.03403,42.43377,"{
  ""coordinates"": [
    -8.303403733200000e+01,
    4.243376701100000e+01
  ],
  ""type"": ""Point""
}","{
  ""coordinates"": [
    -83.034037332,
    42.433767011
  ],
  ""type"": ""Point""
}",-83.034037332,42.433767011
4128,9408646,E I 96 SERVICE DRIVE,OHIO,2015-10-24,24,10,2015,23,7,1,9,,,0,,1,1,5,25,1,1,2,5,0,0,0,0,true,,false,false,false,false,false,,,,,,false,false,true,,,false,false,false,false,false,-83.15501,42.38424,"{
  ""coordinates"": [
    -8.315500855200000e+01,
    4.238424125800000e+01
  ],
  ""type"": ""Point""
}","{
  ""coordinates"": [
    -83.155008552,
    42.384241258
  ],
  ""type"": ""Point""
}",-83.155008552,42.384241258
4129,9403376,ALTER,KERCHEVAL,2015-10-24,24,10,2015,2,7,9,9,,4,0,,2,1,4,30,2,2,3,5,0,0,0,0,true,,true,true,false,false,false,,,,,,false,false,true,,,false,false,false,false,false,-82.94323,42.38048,"{
  ""coordinates"": [
    -8.294322953400000e+01,
    4.238047799700010e+01
  ],
  ""type"": ""Point""
}","{
  ""coordinates"": [
    -82.943229534,
    42.380477997
  ],
  ""type"": ""Point""
}",-82.943229534,42.3804779970001
4130,9404239,RAMP 213P,E I 94,2015-10-24,24,10,2015,19,7,5,1,,1,0,,2,4,4,70,2,2,3,5,0,0,0,0,true,,false,false,false,false,false,,,,,,false,false,false,,,false,false,false,false,false,-83.09805,42.35048,"{
  ""coordinates"": [
    -8.309804834300000e+01,
    4.235048018800010e+01
  ],
  ""type"": ""Point""
}","{
  ""coordinates"": [
    -83.098048343,
    42.350480188
  ],
  ""type"": ""Point""
}",-83.098048343,42.3504801880001
4131,9403382,COPLIN,WAVENEY,2015-10-24,24,10,2015,3,7,4,9,,,0,,2,2,3,25,2,2,4,4,0,0,0,2,false,,false,false,false,false,false,,,,,,false,false,false,,,false,false,false,false,false,-82.96078,42.38842,"{
  ""coordinates"": [
    -8.296077436199990e+01,
    4.238841847500000e+01
  ],
  ""type"": ""Point""
}","{
  ""coordinates"": [
    -82.960774362,
    42.388418475
  ],
  ""type"": ""Point""
}",-82.9607743619999,42.388418475
4132,9404375,RANDOLPH,CONGRESS,2015-10-24,24,10,2015,14,7,3,3,,1,0,,1,2,1,30,4,2,4,5,0,0,0,0,true,,false,false,false,false,false,,,,,,false,false,false,,,false,false,false,false,false,-83.04331,42.33124,"{
  ""coordinates"": [
    -8.304330864199990e+01,
    4.233123792000000e+01
  ],
  ""type"": ""Point""
}","{
  ""coordinates"": [
    -83.043308642,
    42.33123792
  ],
  ""type"": ""Point""
}",-83.0433086419999,42.33123792
4133,9405678,LIVERNOIS,DAVISON,2015-10-24,24,10,2015,0,7,3,3,,4,0,,1,1,4,35,7,2,3,5,0,0,0,0,true,,true,true,true,false,false,,,,,,false,false,true,,,false,false,false,false,false,-83.13954,42.38669,"{
  ""coordinates"": [
    -8.313953993199991e+01,
    4.238668933700010e+01
  ],
  ""type"": ""Point""
}","{
  ""coordinates"": [
    -83.139539932,
    42.386689337
  ],
  ""type"": ""Point""
}",-83.1395399319999,42.3866893370001
4134,9404395,MILWAUKEE,WODWARD,2015-10-24,24,10,2015,1,7,9,3,,4,2,,2,4,4,35,2,2,0,5,0,0,0,0,true,,false,false,true,false,false,,,,,,false,false,true,,,false,false,false,false,false,-83.07256,42.36912,"{
  ""coordinates"": [
    -8.307256232200000e+01,
    4.236911661400010e+01
  ],
  ""type"": ""Point""
}","{
  ""coordinates"": [
    -83.072562322,
    42.369116614
  ],
  ""type"": ""Point""
}",-83.072562322,42.3691166140001
4135,9413768,WATERMAN,REGULAR,2015-10-24,24,10,2015,15,7,4,9,,4,0,,1,2,1,25,2,2,1,5,0,0,0,0,true,,false,false,false,false,false,,,,,,false,false,false,,,false,false,false,false,false,-83.11234,42.31001,"{
  ""coordinates"": [
    -8.311234412499989e+01,
    4.231000889700000e+01
  ],
  ""type"": ""Point""
}","{
  ""coordinates"": [
    -83.112344125,
    42.310008897
  ],
  ""type"": ""Point""
}",-83.1123441249999,42.310008897
4136,9403387,MT ELLIOTT,VERNOR,2015-10-24,24,10,2015,3,7,4,9,,4,0,,2,1,4,35,4,2,3,4,0,0,0,1,false,,false,false,false,false,false,,,,,,false,false,false,,,false,false,false,false,false,-83.01739,42.35491,"{
  ""coordinates"": [
    -8.301738699200000e+01,
    4.235490630700010e+01
  ],
  ""type"": ""Point""
}","{
  ""coordinates"": [
    -83.017386992,
    42.354906307
  ],
  ""type"": ""Point""
}",-83.017386992,42.3549063070001
4137,9404411,MARSTON,WOODWARD,2015-10-24,24,10,2015,3,7,97,3,,,0,,2,4,4,25,4,1,1,5,0,0,0,0,true,,false,false,true,false,false,,,,,,false,false,false,,,false,false,false,false,false,-83.07641,42.3749,"{
  ""coordinates"": [
    -8.307640471699990e+01,
    4.237490049800000e+01
  ],
  ""type"": ""Point""
}","{
  ""coordinates"": [
    -83.076404717,
    42.374900498
  ],
  ""type"": ""Point""
}",-83.0764047169999,42.374900498
4138,9413707,VERNOR,SPRINGWELLS,2015-10-24,24,10,2015,17,7,9,9,,4,0,,1,1,1,35,1,2,1,5,0,0,0,0,true,,false,false,true,false,false,,,,,,false,false,false,,,false,false,false,false,false,-83.12688,42.31157,"{
  ""coordinates"": [
    -8.312687726300000e+01,
    4.231157176300010e+01
  ],
  ""type"": ""Point""
}","{
  ""coordinates"": [
    -83.126877263,
    42.311571763
  ],
  ""type"": ""Point""
}",-83.126877263,42.3115717630001
4139,9403377,LUMPKIN,VICTORIA,2015-10-24,24,10,2015,2,7,4,9,,,0,,2,2,4,25,1,2,0,5,0,0,0,0,true,,false,false,true,false,false,,,,,,false,false,false,,,false,false,false,false,false,-83.07642,42.41287,"{
  ""coordinates"": [
    -8.307641346400000e+01,
    4.241287255400000e+01
  ],
  ""type"": ""Point""
}","{
  ""coordinates"": [
    -83.076413464,
    42.412872554
  ],
  ""type"": ""Point""
}",-83.076413464,42.412872554
4140,9405683,MOROSS,FRANKFORT,2015-10-24,24,10,2015,10,7,5,9,,2,0,,1,4,1,35,4,2,2,5,0,0,0,0,true,,false,false,false,false,false,,,,,,false,false,false,,,false,false,false,false,false,-82.91291,42.41776,"{
  ""coordinates"": [
    -8.291291191499990e+01,
    4.241775581000010e+01
  ],
  ""type"": ""Point""
}","{
  ""coordinates"": [
    -82.912911915,
    42.41775581
  ],
  ""type"": ""Point""
}",-82.9129119149999,42.4177558100001
4141,9404523,E/B I 94,JOHN R,2015-10-24,24,10,2015,7,7,1,1,,1,1,,2,4,4,55,6,1,1,5,0,0,0,0,true,,false,false,false,false,false,,,,,,false,false,false,,,false,false,false,false,false,-83.06673,42.36461,"{
  ""coordinates"": [
    -8.306672583800000e+01,
    4.236461138600000e+01
  ],
  ""type"": ""Point""
}","{
  ""coordinates"": [
    -83.066725838,
    42.364611386
  ],
  ""type"": ""Point""
}",-83.066725838,42.364611386
4142,9425677,FENKELL,SCHAEFER,2015-10-24,24,10,2015,1,7,97,9,,2,0,,2,1,5,0,2,2,0,2,0,1,0,0,false,,true,false,true,false,false,,,,,,false,false,false,,,false,false,false,false,false,-83.1792,42.40208,"{
  ""coordinates"": [
    -8.317919810599990e+01,
    4.240207637500000e+01
  ],
  ""type"": ""Point""
}","{
  ""coordinates"": [
    -83.179198106,
    42.402076375
  ],
  ""type"": ""Point""
}",-83.1791981059999,42.402076375
4143,9403360,AGNES,FIELD,2015-10-24,24,10,2015,2,7,1,9,,,0,,2,4,4,25,2,1,2,5,0,0,0,0,true,,false,false,false,false,false,,,,,,false,false,false,,,false,false,false,false,false,-83.00359,42.35266,"{
  ""coordinates"": [
    -8.300358652400000e+01,
    4.235266390200010e+01
  ],
  ""type"": ""Point""
}","{
  ""coordinates"": [
    -83.003586524,
    42.352663902
  ],
  ""type"": ""Point""
}",-83.003586524,42.3526639020001
4144,9407483,HOOVER,PINEWOOD,2015-10-24,24,10,2015,12,7,8,3,,1,0,,1,1,1,35,2,2,6,5,0,0,0,0,true,,false,false,true,false,false,,,,,,false,false,false,,,false,false,false,false,false,-83.00481,42.43779,"{
  ""coordinates"": [
    -8.300480526800000e+01,
    4.243779265700000e+01
  ],
  ""type"": ""Point""
}","{
  ""coordinates"": [
    -83.004805268,
    42.437792657
  ],
  ""type"": ""Point""
}",-83.004805268,42.437792657
4145,9408422,SB I-75,NEVADA,2015-10-24,24,10,2015,6,7,8,1,,1,0,,2,4,5,70,4,2,1,4,0,0,0,1,false,,false,false,true,false,false,,,,,,false,false,false,,,false,false,false,false,false,-83.09357,42.42502,"{
  ""coordinates"": [
    -8.309357469699999e+01,
    4.242502082900010e+01
  ],
  ""type"": ""Point""
}","{
  ""coordinates"": [
    -83.093574697,
    42.425020829
  ],
  ""type"": ""Point""
}",-83.093574697,42.4250208290001
4146,9408405,N M 39,RAMP 011A,2015-10-24,24,10,2015,3,7,5,3,,1,0,,2,2,4,55,3,3,4,3,0,0,1,0,false,,false,false,false,false,false,,,,,,false,false,false,,,false,false,false,false,false,-83.21906,42.42641,"{
  ""coordinates"": [
    -8.321906392999990e+01,
    4.242640803700000e+01
  ],
  ""type"": ""Point""
}","{
  ""coordinates"": [
    -83.21906393,
    42.426408037
  ],
  ""type"": ""Point""
}",-83.2190639299999,42.426408037
4147,9422626,CANTON,E I 94 SERVICE DRIVE,2015-10-24,24,10,2015,15,7,5,9,,,0,,1,2,1,45,5,2,3,5,0,0,0,0,true,,false,false,true,false,false,,,,,,false,false,false,,,false,false,false,false,false,-83.02876,42.38365,"{
  ""coordinates"": [
    -8.302876558500000e+01,
    4.238364748000000e+01
  ],
  ""type"": ""Point""
}","{
  ""coordinates"": [
    -83.028765585,
    42.38364748
  ],
  ""type"": ""Point""
}",-83.028765585,42.38364748
4148,9443908,WARREN,MCKINLEY,2015-10-24,24,10,2015,17,7,4,9,,4,0,,1,1,1,35,3,2,1,5,0,0,0,0,true,,false,false,false,false,false,,,,,,false,false,false,,,false,false,false,false,false,-83.10432,42.34486,"{
  ""coordinates"": [
    -8.310432533399999e+01,
    4.234485661300000e+01
  ],
  ""type"": ""Point""
}","{
  ""coordinates"": [
    -83.104325334,
    42.344856613
  ],
  ""type"": ""Point""
}",-83.104325334,42.344856613
4149,9404237,M 39,OUTER,2015-10-24,24,10,2015,2,7,7,3,,1,0,,2,1,4,55,3,2,2,4,0,0,0,2,false,,false,false,false,false,false,,,,,,false,false,true,,,false,false,false,false,false,-83.21879,42.41853,"{
  ""coordinates"": [
    -8.321878826900000e+01,
    4.241852494300010e+01
  ],
  ""type"": ""Point""
}","{
  ""coordinates"": [
    -83.218788269,
    42.418524943
  ],
  ""type"": ""Point""
}",-83.218788269,42.4185249430001
4150,9409689,RAMP 219D,W I 94,2015-10-24,24,10,2015,11,7,2,1,,1,0,,2,2,1,55,3,2,5,4,0,0,0,2,false,,false,false,false,false,false,,,,,,false,false,false,,,false,false,false,false,false,-83.00818,42.39105,"{
  ""coordinates"": [
    -8.300818126699990e+01,
    4.239105119500000e+01
  ],
  ""type"": ""Point""
}","{
  ""coordinates"": [
    -83.008181267,
    42.391051195
  ],
  ""type"": ""Point""
}",-83.0081812669999,42.391051195
4151,9408455,M-39,8 MILE,2015-10-24,24,10,2015,15,7,5,3,,1,0,,1,2,1,55,3,2,2,5,0,0,0,0,true,,false,false,false,false,false,,,,,,false,false,true,,,false,false,false,false,false,-83.21967,42.44272,"{
  ""coordinates"": [
    -8.321966930100000e+01,
    4.244272147700010e+01
  ],
  ""type"": ""Point""
}","{
  ""coordinates"": [
    -83.219669301,
    42.442721477
  ],
  ""type"": ""Point""
}",-83.219669301,42.4427214770001
4152,9413708,CADET,LIVERNOIS,2015-10-24,24,10,2015,22,7,4,9,,,0,,2,4,3,25,2,2,1,5,0,0,0,0,true,,false,false,true,false,false,,,,,,false,false,false,,,false,false,false,false,false,-83.10854,42.31374,"{
  ""coordinates"": [
    -8.310853571900000e+01,
    4.231373718400000e+01
  ],
  ""type"": ""Point""
}","{
  ""coordinates"": [
    -83.108535719,
    42.313737184
  ],
  ""type"": ""Point""
}",-83.108535719,42.313737184
4153,9405498,SB I-75,DEARBORN,2015-10-24,24,10,2015,7,7,8,1,,1,0,,2,4,1,70,4,2,2,5,0,0,0,0,true,,false,false,false,false,false,,,,,,false,false,true,,,false,false,false,false,false,-83.12897,42.29174,"{
  ""coordinates"": [
    -8.312897421500000e+01,
    4.229173732300010e+01
  ],
  ""type"": ""Point""
}","{
  ""coordinates"": [
    -83.128974215,
    42.291737323
  ],
  ""type"": ""Point""
}",-83.128974215,42.2917373230001
4154,9404203,N M 39,RAMP 008B,2015-10-24,24,10,2015,17,7,8,3,,1,0,,1,1,1,55,3,3,3,5,0,0,0,0,true,,false,false,false,false,false,,,,,,false,true,true,,,false,false,false,false,false,-83.21671,42.37542,"{
  ""coordinates"": [
    -8.321671032200000e+01,
    4.237542496000000e+01
  ],
  ""type"": ""Point""
}","{
  ""coordinates"": [
    -83.216710322,
    42.37542496
  ],
  ""type"": ""Point""
}",-83.216710322,42.37542496
4155,9425650,N M 39,WARREN,2015-10-24,24,10,2015,10,7,8,3,,1,0,,2,4,1,35,2,2,2,5,0,0,0,0,true,,false,false,true,false,false,,,,,,false,false,false,,,false,false,false,false,false,-83.21603,42.34337,"{
  ""coordinates"": [
    -8.321603620300000e+01,
    4.234336840300010e+01
  ],
  ""type"": ""Point""
}","{
  ""coordinates"": [
    -83.216036203,
    42.343368403
  ],
  ""type"": ""Point""
}",-83.216036203,42.3433684030001
4156,9404500,FENKELL,PINEHURST,2015-10-24,24,10,2015,22,7,8,9,,2,0,,1,1,4,25,2,2,2,5,0,0,0,0,true,,false,false,true,false,false,,,,,,false,false,true,,,false,false,false,false,false,-83.1662,42.40231,"{
  ""coordinates"": [
    -8.316619525800000e+01,
    4.240231462400000e+01
  ],
  ""type"": ""Point""
}","{
  ""coordinates"": [
    -83.166195258,
    42.402314624
  ],
  ""type"": ""Point""
}",-83.166195258,42.402314624
4157,9410958,MURRAY HILL,CURTIS,2015-10-24,24,10,2015,15,7,4,9,,,0,,1,1,1,25,2,2,2,4,0,0,0,1,false,,true,false,true,false,false,,,,,,false,false,true,,,false,false,false,false,false,-83.2082,42.42299,"{
  ""coordinates"": [
    -8.320819770400000e+01,
    4.242298631700000e+01
  ],
  ""type"": ""Point""
}","{
  ""coordinates"": [
    -83.208197704,
    42.422986317
  ],
  ""type"": ""Point""
}",-83.208197704,42.422986317
4158,9403394,CONANT,ALPHA,2015-10-24,24,10,2015,17,7,2,9,,4,2,,1,1,1,25,4,2,3,4,0,0,0,2,false,,false,false,false,false,false,,,,,,false,false,false,,,false,false,false,false,false,-83.06403,42.41928,"{
  ""coordinates"": [
    -8.306402435099990e+01,
    4.241927763300000e+01
  ],
  ""type"": ""Point""
}","{
  ""coordinates"": [
    -83.064024351,
    42.419277633
  ],
  ""type"": ""Point""
}",-83.0640243509999,42.419277633
4159,9404476,GRAND,TRUBMULL,2015-10-24,24,10,2015,15,7,8,3,,1,0,,1,2,1,30,4,2,1,5,0,0,0,0,true,,false,false,true,false,false,,,,,,false,true,false,,,false,false,false,false,false,-83.07291,42.34209,"{
  ""coordinates"": [
    -8.307291115699999e+01,
    4.234208499600000e+01
  ],
  ""type"": ""Point""
}","{
  ""coordinates"": [
    -83.072911157,
    42.342084996
  ],
  ""type"": ""Point""
}",-83.072911157,42.342084996
4160,9403366,7 MILE,VAN DYKE,2015-10-24,24,10,2015,15,7,9,3,,4,2,,1,1,1,30,4,3,2,4,0,0,0,1,false,,false,false,true,false,false,,,,,,false,false,true,,,false,false,false,false,false,-83.02387,42.43398,"{
  ""coordinates"": [
    -8.302387580200001e+01,
    4.243397531700000e+01
  ],
  ""type"": ""Point""
}","{
  ""coordinates"": [
    -83.023875802,
    42.433975317
  ],
  ""type"": ""Point""
}",-83.023875802,42.433975317
4161,9404477,JEFFERSON,WOODWARD,2015-10-24,24,10,2015,18,7,5,3,,1,0,,2,4,4,35,4,2,2,5,0,0,0,0,true,,false,false,false,false,false,,,,,,false,false,false,,,false,false,false,false,false,-83.04436,42.32854,"{
  ""coordinates"": [
    -8.304436484699990e+01,
    4.232854230800010e+01
  ],
  ""type"": ""Point""
}","{
  ""coordinates"": [
    -83.044364847,
    42.328542308
  ],
  ""type"": ""Point""
}",-83.0443648469999,42.3285423080001
4162,9413280,I 94,TRUMBULL,2015-10-24,24,10,2015,19,7,5,1,,1,0,,2,4,4,55,3,2,2,5,0,0,0,0,true,,false,false,true,false,false,,,,,,false,false,false,,,false,false,false,false,false,-83.08055,42.35661,"{
  ""coordinates"": [
    -8.308055402900000e+01,
    4.235661053400000e+01
  ],
  ""type"": ""Point""
}","{
  ""coordinates"": [
    -83.080554029,
    42.356610534
  ],
  ""type"": ""Point""
}",-83.080554029,42.356610534