ObjectId,Crash ID,Primary Road,Intersecting Road,Crash Date,Day,Month,Year,Hour,Weekday,Crash Type Code,Highway Classification Code,Community Code,Jurisdiction Code,Lane Departure Type Code,Surface Type,Road Condition,Weather Condition,Lighting Condition,Speed Limit,Lanes,Units,Occupants,Most Severe Injury,Fatal Injuries,Suspected Serious Injuries,Suspected Minor Injuries,Possible Injuries,Property Damage Only,Secondary Crash,Traffic Control,Red Light Run,Hit and Run,Alcohol,Drugs,Unbelted Person,Work Zone,Speeding Driver,Distracted Driver,Driveway,Pedestrian,Elderly Driver,Young Driver,Commercial Vehicle,Emergency Vehicles,Train,School Bus,Motorcycle,Bicycle,Deer,Longitude,Latitude,geom,geog,x,y
4163,9405497,WB I-94,SCOTTEN,2015-10-24,24,10,2015,8,7,1,1,,1,1,,2,4,1,55,3,1,2,5,0,0,0,0,true,,false,false,false,false,false,,,,,,false,false,false,,,false,false,false,false,false,-83.11127,42.3462,"{
  ""coordinates"": [
    -8.311127320000000e+01,
    4.234619972100010e+01
  ],
  ""type"": ""Point""
}","{
  ""coordinates"": [
    -83.1112732,
    42.346199721
  ],
  ""type"": ""Point""
}",-83.1112732,42.3461997210001
4164,9403371,REGENT,EDMORE,2015-10-24,24,10,2015,0,7,1,9,,,0,,2,4,5,25,2,2,1,5,0,0,0,0,true,,false,false,true,false,false,,,,,,false,false,false,,,false,false,false,true,false,-82.97576,42.44696,"{
  ""coordinates"": [
    -8.297576085299990e+01,
    4.244695854200010e+01
  ],
  ""type"": ""Point""
}","{
  ""coordinates"": [
    -82.975760853,
    42.446958542
  ],
  ""type"": ""Point""
}",-82.9757608529999,42.4469585420001
4165,9403389,ROSEMONT,TIREMAN,2015-10-24,24,10,2015,13,7,4,9,,,0,,2,4,1,25,4,2,2,5,0,0,0,0,true,,false,false,true,false,false,,,,,,false,false,false,,,false,false,false,false,false,-83.21864,42.3506,"{
  ""coordinates"": [
    -8.321863227100000e+01,
    4.235059784600000e+01
  ],
  ""type"": ""Point""
}","{
  ""coordinates"": [
    -83.218632271,
    42.350597846
  ],
  ""type"": ""Point""
}",-83.218632271,42.350597846
4166,9404240,W I 96,EVERGREEN,2015-10-24,24,10,2015,19,7,8,1,,1,0,,2,4,4,55,2,2,2,4,0,0,0,2,false,,false,false,true,false,false,,,,,,false,false,true,,,false,false,false,false,false,-83.23637,42.38028,"{
  ""coordinates"": [
    -8.323636741699990e+01,
    4.238027930700010e+01
  ],
  ""type"": ""Point""
}","{
  ""coordinates"": [
    -83.236367417,
    42.380279307
  ],
  ""type"": ""Point""
}",-83.2363674169999,42.3802793070001
4167,9404410,LAFAYETTE,LIVERNOIS,2015-10-24,24,10,2015,10,7,5,9,,4,0,,2,2,1,35,2,2,1,5,0,0,0,0,true,,false,false,true,false,false,,,,,,false,false,false,,,false,false,false,false,false,-83.1049,42.3086,"{
  ""coordinates"": [
    -8.310489397100000e+01,
    4.230859801800010e+01
  ],
  ""type"": ""Point""
}","{
  ""coordinates"": [
    -83.104893971,
    42.308598018
  ],
  ""type"": ""Point""
}",-83.104893971,42.3085980180001
4168,9413854,WARREN,JOHN R,2015-10-24,24,10,2015,0,7,8,9,,4,0,,1,2,4,30,4,2,3,5,0,0,0,0,true,,false,false,false,false,false,,,,,,false,false,true,,,false,false,false,false,false,-83.06208,42.35759,"{
  ""coordinates"": [
    -8.306207905600000e+01,
    4.235758914100010e+01
  ],
  ""type"": ""Point""
}","{
  ""coordinates"": [
    -83.062079056,
    42.357589141
  ],
  ""type"": ""Point""
}",-83.062079056,42.3575891410001
4169,9637836,BUCHANAN,32ND,2015-10-24,24,10,2015,8,7,1,9,,4,1,,2,4,1,35,2,1,2,5,0,0,0,0,true,,false,false,false,true,false,,,,,,false,false,false,,,false,false,false,false,false,-83.1129,42.33583,"{
  ""coordinates"": [
    -8.311289812400000e+01,
    4.233583005500000e+01
  ],
  ""type"": ""Point""
}","{
  ""coordinates"": [
    -83.112898124,
    42.335830055
  ],
  ""type"": ""Point""
}",-83.112898124,42.335830055
4170,9408443,W I 96,RAMP 008I,2015-10-24,24,10,2015,12,7,5,1,,1,0,,2,2,1,70,3,2,1,5,0,0,0,0,true,,false,false,true,false,false,,,,,,false,false,false,,,false,false,false,false,false,-83.22784,42.37802,"{
  ""coordinates"": [
    -8.322783314599999e+01,
    4.237801784000000e+01
  ],
  ""type"": ""Point""
}","{
  ""coordinates"": [
    -83.227833146,
    42.37801784
  ],
  ""type"": ""Point""
}",-83.227833146,42.37801784
4171,9405503,WB I-94,BEAUBIEN,2015-10-24,24,10,2015,16,7,5,1,,1,0,,1,2,1,55,3,2,2,5,0,0,0,0,true,,false,false,false,false,false,,,,,,false,false,false,,,false,false,false,false,false,-83.06268,42.36648,"{
  ""coordinates"": [
    -8.306267397900000e+01,
    4.236648191700000e+01
  ],
  ""type"": ""Point""
}","{
  ""coordinates"": [
    -83.062673979,
    42.366481917
  ],
  ""type"": ""Point""
}",-83.062673979,42.366481917
4172,9421483,ELLERY,ELLERY,2015-10-24,24,10,2015,12,7,1,9,,,1,,1,1,1,25,2,1,1,5,0,0,0,0,true,,false,false,false,false,false,,,,,,false,false,true,,,false,false,false,false,false,-83.03333,42.37409,"{
  ""coordinates"": [
    -8.303332901600000e+01,
    4.237409049300000e+01
  ],
  ""type"": ""Point""
}","{
  ""coordinates"": [
    -83.033329016,
    42.374090493
  ],
  ""type"": ""Point""
}",-83.033329016,42.374090493
4173,9403388,TRINITY,PEMBROKE,2015-10-24,24,10,2015,8,7,5,9,,,0,,2,4,1,25,2,3,1,5,0,0,0,0,true,,false,false,false,true,false,,,,,,false,false,false,,,false,false,false,false,false,-83.25011,42.43649,"{
  ""coordinates"": [
    -8.325010850400000e+01,
    4.243648348000000e+01
  ],
  ""type"": ""Point""
}","{
  ""coordinates"": [
    -83.250108504,
    42.43648348
  ],
  ""type"": ""Point""
}",-83.250108504,42.43648348
4174,9403323,I-94,NOTTINGHAM,2015-10-24,24,10,2015,9,7,1,1,,1,1,,2,4,1,55,3,1,1,3,0,0,1,0,false,,false,false,false,false,false,,,,,,false,false,true,,,false,false,false,false,false,-82.9543,42.40667,"{
  ""coordinates"": [
    -8.295429830900000e+01,
    4.240667260900010e+01
  ],
  ""type"": ""Point""
}","{
  ""coordinates"": [
    -82.954298309,
    42.406672609
  ],
  ""type"": ""Point""
}",-82.954298309,42.4066726090001
4175,9404236,S M 10,WARREN,2015-10-24,24,10,2015,1,7,6,3,,1,0,,2,4,4,55,3,2,6,5,0,0,0,0,true,,false,false,false,false,false,,,,,,false,false,true,,,false,false,false,false,false,-83.07381,42.3541,"{
  ""coordinates"": [
    -8.307380567400000e+01,
    4.235409932700000e+01
  ],
  ""type"": ""Point""
}","{
  ""coordinates"": [
    -83.073805674,
    42.354099327
  ],
  ""type"": ""Point""
}",-83.073805674,42.354099327
4176,9423261,CASS,CANFIELD,2015-10-24,24,10,2015,19,7,6,9,,4,0,,1,1,4,25,4,2,4,5,0,0,0,0,true,,false,false,false,false,false,,,,,,false,true,false,,,false,false,false,false,false,-83.06424,42.35176,"{
  ""coordinates"": [
    -8.306423742200001e+01,
    4.235176490400000e+01
  ],
  ""type"": ""Point""
}","{
  ""coordinates"": [
    -83.064237422,
    42.351764904
  ],
  ""type"": ""Point""
}",-83.064237422,42.351764904
4177,9405684,WINTHROP,OUTER,2015-10-24,24,10,2015,20,7,97,9,,,0,,1,1,4,25,1,2,0,5,0,0,0,0,true,,false,false,true,false,false,,,,,,false,false,false,,,false,false,false,false,false,-83.20087,42.41946,"{
  ""coordinates"": [
    -8.320087475199990e+01,
    4.241945606900000e+01
  ],
  ""type"": ""Point""
}","{
  ""coordinates"": [
    -83.200874752,
    42.419456069
  ],
  ""type"": ""Point""
}",-83.2008747519999,42.419456069
4178,9425585,PLYMOUTH,STEEL,2015-10-24,24,10,2015,20,7,5,9,,4,0,,2,4,4,30,4,2,2,5,0,0,0,0,true,,false,false,false,false,false,,,,,,false,false,false,,,false,false,false,false,false,-83.17051,42.37318,"{
  ""coordinates"": [
    -8.317050855399999e+01,
    4.237317666800000e+01
  ],
  ""type"": ""Point""
}","{
  ""coordinates"": [
    -83.170508554,
    42.373176668
  ],
  ""type"": ""Point""
}",-83.170508554,42.373176668
4179,9403379,MCNICHOLS,LESURE,2015-10-24,24,10,2015,9,7,5,9,,2,0,,2,4,1,35,2,2,3,5,0,0,0,0,true,,false,false,false,false,false,,,,,,false,false,false,,,false,false,false,false,false,-83.18217,42.41656,"{
  ""coordinates"": [
    -8.318216860099990e+01,
    4.241656294100010e+01
  ],
  ""type"": ""Point""
}","{
  ""coordinates"": [
    -83.182168601,
    42.416562941
  ],
  ""type"": ""Point""
}",-83.1821686009999,42.4165629410001
4180,9403393,JOSEPH CAMPAU,DAVISON,2015-10-24,24,10,2015,7,7,1,9,,4,0,,2,4,2,30,2,2,1,3,0,0,1,0,false,,false,false,false,false,false,,,,,,true,false,false,,,false,false,false,false,false,-83.06916,42.41356,"{
  ""coordinates"": [
    -8.306916345499999e+01,
    4.241356305400010e+01
  ],
  ""type"": ""Point""
}","{
  ""coordinates"": [
    -83.069163455,
    42.413563054
  ],
  ""type"": ""Point""
}",-83.069163455,42.4135630540001
4181,9425555,EIGHT MILE,BILTMORE,2015-10-24,24,10,2015,2,7,5,3,,1,0,,1,1,4,35,4,2,1,5,0,0,0,0,true,,false,false,false,false,false,,,,,,false,false,true,,,false,false,false,false,false,-83.21239,42.44436,"{
  ""coordinates"": [
    -8.321238877499999e+01,
    4.244435618200000e+01
  ],
  ""type"": ""Point""
}","{
  ""coordinates"": [
    -83.212388775,
    42.444356182
  ],
  ""type"": ""Point""
}",-83.212388775,42.444356182
4182,9408436,S I 75,RAMP 049D,2015-10-24,24,10,2015,4,7,8,1,,1,0,,2,4,4,70,4,2,1,5,0,0,0,0,true,,false,false,true,false,false,,,,,,false,false,false,,,false,false,false,false,false,-83.09451,42.42888,"{
  ""coordinates"": [
    -8.309451172099990e+01,
    4.242888101700000e+01
  ],
  ""type"": ""Point""
}","{
  ""coordinates"": [
    -83.094511721,
    42.428881017
  ],
  ""type"": ""Point""
}",-83.0945117209999,42.428881017
4183,9407452,MCNICHOLS,RUTHERFORD,2015-10-24,24,10,2015,18,7,4,9,,2,0,,2,4,5,35,4,2,1,5,0,0,0,0,true,,true,false,true,false,false,,,,,,false,false,false,,,false,false,false,false,false,-83.20472,42.41585,"{
  ""coordinates"": [
    -8.320471842400001e+01,
    4.241584913100010e+01
  ],
  ""type"": ""Point""
}","{
  ""coordinates"": [
    -83.204718424,
    42.415849131
  ],
  ""type"": ""Point""
}",-83.204718424,42.4158491310001
4184,9425676,MEYERS,CURTIS,2015-10-24,24,10,2015,7,7,5,9,,4,0,,1,1,2,0,4,2,2,5,0,0,0,0,true,,false,false,false,false,false,,,,,,false,true,false,,,false,false,false,false,false,-83.17046,42.42482,"{
  ""coordinates"": [
    -8.317045855500000e+01,
    4.242482054900010e+01
  ],
  ""type"": ""Point""
}","{
  ""coordinates"": [
    -83.170458555,
    42.424820549
  ],
  ""type"": ""Point""
}",-83.170458555,42.4248205490001
4185,9404218,RAMP 216G,I-75,2015-10-24,24,10,2015,3,7,1,1,,1,1,,2,4,5,55,1,1,1,5,0,0,0,0,true,,false,false,false,true,false,,,,,,false,false,false,,,false,false,false,false,false,-83.0592,42.37244,"{
  ""coordinates"": [
    -8.305920162400000e+01,
    4.237243890100010e+01
  ],
  ""type"": ""Point""
}","{
  ""coordinates"": [
    -83.059201624,
    42.372438901
  ],
  ""type"": ""Point""
}",-83.059201624,42.3724389010001
4186,9404406,8 MILE,WYOMING,2015-10-24,24,10,2015,11,7,5,3,,1,0,,1,1,1,35,2,4,6,5,0,0,0,0,true,,false,false,false,false,false,,,,,,false,false,true,,,false,false,false,false,false,-83.16155,42.44564,"{
  ""coordinates"": [
    -8.316155396399991e+01,
    4.244564291900010e+01
  ],
  ""type"": ""Point""
}","{
  ""coordinates"": [
    -83.161553964,
    42.445642919
  ],
  ""type"": ""Point""
}",-83.1615539639999,42.4456429190001
4187,9409686,E I 94,RAMP 220D,2015-10-24,24,10,2015,9,7,1,1,,1,1,,2,4,1,55,3,1,1,5,0,0,0,0,true,,false,false,false,false,false,,,,,,false,false,true,,,false,false,false,false,false,-82.98943,42.39521,"{
  ""coordinates"": [
    -8.298943355800000e+01,
    4.239520567900010e+01
  ],
  ""type"": ""Point""
}","{
  ""coordinates"": [
    -82.989433558,
    42.395205679
  ],
  ""type"": ""Point""
}",-82.989433558,42.3952056790001
4188,9418868,WHITCOMB,ORANGELAWN,2015-10-24,24,10,2015,23,7,4,9,,,0,,1,1,4,25,2,2,2,5,0,0,0,0,true,,false,false,true,false,false,,,,,,false,false,false,,,false,false,false,false,false,-83.19518,42.36789,"{
  ""coordinates"": [
    -8.319517467799990e+01,
    4.236789335900000e+01
  ],
  ""type"": ""Point""
}","{
  ""coordinates"": [
    -83.195174678,
    42.367893359
  ],
  ""type"": ""Point""
}",-83.1951746779999,42.367893359
4189,9410960,OUTER,CHALMERS,2015-10-24,24,10,2015,4,7,97,9,,2,3,,2,4,4,35,2,2,0,5,0,0,0,0,true,,false,false,true,false,false,,,,,,false,false,false,,,false,false,false,false,false,-82.9698,42.41499,"{
  ""coordinates"": [
    -8.296979904700000e+01,
    4.241498494600010e+01
  ],
  ""type"": ""Point""
}","{
  ""coordinates"": [
    -82.969799047,
    42.414984946
  ],
  ""type"": ""Point""
}",-82.969799047,42.4149849460001
4190,9408617,14TH,INDIANDALE,2015-10-24,24,10,2015,21,7,8,9,,4,0,,2,2,4,30,3,2,1,5,0,0,0,0,true,,false,false,true,false,false,,,,,,false,false,false,,,false,false,false,false,false,-83.11504,42.3938,"{
  ""coordinates"": [
    -8.311503648000000e+01,
    4.239379637800000e+01
  ],
  ""type"": ""Point""
}","{
  ""coordinates"": [
    -83.11503648,
    42.393796378
  ],
  ""type"": ""Point""
}",-83.11503648,42.393796378
4191,9405669,GRATIOT,8 MILE,2015-10-23,23,10,2015,17,6,5,3,,1,0,,1,1,1,35,3,2,1,4,0,0,0,1,false,,false,false,true,false,false,,,,,,false,false,false,,,false,false,false,false,false,-82.96795,42.44981,"{
  ""coordinates"": [
    -8.296794664799999e+01,
    4.244980843100010e+01
  ],
  ""type"": ""Point""
}","{
  ""coordinates"": [
    -82.967946648,
    42.449808431
  ],
  ""type"": ""Point""
}",-82.967946648,42.4498084310001
4192,9403295,I-94,I-75,2015-10-23,23,10,2015,17,6,5,1,,1,0,,1,2,1,55,3,2,2,5,0,0,0,0,true,,false,false,false,false,false,,,,,,false,false,true,,,false,false,false,false,false,-83.05434,42.37111,"{
  ""coordinates"": [
    -8.305434232399990e+01,
    4.237111251600000e+01
  ],
  ""type"": ""Point""
}","{
  ""coordinates"": [
    -83.054342324,
    42.371112516
  ],
  ""type"": ""Point""
}",-83.0543423239999,42.371112516
4193,9402745,E I 94,WARREN,2015-10-23,23,10,2015,8,6,5,1,,1,0,,1,1,1,55,3,2,2,5,0,0,0,0,true,,false,false,true,false,false,,,,,,false,false,false,,,false,false,false,false,false,-83.11297,42.34467,"{
  ""coordinates"": [
    -8.311296551500000e+01,
    4.234467294200000e+01
  ],
  ""type"": ""Point""
}","{
  ""coordinates"": [
    -83.112965515,
    42.344672942
  ],
  ""type"": ""Point""
}",-83.112965515,42.344672942
4194,9410833,M-39,8 MILE,2015-10-23,23,10,2015,17,6,5,3,,1,0,,97,98,98,55,3,3,3,5,0,0,0,0,true,,false,false,false,false,false,,,,,,false,false,false,,,false,false,false,false,false,-83.21963,42.4439,"{
  ""coordinates"": [
    -8.321962626600001e+01,
    4.244389795400010e+01
  ],
  ""type"": ""Point""
}","{
  ""coordinates"": [
    -83.219626266,
    42.443897954
  ],
  ""type"": ""Point""
}",-83.219626266,42.4438979540001
4195,9413758,OUTER,ELECTRIC,2015-10-23,23,10,2015,20,6,8,9,,2,0,,1,1,5,25,3,2,2,5,0,0,0,0,true,,false,false,true,false,false,,,,,,false,false,true,,,false,false,false,false,false,-83.16635,42.26002,"{
  ""coordinates"": [
    -8.316634881899989e+01,
    4.226002045200000e+01
  ],
  ""type"": ""Point""
}","{
  ""coordinates"": [
    -83.166348819,
    42.260020452
  ],
  ""type"": ""Point""
}",-83.1663488189999,42.260020452
4196,9402740,WARWICK,TIREMAN,2015-10-23,23,10,2015,1,6,8,9,,,0,,1,1,98,25,2,2,1,5,0,0,0,0,true,,false,false,true,false,false,,,,,,false,false,false,,,false,false,false,false,false,-83.22715,42.3504,"{
  ""coordinates"": [
    -8.322714950499990e+01,
    4.235039519800010e+01
  ],
  ""type"": ""Point""
}","{
  ""coordinates"": [
    -83.227149505,
    42.350395198
  ],
  ""type"": ""Point""
}",-83.2271495049999,42.3503951980001
4197,9403299,E/B I-94,MOROSS,2015-10-23,23,10,2015,16,6,5,1,,1,0,,1,2,1,55,3,2,4,5,0,0,0,0,true,,false,false,false,false,false,,,,,,false,false,false,,,false,false,false,false,false,-82.92972,42.42313,"{
  ""coordinates"": [
    -8.292971950299990e+01,
    4.242313097700000e+01
  ],
  ""type"": ""Point""
}","{
  ""coordinates"": [
    -82.929719503,
    42.423130977
  ],
  ""type"": ""Point""
}",-82.9297195029999,42.423130977
4198,9402728,FRENCH,SHOEMAKER,2015-10-23,23,10,2015,16,6,8,9,,4,3,,1,1,1,25,2,2,1,5,0,0,0,0,true,,false,false,false,false,false,,,,,,false,false,false,,,false,false,false,false,false,-82.99387,42.38948,"{
  ""coordinates"": [
    -8.299387135700000e+01,
    4.238948222500010e+01
  ],
  ""type"": ""Point""
}","{
  ""coordinates"": [
    -82.993871357,
    42.389482225
  ],
  ""type"": ""Point""
}",-82.993871357,42.3894822250001
4199,9402757,GRANDRIVER,SCHAEFER,2015-10-23,23,10,2015,11,6,1,3,,1,0,,1,2,1,35,5,2,3,3,0,0,1,0,false,,false,false,false,false,false,,,,,,true,false,false,,,false,false,false,false,false,-83.17873,42.38475,"{
  ""coordinates"": [
    -8.317872393800000e+01,
    4.238475254000010e+01
  ],
  ""type"": ""Point""
}","{
  ""coordinates"": [
    -83.178723938,
    42.38475254
  ],
  ""type"": ""Point""
}",-83.178723938,42.3847525400001
4200,9402789,CONNER,E/B I-94,2015-10-23,23,10,2015,7,6,8,1,,1,0,,1,1,2,30,3,2,2,5,0,0,0,0,true,,false,false,false,false,false,,,,,,false,true,false,,,false,false,false,false,false,-82.98899,42.39549,"{
  ""coordinates"": [
    -8.298899297700000e+01,
    4.239548843400010e+01
  ],
  ""type"": ""Point""
}","{
  ""coordinates"": [
    -82.988992977,
    42.395488434
  ],
  ""type"": ""Point""
}",-82.988992977,42.3954884340001
4201,9413719,LAPPIN,BELAND,2015-10-23,23,10,2015,13,6,4,9,,,0,,1,1,1,25,1,2,2,4,0,0,0,1,false,,true,false,true,false,false,,,,,,false,false,false,,,false,false,false,false,false,-83.009,42.43634,"{
  ""coordinates"": [
    -8.300900247100000e+01,
    4.243634193800010e+01
  ],
  ""type"": ""Point""
}","{
  ""coordinates"": [
    -83.009002471,
    42.436341938
  ],
  ""type"": ""Point""
}",-83.009002471,42.4363419380001
4202,9403365,7 MILE,BLACKSTONE,2015-10-23,23,10,2015,16,6,5,9,,2,0,,1,1,1,30,4,3,5,4,0,0,0,5,false,,false,false,false,false,false,,,,,,false,false,false,,,false,false,false,false,false,-83.25108,42.42928,"{
  ""coordinates"": [
    -8.325107738299990e+01,
    4.242927907700000e+01
  ],
  ""type"": ""Point""
}","{
  ""coordinates"": [
    -83.251077383,
    42.429279077
  ],
  ""type"": ""Point""
}",-83.2510773829999,42.429279077
4203,9471312,WARREN,24 TH,2015-10-23,23,10,2015,7,6,97,9,,4,0,,1,1,1,25,5,1,1,5,0,0,0,0,true,,false,false,false,false,false,,,,,,false,false,false,,,false,false,false,false,false,-83.1008,42.3451,"{
  ""coordinates"": [
    -8.310079664900000e+01,
    4.234510060600010e+01
  ],
  ""type"": ""Point""
}","{
  ""coordinates"": [
    -83.100796649,
    42.345100606
  ],
  ""type"": ""Point""
}",-83.100796649,42.3451006060001
4204,9403363,CONANT,LAWLEY,2015-10-23,23,10,2015,23,6,5,9,,4,0,,1,1,4,0,2,3,0,5,0,0,0,0,true,,false,false,false,false,false,,,,,,false,false,false,,,false,false,false,false,false,-83.05997,42.4133,"{
  ""coordinates"": [
    -8.305997323100000e+01,
    4.241329596800010e+01
  ],
  ""type"": ""Point""
}","{
  ""coordinates"": [
    -83.059973231,
    42.413295968
  ],
  ""type"": ""Point""
}",-83.059973231,42.4132959680001
4205,9404475,S I 75,RAMP 043C,2015-10-23,23,10,2015,14,6,5,1,,1,0,,1,1,1,20,3,2,2,5,0,0,0,0,true,,false,false,false,false,false,,,,,,false,false,false,,,false,false,true,false,false,-83.04945,42.35318,"{
  ""coordinates"": [
    -8.304945234900001e+01,
    4.235317829700010e+01
  ],
  ""type"": ""Point""
}","{
  ""coordinates"": [
    -83.049452349,
    42.353178297
  ],
  ""type"": ""Point""
}",-83.049452349,42.3531782970001
4206,9405667,HAYES,CARLISLE,2015-10-23,23,10,2015,17,6,4,9,,4,0,,1,1,1,0,2,2,5,5,0,0,0,0,true,,false,false,false,false,false,,,,,,false,false,true,,,false,false,false,false,false,-82.96605,42.449,"{
  ""coordinates"": [
    -8.296604926000001e+01,
    4.244899948400010e+01
  ],
  ""type"": ""Point""
}","{
  ""coordinates"": [
    -82.96604926,
    42.448999484
  ],
  ""type"": ""Point""
}",-82.96604926,42.4489994840001
4207,9403315,S I 75,RAMP 216J,2015-10-23,23,10,2015,12,6,5,1,,1,0,,1,1,1,70,4,2,2,5,0,0,0,0,true,,false,false,false,false,false,,,,,,false,false,true,,,false,false,false,false,false,-83.05878,42.36975,"{
  ""coordinates"": [
    -8.305877495999989e+01,
    4.236974676600000e+01
  ],
  ""type"": ""Point""
}","{
  ""coordinates"": [
    -83.05877496,
    42.369746766
  ],
  ""type"": ""Point""
}",-83.0587749599999,42.369746766
4208,9413697,GUNSTON,KENNEBEC,2015-10-23,23,10,2015,0,6,4,3,,1,0,,1,1,5,30,2,2,2,5,0,0,0,0,true,,true,false,true,false,false,,,,,,false,false,false,,,false,false,false,false,false,-83.00259,42.41938,"{
  ""coordinates"": [
    -8.300258740800000e+01,
    4.241937800200000e+01
  ],
  ""type"": ""Point""
}","{
  ""coordinates"": [
    -83.002587408,
    42.419378002
  ],
  ""type"": ""Point""
}",-83.002587408,42.419378002
4209,9409713,I 75,SCHAEFER,2015-10-23,23,10,2015,20,6,5,1,,1,0,,1,1,4,70,4,2,1,5,0,0,0,0,true,,false,false,false,false,false,,,,,,false,false,true,,,false,false,false,false,false,-83.16321,42.27231,"{
  ""coordinates"": [
    -8.316320604600000e+01,
    4.227231130300000e+01
  ],
  ""type"": ""Point""
}","{
  ""coordinates"": [
    -83.163206046,
    42.272311303
  ],
  ""type"": ""Point""
}",-83.163206046,42.272311303
4210,9404512,OUTER,CURTIS,2015-10-23,23,10,2015,16,6,4,9,,2,0,,1,1,1,35,2,2,3,5,0,0,0,0,true,,true,true,false,false,false,,,,,,false,false,true,,,false,false,false,false,false,-83.17513,42.42392,"{
  ""coordinates"": [
    -8.317512969099990e+01,
    4.242391553400010e+01
  ],
  ""type"": ""Point""
}","{
  ""coordinates"": [
    -83.175129691,
    42.423915534
  ],
  ""type"": ""Point""
}",-83.1751296909999,42.4239155340001
4211,9402723,WOODWARD,GRAND,2015-10-23,23,10,2015,15,6,4,3,,1,0,,1,1,1,35,2,2,4,5,0,0,0,0,true,,false,false,false,false,false,,,,,,false,false,false,,,false,false,false,false,false,-83.07327,42.37017,"{
  ""coordinates"": [
    -8.307326709400000e+01,
    4.237017604500010e+01
  ],
  ""type"": ""Point""
}","{
  ""coordinates"": [
    -83.073267094,
    42.370176045
  ],
  ""type"": ""Point""
}",-83.073267094,42.3701760450001
4212,9413805,FRENCH,WARREN,2015-10-23,23,10,2015,5,6,1,9,,4,1,,1,1,4,30,2,1,1,4,0,0,0,1,false,,false,false,false,false,false,,,,,,false,false,false,,,false,false,false,false,false,-82.99031,42.38441,"{
  ""coordinates"": [
    -8.299031111100000e+01,
    4.238441420800010e+01
  ],
  ""type"": ""Point""
}","{
  ""coordinates"": [
    -82.990311111,
    42.384414208
  ],
  ""type"": ""Point""
}",-82.990311111,42.3844142080001
4213,9421202,PARKWAY,DAVISON,2015-10-23,23,10,2015,21,6,97,9,,,0,,1,1,5,25,1,2,0,5,0,0,0,0,true,,false,false,true,false,false,,,,,,false,false,false,,,false,false,false,false,false,-83.26618,42.38266,"{
  ""coordinates"": [
    -8.326618485099991e+01,
    4.238265808200000e+01
  ],
  ""type"": ""Point""
}","{
  ""coordinates"": [
    -83.266184851,
    42.382658082
  ],
  ""type"": ""Point""
}",-83.2661848509999,42.382658082
4214,9404483,EVERGREEN,CATHEDRAL,2015-10-23,23,10,2015,18,6,1,9,,4,1,,1,1,1,35,4,1,1,4,0,0,0,1,false,,false,false,false,false,false,,,,,,false,false,false,,,false,false,false,false,false,-83.23598,42.3611,"{
  ""coordinates"": [
    -8.323598760999990e+01,
    4.236110187900000e+01
  ],
  ""type"": ""Point""
}","{
  ""coordinates"": [
    -83.23598761,
    42.361101879
  ],
  ""type"": ""Point""
}",-83.2359876099999,42.361101879
4215,9425701,THIRD,FISHER SERVICE,2015-10-23,23,10,2015,16,6,5,9,,4,0,,1,1,1,25,4,3,5,4,0,0,0,2,false,,false,false,false,false,false,,,,,,false,false,true,,,false,false,false,false,false,-83.05986,42.33597,"{
  ""coordinates"": [
    -8.305986269999990e+01,
    4.233596698900000e+01
  ],
  ""type"": ""Point""
}","{
  ""coordinates"": [
    -83.0598627,
    42.335966989
  ],
  ""type"": ""Point""
}",-83.0598626999999,42.335966989
4216,9402742,MT ELLIOTT,HARPER,2015-10-23,23,10,2015,11,6,5,9,,4,0,,1,1,1,25,2,2,2,4,0,0,0,1,false,,false,false,false,false,false,,,,,,false,true,false,,,false,false,false,false,false,-83.03345,42.37897,"{
  ""coordinates"": [
    -8.303344501200000e+01,
    4.237897124500010e+01
  ],
  ""type"": ""Point""
}","{
  ""coordinates"": [
    -83.033445012,
    42.378971245
  ],
  ""type"": ""Point""
}",-83.033445012,42.3789712450001
4217,9413814,7 MILE,STRASBURG,2015-10-23,23,10,2015,8,6,3,9,,4,0,,1,1,1,30,2,2,3,4,0,0,0,1,false,,false,false,false,false,false,,,,,,false,false,false,,,false,false,false,false,false,-82.99851,42.43461,"{
  ""coordinates"": [
    -8.299851469600000e+01,
    4.243460765700010e+01
  ],
  ""type"": ""Point""
}","{
  ""coordinates"": [
    -82.998514696,
    42.434607657
  ],
  ""type"": ""Point""
}",-82.998514696,42.4346076570001
4218,9418936,SCHAEFER,EIGHT MILE,2015-10-23,23,10,2015,17,6,5,3,,4,0,,1,1,1,25,5,2,2,5,0,0,0,0,true,,false,false,true,false,false,,,,,,false,false,false,,,false,false,false,false,false,-83.18099,42.44516,"{
  ""coordinates"": [
    -8.318098997500000e+01,
    4.244516054300000e+01
  ],
  ""type"": ""Point""
}","{
  ""coordinates"": [
    -83.180989975,
    42.445160543
  ],
  ""type"": ""Point""
}",-83.180989975,42.445160543
4219,9403374,MCNICHOLS,SHERWOOD,2015-10-23,23,10,2015,11,6,9,9,,4,2,,1,1,1,30,2,2,1,3,0,0,1,0,false,,false,false,false,false,false,,,,,,false,false,false,,,false,false,false,false,false,-83.03343,42.41928,"{
  ""coordinates"": [
    -8.303343336200000e+01,
    4.241927957600010e+01
  ],
  ""type"": ""Point""
}","{
  ""coordinates"": [
    -83.033433362,
    42.419279576
  ],
  ""type"": ""Point""
}",-83.033433362,42.4192795760001