ObjectId,Crash ID,Primary Road,Intersecting Road,Crash Date,Day,Month,Year,Hour,Weekday,Crash Type Code,Highway Classification Code,Community Code,Jurisdiction Code,Lane Departure Type Code,Surface Type,Road Condition,Weather Condition,Lighting Condition,Speed Limit,Lanes,Units,Occupants,Most Severe Injury,Fatal Injuries,Suspected Serious Injuries,Suspected Minor Injuries,Possible Injuries,Property Damage Only,Secondary Crash,Traffic Control,Red Light Run,Hit and Run,Alcohol,Drugs,Unbelted Person,Work Zone,Speeding Driver,Distracted Driver,Driveway,Pedestrian,Elderly Driver,Young Driver,Commercial Vehicle,Emergency Vehicles,Train,School Bus,Motorcycle,Bicycle,Deer,Longitude,Latitude,geom,geog,x,y
4220,9402619,M-39,WARREN,2015-10-23,23,10,2015,13,6,8,3,,1,0,,1,1,1,55,3,2,2,5,0,0,0,0,true,,false,false,false,false,false,,,,,,false,false,true,,,false,false,false,false,false,-83.21606,42.34392,"{
  ""coordinates"": [
    -8.321605611699989e+01,
    4.234391977400000e+01
  ],
  ""type"": ""Point""
}","{
  ""coordinates"": [
    -83.216056117,
    42.343919774
  ],
  ""type"": ""Point""
}",-83.2160561169999,42.343919774
4221,9403359,MCNICHOLS,ROSEMONT,2015-10-23,23,10,2015,21,6,8,9,,2,3,,1,1,4,35,2,2,1,5,0,0,0,0,true,,false,false,false,false,false,,,,,,false,false,false,,,false,false,false,false,false,-83.22164,42.4155,"{
  ""coordinates"": [
    -8.322164513500000e+01,
    4.241549492800000e+01
  ],
  ""type"": ""Point""
}","{
  ""coordinates"": [
    -83.221645135,
    42.415494928
  ],
  ""type"": ""Point""
}",-83.221645135,42.415494928
4222,9403375,WARREN,CHALMERS,2015-10-23,23,10,2015,14,6,5,9,,4,0,,1,1,1,30,2,2,2,5,0,0,0,0,true,,false,false,false,false,false,,,,,,false,false,false,,,false,false,false,false,false,-82.95888,42.39544,"{
  ""coordinates"": [
    -8.295887424599989e+01,
    4.239543374100000e+01
  ],
  ""type"": ""Point""
}","{
  ""coordinates"": [
    -82.958874246,
    42.395433741
  ],
  ""type"": ""Point""
}",-82.9588742459999,42.395433741
4223,9402733,CAMBRIDGE,MENDOTA,2015-10-23,23,10,2015,4,6,2,9,,,2,,1,1,1,15,1,2,0,5,0,0,0,0,true,,false,false,true,false,false,,,,,,false,false,false,,,false,false,false,false,false,-83.16653,42.43307,"{
  ""coordinates"": [
    -8.316653400099990e+01,
    4.243307642400000e+01
  ],
  ""type"": ""Point""
}","{
  ""coordinates"": [
    -83.166534001,
    42.433076424
  ],
  ""type"": ""Point""
}",-83.1665340009999,42.433076424
4224,9404518,MCNICHOLS,WARD,2015-10-23,23,10,2015,9,6,5,9,,2,0,,1,1,1,35,4,2,2,4,0,0,0,1,false,,false,false,false,false,false,,,,,,false,false,true,,,false,false,false,false,false,-83.17445,42.41663,"{
  ""coordinates"": [
    -8.317444350400000e+01,
    4.241662567900000e+01
  ],
  ""type"": ""Point""
}","{
  ""coordinates"": [
    -83.174443504,
    42.416625679
  ],
  ""type"": ""Point""
}",-83.174443504,42.416625679
4225,9407461,GRINNELL,VAN DYKE,2015-10-23,23,10,2015,12,6,8,3,,4,0,,1,1,1,35,4,2,5,5,0,0,0,0,true,,true,true,true,false,false,,,,,,false,true,false,,,false,false,false,false,false,-83.02295,42.40095,"{
  ""coordinates"": [
    -8.302295263100000e+01,
    4.240095039600000e+01
  ],
  ""type"": ""Point""
}","{
  ""coordinates"": [
    -83.022952631,
    42.400950396
  ],
  ""type"": ""Point""
}",-83.022952631,42.400950396
4226,9413741,N I 75,RAMP 031A,2015-10-23,23,10,2015,20,6,5,1,,1,0,,1,1,4,55,4,2,1,5,0,0,0,0,true,,false,false,true,false,false,,,,,,false,false,false,,,false,false,false,false,false,-83.12184,42.29994,"{
  ""coordinates"": [
    -8.312184504399990e+01,
    4.229993916800000e+01
  ],
  ""type"": ""Point""
}","{
  ""coordinates"": [
    -83.121845044,
    42.299939168
  ],
  ""type"": ""Point""
}",-83.1218450439999,42.299939168
4227,9404503,PEMBROKE,WARRINGTON,2015-10-23,23,10,2015,15,6,8,9,,,0,,1,1,1,25,4,2,2,5,0,0,0,0,true,,false,false,true,false,false,,,,,,false,false,false,,,false,false,false,false,false,-83.14063,42.43885,"{
  ""coordinates"": [
    -8.314062348600000e+01,
    4.243885119900010e+01
  ],
  ""type"": ""Point""
}","{
  ""coordinates"": [
    -83.140623486,
    42.438851199
  ],
  ""type"": ""Point""
}",-83.140623486,42.4388511990001
4228,9432328,N I 75 SERVICE DRIVE,8 MILE,2015-10-23,23,10,2015,9,6,5,1,,1,0,,1,1,1,25,3,2,2,5,0,0,0,0,true,,false,false,false,false,false,,,,,,false,false,true,,,false,false,false,false,false,-83.09435,42.44684,"{
  ""coordinates"": [
    -8.309434533300001e+01,
    4.244684170600000e+01
  ],
  ""type"": ""Point""
}","{
  ""coordinates"": [
    -83.094345333,
    42.446841706
  ],
  ""type"": ""Point""
}",-83.094345333,42.446841706
4229,9403370,TELEGRAPH,8 MILE,2015-10-23,23,10,2015,7,6,5,2,,1,0,,1,1,1,45,3,2,2,5,0,0,0,0,true,,false,false,false,false,false,,,,,,false,false,false,,,false,false,false,false,false,-83.27831,42.4427,"{
  ""coordinates"": [
    -8.327830347299989e+01,
    4.244269586700010e+01
  ],
  ""type"": ""Point""
}","{
  ""coordinates"": [
    -83.278303473,
    42.442695867
  ],
  ""type"": ""Point""
}",-83.2783034729999,42.4426958670001
4230,9403380,SAINT JEAN,WARREN,2015-10-23,23,10,2015,14,6,5,9,,4,0,,1,1,1,30,3,2,1,5,0,0,0,0,true,,false,false,true,false,false,,,,,,false,false,false,,,false,false,false,false,false,-82.98389,42.38734,"{
  ""coordinates"": [
    -8.298389349199989e+01,
    4.238734261200010e+01
  ],
  ""type"": ""Point""
}","{
  ""coordinates"": [
    -82.983893492,
    42.387342612
  ],
  ""type"": ""Point""
}",-82.9838934919999,42.3873426120001
4231,9413806,HARPER,NEWPORT,2015-10-23,23,10,2015,20,6,2,9,,4,0,,1,1,4,0,1,2,2,5,0,0,0,0,true,,false,false,false,false,false,,,,,,false,false,true,,,false,false,false,false,false,-82.96729,42.40387,"{
  ""coordinates"": [
    -8.296728906500000e+01,
    4.240386718400000e+01
  ],
  ""type"": ""Point""
}","{
  ""coordinates"": [
    -82.967289065,
    42.403867184
  ],
  ""type"": ""Point""
}",-82.967289065,42.403867184
4232,9425584,BEAUBIEN,LAFAYETTE,2015-10-23,23,10,2015,19,6,4,9,,4,0,,1,1,4,25,4,2,3,5,0,0,0,0,true,,true,true,false,true,false,,,,,,false,false,true,,,false,false,false,false,false,-83.04197,42.33397,"{
  ""coordinates"": [
    -8.304196861400000e+01,
    4.233397053000000e+01
  ],
  ""type"": ""Point""
}","{
  ""coordinates"": [
    -83.041968614,
    42.33397053
  ],
  ""type"": ""Point""
}",-83.041968614,42.33397053
4233,9413848,JOHN R,PALMER,2015-10-23,23,10,2015,10,6,4,9,,4,0,,1,1,1,30,4,2,2,5,0,0,0,0,true,,false,false,false,false,false,,,,,,false,false,true,,,false,false,false,false,false,-83.06566,42.36296,"{
  ""coordinates"": [
    -8.306566110499990e+01,
    4.236295651600010e+01
  ],
  ""type"": ""Point""
}","{
  ""coordinates"": [
    -83.065661105,
    42.362956516
  ],
  ""type"": ""Point""
}",-83.0656611049999,42.3629565160001
4234,9413811,PEERLESS,MOROSS,2015-10-23,23,10,2015,20,6,4,9,,,0,,1,1,4,25,1,2,1,5,0,0,0,0,true,,false,false,true,false,false,,,,,,false,true,false,,,false,false,false,false,false,-82.93613,42.42647,"{
  ""coordinates"": [
    -8.293612410500000e+01,
    4.242647075800010e+01
  ],
  ""type"": ""Point""
}","{
  ""coordinates"": [
    -82.936124105,
    42.426470758
  ],
  ""type"": ""Point""
}",-82.936124105,42.4264707580001
4235,9402738,DAVISON,LINWOOD,2015-10-23,23,10,2015,15,6,5,3,,1,0,,1,1,1,35,6,2,2,5,0,0,0,0,true,,false,false,false,false,false,,,,,,false,false,true,,,false,false,false,false,false,-83.12235,42.39289,"{
  ""coordinates"": [
    -8.312235446600000e+01,
    4.239289203000000e+01
  ],
  ""type"": ""Point""
}","{
  ""coordinates"": [
    -83.122354466,
    42.39289203
  ],
  ""type"": ""Point""
}",-83.122354466,42.39289203
4236,9403399,TRACEY,CAMBRIDGE,2015-10-23,23,10,2015,22,6,4,9,,,0,,1,2,4,25,2,2,1,5,0,0,0,0,true,,false,false,true,false,false,,,,,,false,false,false,,,false,false,false,false,false,-83.18172,42.43242,"{
  ""coordinates"": [
    -8.318172709700001e+01,
    4.243241556400010e+01
  ],
  ""type"": ""Point""
}","{
  ""coordinates"": [
    -83.181727097,
    42.432415564
  ],
  ""type"": ""Point""
}",-83.181727097,42.4324155640001
4237,9404504,MCNICHOLS,WOODBINE,2015-10-23,23,10,2015,17,6,5,9,,2,0,,1,1,1,0,4,2,4,4,0,0,0,2,false,,false,false,false,false,false,,,,,,false,false,false,,,false,false,false,false,false,-83.27835,42.41451,"{
  ""coordinates"": [
    -8.327834999399990e+01,
    4.241450707900000e+01
  ],
  ""type"": ""Point""
}","{
  ""coordinates"": [
    -83.278349994,
    42.414507079
  ],
  ""type"": ""Point""
}",-83.2783499939999,42.414507079
4238,9407294,I-75,SCHAEFER,2015-10-23,23,10,2015,15,6,5,1,,1,0,,1,1,1,70,4,2,2,5,0,0,0,0,true,,false,false,false,false,false,,,,,,false,false,false,,,false,false,false,false,false,-83.15224,42.27906,"{
  ""coordinates"": [
    -8.315224033600001e+01,
    4.227905569500010e+01
  ],
  ""type"": ""Point""
}","{
  ""coordinates"": [
    -83.152240336,
    42.279055695
  ],
  ""type"": ""Point""
}",-83.152240336,42.2790556950001
4239,9402607,I 94,VAN DYKE,2015-10-23,23,10,2015,7,6,8,1,,1,0,,1,1,2,55,3,2,2,5,0,0,0,0,true,,false,false,false,false,false,,,,,,false,false,false,,,false,false,false,false,false,-83.01687,42.38752,"{
  ""coordinates"": [
    -8.301687185999999e+01,
    4.238752254000010e+01
  ],
  ""type"": ""Point""
}","{
  ""coordinates"": [
    -83.01687186,
    42.38752254
  ],
  ""type"": ""Point""
}",-83.01687186,42.3875225400001
4240,9408603,SEVEN MILE,HICKORY,2015-10-23,23,10,2015,19,6,5,9,,4,0,,1,1,4,35,2,2,1,4,0,0,0,1,false,,false,false,true,false,false,,,,,,false,false,false,,,false,false,false,false,false,-82.98762,42.43486,"{
  ""coordinates"": [
    -8.298761719899990e+01,
    4.243485916300010e+01
  ],
  ""type"": ""Point""
}","{
  ""coordinates"": [
    -82.987617199,
    42.434859163
  ],
  ""type"": ""Point""
}",-82.9876171989999,42.4348591630001
4241,9409902,MOUNT ELLIOTT,HARPER,2015-10-23,23,10,2015,12,6,5,9,,4,0,,1,1,1,25,4,2,2,5,0,0,0,0,true,,false,false,false,false,false,,,,,,false,false,false,,,false,false,false,false,false,-83.03429,42.37958,"{
  ""coordinates"": [
    -8.303428504800000e+01,
    4.237958029700010e+01
  ],
  ""type"": ""Point""
}","{
  ""coordinates"": [
    -83.034285048,
    42.379580297
  ],
  ""type"": ""Point""
}",-83.034285048,42.3795802970001
4242,9402720,FIELDING,WARREN,2015-10-23,23,10,2015,9,6,97,9,,,0,,1,2,1,25,1,2,1,3,0,0,1,0,false,,false,false,false,false,false,,,,,,true,false,false,,,false,false,false,false,false,-83.24018,42.34306,"{
  ""coordinates"": [
    -8.324017867500000e+01,
    4.234305630500010e+01
  ],
  ""type"": ""Point""
}","{
  ""coordinates"": [
    -83.240178675,
    42.343056305
  ],
  ""type"": ""Point""
}",-83.240178675,42.3430563050001
4243,9405679,7 MILE,HAYES,2015-10-23,23,10,2015,20,6,1,9,,2,1,,1,1,4,25,2,2,0,3,0,0,1,0,false,,false,false,true,false,false,,,,,,true,false,false,,,false,false,false,false,false,-82.9655,42.43542,"{
  ""coordinates"": [
    -8.296550165900000e+01,
    4.243542051400000e+01
  ],
  ""type"": ""Point""
}","{
  ""coordinates"": [
    -82.965501659,
    42.435420514
  ],
  ""type"": ""Point""
}",-82.965501659,42.435420514
4244,9402732,DEQUINDRE,EIGHT MILE,2015-10-23,23,10,2015,3,6,4,3,,,0,,1,1,4,35,4,2,2,5,0,0,0,0,true,,true,true,true,false,false,,,,,,false,false,false,,,false,false,false,false,false,-83.08584,42.44696,"{
  ""coordinates"": [
    -8.308583524200000e+01,
    4.244696332800000e+01
  ],
  ""type"": ""Point""
}","{
  ""coordinates"": [
    -83.085835242,
    42.446963328
  ],
  ""type"": ""Point""
}",-83.085835242,42.446963328
4245,9403361,KERCHEVAL,FIELD,2015-10-23,23,10,2015,16,6,5,9,,4,0,,1,1,1,30,5,2,2,5,0,0,0,0,true,,false,false,false,false,false,,,,,,false,false,true,,,false,false,false,false,false,-83.00581,42.3562,"{
  ""coordinates"": [
    -8.300581348799990e+01,
    4.235619592900010e+01
  ],
  ""type"": ""Point""
}","{
  ""coordinates"": [
    -83.005813488,
    42.356195929
  ],
  ""type"": ""Point""
}",-83.0058134879999,42.3561959290001
4246,9404380,JOHN R,EDMUND,2015-10-23,23,10,2015,20,6,97,9,,4,0,,1,1,4,35,4,2,5,4,0,0,0,2,false,,false,false,false,false,false,,,,,,false,false,true,,,false,false,false,false,false,-83.05338,42.34464,"{
  ""coordinates"": [
    -8.305338313100000e+01,
    4.234463820000010e+01
  ],
  ""type"": ""Point""
}","{
  ""coordinates"": [
    -83.053383131,
    42.3446382
  ],
  ""type"": ""Point""
}",-83.053383131,42.3446382000001
4247,9402618,W I 96,GRAND RIVER,2015-10-23,23,10,2015,12,6,1,1,,1,1,,1,1,1,70,4,1,1,4,0,0,0,1,false,,false,false,false,false,false,,,,,,false,false,true,,,false,false,false,false,false,-83.17487,42.38408,"{
  ""coordinates"": [
    -8.317486391800000e+01,
    4.238407744900010e+01
  ],
  ""type"": ""Point""
}","{
  ""coordinates"": [
    -83.174863918,
    42.384077449
  ],
  ""type"": ""Point""
}",-83.174863918,42.3840774490001
4248,9402747,SOUTHFIELD SERVICE,GRAND RIVER,2015-10-23,23,10,2015,10,6,8,3,,1,0,,1,1,1,35,2,2,2,5,0,0,0,0,true,,false,false,false,false,false,,,,,,false,false,false,,,false,false,false,false,false,-83.21819,42.40072,"{
  ""coordinates"": [
    -8.321819508999990e+01,
    4.240072331100000e+01
  ],
  ""type"": ""Point""
}","{
  ""coordinates"": [
    -83.21819509,
    42.400723311
  ],
  ""type"": ""Point""
}",-83.2181950899999,42.400723311
4249,9403367,BEAVERLAND,GLENDALE,2015-10-23,23,10,2015,17,6,4,9,,,0,,1,2,3,15,2,2,2,5,0,0,0,0,true,,false,false,false,true,false,,,,,,false,false,false,,,false,false,false,false,false,-83.265,42.38087,"{
  ""coordinates"": [
    -8.326500238599991e+01,
    4.238086581400010e+01
  ],
  ""type"": ""Point""
}","{
  ""coordinates"": [
    -83.265002386,
    42.380865814
  ],
  ""type"": ""Point""
}",-83.2650023859999,42.3808658140001
4250,9402793,WARREN,EVERGREEN,2015-10-23,23,10,2015,20,6,97,9,,2,0,,1,1,3,35,2,3,5,5,0,0,0,0,true,,false,false,true,false,false,,,,,,false,false,false,,,false,false,false,false,false,-83.23547,42.34312,"{
  ""coordinates"": [
    -8.323547641000000e+01,
    4.234312246400000e+01
  ],
  ""type"": ""Point""
}","{
  ""coordinates"": [
    -83.23547641,
    42.343122464
  ],
  ""type"": ""Point""
}",-83.23547641,42.343122464
4251,9407451,TIREMAN,ROSEMONT,2015-10-23,23,10,2015,9,6,4,9,,4,0,,1,1,1,35,2,2,2,5,0,0,0,0,true,,true,false,false,false,false,,,,,,false,true,false,,,false,false,false,false,false,-83.21864,42.35058,"{
  ""coordinates"": [
    -8.321863174800001e+01,
    4.235058341300000e+01
  ],
  ""type"": ""Point""
}","{
  ""coordinates"": [
    -83.218631748,
    42.350583413
  ],
  ""type"": ""Point""
}",-83.218631748,42.350583413
4252,9403364,VAN DYKE,7 MILE,2015-10-23,23,10,2015,17,6,1,3,,1,0,,1,1,1,35,5,2,2,4,0,0,0,1,false,,false,false,false,false,false,,,,,,true,false,true,,,false,false,false,false,false,-83.02425,42.43384,"{
  ""coordinates"": [
    -8.302424318600001e+01,
    4.243383717100010e+01
  ],
  ""type"": ""Point""
}","{
  ""coordinates"": [
    -83.024243186,
    42.433837171
  ],
  ""type"": ""Point""
}",-83.024243186,42.4338371710001
4253,9404388,EVERGREEN,7 MILE,2015-10-23,23,10,2015,16,6,8,9,,4,0,,1,1,1,25,2,2,3,5,0,0,0,0,true,,false,false,false,false,false,,,,,,false,false,true,,,false,false,false,false,false,-83.23885,42.42954,"{
  ""coordinates"": [
    -8.323885633799991e+01,
    4.242954140500010e+01
  ],
  ""type"": ""Point""
}","{
  ""coordinates"": [
    -83.238856338,
    42.429541405
  ],
  ""type"": ""Point""
}",-83.2388563379999,42.4295414050001
4254,9405700,DEQUINDRE,LANTZ,2015-10-23,23,10,2015,7,6,4,9,,4,0,,2,4,1,30,2,2,2,5,0,0,0,0,true,,false,false,false,false,false,,,,,,false,true,false,,,false,false,false,false,false,-83.08303,42.43772,"{
  ""coordinates"": [
    -8.308303397299990e+01,
    4.243772026300010e+01
  ],
  ""type"": ""Point""
}","{
  ""coordinates"": [
    -83.083033973,
    42.437720263
  ],
  ""type"": ""Point""
}",-83.0830339729999,42.4377202630001
4255,9407469,FAUST,WARREN,2015-10-23,23,10,2015,13,6,97,9,,,0,,1,1,1,25,1,2,0,5,0,0,0,0,true,,false,false,true,false,false,,,,,,false,false,false,,,false,false,false,false,false,-83.22079,42.3433,"{
  ""coordinates"": [
    -8.322078940199999e+01,
    4.234329671700000e+01
  ],
  ""type"": ""Point""
}","{
  ""coordinates"": [
    -83.220789402,
    42.343296717
  ],
  ""type"": ""Point""
}",-83.220789402,42.343296717
4256,9403381,MACK,GARLAND,2015-10-23,23,10,2015,17,6,4,9,,4,0,,1,1,1,30,2,2,3,5,0,0,0,0,true,,false,false,false,false,false,,,,,,false,true,true,,,false,false,false,false,false,-82.98743,42.37511,"{
  ""coordinates"": [
    -8.298743724400001e+01,
    4.237510611600000e+01
  ],
  ""type"": ""Point""
}","{
  ""coordinates"": [
    -82.987437244,
    42.375106116
  ],
  ""type"": ""Point""
}",-82.987437244,42.375106116
4257,9402809,TRACEY,CHIPPEWA,2015-10-23,23,10,2015,21,6,97,9,,,0,,1,1,4,25,2,2,0,5,0,0,0,0,true,,false,false,true,false,false,,,,,,false,false,false,,,false,false,false,false,false,-83.18207,42.44105,"{
  ""coordinates"": [
    -8.318207031900000e+01,
    4.244105274200010e+01
  ],
  ""type"": ""Point""
}","{
  ""coordinates"": [
    -83.182070319,
    42.441052742
  ],
  ""type"": ""Point""
}",-83.182070319,42.4410527420001
4258,9404502,CANTERBURRY,PEMEBROKE,2015-10-23,23,10,2015,15,6,9,9,,,0,,1,1,1,25,2,2,1,5,0,0,0,0,true,,false,false,false,false,false,,,,,,false,false,false,,,false,false,false,false,false,-83.14059,42.43885,"{
  ""coordinates"": [
    -8.314058400300000e+01,
    4.243885179600010e+01
  ],
  ""type"": ""Point""
}","{
  ""coordinates"": [
    -83.140584003,
    42.438851796
  ],
  ""type"": ""Point""
}",-83.140584003,42.4388517960001
4259,9402656,S M 10,SCHAEFER,2015-10-23,23,10,2015,7,6,5,3,,1,0,,1,1,1,55,3,2,3,5,0,0,0,0,true,,false,false,false,false,false,,,,,,false,false,true,,,false,false,false,false,false,-83.18026,42.4249,"{
  ""coordinates"": [
    -8.318026011900000e+01,
    4.242489841400000e+01
  ],
  ""type"": ""Point""
}","{
  ""coordinates"": [
    -83.180260119,
    42.424898414
  ],
  ""type"": ""Point""
}",-83.180260119,42.424898414
4260,9402654,NB I-275,WARREN,2015-10-23,23,10,2015,7,6,5,1,,1,0,,1,1,1,70,3,2,4,5,0,0,0,0,true,,false,false,false,false,false,,,,,,false,false,true,,,false,false,false,false,false,-83.05497,42.36216,"{
  ""coordinates"": [
    -8.305496951700000e+01,
    4.236216308700010e+01
  ],
  ""type"": ""Point""
}","{
  ""coordinates"": [
    -83.054969517,
    42.362163087
  ],
  ""type"": ""Point""
}",-83.054969517,42.3621630870001
4261,9405476,WB I-94,LINWOOD,2015-10-23,23,10,2015,10,6,8,1,,1,0,,1,1,1,55,3,2,28,5,0,0,0,0,true,,false,false,false,false,false,,,,,,false,false,false,,,false,false,false,false,false,-83.09558,42.35134,"{
  ""coordinates"": [
    -8.309558189200000e+01,
    4.235134036800010e+01
  ],
  ""type"": ""Point""
}","{
  ""coordinates"": [
    -83.095581892,
    42.351340368
  ],
  ""type"": ""Point""
}",-83.095581892,42.3513403680001
4262,9403392,MCNICHOLS,MCDOUGALL,2015-10-23,23,10,2015,16,6,4,9,,4,0,,1,1,1,30,4,2,2,4,0,0,0,1,false,,true,true,true,false,false,,,,,,false,true,false,,,false,false,false,false,false,-83.06986,42.41862,"{
  ""coordinates"": [
    -8.306986082400000e+01,
    4.241861894400010e+01
  ],
  ""type"": ""Point""
}","{
  ""coordinates"": [
    -83.069860824,
    42.418618944
  ],
  ""type"": ""Point""
}",-83.069860824,42.4186189440001
4263,9402802,W I 96 CD,KENTFIELD,2015-10-23,23,10,2015,7,6,8,1,,1,0,,1,1,1,35,3,2,4,5,0,0,0,0,true,,false,false,false,false,false,,,,,,false,false,false,,,false,false,false,false,false,-83.23933,42.38288,"{
  ""coordinates"": [
    -8.323933050300001e+01,
    4.238288636000000e+01
  ],
  ""type"": ""Point""
}","{
  ""coordinates"": [
    -83.239330503,
    42.38288636
  ],
  ""type"": ""Point""
}",-83.239330503,42.38288636
4264,9403386,GRATIOT,FRENCH,2015-10-23,23,10,2015,19,6,4,3,,1,0,,1,1,4,30,6,2,2,4,0,0,0,2,false,,true,true,false,false,false,,,,,,false,false,false,,,false,false,false,false,false,-83.00043,42.40041,"{
  ""coordinates"": [
    -8.300043449400000e+01,
    4.240040561400010e+01
  ],
  ""type"": ""Point""
}","{
  ""coordinates"": [
    -83.000434494,
    42.400405614
  ],
  ""type"": ""Point""
}",-83.000434494,42.4004056140001
4265,9402739,GRANDRIVER,MEYERS,2015-10-23,23,10,2015,9,6,4,3,,1,0,,1,1,1,35,7,2,2,5,0,0,0,0,true,,false,false,false,false,false,,,,,,false,false,false,,,false,false,false,false,false,-83.16821,42.3805,"{
  ""coordinates"": [
    -8.316820724800000e+01,
    4.238050184200010e+01
  ],
  ""type"": ""Point""
}","{
  ""coordinates"": [
    -83.168207248,
    42.380501842
  ],
  ""type"": ""Point""
}",-83.168207248,42.3805018420001
4266,9406516,DEXTER,JOY,2015-10-22,22,10,2015,15,5,4,9,,4,0,,1,1,1,30,2,2,4,4,0,0,0,1,false,,true,true,false,false,false,,,,,,false,false,true,,,false,false,false,false,false,-83.11762,42.37015,"{
  ""coordinates"": [
    -8.311762265700000e+01,
    4.237014794400010e+01
  ],
  ""type"": ""Point""
}","{
  ""coordinates"": [
    -83.117622657,
    42.370147944
  ],
  ""type"": ""Point""
}",-83.117622657,42.3701479440001
4267,9406451,OUTER,CONANT,2015-10-22,22,10,2015,14,5,97,9,,2,0,,1,1,1,25,2,3,2,5,0,0,0,0,true,,false,false,true,false,false,,,,,,false,true,false,,,false,false,false,false,false,-83.07877,42.44007,"{
  ""coordinates"": [
    -8.307876453499991e+01,
    4.244006616100010e+01
  ],
  ""type"": ""Point""
}","{
  ""coordinates"": [
    -83.078764535,
    42.440066161
  ],
  ""type"": ""Point""
}",-83.0787645349999,42.4400661610001
4268,9404179,M 10,CLAIRMOUNT,2015-10-22,22,10,2015,16,5,5,3,,1,0,,1,1,1,55,4,2,5,4,0,0,0,2,false,,false,false,false,false,false,,,,,,false,false,false,,,false,false,false,false,false,-83.08669,42.37454,"{
  ""coordinates"": [
    -8.308668909799999e+01,
    4.237454255900010e+01
  ],
  ""type"": ""Point""
}","{
  ""coordinates"": [
    -83.086689098,
    42.374542559
  ],
  ""type"": ""Point""
}",-83.086689098,42.3745425590001
4269,9402804,GABLE,ROBINWOOD,2015-10-22,22,10,2015,16,5,4,9,,,0,,1,1,1,25,2,2,2,5,0,0,0,0,true,,false,false,true,false,false,,,,,,false,false,false,,,false,false,false,false,false,-83.04264,42.43172,"{
  ""coordinates"": [
    -8.304264291299999e+01,
    4.243172084800010e+01
  ],
  ""type"": ""Point""
}","{
  ""coordinates"": [
    -83.042642913,
    42.431720848
  ],
  ""type"": ""Point""
}",-83.042642913,42.4317208480001
4270,9405490,EB I-94,LODGE,2015-10-22,22,10,2015,19,5,5,1,,1,0,,1,1,1,55,3,2,2,5,0,0,0,0,true,,false,false,false,false,false,,,,,,false,false,true,,,false,false,false,false,false,-83.08026,42.35645,"{
  ""coordinates"": [
    -8.308026256600000e+01,
    4.235644828600000e+01
  ],
  ""type"": ""Point""
}","{
  ""coordinates"": [
    -83.080262566,
    42.356448286
  ],
  ""type"": ""Point""
}",-83.080262566,42.356448286
4271,9404517,SCHAEFER,OUTER,2015-10-22,22,10,2015,15,5,5,9,,4,0,,1,1,1,30,4,3,3,5,0,0,0,0,true,,false,false,false,false,false,,,,,,false,false,true,,,false,false,false,false,false,-83.17993,42.41943,"{
  ""coordinates"": [
    -8.317993025500000e+01,
    4.241942711500010e+01
  ],
  ""type"": ""Point""
}","{
  ""coordinates"": [
    -83.179930255,
    42.419427115
  ],
  ""type"": ""Point""
}",-83.179930255,42.4194271150001
4272,9402729,JOHN R,NEVADA,2015-10-22,22,10,2015,18,5,5,9,,4,0,,1,1,1,35,1,2,1,5,0,0,0,0,true,,false,false,false,false,false,,,,,,false,false,false,,,false,false,false,false,false,-83.10206,42.4248,"{
  ""coordinates"": [
    -8.310206099800000e+01,
    4.242479764700000e+01
  ],
  ""type"": ""Point""
}","{
  ""coordinates"": [
    -83.102060998,
    42.424797647
  ],
  ""type"": ""Point""
}",-83.102060998,42.424797647
4273,9404173,E I 94,RAMP 217C,2015-10-22,22,10,2015,7,5,8,1,,1,0,,1,2,1,55,3,2,2,4,0,0,0,1,false,,false,false,false,false,false,,,,,,false,false,false,,,false,false,false,false,false,-83.04217,42.37584,"{
  ""coordinates"": [
    -8.304217098200000e+01,
    4.237583547800010e+01
  ],
  ""type"": ""Point""
}","{
  ""coordinates"": [
    -83.042170982,
    42.375835478
  ],
  ""type"": ""Point""
}",-83.042170982,42.3758354780001
4274,9402735,EIGHT MILE,HOOVER,2015-10-22,22,10,2015,14,5,5,3,,1,0,,1,1,1,35,5,2,2,5,0,0,0,0,true,,false,false,false,false,false,,,,,,false,false,false,,,false,false,false,false,false,-83.00723,42.44873,"{
  ""coordinates"": [
    -8.300722545799989e+01,
    4.244872632100000e+01
  ],
  ""type"": ""Point""
}","{
  ""coordinates"": [
    -83.007225458,
    42.448726321
  ],
  ""type"": ""Point""
}",-83.0072254579999,42.448726321
4275,9402792,ABINGTON,WARREN,2015-10-22,22,10,2015,5,5,97,9,,,0,,1,1,2,25,2,2,0,5,0,0,0,0,true,,false,false,true,false,false,,,,,,false,false,false,,,false,false,false,false,false,-83.20973,42.34209,"{
  ""coordinates"": [
    -8.320973096800000e+01,
    4.234209048100010e+01
  ],
  ""type"": ""Point""
}","{
  ""coordinates"": [
    -83.209730968,
    42.342090481
  ],
  ""type"": ""Point""
}",-83.209730968,42.3420904810001
4276,9444956,N I 375,LARNED,2015-10-22,22,10,2015,6,5,3,1,,1,0,,1,1,1,30,7,2,2,5,0,0,0,0,true,,false,false,true,false,false,,,,,,false,false,false,,,false,false,false,false,false,-83.03621,42.33342,"{
  ""coordinates"": [
    -8.303620729200000e+01,
    4.233342344900010e+01
  ],
  ""type"": ""Point""
}","{
  ""coordinates"": [
    -83.036207292,
    42.333423449
  ],
  ""type"": ""Point""
}",-83.036207292,42.3334234490001