ObjectId,Crash ID,Primary Road,Intersecting Road,Crash Date,Day,Month,Year,Hour,Weekday,Crash Type Code,Highway Classification Code,Community Code,Jurisdiction Code,Lane Departure Type Code,Surface Type,Road Condition,Weather Condition,Lighting Condition,Speed Limit,Lanes,Units,Occupants,Most Severe Injury,Fatal Injuries,Suspected Serious Injuries,Suspected Minor Injuries,Possible Injuries,Property Damage Only,Secondary Crash,Traffic Control,Red Light Run,Hit and Run,Alcohol,Drugs,Unbelted Person,Work Zone,Speeding Driver,Distracted Driver,Driveway,Pedestrian,Elderly Driver,Young Driver,Commercial Vehicle,Emergency Vehicles,Train,School Bus,Motorcycle,Bicycle,Deer,Longitude,Latitude,geom,geog,x,y
4277,9612646,TRUMBULL,LAFAYETTE,2015-10-22,22,10,2015,2,5,5,9,,4,0,,1,1,4,30,4,2,3,5,0,0,0,0,true,,false,false,false,false,false,,,,,,false,false,false,,,false,false,false,false,false,-83.06236,42.32547,"{
  ""coordinates"": [
    -8.306235677799999e+01,
    4.232547164100000e+01
  ],
  ""type"": ""Point""
}","{
  ""coordinates"": [
    -83.062356778,
    42.325471641
  ],
  ""type"": ""Point""
}",-83.062356778,42.325471641
4278,9421217,GRATIOT,7 MILE,2015-10-22,22,10,2015,0,5,97,3,,1,0,,1,1,4,35,4,2,1,5,0,0,0,0,true,,true,true,true,false,false,,,,,,true,false,false,,,false,false,false,false,false,-82.97769,42.43506,"{
  ""coordinates"": [
    -8.297769543399990e+01,
    4.243506294800010e+01
  ],
  ""type"": ""Point""
}","{
  ""coordinates"": [
    -82.977695434,
    42.435062948
  ],
  ""type"": ""Point""
}",-82.9776954339999,42.4350629480001
4279,9404200,N/B M 39,PLYMOUTH,2015-10-22,22,10,2015,15,5,5,3,,1,0,,1,1,1,55,3,3,2,4,0,0,0,2,false,,false,false,true,false,false,,,,,,false,false,true,,,false,false,false,false,false,-83.21655,42.37143,"{
  ""coordinates"": [
    -8.321654260699999e+01,
    4.237142718200000e+01
  ],
  ""type"": ""Point""
}","{
  ""coordinates"": [
    -83.216542607,
    42.371427182
  ],
  ""type"": ""Point""
}",-83.216542607,42.371427182
4280,9407462,PEERLESS,CASINO,2015-10-22,22,10,2015,19,5,1,9,,,0,,1,2,4,25,4,1,0,5,0,0,0,0,true,,false,false,true,false,false,,,,,,false,false,false,,,false,false,false,false,false,-82.93835,42.42361,"{
  ""coordinates"": [
    -8.293835486499999e+01,
    4.242360670800010e+01
  ],
  ""type"": ""Point""
}","{
  ""coordinates"": [
    -82.938354865,
    42.423606708
  ],
  ""type"": ""Point""
}",-82.938354865,42.4236067080001
4281,9402790,KERCHEVAL,PHILLIP,2015-10-22,22,10,2015,19,5,4,9,,4,0,,1,1,4,30,4,2,4,4,0,0,0,1,false,,false,false,false,false,false,,,,,,false,false,true,,,false,false,false,false,false,-82.94601,42.37943,"{
  ""coordinates"": [
    -8.294600538899989e+01,
    4.237942811400010e+01
  ],
  ""type"": ""Point""
}","{
  ""coordinates"": [
    -82.946005389,
    42.379428114
  ],
  ""type"": ""Point""
}",-82.9460053889999,42.3794281140001
4282,9434253,MACK,SAINT JEAN,2015-10-22,22,10,2015,1,5,4,9,,4,0,,1,1,4,30,4,2,1,2,0,1,1,0,false,,true,true,true,false,false,,,,,,false,false,false,,,false,false,false,false,false,-82.97858,42.37914,"{
  ""coordinates"": [
    -8.297857850400000e+01,
    4.237913530600010e+01
  ],
  ""type"": ""Point""
}","{
  ""coordinates"": [
    -82.978578504,
    42.379135306
  ],
  ""type"": ""Point""
}",-82.978578504,42.3791353060001
4283,9406512,7 MILE,GREENVIEW,2015-10-22,22,10,2015,20,5,4,9,,2,0,,1,1,4,30,4,2,4,4,0,0,0,2,false,,false,false,true,false,false,,,,,,false,false,false,,,false,false,false,false,false,-83.22538,42.4299,"{
  ""coordinates"": [
    -8.322538253000000e+01,
    4.242990103600000e+01
  ],
  ""type"": ""Point""
}","{
  ""coordinates"": [
    -83.22538253,
    42.429901036
  ],
  ""type"": ""Point""
}",-83.22538253,42.429901036
4284,9408465,N/B M 10,CLAIRMOUNT,2015-10-22,22,10,2015,17,5,5,3,,1,0,,1,1,1,55,3,3,5,5,0,0,0,0,true,,false,false,false,false,false,,,,,,false,false,false,,,false,false,false,false,false,-83.08801,42.37648,"{
  ""coordinates"": [
    -8.308801089799989e+01,
    4.237648376300010e+01
  ],
  ""type"": ""Point""
}","{
  ""coordinates"": [
    -83.088010898,
    42.376483763
  ],
  ""type"": ""Point""
}",-83.0880108979999,42.3764837630001
4285,9404255,I-94,I-96,2015-10-22,22,10,2015,7,5,5,1,,1,0,,1,1,1,55,2,2,2,5,0,0,0,0,true,,false,false,false,false,false,,,,,,false,false,true,,,false,false,false,false,false,-83.0972,42.3507,"{
  ""coordinates"": [
    -8.309719479800000e+01,
    4.235069779000000e+01
  ],
  ""type"": ""Point""
}","{
  ""coordinates"": [
    -83.097194798,
    42.35069779
  ],
  ""type"": ""Point""
}",-83.097194798,42.35069779
4286,9404379,CURTIS,OUTER,2015-10-22,22,10,2015,8,5,97,9,,4,0,,1,1,1,25,2,2,5,5,0,0,0,0,true,,false,false,false,false,false,,,,,,false,false,false,,,false,false,false,false,false,-83.17532,42.42391,"{
  ""coordinates"": [
    -8.317532507000000e+01,
    4.242391205200000e+01
  ],
  ""type"": ""Point""
}","{
  ""coordinates"": [
    -83.17532507,
    42.423912052
  ],
  ""type"": ""Point""
}",-83.17532507,42.423912052
4287,9413759,SCHAEFER,ANNABELLE,2015-10-22,22,10,2015,7,5,2,9,,2,0,,1,2,4,30,4,2,2,5,0,0,0,0,true,,false,false,true,false,false,,,,,,false,false,false,,,false,false,false,false,false,-83.15059,42.27496,"{
  ""coordinates"": [
    -8.315058751600000e+01,
    4.227495995000000e+01
  ],
  ""type"": ""Point""
}","{
  ""coordinates"": [
    -83.150587516,
    42.27495995
  ],
  ""type"": ""Point""
}",-83.150587516,42.27495995
4288,9405487,I94,I75,2015-10-22,22,10,2015,18,5,5,1,,1,0,,1,1,1,55,3,2,2,5,0,0,0,0,true,,false,false,false,false,false,,,,,,false,false,true,,,false,false,false,false,false,-83.05649,42.36948,"{
  ""coordinates"": [
    -8.305649126000000e+01,
    4.236948472500010e+01
  ],
  ""type"": ""Point""
}","{
  ""coordinates"": [
    -83.05649126,
    42.369484725
  ],
  ""type"": ""Point""
}",-83.05649126,42.3694847250001
4289,9413705,BEARD,CHATFIELD,2015-10-22,22,10,2015,15,5,9,9,,,0,,1,1,1,25,1,2,2,5,0,0,0,0,true,,false,false,false,false,false,,,,,,false,false,true,,,false,false,false,false,false,-83.11494,42.30931,"{
  ""coordinates"": [
    -8.311493792499989e+01,
    4.230931338500010e+01
  ],
  ""type"": ""Point""
}","{
  ""coordinates"": [
    -83.114937925,
    42.309313385
  ],
  ""type"": ""Point""
}",-83.1149379249999,42.3093133850001
4290,9404174,I-75,WILKENS,2015-10-22,22,10,2015,16,5,5,1,,1,0,,1,1,1,55,5,2,3,5,0,0,0,0,true,,false,false,false,false,false,,,,,,false,false,false,,,false,false,false,false,false,-83.04514,42.34664,"{
  ""coordinates"": [
    -8.304513580100000e+01,
    4.234664119300000e+01
  ],
  ""type"": ""Point""
}","{
  ""coordinates"": [
    -83.045135801,
    42.346641193
  ],
  ""type"": ""Point""
}",-83.045135801,42.346641193
4291,9406452,HUBBELL,JOY,2015-10-22,22,10,2015,13,5,9,9,,4,2,,1,1,1,0,2,3,0,5,0,0,0,0,true,,false,false,false,false,false,,,,,,false,false,false,,,false,false,false,false,false,-83.18733,42.36108,"{
  ""coordinates"": [
    -8.318732954799999e+01,
    4.236108241800010e+01
  ],
  ""type"": ""Point""
}","{
  ""coordinates"": [
    -83.187329548,
    42.361082418
  ],
  ""type"": ""Point""
}",-83.187329548,42.3610824180001
4292,9406508,MCNICHOLS,TRINITY,2015-10-22,22,10,2015,17,5,4,9,,2,0,,1,1,1,35,2,2,3,5,0,0,0,0,true,,true,true,false,false,false,,,,,,false,false,true,,,false,false,false,false,false,-83.24894,42.41472,"{
  ""coordinates"": [
    -8.324893570300000e+01,
    4.241472398100010e+01
  ],
  ""type"": ""Point""
}","{
  ""coordinates"": [
    -83.248935703,
    42.414723981
  ],
  ""type"": ""Point""
}",-83.248935703,42.4147239810001
4293,9402785,FORT,BEAUBIEN,2015-10-22,22,10,2015,22,5,8,9,,4,0,,1,1,4,30,2,2,0,5,0,0,0,0,true,,false,false,true,false,false,,,,,,false,false,false,,,false,false,false,false,false,-83.04192,42.33297,"{
  ""coordinates"": [
    -8.304191382099999e+01,
    4.233296752100010e+01
  ],
  ""type"": ""Point""
}","{
  ""coordinates"": [
    -83.041913821,
    42.332967521
  ],
  ""type"": ""Point""
}",-83.041913821,42.3329675210001
4294,9405485,I-375,GRATIOT,2015-10-22,22,10,2015,15,5,1,1,,1,1,,1,1,1,55,3,1,1,5,0,0,0,0,true,,false,false,false,false,false,,,,,,false,true,false,,,false,false,false,false,false,-83.04011,42.33913,"{
  ""coordinates"": [
    -8.304011103200000e+01,
    4.233912737300010e+01
  ],
  ""type"": ""Point""
}","{
  ""coordinates"": [
    -83.040111032,
    42.339127373
  ],
  ""type"": ""Point""
}",-83.040111032,42.3391273730001
4295,9413764,MCGRAW,ELMER,2015-10-22,22,10,2015,23,5,7,9,,4,0,,1,1,4,45,2,2,3,5,0,0,0,0,true,,false,false,false,false,false,,,,,,false,true,false,,,false,false,false,false,false,-83.14448,42.334,"{
  ""coordinates"": [
    -8.314447495800000e+01,
    4.233399491300000e+01
  ],
  ""type"": ""Point""
}","{
  ""coordinates"": [
    -83.144474958,
    42.333994913
  ],
  ""type"": ""Point""
}",-83.144474958,42.333994913
4296,9403362,MCNICHOLS,MURRAYHILL,2015-10-22,22,10,2015,18,5,8,9,,2,0,,1,1,1,0,2,2,1,5,0,0,0,0,true,,false,false,true,false,false,,,,,,false,false,false,,,false,false,false,false,false,-83.20795,42.41578,"{
  ""coordinates"": [
    -8.320795258299999e+01,
    4.241578392900000e+01
  ],
  ""type"": ""Point""
}","{
  ""coordinates"": [
    -83.207952583,
    42.415783929
  ],
  ""type"": ""Point""
}",-83.207952583,42.415783929
4297,9402806,S I 75 SERVICE DRIVE,8 MILE,2015-10-22,22,10,2015,16,5,2,1,,1,0,,1,1,1,20,6,2,2,4,0,0,0,1,false,,false,false,false,false,false,,,,,,false,false,false,,,false,false,false,false,false,-83.09531,42.4468,"{
  ""coordinates"": [
    -8.309530956299990e+01,
    4.244680316200000e+01
  ],
  ""type"": ""Point""
}","{
  ""coordinates"": [
    -83.095309563,
    42.446803162
  ],
  ""type"": ""Point""
}",-83.0953095629999,42.446803162
4298,9413706,DRAGOON,ARMY,2015-10-22,22,10,2015,3,5,9,9,,4,0,,1,1,2,25,2,2,1,5,0,0,0,0,true,,false,false,false,false,false,,,,,,false,false,false,,,false,false,false,false,false,-83.10491,42.31084,"{
  ""coordinates"": [
    -8.310490941200000e+01,
    4.231083711800010e+01
  ],
  ""type"": ""Point""
}","{
  ""coordinates"": [
    -83.104909412,
    42.310837118
  ],
  ""type"": ""Point""
}",-83.104909412,42.3108371180001
4299,9413803,HAYES,HOUSTON WHITTIER,2015-10-22,22,10,2015,16,5,5,9,,4,0,,1,1,1,30,8,3,3,3,0,0,1,1,false,,false,false,false,false,false,,,,,,false,true,true,,,false,false,false,false,false,-82.96503,42.4207,"{
  ""coordinates"": [
    -8.296502378500000e+01,
    4.242070072100010e+01
  ],
  ""type"": ""Point""
}","{
  ""coordinates"": [
    -82.965023785,
    42.420700721
  ],
  ""type"": ""Point""
}",-82.965023785,42.4207007210001
4300,9406505,N M 39,PLYMOUTH,2015-10-22,22,10,2015,9,5,5,3,,1,0,,1,1,1,55,3,2,3,4,0,0,0,1,false,,false,false,false,false,false,,,,,,false,false,false,,,false,false,false,false,false,-83.21658,42.37225,"{
  ""coordinates"": [
    -8.321657668700000e+01,
    4.237225510400000e+01
  ],
  ""type"": ""Point""
}","{
  ""coordinates"": [
    -83.216576687,
    42.372255104
  ],
  ""type"": ""Point""
}",-83.216576687,42.372255104
4301,9408629,RANDOLPH,LARNED,2015-10-22,22,10,2015,14,5,6,3,,1,0,,1,1,1,25,2,2,2,5,0,0,0,0,true,,false,false,false,false,false,,,,,,false,false,false,,,false,false,false,false,false,-83.04267,42.33052,"{
  ""coordinates"": [
    -8.304267037300001e+01,
    4.233051813800010e+01
  ],
  ""type"": ""Point""
}","{
  ""coordinates"": [
    -83.042670373,
    42.330518138
  ],
  ""type"": ""Point""
}",-83.042670373,42.3305181380001
4302,9413740,DRAGOON,ARMY,2015-10-22,22,10,2015,2,5,5,9,,4,3,,1,4,3,25,5,2,0,5,0,0,0,0,true,,false,false,true,false,false,,,,,,false,false,false,,,false,false,false,false,false,-83.10483,42.31072,"{
  ""coordinates"": [
    -8.310482647899990e+01,
    4.231072255000000e+01
  ],
  ""type"": ""Point""
}","{
  ""coordinates"": [
    -83.104826479,
    42.31072255
  ],
  ""type"": ""Point""
}",-83.1048264789999,42.31072255
4303,9404244,E/B I 96,EVERGREEN,2015-10-22,22,10,2015,16,5,5,1,,1,0,,1,1,1,55,2,2,3,5,0,0,0,0,true,,false,false,true,false,false,,,,,,false,false,false,,,false,false,false,false,false,-83.23264,42.37823,"{
  ""coordinates"": [
    -8.323264253100000e+01,
    4.237823112700000e+01
  ],
  ""type"": ""Point""
}","{
  ""coordinates"": [
    -83.232642531,
    42.378231127
  ],
  ""type"": ""Point""
}",-83.232642531,42.378231127
4304,9410851,W I 94,RAMP 217H,2015-10-22,22,10,2015,16,5,7,1,,1,0,,1,1,1,70,3,2,2,5,0,0,0,0,true,,false,false,false,false,false,,,,,,false,false,false,,,false,false,false,false,false,-83.04193,42.37608,"{
  ""coordinates"": [
    -8.304193433499999e+01,
    4.237607580500000e+01
  ],
  ""type"": ""Point""
}","{
  ""coordinates"": [
    -83.041934335,
    42.376075805
  ],
  ""type"": ""Point""
}",-83.041934335,42.376075805
4305,9406521,OUTER,GALLAGHER,2015-10-22,22,10,2015,7,5,6,9,,2,0,,1,1,5,35,2,2,2,4,0,0,0,1,false,,false,false,false,false,false,,,,,,false,false,false,,,false,false,false,false,false,-83.07063,42.4402,"{
  ""coordinates"": [
    -8.307063050999990e+01,
    4.244020578900010e+01
  ],
  ""type"": ""Point""
}","{
  ""coordinates"": [
    -83.07063051,
    42.440205789
  ],
  ""type"": ""Point""
}",-83.0706305099999,42.4402057890001
4306,9405486,I75,MCNICHOLS,2015-10-22,22,10,2015,18,5,5,1,,1,0,,1,1,1,70,4,2,2,5,0,0,0,0,true,,false,false,false,false,false,,,,,,false,false,true,,,false,false,false,false,false,-83.08983,42.4207,"{
  ""coordinates"": [
    -8.308983140200000e+01,
    4.242069612900010e+01
  ],
  ""type"": ""Point""
}","{
  ""coordinates"": [
    -83.089831402,
    42.420696129
  ],
  ""type"": ""Point""
}",-83.089831402,42.4206961290001
4307,9406485,GREENFIELD,CHALFONTE,2015-10-22,22,10,2015,17,5,5,9,,2,0,,1,1,1,35,4,2,3,4,0,0,0,1,false,,false,false,false,false,false,,,,,,false,false,true,,,false,false,false,false,false,-83.19861,42.39875,"{
  ""coordinates"": [
    -8.319860820600000e+01,
    4.239875342300010e+01
  ],
  ""type"": ""Point""
}","{
  ""coordinates"": [
    -83.198608206,
    42.398753423
  ],
  ""type"": ""Point""
}",-83.198608206,42.3987534230001
4308,9406457,LARNED,N I 375 SERVICE DRIVE,2015-10-22,22,10,2015,15,5,3,9,,4,0,,1,1,1,30,8,2,2,4,0,0,0,2,false,,false,false,true,false,false,,,,,,false,true,false,,,false,false,false,false,false,-83.0359,42.33363,"{
  ""coordinates"": [
    -8.303590682500000e+01,
    4.233363070700010e+01
  ],
  ""type"": ""Point""
}","{
  ""coordinates"": [
    -83.035906825,
    42.333630707
  ],
  ""type"": ""Point""
}",-83.035906825,42.3336307070001
4309,9403395,PURITAN,OHIO,2015-10-22,22,10,2015,18,5,4,9,,4,0,,1,1,4,25,2,2,1,5,0,0,0,0,true,,false,false,true,false,false,,,,,,false,false,false,,,false,false,false,false,false,-83.15564,42.40975,"{
  ""coordinates"": [
    -8.315564124600000e+01,
    4.240975124200000e+01
  ],
  ""type"": ""Point""
}","{
  ""coordinates"": [
    -83.155641246,
    42.409751242
  ],
  ""type"": ""Point""
}",-83.155641246,42.409751242
4310,9403390,PREVOST,PICKFORD,2015-10-22,22,10,2015,18,5,4,9,,,0,,1,1,2,25,2,2,2,5,0,0,0,0,true,,false,false,false,false,false,,,,,,false,false,false,,,false,false,false,false,false,-83.20386,42.42488,"{
  ""coordinates"": [
    -8.320385624799999e+01,
    4.242488022200010e+01
  ],
  ""type"": ""Point""
}","{
  ""coordinates"": [
    -83.203856248,
    42.424880222
  ],
  ""type"": ""Point""
}",-83.203856248,42.4248802220001
4311,9404228,I-75,VERNOR,2015-10-22,22,10,2015,8,5,5,1,,1,0,,1,2,1,55,4,2,1,5,0,0,0,0,true,,false,false,true,false,false,,,,,,false,false,false,,,false,false,false,false,false,-83.08266,42.32365,"{
  ""coordinates"": [
    -8.308265428800000e+01,
    4.232364517700010e+01
  ],
  ""type"": ""Point""
}","{
  ""coordinates"": [
    -83.082654288,
    42.323645177
  ],
  ""type"": ""Point""
}",-83.082654288,42.3236451770001
4312,9402722,CONGRESS,S I 375 SERVICE DRIVE,2015-10-22,22,10,2015,8,5,8,9,,4,0,,1,1,1,0,2,2,2,5,0,0,0,0,true,,false,false,false,false,false,,,,,,false,false,true,,,false,false,false,false,false,-83.03683,42.33325,"{
  ""coordinates"": [
    -8.303683145500000e+01,
    4.233325367400000e+01
  ],
  ""type"": ""Point""
}","{
  ""coordinates"": [
    -83.036831455,
    42.333253674
  ],
  ""type"": ""Point""
}",-83.036831455,42.333253674
4313,9406382,WB I-94,MOROSS,2015-10-22,22,10,2015,9,5,5,1,,1,0,,1,2,1,55,3,2,4,5,0,0,0,0,true,,false,false,false,false,false,,,,,,false,false,false,,,false,false,false,false,false,-82.92812,42.42546,"{
  ""coordinates"": [
    -8.292811437700000e+01,
    4.242545955600010e+01
  ],
  ""type"": ""Point""
}","{
  ""coordinates"": [
    -82.928114377,
    42.425459556
  ],
  ""type"": ""Point""
}",-82.928114377,42.4254595560001
4314,9421216,8 MILE,SCHOENHERR,2015-10-22,22,10,2015,22,5,7,3,,1,0,,1,1,4,40,4,2,4,4,0,0,0,1,false,,false,false,false,false,false,,,,,,false,false,true,,,false,false,false,false,false,-82.98567,42.44928,"{
  ""coordinates"": [
    -8.298566944600000e+01,
    4.244927811900000e+01
  ],
  ""type"": ""Point""
}","{
  ""coordinates"": [
    -82.985669446,
    42.449278119
  ],
  ""type"": ""Point""
}",-82.985669446,42.449278119
4315,9404229,I-96,M-39,2015-10-22,22,10,2015,17,5,5,1,,1,0,,1,1,1,55,2,2,2,4,0,0,0,1,false,,false,false,false,false,false,,,,,,false,false,true,,,false,false,false,false,false,-83.21893,42.37857,"{
  ""coordinates"": [
    -8.321893667599990e+01,
    4.237857416400000e+01
  ],
  ""type"": ""Point""
}","{
  ""coordinates"": [
    -83.218936676,
    42.378574164
  ],
  ""type"": ""Point""
}",-83.2189366759999,42.378574164
4316,9404397,JOY,S M 39,2015-10-22,22,10,2015,8,5,5,9,,2,0,,1,1,1,35,4,2,3,4,0,0,0,1,false,,false,false,false,false,false,,,,,,false,false,false,,,false,false,false,false,false,-83.21667,42.35784,"{
  ""coordinates"": [
    -8.321666876400000e+01,
    4.235784088900000e+01
  ],
  ""type"": ""Point""
}","{
  ""coordinates"": [
    -83.216668764,
    42.357840889
  ],
  ""type"": ""Point""
}",-83.216668764,42.357840889
4317,9402743,HAYES,SPRING GARDEN,2015-10-22,22,10,2015,19,5,97,9,,4,0,,1,1,4,30,2,2,2,5,0,0,0,0,true,,false,false,true,false,false,,,,,,false,false,false,,,false,false,false,false,false,-82.96529,42.4281,"{
  ""coordinates"": [
    -8.296528702800001e+01,
    4.242810334600010e+01
  ],
  ""type"": ""Point""
}","{
  ""coordinates"": [
    -82.965287028,
    42.428103346
  ],
  ""type"": ""Point""
}",-82.965287028,42.4281033460001
4318,9406461,MAXWELL,CANFIELD,2015-10-22,22,10,2015,12,5,8,9,,,0,,1,1,1,25,2,2,2,5,0,0,0,0,true,,false,false,false,false,false,,,,,,false,false,false,,,false,false,false,false,false,-83.00768,42.37264,"{
  ""coordinates"": [
    -8.300767491399991e+01,
    4.237263880600010e+01
  ],
  ""type"": ""Point""
}","{
  ""coordinates"": [
    -83.007674914,
    42.372638806
  ],
  ""type"": ""Point""
}",-83.0076749139999,42.3726388060001
4319,9404193,I96,WARREN,2015-10-22,22,10,2015,8,5,5,1,,1,0,,1,1,1,55,3,2,2,5,0,0,0,0,true,,false,false,false,false,false,,,,,,false,false,true,,,false,false,false,false,false,-83.09451,42.34235,"{
  ""coordinates"": [
    -8.309450739800000e+01,
    4.234234457200010e+01
  ],
  ""type"": ""Point""
}","{
  ""coordinates"": [
    -83.094507398,
    42.342344572
  ],
  ""type"": ""Point""
}",-83.094507398,42.3423445720001
4320,9402805,7 MILE,OUTER,2015-10-22,22,10,2015,13,5,4,9,,4,0,,1,1,1,30,2,2,5,4,0,0,0,1,false,,false,false,false,false,false,,,,,,false,false,true,,,false,false,false,false,false,-83.01533,42.43414,"{
  ""coordinates"": [
    -8.301532455800000e+01,
    4.243413471200010e+01
  ],
  ""type"": ""Point""
}","{
  ""coordinates"": [
    -83.015324558,
    42.434134712
  ],
  ""type"": ""Point""
}",-83.015324558,42.4341347120001
4321,9406515,DAVISON,LINWOOD,2015-10-22,22,10,2015,14,5,5,3,,1,0,,1,1,1,35,6,2,2,5,0,0,0,0,true,,false,false,false,false,false,,,,,,false,false,false,,,false,false,false,false,false,-83.12178,42.39311,"{
  ""coordinates"": [
    -8.312177772699989e+01,
    4.239310790800000e+01
  ],
  ""type"": ""Point""
}","{
  ""coordinates"": [
    -83.121777727,
    42.393107908
  ],
  ""type"": ""Point""
}",-83.1217777269999,42.393107908
4322,9402801,DICKERSON,OUTER,2015-10-22,22,10,2015,7,5,5,9,,4,0,,1,1,2,30,4,2,1,5,0,0,0,0,true,,false,false,true,false,false,,,,,,false,false,false,,,false,false,false,false,false,-82.97932,42.41211,"{
  ""coordinates"": [
    -8.297931503599990e+01,
    4.241210689900000e+01
  ],
  ""type"": ""Point""
}","{
  ""coordinates"": [
    -82.979315036,
    42.412106899
  ],
  ""type"": ""Point""
}",-82.9793150359999,42.412106899
4323,9408650,JEFFERSON,GRISWOLD,2015-10-22,22,10,2015,16,5,5,3,,4,0,,1,1,1,35,4,2,2,4,0,0,0,1,false,,false,false,true,false,false,,,,,,false,false,false,,,false,false,false,false,false,-83.04543,42.32805,"{
  ""coordinates"": [
    -8.304543613999989e+01,
    4.232804897200000e+01
  ],
  ""type"": ""Point""
}","{
  ""coordinates"": [
    -83.04543614,
    42.328048972
  ],
  ""type"": ""Point""
}",-83.0454361399999,42.328048972
4324,9402756,PLYMOUTH,SORRENTO,2015-10-22,22,10,2015,18,5,8,9,,4,0,,1,2,1,30,4,2,3,4,0,0,0,1,false,,false,false,false,false,false,,,,,,false,false,false,,,false,false,false,false,false,-83.17185,42.37315,"{
  ""coordinates"": [
    -8.317185096599999e+01,
    4.237314856600010e+01
  ],
  ""type"": ""Point""
}","{
  ""coordinates"": [
    -83.171850966,
    42.373148566
  ],
  ""type"": ""Point""
}",-83.171850966,42.3731485660001
4325,9406460,DAVISON,WILDEMERE,2015-10-22,22,10,2015,16,5,5,3,,1,0,,1,1,1,35,6,2,7,4,0,0,0,1,false,,false,false,true,false,false,,,,,,false,false,true,,,false,false,false,false,false,-83.12747,42.391,"{
  ""coordinates"": [
    -8.312746870300001e+01,
    4.239099720900000e+01
  ],
  ""type"": ""Point""
}","{
  ""coordinates"": [
    -83.127468703,
    42.390997209
  ],
  ""type"": ""Point""
}",-83.127468703,42.390997209
4326,9425558,FORT,BEAUBIEN,2015-10-22,22,10,2015,21,5,9,9,,4,2,,1,1,4,25,2,2,0,5,0,0,0,0,true,,false,false,true,false,false,,,,,,false,false,false,,,false,false,false,false,false,-83.04224,42.33284,"{
  ""coordinates"": [
    -8.304224020399990e+01,
    4.233283914100010e+01
  ],
  ""type"": ""Point""
}","{
  ""coordinates"": [
    -83.042240204,
    42.332839141
  ],
  ""type"": ""Point""
}",-83.0422402039999,42.3328391410001
4327,9404495,GRAND RIVER,MACKINAW,2015-10-22,22,10,2015,14,5,8,3,,1,0,,1,1,1,35,7,3,2,5,0,0,0,0,true,,false,false,false,false,false,,,,,,false,true,false,,,false,false,false,false,false,-83.12249,42.36208,"{
  ""coordinates"": [
    -8.312248804799999e+01,
    4.236208142400010e+01
  ],
  ""type"": ""Point""
}","{
  ""coordinates"": [
    -83.122488048,
    42.362081424
  ],
  ""type"": ""Point""
}",-83.122488048,42.3620814240001
4328,9416027,JEFFERSON,CLARK,2015-10-22,22,10,2015,8,5,5,9,,4,0,,1,1,1,35,4,3,3,4,0,0,0,1,false,,false,false,false,false,false,,,,,,false,false,false,,,false,false,false,false,false,-83.08703,42.30754,"{
  ""coordinates"": [
    -8.308703032299999e+01,
    4.230754564100000e+01
  ],
  ""type"": ""Point""
}","{
  ""coordinates"": [
    -83.087030323,
    42.307545641
  ],
  ""type"": ""Point""
}",-83.087030323,42.307545641
4329,9404256,RAMP 047H,E M 8,2015-10-22,22,10,2015,16,5,5,1,,1,0,,1,1,1,55,1,2,2,5,0,0,0,0,true,,false,false,false,false,false,,,,,,false,true,false,,,false,false,false,false,false,-83.07999,42.40854,"{
  ""coordinates"": [
    -8.307999076100000e+01,
    4.240853911600000e+01
  ],
  ""type"": ""Point""
}","{
  ""coordinates"": [
    -83.079990761,
    42.408539116
  ],
  ""type"": ""Point""
}",-83.079990761,42.408539116
4330,9402798,MIDLAND,PREVOST,2015-10-22,22,10,2015,13,5,1,9,,,0,,1,1,1,25,2,1,1,4,0,0,0,1,false,,false,false,false,false,false,,,,,,false,false,true,,,false,false,false,false,false,-83.20292,42.40529,"{
  ""coordinates"": [
    -8.320291701300000e+01,
    4.240528849200010e+01
  ],
  ""type"": ""Point""
}","{
  ""coordinates"": [
    -83.202917013,
    42.405288492
  ],
  ""type"": ""Point""
}",-83.202917013,42.4052884920001
4331,9406502,CASS,MILWAKEE,2015-10-22,22,10,2015,17,5,97,9,,4,0,,1,1,1,25,4,2,2,5,0,0,0,0,true,,false,false,false,false,false,,,,,,false,false,false,,,false,false,false,false,false,-83.07404,42.36856,"{
  ""coordinates"": [
    -8.307404522000000e+01,
    4.236855616900000e+01
  ],
  ""type"": ""Point""
}","{
  ""coordinates"": [
    -83.07404522,
    42.368556169
  ],
  ""type"": ""Point""
}",-83.07404522,42.368556169
4332,9409881,CARLISLE,ANVIL,2015-10-22,22,10,2015,16,5,4,9,,,0,,1,1,1,25,2,2,1,5,0,0,0,0,true,,false,false,true,false,false,,,,,,false,false,true,,,false,false,false,false,false,-82.97831,42.44866,"{
  ""coordinates"": [
    -8.297831241499991e+01,
    4.244866231200010e+01
  ],
  ""type"": ""Point""
}","{
  ""coordinates"": [
    -82.978312415,
    42.448662312
  ],
  ""type"": ""Point""
}",-82.9783124149999,42.4486623120001
4333,9406459,S M 10,7 MILE,2015-10-22,22,10,2015,12,5,8,3,,1,0,,1,1,1,35,4,2,2,5,0,0,0,0,true,,false,false,true,false,false,,,,,,false,false,false,,,false,false,false,false,false,-83.18717,42.43084,"{
  ""coordinates"": [
    -8.318717408000001e+01,
    4.243084261900000e+01
  ],
  ""type"": ""Point""
}","{
  ""coordinates"": [
    -83.18717408,
    42.430842619
  ],
  ""type"": ""Point""
}",-83.18717408,42.430842619