ObjectId,Crash ID,Primary Road,Intersecting Road,Crash Date,Day,Month,Year,Hour,Weekday,Crash Type Code,Highway Classification Code,Community Code,Jurisdiction Code,Lane Departure Type Code,Surface Type,Road Condition,Weather Condition,Lighting Condition,Speed Limit,Lanes,Units,Occupants,Most Severe Injury,Fatal Injuries,Suspected Serious Injuries,Suspected Minor Injuries,Possible Injuries,Property Damage Only,Secondary Crash,Traffic Control,Red Light Run,Hit and Run,Alcohol,Drugs,Unbelted Person,Work Zone,Speeding Driver,Distracted Driver,Driveway,Pedestrian,Elderly Driver,Young Driver,Commercial Vehicle,Emergency Vehicles,Train,School Bus,Motorcycle,Bicycle,Deer,Longitude,Latitude,geom,geog,x,y
4334,9410944,HEYDEN,MIDLAND,2015-10-22,22,10,2015,21,5,97,9,,,0,,1,1,4,25,2,3,1,5,0,0,0,0,true,,false,false,true,false,false,,,,,,false,false,false,,,false,false,false,false,false,-83.23968,42.40425,"{
  ""coordinates"": [
    -8.323968052200000e+01,
    4.240425196900000e+01
  ],
  ""type"": ""Point""
}","{
  ""coordinates"": [
    -83.239680522,
    42.404251969
  ],
  ""type"": ""Point""
}",-83.239680522,42.404251969
4335,9402736,HAYES,OUTER,2015-10-22,22,10,2015,7,5,5,9,,4,0,,1,1,1,30,2,2,1,5,0,0,0,0,true,,false,false,false,false,false,,,,,,false,false,false,,,false,false,false,false,false,-82.96476,42.41462,"{
  ""coordinates"": [
    -8.296475868100001e+01,
    4.241461374400010e+01
  ],
  ""type"": ""Point""
}","{
  ""coordinates"": [
    -82.964758681,
    42.414613744
  ],
  ""type"": ""Point""
}",-82.964758681,42.4146137440001
4336,9434266,7 MILE,ROSEMONT,2015-10-22,22,10,2015,19,5,4,9,,2,0,,1,1,4,30,4,2,2,5,0,0,0,0,true,,false,false,false,false,false,,,,,,false,true,false,,,false,false,false,false,false,-83.22173,42.42996,"{
  ""coordinates"": [
    -8.322173324800001e+01,
    4.242996385700010e+01
  ],
  ""type"": ""Point""
}","{
  ""coordinates"": [
    -83.221733248,
    42.429963857
  ],
  ""type"": ""Point""
}",-83.221733248,42.4299638570001
4337,9402796,SHAFTSBURY,MARGARETA,2015-10-22,22,10,2015,14,5,1,9,,,0,,1,1,1,25,2,1,1,4,0,0,0,1,false,,false,false,false,false,false,,,,,,false,false,true,,,false,false,false,false,false,-83.23083,42.42643,"{
  ""coordinates"": [
    -8.323082859499991e+01,
    4.242643019600010e+01
  ],
  ""type"": ""Point""
}","{
  ""coordinates"": [
    -83.230828595,
    42.426430196
  ],
  ""type"": ""Point""
}",-83.2308285949999,42.4264301960001
4338,9404257,I-94,LIVERNOIS,2015-10-22,22,10,2015,17,5,5,1,,1,0,,1,1,1,55,3,2,2,4,0,0,0,1,false,,false,false,false,false,false,,,,,,false,true,true,,,false,false,false,false,false,-83.12469,42.33738,"{
  ""coordinates"": [
    -8.312469256000000e+01,
    4.233738504700010e+01
  ],
  ""type"": ""Point""
}","{
  ""coordinates"": [
    -83.12469256,
    42.337385047
  ],
  ""type"": ""Point""
}",-83.12469256,42.3373850470001
4339,9402746,MOUND,7 MILE,2015-10-22,22,10,2015,12,5,5,9,,2,0,,1,1,1,30,6,2,2,4,0,0,0,1,false,,false,false,false,false,false,,,,,,false,true,false,,,false,false,false,false,false,-83.04382,42.43354,"{
  ""coordinates"": [
    -8.304381313499989e+01,
    4.243353491700000e+01
  ],
  ""type"": ""Point""
}","{
  ""coordinates"": [
    -83.043813135,
    42.433534917
  ],
  ""type"": ""Point""
}",-83.0438131349999,42.433534917
4340,9406517,LIVERNOIS,JEFFERIES,2015-10-22,22,10,2015,14,5,5,9,,4,0,,1,1,1,30,5,2,2,5,0,0,0,0,true,,false,false,false,false,false,,,,,,false,false,false,,,false,false,false,false,false,-83.13876,42.3678,"{
  ""coordinates"": [
    -8.313875962600000e+01,
    4.236779731000010e+01
  ],
  ""type"": ""Point""
}","{
  ""coordinates"": [
    -83.138759626,
    42.36779731
  ],
  ""type"": ""Point""
}",-83.138759626,42.3677973100001
4341,9406448,8 MILE,LAHSER,2015-10-22,22,10,2015,21,5,8,3,,1,0,,1,1,4,40,4,2,3,4,0,0,0,1,false,,false,false,false,false,false,,,,,,false,false,true,,,false,false,false,false,false,-83.25888,42.44323,"{
  ""coordinates"": [
    -8.325888218900000e+01,
    4.244323218500010e+01
  ],
  ""type"": ""Point""
}","{
  ""coordinates"": [
    -83.258882189,
    42.443232185
  ],
  ""type"": ""Point""
}",-83.258882189,42.4432321850001
4342,9404172,RAMP 216H,I-75,2015-10-21,21,10,2015,17,4,8,1,,1,0,,1,2,1,55,5,2,3,5,0,0,0,0,true,,false,false,false,false,false,,,,,,false,false,true,,,false,false,false,false,false,-83.0586,42.36859,"{
  ""coordinates"": [
    -8.305859950300000e+01,
    4.236859137300010e+01
  ],
  ""type"": ""Point""
}","{
  ""coordinates"": [
    -83.058599503,
    42.368591373
  ],
  ""type"": ""Point""
}",-83.058599503,42.3685913730001
4343,9401522,MT.ELLIOT,NEVADA,2015-10-21,21,10,2015,11,4,9,9,,4,0,,1,1,1,35,2,2,2,5,0,0,0,0,true,,false,false,false,false,false,,,,,,false,true,false,,,false,false,false,false,false,-83.03863,42.4264,"{
  ""coordinates"": [
    -8.303862979500001e+01,
    4.242640205100000e+01
  ],
  ""type"": ""Point""
}","{
  ""coordinates"": [
    -83.038629795,
    42.426402051
  ],
  ""type"": ""Point""
}",-83.038629795,42.426402051
4344,9402725,MARTIN LUTHER KING JR,24TH,2015-10-21,21,10,2015,11,4,4,9,,4,0,,1,2,1,25,2,2,2,5,0,0,0,0,true,,false,false,false,false,false,,,,,,false,false,false,,,false,false,false,false,false,-83.09433,42.33488,"{
  ""coordinates"": [
    -8.309432890399999e+01,
    4.233488430200000e+01
  ],
  ""type"": ""Point""
}","{
  ""coordinates"": [
    -83.094328904,
    42.334884302
  ],
  ""type"": ""Point""
}",-83.094328904,42.334884302
4345,9406501,MCGRAW,LINWOOD,2015-10-21,21,10,2015,15,4,5,9,,4,0,,1,1,1,25,1,2,2,5,0,0,0,0,true,,false,false,false,false,false,,,,,,false,false,false,,,false,false,false,false,false,-83.09618,42.35606,"{
  ""coordinates"": [
    -8.309618407900000e+01,
    4.235606165900000e+01
  ],
  ""type"": ""Point""
}","{
  ""coordinates"": [
    -83.096184079,
    42.356061659
  ],
  ""type"": ""Point""
}",-83.096184079,42.356061659
4346,9406506,GRATIOT,GRAND,2015-10-21,21,10,2015,9,4,5,3,,1,0,,1,1,1,35,5,2,3,4,0,0,0,3,false,,false,false,false,false,false,,,,,,false,false,false,,,false,false,false,false,false,-83.01857,42.37296,"{
  ""coordinates"": [
    -8.301857241200000e+01,
    4.237296386000000e+01
  ],
  ""type"": ""Point""
}","{
  ""coordinates"": [
    -83.018572412,
    42.37296386
  ],
  ""type"": ""Point""
}",-83.018572412,42.37296386
4347,9405489,NB M10,CHICAGO,2015-10-21,21,10,2015,20,4,1,3,,1,1,,1,1,1,55,3,1,3,5,0,0,0,0,true,,false,false,false,false,false,,,,,,false,false,true,,,false,false,false,false,false,-83.09361,42.3821,"{
  ""coordinates"": [
    -8.309361153799991e+01,
    4.238209794000010e+01
  ],
  ""type"": ""Point""
}","{
  ""coordinates"": [
    -83.093611538,
    42.38209794
  ],
  ""type"": ""Point""
}",-83.0936115379999,42.3820979400001
4348,9403369,WARREN,MANSFIELD,2015-10-21,21,10,2015,11,4,5,9,,2,0,,1,1,1,35,4,2,1,4,0,0,0,1,false,,false,false,true,false,false,,,,,,false,false,false,,,false,false,false,false,false,-83.20239,42.34359,"{
  ""coordinates"": [
    -8.320239360300000e+01,
    4.234358446000000e+01
  ],
  ""type"": ""Point""
}","{
  ""coordinates"": [
    -83.202393603,
    42.34358446
  ],
  ""type"": ""Point""
}",-83.202393603,42.34358446
4349,9404498,DAVISON,HOLMUR,2015-10-21,21,10,2015,9,4,9,3,,1,0,,97,98,98,40,3,2,2,5,0,0,0,0,true,,false,false,true,false,false,,,,,,false,false,false,,,false,false,false,false,false,-83.13331,42.3888,"{
  ""coordinates"": [
    -8.313331128100000e+01,
    4.238879636600010e+01
  ],
  ""type"": ""Point""
}","{
  ""coordinates"": [
    -83.133311281,
    42.388796366
  ],
  ""type"": ""Point""
}",-83.133311281,42.3887963660001
4350,9404227,I-94,ROSA PARKS,2015-10-21,21,10,2015,16,4,5,1,,1,0,,1,1,1,55,3,3,3,5,0,0,0,0,true,,false,false,false,false,false,,,,,,false,false,false,,,false,false,false,false,false,-83.08681,42.35397,"{
  ""coordinates"": [
    -8.308681211200000e+01,
    4.235397244300000e+01
  ],
  ""type"": ""Point""
}","{
  ""coordinates"": [
    -83.086812112,
    42.353972443
  ],
  ""type"": ""Point""
}",-83.086812112,42.353972443
4351,9401520,GUNSTON,GRATIOT,2015-10-21,21,10,2015,11,4,8,3,,1,0,,1,2,1,30,9,2,4,5,0,0,0,0,true,,false,false,false,false,false,,,,,,false,true,false,,,false,false,false,false,false,-82.99518,42.40861,"{
  ""coordinates"": [
    -8.299517723600000e+01,
    4.240860640700000e+01
  ],
  ""type"": ""Point""
}","{
  ""coordinates"": [
    -82.995177236,
    42.408606407
  ],
  ""type"": ""Point""
}",-82.995177236,42.408606407
4352,9402737,WOODWARD,HANCOCK,2015-10-21,21,10,2015,12,4,4,3,,1,0,,1,2,1,30,4,2,2,4,0,0,0,1,false,,false,false,false,false,false,,,,,,false,false,false,,,false,false,false,false,false,-83.06369,42.35578,"{
  ""coordinates"": [
    -8.306368637299990e+01,
    4.235578185400000e+01
  ],
  ""type"": ""Point""
}","{
  ""coordinates"": [
    -83.063686373,
    42.355781854
  ],
  ""type"": ""Point""
}",-83.0636863729999,42.355781854
4353,9646748,GREENFIELD,CURTIS,2015-10-21,21,10,2015,7,4,9,9,,2,0,,1,2,4,35,5,2,3,1,1,0,0,1,false,,false,false,true,false,false,,,,,,false,false,true,,,false,false,false,false,false,-83.19955,42.42247,"{
  ""coordinates"": [
    -8.319955456600000e+01,
    4.242247281800010e+01
  ],
  ""type"": ""Point""
}","{
  ""coordinates"": [
    -83.199554566,
    42.422472818
  ],
  ""type"": ""Point""
}",-83.199554566,42.4224728180001
4354,9404511,7 MILE,PONTCHARTRAIN,2015-10-21,21,10,2015,13,4,5,9,,2,0,,1,2,1,30,4,2,2,5,0,0,0,0,true,,false,false,false,false,false,,,,,,false,false,false,,,false,false,false,false,false,-83.12704,42.43182,"{
  ""coordinates"": [
    -8.312704571899999e+01,
    4.243181827700000e+01
  ],
  ""type"": ""Point""
}","{
  ""coordinates"": [
    -83.127045719,
    42.431818277
  ],
  ""type"": ""Point""
}",-83.127045719,42.431818277
4355,9404171,W I 94,GRAND,2015-10-21,21,10,2015,16,4,5,1,,1,0,,1,2,1,55,3,2,2,5,0,0,0,0,true,,false,false,false,false,false,,,,,,false,false,false,,,false,false,false,false,false,-83.1098,42.34684,"{
  ""coordinates"": [
    -8.310980388400000e+01,
    4.234683822600000e+01
  ],
  ""type"": ""Point""
}","{
  ""coordinates"": [
    -83.109803884,
    42.346838226
  ],
  ""type"": ""Point""
}",-83.109803884,42.346838226
4356,9401333,NB SOUTHFIELD,JOY,2015-10-21,21,10,2015,19,4,5,9,,,0,,1,1,1,55,3,2,2,5,0,0,0,0,true,,false,false,false,false,false,,,,,,false,false,true,,,false,false,false,false,false,-83.13065,42.35893,"{
  ""coordinates"": [
    -8.313064782299990e+01,
    4.235892711200010e+01
  ],
  ""type"": ""Point""
}","{
  ""coordinates"": [
    -83.130647823,
    42.358927112
  ],
  ""type"": ""Point""
}",-83.1306478229999,42.3589271120001
4357,9402724,S I 75 SERVICE DRIVE,PARK,2015-10-21,21,10,2015,10,4,8,9,,4,0,,1,2,1,25,3,2,2,5,0,0,0,0,true,,false,false,false,false,false,,,,,,false,false,true,,,false,false,false,false,false,-83.05492,42.33944,"{
  ""coordinates"": [
    -8.305491671999989e+01,
    4.233943551000000e+01
  ],
  ""type"": ""Point""
}","{
  ""coordinates"": [
    -83.05491672,
    42.33943551
  ],
  ""type"": ""Point""
}",-83.0549167199999,42.33943551
4358,9402734,WHITTIER,KING RICHARD,2015-10-21,21,10,2015,19,4,4,9,,4,0,,1,1,3,30,2,2,2,5,0,0,0,0,true,,false,false,true,false,false,,,,,,false,false,false,,,false,false,false,false,false,-82.94511,42.41365,"{
  ""coordinates"": [
    -8.294511195599991e+01,
    4.241364612100010e+01
  ],
  ""type"": ""Point""
}","{
  ""coordinates"": [
    -82.945111956,
    42.413646121
  ],
  ""type"": ""Point""
}",-82.9451119559999,42.4136461210001
4359,9402731,FOREST,WOODWARD,2015-10-21,21,10,2015,19,4,1,3,,4,0,,1,1,4,30,4,1,1,2,0,1,0,0,false,,false,false,false,false,false,,,,,,false,false,false,,,false,false,false,false,false,-83.06284,42.3548,"{
  ""coordinates"": [
    -8.306283322800000e+01,
    4.235480660900000e+01
  ],
  ""type"": ""Point""
}","{
  ""coordinates"": [
    -83.062833228,
    42.354806609
  ],
  ""type"": ""Point""
}",-83.062833228,42.354806609
4360,9401507,AMERICAN,MAJESTIC,2015-10-21,21,10,2015,20,4,4,9,,,0,,1,1,4,25,2,2,2,4,0,0,0,1,false,,false,false,false,false,false,,,,,,false,false,true,,,false,false,false,false,false,-83.14391,42.34714,"{
  ""coordinates"": [
    -8.314391377399990e+01,
    4.234713818000010e+01
  ],
  ""type"": ""Point""
}","{
  ""coordinates"": [
    -83.143913774,
    42.34713818
  ],
  ""type"": ""Point""
}",-83.1439137739999,42.3471381800001
4361,9417650,KELLY,EASTLAND DRIVE,2015-10-21,21,10,2015,14,4,5,9,,2,0,,1,2,1,35,4,2,2,5,0,0,0,0,true,,false,false,false,false,false,,,,,,false,false,false,,,false,false,false,false,false,-82.9433,42.44733,"{
  ""coordinates"": [
    -8.294330201400000e+01,
    4.244732842100010e+01
  ],
  ""type"": ""Point""
}","{
  ""coordinates"": [
    -82.943302014,
    42.447328421
  ],
  ""type"": ""Point""
}",-82.943302014,42.4473284210001
4362,9401474,NOVARA,HAYES,2015-10-21,21,10,2015,4,4,1,9,,,1,,1,1,4,25,1,1,2,5,0,0,0,0,true,,false,false,false,false,false,,,,,,false,false,false,,,false,false,false,false,false,-82.966,42.4394,"{
  ""coordinates"": [
    -8.296599838400000e+01,
    4.243940040000010e+01
  ],
  ""type"": ""Point""
}","{
  ""coordinates"": [
    -82.965998384,
    42.4394004
  ],
  ""type"": ""Point""
}",-82.965998384,42.4394004000001
4363,9402810,MARGARET,JOHN R,2015-10-21,21,10,2015,16,4,4,9,,,0,,1,2,3,35,2,2,1,5,0,0,0,0,true,,true,false,true,false,false,,,,,,false,false,false,,,false,false,false,false,false,-83.10211,42.42616,"{
  ""coordinates"": [
    -8.310211536199991e+01,
    4.242615325400000e+01
  ],
  ""type"": ""Point""
}","{
  ""coordinates"": [
    -83.102115362,
    42.426153254
  ],
  ""type"": ""Point""
}",-83.1021153619999,42.426153254
4364,9406458,7 MILE,OUTER,2015-10-21,21,10,2015,19,4,9,9,,2,0,,1,1,4,35,4,2,2,5,0,0,0,0,true,,false,false,false,false,false,,,,,,false,false,false,,,false,false,false,false,false,-83.17543,42.43117,"{
  ""coordinates"": [
    -8.317543196000000e+01,
    4.243116953100010e+01
  ],
  ""type"": ""Point""
}","{
  ""coordinates"": [
    -83.17543196,
    42.431169531
  ],
  ""type"": ""Point""
}",-83.17543196,42.4311695310001
4365,9406503,FENKELL,LINDSAY,2015-10-21,21,10,2015,16,4,97,9,,2,0,,1,1,3,25,2,2,2,5,0,0,0,0,true,,false,false,true,false,false,,,,,,false,true,false,,,false,false,false,false,false,-83.21264,42.40121,"{
  ""coordinates"": [
    -8.321263787600000e+01,
    4.240120902900000e+01
  ],
  ""type"": ""Point""
}","{
  ""coordinates"": [
    -83.212637876,
    42.401209029
  ],
  ""type"": ""Point""
}",-83.212637876,42.401209029
4366,9402718,HAYES,KELLY,2015-10-21,21,10,2015,9,4,1,9,,4,1,,1,1,1,30,2,1,1,5,0,0,0,0,true,,false,false,false,false,false,,,,,,false,false,false,,,false,false,false,false,false,-82.96495,42.41897,"{
  ""coordinates"": [
    -8.296495059900001e+01,
    4.241897012200010e+01
  ],
  ""type"": ""Point""
}","{
  ""coordinates"": [
    -82.964950599,
    42.418970122
  ],
  ""type"": ""Point""
}",-82.964950599,42.4189701220001
4367,9401521,MADDELEIN,REX,2015-10-21,21,10,2015,15,4,4,9,,,0,,1,2,1,25,1,2,2,5,0,0,0,0,true,,false,false,false,false,false,,,,,,false,true,false,,,false,false,false,false,false,-82.95673,42.43649,"{
  ""coordinates"": [
    -8.295673551999990e+01,
    4.243648803400000e+01
  ],
  ""type"": ""Point""
}","{
  ""coordinates"": [
    -82.95673552,
    42.436488034
  ],
  ""type"": ""Point""
}",-82.9567355199999,42.436488034
4368,9401514,S M 39,JOY,2015-10-21,21,10,2015,14,4,4,3,,1,0,,1,2,1,30,2,2,2,5,0,0,0,0,true,,true,true,false,false,false,,,,,,false,false,false,,,false,false,false,false,false,-83.21657,42.35781,"{
  ""coordinates"": [
    -8.321657156500000e+01,
    4.235781405100000e+01
  ],
  ""type"": ""Point""
}","{
  ""coordinates"": [
    -83.216571565,
    42.357814051
  ],
  ""type"": ""Point""
}",-83.216571565,42.357814051
4369,9402744,S M 10,LINWOOD,2015-10-21,21,10,2015,8,4,8,3,,1,0,,1,2,1,55,3,2,1,5,0,0,0,0,true,,false,false,true,false,false,,,,,,false,false,false,,,false,false,false,false,false,-83.12743,42.40508,"{
  ""coordinates"": [
    -8.312743705900000e+01,
    4.240507738800010e+01
  ],
  ""type"": ""Point""
}","{
  ""coordinates"": [
    -83.127437059,
    42.405077388
  ],
  ""type"": ""Point""
}",-83.127437059,42.4050773880001
4370,9413732,CASS,CANFIELD,2015-10-21,21,10,2015,19,4,6,9,,4,0,,1,1,4,30,3,2,2,5,0,0,0,0,true,,false,false,false,false,false,,,,,,false,true,false,,,false,false,false,false,false,-83.06424,42.35176,"{
  ""coordinates"": [
    -8.306423742200001e+01,
    4.235176490400000e+01
  ],
  ""type"": ""Point""
}","{
  ""coordinates"": [
    -83.064237422,
    42.351764904
  ],
  ""type"": ""Point""
}",-83.064237422,42.351764904
4371,9401513,SCHOOLCRAFT,ARTESIAN,2015-10-21,21,10,2015,12,4,6,9,,2,0,,1,1,1,35,3,2,2,5,0,0,0,0,true,,false,false,true,false,false,,,,,,false,false,false,,,false,false,false,false,false,-83.22716,42.38647,"{
  ""coordinates"": [
    -8.322715826599990e+01,
    4.238646613400000e+01
  ],
  ""type"": ""Point""
}","{
  ""coordinates"": [
    -83.227158266,
    42.386466134
  ],
  ""type"": ""Point""
}",-83.2271582659999,42.386466134
4372,9402795,ADDISON,MCGRAW,2015-10-21,21,10,2015,13,4,5,9,,4,0,,1,1,1,25,1,2,2,5,0,0,0,0,true,,false,false,false,false,false,,,,,,false,false,false,,,false,false,false,false,false,-83.1517,42.33109,"{
  ""coordinates"": [
    -8.315169887499999e+01,
    4.233109171900000e+01
  ],
  ""type"": ""Point""
}","{
  ""coordinates"": [
    -83.151698875,
    42.331091719
  ],
  ""type"": ""Point""
}",-83.151698875,42.331091719
4373,9413723,N I 75 SERVICE DRIVE,GRAND,2015-10-21,21,10,2015,10,4,97,9,,4,0,,1,1,1,25,2,2,2,4,0,0,0,1,false,,false,false,false,false,false,,,,,,false,false,false,,,false,false,false,false,false,-83.08437,42.31586,"{
  ""coordinates"": [
    -8.308436832699989e+01,
    4.231585779400010e+01
  ],
  ""type"": ""Point""
}","{
  ""coordinates"": [
    -83.084368327,
    42.315857794
  ],
  ""type"": ""Point""
}",-83.0843683269999,42.3158577940001
4374,9402719,ASHLEY,MACK,2015-10-21,21,10,2015,13,4,9,9,,,2,,1,1,1,25,2,2,4,5,0,0,0,0,true,,false,false,true,false,false,,,,,,false,false,true,,,false,false,false,false,false,-82.91254,42.41358,"{
  ""coordinates"": [
    -8.291254442100001e+01,
    4.241357806500010e+01
  ],
  ""type"": ""Point""
}","{
  ""coordinates"": [
    -82.912544421,
    42.413578065
  ],
  ""type"": ""Point""
}",-82.912544421,42.4135780650001
4375,9401490,CONANT,ALPHA,2015-10-21,21,10,2015,1,4,8,9,,4,0,,1,1,4,35,2,2,1,5,0,0,0,0,true,,false,false,false,false,false,,,,,,false,false,true,,,false,false,false,false,false,-83.06402,42.41927,"{
  ""coordinates"": [
    -8.306401553900000e+01,
    4.241926469700010e+01
  ],
  ""type"": ""Point""
}","{
  ""coordinates"": [
    -83.064015539,
    42.419264697
  ],
  ""type"": ""Point""
}",-83.064015539,42.4192646970001
4376,9401516,8 MILE,RAMP 051B,2015-10-21,21,10,2015,8,4,5,3,,1,0,,1,1,1,15,1,2,2,5,0,0,0,0,true,,false,false,false,false,false,,,,,,false,false,false,,,false,false,false,false,false,-83.2779,42.44275,"{
  ""coordinates"": [
    -8.327790034899991e+01,
    4.244274502700010e+01
  ],
  ""type"": ""Point""
}","{
  ""coordinates"": [
    -83.277900349,
    42.442745027
  ],
  ""type"": ""Point""
}",-83.2779003489999,42.4427450270001
4377,9405522,S M 39,PURITAN,2015-10-21,21,10,2015,19,4,5,3,,1,0,,1,2,4,55,3,2,2,5,0,0,0,0,true,,false,false,false,false,false,,,,,,false,false,false,,,false,false,false,false,false,-83.21861,42.40688,"{
  ""coordinates"": [
    -8.321860645399990e+01,
    4.240687594600010e+01
  ],
  ""type"": ""Point""
}","{
  ""coordinates"": [
    -83.218606454,
    42.406875946
  ],
  ""type"": ""Point""
}",-83.2186064539999,42.4068759460001
4378,9404409,CHERRYLAWN,PICKFORD,2015-10-21,21,10,2015,13,4,1,9,,,0,,1,2,1,25,2,1,2,5,0,0,0,0,true,,false,false,true,false,false,,,,,,false,false,true,,,false,false,false,false,false,-83.15532,42.42606,"{
  ""coordinates"": [
    -8.315532143599999e+01,
    4.242605608000010e+01
  ],
  ""type"": ""Point""
}","{
  ""coordinates"": [
    -83.155321436,
    42.42605608
  ],
  ""type"": ""Point""
}",-83.155321436,42.4260560800001
4379,9406514,WARRINGTON,7 MILE,2015-10-21,21,10,2015,20,4,8,9,,,0,,1,1,4,20,2,2,0,5,0,0,0,0,true,,false,false,true,false,false,,,,,,false,false,false,,,false,false,false,false,false,-83.14008,42.43156,"{
  ""coordinates"": [
    -8.314008141399999e+01,
    4.243155937800000e+01
  ],
  ""type"": ""Point""
}","{
  ""coordinates"": [
    -83.140081414,
    42.431559378
  ],
  ""type"": ""Point""
}",-83.140081414,42.431559378
4380,9402788,MOROSS,E I 94,2015-10-21,21,10,2015,9,4,8,9,,2,0,,1,2,1,35,3,2,3,5,0,0,0,0,true,,false,false,false,false,false,,,,,,false,false,true,,,false,false,false,false,false,-82.92859,42.42431,"{
  ""coordinates"": [
    -8.292859257500000e+01,
    4.242431369500010e+01
  ],
  ""type"": ""Point""
}","{
  ""coordinates"": [
    -82.928592575,
    42.424313695
  ],
  ""type"": ""Point""
}",-82.928592575,42.4243136950001
4381,9401489,RADNOR,CHANDLER PARK,2015-10-21,21,10,2015,13,4,5,9,,,0,,1,1,1,25,1,2,1,5,0,0,0,0,true,,false,false,true,false,false,,,,,,false,false,false,,,false,false,false,false,false,-82.92185,42.41522,"{
  ""coordinates"": [
    -8.292185415300000e+01,
    4.241521787000000e+01
  ],
  ""type"": ""Point""
}","{
  ""coordinates"": [
    -82.921854153,
    42.41521787
  ],
  ""type"": ""Point""
}",-82.921854153,42.41521787
4382,9401487,CONANT,MANUEL,2015-10-21,21,10,2015,15,4,3,9,,2,0,,1,2,1,30,6,2,5,5,0,0,0,0,true,,false,false,false,false,false,,,,,,false,false,false,,,false,false,false,false,false,-83.04359,42.38955,"{
  ""coordinates"": [
    -8.304358417600000e+01,
    4.238954391900010e+01
  ],
  ""type"": ""Point""
}","{
  ""coordinates"": [
    -83.043584176,
    42.389543919
  ],
  ""type"": ""Point""
}",-83.043584176,42.3895439190001
4383,9611720,TELEGRAPH,7 MILE,2015-10-21,21,10,2015,12,4,8,2,,1,0,,1,1,1,40,2,2,2,5,0,0,0,0,true,,false,false,false,false,false,,,,,,false,false,false,,,false,false,false,false,false,-83.27799,42.42913,"{
  ""coordinates"": [
    -8.327799215700000e+01,
    4.242912871700000e+01
  ],
  ""type"": ""Point""
}","{
  ""coordinates"": [
    -83.277992157,
    42.429128717
  ],
  ""type"": ""Point""
}",-83.277992157,42.429128717
4384,9406524,GROVE,MANOR,2015-10-21,21,10,2015,15,4,4,9,,,0,,1,2,1,25,2,2,2,5,0,0,0,0,true,,false,false,false,false,false,,,,,,false,false,true,,,false,false,false,false,false,-83.1689,42.41427,"{
  ""coordinates"": [
    -8.316889601000000e+01,
    4.241427106200010e+01
  ],
  ""type"": ""Point""
}","{
  ""coordinates"": [
    -83.16889601,
    42.414271062
  ],
  ""type"": ""Point""
}",-83.16889601,42.4142710620001
4385,9404198,S/B M-10,DAVISON,2015-10-21,21,10,2015,7,4,5,3,,1,0,,1,2,2,55,3,2,2,4,0,0,0,1,false,,false,false,false,false,false,,,,,,false,false,false,,,false,false,false,false,false,-83.10986,42.39759,"{
  ""coordinates"": [
    -8.310986534599991e+01,
    4.239758695700000e+01
  ],
  ""type"": ""Point""
}","{
  ""coordinates"": [
    -83.109865346,
    42.397586957
  ],
  ""type"": ""Point""
}",-83.1098653459999,42.397586957
4386,9405488,I-75,HOLBROOK,2015-10-21,21,10,2015,18,4,5,1,,1,0,,1,1,1,55,4,2,2,5,0,0,0,0,true,,false,false,false,false,false,,,,,,false,false,true,,,false,false,false,false,false,-83.06596,42.38337,"{
  ""coordinates"": [
    -8.306596353499999e+01,
    4.238337100100010e+01
  ],
  ""type"": ""Point""
}","{
  ""coordinates"": [
    -83.065963535,
    42.383371001
  ],
  ""type"": ""Point""
}",-83.065963535,42.3833710010001
4387,9415917,FORT,GRISWOLD,2015-10-21,21,10,2015,17,4,97,3,,1,0,,1,1,1,0,2,2,3,4,0,0,0,1,false,,false,false,false,false,false,,,,,,true,false,false,,,false,false,false,false,false,-83.04744,42.33069,"{
  ""coordinates"": [
    -8.304744018299991e+01,
    4.233068908400000e+01
  ],
  ""type"": ""Point""
}","{
  ""coordinates"": [
    -83.047440183,
    42.330689084
  ],
  ""type"": ""Point""
}",-83.0474401829999,42.330689084
4388,9404521,OHIO,CURTIS,2015-10-21,21,10,2015,12,4,4,9,,,0,,1,2,1,25,2,2,3,5,0,0,0,0,true,,false,false,true,false,false,,,,,,false,false,true,,,false,false,false,false,false,-83.15635,42.42422,"{
  ""coordinates"": [
    -8.315635273200000e+01,
    4.242422616600000e+01
  ],
  ""type"": ""Point""
}","{
  ""coordinates"": [
    -83.156352732,
    42.424226166
  ],
  ""type"": ""Point""
}",-83.156352732,42.424226166
4389,9402727,MORANG,WHITEHILL,2015-10-21,21,10,2015,16,4,4,9,,4,0,,1,1,1,35,4,2,1,5,0,0,0,0,true,,false,false,true,false,false,,,,,,false,false,false,,,false,false,false,false,false,-82.95213,42.427,"{
  ""coordinates"": [
    -8.295213197299999e+01,
    4.242699808300010e+01
  ],
  ""type"": ""Point""
}","{
  ""coordinates"": [
    -82.952131973,
    42.426998083
  ],
  ""type"": ""Point""
}",-82.952131973,42.4269980830001
4390,9404226,M-39,PLYMOUTH,2015-10-21,21,10,2015,9,4,5,3,,1,0,,1,2,1,55,3,4,4,5,0,0,0,0,true,,false,false,false,false,false,,,,,,false,false,false,,,false,false,false,false,false,-83.21683,42.37362,"{
  ""coordinates"": [
    -8.321682802600000e+01,
    4.237362266500000e+01
  ],
  ""type"": ""Point""
}","{
  ""coordinates"": [
    -83.216828026,
    42.373622665
  ],
  ""type"": ""Point""
}",-83.216828026,42.373622665