ObjectId,Crash ID,Primary Road,Intersecting Road,Crash Date,Day,Month,Year,Hour,Weekday,Crash Type Code,Highway Classification Code,Community Code,Jurisdiction Code,Lane Departure Type Code,Surface Type,Road Condition,Weather Condition,Lighting Condition,Speed Limit,Lanes,Units,Occupants,Most Severe Injury,Fatal Injuries,Suspected Serious Injuries,Suspected Minor Injuries,Possible Injuries,Property Damage Only,Secondary Crash,Traffic Control,Red Light Run,Hit and Run,Alcohol,Drugs,Unbelted Person,Work Zone,Speeding Driver,Distracted Driver,Driveway,Pedestrian,Elderly Driver,Young Driver,Commercial Vehicle,Emergency Vehicles,Train,School Bus,Motorcycle,Bicycle,Deer,Longitude,Latitude,geom,geog,x,y
4391,9413687,LANE,GREEN,2015-10-21,21,10,2015,1,4,5,9,,,3,,1,1,3,25,2,3,0,5,0,0,0,0,true,,false,false,true,false,false,,,,,,false,false,false,,,false,false,false,false,false,-83.11847,42.30979,"{
  ""coordinates"": [
    -8.311847101799999e+01,
    4.230979226900010e+01
  ],
  ""type"": ""Point""
}","{
  ""coordinates"": [
    -83.118471018,
    42.309792269
  ],
  ""type"": ""Point""
}",-83.118471018,42.3097922690001
4392,9404474,1744 MICHIGAN,HARRISON,2015-10-21,21,10,2015,17,4,5,2,,1,3,,1,1,4,0,8,2,0,5,0,0,0,0,true,,false,false,true,false,false,,,,,,false,false,true,,,false,false,false,false,false,-83.07048,42.3314,"{
  ""coordinates"": [
    -8.307048387400000e+01,
    4.233139612700010e+01
  ],
  ""type"": ""Point""
}","{
  ""coordinates"": [
    -83.070483874,
    42.331396127
  ],
  ""type"": ""Point""
}",-83.070483874,42.3313961270001
4393,9402614,I-94,CONNER,2015-10-20,20,10,2015,7,3,5,1,,1,0,,1,1,2,55,3,2,3,5,0,0,0,0,true,,false,false,false,false,false,,,,,,false,false,true,,,false,false,false,false,false,-82.99052,42.39458,"{
  ""coordinates"": [
    -8.299052506800000e+01,
    4.239457948900010e+01
  ],
  ""type"": ""Point""
}","{
  ""coordinates"": [
    -82.990525068,
    42.394579489
  ],
  ""type"": ""Point""
}",-82.990525068,42.3945794890001
4394,9400263,ROSA PARKS,WARREN,2015-10-20,20,10,2015,17,3,97,9,,4,0,,1,1,1,30,4,2,4,5,0,0,0,0,true,,false,false,false,false,false,,,,,,false,false,false,,,false,true,false,false,false,-83.08298,42.35074,"{
  ""coordinates"": [
    -8.308298392400000e+01,
    4.235074393900000e+01
  ],
  ""type"": ""Point""
}","{
  ""coordinates"": [
    -83.082983924,
    42.350743939
  ],
  ""type"": ""Point""
}",-83.082983924,42.350743939
4395,9427545,OTSEGO,BOSTON,2015-10-20,20,10,2015,1,3,97,9,,,0,,97,98,98,25,1,2,2,5,0,0,0,0,true,,false,false,true,false,false,,,,,,false,false,true,,,false,false,false,false,false,-83.12633,42.3728,"{
  ""coordinates"": [
    -8.312632722200000e+01,
    4.237279482000010e+01
  ],
  ""type"": ""Point""
}","{
  ""coordinates"": [
    -83.126327222,
    42.37279482
  ],
  ""type"": ""Point""
}",-83.126327222,42.3727948200001
4396,9400290,CHALMERS,MAPLERIDGE,2015-10-20,20,10,2015,10,3,4,9,,4,0,,1,1,1,25,4,2,4,4,0,0,0,1,false,,false,false,true,false,false,,,,,,false,true,false,,,false,false,false,false,false,-82.97513,42.429,"{
  ""coordinates"": [
    -8.297512560900000e+01,
    4.242899870100010e+01
  ],
  ""type"": ""Point""
}","{
  ""coordinates"": [
    -82.975125609,
    42.428998701
  ],
  ""type"": ""Point""
}",-82.975125609,42.4289987010001
4397,9401491,CONNER,MCNICHOLS,2015-10-20,20,10,2015,21,3,5,9,,4,0,,2,1,1,35,2,2,5,5,0,0,0,0,true,,false,false,false,false,false,,,,,,false,false,false,,,false,false,false,false,false,-83.01369,42.41965,"{
  ""coordinates"": [
    -8.301369773200000e+01,
    4.241965161000010e+01
  ],
  ""type"": ""Point""
}","{
  ""coordinates"": [
    -83.013697732,
    42.41965161
  ],
  ""type"": ""Point""
}",-83.013697732,42.4196516100001
4398,9402642,EB I-94,CASS,2015-10-20,20,10,2015,12,3,5,1,,1,0,,1,1,1,55,3,2,2,5,0,0,0,0,true,,false,false,false,false,false,,,,,,false,false,true,,,false,false,false,false,false,-83.07199,42.36177,"{
  ""coordinates"": [
    -8.307199033300000e+01,
    4.236176981700000e+01
  ],
  ""type"": ""Point""
}","{
  ""coordinates"": [
    -83.071990333,
    42.361769817
  ],
  ""type"": ""Point""
}",-83.071990333,42.361769817
4399,9406513,DAVISON,DAVISON,2015-10-20,20,10,2015,17,3,5,3,,1,0,,1,2,1,35,3,3,4,5,0,0,0,0,true,,false,false,false,false,false,,,,,,false,false,false,,,false,false,false,false,false,-83.13705,42.38738,"{
  ""coordinates"": [
    -8.313704900200000e+01,
    4.238738413400010e+01
  ],
  ""type"": ""Point""
}","{
  ""coordinates"": [
    -83.137049002,
    42.387384134
  ],
  ""type"": ""Point""
}",-83.137049002,42.3873841340001
4400,9402803,NARDIN,CHICAGO,2015-10-20,20,10,2015,22,3,97,9,,4,0,,2,4,4,25,2,2,0,4,0,0,0,1,false,,false,false,true,false,false,,,,,,true,false,false,,,false,false,false,false,false,-83.13197,42.36913,"{
  ""coordinates"": [
    -8.313196263400000e+01,
    4.236913342200010e+01
  ],
  ""type"": ""Point""
}","{
  ""coordinates"": [
    -83.131962634,
    42.369133422
  ],
  ""type"": ""Point""
}",-83.131962634,42.3691334220001
4401,9401477,8 MILE,MOUNT ELLIOTT,2015-10-20,20,10,2015,0,3,97,3,,1,0,,1,1,5,25,2,2,3,5,0,0,0,0,true,,false,false,false,false,false,,,,,,false,false,true,,,false,false,false,false,false,-83.03937,42.44787,"{
  ""coordinates"": [
    -8.303936934399999e+01,
    4.244787318300010e+01
  ],
  ""type"": ""Point""
}","{
  ""coordinates"": [
    -83.039369344,
    42.447873183
  ],
  ""type"": ""Point""
}",-83.039369344,42.4478731830001
4402,9403296,RAMP 008P,E I 96 CD,2015-10-20,20,10,2015,15,3,5,1,,1,0,,1,1,1,55,1,2,2,5,0,0,0,0,true,,false,false,false,false,false,,,,,,false,false,false,,,false,false,false,false,false,-83.21711,42.3768,"{
  ""coordinates"": [
    -8.321710919500001e+01,
    4.237680146700010e+01
  ],
  ""type"": ""Point""
}","{
  ""coordinates"": [
    -83.217109195,
    42.376801467
  ],
  ""type"": ""Point""
}",-83.217109195,42.3768014670001
4403,9402780,MONROE,FARMER,2015-10-20,20,10,2015,10,3,5,9,,4,0,,1,1,1,35,2,2,1,5,0,0,0,0,true,,false,false,true,false,false,,,,,,false,false,false,,,false,false,false,false,false,-83.04568,42.33287,"{
  ""coordinates"": [
    -8.304568857200000e+01,
    4.233287600500010e+01
  ],
  ""type"": ""Point""
}","{
  ""coordinates"": [
    -83.045688572,
    42.332876005
  ],
  ""type"": ""Point""
}",-83.045688572,42.3328760050001
4404,9400233,MACK,CADILLAC,2015-10-20,20,10,2015,8,3,97,9,,4,0,,1,1,1,30,4,2,0,5,0,0,0,0,true,,false,false,true,false,false,,,,,,false,false,false,,,false,false,false,false,false,-82.99075,42.37359,"{
  ""coordinates"": [
    -8.299075361900000e+01,
    4.237358889400010e+01
  ],
  ""type"": ""Point""
}","{
  ""coordinates"": [
    -82.990753619,
    42.373588894
  ],
  ""type"": ""Point""
}",-82.990753619,42.3735888940001
4405,9400228,DAVISON CROSSOVER,RYAN,2015-10-20,20,10,2015,18,3,5,9,,4,0,,1,1,4,35,4,3,3,5,0,0,0,0,true,,false,false,false,false,false,,,,,,false,false,false,,,false,false,false,false,false,-83.06058,42.41586,"{
  ""coordinates"": [
    -8.306057957099991e+01,
    4.241586098600000e+01
  ],
  ""type"": ""Point""
}","{
  ""coordinates"": [
    -83.060579571,
    42.415860986
  ],
  ""type"": ""Point""
}",-83.0605795709999,42.415860986
4406,9400252,HUBBELL,PLYMOUTH,2015-10-20,20,10,2015,2,3,1,9,,4,0,,1,1,4,30,2,1,1,5,0,0,0,0,true,,false,false,false,false,false,,,,,,false,false,false,,,false,false,false,false,false,-83.18774,42.37263,"{
  ""coordinates"": [
    -8.318773559600000e+01,
    4.237262837200010e+01
  ],
  ""type"": ""Point""
}","{
  ""coordinates"": [
    -83.187735596,
    42.372628372
  ],
  ""type"": ""Point""
}",-83.187735596,42.3726283720001
4407,9611699,LARNED,SHELBY,2015-10-20,20,10,2015,8,3,8,9,,4,0,,1,1,1,45,2,2,2,5,0,0,0,0,true,,false,false,false,false,false,,,,,,false,false,false,,,false,false,false,false,false,-83.0475,42.32845,"{
  ""coordinates"": [
    -8.304750098800000e+01,
    4.232844795000010e+01
  ],
  ""type"": ""Point""
}","{
  ""coordinates"": [
    -83.047500988,
    42.32844795
  ],
  ""type"": ""Point""
}",-83.047500988,42.3284479500001
4408,9437195,GRATIOT,FRENCH,2015-10-20,20,10,2015,1,3,8,3,,1,0,,1,1,4,45,7,2,1,4,0,0,0,1,false,,false,false,true,false,false,,,,,,false,false,false,,,false,false,true,false,false,-83.00048,42.40034,"{
  ""coordinates"": [
    -8.300047713500000e+01,
    4.240034037300010e+01
  ],
  ""type"": ""Point""
}","{
  ""coordinates"": [
    -83.000477135,
    42.400340373
  ],
  ""type"": ""Point""
}",-83.000477135,42.4003403730001
4409,9403307,E I 96 CD,RAMP 008K,2015-10-20,20,10,2015,7,3,5,1,,1,0,,1,1,1,55,3,2,2,5,0,0,0,0,true,,false,false,false,false,false,,,,,,false,false,false,,,false,false,false,false,false,-83.22119,42.37818,"{
  ""coordinates"": [
    -8.322119006900000e+01,
    4.237817789700010e+01
  ],
  ""type"": ""Point""
}","{
  ""coordinates"": [
    -83.221190069,
    42.378177897
  ],
  ""type"": ""Point""
}",-83.221190069,42.3781778970001
4410,9455648,CARPENTER,BLOOM,2015-10-20,20,10,2015,14,3,7,9,,,0,,1,1,1,25,1,2,2,4,0,0,0,1,false,,false,false,false,false,false,,,,,,false,false,false,,,false,false,false,false,false,-83.04823,42.40841,"{
  ""coordinates"": [
    -8.304823585799990e+01,
    4.240841121500010e+01
  ],
  ""type"": ""Point""
}","{
  ""coordinates"": [
    -83.048235858,
    42.408411215
  ],
  ""type"": ""Point""
}",-83.0482358579999,42.4084112150001
4411,9402659,NB I-75,LIVERNOIS,2015-10-20,20,10,2015,11,3,8,1,,1,0,,1,1,1,55,4,3,1,5,0,0,0,0,true,,false,false,true,false,false,,,,,,false,false,false,,,false,false,false,false,false,-83.10258,42.30842,"{
  ""coordinates"": [
    -8.310257549600000e+01,
    4.230841965000010e+01
  ],
  ""type"": ""Point""
}","{
  ""coordinates"": [
    -83.102575496,
    42.30841965
  ],
  ""type"": ""Point""
}",-83.102575496,42.3084196500001
4412,9400215,WEBB,S M 10,2015-10-20,20,10,2015,18,3,4,9,,4,0,,1,1,1,25,2,2,2,5,0,0,0,0,true,,false,false,false,false,false,,,,,,false,false,true,,,false,false,false,false,false,-83.10233,42.38776,"{
  ""coordinates"": [
    -8.310232627900000e+01,
    4.238776074500000e+01
  ],
  ""type"": ""Point""
}","{
  ""coordinates"": [
    -83.102326279,
    42.387760745
  ],
  ""type"": ""Point""
}",-83.102326279,42.387760745
4413,9402615,M-39,TIREMAN,2015-10-20,20,10,2015,14,3,5,3,,1,0,,1,1,1,55,3,2,2,5,0,0,0,0,true,,false,false,false,false,false,,,,,,false,false,true,,,false,false,false,false,false,-83.21626,42.35075,"{
  ""coordinates"": [
    -8.321625692299990e+01,
    4.235074674700010e+01
  ],
  ""type"": ""Point""
}","{
  ""coordinates"": [
    -83.216256923,
    42.350746747
  ],
  ""type"": ""Point""
}",-83.2162569229999,42.3507467470001
4414,9400273,WARREN,BRACE,2015-10-20,20,10,2015,21,3,4,9,,2,0,,1,1,4,35,4,2,3,5,0,0,0,0,true,,true,false,true,false,false,,,,,,false,false,false,,,false,false,false,false,false,-83.22314,42.3433,"{
  ""coordinates"": [
    -8.322314718099990e+01,
    4.234330270100000e+01
  ],
  ""type"": ""Point""
}","{
  ""coordinates"": [
    -83.223147181,
    42.343302701
  ],
  ""type"": ""Point""
}",-83.2231471809999,42.343302701
4415,9400303,LYNCH,MT ELLIOTT,2015-10-20,20,10,2015,8,3,6,9,,4,0,,1,1,1,30,4,2,3,2,0,1,0,0,false,,false,false,false,false,false,,,,,,false,false,false,,,false,false,false,false,false,-83.03764,42.40474,"{
  ""coordinates"": [
    -8.303763832899990e+01,
    4.240473882200010e+01
  ],
  ""type"": ""Point""
}","{
  ""coordinates"": [
    -83.037638329,
    42.404738822
  ],
  ""type"": ""Point""
}",-83.0376383289999,42.4047388220001
4416,9400219,KERCHEVAL,BURNS,2015-10-20,20,10,2015,15,3,5,9,,4,0,,1,1,1,30,2,2,2,5,0,0,0,0,true,,false,false,false,false,false,,,,,,false,false,false,,,false,false,false,false,false,-82.99422,42.36064,"{
  ""coordinates"": [
    -8.299422059599991e+01,
    4.236064125300000e+01
  ],
  ""type"": ""Point""
}","{
  ""coordinates"": [
    -82.994220596,
    42.360641253
  ],
  ""type"": ""Point""
}",-82.9942205959999,42.360641253
4417,9404387,MCNICHOLS,JAMES COUZENS,2015-10-20,20,10,2015,8,3,8,9,,2,0,,1,1,1,35,2,2,2,5,0,0,0,0,true,,false,false,false,false,false,,,,,,false,false,true,,,false,false,false,false,false,-83.17169,42.41664,"{
  ""coordinates"": [
    -8.317168901600000e+01,
    4.241664157000000e+01
  ],
  ""type"": ""Point""
}","{
  ""coordinates"": [
    -83.171689016,
    42.41664157
  ],
  ""type"": ""Point""
}",-83.171689016,42.41664157
4418,9401483,7 MILE,OAKFIELD,2015-10-20,20,10,2015,23,3,1,9,,2,0,,1,1,4,35,4,1,0,5,0,0,0,0,true,,false,false,true,false,false,,,,,,false,false,false,,,false,false,false,false,false,-83.21501,42.43013,"{
  ""coordinates"": [
    -8.321501412000001e+01,
    4.243013240400010e+01
  ],
  ""type"": ""Point""
}","{
  ""coordinates"": [
    -83.21501412,
    42.430132404
  ],
  ""type"": ""Point""
}",-83.21501412,42.4301324040001
4419,9399167,S M 39,GRAND RIVER,2015-10-20,20,10,2015,7,3,5,3,,1,0,,1,1,1,55,3,2,3,4,0,0,0,1,false,,false,false,false,false,false,,,,,,false,false,false,,,false,false,false,false,false,-83.21838,42.40071,"{
  ""coordinates"": [
    -8.321837676699990e+01,
    4.240070777000010e+01
  ],
  ""type"": ""Point""
}","{
  ""coordinates"": [
    -83.218376767,
    42.40070777
  ],
  ""type"": ""Point""
}",-83.2183767669999,42.4007077700001
4420,9400283,GRATIOT,JANE,2015-10-20,20,10,2015,0,3,8,3,,1,0,,1,1,4,35,4,2,2,5,0,0,0,0,true,,false,false,false,false,false,,,,,,false,false,false,,,false,false,false,false,false,-82.99107,42.41471,"{
  ""coordinates"": [
    -8.299107574899990e+01,
    4.241470659900010e+01
  ],
  ""type"": ""Point""
}","{
  ""coordinates"": [
    -82.991075749,
    42.414706599
  ],
  ""type"": ""Point""
}",-82.9910757489999,42.4147065990001
4421,9401512,LAHSER,MCNICHOLS,2015-10-20,20,10,2015,18,3,4,9,,2,0,,1,1,4,0,1,2,2,5,0,0,0,0,true,,false,false,true,false,false,,,,,,false,false,true,,,false,false,false,false,false,-83.25755,42.41557,"{
  ""coordinates"": [
    -8.325754737299999e+01,
    4.241556398300000e+01
  ],
  ""type"": ""Point""
}","{
  ""coordinates"": [
    -83.257547373,
    42.415563983
  ],
  ""type"": ""Point""
}",-83.257547373,42.415563983
4422,9400270,DREXEL,CHARLEVOIX,2015-10-20,20,10,2015,9,3,4,9,,,0,,1,1,1,25,2,2,2,5,0,0,0,0,true,,true,false,false,false,false,,,,,,false,false,true,,,false,false,false,false,false,-82.9569,42.38071,"{
  ""coordinates"": [
    -8.295689844899989e+01,
    4.238070594300010e+01
  ],
  ""type"": ""Point""
}","{
  ""coordinates"": [
    -82.956898449,
    42.380705943
  ],
  ""type"": ""Point""
}",-82.9568984489999,42.3807059430001
4423,9401478,HAROLD,ELLERY,2015-10-20,20,10,2015,22,3,8,9,,,0,,1,1,4,25,1,2,0,5,0,0,0,0,true,,false,false,true,false,false,,,,,,false,false,false,,,false,false,false,false,false,-83.05042,42.40525,"{
  ""coordinates"": [
    -8.305042594900000e+01,
    4.240524682400010e+01
  ],
  ""type"": ""Point""
}","{
  ""coordinates"": [
    -83.050425949,
    42.405246824
  ],
  ""type"": ""Point""
}",-83.050425949,42.4052468240001
4424,9399391,8 MILE,TELEGRAPH,2015-10-20,20,10,2015,7,3,5,3,,1,0,,1,1,1,40,3,2,2,5,0,0,0,0,true,,false,false,false,false,false,,,,,,false,false,false,,,false,false,false,false,false,-83.27825,42.44274,"{
  ""coordinates"": [
    -8.327825389200000e+01,
    4.244273860600000e+01
  ],
  ""type"": ""Point""
}","{
  ""coordinates"": [
    -83.278253892,
    42.442738606
  ],
  ""type"": ""Point""
}",-83.278253892,42.442738606
4425,9415932,WASHINGTON,FORT,2015-10-20,20,10,2015,6,3,9,3,,4,2,,1,1,1,30,4,2,2,5,0,0,0,0,true,,false,false,true,false,false,,,,,,false,false,false,,,false,false,false,false,false,-83.04975,42.32955,"{
  ""coordinates"": [
    -8.304974976400000e+01,
    4.232954812900000e+01
  ],
  ""type"": ""Point""
}","{
  ""coordinates"": [
    -83.049749764,
    42.329548129
  ],
  ""type"": ""Point""
}",-83.049749764,42.329548129
4426,9400305,S M 10,OUTER,2015-10-20,20,10,2015,18,3,4,3,,1,0,,1,2,3,35,5,2,2,5,0,0,0,0,true,,true,false,false,false,false,,,,,,false,false,true,,,false,false,false,false,false,-83.17624,42.42086,"{
  ""coordinates"": [
    -8.317624144400000e+01,
    4.242086209700010e+01
  ],
  ""type"": ""Point""
}","{
  ""coordinates"": [
    -83.176241444,
    42.420862097
  ],
  ""type"": ""Point""
}",-83.176241444,42.4208620970001
4427,9400302,RYAN,GAYLORD,2015-10-20,20,10,2015,12,3,6,9,,4,0,,1,1,1,25,1,2,2,4,0,0,0,1,false,,false,false,false,false,false,,,,,,false,false,false,,,false,false,false,false,false,-83.06255,42.4202,"{
  ""coordinates"": [
    -8.306255385299990e+01,
    4.242020163600010e+01
  ],
  ""type"": ""Point""
}","{
  ""coordinates"": [
    -83.062553853,
    42.420201636
  ],
  ""type"": ""Point""
}",-83.0625538529999,42.4202016360001
4428,9400238,VERNOR,MELDRUM,2015-10-20,20,10,2015,0,3,4,9,,4,0,,1,1,4,45,4,2,2,5,0,0,0,0,true,,false,false,false,false,false,,,,,,false,false,false,,,false,false,false,false,false,-83.01619,42.35547,"{
  ""coordinates"": [
    -8.301619132799991e+01,
    4.235546969600010e+01
  ],
  ""type"": ""Point""
}","{
  ""coordinates"": [
    -83.016191328,
    42.355469696
  ],
  ""type"": ""Point""
}",-83.0161913279999,42.3554696960001
4429,9413704,MICHIGAN,MARTIN,2015-10-20,20,10,2015,16,3,4,2,,1,0,,1,1,1,35,6,2,2,5,0,0,0,0,true,,false,false,false,false,false,,,,,,false,true,false,,,false,false,false,false,false,-83.12737,42.33115,"{
  ""coordinates"": [
    -8.312736432299990e+01,
    4.233114547600010e+01
  ],
  ""type"": ""Point""
}","{
  ""coordinates"": [
    -83.127364323,
    42.331145476
  ],
  ""type"": ""Point""
}",-83.1273643229999,42.3311454760001
4430,9401518,LAHSER,7 MILE,2015-10-20,20,10,2015,16,3,4,9,,2,0,,1,1,1,35,5,2,5,5,0,0,0,0,true,,false,false,false,false,false,,,,,,false,false,true,,,false,false,false,false,false,-83.25829,42.42916,"{
  ""coordinates"": [
    -8.325828574600000e+01,
    4.242916154700000e+01
  ],
  ""type"": ""Point""
}","{
  ""coordinates"": [
    -83.258285746,
    42.429161547
  ],
  ""type"": ""Point""
}",-83.258285746,42.429161547
4431,9401517,MCNICHOLS,LA SALLE,2015-10-20,20,10,2015,16,3,4,9,,4,0,,1,1,1,30,5,3,4,4,0,0,0,1,false,,false,false,false,false,false,,,,,,false,false,true,,,false,false,false,false,false,-83.12576,42.4174,"{
  ""coordinates"": [
    -8.312575156100000e+01,
    4.241739716000010e+01
  ],
  ""type"": ""Point""
}","{
  ""coordinates"": [
    -83.125751561,
    42.41739716
  ],
  ""type"": ""Point""
}",-83.125751561,42.4173971600001
4432,9400242,CADIEUX,WARREN,2015-10-20,20,10,2015,0,3,4,9,,4,0,,1,1,4,35,4,2,3,5,0,0,0,0,true,,true,true,false,false,false,,,,,,false,false,true,,,false,false,false,false,false,-82.92982,42.40607,"{
  ""coordinates"": [
    -8.292982057099989e+01,
    4.240607307700000e+01
  ],
  ""type"": ""Point""
}","{
  ""coordinates"": [
    -82.929820571,
    42.406073077
  ],
  ""type"": ""Point""
}",-82.9298205709999,42.406073077
4433,9404180,M-39,7 MILE,2015-10-20,20,10,2015,19,3,5,3,,1,0,,1,2,4,55,3,2,1,5,0,0,0,0,true,,false,false,true,false,false,,,,,,false,false,false,,,false,false,false,false,false,-83.21924,42.43042,"{
  ""coordinates"": [
    -8.321923994399999e+01,
    4.243042305800000e+01
  ],
  ""type"": ""Point""
}","{
  ""coordinates"": [
    -83.219239944,
    42.430423058
  ],
  ""type"": ""Point""
}",-83.219239944,42.430423058
4434,9401530,ANTHONY WAYNE,WARREN,2015-10-20,20,10,2015,20,3,4,9,,4,0,,1,2,4,25,6,2,3,5,0,0,0,0,true,,false,false,false,false,false,,,,,,false,false,true,,,false,false,false,false,false,-83.07103,42.35443,"{
  ""coordinates"": [
    -8.307102864699991e+01,
    4.235442867700000e+01
  ],
  ""type"": ""Point""
}","{
  ""coordinates"": [
    -83.071028647,
    42.354428677
  ],
  ""type"": ""Point""
}",-83.0710286469999,42.354428677
4435,9400264,GRAND,M-10,2015-10-20,20,10,2015,16,3,3,3,,1,0,,1,1,1,30,8,2,5,5,0,0,0,0,true,,false,false,false,false,false,,,,,,false,false,false,,,false,false,false,false,false,-83.06649,42.33947,"{
  ""coordinates"": [
    -8.306649227799990e+01,
    4.233947350500010e+01
  ],
  ""type"": ""Point""
}","{
  ""coordinates"": [
    -83.066492278,
    42.339473505
  ],
  ""type"": ""Point""
}",-83.0664922779999,42.3394735050001
4436,9400106,I-94,CHENE,2015-10-20,20,10,2015,19,3,5,1,,1,0,,1,1,4,55,4,2,2,4,0,0,0,2,false,,false,false,false,false,false,,,,,,false,false,false,,,false,false,false,false,false,-83.05078,42.37275,"{
  ""coordinates"": [
    -8.305077879100000e+01,
    4.237274571800000e+01
  ],
  ""type"": ""Point""
}","{
  ""coordinates"": [
    -83.050778791,
    42.372745718
  ],
  ""type"": ""Point""
}",-83.050778791,42.372745718
4437,9399408,TELEGRAPH,8 MILE,2015-10-20,20,10,2015,4,3,5,2,,1,0,,1,1,4,45,4,2,2,4,0,0,0,1,false,,false,false,false,false,false,,,,,,false,false,true,,,false,false,false,false,false,-83.27826,42.44287,"{
  ""coordinates"": [
    -8.327825601099990e+01,
    4.244286663200010e+01
  ],
  ""type"": ""Point""
}","{
  ""coordinates"": [
    -83.278256011,
    42.442866632
  ],
  ""type"": ""Point""
}",-83.2782560109999,42.4428666320001
4438,9402791,SHOEMAKER,CONNER,2015-10-20,20,10,2015,12,3,4,9,,4,0,,1,1,1,30,7,2,5,5,0,0,0,0,true,,true,true,false,false,false,,,,,,false,false,false,,,false,false,false,false,false,-82.98321,42.39294,"{
  ""coordinates"": [
    -8.298320721399990e+01,
    4.239293623700010e+01
  ],
  ""type"": ""Point""
}","{
  ""coordinates"": [
    -82.983207214,
    42.392936237
  ],
  ""type"": ""Point""
}",-82.9832072139999,42.3929362370001
4439,9415931,JEFFERSON,WOODWARD,2015-10-20,20,10,2015,8,3,8,3,,1,0,,1,1,1,35,3,2,2,5,0,0,0,0,true,,false,false,false,false,false,,,,,,false,false,false,,,false,false,false,false,false,-83.04479,42.32873,"{
  ""coordinates"": [
    -8.304479369400001e+01,
    4.232873224600010e+01
  ],
  ""type"": ""Point""
}","{
  ""coordinates"": [
    -83.044793694,
    42.328732246
  ],
  ""type"": ""Point""
}",-83.044793694,42.3287322460001
4440,9404402,JAMES COUZENS,GRIGGS,2015-10-20,20,10,2015,16,3,5,9,,4,0,,1,1,1,35,3,2,1,4,0,0,0,1,false,,false,false,false,false,false,,,,,,false,false,false,,,false,false,false,false,false,-83.16324,42.40796,"{
  ""coordinates"": [
    -8.316324172200000e+01,
    4.240795440500010e+01
  ],
  ""type"": ""Point""
}","{
  ""coordinates"": [
    -83.163241722,
    42.407954405
  ],
  ""type"": ""Point""
}",-83.163241722,42.4079544050001
4441,9402811,8 MILE,LIVERNOIS,2015-10-20,20,10,2015,2,3,1,3,,1,1,,1,1,4,40,6,1,1,5,0,0,0,0,true,,false,false,false,true,false,,,,,,false,false,false,,,false,false,false,false,false,-83.14164,42.44609,"{
  ""coordinates"": [
    -8.314163899000000e+01,
    4.244609113300000e+01
  ],
  ""type"": ""Point""
}","{
  ""coordinates"": [
    -83.14163899,
    42.446091133
  ],
  ""type"": ""Point""
}",-83.14163899,42.446091133
4442,9402721,W I 94 SERVICE DRIVE,HUDSON,2015-10-20,20,10,2015,9,3,1,9,,,1,,1,1,1,30,2,1,1,5,0,0,0,0,true,,false,false,false,false,false,,,,,,false,false,false,,,false,false,false,false,false,-83.08883,42.35382,"{
  ""coordinates"": [
    -8.308882653200000e+01,
    4.235381535500010e+01
  ],
  ""type"": ""Point""
}","{
  ""coordinates"": [
    -83.088826532,
    42.353815355
  ],
  ""type"": ""Point""
}",-83.088826532,42.3538153550001
4443,9403320,M-39,TIREMAN,2015-10-20,20,10,2015,13,3,5,3,,1,0,,1,1,1,55,3,3,3,4,0,0,0,1,false,,false,false,false,false,false,,,,,,false,false,true,,,false,false,false,false,false,-83.21626,42.35049,"{
  ""coordinates"": [
    -8.321625566300000e+01,
    4.235048640000010e+01
  ],
  ""type"": ""Point""
}","{
  ""coordinates"": [
    -83.216255663,
    42.3504864
  ],
  ""type"": ""Point""
}",-83.216255663,42.3504864000001
4444,9402786,JOHN R,HANCOCK,2015-10-20,20,10,2015,6,3,4,9,,4,0,,1,1,4,25,2,2,2,2,0,1,0,0,false,,true,true,false,false,false,,,,,,false,false,false,,,false,false,false,false,false,-83.06145,42.3567,"{
  ""coordinates"": [
    -8.306145199500000e+01,
    4.235670451900010e+01
  ],
  ""type"": ""Point""
}","{
  ""coordinates"": [
    -83.061451995,
    42.356704519
  ],
  ""type"": ""Point""
}",-83.061451995,42.3567045190001
4445,9401482,GALLAGHER,NEVADA,2015-10-20,20,10,2015,16,3,4,9,,,0,,1,1,1,30,2,2,3,5,0,0,0,0,true,,false,false,true,false,false,,,,,,false,false,true,,,false,false,false,false,false,-83.06908,42.42583,"{
  ""coordinates"": [
    -8.306908615899989e+01,
    4.242583037100010e+01
  ],
  ""type"": ""Point""
}","{
  ""coordinates"": [
    -83.069086159,
    42.425830371
  ],
  ""type"": ""Point""
}",-83.0690861589999,42.4258303710001
4446,9400269,SOUTHAMPTON,NEFF,2015-10-20,20,10,2015,2,3,2,9,,,2,,1,1,4,25,2,2,0,5,0,0,0,0,true,,false,false,true,false,false,,,,,,false,false,false,,,false,false,false,false,false,-82.92709,42.41119,"{
  ""coordinates"": [
    -8.292708572399989e+01,
    4.241118613500000e+01
  ],
  ""type"": ""Point""
}","{
  ""coordinates"": [
    -82.927085724,
    42.411186135
  ],
  ""type"": ""Point""
}",-82.9270857239999,42.411186135
4447,9403292,I-94,BRUSH,2015-10-19,19,10,2015,8,2,5,1,,1,0,,1,1,1,55,3,2,2,5,0,0,0,0,true,,false,false,false,false,false,,,,,,false,false,false,,,false,false,false,false,false,-83.06487,42.36565,"{
  ""coordinates"": [
    -8.306487572400000e+01,
    4.236564456300000e+01
  ],
  ""type"": ""Point""
}","{
  ""coordinates"": [
    -83.064875724,
    42.365644563
  ],
  ""type"": ""Point""
}",-83.064875724,42.365644563