ObjectId,Crash ID,Primary Road,Intersecting Road,Crash Date,Day,Month,Year,Hour,Weekday,Crash Type Code,Highway Classification Code,Community Code,Jurisdiction Code,Lane Departure Type Code,Surface Type,Road Condition,Weather Condition,Lighting Condition,Speed Limit,Lanes,Units,Occupants,Most Severe Injury,Fatal Injuries,Suspected Serious Injuries,Suspected Minor Injuries,Possible Injuries,Property Damage Only,Secondary Crash,Traffic Control,Red Light Run,Hit and Run,Alcohol,Drugs,Unbelted Person,Work Zone,Speeding Driver,Distracted Driver,Driveway,Pedestrian,Elderly Driver,Young Driver,Commercial Vehicle,Emergency Vehicles,Train,School Bus,Motorcycle,Bicycle,Deer,Longitude,Latitude,geom,geog,x,y
4505,9399148,GRANDRIVER,LINWOOD,2015-10-19,19,10,2015,15,2,8,3,,1,0,,1,1,1,35,4,2,4,5,0,0,0,0,true,,false,false,false,false,false,,,,,,false,false,false,,,false,false,false,false,false,-83.0927,42.35007,"{
  ""coordinates"": [
    -8.309270797900000e+01,
    4.235007538000010e+01
  ],
  ""type"": ""Point""
}","{
  ""coordinates"": [
    -83.092707979,
    42.35007538
  ],
  ""type"": ""Point""
}",-83.092707979,42.3500753800001
4506,9405696,GLENFIELD,COPLIN,2015-10-19,19,10,2015,21,2,4,9,,,0,,1,1,1,25,1,2,4,5,0,0,0,0,true,,false,false,false,false,false,,,,,,false,false,false,,,false,false,false,false,false,-82.97823,42.41581,"{
  ""coordinates"": [
    -8.297822250199989e+01,
    4.241580918500010e+01
  ],
  ""type"": ""Point""
}","{
  ""coordinates"": [
    -82.978222502,
    42.415809185
  ],
  ""type"": ""Point""
}",-82.9782225019999,42.4158091850001
4507,9400211,SYLVESTER,CANTON,2015-10-19,19,10,2015,13,2,5,9,,,0,,1,1,1,25,2,2,1,5,0,0,0,0,true,,false,false,false,false,false,,,,,,false,false,false,,,false,false,false,false,false,-83.01696,42.36581,"{
  ""coordinates"": [
    -8.301695900700000e+01,
    4.236580605700000e+01
  ],
  ""type"": ""Point""
}","{
  ""coordinates"": [
    -83.016959007,
    42.365806057
  ],
  ""type"": ""Point""
}",-83.016959007,42.365806057
4508,9399104,GRATIOT,LINNHURST,2015-10-19,19,10,2015,10,2,5,3,,1,0,,1,1,1,40,6,2,2,5,0,0,0,0,true,,false,false,false,false,false,,,,,,false,false,true,,,false,false,false,false,false,-82.98015,42.43134,"{
  ""coordinates"": [
    -8.298014933199990e+01,
    4.243134092800010e+01
  ],
  ""type"": ""Point""
}","{
  ""coordinates"": [
    -82.980149332,
    42.431340928
  ],
  ""type"": ""Point""
}",-82.9801493319999,42.4313409280001
4509,9400237,JEFFERSON,CHENE,2015-10-19,19,10,2015,15,2,5,9,,4,0,,1,1,1,30,5,5,7,5,0,0,0,0,true,,false,false,false,false,false,,,,,,false,false,false,,,false,false,false,false,false,-83.02279,42.33818,"{
  ""coordinates"": [
    -8.302278975800000e+01,
    4.233817795400010e+01
  ],
  ""type"": ""Point""
}","{
  ""coordinates"": [
    -83.022789758,
    42.338177954
  ],
  ""type"": ""Point""
}",-83.022789758,42.3381779540001
4510,9402613,I-94,TRUMBULL,2015-10-19,19,10,2015,16,2,5,1,,1,0,,1,1,1,55,3,2,4,5,0,0,0,0,true,,false,false,true,false,false,,,,,,false,false,true,,,false,false,false,false,false,-83.08194,42.35559,"{
  ""coordinates"": [
    -8.308193854699989e+01,
    4.235558725300010e+01
  ],
  ""type"": ""Point""
}","{
  ""coordinates"": [
    -83.081938547,
    42.355587253
  ],
  ""type"": ""Point""
}",-83.0819385469999,42.3555872530001
4511,9401332,LODGE,SCHAEFER,2015-10-19,19,10,2015,1,2,1,3,,1,1,,1,1,4,55,3,1,2,4,0,0,0,1,false,,false,false,false,false,false,,,,,,false,false,false,,,false,false,false,false,false,-83.18045,42.42526,"{
  ""coordinates"": [
    -8.318044729800000e+01,
    4.242525885500000e+01
  ],
  ""type"": ""Point""
}","{
  ""coordinates"": [
    -83.180447298,
    42.425258855
  ],
  ""type"": ""Point""
}",-83.180447298,42.425258855
4512,9406455,STRATHMOOR,LYNDON,2015-10-18,18,10,2015,5,1,97,9,,,0,,1,1,4,25,3,2,0,5,0,0,0,0,true,,false,false,true,false,false,,,,,,false,false,false,,,false,false,false,false,false,-83.1874,42.39319,"{
  ""coordinates"": [
    -8.318740452199999e+01,
    4.239319003700010e+01
  ],
  ""type"": ""Point""
}","{
  ""coordinates"": [
    -83.187404522,
    42.393190037
  ],
  ""type"": ""Point""
}",-83.187404522,42.3931900370001
4513,9399428,PROMENADE,HAYES,2015-10-18,18,10,2015,1,1,8,9,,,0,,1,1,4,25,1,2,1,5,0,0,0,0,true,,false,false,false,false,false,,,,,,false,false,true,,,false,false,false,false,false,-82.96423,42.41342,"{
  ""coordinates"": [
    -8.296422787499991e+01,
    4.241342108400000e+01
  ],
  ""type"": ""Point""
}","{
  ""coordinates"": [
    -82.964227875,
    42.413421084
  ],
  ""type"": ""Point""
}",-82.9642278749999,42.413421084
4514,9404224,I-75,DAVISON,2015-10-18,18,10,2015,14,1,8,1,,1,0,,1,1,1,55,4,2,2,5,0,0,0,0,true,,false,false,false,false,false,,,,,,false,false,false,,,false,false,false,false,false,-83.07781,42.40749,"{
  ""coordinates"": [
    -8.307780887500000e+01,
    4.240749359200000e+01
  ],
  ""type"": ""Point""
}","{
  ""coordinates"": [
    -83.077808875,
    42.407493592
  ],
  ""type"": ""Point""
}",-83.077808875,42.407493592
4515,9404176,S M 10,MARTIN LUTHER KING JR,2015-10-18,18,10,2015,12,1,5,3,,1,0,,1,1,1,55,3,3,5,3,0,0,1,1,false,,false,false,false,false,false,,,,,,false,true,false,,,false,false,false,false,false,-83.06824,42.34331,"{
  ""coordinates"": [
    -8.306823400400000e+01,
    4.234330917700000e+01
  ],
  ""type"": ""Point""
}","{
  ""coordinates"": [
    -83.068234004,
    42.343309177
  ],
  ""type"": ""Point""
}",-83.068234004,42.343309177
4516,9399422,GRATIOT,ROSEMARY,2015-10-18,18,10,2015,10,1,4,3,,1,0,,1,1,1,35,7,2,5,5,0,0,0,0,true,,false,false,false,false,false,,,,,,false,true,false,,,false,false,false,false,false,-82.99554,42.40788,"{
  ""coordinates"": [
    -8.299554505899989e+01,
    4.240787450500010e+01
  ],
  ""type"": ""Point""
}","{
  ""coordinates"": [
    -82.995545059,
    42.407874505
  ],
  ""type"": ""Point""
}",-82.9955450589999,42.4078745050001
4517,9399403,8 MILE,TRINITY,2015-10-18,18,10,2015,13,1,4,3,,1,0,,1,1,1,40,4,2,2,5,0,0,0,0,true,,false,false,true,false,false,,,,,,false,false,false,,,false,false,false,false,false,-83.25063,42.44345,"{
  ""coordinates"": [
    -8.325062511800000e+01,
    4.244344902600010e+01
  ],
  ""type"": ""Point""
}","{
  ""coordinates"": [
    -83.250625118,
    42.443449026
  ],
  ""type"": ""Point""
}",-83.250625118,42.4434490260001
4518,9402611,EB I-94,CONNER,2015-10-18,18,10,2015,17,1,1,1,,1,0,,1,1,1,55,3,1,1,5,0,0,0,0,true,,false,false,false,false,false,,,,,,false,false,false,,,false,false,false,false,false,-82.98732,42.39676,"{
  ""coordinates"": [
    -8.298732331900000e+01,
    4.239675991100010e+01
  ],
  ""type"": ""Point""
}","{
  ""coordinates"": [
    -82.987323319,
    42.396759911
  ],
  ""type"": ""Point""
}",-82.987323319,42.3967599110001
4519,9397879,WHITTIER,LINVILLE,2015-10-18,18,10,2015,13,1,3,9,,4,0,,1,1,1,25,2,2,2,4,0,0,0,2,false,,true,false,true,false,false,,,,,,false,false,false,,,false,false,false,false,false,-82.94084,42.4102,"{
  ""coordinates"": [
    -8.294083858600000e+01,
    4.241020227200000e+01
  ],
  ""type"": ""Point""
}","{
  ""coordinates"": [
    -82.940838586,
    42.410202272
  ],
  ""type"": ""Point""
}",-82.940838586,42.410202272
4520,9399427,7 MILE,ALGONAC,2015-10-18,18,10,2015,10,1,6,9,,4,0,,1,1,1,30,3,2,2,4,0,0,0,1,false,,false,false,true,false,false,,,,,,false,false,false,,,false,false,false,false,false,-83.01065,42.43427,"{
  ""coordinates"": [
    -8.301064959300000e+01,
    4.243426759300010e+01
  ],
  ""type"": ""Point""
}","{
  ""coordinates"": [
    -83.010649593,
    42.434267593
  ],
  ""type"": ""Point""
}",-83.010649593,42.4342675930001
4521,9404177,M39,PURITAN,2015-10-18,18,10,2015,14,1,5,3,,1,0,,1,1,1,55,3,2,3,4,0,0,0,2,false,,false,false,false,false,false,,,,,,false,true,false,,,false,false,false,false,false,-83.21851,42.40805,"{
  ""coordinates"": [
    -8.321850606200000e+01,
    4.240805527600000e+01
  ],
  ""type"": ""Point""
}","{
  ""coordinates"": [
    -83.218506062,
    42.408055276
  ],
  ""type"": ""Point""
}",-83.218506062,42.408055276
4522,9399406,SAINT MARYS,KENDALL,2015-10-18,18,10,2015,10,1,4,9,,,0,,1,1,1,25,4,2,3,4,0,0,0,2,false,,true,false,false,false,false,,,,,,false,true,true,,,false,false,false,false,false,-83.20576,42.38931,"{
  ""coordinates"": [
    -8.320576052199991e+01,
    4.238930629300010e+01
  ],
  ""type"": ""Point""
}","{
  ""coordinates"": [
    -83.205760522,
    42.389306293
  ],
  ""type"": ""Point""
}",-83.2057605219999,42.3893062930001
4523,9397882,EVERGREEN,CAPITOL,2015-10-18,18,10,2015,20,1,1,9,,4,1,,1,1,4,35,5,1,1,5,0,0,0,0,true,,false,false,false,false,false,,,,,,false,false,false,,,false,false,false,false,false,-83.2364,42.37631,"{
  ""coordinates"": [
    -8.323639352799999e+01,
    4.237631043600000e+01
  ],
  ""type"": ""Point""
}","{
  ""coordinates"": [
    -83.236393528,
    42.376310436
  ],
  ""type"": ""Point""
}",-83.236393528,42.376310436
4524,9397676,I-96,MLK,2015-10-18,18,10,2015,0,1,5,1,,1,0,,1,1,5,70,4,2,2,5,0,0,0,0,true,,false,false,false,false,false,,,,,,false,false,false,,,false,false,false,false,false,-83.09367,42.34094,"{
  ""coordinates"": [
    -8.309367471600000e+01,
    4.234094073500010e+01
  ],
  ""type"": ""Point""
}","{
  ""coordinates"": [
    -83.093674716,
    42.340940735
  ],
  ""type"": ""Point""
}",-83.093674716,42.3409407350001
4525,9405519,I-75,DAVISON,2015-10-18,18,10,2015,0,1,8,1,,1,0,,1,2,5,70,4,2,2,4,0,0,0,1,false,,false,false,true,true,false,,,,,,false,false,false,,,false,false,false,false,false,-83.08058,42.40988,"{
  ""coordinates"": [
    -8.308058225300000e+01,
    4.240988069200010e+01
  ],
  ""type"": ""Point""
}","{
  ""coordinates"": [
    -83.080582253,
    42.409880692
  ],
  ""type"": ""Point""
}",-83.080582253,42.4098806920001
4526,9401488,MCCORMICK,BEACONSFIELD,2015-10-18,18,10,2015,15,1,4,9,,,0,,1,1,1,25,1,2,4,5,0,0,0,0,true,,false,false,false,false,false,,,,,,false,false,true,,,false,false,false,false,false,-82.9409,42.43062,"{
  ""coordinates"": [
    -8.294089237599999e+01,
    4.243062274800010e+01
  ],
  ""type"": ""Point""
}","{
  ""coordinates"": [
    -82.940892376,
    42.430622748
  ],
  ""type"": ""Point""
}",-82.940892376,42.4306227480001
4527,9399375,LIVERNOIS,WAGNER,2015-10-18,18,10,2015,14,1,4,9,,4,0,,1,1,1,35,6,2,3,4,0,0,0,1,false,,false,false,false,false,false,,,,,,false,false,true,,,false,false,false,false,false,-83.12853,42.34239,"{
  ""coordinates"": [
    -8.312853028500000e+01,
    4.234239385100010e+01
  ],
  ""type"": ""Point""
}","{
  ""coordinates"": [
    -83.128530285,
    42.342393851
  ],
  ""type"": ""Point""
}",-83.128530285,42.3423938510001
4528,9397825,10TH,LEVERETTE,2015-10-18,18,10,2015,10,1,97,9,,,0,,1,1,1,25,2,2,1,5,0,0,0,0,true,,false,false,false,false,false,,,,,,false,false,false,,,false,false,false,false,false,-83.06754,42.32976,"{
  ""coordinates"": [
    -8.306754456499991e+01,
    4.232975990300010e+01
  ],
  ""type"": ""Point""
}","{
  ""coordinates"": [
    -83.067544565,
    42.329759903
  ],
  ""type"": ""Point""
}",-83.0675445649999,42.3297599030001
4529,9399161,BEAVERLAND,GRAND RIVER,2015-10-18,18,10,2015,20,1,5,3,,,0,,1,1,4,25,1,2,1,5,0,0,0,0,true,,false,false,true,false,false,,,,,,false,false,false,,,false,false,false,false,false,-83.26525,42.41958,"{
  ""coordinates"": [
    -8.326525246900000e+01,
    4.241957755600000e+01
  ],
  ""type"": ""Point""
}","{
  ""coordinates"": [
    -83.265252469,
    42.419577556
  ],
  ""type"": ""Point""
}",-83.265252469,42.419577556
4530,9404391,WARREN,FORRER,2015-10-18,18,10,2015,13,1,5,9,,2,0,,1,1,1,35,4,3,3,4,0,0,0,3,false,,false,false,false,false,false,,,,,,false,true,true,,,false,false,false,false,false,-83.19986,42.34362,"{
  ""coordinates"": [
    -8.319986036499991e+01,
    4.234361734400010e+01
  ],
  ""type"": ""Point""
}","{
  ""coordinates"": [
    -83.199860365,
    42.343617344
  ],
  ""type"": ""Point""
}",-83.1998603649999,42.3436173440001
4531,9400282,S I 75 SERVICE DRIVE,MACK,2015-10-18,18,10,2015,14,1,4,1,,4,0,,1,1,1,35,3,2,3,5,0,0,0,0,true,,false,false,true,false,false,,,,,,false,false,false,,,false,false,false,false,false,-83.04861,42.35114,"{
  ""coordinates"": [
    -8.304860591200000e+01,
    4.235114430700000e+01
  ],
  ""type"": ""Point""
}","{
  ""coordinates"": [
    -83.048605912,
    42.351144307
  ],
  ""type"": ""Point""
}",-83.048605912,42.351144307
4532,9396828,WARREN,RUTLAND,2015-10-18,18,10,2015,0,1,5,9,,2,3,,1,1,4,35,2,2,1,5,0,0,0,0,true,,false,false,false,true,false,,,,,,false,false,false,,,false,false,false,false,false,-83.21228,42.34343,"{
  ""coordinates"": [
    -8.321228196899990e+01,
    4.234343049800000e+01
  ],
  ""type"": ""Point""
}","{
  ""coordinates"": [
    -83.212281969,
    42.343430498
  ],
  ""type"": ""Point""
}",-83.2122819689999,42.343430498
4533,9399093,7 MILE,N M 39,2015-10-18,18,10,2015,16,1,5,9,,2,0,,1,1,1,35,6,2,4,4,0,0,0,1,false,,false,false,false,false,false,,,,,,false,false,true,,,false,false,false,false,false,-83.21922,42.43002,"{
  ""coordinates"": [
    -8.321922439600000e+01,
    4.243001886700010e+01
  ],
  ""type"": ""Point""
}","{
  ""coordinates"": [
    -83.219224396,
    42.430018867
  ],
  ""type"": ""Point""
}",-83.219224396,42.4300188670001
4534,9405474,M-39,SCHOOLCRAFT,2015-10-18,18,10,2015,3,1,5,3,,1,0,,1,1,4,55,3,2,2,5,0,0,0,0,true,,false,false,false,false,false,,,,,,false,false,true,,,false,false,false,false,false,-83.21753,42.38643,"{
  ""coordinates"": [
    -8.321753011100000e+01,
    4.238643396700010e+01
  ],
  ""type"": ""Point""
}","{
  ""coordinates"": [
    -83.217530111,
    42.386433967
  ],
  ""type"": ""Point""
}",-83.217530111,42.3864339670001
4535,9399039,CLIFFORD,ADAMS,2015-10-18,18,10,2015,10,1,2,9,,4,2,,1,1,1,30,8,2,1,5,0,0,0,0,true,,false,false,true,false,false,,,,,,false,false,false,,,false,false,false,false,false,-83.05387,42.33582,"{
  ""coordinates"": [
    -8.305386989399990e+01,
    4.233581464100010e+01
  ],
  ""type"": ""Point""
}","{
  ""coordinates"": [
    -83.053869894,
    42.335814641
  ],
  ""type"": ""Point""
}",-83.0538698939999,42.3358146410001
4536,9413749,25TH,VERNOR,2015-10-18,18,10,2015,21,1,97,9,,,0,,1,1,4,25,1,2,1,5,0,0,0,0,true,,false,false,false,true,false,,,,,,false,false,false,,,false,false,false,false,false,-83.08942,42.32528,"{
  ""coordinates"": [
    -8.308941839100000e+01,
    4.232527812100010e+01
  ],
  ""type"": ""Point""
}","{
  ""coordinates"": [
    -83.089418391,
    42.325278121
  ],
  ""type"": ""Point""
}",-83.089418391,42.3252781210001
4537,9416045,LENORE,PICKFORD,2015-10-18,18,10,2015,0,1,2,9,,,2,,1,1,4,25,1,2,3,5,0,0,0,0,true,,false,false,false,false,false,,,,,,false,true,false,,,false,false,false,false,false,-83.28134,42.42322,"{
  ""coordinates"": [
    -8.328133823699990e+01,
    4.242322108000010e+01
  ],
  ""type"": ""Point""
}","{
  ""coordinates"": [
    -83.281338237,
    42.42322108
  ],
  ""type"": ""Point""
}",-83.2813382369999,42.4232210800001
4538,9405459,I-94,SCOTTEN,2015-10-18,18,10,2015,4,1,5,1,,1,0,,1,1,5,55,3,2,7,3,0,0,1,0,false,,false,false,true,false,false,,,,,,false,false,false,,,false,false,false,false,false,-83.11127,42.3462,"{
  ""coordinates"": [
    -8.311127320000000e+01,
    4.234619972100010e+01
  ],
  ""type"": ""Point""
}","{
  ""coordinates"": [
    -83.1112732,
    42.346199721
  ],
  ""type"": ""Point""
}",-83.1112732,42.3461997210001
4539,9397854,GREENFIELD,CHALFONTE,2015-10-18,18,10,2015,16,1,8,9,,2,0,,1,1,1,35,4,2,3,3,0,0,1,2,false,,false,false,false,false,false,,,,,,false,true,true,,,false,false,false,false,false,-83.19864,42.39958,"{
  ""coordinates"": [
    -8.319863571699990e+01,
    4.239957917800010e+01
  ],
  ""type"": ""Point""
}","{
  ""coordinates"": [
    -83.198635717,
    42.399579178
  ],
  ""type"": ""Point""
}",-83.1986357169999,42.3995791780001
4540,9404214,RAMP 008B,E I 96 CD,2015-10-18,18,10,2015,15,1,5,1,,1,0,,1,1,1,45,2,2,2,5,0,0,0,0,true,,false,false,false,false,false,,,,,,false,false,true,,,false,false,false,false,false,-83.20801,42.37853,"{
  ""coordinates"": [
    -8.320800882400000e+01,
    4.237852718700000e+01
  ],
  ""type"": ""Point""
}","{
  ""coordinates"": [
    -83.208008824,
    42.378527187
  ],
  ""type"": ""Point""
}",-83.208008824,42.378527187
4541,9406507,WINDER,RUSSELL,2015-10-18,18,10,2015,10,1,8,9,,,0,,1,1,1,25,1,2,1,5,0,0,0,0,true,,false,false,false,false,false,,,,,,false,true,false,,,false,false,false,false,false,-83.04031,42.3459,"{
  ""coordinates"": [
    -8.304030621000000e+01,
    4.234590306600010e+01
  ],
  ""type"": ""Point""
}","{
  ""coordinates"": [
    -83.04030621,
    42.345903066
  ],
  ""type"": ""Point""
}",-83.04030621,42.3459030660001
4542,9404213,RAMP 139B,E I 96,2015-10-18,18,10,2015,14,1,1,1,,1,1,,1,1,1,0,4,1,3,2,0,1,1,0,false,,false,false,false,false,false,,,,,,false,false,false,,,false,false,false,false,false,-83.14876,42.38265,"{
  ""coordinates"": [
    -8.314876155800000e+01,
    4.238264907700010e+01
  ],
  ""type"": ""Point""
}","{
  ""coordinates"": [
    -83.148761558,
    42.382649077
  ],
  ""type"": ""Point""
}",-83.148761558,42.3826490770001
4543,9397682,I-96,TELEGRAPH,2015-10-18,18,10,2015,4,1,5,1,,1,0,,1,1,4,70,5,2,2,5,0,0,0,0,true,,false,false,false,false,false,,,,,,false,false,true,,,false,false,false,false,false,-83.27234,42.38555,"{
  ""coordinates"": [
    -8.327233897900000e+01,
    4.238555203600000e+01
  ],
  ""type"": ""Point""
}","{
  ""coordinates"": [
    -83.272338979,
    42.385552036
  ],
  ""type"": ""Point""
}",-83.272338979,42.385552036
4544,9399418,OUTER,HARPER,2015-10-18,18,10,2015,11,1,5,9,,2,0,,1,1,1,35,7,2,1,5,0,0,0,0,true,,false,false,true,false,false,,,,,,false,false,false,,,false,false,false,false,false,-82.9605,42.4058,"{
  ""coordinates"": [
    -8.296050363099990e+01,
    4.240580158100000e+01
  ],
  ""type"": ""Point""
}","{
  ""coordinates"": [
    -82.960503631,
    42.405801581
  ],
  ""type"": ""Point""
}",-82.9605036309999,42.405801581
4545,9397881,OUTER,LYNDON,2015-10-18,18,10,2015,18,1,4,9,,2,0,,1,1,1,35,2,3,4,3,0,0,1,1,false,,true,true,true,false,false,,,,,,false,false,true,,,false,false,false,false,false,-83.25641,42.39308,"{
  ""coordinates"": [
    -8.325641121800000e+01,
    4.239308155900010e+01
  ],
  ""type"": ""Point""
}","{
  ""coordinates"": [
    -83.256411218,
    42.393081559
  ],
  ""type"": ""Point""
}",-83.256411218,42.3930815590001
4546,9399423,BALFOUR,BRITAIN,2015-10-18,18,10,2015,18,1,97,9,,,0,,1,1,1,25,2,2,0,5,0,0,0,0,true,,false,false,true,false,false,,,,,,false,false,false,,,false,false,false,false,false,-82.94476,42.42017,"{
  ""coordinates"": [
    -8.294475571200000e+01,
    4.242017394900010e+01
  ],
  ""type"": ""Point""
}","{
  ""coordinates"": [
    -82.944755712,
    42.420173949
  ],
  ""type"": ""Point""
}",-82.944755712,42.4201739490001
4547,9399451,PINEHURST,SANTA CLARA,2015-10-18,18,10,2015,19,1,97,9,,,0,,1,1,4,25,2,2,3,5,0,0,0,0,true,,false,false,false,false,false,,,,,,false,false,true,,,false,false,false,false,false,-83.16701,42.41944,"{
  ""coordinates"": [
    -8.316700380600000e+01,
    4.241944309700010e+01
  ],
  ""type"": ""Point""
}","{
  ""coordinates"": [
    -83.167003806,
    42.419443097
  ],
  ""type"": ""Point""
}",-83.167003806,42.4194430970001
4548,9407293,I-94,TRUMBULL,2015-10-18,18,10,2015,15,1,8,1,,1,0,,1,2,1,55,3,2,3,5,0,0,0,0,true,,false,false,true,true,false,,,,,,false,false,true,,,false,false,false,false,false,-83.081,42.35603,"{
  ""coordinates"": [
    -8.308100119499990e+01,
    4.235602698900000e+01
  ],
  ""type"": ""Point""
}","{
  ""coordinates"": [
    -83.081001195,
    42.356026989
  ],
  ""type"": ""Point""
}",-83.0810011949999,42.356026989
4549,9402608,NEWPORT,CORBETT,2015-10-18,18,10,2015,22,1,1,9,,,1,,1,1,4,25,2,1,1,2,0,1,0,0,false,,false,false,false,false,false,,,,,,false,false,true,,,false,false,false,false,false,-82.97019,42.40838,"{
  ""coordinates"": [
    -8.297019467500000e+01,
    4.240838061100000e+01
  ],
  ""type"": ""Point""
}","{
  ""coordinates"": [
    -82.970194675,
    42.408380611
  ],
  ""type"": ""Point""
}",-82.970194675,42.408380611
4550,9402610,WARREN,N M 39,2015-10-18,18,10,2015,1,1,9,9,,2,0,,1,1,1,35,4,2,3,5,0,0,0,0,true,,false,false,true,false,false,,,,,,false,false,false,,,false,false,false,false,false,-83.21593,42.34337,"{
  ""coordinates"": [
    -8.321593330199990e+01,
    4.234337048300010e+01
  ],
  ""type"": ""Point""
}","{
  ""coordinates"": [
    -83.215933302,
    42.343370483
  ],
  ""type"": ""Point""
}",-83.2159333019999,42.3433704830001
4551,9416466,CARPENTER,CONANT,2015-10-18,18,10,2015,10,1,4,9,,4,0,,1,1,1,25,2,2,8,5,0,0,0,0,true,,true,true,false,false,false,,,,,,false,false,true,,,false,false,false,false,false,-83.05706,42.40898,"{
  ""coordinates"": [
    -8.305706229899990e+01,
    4.240897967900000e+01
  ],
  ""type"": ""Point""
}","{
  ""coordinates"": [
    -83.057062299,
    42.408979679
  ],
  ""type"": ""Point""
}",-83.0570622989999,42.408979679
4552,9397839,LAFAYETTE,PARKER,2015-10-18,18,10,2015,12,1,97,9,,4,0,,1,1,1,25,2,2,0,5,0,0,0,0,true,,false,false,true,false,false,,,,,,false,false,false,,,false,false,false,false,false,-82.99499,42.35369,"{
  ""coordinates"": [
    -8.299498695100000e+01,
    4.235369061700000e+01
  ],
  ""type"": ""Point""
}","{
  ""coordinates"": [
    -82.994986951,
    42.353690617
  ],
  ""type"": ""Point""
}",-82.994986951,42.353690617
4553,9399014,WOODWARD,CONGRESS,2015-10-18,18,10,2015,0,1,9,9,,4,2,,1,1,5,35,3,2,2,5,0,0,0,0,true,,false,false,false,false,false,,,,,,false,false,false,,,false,false,false,false,false,-83.04565,42.3303,"{
  ""coordinates"": [
    -8.304565125200000e+01,
    4.233030100900000e+01
  ],
  ""type"": ""Point""
}","{
  ""coordinates"": [
    -83.045651252,
    42.330301009
  ],
  ""type"": ""Point""
}",-83.045651252,42.330301009
4554,9400301,8 MILE,JOHN R,2015-10-18,18,10,2015,17,1,5,3,,1,0,,1,1,1,40,4,3,3,4,0,0,0,1,false,,false,false,false,false,false,,,,,,false,false,true,,,false,false,false,false,false,-83.10284,42.44699,"{
  ""coordinates"": [
    -8.310284561799990e+01,
    4.244698602200000e+01
  ],
  ""type"": ""Point""
}","{
  ""coordinates"": [
    -83.102845618,
    42.446986022
  ],
  ""type"": ""Point""
}",-83.1028456179999,42.446986022
4555,9401348,S M 10,EUCLID,2015-10-18,18,10,2015,18,1,8,3,,1,0,,1,1,1,55,3,2,5,5,0,0,0,0,true,,false,false,false,false,false,,,,,,false,false,false,,,false,false,false,false,false,-83.08624,42.37346,"{
  ""coordinates"": [
    -8.308623369900000e+01,
    4.237346125900010e+01
  ],
  ""type"": ""Point""
}","{
  ""coordinates"": [
    -83.086233699,
    42.373461259
  ],
  ""type"": ""Point""
}",-83.086233699,42.3734612590001
4556,9404169,M39,GRAND RIVER,2015-10-18,18,10,2015,15,1,5,3,,1,0,,1,1,1,55,3,2,3,5,0,0,0,0,true,,false,false,true,false,false,,,,,,false,false,false,,,false,false,false,false,false,-83.21819,42.40095,"{
  ""coordinates"": [
    -8.321819484199990e+01,
    4.240094654800000e+01
  ],
  ""type"": ""Point""
}","{
  ""coordinates"": [
    -83.218194842,
    42.400946548
  ],
  ""type"": ""Point""
}",-83.2181948419999,42.400946548
4557,9397838,JOY,MANSFIELD,2015-10-18,18,10,2015,4,1,8,9,,2,0,,1,1,4,35,4,4,2,4,0,0,0,1,false,,false,false,true,false,false,,,,,,false,false,false,,,false,false,false,false,false,-83.20329,42.35803,"{
  ""coordinates"": [
    -8.320329239300000e+01,
    4.235803371700010e+01
  ],
  ""type"": ""Point""
}","{
  ""coordinates"": [
    -83.203292393,
    42.358033717
  ],
  ""type"": ""Point""
}",-83.203292393,42.3580337170001
4558,9404225,N M 10,LINWOOD,2015-10-18,18,10,2015,17,1,1,3,,1,1,,2,1,1,55,3,1,1,5,0,0,0,0,true,,false,false,false,false,false,,,,,,false,false,false,,,false,false,false,false,false,-83.12719,42.40522,"{
  ""coordinates"": [
    -8.312718755400000e+01,
    4.240521847200010e+01
  ],
  ""type"": ""Point""
}","{
  ""coordinates"": [
    -83.127187554,
    42.405218472
  ],
  ""type"": ""Point""
}",-83.127187554,42.4052184720001
4559,9401523,EDSEL FORD SERVICE,BEAUBIEN,2015-10-17,17,10,2015,21,7,4,9,,4,0,,1,1,4,30,3,2,4,4,0,0,0,2,false,,false,false,false,false,false,,,,,,false,false,false,,,false,false,false,false,false,-83.06126,42.36623,"{
  ""coordinates"": [
    -8.306126103400000e+01,
    4.236622460900000e+01
  ],
  ""type"": ""Point""
}","{
  ""coordinates"": [
    -83.061261034,
    42.366224609
  ],
  ""type"": ""Point""
}",-83.061261034,42.366224609
4560,9396826,BRUSH,BALTIMORE,2015-10-17,17,10,2015,15,7,1,9,,4,1,,1,1,1,25,2,1,1,5,0,0,0,0,true,,false,false,false,false,false,,,,,,false,false,false,,,false,false,false,false,false,-83.06728,42.36988,"{
  ""coordinates"": [
    -8.306727893899991e+01,
    4.236987777900000e+01
  ],
  ""type"": ""Point""
}","{
  ""coordinates"": [
    -83.067278939,
    42.369877779
  ],
  ""type"": ""Point""
}",-83.0672789389999,42.369877779
4561,9397844,MCGRAW,LONYO,2015-10-17,17,10,2015,11,7,4,9,,4,0,,1,1,1,35,2,2,1,5,0,0,0,0,true,,false,false,true,false,false,,,,,,false,false,false,,,false,false,false,false,false,-83.14644,42.33321,"{
  ""coordinates"": [
    -8.314643493700000e+01,
    4.233320435500010e+01
  ],
  ""type"": ""Point""
}","{
  ""coordinates"": [
    -83.146434937,
    42.333204355
  ],
  ""type"": ""Point""
}",-83.146434937,42.3332043550001