ObjectId,Crash ID,Primary Road,Intersecting Road,Crash Date,Day,Month,Year,Hour,Weekday,Crash Type Code,Highway Classification Code,Community Code,Jurisdiction Code,Lane Departure Type Code,Surface Type,Road Condition,Weather Condition,Lighting Condition,Speed Limit,Lanes,Units,Occupants,Most Severe Injury,Fatal Injuries,Suspected Serious Injuries,Suspected Minor Injuries,Possible Injuries,Property Damage Only,Secondary Crash,Traffic Control,Red Light Run,Hit and Run,Alcohol,Drugs,Unbelted Person,Work Zone,Speeding Driver,Distracted Driver,Driveway,Pedestrian,Elderly Driver,Young Driver,Commercial Vehicle,Emergency Vehicles,Train,School Bus,Motorcycle,Bicycle,Deer,Longitude,Latitude,geom,geog,x,y
4562,9396833,NEVADA,CONANT,2015-10-17,17,10,2015,4,7,5,9,,4,0,,1,1,4,35,2,2,0,5,0,0,0,0,true,,false,false,true,false,false,,,,,,false,false,false,,,false,false,false,false,false,-83.06786,42.42583,"{
  ""coordinates"": [
    -8.306785881300000e+01,
    4.242583333700000e+01
  ],
  ""type"": ""Point""
}","{
  ""coordinates"": [
    -83.067858813,
    42.425833337
  ],
  ""type"": ""Point""
}",-83.067858813,42.425833337
4563,9406453,WOODWARD,JEFFERSON,2015-10-17,17,10,2015,20,7,8,3,,4,0,,1,1,4,30,8,2,2,5,0,0,0,0,true,,false,false,false,false,false,,,,,,false,false,false,,,false,false,false,false,false,-83.04443,42.32851,"{
  ""coordinates"": [
    -8.304443180800000e+01,
    4.232851378800010e+01
  ],
  ""type"": ""Point""
}","{
  ""coordinates"": [
    -83.044431808,
    42.328513788
  ],
  ""type"": ""Point""
}",-83.044431808,42.3285137880001
4564,9399147,STATE FAIR,ANVIL,2015-10-17,17,10,2015,22,7,8,9,,4,0,,1,1,4,25,2,2,1,5,0,0,0,0,true,,false,false,false,false,false,,,,,,false,false,false,,,false,false,false,false,false,-82.97805,42.44239,"{
  ""coordinates"": [
    -8.297805268300000e+01,
    4.244239263200010e+01
  ],
  ""type"": ""Point""
}","{
  ""coordinates"": [
    -82.978052683,
    42.442392632
  ],
  ""type"": ""Point""
}",-82.978052683,42.4423926320001
4565,9397671,I-94,MT ELLIOT,2015-10-17,17,10,2015,21,7,1,1,,1,1,,1,2,4,55,3,1,1,5,0,0,0,0,true,,false,false,false,false,false,,,,,,false,false,true,,,false,false,false,false,false,-83.04233,42.37578,"{
  ""coordinates"": [
    -8.304233118799991e+01,
    4.237577736700010e+01
  ],
  ""type"": ""Point""
}","{
  ""coordinates"": [
    -83.042331188,
    42.375777367
  ],
  ""type"": ""Point""
}",-83.0423311879999,42.3757773670001
4566,9404190,M10,GLENDALE,2015-10-17,17,10,2015,10,7,1,3,,1,1,,1,1,1,55,3,1,1,5,0,0,0,0,true,,false,false,false,false,false,,,,,,false,false,true,,,false,false,false,false,false,-83.10755,42.39507,"{
  ""coordinates"": [
    -8.310755177800000e+01,
    4.239506652300000e+01
  ],
  ""type"": ""Point""
}","{
  ""coordinates"": [
    -83.107551778,
    42.395066523
  ],
  ""type"": ""Point""
}",-83.107551778,42.395066523
4567,9402800,REGENT,CARLISLE,2015-10-17,17,10,2015,10,7,1,9,,,0,,1,1,1,25,2,1,3,5,0,0,0,0,true,,false,false,false,false,false,,,,,,false,false,true,,,false,false,false,false,false,-82.97583,42.4487,"{
  ""coordinates"": [
    -8.297583354699999e+01,
    4.244869614900010e+01
  ],
  ""type"": ""Point""
}","{
  ""coordinates"": [
    -82.975833547,
    42.448696149
  ],
  ""type"": ""Point""
}",-82.975833547,42.4486961490001
4568,9398887,I-94,FRENCH,2015-10-17,17,10,2015,21,7,5,1,,1,0,,1,1,4,55,3,2,3,5,0,0,0,0,true,,false,false,false,false,false,,,,,,false,false,false,,,false,false,false,false,false,-82.99406,42.39267,"{
  ""coordinates"": [
    -8.299406021999989e+01,
    4.239266396900010e+01
  ],
  ""type"": ""Point""
}","{
  ""coordinates"": [
    -82.99406022,
    42.392663969
  ],
  ""type"": ""Point""
}",-82.9940602199999,42.3926639690001
4569,9404191,I-75,HOLBROOK,2015-10-17,17,10,2015,12,7,1,1,,1,1,,1,2,1,70,4,1,1,4,0,0,0,1,false,,false,false,false,false,false,,,,,,false,false,true,,,false,false,false,false,false,-83.06892,42.3878,"{
  ""coordinates"": [
    -8.306892700200000e+01,
    4.238780158500000e+01
  ],
  ""type"": ""Point""
}","{
  ""coordinates"": [
    -83.068927002,
    42.387801585
  ],
  ""type"": ""Point""
}",-83.068927002,42.387801585
4570,9396866,GRANDMONT,WADSWORTH,2015-10-17,17,10,2015,15,7,4,9,,,0,,1,1,1,25,2,2,6,4,0,0,0,1,false,,false,false,false,false,false,,,,,,false,false,false,,,false,false,false,false,false,-83.20967,42.37457,"{
  ""coordinates"": [
    -8.320967423300000e+01,
    4.237456432200000e+01
  ],
  ""type"": ""Point""
}","{
  ""coordinates"": [
    -83.209674233,
    42.374564322
  ],
  ""type"": ""Point""
}",-83.209674233,42.374564322
4571,9399308,JEFFERSON,WOODWARD,2015-10-17,17,10,2015,20,7,97,3,,1,0,,1,1,4,30,3,2,3,5,0,0,0,0,true,,false,false,false,false,false,,,,,,false,false,false,,,false,false,false,false,false,-83.04443,42.32851,"{
  ""coordinates"": [
    -8.304443180800000e+01,
    4.232851378800010e+01
  ],
  ""type"": ""Point""
}","{
  ""coordinates"": [
    -83.044431808,
    42.328513788
  ],
  ""type"": ""Point""
}",-83.044431808,42.3285137880001
4572,9396909,AVON,PEMBROKE,2015-10-17,17,10,2015,12,7,2,9,,,0,,1,2,1,25,2,2,0,5,0,0,0,0,true,,false,false,true,false,false,,,,,,false,false,false,,,false,false,false,false,false,-83.2268,42.4369,"{
  ""coordinates"": [
    -8.322680203399990e+01,
    4.243690224400010e+01
  ],
  ""type"": ""Point""
}","{
  ""coordinates"": [
    -83.226802034,
    42.436902244
  ],
  ""type"": ""Point""
}",-83.2268020339999,42.4369022440001
4573,9397885,CORTLAND,14TH,2015-10-17,17,10,2015,20,7,4,9,,,0,,1,1,4,35,3,4,3,1,2,0,0,0,false,,true,false,true,true,true,,,,,,true,false,false,,,false,false,false,false,false,-83.11105,42.38897,"{
  ""coordinates"": [
    -8.311105377900000e+01,
    4.238896488800000e+01
  ],
  ""type"": ""Point""
}","{
  ""coordinates"": [
    -83.111053779,
    42.388964888
  ],
  ""type"": ""Point""
}",-83.111053779,42.388964888
4574,9399169,BRAINARD,THIRD,2015-10-17,17,10,2015,21,7,1,9,,,1,,1,1,5,25,2,1,0,5,0,0,0,0,true,,false,false,true,false,false,,,,,,false,false,false,,,false,false,false,false,false,-83.06586,42.34502,"{
  ""coordinates"": [
    -8.306586565700000e+01,
    4.234502529400000e+01
  ],
  ""type"": ""Point""
}","{
  ""coordinates"": [
    -83.065865657,
    42.345025294
  ],
  ""type"": ""Point""
}",-83.065865657,42.345025294
4575,9396855,ST JEAN,VERNOR,2015-10-17,17,10,2015,5,7,5,9,,4,0,,1,1,4,35,4,2,2,5,0,0,0,0,true,,false,false,false,false,false,,,,,,false,false,false,,,false,false,false,false,false,-82.97362,42.37158,"{
  ""coordinates"": [
    -8.297361558199999e+01,
    4.237157978200000e+01
  ],
  ""type"": ""Point""
}","{
  ""coordinates"": [
    -82.973615582,
    42.371579782
  ],
  ""type"": ""Point""
}",-82.973615582,42.371579782
4576,9399154,GRATIOT,8 MILE,2015-10-17,17,10,2015,16,7,4,3,,1,0,,1,1,1,35,7,2,1,5,0,0,0,0,true,,false,false,true,false,false,,,,,,false,false,false,,,false,false,false,false,false,-82.96801,42.44972,"{
  ""coordinates"": [
    -8.296800778600000e+01,
    4.244971807600010e+01
  ],
  ""type"": ""Point""
}","{
  ""coordinates"": [
    -82.968007786,
    42.449718076
  ],
  ""type"": ""Point""
}",-82.968007786,42.4497180760001
4577,9400230,TRINITY,OUTER,2015-10-17,17,10,2015,12,7,4,9,,,0,,1,2,1,30,3,2,1,5,0,0,0,0,true,,true,false,true,false,false,,,,,,false,false,false,,,false,false,false,false,false,-83.24812,42.39765,"{
  ""coordinates"": [
    -8.324811685799990e+01,
    4.239764953600010e+01
  ],
  ""type"": ""Point""
}","{
  ""coordinates"": [
    -83.248116858,
    42.397649536
  ],
  ""type"": ""Point""
}",-83.2481168579999,42.3976495360001
4578,9404253,S/B M-10,MICHIGAN,2015-10-17,17,10,2015,7,7,1,3,,1,0,,1,1,1,55,3,1,1,5,0,0,0,0,true,,false,false,false,false,false,,,,,,false,false,true,,,false,false,false,false,false,-83.06425,42.33469,"{
  ""coordinates"": [
    -8.306425608500000e+01,
    4.233468647300000e+01
  ],
  ""type"": ""Point""
}","{
  ""coordinates"": [
    -83.064256085,
    42.334686473
  ],
  ""type"": ""Point""
}",-83.064256085,42.334686473
4579,9396829,GRANDRIVER,LONGACRE,2015-10-17,17,10,2015,6,7,97,3,,1,0,,1,1,1,35,4,3,5,5,0,0,0,0,true,,false,false,false,false,false,,,,,,false,false,true,,,false,false,false,false,false,-83.21517,42.39944,"{
  ""coordinates"": [
    -8.321516812199999e+01,
    4.239944274300010e+01
  ],
  ""type"": ""Point""
}","{
  ""coordinates"": [
    -83.215168122,
    42.399442743
  ],
  ""type"": ""Point""
}",-83.215168122,42.3994427430001
4580,9399157,EVANSTON,ANNSBURY,2015-10-17,17,10,2015,15,7,2,9,,,2,,1,1,1,25,2,2,3,5,0,0,0,0,true,,false,false,true,false,false,,,,,,false,false,false,,,false,false,false,false,false,-82.97916,42.40122,"{
  ""coordinates"": [
    -8.297916793300000e+01,
    4.240121775200000e+01
  ],
  ""type"": ""Point""
}","{
  ""coordinates"": [
    -82.979167933,
    42.401217752
  ],
  ""type"": ""Point""
}",-82.979167933,42.401217752
4581,9396869,SAINT ANTOINE,GRATIOT,2015-10-17,17,10,2015,1,7,5,3,,4,0,,1,1,5,55,4,3,3,5,0,0,0,0,true,,false,false,true,false,false,,,,,,false,false,true,,,false,false,false,false,false,-83.04279,42.33833,"{
  ""coordinates"": [
    -8.304278492500001e+01,
    4.233832442200000e+01
  ],
  ""type"": ""Point""
}","{
  ""coordinates"": [
    -83.042784925,
    42.338324422
  ],
  ""type"": ""Point""
}",-83.042784925,42.338324422
4582,9400224,HAMBURG,8 MILE,2015-10-17,17,10,2015,14,7,2,3,,,2,,1,1,1,25,1,2,2,5,0,0,0,0,true,,false,false,true,false,false,,,,,,false,false,false,,,false,false,false,false,false,-82.99785,42.44888,"{
  ""coordinates"": [
    -8.299785114199990e+01,
    4.244887371600000e+01
  ],
  ""type"": ""Point""
}","{
  ""coordinates"": [
    -82.997851142,
    42.448873716
  ],
  ""type"": ""Point""
}",-82.9978511419999,42.448873716
4583,9399412,EVERGREEN,SANTA CLARA,2015-10-17,17,10,2015,0,7,5,9,,4,0,,1,1,4,30,2,2,0,5,0,0,0,0,true,,false,false,true,false,false,,,,,,false,false,false,,,false,false,false,false,false,-83.23839,42.41954,"{
  ""coordinates"": [
    -8.323839166099999e+01,
    4.241953813700010e+01
  ],
  ""type"": ""Point""
}","{
  ""coordinates"": [
    -83.238391661,
    42.419538137
  ],
  ""type"": ""Point""
}",-83.238391661,42.4195381370001
4584,9399452,MCNICHOLS,MANOR,2015-10-17,17,10,2015,15,7,5,9,,2,0,,1,1,1,30,4,2,2,4,0,0,0,1,false,,false,false,false,false,false,,,,,,false,true,false,,,false,false,false,false,false,-83.16938,42.41668,"{
  ""coordinates"": [
    -8.316937869100001e+01,
    4.241667381500010e+01
  ],
  ""type"": ""Point""
}","{
  ""coordinates"": [
    -83.169378691,
    42.416673815
  ],
  ""type"": ""Point""
}",-83.169378691,42.4166738150001
4585,9406523,WOODINGHAM,MCNICHOLS,2015-10-17,17,10,2015,16,7,4,9,,,0,,1,1,1,25,2,2,1,5,0,0,0,0,true,,false,false,false,false,false,,,,,,false,false,true,,,false,false,false,false,false,-83.14997,42.41739,"{
  ""coordinates"": [
    -8.314996972300000e+01,
    4.241738345200010e+01
  ],
  ""type"": ""Point""
}","{
  ""coordinates"": [
    -83.149969723,
    42.417383452
  ],
  ""type"": ""Point""
}",-83.149969723,42.4173834520001
4586,9396913,7 MILE,KEYSTONE,2015-10-17,17,10,2015,14,7,5,9,,4,0,,1,1,1,25,2,3,1,5,0,0,0,0,true,,false,false,false,false,false,,,,,,false,false,true,,,false,false,false,false,false,-83.05127,42.43339,"{
  ""coordinates"": [
    -8.305126721700000e+01,
    4.243339265500000e+01
  ],
  ""type"": ""Point""
}","{
  ""coordinates"": [
    -83.051267217,
    42.433392655
  ],
  ""type"": ""Point""
}",-83.051267217,42.433392655
4587,9398885,E I 94,CSX TRANSPORTATION,2015-10-17,17,10,2015,21,7,1,1,,1,1,,1,1,5,70,3,1,1,3,0,0,1,0,false,,false,false,false,true,false,,,,,,false,false,false,,,false,false,false,false,false,-83.12212,42.33841,"{
  ""coordinates"": [
    -8.312211555200000e+01,
    4.233840647700000e+01
  ],
  ""type"": ""Point""
}","{
  ""coordinates"": [
    -83.122115552,
    42.338406477
  ],
  ""type"": ""Point""
}",-83.122115552,42.338406477
4588,9425717,WARREN,SECOND,2015-10-17,17,10,2015,0,7,1,9,,4,1,,1,1,4,30,4,1,2,5,0,0,0,0,true,,false,false,false,false,false,,,,,,false,false,true,,,false,false,false,false,false,-83.06829,42.35557,"{
  ""coordinates"": [
    -8.306828790599999e+01,
    4.235556708700010e+01
  ],
  ""type"": ""Point""
}","{
  ""coordinates"": [
    -83.068287906,
    42.355567087
  ],
  ""type"": ""Point""
}",-83.068287906,42.3555670870001
4589,9404251,E/B I 94,CECIL,2015-10-17,17,10,2015,11,7,1,1,,1,0,,1,1,1,55,3,1,1,5,0,0,0,0,true,,false,false,false,false,false,,,,,,false,false,false,,,false,false,false,false,false,-83.12959,42.33544,"{
  ""coordinates"": [
    -8.312958234000000e+01,
    4.233544312500000e+01
  ],
  ""type"": ""Point""
}","{
  ""coordinates"": [
    -83.12958234,
    42.335443125
  ],
  ""type"": ""Point""
}",-83.12958234,42.335443125
4590,9396865,S M 39 SERVICE DRIVE,WARREN,2015-10-17,17,10,2015,5,7,4,9,,4,0,,1,1,4,30,6,2,2,4,0,0,0,2,false,,false,false,true,false,false,,,,,,false,false,true,,,false,false,false,false,false,-83.21653,42.34336,"{
  ""coordinates"": [
    -8.321652684599999e+01,
    4.234335843000010e+01
  ],
  ""type"": ""Point""
}","{
  ""coordinates"": [
    -83.216526846,
    42.34335843
  ],
  ""type"": ""Point""
}",-83.216526846,42.3433584300001
4591,9413725,TIREMAN,LARCHMONT,2015-10-17,17,10,2015,15,7,97,9,,4,0,,1,1,1,30,4,2,1,5,0,0,0,0,true,,false,false,true,false,false,,,,,,false,true,false,,,false,false,false,false,false,-83.12439,42.35186,"{
  ""coordinates"": [
    -8.312439249499990e+01,
    4.235185835500000e+01
  ],
  ""type"": ""Point""
}","{
  ""coordinates"": [
    -83.124392495,
    42.351858355
  ],
  ""type"": ""Point""
}",-83.1243924949999,42.351858355
4592,9399020,N M 10 SERVICE DRIVE,WARREN,2015-10-17,17,10,2015,13,7,97,9,,4,0,,1,1,1,35,4,2,2,5,0,0,0,0,true,,true,true,false,false,false,,,,,,false,false,true,,,false,false,false,false,false,-83.07299,42.35389,"{
  ""coordinates"": [
    -8.307299421099999e+01,
    4.235389465000000e+01
  ],
  ""type"": ""Point""
}","{
  ""coordinates"": [
    -83.072994211,
    42.35389465
  ],
  ""type"": ""Point""
}",-83.072994211,42.35389465
4593,9404252,N/B M-10,MEYERS,2015-10-17,17,10,2015,12,7,8,3,,1,0,,1,1,1,55,3,2,1,5,0,0,0,0,true,,false,false,true,false,false,,,,,,false,false,true,,,false,false,false,false,false,-83.16703,42.41155,"{
  ""coordinates"": [
    -8.316702727700000e+01,
    4.241154981900010e+01
  ],
  ""type"": ""Point""
}","{
  ""coordinates"": [
    -83.167027277,
    42.411549819
  ],
  ""type"": ""Point""
}",-83.167027277,42.4115498190001
4594,9597252,CHANDLER PARK,CHALMERS,2015-10-17,17,10,2015,16,7,4,9,,2,0,,1,1,1,35,2,2,1,5,0,0,0,0,true,,false,false,true,false,false,,,,,,false,true,false,,,false,false,false,false,false,-82.96206,42.40029,"{
  ""coordinates"": [
    -8.296205630299990e+01,
    4.240028709400010e+01
  ],
  ""type"": ""Point""
}","{
  ""coordinates"": [
    -82.962056303,
    42.400287094
  ],
  ""type"": ""Point""
}",-82.9620563029999,42.4002870940001
4595,9408680,DEQUINDRE,WINCHESTER,2015-10-17,17,10,2015,12,7,4,9,,4,0,,1,1,1,30,2,2,4,5,0,0,0,0,true,,true,false,false,false,false,,,,,,false,false,true,,,false,false,false,false,false,-83.0833,42.44493,"{
  ""coordinates"": [
    -8.308330021200000e+01,
    4.244493543900010e+01
  ],
  ""type"": ""Point""
}","{
  ""coordinates"": [
    -83.083300212,
    42.444935439
  ],
  ""type"": ""Point""
}",-83.083300212,42.4449354390001
4596,9401492,KENDAL,DOLPHIN,2015-10-17,17,10,2015,16,7,4,9,,,0,,1,1,1,25,1,2,1,5,0,0,0,0,true,,false,false,true,false,false,,,,,,false,false,false,,,false,false,false,false,false,-83.25892,42.38825,"{
  ""coordinates"": [
    -8.325891558700000e+01,
    4.238824767400010e+01
  ],
  ""type"": ""Point""
}","{
  ""coordinates"": [
    -83.258915587,
    42.388247674
  ],
  ""type"": ""Point""
}",-83.258915587,42.3882476740001
4597,9396844,MEYERS,CAPITOL,2015-10-17,17,10,2015,0,7,5,9,,4,0,,1,1,4,35,2,2,1,4,0,0,0,1,false,,false,false,false,false,false,,,,,,false,false,false,,,false,false,false,false,false,-83.1683,42.37762,"{
  ""coordinates"": [
    -8.316830533800000e+01,
    4.237762359500000e+01
  ],
  ""type"": ""Point""
}","{
  ""coordinates"": [
    -83.168305338,
    42.377623595
  ],
  ""type"": ""Point""
}",-83.168305338,42.377623595
4598,9425539,PURITAN,LINWOOD,2015-10-17,17,10,2015,11,7,4,9,,4,0,,1,1,1,25,2,2,3,5,0,0,0,0,true,,false,false,false,false,false,,,,,,false,false,false,,,false,false,false,false,false,-83.12778,42.41015,"{
  ""coordinates"": [
    -8.312777843299990e+01,
    4.241015266000010e+01
  ],
  ""type"": ""Point""
}","{
  ""coordinates"": [
    -83.127778433,
    42.41015266
  ],
  ""type"": ""Point""
}",-83.1277784329999,42.4101526600001
4599,9397670,I-96,EVERGREEN,2015-10-17,17,10,2015,20,7,1,1,,1,1,,1,1,4,70,3,1,1,5,0,0,0,0,true,,false,false,false,false,false,,,,,,false,false,true,,,false,false,false,false,false,-83.23992,42.38294,"{
  ""coordinates"": [
    -8.323991850300000e+01,
    4.238293790100000e+01
  ],
  ""type"": ""Point""
}","{
  ""coordinates"": [
    -83.239918503,
    42.382937901
  ],
  ""type"": ""Point""
}",-83.239918503,42.382937901
4600,9399307,WOODWARD,COLUMBIA,2015-10-17,17,10,2015,13,7,5,3,,1,0,,1,1,1,30,2,2,2,5,0,0,0,0,true,,false,false,false,false,false,,,,,,false,true,false,,,false,false,false,false,false,-83.05177,42.33832,"{
  ""coordinates"": [
    -8.305177389499990e+01,
    4.233831636600010e+01
  ],
  ""type"": ""Point""
}","{
  ""coordinates"": [
    -83.051773895,
    42.338316366
  ],
  ""type"": ""Point""
}",-83.0517738949999,42.3383163660001
4601,9415322,EUREKA,EMERY,2015-10-17,17,10,2015,15,7,7,9,,,0,,1,1,1,25,2,2,2,5,0,0,0,0,true,,false,false,false,false,false,,,,,,false,false,false,,,false,false,false,false,false,-83.05788,42.43583,"{
  ""coordinates"": [
    -8.305787741599990e+01,
    4.243582428100010e+01
  ],
  ""type"": ""Point""
}","{
  ""coordinates"": [
    -83.057877416,
    42.435824281
  ],
  ""type"": ""Point""
}",-83.0578774159999,42.4358242810001
4602,9400295,TIREMAN,BEECHWOOD,2015-10-17,17,10,2015,15,7,5,9,,4,0,,1,1,1,30,2,2,3,4,0,0,0,1,false,,false,false,false,false,false,,,,,,false,false,false,,,false,false,false,false,false,-83.11927,42.3531,"{
  ""coordinates"": [
    -8.311927264199990e+01,
    4.235309843300010e+01
  ],
  ""type"": ""Point""
}","{
  ""coordinates"": [
    -83.119272642,
    42.353098433
  ],
  ""type"": ""Point""
}",-83.1192726419999,42.3530984330001
4603,9396868,MT ELLIOTT,FARNSWORTH,2015-10-17,17,10,2015,1,7,8,9,,4,0,,1,1,4,30,2,3,1,5,0,0,0,0,true,,false,false,false,true,false,,,,,,false,false,false,,,false,false,false,false,false,-83.02876,42.37216,"{
  ""coordinates"": [
    -8.302875428100000e+01,
    4.237216024800010e+01
  ],
  ""type"": ""Point""
}","{
  ""coordinates"": [
    -83.028754281,
    42.372160248
  ],
  ""type"": ""Point""
}",-83.028754281,42.3721602480001
4604,9397666,I-75,STATE FAIR,2015-10-17,17,10,2015,1,7,5,1,,1,0,,1,2,4,70,3,4,4,3,0,0,1,0,false,,false,false,false,true,false,,,,,,false,false,false,,,false,false,false,false,false,-83.09496,42.4412,"{
  ""coordinates"": [
    -8.309496049200000e+01,
    4.244119470800010e+01
  ],
  ""type"": ""Point""
}","{
  ""coordinates"": [
    -83.094960492,
    42.441194708
  ],
  ""type"": ""Point""
}",-83.094960492,42.4411947080001
4605,9397876,MICHIGAN,CASPER,2015-10-17,17,10,2015,0,7,9,2,,1,2,,1,1,5,35,3,2,1,5,0,0,0,0,true,,false,false,true,false,false,,,,,,false,false,false,,,false,false,false,false,false,-83.13875,42.33114,"{
  ""coordinates"": [
    -8.313874586500000e+01,
    4.233113784700000e+01
  ],
  ""type"": ""Point""
}","{
  ""coordinates"": [
    -83.138745865,
    42.331137847
  ],
  ""type"": ""Point""
}",-83.138745865,42.331137847
4606,9400271,WHITTIER,HARPER,2015-10-17,17,10,2015,8,7,4,9,,4,0,,1,1,2,30,6,2,6,4,0,0,0,2,false,,true,true,true,false,false,,,,,,false,false,false,,,false,false,false,false,false,-82.94239,42.41244,"{
  ""coordinates"": [
    -8.294238948799990e+01,
    4.241243960700010e+01
  ],
  ""type"": ""Point""
}","{
  ""coordinates"": [
    -82.942389488,
    42.412439607
  ],
  ""type"": ""Point""
}",-82.9423894879999,42.4124396070001
4607,9399063,ELIZABETH,PARK,2015-10-17,17,10,2015,19,7,5,9,,4,0,,1,1,4,25,2,2,3,5,0,0,0,0,true,,false,false,true,false,false,,,,,,false,false,false,,,false,false,false,false,false,-83.05293,42.33697,"{
  ""coordinates"": [
    -8.305293550700000e+01,
    4.233696963000010e+01
  ],
  ""type"": ""Point""
}","{
  ""coordinates"": [
    -83.052935507,
    42.33696963
  ],
  ""type"": ""Point""
}",-83.052935507,42.3369696300001
4608,9401345,I-75,MACK,2015-10-17,17,10,2015,1,7,8,1,,1,0,,1,1,4,55,3,2,1,5,0,0,0,0,true,,false,false,true,false,false,,,,,,false,false,false,,,false,false,false,false,false,-83.04802,42.35099,"{
  ""coordinates"": [
    -8.304802012399990e+01,
    4.235099017100000e+01
  ],
  ""type"": ""Point""
}","{
  ""coordinates"": [
    -83.048020124,
    42.350990171
  ],
  ""type"": ""Point""
}",-83.0480201239999,42.350990171
4609,9407499,FOREST,N M 10,2015-10-16,16,10,2015,10,6,8,9,,4,0,,1,1,1,30,3,2,2,5,0,0,0,0,true,,false,false,false,false,false,,,,,,false,false,false,,,false,false,false,false,false,-83.07211,42.35161,"{
  ""coordinates"": [
    -8.307211611799990e+01,
    4.235161013200010e+01
  ],
  ""type"": ""Point""
}","{
  ""coordinates"": [
    -83.072116118,
    42.351610132
  ],
  ""type"": ""Point""
}",-83.0721161179999,42.3516101320001
4610,9399402,TELEGRAPH,8 MILE,2015-10-16,16,10,2015,8,6,5,2,,1,0,,1,1,1,25,1,2,2,5,0,0,0,0,true,,false,false,false,false,false,,,,,,false,false,false,,,false,false,false,false,false,-83.27831,42.4427,"{
  ""coordinates"": [
    -8.327830347299989e+01,
    4.244269586700010e+01
  ],
  ""type"": ""Point""
}","{
  ""coordinates"": [
    -83.278303473,
    42.442695867
  ],
  ""type"": ""Point""
}",-83.2783034729999,42.4426958670001
4611,9396827,8 MILE,SHERWOOD,2015-10-16,16,10,2015,14,6,5,3,,1,0,,1,1,1,40,4,2,1,5,0,0,0,0,true,,false,false,true,false,false,,,,,,false,false,false,,,false,false,false,false,false,-83.03488,42.44793,"{
  ""coordinates"": [
    -8.303488333199989e+01,
    4.244793374100000e+01
  ],
  ""type"": ""Point""
}","{
  ""coordinates"": [
    -83.034883332,
    42.447933741
  ],
  ""type"": ""Point""
}",-83.0348833319999,42.447933741
4612,9396825,CHRYSLER,GRAND,2015-10-16,16,10,2015,16,6,5,9,,4,0,,1,1,1,70,4,3,3,5,0,0,0,0,true,,false,false,true,false,false,,,,,,false,false,false,,,false,false,false,false,false,-83.05933,42.37538,"{
  ""coordinates"": [
    -8.305932533899990e+01,
    4.237538175600000e+01
  ],
  ""type"": ""Point""
}","{
  ""coordinates"": [
    -83.059325339,
    42.375381756
  ],
  ""type"": ""Point""
}",-83.0593253389999,42.375381756
4613,9404197,I-75,MACK,2015-10-16,16,10,2015,16,6,5,1,,1,0,,1,2,1,55,4,2,2,5,0,0,0,0,true,,false,false,false,false,false,,,,,,false,false,false,,,false,false,false,false,false,-83.0525,42.35773,"{
  ""coordinates"": [
    -8.305250028099989e+01,
    4.235772929100010e+01
  ],
  ""type"": ""Point""
}","{
  ""coordinates"": [
    -83.052500281,
    42.357729291
  ],
  ""type"": ""Point""
}",-83.0525002809999,42.3577292910001
4614,9397878,BEATRICE,OMAHA,2015-10-16,16,10,2015,17,6,97,9,,,0,,1,1,1,25,2,2,0,5,0,0,0,0,true,,false,false,true,false,false,,,,,,false,false,false,,,false,false,false,false,false,-83.15511,42.26779,"{
  ""coordinates"": [
    -8.315510200900000e+01,
    4.226778616500010e+01
  ],
  ""type"": ""Point""
}","{
  ""coordinates"": [
    -83.155102009,
    42.267786165
  ],
  ""type"": ""Point""
}",-83.155102009,42.2677861650001
4615,9399153,CONNER CREEK,MCNICHOLS,2015-10-16,16,10,2015,7,6,1,9,,4,1,,1,1,1,35,4,1,1,5,0,0,0,0,true,,false,false,false,false,false,,,,,,false,false,false,,,false,false,false,false,false,-83.01357,42.41943,"{
  ""coordinates"": [
    -8.301357586300000e+01,
    4.241942417300000e+01
  ],
  ""type"": ""Point""
}","{
  ""coordinates"": [
    -83.013575863,
    42.419424173
  ],
  ""type"": ""Point""
}",-83.013575863,42.419424173
4616,9414771,MACK,PENNSYLVANIA,2015-10-16,16,10,2015,21,6,1,9,,4,1,,1,1,4,35,2,1,2,2,0,1,1,0,false,,false,false,false,false,false,,,,,,false,false,true,,,false,false,false,false,false,-82.99277,42.37267,"{
  ""coordinates"": [
    -8.299276686400000e+01,
    4.237266585700010e+01
  ],
  ""type"": ""Point""
}","{
  ""coordinates"": [
    -82.992766864,
    42.372665857
  ],
  ""type"": ""Point""
}",-82.992766864,42.3726658570001
4617,9399450,SCHAEFER,SEVEN MILE,2015-10-16,16,10,2015,8,6,5,9,,4,0,,1,1,1,30,4,2,1,5,0,0,0,0,true,,false,false,true,false,false,,,,,,false,false,false,,,false,false,false,false,false,-83.1805,42.43108,"{
  ""coordinates"": [
    -8.318049826299990e+01,
    4.243107600100010e+01
  ],
  ""type"": ""Point""
}","{
  ""coordinates"": [
    -83.180498263,
    42.431076001
  ],
  ""type"": ""Point""
}",-83.1804982629999,42.4310760010001
4618,9398862,RAMP 141C,UNDERWOOD,2015-10-16,16,10,2015,1,6,8,1,,1,0,,1,1,4,70,5,2,2,4,0,0,0,1,false,,false,false,false,false,false,,,,,,false,false,false,,,false,false,false,false,false,-83.13336,42.36535,"{
  ""coordinates"": [
    -8.313336238399999e+01,
    4.236535188600000e+01
  ],
  ""type"": ""Point""
}","{
  ""coordinates"": [
    -83.133362384,
    42.365351886
  ],
  ""type"": ""Point""
}",-83.133362384,42.365351886