ObjectId,Crash ID,Primary Road,Intersecting Road,Crash Date,Day,Month,Year,Hour,Weekday,Crash Type Code,Highway Classification Code,Community Code,Jurisdiction Code,Lane Departure Type Code,Surface Type,Road Condition,Weather Condition,Lighting Condition,Speed Limit,Lanes,Units,Occupants,Most Severe Injury,Fatal Injuries,Suspected Serious Injuries,Suspected Minor Injuries,Possible Injuries,Property Damage Only,Secondary Crash,Traffic Control,Red Light Run,Hit and Run,Alcohol,Drugs,Unbelted Person,Work Zone,Speeding Driver,Distracted Driver,Driveway,Pedestrian,Elderly Driver,Young Driver,Commercial Vehicle,Emergency Vehicles,Train,School Bus,Motorcycle,Bicycle,Deer,Longitude,Latitude,geom,geog,x,y
4619,9396854,WARREN,CHALMERS,2015-10-16,16,10,2015,11,6,4,9,,4,0,,1,1,1,30,7,2,4,4,0,0,0,5,false,,true,true,false,false,false,,,,,,false,false,false,,,false,false,false,false,false,-82.9588,42.39546,"{
  ""coordinates"": [
    -8.295880366400000e+01,
    4.239545911300010e+01
  ],
  ""type"": ""Point""
}","{
  ""coordinates"": [
    -82.958803664,
    42.395459113
  ],
  ""type"": ""Point""
}",-82.958803664,42.3954591130001
4620,9418836,7 MILE,APPLETON,2015-10-16,16,10,2015,17,6,97,9,,2,0,,1,1,1,5,2,2,1,5,0,0,0,0,true,,false,false,true,false,false,,,,,,false,false,false,,,false,false,false,false,false,-83.27417,42.42902,"{
  ""coordinates"": [
    -8.327416774800000e+01,
    4.242901938800000e+01
  ],
  ""type"": ""Point""
}","{
  ""coordinates"": [
    -83.274167748,
    42.429019388
  ],
  ""type"": ""Point""
}",-83.274167748,42.429019388
4621,9396916,OUTER,PRAIRIE,2015-10-16,16,10,2015,18,6,8,9,,2,0,,1,1,1,30,3,2,1,5,0,0,0,0,true,,false,false,true,false,false,,,,,,false,false,false,,,false,false,false,false,false,-83.1459,42.43505,"{
  ""coordinates"": [
    -8.314589778600001e+01,
    4.243504955100010e+01
  ],
  ""type"": ""Point""
}","{
  ""coordinates"": [
    -83.145897786,
    42.435049551
  ],
  ""type"": ""Point""
}",-83.145897786,42.4350495510001
4622,9405532,M-39,PEMBROKE,2015-10-16,16,10,2015,8,6,5,3,,1,0,,1,1,1,55,3,3,2,4,0,0,0,1,false,,false,false,true,false,false,,,,,,false,false,false,,,false,false,false,false,false,-83.2195,42.43655,"{
  ""coordinates"": [
    -8.321949914899990e+01,
    4.243655339700010e+01
  ],
  ""type"": ""Point""
}","{
  ""coordinates"": [
    -83.219499149,
    42.436553397
  ],
  ""type"": ""Point""
}",-83.2194991489999,42.4365533970001
4623,9404187,I-94,CONNER,2015-10-16,16,10,2015,8,6,5,1,,1,0,,1,1,1,55,3,2,2,5,0,0,0,0,true,,false,false,false,false,false,,,,,,false,false,true,,,false,false,false,false,false,-82.98906,42.39567,"{
  ""coordinates"": [
    -8.298906281500000e+01,
    4.239566743200000e+01
  ],
  ""type"": ""Point""
}","{
  ""coordinates"": [
    -82.989062815,
    42.395667432
  ],
  ""type"": ""Point""
}",-82.989062815,42.395667432
4624,9399106,RANDOLPH,LARNED,2015-10-16,16,10,2015,23,6,5,3,,1,0,,1,1,4,35,4,2,3,4,0,0,0,1,false,,false,false,false,false,false,,,,,,false,false,true,,,false,false,false,false,false,-83.04273,42.33059,"{
  ""coordinates"": [
    -8.304273276399989e+01,
    4.233059075700000e+01
  ],
  ""type"": ""Point""
}","{
  ""coordinates"": [
    -83.042732764,
    42.330590757
  ],
  ""type"": ""Point""
}",-83.0427327639999,42.330590757
4625,9396834,FRONTENAC,HARPER,2015-10-16,16,10,2015,19,6,8,9,,4,0,,1,1,4,30,2,2,2,5,0,0,0,0,true,,false,false,true,false,false,,,,,,false,true,false,,,false,false,false,false,false,-83.02682,42.3856,"{
  ""coordinates"": [
    -8.302681455600001e+01,
    4.238560117300010e+01
  ],
  ""type"": ""Point""
}","{
  ""coordinates"": [
    -83.026814556,
    42.385601173
  ],
  ""type"": ""Point""
}",-83.026814556,42.3856011730001
4626,9396840,SCHAEFER,CAPITOL,2015-10-16,16,10,2015,20,6,4,9,,4,0,,1,1,4,30,4,2,2,5,0,0,0,0,true,,false,false,false,false,false,,,,,,false,true,false,,,false,false,false,false,false,-83.17813,42.37701,"{
  ""coordinates"": [
    -8.317813051900001e+01,
    4.237700761900000e+01
  ],
  ""type"": ""Point""
}","{
  ""coordinates"": [
    -83.178130519,
    42.377007619
  ],
  ""type"": ""Point""
}",-83.178130519,42.377007619
4627,9404196,W I 96,RAMP 008I,2015-10-16,16,10,2015,12,6,8,1,,1,0,,1,2,1,55,3,2,3,5,0,0,0,0,true,,false,false,false,false,false,,,,,,false,false,false,,,false,false,false,false,false,-83.22785,42.37802,"{
  ""coordinates"": [
    -8.322785270400000e+01,
    4.237801779400010e+01
  ],
  ""type"": ""Point""
}","{
  ""coordinates"": [
    -83.227852704,
    42.378017794
  ],
  ""type"": ""Point""
}",-83.227852704,42.3780177940001
4628,9405680,GRATIOT,TACOMA,2015-10-16,16,10,2015,16,6,5,3,,1,0,,1,1,1,35,3,3,5,4,0,0,0,1,false,,false,false,true,false,false,,,,,,false,true,false,,,false,false,false,false,false,-82.97329,42.44175,"{
  ""coordinates"": [
    -8.297328920400000e+01,
    4.244175465400010e+01
  ],
  ""type"": ""Point""
}","{
  ""coordinates"": [
    -82.973289204,
    42.441754654
  ],
  ""type"": ""Point""
}",-82.973289204,42.4417546540001
4629,9399390,TELEGRAPH,7 MILE,2015-10-16,16,10,2015,17,6,7,2,,1,0,,1,1,1,40,3,2,1,5,0,0,0,0,true,,false,false,true,false,false,,,,,,false,false,false,,,false,false,false,false,false,-83.27755,42.42892,"{
  ""coordinates"": [
    -8.327755222800000e+01,
    4.242892303400000e+01
  ],
  ""type"": ""Point""
}","{
  ""coordinates"": [
    -83.277552228,
    42.428923034
  ],
  ""type"": ""Point""
}",-83.277552228,42.428923034
4630,9396919,OUTER,SCHAEFER,2015-10-16,16,10,2015,13,6,3,9,,2,0,,1,1,1,35,2,2,4,4,0,0,0,3,false,,false,false,false,false,false,,,,,,false,false,true,,,false,false,false,false,false,-83.17996,42.4201,"{
  ""coordinates"": [
    -8.317996391400000e+01,
    4.242010482600010e+01
  ],
  ""type"": ""Point""
}","{
  ""coordinates"": [
    -83.179963914,
    42.420104826
  ],
  ""type"": ""Point""
}",-83.179963914,42.4201048260001
4631,9396845,HUBBELL,GRANDRIVER,2015-10-16,16,10,2015,13,6,97,3,,4,0,,1,2,1,25,4,2,2,5,0,0,0,0,true,,false,false,true,false,false,,,,,,false,false,false,,,false,false,false,false,false,-83.18837,42.38871,"{
  ""coordinates"": [
    -8.318837344100000e+01,
    4.238870526600000e+01
  ],
  ""type"": ""Point""
}","{
  ""coordinates"": [
    -83.188373441,
    42.388705266
  ],
  ""type"": ""Point""
}",-83.188373441,42.388705266
4632,9396862,FAUST,TIREMAN,2015-10-16,16,10,2015,13,6,97,9,,,0,,1,1,1,25,1,2,0,5,0,0,0,0,true,,false,false,true,false,false,,,,,,false,false,false,,,false,false,false,false,false,-83.22106,42.35057,"{
  ""coordinates"": [
    -8.322106053200000e+01,
    4.235057496400000e+01
  ],
  ""type"": ""Point""
}","{
  ""coordinates"": [
    -83.221060532,
    42.350574964
  ],
  ""type"": ""Point""
}",-83.221060532,42.350574964
4633,9399368,ST ANTOINE,MACK,2015-10-16,16,10,2015,7,6,8,9,,4,0,,1,1,1,0,3,2,2,5,0,0,0,0,true,,false,false,false,false,false,,,,,,false,false,false,,,false,false,false,false,false,-83.05326,42.35093,"{
  ""coordinates"": [
    -8.305325740300000e+01,
    4.235093356100000e+01
  ],
  ""type"": ""Point""
}","{
  ""coordinates"": [
    -83.053257403,
    42.350933561
  ],
  ""type"": ""Point""
}",-83.053257403,42.350933561
4634,9399051,SCHOENHERR,LINNHURST,2015-10-16,16,10,2015,16,6,8,9,,4,0,,1,1,1,25,2,2,3,5,0,0,0,0,true,,false,false,true,false,false,,,,,,false,false,true,,,false,false,false,false,false,-82.98496,42.4311,"{
  ""coordinates"": [
    -8.298496331800000e+01,
    4.243109892900000e+01
  ],
  ""type"": ""Point""
}","{
  ""coordinates"": [
    -82.984963318,
    42.431098929
  ],
  ""type"": ""Point""
}",-82.984963318,42.431098929
4635,9409711,W I 96,S M 39,2015-10-16,16,10,2015,16,6,1,1,,1,1,,1,1,1,55,3,1,1,2,0,1,0,0,false,,false,false,false,true,false,,,,,,false,false,false,,,false,false,false,false,false,-83.21715,42.3788,"{
  ""coordinates"": [
    -8.321714578200000e+01,
    4.237880189400000e+01
  ],
  ""type"": ""Point""
}","{
  ""coordinates"": [
    -83.217145782,
    42.378801894
  ],
  ""type"": ""Point""
}",-83.217145782,42.378801894
4636,9396918,WOODWARD,7 MILE,2015-10-16,16,10,2015,20,6,8,3,,1,0,,1,1,4,30,4,2,3,5,0,0,0,0,true,,false,false,false,false,false,,,,,,false,true,true,,,false,false,false,false,false,-83.11495,42.43211,"{
  ""coordinates"": [
    -8.311495497999989e+01,
    4.243210546600010e+01
  ],
  ""type"": ""Point""
}","{
  ""coordinates"": [
    -83.11495498,
    42.432105466
  ],
  ""type"": ""Point""
}",-83.1149549799999,42.4321054660001
4637,9403383,ORANGELAWN,PARKWAY,2015-10-16,16,10,2015,19,6,4,9,,,0,,1,1,1,25,4,2,1,5,0,0,0,0,true,,false,false,true,false,false,,,,,,false,false,false,,,false,false,false,false,false,-83.26556,42.36674,"{
  ""coordinates"": [
    -8.326556239000000e+01,
    4.236673624400000e+01
  ],
  ""type"": ""Point""
}","{
  ""coordinates"": [
    -83.26556239,
    42.366736244
  ],
  ""type"": ""Point""
}",-83.26556239,42.366736244
4638,9396831,SELDEN,CASS,2015-10-16,16,10,2015,7,6,5,9,,4,0,,1,1,1,20,2,2,2,5,0,0,0,0,true,,false,false,false,false,false,,,,,,false,false,false,,,false,false,false,false,false,-83.06219,42.34811,"{
  ""coordinates"": [
    -8.306219499400000e+01,
    4.234810879500000e+01
  ],
  ""type"": ""Point""
}","{
  ""coordinates"": [
    -83.062194994,
    42.348108795
  ],
  ""type"": ""Point""
}",-83.062194994,42.348108795
4639,9401525,ANTHONY WAYNE,WARREN,2015-10-16,16,10,2015,20,6,8,9,,4,0,,1,1,1,25,4,2,2,5,0,0,0,0,true,,false,false,false,false,false,,,,,,false,false,true,,,false,false,false,false,false,-83.07183,42.35535,"{
  ""coordinates"": [
    -8.307182952300001e+01,
    4.235535086500000e+01
  ],
  ""type"": ""Point""
}","{
  ""coordinates"": [
    -83.071829523,
    42.355350865
  ],
  ""type"": ""Point""
}",-83.071829523,42.355350865
4640,9404189,RAMP 122E,N I 75 CD,2015-10-16,16,10,2015,16,6,5,3,,1,0,,1,2,1,0,1,4,3,5,0,0,0,0,true,,false,false,true,false,false,,,,,,false,false,false,,,false,false,false,false,false,-83.06486,42.3341,"{
  ""coordinates"": [
    -8.306485702600000e+01,
    4.233410381800010e+01
  ],
  ""type"": ""Point""
}","{
  ""coordinates"": [
    -83.064857026,
    42.334103818
  ],
  ""type"": ""Point""
}",-83.064857026,42.3341038180001
4641,9467820,WOODWARD,MACK,2015-10-16,16,10,2015,16,6,97,3,,1,0,,1,1,1,35,4,2,2,5,0,0,0,0,true,,false,false,true,false,false,,,,,,false,true,false,,,false,false,false,false,false,-83.05796,42.34752,"{
  ""coordinates"": [
    -8.305796283699991e+01,
    4.234752115100010e+01
  ],
  ""type"": ""Point""
}","{
  ""coordinates"": [
    -83.057962837,
    42.347521151
  ],
  ""type"": ""Point""
}",-83.0579628369999,42.3475211510001
4642,9396830,LARNED,WASHINGTON,2015-10-16,16,10,2015,15,6,5,9,,4,0,,1,2,1,25,3,2,2,5,0,0,0,0,true,,false,false,false,false,false,,,,,,false,false,false,,,false,false,false,false,false,-83.04796,42.32825,"{
  ""coordinates"": [
    -8.304795471100000e+01,
    4.232825449100010e+01
  ],
  ""type"": ""Point""
}","{
  ""coordinates"": [
    -83.047954711,
    42.328254491
  ],
  ""type"": ""Point""
}",-83.047954711,42.3282544910001
4643,9399299,MACK,N I 75,2015-10-16,16,10,2015,6,6,97,9,,4,1,,1,1,2,25,3,1,1,4,0,0,0,1,false,,false,false,false,false,false,,,,,,false,false,true,,,false,false,false,false,false,-83.04797,42.35132,"{
  ""coordinates"": [
    -8.304796374599989e+01,
    4.235131712800010e+01
  ],
  ""type"": ""Point""
}","{
  ""coordinates"": [
    -83.047963746,
    42.351317128
  ],
  ""type"": ""Point""
}",-83.0479637459999,42.3513171280001
4644,9396817,HILLCREST,MACK,2015-10-16,16,10,2015,19,6,97,9,,,0,,1,1,2,25,2,2,2,5,0,0,0,0,true,,false,false,false,false,false,,,,,,false,false,false,,,false,false,false,false,false,-82.91116,42.41607,"{
  ""coordinates"": [
    -8.291115848299999e+01,
    4.241606794700000e+01
  ],
  ""type"": ""Point""
}","{
  ""coordinates"": [
    -82.911158483,
    42.416067947
  ],
  ""type"": ""Point""
}",-82.911158483,42.416067947
4645,9396843,LYNDON,LITTTLEFIELD,2015-10-16,16,10,2015,8,6,1,9,,4,1,,1,1,1,30,2,1,1,4,0,0,0,1,false,,false,false,false,false,false,,,,,,false,false,true,,,false,false,false,false,false,-83.17592,42.39489,"{
  ""coordinates"": [
    -8.317592133399999e+01,
    4.239488616800000e+01
  ],
  ""type"": ""Point""
}","{
  ""coordinates"": [
    -83.175921334,
    42.394886168
  ],
  ""type"": ""Point""
}",-83.175921334,42.394886168
4646,9401347,E I 96,KENTFIELD,2015-10-16,16,10,2015,22,6,8,1,,1,0,,1,1,4,55,3,2,2,5,0,0,0,0,true,,false,false,false,false,false,,,,,,false,false,false,,,false,false,false,false,false,-83.23992,42.38294,"{
  ""coordinates"": [
    -8.323991850300000e+01,
    4.238293790100000e+01
  ],
  ""type"": ""Point""
}","{
  ""coordinates"": [
    -83.239918503,
    42.382937901
  ],
  ""type"": ""Point""
}",-83.239918503,42.382937901
4647,9396908,GRAND RIVER,RUTLAND,2015-10-16,16,10,2015,13,6,4,3,,1,0,,1,2,1,35,5,2,2,4,0,0,0,1,false,,false,false,true,false,false,,,,,,false,false,false,,,false,false,false,false,false,-83.21203,42.39817,"{
  ""coordinates"": [
    -8.321202692000000e+01,
    4.239817436300010e+01
  ],
  ""type"": ""Point""
}","{
  ""coordinates"": [
    -83.21202692,
    42.398174363
  ],
  ""type"": ""Point""
}",-83.21202692,42.3981743630001
4648,9399156,GRATIOT,CARLISLE,2015-10-16,16,10,2015,16,6,4,3,,1,0,,1,1,1,35,3,2,2,5,0,0,0,0,true,,false,false,false,false,false,,,,,,false,false,false,,,false,false,false,false,false,-82.96855,42.44892,"{
  ""coordinates"": [
    -8.296854899499991e+01,
    4.244891765100000e+01
  ],
  ""type"": ""Point""
}","{
  ""coordinates"": [
    -82.968548995,
    42.448917651
  ],
  ""type"": ""Point""
}",-82.9685489949999,42.448917651
4649,9404249,N/B M 39,JOY,2015-10-16,16,10,2015,8,6,8,3,,1,0,,1,1,1,55,3,2,2,5,0,0,0,0,true,,false,false,false,false,false,,,,,,false,false,false,,,false,false,false,false,false,-83.21632,42.36147,"{
  ""coordinates"": [
    -8.321632344100000e+01,
    4.236146700100010e+01
  ],
  ""type"": ""Point""
}","{
  ""coordinates"": [
    -83.216323441,
    42.361467001
  ],
  ""type"": ""Point""
}",-83.216323441,42.3614670010001
4650,9399155,E I 94,VAN DYKE,2015-10-16,16,10,2015,14,6,5,1,,1,0,,1,1,1,60,3,2,2,5,0,0,0,0,true,,false,false,true,false,false,,,,,,false,false,false,,,false,false,false,false,false,-83.02015,42.38613,"{
  ""coordinates"": [
    -8.302014665900001e+01,
    4.238612718400000e+01
  ],
  ""type"": ""Point""
}","{
  ""coordinates"": [
    -83.020146659,
    42.386127184
  ],
  ""type"": ""Point""
}",-83.020146659,42.386127184
4651,9422002,I-96,OUTER,2015-10-16,16,10,2015,18,6,8,1,,1,0,,1,2,1,70,6,2,2,5,0,0,0,0,true,,false,false,false,false,false,,,,,,false,false,false,,,false,false,false,false,false,-83.25803,42.38566,"{
  ""coordinates"": [
    -8.325803265800000e+01,
    4.238565811000010e+01
  ],
  ""type"": ""Point""
}","{
  ""coordinates"": [
    -83.258032658,
    42.38565811
  ],
  ""type"": ""Point""
}",-83.258032658,42.3856581100001
4652,9396875,7 MILE,STAHELIN,2015-10-16,16,10,2015,13,6,4,9,,2,0,,1,1,1,35,4,2,3,4,0,0,0,2,false,,false,false,false,false,false,,,,,,false,false,true,,,false,false,false,false,false,-83.22787,42.42986,"{
  ""coordinates"": [
    -8.322786454300000e+01,
    4.242986048500010e+01
  ],
  ""type"": ""Point""
}","{
  ""coordinates"": [
    -83.227864543,
    42.429860485
  ],
  ""type"": ""Point""
}",-83.227864543,42.4298604850001
4653,9396816,MACK,MT ELLIOTT,2015-10-16,16,10,2015,11,6,8,9,,4,0,,1,1,1,30,1,2,2,5,0,0,0,0,true,,false,false,false,false,false,,,,,,false,false,false,,,false,false,false,false,false,-83.02161,42.36129,"{
  ""coordinates"": [
    -8.302160387100000e+01,
    4.236128986300000e+01
  ],
  ""type"": ""Point""
}","{
  ""coordinates"": [
    -83.021603871,
    42.361289863
  ],
  ""type"": ""Point""
}",-83.021603871,42.361289863
4654,9396920,HARPER,OUTER,2015-10-16,16,10,2015,12,6,1,9,,4,1,,1,1,1,30,2,1,1,5,0,0,0,0,true,,false,false,false,false,false,,,,,,false,false,false,,,false,false,false,false,false,-82.96061,42.40583,"{
  ""coordinates"": [
    -8.296061131999990e+01,
    4.240583111100010e+01
  ],
  ""type"": ""Point""
}","{
  ""coordinates"": [
    -82.96061132,
    42.405831111
  ],
  ""type"": ""Point""
}",-82.9606113199999,42.4058311110001
4655,9396846,WARD,FULLERTON,2015-10-16,16,10,2015,16,6,4,9,,,0,,1,2,1,30,4,2,3,2,0,1,0,1,false,,false,false,false,false,false,,,,,,false,false,false,,,false,false,false,false,false,-83.17332,42.38039,"{
  ""coordinates"": [
    -8.317332799899999e+01,
    4.238038693100000e+01
  ],
  ""type"": ""Point""
}","{
  ""coordinates"": [
    -83.173327999,
    42.380386931
  ],
  ""type"": ""Point""
}",-83.173327999,42.380386931
4656,9396811,FENKELL,EVERGREEN,2015-10-16,16,10,2015,8,6,8,9,,2,0,,1,1,1,35,2,2,2,5,0,0,0,0,true,,true,true,true,false,false,,,,,,false,false,false,,,false,false,false,false,false,-83.23742,42.40067,"{
  ""coordinates"": [
    -8.323741658900001e+01,
    4.240066786400010e+01
  ],
  ""type"": ""Point""
}","{
  ""coordinates"": [
    -83.237416589,
    42.400667864
  ],
  ""type"": ""Point""
}",-83.237416589,42.4006678640001
4657,9396836,SAWYER,PIEDMONT,2015-10-16,16,10,2015,20,6,4,9,,,0,,1,1,3,25,2,2,2,5,0,0,0,0,true,,true,false,false,false,false,,,,,,false,false,true,,,false,false,false,false,false,-83.22822,42.3469,"{
  ""coordinates"": [
    -8.322821641800000e+01,
    4.234690052900000e+01
  ],
  ""type"": ""Point""
}","{
  ""coordinates"": [
    -83.228216418,
    42.346900529
  ],
  ""type"": ""Point""
}",-83.228216418,42.346900529
4658,9397875,PLEASANT,FORT,2015-10-16,16,10,2015,16,6,1,3,,,1,,1,1,1,25,1,1,2,5,0,0,0,0,true,,false,false,false,false,false,,,,,,false,false,true,,,false,false,false,false,false,-83.15123,42.28137,"{
  ""coordinates"": [
    -8.315122632500000e+01,
    4.228136861200010e+01
  ],
  ""type"": ""Point""
}","{
  ""coordinates"": [
    -83.151226325,
    42.281368612
  ],
  ""type"": ""Point""
}",-83.151226325,42.2813686120001
4659,9399454,W.WILLIS,2ND,2015-10-16,16,10,2015,9,6,4,9,,,0,,1,1,1,30,5,2,3,5,0,0,0,0,true,,false,false,false,false,false,,,,,,false,true,false,,,false,false,false,false,false,-83.06577,42.3498,"{
  ""coordinates"": [
    -8.306576948100000e+01,
    4.234979582400010e+01
  ],
  ""type"": ""Point""
}","{
  ""coordinates"": [
    -83.065769481,
    42.349795824
  ],
  ""type"": ""Point""
}",-83.065769481,42.3497958240001
4660,9404222,I-75,ROSA PARKS,2015-10-16,16,10,2015,9,6,8,1,,4,0,,1,1,1,55,3,2,2,5,0,0,0,0,true,,false,false,false,false,false,,,,,,false,false,true,,,false,false,false,false,false,-83.0745,42.33227,"{
  ""coordinates"": [
    -8.307450163899991e+01,
    4.233227040900000e+01
  ],
  ""type"": ""Point""
}","{
  ""coordinates"": [
    -83.074501639,
    42.332270409
  ],
  ""type"": ""Point""
}",-83.0745016389999,42.332270409
4661,9419999,BILTMORE,PURITAN,2015-10-16,16,10,2015,16,6,9,9,,,0,,1,2,1,25,2,2,1,5,0,0,0,0,true,,false,false,true,false,false,,,,,,false,true,false,,,false,false,false,false,false,-83.21069,42.40846,"{
  ""coordinates"": [
    -8.321068973699990e+01,
    4.240846423000000e+01
  ],
  ""type"": ""Point""
}","{
  ""coordinates"": [
    -83.210689737,
    42.40846423
  ],
  ""type"": ""Point""
}",-83.2106897369999,42.40846423
4662,9396619,I94 WB,TRUMBULL,2015-10-16,16,10,2015,17,6,5,1,,1,0,,1,2,1,55,3,2,3,4,0,0,0,1,false,,false,false,false,false,false,,,,,,false,false,false,,,false,false,false,false,false,-83.08264,42.35547,"{
  ""coordinates"": [
    -8.308264400800000e+01,
    4.235546814800010e+01
  ],
  ""type"": ""Point""
}","{
  ""coordinates"": [
    -83.082644008,
    42.355468148
  ],
  ""type"": ""Point""
}",-83.082644008,42.3554681480001
4663,9396912,7 MILE,RYAN,2015-10-16,16,10,2015,12,6,5,9,,4,0,,1,1,1,30,2,2,5,5,0,0,0,0,true,,false,false,false,false,false,,,,,,false,false,true,,,false,false,false,false,false,-83.06307,42.43313,"{
  ""coordinates"": [
    -8.306306943000000e+01,
    4.243312886300000e+01
  ],
  ""type"": ""Point""
}","{
  ""coordinates"": [
    -83.06306943,
    42.433128863
  ],
  ""type"": ""Point""
}",-83.06306943,42.433128863
4664,9405699,DAVISON,DEXTER,2015-10-16,16,10,2015,17,6,5,3,,1,0,,1,1,1,55,3,2,3,5,0,0,0,0,true,,false,false,false,false,false,,,,,,false,true,false,,,false,false,false,false,false,-83.13079,42.38977,"{
  ""coordinates"": [
    -8.313079397300000e+01,
    4.238976749100000e+01
  ],
  ""type"": ""Point""
}","{
  ""coordinates"": [
    -83.130793973,
    42.389767491
  ],
  ""type"": ""Point""
}",-83.130793973,42.389767491
4665,9399017,JOHN R,HANCOCK,2015-10-16,16,10,2015,9,6,4,9,,4,0,,1,1,1,25,5,2,2,4,0,0,0,2,false,,false,false,false,false,false,,,,,,false,true,false,,,false,false,false,false,false,-83.06147,42.35673,"{
  ""coordinates"": [
    -8.306146959800000e+01,
    4.235673062300000e+01
  ],
  ""type"": ""Point""
}","{
  ""coordinates"": [
    -83.061469598,
    42.356730623
  ],
  ""type"": ""Point""
}",-83.061469598,42.356730623
4666,9397810,MELLON,SCHAEFER,2015-10-16,16,10,2015,12,6,5,9,,4,0,,1,4,1,35,2,2,3,4,0,0,0,1,false,,false,false,false,false,false,,,,,,false,false,true,,,false,false,false,false,false,-83.16686,42.28947,"{
  ""coordinates"": [
    -8.316685977600000e+01,
    4.228946954600010e+01
  ],
  ""type"": ""Point""
}","{
  ""coordinates"": [
    -83.166859776,
    42.289469546
  ],
  ""type"": ""Point""
}",-83.166859776,42.2894695460001
4667,9397850,LAFAYETTE,GREEN,2015-10-16,16,10,2015,23,6,4,9,,4,0,,1,1,4,35,2,2,2,2,0,1,0,0,false,,true,false,false,false,false,,,,,,false,false,true,,,false,false,false,false,false,-83.11507,42.30523,"{
  ""coordinates"": [
    -8.311507236200001e+01,
    4.230523224800000e+01
  ],
  ""type"": ""Point""
}","{
  ""coordinates"": [
    -83.115072362,
    42.305232248
  ],
  ""type"": ""Point""
}",-83.115072362,42.305232248
4668,9396864,WARREN,MEMORIAL,2015-10-16,16,10,2015,17,6,97,9,,2,0,,1,1,1,35,4,3,3,5,0,0,0,0,true,,false,false,false,false,false,,,,,,false,false,true,,,false,false,false,false,false,-83.21025,42.34346,"{
  ""coordinates"": [
    -8.321025202700000e+01,
    4.234346373200000e+01
  ],
  ""type"": ""Point""
}","{
  ""coordinates"": [
    -83.210252027,
    42.343463732
  ],
  ""type"": ""Point""
}",-83.210252027,42.343463732
4669,9396884,PREVOST,CAMBRIDGE,2015-10-16,16,10,2015,1,6,1,9,,,1,,1,1,4,25,2,1,4,4,0,0,0,2,false,,false,false,false,false,false,,,,,,false,false,false,,,false,false,false,false,false,-83.20425,42.43174,"{
  ""coordinates"": [
    -8.320424857899999e+01,
    4.243174343600000e+01
  ],
  ""type"": ""Point""
}","{
  ""coordinates"": [
    -83.204248579,
    42.431743436
  ],
  ""type"": ""Point""
}",-83.204248579,42.431743436
4670,9399363,MACK,WOODWARD,2015-10-16,16,10,2015,9,6,8,3,,4,0,,1,1,1,30,6,2,2,5,0,0,0,0,true,,false,false,false,false,false,,,,,,false,false,false,,,false,false,false,false,false,-83.05756,42.34753,"{
  ""coordinates"": [
    -8.305756022100000e+01,
    4.234753382700010e+01
  ],
  ""type"": ""Point""
}","{
  ""coordinates"": [
    -83.057560221,
    42.347533827
  ],
  ""type"": ""Point""
}",-83.057560221,42.3475338270001
4671,9396624,I-94,14TH,2015-10-16,16,10,2015,19,6,5,1,,1,0,,1,1,5,55,3,2,3,5,0,0,0,0,true,,false,false,false,false,false,,,,,,false,false,true,,,false,false,false,false,false,-83.09,42.35297,"{
  ""coordinates"": [
    -8.308999554000000e+01,
    4.235296910700000e+01
  ],
  ""type"": ""Point""
}","{
  ""coordinates"": [
    -83.08999554,
    42.352969107
  ],
  ""type"": ""Point""
}",-83.08999554,42.352969107
4672,9398883,M-39,GRAND RIVER,2015-10-16,16,10,2015,0,6,1,3,,1,1,,1,1,4,55,3,1,1,5,0,0,0,0,true,,false,false,false,false,false,,,,,,false,false,false,,,false,false,false,false,false,-83.21825,42.40429,"{
  ""coordinates"": [
    -8.321824537799991e+01,
    4.240429124200010e+01
  ],
  ""type"": ""Point""
}","{
  ""coordinates"": [
    -83.218245378,
    42.404291242
  ],
  ""type"": ""Point""
}",-83.2182453779999,42.4042912420001
4673,9396623,I-75,6 MILE,2015-10-16,16,10,2015,18,6,5,1,,1,0,,1,1,1,70,4,2,2,5,0,0,0,0,true,,false,false,false,false,false,,,,,,false,false,true,,,false,false,false,false,false,-83.09025,42.42117,"{
  ""coordinates"": [
    -8.309024569699990e+01,
    4.242117097600000e+01
  ],
  ""type"": ""Point""
}","{
  ""coordinates"": [
    -83.090245697,
    42.421170976
  ],
  ""type"": ""Point""
}",-83.0902456969999,42.421170976
4674,9413699,S I 75 SERVICE DRIVE,MACK,2015-10-16,16,10,2015,8,6,8,1,,4,0,,1,1,1,30,2,2,2,5,0,0,0,0,true,,false,false,false,false,false,,,,,,false,false,false,,,false,false,false,false,false,-83.04855,42.35105,"{
  ""coordinates"": [
    -8.304854559899999e+01,
    4.235105320300000e+01
  ],
  ""type"": ""Point""
}","{
  ""coordinates"": [
    -83.048545599,
    42.351053203
  ],
  ""type"": ""Point""
}",-83.048545599,42.351053203
4675,9404505,MCNICHOLS,FAIRFIELD,2015-10-16,16,10,2015,10,6,5,9,,4,0,,1,1,1,30,2,2,2,5,0,0,0,0,true,,false,false,false,false,false,,,,,,false,false,true,,,false,false,false,false,false,-83.13524,42.41722,"{
  ""coordinates"": [
    -8.313524030500000e+01,
    4.241722475400010e+01
  ],
  ""type"": ""Point""
}","{
  ""coordinates"": [
    -83.135240305,
    42.417224754
  ],
  ""type"": ""Point""
}",-83.135240305,42.4172247540001