ObjectId,Crash ID,Primary Road,Intersecting Road,Crash Date,Day,Month,Year,Hour,Weekday,Crash Type Code,Highway Classification Code,Community Code,Jurisdiction Code,Lane Departure Type Code,Surface Type,Road Condition,Weather Condition,Lighting Condition,Speed Limit,Lanes,Units,Occupants,Most Severe Injury,Fatal Injuries,Suspected Serious Injuries,Suspected Minor Injuries,Possible Injuries,Property Damage Only,Secondary Crash,Traffic Control,Red Light Run,Hit and Run,Alcohol,Drugs,Unbelted Person,Work Zone,Speeding Driver,Distracted Driver,Driveway,Pedestrian,Elderly Driver,Young Driver,Commercial Vehicle,Emergency Vehicles,Train,School Bus,Motorcycle,Bicycle,Deer,Longitude,Latitude,geom,geog,x,y
4790,9407496,N I 75 SERVICE DRIVE,CASS,2015-10-14,14,10,2015,14,4,7,9,,4,0,,1,1,1,30,2,2,2,5,0,0,0,0,true,,false,false,false,false,false,,,,,,false,true,true,,,false,false,false,false,false,-83.05638,42.33792,"{
  ""coordinates"": [
    -8.305638158600000e+01,
    4.233792232700010e+01
  ],
  ""type"": ""Point""
}","{
  ""coordinates"": [
    -83.056381586,
    42.337922327
  ],
  ""type"": ""Point""
}",-83.056381586,42.3379223270001
4791,9394413,OUTER,LANTZ,2015-10-14,14,10,2015,2,4,1,9,,2,1,,1,1,4,35,5,1,1,5,0,0,0,0,true,,false,false,false,false,false,,,,,,false,false,false,,,false,false,false,false,false,-83.01601,42.43857,"{
  ""coordinates"": [
    -8.301600523899999e+01,
    4.243856680200000e+01
  ],
  ""type"": ""Point""
}","{
  ""coordinates"": [
    -83.016005239,
    42.438566802
  ],
  ""type"": ""Point""
}",-83.016005239,42.438566802
4792,9394450,FENELON,NEVADA,2015-10-14,14,10,2015,12,4,4,9,,,0,,1,1,1,25,1,2,2,5,0,0,0,0,true,,false,false,false,false,false,,,,,,false,false,false,,,false,false,false,false,false,-83.05305,42.42691,"{
  ""coordinates"": [
    -8.305304938899999e+01,
    4.242691088600000e+01
  ],
  ""type"": ""Point""
}","{
  ""coordinates"": [
    -83.053049389,
    42.426910886
  ],
  ""type"": ""Point""
}",-83.053049389,42.426910886
4793,9407502,2ND,WARREN,2015-10-14,14,10,2015,13,4,5,9,,5,0,,1,1,1,30,4,2,2,5,0,0,0,0,true,,false,false,false,false,false,,,,,,false,false,false,,,false,false,false,false,false,-83.06886,42.35517,"{
  ""coordinates"": [
    -8.306885251100000e+01,
    4.235517289500010e+01
  ],
  ""type"": ""Point""
}","{
  ""coordinates"": [
    -83.068852511,
    42.355172895
  ],
  ""type"": ""Point""
}",-83.068852511,42.3551728950001
4794,9396616,I-94,CADIEUX D,2015-10-14,14,10,2015,0,4,97,1,,1,0,,1,2,4,55,3,2,1,4,0,0,0,1,false,,false,false,false,false,false,,,,,,false,false,false,,,false,false,false,false,false,-82.94264,42.41349,"{
  ""coordinates"": [
    -8.294264570000000e+01,
    4.241349129700010e+01
  ],
  ""type"": ""Point""
}","{
  ""coordinates"": [
    -82.9426457,
    42.413491297
  ],
  ""type"": ""Point""
}",-82.9426457,42.4134912970001
4795,9396622,I-94,BURNS,2015-10-13,13,10,2015,20,3,8,1,,1,0,,1,2,4,55,3,2,3,5,0,0,0,0,true,,false,false,false,false,false,,,,,,false,false,false,,,false,false,false,false,false,-83.01444,42.38837,"{
  ""coordinates"": [
    -8.301444421500000e+01,
    4.238837114600010e+01
  ],
  ""type"": ""Point""
}","{
  ""coordinates"": [
    -83.014444215,
    42.388371146
  ],
  ""type"": ""Point""
}",-83.014444215,42.3883711460001
4796,9394431,CHANDLER PARK,CADIEUX,2015-10-13,13,10,2015,18,3,4,9,,2,0,,1,2,3,35,2,2,6,4,0,0,0,2,false,,false,false,false,false,false,,,,,,false,false,false,,,false,false,false,false,false,-82.93303,42.41091,"{
  ""coordinates"": [
    -8.293303030999991e+01,
    4.241091000000010e+01
  ],
  ""type"": ""Point""
}","{
  ""coordinates"": [
    -82.93303031,
    42.41091
  ],
  ""type"": ""Point""
}",-82.9330303099999,42.4109100000001
4797,9414788,ROBSON,JOY,2015-10-13,13,10,2015,21,3,4,9,,,0,,1,1,4,30,4,6,4,4,0,0,0,1,false,,false,false,true,false,false,,,,,,false,false,true,,,false,false,false,false,false,-83.19159,42.35828,"{
  ""coordinates"": [
    -8.319158602600000e+01,
    4.235827600700000e+01
  ],
  ""type"": ""Point""
}","{
  ""coordinates"": [
    -83.191586026,
    42.358276007
  ],
  ""type"": ""Point""
}",-83.191586026,42.358276007
4798,9395292,S/B M-10,PALLISTER,2015-10-13,13,10,2015,8,3,5,3,,1,0,,1,1,1,55,3,2,3,5,0,0,0,0,true,,false,false,false,false,false,,,,,,false,false,false,,,false,false,false,false,false,-83.08624,42.37346,"{
  ""coordinates"": [
    -8.308623369900000e+01,
    4.237346125900010e+01
  ],
  ""type"": ""Point""
}","{
  ""coordinates"": [
    -83.086233699,
    42.373461259
  ],
  ""type"": ""Point""
}",-83.086233699,42.3734612590001
4799,9395293,RAMP 215A,E I 94,2015-10-13,13,10,2015,11,3,8,1,,1,0,,1,2,1,55,3,2,2,5,0,0,0,0,true,,false,false,false,false,false,,,,,,false,false,false,,,false,false,false,false,false,-83.07924,42.35702,"{
  ""coordinates"": [
    -8.307923701800000e+01,
    4.235702244000000e+01
  ],
  ""type"": ""Point""
}","{
  ""coordinates"": [
    -83.079237018,
    42.35702244
  ],
  ""type"": ""Point""
}",-83.079237018,42.35702244
4800,9399117,MILWAUKEE,CASS,2015-10-13,13,10,2015,16,3,8,9,,4,0,,1,1,1,25,2,2,2,5,0,0,0,0,true,,false,false,false,false,false,,,,,,false,false,false,,,false,false,false,false,false,-83.07486,42.36825,"{
  ""coordinates"": [
    -8.307486316099990e+01,
    4.236824808800000e+01
  ],
  ""type"": ""Point""
}","{
  ""coordinates"": [
    -83.074863161,
    42.368248088
  ],
  ""type"": ""Point""
}",-83.0748631609999,42.368248088
4801,9395310,M-39,GRAND RIVER,2015-10-13,13,10,2015,11,3,1,3,,1,1,,1,2,1,55,3,1,1,4,0,0,0,1,false,,false,false,false,false,false,,,,,,false,false,false,,,false,false,false,false,false,-83.21835,42.39929,"{
  ""coordinates"": [
    -8.321834219399990e+01,
    4.239929203500000e+01
  ],
  ""type"": ""Point""
}","{
  ""coordinates"": [
    -83.218342194,
    42.399292035
  ],
  ""type"": ""Point""
}",-83.2183421939999,42.399292035
4802,9404499,N M 10,OUTER,2015-10-13,13,10,2015,20,3,1,3,,1,0,,1,1,5,55,4,1,1,5,0,0,0,0,true,,false,false,false,false,false,,,,,,false,true,false,,,false,false,false,false,false,-83.17606,42.42088,"{
  ""coordinates"": [
    -8.317606427100000e+01,
    4.242088265700000e+01
  ],
  ""type"": ""Point""
}","{
  ""coordinates"": [
    -83.176064271,
    42.420882657
  ],
  ""type"": ""Point""
}",-83.176064271,42.420882657
4803,9597184,MOROSS,CHESTER,2015-10-13,13,10,2015,18,3,4,9,,2,0,,1,1,3,35,3,2,1,5,0,0,0,0,true,,false,false,false,false,false,,,,,,false,false,false,,,false,false,false,false,false,-82.92342,42.422,"{
  ""coordinates"": [
    -8.292341800700000e+01,
    4.242200398700000e+01
  ],
  ""type"": ""Point""
}","{
  ""coordinates"": [
    -82.923418007,
    42.422003987
  ],
  ""type"": ""Point""
}",-82.923418007,42.422003987
4804,9394419,7 MILE,MT ELLIOTT,2015-10-13,13,10,2015,15,3,1,9,,4,0,,1,2,1,30,2,2,1,4,0,0,0,1,false,,false,false,true,false,false,,,,,,true,false,false,,,false,false,false,false,false,-83.03894,42.43368,"{
  ""coordinates"": [
    -8.303893875599989e+01,
    4.243368040500010e+01
  ],
  ""type"": ""Point""
}","{
  ""coordinates"": [
    -83.038938756,
    42.433680405
  ],
  ""type"": ""Point""
}",-83.0389387559999,42.4336804050001
4805,9394421,LINWOOD,MIDLAND,2015-10-13,13,10,2015,22,3,5,9,,4,0,,1,1,4,25,5,2,0,5,0,0,0,0,true,,false,false,true,false,false,,,,,,false,false,false,,,false,false,false,false,false,-83.12745,42.40648,"{
  ""coordinates"": [
    -8.312744728400000e+01,
    4.240647422000010e+01
  ],
  ""type"": ""Point""
}","{
  ""coordinates"": [
    -83.127447284,
    42.40647422
  ],
  ""type"": ""Point""
}",-83.127447284,42.4064742200001
4806,9394433,WARREN,S M 39 SERVICE DRIVE,2015-10-13,13,10,2015,22,3,1,9,,2,0,,1,1,4,35,3,2,1,4,0,0,0,1,false,,false,false,false,false,false,,,,,,false,false,false,,,false,false,false,true,false,-83.21653,42.34336,"{
  ""coordinates"": [
    -8.321652684599999e+01,
    4.234335843000010e+01
  ],
  ""type"": ""Point""
}","{
  ""coordinates"": [
    -83.216526846,
    42.34335843
  ],
  ""type"": ""Point""
}",-83.216526846,42.3433584300001
4807,9394410,PETER HUNT,MAY,2015-10-13,13,10,2015,22,3,2,9,,,2,,1,1,4,20,2,2,2,5,0,0,0,0,true,,false,false,false,false,false,,,,,,false,false,true,,,false,false,false,false,false,-83.01027,42.39344,"{
  ""coordinates"": [
    -8.301026929800000e+01,
    4.239343973700010e+01
  ],
  ""type"": ""Point""
}","{
  ""coordinates"": [
    -83.010269298,
    42.393439737
  ],
  ""type"": ""Point""
}",-83.010269298,42.3934397370001
4808,9394448,OUTER,MOUND,2015-10-13,13,10,2015,22,3,5,9,,2,0,,1,1,4,35,4,2,3,5,0,0,0,0,true,,false,false,false,false,false,,,,,,false,false,false,,,false,false,false,false,false,-83.04387,42.44072,"{
  ""coordinates"": [
    -8.304387097300000e+01,
    4.244071822500010e+01
  ],
  ""type"": ""Point""
}","{
  ""coordinates"": [
    -83.043870973,
    42.440718225
  ],
  ""type"": ""Point""
}",-83.043870973,42.4407182250001
4809,9394400,CENTRAL,JOHN KRONK,2015-10-13,13,10,2015,9,3,5,9,,4,0,,1,2,1,25,2,2,4,4,0,0,0,1,false,,false,false,true,false,false,,,,,,false,false,false,,,false,false,false,false,false,-83.13165,42.32279,"{
  ""coordinates"": [
    -8.313165252200000e+01,
    4.232279119600000e+01
  ],
  ""type"": ""Point""
}","{
  ""coordinates"": [
    -83.131652522,
    42.322791196
  ],
  ""type"": ""Point""
}",-83.131652522,42.322791196
4810,9393312,I-75,SEVEN MILE,2015-10-13,13,10,2015,12,3,1,1,,1,0,,1,1,1,70,4,1,2,5,0,0,0,0,true,,false,false,false,false,false,,,,,,false,false,false,,,false,false,false,false,false,-83.09447,42.43111,"{
  ""coordinates"": [
    -8.309447687300000e+01,
    4.243111090400000e+01
  ],
  ""type"": ""Point""
}","{
  ""coordinates"": [
    -83.094476873,
    42.431110904
  ],
  ""type"": ""Point""
}",-83.094476873,42.431110904
4811,9393373,GRATIOT,SAINT PATRICK,2015-10-13,13,10,2015,16,3,9,3,,1,0,,1,2,1,35,7,2,2,5,0,0,0,0,true,,false,false,false,false,false,,,,,,false,false,false,,,false,false,false,false,false,-82.9921,42.41314,"{
  ""coordinates"": [
    -8.299210431099991e+01,
    4.241314095600010e+01
  ],
  ""type"": ""Point""
}","{
  ""coordinates"": [
    -82.992104311,
    42.413140956
  ],
  ""type"": ""Point""
}",-82.9921043109999,42.4131409560001
4812,9394425,7 MILE,BRAILE,2015-10-13,13,10,2015,22,3,7,9,,2,0,,1,1,4,35,6,2,1,5,0,0,0,0,true,,false,false,false,false,false,,,,,,false,false,true,,,false,false,false,false,false,-83.24638,42.42939,"{
  ""coordinates"": [
    -8.324637842700000e+01,
    4.242938882600000e+01
  ],
  ""type"": ""Point""
}","{
  ""coordinates"": [
    -83.246378427,
    42.429388826
  ],
  ""type"": ""Point""
}",-83.246378427,42.429388826
4813,9395278,M39,PURITAN,2015-10-13,13,10,2015,9,3,5,3,,1,0,,1,2,1,55,3,2,2,5,0,0,0,0,true,,false,false,false,false,false,,,,,,false,false,true,,,false,false,false,false,false,-83.21872,42.4086,"{
  ""coordinates"": [
    -8.321872222600000e+01,
    4.240860017500010e+01
  ],
  ""type"": ""Point""
}","{
  ""coordinates"": [
    -83.218722226,
    42.408600175
  ],
  ""type"": ""Point""
}",-83.218722226,42.4086001750001
4814,9394430,MACK,ALTER,2015-10-13,13,10,2015,15,3,3,9,,4,0,,1,2,1,30,5,2,6,5,0,0,0,0,true,,false,false,false,false,false,,,,,,false,false,false,,,false,false,false,false,false,-82.94773,42.38729,"{
  ""coordinates"": [
    -8.294772815100001e+01,
    4.238729251300000e+01
  ],
  ""type"": ""Point""
}","{
  ""coordinates"": [
    -82.947728151,
    42.387292513
  ],
  ""type"": ""Point""
}",-82.947728151,42.387292513
4815,9395309,I-96,MARTIN LUTHER KING JR,2015-10-13,13,10,2015,9,3,5,1,,1,0,,1,2,1,70,4,2,2,5,0,0,0,0,true,,false,false,false,false,false,,,,,,false,false,false,,,false,false,false,false,false,-83.09242,42.33886,"{
  ""coordinates"": [
    -8.309242393600000e+01,
    4.233885603600000e+01
  ],
  ""type"": ""Point""
}","{
  ""coordinates"": [
    -83.092423936,
    42.338856036
  ],
  ""type"": ""Point""
}",-83.092423936,42.338856036
4816,9394420,7 MILE,ANTWERP,2015-10-13,13,10,2015,16,3,4,9,,4,0,,1,2,2,30,2,2,0,5,0,0,0,0,true,,false,false,true,false,false,,,,,,false,false,false,,,false,false,false,false,false,-83.01809,42.43408,"{
  ""coordinates"": [
    -8.301808581499991e+01,
    4.243408388300000e+01
  ],
  ""type"": ""Point""
}","{
  ""coordinates"": [
    -83.018085815,
    42.434083883
  ],
  ""type"": ""Point""
}",-83.0180858149999,42.434083883
4817,9393386,CADIEUX,WARREN,2015-10-13,13,10,2015,12,3,5,9,,4,0,,1,2,1,30,3,2,3,5,0,0,0,0,true,,false,false,false,false,false,,,,,,false,false,true,,,false,false,false,false,false,-82.92989,42.40618,"{
  ""coordinates"": [
    -8.292988916199990e+01,
    4.240617755800000e+01
  ],
  ""type"": ""Point""
}","{
  ""coordinates"": [
    -82.929889162,
    42.406177558
  ],
  ""type"": ""Point""
}",-82.9298891619999,42.406177558
4818,9397865,RAMP 039A,S I 75,2015-10-13,13,10,2015,12,3,8,1,,1,0,,1,2,1,55,5,2,2,5,0,0,0,0,true,,false,false,false,false,false,,,,,,false,false,true,,,false,false,false,false,false,-83.0569,42.33813,"{
  ""coordinates"": [
    -8.305689733000000e+01,
    4.233813505600010e+01
  ],
  ""type"": ""Point""
}","{
  ""coordinates"": [
    -83.05689733,
    42.338135056
  ],
  ""type"": ""Point""
}",-83.05689733,42.3381350560001
4819,9396852,GRATIOT,MITCHELL,2015-10-13,13,10,2015,15,3,8,3,,1,0,,1,1,1,25,6,2,14,5,0,0,0,0,true,,false,false,false,false,false,,,,,,false,false,false,,,false,false,false,false,false,-83.02951,42.35635,"{
  ""coordinates"": [
    -8.302951420999990e+01,
    4.235634766400010e+01
  ],
  ""type"": ""Point""
}","{
  ""coordinates"": [
    -83.02951421,
    42.356347664
  ],
  ""type"": ""Point""
}",-83.0295142099999,42.3563476640001
4820,9395267,M-39,WARREN,2015-10-13,13,10,2015,8,3,5,3,,1,0,,1,2,1,55,3,3,3,5,0,0,0,0,true,,false,false,false,false,false,,,,,,false,false,false,,,false,false,false,false,false,-83.21609,42.34475,"{
  ""coordinates"": [
    -8.321608598700000e+01,
    4.234474683100010e+01
  ],
  ""type"": ""Point""
}","{
  ""coordinates"": [
    -83.216085987,
    42.344746831
  ],
  ""type"": ""Point""
}",-83.216085987,42.3447468310001
4821,9396812,MCNICHOLS,ROSEMONT,2015-10-13,13,10,2015,21,3,1,9,,2,1,,1,1,4,35,7,1,2,5,0,0,0,0,true,,false,false,false,false,false,,,,,,false,false,false,,,false,false,false,false,false,-83.22139,42.4155,"{
  ""coordinates"": [
    -8.322139120799990e+01,
    4.241549994700010e+01
  ],
  ""type"": ""Point""
}","{
  ""coordinates"": [
    -83.221391208,
    42.415499947
  ],
  ""type"": ""Point""
}",-83.2213912079999,42.4154999470001
4822,9662448,GRATIOT,FINDLAY,2015-10-13,13,10,2015,0,3,5,3,,1,0,,1,1,4,35,7,2,2,5,0,0,0,0,true,,false,false,false,false,false,,,,,,false,false,false,,,false,false,false,false,false,-82.9894,42.41727,"{
  ""coordinates"": [
    -8.298939602599999e+01,
    4.241727073200010e+01
  ],
  ""type"": ""Point""
}","{
  ""coordinates"": [
    -82.989396026,
    42.417270732
  ],
  ""type"": ""Point""
}",-82.989396026,42.4172707320001
4823,9395311,213D,I-94,2015-10-13,13,10,2015,16,3,5,1,,1,0,,1,2,1,70,2,2,4,5,0,0,0,0,true,,false,false,false,false,false,,,,,,false,false,false,,,false,false,false,false,false,-83.10252,42.34878,"{
  ""coordinates"": [
    -8.310252319900000e+01,
    4.234878249200010e+01
  ],
  ""type"": ""Point""
}","{
  ""coordinates"": [
    -83.102523199,
    42.348782492
  ],
  ""type"": ""Point""
}",-83.102523199,42.3487824920001
4824,9393388,S M 39 SERVICE DRIVE,KIRKWOOD,2015-10-13,13,10,2015,19,3,5,3,,1,0,,1,1,1,35,2,2,2,5,0,0,0,0,true,,false,false,false,false,false,,,,,,false,false,false,,,false,false,false,false,false,-83.21622,42.33257,"{
  ""coordinates"": [
    -8.321622569199999e+01,
    4.233256493900010e+01
  ],
  ""type"": ""Point""
}","{
  ""coordinates"": [
    -83.216225692,
    42.332564939
  ],
  ""type"": ""Point""
}",-83.216225692,42.3325649390001
4825,9399373,N M 10,JEFFERSON,2015-10-13,13,10,2015,18,3,5,3,,1,0,,1,1,4,35,6,2,4,5,0,0,0,0,true,,false,false,false,false,false,,,,,,false,false,true,,,false,false,false,false,false,-83.04552,42.32834,"{
  ""coordinates"": [
    -8.304552371400000e+01,
    4.232834085700010e+01
  ],
  ""type"": ""Point""
}","{
  ""coordinates"": [
    -83.045523714,
    42.328340857
  ],
  ""type"": ""Point""
}",-83.045523714,42.3283408570001
4826,9395442,MACK,N I 75,2015-10-13,13,10,2015,17,3,8,9,,4,0,,1,1,1,30,4,2,3,5,0,0,0,0,true,,false,false,false,false,false,,,,,,false,false,false,,,false,false,false,false,false,-83.04784,42.3512,"{
  ""coordinates"": [
    -8.304784646600000e+01,
    4.235120367000010e+01
  ],
  ""type"": ""Point""
}","{
  ""coordinates"": [
    -83.047846466,
    42.35120367
  ],
  ""type"": ""Point""
}",-83.047846466,42.3512036700001
4827,9399046,S I 75,MACK,2015-10-13,13,10,2015,9,3,8,1,,1,0,,1,1,1,25,4,2,3,5,0,0,0,0,true,,false,false,false,false,false,,,,,,false,false,false,,,false,false,false,false,false,-83.04818,42.35123,"{
  ""coordinates"": [
    -8.304818310300000e+01,
    4.235123333200000e+01
  ],
  ""type"": ""Point""
}","{
  ""coordinates"": [
    -83.048183103,
    42.351233332
  ],
  ""type"": ""Point""
}",-83.048183103,42.351233332
4828,9393383,WARREN,3 MILE,2015-10-13,13,10,2015,9,3,8,9,,4,0,,1,2,1,30,4,2,4,5,0,0,0,0,true,,false,false,false,false,false,,,,,,false,false,true,,,false,false,false,false,false,-82.93999,42.40234,"{
  ""coordinates"": [
    -8.293998995899990e+01,
    4.240234275200000e+01
  ],
  ""type"": ""Point""
}","{
  ""coordinates"": [
    -82.939989959,
    42.402342752
  ],
  ""type"": ""Point""
}",-82.9399899589999,42.402342752
4829,9395418,8 MILE,WOODWARD,2015-10-13,13,10,2015,14,3,8,3,,1,0,,1,2,1,40,3,2,2,4,0,0,0,1,false,,false,false,false,false,false,,,,,,false,false,true,,,false,false,false,false,false,-83.1248,42.44651,"{
  ""coordinates"": [
    -8.312480035800000e+01,
    4.244650635800010e+01
  ],
  ""type"": ""Point""
}","{
  ""coordinates"": [
    -83.124800358,
    42.446506358
  ],
  ""type"": ""Point""
}",-83.124800358,42.4465063580001
4830,9394398,STATE FAIR,CRUSADE,2015-10-13,13,10,2015,23,3,5,9,,5,0,,1,1,5,30,2,2,0,5,0,0,0,0,true,,false,false,false,false,false,,,,,,false,false,false,,,false,false,false,false,false,-82.9605,42.44277,"{
  ""coordinates"": [
    -8.296050134599990e+01,
    4.244276619600000e+01
  ],
  ""type"": ""Point""
}","{
  ""coordinates"": [
    -82.960501346,
    42.442766196
  ],
  ""type"": ""Point""
}",-82.9605013459999,42.442766196
4831,9395268,N M 39,JOY,2015-10-13,13,10,2015,9,3,1,3,,1,1,,1,2,1,55,3,1,1,5,0,0,0,0,true,,false,false,false,false,false,,,,,,false,false,false,,,false,false,false,false,false,-83.21626,42.35473,"{
  ""coordinates"": [
    -8.321626440800000e+01,
    4.235473153500000e+01
  ],
  ""type"": ""Point""
}","{
  ""coordinates"": [
    -83.216264408,
    42.354731535
  ],
  ""type"": ""Point""
}",-83.216264408,42.354731535
4832,9394424,JOY,ROBSON,2015-10-13,13,10,2015,21,3,97,9,,4,0,,1,1,4,30,4,5,4,4,0,0,0,1,false,,false,false,false,false,false,,,,,,false,false,true,,,false,false,false,false,false,-83.19163,42.35825,"{
  ""coordinates"": [
    -8.319162898099999e+01,
    4.235824612200000e+01
  ],
  ""type"": ""Point""
}","{
  ""coordinates"": [
    -83.191628981,
    42.358246122
  ],
  ""type"": ""Point""
}",-83.191628981,42.358246122
4833,9393376,LESLIE,BROADSTREET,2015-10-13,13,10,2015,15,3,5,9,,,0,,1,1,1,25,2,2,1,5,0,0,0,0,true,,false,false,false,false,false,,,,,,false,false,false,,,false,false,false,false,false,-83.13625,42.38308,"{
  ""coordinates"": [
    -8.313625679700000e+01,
    4.238307927900010e+01
  ],
  ""type"": ""Point""
}","{
  ""coordinates"": [
    -83.136256797,
    42.383079279
  ],
  ""type"": ""Point""
}",-83.136256797,42.3830792790001
4834,9394437,EVERGREEN,FENKELL,2015-10-13,13,10,2015,9,3,8,9,,4,0,,1,1,1,30,3,2,1,5,0,0,0,0,true,,false,false,true,false,false,,,,,,false,false,false,,,false,false,false,false,false,-83.23742,42.4007,"{
  ""coordinates"": [
    -8.323741789899999e+01,
    4.240069692900000e+01
  ],
  ""type"": ""Point""
}","{
  ""coordinates"": [
    -83.237417899,
    42.400696929
  ],
  ""type"": ""Point""
}",-83.237417899,42.400696929
4835,9399374,WASHINGTON,FORT,2015-10-13,13,10,2015,9,3,5,3,,4,0,,1,1,1,35,3,2,2,5,0,0,0,0,true,,false,false,false,false,false,,,,,,false,false,false,,,false,false,false,false,false,-83.04989,42.32974,"{
  ""coordinates"": [
    -8.304988599900000e+01,
    4.232974099000010e+01
  ],
  ""type"": ""Point""
}","{
  ""coordinates"": [
    -83.049885999,
    42.32974099
  ],
  ""type"": ""Point""
}",-83.049885999,42.3297409900001
4836,9395277,W I 96,EVERGREEN,2015-10-13,13,10,2015,6,3,1,1,,1,1,,1,2,4,55,2,1,1,5,0,0,0,0,true,,false,false,false,false,false,,,,,,false,false,true,,,false,false,false,false,false,-83.23651,42.38037,"{
  ""coordinates"": [
    -8.323651350800000e+01,
    4.238037459200010e+01
  ],
  ""type"": ""Point""
}","{
  ""coordinates"": [
    -83.236513508,
    42.380374592
  ],
  ""type"": ""Point""
}",-83.236513508,42.3803745920001
4837,9394402,8 MILE,FLEMING,2015-10-13,13,10,2015,8,3,4,3,,1,0,,1,1,1,35,4,2,3,5,0,0,0,0,true,,false,false,true,false,false,,,,,,false,false,true,,,false,false,false,false,false,-83.079,42.44708,"{
  ""coordinates"": [
    -8.307900143500000e+01,
    4.244707765200010e+01
  ],
  ""type"": ""Point""
}","{
  ""coordinates"": [
    -83.079001435,
    42.447077652
  ],
  ""type"": ""Point""
}",-83.079001435,42.4470776520001
4838,9392509,RAMP 105E,N M 10,2015-10-12,12,10,2015,19,2,1,3,,1,1,,1,1,5,55,1,1,0,5,0,0,0,0,true,,false,false,true,false,false,,,,,,false,false,false,,,false,false,false,false,false,-83.16155,42.40626,"{
  ""coordinates"": [
    -8.316154898000001e+01,
    4.240625797500010e+01
  ],
  ""type"": ""Point""
}","{
  ""coordinates"": [
    -83.16154898,
    42.406257975
  ],
  ""type"": ""Point""
}",-83.16154898,42.4062579750001
4839,9394443,7 MILE,VAN DYKE,2015-10-12,12,10,2015,20,2,8,3,,4,0,,1,1,4,30,2,2,3,5,0,0,0,0,true,,false,false,true,false,false,,,,,,false,false,false,,,false,false,false,false,false,-83.02407,42.43397,"{
  ""coordinates"": [
    -8.302407178300000e+01,
    4.243397166900010e+01
  ],
  ""type"": ""Point""
}","{
  ""coordinates"": [
    -83.024071783,
    42.433971669
  ],
  ""type"": ""Point""
}",-83.024071783,42.4339716690001
4840,9391514,M-10,GRANDRIVER,2015-10-12,12,10,2015,1,2,97,3,,1,1,,1,1,5,55,3,1,1,5,0,0,0,0,true,,false,false,false,false,false,,,,,,false,false,false,,,false,false,false,false,false,-83.06588,42.3381,"{
  ""coordinates"": [
    -8.306587718700000e+01,
    4.233809978200000e+01
  ],
  ""type"": ""Point""
}","{
  ""coordinates"": [
    -83.065877187,
    42.338099782
  ],
  ""type"": ""Point""
}",-83.065877187,42.338099782
4841,9395266,M-10,BAGLEY,2015-10-12,12,10,2015,10,2,97,3,,1,0,,1,1,1,55,3,2,1,5,0,0,0,0,true,,false,false,false,false,false,,,,,,false,false,false,,,false,false,false,false,false,-83.06476,42.33558,"{
  ""coordinates"": [
    -8.306475478300000e+01,
    4.233558057000000e+01
  ],
  ""type"": ""Point""
}","{
  ""coordinates"": [
    -83.064754783,
    42.33558057
  ],
  ""type"": ""Point""
}",-83.064754783,42.33558057
4842,9395302,S M 10,N JOHN C LODGE/S JOHN C LODGE,2015-10-12,12,10,2015,7,2,1,3,,1,0,,1,2,1,55,3,1,2,4,0,0,0,2,false,,false,false,false,false,false,,,,,,false,false,false,,,false,false,false,false,false,-83.07214,42.35131,"{
  ""coordinates"": [
    -8.307213850200000e+01,
    4.235131208700010e+01
  ],
  ""type"": ""Point""
}","{
  ""coordinates"": [
    -83.072138502,
    42.351312087
  ],
  ""type"": ""Point""
}",-83.072138502,42.3513120870001
4843,9394427,LAWNDALE,LAFAYETTE,2015-10-12,12,10,2015,11,2,4,9,,4,0,,1,1,1,25,3,2,2,5,0,0,0,0,true,,true,false,true,false,false,,,,,,false,true,false,,,false,false,false,false,false,-83.12669,42.30072,"{
  ""coordinates"": [
    -8.312668601000000e+01,
    4.230072521300010e+01
  ],
  ""type"": ""Point""
}","{
  ""coordinates"": [
    -83.12668601,
    42.300725213
  ],
  ""type"": ""Point""
}",-83.12668601,42.3007252130001
4844,9393398,8 MILE,HOOVER,2015-10-12,12,10,2015,10,2,4,3,,1,0,,1,1,1,40,4,2,2,5,0,0,0,0,true,,false,false,true,false,false,,,,,,false,false,false,,,false,false,false,false,false,-83.00726,42.44872,"{
  ""coordinates"": [
    -8.300726466499999e+01,
    4.244872402400010e+01
  ],
  ""type"": ""Point""
}","{
  ""coordinates"": [
    -83.007264665,
    42.448724024
  ],
  ""type"": ""Point""
}",-83.007264665,42.4487240240001
4845,9394447,MOUND,DAVISON,2015-10-12,12,10,2015,14,2,8,9,,2,0,,1,1,1,35,4,2,4,5,0,0,0,0,true,,false,false,false,false,false,,,,,,false,false,false,,,false,false,false,false,false,-83.0432,42.42247,"{
  ""coordinates"": [
    -8.304320084200000e+01,
    4.242246989600010e+01
  ],
  ""type"": ""Point""
}","{
  ""coordinates"": [
    -83.043200842,
    42.422469896
  ],
  ""type"": ""Point""
}",-83.043200842,42.4224698960001
4846,9392643,7 MILE,SHEAFER,2015-10-12,12,10,2015,15,2,4,9,,2,0,,1,1,1,30,4,2,3,5,0,0,0,0,true,,false,false,true,false,false,,,,,,false,true,false,,,false,false,false,false,false,-83.1805,42.43108,"{
  ""coordinates"": [
    -8.318049826299990e+01,
    4.243107600100010e+01
  ],
  ""type"": ""Point""
}","{
  ""coordinates"": [
    -83.180498263,
    42.431076001
  ],
  ""type"": ""Point""
}",-83.1804982629999,42.4310760010001