ObjectId,Crash ID,Primary Road,Intersecting Road,Crash Date,Day,Month,Year,Hour,Weekday,Crash Type Code,Highway Classification Code,Community Code,Jurisdiction Code,Lane Departure Type Code,Surface Type,Road Condition,Weather Condition,Lighting Condition,Speed Limit,Lanes,Units,Occupants,Most Severe Injury,Fatal Injuries,Suspected Serious Injuries,Suspected Minor Injuries,Possible Injuries,Property Damage Only,Secondary Crash,Traffic Control,Red Light Run,Hit and Run,Alcohol,Drugs,Unbelted Person,Work Zone,Speeding Driver,Distracted Driver,Driveway,Pedestrian,Elderly Driver,Young Driver,Commercial Vehicle,Emergency Vehicles,Train,School Bus,Motorcycle,Bicycle,Deer,Longitude,Latitude,geom,geog,x,y
4904,9391670,JOHN R,MILWAUKEE,2015-10-11,11,10,2015,13,1,4,9,,4,0,,1,1,1,0,2,2,2,5,0,0,0,0,true,,false,false,false,false,false,,,,,,false,false,false,,,false,false,false,false,false,-83.07021,42.36976,"{
  ""coordinates"": [
    -8.307021404699999e+01,
    4.236975844700000e+01
  ],
  ""type"": ""Point""
}","{
  ""coordinates"": [
    -83.070214047,
    42.369758447
  ],
  ""type"": ""Point""
}",-83.070214047,42.369758447
4905,9392672,EWALD,SAN JUAN,2015-10-11,11,10,2015,16,1,1,9,,4,0,,1,1,1,25,2,2,3,3,0,0,1,0,false,,false,false,false,false,false,,,,,,false,false,false,,,false,false,false,true,false,-83.14497,42.38931,"{
  ""coordinates"": [
    -8.314497002500001e+01,
    4.238931034400010e+01
  ],
  ""type"": ""Point""
}","{
  ""coordinates"": [
    -83.144970025,
    42.389310344
  ],
  ""type"": ""Point""
}",-83.144970025,42.3893103440001
4906,9396837,PEMBROKE,LINDSAY,2015-10-11,11,10,2015,8,1,8,9,,4,0,,1,1,5,35,2,2,6,4,0,0,0,2,false,,false,false,false,false,false,,,,,,false,false,true,,,false,false,false,false,false,-83.21423,42.43733,"{
  ""coordinates"": [
    -8.321422787800000e+01,
    4.243732818300000e+01
  ],
  ""type"": ""Point""
}","{
  ""coordinates"": [
    -83.214227878,
    42.437328183
  ],
  ""type"": ""Point""
}",-83.214227878,42.437328183
4907,9392638,GRAND RIVER,LAHSER,2015-10-11,11,10,2015,21,1,1,3,,1,0,,1,1,4,30,7,2,1,4,0,0,0,1,false,,false,false,false,false,false,,,,,,true,false,false,,,false,false,false,false,false,-83.25767,42.4165,"{
  ""coordinates"": [
    -8.325766931699999e+01,
    4.241650117100000e+01
  ],
  ""type"": ""Point""
}","{
  ""coordinates"": [
    -83.257669317,
    42.416501171
  ],
  ""type"": ""Point""
}",-83.257669317,42.416501171
4908,9402624,S/B M 10,WYOMING,2015-10-11,11,10,2015,14,1,1,3,,1,1,,1,1,1,55,3,1,0,5,0,0,0,0,true,,false,false,true,false,false,,,,,,false,false,false,,,false,false,false,false,false,-83.16138,42.40588,"{
  ""coordinates"": [
    -8.316137535000000e+01,
    4.240587816800010e+01
  ],
  ""type"": ""Point""
}","{
  ""coordinates"": [
    -83.16137535,
    42.405878168
  ],
  ""type"": ""Point""
}",-83.16137535,42.4058781680001
4909,9391694,LIVERNOIS,NORFOLK,2015-10-11,11,10,2015,2,1,5,9,,4,0,,1,1,4,30,4,2,3,5,0,0,0,0,true,,false,false,true,false,false,,,,,,false,false,false,,,false,false,false,false,false,-83.1418,42.44329,"{
  ""coordinates"": [
    -8.314179748600000e+01,
    4.244328625900000e+01
  ],
  ""type"": ""Point""
}","{
  ""coordinates"": [
    -83.141797486,
    42.443286259
  ],
  ""type"": ""Point""
}",-83.141797486,42.443286259
4910,9399312,GRAND,WOODWARD,2015-10-11,11,10,2015,5,1,4,3,,4,0,,1,1,4,30,2,2,2,5,0,0,0,0,true,,true,true,false,false,false,,,,,,false,false,false,,,false,false,false,false,false,-83.07327,42.37017,"{
  ""coordinates"": [
    -8.307326709400000e+01,
    4.237017604500010e+01
  ],
  ""type"": ""Point""
}","{
  ""coordinates"": [
    -83.073267094,
    42.370176045
  ],
  ""type"": ""Point""
}",-83.073267094,42.3701760450001
4911,9396860,ASHTON,BELTON,2015-10-11,11,10,2015,9,1,4,9,,,0,,1,1,1,25,2,2,2,5,0,0,0,0,true,,false,false,false,false,false,,,,,,false,false,true,,,false,false,false,false,false,-83.2175,42.35241,"{
  ""coordinates"": [
    -8.321750028000000e+01,
    4.235240612700010e+01
  ],
  ""type"": ""Point""
}","{
  ""coordinates"": [
    -83.21750028,
    42.352406127
  ],
  ""type"": ""Point""
}",-83.21750028,42.3524061270001
4912,9390389,JEFFERSON,SAINT AUBIN,2015-10-11,11,10,2015,1,1,2,9,,4,2,,1,1,4,0,2,2,1,5,0,0,0,0,true,,false,false,true,false,false,,,,,,false,false,false,,,false,false,false,false,false,-83.02606,42.33677,"{
  ""coordinates"": [
    -8.302605836200000e+01,
    4.233676873800000e+01
  ],
  ""type"": ""Point""
}","{
  ""coordinates"": [
    -83.026058362,
    42.336768738
  ],
  ""type"": ""Point""
}",-83.026058362,42.336768738
4913,9392650,REDMOND,COLLINGHAM,2015-10-11,11,10,2015,23,1,4,9,,,0,,1,1,4,25,2,2,3,5,0,0,0,0,true,,true,false,false,false,false,,,,,,false,false,false,,,false,false,false,false,false,-82.95617,42.44827,"{
  ""coordinates"": [
    -8.295616783500000e+01,
    4.244826492800010e+01
  ],
  ""type"": ""Point""
}","{
  ""coordinates"": [
    -82.956167835,
    42.448264928
  ],
  ""type"": ""Point""
}",-82.956167835,42.4482649280001
4914,9399448,THATCHER,MONICA,2015-10-11,11,10,2015,23,1,4,9,,,3,,1,1,4,25,2,2,1,5,0,0,0,0,true,,false,false,false,false,false,,,,,,false,false,false,,,false,false,false,false,false,-83.14427,42.42255,"{
  ""coordinates"": [
    -8.314426872000000e+01,
    4.242255167700010e+01
  ],
  ""type"": ""Point""
}","{
  ""coordinates"": [
    -83.14426872,
    42.422551677
  ],
  ""type"": ""Point""
}",-83.14426872,42.4225516770001
4915,9395444,JOY,EPWOTH,2015-10-11,11,10,2015,23,1,1,9,,4,0,,1,1,4,30,2,1,1,3,0,0,2,0,false,,false,false,false,false,false,,,,,,false,false,false,,,false,false,false,false,false,-83.13582,42.36069,"{
  ""coordinates"": [
    -8.313582160199999e+01,
    4.236068635200010e+01
  ],
  ""type"": ""Point""
}","{
  ""coordinates"": [
    -83.135821602,
    42.360686352
  ],
  ""type"": ""Point""
}",-83.135821602,42.3606863520001
4916,9439580,ELMHURST,HOLMUR,2015-10-11,11,10,2015,14,1,4,9,,4,0,,1,1,1,35,2,2,5,3,0,0,1,0,false,,false,false,false,false,false,,,,,,false,false,false,,,false,false,false,false,false,-83.12759,42.38,"{
  ""coordinates"": [
    -8.312759745600000e+01,
    4.237999743000010e+01
  ],
  ""type"": ""Point""
}","{
  ""coordinates"": [
    -83.127597456,
    42.37999743
  ],
  ""type"": ""Point""
}",-83.127597456,42.3799974300001
4917,9390409,MICHIGAN,TRUMBULL,2015-10-11,11,10,2015,0,1,5,2,,1,0,,1,1,4,30,6,3,7,4,0,0,0,1,false,,false,false,false,false,false,,,,,,false,false,false,,,false,false,false,false,false,-83.06712,42.33141,"{
  ""coordinates"": [
    -8.306711685099999e+01,
    4.233141368500000e+01
  ],
  ""type"": ""Point""
}","{
  ""coordinates"": [
    -83.067116851,
    42.331413685
  ],
  ""type"": ""Point""
}",-83.067116851,42.331413685
4918,9396838,MACK,SAINT ANTOINE,2015-10-11,11,10,2015,19,1,4,9,,4,0,,1,1,5,30,3,3,3,5,0,0,0,0,true,,false,false,false,false,false,,,,,,false,false,true,,,false,false,false,false,false,-83.05066,42.35017,"{
  ""coordinates"": [
    -8.305066088699991e+01,
    4.235016525300010e+01
  ],
  ""type"": ""Point""
}","{
  ""coordinates"": [
    -83.050660887,
    42.350165253
  ],
  ""type"": ""Point""
}",-83.0506608869999,42.3501652530001
4919,9390547,N M 39,OUTER,2015-10-11,11,10,2015,16,1,5,3,,1,0,,1,1,1,55,3,3,6,5,0,0,0,0,true,,false,false,false,false,false,,,,,,false,true,true,,,false,false,false,false,false,-83.21882,42.41925,"{
  ""coordinates"": [
    -8.321881829700000e+01,
    4.241925011400010e+01
  ],
  ""type"": ""Point""
}","{
  ""coordinates"": [
    -83.218818297,
    42.419250114
  ],
  ""type"": ""Point""
}",-83.218818297,42.4192501140001
4920,9392646,SCHOENHERR,PINEWOOD,2015-10-11,11,10,2015,2,1,1,9,,4,1,,1,1,4,30,4,1,0,5,0,0,0,0,true,,false,false,false,false,false,,,,,,false,false,false,,,false,false,false,false,false,-82.98526,42.4387,"{
  ""coordinates"": [
    -8.298526281300001e+01,
    4.243869968200000e+01
  ],
  ""type"": ""Point""
}","{
  ""coordinates"": [
    -82.985262813,
    42.438699682
  ],
  ""type"": ""Point""
}",-82.985262813,42.438699682
4921,9392674,7 MILE,WOODWARD,2015-10-11,11,10,2015,20,1,5,3,,2,0,,1,1,4,40,5,2,2,5,0,0,0,0,true,,false,false,false,false,false,,,,,,false,false,false,,,false,false,false,false,false,-83.11541,42.43211,"{
  ""coordinates"": [
    -8.311541225799991e+01,
    4.243211451600010e+01
  ],
  ""type"": ""Point""
}","{
  ""coordinates"": [
    -83.115412258,
    42.432114516
  ],
  ""type"": ""Point""
}",-83.1154122579999,42.4321145160001
4922,9391648,S I 375 SERVICE DRIVE,LAFAYETTE,2015-10-11,11,10,2015,15,1,5,9,,4,0,,1,1,1,65,4,2,5,5,0,0,0,0,true,,false,false,false,false,false,,,,,,false,false,true,,,false,false,false,false,false,-83.03855,42.33582,"{
  ""coordinates"": [
    -8.303855226800000e+01,
    4.233581475600000e+01
  ],
  ""type"": ""Point""
}","{
  ""coordinates"": [
    -83.038552268,
    42.335814756
  ],
  ""type"": ""Point""
}",-83.038552268,42.335814756
4923,9403398,S M 10,ROSA PARKS,2015-10-11,11,10,2015,21,1,4,3,,1,0,,1,1,4,30,2,2,3,5,0,0,0,0,true,,true,false,true,false,false,,,,,,false,false,false,,,false,false,false,false,false,-83.1182,42.40319,"{
  ""coordinates"": [
    -8.311820493300000e+01,
    4.240319435700010e+01
  ],
  ""type"": ""Point""
}","{
  ""coordinates"": [
    -83.118204933,
    42.403194357
  ],
  ""type"": ""Point""
}",-83.118204933,42.4031943570001
4924,9391664,REVERE,GRIXDALE,2015-10-11,11,10,2015,0,1,5,9,,,0,,1,1,4,25,1,3,2,5,0,0,0,0,true,,false,false,false,false,false,,,,,,false,false,false,,,false,false,false,false,false,-83.0677,42.42877,"{
  ""coordinates"": [
    -8.306769991499991e+01,
    4.242877288300010e+01
  ],
  ""type"": ""Point""
}","{
  ""coordinates"": [
    -83.067699915,
    42.428772883
  ],
  ""type"": ""Point""
}",-83.0676999149999,42.4287728830001
4925,9392663,JOY,ASBURYPARK,2015-10-11,11,10,2015,18,1,5,9,,2,0,,1,1,1,35,6,2,2,3,0,0,1,0,false,,false,false,false,false,false,,,,,,false,false,false,,,false,false,false,false,false,-83.20683,42.35798,"{
  ""coordinates"": [
    -8.320682336300000e+01,
    4.235797759400000e+01
  ],
  ""type"": ""Point""
}","{
  ""coordinates"": [
    -83.206823363,
    42.357977594
  ],
  ""type"": ""Point""
}",-83.206823363,42.357977594
4926,9400117,I 75,SCHAEFER,2015-10-11,11,10,2015,2,1,8,1,,1,0,,1,1,4,70,4,2,2,5,0,0,0,0,true,,false,false,true,false,false,,,,,,false,false,true,,,false,false,false,false,false,-83.15224,42.27906,"{
  ""coordinates"": [
    -8.315224033600001e+01,
    4.227905569500010e+01
  ],
  ""type"": ""Point""
}","{
  ""coordinates"": [
    -83.152240336,
    42.279055695
  ],
  ""type"": ""Point""
}",-83.152240336,42.2790556950001
4927,9400113,N M 10,S JOHN C LODGE/N JOHN C LODGE,2015-10-11,11,10,2015,3,1,5,3,,1,0,,1,1,4,45,1,2,2,5,0,0,0,0,true,,false,false,false,false,false,,,,,,false,false,false,,,false,false,false,false,false,-83.07216,42.35175,"{
  ""coordinates"": [
    -8.307215723199990e+01,
    4.235175046600010e+01
  ],
  ""type"": ""Point""
}","{
  ""coordinates"": [
    -83.072157232,
    42.351750466
  ],
  ""type"": ""Point""
}",-83.0721572319999,42.3517504660001
4928,9396798,LAPPIN,BOULDER,2015-10-11,11,10,2015,2,1,1,9,,,1,,1,1,4,25,2,1,1,5,0,0,0,0,true,,false,false,false,true,false,,,,,,false,false,false,,,false,false,false,false,false,-82.95283,42.43745,"{
  ""coordinates"": [
    -8.295282371499999e+01,
    4.243744953000000e+01
  ],
  ""type"": ""Point""
}","{
  ""coordinates"": [
    -82.952823715,
    42.43744953
  ],
  ""type"": ""Point""
}",-82.952823715,42.43744953
4929,9391681,CASS,FISHER,2015-10-11,11,10,2015,11,1,97,9,,4,0,,1,1,1,25,4,4,4,4,0,0,0,3,false,,true,true,false,false,false,,,,,,true,false,false,,,false,false,false,false,false,-83.05656,42.33826,"{
  ""coordinates"": [
    -8.305655856300000e+01,
    4.233826551900010e+01
  ],
  ""type"": ""Point""
}","{
  ""coordinates"": [
    -83.056558563,
    42.338265519
  ],
  ""type"": ""Point""
}",-83.056558563,42.3382655190001
4930,9392651,MENDOTA,OAKMAN,2015-10-11,11,10,2015,15,1,97,9,,,0,,1,1,1,0,2,2,1,5,0,0,0,0,true,,false,false,true,false,false,,,,,,false,false,false,,,false,false,false,false,false,-83.16415,42.35691,"{
  ""coordinates"": [
    -8.316414870900000e+01,
    4.235691556700000e+01
  ],
  ""type"": ""Point""
}","{
  ""coordinates"": [
    -83.164148709,
    42.356915567
  ],
  ""type"": ""Point""
}",-83.164148709,42.356915567
4931,9397880,SOUTHFIELD,FITZPATRICK,2015-10-11,11,10,2015,15,1,1,3,,1,0,,1,1,1,25,1,1,1,5,0,0,0,0,true,,false,false,false,false,false,,,,,,false,false,false,,,false,false,false,false,false,-83.21636,42.36418,"{
  ""coordinates"": [
    -8.321636205999989e+01,
    4.236417976300000e+01
  ],
  ""type"": ""Point""
}","{
  ""coordinates"": [
    -83.21636206,
    42.364179763
  ],
  ""type"": ""Point""
}",-83.2163620599999,42.364179763
4932,9393375,HONORAH,DIX,2015-10-11,11,10,2015,13,1,4,9,,,0,,1,1,1,25,2,3,4,4,0,0,0,1,false,,false,false,false,false,false,,,,,,false,false,true,,,false,false,false,false,false,-83.12583,42.31695,"{
  ""coordinates"": [
    -8.312582838700000e+01,
    4.231694747100000e+01
  ],
  ""type"": ""Point""
}","{
  ""coordinates"": [
    -83.125828387,
    42.316947471
  ],
  ""type"": ""Point""
}",-83.125828387,42.316947471
4933,9402616,S M 10,RAMP 111A,2015-10-11,11,10,2015,14,1,5,3,,1,0,,1,1,1,55,1,2,2,5,0,0,0,0,true,,false,false,false,false,false,,,,,,false,false,true,,,false,false,false,false,false,-83.10358,42.38968,"{
  ""coordinates"": [
    -8.310357949800000e+01,
    4.238967718400000e+01
  ],
  ""type"": ""Point""
}","{
  ""coordinates"": [
    -83.103579498,
    42.389677184
  ],
  ""type"": ""Point""
}",-83.103579498,42.389677184
4934,9394440,CADIEUX,I 94 SERVICE,2015-10-11,11,10,2015,1,1,4,1,,4,0,,1,1,4,30,4,2,4,5,0,0,0,0,true,,true,true,true,false,false,,,,,,false,false,false,,,false,false,false,false,false,-82.93739,42.41762,"{
  ""coordinates"": [
    -8.293739243200000e+01,
    4.241762313100000e+01
  ],
  ""type"": ""Point""
}","{
  ""coordinates"": [
    -82.937392432,
    42.417623131
  ],
  ""type"": ""Point""
}",-82.937392432,42.417623131
4935,9394412,MILTON,ELDON,2015-10-11,11,10,2015,16,1,97,9,,,0,,1,1,1,25,1,2,2,4,0,0,0,1,false,,false,false,false,false,false,,,,,,true,false,false,,,false,false,false,false,false,-83.02625,42.40735,"{
  ""coordinates"": [
    -8.302624975399991e+01,
    4.240735294200000e+01
  ],
  ""type"": ""Point""
}","{
  ""coordinates"": [
    -83.026249754,
    42.407352942
  ],
  ""type"": ""Point""
}",-83.0262497539999,42.407352942
4936,9394411,RYAN,WINCHESTER,2015-10-11,11,10,2015,20,1,97,9,,4,0,,1,1,4,0,4,3,1,5,0,0,0,0,true,,false,false,true,false,false,,,,,,false,false,true,,,false,false,false,false,false,-83.06378,42.44518,"{
  ""coordinates"": [
    -8.306378544700000e+01,
    4.244518049400010e+01
  ],
  ""type"": ""Point""
}","{
  ""coordinates"": [
    -83.063785447,
    42.445180494
  ],
  ""type"": ""Point""
}",-83.063785447,42.4451804940001
4937,9393391,DAVIDSON,ROSAPARKS,2015-10-11,11,10,2015,17,1,5,3,,1,0,,1,1,1,35,3,2,2,5,0,0,0,0,true,,false,false,false,false,false,,,,,,false,false,false,,,false,false,false,false,false,-83.11309,42.39632,"{
  ""coordinates"": [
    -8.311309331099990e+01,
    4.239632012700010e+01
  ],
  ""type"": ""Point""
}","{
  ""coordinates"": [
    -83.113093311,
    42.396320127
  ],
  ""type"": ""Point""
}",-83.1130933109999,42.3963201270001
4938,9398879,RAMP 047F,I-75,2015-10-11,11,10,2015,1,1,1,1,,1,1,,1,1,4,70,1,1,1,5,0,0,0,0,true,,false,false,false,false,false,,,,,,false,false,false,,,false,false,false,false,false,-83.07797,42.40966,"{
  ""coordinates"": [
    -8.307797455199990e+01,
    4.240965741200010e+01
  ],
  ""type"": ""Point""
}","{
  ""coordinates"": [
    -83.077974552,
    42.409657412
  ],
  ""type"": ""Point""
}",-83.0779745519999,42.4096574120001
4939,9391507,SB I-75,OAKLAND,2015-10-10,10,10,2015,15,7,5,1,,1,0,,1,1,1,70,4,3,7,4,0,0,0,1,false,,false,false,false,false,false,,,,,,false,false,true,,,false,false,false,false,false,-83.0943,42.42657,"{
  ""coordinates"": [
    -8.309430088100000e+01,
    4.242656845400010e+01
  ],
  ""type"": ""Point""
}","{
  ""coordinates"": [
    -83.094300881,
    42.426568454
  ],
  ""type"": ""Point""
}",-83.094300881,42.4265684540001
4940,9390382,FOREST,SEMINOLE,2015-10-10,10,10,2015,1,7,97,9,,4,0,,1,3,4,35,3,2,1,5,0,0,0,0,true,,false,false,true,false,false,,,,,,false,false,false,,,false,false,false,false,false,-83.00814,42.37502,"{
  ""coordinates"": [
    -8.300814069400001e+01,
    4.237502291100000e+01
  ],
  ""type"": ""Point""
}","{
  ""coordinates"": [
    -83.008140694,
    42.375022911
  ],
  ""type"": ""Point""
}",-83.008140694,42.375022911
4941,9402669,SB I-75,6 MILE,2015-10-10,10,10,2015,8,7,8,1,,1,0,,1,1,1,60,4,2,2,5,0,0,0,0,true,,false,false,false,false,false,,,,,,false,false,true,,,false,false,false,false,false,-83.08479,42.41443,"{
  ""coordinates"": [
    -8.308478567700000e+01,
    4.241442815500010e+01
  ],
  ""type"": ""Point""
}","{
  ""coordinates"": [
    -83.084785677,
    42.414428155
  ],
  ""type"": ""Point""
}",-83.084785677,42.4144281550001
4942,9443923,GRATIOT,RAMP 219A,2015-10-10,10,10,2015,12,7,1,3,,1,0,,1,1,1,35,7,1,1,1,1,0,0,0,false,,false,false,false,false,false,,,,,,false,false,false,,,false,false,false,false,false,-83.00661,42.39102,"{
  ""coordinates"": [
    -8.300661495000000e+01,
    4.239102156600010e+01
  ],
  ""type"": ""Point""
}","{
  ""coordinates"": [
    -83.00661495,
    42.391021566
  ],
  ""type"": ""Point""
}",-83.00661495,42.3910215660001
4943,9391502,I 75,CLAY,2015-10-10,10,10,2015,19,7,5,1,,1,0,,1,1,5,55,3,2,2,4,0,0,0,1,false,,false,false,false,false,false,,,,,,false,false,true,,,false,false,false,false,false,-83.06268,42.37804,"{
  ""coordinates"": [
    -8.306268018500000e+01,
    4.237803939000000e+01
  ],
  ""type"": ""Point""
}","{
  ""coordinates"": [
    -83.062680185,
    42.37803939
  ],
  ""type"": ""Point""
}",-83.062680185,42.37803939
4944,9392662,TELEGRAPH,MCNICHOLS,2015-10-10,10,10,2015,14,7,4,2,,1,0,,1,1,1,45,8,2,5,4,0,0,0,2,false,,false,false,false,false,false,,,,,,false,false,true,,,false,false,false,false,false,-83.2774,42.41453,"{
  ""coordinates"": [
    -8.327739649700000e+01,
    4.241452873400000e+01
  ],
  ""type"": ""Point""
}","{
  ""coordinates"": [
    -83.277396497,
    42.414528734
  ],
  ""type"": ""Point""
}",-83.277396497,42.414528734
4945,9401527,WARREN,WOODWARD,2015-10-10,10,10,2015,11,7,8,9,,4,0,,1,1,1,30,3,2,1,5,0,0,0,0,true,,false,false,true,false,false,,,,,,false,false,true,,,false,false,false,false,false,-83.06513,42.35652,"{
  ""coordinates"": [
    -8.306513167199989e+01,
    4.235651884900010e+01
  ],
  ""type"": ""Point""
}","{
  ""coordinates"": [
    -83.065131672,
    42.356518849
  ],
  ""type"": ""Point""
}",-83.0651316719999,42.3565188490001
4946,9395445,14TH,GRAND,2015-10-10,10,10,2015,5,7,4,9,,4,0,,1,1,5,30,3,2,3,4,0,0,0,2,false,,false,false,true,false,false,,,,,,false,false,false,,,false,false,false,false,false,-83.11716,42.3969,"{
  ""coordinates"": [
    -8.311716181799990e+01,
    4.239690248900010e+01
  ],
  ""type"": ""Point""
}","{
  ""coordinates"": [
    -83.117161818,
    42.396902489
  ],
  ""type"": ""Point""
}",-83.1171618179999,42.3969024890001
4947,9393397,N M 10,GREENLAWN,2015-10-10,10,10,2015,2,7,1,3,,1,1,,1,2,4,30,3,1,3,4,0,0,0,2,false,,false,false,false,true,false,,,,,,false,false,true,,,false,false,false,false,false,-83.14834,42.40486,"{
  ""coordinates"": [
    -8.314833653499990e+01,
    4.240486267200000e+01
  ],
  ""type"": ""Point""
}","{
  ""coordinates"": [
    -83.148336535,
    42.404862672
  ],
  ""type"": ""Point""
}",-83.1483365349999,42.404862672
4948,9391651,DEQUINDRE,OUTER,2015-10-10,10,10,2015,1,7,5,9,,4,0,,1,1,4,35,2,2,0,5,0,0,0,0,true,,false,false,true,false,false,,,,,,false,false,false,,,false,false,false,false,false,-83.08308,42.43931,"{
  ""coordinates"": [
    -8.308308170299991e+01,
    4.243931133100010e+01
  ],
  ""type"": ""Point""
}","{
  ""coordinates"": [
    -83.083081703,
    42.439311331
  ],
  ""type"": ""Point""
}",-83.0830817029999,42.4393113310001
4949,9392648,SEVEN MILE,SCHOENHERR,2015-10-10,10,10,2015,2,7,1,9,,4,0,,1,2,4,30,4,1,2,4,0,0,0,2,false,,false,false,false,false,false,,,,,,false,false,true,,,false,false,false,false,false,-82.98512,42.43492,"{
  ""coordinates"": [
    -8.298511611299990e+01,
    4.243491567400010e+01
  ],
  ""type"": ""Point""
}","{
  ""coordinates"": [
    -82.985116113,
    42.434915674
  ],
  ""type"": ""Point""
}",-82.9851161129999,42.4349156740001
4950,9391683,CANYON,CHESTEER,2015-10-10,10,10,2015,10,7,1,9,,,0,,1,1,1,25,2,1,1,5,0,0,0,0,true,,false,false,false,false,false,,,,,,false,false,false,,,false,false,false,false,false,-82.92551,42.42142,"{
  ""coordinates"": [
    -8.292550374200000e+01,
    4.242141548800000e+01
  ],
  ""type"": ""Point""
}","{
  ""coordinates"": [
    -82.925503742,
    42.421415488
  ],
  ""type"": ""Point""
}",-82.925503742,42.421415488
4951,9391690,OUTER,RYAN,2015-10-10,10,10,2015,13,7,97,9,,2,0,,1,1,1,35,3,2,2,5,0,0,0,0,true,,true,true,false,false,false,,,,,,false,false,false,,,false,false,false,false,false,-83.06358,42.44033,"{
  ""coordinates"": [
    -8.306358479600000e+01,
    4.244032612100010e+01
  ],
  ""type"": ""Point""
}","{
  ""coordinates"": [
    -83.063584796,
    42.440326121
  ],
  ""type"": ""Point""
}",-83.063584796,42.4403261210001
4952,9390403,STAHELIN,WARREN,2015-10-10,10,10,2015,1,7,5,9,,,0,,1,1,4,25,1,2,1,5,0,0,0,0,true,,false,false,false,false,false,,,,,,false,false,true,,,false,false,false,false,false,-83.22423,42.34055,"{
  ""coordinates"": [
    -8.322422662199990e+01,
    4.234055301800000e+01
  ],
  ""type"": ""Point""
}","{
  ""coordinates"": [
    -83.224226622,
    42.340553018
  ],
  ""type"": ""Point""
}",-83.2242266219999,42.340553018
4953,9391657,7 MILE,VAN DYKE,2015-10-10,10,10,2015,11,7,5,3,,4,0,,1,1,1,30,2,2,2,5,0,0,0,0,true,,false,false,true,false,false,,,,,,false,false,true,,,false,false,false,false,false,-83.02417,42.43397,"{
  ""coordinates"": [
    -8.302416977400000e+01,
    4.243396984400000e+01
  ],
  ""type"": ""Point""
}","{
  ""coordinates"": [
    -83.024169774,
    42.433969844
  ],
  ""type"": ""Point""
}",-83.024169774,42.433969844
4954,9408403,SB I-75,CLAY,2015-10-10,10,10,2015,17,7,97,1,,1,3,,1,1,1,70,4,2,0,5,0,0,0,0,true,,false,false,true,false,false,,,,,,false,false,false,,,false,false,false,false,false,-83.06277,42.37817,"{
  ""coordinates"": [
    -8.306276667899991e+01,
    4.237816855700000e+01
  ],
  ""type"": ""Point""
}","{
  ""coordinates"": [
    -83.062766679,
    42.378168557
  ],
  ""type"": ""Point""
}",-83.0627666789999,42.378168557
4955,9394404,MACK,BEWICK,2015-10-10,10,10,2015,13,7,5,9,,4,0,,1,1,1,25,4,2,2,5,0,0,0,0,true,,false,false,false,false,false,,,,,,false,true,false,,,false,false,false,false,false,-82.98882,42.37447,"{
  ""coordinates"": [
    -8.298881335300000e+01,
    4.237447502800010e+01
  ],
  ""type"": ""Point""
}","{
  ""coordinates"": [
    -82.988813353,
    42.374475028
  ],
  ""type"": ""Point""
}",-82.988813353,42.3744750280001
4956,9390283,WB I-94,ROSA PARKS,2015-10-10,10,10,2015,9,7,5,1,,1,0,,1,1,1,55,3,2,2,5,0,0,0,0,true,,false,false,false,false,false,,,,,,false,false,false,,,false,false,false,false,false,-83.08416,42.35495,"{
  ""coordinates"": [
    -8.308415992899999e+01,
    4.235494775400010e+01
  ],
  ""type"": ""Point""
}","{
  ""coordinates"": [
    -83.084159929,
    42.354947754
  ],
  ""type"": ""Point""
}",-83.084159929,42.3549477540001
4957,9393389,SPENCER,OUTER,2015-10-10,10,10,2015,18,7,97,9,,,0,,1,1,1,25,2,2,0,5,0,0,0,0,true,,false,false,true,false,false,,,,,,false,false,false,,,false,false,false,false,false,-83.02653,42.44097,"{
  ""coordinates"": [
    -8.302652951100001e+01,
    4.244097168700010e+01
  ],
  ""type"": ""Point""
}","{
  ""coordinates"": [
    -83.026529511,
    42.440971687
  ],
  ""type"": ""Point""
}",-83.026529511,42.4409716870001
4958,9399394,SAINT AUBIN,GRAND,2015-10-10,10,10,2015,14,7,8,9,,4,0,,1,1,1,25,4,2,5,5,0,0,0,0,true,,false,false,false,false,false,,,,,,false,false,true,,,false,false,false,false,false,-83.0505,42.37383,"{
  ""coordinates"": [
    -8.305050029800000e+01,
    4.237382961300010e+01
  ],
  ""type"": ""Point""
}","{
  ""coordinates"": [
    -83.050500298,
    42.373829613
  ],
  ""type"": ""Point""
}",-83.050500298,42.3738296130001
4959,9395415,GRANDVILLE,DAYTON,2015-10-10,10,10,2015,17,7,8,9,,,0,,1,1,1,0,2,2,1,5,0,0,0,0,true,,false,false,false,false,false,,,,,,false,false,false,,,false,false,false,false,false,-83.22898,42.33444,"{
  ""coordinates"": [
    -8.322898331999990e+01,
    4.233444176800000e+01
  ],
  ""type"": ""Point""
}","{
  ""coordinates"": [
    -83.22898332,
    42.334441768
  ],
  ""type"": ""Point""
}",-83.2289833199999,42.334441768
4960,9636060,JEFFERSON,BEAUBIEN,2015-10-10,10,10,2015,8,7,1,4,,1,0,,1,1,1,35,6,2,2,5,0,0,0,0,true,,false,false,true,false,false,,,,,,false,false,false,,,false,false,false,true,false,-83.03986,42.33085,"{
  ""coordinates"": [
    -8.303985638300000e+01,
    4.233085395900010e+01
  ],
  ""type"": ""Point""
}","{
  ""coordinates"": [
    -83.039856383,
    42.330853959
  ],
  ""type"": ""Point""
}",-83.039856383,42.3308539590001