ObjectId,Crash ID,Primary Road,Intersecting Road,Crash Date,Day,Month,Year,Hour,Weekday,Crash Type Code,Highway Classification Code,Community Code,Jurisdiction Code,Lane Departure Type Code,Surface Type,Road Condition,Weather Condition,Lighting Condition,Speed Limit,Lanes,Units,Occupants,Most Severe Injury,Fatal Injuries,Suspected Serious Injuries,Suspected Minor Injuries,Possible Injuries,Property Damage Only,Secondary Crash,Traffic Control,Red Light Run,Hit and Run,Alcohol,Drugs,Unbelted Person,Work Zone,Speeding Driver,Distracted Driver,Driveway,Pedestrian,Elderly Driver,Young Driver,Commercial Vehicle,Emergency Vehicles,Train,School Bus,Motorcycle,Bicycle,Deer,Longitude,Latitude,geom,geog,x,y
5189,9389395,HILDALE,CONLEY,2015-10-07,7,10,2015,11,4,4,9,,,0,,1,1,1,20,2,2,2,4,0,0,0,1,false,,false,false,false,false,false,,,,,,false,false,true,,,false,false,false,false,false,-83.05215,42.42974,"{
  ""coordinates"": [
    -8.305214493299999e+01,
    4.242974212800000e+01
  ],
  ""type"": ""Point""
}","{
  ""coordinates"": [
    -83.052144933,
    42.429742128
  ],
  ""type"": ""Point""
}",-83.052144933,42.429742128
5190,9438587,WOODWARD,STATE FAIR,2015-10-07,7,10,2015,9,4,8,3,,1,0,,1,1,1,40,5,2,11,4,0,0,0,6,false,,false,false,false,false,false,,,,,,false,false,false,,,false,false,false,false,false,-83.12066,42.43988,"{
  ""coordinates"": [
    -8.312066239500000e+01,
    4.243988412400010e+01
  ],
  ""type"": ""Point""
}","{
  ""coordinates"": [
    -83.120662395,
    42.439884124
  ],
  ""type"": ""Point""
}",-83.120662395,42.4398841240001
5191,9388492,7 MILE,TRACEY,2015-10-07,7,10,2015,19,4,4,9,,2,0,,1,1,4,30,4,3,8,4,0,0,0,2,false,,false,false,false,false,false,,,,,,false,false,true,,,false,false,false,false,false,-83.18172,42.43103,"{
  ""coordinates"": [
    -8.318171406000000e+01,
    4.243103192200000e+01
  ],
  ""type"": ""Point""
}","{
  ""coordinates"": [
    -83.18171406,
    42.431031922
  ],
  ""type"": ""Point""
}",-83.18171406,42.431031922
5192,9389250,E I 94,RAMP 218A,2015-10-07,7,10,2015,16,4,6,1,,1,0,,1,2,1,55,3,2,2,5,0,0,0,0,true,,false,false,true,false,false,,,,,,false,false,false,,,false,false,false,false,false,-83.02378,42.38526,"{
  ""coordinates"": [
    -8.302378333199989e+01,
    4.238526012800000e+01
  ],
  ""type"": ""Point""
}","{
  ""coordinates"": [
    -83.023783332,
    42.385260128
  ],
  ""type"": ""Point""
}",-83.0237833319999,42.385260128
5193,9395435,CASPER,SAINT STEPHENS,2015-10-07,7,10,2015,4,4,4,9,,,0,,1,1,4,25,1,2,3,5,0,0,0,0,true,,false,false,false,false,false,,,,,,false,false,false,,,false,false,false,false,false,-83.13638,42.32776,"{
  ""coordinates"": [
    -8.313638556300000e+01,
    4.232775813600010e+01
  ],
  ""type"": ""Point""
}","{
  ""coordinates"": [
    -83.136385563,
    42.327758136
  ],
  ""type"": ""Point""
}",-83.136385563,42.3277581360001
5194,9391524,E I 94,WOODWARD,2015-10-07,7,10,2015,0,4,8,1,,1,0,,1,1,5,55,3,2,2,5,0,0,0,0,true,,false,false,false,false,false,,,,,,false,false,false,,,false,false,false,false,false,-83.06911,42.36344,"{
  ""coordinates"": [
    -8.306911071899999e+01,
    4.236344312700000e+01
  ],
  ""type"": ""Point""
}","{
  ""coordinates"": [
    -83.069110719,
    42.363443127
  ],
  ""type"": ""Point""
}",-83.069110719,42.363443127
5195,9391525,I 75,SCHAEFER,2015-10-07,7,10,2015,2,4,1,1,,1,1,,1,1,5,55,3,1,1,5,0,0,0,0,true,,false,false,false,false,false,,,,,,false,false,false,,,false,false,false,false,false,-83.15605,42.27687,"{
  ""coordinates"": [
    -8.315605107200000e+01,
    4.227687411200000e+01
  ],
  ""type"": ""Point""
}","{
  ""coordinates"": [
    -83.156051072,
    42.276874112
  ],
  ""type"": ""Point""
}",-83.156051072,42.276874112
5196,9387403,MCNICHOLS,LESURE,2015-10-07,7,10,2015,1,4,1,9,,2,0,,1,1,4,30,4,2,0,4,0,0,0,1,false,,false,false,true,false,false,,,,,,true,false,false,,,false,false,false,false,false,-83.18204,42.41656,"{
  ""coordinates"": [
    -8.318204866699990e+01,
    4.241656439200010e+01
  ],
  ""type"": ""Point""
}","{
  ""coordinates"": [
    -83.182048667,
    42.416564392
  ],
  ""type"": ""Point""
}",-83.1820486669999,42.4165643920001
5197,9399200,JEFFERSON,RANDOLPH,2015-10-07,7,10,2015,22,4,9,3,,1,2,,1,1,4,25,4,2,1,5,0,0,0,0,true,,false,false,true,false,false,,,,,,false,false,false,,,false,false,false,false,false,-83.04214,42.32989,"{
  ""coordinates"": [
    -8.304213336700001e+01,
    4.232989049800010e+01
  ],
  ""type"": ""Point""
}","{
  ""coordinates"": [
    -83.042133367,
    42.329890498
  ],
  ""type"": ""Point""
}",-83.042133367,42.3298904980001
5198,9388495,FORT,SHELBY,2015-10-07,7,10,2015,6,4,97,3,,1,0,,1,1,1,35,4,2,0,5,0,0,0,0,true,,false,false,true,false,false,,,,,,false,false,false,,,false,false,false,false,false,-83.04879,42.33011,"{
  ""coordinates"": [
    -8.304878927800000e+01,
    4.233010940500000e+01
  ],
  ""type"": ""Point""
}","{
  ""coordinates"": [
    -83.048789278,
    42.330109405
  ],
  ""type"": ""Point""
}",-83.048789278,42.330109405
5199,9391692,MEYERS,MCNICHOLS,2015-10-07,7,10,2015,12,4,4,9,,4,0,,1,1,1,30,2,2,2,5,0,0,0,0,true,,false,false,false,false,false,,,,,,false,false,false,,,false,false,false,false,false,-83.17013,42.41681,"{
  ""coordinates"": [
    -8.317012598699991e+01,
    4.241681411700010e+01
  ],
  ""type"": ""Point""
}","{
  ""coordinates"": [
    -83.170125987,
    42.416814117
  ],
  ""type"": ""Point""
}",-83.1701259869999,42.4168141170001
5200,9391671,BEAUBIEN,MILWAUKEE,2015-10-07,7,10,2015,15,4,4,9,,4,0,,1,1,1,0,2,2,3,5,0,0,0,0,true,,true,false,false,false,false,,,,,,false,false,false,,,false,false,false,false,false,-83.06672,42.3713,"{
  ""coordinates"": [
    -8.306671766100000e+01,
    4.237129922400000e+01
  ],
  ""type"": ""Point""
}","{
  ""coordinates"": [
    -83.066717661,
    42.371299224
  ],
  ""type"": ""Point""
}",-83.066717661,42.371299224
5201,9390450,DAVIDSON,CONANT,2015-10-07,7,10,2015,15,4,1,3,,4,0,,1,1,1,0,2,1,1,5,0,0,0,0,true,,false,false,false,false,false,,,,,,false,false,true,,,false,false,false,false,false,-83.06139,42.41555,"{
  ""coordinates"": [
    -8.306139163900001e+01,
    4.241555235600000e+01
  ],
  ""type"": ""Point""
}","{
  ""coordinates"": [
    -83.061391639,
    42.415552356
  ],
  ""type"": ""Point""
}",-83.061391639,42.415552356
5202,9389361,VERNOR,MCDOUGALL,2015-10-07,7,10,2015,17,4,97,9,,4,0,,1,1,1,35,4,2,2,5,0,0,0,0,true,,false,false,true,false,false,,,,,,false,false,false,,,false,false,false,false,false,-83.02876,42.35054,"{
  ""coordinates"": [
    -8.302875444300000e+01,
    4.235054435200000e+01
  ],
  ""type"": ""Point""
}","{
  ""coordinates"": [
    -83.028754443,
    42.350544352
  ],
  ""type"": ""Point""
}",-83.028754443,42.350544352
5203,9389252,I-75,CLAY,2015-10-07,7,10,2015,7,4,5,1,,1,0,,1,1,2,55,4,2,2,5,0,0,0,0,true,,false,false,false,false,false,,,,,,false,true,false,,,false,false,false,false,false,-83.06066,42.37505,"{
  ""coordinates"": [
    -8.306066329200000e+01,
    4.237504435300010e+01
  ],
  ""type"": ""Point""
}","{
  ""coordinates"": [
    -83.060663292,
    42.375044353
  ],
  ""type"": ""Point""
}",-83.060663292,42.3750443530001
5204,9388497,OUTER,YOLANDA,2015-10-07,7,10,2015,10,4,5,9,,2,0,,1,1,1,25,2,2,2,4,0,0,0,1,false,,false,false,false,false,false,,,,,,false,false,false,,,false,false,false,false,false,-83.01569,42.43817,"{
  ""coordinates"": [
    -8.301569450700001e+01,
    4.243816830900000e+01
  ],
  ""type"": ""Point""
}","{
  ""coordinates"": [
    -83.015694507,
    42.438168309
  ],
  ""type"": ""Point""
}",-83.015694507,42.438168309
5205,9387385,N M 10,RAMP 105D,2015-10-06,6,10,2015,8,3,5,3,,1,0,,1,1,1,0,3,2,2,5,0,0,0,0,true,,false,false,false,false,false,,,,,,false,false,false,,,false,false,false,false,false,-83.1562,42.40479,"{
  ""coordinates"": [
    -8.315619704100000e+01,
    4.240479282400000e+01
  ],
  ""type"": ""Point""
}","{
  ""coordinates"": [
    -83.156197041,
    42.404792824
  ],
  ""type"": ""Point""
}",-83.156197041,42.404792824
5206,9390420,WOODMERE,FORT,2015-10-06,6,10,2015,12,3,97,3,,4,0,,1,1,1,25,4,2,1,5,0,0,0,0,true,,false,false,true,false,false,,,,,,false,false,false,,,false,false,false,false,false,-83.13094,42.29579,"{
  ""coordinates"": [
    -8.313094419600000e+01,
    4.229578601600010e+01
  ],
  ""type"": ""Point""
}","{
  ""coordinates"": [
    -83.130944196,
    42.295786016
  ],
  ""type"": ""Point""
}",-83.130944196,42.2957860160001
5207,9434264,MILWAUKEE,S I 75 SERVICE DRIVE,2015-10-06,6,10,2015,6,3,4,9,,4,0,,1,1,1,0,2,2,3,5,0,0,0,0,true,,true,false,true,false,false,,,,,,false,false,false,,,false,false,false,false,false,-83.06036,42.37359,"{
  ""coordinates"": [
    -8.306036400999990e+01,
    4.237359337400010e+01
  ],
  ""type"": ""Point""
}","{
  ""coordinates"": [
    -83.06036401,
    42.373593374
  ],
  ""type"": ""Point""
}",-83.0603640099999,42.3735933740001
5208,9390248,I-75,CLAY,2015-10-06,6,10,2015,8,3,8,1,,1,0,,1,2,1,55,4,2,2,5,0,0,0,0,true,,false,false,false,false,false,,,,,,false,false,false,,,false,false,false,false,false,-83.06252,42.37779,"{
  ""coordinates"": [
    -8.306251584599990e+01,
    4.237779397200010e+01
  ],
  ""type"": ""Point""
}","{
  ""coordinates"": [
    -83.062515846,
    42.377793972
  ],
  ""type"": ""Point""
}",-83.0625158459999,42.3777939720001
5209,9387378,JEFFERSON,RANDOLPH,2015-10-06,6,10,2015,13,3,7,3,,1,0,,1,1,1,40,4,2,3,5,0,0,0,0,true,,false,false,false,false,false,,,,,,false,false,true,,,false,false,false,false,false,-83.04184,42.32965,"{
  ""coordinates"": [
    -8.304183715399989e+01,
    4.232965395700010e+01
  ],
  ""type"": ""Point""
}","{
  ""coordinates"": [
    -83.041837154,
    42.329653957
  ],
  ""type"": ""Point""
}",-83.0418371539999,42.3296539570001
5210,9449851,4717 ST ANTOINE,HANCOCK,2015-10-06,6,10,2015,12,3,9,9,,4,2,,1,1,1,25,3,2,2,5,0,0,0,0,true,,false,false,true,false,false,,,,,,false,false,false,,,false,false,false,false,false,-83.05651,42.35901,"{
  ""coordinates"": [
    -8.305651257400000e+01,
    4.235900850100010e+01
  ],
  ""type"": ""Point""
}","{
  ""coordinates"": [
    -83.056512574,
    42.359008501
  ],
  ""type"": ""Point""
}",-83.056512574,42.3590085010001
5211,9390395,VERNOR,24TH,2015-10-06,6,10,2015,14,3,5,9,,4,0,,1,1,1,25,2,3,3,5,0,0,0,0,true,,false,false,true,false,false,,,,,,false,true,false,,,false,false,false,false,false,-83.08655,42.32391,"{
  ""coordinates"": [
    -8.308655030300000e+01,
    4.232391178900010e+01
  ],
  ""type"": ""Point""
}","{
  ""coordinates"": [
    -83.086550303,
    42.323911789
  ],
  ""type"": ""Point""
}",-83.086550303,42.3239117890001
5212,9425674,BIRWOOD,CURTIS,2015-10-06,6,10,2015,18,3,97,9,,,0,,1,1,1,25,2,2,2,5,0,0,0,0,true,,false,false,false,false,false,,,,,,false,true,false,,,false,false,false,false,false,-83.16508,42.42477,"{
  ""coordinates"": [
    -8.316507503299989e+01,
    4.242477350300000e+01
  ],
  ""type"": ""Point""
}","{
  ""coordinates"": [
    -83.165075033,
    42.424773503
  ],
  ""type"": ""Point""
}",-83.1650750329999,42.424773503
5213,9390387,SCHAEFER,FORT,2015-10-06,6,10,2015,11,3,8,7,,2,0,,1,2,1,35,4,2,3,5,0,0,0,0,true,,false,false,false,false,false,,,,,,false,false,false,,,false,false,false,false,false,-83.15512,42.27615,"{
  ""coordinates"": [
    -8.315511831000001e+01,
    4.227614768900000e+01
  ],
  ""type"": ""Point""
}","{
  ""coordinates"": [
    -83.15511831,
    42.276147689
  ],
  ""type"": ""Point""
}",-83.15511831,42.276147689
5214,9391534,S/B M 10,WARREN,2015-10-06,6,10,2015,8,3,5,3,,1,0,,1,2,1,55,3,2,2,4,0,0,0,1,false,,false,false,false,false,false,,,,,,false,false,false,,,false,false,false,false,false,-83.07351,42.35359,"{
  ""coordinates"": [
    -8.307350674100000e+01,
    4.235359088000010e+01
  ],
  ""type"": ""Point""
}","{
  ""coordinates"": [
    -83.073506741,
    42.35359088
  ],
  ""type"": ""Point""
}",-83.073506741,42.3535908800001
5215,9387398,7 MILE,CHALMERS,2015-10-06,6,10,2015,17,3,8,9,,2,0,,1,2,1,35,2,2,2,5,0,0,0,0,true,,false,false,false,false,false,,,,,,false,false,true,,,false,false,false,false,false,-82.97535,42.43513,"{
  ""coordinates"": [
    -8.297534914700000e+01,
    4.243512947900010e+01
  ],
  ""type"": ""Point""
}","{
  ""coordinates"": [
    -82.975349147,
    42.435129479
  ],
  ""type"": ""Point""
}",-82.975349147,42.4351294790001
5216,9389373,PLYMOUTH,SCHAEFER,2015-10-06,6,10,2015,11,3,4,9,,4,0,,1,1,1,35,4,2,2,5,0,0,0,0,true,,false,false,false,false,false,,,,,,false,false,false,,,false,false,false,false,false,-83.17781,42.37304,"{
  ""coordinates"": [
    -8.317780709199999e+01,
    4.237303912500000e+01
  ],
  ""type"": ""Point""
}","{
  ""coordinates"": [
    -83.177807092,
    42.373039125
  ],
  ""type"": ""Point""
}",-83.177807092,42.373039125
5217,9390277,RAMP 139C,FULLERTON,2015-10-06,6,10,2015,14,3,1,1,,1,1,,1,1,1,30,3,1,2,4,0,0,0,1,false,,false,false,false,false,false,,,,,,false,false,true,,,false,false,false,false,false,-83.14724,42.38221,"{
  ""coordinates"": [
    -8.314723980600000e+01,
    4.238220774900000e+01
  ],
  ""type"": ""Point""
}","{
  ""coordinates"": [
    -83.147239806,
    42.382207749
  ],
  ""type"": ""Point""
}",-83.147239806,42.382207749
5218,9387391,MEYER,LYNDON,2015-10-06,6,10,2015,14,3,97,9,,4,0,,1,2,1,30,4,2,1,5,0,0,0,0,true,,false,false,false,false,false,,,,,,false,false,false,,,false,false,false,false,false,-83.16904,42.39484,"{
  ""coordinates"": [
    -8.316903838300000e+01,
    4.239484107300010e+01
  ],
  ""type"": ""Point""
}","{
  ""coordinates"": [
    -83.169038383,
    42.394841073
  ],
  ""type"": ""Point""
}",-83.169038383,42.3948410730001
5219,9391521,M-39,JOY,2015-10-06,6,10,2015,21,3,1,3,,1,1,,1,1,4,55,3,1,3,4,0,0,0,1,false,,false,false,false,false,false,,,,,,false,false,true,,,false,false,false,false,false,-83.21655,42.35729,"{
  ""coordinates"": [
    -8.321655221200000e+01,
    4.235729224100000e+01
  ],
  ""type"": ""Point""
}","{
  ""coordinates"": [
    -83.216552212,
    42.357292241
  ],
  ""type"": ""Point""
}",-83.216552212,42.357292241
5220,9387375,CHRYSLER,LELAND,2015-10-06,6,10,2015,17,3,9,9,,5,0,,1,1,1,25,1,2,2,5,0,0,0,0,true,,false,false,false,false,false,,,,,,false,false,false,,,false,false,false,false,false,-83.04912,42.35379,"{
  ""coordinates"": [
    -8.304911673299991e+01,
    4.235379527700010e+01
  ],
  ""type"": ""Point""
}","{
  ""coordinates"": [
    -83.049116733,
    42.353795277
  ],
  ""type"": ""Point""
}",-83.0491167329999,42.3537952770001
5221,9387393,WARREN,FRENCH,2015-10-06,6,10,2015,2,3,1,9,,4,0,,1,1,4,35,5,1,0,5,0,0,0,0,true,,false,false,false,false,false,,,,,,false,false,false,,,false,false,false,false,false,-82.99049,42.3848,"{
  ""coordinates"": [
    -8.299049500900000e+01,
    4.238480090700010e+01
  ],
  ""type"": ""Point""
}","{
  ""coordinates"": [
    -82.990495009,
    42.384800907
  ],
  ""type"": ""Point""
}",-82.990495009,42.3848009070001
5222,9408608,DIVERSEY,EAGLE,2015-10-06,6,10,2015,3,3,9,9,,,0,,1,1,4,35,2,2,3,5,0,0,0,0,true,,false,false,true,false,false,,,,,,false,false,false,,,false,false,false,false,false,-83.13734,42.35048,"{
  ""coordinates"": [
    -8.313733516100000e+01,
    4.235047515300000e+01
  ],
  ""type"": ""Point""
}","{
  ""coordinates"": [
    -83.137335161,
    42.350475153
  ],
  ""type"": ""Point""
}",-83.137335161,42.350475153
5223,9390435,GRAND,JEFFERSON,2015-10-06,6,10,2015,18,3,9,3,,1,0,,1,1,1,35,3,2,3,5,0,0,0,0,true,,false,false,false,false,false,,,,,,false,false,false,,,false,false,false,false,false,-83.00158,42.34704,"{
  ""coordinates"": [
    -8.300157967400000e+01,
    4.234703919800010e+01
  ],
  ""type"": ""Point""
}","{
  ""coordinates"": [
    -83.001579674,
    42.347039198
  ],
  ""type"": ""Point""
}",-83.001579674,42.3470391980001
5224,9390281,EB I-94,24TH,2015-10-06,6,10,2015,8,3,5,1,,1,0,,1,2,1,55,3,2,2,5,0,0,0,0,true,,false,false,false,false,false,,,,,,false,false,true,,,false,false,false,false,false,-83.10384,42.3486,"{
  ""coordinates"": [
    -8.310383977500000e+01,
    4.234859954000010e+01
  ],
  ""type"": ""Point""
}","{
  ""coordinates"": [
    -83.103839775,
    42.34859954
  ],
  ""type"": ""Point""
}",-83.103839775,42.3485995400001
5225,9387382,GRAND,LODGE SREVICE,2015-10-06,6,10,2015,9,3,6,9,,,0,,1,2,1,35,3,2,2,5,0,0,0,0,true,,false,false,false,false,false,,,,,,false,false,false,,,false,false,false,false,false,-83.11253,42.39856,"{
  ""coordinates"": [
    -8.311253137200001e+01,
    4.239856188700000e+01
  ],
  ""type"": ""Point""
}","{
  ""coordinates"": [
    -83.112531372,
    42.398561887
  ],
  ""type"": ""Point""
}",-83.112531372,42.398561887
5226,9396878,8 MILE,S M 10 SERVICE DRIVE,2015-10-06,6,10,2015,15,3,4,3,,1,0,,1,1,1,40,4,2,2,5,0,0,0,0,true,,false,false,false,false,false,,,,,,false,false,false,,,false,false,false,false,false,-83.20397,42.44467,"{
  ""coordinates"": [
    -8.320396889599991e+01,
    4.244467083500010e+01
  ],
  ""type"": ""Point""
}","{
  ""coordinates"": [
    -83.203968896,
    42.444670835
  ],
  ""type"": ""Point""
}",-83.2039688959999,42.4446708350001
5227,9396805,SOUTHFIELD SERVICE DRIVE,MCNICHOLS,2015-10-06,6,10,2015,8,3,8,3,,4,0,,1,2,1,25,3,2,3,5,0,0,0,0,true,,false,false,false,false,false,,,,,,false,false,true,,,false,false,false,false,false,-83.21839,42.41556,"{
  ""coordinates"": [
    -8.321838980200000e+01,
    4.241556116500000e+01
  ],
  ""type"": ""Point""
}","{
  ""coordinates"": [
    -83.218389802,
    42.415561165
  ],
  ""type"": ""Point""
}",-83.218389802,42.415561165
5228,9390253,W I 94,N M 10,2015-10-06,6,10,2015,16,3,5,1,,1,0,,1,2,1,55,3,2,2,5,0,0,0,0,true,,false,false,false,false,false,,,,,,false,false,false,,,false,false,false,false,false,-83.07626,42.3595,"{
  ""coordinates"": [
    -8.307626241299990e+01,
    4.235950056300000e+01
  ],
  ""type"": ""Point""
}","{
  ""coordinates"": [
    -83.076262413,
    42.359500563
  ],
  ""type"": ""Point""
}",-83.0762624129999,42.359500563
5229,9387397,GRATIOT,CONNER,2015-10-06,6,10,2015,10,3,5,3,,1,0,,1,2,1,35,7,2,5,4,0,0,0,1,false,,false,false,false,false,false,,,,,,false,false,true,,,false,false,false,false,false,-82.99753,42.40486,"{
  ""coordinates"": [
    -8.299752903800000e+01,
    4.240485600900010e+01
  ],
  ""type"": ""Point""
}","{
  ""coordinates"": [
    -82.997529038,
    42.404856009
  ],
  ""type"": ""Point""
}",-82.997529038,42.4048560090001
5230,9387389,GRANDRIVER,HUBBELL,2015-10-06,6,10,2015,16,3,5,3,,1,0,,1,2,1,35,5,2,5,4,0,0,0,1,false,,false,false,false,false,false,,,,,,false,false,true,,,false,false,false,false,false,-83.18834,42.38862,"{
  ""coordinates"": [
    -8.318833618600000e+01,
    4.238861898900010e+01
  ],
  ""type"": ""Point""
}","{
  ""coordinates"": [
    -83.188336186,
    42.388618989
  ],
  ""type"": ""Point""
}",-83.188336186,42.3886189890001
5231,9390390,SCHAEFER,TYLER,2015-10-06,6,10,2015,13,3,8,3,,4,0,,1,2,1,35,4,2,1,5,0,0,0,0,true,,false,false,true,false,false,,,,,,false,false,false,,,false,false,false,false,false,-83.17839,42.38422,"{
  ""coordinates"": [
    -8.317838980200000e+01,
    4.238421588100000e+01
  ],
  ""type"": ""Point""
}","{
  ""coordinates"": [
    -83.178389802,
    42.384215881
  ],
  ""type"": ""Point""
}",-83.178389802,42.384215881
5232,9402310,N M 39,OUTER,2015-10-06,6,10,2015,20,3,97,3,,1,0,,1,1,4,35,4,2,3,5,0,0,0,0,true,,false,false,false,false,false,,,,,,false,false,false,,,false,false,false,false,false,-83.21882,42.41924,"{
  ""coordinates"": [
    -8.321881771999990e+01,
    4.241923525200010e+01
  ],
  ""type"": ""Point""
}","{
  ""coordinates"": [
    -83.21881772,
    42.419235252
  ],
  ""type"": ""Point""
}",-83.2188177199999,42.4192352520001
5233,9387390,SOUTHFIELD SERVICE DRIVE,MCNICHOLS,2015-10-06,6,10,2015,0,3,5,9,,4,0,,1,1,4,35,2,2,1,5,0,0,0,0,true,,true,true,true,false,false,,,,,,false,false,false,,,false,false,false,false,false,-83.21922,42.41553,"{
  ""coordinates"": [
    -8.321921762200000e+01,
    4.241553666500000e+01
  ],
  ""type"": ""Point""
}","{
  ""coordinates"": [
    -83.219217622,
    42.415536665
  ],
  ""type"": ""Point""
}",-83.219217622,42.415536665
5234,9387401,WYOMING,MCNICHOLS,2015-10-06,6,10,2015,16,3,4,9,,4,0,,1,1,1,30,2,2,2,5,0,0,0,0,true,,false,false,false,false,false,,,,,,false,true,true,,,false,false,false,false,false,-83.16032,42.41699,"{
  ""coordinates"": [
    -8.316031835200000e+01,
    4.241698795600010e+01
  ],
  ""type"": ""Point""
}","{
  ""coordinates"": [
    -83.160318352,
    42.416987956
  ],
  ""type"": ""Point""
}",-83.160318352,42.4169879560001
5235,9392673,OUTER,7 MILE,2015-10-06,6,10,2015,13,3,5,9,,2,0,,1,1,1,35,3,2,2,5,0,0,0,0,true,,false,false,false,false,false,,,,,,false,true,true,,,false,false,false,false,false,-83.01459,42.4342,"{
  ""coordinates"": [
    -8.301458885100000e+01,
    4.243420014700010e+01
  ],
  ""type"": ""Point""
}","{
  ""coordinates"": [
    -83.014588851,
    42.434200147
  ],
  ""type"": ""Point""
}",-83.014588851,42.4342001470001
5236,9403327,I 75,WARREN,2015-10-06,6,10,2015,17,3,5,1,,1,0,,1,2,1,55,3,2,2,5,0,0,0,0,true,,false,false,false,false,false,,,,,,false,false,false,,,false,false,false,false,false,-83.05421,42.36081,"{
  ""coordinates"": [
    -8.305421532000000e+01,
    4.236080697900010e+01
  ],
  ""type"": ""Point""
}","{
  ""coordinates"": [
    -83.05421532,
    42.360806979
  ],
  ""type"": ""Point""
}",-83.05421532,42.3608069790001
5237,9389355,DAVISON,DEXTER,2015-10-06,6,10,2015,19,3,5,3,,1,0,,1,1,1,35,7,2,2,5,0,0,0,0,true,,false,false,true,false,false,,,,,,false,false,false,,,false,false,false,false,false,-83.13152,42.38949,"{
  ""coordinates"": [
    -8.313152352100001e+01,
    4.238948669000010e+01
  ],
  ""type"": ""Point""
}","{
  ""coordinates"": [
    -83.131523521,
    42.38948669
  ],
  ""type"": ""Point""
}",-83.131523521,42.3894866900001
5238,9387384,CONNER,VERNOR,2015-10-06,6,10,2015,5,3,3,9,,4,0,,1,1,4,30,7,2,2,5,0,0,0,0,true,,false,false,false,false,false,,,,,,false,false,true,,,false,false,false,false,false,-82.96249,42.37551,"{
  ""coordinates"": [
    -8.296249238500000e+01,
    4.237551512300010e+01
  ],
  ""type"": ""Point""
}","{
  ""coordinates"": [
    -82.962492385,
    42.375515123
  ],
  ""type"": ""Point""
}",-82.962492385,42.3755151230001
5239,9391672,JEFFERSON,RANDOLPH,2015-10-06,6,10,2015,17,3,5,3,,1,0,,1,1,1,40,6,2,2,5,0,0,0,0,true,,false,false,false,false,false,,,,,,false,false,true,,,false,false,false,false,false,-83.04185,42.32965,"{
  ""coordinates"": [
    -8.304185394400000e+01,
    4.232964653900010e+01
  ],
  ""type"": ""Point""
}","{
  ""coordinates"": [
    -83.041853944,
    42.329646539
  ],
  ""type"": ""Point""
}",-83.041853944,42.3296465390001
5240,9389392,DAVISON,OAKMAN,2015-10-06,6,10,2015,8,3,97,3,,1,0,,1,1,1,35,4,2,1,5,0,0,0,0,true,,false,false,true,false,false,,,,,,false,false,false,,,false,false,false,false,false,-83.14391,42.38644,"{
  ""coordinates"": [
    -8.314390994900000e+01,
    4.238643972800000e+01
  ],
  ""type"": ""Point""
}","{
  ""coordinates"": [
    -83.143909949,
    42.386439728
  ],
  ""type"": ""Point""
}",-83.143909949,42.386439728
5241,9390425,MICHIGAN,TRENTON,2015-10-06,6,10,2015,4,3,5,2,,1,0,,1,1,4,35,5,2,2,4,0,0,0,1,false,,false,false,false,false,false,,,,,,false,false,true,,,false,false,false,false,false,-83.1473,42.33002,"{
  ""coordinates"": [
    -8.314730375100000e+01,
    4.233002043900010e+01
  ],
  ""type"": ""Point""
}","{
  ""coordinates"": [
    -83.147303751,
    42.330020439
  ],
  ""type"": ""Point""
}",-83.147303751,42.3300204390001
5242,9387386,16TH,MICHIGAN,2015-10-06,6,10,2015,9,3,4,2,,,0,,1,2,1,30,4,2,2,4,0,0,0,1,false,,false,false,false,false,false,,,,,,false,true,false,,,false,false,false,false,false,-83.07903,42.33135,"{
  ""coordinates"": [
    -8.307903145800000e+01,
    4.233135025500010e+01
  ],
  ""type"": ""Point""
}","{
  ""coordinates"": [
    -83.079031458,
    42.331350255
  ],
  ""type"": ""Point""
}",-83.079031458,42.3313502550001
5243,9390422,MICHIGAN,CABOT,2015-10-06,6,10,2015,15,3,5,2,,1,0,,1,2,1,35,5,2,1,5,0,0,0,0,true,,false,false,true,false,false,,,,,,false,false,false,,,false,false,false,false,false,-83.15026,42.32957,"{
  ""coordinates"": [
    -8.315026249200000e+01,
    4.232956718200010e+01
  ],
  ""type"": ""Point""
}","{
  ""coordinates"": [
    -83.150262492,
    42.329567182
  ],
  ""type"": ""Point""
}",-83.150262492,42.3295671820001
5244,9388506,GRATIOT,GEORGIA,2015-10-06,6,10,2015,16,3,8,3,,1,0,,1,1,1,35,5,2,3,5,0,0,0,0,true,,false,false,false,false,false,,,,,,false,false,false,,,false,false,false,false,false,-83.00352,42.3957,"{
  ""coordinates"": [
    -8.300351371999990e+01,
    4.239570282900010e+01
  ],
  ""type"": ""Point""
}","{
  ""coordinates"": [
    -83.00351372,
    42.395702829
  ],
  ""type"": ""Point""
}",-83.0035137199999,42.3957028290001
5245,9389380,MEYERS,INTERVALE,2015-10-06,6,10,2015,19,3,4,9,,4,0,,1,1,4,30,2,2,5,3,0,0,1,2,false,,false,false,false,true,false,,,,,,false,false,true,,,false,false,false,false,false,-83.16887,42.39141,"{
  ""coordinates"": [
    -8.316886692900000e+01,
    4.239141507800010e+01
  ],
  ""type"": ""Point""
}","{
  ""coordinates"": [
    -83.168866929,
    42.391415078
  ],
  ""type"": ""Point""
}",-83.168866929,42.3914150780001