ObjectId,Crash ID,Primary Road,Intersecting Road,Crash Date,Day,Month,Year,Hour,Weekday,Crash Type Code,Highway Classification Code,Community Code,Jurisdiction Code,Lane Departure Type Code,Surface Type,Road Condition,Weather Condition,Lighting Condition,Speed Limit,Lanes,Units,Occupants,Most Severe Injury,Fatal Injuries,Suspected Serious Injuries,Suspected Minor Injuries,Possible Injuries,Property Damage Only,Secondary Crash,Traffic Control,Red Light Run,Hit and Run,Alcohol,Drugs,Unbelted Person,Work Zone,Speeding Driver,Distracted Driver,Driveway,Pedestrian,Elderly Driver,Young Driver,Commercial Vehicle,Emergency Vehicles,Train,School Bus,Motorcycle,Bicycle,Deer,Longitude,Latitude,geom,geog,x,y
5246,9391649,MADISON,BRUSH,2015-10-06,6,10,2015,15,3,5,9,,4,3,,1,1,1,25,4,2,2,5,0,0,0,0,true,,false,false,false,false,false,,,,,,false,true,false,,,false,false,false,false,false,-83.04575,42.33742,"{
  ""coordinates"": [
    -8.304574871900000e+01,
    4.233741883900010e+01
  ],
  ""type"": ""Point""
}","{
  ""coordinates"": [
    -83.045748719,
    42.337418839
  ],
  ""type"": ""Point""
}",-83.045748719,42.3374188390001
5247,9389359,MONICA,CHALFONTE,2015-10-06,6,10,2015,17,3,4,9,,,0,,1,1,1,25,2,2,3,4,0,0,0,1,false,,true,false,true,false,false,,,,,,false,false,false,,,false,false,false,false,false,-83.14346,42.40036,"{
  ""coordinates"": [
    -8.314346243499990e+01,
    4.240036340100000e+01
  ],
  ""type"": ""Point""
}","{
  ""coordinates"": [
    -83.143462435,
    42.400363401
  ],
  ""type"": ""Point""
}",-83.1434624349999,42.400363401
5248,9387388,STRATHMOOR,LYNDON,2015-10-06,6,10,2015,15,3,4,9,,,0,,1,2,1,25,4,2,2,4,0,0,0,1,false,,true,false,true,false,false,,,,,,false,false,false,,,false,false,false,false,false,-83.18746,42.39457,"{
  ""coordinates"": [
    -8.318745965499990e+01,
    4.239456704800010e+01
  ],
  ""type"": ""Point""
}","{
  ""coordinates"": [
    -83.187459655,
    42.394567048
  ],
  ""type"": ""Point""
}",-83.1874596549999,42.3945670480001
5249,9387381,LIVERNOIS,PURITAN,2015-10-06,6,10,2015,11,3,5,9,,4,0,,1,2,1,30,2,2,2,5,0,0,0,0,true,,false,false,false,false,false,,,,,,false,false,false,,,false,false,false,false,false,-83.1404,42.40922,"{
  ""coordinates"": [
    -8.314039489500000e+01,
    4.240922269600000e+01
  ],
  ""type"": ""Point""
}","{
  ""coordinates"": [
    -83.140394895,
    42.409222696
  ],
  ""type"": ""Point""
}",-83.140394895,42.409222696
5250,9387379,WAVENEY,DEVONSHIRE,2015-10-06,6,10,2015,13,3,4,9,,,0,,1,1,1,25,2,2,2,5,0,0,0,0,true,,false,false,true,false,false,,,,,,false,false,false,,,false,false,false,false,false,-82.93863,42.39671,"{
  ""coordinates"": [
    -8.293863288599989e+01,
    4.239671076400000e+01
  ],
  ""type"": ""Point""
}","{
  ""coordinates"": [
    -82.938632886,
    42.396710764
  ],
  ""type"": ""Point""
}",-82.9386328859999,42.396710764
5251,9387392,HARVARD,WALLINGFORD,2015-10-05,5,10,2015,11,2,8,9,,,0,,1,1,1,25,2,2,2,5,0,0,0,0,true,,false,false,false,false,false,,,,,,false,false,false,,,false,false,false,false,false,-82.92577,42.39794,"{
  ""coordinates"": [
    -8.292576706400000e+01,
    4.239794156400010e+01
  ],
  ""type"": ""Point""
}","{
  ""coordinates"": [
    -82.925767064,
    42.397941564
  ],
  ""type"": ""Point""
}",-82.925767064,42.3979415640001
5252,9410963,7 MILE,JUSTINE,2015-10-05,5,10,2015,2,2,4,9,,4,0,,1,1,4,35,2,2,2,2,0,1,0,0,false,,false,false,false,false,false,,,,,,false,false,true,,,false,false,false,false,false,-83.05876,42.43322,"{
  ""coordinates"": [
    -8.305876414100000e+01,
    4.243322373100010e+01
  ],
  ""type"": ""Point""
}","{
  ""coordinates"": [
    -83.058764141,
    42.433223731
  ],
  ""type"": ""Point""
}",-83.058764141,42.4332237310001
5253,9387233,RAMP 213L,MCGRAW,2015-10-05,5,10,2015,10,2,1,1,,1,0,,1,2,1,55,1,1,2,5,0,0,0,0,true,,false,false,false,false,false,,,,,,false,false,false,,,false,false,false,false,false,-83.09973,42.35185,"{
  ""coordinates"": [
    -8.309972920699990e+01,
    4.235185076800010e+01
  ],
  ""type"": ""Point""
}","{
  ""coordinates"": [
    -83.099729207,
    42.351850768
  ],
  ""type"": ""Point""
}",-83.0997292069999,42.3518507680001
5254,9387262,I 94 E/B,FRENCH,2015-10-05,5,10,2015,16,2,5,1,,1,0,,1,1,1,55,3,2,2,4,0,0,0,1,false,,false,false,false,false,false,,,,,,false,false,false,,,false,false,false,false,false,-82.99952,42.3921,"{
  ""coordinates"": [
    -8.299952139899990e+01,
    4.239209994600000e+01
  ],
  ""type"": ""Point""
}","{
  ""coordinates"": [
    -82.999521399,
    42.392099946
  ],
  ""type"": ""Point""
}",-82.9995213989999,42.392099946
5255,9387402,WILDEMERE,SANTA CLARA,2015-10-05,5,10,2015,16,2,2,9,,,2,,1,1,1,25,2,2,0,5,0,0,0,0,true,,false,false,true,false,false,,,,,,false,false,false,,,false,false,false,false,false,-83.13304,42.42129,"{
  ""coordinates"": [
    -8.313304282199989e+01,
    4.242128791100000e+01
  ],
  ""type"": ""Point""
}","{
  ""coordinates"": [
    -83.133042822,
    42.421287911
  ],
  ""type"": ""Point""
}",-83.1330428219999,42.421287911
5256,9386456,CHENE,CHENE,2015-10-05,5,10,2015,12,2,97,9,,4,0,,1,1,1,30,2,2,2,5,0,0,0,0,true,,false,false,true,false,false,,,,,,false,false,false,,,false,false,false,false,false,-83.02626,42.347,"{
  ""coordinates"": [
    -8.302625676000000e+01,
    4.234700526800000e+01
  ],
  ""type"": ""Point""
}","{
  ""coordinates"": [
    -83.02625676,
    42.347005268
  ],
  ""type"": ""Point""
}",-83.02625676,42.347005268
5257,9399025,TRUMBULL,MICHIGAN,2015-10-05,5,10,2015,18,2,1,2,,4,0,,1,1,1,25,2,2,2,5,0,0,0,0,true,,false,false,false,false,false,,,,,,false,true,false,,,false,false,false,true,false,-83.06694,42.33141,"{
  ""coordinates"": [
    -8.306694130800000e+01,
    4.233141472400010e+01
  ],
  ""type"": ""Point""
}","{
  ""coordinates"": [
    -83.066941308,
    42.331414724
  ],
  ""type"": ""Point""
}",-83.066941308,42.3314147240001
5258,9386489,EASTWOOD,GRATIOT,2015-10-05,5,10,2015,12,2,2,3,,,2,,1,1,1,25,1,2,1,5,0,0,0,0,true,,false,false,true,false,false,,,,,,false,false,false,,,false,false,false,false,false,-82.9785,42.43357,"{
  ""coordinates"": [
    -8.297850329100000e+01,
    4.243356782400010e+01
  ],
  ""type"": ""Point""
}","{
  ""coordinates"": [
    -82.978503291,
    42.433567824
  ],
  ""type"": ""Point""
}",-82.978503291,42.4335678240001
5259,9390289,NB I-75,SCHAEFER,2015-10-05,5,10,2015,15,2,1,1,,1,0,,1,1,1,55,4,1,1,5,0,0,0,0,true,,false,false,false,false,false,,,,,,false,false,false,,,false,false,false,false,false,-83.14932,42.28189,"{
  ""coordinates"": [
    -8.314932007800000e+01,
    4.228189430300010e+01
  ],
  ""type"": ""Point""
}","{
  ""coordinates"": [
    -83.149320078,
    42.281894303
  ],
  ""type"": ""Point""
}",-83.149320078,42.2818943030001
5260,9386474,WYOMING,BUENA,2015-10-05,5,10,2015,16,2,5,9,,4,0,,1,1,1,30,4,2,2,5,0,0,0,0,true,,false,false,false,false,false,,,,,,false,true,false,,,false,false,false,false,false,-83.15891,42.38352,"{
  ""coordinates"": [
    -8.315891331900001e+01,
    4.238351685900010e+01
  ],
  ""type"": ""Point""
}","{
  ""coordinates"": [
    -83.158913319,
    42.383516859
  ],
  ""type"": ""Point""
}",-83.158913319,42.3835168590001
5261,9391668,JOHN R,FARNSWORTH,2015-10-05,5,10,2015,13,2,4,9,,4,0,,1,1,1,25,2,2,2,5,0,0,0,0,true,,false,false,true,false,false,,,,,,false,false,true,,,false,false,false,false,false,-83.06317,42.35925,"{
  ""coordinates"": [
    -8.306317086500000e+01,
    4.235925318700000e+01
  ],
  ""type"": ""Point""
}","{
  ""coordinates"": [
    -83.063170865,
    42.359253187
  ],
  ""type"": ""Point""
}",-83.063170865,42.359253187
5262,9387196,I 75,WARREN,2015-10-05,5,10,2015,10,2,8,1,,1,0,,1,1,1,55,3,2,1,5,0,0,0,0,true,,false,false,false,false,false,,,,,,false,false,false,,,false,false,false,false,false,-83.05615,42.36414,"{
  ""coordinates"": [
    -8.305615266699991e+01,
    4.236414465700010e+01
  ],
  ""type"": ""Point""
}","{
  ""coordinates"": [
    -83.056152667,
    42.364144657
  ],
  ""type"": ""Point""
}",-83.0561526669999,42.3641446570001
5263,9387383,FREER,ST STEPHENS,2015-10-05,5,10,2015,21,2,8,9,,,0,,1,1,5,25,2,2,1,5,0,0,0,0,true,,false,false,true,false,false,,,,,,false,false,false,,,false,false,false,false,false,-83.13261,42.32923,"{
  ""coordinates"": [
    -8.313261608900000e+01,
    4.232922867500000e+01
  ],
  ""type"": ""Point""
}","{
  ""coordinates"": [
    -83.132616089,
    42.329228675
  ],
  ""type"": ""Point""
}",-83.132616089,42.329228675
5264,9392478,N M 10,LINWOOD,2015-10-05,5,10,2015,7,2,8,3,,1,0,,1,1,1,55,3,2,3,5,0,0,0,0,true,,false,false,true,false,false,,,,,,false,false,false,,,false,false,false,false,false,-83.1273,42.40522,"{
  ""coordinates"": [
    -8.312730494700000e+01,
    4.240521748600000e+01
  ],
  ""type"": ""Point""
}","{
  ""coordinates"": [
    -83.127304947,
    42.405217486
  ],
  ""type"": ""Point""
}",-83.127304947,42.405217486
5265,9396823,RAMP 136A,RAMP 136A,2015-10-05,5,10,2015,19,2,5,1,,1,0,,1,1,4,35,2,2,1,4,0,0,0,1,false,,false,false,false,false,false,,,,,,false,false,true,,,false,false,false,false,false,-83.19827,42.37856,"{
  ""coordinates"": [
    -8.319827257000000e+01,
    4.237856308300010e+01
  ],
  ""type"": ""Point""
}","{
  ""coordinates"": [
    -83.19827257,
    42.378563083
  ],
  ""type"": ""Point""
}",-83.19827257,42.3785630830001
5266,9399327,JEFFERSON,BEAUBIEN,2015-10-05,5,10,2015,7,2,4,4,,1,0,,1,2,1,30,6,2,2,4,0,0,0,1,false,,false,false,false,false,false,,,,,,false,false,false,,,false,false,false,false,false,-83.0396,42.33061,"{
  ""coordinates"": [
    -8.303959659299990e+01,
    4.233060933300000e+01
  ],
  ""type"": ""Point""
}","{
  ""coordinates"": [
    -83.039596593,
    42.330609333
  ],
  ""type"": ""Point""
}",-83.0395965929999,42.330609333
5267,9387234,NB I-75,SCHAEFER,2015-10-05,5,10,2015,15,2,1,1,,1,0,,1,2,1,70,4,1,1,5,0,0,0,0,true,,false,false,false,false,false,,,,,,false,false,false,,,false,false,false,false,false,-83.15451,42.27773,"{
  ""coordinates"": [
    -8.315450932000000e+01,
    4.227772398200010e+01
  ],
  ""type"": ""Point""
}","{
  ""coordinates"": [
    -83.15450932,
    42.277723982
  ],
  ""type"": ""Point""
}",-83.15450932,42.2777239820001
5268,9384194,MEYER,LYNDON,2015-10-05,5,10,2015,3,2,4,9,,4,0,,1,1,4,30,5,2,2,5,0,0,0,0,true,,true,true,false,false,false,,,,,,false,false,true,,,false,false,false,false,false,-83.16904,42.39503,"{
  ""coordinates"": [
    -8.316904475800000e+01,
    4.239502894400000e+01
  ],
  ""type"": ""Point""
}","{
  ""coordinates"": [
    -83.169044758,
    42.395028944
  ],
  ""type"": ""Point""
}",-83.169044758,42.395028944
5269,9386475,GRAND RIVER,OAKMAN,2015-10-05,5,10,2015,17,2,5,3,,1,0,,1,1,1,35,7,2,2,5,0,0,0,0,true,,false,false,false,false,false,,,,,,false,true,false,,,false,false,false,false,false,-83.15063,42.37343,"{
  ""coordinates"": [
    -8.315062525000000e+01,
    4.237343136500000e+01
  ],
  ""type"": ""Point""
}","{
  ""coordinates"": [
    -83.15062525,
    42.373431365
  ],
  ""type"": ""Point""
}",-83.15062525,42.373431365
5270,9636880,I 96,M-39,2015-10-05,5,10,2015,19,2,5,1,,1,0,,1,1,4,55,3,2,2,5,0,0,0,0,true,,false,false,false,false,false,,,,,,false,false,true,,,false,false,false,false,false,-83.22197,42.37844,"{
  ""coordinates"": [
    -8.322197108400000e+01,
    4.237844476900010e+01
  ],
  ""type"": ""Point""
}","{
  ""coordinates"": [
    -83.221971084,
    42.378444769
  ],
  ""type"": ""Point""
}",-83.221971084,42.3784447690001
5271,9391650,CADILLAC,BATES,2015-10-05,5,10,2015,15,2,8,9,,4,0,,1,1,1,25,1,2,2,5,0,0,0,0,true,,false,false,false,false,false,,,,,,false,false,false,,,false,false,false,false,false,-83.0446,42.33172,"{
  ""coordinates"": [
    -8.304460232299991e+01,
    4.233171748900000e+01
  ],
  ""type"": ""Point""
}","{
  ""coordinates"": [
    -83.044602323,
    42.331717489
  ],
  ""type"": ""Point""
}",-83.0446023229999,42.331717489
5272,9390290,NB I-75,SCHAEFER,2015-10-05,5,10,2015,16,2,1,1,,1,0,,1,1,1,55,4,1,1,5,0,0,0,0,true,,false,false,false,false,false,,,,,,false,false,false,,,false,false,false,false,false,-83.14932,42.28189,"{
  ""coordinates"": [
    -8.314932007800000e+01,
    4.228189430300010e+01
  ],
  ""type"": ""Point""
}","{
  ""coordinates"": [
    -83.149320078,
    42.281894303
  ],
  ""type"": ""Point""
}",-83.149320078,42.2818943030001
5273,9387373,HARPER,CADIEUX,2015-10-05,5,10,2015,19,2,8,9,,4,0,,1,1,3,35,3,2,2,5,0,0,0,0,true,,false,false,false,false,false,,,,,,false,false,true,,,false,false,false,false,false,-82.93663,42.41644,"{
  ""coordinates"": [
    -8.293662770400000e+01,
    4.241643471400000e+01
  ],
  ""type"": ""Point""
}","{
  ""coordinates"": [
    -82.936627704,
    42.416434714
  ],
  ""type"": ""Point""
}",-82.936627704,42.416434714
5274,9386599,OUTER,S M 39,2015-10-05,5,10,2015,6,2,8,9,,2,0,,1,1,98,40,4,2,1,5,0,0,0,0,true,,false,false,true,false,false,,,,,,false,false,false,,,false,false,false,false,false,-83.21894,42.41907,"{
  ""coordinates"": [
    -8.321893995399989e+01,
    4.241906890800000e+01
  ],
  ""type"": ""Point""
}","{
  ""coordinates"": [
    -83.218939954,
    42.419068908
  ],
  ""type"": ""Point""
}",-83.2189399539999,42.419068908
5275,9390426,VERNOR,DIX,2015-10-05,5,10,2015,20,2,2,9,,4,0,,1,1,4,25,3,2,3,4,0,0,0,3,false,,true,true,true,false,false,,,,,,false,false,false,,,false,false,false,false,false,-83.11616,42.31592,"{
  ""coordinates"": [
    -8.311615948399999e+01,
    4.231591752500000e+01
  ],
  ""type"": ""Point""
}","{
  ""coordinates"": [
    -83.116159484,
    42.315917525
  ],
  ""type"": ""Point""
}",-83.116159484,42.315917525
5276,9386497,7 MILE,GREENFIELD,2015-10-05,5,10,2015,17,2,5,9,,2,0,,1,1,1,30,4,2,4,5,0,0,0,0,true,,false,false,false,false,false,,,,,,false,true,false,,,false,false,false,false,false,-83.19983,42.43042,"{
  ""coordinates"": [
    -8.319982632400000e+01,
    4.243042139600000e+01
  ],
  ""type"": ""Point""
}","{
  ""coordinates"": [
    -83.199826324,
    42.430421396
  ],
  ""type"": ""Point""
}",-83.199826324,42.430421396
5277,9386271,I 96,OUTER,2015-10-05,5,10,2015,18,2,5,1,,1,0,,1,1,1,70,3,2,2,5,0,0,0,0,true,,false,false,false,false,false,,,,,,false,false,false,,,false,false,false,false,false,-83.25129,42.38555,"{
  ""coordinates"": [
    -8.325128925099990e+01,
    4.238554604300000e+01
  ],
  ""type"": ""Point""
}","{
  ""coordinates"": [
    -83.251289251,
    42.385546043
  ],
  ""type"": ""Point""
}",-83.2512892509999,42.385546043
5278,9386467,FIELDING,VAN BUREN,2015-10-05,5,10,2015,18,2,4,9,,,0,,1,1,3,25,2,2,4,5,0,0,0,0,true,,false,false,false,false,false,,,,,,false,false,true,,,false,false,false,false,false,-83.24074,42.35565,"{
  ""coordinates"": [
    -8.324073980000000e+01,
    4.235565044100010e+01
  ],
  ""type"": ""Point""
}","{
  ""coordinates"": [
    -83.2407398,
    42.355650441
  ],
  ""type"": ""Point""
}",-83.2407398,42.3556504410001
5279,9390414,DIX,MELLON,2015-10-05,5,10,2015,7,2,5,9,,2,0,,1,1,1,35,4,2,2,3,0,0,1,0,false,,false,false,false,false,false,,,,,,false,false,true,,,false,false,false,false,false,-83.15685,42.29005,"{
  ""coordinates"": [
    -8.315684399799990e+01,
    4.229005221000010e+01
  ],
  ""type"": ""Point""
}","{
  ""coordinates"": [
    -83.156843998,
    42.29005221
  ],
  ""type"": ""Point""
}",-83.1568439979999,42.2900522100001
5280,9386483,WESTWOOD,W.WARREN,2015-10-05,5,10,2015,15,2,97,9,,,0,,1,1,1,25,2,2,0,5,0,0,0,0,true,,false,false,true,false,false,,,,,,false,false,false,,,false,false,false,false,false,-83.23055,42.34457,"{
  ""coordinates"": [
    -8.323055542000000e+01,
    4.234457573800010e+01
  ],
  ""type"": ""Point""
}","{
  ""coordinates"": [
    -83.23055542,
    42.344575738
  ],
  ""type"": ""Point""
}",-83.23055542,42.3445757380001
5281,9396892,7 MILE,DALE,2015-10-05,5,10,2015,15,2,4,9,,2,0,,1,1,1,35,2,2,3,4,0,0,0,1,false,,false,false,false,false,false,,,,,,false,false,true,,,false,false,false,false,false,-82.91996,42.4206,"{
  ""coordinates"": [
    -8.291995846600000e+01,
    4.242060483200000e+01
  ],
  ""type"": ""Point""
}","{
  ""coordinates"": [
    -82.919958466,
    42.420604832
  ],
  ""type"": ""Point""
}",-82.919958466,42.420604832
5282,9397822,CASS,KIRBY,2015-10-05,5,10,2015,12,2,8,9,,4,0,,1,1,1,30,2,2,2,5,0,0,0,0,true,,false,false,false,false,false,,,,,,false,false,false,,,false,false,false,false,false,-83.06831,42.35888,"{
  ""coordinates"": [
    -8.306830341800000e+01,
    4.235888033200010e+01
  ],
  ""type"": ""Point""
}","{
  ""coordinates"": [
    -83.068303418,
    42.358880332
  ],
  ""type"": ""Point""
}",-83.068303418,42.3588803320001
5283,9386462,GRAND,I 96 SERVICE,2015-10-05,5,10,2015,8,2,8,3,,1,0,,1,2,1,30,3,2,12,5,0,0,0,0,true,,false,false,false,false,false,,,,,,false,false,false,,,false,false,false,false,false,-83.17525,42.38335,"{
  ""coordinates"": [
    -8.317525457300000e+01,
    4.238335331400000e+01
  ],
  ""type"": ""Point""
}","{
  ""coordinates"": [
    -83.175254573,
    42.383353314
  ],
  ""type"": ""Point""
}",-83.175254573,42.383353314
5284,9386488,CONNER,MCNICHOLS,2015-10-05,5,10,2015,11,2,5,9,,4,0,,1,1,1,35,4,2,1,5,0,0,0,0,true,,false,false,true,false,false,,,,,,false,false,false,,,false,false,false,false,false,-83.01366,42.41956,"{
  ""coordinates"": [
    -8.301365613199989e+01,
    4.241955474300000e+01
  ],
  ""type"": ""Point""
}","{
  ""coordinates"": [
    -83.013656132,
    42.419554743
  ],
  ""type"": ""Point""
}",-83.0136561319999,42.419554743
5285,9390419,GRAND RIVER,E GRAND RIVER/W I 94,2015-10-05,5,10,2015,12,2,97,3,,1,0,,1,1,1,35,7,2,2,5,0,0,0,0,true,,true,true,false,true,false,,,,,,false,false,false,,,false,false,false,false,false,-83.09679,42.35171,"{
  ""coordinates"": [
    -8.309678498300001e+01,
    4.235171048000010e+01
  ],
  ""type"": ""Point""
}","{
  ""coordinates"": [
    -83.096784983,
    42.35171048
  ],
  ""type"": ""Point""
}",-83.096784983,42.3517104800001
5286,9387415,CASS,WARREN,2015-10-05,5,10,2015,8,2,8,9,,4,0,,1,2,1,25,4,2,1,5,0,0,0,0,true,,false,false,true,false,false,,,,,,false,false,false,,,false,false,false,false,false,-83.06661,42.35593,"{
  ""coordinates"": [
    -8.306661477300000e+01,
    4.235592500500010e+01
  ],
  ""type"": ""Point""
}","{
  ""coordinates"": [
    -83.066614773,
    42.355925005
  ],
  ""type"": ""Point""
}",-83.066614773,42.3559250050001
5287,9391532,I 75,MILLWAUKEE,2015-10-05,5,10,2015,10,2,8,1,,1,0,,1,2,1,55,5,2,2,4,0,0,0,1,false,,false,false,true,false,false,,,,,,false,false,false,,,false,false,false,false,false,-83.05987,42.37356,"{
  ""coordinates"": [
    -8.305986586300000e+01,
    4.237355639900010e+01
  ],
  ""type"": ""Point""
}","{
  ""coordinates"": [
    -83.059865863,
    42.373556399
  ],
  ""type"": ""Point""
}",-83.059865863,42.3735563990001
5288,9386461,EVERGREEN,PLYMOUTH,2015-10-05,5,10,2015,16,2,5,9,,4,0,,1,1,3,35,5,2,2,5,0,0,0,0,true,,false,false,false,false,false,,,,,,false,false,false,,,false,false,false,false,false,-83.23625,42.37193,"{
  ""coordinates"": [
    -8.323625045599989e+01,
    4.237193209900000e+01
  ],
  ""type"": ""Point""
}","{
  ""coordinates"": [
    -83.236250456,
    42.371932099
  ],
  ""type"": ""Point""
}",-83.2362504559999,42.371932099
5289,9406511,GRAND RIVER,REDFORD,2015-10-05,5,10,2015,8,2,4,3,,1,0,,1,2,1,35,6,2,3,4,0,0,0,3,false,,false,false,true,false,false,,,,,,false,false,false,,,false,false,false,false,false,-83.25849,42.41683,"{
  ""coordinates"": [
    -8.325849446099990e+01,
    4.241683231900000e+01
  ],
  ""type"": ""Point""
}","{
  ""coordinates"": [
    -83.258494461,
    42.416832319
  ],
  ""type"": ""Point""
}",-83.2584944609999,42.416832319
5290,9387198,I-94,OUTER,2015-10-05,5,10,2015,8,2,5,1,,1,0,,1,1,2,55,3,2,3,5,0,0,0,0,true,,false,false,false,false,false,,,,,,false,false,false,,,false,false,false,false,false,-82.96136,42.40473,"{
  ""coordinates"": [
    -8.296135337299999e+01,
    4.240472754400000e+01
  ],
  ""type"": ""Point""
}","{
  ""coordinates"": [
    -82.961353373,
    42.404727544
  ],
  ""type"": ""Point""
}",-82.961353373,42.404727544
5291,9390433,SEVEN MILE,ASHTON,2015-10-05,5,10,2015,17,2,4,9,,2,0,,1,1,1,35,2,2,2,5,0,0,0,0,true,,false,false,false,false,false,,,,,,false,false,true,,,false,false,false,false,false,-83.22045,42.42999,"{
  ""coordinates"": [
    -8.322044932499990e+01,
    4.242998764800010e+01
  ],
  ""type"": ""Point""
}","{
  ""coordinates"": [
    -83.220449325,
    42.429987648
  ],
  ""type"": ""Point""
}",-83.2204493249999,42.4299876480001
5292,9396821,S M 39,PEMBROKE,2015-10-05,5,10,2015,20,2,4,3,,1,0,,1,1,4,30,2,2,2,5,0,0,0,0,true,,true,true,false,false,false,,,,,,false,false,false,,,false,false,false,false,false,-83.21972,42.4372,"{
  ""coordinates"": [
    -8.321971894500000e+01,
    4.243720309000000e+01
  ],
  ""type"": ""Point""
}","{
  ""coordinates"": [
    -83.219718945,
    42.43720309
  ],
  ""type"": ""Point""
}",-83.219718945,42.43720309
5293,9388503,SCHAEFER,PLYMOUTH,2015-10-05,5,10,2015,13,2,2,9,,4,0,,1,1,1,30,4,2,2,5,0,0,0,0,true,,false,false,false,false,false,,,,,,false,true,false,,,false,false,false,false,false,-83.17799,42.37304,"{
  ""coordinates"": [
    -8.317798459799999e+01,
    4.237303613500010e+01
  ],
  ""type"": ""Point""
}","{
  ""coordinates"": [
    -83.177984598,
    42.373036135
  ],
  ""type"": ""Point""
}",-83.177984598,42.3730361350001
5294,9391680,ST ANTOINE,CANFIELD,2015-10-05,5,10,2015,13,2,97,9,,4,0,,1,1,1,30,5,2,2,5,0,0,0,0,true,,false,false,false,false,false,,,,,,false,false,false,,,false,false,false,false,false,-83.05425,42.35561,"{
  ""coordinates"": [
    -8.305425225099999e+01,
    4.235560968500000e+01
  ],
  ""type"": ""Point""
}","{
  ""coordinates"": [
    -83.054252251,
    42.355609685
  ],
  ""type"": ""Point""
}",-83.054252251,42.355609685
5295,9413219,WESTPHALIA,7 MILE,2015-10-05,5,10,2015,19,2,5,9,,,0,,1,1,1,25,2,2,1,5,0,0,0,0,true,,false,false,true,false,false,,,,,,false,false,false,,,false,false,false,false,false,-82.99238,42.4342,"{
  ""coordinates"": [
    -8.299238120900000e+01,
    4.243420479600010e+01
  ],
  ""type"": ""Point""
}","{
  ""coordinates"": [
    -82.992381209,
    42.434204796
  ],
  ""type"": ""Point""
}",-82.992381209,42.4342047960001
5296,9402307,S M 39,OUTER,2015-10-05,5,10,2015,15,2,1,3,,1,0,,1,1,1,35,2,2,2,4,0,0,0,1,false,,false,false,false,false,false,,,,,,false,false,false,,,false,false,false,true,false,-83.21899,42.41904,"{
  ""coordinates"": [
    -8.321899341300001e+01,
    4.241903876000000e+01
  ],
  ""type"": ""Point""
}","{
  ""coordinates"": [
    -83.218993413,
    42.41903876
  ],
  ""type"": ""Point""
}",-83.218993413,42.41903876
5297,9386491,VAN DYKE,GEORGIA,2015-10-05,5,10,2015,19,2,7,3,,1,0,,1,1,4,35,7,2,2,5,0,0,0,0,true,,false,false,true,false,false,,,,,,false,false,false,,,false,false,false,false,false,-83.02267,42.39328,"{
  ""coordinates"": [
    -8.302267482400001e+01,
    4.239328116800000e+01
  ],
  ""type"": ""Point""
}","{
  ""coordinates"": [
    -83.022674824,
    42.393281168
  ],
  ""type"": ""Point""
}",-83.022674824,42.393281168
5298,9386468,6MILE,GLASTONBURY,2015-10-05,5,10,2015,8,2,8,9,,2,0,,1,1,1,30,3,2,2,4,0,0,0,1,false,,false,false,false,false,false,,,,,,false,false,false,,,false,false,false,false,false,-83.22263,42.41547,"{
  ""coordinates"": [
    -8.322262274799991e+01,
    4.241547537600010e+01
  ],
  ""type"": ""Point""
}","{
  ""coordinates"": [
    -83.222622748,
    42.415475376
  ],
  ""type"": ""Point""
}",-83.2226227479999,42.4154753760001
5299,9391654,MACK,SAINT ANTOINE,2015-10-05,5,10,2015,16,2,5,9,,4,0,,1,1,1,30,3,2,2,5,0,0,0,0,true,,false,false,false,false,false,,,,,,false,false,false,,,false,false,false,false,false,-83.05241,42.34958,"{
  ""coordinates"": [
    -8.305240660000000e+01,
    4.234958191200010e+01
  ],
  ""type"": ""Point""
}","{
  ""coordinates"": [
    -83.0524066,
    42.349581912
  ],
  ""type"": ""Point""
}",-83.0524066,42.3495819120001
5300,9390397,FENKELL,LOG CABIN,2015-10-05,5,10,2015,7,2,4,9,,4,0,,1,1,1,35,3,2,2,3,0,0,1,0,false,,false,false,false,false,false,,,,,,false,false,true,,,false,false,true,false,false,-83.12191,42.40305,"{
  ""coordinates"": [
    -8.312190754499990e+01,
    4.240305219700010e+01
  ],
  ""type"": ""Point""
}","{
  ""coordinates"": [
    -83.121907545,
    42.403052197
  ],
  ""type"": ""Point""
}",-83.1219075449999,42.4030521970001
5301,9390400,GRISWOLD,LAFAYETTE,2015-10-05,5,10,2015,12,2,97,9,,4,0,,1,1,1,25,2,2,1,5,0,0,0,0,true,,false,false,false,false,false,,,,,,false,false,false,,,false,false,false,false,false,-83.04808,42.33149,"{
  ""coordinates"": [
    -8.304808391900001e+01,
    4.233148491500000e+01
  ],
  ""type"": ""Point""
}","{
  ""coordinates"": [
    -83.048083919,
    42.331484915
  ],
  ""type"": ""Point""
}",-83.048083919,42.331484915
5302,9387405,MACK,JOHN R,2015-10-05,5,10,2015,12,2,5,9,,4,0,,1,1,1,30,4,2,1,5,0,0,0,0,true,,false,false,true,false,false,,,,,,false,false,false,,,false,false,false,false,false,-83.05573,42.3485,"{
  ""coordinates"": [
    -8.305572750800000e+01,
    4.234850240000000e+01
  ],
  ""type"": ""Point""
}","{
  ""coordinates"": [
    -83.055727508,
    42.3485024
  ],
  ""type"": ""Point""
}",-83.055727508,42.3485024