ObjectId,Crash ID,Primary Road,Intersecting Road,Crash Date,Day,Month,Year,Hour,Weekday,Crash Type Code,Highway Classification Code,Community Code,Jurisdiction Code,Lane Departure Type Code,Surface Type,Road Condition,Weather Condition,Lighting Condition,Speed Limit,Lanes,Units,Occupants,Most Severe Injury,Fatal Injuries,Suspected Serious Injuries,Suspected Minor Injuries,Possible Injuries,Property Damage Only,Secondary Crash,Traffic Control,Red Light Run,Hit and Run,Alcohol,Drugs,Unbelted Person,Work Zone,Speeding Driver,Distracted Driver,Driveway,Pedestrian,Elderly Driver,Young Driver,Commercial Vehicle,Emergency Vehicles,Train,School Bus,Motorcycle,Bicycle,Deer,Longitude,Latitude,geom,geog,x,y
5360,9399145,I 94,MOUNT ELLIOTT,2015-10-03,3,10,2015,13,7,8,1,,1,0,,1,1,1,55,3,2,3,5,0,0,0,0,true,,false,false,false,false,false,,,,,,false,false,false,,,false,false,false,false,false,-83.03368,42.37941,"{
  ""coordinates"": [
    -8.303368150499990e+01,
    4.237940874400000e+01
  ],
  ""type"": ""Point""
}","{
  ""coordinates"": [
    -83.033681505,
    42.379408744
  ],
  ""type"": ""Point""
}",-83.0336815049999,42.379408744
5361,9384206,8 MILE,WYOMING,2015-10-03,3,10,2015,18,7,8,3,,1,0,,2,4,4,40,4,2,3,5,0,0,0,0,true,,false,false,false,false,false,,,,,,false,true,false,,,false,false,false,false,false,-83.16348,42.44561,"{
  ""coordinates"": [
    -8.316348345499991e+01,
    4.244560866000010e+01
  ],
  ""type"": ""Point""
}","{
  ""coordinates"": [
    -83.163483455,
    42.44560866
  ],
  ""type"": ""Point""
}",-83.1634834549999,42.4456086600001
5362,9386464,ALGONQUIN,FREUD,2015-10-03,3,10,2015,17,7,8,9,,,3,,2,2,1,25,2,2,0,5,0,0,0,0,true,,false,false,true,false,false,,,,,,false,false,false,,,false,false,false,false,false,-82.95331,42.36469,"{
  ""coordinates"": [
    -8.295330667400000e+01,
    4.236468702800000e+01
  ],
  ""type"": ""Point""
}","{
  ""coordinates"": [
    -82.953306674,
    42.364687028
  ],
  ""type"": ""Point""
}",-82.953306674,42.364687028
5363,9409871,E I 96,SCHAEFER,2015-10-03,3,10,2015,20,7,3,1,,1,0,,2,4,4,35,7,2,2,4,0,0,0,1,false,,false,false,false,false,false,,,,,,false,false,false,,,false,false,false,false,false,-83.17818,42.38318,"{
  ""coordinates"": [
    -8.317818277399989e+01,
    4.238317915000000e+01
  ],
  ""type"": ""Point""
}","{
  ""coordinates"": [
    -83.178182774,
    42.38317915
  ],
  ""type"": ""Point""
}",-83.1781827739999,42.38317915
5364,9389372,DAVISON,CONANT,2015-10-03,3,10,2015,11,7,97,3,,4,0,,1,1,1,25,2,2,1,5,0,0,0,0,true,,false,false,true,false,false,,,,,,false,false,true,,,false,false,false,false,false,-83.06146,42.41553,"{
  ""coordinates"": [
    -8.306146074999999e+01,
    4.241552609000010e+01
  ],
  ""type"": ""Point""
}","{
  ""coordinates"": [
    -83.06146075,
    42.41552609
  ],
  ""type"": ""Point""
}",-83.06146075,42.4155260900001
5365,9389237,I-94,MT ELLIOTT,2015-10-03,3,10,2015,15,7,8,1,,1,0,,2,4,1,55,3,2,2,4,0,0,0,1,false,,false,false,true,false,false,,,,,,false,false,false,,,false,false,false,false,false,-83.03159,42.38139,"{
  ""coordinates"": [
    -8.303158476399990e+01,
    4.238138816000000e+01
  ],
  ""type"": ""Point""
}","{
  ""coordinates"": [
    -83.031584764,
    42.38138816
  ],
  ""type"": ""Point""
}",-83.0315847639999,42.38138816
5366,9384103,RAMP 215A,E I 94,2015-10-03,3,10,2015,22,7,5,1,,1,0,,2,4,5,55,1,2,5,4,0,0,0,1,false,,false,false,false,false,false,,,,,,false,false,false,,,false,false,false,false,false,-83.07876,42.35725,"{
  ""coordinates"": [
    -8.307876013399989e+01,
    4.235725511800010e+01
  ],
  ""type"": ""Point""
}","{
  ""coordinates"": [
    -83.078760134,
    42.357255118
  ],
  ""type"": ""Point""
}",-83.0787601339999,42.3572551180001
5367,9383379,I-94,JUNCTION,2015-10-03,3,10,2015,8,7,8,1,,1,0,,1,2,1,55,3,2,1,4,0,0,0,1,false,,false,false,true,false,false,,,,,,false,false,false,,,false,false,false,false,false,-83.11928,42.33991,"{
  ""coordinates"": [
    -8.311928006700001e+01,
    4.233991071400000e+01
  ],
  ""type"": ""Point""
}","{
  ""coordinates"": [
    -83.119280067,
    42.339910714
  ],
  ""type"": ""Point""
}",-83.119280067,42.339910714
5368,9396859,PLYMOUTH,SOUTHFIELD SERVICE DRIVE,2015-10-03,3,10,2015,9,7,4,9,,4,0,,1,1,1,35,4,3,4,4,0,0,0,1,false,,true,true,false,false,false,,,,,,false,true,false,,,false,false,false,false,false,-83.21626,42.37226,"{
  ""coordinates"": [
    -8.321625703099990e+01,
    4.237225834900000e+01
  ],
  ""type"": ""Point""
}","{
  ""coordinates"": [
    -83.216257031,
    42.372258349
  ],
  ""type"": ""Point""
}",-83.2162570309999,42.372258349
5369,9384134,S M 10,RAMP 108B,2015-10-03,3,10,2015,21,7,1,3,,1,1,,2,4,4,55,3,1,1,4,0,0,0,1,false,,false,false,false,false,false,,,,,,false,false,true,,,false,false,false,false,false,-83.1212,42.40457,"{
  ""coordinates"": [
    -8.312120151300000e+01,
    4.240456630200000e+01
  ],
  ""type"": ""Point""
}","{
  ""coordinates"": [
    -83.121201513,
    42.404566302
  ],
  ""type"": ""Point""
}",-83.121201513,42.404566302
5370,9421176,CHALFONTE,NORTHLAWN,2015-10-03,3,10,2015,21,7,5,9,,,0,,2,4,4,25,2,2,1,5,0,0,0,0,true,,false,false,true,false,false,,,,,,false,false,false,,,false,false,false,false,false,-83.1534,42.40029,"{
  ""coordinates"": [
    -8.315339675400000e+01,
    4.240028608800000e+01
  ],
  ""type"": ""Point""
}","{
  ""coordinates"": [
    -83.153396754,
    42.400286088
  ],
  ""type"": ""Point""
}",-83.153396754,42.400286088
5371,9383565,BYRON,CALVERT,2015-10-03,3,10,2015,17,7,4,9,,,0,,2,4,1,25,2,2,2,5,0,0,0,0,true,,false,false,false,false,false,,,,,,false,false,false,,,false,false,false,false,false,-83.09806,42.38502,"{
  ""coordinates"": [
    -8.309806351600000e+01,
    4.238501967500010e+01
  ],
  ""type"": ""Point""
}","{
  ""coordinates"": [
    -83.098063516,
    42.385019675
  ],
  ""type"": ""Point""
}",-83.098063516,42.3850196750001
5372,9384120,S M 10,RAMP 215G,2015-10-03,3,10,2015,21,7,5,3,,1,0,,2,4,4,55,3,2,1,5,0,0,0,0,true,,false,false,false,false,false,,,,,,false,false,false,,,false,false,false,false,false,-83.07871,42.36251,"{
  ""coordinates"": [
    -8.307871538900000e+01,
    4.236250761700010e+01
  ],
  ""type"": ""Point""
}","{
  ""coordinates"": [
    -83.078715389,
    42.362507617
  ],
  ""type"": ""Point""
}",-83.078715389,42.3625076170001
5373,9383371,RAMP 011A,N M 39,2015-10-03,3,10,2015,6,7,1,3,,1,1,,1,1,4,55,1,1,1,4,0,0,0,1,false,,false,false,false,false,false,,,,,,false,false,false,,,false,false,false,false,false,-83.21902,42.42823,"{
  ""coordinates"": [
    -8.321902066800000e+01,
    4.242823179200010e+01
  ],
  ""type"": ""Point""
}","{
  ""coordinates"": [
    -83.219020668,
    42.428231792
  ],
  ""type"": ""Point""
}",-83.219020668,42.4282317920001
5374,9400585,8 MILE,MOUNT ELLIOTT,2015-10-03,3,10,2015,23,7,4,3,,1,0,,2,4,4,40,4,2,3,4,0,0,0,1,false,,true,true,true,true,false,,,,,,false,false,true,,,false,false,false,false,false,-83.03941,42.44787,"{
  ""coordinates"": [
    -8.303940857899990e+01,
    4.244787229200010e+01
  ],
  ""type"": ""Point""
}","{
  ""coordinates"": [
    -83.039408579,
    42.447872292
  ],
  ""type"": ""Point""
}",-83.0394085789999,42.4478722920001
5375,9387217,S M 39,PURITAN,2015-10-03,3,10,2015,16,7,5,3,,1,0,,2,4,1,55,3,2,2,5,0,0,0,0,true,,false,false,true,false,false,,,,,,false,false,true,,,false,false,false,false,false,-83.21869,42.40805,"{
  ""coordinates"": [
    -8.321868565499990e+01,
    4.240805057000010e+01
  ],
  ""type"": ""Point""
}","{
  ""coordinates"": [
    -83.218685655,
    42.40805057
  ],
  ""type"": ""Point""
}",-83.2186856549999,42.4080505700001
5376,9390413,FORD,LINWOOD,2015-10-03,3,10,2015,12,7,5,9,,,0,,1,1,1,55,6,2,2,4,0,0,0,1,false,,false,false,false,false,false,,,,,,false,false,false,,,false,false,false,false,false,-83.1241,42.39608,"{
  ""coordinates"": [
    -8.312410049399990e+01,
    4.239608196000010e+01
  ],
  ""type"": ""Point""
}","{
  ""coordinates"": [
    -83.124100494,
    42.39608196
  ],
  ""type"": ""Point""
}",-83.1241004939999,42.3960819600001
5377,9400260,E I 94,S I 75,2015-10-03,3,10,2015,20,7,5,1,,1,0,,1,1,1,0,3,2,2,5,0,0,0,0,true,,false,false,false,false,false,,,,,,false,true,false,,,false,false,false,false,false,-83.05817,42.36835,"{
  ""coordinates"": [
    -8.305816271299990e+01,
    4.236834838700000e+01
  ],
  ""type"": ""Point""
}","{
  ""coordinates"": [
    -83.058162713,
    42.368348387
  ],
  ""type"": ""Point""
}",-83.0581627129999,42.368348387
5378,9383577,OAKMAN,DAVISON,2015-10-03,3,10,2015,0,7,5,3,,4,0,,1,1,4,35,2,3,1,5,0,0,0,0,true,,false,false,false,false,false,,,,,,false,false,false,,,false,false,false,false,false,-83.14391,42.38626,"{
  ""coordinates"": [
    -8.314390214600000e+01,
    4.238625722700000e+01
  ],
  ""type"": ""Point""
}","{
  ""coordinates"": [
    -83.143902146,
    42.386257227
  ],
  ""type"": ""Point""
}",-83.143902146,42.386257227
5379,9387204,S I 75,PIQUETTE,2015-10-03,3,10,2015,14,7,5,1,,1,0,,1,2,1,55,4,2,2,5,0,0,0,0,true,,false,false,false,false,false,,,,,,false,true,true,,,false,false,false,false,false,-83.05898,42.37019,"{
  ""coordinates"": [
    -8.305897920599990e+01,
    4.237018587300000e+01
  ],
  ""type"": ""Point""
}","{
  ""coordinates"": [
    -83.058979206,
    42.370185873
  ],
  ""type"": ""Point""
}",-83.0589792059999,42.370185873
5380,9389382,WARREN,MANSFIELD,2015-10-03,3,10,2015,18,7,97,9,,2,0,,2,4,1,30,4,2,2,5,0,0,0,0,true,,false,false,true,false,false,,,,,,false,false,false,,,false,false,false,false,false,-83.20239,42.34359,"{
  ""coordinates"": [
    -8.320239360300000e+01,
    4.234358446000000e+01
  ],
  ""type"": ""Point""
}","{
  ""coordinates"": [
    -83.202393603,
    42.34358446
  ],
  ""type"": ""Point""
}",-83.202393603,42.34358446
5381,9396897,STOUT,MCNICHOLS,2015-10-03,3,10,2015,23,7,5,9,,,0,,1,1,4,25,2,2,0,5,0,0,0,0,true,,false,false,true,false,false,,,,,,false,false,false,,,false,false,false,false,false,-83.24228,42.41494,"{
  ""coordinates"": [
    -8.324227563700001e+01,
    4.241493488600000e+01
  ],
  ""type"": ""Point""
}","{
  ""coordinates"": [
    -83.242275637,
    42.414934886
  ],
  ""type"": ""Point""
}",-83.242275637,42.414934886
5382,9384101,I-75,VERNOR,2015-10-03,3,10,2015,7,7,1,1,,1,1,,2,4,5,70,3,1,1,4,0,0,0,1,false,,false,false,false,false,false,,,,,,false,false,false,,,false,false,false,false,false,-83.12643,42.29565,"{
  ""coordinates"": [
    -8.312643320799999e+01,
    4.229565276200000e+01
  ],
  ""type"": ""Point""
}","{
  ""coordinates"": [
    -83.126433208,
    42.295652762
  ],
  ""type"": ""Point""
}",-83.126433208,42.295652762
5383,9384127,M39,OUTER,2015-10-03,3,10,2015,2,7,1,3,,1,1,,1,1,4,55,3,1,4,4,0,0,0,1,false,,false,false,false,false,false,,,,,,false,false,false,,,false,false,false,false,false,-83.2187,42.41545,"{
  ""coordinates"": [
    -8.321870473800000e+01,
    4.241545117400010e+01
  ],
  ""type"": ""Point""
}","{
  ""coordinates"": [
    -83.218704738,
    42.415451174
  ],
  ""type"": ""Point""
}",-83.218704738,42.4154511740001
5384,9383553,EVERGREEN,SCHOOLCRAFT,2015-10-03,3,10,2015,15,7,5,9,,4,0,,2,4,1,35,5,2,2,4,0,0,0,2,false,,false,false,false,false,false,,,,,,false,false,false,,,false,false,false,false,false,-83.23684,42.38625,"{
  ""coordinates"": [
    -8.323684289900000e+01,
    4.238625199700000e+01
  ],
  ""type"": ""Point""
}","{
  ""coordinates"": [
    -83.236842899,
    42.386251997
  ],
  ""type"": ""Point""
}",-83.236842899,42.386251997
5385,9396900,SEVEN MILE,EDINBOUROGH,2015-10-03,3,10,2015,17,7,97,9,,2,0,,2,4,1,35,2,2,2,5,0,0,0,0,true,,false,false,false,false,false,,,,,,false,false,false,,,false,false,false,false,false,-83.23453,42.42969,"{
  ""coordinates"": [
    -8.323453033999991e+01,
    4.242968923800000e+01
  ],
  ""type"": ""Point""
}","{
  ""coordinates"": [
    -83.23453034,
    42.429689238
  ],
  ""type"": ""Point""
}",-83.2345303399999,42.429689238
5386,9396903,TELEGRAPH,DEHNER,2015-10-03,3,10,2015,22,7,7,2,,1,0,,2,4,4,45,4,2,2,5,0,0,0,0,true,,false,false,false,false,false,,,,,,false,false,false,,,false,false,false,false,false,-83.27689,42.41234,"{
  ""coordinates"": [
    -8.327688605799990e+01,
    4.241233660400010e+01
  ],
  ""type"": ""Point""
}","{
  ""coordinates"": [
    -83.276886058,
    42.412336604
  ],
  ""type"": ""Point""
}",-83.2768860579999,42.4123366040001
5387,9384119,W I 94,GRAND,2015-10-03,3,10,2015,22,7,1,1,,1,1,,2,4,4,55,3,1,1,4,0,0,0,2,false,,false,false,false,false,false,,,,,,false,false,true,,,false,false,false,false,false,-83.10909,42.34711,"{
  ""coordinates"": [
    -8.310908189700000e+01,
    4.234710684700010e+01
  ],
  ""type"": ""Point""
}","{
  ""coordinates"": [
    -83.109081897,
    42.347106847
  ],
  ""type"": ""Point""
}",-83.109081897,42.3471068470001
5388,9383550,GREENFIELD,ORANGELAWN,2015-10-03,3,10,2015,18,7,5,9,,2,0,,2,4,4,35,4,2,3,5,0,0,0,0,true,,false,false,false,false,false,,,,,,false,false,false,,,false,false,false,false,false,-83.19736,42.36785,"{
  ""coordinates"": [
    -8.319735574799989e+01,
    4.236784678500000e+01
  ],
  ""type"": ""Point""
}","{
  ""coordinates"": [
    -83.197355748,
    42.367846785
  ],
  ""type"": ""Point""
}",-83.1973557479999,42.367846785
5389,9384133,RAMP 008C,SOUTHFIELD SERVICE DRIVE,2015-10-03,3,10,2015,2,7,1,1,,1,1,,1,1,4,55,2,1,0,5,0,0,0,0,true,,false,false,true,false,false,,,,,,false,false,false,,,false,false,false,false,false,-83.2173,42.37887,"{
  ""coordinates"": [
    -8.321730264099990e+01,
    4.237886814200000e+01
  ],
  ""type"": ""Point""
}","{
  ""coordinates"": [
    -83.217302641,
    42.378868142
  ],
  ""type"": ""Point""
}",-83.2173026409999,42.378868142
5390,9383568,DAVISON,MOUND,2015-10-03,3,10,2015,4,7,8,9,,2,0,,1,1,4,35,5,2,2,5,0,0,0,0,true,,false,false,true,false,false,,,,,,false,false,false,,,false,false,false,false,false,-83.04288,42.42259,"{
  ""coordinates"": [
    -8.304288528399999e+01,
    4.242258742800000e+01
  ],
  ""type"": ""Point""
}","{
  ""coordinates"": [
    -83.042885284,
    42.422587428
  ],
  ""type"": ""Point""
}",-83.042885284,42.422587428
5391,9384191,FREELAND,OUTER,2015-10-03,3,10,2015,18,7,4,9,,,0,,2,4,1,25,2,2,2,5,0,0,0,0,true,,false,false,false,false,false,,,,,,false,false,false,,,false,false,false,false,false,-83.18613,42.4202,"{
  ""coordinates"": [
    -8.318612648899990e+01,
    4.242020035500010e+01
  ],
  ""type"": ""Point""
}","{
  ""coordinates"": [
    -83.186126489,
    42.420200355
  ],
  ""type"": ""Point""
}",-83.1861264889999,42.4202003550001
5392,9384204,WOODWARD,7 MILE,2015-10-03,3,10,2015,3,7,5,3,,1,0,,1,1,4,40,4,2,3,3,0,0,2,2,false,,false,false,false,true,false,,,,,,false,false,false,,,false,false,false,false,false,-83.11497,42.43212,"{
  ""coordinates"": [
    -8.311496388099989e+01,
    4.243211824100010e+01
  ],
  ""type"": ""Point""
}","{
  ""coordinates"": [
    -83.114963881,
    42.432118241
  ],
  ""type"": ""Point""
}",-83.1149638809999,42.4321182410001
5393,9399114,JEFFERSON,RANDOLPH,2015-10-03,3,10,2015,16,7,7,4,,1,0,,2,4,1,25,2,2,5,5,0,0,0,0,true,,false,false,false,false,false,,,,,,false,true,false,,,false,false,false,false,false,-83.04184,42.32965,"{
  ""coordinates"": [
    -8.304183715399989e+01,
    4.232965395700010e+01
  ],
  ""type"": ""Point""
}","{
  ""coordinates"": [
    -83.041837154,
    42.329653957
  ],
  ""type"": ""Point""
}",-83.0418371539999,42.3296539570001
5394,9392503,I-94,SCOTTEN,2015-10-03,3,10,2015,19,7,97,1,,1,0,,2,4,4,55,3,2,2,5,0,0,0,0,true,,false,false,false,false,false,,,,,,false,false,false,,,false,false,false,false,false,-83.11157,42.34604,"{
  ""coordinates"": [
    -8.311157474399990e+01,
    4.234603782100000e+01
  ],
  ""type"": ""Point""
}","{
  ""coordinates"": [
    -83.111574744,
    42.346037821
  ],
  ""type"": ""Point""
}",-83.1115747439999,42.346037821
5395,9383512,MEYERS,SCHOOLCRAFT,2015-10-03,3,10,2015,15,7,5,9,,4,0,,2,4,1,30,4,2,3,4,0,0,0,1,false,,false,false,false,false,false,,,,,,false,true,false,,,false,false,false,false,false,-83.16872,42.38828,"{
  ""coordinates"": [
    -8.316871407199990e+01,
    4.238827552900010e+01
  ],
  ""type"": ""Point""
}","{
  ""coordinates"": [
    -83.168714072,
    42.388275529
  ],
  ""type"": ""Point""
}",-83.1687140719999,42.3882755290001
5396,9383374,I-94,SCOTTEN,2015-10-03,3,10,2015,19,7,8,1,,1,0,,2,4,4,55,3,2,0,5,0,0,0,0,true,,false,false,true,false,false,,,,,,false,false,false,,,false,false,false,false,false,-83.11102,42.34584,"{
  ""coordinates"": [
    -8.311101789199989e+01,
    4.234584136900000e+01
  ],
  ""type"": ""Point""
}","{
  ""coordinates"": [
    -83.111017892,
    42.345841369
  ],
  ""type"": ""Point""
}",-83.1110178919999,42.345841369
5397,9392521,I-75,I-94,2015-10-03,3,10,2015,19,7,1,1,,1,1,,2,4,4,55,3,1,2,4,0,0,0,1,false,,false,false,false,false,false,,,,,,false,false,false,,,false,false,false,false,false,-83.05831,42.36875,"{
  ""coordinates"": [
    -8.305830997200000e+01,
    4.236875043200010e+01
  ],
  ""type"": ""Point""
}","{
  ""coordinates"": [
    -83.058309972,
    42.368750432
  ],
  ""type"": ""Point""
}",-83.058309972,42.3687504320001
5398,9383581,7 MILE,SAN JUAN,2015-10-03,3,10,2015,11,7,4,9,,2,0,,1,2,1,30,4,2,2,5,0,0,0,0,true,,false,false,false,false,false,,,,,,false,false,false,,,false,false,false,false,false,-83.14651,42.4315,"{
  ""coordinates"": [
    -8.314650628399990e+01,
    4.243149972200010e+01
  ],
  ""type"": ""Point""
}","{
  ""coordinates"": [
    -83.146506284,
    42.431499722
  ],
  ""type"": ""Point""
}",-83.1465062839999,42.4314997220001
5399,9390406,PURITAN,COYLE,2015-10-03,3,10,2015,15,7,4,9,,4,0,,2,4,1,25,2,2,3,4,0,0,0,1,false,,false,false,true,false,false,,,,,,false,false,true,,,false,false,false,false,false,-83.19418,42.4089,"{
  ""coordinates"": [
    -8.319417537299999e+01,
    4.240889557300010e+01
  ],
  ""type"": ""Point""
}","{
  ""coordinates"": [
    -83.194175373,
    42.408895573
  ],
  ""type"": ""Point""
}",-83.194175373,42.4088955730001
5400,9390415,GREEN,SENATOR,2015-10-03,3,10,2015,23,7,4,9,,,0,,2,4,4,25,4,2,3,5,0,0,0,0,true,,true,false,false,false,false,,,,,,false,false,true,,,false,false,false,false,false,-83.12036,42.31257,"{
  ""coordinates"": [
    -8.312036190700000e+01,
    4.231256842100000e+01
  ],
  ""type"": ""Point""
}","{
  ""coordinates"": [
    -83.120361907,
    42.312568421
  ],
  ""type"": ""Point""
}",-83.120361907,42.312568421
5401,9389254,I-94,CADIEUX,2015-10-03,3,10,2015,17,7,1,1,,1,1,,2,4,1,55,3,1,1,5,0,0,0,0,true,,false,false,false,false,false,,,,,,false,false,true,,,false,false,false,false,false,-82.93333,42.41952,"{
  ""coordinates"": [
    -8.293333042800000e+01,
    4.241952309000000e+01
  ],
  ""type"": ""Point""
}","{
  ""coordinates"": [
    -82.933330428,
    42.41952309
  ],
  ""type"": ""Point""
}",-82.933330428,42.41952309
5402,9400817,WARREN,OUTER,2015-10-03,3,10,2015,16,7,4,9,,2,0,,2,4,1,35,5,2,4,5,0,0,0,0,true,,false,false,false,false,false,,,,,,false,false,true,,,false,false,false,false,false,-83.25216,42.34203,"{
  ""coordinates"": [
    -8.325215889899989e+01,
    4.234203178600010e+01
  ],
  ""type"": ""Point""
}","{
  ""coordinates"": [
    -83.252158899,
    42.342031786
  ],
  ""type"": ""Point""
}",-83.2521588989999,42.3420317860001
5403,9383519,HUBBELL,EATON,2015-10-03,3,10,2015,23,7,4,9,,4,0,,2,4,4,25,4,2,2,4,0,0,0,2,false,,false,false,false,false,false,,,,,,false,false,false,,,false,false,false,false,false,-83.18871,42.39686,"{
  ""coordinates"": [
    -8.318870189700000e+01,
    4.239686249800010e+01
  ],
  ""type"": ""Point""
}","{
  ""coordinates"": [
    -83.188701897,
    42.396862498
  ],
  ""type"": ""Point""
}",-83.188701897,42.3968624980001
5404,9384110,I-94,GRAND RIVER,2015-10-03,3,10,2015,22,7,1,1,,1,1,,2,4,4,55,3,1,1,5,0,0,0,0,true,,false,false,false,false,false,,,,,,false,false,true,,,false,false,false,false,false,-83.10085,42.34968,"{
  ""coordinates"": [
    -8.310084530200000e+01,
    4.234967904300000e+01
  ],
  ""type"": ""Point""
}","{
  ""coordinates"": [
    -83.100845302,
    42.349679043
  ],
  ""type"": ""Point""
}",-83.100845302,42.349679043
5405,9383575,CASMERE,BUFFALO,2015-10-03,3,10,2015,7,7,8,9,,,3,,1,2,1,25,1,2,1,5,0,0,0,0,true,,false,false,true,false,false,,,,,,false,false,false,,,false,false,false,false,false,-83.04801,42.40704,"{
  ""coordinates"": [
    -8.304801227999999e+01,
    4.240703472800000e+01
  ],
  ""type"": ""Point""
}","{
  ""coordinates"": [
    -83.04801228,
    42.407034728
  ],
  ""type"": ""Point""
}",-83.04801228,42.407034728
5406,9383368,I-75,SCHAEFER,2015-10-03,3,10,2015,6,7,1,1,,1,1,,1,2,4,70,3,1,1,5,0,0,0,0,true,,false,false,false,false,false,,,,,,false,false,true,,,false,false,false,false,false,-83.15459,42.27769,"{
  ""coordinates"": [
    -8.315459818300000e+01,
    4.227769448100000e+01
  ],
  ""type"": ""Point""
}","{
  ""coordinates"": [
    -83.154598183,
    42.277694481
  ],
  ""type"": ""Point""
}",-83.154598183,42.277694481
5407,9387260,RAMP 139G,W M 8,2015-10-03,3,10,2015,16,7,1,1,,1,1,,2,4,1,0,3,1,1,5,0,0,0,0,true,,false,false,false,false,false,,,,,,false,false,false,,,false,false,false,false,false,-83.15468,42.38551,"{
  ""coordinates"": [
    -8.315467836499990e+01,
    4.238550451200010e+01
  ],
  ""type"": ""Point""
}","{
  ""coordinates"": [
    -83.154678365,
    42.385504512
  ],
  ""type"": ""Point""
}",-83.1546783649999,42.3855045120001
5408,9383554,JEFFERSON,VAN DYKE,2015-10-03,3,10,2015,2,7,5,9,,4,0,,1,1,4,35,7,2,1,5,0,0,0,0,true,,false,false,false,false,false,,,,,,false,false,false,,,false,false,false,false,false,-82.99508,42.35126,"{
  ""coordinates"": [
    -8.299507937399990e+01,
    4.235126308700010e+01
  ],
  ""type"": ""Point""
}","{
  ""coordinates"": [
    -82.995079374,
    42.351263087
  ],
  ""type"": ""Point""
}",-82.9950793739999,42.3512630870001
5409,9387259,RAMP 139G,W M 8,2015-10-03,3,10,2015,16,7,8,1,,1,0,,2,4,1,0,3,2,2,5,0,0,0,0,true,,false,false,false,false,false,,,,,,false,false,true,,,false,false,false,false,false,-83.15399,42.38541,"{
  ""coordinates"": [
    -8.315398976800000e+01,
    4.238540548000000e+01
  ],
  ""type"": ""Point""
}","{
  ""coordinates"": [
    -83.153989768,
    42.38540548
  ],
  ""type"": ""Point""
}",-83.153989768,42.38540548
5410,9383483,DAVISON,LIVERNOIS,2015-10-03,3,10,2015,15,7,8,3,,1,0,,2,4,1,35,6,2,3,5,0,0,0,0,true,,false,false,true,false,false,,,,,,false,false,true,,,false,false,false,false,false,-83.13946,42.38669,"{
  ""coordinates"": [
    -8.313946105600000e+01,
    4.238669299900000e+01
  ],
  ""type"": ""Point""
}","{
  ""coordinates"": [
    -83.139461056,
    42.386692999
  ],
  ""type"": ""Point""
}",-83.139461056,42.386692999
5411,9389376,SCHAEFER,CASTLETON,2015-10-03,3,10,2015,14,7,8,9,,4,0,,1,2,1,30,4,2,2,5,0,0,0,0,true,,false,false,true,false,false,,,,,,false,false,false,,,false,false,false,false,false,-83.1781,42.37628,"{
  ""coordinates"": [
    -8.317810315600001e+01,
    4.237627743700010e+01
  ],
  ""type"": ""Point""
}","{
  ""coordinates"": [
    -83.178103156,
    42.376277437
  ],
  ""type"": ""Point""
}",-83.178103156,42.3762774370001
5412,9389402,14TH,E I 94,2015-10-03,3,10,2015,13,7,4,9,,4,0,,2,4,1,30,2,2,2,5,0,0,0,0,true,,false,false,false,false,false,,,,,,false,false,true,,,false,false,false,false,false,-83.08895,42.35325,"{
  ""coordinates"": [
    -8.308895053000001e+01,
    4.235324806600000e+01
  ],
  ""type"": ""Point""
}","{
  ""coordinates"": [
    -83.08895053,
    42.353248066
  ],
  ""type"": ""Point""
}",-83.08895053,42.353248066
5413,9383535,SPRINGWELLS,BELLE,2015-10-03,3,10,2015,16,7,4,9,,,0,,2,4,1,25,1,4,4,5,0,0,0,0,true,,false,false,false,false,false,,,,,,false,false,true,,,false,false,false,false,false,-83.12933,42.31564,"{
  ""coordinates"": [
    -8.312932927799990e+01,
    4.231564034400000e+01
  ],
  ""type"": ""Point""
}","{
  ""coordinates"": [
    -83.129329278,
    42.315640344
  ],
  ""type"": ""Point""
}",-83.1293292779999,42.315640344
5414,9387377,CALVERT,HAMILTON,2015-10-03,3,10,2015,14,7,2,9,,4,2,,2,4,1,25,2,2,0,5,0,0,0,0,true,,false,false,true,false,false,,,,,,false,false,false,,,false,false,false,false,false,-83.09513,42.3861,"{
  ""coordinates"": [
    -8.309513376000000e+01,
    4.238609851700010e+01
  ],
  ""type"": ""Point""
}","{
  ""coordinates"": [
    -83.09513376,
    42.386098517
  ],
  ""type"": ""Point""
}",-83.09513376,42.3860985170001
5415,9386485,5037 ST CLAIR,WARREN,2015-10-03,3,10,2015,13,7,8,9,,,0,,1,1,1,25,1,2,0,5,0,0,0,0,true,,false,false,true,false,false,,,,,,false,false,false,,,false,false,false,false,false,-82.99255,42.38408,"{
  ""coordinates"": [
    -8.299254895900000e+01,
    4.238407970300010e+01
  ],
  ""type"": ""Point""
}","{
  ""coordinates"": [
    -82.992548959,
    42.384079703
  ],
  ""type"": ""Point""
}",-82.992548959,42.3840797030001
5416,9383479,ALTER,FRANKFORT,2015-10-03,3,10,2015,20,7,1,9,,4,0,,2,4,4,25,2,1,2,5,0,0,0,0,true,,false,false,false,false,false,,,,,,false,true,false,,,false,false,false,false,false,-82.95583,42.39857,"{
  ""coordinates"": [
    -8.295583465199999e+01,
    4.239857526300010e+01
  ],
  ""type"": ""Point""
}","{
  ""coordinates"": [
    -82.955834652,
    42.398575263
  ],
  ""type"": ""Point""
}",-82.955834652,42.3985752630001