ObjectId,Crash ID,Primary Road,Intersecting Road,Crash Date,Day,Month,Year,Hour,Weekday,Crash Type Code,Highway Classification Code,Community Code,Jurisdiction Code,Lane Departure Type Code,Surface Type,Road Condition,Weather Condition,Lighting Condition,Speed Limit,Lanes,Units,Occupants,Most Severe Injury,Fatal Injuries,Suspected Serious Injuries,Suspected Minor Injuries,Possible Injuries,Property Damage Only,Secondary Crash,Traffic Control,Red Light Run,Hit and Run,Alcohol,Drugs,Unbelted Person,Work Zone,Speeding Driver,Distracted Driver,Driveway,Pedestrian,Elderly Driver,Young Driver,Commercial Vehicle,Emergency Vehicles,Train,School Bus,Motorcycle,Bicycle,Deer,Longitude,Latitude,geom,geog,x,y
5532,9391658,WYOMING,FENKELL,2015-10-01,1,10,2015,8,5,4,9,,4,0,,1,1,1,30,6,2,2,5,0,0,0,0,true,,true,true,true,false,false,,,,,,false,false,false,,,false,false,false,false,false,-83.15968,42.40252,"{
  ""coordinates"": [
    -8.315967984500000e+01,
    4.240251362100000e+01
  ],
  ""type"": ""Point""
}","{
  ""coordinates"": [
    -83.159679845,
    42.402513621
  ],
  ""type"": ""Point""
}",-83.159679845,42.402513621
5533,9383559,MORANG,KELLY,2015-10-01,1,10,2015,20,5,4,9,,4,0,,1,1,4,35,1,2,3,5,0,0,0,0,true,,false,false,true,false,false,,,,,,false,false,true,,,false,false,false,false,false,-82.95714,42.42906,"{
  ""coordinates"": [
    -8.295714108300000e+01,
    4.242905709400000e+01
  ],
  ""type"": ""Point""
}","{
  ""coordinates"": [
    -82.957141083,
    42.429057094
  ],
  ""type"": ""Point""
}",-82.957141083,42.429057094
5534,9383499,ANNABELLE,MIAMI,2015-10-01,1,10,2015,10,5,4,9,,,0,,1,1,1,25,2,2,4,5,0,0,0,0,true,,true,false,false,false,false,,,,,,false,false,false,,,false,false,false,false,false,-83.15276,42.27238,"{
  ""coordinates"": [
    -8.315276565200000e+01,
    4.227238131800000e+01
  ],
  ""type"": ""Point""
}","{
  ""coordinates"": [
    -83.152765652,
    42.272381318
  ],
  ""type"": ""Point""
}",-83.152765652,42.272381318
5535,9382433,MOUND,MCNICHOLS,2015-10-01,1,10,2015,9,5,4,9,,2,0,,1,1,1,35,4,2,4,5,0,0,0,0,true,,false,false,false,false,false,,,,,,false,false,false,,,false,false,false,false,false,-83.04302,42.41927,"{
  ""coordinates"": [
    -8.304302002100000e+01,
    4.241926599200010e+01
  ],
  ""type"": ""Point""
}","{
  ""coordinates"": [
    -83.043020021,
    42.419265992
  ],
  ""type"": ""Point""
}",-83.043020021,42.4192659920001
5536,9382457,MACK,S I 75,2015-10-01,1,10,2015,16,5,5,9,,4,0,,1,1,1,30,5,2,9,5,0,0,0,0,true,,false,false,false,false,false,,,,,,false,false,false,,,false,false,false,false,false,-83.0481,42.35111,"{
  ""coordinates"": [
    -8.304809946899999e+01,
    4.235110666400000e+01
  ],
  ""type"": ""Point""
}","{
  ""coordinates"": [
    -83.048099469,
    42.351106664
  ],
  ""type"": ""Point""
}",-83.048099469,42.351106664
5537,9387218,W I 94,RAMP 216I,2015-10-01,1,10,2015,12,5,8,1,,1,0,,1,1,1,55,2,2,1,5,0,0,0,0,true,,false,false,true,false,false,,,,,,false,false,false,,,false,false,false,false,false,-83.06226,42.36665,"{
  ""coordinates"": [
    -8.306226347700000e+01,
    4.236664885000000e+01
  ],
  ""type"": ""Point""
}","{
  ""coordinates"": [
    -83.062263477,
    42.36664885
  ],
  ""type"": ""Point""
}",-83.062263477,42.36664885
5538,9383563,7MILE,MAPLEVIEW,2015-10-01,1,10,2015,6,5,2,9,,4,2,,1,1,4,20,1,2,0,5,0,0,0,0,true,,false,false,true,false,false,,,,,,false,false,false,,,false,false,false,false,false,-82.98389,42.43493,"{
  ""coordinates"": [
    -8.298388677900000e+01,
    4.243493361400000e+01
  ],
  ""type"": ""Point""
}","{
  ""coordinates"": [
    -82.983886779,
    42.434933614
  ],
  ""type"": ""Point""
}",-82.983886779,42.434933614
5539,9387248,WB I-96,SCHAEFER,2015-10-01,1,10,2015,13,5,5,1,,1,0,,1,1,1,70,3,3,2,4,0,0,0,1,false,,false,false,true,false,false,,,,,,false,false,true,,,false,false,false,false,false,-83.17942,42.38308,"{
  ""coordinates"": [
    -8.317942161400001e+01,
    4.238308105700000e+01
  ],
  ""type"": ""Point""
}","{
  ""coordinates"": [
    -83.179421614,
    42.383081057
  ],
  ""type"": ""Point""
}",-83.179421614,42.383081057
5540,9383570,KENTUCKY,MARYGROVE,2015-10-01,1,10,2015,2,5,4,9,,,0,,1,1,4,35,1,2,1,5,0,0,0,0,true,,false,false,false,false,false,,,,,,false,false,false,,,false,false,false,false,false,-83.1591,42.4138,"{
  ""coordinates"": [
    -8.315910095600000e+01,
    4.241379961700010e+01
  ],
  ""type"": ""Point""
}","{
  ""coordinates"": [
    -83.159100956,
    42.413799617
  ],
  ""type"": ""Point""
}",-83.159100956,42.4137996170001
5541,9382439,8 MILE,MOHICAN,2015-10-01,1,10,2015,17,5,4,3,,1,0,,1,1,1,40,4,2,2,5,0,0,0,0,true,,false,false,false,false,false,,,,,,false,false,true,,,false,false,false,false,false,-82.97081,42.44967,"{
  ""coordinates"": [
    -8.297081290499990e+01,
    4.244967441200000e+01
  ],
  ""type"": ""Point""
}","{
  ""coordinates"": [
    -82.970812905,
    42.449674412
  ],
  ""type"": ""Point""
}",-82.9708129049999,42.449674412
5542,9406510,7 MILE,TELEGRAPH,2015-10-01,1,10,2015,17,5,4,2,,2,0,,1,1,1,35,4,2,2,5,0,0,0,0,true,,false,false,false,false,false,,,,,,false,false,true,,,false,false,false,false,false,-83.27806,42.42892,"{
  ""coordinates"": [
    -8.327806108199999e+01,
    4.242892229500010e+01
  ],
  ""type"": ""Point""
}","{
  ""coordinates"": [
    -83.278061082,
    42.428922295
  ],
  ""type"": ""Point""
}",-83.278061082,42.4289222950001
5543,9383469,JEFFERSON,PARKER,2015-10-01,1,10,2015,17,5,5,9,,4,0,,1,1,1,35,7,2,3,5,0,0,0,0,true,,false,false,true,false,false,,,,,,false,false,false,,,false,false,false,false,false,-82.99404,42.35193,"{
  ""coordinates"": [
    -8.299404524600000e+01,
    4.235193217300010e+01
  ],
  ""type"": ""Point""
}","{
  ""coordinates"": [
    -82.994045246,
    42.351932173
  ],
  ""type"": ""Point""
}",-82.994045246,42.3519321730001
5544,9382482,EVERGREEN,E I 96,2015-10-01,1,10,2015,16,5,5,9,,4,0,,1,1,1,35,6,2,8,4,0,0,0,2,false,,false,false,false,false,false,,,,,,false,false,false,,,false,false,false,false,false,-83.23663,42.38023,"{
  ""coordinates"": [
    -8.323663585400000e+01,
    4.238022616500010e+01
  ],
  ""type"": ""Point""
}","{
  ""coordinates"": [
    -83.236635854,
    42.380226165
  ],
  ""type"": ""Point""
}",-83.236635854,42.3802261650001
5545,9386454,M10,MARGARETA,2015-10-01,1,10,2015,13,5,8,9,,4,0,,1,1,1,55,3,2,4,4,0,0,0,2,false,,false,false,false,false,false,,,,,,false,false,true,,,false,false,false,false,false,-83.18301,42.42769,"{
  ""coordinates"": [
    -8.318301526300000e+01,
    4.242769041600010e+01
  ],
  ""type"": ""Point""
}","{
  ""coordinates"": [
    -83.183015263,
    42.427690416
  ],
  ""type"": ""Point""
}",-83.183015263,42.4276904160001
5546,9390418,WYOMING,INTERVALE,2015-10-01,1,10,2015,10,5,5,9,,4,0,,1,1,1,35,5,2,2,4,0,0,0,2,false,,false,false,true,false,false,,,,,,false,false,false,,,false,false,false,false,false,-83.1592,42.39168,"{
  ""coordinates"": [
    -8.315920256200000e+01,
    4.239167706000010e+01
  ],
  ""type"": ""Point""
}","{
  ""coordinates"": [
    -83.159202562,
    42.39167706
  ],
  ""type"": ""Point""
}",-83.159202562,42.3916770600001
5547,9382281,I 75 N/B,MILWAUKEE,2015-10-01,1,10,2015,19,5,1,1,,1,1,,1,1,5,55,3,1,1,5,0,0,0,0,true,,false,false,false,false,false,,,,,,false,false,false,,,false,false,false,false,false,-83.05874,42.37029,"{
  ""coordinates"": [
    -8.305874013899999e+01,
    4.237028592400000e+01
  ],
  ""type"": ""Point""
}","{
  ""coordinates"": [
    -83.058740139,
    42.370285924
  ],
  ""type"": ""Point""
}",-83.058740139,42.370285924
5548,9382279,NB M-39,7 MILE,2015-10-01,1,10,2015,8,5,5,3,,1,0,,1,1,1,55,3,3,3,5,0,0,0,0,true,,false,false,false,false,false,,,,,,false,false,true,,,false,false,false,false,false,-83.21928,42.43146,"{
  ""coordinates"": [
    -8.321927992400001e+01,
    4.243146240500000e+01
  ],
  ""type"": ""Point""
}","{
  ""coordinates"": [
    -83.219279924,
    42.431462405
  ],
  ""type"": ""Point""
}",-83.219279924,42.431462405
5549,9386273,I-94,CONOR,2015-10-01,1,10,2015,13,5,5,1,,1,0,,1,1,1,55,3,2,1,4,0,0,0,1,false,,false,false,true,false,false,,,,,,false,false,true,,,false,false,false,false,false,-83.02988,42.38331,"{
  ""coordinates"": [
    -8.302987747500001e+01,
    4.238331084300010e+01
  ],
  ""type"": ""Point""
}","{
  ""coordinates"": [
    -83.029877475,
    42.383310843
  ],
  ""type"": ""Point""
}",-83.029877475,42.3833108430001
5550,9383528,HUBBELL,FULLERTON,2015-10-01,1,10,2015,17,5,3,9,,4,0,,1,2,1,30,4,2,1,5,0,0,0,0,true,,false,false,true,false,false,,,,,,false,true,false,,,false,false,false,false,false,-83.18805,42.38005,"{
  ""coordinates"": [
    -8.318804568199990e+01,
    4.238004962500000e+01
  ],
  ""type"": ""Point""
}","{
  ""coordinates"": [
    -83.188045682,
    42.380049625
  ],
  ""type"": ""Point""
}",-83.1880456819999,42.380049625
5551,9382312,I-96,GRAND,2015-10-01,1,10,2015,9,5,5,1,,1,0,,1,1,1,70,4,2,3,4,0,0,0,1,false,,false,false,false,false,false,,,,,,false,false,true,,,false,false,false,false,false,-83.10602,42.35405,"{
  ""coordinates"": [
    -8.310602151599990e+01,
    4.235404732100010e+01
  ],
  ""type"": ""Point""
}","{
  ""coordinates"": [
    -83.106021516,
    42.354047321
  ],
  ""type"": ""Point""
}",-83.1060215159999,42.3540473210001
5552,9383496,BAGLEY,SCOTTEN,2015-10-01,1,10,2015,7,5,4,9,,,0,,1,1,1,25,2,2,2,5,0,0,0,0,true,,false,false,false,false,false,,,,,,false,false,false,,,false,false,false,false,false,-83.09342,42.3203,"{
  ""coordinates"": [
    -8.309342045999990e+01,
    4.232029608300010e+01
  ],
  ""type"": ""Point""
}","{
  ""coordinates"": [
    -83.09342046,
    42.320296083
  ],
  ""type"": ""Point""
}",-83.0934204599999,42.3202960830001
5553,9382464,FORT,ELSMERE,2015-10-01,1,10,2015,23,5,1,3,,1,1,,1,2,4,30,5,1,2,2,0,1,1,0,false,,false,false,false,false,false,,,,,,false,false,false,,,false,false,false,false,false,-83.12699,42.29718,"{
  ""coordinates"": [
    -8.312699367099999e+01,
    4.229717801300010e+01
  ],
  ""type"": ""Point""
}","{
  ""coordinates"": [
    -83.126993671,
    42.297178013
  ],
  ""type"": ""Point""
}",-83.126993671,42.2971780130001
5554,9382456,MOUNT ELLIOTT,LARNED,2015-10-01,1,10,2015,15,5,4,9,,4,0,,1,1,1,30,4,2,2,4,0,0,0,1,false,,true,true,true,false,false,,,,,,false,false,false,,,false,false,false,false,false,-83.01045,42.3444,"{
  ""coordinates"": [
    -8.301044964700000e+01,
    4.234440189800010e+01
  ],
  ""type"": ""Point""
}","{
  ""coordinates"": [
    -83.010449647,
    42.344401898
  ],
  ""type"": ""Point""
}",-83.010449647,42.3444018980001
5555,9396898,EVERGREEN,LYNDON,2015-10-01,1,10,2015,18,5,5,9,,4,0,,1,1,1,35,1,2,2,5,0,0,0,0,true,,false,false,false,false,false,,,,,,false,true,false,,,false,false,false,false,false,-83.23713,42.39342,"{
  ""coordinates"": [
    -8.323712705199991e+01,
    4.239341860200010e+01
  ],
  ""type"": ""Point""
}","{
  ""coordinates"": [
    -83.237127052,
    42.393418602
  ],
  ""type"": ""Point""
}",-83.2371270519999,42.3934186020001
5556,9382440,FOREST,CADILLAC,2015-10-01,1,10,2015,20,5,1,9,,4,0,,1,1,4,45,2,1,1,4,0,0,0,1,false,,false,false,false,false,false,,,,,,false,false,false,,,false,false,false,false,false,-82.99535,42.38012,"{
  ""coordinates"": [
    -8.299534473900000e+01,
    4.238011854500010e+01
  ],
  ""type"": ""Point""
}","{
  ""coordinates"": [
    -82.995344739,
    42.380118545
  ],
  ""type"": ""Point""
}",-82.995344739,42.3801185450001
5557,9382323,RAMP 214E,W I 94,2015-10-01,1,10,2015,9,5,5,1,,1,0,,1,1,1,55,1,2,2,5,0,0,0,0,true,,false,false,false,false,false,,,,,,false,true,false,,,false,false,false,false,false,-83.08311,42.35531,"{
  ""coordinates"": [
    -8.308311752700000e+01,
    4.235531224100000e+01
  ],
  ""type"": ""Point""
}","{
  ""coordinates"": [
    -83.083117527,
    42.355312241
  ],
  ""type"": ""Point""
}",-83.083117527,42.355312241
5558,9382324,I-94,I-75,2015-10-01,1,10,2015,11,5,8,1,,1,0,,1,1,1,55,3,2,2,5,0,0,0,0,true,,false,false,false,false,false,,,,,,false,false,true,,,false,false,false,false,false,-83.0597,42.36752,"{
  ""coordinates"": [
    -8.305969895500000e+01,
    4.236751727500010e+01
  ],
  ""type"": ""Point""
}","{
  ""coordinates"": [
    -83.059698955,
    42.367517275
  ],
  ""type"": ""Point""
}",-83.059698955,42.3675172750001
5559,9391516,W I 96,SCOTTEN,2015-10-01,1,10,2015,21,5,1,1,,1,0,,1,1,4,70,4,1,1,5,0,0,0,0,true,,false,false,false,false,false,,,,,,false,false,false,,,false,false,false,false,false,-83.11195,42.35669,"{
  ""coordinates"": [
    -8.311194650200000e+01,
    4.235669259500000e+01
  ],
  ""type"": ""Point""
}","{
  ""coordinates"": [
    -83.111946502,
    42.356692595
  ],
  ""type"": ""Point""
}",-83.111946502,42.356692595
5560,9382489,I 75,DAVISON SERVICE,2015-10-01,1,10,2015,18,5,8,1,,1,0,,1,1,1,55,4,2,1,5,0,0,0,0,true,,false,false,true,false,false,,,,,,false,false,false,,,false,false,false,false,false,-83.07924,42.40866,"{
  ""coordinates"": [
    -8.307923708200001e+01,
    4.240866178100000e+01
  ],
  ""type"": ""Point""
}","{
  ""coordinates"": [
    -83.079237082,
    42.408661781
  ],
  ""type"": ""Point""
}",-83.079237082,42.408661781
5561,9387223,NB M-39,7 MILE,2015-10-01,1,10,2015,17,5,5,3,,1,0,,1,1,1,55,3,3,3,5,0,0,0,0,true,,false,false,false,false,false,,,,,,false,false,false,,,false,false,false,false,false,-83.2194,42.43436,"{
  ""coordinates"": [
    -8.321939514800000e+01,
    4.243436419400010e+01
  ],
  ""type"": ""Point""
}","{
  ""coordinates"": [
    -83.219395148,
    42.434364194
  ],
  ""type"": ""Point""
}",-83.219395148,42.4343641940001
5562,9383536,MICHIGAN,LONYO,2015-10-01,1,10,2015,7,5,5,2,,1,0,,1,1,1,35,7,2,2,5,0,0,0,0,true,,false,false,false,false,false,,,,,,false,false,false,,,false,false,false,false,false,-83.14453,42.33043,"{
  ""coordinates"": [
    -8.314453451000000e+01,
    4.233043405700000e+01
  ],
  ""type"": ""Point""
}","{
  ""coordinates"": [
    -83.14453451,
    42.330434057
  ],
  ""type"": ""Point""
}",-83.14453451,42.330434057
5563,9382461,TIREMAN,MEMORIAL,2015-10-01,1,10,2015,10,5,1,9,,4,1,,1,1,1,30,2,1,1,4,0,0,0,1,false,,false,false,false,false,false,,,,,,false,false,true,,,false,false,false,false,false,-83.21074,42.35069,"{
  ""coordinates"": [
    -8.321073611000000e+01,
    4.235069078100000e+01
  ],
  ""type"": ""Point""
}","{
  ""coordinates"": [
    -83.21073611,
    42.350690781
  ],
  ""type"": ""Point""
}",-83.21073611,42.350690781
5564,9397864,2ND,CANADIAN NATIONAL RAILWAY,2015-10-01,1,10,2015,15,5,5,9,,4,0,,1,1,1,25,2,2,2,5,0,0,0,0,true,,false,false,false,false,false,,,,,,false,false,false,,,false,false,false,false,false,-83.07541,42.36684,"{
  ""coordinates"": [
    -8.307541265299990e+01,
    4.236683568200000e+01
  ],
  ""type"": ""Point""
}","{
  ""coordinates"": [
    -83.075412653,
    42.366835682
  ],
  ""type"": ""Point""
}",-83.0754126529999,42.366835682
5565,9396814,SEVEN MILE,FIELDING,2015-10-01,1,10,2015,7,5,5,9,,2,0,,1,1,1,35,4,2,4,5,0,0,0,0,true,,false,false,false,false,true,,,,,,false,false,true,,,false,false,false,false,false,-83.24429,42.42944,"{
  ""coordinates"": [
    -8.324429101600001e+01,
    4.242943970700000e+01
  ],
  ""type"": ""Point""
}","{
  ""coordinates"": [
    -83.244291016,
    42.429439707
  ],
  ""type"": ""Point""
}",-83.244291016,42.429439707
5566,9387229,W I 96,FULLERTON,2015-10-01,1,10,2015,12,5,1,1,,1,0,,1,1,1,70,3,1,1,5,0,0,0,0,true,,false,false,false,false,false,,,,,,false,false,false,,,false,false,false,false,false,-83.14678,42.38128,"{
  ""coordinates"": [
    -8.314678130700000e+01,
    4.238128234100000e+01
  ],
  ""type"": ""Point""
}","{
  ""coordinates"": [
    -83.146781307,
    42.381282341
  ],
  ""type"": ""Point""
}",-83.146781307,42.381282341
5567,9382265,S/B I-75,HOLBROOK,2015-10-01,1,10,2015,20,5,1,1,,1,1,,1,1,4,70,4,1,1,5,0,0,0,0,true,,false,false,false,false,false,,,,,,false,false,false,,,false,false,false,false,false,-83.06873,42.38704,"{
  ""coordinates"": [
    -8.306872873600000e+01,
    4.238703997800010e+01
  ],
  ""type"": ""Point""
}","{
  ""coordinates"": [
    -83.068728736,
    42.387039978
  ],
  ""type"": ""Point""
}",-83.068728736,42.3870399780001
5568,9383473,FOREST,MT ELLIOTT,2015-10-01,1,10,2015,12,5,6,9,,4,0,,1,1,1,30,3,2,4,4,0,0,0,2,false,,false,false,true,false,false,,,,,,false,false,false,,,false,false,false,false,false,-83.02631,42.36836,"{
  ""coordinates"": [
    -8.302630748900000e+01,
    4.236836264500000e+01
  ],
  ""type"": ""Point""
}","{
  ""coordinates"": [
    -83.026307489,
    42.368362645
  ],
  ""type"": ""Point""
}",-83.026307489,42.368362645
5569,9382253,SAVANNAH,JOHN R,2015-10-01,1,10,2015,3,5,1,9,,,1,,1,1,5,25,1,1,2,5,0,0,0,0,true,,false,false,false,false,false,,,,,,false,false,true,,,false,false,false,false,false,-83.10134,42.42545,"{
  ""coordinates"": [
    -8.310134033500000e+01,
    4.242544848300000e+01
  ],
  ""type"": ""Point""
}","{
  ""coordinates"": [
    -83.101340335,
    42.425448483
  ],
  ""type"": ""Point""
}",-83.101340335,42.425448483
5570,9409927,WOODWARD,WILLIS,2015-10-01,1,10,2015,15,5,5,3,,1,0,,1,1,1,30,1,2,2,5,0,0,0,0,true,,false,false,false,false,false,,,,,,false,false,true,,,false,false,false,false,false,-83.06107,42.35216,"{
  ""coordinates"": [
    -8.306107509600000e+01,
    4.235216175800010e+01
  ],
  ""type"": ""Point""
}","{
  ""coordinates"": [
    -83.061075096,
    42.352161758
  ],
  ""type"": ""Point""
}",-83.061075096,42.3521617580001
5571,9399304,WARREN,TRUMBULL,2015-10-01,1,10,2015,18,5,5,9,,4,0,,1,1,1,35,3,2,2,5,0,0,0,0,true,,false,false,false,false,false,,,,,,false,false,true,,,false,false,false,false,false,-83.07892,42.35202,"{
  ""coordinates"": [
    -8.307891505100000e+01,
    4.235202485000010e+01
  ],
  ""type"": ""Point""
}","{
  ""coordinates"": [
    -83.078915051,
    42.35202485
  ],
  ""type"": ""Point""
}",-83.078915051,42.3520248500001
5572,9408668,ROSSINI,BROCK,2015-10-01,1,10,2015,17,5,4,9,,,0,,1,1,1,25,2,2,2,4,0,0,0,1,false,,false,false,false,false,false,,,,,,false,false,true,,,false,false,false,false,false,-82.96336,42.44368,"{
  ""coordinates"": [
    -8.296336102100000e+01,
    4.244368465400000e+01
  ],
  ""type"": ""Point""
}","{
  ""coordinates"": [
    -82.963361021,
    42.443684654
  ],
  ""type"": ""Point""
}",-82.963361021,42.443684654
5573,9396891,KENTFIELD,CLARITA,2015-10-01,1,10,2015,12,5,4,9,,,0,,1,1,1,25,2,2,2,5,0,0,0,0,true,,false,false,false,false,false,,,,,,false,false,true,,,false,false,false,false,false,-83.24174,42.42714,"{
  ""coordinates"": [
    -8.324174795000000e+01,
    4.242713594600010e+01
  ],
  ""type"": ""Point""
}","{
  ""coordinates"": [
    -83.24174795,
    42.427135946
  ],
  ""type"": ""Point""
}",-83.24174795,42.4271359460001
5574,9386486,FULLERTON,OAKMAN,2015-10-01,1,10,2015,5,5,4,9,,4,0,,1,1,2,35,5,2,2,5,0,0,0,0,true,,true,true,false,false,false,,,,,,false,false,false,,,false,false,false,false,false,-83.14391,42.38108,"{
  ""coordinates"": [
    -8.314390256500000e+01,
    4.238108615800010e+01
  ],
  ""type"": ""Point""
}","{
  ""coordinates"": [
    -83.143902565,
    42.381086158
  ],
  ""type"": ""Point""
}",-83.143902565,42.3810861580001
5575,9396842,TELEGRAPH,BENNETT,2015-10-01,1,10,2015,9,5,8,2,,1,0,,1,1,1,45,3,2,2,5,0,0,0,0,true,,false,false,false,false,false,,,,,,false,false,true,,,false,false,false,false,false,-83.27757,42.41909,"{
  ""coordinates"": [
    -8.327757308699999e+01,
    4.241909533200000e+01
  ],
  ""type"": ""Point""
}","{
  ""coordinates"": [
    -83.277573087,
    42.419095332
  ],
  ""type"": ""Point""
}",-83.277573087,42.419095332
5576,9399405,LAHSER,GROVE,2015-10-01,1,10,2015,11,5,4,9,,2,0,,1,1,1,35,4,2,3,5,0,0,0,0,true,,true,false,true,false,false,,,,,,false,false,false,,,false,false,false,false,false,-83.25738,42.41285,"{
  ""coordinates"": [
    -8.325737429899991e+01,
    4.241285173400010e+01
  ],
  ""type"": ""Point""
}","{
  ""coordinates"": [
    -83.257374299,
    42.412851734
  ],
  ""type"": ""Point""
}",-83.2573742989999,42.4128517340001
5577,9387247,RAMP 211A,E I 94,2015-10-01,1,10,2015,7,5,5,1,,1,0,,1,1,2,55,3,2,2,5,0,0,0,0,true,,false,false,false,false,false,,,,,,false,false,true,,,false,false,false,false,false,-83.15219,42.32973,"{
  ""coordinates"": [
    -8.315218958299990e+01,
    4.232972978700010e+01
  ],
  ""type"": ""Point""
}","{
  ""coordinates"": [
    -83.152189583,
    42.329729787
  ],
  ""type"": ""Point""
}",-83.1521895829999,42.3297297870001
5578,9393382,SCHEAFER,LYNDON,2015-09-30,30,9,2015,0,4,1,9,,4,1,,1,1,4,35,4,1,0,5,0,0,0,0,true,,false,false,true,false,false,,,,,,false,false,false,,,false,true,false,false,false,-83.17882,42.39543,"{
  ""coordinates"": [
    -8.317881924300001e+01,
    4.239543261700000e+01
  ],
  ""type"": ""Point""
}","{
  ""coordinates"": [
    -83.178819243,
    42.395432617
  ],
  ""type"": ""Point""
}",-83.178819243,42.395432617
5579,9381465,JEFFERSON,CONSOLIDATED RAIL CORPORATION,2015-09-30,30,9,2015,15,4,8,9,,4,0,,1,1,1,35,3,2,1,5,0,0,0,0,true,,false,false,true,false,false,,,,,,false,false,false,,,false,false,false,false,false,-83.12127,42.28762,"{
  ""coordinates"": [
    -8.312126935200000e+01,
    4.228761670100000e+01
  ],
  ""type"": ""Point""
}","{
  ""coordinates"": [
    -83.121269352,
    42.287616701
  ],
  ""type"": ""Point""
}",-83.121269352,42.287616701
5580,9388493,STATE FAIR,PELKEY,2015-09-30,30,9,2015,15,4,4,9,,4,0,,1,1,1,30,4,2,4,5,0,0,0,0,true,,true,false,false,false,false,,,,,,false,false,false,,,false,false,false,false,false,-82.9866,42.44216,"{
  ""coordinates"": [
    -8.298660242100000e+01,
    4.244216277900010e+01
  ],
  ""type"": ""Point""
}","{
  ""coordinates"": [
    -82.986602421,
    42.442162779
  ],
  ""type"": ""Point""
}",-82.986602421,42.4421627790001
5581,9382451,GRAND,BRUSH,2015-09-30,30,9,2015,18,4,4,9,,4,0,,1,2,1,25,4,2,2,5,0,0,0,0,true,,false,false,false,false,false,,,,,,false,false,false,,,false,false,false,false,false,-83.06876,42.37204,"{
  ""coordinates"": [
    -8.306876133299990e+01,
    4.237204366800010e+01
  ],
  ""type"": ""Point""
}","{
  ""coordinates"": [
    -83.068761333,
    42.372043668
  ],
  ""type"": ""Point""
}",-83.0687613329999,42.3720436680001
5582,9382310,I-96,BUCHANAN,2015-09-30,30,9,2015,7,4,5,1,,1,0,,1,1,2,55,4,2,2,4,0,0,0,1,false,,false,false,false,false,false,,,,,,false,false,false,,,false,false,false,false,false,-83.09506,42.34328,"{
  ""coordinates"": [
    -8.309506004000001e+01,
    4.234327874200010e+01
  ],
  ""type"": ""Point""
}","{
  ""coordinates"": [
    -83.09506004,
    42.343278742
  ],
  ""type"": ""Point""
}",-83.09506004,42.3432787420001
5583,9382309,I-94,DICKERSON,2015-09-30,30,9,2015,6,4,5,1,,1,0,,1,1,4,55,3,2,2,5,0,0,0,0,true,,false,false,false,false,false,,,,,,false,false,true,,,false,false,false,false,false,-82.97345,42.40151,"{
  ""coordinates"": [
    -8.297345136099990e+01,
    4.240150967700000e+01
  ],
  ""type"": ""Point""
}","{
  ""coordinates"": [
    -82.973451361,
    42.401509677
  ],
  ""type"": ""Point""
}",-82.9734513609999,42.401509677
5584,9390432,ASHTON,WARREN,2015-09-30,30,9,2015,17,4,97,9,,,0,,1,1,1,25,1,2,2,5,0,0,0,0,true,,false,false,false,false,false,,,,,,false,false,false,,,false,false,false,false,false,-83.21716,42.34349,"{
  ""coordinates"": [
    -8.321716560999990e+01,
    4.234348885400000e+01
  ],
  ""type"": ""Point""
}","{
  ""coordinates"": [
    -83.21716561,
    42.343488854
  ],
  ""type"": ""Point""
}",-83.2171656099999,42.343488854
5585,9396890,LAHSER,FENKELL,2015-09-30,30,9,2015,14,4,4,9,,2,0,,1,1,1,35,4,3,4,4,0,0,0,1,false,,true,true,false,false,false,,,,,,false,true,true,,,false,false,false,false,false,-83.25683,42.40029,"{
  ""coordinates"": [
    -8.325682455399991e+01,
    4.240028786700000e+01
  ],
  ""type"": ""Point""
}","{
  ""coordinates"": [
    -83.256824554,
    42.400287867
  ],
  ""type"": ""Point""
}",-83.2568245539999,42.400287867
5586,9390245,W M 8,DEQUINDRE,2015-09-30,30,9,2015,16,4,1,3,,1,1,,1,1,1,55,3,1,1,1,1,0,0,0,false,,false,false,false,false,false,,,,,,false,false,true,,,false,false,false,false,false,-83.07626,42.4096,"{
  ""coordinates"": [
    -8.307626288499991e+01,
    4.240959962100000e+01
  ],
  ""type"": ""Point""
}","{
  ""coordinates"": [
    -83.076262885,
    42.409599621
  ],
  ""type"": ""Point""
}",-83.0762628849999,42.409599621
5587,9396799,S M 39,8 MILE,2015-09-30,30,9,2015,10,4,4,3,,1,0,,1,1,1,45,3,2,2,4,0,0,0,1,false,,true,true,false,false,false,,,,,,false,true,false,,,false,false,false,false,false,-83.2198,42.4442,"{
  ""coordinates"": [
    -8.321979460300000e+01,
    4.244419867100000e+01
  ],
  ""type"": ""Point""
}","{
  ""coordinates"": [
    -83.219794603,
    42.444198671
  ],
  ""type"": ""Point""
}",-83.219794603,42.444198671
5588,9382463,JOHN C LODGE SER,WARREN,2015-09-30,30,9,2015,10,4,6,9,,4,0,,1,1,1,25,2,2,2,5,0,0,0,0,true,,false,false,false,false,false,,,,,,false,false,false,,,false,false,false,false,false,-83.07304,42.35397,"{
  ""coordinates"": [
    -8.307304070100000e+01,
    4.235397392100000e+01
  ],
  ""type"": ""Point""
}","{
  ""coordinates"": [
    -83.073040701,
    42.353973921
  ],
  ""type"": ""Point""
}",-83.073040701,42.353973921