ObjectId,Crash ID,Primary Road,Intersecting Road,Crash Date,Day,Month,Year,Hour,Weekday,Crash Type Code,Highway Classification Code,Community Code,Jurisdiction Code,Lane Departure Type Code,Surface Type,Road Condition,Weather Condition,Lighting Condition,Speed Limit,Lanes,Units,Occupants,Most Severe Injury,Fatal Injuries,Suspected Serious Injuries,Suspected Minor Injuries,Possible Injuries,Property Damage Only,Secondary Crash,Traffic Control,Red Light Run,Hit and Run,Alcohol,Drugs,Unbelted Person,Work Zone,Speeding Driver,Distracted Driver,Driveway,Pedestrian,Elderly Driver,Young Driver,Commercial Vehicle,Emergency Vehicles,Train,School Bus,Motorcycle,Bicycle,Deer,Longitude,Latitude,geom,geog,x,y
5817,9379364,LAHSER,FENKELL,2015-09-26,26,9,2015,23,7,4,9,,2,0,,1,1,4,35,4,2,4,2,0,1,1,0,false,,false,false,false,true,true,,,,,,false,false,false,,,false,false,false,false,false,-83.25683,42.40038,"{
  ""coordinates"": [
    -8.325682809900000e+01,
    4.240037511000000e+01
  ],
  ""type"": ""Point""
}","{
  ""coordinates"": [
    -83.256828099,
    42.40037511
  ],
  ""type"": ""Point""
}",-83.256828099,42.40037511
5818,9414783,THREE MILE,FRANKFORT,2015-09-26,26,9,2015,20,7,5,9,,,0,,1,1,4,25,2,2,2,4,0,0,0,2,false,,false,false,false,false,false,,,,,,false,false,true,,,false,false,false,false,false,-82.94106,42.40405,"{
  ""coordinates"": [
    -8.294106666600000e+01,
    4.240405236600000e+01
  ],
  ""type"": ""Point""
}","{
  ""coordinates"": [
    -82.941066666,
    42.404052366
  ],
  ""type"": ""Point""
}",-82.941066666,42.404052366
5819,9378338,CONANT,DAVISON,2015-09-26,26,9,2015,2,7,4,3,,4,0,,1,1,5,35,4,2,3,3,0,0,2,1,false,,true,true,false,false,false,,,,,,false,false,false,,,false,false,false,false,false,-83.06148,42.41552,"{
  ""coordinates"": [
    -8.306147802899990e+01,
    4.241551952300010e+01
  ],
  ""type"": ""Point""
}","{
  ""coordinates"": [
    -83.061478029,
    42.415519523
  ],
  ""type"": ""Point""
}",-83.0614780289999,42.4155195230001
5820,9378388,MACK,CADILLAC,2015-09-26,26,9,2015,16,7,4,9,,4,0,,1,1,1,30,4,2,5,5,0,0,0,0,true,,false,false,false,false,false,,,,,,false,false,true,,,false,false,false,false,false,-82.99099,42.37348,"{
  ""coordinates"": [
    -8.299098703200001e+01,
    4.237348214200010e+01
  ],
  ""type"": ""Point""
}","{
  ""coordinates"": [
    -82.990987032,
    42.373482142
  ],
  ""type"": ""Point""
}",-82.990987032,42.3734821420001
5821,9378407,LIVERNOIS,EATON,2015-09-26,26,9,2015,14,7,8,9,,4,0,,1,1,1,35,3,2,2,5,0,0,0,0,true,,false,false,true,true,true,,,,,,false,false,false,,,false,false,false,false,false,-83.14014,42.39808,"{
  ""coordinates"": [
    -8.314013669100000e+01,
    4.239807564200000e+01
  ],
  ""type"": ""Point""
}","{
  ""coordinates"": [
    -83.140136691,
    42.398075642
  ],
  ""type"": ""Point""
}",-83.140136691,42.398075642
5822,9382452,LAFAYETTE,14TH,2015-09-26,26,9,2015,17,7,9,9,,4,0,,1,1,1,25,1,2,2,5,0,0,0,0,true,,false,false,false,false,false,,,,,,false,false,false,,,false,false,false,false,false,-83.07053,42.32193,"{
  ""coordinates"": [
    -8.307053603700000e+01,
    4.232192619500010e+01
  ],
  ""type"": ""Point""
}","{
  ""coordinates"": [
    -83.070536037,
    42.321926195
  ],
  ""type"": ""Point""
}",-83.070536037,42.3219261950001
5823,9378386,RUSSELL,CANIFF,2015-09-26,26,9,2015,2,7,1,9,,,0,,1,1,4,35,6,1,3,4,0,0,0,1,false,,false,false,false,false,false,,,,,,false,false,false,,,false,false,false,false,false,-83.07298,42.39474,"{
  ""coordinates"": [
    -8.307298064100000e+01,
    4.239474039800010e+01
  ],
  ""type"": ""Point""
}","{
  ""coordinates"": [
    -83.072980641,
    42.394740398
  ],
  ""type"": ""Point""
}",-83.072980641,42.3947403980001
5824,9378370,OUTER,CONANT,2015-09-26,26,9,2015,9,7,4,9,,2,0,,1,1,1,35,7,2,3,5,0,0,0,0,true,,true,true,false,false,false,,,,,,false,false,false,,,false,false,false,false,false,-83.07878,42.44007,"{
  ""coordinates"": [
    -8.307878413000000e+01,
    4.244006587100010e+01
  ],
  ""type"": ""Point""
}","{
  ""coordinates"": [
    -83.07878413,
    42.440065871
  ],
  ""type"": ""Point""
}",-83.07878413,42.4400658710001
5825,9378088,N/B M-39,GRAND RIVER,2015-09-26,26,9,2015,0,7,1,3,,1,1,,1,1,4,55,3,1,1,5,0,0,0,0,true,,false,false,false,false,false,,,,,,false,false,false,,,false,false,false,false,false,-83.21819,42.40039,"{
  ""coordinates"": [
    -8.321819376799991e+01,
    4.240038935100010e+01
  ],
  ""type"": ""Point""
}","{
  ""coordinates"": [
    -83.218193768,
    42.400389351
  ],
  ""type"": ""Point""
}",-83.2181937679999,42.4003893510001
5826,9380577,BEECHWOOD,VANCOUVER,2015-09-26,26,9,2015,23,7,4,9,,4,0,,1,1,4,25,2,2,2,5,0,0,0,0,true,,true,false,false,false,false,,,,,,false,false,false,,,false,false,false,false,false,-83.12275,42.35795,"{
  ""coordinates"": [
    -8.312274593500000e+01,
    4.235795288700010e+01
  ],
  ""type"": ""Point""
}","{
  ""coordinates"": [
    -83.122745935,
    42.357952887
  ],
  ""type"": ""Point""
}",-83.122745935,42.3579528870001
5827,9378381,SEWARD,3RD,2015-09-26,26,9,2015,2,7,8,9,,,0,,1,1,4,25,3,2,3,5,0,0,0,0,true,,false,false,true,false,false,,,,,,false,false,false,,,false,false,false,false,false,-83.0827,42.37285,"{
  ""coordinates"": [
    -8.308270228899990e+01,
    4.237285040600010e+01
  ],
  ""type"": ""Point""
}","{
  ""coordinates"": [
    -83.082702289,
    42.372850406
  ],
  ""type"": ""Point""
}",-83.0827022889999,42.3728504060001
5828,9399177,GRATIOT,BROADWAY,2015-09-26,26,9,2015,21,7,4,9,,4,0,,1,1,4,35,3,2,2,5,0,0,0,0,true,,false,false,false,true,false,,,,,,false,false,false,,,false,false,false,false,false,-83.04562,42.33469,"{
  ""coordinates"": [
    -8.304562721799989e+01,
    4.233468904400010e+01
  ],
  ""type"": ""Point""
}","{
  ""coordinates"": [
    -83.045627218,
    42.334689044
  ],
  ""type"": ""Point""
}",-83.0456272179999,42.3346890440001
5829,9418838,EDINBOROUGH,MCNICHOLS,2015-09-26,26,9,2015,17,7,7,9,,,0,,1,1,2,25,2,2,2,5,0,0,0,0,true,,false,false,false,false,false,,,,,,false,false,false,,,false,false,false,false,false,-83.23389,42.41527,"{
  ""coordinates"": [
    -8.323389644000000e+01,
    4.241526921600010e+01
  ],
  ""type"": ""Point""
}","{
  ""coordinates"": [
    -83.23389644,
    42.415269216
  ],
  ""type"": ""Point""
}",-83.23389644,42.4152692160001
5830,9378186,E I 96,FULLERTON,2015-09-26,26,9,2015,17,7,1,1,,1,1,,1,1,1,70,4,1,1,5,0,0,0,0,true,,false,false,false,false,false,,,,,,false,false,false,,,false,false,false,false,false,-83.18881,42.38022,"{
  ""coordinates"": [
    -8.318881283899999e+01,
    4.238022086700000e+01
  ],
  ""type"": ""Point""
}","{
  ""coordinates"": [
    -83.188812839,
    42.380220867
  ],
  ""type"": ""Point""
}",-83.188812839,42.380220867
5831,9383497,CENTRAL,DIX,2015-09-26,26,9,2015,19,7,9,9,,4,0,,1,1,3,30,1,3,3,5,0,0,0,0,true,,true,true,false,false,false,,,,,,false,true,true,,,false,false,false,false,false,-83.12758,42.31715,"{
  ""coordinates"": [
    -8.312757584900000e+01,
    4.231715187300010e+01
  ],
  ""type"": ""Point""
}","{
  ""coordinates"": [
    -83.127575849,
    42.317151873
  ],
  ""type"": ""Point""
}",-83.127575849,42.3171518730001
5832,9378376,HUDSON,STANTON,2015-09-26,26,9,2015,13,7,4,9,,,0,,1,1,1,0,2,2,4,5,0,0,0,0,true,,false,false,false,false,false,,,,,,false,false,false,,,false,false,false,false,false,-83.09299,42.35316,"{
  ""coordinates"": [
    -8.309299689100000e+01,
    4.235316010700010e+01
  ],
  ""type"": ""Point""
}","{
  ""coordinates"": [
    -83.092996891,
    42.353160107
  ],
  ""type"": ""Point""
}",-83.092996891,42.3531601070001
5833,9378355,REMINGTON,BINDER,2015-09-26,26,9,2015,18,7,4,9,,,0,,1,1,1,25,2,2,2,5,0,0,0,0,true,,true,false,false,false,false,,,,,,false,false,true,,,false,false,false,false,false,-83.06461,42.4427,"{
  ""coordinates"": [
    -8.306461341100000e+01,
    4.244269536100010e+01
  ],
  ""type"": ""Point""
}","{
  ""coordinates"": [
    -83.064613411,
    42.442695361
  ],
  ""type"": ""Point""
}",-83.064613411,42.4426953610001
5834,9399389,PIERSON,SAWYER,2015-09-26,26,9,2015,18,7,97,9,,,0,,1,1,1,25,1,2,1,5,0,0,0,0,true,,false,false,true,false,false,,,,,,false,false,false,,,false,false,false,true,false,-83.24369,42.34668,"{
  ""coordinates"": [
    -8.324368917000000e+01,
    4.234667418500000e+01
  ],
  ""type"": ""Point""
}","{
  ""coordinates"": [
    -83.24368917,
    42.346674185
  ],
  ""type"": ""Point""
}",-83.24368917,42.346674185
5835,9378180,M-39,WARREN,2015-09-26,26,9,2015,14,7,1,3,,1,1,,1,1,1,55,3,1,1,4,0,0,0,1,false,,false,false,false,false,false,,,,,,false,false,true,,,false,false,false,false,false,-83.21617,42.347,"{
  ""coordinates"": [
    -8.321616840000000e+01,
    4.234699549700010e+01
  ],
  ""type"": ""Point""
}","{
  ""coordinates"": [
    -83.2161684,
    42.346995497
  ],
  ""type"": ""Point""
}",-83.2161684,42.3469954970001
5836,9378090,S M 10,RAMP 119B,2015-09-26,26,9,2015,20,7,5,3,,1,0,,1,1,1,55,3,2,3,5,0,0,0,0,true,,false,false,false,false,false,,,,,,false,false,true,,,false,false,false,false,false,-83.07089,42.34923,"{
  ""coordinates"": [
    -8.307089507200000e+01,
    4.234922917100000e+01
  ],
  ""type"": ""Point""
}","{
  ""coordinates"": [
    -83.070895072,
    42.349229171
  ],
  ""type"": ""Point""
}",-83.070895072,42.349229171
5837,9383364,I 94,I 75,2015-09-26,26,9,2015,12,7,97,1,,1,0,,1,1,1,55,3,2,3,5,0,0,0,0,true,,false,false,true,false,false,,,,,,false,false,false,,,false,false,false,false,false,-83.05746,42.36908,"{
  ""coordinates"": [
    -8.305746243599999e+01,
    4.236908277500000e+01
  ],
  ""type"": ""Point""
}","{
  ""coordinates"": [
    -83.057462436,
    42.369082775
  ],
  ""type"": ""Point""
}",-83.057462436,42.369082775
5838,9378396,JOY,MEMORIAL,2015-09-26,26,9,2015,0,7,5,9,,4,0,,1,1,4,35,4,2,1,5,0,0,0,0,true,,false,false,true,false,false,,,,,,false,false,false,,,false,false,false,false,false,-83.21201,42.37234,"{
  ""coordinates"": [
    -8.321200551500000e+01,
    4.237233674200010e+01
  ],
  ""type"": ""Point""
}","{
  ""coordinates"": [
    -83.212005515,
    42.372336742
  ],
  ""type"": ""Point""
}",-83.212005515,42.3723367420001
5839,9379266,CASS,LAFAYETTE,2015-09-26,26,9,2015,13,7,5,9,,4,0,,1,1,1,25,2,2,2,5,0,0,0,0,true,,false,false,false,false,false,,,,,,false,false,false,,,false,false,false,false,false,-83.02476,42.34146,"{
  ""coordinates"": [
    -8.302475470600000e+01,
    4.234145653400000e+01
  ],
  ""type"": ""Point""
}","{
  ""coordinates"": [
    -83.024754706,
    42.341456534
  ],
  ""type"": ""Point""
}",-83.024754706,42.341456534
5840,9379328,8 MILE,N M 39,2015-09-26,26,9,2015,21,7,97,3,,1,0,,1,1,3,45,6,2,4,5,0,0,0,0,true,,false,false,false,false,false,,,,,,false,false,false,,,false,false,false,false,false,-83.21952,42.44418,"{
  ""coordinates"": [
    -8.321952144499990e+01,
    4.244417761700000e+01
  ],
  ""type"": ""Point""
}","{
  ""coordinates"": [
    -83.219521445,
    42.444177617
  ],
  ""type"": ""Point""
}",-83.2195214449999,42.444177617
5841,9399166,JAMES COUZENS,8 MILE SERVICE DRIVE,2015-09-26,26,9,2015,1,7,3,3,,1,0,,1,2,4,30,4,2,4,5,0,0,0,0,true,,false,false,true,false,false,,,,,,false,false,false,,,false,false,false,false,false,-83.20242,42.44445,"{
  ""coordinates"": [
    -8.320242154600000e+01,
    4.244444884100010e+01
  ],
  ""type"": ""Point""
}","{
  ""coordinates"": [
    -83.202421546,
    42.444448841
  ],
  ""type"": ""Point""
}",-83.202421546,42.4444488410001
5842,9378364,FAIRPORT,NASHVILLE,2015-09-26,26,9,2015,0,7,1,9,,,1,,1,98,5,25,1,1,1,5,0,0,0,0,true,,false,false,true,true,false,,,,,,false,false,false,,,false,false,false,false,false,-82.99013,42.4239,"{
  ""coordinates"": [
    -8.299012966799999e+01,
    4.242389958900000e+01
  ],
  ""type"": ""Point""
}","{
  ""coordinates"": [
    -82.990129668,
    42.423899589
  ],
  ""type"": ""Point""
}",-82.990129668,42.423899589
5843,9378185,I 75,DEARBORN,2015-09-26,26,9,2015,15,7,5,1,,1,0,,1,1,1,55,4,2,3,4,0,0,0,1,false,,false,false,true,false,false,,,,,,false,false,false,,,false,false,false,false,false,-83.12814,42.2925,"{
  ""coordinates"": [
    -8.312813369000000e+01,
    4.229250469100000e+01
  ],
  ""type"": ""Point""
}","{
  ""coordinates"": [
    -83.12813369,
    42.292504691
  ],
  ""type"": ""Point""
}",-83.12813369,42.292504691
5844,9396886,PEMBROKE,N M 39,2015-09-26,26,9,2015,23,7,4,9,,4,0,,1,1,4,35,2,2,7,5,0,0,0,0,true,,true,true,true,false,false,,,,,,false,false,false,,,false,false,false,false,false,-83.21957,42.43723,"{
  ""coordinates"": [
    -8.321956933599991e+01,
    4.243723423200000e+01
  ],
  ""type"": ""Point""
}","{
  ""coordinates"": [
    -83.219569336,
    42.437234232
  ],
  ""type"": ""Point""
}",-83.2195693359999,42.437234232
5845,9400089,M-39,GRANDRIVER,2015-09-26,26,9,2015,2,7,5,3,,1,0,,1,1,5,55,4,2,2,2,0,1,0,0,false,,false,false,false,false,false,,,,,,false,false,false,,,false,false,false,false,false,-83.21819,42.40205,"{
  ""coordinates"": [
    -8.321818572599990e+01,
    4.240205008100000e+01
  ],
  ""type"": ""Point""
}","{
  ""coordinates"": [
    -83.218185726,
    42.402050081
  ],
  ""type"": ""Point""
}",-83.2181857259999,42.402050081
5846,9378124,RAMP 215E,N M 10,2015-09-26,26,9,2015,1,7,1,1,,1,1,,1,1,4,55,3,1,1,5,0,0,0,0,true,,false,false,false,false,false,,,,,,false,false,true,,,false,false,false,false,false,-83.07762,42.36165,"{
  ""coordinates"": [
    -8.307762452100000e+01,
    4.236165082200010e+01
  ],
  ""type"": ""Point""
}","{
  ""coordinates"": [
    -83.077624521,
    42.361650822
  ],
  ""type"": ""Point""
}",-83.077624521,42.3616508220001
5847,9389354,WATERMAN,N I 75 SERVICE DRIVE,2015-09-26,26,9,2015,9,7,8,9,,4,0,,1,1,4,30,4,2,2,5,0,0,0,0,true,,false,false,true,false,false,,,,,,false,false,false,,,false,false,false,false,false,-83.1087,42.305,"{
  ""coordinates"": [
    -8.310869868299990e+01,
    4.230499579800000e+01
  ],
  ""type"": ""Point""
}","{
  ""coordinates"": [
    -83.108698683,
    42.304995798
  ],
  ""type"": ""Point""
}",-83.1086986829999,42.304995798
5848,9378347,GRAND,LODGE SERVICE,2015-09-26,26,9,2015,11,7,4,9,,4,0,,1,1,1,0,2,2,2,5,0,0,0,0,true,,true,true,false,false,false,,,,,,false,false,false,,,false,false,false,false,false,-83.0815,42.3673,"{
  ""coordinates"": [
    -8.308150524500000e+01,
    4.236730277700010e+01
  ],
  ""type"": ""Point""
}","{
  ""coordinates"": [
    -83.081505245,
    42.367302777
  ],
  ""type"": ""Point""
}",-83.081505245,42.3673027770001
5849,9378403,MCNICHOLS,ALCOY,2015-09-26,26,9,2015,12,7,8,9,,4,0,,1,1,1,35,5,2,2,5,0,0,0,0,true,,false,false,true,false,false,,,,,,false,false,false,,,false,false,false,false,false,-82.98779,42.42576,"{
  ""coordinates"": [
    -8.298779130900000e+01,
    4.242575688100000e+01
  ],
  ""type"": ""Point""
}","{
  ""coordinates"": [
    -82.987791309,
    42.425756881
  ],
  ""type"": ""Point""
}",-82.987791309,42.425756881
5850,9379290,LOVETT,RICH,2015-09-26,26,9,2015,18,7,4,9,,,0,,1,1,3,25,2,2,2,5,0,0,0,0,true,,false,false,true,false,false,,,,,,false,false,false,,,false,false,false,false,false,-83.1086,42.33916,"{
  ""coordinates"": [
    -8.310859843400000e+01,
    4.233916226600010e+01
  ],
  ""type"": ""Point""
}","{
  ""coordinates"": [
    -83.108598434,
    42.339162266
  ],
  ""type"": ""Point""
}",-83.108598434,42.3391622660001
5851,9378377,GREENFIELD,MCNICHOLS,2015-09-26,26,9,2015,13,7,4,9,,2,0,,1,1,1,35,5,2,3,5,0,0,0,0,true,,false,false,false,false,false,,,,,,false,false,true,,,false,false,false,false,false,-83.1993,42.41585,"{
  ""coordinates"": [
    -8.319930256700000e+01,
    4.241585078000000e+01
  ],
  ""type"": ""Point""
}","{
  ""coordinates"": [
    -83.199302567,
    42.41585078
  ],
  ""type"": ""Point""
}",-83.199302567,42.41585078
5852,9379321,VINEWOOD,RISDON,2015-09-26,26,9,2015,17,7,4,9,,4,0,,1,1,1,25,2,2,2,3,0,0,1,0,false,,false,false,false,false,false,,,,,,false,false,true,,,false,false,true,false,false,-83.09464,42.32827,"{
  ""coordinates"": [
    -8.309463272799999e+01,
    4.232826813800010e+01
  ],
  ""type"": ""Point""
}","{
  ""coordinates"": [
    -83.094632728,
    42.328268138
  ],
  ""type"": ""Point""
}",-83.094632728,42.3282681380001
5853,9378093,N/B I 75,NEVADA,2015-09-26,26,9,2015,16,7,1,1,,1,1,,1,1,1,70,4,1,1,5,0,0,0,0,true,,false,false,false,false,false,,,,,,false,false,false,,,false,false,false,false,false,-83.09077,42.42177,"{
  ""coordinates"": [
    -8.309076523899989e+01,
    4.242176689100010e+01
  ],
  ""type"": ""Point""
}","{
  ""coordinates"": [
    -83.090765239,
    42.421766891
  ],
  ""type"": ""Point""
}",-83.0907652389999,42.4217668910001
5854,9380574,CONNER,SHOEMAKER,2015-09-26,26,9,2015,18,7,8,9,,4,0,,1,1,1,30,2,2,2,5,0,0,0,0,true,,false,false,false,false,false,,,,,,false,false,false,,,false,false,false,false,false,-82.98351,42.39309,"{
  ""coordinates"": [
    -8.298351369900000e+01,
    4.239308948400000e+01
  ],
  ""type"": ""Point""
}","{
  ""coordinates"": [
    -82.983513699,
    42.393089484
  ],
  ""type"": ""Point""
}",-82.983513699,42.393089484
5855,9422166,FENKELL,PINEHURST,2015-09-26,26,9,2015,18,7,5,9,,2,0,,1,1,2,30,2,2,2,5,0,0,0,0,true,,false,false,false,false,false,,,,,,false,false,false,,,false,false,false,false,false,-83.16608,42.40232,"{
  ""coordinates"": [
    -8.316607847499991e+01,
    4.240231805000010e+01
  ],
  ""type"": ""Point""
}","{
  ""coordinates"": [
    -83.166078475,
    42.40231805
  ],
  ""type"": ""Point""
}",-83.1660784749999,42.4023180500001
5856,9383545,MCNICHOLS,WHITCOMB,2015-09-26,26,9,2015,21,7,97,9,,2,0,,1,1,1,35,2,2,4,5,0,0,0,0,true,,false,false,false,false,false,,,,,,false,false,true,,,false,false,false,false,false,-83.19595,42.41613,"{
  ""coordinates"": [
    -8.319595082200000e+01,
    4.241613421800000e+01
  ],
  ""type"": ""Point""
}","{
  ""coordinates"": [
    -83.195950822,
    42.416134218
  ],
  ""type"": ""Point""
}",-83.195950822,42.416134218
5857,9378428,ALEXANDER,JOHN R,2015-09-26,26,9,2015,6,7,1,9,,4,0,,1,1,1,30,4,1,1,5,0,0,0,0,true,,false,false,false,false,false,,,,,,false,false,false,,,false,false,false,false,false,-83.05799,42.35144,"{
  ""coordinates"": [
    -8.305799058400000e+01,
    4.235144274500000e+01
  ],
  ""type"": ""Point""
}","{
  ""coordinates"": [
    -83.057990584,
    42.351442745
  ],
  ""type"": ""Point""
}",-83.057990584,42.351442745
5858,9388502,LIVERNOIS,PURITAN,2015-09-26,26,9,2015,7,7,5,9,,4,0,,1,1,1,30,2,2,2,5,0,0,0,0,true,,false,false,false,false,false,,,,,,false,false,false,,,false,false,false,false,false,-83.14043,42.41001,"{
  ""coordinates"": [
    -8.314042762400000e+01,
    4.241000580200010e+01
  ],
  ""type"": ""Point""
}","{
  ""coordinates"": [
    -83.140427624,
    42.410005802
  ],
  ""type"": ""Point""
}",-83.140427624,42.4100058020001
5859,9378160,RAMP 039A,S I 75,2015-09-26,26,9,2015,14,7,5,1,,1,0,,1,1,1,55,4,2,2,5,0,0,0,0,true,,false,false,false,false,false,,,,,,false,false,true,,,false,false,false,false,false,-83.05759,42.33775,"{
  ""coordinates"": [
    -8.305759728899990e+01,
    4.233775446100000e+01
  ],
  ""type"": ""Point""
}","{
  ""coordinates"": [
    -83.057597289,
    42.337754461
  ],
  ""type"": ""Point""
}",-83.0575972889999,42.337754461
5860,9378382,THIRD,CONGRESS,2015-09-25,25,9,2015,16,6,8,9,,4,3,,1,1,1,25,4,2,2,5,0,0,0,0,true,,false,false,false,false,false,,,,,,false,false,false,,,false,false,false,false,false,-83.05367,42.32688,"{
  ""coordinates"": [
    -8.305367352899999e+01,
    4.232687734500010e+01
  ],
  ""type"": ""Point""
}","{
  ""coordinates"": [
    -83.053673529,
    42.326877345
  ],
  ""type"": ""Point""
}",-83.053673529,42.3268773450001
5861,9378354,VAN DYKE,PALMETTO,2015-09-25,25,9,2015,1,6,97,3,,1,0,,1,1,1,0,2,2,2,5,0,0,0,0,true,,false,false,false,false,false,,,,,,false,false,false,,,false,false,false,false,false,-83.02327,42.40822,"{
  ""coordinates"": [
    -8.302327174999991e+01,
    4.240822202200010e+01
  ],
  ""type"": ""Point""
}","{
  ""coordinates"": [
    -83.02327175,
    42.408222022
  ],
  ""type"": ""Point""
}",-83.0232717499999,42.4082220220001
5862,9379720,KIPLING,GRAND,2015-09-25,25,9,2015,18,6,4,9,,,0,,1,1,1,15,3,2,1,5,0,0,0,0,true,,false,false,false,false,false,,,,,,false,false,false,,,false,false,false,false,false,-83.08801,42.36547,"{
  ""coordinates"": [
    -8.308800727600000e+01,
    4.236546563800000e+01
  ],
  ""type"": ""Point""
}","{
  ""coordinates"": [
    -83.088007276,
    42.365465638
  ],
  ""type"": ""Point""
}",-83.088007276,42.365465638
5863,9379327,WARREN,LONGACRE,2015-09-25,25,9,2015,17,6,5,9,,2,0,,1,1,1,35,4,2,1,5,0,0,0,0,true,,false,false,true,false,false,,,,,,false,false,false,,,false,false,false,false,false,-83.2136,42.34341,"{
  ""coordinates"": [
    -8.321360250299990e+01,
    4.234340796600000e+01
  ],
  ""type"": ""Point""
}","{
  ""coordinates"": [
    -83.213602503,
    42.343407966
  ],
  ""type"": ""Point""
}",-83.2136025029999,42.343407966
5864,9378410,7 MILE,GABLE,2015-09-25,25,9,2015,19,6,4,9,,4,0,,1,1,2,35,2,2,2,4,0,0,0,1,false,,true,true,true,false,false,,,,,,false,false,true,,,false,false,false,false,false,-83.04271,42.43359,"{
  ""coordinates"": [
    -8.304270871800000e+01,
    4.243358737100000e+01
  ],
  ""type"": ""Point""
}","{
  ""coordinates"": [
    -83.042708718,
    42.433587371
  ],
  ""type"": ""Point""
}",-83.042708718,42.433587371
5865,9382320,I 94 W/B,TRUMBLE,2015-09-25,25,9,2015,18,6,5,1,,1,0,,1,1,1,55,3,2,3,5,0,0,0,0,true,,false,false,false,false,false,,,,,,false,false,true,,,false,false,false,false,false,-83.07752,42.3587,"{
  ""coordinates"": [
    -8.307752348900000e+01,
    4.235870060700010e+01
  ],
  ""type"": ""Point""
}","{
  ""coordinates"": [
    -83.077523489,
    42.358700607
  ],
  ""type"": ""Point""
}",-83.077523489,42.3587006070001
5866,9377223,OUTER,BLACKSTONE,2015-09-25,25,9,2015,13,6,4,9,,2,0,,1,1,1,35,4,2,1,5,0,0,0,0,true,,false,false,true,false,false,,,,,,false,false,false,,,false,false,false,false,false,-83.2492,42.39768,"{
  ""coordinates"": [
    -8.324919935400000e+01,
    4.239768161500010e+01
  ],
  ""type"": ""Point""
}","{
  ""coordinates"": [
    -83.249199354,
    42.397681615
  ],
  ""type"": ""Point""
}",-83.249199354,42.3976816150001
5867,9390447,7 MILE,MONTE,2015-09-25,25,9,2015,4,6,4,9,,2,0,,1,1,1,30,2,2,1,4,0,0,0,1,false,,false,false,true,false,false,,,,,,false,false,true,,,false,false,false,false,false,-83.1686,42.43126,"{
  ""coordinates"": [
    -8.316860314199990e+01,
    4.243126050400010e+01
  ],
  ""type"": ""Point""
}","{
  ""coordinates"": [
    -83.168603142,
    42.431260504
  ],
  ""type"": ""Point""
}",-83.1686031419999,42.4312605040001
5868,9380555,ASH,COCHRANE,2015-09-25,25,9,2015,11,6,5,9,,,3,,1,1,1,0,2,2,1,5,0,0,0,0,true,,false,false,false,false,false,,,,,,false,false,false,,,false,false,false,false,false,-83.07417,42.33947,"{
  ""coordinates"": [
    -8.307416522100000e+01,
    4.233947480800000e+01
  ],
  ""type"": ""Point""
}","{
  ""coordinates"": [
    -83.074165221,
    42.339474808
  ],
  ""type"": ""Point""
}",-83.074165221,42.339474808
5869,9383492,LIVERNOIS,MICHIGAN,2015-09-25,25,9,2015,14,6,97,2,,4,0,,1,1,1,35,7,2,3,4,0,0,0,1,false,,false,false,false,false,false,,,,,,false,false,true,,,false,false,false,true,false,-83.12031,42.33109,"{
  ""coordinates"": [
    -8.312031072100000e+01,
    4.233108431800010e+01
  ],
  ""type"": ""Point""
}","{
  ""coordinates"": [
    -83.120310721,
    42.331084318
  ],
  ""type"": ""Point""
}",-83.120310721,42.3310843180001
5870,9378087,N/B I-75,SCHAEFER,2015-09-25,25,9,2015,21,6,5,1,,1,0,,1,1,4,70,4,2,8,4,0,0,0,4,false,,false,false,false,false,false,,,,,,false,false,true,,,false,false,false,false,false,-83.14932,42.28189,"{
  ""coordinates"": [
    -8.314932007800000e+01,
    4.228189430300010e+01
  ],
  ""type"": ""Point""
}","{
  ""coordinates"": [
    -83.149320078,
    42.281894303
  ],
  ""type"": ""Point""
}",-83.149320078,42.2818943030001
5871,9380416,N M 10,MARTIN LUTHER KING JR,2015-09-25,25,9,2015,0,6,1,3,,1,1,,1,1,4,55,3,1,1,5,0,0,0,0,true,,false,false,false,true,false,,,,,,false,false,false,,,false,false,false,false,false,-83.0678,42.34277,"{
  ""coordinates"": [
    -8.306780591300000e+01,
    4.234276849900000e+01
  ],
  ""type"": ""Point""
}","{
  ""coordinates"": [
    -83.067805913,
    42.342768499
  ],
  ""type"": ""Point""
}",-83.067805913,42.342768499
5872,9378157,RAMP 219C,GRATIOT,2015-09-25,25,9,2015,13,6,8,1,,,0,,1,1,1,55,3,2,3,5,0,0,0,0,true,,false,false,false,false,false,,,,,,false,false,false,,,false,false,false,false,false,-83.00603,42.39191,"{
  ""coordinates"": [
    -8.300602975100000e+01,
    4.239190910500000e+01
  ],
  ""type"": ""Point""
}","{
  ""coordinates"": [
    -83.006029751,
    42.391909105
  ],
  ""type"": ""Point""
}",-83.006029751,42.391909105
5873,9386480,EVERGREEN,ORANGELAWN,2015-09-25,25,9,2015,17,6,97,9,,4,0,,1,1,1,25,4,2,2,5,0,0,0,0,true,,false,false,false,false,false,,,,,,false,false,false,,,false,false,false,false,false,-83.23611,42.36712,"{
  ""coordinates"": [
    -8.323610407900000e+01,
    4.236712441900000e+01
  ],
  ""type"": ""Point""
}","{
  ""coordinates"": [
    -83.236104079,
    42.367124419
  ],
  ""type"": ""Point""
}",-83.236104079,42.367124419