ObjectId,Crash ID,Primary Road,Intersecting Road,Crash Date,Day,Month,Year,Hour,Weekday,Crash Type Code,Highway Classification Code,Community Code,Jurisdiction Code,Lane Departure Type Code,Surface Type,Road Condition,Weather Condition,Lighting Condition,Speed Limit,Lanes,Units,Occupants,Most Severe Injury,Fatal Injuries,Suspected Serious Injuries,Suspected Minor Injuries,Possible Injuries,Property Damage Only,Secondary Crash,Traffic Control,Red Light Run,Hit and Run,Alcohol,Drugs,Unbelted Person,Work Zone,Speeding Driver,Distracted Driver,Driveway,Pedestrian,Elderly Driver,Young Driver,Commercial Vehicle,Emergency Vehicles,Train,School Bus,Motorcycle,Bicycle,Deer,Longitude,Latitude,geom,geog,x,y
5931,9379272,7 MILE,BURT,2015-09-24,24,9,2015,12,5,5,9,,2,0,,1,1,1,35,4,2,2,5,0,0,0,0,true,,false,false,false,false,false,,,,,,false,false,false,,,false,false,false,false,false,-83.24846,42.42934,"{
  ""coordinates"": [
    -8.324845988999991e+01,
    4.242933691500010e+01
  ],
  ""type"": ""Point""
}","{
  ""coordinates"": [
    -83.24845989,
    42.429336915
  ],
  ""type"": ""Point""
}",-83.2484598899999,42.4293369150001
5932,9377236,SCHAEFER,CLARITA,2015-09-24,24,9,2015,20,5,4,9,,4,0,,1,1,4,35,2,2,2,5,0,0,0,0,true,,true,false,true,false,false,,,,,,false,false,false,,,false,false,false,false,false,-83.1804,42.42929,"{
  ""coordinates"": [
    -8.318039846200000e+01,
    4.242928760800000e+01
  ],
  ""type"": ""Point""
}","{
  ""coordinates"": [
    -83.180398462,
    42.429287608
  ],
  ""type"": ""Point""
}",-83.180398462,42.429287608
5933,9405668,7 MILE,ANTWERP,2015-09-24,24,9,2015,14,5,4,9,,4,0,,1,1,1,35,2,2,2,5,0,0,0,0,true,,false,false,false,false,false,,,,,,false,false,false,,,false,false,false,false,false,-83.01761,42.43409,"{
  ""coordinates"": [
    -8.301761089800000e+01,
    4.243409279200010e+01
  ],
  ""type"": ""Point""
}","{
  ""coordinates"": [
    -83.017610898,
    42.434092792
  ],
  ""type"": ""Point""
}",-83.017610898,42.4340927920001
5934,9377217,SUNSET,OUTER,2015-09-24,24,9,2015,8,5,4,9,,,0,,1,1,1,35,2,2,2,4,0,0,0,1,false,,false,false,true,false,false,,,,,,false,false,false,,,false,false,false,false,false,-83.06136,42.44037,"{
  ""coordinates"": [
    -8.306135452300001e+01,
    4.244037002000000e+01
  ],
  ""type"": ""Point""
}","{
  ""coordinates"": [
    -83.061354523,
    42.44037002
  ],
  ""type"": ""Point""
}",-83.061354523,42.44037002
5935,9378371,I 96,EVERGREEN,2015-09-24,24,9,2015,14,5,8,1,,1,0,,1,1,1,55,4,2,1,5,0,0,0,0,true,,false,false,true,false,false,,,,,,false,false,false,,,false,false,false,false,false,-83.23679,42.38092,"{
  ""coordinates"": [
    -8.323678853199991e+01,
    4.238091588200010e+01
  ],
  ""type"": ""Point""
}","{
  ""coordinates"": [
    -83.236788532,
    42.380915882
  ],
  ""type"": ""Point""
}",-83.2367885319999,42.3809158820001
5936,9376036,VANDYKE,OUTER,2015-09-24,24,9,2015,13,5,97,3,,1,0,,1,1,1,40,6,2,0,3,0,0,1,0,false,,false,false,true,false,false,,,,,,true,false,false,,,false,false,false,false,false,-83.02448,42.44116,"{
  ""coordinates"": [
    -8.302448486799990e+01,
    4.244116150700010e+01
  ],
  ""type"": ""Point""
}","{
  ""coordinates"": [
    -83.024484868,
    42.441161507
  ],
  ""type"": ""Point""
}",-83.0244848679999,42.4411615070001
5937,9376027,8 MILE,JOHN R,2015-09-24,24,9,2015,7,5,5,3,,1,0,,1,1,1,35,4,5,5,5,0,0,0,0,true,,false,false,false,false,false,,,,,,false,false,true,,,false,false,false,false,false,-83.10287,42.44699,"{
  ""coordinates"": [
    -8.310286523699990e+01,
    4.244698683500010e+01
  ],
  ""type"": ""Point""
}","{
  ""coordinates"": [
    -83.102865237,
    42.446986835
  ],
  ""type"": ""Point""
}",-83.1028652369999,42.4469868350001
5938,9378365,BELTON,BRAILE,2015-09-24,24,9,2015,14,5,4,9,,,0,,1,1,1,25,1,2,7,5,0,0,0,0,true,,true,false,false,false,false,,,,,,false,false,false,,,false,false,false,false,false,-83.2431,42.35201,"{
  ""coordinates"": [
    -8.324309949199990e+01,
    4.235200535800000e+01
  ],
  ""type"": ""Point""
}","{
  ""coordinates"": [
    -83.243099492,
    42.352005358
  ],
  ""type"": ""Point""
}",-83.2430994919999,42.352005358
5939,9382304,M-39,WARREN,2015-09-24,24,9,2015,16,5,5,3,,1,0,,1,1,1,55,3,3,2,5,0,0,0,0,true,,false,false,true,false,false,,,,,,false,true,false,,,false,false,false,false,false,-83.21603,42.34192,"{
  ""coordinates"": [
    -8.321602805500000e+01,
    4.234192187500000e+01
  ],
  ""type"": ""Point""
}","{
  ""coordinates"": [
    -83.216028055,
    42.341921875
  ],
  ""type"": ""Point""
}",-83.216028055,42.341921875
5940,9375368,CHALMERS,CORBETT,2015-09-24,24,9,2015,4,5,1,9,,4,1,,1,1,4,30,2,1,1,3,0,0,1,0,false,,false,false,false,true,false,,,,,,false,false,false,,,false,false,false,false,false,-82.96745,42.40936,"{
  ""coordinates"": [
    -8.296745317300000e+01,
    4.240935624500000e+01
  ],
  ""type"": ""Point""
}","{
  ""coordinates"": [
    -82.967453173,
    42.409356245
  ],
  ""type"": ""Point""
}",-82.967453173,42.409356245
5941,9379271,MCNICHOLS,EVERGREEN,2015-09-24,24,9,2015,10,5,8,9,,2,0,,1,1,1,35,4,2,2,5,0,0,0,0,true,,false,false,false,false,false,,,,,,false,false,false,,,false,false,false,false,false,-83.23829,42.41502,"{
  ""coordinates"": [
    -8.323828601600000e+01,
    4.241501545200000e+01
  ],
  ""type"": ""Point""
}","{
  ""coordinates"": [
    -83.238286016,
    42.415015452
  ],
  ""type"": ""Point""
}",-83.238286016,42.415015452
5942,9378425,FOREST,ANTHONY WAYNE,2015-09-24,24,9,2015,12,5,8,9,,4,0,,1,1,1,30,4,2,0,5,0,0,0,0,true,,false,false,true,false,false,,,,,,false,false,false,,,false,false,false,false,false,-83.06979,42.35237,"{
  ""coordinates"": [
    -8.306979630500000e+01,
    4.235237150200000e+01
  ],
  ""type"": ""Point""
}","{
  ""coordinates"": [
    -83.069796305,
    42.352371502
  ],
  ""type"": ""Point""
}",-83.069796305,42.352371502
5943,9383507,7 MILE,CHARLESTON,2015-09-24,24,9,2015,15,5,5,9,,4,0,,2,1,1,30,5,2,1,5,0,0,0,0,true,,false,false,false,false,false,,,,,,false,false,false,,,false,false,false,false,false,-83.10725,42.43222,"{
  ""coordinates"": [
    -8.310725744099990e+01,
    4.243222063300000e+01
  ],
  ""type"": ""Point""
}","{
  ""coordinates"": [
    -83.107257441,
    42.432220633
  ],
  ""type"": ""Point""
}",-83.1072574409999,42.432220633
5944,9375267,S M 10,LINWOOD,2015-09-24,24,9,2015,7,5,5,3,,1,0,,1,1,1,55,3,2,4,5,0,0,0,0,true,,true,false,false,false,false,,,,,,false,false,true,,,false,false,false,false,false,-83.12762,42.40508,"{
  ""coordinates"": [
    -8.312761375100000e+01,
    4.240507365000010e+01
  ],
  ""type"": ""Point""
}","{
  ""coordinates"": [
    -83.127613751,
    42.40507365
  ],
  ""type"": ""Point""
}",-83.127613751,42.4050736500001
5945,9380557,GREENFIELD,FLORENCE,2015-09-24,24,9,2015,3,5,9,9,,2,2,,1,1,4,35,4,2,1,4,0,0,0,1,false,,false,false,false,false,false,,,,,,false,false,false,,,false,false,false,false,false,-83.1991,42.41114,"{
  ""coordinates"": [
    -8.319910790400000e+01,
    4.241114309200000e+01
  ],
  ""type"": ""Point""
}","{
  ""coordinates"": [
    -83.199107904,
    42.411143092
  ],
  ""type"": ""Point""
}",-83.199107904,42.411143092
5946,9408599,GALLAGHER,HALLECK,2015-09-24,24,9,2015,17,5,5,9,,,0,,1,1,1,25,2,2,0,5,0,0,0,0,true,,false,false,false,false,false,,,,,,false,false,false,,,false,false,false,false,false,-83.06174,42.40987,"{
  ""coordinates"": [
    -8.306173847799990e+01,
    4.240986808100010e+01
  ],
  ""type"": ""Point""
}","{
  ""coordinates"": [
    -83.061738478,
    42.409868081
  ],
  ""type"": ""Point""
}",-83.0617384779999,42.4098680810001
5947,9378434,ANTHONY WAYNE,KIRBY,2015-09-24,24,9,2015,19,5,8,9,,4,0,,1,1,3,0,4,2,1,5,0,0,0,0,true,,false,false,false,false,false,,,,,,false,false,false,,,false,false,false,false,false,-83.07294,42.3578,"{
  ""coordinates"": [
    -8.307294720100001e+01,
    4.235779867800010e+01
  ],
  ""type"": ""Point""
}","{
  ""coordinates"": [
    -83.072947201,
    42.357798678
  ],
  ""type"": ""Point""
}",-83.072947201,42.3577986780001
5948,9420034,ROSELAWN,CLARITA,2015-09-24,24,9,2015,15,5,97,9,,,0,,1,1,1,20,3,2,0,5,0,0,0,0,true,,false,false,true,false,false,,,,,,false,false,false,,,false,false,false,false,false,-83.15302,42.43003,"{
  ""coordinates"": [
    -8.315302362400000e+01,
    4.243002746800000e+01
  ],
  ""type"": ""Point""
}","{
  ""coordinates"": [
    -83.153023624,
    42.430027468
  ],
  ""type"": ""Point""
}",-83.153023624,42.430027468
5949,9383351,N M 39,PLYMOUTH,2015-09-24,24,9,2015,19,5,1,3,,1,1,,1,1,1,55,3,1,1,5,0,0,0,0,true,,false,false,false,true,false,,,,,,false,false,false,,,false,false,false,false,false,-83.21661,42.37307,"{
  ""coordinates"": [
    -8.321661064300000e+01,
    4.237306572000010e+01
  ],
  ""type"": ""Point""
}","{
  ""coordinates"": [
    -83.216610643,
    42.37306572
  ],
  ""type"": ""Point""
}",-83.216610643,42.3730657200001
5950,9378404,GRATIOT,HOUSTON WHITTIER,2015-09-24,24,9,2015,15,5,4,3,,1,0,,1,1,1,35,9,2,2,2,0,1,0,0,false,,false,false,false,false,false,,,,,,false,true,false,,,false,false,true,false,false,-82.98737,42.42037,"{
  ""coordinates"": [
    -8.298737177800000e+01,
    4.242036904100010e+01
  ],
  ""type"": ""Point""
}","{
  ""coordinates"": [
    -82.987371778,
    42.420369041
  ],
  ""type"": ""Point""
}",-82.987371778,42.4203690410001
5951,9378337,WALTHAM,LAPPIN,2015-09-24,24,9,2015,23,5,97,9,,,0,,1,1,4,25,2,3,0,2,0,1,0,0,false,,false,false,true,false,false,,,,,,true,false,false,,,false,false,false,false,false,-82.9949,42.43583,"{
  ""coordinates"": [
    -8.299489566299999e+01,
    4.243583114100010e+01
  ],
  ""type"": ""Point""
}","{
  ""coordinates"": [
    -82.994895663,
    42.435831141
  ],
  ""type"": ""Point""
}",-82.994895663,42.4358311410001
5952,9380582,SAINT AUBIN,LANTZ,2015-09-24,24,9,2015,21,5,8,9,,,0,,1,1,4,25,1,2,1,5,0,0,0,0,true,,false,false,false,false,false,,,,,,false,false,false,,,false,false,false,false,false,-83.08185,42.43857,"{
  ""coordinates"": [
    -8.308185024700001e+01,
    4.243857376000010e+01
  ],
  ""type"": ""Point""
}","{
  ""coordinates"": [
    -83.081850247,
    42.43857376
  ],
  ""type"": ""Point""
}",-83.081850247,42.4385737600001
5953,9384210,KEELER,MEYERS,2015-09-24,24,9,2015,19,5,8,9,,,0,,1,1,2,25,2,2,0,5,0,0,0,0,true,,false,false,true,false,false,,,,,,false,false,false,,,false,false,false,false,false,-83.16953,42.40404,"{
  ""coordinates"": [
    -8.316952228699989e+01,
    4.240403663700000e+01
  ],
  ""type"": ""Point""
}","{
  ""coordinates"": [
    -83.169522287,
    42.404036637
  ],
  ""type"": ""Point""
}",-83.1695222869999,42.404036637
5954,9392915,KELLY,ELKHART,2015-09-24,24,9,2015,8,5,4,9,,2,0,,1,1,1,25,2,2,2,4,0,0,0,1,false,,true,true,false,false,false,,,,,,false,false,false,,,false,false,false,false,false,-82.95026,42.43805,"{
  ""coordinates"": [
    -8.295026599200000e+01,
    4.243805477800000e+01
  ],
  ""type"": ""Point""
}","{
  ""coordinates"": [
    -82.950265992,
    42.438054778
  ],
  ""type"": ""Point""
}",-82.950265992,42.438054778
5955,9375244,I96,WYOMING,2015-09-24,24,9,2015,8,5,97,1,,1,0,,1,1,1,55,4,2,2,5,0,0,0,0,true,,false,false,false,false,false,,,,,,false,false,false,,,false,false,false,false,false,-83.1597,42.38525,"{
  ""coordinates"": [
    -8.315969745200000e+01,
    4.238525067000010e+01
  ],
  ""type"": ""Point""
}","{
  ""coordinates"": [
    -83.159697452,
    42.38525067
  ],
  ""type"": ""Point""
}",-83.159697452,42.3852506700001
5956,9379719,CHERRYLAWN,MCNICHOLS,2015-09-24,24,9,2015,16,5,4,9,,,0,,1,1,1,25,2,2,0,5,0,0,0,0,true,,false,false,true,false,false,,,,,,false,false,false,,,false,false,false,false,false,-83.15482,42.41731,"{
  ""coordinates"": [
    -8.315482429500000e+01,
    4.241730721700000e+01
  ],
  ""type"": ""Point""
}","{
  ""coordinates"": [
    -83.154824295,
    42.417307217
  ],
  ""type"": ""Point""
}",-83.154824295,42.417307217
5957,9378358,STATE FAIR,BRADFORD,2015-09-24,24,9,2015,14,5,5,9,,4,0,,1,1,1,30,2,2,1,5,0,0,0,0,true,,false,false,false,false,false,,,,,,false,false,false,,,false,false,false,false,false,-83.00156,42.44178,"{
  ""coordinates"": [
    -8.300155915999990e+01,
    4.244178333200010e+01
  ],
  ""type"": ""Point""
}","{
  ""coordinates"": [
    -83.00155916,
    42.441783332
  ],
  ""type"": ""Point""
}",-83.0015591599999,42.4417833320001
5958,9379319,WEIR,MCGRAW,2015-09-24,24,9,2015,12,5,8,3,,1,0,,1,1,1,30,2,2,2,5,0,0,0,0,true,,false,false,false,false,false,,,,,,false,false,false,,,false,false,false,false,false,-83.15523,42.32994,"{
  ""coordinates"": [
    -8.315522646700001e+01,
    4.232993986600010e+01
  ],
  ""type"": ""Point""
}","{
  ""coordinates"": [
    -83.155226467,
    42.329939866
  ],
  ""type"": ""Point""
}",-83.155226467,42.3299398660001
5959,9379317,JUNCTION,N I 75 SERVICE DRIVE,2015-09-24,24,9,2015,10,5,5,9,,4,0,,1,1,1,25,4,2,3,5,0,0,0,0,true,,false,false,false,false,false,,,,,,false,false,false,,,false,false,false,false,false,-83.09681,42.31085,"{
  ""coordinates"": [
    -8.309681255000000e+01,
    4.231084825400010e+01
  ],
  ""type"": ""Point""
}","{
  ""coordinates"": [
    -83.09681255,
    42.310848254
  ],
  ""type"": ""Point""
}",-83.09681255,42.3108482540001
5960,9376026,RIVARD,FISHER SER,2015-09-24,24,9,2015,9,5,97,9,,,0,,1,1,1,25,2,2,1,5,0,0,0,0,true,,false,false,false,false,false,,,,,,false,false,false,,,false,false,false,false,false,-83.0413,42.34486,"{
  ""coordinates"": [
    -8.304129488400000e+01,
    4.234486402500000e+01
  ],
  ""type"": ""Point""
}","{
  ""coordinates"": [
    -83.041294884,
    42.344864025
  ],
  ""type"": ""Point""
}",-83.041294884,42.344864025
5961,9396791,GRAND RIVER,SOUTHFIELD SERVICE DRIVE,2015-09-24,24,9,2015,9,5,1,3,,1,0,,1,1,1,35,4,1,1,5,0,0,0,0,true,,false,false,false,false,false,,,,,,false,true,false,,,false,false,false,false,false,-83.21852,42.40079,"{
  ""coordinates"": [
    -8.321851746000000e+01,
    4.240079306200000e+01
  ],
  ""type"": ""Point""
}","{
  ""coordinates"": [
    -83.21851746,
    42.400793062
  ],
  ""type"": ""Point""
}",-83.21851746,42.400793062
5962,9378133,M39,CURTIS,2015-09-24,24,9,2015,8,5,5,3,,1,0,,1,1,1,55,3,2,2,5,0,0,0,0,true,,false,false,false,false,false,,,,,,false,false,true,,,false,false,false,false,false,-83.21914,42.42298,"{
  ""coordinates"": [
    -8.321914104800000e+01,
    4.242298231700000e+01
  ],
  ""type"": ""Point""
}","{
  ""coordinates"": [
    -83.219141048,
    42.422982317
  ],
  ""type"": ""Point""
}",-83.219141048,42.422982317
5963,9404386,RAMP 217F,HARPER,2015-09-24,24,9,2015,13,5,8,1,,1,0,,1,1,1,55,3,2,2,5,0,0,0,0,true,,false,false,false,false,false,,,,,,false,true,false,,,false,false,false,false,false,-83.03308,42.3792,"{
  ""coordinates"": [
    -8.303307783400000e+01,
    4.237919476800000e+01
  ],
  ""type"": ""Point""
}","{
  ""coordinates"": [
    -83.033077834,
    42.379194768
  ],
  ""type"": ""Point""
}",-83.033077834,42.379194768
5964,9376052,OUTER,SUNSET,2015-09-24,24,9,2015,7,5,4,9,,2,0,,1,1,1,35,2,2,1,5,0,0,0,0,true,,false,false,true,false,false,,,,,,false,false,false,,,false,false,false,false,false,-83.06136,42.44037,"{
  ""coordinates"": [
    -8.306135452300001e+01,
    4.244037002000000e+01
  ],
  ""type"": ""Point""
}","{
  ""coordinates"": [
    -83.061354523,
    42.44037002
  ],
  ""type"": ""Point""
}",-83.061354523,42.44037002
5965,9384118,I-75,MCNICHOLS,2015-09-24,24,9,2015,19,5,5,1,,1,0,,1,1,3,55,4,2,2,5,0,0,0,0,true,,false,false,false,false,false,,,,,,false,false,true,,,false,false,false,false,false,-83.08852,42.41918,"{
  ""coordinates"": [
    -8.308851623899990e+01,
    4.241917820600000e+01
  ],
  ""type"": ""Point""
}","{
  ""coordinates"": [
    -83.088516239,
    42.419178206
  ],
  ""type"": ""Point""
}",-83.0885162389999,42.419178206
5966,9376028,8MILE,GROESBECK,2015-09-24,24,9,2015,9,5,97,3,,1,0,,1,1,1,45,4,2,2,5,0,0,0,0,true,,false,false,true,false,false,,,,,,false,false,false,,,false,false,false,false,false,-83.00296,42.44889,"{
  ""coordinates"": [
    -8.300296304400000e+01,
    4.244889364700000e+01
  ],
  ""type"": ""Point""
}","{
  ""coordinates"": [
    -83.002963044,
    42.448893647
  ],
  ""type"": ""Point""
}",-83.002963044,42.448893647
5967,9381458,GRAND RIVER,LIVERNOIS,2015-09-24,24,9,2015,9,5,4,3,,1,0,,1,1,1,35,4,2,4,5,0,0,0,0,true,,false,false,true,false,false,,,,,,false,true,false,,,false,false,false,false,false,-83.13864,42.3686,"{
  ""coordinates"": [
    -8.313863966900000e+01,
    4.236860106900010e+01
  ],
  ""type"": ""Point""
}","{
  ""coordinates"": [
    -83.138639669,
    42.368601069
  ],
  ""type"": ""Point""
}",-83.138639669,42.3686010690001
5968,9380441,EB I-94,CHENE,2015-09-24,24,9,2015,21,5,1,1,,1,1,,1,1,4,55,3,1,1,5,0,0,0,0,true,,true,false,false,false,false,,,,,,false,false,false,,,false,false,false,false,false,-83.04198,42.37591,"{
  ""coordinates"": [
    -8.304197517599989e+01,
    4.237590650200010e+01
  ],
  ""type"": ""Point""
}","{
  ""coordinates"": [
    -83.041975176,
    42.375906502
  ],
  ""type"": ""Point""
}",-83.0419751759999,42.3759065020001
5969,9389403,HANCOCK,JOHN R,2015-09-24,24,9,2015,19,5,5,9,,,0,,1,1,1,25,2,2,3,5,0,0,0,0,true,,false,false,false,false,false,,,,,,false,false,true,,,false,false,false,false,false,-83.06181,42.35659,"{
  ""coordinates"": [
    -8.306180834199991e+01,
    4.235658642800010e+01
  ],
  ""type"": ""Point""
}","{
  ""coordinates"": [
    -83.061808342,
    42.356586428
  ],
  ""type"": ""Point""
}",-83.0618083419999,42.3565864280001
5970,9379313,MCGRAW,LUMLEY,2015-09-24,24,9,2015,9,5,97,9,,4,0,,1,1,1,30,4,2,5,4,0,0,0,3,false,,false,false,false,false,false,,,,,,false,false,false,,,false,false,false,false,false,-83.14351,42.33438,"{
  ""coordinates"": [
    -8.314350897199991e+01,
    4.233438298500000e+01
  ],
  ""type"": ""Point""
}","{
  ""coordinates"": [
    -83.143508972,
    42.334382985
  ],
  ""type"": ""Point""
}",-83.1435089719999,42.334382985
5971,9378352,OUTER,GLENDALE,2015-09-24,24,9,2015,15,5,5,9,,2,0,,1,1,1,35,4,2,4,5,0,0,0,0,true,,false,false,false,false,false,,,,,,false,false,false,,,false,false,false,false,false,-83.26112,42.3799,"{
  ""coordinates"": [
    -8.326111515699991e+01,
    4.237989753800010e+01
  ],
  ""type"": ""Point""
}","{
  ""coordinates"": [
    -83.261115157,
    42.379897538
  ],
  ""type"": ""Point""
}",-83.2611151569999,42.3798975380001
5972,9383488,8 MILE,EXETER,2015-09-24,24,9,2015,2,5,8,3,,1,0,,1,1,1,35,8,2,0,5,0,0,0,0,true,,false,false,true,false,false,,,,,,false,false,false,,,false,false,false,false,false,-83.10526,42.44694,"{
  ""coordinates"": [
    -8.310525250900000e+01,
    4.244693695000010e+01
  ],
  ""type"": ""Point""
}","{
  ""coordinates"": [
    -83.105252509,
    42.44693695
  ],
  ""type"": ""Point""
}",-83.105252509,42.4469369500001
5973,9378423,WARREN,ANTHONY WAYNE,2015-09-24,24,9,2015,15,5,5,9,,4,0,,1,1,1,30,4,2,3,5,0,0,0,0,true,,false,false,false,false,false,,,,,,false,true,false,,,false,false,false,false,false,-83.07092,42.35474,"{
  ""coordinates"": [
    -8.307091364999999e+01,
    4.235474303000010e+01
  ],
  ""type"": ""Point""
}","{
  ""coordinates"": [
    -83.07091365,
    42.35474303
  ],
  ""type"": ""Point""
}",-83.07091365,42.3547430300001
5974,9379706,INDIANA,PICKFORD,2015-09-24,24,9,2015,12,5,5,9,,,0,,1,1,1,25,1,2,0,5,0,0,0,0,true,,false,false,false,false,false,,,,,,false,false,false,,,false,false,false,false,false,-83.15862,42.42647,"{
  ""coordinates"": [
    -8.315862344100000e+01,
    4.242647281000010e+01
  ],
  ""type"": ""Point""
}","{
  ""coordinates"": [
    -83.158623441,
    42.42647281
  ],
  ""type"": ""Point""
}",-83.158623441,42.4264728100001
5975,9380439,I-75,MCNICHOLS,2015-09-24,24,9,2015,19,5,97,1,,1,0,,1,1,1,55,4,2,2,5,0,0,0,0,true,,false,false,false,false,false,,,,,,false,false,true,,,false,false,false,false,false,-83.08813,42.4187,"{
  ""coordinates"": [
    -8.308812905300000e+01,
    4.241870625700010e+01
  ],
  ""type"": ""Point""
}","{
  ""coordinates"": [
    -83.088129053,
    42.418706257
  ],
  ""type"": ""Point""
}",-83.088129053,42.4187062570001
5976,9380463,I94,NOTINGHAM,2015-09-24,24,9,2015,22,5,1,1,,1,1,,1,1,4,55,3,1,1,5,0,0,0,0,true,,false,false,false,true,true,,,,,,false,false,false,,,false,false,false,false,false,-82.95678,42.4061,"{
  ""coordinates"": [
    -8.295678095400000e+01,
    4.240610280300010e+01
  ],
  ""type"": ""Point""
}","{
  ""coordinates"": [
    -82.956780954,
    42.406102803
  ],
  ""type"": ""Point""
}",-82.956780954,42.4061028030001
5977,9377229,JOY,BROADSTREET,2015-09-24,24,9,2015,13,5,4,9,,4,0,,1,1,1,30,4,2,4,4,0,0,0,4,false,,false,false,false,false,false,,,,,,false,false,true,,,false,false,false,false,false,-83.12593,42.36702,"{
  ""coordinates"": [
    -8.312592921200000e+01,
    4.236701570000000e+01
  ],
  ""type"": ""Point""
}","{
  ""coordinates"": [
    -83.125929212,
    42.3670157
  ],
  ""type"": ""Point""
}",-83.125929212,42.3670157
5978,9379316,GREEN,NAVY,2015-09-24,24,9,2015,9,5,4,9,,,0,,1,1,1,25,2,2,1,5,0,0,0,0,true,,false,false,true,false,false,,,,,,false,false,false,,,false,false,false,false,false,-83.11988,42.31191,"{
  ""coordinates"": [
    -8.311987976800000e+01,
    4.231190684100010e+01
  ],
  ""type"": ""Point""
}","{
  ""coordinates"": [
    -83.119879768,
    42.311906841
  ],
  ""type"": ""Point""
}",-83.119879768,42.3119068410001
5979,9379281,JAMES COUZENS,8 MILE,2015-09-24,24,9,2015,10,5,4,3,,1,0,,1,2,1,40,3,2,3,4,0,0,0,3,false,,false,false,false,false,false,,,,,,false,false,true,,,false,false,false,false,false,-83.20258,42.44468,"{
  ""coordinates"": [
    -8.320257363699990e+01,
    4.244467711800010e+01
  ],
  ""type"": ""Point""
}","{
  ""coordinates"": [
    -83.202573637,
    42.444677118
  ],
  ""type"": ""Point""
}",-83.2025736369999,42.4446771180001
5980,9376046,VERNOR,VAN DYKE,2015-09-24,24,9,2015,17,5,5,9,,4,0,,1,1,1,30,3,2,4,5,0,0,0,0,true,,false,false,false,false,false,,,,,,false,true,false,,,false,false,false,false,false,-83.00159,42.36038,"{
  ""coordinates"": [
    -8.300159713600000e+01,
    4.236038223700010e+01
  ],
  ""type"": ""Point""
}","{
  ""coordinates"": [
    -83.001597136,
    42.360382237
  ],
  ""type"": ""Point""
}",-83.001597136,42.3603822370001
5981,9377238,LIVERNOIS,8 MILE,2015-09-24,24,9,2015,15,5,8,3,,4,0,,1,1,1,30,3,2,2,5,0,0,0,0,true,,false,false,false,false,false,,,,,,false,false,true,,,false,false,false,false,false,-83.1419,42.44582,"{
  ""coordinates"": [
    -8.314189563399999e+01,
    4.244582177700000e+01
  ],
  ""type"": ""Point""
}","{
  ""coordinates"": [
    -83.141895634,
    42.445821777
  ],
  ""type"": ""Point""
}",-83.141895634,42.445821777
5982,9379144,S M 10,TEMPLE,2015-09-24,24,9,2015,17,5,5,3,,1,0,,1,1,1,55,2,2,2,5,0,0,0,0,true,,false,false,false,false,false,,,,,,false,true,false,,,false,false,false,false,false,-83.06612,42.33863,"{
  ""coordinates"": [
    -8.306611260999991e+01,
    4.233862608700010e+01
  ],
  ""type"": ""Point""
}","{
  ""coordinates"": [
    -83.06611261,
    42.338626087
  ],
  ""type"": ""Point""
}",-83.0661126099999,42.3386260870001
5983,9376041,N I 75 SERVICE DRIVE,MACK,2015-09-24,24,9,2015,9,5,8,1,,5,0,,1,1,1,30,3,2,2,5,0,0,0,0,true,,false,false,false,false,false,,,,,,false,false,false,,,false,false,false,false,false,-83.04739,42.35135,"{
  ""coordinates"": [
    -8.304738467200001e+01,
    4.235135401500000e+01
  ],
  ""type"": ""Point""
}","{
  ""coordinates"": [
    -83.047384672,
    42.351354015
  ],
  ""type"": ""Point""
}",-83.047384672,42.351354015
5984,9378359,FORT,BROOKLYN,2015-09-24,24,9,2015,8,5,4,3,,1,0,,1,1,1,30,4,2,2,5,0,0,0,0,true,,false,false,false,false,false,,,,,,false,false,false,,,false,false,false,false,false,-83.0592,42.32561,"{
  ""coordinates"": [
    -8.305920775899990e+01,
    4.232561634600010e+01
  ],
  ""type"": ""Point""
}","{
  ""coordinates"": [
    -83.059207759,
    42.325616346
  ],
  ""type"": ""Point""
}",-83.0592077589999,42.3256163460001
5985,9384104,RAMP 105B,S M 10,2015-09-24,24,9,2015,20,5,8,3,,1,0,,1,1,4,55,3,2,1,5,0,0,0,0,true,,false,false,true,false,false,,,,,,false,true,false,,,false,false,false,false,false,-83.15808,42.40471,"{
  ""coordinates"": [
    -8.315808242199989e+01,
    4.240470615500000e+01
  ],
  ""type"": ""Point""
}","{
  ""coordinates"": [
    -83.158082422,
    42.404706155
  ],
  ""type"": ""Point""
}",-83.1580824219999,42.404706155
5986,9377216,DAVISON CROSSOVER,PETOSKEY,2015-09-23,23,9,2015,17,4,8,3,,1,0,,1,1,1,35,5,2,2,5,0,0,0,0,true,,false,false,false,false,false,,,,,,false,false,false,,,false,false,false,false,false,-83.13529,42.38807,"{
  ""coordinates"": [
    -8.313529399500000e+01,
    4.238806792400000e+01
  ],
  ""type"": ""Point""
}","{
  ""coordinates"": [
    -83.135293995,
    42.388067924
  ],
  ""type"": ""Point""
}",-83.135293995,42.388067924
5987,9379701,SANTA MARIA,MENDOTA,2015-09-23,23,9,2015,9,4,2,9,,,2,,1,1,1,25,2,2,3,5,0,0,0,0,true,,false,false,true,false,false,,,,,,false,false,false,,,false,false,false,false,false,-83.1658,42.41861,"{
  ""coordinates"": [
    -8.316580076400000e+01,
    4.241861121300010e+01
  ],
  ""type"": ""Point""
}","{
  ""coordinates"": [
    -83.165800764,
    42.418611213
  ],
  ""type"": ""Point""
}",-83.165800764,42.4186112130001