ObjectId,Crash ID,Primary Road,Intersecting Road,Crash Date,Day,Month,Year,Hour,Weekday,Crash Type Code,Highway Classification Code,Community Code,Jurisdiction Code,Lane Departure Type Code,Surface Type,Road Condition,Weather Condition,Lighting Condition,Speed Limit,Lanes,Units,Occupants,Most Severe Injury,Fatal Injuries,Suspected Serious Injuries,Suspected Minor Injuries,Possible Injuries,Property Damage Only,Secondary Crash,Traffic Control,Red Light Run,Hit and Run,Alcohol,Drugs,Unbelted Person,Work Zone,Speeding Driver,Distracted Driver,Driveway,Pedestrian,Elderly Driver,Young Driver,Commercial Vehicle,Emergency Vehicles,Train,School Bus,Motorcycle,Bicycle,Deer,Longitude,Latitude,geom,geog,x,y
5988,9376033,OUTER,HARNED,2015-09-23,23,9,2015,3,4,5,9,,2,0,,1,1,4,30,2,4,1,5,0,0,0,0,true,,false,false,false,false,false,,,,,,false,true,false,,,false,false,false,false,false,-83.07373,42.44016,"{
  ""coordinates"": [
    -8.307373323500001e+01,
    4.244015450800000e+01
  ],
  ""type"": ""Point""
}","{
  ""coordinates"": [
    -83.073733235,
    42.440154508
  ],
  ""type"": ""Point""
}",-83.073733235,42.440154508
5989,9375410,ASHTON,CHALFONTE,2015-09-23,23,9,2015,15,4,2,9,,,2,,1,1,1,35,2,2,1,5,0,0,0,0,true,,false,false,true,false,false,,,,,,false,false,false,,,false,false,false,false,false,-83.2192,42.39841,"{
  ""coordinates"": [
    -8.321919982199999e+01,
    4.239840653000000e+01
  ],
  ""type"": ""Point""
}","{
  ""coordinates"": [
    -83.219199822,
    42.39840653
  ],
  ""type"": ""Point""
}",-83.219199822,42.39840653
5990,9375246,M-10,HOWARD,2015-09-23,23,9,2015,17,4,5,3,,1,0,,1,1,1,55,3,3,3,5,0,0,0,0,true,,false,false,false,false,false,,,,,,false,false,false,,,false,false,false,false,false,-83.0583,42.32906,"{
  ""coordinates"": [
    -8.305829340100000e+01,
    4.232905766300010e+01
  ],
  ""type"": ""Point""
}","{
  ""coordinates"": [
    -83.058293401,
    42.329057663
  ],
  ""type"": ""Point""
}",-83.058293401,42.3290576630001
5991,9375370,LAHSER,GRAND RIVER,2015-09-23,23,9,2015,8,4,5,3,,2,0,,1,1,1,35,2,2,2,5,0,0,0,0,true,,false,false,true,false,false,,,,,,false,false,true,,,false,false,false,false,false,-83.25764,42.41657,"{
  ""coordinates"": [
    -8.325764330100000e+01,
    4.241657376300000e+01
  ],
  ""type"": ""Point""
}","{
  ""coordinates"": [
    -83.257643301,
    42.416573763
  ],
  ""type"": ""Point""
}",-83.257643301,42.416573763
5992,9378383,MAGNOLIA,15TH,2015-09-23,23,9,2015,9,4,1,9,,,0,,1,1,1,25,4,1,2,4,0,0,0,1,false,,false,false,false,false,false,,,,,,false,false,false,,,false,false,false,false,false,-83.08295,42.34028,"{
  ""coordinates"": [
    -8.308295243799989e+01,
    4.234027687100010e+01
  ],
  ""type"": ""Point""
}","{
  ""coordinates"": [
    -83.082952438,
    42.340276871
  ],
  ""type"": ""Point""
}",-83.0829524379999,42.3402768710001
5993,9376047,TROSTER,BROCK,2015-09-23,23,9,2015,18,4,8,9,,,0,,1,1,1,25,2,2,1,5,0,0,0,0,true,,false,false,true,false,false,,,,,,false,false,false,,,false,false,false,false,false,-82.96279,42.42643,"{
  ""coordinates"": [
    -8.296279249700000e+01,
    4.242642496800000e+01
  ],
  ""type"": ""Point""
}","{
  ""coordinates"": [
    -82.962792497,
    42.426424968
  ],
  ""type"": ""Point""
}",-82.962792497,42.426424968
5994,9375414,7 MILE,BLACKSTONE,2015-09-23,23,9,2015,19,4,4,9,,2,0,,1,1,1,35,4,2,6,4,0,0,0,4,false,,false,false,false,false,false,,,,,,false,false,true,,,false,false,false,false,false,-83.25102,42.42928,"{
  ""coordinates"": [
    -8.325101933300000e+01,
    4.242928039200010e+01
  ],
  ""type"": ""Point""
}","{
  ""coordinates"": [
    -83.251019333,
    42.429280392
  ],
  ""type"": ""Point""
}",-83.251019333,42.4292803920001
5995,9375407,N M 39,RAMP 008R,2015-09-23,23,9,2015,2,4,1,3,,1,1,,1,1,4,35,2,1,1,2,0,1,0,0,false,,false,false,false,false,false,,,,,,false,false,false,,,false,false,false,false,false,-83.21728,42.38205,"{
  ""coordinates"": [
    -8.321727876200001e+01,
    4.238205470300010e+01
  ],
  ""type"": ""Point""
}","{
  ""coordinates"": [
    -83.217278762,
    42.382054703
  ],
  ""type"": ""Point""
}",-83.217278762,42.3820547030001
5996,9380556,WASHINGTON,PARK,2015-09-23,23,9,2015,16,4,8,9,,4,0,,1,1,1,30,2,2,2,5,0,0,0,0,true,,false,false,false,false,false,,,,,,false,false,false,,,false,false,false,false,false,-83.0512,42.33576,"{
  ""coordinates"": [
    -8.305119774199990e+01,
    4.233576324400010e+01
  ],
  ""type"": ""Point""
}","{
  ""coordinates"": [
    -83.051197742,
    42.335763244
  ],
  ""type"": ""Point""
}",-83.0511977419999,42.3357632440001
5997,9377214,DAVISON,LIVERNOIS,2015-09-23,23,9,2015,15,4,97,3,,1,0,,1,1,1,35,2,2,2,5,0,0,0,0,true,,false,false,false,false,false,,,,,,false,false,false,,,false,false,false,false,false,-83.13958,42.38669,"{
  ""coordinates"": [
    -8.313957882100000e+01,
    4.238668752700000e+01
  ],
  ""type"": ""Point""
}","{
  ""coordinates"": [
    -83.139578821,
    42.386687527
  ],
  ""type"": ""Point""
}",-83.139578821,42.386687527
5998,9375262,E/B I-94,CENTRAL,2015-09-23,23,9,2015,8,4,5,1,,1,0,,1,1,1,55,3,2,2,5,0,0,0,0,true,,false,false,false,false,false,,,,,,false,false,true,,,false,false,false,false,false,-83.14317,42.33153,"{
  ""coordinates"": [
    -8.314317482099990e+01,
    4.233153224600010e+01
  ],
  ""type"": ""Point""
}","{
  ""coordinates"": [
    -83.143174821,
    42.331532246
  ],
  ""type"": ""Point""
}",-83.1431748209999,42.3315322460001
5999,9375408,GREENFIELD,CASTLETON,2015-09-23,23,9,2015,7,4,2,9,,2,0,,1,1,1,35,4,2,4,5,0,0,0,0,true,,false,false,false,false,false,,,,,,false,false,false,,,false,false,false,false,false,-83.19769,42.37639,"{
  ""coordinates"": [
    -8.319769388000000e+01,
    4.237639037600010e+01
  ],
  ""type"": ""Point""
}","{
  ""coordinates"": [
    -83.19769388,
    42.376390376
  ],
  ""type"": ""Point""
}",-83.19769388,42.3763903760001
6000,9376053,MCDOUGALL,GRIXDALE,2015-09-23,23,9,2015,18,4,97,9,,,0,,1,1,1,25,1,2,0,5,0,0,0,0,true,,false,false,true,false,false,,,,,,false,false,false,,,false,false,false,false,false,-83.07072,42.42825,"{
  ""coordinates"": [
    -8.307072035800000e+01,
    4.242824593900010e+01
  ],
  ""type"": ""Point""
}","{
  ""coordinates"": [
    -83.070720358,
    42.428245939
  ],
  ""type"": ""Point""
}",-83.070720358,42.4282459390001
6001,9375413,SHAFTSBURY,PICKFORD,2015-09-23,23,9,2015,0,4,2,9,,,0,,1,1,5,25,2,3,1,5,0,0,0,0,true,,false,false,false,true,false,,,,,,false,false,false,,,false,false,false,false,false,-83.23076,42.42467,"{
  ""coordinates"": [
    -8.323075579300000e+01,
    4.242467375100010e+01
  ],
  ""type"": ""Point""
}","{
  ""coordinates"": [
    -83.230755793,
    42.424673751
  ],
  ""type"": ""Point""
}",-83.230755793,42.4246737510001
6002,9377232,WARRINGTON,ST MARTINS,2015-09-23,23,9,2015,7,4,2,9,,,2,,1,1,1,25,2,2,3,5,0,0,0,0,true,,true,false,false,false,false,,,,,,false,false,true,,,false,false,false,false,false,-83.14049,42.43704,"{
  ""coordinates"": [
    -8.314048959500001e+01,
    4.243704196900010e+01
  ],
  ""type"": ""Point""
}","{
  ""coordinates"": [
    -83.140489595,
    42.437041969
  ],
  ""type"": ""Point""
}",-83.140489595,42.4370419690001
6003,9376030,JOS COMPAU,NEVADA,2015-09-23,23,9,2015,8,4,5,9,,4,0,,1,1,1,25,2,2,2,5,0,0,0,0,true,,false,false,false,false,false,,,,,,false,false,false,,,false,false,false,false,false,-83.07277,42.42581,"{
  ""coordinates"": [
    -8.307277215100000e+01,
    4.242580895400000e+01
  ],
  ""type"": ""Point""
}","{
  ""coordinates"": [
    -83.072772151,
    42.425808954
  ],
  ""type"": ""Point""
}",-83.072772151,42.425808954
6004,9374467,PLAINVIEW,PILGRIM,2015-09-23,23,9,2015,3,4,5,9,,,0,,1,1,5,25,2,2,2,2,0,1,0,0,false,,false,false,false,true,false,,,,,,false,false,false,,,false,false,false,false,false,-83.23639,42.4057,"{
  ""coordinates"": [
    -8.323639214600000e+01,
    4.240569814000000e+01
  ],
  ""type"": ""Point""
}","{
  ""coordinates"": [
    -83.236392146,
    42.40569814
  ],
  ""type"": ""Point""
}",-83.236392146,42.40569814
6005,9375374,ROSELAWN,CURTIS,2015-09-23,23,9,2015,8,4,4,9,,,0,,1,1,1,25,4,2,5,5,0,0,0,0,true,,false,false,true,false,false,,,,,,false,false,false,,,false,true,false,false,false,-83.15278,42.42427,"{
  ""coordinates"": [
    -8.315277836300000e+01,
    4.242426718200010e+01
  ],
  ""type"": ""Point""
}","{
  ""coordinates"": [
    -83.152778363,
    42.424267182
  ],
  ""type"": ""Point""
}",-83.152778363,42.4242671820001
6006,9380462,I94,M10,2015-09-23,23,9,2015,23,4,8,1,,1,0,,1,1,4,55,3,2,1,5,0,0,0,0,true,,false,false,true,false,false,,,,,,false,true,false,,,false,false,false,false,false,-83.07454,42.36,"{
  ""coordinates"": [
    -8.307453753500000e+01,
    4.235999818700000e+01
  ],
  ""type"": ""Point""
}","{
  ""coordinates"": [
    -83.074537535,
    42.359998187
  ],
  ""type"": ""Point""
}",-83.074537535,42.359998187
6007,9375387,RYAN,OUTER,2015-09-23,23,9,2015,15,4,97,9,,4,0,,1,1,1,30,2,3,3,4,0,0,0,1,false,,false,false,true,false,false,,,,,,false,false,false,,,false,false,false,true,false,-83.06355,42.44028,"{
  ""coordinates"": [
    -8.306354311000000e+01,
    4.244028336800010e+01
  ],
  ""type"": ""Point""
}","{
  ""coordinates"": [
    -83.06354311,
    42.440283368
  ],
  ""type"": ""Point""
}",-83.06354311,42.4402833680001
6008,9375372,GRATIOT,SAINT AUBIN,2015-09-23,23,9,2015,18,4,4,3,,1,0,,1,1,1,35,6,2,2,5,0,0,0,0,true,,true,true,true,false,false,,,,,,false,false,false,,,false,false,false,false,false,-83.0343,42.34928,"{
  ""coordinates"": [
    -8.303430044299991e+01,
    4.234928006200000e+01
  ],
  ""type"": ""Point""
}","{
  ""coordinates"": [
    -83.034300443,
    42.349280062
  ],
  ""type"": ""Point""
}",-83.0343004429999,42.349280062
6009,9375381,LIVERNOIS,CLARITA,2015-09-23,23,9,2015,11,4,1,9,,4,1,,1,1,1,35,7,1,1,5,0,0,0,0,true,,false,false,false,false,false,,,,,,false,false,true,,,false,false,false,false,false,-83.14149,42.42947,"{
  ""coordinates"": [
    -8.314148378300000e+01,
    4.242946793500000e+01
  ],
  ""type"": ""Point""
}","{
  ""coordinates"": [
    -83.141483783,
    42.429467935
  ],
  ""type"": ""Point""
}",-83.141483783,42.429467935
6010,9375415,QUEEN,SEYMOUR,2015-09-23,23,9,2015,11,4,8,9,,,0,,1,1,1,25,3,2,4,5,0,0,0,0,true,,false,false,false,false,false,,,,,,false,false,true,,,false,false,false,false,false,-82.96771,42.42717,"{
  ""coordinates"": [
    -8.296771025800000e+01,
    4.242716732300000e+01
  ],
  ""type"": ""Point""
}","{
  ""coordinates"": [
    -82.967710258,
    42.427167323
  ],
  ""type"": ""Point""
}",-82.967710258,42.427167323
6011,9379707,LIVERNOIS,PURITAN,2015-09-23,23,9,2015,7,4,5,9,,4,0,,1,1,1,30,4,2,2,5,0,0,0,0,true,,false,false,false,false,false,,,,,,false,false,false,,,false,false,false,false,false,-83.14042,42.40979,"{
  ""coordinates"": [
    -8.314041934100000e+01,
    4.240978849700010e+01
  ],
  ""type"": ""Point""
}","{
  ""coordinates"": [
    -83.140419341,
    42.409788497
  ],
  ""type"": ""Point""
}",-83.140419341,42.4097884970001
6012,9375283,N I 75,RAMP 045A,2015-09-23,23,9,2015,7,4,1,1,,1,0,,1,2,1,55,4,1,1,5,0,0,0,0,true,,false,false,false,false,false,,,,,,false,false,false,,,false,false,false,false,false,-83.06085,42.37576,"{
  ""coordinates"": [
    -8.306084879299991e+01,
    4.237575603700000e+01
  ],
  ""type"": ""Point""
}","{
  ""coordinates"": [
    -83.060848793,
    42.375756037
  ],
  ""type"": ""Point""
}",-83.0608487929999,42.375756037
6013,9375263,S/B I 75,CLARK,2015-09-23,23,9,2015,14,4,8,1,,1,0,,1,1,1,55,4,2,5,4,0,0,0,1,false,,false,false,false,false,false,,,,,,false,false,false,,,false,false,false,false,false,-83.09042,42.31392,"{
  ""coordinates"": [
    -8.309042614200000e+01,
    4.231392427700010e+01
  ],
  ""type"": ""Point""
}","{
  ""coordinates"": [
    -83.090426142,
    42.313924277
  ],
  ""type"": ""Point""
}",-83.090426142,42.3139242770001
6014,9379320,TRUMBULL,PORTER,2015-09-23,23,9,2015,13,4,8,9,,4,0,,1,1,1,35,2,2,1,5,0,0,0,0,true,,false,false,false,false,false,,,,,,false,false,true,,,false,false,false,false,false,-83.06425,42.32789,"{
  ""coordinates"": [
    -8.306425583399989e+01,
    4.232788694000000e+01
  ],
  ""type"": ""Point""
}","{
  ""coordinates"": [
    -83.064255834,
    42.32788694
  ],
  ""type"": ""Point""
}",-83.0642558339999,42.32788694
6015,9375266,I-75,ROSE PARKS,2015-09-23,23,9,2015,18,4,5,1,,1,0,,1,1,1,55,3,3,3,5,0,0,0,0,true,,false,false,false,false,false,,,,,,false,false,false,,,false,false,false,false,false,-83.07323,42.33358,"{
  ""coordinates"": [
    -8.307322757799990e+01,
    4.233358285700010e+01
  ],
  ""type"": ""Point""
}","{
  ""coordinates"": [
    -83.073227578,
    42.333582857
  ],
  ""type"": ""Point""
}",-83.0732275779999,42.3335828570001
6016,9378380,SUSSEX,LYNDON,2015-09-23,23,9,2015,0,4,4,9,,,0,,1,1,5,25,2,2,1,4,0,0,0,1,false,,false,false,true,false,false,,,,,,false,false,false,,,false,false,false,false,false,-83.1947,42.39424,"{
  ""coordinates"": [
    -8.319470388699990e+01,
    4.239423988200010e+01
  ],
  ""type"": ""Point""
}","{
  ""coordinates"": [
    -83.194703887,
    42.394239882
  ],
  ""type"": ""Point""
}",-83.1947038869999,42.3942398820001
6017,9375264,E/B I 94,CADIEUX,2015-09-23,23,9,2015,15,4,5,1,,1,0,,1,1,1,55,3,2,2,4,0,0,0,1,false,,false,false,false,false,false,,,,,,false,false,false,,,false,false,false,false,false,-82.9407,42.41475,"{
  ""coordinates"": [
    -8.294070432599990e+01,
    4.241475132700000e+01
  ],
  ""type"": ""Point""
}","{
  ""coordinates"": [
    -82.940704326,
    42.414751327
  ],
  ""type"": ""Point""
}",-82.9407043259999,42.414751327
6018,9378348,RAMP 117A,MILWAUKEE,2015-09-23,23,9,2015,7,4,8,3,,1,0,,1,1,1,30,2,2,2,5,0,0,0,0,true,,false,false,false,false,false,,,,,,false,true,false,,,false,false,false,false,false,-83.08064,42.36607,"{
  ""coordinates"": [
    -8.308063555400000e+01,
    4.236607477600010e+01
  ],
  ""type"": ""Point""
}","{
  ""coordinates"": [
    -83.080635554,
    42.366074776
  ],
  ""type"": ""Point""
}",-83.080635554,42.3660747760001
6019,9380461,RAMP 046A,N I 75,2015-09-23,23,9,2015,20,4,5,1,,1,0,,1,1,4,70,1,2,6,4,0,0,0,2,false,,false,false,false,false,false,,,,,,false,false,true,,,false,false,false,false,false,-83.06646,42.38425,"{
  ""coordinates"": [
    -8.306645763499991e+01,
    4.238424550200010e+01
  ],
  ""type"": ""Point""
}","{
  ""coordinates"": [
    -83.066457635,
    42.384245502
  ],
  ""type"": ""Point""
}",-83.0664576349999,42.3842455020001
6020,9381461,MACK,FAIRVIEW,2015-09-23,23,9,2015,11,4,5,9,,4,0,,1,1,1,40,4,2,2,5,0,0,0,0,true,,false,false,false,false,false,,,,,,false,true,false,,,false,false,false,false,false,-82.9813,42.37793,"{
  ""coordinates"": [
    -8.298129966099999e+01,
    4.237792824400000e+01
  ],
  ""type"": ""Point""
}","{
  ""coordinates"": [
    -82.981299661,
    42.377928244
  ],
  ""type"": ""Point""
}",-82.981299661,42.377928244
6021,9378367,JEFFERSON,ADAIR,2015-09-23,23,9,2015,22,4,5,9,,4,0,,1,1,4,35,4,2,2,5,0,0,0,0,true,,false,false,false,false,false,,,,,,false,false,true,,,false,false,false,false,false,-83.01383,42.34203,"{
  ""coordinates"": [
    -8.301382844100000e+01,
    4.234202986800010e+01
  ],
  ""type"": ""Point""
}","{
  ""coordinates"": [
    -83.013828441,
    42.342029868
  ],
  ""type"": ""Point""
}",-83.013828441,42.3420298680001
6022,9379311,WOODWARD,WARREN,2015-09-23,23,9,2015,11,4,5,3,,1,0,,1,1,1,30,2,2,2,5,0,0,0,0,true,,false,false,true,false,false,,,,,,false,false,false,,,false,false,false,false,false,-83.06426,42.35676,"{
  ""coordinates"": [
    -8.306426404699990e+01,
    4.235675640800010e+01
  ],
  ""type"": ""Point""
}","{
  ""coordinates"": [
    -83.064264047,
    42.356756408
  ],
  ""type"": ""Point""
}",-83.0642640469999,42.3567564080001
6023,9375245,I-75,CLAY,2015-09-23,23,9,2015,16,4,5,1,,1,0,,1,1,1,55,4,2,2,4,0,0,0,1,false,,false,false,false,false,false,,,,,,false,false,true,,,false,false,true,false,false,-83.06428,42.38037,"{
  ""coordinates"": [
    -8.306428020700000e+01,
    4.238036568200000e+01
  ],
  ""type"": ""Point""
}","{
  ""coordinates"": [
    -83.064280207,
    42.380365682
  ],
  ""type"": ""Point""
}",-83.064280207,42.380365682
6024,9376032,RUSSELL,7 MILE,2015-09-23,23,9,2015,16,4,5,9,,,0,,1,1,1,25,1,2,1,5,0,0,0,0,true,,false,false,false,false,false,,,,,,false,false,false,,,false,false,false,false,false,-83.09021,42.43237,"{
  ""coordinates"": [
    -8.309020840900000e+01,
    4.243236824600010e+01
  ],
  ""type"": ""Point""
}","{
  ""coordinates"": [
    -83.090208409,
    42.432368246
  ],
  ""type"": ""Point""
}",-83.090208409,42.4323682460001
6025,9378145,I-75,MCNICHOLS,2015-09-23,23,9,2015,20,4,5,1,,1,0,,97,98,98,70,3,2,2,5,0,0,0,0,true,,false,false,false,false,false,,,,,,false,false,false,,,false,false,false,false,false,-83.08662,42.41686,"{
  ""coordinates"": [
    -8.308662411700000e+01,
    4.241685836500010e+01
  ],
  ""type"": ""Point""
}","{
  ""coordinates"": [
    -83.086624117,
    42.416858365
  ],
  ""type"": ""Point""
}",-83.086624117,42.4168583650001
6026,9376048,CHARLES,CALDWELL,2015-09-23,23,9,2015,15,4,5,9,,4,0,,1,1,1,35,2,2,1,5,0,0,0,0,true,,false,false,false,false,false,,,,,,false,false,true,,,false,false,false,false,false,-83.04646,42.4118,"{
  ""coordinates"": [
    -8.304645496300000e+01,
    4.241179917100000e+01
  ],
  ""type"": ""Point""
}","{
  ""coordinates"": [
    -83.046454963,
    42.411799171
  ],
  ""type"": ""Point""
}",-83.046454963,42.411799171
6027,9377240,WOODWARD,ARDEN PARK,2015-09-23,23,9,2015,16,4,8,3,,1,0,,1,1,3,0,2,2,2,5,0,0,0,0,true,,false,false,false,false,false,,,,,,false,false,false,,,false,false,false,false,false,-83.08402,42.38622,"{
  ""coordinates"": [
    -8.308402407299999e+01,
    4.238622102300010e+01
  ],
  ""type"": ""Point""
}","{
  ""coordinates"": [
    -83.084024073,
    42.386221023
  ],
  ""type"": ""Point""
}",-83.084024073,42.3862210230001
6028,9378340,W I 96,EVERGREEN,2015-09-23,23,9,2015,23,4,97,1,,1,0,,1,1,4,55,4,1,1,4,0,0,0,1,false,,false,false,false,false,false,,,,,,false,false,false,,,false,false,false,false,false,-83.2365,42.38036,"{
  ""coordinates"": [
    -8.323649889900000e+01,
    4.238036506300010e+01
  ],
  ""type"": ""Point""
}","{
  ""coordinates"": [
    -83.236498899,
    42.380365063
  ],
  ""type"": ""Point""
}",-83.236498899,42.3803650630001
6029,9378431,WARREN,CASS,2015-09-23,23,9,2015,12,4,1,9,,4,0,,1,1,1,30,3,2,1,5,0,0,0,0,true,,false,false,false,false,false,,,,,,true,false,true,,,false,false,false,false,false,-83.06659,42.35592,"{
  ""coordinates"": [
    -8.306658996899991e+01,
    4.235591851200010e+01
  ],
  ""type"": ""Point""
}","{
  ""coordinates"": [
    -83.066589969,
    42.355918512
  ],
  ""type"": ""Point""
}",-83.0665899689999,42.3559185120001
6030,9413727,CADET,WATERMAN,2015-09-23,23,9,2015,15,4,4,9,,,0,,1,1,1,25,2,2,2,5,0,0,0,0,true,,false,false,true,false,false,,,,,,false,false,false,,,false,false,false,false,false,-83.11355,42.31173,"{
  ""coordinates"": [
    -8.311354675199991e+01,
    4.231172800400000e+01
  ],
  ""type"": ""Point""
}","{
  ""coordinates"": [
    -83.113546752,
    42.311728004
  ],
  ""type"": ""Point""
}",-83.1135467519999,42.311728004
6031,9375251,M-39,FENKELL,2015-09-23,23,9,2015,7,4,5,3,,1,0,,1,1,1,55,3,3,4,5,0,0,0,0,true,,false,false,true,false,false,,,,,,false,false,false,,,false,false,false,false,false,-83.2184,42.40401,"{
  ""coordinates"": [
    -8.321839660400001e+01,
    4.240400624000010e+01
  ],
  ""type"": ""Point""
}","{
  ""coordinates"": [
    -83.218396604,
    42.40400624
  ],
  ""type"": ""Point""
}",-83.218396604,42.4040062400001
6032,9375383,LARNED,N I 375 SERVICE DRIVE,2015-09-23,23,9,2015,23,4,8,9,,4,0,,1,1,4,30,3,2,2,5,0,0,0,0,true,,false,false,false,false,false,,,,,,false,true,true,,,false,false,false,false,false,-83.03587,42.33347,"{
  ""coordinates"": [
    -8.303586850600000e+01,
    4.233346803700000e+01
  ],
  ""type"": ""Point""
}","{
  ""coordinates"": [
    -83.035868506,
    42.333468037
  ],
  ""type"": ""Point""
}",-83.035868506,42.333468037
6033,9376037,7 MILE,HUNTINGTON,2015-09-23,23,9,2015,22,4,5,9,,2,0,,1,1,4,30,6,2,1,5,0,0,0,0,true,,false,false,true,false,false,,,,,,false,false,true,,,false,false,false,false,false,-83.23261,42.42974,"{
  ""coordinates"": [
    -8.323260929299990e+01,
    4.242974156200010e+01
  ],
  ""type"": ""Point""
}","{
  ""coordinates"": [
    -83.232609293,
    42.429741562
  ],
  ""type"": ""Point""
}",-83.2326092929999,42.4297415620001
6034,9376043,CHALMERS,LINVILLE,2015-09-23,23,9,2015,12,4,4,9,,4,0,,1,1,2,35,3,2,3,4,0,0,0,1,false,,false,false,false,false,false,,,,,,false,false,true,,,false,false,false,false,false,-82.9631,42.40203,"{
  ""coordinates"": [
    -8.296310386999990e+01,
    4.240203040400010e+01
  ],
  ""type"": ""Point""
}","{
  ""coordinates"": [
    -82.96310387,
    42.402030404
  ],
  ""type"": ""Point""
}",-82.9631038699999,42.4020304040001
6035,9378362,CASS,ELIZABETH,2015-09-23,23,9,2015,17,4,4,9,,4,0,,1,2,1,30,3,2,5,4,0,0,0,1,false,,true,false,false,false,false,,,,,,false,false,false,,,false,false,false,false,false,-83.05526,42.33598,"{
  ""coordinates"": [
    -8.305525821099999e+01,
    4.233598453100010e+01
  ],
  ""type"": ""Point""
}","{
  ""coordinates"": [
    -83.055258211,
    42.335984531
  ],
  ""type"": ""Point""
}",-83.055258211,42.3359845310001
6036,9390986,S M 39,OUTER,2015-09-23,23,9,2015,10,4,8,3,,1,0,,1,1,1,50,4,2,2,5,0,0,0,0,true,,false,false,false,false,false,,,,,,false,true,false,,,false,false,false,false,false,-83.219,42.41931,"{
  ""coordinates"": [
    -8.321900402599989e+01,
    4.241930734500000e+01
  ],
  ""type"": ""Point""
}","{
  ""coordinates"": [
    -83.219004026,
    42.419307345
  ],
  ""type"": ""Point""
}",-83.2190040259999,42.419307345
6037,9379702,PREST,MARGARETA,2015-09-23,23,9,2015,14,4,8,9,,,0,,1,1,1,25,2,2,3,5,0,0,0,0,true,,false,false,false,false,false,,,,,,false,false,true,,,false,false,false,false,false,-83.19852,42.4268,"{
  ""coordinates"": [
    -8.319852786000000e+01,
    4.242679702900010e+01
  ],
  ""type"": ""Point""
}","{
  ""coordinates"": [
    -83.19852786,
    42.426797029
  ],
  ""type"": ""Point""
}",-83.19852786,42.4267970290001
6038,9380575,VAN DYKE,STOCKTON,2015-09-23,23,9,2015,23,4,5,3,,1,0,,1,1,4,35,4,2,1,5,0,0,0,0,true,,false,false,true,false,false,,,,,,false,false,true,,,false,false,false,false,false,-83.02405,42.4287,"{
  ""coordinates"": [
    -8.302404958400000e+01,
    4.242869609600010e+01
  ],
  ""type"": ""Point""
}","{
  ""coordinates"": [
    -83.024049584,
    42.428696096
  ],
  ""type"": ""Point""
}",-83.024049584,42.4286960960001
6039,9379708,WOODWARD,HOLLYWOOD,2015-09-23,23,9,2015,14,4,8,3,,1,0,,1,1,1,40,4,2,2,5,0,0,0,0,true,,false,false,false,false,false,,,,,,false,true,false,,,false,false,false,false,false,-83.11404,42.43073,"{
  ""coordinates"": [
    -8.311403695800000e+01,
    4.243073338100000e+01
  ],
  ""type"": ""Point""
}","{
  ""coordinates"": [
    -83.114036958,
    42.430733381
  ],
  ""type"": ""Point""
}",-83.114036958,42.430733381
6040,9375243,N M 10,RAMP 122B,2015-09-23,23,9,2015,17,4,5,3,,1,0,,1,1,1,55,3,3,4,5,0,0,0,0,true,,false,false,true,false,false,,,,,,false,false,true,,,false,false,false,false,false,-83.06503,42.33672,"{
  ""coordinates"": [
    -8.306502406300000e+01,
    4.233672077100000e+01
  ],
  ""type"": ""Point""
}","{
  ""coordinates"": [
    -83.065024063,
    42.336720771
  ],
  ""type"": ""Point""
}",-83.065024063,42.336720771
6041,9376051,DAVISON,CONANT,2015-09-23,23,9,2015,18,4,9,3,,4,0,,1,1,1,25,2,2,1,5,0,0,0,0,true,,false,false,false,false,false,,,,,,false,false,true,,,false,false,false,false,false,-83.06146,42.41553,"{
  ""coordinates"": [
    -8.306146074999999e+01,
    4.241552609000010e+01
  ],
  ""type"": ""Point""
}","{
  ""coordinates"": [
    -83.06146075,
    42.41552609
  ],
  ""type"": ""Point""
}",-83.06146075,42.4155260900001
6042,9379296,BENTLER,SCHOOLCRAFT,2015-09-23,23,9,2015,12,4,1,9,,,0,,1,1,1,25,2,2,2,4,0,0,0,1,false,,false,false,true,false,false,,,,,,false,false,false,,,false,false,false,true,false,-83.25144,42.38599,"{
  ""coordinates"": [
    -8.325144343400000e+01,
    4.238598763700000e+01
  ],
  ""type"": ""Point""
}","{
  ""coordinates"": [
    -83.251443434,
    42.385987637
  ],
  ""type"": ""Point""
}",-83.251443434,42.385987637
6043,9376045,TYRONE,MOROSS,2015-09-23,23,9,2015,15,4,5,9,,,0,,1,1,1,30,1,2,3,5,0,0,0,0,true,,false,false,false,false,false,,,,,,false,false,false,,,false,false,false,false,false,-82.92477,42.42296,"{
  ""coordinates"": [
    -8.292477641900000e+01,
    4.242296393100000e+01
  ],
  ""type"": ""Point""
}","{
  ""coordinates"": [
    -82.924776419,
    42.422963931
  ],
  ""type"": ""Point""
}",-82.924776419,42.422963931
6044,9400284,BRAILE,8 MILE,2015-09-23,23,9,2015,21,4,8,9,,,0,,1,1,4,25,2,4,1,4,0,0,0,1,false,,false,false,false,false,false,,,,,,false,false,false,,,false,false,false,false,false,-83.24664,42.443,"{
  ""coordinates"": [
    -8.324664186500000e+01,
    4.244299979800010e+01
  ],
  ""type"": ""Point""
}","{
  ""coordinates"": [
    -83.246641865,
    42.442999798
  ],
  ""type"": ""Point""
}",-83.246641865,42.4429997980001
6045,9375284,M10,WARREN,2015-09-23,23,9,2015,9,4,8,3,,1,0,,1,4,1,55,4,2,2,5,0,0,0,0,true,,false,false,false,false,false,,,,,,false,false,true,,,false,false,false,false,false,-83.07432,42.35498,"{
  ""coordinates"": [
    -8.307431520800000e+01,
    4.235497489600000e+01
  ],
  ""type"": ""Point""
}","{
  ""coordinates"": [
    -83.074315208,
    42.354974896
  ],
  ""type"": ""Point""
}",-83.074315208,42.354974896