ObjectId,Crash ID,Primary Road,Intersecting Road,Crash Date,Day,Month,Year,Hour,Weekday,Crash Type Code,Highway Classification Code,Community Code,Jurisdiction Code,Lane Departure Type Code,Surface Type,Road Condition,Weather Condition,Lighting Condition,Speed Limit,Lanes,Units,Occupants,Most Severe Injury,Fatal Injuries,Suspected Serious Injuries,Suspected Minor Injuries,Possible Injuries,Property Damage Only,Secondary Crash,Traffic Control,Red Light Run,Hit and Run,Alcohol,Drugs,Unbelted Person,Work Zone,Speeding Driver,Distracted Driver,Driveway,Pedestrian,Elderly Driver,Young Driver,Commercial Vehicle,Emergency Vehicles,Train,School Bus,Motorcycle,Bicycle,Deer,Longitude,Latitude,geom,geog,x,y
6103,9374455,LARNED,MCDOUGALL,2015-09-22,22,9,2015,8,3,4,9,,4,0,,1,1,1,30,2,2,2,5,0,0,0,0,true,,true,true,false,false,false,,,,,,false,false,false,,,false,false,false,false,false,-83.01677,42.34169,"{
  ""coordinates"": [
    -8.301676660699999e+01,
    4.234168909100000e+01
  ],
  ""type"": ""Point""
}","{
  ""coordinates"": [
    -83.016766607,
    42.341689091
  ],
  ""type"": ""Point""
}",-83.016766607,42.341689091
6104,9379264,14TH,E I 94,2015-09-22,22,9,2015,4,3,5,9,,4,0,,1,1,4,30,3,2,1,3,0,0,1,0,false,,false,false,false,false,false,,,,,,false,true,false,,,false,false,false,false,false,-83.08893,42.35321,"{
  ""coordinates"": [
    -8.308892867199999e+01,
    4.235320896900000e+01
  ],
  ""type"": ""Point""
}","{
  ""coordinates"": [
    -83.088928672,
    42.353208969
  ],
  ""type"": ""Point""
}",-83.088928672,42.353208969
6105,9378106,NB M-39,OUTER,2015-09-22,22,9,2015,8,3,5,3,,1,0,,1,1,1,55,3,3,3,5,0,0,0,0,true,,false,false,false,false,false,,,,,,false,false,true,,,false,false,false,false,false,-83.21886,42.42052,"{
  ""coordinates"": [
    -8.321886574299999e+01,
    4.242052454700010e+01
  ],
  ""type"": ""Point""
}","{
  ""coordinates"": [
    -83.218865743,
    42.420524547
  ],
  ""type"": ""Point""
}",-83.218865743,42.4205245470001
6106,9375393,GRAND RIVER,SUSSEX,2015-09-22,22,9,2015,18,3,4,3,,1,0,,1,1,1,35,4,2,2,5,0,0,0,0,true,,true,false,true,false,false,,,,,,false,false,false,,,false,false,false,false,false,-83.19514,42.39136,"{
  ""coordinates"": [
    -8.319514084699991e+01,
    4.239135832400010e+01
  ],
  ""type"": ""Point""
}","{
  ""coordinates"": [
    -83.195140847,
    42.391358324
  ],
  ""type"": ""Point""
}",-83.1951408469999,42.3913583240001
6107,9378112,SB M-39,MCNICHOLS,2015-09-22,22,9,2015,17,3,5,3,,1,0,,1,1,1,55,3,2,3,4,0,0,0,1,false,,false,false,false,false,false,,,,,,false,false,false,,,false,false,false,false,false,-83.21887,42.41409,"{
  ""coordinates"": [
    -8.321886869799989e+01,
    4.241409182900000e+01
  ],
  ""type"": ""Point""
}","{
  ""coordinates"": [
    -83.218868698,
    42.414091829
  ],
  ""type"": ""Point""
}",-83.2188686979999,42.414091829
6108,9374460,WASHBURN,CHIPPEWA,2015-09-22,22,9,2015,15,3,5,9,,,0,,1,1,1,25,4,2,1,5,0,0,0,0,true,,false,false,true,false,false,,,,,,false,false,false,,,false,false,false,false,false,-83.16238,42.44077,"{
  ""coordinates"": [
    -8.316237636900000e+01,
    4.244077100200010e+01
  ],
  ""type"": ""Point""
}","{
  ""coordinates"": [
    -83.162376369,
    42.440771002
  ],
  ""type"": ""Point""
}",-83.162376369,42.4407710020001
6109,9459305,I 75,SCHAEFER,2015-09-22,22,9,2015,18,3,8,1,,1,0,,1,1,1,70,3,2,2,5,0,0,0,0,true,,false,false,true,false,false,,,,,,false,false,true,,,false,false,false,false,false,-83.16057,42.27539,"{
  ""coordinates"": [
    -8.316056945000000e+01,
    4.227539564100000e+01
  ],
  ""type"": ""Point""
}","{
  ""coordinates"": [
    -83.16056945,
    42.275395641
  ],
  ""type"": ""Point""
}",-83.16056945,42.275395641
6110,9377226,DAVISON,WILDEMERE,2015-09-22,22,9,2015,17,3,5,3,,1,0,,1,1,1,35,7,2,2,5,0,0,0,0,true,,false,false,false,false,false,,,,,,false,false,false,,,false,false,false,false,false,-83.1275,42.39098,"{
  ""coordinates"": [
    -8.312750370700000e+01,
    4.239098426500000e+01
  ],
  ""type"": ""Point""
}","{
  ""coordinates"": [
    -83.127503707,
    42.390984265
  ],
  ""type"": ""Point""
}",-83.127503707,42.390984265
6111,9432388,SCHOENHERR,GRIENER,2015-09-22,22,9,2015,9,3,4,9,,4,0,,1,1,1,25,1,2,2,5,0,0,0,0,true,,false,false,false,false,false,,,,,,false,false,true,,,false,false,false,false,false,-82.98482,42.42767,"{
  ""coordinates"": [
    -8.298481449199990e+01,
    4.242767131500010e+01
  ],
  ""type"": ""Point""
}","{
  ""coordinates"": [
    -82.984814492,
    42.427671315
  ],
  ""type"": ""Point""
}",-82.9848144919999,42.4276713150001
6112,9383480,MILITARY,VERNOR,2015-09-22,22,9,2015,19,3,97,9,,,0,,1,1,3,25,2,2,2,5,0,0,0,0,true,,false,false,false,false,false,,,,,,false,false,false,,,false,false,false,true,false,-83.10687,42.31576,"{
  ""coordinates"": [
    -8.310687307900000e+01,
    4.231575782700000e+01
  ],
  ""type"": ""Point""
}","{
  ""coordinates"": [
    -83.106873079,
    42.315757827
  ],
  ""type"": ""Point""
}",-83.106873079,42.315757827
6113,9374486,SEVEN MILE,RIVERVIEW,2015-09-22,22,9,2015,8,3,5,9,,2,0,,1,1,1,35,4,2,1,5,0,0,0,0,true,,false,false,true,false,false,,,,,,false,false,false,,,false,false,false,false,false,-83.27536,42.42899,"{
  ""coordinates"": [
    -8.327535746000000e+01,
    4.242898934400010e+01
  ],
  ""type"": ""Point""
}","{
  ""coordinates"": [
    -83.27535746,
    42.428989344
  ],
  ""type"": ""Point""
}",-83.27535746,42.4289893440001
6114,9375403,DEACON,PLEASANT,2015-09-22,22,9,2015,13,3,97,9,,,0,,1,1,1,25,3,2,2,5,0,0,0,0,true,,false,false,false,false,false,,,,,,false,false,false,,,false,false,false,false,false,-83.14111,42.28302,"{
  ""coordinates"": [
    -8.314111348599990e+01,
    4.228302247200000e+01
  ],
  ""type"": ""Point""
}","{
  ""coordinates"": [
    -83.141113486,
    42.283022472
  ],
  ""type"": ""Point""
}",-83.1411134859999,42.283022472
6115,9383539,WENDELL,PITT,2015-09-22,22,9,2015,15,3,1,9,,,0,,1,1,1,25,1,1,1,4,0,0,0,1,false,,false,false,false,false,false,,,,,,false,false,false,,,false,false,true,false,false,-83.13221,42.31155,"{
  ""coordinates"": [
    -8.313221326000000e+01,
    4.231154787800010e+01
  ],
  ""type"": ""Point""
}","{
  ""coordinates"": [
    -83.13221326,
    42.311547878
  ],
  ""type"": ""Point""
}",-83.13221326,42.3115478780001
6116,9478384,S M 10,PALLISTER,2015-09-22,22,9,2015,11,3,4,3,,1,0,,1,1,1,25,2,2,2,5,0,0,0,0,true,,false,false,false,false,false,,,,,,false,false,false,,,false,false,false,false,false,-83.08403,42.37023,"{
  ""coordinates"": [
    -8.308402755899991e+01,
    4.237023168500010e+01
  ],
  ""type"": ""Point""
}","{
  ""coordinates"": [
    -83.084027559,
    42.370231685
  ],
  ""type"": ""Point""
}",-83.0840275589999,42.3702316850001
6117,9374487,S M 39 SERVICE DRIVE,FORD,2015-09-22,22,9,2015,9,3,5,3,,1,0,,1,1,1,30,2,2,2,5,0,0,0,0,true,,false,false,false,false,false,,,,,,false,false,false,,,false,false,false,false,false,-83.216,42.32912,"{
  ""coordinates"": [
    -8.321599813599990e+01,
    4.232912092800010e+01
  ],
  ""type"": ""Point""
}","{
  ""coordinates"": [
    -83.215998136,
    42.329120928
  ],
  ""type"": ""Point""
}",-83.2159981359999,42.3291209280001
6118,9374464,FITZPATRICK,S M 39 SERVICE DRIVE,2015-09-22,22,9,2015,2,3,1,9,,4,1,,1,2,4,0,2,1,2,4,0,0,0,1,false,,false,false,false,false,false,,,,,,false,false,false,,,false,false,false,false,false,-83.21699,42.3638,"{
  ""coordinates"": [
    -8.321699063699999e+01,
    4.236379779100000e+01
  ],
  ""type"": ""Point""
}","{
  ""coordinates"": [
    -83.216990637,
    42.363797791
  ],
  ""type"": ""Point""
}",-83.216990637,42.363797791
6119,9374353,M-10,GRAND,2015-09-22,22,9,2015,22,3,1,3,,1,0,,1,1,4,55,3,1,1,5,0,0,0,0,true,,false,false,false,false,false,,,,,,false,false,true,,,false,false,false,false,false,-83.0836,42.36958,"{
  ""coordinates"": [
    -8.308360185399989e+01,
    4.236958499200010e+01
  ],
  ""type"": ""Point""
}","{
  ""coordinates"": [
    -83.083601854,
    42.369584992
  ],
  ""type"": ""Point""
}",-83.0836018539999,42.3695849920001
6120,9376044,WARREN,BLUEHILL,2015-09-22,22,9,2015,15,3,5,9,,4,0,,1,1,1,30,3,2,4,5,0,0,0,0,true,,false,false,false,false,false,,,,,,false,true,true,,,false,false,false,false,false,-82.92813,42.40669,"{
  ""coordinates"": [
    -8.292813225899990e+01,
    4.240669161900010e+01
  ],
  ""type"": ""Point""
}","{
  ""coordinates"": [
    -82.928132259,
    42.406691619
  ],
  ""type"": ""Point""
}",-82.9281322589999,42.4066916190001
6121,9378131,I 96 E/B,MICHIGAN,2015-09-22,22,9,2015,11,3,1,1,,1,0,,1,1,1,55,2,1,1,5,0,0,0,0,true,,false,false,false,false,false,,,,,,false,false,false,,,false,false,false,false,false,-83.08736,42.33157,"{
  ""coordinates"": [
    -8.308736309999991e+01,
    4.233157241800010e+01
  ],
  ""type"": ""Point""
}","{
  ""coordinates"": [
    -83.0873631,
    42.331572418
  ],
  ""type"": ""Point""
}",-83.0873630999999,42.3315724180001
6122,9374323,I-94,DICKERSON,2015-09-22,22,9,2015,22,3,97,1,,1,0,,1,1,4,55,3,2,2,5,0,0,0,0,true,,false,false,false,false,false,,,,,,false,false,false,,,false,false,false,false,false,-82.97661,42.40072,"{
  ""coordinates"": [
    -8.297660450799999e+01,
    4.240072317500010e+01
  ],
  ""type"": ""Point""
}","{
  ""coordinates"": [
    -82.976604508,
    42.400723175
  ],
  ""type"": ""Point""
}",-82.976604508,42.4007231750001
6123,9416458,FORD,HARTWELL,2015-09-22,22,9,2015,13,3,5,9,,,0,,1,1,1,40,4,3,5,4,0,0,0,2,false,,false,false,false,false,false,,,,,,false,false,false,,,false,false,false,false,false,-83.17867,42.4257,"{
  ""coordinates"": [
    -8.317867536400000e+01,
    4.242570562700010e+01
  ],
  ""type"": ""Point""
}","{
  ""coordinates"": [
    -83.178675364,
    42.425705627
  ],
  ""type"": ""Point""
}",-83.178675364,42.4257056270001
6124,9374491,BALFOUR,WHITTIER,2015-09-22,22,9,2015,12,3,8,9,,,0,,1,1,1,30,2,2,3,5,0,0,0,0,true,,false,false,true,false,false,,,,,,false,false,false,,,false,false,false,false,false,-82.94862,42.41513,"{
  ""coordinates"": [
    -8.294861975600000e+01,
    4.241513228300000e+01
  ],
  ""type"": ""Point""
}","{
  ""coordinates"": [
    -82.948619756,
    42.415132283
  ],
  ""type"": ""Point""
}",-82.948619756,42.415132283
6125,9378116,I-75,MICHIGAN,2015-09-22,22,9,2015,9,3,5,1,,1,0,,1,1,1,70,6,3,3,5,0,0,0,0,true,,false,false,false,false,false,,,,,,false,false,true,,,false,false,false,false,false,-83.08435,42.3316,"{
  ""coordinates"": [
    -8.308435295399990e+01,
    4.233160321400000e+01
  ],
  ""type"": ""Point""
}","{
  ""coordinates"": [
    -83.084352954,
    42.331603214
  ],
  ""type"": ""Point""
}",-83.0843529539999,42.331603214
6126,9378110,SB M-39,GRAND RIVER,2015-09-22,22,9,2015,10,3,5,3,,1,0,,1,1,1,55,5,2,1,5,0,0,0,0,true,,false,false,true,false,false,,,,,,false,false,false,,,false,false,false,false,false,-83.21835,42.39929,"{
  ""coordinates"": [
    -8.321834219399990e+01,
    4.239929203500000e+01
  ],
  ""type"": ""Point""
}","{
  ""coordinates"": [
    -83.218342194,
    42.399292035
  ],
  ""type"": ""Point""
}",-83.2183421939999,42.399292035
6127,9374469,JEFFERSON,MOUNT ELLIOTT,2015-09-22,22,9,2015,7,3,9,9,,4,0,,1,1,1,35,3,2,2,5,0,0,0,0,true,,false,false,false,false,false,,,,,,false,false,true,,,false,false,false,false,false,-83.01006,42.34365,"{
  ""coordinates"": [
    -8.301005981199999e+01,
    4.234365089800010e+01
  ],
  ""type"": ""Point""
}","{
  ""coordinates"": [
    -83.010059812,
    42.343650898
  ],
  ""type"": ""Point""
}",-83.010059812,42.3436508980001
6128,9375418,EVERGREEN,WARREN,2015-09-22,22,9,2015,17,3,5,9,,4,0,,1,1,1,30,6,2,20,5,0,0,0,0,true,,false,false,false,false,false,,,,,,false,false,false,,,false,false,false,false,false,-83.23537,42.34298,"{
  ""coordinates"": [
    -8.323537346900000e+01,
    4.234297949700000e+01
  ],
  ""type"": ""Point""
}","{
  ""coordinates"": [
    -83.235373469,
    42.342979497
  ],
  ""type"": ""Point""
}",-83.235373469,42.342979497
6129,9374477,TIREMAN,S M 39,2015-09-22,22,9,2015,17,3,1,9,,4,0,,1,1,1,35,2,2,1,4,0,0,0,1,false,,false,false,false,false,false,,,,,,true,false,true,,,false,false,false,false,false,-83.21644,42.35061,"{
  ""coordinates"": [
    -8.321643763199999e+01,
    4.235061441100000e+01
  ],
  ""type"": ""Point""
}","{
  ""coordinates"": [
    -83.216437632,
    42.350614411
  ],
  ""type"": ""Point""
}",-83.216437632,42.350614411
6130,9399340,GRAND,CASS,2015-09-22,22,9,2015,12,3,5,9,,4,0,,1,1,1,0,3,2,3,5,0,0,0,0,true,,false,false,true,false,false,,,,,,false,true,false,,,false,false,false,false,false,-83.07476,42.36963,"{
  ""coordinates"": [
    -8.307475917900000e+01,
    4.236962433900000e+01
  ],
  ""type"": ""Point""
}","{
  ""coordinates"": [
    -83.074759179,
    42.369624339
  ],
  ""type"": ""Point""
}",-83.074759179,42.369624339
6131,9378433,JOHN C,FOREST,2015-09-22,22,9,2015,15,3,5,3,,1,0,,1,1,1,25,2,2,2,5,0,0,0,0,true,,false,false,false,false,false,,,,,,false,false,true,,,false,false,false,false,false,-83.07243,42.3518,"{
  ""coordinates"": [
    -8.307242669999989e+01,
    4.235180285500010e+01
  ],
  ""type"": ""Point""
}","{
  ""coordinates"": [
    -83.0724267,
    42.351802855
  ],
  ""type"": ""Point""
}",-83.0724266999999,42.3518028550001
6132,9376049,MCNICHOLS,JOS CAMPAU,2015-09-22,22,9,2015,16,3,4,9,,4,0,,1,1,1,35,5,3,3,3,0,0,2,1,false,,true,true,false,false,false,,,,,,false,false,true,,,false,false,false,false,false,-83.07258,42.4186,"{
  ""coordinates"": [
    -8.307257814099999e+01,
    4.241859792600010e+01
  ],
  ""type"": ""Point""
}","{
  ""coordinates"": [
    -83.072578141,
    42.418597926
  ],
  ""type"": ""Point""
}",-83.072578141,42.4185979260001
6133,9374313,W I 96 CD,RAMP 137E,2015-09-22,22,9,2015,9,3,8,1,,1,0,,1,1,1,55,4,2,5,5,0,0,0,0,true,,false,false,false,false,false,,,,,,false,false,false,,,false,false,false,false,false,-83.18197,42.38269,"{
  ""coordinates"": [
    -8.318196985000000e+01,
    4.238268916100000e+01
  ],
  ""type"": ""Point""
}","{
  ""coordinates"": [
    -83.18196985,
    42.382689161
  ],
  ""type"": ""Point""
}",-83.18196985,42.382689161
6134,9374463,PENROD,WADSWORTH,2015-09-22,22,9,2015,0,3,8,9,,,0,,1,2,4,25,2,2,0,5,0,0,0,0,true,,false,false,true,false,false,,,,,,false,false,false,,,false,false,false,false,false,-83.22053,42.37417,"{
  ""coordinates"": [
    -8.322052779300000e+01,
    4.237417198500000e+01
  ],
  ""type"": ""Point""
}","{
  ""coordinates"": [
    -83.220527793,
    42.374171985
  ],
  ""type"": ""Point""
}",-83.220527793,42.374171985
6135,9379288,SAINT JOHN,MARTIN,2015-09-22,22,9,2015,15,3,9,9,,,2,,1,1,1,25,4,2,1,5,0,0,0,0,true,,false,false,false,false,false,,,,,,false,false,false,,,false,false,false,false,false,-83.12845,42.32953,"{
  ""coordinates"": [
    -8.312844873700000e+01,
    4.232952747900000e+01
  ],
  ""type"": ""Point""
}","{
  ""coordinates"": [
    -83.128448737,
    42.329527479
  ],
  ""type"": ""Point""
}",-83.128448737,42.329527479
6136,9373536,TELEGRAPH,8 MILE,2015-09-21,21,9,2015,21,2,8,2,,1,0,,1,1,4,45,4,2,1,5,0,0,0,0,true,,false,false,true,false,false,,,,,,false,false,false,,,false,false,false,false,false,-83.27856,42.44265,"{
  ""coordinates"": [
    -8.327856190200001e+01,
    4.244264628300000e+01
  ],
  ""type"": ""Point""
}","{
  ""coordinates"": [
    -83.278561902,
    42.442646283
  ],
  ""type"": ""Point""
}",-83.278561902,42.442646283
6137,9373516,GRATIOT,CONNER,2015-09-21,21,9,2015,7,2,4,3,,1,0,,1,1,1,35,7,2,2,5,0,0,0,0,true,,false,false,false,false,false,,,,,,false,false,false,,,false,false,false,false,false,-82.99742,42.40503,"{
  ""coordinates"": [
    -8.299741752100000e+01,
    4.240502552700010e+01
  ],
  ""type"": ""Point""
}","{
  ""coordinates"": [
    -82.997417521,
    42.405025527
  ],
  ""type"": ""Point""
}",-82.997417521,42.4050255270001
6138,9374461,GREENLAWN,MCNICHOLS,2015-09-21,21,9,2015,19,2,8,9,,,0,,1,1,1,25,2,2,1,4,0,0,0,1,false,,false,false,true,false,false,,,,,,false,false,false,,,false,false,false,false,false,-83.15115,42.41704,"{
  ""coordinates"": [
    -8.315115594199990e+01,
    4.241703895700000e+01
  ],
  ""type"": ""Point""
}","{
  ""coordinates"": [
    -83.151155942,
    42.417038957
  ],
  ""type"": ""Point""
}",-83.1511559419999,42.417038957
6139,9375395,PURITAN,WHITCOMB,2015-09-21,21,9,2015,9,2,4,9,,4,0,,1,1,1,30,4,2,2,5,0,0,0,0,true,,false,false,false,false,false,,,,,,false,false,false,,,false,false,false,false,false,-83.19656,42.40882,"{
  ""coordinates"": [
    -8.319655455700000e+01,
    4.240882448200010e+01
  ],
  ""type"": ""Point""
}","{
  ""coordinates"": [
    -83.196554557,
    42.408824482
  ],
  ""type"": ""Point""
}",-83.196554557,42.4088244820001
6140,9374514,JAMES COUZENS,PEMBROKE,2015-09-21,21,9,2015,17,2,8,9,,4,0,,1,1,1,30,2,2,2,5,0,0,0,0,true,,false,false,false,false,false,,,,,,false,false,false,,,false,false,false,false,false,-83.19473,42.43795,"{
  ""coordinates"": [
    -8.319473458100001e+01,
    4.243794810300010e+01
  ],
  ""type"": ""Point""
}","{
  ""coordinates"": [
    -83.194734581,
    42.437948103
  ],
  ""type"": ""Point""
}",-83.194734581,42.4379481030001
6141,9386476,MACKENZIE,CENTRAL,2015-09-21,21,9,2015,18,2,4,9,,,0,,1,1,1,25,2,2,2,5,0,0,0,0,true,,true,false,true,false,false,,,,,,false,false,true,,,false,false,false,false,false,-83.14629,42.35692,"{
  ""coordinates"": [
    -8.314628464799991e+01,
    4.235691782100000e+01
  ],
  ""type"": ""Point""
}","{
  ""coordinates"": [
    -83.146284648,
    42.356917821
  ],
  ""type"": ""Point""
}",-83.1462846479999,42.356917821
6142,9378430,CANFIELD,BRUSH,2015-09-21,21,9,2015,8,2,7,9,,4,0,,1,1,1,30,2,2,1,5,0,0,0,0,true,,false,false,true,false,false,,,,,,false,false,false,,,false,false,false,false,false,-83.05711,42.35456,"{
  ""coordinates"": [
    -8.305711466500000e+01,
    4.235456334000000e+01
  ],
  ""type"": ""Point""
}","{
  ""coordinates"": [
    -83.057114665,
    42.35456334
  ],
  ""type"": ""Point""
}",-83.057114665,42.35456334
6143,9379279,THIRD,PINGREE,2015-09-21,21,9,2015,8,2,4,9,,4,0,,1,1,1,30,4,2,2,5,0,0,0,0,true,,false,false,false,false,false,,,,,,false,false,true,,,false,false,false,false,false,-83.08502,42.37659,"{
  ""coordinates"": [
    -8.308502311200000e+01,
    4.237659019700000e+01
  ],
  ""type"": ""Point""
}","{
  ""coordinates"": [
    -83.085023112,
    42.376590197
  ],
  ""type"": ""Point""
}",-83.085023112,42.376590197
6144,9402750,PRAIRE,SANTA MARIA,2015-09-21,21,9,2015,7,2,5,9,,,0,,1,1,2,25,2,2,2,5,0,0,0,0,true,,false,false,false,false,false,,,,,,false,false,false,,,false,false,false,false,false,-83.14523,42.41902,"{
  ""coordinates"": [
    -8.314523174700000e+01,
    4.241901735300010e+01
  ],
  ""type"": ""Point""
}","{
  ""coordinates"": [
    -83.145231747,
    42.419017353
  ],
  ""type"": ""Point""
}",-83.145231747,42.4190173530001
6145,9378426,WARREN,WOODWARD,2015-09-21,21,9,2015,16,2,8,9,,4,0,,1,1,1,30,3,2,2,5,0,0,0,0,true,,false,false,true,false,false,,,,,,false,false,false,,,false,false,false,false,false,-83.06496,42.35658,"{
  ""coordinates"": [
    -8.306496680899990e+01,
    4.235658160800010e+01
  ],
  ""type"": ""Point""
}","{
  ""coordinates"": [
    -83.064966809,
    42.356581608
  ],
  ""type"": ""Point""
}",-83.0649668089999,42.3565816080001
6146,9374482,CHENE,VERNOR,2015-09-21,21,9,2015,16,2,4,9,,4,0,,1,1,1,30,3,3,19,3,0,0,1,6,false,,true,true,false,false,false,,,,,,false,false,false,,,false,true,false,false,false,-83.0303,42.34986,"{
  ""coordinates"": [
    -8.303030237900001e+01,
    4.234986478900000e+01
  ],
  ""type"": ""Point""
}","{
  ""coordinates"": [
    -83.030302379,
    42.349864789
  ],
  ""type"": ""Point""
}",-83.030302379,42.349864789
6147,9379286,GREENFIELD,OUTER,2015-09-21,21,9,2015,16,2,5,9,,2,0,,1,1,1,30,8,2,2,5,0,0,0,0,true,,false,false,false,false,false,,,,,,false,true,false,,,false,false,false,false,false,-83.19944,42.41946,"{
  ""coordinates"": [
    -8.319943838700000e+01,
    4.241946487400000e+01
  ],
  ""type"": ""Point""
}","{
  ""coordinates"": [
    -83.199438387,
    42.419464874
  ],
  ""type"": ""Point""
}",-83.199438387,42.419464874
6148,9383547,CHATHAM,PLYMOUTH,2015-09-21,21,9,2015,17,2,97,9,,,0,,1,1,1,35,4,2,0,5,0,0,0,0,true,,false,false,false,false,false,,,,,,true,false,false,,,false,false,false,false,false,-83.26218,42.3716,"{
  ""coordinates"": [
    -8.326218239400001e+01,
    4.237159946800010e+01
  ],
  ""type"": ""Point""
}","{
  ""coordinates"": [
    -83.262182394,
    42.371599468
  ],
  ""type"": ""Point""
}",-83.262182394,42.3715994680001
6149,9378170,I-75,SCHAEFER,2015-09-21,21,9,2015,15,2,8,1,,1,0,,1,1,1,55,4,2,3,5,0,0,0,0,true,,false,false,false,false,false,,,,,,false,false,true,,,false,false,false,false,false,-83.15469,42.27789,"{
  ""coordinates"": [
    -8.315468418200000e+01,
    4.227788357500000e+01
  ],
  ""type"": ""Point""
}","{
  ""coordinates"": [
    -83.154684182,
    42.277883575
  ],
  ""type"": ""Point""
}",-83.154684182,42.277883575
6150,9378174,N M 10,CLAIRMOUNT,2015-09-21,21,9,2015,17,2,5,3,,1,0,,1,1,1,70,3,2,2,5,0,0,0,0,true,,false,false,false,false,false,,,,,,false,false,false,,,false,false,false,false,false,-83.08947,42.37866,"{
  ""coordinates"": [
    -8.308946707299999e+01,
    4.237866334800000e+01
  ],
  ""type"": ""Point""
}","{
  ""coordinates"": [
    -83.089467073,
    42.378663348
  ],
  ""type"": ""Point""
}",-83.089467073,42.378663348
6151,9373511,STATE FAIR,CRUSADE,2015-09-21,21,9,2015,14,2,97,9,,5,0,,1,1,1,30,2,2,0,5,0,0,0,0,true,,false,false,true,false,false,,,,,,false,false,false,,,false,false,false,false,false,-82.9607,42.44276,"{
  ""coordinates"": [
    -8.296069817800000e+01,
    4.244276241500010e+01
  ],
  ""type"": ""Point""
}","{
  ""coordinates"": [
    -82.960698178,
    42.442762415
  ],
  ""type"": ""Point""
}",-82.960698178,42.4427624150001
6152,9374498,OUTER,CONANT,2015-09-21,21,9,2015,21,2,9,9,,2,0,,1,1,4,35,3,2,4,5,0,0,0,0,true,,false,false,false,false,false,,,,,,false,false,false,,,false,false,false,false,false,-83.07895,42.44027,"{
  ""coordinates"": [
    -8.307894786400000e+01,
    4.244026728100000e+01
  ],
  ""type"": ""Point""
}","{
  ""coordinates"": [
    -83.078947864,
    42.440267281
  ],
  ""type"": ""Point""
}",-83.078947864,42.440267281
6153,9375394,SCHAEFER,E I 96 SERVICE DRIVE,2015-09-21,21,9,2015,9,2,5,1,,4,0,,1,1,1,30,4,2,2,5,0,0,0,0,true,,false,false,true,false,false,,,,,,false,false,false,,,false,false,false,false,false,-83.17834,42.38265,"{
  ""coordinates"": [
    -8.317833551900000e+01,
    4.238265065500010e+01
  ],
  ""type"": ""Point""
}","{
  ""coordinates"": [
    -83.178335519,
    42.382650655
  ],
  ""type"": ""Point""
}",-83.178335519,42.3826506550001
6154,9374317,I 75,FERRY,2015-09-21,21,9,2015,19,2,1,1,,1,0,,1,1,3,70,3,1,1,5,0,0,0,0,true,,false,false,false,false,false,,,,,,false,false,false,,,false,false,false,false,false,-83.05673,42.36538,"{
  ""coordinates"": [
    -8.305673051900000e+01,
    4.236538096700010e+01
  ],
  ""type"": ""Point""
}","{
  ""coordinates"": [
    -83.056730519,
    42.365380967
  ],
  ""type"": ""Point""
}",-83.056730519,42.3653809670001
6155,9373532,EVERGREEN,PAUL,2015-09-21,21,9,2015,18,2,4,9,,4,0,,1,1,1,30,2,2,3,4,0,0,0,2,false,,true,true,false,false,false,,,,,,false,false,true,,,false,false,false,false,false,-83.2351,42.33583,"{
  ""coordinates"": [
    -8.323509689600000e+01,
    4.233583195500010e+01
  ],
  ""type"": ""Point""
}","{
  ""coordinates"": [
    -83.235096896,
    42.335831955
  ],
  ""type"": ""Point""
}",-83.235096896,42.3358319550001
6156,9374501,OUTER,VAN DYKE,2015-09-21,21,9,2015,7,2,5,9,,2,0,,1,1,1,35,3,2,2,5,0,0,0,0,true,,false,false,false,false,false,,,,,,false,true,false,,,false,false,false,false,false,-83.02378,42.44117,"{
  ""coordinates"": [
    -8.302378106600000e+01,
    4.244116804900010e+01
  ],
  ""type"": ""Point""
}","{
  ""coordinates"": [
    -83.023781066,
    42.441168049
  ],
  ""type"": ""Point""
}",-83.023781066,42.4411680490001
6157,9374319,I 75,PIQUETTE,2015-09-21,21,9,2015,21,2,1,1,,1,1,,1,1,4,70,3,1,1,4,0,0,0,1,false,,false,false,false,false,false,,,,,,false,false,true,,,false,false,false,false,false,-83.05918,42.37062,"{
  ""coordinates"": [
    -8.305917880399990e+01,
    4.237062608400000e+01
  ],
  ""type"": ""Point""
}","{
  ""coordinates"": [
    -83.059178804,
    42.370626084
  ],
  ""type"": ""Point""
}",-83.0591788039999,42.370626084
6158,9373547,LODGE,8MILE,2015-09-21,21,9,2015,5,2,9,3,,1,2,,1,1,4,55,3,2,1,5,0,0,0,0,true,,false,false,true,false,false,,,,,,false,false,false,,,false,false,false,false,false,-83.20342,42.44459,"{
  ""coordinates"": [
    -8.320341989199990e+01,
    4.244459144900000e+01
  ],
  ""type"": ""Point""
}","{
  ""coordinates"": [
    -83.203419892,
    42.444591449
  ],
  ""type"": ""Point""
}",-83.2034198919999,42.444591449
6159,9374454,E I 94,CADILLAC,2015-09-21,21,9,2015,22,2,1,1,,1,1,,1,1,5,55,3,1,2,5,0,0,0,0,true,,false,false,false,false,false,,,,,,false,false,false,,,false,false,false,false,false,-83.00288,42.39197,"{
  ""coordinates"": [
    -8.300287800500000e+01,
    4.239197239400000e+01
  ],
  ""type"": ""Point""
}","{
  ""coordinates"": [
    -83.002878005,
    42.391972394
  ],
  ""type"": ""Point""
}",-83.002878005,42.391972394