ObjectId,Crash ID,Primary Road,Intersecting Road,Crash Date,Day,Month,Year,Hour,Weekday,Crash Type Code,Highway Classification Code,Community Code,Jurisdiction Code,Lane Departure Type Code,Surface Type,Road Condition,Weather Condition,Lighting Condition,Speed Limit,Lanes,Units,Occupants,Most Severe Injury,Fatal Injuries,Suspected Serious Injuries,Suspected Minor Injuries,Possible Injuries,Property Damage Only,Secondary Crash,Traffic Control,Red Light Run,Hit and Run,Alcohol,Drugs,Unbelted Person,Work Zone,Speeding Driver,Distracted Driver,Driveway,Pedestrian,Elderly Driver,Young Driver,Commercial Vehicle,Emergency Vehicles,Train,School Bus,Motorcycle,Bicycle,Deer,Longitude,Latitude,geom,geog,x,y
6274,9372581,PLYMOUTH,N M 39,2015-09-19,19,9,2015,19,7,8,9,,4,0,,1,1,1,35,7,2,2,5,0,0,0,0,true,,false,false,true,false,false,,,,,,false,false,false,,,false,false,false,false,false,-83.21661,42.37225,"{
  ""coordinates"": [
    -8.321661757500000e+01,
    4.237225469800010e+01
  ],
  ""type"": ""Point""
}","{
  ""coordinates"": [
    -83.216617575,
    42.372254698
  ],
  ""type"": ""Point""
}",-83.216617575,42.3722546980001
6275,9379724,GODDARD,GRIXDALE,2015-09-19,19,9,2015,20,7,5,9,,,0,,1,1,1,25,3,2,0,5,0,0,0,0,true,,false,false,true,false,false,,,,,,false,false,false,,,false,false,false,false,false,-83.07807,42.42842,"{
  ""coordinates"": [
    -8.307806993799990e+01,
    4.242842504900010e+01
  ],
  ""type"": ""Point""
}","{
  ""coordinates"": [
    -83.078069938,
    42.428425049
  ],
  ""type"": ""Point""
}",-83.0780699379999,42.4284250490001
6276,9372416,I-94,TARNOW,2015-09-19,19,9,2015,2,7,1,9,,4,1,,2,4,4,55,3,1,1,5,0,0,0,0,true,,false,false,false,false,false,,,,,,false,false,false,,,false,false,false,false,false,-83.13573,42.33279,"{
  ""coordinates"": [
    -8.313573722900000e+01,
    4.233279511000010e+01
  ],
  ""type"": ""Point""
}","{
  ""coordinates"": [
    -83.135737229,
    42.33279511
  ],
  ""type"": ""Point""
}",-83.135737229,42.3327951100001
6277,9372420,I-94,SCOTTEN,2015-09-19,19,9,2015,6,7,8,1,,1,0,,2,4,4,55,3,2,3,3,0,0,1,1,false,,false,false,false,false,false,,,,,,false,false,false,,,false,false,false,false,false,-83.11113,42.34628,"{
  ""coordinates"": [
    -8.311112721099990e+01,
    4.234627398700010e+01
  ],
  ""type"": ""Point""
}","{
  ""coordinates"": [
    -83.111127211,
    42.346273987
  ],
  ""type"": ""Point""
}",-83.1111272109999,42.3462739870001
6278,9374470,CHAREST,MINNESOTA,2015-09-19,19,9,2015,21,7,97,9,,,0,,1,1,4,25,1,3,1,4,0,0,0,1,false,,false,false,false,false,false,,,,,,true,false,false,,,false,false,false,false,false,-83.07002,42.42399,"{
  ""coordinates"": [
    -8.307002468600000e+01,
    4.242398733700000e+01
  ],
  ""type"": ""Point""
}","{
  ""coordinates"": [
    -83.070024686,
    42.423987337
  ],
  ""type"": ""Point""
}",-83.070024686,42.423987337
6279,9372441,I 75,7 MILE,2015-09-19,19,9,2015,9,7,8,1,,1,0,,2,4,1,70,4,2,2,4,0,0,0,1,false,,false,false,false,false,false,,,,,,false,false,false,,,false,false,false,false,false,-83.09458,42.43193,"{
  ""coordinates"": [
    -8.309458327899991e+01,
    4.243193386700010e+01
  ],
  ""type"": ""Point""
}","{
  ""coordinates"": [
    -83.094583279,
    42.431933867
  ],
  ""type"": ""Point""
}",-83.0945832789999,42.4319338670001
6280,9382434,CANIFF,ALPENA,2015-09-19,19,9,2015,3,7,97,9,,4,0,,2,4,98,35,2,2,1,5,0,0,0,0,true,,false,false,true,false,false,,,,,,true,false,false,,,false,false,false,false,false,-83.04398,42.40569,"{
  ""coordinates"": [
    -8.304397830399991e+01,
    4.240568729600010e+01
  ],
  ""type"": ""Point""
}","{
  ""coordinates"": [
    -83.043978304,
    42.405687296
  ],
  ""type"": ""Point""
}",-83.0439783039999,42.4056872960001
6281,9372593,WARREN,CADILLAC,2015-09-19,19,9,2015,9,7,4,9,,4,0,,1,1,1,30,6,2,2,5,0,0,0,0,true,,true,true,true,false,false,,,,,,false,false,false,,,false,false,false,false,false,-83.04075,42.36571,"{
  ""coordinates"": [
    -8.304074849900000e+01,
    4.236570792800010e+01
  ],
  ""type"": ""Point""
}","{
  ""coordinates"": [
    -83.040748499,
    42.365707928
  ],
  ""type"": ""Point""
}",-83.040748499,42.3657079280001
6282,9371657,7 MILE,BRINKER,2015-09-19,19,9,2015,12,7,3,9,,4,0,,1,1,1,25,2,2,2,5,0,0,0,0,true,,false,false,false,false,false,,,,,,false,false,false,,,false,false,false,false,false,-83.074,42.43292,"{
  ""coordinates"": [
    -8.307399504999999e+01,
    4.243291810500010e+01
  ],
  ""type"": ""Point""
}","{
  ""coordinates"": [
    -83.07399505,
    42.432918105
  ],
  ""type"": ""Point""
}",-83.07399505,42.4329181050001
6283,9371672,8 MILE,SCHAEFER,2015-09-19,19,9,2015,14,7,7,3,,1,0,,1,2,1,40,4,2,4,5,0,0,0,0,true,,false,false,false,false,false,,,,,,false,true,false,,,false,false,false,false,false,-83.18082,42.44519,"{
  ""coordinates"": [
    -8.318081374199990e+01,
    4.244519338000000e+01
  ],
  ""type"": ""Point""
}","{
  ""coordinates"": [
    -83.180813742,
    42.44519338
  ],
  ""type"": ""Point""
}",-83.1808137419999,42.44519338
6284,9372419,I-94,GRATIOT,2015-09-19,19,9,2015,4,7,1,1,,1,1,,2,4,4,55,3,1,1,5,0,0,0,0,true,,false,false,false,false,false,,,,,,false,false,false,,,false,false,false,false,false,-83.00844,42.39088,"{
  ""coordinates"": [
    -8.300843924000000e+01,
    4.239088576700000e+01
  ],
  ""type"": ""Point""
}","{
  ""coordinates"": [
    -83.00843924,
    42.390885767
  ],
  ""type"": ""Point""
}",-83.00843924,42.390885767
6285,9374510,WYOMING,CHIPPEWA,2015-09-19,19,9,2015,1,7,8,9,,4,0,,2,4,3,35,2,2,2,5,0,0,0,0,true,,false,false,false,false,false,,,,,,false,false,false,,,false,false,false,false,false,-83.16131,42.44094,"{
  ""coordinates"": [
    -8.316130679900000e+01,
    4.244094261100000e+01
  ],
  ""type"": ""Point""
}","{
  ""coordinates"": [
    -83.161306799,
    42.440942611
  ],
  ""type"": ""Point""
}",-83.161306799,42.440942611
6286,9374334,I-94,MT ELLIOTT,2015-09-19,19,9,2015,11,7,8,1,,1,0,,2,2,1,55,3,3,5,3,0,0,1,1,false,,false,false,false,false,false,,,,,,false,false,true,,,false,false,false,false,false,-83.03362,42.37928,"{
  ""coordinates"": [
    -8.303361692700000e+01,
    4.237927932500000e+01
  ],
  ""type"": ""Point""
}","{
  ""coordinates"": [
    -83.033616927,
    42.379279325
  ],
  ""type"": ""Point""
}",-83.033616927,42.379279325
6287,9372415,I-94,I-75,2015-09-19,19,9,2015,1,7,6,1,,1,0,,2,4,4,55,3,2,1,5,0,0,0,0,true,,false,false,true,false,false,,,,,,false,false,false,,,false,false,false,false,false,-83.05746,42.36908,"{
  ""coordinates"": [
    -8.305746243599999e+01,
    4.236908277500000e+01
  ],
  ""type"": ""Point""
}","{
  ""coordinates"": [
    -83.057462436,
    42.369082775
  ],
  ""type"": ""Point""
}",-83.057462436,42.369082775
6288,9379310,S I 75,WOODWARD,2015-09-19,19,9,2015,18,7,8,1,,1,0,,1,1,1,70,8,2,3,5,0,0,0,0,true,,false,false,false,false,false,,,,,,false,false,true,,,false,false,false,false,false,-83.05253,42.34015,"{
  ""coordinates"": [
    -8.305252742999990e+01,
    4.234014410600000e+01
  ],
  ""type"": ""Point""
}","{
  ""coordinates"": [
    -83.05252743,
    42.340144106
  ],
  ""type"": ""Point""
}",-83.0525274299999,42.340144106
6289,9372417,M-8,I-75,2015-09-19,19,9,2015,3,7,1,3,,1,1,,2,4,4,55,3,1,1,5,0,0,0,0,true,,false,false,false,true,false,,,,,,false,false,false,,,false,false,false,false,false,-83.07763,42.40927,"{
  ""coordinates"": [
    -8.307762969399990e+01,
    4.240926885200000e+01
  ],
  ""type"": ""Point""
}","{
  ""coordinates"": [
    -83.077629694,
    42.409268852
  ],
  ""type"": ""Point""
}",-83.0776296939999,42.409268852
6290,9371649,7 MILE,GOULBURN,2015-09-19,19,9,2015,5,7,5,9,,4,0,,2,4,4,35,2,2,2,4,0,0,0,1,false,,false,false,true,false,false,,,,,,false,false,false,,,false,false,false,false,false,-82.99362,42.43473,"{
  ""coordinates"": [
    -8.299362522199991e+01,
    4.243472913200000e+01
  ],
  ""type"": ""Point""
}","{
  ""coordinates"": [
    -82.993625222,
    42.434729132
  ],
  ""type"": ""Point""
}",-82.9936252219999,42.434729132
6291,9372459,RIVERBANK,OAKWAY,2015-09-19,19,9,2015,12,7,97,3,,1,0,,1,2,1,30,2,2,1,5,0,0,0,0,true,,false,false,false,false,false,,,,,,false,false,false,,,false,false,false,false,false,-82.97746,42.34503,"{
  ""coordinates"": [
    -8.297746010600000e+01,
    4.234503214000010e+01
  ],
  ""type"": ""Point""
}","{
  ""coordinates"": [
    -82.977460106,
    42.34503214
  ],
  ""type"": ""Point""
}",-82.977460106,42.3450321400001
6292,9371647,DICKERSON,HARPER,2015-09-19,19,9,2015,6,7,4,9,,4,0,,2,4,4,30,6,2,0,5,0,0,0,0,true,,false,false,true,false,false,,,,,,false,false,false,,,false,false,false,false,false,-82.97336,42.40208,"{
  ""coordinates"": [
    -8.297336130300000e+01,
    4.240208447400000e+01
  ],
  ""type"": ""Point""
}","{
  ""coordinates"": [
    -82.973361303,
    42.402084474
  ],
  ""type"": ""Point""
}",-82.973361303,42.402084474
6293,9372596,CUSHING,KELLY,2015-09-19,19,9,2015,13,7,4,9,,,0,,1,1,1,30,2,2,4,5,0,0,0,0,true,,false,false,false,false,false,,,,,,false,false,false,,,false,false,false,false,false,-82.94608,42.44409,"{
  ""coordinates"": [
    -8.294608375400000e+01,
    4.244409071500010e+01
  ],
  ""type"": ""Point""
}","{
  ""coordinates"": [
    -82.946083754,
    42.444090715
  ],
  ""type"": ""Point""
}",-82.946083754,42.4440907150001
6294,9371609,BENSON,HELEN,2015-09-19,19,9,2015,12,7,9,9,,,0,,2,1,1,15,1,2,5,5,0,0,0,0,true,,false,false,false,false,false,,,,,,false,false,false,,,false,false,false,false,false,-83.01259,42.36105,"{
  ""coordinates"": [
    -8.301258613700000e+01,
    4.236104425800000e+01
  ],
  ""type"": ""Point""
}","{
  ""coordinates"": [
    -83.012586137,
    42.361044258
  ],
  ""type"": ""Point""
}",-83.012586137,42.361044258
6295,9373509,E I 94,MOUNT ELLIOTT,2015-09-19,19,9,2015,11,7,5,1,,1,0,,2,4,1,55,3,2,2,5,0,0,0,0,true,,false,false,true,false,false,,,,,,false,false,false,,,false,false,false,false,false,-83.03372,42.37921,"{
  ""coordinates"": [
    -8.303371887100000e+01,
    4.237921130800000e+01
  ],
  ""type"": ""Point""
}","{
  ""coordinates"": [
    -83.033718871,
    42.379211308
  ],
  ""type"": ""Point""
}",-83.033718871,42.379211308
6296,9372585,CENTRAL,LAFAYETTE,2015-09-19,19,9,2015,23,7,4,9,,4,0,,1,1,4,30,4,2,2,4,0,0,0,2,false,,false,false,false,false,false,,,,,,false,false,true,,,false,false,false,false,false,-83.11839,42.30379,"{
  ""coordinates"": [
    -8.311838900600000e+01,
    4.230379141200010e+01
  ],
  ""type"": ""Point""
}","{
  ""coordinates"": [
    -83.118389006,
    42.303791412
  ],
  ""type"": ""Point""
}",-83.118389006,42.3037914120001
6297,9372401,N M 39,RAMP 008T,2015-09-19,19,9,2015,4,7,5,3,,1,0,,2,4,1,55,3,2,2,5,0,0,0,0,true,,false,false,true,false,false,,,,,,false,false,true,,,false,false,false,false,false,-83.2176,42.38816,"{
  ""coordinates"": [
    -8.321760154899989e+01,
    4.238815986600010e+01
  ],
  ""type"": ""Point""
}","{
  ""coordinates"": [
    -83.217601549,
    42.388159866
  ],
  ""type"": ""Point""
}",-83.2176015489999,42.3881598660001
6298,9373519,I-94,CONNER,2015-09-19,19,9,2015,16,7,8,1,,1,0,,1,1,1,55,6,3,2,5,0,0,0,0,true,,false,false,true,false,false,,,,,,false,false,false,,,false,false,false,false,false,-82.98722,42.39703,"{
  ""coordinates"": [
    -8.298722365499999e+01,
    4.239702507400010e+01
  ],
  ""type"": ""Point""
}","{
  ""coordinates"": [
    -82.987223655,
    42.397025074
  ],
  ""type"": ""Point""
}",-82.987223655,42.3970250740001
6299,9373522,DEXTER,LONGFELLOW,2015-09-19,19,9,2015,16,7,4,9,,4,0,,1,1,1,30,2,2,2,5,0,0,0,0,true,,false,false,false,false,false,,,,,,false,false,true,,,false,false,false,false,false,-83.11938,42.37273,"{
  ""coordinates"": [
    -8.311937337099990e+01,
    4.237272712900010e+01
  ],
  ""type"": ""Point""
}","{
  ""coordinates"": [
    -83.119373371,
    42.372727129
  ],
  ""type"": ""Point""
}",-83.1193733709999,42.3727271290001
6300,9375402,RAMP 031A,N I 75,2015-09-19,19,9,2015,17,7,5,1,,1,0,,1,1,1,25,1,2,2,5,0,0,0,0,true,,false,false,false,false,false,,,,,,false,false,true,,,false,false,false,false,false,-83.12145,42.3001,"{
  ""coordinates"": [
    -8.312145046800001e+01,
    4.230009912300010e+01
  ],
  ""type"": ""Point""
}","{
  ""coordinates"": [
    -83.121450468,
    42.300099123
  ],
  ""type"": ""Point""
}",-83.121450468,42.3000991230001
6301,9371670,FERNHILL,CHARLESTON,2015-09-19,19,9,2015,17,7,5,9,,,0,,1,1,1,25,2,2,2,5,0,0,0,0,true,,false,false,true,false,false,,,,,,false,false,false,,,false,true,false,false,false,-83.1076,42.43782,"{
  ""coordinates"": [
    -8.310760064999990e+01,
    4.243782384800010e+01
  ],
  ""type"": ""Point""
}","{
  ""coordinates"": [
    -83.10760065,
    42.437823848
  ],
  ""type"": ""Point""
}",-83.1076006499999,42.4378238480001
6302,9372383,W I 96 CD,RAMP 137C,2015-09-19,19,9,2015,3,7,97,1,,1,0,,2,4,4,70,4,2,3,4,0,0,0,3,false,,false,false,false,false,false,,,,,,false,true,false,,,false,false,false,false,false,-83.17283,42.3847,"{
  ""coordinates"": [
    -8.317283115399989e+01,
    4.238469554100000e+01
  ],
  ""type"": ""Point""
}","{
  ""coordinates"": [
    -83.172831154,
    42.384695541
  ],
  ""type"": ""Point""
}",-83.1728311539999,42.384695541
6303,9374499,CHAREST,JEROME,2015-09-19,19,9,2015,20,7,8,9,,,0,,1,1,5,25,2,2,1,5,0,0,0,0,true,,false,false,true,false,false,,,,,,false,false,false,,,false,false,false,false,false,-83.06988,42.42091,"{
  ""coordinates"": [
    -8.306987499800000e+01,
    4.242091194200000e+01
  ],
  ""type"": ""Point""
}","{
  ""coordinates"": [
    -83.069874998,
    42.420911942
  ],
  ""type"": ""Point""
}",-83.069874998,42.420911942
6304,9379289,KULICK,WESSON,2015-09-19,19,9,2015,15,7,97,9,,,0,,1,1,1,25,2,2,2,5,0,0,0,0,true,,false,false,false,false,false,,,,,,false,false,false,,,false,false,false,false,false,-83.11419,42.32932,"{
  ""coordinates"": [
    -8.311419253500000e+01,
    4.232931664500010e+01
  ],
  ""type"": ""Point""
}","{
  ""coordinates"": [
    -83.114192535,
    42.329316645
  ],
  ""type"": ""Point""
}",-83.114192535,42.3293166450001
6305,9374496,DWYER,NEVADA,2015-09-19,19,9,2015,17,7,97,9,,,1,,1,1,1,25,1,1,2,4,0,0,0,1,false,,false,false,false,true,false,,,,,,false,false,true,,,false,false,false,false,false,-83.04134,42.42635,"{
  ""coordinates"": [
    -8.304133421599990e+01,
    4.242635511000000e+01
  ],
  ""type"": ""Point""
}","{
  ""coordinates"": [
    -83.041334216,
    42.42635511
  ],
  ""type"": ""Point""
}",-83.0413342159999,42.42635511
6306,9382455,KENTUCKY,SCHOOLCRAFT,2015-09-19,19,9,2015,12,7,5,9,,,0,,2,2,1,25,1,2,2,5,0,0,0,0,true,,false,false,false,false,false,,,,,,false,true,false,,,false,false,false,false,false,-83.15804,42.3886,"{
  ""coordinates"": [
    -8.315804268999990e+01,
    4.238859502100010e+01
  ],
  ""type"": ""Point""
}","{
  ""coordinates"": [
    -83.15804269,
    42.388595021
  ],
  ""type"": ""Point""
}",-83.1580426899999,42.3885950210001
6307,9372418,M-8,CONANT,2015-09-19,19,9,2015,3,7,8,3,,1,0,,2,4,4,55,3,2,2,5,0,0,0,0,true,,false,false,false,true,false,,,,,,false,false,false,,,false,false,false,false,false,-83.06197,42.41535,"{
  ""coordinates"": [
    -8.306196988600000e+01,
    4.241534862000000e+01
  ],
  ""type"": ""Point""
}","{
  ""coordinates"": [
    -83.061969886,
    42.41534862
  ],
  ""type"": ""Point""
}",-83.061969886,42.41534862
6308,9382472,MILWAUKEE,CASS,2015-09-19,19,9,2015,2,7,97,9,,4,0,,2,1,4,35,2,2,5,5,0,0,0,0,true,,false,false,false,false,false,,,,,,false,false,true,,,false,false,false,false,false,-83.07408,42.36854,"{
  ""coordinates"": [
    -8.307408002600000e+01,
    4.236854306000000e+01
  ],
  ""type"": ""Point""
}","{
  ""coordinates"": [
    -83.074080026,
    42.36854306
  ],
  ""type"": ""Point""
}",-83.074080026,42.36854306
6309,9372379,I75,CARPENTER,2015-09-19,19,9,2015,1,7,1,1,,1,1,,2,4,5,70,4,1,4,5,0,0,0,0,true,,false,false,false,false,false,,,,,,false,false,true,,,false,false,false,false,false,-83.07346,42.40427,"{
  ""coordinates"": [
    -8.307345578600000e+01,
    4.240426852600010e+01
  ],
  ""type"": ""Point""
}","{
  ""coordinates"": [
    -83.073455786,
    42.404268526
  ],
  ""type"": ""Point""
}",-83.073455786,42.4042685260001
6310,9371611,JEFFERSON,MCDOUGALL,2015-09-19,19,9,2015,8,7,5,9,,4,0,,2,4,1,35,3,2,2,5,0,0,0,0,true,,false,false,true,false,false,,,,,,false,true,false,,,false,false,false,false,false,-83.01788,42.34029,"{
  ""coordinates"": [
    -8.301787533299991e+01,
    4.234028997800000e+01
  ],
  ""type"": ""Point""
}","{
  ""coordinates"": [
    -83.017875333,
    42.340289978
  ],
  ""type"": ""Point""
}",-83.0178753329999,42.340289978
6311,9373510,8 MILE,HOOVER,2015-09-19,19,9,2015,22,7,97,3,,1,0,,1,1,4,40,3,2,2,5,0,0,0,0,true,,false,false,true,true,true,,,,,,false,false,false,,,false,false,false,false,false,-83.01282,42.44849,"{
  ""coordinates"": [
    -8.301281536899999e+01,
    4.244848666700010e+01
  ],
  ""type"": ""Point""
}","{
  ""coordinates"": [
    -83.012815369,
    42.448486667
  ],
  ""type"": ""Point""
}",-83.012815369,42.4484866670001
6312,9371568,BINDER,7 MILE,2015-09-19,19,9,2015,14,7,1,9,,,0,,1,1,1,25,2,2,2,4,0,0,0,1,false,,true,false,true,false,false,,,,,,false,false,true,,,false,false,false,true,false,-83.06413,42.43312,"{
  ""coordinates"": [
    -8.306412151599990e+01,
    4.243311869800000e+01
  ],
  ""type"": ""Point""
}","{
  ""coordinates"": [
    -83.064121516,
    42.433118698
  ],
  ""type"": ""Point""
}",-83.0641215159999,42.433118698
6313,9372399,N M 10,LINWOOD,2015-09-19,19,9,2015,5,7,1,3,,1,1,,2,4,4,55,2,1,0,5,0,0,0,0,true,,false,false,true,false,false,,,,,,false,false,false,,,false,false,false,false,false,-83.12688,42.40522,"{
  ""coordinates"": [
    -8.312687450500000e+01,
    4.240522110000010e+01
  ],
  ""type"": ""Point""
}","{
  ""coordinates"": [
    -83.126874505,
    42.4052211
  ],
  ""type"": ""Point""
}",-83.126874505,42.4052211000001
6314,9375380,CAVALRY,MCMILLAN,2015-09-19,19,9,2015,23,7,9,9,,,2,,1,1,4,25,1,2,1,5,0,0,0,0,true,,false,false,false,true,false,,,,,,false,false,false,,,false,false,false,false,false,-83.10678,42.31781,"{
  ""coordinates"": [
    -8.310677878500000e+01,
    4.231780578900000e+01
  ],
  ""type"": ""Point""
}","{
  ""coordinates"": [
    -83.106778785,
    42.317805789
  ],
  ""type"": ""Point""
}",-83.106778785,42.317805789
6315,9371572,LAPPIN,ALCOY,2015-09-19,19,9,2015,3,7,5,9,,,0,,2,4,4,25,1,2,0,5,0,0,0,0,true,,false,false,true,false,false,,,,,,false,false,false,,,false,false,false,false,false,-82.98891,42.43675,"{
  ""coordinates"": [
    -8.298891514000000e+01,
    4.243675276600000e+01
  ],
  ""type"": ""Point""
}","{
  ""coordinates"": [
    -82.98891514,
    42.436752766
  ],
  ""type"": ""Point""
}",-82.98891514,42.436752766
6316,9372412,I-75,SCHAEFER,2015-09-19,19,9,2015,0,7,1,1,,1,1,,2,4,4,55,3,1,1,5,0,0,0,0,true,,false,false,false,false,false,,,,,,false,false,false,,,false,false,false,false,false,-83.15613,42.27719,"{
  ""coordinates"": [
    -8.315612659999989e+01,
    4.227718705200000e+01
  ],
  ""type"": ""Point""
}","{
  ""coordinates"": [
    -83.1561266,
    42.277187052
  ],
  ""type"": ""Point""
}",-83.1561265999999,42.277187052
6317,9372381,I94,SCOTTEN,2015-09-19,19,9,2015,2,7,1,1,,1,0,,2,4,5,55,3,1,1,5,0,0,0,0,true,,false,false,false,false,false,,,,,,false,false,false,,,false,false,false,false,false,-83.10848,42.34729,"{
  ""coordinates"": [
    -8.310848611400000e+01,
    4.234729054400000e+01
  ],
  ""type"": ""Point""
}","{
  ""coordinates"": [
    -83.108486114,
    42.347290544
  ],
  ""type"": ""Point""
}",-83.108486114,42.347290544
6318,9373542,STATEFAIR,DRESDEN,2015-09-19,19,9,2015,17,7,4,9,,4,0,,1,1,1,25,2,2,4,3,0,0,3,0,false,,false,false,false,false,false,,,,,,false,false,false,,,false,false,false,false,false,-83.00011,42.44181,"{
  ""coordinates"": [
    -8.300010448200000e+01,
    4.244181442000010e+01
  ],
  ""type"": ""Point""
}","{
  ""coordinates"": [
    -83.000104482,
    42.44181442
  ],
  ""type"": ""Point""
}",-83.000104482,42.4418144200001
6319,9373534,7 MILE,FAUST,2015-09-19,19,9,2015,0,7,5,9,,2,0,,2,4,4,35,4,2,4,5,0,0,0,0,true,,false,false,false,false,false,,,,,,false,false,false,,,false,false,false,false,false,-83.22437,42.42992,"{
  ""coordinates"": [
    -8.322436820599999e+01,
    4.242991797100010e+01
  ],
  ""type"": ""Point""
}","{
  ""coordinates"": [
    -83.224368206,
    42.429917971
  ],
  ""type"": ""Point""
}",-83.224368206,42.4299179710001
6320,9376058,I94,WARREN,2015-09-19,19,9,2015,6,7,8,1,,1,0,,2,4,2,55,3,2,1,5,0,0,0,0,true,,false,false,true,false,false,,,,,,false,false,false,,,false,false,false,false,false,-83.11215,42.3457,"{
  ""coordinates"": [
    -8.311215582700000e+01,
    4.234569656900000e+01
  ],
  ""type"": ""Point""
}","{
  ""coordinates"": [
    -83.112155827,
    42.345696569
  ],
  ""type"": ""Point""
}",-83.112155827,42.345696569
6321,9386743,EXETER,8 MILE,2015-09-19,19,9,2015,20,7,5,3,,,0,,1,1,4,40,4,3,5,4,0,0,0,2,false,,false,false,false,false,false,,,,,,false,false,false,,,false,false,false,false,false,-83.10531,42.44693,"{
  ""coordinates"": [
    -8.310531141000000e+01,
    4.244693527400010e+01
  ],
  ""type"": ""Point""
}","{
  ""coordinates"": [
    -83.10531141,
    42.446935274
  ],
  ""type"": ""Point""
}",-83.10531141,42.4469352740001
6322,9371557,SEMINOLE,VERNOR,2015-09-19,19,9,2015,17,7,4,9,,,0,,1,1,1,30,3,2,2,4,0,0,0,1,false,,true,false,false,false,false,,,,,,false,false,false,,,false,false,false,false,false,-82.99863,42.36152,"{
  ""coordinates"": [
    -8.299863722200000e+01,
    4.236152066500010e+01
  ],
  ""type"": ""Point""
}","{
  ""coordinates"": [
    -82.998637222,
    42.361520665
  ],
  ""type"": ""Point""
}",-82.998637222,42.3615206650001
6323,9392502,WB I-94,SCOTTEN,2015-09-19,19,9,2015,2,7,8,1,,1,0,,2,4,4,55,3,2,5,4,0,0,0,4,false,,false,false,false,false,false,,,,,,false,false,true,,,false,false,false,false,false,-83.10758,42.34757,"{
  ""coordinates"": [
    -8.310758290000000e+01,
    4.234756994300010e+01
  ],
  ""type"": ""Point""
}","{
  ""coordinates"": [
    -83.1075829,
    42.347569943
  ],
  ""type"": ""Point""
}",-83.1075829,42.3475699430001
6324,9375291,I-94,I-75,2015-09-19,19,9,2015,1,7,5,1,,1,0,,2,4,4,55,3,2,1,5,0,0,0,0,true,,false,false,true,false,false,,,,,,false,false,true,,,false,false,false,false,false,-83.05733,42.36917,"{
  ""coordinates"": [
    -8.305732849499999e+01,
    4.236916742700000e+01
  ],
  ""type"": ""Point""
}","{
  ""coordinates"": [
    -83.057328495,
    42.369167427
  ],
  ""type"": ""Point""
}",-83.057328495,42.369167427
6325,9371648,RAMP 219A,E I 94,2015-09-18,18,9,2015,21,6,5,1,,1,0,,1,1,4,55,1,3,3,5,0,0,0,0,true,,false,false,true,false,false,,,,,,false,false,false,,,false,false,false,false,false,-83.00581,42.39142,"{
  ""coordinates"": [
    -8.300581146099999e+01,
    4.239142073500010e+01
  ],
  ""type"": ""Point""
}","{
  ""coordinates"": [
    -83.005811461,
    42.391420735
  ],
  ""type"": ""Point""
}",-83.005811461,42.3914207350001
6326,9382447,N I 75,RAMP 048A,2015-09-18,18,9,2015,14,6,8,1,,1,0,,1,2,1,55,4,2,2,5,0,0,0,0,true,,false,false,false,false,false,,,,,,false,false,true,,,false,false,false,false,false,-83.08513,42.41515,"{
  ""coordinates"": [
    -8.308512971499989e+01,
    4.241514918000010e+01
  ],
  ""type"": ""Point""
}","{
  ""coordinates"": [
    -83.085129715,
    42.41514918
  ],
  ""type"": ""Point""
}",-83.0851297149999,42.4151491800001
6327,9381472,DAVISON,DEXTER,2015-09-18,18,9,2015,9,6,5,3,,1,0,,1,2,1,35,6,2,2,5,0,0,0,0,true,,false,false,false,false,false,,,,,,false,true,false,,,false,false,false,false,false,-83.13078,42.38977,"{
  ""coordinates"": [
    -8.313077647199999e+01,
    4.238977396400000e+01
  ],
  ""type"": ""Point""
}","{
  ""coordinates"": [
    -83.130776472,
    42.389773964
  ],
  ""type"": ""Point""
}",-83.130776472,42.389773964
6328,9386479,CLOVERDALE,ELMHURST,2015-09-18,18,9,2015,5,6,97,9,,,0,,1,1,4,25,2,2,1,5,0,0,0,0,true,,false,false,true,false,false,,,,,,false,false,false,,,false,false,false,false,false,-83.14796,42.37605,"{
  ""coordinates"": [
    -8.314796745099990e+01,
    4.237604585900000e+01
  ],
  ""type"": ""Point""
}","{
  ""coordinates"": [
    -83.147967451,
    42.376045859
  ],
  ""type"": ""Point""
}",-83.1479674509999,42.376045859
6329,9372410,N I 75,FERRY,2015-09-18,18,9,2015,17,6,5,1,,1,0,,1,1,1,55,3,2,4,5,0,0,0,0,true,,false,false,false,false,false,,,,,,false,false,false,,,false,false,false,false,false,-83.05673,42.36599,"{
  ""coordinates"": [
    -8.305673116600001e+01,
    4.236599210100010e+01
  ],
  ""type"": ""Point""
}","{
  ""coordinates"": [
    -83.056731166,
    42.365992101
  ],
  ""type"": ""Point""
}",-83.056731166,42.3659921010001
6330,9371633,HEYDEN,8 MILE,2015-09-18,18,9,2015,2,6,97,9,,,0,,1,1,5,25,1,2,1,5,0,0,0,0,true,,false,false,true,false,false,,,,,,false,false,false,,,false,false,false,false,false,-83.24178,42.44176,"{
  ""coordinates"": [
    -8.324177240900001e+01,
    4.244175997200010e+01
  ],
  ""type"": ""Point""
}","{
  ""coordinates"": [
    -83.241772409,
    42.441759972
  ],
  ""type"": ""Point""
}",-83.241772409,42.4417599720001