ObjectId,Crash ID,Primary Road,Intersecting Road,Crash Date,Day,Month,Year,Hour,Weekday,Crash Type Code,Highway Classification Code,Community Code,Jurisdiction Code,Lane Departure Type Code,Surface Type,Road Condition,Weather Condition,Lighting Condition,Speed Limit,Lanes,Units,Occupants,Most Severe Injury,Fatal Injuries,Suspected Serious Injuries,Suspected Minor Injuries,Possible Injuries,Property Damage Only,Secondary Crash,Traffic Control,Red Light Run,Hit and Run,Alcohol,Drugs,Unbelted Person,Work Zone,Speeding Driver,Distracted Driver,Driveway,Pedestrian,Elderly Driver,Young Driver,Commercial Vehicle,Emergency Vehicles,Train,School Bus,Motorcycle,Bicycle,Deer,Longitude,Latitude,geom,geog,x,y
6674,9367131,BRAMELL,WANAMAKER,2015-09-13,13,9,2015,0,1,97,9,,,0,,1,1,4,25,1,2,0,5,0,0,0,0,true,,false,false,true,false,false,,,,,,false,false,false,,,false,false,false,false,false,-83.26417,42.39457,"{
  ""coordinates"": [
    -8.326417056600000e+01,
    4.239457039400000e+01
  ],
  ""type"": ""Point""
}","{
  ""coordinates"": [
    -83.264170566,
    42.394570394
  ],
  ""type"": ""Point""
}",-83.264170566,42.394570394
6675,9371613,HEYDEN,GLENCO,2015-09-13,13,9,2015,10,1,5,9,,,0,,1,1,1,25,2,2,3,5,0,0,0,0,true,,false,false,false,false,false,,,,,,false,false,false,,,false,false,false,false,false,-83.24046,42.42286,"{
  ""coordinates"": [
    -8.324046328000000e+01,
    4.242286135200000e+01
  ],
  ""type"": ""Point""
}","{
  ""coordinates"": [
    -83.24046328,
    42.422861352
  ],
  ""type"": ""Point""
}",-83.24046328,42.422861352
6676,9369600,LIVERNOIS,DAVISON,2015-09-13,13,9,2015,19,1,8,3,,4,0,,1,1,1,30,4,2,3,5,0,0,0,0,true,,false,false,false,false,false,,,,,,false,false,true,,,false,false,false,false,false,-83.13943,42.38637,"{
  ""coordinates"": [
    -8.313942926700000e+01,
    4.238636902500010e+01
  ],
  ""type"": ""Point""
}","{
  ""coordinates"": [
    -83.139429267,
    42.386369025
  ],
  ""type"": ""Point""
}",-83.139429267,42.3863690250001
6677,9380563,CADIEUX,WARREN,2015-09-13,13,9,2015,14,1,4,9,,4,0,,1,1,1,30,4,2,3,5,0,0,0,0,true,,false,false,false,false,false,,,,,,false,false,false,,,false,false,false,false,false,-82.93018,42.40662,"{
  ""coordinates"": [
    -8.293017934200000e+01,
    4.240662192900000e+01
  ],
  ""type"": ""Point""
}","{
  ""coordinates"": [
    -82.930179342,
    42.406621929
  ],
  ""type"": ""Point""
}",-82.930179342,42.406621929
6678,9367923,CONNER,NASHVILLE,2015-09-13,13,9,2015,3,1,9,9,,4,2,,1,1,4,35,4,2,2,5,0,0,0,0,true,,false,false,false,false,false,,,,,,false,false,true,,,false,false,false,false,false,-83.00871,42.41426,"{
  ""coordinates"": [
    -8.300870320099990e+01,
    4.241426599700000e+01
  ],
  ""type"": ""Point""
}","{
  ""coordinates"": [
    -83.008703201,
    42.414265997
  ],
  ""type"": ""Point""
}",-83.0087032009999,42.414265997
6679,9369594,BEAUFAIT,MACK,2015-09-13,13,9,2015,14,1,4,9,,,0,,1,1,1,25,2,2,5,3,0,0,1,4,false,,true,false,false,false,false,,,,,,false,false,false,,,false,false,false,false,false,-83.01902,42.36223,"{
  ""coordinates"": [
    -8.301902132200000e+01,
    4.236223113700000e+01
  ],
  ""type"": ""Point""
}","{
  ""coordinates"": [
    -83.019021322,
    42.362231137
  ],
  ""type"": ""Point""
}",-83.019021322,42.362231137
6680,9367903,M 10 SERVICE,CLAIRMOUNT,2015-09-13,13,9,2015,7,1,1,3,,4,0,,1,1,1,25,2,1,2,5,0,0,0,0,true,,false,false,false,false,false,,,,,,false,false,false,,,false,false,false,false,false,-83.08994,42.37833,"{
  ""coordinates"": [
    -8.308993238300000e+01,
    4.237833492400010e+01
  ],
  ""type"": ""Point""
}","{
  ""coordinates"": [
    -83.089932383,
    42.378334924
  ],
  ""type"": ""Point""
}",-83.089932383,42.3783349240001
6681,9370468,CONTINENTAL,JEFFERSON,2015-09-12,12,9,2015,4,7,1,9,,,0,,97,98,5,25,2,2,0,3,0,0,1,0,false,,false,false,true,false,false,,,,,,true,false,false,,,false,false,false,false,false,-82.95395,42.36917,"{
  ""coordinates"": [
    -8.295395157199989e+01,
    4.236916962000000e+01
  ],
  ""type"": ""Point""
}","{
  ""coordinates"": [
    -82.953951572,
    42.36916962
  ],
  ""type"": ""Point""
}",-82.9539515719999,42.36916962
6682,9366079,TELEGRAPH,7 MILE,2015-09-12,12,9,2015,10,7,1,2,,1,0,,1,1,1,30,2,2,2,5,0,0,0,0,true,,false,false,false,false,false,,,,,,false,false,false,,,false,false,false,true,false,-83.27755,42.42891,"{
  ""coordinates"": [
    -8.327755161200000e+01,
    4.242890856500000e+01
  ],
  ""type"": ""Point""
}","{
  ""coordinates"": [
    -83.277551612,
    42.428908565
  ],
  ""type"": ""Point""
}",-83.277551612,42.428908565
6683,9371534,SEVEN MILE,RUTHERFORD,2015-09-12,12,9,2015,21,7,97,9,,2,0,,1,1,4,35,2,3,4,5,0,0,0,0,true,,false,false,true,false,false,,,,,,false,false,false,,,false,false,false,false,false,-83.20525,42.43034,"{
  ""coordinates"": [
    -8.320524496199990e+01,
    4.243033668200010e+01
  ],
  ""type"": ""Point""
}","{
  ""coordinates"": [
    -83.205244962,
    42.430336682
  ],
  ""type"": ""Point""
}",-83.2052449619999,42.4303366820001
6684,9385691,SECOND,FOREST,2015-09-12,12,9,2015,9,7,4,9,,5,0,,1,1,1,25,2,2,3,5,0,0,0,0,true,,false,false,false,false,false,,,,,,false,false,true,,,false,false,false,false,false,-83.06761,42.35302,"{
  ""coordinates"": [
    -8.306761074100000e+01,
    4.235302505100000e+01
  ],
  ""type"": ""Point""
}","{
  ""coordinates"": [
    -83.067610741,
    42.353025051
  ],
  ""type"": ""Point""
}",-83.067610741,42.353025051
6685,9399138,EDISON,LA SALLE,2015-09-12,12,9,2015,19,7,4,9,,,3,,1,1,1,25,2,2,0,5,0,0,0,0,true,,false,false,true,false,false,,,,,,false,false,false,,,false,false,false,false,false,-83.10772,42.3755,"{
  ""coordinates"": [
    -8.310771823899999e+01,
    4.237549833600010e+01
  ],
  ""type"": ""Point""
}","{
  ""coordinates"": [
    -83.107718239,
    42.375498336
  ],
  ""type"": ""Point""
}",-83.107718239,42.3754983360001
6686,9371616,MCNICHOLS,PATTON,2015-09-12,12,9,2015,20,7,5,9,,2,0,,1,1,4,35,3,2,1,4,0,0,0,1,false,,false,false,true,false,false,,,,,,false,false,false,,,false,false,false,false,false,-83.24448,42.415,"{
  ""coordinates"": [
    -8.324447360300000e+01,
    4.241500135000010e+01
  ],
  ""type"": ""Point""
}","{
  ""coordinates"": [
    -83.244473603,
    42.41500135
  ],
  ""type"": ""Point""
}",-83.244473603,42.4150013500001
6687,9369576,RAMP 109E,RAMP 109A,2015-09-12,12,9,2015,23,7,5,3,,1,0,,97,1,98,55,1,2,1,5,0,0,0,0,true,,false,false,false,false,false,,,,,,false,false,false,,,false,false,false,false,false,-83.11138,42.39887,"{
  ""coordinates"": [
    -8.311137945699990e+01,
    4.239887419200010e+01
  ],
  ""type"": ""Point""
}","{
  ""coordinates"": [
    -83.111379457,
    42.398874192
  ],
  ""type"": ""Point""
}",-83.1113794569999,42.3988741920001
6688,9366085,GUNSTON,SANFORD,2015-09-12,12,9,2015,15,7,4,3,,1,0,,1,1,1,30,2,2,3,5,0,0,0,0,true,,true,false,false,false,false,,,,,,false,true,true,,,false,false,false,false,false,-82.9981,42.41237,"{
  ""coordinates"": [
    -8.299809728400000e+01,
    4.241236943900000e+01
  ],
  ""type"": ""Point""
}","{
  ""coordinates"": [
    -82.998097284,
    42.412369439
  ],
  ""type"": ""Point""
}",-82.998097284,42.412369439
6689,9371517,JUNCTION,MERRITT,2015-09-12,12,9,2015,15,7,1,9,,4,0,,1,1,1,35,2,1,0,5,0,0,0,0,true,,false,false,true,false,false,,,,,,false,false,false,,,false,false,false,false,false,-83.10571,42.32321,"{
  ""coordinates"": [
    -8.310570997900000e+01,
    4.232320649700010e+01
  ],
  ""type"": ""Point""
}","{
  ""coordinates"": [
    -83.105709979,
    42.323206497
  ],
  ""type"": ""Point""
}",-83.105709979,42.3232064970001
6690,9366102,MORANG,MAPLERIDGE,2015-09-12,12,9,2015,11,7,8,9,,4,0,,1,1,1,30,2,2,5,4,0,0,0,1,false,,false,false,false,false,false,,,,,,false,false,false,,,false,false,false,false,false,-82.95806,42.4297,"{
  ""coordinates"": [
    -8.295806070099999e+01,
    4.242969993500000e+01
  ],
  ""type"": ""Point""
}","{
  ""coordinates"": [
    -82.958060701,
    42.429699935
  ],
  ""type"": ""Point""
}",-82.958060701,42.429699935
6691,9366986,NB I-75,WARREN,2015-09-12,12,9,2015,9,7,5,1,,1,0,,1,1,1,55,3,2,2,5,0,0,0,0,true,,false,false,false,false,false,,,,,,false,true,false,,,false,false,false,false,false,-83.05453,42.36132,"{
  ""coordinates"": [
    -8.305453775900000e+01,
    4.236132306300000e+01
  ],
  ""type"": ""Point""
}","{
  ""coordinates"": [
    -83.054537759,
    42.361323063
  ],
  ""type"": ""Point""
}",-83.054537759,42.361323063
6692,9397842,BEAUBIEN,LAFAYETTE,2015-09-12,12,9,2015,19,7,97,9,,4,0,,1,1,4,30,8,2,1,5,0,0,0,0,true,,false,false,true,false,false,,,,,,false,false,false,,,false,false,false,false,false,-83.0423,42.3345,"{
  ""coordinates"": [
    -8.304230481099999e+01,
    4.233449625500000e+01
  ],
  ""type"": ""Point""
}","{
  ""coordinates"": [
    -83.042304811,
    42.334496255
  ],
  ""type"": ""Point""
}",-83.042304811,42.334496255
6693,9375371,MONTE VISTA,FULLERTON,2015-09-12,12,9,2015,13,7,4,9,,,0,,1,2,1,30,4,2,1,5,0,0,0,0,true,,false,false,true,false,false,,,,,,false,false,true,,,false,false,false,false,false,-83.16629,42.38057,"{
  ""coordinates"": [
    -8.316628853400000e+01,
    4.238057279900000e+01
  ],
  ""type"": ""Point""
}","{
  ""coordinates"": [
    -83.166288534,
    42.380572799
  ],
  ""type"": ""Point""
}",-83.166288534,42.380572799
6694,9366068,HAYES,8 MILE,2015-09-12,12,9,2015,0,7,97,3,,4,0,,1,1,4,30,4,2,7,4,0,0,0,1,false,,false,false,false,false,false,,,,,,false,false,false,,,false,false,false,true,false,-82.96608,42.44989,"{
  ""coordinates"": [
    -8.296608331000000e+01,
    4.244988507700000e+01
  ],
  ""type"": ""Point""
}","{
  ""coordinates"": [
    -82.96608331,
    42.449885077
  ],
  ""type"": ""Point""
}",-82.96608331,42.449885077
6695,9399447,CIVIC CENTER,CIVIC CENTER,2015-09-12,12,9,2015,22,7,97,9,,4,3,,1,1,4,30,2,2,0,5,0,0,0,0,true,,false,false,true,false,false,,,,,,false,false,false,,,false,false,false,false,false,-83.04636,42.32584,"{
  ""coordinates"": [
    -8.304636155900000e+01,
    4.232583721100010e+01
  ],
  ""type"": ""Point""
}","{
  ""coordinates"": [
    -83.046361559,
    42.325837211
  ],
  ""type"": ""Point""
}",-83.046361559,42.3258372110001
6696,9366118,OHIO,7 MILE,2015-09-12,12,9,2015,1,7,97,9,,,0,,1,1,4,25,2,2,0,5,0,0,0,0,true,,false,false,true,false,false,,,,,,false,false,false,,,false,false,false,false,false,-83.15662,42.43139,"{
  ""coordinates"": [
    -8.315661377500000e+01,
    4.243138630600000e+01
  ],
  ""type"": ""Point""
}","{
  ""coordinates"": [
    -83.156613775,
    42.431386306
  ],
  ""type"": ""Point""
}",-83.156613775,42.431386306
6697,9366105,14TH,MONTEREY,2015-09-12,12,9,2015,16,7,4,9,,4,0,,1,1,1,30,3,2,3,5,0,0,0,0,true,,false,false,false,false,false,,,,,,false,false,false,,,false,false,false,false,false,-83.11009,42.38766,"{
  ""coordinates"": [
    -8.311008932500000e+01,
    4.238766026400000e+01
  ],
  ""type"": ""Point""
}","{
  ""coordinates"": [
    -83.110089325,
    42.387660264
  ],
  ""type"": ""Point""
}",-83.110089325,42.387660264
6698,9366985,SB I-75,MACK,2015-09-12,12,9,2015,5,7,8,1,,1,0,,1,1,4,55,4,2,2,5,0,0,0,0,true,,false,false,false,false,false,,,,,,false,false,true,,,false,false,false,false,false,-83.04903,42.35254,"{
  ""coordinates"": [
    -8.304903484999990e+01,
    4.235253871300010e+01
  ],
  ""type"": ""Point""
}","{
  ""coordinates"": [
    -83.04903485,
    42.352538713
  ],
  ""type"": ""Point""
}",-83.0490348499999,42.3525387130001
6699,9375398,VERNOR,WOODMERE,2015-09-12,12,9,2015,11,7,97,9,,4,0,,1,1,1,35,4,1,2,5,0,0,0,0,true,,false,false,false,false,false,,,,,,false,false,false,,,false,false,false,false,false,-83.13615,42.3078,"{
  ""coordinates"": [
    -8.313615192600000e+01,
    4.230780200000000e+01
  ],
  ""type"": ""Point""
}","{
  ""coordinates"": [
    -83.136151926,
    42.307802
  ],
  ""type"": ""Point""
}",-83.136151926,42.307802
6700,9378402,E I 96 SERVICE DRIVE,EVERGREEN,2015-09-12,12,9,2015,2,7,5,9,,4,0,,1,1,1,70,3,2,5,4,0,0,0,3,false,,false,false,true,false,false,,,,,,false,false,false,,,false,false,false,false,false,-83.2367,42.37925,"{
  ""coordinates"": [
    -8.323669966400000e+01,
    4.237924692200000e+01
  ],
  ""type"": ""Point""
}","{
  ""coordinates"": [
    -83.236699664,
    42.379246922
  ],
  ""type"": ""Point""
}",-83.236699664,42.379246922
6701,9366083,ASHTON,MCNICHOLS,2015-09-12,12,9,2015,18,7,5,9,,,0,,1,1,1,25,2,2,3,5,0,0,0,0,true,,false,false,true,false,false,,,,,,false,false,true,,,false,false,false,false,false,-83.22007,42.4155,"{
  ""coordinates"": [
    -8.322007008199991e+01,
    4.241550239300010e+01
  ],
  ""type"": ""Point""
}","{
  ""coordinates"": [
    -83.220070082,
    42.415502393
  ],
  ""type"": ""Point""
}",-83.2200700819999,42.4155023930001
6702,9399139,ELM,BROOKLYN,2015-09-12,12,9,2015,20,7,97,9,,,0,,1,1,3,25,2,2,3,5,0,0,0,0,true,,false,false,false,false,false,,,,,,false,false,false,,,false,false,false,false,false,-83.06872,42.34008,"{
  ""coordinates"": [
    -8.306871753400000e+01,
    4.234007883400010e+01
  ],
  ""type"": ""Point""
}","{
  ""coordinates"": [
    -83.068717534,
    42.340078834
  ],
  ""type"": ""Point""
}",-83.068717534,42.3400788340001
6703,9370307,E I 96 SERVICE DRIVE,MENDOTA,2015-09-12,12,9,2015,16,7,1,9,,4,1,,1,2,1,70,3,1,1,3,0,0,1,0,false,,false,false,false,false,false,,,,,,false,false,false,,,false,false,false,false,false,-83.1645,42.38482,"{
  ""coordinates"": [
    -8.316449393399991e+01,
    4.238482184500000e+01
  ],
  ""type"": ""Point""
}","{
  ""coordinates"": [
    -83.164493934,
    42.384821845
  ],
  ""type"": ""Point""
}",-83.1644939339999,42.384821845
6704,9387909,N M 39,FORD,2015-09-12,12,9,2015,15,7,1,3,,1,1,,1,1,1,45,1,1,1,4,0,0,0,1,false,,false,false,false,false,false,,,,,,false,false,true,,,false,false,false,false,false,-83.21559,42.32927,"{
  ""coordinates"": [
    -8.321558979799990e+01,
    4.232927275600010e+01
  ],
  ""type"": ""Point""
}","{
  ""coordinates"": [
    -83.215589798,
    42.329272756
  ],
  ""type"": ""Point""
}",-83.2155897979999,42.3292727560001
6705,9399326,MILWAUKEE,HASTINGS,2015-09-12,12,9,2015,12,7,1,9,,4,0,,1,2,1,25,2,1,1,5,0,0,0,0,true,,false,false,false,false,false,,,,,,false,false,false,,,false,false,false,false,false,-83.06271,42.37271,"{
  ""coordinates"": [
    -8.306271322100000e+01,
    4.237271506900000e+01
  ],
  ""type"": ""Point""
}","{
  ""coordinates"": [
    -83.062713221,
    42.372715069
  ],
  ""type"": ""Point""
}",-83.062713221,42.372715069
6706,9366084,DEQUINDRE,8 MILE,2015-09-12,12,9,2015,8,7,97,9,,4,0,,1,1,1,35,2,1,1,5,0,0,0,0,true,,false,false,false,false,false,,,,,,false,false,false,,,false,false,false,false,false,-83.08334,42.44564,"{
  ""coordinates"": [
    -8.308333568700000e+01,
    4.244564338700010e+01
  ],
  ""type"": ""Point""
}","{
  ""coordinates"": [
    -83.083335687,
    42.445643387
  ],
  ""type"": ""Point""
}",-83.083335687,42.4456433870001
6707,9367115,MICHIGAN,22ND,2015-09-12,12,9,2015,18,7,5,2,,1,0,,1,1,1,35,3,2,3,5,0,0,0,0,true,,false,false,true,false,false,,,,,,false,true,false,,,false,false,false,false,false,-83.08904,42.33145,"{
  ""coordinates"": [
    -8.308904050699989e+01,
    4.233144692600010e+01
  ],
  ""type"": ""Point""
}","{
  ""coordinates"": [
    -83.089040507,
    42.331446926
  ],
  ""type"": ""Point""
}",-83.0890405069999,42.3314469260001
6708,9367890,MACK,MOUNT ELLIOTT,2015-09-12,12,9,2015,15,7,5,9,,4,0,,1,2,1,30,2,2,2,5,0,0,0,0,true,,false,false,false,false,false,,,,,,false,false,false,,,false,false,false,false,false,-83.02166,42.36127,"{
  ""coordinates"": [
    -8.302165657899999e+01,
    4.236127071500000e+01
  ],
  ""type"": ""Point""
}","{
  ""coordinates"": [
    -83.021656579,
    42.361270715
  ],
  ""type"": ""Point""
}",-83.021656579,42.361270715
6709,9366131,MCNICHOLS,HARLOW,2015-09-12,12,9,2015,13,7,5,9,,2,0,,1,2,1,30,2,2,2,4,0,0,0,1,false,,false,false,true,false,false,,,,,,false,false,false,,,false,false,false,false,false,-83.21542,42.41562,"{
  ""coordinates"": [
    -8.321541865899999e+01,
    4.241562410100000e+01
  ],
  ""type"": ""Point""
}","{
  ""coordinates"": [
    -83.215418659,
    42.415624101
  ],
  ""type"": ""Point""
}",-83.215418659,42.415624101
6710,9369582,LINWOOD,LINWOOD,2015-09-12,12,9,2015,20,7,5,9,,4,0,,1,1,4,35,5,2,3,5,0,0,0,0,true,,false,false,false,false,false,,,,,,false,false,true,,,false,false,false,false,false,-83.12679,42.40247,"{
  ""coordinates"": [
    -8.312678497300000e+01,
    4.240246676000000e+01
  ],
  ""type"": ""Point""
}","{
  ""coordinates"": [
    -83.126784973,
    42.40246676
  ],
  ""type"": ""Point""
}",-83.126784973,42.40246676
6711,9396635,M 10,DAVISON,2015-09-12,12,9,2015,11,7,5,3,,1,0,,1,1,4,55,3,2,5,4,0,0,0,1,false,,false,false,true,false,false,,,,,,false,true,false,,,false,false,false,false,false,-83.10955,42.39811,"{
  ""coordinates"": [
    -8.310955183199999e+01,
    4.239811293200010e+01
  ],
  ""type"": ""Point""
}","{
  ""coordinates"": [
    -83.109551832,
    42.398112932
  ],
  ""type"": ""Point""
}",-83.109551832,42.3981129320001
6712,9366122,MONICA,CHIPPEWA,2015-09-12,12,9,2015,8,7,4,9,,,0,,1,1,1,25,1,2,5,5,0,0,0,0,true,,false,false,false,false,false,,,,,,false,false,true,,,false,false,false,false,false,-83.145,42.44128,"{
  ""coordinates"": [
    -8.314499949400000e+01,
    4.244128076500000e+01
  ],
  ""type"": ""Point""
}","{
  ""coordinates"": [
    -83.144999494,
    42.441280765
  ],
  ""type"": ""Point""
}",-83.144999494,42.441280765
6713,9367909,MARTIN LUTHER KING JR,N M 10,2015-09-12,12,9,2015,11,7,5,9,,4,0,,1,1,1,35,3,2,3,5,0,0,0,0,true,,false,false,true,false,false,,,,,,false,false,false,,,false,false,false,false,false,-83.06811,42.34335,"{
  ""coordinates"": [
    -8.306810579899999e+01,
    4.234334759700000e+01
  ],
  ""type"": ""Point""
}","{
  ""coordinates"": [
    -83.068105799,
    42.343347597
  ],
  ""type"": ""Point""
}",-83.068105799,42.343347597
6714,9366069,MOUND,7 MILE,2015-09-12,12,9,2015,2,7,4,9,,2,0,,1,1,4,35,4,2,1,4,0,0,0,1,false,,true,true,true,false,false,,,,,,false,false,false,,,false,false,false,false,false,-83.04382,42.43356,"{
  ""coordinates"": [
    -8.304381454100000e+01,
    4.243356393600000e+01
  ],
  ""type"": ""Point""
}","{
  ""coordinates"": [
    -83.043814541,
    42.433563936
  ],
  ""type"": ""Point""
}",-83.043814541,42.433563936
6715,9370325,M-10,WEBB,2015-09-12,12,9,2015,5,7,8,3,,1,0,,1,1,4,55,3,2,2,5,0,0,0,0,true,,false,false,true,false,false,,,,,,false,false,true,,,false,false,false,false,false,-83.10062,42.38533,"{
  ""coordinates"": [
    -8.310062264299999e+01,
    4.238532573500000e+01
  ],
  ""type"": ""Point""
}","{
  ""coordinates"": [
    -83.100622643,
    42.385325735
  ],
  ""type"": ""Point""
}",-83.100622643,42.385325735
6716,9368567,CONNER,RAMP 220F,2015-09-12,12,9,2015,11,7,4,1,,4,0,,1,1,1,30,2,2,2,5,0,0,0,0,true,,true,false,false,false,false,,,,,,false,true,false,,,false,false,false,false,false,-82.98843,42.39684,"{
  ""coordinates"": [
    -8.298842688199990e+01,
    4.239683957500010e+01
  ],
  ""type"": ""Point""
}","{
  ""coordinates"": [
    -82.988426882,
    42.396839575
  ],
  ""type"": ""Point""
}",-82.9884268819999,42.3968395750001
6717,9367121,FREELAND,MCNICHOLS,2015-09-12,12,9,2015,0,7,4,9,,,0,,1,1,1,25,2,2,1,5,0,0,0,0,true,,false,false,false,false,false,,,,,,false,false,false,,,false,false,false,false,false,-83.18614,42.41643,"{
  ""coordinates"": [
    -8.318614293199990e+01,
    4.241642977100000e+01
  ],
  ""type"": ""Point""
}","{
  ""coordinates"": [
    -83.186142932,
    42.416429771
  ],
  ""type"": ""Point""
}",-83.1861429319999,42.416429771
6718,9367139,CLINTON,GRATIOT,2015-09-12,12,9,2015,3,7,8,3,,4,0,,1,1,4,0,2,2,1,5,0,0,0,0,true,,false,false,true,false,false,,,,,,false,false,false,,,false,false,false,false,false,-83.04461,42.33583,"{
  ""coordinates"": [
    -8.304460772399990e+01,
    4.233583602300010e+01
  ],
  ""type"": ""Point""
}","{
  ""coordinates"": [
    -83.044607724,
    42.335836023
  ],
  ""type"": ""Point""
}",-83.0446077239999,42.3358360230001
6719,9367894,GRATIOT,GRAND,2015-09-12,12,9,2015,16,7,4,3,,1,0,,1,1,1,35,7,2,9,5,0,0,0,0,true,,false,false,false,false,false,,,,,,false,true,false,,,false,false,false,false,false,-83.01855,42.37299,"{
  ""coordinates"": [
    -8.301855493700000e+01,
    4.237299019400010e+01
  ],
  ""type"": ""Point""
}","{
  ""coordinates"": [
    -83.018554937,
    42.372990194
  ],
  ""type"": ""Point""
}",-83.018554937,42.3729901940001
6720,9366993,S M 10,GRAND,2015-09-12,12,9,2015,18,7,5,3,,1,0,,1,2,1,55,3,2,3,4,0,0,0,1,false,,false,false,false,false,false,,,,,,false,true,false,,,false,false,false,false,false,-83.08197,42.36708,"{
  ""coordinates"": [
    -8.308196905699999e+01,
    4.236708254800000e+01
  ],
  ""type"": ""Point""
}","{
  ""coordinates"": [
    -83.081969057,
    42.367082548
  ],
  ""type"": ""Point""
}",-83.081969057,42.367082548
6721,9384184,SCHAEFER,BELTON,2015-09-12,12,9,2015,14,7,4,9,,4,0,,2,1,1,35,3,2,3,4,0,0,0,1,false,,false,false,true,false,false,,,,,,false,false,false,,,false,false,false,false,false,-83.17728,42.35368,"{
  ""coordinates"": [
    -8.317727802899999e+01,
    4.235367953200010e+01
  ],
  ""type"": ""Point""
}","{
  ""coordinates"": [
    -83.177278029,
    42.353679532
  ],
  ""type"": ""Point""
}",-83.177278029,42.3536795320001
6722,9366992,M 10,CLAIRMOUNT,2015-09-12,12,9,2015,3,7,1,3,,1,1,,1,1,4,55,3,1,1,5,0,0,0,0,true,,false,false,false,true,false,,,,,,false,false,false,,,false,false,false,false,false,-83.09058,42.3799,"{
  ""coordinates"": [
    -8.309057244900001e+01,
    4.237990374100010e+01
  ],
  ""type"": ""Point""
}","{
  ""coordinates"": [
    -83.090572449,
    42.379903741
  ],
  ""type"": ""Point""
}",-83.090572449,42.3799037410001
6723,9425552,GRISWOLD,FORT,2015-09-12,12,9,2015,22,7,6,3,,4,0,,1,1,4,25,4,2,3,5,0,0,0,0,true,,false,false,false,false,false,,,,,,false,false,true,,,false,false,false,false,false,-83.04739,42.33068,"{
  ""coordinates"": [
    -8.304738536000001e+01,
    4.233067903900010e+01
  ],
  ""type"": ""Point""
}","{
  ""coordinates"": [
    -83.04738536,
    42.330679039
  ],
  ""type"": ""Point""
}",-83.04738536,42.3306790390001
6724,9366112,OUTER,CONLEY,2015-09-12,12,9,2015,3,7,5,9,,2,0,,1,1,4,35,2,3,1,5,0,0,0,0,true,,false,false,false,false,false,,,,,,false,false,false,,,false,false,false,false,false,-83.05238,42.44075,"{
  ""coordinates"": [
    -8.305237935299991e+01,
    4.244074776200010e+01
  ],
  ""type"": ""Point""
}","{
  ""coordinates"": [
    -83.052379353,
    42.440747762
  ],
  ""type"": ""Point""
}",-83.0523793529999,42.4407477620001
6725,9367114,E I 94 SERVICE DRIVE,FRENCH,2015-09-12,12,9,2015,15,7,5,1,,5,0,,1,2,1,25,3,2,2,5,0,0,0,0,true,,false,false,true,false,false,,,,,,false,false,false,,,false,false,false,false,false,-82.9956,42.39199,"{
  ""coordinates"": [
    -8.299560041599990e+01,
    4.239199516600010e+01
  ],
  ""type"": ""Point""
}","{
  ""coordinates"": [
    -82.995600416,
    42.391995166
  ],
  ""type"": ""Point""
}",-82.9956004159999,42.3919951660001
6726,9366104,SCHOOLCRAFT,CLOVERLAWN,2015-09-12,12,9,2015,10,7,8,9,,4,0,,1,1,1,30,2,2,3,5,0,0,0,0,true,,false,false,false,false,false,,,,,,false,false,true,,,false,false,false,false,false,-83.15189,42.38865,"{
  ""coordinates"": [
    -8.315188581099990e+01,
    4.238864555500000e+01
  ],
  ""type"": ""Point""
}","{
  ""coordinates"": [
    -83.151885811,
    42.388645555
  ],
  ""type"": ""Point""
}",-83.1518858109999,42.388645555
6727,9438554,CHICAGO,EVERGREEN,2015-09-12,12,9,2015,3,7,3,9,,4,0,,1,2,1,35,4,2,2,5,0,0,0,0,true,,false,false,false,false,false,,,,,,false,false,false,,,false,false,false,false,false,-83.23603,42.3647,"{
  ""coordinates"": [
    -8.323603053100000e+01,
    4.236470248200000e+01
  ],
  ""type"": ""Point""
}","{
  ""coordinates"": [
    -83.236030531,
    42.364702482
  ],
  ""type"": ""Point""
}",-83.236030531,42.364702482
6728,9371559,DAVISON,LAWTON,2015-09-12,12,9,2015,15,7,7,3,,1,0,,1,1,1,45,3,2,1,5,0,0,0,0,true,,false,false,true,false,false,,,,,,false,false,false,,,false,false,false,false,false,-83.12486,42.39196,"{
  ""coordinates"": [
    -8.312485626900001e+01,
    4.239196281900010e+01
  ],
  ""type"": ""Point""
}","{
  ""coordinates"": [
    -83.124856269,
    42.391962819
  ],
  ""type"": ""Point""
}",-83.124856269,42.3919628190001
6729,9366126,JOHN R,WINCHESTER,2015-09-12,12,9,2015,15,7,4,9,,4,0,,1,1,1,30,1,2,2,5,0,0,0,0,true,,false,false,false,false,false,,,,,,false,true,false,,,false,false,false,false,false,-83.10276,42.44455,"{
  ""coordinates"": [
    -8.310276059099991e+01,
    4.244454850600000e+01
  ],
  ""type"": ""Point""
}","{
  ""coordinates"": [
    -83.102760591,
    42.444548506
  ],
  ""type"": ""Point""
}",-83.1027605909999,42.444548506
6730,9371675,STOPEL,CHIPEWA,2015-09-12,12,9,2015,10,7,4,9,,,0,,1,1,4,25,2,2,3,4,0,0,0,1,false,,false,false,false,false,false,,,,,,false,false,true,,,false,false,false,false,false,-83.14304,42.44131,"{
  ""coordinates"": [
    -8.314303290700001e+01,
    4.244131507400000e+01
  ],
  ""type"": ""Point""
}","{
  ""coordinates"": [
    -83.143032907,
    42.441315074
  ],
  ""type"": ""Point""
}",-83.143032907,42.441315074