ObjectId,Crash ID,Primary Road,Intersecting Road,Crash Date,Day,Month,Year,Hour,Weekday,Crash Type Code,Highway Classification Code,Community Code,Jurisdiction Code,Lane Departure Type Code,Surface Type,Road Condition,Weather Condition,Lighting Condition,Speed Limit,Lanes,Units,Occupants,Most Severe Injury,Fatal Injuries,Suspected Serious Injuries,Suspected Minor Injuries,Possible Injuries,Property Damage Only,Secondary Crash,Traffic Control,Red Light Run,Hit and Run,Alcohol,Drugs,Unbelted Person,Work Zone,Speeding Driver,Distracted Driver,Driveway,Pedestrian,Elderly Driver,Young Driver,Commercial Vehicle,Emergency Vehicles,Train,School Bus,Motorcycle,Bicycle,Deer,Longitude,Latitude,geom,geog,x,y
6845,9367791,S I 75/GRATIOT,RAMP 042A,2015-09-10,10,9,2015,17,5,5,7,,1,0,,1,2,1,55,3,2,2,5,0,0,0,0,true,,false,false,false,false,false,,,,,,false,false,false,,,false,false,false,false,false,-83.0384,42.34555,"{
  ""coordinates"": [
    -8.303840142400000e+01,
    4.234554639500000e+01
  ],
  ""type"": ""Point""
}","{
  ""coordinates"": [
    -83.038401424,
    42.345546395
  ],
  ""type"": ""Point""
}",-83.038401424,42.345546395
6846,9365087,MURRAY,MIDLAND,2015-09-10,10,9,2015,8,5,8,9,,,0,,1,1,1,25,1,2,6,5,0,0,0,0,true,,false,false,false,false,false,,,,,,false,false,false,,,false,false,false,false,false,-83.20747,42.40437,"{
  ""coordinates"": [
    -8.320746773000000e+01,
    4.240436922500000e+01
  ],
  ""type"": ""Point""
}","{
  ""coordinates"": [
    -83.20746773,
    42.404369225
  ],
  ""type"": ""Point""
}",-83.20746773,42.404369225
6847,9371522,LIVERNOIS,JOHN KRONK,2015-09-10,10,9,2015,16,5,97,9,,4,0,,1,1,1,35,6,2,4,4,0,0,0,2,false,,true,true,false,false,false,,,,,,false,false,false,,,false,false,false,false,false,-83.11551,42.32448,"{
  ""coordinates"": [
    -8.311551212500000e+01,
    4.232448112700010e+01
  ],
  ""type"": ""Point""
}","{
  ""coordinates"": [
    -83.115512125,
    42.324481127
  ],
  ""type"": ""Point""
}",-83.115512125,42.3244811270001
6848,9368666,JEFFERSON,HELEN,2015-09-10,10,9,2015,8,5,8,9,,4,0,,1,1,1,30,2,2,3,5,0,0,0,0,true,,false,false,false,false,false,,,,,,false,false,false,,,false,false,false,false,false,-83.00316,42.34669,"{
  ""coordinates"": [
    -8.300315957299991e+01,
    4.234668810700000e+01
  ],
  ""type"": ""Point""
}","{
  ""coordinates"": [
    -83.003159573,
    42.346688107
  ],
  ""type"": ""Point""
}",-83.0031595729999,42.346688107
6849,9366124,PEMBROKE,APPOLINE,2015-09-10,10,9,2015,15,5,4,9,,,0,,1,1,1,25,1,2,2,5,0,0,0,0,true,,true,false,false,false,false,,,,,,false,false,true,,,false,false,false,false,false,-83.17207,42.43843,"{
  ""coordinates"": [
    -8.317207136800000e+01,
    4.243843049400000e+01
  ],
  ""type"": ""Point""
}","{
  ""coordinates"": [
    -83.172071368,
    42.438430494
  ],
  ""type"": ""Point""
}",-83.172071368,42.438430494
6850,9371563,7 MILE,WILDEMERE,2015-09-10,10,9,2015,14,5,5,9,,2,0,,1,1,1,30,4,2,2,4,0,0,0,2,false,,false,false,false,false,false,,,,,,false,false,false,,,false,false,false,false,false,-83.1334,42.43172,"{
  ""coordinates"": [
    -8.313340292200000e+01,
    4.243172109200000e+01
  ],
  ""type"": ""Point""
}","{
  ""coordinates"": [
    -83.133402922,
    42.431721092
  ],
  ""type"": ""Point""
}",-83.133402922,42.431721092
6851,9397816,WARREN,CASS,2015-09-10,10,9,2015,12,5,5,9,,4,0,,1,1,1,25,4,2,3,4,0,0,0,1,false,,false,false,false,false,false,,,,,,false,true,true,,,false,false,false,false,false,-83.06647,42.35616,"{
  ""coordinates"": [
    -8.306647300000000e+01,
    4.235616397600010e+01
  ],
  ""type"": ""Point""
}","{
  ""coordinates"": [
    -83.066473,
    42.356163976
  ],
  ""type"": ""Point""
}",-83.066473,42.3561639760001
6852,9367128,HOUSTON WHITTIER,KING RICHARD,2015-09-10,10,9,2015,15,5,3,9,,4,0,,1,1,1,25,2,2,6,5,0,0,0,0,true,,false,false,false,false,false,,,,,,false,false,false,,,false,false,false,false,false,-82.94508,42.41363,"{
  ""coordinates"": [
    -8.294507772599999e+01,
    4.241363194200010e+01
  ],
  ""type"": ""Point""
}","{
  ""coordinates"": [
    -82.945077726,
    42.413631942
  ],
  ""type"": ""Point""
}",-82.945077726,42.4136319420001
6853,9396815,WYOMING,E I 96,2015-09-10,10,9,2015,19,5,3,9,,4,0,,1,1,4,35,5,2,3,3,0,0,1,2,false,,true,true,false,false,false,,,,,,false,false,false,,,false,false,false,false,false,-83.15897,42.3852,"{
  ""coordinates"": [
    -8.315896440700000e+01,
    4.238520283300010e+01
  ],
  ""type"": ""Point""
}","{
  ""coordinates"": [
    -83.158964407,
    42.385202833
  ],
  ""type"": ""Point""
}",-83.158964407,42.3852028330001
6854,9399061,14TH,HUDSON,2015-09-10,10,9,2015,7,5,8,9,,4,0,,1,1,1,25,2,2,3,5,0,0,0,0,true,,false,false,false,false,false,,,,,,false,false,false,,,false,false,false,false,false,-83.08948,42.35419,"{
  ""coordinates"": [
    -8.308947434399990e+01,
    4.235418562900000e+01
  ],
  ""type"": ""Point""
}","{
  ""coordinates"": [
    -83.089474344,
    42.354185629
  ],
  ""type"": ""Point""
}",-83.0894743439999,42.354185629
6855,9365018,I-96,GRAND,2015-09-10,10,9,2015,16,5,1,1,,1,0,,1,1,1,70,4,1,1,5,0,0,0,0,true,,false,false,false,false,false,,,,,,false,false,false,,,false,false,false,false,false,-83.1111,42.35627,"{
  ""coordinates"": [
    -8.311109986400000e+01,
    4.235627543200010e+01
  ],
  ""type"": ""Point""
}","{
  ""coordinates"": [
    -83.111099864,
    42.356275432
  ],
  ""type"": ""Point""
}",-83.111099864,42.3562754320001
6856,9366047,FAIRVIEW,GOETHE,2015-09-10,10,9,2015,16,5,4,9,,,0,,1,1,1,25,2,2,2,5,0,0,0,0,true,,true,false,false,false,false,,,,,,false,false,false,,,false,false,false,false,false,-82.97996,42.37504,"{
  ""coordinates"": [
    -8.297995386299991e+01,
    4.237504195700010e+01
  ],
  ""type"": ""Point""
}","{
  ""coordinates"": [
    -82.979953863,
    42.375041957
  ],
  ""type"": ""Point""
}",-82.9799538629999,42.3750419570001
6857,9365106,LAFAYETTE,MOUNT ELLIOTT,2015-09-10,10,9,2015,8,5,5,9,,4,0,,1,1,1,30,2,2,1,5,0,0,0,0,true,,false,false,true,false,false,,,,,,false,false,false,,,false,false,false,false,false,-83.01229,42.34684,"{
  ""coordinates"": [
    -8.301229038500000e+01,
    4.234684509300010e+01
  ],
  ""type"": ""Point""
}","{
  ""coordinates"": [
    -83.012290385,
    42.346845093
  ],
  ""type"": ""Point""
}",-83.012290385,42.3468450930001
6858,9399041,RAMP 117A,MILWAUKEE,2015-09-10,10,9,2015,15,5,8,3,,1,0,,1,1,1,25,3,2,2,5,0,0,0,0,true,,false,false,false,false,false,,,,,,false,false,false,,,false,false,false,false,false,-83.08062,42.36605,"{
  ""coordinates"": [
    -8.308061611100000e+01,
    4.236605032200000e+01
  ],
  ""type"": ""Point""
}","{
  ""coordinates"": [
    -83.080616111,
    42.366050322
  ],
  ""type"": ""Point""
}",-83.080616111,42.366050322
6859,9365019,I-75,SCHAEFER,2015-09-10,10,9,2015,16,5,8,1,,1,0,,1,1,1,70,4,2,2,5,0,0,0,0,true,,false,false,false,false,false,,,,,,false,false,false,,,false,false,false,false,false,-83.15469,42.27789,"{
  ""coordinates"": [
    -8.315468418200000e+01,
    4.227788357500000e+01
  ],
  ""type"": ""Point""
}","{
  ""coordinates"": [
    -83.154684182,
    42.277883575
  ],
  ""type"": ""Point""
}",-83.154684182,42.277883575
6860,9365040,I-94,LIVERNOIS,2015-09-10,10,9,2015,10,5,1,1,,1,0,,1,1,1,55,3,1,1,5,0,0,0,0,true,,false,false,false,false,false,,,,,,false,false,false,,,false,false,false,false,false,-83.12321,42.33813,"{
  ""coordinates"": [
    -8.312320703300000e+01,
    4.233812883900000e+01
  ],
  ""type"": ""Point""
}","{
  ""coordinates"": [
    -83.123207033,
    42.338128839
  ],
  ""type"": ""Point""
}",-83.123207033,42.338128839
6861,9366999,M 10,MICHIGAN,2015-09-10,10,9,2015,17,5,5,3,,1,0,,1,1,1,55,3,2,2,5,0,0,0,0,true,,false,false,false,false,false,,,,,,false,true,false,,,false,false,false,false,false,-83.06005,42.3305,"{
  ""coordinates"": [
    -8.306005175099990e+01,
    4.233049937700010e+01
  ],
  ""type"": ""Point""
}","{
  ""coordinates"": [
    -83.060051751,
    42.330499377
  ],
  ""type"": ""Point""
}",-83.0600517509999,42.3304993770001
6862,9383514,LIVERNOIS,GARDEN,2015-09-10,10,9,2015,17,5,2,9,,4,0,,1,2,1,35,7,2,2,4,0,0,0,2,false,,false,false,false,false,false,,,,,,false,false,true,,,false,false,false,false,false,-83.13737,42.35441,"{
  ""coordinates"": [
    -8.313737513699991e+01,
    4.235441154500010e+01
  ],
  ""type"": ""Point""
}","{
  ""coordinates"": [
    -83.137375137,
    42.354411545
  ],
  ""type"": ""Point""
}",-83.1373751369999,42.3544115450001
6863,9366072,WARREN,JOHN R,2015-09-10,10,9,2015,18,5,8,9,,4,0,,2,1,1,30,4,2,3,5,0,0,0,0,true,,false,false,true,false,false,,,,,,false,true,false,,,false,false,false,false,false,-83.06156,42.35804,"{
  ""coordinates"": [
    -8.306156428799990e+01,
    4.235803567900010e+01
  ],
  ""type"": ""Point""
}","{
  ""coordinates"": [
    -83.061564288,
    42.358035679
  ],
  ""type"": ""Point""
}",-83.0615642879999,42.3580356790001
6864,9367810,I-75,MACK,2015-09-10,10,9,2015,22,5,1,1,,1,1,,1,1,5,70,4,1,1,3,0,0,1,0,false,,false,false,false,false,false,,,,,,false,false,false,,,false,false,true,false,false,-83.0499,42.35384,"{
  ""coordinates"": [
    -8.304989888100000e+01,
    4.235384113500000e+01
  ],
  ""type"": ""Point""
}","{
  ""coordinates"": [
    -83.049898881,
    42.353841135
  ],
  ""type"": ""Point""
}",-83.049898881,42.353841135
6865,9365098,WALTHAM,8 MILE,2015-09-10,10,9,2015,13,5,4,3,,,0,,1,1,1,25,1,2,1,5,0,0,0,0,true,,false,false,false,false,false,,,,,,false,false,false,,,false,false,false,false,false,-82.99541,42.44905,"{
  ""coordinates"": [
    -8.299541502300001e+01,
    4.244905657500000e+01
  ],
  ""type"": ""Point""
}","{
  ""coordinates"": [
    -82.995415023,
    42.449056575
  ],
  ""type"": ""Point""
}",-82.995415023,42.449056575
6866,9383515,FULLERTON,GRANDRIVER,2015-09-10,10,9,2015,12,5,4,3,,4,0,,1,2,1,35,4,2,3,2,0,1,0,2,false,,true,true,false,false,false,,,,,,false,false,false,,,false,false,false,false,false,-83.16819,42.3805,"{
  ""coordinates"": [
    -8.316819003900000e+01,
    4.238049547200010e+01
  ],
  ""type"": ""Point""
}","{
  ""coordinates"": [
    -83.168190039,
    42.380495472
  ],
  ""type"": ""Point""
}",-83.168190039,42.3804954720001
6867,9367805,W I 94,S HARPER/N I 94,2015-09-10,10,9,2015,2,5,1,1,,1,1,,1,1,5,55,3,1,1,5,0,0,0,0,true,,false,false,false,false,false,,,,,,false,false,false,,,false,false,false,false,false,-82.92863,42.4248,"{
  ""coordinates"": [
    -8.292862867500000e+01,
    4.242479895300000e+01
  ],
  ""type"": ""Point""
}","{
  ""coordinates"": [
    -82.928628675,
    42.424798953
  ],
  ""type"": ""Point""
}",-82.928628675,42.424798953
6868,9365042,I-75,DEARBORN,2015-09-10,10,9,2015,15,5,1,1,,1,0,,1,1,1,70,4,1,1,5,0,0,0,0,true,,false,false,false,false,false,,,,,,false,false,false,,,false,false,false,false,false,-83.12571,42.29628,"{
  ""coordinates"": [
    -8.312570950999999e+01,
    4.229627657200010e+01
  ],
  ""type"": ""Point""
}","{
  ""coordinates"": [
    -83.12570951,
    42.296276572
  ],
  ""type"": ""Point""
}",-83.12570951,42.2962765720001
6869,9399035,EDISON,3RD,2015-09-10,10,9,2015,4,5,5,9,,,0,,1,1,4,25,2,2,0,5,0,0,0,0,true,,false,false,true,false,false,,,,,,false,false,false,,,false,false,false,false,false,-83.08875,42.38242,"{
  ""coordinates"": [
    -8.308875504799990e+01,
    4.238242182300010e+01
  ],
  ""type"": ""Point""
}","{
  ""coordinates"": [
    -83.088755048,
    42.382421823
  ],
  ""type"": ""Point""
}",-83.0887550479999,42.3824218230001
6870,9367807,I-75,MACK,2015-09-10,10,9,2015,22,5,8,1,,1,0,,1,1,4,55,4,2,2,5,0,0,0,0,true,,false,false,false,false,false,,,,,,false,false,false,,,false,false,false,false,false,-83.0489,42.35234,"{
  ""coordinates"": [
    -8.304890720299990e+01,
    4.235234289800010e+01
  ],
  ""type"": ""Point""
}","{
  ""coordinates"": [
    -83.048907203,
    42.352342898
  ],
  ""type"": ""Point""
}",-83.0489072029999,42.3523428980001
6871,9380433,SOUTHFIELD SERVICE DRIVE,TROJAN,2015-09-10,10,9,2015,18,5,5,9,,5,0,,1,1,1,55,3,3,5,4,0,0,0,2,false,,false,false,false,false,false,,,,,,false,false,true,,,false,false,false,false,false,-83.21946,42.44086,"{
  ""coordinates"": [
    -8.321946289300000e+01,
    4.244086425700000e+01
  ],
  ""type"": ""Point""
}","{
  ""coordinates"": [
    -83.219462893,
    42.440864257
  ],
  ""type"": ""Point""
}",-83.219462893,42.440864257
6872,9371516,CAHALAN,MULLANE,2015-09-10,10,9,2015,0,5,8,9,,,0,,1,1,4,25,1,2,0,5,0,0,0,0,true,,false,false,true,false,false,,,,,,false,false,false,,,false,false,false,false,false,-83.12771,42.30699,"{
  ""coordinates"": [
    -8.312771013199990e+01,
    4.230698901100000e+01
  ],
  ""type"": ""Point""
}","{
  ""coordinates"": [
    -83.127710132,
    42.306989011
  ],
  ""type"": ""Point""
}",-83.1277101319999,42.306989011
6873,9366099,HOUSTON WHITTIER,CHALMERS,2015-09-10,10,9,2015,8,5,5,9,,4,0,,1,1,1,30,3,2,2,4,0,0,0,1,false,,false,false,false,false,false,,,,,,false,false,false,,,false,false,false,false,false,-82.97487,42.42065,"{
  ""coordinates"": [
    -8.297487026300000e+01,
    4.242065554100000e+01
  ],
  ""type"": ""Point""
}","{
  ""coordinates"": [
    -82.974870263,
    42.420655541
  ],
  ""type"": ""Point""
}",-82.974870263,42.420655541
6874,9366952,MADDELEIN,KELLY,2015-09-10,10,9,2015,22,5,1,9,,,1,,1,1,4,35,4,1,2,5,0,0,0,0,true,,false,false,false,false,false,,,,,,false,false,true,,,false,false,false,false,false,-82.95171,42.43634,"{
  ""coordinates"": [
    -8.295170230600000e+01,
    4.243633686100000e+01
  ],
  ""type"": ""Point""
}","{
  ""coordinates"": [
    -82.951702306,
    42.436336861
  ],
  ""type"": ""Point""
}",-82.951702306,42.436336861
6875,9365041,I-75,SCHAEFER,2015-09-10,10,9,2015,11,5,8,1,,1,0,,1,1,1,70,3,2,2,5,0,0,0,0,true,,false,false,false,false,false,,,,,,false,false,false,,,false,false,false,false,false,-83.15224,42.27906,"{
  ""coordinates"": [
    -8.315224033600001e+01,
    4.227905569500010e+01
  ],
  ""type"": ""Point""
}","{
  ""coordinates"": [
    -83.152240336,
    42.279055695
  ],
  ""type"": ""Point""
}",-83.152240336,42.2790556950001
6876,9371603,WARREN,N M 39,2015-09-10,10,9,2015,7,5,97,9,,2,0,,1,1,1,35,5,2,1,5,0,0,0,0,true,,false,false,false,false,false,,,,,,false,false,false,,,false,false,false,false,false,-83.21609,42.34337,"{
  ""coordinates"": [
    -8.321609211500000e+01,
    4.234336726800010e+01
  ],
  ""type"": ""Point""
}","{
  ""coordinates"": [
    -83.216092115,
    42.343367268
  ],
  ""type"": ""Point""
}",-83.216092115,42.3433672680001
6877,9365093,JEFFERSON,RANDOLPH,2015-09-10,10,9,2015,10,5,8,3,,1,0,,1,1,1,30,5,2,5,4,0,0,0,1,false,,false,false,false,false,false,,,,,,false,true,false,,,false,false,false,false,false,-83.04232,42.32981,"{
  ""coordinates"": [
    -8.304232101299991e+01,
    4.232981076600000e+01
  ],
  ""type"": ""Point""
}","{
  ""coordinates"": [
    -83.042321013,
    42.329810766
  ],
  ""type"": ""Point""
}",-83.0423210129999,42.329810766
6878,9365092,MCNICHOLS,WALTHAM,2015-09-10,10,9,2015,11,5,97,9,,4,0,,1,1,1,35,5,2,2,5,0,0,0,0,true,,false,false,false,false,false,,,,,,false,false,false,,,false,false,false,false,false,-82.99438,42.4234,"{
  ""coordinates"": [
    -8.299437392100000e+01,
    4.242340313300010e+01
  ],
  ""type"": ""Point""
}","{
  ""coordinates"": [
    -82.994373921,
    42.423403133
  ],
  ""type"": ""Point""
}",-82.994373921,42.4234031330001
6879,9383566,W M 8,RAMP 139B,2015-09-10,10,9,2015,15,5,8,3,,1,0,,1,2,1,35,3,2,2,5,0,0,0,0,true,,false,false,false,false,false,,,,,,false,false,false,,,false,false,false,false,false,-83.14666,42.38594,"{
  ""coordinates"": [
    -8.314665903400000e+01,
    4.238593870400010e+01
  ],
  ""type"": ""Point""
}","{
  ""coordinates"": [
    -83.146659034,
    42.385938704
  ],
  ""type"": ""Point""
}",-83.146659034,42.3859387040001
6880,9366989,S M 10,LIVERNOIS,2015-09-10,10,9,2015,14,5,5,3,,1,0,,1,1,1,55,3,2,2,4,0,0,0,2,false,,false,false,false,true,false,,,,,,false,false,false,,,false,false,false,false,false,-83.14048,42.4048,"{
  ""coordinates"": [
    -8.314047623899999e+01,
    4.240480351500000e+01
  ],
  ""type"": ""Point""
}","{
  ""coordinates"": [
    -83.140476239,
    42.404803515
  ],
  ""type"": ""Point""
}",-83.140476239,42.404803515
6881,9366976,I-75,OUTER,2015-09-10,10,9,2015,16,5,5,1,,1,0,,1,1,1,70,3,2,3,5,0,0,0,0,true,,false,false,false,false,false,,,,,,false,false,false,,,false,false,false,false,false,-83.09514,42.43829,"{
  ""coordinates"": [
    -8.309513812900001e+01,
    4.243828670000000e+01
  ],
  ""type"": ""Point""
}","{
  ""coordinates"": [
    -83.095138129,
    42.4382867
  ],
  ""type"": ""Point""
}",-83.095138129,42.4382867
6882,9365111,VAN DYKE,SAVAGE,2015-09-10,10,9,2015,14,5,1,3,,1,0,,1,1,1,35,5,1,1,3,0,0,1,0,false,,false,false,false,false,false,,,,,,false,false,false,,,false,false,true,false,false,-83.02464,42.44542,"{
  ""coordinates"": [
    -8.302464598599990e+01,
    4.244541743900000e+01
  ],
  ""type"": ""Point""
}","{
  ""coordinates"": [
    -83.024645986,
    42.445417439
  ],
  ""type"": ""Point""
}",-83.0246459859999,42.445417439
6883,9365109,7 MILE,EDINBOROUGH,2015-09-10,10,9,2015,14,5,8,9,,2,0,,1,1,1,25,2,2,0,5,0,0,0,0,true,,false,false,true,false,false,,,,,,false,false,false,,,false,false,false,false,false,-83.23453,42.42969,"{
  ""coordinates"": [
    -8.323453033999991e+01,
    4.242968923800000e+01
  ],
  ""type"": ""Point""
}","{
  ""coordinates"": [
    -83.23453034,
    42.429689238
  ],
  ""type"": ""Point""
}",-83.2345303399999,42.429689238
6884,9367126,OUTER,CHALMERS,2015-09-10,10,9,2015,17,5,1,9,,2,0,,1,1,1,35,3,1,3,4,0,0,0,2,false,,false,false,false,false,false,,,,,,false,false,true,,,false,false,false,false,false,-82.97089,42.41481,"{
  ""coordinates"": [
    -8.297088680199990e+01,
    4.241480802100010e+01
  ],
  ""type"": ""Point""
}","{
  ""coordinates"": [
    -82.970886802,
    42.414808021
  ],
  ""type"": ""Point""
}",-82.9708868019999,42.4148080210001
6885,9365113,MT ELLIOT,OUTER,2015-09-10,10,9,2015,8,5,97,9,,4,0,,1,1,1,35,2,2,2,5,0,0,0,0,true,,false,false,true,false,false,,,,,,false,false,false,,,false,false,false,false,false,-83.03918,42.44088,"{
  ""coordinates"": [
    -8.303918628900000e+01,
    4.244088086300010e+01
  ],
  ""type"": ""Point""
}","{
  ""coordinates"": [
    -83.039186289,
    42.440880863
  ],
  ""type"": ""Point""
}",-83.039186289,42.4408808630001
6886,9366065,CHICAGO,BURT,2015-09-10,10,9,2015,1,5,8,9,,4,0,,1,1,4,25,2,2,0,5,0,0,0,0,true,,false,false,true,false,false,,,,,,false,false,false,,,false,false,false,false,false,-83.24576,42.36456,"{
  ""coordinates"": [
    -8.324576078900000e+01,
    4.236455933100010e+01
  ],
  ""type"": ""Point""
}","{
  ""coordinates"": [
    -83.245760789,
    42.364559331
  ],
  ""type"": ""Point""
}",-83.245760789,42.3645593310001
6887,9367891,LIVERNOIS,E I 96,2015-09-10,10,9,2015,15,5,5,9,,4,0,,1,1,1,25,2,2,2,5,0,0,0,0,true,,false,false,false,false,false,,,,,,false,false,false,,,false,false,false,false,false,-83.13873,42.36715,"{
  ""coordinates"": [
    -8.313873137400000e+01,
    4.236715355000010e+01
  ],
  ""type"": ""Point""
}","{
  ""coordinates"": [
    -83.138731374,
    42.36715355
  ],
  ""type"": ""Point""
}",-83.138731374,42.3671535500001
6888,9365085,7MILE,STRASBURG,2015-09-10,10,9,2015,16,5,1,9,,4,0,,1,1,1,30,2,2,1,4,0,0,0,1,false,,false,false,false,false,false,,,,,,true,false,false,,,false,false,false,false,false,-82.99851,42.43461,"{
  ""coordinates"": [
    -8.299851469600000e+01,
    4.243460765700010e+01
  ],
  ""type"": ""Point""
}","{
  ""coordinates"": [
    -82.998514696,
    42.434607657
  ],
  ""type"": ""Point""
}",-82.998514696,42.4346076570001
6889,9387414,MARTIN LUTHER KING,CASS,2015-09-10,10,9,2015,15,5,97,9,,4,0,,1,1,1,30,6,2,2,5,0,0,0,0,true,,false,false,false,false,false,,,,,,false,false,false,,,false,false,false,true,false,-83.06068,42.34553,"{
  ""coordinates"": [
    -8.306068399400000e+01,
    4.234552973800000e+01
  ],
  ""type"": ""Point""
}","{
  ""coordinates"": [
    -83.060683994,
    42.345529738
  ],
  ""type"": ""Point""
}",-83.060683994,42.345529738
6890,9365100,PACKARD,EMERY,2015-09-10,10,9,2015,2,5,9,9,,,2,,1,1,4,25,1,3,0,5,0,0,0,0,true,,false,false,true,false,false,,,,,,false,false,false,,,false,false,false,false,false,-83.02737,42.43621,"{
  ""coordinates"": [
    -8.302736853600000e+01,
    4.243621305200000e+01
  ],
  ""type"": ""Point""
}","{
  ""coordinates"": [
    -83.027368536,
    42.436213052
  ],
  ""type"": ""Point""
}",-83.027368536,42.436213052
6891,9366107,8 MILE,MOUND,2015-09-10,10,9,2015,16,5,97,3,,1,0,,1,1,1,30,8,3,3,5,0,0,0,0,true,,false,false,true,false,false,,,,,,false,false,true,,,false,false,false,false,false,-83.04283,42.4478,"{
  ""coordinates"": [
    -8.304282789299999e+01,
    4.244779821600010e+01
  ],
  ""type"": ""Point""
}","{
  ""coordinates"": [
    -83.042827893,
    42.447798216
  ],
  ""type"": ""Point""
}",-83.042827893,42.4477982160001
6892,9366106,7 MILE,ROGGE,2015-09-10,10,9,2015,15,5,1,9,,4,0,,1,1,1,35,4,2,1,3,0,0,1,0,false,,false,false,false,false,false,,,,,,true,false,true,,,false,false,false,false,false,-83.02926,42.43386,"{
  ""coordinates"": [
    -8.302925888500000e+01,
    4.243386565900000e+01
  ],
  ""type"": ""Point""
}","{
  ""coordinates"": [
    -83.029258885,
    42.433865659
  ],
  ""type"": ""Point""
}",-83.029258885,42.433865659
6893,9365016,I 94,I 75,2015-09-10,10,9,2015,12,5,8,1,,1,0,,1,1,1,55,3,2,2,4,0,0,0,1,false,,false,false,false,false,false,,,,,,false,true,false,,,false,false,false,false,false,-83.05026,42.37292,"{
  ""coordinates"": [
    -8.305026547499990e+01,
    4.237292445600010e+01
  ],
  ""type"": ""Point""
}","{
  ""coordinates"": [
    -83.050265475,
    42.372924456
  ],
  ""type"": ""Point""
}",-83.0502654749999,42.3729244560001
6894,9365038,S I 75,PIQUETTE,2015-09-10,10,9,2015,7,5,5,1,,1,0,,1,1,1,55,4,3,3,5,0,0,0,0,true,,false,false,false,false,false,,,,,,false,false,true,,,false,false,false,false,false,-83.05908,42.37041,"{
  ""coordinates"": [
    -8.305908133000000e+01,
    4.237040542600000e+01
  ],
  ""type"": ""Point""
}","{
  ""coordinates"": [
    -83.05908133,
    42.370405426
  ],
  ""type"": ""Point""
}",-83.05908133,42.370405426
6895,9396867,JEFFERSON,HELEN,2015-09-10,10,9,2015,8,5,8,9,,4,0,,1,1,1,30,2,2,3,5,0,0,0,0,true,,false,false,false,false,false,,,,,,false,false,false,,,false,false,false,false,false,-83.00316,42.34669,"{
  ""coordinates"": [
    -8.300315957299991e+01,
    4.234668810700000e+01
  ],
  ""type"": ""Point""
}","{
  ""coordinates"": [
    -83.003159573,
    42.346688107
  ],
  ""type"": ""Point""
}",-83.0031595729999,42.346688107
6896,9365115,7 MILE,SCHAEFER,2015-09-10,10,9,2015,18,5,8,9,,2,0,,1,1,1,30,6,2,3,5,0,0,0,0,true,,false,false,false,false,false,,,,,,false,true,true,,,false,false,false,false,false,-83.1805,42.43108,"{
  ""coordinates"": [
    -8.318049826299990e+01,
    4.243107600100010e+01
  ],
  ""type"": ""Point""
}","{
  ""coordinates"": [
    -83.180498263,
    42.431076001
  ],
  ""type"": ""Point""
}",-83.1804982629999,42.4310760010001
6897,9366123,SCHAEFER,OUTER,2015-09-10,10,9,2015,7,5,97,9,,4,0,,1,1,1,30,5,2,4,5,0,0,0,0,true,,true,true,false,false,false,,,,,,false,false,false,,,false,false,false,false,false,-83.17996,42.4201,"{
  ""coordinates"": [
    -8.317996391400000e+01,
    4.242010482600010e+01
  ],
  ""type"": ""Point""
}","{
  ""coordinates"": [
    -83.179963914,
    42.420104826
  ],
  ""type"": ""Point""
}",-83.179963914,42.4201048260001
6898,9399089,ALEXANDRINE,2ND,2015-09-10,10,9,2015,9,5,4,9,,,0,,1,1,1,0,3,2,4,5,0,0,0,0,true,,true,false,false,false,false,,,,,,false,false,true,,,false,false,false,false,false,-83.06516,42.34872,"{
  ""coordinates"": [
    -8.306515312399991e+01,
    4.234871628600010e+01
  ],
  ""type"": ""Point""
}","{
  ""coordinates"": [
    -83.065153124,
    42.348716286
  ],
  ""type"": ""Point""
}",-83.0651531239999,42.3487162860001
6899,9399330,BATES,SQ,2015-09-10,10,9,2015,9,5,8,3,,,0,,1,1,1,25,2,2,3,5,0,0,0,0,true,,false,false,false,false,false,,,,,,false,false,false,,,false,false,false,false,false,-83.04347,42.32892,"{
  ""coordinates"": [
    -8.304347226700000e+01,
    4.232892322600000e+01
  ],
  ""type"": ""Point""
}","{
  ""coordinates"": [
    -83.043472267,
    42.328923226
  ],
  ""type"": ""Point""
}",-83.043472267,42.328923226
6900,9366116,MCNICHOLS,SNOWDEN,2015-09-10,10,9,2015,21,5,5,9,,2,0,,1,1,4,30,4,3,2,4,0,0,0,1,false,,false,false,true,true,false,,,,,,false,false,false,,,false,false,false,false,false,-83.17767,42.41659,"{
  ""coordinates"": [
    -8.317767293700000e+01,
    4.241659324700000e+01
  ],
  ""type"": ""Point""
}","{
  ""coordinates"": [
    -83.177672937,
    42.416593247
  ],
  ""type"": ""Point""
}",-83.177672937,42.416593247
6901,9365107,METTETAL,FENKELL,2015-09-10,10,9,2015,8,5,4,9,,,3,,1,1,1,25,2,2,1,5,0,0,0,0,true,,false,false,false,false,false,,,,,,false,false,false,,,false,false,false,false,false,-83.20782,42.4011,"{
  ""coordinates"": [
    -8.320782476600000e+01,
    4.240109907500000e+01
  ],
  ""type"": ""Point""
}","{
  ""coordinates"": [
    -83.207824766,
    42.401099075
  ],
  ""type"": ""Point""
}",-83.207824766,42.401099075