ObjectId,Crash ID,Primary Road,Intersecting Road,Crash Date,Day,Month,Year,Hour,Weekday,Crash Type Code,Highway Classification Code,Community Code,Jurisdiction Code,Lane Departure Type Code,Surface Type,Road Condition,Weather Condition,Lighting Condition,Speed Limit,Lanes,Units,Occupants,Most Severe Injury,Fatal Injuries,Suspected Serious Injuries,Suspected Minor Injuries,Possible Injuries,Property Damage Only,Secondary Crash,Traffic Control,Red Light Run,Hit and Run,Alcohol,Drugs,Unbelted Person,Work Zone,Speeding Driver,Distracted Driver,Driveway,Pedestrian,Elderly Driver,Young Driver,Commercial Vehicle,Emergency Vehicles,Train,School Bus,Motorcycle,Bicycle,Deer,Longitude,Latitude,geom,geog,x,y
6902,9366077,PINEHURST,CHIPPEWA,2015-09-10,10,9,2015,22,5,8,9,,,0,,1,1,4,25,2,2,0,5,0,0,0,0,true,,false,false,true,false,false,,,,,,false,false,false,,,false,false,false,false,false,-83.16782,42.4409,"{
  ""coordinates"": [
    -8.316781683300000e+01,
    4.244089523300000e+01
  ],
  ""type"": ""Point""
}","{
  ""coordinates"": [
    -83.167816833,
    42.440895233
  ],
  ""type"": ""Point""
}",-83.167816833,42.440895233
6903,9371533,TRENTON,DENNISON,2015-09-10,10,9,2015,0,5,8,9,,,0,,1,1,4,25,2,2,1,5,0,0,0,0,true,,false,false,false,false,false,,,,,,false,false,false,,,false,false,false,false,false,-83.15137,42.33525,"{
  ""coordinates"": [
    -8.315136548100000e+01,
    4.233525640400010e+01
  ],
  ""type"": ""Point""
}","{
  ""coordinates"": [
    -83.151365481,
    42.335256404
  ],
  ""type"": ""Point""
}",-83.151365481,42.3352564040001
6904,9365102,OUTER,OUTER,2015-09-10,10,9,2015,1,5,8,9,,2,0,,1,1,4,35,2,2,1,5,0,0,0,0,true,,false,false,true,false,false,,,,,,false,false,false,,,false,false,false,false,false,-83.25613,42.38381,"{
  ""coordinates"": [
    -8.325613329500000e+01,
    4.238380849900010e+01
  ],
  ""type"": ""Point""
}","{
  ""coordinates"": [
    -83.256133295,
    42.383808499
  ],
  ""type"": ""Point""
}",-83.256133295,42.3838084990001
6905,9368487,I-94,LIVERNOIS,2015-09-10,10,9,2015,8,5,5,1,,1,0,,1,1,1,55,3,2,2,5,0,0,0,0,true,,false,false,false,false,false,,,,,,false,false,false,,,false,false,false,false,false,-83.11695,42.34147,"{
  ""coordinates"": [
    -8.311695067999990e+01,
    4.234147175500000e+01
  ],
  ""type"": ""Point""
}","{
  ""coordinates"": [
    -83.11695068,
    42.341471755
  ],
  ""type"": ""Point""
}",-83.1169506799999,42.341471755
6906,9367784,S I 75,FORT,2015-09-10,10,9,2015,3,5,1,1,,1,0,,1,1,4,55,4,1,5,5,0,0,0,0,true,,false,false,false,false,false,,,,,,false,false,true,,,false,false,false,false,false,-83.1238,42.2985,"{
  ""coordinates"": [
    -8.312379961900000e+01,
    4.229849650700000e+01
  ],
  ""type"": ""Point""
}","{
  ""coordinates"": [
    -83.123799619,
    42.298496507
  ],
  ""type"": ""Point""
}",-83.123799619,42.298496507
6907,9365097,W I 94 SERVICE DRIVE,GRAND RIVER,2015-09-09,9,9,2015,17,4,8,3,,4,0,,1,1,1,35,3,2,3,5,0,0,0,0,true,,false,false,false,false,false,,,,,,false,false,false,,,false,false,false,false,false,-83.0963,42.35154,"{
  ""coordinates"": [
    -8.309630113599999e+01,
    4.235154522800010e+01
  ],
  ""type"": ""Point""
}","{
  ""coordinates"": [
    -83.096301136,
    42.351545228
  ],
  ""type"": ""Point""
}",-83.096301136,42.3515452280001
6908,9365095,VAN DYKE,NEVADA,2015-09-09,9,9,2015,12,4,5,3,,1,0,,1,2,1,30,3,2,3,5,0,0,0,0,true,,false,false,false,false,false,,,,,,false,true,false,,,false,false,false,false,false,-83.02397,42.4267,"{
  ""coordinates"": [
    -8.302397406999999e+01,
    4.242670443000000e+01
  ],
  ""type"": ""Point""
}","{
  ""coordinates"": [
    -83.02397407,
    42.42670443
  ],
  ""type"": ""Point""
}",-83.02397407,42.42670443
6909,9366133,KELLY,LINNHURST,2015-09-09,9,9,2015,11,4,9,9,,2,2,,1,1,1,30,2,2,3,3,0,0,1,2,false,,false,false,false,true,false,,,,,,false,false,false,,,false,false,false,false,false,-82.95547,42.43143,"{
  ""coordinates"": [
    -8.295547773600001e+01,
    4.243143532200000e+01
  ],
  ""type"": ""Point""
}","{
  ""coordinates"": [
    -82.955477736,
    42.431435322
  ],
  ""type"": ""Point""
}",-82.955477736,42.431435322
6910,9364232,MCNICHOLS,LINDSAY,2015-09-09,9,9,2015,15,4,4,9,,2,0,,1,1,1,35,4,2,2,5,0,0,0,0,true,,false,false,false,false,false,,,,,,false,false,false,,,false,false,false,false,false,-83.21331,42.41566,"{
  ""coordinates"": [
    -8.321330724400001e+01,
    4.241566553900000e+01
  ],
  ""type"": ""Point""
}","{
  ""coordinates"": [
    -83.213307244,
    42.415665539
  ],
  ""type"": ""Point""
}",-83.213307244,42.415665539
6911,9365029,E I 94,HARPER,2015-09-09,9,9,2015,16,4,8,1,,1,0,,1,2,1,55,3,2,2,5,0,0,0,0,true,,false,false,true,false,false,,,,,,false,false,false,,,false,false,false,false,false,-82.94873,42.40872,"{
  ""coordinates"": [
    -8.294872699699989e+01,
    4.240871985400000e+01
  ],
  ""type"": ""Point""
}","{
  ""coordinates"": [
    -82.948726997,
    42.408719854
  ],
  ""type"": ""Point""
}",-82.9487269969999,42.408719854
6912,9367815,N M 39,RAMP 008B,2015-09-09,9,9,2015,18,4,5,3,,1,0,,1,1,1,55,3,2,3,5,0,0,0,0,true,,false,false,true,false,false,,,,,,false,false,false,,,false,false,false,false,false,-83.21669,42.375,"{
  ""coordinates"": [
    -8.321669161800000e+01,
    4.237500567000010e+01
  ],
  ""type"": ""Point""
}","{
  ""coordinates"": [
    -83.216691618,
    42.37500567
  ],
  ""type"": ""Point""
}",-83.216691618,42.3750056700001
6913,9364163,MCNICHOLS,GRAND RIVER,2015-09-09,9,9,2015,18,4,5,3,,2,0,,1,1,4,35,4,2,2,5,0,0,0,0,true,,false,false,true,false,false,,,,,,false,false,false,,,false,false,false,false,false,-83.25336,42.41481,"{
  ""coordinates"": [
    -8.325335686800000e+01,
    4.241481137600000e+01
  ],
  ""type"": ""Point""
}","{
  ""coordinates"": [
    -83.253356868,
    42.414811376
  ],
  ""type"": ""Point""
}",-83.253356868,42.414811376
6914,9364195,MCNICHOLS,GREENFIELD,2015-09-09,9,9,2015,14,4,5,9,,2,0,,1,1,1,35,4,2,1,5,0,0,0,0,true,,false,false,true,false,false,,,,,,false,false,false,,,false,false,false,false,false,-83.19915,42.41599,"{
  ""coordinates"": [
    -8.319915151899990e+01,
    4.241598658500000e+01
  ],
  ""type"": ""Point""
}","{
  ""coordinates"": [
    -83.199151519,
    42.415986585
  ],
  ""type"": ""Point""
}",-83.1991515189999,42.415986585
6915,9371576,MICHIGAN,ADDISON,2015-09-09,9,9,2015,16,4,97,2,,1,0,,1,1,1,0,6,2,2,5,0,0,0,0,true,,false,false,false,false,false,,,,,,false,false,false,,,false,false,false,false,false,-83.15051,42.32951,"{
  ""coordinates"": [
    -8.315050393800000e+01,
    4.232951132500010e+01
  ],
  ""type"": ""Point""
}","{
  ""coordinates"": [
    -83.150503938,
    42.329511325
  ],
  ""type"": ""Point""
}",-83.150503938,42.3295113250001
6916,9366101,WHITTIER,PAYTON,2015-09-09,9,9,2015,9,4,8,9,,4,0,,1,1,1,30,4,2,3,5,0,0,0,0,true,,false,false,false,false,false,,,,,,false,false,false,,,false,false,false,false,false,-82.96201,42.42064,"{
  ""coordinates"": [
    -8.296201223600001e+01,
    4.242064451600000e+01
  ],
  ""type"": ""Point""
}","{
  ""coordinates"": [
    -82.962012236,
    42.420644516
  ],
  ""type"": ""Point""
}",-82.962012236,42.420644516
6917,9368591,SCHAEFER,JOY,2015-09-09,9,9,2015,6,4,1,9,,4,1,,1,1,4,25,2,1,1,5,0,0,0,0,true,,false,false,false,false,false,,,,,,false,true,false,,,false,false,false,false,false,-83.17747,42.35799,"{
  ""coordinates"": [
    -8.317746516800000e+01,
    4.235799402800010e+01
  ],
  ""type"": ""Point""
}","{
  ""coordinates"": [
    -83.177465168,
    42.357994028
  ],
  ""type"": ""Point""
}",-83.177465168,42.3579940280001
6918,9384190,MADISON,BEAUBIEN,2015-09-09,9,9,2015,0,4,4,9,,4,0,,1,1,4,25,2,2,6,5,0,0,0,0,true,,false,false,false,false,false,,,,,,false,false,false,,,false,false,false,false,false,-83.04489,42.33773,"{
  ""coordinates"": [
    -8.304489062399990e+01,
    4.233772975100000e+01
  ],
  ""type"": ""Point""
}","{
  ""coordinates"": [
    -83.044890624,
    42.337729751
  ],
  ""type"": ""Point""
}",-83.0448906239999,42.337729751
6919,9364002,WB I-96,WARREN,2015-09-09,9,9,2015,19,4,8,1,,1,0,,1,1,1,55,4,2,2,5,0,0,0,0,true,,false,false,false,false,false,,,,,,false,false,false,,,false,false,false,false,false,-83.09462,42.34311,"{
  ""coordinates"": [
    -8.309461630500000e+01,
    4.234310632200000e+01
  ],
  ""type"": ""Point""
}","{
  ""coordinates"": [
    -83.094616305,
    42.343106322
  ],
  ""type"": ""Point""
}",-83.094616305,42.343106322
6920,9365103,RAMP 216H,RAMP 216G,2015-09-09,9,9,2015,18,4,8,1,,1,0,,1,1,1,55,2,2,1,4,0,0,0,1,false,,false,false,true,false,false,,,,,,false,false,false,,,false,false,true,false,false,-83.05642,42.36992,"{
  ""coordinates"": [
    -8.305642094300001e+01,
    4.236991489500010e+01
  ],
  ""type"": ""Point""
}","{
  ""coordinates"": [
    -83.056420943,
    42.369914895
  ],
  ""type"": ""Point""
}",-83.056420943,42.3699148950001
6921,9364035,I-94,VAN DYKE,2015-09-09,9,9,2015,9,4,5,1,,1,0,,1,2,1,55,3,2,2,5,0,0,0,0,true,,false,false,false,false,false,,,,,,false,false,true,,,false,false,false,false,false,-83.0219,42.38579,"{
  ""coordinates"": [
    -8.302190487199989e+01,
    4.238579250900010e+01
  ],
  ""type"": ""Point""
}","{
  ""coordinates"": [
    -83.021904872,
    42.385792509
  ],
  ""type"": ""Point""
}",-83.0219048719999,42.3857925090001
6922,9408645,GRAND RIVER,ELIZABETH,2015-09-09,9,9,2015,17,4,4,3,,1,0,,1,1,1,25,2,2,2,5,0,0,0,0,true,,false,false,false,false,false,,,,,,false,false,false,,,false,false,false,false,false,-83.05656,42.33542,"{
  ""coordinates"": [
    -8.305655650200001e+01,
    4.233542019800010e+01
  ],
  ""type"": ""Point""
}","{
  ""coordinates"": [
    -83.056556502,
    42.335420198
  ],
  ""type"": ""Point""
}",-83.056556502,42.3354201980001
6923,9365099,VAN DYKE,QUINN,2015-09-09,9,9,2015,10,4,8,3,,1,0,,1,1,1,35,6,2,4,2,0,2,0,0,false,,false,false,false,false,false,,,,,,false,false,true,,,false,false,false,false,false,-83.02412,42.43075,"{
  ""coordinates"": [
    -8.302412705099989e+01,
    4.243074831700010e+01
  ],
  ""type"": ""Point""
}","{
  ""coordinates"": [
    -83.024127051,
    42.430748317
  ],
  ""type"": ""Point""
}",-83.0241270509999,42.4307483170001
6924,9366098,FENKELL,GREENFIELD,2015-09-09,9,9,2015,21,4,5,9,,2,0,,1,1,4,45,4,2,4,4,0,0,0,1,false,,false,false,false,false,false,,,,,,false,false,true,,,false,false,false,false,false,-83.19868,42.40151,"{
  ""coordinates"": [
    -8.319868658500000e+01,
    4.240151182200000e+01
  ],
  ""type"": ""Point""
}","{
  ""coordinates"": [
    -83.198686585,
    42.401511822
  ],
  ""type"": ""Point""
}",-83.198686585,42.401511822
6925,9364198,E I 94,MOUNT ELLIOTT,2015-09-09,9,9,2015,10,4,97,1,,1,0,,1,2,1,30,2,2,2,5,0,0,0,0,true,,false,false,false,false,false,,,,,,false,false,false,,,false,false,false,false,false,-83.03372,42.37921,"{
  ""coordinates"": [
    -8.303371887100000e+01,
    4.237921130800000e+01
  ],
  ""type"": ""Point""
}","{
  ""coordinates"": [
    -83.033718871,
    42.379211308
  ],
  ""type"": ""Point""
}",-83.033718871,42.379211308
6926,9364231,TELEGRAPH,GROVE,2015-09-09,9,9,2015,11,4,4,2,,1,0,,1,2,1,45,4,2,3,4,0,0,0,1,false,,false,false,false,false,false,,,,,,false,false,false,,,false,false,false,false,false,-83.27729,42.41224,"{
  ""coordinates"": [
    -8.327729288300000e+01,
    4.241224354100010e+01
  ],
  ""type"": ""Point""
}","{
  ""coordinates"": [
    -83.277292883,
    42.412243541
  ],
  ""type"": ""Point""
}",-83.277292883,42.4122435410001
6927,9364249,ILENE,FLORENCE,2015-09-09,9,9,2015,17,4,2,9,,,2,,1,1,1,25,2,2,0,5,0,0,0,0,true,,false,false,true,false,false,,,,,,false,false,false,,,false,false,false,false,false,-83.16227,42.41223,"{
  ""coordinates"": [
    -8.316226898900000e+01,
    4.241223114500010e+01
  ],
  ""type"": ""Point""
}","{
  ""coordinates"": [
    -83.162268989,
    42.412231145
  ],
  ""type"": ""Point""
}",-83.162268989,42.4122311450001
6928,9364149,GRAND RIVER,WARREN,2015-09-09,9,9,2015,15,4,5,3,,1,0,,1,1,1,25,2,2,3,2,0,1,1,1,false,,false,false,false,false,false,,,,,,false,false,false,,,false,false,false,false,false,-83.08934,42.34871,"{
  ""coordinates"": [
    -8.308934368400000e+01,
    4.234871163900000e+01
  ],
  ""type"": ""Point""
}","{
  ""coordinates"": [
    -83.089343684,
    42.348711639
  ],
  ""type"": ""Point""
}",-83.089343684,42.348711639
6929,9364237,REX,NOVARA,2015-09-09,9,9,2015,14,4,4,9,,,0,,1,1,1,25,2,2,4,5,0,0,0,0,true,,false,false,false,false,false,,,,,,false,false,true,,,false,false,false,false,false,-82.95831,42.43915,"{
  ""coordinates"": [
    -8.295831343000000e+01,
    4.243914740500000e+01
  ],
  ""type"": ""Point""
}","{
  ""coordinates"": [
    -82.95831343,
    42.439147405
  ],
  ""type"": ""Point""
}",-82.95831343,42.439147405
6930,9364156,7 MILE,LAUDER,2015-09-09,9,9,2015,11,4,7,9,,2,0,,1,1,1,30,3,2,4,5,0,0,0,0,true,,false,false,false,false,false,,,,,,false,false,false,,,false,false,false,false,false,-83.19217,42.43065,"{
  ""coordinates"": [
    -8.319217014000000e+01,
    4.243064878100010e+01
  ],
  ""type"": ""Point""
}","{
  ""coordinates"": [
    -83.19217014,
    42.430648781
  ],
  ""type"": ""Point""
}",-83.19217014,42.4306487810001
6931,9364020,I 94,LIVERNOIS,2015-09-09,9,9,2015,8,4,5,1,,1,0,,1,1,1,55,3,2,1,5,0,0,0,0,true,,false,false,true,false,false,,,,,,false,false,false,,,false,false,false,false,false,-83.12646,42.33668,"{
  ""coordinates"": [
    -8.312646616500000e+01,
    4.233667749000010e+01
  ],
  ""type"": ""Point""
}","{
  ""coordinates"": [
    -83.126466165,
    42.33667749
  ],
  ""type"": ""Point""
}",-83.126466165,42.3366774900001
6932,9365015,I 94,WARREN,2015-09-09,9,9,2015,17,4,8,1,,1,0,,1,1,1,55,3,3,1,5,0,0,0,0,true,,false,false,true,false,false,,,,,,false,false,false,,,false,false,false,false,false,-83.11215,42.3457,"{
  ""coordinates"": [
    -8.311215582700000e+01,
    4.234569656900000e+01
  ],
  ""type"": ""Point""
}","{
  ""coordinates"": [
    -83.112155827,
    42.345696569
  ],
  ""type"": ""Point""
}",-83.112155827,42.345696569
6933,9364044,I-94,VAN DYKE,2015-09-09,9,9,2015,18,4,5,1,,1,0,,1,2,1,55,3,2,2,5,0,0,0,0,true,,false,false,false,false,false,,,,,,false,false,false,,,false,false,false,false,false,-83.02473,42.38508,"{
  ""coordinates"": [
    -8.302473095999990e+01,
    4.238507925600000e+01
  ],
  ""type"": ""Point""
}","{
  ""coordinates"": [
    -83.02473096,
    42.385079256
  ],
  ""type"": ""Point""
}",-83.0247309599999,42.385079256
6934,9365105,WARREN,VAN DYKE,2015-09-09,9,9,2015,11,4,4,9,,4,0,,1,1,1,30,7,2,5,3,0,0,2,0,false,,false,false,false,false,false,,,,,,false,false,true,,,false,false,false,false,false,-83.0126,42.37597,"{
  ""coordinates"": [
    -8.301260608900000e+01,
    4.237596694100010e+01
  ],
  ""type"": ""Point""
}","{
  ""coordinates"": [
    -83.012606089,
    42.375966941
  ],
  ""type"": ""Point""
}",-83.012606089,42.3759669410001
6935,9371578,N I 75 SERVICE DRIVE,LIVERNOIS,2015-09-09,9,9,2015,19,4,5,9,,4,0,,1,1,1,30,3,2,3,5,0,0,0,0,true,,false,false,false,false,false,,,,,,false,false,false,,,false,false,false,false,false,-83.10384,42.30713,"{
  ""coordinates"": [
    -8.310384556299989e+01,
    4.230712526900000e+01
  ],
  ""type"": ""Point""
}","{
  ""coordinates"": [
    -83.103845563,
    42.307125269
  ],
  ""type"": ""Point""
}",-83.1038455629999,42.307125269
6936,9365009,I 94,LIVERNOIS,2015-09-09,9,9,2015,16,4,5,1,,1,0,,1,1,1,55,3,2,2,4,0,0,0,1,false,,false,false,false,false,false,,,,,,false,false,true,,,false,false,false,false,false,-83.12452,42.33745,"{
  ""coordinates"": [
    -8.312452040800000e+01,
    4.233745366800010e+01
  ],
  ""type"": ""Point""
}","{
  ""coordinates"": [
    -83.124520408,
    42.337453668
  ],
  ""type"": ""Point""
}",-83.124520408,42.3374536680001
6937,9364138,LIVERNOIS,7 MILE,2015-09-09,9,9,2015,7,4,4,9,,4,0,,1,1,1,35,5,2,2,4,0,0,0,1,false,,false,false,true,false,false,,,,,,false,false,false,,,false,false,false,false,false,-83.14137,42.43148,"{
  ""coordinates"": [
    -8.314136140799999e+01,
    4.243147705100010e+01
  ],
  ""type"": ""Point""
}","{
  ""coordinates"": [
    -83.141361408,
    42.431477051
  ],
  ""type"": ""Point""
}",-83.141361408,42.4314770510001
6938,9399321,I 94,M 10,2015-09-09,9,9,2015,5,4,8,1,,1,0,,2,1,4,55,3,2,3,5,0,0,0,0,true,,false,false,true,false,false,,,,,,false,false,true,,,false,false,false,false,false,-83.09349,42.35186,"{
  ""coordinates"": [
    -8.309349201600000e+01,
    4.235185766300000e+01
  ],
  ""type"": ""Point""
}","{
  ""coordinates"": [
    -83.093492016,
    42.351857663
  ],
  ""type"": ""Point""
}",-83.093492016,42.351857663
6939,9369615,CHRYSLER SERVICE,WARREN,2015-09-09,9,9,2015,9,4,8,1,,1,0,,1,2,1,30,3,2,1,5,0,0,0,0,true,,false,false,false,false,false,,,,,,false,false,false,,,false,false,false,false,false,-83.05457,42.36091,"{
  ""coordinates"": [
    -8.305457134800000e+01,
    4.236091009900010e+01
  ],
  ""type"": ""Point""
}","{
  ""coordinates"": [
    -83.054571348,
    42.360910099
  ],
  ""type"": ""Point""
}",-83.054571348,42.3609100990001
6940,9364253,12730 MCNICHOLS,APPOLINE,2015-09-09,9,9,2015,17,4,1,9,,2,0,,1,1,1,35,4,2,1,3,0,0,1,0,false,,false,false,false,false,false,,,,,,true,false,false,,,false,false,false,false,false,-83.17092,42.41665,"{
  ""coordinates"": [
    -8.317092455100000e+01,
    4.241664741600000e+01
  ],
  ""type"": ""Point""
}","{
  ""coordinates"": [
    -83.170924551,
    42.416647416
  ],
  ""type"": ""Point""
}",-83.170924551,42.416647416
6941,9371580,HOMER,LAWNDALE,2015-09-09,9,9,2015,1,4,1,9,,,1,,1,1,4,25,1,1,1,5,0,0,0,0,true,,false,false,false,false,false,,,,,,false,false,false,,,false,false,false,false,false,-83.1282,42.30302,"{
  ""coordinates"": [
    -8.312820434799990e+01,
    4.230302609500010e+01
  ],
  ""type"": ""Point""
}","{
  ""coordinates"": [
    -83.128204348,
    42.303026095
  ],
  ""type"": ""Point""
}",-83.1282043479999,42.3030260950001
6942,9366087,LINWOOD,FENKELL,2015-09-09,9,9,2015,15,4,4,9,,7,0,,1,1,1,30,2,2,4,4,0,0,0,1,false,,true,true,false,false,false,,,,,,false,false,true,,,false,false,false,false,false,-83.12724,42.40295,"{
  ""coordinates"": [
    -8.312723896100000e+01,
    4.240294975900010e+01
  ],
  ""type"": ""Point""
}","{
  ""coordinates"": [
    -83.127238961,
    42.402949759
  ],
  ""type"": ""Point""
}",-83.127238961,42.4029497590001
6943,9364177,JEFFERSON,WOODWARD,2015-09-09,9,9,2015,0,4,5,3,,1,0,,1,1,4,25,4,2,2,5,0,0,0,0,true,,false,false,false,false,false,,,,,,false,false,false,,,false,false,false,false,false,-83.0444,42.32853,"{
  ""coordinates"": [
    -8.304439832799990e+01,
    4.232852804800010e+01
  ],
  ""type"": ""Point""
}","{
  ""coordinates"": [
    -83.044398328,
    42.328528048
  ],
  ""type"": ""Point""
}",-83.0443983279999,42.3285280480001
6944,9364045,I-94,CONNER,2015-09-09,9,9,2015,18,4,5,1,,1,0,,1,1,1,55,3,2,2,4,0,0,0,1,false,,false,false,false,false,false,,,,,,false,false,false,,,false,false,false,false,false,-82.98705,42.39695,"{
  ""coordinates"": [
    -8.298705431099999e+01,
    4.239695154000000e+01
  ],
  ""type"": ""Point""
}","{
  ""coordinates"": [
    -82.987054311,
    42.39695154
  ],
  ""type"": ""Point""
}",-82.987054311,42.39695154
6945,9366075,LIVERNOIS,EWALD,2015-09-09,9,9,2015,20,4,9,9,,4,0,,97,98,98,35,2,2,4,5,0,0,0,0,true,,false,false,true,false,false,,,,,,false,false,false,,,false,false,false,false,false,-83.13964,42.39143,"{
  ""coordinates"": [
    -8.313963775100000e+01,
    4.239143431900000e+01
  ],
  ""type"": ""Point""
}","{
  ""coordinates"": [
    -83.139637751,
    42.391434319
  ],
  ""type"": ""Point""
}",-83.139637751,42.391434319
6946,9364182,GRANDRIVER,ASBURY,2015-09-09,9,9,2015,18,4,5,3,,1,0,,1,1,1,35,2,2,1,5,0,0,0,0,true,,false,false,false,true,false,,,,,,false,true,false,,,false,false,false,false,false,-83.20837,42.3967,"{
  ""coordinates"": [
    -8.320837138300000e+01,
    4.239669764700010e+01
  ],
  ""type"": ""Point""
}","{
  ""coordinates"": [
    -83.208371383,
    42.396697647
  ],
  ""type"": ""Point""
}",-83.208371383,42.3966976470001
6947,9364034,E I 96,SOUTHFIELD SERVICE DRIVE,2015-09-09,9,9,2015,8,4,5,1,,1,0,,1,2,1,55,3,2,2,5,0,0,0,0,true,,false,false,false,false,false,,,,,,false,false,false,,,false,false,false,false,false,-83.21897,42.37857,"{
  ""coordinates"": [
    -8.321896762499991e+01,
    4.237857142100010e+01
  ],
  ""type"": ""Point""
}","{
  ""coordinates"": [
    -83.218967625,
    42.378571421
  ],
  ""type"": ""Point""
}",-83.2189676249999,42.3785714210001
6948,9371583,N I 75 SERVICE DRIVE,LANSING,2015-09-09,9,9,2015,17,4,1,9,,4,0,,1,1,1,30,3,1,1,5,0,0,0,0,true,,false,false,false,false,false,,,,,,false,false,false,,,false,false,false,false,false,-83.09328,42.31221,"{
  ""coordinates"": [
    -8.309327448300000e+01,
    4.231221039800000e+01
  ],
  ""type"": ""Point""
}","{
  ""coordinates"": [
    -83.093274483,
    42.312210398
  ],
  ""type"": ""Point""
}",-83.093274483,42.312210398
6949,9364133,WARREN,STAHELIN,2015-09-09,9,9,2015,12,4,3,9,,2,0,,1,2,1,35,4,2,5,5,0,0,0,0,true,,false,false,false,false,false,,,,,,false,false,true,,,false,false,false,false,false,-83.22432,42.34329,"{
  ""coordinates"": [
    -8.322431801999990e+01,
    4.234329063200000e+01
  ],
  ""type"": ""Point""
}","{
  ""coordinates"": [
    -83.22431802,
    42.343290632
  ],
  ""type"": ""Point""
}",-83.2243180199999,42.343290632
6950,9370496,WARREN,TRUMBULL,2015-09-09,9,9,2015,15,4,5,9,,4,0,,1,2,1,30,4,2,2,5,0,0,0,0,true,,false,false,false,false,false,,,,,,false,false,true,,,false,false,false,false,false,-83.0786,42.35218,"{
  ""coordinates"": [
    -8.307859651900000e+01,
    4.235218500500010e+01
  ],
  ""type"": ""Point""
}","{
  ""coordinates"": [
    -83.078596519,
    42.352185005
  ],
  ""type"": ""Point""
}",-83.078596519,42.3521850050001
6951,9364250,WYOMING,7 MILE,2015-09-09,9,9,2015,16,4,4,9,,4,0,,1,1,1,30,2,2,2,5,0,0,0,0,true,,false,false,true,false,false,,,,,,false,false,false,,,false,false,false,false,false,-83.16098,42.43148,"{
  ""coordinates"": [
    -8.316098020100000e+01,
    4.243147528400000e+01
  ],
  ""type"": ""Point""
}","{
  ""coordinates"": [
    -83.160980201,
    42.431475284
  ],
  ""type"": ""Point""
}",-83.160980201,42.431475284
6952,9365091,STAHELIN,7 MILE,2015-09-09,9,9,2015,1,4,9,9,,,2,,1,2,4,25,1,2,0,5,0,0,0,0,true,,false,false,true,false,false,,,,,,false,false,false,,,false,false,false,false,false,-83.22755,42.42904,"{
  ""coordinates"": [
    -8.322755383200000e+01,
    4.242904160600010e+01
  ],
  ""type"": ""Point""
}","{
  ""coordinates"": [
    -83.227553832,
    42.429041606
  ],
  ""type"": ""Point""
}",-83.227553832,42.4290416060001
6953,9366061,MCNICHOLS,GALLAGHER,2015-09-09,9,9,2015,16,4,4,9,,4,0,,1,1,1,30,2,2,3,3,0,0,1,1,false,,false,false,false,false,false,,,,,,false,false,false,,,false,false,false,false,false,-83.06763,42.41864,"{
  ""coordinates"": [
    -8.306763662799990e+01,
    4.241863829100000e+01
  ],
  ""type"": ""Point""
}","{
  ""coordinates"": [
    -83.067636628,
    42.418638291
  ],
  ""type"": ""Point""
}",-83.0676366279999,42.418638291
6954,9364157,WYOMING,PURITAN,2015-09-09,9,9,2015,8,4,5,9,,4,0,,1,1,1,30,2,2,5,4,0,0,0,1,false,,false,false,false,false,false,,,,,,false,false,true,,,false,false,false,false,false,-83.16,42.40998,"{
  ""coordinates"": [
    -8.316000733700000e+01,
    4.240998046000000e+01
  ],
  ""type"": ""Point""
}","{
  ""coordinates"": [
    -83.160007337,
    42.40998046
  ],
  ""type"": ""Point""
}",-83.160007337,42.40998046
6955,9380443,GRAND,CLOVERLAWN,2015-09-09,9,9,2015,22,4,1,3,,1,1,,1,1,4,35,2,1,1,5,0,0,0,0,true,,false,false,true,false,false,,,,,,false,false,false,,,false,false,false,false,false,-83.15157,42.37381,"{
  ""coordinates"": [
    -8.315157329499991e+01,
    4.237381121100000e+01
  ],
  ""type"": ""Point""
}","{
  ""coordinates"": [
    -83.151573295,
    42.373811211
  ],
  ""type"": ""Point""
}",-83.1515732949999,42.373811211
6956,9364199,JEFFERSON,BELLEVUE,2015-09-09,9,9,2015,17,4,5,9,,4,0,,1,1,1,30,2,2,2,5,0,0,0,0,true,,false,false,false,false,false,,,,,,false,false,true,,,false,false,false,false,false,-83.00616,42.34533,"{
  ""coordinates"": [
    -8.300616189300000e+01,
    4.234532663200010e+01
  ],
  ""type"": ""Point""
}","{
  ""coordinates"": [
    -83.006161893,
    42.345326632
  ],
  ""type"": ""Point""
}",-83.006161893,42.3453266320001
6957,9397815,WOODWARD,MILWAUKEE,2015-09-09,9,9,2015,9,4,1,3,,1,0,,1,2,1,25,3,2,1,4,0,0,0,1,false,,false,false,false,false,false,,,,,,true,true,false,,,false,false,false,false,false,-83.07253,42.36906,"{
  ""coordinates"": [
    -8.307252732599990e+01,
    4.236906434300000e+01
  ],
  ""type"": ""Point""
}","{
  ""coordinates"": [
    -83.072527326,
    42.369064343
  ],
  ""type"": ""Point""
}",-83.0725273259999,42.369064343
6958,9365112,7 MILE,SPENCER,2015-09-09,9,9,2015,16,4,8,9,,4,0,,1,1,1,0,2,2,2,5,0,0,0,0,true,,false,false,false,false,false,,,,,,false,true,false,,,false,false,false,false,false,-83.02626,42.43393,"{
  ""coordinates"": [
    -8.302625857500000e+01,
    4.243392539400000e+01
  ],
  ""type"": ""Point""
}","{
  ""coordinates"": [
    -83.026258575,
    42.433925394
  ],
  ""type"": ""Point""
}",-83.026258575,42.433925394