ObjectId,Crash ID,Primary Road,Intersecting Road,Crash Date,Day,Month,Year,Hour,Weekday,Crash Type Code,Highway Classification Code,Community Code,Jurisdiction Code,Lane Departure Type Code,Surface Type,Road Condition,Weather Condition,Lighting Condition,Speed Limit,Lanes,Units,Occupants,Most Severe Injury,Fatal Injuries,Suspected Serious Injuries,Suspected Minor Injuries,Possible Injuries,Property Damage Only,Secondary Crash,Traffic Control,Red Light Run,Hit and Run,Alcohol,Drugs,Unbelted Person,Work Zone,Speeding Driver,Distracted Driver,Driveway,Pedestrian,Elderly Driver,Young Driver,Commercial Vehicle,Emergency Vehicles,Train,School Bus,Motorcycle,Bicycle,Deer,Longitude,Latitude,geom,geog,x,y
6959,9366067,PENROD,WARREN,2015-09-09,9,9,2015,20,4,4,9,,,0,,1,1,4,0,1,2,3,4,0,0,0,1,false,,false,false,true,false,false,,,,,,false,true,false,,,false,false,false,false,false,-83.2196,42.34444,"{
  ""coordinates"": [
    -8.321959880500000e+01,
    4.234443777200000e+01
  ],
  ""type"": ""Point""
}","{
  ""coordinates"": [
    -83.219598805,
    42.344437772
  ],
  ""type"": ""Point""
}",-83.219598805,42.344437772
6960,9364021,W I 94,GRAND,2015-09-09,9,9,2015,9,4,5,1,,1,0,,1,1,1,55,3,2,1,5,0,0,0,0,true,,false,false,true,false,false,,,,,,false,false,true,,,false,false,false,false,false,-83.10968,42.34689,"{
  ""coordinates"": [
    -8.310968126499991e+01,
    4.234688416700000e+01
  ],
  ""type"": ""Point""
}","{
  ""coordinates"": [
    -83.109681265,
    42.346884167
  ],
  ""type"": ""Point""
}",-83.1096812649999,42.346884167
6961,9397833,GRAND,LODGE S D,2015-09-09,9,9,2015,11,4,4,9,,,0,,1,2,1,30,6,2,2,5,0,0,0,0,true,,false,false,false,false,false,,,,,,false,true,false,,,false,false,false,false,false,-83.1125,42.39857,"{
  ""coordinates"": [
    -8.311249641700000e+01,
    4.239857481400000e+01
  ],
  ""type"": ""Point""
}","{
  ""coordinates"": [
    -83.112496417,
    42.398574814
  ],
  ""type"": ""Point""
}",-83.112496417,42.398574814
6962,9364251,8 MILE,MANOR,2015-09-09,9,9,2015,12,4,8,3,,1,0,,1,2,1,40,4,2,3,5,0,0,0,0,true,,false,false,true,false,false,,,,,,false,false,false,,,false,false,false,false,false,-83.17016,42.44542,"{
  ""coordinates"": [
    -8.317015530000000e+01,
    4.244541904600000e+01
  ],
  ""type"": ""Point""
}","{
  ""coordinates"": [
    -83.1701553,
    42.445419046
  ],
  ""type"": ""Point""
}",-83.1701553,42.445419046
6963,9399290,N I 75,MACK,2015-09-09,9,9,2015,18,4,1,1,,1,1,,1,1,1,25,4,1,1,5,0,0,0,0,true,,false,false,false,false,false,,,,,,false,false,false,,,false,false,false,false,false,-83.0479,42.35136,"{
  ""coordinates"": [
    -8.304790483399999e+01,
    4.235135587000010e+01
  ],
  ""type"": ""Point""
}","{
  ""coordinates"": [
    -83.047904834,
    42.35135587
  ],
  ""type"": ""Point""
}",-83.047904834,42.3513558700001
6964,9364184,ALTER,CHARLEVOIX,2015-09-09,9,9,2015,4,4,5,9,,4,0,,2,4,4,30,2,2,0,5,0,0,0,0,true,,false,false,true,false,false,,,,,,false,false,false,,,false,false,false,false,false,-82.94615,42.38493,"{
  ""coordinates"": [
    -8.294615255100000e+01,
    4.238492636500010e+01
  ],
  ""type"": ""Point""
}","{
  ""coordinates"": [
    -82.946152551,
    42.384926365
  ],
  ""type"": ""Point""
}",-82.946152551,42.3849263650001
6965,9364142,GRAND RIVER,NORTHROP,2015-09-09,9,9,2015,1,4,4,3,,1,0,,1,1,4,35,7,2,4,4,0,0,0,3,false,,false,false,false,false,false,,,,,,false,false,true,,,false,false,false,false,false,-83.26234,42.41838,"{
  ""coordinates"": [
    -8.326234527500000e+01,
    4.241837955700000e+01
  ],
  ""type"": ""Point""
}","{
  ""coordinates"": [
    -83.262345275,
    42.418379557
  ],
  ""type"": ""Point""
}",-83.262345275,42.418379557
6966,9365086,MCNICHOLS,BUFFALO,2015-09-09,9,9,2015,4,4,5,9,,4,0,,2,4,4,35,2,2,0,5,0,0,0,0,true,,false,false,true,false,false,,,,,,false,false,false,,,false,false,false,false,false,-83.04758,42.41897,"{
  ""coordinates"": [
    -8.304757324199990e+01,
    4.241896976000000e+01
  ],
  ""type"": ""Point""
}","{
  ""coordinates"": [
    -83.047573242,
    42.41896976
  ],
  ""type"": ""Point""
}",-83.0475732419999,42.41896976
6967,9397834,BRUSH,PIQUETTE,2015-09-09,9,9,2015,14,4,1,9,,4,1,,1,1,1,30,2,1,1,5,0,0,0,0,true,,false,false,false,false,false,,,,,,false,false,false,,,false,false,false,false,false,-83.06634,42.36848,"{
  ""coordinates"": [
    -8.306634116899990e+01,
    4.236848412400010e+01
  ],
  ""type"": ""Point""
}","{
  ""coordinates"": [
    -83.066341169,
    42.368484124
  ],
  ""type"": ""Point""
}",-83.0663411689999,42.3684841240001
6968,9370476,DAVISON,DWYER,2015-09-09,9,9,2015,21,4,8,9,,4,0,,1,1,4,30,2,2,1,4,0,0,0,1,false,,false,false,true,false,false,,,,,,false,false,false,,,false,false,false,false,false,-83.04124,42.42318,"{
  ""coordinates"": [
    -8.304123780399991e+01,
    4.242318151500010e+01
  ],
  ""type"": ""Point""
}","{
  ""coordinates"": [
    -83.041237804,
    42.423181515
  ],
  ""type"": ""Point""
}",-83.0412378039999,42.4231815150001
6969,9383513,SCHAEFER,SCHOOLCRAFT,2015-09-09,9,9,2015,17,4,8,9,,4,0,,1,2,1,30,5,2,3,5,0,0,0,0,true,,false,false,false,false,false,,,,,,false,false,false,,,false,false,false,false,false,-83.17852,42.38803,"{
  ""coordinates"": [
    -8.317852377299990e+01,
    4.238802985600010e+01
  ],
  ""type"": ""Point""
}","{
  ""coordinates"": [
    -83.178523773,
    42.388029856
  ],
  ""type"": ""Point""
}",-83.1785237729999,42.3880298560001
6970,9365094,SYLVESTER,MCCLELLAN,2015-09-09,9,9,2015,15,4,9,9,,,0,,1,1,1,25,2,2,1,5,0,0,0,0,true,,false,false,false,false,false,,,,,,false,false,false,,,false,false,false,false,false,-82.99561,42.37442,"{
  ""coordinates"": [
    -8.299560558099989e+01,
    4.237442489500010e+01
  ],
  ""type"": ""Point""
}","{
  ""coordinates"": [
    -82.995605581,
    42.374424895
  ],
  ""type"": ""Point""
}",-82.9956055809999,42.3744248950001
6971,9366100,KELLY,CASINO,2015-09-09,9,9,2015,3,4,1,9,,2,0,,1,2,4,30,4,1,2,4,0,0,0,1,false,,false,false,false,false,false,,,,,,false,false,false,,,false,false,false,false,false,-82.95566,42.43119,"{
  ""coordinates"": [
    -8.295566052700001e+01,
    4.243119298600000e+01
  ],
  ""type"": ""Point""
}","{
  ""coordinates"": [
    -82.955660527,
    42.431192986
  ],
  ""type"": ""Point""
}",-82.955660527,42.431192986
6972,9364172,EVERGREEN,WARREN,2015-09-09,9,9,2015,9,4,97,9,,4,0,,1,1,1,30,2,2,1,5,0,0,0,0,true,,false,false,false,false,false,,,,,,false,false,true,,,false,false,false,false,false,-83.23537,42.34299,"{
  ""coordinates"": [
    -8.323537399400000e+01,
    4.234299396700000e+01
  ],
  ""type"": ""Point""
}","{
  ""coordinates"": [
    -83.235373994,
    42.342993967
  ],
  ""type"": ""Point""
}",-83.235373994,42.342993967
6973,9374508,MACK,MCCLELLAN,2015-09-09,9,9,2015,18,4,5,9,,4,0,,1,1,1,30,6,2,5,5,0,0,0,0,true,,false,false,false,false,false,,,,,,false,false,false,,,false,false,false,false,false,-82.99411,42.37204,"{
  ""coordinates"": [
    -8.299411099100000e+01,
    4.237204479000010e+01
  ],
  ""type"": ""Point""
}","{
  ""coordinates"": [
    -82.994110991,
    42.37204479
  ],
  ""type"": ""Point""
}",-82.994110991,42.3720447900001
6974,9364212,PIEDMONT,KENDALL,2015-09-09,9,9,2015,7,4,4,9,,,0,,2,2,1,25,2,2,4,2,0,1,1,0,false,,false,false,false,false,false,,,,,,false,false,true,,,false,false,false,false,false,-83.22976,42.38882,"{
  ""coordinates"": [
    -8.322975879800001e+01,
    4.238882237500010e+01
  ],
  ""type"": ""Point""
}","{
  ""coordinates"": [
    -83.229758798,
    42.388822375
  ],
  ""type"": ""Point""
}",-83.229758798,42.3888223750001
6975,9371531,PORTER,TRUMBULL,2015-09-08,8,9,2015,17,3,4,9,,,0,,1,1,1,25,2,2,2,5,0,0,0,0,true,,false,false,false,false,false,,,,,,false,false,true,,,false,false,false,false,false,-83.06422,42.3279,"{
  ""coordinates"": [
    -8.306422165299990e+01,
    4.232790171800010e+01
  ],
  ""type"": ""Point""
}","{
  ""coordinates"": [
    -83.064221653,
    42.327901718
  ],
  ""type"": ""Point""
}",-83.0642216529999,42.3279017180001
6976,9365921,M-39,CATHEDRAL,2015-09-08,8,9,2015,16,3,5,9,,4,0,,1,1,1,55,3,4,5,5,0,0,0,0,true,,false,false,false,false,false,,,,,,false,false,false,,,false,false,false,false,false,-83.21684,42.36158,"{
  ""coordinates"": [
    -8.321684489899999e+01,
    4.236158062600000e+01
  ],
  ""type"": ""Point""
}","{
  ""coordinates"": [
    -83.216844899,
    42.361580626
  ],
  ""type"": ""Point""
}",-83.216844899,42.361580626
6977,9363340,WOODWARD,CADILLAC,2015-09-08,8,9,2015,14,3,97,9,,4,0,,1,1,1,25,2,2,4,5,0,0,0,0,true,,false,false,false,false,false,,,,,,false,false,false,,,false,false,false,false,false,-83.04619,42.33144,"{
  ""coordinates"": [
    -8.304618814500000e+01,
    4.233143990800000e+01
  ],
  ""type"": ""Point""
}","{
  ""coordinates"": [
    -83.046188145,
    42.331439908
  ],
  ""type"": ""Point""
}",-83.046188145,42.331439908
6978,9364236,DICKERSON,CAMDEN,2015-09-08,8,9,2015,17,3,4,9,,4,0,,1,1,1,30,3,2,3,5,0,0,0,0,true,,true,false,false,false,false,,,,,,false,false,false,,,false,false,false,false,false,-82.97446,42.4043,"{
  ""coordinates"": [
    -8.297445665399989e+01,
    4.240430193200010e+01
  ],
  ""type"": ""Point""
}","{
  ""coordinates"": [
    -82.974456654,
    42.404301932
  ],
  ""type"": ""Point""
}",-82.9744566539999,42.4043019320001
6979,9371527,MICHIGAN,CLARK,2015-09-08,8,9,2015,12,3,5,2,,1,0,,1,1,1,35,4,2,2,4,0,0,0,1,false,,false,false,false,false,false,,,,,,false,false,true,,,false,false,false,false,false,-83.10242,42.33113,"{
  ""coordinates"": [
    -8.310242570799990e+01,
    4.233113653300010e+01
  ],
  ""type"": ""Point""
}","{
  ""coordinates"": [
    -83.102425708,
    42.331136533
  ],
  ""type"": ""Point""
}",-83.1024257079999,42.3311365330001
6980,9363360,HAMBURG,MCNICHOLS,2015-09-08,8,9,2015,12,3,4,9,,,0,,1,1,4,30,2,2,2,5,0,0,0,0,true,,false,false,true,false,false,,,,,,false,false,false,,,false,false,false,false,false,-82.99678,42.42254,"{
  ""coordinates"": [
    -8.299677735700000e+01,
    4.242253838400010e+01
  ],
  ""type"": ""Point""
}","{
  ""coordinates"": [
    -82.996777357,
    42.422538384
  ],
  ""type"": ""Point""
}",-82.996777357,42.4225383840001
6981,9374504,AMSTERDAM,CASS,2015-09-08,8,9,2015,8,3,8,9,,,0,,1,1,1,10,2,2,10,5,0,0,0,0,true,,false,false,false,false,false,,,,,,false,false,false,,,false,false,false,false,false,-83.07172,42.36628,"{
  ""coordinates"": [
    -8.307172074399990e+01,
    4.236628519500000e+01
  ],
  ""type"": ""Point""
}","{
  ""coordinates"": [
    -83.071720744,
    42.366285195
  ],
  ""type"": ""Point""
}",-83.0717207439999,42.366285195
6982,9370495,ALEXANDRINE,THIRD,2015-09-08,8,9,2015,16,3,4,9,,,0,,1,1,1,25,2,2,2,5,0,0,0,0,true,,false,false,false,false,false,,,,,,false,false,false,,,false,false,false,false,false,-83.06727,42.34805,"{
  ""coordinates"": [
    -8.306727174699989e+01,
    4.234805274800000e+01
  ],
  ""type"": ""Point""
}","{
  ""coordinates"": [
    -83.067271747,
    42.348052748
  ],
  ""type"": ""Point""
}",-83.0672717469999,42.348052748
6983,9363339,CONCORD,STUART,2015-09-08,8,9,2015,10,3,97,9,,,0,,1,1,1,25,1,2,2,5,0,0,0,0,true,,false,false,false,false,false,,,,,,false,false,false,,,false,false,false,false,false,-83.01862,42.36652,"{
  ""coordinates"": [
    -8.301862391700000e+01,
    4.236652472300010e+01
  ],
  ""type"": ""Point""
}","{
  ""coordinates"": [
    -83.018623917,
    42.366524723
  ],
  ""type"": ""Point""
}",-83.018623917,42.3665247230001
6984,9366073,TRUMBULL,PORTER,2015-09-08,8,9,2015,17,3,8,9,,4,0,,1,1,1,35,2,2,2,5,0,0,0,0,true,,false,false,false,false,false,,,,,,false,false,true,,,false,false,false,false,false,-83.06428,42.32791,"{
  ""coordinates"": [
    -8.306427555900000e+01,
    4.232791211800000e+01
  ],
  ""type"": ""Point""
}","{
  ""coordinates"": [
    -83.064275559,
    42.327912118
  ],
  ""type"": ""Point""
}",-83.064275559,42.327912118
6985,9363344,GRATIOT,FAIRMOUNT,2015-09-08,8,9,2015,19,3,5,3,,1,0,,1,1,1,45,5,2,4,4,0,0,0,1,false,,false,false,false,false,false,,,,,,false,true,false,,,false,false,false,false,false,-82.97164,42.44424,"{
  ""coordinates"": [
    -8.297164355000000e+01,
    4.244424209600000e+01
  ],
  ""type"": ""Point""
}","{
  ""coordinates"": [
    -82.97164355,
    42.444242096
  ],
  ""type"": ""Point""
}",-82.97164355,42.444242096
6986,9364196,LAHSER,MCNICHOLS,2015-09-08,8,9,2015,10,3,5,9,,2,0,,1,1,1,30,3,2,5,4,0,0,0,3,false,,false,false,false,false,false,,,,,,false,false,false,,,false,false,false,false,false,-83.25747,42.41476,"{
  ""coordinates"": [
    -8.325747234200000e+01,
    4.241476311500000e+01
  ],
  ""type"": ""Point""
}","{
  ""coordinates"": [
    -83.257472342,
    42.414763115
  ],
  ""type"": ""Point""
}",-83.257472342,42.414763115
6987,9364137,COLLINGWOOD,DEXTER,2015-09-08,8,9,2015,4,3,2,9,,,2,,1,1,4,25,3,3,1,5,0,0,0,0,true,,false,false,true,false,false,,,,,,false,false,false,,,false,false,false,false,false,-83.12291,42.37671,"{
  ""coordinates"": [
    -8.312290726700000e+01,
    4.237670887000010e+01
  ],
  ""type"": ""Point""
}","{
  ""coordinates"": [
    -83.122907267,
    42.37670887
  ],
  ""type"": ""Point""
}",-83.122907267,42.3767088700001
6988,9363209,W I 94,RAMP 217H,2015-09-08,8,9,2015,9,3,5,1,,1,0,,1,1,1,55,3,2,2,5,0,0,0,0,true,,false,false,false,false,false,,,,,,false,false,false,,,false,false,false,false,false,-83.04211,42.37601,"{
  ""coordinates"": [
    -8.304210840800000e+01,
    4.237600938300010e+01
  ],
  ""type"": ""Point""
}","{
  ""coordinates"": [
    -83.042108408,
    42.376009383
  ],
  ""type"": ""Point""
}",-83.042108408,42.3760093830001
6989,9364183,WOODWARD,CANFIELD,2015-09-08,8,9,2015,15,3,5,3,,1,0,,1,1,1,30,4,2,2,4,0,0,0,1,false,,false,false,false,false,false,,,,,,false,false,true,,,false,false,false,false,false,-83.06136,42.35258,"{
  ""coordinates"": [
    -8.306136297700000e+01,
    4.235258582600010e+01
  ],
  ""type"": ""Point""
}","{
  ""coordinates"": [
    -83.061362977,
    42.352585826
  ],
  ""type"": ""Point""
}",-83.061362977,42.3525858260001
6990,9369611,BRUSH,WARREN,2015-09-08,8,9,2015,12,3,4,9,,4,0,,1,1,1,25,4,2,2,5,0,0,0,0,true,,true,true,false,false,false,,,,,,false,false,true,,,false,false,false,false,false,-83.05995,42.35884,"{
  ""coordinates"": [
    -8.305995133899999e+01,
    4.235883979400010e+01
  ],
  ""type"": ""Point""
}","{
  ""coordinates"": [
    -83.059951339,
    42.358839794
  ],
  ""type"": ""Point""
}",-83.059951339,42.3588397940001
6991,9363341,SAINT JEAN,JEFFERSON,2015-09-08,8,9,2015,15,3,4,9,,4,0,,1,1,1,30,4,2,2,5,0,0,0,0,true,,false,false,false,false,false,,,,,,false,false,false,,,false,false,false,false,false,-82.97062,42.36701,"{
  ""coordinates"": [
    -8.297061945199989e+01,
    4.236700666300000e+01
  ],
  ""type"": ""Point""
}","{
  ""coordinates"": [
    -82.970619452,
    42.367006663
  ],
  ""type"": ""Point""
}",-82.9706194519999,42.367006663
6992,9363363,GREINER,WALTHAM,2015-09-08,8,9,2015,1,3,97,9,,4,0,,1,1,5,25,2,2,0,5,0,0,0,0,true,,false,false,true,false,false,,,,,,false,false,false,,,false,false,false,false,false,-82.99427,42.42745,"{
  ""coordinates"": [
    -8.299426905500000e+01,
    4.242745098300000e+01
  ],
  ""type"": ""Point""
}","{
  ""coordinates"": [
    -82.994269055,
    42.427450983
  ],
  ""type"": ""Point""
}",-82.994269055,42.427450983
6993,9376057,S M 10,7 MILE,2015-09-08,8,9,2015,1,3,8,3,,1,0,,1,1,4,35,2,2,2,5,0,0,0,0,true,,false,false,true,false,false,,,,,,false,false,false,,,false,false,false,false,false,-83.18715,42.43082,"{
  ""coordinates"": [
    -8.318714988100000e+01,
    4.243081983500010e+01
  ],
  ""type"": ""Point""
}","{
  ""coordinates"": [
    -83.187149881,
    42.430819835
  ],
  ""type"": ""Point""
}",-83.187149881,42.4308198350001
6994,9363329,WHITLOCK,STAHELIN,2015-09-08,8,9,2015,16,3,4,9,,,0,,1,1,1,25,2,2,1,5,0,0,0,0,true,,false,false,true,false,false,,,,,,false,false,false,,,false,false,false,false,false,-83.2242,42.33965,"{
  ""coordinates"": [
    -8.322419713499990e+01,
    4.233965476500000e+01
  ],
  ""type"": ""Point""
}","{
  ""coordinates"": [
    -83.224197135,
    42.339654765
  ],
  ""type"": ""Point""
}",-83.2241971349999,42.339654765
6995,9362443,OUTER,JAMES COUZENS,2015-09-08,8,9,2015,1,3,4,9,,2,0,,1,1,4,25,2,2,3,5,0,0,0,0,true,,true,true,false,false,false,,,,,,false,false,false,,,false,false,false,false,false,-83.17636,42.42076,"{
  ""coordinates"": [
    -8.317635938200000e+01,
    4.242076609100010e+01
  ],
  ""type"": ""Point""
}","{
  ""coordinates"": [
    -83.176359382,
    42.420766091
  ],
  ""type"": ""Point""
}",-83.176359382,42.4207660910001
6996,9366966,N M 10,CHICAGO,2015-09-08,8,9,2015,20,3,5,3,,1,0,,1,1,4,55,3,2,2,5,0,0,0,0,true,,false,false,false,false,false,,,,,,false,false,false,,,false,false,false,false,false,-83.09505,42.38252,"{
  ""coordinates"": [
    -8.309505381699999e+01,
    4.238251898900010e+01
  ],
  ""type"": ""Point""
}","{
  ""coordinates"": [
    -83.095053817,
    42.382518989
  ],
  ""type"": ""Point""
}",-83.095053817,42.3825189890001
6997,9399013,GRAND RIVER,I 75 SERVICE,2015-09-08,8,9,2015,11,3,5,3,,1,0,,1,1,1,30,2,2,2,5,0,0,0,0,true,,false,false,true,false,false,,,,,,false,false,true,,,false,false,false,false,false,-83.06,42.33684,"{
  ""coordinates"": [
    -8.305999621900000e+01,
    4.233683763100000e+01
  ],
  ""type"": ""Point""
}","{
  ""coordinates"": [
    -83.059996219,
    42.336837631
  ],
  ""type"": ""Point""
}",-83.059996219,42.336837631
6998,9397831,FERRY PARK,AVERY,2015-09-08,8,9,2015,14,3,97,9,,,0,,1,1,1,30,2,2,2,5,0,0,0,0,true,,false,false,false,false,false,,,,,,false,false,false,,,false,false,false,false,false,-83.08807,42.36328,"{
  ""coordinates"": [
    -8.308807403899991e+01,
    4.236327639000010e+01
  ],
  ""type"": ""Point""
}","{
  ""coordinates"": [
    -83.088074039,
    42.36327639
  ],
  ""type"": ""Point""
}",-83.0880740389999,42.3632763900001
6999,9362467,LIVERNOIS,OTIS,2015-09-08,8,9,2015,0,3,1,9,,4,0,,1,1,5,35,4,1,2,5,0,0,0,0,true,,false,false,false,false,false,,,,,,false,false,false,,,false,false,false,false,false,-83.11681,42.32627,"{
  ""coordinates"": [
    -8.311681597200000e+01,
    4.232627397100000e+01
  ],
  ""type"": ""Point""
}","{
  ""coordinates"": [
    -83.116815972,
    42.326273971
  ],
  ""type"": ""Point""
}",-83.116815972,42.326273971
7000,9367905,DIX,OAKWOOD,2015-09-08,8,9,2015,8,3,5,9,,4,0,,1,1,1,0,2,3,3,4,0,0,0,2,false,,false,false,false,false,false,,,,,,false,false,false,,,false,false,false,false,false,-83.16034,42.28589,"{
  ""coordinates"": [
    -8.316034177200000e+01,
    4.228588932800010e+01
  ],
  ""type"": ""Point""
}","{
  ""coordinates"": [
    -83.160341772,
    42.285889328
  ],
  ""type"": ""Point""
}",-83.160341772,42.2858893280001
7001,9381469,MACK,S I 75 SERVICE DRIVE,2015-09-08,8,9,2015,17,3,5,9,,4,0,,1,1,1,25,3,2,2,5,0,0,0,0,true,,false,false,false,false,false,,,,,,false,false,false,,,false,false,false,false,false,-83.04848,42.35096,"{
  ""coordinates"": [
    -8.304848326099990e+01,
    4.235095913400000e+01
  ],
  ""type"": ""Point""
}","{
  ""coordinates"": [
    -83.048483261,
    42.350959134
  ],
  ""type"": ""Point""
}",-83.0484832609999,42.350959134
7002,9364248,8 MILE,LIVERNOIS,2015-09-08,8,9,2015,16,3,5,3,,1,0,,1,1,1,45,4,2,2,4,0,0,0,1,false,,false,false,false,false,false,,,,,,false,false,false,,,false,false,false,false,false,-83.14206,42.44608,"{
  ""coordinates"": [
    -8.314205558600000e+01,
    4.244608088200000e+01
  ],
  ""type"": ""Point""
}","{
  ""coordinates"": [
    -83.142055586,
    42.446080882
  ],
  ""type"": ""Point""
}",-83.142055586,42.446080882
7003,9365116,BIRWOOD,MCNICHOLS,2015-09-08,8,9,2015,17,3,97,9,,,0,,1,1,1,25,2,2,1,5,0,0,0,0,true,,false,false,false,false,false,,,,,,false,false,true,,,false,false,false,false,false,-83.16463,42.41668,"{
  ""coordinates"": [
    -8.316463745899991e+01,
    4.241667781100010e+01
  ],
  ""type"": ""Point""
}","{
  ""coordinates"": [
    -83.164637459,
    42.416677811
  ],
  ""type"": ""Point""
}",-83.1646374589999,42.4166778110001
7004,9363350,S I 75 SERVICE DRIVE,WARREN,2015-09-08,8,9,2015,16,3,8,9,,4,0,,1,1,1,30,3,2,2,5,0,0,0,0,true,,false,false,false,false,false,,,,,,false,false,false,,,false,false,false,false,false,-83.05489,42.36059,"{
  ""coordinates"": [
    -8.305488254999990e+01,
    4.236059072000010e+01
  ],
  ""type"": ""Point""
}","{
  ""coordinates"": [
    -83.05488255,
    42.36059072
  ],
  ""type"": ""Point""
}",-83.0548825499999,42.3605907200001
7005,9364185,SOUTHAMPTON,DEVONSHIRE,2015-09-08,8,9,2015,15,3,4,9,,,0,,1,1,1,25,2,2,4,4,0,0,0,2,false,,false,false,false,false,false,,,,,,false,false,true,,,false,false,false,false,false,-82.94411,42.40495,"{
  ""coordinates"": [
    -8.294410351700000e+01,
    4.240494716700000e+01
  ],
  ""type"": ""Point""
}","{
  ""coordinates"": [
    -82.944103517,
    42.404947167
  ],
  ""type"": ""Point""
}",-82.944103517,42.404947167
7006,9463413,ST JEAN,FRAUD,2015-09-08,8,9,2015,9,3,97,9,,4,0,,1,1,1,35,3,1,1,4,0,0,0,1,false,,false,false,false,false,false,,,,,,false,false,false,,,false,false,false,false,false,-82.96828,42.36051,"{
  ""coordinates"": [
    -8.296828835799990e+01,
    4.236050737400010e+01
  ],
  ""type"": ""Point""
}","{
  ""coordinates"": [
    -82.968288358,
    42.360507374
  ],
  ""type"": ""Point""
}",-82.9682883579999,42.3605073740001
7007,9597353,S M 10 SERVICE DRIVE,RAMP 119A,2015-09-08,8,9,2015,14,3,7,9,,4,0,,1,1,1,25,2,2,1,5,0,0,0,0,true,,false,false,false,false,false,,,,,,false,false,false,,,false,false,false,false,false,-83.07318,42.35232,"{
  ""coordinates"": [
    -8.307318264400000e+01,
    4.235231812600010e+01
  ],
  ""type"": ""Point""
}","{
  ""coordinates"": [
    -83.073182644,
    42.352318126
  ],
  ""type"": ""Point""
}",-83.073182644,42.3523181260001
7008,9397869,TEMPLE,5TH,2015-09-08,8,9,2015,11,3,5,9,,4,0,,1,1,1,25,2,2,3,5,0,0,0,0,true,,false,false,true,false,false,,,,,,false,false,true,,,false,false,false,false,false,-83.06503,42.33981,"{
  ""coordinates"": [
    -8.306503478600000e+01,
    4.233981483500000e+01
  ],
  ""type"": ""Point""
}","{
  ""coordinates"": [
    -83.065034786,
    42.339814835
  ],
  ""type"": ""Point""
}",-83.065034786,42.339814835
7009,9363326,COYLE,PICKFORD,2015-09-08,8,9,2015,0,3,4,9,,,0,,1,1,4,25,2,2,2,2,0,1,0,0,false,,false,false,true,false,false,,,,,,false,false,false,,,false,false,false,false,false,-83.19479,42.42515,"{
  ""coordinates"": [
    -8.319478959100000e+01,
    4.242514832100010e+01
  ],
  ""type"": ""Point""
}","{
  ""coordinates"": [
    -83.194789591,
    42.425148321
  ],
  ""type"": ""Point""
}",-83.194789591,42.4251483210001
7010,9363346,BRAILE,VANBUREN,2015-09-08,8,9,2015,6,3,97,9,,,0,,1,1,3,25,2,2,0,5,0,0,0,0,true,,false,false,true,false,false,,,,,,false,false,false,,,false,false,false,false,false,-83.24314,42.35422,"{
  ""coordinates"": [
    -8.324314104699990e+01,
    4.235422190200010e+01
  ],
  ""type"": ""Point""
}","{
  ""coordinates"": [
    -83.243141047,
    42.354221902
  ],
  ""type"": ""Point""
}",-83.2431410469999,42.3542219020001
7011,9399040,MONROE,N I 375 SERVICE DRIVE,2015-09-08,8,9,2015,19,3,4,9,,,0,,1,1,1,30,2,2,1,5,0,0,0,0,true,,false,false,false,false,false,,,,,,false,false,true,,,false,false,false,false,false,-83.03803,42.33685,"{
  ""coordinates"": [
    -8.303803429100000e+01,
    4.233685419500010e+01
  ],
  ""type"": ""Point""
}","{
  ""coordinates"": [
    -83.038034291,
    42.336854195
  ],
  ""type"": ""Point""
}",-83.038034291,42.3368541950001
7012,9397832,WOODWARD,CANFIELD,2015-09-08,8,9,2015,15,3,5,3,,1,0,,1,1,1,30,2,2,2,5,0,0,0,0,true,,false,false,false,false,false,,,,,,false,false,false,,,false,false,false,false,false,-83.06155,42.35282,"{
  ""coordinates"": [
    -8.306154363300000e+01,
    4.235281766300010e+01
  ],
  ""type"": ""Point""
}","{
  ""coordinates"": [
    -83.061543633,
    42.352817663
  ],
  ""type"": ""Point""
}",-83.061543633,42.3528176630001
7013,9365114,WEXFORD,EMERY,2015-09-08,8,9,2015,13,3,97,9,,,0,,1,1,1,20,2,2,1,5,0,0,0,0,true,,false,false,true,false,false,,,,,,false,false,false,,,false,false,false,false,false,-83.06523,42.43513,"{
  ""coordinates"": [
    -8.306522779200000e+01,
    4.243512812900010e+01
  ],
  ""type"": ""Point""
}","{
  ""coordinates"": [
    -83.065227792,
    42.435128129
  ],
  ""type"": ""Point""
}",-83.065227792,42.4351281290001
7014,9363359,PEMBROKE,WINTHROP,2015-09-08,8,9,2015,17,3,4,9,,4,0,,1,1,1,25,2,2,1,5,0,0,0,0,true,,true,false,true,false,false,,,,,,false,false,false,,,false,false,false,false,false,-83.20161,42.43759,"{
  ""coordinates"": [
    -8.320160726800000e+01,
    4.243759072700000e+01
  ],
  ""type"": ""Point""
}","{
  ""coordinates"": [
    -83.201607268,
    42.437590727
  ],
  ""type"": ""Point""
}",-83.201607268,42.437590727
7015,9371662,17147 GREENLAWN,MCNICHOLS,2015-09-08,8,9,2015,19,3,8,9,,,0,,1,1,1,25,2,2,0,5,0,0,0,0,true,,false,false,true,false,false,,,,,,false,true,false,,,false,false,false,false,false,-83.15116,42.4171,"{
  ""coordinates"": [
    -8.315115750200000e+01,
    4.241709671900000e+01
  ],
  ""type"": ""Point""
}","{
  ""coordinates"": [
    -83.151157502,
    42.417096719
  ],
  ""type"": ""Point""
}",-83.151157502,42.417096719