ObjectId,Crash ID,Primary Road,Intersecting Road,Crash Date,Day,Month,Year,Hour,Weekday,Crash Type Code,Highway Classification Code,Community Code,Jurisdiction Code,Lane Departure Type Code,Surface Type,Road Condition,Weather Condition,Lighting Condition,Speed Limit,Lanes,Units,Occupants,Most Severe Injury,Fatal Injuries,Suspected Serious Injuries,Suspected Minor Injuries,Possible Injuries,Property Damage Only,Secondary Crash,Traffic Control,Red Light Run,Hit and Run,Alcohol,Drugs,Unbelted Person,Work Zone,Speeding Driver,Distracted Driver,Driveway,Pedestrian,Elderly Driver,Young Driver,Commercial Vehicle,Emergency Vehicles,Train,School Bus,Motorcycle,Bicycle,Deer,Longitude,Latitude,geom,geog,x,y
7016,9370314,N I 75,RAMP 029A,2015-09-08,8,9,2015,18,3,1,1,,1,1,,1,1,1,55,3,1,1,3,0,0,1,0,false,,false,false,false,false,false,,,,,,false,false,false,,,false,false,false,false,false,-83.15926,42.27604,"{
  ""coordinates"": [
    -8.315925491800000e+01,
    4.227603490700010e+01
  ],
  ""type"": ""Point""
}","{
  ""coordinates"": [
    -83.159254918,
    42.276034907
  ],
  ""type"": ""Point""
}",-83.159254918,42.2760349070001
7017,9399356,MICHIGAN,GRISWOLD,2015-09-08,8,9,2015,20,3,8,9,,4,0,,1,1,4,40,6,2,4,3,0,0,1,0,false,,false,false,false,false,false,,,,,,false,false,true,,,false,false,false,false,false,-83.04828,42.33165,"{
  ""coordinates"": [
    -8.304827978700000e+01,
    4.233165170700000e+01
  ],
  ""type"": ""Point""
}","{
  ""coordinates"": [
    -83.048279787,
    42.331651707
  ],
  ""type"": ""Point""
}",-83.048279787,42.331651707
7018,9365089,GRATIOT,CRANE,2015-09-08,8,9,2015,21,3,1,3,,1,0,,1,1,5,35,7,2,1,3,0,0,1,0,false,,false,false,false,false,false,,,,,,true,false,false,,,false,false,false,false,false,-83.0098,42.38619,"{
  ""coordinates"": [
    -8.300980613900001e+01,
    4.238619193800000e+01
  ],
  ""type"": ""Point""
}","{
  ""coordinates"": [
    -83.009806139,
    42.386191938
  ],
  ""type"": ""Point""
}",-83.009806139,42.386191938
7019,9364013,I-96,WYOMING,2015-09-08,8,9,2015,22,3,8,1,,1,0,,97,98,98,55,3,2,1,5,0,0,0,0,true,,false,false,true,false,false,,,,,,false,false,false,,,false,false,false,false,false,-83.16093,42.38543,"{
  ""coordinates"": [
    -8.316093228299999e+01,
    4.238543303200000e+01
  ],
  ""type"": ""Point""
}","{
  ""coordinates"": [
    -83.160932283,
    42.385433032
  ],
  ""type"": ""Point""
}",-83.160932283,42.385433032
7020,9365918,N M 10,RAMP 107C,2015-09-08,8,9,2015,16,3,5,3,,1,0,,1,2,1,55,3,2,3,5,0,0,0,0,true,,false,false,false,false,false,,,,,,false,true,false,,,false,false,false,false,false,-83.13747,42.40498,"{
  ""coordinates"": [
    -8.313747376000001e+01,
    4.240497633500010e+01
  ],
  ""type"": ""Point""
}","{
  ""coordinates"": [
    -83.13747376,
    42.404976335
  ],
  ""type"": ""Point""
}",-83.13747376,42.4049763350001
7021,9363332,LARNED,N I 375,2015-09-08,8,9,2015,8,3,8,9,,4,0,,1,1,1,30,3,2,3,5,0,0,0,0,true,,false,false,false,false,false,,,,,,false,false,false,,,false,false,false,false,false,-83.03612,42.33336,"{
  ""coordinates"": [
    -8.303612050700001e+01,
    4.233335867900010e+01
  ],
  ""type"": ""Point""
}","{
  ""coordinates"": [
    -83.036120507,
    42.333358679
  ],
  ""type"": ""Point""
}",-83.036120507,42.3333586790001
7022,9397868,GRISWOLD,FORT,2015-09-08,8,9,2015,8,3,97,3,,4,0,,1,1,1,25,4,2,3,5,0,0,0,0,true,,false,false,true,false,false,,,,,,false,false,false,,,false,false,false,false,false,-83.04731,42.33059,"{
  ""coordinates"": [
    -8.304731152999990e+01,
    4.233059312900010e+01
  ],
  ""type"": ""Point""
}","{
  ""coordinates"": [
    -83.04731153,
    42.330593129
  ],
  ""type"": ""Point""
}",-83.0473115299999,42.3305931290001
7023,9363351,WINDER,JOHN R,2015-09-08,8,9,2015,18,3,4,9,,,0,,1,1,1,25,2,2,3,5,0,0,0,0,true,,false,false,false,false,false,,,,,,false,false,false,,,false,false,false,false,false,-83.05097,42.34174,"{
  ""coordinates"": [
    -8.305097356499989e+01,
    4.234174058800010e+01
  ],
  ""type"": ""Point""
}","{
  ""coordinates"": [
    -83.050973565,
    42.341740588
  ],
  ""type"": ""Point""
}",-83.0509735649999,42.3417405880001
7024,9367127,I 94,GRATIOT,2015-09-08,8,9,2015,16,3,5,1,,1,0,,1,1,1,55,4,2,3,5,0,0,0,0,true,,false,false,false,false,false,,,,,,false,true,false,,,false,false,false,false,false,-83.00336,42.39191,"{
  ""coordinates"": [
    -8.300336205000001e+01,
    4.239191441500000e+01
  ],
  ""type"": ""Point""
}","{
  ""coordinates"": [
    -83.00336205,
    42.391914415
  ],
  ""type"": ""Point""
}",-83.00336205,42.391914415
7025,9397812,BRUSH,PIQUETTE,2015-09-08,8,9,2015,16,3,4,9,,4,0,,1,1,1,30,2,2,2,4,0,0,0,1,false,,false,false,false,false,false,,,,,,false,false,false,,,false,false,false,false,false,-83.0661,42.36812,"{
  ""coordinates"": [
    -8.306610342300000e+01,
    4.236811980200010e+01
  ],
  ""type"": ""Point""
}","{
  ""coordinates"": [
    -83.066103423,
    42.368119802
  ],
  ""type"": ""Point""
}",-83.066103423,42.3681198020001
7026,9366962,I 75,CANFIELD,2015-09-08,8,9,2015,23,3,5,1,,1,0,,1,1,4,55,4,3,10,3,0,0,1,1,false,,false,false,false,false,false,,,,,,false,false,false,,,false,false,false,false,false,-83.05094,42.35589,"{
  ""coordinates"": [
    -8.305094500199991e+01,
    4.235589113500000e+01
  ],
  ""type"": ""Point""
}","{
  ""coordinates"": [
    -83.050945002,
    42.355891135
  ],
  ""type"": ""Point""
}",-83.0509450019999,42.355891135
7027,9369610,MACK,JOHN R,2015-09-08,8,9,2015,11,3,8,9,,4,0,,1,1,1,25,3,2,2,5,0,0,0,0,true,,false,false,false,false,false,,,,,,false,false,true,,,false,false,false,false,false,-83.059,42.34686,"{
  ""coordinates"": [
    -8.305899497699990e+01,
    4.234686151600000e+01
  ],
  ""type"": ""Point""
}","{
  ""coordinates"": [
    -83.058994977,
    42.346861516
  ],
  ""type"": ""Point""
}",-83.0589949769999,42.346861516
7028,9363336,GRAND RIVER,S M 39,2015-09-08,8,9,2015,17,3,4,3,,1,0,,1,1,1,35,4,2,5,5,0,0,0,0,true,,false,false,false,false,false,,,,,,false,false,true,,,false,false,false,false,false,-83.21838,42.40074,"{
  ""coordinates"": [
    -8.321837676800000e+01,
    4.240073665600000e+01
  ],
  ""type"": ""Point""
}","{
  ""coordinates"": [
    -83.218376768,
    42.400736656
  ],
  ""type"": ""Point""
}",-83.218376768,42.400736656
7029,9385589,KELLY,EASTLAND DRIVE,2015-09-08,8,9,2015,17,3,1,9,,2,1,,1,1,1,35,2,1,1,5,0,0,0,0,true,,false,false,false,false,false,,,,,,false,true,false,,,false,false,false,false,false,-82.9432,42.44746,"{
  ""coordinates"": [
    -8.294319788900000e+01,
    4.244746588900010e+01
  ],
  ""type"": ""Point""
}","{
  ""coordinates"": [
    -82.943197889,
    42.447465889
  ],
  ""type"": ""Point""
}",-82.943197889,42.4474658890001
7030,9374480,CASS,TEMPLE,2015-09-08,8,9,2015,22,3,5,9,,4,0,,1,1,5,25,2,2,2,5,0,0,0,0,true,,false,false,true,false,false,,,,,,false,false,false,,,false,false,false,false,false,-83.05852,42.34173,"{
  ""coordinates"": [
    -8.305851686100000e+01,
    4.234173013700010e+01
  ],
  ""type"": ""Point""
}","{
  ""coordinates"": [
    -83.058516861,
    42.341730137
  ],
  ""type"": ""Point""
}",-83.058516861,42.3417301370001
7031,9365101,GRAND,JOHN C,2015-09-08,8,9,2015,16,3,8,9,,,0,,1,1,1,30,4,2,3,5,0,0,0,0,true,,false,false,false,false,false,,,,,,false,false,false,,,false,false,false,false,false,-83.11039,42.39935,"{
  ""coordinates"": [
    -8.311039203000000e+01,
    4.239935087500000e+01
  ],
  ""type"": ""Point""
}","{
  ""coordinates"": [
    -83.11039203,
    42.399350875
  ],
  ""type"": ""Point""
}",-83.11039203,42.399350875
7032,9399343,E I 94,TRUMBULL,2015-09-08,8,9,2015,18,3,5,1,,1,0,,1,1,1,0,5,2,5,5,0,0,0,0,true,,false,false,true,false,false,,,,,,false,false,false,,,false,false,false,false,false,-83.081,42.35603,"{
  ""coordinates"": [
    -8.308100119499990e+01,
    4.235602698900000e+01
  ],
  ""type"": ""Point""
}","{
  ""coordinates"": [
    -83.081001195,
    42.356026989
  ],
  ""type"": ""Point""
}",-83.0810011949999,42.356026989
7033,9366119,N M 10,LIVERNOIS,2015-09-08,8,9,2015,15,3,5,3,,1,0,,1,1,1,55,3,2,2,5,0,0,0,0,true,,false,false,false,false,false,,,,,,false,false,false,,,false,false,false,false,false,-83.14023,42.40496,"{
  ""coordinates"": [
    -8.314023071699999e+01,
    4.240495567600000e+01
  ],
  ""type"": ""Point""
}","{
  ""coordinates"": [
    -83.140230717,
    42.404955676
  ],
  ""type"": ""Point""
}",-83.140230717,42.404955676
7034,9363364,GRATIOT,8 MILE,2015-09-08,8,9,2015,12,3,97,3,,1,0,,1,1,1,30,2,2,4,5,0,0,0,0,true,,false,false,false,false,false,,,,,,false,false,false,,,false,false,false,false,false,-82.96826,42.44934,"{
  ""coordinates"": [
    -8.296826107299999e+01,
    4.244934375000000e+01
  ],
  ""type"": ""Point""
}","{
  ""coordinates"": [
    -82.968261073,
    42.44934375
  ],
  ""type"": ""Point""
}",-82.968261073,42.44934375
7035,9363354,MCNICHOLS,FENMORE,2015-09-08,8,9,2015,16,3,5,9,,2,0,,1,1,1,30,4,2,1,5,0,0,0,0,true,,false,false,true,false,false,,,,,,false,false,false,,,false,false,false,false,false,-83.21789,42.41557,"{
  ""coordinates"": [
    -8.321789027100000e+01,
    4.241557180200000e+01
  ],
  ""type"": ""Point""
}","{
  ""coordinates"": [
    -83.217890271,
    42.415571802
  ],
  ""type"": ""Point""
}",-83.217890271,42.415571802
7036,9365917,NB I-75,MCNICHOLS,2015-09-08,8,9,2015,17,3,5,1,,1,0,,1,2,1,70,4,4,4,4,0,0,0,1,false,,false,false,false,false,false,,,,,,false,false,false,,,false,false,false,false,false,-83.08662,42.41686,"{
  ""coordinates"": [
    -8.308662411700000e+01,
    4.241685836500010e+01
  ],
  ""type"": ""Point""
}","{
  ""coordinates"": [
    -83.086624117,
    42.416858365
  ],
  ""type"": ""Point""
}",-83.086624117,42.4168583650001
7037,9363349,JEFFERSON,HELEN,2015-09-08,8,9,2015,13,3,7,9,,4,0,,1,1,1,35,4,2,2,5,0,0,0,0,true,,false,false,false,false,false,,,,,,false,false,false,,,false,false,false,false,false,-83.00316,42.34669,"{
  ""coordinates"": [
    -8.300315957299991e+01,
    4.234668810700000e+01
  ],
  ""type"": ""Point""
}","{
  ""coordinates"": [
    -83.003159573,
    42.346688107
  ],
  ""type"": ""Point""
}",-83.0031595729999,42.346688107
7038,9373523,HUBBELL,PLYMOUTH,2015-09-08,8,9,2015,0,3,3,9,,4,0,,1,1,1,35,2,2,2,4,0,0,0,1,false,,false,false,true,false,false,,,,,,false,false,false,,,false,false,false,false,false,-83.18774,42.37283,"{
  ""coordinates"": [
    -8.318774250400000e+01,
    4.237283129400000e+01
  ],
  ""type"": ""Point""
}","{
  ""coordinates"": [
    -83.187742504,
    42.372831294
  ],
  ""type"": ""Point""
}",-83.187742504,42.372831294
7039,9363342,ST JEAN,KERCHEVAL,2015-09-08,8,9,2015,15,3,4,9,,4,0,,1,1,1,30,2,2,2,5,0,0,0,0,true,,false,false,false,false,false,,,,,,false,false,true,,,false,false,false,false,false,-82.97216,42.36937,"{
  ""coordinates"": [
    -8.297216282499990e+01,
    4.236936420500010e+01
  ],
  ""type"": ""Point""
}","{
  ""coordinates"": [
    -82.972162825,
    42.369364205
  ],
  ""type"": ""Point""
}",-82.9721628249999,42.3693642050001
7040,9363347,7 MILE,LAHSER,2015-09-08,8,9,2015,15,3,5,9,,2,0,,1,1,1,35,2,2,1,4,0,0,0,1,false,,false,false,true,false,false,,,,,,false,false,false,,,false,false,false,false,false,-83.25819,42.42912,"{
  ""coordinates"": [
    -8.325818696800000e+01,
    4.242911867900010e+01
  ],
  ""type"": ""Point""
}","{
  ""coordinates"": [
    -83.258186968,
    42.429118679
  ],
  ""type"": ""Point""
}",-83.258186968,42.4291186790001
7041,9408672,LINSDALE,NORTHFIELD,2015-09-07,7,9,2015,15,2,4,9,,,0,,1,2,1,25,1,2,5,1,1,0,1,1,false,,false,false,true,true,false,,,,,,false,false,false,,,false,false,false,false,false,-83.13063,42.3589,"{
  ""coordinates"": [
    -8.313062977600001e+01,
    4.235890176700010e+01
  ],
  ""type"": ""Point""
}","{
  ""coordinates"": [
    -83.130629776,
    42.358901767
  ],
  ""type"": ""Point""
}",-83.130629776,42.3589017670001
7042,9363333,N I 75 SERVICE DRIVE,8 MILE,2015-09-07,7,9,2015,13,2,1,1,,1,0,,1,1,1,35,4,1,1,5,0,0,0,0,true,,false,false,false,false,false,,,,,,false,false,true,,,false,false,false,false,false,-83.09435,42.44678,"{
  ""coordinates"": [
    -8.309434332900000e+01,
    4.244678470000010e+01
  ],
  ""type"": ""Point""
}","{
  ""coordinates"": [
    -83.094343329,
    42.4467847
  ],
  ""type"": ""Point""
}",-83.094343329,42.4467847000001
7043,9362491,HAYES,COLLINGHAM,2015-09-07,7,9,2015,9,2,8,9,,4,0,,1,1,1,30,2,2,2,5,0,0,0,0,true,,false,false,true,false,false,,,,,,false,false,false,,,false,false,false,false,false,-82.96602,42.44817,"{
  ""coordinates"": [
    -8.296601729600000e+01,
    4.244817062600000e+01
  ],
  ""type"": ""Point""
}","{
  ""coordinates"": [
    -82.966017296,
    42.448170626
  ],
  ""type"": ""Point""
}",-82.966017296,42.448170626
7044,9361579,VAN DYKE,RUEDISALE,2015-09-07,7,9,2015,2,2,1,9,,4,0,,1,1,4,25,2,2,1,4,0,0,0,1,false,,false,false,true,false,false,,,,,,false,false,false,,,false,false,false,true,false,-83.00859,42.37042,"{
  ""coordinates"": [
    -8.300859059999991e+01,
    4.237042174600000e+01
  ],
  ""type"": ""Point""
}","{
  ""coordinates"": [
    -83.0085906,
    42.370421746
  ],
  ""type"": ""Point""
}",-83.0085905999999,42.370421746
7045,9362338,I94,I75,2015-09-07,7,9,2015,10,2,8,1,,1,0,,1,1,1,55,4,2,2,5,0,0,0,0,true,,false,false,false,false,false,,,,,,false,false,true,,,false,false,false,false,false,-83.05962,42.36756,"{
  ""coordinates"": [
    -8.305961671700000e+01,
    4.236755650600000e+01
  ],
  ""type"": ""Point""
}","{
  ""coordinates"": [
    -83.059616717,
    42.367556506
  ],
  ""type"": ""Point""
}",-83.059616717,42.367556506
7046,9362442,FISHER,VERNOR,2015-09-07,7,9,2015,0,2,8,1,,1,0,,1,1,4,25,4,2,3,5,0,0,0,0,true,,false,false,false,false,false,,,,,,false,false,false,,,false,false,false,false,false,-83.08363,42.32512,"{
  ""coordinates"": [
    -8.308362393499991e+01,
    4.232512416200010e+01
  ],
  ""type"": ""Point""
}","{
  ""coordinates"": [
    -83.083623935,
    42.325124162
  ],
  ""type"": ""Point""
}",-83.0836239349999,42.3251241620001
7047,9362465,TOLEDO,JUNCTION,2015-09-07,7,9,2015,3,2,8,9,,4,0,,1,1,4,25,4,2,0,5,0,0,0,0,true,,false,false,true,false,false,,,,,,false,false,false,,,false,false,false,false,false,-83.1057,42.32027,"{
  ""coordinates"": [
    -8.310570134200000e+01,
    4.232026690400010e+01
  ],
  ""type"": ""Point""
}","{
  ""coordinates"": [
    -83.105701342,
    42.320266904
  ],
  ""type"": ""Point""
}",-83.105701342,42.3202669040001
7048,9362478,GRAND RIVER,TELEGRAPH,2015-09-07,7,9,2015,18,2,1,3,,1,0,,1,1,1,35,5,1,1,5,0,0,0,0,true,,false,false,false,false,false,,,,,,false,true,false,,,false,false,false,false,false,-83.27781,42.42439,"{
  ""coordinates"": [
    -8.327780663700000e+01,
    4.242438325400010e+01
  ],
  ""type"": ""Point""
}","{
  ""coordinates"": [
    -83.277806637,
    42.424383254
  ],
  ""type"": ""Point""
}",-83.277806637,42.4243832540001
7049,9374503,JOHN R,7 MILE,2015-09-07,7,9,2015,14,2,5,9,,4,0,,1,1,1,30,4,2,3,5,0,0,0,0,true,,false,false,true,false,false,,,,,,false,true,false,,,false,false,false,false,false,-83.10237,42.43214,"{
  ""coordinates"": [
    -8.310236743800000e+01,
    4.243214591500000e+01
  ],
  ""type"": ""Point""
}","{
  ""coordinates"": [
    -83.102367438,
    42.432145915
  ],
  ""type"": ""Point""
}",-83.102367438,42.432145915
7050,9365930,N/B M 10,DAVISON,2015-09-07,7,9,2015,13,2,4,3,,1,0,,1,1,1,55,4,2,4,3,0,0,1,2,false,,false,false,false,false,false,,,,,,false,false,true,,,false,false,false,false,false,-83.10796,42.39596,"{
  ""coordinates"": [
    -8.310795247999989e+01,
    4.239595968600000e+01
  ],
  ""type"": ""Point""
}","{
  ""coordinates"": [
    -83.10795248,
    42.395959686
  ],
  ""type"": ""Point""
}",-83.1079524799999,42.395959686
7051,9362497,VARJO,CLIFF,2015-09-07,7,9,2015,17,2,4,9,,,0,,1,1,1,25,2,2,2,3,0,0,1,0,false,,true,false,false,false,false,,,,,,false,true,true,,,false,false,false,false,false,-83.02811,42.42584,"{
  ""coordinates"": [
    -8.302811236299991e+01,
    4.242584375000010e+01
  ],
  ""type"": ""Point""
}","{
  ""coordinates"": [
    -83.028112363,
    42.42584375
  ],
  ""type"": ""Point""
}",-83.0281123629999,42.4258437500001
7052,9375389,JEFFERSON,RANDOLPH,2015-09-07,7,9,2015,15,2,5,4,,1,0,,1,1,1,25,2,2,3,5,0,0,0,0,true,,false,false,false,false,false,,,,,,false,true,true,,,false,false,false,false,false,-83.04182,42.32966,"{
  ""coordinates"": [
    -8.304182027600000e+01,
    4.232966120300010e+01
  ],
  ""type"": ""Point""
}","{
  ""coordinates"": [
    -83.041820276,
    42.329661203
  ],
  ""type"": ""Point""
}",-83.041820276,42.3296612030001
7053,9362462,JOSEPH CAMPAU,MEADE,2015-09-07,7,9,2015,14,2,97,9,,4,0,,1,1,1,30,2,2,1,5,0,0,0,0,true,,false,false,false,false,false,,,,,,false,false,true,,,false,false,false,false,false,-83.06649,42.40968,"{
  ""coordinates"": [
    -8.306649165800000e+01,
    4.240967533900000e+01
  ],
  ""type"": ""Point""
}","{
  ""coordinates"": [
    -83.066491658,
    42.409675339
  ],
  ""type"": ""Point""
}",-83.066491658,42.409675339
7054,9364039,M39,PURITAN,2015-09-07,7,9,2015,2,2,5,3,,1,0,,1,1,4,55,3,2,5,3,0,0,1,2,false,,false,false,true,false,false,,,,,,false,false,false,,,false,false,false,false,false,-83.21872,42.4086,"{
  ""coordinates"": [
    -8.321872222600000e+01,
    4.240860017500010e+01
  ],
  ""type"": ""Point""
}","{
  ""coordinates"": [
    -83.218722226,
    42.408600175
  ],
  ""type"": ""Point""
}",-83.218722226,42.4086001750001
7055,9363216,I-75,NEVADA,2015-09-07,7,9,2015,23,2,8,1,,1,0,,1,1,4,70,4,2,2,5,0,0,0,0,true,,false,false,true,true,false,,,,,,false,false,false,,,false,false,false,false,false,-83.09299,42.42467,"{
  ""coordinates"": [
    -8.309299666399990e+01,
    4.242467221200010e+01
  ],
  ""type"": ""Point""
}","{
  ""coordinates"": [
    -83.092996664,
    42.424672212
  ],
  ""type"": ""Point""
}",-83.0929966639999,42.4246722120001
7056,9366092,W I 96 SERVICE DRIVE,GRAND RIVER,2015-09-07,7,9,2015,11,2,8,1,,1,0,,1,1,1,25,2,2,6,5,0,0,0,0,true,,false,false,false,false,false,,,,,,false,false,true,,,false,false,false,false,false,-83.17709,42.38409,"{
  ""coordinates"": [
    -8.317709392499999e+01,
    4.238408824800010e+01
  ],
  ""type"": ""Point""
}","{
  ""coordinates"": [
    -83.177093925,
    42.384088248
  ],
  ""type"": ""Point""
}",-83.177093925,42.3840882480001
7057,9384183,APPOLINE,SCHOOLCRAFT,2015-09-07,7,9,2015,8,2,1,9,,,1,,1,1,1,25,2,1,0,5,0,0,0,0,true,,false,false,false,false,false,,,,,,false,false,false,,,false,false,false,false,false,-83.16982,42.38781,"{
  ""coordinates"": [
    -8.316981929799989e+01,
    4.238781351100000e+01
  ],
  ""type"": ""Point""
}","{
  ""coordinates"": [
    -83.169819298,
    42.387813511
  ],
  ""type"": ""Point""
}",-83.1698192979999,42.387813511
7058,9362479,CHALFONTE,ST.MARYS,2015-09-07,7,9,2015,0,2,5,9,,,0,,1,1,4,25,2,2,1,5,0,0,0,0,true,,false,false,true,false,false,,,,,,false,false,false,,,false,false,false,false,false,-83.20644,42.39912,"{
  ""coordinates"": [
    -8.320643348399990e+01,
    4.239912247000010e+01
  ],
  ""type"": ""Point""
}","{
  ""coordinates"": [
    -83.206433484,
    42.39912247
  ],
  ""type"": ""Point""
}",-83.2064334839999,42.3991224700001
7059,9362498,DAVISON,E M 8/W M 8,2015-09-07,7,9,2015,16,2,97,3,,1,0,,1,1,1,30,3,2,2,5,0,0,0,0,true,,false,false,true,false,false,,,,,,false,false,false,,,false,false,false,false,false,-83.06433,42.4148,"{
  ""coordinates"": [
    -8.306433076099999e+01,
    4.241480223000010e+01
  ],
  ""type"": ""Point""
}","{
  ""coordinates"": [
    -83.064330761,
    42.41480223
  ],
  ""type"": ""Point""
}",-83.064330761,42.4148022300001
7060,9364041,M-39,SCHOOLCRAFT,2015-09-07,7,9,2015,23,2,1,3,,1,1,,1,1,4,55,3,1,1,5,0,0,0,0,true,,false,false,false,false,false,,,,,,false,false,false,,,false,false,false,false,false,-83.21777,42.38816,"{
  ""coordinates"": [
    -8.321777516000000e+01,
    4.238815691900000e+01
  ],
  ""type"": ""Point""
}","{
  ""coordinates"": [
    -83.21777516,
    42.388156919
  ],
  ""type"": ""Point""
}",-83.21777516,42.388156919
7061,9364018,I-96,MEYERS,2015-09-07,7,9,2015,2,2,8,1,,1,0,,1,1,5,70,3,2,2,5,0,0,0,0,true,,false,false,true,false,false,,,,,,false,false,true,,,false,false,false,false,false,-83.16749,42.38538,"{
  ""coordinates"": [
    -8.316748452800000e+01,
    4.238537543700010e+01
  ],
  ""type"": ""Point""
}","{
  ""coordinates"": [
    -83.167484528,
    42.385375437
  ],
  ""type"": ""Point""
}",-83.167484528,42.3853754370001
7062,9363328,OUTER,ORANGELAWN,2015-09-07,7,9,2015,20,2,9,9,,2,0,,1,1,1,35,2,2,2,5,0,0,0,0,true,,false,false,true,false,false,,,,,,false,false,false,,,false,false,false,false,false,-83.26081,42.36596,"{
  ""coordinates"": [
    -8.326081135500000e+01,
    4.236596265900000e+01
  ],
  ""type"": ""Point""
}","{
  ""coordinates"": [
    -83.260811355,
    42.365962659
  ],
  ""type"": ""Point""
}",-83.260811355,42.365962659
7063,9362493,YOUNG,CHALMERS,2015-09-07,7,9,2015,1,2,4,9,,,0,,1,1,4,30,2,2,2,3,0,0,1,0,false,,false,false,false,false,false,,,,,,false,false,false,,,false,false,false,false,false,-82.97491,42.42384,"{
  ""coordinates"": [
    -8.297491146399990e+01,
    4.242384017400010e+01
  ],
  ""type"": ""Point""
}","{
  ""coordinates"": [
    -82.974911464,
    42.423840174
  ],
  ""type"": ""Point""
}",-82.9749114639999,42.4238401740001
7064,9384185,PILGRIM,STANSBURY,2015-09-07,7,9,2015,14,2,1,9,,,0,,1,1,1,25,2,1,1,5,0,0,0,0,true,,false,false,false,false,false,,,,,,false,false,false,,,false,false,false,false,false,-83.18263,42.40744,"{
  ""coordinates"": [
    -8.318263025100001e+01,
    4.240743661700000e+01
  ],
  ""type"": ""Point""
}","{
  ""coordinates"": [
    -83.182630251,
    42.407436617
  ],
  ""type"": ""Point""
}",-83.182630251,42.407436617
7065,9363331,GRATIOT,SHERIDAN,2015-09-07,7,9,2015,14,2,97,3,,1,0,,1,1,1,35,7,2,2,5,0,0,0,0,true,,false,false,false,false,false,,,,,,false,false,true,,,false,false,false,false,false,-83.01728,42.37492,"{
  ""coordinates"": [
    -8.301727771899991e+01,
    4.237491553500010e+01
  ],
  ""type"": ""Point""
}","{
  ""coordinates"": [
    -83.017277719,
    42.374915535
  ],
  ""type"": ""Point""
}",-83.0172777189999,42.3749155350001
7066,9399136,WARREN,S M 10,2015-09-07,7,9,2015,16,2,4,9,,4,0,,1,1,1,0,3,2,3,4,0,0,0,2,false,,false,false,true,false,false,,,,,,false,false,true,,,false,false,false,false,false,-83.07362,42.35369,"{
  ""coordinates"": [
    -8.307361361600000e+01,
    4.235369477600010e+01
  ],
  ""type"": ""Point""
}","{
  ""coordinates"": [
    -83.073613616,
    42.353694776
  ],
  ""type"": ""Point""
}",-83.073613616,42.3536947760001
7067,9368750,JEFFERIES,DAVISON,2015-09-07,7,9,2015,0,2,8,1,,1,0,,1,1,4,55,4,2,1,5,0,0,0,0,true,,false,false,true,false,false,,,,,,false,false,false,,,false,false,false,false,false,-83.0791,42.40852,"{
  ""coordinates"": [
    -8.307910248300000e+01,
    4.240852300500010e+01
  ],
  ""type"": ""Point""
}","{
  ""coordinates"": [
    -83.079102483,
    42.408523005
  ],
  ""type"": ""Point""
}",-83.079102483,42.4085230050001
7068,9364042,I-75,DEARBORN,2015-09-07,7,9,2015,23,2,8,1,,1,0,,1,1,4,70,3,2,5,5,0,0,0,0,true,,false,false,false,false,false,,,,,,false,false,true,,,false,false,false,false,false,-83.12724,42.29433,"{
  ""coordinates"": [
    -8.312723264700000e+01,
    4.229433085500010e+01
  ],
  ""type"": ""Point""
}","{
  ""coordinates"": [
    -83.127232647,
    42.294330855
  ],
  ""type"": ""Point""
}",-83.127232647,42.2943308550001
7069,9367783,LODGE FW,GREENFIELD,2015-09-07,7,9,2015,1,2,5,3,,1,0,,1,1,5,55,3,2,2,5,0,0,0,0,true,,false,false,true,false,false,,,,,,false,false,false,,,false,false,false,false,false,-83.19756,42.44053,"{
  ""coordinates"": [
    -8.319756113200000e+01,
    4.244052318400000e+01
  ],
  ""type"": ""Point""
}","{
  ""coordinates"": [
    -83.197561132,
    42.440523184
  ],
  ""type"": ""Point""
}",-83.197561132,42.440523184
7070,9361581,GRATIOT,HARPER,2015-09-07,7,9,2015,5,2,8,3,,1,0,,1,1,4,35,7,2,1,5,0,0,0,0,true,,false,false,true,false,false,,,,,,false,false,true,,,false,false,false,false,false,-83.00526,42.39307,"{
  ""coordinates"": [
    -8.300526412100000e+01,
    4.239306656700010e+01
  ],
  ""type"": ""Point""
}","{
  ""coordinates"": [
    -83.005264121,
    42.393066567
  ],
  ""type"": ""Point""
}",-83.005264121,42.3930665670001
7071,9362476,W.WARREN,ARTESIAN,2015-09-07,7,9,2015,17,2,97,9,,2,0,,1,1,1,35,4,2,5,5,0,0,0,0,true,,false,false,false,false,false,,,,,,false,false,false,,,false,false,false,false,false,-83.22574,42.34327,"{
  ""coordinates"": [
    -8.322573505699999e+01,
    4.234327465000010e+01
  ],
  ""type"": ""Point""
}","{
  ""coordinates"": [
    -83.225735057,
    42.34327465
  ],
  ""type"": ""Point""
}",-83.225735057,42.3432746500001
7072,9362380,RAMP 035F,VERNOR,2015-09-07,7,9,2015,22,2,1,1,,1,1,,1,1,4,70,1,1,1,5,0,0,0,0,true,,false,false,false,false,false,,,,,,false,false,false,,,false,false,false,false,false,-83.08315,42.3247,"{
  ""coordinates"": [
    -8.308314907300000e+01,
    4.232469455100010e+01
  ],
  ""type"": ""Point""
}","{
  ""coordinates"": [
    -83.083149073,
    42.324694551
  ],
  ""type"": ""Point""
}",-83.083149073,42.3246945510001