ObjectId,Crash ID,Primary Road,Intersecting Road,Crash Date,Day,Month,Year,Hour,Weekday,Crash Type Code,Highway Classification Code,Community Code,Jurisdiction Code,Lane Departure Type Code,Surface Type,Road Condition,Weather Condition,Lighting Condition,Speed Limit,Lanes,Units,Occupants,Most Severe Injury,Fatal Injuries,Suspected Serious Injuries,Suspected Minor Injuries,Possible Injuries,Property Damage Only,Secondary Crash,Traffic Control,Red Light Run,Hit and Run,Alcohol,Drugs,Unbelted Person,Work Zone,Speeding Driver,Distracted Driver,Driveway,Pedestrian,Elderly Driver,Young Driver,Commercial Vehicle,Emergency Vehicles,Train,School Bus,Motorcycle,Bicycle,Deer,Longitude,Latitude,geom,geog,x,y
7130,9361564,CASHMERE,DWYER,2015-09-06,6,9,2015,14,1,4,9,,,0,,1,1,1,25,2,2,2,5,0,0,0,0,true,,false,false,false,false,false,,,,,,false,false,false,,,false,false,false,false,false,-83.04061,42.40856,"{
  ""coordinates"": [
    -8.304060933200000e+01,
    4.240856058200010e+01
  ],
  ""type"": ""Point""
}","{
  ""coordinates"": [
    -83.040609332,
    42.408560582
  ],
  ""type"": ""Point""
}",-83.040609332,42.4085605820001
7131,9361561,WARREN,IROQUOIS,2015-09-06,6,9,2015,17,1,4,9,,4,0,,1,1,1,30,2,2,3,4,0,0,0,1,false,,true,false,false,false,false,,,,,,false,false,true,,,false,false,false,false,false,-83.00869,42.37752,"{
  ""coordinates"": [
    -8.300868962200001e+01,
    4.237752209100010e+01
  ],
  ""type"": ""Point""
}","{
  ""coordinates"": [
    -83.008689622,
    42.377522091
  ],
  ""type"": ""Point""
}",-83.008689622,42.3775220910001
7132,9361837,RAMP 122E,N I 75 CD,2015-09-06,6,9,2015,8,1,1,3,,1,1,,1,1,1,55,1,1,1,5,0,0,0,0,true,,false,false,false,false,false,,,,,,false,false,true,,,false,false,false,false,false,-83.06419,42.33373,"{
  ""coordinates"": [
    -8.306418537899999e+01,
    4.233373151800000e+01
  ],
  ""type"": ""Point""
}","{
  ""coordinates"": [
    -83.064185379,
    42.333731518
  ],
  ""type"": ""Point""
}",-83.064185379,42.333731518
7133,9363362,MCNICHOLS,ALBION,2015-09-06,6,9,2015,10,1,9,9,,4,2,,1,1,1,30,4,2,2,3,0,0,1,0,false,,false,false,false,false,false,,,,,,false,true,false,,,false,false,false,false,false,-83.00541,42.41993,"{
  ""coordinates"": [
    -8.300540703099990e+01,
    4.241993035900000e+01
  ],
  ""type"": ""Point""
}","{
  ""coordinates"": [
    -83.005407031,
    42.419930359
  ],
  ""type"": ""Point""
}",-83.0054070309999,42.419930359
7134,9421178,LONYO,JOHN KRONK,2015-09-06,6,9,2015,1,1,4,9,,4,0,,1,1,3,35,2,2,1,5,0,0,0,0,true,,false,false,true,false,false,,,,,,false,false,true,,,false,false,false,false,false,-83.13767,42.32111,"{
  ""coordinates"": [
    -8.313767083999990e+01,
    4.232110817200000e+01
  ],
  ""type"": ""Point""
}","{
  ""coordinates"": [
    -83.13767084,
    42.321108172
  ],
  ""type"": ""Point""
}",-83.1376708399999,42.321108172
7135,9369602,GRAND RIVER,WHITNEY,2015-09-06,6,9,2015,21,1,4,3,,1,0,,1,1,4,30,5,2,6,4,0,0,0,2,false,,false,false,false,false,false,,,,,,false,false,false,,,false,false,false,false,false,-83.11457,42.35887,"{
  ""coordinates"": [
    -8.311457009400000e+01,
    4.235887167900010e+01
  ],
  ""type"": ""Point""
}","{
  ""coordinates"": [
    -83.114570094,
    42.358871679
  ],
  ""type"": ""Point""
}",-83.114570094,42.3588716790001
7136,9425535,AUBURN,PLYMOUTH,2015-09-06,6,9,2015,19,1,1,9,,,0,,1,1,3,30,3,2,2,4,0,0,0,1,false,,false,false,false,false,false,,,,,,false,false,false,,,false,false,false,true,false,-83.23381,42.37192,"{
  ""coordinates"": [
    -8.323381244599990e+01,
    4.237192282600010e+01
  ],
  ""type"": ""Point""
}","{
  ""coordinates"": [
    -83.233812446,
    42.371922826
  ],
  ""type"": ""Point""
}",-83.2338124459999,42.3719228260001
7137,9361569,MCNICHOLS,LINDSAY,2015-09-06,6,9,2015,17,1,3,9,,2,0,,1,1,1,35,5,2,8,4,0,0,0,5,false,,false,false,false,false,false,,,,,,false,false,false,,,false,false,false,false,false,-83.21333,42.41566,"{
  ""coordinates"": [
    -8.321332683700000e+01,
    4.241566465400010e+01
  ],
  ""type"": ""Point""
}","{
  ""coordinates"": [
    -83.213326837,
    42.415664654
  ],
  ""type"": ""Point""
}",-83.213326837,42.4156646540001
7138,9362489,SEVEN MILE,HOOVER,2015-09-06,6,9,2015,14,1,5,3,,4,0,,1,1,1,30,5,2,2,5,0,0,0,0,true,,false,false,true,false,false,,,,,,false,true,false,,,false,false,false,false,false,-83.00466,42.43443,"{
  ""coordinates"": [
    -8.300466398499999e+01,
    4.243442549500000e+01
  ],
  ""type"": ""Point""
}","{
  ""coordinates"": [
    -83.004663985,
    42.434425495
  ],
  ""type"": ""Point""
}",-83.004663985,42.434425495
7139,9397841,GRAND RIVER,SECOND,2015-09-06,6,9,2015,14,1,5,3,,1,0,,1,1,1,0,8,2,2,5,0,0,0,0,true,,false,false,false,false,false,,,,,,false,false,false,,,false,false,false,false,false,-83.05795,42.33598,"{
  ""coordinates"": [
    -8.305794595200000e+01,
    4.233598102800000e+01
  ],
  ""type"": ""Point""
}","{
  ""coordinates"": [
    -83.057945952,
    42.335981028
  ],
  ""type"": ""Point""
}",-83.057945952,42.335981028
7140,9361555,POE,GRAND,2015-09-06,6,9,2015,14,1,97,9,,,0,,1,1,1,25,2,2,5,5,0,0,0,0,true,,false,false,false,false,false,,,,,,false,true,false,,,false,false,false,false,false,-83.08656,42.36563,"{
  ""coordinates"": [
    -8.308655359399999e+01,
    4.236563011500000e+01
  ],
  ""type"": ""Point""
}","{
  ""coordinates"": [
    -83.086553594,
    42.365630115
  ],
  ""type"": ""Point""
}",-83.086553594,42.365630115
7141,9371510,TYLER,TERRY,2015-09-06,6,9,2015,19,1,4,9,,,0,,1,2,1,25,4,2,2,5,0,0,0,0,true,,true,false,false,false,false,,,,,,false,true,false,,,false,false,false,false,false,-83.19132,42.38396,"{
  ""coordinates"": [
    -8.319131985699990e+01,
    4.238396561000010e+01
  ],
  ""type"": ""Point""
}","{
  ""coordinates"": [
    -83.191319857,
    42.38396561
  ],
  ""type"": ""Point""
}",-83.1913198569999,42.3839656100001
7142,9365011,I-96,I-75,2015-09-06,6,9,2015,6,1,8,1,,1,3,,1,2,5,55,4,2,1,5,0,0,0,0,true,,false,false,true,false,false,,,,,,false,false,true,,,false,false,false,false,false,-83.08282,42.32305,"{
  ""coordinates"": [
    -8.308281713900000e+01,
    4.232305235200000e+01
  ],
  ""type"": ""Point""
}","{
  ""coordinates"": [
    -83.082817139,
    42.323052352
  ],
  ""type"": ""Point""
}",-83.082817139,42.323052352
7143,9421189,JOY,CLOVERLAWN,2015-09-06,6,9,2015,20,1,4,9,,4,0,,1,1,4,30,4,2,1,3,0,0,1,0,false,,false,false,true,false,false,,,,,,false,false,false,,,false,false,false,false,false,-83.15112,42.35909,"{
  ""coordinates"": [
    -8.315111471599990e+01,
    4.235908886200010e+01
  ],
  ""type"": ""Point""
}","{
  ""coordinates"": [
    -83.151114716,
    42.359088862
  ],
  ""type"": ""Point""
}",-83.1511147159999,42.3590888620001
7144,9361576,CHICAGO,EVERGREEN,2015-09-06,6,9,2015,21,1,97,9,,4,0,,1,1,4,25,2,2,1,4,0,0,0,1,false,,false,false,true,false,false,,,,,,false,false,false,,,false,false,false,true,false,-83.23603,42.3647,"{
  ""coordinates"": [
    -8.323603053100000e+01,
    4.236470248200000e+01
  ],
  ""type"": ""Point""
}","{
  ""coordinates"": [
    -83.236030531,
    42.364702482
  ],
  ""type"": ""Point""
}",-83.236030531,42.364702482
7145,9361597,FAIRFIELD,PURITAN,2015-09-06,6,9,2015,7,1,1,9,,,0,,1,1,1,25,2,2,2,3,0,0,1,0,false,,false,false,true,false,false,,,,,,true,false,false,,,false,false,false,false,false,-83.13498,42.41028,"{
  ""coordinates"": [
    -8.313498102999991e+01,
    4.241027875200010e+01
  ],
  ""type"": ""Point""
}","{
  ""coordinates"": [
    -83.13498103,
    42.410278752
  ],
  ""type"": ""Point""
}",-83.1349810299999,42.4102787520001
7146,9362453,FENKELL,S M 39,2015-09-06,6,9,2015,22,1,4,9,,2,0,,1,1,4,35,4,2,3,5,0,0,0,0,true,,true,true,false,false,false,,,,,,false,true,false,,,false,false,false,false,false,-83.2183,42.40112,"{
  ""coordinates"": [
    -8.321829605499990e+01,
    4.240112166500010e+01
  ],
  ""type"": ""Point""
}","{
  ""coordinates"": [
    -83.218296055,
    42.401121665
  ],
  ""type"": ""Point""
}",-83.2182960549999,42.4011216650001
7147,9361551,OLDTOWN,SOUTHAMPTON,2015-09-06,6,9,2015,19,1,8,9,,,0,,1,1,1,0,2,2,4,5,0,0,0,0,true,,false,false,false,false,false,,,,,,false,false,false,,,false,false,false,false,false,-82.93106,42.40976,"{
  ""coordinates"": [
    -8.293106185800001e+01,
    4.240976116200010e+01
  ],
  ""type"": ""Point""
}","{
  ""coordinates"": [
    -82.931061858,
    42.409761162
  ],
  ""type"": ""Point""
}",-82.931061858,42.4097611620001
7148,9362444,HIBBARD,JEFFERSON,2015-09-06,6,9,2015,8,1,97,9,,,0,,1,1,98,25,2,2,0,5,0,0,0,0,true,,false,false,true,false,false,,,,,,false,false,false,,,false,false,false,false,false,-82.98721,42.35712,"{
  ""coordinates"": [
    -8.298721212700001e+01,
    4.235712389800010e+01
  ],
  ""type"": ""Point""
}","{
  ""coordinates"": [
    -82.987212127,
    42.357123898
  ],
  ""type"": ""Point""
}",-82.987212127,42.3571238980001
7149,9364244,DEXTER,DAVISON,2015-09-06,6,9,2015,19,1,3,3,,4,0,,1,1,1,35,5,2,2,5,0,0,0,0,true,,false,false,false,false,false,,,,,,false,false,false,,,false,false,false,false,false,-83.13087,42.38974,"{
  ""coordinates"": [
    -8.313086397700000e+01,
    4.238974160200010e+01
  ],
  ""type"": ""Point""
}","{
  ""coordinates"": [
    -83.130863977,
    42.389741602
  ],
  ""type"": ""Point""
}",-83.130863977,42.3897416020001
7150,9593267,GRATIOT,MARCUS,2015-09-06,6,9,2015,2,1,97,3,,1,0,,1,1,4,35,6,2,1,5,0,0,0,0,true,,false,false,true,false,false,,,,,,false,true,false,,,false,false,false,false,false,-83.0023,42.39756,"{
  ""coordinates"": [
    -8.300229513300000e+01,
    4.239756076900010e+01
  ],
  ""type"": ""Point""
}","{
  ""coordinates"": [
    -83.002295133,
    42.397560769
  ],
  ""type"": ""Point""
}",-83.002295133,42.3975607690001
7151,9400266,ST JOHN,CENTRAL,2015-09-06,6,9,2015,15,1,8,9,,,0,,1,1,1,25,2,2,1,5,0,0,0,0,true,,false,false,true,false,false,,,,,,false,false,false,,,false,false,false,false,false,-83.13463,42.32691,"{
  ""coordinates"": [
    -8.313462796600000e+01,
    4.232691304300000e+01
  ],
  ""type"": ""Point""
}","{
  ""coordinates"": [
    -83.134627966,
    42.326913043
  ],
  ""type"": ""Point""
}",-83.134627966,42.326913043
7152,9386470,CHICAGO,W I 96 SERVICE DRIVE,2015-09-06,6,9,2015,17,1,4,9,,4,0,,1,1,1,35,2,2,3,5,0,0,0,0,true,,false,false,false,false,false,,,,,,false,false,true,,,false,false,false,false,false,-83.13957,42.36801,"{
  ""coordinates"": [
    -8.313957191400000e+01,
    4.236800609500010e+01
  ],
  ""type"": ""Point""
}","{
  ""coordinates"": [
    -83.139571914,
    42.368006095
  ],
  ""type"": ""Point""
}",-83.139571914,42.3680060950001
7153,9362466,WOODMERE,VERNOR,2015-09-06,6,9,2015,20,1,5,9,,4,0,,1,1,5,25,2,2,2,4,0,0,0,1,false,,false,false,false,false,false,,,,,,false,false,true,,,false,false,false,false,false,-83.13584,42.30761,"{
  ""coordinates"": [
    -8.313584343299991e+01,
    4.230761333000000e+01
  ],
  ""type"": ""Point""
}","{
  ""coordinates"": [
    -83.135843433,
    42.30761333
  ],
  ""type"": ""Point""
}",-83.1358434329999,42.30761333
7154,9369574,DEXTER,LONGFELLOW,2015-09-06,6,9,2015,23,1,8,9,,4,0,,1,1,4,30,5,2,1,4,0,0,0,1,false,,false,false,false,false,false,,,,,,false,false,true,,,false,false,false,false,false,-83.11939,42.37275,"{
  ""coordinates"": [
    -8.311939112700000e+01,
    4.237275323000010e+01
  ],
  ""type"": ""Point""
}","{
  ""coordinates"": [
    -83.119391127,
    42.37275323
  ],
  ""type"": ""Point""
}",-83.119391127,42.3727532300001
7155,9364230,GREENFIELD,PURITAN,2015-09-06,6,9,2015,7,1,4,9,,2,0,,1,1,1,35,4,2,2,5,0,0,0,0,true,,true,true,false,false,false,,,,,,false,false,false,,,false,false,false,false,false,-83.19901,42.40875,"{
  ""coordinates"": [
    -8.319900850099999e+01,
    4.240875096000010e+01
  ],
  ""type"": ""Point""
}","{
  ""coordinates"": [
    -83.199008501,
    42.40875096
  ],
  ""type"": ""Point""
}",-83.199008501,42.4087509600001
7156,9362492,WILSHIRE,NEWPORT,2015-09-06,6,9,2015,16,1,8,9,,,0,,1,1,1,25,1,2,1,5,0,0,0,0,true,,false,false,true,false,false,,,,,,false,false,true,,,false,false,false,false,false,-82.97328,42.41194,"{
  ""coordinates"": [
    -8.297328398300000e+01,
    4.241194315000010e+01
  ],
  ""type"": ""Point""
}","{
  ""coordinates"": [
    -82.973283983,
    42.41194315
  ],
  ""type"": ""Point""
}",-82.973283983,42.4119431500001
7157,9367901,DAVISON,WILDEMERE,2015-09-06,6,9,2015,8,1,5,3,,1,0,,1,1,1,35,1,2,2,5,0,0,0,0,true,,false,false,false,false,false,,,,,,false,false,false,,,false,false,false,false,false,-83.12743,42.39101,"{
  ""coordinates"": [
    -8.312743370000000e+01,
    4.239101015300000e+01
  ],
  ""type"": ""Point""
}","{
  ""coordinates"": [
    -83.1274337,
    42.391010153
  ],
  ""type"": ""Point""
}",-83.1274337,42.391010153
7158,9361159,LIVERNOIS,CLAYTON,2015-09-05,5,9,2015,14,7,5,9,,4,0,,1,1,1,35,7,2,4,4,0,0,0,2,false,,false,false,false,false,false,,,,,,false,true,false,,,false,false,false,false,false,-83.11872,42.3289,"{
  ""coordinates"": [
    -8.311872350999990e+01,
    4.232889562100010e+01
  ],
  ""type"": ""Point""
}","{
  ""coordinates"": [
    -83.11872351,
    42.328895621
  ],
  ""type"": ""Point""
}",-83.1187235099999,42.3288956210001
7159,9361559,SYLVESTER,BELLEVUE,2015-09-05,5,9,2015,21,7,1,9,,,0,,1,1,5,25,2,1,2,4,0,0,0,1,false,,false,false,false,true,false,,,,,,false,false,false,,,false,false,false,false,false,-83.01888,42.3651,"{
  ""coordinates"": [
    -8.301887961400000e+01,
    4.236510641400000e+01
  ],
  ""type"": ""Point""
}","{
  ""coordinates"": [
    -83.018879614,
    42.365106414
  ],
  ""type"": ""Point""
}",-83.018879614,42.365106414
7160,9361535,JOY,BIRWOOD,2015-09-05,5,9,2015,4,7,5,9,,4,0,,1,1,3,35,2,2,2,3,0,0,1,0,false,,false,false,true,false,false,,,,,,false,false,false,,,false,false,true,false,false,-83.16315,42.35873,"{
  ""coordinates"": [
    -8.316314575000000e+01,
    4.235873281200000e+01
  ],
  ""type"": ""Point""
}","{
  ""coordinates"": [
    -83.16314575,
    42.358732812
  ],
  ""type"": ""Point""
}",-83.16314575,42.358732812
7161,9366076,JOY,SCHAEFER,2015-09-05,5,9,2015,14,7,5,9,,4,0,,1,1,1,35,2,2,2,5,0,0,0,0,true,,false,false,false,false,false,,,,,,false,false,true,,,false,false,false,false,false,-83.17749,42.35854,"{
  ""coordinates"": [
    -8.317748715000000e+01,
    4.235854497800010e+01
  ],
  ""type"": ""Point""
}","{
  ""coordinates"": [
    -83.17748715,
    42.358544978
  ],
  ""type"": ""Point""
}",-83.17748715,42.3585449780001
7162,9399098,JOHN C LODGE SERVICE,FOREST,2015-09-05,5,9,2015,18,7,5,3,,4,0,,1,1,1,30,3,2,4,4,0,0,0,1,false,,false,false,false,false,false,,,,,,false,true,false,,,false,false,false,false,false,-83.0717,42.35171,"{
  ""coordinates"": [
    -8.307170169299999e+01,
    4.235170597800000e+01
  ],
  ""type"": ""Point""
}","{
  ""coordinates"": [
    -83.071701693,
    42.351705978
  ],
  ""type"": ""Point""
}",-83.071701693,42.351705978
7163,9361223,DEXTER,COLLINGWOOD,2015-09-05,5,9,2015,21,7,5,9,,4,0,,1,1,4,25,2,3,1,2,0,1,0,0,false,,false,false,true,false,false,,,,,,true,false,true,,,false,false,false,false,false,-83.1222,42.37689,"{
  ""coordinates"": [
    -8.312220146999989e+01,
    4.237689312800010e+01
  ],
  ""type"": ""Point""
}","{
  ""coordinates"": [
    -83.12220147,
    42.376893128
  ],
  ""type"": ""Point""
}",-83.1222014699999,42.3768931280001
7164,9369609,HANCOCK,ANTHONY WAYNE,2015-09-05,5,9,2015,11,7,8,9,,,0,,1,1,1,25,3,4,1,5,0,0,0,0,true,,false,false,false,false,false,,,,,,false,false,false,,,false,false,false,false,false,-83.07037,42.35344,"{
  ""coordinates"": [
    -8.307037676600000e+01,
    4.235343512700010e+01
  ],
  ""type"": ""Point""
}","{
  ""coordinates"": [
    -83.070376766,
    42.353435127
  ],
  ""type"": ""Point""
}",-83.070376766,42.3534351270001
7165,9367924,VERNOR,DIX,2015-09-05,5,9,2015,7,7,1,9,,4,1,,1,1,1,35,2,1,0,5,0,0,0,0,true,,false,false,true,false,false,,,,,,false,false,false,,,false,false,false,false,false,-83.11633,42.31588,"{
  ""coordinates"": [
    -8.311632319400000e+01,
    4.231587528700000e+01
  ],
  ""type"": ""Point""
}","{
  ""coordinates"": [
    -83.116323194,
    42.315875287
  ],
  ""type"": ""Point""
}",-83.116323194,42.315875287
7166,9384192,WARREN,CHENE,2015-09-05,5,9,2015,16,7,5,9,,4,0,,1,1,1,35,5,2,2,5,0,0,0,0,true,,false,false,false,false,false,,,,,,false,false,true,,,false,false,false,false,false,-83.04079,42.3657,"{
  ""coordinates"": [
    -8.304078359399990e+01,
    4.236569547000000e+01
  ],
  ""type"": ""Point""
}","{
  ""coordinates"": [
    -83.040783594,
    42.36569547
  ],
  ""type"": ""Point""
}",-83.0407835939999,42.36569547
7167,9362480,GREENFIELD,ORANGELAWN,2015-09-05,5,9,2015,23,7,4,9,,2,0,,1,1,4,35,4,2,5,4,0,0,0,1,false,,false,false,true,false,false,,,,,,false,false,false,,,false,false,false,false,false,-83.19736,42.36783,"{
  ""coordinates"": [
    -8.319735524799999e+01,
    4.236783226300000e+01
  ],
  ""type"": ""Point""
}","{
  ""coordinates"": [
    -83.197355248,
    42.367832263
  ],
  ""type"": ""Point""
}",-83.197355248,42.367832263
7168,9361582,GRATIOT,HARPER,2015-09-05,5,9,2015,4,7,4,3,,1,0,,1,1,98,30,7,2,2,5,0,0,0,0,true,,false,false,true,false,false,,,,,,false,false,false,,,false,false,false,false,false,-83.00529,42.39301,"{
  ""coordinates"": [
    -8.300529837099999e+01,
    4.239301487300000e+01
  ],
  ""type"": ""Point""
}","{
  ""coordinates"": [
    -83.005298371,
    42.393014873
  ],
  ""type"": ""Point""
}",-83.005298371,42.393014873
7169,9364146,GRAND RIVER,RADFORD,2015-09-05,5,9,2015,19,7,8,3,,1,0,,1,1,4,30,7,2,1,5,0,0,0,0,true,,false,false,true,false,false,,,,,,false,false,false,,,false,false,false,false,false,-83.11575,42.35936,"{
  ""coordinates"": [
    -8.311575670799991e+01,
    4.235936324600000e+01
  ],
  ""type"": ""Point""
}","{
  ""coordinates"": [
    -83.115756708,
    42.359363246
  ],
  ""type"": ""Point""
}",-83.1157567079999,42.359363246
7170,9361528,MOROSS,BEACONSFIELD,2015-09-05,5,9,2015,3,7,5,9,,2,3,,1,1,4,35,4,2,30,5,0,0,0,0,true,,false,false,true,false,false,,,,,,false,false,false,,,false,false,false,false,false,-82.94099,42.42941,"{
  ""coordinates"": [
    -8.294098512499990e+01,
    4.242940469300000e+01
  ],
  ""type"": ""Point""
}","{
  ""coordinates"": [
    -82.940985125,
    42.429404693
  ],
  ""type"": ""Point""
}",-82.9409851249999,42.429404693
7171,9361546,ST JOHN,APPLE,2015-09-05,5,9,2015,6,7,4,9,,,0,,1,1,2,25,1,2,0,5,0,0,0,0,true,,false,false,true,false,false,,,,,,false,false,false,,,false,false,false,false,false,-83.12831,42.32958,"{
  ""coordinates"": [
    -8.312831015099989e+01,
    4.232958238700010e+01
  ],
  ""type"": ""Point""
}","{
  ""coordinates"": [
    -83.128310151,
    42.329582387
  ],
  ""type"": ""Point""
}",-83.1283101509999,42.3295823870001
7172,9361537,VERNOR,BEARD,2015-09-05,5,9,2015,13,7,5,9,,4,0,,1,1,1,0,4,2,2,5,0,0,0,0,true,,false,false,false,false,false,,,,,,false,false,false,,,false,false,false,false,false,-83.11901,42.31482,"{
  ""coordinates"": [
    -8.311901079800001e+01,
    4.231481711500000e+01
  ],
  ""type"": ""Point""
}","{
  ""coordinates"": [
    -83.119010798,
    42.314817115
  ],
  ""type"": ""Point""
}",-83.119010798,42.314817115
7173,9362457,MICHIGAN,LUMLEY,2015-09-05,5,9,2015,17,7,4,2,,1,0,,1,1,1,30,5,2,1,5,0,0,0,0,true,,false,false,true,false,false,,,,,,false,false,false,,,false,false,false,false,false,-83.14108,42.33112,"{
  ""coordinates"": [
    -8.314108593799990e+01,
    4.233111673300000e+01
  ],
  ""type"": ""Point""
}","{
  ""coordinates"": [
    -83.141085938,
    42.331116733
  ],
  ""type"": ""Point""
}",-83.1410859379999,42.331116733
7174,9399446,7 MILE,CARMAN,2015-09-05,5,9,2015,15,7,5,9,,4,0,,1,1,1,35,3,2,5,4,0,0,0,3,false,,false,false,true,false,false,,,,,,false,false,true,,,false,false,false,false,false,-83.10925,42.4322,"{
  ""coordinates"": [
    -8.310924870199990e+01,
    4.243220271600010e+01
  ],
  ""type"": ""Point""
}","{
  ""coordinates"": [
    -83.109248702,
    42.432202716
  ],
  ""type"": ""Point""
}",-83.1092487019999,42.4322027160001
7175,9361542,VERNOR,INFANTRY,2015-09-05,5,9,2015,14,7,5,9,,4,0,,1,1,1,25,2,2,2,4,0,0,0,2,false,,false,false,false,false,false,,,,,,false,true,false,,,false,false,false,false,false,-83.11149,42.31557,"{
  ""coordinates"": [
    -8.311149070099999e+01,
    4.231556808600000e+01
  ],
  ""type"": ""Point""
}","{
  ""coordinates"": [
    -83.111490701,
    42.315568086
  ],
  ""type"": ""Point""
}",-83.111490701,42.315568086
7176,9361553,KERCHEVAL,FIELD,2015-09-05,5,9,2015,10,7,3,9,,4,0,,1,1,1,30,3,2,2,3,0,0,1,0,false,,false,false,false,false,false,,,,,,false,true,false,,,false,false,true,false,false,-83.00587,42.35618,"{
  ""coordinates"": [
    -8.300586575700000e+01,
    4.235617684100000e+01
  ],
  ""type"": ""Point""
}","{
  ""coordinates"": [
    -83.005865757,
    42.356176841
  ],
  ""type"": ""Point""
}",-83.005865757,42.356176841
7177,9371617,EVERGREEN,ELMIRA,2015-09-05,5,9,2015,16,7,8,9,,4,0,,1,1,1,30,2,2,1,5,0,0,0,0,true,,false,false,false,false,false,,,,,,false,true,false,,,false,false,false,false,false,-83.23618,42.3696,"{
  ""coordinates"": [
    -8.323617892999989e+01,
    4.236960202500010e+01
  ],
  ""type"": ""Point""
}","{
  ""coordinates"": [
    -83.23617893,
    42.369602025
  ],
  ""type"": ""Point""
}",-83.2361789299999,42.3696020250001
7178,9361540,GRATIOT,HOUSTON WHITTIER,2015-09-05,5,9,2015,0,7,5,3,,1,0,,1,1,4,25,2,2,1,5,0,0,0,0,true,,false,false,true,false,false,,,,,,false,true,false,,,false,false,false,false,false,-82.98734,42.42042,"{
  ""coordinates"": [
    -8.298733696600000e+01,
    4.242042195200000e+01
  ],
  ""type"": ""Point""
}","{
  ""coordinates"": [
    -82.987336966,
    42.420421952
  ],
  ""type"": ""Point""
}",-82.987336966,42.420421952
7179,9362454,WARREN,STAHELIN,2015-09-05,5,9,2015,14,7,8,9,,2,0,,1,1,1,35,4,3,3,5,0,0,0,0,true,,false,false,false,false,false,,,,,,false,false,false,,,false,false,false,false,false,-83.22432,42.34329,"{
  ""coordinates"": [
    -8.322431801999990e+01,
    4.234329063200000e+01
  ],
  ""type"": ""Point""
}","{
  ""coordinates"": [
    -83.22431802,
    42.343290632
  ],
  ""type"": ""Point""
}",-83.2243180199999,42.343290632
7180,9361442,I-75,DEARBORN,2015-09-05,5,9,2015,8,7,1,1,,1,0,,1,2,1,70,4,1,2,5,0,0,0,0,true,,false,false,false,false,false,,,,,,false,false,false,,,false,false,false,false,false,-83.13121,42.29038,"{
  ""coordinates"": [
    -8.313121198000000e+01,
    4.229038041000010e+01
  ],
  ""type"": ""Point""
}","{
  ""coordinates"": [
    -83.13121198,
    42.29038041
  ],
  ""type"": ""Point""
}",-83.13121198,42.2903804100001
7181,9362436,SCHOOLCRAFT,GRANDMONT,2015-09-05,5,9,2015,21,7,2,9,,2,2,,1,1,4,35,2,3,3,3,0,0,1,0,false,,false,false,false,false,false,,,,,,false,false,false,,,false,false,false,false,false,-83.21059,42.38681,"{
  ""coordinates"": [
    -8.321059099199989e+01,
    4.238681257800000e+01
  ],
  ""type"": ""Point""
}","{
  ""coordinates"": [
    -83.210590992,
    42.386812578
  ],
  ""type"": ""Point""
}",-83.2105909919999,42.386812578
7182,9361532,GREENFIELD,KEELER,2015-09-05,5,9,2015,3,7,4,9,,2,0,,1,1,4,30,4,2,2,5,0,0,0,0,true,,false,false,true,false,false,,,,,,false,false,false,,,false,false,false,false,false,-83.19878,42.40331,"{
  ""coordinates"": [
    -8.319877976299991e+01,
    4.240330318900000e+01
  ],
  ""type"": ""Point""
}","{
  ""coordinates"": [
    -83.198779763,
    42.403303189
  ],
  ""type"": ""Point""
}",-83.1987797629999,42.403303189
7183,9384197,ILENE,FLORENCE,2015-09-05,5,9,2015,18,7,8,9,,,0,,1,1,1,25,2,2,2,5,0,0,0,0,true,,false,false,false,false,false,,,,,,false,false,true,,,false,false,true,false,false,-83.16226,42.4121,"{
  ""coordinates"": [
    -8.316226337200000e+01,
    4.241210124000000e+01
  ],
  ""type"": ""Point""
}","{
  ""coordinates"": [
    -83.162263372,
    42.41210124
  ],
  ""type"": ""Point""
}",-83.162263372,42.41210124
7184,9602811,WOODWARD,WINDER,2015-09-05,5,9,2015,3,7,5,3,,1,0,,2,1,4,35,3,2,2,5,0,0,0,0,true,,false,false,true,false,false,,,,,,false,false,false,,,false,false,false,false,false,-83.0534,42.34071,"{
  ""coordinates"": [
    -8.305339820700000e+01,
    4.234070682500000e+01
  ],
  ""type"": ""Point""
}","{
  ""coordinates"": [
    -83.053398207,
    42.340706825
  ],
  ""type"": ""Point""
}",-83.053398207,42.340706825
7185,9369599,GRAND RIVER,CLARENDON,2015-09-05,5,9,2015,18,7,4,3,,1,0,,1,1,1,30,7,2,4,3,0,0,1,2,false,,false,false,false,false,false,,,,,,false,true,false,,,false,false,false,false,false,-83.12635,42.36364,"{
  ""coordinates"": [
    -8.312635025400000e+01,
    4.236364102700000e+01
  ],
  ""type"": ""Point""
}","{
  ""coordinates"": [
    -83.126350254,
    42.363641027
  ],
  ""type"": ""Point""
}",-83.126350254,42.363641027
7186,9361824,I-75,SPRINGWELLS,2015-09-05,5,9,2015,21,7,97,1,,1,0,,1,1,4,70,3,3,3,5,0,0,0,0,true,,false,false,false,false,false,,,,,,false,false,true,,,false,false,false,false,false,-83.11761,42.30199,"{
  ""coordinates"": [
    -8.311760656400000e+01,
    4.230198619700010e+01
  ],
  ""type"": ""Point""
}","{
  ""coordinates"": [
    -83.117606564,
    42.301986197
  ],
  ""type"": ""Point""
}",-83.117606564,42.3019861970001
7187,9361557,7 MILE,RUTHERFORD,2015-09-05,5,9,2015,23,7,5,9,,2,0,,1,1,4,35,6,2,4,4,0,0,0,1,false,,false,false,false,false,false,,,,,,false,false,false,,,false,false,false,false,false,-83.20522,42.43034,"{
  ""coordinates"": [
    -8.320522537799999e+01,
    4.243033690900010e+01
  ],
  ""type"": ""Point""
}","{
  ""coordinates"": [
    -83.205225378,
    42.430336909
  ],
  ""type"": ""Point""
}",-83.205225378,42.4303369090001