ObjectId,Crash ID,Primary Road,Intersecting Road,Crash Date,Day,Month,Year,Hour,Weekday,Crash Type Code,Highway Classification Code,Community Code,Jurisdiction Code,Lane Departure Type Code,Surface Type,Road Condition,Weather Condition,Lighting Condition,Speed Limit,Lanes,Units,Occupants,Most Severe Injury,Fatal Injuries,Suspected Serious Injuries,Suspected Minor Injuries,Possible Injuries,Property Damage Only,Secondary Crash,Traffic Control,Red Light Run,Hit and Run,Alcohol,Drugs,Unbelted Person,Work Zone,Speeding Driver,Distracted Driver,Driveway,Pedestrian,Elderly Driver,Young Driver,Commercial Vehicle,Emergency Vehicles,Train,School Bus,Motorcycle,Bicycle,Deer,Longitude,Latitude,geom,geog,x,y
7188,9364038,M39,WARREN,2015-09-05,5,9,2015,18,7,8,3,,1,0,,1,1,1,55,3,2,1,5,0,0,0,0,true,,false,false,true,false,false,,,,,,false,false,false,,,false,false,false,false,false,-83.21603,42.34192,"{
  ""coordinates"": [
    -8.321602805500000e+01,
    4.234192187500000e+01
  ],
  ""type"": ""Point""
}","{
  ""coordinates"": [
    -83.216028055,
    42.341921875
  ],
  ""type"": ""Point""
}",-83.216028055,42.341921875
7189,9361176,FIELDING,CONSTANCE,2015-09-05,5,9,2015,11,7,4,9,,,0,,1,1,1,25,2,2,5,5,0,0,0,0,true,,false,false,false,false,false,,,,,,false,false,true,,,false,false,false,false,false,-83.24068,42.35366,"{
  ""coordinates"": [
    -8.324067424899989e+01,
    4.235366281200000e+01
  ],
  ""type"": ""Point""
}","{
  ""coordinates"": [
    -83.240674249,
    42.353662812
  ],
  ""type"": ""Point""
}",-83.2406742489999,42.353662812
7190,9361842,I-96,GREENFIELD,2015-09-05,5,9,2015,20,7,5,1,,1,0,,1,1,5,70,3,2,3,4,0,0,0,1,false,,false,false,false,false,true,,,,,,false,false,false,,,false,false,false,false,false,-83.20292,42.37921,"{
  ""coordinates"": [
    -8.320291575100001e+01,
    4.237920773800000e+01
  ],
  ""type"": ""Point""
}","{
  ""coordinates"": [
    -83.202915751,
    42.379207738
  ],
  ""type"": ""Point""
}",-83.202915751,42.379207738
7191,9448339,7 MILE,KENTFIELD,2015-09-05,5,9,2015,17,7,5,9,,2,0,,1,1,1,35,6,4,8,3,0,0,1,0,false,,false,false,false,false,false,,,,,,false,false,false,,,false,false,false,false,false,-83.24186,42.4295,"{
  ""coordinates"": [
    -8.324185719300000e+01,
    4.242949854400010e+01
  ],
  ""type"": ""Point""
}","{
  ""coordinates"": [
    -83.241857193,
    42.429498544
  ],
  ""type"": ""Point""
}",-83.241857193,42.4294985440001
7192,9364037,E I 94,MOUNT ELLIOTT,2015-09-05,5,9,2015,3,7,8,1,,1,0,,1,1,1,55,3,2,1,5,0,0,0,0,true,,false,false,true,false,false,,,,,,false,false,false,,,false,false,false,false,false,-83.03304,42.37971,"{
  ""coordinates"": [
    -8.303303714000000e+01,
    4.237971194400010e+01
  ],
  ""type"": ""Point""
}","{
  ""coordinates"": [
    -83.03303714,
    42.379711944
  ],
  ""type"": ""Point""
}",-83.03303714,42.3797119440001
7193,9362452,GRAND RIVER,EVERGREEN,2015-09-05,5,9,2015,21,7,4,3,,1,0,,1,1,4,35,7,2,2,5,0,0,0,0,true,,true,true,false,false,false,,,,,,false,false,false,,,false,false,false,false,false,-83.23779,42.40854,"{
  ""coordinates"": [
    -8.323778319800000e+01,
    4.240853860200010e+01
  ],
  ""type"": ""Point""
}","{
  ""coordinates"": [
    -83.237783198,
    42.408538602
  ],
  ""type"": ""Point""
}",-83.237783198,42.4085386020001
7194,9364017,I-94,I-75,2015-09-05,5,9,2015,16,7,1,1,,1,1,,1,1,1,55,3,1,1,3,0,0,1,0,false,,false,false,false,false,false,,,,,,false,false,false,,,false,false,false,false,false,-83.05659,42.36961,"{
  ""coordinates"": [
    -8.305659650400000e+01,
    4.236960433700010e+01
  ],
  ""type"": ""Point""
}","{
  ""coordinates"": [
    -83.056596504,
    42.369604337
  ],
  ""type"": ""Point""
}",-83.056596504,42.3696043370001
7195,9361529,RUNYON,EASTWOOD,2015-09-05,5,9,2015,12,7,97,9,,,0,,1,1,1,25,2,2,2,4,0,0,0,1,false,,false,false,false,false,false,,,,,,false,false,true,,,false,false,false,false,false,-83.00702,42.43189,"{
  ""coordinates"": [
    -8.300701595399990e+01,
    4.243188975300010e+01
  ],
  ""type"": ""Point""
}","{
  ""coordinates"": [
    -83.007015954,
    42.431889753
  ],
  ""type"": ""Point""
}",-83.0070159539999,42.4318897530001
7196,9361549,7 MILE,WALTHAM,2015-09-05,5,9,2015,21,7,4,9,,4,0,,1,1,4,30,2,2,2,5,0,0,0,0,true,,false,false,true,false,false,,,,,,false,false,false,,,false,false,false,false,false,-82.99485,42.4347,"{
  ""coordinates"": [
    -8.299484986200000e+01,
    4.243470196200010e+01
  ],
  ""type"": ""Point""
}","{
  ""coordinates"": [
    -82.994849862,
    42.434701962
  ],
  ""type"": ""Point""
}",-82.994849862,42.4347019620001
7197,9367122,JOY,FAUST,2015-09-05,5,9,2015,5,7,5,9,,2,0,,1,1,3,35,4,2,1,3,0,0,1,0,false,,false,false,true,false,false,,,,,,false,false,false,,,false,false,false,false,false,-83.22123,42.35778,"{
  ""coordinates"": [
    -8.322123136600000e+01,
    4.235777513200000e+01
  ],
  ""type"": ""Point""
}","{
  ""coordinates"": [
    -83.221231366,
    42.357775132
  ],
  ""type"": ""Point""
}",-83.221231366,42.357775132
7198,9361531,CHALMERS,KERCHEVAL,2015-09-05,5,9,2015,3,7,5,9,,4,0,,1,1,5,30,2,2,1,5,0,0,0,0,true,,false,false,false,false,false,,,,,,false,false,true,,,false,false,false,false,false,-82.94782,42.37853,"{
  ""coordinates"": [
    -8.294782098099989e+01,
    4.237853311400000e+01
  ],
  ""type"": ""Point""
}","{
  ""coordinates"": [
    -82.947820981,
    42.378533114
  ],
  ""type"": ""Point""
}",-82.9478209809999,42.378533114
7199,9361595,WARREN,RADNOR,2015-09-04,4,9,2015,12,6,1,9,,4,0,,1,2,1,35,4,1,1,3,0,0,1,0,false,,false,false,false,false,false,,,,,,false,false,false,,,false,false,false,false,false,-82.91857,42.4102,"{
  ""coordinates"": [
    -8.291857243299999e+01,
    4.241020242900000e+01
  ],
  ""type"": ""Point""
}","{
  ""coordinates"": [
    -82.918572433,
    42.410202429
  ],
  ""type"": ""Point""
}",-82.918572433,42.410202429
7200,9368570,SEVEN MILE,ASHTON,2015-09-04,4,9,2015,16,6,1,9,,2,0,,1,1,1,35,4,2,1,2,0,2,0,0,false,,false,false,false,false,false,,,,,,true,false,true,,,false,false,false,false,false,-83.22028,42.42999,"{
  ""coordinates"": [
    -8.322027246000000e+01,
    4.242999282000010e+01
  ],
  ""type"": ""Point""
}","{
  ""coordinates"": [
    -83.22027246,
    42.42999282
  ],
  ""type"": ""Point""
}",-83.22027246,42.4299928200001
7201,9363330,8 MILE,ROSEMONT,2015-09-04,4,9,2015,19,6,9,3,,1,2,,1,1,3,45,8,5,1,4,0,0,0,1,false,,false,false,true,false,false,,,,,,false,false,false,,,false,false,true,false,false,-83.2225,42.44411,"{
  ""coordinates"": [
    -8.322249465599999e+01,
    4.244411615400000e+01
  ],
  ""type"": ""Point""
}","{
  ""coordinates"": [
    -83.222494656,
    42.444116154
  ],
  ""type"": ""Point""
}",-83.222494656,42.444116154
7202,9397867,N I 75 SERVICE DRIVE,GRAND RIVER,2015-09-04,4,9,2015,14,6,5,3,,4,0,,1,1,1,30,2,2,2,5,0,0,0,0,true,,false,false,false,false,false,,,,,,false,true,false,,,false,false,false,false,false,-83.05863,42.33649,"{
  ""coordinates"": [
    -8.305863040500000e+01,
    4.233648645800000e+01
  ],
  ""type"": ""Point""
}","{
  ""coordinates"": [
    -83.058630405,
    42.336486458
  ],
  ""type"": ""Point""
}",-83.058630405,42.336486458
7203,9396808,HARTWELL,MCNICHOLS,2015-09-04,4,9,2015,19,6,4,9,,,0,,1,1,1,30,2,2,1,5,0,0,0,0,true,,true,false,true,false,false,,,,,,false,false,false,,,false,false,false,false,false,-83.17862,42.41662,"{
  ""coordinates"": [
    -8.317861826900000e+01,
    4.241661711600010e+01
  ],
  ""type"": ""Point""
}","{
  ""coordinates"": [
    -83.178618269,
    42.416617116
  ],
  ""type"": ""Point""
}",-83.178618269,42.4166171160001
7204,9361578,CHENE,LARNED,2015-09-04,4,9,2015,20,6,4,9,,4,0,,1,1,2,30,2,2,4,4,0,0,0,2,false,,false,false,false,false,false,,,,,,false,true,false,,,false,false,false,false,false,-83.02324,42.33915,"{
  ""coordinates"": [
    -8.302323626400000e+01,
    4.233915381800010e+01
  ],
  ""type"": ""Point""
}","{
  ""coordinates"": [
    -83.023236264,
    42.339153818
  ],
  ""type"": ""Point""
}",-83.023236264,42.3391538180001
7205,9362484,TIREMAN,STAHELINE,2015-09-04,4,9,2015,2,6,4,9,,4,0,,2,4,4,30,2,2,1,4,0,0,0,1,false,,true,false,true,false,false,,,,,,false,false,false,,,false,false,false,false,false,-83.22459,42.35049,"{
  ""coordinates"": [
    -8.322458851899999e+01,
    4.235049386700010e+01
  ],
  ""type"": ""Point""
}","{
  ""coordinates"": [
    -83.224588519,
    42.350493867
  ],
  ""type"": ""Point""
}",-83.224588519,42.3504938670001
7206,9364245,COLFAX,OREGON,2015-09-04,4,9,2015,14,6,4,9,,,0,,1,1,1,25,2,2,2,4,0,0,0,1,false,,false,false,false,false,false,,,,,,false,false,true,,,false,false,false,false,false,-83.12985,42.35422,"{
  ""coordinates"": [
    -8.312985139599991e+01,
    4.235422276900000e+01
  ],
  ""type"": ""Point""
}","{
  ""coordinates"": [
    -83.129851396,
    42.354222769
  ],
  ""type"": ""Point""
}",-83.1298513959999,42.354222769
7207,9366071,STANSBURY,OUTER,2015-09-04,4,9,2015,22,6,2,9,,,2,,1,1,4,30,3,2,1,5,0,0,0,0,true,,false,false,false,false,false,,,,,,false,false,false,,,false,false,false,false,false,-83.18352,42.42011,"{
  ""coordinates"": [
    -8.318351870899990e+01,
    4.242011120700000e+01
  ],
  ""type"": ""Point""
}","{
  ""coordinates"": [
    -83.183518709,
    42.420111207
  ],
  ""type"": ""Point""
}",-83.1835187089999,42.420111207
7208,9361455,I-75,DAVISON,2015-09-04,4,9,2015,6,6,1,1,,1,1,,2,2,4,70,5,1,1,4,0,0,0,1,false,,false,false,false,false,false,,,,,,false,false,true,,,false,false,false,false,false,-83.07978,42.40931,"{
  ""coordinates"": [
    -8.307977743399989e+01,
    4.240930495600000e+01
  ],
  ""type"": ""Point""
}","{
  ""coordinates"": [
    -83.079777434,
    42.409304956
  ],
  ""type"": ""Point""
}",-83.0797774339999,42.409304956
7209,9399287,N I 75,GRAND,2015-09-04,4,9,2015,15,6,1,1,,1,0,,1,1,1,55,5,1,2,5,0,0,0,0,true,,false,false,false,false,false,,,,,,false,false,false,,,false,false,false,false,false,-83.08465,42.31606,"{
  ""coordinates"": [
    -8.308464928300000e+01,
    4.231605767300000e+01
  ],
  ""type"": ""Point""
}","{
  ""coordinates"": [
    -83.084649283,
    42.316057673
  ],
  ""type"": ""Point""
}",-83.084649283,42.316057673
7210,9362481,EVERGREEN,KENDALL,2015-09-04,4,9,2015,0,6,1,9,,4,0,,2,4,4,30,2,2,3,4,0,0,0,1,false,,false,false,false,false,false,,,,,,true,false,true,,,false,false,false,false,false,-83.23694,42.38861,"{
  ""coordinates"": [
    -8.323693723400000e+01,
    4.238861287400000e+01
  ],
  ""type"": ""Point""
}","{
  ""coordinates"": [
    -83.236937234,
    42.388612874
  ],
  ""type"": ""Point""
}",-83.236937234,42.388612874
7211,9383543,LONYO,DIX,2015-09-04,4,9,2015,15,6,4,9,,2,0,,1,2,4,30,2,2,2,5,0,0,0,0,true,,false,false,false,false,false,,,,,,false,false,true,,,false,false,false,false,false,-83.13438,42.31655,"{
  ""coordinates"": [
    -8.313437419000000e+01,
    4.231655090500000e+01
  ],
  ""type"": ""Point""
}","{
  ""coordinates"": [
    -83.13437419,
    42.316550905
  ],
  ""type"": ""Point""
}",-83.13437419,42.316550905
7212,9361186,GRATIOT,TACOMA,2015-09-04,4,9,2015,18,6,5,3,,1,0,,1,1,1,35,8,2,3,4,0,0,0,1,false,,false,false,false,false,false,,,,,,false,true,false,,,false,false,true,false,false,-82.97337,42.44162,"{
  ""coordinates"": [
    -8.297337519800000e+01,
    4.244162464400010e+01
  ],
  ""type"": ""Point""
}","{
  ""coordinates"": [
    -82.973375198,
    42.441624644
  ],
  ""type"": ""Point""
}",-82.973375198,42.4416246440001
7213,9364036,RAMP 213C,W I 94,2015-09-04,4,9,2015,22,6,8,1,,1,3,,1,1,4,55,3,2,1,5,0,0,0,0,true,,false,false,true,false,false,,,,,,false,false,false,,,false,false,false,false,false,-83.10721,42.34781,"{
  ""coordinates"": [
    -8.310720727099989e+01,
    4.234780843400010e+01
  ],
  ""type"": ""Point""
}","{
  ""coordinates"": [
    -83.107207271,
    42.347808434
  ],
  ""type"": ""Point""
}",-83.1072072709999,42.3478084340001
7214,9363366,SORRENTO,FENKELL,2015-09-04,4,9,2015,18,6,97,9,,,0,,1,1,1,25,1,2,5,4,0,0,0,2,false,,false,false,false,false,false,,,,,,false,false,false,,,false,false,false,false,false,-83.17252,42.40218,"{
  ""coordinates"": [
    -8.317252232300000e+01,
    4.240217968900000e+01
  ],
  ""type"": ""Point""
}","{
  ""coordinates"": [
    -83.172522323,
    42.402179689
  ],
  ""type"": ""Point""
}",-83.172522323,42.402179689
7215,9364145,JOY,BROADSTREET,2015-09-04,4,9,2015,20,6,1,9,,4,1,,1,1,1,30,4,1,2,4,0,0,0,1,false,,false,false,false,false,false,,,,,,false,false,false,,,false,false,false,false,false,-83.12593,42.36702,"{
  ""coordinates"": [
    -8.312592921200000e+01,
    4.236701570000000e+01
  ],
  ""type"": ""Point""
}","{
  ""coordinates"": [
    -83.125929212,
    42.3670157
  ],
  ""type"": ""Point""
}",-83.125929212,42.3670157
7216,9364241,GRAND,N M 10,2015-09-04,4,9,2015,9,6,4,9,,4,0,,1,1,1,30,2,2,2,5,0,0,0,0,true,,false,false,false,false,false,,,,,,false,true,false,,,false,false,false,false,false,-83.0817,42.36723,"{
  ""coordinates"": [
    -8.308170302100000e+01,
    4.236722875200010e+01
  ],
  ""type"": ""Point""
}","{
  ""coordinates"": [
    -83.081703021,
    42.367228752
  ],
  ""type"": ""Point""
}",-83.081703021,42.3672287520001
7217,9399002,S M 10 SERVICE DRIVE,FOREST,2015-09-04,4,9,2015,17,6,4,9,,4,0,,1,1,1,30,8,2,2,5,0,0,0,0,true,,true,true,false,false,false,,,,,,false,false,true,,,false,false,false,false,false,-83.07264,42.35144,"{
  ""coordinates"": [
    -8.307264120900000e+01,
    4.235144549300000e+01
  ],
  ""type"": ""Point""
}","{
  ""coordinates"": [
    -83.072641209,
    42.351445493
  ],
  ""type"": ""Point""
}",-83.072641209,42.351445493
7218,9370483,JOHN R,FARNSWORTH,2015-09-04,4,9,2015,11,6,8,9,,4,0,,1,1,1,30,3,2,4,5,0,0,0,0,true,,false,false,false,false,false,,,,,,false,false,true,,,false,false,false,false,false,-83.0629,42.35882,"{
  ""coordinates"": [
    -8.306290589100000e+01,
    4.235882287400010e+01
  ],
  ""type"": ""Point""
}","{
  ""coordinates"": [
    -83.062905891,
    42.358822874
  ],
  ""type"": ""Point""
}",-83.062905891,42.3588228740001
7219,9361215,BIRWOOD,MCNICHOLS,2015-09-04,4,9,2015,5,6,1,9,,,1,,1,1,4,15,2,1,0,5,0,0,0,0,true,,false,false,true,false,false,,,,,,false,false,false,,,false,false,false,false,false,-83.16464,42.41681,"{
  ""coordinates"": [
    -8.316464386099990e+01,
    4.241680810200010e+01
  ],
  ""type"": ""Point""
}","{
  ""coordinates"": [
    -83.164643861,
    42.416808102
  ],
  ""type"": ""Point""
}",-83.1646438609999,42.4168081020001
7220,9379705,JAMES COUZENS,TRACEY,2015-09-04,4,9,2015,21,6,5,9,,4,0,,1,2,4,35,3,2,0,5,0,0,0,0,true,,false,false,true,false,false,,,,,,false,false,false,,,false,false,false,false,false,-83.182,42.4268,"{
  ""coordinates"": [
    -8.318200237900000e+01,
    4.242680456400010e+01
  ],
  ""type"": ""Point""
}","{
  ""coordinates"": [
    -83.182002379,
    42.426804564
  ],
  ""type"": ""Point""
}",-83.182002379,42.4268045640001
7221,9361543,2565 CENTRAL,PITT,2015-09-04,4,9,2015,9,6,97,9,,4,0,,1,2,1,25,2,2,0,5,0,0,0,0,true,,false,false,true,false,false,,,,,,false,false,false,,,false,false,false,false,false,-83.12574,42.31462,"{
  ""coordinates"": [
    -8.312573871900000e+01,
    4.231461724300000e+01
  ],
  ""type"": ""Point""
}","{
  ""coordinates"": [
    -83.125738719,
    42.314617243
  ],
  ""type"": ""Point""
}",-83.125738719,42.314617243
7222,9397851,GRAND RIVER,ARTESIAN,2015-09-04,4,9,2015,8,6,8,3,,1,0,,1,1,1,30,6,2,2,5,0,0,0,0,true,,false,false,true,false,false,,,,,,false,false,false,,,false,false,false,false,false,-83.22778,42.40452,"{
  ""coordinates"": [
    -8.322778001499999e+01,
    4.240452337200000e+01
  ],
  ""type"": ""Point""
}","{
  ""coordinates"": [
    -83.227780015,
    42.404523372
  ],
  ""type"": ""Point""
}",-83.227780015,42.404523372
7223,9361224,LILAC,MCNICHOLS,2015-09-04,4,9,2015,9,6,5,9,,,0,,1,1,5,25,2,2,0,5,0,0,0,0,true,,false,false,false,false,false,,,,,,false,false,false,,,false,false,false,false,false,-83.14715,42.4171,"{
  ""coordinates"": [
    -8.314715133999989e+01,
    4.241709452400000e+01
  ],
  ""type"": ""Point""
}","{
  ""coordinates"": [
    -83.14715134,
    42.417094524
  ],
  ""type"": ""Point""
}",-83.1471513399999,42.417094524
7224,9361438,I-94,RUSSELL,2015-09-04,4,9,2015,13,6,97,1,,1,0,,1,1,1,70,3,2,1,5,0,0,0,0,true,,false,false,false,false,false,,,,,,false,false,false,,,false,false,false,false,false,-83.05755,42.36903,"{
  ""coordinates"": [
    -8.305755172900000e+01,
    4.236902634100010e+01
  ],
  ""type"": ""Point""
}","{
  ""coordinates"": [
    -83.057551729,
    42.369026341
  ],
  ""type"": ""Point""
}",-83.057551729,42.3690263410001
7225,9366975,I-94,LIVERNOIS,2015-09-04,4,9,2015,3,6,5,1,,1,0,,2,1,4,55,3,2,2,5,0,0,0,0,true,,false,false,true,false,false,,,,,,false,false,false,,,false,false,false,false,false,-83.12526,42.33731,"{
  ""coordinates"": [
    -8.312525624900000e+01,
    4.233731284400010e+01
  ],
  ""type"": ""Point""
}","{
  ""coordinates"": [
    -83.125256249,
    42.337312844
  ],
  ""type"": ""Point""
}",-83.125256249,42.3373128440001
7226,9361572,GRAND RIVER,ARCHDALE,2015-09-04,4,9,2015,17,6,4,3,,1,0,,1,1,1,35,5,2,2,4,0,0,0,1,false,,false,false,true,false,false,,,,,,false,false,false,,,false,false,false,false,false,-83.21616,42.39984,"{
  ""coordinates"": [
    -8.321616259699989e+01,
    4.239984202000010e+01
  ],
  ""type"": ""Point""
}","{
  ""coordinates"": [
    -83.216162597,
    42.39984202
  ],
  ""type"": ""Point""
}",-83.2161625969999,42.3998420200001
7227,9364016,M10,8 MILE,2015-09-04,4,9,2015,17,6,8,3,,1,0,,1,1,1,55,3,2,2,5,0,0,0,0,true,,false,false,true,false,false,,,,,,false,false,true,,,false,false,false,false,false,-83.20199,42.44372,"{
  ""coordinates"": [
    -8.320199120200000e+01,
    4.244371764100000e+01
  ],
  ""type"": ""Point""
}","{
  ""coordinates"": [
    -83.201991202,
    42.443717641
  ],
  ""type"": ""Point""
}",-83.201991202,42.443717641
7228,9474069,CADIEUX,MEUSE,2015-09-04,4,9,2015,6,6,8,9,,4,0,,1,1,1,30,4,2,1,5,0,0,0,0,true,,false,false,true,false,false,,,,,,false,false,false,,,false,false,false,false,false,-82.93987,42.42134,"{
  ""coordinates"": [
    -8.293986802099990e+01,
    4.242134541300000e+01
  ],
  ""type"": ""Point""
}","{
  ""coordinates"": [
    -82.939868021,
    42.421345413
  ],
  ""type"": ""Point""
}",-82.9398680209999,42.421345413
7229,9361539,OUTER,GRATIOT,2015-09-04,4,9,2015,21,6,4,3,,2,0,,1,1,5,35,7,2,4,5,0,0,0,0,true,,true,true,false,false,false,,,,,,false,false,true,,,false,false,false,false,false,-82.99654,42.40633,"{
  ""coordinates"": [
    -8.299653977299990e+01,
    4.240632692100010e+01
  ],
  ""type"": ""Point""
}","{
  ""coordinates"": [
    -82.996539773,
    42.406326921
  ],
  ""type"": ""Point""
}",-82.9965397729999,42.4063269210001
7230,9364246,OUTER,N M 10,2015-09-04,4,9,2015,23,6,8,9,,2,0,,1,1,4,30,2,2,2,5,0,0,0,0,true,,false,false,true,false,false,,,,,,false,false,false,,,false,false,false,false,false,-83.17621,42.42109,"{
  ""coordinates"": [
    -8.317620793600000e+01,
    4.242109080400010e+01
  ],
  ""type"": ""Point""
}","{
  ""coordinates"": [
    -83.176207936,
    42.421090804
  ],
  ""type"": ""Point""
}",-83.176207936,42.4210908040001
7231,9361556,7 MILE,CONANT,2015-09-04,4,9,2015,22,6,5,9,,4,0,,1,1,4,0,2,2,2,5,0,0,0,0,true,,false,false,true,false,false,,,,,,false,false,true,,,false,false,false,false,false,-83.07394,42.43292,"{
  ""coordinates"": [
    -8.307393302500000e+01,
    4.243291844100000e+01
  ],
  ""type"": ""Point""
}","{
  ""coordinates"": [
    -83.073933025,
    42.432918441
  ],
  ""type"": ""Point""
}",-83.073933025,42.432918441
7232,9361552,KLINGER,8 MILE,2015-09-04,4,9,2015,22,6,8,9,,,0,,1,1,5,25,1,2,1,5,0,0,0,0,true,,false,false,false,false,false,,,,,,false,false,false,,,false,false,false,false,false,-83.06999,42.44636,"{
  ""coordinates"": [
    -8.306999358000000e+01,
    4.244635985100010e+01
  ],
  ""type"": ""Point""
}","{
  ""coordinates"": [
    -83.06999358,
    42.446359851
  ],
  ""type"": ""Point""
}",-83.06999358,42.4463598510001
7233,9364136,BROADSTREET,WAVERLY,2015-09-04,4,9,2015,17,6,4,9,,4,0,,1,1,1,25,2,2,3,5,0,0,0,0,true,,true,false,true,false,false,,,,,,false,false,true,,,false,false,false,false,false,-83.13865,42.38601,"{
  ""coordinates"": [
    -8.313864912000000e+01,
    4.238600731000000e+01
  ],
  ""type"": ""Point""
}","{
  ""coordinates"": [
    -83.13864912,
    42.38600731
  ],
  ""type"": ""Point""
}",-83.13864912,42.38600731
7234,9361002,COURVILLE,WALLINGFORD,2015-09-04,4,9,2015,11,6,5,9,,,0,,1,1,1,25,2,2,0,5,0,0,0,0,true,,false,false,true,false,false,,,,,,false,false,false,,,false,false,false,false,false,-82.93447,42.39587,"{
  ""coordinates"": [
    -8.293447048000000e+01,
    4.239586685700000e+01
  ],
  ""type"": ""Point""
}","{
  ""coordinates"": [
    -82.93447048,
    42.395866857
  ],
  ""type"": ""Point""
}",-82.93447048,42.395866857
7235,9375376,S I 75 SERVICE DRIVE,DRAGOON,2015-09-04,4,9,2015,13,6,8,9,,4,0,,1,1,1,25,2,2,2,5,0,0,0,0,true,,false,false,false,false,false,,,,,,false,false,false,,,false,false,false,false,false,-83.10344,42.30877,"{
  ""coordinates"": [
    -8.310344272799991e+01,
    4.230877053300000e+01
  ],
  ""type"": ""Point""
}","{
  ""coordinates"": [
    -83.103442728,
    42.308770533
  ],
  ""type"": ""Point""
}",-83.1034427279999,42.308770533
7236,9361571,SHERIDAN,FREDERICK,2015-09-04,4,9,2015,14,6,2,9,,,2,,1,2,1,25,2,2,1,5,0,0,0,0,true,,false,false,true,false,false,,,,,,false,false,false,,,false,false,false,false,false,-83.01844,42.3768,"{
  ""coordinates"": [
    -8.301843875899991e+01,
    4.237680392400010e+01
  ],
  ""type"": ""Point""
}","{
  ""coordinates"": [
    -83.018438759,
    42.376803924
  ],
  ""type"": ""Point""
}",-83.0184387589999,42.3768039240001
7237,9397853,LAUDER,CHICAGO,2015-09-04,4,9,2015,4,6,5,9,,,0,,1,1,4,25,2,2,0,5,0,0,0,0,true,,false,false,true,false,false,,,,,,false,false,false,,,false,false,false,false,false,-83.18967,42.36559,"{
  ""coordinates"": [
    -8.318966635000000e+01,
    4.236558728500010e+01
  ],
  ""type"": ""Point""
}","{
  ""coordinates"": [
    -83.18966635,
    42.365587285
  ],
  ""type"": ""Point""
}",-83.18966635,42.3655872850001
7238,9361560,JOHN R,FARMER,2015-09-04,4,9,2015,16,6,8,9,,4,0,,1,1,1,25,2,2,3,5,0,0,0,0,true,,false,false,false,false,false,,,,,,false,false,false,,,false,false,false,false,false,-83.04903,42.33511,"{
  ""coordinates"": [
    -8.304902466100000e+01,
    4.233511364700010e+01
  ],
  ""type"": ""Point""
}","{
  ""coordinates"": [
    -83.049024661,
    42.335113647
  ],
  ""type"": ""Point""
}",-83.049024661,42.3351136470001
7239,9363352,ARTESIAN,LYNDON,2015-09-04,4,9,2015,9,6,8,9,,,0,,2,2,1,25,2,2,0,5,0,0,0,0,true,,false,false,true,false,false,,,,,,false,false,false,,,false,false,false,false,false,-83.2274,42.39389,"{
  ""coordinates"": [
    -8.322740397000000e+01,
    4.239389041600000e+01
  ],
  ""type"": ""Point""
}","{
  ""coordinates"": [
    -83.22740397,
    42.393890416
  ],
  ""type"": ""Point""
}",-83.22740397,42.393890416
7240,9370484,MACK,BEAUBIEN,2015-09-04,4,9,2015,15,6,5,9,,4,0,,1,1,1,30,3,2,3,5,0,0,0,0,true,,false,false,false,false,false,,,,,,false,false,true,,,false,false,false,false,false,-83.05245,42.3497,"{
  ""coordinates"": [
    -8.305245499100000e+01,
    4.234969570100000e+01
  ],
  ""type"": ""Point""
}","{
  ""coordinates"": [
    -83.052454991,
    42.349695701
  ],
  ""type"": ""Point""
}",-83.052454991,42.349695701
7241,9361836,EB I-94,LODGE,2015-09-04,4,9,2015,20,6,1,1,,1,0,,1,1,4,55,3,1,1,5,0,0,0,0,true,,false,false,false,false,false,,,,,,false,false,false,,,false,false,false,false,false,-83.08026,42.35645,"{
  ""coordinates"": [
    -8.308026256600000e+01,
    4.235644828600000e+01
  ],
  ""type"": ""Point""
}","{
  ""coordinates"": [
    -83.080262566,
    42.356448286
  ],
  ""type"": ""Point""
}",-83.080262566,42.356448286
7242,9366074,MEYERS,MCNICHOLS,2015-09-04,4,9,2015,15,6,8,9,,4,0,,97,98,98,35,2,2,2,5,0,0,0,0,true,,false,false,true,false,false,,,,,,false,false,false,,,false,false,false,false,false,-83.17012,42.41668,"{
  ""coordinates"": [
    -8.317012190400000e+01,
    4.241668381600000e+01
  ],
  ""type"": ""Point""
}","{
  ""coordinates"": [
    -83.170121904,
    42.416683816
  ],
  ""type"": ""Point""
}",-83.170121904,42.416683816
7243,9364000,I-94,LINWOOD,2015-09-04,4,9,2015,16,6,5,1,,1,0,,1,1,1,55,3,2,1,5,0,0,0,0,true,,false,false,true,false,false,,,,,,false,false,false,,,false,false,false,false,false,-83.09337,42.35189,"{
  ""coordinates"": [
    -8.309336563700001e+01,
    4.235189570200000e+01
  ],
  ""type"": ""Point""
}","{
  ""coordinates"": [
    -83.093365637,
    42.351895702
  ],
  ""type"": ""Point""
}",-83.093365637,42.351895702
7244,9362494,GREENFIELD,JOY,2015-09-04,4,9,2015,20,6,3,9,,2,0,,1,1,4,35,5,2,6,4,0,0,0,3,false,,false,false,false,false,false,,,,,,false,false,true,,,false,false,false,false,false,-83.19699,42.35816,"{
  ""coordinates"": [
    -8.319698984500000e+01,
    4.235815635200000e+01
  ],
  ""type"": ""Point""
}","{
  ""coordinates"": [
    -83.196989845,
    42.358156352
  ],
  ""type"": ""Point""
}",-83.196989845,42.358156352