ObjectId,Crash ID,Primary Road,Intersecting Road,Crash Date,Day,Month,Year,Hour,Weekday,Crash Type Code,Highway Classification Code,Community Code,Jurisdiction Code,Lane Departure Type Code,Surface Type,Road Condition,Weather Condition,Lighting Condition,Speed Limit,Lanes,Units,Occupants,Most Severe Injury,Fatal Injuries,Suspected Serious Injuries,Suspected Minor Injuries,Possible Injuries,Property Damage Only,Secondary Crash,Traffic Control,Red Light Run,Hit and Run,Alcohol,Drugs,Unbelted Person,Work Zone,Speeding Driver,Distracted Driver,Driveway,Pedestrian,Elderly Driver,Young Driver,Commercial Vehicle,Emergency Vehicles,Train,School Bus,Motorcycle,Bicycle,Deer,Longitude,Latitude,geom,geog,x,y
7302,9366078,NORFOLK,SANTA BARBARA,2015-09-03,3,9,2015,7,5,4,9,,,0,,1,1,1,25,1,2,2,4,0,0,0,2,false,,false,false,false,false,false,,,,,,false,false,false,,,false,false,false,false,false,-83.14923,42.44352,"{
  ""coordinates"": [
    -8.314923335899989e+01,
    4.244352449000010e+01
  ],
  ""type"": ""Point""
}","{
  ""coordinates"": [
    -83.149233359,
    42.44352449
  ],
  ""type"": ""Point""
}",-83.1492333589999,42.4435244900001
7303,9361047,EDMORE,REX,2015-09-03,3,9,2015,22,5,5,9,,,0,,2,4,5,25,2,2,1,5,0,0,0,0,true,,false,false,true,false,false,,,,,,false,false,false,,,false,false,false,false,false,-82.95786,42.44734,"{
  ""coordinates"": [
    -8.295785356700000e+01,
    4.244733892200000e+01
  ],
  ""type"": ""Point""
}","{
  ""coordinates"": [
    -82.957853567,
    42.447338922
  ],
  ""type"": ""Point""
}",-82.957853567,42.447338922
7304,9369482,EB I-94,JUNCTION,2015-09-03,3,9,2015,14,5,5,1,,1,0,,2,4,1,55,3,2,2,5,0,0,0,0,true,,false,false,false,false,false,,,,,,false,false,false,,,false,false,false,false,false,-83.11918,42.33976,"{
  ""coordinates"": [
    -8.311917545499990e+01,
    4.233975948800000e+01
  ],
  ""type"": ""Point""
}","{
  ""coordinates"": [
    -83.119175455,
    42.339759488
  ],
  ""type"": ""Point""
}",-83.1191754549999,42.339759488
7305,9438555,7 MILE,SOUTHFIELD SERVICE DRIVE,2015-09-03,3,9,2015,6,5,4,9,,2,0,,2,4,1,35,4,2,1,5,0,0,0,0,true,,false,false,false,false,false,,,,,,false,false,false,,,false,false,false,false,false,-83.21974,42.43001,"{
  ""coordinates"": [
    -8.321974186100000e+01,
    4.243000833400000e+01
  ],
  ""type"": ""Point""
}","{
  ""coordinates"": [
    -83.219741861,
    42.430008334
  ],
  ""type"": ""Point""
}",-83.219741861,42.430008334
7306,9474097,CHIPPEWA,LIVERNOIS,2015-09-03,3,9,2015,17,5,97,9,,,0,,1,2,1,25,2,2,1,3,0,0,1,0,false,,false,false,true,false,false,,,,,,false,false,false,,,false,false,false,false,false,-83.14164,42.44134,"{
  ""coordinates"": [
    -8.314164338300000e+01,
    4.244133792800010e+01
  ],
  ""type"": ""Point""
}","{
  ""coordinates"": [
    -83.141643383,
    42.441337928
  ],
  ""type"": ""Point""
}",-83.141643383,42.4413379280001
7307,9364171,GRAND RIVER,SOUTHFIELD SERVICE DRIVE,2015-09-03,3,9,2015,15,5,8,3,,1,0,,2,1,1,35,3,2,2,5,0,0,0,0,true,,false,false,false,false,false,,,,,,false,false,false,,,false,false,false,false,false,-83.21859,42.40082,"{
  ""coordinates"": [
    -8.321858780500000e+01,
    4.240082126400010e+01
  ],
  ""type"": ""Point""
}","{
  ""coordinates"": [
    -83.218587805,
    42.400821264
  ],
  ""type"": ""Point""
}",-83.218587805,42.4008212640001
7308,9361160,HARPER,WHITTIER,2015-09-03,3,9,2015,17,5,8,9,,4,0,,2,4,1,30,4,2,1,5,0,0,0,0,true,,false,false,false,false,false,,,,,,false,false,true,,,false,false,false,false,false,-82.94291,42.41204,"{
  ""coordinates"": [
    -8.294291081700000e+01,
    4.241204613300000e+01
  ],
  ""type"": ""Point""
}","{
  ""coordinates"": [
    -82.942910817,
    42.412046133
  ],
  ""type"": ""Point""
}",-82.942910817,42.412046133
7309,9399182,JEFFERSON,BEAUBIEN,2015-09-03,3,9,2015,9,5,4,4,,1,0,,1,1,1,35,6,2,3,5,0,0,0,0,true,,false,false,true,false,false,,,,,,false,false,false,,,false,false,false,false,false,-83.03983,42.33087,"{
  ""coordinates"": [
    -8.303982175999990e+01,
    4.233086761400010e+01
  ],
  ""type"": ""Point""
}","{
  ""coordinates"": [
    -83.03982176,
    42.330867614
  ],
  ""type"": ""Point""
}",-83.0398217599999,42.3308676140001
7310,9361140,EVERGREEN,PURITAIN,2015-09-03,3,9,2015,19,5,4,9,,4,0,,2,4,4,35,4,2,2,5,0,0,0,0,true,,false,false,true,false,false,,,,,,false,false,false,,,false,false,false,false,false,-83.23773,42.40786,"{
  ""coordinates"": [
    -8.323773328100000e+01,
    4.240786523400000e+01
  ],
  ""type"": ""Point""
}","{
  ""coordinates"": [
    -83.237733281,
    42.407865234
  ],
  ""type"": ""Point""
}",-83.237733281,42.407865234
7311,9361027,VICTORIA,GALLAGHER,2015-09-03,3,9,2015,15,5,4,9,,,0,,2,2,2,20,2,2,2,5,0,0,0,0,true,,false,false,true,false,false,,,,,,false,false,false,,,false,false,false,false,false,-83.06627,42.41662,"{
  ""coordinates"": [
    -8.306627231300000e+01,
    4.241662182800010e+01
  ],
  ""type"": ""Point""
}","{
  ""coordinates"": [
    -83.066272313,
    42.416621828
  ],
  ""type"": ""Point""
}",-83.066272313,42.4166218280001
7312,9361138,PURITAN,WABASH,2015-09-03,3,9,2015,17,5,2,9,,4,2,,1,1,1,30,2,2,2,4,0,0,0,1,false,,false,false,false,false,false,,,,,,false,false,false,,,false,false,false,false,false,-83.11947,42.41034,"{
  ""coordinates"": [
    -8.311946899100001e+01,
    4.241033654200000e+01
  ],
  ""type"": ""Point""
}","{
  ""coordinates"": [
    -83.119468991,
    42.410336542
  ],
  ""type"": ""Point""
}",-83.119468991,42.410336542
7313,9399197,JEFFERSON,BRUSH,2015-09-03,3,9,2015,10,5,97,4,,1,0,,1,1,1,35,5,2,3,5,0,0,0,0,true,,false,false,true,false,false,,,,,,false,true,false,,,false,false,false,false,false,-83.04103,42.33036,"{
  ""coordinates"": [
    -8.304103222600000e+01,
    4.233035880600000e+01
  ],
  ""type"": ""Point""
}","{
  ""coordinates"": [
    -83.041032226,
    42.330358806
  ],
  ""type"": ""Point""
}",-83.041032226,42.330358806
7314,9361184,7 MILE,STRASBURG,2015-09-03,3,9,2015,19,5,97,9,,4,0,,2,4,4,35,4,2,0,4,0,0,0,1,false,,false,false,true,false,false,,,,,,true,false,false,,,false,false,false,false,false,-82.99879,42.4346,"{
  ""coordinates"": [
    -8.299878642100001e+01,
    4.243460079900010e+01
  ],
  ""type"": ""Point""
}","{
  ""coordinates"": [
    -82.998786421,
    42.434600799
  ],
  ""type"": ""Point""
}",-82.998786421,42.4346007990001
7315,9361145,PURITAN,MEYERS,2015-09-03,3,9,2015,1,5,4,9,,4,0,,1,1,4,30,2,3,6,4,0,0,0,3,false,,true,true,false,false,false,,,,,,false,false,false,,,false,false,false,false,false,-83.16976,42.40953,"{
  ""coordinates"": [
    -8.316975946900000e+01,
    4.240953332700010e+01
  ],
  ""type"": ""Point""
}","{
  ""coordinates"": [
    -83.169759469,
    42.409533327
  ],
  ""type"": ""Point""
}",-83.169759469,42.4095333270001
7316,9399024,JEFFERSON,WOODWARD,2015-09-03,3,9,2015,22,5,3,3,,5,0,,2,4,4,30,4,2,3,5,0,0,0,0,true,,false,false,false,false,false,,,,,,false,false,true,,,false,false,false,false,false,-83.04481,42.32872,"{
  ""coordinates"": [
    -8.304481098799990e+01,
    4.232872555800000e+01
  ],
  ""type"": ""Point""
}","{
  ""coordinates"": [
    -83.044810988,
    42.328725558
  ],
  ""type"": ""Point""
}",-83.0448109879999,42.328725558
7317,9386478,E I 96 CD,RAMP 137B,2015-09-03,3,9,2015,14,5,8,1,,1,0,,1,1,1,35,2,2,2,5,0,0,0,0,true,,false,false,true,false,false,,,,,,false,false,false,,,false,false,false,false,false,-83.17089,42.38459,"{
  ""coordinates"": [
    -8.317089004100001e+01,
    4.238458471300000e+01
  ],
  ""type"": ""Point""
}","{
  ""coordinates"": [
    -83.170890041,
    42.384584713
  ],
  ""type"": ""Point""
}",-83.170890041,42.384584713
7318,9361182,GROESBECK,COLLINGHAM,2015-09-03,3,9,2015,15,5,4,3,,1,0,,1,4,1,30,6,2,2,4,0,0,0,1,false,,false,false,false,false,false,,,,,,false,true,false,,,false,false,false,false,false,-83.00399,42.44719,"{
  ""coordinates"": [
    -8.300398802300001e+01,
    4.244719493800010e+01
  ],
  ""type"": ""Point""
}","{
  ""coordinates"": [
    -83.003988023,
    42.447194938
  ],
  ""type"": ""Point""
}",-83.003988023,42.4471949380001
7319,9399206,JEFFERSON,RANDOLPH,2015-09-03,3,9,2015,7,5,8,3,,1,0,,1,1,1,25,4,2,2,5,0,0,0,0,true,,false,false,false,false,false,,,,,,false,false,false,,,false,false,false,false,false,-83.04185,42.32965,"{
  ""coordinates"": [
    -8.304185394400000e+01,
    4.232964653900010e+01
  ],
  ""type"": ""Point""
}","{
  ""coordinates"": [
    -83.041853944,
    42.329646539
  ],
  ""type"": ""Point""
}",-83.041853944,42.3296465390001
7320,9363334,SOUTHFIELD SERVICE,SOUTHFIELD SERVICE DRIVE,2015-09-03,3,9,2015,18,5,5,9,,4,0,,2,1,1,35,3,2,1,5,0,0,0,0,true,,false,false,true,false,false,,,,,,false,false,false,,,false,false,false,false,false,-83.21636,42.37738,"{
  ""coordinates"": [
    -8.321636214900001e+01,
    4.237738299500010e+01
  ],
  ""type"": ""Point""
}","{
  ""coordinates"": [
    -83.216362149,
    42.377382995
  ],
  ""type"": ""Point""
}",-83.216362149,42.3773829950001
7321,9362461,EVERGREEN,PILGRIM,2015-09-03,3,9,2015,5,5,8,9,,4,0,,1,1,2,25,2,2,0,5,0,0,0,0,true,,false,false,true,false,false,,,,,,false,false,false,,,false,false,false,false,false,-83.23766,42.40608,"{
  ""coordinates"": [
    -8.323766237000000e+01,
    4.240607707000000e+01
  ],
  ""type"": ""Point""
}","{
  ""coordinates"": [
    -83.23766237,
    42.40607707
  ],
  ""type"": ""Point""
}",-83.23766237,42.40607707
7322,9365088,I 96,GREENFIELD,2015-09-03,3,9,2015,15,5,5,1,,1,0,,2,4,1,70,3,2,2,5,0,0,0,0,true,,false,false,false,false,false,,,,,,false,false,true,,,false,false,false,false,false,-83.19766,42.37906,"{
  ""coordinates"": [
    -8.319766236700001e+01,
    4.237906359500000e+01
  ],
  ""type"": ""Point""
}","{
  ""coordinates"": [
    -83.197662367,
    42.379063595
  ],
  ""type"": ""Point""
}",-83.197662367,42.379063595
7323,9363345,GREENFIELD,FLORENCE,2015-09-03,3,9,2015,23,5,5,9,,2,0,,2,4,4,35,6,2,1,4,0,0,0,1,false,,false,false,true,false,false,,,,,,false,false,false,,,false,false,false,false,false,-83.19909,42.4107,"{
  ""coordinates"": [
    -8.319908971000000e+01,
    4.241069605800000e+01
  ],
  ""type"": ""Point""
}","{
  ""coordinates"": [
    -83.19908971,
    42.410696058
  ],
  ""type"": ""Point""
}",-83.19908971,42.410696058
7324,9361150,SCHAEFER,TIREMAN,2015-09-03,3,9,2015,13,5,97,9,,4,0,,1,2,1,30,2,2,1,5,0,0,0,0,true,,false,false,true,false,false,,,,,,false,false,false,,,false,false,false,false,false,-83.17719,42.35156,"{
  ""coordinates"": [
    -8.317718720800001e+01,
    4.235155688600000e+01
  ],
  ""type"": ""Point""
}","{
  ""coordinates"": [
    -83.177187208,
    42.351556886
  ],
  ""type"": ""Point""
}",-83.177187208,42.351556886
7325,9362383,S M 39,RAMP 008P,2015-09-03,3,9,2015,19,5,1,3,,1,1,,2,4,4,55,2,1,1,5,0,0,0,0,true,,false,false,false,false,false,,,,,,false,true,false,,,false,false,false,false,false,-83.21708,42.37848,"{
  ""coordinates"": [
    -8.321707784700000e+01,
    4.237848346300010e+01
  ],
  ""type"": ""Point""
}","{
  ""coordinates"": [
    -83.217077847,
    42.378483463
  ],
  ""type"": ""Point""
}",-83.217077847,42.3784834630001
7326,9361536,LAWNDALE,VERNOR,2015-09-03,3,9,2015,16,5,97,9,,4,3,,2,4,1,0,3,2,0,5,0,0,0,0,true,,false,false,true,false,false,,,,,,false,false,false,,,false,false,false,false,false,-83.13252,42.30921,"{
  ""coordinates"": [
    -8.313251889700000e+01,
    4.230920767100010e+01
  ],
  ""type"": ""Point""
}","{
  ""coordinates"": [
    -83.132518897,
    42.309207671
  ],
  ""type"": ""Point""
}",-83.132518897,42.3092076710001
7327,9363212,I 96 W/B,DAVISON,2015-09-03,3,9,2015,19,5,1,1,,1,1,,2,4,1,70,3,1,1,5,0,0,0,0,true,,false,false,false,false,false,,,,,,false,false,false,,,false,false,false,false,false,-83.16663,42.38541,"{
  ""coordinates"": [
    -8.316662463599990e+01,
    4.238541471600010e+01
  ],
  ""type"": ""Point""
}","{
  ""coordinates"": [
    -83.166624636,
    42.385414716
  ],
  ""type"": ""Point""
}",-83.1666246359999,42.3854147160001
7328,9416044,3835 HOLCOMB,MACK,2015-09-03,3,9,2015,1,5,8,9,,,0,,1,1,4,30,1,3,1,4,0,0,0,1,false,,false,false,true,false,false,,,,,,false,false,false,,,false,false,false,false,false,-82.99651,42.37189,"{
  ""coordinates"": [
    -8.299651235899999e+01,
    4.237189586900010e+01
  ],
  ""type"": ""Point""
}","{
  ""coordinates"": [
    -82.996512359,
    42.371895869
  ],
  ""type"": ""Point""
}",-82.996512359,42.3718958690001
7329,9399174,JEFFERSON,RANDOLPH,2015-09-03,3,9,2015,7,5,8,3,,1,0,,1,1,1,25,4,2,2,5,0,0,0,0,true,,false,false,false,false,false,,,,,,false,false,false,,,false,false,false,false,false,-83.04185,42.32965,"{
  ""coordinates"": [
    -8.304185394400000e+01,
    4.232964653900010e+01
  ],
  ""type"": ""Point""
}","{
  ""coordinates"": [
    -83.041853944,
    42.329646539
  ],
  ""type"": ""Point""
}",-83.041853944,42.3296465390001
7330,9363225,EB I-94,I-75,2015-09-03,3,9,2015,15,5,5,1,,1,0,,2,4,1,55,3,2,2,5,0,0,0,0,true,,false,false,false,false,false,,,,,,false,false,true,,,false,false,false,false,false,-83.0597,42.36752,"{
  ""coordinates"": [
    -8.305969895500000e+01,
    4.236751727500010e+01
  ],
  ""type"": ""Point""
}","{
  ""coordinates"": [
    -83.059698955,
    42.367517275
  ],
  ""type"": ""Point""
}",-83.059698955,42.3675172750001
7331,9362361,I 96,OUTER,2015-09-03,3,9,2015,20,5,5,1,,1,0,,2,4,4,70,5,2,1,5,0,0,0,0,true,,false,false,true,false,false,,,,,,false,false,false,,,false,false,false,false,false,-83.26109,42.38554,"{
  ""coordinates"": [
    -8.326108175699990e+01,
    4.238553498300010e+01
  ],
  ""type"": ""Point""
}","{
  ""coordinates"": [
    -83.261081757,
    42.385534983
  ],
  ""type"": ""Point""
}",-83.2610817569999,42.3855349830001
7332,9362445,GRAND,THIRD,2015-09-03,3,9,2015,7,5,5,3,,1,0,,1,1,1,35,2,2,3,5,0,0,0,0,true,,false,false,false,false,false,,,,,,false,false,false,,,false,false,false,false,false,-83.06092,42.33721,"{
  ""coordinates"": [
    -8.306091961100000e+01,
    4.233721224200010e+01
  ],
  ""type"": ""Point""
}","{
  ""coordinates"": [
    -83.060919611,
    42.337212242
  ],
  ""type"": ""Point""
}",-83.060919611,42.3372122420001
7333,9363252,N/B I 75,SPRINGWELLS,2015-09-03,3,9,2015,13,5,5,1,,1,3,,1,2,1,70,4,2,2,4,0,0,0,1,false,,false,false,false,false,false,,,,,,false,false,false,,,false,false,false,false,false,-83.12456,42.29749,"{
  ""coordinates"": [
    -8.312455895799999e+01,
    4.229749359800010e+01
  ],
  ""type"": ""Point""
}","{
  ""coordinates"": [
    -83.124558958,
    42.297493598
  ],
  ""type"": ""Point""
}",-83.124558958,42.2974935980001
7334,9361562,LARNED,BEAUBIEN,2015-09-03,3,9,2015,10,5,9,9,,4,0,,1,1,1,35,4,4,5,5,0,0,0,0,true,,false,false,false,false,false,,,,,,false,false,false,,,false,false,false,false,false,-83.04028,42.33157,"{
  ""coordinates"": [
    -8.304027440000000e+01,
    4.233156469000010e+01
  ],
  ""type"": ""Point""
}","{
  ""coordinates"": [
    -83.0402744,
    42.33156469
  ],
  ""type"": ""Point""
}",-83.0402744,42.3315646900001
7335,9361057,MCNICHOLS,GRAND RIVER,2015-09-03,3,9,2015,19,5,5,3,,2,0,,2,4,1,35,4,2,1,5,0,0,0,0,true,,false,false,true,false,false,,,,,,false,false,false,,,false,false,false,false,false,-83.25318,42.41481,"{
  ""coordinates"": [
    -8.325318005299989e+01,
    4.241481451700000e+01
  ],
  ""type"": ""Point""
}","{
  ""coordinates"": [
    -83.253180053,
    42.414814517
  ],
  ""type"": ""Point""
}",-83.2531800529999,42.414814517
7336,9363235,EB I-94,LONYO,2015-09-03,3,9,2015,6,5,1,1,,1,1,,1,1,4,55,3,1,1,4,0,0,0,1,false,,false,false,false,false,false,,,,,,false,false,false,,,false,false,false,false,false,-83.14693,42.33093,"{
  ""coordinates"": [
    -8.314692814100000e+01,
    4.233092884100010e+01
  ],
  ""type"": ""Point""
}","{
  ""coordinates"": [
    -83.146928141,
    42.330928841
  ],
  ""type"": ""Point""
}",-83.146928141,42.3309288410001
7337,9361575,BEAUBIEN,MACK,2015-09-03,3,9,2015,13,5,8,9,,,0,,1,1,1,30,4,2,2,5,0,0,0,0,true,,false,false,false,false,false,,,,,,false,false,false,,,false,false,false,false,false,-83.0523,42.34955,"{
  ""coordinates"": [
    -8.305229653100000e+01,
    4.234955097900010e+01
  ],
  ""type"": ""Point""
}","{
  ""coordinates"": [
    -83.052296531,
    42.349550979
  ],
  ""type"": ""Point""
}",-83.052296531,42.3495509790001
7338,9367906,VERNOR,NEWARK,2015-09-03,3,9,2015,20,5,1,9,,4,0,,2,4,1,25,2,2,3,5,0,0,0,0,true,,false,false,false,false,false,,,,,,false,false,false,,,false,false,false,true,false,-83.07944,42.32747,"{
  ""coordinates"": [
    -8.307943930999990e+01,
    4.232746992000010e+01
  ],
  ""type"": ""Point""
}","{
  ""coordinates"": [
    -83.07943931,
    42.32746992
  ],
  ""type"": ""Point""
}",-83.0794393099999,42.3274699200001
7339,9361550,LIVERNOIS,FEDERAL,2015-09-03,3,9,2015,15,5,4,9,,4,0,,2,4,1,35,7,2,3,4,0,0,0,2,false,,false,false,false,false,false,,,,,,false,false,false,,,false,false,false,false,false,-83.11319,42.32129,"{
  ""coordinates"": [
    -8.311319102899991e+01,
    4.232129097300000e+01
  ],
  ""type"": ""Point""
}","{
  ""coordinates"": [
    -83.113191029,
    42.321290973
  ],
  ""type"": ""Point""
}",-83.1131910289999,42.321290973
7340,9361174,7 MILE,ST MARYS,2015-09-03,3,9,2015,22,5,3,9,,2,0,,2,4,4,30,4,2,4,3,0,0,1,0,false,,true,false,false,false,false,,,,,,false,false,true,,,false,false,false,false,false,-83.20735,42.43031,"{
  ""coordinates"": [
    -8.320735538900000e+01,
    4.243031071100010e+01
  ],
  ""type"": ""Point""
}","{
  ""coordinates"": [
    -83.207355389,
    42.430310711
  ],
  ""type"": ""Point""
}",-83.207355389,42.4303107110001
7341,9361179,SCHOENHERR,7 MILE,2015-09-03,3,9,2015,7,5,3,9,,4,0,,1,1,1,30,4,2,2,4,0,0,0,1,false,,false,false,false,false,false,,,,,,false,false,false,,,false,false,false,false,false,-82.98512,42.43492,"{
  ""coordinates"": [
    -8.298511611299990e+01,
    4.243491567400010e+01
  ],
  ""type"": ""Point""
}","{
  ""coordinates"": [
    -82.985116113,
    42.434915674
  ],
  ""type"": ""Point""
}",-82.9851161129999,42.4349156740001
7342,9361183,TROESTER,CELESTINE,2015-09-03,3,9,2015,21,5,4,9,,,0,,2,4,5,25,2,2,2,5,0,0,0,0,true,,false,false,true,false,false,,,,,,false,false,false,,,false,false,false,false,false,-82.9726,42.4263,"{
  ""coordinates"": [
    -8.297259473299989e+01,
    4.242630136400000e+01
  ],
  ""type"": ""Point""
}","{
  ""coordinates"": [
    -82.972594733,
    42.426301364
  ],
  ""type"": ""Point""
}",-82.9725947329999,42.426301364
7343,9361548,GRAND,MOUNT ELLIOTT,2015-09-03,3,9,2015,5,5,5,9,,4,0,,1,1,4,35,7,2,2,5,0,0,0,0,true,,false,false,false,false,false,,,,,,false,true,false,,,false,false,false,false,false,-83.03174,42.37679,"{
  ""coordinates"": [
    -8.303174151000000e+01,
    4.237678635600000e+01
  ],
  ""type"": ""Point""
}","{
  ""coordinates"": [
    -83.03174151,
    42.376786356
  ],
  ""type"": ""Point""
}",-83.03174151,42.376786356
7344,9361196,RANDOLPH,CONGRESS,2015-09-03,3,9,2015,13,5,5,3,,1,0,,1,2,1,25,2,2,2,5,0,0,0,0,true,,false,false,true,false,false,,,,,,false,false,false,,,false,false,false,false,false,-83.04298,42.33133,"{
  ""coordinates"": [
    -8.304298072700000e+01,
    4.233132877100010e+01
  ],
  ""type"": ""Point""
}","{
  ""coordinates"": [
    -83.042980727,
    42.331328771
  ],
  ""type"": ""Point""
}",-83.042980727,42.3313287710001
7345,9374456,N M 10 SERVICE DRIVE,GRAND RIVER,2015-09-03,3,9,2015,13,5,5,3,,,0,,1,1,1,35,2,2,2,4,0,0,0,1,false,,false,false,false,false,false,,,,,,false,false,false,,,false,false,false,false,false,-83.06512,42.33892,"{
  ""coordinates"": [
    -8.306512273999989e+01,
    4.233892215500000e+01
  ],
  ""type"": ""Point""
}","{
  ""coordinates"": [
    -83.06512274,
    42.338922155
  ],
  ""type"": ""Point""
}",-83.0651227399999,42.338922155
7346,9399198,WOODWARD,ELIZABATH,2015-09-03,3,9,2015,22,5,1,3,,1,0,,2,4,4,25,2,2,2,4,0,0,0,1,false,,false,false,false,true,false,,,,,,true,false,true,,,false,false,false,false,false,-83.05133,42.33767,"{
  ""coordinates"": [
    -8.305132958199989e+01,
    4.233766452400000e+01
  ],
  ""type"": ""Point""
}","{
  ""coordinates"": [
    -83.051329582,
    42.337664524
  ],
  ""type"": ""Point""
}",-83.0513295819999,42.337664524
7347,9361547,GRATIOT,SEVEN MILE,2015-09-02,2,9,2015,15,4,8,3,,1,0,,1,1,1,35,7,2,3,5,0,0,0,0,true,,false,false,true,false,false,,,,,,false,false,false,,,false,false,false,false,false,-82.97766,42.43512,"{
  ""coordinates"": [
    -8.297766113400000e+01,
    4.243511498300010e+01
  ],
  ""type"": ""Point""
}","{
  ""coordinates"": [
    -82.977661134,
    42.435114983
  ],
  ""type"": ""Point""
}",-82.977661134,42.4351149830001
7348,9361166,MACK,HEREFORD,2015-09-02,2,9,2015,8,4,8,9,,2,0,,1,2,1,30,3,2,2,5,0,0,0,0,true,,false,false,false,false,false,,,,,,false,false,false,,,false,false,false,false,false,-82.9184,42.40041,"{
  ""coordinates"": [
    -8.291839679500001e+01,
    4.240040795000000e+01
  ],
  ""type"": ""Point""
}","{
  ""coordinates"": [
    -82.918396795,
    42.40040795
  ],
  ""type"": ""Point""
}",-82.918396795,42.40040795
7349,9358613,LIVERNOIS,MCNICHOLS,2015-09-02,2,9,2015,15,4,8,9,,4,0,,1,1,1,30,3,2,2,5,0,0,0,0,true,,false,false,false,false,false,,,,,,false,false,true,,,false,false,false,false,false,-83.14095,42.41718,"{
  ""coordinates"": [
    -8.314094349500000e+01,
    4.241717458100000e+01
  ],
  ""type"": ""Point""
}","{
  ""coordinates"": [
    -83.140943495,
    42.417174581
  ],
  ""type"": ""Point""
}",-83.140943495,42.417174581
7350,9358581,18067 PENNINGTON,CURTIS,2015-09-02,2,9,2015,5,4,4,9,,,0,,1,1,4,25,2,2,2,5,0,0,0,0,true,,false,false,true,false,false,,,,,,false,false,false,,,false,false,false,false,false,-83.14785,42.42453,"{
  ""coordinates"": [
    -8.314785238899999e+01,
    4.242452487000000e+01
  ],
  ""type"": ""Point""
}","{
  ""coordinates"": [
    -83.147852389,
    42.42452487
  ],
  ""type"": ""Point""
}",-83.147852389,42.42452487
7351,9358512,EB I-94,MORANG,2015-09-02,2,9,2015,20,4,1,1,,1,1,,1,2,4,55,3,1,2,4,0,0,0,1,false,,false,false,false,false,false,,,,,,false,false,false,,,false,false,false,false,false,-82.93495,42.41832,"{
  ""coordinates"": [
    -8.293495025399990e+01,
    4.241832317000010e+01
  ],
  ""type"": ""Point""
}","{
  ""coordinates"": [
    -82.934950254,
    42.41832317
  ],
  ""type"": ""Point""
}",-82.9349502539999,42.4183231700001
7352,9369613,ANTHONY WAYNE,WARREN,2015-09-02,2,9,2015,10,4,8,9,,4,0,,1,1,1,25,3,2,2,5,0,0,0,0,true,,false,false,false,false,false,,,,,,false,false,true,,,false,false,false,false,false,-83.0714,42.35459,"{
  ""coordinates"": [
    -8.307139837400000e+01,
    4.235459047000010e+01
  ],
  ""type"": ""Point""
}","{
  ""coordinates"": [
    -83.071398374,
    42.35459047
  ],
  ""type"": ""Point""
}",-83.071398374,42.3545904700001
7353,9399361,CASS,MICHIGAN,2015-09-02,2,9,2015,23,4,5,2,,4,0,,1,1,4,30,4,2,4,5,0,0,0,0,true,,false,false,false,false,false,,,,,,false,false,true,,,false,false,false,false,false,-83.0526,42.33161,"{
  ""coordinates"": [
    -8.305260245400000e+01,
    4.233160996600000e+01
  ],
  ""type"": ""Point""
}","{
  ""coordinates"": [
    -83.052602454,
    42.331609966
  ],
  ""type"": ""Point""
}",-83.052602454,42.331609966
7354,9399050,GRAND RIVER,3RD,2015-09-02,2,9,2015,8,4,1,3,,1,0,,1,1,1,35,6,2,2,4,0,0,0,1,false,,false,false,false,false,false,,,,,,true,true,false,,,false,false,false,false,false,-83.06091,42.3372,"{
  ""coordinates"": [
    -8.306090235200000e+01,
    4.233720521900010e+01
  ],
  ""type"": ""Point""
}","{
  ""coordinates"": [
    -83.060902352,
    42.337205219
  ],
  ""type"": ""Point""
}",-83.060902352,42.3372052190001
7355,9365924,RAMP 215C,E I 94,2015-09-02,2,9,2015,15,4,8,1,,1,0,,1,1,1,55,4,2,4,5,0,0,0,0,true,,false,false,false,false,false,,,,,,false,false,false,,,false,false,false,false,false,-83.0735,42.36067,"{
  ""coordinates"": [
    -8.307350111200000e+01,
    4.236066772100000e+01
  ],
  ""type"": ""Point""
}","{
  ""coordinates"": [
    -83.073501112,
    42.360667721
  ],
  ""type"": ""Point""
}",-83.073501112,42.360667721
7356,9360810,N M 10,RAMP 215F,2015-09-02,2,9,2015,15,4,8,3,,1,0,,1,1,1,55,3,2,4,5,0,0,0,0,true,,false,false,false,false,false,,,,,,false,false,true,,,false,false,false,false,false,-83.07678,42.36031,"{
  ""coordinates"": [
    -8.307678239599990e+01,
    4.236030765900010e+01
  ],
  ""type"": ""Point""
}","{
  ""coordinates"": [
    -83.076782396,
    42.360307659
  ],
  ""type"": ""Point""
}",-83.0767823959999,42.3603076590001
7357,9361161,FARMBROOK,BERDEN,2015-09-02,2,9,2015,11,4,9,9,,,2,,1,1,1,25,1,2,1,5,0,0,0,0,true,,false,false,true,false,false,,,,,,false,false,false,,,false,false,false,false,false,-82.92496,42.41813,"{
  ""coordinates"": [
    -8.292496421600001e+01,
    4.241812435200010e+01
  ],
  ""type"": ""Point""
}","{
  ""coordinates"": [
    -82.924964216,
    42.418124352
  ],
  ""type"": ""Point""
}",-82.924964216,42.4181243520001
7358,9358587,GRATIOT,MAXWELL,2015-09-02,2,9,2015,20,4,2,3,,1,2,,1,2,4,35,9,3,2,5,0,0,0,0,true,,false,false,false,false,false,,,,,,false,false,false,,,false,false,false,false,false,-83.01347,42.38065,"{
  ""coordinates"": [
    -8.301346927100001e+01,
    4.238065010000000e+01
  ],
  ""type"": ""Point""
}","{
  ""coordinates"": [
    -83.013469271,
    42.3806501
  ],
  ""type"": ""Point""
}",-83.013469271,42.3806501