ObjectId,Crash ID,Primary Road,Intersecting Road,Crash Date,Day,Month,Year,Hour,Weekday,Crash Type Code,Highway Classification Code,Community Code,Jurisdiction Code,Lane Departure Type Code,Surface Type,Road Condition,Weather Condition,Lighting Condition,Speed Limit,Lanes,Units,Occupants,Most Severe Injury,Fatal Injuries,Suspected Serious Injuries,Suspected Minor Injuries,Possible Injuries,Property Damage Only,Secondary Crash,Traffic Control,Red Light Run,Hit and Run,Alcohol,Drugs,Unbelted Person,Work Zone,Speeding Driver,Distracted Driver,Driveway,Pedestrian,Elderly Driver,Young Driver,Commercial Vehicle,Emergency Vehicles,Train,School Bus,Motorcycle,Bicycle,Deer,Longitude,Latitude,geom,geog,x,y
7359,9370482,WARREN,WOODWARD,2015-09-02,2,9,2015,17,4,4,3,,4,0,,1,1,1,30,3,2,2,5,0,0,0,0,true,,false,false,false,false,false,,,,,,false,false,true,,,false,false,false,false,false,-83.06393,42.35688,"{
  ""coordinates"": [
    -8.306393142000000e+01,
    4.235687866800000e+01
  ],
  ""type"": ""Point""
}","{
  ""coordinates"": [
    -83.06393142,
    42.356878668
  ],
  ""type"": ""Point""
}",-83.06393142,42.356878668
7360,9358609,7 MILE,OMIRA,2015-09-02,2,9,2015,14,4,5,9,,4,0,,1,1,1,35,4,2,4,4,0,0,0,2,false,,false,false,false,false,false,,,,,,false,false,false,,,false,false,false,false,false,-83.09573,42.43244,"{
  ""coordinates"": [
    -8.309572708300000e+01,
    4.243244119500010e+01
  ],
  ""type"": ""Point""
}","{
  ""coordinates"": [
    -83.095727083,
    42.432441195
  ],
  ""type"": ""Point""
}",-83.095727083,42.4324411950001
7361,9362475,WYOMING,SCHOOLCRAFT,2015-09-02,2,9,2015,16,4,5,9,,4,0,,1,1,1,35,2,2,2,5,0,0,0,0,true,,false,false,false,false,false,,,,,,false,true,false,,,false,false,false,false,false,-83.15906,42.38843,"{
  ""coordinates"": [
    -8.315905889500000e+01,
    4.238842645100000e+01
  ],
  ""type"": ""Point""
}","{
  ""coordinates"": [
    -83.159058895,
    42.388426451
  ],
  ""type"": ""Point""
}",-83.159058895,42.388426451
7362,9399001,GRAND,ROSA PARKS,2015-09-02,2,9,2015,18,4,8,9,,4,0,,1,1,1,30,8,2,1,5,0,0,0,0,true,,false,false,true,false,false,,,,,,false,false,false,,,false,false,false,false,false,-83.09098,42.36362,"{
  ""coordinates"": [
    -8.309098294700000e+01,
    4.236362103400010e+01
  ],
  ""type"": ""Point""
}","{
  ""coordinates"": [
    -83.090982947,
    42.363621034
  ],
  ""type"": ""Point""
}",-83.090982947,42.3636210340001
7363,9361171,FORD,UNKNOWN,2015-09-02,2,9,2015,12,4,5,3,,1,0,,1,1,1,30,3,2,2,5,0,0,0,0,true,,false,false,false,false,false,,,,,,false,false,true,,,false,false,false,false,false,-83.22012,42.32903,"{
  ""coordinates"": [
    -8.322011761100001e+01,
    4.232902983800010e+01
  ],
  ""type"": ""Point""
}","{
  ""coordinates"": [
    -83.220117611,
    42.329029838
  ],
  ""type"": ""Point""
}",-83.220117611,42.3290298380001
7364,9358595,WYOMING,JOY,2015-09-02,2,9,2015,12,4,97,9,,4,0,,1,2,1,30,3,2,1,5,0,0,0,0,true,,false,false,false,false,false,,,,,,false,false,false,,,false,false,false,false,false,-83.15794,42.35861,"{
  ""coordinates"": [
    -8.315793561000000e+01,
    4.235861213800010e+01
  ],
  ""type"": ""Point""
}","{
  ""coordinates"": [
    -83.15793561,
    42.358612138
  ],
  ""type"": ""Point""
}",-83.15793561,42.3586121380001
7365,9453226,7 MILE,PATTON,2015-09-02,2,9,2015,23,4,1,9,,2,0,,1,1,4,35,4,2,1,1,1,0,0,0,false,,false,false,true,false,false,,,,,,true,false,false,,,false,false,false,false,false,-83.24528,42.42942,"{
  ""coordinates"": [
    -8.324528070900000e+01,
    4.242941682200010e+01
  ],
  ""type"": ""Point""
}","{
  ""coordinates"": [
    -83.245280709,
    42.429416822
  ],
  ""type"": ""Point""
}",-83.245280709,42.4294168220001
7366,9361207,8 MILE,GREELEY,2015-09-02,2,9,2015,16,4,8,3,,1,0,,1,1,1,30,8,2,2,5,0,0,0,0,true,,false,false,false,false,false,,,,,,false,true,false,,,false,false,false,false,false,-83.08812,42.44692,"{
  ""coordinates"": [
    -8.308811804100000e+01,
    4.244691837400010e+01
  ],
  ""type"": ""Point""
}","{
  ""coordinates"": [
    -83.088118041,
    42.446918374
  ],
  ""type"": ""Point""
}",-83.088118041,42.4469183740001
7367,9361210,JOHN R,LANTZ,2015-09-02,2,9,2015,10,4,1,9,,4,1,,1,1,1,30,2,1,1,3,0,0,1,0,false,,false,false,false,false,false,,,,,,false,false,true,,,false,false,false,false,false,-83.10252,42.43753,"{
  ""coordinates"": [
    -8.310252418000000e+01,
    4.243752753000010e+01
  ],
  ""type"": ""Point""
}","{
  ""coordinates"": [
    -83.10252418,
    42.43752753
  ],
  ""type"": ""Point""
}",-83.10252418,42.4375275300001
7368,9358578,BROADWAY,GRATIOT,2015-09-02,2,9,2015,9,4,3,3,,4,0,,1,1,1,35,4,2,2,5,0,0,0,0,true,,false,false,false,false,false,,,,,,false,false,false,,,false,false,false,false,false,-83.04562,42.33469,"{
  ""coordinates"": [
    -8.304562721799989e+01,
    4.233468904400010e+01
  ],
  ""type"": ""Point""
}","{
  ""coordinates"": [
    -83.045627218,
    42.334689044
  ],
  ""type"": ""Point""
}",-83.0456272179999,42.3346890440001
7369,9358610,HULL,REMINGTON,2015-09-02,2,9,2015,12,4,97,9,,,0,,1,1,4,25,2,2,0,5,0,0,0,0,true,,false,false,false,true,false,,,,,,false,false,false,,,false,false,false,false,false,-83.08905,42.44234,"{
  ""coordinates"": [
    -8.308905111999999e+01,
    4.244233624000000e+01
  ],
  ""type"": ""Point""
}","{
  ""coordinates"": [
    -83.08905112,
    42.44233624
  ],
  ""type"": ""Point""
}",-83.08905112,42.44233624
7370,9399183,FORT,TENTH,2015-09-02,2,9,2015,4,4,97,3,,1,1,,1,1,4,35,2,1,1,5,0,0,0,0,true,,false,false,false,false,false,,,,,,false,false,false,,,false,false,false,false,false,-83.06254,42.32419,"{
  ""coordinates"": [
    -8.306253715600000e+01,
    4.232419080000010e+01
  ],
  ""type"": ""Point""
}","{
  ""coordinates"": [
    -83.062537156,
    42.3241908
  ],
  ""type"": ""Point""
}",-83.062537156,42.3241908000001
7371,9358584,SPENCER,7 MILE,2015-09-02,2,9,2015,6,4,97,9,,,0,,1,1,1,20,2,2,0,5,0,0,0,0,true,,false,false,true,false,false,,,,,,false,false,false,,,false,false,false,false,false,-83.02629,42.43486,"{
  ""coordinates"": [
    -8.302628818499990e+01,
    4.243486357400010e+01
  ],
  ""type"": ""Point""
}","{
  ""coordinates"": [
    -83.026288185,
    42.434863574
  ],
  ""type"": ""Point""
}",-83.0262881849999,42.4348635740001
7372,9363217,S I 75,SPRINGWELLS,2015-09-02,2,9,2015,16,4,8,1,,1,0,,1,1,1,55,4,3,3,5,0,0,0,0,true,,false,false,false,false,false,,,,,,false,false,false,,,false,false,false,false,false,-83.12064,42.30099,"{
  ""coordinates"": [
    -8.312063816599991e+01,
    4.230099352300000e+01
  ],
  ""type"": ""Point""
}","{
  ""coordinates"": [
    -83.120638166,
    42.300993523
  ],
  ""type"": ""Point""
}",-83.1206381659999,42.300993523
7373,9363245,S M 39,SCHOOLCRAFT,2015-09-02,2,9,2015,17,4,5,3,,1,0,,1,1,1,55,3,2,2,5,0,0,0,0,true,,false,false,false,false,false,,,,,,false,false,true,,,false,false,false,false,false,-83.21769,42.38588,"{
  ""coordinates"": [
    -8.321769259699990e+01,
    4.238588024200000e+01
  ],
  ""type"": ""Point""
}","{
  ""coordinates"": [
    -83.217692597,
    42.385880242
  ],
  ""type"": ""Point""
}",-83.2176925969999,42.385880242
7374,9364190,ROSA PARKS,LEVERETTE,2015-09-02,2,9,2015,9,4,8,9,,4,0,,1,1,1,30,3,2,2,5,0,0,0,0,true,,false,false,false,false,false,,,,,,false,false,false,,,false,false,false,false,false,-83.07049,42.32874,"{
  ""coordinates"": [
    -8.307048898300000e+01,
    4.232874168400010e+01
  ],
  ""type"": ""Point""
}","{
  ""coordinates"": [
    -83.070488983,
    42.328741684
  ],
  ""type"": ""Point""
}",-83.070488983,42.3287416840001
7375,9361137,WYOMING,LYNDON,2015-09-02,2,9,2015,15,4,97,9,,4,0,,1,1,1,35,1,2,3,5,0,0,0,0,true,,false,false,true,false,false,,,,,,false,false,false,,,false,false,false,false,false,-83.15934,42.39522,"{
  ""coordinates"": [
    -8.315934252600000e+01,
    4.239521902100010e+01
  ],
  ""type"": ""Point""
}","{
  ""coordinates"": [
    -83.159342526,
    42.395219021
  ],
  ""type"": ""Point""
}",-83.159342526,42.3952190210001
7376,9361596,HULL,REMINGTON,2015-09-02,2,9,2015,0,4,1,9,,,0,,1,1,4,25,1,1,2,5,0,0,0,0,true,,false,false,false,true,false,,,,,,false,false,false,,,false,false,false,false,false,-83.08905,42.44239,"{
  ""coordinates"": [
    -8.308905350500000e+01,
    4.244239434400000e+01
  ],
  ""type"": ""Point""
}","{
  ""coordinates"": [
    -83.089053505,
    42.442394344
  ],
  ""type"": ""Point""
}",-83.089053505,42.442394344
7377,9362382,RAMP 215H,W I 94,2015-09-02,2,9,2015,22,4,1,1,,1,1,,1,1,4,55,4,1,2,5,0,0,0,0,true,,false,false,false,false,false,,,,,,false,false,false,,,false,false,false,false,false,-83.07915,42.35753,"{
  ""coordinates"": [
    -8.307914735700000e+01,
    4.235752959700010e+01
  ],
  ""type"": ""Point""
}","{
  ""coordinates"": [
    -83.079147357,
    42.357529597
  ],
  ""type"": ""Point""
}",-83.079147357,42.3575295970001
7378,9363205,I-75,MCNICHOLS,2015-09-02,2,9,2015,16,4,5,1,,1,0,,1,1,1,70,4,2,3,5,0,0,0,0,true,,false,false,false,false,false,,,,,,false,false,false,,,false,false,false,false,false,-83.08744,42.41786,"{
  ""coordinates"": [
    -8.308743853199999e+01,
    4.241786196700010e+01
  ],
  ""type"": ""Point""
}","{
  ""coordinates"": [
    -83.087438532,
    42.417861967
  ],
  ""type"": ""Point""
}",-83.087438532,42.4178619670001
7379,9363232,EB I-96,BUCHANAN,2015-09-02,2,9,2015,8,4,8,1,,1,0,,1,1,1,70,4,2,2,5,0,0,0,0,true,,false,false,false,false,false,,,,,,false,false,false,,,false,false,false,false,false,-83.09476,42.34277,"{
  ""coordinates"": [
    -8.309476427500000e+01,
    4.234277219400010e+01
  ],
  ""type"": ""Point""
}","{
  ""coordinates"": [
    -83.094764275,
    42.342772194
  ],
  ""type"": ""Point""
}",-83.094764275,42.3427721940001
7380,9358576,7 MILE,MOUND,2015-09-02,2,9,2015,2,4,1,9,,4,0,,1,1,4,30,2,1,0,5,0,0,0,0,true,,false,false,false,false,false,,,,,,false,false,false,,,false,false,false,false,false,-83.04338,42.43357,"{
  ""coordinates"": [
    -8.304338295199990e+01,
    4.243357376800000e+01
  ],
  ""type"": ""Point""
}","{
  ""coordinates"": [
    -83.043382952,
    42.433573768
  ],
  ""type"": ""Point""
}",-83.0433829519999,42.433573768
7381,9380961,SOUTHFIELD,GRAND RIVER,2015-09-02,2,9,2015,11,4,5,3,,1,0,,7,1,1,55,3,2,2,5,0,0,0,0,true,,false,false,false,false,false,,,,,,false,false,false,,,false,false,false,false,false,-83.21838,42.40083,"{
  ""coordinates"": [
    -8.321837686299990e+01,
    4.240082486300000e+01
  ],
  ""type"": ""Point""
}","{
  ""coordinates"": [
    -83.218376863,
    42.400824863
  ],
  ""type"": ""Point""
}",-83.2183768629999,42.400824863
7382,9361181,JANE,COPLIN,2015-09-02,2,9,2015,13,4,8,9,,,0,,1,1,1,25,1,2,1,5,0,0,0,0,true,,false,false,false,false,false,,,,,,false,false,false,,,false,false,false,false,false,-82.9793,42.41839,"{
  ""coordinates"": [
    -8.297930372199990e+01,
    4.241838769300010e+01
  ],
  ""type"": ""Point""
}","{
  ""coordinates"": [
    -82.979303722,
    42.418387693
  ],
  ""type"": ""Point""
}",-82.9793037219999,42.4183876930001
7383,9363231,SB M-10,EUCLID,2015-09-02,2,9,2015,6,4,5,3,,1,0,,1,2,2,55,4,3,3,3,0,0,1,1,false,,false,false,false,false,false,,,,,,false,false,false,,,false,false,false,false,false,-83.0869,42.37445,"{
  ""coordinates"": [
    -8.308689636600000e+01,
    4.237444606000000e+01
  ],
  ""type"": ""Point""
}","{
  ""coordinates"": [
    -83.086896366,
    42.37444606
  ],
  ""type"": ""Point""
}",-83.086896366,42.37444606
7384,9363206,I-75,SPRINGWELLS,2015-09-02,2,9,2015,17,4,5,1,,1,0,,1,1,1,55,4,2,2,5,0,0,0,0,true,,false,false,false,false,false,,,,,,false,false,true,,,false,false,false,false,false,-83.12595,42.29635,"{
  ""coordinates"": [
    -8.312595729799990e+01,
    4.229635198200000e+01
  ],
  ""type"": ""Point""
}","{
  ""coordinates"": [
    -83.125957298,
    42.296351982
  ],
  ""type"": ""Point""
}",-83.1259572979999,42.296351982
7385,9362381,E/B I-96,M-39,2015-09-02,2,9,2015,18,4,5,1,,1,0,,1,1,1,55,3,2,2,5,0,0,0,0,true,,false,false,false,false,false,,,,,,false,false,false,,,false,false,false,false,false,-83.221,42.37839,"{
  ""coordinates"": [
    -8.322099863499990e+01,
    4.237839141700000e+01
  ],
  ""type"": ""Point""
}","{
  ""coordinates"": [
    -83.220998635,
    42.378391417
  ],
  ""type"": ""Point""
}",-83.2209986349999,42.378391417
7386,9377140,I 94,JOHN R,2015-09-02,2,9,2015,19,4,5,1,,1,0,,1,1,1,55,3,2,1,5,0,0,0,0,true,,false,false,true,false,false,,,,,,false,false,false,,,false,false,false,false,false,-83.06717,42.3646,"{
  ""coordinates"": [
    -8.306717106300000e+01,
    4.236459691500000e+01
  ],
  ""type"": ""Point""
}","{
  ""coordinates"": [
    -83.067171063,
    42.364596915
  ],
  ""type"": ""Point""
}",-83.067171063,42.364596915
7387,9363233,N I 75,ROSA PARKS,2015-09-02,2,9,2015,9,4,5,1,,1,0,,1,1,1,0,3,2,2,5,0,0,0,0,true,,false,false,false,false,false,,,,,,false,false,true,,,false,false,false,false,false,-83.07281,42.33335,"{
  ""coordinates"": [
    -8.307281214600000e+01,
    4.233334581800010e+01
  ],
  ""type"": ""Point""
}","{
  ""coordinates"": [
    -83.072812146,
    42.333345818
  ],
  ""type"": ""Point""
}",-83.072812146,42.3333458180001
7388,9399285,E I 96 SERVICE DRIVE,GRAND,2015-09-02,2,9,2015,8,4,8,1,,4,0,,1,1,1,0,3,2,3,5,0,0,0,0,true,,false,false,false,false,false,,,,,,false,true,false,,,false,false,false,false,false,-83.1106,42.35524,"{
  ""coordinates"": [
    -8.311059789500000e+01,
    4.235524465800010e+01
  ],
  ""type"": ""Point""
}","{
  ""coordinates"": [
    -83.110597895,
    42.355244658
  ],
  ""type"": ""Point""
}",-83.110597895,42.3552446580001
7389,9358608,MOUND,MCNICHOLS,2015-09-02,2,9,2015,13,4,4,9,,2,0,,1,1,1,35,3,2,2,3,0,0,1,0,false,,false,false,false,false,false,,,,,,false,true,false,,,false,false,false,false,false,-83.04301,42.41906,"{
  ""coordinates"": [
    -8.304301697100000e+01,
    4.241906198800010e+01
  ],
  ""type"": ""Point""
}","{
  ""coordinates"": [
    -83.043016971,
    42.419061988
  ],
  ""type"": ""Point""
}",-83.043016971,42.4190619880001
7390,9361170,WARREN,N M 39 SERVICE DRIVE,2015-09-02,2,9,2015,20,4,4,9,,2,0,,1,1,4,35,4,2,2,3,0,0,1,0,false,,false,false,true,false,false,,,,,,false,false,false,,,false,false,false,false,false,-83.21545,42.34338,"{
  ""coordinates"": [
    -8.321545342400000e+01,
    4.234337904200000e+01
  ],
  ""type"": ""Point""
}","{
  ""coordinates"": [
    -83.215453424,
    42.343379042
  ],
  ""type"": ""Point""
}",-83.215453424,42.343379042
7391,9367929,MACK,I-75,2015-09-02,2,9,2015,7,4,8,9,,4,0,,1,1,1,25,2,2,1,5,0,0,0,0,true,,false,false,true,false,false,,,,,,false,false,false,,,false,false,false,false,false,-83.0481,42.35111,"{
  ""coordinates"": [
    -8.304809946899999e+01,
    4.235110666400000e+01
  ],
  ""type"": ""Point""
}","{
  ""coordinates"": [
    -83.048099469,
    42.351106664
  ],
  ""type"": ""Point""
}",-83.048099469,42.351106664
7392,9358589,SUNSET,NEVADA,2015-09-02,2,9,2015,11,4,8,9,,,0,,1,1,1,20,2,2,0,5,0,0,0,0,true,,false,false,true,false,false,,,,,,false,false,false,,,false,false,false,false,false,-83.0606,42.42685,"{
  ""coordinates"": [
    -8.306059651399990e+01,
    4.242684668600000e+01
  ],
  ""type"": ""Point""
}","{
  ""coordinates"": [
    -83.060596514,
    42.426846686
  ],
  ""type"": ""Point""
}",-83.0605965139999,42.426846686
7393,9399208,GREENFIELD,CHICAGO,2015-09-02,2,9,2015,15,4,4,9,,2,0,,1,1,1,35,2,2,2,4,0,0,0,1,false,,false,false,false,false,false,,,,,,false,false,false,,,false,false,false,false,false,-83.19728,42.36549,"{
  ""coordinates"": [
    -8.319727716999989e+01,
    4.236549399000010e+01
  ],
  ""type"": ""Point""
}","{
  ""coordinates"": [
    -83.19727717,
    42.36549399
  ],
  ""type"": ""Point""
}",-83.1972771699999,42.3654939900001
7394,9361206,ROBINWOOD,REVERE,2015-09-02,2,9,2015,15,4,97,9,,,0,,1,1,1,20,2,2,2,5,0,0,0,0,true,,false,false,true,false,false,,,,,,false,false,false,,,false,false,false,false,false,-83.06777,42.43091,"{
  ""coordinates"": [
    -8.306777026499999e+01,
    4.243090959600000e+01
  ],
  ""type"": ""Point""
}","{
  ""coordinates"": [
    -83.067770265,
    42.430909596
  ],
  ""type"": ""Point""
}",-83.067770265,42.430909596
7395,9358575,FORT,SCOTTEN,2015-09-02,2,9,2015,5,4,1,3,,1,1,,1,1,2,25,1,1,0,5,0,0,0,0,true,,false,false,true,false,false,,,,,,false,false,false,,,false,false,false,false,false,-83.08702,42.31366,"{
  ""coordinates"": [
    -8.308701875199991e+01,
    4.231366172500000e+01
  ],
  ""type"": ""Point""
}","{
  ""coordinates"": [
    -83.087018752,
    42.313661725
  ],
  ""type"": ""Point""
}",-83.0870187519999,42.313661725
7396,9361153,14TH,DALZELLE,2015-09-02,2,9,2015,17,4,8,9,,4,0,,1,1,1,30,2,2,2,5,0,0,0,0,true,,false,false,false,false,false,,,,,,false,false,false,,,false,false,false,false,false,-83.07555,42.3297,"{
  ""coordinates"": [
    -8.307555147100000e+01,
    4.232969490200000e+01
  ],
  ""type"": ""Point""
}","{
  ""coordinates"": [
    -83.075551471,
    42.329694902
  ],
  ""type"": ""Point""
}",-83.075551471,42.329694902
7397,9367932,LIVERNOIS,LYNDON,2015-09-02,2,9,2015,9,4,4,9,,4,0,,1,1,1,35,2,2,2,5,0,0,0,0,true,,false,false,false,false,false,,,,,,false,true,false,,,false,false,false,false,false,-83.14001,42.39543,"{
  ""coordinates"": [
    -8.314001800900000e+01,
    4.239542848400000e+01
  ],
  ""type"": ""Point""
}","{
  ""coordinates"": [
    -83.140018009,
    42.395428484
  ],
  ""type"": ""Point""
}",-83.140018009,42.395428484
7398,9358596,LIVERNOIS,MILITARY,2015-09-02,2,9,2015,8,4,4,9,,4,0,,1,1,1,25,2,2,2,5,0,0,0,0,true,,false,false,false,false,false,,,,,,false,false,true,,,false,false,false,false,false,-83.13835,42.3586,"{
  ""coordinates"": [
    -8.313835052000000e+01,
    4.235860444000010e+01
  ],
  ""type"": ""Point""
}","{
  ""coordinates"": [
    -83.13835052,
    42.35860444
  ],
  ""type"": ""Point""
}",-83.13835052,42.3586044400001
7399,9363204,M-39,PEMBROKE,2015-09-02,2,9,2015,14,4,5,3,,1,0,,1,1,1,55,3,2,2,5,0,0,0,0,true,,false,false,false,false,false,,,,,,false,false,false,,,false,false,false,false,false,-83.21951,42.43668,"{
  ""coordinates"": [
    -8.321950534900000e+01,
    4.243668387900000e+01
  ],
  ""type"": ""Point""
}","{
  ""coordinates"": [
    -83.219505349,
    42.436683879
  ],
  ""type"": ""Point""
}",-83.219505349,42.436683879
7400,9361178,HOUSTON WHITTIER,PEORIA,2015-09-02,2,9,2015,14,4,4,9,,4,3,,1,1,1,30,2,2,3,5,0,0,0,0,true,,false,false,false,false,false,,,,,,false,false,false,,,false,false,false,false,false,-82.97729,42.4206,"{
  ""coordinates"": [
    -8.297728454299990e+01,
    4.242059834200010e+01
  ],
  ""type"": ""Point""
}","{
  ""coordinates"": [
    -82.977284543,
    42.420598342
  ],
  ""type"": ""Point""
}",-82.9772845429999,42.4205983420001
7401,9361192,7 MILE,GOULBURN,2015-09-02,2,9,2015,2,4,2,9,,4,0,,1,1,4,20,1,2,2,5,0,0,0,0,true,,false,false,false,false,false,,,,,,false,false,false,,,false,false,false,false,false,-82.99371,42.43473,"{
  ""coordinates"": [
    -8.299370297699990e+01,
    4.243472740700000e+01
  ],
  ""type"": ""Point""
}","{
  ""coordinates"": [
    -82.993702977,
    42.434727407
  ],
  ""type"": ""Point""
}",-82.9937029769999,42.434727407
7402,9362459,JOY,AUBURN,2015-09-02,2,9,2015,19,4,8,9,,2,0,,1,1,1,15,2,2,2,5,0,0,0,0,true,,false,false,false,false,false,,,,,,false,false,true,,,false,false,false,false,false,-83.23352,42.3576,"{
  ""coordinates"": [
    -8.323352179599991e+01,
    4.235760509300010e+01
  ],
  ""type"": ""Point""
}","{
  ""coordinates"": [
    -83.233521796,
    42.357605093
  ],
  ""type"": ""Point""
}",-83.2335217959999,42.3576050930001
7403,9361835,N M 39,JOY,2015-09-02,2,9,2015,2,4,1,3,,1,1,,1,1,4,55,3,1,1,5,0,0,0,0,true,,false,false,false,false,false,,,,,,false,false,true,,,false,false,false,false,false,-83.21639,42.35798,"{
  ""coordinates"": [
    -8.321639405400001e+01,
    4.235797795200010e+01
  ],
  ""type"": ""Point""
}","{
  ""coordinates"": [
    -83.216394054,
    42.357977952
  ],
  ""type"": ""Point""
}",-83.216394054,42.3579779520001
7404,9361563,VAN DYKE,SAVAGE,2015-09-02,2,9,2015,19,4,5,3,,1,0,,1,1,1,40,4,2,3,5,0,0,0,0,true,,false,false,false,false,false,,,,,,false,false,true,,,false,false,false,false,false,-83.02467,42.4463,"{
  ""coordinates"": [
    -8.302467653500000e+01,
    4.244629981800010e+01
  ],
  ""type"": ""Point""
}","{
  ""coordinates"": [
    -83.024676535,
    42.446299818
  ],
  ""type"": ""Point""
}",-83.024676535,42.4462998180001
7405,9363248,I-94,CONNER,2015-09-02,2,9,2015,19,4,1,1,,1,1,,1,2,1,55,3,1,1,4,0,0,0,1,false,,false,false,false,true,false,,,,,,false,false,false,,,false,false,false,false,false,-82.98869,42.39594,"{
  ""coordinates"": [
    -8.298869176999990e+01,
    4.239594293200000e+01
  ],
  ""type"": ""Point""
}","{
  ""coordinates"": [
    -82.98869177,
    42.395942932
  ],
  ""type"": ""Point""
}",-82.9886917699999,42.395942932
7406,9397814,JEFFERSON,N M 10,2015-09-02,2,9,2015,11,4,1,3,,5,1,,1,1,1,45,3,1,2,4,0,0,0,1,false,,false,false,false,false,false,,,,,,false,false,false,,,false,false,false,false,false,-83.05111,42.32634,"{
  ""coordinates"": [
    -8.305111178399990e+01,
    4.232634352200010e+01
  ],
  ""type"": ""Point""
}","{
  ""coordinates"": [
    -83.051111784,
    42.326343522
  ],
  ""type"": ""Point""
}",-83.0511117839999,42.3263435220001
7407,9369471,M-39,LYNDON,2015-09-02,2,9,2015,9,4,97,3,,1,0,,1,1,1,55,3,3,4,3,0,0,1,0,false,,false,false,true,false,false,,,,,,false,true,false,,,false,false,false,false,false,-83.2177,42.39027,"{
  ""coordinates"": [
    -8.321770769800000e+01,
    4.239027397600010e+01
  ],
  ""type"": ""Point""
}","{
  ""coordinates"": [
    -83.217707698,
    42.390273976
  ],
  ""type"": ""Point""
}",-83.217707698,42.3902739760001
7408,9361205,GRATIOT,RANDOLPH,2015-09-02,2,9,2015,19,4,97,3,,4,0,,1,1,1,0,4,2,1,4,0,0,0,1,false,,false,false,true,false,false,,,,,,true,false,false,,,false,false,false,false,false,-83.04521,42.33511,"{
  ""coordinates"": [
    -8.304521379300000e+01,
    4.233510859200000e+01
  ],
  ""type"": ""Point""
}","{
  ""coordinates"": [
    -83.045213793,
    42.335108592
  ],
  ""type"": ""Point""
}",-83.045213793,42.335108592
7409,9397830,ROSA PARKS,N I 75 SERVICE DRIVE,2015-09-02,2,9,2015,9,4,4,9,,4,0,,1,1,1,30,4,2,2,5,0,0,0,0,true,,true,true,false,false,false,,,,,,false,false,false,,,false,false,false,false,false,-83.07279,42.33281,"{
  ""coordinates"": [
    -8.307279149100000e+01,
    4.233280950200000e+01
  ],
  ""type"": ""Point""
}","{
  ""coordinates"": [
    -83.072791491,
    42.332809502
  ],
  ""type"": ""Point""
}",-83.072791491,42.332809502
7410,9358588,GRATIOT,HOLCOMB,2015-09-02,2,9,2015,17,4,5,3,,1,0,,1,1,1,35,3,2,2,5,0,0,0,0,true,,false,false,false,false,false,,,,,,false,false,false,,,false,false,false,false,false,-83.0084,42.38832,"{
  ""coordinates"": [
    -8.300839748999989e+01,
    4.238832291300000e+01
  ],
  ""type"": ""Point""
}","{
  ""coordinates"": [
    -83.00839749,
    42.388322913
  ],
  ""type"": ""Point""
}",-83.0083974899999,42.388322913
7411,9364005,W I 94,GRATIOT,2015-09-02,2,9,2015,4,4,1,1,,1,0,,1,2,4,55,3,1,1,5,0,0,0,0,true,,false,false,false,false,false,,,,,,false,false,false,,,false,false,false,false,false,-83.00485,42.39182,"{
  ""coordinates"": [
    -8.300485199799991e+01,
    4.239182301300010e+01
  ],
  ""type"": ""Point""
}","{
  ""coordinates"": [
    -83.004851998,
    42.391823013
  ],
  ""type"": ""Point""
}",-83.0048519979999,42.3918230130001
7412,9369484,W I 94,CONNER,2015-09-02,2,9,2015,10,4,1,1,,1,1,,1,1,1,55,3,1,1,4,0,0,0,1,false,,false,false,true,false,false,,,,,,false,false,false,,,false,false,false,false,false,-82.98801,42.39645,"{
  ""coordinates"": [
    -8.298800464200001e+01,
    4.239645311400010e+01
  ],
  ""type"": ""Point""
}","{
  ""coordinates"": [
    -82.988004642,
    42.396453114
  ],
  ""type"": ""Point""
}",-82.988004642,42.3964531140001
7413,9363207,I-75,WATERMAN,2015-09-02,2,9,2015,18,4,5,1,,1,0,,1,1,1,70,4,2,2,5,0,0,0,0,true,,false,false,false,false,false,,,,,,false,false,false,,,false,false,false,false,false,-83.10817,42.30601,"{
  ""coordinates"": [
    -8.310816894399990e+01,
    4.230600965400000e+01
  ],
  ""type"": ""Point""
}","{
  ""coordinates"": [
    -83.108168944,
    42.306009654
  ],
  ""type"": ""Point""
}",-83.1081689439999,42.306009654
7414,9365030,N M 39,W I 96,2015-09-02,2,9,2015,5,4,1,3,,1,1,,1,2,5,55,3,1,1,5,0,0,0,0,true,,false,false,false,false,false,,,,,,false,false,true,,,false,false,false,false,false,-83.21692,42.37878,"{
  ""coordinates"": [
    -8.321692057199991e+01,
    4.237878329200000e+01
  ],
  ""type"": ""Point""
}","{
  ""coordinates"": [
    -83.216920572,
    42.378783292
  ],
  ""type"": ""Point""
}",-83.2169205719999,42.378783292
7415,9363234,S I 75,GRAND,2015-09-02,2,9,2015,10,4,1,1,,1,0,,1,1,1,55,5,1,1,5,0,0,0,0,true,,false,false,false,false,false,,,,,,false,false,false,,,false,false,false,false,false,-83.08431,42.31668,"{
  ""coordinates"": [
    -8.308431416099999e+01,
    4.231667628400000e+01
  ],
  ""type"": ""Point""
}","{
  ""coordinates"": [
    -83.084314161,
    42.316676284
  ],
  ""type"": ""Point""
}",-83.084314161,42.316676284
7416,9372394,E I 94,SCOTTEN,2015-09-02,2,9,2015,8,4,1,1,,1,0,,1,1,1,55,3,1,1,5,0,0,0,0,true,,false,false,false,false,false,,,,,,false,false,false,,,false,false,false,false,false,-83.11158,42.34553,"{
  ""coordinates"": [
    -8.311158208900000e+01,
    4.234552913600000e+01
  ],
  ""type"": ""Point""
}","{
  ""coordinates"": [
    -83.111582089,
    42.345529136
  ],
  ""type"": ""Point""
}",-83.111582089,42.345529136