ObjectId,Crash ID,Primary Road,Intersecting Road,Crash Date,Day,Month,Year,Hour,Weekday,Crash Type Code,Highway Classification Code,Community Code,Jurisdiction Code,Lane Departure Type Code,Surface Type,Road Condition,Weather Condition,Lighting Condition,Speed Limit,Lanes,Units,Occupants,Most Severe Injury,Fatal Injuries,Suspected Serious Injuries,Suspected Minor Injuries,Possible Injuries,Property Damage Only,Secondary Crash,Traffic Control,Red Light Run,Hit and Run,Alcohol,Drugs,Unbelted Person,Work Zone,Speeding Driver,Distracted Driver,Driveway,Pedestrian,Elderly Driver,Young Driver,Commercial Vehicle,Emergency Vehicles,Train,School Bus,Motorcycle,Bicycle,Deer,Longitude,Latitude,geom,geog,x,y
7417,9361085,COYLE,7 MILE,2015-09-02,2,9,2015,19,4,4,9,,,0,,1,1,1,25,3,2,3,5,0,0,0,0,true,,false,false,false,false,false,,,,,,false,false,true,,,false,false,false,false,false,-83.19488,42.43059,"{
  ""coordinates"": [
    -8.319487997200000e+01,
    4.243058674000010e+01
  ],
  ""type"": ""Point""
}","{
  ""coordinates"": [
    -83.194879972,
    42.43058674
  ],
  ""type"": ""Point""
}",-83.194879972,42.4305867400001
7418,9358590,VAN DYKE,OUTER,2015-09-02,2,9,2015,9,4,5,3,,1,0,,1,1,1,35,3,2,3,4,0,0,0,1,false,,false,false,false,false,false,,,,,,false,false,true,,,false,false,false,false,false,-83.02448,42.44113,"{
  ""coordinates"": [
    -8.302448363300000e+01,
    4.244113173300010e+01
  ],
  ""type"": ""Point""
}","{
  ""coordinates"": [
    -83.024483633,
    42.441131733
  ],
  ""type"": ""Point""
}",-83.024483633,42.4411317330001
7419,9362474,TELEGRAPH,7 MILE,2015-09-02,2,9,2015,17,4,5,2,,1,0,,1,1,1,45,3,2,2,5,0,0,0,0,true,,false,false,false,false,false,,,,,,false,false,false,,,false,false,false,false,false,-83.27799,42.42905,"{
  ""coordinates"": [
    -8.327798886200000e+01,
    4.242905601400000e+01
  ],
  ""type"": ""Point""
}","{
  ""coordinates"": [
    -83.277988862,
    42.429056014
  ],
  ""type"": ""Point""
}",-83.277988862,42.429056014
7420,9364139,SEVEN MILE,HARLOW,2015-09-02,2,9,2015,10,4,8,9,,2,0,,1,1,1,35,6,2,2,5,0,0,0,0,true,,false,false,false,false,false,,,,,,false,true,false,,,false,false,false,false,false,-83.21666,42.43009,"{
  ""coordinates"": [
    -8.321666044100000e+01,
    4.243008756500010e+01
  ],
  ""type"": ""Point""
}","{
  ""coordinates"": [
    -83.216660441,
    42.430087565
  ],
  ""type"": ""Point""
}",-83.216660441,42.4300875650001
7421,9361165,WARREN,GRAY,2015-09-02,2,9,2015,9,4,4,9,,4,0,,1,1,1,30,5,2,3,4,0,0,0,1,false,,false,false,true,false,false,,,,,,false,false,false,,,false,false,false,false,false,-82.96824,42.39207,"{
  ""coordinates"": [
    -8.296823792399989e+01,
    4.239206548200010e+01
  ],
  ""type"": ""Point""
}","{
  ""coordinates"": [
    -82.968237924,
    42.392065482
  ],
  ""type"": ""Point""
}",-82.9682379239999,42.3920654820001
7422,9399047,W I 94 SERVICE DRIVE,14TH,2015-09-02,2,9,2015,5,4,1,9,,4,1,,1,1,5,25,2,1,1,5,0,0,0,0,true,,false,false,false,false,false,,,,,,false,false,false,,,false,false,false,false,false,-83.08978,42.35352,"{
  ""coordinates"": [
    -8.308977632300000e+01,
    4.235351908400000e+01
  ],
  ""type"": ""Point""
}","{
  ""coordinates"": [
    -83.089776323,
    42.353519084
  ],
  ""type"": ""Point""
}",-83.089776323,42.353519084
7423,9358611,JAMES COUZENS,RAMP 105E,2015-09-01,1,9,2015,17,3,8,3,,4,0,,1,1,1,30,1,2,3,4,0,0,0,1,false,,false,false,true,false,false,,,,,,false,false,true,,,false,false,false,false,false,-83.16006,42.40573,"{
  ""coordinates"": [
    -8.316005346900000e+01,
    4.240572972200000e+01
  ],
  ""type"": ""Point""
}","{
  ""coordinates"": [
    -83.160053469,
    42.405729722
  ],
  ""type"": ""Point""
}",-83.160053469,42.405729722
7424,9363202,I-75,WARREN,2015-09-01,1,9,2015,17,3,5,1,,1,0,,1,1,1,55,4,2,3,4,0,0,0,1,false,,false,false,false,false,false,,,,,,false,false,false,,,false,false,false,false,false,-83.05341,42.3596,"{
  ""coordinates"": [
    -8.305340215599990e+01,
    4.235959870000000e+01
  ],
  ""type"": ""Point""
}","{
  ""coordinates"": [
    -83.053402156,
    42.3595987
  ],
  ""type"": ""Point""
}",-83.0534021559999,42.3595987
7425,9364194,ROBSON,CATHEDRAL,2015-09-01,1,9,2015,21,3,5,9,,,0,,1,1,1,25,1,2,1,5,0,0,0,0,true,,false,false,false,false,false,,,,,,false,false,false,,,false,false,false,false,false,-83.1917,42.36179,"{
  ""coordinates"": [
    -8.319170717100000e+01,
    4.236179421600010e+01
  ],
  ""type"": ""Point""
}","{
  ""coordinates"": [
    -83.191707171,
    42.361794216
  ],
  ""type"": ""Point""
}",-83.191707171,42.3617942160001
7426,9358601,GRATIOT,WARREN,2015-09-01,1,9,2015,23,3,97,3,,1,0,,1,1,4,40,3,2,1,3,0,0,1,0,false,,false,false,true,false,false,,,,,,false,false,false,,,false,false,false,true,false,-83.01781,42.37411,"{
  ""coordinates"": [
    -8.301780636200000e+01,
    4.237411646400010e+01
  ],
  ""type"": ""Point""
}","{
  ""coordinates"": [
    -83.017806362,
    42.374116464
  ],
  ""type"": ""Point""
}",-83.017806362,42.3741164640001
7427,9357724,GRATIOT,SARATOGA,2015-09-01,1,9,2015,11,3,4,3,,1,0,,1,1,1,35,7,2,13,4,0,0,0,9,false,,false,false,false,false,false,,,,,,false,false,false,,,false,false,false,false,false,-82.97929,42.43264,"{
  ""coordinates"": [
    -8.297929245400000e+01,
    4.243263992600000e+01
  ],
  ""type"": ""Point""
}","{
  ""coordinates"": [
    -82.979292454,
    42.432639926
  ],
  ""type"": ""Point""
}",-82.979292454,42.432639926
7428,9362346,I 94,FRONTENAC,2015-09-01,1,9,2015,13,3,5,1,,1,0,,1,1,1,55,3,2,3,5,0,0,0,0,true,,false,false,true,false,false,,,,,,false,false,true,,,false,false,true,false,false,-83.02608,42.38496,"{
  ""coordinates"": [
    -8.302608620599990e+01,
    4.238495867500010e+01
  ],
  ""type"": ""Point""
}","{
  ""coordinates"": [
    -83.026086206,
    42.384958675
  ],
  ""type"": ""Point""
}",-83.0260862059999,42.3849586750001
7429,9375382,GREENFIELD,PLYMOUTH,2015-09-01,1,9,2015,12,3,4,9,,2,0,,1,1,1,30,6,2,2,5,0,0,0,0,true,,true,true,true,false,false,,,,,,false,true,false,,,false,false,false,false,false,-83.19756,42.37256,"{
  ""coordinates"": [
    -8.319755199799989e+01,
    4.237255834800000e+01
  ],
  ""type"": ""Point""
}","{
  ""coordinates"": [
    -83.197551998,
    42.372558348
  ],
  ""type"": ""Point""
}",-83.1975519979999,42.372558348
7430,9362456,VAN BUREN,EVERGREEN,2015-09-01,1,9,2015,15,3,4,9,,,0,,1,1,1,25,1,2,2,4,0,0,0,1,false,,true,false,false,false,false,,,,,,false,false,false,,,false,false,false,false,false,-83.23586,42.35573,"{
  ""coordinates"": [
    -8.323585563599990e+01,
    4.235572929700000e+01
  ],
  ""type"": ""Point""
}","{
  ""coordinates"": [
    -83.235855636,
    42.355729297
  ],
  ""type"": ""Point""
}",-83.2358556359999,42.355729297
7431,9361222,LIVERNOIS,N M 10,2015-09-01,1,9,2015,20,3,5,9,,4,0,,1,1,4,30,2,2,1,4,0,0,0,1,false,,false,false,false,false,false,,,,,,false,false,false,,,false,false,false,false,false,-83.14024,42.40503,"{
  ""coordinates"": [
    -8.314023213300000e+01,
    4.240502906800000e+01
  ],
  ""type"": ""Point""
}","{
  ""coordinates"": [
    -83.140232133,
    42.405029068
  ],
  ""type"": ""Point""
}",-83.140232133,42.405029068
7432,9357726,HULL,WINCHESTER,2015-09-01,1,9,2015,13,3,4,9,,,0,,1,1,1,25,2,2,4,5,0,0,0,0,true,,false,false,false,false,false,,,,,,false,false,false,,,false,false,false,false,false,-83.08917,42.44539,"{
  ""coordinates"": [
    -8.308917593500000e+01,
    4.244538693300010e+01
  ],
  ""type"": ""Point""
}","{
  ""coordinates"": [
    -83.089175935,
    42.445386933
  ],
  ""type"": ""Point""
}",-83.089175935,42.4453869330001
7433,9357674,S I 75 SERVICE DRIVE,MCNICHOLS,2015-09-01,1,9,2015,12,3,7,1,,4,0,,1,1,1,35,3,2,2,5,0,0,0,0,true,,false,false,false,false,false,,,,,,false,false,false,,,false,false,false,false,false,-83.08853,42.41816,"{
  ""coordinates"": [
    -8.308852941899990e+01,
    4.241815425400010e+01
  ],
  ""type"": ""Point""
}","{
  ""coordinates"": [
    -83.088529419,
    42.418154254
  ],
  ""type"": ""Point""
}",-83.0885294189999,42.4181542540001
7434,9363241,I 75,CLARK,2015-09-01,1,9,2015,17,3,5,1,,1,0,,1,1,1,55,4,2,3,3,0,0,1,1,false,,false,false,false,false,false,,,,,,false,false,false,,,false,false,false,false,false,-83.0916,42.31321,"{
  ""coordinates"": [
    -8.309159635100001e+01,
    4.231321128000010e+01
  ],
  ""type"": ""Point""
}","{
  ""coordinates"": [
    -83.091596351,
    42.31321128
  ],
  ""type"": ""Point""
}",-83.091596351,42.3132112800001
7435,9369608,BRUSH,FREDERICK,2015-09-01,1,9,2015,7,3,8,9,,4,0,,1,1,1,25,4,2,4,5,0,0,0,0,true,,false,false,false,false,false,,,,,,false,false,true,,,false,false,false,false,false,-83.06217,42.3622,"{
  ""coordinates"": [
    -8.306217481000000e+01,
    4.236219773900010e+01
  ],
  ""type"": ""Point""
}","{
  ""coordinates"": [
    -83.06217481,
    42.362197739
  ],
  ""type"": ""Point""
}",-83.06217481,42.3621977390001
7436,9364210,HUNTINGTON,7MILE,2015-09-01,1,9,2015,7,3,8,9,,,0,,1,1,1,25,2,2,2,5,0,0,0,0,true,,false,false,false,false,false,,,,,,false,false,false,,,false,false,false,false,false,-83.23335,42.42962,"{
  ""coordinates"": [
    -8.323334842799990e+01,
    4.242961955100000e+01
  ],
  ""type"": ""Point""
}","{
  ""coordinates"": [
    -83.233348428,
    42.429619551
  ],
  ""type"": ""Point""
}",-83.2333484279999,42.429619551
7437,9358606,E I 94,MOROSS,2015-09-01,1,9,2015,14,3,8,1,,1,0,,1,1,1,35,3,2,2,5,0,0,0,0,true,,false,false,false,false,false,,,,,,false,false,false,,,false,false,false,false,false,-82.92852,42.42466,"{
  ""coordinates"": [
    -8.292851990600001e+01,
    4.242465895900010e+01
  ],
  ""type"": ""Point""
}","{
  ""coordinates"": [
    -82.928519906,
    42.424658959
  ],
  ""type"": ""Point""
}",-82.928519906,42.4246589590001
7438,9399080,N M 10,GRAND RIVER,2015-09-01,1,9,2015,21,3,97,3,,1,0,,1,1,4,30,3,3,4,4,0,0,0,1,false,,false,false,true,false,false,,,,,,false,true,false,,,false,false,true,false,false,-83.06621,42.33939,"{
  ""coordinates"": [
    -8.306621136699989e+01,
    4.233938613800010e+01
  ],
  ""type"": ""Point""
}","{
  ""coordinates"": [
    -83.066211367,
    42.339386138
  ],
  ""type"": ""Point""
}",-83.0662113669999,42.3393861380001
7439,9358594,RANDOLPH,GRATIOT,2015-09-01,1,9,2015,7,3,4,3,,4,0,,1,1,1,30,8,2,2,5,0,0,0,0,true,,false,false,false,false,false,,,,,,false,false,false,,,false,false,false,false,false,-83.04503,42.33536,"{
  ""coordinates"": [
    -8.304502672500000e+01,
    4.233536159100000e+01
  ],
  ""type"": ""Point""
}","{
  ""coordinates"": [
    -83.045026725,
    42.335361591
  ],
  ""type"": ""Point""
}",-83.045026725,42.335361591
7440,9378344,WOODROW WILSON,WEBB,2015-09-01,1,9,2015,1,3,9,9,,4,2,,1,1,4,25,2,2,1,5,0,0,0,0,true,,false,false,false,true,false,,,,,,false,false,false,,,false,false,false,false,false,-83.1035,42.38761,"{
  ""coordinates"": [
    -8.310350386399990e+01,
    4.238761135700000e+01
  ],
  ""type"": ""Point""
}","{
  ""coordinates"": [
    -83.103503864,
    42.387611357
  ],
  ""type"": ""Point""
}",-83.1035038639999,42.387611357
7441,9399065,BURROUGHS,CASS,2015-09-01,1,9,2015,12,3,97,9,,,0,,1,1,1,25,2,2,0,5,0,0,0,0,true,,false,false,true,false,false,,,,,,false,false,false,,,false,false,false,false,false,-83.072,42.36506,"{
  ""coordinates"": [
    -8.307200092900000e+01,
    4.236506251600010e+01
  ],
  ""type"": ""Point""
}","{
  ""coordinates"": [
    -83.072000929,
    42.365062516
  ],
  ""type"": ""Point""
}",-83.072000929,42.3650625160001
7442,9358603,CONNER,WARREN,2015-09-01,1,9,2015,18,3,4,9,,4,0,,1,1,1,35,5,2,2,5,0,0,0,0,true,,false,false,true,false,false,,,,,,false,false,false,,,false,false,false,false,false,-82.97593,42.38926,"{
  ""coordinates"": [
    -8.297593247600000e+01,
    4.238925459100010e+01
  ],
  ""type"": ""Point""
}","{
  ""coordinates"": [
    -82.975932476,
    42.389254591
  ],
  ""type"": ""Point""
}",-82.975932476,42.3892545910001
7443,9366113,MOUND,OUTER,2015-09-01,1,9,2015,21,3,8,9,,2,0,,1,1,4,30,3,2,8,4,0,0,0,1,false,,false,false,false,false,false,,,,,,false,false,false,,,false,false,false,false,false,-83.04369,42.44052,"{
  ""coordinates"": [
    -8.304368761500000e+01,
    4.244051935200010e+01
  ],
  ""type"": ""Point""
}","{
  ""coordinates"": [
    -83.043687615,
    42.440519352
  ],
  ""type"": ""Point""
}",-83.043687615,42.4405193520001
7444,9364186,WARREN,YORKSHIRE,2015-09-01,1,9,2015,14,3,7,9,,4,0,,1,1,1,30,6,3,2,5,0,0,0,0,true,,false,false,true,false,false,,,,,,false,false,false,,,false,false,false,false,false,-82.93407,42.40451,"{
  ""coordinates"": [
    -8.293406796900000e+01,
    4.240451511100010e+01
  ],
  ""type"": ""Point""
}","{
  ""coordinates"": [
    -82.934067969,
    42.404515111
  ],
  ""type"": ""Point""
}",-82.934067969,42.4045151110001
7445,9361180,GUNSTON,GLENFIELD,2015-09-01,1,9,2015,16,3,8,3,,1,0,,1,1,1,25,2,2,6,5,0,0,0,0,true,,false,false,false,false,false,,,,,,false,false,true,,,false,false,false,false,false,-82.99625,42.40949,"{
  ""coordinates"": [
    -8.299624856900000e+01,
    4.240948973700010e+01
  ],
  ""type"": ""Point""
}","{
  ""coordinates"": [
    -82.996248569,
    42.409489737
  ],
  ""type"": ""Point""
}",-82.996248569,42.4094897370001
7446,9358591,JEFFERSON,BELLEVUE,2015-09-01,1,9,2015,15,3,5,9,,4,0,,1,1,1,35,3,5,7,5,0,0,0,0,true,,false,false,false,false,false,,,,,,false,false,false,,,false,false,false,false,false,-83.00636,42.34524,"{
  ""coordinates"": [
    -8.300636240400000e+01,
    4.234524147800000e+01
  ],
  ""type"": ""Point""
}","{
  ""coordinates"": [
    -83.006362404,
    42.345241478
  ],
  ""type"": ""Point""
}",-83.006362404,42.345241478
7447,9358612,WASHBURN,PILGRIM,2015-09-01,1,9,2015,18,3,4,9,,,0,,1,1,1,25,1,2,2,5,0,0,0,0,true,,false,false,false,false,false,,,,,,false,false,true,,,false,false,false,false,false,-83.16099,42.40787,"{
  ""coordinates"": [
    -8.316098666399991e+01,
    4.240787297000000e+01
  ],
  ""type"": ""Point""
}","{
  ""coordinates"": [
    -83.160986664,
    42.40787297
  ],
  ""type"": ""Point""
}",-83.1609866639999,42.40787297
7448,9362450,N M 39,GRAND RIVER,2015-09-01,1,9,2015,17,3,5,3,,1,0,,1,1,1,30,4,2,2,5,0,0,0,0,true,,false,false,false,false,false,,,,,,false,false,false,,,false,false,false,false,false,-83.21819,42.39974,"{
  ""coordinates"": [
    -8.321818319700000e+01,
    4.239974050400010e+01
  ],
  ""type"": ""Point""
}","{
  ""coordinates"": [
    -83.218183197,
    42.399740504
  ],
  ""type"": ""Point""
}",-83.218183197,42.3997405040001
7449,9363201,E I 94,BEAUBIEN,2015-09-01,1,9,2015,11,3,1,1,,1,1,,1,1,1,55,3,1,1,5,0,0,0,0,true,,false,false,false,false,false,,,,,,false,false,false,,,false,false,false,false,false,-83.06384,42.36588,"{
  ""coordinates"": [
    -8.306383780999990e+01,
    4.236588172200000e+01
  ],
  ""type"": ""Point""
}","{
  ""coordinates"": [
    -83.06383781,
    42.365881722
  ],
  ""type"": ""Point""
}",-83.0638378099999,42.365881722
7450,9358577,QUEEN,LAPPIN,2015-09-01,1,9,2015,16,3,8,9,,,0,,1,1,1,25,2,2,0,5,0,0,0,0,true,,false,false,true,false,false,,,,,,false,false,false,,,false,false,false,false,false,-82.96867,42.43724,"{
  ""coordinates"": [
    -8.296867129499999e+01,
    4.243724278000010e+01
  ],
  ""type"": ""Point""
}","{
  ""coordinates"": [
    -82.968671295,
    42.43724278
  ],
  ""type"": ""Point""
}",-82.968671295,42.4372427800001
7451,9361838,I94 WB,30TH,2015-09-01,1,9,2015,17,3,1,1,,1,0,,1,1,1,55,3,1,1,5,0,0,0,0,true,,false,false,false,false,false,,,,,,false,false,false,,,false,false,false,false,false,-83.11498,42.34339,"{
  ""coordinates"": [
    -8.311498136700000e+01,
    4.234338891200010e+01
  ],
  ""type"": ""Point""
}","{
  ""coordinates"": [
    -83.114981367,
    42.343388912
  ],
  ""type"": ""Point""
}",-83.114981367,42.3433889120001
7452,9357727,KLINGER,DAVISON,2015-09-01,1,9,2015,8,3,5,3,,,0,,1,1,1,25,1,2,1,5,0,0,0,0,true,,false,false,false,false,false,,,,,,false,false,false,,,false,false,false,false,false,-83.06334,42.41482,"{
  ""coordinates"": [
    -8.306333926100000e+01,
    4.241481656200010e+01
  ],
  ""type"": ""Point""
}","{
  ""coordinates"": [
    -83.063339261,
    42.414816562
  ],
  ""type"": ""Point""
}",-83.063339261,42.4148165620001
7453,9363240,DAVISON,JOSEPH CAMPAU,2015-09-01,1,9,2015,16,3,1,9,,0,1,,1,1,1,55,3,1,3,4,0,0,0,1,false,,false,false,false,false,false,,,,,,false,false,true,,,false,false,false,false,false,-83.06846,42.41293,"{
  ""coordinates"": [
    -8.306846089200000e+01,
    4.241292844800010e+01
  ],
  ""type"": ""Point""
}","{
  ""coordinates"": [
    -83.068460892,
    42.412928448
  ],
  ""type"": ""Point""
}",-83.068460892,42.4129284480001
7454,9362471,WARREN,MINOCK,2015-09-01,1,9,2015,11,3,5,9,,2,0,,1,1,4,0,1,2,3,4,0,0,0,1,false,,false,false,true,false,false,,,,,,false,true,false,,,false,false,false,false,false,-83.23192,42.34318,"{
  ""coordinates"": [
    -8.323191771200000e+01,
    4.234317817400010e+01
  ],
  ""type"": ""Point""
}","{
  ""coordinates"": [
    -83.231917712,
    42.343178174
  ],
  ""type"": ""Point""
}",-83.231917712,42.3431781740001
7455,9361585,7 MILE,GREENFIELD,2015-09-01,1,9,2015,12,3,5,9,,2,0,,1,1,1,35,4,2,1,4,0,0,0,1,false,,false,false,true,false,false,,,,,,false,false,false,,,false,false,false,false,false,-83.19994,42.43042,"{
  ""coordinates"": [
    -8.319994316200000e+01,
    4.243041904500010e+01
  ],
  ""type"": ""Point""
}","{
  ""coordinates"": [
    -83.199943162,
    42.430419045
  ],
  ""type"": ""Point""
}",-83.199943162,42.4304190450001
7456,9358592,EDSEL,MARLBOROUGH,2015-09-01,1,9,2015,0,3,4,9,,4,0,,1,1,4,25,2,2,1,4,0,0,0,1,false,,false,false,false,false,false,,,,,,false,false,false,,,false,false,false,false,false,-82.96279,42.40383,"{
  ""coordinates"": [
    -8.296278852499999e+01,
    4.240382644700000e+01
  ],
  ""type"": ""Point""
}","{
  ""coordinates"": [
    -82.962788525,
    42.403826447
  ],
  ""type"": ""Point""
}",-82.962788525,42.403826447
7457,9358582,SAINT AUBIN,ANTIETAM,2015-09-01,1,9,2015,19,3,4,9,,4,0,,1,1,1,30,6,3,3,4,0,0,0,1,false,,true,false,false,false,false,,,,,,false,false,true,,,false,false,false,false,false,-83.03429,42.34555,"{
  ""coordinates"": [
    -8.303429171099999e+01,
    4.234555416700000e+01
  ],
  ""type"": ""Point""
}","{
  ""coordinates"": [
    -83.034291711,
    42.345554167
  ],
  ""type"": ""Point""
}",-83.034291711,42.345554167
7458,9363976,E/B I-94,LIVERNOIS,2015-09-01,1,9,2015,7,3,8,1,,1,0,,1,1,1,55,3,2,2,4,0,0,0,1,false,,false,false,false,false,false,,,,,,false,false,false,,,false,false,true,false,false,-83.12916,42.33562,"{
  ""coordinates"": [
    -8.312915571100000e+01,
    4.233561803300010e+01
  ],
  ""type"": ""Point""
}","{
  ""coordinates"": [
    -83.129155711,
    42.335618033
  ],
  ""type"": ""Point""
}",-83.129155711,42.3356180330001
7459,9386484,DAVISON,SANTA ROSA,2015-09-01,1,9,2015,12,3,9,3,,1,0,,1,1,1,35,7,2,1,5,0,0,0,0,true,,false,false,true,false,false,,,,,,false,false,false,,,false,false,false,false,false,-83.1417,42.38641,"{
  ""coordinates"": [
    -8.314170058300000e+01,
    4.238641210400000e+01
  ],
  ""type"": ""Point""
}","{
  ""coordinates"": [
    -83.141700583,
    42.386412104
  ],
  ""type"": ""Point""
}",-83.141700583,42.386412104
7460,9363365,VAN DYKE,OUTER,2015-09-01,1,9,2015,22,3,9,3,,1,2,,1,1,4,35,2,2,2,5,0,0,0,0,true,,false,false,true,false,false,,,,,,false,false,false,,,false,false,false,false,false,-83.02448,42.44086,"{
  ""coordinates"": [
    -8.302447297499999e+01,
    4.244085607000010e+01
  ],
  ""type"": ""Point""
}","{
  ""coordinates"": [
    -83.024472975,
    42.44085607
  ],
  ""type"": ""Point""
}",-83.024472975,42.4408560700001
7461,9358598,RUSSELL,FERRY,2015-09-01,1,9,2015,11,3,97,9,,4,0,,1,1,1,25,2,2,4,5,0,0,0,0,true,,false,false,false,false,false,,,,,,false,false,false,,,false,false,false,false,false,-83.05363,42.3662,"{
  ""coordinates"": [
    -8.305362815699991e+01,
    4.236620249100010e+01
  ],
  ""type"": ""Point""
}","{
  ""coordinates"": [
    -83.053628157,
    42.366202491
  ],
  ""type"": ""Point""
}",-83.0536281569999,42.3662024910001
7462,9358593,JEFFERSON,RANDOLPH,2015-09-01,1,9,2015,17,3,8,3,,1,0,,1,1,1,40,5,2,2,5,0,0,0,0,true,,false,false,false,false,false,,,,,,false,false,false,,,false,false,false,false,false,-83.04185,42.32965,"{
  ""coordinates"": [
    -8.304185394400000e+01,
    4.232964653900010e+01
  ],
  ""type"": ""Point""
}","{
  ""coordinates"": [
    -83.041853944,
    42.329646539
  ],
  ""type"": ""Point""
}",-83.041853944,42.3296465390001
7463,9360724,I 75,MCNICHOLS,2015-09-01,1,9,2015,14,3,5,1,,1,0,,1,1,1,70,4,2,3,5,0,0,0,0,true,,false,false,false,false,false,,,,,,false,false,false,,,false,false,false,false,false,-83.08214,42.41212,"{
  ""coordinates"": [
    -8.308213905299991e+01,
    4.241212368900010e+01
  ],
  ""type"": ""Point""
}","{
  ""coordinates"": [
    -83.082139053,
    42.412123689
  ],
  ""type"": ""Point""
}",-83.0821390529999,42.4121236890001
7464,9358580,JEFFERSON,RIVARD,2015-09-01,1,9,2015,12,3,97,9,,4,0,,1,1,1,25,4,2,2,4,0,0,0,1,false,,false,false,false,false,false,,,,,,false,false,false,,,false,false,false,true,false,-83.03416,42.33329,"{
  ""coordinates"": [
    -8.303416414100001e+01,
    4.233328534900010e+01
  ],
  ""type"": ""Point""
}","{
  ""coordinates"": [
    -83.034164141,
    42.333285349
  ],
  ""type"": ""Point""
}",-83.034164141,42.3332853490001
7465,9364187,TIREMAN,FAUST,2015-09-01,1,9,2015,18,3,4,9,,4,0,,1,1,1,25,2,2,4,5,0,0,0,0,true,,false,false,false,false,false,,,,,,false,false,true,,,false,false,false,false,false,-83.22106,42.35055,"{
  ""coordinates"": [
    -8.322105939900000e+01,
    4.235054608700010e+01
  ],
  ""type"": ""Point""
}","{
  ""coordinates"": [
    -83.221059399,
    42.350546087
  ],
  ""type"": ""Point""
}",-83.221059399,42.3505460870001
7466,9409887,GRAND RIVER,GREENFIELD,2015-09-01,1,9,2015,21,3,8,3,,1,0,,1,1,5,35,7,3,1,4,0,0,0,1,false,,false,false,false,false,false,,,,,,false,false,true,,,false,false,false,false,false,-83.19803,42.39252,"{
  ""coordinates"": [
    -8.319802691400000e+01,
    4.239252181400010e+01
  ],
  ""type"": ""Point""
}","{
  ""coordinates"": [
    -83.198026914,
    42.392521814
  ],
  ""type"": ""Point""
}",-83.198026914,42.3925218140001
7467,9361122,LARNED,MCDOUGALL,2015-09-01,1,9,2015,14,3,8,9,,4,0,,1,1,1,30,3,2,3,4,0,0,0,2,false,,false,false,false,false,false,,,,,,false,true,false,,,false,false,false,false,false,-83.01691,42.34163,"{
  ""coordinates"": [
    -8.301691746599990e+01,
    4.234162399300000e+01
  ],
  ""type"": ""Point""
}","{
  ""coordinates"": [
    -83.016917466,
    42.341623993
  ],
  ""type"": ""Point""
}",-83.0169174659999,42.341623993
7468,9361203,ROSA PARKS,LOTHROP,2015-09-01,1,9,2015,16,3,97,9,,4,0,,1,1,1,25,4,2,8,4,0,0,0,2,false,,false,false,false,false,false,,,,,,false,false,true,,,false,false,false,false,false,-83.0915,42.36495,"{
  ""coordinates"": [
    -8.309149613300001e+01,
    4.236495210500000e+01
  ],
  ""type"": ""Point""
}","{
  ""coordinates"": [
    -83.091496133,
    42.364952105
  ],
  ""type"": ""Point""
}",-83.091496133,42.364952105
7469,9365936,I 94,M 10,2015-09-01,1,9,2015,17,3,5,1,,1,0,,1,1,1,55,3,2,2,5,0,0,0,0,true,,false,false,false,false,false,,,,,,false,false,false,,,false,false,false,false,false,-83.07246,42.36174,"{
  ""coordinates"": [
    -8.307245320899990e+01,
    4.236174539800000e+01
  ],
  ""type"": ""Point""
}","{
  ""coordinates"": [
    -83.072453209,
    42.361745398
  ],
  ""type"": ""Point""
}",-83.0724532089999,42.361745398
7470,9383569,BERKELEY,CAMBRIDGE,2015-09-01,1,9,2015,23,3,1,9,,,1,,1,1,4,15,1,1,0,5,0,0,0,0,true,,false,false,false,false,false,,,,,,false,false,false,,,false,false,false,false,false,-83.13899,42.43397,"{
  ""coordinates"": [
    -8.313899542500000e+01,
    4.243397140400000e+01
  ],
  ""type"": ""Point""
}","{
  ""coordinates"": [
    -83.138995425,
    42.433971404
  ],
  ""type"": ""Point""
}",-83.138995425,42.433971404
7471,9418854,7 MILE,SUNDERLAND,2015-09-01,1,9,2015,18,3,8,9,,2,0,,1,1,1,35,6,2,4,5,0,0,0,0,true,,false,false,false,false,false,,,,,,false,false,false,,,false,false,false,false,false,-83.22904,42.42984,"{
  ""coordinates"": [
    -8.322904274699989e+01,
    4.242983879700010e+01
  ],
  ""type"": ""Point""
}","{
  ""coordinates"": [
    -83.229042747,
    42.429838797
  ],
  ""type"": ""Point""
}",-83.2290427469999,42.4298387970001
7472,9361209,OHIO,THATCHER,2015-09-01,1,9,2015,14,3,1,9,,,0,,1,1,1,25,1,1,1,5,0,0,0,0,true,,true,false,false,false,false,,,,,,false,false,true,,,false,false,false,false,false,-83.15625,42.42238,"{
  ""coordinates"": [
    -8.315625364999990e+01,
    4.242237826800000e+01
  ],
  ""type"": ""Point""
}","{
  ""coordinates"": [
    -83.15625365,
    42.422378268
  ],
  ""type"": ""Point""
}",-83.1562536499999,42.422378268
7473,9399329,RANDOLPH,GRATIOT,2015-09-01,1,9,2015,8,3,3,3,,4,0,,1,1,1,25,2,2,2,5,0,0,0,0,true,,false,false,false,false,false,,,,,,false,false,false,,,false,false,false,false,false,-83.04503,42.33536,"{
  ""coordinates"": [
    -8.304502672500000e+01,
    4.233536159100000e+01
  ],
  ""type"": ""Point""
}","{
  ""coordinates"": [
    -83.045026725,
    42.335361591
  ],
  ""type"": ""Point""
}",-83.045026725,42.335361591