ObjectId,Crash ID,Primary Road,Intersecting Road,Crash Date,Day,Month,Year,Hour,Weekday,Crash Type Code,Highway Classification Code,Community Code,Jurisdiction Code,Lane Departure Type Code,Surface Type,Road Condition,Weather Condition,Lighting Condition,Speed Limit,Lanes,Units,Occupants,Most Severe Injury,Fatal Injuries,Suspected Serious Injuries,Suspected Minor Injuries,Possible Injuries,Property Damage Only,Secondary Crash,Traffic Control,Red Light Run,Hit and Run,Alcohol,Drugs,Unbelted Person,Work Zone,Speeding Driver,Distracted Driver,Driveway,Pedestrian,Elderly Driver,Young Driver,Commercial Vehicle,Emergency Vehicles,Train,School Bus,Motorcycle,Bicycle,Deer,Longitude,Latitude,geom,geog,x,y
7588,9381462,FORT,WOODMERE,2015-08-30,30,8,2015,9,1,1,3,,1,0,,1,1,1,35,2,3,3,2,0,2,0,0,false,,false,false,false,false,false,,,,,,false,false,true,,,false,false,false,true,false,-83.13087,42.29573,"{
  ""coordinates"": [
    -8.313086451899990e+01,
    4.229573463400000e+01
  ],
  ""type"": ""Point""
}","{
  ""coordinates"": [
    -83.130864519,
    42.295734634
  ],
  ""type"": ""Point""
}",-83.1308645189999,42.295734634
7589,9357680,CURT,MAXWELL,2015-08-30,30,8,2015,9,1,97,9,,,0,,1,1,1,25,1,2,0,5,0,0,0,0,true,,false,false,true,false,false,,,,,,false,false,false,,,false,false,false,false,false,-83.01992,42.39087,"{
  ""coordinates"": [
    -8.301991761900000e+01,
    4.239086728100010e+01
  ],
  ""type"": ""Point""
}","{
  ""coordinates"": [
    -83.019917619,
    42.390867281
  ],
  ""type"": ""Point""
}",-83.019917619,42.3908672810001
7590,9366058,7 MILE,TELEGRAPH,2015-08-30,30,8,2015,14,1,4,2,,2,0,,2,4,1,35,5,2,2,5,0,0,0,0,true,,false,false,true,false,false,,,,,,false,false,false,,,false,false,false,false,false,-83.27701,42.42895,"{
  ""coordinates"": [
    -8.327700853899999e+01,
    4.242895059200000e+01
  ],
  ""type"": ""Point""
}","{
  ""coordinates"": [
    -83.277008539,
    42.428950592
  ],
  ""type"": ""Point""
}",-83.277008539,42.428950592
7591,9361593,SCHOOLCRAFT,STAHELIN,2015-08-30,30,8,2015,22,1,1,9,,2,0,,1,1,5,35,4,2,0,4,0,0,0,1,false,,false,false,true,true,false,,,,,,true,false,false,,,false,false,false,false,false,-83.226,42.38649,"{
  ""coordinates"": [
    -8.322599469499990e+01,
    4.238649478900000e+01
  ],
  ""type"": ""Point""
}","{
  ""coordinates"": [
    -83.225994695,
    42.386494789
  ],
  ""type"": ""Point""
}",-83.2259946949999,42.386494789
7592,9356828,8 MILE,HOOVER,2015-08-30,30,8,2015,17,1,1,3,,1,0,,1,1,1,30,6,2,2,4,0,0,0,1,false,,false,false,true,false,false,,,,,,true,false,false,,,false,false,false,false,false,-83.00764,42.4487,"{
  ""coordinates"": [
    -8.300763999100000e+01,
    4.244870200500000e+01
  ],
  ""type"": ""Point""
}","{
  ""coordinates"": [
    -83.007639991,
    42.448702005
  ],
  ""type"": ""Point""
}",-83.007639991,42.448702005
7593,9356874,CASS,PUTNAM,2015-08-29,29,8,2015,14,7,8,9,,4,0,,1,2,1,25,2,2,4,5,0,0,0,0,true,,false,false,false,false,false,,,,,,false,true,true,,,false,false,false,false,false,-83.06725,42.35704,"{
  ""coordinates"": [
    -8.306725272900000e+01,
    4.235703972200000e+01
  ],
  ""type"": ""Point""
}","{
  ""coordinates"": [
    -83.067252729,
    42.357039722
  ],
  ""type"": ""Point""
}",-83.067252729,42.357039722
7594,9356854,RUSSELL,FISHER,2015-08-29,29,8,2015,20,7,97,9,,4,0,,1,1,1,25,4,2,1,5,0,0,0,0,true,,false,false,false,false,false,,,,,,false,false,false,,,false,false,false,false,false,-83.03987,42.34548,"{
  ""coordinates"": [
    -8.303986876800001e+01,
    4.234547654200000e+01
  ],
  ""type"": ""Point""
}","{
  ""coordinates"": [
    -83.039868768,
    42.345476542
  ],
  ""type"": ""Point""
}",-83.039868768,42.345476542
7595,9357699,MICHIGAN,CENTRAL,2015-08-29,29,8,2015,22,7,5,2,,1,0,,1,1,5,30,5,4,1,5,0,0,0,0,true,,false,false,false,false,false,,,,,,false,false,false,,,false,false,false,false,false,-83.13721,42.33109,"{
  ""coordinates"": [
    -8.313721841499989e+01,
    4.233109349100000e+01
  ],
  ""type"": ""Point""
}","{
  ""coordinates"": [
    -83.137218415,
    42.331093491
  ],
  ""type"": ""Point""
}",-83.1372184149999,42.331093491
7596,9356210,WISCONSIN,MIDLAND,2015-08-29,29,8,2015,23,7,4,9,,,0,,2,3,4,25,2,2,4,5,0,0,0,0,true,,false,false,false,false,false,,,,,,false,false,false,,,false,false,false,false,false,-83.15657,42.40617,"{
  ""coordinates"": [
    -8.315657334199990e+01,
    4.240616758800010e+01
  ],
  ""type"": ""Point""
}","{
  ""coordinates"": [
    -83.156573342,
    42.406167588
  ],
  ""type"": ""Point""
}",-83.1565733419999,42.4061675880001
7597,9355419,CHESTER,CANYON,2015-08-29,29,8,2015,12,7,4,9,,4,0,,1,1,1,25,2,2,3,4,0,0,0,2,false,,false,false,false,false,false,,,,,,false,true,false,,,false,false,false,false,false,-82.92561,42.42146,"{
  ""coordinates"": [
    -8.292560649599990e+01,
    4.242145713300000e+01
  ],
  ""type"": ""Point""
}","{
  ""coordinates"": [
    -82.925606496,
    42.421457133
  ],
  ""type"": ""Point""
}",-82.9256064959999,42.421457133
7598,9357687,OHIO,JOY,2015-08-29,29,8,2015,22,7,8,9,,,0,,1,1,4,0,3,2,7,4,0,0,0,5,false,,false,false,false,false,false,,,,,,false,false,false,,,false,false,false,false,false,-83.15304,42.35898,"{
  ""coordinates"": [
    -8.315303864799991e+01,
    4.235897850000000e+01
  ],
  ""type"": ""Point""
}","{
  ""coordinates"": [
    -83.153038648,
    42.3589785
  ],
  ""type"": ""Point""
}",-83.1530386479999,42.3589785
7599,9358500,N/B I 75,SPRINGWELLS,2015-08-29,29,8,2015,14,7,1,1,,1,0,,1,2,1,70,3,1,2,5,0,0,0,0,true,,false,false,false,false,false,,,,,,false,false,false,,,false,false,false,false,false,-83.11936,42.30128,"{
  ""coordinates"": [
    -8.311936314099999e+01,
    4.230128383400010e+01
  ],
  ""type"": ""Point""
}","{
  ""coordinates"": [
    -83.119363141,
    42.301283834
  ],
  ""type"": ""Point""
}",-83.119363141,42.3012838340001
7600,9363239,E I 94,HARPER,2015-08-29,29,8,2015,6,7,1,1,,1,1,,1,1,4,55,3,1,1,4,0,0,0,1,false,,false,false,false,false,false,,,,,,false,false,false,,,false,false,false,false,false,-82.94808,42.40918,"{
  ""coordinates"": [
    -8.294808181300000e+01,
    4.240918156100000e+01
  ],
  ""type"": ""Point""
}","{
  ""coordinates"": [
    -82.948081813,
    42.409181561
  ],
  ""type"": ""Point""
}",-82.948081813,42.409181561
7601,9356205,ST CYRIL,GENOA,2015-08-29,29,8,2015,23,7,5,9,,4,3,,1,1,4,25,2,2,3,4,0,0,0,2,false,,false,false,false,false,false,,,,,,false,false,false,,,false,false,false,false,false,-83.02691,42.39194,"{
  ""coordinates"": [
    -8.302690880800000e+01,
    4.239194607300000e+01
  ],
  ""type"": ""Point""
}","{
  ""coordinates"": [
    -83.026908808,
    42.391946073
  ],
  ""type"": ""Point""
}",-83.026908808,42.391946073
7602,9361147,DECATUR,WESTFIELD,2015-08-29,29,8,2015,19,7,4,9,,,0,,1,1,3,25,2,2,1,5,0,0,0,0,true,,false,false,false,false,false,,,,,,false,false,false,,,false,false,false,false,false,-83.18007,42.36433,"{
  ""coordinates"": [
    -8.318007039500000e+01,
    4.236433403200000e+01
  ],
  ""type"": ""Point""
}","{
  ""coordinates"": [
    -83.180070395,
    42.364334032
  ],
  ""type"": ""Point""
}",-83.180070395,42.364334032
7603,9356194,LANNETTE,QUEEN,2015-08-29,29,8,2015,23,7,5,9,,,0,,1,2,4,25,1,2,1,5,0,0,0,0,true,,false,false,true,false,false,,,,,,false,false,false,,,false,false,false,false,false,-82.96709,42.41749,"{
  ""coordinates"": [
    -8.296709570800000e+01,
    4.241748744900010e+01
  ],
  ""type"": ""Point""
}","{
  ""coordinates"": [
    -82.967095708,
    42.417487449
  ],
  ""type"": ""Point""
}",-82.967095708,42.4174874490001
7604,9356858,GRATIOT,SEYBURN,2015-08-29,29,8,2015,2,7,1,3,,1,1,,1,1,5,35,7,1,1,5,0,0,0,0,true,,false,false,false,false,false,,,,,,false,false,false,,,false,false,false,false,false,-83.01533,42.37785,"{
  ""coordinates"": [
    -8.301532951000000e+01,
    4.237784708700010e+01
  ],
  ""type"": ""Point""
}","{
  ""coordinates"": [
    -83.01532951,
    42.377847087
  ],
  ""type"": ""Point""
}",-83.01532951,42.3778470870001
7605,9361588,ROSEMONT,LYNDON,2015-08-29,29,8,2015,23,7,5,9,,,3,,1,1,4,25,2,2,1,5,0,0,0,0,true,,false,false,false,false,false,,,,,,false,false,false,,,false,false,false,false,false,-83.22023,42.39481,"{
  ""coordinates"": [
    -8.322022881100000e+01,
    4.239481067600010e+01
  ],
  ""type"": ""Point""
}","{
  ""coordinates"": [
    -83.220228811,
    42.394810676
  ],
  ""type"": ""Point""
}",-83.220228811,42.3948106760001
7606,9399058,WOODWARD,MACK,2015-08-29,29,8,2015,17,7,97,3,,1,0,,1,1,1,35,4,2,6,4,0,0,0,1,false,,false,false,false,false,false,,,,,,false,false,false,,,false,false,false,false,false,-83.05787,42.34738,"{
  ""coordinates"": [
    -8.305786797099999e+01,
    4.234737950400010e+01
  ],
  ""type"": ""Point""
}","{
  ""coordinates"": [
    -83.057867971,
    42.347379504
  ],
  ""type"": ""Point""
}",-83.057867971,42.3473795040001
7607,9357679,CHARLES,BUFFALO,2015-08-29,29,8,2015,21,7,5,9,,4,0,,1,1,4,25,1,3,5,4,0,0,0,1,false,,false,false,true,false,false,,,,,,false,false,false,,,false,false,false,false,false,-83.04755,42.41177,"{
  ""coordinates"": [
    -8.304754441100000e+01,
    4.241177288100000e+01
  ],
  ""type"": ""Point""
}","{
  ""coordinates"": [
    -83.047544411,
    42.411772881
  ],
  ""type"": ""Point""
}",-83.047544411,42.411772881
7608,9421192,SCHAEFER,WESTFIELD,2015-08-29,29,8,2015,5,7,5,9,,4,0,,1,1,4,30,4,4,1,4,0,0,0,1,false,,false,false,false,false,false,,,,,,false,false,false,,,false,false,false,false,false,-83.1776,42.36221,"{
  ""coordinates"": [
    -8.317760129600001e+01,
    4.236220959200010e+01
  ],
  ""type"": ""Point""
}","{
  ""coordinates"": [
    -83.177601296,
    42.362209592
  ],
  ""type"": ""Point""
}",-83.177601296,42.3622095920001
7609,9361111,MEYERS,CHICAGO,2015-08-29,29,8,2015,12,7,8,9,,4,0,,1,1,1,35,4,2,2,5,0,0,0,0,true,,false,false,false,false,false,,,,,,false,true,false,,,false,false,false,false,false,-83.16789,42.36517,"{
  ""coordinates"": [
    -8.316789522200000e+01,
    4.236516576000000e+01
  ],
  ""type"": ""Point""
}","{
  ""coordinates"": [
    -83.167895222,
    42.36516576
  ],
  ""type"": ""Point""
}",-83.167895222,42.36516576
7610,9357686,TARNOW,WAGNER,2015-08-29,29,8,2015,5,7,97,9,,,3,,1,2,4,0,3,2,1,5,0,0,0,0,true,,false,false,false,false,false,,,,,,false,false,false,,,false,false,false,false,false,-83.13943,42.33792,"{
  ""coordinates"": [
    -8.313943098000000e+01,
    4.233792678900010e+01
  ],
  ""type"": ""Point""
}","{
  ""coordinates"": [
    -83.13943098,
    42.337926789
  ],
  ""type"": ""Point""
}",-83.13943098,42.3379267890001
7611,9405677,ROSA PARKS,OAKMAN,2015-08-29,29,8,2015,3,7,4,9,,4,0,,1,1,4,35,4,2,2,5,0,0,0,0,true,,false,false,false,false,false,,,,,,false,false,false,,,false,false,false,false,false,-83.11658,42.40121,"{
  ""coordinates"": [
    -8.311658057600000e+01,
    4.240120809900000e+01
  ],
  ""type"": ""Point""
}","{
  ""coordinates"": [
    -83.116580576,
    42.401208099
  ],
  ""type"": ""Point""
}",-83.116580576,42.401208099
7612,9355313,M 10,WEBB,2015-08-29,29,8,2015,1,7,1,3,,1,1,,1,2,4,55,3,1,1,4,0,0,0,1,false,,false,false,false,false,false,,,,,,false,false,false,,,false,false,false,false,false,-83.10242,42.38804,"{
  ""coordinates"": [
    -8.310242631599991e+01,
    4.238803941900010e+01
  ],
  ""type"": ""Point""
}","{
  ""coordinates"": [
    -83.102426316,
    42.388039419
  ],
  ""type"": ""Point""
}",-83.1024263159999,42.3880394190001
7613,9361213,FENKELL,MEYERS,2015-08-29,29,8,2015,11,7,4,9,,2,0,,1,1,1,30,2,2,2,5,0,0,0,0,true,,false,false,false,false,false,,,,,,false,false,true,,,false,false,false,false,false,-83.16941,42.40223,"{
  ""coordinates"": [
    -8.316941307499999e+01,
    4.240222745300010e+01
  ],
  ""type"": ""Point""
}","{
  ""coordinates"": [
    -83.169413075,
    42.402227453
  ],
  ""type"": ""Point""
}",-83.169413075,42.4022274530001
7614,9361077,FIELDING,OUTER,2015-08-29,29,8,2015,21,7,4,9,,,0,,1,1,4,35,6,3,4,4,0,0,0,2,false,,false,false,true,false,false,,,,,,false,false,true,,,false,false,false,false,false,-83.24261,42.39801,"{
  ""coordinates"": [
    -8.324261109900000e+01,
    4.239800601900000e+01
  ],
  ""type"": ""Point""
}","{
  ""coordinates"": [
    -83.242611099,
    42.398006019
  ],
  ""type"": ""Point""
}",-83.242611099,42.398006019
7615,9356835,HARPER,HAYES,2015-08-29,29,8,2015,20,7,8,9,,4,0,,1,2,3,30,2,2,2,5,0,0,0,0,true,,false,false,false,false,false,,,,,,false,false,true,,,false,false,false,false,false,-82.96432,42.40474,"{
  ""coordinates"": [
    -8.296432415699999e+01,
    4.240473683100000e+01
  ],
  ""type"": ""Point""
}","{
  ""coordinates"": [
    -82.964324157,
    42.404736831
  ],
  ""type"": ""Point""
}",-82.964324157,42.404736831
7616,9361146,PARK,MONTCALM,2015-08-29,29,8,2015,1,7,97,9,,4,0,,1,1,4,25,2,2,1,5,0,0,0,0,true,,false,false,false,false,false,,,,,,false,false,false,,,false,false,false,false,false,-83.05357,42.33771,"{
  ""coordinates"": [
    -8.305356512700000e+01,
    4.233770874300010e+01
  ],
  ""type"": ""Point""
}","{
  ""coordinates"": [
    -83.053565127,
    42.337708743
  ],
  ""type"": ""Point""
}",-83.053565127,42.3377087430001
7617,9361191,GRATIOT,7 MILE,2015-08-29,29,8,2015,10,7,4,3,,1,0,,1,1,1,35,2,2,2,5,0,0,0,0,true,,false,false,false,false,false,,,,,,false,true,true,,,false,false,false,false,false,-82.97765,42.43514,"{
  ""coordinates"": [
    -8.297764402099990e+01,
    4.243514092800010e+01
  ],
  ""type"": ""Point""
}","{
  ""coordinates"": [
    -82.977644021,
    42.435140928
  ],
  ""type"": ""Point""
}",-82.9776440209999,42.4351409280001
7618,9356833,ROSSINI,KELLY,2015-08-29,29,8,2015,21,7,8,9,,,0,,1,1,5,25,2,2,3,5,0,0,0,0,true,,false,false,true,false,false,,,,,,false,false,true,,,false,false,false,false,false,-82.94743,42.44393,"{
  ""coordinates"": [
    -8.294742658500000e+01,
    4.244393121300000e+01
  ],
  ""type"": ""Point""
}","{
  ""coordinates"": [
    -82.947426585,
    42.443931213
  ],
  ""type"": ""Point""
}",-82.947426585,42.443931213
7619,9355407,PLYMOUTH,WARWICK,2015-08-29,29,8,2015,18,7,3,9,,4,0,,1,1,1,30,2,2,4,4,0,0,0,1,false,,false,false,false,false,false,,,,,,false,true,false,,,false,false,false,false,false,-83.22768,42.37203,"{
  ""coordinates"": [
    -8.322768762800000e+01,
    4.237202757800000e+01
  ],
  ""type"": ""Point""
}","{
  ""coordinates"": [
    -83.227687628,
    42.372027578
  ],
  ""type"": ""Point""
}",-83.227687628,42.372027578
7620,9357689,SCOTTEN,HANCOCK,2015-08-29,29,8,2015,15,7,8,9,,4,0,,1,1,1,25,2,2,1,4,0,0,0,1,false,,false,false,true,false,false,,,,,,false,false,false,,,false,false,true,false,false,-83.10825,42.34087,"{
  ""coordinates"": [
    -8.310824757300000e+01,
    4.234086669900010e+01
  ],
  ""type"": ""Point""
}","{
  ""coordinates"": [
    -83.108247573,
    42.340866699
  ],
  ""type"": ""Point""
}",-83.108247573,42.3408666990001
7621,9399076,LIVERNOIS,WARREN,2015-08-29,29,8,2015,2,7,5,9,,4,0,,1,1,4,35,5,3,3,5,0,0,0,0,true,,false,false,false,false,false,,,,,,false,false,false,,,false,false,false,false,false,-83.13037,42.34464,"{
  ""coordinates"": [
    -8.313037283599991e+01,
    4.234463674000010e+01
  ],
  ""type"": ""Point""
}","{
  ""coordinates"": [
    -83.130372836,
    42.34463674
  ],
  ""type"": ""Point""
}",-83.1303728359999,42.3446367400001
7622,9356832,WINTHROP,ACACIA,2015-08-29,29,8,2015,19,7,5,9,,,0,,2,4,4,0,1,2,1,5,0,0,0,0,true,,false,false,true,false,false,,,,,,false,false,false,,,false,false,false,false,false,-83.1994,42.39235,"{
  ""coordinates"": [
    -8.319939815700000e+01,
    4.239234743900000e+01
  ],
  ""type"": ""Point""
}","{
  ""coordinates"": [
    -83.199398157,
    42.392347439
  ],
  ""type"": ""Point""
}",-83.199398157,42.392347439
7623,9356827,MACOMB,BRUSH,2015-08-29,29,8,2015,2,7,4,9,,4,0,,1,1,4,25,2,2,2,5,0,0,0,0,true,,false,false,false,false,false,,,,,,false,false,false,,,false,false,false,false,false,-83.04416,42.33512,"{
  ""coordinates"": [
    -8.304416266600001e+01,
    4.233511635500000e+01
  ],
  ""type"": ""Point""
}","{
  ""coordinates"": [
    -83.044162666,
    42.335116355
  ],
  ""type"": ""Point""
}",-83.044162666,42.335116355
7624,9399163,WOODWARD,KENILWORTH,2015-08-29,29,8,2015,2,7,1,3,,1,1,,1,1,4,30,2,1,1,5,0,0,0,0,true,,false,false,false,false,false,,,,,,false,false,false,,,false,false,false,false,false,-83.0828,42.38441,"{
  ""coordinates"": [
    -8.308280048300000e+01,
    4.238440594900000e+01
  ],
  ""type"": ""Point""
}","{
  ""coordinates"": [
    -83.082800483,
    42.384405949
  ],
  ""type"": ""Point""
}",-83.082800483,42.384405949
7625,9358602,BILTMORE,ST MARTINS,2015-08-29,29,8,2015,15,7,4,9,,,0,,1,1,1,25,2,2,7,3,0,0,5,0,false,,false,false,false,false,false,,,,,,false,false,true,,,false,false,false,false,false,-83.21198,42.43558,"{
  ""coordinates"": [
    -8.321197473900000e+01,
    4.243557649700010e+01
  ],
  ""type"": ""Point""
}","{
  ""coordinates"": [
    -83.211974739,
    42.435576497
  ],
  ""type"": ""Point""
}",-83.211974739,42.4355764970001
7626,9356116,E/B I 94,VANDYKE,2015-08-29,29,8,2015,4,7,1,1,,1,1,,1,1,4,55,3,1,1,5,0,0,0,0,true,,false,false,false,false,false,,,,,,false,false,true,,,false,false,false,false,false,-83.02023,42.3861,"{
  ""coordinates"": [
    -8.302023619200000e+01,
    4.238609820800010e+01
  ],
  ""type"": ""Point""
}","{
  ""coordinates"": [
    -83.020236192,
    42.386098208
  ],
  ""type"": ""Point""
}",-83.020236192,42.3860982080001
7627,9355428,EVERGREEN,EATON,2015-08-29,29,8,2015,17,7,5,9,,4,0,,1,2,1,30,2,2,1,5,0,0,0,0,true,,false,false,true,false,false,,,,,,false,true,false,,,false,false,false,false,false,-83.2372,42.39524,"{
  ""coordinates"": [
    -8.323720072299990e+01,
    4.239524326700010e+01
  ],
  ""type"": ""Point""
}","{
  ""coordinates"": [
    -83.237200723,
    42.395243267
  ],
  ""type"": ""Point""
}",-83.2372007229999,42.3952432670001
7628,9355421,EVERGREEN,PLYMOUTH,2015-08-29,29,8,2015,10,7,5,9,,4,0,,1,1,1,30,4,2,6,5,0,0,0,0,true,,false,false,false,false,false,,,,,,false,false,false,,,false,false,false,false,false,-83.23624,42.37176,"{
  ""coordinates"": [
    -8.323624489299991e+01,
    4.237175878400010e+01
  ],
  ""type"": ""Point""
}","{
  ""coordinates"": [
    -83.236244893,
    42.371758784
  ],
  ""type"": ""Point""
}",-83.2362448929999,42.3717587840001
7629,9356202,N M 10,RAMP 111D,2015-08-29,29,8,2015,2,7,8,3,,1,0,,1,2,4,55,3,2,2,5,0,0,0,0,true,,false,false,true,false,false,,,,,,false,false,true,,,false,false,false,false,false,-83.10379,42.39024,"{
  ""coordinates"": [
    -8.310379056100000e+01,
    4.239024374600010e+01
  ],
  ""type"": ""Point""
}","{
  ""coordinates"": [
    -83.103790561,
    42.390243746
  ],
  ""type"": ""Point""
}",-83.103790561,42.3902437460001
7630,9361097,MCNICHOLS,SHAFTSBURY,2015-08-29,29,8,2015,0,7,5,9,,2,0,,1,1,4,30,4,2,1,5,0,0,0,0,true,,false,false,true,false,false,,,,,,false,false,true,,,false,false,false,false,false,-83.23036,42.41533,"{
  ""coordinates"": [
    -8.323036418299991e+01,
    4.241532374500010e+01
  ],
  ""type"": ""Point""
}","{
  ""coordinates"": [
    -83.230364183,
    42.415323745
  ],
  ""type"": ""Point""
}",-83.2303641829999,42.4153237450001
7631,9361195,CADILLAC,MACK,2015-08-29,29,8,2015,2,7,1,9,,4,1,,1,2,4,25,3,1,1,3,0,0,1,0,false,,false,false,false,false,false,,,,,,false,false,false,,,false,false,false,false,false,-82.99136,42.37428,"{
  ""coordinates"": [
    -8.299136116100000e+01,
    4.237427370300000e+01
  ],
  ""type"": ""Point""
}","{
  ""coordinates"": [
    -82.991361161,
    42.374273703
  ],
  ""type"": ""Point""
}",-82.991361161,42.374273703
7632,9356124,I-96,SCHAEFER,2015-08-29,29,8,2015,19,7,1,1,,1,1,,1,2,1,70,3,1,2,3,0,0,2,0,false,,false,false,false,false,false,,,,,,false,false,true,,,false,false,false,false,false,-83.17819,42.38335,"{
  ""coordinates"": [
    -8.317818870300000e+01,
    4.238335581100010e+01
  ],
  ""type"": ""Point""
}","{
  ""coordinates"": [
    -83.178188703,
    42.383355811
  ],
  ""type"": ""Point""
}",-83.178188703,42.3833558110001
7633,9362335,RAMP 008M,E I 96,2015-08-29,29,8,2015,22,7,8,1,,1,0,,1,1,4,70,3,2,3,5,0,0,0,0,true,,false,false,true,false,false,,,,,,false,false,false,,,false,false,false,false,false,-83.21724,42.37864,"{
  ""coordinates"": [
    -8.321723965500000e+01,
    4.237863886700010e+01
  ],
  ""type"": ""Point""
}","{
  ""coordinates"": [
    -83.217239655,
    42.378638867
  ],
  ""type"": ""Point""
}",-83.217239655,42.3786388670001
7634,9367137,NOLFOLK,WARD,2015-08-29,29,8,2015,16,7,1,9,,,0,,1,2,1,25,2,2,0,4,0,0,0,2,false,,false,false,true,false,false,,,,,,true,false,false,,,false,false,false,false,false,-83.17548,42.44297,"{
  ""coordinates"": [
    -8.317547792800001e+01,
    4.244296790400010e+01
  ],
  ""type"": ""Point""
}","{
  ""coordinates"": [
    -83.175477928,
    42.442967904
  ],
  ""type"": ""Point""
}",-83.175477928,42.4429679040001
7635,9355400,7 MILE,RIOPELL,2015-08-29,29,8,2015,17,7,4,9,,4,0,,1,1,1,30,2,2,2,5,0,0,0,0,true,,false,false,false,false,false,,,,,,false,true,false,,,false,false,false,false,false,-83.08666,42.43277,"{
  ""coordinates"": [
    -8.308666192600000e+01,
    4.243277165700000e+01
  ],
  ""type"": ""Point""
}","{
  ""coordinates"": [
    -83.086661926,
    42.432771657
  ],
  ""type"": ""Point""
}",-83.086661926,42.432771657
7636,9355405,LAPPIN,SCHOENHERR,2015-08-29,29,8,2015,10,7,3,9,,,0,,1,2,1,25,4,2,3,4,0,0,0,3,false,,false,false,false,false,false,,,,,,false,false,false,,,false,false,false,false,false,-82.98521,42.43697,"{
  ""coordinates"": [
    -8.298521791600000e+01,
    4.243696831100000e+01
  ],
  ""type"": ""Point""
}","{
  ""coordinates"": [
    -82.985217916,
    42.436968311
  ],
  ""type"": ""Point""
}",-82.985217916,42.436968311
7637,9356826,OUTER,SCHOOLCRAFT,2015-08-29,29,8,2015,22,7,97,9,,2,0,,2,4,4,30,2,1,1,5,0,0,0,0,true,,false,false,true,false,false,,,,,,false,false,false,,,false,false,false,false,false,-83.25616,42.38504,"{
  ""coordinates"": [
    -8.325616479699990e+01,
    4.238503607800000e+01
  ],
  ""type"": ""Point""
}","{
  ""coordinates"": [
    -83.256164797,
    42.385036078
  ],
  ""type"": ""Point""
}",-83.2561647969999,42.385036078
7638,9356823,WESTMORELAND,VERNE,2015-08-29,29,8,2015,23,7,4,9,,,0,,1,1,4,25,1,2,2,5,0,0,0,0,true,,true,false,true,false,false,,,,,,false,true,true,,,false,false,false,false,false,-83.2355,42.41155,"{
  ""coordinates"": [
    -8.323549566500000e+01,
    4.241154952200000e+01
  ],
  ""type"": ""Point""
}","{
  ""coordinates"": [
    -83.235495665,
    42.411549522
  ],
  ""type"": ""Point""
}",-83.235495665,42.411549522
7639,9356208,DICKERSON,LINVILLE,2015-08-29,29,8,2015,2,7,8,9,,4,0,,1,1,4,30,2,2,3,5,0,0,0,0,true,,false,false,false,false,false,,,,,,false,false,true,,,false,false,false,false,false,-82.97163,42.39928,"{
  ""coordinates"": [
    -8.297162756300000e+01,
    4.239927973600000e+01
  ],
  ""type"": ""Point""
}","{
  ""coordinates"": [
    -82.971627563,
    42.399279736
  ],
  ""type"": ""Point""
}",-82.971627563,42.399279736
7640,9366950,I 75,DRAGOON,2015-08-29,29,8,2015,4,7,5,1,,1,0,,1,2,4,70,4,2,1,3,0,0,1,0,false,,false,false,true,false,false,,,,,,false,false,false,,,false,false,false,false,false,-83.09917,42.31048,"{
  ""coordinates"": [
    -8.309916508600000e+01,
    4.231047682400000e+01
  ],
  ""type"": ""Point""
}","{
  ""coordinates"": [
    -83.099165086,
    42.310476824
  ],
  ""type"": ""Point""
}",-83.099165086,42.310476824
7641,9363247,I-94,1-75,2015-08-29,29,8,2015,2,7,6,1,,1,0,,1,2,4,55,3,3,3,4,0,0,0,1,false,,false,false,false,true,false,,,,,,false,false,false,,,false,false,false,false,false,-83.02806,42.38446,"{
  ""coordinates"": [
    -8.302805817599990e+01,
    4.238446223300010e+01
  ],
  ""type"": ""Point""
}","{
  ""coordinates"": [
    -83.028058176,
    42.384462233
  ],
  ""type"": ""Point""
}",-83.0280581759999,42.3844622330001
7642,9357690,MARTIN,CLAYTON,2015-08-29,29,8,2015,12,7,8,9,,4,3,,1,2,1,25,2,2,0,5,0,0,0,0,true,,false,false,true,false,false,,,,,,false,false,false,,,false,false,false,false,false,-83.12429,42.3267,"{
  ""coordinates"": [
    -8.312429400900000e+01,
    4.232670397100000e+01
  ],
  ""type"": ""Point""
}","{
  ""coordinates"": [
    -83.124294009,
    42.326703971
  ],
  ""type"": ""Point""
}",-83.124294009,42.326703971
7643,9358504,M-10,LINWOOD,2015-08-29,29,8,2015,1,7,1,3,,1,1,,1,1,4,55,4,1,2,5,0,0,0,0,true,,false,false,false,false,false,,,,,,false,false,false,,,false,false,false,false,false,-83.11111,42.39932,"{
  ""coordinates"": [
    -8.311111703599990e+01,
    4.239932056400000e+01
  ],
  ""type"": ""Point""
}","{
  ""coordinates"": [
    -83.111117036,
    42.399320564
  ],
  ""type"": ""Point""
}",-83.1111170359999,42.399320564
7644,9356855,MACK,GRATIOT,2015-08-29,29,8,2015,12,7,5,3,,4,0,,1,1,1,30,2,2,3,5,0,0,0,0,true,,false,false,false,false,false,,,,,,false,false,false,,,false,false,false,false,false,-83.02772,42.35905,"{
  ""coordinates"": [
    -8.302771870299991e+01,
    4.235904752800010e+01
  ],
  ""type"": ""Point""
}","{
  ""coordinates"": [
    -83.027718703,
    42.359047528
  ],
  ""type"": ""Point""
}",-83.0277187029999,42.3590475280001