ObjectId,Crash ID,Primary Road,Intersecting Road,Crash Date,Day,Month,Year,Hour,Weekday,Crash Type Code,Highway Classification Code,Community Code,Jurisdiction Code,Lane Departure Type Code,Surface Type,Road Condition,Weather Condition,Lighting Condition,Speed Limit,Lanes,Units,Occupants,Most Severe Injury,Fatal Injuries,Suspected Serious Injuries,Suspected Minor Injuries,Possible Injuries,Property Damage Only,Secondary Crash,Traffic Control,Red Light Run,Hit and Run,Alcohol,Drugs,Unbelted Person,Work Zone,Speeding Driver,Distracted Driver,Driveway,Pedestrian,Elderly Driver,Young Driver,Commercial Vehicle,Emergency Vehicles,Train,School Bus,Motorcycle,Bicycle,Deer,Longitude,Latitude,geom,geog,x,y
7645,9356139,RAMP 216I,MILWAUKEE,2015-08-29,29,8,2015,18,7,5,1,,1,0,,1,1,1,70,2,2,3,5,0,0,0,0,true,,false,false,false,false,false,,,,,,false,false,false,,,false,false,false,false,false,-83.05989,42.37291,"{
  ""coordinates"": [
    -8.305989052500000e+01,
    4.237291360700000e+01
  ],
  ""type"": ""Point""
}","{
  ""coordinates"": [
    -83.059890525,
    42.372913607
  ],
  ""type"": ""Point""
}",-83.059890525,42.372913607
7646,9356125,W I 96,SCHAEFER,2015-08-29,29,8,2015,19,7,5,1,,1,0,,1,1,1,55,3,2,2,5,0,0,0,0,true,,false,false,false,false,false,,,,,,false,false,true,,,false,false,false,false,false,-83.17828,42.38334,"{
  ""coordinates"": [
    -8.317828248300000e+01,
    4.238333532100010e+01
  ],
  ""type"": ""Point""
}","{
  ""coordinates"": [
    -83.178282483,
    42.383335321
  ],
  ""type"": ""Point""
}",-83.178282483,42.3833353210001
7647,9356859,GRATIOT,MCCLELLAN,2015-08-29,29,8,2015,6,7,4,3,,1,0,,1,1,2,35,9,2,2,3,0,0,1,0,false,,true,true,false,false,false,,,,,,false,false,false,,,false,false,false,false,false,-83.00707,42.39032,"{
  ""coordinates"": [
    -8.300707598799990e+01,
    4.239032484300000e+01
  ],
  ""type"": ""Point""
}","{
  ""coordinates"": [
    -83.007075988,
    42.390324843
  ],
  ""type"": ""Point""
}",-83.0070759879999,42.390324843
7648,9356209,JOS CAMPAU,GRIXDALE,2015-08-29,29,8,2015,23,7,2,9,,4,2,,1,2,5,35,2,2,0,5,0,0,0,0,true,,false,false,true,false,false,,,,,,false,false,false,,,false,false,false,false,false,-83.07277,42.42844,"{
  ""coordinates"": [
    -8.307277006800000e+01,
    4.242844504300010e+01
  ],
  ""type"": ""Point""
}","{
  ""coordinates"": [
    -83.072770068,
    42.428445043
  ],
  ""type"": ""Point""
}",-83.072770068,42.4284450430001
7649,9362336,RAMP 043B,I-75,2015-08-29,29,8,2015,23,7,5,1,,1,0,,1,2,4,55,1,3,14,5,0,0,0,0,true,,false,false,false,false,false,,,,,,false,false,true,,,false,false,false,false,false,-83.04872,42.35277,"{
  ""coordinates"": [
    -8.304872044699989e+01,
    4.235276920400000e+01
  ],
  ""type"": ""Point""
}","{
  ""coordinates"": [
    -83.048720447,
    42.352769204
  ],
  ""type"": ""Point""
}",-83.0487204469999,42.352769204
7650,9361594,VAUGHN,GROVE,2015-08-28,28,8,2015,22,6,97,9,,,0,,1,1,4,25,2,2,0,5,0,0,0,0,true,,false,false,false,false,false,,,,,,false,false,false,,,false,false,false,false,false,-83.23908,42.41333,"{
  ""coordinates"": [
    -8.323908089799990e+01,
    4.241333144100000e+01
  ],
  ""type"": ""Point""
}","{
  ""coordinates"": [
    -83.239080898,
    42.413331441
  ],
  ""type"": ""Point""
}",-83.2390808979999,42.413331441
7651,9361211,MCNICHOLS,COYLE,2015-08-28,28,8,2015,15,6,5,9,,2,0,,1,1,1,0,4,3,3,5,0,0,0,0,true,,false,false,false,false,false,,,,,,false,true,false,,,false,false,false,false,false,-83.19379,42.41624,"{
  ""coordinates"": [
    -8.319379319900000e+01,
    4.241624555200010e+01
  ],
  ""type"": ""Point""
}","{
  ""coordinates"": [
    -83.193793199,
    42.416245552
  ],
  ""type"": ""Point""
}",-83.193793199,42.4162455520001
7652,9356115,N/I75,DEARBORN,2015-08-28,28,8,2015,18,6,1,1,,1,1,,1,1,1,55,3,1,4,4,0,0,0,3,false,,false,false,false,false,false,,,,,,false,false,false,,,false,false,false,false,false,-83.13519,42.28854,"{
  ""coordinates"": [
    -8.313518831999990e+01,
    4.228853859200010e+01
  ],
  ""type"": ""Point""
}","{
  ""coordinates"": [
    -83.13518832,
    42.288538592
  ],
  ""type"": ""Point""
}",-83.1351883199999,42.2885385920001
7653,9356199,MOROSS,CAMLEY,2015-08-28,28,8,2015,2,6,8,9,,2,0,,1,1,4,35,2,2,1,5,0,0,0,0,true,,false,false,false,false,false,,,,,,false,false,true,,,false,false,false,false,false,-82.9297,42.42517,"{
  ""coordinates"": [
    -8.292969748699990e+01,
    4.242517527900000e+01
  ],
  ""type"": ""Point""
}","{
  ""coordinates"": [
    -82.929697487,
    42.425175279
  ],
  ""type"": ""Point""
}",-82.9296974869999,42.425175279
7654,9361573,PIERSON,VASSAR,2015-08-28,28,8,2015,21,6,1,9,,,0,,2,1,5,25,2,2,0,4,0,0,0,1,false,,false,false,false,false,false,,,,,,true,false,false,,,false,false,false,false,false,-83.2475,42.43296,"{
  ""coordinates"": [
    -8.324749378400000e+01,
    4.243296454100000e+01
  ],
  ""type"": ""Point""
}","{
  ""coordinates"": [
    -83.247493784,
    42.432964541
  ],
  ""type"": ""Point""
}",-83.247493784,42.432964541
7655,9355413,EIGHT MILE,GILCHRIST,2015-08-28,28,8,2015,1,6,1,3,,1,1,,1,1,4,45,4,1,1,4,0,0,0,1,false,,false,false,false,false,false,,,,,,false,false,false,,,false,false,false,false,false,-83.21375,42.44432,"{
  ""coordinates"": [
    -8.321375113300000e+01,
    4.244432034800010e+01
  ],
  ""type"": ""Point""
}","{
  ""coordinates"": [
    -83.213751133,
    42.444320348
  ],
  ""type"": ""Point""
}",-83.213751133,42.4443203480001
7656,9361219,KIRBY,RUSSELL,2015-08-28,28,8,2015,9,6,97,9,,,0,,1,1,1,25,2,2,0,5,0,0,0,0,true,,false,false,true,false,false,,,,,,false,false,false,,,false,false,false,false,false,-83.05262,42.3653,"{
  ""coordinates"": [
    -8.305261755500000e+01,
    4.236530393500000e+01
  ],
  ""type"": ""Point""
}","{
  ""coordinates"": [
    -83.052617555,
    42.365303935
  ],
  ""type"": ""Point""
}",-83.052617555,42.365303935
7657,9355412,BARLOW,BRINGARD,2015-08-28,28,8,2015,12,6,8,9,,,0,,1,1,5,25,1,2,1,5,0,0,0,0,true,,false,false,false,false,false,,,,,,false,false,true,,,false,false,false,false,false,-82.99648,42.44553,"{
  ""coordinates"": [
    -8.299648048900001e+01,
    4.244552782200000e+01
  ],
  ""type"": ""Point""
}","{
  ""coordinates"": [
    -82.996480489,
    42.445527822
  ],
  ""type"": ""Point""
}",-82.996480489,42.445527822
7658,9361188,WESTPHALIA,COLLINGHAM,2015-08-28,28,8,2015,22,6,8,9,,,0,,1,1,5,25,1,2,0,5,0,0,0,0,true,,false,false,true,false,false,,,,,,false,false,false,,,false,false,false,false,false,-82.9929,42.44757,"{
  ""coordinates"": [
    -8.299289701600000e+01,
    4.244757599000010e+01
  ],
  ""type"": ""Point""
}","{
  ""coordinates"": [
    -82.992897016,
    42.44757599
  ],
  ""type"": ""Point""
}",-82.992897016,42.4475759900001
7659,9453234,SHERWOOD,LANTZ,2015-08-28,28,8,2015,21,6,8,9,,4,0,,1,1,4,30,2,2,2,1,1,0,0,0,false,,false,false,false,false,true,,,,,,false,false,false,,,false,false,true,false,false,-83.03418,42.43781,"{
  ""coordinates"": [
    -8.303417628900000e+01,
    4.243781466900000e+01
  ],
  ""type"": ""Point""
}","{
  ""coordinates"": [
    -83.034176289,
    42.437814669
  ],
  ""type"": ""Point""
}",-83.034176289,42.437814669
7660,9397813,ALEXANDRINE,CASS,2015-08-28,28,8,2015,14,6,4,9,,4,0,,1,1,1,25,2,2,5,4,0,0,0,2,false,,false,false,false,false,false,,,,,,false,false,true,,,false,false,false,false,false,-83.06242,42.34962,"{
  ""coordinates"": [
    -8.306242240499989e+01,
    4.234961655900000e+01
  ],
  ""type"": ""Point""
}","{
  ""coordinates"": [
    -83.062422405,
    42.349616559
  ],
  ""type"": ""Point""
}",-83.0624224049999,42.349616559
7661,9355403,FENKELL,BURGESS,2015-08-28,28,8,2015,21,6,5,9,,2,0,,1,1,4,35,2,3,2,5,0,0,0,0,true,,false,false,true,false,false,,,,,,false,false,false,,,false,false,true,false,false,-83.25476,42.40033,"{
  ""coordinates"": [
    -8.325475713100001e+01,
    4.240033151400010e+01
  ],
  ""type"": ""Point""
}","{
  ""coordinates"": [
    -83.254757131,
    42.400331514
  ],
  ""type"": ""Point""
}",-83.254757131,42.4003315140001
7662,9374505,MCNICHOLS,OAKFIELD,2015-08-28,28,8,2015,18,6,7,9,,2,0,,1,1,1,30,3,2,2,4,0,0,0,1,false,,false,false,false,false,false,,,,,,false,false,true,,,false,false,false,false,false,-83.2145,42.41565,"{
  ""coordinates"": [
    -8.321449940299991e+01,
    4.241564531200000e+01
  ],
  ""type"": ""Point""
}","{
  ""coordinates"": [
    -83.214499403,
    42.415645312
  ],
  ""type"": ""Point""
}",-83.2144994029999,42.415645312
7663,9399371,WARREN,S I 75,2015-08-28,28,8,2015,21,6,97,9,,4,0,,1,1,4,35,3,3,3,5,0,0,0,0,true,,false,false,false,false,false,,,,,,false,false,true,,,false,false,false,false,false,-83.05443,42.36076,"{
  ""coordinates"": [
    -8.305442742100000e+01,
    4.236075660300000e+01
  ],
  ""type"": ""Point""
}","{
  ""coordinates"": [
    -83.054427421,
    42.360756603
  ],
  ""type"": ""Point""
}",-83.054427421,42.360756603
7664,9357721,MICHIGAN,CENTRAL,2015-08-28,28,8,2015,23,6,3,2,,1,0,,1,1,4,35,7,2,2,5,0,0,0,0,true,,false,false,false,false,false,,,,,,false,false,false,,,false,false,false,false,false,-83.13759,42.3311,"{
  ""coordinates"": [
    -8.313758805000001e+01,
    4.233110044100000e+01
  ],
  ""type"": ""Point""
}","{
  ""coordinates"": [
    -83.13758805,
    42.331100441
  ],
  ""type"": ""Point""
}",-83.13758805,42.331100441
7665,9355418,CADIEUX,WARREN,2015-08-28,28,8,2015,14,6,5,9,,4,0,,1,1,1,30,2,2,2,5,0,0,0,0,true,,false,false,false,false,false,,,,,,false,true,true,,,false,false,false,false,false,-82.92986,42.40612,"{
  ""coordinates"": [
    -8.292985486600000e+01,
    4.240612531800010e+01
  ],
  ""type"": ""Point""
}","{
  ""coordinates"": [
    -82.929854866,
    42.406125318
  ],
  ""type"": ""Point""
}",-82.929854866,42.4061253180001
7666,9355406,ANNOTT,7 MILE,2015-08-28,28,8,2015,21,6,97,9,,,0,,1,1,4,30,2,1,1,5,0,0,0,0,true,,false,false,true,false,false,,,,,,false,true,false,,,false,false,false,false,false,-83.00223,42.43449,"{
  ""coordinates"": [
    -8.300222485400000e+01,
    4.243448559400010e+01
  ],
  ""type"": ""Point""
}","{
  ""coordinates"": [
    -83.002224854,
    42.434485594
  ],
  ""type"": ""Point""
}",-83.002224854,42.4344855940001
7667,9361214,WYOMING,SANTA MARIA,2015-08-28,28,8,2015,17,6,5,9,,4,0,,1,1,1,30,1,4,4,4,0,0,0,1,false,,false,false,false,false,false,,,,,,false,true,false,,,false,false,false,false,false,-83.16042,42.41874,"{
  ""coordinates"": [
    -8.316041448599999e+01,
    4.241874007900000e+01
  ],
  ""type"": ""Point""
}","{
  ""coordinates"": [
    -83.160414486,
    42.418740079
  ],
  ""type"": ""Point""
}",-83.160414486,42.418740079
7668,9361592,7 MILE,GREENFIELD,2015-08-28,28,8,2015,23,6,3,9,,2,0,,1,1,4,35,5,2,4,5,0,0,0,0,true,,true,true,false,true,false,,,,,,false,false,true,,,false,false,false,false,false,-83.19987,42.43042,"{
  ""coordinates"": [
    -8.319986535699999e+01,
    4.243042050400000e+01
  ],
  ""type"": ""Point""
}","{
  ""coordinates"": [
    -83.199865357,
    42.430420504
  ],
  ""type"": ""Point""
}",-83.199865357,42.430420504
7669,9400267,TOLEDO,25 TH,2015-08-28,28,8,2015,17,6,1,9,,,1,,1,1,1,25,1,1,1,3,0,0,1,0,false,,false,false,false,false,false,,,,,,false,false,false,,,false,false,false,false,false,-83.08988,42.32652,"{
  ""coordinates"": [
    -8.308988439900000e+01,
    4.232652248100000e+01
  ],
  ""type"": ""Point""
}","{
  ""coordinates"": [
    -83.089884399,
    42.326522481
  ],
  ""type"": ""Point""
}",-83.089884399,42.326522481
7670,9363203,I 94 E/B,FRENCH,2015-08-28,28,8,2015,21,6,5,1,,1,0,,1,1,4,55,3,2,3,5,0,0,0,0,true,,false,false,false,false,false,,,,,,false,true,true,,,false,false,false,false,false,-83.00072,42.3921,"{
  ""coordinates"": [
    -8.300071395299990e+01,
    4.239210273100010e+01
  ],
  ""type"": ""Point""
}","{
  ""coordinates"": [
    -83.000713953,
    42.392102731
  ],
  ""type"": ""Point""
}",-83.0007139529999,42.3921027310001
7671,9355409,GRATIOT,MANNING,2015-08-28,28,8,2015,17,6,7,3,,1,0,,1,1,1,35,7,2,2,5,0,0,0,0,true,,false,false,true,false,false,,,,,,false,false,false,,,false,false,false,false,false,-82.97392,42.4408,"{
  ""coordinates"": [
    -8.297392317500000e+01,
    4.244080190000010e+01
  ],
  ""type"": ""Point""
}","{
  ""coordinates"": [
    -82.973923175,
    42.4408019
  ],
  ""type"": ""Point""
}",-82.973923175,42.4408019000001
7672,9357725,7 MILE,GABLE,2015-08-28,28,8,2015,16,6,4,9,,4,0,,1,1,1,30,2,2,2,5,0,0,0,0,true,,false,false,false,false,false,,,,,,false,false,true,,,false,false,false,false,false,-83.04271,42.43359,"{
  ""coordinates"": [
    -8.304270871800000e+01,
    4.243358737100000e+01
  ],
  ""type"": ""Point""
}","{
  ""coordinates"": [
    -83.042708718,
    42.433587371
  ],
  ""type"": ""Point""
}",-83.042708718,42.433587371
7673,9399164,JEFFERSON,N I 375,2015-08-28,28,8,2015,21,6,8,1,,1,0,,1,1,4,35,2,2,5,4,0,0,0,1,false,,false,false,true,false,false,,,,,,false,false,false,,,false,false,false,false,false,-83.039,42.33086,"{
  ""coordinates"": [
    -8.303899810699990e+01,
    4.233085851900010e+01
  ],
  ""type"": ""Point""
}","{
  ""coordinates"": [
    -83.038998107,
    42.330858519
  ],
  ""type"": ""Point""
}",-83.0389981069999,42.3308585190001
7674,9356198,5945 RADNOR,LINVILLE,2015-08-28,28,8,2015,18,6,4,9,,,0,,1,1,1,25,1,2,5,5,0,0,0,0,true,,false,false,false,false,false,,,,,,false,false,false,,,false,false,false,false,false,-82.92327,42.41738,"{
  ""coordinates"": [
    -8.292327150900000e+01,
    4.241738145600000e+01
  ],
  ""type"": ""Point""
}","{
  ""coordinates"": [
    -82.923271509,
    42.417381456
  ],
  ""type"": ""Point""
}",-82.923271509,42.417381456
7675,9364158,FENKELL,WARD,2015-08-28,28,8,2015,7,6,5,9,,2,0,,1,1,2,0,4,2,3,5,0,0,0,0,true,,false,false,false,false,false,,,,,,false,false,false,,,false,false,false,false,false,-83.17387,42.40216,"{
  ""coordinates"": [
    -8.317387105400000e+01,
    4.240215941200010e+01
  ],
  ""type"": ""Point""
}","{
  ""coordinates"": [
    -83.173871054,
    42.402159412
  ],
  ""type"": ""Point""
}",-83.173871054,42.4021594120001
7676,9399370,MICHIGAN,SHELBY,2015-08-28,28,8,2015,19,6,97,9,,4,0,,1,1,2,35,4,2,2,5,0,0,0,0,true,,false,false,false,false,false,,,,,,false,false,false,,,false,false,false,false,false,-83.04971,42.33167,"{
  ""coordinates"": [
    -8.304971437300000e+01,
    4.233167337200010e+01
  ],
  ""type"": ""Point""
}","{
  ""coordinates"": [
    -83.049714373,
    42.331673372
  ],
  ""type"": ""Point""
}",-83.049714373,42.3316733720001
7677,9399054,MANOR,ELLIS,2015-08-28,28,8,2015,19,6,4,9,,,0,,1,1,1,25,2,3,4,5,0,0,0,0,true,,false,false,false,false,false,,,,,,false,false,false,,,false,false,false,false,false,-83.16659,42.36103,"{
  ""coordinates"": [
    -8.316658772600000e+01,
    4.236102869800000e+01
  ],
  ""type"": ""Point""
}","{
  ""coordinates"": [
    -83.166587726,
    42.361028698
  ],
  ""type"": ""Point""
}",-83.166587726,42.361028698
7678,9366129,LIVERNOIS,7 MILE,2015-08-28,28,8,2015,11,6,5,9,,4,0,,1,1,1,30,3,2,2,5,0,0,0,0,true,,false,false,false,false,false,,,,,,false,false,true,,,false,false,false,false,false,-83.14137,42.43188,"{
  ""coordinates"": [
    -8.314137602800000e+01,
    4.243188267300010e+01
  ],
  ""type"": ""Point""
}","{
  ""coordinates"": [
    -83.141376028,
    42.431882673
  ],
  ""type"": ""Point""
}",-83.141376028,42.4318826730001
7679,9356195,HOOVER,7 MILE,2015-08-28,28,8,2015,8,6,3,3,,1,0,,1,1,1,35,2,2,3,5,0,0,0,0,true,,true,true,false,false,false,,,,,,false,false,false,,,false,false,false,false,false,-83.00468,42.43443,"{
  ""coordinates"": [
    -8.300468335200000e+01,
    4.243442493300010e+01
  ],
  ""type"": ""Point""
}","{
  ""coordinates"": [
    -83.004683352,
    42.434424933
  ],
  ""type"": ""Point""
}",-83.004683352,42.4344249330001
7680,9363238,S/B I-75,7 MILE,2015-08-28,28,8,2015,11,6,97,1,,1,0,,1,1,1,70,4,2,3,5,0,0,0,0,true,,false,false,false,false,false,,,,,,false,true,false,,,false,false,false,false,false,-83.09377,42.42531,"{
  ""coordinates"": [
    -8.309376328300000e+01,
    4.242530891800000e+01
  ],
  ""type"": ""Point""
}","{
  ""coordinates"": [
    -83.093763283,
    42.425308918
  ],
  ""type"": ""Point""
}",-83.093763283,42.425308918
7681,9355312,M10,GLENDALE,2015-08-28,28,8,2015,21,6,8,3,,1,0,,1,2,4,55,3,2,2,5,0,0,0,0,true,,false,false,false,false,false,,,,,,false,false,false,,,false,false,false,false,false,-83.10738,42.39513,"{
  ""coordinates"": [
    -8.310738164200001e+01,
    4.239512979800000e+01
  ],
  ""type"": ""Point""
}","{
  ""coordinates"": [
    -83.107381642,
    42.395129798
  ],
  ""type"": ""Point""
}",-83.107381642,42.395129798
7682,9362472,I 96,EVERGREEN,2015-08-28,28,8,2015,2,6,1,1,,1,1,,2,4,3,55,6,1,1,5,0,0,0,0,true,,false,false,false,false,false,,,,,,false,false,false,,,false,false,false,false,false,-83.23637,42.38007,"{
  ""coordinates"": [
    -8.323636676699989e+01,
    4.238006469000000e+01
  ],
  ""type"": ""Point""
}","{
  ""coordinates"": [
    -83.236366767,
    42.38006469
  ],
  ""type"": ""Point""
}",-83.2363667669999,42.38006469
7683,9355426,S I 75,RAMP 035K,2015-08-28,28,8,2015,10,6,9,1,,1,0,,1,1,1,20,2,2,5,5,0,0,0,0,true,,false,false,false,false,false,,,,,,false,false,false,,,false,false,false,false,false,-83.08406,42.3169,"{
  ""coordinates"": [
    -8.308406033999999e+01,
    4.231689955500010e+01
  ],
  ""type"": ""Point""
}","{
  ""coordinates"": [
    -83.08406034,
    42.316899555
  ],
  ""type"": ""Point""
}",-83.08406034,42.3168995550001
7684,9398999,PARK,ELIZABETH,2015-08-28,28,8,2015,14,6,5,9,,4,0,,1,1,1,30,8,2,3,5,0,0,0,0,true,,false,false,false,false,false,,,,,,false,false,false,,,false,false,false,false,false,-83.05297,42.33696,"{
  ""coordinates"": [
    -8.305296931600000e+01,
    4.233695500100000e+01
  ],
  ""type"": ""Point""
}","{
  ""coordinates"": [
    -83.052969316,
    42.336955001
  ],
  ""type"": ""Point""
}",-83.052969316,42.336955001
7685,9361208,MCNICHOLS,PRINCETON,2015-08-28,28,8,2015,15,6,1,9,,4,1,,1,1,1,30,2,1,2,5,0,0,0,0,true,,false,false,false,false,false,,,,,,false,false,true,,,false,false,false,false,false,-83.12888,42.41733,"{
  ""coordinates"": [
    -8.312888290700000e+01,
    4.241733263400000e+01
  ],
  ""type"": ""Point""
}","{
  ""coordinates"": [
    -83.128882907,
    42.417332634
  ],
  ""type"": ""Point""
}",-83.128882907,42.417332634
7686,9357688,SPRINGWELLS,LAFYETTE,2015-08-28,28,8,2015,12,6,4,9,,4,0,,1,1,1,30,2,2,2,5,0,0,0,0,true,,false,false,true,false,false,,,,,,false,false,false,,,false,false,false,false,false,-83.12157,42.30402,"{
  ""coordinates"": [
    -8.312157320900000e+01,
    4.230402160500010e+01
  ],
  ""type"": ""Point""
}","{
  ""coordinates"": [
    -83.121573209,
    42.304021605
  ],
  ""type"": ""Point""
}",-83.121573209,42.3040216050001
7687,9357697,LIVERNOIS,MCMILLAN,2015-08-28,28,8,2015,18,6,8,9,,4,0,,1,1,1,35,6,2,1,5,0,0,0,0,true,,false,false,false,false,false,,,,,,false,false,true,,,false,false,false,false,false,-83.10989,42.31656,"{
  ""coordinates"": [
    -8.310988605499990e+01,
    4.231655955800010e+01
  ],
  ""type"": ""Point""
}","{
  ""coordinates"": [
    -83.109886055,
    42.316559558
  ],
  ""type"": ""Point""
}",-83.1098860549999,42.3165595580001
7688,9355397,OUTER,MT ELLIOTT,2015-08-28,28,8,2015,1,6,4,9,,2,0,,1,1,4,35,8,2,4,3,0,0,2,0,false,,true,true,false,false,false,,,,,,false,false,true,,,false,false,false,false,false,-83.03918,42.44082,"{
  ""coordinates"": [
    -8.303918386100000e+01,
    4.244082282800010e+01
  ],
  ""type"": ""Point""
}","{
  ""coordinates"": [
    -83.039183861,
    42.440822828
  ],
  ""type"": ""Point""
}",-83.039183861,42.4408228280001
7689,9365096,TRINITY,PEMBROKE,2015-08-28,28,8,2015,21,6,4,9,,,0,,1,1,5,25,1,2,2,5,0,0,0,0,true,,true,false,true,false,false,,,,,,false,false,false,,,false,false,false,false,false,-83.25011,42.43654,"{
  ""coordinates"": [
    -8.325011065299999e+01,
    4.243654135300010e+01
  ],
  ""type"": ""Point""
}","{
  ""coordinates"": [
    -83.250110653,
    42.436541353
  ],
  ""type"": ""Point""
}",-83.250110653,42.4365413530001
7690,9361132,7 MILE,OUTER,2015-08-28,28,8,2015,17,6,4,9,,4,0,,1,1,1,35,2,2,5,5,0,0,0,0,true,,true,true,false,false,false,,,,,,false,true,false,,,false,false,false,false,false,-83.01449,42.43416,"{
  ""coordinates"": [
    -8.301448985699990e+01,
    4.243416121400000e+01
  ],
  ""type"": ""Point""
}","{
  ""coordinates"": [
    -83.014489857,
    42.434161214
  ],
  ""type"": ""Point""
}",-83.0144898569999,42.434161214
7691,9361212,MCNICHOLS,LESURE,2015-08-28,28,8,2015,15,6,97,9,,2,0,,1,1,1,35,4,2,8,5,0,0,0,0,true,,false,false,false,false,false,,,,,,false,true,false,,,false,false,false,false,false,-83.18213,42.41656,"{
  ""coordinates"": [
    -8.318212862400000e+01,
    4.241656342400010e+01
  ],
  ""type"": ""Point""
}","{
  ""coordinates"": [
    -83.182128624,
    42.416563424
  ],
  ""type"": ""Point""
}",-83.182128624,42.4165634240001
7692,9399369,BRUSH,BETHUNE,2015-08-28,28,8,2015,17,6,97,9,,4,0,,1,1,1,25,2,2,5,4,0,0,0,3,false,,false,false,true,false,false,,,,,,false,false,false,,,false,false,false,false,false,-83.07008,42.37408,"{
  ""coordinates"": [
    -8.307007900500000e+01,
    4.237407795100010e+01
  ],
  ""type"": ""Point""
}","{
  ""coordinates"": [
    -83.070079005,
    42.374077951
  ],
  ""type"": ""Point""
}",-83.070079005,42.3740779510001
7693,9369612,PUTNAM,WOODWARD,2015-08-28,28,8,2015,14,6,5,3,,,0,,1,1,1,25,3,2,2,5,0,0,0,0,true,,false,false,false,false,false,,,,,,false,false,true,,,false,false,false,false,false,-83.065,42.35794,"{
  ""coordinates"": [
    -8.306500184399989e+01,
    4.235793742800010e+01
  ],
  ""type"": ""Point""
}","{
  ""coordinates"": [
    -83.065001844,
    42.357937428
  ],
  ""type"": ""Point""
}",-83.0650018439999,42.3579374280001
7694,9364033,M-39,PURITAN,2015-08-28,28,8,2015,2,6,8,3,,1,0,,1,1,4,55,3,2,2,2,0,1,1,0,false,,false,false,true,true,true,,,,,,false,false,true,,,false,false,false,false,false,-83.21867,42.40792,"{
  ""coordinates"": [
    -8.321867679400000e+01,
    4.240792009400010e+01
  ],
  ""type"": ""Point""
}","{
  ""coordinates"": [
    -83.218676794,
    42.407920094
  ],
  ""type"": ""Point""
}",-83.218676794,42.4079200940001
7695,9399263,LIVERNOIS,PURITAN,2015-08-28,28,8,2015,15,6,97,9,,4,0,,1,1,1,30,7,2,0,5,0,0,0,0,true,,false,false,true,false,false,,,,,,false,false,false,,,false,false,false,false,false,-83.14067,42.40987,"{
  ""coordinates"": [
    -8.314066752600000e+01,
    4.240987190300010e+01
  ],
  ""type"": ""Point""
}","{
  ""coordinates"": [
    -83.140667526,
    42.409871903
  ],
  ""type"": ""Point""
}",-83.140667526,42.4098719030001
7696,9399303,JEFFERSON,ST JEAN,2015-08-28,28,8,2015,4,6,4,9,,4,0,,1,1,5,35,4,2,2,5,0,0,0,0,true,,false,false,false,false,false,,,,,,false,false,false,,,false,false,false,false,false,-82.97059,42.36699,"{
  ""coordinates"": [
    -8.297058594799999e+01,
    4.236698858600000e+01
  ],
  ""type"": ""Point""
}","{
  ""coordinates"": [
    -82.970585948,
    42.366988586
  ],
  ""type"": ""Point""
}",-82.970585948,42.366988586
7697,9361584,FENKELL,GRAND RIVER,2015-08-28,28,8,2015,14,6,8,3,,2,0,,1,1,1,35,3,2,4,4,0,0,0,1,false,,false,false,false,false,false,,,,,,false,false,false,,,false,false,false,false,false,-83.2192,42.4011,"{
  ""coordinates"": [
    -8.321920244400000e+01,
    4.240109957300010e+01
  ],
  ""type"": ""Point""
}","{
  ""coordinates"": [
    -83.219202444,
    42.401099573
  ],
  ""type"": ""Point""
}",-83.219202444,42.4010995730001
7698,9356203,8 MILE,VAN DYKE,2015-08-28,28,8,2015,17,6,8,3,,1,0,,1,2,1,40,4,2,1,5,0,0,0,0,true,,false,false,true,false,false,,,,,,false,true,false,,,false,false,false,false,false,-83.02771,42.44809,"{
  ""coordinates"": [
    -8.302771156300000e+01,
    4.244809057900010e+01
  ],
  ""type"": ""Point""
}","{
  ""coordinates"": [
    -83.027711563,
    42.448090579
  ],
  ""type"": ""Point""
}",-83.027711563,42.4480905790001
7699,9355404,CONANT,OUTER,2015-08-28,28,8,2015,4,6,5,9,,4,0,,1,1,1,35,2,3,1,5,0,0,0,0,true,,false,false,true,false,false,,,,,,false,true,false,,,false,false,false,false,false,-83.07877,42.44003,"{
  ""coordinates"": [
    -8.307877620799999e+01,
    4.244002723100000e+01
  ],
  ""type"": ""Point""
}","{
  ""coordinates"": [
    -83.078776208,
    42.440027231
  ],
  ""type"": ""Point""
}",-83.078776208,42.440027231
7700,9399284,S M 10 SERVICE DRIVE,GRAND,2015-08-27,27,8,2015,17,5,4,9,,4,0,,1,1,1,30,3,2,4,5,0,0,0,0,true,,false,false,false,false,false,,,,,,false,false,true,,,false,false,false,false,false,-83.08213,42.36682,"{
  ""coordinates"": [
    -8.308213368299990e+01,
    4.236681760100000e+01
  ],
  ""type"": ""Point""
}","{
  ""coordinates"": [
    -83.082133683,
    42.366817601
  ],
  ""type"": ""Point""
}",-83.0821336829999,42.366817601
7701,9399205,GRISWALD,MICHIGAN,2015-08-27,27,8,2015,6,5,4,9,,4,0,,1,1,1,30,4,2,2,5,0,0,0,0,true,,false,false,false,false,false,,,,,,false,false,true,,,false,false,false,false,false,-83.04803,42.33142,"{
  ""coordinates"": [
    -8.304802698400000e+01,
    4.233142554100000e+01
  ],
  ""type"": ""Point""
}","{
  ""coordinates"": [
    -83.048026984,
    42.331425541
  ],
  ""type"": ""Point""
}",-83.048026984,42.331425541