ObjectId,Crash ID,Primary Road,Intersecting Road,Crash Date,Day,Month,Year,Hour,Weekday,Crash Type Code,Highway Classification Code,Community Code,Jurisdiction Code,Lane Departure Type Code,Surface Type,Road Condition,Weather Condition,Lighting Condition,Speed Limit,Lanes,Units,Occupants,Most Severe Injury,Fatal Injuries,Suspected Serious Injuries,Suspected Minor Injuries,Possible Injuries,Property Damage Only,Secondary Crash,Traffic Control,Red Light Run,Hit and Run,Alcohol,Drugs,Unbelted Person,Work Zone,Speeding Driver,Distracted Driver,Driveway,Pedestrian,Elderly Driver,Young Driver,Commercial Vehicle,Emergency Vehicles,Train,School Bus,Motorcycle,Bicycle,Deer,Longitude,Latitude,geom,geog,x,y
7816,9352572,FIELD,VERNOR,2015-08-25,25,8,2015,10,3,2,9,,,2,,1,1,1,25,2,2,1,5,0,0,0,0,true,,false,false,false,false,false,,,,,,false,false,true,,,false,false,false,false,false,-83.00722,42.35816,"{
  ""coordinates"": [
    -8.300721466399990e+01,
    4.235816042100000e+01
  ],
  ""type"": ""Point""
}","{
  ""coordinates"": [
    -83.007214664,
    42.358160421
  ],
  ""type"": ""Point""
}",-83.0072146639999,42.358160421
7817,9361164,HAYES,LANNETTE,2015-08-25,25,8,2015,3,3,1,9,,4,0,,1,1,1,30,2,1,2,5,0,0,0,0,true,,false,false,false,false,false,,,,,,false,false,false,,,false,false,false,false,false,-82.96488,42.41744,"{
  ""coordinates"": [
    -8.296488273800000e+01,
    4.241743994000010e+01
  ],
  ""type"": ""Point""
}","{
  ""coordinates"": [
    -82.964882738,
    42.41743994
  ],
  ""type"": ""Point""
}",-82.964882738,42.4174399400001
7818,9362470,FAIRVIEW,WARREN,2015-08-25,25,8,2015,21,3,8,9,,,0,,1,1,4,25,1,2,1,5,0,0,0,0,true,,false,false,false,false,false,,,,,,false,false,false,,,false,false,false,false,false,-82.98721,42.38597,"{
  ""coordinates"": [
    -8.298720763300000e+01,
    4.238597431300010e+01
  ],
  ""type"": ""Point""
}","{
  ""coordinates"": [
    -82.987207633,
    42.385974313
  ],
  ""type"": ""Point""
}",-82.987207633,42.3859743130001
7819,9360819,I 94,M 10,2015-08-25,25,8,2015,15,3,8,1,,1,0,,1,1,1,55,3,2,1,5,0,0,0,0,true,,false,false,true,false,false,,,,,,false,false,false,,,false,false,false,false,false,-83.07707,42.3584,"{
  ""coordinates"": [
    -8.307707220400000e+01,
    4.235840018000000e+01
  ],
  ""type"": ""Point""
}","{
  ""coordinates"": [
    -83.077072204,
    42.35840018
  ],
  ""type"": ""Point""
}",-83.077072204,42.35840018
7820,9399249,E I 96 SERVICE DRIVE,SCHAEFER,2015-08-25,25,8,2015,16,3,97,1,,1,0,,2,2,1,30,3,2,2,4,0,0,0,1,false,,false,false,false,false,false,,,,,,false,false,false,,,false,false,false,false,false,-83.17828,42.38269,"{
  ""coordinates"": [
    -8.317827982800000e+01,
    4.238269130500000e+01
  ],
  ""type"": ""Point""
}","{
  ""coordinates"": [
    -83.178279828,
    42.382691305
  ],
  ""type"": ""Point""
}",-83.178279828,42.382691305
7821,9361526,CONNER,HARPER,2015-08-25,25,8,2015,18,3,4,9,,4,0,,1,1,1,35,4,2,2,4,0,0,0,1,false,,true,true,false,false,false,,,,,,false,false,true,,,false,false,false,false,false,-82.98967,42.39748,"{
  ""coordinates"": [
    -8.298966916800001e+01,
    4.239747586300010e+01
  ],
  ""type"": ""Point""
}","{
  ""coordinates"": [
    -82.989669168,
    42.397475863
  ],
  ""type"": ""Point""
}",-82.989669168,42.3974758630001
7822,9356204,DIX,MELLON,2015-08-25,25,8,2015,4,3,2,9,,2,0,,2,98,3,35,2,2,1,5,0,0,0,0,true,,false,false,false,false,false,,,,,,false,false,false,,,false,false,false,false,false,-83.15645,42.29052,"{
  ""coordinates"": [
    -8.315645213700000e+01,
    4.229052054500000e+01
  ],
  ""type"": ""Point""
}","{
  ""coordinates"": [
    -83.156452137,
    42.290520545
  ],
  ""type"": ""Point""
}",-83.156452137,42.290520545
7823,9352568,FLORENCE,LITTLEFIELD,2015-08-25,25,8,2015,13,3,97,9,,,0,,1,1,1,25,1,2,1,5,0,0,0,0,true,,false,false,true,false,false,,,,,,false,false,true,,,false,false,false,false,false,-83.17633,42.41185,"{
  ""coordinates"": [
    -8.317632696800000e+01,
    4.241185554400000e+01
  ],
  ""type"": ""Point""
}","{
  ""coordinates"": [
    -83.176326968,
    42.411855544
  ],
  ""type"": ""Point""
}",-83.176326968,42.411855544
7824,9354215,W I 94,CONSOLIDATED RAIL CORPORATION,2015-08-25,25,8,2015,6,3,5,1,,1,0,,1,1,4,55,3,2,2,5,0,0,0,0,true,,false,false,false,false,false,,,,,,false,false,false,,,false,false,false,false,false,-82.99208,42.39362,"{
  ""coordinates"": [
    -8.299207727000000e+01,
    4.239362473800000e+01
  ],
  ""type"": ""Point""
}","{
  ""coordinates"": [
    -82.99207727,
    42.393624738
  ],
  ""type"": ""Point""
}",-82.99207727,42.393624738
7825,9353352,W I 94,GRATIOT,2015-08-25,25,8,2015,23,3,1,1,,1,1,,1,1,4,25,1,1,3,5,0,0,0,0,true,,false,false,false,false,false,,,,,,false,false,true,,,false,false,false,false,false,-83.00623,42.39154,"{
  ""coordinates"": [
    -8.300623033200000e+01,
    4.239154410000000e+01
  ],
  ""type"": ""Point""
}","{
  ""coordinates"": [
    -83.006230332,
    42.3915441
  ],
  ""type"": ""Point""
}",-83.006230332,42.3915441
7826,9354314,N M 39,OUTER,2015-08-25,25,8,2015,14,3,5,3,,1,0,,1,2,1,30,4,2,3,5,0,0,0,0,true,,false,false,false,false,false,,,,,,false,false,false,,,false,false,false,false,false,-83.21881,42.41904,"{
  ""coordinates"": [
    -8.321881015600000e+01,
    4.241904298900000e+01
  ],
  ""type"": ""Point""
}","{
  ""coordinates"": [
    -83.218810156,
    42.419042989
  ],
  ""type"": ""Point""
}",-83.218810156,42.419042989
7827,9361589,OUTER,PREVOST,2015-08-25,25,8,2015,9,3,4,9,,2,0,,1,1,1,35,2,2,3,4,0,0,0,1,false,,false,false,false,false,false,,,,,,false,false,false,,,false,false,false,false,false,-83.20367,42.41957,"{
  ""coordinates"": [
    -8.320367393700000e+01,
    4.241957364300000e+01
  ],
  ""type"": ""Point""
}","{
  ""coordinates"": [
    -83.203673937,
    42.419573643
  ],
  ""type"": ""Point""
}",-83.203673937,42.419573643
7828,9357581,I-75,CLARK,2015-08-25,25,8,2015,12,3,5,1,,1,0,,1,1,1,55,4,2,2,4,0,0,0,2,false,,false,false,false,false,false,,,,,,false,false,false,,,false,false,false,false,false,-83.09526,42.31179,"{
  ""coordinates"": [
    -8.309525872700000e+01,
    4.231178520100010e+01
  ],
  ""type"": ""Point""
}","{
  ""coordinates"": [
    -83.095258727,
    42.311785201
  ],
  ""type"": ""Point""
}",-83.095258727,42.3117852010001
7829,9357579,I-75,WARREN,2015-08-25,25,8,2015,16,3,5,1,,1,0,,2,4,1,55,3,2,2,5,0,0,0,0,true,,false,false,false,false,false,,,,,,false,false,false,,,false,false,false,false,false,-83.05407,42.36058,"{
  ""coordinates"": [
    -8.305406667499990e+01,
    4.236058611100000e+01
  ],
  ""type"": ""Point""
}","{
  ""coordinates"": [
    -83.054066675,
    42.360586111
  ],
  ""type"": ""Point""
}",-83.0540666749999,42.360586111
7830,9353524,AUBURN,PILGRIM,2015-08-25,25,8,2015,10,3,4,9,,,0,,1,1,1,25,4,2,1,5,0,0,0,0,true,,false,false,true,false,false,,,,,,false,false,false,,,false,false,false,false,false,-83.23517,42.40614,"{
  ""coordinates"": [
    -8.323517045999991e+01,
    4.240613628200000e+01
  ],
  ""type"": ""Point""
}","{
  ""coordinates"": [
    -83.23517046,
    42.406136282
  ],
  ""type"": ""Point""
}",-83.2351704599999,42.406136282
7831,9399379,E I 96,MEYERS,2015-08-25,25,8,2015,19,3,4,1,,1,0,,1,1,2,35,4,2,6,4,0,0,0,2,false,,false,false,false,false,false,,,,,,false,false,false,,,false,false,false,false,false,-83.16859,42.38511,"{
  ""coordinates"": [
    -8.316858735499990e+01,
    4.238510519000000e+01
  ],
  ""type"": ""Point""
}","{
  ""coordinates"": [
    -83.168587355,
    42.38510519
  ],
  ""type"": ""Point""
}",-83.1685873549999,42.38510519
7832,9354341,LIVERNOIS,CURTIS,2015-08-25,25,8,2015,19,3,8,9,,4,0,,1,1,1,30,2,2,0,5,0,0,0,0,true,,false,false,true,false,false,,,,,,false,false,false,,,false,false,false,false,false,-83.14128,42.42453,"{
  ""coordinates"": [
    -8.314127803400000e+01,
    4.242452633900010e+01
  ],
  ""type"": ""Point""
}","{
  ""coordinates"": [
    -83.141278034,
    42.424526339
  ],
  ""type"": ""Point""
}",-83.141278034,42.4245263390001
7833,9353358,MOROSS,E I 94 SERVICE DRIVE,2015-08-25,25,8,2015,19,3,5,9,,2,0,,1,1,3,30,3,2,2,5,0,0,0,0,true,,false,false,false,false,false,,,,,,false,false,false,,,false,false,false,false,false,-82.92814,42.42453,"{
  ""coordinates"": [
    -8.292813677899990e+01,
    4.242452905400010e+01
  ],
  ""type"": ""Point""
}","{
  ""coordinates"": [
    -82.928136779,
    42.424529054
  ],
  ""type"": ""Point""
}",-82.9281367789999,42.4245290540001
7834,9365928,I-75,WARREN,2015-08-25,25,8,2015,16,3,5,1,,1,0,,2,4,1,55,3,2,2,4,0,0,0,1,false,,false,false,false,false,false,,,,,,false,false,false,,,false,false,false,false,false,-83.05407,42.36058,"{
  ""coordinates"": [
    -8.305406667499990e+01,
    4.236058611100000e+01
  ],
  ""type"": ""Point""
}","{
  ""coordinates"": [
    -83.054066675,
    42.360586111
  ],
  ""type"": ""Point""
}",-83.0540666749999,42.360586111
7835,9352553,PIEDMONT,CHICAGO,2015-08-25,25,8,2015,12,3,1,9,,,1,,1,2,1,25,1,1,2,5,0,0,0,0,true,,false,false,false,false,false,,,,,,false,false,true,,,false,false,false,false,false,-83.22878,42.36481,"{
  ""coordinates"": [
    -8.322877425900001e+01,
    4.236481086500000e+01
  ],
  ""type"": ""Point""
}","{
  ""coordinates"": [
    -83.228774259,
    42.364810865
  ],
  ""type"": ""Point""
}",-83.228774259,42.364810865
7836,9361591,MCNICHOLS,LAHSER,2015-08-25,25,8,2015,15,3,3,9,,2,0,,2,2,1,35,2,2,2,5,0,0,0,0,true,,false,false,false,false,false,,,,,,false,false,false,,,false,false,false,false,false,-83.25747,42.41473,"{
  ""coordinates"": [
    -8.325746961300000e+01,
    4.241473399300000e+01
  ],
  ""type"": ""Point""
}","{
  ""coordinates"": [
    -83.257469613,
    42.414733993
  ],
  ""type"": ""Point""
}",-83.257469613,42.414733993
7837,9352548,SAINT MARYS,ORANGELAWN,2015-08-25,25,8,2015,17,3,1,9,,,1,,1,2,1,25,1,1,1,4,0,0,0,1,false,,false,false,false,false,false,,,,,,false,false,false,,,false,false,false,false,false,-83.20459,42.3678,"{
  ""coordinates"": [
    -8.320458728900000e+01,
    4.236780083700010e+01
  ],
  ""type"": ""Point""
}","{
  ""coordinates"": [
    -83.204587289,
    42.367800837
  ],
  ""type"": ""Point""
}",-83.204587289,42.3678008370001
7838,9357677,LONYO,DIX,2015-08-25,25,8,2015,15,3,1,9,,4,1,,2,4,1,30,2,1,1,5,0,0,0,0,true,,false,false,false,false,false,,,,,,false,false,false,,,false,false,false,false,false,-83.13788,42.32139,"{
  ""coordinates"": [
    -8.313787525399989e+01,
    4.232138898100000e+01
  ],
  ""type"": ""Point""
}","{
  ""coordinates"": [
    -83.137875254,
    42.321388981
  ],
  ""type"": ""Point""
}",-83.1378752539999,42.321388981
7839,9352570,VAN DYKE,ARCOLA,2015-08-25,25,8,2015,15,3,5,3,,1,0,,2,4,1,35,5,2,3,4,0,0,0,1,false,,false,false,false,false,false,,,,,,false,false,false,,,false,false,false,false,false,-83.02319,42.40597,"{
  ""coordinates"": [
    -8.302318809499999e+01,
    4.240597014200010e+01
  ],
  ""type"": ""Point""
}","{
  ""coordinates"": [
    -83.023188095,
    42.405970142
  ],
  ""type"": ""Point""
}",-83.023188095,42.4059701420001
7840,9352574,STATE FAIR,GREELEY,2015-08-25,25,8,2015,18,3,4,9,,4,0,,2,1,1,30,2,2,3,5,0,0,0,0,true,,false,false,false,false,false,,,,,,false,false,true,,,false,false,false,false,false,-83.08795,42.43995,"{
  ""coordinates"": [
    -8.308794989099989e+01,
    4.243995383100000e+01
  ],
  ""type"": ""Point""
}","{
  ""coordinates"": [
    -83.087949891,
    42.439953831
  ],
  ""type"": ""Point""
}",-83.0879498909999,42.439953831
7841,9399325,CLIFFORD,HENRY,2015-08-25,25,8,2015,19,3,9,9,,4,2,,1,1,1,25,2,2,2,5,0,0,0,0,true,,false,false,false,false,false,,,,,,false,false,false,,,false,false,false,false,false,-83.05657,42.33925,"{
  ""coordinates"": [
    -8.305657210299999e+01,
    4.233925014100000e+01
  ],
  ""type"": ""Point""
}","{
  ""coordinates"": [
    -83.056572103,
    42.339250141
  ],
  ""type"": ""Point""
}",-83.056572103,42.339250141
7842,9399135,GRAND RIVER,N I 75 SERVICE DRIVE,2015-08-25,25,8,2015,15,3,5,3,,1,0,,2,4,1,0,5,2,2,5,0,0,0,0,true,,false,false,false,false,false,,,,,,false,false,false,,,false,false,false,false,false,-83.0588,42.33635,"{
  ""coordinates"": [
    -8.305879900500000e+01,
    4.233634732200010e+01
  ],
  ""type"": ""Point""
}","{
  ""coordinates"": [
    -83.058799005,
    42.336347322
  ],
  ""type"": ""Point""
}",-83.058799005,42.3363473220001
7843,9353387,VASSER,AVON,2015-08-25,25,8,2015,16,3,4,9,,,0,,2,4,1,25,2,2,2,5,0,0,0,0,true,,false,false,false,false,false,,,,,,false,true,false,,,false,false,false,false,false,-83.22669,42.43351,"{
  ""coordinates"": [
    -8.322669158900000e+01,
    4.243350626600010e+01
  ],
  ""type"": ""Point""
}","{
  ""coordinates"": [
    -83.226691589,
    42.433506266
  ],
  ""type"": ""Point""
}",-83.226691589,42.4335062660001
7844,9397819,BRUSH,BOSTON,2015-08-25,25,8,2015,14,3,4,9,,4,0,,2,2,1,25,2,2,2,5,0,0,0,0,true,,false,false,false,false,false,,,,,,false,true,false,,,false,false,false,false,false,-83.07887,42.38968,"{
  ""coordinates"": [
    -8.307886301400001e+01,
    4.238967687500010e+01
  ],
  ""type"": ""Point""
}","{
  ""coordinates"": [
    -83.078863014,
    42.389676875
  ],
  ""type"": ""Point""
}",-83.078863014,42.3896768750001
7845,9352473,S M 10,RAMP 109C,2015-08-25,25,8,2015,7,3,1,3,,1,1,,1,1,1,55,3,1,1,5,0,0,0,0,true,,false,false,false,false,false,,,,,,false,false,false,,,false,false,false,false,false,-83.10851,42.39626,"{
  ""coordinates"": [
    -8.310851376900000e+01,
    4.239626341000010e+01
  ],
  ""type"": ""Point""
}","{
  ""coordinates"": [
    -83.108513769,
    42.39626341
  ],
  ""type"": ""Point""
}",-83.108513769,42.3962634100001
7846,9357580,I94,CONNER,2015-08-25,25,8,2015,8,3,5,1,,1,0,,1,1,1,55,3,2,2,5,0,0,0,0,true,,false,false,false,false,false,,,,,,false,false,false,,,false,false,false,false,false,-82.97919,42.39997,"{
  ""coordinates"": [
    -8.297919355399991e+01,
    4.239997532600010e+01
  ],
  ""type"": ""Point""
}","{
  ""coordinates"": [
    -82.979193554,
    42.399975326
  ],
  ""type"": ""Point""
}",-82.9791935539999,42.3999753260001
7847,9353388,GRAND RIVER,SOUTHFIELD SERVICE DRIVE,2015-08-25,25,8,2015,17,3,8,3,,1,0,,1,1,1,30,3,2,2,5,0,0,0,0,true,,false,false,true,false,false,,,,,,false,false,false,,,false,false,false,false,false,-83.21855,42.40081,"{
  ""coordinates"": [
    -8.321855263200000e+01,
    4.240080716300000e+01
  ],
  ""type"": ""Point""
}","{
  ""coordinates"": [
    -83.218552632,
    42.400807163
  ],
  ""type"": ""Point""
}",-83.218552632,42.400807163
7848,9352472,S M 10,GRAND,2015-08-25,25,8,2015,20,3,1,3,,1,1,,1,1,4,55,3,1,2,5,0,0,0,0,true,,false,false,false,true,false,,,,,,false,true,false,,,false,false,false,false,false,-83.08204,42.36718,"{
  ""coordinates"": [
    -8.308203920400000e+01,
    4.236718447500000e+01
  ],
  ""type"": ""Point""
}","{
  ""coordinates"": [
    -83.082039204,
    42.367184475
  ],
  ""type"": ""Point""
}",-83.082039204,42.367184475
7849,9375261,I-94,I-96,2015-08-25,25,8,2015,16,3,5,1,,1,0,,97,98,98,70,4,2,2,5,0,0,0,0,true,,false,false,false,false,false,,,,,,false,false,false,,,false,false,false,false,false,-83.09873,42.35035,"{
  ""coordinates"": [
    -8.309872982600000e+01,
    4.235034743100000e+01
  ],
  ""type"": ""Point""
}","{
  ""coordinates"": [
    -83.098729826,
    42.350347431
  ],
  ""type"": ""Point""
}",-83.098729826,42.350347431
7850,9352481,N M 10,S M 10 SERVICE DRIVE,2015-08-25,25,8,2015,17,3,5,3,,1,0,,1,1,1,55,3,2,2,4,0,0,0,1,false,,false,false,false,false,false,,,,,,false,false,false,,,false,false,false,false,false,-83.06644,42.33987,"{
  ""coordinates"": [
    -8.306644113199999e+01,
    4.233987351600010e+01
  ],
  ""type"": ""Point""
}","{
  ""coordinates"": [
    -83.066441132,
    42.339873516
  ],
  ""type"": ""Point""
}",-83.066441132,42.3398735160001
7851,9353547,GROVE,OAKFIELD,2015-08-25,25,8,2015,18,3,1,9,,,0,,1,1,1,35,2,2,2,5,0,0,0,0,true,,false,false,true,false,false,,,,,,false,true,false,,,false,false,false,true,false,-83.21448,42.41383,"{
  ""coordinates"": [
    -8.321448045999990e+01,
    4.241382565200010e+01
  ],
  ""type"": ""Point""
}","{
  ""coordinates"": [
    -83.21448046,
    42.413825652
  ],
  ""type"": ""Point""
}",-83.2144804599999,42.4138256520001
7852,9353544,WALTHAM,PINEWOOD,2015-08-25,25,8,2015,19,3,1,9,,,1,,1,2,1,25,2,1,0,4,0,0,0,2,false,,false,false,true,false,false,,,,,,false,false,false,,,false,false,false,false,false,-82.995,42.43825,"{
  ""coordinates"": [
    -8.299499393100000e+01,
    4.243824805300010e+01
  ],
  ""type"": ""Point""
}","{
  ""coordinates"": [
    -82.994993931,
    42.438248053
  ],
  ""type"": ""Point""
}",-82.994993931,42.4382480530001
7853,9356869,ABINGTON,PLYMOUTH,2015-08-25,25,8,2015,12,3,5,9,,,3,,2,4,4,25,2,2,0,5,0,0,0,0,true,,false,false,false,false,false,,,,,,false,false,false,,,false,false,false,false,false,-83.2108,42.37243,"{
  ""coordinates"": [
    -8.321080129300000e+01,
    4.237242662600000e+01
  ],
  ""type"": ""Point""
}","{
  ""coordinates"": [
    -83.210801293,
    42.372426626
  ],
  ""type"": ""Point""
}",-83.210801293,42.372426626
7854,9361217,RALSTON,STATE FAIR,2015-08-25,25,8,2015,16,3,4,9,,,0,,2,1,1,25,2,2,3,5,0,0,0,0,true,,false,false,true,false,false,,,,,,false,false,true,,,false,false,false,false,false,-83.11713,42.4392,"{
  ""coordinates"": [
    -8.311713166000000e+01,
    4.243920170100010e+01
  ],
  ""type"": ""Point""
}","{
  ""coordinates"": [
    -83.11713166,
    42.439201701
  ],
  ""type"": ""Point""
}",-83.11713166,42.4392017010001
7855,9352569,LAFAYETTE,BEAUBIEN,2015-08-25,25,8,2015,11,3,1,9,,4,1,,1,2,1,25,4,1,1,5,0,0,0,0,true,,false,false,false,false,false,,,,,,false,false,false,,,false,false,false,false,false,-83.04143,42.3341,"{
  ""coordinates"": [
    -8.304142462800000e+01,
    4.233410324700000e+01
  ],
  ""type"": ""Point""
}","{
  ""coordinates"": [
    -83.041424628,
    42.334103247
  ],
  ""type"": ""Point""
}",-83.041424628,42.334103247
7856,9397828,WILLIS,JOHN R,2015-08-24,24,8,2015,14,2,8,9,,,0,,1,2,1,30,2,2,2,5,0,0,0,0,true,,false,false,false,false,false,,,,,,false,false,true,,,false,false,false,false,false,-83.05881,42.3525,"{
  ""coordinates"": [
    -8.305880603500000e+01,
    4.235250125000000e+01
  ],
  ""type"": ""Point""
}","{
  ""coordinates"": [
    -83.058806035,
    42.35250125
  ],
  ""type"": ""Point""
}",-83.058806035,42.35250125
7857,9355309,8 MILE,COOLIDGE,2015-08-24,24,8,2015,12,2,5,3,,1,0,,1,1,1,45,4,2,4,4,0,0,0,1,false,,false,false,false,false,false,,,,,,false,false,true,,,false,false,false,false,false,-83.18099,42.44519,"{
  ""coordinates"": [
    -8.318099082600000e+01,
    4.244518957000000e+01
  ],
  ""type"": ""Point""
}","{
  ""coordinates"": [
    -83.180990826,
    42.44518957
  ],
  ""type"": ""Point""
}",-83.180990826,42.44518957
7858,9355411,TELEGRAPH,PEMBROKE,2015-08-24,24,8,2015,17,2,8,2,,1,0,,1,1,1,40,3,2,2,5,0,0,0,0,true,,false,false,false,false,false,,,,,,false,false,false,,,false,false,false,false,false,-83.27892,42.43749,"{
  ""coordinates"": [
    -8.327892404200000e+01,
    4.243749106700010e+01
  ],
  ""type"": ""Point""
}","{
  ""coordinates"": [
    -83.278924042,
    42.437491067
  ],
  ""type"": ""Point""
}",-83.278924042,42.4374910670001
7859,9353376,RIVERVIEW,MCNICHOLS,2015-08-24,24,8,2015,21,2,5,9,,,0,,1,1,4,25,2,2,1,5,0,0,0,0,true,,false,false,true,false,false,,,,,,false,false,false,,,false,false,false,false,false,-83.27488,42.41444,"{
  ""coordinates"": [
    -8.327487651699990e+01,
    4.241444507900010e+01
  ],
  ""type"": ""Point""
}","{
  ""coordinates"": [
    -83.274876517,
    42.414445079
  ],
  ""type"": ""Point""
}",-83.2748765169999,42.4144450790001
7860,9353491,MCNICHOLS,RIVERDALE,2015-08-24,24,8,2015,22,2,8,9,,2,0,,1,1,4,35,4,2,3,3,0,0,1,0,false,,false,false,true,false,false,,,,,,false,false,false,,,false,false,false,false,false,-83.27232,42.41462,"{
  ""coordinates"": [
    -8.327232148000000e+01,
    4.241462466300000e+01
  ],
  ""type"": ""Point""
}","{
  ""coordinates"": [
    -83.27232148,
    42.414624663
  ],
  ""type"": ""Point""
}",-83.27232148,42.414624663
7861,9357709,FORT,MIAMI,2015-08-24,24,8,2015,10,2,5,3,,1,0,,1,1,1,45,3,3,3,5,0,0,0,0,true,,false,false,false,false,false,,,,,,false,false,false,,,false,false,false,false,false,-83.15676,42.27424,"{
  ""coordinates"": [
    -8.315675908900000e+01,
    4.227424298000010e+01
  ],
  ""type"": ""Point""
}","{
  ""coordinates"": [
    -83.156759089,
    42.27424298
  ],
  ""type"": ""Point""
}",-83.156759089,42.2742429800001
7862,9355299,N I 75,N I 375,2015-08-24,24,8,2015,11,2,1,1,,1,1,,1,1,1,55,2,1,1,5,0,0,0,0,true,,false,false,false,false,false,,,,,,false,false,false,,,false,false,true,false,false,-83.04335,42.34241,"{
  ""coordinates"": [
    -8.304334749500001e+01,
    4.234240765600000e+01
  ],
  ""type"": ""Point""
}","{
  ""coordinates"": [
    -83.043347495,
    42.342407656
  ],
  ""type"": ""Point""
}",-83.043347495,42.342407656
7863,9351798,GRATIOT,HARPER,2015-08-24,24,8,2015,11,2,4,3,,1,0,,1,1,1,35,7,2,5,3,0,0,1,0,false,,false,false,false,false,false,,,,,,false,false,false,,,false,false,false,false,false,-83.00502,42.39344,"{
  ""coordinates"": [
    -8.300501746700000e+01,
    4.239344044600010e+01
  ],
  ""type"": ""Point""
}","{
  ""coordinates"": [
    -83.005017467,
    42.393440446
  ],
  ""type"": ""Point""
}",-83.005017467,42.3934404460001
7864,9399019,W I 94,LINWOOD,2015-08-24,24,8,2015,17,2,5,1,,1,0,,1,1,1,65,3,2,1,5,0,0,0,0,true,,false,false,true,false,false,,,,,,false,false,false,,,false,false,false,false,false,-83.09344,42.35202,"{
  ""coordinates"": [
    -8.309343879799999e+01,
    4.235202347100010e+01
  ],
  ""type"": ""Point""
}","{
  ""coordinates"": [
    -83.093438798,
    42.352023471
  ],
  ""type"": ""Point""
}",-83.093438798,42.3520234710001
7865,9351819,HARPER,GUNSTON,2015-08-24,24,8,2015,15,2,4,9,,4,0,,1,1,1,30,3,2,2,5,0,0,0,0,true,,false,false,false,false,false,,,,,,false,false,false,,,false,false,false,false,false,-82.98753,42.39789,"{
  ""coordinates"": [
    -8.298753099500000e+01,
    4.239789147200000e+01
  ],
  ""type"": ""Point""
}","{
  ""coordinates"": [
    -82.987530995,
    42.397891472
  ],
  ""type"": ""Point""
}",-82.987530995,42.397891472
7866,9352565,MICHIGAN,CLARK,2015-08-24,24,8,2015,7,2,5,2,,1,0,,1,1,1,35,4,2,2,5,0,0,0,0,true,,false,false,true,false,false,,,,,,false,false,false,,,false,false,false,false,false,-83.10249,42.33113,"{
  ""coordinates"": [
    -8.310248560900000e+01,
    4.233113632600000e+01
  ],
  ""type"": ""Point""
}","{
  ""coordinates"": [
    -83.102485609,
    42.331136326
  ],
  ""type"": ""Point""
}",-83.102485609,42.331136326
7867,9355424,LAHSER,VERNE,2015-08-24,24,8,2015,15,2,97,9,,2,0,,1,1,1,25,4,1,1,5,0,0,0,0,true,,false,false,true,false,false,,,,,,false,false,false,,,false,false,false,false,false,-83.25729,42.41119,"{
  ""coordinates"": [
    -8.325729235300000e+01,
    4.241118740400000e+01
  ],
  ""type"": ""Point""
}","{
  ""coordinates"": [
    -83.257292353,
    42.411187404
  ],
  ""type"": ""Point""
}",-83.257292353,42.411187404
7868,9351804,MOUNT ELLIOTT,MILLER,2015-08-24,24,8,2015,11,2,97,9,,4,3,,1,1,1,35,6,2,0,5,0,0,0,0,true,,false,false,true,false,false,,,,,,false,false,false,,,false,false,false,false,false,-83.03734,42.39032,"{
  ""coordinates"": [
    -8.303733750899990e+01,
    4.239032299000010e+01
  ],
  ""type"": ""Point""
}","{
  ""coordinates"": [
    -83.037337509,
    42.39032299
  ],
  ""type"": ""Point""
}",-83.0373375089999,42.3903229900001
7869,9362328,S I 75,CANADIAN NATIONAL RAILWAY,2015-08-24,24,8,2015,15,2,8,1,,1,0,,1,1,1,70,4,2,2,5,0,0,0,0,true,,false,false,true,false,false,,,,,,false,false,false,,,false,false,false,false,false,-83.1386,42.28736,"{
  ""coordinates"": [
    -8.313859767299989e+01,
    4.228736227600010e+01
  ],
  ""type"": ""Point""
}","{
  ""coordinates"": [
    -83.138597673,
    42.287362276
  ],
  ""type"": ""Point""
}",-83.1385976729999,42.2873622760001
7870,9351799,N I 375,LARNED,2015-08-24,24,8,2015,7,2,5,1,,1,0,,1,1,1,25,2,2,3,4,0,0,0,1,false,,false,false,false,false,false,,,,,,false,false,false,,,false,false,false,false,false,-83.03613,42.33331,"{
  ""coordinates"": [
    -8.303612793900000e+01,
    4.233330549000000e+01
  ],
  ""type"": ""Point""
}","{
  ""coordinates"": [
    -83.036127939,
    42.33330549
  ],
  ""type"": ""Point""
}",-83.036127939,42.33330549
7871,9351815,8 MILE,CIRCLE,2015-08-24,24,8,2015,18,2,5,3,,1,0,,1,1,1,25,4,2,2,5,0,0,0,0,true,,false,false,false,false,false,,,,,,false,true,false,,,false,false,false,false,false,-83.21672,42.44424,"{
  ""coordinates"": [
    -8.321671789100000e+01,
    4.244424353200000e+01
  ],
  ""type"": ""Point""
}","{
  ""coordinates"": [
    -83.216717891,
    42.444243532
  ],
  ""type"": ""Point""
}",-83.216717891,42.444243532
7872,9352478,N I 75 SERVICE DRIVE,CASS,2015-08-24,24,8,2015,0,2,5,9,,4,0,,2,1,98,0,1,2,4,5,0,0,0,0,true,,false,false,true,false,false,,,,,,false,false,true,,,false,false,false,false,false,-83.05638,42.33792,"{
  ""coordinates"": [
    -8.305638158600000e+01,
    4.233792232700010e+01
  ],
  ""type"": ""Point""
}","{
  ""coordinates"": [
    -83.056381586,
    42.337922327
  ],
  ""type"": ""Point""
}",-83.056381586,42.3379223270001