ObjectId,Crash ID,Primary Road,Intersecting Road,Crash Date,Day,Month,Year,Hour,Weekday,Crash Type Code,Highway Classification Code,Community Code,Jurisdiction Code,Lane Departure Type Code,Surface Type,Road Condition,Weather Condition,Lighting Condition,Speed Limit,Lanes,Units,Occupants,Most Severe Injury,Fatal Injuries,Suspected Serious Injuries,Suspected Minor Injuries,Possible Injuries,Property Damage Only,Secondary Crash,Traffic Control,Red Light Run,Hit and Run,Alcohol,Drugs,Unbelted Person,Work Zone,Speeding Driver,Distracted Driver,Driveway,Pedestrian,Elderly Driver,Young Driver,Commercial Vehicle,Emergency Vehicles,Train,School Bus,Motorcycle,Bicycle,Deer,Longitude,Latitude,geom,geog,x,y
8216,9351122,N M 10,MILWAUKEE,2015-08-19,19,8,2015,17,4,4,3,,1,0,,1,1,1,25,2,2,2,5,0,0,0,0,true,,false,false,false,false,false,,,,,,false,true,false,,,false,false,false,false,false,-83.08087,42.36596,"{
  ""coordinates"": [
    -8.308086836200000e+01,
    4.236595536800010e+01
  ],
  ""type"": ""Point""
}","{
  ""coordinates"": [
    -83.080868362,
    42.365955368
  ],
  ""type"": ""Point""
}",-83.080868362,42.3659553680001
8217,9364234,ASBURY,TROJAN,2015-08-19,19,8,2015,11,4,2,9,,4,0,,1,1,1,25,2,2,1,5,0,0,0,0,true,,false,false,false,false,false,,,,,,false,false,true,,,false,false,false,false,false,-83.21007,42.44123,"{
  ""coordinates"": [
    -8.321006795600000e+01,
    4.244123619200010e+01
  ],
  ""type"": ""Point""
}","{
  ""coordinates"": [
    -83.210067956,
    42.441236192
  ],
  ""type"": ""Point""
}",-83.210067956,42.4412361920001
8218,9347970,GRAND,KERCHEVAL,2015-08-19,19,8,2015,15,4,97,9,,4,0,,1,1,1,30,4,2,3,5,0,0,0,0,true,,false,false,false,false,false,,,,,,false,true,false,,,false,false,false,false,false,-83.00747,42.35563,"{
  ""coordinates"": [
    -8.300747112300000e+01,
    4.235562835600010e+01
  ],
  ""type"": ""Point""
}","{
  ""coordinates"": [
    -83.007471123,
    42.355628356
  ],
  ""type"": ""Point""
}",-83.007471123,42.3556283560001
8219,9350304,MCNICHOLS,WESTPHILLIA,2015-08-19,19,8,2015,22,4,1,9,,4,1,,1,1,4,25,2,1,1,4,0,0,0,1,false,,false,false,false,false,false,,,,,,false,true,false,,,false,false,false,false,false,-82.99213,42.4242,"{
  ""coordinates"": [
    -8.299213526999991e+01,
    4.242419923400010e+01
  ],
  ""type"": ""Point""
}","{
  ""coordinates"": [
    -82.99213527,
    42.424199234
  ],
  ""type"": ""Point""
}",-82.9921352699999,42.4241992340001
8220,9358502,M-39,MCNICHOLS,2015-08-19,19,8,2015,17,4,8,3,,1,0,,97,98,98,55,3,2,2,5,0,0,0,0,true,,false,false,true,false,false,,,,,,false,false,false,,,false,false,false,false,false,-83.21895,42.42278,"{
  ""coordinates"": [
    -8.321894978800000e+01,
    4.242278308600000e+01
  ],
  ""type"": ""Point""
}","{
  ""coordinates"": [
    -83.218949788,
    42.422783086
  ],
  ""type"": ""Point""
}",-83.218949788,42.422783086
8221,9399293,I 94,GRAND RIVER,2015-08-19,19,8,2015,9,4,5,1,,1,0,,1,1,1,55,4,2,7,5,0,0,0,0,true,,false,false,true,false,false,,,,,,false,false,true,,,false,false,false,false,false,-83.10005,42.3498,"{
  ""coordinates"": [
    -8.310005078700000e+01,
    4.234980547800010e+01
  ],
  ""type"": ""Point""
}","{
  ""coordinates"": [
    -83.100050787,
    42.349805478
  ],
  ""type"": ""Point""
}",-83.100050787,42.3498054780001
8222,9362349,S I 75,FORT,2015-08-19,19,8,2015,17,4,5,1,,1,0,,2,4,1,70,4,2,3,5,0,0,0,0,true,,false,false,false,false,false,,,,,,false,false,true,,,false,false,false,false,false,-83.15319,42.27847,"{
  ""coordinates"": [
    -8.315319255799990e+01,
    4.227846343100000e+01
  ],
  ""type"": ""Point""
}","{
  ""coordinates"": [
    -83.153192558,
    42.278463431
  ],
  ""type"": ""Point""
}",-83.1531925579999,42.278463431
8223,9413726,75 FISHER,SPRINGWELLS,2015-08-19,19,8,2015,17,4,5,1,,1,0,,2,4,1,70,3,2,2,5,0,0,0,0,true,,false,false,false,false,false,,,,,,false,false,false,,,false,false,false,false,false,-83.1194,42.30127,"{
  ""coordinates"": [
    -8.311939741700000e+01,
    4.230126993800010e+01
  ],
  ""type"": ""Point""
}","{
  ""coordinates"": [
    -83.119397417,
    42.301269938
  ],
  ""type"": ""Point""
}",-83.119397417,42.3012699380001
8224,9347959,DEXTER,EUCLID,2015-08-19,19,8,2015,16,4,5,9,,4,0,,2,4,2,30,2,2,4,4,0,0,0,1,false,,false,false,false,false,false,,,,,,false,false,true,,,false,false,false,false,false,-83.1134,42.36393,"{
  ""coordinates"": [
    -8.311340237699990e+01,
    4.236392971700010e+01
  ],
  ""type"": ""Point""
}","{
  ""coordinates"": [
    -83.113402377,
    42.363929717
  ],
  ""type"": ""Point""
}",-83.1134023769999,42.3639297170001
8225,9347983,8MILE,BERG,2015-08-19,19,8,2015,17,4,5,3,,1,0,,1,1,1,40,4,2,1,5,0,0,0,0,true,,false,false,true,false,false,,,,,,false,false,false,,,false,false,false,false,false,-83.27032,42.44294,"{
  ""coordinates"": [
    -8.327031847400001e+01,
    4.244293670700010e+01
  ],
  ""type"": ""Point""
}","{
  ""coordinates"": [
    -83.270318474,
    42.442936707
  ],
  ""type"": ""Point""
}",-83.270318474,42.4429367070001
8226,9355306,I-75,CLARK,2015-08-19,19,8,2015,17,4,8,1,,1,0,,1,1,1,70,4,2,2,5,0,0,0,0,true,,false,false,false,false,false,,,,,,false,false,false,,,false,false,false,false,false,-83.08675,42.31535,"{
  ""coordinates"": [
    -8.308675216400000e+01,
    4.231534397700010e+01
  ],
  ""type"": ""Point""
}","{
  ""coordinates"": [
    -83.086752164,
    42.315343977
  ],
  ""type"": ""Point""
}",-83.086752164,42.3153439770001
8227,9348874,2962 HURLBUT,CHARLEVOIX,2015-08-19,19,8,2015,15,4,1,9,,,1,,1,1,1,30,3,1,1,4,0,0,0,1,false,,false,false,false,false,false,,,,,,false,true,false,,,false,false,false,false,false,-82.98639,42.36942,"{
  ""coordinates"": [
    -8.298639240499990e+01,
    4.236941801400010e+01
  ],
  ""type"": ""Point""
}","{
  ""coordinates"": [
    -82.986392405,
    42.369418014
  ],
  ""type"": ""Point""
}",-82.9863924049999,42.3694180140001
8228,9347980,JOY,GREENFIELD,2015-08-19,19,8,2015,13,4,97,9,,2,0,,1,1,1,0,3,2,4,5,0,0,0,0,true,,false,false,false,false,false,,,,,,false,false,false,,,false,false,false,false,false,-83.19699,42.35813,"{
  ""coordinates"": [
    -8.319698842799990e+01,
    4.235812750900000e+01
  ],
  ""type"": ""Point""
}","{
  ""coordinates"": [
    -83.196988428,
    42.358127509
  ],
  ""type"": ""Point""
}",-83.1969884279999,42.358127509
8229,9350055,E/B I 94,MT ELLIOT,2015-08-19,19,8,2015,18,4,5,1,,1,0,,2,4,1,55,3,2,2,5,0,0,0,0,true,,false,false,false,false,false,,,,,,false,false,true,,,false,false,false,false,false,-83.03416,42.37893,"{
  ""coordinates"": [
    -8.303415961199990e+01,
    4.237892517400010e+01
  ],
  ""type"": ""Point""
}","{
  ""coordinates"": [
    -83.034159612,
    42.378925174
  ],
  ""type"": ""Point""
}",-83.0341596119999,42.3789251740001
8230,9350046,I75,ROSA PARKS,2015-08-19,19,8,2015,18,4,5,1,,1,0,,1,1,1,55,2,2,3,4,0,0,0,1,false,,false,false,false,false,false,,,,,,false,false,true,,,false,false,false,false,false,-83.06868,42.33469,"{
  ""coordinates"": [
    -8.306867903800000e+01,
    4.233468872600000e+01
  ],
  ""type"": ""Point""
}","{
  ""coordinates"": [
    -83.068679038,
    42.334688726
  ],
  ""type"": ""Point""
}",-83.068679038,42.334688726
8231,9397848,WOODWARD,STATE,2015-08-19,19,8,2015,13,4,4,9,,4,0,,1,1,1,30,2,2,2,5,0,0,0,0,true,,false,false,false,false,false,,,,,,false,false,false,,,false,false,false,false,false,-83.0478,42.33289,"{
  ""coordinates"": [
    -8.304779570499990e+01,
    4.233288438400010e+01
  ],
  ""type"": ""Point""
}","{
  ""coordinates"": [
    -83.047795705,
    42.332884384
  ],
  ""type"": ""Point""
}",-83.0477957049999,42.3328843840001
8232,9350331,EDSEL FORD,VAN DYKE,2015-08-19,19,8,2015,2,4,8,1,,1,0,,1,1,4,55,6,2,2,5,0,0,0,0,true,,false,false,true,false,false,,,,,,false,false,true,,,false,false,false,false,false,-83.02285,42.3856,"{
  ""coordinates"": [
    -8.302284694199990e+01,
    4.238560302700010e+01
  ],
  ""type"": ""Point""
}","{
  ""coordinates"": [
    -83.022846942,
    42.385603027
  ],
  ""type"": ""Point""
}",-83.0228469419999,42.3856030270001
8233,9348888,RYAN,OUTER,2015-08-19,19,8,2015,5,4,97,9,,4,0,,1,1,1,30,2,2,2,4,0,0,0,1,false,,false,false,false,false,false,,,,,,false,false,false,,,false,false,false,true,false,-83.06355,42.44034,"{
  ""coordinates"": [
    -8.306354654899999e+01,
    4.244034122100000e+01
  ],
  ""type"": ""Point""
}","{
  ""coordinates"": [
    -83.063546549,
    42.440341221
  ],
  ""type"": ""Point""
}",-83.063546549,42.440341221
8234,9350311,MORANG,LAKEPOINTE,2015-08-19,19,8,2015,14,4,5,9,,4,0,,1,1,1,30,2,2,2,5,0,0,0,0,true,,false,false,false,false,false,,,,,,false,false,false,,,false,false,false,false,false,-82.94764,42.42516,"{
  ""coordinates"": [
    -8.294764175499991e+01,
    4.242516016700010e+01
  ],
  ""type"": ""Point""
}","{
  ""coordinates"": [
    -82.947641755,
    42.425160167
  ],
  ""type"": ""Point""
}",-82.9476417549999,42.4251601670001
8235,9362348,SB 75,SCHAEFER,2015-08-19,19,8,2015,17,4,5,1,,1,0,,2,4,1,70,4,2,2,5,0,0,0,0,true,,false,false,false,false,false,,,,,,false,false,false,,,false,false,false,false,false,-83.15315,42.27848,"{
  ""coordinates"": [
    -8.315315143100000e+01,
    4.227848566100000e+01
  ],
  ""type"": ""Point""
}","{
  ""coordinates"": [
    -83.153151431,
    42.278485661
  ],
  ""type"": ""Point""
}",-83.153151431,42.278485661
8236,9359909,FORD,I275,2015-08-19,19,8,2015,15,4,97,9,,,0,,2,4,1,40,2,2,3,5,0,0,0,0,true,,false,false,false,false,false,,,,,,false,false,true,,,false,false,false,false,false,-83.15722,42.42601,"{
  ""coordinates"": [
    -8.315721969499999e+01,
    4.242600774300010e+01
  ],
  ""type"": ""Point""
}","{
  ""coordinates"": [
    -83.157219695,
    42.426007743
  ],
  ""type"": ""Point""
}",-83.157219695,42.4260077430001
8237,9350045,I-75,LIVERNOIS,2015-08-19,19,8,2015,3,4,8,1,,1,0,,1,1,4,70,4,2,2,5,0,0,0,0,true,,false,false,false,false,false,,,,,,false,false,true,,,false,false,false,false,false,-83.10281,42.30859,"{
  ""coordinates"": [
    -8.310280737200000e+01,
    4.230858515600000e+01
  ],
  ""type"": ""Point""
}","{
  ""coordinates"": [
    -83.102807372,
    42.308585156
  ],
  ""type"": ""Point""
}",-83.102807372,42.308585156
8238,9350063,I-96,M39,2015-08-18,18,8,2015,14,3,1,1,,1,0,,1,1,1,55,3,1,1,5,0,0,0,0,true,,false,false,false,false,false,,,,,,false,true,false,,,false,false,false,false,false,-83.21893,42.37857,"{
  ""coordinates"": [
    -8.321893667599990e+01,
    4.237857416400000e+01
  ],
  ""type"": ""Point""
}","{
  ""coordinates"": [
    -83.218936676,
    42.378574164
  ],
  ""type"": ""Point""
}",-83.2189366759999,42.378574164
8239,9346967,M10,DAVISON,2015-08-18,18,8,2015,6,3,1,3,,1,1,,1,2,4,55,3,1,1,2,0,1,0,0,false,,false,false,false,false,false,,,,,,false,false,false,,,false,false,false,false,false,-83.10879,42.39717,"{
  ""coordinates"": [
    -8.310878728900001e+01,
    4.239717128300000e+01
  ],
  ""type"": ""Point""
}","{
  ""coordinates"": [
    -83.108787289,
    42.397171283
  ],
  ""type"": ""Point""
}",-83.108787289,42.397171283
8240,9348800,I-94,CADIUEX,2015-08-18,18,8,2015,1,3,1,1,,1,0,,1,2,4,70,3,1,4,5,0,0,0,0,true,,false,false,false,false,false,,,,,,false,false,false,,,false,false,false,false,false,-82.93684,42.41737,"{
  ""coordinates"": [
    -8.293683704700000e+01,
    4.241737346700010e+01
  ],
  ""type"": ""Point""
}","{
  ""coordinates"": [
    -82.936837047,
    42.417373467
  ],
  ""type"": ""Point""
}",-82.936837047,42.4173734670001
8241,9347084,FAIRFIELD,SANTA MARIA,2015-08-18,18,8,2015,13,3,4,9,,,0,,1,1,1,25,2,2,2,5,0,0,0,0,true,,true,false,false,false,false,,,,,,false,true,true,,,false,false,false,false,false,-83.13539,42.4192,"{
  ""coordinates"": [
    -8.313539079100001e+01,
    4.241919845500010e+01
  ],
  ""type"": ""Point""
}","{
  ""coordinates"": [
    -83.135390791,
    42.419198455
  ],
  ""type"": ""Point""
}",-83.135390791,42.4191984550001
8242,9355423,WEBB,12 TH,2015-08-18,18,8,2015,2,3,97,9,,4,0,,1,1,4,25,1,2,0,5,0,0,0,0,true,,false,false,true,false,false,,,,,,false,false,false,,,false,false,false,false,false,-83.10622,42.38616,"{
  ""coordinates"": [
    -8.310622781200000e+01,
    4.238615802400010e+01
  ],
  ""type"": ""Point""
}","{
  ""coordinates"": [
    -83.106227812,
    42.386158024
  ],
  ""type"": ""Point""
}",-83.106227812,42.3861580240001
8243,9353369,SEVEN MILE,LAHSER,2015-08-18,18,8,2015,23,3,4,9,,2,0,,1,1,4,35,4,2,3,4,0,0,0,2,false,,false,false,true,false,false,,,,,,false,false,false,,,false,false,false,false,false,-83.25846,42.42912,"{
  ""coordinates"": [
    -8.325846008000001e+01,
    4.242911681500000e+01
  ],
  ""type"": ""Point""
}","{
  ""coordinates"": [
    -83.25846008,
    42.429116815
  ],
  ""type"": ""Point""
}",-83.25846008,42.429116815
8244,9347978,GREENFIELD,MCNICHOLS,2015-08-18,18,8,2015,23,3,4,9,,2,0,,1,1,4,35,2,2,1,5,0,0,0,0,true,,false,false,true,false,false,,,,,,false,false,false,,,false,false,false,false,false,-83.19931,42.41598,"{
  ""coordinates"": [
    -8.319930792400000e+01,
    4.241598184900000e+01
  ],
  ""type"": ""Point""
}","{
  ""coordinates"": [
    -83.199307924,
    42.415981849
  ],
  ""type"": ""Point""
}",-83.199307924,42.415981849
8245,9347097,WARREN,GRAY,2015-08-18,18,8,2015,9,3,4,9,,4,0,,1,1,1,35,5,2,3,5,0,0,0,0,true,,false,false,false,false,false,,,,,,false,false,false,,,false,false,false,false,false,-82.96841,42.392,"{
  ""coordinates"": [
    -8.296841366099990e+01,
    4.239200231500010e+01
  ],
  ""type"": ""Point""
}","{
  ""coordinates"": [
    -82.968413661,
    42.392002315
  ],
  ""type"": ""Point""
}",-82.9684136609999,42.3920023150001
8246,9350338,JEFFRIES,GRAND,2015-08-18,18,8,2015,8,3,5,1,,1,0,,1,1,1,25,2,2,2,5,0,0,0,0,true,,false,false,false,false,false,,,,,,false,false,false,,,false,false,false,false,false,-83.11039,42.35566,"{
  ""coordinates"": [
    -8.311039118900000e+01,
    4.235565497200000e+01
  ],
  ""type"": ""Point""
}","{
  ""coordinates"": [
    -83.110391189,
    42.355654972
  ],
  ""type"": ""Point""
}",-83.110391189,42.355654972
8247,9347988,POE,BETHUNE,2015-08-18,18,8,2015,13,3,4,9,,,0,,1,1,1,25,2,2,3,5,0,0,0,0,true,,false,false,false,false,false,,,,,,false,false,false,,,false,false,false,false,false,-83.08801,42.36754,"{
  ""coordinates"": [
    -8.308801544600000e+01,
    4.236754394600010e+01
  ],
  ""type"": ""Point""
}","{
  ""coordinates"": [
    -83.088015446,
    42.367543946
  ],
  ""type"": ""Point""
}",-83.088015446,42.3675439460001
8248,9399151,WHETHEBY,FLOYD,2015-08-18,18,8,2015,13,3,8,9,,,0,,1,1,1,25,2,2,1,5,0,0,0,0,true,,false,false,false,false,false,,,,,,false,false,false,,,false,false,false,false,false,-83.13955,42.34563,"{
  ""coordinates"": [
    -8.313954802799999e+01,
    4.234563500000010e+01
  ],
  ""type"": ""Point""
}","{
  ""coordinates"": [
    -83.139548028,
    42.345635
  ],
  ""type"": ""Point""
}",-83.139548028,42.3456350000001
8249,9347075,WHITTIER,LINVILLE,2015-08-18,18,8,2015,8,3,5,9,,4,0,,1,1,1,25,2,2,2,5,0,0,0,0,true,,false,false,false,false,false,,,,,,false,false,false,,,false,false,false,false,false,-82.94083,42.41019,"{
  ""coordinates"": [
    -8.294083004800000e+01,
    4.241018924500000e+01
  ],
  ""type"": ""Point""
}","{
  ""coordinates"": [
    -82.940830048,
    42.410189245
  ],
  ""type"": ""Point""
}",-82.940830048,42.410189245
8250,9347091,SENATOR,SPRINGWELLS,2015-08-18,18,8,2015,15,3,8,9,,,0,,1,2,1,25,1,2,1,5,0,0,0,0,true,,false,false,false,false,false,,,,,,false,false,false,,,false,false,false,false,false,-83.12618,42.31016,"{
  ""coordinates"": [
    -8.312618295000000e+01,
    4.231015733500000e+01
  ],
  ""type"": ""Point""
}","{
  ""coordinates"": [
    -83.12618295,
    42.310157335
  ],
  ""type"": ""Point""
}",-83.12618295,42.310157335
8251,9351110,FOREST,AVERY,2015-08-18,18,8,2015,8,3,8,9,,4,0,,1,1,1,25,4,2,1,2,0,1,0,0,false,,false,false,false,false,false,,,,,,false,false,false,,,false,false,false,false,false,-83.08028,42.34905,"{
  ""coordinates"": [
    -8.308027484900001e+01,
    4.234904885800010e+01
  ],
  ""type"": ""Point""
}","{
  ""coordinates"": [
    -83.080274849,
    42.349048858
  ],
  ""type"": ""Point""
}",-83.080274849,42.3490488580001
8252,9347114,GRATIOT,EDMORE,2015-08-18,18,8,2015,19,3,5,3,,1,0,,1,1,1,30,3,2,4,5,0,0,0,0,true,,false,false,false,false,false,,,,,,false,false,false,,,false,false,false,false,false,-82.96975,42.44711,"{
  ""coordinates"": [
    -8.296974958500000e+01,
    4.244710407900000e+01
  ],
  ""type"": ""Point""
}","{
  ""coordinates"": [
    -82.969749585,
    42.447104079
  ],
  ""type"": ""Point""
}",-82.969749585,42.447104079
8253,9354319,VAN DYKE,7 MILE,2015-08-18,18,8,2015,23,3,97,3,,1,0,,1,1,4,35,6,2,2,3,0,0,1,1,false,,false,false,false,true,false,,,,,,false,false,false,,,false,false,false,false,false,-83.02423,42.43361,"{
  ""coordinates"": [
    -8.302423433199991e+01,
    4.243360390300010e+01
  ],
  ""type"": ""Point""
}","{
  ""coordinates"": [
    -83.024234332,
    42.433603903
  ],
  ""type"": ""Point""
}",-83.0242343319999,42.4336039030001
8254,9352554,RENO,LAPPIN,2015-08-18,18,8,2015,18,3,8,9,,,0,,1,1,1,25,2,2,0,5,0,0,0,0,true,,false,false,true,false,false,,,,,,false,false,false,,,false,false,false,false,false,-82.98289,42.4377,"{
  ""coordinates"": [
    -8.298288544699990e+01,
    4.243769890000000e+01
  ],
  ""type"": ""Point""
}","{
  ""coordinates"": [
    -82.982885447,
    42.4376989
  ],
  ""type"": ""Point""
}",-82.9828854469999,42.4376989
8255,9347886,M-39,7 MILE,2015-08-18,18,8,2015,17,3,5,3,,1,0,,1,1,1,55,3,2,5,5,0,0,0,0,true,,false,false,false,false,false,,,,,,false,false,true,,,false,false,false,false,false,-83.21914,42.42278,"{
  ""coordinates"": [
    -8.321913530900000e+01,
    4.242277910700010e+01
  ],
  ""type"": ""Point""
}","{
  ""coordinates"": [
    -83.219135309,
    42.422779107
  ],
  ""type"": ""Point""
}",-83.219135309,42.4227791070001
8256,9399248,PILGRIM,HUBBELL,2015-08-18,18,8,2015,22,3,97,9,,,0,,1,1,5,25,2,2,2,5,0,0,0,0,true,,false,false,false,false,false,,,,,,false,false,false,,,false,false,false,false,false,-83.18913,42.40722,"{
  ""coordinates"": [
    -8.318913633299999e+01,
    4.240722270900010e+01
  ],
  ""type"": ""Point""
}","{
  ""coordinates"": [
    -83.189136333,
    42.407222709
  ],
  ""type"": ""Point""
}",-83.189136333,42.4072227090001
8257,9350305,KELLY,CASINO,2015-08-18,18,8,2015,21,3,7,9,,2,0,,1,1,4,30,2,2,1,5,0,0,0,0,true,,false,false,true,false,false,,,,,,false,false,false,,,false,false,false,false,false,-82.95538,42.43156,"{
  ""coordinates"": [
    -8.295538121700000e+01,
    4.243156301100000e+01
  ],
  ""type"": ""Point""
}","{
  ""coordinates"": [
    -82.955381217,
    42.431563011
  ],
  ""type"": ""Point""
}",-82.955381217,42.431563011
8258,9347121,MOROSS,CHANDLER PARK,2015-08-18,18,8,2015,10,3,5,9,,2,0,,1,1,1,35,2,2,2,4,0,0,0,1,false,,false,false,true,false,false,,,,,,false,false,false,,,false,false,false,false,false,-82.91502,42.41901,"{
  ""coordinates"": [
    -8.291502564000000e+01,
    4.241900593200010e+01
  ],
  ""type"": ""Point""
}","{
  ""coordinates"": [
    -82.91502564,
    42.419005932
  ],
  ""type"": ""Point""
}",-82.91502564,42.4190059320001
8259,9348892,THATCHER,SCHAEFER,2015-08-18,18,8,2015,15,3,7,9,,,0,,1,1,1,30,2,2,2,5,0,0,0,0,true,,false,false,false,false,false,,,,,,false,false,true,,,false,false,false,false,false,-83.18005,42.42201,"{
  ""coordinates"": [
    -8.318005214000000e+01,
    4.242200834900010e+01
  ],
  ""type"": ""Point""
}","{
  ""coordinates"": [
    -83.18005214,
    42.422008349
  ],
  ""type"": ""Point""
}",-83.18005214,42.4220083490001
8260,9355399,VAN DYKE,7 MILE,2015-08-18,18,8,2015,23,3,97,3,,1,0,,1,1,4,35,6,2,2,3,0,0,1,0,false,,false,false,false,false,false,,,,,,false,false,false,,,false,false,false,false,false,-83.02424,42.43362,"{
  ""coordinates"": [
    -8.302423488600000e+01,
    4.243361848200000e+01
  ],
  ""type"": ""Point""
}","{
  ""coordinates"": [
    -83.024234886,
    42.433618482
  ],
  ""type"": ""Point""
}",-83.024234886,42.433618482
8261,9347984,ALLCOY,7 MILE,2015-08-18,18,8,2015,15,3,8,9,,,0,,1,2,1,25,2,2,0,5,0,0,0,0,true,,false,false,true,false,false,,,,,,false,false,false,,,false,false,false,false,false,-82.98878,42.43496,"{
  ""coordinates"": [
    -8.298877996399990e+01,
    4.243496301900010e+01
  ],
  ""type"": ""Point""
}","{
  ""coordinates"": [
    -82.988779964,
    42.434963019
  ],
  ""type"": ""Point""
}",-82.9887799639999,42.4349630190001
8262,9348859,JOHN R,N I 75,2015-08-18,18,8,2015,17,3,5,9,,4,0,,1,1,1,25,2,2,3,5,0,0,0,0,true,,false,false,false,false,false,,,,,,false,false,false,,,false,false,false,false,false,-83.05029,42.34086,"{
  ""coordinates"": [
    -8.305029588900000e+01,
    4.234086247300010e+01
  ],
  ""type"": ""Point""
}","{
  ""coordinates"": [
    -83.050295889,
    42.340862473
  ],
  ""type"": ""Point""
}",-83.050295889,42.3408624730001
8263,9399133,RAMP 217E,HARPER,2015-08-18,18,8,2015,20,3,5,1,,1,0,,1,1,1,0,2,2,2,5,0,0,0,0,true,,false,false,false,false,false,,,,,,false,false,false,,,false,false,false,false,false,-83.03615,42.37772,"{
  ""coordinates"": [
    -8.303614836299990e+01,
    4.237772317900000e+01
  ],
  ""type"": ""Point""
}","{
  ""coordinates"": [
    -83.036148363,
    42.377723179
  ],
  ""type"": ""Point""
}",-83.0361483629999,42.377723179
8264,9347123,MEYERS,N M 10,2015-08-18,18,8,2015,11,3,8,9,,4,0,,1,2,1,30,2,2,2,5,0,0,0,0,true,,false,false,false,false,false,,,,,,false,false,true,,,false,false,false,false,false,-83.17,42.41453,"{
  ""coordinates"": [
    -8.317000150599991e+01,
    4.241453283500000e+01
  ],
  ""type"": ""Point""
}","{
  ""coordinates"": [
    -83.170001506,
    42.414532835
  ],
  ""type"": ""Point""
}",-83.1700015059999,42.414532835
8265,9352556,HOUSTON-WHITTIER,QUEEN,2015-08-18,18,8,2015,1,3,9,9,,4,0,,1,1,4,30,4,2,2,4,0,0,0,2,false,,false,false,false,false,false,,,,,,false,false,false,,,false,false,false,false,false,-82.96751,42.42075,"{
  ""coordinates"": [
    -8.296751783400001e+01,
    4.242074520100000e+01
  ],
  ""type"": ""Point""
}","{
  ""coordinates"": [
    -82.967517834,
    42.420745201
  ],
  ""type"": ""Point""
}",-82.967517834,42.420745201
8266,9350105,I 75,MCNICHOLS,2015-08-18,18,8,2015,17,3,5,1,,1,0,,1,1,1,70,4,2,3,5,0,0,0,0,true,,false,false,false,false,false,,,,,,false,false,false,,,false,false,false,false,false,-83.07642,42.4065,"{
  ""coordinates"": [
    -8.307641972000000e+01,
    4.240649828700000e+01
  ],
  ""type"": ""Point""
}","{
  ""coordinates"": [
    -83.07641972,
    42.406498287
  ],
  ""type"": ""Point""
}",-83.07641972,42.406498287
8267,9350278,CONNER,MACK,2015-08-18,18,8,2015,22,3,4,9,,4,0,,1,1,4,30,4,2,4,5,0,0,0,0,true,,false,false,true,false,false,,,,,,false,false,false,,,false,false,false,false,false,-82.96783,42.38369,"{
  ""coordinates"": [
    -8.296783405199990e+01,
    4.238369471000000e+01
  ],
  ""type"": ""Point""
}","{
  ""coordinates"": [
    -82.967834052,
    42.38369471
  ],
  ""type"": ""Point""
}",-82.9678340519999,42.38369471
8268,9397827,SHELBY,FORT,2015-08-18,18,8,2015,8,3,8,3,,4,0,,2,2,1,25,2,2,2,5,0,0,0,0,true,,false,false,false,false,false,,,,,,false,false,false,,,false,false,false,false,false,-83.04867,42.33001,"{
  ""coordinates"": [
    -8.304866717499991e+01,
    4.233001028700010e+01
  ],
  ""type"": ""Point""
}","{
  ""coordinates"": [
    -83.048667175,
    42.330010287
  ],
  ""type"": ""Point""
}",-83.0486671749999,42.3300102870001
8269,9347976,CHICAGO,14TH,2015-08-18,18,8,2015,20,3,4,9,,4,0,,1,1,3,25,2,2,3,4,0,0,0,1,false,,true,true,false,false,false,,,,,,false,true,false,,,false,false,false,false,false,-83.10528,42.37877,"{
  ""coordinates"": [
    -8.310527916699991e+01,
    4.237877296600000e+01
  ],
  ""type"": ""Point""
}","{
  ""coordinates"": [
    -83.105279167,
    42.378772966
  ],
  ""type"": ""Point""
}",-83.1052791669999,42.378772966
8270,9350266,KERCHEVAL,HELEN,2015-08-18,18,8,2015,21,3,8,9,,4,0,,1,1,4,20,4,2,3,5,0,0,0,0,true,,false,false,true,false,false,,,,,,false,false,false,,,false,false,false,false,false,-83.00863,42.35518,"{
  ""coordinates"": [
    -8.300862750300000e+01,
    4.235517574800010e+01
  ],
  ""type"": ""Point""
}","{
  ""coordinates"": [
    -83.008627503,
    42.355175748
  ],
  ""type"": ""Point""
}",-83.008627503,42.3551757480001
8271,9399445,DAVISON,LAWTON,2015-08-18,18,8,2015,13,3,4,3,,1,0,,1,1,1,35,4,2,3,5,0,0,0,0,true,,false,false,false,false,false,,,,,,false,false,false,,,false,false,false,false,false,-83.12405,42.39226,"{
  ""coordinates"": [
    -8.312405760999999e+01,
    4.239225922600010e+01
  ],
  ""type"": ""Point""
}","{
  ""coordinates"": [
    -83.12405761,
    42.392259226
  ],
  ""type"": ""Point""
}",-83.12405761,42.3922592260001
8272,9350068,I-75,SCHAEFER,2015-08-18,18,8,2015,15,3,8,1,,1,0,,1,1,1,70,4,2,1,4,0,0,0,2,false,,false,false,true,false,false,,,,,,false,false,false,,,false,false,false,false,false,-83.15527,42.27747,"{
  ""coordinates"": [
    -8.315527353300000e+01,
    4.227747027100000e+01
  ],
  ""type"": ""Point""
}","{
  ""coordinates"": [
    -83.155273533,
    42.277470271
  ],
  ""type"": ""Point""
}",-83.155273533,42.277470271