ObjectId,Crash ID,Primary Road,Intersecting Road,Crash Date,Day,Month,Year,Hour,Weekday,Crash Type Code,Highway Classification Code,Community Code,Jurisdiction Code,Lane Departure Type Code,Surface Type,Road Condition,Weather Condition,Lighting Condition,Speed Limit,Lanes,Units,Occupants,Most Severe Injury,Fatal Injuries,Suspected Serious Injuries,Suspected Minor Injuries,Possible Injuries,Property Damage Only,Secondary Crash,Traffic Control,Red Light Run,Hit and Run,Alcohol,Drugs,Unbelted Person,Work Zone,Speeding Driver,Distracted Driver,Driveway,Pedestrian,Elderly Driver,Young Driver,Commercial Vehicle,Emergency Vehicles,Train,School Bus,Motorcycle,Bicycle,Deer,Longitude,Latitude,geom,geog,x,y
8273,9347977,FULLERTON,RAMP 008M,2015-08-18,18,8,2015,22,3,5,9,,4,0,,1,1,3,25,2,2,1,5,0,0,0,0,true,,false,false,true,false,false,,,,,,false,false,false,,,false,false,false,false,false,-83.21677,42.3797,"{
  ""coordinates"": [
    -8.321676676700000e+01,
    4.237970146000000e+01
  ],
  ""type"": ""Point""
}","{
  ""coordinates"": [
    -83.216766767,
    42.37970146
  ],
  ""type"": ""Point""
}",-83.216766767,42.37970146
8274,9397847,LAWTON,MARTIN LUTHER KING JR,2015-08-18,18,8,2015,14,3,4,9,,4,0,,1,1,1,30,2,2,2,5,0,0,0,0,true,,false,false,true,false,false,,,,,,false,false,true,,,false,false,false,false,false,-83.08808,42.33616,"{
  ""coordinates"": [
    -8.308807917000000e+01,
    4.233616364400010e+01
  ],
  ""type"": ""Point""
}","{
  ""coordinates"": [
    -83.08807917,
    42.336163644
  ],
  ""type"": ""Point""
}",-83.08807917,42.3361636440001
8275,9346969,I-94,NOTTINGHAM,2015-08-18,18,8,2015,8,3,5,1,,1,0,,2,4,1,55,3,2,2,5,0,0,0,0,true,,false,false,false,false,false,,,,,,false,false,true,,,false,false,false,false,false,-82.95219,42.40736,"{
  ""coordinates"": [
    -8.295218357899989e+01,
    4.240735681200000e+01
  ],
  ""type"": ""Point""
}","{
  ""coordinates"": [
    -82.952183579,
    42.407356812
  ],
  ""type"": ""Point""
}",-82.9521835789999,42.407356812
8276,9355301,I-96,SCHAEFER,2015-08-18,18,8,2015,7,3,8,1,,1,0,,1,1,1,70,3,2,1,5,0,0,0,0,true,,false,false,true,false,false,,,,,,false,false,false,,,false,false,false,false,false,-83.17366,42.38416,"{
  ""coordinates"": [
    -8.317365962299991e+01,
    4.238416432700010e+01
  ],
  ""type"": ""Point""
}","{
  ""coordinates"": [
    -83.173659623,
    42.384164327
  ],
  ""type"": ""Point""
}",-83.1736596229999,42.3841643270001
8277,9352563,FORT,OMAHA,2015-08-18,18,8,2015,19,3,4,3,,1,0,,1,1,1,35,3,2,3,4,0,0,0,1,false,,false,false,true,false,false,,,,,,false,false,false,,,false,false,false,false,false,-83.15998,42.27037,"{
  ""coordinates"": [
    -8.315997756699990e+01,
    4.227036824800010e+01
  ],
  ""type"": ""Point""
}","{
  ""coordinates"": [
    -83.159977567,
    42.270368248
  ],
  ""type"": ""Point""
}",-83.1599775669999,42.2703682480001
8278,9347086,PREVOST,CURTIS,2015-08-18,18,8,2015,9,3,4,9,,,0,,1,1,4,0,1,2,2,5,0,0,0,0,true,,false,false,false,false,false,,,,,,false,false,true,,,false,false,false,false,false,-83.20382,42.4239,"{
  ""coordinates"": [
    -8.320381761499991e+01,
    4.242389635700000e+01
  ],
  ""type"": ""Point""
}","{
  ""coordinates"": [
    -83.203817615,
    42.423896357
  ],
  ""type"": ""Point""
}",-83.2038176149999,42.423896357
8279,9347969,DAVISON,DEXTER,2015-08-18,18,8,2015,7,3,5,3,,1,0,,1,2,1,35,7,2,2,5,0,0,0,0,true,,false,false,false,false,false,,,,,,false,false,false,,,false,false,false,false,false,-83.13097,42.3897,"{
  ""coordinates"": [
    -8.313096811500000e+01,
    4.238970135300010e+01
  ],
  ""type"": ""Point""
}","{
  ""coordinates"": [
    -83.130968115,
    42.389701353
  ],
  ""type"": ""Point""
}",-83.130968115,42.3897013530001
8280,9347119,PEMBROKE,JAMES COUZENS,2015-08-18,18,8,2015,17,3,4,9,,4,0,,1,1,1,30,4,2,6,3,0,0,3,0,false,,false,false,false,false,false,,,,,,false,true,false,,,false,false,false,false,false,-83.19459,42.43781,"{
  ""coordinates"": [
    -8.319458895500000e+01,
    4.243780921700010e+01
  ],
  ""type"": ""Point""
}","{
  ""coordinates"": [
    -83.194588955,
    42.437809217
  ],
  ""type"": ""Point""
}",-83.194588955,42.4378092170001
8281,9347120,SANTA BARBARA,PICKFORD,2015-08-18,18,8,2015,3,3,9,9,,,2,,1,1,4,25,1,2,1,4,0,0,0,1,false,,false,false,false,false,false,,,,,,false,false,false,,,false,false,false,false,false,-83.14919,42.42589,"{
  ""coordinates"": [
    -8.314918172300000e+01,
    4.242589138500010e+01
  ],
  ""type"": ""Point""
}","{
  ""coordinates"": [
    -83.149181723,
    42.425891385
  ],
  ""type"": ""Point""
}",-83.149181723,42.4258913850001
8282,9357681,MICHIGAN,LAWNDALE,2015-08-18,18,8,2015,21,3,5,2,,1,0,,1,1,5,35,5,2,3,5,0,0,0,0,true,,false,false,true,false,false,,,,,,false,false,true,,,false,false,false,false,false,-83.14853,42.32983,"{
  ""coordinates"": [
    -8.314852613600000e+01,
    4.232982980900000e+01
  ],
  ""type"": ""Point""
}","{
  ""coordinates"": [
    -83.148526136,
    42.329829809
  ],
  ""type"": ""Point""
}",-83.148526136,42.329829809
8283,9347095,RAMP 220D,E I 94,2015-08-18,18,8,2015,16,3,5,1,,1,0,,1,1,1,35,3,2,2,5,0,0,0,0,true,,false,false,false,false,false,,,,,,false,true,false,,,false,false,false,false,false,-82.98883,42.39554,"{
  ""coordinates"": [
    -8.298883295800000e+01,
    4.239554262700010e+01
  ],
  ""type"": ""Point""
}","{
  ""coordinates"": [
    -82.988832958,
    42.395542627
  ],
  ""type"": ""Point""
}",-82.988832958,42.3955426270001
8284,9347979,PATTON,KENDALL,2015-08-18,18,8,2015,19,3,4,9,,,0,,1,1,1,25,2,2,6,4,0,0,0,1,false,,false,false,false,false,false,,,,,,false,false,true,,,false,false,false,false,false,-83.24326,42.38853,"{
  ""coordinates"": [
    -8.324325775999991e+01,
    4.238853038100010e+01
  ],
  ""type"": ""Point""
}","{
  ""coordinates"": [
    -83.24325776,
    42.388530381
  ],
  ""type"": ""Point""
}",-83.2432577599999,42.3885303810001
8285,9347103,OUTER,GREINER,2015-08-18,18,8,2015,17,3,5,9,,2,0,,1,1,1,30,2,2,2,5,0,0,0,0,true,,false,false,false,false,false,,,,,,false,false,true,,,false,false,false,false,false,-83.01428,42.42692,"{
  ""coordinates"": [
    -8.301428350299990e+01,
    4.242692087900010e+01
  ],
  ""type"": ""Point""
}","{
  ""coordinates"": [
    -83.014283503,
    42.426920879
  ],
  ""type"": ""Point""
}",-83.0142835029999,42.4269208790001
8286,9347116,7 MILE,GOULBURN,2015-08-18,18,8,2015,17,3,5,9,,4,0,,1,1,1,35,4,2,2,5,0,0,0,0,true,,false,false,false,false,false,,,,,,false,false,true,,,false,false,false,false,false,-82.99511,42.4347,"{
  ""coordinates"": [
    -8.299510636799990e+01,
    4.243469532300000e+01
  ],
  ""type"": ""Point""
}","{
  ""coordinates"": [
    -82.995106368,
    42.434695323
  ],
  ""type"": ""Point""
}",-82.9951063679999,42.434695323
8287,9354315,WARWICK,EATON,2015-08-18,18,8,2015,13,3,9,9,,,0,,1,2,1,15,2,2,2,5,0,0,0,0,true,,false,false,false,false,false,,,,,,false,false,true,,,false,false,false,false,false,-83.22873,42.39592,"{
  ""coordinates"": [
    -8.322873092700000e+01,
    4.239592128300010e+01
  ],
  ""type"": ""Point""
}","{
  ""coordinates"": [
    -83.228730927,
    42.395921283
  ],
  ""type"": ""Point""
}",-83.228730927,42.3959212830001
8288,9399264,WYOMING,FULLERTON,2015-08-18,18,8,2015,10,3,4,9,,4,0,,1,1,1,35,4,2,2,5,0,0,0,0,true,,true,true,true,false,false,,,,,,false,false,true,,,false,false,false,false,false,-83.15883,42.38074,"{
  ""coordinates"": [
    -8.315882568400001e+01,
    4.238073763400010e+01
  ],
  ""type"": ""Point""
}","{
  ""coordinates"": [
    -83.158825684,
    42.380737634
  ],
  ""type"": ""Point""
}",-83.158825684,42.3807376340001
8289,9361200,DAVISON,LIVERNOIS,2015-08-18,18,8,2015,16,3,5,3,,1,0,,97,98,98,35,2,2,1,5,0,0,0,0,true,,false,false,true,false,false,,,,,,false,false,true,,,false,false,false,false,false,-83.13958,42.38669,"{
  ""coordinates"": [
    -8.313957882100000e+01,
    4.238668752700000e+01
  ],
  ""type"": ""Point""
}","{
  ""coordinates"": [
    -83.139578821,
    42.386687527
  ],
  ""type"": ""Point""
}",-83.139578821,42.386687527
8290,9347991,SAINT AUBIN,MINNESOTA,2015-08-18,18,8,2015,21,3,97,9,,,0,,1,1,4,25,1,2,0,5,0,0,0,0,true,,false,false,true,false,false,,,,,,false,false,false,,,false,false,false,false,false,-83.08143,42.4233,"{
  ""coordinates"": [
    -8.308142729300000e+01,
    4.242329934600010e+01
  ],
  ""type"": ""Point""
}","{
  ""coordinates"": [
    -83.081427293,
    42.423299346
  ],
  ""type"": ""Point""
}",-83.081427293,42.4232993460001
8291,9347957,W I 94,MOROSS,2015-08-18,18,8,2015,6,3,8,1,,1,0,,1,1,1,25,2,2,1,5,0,0,0,0,true,,false,false,true,false,false,,,,,,false,false,false,,,false,false,false,false,false,-82.92886,42.4245,"{
  ""coordinates"": [
    -8.292886444600001e+01,
    4.242449651200010e+01
  ],
  ""type"": ""Point""
}","{
  ""coordinates"": [
    -82.928864446,
    42.424496512
  ],
  ""type"": ""Point""
}",-82.928864446,42.4244965120001
8292,9357676,HELEN,KERCHEVAL,2015-08-18,18,8,2015,20,3,97,9,,,0,,1,1,4,15,2,1,1,5,0,0,0,0,true,,false,false,false,false,false,,,,,,false,false,true,,,false,false,false,false,false,-83.0087,42.35515,"{
  ""coordinates"": [
    -8.300869749600000e+01,
    4.235515034100010e+01
  ],
  ""type"": ""Point""
}","{
  ""coordinates"": [
    -83.008697496,
    42.355150341
  ],
  ""type"": ""Point""
}",-83.008697496,42.3551503410001
8293,9347967,7 MILE,MOUNT ELLIOTT,2015-08-18,18,8,2015,20,3,1,9,,4,0,,1,1,3,35,2,2,0,3,0,0,1,0,false,,true,true,true,false,false,,,,,,true,false,false,,,false,false,false,false,false,-83.03894,42.43368,"{
  ""coordinates"": [
    -8.303893875599989e+01,
    4.243368040500010e+01
  ],
  ""type"": ""Point""
}","{
  ""coordinates"": [
    -83.038938756,
    42.433680405
  ],
  ""type"": ""Point""
}",-83.0389387559999,42.4336804050001
8294,9355420,PLYMOUTH,PENROD,2015-08-17,17,8,2015,17,2,4,9,,4,0,,1,1,1,35,5,2,3,4,0,0,0,1,false,,false,false,false,false,false,,,,,,false,true,false,,,false,false,false,false,false,-83.22044,42.37218,"{
  ""coordinates"": [
    -8.322044297699991e+01,
    4.237217922400000e+01
  ],
  ""type"": ""Point""
}","{
  ""coordinates"": [
    -83.220442977,
    42.372179224
  ],
  ""type"": ""Point""
}",-83.2204429769999,42.372179224
8295,9346350,SCHAEFER,OUTER,2015-08-17,17,8,2015,7,2,1,9,,4,1,,1,1,1,30,3,1,1,5,0,0,0,0,true,,false,false,false,false,false,,,,,,false,false,false,,,false,false,false,false,false,-83.17995,42.41983,"{
  ""coordinates"": [
    -8.317994992699990e+01,
    4.241983060900000e+01
  ],
  ""type"": ""Point""
}","{
  ""coordinates"": [
    -83.179949927,
    42.419830609
  ],
  ""type"": ""Point""
}",-83.1799499269999,42.419830609
8296,9347062,BEATRICE,MIAMI,2015-08-17,17,8,2015,19,2,5,9,,,0,,1,1,1,25,3,2,3,4,0,0,0,1,false,,false,false,false,false,false,,,,,,false,false,false,,,false,false,false,false,false,-83.15172,42.27183,"{
  ""coordinates"": [
    -8.315171625499990e+01,
    4.227182866700010e+01
  ],
  ""type"": ""Point""
}","{
  ""coordinates"": [
    -83.151716255,
    42.271828667
  ],
  ""type"": ""Point""
}",-83.1517162549999,42.2718286670001
8297,9351106,WILLIS,CASS,2015-08-17,17,8,2015,17,2,1,9,,,1,,1,1,1,25,1,1,1,5,0,0,0,0,true,,false,false,false,false,false,,,,,,false,false,false,,,false,false,false,false,false,-83.06254,42.3509,"{
  ""coordinates"": [
    -8.306254181799990e+01,
    4.235090075600000e+01
  ],
  ""type"": ""Point""
}","{
  ""coordinates"": [
    -83.062541818,
    42.350900756
  ],
  ""type"": ""Point""
}",-83.0625418179999,42.350900756
8298,9370491,HANCOCK,JOHN R,2015-08-17,17,8,2015,14,2,97,9,,,0,,1,1,1,25,2,2,1,5,0,0,0,0,true,,false,false,false,false,false,,,,,,false,false,false,,,false,false,false,false,false,-83.06467,42.35536,"{
  ""coordinates"": [
    -8.306466904000000e+01,
    4.235536142800000e+01
  ],
  ""type"": ""Point""
}","{
  ""coordinates"": [
    -83.06466904,
    42.355361428
  ],
  ""type"": ""Point""
}",-83.06466904,42.355361428
8299,9359867,FORD,N M 39,2015-08-17,17,8,2015,8,2,7,3,,1,0,,1,1,1,40,5,2,2,5,0,0,0,0,true,,false,false,false,false,false,,,,,,false,false,true,,,false,false,false,false,false,-83.21558,42.3291,"{
  ""coordinates"": [
    -8.321558286999991e+01,
    4.232909898700010e+01
  ],
  ""type"": ""Point""
}","{
  ""coordinates"": [
    -83.21558287,
    42.329098987
  ],
  ""type"": ""Point""
}",-83.2155828699999,42.3290989870001
8300,9347094,ALGONQUIN,VERNOR,2015-08-17,17,8,2015,10,2,4,9,,,0,,1,1,1,30,4,2,3,4,0,0,0,2,false,,false,false,true,false,false,,,,,,false,false,false,,,false,false,false,false,false,-82.96049,42.37635,"{
  ""coordinates"": [
    -8.296048580199989e+01,
    4.237634552400000e+01
  ],
  ""type"": ""Point""
}","{
  ""coordinates"": [
    -82.960485802,
    42.376345524
  ],
  ""type"": ""Point""
}",-82.9604858019999,42.376345524
8301,9347122,7 MILE,ARDMORE,2015-08-17,17,8,2015,11,2,5,9,,2,0,,1,1,1,30,4,3,5,5,0,0,0,0,true,,false,false,false,false,false,,,,,,false,true,true,,,false,false,false,false,false,-83.18483,42.43092,"{
  ""coordinates"": [
    -8.318482860400000e+01,
    4.243091812500010e+01
  ],
  ""type"": ""Point""
}","{
  ""coordinates"": [
    -83.184828604,
    42.430918125
  ],
  ""type"": ""Point""
}",-83.184828604,42.4309181250001
8302,9347990,JOY,WHITFIELD,2015-08-17,17,8,2015,19,2,8,9,,4,0,,1,1,1,35,2,2,0,5,0,0,0,0,true,,false,false,true,false,false,,,,,,false,false,false,,,false,false,false,false,false,-83.13509,42.36098,"{
  ""coordinates"": [
    -8.313509699799990e+01,
    4.236097623300000e+01
  ],
  ""type"": ""Point""
}","{
  ""coordinates"": [
    -83.135096998,
    42.360976233
  ],
  ""type"": ""Point""
}",-83.1350969979999,42.360976233
8303,9345544,ASBURY,7 MILE,2015-08-17,17,8,2015,0,2,97,9,,4,0,,1,1,4,25,2,1,3,4,0,0,0,1,false,,false,false,false,false,false,,,,,,false,false,false,,,false,false,false,false,false,-83.20959,42.43027,"{
  ""coordinates"": [
    -8.320958597600000e+01,
    4.243027318800010e+01
  ],
  ""type"": ""Point""
}","{
  ""coordinates"": [
    -83.209585976,
    42.430273188
  ],
  ""type"": ""Point""
}",-83.209585976,42.4302731880001
8304,9350326,MARTINDALE,ELMHURST,2015-08-17,17,8,2015,1,2,97,9,,,0,,1,1,5,25,1,2,2,2,0,1,0,0,false,,false,false,true,false,false,,,,,,false,false,false,,,false,false,false,true,false,-83.13206,42.37831,"{
  ""coordinates"": [
    -8.313205672200000e+01,
    4.237831040600000e+01
  ],
  ""type"": ""Point""
}","{
  ""coordinates"": [
    -83.132056722,
    42.378310406
  ],
  ""type"": ""Point""
}",-83.132056722,42.378310406
8305,9347059,SAINT JAMES,MICHIGAN,2015-08-17,17,8,2015,0,2,8,9,,,0,,1,1,5,25,2,2,0,5,0,0,0,0,true,,false,false,false,false,false,,,,,,false,true,false,,,false,false,false,false,false,-83.15038,42.32897,"{
  ""coordinates"": [
    -8.315037333600000e+01,
    4.232896618300000e+01
  ],
  ""type"": ""Point""
}","{
  ""coordinates"": [
    -83.150373336,
    42.328966183
  ],
  ""type"": ""Point""
}",-83.150373336,42.328966183
8306,9356200,MICHIGAN,15TH,2015-08-17,17,8,2015,8,2,5,2,,1,0,,1,1,1,35,7,2,2,4,0,0,0,1,false,,false,false,false,false,false,,,,,,false,false,false,,,false,false,false,false,false,-83.07795,42.33136,"{
  ""coordinates"": [
    -8.307795013499999e+01,
    4.233135705500010e+01
  ],
  ""type"": ""Point""
}","{
  ""coordinates"": [
    -83.077950135,
    42.331357055
  ],
  ""type"": ""Point""
}",-83.077950135,42.3313570550001
8307,9393395,WARREN,FRENCH,2015-08-17,17,8,2015,23,2,8,9,,4,0,,1,1,4,25,4,2,2,5,0,0,0,0,true,,false,false,true,false,false,,,,,,false,false,false,,,false,false,false,false,false,-82.99049,42.3848,"{
  ""coordinates"": [
    -8.299049500900000e+01,
    4.238480090700010e+01
  ],
  ""type"": ""Point""
}","{
  ""coordinates"": [
    -82.990495009,
    42.384800907
  ],
  ""type"": ""Point""
}",-82.990495009,42.3848009070001
8308,9345377,I 94,14TH,2015-08-17,17,8,2015,2,2,8,1,,1,0,,1,1,4,55,3,2,2,5,0,0,0,0,true,,false,false,false,false,false,,,,,,false,false,false,,,false,false,false,false,false,-83.08819,42.35367,"{
  ""coordinates"": [
    -8.308818974000000e+01,
    4.235366967100000e+01
  ],
  ""type"": ""Point""
}","{
  ""coordinates"": [
    -83.08818974,
    42.353669671
  ],
  ""type"": ""Point""
}",-83.08818974,42.353669671
8309,9364208,8 MILE,ROSEMONT,2015-08-17,17,8,2015,12,2,5,3,,1,0,,1,1,1,45,4,2,2,4,0,0,0,2,false,,false,false,false,false,false,,,,,,false,false,false,,,false,false,false,false,false,-83.22232,42.44412,"{
  ""coordinates"": [
    -8.322232044000000e+01,
    4.244411980400000e+01
  ],
  ""type"": ""Point""
}","{
  ""coordinates"": [
    -83.22232044,
    42.444119804
  ],
  ""type"": ""Point""
}",-83.22232044,42.444119804
8310,9346244,RAMP 213L,RAMP 213K,2015-08-17,17,8,2015,11,2,1,1,,1,1,,1,1,1,55,2,1,1,5,0,0,0,0,true,,false,false,false,false,false,,,,,,false,false,false,,,false,false,false,false,false,-83.09707,42.35107,"{
  ""coordinates"": [
    -8.309707071500000e+01,
    4.235106987600010e+01
  ],
  ""type"": ""Point""
}","{
  ""coordinates"": [
    -83.097070715,
    42.351069876
  ],
  ""type"": ""Point""
}",-83.097070715,42.3510698760001
8311,9345425,I-75,LIVERNOIS,2015-08-17,17,8,2015,7,2,1,1,,1,1,,1,1,1,70,4,1,1,5,0,0,0,0,true,,false,false,false,false,false,,,,,,false,false,false,,,false,false,false,false,false,-83.10581,42.30697,"{
  ""coordinates"": [
    -8.310580985099990e+01,
    4.230697397800000e+01
  ],
  ""type"": ""Point""
}","{
  ""coordinates"": [
    -83.105809851,
    42.306973978
  ],
  ""type"": ""Point""
}",-83.1058098509999,42.306973978
8312,9351105,7 MILE,RYAN,2015-08-17,17,8,2015,15,2,5,9,,4,0,,1,1,1,35,2,2,2,5,0,0,0,0,true,,false,false,false,false,false,,,,,,false,false,false,,,false,false,false,false,false,-83.062,42.43316,"{
  ""coordinates"": [
    -8.306199827200000e+01,
    4.243315345600010e+01
  ],
  ""type"": ""Point""
}","{
  ""coordinates"": [
    -83.061998272,
    42.433153456
  ],
  ""type"": ""Point""
}",-83.061998272,42.4331534560001
8313,9347982,7 MILE,PLAINVIEW,2015-08-17,17,8,2015,17,2,97,9,,2,0,,1,2,1,35,3,2,2,5,0,0,0,0,true,,false,false,false,false,false,,,,,,false,false,false,,,false,false,false,false,false,-83.23764,42.4296,"{
  ""coordinates"": [
    -8.323764004799990e+01,
    4.242960309100000e+01
  ],
  ""type"": ""Point""
}","{
  ""coordinates"": [
    -83.237640048,
    42.429603091
  ],
  ""type"": ""Point""
}",-83.2376400479999,42.429603091
8314,9347089,SALIOTTE,BEATRICE,2015-08-17,17,8,2015,15,2,4,9,,,0,,1,1,1,25,2,2,2,4,0,0,0,1,false,,false,false,true,false,false,,,,,,false,false,false,,,false,false,false,false,false,-83.16254,42.25908,"{
  ""coordinates"": [
    -8.316254051300000e+01,
    4.225907952600010e+01
  ],
  ""type"": ""Point""
}","{
  ""coordinates"": [
    -83.162540513,
    42.259079526
  ],
  ""type"": ""Point""
}",-83.162540513,42.2590795260001
8315,9347106,MITCHELL,7 MILE,2015-08-17,17,8,2015,1,2,97,9,,,0,,1,1,5,25,2,2,0,5,0,0,0,0,true,,false,false,true,false,false,,,,,,false,false,false,,,false,false,false,false,false,-83.0722,42.43301,"{
  ""coordinates"": [
    -8.307220104100000e+01,
    4.243300624200000e+01
  ],
  ""type"": ""Point""
}","{
  ""coordinates"": [
    -83.072201041,
    42.433006242
  ],
  ""type"": ""Point""
}",-83.072201041,42.433006242
8316,9364207,FENKELL,LINDSAY,2015-08-17,17,8,2015,9,2,4,9,,2,0,,1,1,1,35,2,2,2,5,0,0,0,0,true,,true,false,false,false,false,,,,,,false,false,false,,,false,false,false,false,false,-83.21268,42.40121,"{
  ""coordinates"": [
    -8.321267732400000e+01,
    4.240120832000010e+01
  ],
  ""type"": ""Point""
}","{
  ""coordinates"": [
    -83.212677324,
    42.40120832
  ],
  ""type"": ""Point""
}",-83.212677324,42.4012083200001
8317,9348868,RUSSELL,WILKINS,2015-08-17,17,8,2015,14,2,97,9,,4,0,,1,2,1,25,2,2,2,5,0,0,0,0,true,,false,false,false,false,false,,,,,,false,true,false,,,false,false,false,false,false,-83.04221,42.34897,"{
  ""coordinates"": [
    -8.304221108300000e+01,
    4.234897346000000e+01
  ],
  ""type"": ""Point""
}","{
  ""coordinates"": [
    -83.042211083,
    42.34897346
  ],
  ""type"": ""Point""
}",-83.042211083,42.34897346
8318,9345398,RAMP 216J,S I 75,2015-08-17,17,8,2015,9,2,5,1,,1,0,,1,1,1,55,2,2,2,4,0,0,0,1,false,,false,false,false,false,false,,,,,,false,true,false,,,false,false,false,false,false,-83.05872,42.36922,"{
  ""coordinates"": [
    -8.305871336900000e+01,
    4.236922260700000e+01
  ],
  ""type"": ""Point""
}","{
  ""coordinates"": [
    -83.058713369,
    42.369222607
  ],
  ""type"": ""Point""
}",-83.058713369,42.369222607
8319,9348882,MOUNT ELLIOTT,W I 94,2015-08-17,17,8,2015,6,2,9,9,,4,0,,1,1,1,35,2,2,3,4,0,0,0,1,false,,false,false,false,false,false,,,,,,false,false,false,,,false,false,false,false,false,-83.03387,42.37928,"{
  ""coordinates"": [
    -8.303386687999991e+01,
    4.237927781900000e+01
  ],
  ""type"": ""Point""
}","{
  ""coordinates"": [
    -83.03386688,
    42.379277819
  ],
  ""type"": ""Point""
}",-83.0338668799999,42.379277819
8320,9346342,MOROSS,CHESTER,2015-08-17,17,8,2015,16,2,5,9,,2,0,,1,1,1,35,4,2,4,4,0,0,0,2,false,,false,false,false,false,false,,,,,,false,true,false,,,false,false,false,false,false,-82.92295,42.42221,"{
  ""coordinates"": [
    -8.292294996399990e+01,
    4.242220563100010e+01
  ],
  ""type"": ""Point""
}","{
  ""coordinates"": [
    -82.922949964,
    42.422205631
  ],
  ""type"": ""Point""
}",-82.9229499639999,42.4222056310001
8321,9350044,I-94,BURNS,2015-08-17,17,8,2015,8,2,5,1,,1,0,,1,1,1,55,3,3,2,5,0,0,0,0,true,,false,false,true,false,false,,,,,,false,false,false,,,false,false,false,false,false,-83.01355,42.38889,"{
  ""coordinates"": [
    -8.301355151599989e+01,
    4.238888597300010e+01
  ],
  ""type"": ""Point""
}","{
  ""coordinates"": [
    -83.013551516,
    42.388885973
  ],
  ""type"": ""Point""
}",-83.0135515159999,42.3888859730001
8322,9348853,VERNOR,SEYBURN,2015-08-17,17,8,2015,19,2,8,9,,4,0,,1,1,1,25,4,2,3,5,0,0,0,0,true,,false,false,false,false,false,,,,,,false,false,true,,,false,false,false,false,false,-83.0032,42.35976,"{
  ""coordinates"": [
    -8.300320453400001e+01,
    4.235975985700000e+01
  ],
  ""type"": ""Point""
}","{
  ""coordinates"": [
    -83.003204534,
    42.359759857
  ],
  ""type"": ""Point""
}",-83.003204534,42.359759857
8323,9348884,LAFAYETTE,RIVARD,2015-08-17,17,8,2015,10,2,9,9,,4,0,,1,1,1,35,2,3,1,5,0,0,0,0,true,,false,false,true,false,false,,,,,,false,false,false,,,false,false,false,false,false,-83.03631,42.33648,"{
  ""coordinates"": [
    -8.303630823000000e+01,
    4.233648355900000e+01
  ],
  ""type"": ""Point""
}","{
  ""coordinates"": [
    -83.03630823,
    42.336483559
  ],
  ""type"": ""Point""
}",-83.03630823,42.336483559
8324,9362500,FORD,ROSEMONT,2015-08-17,17,8,2015,14,2,4,9,,,0,,1,1,1,40,3,2,4,5,0,0,0,0,true,,true,true,false,false,false,,,,,,false,false,true,,,false,false,false,false,false,-83.22149,42.42487,"{
  ""coordinates"": [
    -8.322148882600000e+01,
    4.242486713900010e+01
  ],
  ""type"": ""Point""
}","{
  ""coordinates"": [
    -83.221488826,
    42.424867139
  ],
  ""type"": ""Point""
}",-83.221488826,42.4248671390001
8325,9346968,I94,M10,2015-08-17,17,8,2015,22,2,8,1,,1,0,,1,1,4,55,3,2,2,5,0,0,0,0,true,,false,false,true,false,false,,,,,,false,false,false,,,false,false,false,false,false,-83.07454,42.36,"{
  ""coordinates"": [
    -8.307453753500000e+01,
    4.235999818700000e+01
  ],
  ""type"": ""Point""
}","{
  ""coordinates"": [
    -83.074537535,
    42.359998187
  ],
  ""type"": ""Point""
}",-83.074537535,42.359998187
8326,9347090,RAMP 211C,LONYO,2015-08-17,17,8,2015,12,2,5,1,,1,0,,1,1,1,35,2,2,5,4,0,0,0,1,false,,false,false,false,false,false,,,,,,false,false,false,,,false,false,false,false,false,-83.14526,42.33169,"{
  ""coordinates"": [
    -8.314526211600000e+01,
    4.233168888300000e+01
  ],
  ""type"": ""Point""
}","{
  ""coordinates"": [
    -83.145262116,
    42.331688883
  ],
  ""type"": ""Point""
}",-83.145262116,42.331688883
8327,9347088,E I 94 SERVICE DRIVE,CENTRAL,2015-08-17,17,8,2015,17,2,4,9,,4,0,,1,1,1,35,1,2,2,4,0,0,0,1,false,,true,false,true,false,false,,,,,,false,false,true,,,false,false,false,false,false,-83.13821,42.33205,"{
  ""coordinates"": [
    -8.313820957400000e+01,
    4.233204675000010e+01
  ],
  ""type"": ""Point""
}","{
  ""coordinates"": [
    -83.138209574,
    42.33204675
  ],
  ""type"": ""Point""
}",-83.138209574,42.3320467500001
8328,9350062,I-75,KING,2015-08-17,17,8,2015,15,2,5,1,,1,0,,1,2,1,70,3,2,2,5,0,0,0,0,true,,false,false,false,false,false,,,,,,false,false,false,,,false,false,false,false,false,-83.04786,42.35129,"{
  ""coordinates"": [
    -8.304785913099990e+01,
    4.235128677400010e+01
  ],
  ""type"": ""Point""
}","{
  ""coordinates"": [
    -83.047859131,
    42.351286774
  ],
  ""type"": ""Point""
}",-83.0478591309999,42.3512867740001
8329,9397826,3RD,S I 75 SERVICE DRIVE,2015-08-17,17,8,2015,16,2,5,9,,4,0,,1,2,1,25,3,2,2,5,0,0,0,0,true,,false,false,false,false,false,,,,,,false,false,false,,,false,false,false,false,false,-83.06054,42.33672,"{
  ""coordinates"": [
    -8.306054238099991e+01,
    4.233671634800000e+01
  ],
  ""type"": ""Point""
}","{
  ""coordinates"": [
    -83.060542381,
    42.336716348
  ],
  ""type"": ""Point""
}",-83.0605423809999,42.336716348