ObjectId,Crash ID,Primary Road,Intersecting Road,Crash Date,Day,Month,Year,Hour,Weekday,Crash Type Code,Highway Classification Code,Community Code,Jurisdiction Code,Lane Departure Type Code,Surface Type,Road Condition,Weather Condition,Lighting Condition,Speed Limit,Lanes,Units,Occupants,Most Severe Injury,Fatal Injuries,Suspected Serious Injuries,Suspected Minor Injuries,Possible Injuries,Property Damage Only,Secondary Crash,Traffic Control,Red Light Run,Hit and Run,Alcohol,Drugs,Unbelted Person,Work Zone,Speeding Driver,Distracted Driver,Driveway,Pedestrian,Elderly Driver,Young Driver,Commercial Vehicle,Emergency Vehicles,Train,School Bus,Motorcycle,Bicycle,Deer,Longitude,Latitude,geom,geog,x,y
8387,9345379,W I 96 CD,MEYERS,2015-08-16,16,8,2015,2,1,8,1,,1,3,,1,1,4,55,4,5,3,1,2,0,0,1,false,,false,false,true,true,true,,,,,,true,false,false,,,false,false,false,false,false,-83.16875,42.38545,"{
  ""coordinates"": [
    -8.316875427600000e+01,
    4.238545005800010e+01
  ],
  ""type"": ""Point""
}","{
  ""coordinates"": [
    -83.168754276,
    42.385450058
  ],
  ""type"": ""Point""
}",-83.168754276,42.3854500580001
8388,9345559,LANE,LAWNDALE,2015-08-16,16,8,2015,11,1,5,9,,,0,,1,1,1,25,2,2,1,5,0,0,0,0,true,,false,false,false,false,false,,,,,,false,false,false,,,false,false,false,false,false,-83.12969,42.30537,"{
  ""coordinates"": [
    -8.312968844499990e+01,
    4.230537118000010e+01
  ],
  ""type"": ""Point""
}","{
  ""coordinates"": [
    -83.129688445,
    42.30537118
  ],
  ""type"": ""Point""
}",-83.1296884449999,42.3053711800001
8389,9345541,DIX,HONORAH,2015-08-16,16,8,2015,3,1,1,9,,4,1,,1,1,4,25,2,1,2,5,0,0,0,0,true,,false,false,false,true,false,,,,,,false,false,true,,,false,false,false,false,false,-83.12546,42.31694,"{
  ""coordinates"": [
    -8.312545625199991e+01,
    4.231694316300010e+01
  ],
  ""type"": ""Point""
}","{
  ""coordinates"": [
    -83.125456252,
    42.316943163
  ],
  ""type"": ""Point""
}",-83.1254562519999,42.3169431630001
8390,9347992,OUTER,WEXFORD,2015-08-16,16,8,2015,8,1,4,9,,2,0,,1,1,1,45,3,2,2,5,0,0,0,0,true,,false,false,false,false,false,,,,,,false,false,true,,,false,false,false,false,false,-83.06555,42.44051,"{
  ""coordinates"": [
    -8.306554972399989e+01,
    4.244050709000000e+01
  ],
  ""type"": ""Point""
}","{
  ""coordinates"": [
    -83.065549724,
    42.44050709
  ],
  ""type"": ""Point""
}",-83.0655497239999,42.44050709
8391,9345376,I 94,WOODWARD,2015-08-16,16,8,2015,21,1,5,1,,1,0,,1,1,4,55,3,2,2,5,0,0,0,0,true,,false,false,false,false,false,,,,,,false,true,true,,,false,false,false,false,false,-83.06877,42.36362,"{
  ""coordinates"": [
    -8.306877408900000e+01,
    4.236361529800010e+01
  ],
  ""type"": ""Point""
}","{
  ""coordinates"": [
    -83.068774089,
    42.363615298
  ],
  ""type"": ""Point""
}",-83.068774089,42.3636152980001
8392,9347058,FORDHAM,REDMOND,2015-08-16,16,8,2015,21,1,9,9,,,2,,1,1,3,25,2,2,1,5,0,0,0,0,true,,false,false,false,false,false,,,,,,false,false,false,,,false,false,false,false,false,-82.955,42.43478,"{
  ""coordinates"": [
    -8.295500008600000e+01,
    4.243477481400000e+01
  ],
  ""type"": ""Point""
}","{
  ""coordinates"": [
    -82.955000086,
    42.434774814
  ],
  ""type"": ""Point""
}",-82.955000086,42.434774814
8393,9346337,CHALMERS,LOZIER,2015-08-16,16,8,2015,5,1,1,9,,4,1,,1,1,4,25,2,1,0,5,0,0,0,0,true,,false,false,true,false,false,,,,,,false,false,false,,,false,false,false,false,false,-82.95345,42.38725,"{
  ""coordinates"": [
    -8.295345157900000e+01,
    4.238724403400000e+01
  ],
  ""type"": ""Point""
}","{
  ""coordinates"": [
    -82.953451579,
    42.387244034
  ],
  ""type"": ""Point""
}",-82.953451579,42.387244034
8394,9451901,FENKELL,NORTHLAWN,2015-08-16,16,8,2015,0,1,1,9,,4,1,,1,6,4,30,2,1,3,1,1,0,0,1,false,,false,false,false,false,false,,,,,,false,false,true,,,false,false,false,false,false,-83.15337,42.40256,"{
  ""coordinates"": [
    -8.315336447000000e+01,
    4.240255859400000e+01
  ],
  ""type"": ""Point""
}","{
  ""coordinates"": [
    -83.15336447,
    42.402558594
  ],
  ""type"": ""Point""
}",-83.15336447,42.402558594
8395,9347958,MACK,WOODWARD,2015-08-16,16,8,2015,0,1,5,3,,4,0,,1,1,4,35,6,2,4,4,0,0,0,1,false,,false,false,true,false,false,,,,,,false,true,false,,,false,false,false,false,false,-83.05799,42.3475,"{
  ""coordinates"": [
    -8.305799432399991e+01,
    4.234750415200010e+01
  ],
  ""type"": ""Point""
}","{
  ""coordinates"": [
    -83.057994324,
    42.347504152
  ],
  ""type"": ""Point""
}",-83.0579943239999,42.3475041520001
8396,9350333,OUTER,GODDARD,2015-08-16,16,8,2015,18,1,4,9,,2,0,,1,1,1,35,2,2,7,4,0,0,0,2,false,,false,false,false,false,false,,,,,,false,false,false,,,false,false,false,false,false,-83.07742,42.44029,"{
  ""coordinates"": [
    -8.307741952000001e+01,
    4.244029389500000e+01
  ],
  ""type"": ""Point""
}","{
  ""coordinates"": [
    -83.07741952,
    42.440293895
  ],
  ""type"": ""Point""
}",-83.07741952,42.440293895
8397,9353540,8 MILE,GRANDVILLE,2015-08-16,16,8,2015,3,1,1,3,,1,0,,1,1,5,50,4,1,1,5,0,0,0,0,true,,false,false,false,false,false,,,,,,false,false,false,,,false,false,false,false,false,-83.23338,42.44388,"{
  ""coordinates"": [
    -8.323337246400000e+01,
    4.244387713600000e+01
  ],
  ""type"": ""Point""
}","{
  ""coordinates"": [
    -83.233372464,
    42.443877136
  ],
  ""type"": ""Point""
}",-83.233372464,42.443877136
8398,9345554,LIVERNOIS,HORATIO,2015-08-16,16,8,2015,16,1,5,9,,4,0,,1,1,1,35,7,2,0,5,0,0,0,0,true,,false,false,true,false,false,,,,,,false,false,false,,,false,false,false,false,false,-83.12367,42.3357,"{
  ""coordinates"": [
    -8.312367164499990e+01,
    4.233570217800010e+01
  ],
  ""type"": ""Point""
}","{
  ""coordinates"": [
    -83.123671645,
    42.335702178
  ],
  ""type"": ""Point""
}",-83.1236716449999,42.3357021780001
8399,9356136,I94,WARREN,2015-08-16,16,8,2015,1,1,5,1,,1,0,,1,1,4,55,3,2,2,3,0,0,1,0,false,,false,false,false,false,false,,,,,,false,true,false,,,false,false,true,false,false,-83.10895,42.34681,"{
  ""coordinates"": [
    -8.310894987499999e+01,
    4.234680733000000e+01
  ],
  ""type"": ""Point""
}","{
  ""coordinates"": [
    -83.108949875,
    42.34680733
  ],
  ""type"": ""Point""
}",-83.108949875,42.34680733
8400,9346343,PLYMOUTH,BURT,2015-08-16,16,8,2015,11,1,2,9,,4,2,,1,1,4,0,6,2,2,5,0,0,0,0,true,,false,false,true,false,false,,,,,,false,false,false,,,false,false,false,false,false,-83.24648,42.37182,"{
  ""coordinates"": [
    -8.324647365500000e+01,
    4.237182326600000e+01
  ],
  ""type"": ""Point""
}","{
  ""coordinates"": [
    -83.246473655,
    42.371823266
  ],
  ""type"": ""Point""
}",-83.246473655,42.371823266
8401,9353442,PATTON,HESSEL,2015-08-16,16,8,2015,1,1,5,9,,,0,,1,1,4,25,2,2,2,5,0,0,0,0,true,,false,false,true,false,false,,,,,,false,false,true,,,false,false,false,false,false,-83.24541,42.44197,"{
  ""coordinates"": [
    -8.324540796399999e+01,
    4.244196772700010e+01
  ],
  ""type"": ""Point""
}","{
  ""coordinates"": [
    -83.245407964,
    42.441967727
  ],
  ""type"": ""Point""
}",-83.245407964,42.4419677270001
8402,9399294,MACOMB,BRUSH,2015-08-16,16,8,2015,1,1,8,9,,4,0,,1,1,4,30,2,2,6,5,0,0,0,0,true,,false,false,false,false,false,,,,,,false,false,true,,,false,false,false,false,false,-83.04411,42.33514,"{
  ""coordinates"": [
    -8.304411247000000e+01,
    4.233513795300010e+01
  ],
  ""type"": ""Point""
}","{
  ""coordinates"": [
    -83.04411247,
    42.335137953
  ],
  ""type"": ""Point""
}",-83.04411247,42.3351379530001
8403,9347113,GRATIOT,BRINGARD,2015-08-16,16,8,2015,13,1,4,3,,1,0,,1,1,1,35,8,2,3,4,0,0,0,1,false,,false,false,false,false,false,,,,,,false,false,false,,,false,false,false,false,false,-82.97036,42.44618,"{
  ""coordinates"": [
    -8.297036196999990e+01,
    4.244618138100000e+01
  ],
  ""type"": ""Point""
}","{
  ""coordinates"": [
    -82.97036197,
    42.446181381
  ],
  ""type"": ""Point""
}",-82.9703619699999,42.446181381
8404,9345406,E I 94,N M 10,2015-08-16,16,8,2015,18,1,8,1,,1,0,,1,1,1,55,3,2,2,4,0,0,0,1,false,,false,false,false,false,false,,,,,,false,false,false,,,false,false,false,false,false,-83.07625,42.35892,"{
  ""coordinates"": [
    -8.307624883900000e+01,
    4.235891614000010e+01
  ],
  ""type"": ""Point""
}","{
  ""coordinates"": [
    -83.076248839,
    42.35891614
  ],
  ""type"": ""Point""
}",-83.076248839,42.3589161400001
8405,9345386,N M 10,LINWOOD,2015-08-16,16,8,2015,23,1,1,3,,1,1,,1,1,1,55,3,1,2,5,0,0,0,0,true,,false,false,false,true,false,,,,,,false,false,true,,,false,false,false,false,false,-83.12754,42.40521,"{
  ""coordinates"": [
    -8.312753952000000e+01,
    4.240521372500010e+01
  ],
  ""type"": ""Point""
}","{
  ""coordinates"": [
    -83.12753952,
    42.405213725
  ],
  ""type"": ""Point""
}",-83.12753952,42.4052137250001
8406,9345563,N I 75 SERVICE DRIVE,SCOTTEN,2015-08-15,15,8,2015,9,7,4,9,,4,0,,1,1,1,25,2,2,3,5,0,0,0,0,true,,false,false,false,false,false,,,,,,false,false,false,,,false,false,false,false,false,-83.08889,42.31388,"{
  ""coordinates"": [
    -8.308889110599991e+01,
    4.231388526300000e+01
  ],
  ""type"": ""Point""
}","{
  ""coordinates"": [
    -83.088891106,
    42.313885263
  ],
  ""type"": ""Point""
}",-83.0888911059999,42.313885263
8407,9399453,JEFFERSON,WOODWARD,2015-08-15,15,8,2015,17,7,4,3,,1,0,,1,1,1,35,4,2,4,5,0,0,0,0,true,,false,false,false,false,false,,,,,,false,true,false,,,false,false,false,false,false,-83.04433,42.32856,"{
  ""coordinates"": [
    -8.304433136700000e+01,
    4.232855656900010e+01
  ],
  ""type"": ""Point""
}","{
  ""coordinates"": [
    -83.044331367,
    42.328556569
  ],
  ""type"": ""Point""
}",-83.044331367,42.3285565690001
8408,9345393,M-10,GLADSTONE,2015-08-15,15,8,2015,15,7,8,9,,4,0,,1,1,1,55,4,2,2,5,0,0,0,0,true,,false,false,false,false,false,,,,,,false,false,false,,,false,false,false,false,false,-83.08879,42.37841,"{
  ""coordinates"": [
    -8.308879233300000e+01,
    4.237840539600010e+01
  ],
  ""type"": ""Point""
}","{
  ""coordinates"": [
    -83.088792333,
    42.378405396
  ],
  ""type"": ""Point""
}",-83.088792333,42.3784053960001
8409,9345533,8 MILE,WOODWARD,2015-08-15,15,8,2015,7,7,4,3,,1,0,,1,1,1,35,2,2,2,4,0,0,0,1,false,,true,true,false,false,false,,,,,,false,false,false,,,false,false,false,false,false,-83.12484,42.44651,"{
  ""coordinates"": [
    -8.312484224699990e+01,
    4.244650485500010e+01
  ],
  ""type"": ""Point""
}","{
  ""coordinates"": [
    -83.124842247,
    42.446504855
  ],
  ""type"": ""Point""
}",-83.1248422469999,42.4465048550001
8410,9345388,RAMP 215F,S M 10,2015-08-15,15,8,2015,15,7,8,1,,1,0,,1,1,1,55,3,2,2,5,0,0,0,0,true,,false,false,true,false,false,,,,,,false,false,false,,,false,false,false,false,false,-83.0777,42.36089,"{
  ""coordinates"": [
    -8.307769417000000e+01,
    4.236088540900000e+01
  ],
  ""type"": ""Point""
}","{
  ""coordinates"": [
    -83.07769417,
    42.360885409
  ],
  ""type"": ""Point""
}",-83.07769417,42.360885409
8411,9344730,MCNICHOLS,FREELAND,2015-08-15,15,8,2015,19,7,4,9,,2,0,,1,1,1,30,4,2,2,5,0,0,0,0,true,,true,false,true,false,false,,,,,,false,false,false,,,false,false,false,false,false,-83.1862,42.41651,"{
  ""coordinates"": [
    -8.318620098400000e+01,
    4.241650962400010e+01
  ],
  ""type"": ""Point""
}","{
  ""coordinates"": [
    -83.186200984,
    42.416509624
  ],
  ""type"": ""Point""
}",-83.186200984,42.4165096240001
8412,9352575,EVANSTON,BARRETT,2015-08-15,15,8,2015,4,7,1,9,,,1,,1,1,4,25,3,1,0,5,0,0,0,0,true,,false,false,true,false,false,,,,,,false,false,false,,,false,false,false,false,false,-82.98624,42.39914,"{
  ""coordinates"": [
    -8.298623451200000e+01,
    4.239913717300000e+01
  ],
  ""type"": ""Point""
}","{
  ""coordinates"": [
    -82.986234512,
    42.399137173
  ],
  ""type"": ""Point""
}",-82.986234512,42.399137173
8413,9345407,RAMP 216E,WARREN,2015-08-15,15,8,2015,13,7,5,1,,1,0,,1,1,1,70,2,2,1,5,0,0,0,0,true,,false,false,true,false,false,,,,,,false,true,false,,,false,false,false,false,false,-83.05469,42.36243,"{
  ""coordinates"": [
    -8.305468763899999e+01,
    4.236243587300000e+01
  ],
  ""type"": ""Point""
}","{
  ""coordinates"": [
    -83.054687639,
    42.362435873
  ],
  ""type"": ""Point""
}",-83.054687639,42.362435873
8414,9353531,EVERGREEN,8 MILE,2015-08-15,15,8,2015,4,7,1,3,,,1,,1,1,4,35,2,1,0,5,0,0,0,0,true,,false,false,true,false,false,,,,,,false,false,false,,,false,false,false,false,false,-83.23746,42.44384,"{
  ""coordinates"": [
    -8.323746340799990e+01,
    4.244383708300010e+01
  ],
  ""type"": ""Point""
}","{
  ""coordinates"": [
    -83.237463408,
    42.443837083
  ],
  ""type"": ""Point""
}",-83.2374634079999,42.4438370830001
8415,9345562,S M 10,EUCLID,2015-08-15,15,8,2015,15,7,5,3,,1,0,,1,1,1,55,3,2,2,5,0,0,0,0,true,,false,false,false,false,false,,,,,,false,false,false,,,false,false,false,false,false,-83.08623,42.37345,"{
  ""coordinates"": [
    -8.308622479699990e+01,
    4.237344840900000e+01
  ],
  ""type"": ""Point""
}","{
  ""coordinates"": [
    -83.086224797,
    42.373448409
  ],
  ""type"": ""Point""
}",-83.0862247969999,42.373448409
8416,9352454,S I 75,PIQUETTE,2015-08-15,15,8,2015,23,7,5,1,,1,0,,1,1,4,55,3,2,5,5,0,0,0,0,true,,false,false,false,false,false,,,,,,false,false,true,,,false,false,false,false,false,-83.05952,42.37185,"{
  ""coordinates"": [
    -8.305951947999991e+01,
    4.237184793200000e+01
  ],
  ""type"": ""Point""
}","{
  ""coordinates"": [
    -83.05951948,
    42.371847932
  ],
  ""type"": ""Point""
}",-83.0595194799999,42.371847932
8417,9347961,MELDRUM,JEFFERSON,2015-08-15,15,8,2015,22,7,97,9,,,0,,1,1,5,25,1,2,0,5,0,0,0,0,true,,false,false,true,false,false,,,,,,false,false,false,,,false,false,false,false,false,-83.00831,42.3444,"{
  ""coordinates"": [
    -8.300830971999990e+01,
    4.234440385900010e+01
  ],
  ""type"": ""Point""
}","{
  ""coordinates"": [
    -83.00830972,
    42.344403859
  ],
  ""type"": ""Point""
}",-83.0083097199999,42.3444038590001
8418,9344739,CONNER,MACK,2015-08-15,15,8,2015,4,7,4,9,,,0,,1,1,4,35,5,2,1,4,0,0,0,1,false,,false,false,true,false,false,,,,,,false,false,false,,,false,false,false,false,false,-82.97321,42.38232,"{
  ""coordinates"": [
    -8.297320902699990e+01,
    4.238232190900000e+01
  ],
  ""type"": ""Point""
}","{
  ""coordinates"": [
    -82.973209027,
    42.382321909
  ],
  ""type"": ""Point""
}",-82.9732090269999,42.382321909
8419,9347074,FORREST,CHENE,2015-08-15,15,8,2015,15,7,4,9,,4,0,,1,1,1,35,3,2,2,5,0,0,0,0,true,,true,true,true,false,false,,,,,,false,false,false,,,false,false,false,false,false,-83.03948,42.36357,"{
  ""coordinates"": [
    -8.303948539299989e+01,
    4.236357170500000e+01
  ],
  ""type"": ""Point""
}","{
  ""coordinates"": [
    -83.039485393,
    42.363571705
  ],
  ""type"": ""Point""
}",-83.0394853929999,42.363571705
8420,9344747,8 MILE,SHERWOOD,2015-08-15,15,8,2015,15,7,8,3,,1,0,,1,1,1,0,4,2,3,5,0,0,0,0,true,,false,false,true,false,false,,,,,,false,true,false,,,false,false,false,false,false,-83.03451,42.44793,"{
  ""coordinates"": [
    -8.303451001699990e+01,
    4.244793505300000e+01
  ],
  ""type"": ""Point""
}","{
  ""coordinates"": [
    -83.034510017,
    42.447935053
  ],
  ""type"": ""Point""
}",-83.0345100169999,42.447935053
8421,9346336,HEREFORD,WARREN,2015-08-15,15,8,2015,13,7,4,9,,,0,,1,1,1,25,2,2,1,5,0,0,0,0,true,,false,false,false,false,false,,,,,,false,false,false,,,false,false,false,false,false,-82.92263,42.40683,"{
  ""coordinates"": [
    -8.292263299200000e+01,
    4.240683017600000e+01
  ],
  ""type"": ""Point""
}","{
  ""coordinates"": [
    -82.922632992,
    42.406830176
  ],
  ""type"": ""Point""
}",-82.922632992,42.406830176
8422,9346235,SB I-75,CLAY,2015-08-15,15,8,2015,17,7,5,1,,1,0,,1,1,1,55,4,3,3,5,0,0,0,0,true,,false,false,false,false,false,,,,,,false,false,false,,,false,false,false,false,false,-83.06289,42.37835,"{
  ""coordinates"": [
    -8.306288911000000e+01,
    4.237834943100010e+01
  ],
  ""type"": ""Point""
}","{
  ""coordinates"": [
    -83.06288911,
    42.378349431
  ],
  ""type"": ""Point""
}",-83.06288911,42.3783494310001
8423,9345532,WOODWARD,7 MILE,2015-08-15,15,8,2015,6,7,4,3,,1,0,,1,1,3,40,4,2,2,5,0,0,0,0,true,,true,true,true,false,false,,,,,,false,false,true,,,false,false,false,false,false,-83.11541,42.43211,"{
  ""coordinates"": [
    -8.311541225799991e+01,
    4.243211451600010e+01
  ],
  ""type"": ""Point""
}","{
  ""coordinates"": [
    -83.115412258,
    42.432114516
  ],
  ""type"": ""Point""
}",-83.1154122579999,42.4321145160001
8424,9345392,E I 94,ADDISON,2015-08-15,15,8,2015,10,7,5,1,,1,0,,1,1,1,55,3,2,2,5,0,0,0,0,true,,false,false,false,false,false,,,,,,false,false,false,,,false,false,false,false,false,-83.14806,42.33069,"{
  ""coordinates"": [
    -8.314805403100000e+01,
    4.233069176700010e+01
  ],
  ""type"": ""Point""
}","{
  ""coordinates"": [
    -83.148054031,
    42.330691767
  ],
  ""type"": ""Point""
}",-83.148054031,42.3306917670001
8425,9346347,FINDLAY,DRESDEN,2015-08-15,15,8,2015,17,7,1,9,,4,1,,1,1,1,25,2,1,1,4,0,0,0,1,false,,false,false,false,false,false,,,,,,false,false,false,,,false,false,false,false,false,-82.99139,42.41654,"{
  ""coordinates"": [
    -8.299139498400000e+01,
    4.241654078900010e+01
  ],
  ""type"": ""Point""
}","{
  ""coordinates"": [
    -82.991394984,
    42.416540789
  ],
  ""type"": ""Point""
}",-82.991394984,42.4165407890001
8426,9399015,WASHINGTON,MICHIGAN,2015-08-15,15,8,2015,1,7,97,9,,4,0,,1,1,4,25,2,2,3,5,0,0,0,0,true,,false,false,false,false,false,,,,,,false,false,false,,,false,false,false,false,false,-83.05117,42.33181,"{
  ""coordinates"": [
    -8.305116935800000e+01,
    4.233180684600010e+01
  ],
  ""type"": ""Point""
}","{
  ""coordinates"": [
    -83.051169358,
    42.331806846
  ],
  ""type"": ""Point""
}",-83.051169358,42.3318068460001
8427,9347960,MORANG,FAIRCREST,2015-08-15,15,8,2015,6,7,1,9,,4,0,,1,1,2,25,4,1,1,5,0,0,0,0,true,,false,false,false,false,false,,,,,,false,false,false,,,false,false,false,false,false,-82.95998,42.43243,"{
  ""coordinates"": [
    -8.295998346700000e+01,
    4.243243535100000e+01
  ],
  ""type"": ""Point""
}","{
  ""coordinates"": [
    -82.959983467,
    42.432435351
  ],
  ""type"": ""Point""
}",-82.959983467,42.432435351
8428,9348880,BEAUBIEN,MACOMB,2015-08-15,15,8,2015,20,7,8,9,,4,0,,1,1,4,30,2,2,1,4,0,0,0,1,false,,false,false,true,false,false,,,,,,false,false,false,,,false,false,false,false,false,-83.04307,42.33564,"{
  ""coordinates"": [
    -8.304306767400000e+01,
    4.233563800400000e+01
  ],
  ""type"": ""Point""
}","{
  ""coordinates"": [
    -83.043067674,
    42.335638004
  ],
  ""type"": ""Point""
}",-83.043067674,42.335638004
8429,9344748,OUTER,MT ELLIOTT,2015-08-15,15,8,2015,5,7,97,9,,2,1,,1,1,4,35,4,2,2,5,0,0,0,0,true,,true,true,false,false,false,,,,,,false,false,true,,,true,false,false,false,false,-83.03697,42.44092,"{
  ""coordinates"": [
    -8.303697290699991e+01,
    4.244092009000010e+01
  ],
  ""type"": ""Point""
}","{
  ""coordinates"": [
    -83.036972907,
    42.44092009
  ],
  ""type"": ""Point""
}",-83.0369729069999,42.4409200900001
8430,9353383,MANSFIELD,FENKELL,2015-08-15,15,8,2015,2,7,8,9,,,0,,1,1,4,25,2,2,0,5,0,0,0,0,true,,false,false,true,false,false,,,,,,false,false,false,,,false,false,false,false,false,-83.20516,42.40136,"{
  ""coordinates"": [
    -8.320516128700000e+01,
    4.240135725900010e+01
  ],
  ""type"": ""Point""
}","{
  ""coordinates"": [
    -83.205161287,
    42.401357259
  ],
  ""type"": ""Point""
}",-83.205161287,42.4013572590001
8431,9347071,SANFORD,CONNER,2015-08-15,15,8,2015,0,7,2,9,,,2,,1,1,4,25,2,2,3,5,0,0,0,0,true,,false,false,true,false,false,,,,,,false,false,false,,,false,false,false,false,false,-83.00408,42.41027,"{
  ""coordinates"": [
    -8.300408206199999e+01,
    4.241026502600000e+01
  ],
  ""type"": ""Point""
}","{
  ""coordinates"": [
    -83.004082062,
    42.410265026
  ],
  ""type"": ""Point""
}",-83.004082062,42.410265026
8432,9352441,SOUTHFIELD,6 MILE,2015-08-15,15,8,2015,5,7,8,3,,1,0,,1,1,4,55,3,4,5,3,0,0,2,0,false,,false,false,false,false,false,,,,,,false,false,false,,,false,false,false,false,false,-83.2187,42.41193,"{
  ""coordinates"": [
    -8.321869803200001e+01,
    4.241193423200010e+01
  ],
  ""type"": ""Point""
}","{
  ""coordinates"": [
    -83.218698032,
    42.411934232
  ],
  ""type"": ""Point""
}",-83.218698032,42.4119342320001
8433,9344744,GRATIOT,ARNDT,2015-08-15,15,8,2015,22,7,1,3,,1,0,,1,1,5,35,7,2,1,1,1,0,0,0,false,,false,false,true,true,false,,,,,,true,false,true,,,false,false,false,false,false,-83.03187,42.35275,"{
  ""coordinates"": [
    -8.303186809200000e+01,
    4.235274381900010e+01
  ],
  ""type"": ""Point""
}","{
  ""coordinates"": [
    -83.031868092,
    42.352743819
  ],
  ""type"": ""Point""
}",-83.031868092,42.3527438190001
8434,9347060,5868 ROMEYN,JUNCTION,2015-08-15,15,8,2015,4,7,97,9,,,0,,1,1,4,25,1,2,1,5,0,0,0,0,true,,false,false,true,false,false,,,,,,false,false,false,,,false,false,false,false,false,-83.10349,42.32013,"{
  ""coordinates"": [
    -8.310349067000000e+01,
    4.232012756900010e+01
  ],
  ""type"": ""Point""
}","{
  ""coordinates"": [
    -83.10349067,
    42.320127569
  ],
  ""type"": ""Point""
}",-83.10349067,42.3201275690001
8435,9399181,ST ANTOINE,ATWATER,2015-08-15,15,8,2015,0,7,5,9,,4,0,,1,1,4,15,4,2,3,4,0,0,0,1,false,,false,false,false,false,false,,,,,,false,false,true,,,false,false,false,false,false,-83.03683,42.32932,"{
  ""coordinates"": [
    -8.303683274299991e+01,
    4.232931391400010e+01
  ],
  ""type"": ""Point""
}","{
  ""coordinates"": [
    -83.036832743,
    42.329313914
  ],
  ""type"": ""Point""
}",-83.0368327429999,42.3293139140001
8436,9348804,N/B M 39,TIREMAN,2015-08-15,15,8,2015,16,7,5,3,,1,0,,1,1,1,55,3,3,3,5,0,0,0,0,true,,false,false,false,false,false,,,,,,false,false,true,,,false,false,false,false,false,-83.21626,42.35102,"{
  ""coordinates"": [
    -8.321625657100000e+01,
    4.235102105000000e+01
  ],
  ""type"": ""Point""
}","{
  ""coordinates"": [
    -83.216256571,
    42.35102105
  ],
  ""type"": ""Point""
}",-83.216256571,42.35102105
8437,9344716,GRAND,LINWOOD,2015-08-15,15,8,2015,12,7,5,9,,,0,,1,1,1,35,1,2,0,5,0,0,0,0,true,,false,false,true,false,false,,,,,,false,false,false,,,false,false,false,false,false,-83.12313,42.39461,"{
  ""coordinates"": [
    -8.312313298299991e+01,
    4.239460616400000e+01
  ],
  ""type"": ""Point""
}","{
  ""coordinates"": [
    -83.123132983,
    42.394606164
  ],
  ""type"": ""Point""
}",-83.1231329829999,42.394606164
8438,9346334,CHALMERS,FRANKFORT,2015-08-15,15,8,2015,16,7,4,9,,4,0,,1,1,1,30,1,2,2,5,0,0,0,0,true,,false,false,false,false,false,,,,,,false,true,false,,,false,false,false,false,false,-82.95988,42.39709,"{
  ""coordinates"": [
    -8.295987730800000e+01,
    4.239709198000000e+01
  ],
  ""type"": ""Point""
}","{
  ""coordinates"": [
    -82.959877308,
    42.39709198
  ],
  ""type"": ""Point""
}",-82.959877308,42.39709198
8439,9345394,I75,VERNOR,2015-08-15,15,8,2015,18,7,5,1,,1,0,,1,1,1,70,5,2,5,5,0,0,0,0,true,,false,false,false,false,false,,,,,,false,false,false,,,false,false,false,false,false,-83.08266,42.31821,"{
  ""coordinates"": [
    -8.308265971000000e+01,
    4.231821432900010e+01
  ],
  ""type"": ""Point""
}","{
  ""coordinates"": [
    -83.08265971,
    42.318214329
  ],
  ""type"": ""Point""
}",-83.08265971,42.3182143290001
8440,9355291,N M 39,RAMP 006A,2015-08-15,15,8,2015,13,7,97,3,,1,0,,1,1,1,55,3,2,4,5,0,0,0,0,true,,false,false,false,false,false,,,,,,false,false,false,,,false,false,false,false,false,-83.21603,42.34065,"{
  ""coordinates"": [
    -8.321603081900000e+01,
    4.234065131200000e+01
  ],
  ""type"": ""Point""
}","{
  ""coordinates"": [
    -83.216030819,
    42.340651312
  ],
  ""type"": ""Point""
}",-83.216030819,42.340651312
8441,9399086,ST AUBIN,HOLBROOK,2015-08-15,15,8,2015,20,7,5,9,,4,0,,1,1,4,25,4,2,2,4,0,0,0,3,false,,false,false,false,false,false,,,,,,false,false,true,,,false,false,false,false,false,-83.06059,42.38844,"{
  ""coordinates"": [
    -8.306058864499990e+01,
    4.238843757500010e+01
  ],
  ""type"": ""Point""
}","{
  ""coordinates"": [
    -83.060588645,
    42.388437575
  ],
  ""type"": ""Point""
}",-83.0605886449999,42.3884375750001
8442,9348871,MACK,MCCLELLAN,2015-08-15,15,8,2015,14,7,5,9,,4,0,,1,1,1,30,3,2,2,5,0,0,0,0,true,,false,false,false,false,false,,,,,,false,false,true,,,false,false,false,false,false,-82.99403,42.37209,"{
  ""coordinates"": [
    -8.299402854100001e+01,
    4.237208389900010e+01
  ],
  ""type"": ""Point""
}","{
  ""coordinates"": [
    -82.994028541,
    42.372083899
  ],
  ""type"": ""Point""
}",-82.994028541,42.3720838990001
8443,9345396,RAMP 120A,S M 10,2015-08-15,15,8,2015,22,7,5,3,,1,0,,1,1,4,55,3,2,6,5,0,0,0,0,true,,false,false,false,false,false,,,,,,false,false,false,,,false,false,false,false,false,-83.06748,42.34166,"{
  ""coordinates"": [
    -8.306748041500001e+01,
    4.234165459200010e+01
  ],
  ""type"": ""Point""
}","{
  ""coordinates"": [
    -83.067480415,
    42.341654592
  ],
  ""type"": ""Point""
}",-83.067480415,42.3416545920001