ObjectId,Crash ID,Primary Road,Intersecting Road,Crash Date,Day,Month,Year,Hour,Weekday,Crash Type Code,Highway Classification Code,Community Code,Jurisdiction Code,Lane Departure Type Code,Surface Type,Road Condition,Weather Condition,Lighting Condition,Speed Limit,Lanes,Units,Occupants,Most Severe Injury,Fatal Injuries,Suspected Serious Injuries,Suspected Minor Injuries,Possible Injuries,Property Damage Only,Secondary Crash,Traffic Control,Red Light Run,Hit and Run,Alcohol,Drugs,Unbelted Person,Work Zone,Speeding Driver,Distracted Driver,Driveway,Pedestrian,Elderly Driver,Young Driver,Commercial Vehicle,Emergency Vehicles,Train,School Bus,Motorcycle,Bicycle,Deer,Longitude,Latitude,geom,geog,x,y
8501,9347993,GREENFIELD,8 MILE,2015-08-14,14,8,2015,13,6,4,7,,1,0,,1,1,1,35,5,2,2,5,0,0,0,0,true,,false,false,false,false,false,,,,,,false,false,true,,,false,false,false,false,false,-83.20049,42.44432,"{
  ""coordinates"": [
    -8.320048582299999e+01,
    4.244431595300010e+01
  ],
  ""type"": ""Point""
}","{
  ""coordinates"": [
    -83.200485823,
    42.444315953
  ],
  ""type"": ""Point""
}",-83.200485823,42.4443159530001
8502,9350030,S I 75,NEVADA,2015-08-14,14,8,2015,2,6,1,1,,1,1,,1,1,4,70,3,1,0,5,0,0,0,0,true,,false,false,true,false,false,,,,,,false,false,false,,,false,false,false,false,false,-83.09357,42.42502,"{
  ""coordinates"": [
    -8.309357469699999e+01,
    4.242502082900010e+01
  ],
  ""type"": ""Point""
}","{
  ""coordinates"": [
    -83.093574697,
    42.425020829
  ],
  ""type"": ""Point""
}",-83.093574697,42.4250208290001
8503,9344733,HARPER,HARVARD,2015-08-14,14,8,2015,23,6,5,9,,4,0,,1,1,3,35,2,2,4,5,0,0,0,0,true,,false,false,true,false,false,,,,,,false,false,true,,,false,false,false,false,false,-82.93775,42.41583,"{
  ""coordinates"": [
    -8.293775472399990e+01,
    4.241583165400000e+01
  ],
  ""type"": ""Point""
}","{
  ""coordinates"": [
    -82.937754724,
    42.415831654
  ],
  ""type"": ""Point""
}",-82.9377547239999,42.415831654
8504,9350328,ANGLIN,CONANT,2015-08-14,14,8,2015,17,6,5,9,,,0,,1,1,1,20,2,2,1,5,0,0,0,0,true,,false,false,true,false,false,,,,,,false,false,false,,,false,false,false,false,false,-83.07559,42.43422,"{
  ""coordinates"": [
    -8.307559090500000e+01,
    4.243422294700010e+01
  ],
  ""type"": ""Point""
}","{
  ""coordinates"": [
    -83.075590905,
    42.434222947
  ],
  ""type"": ""Point""
}",-83.075590905,42.4342229470001
8505,9344505,MT ELLIOT,HUBER,2015-08-14,14,8,2015,0,6,8,9,,4,0,,1,1,5,35,2,2,1,5,0,0,0,0,true,,false,false,true,false,false,,,,,,false,false,false,,,false,false,false,false,false,-83.03757,42.39752,"{
  ""coordinates"": [
    -8.303757668000000e+01,
    4.239752163000000e+01
  ],
  ""type"": ""Point""
}","{
  ""coordinates"": [
    -83.03757668,
    42.39752163
  ],
  ""type"": ""Point""
}",-83.03757668,42.39752163
8506,9345560,VERNOR,JOHNSON,2015-08-14,14,8,2015,17,6,3,9,,4,0,,1,1,1,30,4,2,3,5,0,0,0,0,true,,false,false,false,false,false,,,,,,false,false,true,,,false,false,false,false,false,-83.08006,42.32671,"{
  ""coordinates"": [
    -8.308005571400000e+01,
    4.232670481800010e+01
  ],
  ""type"": ""Point""
}","{
  ""coordinates"": [
    -83.080055714,
    42.326704818
  ],
  ""type"": ""Point""
}",-83.080055714,42.3267048180001
8507,9347073,WARREN,ALGONQUIN,2015-08-14,14,8,2015,19,6,97,9,,4,0,,1,1,1,35,7,2,3,5,0,0,0,0,true,,false,false,false,false,false,,,,,,false,false,false,,,false,false,false,false,false,-82.97031,42.39132,"{
  ""coordinates"": [
    -8.297031239300000e+01,
    4.239131932600000e+01
  ],
  ""type"": ""Point""
}","{
  ""coordinates"": [
    -82.970312393,
    42.391319326
  ],
  ""type"": ""Point""
}",-82.970312393,42.391319326
8508,9347118,DICKERSON,OUTER,2015-08-14,14,8,2015,18,6,4,9,,4,0,,1,1,1,30,2,2,3,5,0,0,0,0,true,,true,true,false,false,false,,,,,,false,false,true,,,false,false,false,false,false,-82.97935,42.41216,"{
  ""coordinates"": [
    -8.297934660300000e+01,
    4.241215614800010e+01
  ],
  ""type"": ""Point""
}","{
  ""coordinates"": [
    -82.979346603,
    42.412156148
  ],
  ""type"": ""Point""
}",-82.979346603,42.4121561480001
8509,9346953,RAMP 050H,S I 75 SERVICE DRIVE,2015-08-14,14,8,2015,13,6,8,1,,1,0,,1,1,1,35,2,2,1,5,0,0,0,0,true,,false,false,true,false,false,,,,,,false,false,false,,,false,false,false,false,false,-83.09557,42.44234,"{
  ""coordinates"": [
    -8.309557022900000e+01,
    4.244234019200010e+01
  ],
  ""type"": ""Point""
}","{
  ""coordinates"": [
    -83.095570229,
    42.442340192
  ],
  ""type"": ""Point""
}",-83.095570229,42.4423401920001
8510,9345424,N M 10,RAMP 215D,2015-08-14,14,8,2015,22,6,5,3,,1,0,,1,1,4,55,3,2,2,3,0,0,1,1,false,,false,false,false,false,false,,,,,,false,false,false,,,false,false,false,false,false,-83.07581,42.35869,"{
  ""coordinates"": [
    -8.307580359600000e+01,
    4.235868667200000e+01
  ],
  ""type"": ""Point""
}","{
  ""coordinates"": [
    -83.075803596,
    42.358686672
  ],
  ""type"": ""Point""
}",-83.075803596,42.358686672
8511,9345539,CHICAGO,BRAILE,2015-08-14,14,8,2015,11,6,97,9,,4,0,,2,4,4,0,1,2,1,5,0,0,0,0,true,,false,false,false,false,false,,,,,,false,false,true,,,false,false,false,false,false,-83.24408,42.36458,"{
  ""coordinates"": [
    -8.324407598999990e+01,
    4.236458290000010e+01
  ],
  ""type"": ""Point""
}","{
  ""coordinates"": [
    -83.24407599,
    42.3645829
  ],
  ""type"": ""Point""
}",-83.2440759899999,42.3645829000001
8512,9399227,PLYMOUTH,STEEL,2015-08-14,14,8,2015,21,6,8,9,,4,0,,2,4,4,30,4,2,5,5,0,0,0,0,true,,false,false,false,false,false,,,,,,false,false,true,,,false,false,false,false,false,-83.17078,42.37317,"{
  ""coordinates"": [
    -8.317078455099990e+01,
    4.237317085200000e+01
  ],
  ""type"": ""Point""
}","{
  ""coordinates"": [
    -83.170784551,
    42.373170852
  ],
  ""type"": ""Point""
}",-83.1707845509999,42.373170852
8513,9367910,GRAND RIVER,ROBSON,2015-08-14,14,8,2015,21,6,1,3,,1,0,,2,4,5,35,5,3,1,2,0,2,0,0,false,,false,false,true,false,false,,,,,,true,false,false,,,false,false,false,false,false,-83.19244,42.39027,"{
  ""coordinates"": [
    -8.319243671899990e+01,
    4.239026844500010e+01
  ],
  ""type"": ""Point""
}","{
  ""coordinates"": [
    -83.192436719,
    42.390268445
  ],
  ""type"": ""Point""
}",-83.1924367189999,42.3902684450001
8514,9344742,N M 10,MCNICHOLS,2015-08-14,14,8,2015,15,6,97,3,,1,0,,1,1,1,35,3,2,2,5,0,0,0,0,true,,false,false,false,false,false,,,,,,false,false,false,,,false,false,false,false,false,-83.17204,42.41663,"{
  ""coordinates"": [
    -8.317204160100000e+01,
    4.241662772400010e+01
  ],
  ""type"": ""Point""
}","{
  ""coordinates"": [
    -83.172041601,
    42.416627724
  ],
  ""type"": ""Point""
}",-83.172041601,42.4166277240001
8515,9347102,RUSSELL,ERSKINE,2015-08-14,14,8,2015,14,6,8,9,,4,0,,1,1,1,25,2,2,1,5,0,0,0,0,true,,false,false,true,false,false,,,,,,false,true,false,,,false,false,false,false,false,-83.04329,42.35047,"{
  ""coordinates"": [
    -8.304329020400000e+01,
    4.235046947300000e+01
  ],
  ""type"": ""Point""
}","{
  ""coordinates"": [
    -83.043290204,
    42.350469473
  ],
  ""type"": ""Point""
}",-83.043290204,42.350469473
8516,9400231,WYOMING,PLYMOUTH,2015-08-14,14,8,2015,21,6,5,9,,4,0,,1,1,4,35,5,2,2,4,0,0,0,1,false,,false,false,true,false,false,,,,,,false,false,false,,,false,false,false,false,false,-83.15855,42.37342,"{
  ""coordinates"": [
    -8.315855663799989e+01,
    4.237341587400000e+01
  ],
  ""type"": ""Point""
}","{
  ""coordinates"": [
    -83.158556638,
    42.373415874
  ],
  ""type"": ""Point""
}",-83.1585566379999,42.373415874
8517,9344740,WYOMING,BELTON,2015-08-14,14,8,2015,23,6,8,9,,4,3,,1,1,4,25,4,2,1,4,0,0,0,1,false,,false,false,false,false,false,,,,,,false,true,false,,,false,false,false,false,false,-83.15756,42.35274,"{
  ""coordinates"": [
    -8.315756451899991e+01,
    4.235273960500010e+01
  ],
  ""type"": ""Point""
}","{
  ""coordinates"": [
    -83.157564519,
    42.352739605
  ],
  ""type"": ""Point""
}",-83.1575645189999,42.3527396050001
8518,9347082,SALTER,SEYMOUR,2015-08-14,14,8,2015,13,6,4,9,,,0,,1,1,1,25,2,2,2,5,0,0,0,0,true,,true,false,true,false,false,,,,,,false,false,false,,,false,false,false,false,false,-82.96041,42.42723,"{
  ""coordinates"": [
    -8.296041378200000e+01,
    4.242723177100000e+01
  ],
  ""type"": ""Point""
}","{
  ""coordinates"": [
    -82.960413782,
    42.427231771
  ],
  ""type"": ""Point""
}",-82.960413782,42.427231771
8519,9345567,MEYERS,7 MILE,2015-08-14,14,8,2015,17,6,1,9,,4,0,,1,1,1,25,1,2,1,5,0,0,0,0,true,,false,false,true,false,false,,,,,,false,false,false,,,false,false,false,true,false,-83.17069,42.43125,"{
  ""coordinates"": [
    -8.317068907100000e+01,
    4.243124718100010e+01
  ],
  ""type"": ""Point""
}","{
  ""coordinates"": [
    -83.170689071,
    42.431247181
  ],
  ""type"": ""Point""
}",-83.170689071,42.4312471810001
8520,9344727,CHICAGO,MINOCK,2015-08-14,14,8,2015,20,6,4,9,,4,0,,1,1,4,30,2,2,4,4,0,0,0,1,false,,false,false,false,false,false,,,,,,false,false,true,,,false,false,false,false,false,-83.23235,42.36477,"{
  ""coordinates"": [
    -8.323234825500001e+01,
    4.236477078900000e+01
  ],
  ""type"": ""Point""
}","{
  ""coordinates"": [
    -83.232348255,
    42.364770789
  ],
  ""type"": ""Point""
}",-83.232348255,42.364770789
8521,9347109,SCHOENHERR,EIGHT MILE,2015-08-14,14,8,2015,20,6,97,9,,4,0,,2,4,5,25,2,1,1,5,0,0,0,0,true,,false,false,false,false,false,,,,,,false,false,false,,,false,false,false,false,false,-82.9856,42.4479,"{
  ""coordinates"": [
    -8.298560402699999e+01,
    4.244789782300010e+01
  ],
  ""type"": ""Point""
}","{
  ""coordinates"": [
    -82.985604027,
    42.447897823
  ],
  ""type"": ""Point""
}",-82.985604027,42.4478978230001
8522,9344726,JOHN R,EIGHT MILE,2015-08-14,14,8,2015,14,6,2,3,,4,2,,1,1,1,0,4,2,3,5,0,0,0,0,true,,false,false,false,false,false,,,,,,false,false,false,,,false,false,false,false,false,-83.10287,42.44702,"{
  ""coordinates"": [
    -8.310286556800000e+01,
    4.244701699300000e+01
  ],
  ""type"": ""Point""
}","{
  ""coordinates"": [
    -83.102865568,
    42.447016993
  ],
  ""type"": ""Point""
}",-83.102865568,42.447016993
8523,9343427,VERNOR,GRATIOT,2015-08-14,14,8,2015,2,6,4,3,,4,0,,1,1,4,25,4,2,3,5,0,0,0,0,true,,true,false,true,false,false,,,,,,false,false,false,,,false,false,false,false,false,-83.03452,42.3486,"{
  ""coordinates"": [
    -8.303451797600000e+01,
    4.234860209100000e+01
  ],
  ""type"": ""Point""
}","{
  ""coordinates"": [
    -83.034517976,
    42.348602091
  ],
  ""type"": ""Point""
}",-83.034517976,42.348602091
8524,9347115,HARPER,CONNER,2015-08-14,14,8,2015,5,6,4,9,,4,0,,1,1,4,30,3,2,7,4,0,0,0,1,false,,true,true,false,false,false,,,,,,false,false,false,,,false,false,false,false,false,-82.98958,42.39729,"{
  ""coordinates"": [
    -8.298957968799991e+01,
    4.239728738200010e+01
  ],
  ""type"": ""Point""
}","{
  ""coordinates"": [
    -82.989579688,
    42.397287382
  ],
  ""type"": ""Point""
}",-82.9895796879999,42.3972873820001
8525,9345553,SCHOOLCRAFT,STOUT,2015-08-14,14,8,2015,12,6,4,9,,2,0,,1,1,1,30,2,2,2,5,0,0,0,0,true,,false,false,false,false,false,,,,,,false,false,false,,,false,false,false,false,false,-83.24157,42.38616,"{
  ""coordinates"": [
    -8.324156725599990e+01,
    4.238615815100010e+01
  ],
  ""type"": ""Point""
}","{
  ""coordinates"": [
    -83.241567256,
    42.386158151
  ],
  ""type"": ""Point""
}",-83.2415672559999,42.3861581510001
8526,9345372,W I 96,OUTER,2015-08-14,14,8,2015,23,6,5,1,,1,0,,1,1,4,55,3,2,2,4,0,0,0,1,false,,false,false,false,false,false,,,,,,false,true,false,,,false,false,false,false,false,-83.25638,42.38562,"{
  ""coordinates"": [
    -8.325637480800000e+01,
    4.238561663900000e+01
  ],
  ""type"": ""Point""
}","{
  ""coordinates"": [
    -83.256374808,
    42.385616639
  ],
  ""type"": ""Point""
}",-83.256374808,42.385616639
8527,9344746,ANGLIN,EMERY,2015-08-14,14,8,2015,14,6,8,9,,,0,,1,1,1,25,2,2,0,5,0,0,0,0,true,,false,false,true,false,false,,,,,,false,false,false,,,false,false,false,false,false,-83.07482,42.43548,"{
  ""coordinates"": [
    -8.307481768900000e+01,
    4.243547935700010e+01
  ],
  ""type"": ""Point""
}","{
  ""coordinates"": [
    -83.074817689,
    42.435479357
  ],
  ""type"": ""Point""
}",-83.074817689,42.4354793570001
8528,9343465,WARREN,WOODWARD,2015-08-14,14,8,2015,5,6,5,3,,4,0,,1,1,4,30,3,2,2,5,0,0,0,0,true,,false,false,false,false,false,,,,,,false,false,false,,,false,false,false,false,false,-83.06403,42.35704,"{
  ""coordinates"": [
    -8.306402814599990e+01,
    4.235704609600000e+01
  ],
  ""type"": ""Point""
}","{
  ""coordinates"": [
    -83.064028146,
    42.357046096
  ],
  ""type"": ""Point""
}",-83.0640281459999,42.357046096
8529,9399210,GRAND RIVER,TERRY,2015-08-14,14,8,2015,22,6,97,3,,1,0,,2,4,4,35,6,4,1,2,0,2,0,0,false,,false,false,true,false,false,,,,,,true,false,false,,,false,false,false,false,false,-83.19131,42.38981,"{
  ""coordinates"": [
    -8.319130627500000e+01,
    4.238981413000000e+01
  ],
  ""type"": ""Point""
}","{
  ""coordinates"": [
    -83.191306275,
    42.38981413
  ],
  ""type"": ""Point""
}",-83.191306275,42.38981413
8530,9347107,HAYES,FLANDERS,2015-08-14,14,8,2015,0,6,4,9,,4,0,,1,1,4,35,2,2,2,5,0,0,0,0,true,,true,false,true,false,false,,,,,,false,false,true,,,false,false,false,false,false,-82.965,42.41997,"{
  ""coordinates"": [
    -8.296499423099991e+01,
    4.241996993900010e+01
  ],
  ""type"": ""Point""
}","{
  ""coordinates"": [
    -82.964994231,
    42.419969939
  ],
  ""type"": ""Point""
}",-82.9649942309999,42.4199699390001
8531,9399223,COYLE,GROVE,2015-08-14,14,8,2015,16,6,5,9,,,0,,1,2,1,25,1,2,1,3,0,0,1,0,false,,false,false,false,false,false,,,,,,false,false,false,,,false,false,false,false,false,-83.19433,42.41353,"{
  ""coordinates"": [
    -8.319433171999999e+01,
    4.241353291300000e+01
  ],
  ""type"": ""Point""
}","{
  ""coordinates"": [
    -83.19433172,
    42.413532913
  ],
  ""type"": ""Point""
}",-83.19433172,42.413532913
8532,9345417,RAMP ID 008K,M39,2015-08-14,14,8,2015,18,6,5,1,,1,0,,1,1,1,55,4,2,1,5,0,0,0,0,true,,false,false,true,false,false,,,,,,false,false,false,,,false,false,false,false,false,-83.2169,42.37408,"{
  ""coordinates"": [
    -8.321689631100000e+01,
    4.237408069300010e+01
  ],
  ""type"": ""Point""
}","{
  ""coordinates"": [
    -83.216896311,
    42.374080693
  ],
  ""type"": ""Point""
}",-83.216896311,42.3740806930001
8533,9399291,JOHN R,MILWAUKEE,2015-08-14,14,8,2015,14,6,4,9,,4,0,,1,1,1,25,2,2,2,5,0,0,0,0,true,,false,false,true,false,false,,,,,,false,true,false,,,false,false,false,false,false,-83.07034,42.36994,"{
  ""coordinates"": [
    -8.307033394800000e+01,
    4.236994126100010e+01
  ],
  ""type"": ""Point""
}","{
  ""coordinates"": [
    -83.070333948,
    42.369941261
  ],
  ""type"": ""Point""
}",-83.070333948,42.3699412610001
8534,9344725,EVERGREEN,CURTIS,2015-08-14,14,8,2015,17,6,5,9,,4,0,,1,1,1,35,2,3,4,5,0,0,0,0,true,,false,false,false,false,false,,,,,,false,false,true,,,false,false,false,false,false,-83.23852,42.42237,"{
  ""coordinates"": [
    -8.323851801300000e+01,
    4.242236553400010e+01
  ],
  ""type"": ""Point""
}","{
  ""coordinates"": [
    -83.238518013,
    42.422365534
  ],
  ""type"": ""Point""
}",-83.238518013,42.4223655340001
8535,9345381,S I 75,RAMP 216B,2015-08-14,14,8,2015,20,6,5,1,,1,0,,2,4,4,55,3,2,2,5,0,0,0,0,true,,false,false,false,false,false,,,,,,false,false,false,,,false,false,false,false,false,-83.05759,42.36722,"{
  ""coordinates"": [
    -8.305759116699990e+01,
    4.236721738600000e+01
  ],
  ""type"": ""Point""
}","{
  ""coordinates"": [
    -83.057591167,
    42.367217386
  ],
  ""type"": ""Point""
}",-83.0575911669999,42.367217386
8536,9345537,MCNICHOLS,HUBBELL,2015-08-14,14,8,2015,19,6,3,9,,2,0,,1,2,1,35,4,2,1,5,0,0,0,0,true,,false,false,true,false,false,,,,,,false,false,false,,,false,false,false,false,false,-83.18957,42.41646,"{
  ""coordinates"": [
    -8.318956618399990e+01,
    4.241645688700000e+01
  ],
  ""type"": ""Point""
}","{
  ""coordinates"": [
    -83.189566184,
    42.416456887
  ],
  ""type"": ""Point""
}",-83.1895661839999,42.416456887
8537,9343440,GRAND RIVER,E I 96 SERVICE DRIVE,2015-08-14,14,8,2015,3,6,5,3,,1,0,,1,1,5,35,4,2,1,5,0,0,0,0,true,,false,false,true,false,false,,,,,,false,false,false,,,false,false,false,false,false,-83.1751,42.38329,"{
  ""coordinates"": [
    -8.317509896599999e+01,
    4.238329064300010e+01
  ],
  ""type"": ""Point""
}","{
  ""coordinates"": [
    -83.175098966,
    42.383290643
  ],
  ""type"": ""Point""
}",-83.175098966,42.3832906430001
8538,9344506,HAGUE,OAKLAND,2015-08-14,14,8,2015,10,6,8,9,,,0,,1,1,1,25,1,2,0,5,0,0,0,0,true,,false,false,true,false,false,,,,,,false,false,false,,,false,false,false,false,false,-83.07075,42.38187,"{
  ""coordinates"": [
    -8.307074594499990e+01,
    4.238187277600010e+01
  ],
  ""type"": ""Point""
}","{
  ""coordinates"": [
    -83.070745945,
    42.381872776
  ],
  ""type"": ""Point""
}",-83.0707459449999,42.3818727760001
8539,9345561,LONYO,ST JOHN,2015-08-14,14,8,2015,20,6,4,9,,4,0,,2,4,4,25,2,2,3,5,0,0,0,0,true,,false,false,false,false,false,,,,,,false,false,true,,,false,false,false,false,false,-83.14024,42.32465,"{
  ""coordinates"": [
    -8.314023568099999e+01,
    4.232464637700010e+01
  ],
  ""type"": ""Point""
}","{
  ""coordinates"": [
    -83.140235681,
    42.324646377
  ],
  ""type"": ""Point""
}",-83.140235681,42.3246463770001
8540,9399443,MERRILL PLAISANCE,WOODWARD,2015-08-14,14,8,2015,20,6,4,3,,4,0,,2,4,5,25,2,2,6,3,0,0,1,0,false,,false,false,false,false,false,,,,,,false,true,false,,,false,false,false,false,false,-83.10727,42.41979,"{
  ""coordinates"": [
    -8.310726946800000e+01,
    4.241979198000010e+01
  ],
  ""type"": ""Point""
}","{
  ""coordinates"": [
    -83.107269468,
    42.41979198
  ],
  ""type"": ""Point""
}",-83.107269468,42.4197919800001
8541,9351126,WOOWARD,WILLIS,2015-08-14,14,8,2015,16,6,4,3,,1,0,,1,1,1,25,3,2,3,4,0,0,0,1,false,,false,false,false,false,false,,,,,,false,false,false,,,false,false,false,false,false,-83.0607,42.3516,"{
  ""coordinates"": [
    -8.306069603100001e+01,
    4.235160247200000e+01
  ],
  ""type"": ""Point""
}","{
  ""coordinates"": [
    -83.060696031,
    42.351602472
  ],
  ""type"": ""Point""
}",-83.060696031,42.351602472
8542,9344745,EMERY,FLEMING,2015-08-14,14,8,2015,22,6,4,9,,,0,,2,2,4,25,1,2,3,3,0,0,1,0,false,,false,false,false,false,false,,,,,,false,false,false,,,false,false,false,false,false,-83.07928,42.43543,"{
  ""coordinates"": [
    -8.307928340500000e+01,
    4.243542875500000e+01
  ],
  ""type"": ""Point""
}","{
  ""coordinates"": [
    -83.079283405,
    42.435428755
  ],
  ""type"": ""Point""
}",-83.079283405,42.435428755
8543,9351120,PALMER,CASS,2015-08-14,14,8,2015,0,6,97,9,,4,0,,1,1,1,25,2,2,0,5,0,0,0,0,true,,false,false,true,false,false,,,,,,false,false,false,,,false,false,false,false,false,-83.0696,42.36142,"{
  ""coordinates"": [
    -8.306960450400000e+01,
    4.236141530000000e+01
  ],
  ""type"": ""Point""
}","{
  ""coordinates"": [
    -83.069604504,
    42.3614153
  ],
  ""type"": ""Point""
}",-83.069604504,42.3614153
8544,9399074,FENKELL,OUTER,2015-08-14,14,8,2015,16,6,5,9,,2,0,,1,1,1,35,5,2,1,5,0,0,0,0,true,,false,false,true,false,false,,,,,,false,false,false,,,false,false,false,false,false,-83.25678,42.40029,"{
  ""coordinates"": [
    -8.325678545999990e+01,
    4.240028824500010e+01
  ],
  ""type"": ""Point""
}","{
  ""coordinates"": [
    -83.25678546,
    42.400288245
  ],
  ""type"": ""Point""
}",-83.2567854599999,42.4002882450001
8545,9345543,FORT,CLARK,2015-08-13,13,8,2015,18,5,4,3,,1,0,,1,1,1,0,6,2,2,5,0,0,0,0,true,,false,false,true,false,false,,,,,,false,false,false,,,false,false,false,false,false,-83.09016,42.3123,"{
  ""coordinates"": [
    -8.309016600299999e+01,
    4.231230093200000e+01
  ],
  ""type"": ""Point""
}","{
  ""coordinates"": [
    -83.090166003,
    42.312300932
  ],
  ""type"": ""Point""
}",-83.090166003,42.312300932
8546,9343461,SPRINGWELLS,BELLE,2015-08-13,13,8,2015,22,5,4,9,,,0,,1,1,4,25,2,4,3,4,0,0,0,1,false,,false,false,false,false,false,,,,,,false,false,true,,,false,false,false,false,false,-83.12933,42.31564,"{
  ""coordinates"": [
    -8.312932927799990e+01,
    4.231564034400000e+01
  ],
  ""type"": ""Point""
}","{
  ""coordinates"": [
    -83.129329278,
    42.315640344
  ],
  ""type"": ""Point""
}",-83.1293292779999,42.315640344
8547,9343445,N M 10 SERVICE DRIVE,GRAND,2015-08-13,13,8,2015,7,5,5,9,,4,0,,1,1,1,30,3,2,2,5,0,0,0,0,true,,false,false,true,false,false,,,,,,false,false,false,,,false,false,false,false,false,-83.08136,42.36711,"{
  ""coordinates"": [
    -8.308136260700000e+01,
    4.236710695600000e+01
  ],
  ""type"": ""Point""
}","{
  ""coordinates"": [
    -83.081362607,
    42.367106956
  ],
  ""type"": ""Point""
}",-83.081362607,42.367106956
8548,9343283,E I 94,RAMP 217C,2015-08-13,13,8,2015,18,5,5,1,,1,0,,1,2,1,55,3,2,2,5,0,0,0,0,true,,false,false,false,false,false,,,,,,false,false,true,,,false,false,false,false,false,-83.04215,42.37584,"{
  ""coordinates"": [
    -8.304215318199989e+01,
    4.237584193400010e+01
  ],
  ""type"": ""Point""
}","{
  ""coordinates"": [
    -83.042153182,
    42.375841934
  ],
  ""type"": ""Point""
}",-83.0421531819999,42.3758419340001
8549,9344516,HARDING,JEFFERSON,2015-08-13,13,8,2015,14,5,97,9,,,0,,1,1,1,25,2,2,4,5,0,0,0,0,true,,false,false,false,false,false,,,,,,false,false,false,,,false,false,false,false,false,-82.97711,42.36386,"{
  ""coordinates"": [
    -8.297711411900001e+01,
    4.236385899800010e+01
  ],
  ""type"": ""Point""
}","{
  ""coordinates"": [
    -82.977114119,
    42.363858998
  ],
  ""type"": ""Point""
}",-82.977114119,42.3638589980001
8550,9347981,W I 94,MOROSS,2015-08-13,13,8,2015,9,5,9,1,,1,0,,1,1,1,25,3,2,2,4,0,0,0,1,false,,false,false,true,false,false,,,,,,false,false,false,,,false,false,false,false,false,-82.92867,42.42474,"{
  ""coordinates"": [
    -8.292867407900000e+01,
    4.242474067200000e+01
  ],
  ""type"": ""Point""
}","{
  ""coordinates"": [
    -82.928674079,
    42.424740672
  ],
  ""type"": ""Point""
}",-82.928674079,42.424740672
8551,9343451,ROSEDALE,BRUSH,2015-08-13,13,8,2015,16,5,5,9,,,0,,1,1,1,15,1,2,2,5,0,0,0,0,true,,false,false,false,false,false,,,,,,false,false,false,,,false,false,false,false,false,-83.08138,42.39331,"{
  ""coordinates"": [
    -8.308137186899999e+01,
    4.239331298400000e+01
  ],
  ""type"": ""Point""
}","{
  ""coordinates"": [
    -83.081371869,
    42.393312984
  ],
  ""type"": ""Point""
}",-83.081371869,42.393312984
8552,9344488,KEELER,RAMP 108B,2015-08-13,13,8,2015,15,5,8,3,,4,0,,1,1,1,30,2,2,1,4,0,0,0,1,false,,false,false,true,false,false,,,,,,false,false,false,,,false,false,false,false,false,-83.12746,42.40477,"{
  ""coordinates"": [
    -8.312745494300000e+01,
    4.240477386200010e+01
  ],
  ""type"": ""Point""
}","{
  ""coordinates"": [
    -83.127454943,
    42.404773862
  ],
  ""type"": ""Point""
}",-83.127454943,42.4047738620001
8553,9345380,W I 96,ELMHURST,2015-08-13,13,8,2015,19,5,1,1,,1,1,,1,1,1,70,4,1,1,5,0,0,0,0,true,,false,false,false,false,false,,,,,,false,false,true,,,false,false,false,false,false,-83.14616,42.37605,"{
  ""coordinates"": [
    -8.314616758299999e+01,
    4.237605428600010e+01
  ],
  ""type"": ""Point""
}","{
  ""coordinates"": [
    -83.146167583,
    42.376054286
  ],
  ""type"": ""Point""
}",-83.146167583,42.3760542860001
8554,9345429,M-39,WARREN,2015-08-13,13,8,2015,14,5,5,3,,1,0,,1,1,1,55,3,2,2,5,0,0,0,0,true,,false,false,false,false,false,,,,,,false,false,true,,,false,false,false,false,false,-83.21606,42.34392,"{
  ""coordinates"": [
    -8.321605611699989e+01,
    4.234391977400000e+01
  ],
  ""type"": ""Point""
}","{
  ""coordinates"": [
    -83.216056117,
    42.343919774
  ],
  ""type"": ""Point""
}",-83.2160561169999,42.343919774
8555,9344735,CHICAGO,PIEDMONT,2015-08-13,13,8,2015,16,5,5,9,,4,0,,1,1,1,30,2,3,4,5,0,0,0,0,true,,false,false,false,false,false,,,,,,false,false,true,,,false,false,false,false,false,-83.22878,42.36484,"{
  ""coordinates"": [
    -8.322877475699990e+01,
    4.236483986500010e+01
  ],
  ""type"": ""Point""
}","{
  ""coordinates"": [
    -83.228774757,
    42.364839865
  ],
  ""type"": ""Point""
}",-83.2287747569999,42.3648398650001
8556,9343282,I94 EB,BEAUBIEN,2015-08-13,13,8,2015,18,5,8,1,,1,0,,1,1,1,55,4,2,2,5,0,0,0,0,true,,false,false,false,false,false,,,,,,false,false,false,,,false,false,false,false,false,-83.06259,42.36636,"{
  ""coordinates"": [
    -8.306258865500000e+01,
    4.236635710100010e+01
  ],
  ""type"": ""Point""
}","{
  ""coordinates"": [
    -83.062588655,
    42.366357101
  ],
  ""type"": ""Point""
}",-83.062588655,42.3663571010001
8557,9345549,LIVERNOIS,JOHN KRONK,2015-08-13,13,8,2015,20,5,5,9,,4,0,,1,1,1,35,5,3,3,5,0,0,0,0,true,,false,false,false,false,false,,,,,,false,true,true,,,false,false,false,false,false,-83.11542,42.32435,"{
  ""coordinates"": [
    -8.311541557200000e+01,
    4.232434833400000e+01
  ],
  ""type"": ""Point""
}","{
  ""coordinates"": [
    -83.115415572,
    42.324348334
  ],
  ""type"": ""Point""
}",-83.115415572,42.324348334