ObjectId,Crash ID,Primary Road,Intersecting Road,Crash Date,Day,Month,Year,Hour,Weekday,Crash Type Code,Highway Classification Code,Community Code,Jurisdiction Code,Lane Departure Type Code,Surface Type,Road Condition,Weather Condition,Lighting Condition,Speed Limit,Lanes,Units,Occupants,Most Severe Injury,Fatal Injuries,Suspected Serious Injuries,Suspected Minor Injuries,Possible Injuries,Property Damage Only,Secondary Crash,Traffic Control,Red Light Run,Hit and Run,Alcohol,Drugs,Unbelted Person,Work Zone,Speeding Driver,Distracted Driver,Driveway,Pedestrian,Elderly Driver,Young Driver,Commercial Vehicle,Emergency Vehicles,Train,School Bus,Motorcycle,Bicycle,Deer,Longitude,Latitude,geom,geog,x,y
8558,9352558,WILSHIRE,BARRETT,2015-08-13,13,8,2015,0,5,1,9,,,1,,1,1,4,25,1,1,1,5,0,0,0,0,true,,false,false,true,false,false,,,,,,false,false,false,,,false,false,false,false,false,-82.9887,42.40658,"{
  ""coordinates"": [
    -8.298869721499990e+01,
    4.240658119200000e+01
  ],
  ""type"": ""Point""
}","{
  ""coordinates"": [
    -82.988697215,
    42.406581192
  ],
  ""type"": ""Point""
}",-82.9886972149999,42.406581192
8559,9344518,JOHN R,ERSKINE,2015-08-13,13,8,2015,12,5,8,9,,4,0,,1,1,1,25,4,2,0,5,0,0,0,0,true,,false,false,false,false,false,,,,,,false,false,false,,,false,false,false,false,false,-83.05462,42.34647,"{
  ""coordinates"": [
    -8.305461975400000e+01,
    4.234646570500010e+01
  ],
  ""type"": ""Point""
}","{
  ""coordinates"": [
    -83.054619754,
    42.346465705
  ],
  ""type"": ""Point""
}",-83.054619754,42.3464657050001
8560,9346965,I-94,I-75,2015-08-13,13,8,2015,12,5,8,1,,1,0,,1,1,1,55,3,2,2,5,0,0,0,0,true,,false,false,true,false,false,,,,,,false,false,false,,,false,false,false,false,false,-83.05588,42.36989,"{
  ""coordinates"": [
    -8.305587833000000e+01,
    4.236988798300010e+01
  ],
  ""type"": ""Point""
}","{
  ""coordinates"": [
    -83.05587833,
    42.369887983
  ],
  ""type"": ""Point""
}",-83.05587833,42.3698879830001
8561,9344501,MACKAY,DAVISON SERVICE,2015-08-13,13,8,2015,13,5,97,9,,,0,,1,1,1,25,1,2,2,4,0,0,0,1,false,,false,false,false,false,false,,,,,,false,false,false,,,false,false,false,false,false,-83.07074,42.4114,"{
  ""coordinates"": [
    -8.307073598100000e+01,
    4.241139834900010e+01
  ],
  ""type"": ""Point""
}","{
  ""coordinates"": [
    -83.070735981,
    42.411398349
  ],
  ""type"": ""Point""
}",-83.070735981,42.4113983490001
8562,9344685,I-75,WARREN,2015-08-13,13,8,2015,15,5,8,1,,1,0,,97,98,98,55,4,2,2,5,0,0,0,0,true,,false,false,false,false,false,,,,,,false,false,false,,,false,false,false,false,false,-83.05017,42.35424,"{
  ""coordinates"": [
    -8.305016911199991e+01,
    4.235424226200010e+01
  ],
  ""type"": ""Point""
}","{
  ""coordinates"": [
    -83.050169112,
    42.354242262
  ],
  ""type"": ""Point""
}",-83.0501691119999,42.3542422620001
8563,9347112,7 MILE,BARLOW,2015-08-13,13,8,2015,7,5,1,9,,4,1,,1,1,2,30,2,1,1,5,0,0,0,0,true,,false,false,false,false,false,,,,,,false,false,true,,,false,false,false,false,false,-82.99641,42.43466,"{
  ""coordinates"": [
    -8.299640466100000e+01,
    4.243466164700000e+01
  ],
  ""type"": ""Point""
}","{
  ""coordinates"": [
    -82.996404661,
    42.434661647
  ],
  ""type"": ""Point""
}",-82.996404661,42.434661647
8564,9344511,WARREN,NOTTINGHAM,2015-08-13,13,8,2015,14,5,4,9,,4,0,,1,1,1,30,5,2,2,5,0,0,0,0,true,,false,false,false,false,false,,,,,,false,false,false,,,false,false,false,false,false,-82.9488,42.39911,"{
  ""coordinates"": [
    -8.294879755300001e+01,
    4.239911244200000e+01
  ],
  ""type"": ""Point""
}","{
  ""coordinates"": [
    -82.948797553,
    42.399112442
  ],
  ""type"": ""Point""
}",-82.948797553,42.399112442
8565,9343518,CARPENTER,FENELON,2015-08-13,13,8,2015,7,5,1,9,,,0,,1,1,1,15,2,1,1,5,0,0,0,0,true,,false,false,false,false,false,,,,,,false,false,false,,,false,false,false,false,false,-83.05233,42.40868,"{
  ""coordinates"": [
    -8.305233161300001e+01,
    4.240868040500000e+01
  ],
  ""type"": ""Point""
}","{
  ""coordinates"": [
    -83.052331613,
    42.408680405
  ],
  ""type"": ""Point""
}",-83.052331613,42.408680405
8566,9344533,OUTER,RYAN,2015-08-13,13,8,2015,23,5,7,9,,2,0,,1,1,4,30,2,2,3,3,0,0,1,1,false,,false,false,true,false,false,,,,,,false,false,false,,,false,false,false,false,false,-83.06362,42.44033,"{
  ""coordinates"": [
    -8.306362383500000e+01,
    4.244032550000000e+01
  ],
  ""type"": ""Point""
}","{
  ""coordinates"": [
    -83.063623835,
    42.4403255
  ],
  ""type"": ""Point""
}",-83.063623835,42.4403255
8567,9399110,FORT,GRISWOLD,2015-08-13,13,8,2015,13,5,5,3,,4,0,,1,1,1,25,2,2,3,4,0,0,0,1,false,,false,false,true,false,false,,,,,,false,false,false,,,false,false,false,false,false,-83.04741,42.3307,"{
  ""coordinates"": [
    -8.304740645399990e+01,
    4.233070358500000e+01
  ],
  ""type"": ""Point""
}","{
  ""coordinates"": [
    -83.047406454,
    42.330703585
  ],
  ""type"": ""Point""
}",-83.0474064539999,42.330703585
8568,9376056,MEYERS,PURITAN,2015-08-13,13,8,2015,21,5,8,9,,4,0,,1,2,5,30,2,2,3,3,0,0,1,0,false,,false,false,false,false,false,,,,,,false,true,true,,,false,false,false,false,false,-83.16976,42.40956,"{
  ""coordinates"": [
    -8.316976051099989e+01,
    4.240956236100000e+01
  ],
  ""type"": ""Point""
}","{
  ""coordinates"": [
    -83.169760511,
    42.409562361
  ],
  ""type"": ""Point""
}",-83.1697605109999,42.409562361
8569,9399328,BATES,JEFFERSON,2015-08-13,13,8,2015,19,5,97,3,,,0,,1,1,3,25,2,2,2,5,0,0,0,0,true,,false,false,false,false,false,,,,,,false,false,false,,,false,false,false,true,false,-83.04347,42.32892,"{
  ""coordinates"": [
    -8.304347226700000e+01,
    4.232892322600000e+01
  ],
  ""type"": ""Point""
}","{
  ""coordinates"": [
    -83.043472267,
    42.328923226
  ],
  ""type"": ""Point""
}",-83.043472267,42.328923226
8570,9343426,FORT,GRISWOLD,2015-08-13,13,8,2015,12,5,7,3,,1,0,,1,1,1,25,4,2,3,5,0,0,0,0,true,,false,false,false,false,false,,,,,,false,false,false,,,false,false,false,false,false,-83.04749,42.33067,"{
  ""coordinates"": [
    -8.304749077600000e+01,
    4.233066733400010e+01
  ],
  ""type"": ""Point""
}","{
  ""coordinates"": [
    -83.047490776,
    42.330667334
  ],
  ""type"": ""Point""
}",-83.047490776,42.3306673340001
8571,9344719,MCNICHOLS,WYOMING,2015-08-13,13,8,2015,18,5,2,9,,2,0,,1,1,1,30,2,2,2,5,0,0,0,0,true,,false,false,false,false,false,,,,,,false,true,false,,,false,false,false,false,false,-83.16032,42.41693,"{
  ""coordinates"": [
    -8.316031545600001e+01,
    4.241693005900000e+01
  ],
  ""type"": ""Point""
}","{
  ""coordinates"": [
    -83.160315456,
    42.416930059
  ],
  ""type"": ""Point""
}",-83.160315456,42.416930059
8572,9345421,S M 39,E I 96 CD,2015-08-13,13,8,2015,7,5,8,3,,1,0,,1,1,1,55,3,2,2,5,0,0,0,0,true,,false,false,false,false,false,,,,,,false,false,false,,,false,false,false,false,false,-83.21707,42.37845,"{
  ""coordinates"": [
    -8.321707504100000e+01,
    4.237845391800000e+01
  ],
  ""type"": ""Point""
}","{
  ""coordinates"": [
    -83.217075041,
    42.378453918
  ],
  ""type"": ""Point""
}",-83.217075041,42.378453918
8573,9345428,I-94,I-75,2015-08-13,13,8,2015,8,5,5,1,,1,0,,1,1,1,55,3,2,2,5,0,0,0,0,true,,false,false,false,false,false,,,,,,false,false,false,,,false,false,false,false,false,-83.05652,42.36965,"{
  ""coordinates"": [
    -8.305652229400000e+01,
    4.236965124700000e+01
  ],
  ""type"": ""Point""
}","{
  ""coordinates"": [
    -83.056522294,
    42.369651247
  ],
  ""type"": ""Point""
}",-83.056522294,42.369651247
8574,9350327,HAROLD,MT ELLIOTT,2015-08-13,13,8,2015,16,5,1,9,,4,1,,1,1,1,30,2,2,2,4,0,0,0,1,false,,false,false,false,true,false,,,,,,false,false,true,,,false,false,false,true,false,-83.03897,42.40804,"{
  ""coordinates"": [
    -8.303897435800000e+01,
    4.240803708200010e+01
  ],
  ""type"": ""Point""
}","{
  ""coordinates"": [
    -83.038974358,
    42.408037082
  ],
  ""type"": ""Point""
}",-83.038974358,42.4080370820001
8575,9347117,GUNSTON,FLANDERS,2015-08-13,13,8,2015,21,5,4,3,,1,0,,1,1,4,25,2,2,3,5,0,0,0,0,true,,false,false,true,false,false,,,,,,false,false,false,,,false,false,false,false,false,-82.99718,42.41093,"{
  ""coordinates"": [
    -8.299717978699989e+01,
    4.241093482800010e+01
  ],
  ""type"": ""Point""
}","{
  ""coordinates"": [
    -82.997179787,
    42.410934828
  ],
  ""type"": ""Point""
}",-82.9971797869999,42.4109348280001
8576,9364206,LAHSER,PEMBROKE,2015-08-13,13,8,2015,12,5,4,9,,2,0,,1,1,1,30,2,2,3,4,0,0,0,1,false,,true,true,false,false,false,,,,,,false,false,false,,,false,false,false,false,false,-83.25856,42.43635,"{
  ""coordinates"": [
    -8.325856377900000e+01,
    4.243635341900010e+01
  ],
  ""type"": ""Point""
}","{
  ""coordinates"": [
    -83.258563779,
    42.436353419
  ],
  ""type"": ""Point""
}",-83.258563779,42.4363534190001
8577,9346966,W I 94,S M 10,2015-08-13,13,8,2015,17,5,5,1,,1,0,,1,1,1,55,3,2,2,5,0,0,0,0,true,,false,false,true,false,false,,,,,,false,false,false,,,false,false,false,false,false,-83.07656,42.35931,"{
  ""coordinates"": [
    -8.307656365900000e+01,
    4.235931143500010e+01
  ],
  ""type"": ""Point""
}","{
  ""coordinates"": [
    -83.076563659,
    42.359311435
  ],
  ""type"": ""Point""
}",-83.076563659,42.3593114350001
8578,9346971,I-75,7 MILE,2015-08-13,13,8,2015,12,5,8,1,,1,0,,1,1,1,70,4,2,1,5,0,0,0,0,true,,false,false,true,false,false,,,,,,false,false,false,,,false,false,false,false,false,-83.09422,42.42887,"{
  ""coordinates"": [
    -8.309421695600000e+01,
    4.242887058000010e+01
  ],
  ""type"": ""Point""
}","{
  ""coordinates"": [
    -83.094216956,
    42.42887058
  ],
  ""type"": ""Point""
}",-83.094216956,42.4288705800001
8579,9400232,NORTHLAWN,CHICAGO,2015-08-13,13,8,2015,18,5,97,9,,,0,,1,1,1,25,2,2,3,5,0,0,0,0,true,,false,false,false,false,false,,,,,,false,false,false,,,false,false,false,false,false,-83.15221,42.36604,"{
  ""coordinates"": [
    -8.315220621200000e+01,
    4.236603421600010e+01
  ],
  ""type"": ""Point""
}","{
  ""coordinates"": [
    -83.152206212,
    42.366034216
  ],
  ""type"": ""Point""
}",-83.152206212,42.3660342160001
8580,9344520,GRAND,W I 96 SERVICE DRIVE,2015-08-13,13,8,2015,13,5,4,1,,4,0,,1,1,1,30,3,2,6,5,0,0,0,0,true,,true,true,false,false,false,,,,,,false,false,false,,,false,false,false,false,false,-83.11034,42.35608,"{
  ""coordinates"": [
    -8.311034600600000e+01,
    4.235607631200000e+01
  ],
  ""type"": ""Point""
}","{
  ""coordinates"": [
    -83.110346006,
    42.356076312
  ],
  ""type"": ""Point""
}",-83.110346006,42.356076312
8581,9343436,GRAND,BEAUBIEN,2015-08-13,13,8,2015,16,5,4,9,,4,0,,1,1,1,30,5,2,2,5,0,0,0,0,true,,false,false,false,false,false,,,,,,false,false,false,,,false,false,false,false,false,-83.06752,42.3725,"{
  ""coordinates"": [
    -8.306751944500000e+01,
    4.237249594700010e+01
  ],
  ""type"": ""Point""
}","{
  ""coordinates"": [
    -83.067519445,
    42.372495947
  ],
  ""type"": ""Point""
}",-83.067519445,42.3724959470001
8582,9344531,RAMP 108A,KEELER,2015-08-13,13,8,2015,21,5,8,3,,1,0,,1,1,4,55,1,2,1,5,0,0,0,0,true,,false,false,true,false,false,,,,,,false,true,false,,,false,false,false,false,false,-83.1277,42.40478,"{
  ""coordinates"": [
    -8.312769751899999e+01,
    4.240477926600000e+01
  ],
  ""type"": ""Point""
}","{
  ""coordinates"": [
    -83.127697519,
    42.404779266
  ],
  ""type"": ""Point""
}",-83.127697519,42.404779266
8583,9343429,MCNICHOLS,BLOOM,2015-08-13,13,8,2015,12,5,8,9,,4,0,,1,1,1,35,2,2,2,5,0,0,0,0,true,,false,false,false,false,false,,,,,,false,false,true,,,false,false,false,false,false,-83.04869,42.41895,"{
  ""coordinates"": [
    -8.304869409799990e+01,
    4.241894710000000e+01
  ],
  ""type"": ""Point""
}","{
  ""coordinates"": [
    -83.048694098,
    42.4189471
  ],
  ""type"": ""Point""
}",-83.0486940979999,42.4189471
8584,9344502,CHENE,PALMER,2015-08-13,13,8,2015,14,5,1,9,,4,1,,1,1,1,30,2,1,0,5,0,0,0,0,true,,false,false,true,false,false,,,,,,false,false,false,,,false,false,false,false,false,-83.04428,42.37096,"{
  ""coordinates"": [
    -8.304427796399990e+01,
    4.237096536500010e+01
  ],
  ""type"": ""Point""
}","{
  ""coordinates"": [
    -83.044277964,
    42.370965365
  ],
  ""type"": ""Point""
}",-83.0442779639999,42.3709653650001
8585,9347068,MOROSS,EDGEFIELD,2015-08-13,13,8,2015,5,5,8,9,,2,0,,1,1,4,35,3,2,3,5,0,0,0,0,true,,false,false,false,false,false,,,,,,false,false,false,,,false,false,false,false,false,-82.92575,42.42342,"{
  ""coordinates"": [
    -8.292575288300000e+01,
    4.242341542700010e+01
  ],
  ""type"": ""Point""
}","{
  ""coordinates"": [
    -82.925752883,
    42.423415427
  ],
  ""type"": ""Point""
}",-82.925752883,42.4234154270001
8586,9345552,MICHIGAN,CLIPPERT,2015-08-13,13,8,2015,21,5,4,2,,1,0,,1,1,4,35,4,2,2,5,0,0,0,0,true,,false,false,false,false,false,,,,,,false,false,false,,,false,false,false,false,false,-83.12528,42.33113,"{
  ""coordinates"": [
    -8.312528163300000e+01,
    4.233112640600010e+01
  ],
  ""type"": ""Point""
}","{
  ""coordinates"": [
    -83.125281633,
    42.331126406
  ],
  ""type"": ""Point""
}",-83.125281633,42.3311264060001
8587,9343449,WARREN,ST ANTOINE,2015-08-13,13,8,2015,21,5,5,9,,4,0,,1,1,4,30,4,2,3,5,0,0,0,0,true,,false,false,false,false,false,,,,,,false,false,true,,,false,false,false,false,false,-83.05713,42.35978,"{
  ""coordinates"": [
    -8.305712947599990e+01,
    4.235977521700000e+01
  ],
  ""type"": ""Point""
}","{
  ""coordinates"": [
    -83.057129476,
    42.359775217
  ],
  ""type"": ""Point""
}",-83.0571294759999,42.359775217
8588,9345542,CHATFIELD,GREEN,2015-08-13,13,8,2015,18,5,3,9,,,0,,1,1,1,25,4,2,6,5,0,0,0,0,true,,false,false,false,false,false,,,,,,false,false,true,,,false,false,false,false,false,-83.11731,42.30833,"{
  ""coordinates"": [
    -8.311730909900000e+01,
    4.230833090600000e+01
  ],
  ""type"": ""Point""
}","{
  ""coordinates"": [
    -83.117309099,
    42.308330906
  ],
  ""type"": ""Point""
}",-83.117309099,42.308330906
8589,9347096,RADNOR,SOUTHAMPTON,2015-08-13,13,8,2015,8,5,5,9,,,0,,1,1,1,25,1,2,1,5,0,0,0,0,true,,false,false,false,false,false,,,,,,false,false,false,,,false,false,false,false,false,-82.9209,42.41376,"{
  ""coordinates"": [
    -8.292089943500000e+01,
    4.241376059200010e+01
  ],
  ""type"": ""Point""
}","{
  ""coordinates"": [
    -82.920899435,
    42.413760592
  ],
  ""type"": ""Point""
}",-82.920899435,42.4137605920001
8590,9345404,DAVISON,OAKMAN,2015-08-13,13,8,2015,19,5,5,3,,1,0,,1,1,1,55,3,2,2,5,0,0,0,0,true,,false,false,false,false,false,,,,,,false,false,false,,,false,false,false,false,false,-83.14587,42.38624,"{
  ""coordinates"": [
    -8.314586569499990e+01,
    4.238624144000000e+01
  ],
  ""type"": ""Point""
}","{
  ""coordinates"": [
    -83.145865695,
    42.38624144
  ],
  ""type"": ""Point""
}",-83.1458656949999,42.38624144
8591,9399132,LARNED,GRISWOLD,2015-08-13,13,8,2015,19,5,7,9,,4,0,,1,1,1,30,3,2,2,5,0,0,0,0,true,,false,false,false,false,false,,,,,,false,false,false,,,false,false,false,false,false,-83.04606,42.32906,"{
  ""coordinates"": [
    -8.304605816799990e+01,
    4.232905474100000e+01
  ],
  ""type"": ""Point""
}","{
  ""coordinates"": [
    -83.046058168,
    42.329054741
  ],
  ""type"": ""Point""
}",-83.0460581679999,42.329054741
8592,9400243,WARREN,THIRD,2015-08-13,13,8,2015,15,5,97,9,,4,0,,1,1,1,25,3,2,3,4,0,0,0,1,false,,false,false,false,false,false,,,,,,false,false,false,,,false,false,false,false,false,-83.0712,42.35445,"{
  ""coordinates"": [
    -8.307119460400000e+01,
    4.235445512700010e+01
  ],
  ""type"": ""Point""
}","{
  ""coordinates"": [
    -83.071194604,
    42.354455127
  ],
  ""type"": ""Point""
}",-83.071194604,42.3544551270001
8593,9346970,RAMP 139F,E I 96 CD,2015-08-13,13,8,2015,10,5,1,1,,1,1,,1,1,1,35,3,1,1,5,0,0,0,0,true,,false,false,false,false,false,,,,,,false,false,false,,,false,false,false,false,false,-83.15803,42.38504,"{
  ""coordinates"": [
    -8.315802825599999e+01,
    4.238503581300010e+01
  ],
  ""type"": ""Point""
}","{
  ""coordinates"": [
    -83.158028256,
    42.385035813
  ],
  ""type"": ""Point""
}",-83.158028256,42.3850358130001
8594,9343517,DAVISON,SHERWOOD,2015-08-13,13,8,2015,12,5,4,9,,4,0,,1,1,1,30,2,3,3,4,0,0,0,2,false,,false,false,false,false,false,,,,,,false,true,false,,,false,false,false,false,false,-83.03175,42.42343,"{
  ""coordinates"": [
    -8.303174638400000e+01,
    4.242343183300010e+01
  ],
  ""type"": ""Point""
}","{
  ""coordinates"": [
    -83.031746384,
    42.423431833
  ],
  ""type"": ""Point""
}",-83.031746384,42.4234318330001
8595,9366052,WARREN,MONTCLAIR,2015-08-13,13,8,2015,18,5,8,9,,4,0,,1,1,1,35,1,2,2,5,0,0,0,0,true,,false,false,false,false,false,,,,,,false,false,false,,,false,false,false,false,false,-82.98962,42.38515,"{
  ""coordinates"": [
    -8.298961533900000e+01,
    4.238514790800010e+01
  ],
  ""type"": ""Point""
}","{
  ""coordinates"": [
    -82.989615339,
    42.385147908
  ],
  ""type"": ""Point""
}",-82.989615339,42.3851479080001
8596,9345422,I-94,CONNER,2015-08-13,13,8,2015,15,5,5,1,,1,0,,1,1,1,55,3,2,2,5,0,0,0,0,true,,false,false,false,false,false,,,,,,false,false,false,,,false,false,false,false,false,-82.98619,42.39748,"{
  ""coordinates"": [
    -8.298619416100000e+01,
    4.239748048200000e+01
  ],
  ""type"": ""Point""
}","{
  ""coordinates"": [
    -82.986194161,
    42.397480482
  ],
  ""type"": ""Point""
}",-82.986194161,42.397480482
8597,9344515,FAIRVIEW,CANFIELD,2015-08-13,13,8,2015,16,5,1,9,,,0,,1,1,1,25,1,1,1,4,0,0,0,1,false,,false,false,false,false,false,,,,,,false,false,true,,,false,false,false,false,false,-82.98444,42.38182,"{
  ""coordinates"": [
    -8.298444350299999e+01,
    4.238182081600010e+01
  ],
  ""type"": ""Point""
}","{
  ""coordinates"": [
    -82.984443503,
    42.381820816
  ],
  ""type"": ""Point""
}",-82.984443503,42.3818208160001
8598,9343460,LARNED,GRISWOLD,2015-08-13,13,8,2015,8,5,5,9,,4,0,,1,1,1,0,4,2,2,5,0,0,0,0,true,,false,false,false,false,false,,,,,,false,false,false,,,false,false,false,false,false,-83.04591,42.32912,"{
  ""coordinates"": [
    -8.304590488600000e+01,
    4.232911751100000e+01
  ],
  ""type"": ""Point""
}","{
  ""coordinates"": [
    -83.045904886,
    42.329117511
  ],
  ""type"": ""Point""
}",-83.045904886,42.329117511
8599,9345555,EVERGREEN,PAUL,2015-08-13,13,8,2015,10,5,5,9,,4,0,,1,1,1,30,2,2,3,5,0,0,0,0,true,,false,false,false,false,false,,,,,,false,true,false,,,false,false,false,false,false,-83.2351,42.33586,"{
  ""coordinates"": [
    -8.323509803699990e+01,
    4.233586097300010e+01
  ],
  ""type"": ""Point""
}","{
  ""coordinates"": [
    -83.235098037,
    42.335860973
  ],
  ""type"": ""Point""
}",-83.2350980369999,42.3358609730001
8600,9344731,FENKELL,HUBBELL,2015-08-13,13,8,2015,18,5,6,9,,2,0,,1,1,1,35,5,2,4,4,0,0,0,1,false,,false,false,true,false,false,,,,,,false,false,false,,,false,false,false,false,false,-83.18891,42.40182,"{
  ""coordinates"": [
    -8.318890864199990e+01,
    4.240181612300010e+01
  ],
  ""type"": ""Point""
}","{
  ""coordinates"": [
    -83.188908642,
    42.401816123
  ],
  ""type"": ""Point""
}",-83.1889086419999,42.4018161230001
8601,9344487,OUTER,FRANKFORT,2015-08-13,13,8,2015,18,5,4,9,,2,0,,1,1,1,30,5,2,3,5,0,0,0,0,true,,false,false,false,false,false,,,,,,false,false,true,,,false,false,false,false,false,-82.9375,42.40535,"{
  ""coordinates"": [
    -8.293749649300000e+01,
    4.240534737100010e+01
  ],
  ""type"": ""Point""
}","{
  ""coordinates"": [
    -82.937496493,
    42.405347371
  ],
  ""type"": ""Point""
}",-82.937496493,42.4053473710001
8602,9347079,GRATIOT,VERNOR,2015-08-13,13,8,2015,17,5,5,3,,1,0,,1,1,1,35,4,2,2,5,0,0,0,0,true,,false,false,false,false,false,,,,,,false,false,false,,,false,false,false,false,false,-83.03466,42.34881,"{
  ""coordinates"": [
    -8.303466300600000e+01,
    4.234880942500010e+01
  ],
  ""type"": ""Point""
}","{
  ""coordinates"": [
    -83.034663006,
    42.348809425
  ],
  ""type"": ""Point""
}",-83.034663006,42.3488094250001
8603,9355422,GREENFIELD,JEFFERIES,2015-08-13,13,8,2015,20,5,97,7,,1,1,,1,1,3,35,5,1,1,5,0,0,0,0,true,,false,false,true,false,false,,,,,,false,false,false,,,false,false,false,false,false,-83.20038,42.44237,"{
  ""coordinates"": [
    -8.320037841899990e+01,
    4.244237177900000e+01
  ],
  ""type"": ""Point""
}","{
  ""coordinates"": [
    -83.200378419,
    42.442371779
  ],
  ""type"": ""Point""
}",-83.2003784189999,42.442371779
8604,9351116,WOODWARD,BALTIMORE,2015-08-12,12,8,2015,11,4,5,3,,1,0,,1,1,1,30,3,2,2,5,0,0,0,0,true,,false,false,true,false,false,,,,,,false,false,true,,,false,false,false,false,false,-83.07217,42.36853,"{
  ""coordinates"": [
    -8.307216861700000e+01,
    4.236852857600010e+01
  ],
  ""type"": ""Point""
}","{
  ""coordinates"": [
    -83.072168617,
    42.368528576
  ],
  ""type"": ""Point""
}",-83.072168617,42.3685285760001
8605,9351119,FOREST,2ND,2015-08-12,12,8,2015,13,4,8,9,,4,0,,1,1,1,25,3,2,2,5,0,0,0,0,true,,false,false,false,false,false,,,,,,false,true,false,,,false,false,false,false,false,-83.06765,42.35302,"{
  ""coordinates"": [
    -8.306764744899991e+01,
    4.235301466100000e+01
  ],
  ""type"": ""Point""
}","{
  ""coordinates"": [
    -83.067647449,
    42.353014661
  ],
  ""type"": ""Point""
}",-83.0676474489999,42.353014661
8606,9343425,M 10 SERVICE,FOREST,2015-08-12,12,8,2015,6,4,5,9,,4,0,,1,1,2,25,3,2,1,5,0,0,0,0,true,,false,false,true,false,false,,,,,,false,false,false,,,false,false,false,false,false,-83.07257,42.35132,"{
  ""coordinates"": [
    -8.307256877099999e+01,
    4.235131954700010e+01
  ],
  ""type"": ""Point""
}","{
  ""coordinates"": [
    -83.072568771,
    42.351319547
  ],
  ""type"": ""Point""
}",-83.072568771,42.3513195470001
8607,9345546,JEFFERSON,WOODWARD,2015-08-12,12,8,2015,8,4,5,3,,1,0,,1,1,1,35,2,2,2,5,0,0,0,0,true,,false,false,false,false,false,,,,,,false,false,true,,,false,false,false,false,false,-83.04481,42.32872,"{
  ""coordinates"": [
    -8.304480957000000e+01,
    4.232872374100000e+01
  ],
  ""type"": ""Point""
}","{
  ""coordinates"": [
    -83.04480957,
    42.328723741
  ],
  ""type"": ""Point""
}",-83.04480957,42.328723741
8608,9347083,WHITTIER,WHITEHILL,2015-08-12,12,8,2015,19,4,8,9,,4,0,,1,1,1,30,2,2,3,5,0,0,0,0,true,,false,false,false,false,false,,,,,,false,false,true,,,false,false,false,false,false,-82.95749,42.41877,"{
  ""coordinates"": [
    -8.295748759700000e+01,
    4.241877017100010e+01
  ],
  ""type"": ""Point""
}","{
  ""coordinates"": [
    -82.957487597,
    42.418770171
  ],
  ""type"": ""Point""
}",-82.957487597,42.4187701710001
8609,9353415,SOUTHFIELD SERVICE DRIVE,ACACIA,2015-08-12,12,8,2015,5,4,9,9,,4,0,,1,1,4,35,2,2,2,5,0,0,0,0,true,,false,false,true,false,false,,,,,,false,false,false,,,false,false,false,false,false,-83.21751,42.39032,"{
  ""coordinates"": [
    -8.321751592399990e+01,
    4.239031478400010e+01
  ],
  ""type"": ""Point""
}","{
  ""coordinates"": [
    -83.217515924,
    42.390314784
  ],
  ""type"": ""Point""
}",-83.2175159239999,42.3903147840001
8610,9353419,DAVISON,LINWOOD,2015-08-12,12,8,2015,15,4,8,3,,1,0,,1,1,1,35,3,2,2,5,0,0,0,0,true,,false,false,false,false,false,,,,,,false,false,true,,,false,false,false,false,false,-83.12206,42.39301,"{
  ""coordinates"": [
    -8.312205688099991e+01,
    4.239300386000010e+01
  ],
  ""type"": ""Point""
}","{
  ""coordinates"": [
    -83.122056881,
    42.39300386
  ],
  ""type"": ""Point""
}",-83.1220568809999,42.3930038600001
8611,9343247,I-94,MT ELLIOT,2015-08-12,12,8,2015,6,4,5,1,,1,0,,1,1,1,55,3,2,1,5,0,0,0,0,true,,false,false,true,false,false,,,,,,false,false,true,,,false,false,false,false,false,-83.03116,42.38228,"{
  ""coordinates"": [
    -8.303115652600000e+01,
    4.238227786900010e+01
  ],
  ""type"": ""Point""
}","{
  ""coordinates"": [
    -83.031156526,
    42.382277869
  ],
  ""type"": ""Point""
}",-83.031156526,42.3822778690001
8612,9343468,SCHAEFER,SCHOOLCRAFT,2015-08-12,12,8,2015,2,4,4,9,,4,0,,1,1,4,30,4,2,2,3,0,0,1,1,false,,true,true,false,false,false,,,,,,false,false,false,,,false,false,false,false,false,-83.17852,42.388,"{
  ""coordinates"": [
    -8.317852268900000e+01,
    4.238800113000010e+01
  ],
  ""type"": ""Point""
}","{
  ""coordinates"": [
    -83.178522689,
    42.38800113
  ],
  ""type"": ""Point""
}",-83.178522689,42.3880011300001
8613,9376061,WYOMING,SANTA MARIA,2015-08-12,12,8,2015,17,4,4,9,,4,0,,1,1,1,30,1,3,1,4,0,0,0,1,false,,false,false,true,false,false,,,,,,false,false,false,,,false,false,false,false,false,-83.16042,42.41871,"{
  ""coordinates"": [
    -8.316041286399999e+01,
    4.241871111500010e+01
  ],
  ""type"": ""Point""
}","{
  ""coordinates"": [
    -83.160412864,
    42.418711115
  ],
  ""type"": ""Point""
}",-83.160412864,42.4187111150001
8614,9343423,WARREN,GRANDMONT,2015-08-12,12,8,2015,8,4,1,9,,2,0,,1,1,1,35,4,2,1,4,0,0,0,1,false,,false,false,true,false,false,,,,,,true,false,false,,,false,false,false,false,false,-83.20811,42.3435,"{
  ""coordinates"": [
    -8.320811463800000e+01,
    4.234349856000010e+01
  ],
  ""type"": ""Point""
}","{
  ""coordinates"": [
    -83.208114638,
    42.34349856
  ],
  ""type"": ""Point""
}",-83.208114638,42.3434985600001