ObjectId,Crash ID,Primary Road,Intersecting Road,Crash Date,Day,Month,Year,Hour,Weekday,Crash Type Code,Highway Classification Code,Community Code,Jurisdiction Code,Lane Departure Type Code,Surface Type,Road Condition,Weather Condition,Lighting Condition,Speed Limit,Lanes,Units,Occupants,Most Severe Injury,Fatal Injuries,Suspected Serious Injuries,Suspected Minor Injuries,Possible Injuries,Property Damage Only,Secondary Crash,Traffic Control,Red Light Run,Hit and Run,Alcohol,Drugs,Unbelted Person,Work Zone,Speeding Driver,Distracted Driver,Driveway,Pedestrian,Elderly Driver,Young Driver,Commercial Vehicle,Emergency Vehicles,Train,School Bus,Motorcycle,Bicycle,Deer,Longitude,Latitude,geom,geog,x,y
8672,9341901,BATES,CADILLAC,2015-08-11,11,8,2015,12,3,8,9,,4,0,,1,1,1,25,4,2,1,5,0,0,0,0,true,,false,false,false,false,false,,,,,,false,false,false,,,false,false,false,false,false,-83.04461,42.33199,"{
  ""coordinates"": [
    -8.304460762699991e+01,
    4.233199052400000e+01
  ],
  ""type"": ""Point""
}","{
  ""coordinates"": [
    -83.044607627,
    42.331990524
  ],
  ""type"": ""Point""
}",-83.0446076269999,42.331990524
8673,9343467,7 MILE,OAKFIELD,2015-08-11,11,8,2015,22,3,5,9,,2,0,,1,1,5,35,4,2,3,5,0,0,0,0,true,,true,true,true,false,false,,,,,,false,false,false,,,false,false,false,false,false,-83.21501,42.43013,"{
  ""coordinates"": [
    -8.321501412000001e+01,
    4.243013240400010e+01
  ],
  ""type"": ""Point""
}","{
  ""coordinates"": [
    -83.21501412,
    42.430132404
  ],
  ""type"": ""Point""
}",-83.21501412,42.4301324040001
8674,9345566,PRAIRIE,OUTER,2015-08-11,11,8,2015,10,3,4,9,,,0,,1,1,1,35,2,2,3,4,0,0,0,1,false,,false,false,false,false,false,,,,,,false,false,false,,,false,false,false,false,false,-83.1459,42.43509,"{
  ""coordinates"": [
    -8.314589927899991e+01,
    4.243509307500010e+01
  ],
  ""type"": ""Point""
}","{
  ""coordinates"": [
    -83.145899279,
    42.435093075
  ],
  ""type"": ""Point""
}",-83.1458992789999,42.4350930750001
8675,9375417,WISCONSIN,MIDLAND,2015-08-11,11,8,2015,15,3,1,9,,,0,,1,1,1,25,1,2,2,5,0,0,0,0,true,,false,false,true,false,false,,,,,,false,false,false,,,false,false,false,true,false,-83.15659,42.40641,"{
  ""coordinates"": [
    -8.315658446200000e+01,
    4.240641450900010e+01
  ],
  ""type"": ""Point""
}","{
  ""coordinates"": [
    -83.156584462,
    42.406414509
  ],
  ""type"": ""Point""
}",-83.156584462,42.4064145090001
8676,9341871,OAKMAN,DAVISON,2015-08-11,11,8,2015,15,3,5,3,,4,0,,1,1,1,25,3,3,5,3,0,0,2,0,false,,false,false,false,false,false,,,,,,false,false,true,,,false,false,false,false,false,-83.1442,42.38641,"{
  ""coordinates"": [
    -8.314420610900000e+01,
    4.238641441400010e+01
  ],
  ""type"": ""Point""
}","{
  ""coordinates"": [
    -83.144206109,
    42.386414414
  ],
  ""type"": ""Point""
}",-83.144206109,42.3864144140001
8677,9364205,7 MILE,SUNDERLAND,2015-08-11,11,8,2015,9,3,5,9,,2,0,,1,1,1,35,4,6,6,4,0,0,0,2,false,,false,false,false,false,false,,,,,,false,true,true,,,false,false,false,false,false,-83.22875,42.42984,"{
  ""coordinates"": [
    -8.322875035899990e+01,
    4.242984513900010e+01
  ],
  ""type"": ""Point""
}","{
  ""coordinates"": [
    -83.228750359,
    42.429845139
  ],
  ""type"": ""Point""
}",-83.2287503589999,42.4298451390001
8678,9379372,LIVERNOIS,DAVISON,2015-08-11,11,8,2015,11,3,8,3,,4,0,,1,1,1,35,3,2,1,4,0,0,0,1,false,,false,false,true,false,false,,,,,,false,false,false,,,false,false,false,false,false,-83.13954,42.3868,"{
  ""coordinates"": [
    -8.313953842099990e+01,
    4.238680345400010e+01
  ],
  ""type"": ""Point""
}","{
  ""coordinates"": [
    -83.139538421,
    42.386803454
  ],
  ""type"": ""Point""
}",-83.1395384209999,42.3868034540001
8679,9341010,M-39,WARREN,2015-08-11,11,8,2015,7,3,5,3,,1,0,,1,1,1,55,3,2,2,5,0,0,0,0,true,,false,false,false,false,false,,,,,,false,false,true,,,false,false,false,false,false,-83.21617,42.347,"{
  ""coordinates"": [
    -8.321616840000000e+01,
    4.234699549700010e+01
  ],
  ""type"": ""Point""
}","{
  ""coordinates"": [
    -83.2161684,
    42.346995497
  ],
  ""type"": ""Point""
}",-83.2161684,42.3469954970001
8680,9343520,WYOMING,SANTA CLARA,2015-08-11,11,8,2015,20,3,5,9,,4,0,,1,1,1,30,4,2,2,3,0,0,1,0,false,,false,false,true,false,false,,,,,,false,false,false,,,false,false,true,false,false,-83.16051,42.42053,"{
  ""coordinates"": [
    -8.316051442700000e+01,
    4.242052842900010e+01
  ],
  ""type"": ""Point""
}","{
  ""coordinates"": [
    -83.160514427,
    42.420528429
  ],
  ""type"": ""Point""
}",-83.160514427,42.4205284290001
8681,9341876,LAFAYETTE,ST AUBIN,2015-08-11,11,8,2015,8,3,5,9,,4,0,,1,1,1,30,2,2,2,5,0,0,0,0,true,,false,false,false,false,false,,,,,,false,false,true,,,false,false,false,false,false,-83.02968,42.33916,"{
  ""coordinates"": [
    -8.302967818799991e+01,
    4.233915561900010e+01
  ],
  ""type"": ""Point""
}","{
  ""coordinates"": [
    -83.029678188,
    42.339155619
  ],
  ""type"": ""Point""
}",-83.0296781879999,42.3391556190001
8682,9343496,JOY,BURNETTE,2015-08-11,11,8,2015,10,3,1,9,,4,1,,1,1,5,30,2,1,1,4,0,0,0,1,false,,false,false,false,false,false,,,,,,false,true,false,,,false,false,false,false,false,-83.14122,42.3593,"{
  ""coordinates"": [
    -8.314122045999990e+01,
    4.235930344900000e+01
  ],
  ""type"": ""Point""
}","{
  ""coordinates"": [
    -83.14122046,
    42.359303449
  ],
  ""type"": ""Point""
}",-83.1412204599999,42.359303449
8683,9402730,JAMES COUZENS,STRATHMOOR,2015-08-11,11,8,2015,3,3,5,9,,4,0,,1,1,4,30,3,2,1,5,0,0,0,0,true,,false,false,false,false,false,,,,,,false,false,false,,,false,false,false,false,false,-83.18903,42.43315,"{
  ""coordinates"": [
    -8.318903149300000e+01,
    4.243314594700010e+01
  ],
  ""type"": ""Point""
}","{
  ""coordinates"": [
    -83.189031493,
    42.433145947
  ],
  ""type"": ""Point""
}",-83.189031493,42.4331459470001
8684,9341971,FORT,OUTER,2015-08-11,11,8,2015,16,3,4,3,,1,0,,1,1,1,35,5,2,3,5,0,0,0,0,true,,false,false,false,false,false,,,,,,false,false,false,,,false,false,false,false,false,-83.16686,42.26213,"{
  ""coordinates"": [
    -8.316686251599999e+01,
    4.226213372500010e+01
  ],
  ""type"": ""Point""
}","{
  ""coordinates"": [
    -83.166862516,
    42.262133725
  ],
  ""type"": ""Point""
}",-83.166862516,42.2621337250001
8685,9341923,VAN DYKE,NEVADA,2015-08-11,11,8,2015,13,3,5,3,,1,0,,1,1,1,35,6,2,2,4,0,0,0,1,false,,false,false,true,false,false,,,,,,false,false,false,,,false,false,false,false,false,-83.02397,42.4267,"{
  ""coordinates"": [
    -8.302397406999999e+01,
    4.242670443000000e+01
  ],
  ""type"": ""Point""
}","{
  ""coordinates"": [
    -83.02397407,
    42.42670443
  ],
  ""type"": ""Point""
}",-83.02397407,42.42670443
8686,9341139,OUTER,ILENE,2015-08-11,11,8,2015,0,3,5,9,,2,0,,1,1,4,35,3,2,2,5,0,0,0,0,true,,false,false,false,false,false,,,,,,false,true,false,,,false,false,false,false,false,-83.16354,42.43493,"{
  ""coordinates"": [
    -8.316353802299990e+01,
    4.243492318300010e+01
  ],
  ""type"": ""Point""
}","{
  ""coordinates"": [
    -83.163538023,
    42.434923183
  ],
  ""type"": ""Point""
}",-83.1635380229999,42.4349231830001
8687,9341865,FENKELL,FERGUSON,2015-08-11,11,8,2015,16,3,4,9,,2,0,,1,1,1,35,4,2,1,5,0,0,0,0,true,,false,false,true,false,false,,,,,,false,false,false,,,false,false,false,false,false,-83.20938,42.40127,"{
  ""coordinates"": [
    -8.320938104899990e+01,
    4.240127085500010e+01
  ],
  ""type"": ""Point""
}","{
  ""coordinates"": [
    -83.209381049,
    42.401270855
  ],
  ""type"": ""Point""
}",-83.2093810489999,42.4012708550001
8688,9341868,JEFFERSON,BEAUFAIT,2015-08-11,11,8,2015,12,3,5,9,,4,0,,1,1,1,35,2,3,2,4,0,0,0,1,false,,false,false,true,false,false,,,,,,false,false,false,,,false,false,false,false,false,-83.00724,42.34486,"{
  ""coordinates"": [
    -8.300723923399990e+01,
    4.234486459200010e+01
  ],
  ""type"": ""Point""
}","{
  ""coordinates"": [
    -83.007239234,
    42.344864592
  ],
  ""type"": ""Point""
}",-83.0072392339999,42.3448645920001
8689,9353380,JAMES COUZENS,GREENFIELD,2015-08-11,11,8,2015,12,3,8,3,,1,0,,1,1,1,30,2,2,2,5,0,0,0,0,true,,false,false,true,false,false,,,,,,false,false,false,,,false,false,false,false,false,-83.20029,42.44263,"{
  ""coordinates"": [
    -8.320029459300000e+01,
    4.244263604700010e+01
  ],
  ""type"": ""Point""
}","{
  ""coordinates"": [
    -83.200294593,
    42.442636047
  ],
  ""type"": ""Point""
}",-83.200294593,42.4426360470001
8690,9353348,GREENFIELD,OUTER,2015-08-11,11,8,2015,19,3,4,9,,2,0,,1,1,1,35,6,2,2,4,0,0,0,2,false,,false,false,false,false,false,,,,,,false,true,false,,,false,false,false,false,false,-83.19945,42.41967,"{
  ""coordinates"": [
    -8.319944719900001e+01,
    4.241966935100000e+01
  ],
  ""type"": ""Point""
}","{
  ""coordinates"": [
    -83.199447199,
    42.419669351
  ],
  ""type"": ""Point""
}",-83.199447199,42.419669351
8691,9341800,RAMP 215F,M10,2015-08-11,11,8,2015,18,3,1,1,,1,1,,2,4,1,55,1,1,1,3,0,0,1,0,false,,false,false,false,false,false,,,,,,false,false,true,,,false,false,false,false,false,-83.07636,42.36007,"{
  ""coordinates"": [
    -8.307635944099999e+01,
    4.236006486000010e+01
  ],
  ""type"": ""Point""
}","{
  ""coordinates"": [
    -83.076359441,
    42.36006486
  ],
  ""type"": ""Point""
}",-83.076359441,42.3600648600001
8692,9345534,JOHN R,NEVADA,2015-08-11,11,8,2015,9,3,5,9,,4,0,,1,1,1,25,2,2,1,4,0,0,0,1,false,,false,false,true,false,false,,,,,,false,false,false,,,false,false,false,false,false,-83.10205,42.42458,"{
  ""coordinates"": [
    -8.310205279699990e+01,
    4.242458242300010e+01
  ],
  ""type"": ""Point""
}","{
  ""coordinates"": [
    -83.102052797,
    42.424582423
  ],
  ""type"": ""Point""
}",-83.1020527969999,42.4245824230001
8693,9351118,FARNSWORTH,JOHN R,2015-08-11,11,8,2015,15,3,5,9,,,0,,1,1,1,25,1,2,2,5,0,0,0,0,true,,false,false,true,false,false,,,,,,false,false,false,,,false,false,false,false,false,-83.06282,42.35934,"{
  ""coordinates"": [
    -8.306281695599991e+01,
    4.235933794900010e+01
  ],
  ""type"": ""Point""
}","{
  ""coordinates"": [
    -83.062816956,
    42.359337949
  ],
  ""type"": ""Point""
}",-83.0628169559999,42.3593379490001
8694,9343507,ROSEMONT,VAN BUREN,2015-08-11,11,8,2015,17,3,1,9,,,1,,1,1,1,25,1,1,2,1,1,0,0,1,false,,false,false,false,true,false,,,,,,false,false,true,,,false,false,false,false,false,-83.21884,42.35619,"{
  ""coordinates"": [
    -8.321883837800000e+01,
    4.235618700800010e+01
  ],
  ""type"": ""Point""
}","{
  ""coordinates"": [
    -83.218838378,
    42.356187008
  ],
  ""type"": ""Point""
}",-83.218838378,42.3561870080001
8695,9343505,CHANDLER PARK,CANYON,2015-08-11,11,8,2015,12,3,4,9,,2,0,,1,1,1,25,5,2,2,4,0,0,0,1,false,,true,true,false,false,false,,,,,,false,false,false,,,false,false,false,false,false,-82.91855,42.41623,"{
  ""coordinates"": [
    -8.291854733799990e+01,
    4.241622450000010e+01
  ],
  ""type"": ""Point""
}","{
  ""coordinates"": [
    -82.918547338,
    42.4162245
  ],
  ""type"": ""Point""
}",-82.9185473379999,42.4162245000001
8696,9343515,OUTER,GODDARD,2015-08-11,11,8,2015,14,3,4,9,,2,0,,1,1,1,30,2,2,3,4,0,0,0,1,false,,false,false,false,false,false,,,,,,false,false,true,,,false,false,false,false,false,-83.07745,42.44009,"{
  ""coordinates"": [
    -8.307744913900000e+01,
    4.244009034700010e+01
  ],
  ""type"": ""Point""
}","{
  ""coordinates"": [
    -83.077449139,
    42.440090347
  ],
  ""type"": ""Point""
}",-83.077449139,42.4400903470001
8697,9341894,MITCHELL,DEARING,2015-08-11,11,8,2015,13,3,97,9,,,0,,1,1,1,0,2,2,0,5,0,0,0,0,true,,false,false,true,false,false,,,,,,false,false,true,,,false,false,false,false,false,-83.06643,42.41199,"{
  ""coordinates"": [
    -8.306642604300001e+01,
    4.241199166700010e+01
  ],
  ""type"": ""Point""
}","{
  ""coordinates"": [
    -83.066426043,
    42.411991667
  ],
  ""type"": ""Point""
}",-83.066426043,42.4119916670001
8698,9351813,EVERGREEN,JOY,2015-08-11,11,8,2015,15,3,5,9,,4,0,,97,98,1,30,2,2,2,5,0,0,0,0,true,,false,false,false,false,false,,,,,,false,false,true,,,false,false,false,false,false,-83.23588,42.35619,"{
  ""coordinates"": [
    -8.323588077399999e+01,
    4.235619330200010e+01
  ],
  ""type"": ""Point""
}","{
  ""coordinates"": [
    -83.235880774,
    42.356193302
  ],
  ""type"": ""Point""
}",-83.235880774,42.3561933020001
8699,9343472,WARREN,ST AUBIN,2015-08-11,11,8,2015,16,3,4,9,,4,0,,1,1,1,0,4,2,2,5,0,0,0,0,true,,false,false,false,false,false,,,,,,false,false,true,,,false,false,false,false,false,-83.0443,42.36442,"{
  ""coordinates"": [
    -8.304430608800000e+01,
    4.236441735100000e+01
  ],
  ""type"": ""Point""
}","{
  ""coordinates"": [
    -83.044306088,
    42.364417351
  ],
  ""type"": ""Point""
}",-83.044306088,42.364417351
8700,9358501,W I 94,N HARPER/S I 94,2015-08-11,11,8,2015,6,3,1,1,,1,1,,1,1,2,55,3,1,1,5,0,0,0,0,true,,false,false,false,false,true,,,,,,false,false,false,,,false,false,false,false,false,-82.92908,42.42422,"{
  ""coordinates"": [
    -8.292908147000000e+01,
    4.242421948600000e+01
  ],
  ""type"": ""Point""
}","{
  ""coordinates"": [
    -82.92908147,
    42.424219486
  ],
  ""type"": ""Point""
}",-82.92908147,42.424219486
8701,9343509,GRAND RIVER,ASBURY,2015-08-11,11,8,2015,22,3,5,3,,1,0,,1,1,1,35,2,2,3,5,0,0,0,0,true,,false,false,false,false,false,,,,,,false,false,true,,,false,false,false,false,false,-83.20854,42.39677,"{
  ""coordinates"": [
    -8.320854313599990e+01,
    4.239676706200000e+01
  ],
  ""type"": ""Point""
}","{
  ""coordinates"": [
    -83.208543136,
    42.396767062
  ],
  ""type"": ""Point""
}",-83.2085431359999,42.396767062
8702,9341869,FIELD,ST PAUL,2015-08-11,11,8,2015,13,3,5,9,,,0,,1,1,1,25,2,2,1,5,0,0,0,0,true,,false,false,false,false,false,,,,,,false,false,false,,,false,false,false,false,false,-83.00459,42.35418,"{
  ""coordinates"": [
    -8.300458930799989e+01,
    4.235418055500000e+01
  ],
  ""type"": ""Point""
}","{
  ""coordinates"": [
    -83.004589308,
    42.354180555
  ],
  ""type"": ""Point""
}",-83.0045893079999,42.354180555
8703,9341872,GRISWOLD,CONGRESS,2015-08-11,11,8,2015,7,3,8,9,,4,0,,1,1,1,25,2,2,4,5,0,0,0,0,true,,false,false,false,false,false,,,,,,false,false,false,,,false,false,false,false,false,-83.04673,42.32992,"{
  ""coordinates"": [
    -8.304673362599991e+01,
    4.232991716900010e+01
  ],
  ""type"": ""Point""
}","{
  ""coordinates"": [
    -83.046733626,
    42.329917169
  ],
  ""type"": ""Point""
}",-83.0467336259999,42.3299171690001
8704,9343466,3RD,MICHIGAN,2015-08-11,11,8,2015,16,3,8,2,,4,0,,1,1,1,25,3,2,2,5,0,0,0,0,true,,false,false,false,false,false,,,,,,false,false,false,,,false,false,false,false,false,-83.0574,42.33163,"{
  ""coordinates"": [
    -8.305739267000000e+01,
    4.233163439100010e+01
  ],
  ""type"": ""Point""
}","{
  ""coordinates"": [
    -83.05739267,
    42.331634391
  ],
  ""type"": ""Point""
}",-83.05739267,42.3316343910001
8705,9343516,7 MILE,VAN DYKE,2015-08-11,11,8,2015,17,3,5,3,,4,0,,1,1,1,30,6,2,4,4,0,0,0,1,false,,false,false,false,false,false,,,,,,false,false,true,,,false,false,false,false,false,-83.02425,42.43397,"{
  ""coordinates"": [
    -8.302424816699990e+01,
    4.243396838500010e+01
  ],
  ""type"": ""Point""
}","{
  ""coordinates"": [
    -83.024248167,
    42.433968385
  ],
  ""type"": ""Point""
}",-83.0242481669999,42.4339683850001
8706,9341789,I94,GRAND RIVER,2015-08-11,11,8,2015,23,3,1,1,,1,1,,1,1,5,55,3,1,1,5,0,0,0,0,true,,false,false,false,false,false,,,,,,false,false,false,,,false,false,false,false,false,-83.0956,42.35121,"{
  ""coordinates"": [
    -8.309559297899990e+01,
    4.235121218200000e+01
  ],
  ""type"": ""Point""
}","{
  ""coordinates"": [
    -83.095592979,
    42.351212182
  ],
  ""type"": ""Point""
}",-83.0955929789999,42.351212182
8707,9343416,FOREST,ALGONQUIN,2015-08-11,11,8,2015,21,3,4,9,,,0,,1,1,5,25,2,2,2,5,0,0,0,0,true,,false,false,false,false,false,,,,,,false,false,false,,,false,false,false,false,false,-82.96917,42.38977,"{
  ""coordinates"": [
    -8.296917225700000e+01,
    4.238977511500010e+01
  ],
  ""type"": ""Point""
}","{
  ""coordinates"": [
    -82.969172257,
    42.389775115
  ],
  ""type"": ""Point""
}",-82.969172257,42.3897751150001
8708,9341792,N M 10,GREENLAWN,2015-08-11,11,8,2015,17,3,8,3,,1,0,,1,2,1,55,3,2,3,5,0,0,0,0,true,,false,false,false,false,false,,,,,,false,true,false,,,false,false,false,false,false,-83.15029,42.40487,"{
  ""coordinates"": [
    -8.315029115100000e+01,
    4.240486580600000e+01
  ],
  ""type"": ""Point""
}","{
  ""coordinates"": [
    -83.150291151,
    42.404865806
  ],
  ""type"": ""Point""
}",-83.150291151,42.404865806
8709,9341924,7 MILE,OUTER,2015-08-11,11,8,2015,17,3,8,9,,2,0,,1,1,1,30,2,2,2,5,0,0,0,0,true,,false,false,false,false,false,,,,,,false,false,true,,,false,false,false,false,false,-83.17551,42.43117,"{
  ""coordinates"": [
    -8.317551028199991e+01,
    4.243116830200010e+01
  ],
  ""type"": ""Point""
}","{
  ""coordinates"": [
    -83.175510282,
    42.431168302
  ],
  ""type"": ""Point""
}",-83.1755102819999,42.4311683020001
8710,9341922,CONLEY,LANTZ,2015-08-10,10,8,2015,13,2,97,9,,,0,,1,1,1,20,2,2,2,5,0,0,0,0,true,,false,false,false,false,false,,,,,,false,true,false,,,false,false,false,false,false,-83.05288,42.43824,"{
  ""coordinates"": [
    -8.305288172600000e+01,
    4.243823686400000e+01
  ],
  ""type"": ""Point""
}","{
  ""coordinates"": [
    -83.052881726,
    42.438236864
  ],
  ""type"": ""Point""
}",-83.052881726,42.438236864
8711,9341882,GROESBECK,8 MILE,2015-08-10,10,8,2015,15,2,97,3,,1,0,,2,4,1,40,7,2,3,5,0,0,0,0,true,,false,false,false,false,false,,,,,,false,false,false,,,false,false,false,false,false,-83.00262,42.44899,"{
  ""coordinates"": [
    -8.300262497800000e+01,
    4.244898917200000e+01
  ],
  ""type"": ""Point""
}","{
  ""coordinates"": [
    -83.002624978,
    42.448989172
  ],
  ""type"": ""Point""
}",-83.002624978,42.448989172
8712,9341013,I-94,CADIEUX,2015-08-10,10,8,2015,16,2,8,1,,1,0,,2,4,1,55,3,2,1,5,0,0,0,0,true,,false,false,true,false,false,,,,,,false,false,false,,,false,false,false,false,false,-82.93661,42.41766,"{
  ""coordinates"": [
    -8.293661745799990e+01,
    4.241765555900000e+01
  ],
  ""type"": ""Point""
}","{
  ""coordinates"": [
    -82.936617458,
    42.417655559
  ],
  ""type"": ""Point""
}",-82.9366174579999,42.417655559
8713,9399220,JOY,HUBBELL,2015-08-10,10,8,2015,13,2,8,9,,4,0,,2,2,1,30,5,2,5,5,0,0,0,0,true,,false,false,false,false,false,,,,,,false,false,true,,,false,false,false,false,false,-83.18713,42.35835,"{
  ""coordinates"": [
    -8.318713421200000e+01,
    4.235834789100010e+01
  ],
  ""type"": ""Point""
}","{
  ""coordinates"": [
    -83.187134212,
    42.358347891
  ],
  ""type"": ""Point""
}",-83.187134212,42.3583478910001
8714,9341147,CADIEUX,CHANDLER PARK,2015-08-10,10,8,2015,13,2,5,9,,4,0,,2,2,1,30,6,2,4,5,0,0,0,0,true,,false,false,false,false,false,,,,,,false,false,false,,,false,false,false,false,false,-82.93301,42.41095,"{
  ""coordinates"": [
    -8.293301248800000e+01,
    4.241094888500000e+01
  ],
  ""type"": ""Point""
}","{
  ""coordinates"": [
    -82.933012488,
    42.410948885
  ],
  ""type"": ""Point""
}",-82.933012488,42.410948885
8715,9341141,MEYERS,CURTIS,2015-08-10,10,8,2015,8,2,4,9,,4,0,,1,1,1,30,4,2,2,3,0,0,1,1,false,,true,true,false,false,false,,,,,,false,false,true,,,false,false,false,false,false,-83.17043,42.42399,"{
  ""coordinates"": [
    -8.317042994199990e+01,
    4.242399175900000e+01
  ],
  ""type"": ""Point""
}","{
  ""coordinates"": [
    -83.170429942,
    42.423991759
  ],
  ""type"": ""Point""
}",-83.1704299419999,42.423991759
8716,9341920,CONNER,GRATIOT,2015-08-10,10,8,2015,16,2,97,3,,4,0,,2,1,1,35,6,3,6,3,0,0,3,0,false,,false,false,false,false,false,,,,,,false,false,true,,,false,false,false,false,false,-82.9975,42.40491,"{
  ""coordinates"": [
    -8.299749493099991e+01,
    4.240490783300000e+01
  ],
  ""type"": ""Point""
}","{
  ""coordinates"": [
    -82.997494931,
    42.404907833
  ],
  ""type"": ""Point""
}",-82.9974949309999,42.404907833
8717,9399219,PREST,KEELER,2015-08-10,10,8,2015,10,2,5,9,,,0,,1,2,1,25,1,2,2,5,0,0,0,0,true,,false,false,false,false,false,,,,,,false,false,true,,,false,false,false,false,false,-83.19759,42.40321,"{
  ""coordinates"": [
    -8.319759584099999e+01,
    4.240320998700000e+01
  ],
  ""type"": ""Point""
}","{
  ""coordinates"": [
    -83.197595841,
    42.403209987
  ],
  ""type"": ""Point""
}",-83.197595841,42.403209987
8718,9343471,N M 10,HOWARD,2015-08-10,10,8,2015,17,2,4,3,,1,0,,1,1,1,35,2,2,5,5,0,0,0,0,true,,false,false,false,false,false,,,,,,false,false,true,,,false,false,false,false,false,-83.05769,42.32858,"{
  ""coordinates"": [
    -8.305768497199990e+01,
    4.232858390500010e+01
  ],
  ""type"": ""Point""
}","{
  ""coordinates"": [
    -83.057684972,
    42.328583905
  ],
  ""type"": ""Point""
}",-83.0576849719999,42.3285839050001
8719,9341026,I-75,GREENDALE,2015-08-10,10,8,2015,7,2,5,9,,4,0,,1,2,1,70,4,3,2,5,0,0,0,0,true,,false,false,true,false,false,,,,,,false,false,true,,,false,false,false,false,false,-83.09483,42.42767,"{
  ""coordinates"": [
    -8.309482921800000e+01,
    4.242766613500000e+01
  ],
  ""type"": ""Point""
}","{
  ""coordinates"": [
    -83.094829218,
    42.427666135
  ],
  ""type"": ""Point""
}",-83.094829218,42.427666135
8720,9401499,JEFFERSON,GRAND,2015-08-10,10,8,2015,13,2,97,3,,4,0,,1,1,1,25,1,2,2,5,0,0,0,0,true,,false,false,false,false,false,,,,,,false,false,false,,,false,false,false,false,false,-83.00196,42.34688,"{
  ""coordinates"": [
    -8.300196448700000e+01,
    4.234688117100010e+01
  ],
  ""type"": ""Point""
}","{
  ""coordinates"": [
    -83.001964487,
    42.346881171
  ],
  ""type"": ""Point""
}",-83.001964487,42.3468811710001
8721,9344527,JOY,QUINCY,2015-08-10,10,8,2015,13,2,8,9,,4,0,,2,4,1,30,4,2,1,5,0,0,0,0,true,,false,false,true,false,false,,,,,,false,false,false,,,false,false,false,false,false,-83.12151,42.36868,"{
  ""coordinates"": [
    -8.312151198100000e+01,
    4.236868294000000e+01
  ],
  ""type"": ""Point""
}","{
  ""coordinates"": [
    -83.121511981,
    42.36868294
  ],
  ""type"": ""Point""
}",-83.121511981,42.36868294
8722,9399221,GRANDRIVER,SCHAEFER,2015-08-10,10,8,2015,15,2,5,3,,1,0,,2,4,1,35,7,2,3,5,0,0,0,0,true,,false,false,false,false,false,,,,,,false,false,true,,,false,false,false,false,false,-83.17844,42.38463,"{
  ""coordinates"": [
    -8.317843804200000e+01,
    4.238462753000000e+01
  ],
  ""type"": ""Point""
}","{
  ""coordinates"": [
    -83.178438042,
    42.38462753
  ],
  ""type"": ""Point""
}",-83.178438042,42.38462753
8723,9364203,EVERGREENN,WHITLOCK,2015-08-10,10,8,2015,11,2,4,9,,4,0,,1,2,1,30,2,2,2,5,0,0,0,0,true,,false,false,false,false,false,,,,,,false,false,true,,,false,false,false,false,false,-83.23523,42.33929,"{
  ""coordinates"": [
    -8.323523259000000e+01,
    4.233928506000010e+01
  ],
  ""type"": ""Point""
}","{
  ""coordinates"": [
    -83.23523259,
    42.33928506
  ],
  ""type"": ""Point""
}",-83.23523259,42.3392850600001
8724,9341791,EB I-94,WOODWARD,2015-08-10,10,8,2015,10,2,8,1,,1,0,,1,2,1,55,3,2,1,5,0,0,0,0,true,,false,false,true,false,false,,,,,,false,false,true,,,false,false,false,false,false,-83.07032,42.36281,"{
  ""coordinates"": [
    -8.307032001100001e+01,
    4.236280952300010e+01
  ],
  ""type"": ""Point""
}","{
  ""coordinates"": [
    -83.070320011,
    42.362809523
  ],
  ""type"": ""Point""
}",-83.070320011,42.3628095230001
8725,9364204,SCHOOLCRAFT,PIEDMONT,2015-08-10,10,8,2015,14,2,5,9,,2,0,,2,4,1,35,4,2,2,4,0,0,0,1,false,,false,false,false,false,false,,,,,,false,false,true,,,false,false,false,false,false,-83.22968,42.38641,"{
  ""coordinates"": [
    -8.322967531800001e+01,
    4.238641104800010e+01
  ],
  ""type"": ""Point""
}","{
  ""coordinates"": [
    -83.229675318,
    42.386411048
  ],
  ""type"": ""Point""
}",-83.229675318,42.3864110480001
8726,9343473,JEFFERSON,EIGHTH,2015-08-10,10,8,2015,16,2,8,9,,4,0,,2,1,1,30,5,2,2,5,0,0,0,0,true,,false,false,false,false,false,,,,,,false,true,false,,,false,false,false,false,false,-83.05944,42.32384,"{
  ""coordinates"": [
    -8.305943962000001e+01,
    4.232384543300000e+01
  ],
  ""type"": ""Point""
}","{
  ""coordinates"": [
    -83.05943962,
    42.323845433
  ],
  ""type"": ""Point""
}",-83.05943962,42.323845433
8727,9343504,CONNER,HARPER,2015-08-10,10,8,2015,14,2,5,9,,4,0,,2,4,1,25,3,2,3,5,0,0,0,0,true,,false,false,false,false,false,,,,,,false,false,true,,,false,false,false,false,false,-82.98931,42.39718,"{
  ""coordinates"": [
    -8.298931276400000e+01,
    4.239717843300010e+01
  ],
  ""type"": ""Point""
}","{
  ""coordinates"": [
    -82.989312764,
    42.397178433
  ],
  ""type"": ""Point""
}",-82.989312764,42.3971784330001
8728,9341134,KERCHEVAL,GRAY,2015-08-10,10,8,2015,12,2,4,9,,4,0,,1,2,1,30,4,2,2,5,0,0,0,0,true,,false,false,true,false,false,,,,,,false,false,false,,,false,false,false,false,false,-82.95717,42.37526,"{
  ""coordinates"": [
    -8.295716680899990e+01,
    4.237525545000010e+01
  ],
  ""type"": ""Point""
}","{
  ""coordinates"": [
    -82.957166809,
    42.37525545
  ],
  ""type"": ""Point""
}",-82.9571668089999,42.3752554500001