ObjectId,Crash ID,Primary Road,Intersecting Road,Crash Date,Day,Month,Year,Hour,Weekday,Crash Type Code,Highway Classification Code,Community Code,Jurisdiction Code,Lane Departure Type Code,Surface Type,Road Condition,Weather Condition,Lighting Condition,Speed Limit,Lanes,Units,Occupants,Most Severe Injury,Fatal Injuries,Suspected Serious Injuries,Suspected Minor Injuries,Possible Injuries,Property Damage Only,Secondary Crash,Traffic Control,Red Light Run,Hit and Run,Alcohol,Drugs,Unbelted Person,Work Zone,Speeding Driver,Distracted Driver,Driveway,Pedestrian,Elderly Driver,Young Driver,Commercial Vehicle,Emergency Vehicles,Train,School Bus,Motorcycle,Bicycle,Deer,Longitude,Latitude,geom,geog,x,y
8787,9340390,CHENE,GRAND,2015-08-09,9,8,2015,16,1,4,1,,4,0,,1,1,1,30,4,2,3,5,0,0,0,0,true,,false,false,false,false,false,,,,,,false,false,true,,,false,false,false,false,false,-83.04649,42.37491,"{
  ""coordinates"": [
    -8.304648273200000e+01,
    4.237490874800010e+01
  ],
  ""type"": ""Point""
}","{
  ""coordinates"": [
    -83.046482732,
    42.374908748
  ],
  ""type"": ""Point""
}",-83.046482732,42.3749087480001
8788,9341808,N I 75,MICHIGAN,2015-08-09,9,8,2015,20,1,1,1,,1,1,,1,2,1,55,3,1,1,4,0,0,0,1,false,,false,false,false,false,false,,,,,,false,false,false,,,false,false,true,false,false,-83.08469,42.33139,"{
  ""coordinates"": [
    -8.308468393299999e+01,
    4.233138514800000e+01
  ],
  ""type"": ""Point""
}","{
  ""coordinates"": [
    -83.084683933,
    42.331385148
  ],
  ""type"": ""Point""
}",-83.084683933,42.331385148
8789,9339570,RAMP 011B,N M 39,2015-08-09,9,8,2015,2,1,5,3,,1,0,,1,1,4,55,1,2,5,4,0,0,0,4,false,,false,false,false,false,false,,,,,,false,false,false,,,false,false,false,false,false,-83.21904,42.43163,"{
  ""coordinates"": [
    -8.321904299499990e+01,
    4.243162626800010e+01
  ],
  ""type"": ""Point""
}","{
  ""coordinates"": [
    -83.219042995,
    42.431626268
  ],
  ""type"": ""Point""
}",-83.2190429949999,42.4316262680001
8790,9340365,DEQUINDRE,MCNICHOLS,2015-08-09,9,8,2015,12,1,8,9,,4,0,,1,1,1,30,2,2,2,5,0,0,0,0,true,,false,false,false,false,false,,,,,,false,false,true,,,false,false,false,false,false,-83.08085,42.41455,"{
  ""coordinates"": [
    -8.308085134600000e+01,
    4.241454541900000e+01
  ],
  ""type"": ""Point""
}","{
  ""coordinates"": [
    -83.080851346,
    42.414545419
  ],
  ""type"": ""Point""
}",-83.080851346,42.414545419
8791,9341893,TACOMA,ANVIL,2015-08-09,9,8,2015,18,1,8,9,,,0,,1,1,1,25,2,2,1,5,0,0,0,0,true,,false,false,false,true,false,,,,,,false,false,false,,,false,false,false,false,false,-82.97818,42.44157,"{
  ""coordinates"": [
    -8.297817850699990e+01,
    4.244156892400010e+01
  ],
  ""type"": ""Point""
}","{
  ""coordinates"": [
    -82.978178507,
    42.441568924
  ],
  ""type"": ""Point""
}",-82.9781785069999,42.4415689240001
8792,9339585,N I 75,BRENTWOOD,2015-08-09,9,8,2015,2,1,1,1,,1,1,,1,1,4,70,4,1,1,5,0,0,0,0,true,,false,false,false,true,false,,,,,,false,false,false,,,false,false,false,false,false,-83.0946,42.43208,"{
  ""coordinates"": [
    -8.309459958100000e+01,
    4.243207816300000e+01
  ],
  ""type"": ""Point""
}","{
  ""coordinates"": [
    -83.094599581,
    42.432078163
  ],
  ""type"": ""Point""
}",-83.094599581,42.432078163
8793,9347067,7 MILE,FORRER,2015-08-09,9,8,2015,1,1,97,9,,2,0,,1,1,4,35,2,2,0,5,0,0,0,0,true,,false,false,true,false,false,,,,,,false,false,false,,,false,false,false,false,false,-83.2028,42.43037,"{
  ""coordinates"": [
    -8.320279415800000e+01,
    4.243036554100010e+01
  ],
  ""type"": ""Point""
}","{
  ""coordinates"": [
    -83.202794158,
    42.430365541
  ],
  ""type"": ""Point""
}",-83.202794158,42.4303655410001
8794,9343259,N M 39,7 MILE,2015-08-09,9,8,2015,0,1,5,3,,1,0,,1,1,4,55,3,2,2,5,0,0,0,0,true,,false,false,true,false,false,,,,,,false,false,false,,,false,false,false,false,false,-83.21923,42.43015,"{
  ""coordinates"": [
    -8.321922939300001e+01,
    4.243014878500000e+01
  ],
  ""type"": ""Point""
}","{
  ""coordinates"": [
    -83.219229393,
    42.430148785
  ],
  ""type"": ""Point""
}",-83.219229393,42.430148785
8795,9340358,FERRY,CHENE,2015-08-09,9,8,2015,13,1,5,9,,4,0,,1,1,1,30,2,2,3,4,0,0,0,1,false,,false,false,false,false,false,,,,,,false,false,false,,,false,false,false,false,false,-83.04355,42.36987,"{
  ""coordinates"": [
    -8.304355218500000e+01,
    4.236987099500000e+01
  ],
  ""type"": ""Point""
}","{
  ""coordinates"": [
    -83.043552185,
    42.369870995
  ],
  ""type"": ""Point""
}",-83.043552185,42.369870995
8796,9340382,KENSINGTON,WAVENEY,2015-08-09,9,8,2015,12,1,3,9,,,0,,1,1,1,25,2,2,2,5,0,0,0,0,true,,false,false,false,false,false,,,,,,false,false,false,,,false,false,false,false,false,-82.9324,42.39978,"{
  ""coordinates"": [
    -8.293240034999999e+01,
    4.239978466100010e+01
  ],
  ""type"": ""Point""
}","{
  ""coordinates"": [
    -82.93240035,
    42.399784661
  ],
  ""type"": ""Point""
}",-82.93240035,42.3997846610001
8797,9340360,3RD,MERTON,2015-08-09,9,8,2015,7,1,8,9,,4,0,,1,1,1,25,2,2,0,5,0,0,0,0,true,,false,false,true,false,false,,,,,,false,false,false,,,false,false,false,false,false,-83.11318,42.41846,"{
  ""coordinates"": [
    -8.311318509800000e+01,
    4.241845545300000e+01
  ],
  ""type"": ""Point""
}","{
  ""coordinates"": [
    -83.113185098,
    42.418455453
  ],
  ""type"": ""Point""
}",-83.113185098,42.418455453
8798,9340399,CHERLEVOIX,MT.ELLIOT,2015-08-09,9,8,2015,11,1,9,9,,4,0,,1,1,1,25,3,2,4,5,0,0,0,0,true,,false,false,false,false,false,,,,,,false,false,false,,,false,false,false,false,false,-83.01881,42.35706,"{
  ""coordinates"": [
    -8.301880604199989e+01,
    4.235705796800000e+01
  ],
  ""type"": ""Point""
}","{
  ""coordinates"": [
    -83.018806042,
    42.357057968
  ],
  ""type"": ""Point""
}",-83.0188060419999,42.357057968
8799,9353548,MCNICHOLS,S M 39,2015-08-09,9,8,2015,2,1,4,9,,2,0,,1,1,4,35,6,2,2,5,0,0,0,0,true,,true,true,false,true,false,,,,,,false,false,true,,,false,false,false,false,false,-83.21885,42.41555,"{
  ""coordinates"": [
    -8.321885043600000e+01,
    4.241554747000000e+01
  ],
  ""type"": ""Point""
}","{
  ""coordinates"": [
    -83.218850436,
    42.41554747
  ],
  ""type"": ""Point""
}",-83.218850436,42.41554747
8800,9340413,WILDEMERE,THATCHER,2015-08-09,9,8,2015,1,1,8,9,,,0,,1,1,1,15,1,2,1,5,0,0,0,0,true,,false,false,false,false,false,,,,,,false,false,false,,,false,false,false,false,false,-83.1331,42.4225,"{
  ""coordinates"": [
    -8.313309955100000e+01,
    4.242250460000000e+01
  ],
  ""type"": ""Point""
}","{
  ""coordinates"": [
    -83.133099551,
    42.4225046
  ],
  ""type"": ""Point""
}",-83.133099551,42.4225046
8801,9340357,FRANKLIN,RIOPELLE,2015-08-09,9,8,2015,0,1,97,9,,5,0,,1,1,3,10,1,2,1,4,0,0,0,1,false,,false,false,false,false,false,,,,,,true,false,false,,,false,false,false,false,false,-83.03021,42.33327,"{
  ""coordinates"": [
    -8.303021454600000e+01,
    4.233327582100000e+01
  ],
  ""type"": ""Point""
}","{
  ""coordinates"": [
    -83.030214546,
    42.333275821
  ],
  ""type"": ""Point""
}",-83.030214546,42.333275821
8802,9341899,GRATIOT,CHENE,2015-08-09,9,8,2015,20,1,97,3,,1,0,,1,1,4,35,5,2,2,5,0,0,0,0,true,,false,false,false,false,false,,,,,,false,false,false,,,false,false,true,true,false,-83.03201,42.35254,"{
  ""coordinates"": [
    -8.303200375199999e+01,
    4.235254354100000e+01
  ],
  ""type"": ""Point""
}","{
  ""coordinates"": [
    -83.032003752,
    42.352543541
  ],
  ""type"": ""Point""
}",-83.032003752,42.352543541
8803,9340373,RUSSELL,ADELAIDE,2015-08-09,9,8,2015,2,1,8,9,,4,0,,1,1,4,25,7,2,8,5,0,0,0,0,true,,false,false,true,false,false,,,,,,false,false,false,,,false,false,false,false,false,-83.04059,42.34656,"{
  ""coordinates"": [
    -8.304059175299990e+01,
    4.234656207500010e+01
  ],
  ""type"": ""Point""
}","{
  ""coordinates"": [
    -83.040591753,
    42.346562075
  ],
  ""type"": ""Point""
}",-83.0405917529999,42.3465620750001
8804,9341156,7 MILE,BELAND,2015-08-09,9,8,2015,17,1,1,9,,4,1,,1,1,1,25,2,1,0,5,0,0,0,0,true,,false,false,true,false,false,,,,,,false,false,false,,,false,false,false,false,false,-83.00897,42.43432,"{
  ""coordinates"": [
    -8.300897596100000e+01,
    4.243431777100010e+01
  ],
  ""type"": ""Point""
}","{
  ""coordinates"": [
    -83.008975961,
    42.434317771
  ],
  ""type"": ""Point""
}",-83.008975961,42.4343177710001
8805,9351115,BALTIMORE,SECOND,2015-08-09,9,8,2015,9,1,4,9,,4,0,,1,1,1,25,3,2,2,5,0,0,0,0,true,,true,true,false,false,false,,,,,,false,false,false,,,false,false,false,false,false,-83.07557,42.36708,"{
  ""coordinates"": [
    -8.307557239700000e+01,
    4.236708626400010e+01
  ],
  ""type"": ""Point""
}","{
  ""coordinates"": [
    -83.075572397,
    42.367086264
  ],
  ""type"": ""Point""
}",-83.075572397,42.3670862640001
8806,9353516,TELEGRAPH,DEHNER,2015-08-09,9,8,2015,11,1,8,2,,1,0,,1,1,1,40,4,2,9,5,0,0,0,0,true,,false,false,false,false,false,,,,,,false,false,false,,,false,false,false,false,false,-83.27685,42.4114,"{
  ""coordinates"": [
    -8.327684853200000e+01,
    4.241139750500000e+01
  ],
  ""type"": ""Point""
}","{
  ""coordinates"": [
    -83.276848532,
    42.411397505
  ],
  ""type"": ""Point""
}",-83.276848532,42.411397505
8807,9339586,I-94,I-75,2015-08-09,9,8,2015,3,1,8,1,,1,0,,1,1,1,55,3,2,2,5,0,0,0,0,true,,false,false,true,false,false,,,,,,false,false,false,,,false,false,false,false,false,-83.05755,42.36903,"{
  ""coordinates"": [
    -8.305755172900000e+01,
    4.236902634100010e+01
  ],
  ""type"": ""Point""
}","{
  ""coordinates"": [
    -83.057551729,
    42.369026341
  ],
  ""type"": ""Point""
}",-83.057551729,42.3690263410001
8808,9343470,PARK,ELIZABETH,2015-08-09,9,8,2015,17,1,5,9,,4,0,,1,1,1,25,2,2,4,5,0,0,0,0,true,,false,false,false,false,false,,,,,,false,false,false,,,false,false,false,false,false,-83.05334,42.33743,"{
  ""coordinates"": [
    -8.305334702600000e+01,
    4.233743333900000e+01
  ],
  ""type"": ""Point""
}","{
  ""coordinates"": [
    -83.053347026,
    42.337433339
  ],
  ""type"": ""Point""
}",-83.053347026,42.337433339
8809,9341135,CHALMERS,WARREN,2015-08-09,9,8,2015,21,1,4,9,,4,0,,1,1,4,35,4,2,2,4,0,0,0,2,false,,false,false,true,false,false,,,,,,false,false,false,,,false,false,false,false,false,-82.95884,42.39545,"{
  ""coordinates"": [
    -8.295883867799991e+01,
    4.239544650500010e+01
  ],
  ""type"": ""Point""
}","{
  ""coordinates"": [
    -82.958838678,
    42.395446505
  ],
  ""type"": ""Point""
}",-82.9588386779999,42.3954465050001
8810,9341158,MIDLAND,LIVERNOIS,2015-08-09,9,8,2015,18,1,8,9,,,0,,1,1,1,25,2,2,2,5,0,0,0,0,true,,false,false,false,false,false,,,,,,false,false,false,,,false,false,false,false,false,-83.14055,42.40626,"{
  ""coordinates"": [
    -8.314055205800000e+01,
    4.240625761000010e+01
  ],
  ""type"": ""Point""
}","{
  ""coordinates"": [
    -83.140552058,
    42.40625761
  ],
  ""type"": ""Point""
}",-83.140552058,42.4062576100001
8811,9343500,MCGRAW,CASPER,2015-08-09,9,8,2015,2,1,1,9,,4,0,,1,2,4,25,4,1,0,5,0,0,0,0,true,,false,false,true,false,false,,,,,,false,false,false,,,false,false,false,false,false,-83.14161,42.33515,"{
  ""coordinates"": [
    -8.314160566300001e+01,
    4.233514840300010e+01
  ],
  ""type"": ""Point""
}","{
  ""coordinates"": [
    -83.141605663,
    42.335148403
  ],
  ""type"": ""Point""
}",-83.141605663,42.3351484030001
8812,9347104,LEROY,GLENFIELD,2015-08-09,9,8,2015,17,1,97,9,,,0,,1,1,1,25,1,2,1,5,0,0,0,0,true,,false,false,false,false,false,,,,,,false,false,false,,,false,false,false,false,false,-82.97069,42.41829,"{
  ""coordinates"": [
    -8.297069063700000e+01,
    4.241829064600010e+01
  ],
  ""type"": ""Point""
}","{
  ""coordinates"": [
    -82.970690637,
    42.418290646
  ],
  ""type"": ""Point""
}",-82.970690637,42.4182906460001
8813,9340350,BAGLEY,GRAND RIVER,2015-08-09,9,8,2015,15,1,8,9,,4,0,,1,1,1,35,4,2,2,5,0,0,0,0,true,,false,false,false,false,false,,,,,,false,false,false,,,false,false,false,false,false,-83.05311,42.33432,"{
  ""coordinates"": [
    -8.305311106700000e+01,
    4.233432553200000e+01
  ],
  ""type"": ""Point""
}","{
  ""coordinates"": [
    -83.053111067,
    42.334325532
  ],
  ""type"": ""Point""
}",-83.053111067,42.334325532
8814,9341150,SALEM,MCNICHOLS,2015-08-09,9,8,2015,18,1,97,9,,,0,,1,1,3,25,1,2,2,5,0,0,0,0,true,,false,false,false,false,false,,,,,,false,false,false,,,false,false,false,false,false,-83.28514,42.41375,"{
  ""coordinates"": [
    -8.328514023600000e+01,
    4.241375179400010e+01
  ],
  ""type"": ""Point""
}","{
  ""coordinates"": [
    -83.285140236,
    42.413751794
  ],
  ""type"": ""Point""
}",-83.285140236,42.4137517940001
8815,9353378,LITTLEFIELD,ORANGELAWN,2015-08-09,9,8,2015,18,1,5,9,,,0,,1,1,1,25,2,2,0,5,0,0,0,0,true,,false,false,true,false,false,,,,,,false,false,false,,,false,false,false,false,false,-83.17537,42.36837,"{
  ""coordinates"": [
    -8.317537213199989e+01,
    4.236836926300000e+01
  ],
  ""type"": ""Point""
}","{
  ""coordinates"": [
    -83.175372132,
    42.368369263
  ],
  ""type"": ""Point""
}",-83.1753721319999,42.368369263
8816,9341888,JEFFERSON,IRON,2015-08-09,9,8,2015,19,1,8,9,,4,0,,1,1,1,35,5,2,3,4,0,0,0,1,false,,false,false,false,false,false,,,,,,false,false,false,,,false,false,false,false,false,-83.00898,42.34412,"{
  ""coordinates"": [
    -8.300897663500000e+01,
    4.234411689800000e+01
  ],
  ""type"": ""Point""
}","{
  ""coordinates"": [
    -83.008976635,
    42.344116898
  ],
  ""type"": ""Point""
}",-83.008976635,42.344116898
8817,9339575,SOUTHFIELD,7 MILE1,2015-08-09,9,8,2015,0,1,5,3,,1,0,,1,1,5,55,3,2,3,4,0,0,0,1,false,,false,false,false,false,false,,,,,,false,false,true,,,false,false,false,false,false,-83.21928,42.43146,"{
  ""coordinates"": [
    -8.321927992400001e+01,
    4.243146240500000e+01
  ],
  ""type"": ""Point""
}","{
  ""coordinates"": [
    -83.219279924,
    42.431462405
  ],
  ""type"": ""Point""
}",-83.219279924,42.431462405
8818,9420020,GRATIOT,MOUNT ELLIOTT,2015-08-09,9,8,2015,3,1,97,3,,1,0,,1,1,5,35,6,2,0,1,1,0,0,0,false,,false,false,true,false,false,,,,,,true,false,false,,,false,false,false,false,false,-83.02392,42.36489,"{
  ""coordinates"": [
    -8.302391924900000e+01,
    4.236488646400010e+01
  ],
  ""type"": ""Point""
}","{
  ""coordinates"": [
    -83.023919249,
    42.364886464
  ],
  ""type"": ""Point""
}",-83.023919249,42.3648864640001
8819,9341159,MCNICHOLS,SAN JUAN,2015-08-09,9,8,2015,10,1,5,9,,4,0,,1,2,1,35,4,2,2,5,0,0,0,0,true,,false,false,false,false,false,,,,,,false,true,false,,,false,false,false,false,false,-83.14627,42.41713,"{
  ""coordinates"": [
    -8.314626998499990e+01,
    4.241712842000000e+01
  ],
  ""type"": ""Point""
}","{
  ""coordinates"": [
    -83.146269985,
    42.41712842
  ],
  ""type"": ""Point""
}",-83.1462699849999,42.41712842
8820,9341153,ARCHDALE,FENKELL,2015-08-09,9,8,2015,18,1,4,9,,,0,,1,1,1,25,2,2,2,4,0,0,0,1,false,,false,false,true,false,false,,,,,,false,false,false,,,false,false,false,false,false,-83.21618,42.40115,"{
  ""coordinates"": [
    -8.321617935599990e+01,
    4.240115243000000e+01
  ],
  ""type"": ""Point""
}","{
  ""coordinates"": [
    -83.216179356,
    42.40115243
  ],
  ""type"": ""Point""
}",-83.2161793559999,42.40115243
8821,9341765,W I 96,RAMP 213M,2015-08-09,9,8,2015,10,1,8,1,,1,0,,1,2,1,55,5,2,6,5,0,0,0,0,true,,false,false,false,false,false,,,,,,false,false,true,,,false,false,false,false,false,-83.10007,42.35125,"{
  ""coordinates"": [
    -8.310007691999991e+01,
    4.235125253500010e+01
  ],
  ""type"": ""Point""
}","{
  ""coordinates"": [
    -83.10007692,
    42.351252535
  ],
  ""type"": ""Point""
}",-83.1000769199999,42.3512525350001
8822,9350277,CHALMERS,ROCHELLE,2015-08-09,9,8,2015,22,1,8,9,,4,0,,1,1,4,30,2,2,5,5,0,0,0,0,true,,false,false,false,false,false,,,,,,false,false,false,,,false,false,false,false,false,-82.97492,42.42305,"{
  ""coordinates"": [
    -8.297492200700000e+01,
    4.242304642900010e+01
  ],
  ""type"": ""Point""
}","{
  ""coordinates"": [
    -82.974922007,
    42.423046429
  ],
  ""type"": ""Point""
}",-82.974922007,42.4230464290001
8823,9340377,14TH,E I 94,2015-08-09,9,8,2015,15,1,4,9,,4,0,,1,2,1,30,2,2,2,5,0,0,0,0,true,,false,false,false,false,false,,,,,,false,false,true,,,false,false,false,false,false,-83.08896,42.35326,"{
  ""coordinates"": [
    -8.308895781699989e+01,
    4.235326109800010e+01
  ],
  ""type"": ""Point""
}","{
  ""coordinates"": [
    -83.088957817,
    42.353261098
  ],
  ""type"": ""Point""
}",-83.0889578169999,42.3532610980001
8824,9345540,SCHAEFER,FORT,2015-08-08,8,8,2015,15,7,4,7,,1,0,,1,1,1,35,5,2,3,5,0,0,0,0,true,,true,true,false,false,false,,,,,,false,false,false,,,false,false,false,false,false,-83.15546,42.27641,"{
  ""coordinates"": [
    -8.315546571700000e+01,
    4.227640874100010e+01
  ],
  ""type"": ""Point""
}","{
  ""coordinates"": [
    -83.155465717,
    42.276408741
  ],
  ""type"": ""Point""
}",-83.155465717,42.2764087410001
8825,9341883,MCKINNEY,MORANG,2015-08-08,8,8,2015,9,7,5,9,,,0,,2,4,1,35,2,2,1,4,0,0,0,1,false,,false,false,true,false,false,,,,,,false,false,false,,,false,false,false,false,false,-82.94172,42.42281,"{
  ""coordinates"": [
    -8.294172138700000e+01,
    4.242280710100000e+01
  ],
  ""type"": ""Point""
}","{
  ""coordinates"": [
    -82.941721387,
    42.422807101
  ],
  ""type"": ""Point""
}",-82.941721387,42.422807101
8826,9339688,7 MILE,STOPEL,2015-08-08,8,8,2015,1,7,1,9,,2,1,,1,1,4,30,4,1,1,5,0,0,0,0,true,,false,false,false,false,false,,,,,,false,false,false,,,false,false,false,false,false,-83.14265,42.43158,"{
  ""coordinates"": [
    -8.314264562400000e+01,
    4.243158065400010e+01
  ],
  ""type"": ""Point""
}","{
  ""coordinates"": [
    -83.142645624,
    42.431580654
  ],
  ""type"": ""Point""
}",-83.142645624,42.4315806540001
8827,9343497,MILITARY,MCMILLAN,2015-08-08,8,8,2015,14,7,1,9,,,0,,1,1,1,25,2,2,1,4,0,0,0,1,false,,false,false,true,false,false,,,,,,false,false,false,,,false,false,false,true,false,-83.10796,42.31726,"{
  ""coordinates"": [
    -8.310796480800001e+01,
    4.231726187500000e+01
  ],
  ""type"": ""Point""
}","{
  ""coordinates"": [
    -83.107964808,
    42.317261875
  ],
  ""type"": ""Point""
}",-83.107964808,42.317261875
8828,9364202,RUTHERFORD,GROVE,2015-08-08,8,8,2015,14,7,4,9,,,0,,1,2,1,25,2,2,2,4,0,0,0,1,false,,false,false,false,false,false,,,,,,false,false,true,,,false,false,false,false,false,-83.20464,42.4141,"{
  ""coordinates"": [
    -8.320464267499990e+01,
    4.241410454200010e+01
  ],
  ""type"": ""Point""
}","{
  ""coordinates"": [
    -83.204642675,
    42.414104542
  ],
  ""type"": ""Point""
}",-83.2046426749999,42.4141045420001
8829,9353459,LINDSAY,CLARITA,2015-08-08,8,8,2015,18,7,9,9,,,2,,2,4,1,35,1,2,1,5,0,0,0,0,true,,false,false,false,false,false,,,,,,false,false,false,,,false,false,false,false,false,-83.21378,42.42867,"{
  ""coordinates"": [
    -8.321377598500000e+01,
    4.242867339100010e+01
  ],
  ""type"": ""Point""
}","{
  ""coordinates"": [
    -83.213775985,
    42.428673391
  ],
  ""type"": ""Point""
}",-83.213775985,42.4286733910001
8830,9358904,E I 94,HARPER,2015-08-08,8,8,2015,18,7,1,1,,1,1,,1,2,1,55,3,1,2,5,0,0,0,0,true,,false,false,false,false,false,,,,,,false,false,true,,,false,false,false,false,false,-83.03195,42.38088,"{
  ""coordinates"": [
    -8.303195463000000e+01,
    4.238088201600000e+01
  ],
  ""type"": ""Point""
}","{
  ""coordinates"": [
    -83.03195463,
    42.380882016
  ],
  ""type"": ""Point""
}",-83.03195463,42.380882016
8831,9350337,MCNICHOLS,S M 10,2015-08-08,8,8,2015,13,7,4,9,,2,0,,1,1,1,0,3,2,2,5,0,0,0,0,true,,false,false,false,false,false,,,,,,false,false,true,,,false,false,false,false,false,-83.1723,42.41664,"{
  ""coordinates"": [
    -8.317229972500000e+01,
    4.241663841800000e+01
  ],
  ""type"": ""Point""
}","{
  ""coordinates"": [
    -83.172299725,
    42.416638418
  ],
  ""type"": ""Point""
}",-83.172299725,42.416638418
8832,9341770,E I 94,RAMP 213H,2015-08-08,8,8,2015,9,7,5,1,,1,0,,2,2,1,55,3,2,4,5,0,0,0,0,true,,false,false,false,false,false,,,,,,false,false,true,,,false,false,false,false,false,-83.09608,42.35105,"{
  ""coordinates"": [
    -8.309608555599991e+01,
    4.235105303400010e+01
  ],
  ""type"": ""Point""
}","{
  ""coordinates"": [
    -83.096085556,
    42.351053034
  ],
  ""type"": ""Point""
}",-83.0960855559999,42.3510530340001
8833,9341138,WILSHIRE,GUNSTON,2015-08-08,8,8,2015,5,7,5,9,,,0,,1,1,4,25,1,2,1,5,0,0,0,0,true,,false,false,true,false,false,,,,,,false,false,false,,,false,false,false,false,false,-82.99181,42.4055,"{
  ""coordinates"": [
    -8.299180352499999e+01,
    4.240550100000010e+01
  ],
  ""type"": ""Point""
}","{
  ""coordinates"": [
    -82.991803525,
    42.405501
  ],
  ""type"": ""Point""
}",-82.991803525,42.4055010000001
8834,9340361,MITCHELL,REMINGTON,2015-08-08,8,8,2015,12,7,97,9,,,0,,1,1,1,25,1,2,1,5,0,0,0,0,true,,false,false,false,false,false,,,,,,false,false,false,,,false,false,false,false,false,-83.0727,42.44126,"{
  ""coordinates"": [
    -8.307270406200000e+01,
    4.244126103600010e+01
  ],
  ""type"": ""Point""
}","{
  ""coordinates"": [
    -83.072704062,
    42.441261036
  ],
  ""type"": ""Point""
}",-83.072704062,42.4412610360001
8835,9340363,WOODWARD,EUCLID,2015-08-08,8,8,2015,16,7,4,3,,1,0,,1,1,1,30,3,2,3,5,0,0,0,0,true,,false,false,false,false,false,,,,,,false,true,false,,,false,false,false,false,false,-83.07793,42.37717,"{
  ""coordinates"": [
    -8.307793098499999e+01,
    4.237716737500010e+01
  ],
  ""type"": ""Point""
}","{
  ""coordinates"": [
    -83.077930985,
    42.377167375
  ],
  ""type"": ""Point""
}",-83.077930985,42.3771673750001
8836,9339584,I 94,TRUMBULL,2015-08-08,8,8,2015,22,7,8,1,,1,0,,1,1,4,55,2,2,2,5,0,0,0,0,true,,false,false,false,false,false,,,,,,false,false,false,,,false,false,false,false,false,-83.07944,42.35691,"{
  ""coordinates"": [
    -8.307944805699999e+01,
    4.235691429300000e+01
  ],
  ""type"": ""Point""
}","{
  ""coordinates"": [
    -83.079448057,
    42.356914293
  ],
  ""type"": ""Point""
}",-83.079448057,42.356914293
8837,9344743,FORD,SOUTHFIELD,2015-08-08,8,8,2015,20,7,5,3,,1,0,,1,1,1,50,3,2,2,5,0,0,0,0,true,,false,false,false,false,false,,,,,,false,false,false,,,false,false,false,false,false,-83.21969,42.32904,"{
  ""coordinates"": [
    -8.321968901799990e+01,
    4.232903632300000e+01
  ],
  ""type"": ""Point""
}","{
  ""coordinates"": [
    -83.219689018,
    42.329036323
  ],
  ""type"": ""Point""
}",-83.2196890179999,42.329036323
8838,9339695,WARREN,MEMORIAL,2015-08-08,8,8,2015,2,7,5,9,,2,0,,1,1,4,30,4,2,2,5,0,0,0,0,true,,false,false,false,false,false,,,,,,false,false,false,,,false,false,false,false,false,-83.21111,42.34345,"{
  ""coordinates"": [
    -8.321110783599990e+01,
    4.234344975700000e+01
  ],
  ""type"": ""Point""
}","{
  ""coordinates"": [
    -83.211107836,
    42.343449757
  ],
  ""type"": ""Point""
}",-83.2111078359999,42.343449757
8839,9339572,I-75,WARREN,2015-08-08,8,8,2015,10,7,1,1,,1,1,,1,2,1,55,4,1,1,5,0,0,0,0,true,,false,false,false,false,false,,,,,,false,false,false,,,false,false,false,false,false,-83.0539,42.36034,"{
  ""coordinates"": [
    -8.305390054299990e+01,
    4.236033925800010e+01
  ],
  ""type"": ""Point""
}","{
  ""coordinates"": [
    -83.053900543,
    42.360339258
  ],
  ""type"": ""Point""
}",-83.0539005429999,42.3603392580001
8840,9344524,LIVERNOIS,HERBERT,2015-08-08,8,8,2015,21,7,1,9,,4,0,,1,1,4,30,2,2,2,1,1,0,0,0,false,,false,false,false,false,false,,,,,,true,false,true,,,false,false,false,false,false,-83.13907,42.37829,"{
  ""coordinates"": [
    -8.313907158099990e+01,
    4.237828763500000e+01
  ],
  ""type"": ""Point""
}","{
  ""coordinates"": [
    -83.139071581,
    42.378287635
  ],
  ""type"": ""Point""
}",-83.1390715809999,42.378287635
8841,9340371,GREENFIELD,MCNICHOLS,2015-08-08,8,8,2015,9,7,8,9,,2,0,,2,1,1,35,4,3,1,5,0,0,0,0,true,,false,false,true,false,false,,,,,,false,false,false,,,false,false,false,false,false,-83.19931,42.41601,"{
  ""coordinates"": [
    -8.319930907299990e+01,
    4.241601066700010e+01
  ],
  ""type"": ""Point""
}","{
  ""coordinates"": [
    -83.199309073,
    42.416010667
  ],
  ""type"": ""Point""
}",-83.1993090729999,42.4160106670001
8842,9339276,I-75,SPRINGWELLS,2015-08-08,8,8,2015,0,7,5,1,,1,0,,1,1,5,70,4,2,5,5,0,0,0,0,true,,false,false,false,false,false,,,,,,false,false,true,,,false,false,false,false,false,-83.123,42.29923,"{
  ""coordinates"": [
    -8.312300243399990e+01,
    4.229922780400010e+01
  ],
  ""type"": ""Point""
}","{
  ""coordinates"": [
    -83.123002434,
    42.299227804
  ],
  ""type"": ""Point""
}",-83.1230024339999,42.2992278040001
8843,9339574,M-10,JEFFERSON,2015-08-08,8,8,2015,15,7,1,3,,1,1,,1,1,1,45,3,1,1,4,0,0,0,1,false,,false,false,false,false,false,,,,,,false,false,false,,,false,false,false,false,false,-83.05537,42.32711,"{
  ""coordinates"": [
    -8.305537238300001e+01,
    4.232711202900000e+01
  ],
  ""type"": ""Point""
}","{
  ""coordinates"": [
    -83.055372383,
    42.327112029
  ],
  ""type"": ""Point""
}",-83.055372383,42.327112029