ObjectId,Crash ID,Primary Road,Intersecting Road,Crash Date,Day,Month,Year,Hour,Weekday,Crash Type Code,Highway Classification Code,Community Code,Jurisdiction Code,Lane Departure Type Code,Surface Type,Road Condition,Weather Condition,Lighting Condition,Speed Limit,Lanes,Units,Occupants,Most Severe Injury,Fatal Injuries,Suspected Serious Injuries,Suspected Minor Injuries,Possible Injuries,Property Damage Only,Secondary Crash,Traffic Control,Red Light Run,Hit and Run,Alcohol,Drugs,Unbelted Person,Work Zone,Speeding Driver,Distracted Driver,Driveway,Pedestrian,Elderly Driver,Young Driver,Commercial Vehicle,Emergency Vehicles,Train,School Bus,Motorcycle,Bicycle,Deer,Longitude,Latitude,geom,geog,x,y
8844,9340387,GRAND,I 75,2015-08-08,8,8,2015,8,7,5,3,,1,0,,2,4,1,25,1,2,4,5,0,0,0,0,true,,false,false,false,false,false,,,,,,false,false,false,,,false,false,false,false,false,-83.05912,42.33649,"{
  ""coordinates"": [
    -8.305912128499990e+01,
    4.233648696200000e+01
  ],
  ""type"": ""Point""
}","{
  ""coordinates"": [
    -83.059121285,
    42.336486962
  ],
  ""type"": ""Point""
}",-83.0591212849999,42.336486962
8845,9340355,HARPER,DICKERSON,2015-08-08,8,8,2015,19,7,97,9,,4,0,,1,1,1,30,2,2,1,5,0,0,0,0,true,,false,false,true,false,false,,,,,,false,false,false,,,false,false,false,false,false,-82.97336,42.40208,"{
  ""coordinates"": [
    -8.297336130300000e+01,
    4.240208447400000e+01
  ],
  ""type"": ""Point""
}","{
  ""coordinates"": [
    -82.973361303,
    42.402084474
  ],
  ""type"": ""Point""
}",-82.973361303,42.402084474
8846,9406447,S M 10,PURITAN,2015-08-08,8,8,2015,3,7,8,3,,1,0,,1,1,4,25,3,2,1,5,0,0,0,0,true,,false,false,true,false,false,,,,,,false,false,false,,,false,false,false,false,false,-83.16527,42.40972,"{
  ""coordinates"": [
    -8.316526545300000e+01,
    4.240972104200010e+01
  ],
  ""type"": ""Point""
}","{
  ""coordinates"": [
    -83.165265453,
    42.409721042
  ],
  ""type"": ""Point""
}",-83.165265453,42.4097210420001
8847,9341149,WARREN,GREENFIELD,2015-08-08,8,8,2015,19,7,97,9,,2,3,,1,1,1,35,3,3,2,5,0,0,0,0,true,,false,false,true,false,false,,,,,,false,false,true,,,false,false,false,false,false,-83.19676,42.34366,"{
  ""coordinates"": [
    -8.319676467499990e+01,
    4.234365703200010e+01
  ],
  ""type"": ""Point""
}","{
  ""coordinates"": [
    -83.196764675,
    42.343657032
  ],
  ""type"": ""Point""
}",-83.1967646749999,42.3436570320001
8848,9346348,DAVISON CROSSOVER,PETOSKEY,2015-08-08,8,8,2015,10,7,9,3,,1,2,,1,1,4,25,4,2,2,5,0,0,0,0,true,,false,false,false,false,false,,,,,,false,false,true,,,false,false,false,false,false,-83.13535,42.38805,"{
  ""coordinates"": [
    -8.313534617200000e+01,
    4.238804875400010e+01
  ],
  ""type"": ""Point""
}","{
  ""coordinates"": [
    -83.135346172,
    42.388048754
  ],
  ""type"": ""Point""
}",-83.135346172,42.3880487540001
8849,9340376,CONGRESS,SHELBY,2015-08-08,8,8,2015,15,7,1,9,,4,0,,1,2,1,25,2,1,33,5,0,0,0,0,true,,false,false,false,false,false,,,,,,false,true,false,,,false,false,false,false,false,-83.04806,42.32923,"{
  ""coordinates"": [
    -8.304805802200001e+01,
    4.232922999000000e+01
  ],
  ""type"": ""Point""
}","{
  ""coordinates"": [
    -83.048058022,
    42.32922999
  ],
  ""type"": ""Point""
}",-83.048058022,42.32922999
8850,9350318,LIVERNOIS,N M 10,2015-08-08,8,8,2015,0,7,5,9,,4,0,,1,1,4,35,8,2,2,5,0,0,0,0,true,,false,false,false,false,false,,,,,,false,false,false,,,false,false,false,false,false,-83.14043,42.40498,"{
  ""coordinates"": [
    -8.314042546800000e+01,
    4.240498280100010e+01
  ],
  ""type"": ""Point""
}","{
  ""coordinates"": [
    -83.140425468,
    42.404982801
  ],
  ""type"": ""Point""
}",-83.140425468,42.4049828010001
8851,9341809,W I 94,CONSOLIDATED RAIL CORPORATION,2015-08-08,8,8,2015,18,7,5,1,,1,0,,1,1,1,55,3,2,2,5,0,0,0,0,true,,false,false,false,false,false,,,,,,false,false,false,,,false,false,false,false,false,-83.03108,42.38238,"{
  ""coordinates"": [
    -8.303108442300000e+01,
    4.238238045300010e+01
  ],
  ""type"": ""Point""
}","{
  ""coordinates"": [
    -83.031084423,
    42.382380453
  ],
  ""type"": ""Point""
}",-83.031084423,42.3823804530001
8852,9340388,GRAND,ST AUBIN,2015-08-08,8,8,2015,15,7,5,9,,4,0,,1,1,1,35,2,2,4,5,0,0,0,0,true,,false,false,false,false,false,,,,,,false,false,false,,,false,false,false,false,false,-83.05051,42.37413,"{
  ""coordinates"": [
    -8.305051793299999e+01,
    4.237413000100000e+01
  ],
  ""type"": ""Point""
}","{
  ""coordinates"": [
    -83.050517933,
    42.374130001
  ],
  ""type"": ""Point""
}",-83.050517933,42.374130001
8853,9339678,E I 94,S M 10,2015-08-08,8,8,2015,3,7,5,1,,1,0,,1,1,4,55,3,2,1,5,0,0,0,0,true,,false,false,true,false,false,,,,,,false,false,false,,,false,false,false,false,false,-83.07651,42.35876,"{
  ""coordinates"": [
    -8.307650550100000e+01,
    4.235875537000000e+01
  ],
  ""type"": ""Point""
}","{
  ""coordinates"": [
    -83.076505501,
    42.35875537
  ],
  ""type"": ""Point""
}",-83.076505501,42.35875537
8854,9340367,JEFFERSON,ORLEANS,2015-08-08,8,8,2015,16,7,5,9,,4,0,,1,1,1,35,7,2,3,5,0,0,0,0,true,,false,false,false,false,false,,,,,,false,false,false,,,false,false,false,false,false,-83.02996,42.33508,"{
  ""coordinates"": [
    -8.302996154700000e+01,
    4.233508401800000e+01
  ],
  ""type"": ""Point""
}","{
  ""coordinates"": [
    -83.029961547,
    42.335084018
  ],
  ""type"": ""Point""
}",-83.029961547,42.335084018
8855,9340349,BELLEVUE,WARREN,2015-08-08,8,8,2015,3,7,4,9,,,0,,1,1,1,30,2,2,3,5,0,0,0,0,true,,true,false,false,false,false,,,,,,false,true,false,,,false,false,false,false,false,-83.02378,42.37188,"{
  ""coordinates"": [
    -8.302378179800000e+01,
    4.237187566400010e+01
  ],
  ""type"": ""Point""
}","{
  ""coordinates"": [
    -83.023781798,
    42.371875664
  ],
  ""type"": ""Point""
}",-83.023781798,42.3718756640001
8856,9340374,GRISWOLD,STATE,2015-08-08,8,8,2015,15,7,3,9,,4,0,,1,2,1,20,2,2,32,5,0,0,0,0,true,,false,false,false,false,false,,,,,,false,false,false,,,false,false,false,false,false,-83.04898,42.3325,"{
  ""coordinates"": [
    -8.304898126499999e+01,
    4.233250414900000e+01
  ],
  ""type"": ""Point""
}","{
  ""coordinates"": [
    -83.048981265,
    42.332504149
  ],
  ""type"": ""Point""
}",-83.048981265,42.332504149
8857,9341781,JAMES COUZENS,PURITAN,2015-08-08,8,8,2015,15,7,5,9,,4,0,,1,1,1,30,2,2,1,5,0,0,0,0,true,,false,false,true,false,false,,,,,,false,false,false,,,false,false,false,false,false,-83.16474,42.4096,"{
  ""coordinates"": [
    -8.316474011799990e+01,
    4.240959894000010e+01
  ],
  ""type"": ""Point""
}","{
  ""coordinates"": [
    -83.164740118,
    42.40959894
  ],
  ""type"": ""Point""
}",-83.1647401179999,42.4095989400001
8858,9339587,M-39,LYNDON,2015-08-08,8,8,2015,15,7,8,3,,1,0,,1,2,1,55,3,2,2,5,0,0,0,0,true,,false,false,false,false,false,,,,,,false,false,true,,,false,false,false,false,false,-83.21783,42.39252,"{
  ""coordinates"": [
    -8.321782948600000e+01,
    4.239251861100010e+01
  ],
  ""type"": ""Point""
}","{
  ""coordinates"": [
    -83.217829486,
    42.392518611
  ],
  ""type"": ""Point""
}",-83.217829486,42.3925186110001
8859,9350325,BROADSTREET,BUENA VISTA,2015-08-08,8,8,2015,9,7,4,9,,4,0,,2,4,1,25,2,2,2,4,0,0,0,1,false,,true,false,false,false,false,,,,,,false,true,true,,,false,false,false,false,false,-83.13766,42.38456,"{
  ""coordinates"": [
    -8.313766462300001e+01,
    4.238455693300010e+01
  ],
  ""type"": ""Point""
}","{
  ""coordinates"": [
    -83.137664623,
    42.384556933
  ],
  ""type"": ""Point""
}",-83.137664623,42.3845569330001
8860,9341157,E I 94 SERVICE DRIVE,MOROSS,2015-08-08,8,8,2015,9,7,8,1,,4,0,,2,2,1,25,2,2,2,5,0,0,0,0,true,,false,false,false,false,false,,,,,,false,false,false,,,false,false,false,false,false,-82.92842,42.42416,"{
  ""coordinates"": [
    -8.292842432600000e+01,
    4.242416361200000e+01
  ],
  ""type"": ""Point""
}","{
  ""coordinates"": [
    -82.928424326,
    42.424163612
  ],
  ""type"": ""Point""
}",-82.928424326,42.424163612
8861,9649356,FRANKFORT,BUCKINGHAM,2015-08-08,8,8,2015,12,7,4,9,,,0,,1,2,1,25,2,2,2,5,0,0,0,0,true,,false,false,false,false,false,,,,,,false,false,true,,,false,false,false,false,false,-82.94495,42.40261,"{
  ""coordinates"": [
    -8.294494852299989e+01,
    4.240261321100010e+01
  ],
  ""type"": ""Point""
}","{
  ""coordinates"": [
    -82.944948523,
    42.402613211
  ],
  ""type"": ""Point""
}",-82.9449485229999,42.4026132110001
8862,9639264,COMMONWEALTH,CANFIELD,2015-08-08,8,8,2015,17,7,4,9,,,0,,1,1,1,25,2,3,2,5,0,0,0,0,true,,true,false,false,false,false,,,,,,false,false,false,,,false,false,false,false,false,-83.07764,42.3477,"{
  ""coordinates"": [
    -8.307764310499989e+01,
    4.234769740400000e+01
  ],
  ""type"": ""Point""
}","{
  ""coordinates"": [
    -83.077643105,
    42.347697404
  ],
  ""type"": ""Point""
}",-83.0776431049999,42.347697404
8863,9353350,WINTHROP,CHALFONTE,2015-08-08,8,8,2015,14,7,4,9,,,0,,1,2,1,25,2,3,0,5,0,0,0,0,true,,false,false,true,false,false,,,,,,false,false,false,,,false,false,false,false,false,-83.20007,42.39934,"{
  ""coordinates"": [
    -8.320007094000000e+01,
    4.239933875900000e+01
  ],
  ""type"": ""Point""
}","{
  ""coordinates"": [
    -83.20007094,
    42.399338759
  ],
  ""type"": ""Point""
}",-83.20007094,42.399338759
8864,9343432,TARNOW,MCGRAW,2015-08-08,8,8,2015,21,7,8,9,,,0,,1,1,5,25,2,2,1,5,0,0,0,0,true,,false,false,true,false,false,,,,,,false,false,false,,,false,false,false,false,false,-83.13837,42.33648,"{
  ""coordinates"": [
    -8.313837406300000e+01,
    4.233647655400010e+01
  ],
  ""type"": ""Point""
}","{
  ""coordinates"": [
    -83.138374063,
    42.336476554
  ],
  ""type"": ""Point""
}",-83.138374063,42.3364765540001
8865,9341797,I-75,8 MILE,2015-08-08,8,8,2015,7,7,1,1,,1,1,,1,1,1,70,4,1,1,5,0,0,0,0,true,,false,false,false,false,false,,,,,,false,false,false,,,false,false,false,false,false,-83.09491,42.44653,"{
  ""coordinates"": [
    -8.309490598699990e+01,
    4.244652973800000e+01
  ],
  ""type"": ""Point""
}","{
  ""coordinates"": [
    -83.094905987,
    42.446529738
  ],
  ""type"": ""Point""
}",-83.0949059869999,42.446529738
8866,9408643,MONTACLM,WOODWARD,2015-08-08,8,8,2015,14,7,1,9,,4,1,,1,1,1,25,2,1,1,5,0,0,0,0,true,,false,false,false,false,false,,,,,,false,false,false,,,false,false,false,false,false,-83.05348,42.33838,"{
  ""coordinates"": [
    -8.305348275300000e+01,
    4.233838017600000e+01
  ],
  ""type"": ""Point""
}","{
  ""coordinates"": [
    -83.053482753,
    42.338380176
  ],
  ""type"": ""Point""
}",-83.053482753,42.338380176
8867,9340372,I 75 SERVICE,MACK,2015-08-08,8,8,2015,23,7,8,1,,5,0,,1,1,4,35,6,2,2,5,0,0,0,0,true,,false,false,false,false,false,,,,,,false,false,true,,,false,false,false,false,false,-83.04738,42.35134,"{
  ""coordinates"": [
    -8.304737603099990e+01,
    4.235134107000000e+01
  ],
  ""type"": ""Point""
}","{
  ""coordinates"": [
    -83.047376031,
    42.35134107
  ],
  ""type"": ""Point""
}",-83.0473760309999,42.35134107
8868,9339579,I 75,LIVERNOIS,2015-08-08,8,8,2015,6,7,8,1,,1,0,,1,1,2,45,2,2,2,4,0,0,0,1,false,,false,false,false,false,false,,,,,,false,false,true,,,false,false,false,false,false,-83.09614,42.31172,"{
  ""coordinates"": [
    -8.309613652199990e+01,
    4.231171784100010e+01
  ],
  ""type"": ""Point""
}","{
  ""coordinates"": [
    -83.096136522,
    42.311717841
  ],
  ""type"": ""Point""
}",-83.0961365219999,42.3117178410001
8869,9340378,S I 75 SERVICE DRIVE,14TH,2015-08-08,8,8,2015,15,7,4,9,,4,0,,1,1,1,30,3,2,2,5,0,0,0,0,true,,false,false,false,false,false,,,,,,false,false,false,,,false,false,false,false,false,-83.07742,42.33296,"{
  ""coordinates"": [
    -8.307742372300000e+01,
    4.233295678000010e+01
  ],
  ""type"": ""Point""
}","{
  ""coordinates"": [
    -83.077423723,
    42.33295678
  ],
  ""type"": ""Point""
}",-83.077423723,42.3329567800001
8870,9350080,NB I 75,LIVERNOIS,2015-08-08,8,8,2015,17,7,8,1,,1,0,,1,1,1,70,5,2,3,5,0,0,0,0,true,,false,false,true,false,false,,,,,,false,true,false,,,false,false,false,false,false,-83.11261,42.30396,"{
  ""coordinates"": [
    -8.311261268600001e+01,
    4.230396008700010e+01
  ],
  ""type"": ""Point""
}","{
  ""coordinates"": [
    -83.112612686,
    42.303960087
  ],
  ""type"": ""Point""
}",-83.112612686,42.3039600870001
8871,9340398,GRAND,LAFAYETTE,2015-08-08,8,8,2015,7,7,9,9,,4,0,,1,1,1,30,2,2,3,4,0,0,0,1,false,,false,false,false,false,false,,,,,,false,false,false,,,false,false,false,false,false,-83.00401,42.35039,"{
  ""coordinates"": [
    -8.300401559800000e+01,
    4.235039109600010e+01
  ],
  ""type"": ""Point""
}","{
  ""coordinates"": [
    -83.004015598,
    42.350391096
  ],
  ""type"": ""Point""
}",-83.004015598,42.3503910960001
8872,9341155,MORANG,LANSDOWNE,2015-08-08,8,8,2015,15,7,9,9,,4,0,,1,1,1,30,2,2,3,5,0,0,0,0,true,,false,false,true,false,false,,,,,,false,false,false,,,false,false,false,false,false,-82.95114,42.42659,"{
  ""coordinates"": [
    -8.295113962200000e+01,
    4.242659160800010e+01
  ],
  ""type"": ""Point""
}","{
  ""coordinates"": [
    -82.951139622,
    42.426591608
  ],
  ""type"": ""Point""
}",-82.951139622,42.4265916080001
8873,9341161,MCNICHOLS,SAN JUAN,2015-08-07,7,8,2015,14,6,5,9,,4,0,,1,1,1,25,2,2,2,5,0,0,0,0,true,,false,false,true,false,false,,,,,,false,false,false,,,false,false,false,false,false,-83.14623,42.41713,"{
  ""coordinates"": [
    -8.314623257100000e+01,
    4.241712834100010e+01
  ],
  ""type"": ""Point""
}","{
  ""coordinates"": [
    -83.146232571,
    42.417128341
  ],
  ""type"": ""Point""
}",-83.146232571,42.4171283410001
8874,9353368,SEVEN MILE,MANSFIELD,2015-08-07,7,8,2015,5,6,4,9,,2,0,,1,1,4,35,5,2,1,5,0,0,0,0,true,,false,false,true,false,false,,,,,,false,false,false,,,false,false,false,false,false,-83.20638,42.43032,"{
  ""coordinates"": [
    -8.320638200000000e+01,
    4.243032322400010e+01
  ],
  ""type"": ""Point""
}","{
  ""coordinates"": [
    -83.206382,
    42.430323224
  ],
  ""type"": ""Point""
}",-83.206382,42.4303232240001
8875,9400250,GREENFIELD,MCNICHOLS,2015-08-07,7,8,2015,16,6,4,9,,2,0,,1,2,1,35,5,2,2,5,0,0,0,0,true,,false,false,false,false,false,,,,,,false,false,false,,,false,false,false,false,false,-83.1993,42.41585,"{
  ""coordinates"": [
    -8.319930256700000e+01,
    4.241585078000000e+01
  ],
  ""type"": ""Point""
}","{
  ""coordinates"": [
    -83.199302567,
    42.41585078
  ],
  ""type"": ""Point""
}",-83.199302567,42.41585078
8876,9340379,HAMILTON,EUCLID,2015-08-07,7,8,2015,22,6,97,9,,4,0,,1,1,4,30,2,2,1,4,0,0,0,1,false,,false,false,true,false,false,,,,,,true,false,false,,,false,false,false,false,false,-83.08686,42.37383,"{
  ""coordinates"": [
    -8.308686411300000e+01,
    4.237382422500010e+01
  ],
  ""type"": ""Point""
}","{
  ""coordinates"": [
    -83.086864113,
    42.373824225
  ],
  ""type"": ""Point""
}",-83.086864113,42.3738242250001
8877,9339270,E I 96,MCGRAW,2015-08-07,7,8,2015,23,6,8,1,,1,0,,1,2,4,55,5,2,3,5,0,0,0,0,true,,false,false,false,false,false,,,,,,false,false,false,,,false,false,false,false,false,-83.10258,42.35268,"{
  ""coordinates"": [
    -8.310257426200000e+01,
    4.235268575200010e+01
  ],
  ""type"": ""Point""
}","{
  ""coordinates"": [
    -83.102574262,
    42.352685752
  ],
  ""type"": ""Point""
}",-83.102574262,42.3526857520001
8878,9344493,TUXEDO,LINWOOD,2015-08-07,7,8,2015,18,6,97,9,,4,0,,1,1,1,35,2,2,1,5,0,0,0,0,true,,false,false,true,false,false,,,,,,false,false,false,,,false,false,false,false,false,-83.11559,42.38367,"{
  ""coordinates"": [
    -8.311558935200000e+01,
    4.238367401800010e+01
  ],
  ""type"": ""Point""
}","{
  ""coordinates"": [
    -83.115589352,
    42.383674018
  ],
  ""type"": ""Point""
}",-83.115589352,42.3836740180001
8879,9338294,LINWOOD,BOSTON,2015-08-07,7,8,2015,8,6,8,9,,4,0,,1,1,1,30,7,2,5,5,0,0,0,0,true,,false,false,false,false,false,,,,,,false,false,false,,,false,false,false,false,false,-83.11164,42.3778,"{
  ""coordinates"": [
    -8.311163716500000e+01,
    4.237780241300000e+01
  ],
  ""type"": ""Point""
}","{
  ""coordinates"": [
    -83.111637165,
    42.377802413
  ],
  ""type"": ""Point""
}",-83.111637165,42.377802413
8880,9339262,W/B I 94,LIVERNOIS,2015-08-07,7,8,2015,10,6,8,1,,1,0,,1,1,1,55,3,2,2,5,0,0,0,0,true,,false,false,true,false,false,,,,,,false,false,false,,,false,false,false,false,false,-83.12664,42.33676,"{
  ""coordinates"": [
    -8.312663861199999e+01,
    4.233675955200000e+01
  ],
  ""type"": ""Point""
}","{
  ""coordinates"": [
    -83.126638612,
    42.336759552
  ],
  ""type"": ""Point""
}",-83.126638612,42.336759552
8881,9364239,SOUTHFIELD SERVICE DRIVE,GRAND RIVER,2015-08-07,7,8,2015,16,6,97,3,,4,0,,1,1,1,30,4,2,2,4,0,0,0,1,false,,false,false,false,false,false,,,,,,false,false,true,,,false,false,false,false,false,-83.21798,42.40058,"{
  ""coordinates"": [
    -8.321798122699990e+01,
    4.240057797200010e+01
  ],
  ""type"": ""Point""
}","{
  ""coordinates"": [
    -83.217981227,
    42.400577972
  ],
  ""type"": ""Point""
}",-83.2179812269999,42.4005779720001
8882,9341140,CURTIS,MEYERS,2015-08-07,7,8,2015,11,6,3,9,,4,0,,1,1,1,30,4,2,2,5,0,0,0,0,true,,false,false,true,false,false,,,,,,false,false,true,,,false,false,false,false,false,-83.17039,42.42399,"{
  ""coordinates"": [
    -8.317039036499990e+01,
    4.242399247600010e+01
  ],
  ""type"": ""Point""
}","{
  ""coordinates"": [
    -83.170390365,
    42.423992476
  ],
  ""type"": ""Point""
}",-83.1703903649999,42.4239924760001
8883,9341806,I-75,DEARBORN,2015-08-07,7,8,2015,15,6,5,1,,1,0,,1,1,1,70,4,4,3,5,0,0,0,0,true,,false,false,true,false,false,,,,,,false,false,false,,,false,false,false,false,false,-83.12869,42.29179,"{
  ""coordinates"": [
    -8.312869433299990e+01,
    4.229179273300010e+01
  ],
  ""type"": ""Point""
}","{
  ""coordinates"": [
    -83.128694333,
    42.291792733
  ],
  ""type"": ""Point""
}",-83.1286943329999,42.2917927330001
8884,9339691,FOREST,2ND,2015-08-07,7,8,2015,2,6,1,9,,4,0,,1,1,4,25,2,1,1,5,0,0,0,0,true,,false,false,false,false,false,,,,,,false,false,false,,,false,false,false,false,false,-83.06765,42.35302,"{
  ""coordinates"": [
    -8.306764744899991e+01,
    4.235301466100000e+01
  ],
  ""type"": ""Point""
}","{
  ""coordinates"": [
    -83.067647449,
    42.353014661
  ],
  ""type"": ""Point""
}",-83.0676474489999,42.353014661
8885,9399214,WYOMING,LYNDON,2015-08-07,7,8,2015,12,6,5,9,,4,0,,1,2,1,30,4,2,1,4,0,0,0,1,false,,false,false,true,false,false,,,,,,false,true,false,,,false,false,false,false,false,-83.15934,42.39527,"{
  ""coordinates"": [
    -8.315934328899991e+01,
    4.239526736500010e+01
  ],
  ""type"": ""Point""
}","{
  ""coordinates"": [
    -83.159343289,
    42.395267365
  ],
  ""type"": ""Point""
}",-83.1593432889999,42.3952673650001
8886,9339274,I-75,LIVERNOIS,2015-08-07,7,8,2015,18,6,97,1,,1,0,,1,1,1,70,4,2,2,5,0,0,0,0,true,,false,false,false,false,false,,,,,,false,false,true,,,false,false,false,false,false,-83.1002,42.3097,"{
  ""coordinates"": [
    -8.310019801599999e+01,
    4.230969904300010e+01
  ],
  ""type"": ""Point""
}","{
  ""coordinates"": [
    -83.100198016,
    42.309699043
  ],
  ""type"": ""Point""
}",-83.100198016,42.3096990430001
8887,9339582,N I 75,RAMP 216B,2015-08-07,7,8,2015,9,6,8,1,,1,0,,1,1,1,55,3,2,2,5,0,0,0,0,true,,false,false,false,false,false,,,,,,false,false,true,,,false,false,false,false,false,-83.05741,42.36744,"{
  ""coordinates"": [
    -8.305740747599999e+01,
    4.236743606300010e+01
  ],
  ""type"": ""Point""
}","{
  ""coordinates"": [
    -83.057407476,
    42.367436063
  ],
  ""type"": ""Point""
}",-83.057407476,42.3674360630001
8888,9353365,GREENFIELD,CHICAGO,2015-08-07,7,8,2015,20,6,3,9,,2,0,,1,1,3,35,4,2,1,5,0,0,0,0,true,,false,false,false,false,false,,,,,,false,false,false,,,false,false,false,false,false,-83.19728,42.36544,"{
  ""coordinates"": [
    -8.319727729300000e+01,
    4.236543596800000e+01
  ],
  ""type"": ""Point""
}","{
  ""coordinates"": [
    -83.197277293,
    42.365435968
  ],
  ""type"": ""Point""
}",-83.197277293,42.365435968
8889,9339269,8 MILE,BIRWOOD,2015-08-07,7,8,2015,15,6,97,3,,1,0,,1,1,1,25,2,2,2,4,0,0,0,1,false,,false,false,false,false,false,,,,,,false,false,true,,,false,false,false,true,false,-83.16579,42.44556,"{
  ""coordinates"": [
    -8.316579497299990e+01,
    4.244556151800000e+01
  ],
  ""type"": ""Point""
}","{
  ""coordinates"": [
    -83.165794973,
    42.445561518
  ],
  ""type"": ""Point""
}",-83.1657949729999,42.445561518
8890,9343417,S M 39,MCNICHOLS,2015-08-07,7,8,2015,19,6,5,3,,1,0,,1,1,1,35,2,2,11,5,0,0,0,0,true,,false,false,true,false,false,,,,,,false,false,false,,,false,false,false,false,false,-83.21889,42.41542,"{
  ""coordinates"": [
    -8.321888837800000e+01,
    4.241541503800000e+01
  ],
  ""type"": ""Point""
}","{
  ""coordinates"": [
    -83.218888378,
    42.415415038
  ],
  ""type"": ""Point""
}",-83.218888378,42.415415038
8891,9339275,N M 10,LINWOOD,2015-08-07,7,8,2015,22,6,5,3,,1,0,,1,1,5,55,3,3,6,5,0,0,0,0,true,,false,false,false,false,false,,,,,,false,false,true,,,false,false,false,false,false,-83.12778,42.40521,"{
  ""coordinates"": [
    -8.312777411000000e+01,
    4.240520706200000e+01
  ],
  ""type"": ""Point""
}","{
  ""coordinates"": [
    -83.12777411,
    42.405207062
  ],
  ""type"": ""Point""
}",-83.12777411,42.405207062
8892,9350273,GREENFIELD,ACACIA,2015-08-07,7,8,2015,14,6,4,9,,2,0,,1,1,1,35,5,2,2,4,0,0,0,1,false,,false,false,true,false,false,,,,,,false,false,true,,,false,false,false,false,false,-83.19833,42.39169,"{
  ""coordinates"": [
    -8.319833119600000e+01,
    4.239169053100010e+01
  ],
  ""type"": ""Point""
}","{
  ""coordinates"": [
    -83.198331196,
    42.391690531
  ],
  ""type"": ""Point""
}",-83.198331196,42.3916905310001
8893,9339271,I-96,LIVERNOIS,2015-08-07,7,8,2015,10,6,1,1,,1,1,,1,1,1,70,3,1,1,4,0,0,0,1,false,,false,false,false,false,false,,,,,,false,false,true,,,false,false,false,false,false,-83.13439,42.36574,"{
  ""coordinates"": [
    -8.313439311199990e+01,
    4.236573965300000e+01
  ],
  ""type"": ""Point""
}","{
  ""coordinates"": [
    -83.134393112,
    42.365739653
  ],
  ""type"": ""Point""
}",-83.1343931119999,42.365739653
8894,9351128,MACK,JOHN R,2015-08-07,7,8,2015,17,6,3,9,,4,0,,1,1,1,25,3,2,2,5,0,0,0,0,true,,false,false,false,false,false,,,,,,false,false,false,,,false,false,false,false,false,-83.05537,42.34866,"{
  ""coordinates"": [
    -8.305537346200001e+01,
    4.234865408300000e+01
  ],
  ""type"": ""Point""
}","{
  ""coordinates"": [
    -83.055373462,
    42.348654083
  ],
  ""type"": ""Point""
}",-83.055373462,42.348654083
8895,9346338,MEYERS,GRAND RIVER,2015-08-07,7,8,2015,6,6,5,3,,4,0,,1,1,1,25,2,2,4,5,0,0,0,0,true,,false,false,false,false,false,,,,,,false,false,false,,,false,false,false,false,false,-83.16845,42.38059,"{
  ""coordinates"": [
    -8.316844817700000e+01,
    4.238059102700000e+01
  ],
  ""type"": ""Point""
}","{
  ""coordinates"": [
    -83.168448177,
    42.380591027
  ],
  ""type"": ""Point""
}",-83.168448177,42.380591027
8896,9340384,JEFFERSON,MCDOUGALL,2015-08-07,7,8,2015,18,6,97,9,,4,1,,1,1,1,35,3,2,3,5,0,0,0,0,true,,false,false,false,false,false,,,,,,false,false,true,,,false,false,false,true,false,-83.01667,42.34081,"{
  ""coordinates"": [
    -8.301666909300000e+01,
    4.234080868000010e+01
  ],
  ""type"": ""Point""
}","{
  ""coordinates"": [
    -83.016669093,
    42.34080868
  ],
  ""type"": ""Point""
}",-83.016669093,42.3408086800001
8897,9408639,BEAUBIEN,LARNED,2015-08-07,7,8,2015,0,6,97,9,,4,0,,1,1,5,25,1,2,0,5,0,0,0,0,true,,false,false,true,false,false,,,,,,false,false,false,,,false,false,false,false,false,-83.04032,42.33164,"{
  ""coordinates"": [
    -8.304032503300000e+01,
    4.233164280100000e+01
  ],
  ""type"": ""Point""
}","{
  ""coordinates"": [
    -83.040325033,
    42.331642801
  ],
  ""type"": ""Point""
}",-83.040325033,42.331642801
8898,9478376,NORTHLAWN,SCHOOLCRAFT,2015-08-07,7,8,2015,21,6,4,9,,,0,,1,1,4,25,4,2,3,4,0,0,0,2,false,,false,false,false,false,false,,,,,,false,false,true,,,false,false,false,false,false,-83.15302,42.38862,"{
  ""coordinates"": [
    -8.315302301400000e+01,
    4.238862205800010e+01
  ],
  ""type"": ""Point""
}","{
  ""coordinates"": [
    -83.153023014,
    42.388622058
  ],
  ""type"": ""Point""
}",-83.153023014,42.3886220580001
8899,9340364,8 MILE SERVICE DRIVE,N I 75 SERVICE DRIVE,2015-08-07,7,8,2015,15,6,4,3,,1,0,,1,1,1,30,3,2,3,4,0,0,0,1,false,,false,false,false,false,false,,,,,,false,false,false,,,false,false,true,false,false,-83.09436,42.44664,"{
  ""coordinates"": [
    -8.309435802599999e+01,
    4.244663487400000e+01
  ],
  ""type"": ""Point""
}","{
  ""coordinates"": [
    -83.094358026,
    42.446634874
  ],
  ""type"": ""Point""
}",-83.094358026,42.446634874
8900,9438557,E I 96 SERVICE DRIVE,EVERGREEN,2015-08-07,7,8,2015,13,6,5,9,,4,0,,1,1,1,25,2,2,2,5,0,0,0,0,true,,false,false,false,false,false,,,,,,false,false,true,,,false,false,false,false,false,-83.23662,42.37924,"{
  ""coordinates"": [
    -8.323662169399999e+01,
    4.237923818400000e+01
  ],
  ""type"": ""Point""
}","{
  ""coordinates"": [
    -83.236621694,
    42.379238184
  ],
  ""type"": ""Point""
}",-83.236621694,42.379238184