ObjectId,Crash ID,Primary Road,Intersecting Road,Crash Date,Day,Month,Year,Hour,Weekday,Crash Type Code,Highway Classification Code,Community Code,Jurisdiction Code,Lane Departure Type Code,Surface Type,Road Condition,Weather Condition,Lighting Condition,Speed Limit,Lanes,Units,Occupants,Most Severe Injury,Fatal Injuries,Suspected Serious Injuries,Suspected Minor Injuries,Possible Injuries,Property Damage Only,Secondary Crash,Traffic Control,Red Light Run,Hit and Run,Alcohol,Drugs,Unbelted Person,Work Zone,Speeding Driver,Distracted Driver,Driveway,Pedestrian,Elderly Driver,Young Driver,Commercial Vehicle,Emergency Vehicles,Train,School Bus,Motorcycle,Bicycle,Deer,Longitude,Latitude,geom,geog,x,y
8901,9399215,W I 96 SERVICE DRIVE,GRAND RIVER,2015-08-07,7,8,2015,12,6,8,1,,1,0,,1,2,1,55,4,2,3,5,0,0,0,0,true,,false,false,false,false,false,,,,,,false,false,true,,,false,false,false,false,false,-83.17702,42.38411,"{
  ""coordinates"": [
    -8.317701887600001e+01,
    4.238410519700010e+01
  ],
  ""type"": ""Point""
}","{
  ""coordinates"": [
    -83.177018876,
    42.384105197
  ],
  ""type"": ""Point""
}",-83.177018876,42.3841051970001
8902,9340400,BEAUBIEN,LAFAYETTE,2015-08-07,7,8,2015,18,6,8,9,,4,0,,1,1,1,35,4,2,3,5,0,0,0,0,true,,false,false,false,false,false,,,,,,false,false,false,,,false,false,false,false,false,-83.04195,42.33398,"{
  ""coordinates"": [
    -8.304195235700000e+01,
    4.233398243000000e+01
  ],
  ""type"": ""Point""
}","{
  ""coordinates"": [
    -83.041952357,
    42.33398243
  ],
  ""type"": ""Point""
}",-83.041952357,42.33398243
8903,9339324,CENTRAL,MICHIGAN,2015-08-07,7,8,2015,14,6,9,2,,4,0,,1,1,1,25,2,2,2,5,0,0,0,0,true,,false,false,true,false,false,,,,,,false,false,false,,,false,false,false,false,false,-83.13759,42.3311,"{
  ""coordinates"": [
    -8.313758805000001e+01,
    4.233110044100000e+01
  ],
  ""type"": ""Point""
}","{
  ""coordinates"": [
    -83.13758805,
    42.331100441
  ],
  ""type"": ""Point""
}",-83.13758805,42.331100441
8904,9339578,I 94,VAN DYKE,2015-08-07,7,8,2015,16,6,5,1,,1,0,,1,1,1,70,3,2,3,4,0,0,0,2,false,,false,false,false,false,false,,,,,,false,true,false,,,false,false,false,false,false,-83.01575,42.38785,"{
  ""coordinates"": [
    -8.301575519300000e+01,
    4.238784872100010e+01
  ],
  ""type"": ""Point""
}","{
  ""coordinates"": [
    -83.015755193,
    42.387848721
  ],
  ""type"": ""Point""
}",-83.015755193,42.3878487210001
8905,9399218,WYOMING,LYNDON,2015-08-07,7,8,2015,17,6,3,9,,4,0,,1,2,1,30,3,2,1,4,0,0,0,1,false,,false,false,true,false,false,,,,,,false,true,false,,,false,false,false,false,false,-83.15934,42.39524,"{
  ""coordinates"": [
    -8.315934199100001e+01,
    4.239523847400010e+01
  ],
  ""type"": ""Point""
}","{
  ""coordinates"": [
    -83.159341991,
    42.395238474
  ],
  ""type"": ""Point""
}",-83.159341991,42.3952384740001
8906,9339692,GRATIOT,ST AUBIN,2015-08-07,7,8,2015,17,6,8,3,,1,0,,1,1,1,40,5,2,2,5,0,0,0,0,true,,false,false,false,false,false,,,,,,false,false,false,,,false,false,false,false,false,-83.03468,42.3488,"{
  ""coordinates"": [
    -8.303467280500000e+01,
    4.234879670500000e+01
  ],
  ""type"": ""Point""
}","{
  ""coordinates"": [
    -83.034672805,
    42.348796705
  ],
  ""type"": ""Point""
}",-83.034672805,42.348796705
8907,9343454,ELECTRIC,MIAMI,2015-08-07,7,8,2015,19,6,97,9,,,0,,1,1,1,20,1,1,1,5,0,0,0,0,true,,false,false,false,false,false,,,,,,false,false,false,,,false,false,false,false,false,-83.15481,42.27332,"{
  ""coordinates"": [
    -8.315480439899990e+01,
    4.227332207000010e+01
  ],
  ""type"": ""Point""
}","{
  ""coordinates"": [
    -83.154804399,
    42.27332207
  ],
  ""type"": ""Point""
}",-83.1548043989999,42.2733220700001
8908,9339581,W I 94,HARPER,2015-08-07,7,8,2015,8,6,5,1,,1,0,,1,1,1,55,3,3,3,5,0,0,0,0,true,,false,false,false,false,false,,,,,,false,false,true,,,false,false,false,false,false,-82.94772,42.40969,"{
  ""coordinates"": [
    -8.294772368500000e+01,
    4.240968857000010e+01
  ],
  ""type"": ""Point""
}","{
  ""coordinates"": [
    -82.947723685,
    42.40968857
  ],
  ""type"": ""Point""
}",-82.947723685,42.4096885700001
8909,9339259,M-10 SERVICE,LIVERNOIS,2015-08-07,7,8,2015,19,6,1,3,,4,0,,1,1,1,35,4,1,1,5,0,0,0,0,true,,false,false,false,false,false,,,,,,false,false,false,,,false,false,false,false,false,-83.14024,42.40528,"{
  ""coordinates"": [
    -8.314023694799990e+01,
    4.240527860000000e+01
  ],
  ""type"": ""Point""
}","{
  ""coordinates"": [
    -83.140236948,
    42.4052786
  ],
  ""type"": ""Point""
}",-83.1402369479999,42.4052786
8910,9399217,MCNICHOLS,COYLE,2015-08-07,7,8,2015,17,6,8,9,,4,0,,1,2,1,35,5,2,2,5,0,0,0,0,true,,false,false,false,false,false,,,,,,false,true,false,,,false,false,false,false,false,-83.09669,42.418,"{
  ""coordinates"": [
    -8.309668606500000e+01,
    4.241799653800010e+01
  ],
  ""type"": ""Point""
}","{
  ""coordinates"": [
    -83.096686065,
    42.417996538
  ],
  ""type"": ""Point""
}",-83.096686065,42.4179965380001
8911,9341162,I-94,MT ELLIOTT,2015-08-07,7,8,2015,15,6,5,1,,1,0,,1,1,1,60,3,2,2,5,0,0,0,0,true,,false,false,false,false,false,,,,,,false,false,false,,,false,false,false,false,false,-83.03388,42.37927,"{
  ""coordinates"": [
    -8.303388160000000e+01,
    4.237926853700000e+01
  ],
  ""type"": ""Point""
}","{
  ""coordinates"": [
    -83.0338816,
    42.379268537
  ],
  ""type"": ""Point""
}",-83.0338816,42.379268537
8912,9401485,MELBOURNE,JOHN R,2015-08-07,7,8,2015,15,6,3,9,,,0,,1,1,1,25,3,2,1,5,0,0,0,0,true,,false,false,true,false,false,,,,,,false,true,false,,,false,false,false,false,false,-83.07518,42.37723,"{
  ""coordinates"": [
    -8.307518381599991e+01,
    4.237722781500000e+01
  ],
  ""type"": ""Point""
}","{
  ""coordinates"": [
    -83.075183816,
    42.377227815
  ],
  ""type"": ""Point""
}",-83.0751838159999,42.377227815
8913,9343424,CASS,PARSONS,2015-08-07,7,8,2015,14,6,1,9,,4,0,,1,1,1,30,2,2,2,4,0,0,0,1,false,,false,false,false,false,false,,,,,,false,false,false,,,false,false,false,true,false,-83.06168,42.34729,"{
  ""coordinates"": [
    -8.306168293600000e+01,
    4.234728447400000e+01
  ],
  ""type"": ""Point""
}","{
  ""coordinates"": [
    -83.061682936,
    42.347284474
  ],
  ""type"": ""Point""
}",-83.061682936,42.347284474
8914,9338120,RAMP 029A,N I 75,2015-08-07,7,8,2015,0,6,1,1,,1,1,,1,1,4,70,1,1,2,5,0,0,0,0,true,,false,false,false,false,false,,,,,,false,false,true,,,false,false,false,false,false,-83.15728,42.2762,"{
  ""coordinates"": [
    -8.315727746399990e+01,
    4.227620365700010e+01
  ],
  ""type"": ""Point""
}","{
  ""coordinates"": [
    -83.157277464,
    42.276203657
  ],
  ""type"": ""Point""
}",-83.1572774639999,42.2762036570001
8915,9339272,I-96,I-75,2015-08-07,7,8,2015,21,6,1,1,,1,1,,1,1,1,70,4,1,2,5,0,0,0,0,true,,false,false,false,false,false,,,,,,false,false,true,,,false,false,false,false,false,-83.08426,42.32478,"{
  ""coordinates"": [
    -8.308425787199999e+01,
    4.232477725600010e+01
  ],
  ""type"": ""Point""
}","{
  ""coordinates"": [
    -83.084257872,
    42.324777256
  ],
  ""type"": ""Point""
}",-83.084257872,42.3247772560001
8916,9341163,GREENFIELD,S M 10,2015-08-07,7,8,2015,9,6,5,7,,1,0,,1,1,1,35,4,2,2,5,0,0,0,0,true,,false,false,false,false,false,,,,,,false,false,false,,,false,false,false,false,false,-83.20037,42.44224,"{
  ""coordinates"": [
    -8.320037279899999e+01,
    4.244223752400010e+01
  ],
  ""type"": ""Point""
}","{
  ""coordinates"": [
    -83.200372799,
    42.442237524
  ],
  ""type"": ""Point""
}",-83.200372799,42.4422375240001
8917,9340380,GRATIOT,BEAUBIEN,2015-08-07,7,8,2015,22,6,4,3,,1,0,,1,1,4,35,6,2,4,5,0,0,0,0,true,,false,false,false,false,false,,,,,,false,false,false,,,false,false,false,false,false,-83.04388,42.33684,"{
  ""coordinates"": [
    -8.304387950499989e+01,
    4.233683697500000e+01
  ],
  ""type"": ""Point""
}","{
  ""coordinates"": [
    -83.043879505,
    42.336836975
  ],
  ""type"": ""Point""
}",-83.0438795049999,42.336836975
8918,9347066,BURGESS,HESSEL,2015-08-07,7,8,2015,20,6,97,9,,,0,,1,1,4,25,1,2,1,5,0,0,0,0,true,,false,false,false,false,false,,,,,,false,false,false,,,false,false,false,false,false,-83.25634,42.44215,"{
  ""coordinates"": [
    -8.325634129399999e+01,
    4.244215324400010e+01
  ],
  ""type"": ""Point""
}","{
  ""coordinates"": [
    -83.256341294,
    42.442153244
  ],
  ""type"": ""Point""
}",-83.256341294,42.4421532440001
8919,9339348,8 MILE,RIOPELLE,2015-08-07,7,8,2015,15,6,5,3,,1,0,,1,1,1,35,3,2,2,5,0,0,0,0,true,,false,false,false,false,false,,,,,,false,false,false,,,false,false,false,false,false,-83.08669,42.44694,"{
  ""coordinates"": [
    -8.308668845600000e+01,
    4.244694202800010e+01
  ],
  ""type"": ""Point""
}","{
  ""coordinates"": [
    -83.086688456,
    42.446942028
  ],
  ""type"": ""Point""
}",-83.086688456,42.4469420280001
8920,9339685,STRATHMOOR,EATON,2015-08-07,7,8,2015,5,6,1,9,,,0,,1,1,4,0,2,2,0,4,0,0,0,1,false,,false,false,true,false,false,,,,,,true,false,false,,,false,false,false,false,false,-83.18754,42.39645,"{
  ""coordinates"": [
    -8.318753761799999e+01,
    4.239644931200010e+01
  ],
  ""type"": ""Point""
}","{
  ""coordinates"": [
    -83.187537618,
    42.396449312
  ],
  ""type"": ""Point""
}",-83.187537618,42.3964493120001
8921,9339684,RANDOLPH,CONGRESS,2015-08-07,7,8,2015,16,6,5,3,,1,0,,1,1,1,35,4,2,3,5,0,0,0,0,true,,false,false,false,false,false,,,,,,false,false,false,,,false,false,false,false,false,-83.04302,42.33139,"{
  ""coordinates"": [
    -8.304302455399990e+01,
    4.233139382700010e+01
  ],
  ""type"": ""Point""
}","{
  ""coordinates"": [
    -83.043024554,
    42.331393827
  ],
  ""type"": ""Point""
}",-83.0430245539999,42.3313938270001
8922,9344496,ROSA PARKS,HAZEL,2015-08-07,7,8,2015,15,6,97,9,,4,0,,1,1,1,30,3,2,3,3,0,0,1,0,false,,false,false,false,false,false,,,,,,false,false,true,,,false,false,false,true,false,-83.07828,42.34243,"{
  ""coordinates"": [
    -8.307827790100001e+01,
    4.234242954400000e+01
  ],
  ""type"": ""Point""
}","{
  ""coordinates"": [
    -83.078277901,
    42.342429544
  ],
  ""type"": ""Point""
}",-83.078277901,42.342429544
8923,9353510,OUTER,FORRER,2015-08-07,7,8,2015,14,6,4,9,,2,0,,1,1,1,35,4,2,4,4,0,0,0,1,false,,false,false,true,false,false,,,,,,false,false,false,,,false,false,false,false,false,-83.20226,42.4194,"{
  ""coordinates"": [
    -8.320226314400000e+01,
    4.241939742600000e+01
  ],
  ""type"": ""Point""
}","{
  ""coordinates"": [
    -83.202263144,
    42.419397426
  ],
  ""type"": ""Point""
}",-83.202263144,42.419397426
8924,9345438,I-94,LIVERNOIS,2015-08-07,7,8,2015,2,6,9,1,,1,2,,1,1,4,55,3,2,2,5,0,0,0,0,true,,false,false,true,false,false,,,,,,false,false,false,,,false,false,false,false,false,-83.12066,42.3392,"{
  ""coordinates"": [
    -8.312065507499990e+01,
    4.233919476800000e+01
  ],
  ""type"": ""Point""
}","{
  ""coordinates"": [
    -83.120655075,
    42.339194768
  ],
  ""type"": ""Point""
}",-83.1206550749999,42.339194768
8925,9358605,GRATIOT,CONNER,2015-08-07,7,8,2015,19,6,97,3,,1,0,,1,1,1,30,2,2,2,5,0,0,0,0,true,,false,false,true,false,false,,,,,,false,false,false,,,false,false,false,false,false,-82.9975,42.40491,"{
  ""coordinates"": [
    -8.299749493099991e+01,
    4.240490783300000e+01
  ],
  ""type"": ""Point""
}","{
  ""coordinates"": [
    -82.997494931,
    42.404907833
  ],
  ""type"": ""Point""
}",-82.9974949309999,42.404907833
8926,9360753,S/B I 75,MACK,2015-08-07,7,8,2015,5,6,8,1,,1,0,,1,1,2,55,4,2,2,5,0,0,0,0,true,,false,false,true,false,false,,,,,,false,false,false,,,false,false,false,false,false,-83.04835,42.35148,"{
  ""coordinates"": [
    -8.304834556700000e+01,
    4.235148130800010e+01
  ],
  ""type"": ""Point""
}","{
  ""coordinates"": [
    -83.048345567,
    42.351481308
  ],
  ""type"": ""Point""
}",-83.048345567,42.3514813080001
8927,9339273,N M 39,RAMP 007A,2015-08-07,7,8,2015,23,6,5,3,,1,0,,1,1,4,55,3,2,4,5,0,0,0,0,true,,false,false,false,false,false,,,,,,false,false,true,,,false,false,false,false,false,-83.21626,42.35424,"{
  ""coordinates"": [
    -8.321625600999990e+01,
    4.235423859200010e+01
  ],
  ""type"": ""Point""
}","{
  ""coordinates"": [
    -83.21625601,
    42.354238592
  ],
  ""type"": ""Point""
}",-83.2162560099999,42.3542385920001
8928,9358902,E I 94,S HARPER/N I 94,2015-08-07,7,8,2015,15,6,5,1,,1,0,,1,1,1,55,3,3,5,5,0,0,0,0,true,,false,false,false,false,false,,,,,,false,false,false,,,false,false,false,false,false,-82.9278,42.42558,"{
  ""coordinates"": [
    -8.292779796699990e+01,
    4.242557335800010e+01
  ],
  ""type"": ""Point""
}","{
  ""coordinates"": [
    -82.927797967,
    42.425573358
  ],
  ""type"": ""Point""
}",-82.9277979669999,42.4255733580001
8929,9341146,GRANDRIVER,2ND,2015-08-07,7,8,2015,23,6,97,3,,1,0,,1,1,4,30,2,3,6,5,0,0,0,0,true,,false,false,false,false,false,,,,,,false,false,true,,,false,false,false,false,false,-83.05786,42.33595,"{
  ""coordinates"": [
    -8.305786018399991e+01,
    4.233594641000010e+01
  ],
  ""type"": ""Point""
}","{
  ""coordinates"": [
    -83.057860184,
    42.33594641
  ],
  ""type"": ""Point""
}",-83.0578601839999,42.3359464100001
8930,9343469,GRAND,3RD,2015-08-07,7,8,2015,6,6,1,9,,5,0,,1,1,2,30,3,1,1,3,0,0,1,0,false,,false,false,false,false,false,,,,,,false,false,false,,,false,false,false,false,false,-83.06047,42.33663,"{
  ""coordinates"": [
    -8.306047059900000e+01,
    4.233662813200000e+01
  ],
  ""type"": ""Point""
}","{
  ""coordinates"": [
    -83.060470599,
    42.336628132
  ],
  ""type"": ""Point""
}",-83.060470599,42.336628132
8931,9343492,N I 75,MICHIGAN,2015-08-07,7,8,2015,18,6,4,1,,1,0,,1,1,1,35,8,2,3,5,0,0,0,0,true,,false,false,false,false,false,,,,,,false,false,true,,,false,false,false,false,false,-83.08457,42.33147,"{
  ""coordinates"": [
    -8.308457261099990e+01,
    4.233146547500010e+01
  ],
  ""type"": ""Point""
}","{
  ""coordinates"": [
    -83.084572611,
    42.331465475
  ],
  ""type"": ""Point""
}",-83.0845726109999,42.3314654750001
8932,9341143,PLYMOUTH,MARK TWAIN,2015-08-07,7,8,2015,2,6,9,9,,4,2,,1,1,4,35,2,3,2,5,0,0,0,0,true,,false,false,false,false,false,,,,,,false,false,true,,,false,false,false,false,false,-83.18547,42.37288,"{
  ""coordinates"": [
    -8.318546778400000e+01,
    4.237287856400010e+01
  ],
  ""type"": ""Point""
}","{
  ""coordinates"": [
    -83.185467784,
    42.372878564
  ],
  ""type"": ""Point""
}",-83.185467784,42.3728785640001
8933,9352579,7 MILE,SCHOENHERR,2015-08-07,7,8,2015,13,6,4,9,,4,0,,1,1,1,30,5,2,2,5,0,0,0,0,true,,false,false,false,false,false,,,,,,false,false,true,,,false,false,false,false,false,-82.98512,42.43492,"{
  ""coordinates"": [
    -8.298511611299990e+01,
    4.243491567400010e+01
  ],
  ""type"": ""Point""
}","{
  ""coordinates"": [
    -82.985116113,
    42.434915674
  ],
  ""type"": ""Point""
}",-82.9851161129999,42.4349156740001
8934,9339683,RAMP 051B,TELEGRAPH,2015-08-07,7,8,2015,7,6,5,2,,1,0,,1,1,1,15,1,2,2,5,0,0,0,0,true,,false,false,false,false,false,,,,,,false,false,false,,,false,false,false,false,false,-83.27833,42.44232,"{
  ""coordinates"": [
    -8.327832795099989e+01,
    4.244231810500000e+01
  ],
  ""type"": ""Point""
}","{
  ""coordinates"": [
    -83.278327951,
    42.442318105
  ],
  ""type"": ""Point""
}",-83.2783279509999,42.442318105
8935,9341160,CLARITA,MARK TWAIN,2015-08-07,7,8,2015,13,6,4,9,,,0,,1,1,1,25,1,2,2,5,0,0,0,0,true,,false,false,true,false,false,,,,,,false,true,false,,,false,false,false,false,false,-83.18755,42.429,"{
  ""coordinates"": [
    -8.318755221299990e+01,
    4.242900541700000e+01
  ],
  ""type"": ""Point""
}","{
  ""coordinates"": [
    -83.187552213,
    42.429005417
  ],
  ""type"": ""Point""
}",-83.1875522129999,42.429005417
8936,9346261,M-39,SEVEN MILE,2015-08-07,7,8,2015,16,6,5,3,,1,0,,1,1,1,55,3,6,7,4,0,0,0,1,false,,false,false,false,false,false,,,,,,false,false,true,,,false,false,false,false,false,-83.21922,42.42989,"{
  ""coordinates"": [
    -8.321921840200000e+01,
    4.242988893600010e+01
  ],
  ""type"": ""Point""
}","{
  ""coordinates"": [
    -83.219218402,
    42.429888936
  ],
  ""type"": ""Point""
}",-83.219218402,42.4298889360001
8937,9399150,SCHAEFER,SCHOOLCRAFT,2015-08-07,7,8,2015,13,6,8,9,,4,0,,1,2,1,30,4,2,3,2,0,1,0,0,false,,false,false,false,false,false,,,,,,false,true,true,,,false,false,false,false,false,-83.1785,42.3876,"{
  ""coordinates"": [
    -8.317850853399990e+01,
    4.238759569100010e+01
  ],
  ""type"": ""Point""
}","{
  ""coordinates"": [
    -83.178508534,
    42.387595691
  ],
  ""type"": ""Point""
}",-83.1785085339999,42.3875956910001
8938,9399216,LIVERNOIS,WARREN,2015-08-07,7,8,2015,14,6,5,9,,4,0,,1,2,1,35,5,3,1,4,0,0,0,1,false,,false,false,true,false,false,,,,,,false,false,false,,,false,false,false,false,false,-83.13036,42.34461,"{
  ""coordinates"": [
    -8.313035267899990e+01,
    4.234461180300010e+01
  ],
  ""type"": ""Point""
}","{
  ""coordinates"": [
    -83.130352679,
    42.344611803
  ],
  ""type"": ""Point""
}",-83.1303526789999,42.3446118030001
8939,9338121,I 75,WARREN,2015-08-06,6,8,2015,0,5,8,1,,1,0,,1,1,4,55,3,2,1,5,0,0,0,0,true,,false,false,true,false,false,,,,,,false,false,true,,,false,false,false,false,false,-83.05615,42.36414,"{
  ""coordinates"": [
    -8.305615266699991e+01,
    4.236414465700010e+01
  ],
  ""type"": ""Point""
}","{
  ""coordinates"": [
    -83.056152667,
    42.364144657
  ],
  ""type"": ""Point""
}",-83.0561526669999,42.3641446570001
8940,9338107,I-94,I-75,2015-08-06,6,8,2015,16,5,5,1,,1,0,,1,1,1,55,3,2,2,5,0,0,0,0,true,,false,false,false,false,false,,,,,,false,false,false,,,false,false,false,false,false,-83.06142,42.36681,"{
  ""coordinates"": [
    -8.306141598799999e+01,
    4.236681310400010e+01
  ],
  ""type"": ""Point""
}","{
  ""coordinates"": [
    -83.061415988,
    42.366813104
  ],
  ""type"": ""Point""
}",-83.061415988,42.3668131040001
8941,9339694,8 MILE,GILCHRIST,2015-08-06,6,8,2015,1,5,97,3,,1,0,,1,1,4,35,2,2,2,5,0,0,0,0,true,,false,false,false,false,false,,,,,,false,false,false,,,false,false,false,false,false,-83.21379,42.44432,"{
  ""coordinates"": [
    -8.321379051799990e+01,
    4.244431930300000e+01
  ],
  ""type"": ""Point""
}","{
  ""coordinates"": [
    -83.213790518,
    42.444319303
  ],
  ""type"": ""Point""
}",-83.2137905179999,42.444319303
8942,9339676,PLYMOUTH,OUTER,2015-08-06,6,8,2015,17,5,5,9,,4,0,,1,1,1,40,3,2,2,5,0,0,0,0,true,,false,false,false,false,false,,,,,,false,false,true,,,false,false,false,false,false,-83.25925,42.37162,"{
  ""coordinates"": [
    -8.325925158699989e+01,
    4.237161537100010e+01
  ],
  ""type"": ""Point""
}","{
  ""coordinates"": [
    -83.259251587,
    42.371615371
  ],
  ""type"": ""Point""
}",-83.2592515869999,42.3716153710001
8943,9340375,LIVERNOIS,JOY,2015-08-06,6,8,2015,16,5,8,9,,4,0,,1,4,1,30,4,2,3,5,0,0,0,0,true,,false,false,false,false,false,,,,,,false,false,false,,,false,false,false,false,false,-83.1384,42.35958,"{
  ""coordinates"": [
    -8.313839396400000e+01,
    4.235958199300010e+01
  ],
  ""type"": ""Point""
}","{
  ""coordinates"": [
    -83.138393964,
    42.359581993
  ],
  ""type"": ""Point""
}",-83.138393964,42.3595819930001
8944,9339681,PLYMOUTH,SOUTHFIELD SERVICE DRIVE,2015-08-06,6,8,2015,18,5,4,9,,4,0,,1,1,1,35,6,2,5,3,0,0,1,3,false,,true,true,false,false,false,,,,,,false,false,true,,,false,false,false,false,false,-83.21709,42.37225,"{
  ""coordinates"": [
    -8.321708689499999e+01,
    4.237225000700000e+01
  ],
  ""type"": ""Point""
}","{
  ""coordinates"": [
    -83.217086895,
    42.372250007
  ],
  ""type"": ""Point""
}",-83.217086895,42.372250007
8945,9338297,LOTHROP,2ND,2015-08-06,6,8,2015,13,5,3,9,,4,0,,1,1,1,25,2,2,2,5,0,0,0,0,true,,false,false,false,false,false,,,,,,false,true,true,,,false,false,false,false,false,-83.07706,42.37046,"{
  ""coordinates"": [
    -8.307706607400000e+01,
    4.237046465900000e+01
  ],
  ""type"": ""Point""
}","{
  ""coordinates"": [
    -83.077066074,
    42.370464659
  ],
  ""type"": ""Point""
}",-83.077066074,42.370464659
8946,9340397,GRATIOT,ANTIETAM,2015-08-06,6,8,2015,7,5,1,3,,1,0,,1,1,1,5,9,2,2,4,0,0,0,1,false,,false,false,false,false,false,,,,,,false,false,false,,,false,false,false,true,false,-83.041,42.3406,"{
  ""coordinates"": [
    -8.304099808300001e+01,
    4.234059473600010e+01
  ],
  ""type"": ""Point""
}","{
  ""coordinates"": [
    -83.040998083,
    42.340594736
  ],
  ""type"": ""Point""
}",-83.040998083,42.3405947360001
8947,9338289,MCNICHOLS,MARK TWAIN,2015-08-06,6,8,2015,1,5,2,9,,2,2,,1,1,4,35,4,2,2,4,0,0,0,1,false,,false,false,false,false,false,,,,,,false,false,false,,,false,false,false,false,false,-83.18719,42.4165,"{
  ""coordinates"": [
    -8.318718374400000e+01,
    4.241649632200010e+01
  ],
  ""type"": ""Point""
}","{
  ""coordinates"": [
    -83.187183744,
    42.416496322
  ],
  ""type"": ""Point""
}",-83.187183744,42.4164963220001
8948,9339702,AUBURN,PLYMOUTH,2015-08-06,6,8,2015,19,5,97,9,,,0,,1,1,1,25,2,2,1,5,0,0,0,0,true,,false,false,true,false,false,,,,,,false,false,false,,,false,false,false,false,false,-83.23378,42.37055,"{
  ""coordinates"": [
    -8.323377886700000e+01,
    4.237054937700000e+01
  ],
  ""type"": ""Point""
}","{
  ""coordinates"": [
    -83.233778867,
    42.370549377
  ],
  ""type"": ""Point""
}",-83.233778867,42.370549377
8949,9406449,GRAND RIVER,CLOVERLAWN,2015-08-06,6,8,2015,20,5,4,3,,1,0,,1,1,1,35,3,2,3,5,0,0,0,0,true,,false,false,false,false,false,,,,,,false,false,false,,,false,false,false,false,false,-83.15147,42.37377,"{
  ""coordinates"": [
    -8.315146920599990e+01,
    4.237376892800010e+01
  ],
  ""type"": ""Point""
}","{
  ""coordinates"": [
    -83.151469206,
    42.373768928
  ],
  ""type"": ""Point""
}",-83.1514692059999,42.3737689280001
8950,9339700,CLIFFORD,ADAMS,2015-08-06,6,8,2015,10,5,8,9,,4,0,,1,1,1,0,2,2,2,5,0,0,0,0,true,,false,false,false,false,false,,,,,,false,false,false,,,false,false,false,false,false,-83.05385,42.33579,"{
  ""coordinates"": [
    -8.305384919399999e+01,
    4.233578849700010e+01
  ],
  ""type"": ""Point""
}","{
  ""coordinates"": [
    -83.053849194,
    42.335788497
  ],
  ""type"": ""Point""
}",-83.053849194,42.3357884970001
8951,9339322,CHALMERS,CHANDLER PARK,2015-08-06,6,8,2015,21,5,5,9,,4,0,,1,1,4,30,2,2,3,4,0,0,0,1,false,,false,false,false,false,false,,,,,,false,false,false,,,false,false,false,false,false,-82.96201,42.40039,"{
  ""coordinates"": [
    -8.296201425899990e+01,
    4.240038591300000e+01
  ],
  ""type"": ""Point""
}","{
  ""coordinates"": [
    -82.962014259,
    42.400385913
  ],
  ""type"": ""Point""
}",-82.9620142589999,42.400385913
8952,9340386,SEMINOLE,KERCHEVAL,2015-08-06,6,8,2015,21,5,8,9,,,0,,1,1,4,30,2,2,4,5,0,0,0,0,true,,false,false,false,false,false,,,,,,false,true,true,,,false,false,false,false,false,-82.99716,42.35947,"{
  ""coordinates"": [
    -8.299716377500000e+01,
    4.235947476300000e+01
  ],
  ""type"": ""Point""
}","{
  ""coordinates"": [
    -82.997163775,
    42.359474763
  ],
  ""type"": ""Point""
}",-82.997163775,42.359474763
8953,9339327,SPRINGWELLS,PERSHING,2015-08-06,6,8,2015,20,5,1,9,,4,0,,1,1,1,25,2,1,0,5,0,0,0,0,true,,false,false,true,false,false,,,,,,false,false,false,,,false,false,false,false,false,-83.12345,42.30623,"{
  ""coordinates"": [
    -8.312345491699990e+01,
    4.230623270600010e+01
  ],
  ""type"": ""Point""
}","{
  ""coordinates"": [
    -83.123454917,
    42.306232706
  ],
  ""type"": ""Point""
}",-83.1234549169999,42.3062327060001
8954,9340351,GRATIOT,BALDWIN,2015-08-06,6,8,2015,15,5,97,3,,1,0,,1,1,1,35,7,2,2,4,0,0,0,1,false,,false,false,false,false,false,,,,,,false,false,false,,,false,false,false,false,false,-83.01581,42.37714,"{
  ""coordinates"": [
    -8.301580470300000e+01,
    4.237713566300000e+01
  ],
  ""type"": ""Point""
}","{
  ""coordinates"": [
    -83.015804703,
    42.377135663
  ],
  ""type"": ""Point""
}",-83.015804703,42.377135663
8955,9343458,GRAND,THIRD,2015-08-06,6,8,2015,13,5,8,9,,4,0,,1,1,1,30,3,2,2,5,0,0,0,0,true,,false,false,false,false,false,,,,,,false,false,false,,,false,false,false,false,false,-83.06504,42.34424,"{
  ""coordinates"": [
    -8.306503941499990e+01,
    4.234423715800010e+01
  ],
  ""type"": ""Point""
}","{
  ""coordinates"": [
    -83.065039415,
    42.344237158
  ],
  ""type"": ""Point""
}",-83.0650394149999,42.3442371580001
8956,9338322,MEYERS,KEELER,2015-08-06,6,8,2015,14,5,4,9,,4,0,,1,1,1,30,2,2,2,5,0,0,0,0,true,,false,false,false,false,false,,,,,,false,false,true,,,false,false,false,false,false,-83.16949,42.40404,"{
  ""coordinates"": [
    -8.316948363099991e+01,
    4.240403888400000e+01
  ],
  ""type"": ""Point""
}","{
  ""coordinates"": [
    -83.169483631,
    42.404038884
  ],
  ""type"": ""Point""
}",-83.1694836309999,42.404038884
8957,9340354,CHALMERS,LINNHURST,2015-08-06,6,8,2015,15,5,4,9,,4,0,,1,1,1,30,2,2,7,3,0,0,1,1,false,,true,false,false,false,false,,,,,,false,false,true,,,false,false,false,false,false,-82.97518,42.43129,"{
  ""coordinates"": [
    -8.297518108199991e+01,
    4.243129535500000e+01
  ],
  ""type"": ""Point""
}","{
  ""coordinates"": [
    -82.975181082,
    42.431295355
  ],
  ""type"": ""Point""
}",-82.9751810819999,42.431295355