ObjectId,Crash ID,Primary Road,Intersecting Road,Crash Date,Day,Month,Year,Hour,Weekday,Crash Type Code,Highway Classification Code,Community Code,Jurisdiction Code,Lane Departure Type Code,Surface Type,Road Condition,Weather Condition,Lighting Condition,Speed Limit,Lanes,Units,Occupants,Most Severe Injury,Fatal Injuries,Suspected Serious Injuries,Suspected Minor Injuries,Possible Injuries,Property Damage Only,Secondary Crash,Traffic Control,Red Light Run,Hit and Run,Alcohol,Drugs,Unbelted Person,Work Zone,Speeding Driver,Distracted Driver,Driveway,Pedestrian,Elderly Driver,Young Driver,Commercial Vehicle,Emergency Vehicles,Train,School Bus,Motorcycle,Bicycle,Deer,Longitude,Latitude,geom,geog,x,y
8958,9338106,I-94,WOODWARD,2015-08-06,6,8,2015,15,5,5,1,,1,0,,1,1,1,55,3,3,3,5,0,0,0,0,true,,false,false,false,false,false,,,,,,false,false,false,,,false,false,false,false,false,-83.06717,42.3644,"{
  ""coordinates"": [
    -8.306717268300000e+01,
    4.236440084200010e+01
  ],
  ""type"": ""Point""
}","{
  ""coordinates"": [
    -83.067172683,
    42.364400842
  ],
  ""type"": ""Point""
}",-83.067172683,42.3644008420001
8959,9339326,BUCHANAN,VINEWOOD,2015-08-06,6,8,2015,15,5,8,9,,4,0,,1,1,1,25,5,2,2,5,0,0,0,0,true,,true,true,false,false,false,,,,,,false,false,true,,,false,false,false,false,false,-83.10258,42.33944,"{
  ""coordinates"": [
    -8.310258656900000e+01,
    4.233943511700010e+01
  ],
  ""type"": ""Point""
}","{
  ""coordinates"": [
    -83.102586569,
    42.339435117
  ],
  ""type"": ""Point""
}",-83.102586569,42.3394351170001
8960,9339321,MARTIN LUTHER KING JR,14TH,2015-08-06,6,8,2015,13,5,5,9,,4,0,,1,1,1,25,6,2,1,5,0,0,0,0,true,,false,false,true,false,false,,,,,,false,false,true,,,false,false,false,false,false,-83.08098,42.33914,"{
  ""coordinates"": [
    -8.308097491500000e+01,
    4.233914306000000e+01
  ],
  ""type"": ""Point""
}","{
  ""coordinates"": [
    -83.080974915,
    42.33914306
  ],
  ""type"": ""Point""
}",-83.080974915,42.33914306
8961,9338293,DAVISON,LAWTON,2015-08-06,6,8,2015,12,5,1,3,,1,1,,1,1,1,25,2,1,1,5,0,0,0,0,true,,false,false,false,false,false,,,,,,false,false,false,,,false,false,false,false,false,-83.12484,42.39197,"{
  ""coordinates"": [
    -8.312483983200001e+01,
    4.239196891400010e+01
  ],
  ""type"": ""Point""
}","{
  ""coordinates"": [
    -83.124839832,
    42.391968914
  ],
  ""type"": ""Point""
}",-83.124839832,42.3919689140001
8962,9343442,LEVERETTE,BROOKLYN,2015-08-06,6,8,2015,12,5,5,9,,,0,,1,1,1,25,1,2,2,5,0,0,0,0,true,,false,false,false,false,false,,,,,,false,false,false,,,false,false,false,false,false,-83.06383,42.33121,"{
  ""coordinates"": [
    -8.306382966500000e+01,
    4.233121217400000e+01
  ],
  ""type"": ""Point""
}","{
  ""coordinates"": [
    -83.063829665,
    42.331212174
  ],
  ""type"": ""Point""
}",-83.063829665,42.331212174
8963,9339266,I75,NEVADA,2015-08-06,6,8,2015,0,5,1,1,,1,1,,1,1,4,70,4,1,3,4,0,0,0,3,false,,false,false,false,false,false,,,,,,false,false,true,,,false,false,false,false,false,-83.09444,42.42754,"{
  ""coordinates"": [
    -8.309443633099990e+01,
    4.242753473700000e+01
  ],
  ""type"": ""Point""
}","{
  ""coordinates"": [
    -83.094436331,
    42.427534737
  ],
  ""type"": ""Point""
}",-83.0944363309999,42.427534737
8964,9338105,M-8,WOODWARD,2015-08-06,6,8,2015,15,5,1,3,,1,0,,1,1,1,55,3,1,1,5,0,0,0,0,true,,false,false,false,false,false,,,,,,false,false,false,,,false,false,false,false,false,-83.05081,42.32924,"{
  ""coordinates"": [
    -8.305081383399990e+01,
    4.232923850500000e+01
  ],
  ""type"": ""Point""
}","{
  ""coordinates"": [
    -83.050813834,
    42.329238505
  ],
  ""type"": ""Point""
}",-83.0508138339999,42.329238505
8965,9339256,S I 75,MCNICHOLS,2015-08-06,6,8,2015,0,5,5,1,,1,0,,1,1,4,70,3,3,1,5,0,0,0,0,true,,false,false,true,false,false,,,,,,false,false,true,,,false,false,false,false,false,-83.08807,42.41825,"{
  ""coordinates"": [
    -8.308806980500000e+01,
    4.241824883800010e+01
  ],
  ""type"": ""Point""
}","{
  ""coordinates"": [
    -83.088069805,
    42.418248838
  ],
  ""type"": ""Point""
}",-83.088069805,42.4182488380001
8966,9338291,DAVISON,PETOSKEY,2015-08-06,6,8,2015,11,5,5,3,,1,0,,1,1,1,30,6,3,3,5,0,0,0,0,true,,false,false,false,false,false,,,,,,false,false,false,,,false,false,false,false,false,-83.13543,42.38802,"{
  ""coordinates"": [
    -8.313543306699999e+01,
    4.238801522100000e+01
  ],
  ""type"": ""Point""
}","{
  ""coordinates"": [
    -83.135433067,
    42.388015221
  ],
  ""type"": ""Point""
}",-83.135433067,42.388015221
8967,9338104,M-10,ROSAPARKS,2015-08-06,6,8,2015,13,5,1,3,,1,0,,1,1,1,55,4,1,1,5,0,0,0,0,true,,false,false,false,false,false,,,,,,false,false,true,,,false,false,false,false,false,-83.1175,42.40297,"{
  ""coordinates"": [
    -8.311749903700000e+01,
    4.240296753000010e+01
  ],
  ""type"": ""Point""
}","{
  ""coordinates"": [
    -83.117499037,
    42.40296753
  ],
  ""type"": ""Point""
}",-83.117499037,42.4029675300001
8968,9338091,SB I-75,GRAND,2015-08-06,6,8,2015,9,5,5,1,,1,0,,1,1,1,70,4,3,7,5,0,0,0,0,true,,false,false,false,false,false,,,,,,false,false,true,,,false,false,false,false,false,-83.06058,42.37491,"{
  ""coordinates"": [
    -8.306057487000000e+01,
    4.237491403500010e+01
  ],
  ""type"": ""Point""
}","{
  ""coordinates"": [
    -83.06057487,
    42.374914035
  ],
  ""type"": ""Point""
}",-83.06057487,42.3749140350001
8969,9338318,7 MILE,N I 75,2015-08-06,6,8,2015,17,5,4,9,,4,0,,1,1,1,30,4,2,2,4,0,0,0,1,false,,true,true,true,false,false,,,,,,false,false,false,,,false,false,false,false,false,-83.09464,42.43248,"{
  ""coordinates"": [
    -8.309464522499999e+01,
    4.243248219200010e+01
  ],
  ""type"": ""Point""
}","{
  ""coordinates"": [
    -83.094645225,
    42.432482192
  ],
  ""type"": ""Point""
}",-83.094645225,42.4324821920001
8970,9340383,TIREMAN,N M 39 SERVICE DRIVE,2015-08-06,6,8,2015,14,5,5,9,,4,0,,1,1,1,35,2,2,1,5,0,0,0,0,true,,false,false,true,false,false,,,,,,false,false,false,,,false,false,false,false,false,-83.21601,42.35062,"{
  ""coordinates"": [
    -8.321600835200000e+01,
    4.235062014400010e+01
  ],
  ""type"": ""Point""
}","{
  ""coordinates"": [
    -83.216008352,
    42.350620144
  ],
  ""type"": ""Point""
}",-83.216008352,42.3506201440001
8971,9346259,I-94,I-75,2015-08-06,6,8,2015,17,5,8,1,,1,0,,1,1,1,55,3,2,2,5,0,0,0,0,true,,false,false,false,false,false,,,,,,false,false,true,,,false,false,false,false,false,-83.0587,42.36803,"{
  ""coordinates"": [
    -8.305870362199990e+01,
    4.236803293100010e+01
  ],
  ""type"": ""Point""
}","{
  ""coordinates"": [
    -83.058703622,
    42.368032931
  ],
  ""type"": ""Point""
}",-83.0587036219999,42.3680329310001
8972,9339705,KENNEBEC,GUNSTON,2015-08-06,6,8,2015,15,5,8,3,,,0,,1,1,1,25,2,2,1,5,0,0,0,0,true,,false,false,false,false,false,,,,,,false,false,false,,,false,false,false,false,false,-83.00238,42.41953,"{
  ""coordinates"": [
    -8.300238385900001e+01,
    4.241953253600010e+01
  ],
  ""type"": ""Point""
}","{
  ""coordinates"": [
    -83.002383859,
    42.419532536
  ],
  ""type"": ""Point""
}",-83.002383859,42.4195325360001
8973,9338111,S I 75,MILWAUKEE,2015-08-06,6,8,2015,7,5,1,1,,1,0,,1,1,1,55,5,1,1,5,0,0,0,0,true,,false,false,false,false,false,,,,,,false,false,false,,,false,false,false,false,false,-83.06001,42.37392,"{
  ""coordinates"": [
    -8.306000833600000e+01,
    4.237391743100010e+01
  ],
  ""type"": ""Point""
}","{
  ""coordinates"": [
    -83.060008336,
    42.373917431
  ],
  ""type"": ""Point""
}",-83.060008336,42.3739174310001
8974,9353508,OUTER,MCNICHOLS,2015-08-06,6,8,2015,12,5,8,9,,2,0,,1,1,1,30,2,2,0,5,0,0,0,0,true,,false,false,true,false,false,,,,,,false,false,false,,,false,false,false,false,false,-83.23172,42.41509,"{
  ""coordinates"": [
    -8.323172135599999e+01,
    4.241508980400000e+01
  ],
  ""type"": ""Point""
}","{
  ""coordinates"": [
    -83.231721356,
    42.415089804
  ],
  ""type"": ""Point""
}",-83.231721356,42.415089804
8975,9353379,GRAND,JOHN C,2015-08-06,6,8,2015,13,5,5,9,,,0,,1,1,1,40,4,2,1,4,0,0,0,1,false,,false,false,true,false,false,,,,,,false,true,false,,,false,false,false,false,false,-83.11027,42.39939,"{
  ""coordinates"": [
    -8.311026983600000e+01,
    4.239939597500010e+01
  ],
  ""type"": ""Point""
}","{
  ""coordinates"": [
    -83.110269836,
    42.399395975
  ],
  ""type"": ""Point""
}",-83.110269836,42.3993959750001
8976,9370490,FOREST,ANTHONY WAYNE,2015-08-06,6,8,2015,19,5,1,9,,4,1,,1,1,1,30,5,1,2,5,0,0,0,0,true,,false,false,false,false,false,,,,,,false,false,false,,,false,false,false,false,false,-83.07016,42.35225,"{
  ""coordinates"": [
    -8.307015830400000e+01,
    4.235225279300000e+01
  ],
  ""type"": ""Point""
}","{
  ""coordinates"": [
    -83.070158304,
    42.352252793
  ],
  ""type"": ""Point""
}",-83.070158304,42.352252793
8977,9408630,GREENFIELD,TYLER,2015-08-06,6,8,2015,13,5,4,9,,2,0,,1,1,1,35,4,2,3,4,0,0,0,1,false,,false,false,true,false,false,,,,,,false,false,false,,,false,false,false,false,false,-83.19803,42.3843,"{
  ""coordinates"": [
    -8.319802489800000e+01,
    4.238429894500010e+01
  ],
  ""type"": ""Point""
}","{
  ""coordinates"": [
    -83.198024898,
    42.384298945
  ],
  ""type"": ""Point""
}",-83.198024898,42.3842989450001
8978,9338275,7 MILE,KEATING,2015-08-06,6,8,2015,13,5,4,9,,4,0,,1,1,1,35,2,2,2,5,0,0,0,0,true,,false,false,false,false,false,,,,,,false,false,true,,,false,false,false,false,false,-83.10023,42.43232,"{
  ""coordinates"": [
    -8.310022462099990e+01,
    4.243232462800010e+01
  ],
  ""type"": ""Point""
}","{
  ""coordinates"": [
    -83.100224621,
    42.432324628
  ],
  ""type"": ""Point""
}",-83.1002246209999,42.4323246280001
8979,9399244,MIDLAND,SCHAEFER,2015-08-06,6,8,2015,18,5,4,9,,,0,,1,2,1,30,4,2,3,5,0,0,0,0,true,,false,false,false,false,false,,,,,,false,false,false,,,false,false,false,false,false,-83.17927,42.40572,"{
  ""coordinates"": [
    -8.317926757100000e+01,
    4.240572060200000e+01
  ],
  ""type"": ""Point""
}","{
  ""coordinates"": [
    -83.179267571,
    42.405720602
  ],
  ""type"": ""Point""
}",-83.179267571,42.405720602
8980,9351127,WARREN,CASS,2015-08-06,6,8,2015,8,5,8,9,,4,0,,1,1,1,30,4,2,3,5,0,0,0,0,true,,false,false,false,false,false,,,,,,false,false,false,,,false,false,false,false,false,-83.06728,42.35569,"{
  ""coordinates"": [
    -8.306728264200000e+01,
    4.235568683100010e+01
  ],
  ""type"": ""Point""
}","{
  ""coordinates"": [
    -83.067282642,
    42.355686831
  ],
  ""type"": ""Point""
}",-83.067282642,42.3556868310001
8981,9338270,ARCHDALE,PURITAN,2015-08-06,6,8,2015,23,5,1,9,,,0,,1,2,4,25,2,1,2,1,2,0,0,0,false,,false,false,false,true,false,,,,,,false,false,true,,,false,false,false,false,false,-83.21654,42.40833,"{
  ""coordinates"": [
    -8.321653847200000e+01,
    4.240833144500000e+01
  ],
  ""type"": ""Point""
}","{
  ""coordinates"": [
    -83.216538472,
    42.408331445
  ],
  ""type"": ""Point""
}",-83.216538472,42.408331445
8982,9338313,DAVISON,LIVERNOIS,2015-08-06,6,8,2015,17,5,8,3,,1,0,,1,1,1,30,4,3,4,5,0,0,0,0,true,,false,false,false,false,false,,,,,,false,false,true,,,false,false,false,false,false,-83.14027,42.38665,"{
  ""coordinates"": [
    -8.314027754300000e+01,
    4.238664968300000e+01
  ],
  ""type"": ""Point""
}","{
  ""coordinates"": [
    -83.140277543,
    42.386649683
  ],
  ""type"": ""Point""
}",-83.140277543,42.386649683
8983,9408661,CHENE,JEFFERSON,2015-08-06,6,8,2015,12,5,3,9,,4,0,,1,1,1,25,2,2,2,5,0,0,0,0,true,,false,false,false,false,false,,,,,,false,false,false,,,false,false,false,false,false,-83.02277,42.33832,"{
  ""coordinates"": [
    -8.302277688500000e+01,
    4.233832263600000e+01
  ],
  ""type"": ""Point""
}","{
  ""coordinates"": [
    -83.022776885,
    42.338322636
  ],
  ""type"": ""Point""
}",-83.022776885,42.338322636
8984,9353515,TELEGRAPH,7 MILE,2015-08-06,6,8,2015,13,5,8,2,,1,0,,1,1,1,40,4,2,1,5,0,0,0,0,true,,false,false,true,false,false,,,,,,false,true,false,,,false,false,false,false,false,-83.27798,42.42887,"{
  ""coordinates"": [
    -8.327798067799991e+01,
    4.242886727300000e+01
  ],
  ""type"": ""Point""
}","{
  ""coordinates"": [
    -83.277980678,
    42.428867273
  ],
  ""type"": ""Point""
}",-83.2779806779999,42.428867273
8985,9353514,GRAND RIVER,MINOCK,2015-08-06,6,8,2015,11,5,97,3,,1,0,,1,1,1,35,4,2,2,5,0,0,0,0,true,,false,false,false,false,false,,,,,,false,true,false,,,false,false,false,false,false,-83.23401,42.40702,"{
  ""coordinates"": [
    -8.323400783900000e+01,
    4.240702291200010e+01
  ],
  ""type"": ""Point""
}","{
  ""coordinates"": [
    -83.234007839,
    42.407022912
  ],
  ""type"": ""Point""
}",-83.234007839,42.4070229120001
8986,9374502,JOHN R,ALFRED,2015-08-06,6,8,2015,12,5,5,9,,4,0,,1,1,1,15,3,2,2,5,0,0,0,0,true,,false,false,false,false,false,,,,,,false,false,false,,,false,false,false,false,false,-83.05157,42.34251,"{
  ""coordinates"": [
    -8.305156744899990e+01,
    4.234250752300010e+01
  ],
  ""type"": ""Point""
}","{
  ""coordinates"": [
    -83.051567449,
    42.342507523
  ],
  ""type"": ""Point""
}",-83.0515674489999,42.3425075230001
8987,9339347,8 MILE,GRATIOT,2015-08-06,6,8,2015,19,5,5,3,,1,0,,1,1,1,40,5,3,5,5,0,0,0,0,true,,false,false,false,true,false,,,,,,false,false,false,,,false,false,false,false,false,-82.9682,42.44983,"{
  ""coordinates"": [
    -8.296820119700000e+01,
    4.244982385000000e+01
  ],
  ""type"": ""Point""
}","{
  ""coordinates"": [
    -82.968201197,
    42.44982385
  ],
  ""type"": ""Point""
}",-82.968201197,42.44982385
8988,9371607,MCNICHOLS,S M 39,2015-08-06,6,8,2015,20,5,5,9,,2,0,,1,1,3,35,3,2,2,5,0,0,0,0,true,,false,false,false,false,false,,,,,,false,true,false,,,false,false,false,false,false,-83.21893,42.41555,"{
  ""coordinates"": [
    -8.321892594500000e+01,
    4.241554523800000e+01
  ],
  ""type"": ""Point""
}","{
  ""coordinates"": [
    -83.218925945,
    42.415545238
  ],
  ""type"": ""Point""
}",-83.218925945,42.415545238
8989,9339254,THE STRAND,VISTA,2015-08-06,6,8,2015,18,5,1,3,,1,1,,1,1,1,25,3,2,3,2,0,1,0,0,false,,false,false,false,false,false,,,,,,false,false,false,,,false,false,false,true,false,-82.97834,42.33691,"{
  ""coordinates"": [
    -8.297834220999989e+01,
    4.233690521500010e+01
  ],
  ""type"": ""Point""
}","{
  ""coordinates"": [
    -82.97834221,
    42.336905215
  ],
  ""type"": ""Point""
}",-82.9783422099999,42.3369052150001
8990,9352578,GREINER,GOULBURN,2015-08-06,6,8,2015,12,5,4,9,,4,0,,1,1,1,25,3,2,2,5,0,0,0,0,true,,true,false,false,false,false,,,,,,false,false,false,,,false,false,false,false,false,-82.99336,42.42747,"{
  ""coordinates"": [
    -8.299336532200000e+01,
    4.242747103100000e+01
  ],
  ""type"": ""Point""
}","{
  ""coordinates"": [
    -82.993365322,
    42.427471031
  ],
  ""type"": ""Point""
}",-82.993365322,42.427471031
8991,9364219,GRAND RIVER,OUTER,2015-08-06,6,8,2015,18,5,5,3,,1,0,,1,1,1,40,4,2,1,5,0,0,0,0,true,,false,false,false,false,false,,,,,,false,false,false,,,false,false,false,false,false,-83.25764,42.41649,"{
  ""coordinates"": [
    -8.325763493600000e+01,
    4.241648737300010e+01
  ],
  ""type"": ""Point""
}","{
  ""coordinates"": [
    -83.257634936,
    42.416487373
  ],
  ""type"": ""Point""
}",-83.257634936,42.4164873730001
8992,9340385,JEFFERSON,JOS CAMPAU,2015-08-06,6,8,2015,18,5,5,9,,4,0,,1,1,1,35,6,2,2,5,0,0,0,0,true,,false,false,true,false,false,,,,,,false,false,true,,,false,false,false,false,false,-83.01974,42.33949,"{
  ""coordinates"": [
    -8.301973779500000e+01,
    4.233948831400010e+01
  ],
  ""type"": ""Point""
}","{
  ""coordinates"": [
    -83.019737795,
    42.339488314
  ],
  ""type"": ""Point""
}",-83.019737795,42.3394883140001
8993,9338092,RAMP 217F,E I 94,2015-08-06,6,8,2015,15,5,5,1,,1,0,,1,1,1,55,1,2,3,5,0,0,0,0,true,,false,false,false,false,false,,,,,,false,false,true,,,false,false,false,false,false,-83.03252,42.3799,"{
  ""coordinates"": [
    -8.303251516499989e+01,
    4.237990345500000e+01
  ],
  ""type"": ""Point""
}","{
  ""coordinates"": [
    -83.032515165,
    42.379903455
  ],
  ""type"": ""Point""
}",-83.0325151649999,42.379903455
8994,9341764,I 94 E/B,FRENCH,2015-08-06,6,8,2015,11,5,8,1,,1,0,,1,1,1,55,3,2,3,4,0,0,0,1,false,,false,false,false,false,false,,,,,,false,false,true,,,false,false,false,false,false,-82.99547,42.39233,"{
  ""coordinates"": [
    -8.299547121099990e+01,
    4.239232781100000e+01
  ],
  ""type"": ""Point""
}","{
  ""coordinates"": [
    -82.995471211,
    42.392327811
  ],
  ""type"": ""Point""
}",-82.9954712109999,42.392327811
8995,9339677,WARREN,ROSEMONT,2015-08-06,6,8,2015,17,5,5,9,,2,0,,1,2,1,35,4,2,3,4,0,0,0,1,false,,false,false,false,false,false,,,,,,false,false,true,,,false,false,false,false,false,-83.2184,42.34335,"{
  ""coordinates"": [
    -8.321840035500000e+01,
    4.234334633600000e+01
  ],
  ""type"": ""Point""
}","{
  ""coordinates"": [
    -83.218400355,
    42.343346336
  ],
  ""type"": ""Point""
}",-83.218400355,42.343346336
8996,9339682,TELEGRAPH,MCNICHOLS,2015-08-06,6,8,2015,16,5,5,2,,1,0,,1,1,1,40,4,2,3,5,0,0,0,0,true,,false,false,false,false,false,,,,,,false,false,false,,,false,false,false,false,false,-83.27695,42.41451,"{
  ""coordinates"": [
    -8.327695764500000e+01,
    4.241450432600000e+01
  ],
  ""type"": ""Point""
}","{
  ""coordinates"": [
    -83.276957645,
    42.414504326
  ],
  ""type"": ""Point""
}",-83.276957645,42.414504326
8997,9408627,JEFFERSON,CHENE,2015-08-06,6,8,2015,12,5,6,9,,4,0,,1,1,1,25,6,2,2,5,0,0,0,0,true,,false,false,false,false,false,,,,,,false,false,false,,,false,false,false,false,false,-83.02257,42.33827,"{
  ""coordinates"": [
    -8.302257008299991e+01,
    4.233827276400010e+01
  ],
  ""type"": ""Point""
}","{
  ""coordinates"": [
    -83.022570083,
    42.338272764
  ],
  ""type"": ""Point""
}",-83.0225700829999,42.3382727640001
8998,9339329,2353 LAWNDALE,VERNOR,2015-08-06,6,8,2015,8,5,6,9,,,0,,1,1,1,25,1,3,1,5,0,0,0,0,true,,false,false,false,false,false,,,,,,false,false,false,,,false,false,false,false,false,-83.13278,42.30927,"{
  ""coordinates"": [
    -8.313278043900000e+01,
    4.230926710900010e+01
  ],
  ""type"": ""Point""
}","{
  ""coordinates"": [
    -83.132780439,
    42.309267109
  ],
  ""type"": ""Point""
}",-83.132780439,42.3092671090001
8999,9339693,SOUTHFIELD SERVICE DRIVE,GRAND RIVER,2015-08-06,6,8,2015,7,5,5,3,,4,0,,1,1,1,35,2,2,3,5,0,0,0,0,true,,false,false,false,false,false,,,,,,false,false,false,,,false,false,false,false,false,-83.21859,42.40082,"{
  ""coordinates"": [
    -8.321858780500000e+01,
    4.240082126400010e+01
  ],
  ""type"": ""Point""
}","{
  ""coordinates"": [
    -83.218587805,
    42.400821264
  ],
  ""type"": ""Point""
}",-83.218587805,42.4008212640001
9000,9343503,MOROSS,E I 94,2015-08-06,6,8,2015,16,5,5,9,,2,0,,1,1,1,35,3,2,1,5,0,0,0,0,true,,false,false,false,false,false,,,,,,false,false,true,,,false,false,false,false,false,-82.92857,42.42471,"{
  ""coordinates"": [
    -8.292857310700001e+01,
    4.242471479400010e+01
  ],
  ""type"": ""Point""
}","{
  ""coordinates"": [
    -82.928573107,
    42.424714794
  ],
  ""type"": ""Point""
}",-82.928573107,42.4247147940001
9001,9338311,CLAIRMOUNT,LA SALLE,2015-08-06,6,8,2015,9,5,4,9,,4,0,,1,1,1,30,4,2,4,5,0,0,0,0,true,,true,true,false,false,false,,,,,,false,false,false,,,false,false,false,false,false,-83.10567,42.37408,"{
  ""coordinates"": [
    -8.310566458499990e+01,
    4.237408509400010e+01
  ],
  ""type"": ""Point""
}","{
  ""coordinates"": [
    -83.105664585,
    42.374085094
  ],
  ""type"": ""Point""
}",-83.1056645849999,42.3740850940001
9002,9338108,I-75,CLAY,2015-08-06,6,8,2015,17,5,5,1,,1,0,,1,1,1,70,4,2,2,5,0,0,0,0,true,,false,false,true,false,false,,,,,,false,false,false,,,false,false,false,false,false,-83.06697,42.38486,"{
  ""coordinates"": [
    -8.306696988499991e+01,
    4.238486260800000e+01
  ],
  ""type"": ""Point""
}","{
  ""coordinates"": [
    -83.066969885,
    42.384862608
  ],
  ""type"": ""Point""
}",-83.0669698849999,42.384862608
9003,9338273,LILLIBRIDGE,EDLIE,2015-08-05,5,8,2015,11,4,1,9,,,1,,1,1,1,25,2,1,1,5,0,0,0,0,true,,false,false,false,false,false,,,,,,false,false,false,,,false,false,false,false,false,-82.97197,42.36462,"{
  ""coordinates"": [
    -8.297196914400000e+01,
    4.236462246300000e+01
  ],
  ""type"": ""Point""
}","{
  ""coordinates"": [
    -82.971969144,
    42.364622463
  ],
  ""type"": ""Point""
}",-82.971969144,42.364622463
9004,9353411,CONNER,SHOEMAKER,2015-08-05,5,8,2015,19,4,9,9,,4,0,,1,1,1,35,4,2,1,5,0,0,0,0,true,,false,false,true,false,false,,,,,,false,false,true,,,false,false,false,false,false,-82.98321,42.39294,"{
  ""coordinates"": [
    -8.298320721399990e+01,
    4.239293623700010e+01
  ],
  ""type"": ""Point""
}","{
  ""coordinates"": [
    -82.983207214,
    42.392936237
  ],
  ""type"": ""Point""
}",-82.9832072139999,42.3929362370001
9005,9338283,LAPPIN,HOOVER,2015-08-05,5,8,2015,16,4,7,3,,,0,,1,1,1,25,2,2,2,5,0,0,0,0,true,,false,false,false,false,false,,,,,,false,false,true,,,false,false,false,false,false,-83.00483,42.43647,"{
  ""coordinates"": [
    -8.300483214000000e+01,
    4.243646571000000e+01
  ],
  ""type"": ""Point""
}","{
  ""coordinates"": [
    -83.00483214,
    42.43646571
  ],
  ""type"": ""Point""
}",-83.00483214,42.43646571
9006,9339346,GREEN,VERNOR,2015-08-05,5,8,2015,15,4,97,9,,,1,,1,1,1,30,5,1,1,5,0,0,0,0,true,,false,false,false,false,false,,,,,,false,false,false,,,false,false,false,false,false,-83.1213,42.31386,"{
  ""coordinates"": [
    -8.312130014800000e+01,
    4.231385639600010e+01
  ],
  ""type"": ""Point""
}","{
  ""coordinates"": [
    -83.121300148,
    42.313856396
  ],
  ""type"": ""Point""
}",-83.121300148,42.3138563960001
9007,9353513,GREENFIELD,WADSWORTH,2015-08-05,5,8,2015,12,4,4,9,,2,0,,1,1,1,35,4,2,1,5,0,0,0,0,true,,true,false,true,false,false,,,,,,false,false,false,,,false,false,false,false,false,-83.19762,42.37474,"{
  ""coordinates"": [
    -8.319761997800001e+01,
    4.237474454700000e+01
  ],
  ""type"": ""Point""
}","{
  ""coordinates"": [
    -83.197619978,
    42.374744547
  ],
  ""type"": ""Point""
}",-83.197619978,42.374744547
9008,9338298,GRATIOT,ROSEMARY,2015-08-05,5,8,2015,20,4,97,3,,1,0,,1,1,4,35,7,2,2,5,0,0,0,0,true,,false,false,false,false,false,,,,,,false,true,true,,,false,false,false,false,false,-82.99567,42.40768,"{
  ""coordinates"": [
    -8.299567284999991e+01,
    4.240767989600000e+01
  ],
  ""type"": ""Point""
}","{
  ""coordinates"": [
    -82.99567285,
    42.407679896
  ],
  ""type"": ""Point""
}",-82.9956728499999,42.407679896
9009,9340393,8 MILE,FENELON,2015-08-05,5,8,2015,12,4,5,3,,1,0,,1,1,1,35,3,2,3,5,0,0,0,0,true,,false,false,false,false,false,,,,,,false,false,false,,,false,false,false,false,false,-83.05413,42.4475,"{
  ""coordinates"": [
    -8.305412676600000e+01,
    4.244750400000000e+01
  ],
  ""type"": ""Point""
}","{
  ""coordinates"": [
    -83.054126766,
    42.447504
  ],
  ""type"": ""Point""
}",-83.054126766,42.447504
9010,9364144,GRAND RIVER,BLACKSTONE,2015-08-05,5,8,2015,12,4,5,3,,1,0,,1,1,1,35,6,2,2,5,0,0,0,0,true,,true,false,false,false,false,,,,,,false,false,true,,,false,false,false,false,false,-83.24987,42.41339,"{
  ""coordinates"": [
    -8.324986941799990e+01,
    4.241338731200010e+01
  ],
  ""type"": ""Point""
}","{
  ""coordinates"": [
    -83.249869418,
    42.413387312
  ],
  ""type"": ""Point""
}",-83.2498694179999,42.4133873120001
9011,9353507,8 MILE,SOUTHFIELD SERVICE DRIVE,2015-08-05,5,8,2015,10,4,4,3,,1,0,,1,1,1,45,4,2,2,4,0,0,0,1,false,,true,true,false,false,false,,,,,,false,false,true,,,false,false,false,false,false,-83.22031,42.44416,"{
  ""coordinates"": [
    -8.322031610600000e+01,
    4.244416149600000e+01
  ],
  ""type"": ""Point""
}","{
  ""coordinates"": [
    -83.220316106,
    42.444161496
  ],
  ""type"": ""Point""
}",-83.220316106,42.444161496
9012,9339689,JEFFERSON,NEWPORT,2015-08-05,5,8,2015,19,4,4,9,,4,0,,1,1,1,35,6,2,2,5,0,0,0,0,true,,false,false,true,false,false,,,,,,false,true,false,,,false,false,false,false,false,-82.94636,42.37205,"{
  ""coordinates"": [
    -8.294635572700000e+01,
    4.237205242100000e+01
  ],
  ""type"": ""Point""
}","{
  ""coordinates"": [
    -82.946355727,
    42.372052421
  ],
  ""type"": ""Point""
}",-82.946355727,42.372052421
9013,9353512,MCNICHOLS,LAMPHERE,2015-08-05,5,8,2015,12,4,5,9,,2,0,,1,1,1,35,4,2,3,5,0,0,0,0,true,,false,false,false,false,false,,,,,,false,false,false,,,false,false,false,false,false,-83.26234,42.41461,"{
  ""coordinates"": [
    -8.326233451199990e+01,
    4.241461079700010e+01
  ],
  ""type"": ""Point""
}","{
  ""coordinates"": [
    -83.262334512,
    42.414610797
  ],
  ""type"": ""Point""
}",-83.2623345119999,42.4146107970001
9014,9338321,WYOMING,OUTER,2015-08-05,5,8,2015,15,4,5,9,,4,0,,1,1,1,30,2,3,3,5,0,0,0,0,true,,false,false,false,false,false,,,,,,false,true,false,,,false,false,false,false,false,-83.1611,42.43491,"{
  ""coordinates"": [
    -8.316109928200000e+01,
    4.243490993100000e+01
  ],
  ""type"": ""Point""
}","{
  ""coordinates"": [
    -83.161099282,
    42.434909931
  ],
  ""type"": ""Point""
}",-83.161099282,42.434909931