ObjectId,Crash ID,Primary Road,Intersecting Road,Crash Date,Day,Month,Year,Hour,Weekday,Crash Type Code,Highway Classification Code,Community Code,Jurisdiction Code,Lane Departure Type Code,Surface Type,Road Condition,Weather Condition,Lighting Condition,Speed Limit,Lanes,Units,Occupants,Most Severe Injury,Fatal Injuries,Suspected Serious Injuries,Suspected Minor Injuries,Possible Injuries,Property Damage Only,Secondary Crash,Traffic Control,Red Light Run,Hit and Run,Alcohol,Drugs,Unbelted Person,Work Zone,Speeding Driver,Distracted Driver,Driveway,Pedestrian,Elderly Driver,Young Driver,Commercial Vehicle,Emergency Vehicles,Train,School Bus,Motorcycle,Bicycle,Deer,Longitude,Latitude,geom,geog,x,y
9130,9336449,VAN DYKE,LYNCH,2015-08-03,3,8,2015,20,2,1,3,,1,0,,1,1,1,35,6,1,3,5,0,0,0,0,true,,false,false,false,false,false,,,,,,false,false,true,,,false,false,false,false,false,-83.02315,42.40499,"{
  ""coordinates"": [
    -8.302315009800000e+01,
    4.240499536300010e+01
  ],
  ""type"": ""Point""
}","{
  ""coordinates"": [
    -83.023150098,
    42.404995363
  ],
  ""type"": ""Point""
}",-83.023150098,42.4049953630001
9131,9335361,I75,7 MILE,2015-08-03,3,8,2015,1,2,8,1,,1,0,,2,4,4,70,3,2,2,5,0,0,0,0,true,,false,false,false,false,false,,,,,,false,false,true,,,false,false,false,false,false,-83.09476,42.4311,"{
  ""coordinates"": [
    -8.309475514099999e+01,
    4.243110417200010e+01
  ],
  ""type"": ""Point""
}","{
  ""coordinates"": [
    -83.094755141,
    42.431104172
  ],
  ""type"": ""Point""
}",-83.094755141,42.4311041720001
9132,9336460,WOODWARD,7 MILE,2015-08-03,3,8,2015,20,2,8,3,,1,0,,1,1,1,45,4,2,1,5,0,0,0,0,true,,false,false,true,false,false,,,,,,false,false,true,,,false,false,false,false,false,-83.11532,42.43263,"{
  ""coordinates"": [
    -8.311531953100000e+01,
    4.243262973400000e+01
  ],
  ""type"": ""Point""
}","{
  ""coordinates"": [
    -83.115319531,
    42.432629734
  ],
  ""type"": ""Point""
}",-83.115319531,42.432629734
9133,9338320,FENKELL,MEYERS,2015-08-03,3,8,2015,22,2,4,9,,2,0,,1,1,4,30,4,2,3,4,0,0,0,2,false,,true,true,false,false,false,,,,,,false,false,false,,,false,false,false,false,false,-83.1694,42.40223,"{
  ""coordinates"": [
    -8.316939325500000e+01,
    4.240222778600000e+01
  ],
  ""type"": ""Point""
}","{
  ""coordinates"": [
    -83.169393255,
    42.402227786
  ],
  ""type"": ""Point""
}",-83.169393255,42.402227786
9134,9340366,RANDOLPH,LARNED,2015-08-03,3,8,2015,17,2,4,3,,1,0,,1,2,1,25,5,2,2,5,0,0,0,0,true,,false,false,false,false,false,,,,,,false,false,false,,,false,false,false,false,false,-83.04264,42.33048,"{
  ""coordinates"": [
    -8.304264195099999e+01,
    4.233047980300010e+01
  ],
  ""type"": ""Point""
}","{
  ""coordinates"": [
    -83.042641951,
    42.330479803
  ],
  ""type"": ""Point""
}",-83.042641951,42.3304798030001
9135,9340356,MT ELLIOTT,FARR,2015-08-03,3,8,2015,19,2,8,9,,4,0,,1,2,1,30,2,2,3,5,0,0,0,0,true,,false,false,false,false,false,,,,,,false,false,true,,,false,false,false,false,false,-83.03796,42.38893,"{
  ""coordinates"": [
    -8.303795834100001e+01,
    4.238892861800010e+01
  ],
  ""type"": ""Point""
}","{
  ""coordinates"": [
    -83.037958341,
    42.388928618
  ],
  ""type"": ""Point""
}",-83.037958341,42.3889286180001
9136,9335692,W.WARREN,RUTHERFORD,2015-08-03,3,8,2015,11,2,5,9,,2,0,,1,1,1,35,2,3,3,3,0,0,2,0,false,,false,false,false,false,false,,,,,,false,false,false,,,false,false,false,false,false,-83.20117,42.3436,"{
  ""coordinates"": [
    -8.320116963100000e+01,
    4.234360096800000e+01
  ],
  ""type"": ""Point""
}","{
  ""coordinates"": [
    -83.201169631,
    42.343600968
  ],
  ""type"": ""Point""
}",-83.201169631,42.343600968
9137,9399243,CRUSE,FENKELL,2015-08-03,3,8,2015,15,2,1,9,,,0,,1,2,1,30,4,2,1,4,0,0,0,1,false,,false,false,true,false,false,,,,,,false,false,false,,,false,false,false,true,false,-83.18341,42.402,"{
  ""coordinates"": [
    -8.318340813200000e+01,
    4.240200333100010e+01
  ],
  ""type"": ""Point""
}","{
  ""coordinates"": [
    -83.183408132,
    42.402003331
  ],
  ""type"": ""Point""
}",-83.183408132,42.4020033310001
9138,9335691,JOY,GREENFIELD,2015-08-03,3,8,2015,9,2,1,9,,2,1,,1,1,1,35,4,1,1,5,0,0,0,0,true,,false,false,false,false,false,,,,,,false,false,false,,,false,false,false,false,false,-83.19885,42.35814,"{
  ""coordinates"": [
    -8.319884937400001e+01,
    4.235813557800000e+01
  ],
  ""type"": ""Point""
}","{
  ""coordinates"": [
    -83.198849374,
    42.358135578
  ],
  ""type"": ""Point""
}",-83.198849374,42.358135578
9139,9335378,S M 10,LINWOOD,2015-08-03,3,8,2015,8,2,5,3,,1,0,,1,1,1,55,3,3,4,4,0,0,0,3,false,,false,false,false,false,false,,,,,,false,false,false,,,false,false,false,false,false,-83.12771,42.40507,"{
  ""coordinates"": [
    -8.312771206100000e+01,
    4.240507157100010e+01
  ],
  ""type"": ""Point""
}","{
  ""coordinates"": [
    -83.127712061,
    42.405071571
  ],
  ""type"": ""Point""
}",-83.127712061,42.4050715710001
9140,9343513,RANDOLPH,JEFFERSON,2015-08-03,3,8,2015,17,2,8,3,,1,0,,1,1,1,25,2,2,2,5,0,0,0,0,true,,false,false,true,false,false,,,,,,false,false,false,,,false,false,false,false,false,-83.04195,42.32967,"{
  ""coordinates"": [
    -8.304195009700000e+01,
    4.232967252700010e+01
  ],
  ""type"": ""Point""
}","{
  ""coordinates"": [
    -83.041950097,
    42.329672527
  ],
  ""type"": ""Point""
}",-83.041950097,42.3296725270001
9141,9335401,I96,M39,2015-08-03,3,8,2015,15,2,5,1,,1,0,,1,1,1,70,3,2,4,5,0,0,0,0,true,,false,false,false,false,false,,,,,,false,false,false,,,false,false,false,false,false,-83.21893,42.37857,"{
  ""coordinates"": [
    -8.321893667599990e+01,
    4.237857416400000e+01
  ],
  ""type"": ""Point""
}","{
  ""coordinates"": [
    -83.218936676,
    42.378574164
  ],
  ""type"": ""Point""
}",-83.2189366759999,42.378574164
9142,9338127,M-39,GRAND RIVER,2015-08-03,3,8,2015,0,2,5,3,,1,0,,2,4,4,55,3,2,1,4,0,0,0,1,false,,false,false,true,false,false,,,,,,false,false,true,,,false,false,false,false,false,-83.21842,42.40435,"{
  ""coordinates"": [
    -8.321842084100000e+01,
    4.240435428400010e+01
  ],
  ""type"": ""Point""
}","{
  ""coordinates"": [
    -83.218420841,
    42.404354284
  ],
  ""type"": ""Point""
}",-83.218420841,42.4043542840001
9143,9353538,ASBURY,TROJAN,2015-08-03,3,8,2015,20,2,5,9,,4,0,,1,1,3,25,2,2,1,5,0,0,0,0,true,,false,false,true,false,false,,,,,,false,false,false,,,false,false,false,false,false,-83.21007,42.44116,"{
  ""coordinates"": [
    -8.321006411199990e+01,
    4.244116398200000e+01
  ],
  ""type"": ""Point""
}","{
  ""coordinates"": [
    -83.210064112,
    42.441163982
  ],
  ""type"": ""Point""
}",-83.2100641119999,42.441163982
9144,9344530,LIVERNOIS,ELMHURST,2015-08-03,3,8,2015,17,2,5,9,,4,0,,1,1,1,35,2,2,2,5,0,0,0,0,true,,false,false,true,false,false,,,,,,false,true,false,,,false,false,false,false,false,-83.13898,42.37617,"{
  ""coordinates"": [
    -8.313898001800000e+01,
    4.237616750100010e+01
  ],
  ""type"": ""Point""
}","{
  ""coordinates"": [
    -83.138980018,
    42.376167501
  ],
  ""type"": ""Point""
}",-83.138980018,42.3761675010001
9145,9339697,WARREN,ST MARYS,2015-08-03,3,8,2015,19,2,2,9,,2,2,,1,1,3,35,4,2,0,5,0,0,0,0,true,,false,false,true,false,false,,,,,,false,false,false,,,false,false,false,false,false,-83.2039,42.34356,"{
  ""coordinates"": [
    -8.320390477500000e+01,
    4.234356468300010e+01
  ],
  ""type"": ""Point""
}","{
  ""coordinates"": [
    -83.203904775,
    42.343564683
  ],
  ""type"": ""Point""
}",-83.203904775,42.3435646830001
9146,9353470,LAHSER,MCNICHOLS,2015-08-03,3,8,2015,15,2,4,9,,2,0,,1,1,1,35,4,2,4,4,0,0,0,2,false,,true,true,false,false,false,,,,,,false,true,false,,,false,false,false,false,false,-83.25747,42.41467,"{
  ""coordinates"": [
    -8.325746544000000e+01,
    4.241466475300010e+01
  ],
  ""type"": ""Point""
}","{
  ""coordinates"": [
    -83.25746544,
    42.414664753
  ],
  ""type"": ""Point""
}",-83.25746544,42.4146647530001
9147,9335701,S I 75,MACK,2015-08-03,3,8,2015,13,2,97,1,,1,0,,1,1,1,30,3,2,2,5,0,0,0,0,true,,false,false,false,false,false,,,,,,false,true,true,,,false,false,false,false,false,-83.04812,42.35113,"{
  ""coordinates"": [
    -8.304811619600000e+01,
    4.235113199800000e+01
  ],
  ""type"": ""Point""
}","{
  ""coordinates"": [
    -83.048116196,
    42.351131998
  ],
  ""type"": ""Point""
}",-83.048116196,42.351131998
9148,9335436,I-94,LONYO,2015-08-03,3,8,2015,1,2,8,1,,1,0,,2,4,5,55,3,3,2,5,0,0,0,0,true,,false,false,false,false,false,,,,,,false,false,false,,,false,false,false,false,false,-83.14024,42.33198,"{
  ""coordinates"": [
    -8.314024723199999e+01,
    4.233198000600000e+01
  ],
  ""type"": ""Point""
}","{
  ""coordinates"": [
    -83.140247232,
    42.331980006
  ],
  ""type"": ""Point""
}",-83.140247232,42.331980006
9149,9335379,M39,PLYMOUTH,2015-08-03,3,8,2015,14,2,5,3,,1,0,,1,1,1,55,3,3,4,4,0,0,0,2,false,,false,false,false,false,false,,,,,,false,false,true,,,false,false,false,false,false,-83.21673,42.37157,"{
  ""coordinates"": [
    -8.321673038300000e+01,
    4.237157201600010e+01
  ],
  ""type"": ""Point""
}","{
  ""coordinates"": [
    -83.216730383,
    42.371572016
  ],
  ""type"": ""Point""
}",-83.216730383,42.3715720160001
9150,9344510,JEFFERSON,WASHINGTON,2015-08-03,3,8,2015,10,2,5,3,,1,0,,1,1,1,0,4,2,2,5,0,0,0,0,true,,false,false,false,false,false,,,,,,false,true,false,,,false,false,false,false,false,-83.04796,42.32711,"{
  ""coordinates"": [
    -8.304795873700000e+01,
    4.232710660600000e+01
  ],
  ""type"": ""Point""
}","{
  ""coordinates"": [
    -83.047958737,
    42.327106606
  ],
  ""type"": ""Point""
}",-83.047958737,42.327106606
9151,9408635,BEAUBIEN,JEFFERSON,2015-08-03,3,8,2015,17,2,5,4,,4,0,,1,1,1,25,2,2,3,5,0,0,0,0,true,,false,false,false,false,false,,,,,,false,false,false,,,false,false,false,false,false,-83.03981,42.33086,"{
  ""coordinates"": [
    -8.303981103800000e+01,
    4.233085531500010e+01
  ],
  ""type"": ""Point""
}","{
  ""coordinates"": [
    -83.039811038,
    42.330855315
  ],
  ""type"": ""Point""
}",-83.039811038,42.3308553150001
9152,9336447,7 MILE,INDIANA,2015-08-03,3,8,2015,14,2,5,9,,2,0,,1,2,1,30,4,2,2,5,0,0,0,0,true,,false,false,false,false,false,,,,,,false,true,false,,,false,false,false,false,false,-83.15867,42.43138,"{
  ""coordinates"": [
    -8.315867056699990e+01,
    4.243137588200010e+01
  ],
  ""type"": ""Point""
}","{
  ""coordinates"": [
    -83.158670567,
    42.431375882
  ],
  ""type"": ""Point""
}",-83.1586705669999,42.4313758820001
9153,9337398,ANTHONY WAYNE,KIRBY,2015-08-03,3,8,2015,16,2,8,9,,4,3,,1,1,1,25,3,2,0,5,0,0,0,0,true,,false,false,true,false,false,,,,,,false,false,false,,,false,false,false,false,false,-83.07285,42.35764,"{
  ""coordinates"": [
    -8.307285623000000e+01,
    4.235763867600010e+01
  ],
  ""type"": ""Point""
}","{
  ""coordinates"": [
    -83.07285623,
    42.357638676
  ],
  ""type"": ""Point""
}",-83.07285623,42.3576386760001
9154,9341793,I-75,SCHAEFER,2015-08-03,3,8,2015,1,2,5,1,,1,0,,2,4,4,70,4,3,2,2,0,1,1,0,false,,false,false,true,false,false,,,,,,false,false,false,,,false,false,false,false,false,-83.15224,42.27906,"{
  ""coordinates"": [
    -8.315224033600001e+01,
    4.227905569500010e+01
  ],
  ""type"": ""Point""
}","{
  ""coordinates"": [
    -83.152240336,
    42.279055695
  ],
  ""type"": ""Point""
}",-83.152240336,42.2790556950001
9155,9337403,TRUMBULL,ALEXANDRINE,2015-08-03,3,8,2015,12,2,4,9,,4,0,,1,1,1,25,4,2,2,5,0,0,0,0,true,,false,false,false,false,false,,,,,,false,false,true,,,false,false,false,false,false,-83.075,42.34562,"{
  ""coordinates"": [
    -8.307500447900000e+01,
    4.234562096900000e+01
  ],
  ""type"": ""Point""
}","{
  ""coordinates"": [
    -83.075004479,
    42.345620969
  ],
  ""type"": ""Point""
}",-83.075004479,42.345620969
9156,9338272,KERCHEVAL,ANDERDON,2015-08-03,3,8,2015,21,2,9,9,,4,2,,1,1,3,25,2,2,0,5,0,0,0,0,true,,false,false,true,false,false,,,,,,false,false,false,,,false,false,false,false,false,-82.96026,42.3741,"{
  ""coordinates"": [
    -8.296025959100000e+01,
    4.237410412600010e+01
  ],
  ""type"": ""Point""
}","{
  ""coordinates"": [
    -82.960259591,
    42.374104126
  ],
  ""type"": ""Point""
}",-82.960259591,42.3741041260001
9157,9335366,W/B I 94,CECIL,2015-08-03,3,8,2015,2,2,1,1,,1,1,,2,4,5,55,3,1,1,5,0,0,0,0,true,,false,false,false,false,false,,,,,,false,false,true,,,false,false,false,false,false,-83.13407,42.33384,"{
  ""coordinates"": [
    -8.313407179300000e+01,
    4.233383981600010e+01
  ],
  ""type"": ""Point""
}","{
  ""coordinates"": [
    -83.134071793,
    42.333839816
  ],
  ""type"": ""Point""
}",-83.134071793,42.3338398160001
9158,9335425,N/B M-39,PLYMOUTH,2015-08-03,3,8,2015,14,2,5,3,,1,0,,1,1,1,55,3,3,3,5,0,0,0,0,true,,false,false,false,false,false,,,,,,false,true,false,,,false,false,false,false,false,-83.21641,42.3679,"{
  ""coordinates"": [
    -8.321641031400000e+01,
    4.236790408700010e+01
  ],
  ""type"": ""Point""
}","{
  ""coordinates"": [
    -83.216410314,
    42.367904087
  ],
  ""type"": ""Point""
}",-83.216410314,42.3679040870001
9159,9336445,VERNOR,GRAND,2015-08-03,3,8,2015,17,2,97,9,,4,0,,1,1,1,35,2,2,2,5,0,0,0,0,true,,false,false,false,false,false,,,,,,false,true,false,,,false,false,false,false,false,-83.08926,42.32285,"{
  ""coordinates"": [
    -8.308925958899989e+01,
    4.232284660400010e+01
  ],
  ""type"": ""Point""
}","{
  ""coordinates"": [
    -83.089259589,
    42.322846604
  ],
  ""type"": ""Point""
}",-83.0892595889999,42.3228466040001
9160,9335424,S/B I 75,CLAY,2015-08-03,3,8,2015,8,2,5,1,,1,0,,1,1,1,55,4,2,3,5,0,0,0,0,true,,false,false,false,false,false,,,,,,false,false,false,,,false,false,false,false,false,-83.06374,42.37958,"{
  ""coordinates"": [
    -8.306373624199991e+01,
    4.237957727800010e+01
  ],
  ""type"": ""Point""
}","{
  ""coordinates"": [
    -83.063736242,
    42.379577278
  ],
  ""type"": ""Point""
}",-83.0637362419999,42.3795772780001
9161,9335352,M39,JOY,2015-08-03,3,8,2015,3,2,5,3,,1,0,,2,4,4,55,3,3,3,5,0,0,0,0,true,,false,false,false,false,false,,,,,,false,false,true,,,false,false,false,false,false,-83.21638,42.35782,"{
  ""coordinates"": [
    -8.321638654500001e+01,
    4.235781816700010e+01
  ],
  ""type"": ""Point""
}","{
  ""coordinates"": [
    -83.216386545,
    42.357818167
  ],
  ""type"": ""Point""
}",-83.216386545,42.3578181670001
9162,9335708,FORD,ARTESTIAN,2015-08-03,3,8,2015,16,2,4,3,,1,0,,1,1,1,50,2,2,2,5,0,0,0,0,true,,false,false,false,false,false,,,,,,false,false,true,,,false,false,false,false,false,-83.22507,42.32894,"{
  ""coordinates"": [
    -8.322506403700000e+01,
    4.232894226000010e+01
  ],
  ""type"": ""Point""
}","{
  ""coordinates"": [
    -83.225064037,
    42.32894226
  ],
  ""type"": ""Point""
}",-83.225064037,42.3289422600001
9163,9335684,WARREN,ASBURY,2015-08-03,3,8,2015,11,2,5,9,,2,0,,1,1,1,30,2,2,2,4,0,0,0,1,false,,false,false,false,false,false,,,,,,false,true,false,,,false,false,false,false,false,-83.20592,42.34353,"{
  ""coordinates"": [
    -8.320592658000000e+01,
    4.234353426400000e+01
  ],
  ""type"": ""Point""
}","{
  ""coordinates"": [
    -83.20592658,
    42.343534264
  ],
  ""type"": ""Point""
}",-83.20592658,42.343534264
9164,9335400,N M 39,W I 96,2015-08-03,3,8,2015,8,2,8,3,,1,0,,1,2,1,35,2,2,2,5,0,0,0,0,true,,false,false,false,false,false,,,,,,false,false,false,,,false,false,false,false,false,-83.21693,42.37883,"{
  ""coordinates"": [
    -8.321692620399990e+01,
    4.237882782200010e+01
  ],
  ""type"": ""Point""
}","{
  ""coordinates"": [
    -83.216926204,
    42.378827822
  ],
  ""type"": ""Point""
}",-83.2169262039999,42.3788278220001
9165,9364135,7 MILE,GREENVIEW,2015-08-03,3,8,2015,17,2,8,9,,2,0,,1,1,1,35,4,2,3,5,0,0,0,0,true,,false,false,false,false,false,,,,,,false,false,true,,,false,false,false,false,false,-83.22552,42.4299,"{
  ""coordinates"": [
    -8.322551861200000e+01,
    4.242989877300000e+01
  ],
  ""type"": ""Point""
}","{
  ""coordinates"": [
    -83.225518612,
    42.429898773
  ],
  ""type"": ""Point""
}",-83.225518612,42.429898773
9166,9371526,CHICAGO,N M 39,2015-08-03,3,8,2015,8,2,5,9,,4,0,,1,1,1,30,3,2,3,4,0,0,0,1,false,,false,false,true,false,false,,,,,,false,false,false,,,false,false,false,false,false,-83.21641,42.36526,"{
  ""coordinates"": [
    -8.321641136900000e+01,
    4.236525830600000e+01
  ],
  ""type"": ""Point""
}","{
  ""coordinates"": [
    -83.216411369,
    42.365258306
  ],
  ""type"": ""Point""
}",-83.216411369,42.365258306
9167,9338130,I 96,OUTER,2015-08-03,3,8,2015,18,2,5,1,,1,0,,1,1,1,70,3,4,5,4,0,0,0,4,false,,false,false,false,false,false,,,,,,false,false,true,,,false,false,false,false,false,-83.26105,42.38578,"{
  ""coordinates"": [
    -8.326105194800000e+01,
    4.238577833900010e+01
  ],
  ""type"": ""Point""
}","{
  ""coordinates"": [
    -83.261051948,
    42.385778339
  ],
  ""type"": ""Point""
}",-83.261051948,42.3857783390001
9168,9344724,TIREMAN,MANFIELDS,2015-08-03,3,8,2015,20,2,5,9,,4,0,,1,1,1,30,4,2,0,5,0,0,0,0,true,,false,false,true,false,false,,,,,,false,false,false,,,false,false,false,false,false,-83.20297,42.3508,"{
  ""coordinates"": [
    -8.320297515899991e+01,
    4.235079459700010e+01
  ],
  ""type"": ""Point""
}","{
  ""coordinates"": [
    -83.202975159,
    42.350794597
  ],
  ""type"": ""Point""
}",-83.2029751589999,42.3507945970001
9169,9335435,I-94,LIVERNOIS,2015-08-03,3,8,2015,1,2,1,1,,1,1,,2,4,4,55,3,1,1,5,0,0,0,0,true,,false,false,false,false,false,,,,,,false,false,false,,,false,false,false,false,false,-83.12066,42.3392,"{
  ""coordinates"": [
    -8.312065507499990e+01,
    4.233919476800000e+01
  ],
  ""type"": ""Point""
}","{
  ""coordinates"": [
    -83.120655075,
    42.339194768
  ],
  ""type"": ""Point""
}",-83.1206550749999,42.339194768
9170,9340395,KERCHEVAL,IROQUOIS,2015-08-03,3,8,2015,16,2,4,9,,4,0,,1,1,1,30,4,2,4,5,0,0,0,0,true,,false,false,false,false,false,,,,,,false,false,false,,,false,false,false,false,false,-82.99572,42.36005,"{
  ""coordinates"": [
    -8.299571856199999e+01,
    4.236004916000010e+01
  ],
  ""type"": ""Point""
}","{
  ""coordinates"": [
    -82.995718562,
    42.36004916
  ],
  ""type"": ""Point""
}",-82.995718562,42.3600491600001
9171,9336463,WEBB,2ND,2015-08-03,3,8,2015,22,2,5,9,,4,0,,1,1,4,25,2,2,1,4,0,0,0,1,false,,false,false,true,false,false,,,,,,false,false,false,,,false,false,false,false,false,-83.09143,42.39158,"{
  ""coordinates"": [
    -8.309143316599990e+01,
    4.239158233000010e+01
  ],
  ""type"": ""Point""
}","{
  ""coordinates"": [
    -83.091433166,
    42.39158233
  ],
  ""type"": ""Point""
}",-83.0914331659999,42.3915823300001
9172,9335368,I 94 E/B,MT ELIOTT,2015-08-03,3,8,2015,4,2,8,1,,1,0,,2,4,5,55,3,2,2,5,0,0,0,0,true,,false,false,false,false,false,,,,,,false,false,true,,,false,false,false,false,false,-83.02741,42.38451,"{
  ""coordinates"": [
    -8.302741429799990e+01,
    4.238451149000010e+01
  ],
  ""type"": ""Point""
}","{
  ""coordinates"": [
    -83.027414298,
    42.38451149
  ],
  ""type"": ""Point""
}",-83.0274142979999,42.3845114900001
9173,9335353,I-94,ROSA PARKS,2015-08-03,3,8,2015,16,2,5,1,,1,0,,1,1,1,55,3,2,2,4,0,0,0,1,false,,false,false,false,false,false,,,,,,false,false,false,,,false,false,false,false,false,-83.08501,42.35452,"{
  ""coordinates"": [
    -8.308501519500000e+01,
    4.235452384800000e+01
  ],
  ""type"": ""Point""
}","{
  ""coordinates"": [
    -83.085015195,
    42.354523848
  ],
  ""type"": ""Point""
}",-83.085015195,42.354523848
9174,9399242,COYLE,LYNDON,2015-08-03,3,8,2015,7,2,4,9,,,0,,1,2,1,25,1,2,0,5,0,0,0,0,true,,false,false,true,false,false,,,,,,false,false,false,,,false,false,false,false,false,-83.19353,42.39468,"{
  ""coordinates"": [
    -8.319352517800000e+01,
    4.239467846800010e+01
  ],
  ""type"": ""Point""
}","{
  ""coordinates"": [
    -83.193525178,
    42.394678468
  ],
  ""type"": ""Point""
}",-83.193525178,42.3946784680001
9175,9335711,CENTRAL,EDWARD,2015-08-03,3,8,2015,2,2,1,9,,4,0,,2,4,5,35,2,1,1,5,0,0,0,0,true,,false,false,false,false,false,,,,,,false,false,false,,,false,false,false,false,false,-83.13322,42.32496,"{
  ""coordinates"": [
    -8.313321488199990e+01,
    4.232495775200000e+01
  ],
  ""type"": ""Point""
}","{
  ""coordinates"": [
    -83.133214882,
    42.324957752
  ],
  ""type"": ""Point""
}",-83.1332148819999,42.324957752
9176,9336353,M-10,WYOMING,2015-08-03,3,8,2015,0,2,1,3,,1,1,,2,4,4,55,3,1,1,5,0,0,0,0,true,,false,false,false,false,false,,,,,,false,false,true,,,false,false,false,false,false,-83.15758,42.40482,"{
  ""coordinates"": [
    -8.315757963300000e+01,
    4.240482405800000e+01
  ],
  ""type"": ""Point""
}","{
  ""coordinates"": [
    -83.157579633,
    42.404824058
  ],
  ""type"": ""Point""
}",-83.157579633,42.404824058
9177,9336468,SEVEN MILE,SHERWOOD,2015-08-03,3,8,2015,17,2,5,9,,4,0,,1,1,1,30,3,2,2,5,0,0,0,0,true,,false,false,false,false,false,,,,,,false,true,false,,,false,false,false,false,false,-83.03407,42.43377,"{
  ""coordinates"": [
    -8.303407621900000e+01,
    4.243376626200010e+01
  ],
  ""type"": ""Point""
}","{
  ""coordinates"": [
    -83.034076219,
    42.433766262
  ],
  ""type"": ""Point""
}",-83.034076219,42.4337662620001
9178,9335445,M 10,PURITAN,2015-08-03,3,8,2015,21,2,1,3,,1,0,,1,1,4,55,3,1,1,5,0,0,0,0,true,,false,false,false,false,false,,,,,,false,false,false,,,false,false,false,false,false,-83.16802,42.41245,"{
  ""coordinates"": [
    -8.316801947200000e+01,
    4.241244705200010e+01
  ],
  ""type"": ""Point""
}","{
  ""coordinates"": [
    -83.168019472,
    42.412447052
  ],
  ""type"": ""Point""
}",-83.168019472,42.4124470520001
9179,9335681,LIVERNOIS,MORSE,2015-08-03,3,8,2015,11,2,4,9,,4,0,,1,1,1,35,7,2,1,5,0,0,0,0,true,,false,false,true,false,false,,,,,,false,false,false,,,false,false,false,false,false,-83.12217,42.33364,"{
  ""coordinates"": [
    -8.312217047199989e+01,
    4.233363654900010e+01
  ],
  ""type"": ""Point""
}","{
  ""coordinates"": [
    -83.122170472,
    42.333636549
  ],
  ""type"": ""Point""
}",-83.1221704719999,42.3336365490001
9180,9337378,GRATIOT,GLENFIELD,2015-08-03,3,8,2015,8,2,5,3,,1,0,,1,1,1,30,7,3,5,5,0,0,0,0,true,,false,false,false,false,false,,,,,,false,false,false,,,false,false,false,false,false,-82.99401,42.41023,"{
  ""coordinates"": [
    -8.299400973000000e+01,
    4.241023161300010e+01
  ],
  ""type"": ""Point""
}","{
  ""coordinates"": [
    -82.99400973,
    42.410231613
  ],
  ""type"": ""Point""
}",-82.99400973,42.4102316130001
9181,9335743,BEACONSFIELD,CASINO,2015-08-03,3,8,2015,20,2,4,9,,,0,,1,1,1,25,4,2,7,4,0,0,0,2,false,,false,false,false,false,false,,,,,,false,false,true,,,false,false,false,false,false,-82.94441,42.4261,"{
  ""coordinates"": [
    -8.294441439799991e+01,
    4.242609707300010e+01
  ],
  ""type"": ""Point""
}","{
  ""coordinates"": [
    -82.944414398,
    42.426097073
  ],
  ""type"": ""Point""
}",-82.9444143979999,42.4260970730001
9182,9335434,I-96,EVERGREEN,2015-08-03,3,8,2015,0,2,1,1,,1,1,,2,4,4,55,3,1,1,5,0,0,0,0,true,,false,false,false,false,false,,,,,,false,false,false,,,false,false,false,false,false,-83.23992,42.38294,"{
  ""coordinates"": [
    -8.323991850300000e+01,
    4.238293790100000e+01
  ],
  ""type"": ""Point""
}","{
  ""coordinates"": [
    -83.239918503,
    42.382937901
  ],
  ""type"": ""Point""
}",-83.239918503,42.382937901
9183,9335399,N M 39,TIREMAN,2015-08-03,3,8,2015,7,2,5,3,,1,0,,1,2,1,55,3,3,3,5,0,0,0,0,true,,false,false,false,false,false,,,,,,false,false,true,,,false,false,false,false,false,-83.21626,42.35049,"{
  ""coordinates"": [
    -8.321625566300000e+01,
    4.235048640000010e+01
  ],
  ""type"": ""Point""
}","{
  ""coordinates"": [
    -83.216255663,
    42.3504864
  ],
  ""type"": ""Point""
}",-83.216255663,42.3504864000001
9184,9338085,M39,CHICAGO,2015-08-03,3,8,2015,2,2,5,3,,1,0,,1,1,4,55,3,2,3,5,0,0,0,0,true,,false,false,true,false,false,,,,,,false,false,false,,,false,false,false,false,false,-83.21638,42.36553,"{
  ""coordinates"": [
    -8.321637822199990e+01,
    4.236553253000010e+01
  ],
  ""type"": ""Point""
}","{
  ""coordinates"": [
    -83.216378222,
    42.36553253
  ],
  ""type"": ""Point""
}",-83.2163782219999,42.3655325300001
9185,9336464,LIVERNOIS,N M 10,2015-08-03,3,8,2015,7,2,5,9,,4,0,,1,1,1,30,2,2,2,5,0,0,0,0,true,,false,false,false,false,false,,,,,,false,false,true,,,false,false,false,false,false,-83.14043,42.40508,"{
  ""coordinates"": [
    -8.314042950200000e+01,
    4.240508384500000e+01
  ],
  ""type"": ""Point""
}","{
  ""coordinates"": [
    -83.140429502,
    42.405083845
  ],
  ""type"": ""Point""
}",-83.140429502,42.405083845
9186,9335351,I75,7 MILE,2015-08-03,3,8,2015,1,2,5,1,,1,0,,2,4,4,70,4,2,2,5,0,0,0,0,true,,false,false,false,false,false,,,,,,false,false,true,,,false,false,false,false,false,-83.09447,42.43111,"{
  ""coordinates"": [
    -8.309447687300000e+01,
    4.243111090400000e+01
  ],
  ""type"": ""Point""
}","{
  ""coordinates"": [
    -83.094476873,
    42.431110904
  ],
  ""type"": ""Point""
}",-83.094476873,42.431110904