ObjectId,Crash ID,Primary Road,Intersecting Road,Crash Date,Day,Month,Year,Hour,Weekday,Crash Type Code,Highway Classification Code,Community Code,Jurisdiction Code,Lane Departure Type Code,Surface Type,Road Condition,Weather Condition,Lighting Condition,Speed Limit,Lanes,Units,Occupants,Most Severe Injury,Fatal Injuries,Suspected Serious Injuries,Suspected Minor Injuries,Possible Injuries,Property Damage Only,Secondary Crash,Traffic Control,Red Light Run,Hit and Run,Alcohol,Drugs,Unbelted Person,Work Zone,Speeding Driver,Distracted Driver,Driveway,Pedestrian,Elderly Driver,Young Driver,Commercial Vehicle,Emergency Vehicles,Train,School Bus,Motorcycle,Bicycle,Deer,Longitude,Latitude,geom,geog,x,y
9187,9335439,I-75,7 MILE,2015-08-03,3,8,2015,4,2,5,1,,1,0,,2,4,4,70,4,2,1,5,0,0,0,0,true,,false,false,true,false,false,,,,,,false,false,false,,,false,false,false,false,false,-83.09451,42.42887,"{
  ""coordinates"": [
    -8.309451109400000e+01,
    4.242886653300010e+01
  ],
  ""type"": ""Point""
}","{
  ""coordinates"": [
    -83.094511094,
    42.428866533
  ],
  ""type"": ""Point""
}",-83.094511094,42.4288665330001
9188,9408632,GRISWOLD,FORT,2015-08-03,3,8,2015,9,2,3,3,,4,0,,1,1,1,30,8,2,4,5,0,0,0,0,true,,false,false,false,false,false,,,,,,false,false,true,,,false,false,false,false,false,-83.04733,42.3306,"{
  ""coordinates"": [
    -8.304732207700000e+01,
    4.233060540100010e+01
  ],
  ""type"": ""Point""
}","{
  ""coordinates"": [
    -83.047322077,
    42.330605401
  ],
  ""type"": ""Point""
}",-83.047322077,42.3306054010001
9189,9335683,MCNICHOLS,N M 39,2015-08-03,3,8,2015,0,2,6,9,,2,0,,2,4,5,0,1,2,2,5,0,0,0,0,true,,true,true,false,false,false,,,,,,false,false,true,,,false,false,false,false,false,-83.21867,42.41555,"{
  ""coordinates"": [
    -8.321866468899999e+01,
    4.241555299300010e+01
  ],
  ""type"": ""Point""
}","{
  ""coordinates"": [
    -83.218664689,
    42.415552993
  ],
  ""type"": ""Point""
}",-83.218664689,42.4155529930001
9190,9336452,NORFOLK,TRACEY,2015-08-03,3,8,2015,20,2,4,9,,,0,,1,1,5,25,2,2,2,5,0,0,0,0,true,,false,false,false,false,false,,,,,,false,false,true,,,false,false,false,false,false,-83.18214,42.44283,"{
  ""coordinates"": [
    -8.318213678300000e+01,
    4.244283084800000e+01
  ],
  ""type"": ""Point""
}","{
  ""coordinates"": [
    -83.182136783,
    42.442830848
  ],
  ""type"": ""Point""
}",-83.182136783,42.442830848
9191,9336466,VASSAR,N M 10,2015-08-03,3,8,2015,11,2,5,9,,4,0,,1,1,1,30,2,2,0,5,0,0,0,0,true,,false,false,true,false,false,,,,,,false,false,false,,,false,false,false,false,false,-83.19036,42.4342,"{
  ""coordinates"": [
    -8.319036176700000e+01,
    4.243419540800010e+01
  ],
  ""type"": ""Point""
}","{
  ""coordinates"": [
    -83.190361767,
    42.434195408
  ],
  ""type"": ""Point""
}",-83.190361767,42.4341954080001
9192,9336442,8 MILE,HAYES,2015-08-02,2,8,2015,2,1,1,3,,1,1,,1,1,4,45,4,1,2,5,0,0,0,0,true,,false,false,false,false,false,,,,,,false,false,false,,,false,false,false,false,false,-82.96604,42.44989,"{
  ""coordinates"": [
    -8.296604431799990e+01,
    4.244988579000010e+01
  ],
  ""type"": ""Point""
}","{
  ""coordinates"": [
    -82.966044318,
    42.44988579
  ],
  ""type"": ""Point""
}",-82.9660443179999,42.4498857900001
9193,9335363,M10,CHICAGO,2015-08-02,2,8,2015,0,1,5,3,,1,0,,1,1,4,55,2,2,3,4,0,0,0,1,false,,false,false,true,false,false,,,,,,false,false,true,,,false,false,false,false,false,-83.09093,42.3803,"{
  ""coordinates"": [
    -8.309092677000000e+01,
    4.238030301300010e+01
  ],
  ""type"": ""Point""
}","{
  ""coordinates"": [
    -83.09092677,
    42.380303013
  ],
  ""type"": ""Point""
}",-83.09092677,42.3803030130001
9194,9343511,GRAND,MT ELLIOTT,2015-08-02,2,8,2015,2,1,97,9,,4,0,,1,1,4,35,4,2,2,5,0,0,0,0,true,,false,false,false,true,false,,,,,,false,false,false,,,false,false,false,false,false,-83.03011,42.37738,"{
  ""coordinates"": [
    -8.303011083599991e+01,
    4.237738243300000e+01
  ],
  ""type"": ""Point""
}","{
  ""coordinates"": [
    -83.030110836,
    42.377382433
  ],
  ""type"": ""Point""
}",-83.0301108359999,42.377382433
9195,9399056,WOODWARD,HOLBROOK,2015-08-02,2,8,2015,15,1,1,3,,1,1,,1,1,1,30,4,1,0,5,0,0,0,0,true,,false,false,true,false,false,,,,,,false,false,false,,,false,false,false,false,false,-83.08058,42.38111,"{
  ""coordinates"": [
    -8.308058404699990e+01,
    4.238111160800000e+01
  ],
  ""type"": ""Point""
}","{
  ""coordinates"": [
    -83.080584047,
    42.381111608
  ],
  ""type"": ""Point""
}",-83.0805840469999,42.381111608
9196,9335433,I-96,GRAND,2015-08-02,2,8,2015,23,1,1,1,,1,1,,2,4,4,55,4,1,1,5,0,0,0,0,true,,false,false,false,false,false,,,,,,false,false,true,,,false,false,false,false,false,-83.10718,42.35462,"{
  ""coordinates"": [
    -8.310718034199989e+01,
    4.235462291300010e+01
  ],
  ""type"": ""Point""
}","{
  ""coordinates"": [
    -83.107180342,
    42.354622913
  ],
  ""type"": ""Point""
}",-83.1071803419999,42.3546229130001
9197,9336461,VASSAR,MEYERS,2015-08-02,2,8,2015,18,1,97,9,,2,0,,1,1,1,30,2,2,0,3,0,0,1,0,false,,false,false,true,false,false,,,,,,true,false,false,,,false,false,false,false,false,-83.17084,42.43471,"{
  ""coordinates"": [
    -8.317083723099999e+01,
    4.243470819900010e+01
  ],
  ""type"": ""Point""
}","{
  ""coordinates"": [
    -83.170837231,
    42.434708199
  ],
  ""type"": ""Point""
}",-83.170837231,42.4347081990001
9198,9335700,ROUGE PARK,SPINOZA,2015-08-02,2,8,2015,20,1,1,9,,2,0,,1,1,1,25,4,1,1,4,0,0,0,1,false,,false,false,false,false,false,,,,,,false,false,false,,,false,false,true,false,false,-83.25661,42.36886,"{
  ""coordinates"": [
    -8.325660731600000e+01,
    4.236886373600000e+01
  ],
  ""type"": ""Point""
}","{
  ""coordinates"": [
    -83.256607316,
    42.368863736
  ],
  ""type"": ""Point""
}",-83.256607316,42.368863736
9199,9336451,WARREN,GILBERT,2015-08-02,2,8,2015,4,1,1,9,,4,0,,1,1,4,30,5,2,2,1,1,0,0,0,false,,false,false,true,true,true,,,,,,true,false,false,,,false,false,false,false,false,-83.13187,42.34473,"{
  ""coordinates"": [
    -8.313186802400000e+01,
    4.234472513900000e+01
  ],
  ""type"": ""Point""
}","{
  ""coordinates"": [
    -83.131868024,
    42.344725139
  ],
  ""type"": ""Point""
}",-83.131868024,42.344725139
9200,9335463,S/B I 75,CANFIELD,2015-08-02,2,8,2015,13,1,5,1,,1,0,,1,1,1,55,5,2,2,5,0,0,0,0,true,,false,false,false,false,false,,,,,,false,true,false,,,false,false,false,false,false,-83.05195,42.3569,"{
  ""coordinates"": [
    -8.305195198300000e+01,
    4.235689678000010e+01
  ],
  ""type"": ""Point""
}","{
  ""coordinates"": [
    -83.051951983,
    42.35689678
  ],
  ""type"": ""Point""
}",-83.051951983,42.3568967800001
9201,9399052,7 MILE,S M 39,2015-08-02,2,8,2015,16,1,5,9,,2,0,,1,1,1,35,3,2,2,5,0,0,0,0,true,,false,false,false,false,false,,,,,,false,false,false,,,false,false,false,false,false,-83.21933,42.43002,"{
  ""coordinates"": [
    -8.321932679699999e+01,
    4.243001680000000e+01
  ],
  ""type"": ""Point""
}","{
  ""coordinates"": [
    -83.219326797,
    42.4300168
  ],
  ""type"": ""Point""
}",-83.219326797,42.4300168
9202,9335740,MEYERS,MCNICHOLS,2015-08-02,2,8,2015,18,1,4,9,,4,0,,1,1,1,30,2,2,2,5,0,0,0,0,true,,true,true,false,false,false,,,,,,false,false,false,,,false,false,false,false,false,-83.17012,42.41666,"{
  ""coordinates"": [
    -8.317012099599999e+01,
    4.241665486000010e+01
  ],
  ""type"": ""Point""
}","{
  ""coordinates"": [
    -83.170120996,
    42.41665486
  ],
  ""type"": ""Point""
}",-83.170120996,42.4166548600001
9203,9335719,WARWICK,KENDALL,2015-08-02,2,8,2015,22,1,5,9,,,0,,1,1,4,25,2,2,3,5,0,0,0,0,true,,false,false,true,false,false,,,,,,false,false,false,,,false,false,false,false,false,-83.2285,42.38885,"{
  ""coordinates"": [
    -8.322850039799989e+01,
    4.238885370900000e+01
  ],
  ""type"": ""Point""
}","{
  ""coordinates"": [
    -83.228500398,
    42.388853709
  ],
  ""type"": ""Point""
}",-83.2285003979999,42.388853709
9204,9335377,N M 10,RAMP 215C,2015-08-02,2,8,2015,3,1,8,3,,1,0,,1,1,4,55,3,2,3,4,0,0,0,1,false,,false,false,false,false,false,,,,,,false,false,false,,,false,false,false,false,false,-83.0744,42.35566,"{
  ""coordinates"": [
    -8.307440088899990e+01,
    4.235565735600010e+01
  ],
  ""type"": ""Point""
}","{
  ""coordinates"": [
    -83.074400889,
    42.355657356
  ],
  ""type"": ""Point""
}",-83.0744008889999,42.3556573560001
9205,9335727,7 MILE,RYAN,2015-08-02,2,8,2015,14,1,5,9,,4,0,,1,1,1,25,4,2,3,5,0,0,0,0,true,,false,false,true,false,false,,,,,,false,false,false,,,false,false,false,false,false,-83.06311,42.43313,"{
  ""coordinates"": [
    -8.306310837200000e+01,
    4.243312796400010e+01
  ],
  ""type"": ""Point""
}","{
  ""coordinates"": [
    -83.063108372,
    42.433127964
  ],
  ""type"": ""Point""
}",-83.063108372,42.4331279640001
9206,9335364,N I 75 CD,RAMP 038A,2015-08-02,2,8,2015,19,1,8,1,,1,0,,1,1,1,70,3,2,4,5,0,0,0,0,true,,false,false,false,false,false,,,,,,false,false,false,,,false,false,false,false,false,-83.07771,42.33217,"{
  ""coordinates"": [
    -8.307770217699991e+01,
    4.233216924600000e+01
  ],
  ""type"": ""Point""
}","{
  ""coordinates"": [
    -83.077702177,
    42.332169246
  ],
  ""type"": ""Point""
}",-83.0777021769999,42.332169246
9207,9335685,BRUSH,N I 75 SERVICE DRIVE,2015-08-02,2,8,2015,23,1,4,9,,4,0,,2,4,4,35,3,2,2,4,0,0,0,1,false,,false,false,true,false,false,,,,,,false,false,false,,,false,false,false,false,false,-83.04843,42.34146,"{
  ""coordinates"": [
    -8.304842817299991e+01,
    4.234145866300000e+01
  ],
  ""type"": ""Point""
}","{
  ""coordinates"": [
    -83.048428173,
    42.341458663
  ],
  ""type"": ""Point""
}",-83.0484281729999,42.341458663
9208,9339687,GRAND,MCGRAW,2015-08-02,2,8,2015,13,1,4,3,,1,0,,1,1,1,30,2,2,2,5,0,0,0,0,true,,true,false,true,false,false,,,,,,false,false,true,,,false,false,false,false,false,-83.10091,42.35337,"{
  ""coordinates"": [
    -8.310091693500000e+01,
    4.235336847100010e+01
  ],
  ""type"": ""Point""
}","{
  ""coordinates"": [
    -83.100916935,
    42.353368471
  ],
  ""type"": ""Point""
}",-83.100916935,42.3533684710001
9209,9400277,EDSEL FORD SERVICE,FISCHER,2015-08-02,2,8,2015,16,1,1,9,,4,1,,1,1,1,25,2,1,1,3,0,0,1,0,false,,false,false,false,false,false,,,,,,false,false,false,,,false,false,false,false,false,-83.01442,42.39071,"{
  ""coordinates"": [
    -8.301441777900000e+01,
    4.239070774500000e+01
  ],
  ""type"": ""Point""
}","{
  ""coordinates"": [
    -83.014417779,
    42.390707745
  ],
  ""type"": ""Point""
}",-83.014417779,42.390707745
9210,9336454,N I 75 SERVICE DRIVE,WARREN,2015-08-02,2,8,2015,23,1,5,9,,4,0,,2,4,5,30,3,2,1,5,0,0,0,0,true,,false,false,true,false,false,,,,,,false,false,false,,,false,false,false,false,false,-83.05379,42.36095,"{
  ""coordinates"": [
    -8.305379817900000e+01,
    4.236095125700010e+01
  ],
  ""type"": ""Point""
}","{
  ""coordinates"": [
    -83.053798179,
    42.360951257
  ],
  ""type"": ""Point""
}",-83.053798179,42.3609512570001
9211,9335362,S M 10,CLAIRMOUNT,2015-08-02,2,8,2015,0,1,5,3,,1,0,,1,1,4,55,3,3,4,5,0,0,0,0,true,,false,false,true,false,false,,,,,,false,false,true,,,false,false,false,false,false,-83.09095,42.38033,"{
  ""coordinates"": [
    -8.309094824100001e+01,
    4.238032550500000e+01
  ],
  ""type"": ""Point""
}","{
  ""coordinates"": [
    -83.090948241,
    42.380325505
  ],
  ""type"": ""Point""
}",-83.090948241,42.380325505
9212,9341145,SCHAEFER,MIDLAND,2015-08-02,2,8,2015,0,1,4,9,,4,0,,1,1,4,35,2,2,4,4,0,0,0,2,false,,false,false,true,false,false,,,,,,false,false,false,,,false,false,false,false,false,-83.17929,42.40572,"{
  ""coordinates"": [
    -8.317928720000000e+01,
    4.240572005700010e+01
  ],
  ""type"": ""Point""
}","{
  ""coordinates"": [
    -83.1792872,
    42.405720057
  ],
  ""type"": ""Point""
}",-83.1792872,42.4057200570001
9213,9335742,JAMES COUZENS,7 MILE,2015-08-02,2,8,2015,12,1,97,3,,4,0,,1,1,1,30,3,2,3,5,0,0,0,0,true,,false,false,true,false,false,,,,,,false,false,false,,,false,false,false,false,false,-83.1874,42.43083,"{
  ""coordinates"": [
    -8.318740083700000e+01,
    4.243083156900010e+01
  ],
  ""type"": ""Point""
}","{
  ""coordinates"": [
    -83.187400837,
    42.430831569
  ],
  ""type"": ""Point""
}",-83.187400837,42.4308315690001
9214,9335365,I 94 E/B,MT ELLIOT,2015-08-02,2,8,2015,23,1,1,1,,1,1,,2,4,5,55,3,1,1,4,0,0,0,1,false,,false,false,false,false,false,,,,,,false,false,false,,,false,false,false,false,false,-83.03372,42.37921,"{
  ""coordinates"": [
    -8.303371887100000e+01,
    4.237921130800000e+01
  ],
  ""type"": ""Point""
}","{
  ""coordinates"": [
    -83.033718871,
    42.379211308
  ],
  ""type"": ""Point""
}",-83.033718871,42.379211308
9215,9335690,KLINGER,REMINGTON,2015-08-02,2,8,2015,20,1,4,9,,,0,,1,1,1,25,2,2,3,4,0,0,0,1,false,,false,false,false,false,false,,,,,,false,false,true,,,false,false,false,false,false,-83.06981,42.44266,"{
  ""coordinates"": [
    -8.306980586700000e+01,
    4.244265897900000e+01
  ],
  ""type"": ""Point""
}","{
  ""coordinates"": [
    -83.069805867,
    42.442658979
  ],
  ""type"": ""Point""
}",-83.069805867,42.442658979
9216,9337374,OUTER,PARK,2015-08-02,2,8,2015,2,1,4,9,,2,0,,1,1,4,35,4,2,3,5,0,0,0,0,true,,false,false,false,false,false,,,,,,false,false,false,,,false,false,false,false,false,-82.98192,42.41104,"{
  ""coordinates"": [
    -8.298191535200000e+01,
    4.241103792500010e+01
  ],
  ""type"": ""Point""
}","{
  ""coordinates"": [
    -82.981915352,
    42.411037925
  ],
  ""type"": ""Point""
}",-82.981915352,42.4110379250001
9217,9353441,7 MILE,BRAILE,2015-08-02,2,8,2015,0,1,4,9,,2,0,,1,1,4,35,5,2,1,5,0,0,0,0,true,,false,false,true,false,false,,,,,,false,false,false,,,false,false,false,false,false,-83.24625,42.42939,"{
  ""coordinates"": [
    -8.324624763500000e+01,
    4.242939203300010e+01
  ],
  ""type"": ""Point""
}","{
  ""coordinates"": [
    -83.246247635,
    42.429392033
  ],
  ""type"": ""Point""
}",-83.246247635,42.4293920330001
9218,9336363,I-75,DEARBORN,2015-08-02,2,8,2015,21,1,1,1,,1,0,,2,4,5,55,4,1,1,5,0,0,0,0,true,,false,false,false,false,false,,,,,,false,false,false,,,false,false,false,false,false,-83.13093,42.2903,"{
  ""coordinates"": [
    -8.313092818099990e+01,
    4.229030097600000e+01
  ],
  ""type"": ""Point""
}","{
  ""coordinates"": [
    -83.130928181,
    42.290300976
  ],
  ""type"": ""Point""
}",-83.1309281809999,42.290300976
9219,9344492,WOODSIDE,TURNER,2015-08-02,2,8,2015,23,1,5,9,,7,0,,97,98,98,35,1,2,0,5,0,0,0,0,true,,false,false,true,false,false,,,,,,false,false,false,,,false,false,false,false,false,-83.13831,42.3665,"{
  ""coordinates"": [
    -8.313830408699990e+01,
    4.236650613700000e+01
  ],
  ""type"": ""Point""
}","{
  ""coordinates"": [
    -83.138304087,
    42.366506137
  ],
  ""type"": ""Point""
}",-83.1383040869999,42.366506137
9220,9338095,I-75,8 MILE,2015-08-02,2,8,2015,1,1,8,1,,1,0,,1,2,4,70,4,2,3,5,0,0,0,0,true,,false,false,true,false,false,,,,,,false,false,true,,,false,false,false,false,false,-83.09467,42.44667,"{
  ""coordinates"": [
    -8.309467548799999e+01,
    4.244666612500000e+01
  ],
  ""type"": ""Point""
}","{
  ""coordinates"": [
    -83.094675488,
    42.446666125
  ],
  ""type"": ""Point""
}",-83.094675488,42.446666125
9221,9396870,MACK,MCCELLAN,2015-08-02,2,8,2015,5,1,4,9,,4,0,,1,1,4,30,4,3,1,3,0,0,1,0,false,,true,true,true,false,false,,,,,,true,false,false,,,false,false,false,false,false,-82.99416,42.37202,"{
  ""coordinates"": [
    -8.299416022799990e+01,
    4.237202125500000e+01
  ],
  ""type"": ""Point""
}","{
  ""coordinates"": [
    -82.994160228,
    42.372021255
  ],
  ""type"": ""Point""
}",-82.9941602279999,42.372021255
9222,9361185,MOROSS,BALFOUR,2015-08-02,2,8,2015,18,1,4,9,,2,0,,1,1,1,35,2,2,2,4,0,0,0,1,false,,false,false,false,false,false,,,,,,false,false,false,,,false,false,false,false,false,-82.93839,42.42875,"{
  ""coordinates"": [
    -8.293838527000000e+01,
    4.242874590200010e+01
  ],
  ""type"": ""Point""
}","{
  ""coordinates"": [
    -82.93838527,
    42.428745902
  ],
  ""type"": ""Point""
}",-82.93838527,42.4287459020001
9223,9335706,FENKELL,SUSSEX,2015-08-02,2,8,2015,23,1,97,9,,2,0,,2,4,5,30,2,2,3,4,0,0,0,1,false,,false,false,false,false,false,,,,,,false,false,false,,,false,false,false,false,false,-83.19505,42.40162,"{
  ""coordinates"": [
    -8.319505492800000e+01,
    4.240162336800010e+01
  ],
  ""type"": ""Point""
}","{
  ""coordinates"": [
    -83.195054928,
    42.401623368
  ],
  ""type"": ""Point""
}",-83.195054928,42.4016233680001
9224,9336450,RANDOLPH,JEFFERSON,2015-08-02,2,8,2015,21,1,97,3,,1,0,,1,2,2,30,2,3,2,4,0,0,0,1,false,,false,false,true,true,false,,,,,,false,false,false,,,false,false,false,false,false,-83.04205,42.33002,"{
  ""coordinates"": [
    -8.304204895899990e+01,
    4.233002551800010e+01
  ],
  ""type"": ""Point""
}","{
  ""coordinates"": [
    -83.042048959,
    42.330025518
  ],
  ""type"": ""Point""
}",-83.0420489589999,42.3300255180001
9225,9335357,SB M-39,SCHOOLCRAFT,2015-08-02,2,8,2015,16,1,8,3,,1,0,,1,1,1,55,3,2,3,4,0,0,0,1,false,,false,false,false,false,false,,,,,,false,false,true,,,false,false,false,false,false,-83.21774,42.38726,"{
  ""coordinates"": [
    -8.321774596499991e+01,
    4.238725908700010e+01
  ],
  ""type"": ""Point""
}","{
  ""coordinates"": [
    -83.217745965,
    42.387259087
  ],
  ""type"": ""Point""
}",-83.2177459649999,42.3872590870001
9226,9337384,MCNICHOLS,S M 39,2015-08-02,2,8,2015,23,1,4,9,,2,0,,2,4,4,30,4,2,2,5,0,0,0,0,true,,false,false,false,false,false,,,,,,false,false,true,,,false,false,false,false,false,-83.21883,42.41555,"{
  ""coordinates"": [
    -8.321883212599990e+01,
    4.241554801400010e+01
  ],
  ""type"": ""Point""
}","{
  ""coordinates"": [
    -83.218832126,
    42.415548014
  ],
  ""type"": ""Point""
}",-83.2188321259999,42.4155480140001
9227,9336446,CONANT,NUAMANN,2015-08-02,2,8,2015,21,1,2,9,,4,2,,1,1,3,35,2,2,3,4,0,0,0,3,false,,false,false,false,false,false,,,,,,false,false,false,,,false,false,false,false,false,-83.06632,42.42264,"{
  ""coordinates"": [
    -8.306632191700000e+01,
    4.242264057700000e+01
  ],
  ""type"": ""Point""
}","{
  ""coordinates"": [
    -83.066321917,
    42.422640577
  ],
  ""type"": ""Point""
}",-83.066321917,42.422640577
9228,9399351,14TH,S I 75 SERVICE DRIVE,2015-08-02,2,8,2015,3,1,97,9,,4,0,,1,1,4,30,4,3,4,5,0,0,0,0,true,,true,false,true,false,false,,,,,,false,false,true,,,false,false,false,false,false,-83.07744,42.33302,"{
  ""coordinates"": [
    -8.307744199800000e+01,
    4.233302480100010e+01
  ],
  ""type"": ""Point""
}","{
  ""coordinates"": [
    -83.077441998,
    42.333024801
  ],
  ""type"": ""Point""
}",-83.077441998,42.3330248010001
9229,9344521,DAVISON,14TH,2015-08-01,1,8,2015,19,7,8,3,,1,0,,1,1,1,35,3,2,2,5,0,0,0,0,true,,false,false,false,false,false,,,,,,false,false,true,,,false,false,false,false,false,-83.1161,42.39521,"{
  ""coordinates"": [
    -8.311610100300000e+01,
    4.239521107800000e+01
  ],
  ""type"": ""Point""
}","{
  ""coordinates"": [
    -83.116101003,
    42.395211078
  ],
  ""type"": ""Point""
}",-83.116101003,42.395211078
9230,9335736,RYAN,ROBINWOOD,2015-08-01,1,8,2015,8,7,1,9,,4,1,,1,1,1,25,2,1,1,5,0,0,0,0,true,,false,false,false,true,false,,,,,,false,false,true,,,false,false,false,false,false,-83.06299,42.43109,"{
  ""coordinates"": [
    -8.306299192400000e+01,
    4.243108782000010e+01
  ],
  ""type"": ""Point""
}","{
  ""coordinates"": [
    -83.062991924,
    42.43108782
  ],
  ""type"": ""Point""
}",-83.062991924,42.4310878200001
9231,9406484,JOY,GREENFIELD,2015-08-01,1,8,2015,13,7,97,9,,4,0,,1,1,1,35,5,2,2,5,0,0,0,0,true,,false,false,true,false,false,,,,,,false,false,false,,,false,false,false,false,false,-83.19697,42.35813,"{
  ""coordinates"": [
    -8.319696908700000e+01,
    4.235812788600000e+01
  ],
  ""type"": ""Point""
}","{
  ""coordinates"": [
    -83.196969087,
    42.358127886
  ],
  ""type"": ""Point""
}",-83.196969087,42.358127886
9232,9335384,M-10,PALLISTER,2015-08-01,1,8,2015,3,7,5,3,,1,0,,1,1,5,55,3,2,1,5,0,0,0,0,true,,false,false,true,false,false,,,,,,false,false,false,,,false,false,false,false,false,-83.08485,42.37147,"{
  ""coordinates"": [
    -8.308484729299990e+01,
    4.237146905300010e+01
  ],
  ""type"": ""Point""
}","{
  ""coordinates"": [
    -83.084847293,
    42.371469053
  ],
  ""type"": ""Point""
}",-83.0848472929999,42.3714690530001
9233,9337380,CHALMERS,7 MILE,2015-08-01,1,8,2015,4,7,1,9,,4,0,,1,1,5,30,2,1,0,5,0,0,0,0,true,,false,false,false,false,false,,,,,,false,false,false,,,false,false,false,false,false,-82.97527,42.43513,"{
  ""coordinates"": [
    -8.297527125499990e+01,
    4.243513133600000e+01
  ],
  ""type"": ""Point""
}","{
  ""coordinates"": [
    -82.975271255,
    42.435131336
  ],
  ""type"": ""Point""
}",-82.9752712549999,42.435131336
9234,9353489,MCNICHOLS,GREYDALE,2015-08-01,1,8,2015,20,7,4,9,,2,0,,1,1,1,35,2,2,2,5,0,0,0,0,true,,false,false,true,false,false,,,,,,false,false,true,,,false,false,false,false,false,-83.25623,42.4146,"{
  ""coordinates"": [
    -8.325623496500000e+01,
    4.241460410200010e+01
  ],
  ""type"": ""Point""
}","{
  ""coordinates"": [
    -83.256234965,
    42.414604102
  ],
  ""type"": ""Point""
}",-83.256234965,42.4146041020001
9235,9335462,N/B M-39,LYNDON,2015-08-01,1,8,2015,15,7,5,3,,1,0,,1,1,1,55,3,2,2,5,0,0,0,0,true,,false,false,false,false,false,,,,,,false,false,true,,,false,false,false,false,false,-83.2178,42.39197,"{
  ""coordinates"": [
    -8.321780217600001e+01,
    4.239196843000010e+01
  ],
  ""type"": ""Point""
}","{
  ""coordinates"": [
    -83.217802176,
    42.39196843
  ],
  ""type"": ""Point""
}",-83.217802176,42.3919684300001
9236,9335673,WASHBURN,CLARITA,2015-08-01,1,8,2015,4,7,4,9,,,0,,1,1,4,25,2,2,2,5,0,0,0,0,true,,true,false,true,false,false,,,,,,false,false,false,,,false,false,false,false,false,-83.16196,42.42957,"{
  ""coordinates"": [
    -8.316196694500000e+01,
    4.242956569300000e+01
  ],
  ""type"": ""Point""
}","{
  ""coordinates"": [
    -83.161966945,
    42.429565693
  ],
  ""type"": ""Point""
}",-83.161966945,42.429565693
9237,9335355,S M 10,E I 94,2015-08-01,1,8,2015,15,7,5,9,,1,0,,1,1,1,55,3,3,4,5,0,0,0,0,true,,false,false,false,false,false,,,,,,false,false,false,,,false,false,false,false,false,-83.04184,42.32965,"{
  ""coordinates"": [
    -8.304183715399989e+01,
    4.232965395700010e+01
  ],
  ""type"": ""Point""
}","{
  ""coordinates"": [
    -83.041837154,
    42.329653957
  ],
  ""type"": ""Point""
}",-83.0418371539999,42.3296539570001
9238,9338125,N M 39,GRAND RIVER,2015-08-01,1,8,2015,13,7,5,3,,1,0,,1,1,1,55,3,5,3,5,0,0,0,0,true,,false,false,true,false,false,,,,,,false,false,true,,,false,false,false,false,false,-83.21819,42.40063,"{
  ""coordinates"": [
    -8.321819519099989e+01,
    4.240063486500000e+01
  ],
  ""type"": ""Point""
}","{
  ""coordinates"": [
    -83.218195191,
    42.400634865
  ],
  ""type"": ""Point""
}",-83.2181951909999,42.400634865
9239,9399049,CASS,BAGLEY,2015-08-01,1,8,2015,15,7,5,9,,4,0,,1,1,1,30,4,2,2,5,0,0,0,0,true,,false,false,false,false,false,,,,,,false,false,true,,,false,false,false,false,false,-83.05379,42.33355,"{
  ""coordinates"": [
    -8.305379106299991e+01,
    4.233355395400010e+01
  ],
  ""type"": ""Point""
}","{
  ""coordinates"": [
    -83.053791063,
    42.333553954
  ],
  ""type"": ""Point""
}",-83.0537910629999,42.3335539540001
9240,9335705,RYAN,8 MILE,2015-08-01,1,8,2015,16,7,97,3,,4,0,,1,1,1,25,4,2,4,5,0,0,0,0,true,,false,false,false,false,false,,,,,,false,false,false,,,false,false,false,false,false,-83.06387,42.44726,"{
  ""coordinates"": [
    -8.306386833999990e+01,
    4.244725682800000e+01
  ],
  ""type"": ""Point""
}","{
  ""coordinates"": [
    -83.06386834,
    42.447256828
  ],
  ""type"": ""Point""
}",-83.0638683399999,42.447256828
9241,9367106,GREENLAWN,CURTIS,2015-08-01,1,8,2015,2,7,1,9,,,0,,1,1,4,30,1,1,2,5,0,0,0,0,true,,false,false,false,false,false,,,,,,false,false,false,,,false,false,false,false,false,-83.15157,42.42428,"{
  ""coordinates"": [
    -8.315156388600001e+01,
    4.242428130300000e+01
  ],
  ""type"": ""Point""
}","{
  ""coordinates"": [
    -83.151563886,
    42.424281303
  ],
  ""type"": ""Point""
}",-83.151563886,42.424281303
9242,9335730,GILCHRIST,PILGRIM,2015-08-01,1,8,2015,12,7,97,9,,,0,,1,1,1,25,2,2,0,5,0,0,0,0,true,,false,false,true,false,false,,,,,,false,false,false,,,false,false,false,false,false,-83.21171,42.40679,"{
  ""coordinates"": [
    -8.321170610199989e+01,
    4.240678892700000e+01
  ],
  ""type"": ""Point""
}","{
  ""coordinates"": [
    -83.211706102,
    42.406788927
  ],
  ""type"": ""Point""
}",-83.2117061019999,42.406788927
9243,9335697,PLYMOUTH,EVERGREEN,2015-08-01,1,8,2015,19,7,5,9,,4,0,,1,1,1,35,4,2,2,5,0,0,0,0,true,,false,false,false,false,false,,,,,,false,false,false,,,false,false,false,false,false,-83.23625,42.37189,"{
  ""coordinates"": [
    -8.323624898700000e+01,
    4.237188885700000e+01
  ],
  ""type"": ""Point""
}","{
  ""coordinates"": [
    -83.236248987,
    42.371888857
  ],
  ""type"": ""Point""
}",-83.236248987,42.371888857