ObjectId,Crash ID,Primary Road,Intersecting Road,Crash Date,Day,Month,Year,Hour,Weekday,Crash Type Code,Highway Classification Code,Community Code,Jurisdiction Code,Lane Departure Type Code,Surface Type,Road Condition,Weather Condition,Lighting Condition,Speed Limit,Lanes,Units,Occupants,Most Severe Injury,Fatal Injuries,Suspected Serious Injuries,Suspected Minor Injuries,Possible Injuries,Property Damage Only,Secondary Crash,Traffic Control,Red Light Run,Hit and Run,Alcohol,Drugs,Unbelted Person,Work Zone,Speeding Driver,Distracted Driver,Driveway,Pedestrian,Elderly Driver,Young Driver,Commercial Vehicle,Emergency Vehicles,Train,School Bus,Motorcycle,Bicycle,Deer,Longitude,Latitude,geom,geog,x,y
9244,9335714,HARPER,MOROSS,2015-08-01,1,8,2015,17,7,8,9,,4,0,,1,1,1,40,3,2,6,5,0,0,0,0,true,,false,false,false,false,false,,,,,,false,false,false,,,false,false,false,false,false,-82.92901,42.42495,"{
  ""coordinates"": [
    -8.292900648400000e+01,
    4.242494774700000e+01
  ],
  ""type"": ""Point""
}","{
  ""coordinates"": [
    -82.929006484,
    42.424947747
  ],
  ""type"": ""Point""
}",-82.929006484,42.424947747
9245,9344503,ADAMS,CLIFFORD,2015-08-01,1,8,2015,19,7,5,9,,4,0,,1,1,1,25,2,2,3,5,0,0,0,0,true,,false,false,false,false,false,,,,,,false,true,true,,,false,false,false,false,false,-83.05376,42.33576,"{
  ""coordinates"": [
    -8.305375890999990e+01,
    4.233576144100000e+01
  ],
  ""type"": ""Point""
}","{
  ""coordinates"": [
    -83.05375891,
    42.335761441
  ],
  ""type"": ""Point""
}",-83.0537589099999,42.335761441
9246,9353498,FENKELL,N M 39,2015-08-01,1,8,2015,13,7,5,9,,2,0,,1,1,1,30,3,2,4,4,0,0,0,1,false,,false,false,false,false,false,,,,,,false,false,true,,,false,false,false,false,false,-83.21824,42.40112,"{
  ""coordinates"": [
    -8.321823520700001e+01,
    4.240112375000010e+01
  ],
  ""type"": ""Point""
}","{
  ""coordinates"": [
    -83.218235207,
    42.40112375
  ],
  ""type"": ""Point""
}",-83.218235207,42.4011237500001
9247,9335374,N M 10,RAMP 107D,2015-08-01,1,8,2015,5,7,8,3,,1,0,,1,1,4,55,3,2,2,5,0,0,0,0,true,,false,false,false,false,false,,,,,,false,false,false,,,false,false,false,false,false,-83.14574,42.40488,"{
  ""coordinates"": [
    -8.314573640299990e+01,
    4.240487643900010e+01
  ],
  ""type"": ""Point""
}","{
  ""coordinates"": [
    -83.145736403,
    42.404876439
  ],
  ""type"": ""Point""
}",-83.1457364029999,42.4048764390001
9248,9335718,GRATIOT,BARLOW,2015-08-01,1,8,2015,6,7,4,3,,1,0,,1,1,2,35,7,2,3,3,0,0,3,0,false,,true,false,false,false,false,,,,,,false,false,true,,,false,false,false,false,false,-82.98869,42.41836,"{
  ""coordinates"": [
    -8.298868814500000e+01,
    4.241835598300000e+01
  ],
  ""type"": ""Point""
}","{
  ""coordinates"": [
    -82.988688145,
    42.418355983
  ],
  ""type"": ""Point""
}",-82.988688145,42.418355983
9249,9335734,SUNSET,OUTER,2015-08-01,1,8,2015,0,7,4,9,,,0,,1,1,5,35,2,2,4,4,0,0,0,1,false,,false,false,false,false,false,,,,,,false,false,true,,,false,false,false,false,false,-83.06136,42.44034,"{
  ""coordinates"": [
    -8.306135276799991e+01,
    4.244034111100010e+01
  ],
  ""type"": ""Point""
}","{
  ""coordinates"": [
    -83.061352768,
    42.440341111
  ],
  ""type"": ""Point""
}",-83.0613527679999,42.4403411110001
9250,9343490,MARTIN LURTHER KING,ROSA PARKS,2015-08-01,1,8,2015,11,7,4,9,,4,0,,1,1,1,25,2,2,4,4,0,0,0,1,false,,false,false,false,false,false,,,,,,false,true,false,,,false,false,false,false,false,-83.07712,42.34035,"{
  ""coordinates"": [
    -8.307711993200000e+01,
    4.234035406200010e+01
  ],
  ""type"": ""Point""
}","{
  ""coordinates"": [
    -83.077119932,
    42.340354062
  ],
  ""type"": ""Point""
}",-83.077119932,42.3403540620001
9251,9335373,S M 10,LINWOOD,2015-08-01,1,8,2015,2,7,5,3,,1,0,,1,1,4,55,3,2,3,5,0,0,0,0,true,,false,false,false,false,false,,,,,,false,false,false,,,false,false,false,false,false,-83.12753,42.40508,"{
  ""coordinates"": [
    -8.312753523899990e+01,
    4.240507531100010e+01
  ],
  ""type"": ""Point""
}","{
  ""coordinates"": [
    -83.127535239,
    42.405075311
  ],
  ""type"": ""Point""
}",-83.1275352389999,42.4050753110001
9252,9371661,ROSELAWN,CURTIS,2015-08-01,1,8,2015,11,7,97,9,,,0,,1,1,1,15,1,2,2,5,0,0,0,0,true,,false,false,false,false,false,,,,,,false,true,false,,,false,false,false,false,false,-83.15278,42.42424,"{
  ""coordinates"": [
    -8.315277667600000e+01,
    4.242423818100010e+01
  ],
  ""type"": ""Point""
}","{
  ""coordinates"": [
    -83.152776676,
    42.424238181
  ],
  ""type"": ""Point""
}",-83.152776676,42.4242381810001
9253,9335716,DICKERSON,WILSHIRE,2015-08-01,1,8,2015,23,7,4,9,,4,0,,1,1,4,30,2,3,2,3,0,0,2,0,false,,false,false,false,false,false,,,,,,false,true,false,,,false,false,false,false,false,-82.97814,42.41026,"{
  ""coordinates"": [
    -8.297813992899999e+01,
    4.241025458100010e+01
  ],
  ""type"": ""Point""
}","{
  ""coordinates"": [
    -82.978139929,
    42.410254581
  ],
  ""type"": ""Point""
}",-82.978139929,42.4102545810001
9254,9335423,N M 39,LYNDON,2015-08-01,1,8,2015,16,7,5,3,,1,0,,1,1,1,55,3,2,2,3,0,0,1,0,false,,false,false,false,false,false,,,,,,false,true,false,,,false,false,false,false,false,-83.21791,42.39417,"{
  ""coordinates"": [
    -8.321791087900000e+01,
    4.239416949600010e+01
  ],
  ""type"": ""Point""
}","{
  ""coordinates"": [
    -83.217910879,
    42.394169496
  ],
  ""type"": ""Point""
}",-83.217910879,42.3941694960001
9255,9335712,ELSMERE,MASON,2015-08-01,1,8,2015,5,7,97,9,,,0,,1,1,3,35,2,2,0,5,0,0,0,0,true,,false,false,true,false,false,,,,,,false,false,false,,,false,false,false,false,false,-83.13414,42.30468,"{
  ""coordinates"": [
    -8.313413665600000e+01,
    4.230468071500010e+01
  ],
  ""type"": ""Point""
}","{
  ""coordinates"": [
    -83.134136656,
    42.304680715
  ],
  ""type"": ""Point""
}",-83.134136656,42.3046807150001
9256,9335698,8 MILE,JOHN R,2015-08-01,1,8,2015,15,7,8,3,,1,0,,1,1,1,40,4,2,2,5,0,0,0,0,true,,false,false,false,false,false,,,,,,false,false,false,,,false,false,false,false,false,-83.10278,42.44698,"{
  ""coordinates"": [
    -8.310278676199989e+01,
    4.244698358000010e+01
  ],
  ""type"": ""Point""
}","{
  ""coordinates"": [
    -83.102786762,
    42.44698358
  ],
  ""type"": ""Point""
}",-83.1027867619999,42.4469835800001
9257,9335710,W I 94,N M 10,2015-08-01,1,8,2015,16,7,5,1,,1,0,,1,1,1,0,3,2,2,5,0,0,0,0,true,,false,false,false,false,false,,,,,,false,false,false,,,false,false,false,false,false,-83.07619,42.35955,"{
  ""coordinates"": [
    -8.307618833600000e+01,
    4.235954695900010e+01
  ],
  ""type"": ""Point""
}","{
  ""coordinates"": [
    -83.076188336,
    42.359546959
  ],
  ""type"": ""Point""
}",-83.076188336,42.3595469590001
9258,9399085,MARLOWE,ELMIRA,2015-08-01,1,8,2015,22,7,8,9,,,0,,1,2,4,25,1,2,1,5,0,0,0,0,true,,false,false,false,false,false,,,,,,false,true,false,,,false,false,false,false,false,-83.1888,42.37178,"{
  ""coordinates"": [
    -8.318879963700000e+01,
    4.237177551700010e+01
  ],
  ""type"": ""Point""
}","{
  ""coordinates"": [
    -83.188799637,
    42.371775517
  ],
  ""type"": ""Point""
}",-83.188799637,42.3717755170001
9259,9337356,I-96,WARREN,2015-08-01,1,8,2015,0,7,8,1,,1,0,,1,1,1,55,4,2,5,4,0,0,0,1,false,,false,false,true,false,false,,,,,,false,false,false,,,false,false,false,false,false,-83.09742,42.34735,"{
  ""coordinates"": [
    -8.309741597100000e+01,
    4.234735136000010e+01
  ],
  ""type"": ""Point""
}","{
  ""coordinates"": [
    -83.097415971,
    42.34735136
  ],
  ""type"": ""Point""
}",-83.097415971,42.3473513600001
9260,9366051,JEFFERSON,MANISTIQUE,2015-08-01,1,8,2015,22,7,9,9,,4,0,,1,1,5,35,2,2,3,4,0,0,0,1,false,,false,false,false,false,false,,,,,,false,false,true,,,false,false,false,false,false,-82.94131,42.37412,"{
  ""coordinates"": [
    -8.294131816600000e+01,
    4.237412130400000e+01
  ],
  ""type"": ""Point""
}","{
  ""coordinates"": [
    -82.941318166,
    42.374121304
  ],
  ""type"": ""Point""
}",-82.941318166,42.374121304
9261,9337402,HARPER,JOHN R,2015-08-01,1,8,2015,12,7,4,9,,,0,,1,1,1,25,1,2,2,5,0,0,0,0,true,,true,false,true,false,false,,,,,,false,true,true,,,false,false,false,false,false,-83.06808,42.36595,"{
  ""coordinates"": [
    -8.306808023199990e+01,
    4.236594952900000e+01
  ],
  ""type"": ""Point""
}","{
  ""coordinates"": [
    -83.068080232,
    42.365949529
  ],
  ""type"": ""Point""
}",-83.0680802319999,42.365949529
9262,9335696,CONNER CREEK,CANFIELD,2015-08-01,1,8,2015,16,7,3,9,,4,0,,1,1,1,35,6,2,2,5,0,0,0,0,true,,false,false,false,false,false,,,,,,false,false,true,,,false,false,false,false,false,-82.9708,42.38712,"{
  ""coordinates"": [
    -8.297080282199990e+01,
    4.238711534300010e+01
  ],
  ""type"": ""Point""
}","{
  ""coordinates"": [
    -82.970802822,
    42.387115343
  ],
  ""type"": ""Point""
}",-82.9708028219999,42.3871153430001
9263,9335703,JEFFERSON,RANDOLPH,2015-08-01,1,8,2015,23,7,7,4,,1,0,,1,1,4,35,3,2,4,4,0,0,0,1,false,,false,false,false,false,false,,,,,,false,false,false,,,false,false,false,false,false,-83.04196,42.32996,"{
  ""coordinates"": [
    -8.304195912800000e+01,
    4.232996453300010e+01
  ],
  ""type"": ""Point""
}","{
  ""coordinates"": [
    -83.041959128,
    42.329964533
  ],
  ""type"": ""Point""
}",-83.041959128,42.3299645330001
9264,9345565,EPWORTH,MILFORD,2015-08-01,1,8,2015,3,7,5,9,,4,0,,1,1,4,30,4,2,2,5,0,0,0,0,true,,false,false,true,false,false,,,,,,false,false,true,,,false,false,false,false,false,-83.12673,42.34771,"{
  ""coordinates"": [
    -8.312673146600000e+01,
    4.234770532100000e+01
  ],
  ""type"": ""Point""
}","{
  ""coordinates"": [
    -83.126731466,
    42.347705321
  ],
  ""type"": ""Point""
}",-83.126731466,42.347705321
9265,9337385,WARD,LYNDON,2015-08-01,1,8,2015,4,7,97,9,,,0,,1,1,4,30,2,2,1,5,0,0,0,0,true,,false,false,false,false,false,,,,,,false,false,false,,,false,false,false,false,false,-83.20963,42.39378,"{
  ""coordinates"": [
    -8.320962357400001e+01,
    4.239378331800000e+01
  ],
  ""type"": ""Point""
}","{
  ""coordinates"": [
    -83.209623574,
    42.393783318
  ],
  ""type"": ""Point""
}",-83.209623574,42.393783318
9266,9335671,GRATIOT,CHENE,2015-08-01,1,8,2015,3,7,8,3,,1,0,,1,1,4,35,6,2,3,5,0,0,0,0,true,,false,false,true,false,false,,,,,,false,false,true,,,false,false,false,false,false,-83.03204,42.35249,"{
  ""coordinates"": [
    -8.303203766800000e+01,
    4.235249347200000e+01
  ],
  ""type"": ""Point""
}","{
  ""coordinates"": [
    -83.032037668,
    42.352493472
  ],
  ""type"": ""Point""
}",-83.032037668,42.352493472
9267,9335680,INGLIS,PITT,2015-08-01,1,8,2015,0,7,8,9,,,0,,1,1,5,25,2,2,1,5,0,0,0,0,true,,false,false,true,false,false,,,,,,false,false,false,,,false,false,false,false,false,-83.12995,42.31307,"{
  ""coordinates"": [
    -8.312995217500000e+01,
    4.231306949500000e+01
  ],
  ""type"": ""Point""
}","{
  ""coordinates"": [
    -83.129952175,
    42.313069495
  ],
  ""type"": ""Point""
}",-83.129952175,42.313069495
9268,9335717,WHITEHILL,YORKSHIRE,2015-08-01,1,8,2015,2,7,8,9,,,0,,1,1,5,25,2,3,1,4,0,0,0,1,false,,false,false,true,false,false,,,,,,false,false,true,,,false,false,false,false,false,-82.95676,42.42069,"{
  ""coordinates"": [
    -8.295675455100000e+01,
    4.242069388100000e+01
  ],
  ""type"": ""Point""
}","{
  ""coordinates"": [
    -82.956754551,
    42.420693881
  ],
  ""type"": ""Point""
}",-82.956754551,42.420693881
9269,9337349,HAYES,CEDARGROVE,2015-08-01,1,8,2015,19,7,7,9,,4,0,,1,1,1,35,4,2,2,5,0,0,0,0,true,,false,false,true,false,false,,,,,,false,false,false,,,false,false,false,false,false,-82.9652,42.42572,"{
  ""coordinates"": [
    -8.296520399600000e+01,
    4.242572134800000e+01
  ],
  ""type"": ""Point""
}","{
  ""coordinates"": [
    -82.965203996,
    42.425721348
  ],
  ""type"": ""Point""
}",-82.965203996,42.425721348
9270,9335693,WARREN,ST JEAN,2015-08-01,1,8,2015,13,7,9,9,,4,2,,1,1,1,35,3,2,1,5,0,0,0,0,true,,false,false,false,false,false,,,,,,false,false,false,,,false,false,false,false,false,-82.98485,42.3869,"{
  ""coordinates"": [
    -8.298484641000000e+01,
    4.238690266700010e+01
  ],
  ""type"": ""Point""
}","{
  ""coordinates"": [
    -82.98484641,
    42.386902667
  ],
  ""type"": ""Point""
}",-82.98484641,42.3869026670001
9271,9335676,GREENFIELD,ORANGELAWN,2015-08-01,1,8,2015,21,7,4,9,,2,0,,1,1,4,35,4,2,2,5,0,0,0,0,true,,false,false,true,false,false,,,,,,false,false,false,,,false,false,false,false,false,-83.19736,42.36783,"{
  ""coordinates"": [
    -8.319735524799999e+01,
    4.236783226300000e+01
  ],
  ""type"": ""Point""
}","{
  ""coordinates"": [
    -83.197355248,
    42.367832263
  ],
  ""type"": ""Point""
}",-83.197355248,42.367832263
9272,9333535,COLLINGWOOD,MARTINDALE,2015-08-01,1,8,2015,0,7,1,9,,,1,,1,1,5,25,2,1,1,5,0,0,0,0,true,,false,false,false,false,false,,,,,,false,false,false,,,false,false,false,false,false,-83.1293,42.3744,"{
  ""coordinates"": [
    -8.312929765900000e+01,
    4.237440196700000e+01
  ],
  ""type"": ""Point""
}","{
  ""coordinates"": [
    -83.129297659,
    42.374401967
  ],
  ""type"": ""Point""
}",-83.129297659,42.374401967
9273,9340406,LIBERAL,REGENT,2015-08-01,1,8,2015,20,7,5,9,,,0,,1,1,1,25,1,2,0,5,0,0,0,0,true,,false,false,true,false,false,,,,,,false,false,false,,,false,false,false,false,false,-82.9756,42.43975,"{
  ""coordinates"": [
    -8.297559853500000e+01,
    4.243975131800000e+01
  ],
  ""type"": ""Point""
}","{
  ""coordinates"": [
    -82.975598535,
    42.439751318
  ],
  ""type"": ""Point""
}",-82.975598535,42.439751318
9274,9344728,CURTIS,APPOLINE,2015-08-01,1,8,2015,20,7,4,9,,4,0,,1,1,4,30,1,2,5,4,0,0,0,4,false,,false,false,false,false,false,,,,,,false,false,false,,,false,false,false,false,false,-83.17154,42.42398,"{
  ""coordinates"": [
    -8.317154282900000e+01,
    4.242397645800000e+01
  ],
  ""type"": ""Point""
}","{
  ""coordinates"": [
    -83.171542829,
    42.423976458
  ],
  ""type"": ""Point""
}",-83.171542829,42.423976458
9275,9335739,CHRYSLER,8 MILE,2015-08-01,1,8,2015,14,7,4,1,,1,0,,1,1,1,35,2,2,2,5,0,0,0,0,true,,true,true,false,false,false,,,,,,false,false,false,,,false,false,false,false,false,-83.09469,42.4468,"{
  ""coordinates"": [
    -8.309468554999999e+01,
    4.244680019200010e+01
  ],
  ""type"": ""Point""
}","{
  ""coordinates"": [
    -83.09468555,
    42.446800192
  ],
  ""type"": ""Point""
}",-83.09468555,42.4468001920001
9276,9344514,LINWOOD,GRAND RIVER,2015-08-01,1,8,2015,14,7,5,3,,4,0,,1,1,1,25,2,2,4,5,0,0,0,0,true,,false,false,false,false,false,,,,,,false,false,false,,,false,false,false,false,false,-83.09273,42.3501,"{
  ""coordinates"": [
    -8.309272403400000e+01,
    4.235010201500010e+01
  ],
  ""type"": ""Point""
}","{
  ""coordinates"": [
    -83.092724034,
    42.350102015
  ],
  ""type"": ""Point""
}",-83.092724034,42.3501020150001
9277,9335682,8 MILE,TELEGRAPH,2015-08-01,1,8,2015,17,7,5,3,,1,0,,1,1,1,40,4,2,2,5,0,0,0,0,true,,false,false,false,false,false,,,,,,false,false,true,,,false,false,false,false,false,-83.27829,42.44274,"{
  ""coordinates"": [
    -8.327829317399990e+01,
    4.244273789300010e+01
  ],
  ""type"": ""Point""
}","{
  ""coordinates"": [
    -83.278293174,
    42.442737893
  ],
  ""type"": ""Point""
}",-83.2782931739999,42.4427378930001
9278,9335694,DAVISION,VAN DYKE,2015-08-01,1,8,2015,17,7,5,3,,4,0,,1,1,1,30,2,2,4,5,0,0,0,0,true,,false,false,true,false,false,,,,,,false,false,false,,,false,false,false,false,false,-83.02392,42.4236,"{
  ""coordinates"": [
    -8.302391645700000e+01,
    4.242360046600000e+01
  ],
  ""type"": ""Point""
}","{
  ""coordinates"": [
    -83.023916457,
    42.423600466
  ],
  ""type"": ""Point""
}",-83.023916457,42.423600466
9279,9335732,TACOMA,GRATIOT,2015-08-01,1,8,2015,6,7,97,3,,,0,,1,1,1,0,1,2,0,4,0,0,0,1,false,,false,false,true,false,false,,,,,,true,false,false,,,false,false,false,false,false,-82.97353,42.44168,"{
  ""coordinates"": [
    -8.297352587599990e+01,
    4.244167756600010e+01
  ],
  ""type"": ""Point""
}","{
  ""coordinates"": [
    -82.973525876,
    42.441677566
  ],
  ""type"": ""Point""
}",-82.9735258759999,42.4416775660001
9280,9335735,VAN DYKE,OUTER,2015-08-01,1,8,2015,16,7,8,3,,1,0,,1,1,1,35,5,2,3,3,0,0,1,0,false,,false,false,false,false,false,,,,,,false,false,false,,,false,false,true,false,false,-83.02457,42.4432,"{
  ""coordinates"": [
    -8.302456726500000e+01,
    4.244319560900000e+01
  ],
  ""type"": ""Point""
}","{
  ""coordinates"": [
    -83.024567265,
    42.443195609
  ],
  ""type"": ""Point""
}",-83.024567265,42.443195609
9281,9337355,GRATIOT,CHENE,2015-08-01,1,8,2015,0,7,5,3,,1,0,,1,1,4,40,6,2,2,5,0,0,0,0,true,,false,false,false,false,false,,,,,,false,false,false,,,false,false,false,false,false,-83.03196,42.35261,"{
  ""coordinates"": [
    -8.303196135800000e+01,
    4.235260612800000e+01
  ],
  ""type"": ""Point""
}","{
  ""coordinates"": [
    -83.031961358,
    42.352606128
  ],
  ""type"": ""Point""
}",-83.031961358,42.352606128
9282,9335430,N M 10,LIVERNOIS,2015-08-01,1,8,2015,2,7,5,3,,1,0,,1,1,4,55,3,2,3,5,0,0,0,0,true,,false,false,true,false,false,,,,,,false,false,false,,,false,false,false,false,false,-83.13995,42.40496,"{
  ""coordinates"": [
    -8.313995687100000e+01,
    4.240495589700000e+01
  ],
  ""type"": ""Point""
}","{
  ""coordinates"": [
    -83.139956871,
    42.404955897
  ],
  ""type"": ""Point""
}",-83.139956871,42.404955897
9283,9338262,BLISS,TERRELL,2015-08-01,1,8,2015,20,7,1,9,,,0,,1,1,1,25,1,2,4,4,0,0,0,1,false,,false,false,false,false,false,,,,,,true,false,false,,,false,false,false,false,false,-83.02181,42.43721,"{
  ""coordinates"": [
    -8.302181482600000e+01,
    4.243721438500010e+01
  ],
  ""type"": ""Point""
}","{
  ""coordinates"": [
    -83.021814826,
    42.437214385
  ],
  ""type"": ""Point""
}",-83.021814826,42.4372143850001
9284,9374489,GRATIOT,W I 94,2015-08-01,1,8,2015,22,7,4,3,,1,0,,1,1,4,35,2,2,2,5,0,0,0,0,true,,true,true,true,false,false,,,,,,false,false,false,,,false,false,false,false,false,-83.00629,42.39151,"{
  ""coordinates"": [
    -8.300628552200000e+01,
    4.239151002500010e+01
  ],
  ""type"": ""Point""
}","{
  ""coordinates"": [
    -83.006285522,
    42.391510025
  ],
  ""type"": ""Point""
}",-83.006285522,42.3915100250001
9285,9335689,SCOTTEN,PORTER,2015-08-01,1,8,2015,15,7,97,9,,4,0,,1,1,1,25,2,1,0,5,0,0,0,0,true,,false,false,true,false,false,,,,,,false,false,false,,,false,false,false,false,false,-83.09144,42.31746,"{
  ""coordinates"": [
    -8.309143656299990e+01,
    4.231746326200000e+01
  ],
  ""type"": ""Point""
}","{
  ""coordinates"": [
    -83.091436563,
    42.317463262
  ],
  ""type"": ""Point""
}",-83.0914365629999,42.317463262
9286,9404405,N M 10,JEFFERSON,2015-07-31,31,7,2015,18,6,5,3,,1,0,,1,1,1,30,3,2,2,5,0,0,0,0,true,,false,false,true,false,false,,,,,,false,false,false,,,false,false,false,false,false,-83.04554,42.32833,"{
  ""coordinates"": [
    -8.304553933400000e+01,
    4.232833218400000e+01
  ],
  ""type"": ""Point""
}","{
  ""coordinates"": [
    -83.045539334,
    42.328332184
  ],
  ""type"": ""Point""
}",-83.045539334,42.328332184
9287,9333593,WARD,JOY,2015-07-31,31,7,2015,12,6,1,9,,,0,,1,1,1,25,2,1,3,5,0,0,0,0,true,,false,false,false,false,false,,,,,,false,true,false,,,false,false,false,false,false,-83.17261,42.35836,"{
  ""coordinates"": [
    -8.317260719200000e+01,
    4.235836475500000e+01
  ],
  ""type"": ""Point""
}","{
  ""coordinates"": [
    -83.172607192,
    42.358364755
  ],
  ""type"": ""Point""
}",-83.172607192,42.358364755
9288,9338307,LIVERNOIS,GRAND RIVER,2015-07-31,31,7,2015,12,6,5,3,,4,0,,1,1,1,35,7,2,2,5,0,0,0,0,true,,false,false,false,false,false,,,,,,false,true,false,,,false,false,false,false,false,-83.13879,42.36872,"{
  ""coordinates"": [
    -8.313878734300000e+01,
    4.236872216100010e+01
  ],
  ""type"": ""Point""
}","{
  ""coordinates"": [
    -83.138787343,
    42.368722161
  ],
  ""type"": ""Point""
}",-83.138787343,42.3687221610001
9289,9335702,VERNOR,CADILLAC,2015-07-31,31,7,2015,23,6,4,9,,4,0,,1,1,4,30,3,2,2,5,0,0,0,0,true,,false,false,false,false,false,,,,,,false,false,false,,,false,false,false,false,false,-82.98609,42.3669,"{
  ""coordinates"": [
    -8.298609540599990e+01,
    4.236690153200000e+01
  ],
  ""type"": ""Point""
}","{
  ""coordinates"": [
    -82.986095406,
    42.366901532
  ],
  ""type"": ""Point""
}",-82.9860954059999,42.366901532
9290,9341036,N I 75,NORFOLK SOUTHERN RAILWAY,2015-07-31,31,7,2015,9,6,8,1,,1,0,,1,1,1,55,3,2,1,5,0,0,0,0,true,,false,false,true,false,false,,,,,,false,false,false,,,false,false,false,false,false,-83.12586,42.29606,"{
  ""coordinates"": [
    -8.312586389800001e+01,
    4.229605870900010e+01
  ],
  ""type"": ""Point""
}","{
  ""coordinates"": [
    -83.125863898,
    42.296058709
  ],
  ""type"": ""Point""
}",-83.125863898,42.2960587090001
9291,9344490,GRAND RIVER,QUINCY,2015-07-31,31,7,2015,15,6,97,3,,1,0,,1,1,1,35,2,2,1,5,0,0,0,0,true,,false,false,true,false,false,,,,,,false,false,false,,,false,false,false,false,false,-83.12126,42.36158,"{
  ""coordinates"": [
    -8.312125790300000e+01,
    4.236158063000000e+01
  ],
  ""type"": ""Point""
}","{
  ""coordinates"": [
    -83.121257903,
    42.36158063
  ],
  ""type"": ""Point""
}",-83.121257903,42.36158063
9292,9339318,ROSA PARKS,MAGNOLIA,2015-07-31,31,7,2015,14,6,4,9,,4,0,,1,1,1,30,5,2,2,4,0,0,0,1,false,,true,false,false,false,false,,,,,,false,false,false,,,false,false,false,false,false,-83.07789,42.34175,"{
  ""coordinates"": [
    -8.307788950400000e+01,
    4.234174548500000e+01
  ],
  ""type"": ""Point""
}","{
  ""coordinates"": [
    -83.077889504,
    42.341745485
  ],
  ""type"": ""Point""
}",-83.077889504,42.341745485
9293,9333598,LAFAYETTE,BEAUBIEN,2015-07-31,31,7,2015,12,6,1,9,,4,0,,1,1,1,25,2,3,1,4,0,0,0,2,false,,false,false,false,false,false,,,,,,true,false,true,,,false,false,false,false,false,-83.04195,42.33401,"{
  ""coordinates"": [
    -8.304195525800000e+01,
    4.233401310100000e+01
  ],
  ""type"": ""Point""
}","{
  ""coordinates"": [
    -83.041955258,
    42.334013101
  ],
  ""type"": ""Point""
}",-83.041955258,42.334013101
9294,9340992,I-94,CADIUEX,2015-07-31,31,7,2015,8,6,8,1,,1,0,,1,1,1,55,3,2,2,5,0,0,0,0,true,,false,false,true,false,false,,,,,,false,false,true,,,false,false,false,false,false,-82.94081,42.41488,"{
  ""coordinates"": [
    -8.294081072700000e+01,
    4.241488076300000e+01
  ],
  ""type"": ""Point""
}","{
  ""coordinates"": [
    -82.940810727,
    42.414880763
  ],
  ""type"": ""Point""
}",-82.940810727,42.414880763
9295,9367138,CHARLESTON,PENROSE,2015-07-31,31,7,2015,22,6,4,9,,,0,,1,1,4,25,1,2,2,5,0,0,0,0,true,,false,false,false,false,false,,,,,,false,false,true,,,false,false,false,false,false,-83.10732,42.43422,"{
  ""coordinates"": [
    -8.310731427699990e+01,
    4.243421527700010e+01
  ],
  ""type"": ""Point""
}","{
  ""coordinates"": [
    -83.107314277,
    42.434215277
  ],
  ""type"": ""Point""
}",-83.1073142769999,42.4342152770001
9296,9353375,GRAND RIVER,HEYDEN,2015-07-31,31,7,2015,8,6,5,3,,1,0,,1,1,1,35,5,2,3,5,0,0,0,0,true,,false,false,false,false,false,,,,,,false,true,false,,,false,false,false,false,false,-83.2403,42.40955,"{
  ""coordinates"": [
    -8.324029766200000e+01,
    4.240955003900010e+01
  ],
  ""type"": ""Point""
}","{
  ""coordinates"": [
    -83.240297662,
    42.409550039
  ],
  ""type"": ""Point""
}",-83.240297662,42.4095500390001
9297,9333602,STRATHMOOR,CURTIS,2015-07-31,31,7,2015,12,6,2,9,,,2,,1,2,1,25,1,3,2,5,0,0,0,0,true,,false,false,true,false,false,,,,,,false,false,false,,,false,false,false,false,false,-83.18861,42.42366,"{
  ""coordinates"": [
    -8.318861223800000e+01,
    4.242366559200010e+01
  ],
  ""type"": ""Point""
}","{
  ""coordinates"": [
    -83.188612238,
    42.423665592
  ],
  ""type"": ""Point""
}",-83.188612238,42.4236655920001
9298,9335429,WB I-94,SECOND,2015-07-31,31,7,2015,16,6,5,1,,1,0,,1,2,1,55,3,3,2,5,0,0,0,0,true,,false,false,true,false,false,,,,,,false,true,false,,,false,false,false,false,false,-83.07167,42.3622,"{
  ""coordinates"": [
    -8.307166852899999e+01,
    4.236220331900010e+01
  ],
  ""type"": ""Point""
}","{
  ""coordinates"": [
    -83.071668529,
    42.362203319
  ],
  ""type"": ""Point""
}",-83.071668529,42.3622033190001
9299,9333585,JEFFERSON,RANDOLPH,2015-07-31,31,7,2015,16,6,8,3,,1,0,,1,1,1,35,5,2,2,5,0,0,0,0,true,,false,false,false,false,false,,,,,,false,false,false,,,false,false,false,false,false,-83.04195,42.3296,"{
  ""coordinates"": [
    -8.304195468400000e+01,
    4.232960203200000e+01
  ],
  ""type"": ""Point""
}","{
  ""coordinates"": [
    -83.041954684,
    42.329602032
  ],
  ""type"": ""Point""
}",-83.041954684,42.329602032
9300,9399241,STANSBURY,SCHOOLCRAFT,2015-07-31,31,7,2015,12,6,4,9,,,0,,1,2,1,30,2,2,4,5,0,0,0,0,true,,false,false,false,false,false,,,,,,false,false,true,,,false,false,false,false,false,-83.18208,42.38792,"{
  ""coordinates"": [
    -8.318208254900000e+01,
    4.238791586600010e+01
  ],
  ""type"": ""Point""
}","{
  ""coordinates"": [
    -83.182082549,
    42.387915866
  ],
  ""type"": ""Point""
}",-83.182082549,42.3879158660001