ObjectId,Crash ID,Primary Road,Intersecting Road,Crash Date,Day,Month,Year,Hour,Weekday,Crash Type Code,Highway Classification Code,Community Code,Jurisdiction Code,Lane Departure Type Code,Surface Type,Road Condition,Weather Condition,Lighting Condition,Speed Limit,Lanes,Units,Occupants,Most Severe Injury,Fatal Injuries,Suspected Serious Injuries,Suspected Minor Injuries,Possible Injuries,Property Damage Only,Secondary Crash,Traffic Control,Red Light Run,Hit and Run,Alcohol,Drugs,Unbelted Person,Work Zone,Speeding Driver,Distracted Driver,Driveway,Pedestrian,Elderly Driver,Young Driver,Commercial Vehicle,Emergency Vehicles,Train,School Bus,Motorcycle,Bicycle,Deer,Longitude,Latitude,geom,geog,x,y
9301,9337357,MILBANK,SPENCER,2015-07-31,31,7,2015,16,6,8,9,,,0,,1,1,1,20,2,2,2,5,0,0,0,0,true,,false,false,false,false,false,,,,,,false,false,true,,,false,false,false,false,false,-83.0271,42.4436,"{
  ""coordinates"": [
    -8.302709750100000e+01,
    4.244359603400010e+01
  ],
  ""type"": ""Point""
}","{
  ""coordinates"": [
    -83.027097501,
    42.443596034
  ],
  ""type"": ""Point""
}",-83.027097501,42.4435960340001
9302,9343485,ST ANTOINE,CANFIELD,2015-07-31,31,7,2015,7,6,5,9,,4,0,,1,1,1,25,3,2,2,4,0,0,0,2,false,,false,false,false,false,false,,,,,,false,true,false,,,false,false,false,false,false,-83.05475,42.35635,"{
  ""coordinates"": [
    -8.305474610700000e+01,
    4.235635288600000e+01
  ],
  ""type"": ""Point""
}","{
  ""coordinates"": [
    -83.054746107,
    42.356352886
  ],
  ""type"": ""Point""
}",-83.054746107,42.356352886
9303,9337401,TRUMBULL,ALEXANDRINE,2015-07-31,31,7,2015,9,6,4,9,,4,0,,1,1,1,30,3,2,3,4,0,0,0,1,false,,false,false,false,false,false,,,,,,false,false,true,,,false,false,false,false,false,-83.07501,42.34563,"{
  ""coordinates"": [
    -8.307501210100000e+01,
    4.234563429500000e+01
  ],
  ""type"": ""Point""
}","{
  ""coordinates"": [
    -83.075012101,
    42.345634295
  ],
  ""type"": ""Point""
}",-83.075012101,42.345634295
9304,9645778,WARREN,OUTER,2015-07-31,31,7,2015,9,6,4,9,,4,0,,1,1,1,30,5,2,3,5,0,0,0,0,true,,true,true,false,false,false,,,,,,false,false,false,,,false,false,false,false,false,-82.93639,42.40366,"{
  ""coordinates"": [
    -8.293639079600000e+01,
    4.240366505700010e+01
  ],
  ""type"": ""Point""
}","{
  ""coordinates"": [
    -82.936390796,
    42.403665057
  ],
  ""type"": ""Point""
}",-82.936390796,42.4036650570001
9305,9341921,GRATIOT,MCCLELLAN,2015-07-31,31,7,2015,8,6,5,3,,1,0,,1,1,1,45,3,2,4,5,0,0,0,0,true,,false,false,false,false,false,,,,,,false,false,false,,,false,false,false,false,false,-83.00711,42.39027,"{
  ""coordinates"": [
    -8.300711053200000e+01,
    4.239027289700000e+01
  ],
  ""type"": ""Point""
}","{
  ""coordinates"": [
    -83.007110532,
    42.390272897
  ],
  ""type"": ""Point""
}",-83.007110532,42.390272897
9306,9635766,E I 94,JUNCTION,2015-07-31,31,7,2015,12,6,5,1,,1,0,,1,1,1,55,3,2,3,5,0,0,0,0,true,,false,false,true,false,false,,,,,,false,true,false,,,false,false,false,false,false,-83.11967,42.33948,"{
  ""coordinates"": [
    -8.311966746800000e+01,
    4.233947991100010e+01
  ],
  ""type"": ""Point""
}","{
  ""coordinates"": [
    -83.119667468,
    42.339479911
  ],
  ""type"": ""Point""
}",-83.119667468,42.3394799110001
9307,9333518,I 96,JOY,2015-07-31,31,7,2015,13,6,1,1,,1,0,,1,1,1,70,4,1,4,5,0,0,0,0,true,,false,false,false,false,false,,,,,,false,false,false,,,false,false,false,false,false,-83.12679,42.36292,"{
  ""coordinates"": [
    -8.312678760199999e+01,
    4.236292373900010e+01
  ],
  ""type"": ""Point""
}","{
  ""coordinates"": [
    -83.126787602,
    42.362923739
  ],
  ""type"": ""Point""
}",-83.126787602,42.3629237390001
9308,9335383,N M 10,LIVERNOIS,2015-07-31,31,7,2015,22,6,1,3,,1,0,,1,1,4,55,3,1,1,5,0,0,0,0,true,,false,false,false,false,false,,,,,,false,false,false,,,false,false,false,false,false,-83.13995,42.40496,"{
  ""coordinates"": [
    -8.313995687100000e+01,
    4.240495589700000e+01
  ],
  ""type"": ""Point""
}","{
  ""coordinates"": [
    -83.139956871,
    42.404955897
  ],
  ""type"": ""Point""
}",-83.139956871,42.404955897
9309,9365108,7 MILE,BERG,2015-07-31,31,7,2015,16,6,8,9,,2,0,,1,1,1,35,5,2,4,4,0,0,0,1,false,,false,false,true,false,false,,,,,,false,false,true,,,false,false,false,false,false,-83.26689,42.42916,"{
  ""coordinates"": [
    -8.326689264600000e+01,
    4.242916134700000e+01
  ],
  ""type"": ""Point""
}","{
  ""coordinates"": [
    -83.266892646,
    42.429161347
  ],
  ""type"": ""Point""
}",-83.266892646,42.429161347
9310,9333599,EVERGREEN,TROJAN,2015-07-31,31,7,2015,16,6,5,9,,4,0,,1,1,1,30,2,2,3,5,0,0,0,0,true,,false,false,false,false,false,,,,,,false,false,true,,,false,false,false,false,false,-83.23927,42.44032,"{
  ""coordinates"": [
    -8.323927114799990e+01,
    4.244031604300010e+01
  ],
  ""type"": ""Point""
}","{
  ""coordinates"": [
    -83.239271148,
    42.440316043
  ],
  ""type"": ""Point""
}",-83.2392711479999,42.4403160430001
9311,9333520,S M 39,FULLERTON,2015-07-31,31,7,2015,17,6,5,3,,1,0,,1,1,1,55,3,2,2,5,0,0,0,0,true,,false,false,false,false,false,,,,,,false,false,false,,,false,false,false,false,false,-83.21733,42.38074,"{
  ""coordinates"": [
    -8.321732714400000e+01,
    4.238073592700000e+01
  ],
  ""type"": ""Point""
}","{
  ""coordinates"": [
    -83.217327144,
    42.380735927
  ],
  ""type"": ""Point""
}",-83.217327144,42.380735927
9312,9410956,MONTROSE,ELMIRA,2015-07-31,31,7,2015,23,6,97,9,,,0,,1,98,5,25,1,2,1,3,0,0,1,0,false,,false,false,true,false,false,,,,,,true,false,false,,,false,false,false,false,false,-83.19985,42.36988,"{
  ""coordinates"": [
    -8.319985133099991e+01,
    4.236988420600010e+01
  ],
  ""type"": ""Point""
}","{
  ""coordinates"": [
    -83.199851331,
    42.369884206
  ],
  ""type"": ""Point""
}",-83.1998513309999,42.3698842060001
9313,9338263,GUNSTON,MCNICHOLS,2015-07-31,31,7,2015,10,6,5,3,,1,0,,1,1,1,25,4,2,2,5,0,0,0,0,true,,false,false,false,false,false,,,,,,false,false,false,,,false,false,false,false,false,-83.00317,42.42027,"{
  ""coordinates"": [
    -8.300316807000000e+01,
    4.242026966500000e+01
  ],
  ""type"": ""Point""
}","{
  ""coordinates"": [
    -83.00316807,
    42.420269665
  ],
  ""type"": ""Point""
}",-83.00316807,42.420269665
9314,9339317,ERLE,WOODWARD,2015-07-31,31,7,2015,12,6,4,3,,,0,,1,1,1,30,4,2,2,5,0,0,0,0,true,,false,false,false,false,false,,,,,,false,false,false,,,false,false,false,false,false,-83.10964,42.42427,"{
  ""coordinates"": [
    -8.310964068500000e+01,
    4.242427482400010e+01
  ],
  ""type"": ""Point""
}","{
  ""coordinates"": [
    -83.109640685,
    42.424274824
  ],
  ""type"": ""Point""
}",-83.109640685,42.4242748240001
9315,9338316,LIVERNOIS,S M 10,2015-07-31,31,7,2015,19,6,5,9,,4,0,,1,1,4,35,3,2,2,5,0,0,0,0,true,,false,false,false,false,false,,,,,,false,false,false,,,false,false,false,false,false,-83.14022,42.40478,"{
  ""coordinates"": [
    -8.314021953400000e+01,
    4.240477811200000e+01
  ],
  ""type"": ""Point""
}","{
  ""coordinates"": [
    -83.140219534,
    42.404778112
  ],
  ""type"": ""Point""
}",-83.140219534,42.404778112
9316,9364180,7 MILE,PATTON,2015-07-31,31,7,2015,8,6,97,9,,2,0,,1,1,1,35,4,2,4,5,0,0,0,0,true,,false,false,false,false,false,,,,,,false,false,true,,,false,false,false,false,false,-83.24528,42.42942,"{
  ""coordinates"": [
    -8.324528070900000e+01,
    4.242941682200010e+01
  ],
  ""type"": ""Point""
}","{
  ""coordinates"": [
    -83.245280709,
    42.429416822
  ],
  ""type"": ""Point""
}",-83.245280709,42.4294168220001
9317,9333601,LIVERNOIS,7 MILE,2015-07-31,31,7,2015,17,6,5,9,,4,0,,1,1,1,30,4,2,2,5,0,0,0,0,true,,false,false,false,false,false,,,,,,false,false,true,,,false,false,false,false,false,-83.14157,42.43163,"{
  ""coordinates"": [
    -8.314156955700000e+01,
    4.243163213900000e+01
  ],
  ""type"": ""Point""
}","{
  ""coordinates"": [
    -83.141569557,
    42.431632139
  ],
  ""type"": ""Point""
}",-83.141569557,42.431632139
9318,9344499,WARREN,HAZLETT,2015-07-31,31,7,2015,15,6,4,9,,4,0,,1,1,1,40,5,2,3,3,0,0,1,0,false,,false,false,false,false,false,,,,,,false,false,true,,,false,false,false,false,false,-83.12177,42.34454,"{
  ""coordinates"": [
    -8.312176150600000e+01,
    4.234453981100010e+01
  ],
  ""type"": ""Point""
}","{
  ""coordinates"": [
    -83.121761506,
    42.344539811
  ],
  ""type"": ""Point""
}",-83.121761506,42.3445398110001
9319,9333534,N I 75,NEVADA,2015-07-31,31,7,2015,16,6,5,1,,1,0,,1,1,1,70,4,3,4,5,0,0,0,0,true,,false,false,false,false,false,,,,,,false,false,false,,,false,false,false,false,false,-83.09299,42.42467,"{
  ""coordinates"": [
    -8.309299666399990e+01,
    4.242467221200010e+01
  ],
  ""type"": ""Point""
}","{
  ""coordinates"": [
    -83.092996664,
    42.424672212
  ],
  ""type"": ""Point""
}",-83.0929966639999,42.4246722120001
9320,9333604,WYOMING,CHIPPEWA,2015-07-31,31,7,2015,18,6,8,9,,4,0,,1,1,1,30,4,2,3,5,0,0,0,0,true,,false,false,true,false,false,,,,,,false,false,false,,,false,false,false,false,false,-83.16131,42.44094,"{
  ""coordinates"": [
    -8.316130679900000e+01,
    4.244094261100000e+01
  ],
  ""type"": ""Point""
}","{
  ""coordinates"": [
    -83.161306799,
    42.440942611
  ],
  ""type"": ""Point""
}",-83.161306799,42.440942611
9321,9335713,HONORAH,VERNOR,2015-07-31,31,7,2015,6,6,2,9,,,2,,1,1,1,25,1,2,0,5,0,0,0,0,true,,false,false,true,false,false,,,,,,false,false,false,,,false,false,false,false,false,-83.12464,42.31531,"{
  ""coordinates"": [
    -8.312464231699990e+01,
    4.231531241900010e+01
  ],
  ""type"": ""Point""
}","{
  ""coordinates"": [
    -83.124642317,
    42.315312419
  ],
  ""type"": ""Point""
}",-83.1246423169999,42.3153124190001
9322,9337354,KELLY,SEYMOUR,2015-07-31,31,7,2015,21,6,8,9,,4,0,,1,1,4,35,5,2,3,4,0,0,0,1,false,,false,false,true,false,false,,,,,,false,false,false,,,false,false,false,false,false,-82.95885,42.42693,"{
  ""coordinates"": [
    -8.295884947600000e+01,
    4.242692949400000e+01
  ],
  ""type"": ""Point""
}","{
  ""coordinates"": [
    -82.958849476,
    42.426929494
  ],
  ""type"": ""Point""
}",-82.958849476,42.426929494
9323,9333589,PICKFORD,WYOMING,2015-07-31,31,7,2015,13,6,4,9,,,0,,1,1,1,30,2,2,2,4,0,0,0,1,false,,false,false,false,false,false,,,,,,false,false,true,,,false,false,false,false,false,-83.16077,42.42597,"{
  ""coordinates"": [
    -8.316077669200000e+01,
    4.242597097000000e+01
  ],
  ""type"": ""Point""
}","{
  ""coordinates"": [
    -83.160776692,
    42.42597097
  ],
  ""type"": ""Point""
}",-83.160776692,42.42597097
9324,9399003,LAFAYETTE,THIRD,2015-07-31,31,7,2015,16,6,5,9,,4,0,,1,1,1,30,2,2,2,5,0,0,0,0,true,,false,false,false,false,false,,,,,,false,false,false,,,false,false,false,false,false,-83.05499,42.32861,"{
  ""coordinates"": [
    -8.305498549700000e+01,
    4.232861376700000e+01
  ],
  ""type"": ""Point""
}","{
  ""coordinates"": [
    -83.054985497,
    42.328613767
  ],
  ""type"": ""Point""
}",-83.054985497,42.328613767
9325,9335380,E I 96,SOUTHFIELD SERVICE DRIVE,2015-07-31,31,7,2015,17,6,5,1,,1,0,,1,1,1,55,3,3,3,5,0,0,0,0,true,,false,false,false,false,false,,,,,,false,true,true,,,false,false,false,false,false,-83.21893,42.37857,"{
  ""coordinates"": [
    -8.321893667599990e+01,
    4.237857416400000e+01
  ],
  ""type"": ""Point""
}","{
  ""coordinates"": [
    -83.218936676,
    42.378574164
  ],
  ""type"": ""Point""
}",-83.2189366759999,42.378574164
9326,9333533,MACK,S I 75 SERVICE DRIVE,2015-07-31,31,7,2015,15,6,3,9,,4,0,,1,1,1,30,6,2,1,5,0,0,0,0,true,,false,false,false,false,false,,,,,,false,false,true,,,false,false,false,false,false,-83.04857,42.35109,"{
  ""coordinates"": [
    -8.304857231599991e+01,
    4.235109351800000e+01
  ],
  ""type"": ""Point""
}","{
  ""coordinates"": [
    -83.048572316,
    42.351093518
  ],
  ""type"": ""Point""
}",-83.0485723159999,42.351093518
9327,9343484,SECOND,LOTHROP,2015-07-31,31,7,2015,21,6,1,9,,4,0,,1,1,1,30,2,2,2,4,0,0,0,2,false,,false,false,false,false,false,,,,,,false,false,false,,,false,false,false,true,false,-83.07717,42.37043,"{
  ""coordinates"": [
    -8.307717056699990e+01,
    4.237042530500000e+01
  ],
  ""type"": ""Point""
}","{
  ""coordinates"": [
    -83.077170567,
    42.370425305
  ],
  ""type"": ""Point""
}",-83.0771705669999,42.370425305
9328,9333522,W I 94,HARPER,2015-07-31,31,7,2015,6,6,1,1,,1,1,,1,1,2,55,3,1,2,5,0,0,0,0,true,,false,false,false,false,false,,,,,,false,false,true,,,false,false,false,false,false,-82.95077,42.40784,"{
  ""coordinates"": [
    -8.295076388200000e+01,
    4.240784609300000e+01
  ],
  ""type"": ""Point""
}","{
  ""coordinates"": [
    -82.950763882,
    42.407846093
  ],
  ""type"": ""Point""
}",-82.950763882,42.407846093
9329,9333586,GRAND RIVER,SCHAEFER,2015-07-31,31,7,2015,15,6,5,3,,1,0,,1,1,1,35,7,2,2,5,0,0,0,0,true,,false,false,false,false,false,,,,,,false,true,false,,,false,false,false,false,false,-83.17852,42.38466,"{
  ""coordinates"": [
    -8.317852212900000e+01,
    4.238466429800010e+01
  ],
  ""type"": ""Point""
}","{
  ""coordinates"": [
    -83.178522129,
    42.384664298
  ],
  ""type"": ""Point""
}",-83.178522129,42.3846642980001
9330,9353506,GRAND RIVER,WINTHROP,2015-07-31,31,7,2015,15,6,4,3,,1,0,,1,1,1,35,4,2,3,5,0,0,0,0,true,,false,false,false,false,false,,,,,,false,false,true,,,false,false,false,false,false,-83.19973,42.39321,"{
  ""coordinates"": [
    -8.319972679499990e+01,
    4.239320714800000e+01
  ],
  ""type"": ""Point""
}","{
  ""coordinates"": [
    -83.199726795,
    42.393207148
  ],
  ""type"": ""Point""
}",-83.1997267949999,42.393207148
9331,9343486,WARREN,WOODWARD,2015-07-31,31,7,2015,8,6,4,3,,4,0,,1,1,1,25,2,2,2,3,0,0,1,0,false,,false,false,true,false,false,,,,,,false,true,false,,,false,false,false,false,false,-83.06438,42.35696,"{
  ""coordinates"": [
    -8.306437643600000e+01,
    4.235695588700000e+01
  ],
  ""type"": ""Point""
}","{
  ""coordinates"": [
    -83.064376436,
    42.356955887
  ],
  ""type"": ""Point""
}",-83.064376436,42.356955887
9332,9335724,PLYMOUTH,MEMORIAL,2015-07-31,31,7,2015,16,6,5,9,,4,0,,1,1,1,35,8,2,2,5,0,0,0,0,true,,false,false,false,false,false,,,,,,false,true,true,,,false,false,false,false,false,-83.21189,42.37234,"{
  ""coordinates"": [
    -8.321188878200000e+01,
    4.237233982500000e+01
  ],
  ""type"": ""Point""
}","{
  ""coordinates"": [
    -83.211888782,
    42.372339825
  ],
  ""type"": ""Point""
}",-83.211888782,42.372339825
9333,9338314,DAVISON,CLOVERLAWN,2015-07-31,31,7,2015,14,6,4,9,,4,0,,1,1,1,35,3,3,3,4,0,0,0,1,false,,false,false,false,false,false,,,,,,false,false,true,,,false,false,false,false,false,-83.15173,42.38611,"{
  ""coordinates"": [
    -8.315173561300000e+01,
    4.238610657700010e+01
  ],
  ""type"": ""Point""
}","{
  ""coordinates"": [
    -83.151735613,
    42.386106577
  ],
  ""type"": ""Point""
}",-83.151735613,42.3861065770001
9334,9374512,ROSEMONT,MARGARETA,2015-07-31,31,7,2015,17,6,97,9,,,0,,1,1,1,15,1,2,1,5,0,0,0,0,true,,false,false,false,false,false,,,,,,false,false,false,,,false,false,false,false,false,-83.22186,42.42695,"{
  ""coordinates"": [
    -8.322185737200000e+01,
    4.242695423800010e+01
  ],
  ""type"": ""Point""
}","{
  ""coordinates"": [
    -83.221857372,
    42.426954238
  ],
  ""type"": ""Point""
}",-83.221857372,42.4269542380001
9335,9399275,LYNDON,WHITCOMB,2015-07-31,31,7,2015,18,6,4,9,,4,0,,1,1,1,30,4,3,7,5,0,0,0,0,true,,true,false,false,false,false,,,,,,false,false,true,,,false,false,false,false,false,-83.19597,42.39434,"{
  ""coordinates"": [
    -8.319596645500000e+01,
    4.239433640500000e+01
  ],
  ""type"": ""Point""
}","{
  ""coordinates"": [
    -83.195966455,
    42.394336405
  ],
  ""type"": ""Point""
}",-83.195966455,42.394336405
9336,9335704,MACK,BEAUBIEN,2015-07-31,31,7,2015,9,6,5,9,,4,0,,1,1,1,30,3,2,3,5,0,0,0,0,true,,false,false,true,false,false,,,,,,false,false,false,,,false,false,false,false,false,-83.05191,42.34972,"{
  ""coordinates"": [
    -8.305191054999990e+01,
    4.234971703700010e+01
  ],
  ""type"": ""Point""
}","{
  ""coordinates"": [
    -83.05191055,
    42.349717037
  ],
  ""type"": ""Point""
}",-83.0519105499999,42.3497170370001
9337,9337351,CHARLEVOIX,LAKEVIEW,2015-07-31,31,7,2015,4,6,1,9,,4,0,,1,1,4,25,2,1,4,4,0,0,0,4,false,,false,false,false,false,false,,,,,,false,false,false,,,false,false,false,false,false,-82.95493,42.38138,"{
  ""coordinates"": [
    -8.295493355799989e+01,
    4.238137746900000e+01
  ],
  ""type"": ""Point""
}","{
  ""coordinates"": [
    -82.954933558,
    42.381377469
  ],
  ""type"": ""Point""
}",-82.9549335579999,42.381377469
9338,9333600,DAVISON,RYAN,2015-07-31,31,7,2015,15,6,4,9,,4,0,,1,1,1,35,5,2,2,5,0,0,0,0,true,,false,false,false,false,false,,,,,,false,false,false,,,false,false,false,false,false,-83.06091,42.41574,"{
  ""coordinates"": [
    -8.306090785500000e+01,
    4.241573622100000e+01
  ],
  ""type"": ""Point""
}","{
  ""coordinates"": [
    -83.060907855,
    42.415736221
  ],
  ""type"": ""Point""
}",-83.060907855,42.415736221
9339,9335388,SUNSET,FOUNTAIN,2015-07-31,31,7,2015,15,6,5,3,,1,0,,1,1,1,25,3,2,8,5,0,0,0,0,true,,false,false,false,false,false,,,,,,false,true,false,,,false,false,false,false,false,-82.99931,42.33695,"{
  ""coordinates"": [
    -8.299931592699990e+01,
    4.233694997900010e+01
  ],
  ""type"": ""Point""
}","{
  ""coordinates"": [
    -82.999315927,
    42.336949979
  ],
  ""type"": ""Point""
}",-82.9993159269999,42.3369499790001
9340,9338267,JOY,EPWORTH,2015-07-31,31,7,2015,16,6,97,9,,4,0,,1,1,1,30,2,2,1,4,0,0,0,1,false,,false,false,false,false,false,,,,,,true,false,false,,,false,false,false,false,false,-83.1357,42.36073,"{
  ""coordinates"": [
    -8.313570045499991e+01,
    4.236073436200010e+01
  ],
  ""type"": ""Point""
}","{
  ""coordinates"": [
    -83.135700455,
    42.360734362
  ],
  ""type"": ""Point""
}",-83.1357004549999,42.3607343620001
9341,9335443,S/B M-39,WARREN,2015-07-31,31,7,2015,19,6,8,3,,1,0,,1,1,1,55,3,2,3,5,0,0,0,0,true,,false,false,false,false,false,,,,,,false,false,false,,,false,false,false,false,false,-83.21644,42.35061,"{
  ""coordinates"": [
    -8.321643763199999e+01,
    4.235061441100000e+01
  ],
  ""type"": ""Point""
}","{
  ""coordinates"": [
    -83.216437632,
    42.350614411
  ],
  ""type"": ""Point""
}",-83.216437632,42.350614411
9342,9338268,DAVISON,LA SALLE,2015-07-31,31,7,2015,17,6,5,3,,1,0,,1,1,1,35,6,2,3,5,0,0,0,0,true,,false,false,false,false,false,,,,,,false,false,false,,,false,false,false,false,false,-83.1188,42.39421,"{
  ""coordinates"": [
    -8.311879737299989e+01,
    4.239421347400000e+01
  ],
  ""type"": ""Point""
}","{
  ""coordinates"": [
    -83.118797373,
    42.394213474
  ],
  ""type"": ""Point""
}",-83.1187973729999,42.394213474
9343,9338281,WOODWARD,HANCOCK,2015-07-31,31,7,2015,17,6,4,3,,1,0,,1,1,1,35,2,2,2,5,0,0,0,0,true,,true,false,false,false,false,,,,,,false,true,false,,,false,false,false,false,false,-83.06369,42.35578,"{
  ""coordinates"": [
    -8.306368637299990e+01,
    4.235578185400000e+01
  ],
  ""type"": ""Point""
}","{
  ""coordinates"": [
    -83.063686373,
    42.355781854
  ],
  ""type"": ""Point""
}",-83.0636863729999,42.355781854
9344,9333608,JAMES COUZENS,8 MILE SERVICE DRIVE,2015-07-31,31,7,2015,22,6,1,3,,1,0,,1,1,4,30,1,2,1,5,0,0,0,0,true,,false,false,false,false,false,,,,,,true,false,false,,,false,false,false,false,false,-83.2038,42.44455,"{
  ""coordinates"": [
    -8.320379714099990e+01,
    4.244455260900000e+01
  ],
  ""type"": ""Point""
}","{
  ""coordinates"": [
    -83.203797141,
    42.444552609
  ],
  ""type"": ""Point""
}",-83.2037971409999,42.444552609
9345,9399240,FENKELL,MARK TWAIN,2015-07-31,31,7,2015,11,6,1,9,,2,0,,1,2,1,30,4,1,1,5,0,0,0,0,true,,false,false,false,false,false,,,,,,false,false,true,,,false,false,false,false,false,-83.1865,42.40188,"{
  ""coordinates"": [
    -8.318650051799990e+01,
    4.240188284500000e+01
  ],
  ""type"": ""Point""
}","{
  ""coordinates"": [
    -83.186500518,
    42.401882845
  ],
  ""type"": ""Point""
}",-83.1865005179999,42.401882845
9346,9338277,BEDFORD,OUTER,2015-07-31,31,7,2015,15,6,4,9,,,0,,1,1,1,30,2,2,3,3,0,0,1,0,false,,false,false,false,false,false,,,,,,false,true,true,,,false,false,false,false,false,-82.94411,42.40685,"{
  ""coordinates"": [
    -8.294411752799989e+01,
    4.240684855800000e+01
  ],
  ""type"": ""Point""
}","{
  ""coordinates"": [
    -82.944117528,
    42.406848558
  ],
  ""type"": ""Point""
}",-82.9441175279999,42.406848558
9347,9333019,OUTER,CONNER,2015-07-30,30,7,2015,0,5,1,9,,2,1,,1,1,4,35,2,1,3,4,0,0,0,3,false,,false,false,false,false,false,,,,,,false,false,true,,,false,false,false,false,false,-83.01374,42.4197,"{
  ""coordinates"": [
    -8.301373682699990e+01,
    4.241969892900000e+01
  ],
  ""type"": ""Point""
}","{
  ""coordinates"": [
    -83.013736827,
    42.419698929
  ],
  ""type"": ""Point""
}",-83.0137368269999,42.419698929
9348,9332935,RAMP 216F,N I 75,2015-07-30,30,7,2015,9,5,8,1,,1,0,,1,1,4,45,1,2,2,5,0,0,0,0,true,,false,false,true,false,false,,,,,,false,false,false,,,false,false,false,false,false,-83.05767,42.368,"{
  ""coordinates"": [
    -8.305767176099990e+01,
    4.236799759500010e+01
  ],
  ""type"": ""Point""
}","{
  ""coordinates"": [
    -83.057671761,
    42.367997595
  ],
  ""type"": ""Point""
}",-83.0576717609999,42.3679975950001
9349,9335421,S/B M-39,PURITAN,2015-07-30,30,7,2015,17,5,5,3,,1,0,,1,1,1,55,3,3,3,5,0,0,0,0,true,,false,false,false,false,false,,,,,,false,true,false,,,false,false,false,false,false,-83.21872,42.4086,"{
  ""coordinates"": [
    -8.321872222600000e+01,
    4.240860017500010e+01
  ],
  ""type"": ""Point""
}","{
  ""coordinates"": [
    -83.218722226,
    42.408600175
  ],
  ""type"": ""Point""
}",-83.218722226,42.4086001750001
9350,9333012,EDSEL FORD SD,SAGINAW,2015-07-30,30,7,2015,6,5,97,1,,4,0,,1,1,1,30,2,1,1,5,0,0,0,0,true,,false,false,false,false,false,,,,,,false,false,false,,,false,false,false,false,false,-83.03499,42.3782,"{
  ""coordinates"": [
    -8.303498975799990e+01,
    4.237819864400010e+01
  ],
  ""type"": ""Point""
}","{
  ""coordinates"": [
    -83.034989758,
    42.378198644
  ],
  ""type"": ""Point""
}",-83.0349897579999,42.3781986440001
9351,9335723,PAUL,FAUST,2015-07-30,30,7,2015,13,5,97,9,,4,0,,1,1,1,25,4,2,2,4,0,0,0,1,false,,false,false,false,false,false,,,,,,false,false,false,,,false,false,false,true,false,-83.22055,42.33607,"{
  ""coordinates"": [
    -8.322055236499990e+01,
    4.233606726500010e+01
  ],
  ""type"": ""Point""
}","{
  ""coordinates"": [
    -83.220552365,
    42.336067265
  ],
  ""type"": ""Point""
}",-83.2205523649999,42.3360672650001
9352,9364218,PLAINVIEW,GROVE,2015-07-30,30,7,2015,16,5,97,9,,,0,,1,1,1,25,1,2,2,5,0,0,0,0,true,,false,false,false,false,false,,,,,,false,true,false,,,false,false,false,false,false,-83.23692,42.41336,"{
  ""coordinates"": [
    -8.323692365900000e+01,
    4.241335725700000e+01
  ],
  ""type"": ""Point""
}","{
  ""coordinates"": [
    -83.236923659,
    42.413357257
  ],
  ""type"": ""Point""
}",-83.236923659,42.413357257
9353,9364191,STAHELIN,EATON,2015-07-30,30,7,2015,14,5,9,9,,,0,,1,1,1,25,2,2,1,5,0,0,0,0,true,,false,false,false,false,false,,,,,,false,true,false,,,false,false,false,false,false,-83.2263,42.39596,"{
  ""coordinates"": [
    -8.322630657199990e+01,
    4.239595879300000e+01
  ],
  ""type"": ""Point""
}","{
  ""coordinates"": [
    -83.226306572,
    42.395958793
  ],
  ""type"": ""Point""
}",-83.2263065719999,42.395958793
9354,9333027,KERCHEVAL,DICKERSON,2015-07-30,30,7,2015,16,5,4,9,,4,0,,1,1,1,30,2,2,2,5,0,0,0,0,true,,true,false,true,false,false,,,,,,false,true,false,,,false,false,false,false,false,-82.95606,42.37567,"{
  ""coordinates"": [
    -8.295606479000000e+01,
    4.237566862400010e+01
  ],
  ""type"": ""Point""
}","{
  ""coordinates"": [
    -82.95606479,
    42.375668624
  ],
  ""type"": ""Point""
}",-82.95606479,42.3756686240001
9355,9333026,SOMERSET,MUNICH,2015-07-30,30,7,2015,15,5,1,9,,,1,,1,1,1,25,2,2,1,3,0,0,1,0,false,,false,false,false,false,false,,,,,,true,false,false,,,false,false,false,false,false,-82.94612,42.39692,"{
  ""coordinates"": [
    -8.294611971700000e+01,
    4.239691399600010e+01
  ],
  ""type"": ""Point""
}","{
  ""coordinates"": [
    -82.946119717,
    42.396913996
  ],
  ""type"": ""Point""
}",-82.946119717,42.3969139960001
9356,9338304,KELLY,EDMORE,2015-07-30,30,7,2015,16,5,9,9,,2,0,,1,1,1,30,2,2,2,5,0,0,0,0,true,,false,false,false,false,false,,,,,,false,false,true,,,false,false,false,false,false,-82.94366,42.44738,"{
  ""coordinates"": [
    -8.294366778999991e+01,
    4.244738402400000e+01
  ],
  ""type"": ""Point""
}","{
  ""coordinates"": [
    -82.94366779,
    42.447384024
  ],
  ""type"": ""Point""
}",-82.9436677899999,42.447384024
9357,9338305,PINEWOOD,BARLOW,2015-07-30,30,7,2015,22,5,4,9,,,0,,1,1,4,25,1,2,2,5,0,0,0,0,true,,false,false,true,false,false,,,,,,false,false,false,,,false,false,false,false,false,-82.99619,42.43829,"{
  ""coordinates"": [
    -8.299618436500000e+01,
    4.243829297400000e+01
  ],
  ""type"": ""Point""
}","{
  ""coordinates"": [
    -82.996184365,
    42.438292974
  ],
  ""type"": ""Point""
}",-82.996184365,42.438292974