ObjectId,Crash ID,Primary Road,Intersecting Road,Crash Date,Day,Month,Year,Hour,Weekday,Crash Type Code,Highway Classification Code,Community Code,Jurisdiction Code,Lane Departure Type Code,Surface Type,Road Condition,Weather Condition,Lighting Condition,Speed Limit,Lanes,Units,Occupants,Most Severe Injury,Fatal Injuries,Suspected Serious Injuries,Suspected Minor Injuries,Possible Injuries,Property Damage Only,Secondary Crash,Traffic Control,Red Light Run,Hit and Run,Alcohol,Drugs,Unbelted Person,Work Zone,Speeding Driver,Distracted Driver,Driveway,Pedestrian,Elderly Driver,Young Driver,Commercial Vehicle,Emergency Vehicles,Train,School Bus,Motorcycle,Bicycle,Deer,Longitude,Latitude,geom,geog,x,y
9358,9353418,SOUTHFIELD SERVICE DRIVE,PLYMOUTH,2015-07-30,30,7,2015,16,5,4,9,,4,0,,1,1,1,25,3,2,2,5,0,0,0,0,true,,false,false,true,false,false,,,,,,false,false,false,,,false,false,false,false,false,-83.21626,42.37227,"{
  ""coordinates"": [
    -8.321625779000000e+01,
    4.237227280400000e+01
  ],
  ""type"": ""Point""
}","{
  ""coordinates"": [
    -83.21625779,
    42.372272804
  ],
  ""type"": ""Point""
}",-83.21625779,42.372272804
9359,9335738,EVERGREEN,TROJAN,2015-07-30,30,7,2015,15,5,97,9,,4,0,,1,1,1,30,2,2,3,5,0,0,0,0,true,,false,false,false,false,false,,,,,,false,false,true,,,false,false,false,false,false,-83.23927,42.44029,"{
  ""coordinates"": [
    -8.323927002200000e+01,
    4.244028721900000e+01
  ],
  ""type"": ""Point""
}","{
  ""coordinates"": [
    -83.239270022,
    42.440287219
  ],
  ""type"": ""Point""
}",-83.239270022,42.440287219
9360,9333587,TAPPAN,ELDON,2015-07-30,30,7,2015,0,5,97,9,,,3,,1,1,4,25,1,2,0,5,0,0,0,0,true,,false,false,true,false,false,,,,,,false,false,false,,,false,false,false,false,false,-83.02589,42.40656,"{
  ""coordinates"": [
    -8.302588695400000e+01,
    4.240656271000010e+01
  ],
  ""type"": ""Point""
}","{
  ""coordinates"": [
    -83.025886954,
    42.40656271
  ],
  ""type"": ""Point""
}",-83.025886954,42.4065627100001
9361,9333580,SOUTHFIELD,SCHOOLCRAFT,2015-07-30,30,7,2015,18,5,5,3,,1,0,,1,1,1,55,3,4,3,5,0,0,0,0,true,,false,false,true,false,false,,,,,,false,false,false,,,false,false,false,false,false,-83.21774,42.38699,"{
  ""coordinates"": [
    -8.321773701900000e+01,
    4.238698394500010e+01
  ],
  ""type"": ""Point""
}","{
  ""coordinates"": [
    -83.217737019,
    42.386983945
  ],
  ""type"": ""Point""
}",-83.217737019,42.3869839450001
9362,9332934,N/B M-10,DAVISON,2015-07-30,30,7,2015,7,5,8,3,,1,0,,1,1,1,55,3,2,3,5,0,0,0,0,true,,false,false,false,false,false,,,,,,false,false,false,,,false,false,false,false,false,-83.11284,42.40009,"{
  ""coordinates"": [
    -8.311283938600000e+01,
    4.240009118800000e+01
  ],
  ""type"": ""Point""
}","{
  ""coordinates"": [
    -83.112839386,
    42.400091188
  ],
  ""type"": ""Point""
}",-83.112839386,42.400091188
9363,9333606,TELEGRAPH,RAMP 051B,2015-07-30,30,7,2015,7,5,5,2,,1,0,,1,1,1,40,4,2,3,5,0,0,0,0,true,,false,false,false,false,false,,,,,,false,false,false,,,false,false,false,false,false,-83.27836,42.44247,"{
  ""coordinates"": [
    -8.327835840099991e+01,
    4.244247172800000e+01
  ],
  ""type"": ""Point""
}","{
  ""coordinates"": [
    -83.278358401,
    42.442471728
  ],
  ""type"": ""Point""
}",-83.2783584009999,42.442471728
9364,9332932,E I 96,GRAND RIVER,2015-07-30,30,7,2015,7,5,1,1,,1,0,,1,1,1,70,3,1,1,5,0,0,0,0,true,,false,false,false,false,false,,,,,,false,false,false,,,false,false,false,false,false,-83.17625,42.3836,"{
  ""coordinates"": [
    -8.317624833199990e+01,
    4.238360162800010e+01
  ],
  ""type"": ""Point""
}","{
  ""coordinates"": [
    -83.176248332,
    42.383601628
  ],
  ""type"": ""Point""
}",-83.1762483319999,42.3836016280001
9365,9336458,RAMP 050H,STATE FAIR,2015-07-30,30,7,2015,13,5,1,1,,1,1,,1,1,1,30,2,1,3,4,0,0,0,1,false,,false,false,false,false,false,,,,,,false,false,false,,,false,false,false,false,false,-83.09525,42.43968,"{
  ""coordinates"": [
    -8.309525495100000e+01,
    4.243968313200000e+01
  ],
  ""type"": ""Point""
}","{
  ""coordinates"": [
    -83.095254951,
    42.439683132
  ],
  ""type"": ""Point""
}",-83.095254951,42.439683132
9366,9352577,CAMDEN,GUNSTON,2015-07-30,30,7,2015,16,5,4,9,,,0,,1,1,1,25,2,2,2,5,0,0,0,0,true,,false,false,false,false,false,,,,,,false,false,true,,,false,false,false,false,false,-82.98846,42.39942,"{
  ""coordinates"": [
    -8.298845936500000e+01,
    4.239942245200010e+01
  ],
  ""type"": ""Point""
}","{
  ""coordinates"": [
    -82.988459365,
    42.399422452
  ],
  ""type"": ""Point""
}",-82.988459365,42.3994224520001
9367,9333009,VAN DYKE,KERCHEVAL,2015-07-30,30,7,2015,5,5,4,9,,4,0,,1,1,4,35,2,2,3,2,0,1,2,0,false,,false,false,true,false,false,,,,,,false,false,false,,,false,false,false,false,false,-82.99991,42.35839,"{
  ""coordinates"": [
    -8.299990940500000e+01,
    4.235838701900010e+01
  ],
  ""type"": ""Point""
}","{
  ""coordinates"": [
    -82.999909405,
    42.358387019
  ],
  ""type"": ""Point""
}",-82.999909405,42.3583870190001
9368,9338266,GRAND RIVER,BELLETERRE,2015-07-30,30,7,2015,15,5,4,3,,1,0,,1,1,1,35,3,3,3,4,0,0,0,1,false,,false,false,false,false,false,,,,,,false,true,true,,,false,false,false,false,false,-83.13567,42.3674,"{
  ""coordinates"": [
    -8.313566561600000e+01,
    4.236740101400010e+01
  ],
  ""type"": ""Point""
}","{
  ""coordinates"": [
    -83.135665616,
    42.367401014
  ],
  ""type"": ""Point""
}",-83.135665616,42.3674010140001
9369,9333032,BESSEMORE,ROHNS,2015-07-30,30,7,2015,5,5,8,9,,,0,,1,1,4,25,1,2,0,5,0,0,0,0,true,,false,false,true,false,false,,,,,,false,false,false,,,false,false,false,false,false,-83.01293,42.39372,"{
  ""coordinates"": [
    -8.301293467499990e+01,
    4.239371743200010e+01
  ],
  ""type"": ""Point""
}","{
  ""coordinates"": [
    -83.012934675,
    42.393717432
  ],
  ""type"": ""Point""
}",-83.0129346749999,42.3937174320001
9370,9333034,TELEGRAPH,GRAND RIVER,2015-07-30,30,7,2015,22,5,8,2,,1,0,,1,1,4,45,4,2,1,5,0,0,0,0,true,,false,false,true,false,false,,,,,,false,false,false,,,false,false,false,false,false,-83.27736,42.42419,"{
  ""coordinates"": [
    -8.327735611400000e+01,
    4.242418577800000e+01
  ],
  ""type"": ""Point""
}","{
  ""coordinates"": [
    -83.277356114,
    42.424185778
  ],
  ""type"": ""Point""
}",-83.277356114,42.424185778
9371,9333584,GRAND,W I 94,2015-07-30,30,7,2015,6,5,4,1,,4,0,,1,1,1,25,2,2,1,5,0,0,0,0,true,,false,false,true,false,false,,,,,,false,false,false,,,false,false,false,false,false,-83.10962,42.34686,"{
  ""coordinates"": [
    -8.310961663499999e+01,
    4.234685983000000e+01
  ],
  ""type"": ""Point""
}","{
  ""coordinates"": [
    -83.109616635,
    42.34685983
  ],
  ""type"": ""Point""
}",-83.109616635,42.34685983
9372,9333025,CHALMERS,FORDHAM,2015-07-30,30,7,2015,18,5,4,9,,4,0,,1,1,1,35,2,2,5,5,0,0,0,0,true,,true,false,false,false,false,,,,,,false,false,false,,,false,false,false,false,false,-82.97525,42.43431,"{
  ""coordinates"": [
    -8.297525257500000e+01,
    4.243430695500010e+01
  ],
  ""type"": ""Point""
}","{
  ""coordinates"": [
    -82.975252575,
    42.434306955
  ],
  ""type"": ""Point""
}",-82.975252575,42.4343069550001
9373,9338301,JOY,CENTRAL,2015-07-30,30,7,2015,21,5,4,9,,4,0,,1,1,3,25,2,2,2,5,0,0,0,0,true,,false,false,true,false,false,,,,,,false,false,false,,,false,false,false,false,false,-83.14646,42.35918,"{
  ""coordinates"": [
    -8.314646179000000e+01,
    4.235918605800000e+01
  ],
  ""type"": ""Point""
}","{
  ""coordinates"": [
    -83.14646179,
    42.359186058
  ],
  ""type"": ""Point""
}",-83.14646179,42.359186058
9374,9335387,LAKESIDE,OAKWAY,2015-07-30,30,7,2015,21,5,8,3,,1,0,,1,1,3,25,3,2,2,5,0,0,0,0,true,,false,false,false,false,false,,,,,,false,true,false,,,false,false,false,false,false,-82.96496,42.34872,"{
  ""coordinates"": [
    -8.296495481900000e+01,
    4.234871655400010e+01
  ],
  ""type"": ""Point""
}","{
  ""coordinates"": [
    -82.964954819,
    42.348716554
  ],
  ""type"": ""Point""
}",-82.964954819,42.3487165540001
9375,9335395,S I 75,PIQUETTE,2015-07-30,30,7,2015,17,5,1,1,,1,1,,1,1,1,55,3,1,1,5,0,0,0,0,true,,false,false,true,false,false,,,,,,false,false,false,,,false,false,false,false,false,-83.05914,42.37053,"{
  ""coordinates"": [
    -8.305913662899999e+01,
    4.237052943500000e+01
  ],
  ""type"": ""Point""
}","{
  ""coordinates"": [
    -83.059136629,
    42.370529435
  ],
  ""type"": ""Point""
}",-83.059136629,42.370529435
9376,9333023,7 MILE,SHERWOOD,2015-07-30,30,7,2015,13,5,97,9,,4,0,,1,1,1,30,2,2,3,5,0,0,0,0,true,,false,false,false,false,false,,,,,,false,true,false,,,false,false,false,false,false,-83.03403,42.43377,"{
  ""coordinates"": [
    -8.303403733200000e+01,
    4.243376701100000e+01
  ],
  ""type"": ""Point""
}","{
  ""coordinates"": [
    -83.034037332,
    42.433767011
  ],
  ""type"": ""Point""
}",-83.034037332,42.433767011
9377,9338276,HAYES,CARLISLE,2015-07-30,30,7,2015,22,5,97,9,,4,3,,1,1,5,15,1,2,2,5,0,0,0,0,true,,false,false,false,false,false,,,,,,false,false,false,,,false,false,false,false,false,-82.96605,42.449,"{
  ""coordinates"": [
    -8.296604926000001e+01,
    4.244899948400010e+01
  ],
  ""type"": ""Point""
}","{
  ""coordinates"": [
    -82.96604926,
    42.448999484
  ],
  ""type"": ""Point""
}",-82.96604926,42.4489994840001
9378,9338306,ROCHESTER,LINWOOD,2015-07-30,30,7,2015,13,5,97,9,,,0,,1,1,1,25,2,2,1,4,0,0,0,1,false,,false,false,true,false,false,,,,,,true,false,false,,,false,false,false,false,false,-83.1119,42.37729,"{
  ""coordinates"": [
    -8.311190317300000e+01,
    4.237728524800010e+01
  ],
  ""type"": ""Point""
}","{
  ""coordinates"": [
    -83.111903173,
    42.377285248
  ],
  ""type"": ""Point""
}",-83.111903173,42.3772852480001
9379,9406456,N M 39,PLYMOUTH,2015-07-30,30,7,2015,18,5,8,3,,1,0,,1,1,1,35,5,2,1,5,0,0,0,0,true,,false,false,true,false,false,,,,,,false,true,false,,,false,false,false,false,false,-83.21658,42.37228,"{
  ""coordinates"": [
    -8.321657789900000e+01,
    4.237228405500010e+01
  ],
  ""type"": ""Point""
}","{
  ""coordinates"": [
    -83.216577899,
    42.372284055
  ],
  ""type"": ""Point""
}",-83.216577899,42.3722840550001
9380,9333016,GRATIOT,FRENCH,2015-07-30,30,7,2015,9,5,5,3,,1,0,,1,1,1,35,4,2,22,5,0,0,0,0,true,,false,false,false,false,false,,,,,,false,false,false,,,false,false,false,false,false,-83.00069,42.40001,"{
  ""coordinates"": [
    -8.300069046300000e+01,
    4.240001428800010e+01
  ],
  ""type"": ""Point""
}","{
  ""coordinates"": [
    -83.000690463,
    42.400014288
  ],
  ""type"": ""Point""
}",-83.000690463,42.4000142880001
9381,9362327,I96,CALDWELL,2015-07-30,30,7,2015,8,5,6,9,,2,0,,1,1,1,70,4,3,2,4,0,0,0,1,false,,false,false,true,false,false,,,,,,false,false,false,,,false,false,false,false,false,-83.04822,42.42057,"{
  ""coordinates"": [
    -8.304821435400000e+01,
    4.242057191700010e+01
  ],
  ""type"": ""Point""
}","{
  ""coordinates"": [
    -83.048214354,
    42.420571917
  ],
  ""type"": ""Point""
}",-83.048214354,42.4205719170001
9382,9336444,HARPER,NORCROSS,2015-07-30,30,7,2015,16,5,97,9,,4,0,,1,1,1,35,2,2,2,5,0,0,0,0,true,,false,false,false,false,false,,,,,,false,true,false,,,false,false,false,false,false,-82.9825,42.39938,"{
  ""coordinates"": [
    -8.298249617700000e+01,
    4.239937955200000e+01
  ],
  ""type"": ""Point""
}","{
  ""coordinates"": [
    -82.982496177,
    42.399379552
  ],
  ""type"": ""Point""
}",-82.982496177,42.399379552
9383,9338118,RAMP 122D,N I 75,2015-07-30,30,7,2015,4,5,1,1,,1,1,,1,1,4,35,1,1,0,5,0,0,0,0,true,,false,false,true,false,false,,,,,,false,false,false,,,false,false,false,false,false,-83.06513,42.33454,"{
  ""coordinates"": [
    -8.306513443100000e+01,
    4.233454103200010e+01
  ],
  ""type"": ""Point""
}","{
  ""coordinates"": [
    -83.065134431,
    42.334541032
  ],
  ""type"": ""Point""
}",-83.065134431,42.3345410320001
9384,9343455,WARREN,TRUMBULL,2015-07-30,30,7,2015,18,5,8,9,,4,0,,1,1,1,35,3,2,3,5,0,0,0,0,true,,false,false,false,false,false,,,,,,false,false,false,,,false,false,false,false,false,-83.07879,42.35207,"{
  ""coordinates"": [
    -8.307879074000000e+01,
    4.235206787100000e+01
  ],
  ""type"": ""Point""
}","{
  ""coordinates"": [
    -83.07879074,
    42.352067871
  ],
  ""type"": ""Point""
}",-83.07879074,42.352067871
9385,9332021,E I 96,GRAND RIVER,2015-07-30,30,7,2015,6,5,1,1,,1,1,,1,2,4,55,4,1,1,3,0,0,1,0,false,,false,false,false,false,false,,,,,,false,false,true,,,false,false,false,false,false,-83.17366,42.38416,"{
  ""coordinates"": [
    -8.317365962299991e+01,
    4.238416432700010e+01
  ],
  ""type"": ""Point""
}","{
  ""coordinates"": [
    -83.173659623,
    42.384164327
  ],
  ""type"": ""Point""
}",-83.1736596229999,42.3841643270001
9386,9335729,RAMP 051B,8 MILE,2015-07-30,30,7,2015,7,5,5,2,,1,0,,1,1,1,30,1,2,3,5,0,0,0,0,true,,false,false,false,false,false,,,,,,false,false,false,,,false,false,false,false,false,-83.27719,42.44228,"{
  ""coordinates"": [
    -8.327718790199999e+01,
    4.244228461200000e+01
  ],
  ""type"": ""Point""
}","{
  ""coordinates"": [
    -83.277187902,
    42.442284612
  ],
  ""type"": ""Point""
}",-83.277187902,42.442284612
9387,9333028,GREENFIELD,TIREMAN,2015-07-30,30,7,2015,14,5,4,9,,2,0,,1,1,1,35,8,2,3,5,0,0,0,0,true,,false,false,false,false,false,,,,,,false,false,true,,,false,false,false,false,false,-83.19659,42.35076,"{
  ""coordinates"": [
    -8.319659344500000e+01,
    4.235075772300010e+01
  ],
  ""type"": ""Point""
}","{
  ""coordinates"": [
    -83.196593445,
    42.350757723
  ],
  ""type"": ""Point""
}",-83.196593445,42.3507577230001
9388,9333038,7 MILE,HULL,2015-07-30,30,7,2015,17,5,8,9,,4,0,,1,1,1,30,4,2,4,5,0,0,0,0,true,,true,false,false,false,false,,,,,,false,true,false,,,false,false,false,false,false,-83.08878,42.4327,"{
  ""coordinates"": [
    -8.308878113500000e+01,
    4.243269574200010e+01
  ],
  ""type"": ""Point""
}","{
  ""coordinates"": [
    -83.088781135,
    42.432695742
  ],
  ""type"": ""Point""
}",-83.088781135,42.4326957420001
9389,9333607,7 MILE,HULL,2015-07-30,30,7,2015,17,5,4,9,,4,0,,1,1,1,30,2,2,1,5,0,0,0,0,true,,false,false,false,false,false,,,,,,false,true,false,,,false,false,false,false,false,-83.08888,42.43269,"{
  ""coordinates"": [
    -8.308887919400000e+01,
    4.243269220500010e+01
  ],
  ""type"": ""Point""
}","{
  ""coordinates"": [
    -83.088879194,
    42.432692205
  ],
  ""type"": ""Point""
}",-83.088879194,42.4326922050001
9390,9333039,PILGRIM,MENDOTA,2015-07-30,30,7,2015,18,5,4,9,,,0,,1,1,1,25,4,2,2,5,0,0,0,0,true,,true,false,true,false,false,,,,,,false,false,false,,,false,false,false,false,false,-83.16543,42.40775,"{
  ""coordinates"": [
    -8.316542618299999e+01,
    4.240775236400000e+01
  ],
  ""type"": ""Point""
}","{
  ""coordinates"": [
    -83.165426183,
    42.407752364
  ],
  ""type"": ""Point""
}",-83.165426183,42.407752364
9391,9401515,WYOMING,FENKELL,2015-07-30,30,7,2015,11,5,5,9,,4,0,,1,1,1,35,4,2,3,5,0,0,0,0,true,,false,false,true,false,false,,,,,,false,false,false,,,false,false,false,false,false,-83.15968,42.40254,"{
  ""coordinates"": [
    -8.315968402999989e+01,
    4.240254253900010e+01
  ],
  ""type"": ""Point""
}","{
  ""coordinates"": [
    -83.15968403,
    42.402542539
  ],
  ""type"": ""Point""
}",-83.1596840299999,42.4025425390001
9392,9664881,SCHOOLCRAFT,WOODMONT,2015-07-30,30,7,2015,17,5,8,0,,2,0,,1,1,1,35,4,2,1,5,0,0,0,0,true,,false,false,false,false,false,,,,,,false,false,true,,,false,false,false,false,false,-83.20898,42.38684,"{
  ""coordinates"": [
    -8.320897591400001e+01,
    4.238684253500000e+01
  ],
  ""type"": ""Point""
}","{
  ""coordinates"": [
    -83.208975914,
    42.386842535
  ],
  ""type"": ""Point""
}",-83.208975914,42.386842535
9393,9335398,N M 39,PAUL,2015-07-30,30,7,2015,16,5,5,3,,1,0,,1,1,1,55,3,2,2,5,0,0,0,0,true,,false,false,false,false,false,,,,,,false,false,false,,,false,false,false,false,false,-83.21574,42.33574,"{
  ""coordinates"": [
    -8.321573879499989e+01,
    4.233573745500010e+01
  ],
  ""type"": ""Point""
}","{
  ""coordinates"": [
    -83.215738795,
    42.335737455
  ],
  ""type"": ""Point""
}",-83.2157387949999,42.3357374550001
9394,9332002,I-75,TRUMBULL,2015-07-30,30,7,2015,0,5,1,1,,4,0,,1,1,4,70,4,1,2,5,0,0,0,0,true,,false,false,false,false,false,,,,,,false,false,true,,,false,false,false,false,false,-83.06747,42.3353,"{
  ""coordinates"": [
    -8.306747514499990e+01,
    4.233530150900000e+01
  ],
  ""type"": ""Point""
}","{
  ""coordinates"": [
    -83.067475145,
    42.335301509
  ],
  ""type"": ""Point""
}",-83.0674751449999,42.335301509
9395,9333017,N M 10,LIVERNOIS,2015-07-30,30,7,2015,18,5,8,3,,1,0,,1,1,1,35,3,2,2,5,0,0,0,0,true,,false,false,false,false,false,,,,,,false,true,false,,,false,false,false,false,false,-83.14023,42.40496,"{
  ""coordinates"": [
    -8.314023071699999e+01,
    4.240495567600000e+01
  ],
  ""type"": ""Point""
}","{
  ""coordinates"": [
    -83.140230717,
    42.404955676
  ],
  ""type"": ""Point""
}",-83.140230717,42.404955676
9396,9333037,VAN DYKE,7 MILE,2015-07-30,30,7,2015,13,5,97,3,,1,0,,1,1,1,35,5,2,3,5,0,0,0,0,true,,false,false,false,false,false,,,,,,false,false,true,,,false,false,false,false,false,-83.02425,42.4341,"{
  ""coordinates"": [
    -8.302425247799989e+01,
    4.243409683000000e+01
  ],
  ""type"": ""Point""
}","{
  ""coordinates"": [
    -83.024252478,
    42.43409683
  ],
  ""type"": ""Point""
}",-83.0242524779999,42.43409683
9397,9333591,TARNOW,MICHIGAN,2015-07-30,30,7,2015,4,5,8,9,,,0,,1,1,5,25,3,2,1,5,0,0,0,0,true,,false,false,false,false,false,,,,,,false,false,false,,,false,false,false,false,false,-83.13476,42.33151,"{
  ""coordinates"": [
    -8.313475447000000e+01,
    4.233150838700000e+01
  ],
  ""type"": ""Point""
}","{
  ""coordinates"": [
    -83.13475447,
    42.331508387
  ],
  ""type"": ""Point""
}",-83.13475447,42.331508387
9398,9338290,GUNSTON,FLANDERS,2015-07-30,30,7,2015,18,5,4,3,,1,0,,1,1,1,30,2,2,2,4,0,0,0,1,false,,false,false,false,false,false,,,,,,false,false,false,,,false,false,false,false,false,-82.99718,42.41093,"{
  ""coordinates"": [
    -8.299717978699989e+01,
    4.241093482800010e+01
  ],
  ""type"": ""Point""
}","{
  ""coordinates"": [
    -82.997179787,
    42.410934828
  ],
  ""type"": ""Point""
}",-82.9971797869999,42.4109348280001
9399,9333532,E I 94,GRAND,2015-07-30,30,7,2015,15,5,5,1,,1,0,,1,1,1,55,3,2,2,4,0,0,0,1,false,,false,false,false,false,false,,,,,,false,false,true,,,false,false,false,false,false,-83.10957,42.34654,"{
  ""coordinates"": [
    -8.310957535599989e+01,
    4.234653801000010e+01
  ],
  ""type"": ""Point""
}","{
  ""coordinates"": [
    -83.109575356,
    42.34653801
  ],
  ""type"": ""Point""
}",-83.1095753559999,42.3465380100001
9400,9337400,ALEXANDRINE,WOODWARD,2015-07-30,30,7,2015,10,5,97,9,,4,0,,1,1,1,25,2,2,2,5,0,0,0,0,true,,false,false,false,false,false,,,,,,false,false,true,,,false,false,false,false,false,-83.06165,42.34993,"{
  ""coordinates"": [
    -8.306164643999990e+01,
    4.234992479600000e+01
  ],
  ""type"": ""Point""
}","{
  ""coordinates"": [
    -83.06164644,
    42.349924796
  ],
  ""type"": ""Point""
}",-83.0616464399999,42.349924796
9401,9337347,7 MILE,WESTPHALIA,2015-07-30,30,7,2015,0,5,1,9,,4,0,,1,1,4,35,2,2,2,3,0,0,1,0,false,,false,false,true,false,false,,,,,,false,false,false,,,false,false,false,true,false,-82.99239,42.43475,"{
  ""coordinates"": [
    -8.299239698799990e+01,
    4.243475522000010e+01
  ],
  ""type"": ""Point""
}","{
  ""coordinates"": [
    -82.992396988,
    42.43475522
  ],
  ""type"": ""Point""
}",-82.9923969879999,42.4347552200001
9402,9335722,CLARENDON,GRANDRIVER,2015-07-30,30,7,2015,21,5,97,3,,,0,,1,1,5,0,1,2,1,5,0,0,0,0,true,,false,false,false,false,false,,,,,,false,false,false,,,false,false,false,false,false,-83.12611,42.36358,"{
  ""coordinates"": [
    -8.312611672400000e+01,
    4.236357952200010e+01
  ],
  ""type"": ""Point""
}","{
  ""coordinates"": [
    -83.126116724,
    42.363579522
  ],
  ""type"": ""Point""
}",-83.126116724,42.3635795220001
9403,9344523,DAVISON,LINWOOD,2015-07-30,30,7,2015,16,5,5,3,,1,0,,1,1,1,45,3,2,2,5,0,0,0,0,true,,false,false,false,false,false,,,,,,false,true,false,,,false,false,false,false,false,-83.12196,42.39304,"{
  ""coordinates"": [
    -8.312195211600000e+01,
    4.239304298500010e+01
  ],
  ""type"": ""Point""
}","{
  ""coordinates"": [
    -83.121952116,
    42.393042985
  ],
  ""type"": ""Point""
}",-83.121952116,42.3930429850001
9404,9335419,N M 10,JEFFERSON,2015-07-30,30,7,2015,15,5,5,3,,1,0,,1,1,1,45,3,2,3,5,0,0,0,0,true,,false,false,false,false,false,,,,,,false,false,false,,,false,false,false,false,false,-83.05054,42.32641,"{
  ""coordinates"": [
    -8.305053679699991e+01,
    4.232641232700010e+01
  ],
  ""type"": ""Point""
}","{
  ""coordinates"": [
    -83.050536797,
    42.326412327
  ],
  ""type"": ""Point""
}",-83.0505367969999,42.3264123270001
9405,9338080,M10,MILWAUKEE,2015-07-30,30,7,2015,8,5,5,3,,1,0,,1,1,1,55,3,2,2,5,0,0,0,0,true,,false,false,true,false,false,,,,,,false,false,true,,,false,false,false,false,false,-83.08289,42.36848,"{
  ""coordinates"": [
    -8.308288235500000e+01,
    4.236847524500010e+01
  ],
  ""type"": ""Point""
}","{
  ""coordinates"": [
    -83.082882355,
    42.368475245
  ],
  ""type"": ""Point""
}",-83.082882355,42.3684752450001
9406,9332006,008B,M-39,2015-07-29,29,7,2015,16,4,1,1,,1,1,,2,4,1,35,1,1,1,5,0,0,0,0,true,,false,false,false,false,false,,,,,,false,false,false,,,false,false,false,false,false,-83.21666,42.37496,"{
  ""coordinates"": [
    -8.321666292000000e+01,
    4.237496193200010e+01
  ],
  ""type"": ""Point""
}","{
  ""coordinates"": [
    -83.21666292,
    42.374961932
  ],
  ""type"": ""Point""
}",-83.21666292,42.3749619320001
9407,9339343,WASHINGTON,MICHIGAN,2015-07-29,29,7,2015,16,4,6,9,,4,0,,2,1,1,30,8,2,3,5,0,0,0,0,true,,false,false,false,false,false,,,,,,false,false,true,,,false,false,false,false,false,-83.05117,42.33168,"{
  ""coordinates"": [
    -8.305116870400001e+01,
    4.233167522700010e+01
  ],
  ""type"": ""Point""
}","{
  ""coordinates"": [
    -83.051168704,
    42.331675227
  ],
  ""type"": ""Point""
}",-83.051168704,42.3316752270001
9408,9343478,E I 94,WOODWARD,2015-07-29,29,7,2015,8,4,5,1,,1,0,,1,1,1,55,3,2,2,5,0,0,0,0,true,,false,false,true,false,false,,,,,,false,true,false,,,false,false,false,false,false,-83.06819,42.36391,"{
  ""coordinates"": [
    -8.306819021800000e+01,
    4.236390830300010e+01
  ],
  ""type"": ""Point""
}","{
  ""coordinates"": [
    -83.068190218,
    42.363908303
  ],
  ""type"": ""Point""
}",-83.068190218,42.3639083030001
9409,9332102,FREELAND,MCNICHOLS,2015-07-29,29,7,2015,16,4,4,9,,,0,,1,4,1,25,4,2,3,4,0,0,0,1,false,,false,false,true,false,false,,,,,,false,false,false,,,false,false,false,false,false,-83.1861,42.41653,"{
  ""coordinates"": [
    -8.318609686500000e+01,
    4.241652492200010e+01
  ],
  ""type"": ""Point""
}","{
  ""coordinates"": [
    -83.186096865,
    42.416524922
  ],
  ""type"": ""Point""
}",-83.186096865,42.4165249220001
9410,9331237,N/B M-39,MCNICHOLS,2015-07-29,29,7,2015,8,4,5,3,,1,0,,1,1,1,55,3,3,3,5,0,0,0,0,true,,false,false,false,false,false,,,,,,false,false,true,,,false,false,false,false,false,-83.2187,42.41568,"{
  ""coordinates"": [
    -8.321870501599990e+01,
    4.241568302100010e+01
  ],
  ""type"": ""Point""
}","{
  ""coordinates"": [
    -83.218705016,
    42.415683021
  ],
  ""type"": ""Point""
}",-83.2187050159999,42.4156830210001
9411,9348876,MONTROSE,WARREN,2015-07-29,29,7,2015,21,4,1,9,,,0,,1,1,4,35,4,2,1,2,0,1,0,0,false,,false,false,false,false,false,,,,,,true,false,false,,,false,false,false,false,false,-83.19868,42.34363,"{
  ""coordinates"": [
    -8.319868589500000e+01,
    4.234363261700000e+01
  ],
  ""type"": ""Point""
}","{
  ""coordinates"": [
    -83.198685895,
    42.343632617
  ],
  ""type"": ""Point""
}",-83.198685895,42.343632617
9412,9338295,S M 10 SERVICE DRIVE,PASADENA,2015-07-29,29,7,2015,0,4,5,9,,,0,,1,1,5,25,3,2,1,3,0,0,1,0,false,,false,false,true,false,false,,,,,,false,false,false,,,false,false,false,false,false,-83.11299,42.39929,"{
  ""coordinates"": [
    -8.311299220399999e+01,
    4.239929013400010e+01
  ],
  ""type"": ""Point""
}","{
  ""coordinates"": [
    -83.112992204,
    42.399290134
  ],
  ""type"": ""Point""
}",-83.112992204,42.3992901340001
9413,9383491,CAMPBELL,MICHIGAN,2015-07-29,29,7,2015,12,4,8,2,,,0,,1,1,1,25,3,2,0,5,0,0,0,0,true,,false,false,true,false,false,,,,,,false,false,false,,,false,false,false,false,false,-83.11417,42.33139,"{
  ""coordinates"": [
    -8.311416675500000e+01,
    4.233139516300000e+01
  ],
  ""type"": ""Point""
}","{
  ""coordinates"": [
    -83.114166755,
    42.331395163
  ],
  ""type"": ""Point""
}",-83.114166755,42.331395163
9414,9340403,7 MILE,RUNYON,2015-07-29,29,7,2015,17,4,4,9,,4,0,,1,1,1,30,2,2,2,5,0,0,0,0,true,,false,false,true,false,false,,,,,,false,false,false,,,false,false,false,false,false,-83.00711,42.43437,"{
  ""coordinates"": [
    -8.300711360900000e+01,
    4.243437314700000e+01
  ],
  ""type"": ""Point""
}","{
  ""coordinates"": [
    -83.007113609,
    42.434373147
  ],
  ""type"": ""Point""
}",-83.007113609,42.434373147