ObjectId,Crash ID,Primary Road,Intersecting Road,Crash Date,Day,Month,Year,Hour,Weekday,Crash Type Code,Highway Classification Code,Community Code,Jurisdiction Code,Lane Departure Type Code,Surface Type,Road Condition,Weather Condition,Lighting Condition,Speed Limit,Lanes,Units,Occupants,Most Severe Injury,Fatal Injuries,Suspected Serious Injuries,Suspected Minor Injuries,Possible Injuries,Property Damage Only,Secondary Crash,Traffic Control,Red Light Run,Hit and Run,Alcohol,Drugs,Unbelted Person,Work Zone,Speeding Driver,Distracted Driver,Driveway,Pedestrian,Elderly Driver,Young Driver,Commercial Vehicle,Emergency Vehicles,Train,School Bus,Motorcycle,Bicycle,Deer,Longitude,Latitude,geom,geog,x,y
9415,9332109,GREENFIELD,MCNICHOLS,2015-07-29,29,7,2015,17,4,4,9,,2,0,,2,4,1,35,5,2,2,5,0,0,0,0,true,,false,false,false,false,false,,,,,,false,true,true,,,false,false,false,false,false,-83.19931,42.41611,"{
  ""coordinates"": [
    -8.319931309299990e+01,
    4.241611152700010e+01
  ],
  ""type"": ""Point""
}","{
  ""coordinates"": [
    -83.199313093,
    42.416111527
  ],
  ""type"": ""Point""
}",-83.1993130929999,42.4161115270001
9416,9332030,N I 75,S M 10,2015-07-29,29,7,2015,18,4,1,1,,1,1,,2,4,1,0,1,1,3,5,0,0,0,0,true,,false,false,false,false,false,,,,,,false,false,true,,,false,false,false,false,false,-83.06461,42.33519,"{
  ""coordinates"": [
    -8.306461298799999e+01,
    4.233518699200000e+01
  ],
  ""type"": ""Point""
}","{
  ""coordinates"": [
    -83.064612988,
    42.335186992
  ],
  ""type"": ""Point""
}",-83.064612988,42.335186992
9417,9338271,GLADSTONE,14TH,2015-07-29,29,7,2015,6,4,2,9,,,2,,1,1,1,25,2,2,0,5,0,0,0,0,true,,false,false,true,false,false,,,,,,false,false,true,,,false,false,false,false,false,-83.10031,42.37309,"{
  ""coordinates"": [
    -8.310030958000000e+01,
    4.237308419200010e+01
  ],
  ""type"": ""Point""
}","{
  ""coordinates"": [
    -83.10030958,
    42.373084192
  ],
  ""type"": ""Point""
}",-83.10030958,42.3730841920001
9418,9332003,E/B I 94,GRATIOT,2015-07-29,29,7,2015,13,4,5,1,,1,0,,1,1,1,55,3,2,2,5,0,0,0,0,true,,false,false,false,false,false,,,,,,false,false,false,,,false,false,false,false,false,-83.00652,42.39135,"{
  ""coordinates"": [
    -8.300652649599991e+01,
    4.239134445800000e+01
  ],
  ""type"": ""Point""
}","{
  ""coordinates"": [
    -83.006526496,
    42.391344458
  ],
  ""type"": ""Point""
}",-83.0065264959999,42.391344458
9419,9333022,FORT,CLARK,2015-07-29,29,7,2015,14,4,5,3,,1,0,,1,1,1,35,5,2,1,5,0,0,0,0,true,,false,false,true,false,false,,,,,,false,false,false,,,false,false,false,false,false,-83.09013,42.31232,"{
  ""coordinates"": [
    -8.309013209599991e+01,
    4.231231552500000e+01
  ],
  ""type"": ""Point""
}","{
  ""coordinates"": [
    -83.090132096,
    42.312315525
  ],
  ""type"": ""Point""
}",-83.0901320959999,42.312315525
9420,9353377,CHAPEL,ST MARTINS,2015-07-29,29,7,2015,19,4,97,9,,,0,,1,1,1,25,2,3,1,4,0,0,0,1,false,,false,false,true,false,false,,,,,,false,false,false,,,false,false,false,false,false,-83.25485,42.43476,"{
  ""coordinates"": [
    -8.325485259000000e+01,
    4.243476041500000e+01
  ],
  ""type"": ""Point""
}","{
  ""coordinates"": [
    -83.25485259,
    42.434760415
  ],
  ""type"": ""Point""
}",-83.25485259,42.434760415
9421,9333021,I-75 N/B,MILWAUKEE,2015-07-29,29,7,2015,22,4,1,1,,1,1,,1,1,4,55,3,1,2,5,0,0,0,0,true,,false,false,false,false,false,,,,,,false,false,true,,,false,false,false,false,false,-83.05975,42.37394,"{
  ""coordinates"": [
    -8.305974816100000e+01,
    4.237393813100000e+01
  ],
  ""type"": ""Point""
}","{
  ""coordinates"": [
    -83.059748161,
    42.373938131
  ],
  ""type"": ""Point""
}",-83.059748161,42.373938131
9422,9332094,HARPER,YORKSHIRE,2015-07-29,29,7,2015,11,4,8,9,,4,0,,1,1,1,30,4,2,3,5,0,0,0,0,true,,false,false,false,false,false,,,,,,false,false,false,,,false,false,false,false,false,-82.94015,42.41412,"{
  ""coordinates"": [
    -8.294014720900000e+01,
    4.241411826600010e+01
  ],
  ""type"": ""Point""
}","{
  ""coordinates"": [
    -82.940147209,
    42.414118266
  ],
  ""type"": ""Point""
}",-82.940147209,42.4141182660001
9423,9401500,WESTFIELD,SORRENTO,2015-07-29,29,7,2015,21,4,97,9,,,0,,1,1,1,25,2,2,0,5,0,0,0,0,true,,false,false,true,false,false,,,,,,false,false,false,,,false,false,false,false,false,-83.17138,42.36374,"{
  ""coordinates"": [
    -8.317138020800000e+01,
    4.236373986300000e+01
  ],
  ""type"": ""Point""
}","{
  ""coordinates"": [
    -83.171380208,
    42.363739863
  ],
  ""type"": ""Point""
}",-83.171380208,42.363739863
9424,9332029,I-94,GRAND RIVER,2015-07-29,29,7,2015,16,4,1,1,,1,1,,1,1,1,70,3,1,1,4,0,0,0,1,false,,false,false,false,false,false,,,,,,false,false,true,,,false,false,false,false,false,-83.10893,42.34681,"{
  ""coordinates"": [
    -8.310893282500000e+01,
    4.234681436600000e+01
  ],
  ""type"": ""Point""
}","{
  ""coordinates"": [
    -83.108932825,
    42.346814366
  ],
  ""type"": ""Point""
}",-83.108932825,42.346814366
9425,9343489,JOHN R,HANCOK,2015-07-29,29,7,2015,7,4,97,9,,4,0,,1,1,1,35,4,2,2,4,0,0,0,1,false,,false,false,false,false,false,,,,,,false,true,false,,,false,false,false,false,false,-83.06147,42.35673,"{
  ""coordinates"": [
    -8.306146959800000e+01,
    4.235673062300000e+01
  ],
  ""type"": ""Point""
}","{
  ""coordinates"": [
    -83.061469598,
    42.356730623
  ],
  ""type"": ""Point""
}",-83.061469598,42.356730623
9426,9332007,S/B I 75,2ND,2015-07-29,29,7,2015,17,4,1,1,,1,1,,2,4,1,55,4,1,1,5,0,0,0,0,true,,false,false,false,false,false,,,,,,false,false,false,,,false,false,false,false,false,-83.05552,42.33886,"{
  ""coordinates"": [
    -8.305551643200000e+01,
    4.233886288100010e+01
  ],
  ""type"": ""Point""
}","{
  ""coordinates"": [
    -83.055516432,
    42.338862881
  ],
  ""type"": ""Point""
}",-83.055516432,42.3388628810001
9427,9344153,I 275,PLYMOUTH,2015-07-29,29,7,2015,16,4,5,9,,,0,,1,1,1,70,4,2,2,4,0,0,0,1,false,,false,false,false,false,false,,,,,,false,false,false,,,false,false,false,false,false,-83.19881,42.37461,"{
  ""coordinates"": [
    -8.319881569700000e+01,
    4.237460661200000e+01
  ],
  ""type"": ""Point""
}","{
  ""coordinates"": [
    -83.198815697,
    42.374606612
  ],
  ""type"": ""Point""
}",-83.198815697,42.374606612
9428,9332123,WARREN,CRANE,2015-07-29,29,7,2015,17,4,4,9,,4,0,,1,1,1,30,3,2,4,4,0,0,0,1,false,,true,false,true,false,false,,,,,,false,false,false,,,false,false,false,false,false,-83.00481,42.37906,"{
  ""coordinates"": [
    -8.300481379800000e+01,
    4.237906445000000e+01
  ],
  ""type"": ""Point""
}","{
  ""coordinates"": [
    -83.004813798,
    42.37906445
  ],
  ""type"": ""Point""
}",-83.004813798,42.37906445
9429,9332110,LIVERNOIS,BUCHANAN,2015-07-29,29,7,2015,1,4,5,9,,4,0,,1,1,4,45,4,2,2,5,0,0,0,0,true,,false,false,true,false,false,,,,,,false,false,false,,,false,false,false,false,false,-83.12135,42.33251,"{
  ""coordinates"": [
    -8.312134760200000e+01,
    4.233250811600000e+01
  ],
  ""type"": ""Point""
}","{
  ""coordinates"": [
    -83.121347602,
    42.332508116
  ],
  ""type"": ""Point""
}",-83.121347602,42.332508116
9430,9332005,I 75,SPRINGWELLS,2015-07-29,29,7,2015,14,4,97,1,,1,0,,1,1,1,70,4,2,3,5,0,0,0,0,true,,false,false,false,false,false,,,,,,false,false,false,,,false,false,false,false,false,-83.11418,42.30362,"{
  ""coordinates"": [
    -8.311418329599999e+01,
    4.230362062400010e+01
  ],
  ""type"": ""Point""
}","{
  ""coordinates"": [
    -83.114183296,
    42.303620624
  ],
  ""type"": ""Point""
}",-83.114183296,42.3036206240001
9431,9338296,PHILADELPHIA,LINWOOD,2015-07-29,29,7,2015,3,4,97,9,,,0,,1,1,4,25,4,2,1,5,0,0,0,0,true,,false,false,false,false,false,,,,,,false,false,false,,,false,false,false,false,false,-83.10515,42.36815,"{
  ""coordinates"": [
    -8.310514480099989e+01,
    4.236815120400010e+01
  ],
  ""type"": ""Point""
}","{
  ""coordinates"": [
    -83.105144801,
    42.368151204
  ],
  ""type"": ""Point""
}",-83.1051448009999,42.3681512040001
9432,9333005,S I 75,SCHAEFER,2015-07-29,29,7,2015,16,4,8,1,,1,0,,2,4,1,70,4,2,2,5,0,0,0,0,true,,false,false,false,false,false,,,,,,false,false,false,,,false,false,false,false,false,-83.15671,42.27719,"{
  ""coordinates"": [
    -8.315670488700000e+01,
    4.227719590400010e+01
  ],
  ""type"": ""Point""
}","{
  ""coordinates"": [
    -83.156704887,
    42.277195904
  ],
  ""type"": ""Point""
}",-83.156704887,42.2771959040001
9433,9333020,WARREN,RUTLAND,2015-07-29,29,7,2015,14,4,4,9,,2,0,,1,1,1,35,4,2,3,4,0,0,0,2,false,,false,false,false,false,false,,,,,,false,false,false,,,false,false,false,false,false,-83.21224,42.34343,"{
  ""coordinates"": [
    -8.321224269000000e+01,
    4.234343116900000e+01
  ],
  ""type"": ""Point""
}","{
  ""coordinates"": [
    -83.21224269,
    42.343431169
  ],
  ""type"": ""Point""
}",-83.21224269,42.343431169
9434,9332095,CASS,ADAMS,2015-07-29,29,7,2015,13,4,8,9,,4,0,,1,1,1,30,4,2,1,5,0,0,0,0,true,,false,false,false,false,false,,,,,,false,false,false,,,false,false,false,false,false,-83.05482,42.33522,"{
  ""coordinates"": [
    -8.305482028599990e+01,
    4.233521737900000e+01
  ],
  ""type"": ""Point""
}","{
  ""coordinates"": [
    -83.054820286,
    42.335217379
  ],
  ""type"": ""Point""
}",-83.0548202859999,42.335217379
9435,9332118,N M 39,WARREN,2015-07-29,29,7,2015,17,4,8,3,,1,0,,2,4,1,35,3,2,2,5,0,0,0,0,true,,false,false,false,false,false,,,,,,false,true,false,,,false,false,false,false,false,-83.21603,42.34337,"{
  ""coordinates"": [
    -8.321603620300000e+01,
    4.234336840300010e+01
  ],
  ""type"": ""Point""
}","{
  ""coordinates"": [
    -83.216036203,
    42.343368403
  ],
  ""type"": ""Point""
}",-83.216036203,42.3433684030001
9436,9332098,SCOTTEN,I 96 SERVICE,2015-07-29,29,7,2015,12,4,9,9,,4,0,,1,1,1,25,2,2,1,5,0,0,0,0,true,,false,false,false,false,false,,,,,,false,false,true,,,false,false,false,false,false,-83.11179,42.357,"{
  ""coordinates"": [
    -8.311178830999999e+01,
    4.235699941600010e+01
  ],
  ""type"": ""Point""
}","{
  ""coordinates"": [
    -83.11178831,
    42.356999416
  ],
  ""type"": ""Point""
}",-83.11178831,42.3569994160001
9437,9338265,LOTHROP,DUNEDIN,2015-07-29,29,7,2015,15,4,1,9,,,0,,1,1,3,25,2,1,3,4,0,0,0,1,false,,false,false,false,false,false,,,,,,false,false,true,,,false,false,false,false,false,-83.09343,42.36429,"{
  ""coordinates"": [
    -8.309342617199999e+01,
    4.236428689500010e+01
  ],
  ""type"": ""Point""
}","{
  ""coordinates"": [
    -83.093426172,
    42.364286895
  ],
  ""type"": ""Point""
}",-83.093426172,42.3642868950001
9438,9332124,8 MILE,SCHAEFER,2015-07-29,29,7,2015,17,4,5,3,,1,0,,1,1,1,0,4,2,2,5,0,0,0,0,true,,false,false,false,false,false,,,,,,false,false,false,,,false,false,false,false,false,-83.17875,42.44524,"{
  ""coordinates"": [
    -8.317874817500000e+01,
    4.244523778900000e+01
  ],
  ""type"": ""Point""
}","{
  ""coordinates"": [
    -83.178748175,
    42.445237789
  ],
  ""type"": ""Point""
}",-83.178748175,42.445237789
9439,9343477,S I 75 SERVICE DRIVE,MACK,2015-07-29,29,7,2015,11,4,4,1,,4,0,,1,1,1,30,6,2,3,5,0,0,0,0,true,,false,false,false,false,false,,,,,,false,false,false,,,false,false,false,false,false,-83.04857,42.35109,"{
  ""coordinates"": [
    -8.304857231599991e+01,
    4.235109351800000e+01
  ],
  ""type"": ""Point""
}","{
  ""coordinates"": [
    -83.048572316,
    42.351093518
  ],
  ""type"": ""Point""
}",-83.0485723159999,42.351093518
9440,9398994,W I 96 SERVICE DRIVE,SCOTTEN,2015-07-29,29,7,2015,12,4,97,1,,5,0,,1,1,1,25,3,2,2,5,0,0,0,0,true,,false,false,false,false,false,,,,,,false,false,false,,,false,false,false,false,false,-83.11182,42.357,"{
  ""coordinates"": [
    -8.311182072199991e+01,
    4.235699900200010e+01
  ],
  ""type"": ""Point""
}","{
  ""coordinates"": [
    -83.111820722,
    42.356999002
  ],
  ""type"": ""Point""
}",-83.1118207219999,42.3569990020001
9441,9331236,N/B M-39,8 MILE,2015-07-29,29,7,2015,7,4,5,3,,1,0,,1,1,1,55,3,2,2,5,0,0,0,0,true,,false,false,false,false,false,,,,,,false,false,false,,,false,false,false,false,false,-83.21963,42.4439,"{
  ""coordinates"": [
    -8.321962626600001e+01,
    4.244389795400010e+01
  ],
  ""type"": ""Point""
}","{
  ""coordinates"": [
    -83.219626266,
    42.443897954
  ],
  ""type"": ""Point""
}",-83.219626266,42.4438979540001
9442,9332028,I-94,JUNCTION,2015-07-29,29,7,2015,12,4,5,1,,1,0,,1,1,1,55,3,2,2,5,0,0,0,0,true,,false,false,false,false,false,,,,,,false,true,false,,,false,false,false,false,false,-83.11821,42.34068,"{
  ""coordinates"": [
    -8.311821256400000e+01,
    4.234067446300000e+01
  ],
  ""type"": ""Point""
}","{
  ""coordinates"": [
    -83.118212564,
    42.340674463
  ],
  ""type"": ""Point""
}",-83.118212564,42.340674463
9443,9332127,GREENLAWN,SANTA CLARA,2015-07-29,29,7,2015,11,4,97,9,,,0,,1,1,1,25,2,2,2,5,0,0,0,0,true,,false,false,false,false,false,,,,,,false,false,false,,,false,false,false,false,false,-83.15137,42.42112,"{
  ""coordinates"": [
    -8.315137629000000e+01,
    4.242112098400000e+01
  ],
  ""type"": ""Point""
}","{
  ""coordinates"": [
    -83.15137629,
    42.421120984
  ],
  ""type"": ""Point""
}",-83.15137629,42.421120984
9444,9332101,CHALMERS,WARREN,2015-07-29,29,7,2015,11,4,8,9,,4,0,,1,1,1,30,2,2,2,5,0,0,0,0,true,,false,false,false,false,false,,,,,,false,false,false,,,false,false,false,false,false,-82.95892,42.39557,"{
  ""coordinates"": [
    -8.295891620400000e+01,
    4.239556447100010e+01
  ],
  ""type"": ""Point""
}","{
  ""coordinates"": [
    -82.958916204,
    42.395564471
  ],
  ""type"": ""Point""
}",-82.958916204,42.3955644710001
9445,9332122,7 MILE,FENMORE,2015-07-29,29,7,2015,11,4,8,9,,2,0,,1,1,1,35,4,2,1,5,0,0,0,0,true,,false,false,false,false,false,,,,,,false,true,false,,,false,false,false,false,false,-83.21852,42.43003,"{
  ""coordinates"": [
    -8.321852159600000e+01,
    4.243003120700010e+01
  ],
  ""type"": ""Point""
}","{
  ""coordinates"": [
    -83.218521596,
    42.430031207
  ],
  ""type"": ""Point""
}",-83.218521596,42.4300312070001
9446,9332090,WARREN,ASHTON,2015-07-29,29,7,2015,15,4,1,9,,2,1,,1,1,1,15,1,1,2,5,0,0,0,0,true,,false,false,false,false,false,,,,,,false,false,true,,,false,false,false,false,false,-83.2172,42.34336,"{
  ""coordinates"": [
    -8.321720003000000e+01,
    4.234335789800010e+01
  ],
  ""type"": ""Point""
}","{
  ""coordinates"": [
    -83.21720003,
    42.343357898
  ],
  ""type"": ""Point""
}",-83.21720003,42.3433578980001
9447,9333596,MACK,OUTER,2015-07-29,29,7,2015,16,4,5,9,,2,0,,2,4,1,30,4,2,2,5,0,0,0,0,true,,false,false,false,false,false,,,,,,false,true,false,,,false,false,false,false,false,-82.92894,42.39225,"{
  ""coordinates"": [
    -8.292894285599991e+01,
    4.239225546900010e+01
  ],
  ""type"": ""Point""
}","{
  ""coordinates"": [
    -82.928942856,
    42.392255469
  ],
  ""type"": ""Point""
}",-82.9289428559999,42.3922554690001
9448,9333590,DIX,ORMOND,2015-07-29,29,7,2015,16,4,4,9,,2,0,,2,4,1,35,4,2,2,2,0,1,0,0,false,,false,false,false,false,false,,,,,,false,false,false,,,false,false,false,false,false,-83.15385,42.29361,"{
  ""coordinates"": [
    -8.315385576300000e+01,
    4.229361118200010e+01
  ],
  ""type"": ""Point""
}","{
  ""coordinates"": [
    -83.153855763,
    42.293611182
  ],
  ""type"": ""Point""
}",-83.153855763,42.2936111820001
9449,9332001,M-39,TIREMAN,2015-07-29,29,7,2015,11,4,97,3,,1,0,,1,1,1,55,3,2,2,4,0,0,0,2,false,,false,false,false,false,false,,,,,,false,false,false,,,false,false,false,false,false,-83.21626,42.35034,"{
  ""coordinates"": [
    -8.321625407900000e+01,
    4.235034149600010e+01
  ],
  ""type"": ""Point""
}","{
  ""coordinates"": [
    -83.216254079,
    42.350341496
  ],
  ""type"": ""Point""
}",-83.216254079,42.3503414960001
9450,9353536,PURITAN,FURGUSON,2015-07-29,29,7,2015,2,4,97,9,,4,0,,1,1,5,30,4,1,0,5,0,0,0,0,true,,false,false,true,false,false,,,,,,false,false,false,,,false,false,false,false,false,-83.20934,42.40852,"{
  ""coordinates"": [
    -8.320934637300000e+01,
    4.240852343200000e+01
  ],
  ""type"": ""Point""
}","{
  ""coordinates"": [
    -83.209346373,
    42.408523432
  ],
  ""type"": ""Point""
}",-83.209346373,42.408523432
9451,9332004,S/B I 75,SPRINGWELLS,2015-07-29,29,7,2015,14,4,8,1,,1,0,,1,1,1,70,4,2,2,5,0,0,0,0,true,,false,false,false,false,false,,,,,,false,false,false,,,false,false,false,false,false,-83.12362,42.29866,"{
  ""coordinates"": [
    -8.312361565499999e+01,
    4.229866526900000e+01
  ],
  ""type"": ""Point""
}","{
  ""coordinates"": [
    -83.123615655,
    42.298665269
  ],
  ""type"": ""Point""
}",-83.123615655,42.298665269
9452,9332121,SOUTHFIELD SERVICE,RAMP 008B,2015-07-29,29,7,2015,16,4,5,9,,4,0,,2,1,1,25,2,2,3,4,0,0,0,3,false,,false,false,false,false,false,,,,,,false,true,true,,,false,false,false,false,false,-83.21626,42.37751,"{
  ""coordinates"": [
    -8.321626164000000e+01,
    4.237750893300010e+01
  ],
  ""type"": ""Point""
}","{
  ""coordinates"": [
    -83.21626164,
    42.377508933
  ],
  ""type"": ""Point""
}",-83.21626164,42.3775089330001
9453,9337370,ALCOY,STATE FAIR,2015-07-29,29,7,2015,14,4,4,9,,,0,,1,1,1,25,3,2,4,5,0,0,0,0,true,,false,false,false,false,false,,,,,,false,false,true,,,false,false,false,false,false,-82.98903,42.4421,"{
  ""coordinates"": [
    -8.298903059700000e+01,
    4.244209789800000e+01
  ],
  ""type"": ""Point""
}","{
  ""coordinates"": [
    -82.989030597,
    42.442097898
  ],
  ""type"": ""Point""
}",-82.989030597,42.442097898
9454,9332103,8 MILE,STANSBURY,2015-07-29,29,7,2015,17,4,5,3,,1,0,,1,1,1,0,4,3,2,5,0,0,0,0,true,,false,false,true,false,false,,,,,,false,false,false,,,false,false,false,false,false,-83.18444,42.44512,"{
  ""coordinates"": [
    -8.318443988699990e+01,
    4.244512310600000e+01
  ],
  ""type"": ""Point""
}","{
  ""coordinates"": [
    -83.184439887,
    42.445123106
  ],
  ""type"": ""Point""
}",-83.1844398869999,42.445123106
9455,9364134,S M 39,RAMP 008W,2015-07-29,29,7,2015,8,4,6,3,,1,0,,1,1,1,35,1,2,1,5,0,0,0,0,true,,false,false,false,false,false,,,,,,false,true,false,,,false,false,false,false,false,-83.21783,42.38936,"{
  ""coordinates"": [
    -8.321782359100000e+01,
    4.238935927700000e+01
  ],
  ""type"": ""Point""
}","{
  ""coordinates"": [
    -83.217823591,
    42.389359277
  ],
  ""type"": ""Point""
}",-83.217823591,42.389359277
9456,9364193,8 MILE,RAMP 051B,2015-07-29,29,7,2015,8,4,5,3,,1,0,,1,1,1,30,2,2,2,5,0,0,0,0,true,,false,false,false,false,false,,,,,,false,false,false,,,false,false,false,false,false,-83.27764,42.44275,"{
  ""coordinates"": [
    -8.327764501199989e+01,
    4.244274966300000e+01
  ],
  ""type"": ""Point""
}","{
  ""coordinates"": [
    -83.277645012,
    42.442749663
  ],
  ""type"": ""Point""
}",-83.2776450119999,42.442749663
9457,9353469,MCNICHOLS,BURT,2015-07-29,29,7,2015,14,4,4,9,,2,0,,1,1,1,35,4,2,4,4,0,0,0,3,false,,false,false,true,false,false,,,,,,false,false,false,,,false,false,false,false,false,-83.24773,42.41475,"{
  ""coordinates"": [
    -8.324773654599990e+01,
    4.241474657400000e+01
  ],
  ""type"": ""Point""
}","{
  ""coordinates"": [
    -83.247736546,
    42.414746574
  ],
  ""type"": ""Point""
}",-83.2477365459999,42.414746574
9458,9332027,I-94,ROHNS,2015-07-29,29,7,2015,7,4,8,9,,,0,,1,1,1,55,3,2,1,5,0,0,0,0,true,,false,false,true,false,false,,,,,,false,false,true,,,false,false,false,false,false,-83.01137,42.38927,"{
  ""coordinates"": [
    -8.301136641700000e+01,
    4.238927035300000e+01
  ],
  ""type"": ""Point""
}","{
  ""coordinates"": [
    -83.011366417,
    42.389270353
  ],
  ""type"": ""Point""
}",-83.011366417,42.389270353
9459,9444943,WADE,CONNER,2015-07-29,29,7,2015,16,4,9,9,,,0,,1,4,1,25,2,2,2,3,0,0,1,1,false,,false,false,true,false,false,,,,,,false,false,true,,,false,false,false,false,false,-82.99144,42.39931,"{
  ""coordinates"": [
    -8.299143905100000e+01,
    4.239931068500000e+01
  ],
  ""type"": ""Point""
}","{
  ""coordinates"": [
    -82.991439051,
    42.399310685
  ],
  ""type"": ""Point""
}",-82.991439051,42.399310685
9460,9399283,GRAND RIVER,SCHAEFER,2015-07-29,29,7,2015,11,4,3,3,,1,0,,1,1,1,35,9,2,3,5,0,0,0,0,true,,true,true,true,false,false,,,,,,false,true,false,,,false,false,false,false,false,-83.17842,42.38462,"{
  ""coordinates"": [
    -8.317842122400000e+01,
    4.238462017700000e+01
  ],
  ""type"": ""Point""
}","{
  ""coordinates"": [
    -83.178421224,
    42.384620177
  ],
  ""type"": ""Point""
}",-83.178421224,42.384620177
9461,9333594,S I 75,SCHAEFER,2015-07-29,29,7,2015,17,4,8,1,,1,0,,2,4,1,70,3,2,2,5,0,0,0,0,true,,false,false,false,false,false,,,,,,false,false,true,,,false,false,false,false,false,-83.15545,42.27763,"{
  ""coordinates"": [
    -8.315544597600000e+01,
    4.227762540100010e+01
  ],
  ""type"": ""Point""
}","{
  ""coordinates"": [
    -83.155445976,
    42.277625401
  ],
  ""type"": ""Point""
}",-83.155445976,42.2776254010001
9462,9399100,CHICAGO,DECATUR,2015-07-29,29,7,2015,9,4,8,9,,4,0,,1,1,1,35,2,5,2,4,0,0,0,1,false,,false,false,false,false,false,,,,,,false,false,true,,,false,false,false,false,false,-83.18002,42.36574,"{
  ""coordinates"": [
    -8.318001627000000e+01,
    4.236573950800000e+01
  ],
  ""type"": ""Point""
}","{
  ""coordinates"": [
    -83.18001627,
    42.365739508
  ],
  ""type"": ""Point""
}",-83.18001627,42.365739508
9463,9344141,S I 75,MICHIGAN,2015-07-29,29,7,2015,18,4,5,1,,1,0,,1,2,1,55,3,2,2,3,0,0,1,0,false,,false,false,false,true,false,,,,,,false,false,false,,,false,false,true,false,false,-83.08577,42.33148,"{
  ""coordinates"": [
    -8.308576933599990e+01,
    4.233148155100000e+01
  ],
  ""type"": ""Point""
}","{
  ""coordinates"": [
    -83.085769336,
    42.331481551
  ],
  ""type"": ""Point""
}",-83.0857693359999,42.331481551
9464,9332032,I-94,BARRETT,2015-07-29,29,7,2015,18,4,5,1,,1,0,,2,4,1,55,3,2,3,4,0,0,0,1,false,,false,false,true,false,false,,,,,,false,true,false,,,false,false,false,false,false,-82.98449,42.39824,"{
  ""coordinates"": [
    -8.298449117500000e+01,
    4.239824045600010e+01
  ],
  ""type"": ""Point""
}","{
  ""coordinates"": [
    -82.984491175,
    42.398240456
  ],
  ""type"": ""Point""
}",-82.984491175,42.3982404560001
9465,9408634,JEFFERSON,BEAUBIEN,2015-07-29,29,7,2015,7,4,5,4,,1,0,,1,1,1,25,3,2,2,5,0,0,0,0,true,,false,false,false,false,false,,,,,,false,false,false,,,false,false,false,false,false,-83.0398,42.33088,"{
  ""coordinates"": [
    -8.303980456799999e+01,
    4.233087439700010e+01
  ],
  ""type"": ""Point""
}","{
  ""coordinates"": [
    -83.039804568,
    42.330874397
  ],
  ""type"": ""Point""
}",-83.039804568,42.3308743970001
9466,9332106,GRANDVILLE,10WHITLOCK,2015-07-29,29,7,2015,1,4,8,9,,,0,,1,1,4,25,1,3,1,5,0,0,0,0,true,,false,false,false,true,false,,,,,,false,false,false,,,false,false,false,false,false,-83.22916,42.33955,"{
  ""coordinates"": [
    -8.322915444300000e+01,
    4.233955233800000e+01
  ],
  ""type"": ""Point""
}","{
  ""coordinates"": [
    -83.229154443,
    42.339552338
  ],
  ""type"": ""Point""
}",-83.229154443,42.339552338
9467,9399317,S I 75 SERVICE DRIVE,MACK,2015-07-29,29,7,2015,13,4,97,1,,4,0,,1,1,1,25,4,2,2,5,0,0,0,0,true,,false,false,true,false,false,,,,,,false,true,false,,,false,false,false,false,false,-83.0486,42.35113,"{
  ""coordinates"": [
    -8.304859751299990e+01,
    4.235113161000000e+01
  ],
  ""type"": ""Point""
}","{
  ""coordinates"": [
    -83.048597513,
    42.35113161
  ],
  ""type"": ""Point""
}",-83.0485975129999,42.35113161
9468,9358600,JEFFERSON,MCDOUGALL,2015-07-29,29,7,2015,16,4,5,9,,4,0,,1,1,1,35,7,2,2,5,0,0,0,0,true,,false,false,true,false,false,,,,,,false,false,false,,,false,false,false,false,false,-83.01793,42.34027,"{
  ""coordinates"": [
    -8.301792567000000e+01,
    4.234026831200000e+01
  ],
  ""type"": ""Point""
}","{
  ""coordinates"": [
    -83.01792567,
    42.340268312
  ],
  ""type"": ""Point""
}",-83.01792567,42.340268312
9469,9401475,TERRY,ORANGELAWN,2015-07-29,29,7,2015,14,4,4,9,,,0,,2,4,1,25,2,2,1,5,0,0,0,0,true,,false,false,false,false,false,,,,,,false,false,false,,,false,false,false,false,false,-83.19083,42.36799,"{
  ""coordinates"": [
    -8.319083416799999e+01,
    4.236799146800010e+01
  ],
  ""type"": ""Point""
}","{
  ""coordinates"": [
    -83.190834168,
    42.367991468
  ],
  ""type"": ""Point""
}",-83.190834168,42.3679914680001
9470,9399123,CONANT,JEROME,2015-07-29,29,7,2015,3,4,1,9,,4,0,,1,1,4,25,2,2,2,5,0,0,0,0,true,,true,false,true,false,false,,,,,,false,false,false,,,false,false,false,true,false,-83.06592,42.42207,"{
  ""coordinates"": [
    -8.306591689500000e+01,
    4.242206638200000e+01
  ],
  ""type"": ""Point""
}","{
  ""coordinates"": [
    -83.065916895,
    42.422066382
  ],
  ""type"": ""Point""
}",-83.065916895,42.422066382
9471,9399055,LAFAYETTE,GRISWALD,2015-07-29,29,7,2015,17,4,97,9,,4,0,,2,1,1,35,4,2,2,5,0,0,0,0,true,,false,false,false,false,false,,,,,,false,false,false,,,false,false,false,false,false,-83.04824,42.33165,"{
  ""coordinates"": [
    -8.304824047400000e+01,
    4.233165111400010e+01
  ],
  ""type"": ""Point""
}","{
  ""coordinates"": [
    -83.048240474,
    42.331651114
  ],
  ""type"": ""Point""
}",-83.048240474,42.3316511140001
9472,9331185,N M 10,RAMP 107C,2015-07-28,28,7,2015,6,3,1,3,,1,1,,1,1,2,55,3,1,1,5,0,0,0,0,true,,false,false,false,false,false,,,,,,false,false,false,,,false,false,false,false,false,-83.13591,42.405,"{
  ""coordinates"": [
    -8.313590931300000e+01,
    4.240500263700010e+01
  ],
  ""type"": ""Point""
}","{
  ""coordinates"": [
    -83.135909313,
    42.405002637
  ],
  ""type"": ""Point""
}",-83.135909313,42.4050026370001