ObjectId,Crash ID,Primary Road,Intersecting Road,Crash Date,Day,Month,Year,Hour,Weekday,Crash Type Code,Highway Classification Code,Community Code,Jurisdiction Code,Lane Departure Type Code,Surface Type,Road Condition,Weather Condition,Lighting Condition,Speed Limit,Lanes,Units,Occupants,Most Severe Injury,Fatal Injuries,Suspected Serious Injuries,Suspected Minor Injuries,Possible Injuries,Property Damage Only,Secondary Crash,Traffic Control,Red Light Run,Hit and Run,Alcohol,Drugs,Unbelted Person,Work Zone,Speeding Driver,Distracted Driver,Driveway,Pedestrian,Elderly Driver,Young Driver,Commercial Vehicle,Emergency Vehicles,Train,School Bus,Motorcycle,Bicycle,Deer,Longitude,Latitude,geom,geog,x,y
9530,9331342,8 MILE,EXETER,2015-07-27,27,7,2015,18,2,5,3,,1,0,,1,1,1,40,3,3,5,4,0,0,0,1,false,,false,false,false,false,false,,,,,,false,false,false,,,false,false,false,false,false,-83.10585,42.44692,"{
  ""coordinates"": [
    -8.310585247599990e+01,
    4.244692194800010e+01
  ],
  ""type"": ""Point""
}","{
  ""coordinates"": [
    -83.105852476,
    42.446921948
  ],
  ""type"": ""Point""
}",-83.1058524759999,42.4469219480001
9531,9338310,LIVERNOIS,DAVISON,2015-07-27,27,7,2015,10,2,4,3,,4,0,,1,1,1,30,7,2,2,5,0,0,0,0,true,,false,false,false,false,false,,,,,,false,true,false,,,false,false,false,false,false,-83.13954,42.38678,"{
  ""coordinates"": [
    -8.313953879899999e+01,
    4.238677492500010e+01
  ],
  ""type"": ""Point""
}","{
  ""coordinates"": [
    -83.139538799,
    42.386774925
  ],
  ""type"": ""Point""
}",-83.139538799,42.3867749250001
9532,9364151,GRAND RIVER,S M 39,2015-07-27,27,7,2015,16,2,1,3,,1,0,,1,1,1,35,3,1,1,5,0,0,0,0,true,,false,false,false,false,false,,,,,,false,false,false,,,false,false,false,false,false,-83.21838,42.40074,"{
  ""coordinates"": [
    -8.321837676800000e+01,
    4.240073665600000e+01
  ],
  ""type"": ""Point""
}","{
  ""coordinates"": [
    -83.218376768,
    42.400736656
  ],
  ""type"": ""Point""
}",-83.218376768,42.400736656
9533,9353468,TELEGRAPH,MCNICHOLS,2015-07-27,27,7,2015,16,2,5,2,,1,0,,1,1,1,40,4,2,2,5,0,0,0,0,true,,false,false,false,false,false,,,,,,false,false,false,,,false,false,false,false,false,-83.27696,42.41453,"{
  ""coordinates"": [
    -8.327695898499999e+01,
    4.241453345200010e+01
  ],
  ""type"": ""Point""
}","{
  ""coordinates"": [
    -83.276958985,
    42.414533452
  ],
  ""type"": ""Point""
}",-83.276958985,42.4145334520001
9534,9330453,MANNING,SCHOENHERR,2015-07-27,27,7,2015,14,2,8,9,,,0,,1,1,1,25,2,2,2,5,0,0,0,0,true,,false,false,true,false,false,,,,,,false,false,false,,,false,false,false,false,false,-82.9853,42.4406,"{
  ""coordinates"": [
    -8.298529821200000e+01,
    4.244060317500000e+01
  ],
  ""type"": ""Point""
}","{
  ""coordinates"": [
    -82.985298212,
    42.440603175
  ],
  ""type"": ""Point""
}",-82.985298212,42.440603175
9535,9340405,DICKERSON,LORETTO,2015-07-27,27,7,2015,10,2,97,9,,4,0,,1,1,1,35,2,2,2,5,0,0,0,0,true,,false,false,false,false,false,,,,,,false,false,false,,,false,false,false,false,false,-82.98317,42.41807,"{
  ""coordinates"": [
    -8.298316626499999e+01,
    4.241807326300010e+01
  ],
  ""type"": ""Point""
}","{
  ""coordinates"": [
    -82.983166265,
    42.418073263
  ],
  ""type"": ""Point""
}",-82.983166265,42.4180732630001
9536,9399271,SCHOOLCRAFT,WYOMING,2015-07-27,27,7,2015,22,2,97,9,,4,1,,1,1,4,35,2,1,1,3,0,0,1,0,false,,false,false,false,false,false,,,,,,false,false,true,,,false,false,false,false,false,-83.15928,42.38849,"{
  ""coordinates"": [
    -8.315927774300000e+01,
    4.238849421000000e+01
  ],
  ""type"": ""Point""
}","{
  ""coordinates"": [
    -83.159277743,
    42.38849421
  ],
  ""type"": ""Point""
}",-83.159277743,42.38849421
9537,9406483,MCNICHOLS,MEYERS,2015-07-27,27,7,2015,10,2,3,9,,2,0,,1,1,1,35,5,2,1,5,0,0,0,0,true,,false,false,true,false,false,,,,,,false,false,false,,,false,false,false,false,false,-83.17014,42.41666,"{
  ""coordinates"": [
    -8.317014059500001e+01,
    4.241665467800000e+01
  ],
  ""type"": ""Point""
}","{
  ""coordinates"": [
    -83.170140595,
    42.416654678
  ],
  ""type"": ""Point""
}",-83.170140595,42.416654678
9538,9337369,YORKSHIRE,BALFOUR,2015-07-27,27,7,2015,13,2,1,9,,,1,,1,1,1,25,1,1,1,5,0,0,0,0,true,,false,false,true,false,false,,,,,,false,false,false,,,false,false,false,false,false,-82.94678,42.41702,"{
  ""coordinates"": [
    -8.294678348799989e+01,
    4.241701707500000e+01
  ],
  ""type"": ""Point""
}","{
  ""coordinates"": [
    -82.946783488,
    42.417017075
  ],
  ""type"": ""Point""
}",-82.9467834879999,42.417017075
9539,9331350,EVERGREEN,FENKELL,2015-07-27,27,7,2015,18,2,5,9,,4,0,,1,1,1,30,2,2,6,4,0,0,0,2,false,,false,false,false,false,false,,,,,,false,false,false,,,false,false,false,false,false,-83.2374,42.40012,"{
  ""coordinates"": [
    -8.323739385300000e+01,
    4.240011802600000e+01
  ],
  ""type"": ""Point""
}","{
  ""coordinates"": [
    -83.237393853,
    42.400118026
  ],
  ""type"": ""Point""
}",-83.237393853,42.400118026
9540,9335721,EVERGREEN,TIREMAN,2015-07-27,27,7,2015,9,2,2,9,,4,2,,1,1,1,25,1,2,1,4,0,0,0,1,false,,false,false,false,false,true,,,,,,false,false,true,,,false,false,false,false,false,-83.23564,42.35035,"{
  ""coordinates"": [
    -8.323564425000001e+01,
    4.235034621800000e+01
  ],
  ""type"": ""Point""
}","{
  ""coordinates"": [
    -83.23564425,
    42.350346218
  ],
  ""type"": ""Point""
}",-83.23564425,42.350346218
9541,9332138,W I 94,TRUMBULL,2015-07-27,27,7,2015,13,2,5,1,,1,0,,1,1,1,15,1,2,2,5,0,0,0,0,true,,false,false,false,false,false,,,,,,false,false,true,,,false,false,false,false,false,-83.08135,42.3561,"{
  ""coordinates"": [
    -8.308135289700000e+01,
    4.235610301700010e+01
  ],
  ""type"": ""Point""
}","{
  ""coordinates"": [
    -83.081352897,
    42.356103017
  ],
  ""type"": ""Point""
}",-83.081352897,42.3561030170001
9542,9332119,BENTLER,PURITAN,2015-07-27,27,7,2015,11,2,97,9,,,0,,1,1,1,25,1,2,0,5,0,0,0,0,true,,false,false,false,false,false,,,,,,false,false,false,,,false,false,false,false,false,-83.25233,42.40849,"{
  ""coordinates"": [
    -8.325232346199989e+01,
    4.240848717600010e+01
  ],
  ""type"": ""Point""
}","{
  ""coordinates"": [
    -83.252323462,
    42.408487176
  ],
  ""type"": ""Point""
}",-83.2523234619999,42.4084871760001
9543,9332112,BUCHANAN,35TH,2015-07-27,27,7,2015,16,2,4,9,,4,0,,1,1,1,30,2,2,2,5,0,0,0,0,true,,true,false,false,false,false,,,,,,false,false,false,,,false,false,false,false,false,-83.11549,42.3348,"{
  ""coordinates"": [
    -8.311548925100000e+01,
    4.233479572000000e+01
  ],
  ""type"": ""Point""
}","{
  ""coordinates"": [
    -83.115489251,
    42.33479572
  ],
  ""type"": ""Point""
}",-83.115489251,42.33479572
9544,9332108,N I 75 SERVICE DRIVE,7 MILE,2015-07-27,27,7,2015,16,2,7,9,,4,0,,1,1,1,30,2,2,3,5,0,0,0,0,true,,false,false,false,false,false,,,,,,false,false,false,,,false,false,false,false,false,-83.09424,42.4325,"{
  ""coordinates"": [
    -8.309424137799989e+01,
    4.243249748000010e+01
  ],
  ""type"": ""Point""
}","{
  ""coordinates"": [
    -83.094241378,
    42.43249748
  ],
  ""type"": ""Point""
}",-83.0942413779999,42.4324974800001
9545,9331341,8 MILE,RIOPELLE,2015-07-27,27,7,2015,22,2,1,3,,1,1,,1,1,4,40,6,1,1,5,0,0,0,0,true,,false,false,false,true,false,,,,,,false,false,false,,,false,false,false,false,false,-83.08688,42.44694,"{
  ""coordinates"": [
    -8.308688074299990e+01,
    4.244693817300000e+01
  ],
  ""type"": ""Point""
}","{
  ""coordinates"": [
    -83.086880743,
    42.446938173
  ],
  ""type"": ""Point""
}",-83.0868807429999,42.446938173
9546,9335392,I 94 E/B,VAN DYKE,2015-07-27,27,7,2015,17,2,5,1,,1,0,,1,1,1,55,3,2,2,4,0,0,0,1,false,,false,false,false,false,false,,,,,,false,false,false,,,false,false,false,false,false,-83.02042,42.38604,"{
  ""coordinates"": [
    -8.302041525700000e+01,
    4.238604025600010e+01
  ],
  ""type"": ""Point""
}","{
  ""coordinates"": [
    -83.020415257,
    42.386040256
  ],
  ""type"": ""Point""
}",-83.020415257,42.3860402560001
9547,9399029,CHICAGO,HUBBELL,2015-07-27,27,7,2015,22,2,2,9,,4,0,,1,1,4,35,4,2,2,5,0,0,0,0,true,,true,true,true,false,false,,,,,,false,false,false,,,false,false,false,false,false,-83.18722,42.36559,"{
  ""coordinates"": [
    -8.318721745100000e+01,
    4.236558639100010e+01
  ],
  ""type"": ""Point""
}","{
  ""coordinates"": [
    -83.187217451,
    42.365586391
  ],
  ""type"": ""Point""
}",-83.187217451,42.3655863910001
9548,9335674,GRAND RIVER,ARCHDALE,2015-07-27,27,7,2015,16,2,5,3,,1,0,,1,1,1,35,2,2,2,5,0,0,0,0,true,,false,false,true,false,false,,,,,,false,false,false,,,false,false,false,false,false,-83.21637,42.39993,"{
  ""coordinates"": [
    -8.321637046500000e+01,
    4.239992538200000e+01
  ],
  ""type"": ""Point""
}","{
  ""coordinates"": [
    -83.216370465,
    42.399925382
  ],
  ""type"": ""Point""
}",-83.216370465,42.399925382
9549,9337371,GRATIOT,CARLISLE,2015-07-27,27,7,2015,10,2,5,3,,1,0,,1,2,1,35,6,2,2,5,0,0,0,0,true,,false,false,false,false,false,,,,,,false,true,false,,,false,false,false,false,false,-82.96859,42.44885,"{
  ""coordinates"": [
    -8.296859192499990e+01,
    4.244885275900000e+01
  ],
  ""type"": ""Point""
}","{
  ""coordinates"": [
    -82.968591925,
    42.448852759
  ],
  ""type"": ""Point""
}",-82.9685919249999,42.448852759
9550,9333007,CONNER,GRATIOT,2015-07-27,27,7,2015,16,2,8,3,,4,0,,1,1,1,35,4,3,6,5,0,0,0,0,true,,false,false,false,false,false,,,,,,false,false,true,,,false,false,false,false,false,-82.99755,42.40495,"{
  ""coordinates"": [
    -8.299754913600000e+01,
    4.240494973300010e+01
  ],
  ""type"": ""Point""
}","{
  ""coordinates"": [
    -82.997549136,
    42.404949733
  ],
  ""type"": ""Point""
}",-82.997549136,42.4049497330001
9551,9332097,8 MILE,LIVERNOIS,2015-07-27,27,7,2015,16,2,97,3,,1,0,,1,1,1,40,4,2,1,5,0,0,0,0,true,,false,false,true,false,false,,,,,,false,false,false,,,false,false,false,false,false,-83.14088,42.44611,"{
  ""coordinates"": [
    -8.314088489999990e+01,
    4.244610984700010e+01
  ],
  ""type"": ""Point""
}","{
  ""coordinates"": [
    -83.1408849,
    42.446109847
  ],
  ""type"": ""Point""
}",-83.1408848999999,42.4461098470001
9552,9331360,GODDARD,EMERY,2015-07-27,27,7,2015,18,2,4,9,,,0,,1,1,1,25,1,2,1,5,0,0,0,0,true,,false,false,false,false,false,,,,,,false,false,false,,,false,false,false,false,false,-83.07807,42.43523,"{
  ""coordinates"": [
    -8.307807094099999e+01,
    4.243523196300000e+01
  ],
  ""type"": ""Point""
}","{
  ""coordinates"": [
    -83.078070941,
    42.435231963
  ],
  ""type"": ""Point""
}",-83.078070941,42.435231963
9553,9338315,HIGHLAND,14TH,2015-07-27,27,7,2015,10,2,8,9,,,0,,1,1,1,25,1,2,1,5,0,0,0,0,true,,false,false,false,false,false,,,,,,false,false,false,,,false,false,false,false,false,-83.11154,42.38967,"{
  ""coordinates"": [
    -8.311153961600000e+01,
    4.238966788700000e+01
  ],
  ""type"": ""Point""
}","{
  ""coordinates"": [
    -83.111539616,
    42.389667887
  ],
  ""type"": ""Point""
}",-83.111539616,42.389667887
9554,9333011,CHALMERS,LONGVIEW,2015-07-27,27,7,2015,19,2,3,9,,4,0,,1,1,1,25,2,2,3,4,0,0,0,1,false,,false,false,false,false,false,,,,,,false,false,true,,,false,false,true,false,false,-82.96863,42.41119,"{
  ""coordinates"": [
    -8.296863159199999e+01,
    4.241118677500000e+01
  ],
  ""type"": ""Point""
}","{
  ""coordinates"": [
    -82.968631592,
    42.411186775
  ],
  ""type"": ""Point""
}",-82.968631592,42.411186775
9555,9331340,N M 39,8 MILE,2015-07-27,27,7,2015,13,2,5,3,,1,0,,1,1,1,30,1,2,2,5,0,0,0,0,true,,false,false,false,false,false,,,,,,false,true,false,,,false,false,false,false,false,-83.21962,42.44402,"{
  ""coordinates"": [
    -8.321962305400000e+01,
    4.244401476000010e+01
  ],
  ""type"": ""Point""
}","{
  ""coordinates"": [
    -83.219623054,
    42.44401476
  ],
  ""type"": ""Point""
}",-83.219623054,42.4440147600001
9556,9331361,JOSEPH CAMPAU,VICTORIA,2015-07-27,27,7,2015,21,2,4,9,,4,0,,1,1,4,30,4,2,5,2,0,1,1,1,false,,false,false,true,false,false,,,,,,false,false,false,,,false,false,false,false,false,-83.07026,42.41517,"{
  ""coordinates"": [
    -8.307025695999990e+01,
    4.241517356300010e+01
  ],
  ""type"": ""Point""
}","{
  ""coordinates"": [
    -83.07025696,
    42.415173563
  ],
  ""type"": ""Point""
}",-83.0702569599999,42.4151735630001
9557,9331339,WARREN,EVERGREEN,2015-07-27,27,7,2015,7,2,5,9,,2,0,,1,1,1,35,4,2,3,4,0,0,0,1,false,,false,false,false,false,false,,,,,,false,false,false,,,false,false,false,false,false,-83.23544,42.34312,"{
  ""coordinates"": [
    -8.323543733600000e+01,
    4.234312316000010e+01
  ],
  ""type"": ""Point""
}","{
  ""coordinates"": [
    -83.235437336,
    42.34312316
  ],
  ""type"": ""Point""
}",-83.235437336,42.3431231600001
9558,9335391,EB I 94,CASS,2015-07-27,27,7,2015,16,2,5,1,,1,0,,1,1,1,5,3,2,3,5,0,0,0,0,true,,false,false,true,false,false,,,,,,false,false,false,,,false,false,false,false,false,-83.07106,42.36235,"{
  ""coordinates"": [
    -8.307105869400000e+01,
    4.236235077400000e+01
  ],
  ""type"": ""Point""
}","{
  ""coordinates"": [
    -83.071058694,
    42.362350774
  ],
  ""type"": ""Point""
}",-83.071058694,42.362350774
9559,9331366,WYOMING,7 MILE,2015-07-27,27,7,2015,12,2,5,9,,4,0,,1,1,1,30,2,2,2,5,0,0,0,0,true,,false,false,true,false,false,,,,,,false,false,true,,,false,false,false,false,false,-83.16097,42.43132,"{
  ""coordinates"": [
    -8.316097481100000e+01,
    4.243131657700010e+01
  ],
  ""type"": ""Point""
}","{
  ""coordinates"": [
    -83.160974811,
    42.431316577
  ],
  ""type"": ""Point""
}",-83.160974811,42.4313165770001
9560,9330440,LARNED,RANDOLPH,2015-07-27,27,7,2015,8,2,9,3,,4,0,,1,1,1,25,3,2,2,5,0,0,0,0,true,,false,false,false,false,false,,,,,,false,false,false,,,false,false,false,false,false,-83.04249,42.3306,"{
  ""coordinates"": [
    -8.304248987600000e+01,
    4.233060014500010e+01
  ],
  ""type"": ""Point""
}","{
  ""coordinates"": [
    -83.042489876,
    42.330600145
  ],
  ""type"": ""Point""
}",-83.042489876,42.3306001450001
9561,9330436,CONNER,GRATIOT,2015-07-27,27,7,2015,14,2,4,3,,4,0,,1,1,1,35,5,2,2,5,0,0,0,0,true,,false,false,false,false,false,,,,,,false,false,true,,,false,false,false,false,false,-82.99762,42.405,"{
  ""coordinates"": [
    -8.299761689400000e+01,
    4.240500210800010e+01
  ],
  ""type"": ""Point""
}","{
  ""coordinates"": [
    -82.997616894,
    42.405002108
  ],
  ""type"": ""Point""
}",-82.997616894,42.4050021080001
9562,9330421,MOUNT ELLIOTT,W I 94,2015-07-27,27,7,2015,8,2,4,9,,4,0,,1,1,1,30,4,2,2,4,0,0,0,1,false,,false,false,false,false,false,,,,,,false,false,true,,,false,false,false,false,false,-83.03384,42.37926,"{
  ""coordinates"": [
    -8.303383716000000e+01,
    4.237925633300010e+01
  ],
  ""type"": ""Point""
}","{
  ""coordinates"": [
    -83.03383716,
    42.379256333
  ],
  ""type"": ""Point""
}",-83.03383716,42.3792563330001
9563,9330409,OUTER,S M 10,2015-07-27,27,7,2015,1,2,4,9,,2,0,,1,1,5,30,2,2,2,2,0,1,0,0,false,,false,false,false,false,false,,,,,,false,false,true,,,false,false,false,false,false,-83.1762,42.42085,"{
  ""coordinates"": [
    -8.317620436399990e+01,
    4.242084586200010e+01
  ],
  ""type"": ""Point""
}","{
  ""coordinates"": [
    -83.176204364,
    42.420845862
  ],
  ""type"": ""Point""
}",-83.1762043639999,42.4208458620001
9564,9339332,HOLBROOK,CANADIAN NATIONAL RAILWAY,2015-07-27,27,7,2015,13,2,5,9,,4,0,,1,1,1,30,4,2,2,5,0,0,0,0,true,,false,false,false,false,false,,,,,,false,true,false,,,false,false,false,false,false,-83.06455,42.38874,"{
  ""coordinates"": [
    -8.306455561099990e+01,
    4.238874024100010e+01
  ],
  ""type"": ""Point""
}","{
  ""coordinates"": [
    -83.064555611,
    42.388740241
  ],
  ""type"": ""Point""
}",-83.0645556109999,42.3887402410001
9565,9339331,JOHN R,FERRY,2015-07-27,27,7,2015,12,2,4,9,,4,0,,1,1,1,30,6,2,2,5,0,0,0,0,true,,false,false,false,false,false,,,,,,false,false,false,,,false,false,false,false,false,-83.06497,42.36193,"{
  ""coordinates"": [
    -8.306497429500000e+01,
    4.236193081300010e+01
  ],
  ""type"": ""Point""
}","{
  ""coordinates"": [
    -83.064974295,
    42.361930813
  ],
  ""type"": ""Point""
}",-83.064974295,42.3619308130001
9566,9333036,N M 10,LINWOOD,2015-07-27,27,7,2015,2,2,1,3,,1,1,,1,1,4,55,3,1,1,5,0,0,0,0,true,,false,false,false,false,false,,,,,,false,false,false,,,false,false,false,false,false,-83.12719,42.40522,"{
  ""coordinates"": [
    -8.312718755400000e+01,
    4.240521847200010e+01
  ],
  ""type"": ""Point""
}","{
  ""coordinates"": [
    -83.127187554,
    42.405218472
  ],
  ""type"": ""Point""
}",-83.127187554,42.4052184720001
9567,9330415,8 MILE,NORWOOD,2015-07-27,27,7,2015,13,2,4,3,,1,0,,1,1,1,30,6,2,3,5,0,0,0,0,true,,false,false,false,false,false,,,,,,false,false,true,,,false,false,false,false,false,-83.06873,42.4472,"{
  ""coordinates"": [
    -8.306872379700000e+01,
    4.244719955400010e+01
  ],
  ""type"": ""Point""
}","{
  ""coordinates"": [
    -83.068723797,
    42.447199554
  ],
  ""type"": ""Point""
}",-83.068723797,42.4471995540001
9568,9330432,JOHN R,MARSTON,2015-07-27,27,7,2015,15,2,4,9,,4,0,,1,1,1,25,3,2,2,5,0,0,0,0,true,,false,false,true,false,false,,,,,,false,false,false,,,false,false,false,false,false,-83.0742,42.37572,"{
  ""coordinates"": [
    -8.307420259199991e+01,
    4.237571678700000e+01
  ],
  ""type"": ""Point""
}","{
  ""coordinates"": [
    -83.074202592,
    42.375716787
  ],
  ""type"": ""Point""
}",-83.0742025919999,42.375716787
9569,9330433,JEFFERSON,WATERMAN,2015-07-27,27,7,2015,0,2,1,9,,4,1,,1,1,3,25,4,1,1,5,0,0,0,0,true,,false,false,true,false,false,,,,,,false,false,true,,,false,false,false,false,false,-83.10353,42.2967,"{
  ""coordinates"": [
    -8.310353086700000e+01,
    4.229669598400010e+01
  ],
  ""type"": ""Point""
}","{
  ""coordinates"": [
    -83.103530867,
    42.296695984
  ],
  ""type"": ""Point""
}",-83.103530867,42.2966959840001
9570,9379257,GLADYS,CICOTTE,2015-07-27,27,7,2015,18,2,4,9,,,0,,1,1,1,25,2,2,4,5,0,0,0,0,true,,false,false,false,false,false,,,,,,false,false,false,,,false,false,false,false,false,-83.12933,42.33908,"{
  ""coordinates"": [
    -8.312932783699991e+01,
    4.233907829600000e+01
  ],
  ""type"": ""Point""
}","{
  ""coordinates"": [
    -83.129327837,
    42.339078296
  ],
  ""type"": ""Point""
}",-83.1293278369999,42.339078296
9571,9333597,GRATIOT,VAN DYKE,2015-07-27,27,7,2015,17,2,5,3,,1,0,,1,1,1,0,8,2,2,5,0,0,0,0,true,,false,false,false,false,false,,,,,,false,false,true,,,false,false,false,false,false,-83.01469,42.37881,"{
  ""coordinates"": [
    -8.301468806699999e+01,
    4.237880829000010e+01
  ],
  ""type"": ""Point""
}","{
  ""coordinates"": [
    -83.014688067,
    42.37880829
  ],
  ""type"": ""Point""
}",-83.014688067,42.3788082900001
9572,9330307,E I 96 CD,RAMP 135A,2015-07-27,27,7,2015,18,2,1,1,,1,1,,1,1,1,70,4,1,1,5,0,0,0,0,true,,false,false,false,false,false,,,,,,false,false,false,,,false,false,false,false,false,-83.24324,42.38488,"{
  ""coordinates"": [
    -8.324323838100000e+01,
    4.238487797700000e+01
  ],
  ""type"": ""Point""
}","{
  ""coordinates"": [
    -83.243238381,
    42.384877977
  ],
  ""type"": ""Point""
}",-83.243238381,42.384877977
9573,9335442,M 39,6 MILE,2015-07-27,27,7,2015,3,2,5,3,,1,0,,1,1,4,55,3,2,1,4,0,0,0,1,false,,false,false,false,false,false,,,,,,false,false,false,,,false,false,false,false,false,-83.21871,42.4161,"{
  ""coordinates"": [
    -8.321870865400000e+01,
    4.241610227300000e+01
  ],
  ""type"": ""Point""
}","{
  ""coordinates"": [
    -83.218708654,
    42.416102273
  ],
  ""type"": ""Point""
}",-83.218708654,42.416102273
9574,9364201,7 MILE,GRANDVILLE,2015-07-27,27,7,2015,8,2,4,9,,2,0,,1,1,1,35,4,2,2,5,0,0,0,0,true,,false,false,false,false,false,,,,,,false,true,false,,,false,false,false,false,false,-83.23187,42.42976,"{
  ""coordinates"": [
    -8.323186982999989e+01,
    4.242976235400000e+01
  ],
  ""type"": ""Point""
}","{
  ""coordinates"": [
    -83.23186983,
    42.429762354
  ],
  ""type"": ""Point""
}",-83.2318698299999,42.429762354
9575,9331348,GRIGGS,FENKELL,2015-07-27,27,7,2015,6,2,97,9,,,0,,1,1,4,25,1,2,3,5,0,0,0,0,true,,false,false,true,false,false,,,,,,false,false,true,,,false,false,false,false,false,-83.16289,42.40246,"{
  ""coordinates"": [
    -8.316289113700000e+01,
    4.240245811900010e+01
  ],
  ""type"": ""Point""
}","{
  ""coordinates"": [
    -83.162891137,
    42.402458119
  ],
  ""type"": ""Point""
}",-83.162891137,42.4024581190001
9576,9351125,3RD,PRENTIS,2015-07-27,27,7,2015,15,2,8,9,,4,0,,1,1,1,25,2,2,2,5,0,0,0,0,true,,false,false,true,false,false,,,,,,false,false,true,,,false,false,false,false,false,-83.06941,42.35158,"{
  ""coordinates"": [
    -8.306941072599990e+01,
    4.235157717100000e+01
  ],
  ""type"": ""Point""
}","{
  ""coordinates"": [
    -83.069410726,
    42.351577171
  ],
  ""type"": ""Point""
}",-83.0694107259999,42.351577171
9577,9353467,SAINT MARYS,CAMBRIDGE,2015-07-27,27,7,2015,15,2,4,9,,,0,,1,1,1,25,4,2,3,5,0,0,0,0,true,,true,false,false,false,false,,,,,,false,true,false,,,false,false,false,false,false,-83.20737,42.43211,"{
  ""coordinates"": [
    -8.320737201000000e+01,
    4.243211008900000e+01
  ],
  ""type"": ""Point""
}","{
  ""coordinates"": [
    -83.20737201,
    42.432110089
  ],
  ""type"": ""Point""
}",-83.20737201,42.432110089
9578,9336453,MICHIGAN,CENTRAL,2015-07-27,27,7,2015,3,2,8,2,,1,0,,1,1,4,35,5,2,4,5,0,0,0,0,true,,false,false,false,false,false,,,,,,false,false,true,,,false,false,false,false,false,-83.13765,42.3311,"{
  ""coordinates"": [
    -8.313764588899990e+01,
    4.233110230900010e+01
  ],
  ""type"": ""Point""
}","{
  ""coordinates"": [
    -83.137645889,
    42.331102309
  ],
  ""type"": ""Point""
}",-83.1376458889999,42.3311023090001
9579,9364247,OUTER,VASSER,2015-07-27,27,7,2015,15,2,8,9,,2,0,,1,1,1,35,2,2,2,5,0,0,0,0,true,,false,false,false,false,false,,,,,,false,false,false,,,false,false,false,false,false,-83.25844,42.43274,"{
  ""coordinates"": [
    -8.325843794699990e+01,
    4.243273549900000e+01
  ],
  ""type"": ""Point""
}","{
  ""coordinates"": [
    -83.258437947,
    42.432735499
  ],
  ""type"": ""Point""
}",-83.2584379469999,42.432735499
9580,9331334,JEFFERSON,VAN DYKE,2015-07-27,27,7,2015,14,2,5,9,,4,0,,1,1,1,35,6,2,2,3,0,0,1,0,false,,false,false,false,false,false,,,,,,false,false,false,,,false,false,false,false,false,-82.99432,42.35175,"{
  ""coordinates"": [
    -8.299432086000000e+01,
    4.235175372700010e+01
  ],
  ""type"": ""Point""
}","{
  ""coordinates"": [
    -82.99432086,
    42.351753727
  ],
  ""type"": ""Point""
}",-82.99432086,42.3517537270001
9581,9331337,BRAILE,FLORENCE,2015-07-27,27,7,2015,0,2,5,9,,,0,,1,1,4,25,2,2,2,4,0,0,0,1,false,,false,false,false,false,false,,,,,,false,false,true,,,false,false,false,false,false,-83.2452,42.40821,"{
  ""coordinates"": [
    -8.324519780999999e+01,
    4.240821028300010e+01
  ],
  ""type"": ""Point""
}","{
  ""coordinates"": [
    -83.24519781,
    42.408210283
  ],
  ""type"": ""Point""
}",-83.24519781,42.4082102830001
9582,9331354,8 MILE,FAUST,2015-07-27,27,7,2015,16,2,8,3,,1,0,,1,1,1,45,4,2,2,5,0,0,0,0,true,,false,false,true,false,false,,,,,,false,false,false,,,false,false,false,false,false,-83.22502,42.44406,"{
  ""coordinates"": [
    -8.322502304600000e+01,
    4.244405985300010e+01
  ],
  ""type"": ""Point""
}","{
  ""coordinates"": [
    -83.225023046,
    42.444059853
  ],
  ""type"": ""Point""
}",-83.225023046,42.4440598530001
9583,9330420,RUTLAND,CHICAGO,2015-07-27,27,7,2015,0,2,5,9,,,0,,1,1,4,25,1,2,1,5,0,0,0,0,true,,false,false,true,true,false,,,,,,false,false,false,,,false,false,false,false,false,-83.21307,42.3665,"{
  ""coordinates"": [
    -8.321307294000000e+01,
    4.236649637700000e+01
  ],
  ""type"": ""Point""
}","{
  ""coordinates"": [
    -83.21307294,
    42.366496377
  ],
  ""type"": ""Point""
}",-83.21307294,42.366496377
9584,9331330,GREENFIELD,FARGO,2015-07-27,27,7,2015,17,2,5,9,,2,0,,1,1,1,35,2,2,2,5,0,0,0,0,true,,false,false,false,false,false,,,,,,false,false,true,,,false,false,false,false,false,-83.20026,42.43958,"{
  ""coordinates"": [
    -8.320025701700000e+01,
    4.243957462200010e+01
  ],
  ""type"": ""Point""
}","{
  ""coordinates"": [
    -83.200257017,
    42.439574622
  ],
  ""type"": ""Point""
}",-83.200257017,42.4395746220001
9585,9332924,I-75,7 MILE,2015-07-27,27,7,2015,3,2,1,1,,1,1,,1,2,4,70,3,1,1,4,0,0,0,1,false,,false,false,true,false,false,,,,,,false,false,false,,,false,false,false,false,false,-83.09422,42.42887,"{
  ""coordinates"": [
    -8.309421695600000e+01,
    4.242887058000010e+01
  ],
  ""type"": ""Point""
}","{
  ""coordinates"": [
    -83.094216956,
    42.42887058
  ],
  ""type"": ""Point""
}",-83.094216956,42.4288705800001
9586,9364223,MCNICHOLS,BRAMELL,2015-07-27,27,7,2015,10,2,5,9,,2,0,,1,1,4,30,3,2,2,5,0,0,0,0,true,,false,false,false,false,false,,,,,,false,false,false,,,false,false,false,false,false,-83.26482,42.41467,"{
  ""coordinates"": [
    -8.326481874000000e+01,
    4.241466512700000e+01
  ],
  ""type"": ""Point""
}","{
  ""coordinates"": [
    -83.26481874,
    42.414665127
  ],
  ""type"": ""Point""
}",-83.26481874,42.414665127