ObjectId,Crash ID,Primary Road,Intersecting Road,Crash Date,Day,Month,Year,Hour,Weekday,Crash Type Code,Highway Classification Code,Community Code,Jurisdiction Code,Lane Departure Type Code,Surface Type,Road Condition,Weather Condition,Lighting Condition,Speed Limit,Lanes,Units,Occupants,Most Severe Injury,Fatal Injuries,Suspected Serious Injuries,Suspected Minor Injuries,Possible Injuries,Property Damage Only,Secondary Crash,Traffic Control,Red Light Run,Hit and Run,Alcohol,Drugs,Unbelted Person,Work Zone,Speeding Driver,Distracted Driver,Driveway,Pedestrian,Elderly Driver,Young Driver,Commercial Vehicle,Emergency Vehicles,Train,School Bus,Motorcycle,Bicycle,Deer,Longitude,Latitude,geom,geog,x,y
9587,9332100,W I 96,SOUTHFIELD SERVICE DRIVE,2015-07-27,27,7,2015,17,2,5,1,,1,0,,1,1,1,55,1,2,2,5,0,0,0,0,true,,false,false,true,false,false,,,,,,false,false,false,,,false,false,false,false,false,-83.21738,42.3788,"{
  ""coordinates"": [
    -8.321737342400000e+01,
    4.237879900200010e+01
  ],
  ""type"": ""Point""
}","{
  ""coordinates"": [
    -83.217373424,
    42.378799002
  ],
  ""type"": ""Point""
}",-83.217373424,42.3787990020001
9588,9330416,LUMLEY,MCGRAW,2015-07-26,26,7,2015,4,1,8,9,,,0,,2,4,4,25,3,2,0,5,0,0,0,0,true,,false,false,true,false,false,,,,,,false,false,false,,,false,false,false,false,false,-83.14293,42.33368,"{
  ""coordinates"": [
    -8.314292750300000e+01,
    4.233367554200000e+01
  ],
  ""type"": ""Point""
}","{
  ""coordinates"": [
    -83.142927503,
    42.333675542
  ],
  ""type"": ""Point""
}",-83.142927503,42.333675542
9589,9331997,I-96,EVERGREEN,2015-07-26,26,7,2015,20,1,5,1,,1,0,,1,1,1,55,3,2,2,5,0,0,0,0,true,,false,false,false,false,false,,,,,,false,false,true,,,false,false,false,false,false,-83.23517,42.37952,"{
  ""coordinates"": [
    -8.323516843100001e+01,
    4.237952118800010e+01
  ],
  ""type"": ""Point""
}","{
  ""coordinates"": [
    -83.235168431,
    42.379521188
  ],
  ""type"": ""Point""
}",-83.235168431,42.3795211880001
9590,9329414,STOCKTON,PACKARD,2015-07-26,26,7,2015,8,1,5,9,,,0,,1,1,1,25,2,2,1,5,0,0,0,0,true,,false,false,false,false,false,,,,,,false,false,false,,,false,false,false,false,false,-83.02844,42.42859,"{
  ""coordinates"": [
    -8.302844457399991e+01,
    4.242859383300000e+01
  ],
  ""type"": ""Point""
}","{
  ""coordinates"": [
    -83.028444574,
    42.428593833
  ],
  ""type"": ""Point""
}",-83.0284445739999,42.428593833
9591,9329417,MEYERS,LYNDON,2015-07-26,26,7,2015,14,1,4,9,,4,0,,1,1,1,30,3,2,2,5,0,0,0,0,true,,false,false,false,false,false,,,,,,false,true,false,,,false,false,false,false,false,-83.16904,42.39503,"{
  ""coordinates"": [
    -8.316904475800000e+01,
    4.239502894400000e+01
  ],
  ""type"": ""Point""
}","{
  ""coordinates"": [
    -83.169044758,
    42.395028944
  ],
  ""type"": ""Point""
}",-83.169044758,42.395028944
9592,9331189,S I 75,CLARK,2015-07-26,26,7,2015,0,1,8,1,,1,0,,1,1,4,55,4,2,5,5,0,0,0,0,true,,false,false,false,true,false,,,,,,false,true,true,,,false,false,false,false,false,-83.09097,42.31372,"{
  ""coordinates"": [
    -8.309096259400000e+01,
    4.231371735600000e+01
  ],
  ""type"": ""Point""
}","{
  ""coordinates"": [
    -83.090962594,
    42.313717356
  ],
  ""type"": ""Point""
}",-83.090962594,42.313717356
9593,9328862,WOODWARD,MILWAUKEE,2015-07-26,26,7,2015,2,1,5,3,,1,0,,2,2,4,35,8,2,1,5,0,0,0,0,true,,false,false,true,false,false,,,,,,false,false,false,,,false,false,false,false,false,-83.07273,42.36937,"{
  ""coordinates"": [
    -8.307272763700000e+01,
    4.236936512300010e+01
  ],
  ""type"": ""Point""
}","{
  ""coordinates"": [
    -83.072727637,
    42.369365123
  ],
  ""type"": ""Point""
}",-83.072727637,42.3693651230001
9594,9399129,GREENFIELD,SEVEN MILE,2015-07-26,26,7,2015,20,1,4,9,,2,0,,1,1,1,30,5,2,1,5,0,0,0,0,true,,false,false,true,false,false,,,,,,false,false,false,,,false,false,false,false,false,-83.19987,42.43042,"{
  ""coordinates"": [
    -8.319986535699999e+01,
    4.243042050400000e+01
  ],
  ""type"": ""Point""
}","{
  ""coordinates"": [
    -83.199865357,
    42.430420504
  ],
  ""type"": ""Point""
}",-83.199865357,42.430420504
9595,9399338,GRAND,W I 96,2015-07-26,26,7,2015,15,1,4,9,,4,0,,1,1,1,30,2,2,4,5,0,0,0,0,true,,true,true,true,false,false,,,,,,false,false,false,,,false,false,false,false,false,-83.11076,42.35616,"{
  ""coordinates"": [
    -8.311076075999991e+01,
    4.235615870300010e+01
  ],
  ""type"": ""Point""
}","{
  ""coordinates"": [
    -83.11076076,
    42.356158703
  ],
  ""type"": ""Point""
}",-83.1107607599999,42.3561587030001
9596,9329432,DEQUINDRE,VICTOR,2015-07-26,26,7,2015,11,1,5,9,,4,0,,1,1,1,25,4,2,2,4,0,0,0,1,false,,false,false,false,false,false,,,,,,false,false,false,,,false,false,false,false,false,-83.07983,42.41303,"{
  ""coordinates"": [
    -8.307982562599990e+01,
    4.241302918600010e+01
  ],
  ""type"": ""Point""
}","{
  ""coordinates"": [
    -83.079825626,
    42.413029186
  ],
  ""type"": ""Point""
}",-83.0798256259999,42.4130291860001
9597,9337343,GRAND,KERCHEVAL,2015-07-26,26,7,2015,21,1,1,9,,4,1,,1,1,4,15,1,1,1,5,0,0,0,0,true,,false,false,false,false,false,,,,,,false,false,false,,,false,false,false,false,false,-83.00744,42.35558,"{
  ""coordinates"": [
    -8.300743683000000e+01,
    4.235557634200010e+01
  ],
  ""type"": ""Point""
}","{
  ""coordinates"": [
    -83.00743683,
    42.355576342
  ],
  ""type"": ""Point""
}",-83.00743683,42.3555763420001
9598,9401484,SCHAEFER,EATON,2015-07-26,26,7,2015,15,1,8,9,,4,0,,1,1,1,35,5,2,1,4,0,0,0,1,false,,false,false,true,false,false,,,,,,false,false,false,,,false,false,true,false,false,-83.1789,42.39728,"{
  ""coordinates"": [
    -8.317890285399990e+01,
    4.239727693100010e+01
  ],
  ""type"": ""Point""
}","{
  ""coordinates"": [
    -83.178902854,
    42.397276931
  ],
  ""type"": ""Point""
}",-83.1789028539999,42.3972769310001
9599,9364200,MEYERS,LYNDON,2015-07-26,26,7,2015,14,1,4,9,,4,0,,1,1,1,30,3,2,2,5,0,0,0,0,true,,true,true,false,false,false,,,,,,false,true,false,,,false,false,false,false,false,-83.16904,42.39503,"{
  ""coordinates"": [
    -8.316904475800000e+01,
    4.239502894400000e+01
  ],
  ""type"": ""Point""
}","{
  ""coordinates"": [
    -83.169044758,
    42.395028944
  ],
  ""type"": ""Point""
}",-83.169044758,42.395028944
9600,9364222,RAMP 051G,8 MILE,2015-07-26,26,7,2015,17,1,5,2,,1,0,,1,1,1,15,1,2,1,5,0,0,0,0,true,,false,false,false,false,false,,,,,,false,true,false,,,false,false,false,false,false,-83.27914,42.44271,"{
  ""coordinates"": [
    -8.327914250200000e+01,
    4.244270604000010e+01
  ],
  ""type"": ""Point""
}","{
  ""coordinates"": [
    -83.279142502,
    42.44270604
  ],
  ""type"": ""Point""
}",-83.279142502,42.4427060400001
9601,9364176,LYNDON,MEYERS,2015-07-26,26,7,2015,14,1,4,9,,4,0,,1,1,1,30,3,2,2,5,0,0,0,0,true,,true,true,false,false,false,,,,,,false,true,false,,,false,false,false,false,false,-83.16904,42.39503,"{
  ""coordinates"": [
    -8.316904475800000e+01,
    4.239502894400000e+01
  ],
  ""type"": ""Point""
}","{
  ""coordinates"": [
    -83.169044758,
    42.395028944
  ],
  ""type"": ""Point""
}",-83.169044758,42.395028944
9602,9644148,ASHTON,8 MILE,2015-07-26,26,7,2015,14,1,5,3,,,0,,1,1,1,35,2,2,2,5,0,0,0,0,true,,false,false,false,false,false,,,,,,false,false,false,,,false,false,false,false,false,-83.22129,42.44411,"{
  ""coordinates"": [
    -8.322129339500000e+01,
    4.244411238700010e+01
  ],
  ""type"": ""Point""
}","{
  ""coordinates"": [
    -83.221293395,
    42.444112387
  ],
  ""type"": ""Point""
}",-83.221293395,42.4441123870001
9603,9330434,FORT,MILITARY,2015-07-26,26,7,2015,4,1,1,3,,1,1,,1,1,4,35,5,1,0,5,0,0,0,0,true,,false,false,true,false,false,,,,,,false,false,false,,,false,false,false,false,false,-83.10109,42.30763,"{
  ""coordinates"": [
    -8.310108985100000e+01,
    4.230763408900000e+01
  ],
  ""type"": ""Point""
}","{
  ""coordinates"": [
    -83.101089851,
    42.307634089
  ],
  ""type"": ""Point""
}",-83.101089851,42.307634089
9604,9329438,MARTIN LUTHER KING JR,N M 10,2015-07-26,26,7,2015,15,1,3,9,,4,0,,1,1,1,25,6,2,3,5,0,0,0,0,true,,false,false,false,false,false,,,,,,false,false,false,,,false,false,false,false,false,-83.06807,42.34336,"{
  ""coordinates"": [
    -8.306806916799999e+01,
    4.234335857500000e+01
  ],
  ""type"": ""Point""
}","{
  ""coordinates"": [
    -83.068069168,
    42.343358575
  ],
  ""type"": ""Point""
}",-83.068069168,42.343358575
9605,9337344,KENTFORD,GRAND RIVER,2015-07-26,26,7,2015,22,1,97,3,,,0,,2,1,1,5,2,2,1,5,0,0,0,0,true,,false,false,true,false,false,,,,,,false,false,false,,,false,false,false,false,false,-83.22144,42.40235,"{
  ""coordinates"": [
    -8.322143963900000e+01,
    4.240234692000010e+01
  ],
  ""type"": ""Point""
}","{
  ""coordinates"": [
    -83.221439639,
    42.40234692
  ],
  ""type"": ""Point""
}",-83.221439639,42.4023469200001
9606,9330430,JEFFERSON,WOODWARD,2015-07-26,26,7,2015,2,1,97,3,,1,0,,1,1,1,30,3,3,4,4,0,0,0,2,false,,false,false,true,false,false,,,,,,false,false,true,,,false,false,false,false,false,-83.04479,42.32873,"{
  ""coordinates"": [
    -8.304479369400001e+01,
    4.232873224600010e+01
  ],
  ""type"": ""Point""
}","{
  ""coordinates"": [
    -83.044793694,
    42.328732246
  ],
  ""type"": ""Point""
}",-83.044793694,42.3287322460001
9607,9400278,MT ELLIOTT,FOREST,2015-07-26,26,7,2015,15,1,97,9,,4,0,,1,1,1,30,4,2,3,5,0,0,0,0,true,,false,false,false,false,false,,,,,,false,false,true,,,false,false,false,false,false,-83.0263,42.36842,"{
  ""coordinates"": [
    -8.302629844200000e+01,
    4.236841456300000e+01
  ],
  ""type"": ""Point""
}","{
  ""coordinates"": [
    -83.026298442,
    42.368414563
  ],
  ""type"": ""Point""
}",-83.026298442,42.368414563
9608,9399315,LAFAYETTE,GRISWOLD,2015-07-26,26,7,2015,3,1,8,9,,4,0,,1,1,4,25,3,2,2,5,0,0,0,0,true,,false,false,true,false,false,,,,,,false,false,false,,,false,false,false,false,false,-83.04825,42.33162,"{
  ""coordinates"": [
    -8.304824616199990e+01,
    4.233162263300010e+01
  ],
  ""type"": ""Point""
}","{
  ""coordinates"": [
    -83.048246162,
    42.331622633
  ],
  ""type"": ""Point""
}",-83.0482461619999,42.3316226330001
9609,9332031,M-39,PURITAN,2015-07-26,26,7,2015,16,1,97,3,,1,0,,1,1,1,55,3,2,2,5,0,0,0,0,true,,false,false,false,false,false,,,,,,false,true,false,,,false,false,false,false,false,-83.21844,42.40696,"{
  ""coordinates"": [
    -8.321843730300000e+01,
    4.240695513400000e+01
  ],
  ""type"": ""Point""
}","{
  ""coordinates"": [
    -83.218437303,
    42.406955134
  ],
  ""type"": ""Point""
}",-83.218437303,42.406955134
9610,9330428,MACK,JOHN R,2015-07-26,26,7,2015,1,1,5,9,,4,0,,1,1,4,25,9,3,3,5,0,0,0,0,true,,false,false,true,false,false,,,,,,false,false,false,,,false,false,false,false,false,-83.05588,42.34844,"{
  ""coordinates"": [
    -8.305587924100000e+01,
    4.234843739300000e+01
  ],
  ""type"": ""Point""
}","{
  ""coordinates"": [
    -83.055879241,
    42.348437393
  ],
  ""type"": ""Point""
}",-83.055879241,42.348437393
9611,9363337,VAN DYKE,CURT,2015-07-26,26,7,2015,18,1,8,3,,1,0,,1,1,1,25,2,2,3,5,0,0,0,0,true,,false,false,true,false,false,,,,,,false,true,false,,,false,false,false,false,false,-83.02254,42.39077,"{
  ""coordinates"": [
    -8.302253509699990e+01,
    4.239076630500010e+01
  ],
  ""type"": ""Point""
}","{
  ""coordinates"": [
    -83.022535097,
    42.390766305
  ],
  ""type"": ""Point""
}",-83.0225350969999,42.3907663050001
9612,9329406,STATE FAIR,KEATING,2015-07-26,26,7,2015,3,1,4,9,,4,0,,1,1,5,15,2,2,0,5,0,0,0,0,true,,false,false,true,false,false,,,,,,false,false,false,,,false,false,false,false,false,-83.10043,42.43959,"{
  ""coordinates"": [
    -8.310042795899990e+01,
    4.243958651700010e+01
  ],
  ""type"": ""Point""
}","{
  ""coordinates"": [
    -83.100427959,
    42.439586517
  ],
  ""type"": ""Point""
}",-83.1004279589999,42.4395865170001
9613,9329435,MEYERS,JAMES COUZENS,2015-07-26,26,7,2015,0,1,4,9,,4,0,,1,1,5,0,2,2,5,5,0,0,0,0,true,,false,false,true,false,false,,,,,,false,false,true,,,false,false,false,false,false,-83.17001,42.41467,"{
  ""coordinates"": [
    -8.317000782299991e+01,
    4.241466382100000e+01
  ],
  ""type"": ""Point""
}","{
  ""coordinates"": [
    -83.170007823,
    42.414663821
  ],
  ""type"": ""Point""
}",-83.1700078229999,42.414663821
9614,9329418,OUTER,CHICAGO,2015-07-26,26,7,2015,5,1,1,9,,2,1,,1,1,4,35,4,1,2,3,0,0,1,1,false,,false,false,false,false,false,,,,,,false,false,true,,,false,false,false,false,true,-83.26049,42.36421,"{
  ""coordinates"": [
    -8.326049330599990e+01,
    4.236421038500000e+01
  ],
  ""type"": ""Point""
}","{
  ""coordinates"": [
    -83.260493306,
    42.364210385
  ],
  ""type"": ""Point""
}",-83.2604933059999,42.364210385
9615,9328763,S M 10,LINWOOD,2015-07-26,26,7,2015,0,1,5,3,,1,0,,2,2,4,55,2,2,2,5,0,0,0,0,true,,false,false,false,false,false,,,,,,false,false,false,,,false,false,false,false,false,-83.12749,42.40508,"{
  ""coordinates"": [
    -8.312749012599990e+01,
    4.240507626500000e+01
  ],
  ""type"": ""Point""
}","{
  ""coordinates"": [
    -83.127490126,
    42.405076265
  ],
  ""type"": ""Point""
}",-83.1274901259999,42.405076265
9616,9400279,8 MILE,S I 75,2015-07-26,26,7,2015,18,1,4,3,,1,0,,1,1,1,30,4,2,3,4,0,0,0,2,false,,false,false,false,false,false,,,,,,false,false,false,,,false,false,false,false,false,-83.09488,42.4468,"{
  ""coordinates"": [
    -8.309488034799990e+01,
    4.244679777200000e+01
  ],
  ""type"": ""Point""
}","{
  ""coordinates"": [
    -83.094880348,
    42.446797772
  ],
  ""type"": ""Point""
}",-83.0948803479999,42.446797772
9617,9379658,BLOOM,NEVADA,2015-07-26,26,7,2015,19,1,4,9,,,0,,1,1,1,25,1,2,1,5,0,0,0,0,true,,false,false,false,false,false,,,,,,false,true,false,,,false,false,false,false,false,-83.04893,42.4263,"{
  ""coordinates"": [
    -8.304893349199990e+01,
    4.242630396700010e+01
  ],
  ""type"": ""Point""
}","{
  ""coordinates"": [
    -83.048933492,
    42.426303967
  ],
  ""type"": ""Point""
}",-83.0489334919999,42.4263039670001
9618,9364181,MEYERS,LYNDON,2015-07-26,26,7,2015,14,1,4,9,,4,0,,1,1,1,30,3,2,2,5,0,0,0,0,true,,false,false,false,false,false,,,,,,false,true,false,,,false,false,false,false,false,-83.16904,42.39503,"{
  ""coordinates"": [
    -8.316904475800000e+01,
    4.239502894400000e+01
  ],
  ""type"": ""Point""
}","{
  ""coordinates"": [
    -83.169044758,
    42.395028944
  ],
  ""type"": ""Point""
}",-83.169044758,42.395028944
9619,9379259,BLOOM,NEVADA,2015-07-26,26,7,2015,16,1,97,9,,,0,,1,1,1,25,1,2,0,5,0,0,0,0,true,,false,false,true,false,false,,,,,,false,false,false,,,false,false,false,false,false,-83.04893,42.42619,"{
  ""coordinates"": [
    -8.304892882599999e+01,
    4.242618774400010e+01
  ],
  ""type"": ""Point""
}","{
  ""coordinates"": [
    -83.048928826,
    42.426187744
  ],
  ""type"": ""Point""
}",-83.048928826,42.4261877440001
9620,9330427,WARREN,ARCHDALE,2015-07-26,26,7,2015,15,1,5,9,,2,0,,1,1,1,35,2,2,2,5,0,0,0,0,true,,false,false,true,false,false,,,,,,false,false,false,,,false,false,false,false,false,-83.21475,42.34339,"{
  ""coordinates"": [
    -8.321475527500000e+01,
    4.234339002700010e+01
  ],
  ""type"": ""Point""
}","{
  ""coordinates"": [
    -83.214755275,
    42.343390027
  ],
  ""type"": ""Point""
}",-83.214755275,42.3433900270001
9621,9332925,S M 10,CHICAGO,2015-07-26,26,7,2015,14,1,5,3,,1,0,,1,1,1,55,3,2,2,5,0,0,0,0,true,,false,false,false,false,false,,,,,,false,true,false,,,false,false,false,false,false,-83.09624,42.38269,"{
  ""coordinates"": [
    -8.309623502600000e+01,
    4.238268761700000e+01
  ],
  ""type"": ""Point""
}","{
  ""coordinates"": [
    -83.096235026,
    42.382687617
  ],
  ""type"": ""Point""
}",-83.096235026,42.382687617
9622,9333031,VAN DYKE,CONSOLIDATED RAIL CORPORATION,2015-07-26,26,7,2015,16,1,97,3,,1,0,,1,1,1,30,2,2,1,5,0,0,0,0,true,,false,false,false,true,false,,,,,,false,false,false,,,false,false,false,false,false,-83.02306,42.40276,"{
  ""coordinates"": [
    -8.302306357499999e+01,
    4.240276135800010e+01
  ],
  ""type"": ""Point""
}","{
  ""coordinates"": [
    -83.023063575,
    42.402761358
  ],
  ""type"": ""Point""
}",-83.023063575,42.4027613580001
9623,9332096,7 MILE,SHIAWASSEE,2015-07-26,26,7,2015,13,1,97,9,,2,0,,1,1,1,30,1,2,0,5,0,0,0,0,true,,false,false,true,false,false,,,,,,false,false,false,,,false,false,false,false,false,-83.27194,42.42908,"{
  ""coordinates"": [
    -8.327194414800000e+01,
    4.242907720700000e+01
  ],
  ""type"": ""Point""
}","{
  ""coordinates"": [
    -83.271944148,
    42.429077207
  ],
  ""type"": ""Point""
}",-83.271944148,42.429077207
9624,9331235,M10,WARREN,2015-07-26,26,7,2015,7,1,1,3,,1,1,,1,1,5,55,3,1,1,5,0,0,0,0,true,,false,false,true,false,false,,,,,,false,false,true,,,false,false,false,false,false,-83.07359,42.35373,"{
  ""coordinates"": [
    -8.307359313700000e+01,
    4.235373475300000e+01
  ],
  ""type"": ""Point""
}","{
  ""coordinates"": [
    -83.073593137,
    42.353734753
  ],
  ""type"": ""Point""
}",-83.073593137,42.353734753
9625,9331329,WYOMING,OUTER,2015-07-26,26,7,2015,14,1,8,9,,4,0,,1,1,1,30,2,2,3,5,0,0,0,0,true,,false,false,true,false,false,,,,,,false,false,false,,,false,false,false,false,false,-83.16109,42.43472,"{
  ""coordinates"": [
    -8.316109161000000e+01,
    4.243472004500010e+01
  ],
  ""type"": ""Point""
}","{
  ""coordinates"": [
    -83.16109161,
    42.434720045
  ],
  ""type"": ""Point""
}",-83.16109161,42.4347200450001
9626,9331220,I-75,SECOND,2015-07-26,26,7,2015,13,1,5,1,,1,0,,1,1,1,55,4,2,2,5,0,0,0,0,true,,false,false,false,false,false,,,,,,false,false,false,,,false,false,false,false,false,-83.05936,42.33641,"{
  ""coordinates"": [
    -8.305935645600000e+01,
    4.233641024200010e+01
  ],
  ""type"": ""Point""
}","{
  ""coordinates"": [
    -83.059356456,
    42.336410242
  ],
  ""type"": ""Point""
}",-83.059356456,42.3364102420001
9627,9332008,I-94,CASS,2015-07-26,26,7,2015,0,1,5,1,,1,0,,2,2,4,55,3,2,5,5,0,0,0,0,true,,false,false,true,false,false,,,,,,false,false,true,,,false,false,false,false,false,-83.07049,42.36271,"{
  ""coordinates"": [
    -8.307048768000000e+01,
    4.236270684000000e+01
  ],
  ""type"": ""Point""
}","{
  ""coordinates"": [
    -83.07048768,
    42.36270684
  ],
  ""type"": ""Point""
}",-83.07048768,42.36270684
9628,9350283,7 MILE,ALGONAC,2015-07-26,26,7,2015,2,1,5,9,,4,0,,1,1,4,35,2,2,1,5,0,0,0,0,true,,false,false,true,false,false,,,,,,false,false,true,,,false,false,false,false,false,-83.01011,42.43428,"{
  ""coordinates"": [
    -8.301010536800000e+01,
    4.243428378800010e+01
  ],
  ""type"": ""Point""
}","{
  ""coordinates"": [
    -83.010105368,
    42.434283788
  ],
  ""type"": ""Point""
}",-83.010105368,42.4342837880001
9629,9343430,GRAND RIVER,S I 75 SERVICE DRIVE,2015-07-26,26,7,2015,1,1,97,3,,1,0,,1,1,4,30,6,2,3,4,0,0,0,1,false,,false,false,false,false,false,,,,,,false,false,true,,,false,false,false,false,false,-83.05984,42.33677,"{
  ""coordinates"": [
    -8.305984193499999e+01,
    4.233677459400010e+01
  ],
  ""type"": ""Point""
}","{
  ""coordinates"": [
    -83.059841935,
    42.336774594
  ],
  ""type"": ""Point""
}",-83.059841935,42.3367745940001
9630,9331325,HEALY,7 MILE,2015-07-26,26,7,2015,19,1,2,9,,,2,,1,2,1,25,2,2,5,5,0,0,0,0,true,,false,false,false,false,false,,,,,,false,false,true,,,false,false,false,false,false,-83.05539,42.43317,"{
  ""coordinates"": [
    -8.305539080499990e+01,
    4.243316588500010e+01
  ],
  ""type"": ""Point""
}","{
  ""coordinates"": [
    -83.055390805,
    42.433165885
  ],
  ""type"": ""Point""
}",-83.0553908049999,42.4331658850001
9631,9332113,LIVERNOIS,JOHN KRONK,2015-07-26,26,7,2015,18,1,2,9,,4,0,,1,1,1,35,7,2,5,2,0,3,0,0,false,,false,false,false,false,false,,,,,,false,false,false,,,false,false,false,false,false,-83.11543,42.32436,"{
  ""coordinates"": [
    -8.311542435099990e+01,
    4.232436040600000e+01
  ],
  ""type"": ""Point""
}","{
  ""coordinates"": [
    -83.115424351,
    42.324360406
  ],
  ""type"": ""Point""
}",-83.1154243509999,42.324360406
9632,9340347,CHESTER,FARMBROOK,2015-07-26,26,7,2015,20,1,4,9,,4,0,,1,1,3,25,2,2,1,5,0,0,0,0,true,,false,false,false,false,false,,,,,,false,false,false,,,false,false,false,false,false,-82.92685,42.42103,"{
  ""coordinates"": [
    -8.292684825399991e+01,
    4.242102882400010e+01
  ],
  ""type"": ""Point""
}","{
  ""coordinates"": [
    -82.926848254,
    42.421028824
  ],
  ""type"": ""Point""
}",-82.9268482539999,42.4210288240001
9633,9331221,RAMP 216I,MILWAUKEE,2015-07-26,26,7,2015,16,1,5,1,,1,0,,1,1,1,55,2,3,2,5,0,0,0,0,true,,false,false,true,false,false,,,,,,false,false,false,,,false,false,false,false,false,-83.05992,42.37348,"{
  ""coordinates"": [
    -8.305992082300000e+01,
    4.237347652500010e+01
  ],
  ""type"": ""Point""
}","{
  ""coordinates"": [
    -83.059920823,
    42.373476525
  ],
  ""type"": ""Point""
}",-83.059920823,42.3734765250001
9634,9331363,GREENFIELD,SEVEN MILE,2015-07-26,26,7,2015,21,1,4,9,,2,0,,1,1,4,35,2,2,4,4,0,0,0,2,false,,true,true,true,false,false,,,,,,false,false,false,,,false,false,false,false,false,-83.19987,42.43039,"{
  ""coordinates"": [
    -8.319986419500000e+01,
    4.243039142700010e+01
  ],
  ""type"": ""Point""
}","{
  ""coordinates"": [
    -83.199864195,
    42.430391427
  ],
  ""type"": ""Point""
}",-83.199864195,42.4303914270001
9635,9331243,I 75,CLAY,2015-07-26,26,7,2015,16,1,8,1,,1,0,,1,1,1,70,4,2,1,5,0,0,0,0,true,,false,false,false,false,false,,,,,,false,false,false,,,false,false,false,false,false,-83.06352,42.37927,"{
  ""coordinates"": [
    -8.306352222600000e+01,
    4.237926708500000e+01
  ],
  ""type"": ""Point""
}","{
  ""coordinates"": [
    -83.063522226,
    42.379267085
  ],
  ""type"": ""Point""
}",-83.063522226,42.379267085
9636,9332013,I-94,BRUSH,2015-07-26,26,7,2015,15,1,5,1,,1,0,,1,1,1,55,3,2,2,5,0,0,0,0,true,,false,false,false,false,false,,,,,,false,true,true,,,false,false,false,false,false,-83.0651,42.36536,"{
  ""coordinates"": [
    -8.306510119200000e+01,
    4.236536306800010e+01
  ],
  ""type"": ""Point""
}","{
  ""coordinates"": [
    -83.065101192,
    42.365363068
  ],
  ""type"": ""Point""
}",-83.065101192,42.3653630680001
9637,9331219,I-75,MICHIGAN,2015-07-26,26,7,2015,6,1,1,1,,1,1,,1,1,1,55,3,1,1,5,0,0,0,0,true,,false,false,true,false,false,,,,,,false,false,true,,,false,false,false,false,false,-83.08563,42.33028,"{
  ""coordinates"": [
    -8.308563536600001e+01,
    4.233028543400010e+01
  ],
  ""type"": ""Point""
}","{
  ""coordinates"": [
    -83.085635366,
    42.330285434
  ],
  ""type"": ""Point""
}",-83.085635366,42.3302854340001
9638,9330441,LARNED,ORLEANS,2015-07-26,26,7,2015,6,1,1,9,,4,0,,1,1,1,25,3,1,0,5,0,0,0,0,true,,false,false,true,false,false,,,,,,false,false,false,,,false,false,false,false,false,-83.02921,42.33651,"{
  ""coordinates"": [
    -8.302921667000000e+01,
    4.233651445600000e+01
  ],
  ""type"": ""Point""
}","{
  ""coordinates"": [
    -83.02921667,
    42.336514456
  ],
  ""type"": ""Point""
}",-83.02921667,42.336514456
9639,9331364,PENNINGTON,CAMBRIDGE,2015-07-26,26,7,2015,15,1,4,9,,,0,,1,1,1,25,2,2,6,5,0,0,0,0,true,,false,false,false,false,false,,,,,,false,false,false,,,false,false,false,false,false,-83.14822,42.43319,"{
  ""coordinates"": [
    -8.314822349400001e+01,
    4.243319441000010e+01
  ],
  ""type"": ""Point""
}","{
  ""coordinates"": [
    -83.148223494,
    42.43319441
  ],
  ""type"": ""Point""
}",-83.148223494,42.4331944100001
9640,9336443,VERNOR,CAMPBELL,2015-07-26,26,7,2015,1,1,1,9,,4,1,,2,1,4,35,2,1,2,5,0,0,0,0,true,,false,false,false,false,false,,,,,,false,false,true,,,false,false,false,false,false,-83.1038,42.31701,"{
  ""coordinates"": [
    -8.310379445300001e+01,
    4.231700747100010e+01
  ],
  ""type"": ""Point""
}","{
  ""coordinates"": [
    -83.103794453,
    42.317007471
  ],
  ""type"": ""Point""
}",-83.103794453,42.3170074710001
9641,9338300,LIVERNOIS,BEECHTON,2015-07-26,26,7,2015,11,1,1,9,,4,0,,1,1,1,45,4,2,3,5,0,0,0,0,true,,false,false,false,false,false,,,,,,false,false,true,,,false,false,false,true,false,-83.13146,42.34612,"{
  ""coordinates"": [
    -8.313146232299989e+01,
    4.234611444300000e+01
  ],
  ""type"": ""Point""
}","{
  ""coordinates"": [
    -83.131462323,
    42.346114443
  ],
  ""type"": ""Point""
}",-83.1314623229999,42.346114443
9642,9336455,ROHNS,MOFFAT,2015-07-26,26,7,2015,3,1,1,9,,,1,,2,1,4,25,1,1,0,5,0,0,0,0,true,,false,false,true,false,false,,,,,,false,false,false,,,false,false,false,false,false,-83.00571,42.38289,"{
  ""coordinates"": [
    -8.300570991799999e+01,
    4.238288920500000e+01
  ],
  ""type"": ""Point""
}","{
  ""coordinates"": [
    -83.005709918,
    42.382889205
  ],
  ""type"": ""Point""
}",-83.005709918,42.382889205
9643,9332917,W I 96,RAMP 008Q,2015-07-26,26,7,2015,3,1,1,1,,1,1,,1,1,4,70,3,1,1,2,0,1,0,0,false,,false,false,false,false,false,,,,,,false,false,false,,,false,false,false,false,false,-83.21202,42.37885,"{
  ""coordinates"": [
    -8.321201904999999e+01,
    4.237884782500000e+01
  ],
  ""type"": ""Point""
}","{
  ""coordinates"": [
    -83.21201905,
    42.378847825
  ],
  ""type"": ""Point""
}",-83.21201905,42.378847825