ObjectId,Crash ID,Primary Road,Intersecting Road,Crash Date,Day,Month,Year,Hour,Weekday,Crash Type Code,Highway Classification Code,Community Code,Jurisdiction Code,Lane Departure Type Code,Surface Type,Road Condition,Weather Condition,Lighting Condition,Speed Limit,Lanes,Units,Occupants,Most Severe Injury,Fatal Injuries,Suspected Serious Injuries,Suspected Minor Injuries,Possible Injuries,Property Damage Only,Secondary Crash,Traffic Control,Red Light Run,Hit and Run,Alcohol,Drugs,Unbelted Person,Work Zone,Speeding Driver,Distracted Driver,Driveway,Pedestrian,Elderly Driver,Young Driver,Commercial Vehicle,Emergency Vehicles,Train,School Bus,Motorcycle,Bicycle,Deer,Longitude,Latitude,geom,geog,x,y
9701,9332012,W I 94,LUCKY,2015-07-25,25,7,2015,15,7,1,1,,1,1,,1,1,1,55,3,1,1,4,0,0,0,1,false,,false,false,false,false,false,,,,,,false,false,true,,,false,false,false,false,false,-83.03993,42.3768,"{
  ""coordinates"": [
    -8.303992959399990e+01,
    4.237680184400010e+01
  ],
  ""type"": ""Point""
}","{
  ""coordinates"": [
    -83.039929594,
    42.376801844
  ],
  ""type"": ""Point""
}",-83.0399295939999,42.3768018440001
9702,9331327,GRAND,E I 96,2015-07-25,25,7,2015,11,7,8,9,,4,0,,1,1,1,0,3,2,2,5,0,0,0,0,true,,false,false,false,false,false,,,,,,false,false,true,,,false,false,false,false,false,-83.11038,42.35546,"{
  ""coordinates"": [
    -8.311038213300000e+01,
    4.235546333300000e+01
  ],
  ""type"": ""Point""
}","{
  ""coordinates"": [
    -83.110382133,
    42.355463333
  ],
  ""type"": ""Point""
}",-83.110382133,42.355463333
9703,9335737,WILDEMERE,6 MILE,2015-07-25,25,7,2015,23,7,97,9,,,0,,1,1,4,25,2,2,0,5,0,0,0,0,true,,false,false,true,false,false,,,,,,false,false,false,,,false,false,false,false,false,-83.13283,42.41671,"{
  ""coordinates"": [
    -8.313283066100000e+01,
    4.241670930900010e+01
  ],
  ""type"": ""Point""
}","{
  ""coordinates"": [
    -83.132830661,
    42.416709309
  ],
  ""type"": ""Point""
}",-83.132830661,42.4167093090001
9704,9438567,PLYMOUTH,ST MARYS,2015-07-25,25,7,2015,22,7,4,9,,4,0,,2,1,5,35,2,2,1,5,0,0,0,0,true,,true,false,false,false,false,,,,,,false,false,false,,,false,false,false,false,false,-83.20476,42.37247,"{
  ""coordinates"": [
    -8.320475954100000e+01,
    4.237246963800000e+01
  ],
  ""type"": ""Point""
}","{
  ""coordinates"": [
    -83.204759541,
    42.372469638
  ],
  ""type"": ""Point""
}",-83.204759541,42.372469638
9705,9332091,KENTFIELD,GRAND RIVER,2015-07-25,25,7,2015,20,7,4,3,,,0,,1,1,1,25,2,2,0,5,0,0,0,0,true,,false,false,false,false,false,,,,,,false,false,false,,,false,false,false,false,false,-83.24084,42.40999,"{
  ""coordinates"": [
    -8.324083652000000e+01,
    4.240999310300000e+01
  ],
  ""type"": ""Point""
}","{
  ""coordinates"": [
    -83.24083652,
    42.409993103
  ],
  ""type"": ""Point""
}",-83.24083652,42.409993103
9706,9364166,ST MARYS,GRAND,2015-07-24,24,7,2015,19,6,8,9,,4,0,,1,1,3,25,2,2,1,5,0,0,0,0,true,,false,false,false,false,false,,,,,,false,false,true,,,false,false,false,false,false,-83.2064,42.39644,"{
  ""coordinates"": [
    -8.320640091800000e+01,
    4.239644218800000e+01
  ],
  ""type"": ""Point""
}","{
  ""coordinates"": [
    -83.206400918,
    42.396442188
  ],
  ""type"": ""Point""
}",-83.206400918,42.396442188
9707,9331331,FENKELL,BENTLER,2015-07-24,24,7,2015,16,6,5,9,,2,0,,1,1,1,35,2,2,2,4,0,0,0,1,false,,false,false,true,false,false,,,,,,false,true,false,,,false,false,false,false,false,-83.25193,42.4004,"{
  ""coordinates"": [
    -8.325192670000000e+01,
    4.240040134100010e+01
  ],
  ""type"": ""Point""
}","{
  ""coordinates"": [
    -83.2519267,
    42.400401341
  ],
  ""type"": ""Point""
}",-83.2519267,42.4004013410001
9708,9328854,TRENTON,ARNOLD,2015-07-24,24,7,2015,9,6,9,9,,,0,,1,1,1,25,1,2,0,5,0,0,0,0,true,,false,false,true,false,false,,,,,,false,false,false,,,false,false,false,false,false,-83.14565,42.32752,"{
  ""coordinates"": [
    -8.314564907899999e+01,
    4.232752329800010e+01
  ],
  ""type"": ""Point""
}","{
  ""coordinates"": [
    -83.145649079,
    42.327523298
  ],
  ""type"": ""Point""
}",-83.145649079,42.3275232980001
9709,9353433,BURT,PURITAN,2015-07-24,24,7,2015,16,6,97,9,,4,0,,1,1,1,35,4,2,3,4,0,0,0,1,false,,false,false,true,false,false,,,,,,false,true,false,,,false,false,false,false,false,-83.24743,42.40769,"{
  ""coordinates"": [
    -8.324742676499990e+01,
    4.240769217600010e+01
  ],
  ""type"": ""Point""
}","{
  ""coordinates"": [
    -83.247426765,
    42.407692176
  ],
  ""type"": ""Point""
}",-83.2474267649999,42.4076921760001
9710,9400240,TOLEDO,CAMPBELL,2015-07-24,24,7,2015,1,6,2,9,,4,2,,1,1,4,25,2,2,1,5,0,0,0,0,true,,false,false,true,false,false,,,,,,false,false,false,,,false,false,false,false,false,-83.10613,42.32009,"{
  ""coordinates"": [
    -8.310612946399991e+01,
    4.232009270400000e+01
  ],
  ""type"": ""Point""
}","{
  ""coordinates"": [
    -83.106129464,
    42.320092704
  ],
  ""type"": ""Point""
}",-83.1061294639999,42.320092704
9711,9339330,WARREN,WOODWARD,2015-07-24,24,7,2015,16,6,5,3,,4,0,,1,1,1,30,5,2,2,5,0,0,0,0,true,,false,false,false,false,false,,,,,,false,false,true,,,false,false,false,false,false,-83.06435,42.35677,"{
  ""coordinates"": [
    -8.306435173400000e+01,
    4.235676423100010e+01
  ],
  ""type"": ""Point""
}","{
  ""coordinates"": [
    -83.064351734,
    42.356764231
  ],
  ""type"": ""Point""
}",-83.064351734,42.3567642310001
9712,9337342,GRATIOT,CONNER,2015-07-24,24,7,2015,22,6,5,3,,1,0,,1,1,4,35,7,2,2,5,0,0,0,0,true,,false,false,true,false,false,,,,,,false,false,false,,,false,false,false,false,false,-82.9975,42.40491,"{
  ""coordinates"": [
    -8.299749493099991e+01,
    4.240490783300000e+01
  ],
  ""type"": ""Point""
}","{
  ""coordinates"": [
    -82.997494931,
    42.404907833
  ],
  ""type"": ""Point""
}",-82.9974949309999,42.404907833
9713,9328881,7 MILE,N I 75 SERVICE DRIVE,2015-07-24,24,7,2015,8,6,5,9,,4,0,,1,1,1,35,2,2,2,5,0,0,0,0,true,,false,false,false,false,false,,,,,,false,false,false,,,false,false,false,false,false,-83.09424,42.4325,"{
  ""coordinates"": [
    -8.309424137799989e+01,
    4.243249748000010e+01
  ],
  ""type"": ""Point""
}","{
  ""coordinates"": [
    -83.094241378,
    42.43249748
  ],
  ""type"": ""Point""
}",-83.0942413779999,42.4324974800001
9714,9328707,I-94,LONYO,2015-07-24,24,7,2015,9,6,5,1,,1,0,,1,1,1,55,3,3,3,5,0,0,0,0,true,,false,false,false,false,false,,,,,,false,false,true,,,false,false,false,false,false,-83.14131,42.33198,"{
  ""coordinates"": [
    -8.314130789500000e+01,
    4.233198219900000e+01
  ],
  ""type"": ""Point""
}","{
  ""coordinates"": [
    -83.141307895,
    42.331982199
  ],
  ""type"": ""Point""
}",-83.141307895,42.331982199
9715,9328860,8 MILE,N M 39,2015-07-24,24,7,2015,9,6,4,3,,1,0,,1,1,1,30,2,2,2,5,0,0,0,0,true,,true,true,false,false,false,,,,,,false,false,false,,,false,false,false,false,false,-83.21962,42.44418,"{
  ""coordinates"": [
    -8.321961863500000e+01,
    4.244417536700010e+01
  ],
  ""type"": ""Point""
}","{
  ""coordinates"": [
    -83.219618635,
    42.444175367
  ],
  ""type"": ""Point""
}",-83.219618635,42.4441753670001
9716,9328715,I-75,DEARBORN,2015-07-24,24,7,2015,16,6,8,1,,1,0,,1,1,1,70,4,2,2,5,0,0,0,0,true,,false,false,false,false,false,,,,,,false,false,false,,,false,false,false,false,false,-83.13093,42.2903,"{
  ""coordinates"": [
    -8.313092818099990e+01,
    4.229030097600000e+01
  ],
  ""type"": ""Point""
}","{
  ""coordinates"": [
    -83.130928181,
    42.290300976
  ],
  ""type"": ""Point""
}",-83.1309281809999,42.290300976
9717,9328743,NEVADA,SYRACUSE,2015-07-24,24,7,2015,12,6,97,9,,4,0,,1,1,1,25,1,2,3,5,0,0,0,0,true,,false,false,false,false,false,,,,,,false,false,true,,,false,false,false,false,false,-83.04533,42.42625,"{
  ""coordinates"": [
    -8.304532934299991e+01,
    4.242624802900010e+01
  ],
  ""type"": ""Point""
}","{
  ""coordinates"": [
    -83.045329343,
    42.426248029
  ],
  ""type"": ""Point""
}",-83.0453293429999,42.4262480290001
9718,9328777,SB I-75,CLARK,2015-07-24,24,7,2015,20,6,5,1,,1,0,,1,1,1,55,3,2,2,4,0,0,0,1,false,,false,false,false,false,false,,,,,,false,false,true,,,false,false,false,false,false,-83.09542,42.312,"{
  ""coordinates"": [
    -8.309541857100000e+01,
    4.231200543100000e+01
  ],
  ""type"": ""Point""
}","{
  ""coordinates"": [
    -83.095418571,
    42.312005431
  ],
  ""type"": ""Point""
}",-83.095418571,42.312005431
9719,9328883,OUTER,RYAN,2015-07-24,24,7,2015,8,6,4,9,,2,0,,1,1,1,45,2,2,1,5,0,0,0,0,true,,false,false,true,false,false,,,,,,false,false,false,,,false,false,false,false,false,-83.06355,42.44033,"{
  ""coordinates"": [
    -8.306354575800000e+01,
    4.244032674200000e+01
  ],
  ""type"": ""Point""
}","{
  ""coordinates"": [
    -83.063545758,
    42.440326742
  ],
  ""type"": ""Point""
}",-83.063545758,42.440326742
9720,9350265,GRATIOT,ROSEMARY,2015-07-24,24,7,2015,23,6,4,3,,1,0,,1,1,4,35,7,2,2,5,0,0,0,0,true,,false,false,true,false,false,,,,,,false,false,false,,,false,false,false,false,false,-82.99557,42.40784,"{
  ""coordinates"": [
    -8.299557068099990e+01,
    4.240783536600000e+01
  ],
  ""type"": ""Point""
}","{
  ""coordinates"": [
    -82.995570681,
    42.407835366
  ],
  ""type"": ""Point""
}",-82.9955706809999,42.407835366
9721,9331357,OUTER,MOUNT ELLIOTT,2015-07-24,24,7,2015,15,6,8,9,,2,0,,1,1,1,25,2,2,2,5,0,0,0,0,true,,false,false,false,false,false,,,,,,false,false,false,,,false,false,false,false,false,-83.03919,42.44101,"{
  ""coordinates"": [
    -8.303919175300000e+01,
    4.244101144300000e+01
  ],
  ""type"": ""Point""
}","{
  ""coordinates"": [
    -83.039191753,
    42.441011443
  ],
  ""type"": ""Point""
}",-83.039191753,42.441011443
9722,9328870,RIOPELLE,WINDER,2015-07-24,24,7,2015,14,6,8,9,,,0,,1,1,1,25,2,2,1,5,0,0,0,0,true,,false,false,false,false,false,,,,,,false,false,false,,,false,false,false,false,false,-83.03851,42.34645,"{
  ""coordinates"": [
    -8.303850437800000e+01,
    4.234644836400000e+01
  ],
  ""type"": ""Point""
}","{
  ""coordinates"": [
    -83.038504378,
    42.346448364
  ],
  ""type"": ""Point""
}",-83.038504378,42.346448364
9723,9344509,OAKMAN,DAVISON,2015-07-24,24,7,2015,19,6,4,3,,4,0,,1,1,1,40,3,2,6,4,0,0,0,2,false,,false,false,false,false,false,,,,,,false,false,false,,,false,false,false,false,false,-83.1442,42.38635,"{
  ""coordinates"": [
    -8.314420324400000e+01,
    4.238635443500000e+01
  ],
  ""type"": ""Point""
}","{
  ""coordinates"": [
    -83.144203244,
    42.386354435
  ],
  ""type"": ""Point""
}",-83.144203244,42.386354435
9724,9328853,DUMPHRIES,GALE,2015-07-24,24,7,2015,10,6,1,9,,,0,,1,1,1,25,2,1,1,5,0,0,0,0,true,,false,false,false,false,false,,,,,,false,false,false,,,false,false,false,false,false,-83.14608,42.2882,"{
  ""coordinates"": [
    -8.314607753500000e+01,
    4.228819779900000e+01
  ],
  ""type"": ""Point""
}","{
  ""coordinates"": [
    -83.146077535,
    42.288197799
  ],
  ""type"": ""Point""
}",-83.146077535,42.288197799
9725,9329408,HARPER,THREE MILE,2015-07-24,24,7,2015,17,6,1,9,,4,0,,1,1,1,35,2,1,1,5,0,0,0,0,true,,false,false,false,false,false,,,,,,false,false,true,,,false,false,false,false,false,-82.94527,42.41027,"{
  ""coordinates"": [
    -8.294526619399990e+01,
    4.241027422100010e+01
  ],
  ""type"": ""Point""
}","{
  ""coordinates"": [
    -82.945266194,
    42.410274221
  ],
  ""type"": ""Point""
}",-82.9452661939999,42.4102742210001
9726,9399238,WYOMING,SCHOOLCRAFT,2015-07-24,24,7,2015,14,6,5,9,,4,0,,1,2,1,30,4,2,4,5,0,0,0,0,true,,false,false,false,false,false,,,,,,false,false,false,,,false,false,false,false,false,-83.15905,42.38822,"{
  ""coordinates"": [
    -8.315904982700000e+01,
    4.238822362300000e+01
  ],
  ""type"": ""Point""
}","{
  ""coordinates"": [
    -83.159049827,
    42.388223623
  ],
  ""type"": ""Point""
}",-83.159049827,42.388223623
9727,9328851,WARREN,ROSEMOUNT,2015-07-24,24,7,2015,15,6,5,9,,2,0,,1,1,1,35,4,2,2,5,0,0,0,0,true,,false,false,true,false,false,,,,,,false,false,false,,,false,false,false,false,false,-83.21854,42.34335,"{
  ""coordinates"": [
    -8.321853521600001e+01,
    4.234334516900000e+01
  ],
  ""type"": ""Point""
}","{
  ""coordinates"": [
    -83.218535216,
    42.343345169
  ],
  ""type"": ""Point""
}",-83.218535216,42.343345169
9728,9338287,CORTLAND,PETOSKEY,2015-07-24,24,7,2015,21,6,97,9,,,0,,1,1,4,25,2,2,1,5,0,0,0,0,true,,false,false,true,false,false,,,,,,false,false,false,,,false,false,false,false,false,-83.13113,42.38188,"{
  ""coordinates"": [
    -8.313113306799990e+01,
    4.238188080900010e+01
  ],
  ""type"": ""Point""
}","{
  ""coordinates"": [
    -83.131133068,
    42.381880809
  ],
  ""type"": ""Point""
}",-83.1311330679999,42.3818808090001
9729,9345441,I-94,I-75,2015-07-24,24,7,2015,11,6,5,1,,1,0,,1,1,5,55,3,2,2,5,0,0,0,0,true,,false,false,true,false,false,,,,,,false,false,true,,,false,false,false,false,false,-83.06653,42.3647,"{
  ""coordinates"": [
    -8.306652749100000e+01,
    4.236470414000010e+01
  ],
  ""type"": ""Point""
}","{
  ""coordinates"": [
    -83.066527491,
    42.36470414
  ],
  ""type"": ""Point""
}",-83.066527491,42.3647041400001
9730,9332093,HAMBURG,STATE FAIR,2015-07-24,24,7,2015,12,6,4,9,,,0,,1,1,1,25,4,2,2,5,0,0,0,0,true,,false,false,false,false,false,,,,,,false,false,true,,,false,false,false,false,false,-82.99757,42.44185,"{
  ""coordinates"": [
    -8.299756525799999e+01,
    4.244185116200000e+01
  ],
  ""type"": ""Point""
}","{
  ""coordinates"": [
    -82.997565258,
    42.441851162
  ],
  ""type"": ""Point""
}",-82.997565258,42.441851162
9731,9328861,OUTER,SCHAEFER,2015-07-24,24,7,2015,9,6,8,9,,2,0,,1,1,1,35,2,2,2,5,0,0,0,0,true,,false,false,false,false,false,,,,,,false,false,false,,,false,false,false,false,false,-83.18034,42.4203,"{
  ""coordinates"": [
    -8.318034716900000e+01,
    4.242030145500010e+01
  ],
  ""type"": ""Point""
}","{
  ""coordinates"": [
    -83.180347169,
    42.420301455
  ],
  ""type"": ""Point""
}",-83.180347169,42.4203014550001
9732,9329413,EASTWOOD,MORANG,2015-07-24,24,7,2015,6,6,2,9,,,2,,1,1,1,25,2,2,0,5,0,0,0,0,true,,false,false,true,false,false,,,,,,false,false,false,,,false,false,false,false,false,-82.96076,42.43389,"{
  ""coordinates"": [
    -8.296076426699990e+01,
    4.243388733000010e+01
  ],
  ""type"": ""Point""
}","{
  ""coordinates"": [
    -82.960764267,
    42.43388733
  ],
  ""type"": ""Point""
}",-82.9607642669999,42.4338873300001
9733,9328888,STATE FAIR,IRVING,2015-07-24,24,7,2015,17,6,8,9,,4,0,,1,1,1,25,2,2,6,5,0,0,0,0,true,,false,false,true,false,false,,,,,,false,false,false,,,false,false,false,false,false,-83.09843,42.43965,"{
  ""coordinates"": [
    -8.309843359900000e+01,
    4.243964733200000e+01
  ],
  ""type"": ""Point""
}","{
  ""coordinates"": [
    -83.098433599,
    42.439647332
  ],
  ""type"": ""Point""
}",-83.098433599,42.439647332
9734,9331338,GOLDEN GATE,CHARLESTON,2015-07-24,24,7,2015,15,6,4,9,,,0,,1,1,1,25,1,2,2,4,0,0,0,1,false,,false,false,false,false,false,,,,,,false,false,true,,,false,false,false,false,false,-83.10712,42.42898,"{
  ""coordinates"": [
    -8.310712094300000e+01,
    4.242898295500000e+01
  ],
  ""type"": ""Point""
}","{
  ""coordinates"": [
    -83.107120943,
    42.428982955
  ],
  ""type"": ""Point""
}",-83.107120943,42.428982955
9735,9337392,MC NICHOLS,LOG CABIN,2015-07-24,24,7,2015,19,6,8,9,,4,0,,1,1,1,25,2,2,2,5,0,0,0,0,true,,false,false,false,false,false,,,,,,false,false,false,,,false,false,false,false,false,-83.12562,42.4174,"{
  ""coordinates"": [
    -8.312561625500000e+01,
    4.241740008500010e+01
  ],
  ""type"": ""Point""
}","{
  ""coordinates"": [
    -83.125616255,
    42.417400085
  ],
  ""type"": ""Point""
}",-83.125616255,42.4174000850001
9736,9328717,I-94,14TH,2015-07-24,24,7,2015,10,6,5,1,,1,0,,1,1,1,55,3,2,2,4,0,0,0,1,false,,false,false,false,false,false,,,,,,false,false,true,,,false,false,false,false,false,-83.08948,42.35313,"{
  ""coordinates"": [
    -8.308947499100000e+01,
    4.235313092500010e+01
  ],
  ""type"": ""Point""
}","{
  ""coordinates"": [
    -83.089474991,
    42.353130925
  ],
  ""type"": ""Point""
}",-83.089474991,42.3531309250001
9737,9328884,RIOPELLE,GRIXDALE,2015-07-24,24,7,2015,0,6,8,9,,,0,,1,1,4,25,2,2,0,5,0,0,0,0,true,,false,false,true,false,false,,,,,,false,false,false,,,false,false,false,false,false,-83.08632,42.42788,"{
  ""coordinates"": [
    -8.308631792400000e+01,
    4.242788251300000e+01
  ],
  ""type"": ""Point""
}","{
  ""coordinates"": [
    -83.086317924,
    42.427882513
  ],
  ""type"": ""Point""
}",-83.086317924,42.427882513
9738,9328744,W I 94,RAMP 215G,2015-07-24,24,7,2015,16,6,8,1,,1,0,,1,1,1,55,3,2,2,5,0,0,0,0,true,,false,false,false,false,false,,,,,,false,false,false,,,false,false,false,false,false,-83.07902,42.35769,"{
  ""coordinates"": [
    -8.307902079800000e+01,
    4.235768535300010e+01
  ],
  ""type"": ""Point""
}","{
  ""coordinates"": [
    -83.079020798,
    42.357685353
  ],
  ""type"": ""Point""
}",-83.079020798,42.3576853530001
9739,9328857,GRATIOT,STATE FAIR,2015-07-24,24,7,2015,8,6,8,3,,1,0,,1,1,1,35,7,2,2,5,0,0,0,0,true,,false,false,false,false,false,,,,,,false,false,false,,,false,false,false,false,false,-82.97256,42.44287,"{
  ""coordinates"": [
    -8.297255524300000e+01,
    4.244286630200000e+01
  ],
  ""type"": ""Point""
}","{
  ""coordinates"": [
    -82.972555243,
    42.442866302
  ],
  ""type"": ""Point""
}",-82.972555243,42.442866302
9740,9330435,LONYO,KIRKWOOD,2015-07-24,24,7,2015,1,6,9,9,,4,2,,1,1,1,35,2,2,1,5,0,0,0,0,true,,false,false,false,false,false,,,,,,false,false,false,,,false,false,false,false,false,-83.14925,42.33702,"{
  ""coordinates"": [
    -8.314924884999991e+01,
    4.233702568200000e+01
  ],
  ""type"": ""Point""
}","{
  ""coordinates"": [
    -83.14924885,
    42.337025682
  ],
  ""type"": ""Point""
}",-83.1492488499999,42.337025682
9741,9328720,I-96,JOY,2015-07-24,24,7,2015,12,6,5,1,,1,0,,1,1,1,55,4,2,2,5,0,0,0,0,true,,false,false,false,false,false,,,,,,false,false,true,,,false,false,false,false,false,-83.13283,42.36514,"{
  ""coordinates"": [
    -8.313282840399999e+01,
    4.236513837800000e+01
  ],
  ""type"": ""Point""
}","{
  ""coordinates"": [
    -83.132828404,
    42.365138378
  ],
  ""type"": ""Point""
}",-83.132828404,42.365138378
9742,9367124,TELEGRAPH,MCNICHOLS,2015-07-24,24,7,2015,5,6,5,2,,1,0,,1,1,4,45,4,2,2,2,0,1,0,1,false,,false,false,false,false,false,,,,,,false,false,false,,,false,false,false,false,false,-83.27695,42.41437,"{
  ""coordinates"": [
    -8.327695161299989e+01,
    4.241437325600000e+01
  ],
  ""type"": ""Point""
}","{
  ""coordinates"": [
    -83.276951613,
    42.414373256
  ],
  ""type"": ""Point""
}",-83.2769516129999,42.414373256
9743,9333014,E I 94,RAMP 221C,2015-07-24,24,7,2015,22,6,97,1,,1,0,,1,1,5,30,2,2,1,3,0,0,1,0,false,,false,false,true,false,false,,,,,,false,false,false,,,false,false,false,true,false,-82.9567,42.406,"{
  ""coordinates"": [
    -8.295669914000000e+01,
    4.240600050300000e+01
  ],
  ""type"": ""Point""
}","{
  ""coordinates"": [
    -82.95669914,
    42.406000503
  ],
  ""type"": ""Point""
}",-82.95669914,42.406000503
9744,9328719,E I 96,KENTFIELD,2015-07-24,24,7,2015,11,6,1,1,,1,1,,1,1,1,55,3,1,1,5,0,0,0,0,true,,false,false,false,false,false,,,,,,false,false,false,,,false,false,false,false,false,-83.23797,42.38124,"{
  ""coordinates"": [
    -8.323797128500000e+01,
    4.238123552800000e+01
  ],
  ""type"": ""Point""
}","{
  ""coordinates"": [
    -83.237971285,
    42.381235528
  ],
  ""type"": ""Point""
}",-83.237971285,42.381235528
9745,9328859,LAUDER,BELTON,2015-07-24,24,7,2015,6,6,5,9,,,0,,1,1,1,25,3,2,1,5,0,0,0,0,true,,false,false,false,false,false,,,,,,false,false,false,,,false,false,false,false,false,-83.18938,42.35397,"{
  ""coordinates"": [
    -8.318938123899990e+01,
    4.235396943300000e+01
  ],
  ""type"": ""Point""
}","{
  ""coordinates"": [
    -83.189381239,
    42.353969433
  ],
  ""type"": ""Point""
}",-83.1893812389999,42.353969433
9746,9328843,GREENFIELD,RAMP 136B,2015-07-24,24,7,2015,13,6,5,1,,2,0,,1,1,1,35,4,2,2,5,0,0,0,0,true,,false,false,false,false,false,,,,,,false,false,true,,,false,false,false,false,false,-83.198,42.37857,"{
  ""coordinates"": [
    -8.319799854400000e+01,
    4.237857103000000e+01
  ],
  ""type"": ""Point""
}","{
  ""coordinates"": [
    -83.197998544,
    42.37857103
  ],
  ""type"": ""Point""
}",-83.197998544,42.37857103
9747,9333024,CADIEUX,MORANG,2015-07-24,24,7,2015,15,6,5,9,,5,0,,1,1,1,30,3,2,2,4,0,0,0,1,false,,false,false,false,false,false,,,,,,false,false,false,,,false,false,false,false,false,-82.94044,42.42222,"{
  ""coordinates"": [
    -8.294044830400000e+01,
    4.242222087100000e+01
  ],
  ""type"": ""Point""
}","{
  ""coordinates"": [
    -82.940448304,
    42.422220871
  ],
  ""type"": ""Point""
}",-82.940448304,42.422220871
9748,9328844,MCNICHOLS,SOUTHFIELD SERVICE DRIVE,2015-07-24,24,7,2015,8,6,1,9,,2,0,,1,1,1,35,4,2,2,5,0,0,0,0,true,,false,false,true,false,false,,,,,,false,false,false,,,false,false,false,true,false,-83.21922,42.41553,"{
  ""coordinates"": [
    -8.321921762200000e+01,
    4.241553666500000e+01
  ],
  ""type"": ""Point""
}","{
  ""coordinates"": [
    -83.219217622,
    42.415536665
  ],
  ""type"": ""Point""
}",-83.219217622,42.415536665
9749,9328706,I-94,I-96,2015-07-24,24,7,2015,7,6,5,1,,1,0,,1,1,1,55,3,2,2,5,0,0,0,0,true,,false,false,false,false,false,,,,,,false,false,false,,,false,false,false,false,false,-83.09728,42.35067,"{
  ""coordinates"": [
    -8.309728449799999e+01,
    4.235066950600000e+01
  ],
  ""type"": ""Point""
}","{
  ""coordinates"": [
    -83.097284498,
    42.350669506
  ],
  ""type"": ""Point""
}",-83.097284498,42.350669506
9750,9399171,JEFFERSON,WOODWARD,2015-07-24,24,7,2015,11,6,5,3,,1,0,,1,1,1,35,3,2,3,4,0,0,0,1,false,,false,false,false,false,false,,,,,,false,false,false,,,false,false,false,false,false,-83.04435,42.32855,"{
  ""coordinates"": [
    -8.304434810700000e+01,
    4.232854943900000e+01
  ],
  ""type"": ""Point""
}","{
  ""coordinates"": [
    -83.044348107,
    42.328549439
  ],
  ""type"": ""Point""
}",-83.044348107,42.328549439
9751,9399011,CHENE,MACK,2015-07-24,24,7,2015,15,6,5,9,,4,0,,1,1,1,0,3,2,2,5,0,0,0,0,true,,false,false,false,false,false,,,,,,false,false,false,,,false,false,false,false,false,-83.03466,42.35647,"{
  ""coordinates"": [
    -8.303466395899990e+01,
    4.235646651600010e+01
  ],
  ""type"": ""Point""
}","{
  ""coordinates"": [
    -83.034663959,
    42.356466516
  ],
  ""type"": ""Point""
}",-83.0346639589999,42.3564665160001
9752,9328864,WARD,PURITAN,2015-07-24,24,7,2015,12,6,4,9,,,0,,1,1,1,25,1,2,4,5,0,0,0,0,true,,false,false,true,false,false,,,,,,false,false,false,,,false,false,false,false,false,-83.17407,42.40945,"{
  ""coordinates"": [
    -8.317407578300001e+01,
    4.240945076500000e+01
  ],
  ""type"": ""Point""
}","{
  ""coordinates"": [
    -83.174075783,
    42.409450765
  ],
  ""type"": ""Point""
}",-83.174075783,42.409450765
9753,9401481,JOY,ALPINE,2015-07-24,24,7,2015,12,6,1,9,,4,0,,1,1,1,35,2,1,2,4,0,0,0,1,false,,false,false,false,false,false,,,,,,false,false,false,,,false,false,false,false,false,-83.14737,42.35917,"{
  ""coordinates"": [
    -8.314736765100000e+01,
    4.235916815300000e+01
  ],
  ""type"": ""Point""
}","{
  ""coordinates"": [
    -83.147367651,
    42.359168153
  ],
  ""type"": ""Point""
}",-83.147367651,42.359168153
9754,9364159,WARREN,N M 39,2015-07-24,24,7,2015,10,6,6,9,,2,0,,1,1,1,35,3,2,3,5,0,0,0,0,true,,false,false,false,false,false,,,,,,false,true,false,,,false,false,false,false,false,-83.21607,42.34337,"{
  ""coordinates"": [
    -8.321607347699999e+01,
    4.234336764600000e+01
  ],
  ""type"": ""Point""
}","{
  ""coordinates"": [
    -83.216073477,
    42.343367646
  ],
  ""type"": ""Point""
}",-83.216073477,42.343367646
9755,9338319,S M 10,GREENFIELD,2015-07-24,24,7,2015,9,6,5,3,,1,0,,1,1,1,55,3,2,2,5,0,0,0,0,true,,false,false,true,false,false,,,,,,false,false,false,,,false,false,false,false,false,-83.20043,42.44238,"{
  ""coordinates"": [
    -8.320043312900000e+01,
    4.244238315200000e+01
  ],
  ""type"": ""Point""
}","{
  ""coordinates"": [
    -83.200433129,
    42.442383152
  ],
  ""type"": ""Point""
}",-83.200433129,42.442383152
9756,9328776,RAMP 139G,W M 8,2015-07-24,24,7,2015,18,6,1,1,,1,1,,1,1,1,0,3,1,1,5,0,0,0,0,true,,false,false,false,false,false,,,,,,false,false,true,,,false,false,false,false,false,-83.15472,42.38551,"{
  ""coordinates"": [
    -8.315471718000001e+01,
    4.238550817800010e+01
  ],
  ""type"": ""Point""
}","{
  ""coordinates"": [
    -83.15471718,
    42.385508178
  ],
  ""type"": ""Point""
}",-83.15471718,42.3855081780001
9757,9328764,N M 39,W I 96 CD,2015-07-24,24,7,2015,17,6,5,3,,1,0,,1,1,1,55,3,2,3,5,0,0,0,0,true,,false,false,false,false,false,,,,,,false,false,true,,,false,false,false,false,false,-83.21696,42.37907,"{
  ""coordinates"": [
    -8.321695820399999e+01,
    4.237907333900010e+01
  ],
  ""type"": ""Point""
}","{
  ""coordinates"": [
    -83.216958204,
    42.379073339
  ],
  ""type"": ""Point""
}",-83.216958204,42.3790733390001