ObjectId,Crash ID,Primary Road,Intersecting Road,Crash Date,Day,Month,Year,Hour,Weekday,Crash Type Code,Highway Classification Code,Community Code,Jurisdiction Code,Lane Departure Type Code,Surface Type,Road Condition,Weather Condition,Lighting Condition,Speed Limit,Lanes,Units,Occupants,Most Severe Injury,Fatal Injuries,Suspected Serious Injuries,Suspected Minor Injuries,Possible Injuries,Property Damage Only,Secondary Crash,Traffic Control,Red Light Run,Hit and Run,Alcohol,Drugs,Unbelted Person,Work Zone,Speeding Driver,Distracted Driver,Driveway,Pedestrian,Elderly Driver,Young Driver,Commercial Vehicle,Emergency Vehicles,Train,School Bus,Motorcycle,Bicycle,Deer,Longitude,Latitude,geom,geog,x,y
9758,9364174,EVERGREEN,PILGRIM,2015-07-24,24,7,2015,6,6,4,9,,4,0,,1,1,1,35,2,2,4,4,0,0,0,1,false,,false,false,false,false,false,,,,,,false,false,false,,,false,false,false,false,false,-83.23766,42.40594,"{
  ""coordinates"": [
    -8.323765631000001e+01,
    4.240594622200010e+01
  ],
  ""type"": ""Point""
}","{
  ""coordinates"": [
    -83.23765631,
    42.405946222
  ],
  ""type"": ""Point""
}",-83.23765631,42.4059462220001
9759,9339340,WARREN,JOHN R,2015-07-24,24,7,2015,13,6,8,9,,4,0,,1,1,1,30,6,2,3,5,0,0,0,0,true,,false,false,false,false,false,,,,,,false,false,true,,,false,false,false,false,false,-83.06207,42.3576,"{
  ""coordinates"": [
    -8.306206188399990e+01,
    4.235759628600000e+01
  ],
  ""type"": ""Point""
}","{
  ""coordinates"": [
    -83.062061884,
    42.357596286
  ],
  ""type"": ""Point""
}",-83.0620618839999,42.357596286
9760,9338309,DAVISON,LIVERNOIS,2015-07-24,24,7,2015,7,6,8,3,,1,0,,1,1,1,35,7,2,3,5,0,0,0,0,true,,false,false,false,false,false,,,,,,false,false,true,,,false,false,false,false,false,-83.13942,42.3867,"{
  ""coordinates"": [
    -8.313942161999999e+01,
    4.238669483000010e+01
  ],
  ""type"": ""Point""
}","{
  ""coordinates"": [
    -83.13942162,
    42.38669483
  ],
  ""type"": ""Point""
}",-83.13942162,42.3866948300001
9761,9338264,14TH,GRAND,2015-07-24,24,7,2015,14,6,8,9,,4,0,,1,1,1,30,3,2,2,5,0,0,0,0,true,,false,false,false,false,false,,,,,,false,true,false,,,false,false,false,false,false,-83.09457,42.36241,"{
  ""coordinates"": [
    -8.309456810099989e+01,
    4.236240827900010e+01
  ],
  ""type"": ""Point""
}","{
  ""coordinates"": [
    -83.094568101,
    42.362408279
  ],
  ""type"": ""Point""
}",-83.0945681009999,42.3624082790001
9762,9330418,BUCHANAN,LOVETTE,2015-07-24,24,7,2015,12,6,4,9,,4,0,,1,1,1,25,2,2,2,5,0,0,0,0,true,,false,false,false,false,false,,,,,,false,false,false,,,false,false,false,false,false,-83.10764,42.33781,"{
  ""coordinates"": [
    -8.310764010299989e+01,
    4.233780770200010e+01
  ],
  ""type"": ""Point""
}","{
  ""coordinates"": [
    -83.107640103,
    42.337807702
  ],
  ""type"": ""Point""
}",-83.1076401029999,42.3378077020001
9763,9327637,CADILLAC,WOODWARD,2015-07-23,23,7,2015,10,5,8,9,,4,0,,1,1,1,25,3,2,2,5,0,0,0,0,true,,false,false,false,false,false,,,,,,false,false,false,,,false,false,false,false,false,-83.04617,42.33171,"{
  ""coordinates"": [
    -8.304617154499989e+01,
    4.233170968000010e+01
  ],
  ""type"": ""Point""
}","{
  ""coordinates"": [
    -83.046171545,
    42.33170968
  ],
  ""type"": ""Point""
}",-83.0461715449999,42.3317096800001
9764,9353465,MCNICHOLS,CHAPEL,2015-07-23,23,7,2015,13,5,4,9,,2,0,,1,1,1,35,2,2,2,5,0,0,0,0,true,,false,false,false,false,false,,,,,,false,true,true,,,false,false,false,false,false,-83.25385,42.41466,"{
  ""coordinates"": [
    -8.325384240600000e+01,
    4.241466089000010e+01
  ],
  ""type"": ""Point""
}","{
  ""coordinates"": [
    -83.253842406,
    42.41466089
  ],
  ""type"": ""Point""
}",-83.253842406,42.4146608900001
9765,9353466,8 MILE,ROSEMONT,2015-07-23,23,7,2015,15,5,4,3,,1,0,,1,1,1,40,4,2,1,5,0,0,0,0,true,,true,true,true,false,false,,,,,,false,false,false,,,false,false,false,false,false,-83.2225,42.44411,"{
  ""coordinates"": [
    -8.322249465599999e+01,
    4.244411615400000e+01
  ],
  ""type"": ""Point""
}","{
  ""coordinates"": [
    -83.222494656,
    42.444116154
  ],
  ""type"": ""Point""
}",-83.222494656,42.444116154
9766,9399236,WISCONSIN,PLYMOUTH,2015-07-23,23,7,2015,10,5,97,9,,,0,,1,1,1,25,1,2,2,5,0,0,0,0,true,,false,false,false,false,false,,,,,,false,false,false,,,false,false,false,false,false,-83.15531,42.37302,"{
  ""coordinates"": [
    -8.315531283400000e+01,
    4.237301997900000e+01
  ],
  ""type"": ""Point""
}","{
  ""coordinates"": [
    -83.155312834,
    42.373019979
  ],
  ""type"": ""Point""
}",-83.155312834,42.373019979
9767,9335465,I-94,JUNCTION,2015-07-23,23,7,2015,16,5,5,1,,1,0,,1,1,1,70,3,2,2,5,0,0,0,0,true,,false,false,false,false,false,,,,,,false,true,true,,,false,false,false,false,false,-83.11711,42.34134,"{
  ""coordinates"": [
    -8.311710753200001e+01,
    4.234134261900000e+01
  ],
  ""type"": ""Point""
}","{
  ""coordinates"": [
    -83.117107532,
    42.341342619
  ],
  ""type"": ""Point""
}",-83.117107532,42.341342619
9768,9332111,GRATIOT,ST ANTIONE,2015-07-23,23,7,2015,8,5,5,3,,1,0,,1,1,1,30,4,2,2,5,0,0,0,0,true,,false,false,false,false,false,,,,,,false,false,true,,,false,false,false,false,false,-83.04277,42.3383,"{
  ""coordinates"": [
    -8.304276806900000e+01,
    4.233829726000000e+01
  ],
  ""type"": ""Point""
}","{
  ""coordinates"": [
    -83.042768069,
    42.33829726
  ],
  ""type"": ""Point""
}",-83.042768069,42.33829726
9769,9343437,WARREN,S I 75,2015-07-23,23,7,2015,14,5,4,9,,4,0,,1,1,1,30,4,2,2,5,0,0,0,0,true,,false,false,false,false,false,,,,,,false,false,true,,,false,false,false,false,false,-83.05447,42.36074,"{
  ""coordinates"": [
    -8.305446280599990e+01,
    4.236074271900000e+01
  ],
  ""type"": ""Point""
}","{
  ""coordinates"": [
    -83.054462806,
    42.360742719
  ],
  ""type"": ""Point""
}",-83.0544628059999,42.360742719
9770,9327509,I 75,SPRINGWELLS,2015-07-23,23,7,2015,12,5,1,1,,1,0,,1,1,1,55,4,1,1,5,0,0,0,0,true,,false,false,false,false,false,,,,,,false,true,false,,,false,false,false,false,false,-83.1209,42.30057,"{
  ""coordinates"": [
    -8.312090041000000e+01,
    4.230056790300010e+01
  ],
  ""type"": ""Point""
}","{
  ""coordinates"": [
    -83.12090041,
    42.300567903
  ],
  ""type"": ""Point""
}",-83.12090041,42.3005679030001
9771,9327635,RIVARD,LAFAYETTE,2015-07-23,23,7,2015,7,5,5,9,,4,0,,1,1,1,25,1,2,2,5,0,0,0,0,true,,false,false,false,false,false,,,,,,false,false,true,,,false,false,false,false,false,-83.0362,42.33632,"{
  ""coordinates"": [
    -8.303619825999991e+01,
    4.233631778800000e+01
  ],
  ""type"": ""Point""
}","{
  ""coordinates"": [
    -83.03619826,
    42.336317788
  ],
  ""type"": ""Point""
}",-83.0361982599999,42.336317788
9772,9343456,LOTHROP,2ND,2015-07-23,23,7,2015,9,5,4,9,,4,0,,1,1,1,25,2,2,3,5,0,0,0,0,true,,false,false,false,false,false,,,,,,false,false,true,,,false,false,false,false,false,-83.0772,42.37041,"{
  ""coordinates"": [
    -8.307720523499999e+01,
    4.237041223400010e+01
  ],
  ""type"": ""Point""
}","{
  ""coordinates"": [
    -83.077205235,
    42.370412234
  ],
  ""type"": ""Point""
}",-83.077205235,42.3704122340001
9773,9331226,I-94,ROSAPARKS,2015-07-23,23,7,2015,15,5,5,1,,1,0,,1,1,1,55,3,2,4,5,0,0,0,0,true,,false,false,false,false,false,,,,,,false,false,true,,,false,false,false,false,false,-83.08475,42.3546,"{
  ""coordinates"": [
    -8.308475524799999e+01,
    4.235460332100010e+01
  ],
  ""type"": ""Point""
}","{
  ""coordinates"": [
    -83.084755248,
    42.354603321
  ],
  ""type"": ""Point""
}",-83.084755248,42.3546033210001
9774,9364152,JAMES COUZENS,8 MILE SERVICE DRIVE,2015-07-23,23,7,2015,18,5,8,3,,1,0,,1,1,1,25,2,2,1,5,0,0,0,0,true,,false,false,false,false,false,,,,,,false,false,false,,,false,false,false,false,false,-83.20246,42.44452,"{
  ""coordinates"": [
    -8.320246319800000e+01,
    4.244451448400010e+01
  ],
  ""type"": ""Point""
}","{
  ""coordinates"": [
    -83.202463198,
    42.444514484
  ],
  ""type"": ""Point""
}",-83.202463198,42.4445144840001
9775,9327502,SB M-39,SCHOOLCRAFT,2015-07-23,23,7,2015,7,5,5,3,,1,0,,1,1,1,55,3,2,2,5,0,0,0,0,true,,false,false,false,false,false,,,,,,false,false,true,,,false,false,false,false,false,-83.21767,42.38526,"{
  ""coordinates"": [
    -8.321766713900000e+01,
    4.238525588300010e+01
  ],
  ""type"": ""Point""
}","{
  ""coordinates"": [
    -83.217667139,
    42.385255883
  ],
  ""type"": ""Point""
}",-83.217667139,42.3852558830001
9776,9327657,7 MILE,MEYERS,2015-07-23,23,7,2015,8,5,8,9,,2,0,,1,1,1,30,2,2,3,5,0,0,0,0,true,,false,false,false,false,false,,,,,,false,false,false,,,false,false,false,false,false,-83.17077,42.43125,"{
  ""coordinates"": [
    -8.317076720300000e+01,
    4.243124667700000e+01
  ],
  ""type"": ""Point""
}","{
  ""coordinates"": [
    -83.170767203,
    42.431246677
  ],
  ""type"": ""Point""
}",-83.170767203,42.431246677
9777,9327625,LEVERETTE,8TH,2015-07-23,23,7,2015,14,5,4,9,,,0,,1,1,1,0,1,2,2,5,0,0,0,0,true,,false,false,false,false,false,,,,,,false,false,false,,,false,false,false,false,false,-83.06496,42.33082,"{
  ""coordinates"": [
    -8.306495961300000e+01,
    4.233082259000000e+01
  ],
  ""type"": ""Point""
}","{
  ""coordinates"": [
    -83.064959613,
    42.33082259
  ],
  ""type"": ""Point""
}",-83.064959613,42.33082259
9778,9330311,8 MILE,ANDHOVER,2015-07-23,23,7,2015,22,5,1,3,,1,1,,1,2,4,40,3,1,1,5,0,0,0,0,true,,false,false,false,false,false,,,,,,false,false,false,,,false,false,false,false,false,-83.0996,42.44672,"{
  ""coordinates"": [
    -8.309960232600000e+01,
    4.244671666900010e+01
  ],
  ""type"": ""Point""
}","{
  ""coordinates"": [
    -83.099602326,
    42.446716669
  ],
  ""type"": ""Point""
}",-83.099602326,42.4467166690001
9779,9353497,BURT,FENKELL,2015-07-23,23,7,2015,13,5,8,9,,4,0,,1,1,1,35,4,2,0,5,0,0,0,0,true,,false,false,true,false,false,,,,,,false,false,false,,,false,false,false,false,false,-83.24711,42.40038,"{
  ""coordinates"": [
    -8.324710505600000e+01,
    4.240038443800010e+01
  ],
  ""type"": ""Point""
}","{
  ""coordinates"": [
    -83.247105056,
    42.400384438
  ],
  ""type"": ""Point""
}",-83.247105056,42.4003844380001
9780,9327629,SHERIDAN,KIRBY,2015-07-23,23,7,2015,22,5,4,9,,,0,,1,1,4,25,4,2,3,5,0,0,0,0,true,,false,false,false,false,false,,,,,,false,false,false,,,false,false,false,false,false,-83.01891,42.37752,"{
  ""coordinates"": [
    -8.301891698000000e+01,
    4.237752032200010e+01
  ],
  ""type"": ""Point""
}","{
  ""coordinates"": [
    -83.01891698,
    42.377520322
  ],
  ""type"": ""Point""
}",-83.01891698,42.3775203220001
9781,9399237,LIVERNOIS,NORTHFIELD,2015-07-23,23,7,2015,11,5,4,9,,4,0,,1,2,1,35,7,2,6,4,0,0,0,2,false,,false,false,false,false,false,,,,,,false,false,false,,,false,false,false,false,false,-83.13858,42.36398,"{
  ""coordinates"": [
    -8.313858364799999e+01,
    4.236397488900010e+01
  ],
  ""type"": ""Point""
}","{
  ""coordinates"": [
    -83.138583648,
    42.363974889
  ],
  ""type"": ""Point""
}",-83.138583648,42.3639748890001
9782,9327623,GRAND RIVER,WOODMONT,2015-07-23,23,7,2015,9,5,4,3,,1,0,,1,1,1,35,2,2,3,5,0,0,0,0,true,,false,false,true,false,false,,,,,,false,false,false,,,false,false,false,false,false,-83.20887,42.3969,"{
  ""coordinates"": [
    -8.320887260400001e+01,
    4.239690010400010e+01
  ],
  ""type"": ""Point""
}","{
  ""coordinates"": [
    -83.208872604,
    42.396900104
  ],
  ""type"": ""Point""
}",-83.208872604,42.3969001040001
9783,9364221,N M 39,SCHOOLCRAFT,2015-07-23,23,7,2015,17,5,5,3,,1,0,,1,1,1,30,3,2,2,5,0,0,0,0,true,,false,false,false,false,false,,,,,,false,false,false,,,false,false,false,false,false,-83.21754,42.38659,"{
  ""coordinates"": [
    -8.321753661299989e+01,
    4.238658653200010e+01
  ],
  ""type"": ""Point""
}","{
  ""coordinates"": [
    -83.217536613,
    42.386586532
  ],
  ""type"": ""Point""
}",-83.2175366129999,42.3865865320001
9784,9364252,HUBBELL,CURTIS,2015-07-23,23,7,2015,16,5,5,9,,4,0,,1,1,1,25,2,2,4,5,0,0,0,0,true,,false,false,false,false,false,,,,,,false,false,false,,,false,false,false,false,false,-83.18973,42.4235,"{
  ""coordinates"": [
    -8.318972977800000e+01,
    4.242350036200000e+01
  ],
  ""type"": ""Point""
}","{
  ""coordinates"": [
    -83.189729778,
    42.423500362
  ],
  ""type"": ""Point""
}",-83.189729778,42.423500362
9785,9343476,GRAND RIVER,BROOKLYN,2015-07-23,23,7,2015,12,5,97,3,,1,0,,1,1,1,25,3,2,3,4,0,0,0,1,false,,false,false,false,false,false,,,,,,false,false,false,,,false,false,false,false,false,-83.0689,42.34046,"{
  ""coordinates"": [
    -8.306889912199991e+01,
    4.234046040600000e+01
  ],
  ""type"": ""Point""
}","{
  ""coordinates"": [
    -83.068899122,
    42.340460406
  ],
  ""type"": ""Point""
}",-83.0688991219999,42.340460406
9786,9327627,CHALMERS,HOUSTON WHITTIER,2015-07-23,23,7,2015,12,5,1,9,,4,0,,1,1,1,35,6,1,1,5,0,0,0,0,true,,false,false,false,false,false,,,,,,false,false,true,,,false,false,false,false,false,-82.97476,42.42059,"{
  ""coordinates"": [
    -8.297476562100000e+01,
    4.242059462800010e+01
  ],
  ""type"": ""Point""
}","{
  ""coordinates"": [
    -82.974765621,
    42.420594628
  ],
  ""type"": ""Point""
}",-82.974765621,42.4205946280001
9787,9364168,BURT,FENKELL,2015-07-23,23,7,2015,12,5,5,9,,4,0,,1,1,1,30,2,2,2,5,0,0,0,0,true,,false,false,false,false,false,,,,,,false,true,false,,,false,false,false,false,false,-83.24711,42.40049,"{
  ""coordinates"": [
    -8.324710864699991e+01,
    4.240048581100010e+01
  ],
  ""type"": ""Point""
}","{
  ""coordinates"": [
    -83.247108647,
    42.400485811
  ],
  ""type"": ""Point""
}",-83.2471086469999,42.4004858110001
9788,9327616,RYAN,NEVADA,2015-07-23,23,7,2015,10,5,8,9,,4,0,,1,1,1,30,2,2,3,5,0,0,0,0,true,,false,false,false,false,false,,,,,,false,false,false,,,false,false,false,false,false,-83.06268,42.42507,"{
  ""coordinates"": [
    -8.306267191200000e+01,
    4.242506809700010e+01
  ],
  ""type"": ""Point""
}","{
  ""coordinates"": [
    -83.062671912,
    42.425068097
  ],
  ""type"": ""Point""
}",-83.062671912,42.4250680970001
9789,9343439,GRISWALD,CONGRESS,2015-07-23,23,7,2015,18,5,8,9,,4,0,,1,1,3,25,4,2,2,5,0,0,0,0,true,,false,false,false,false,false,,,,,,false,false,false,,,false,false,false,false,false,-83.04671,42.32989,"{
  ""coordinates"": [
    -8.304671403400000e+01,
    4.232989197300000e+01
  ],
  ""type"": ""Point""
}","{
  ""coordinates"": [
    -83.046714034,
    42.329891973
  ],
  ""type"": ""Point""
}",-83.046714034,42.329891973
9790,9328875,EIGHT MILE,VAN DYKE,2015-07-23,23,7,2015,6,5,8,3,,1,0,,1,1,1,5,1,2,4,5,0,0,0,0,true,,false,false,false,false,false,,,,,,false,false,false,,,false,false,false,false,false,-83.02473,42.44816,"{
  ""coordinates"": [
    -8.302473580600000e+01,
    4.244815751300010e+01
  ],
  ""type"": ""Point""
}","{
  ""coordinates"": [
    -83.024735806,
    42.448157513
  ],
  ""type"": ""Point""
}",-83.024735806,42.4481575130001
9791,9327646,EVERGREEN,ST MARTINS,2015-07-23,23,7,2015,18,5,5,9,,4,0,,1,1,1,35,4,2,2,4,0,0,0,1,false,,false,false,false,false,false,,,,,,false,false,false,,,false,false,false,false,false,-83.23905,42.43485,"{
  ""coordinates"": [
    -8.323905253100000e+01,
    4.243485229500000e+01
  ],
  ""type"": ""Point""
}","{
  ""coordinates"": [
    -83.239052531,
    42.434852295
  ],
  ""type"": ""Point""
}",-83.239052531,42.434852295
9792,9343671,BARLOW,8 MILE,2015-07-23,23,7,2015,3,5,1,3,,,1,,1,1,4,40,3,1,3,5,0,0,0,0,true,,false,false,false,true,false,,,,,,false,false,false,,,false,false,false,false,false,-82.99661,42.4489,"{
  ""coordinates"": [
    -8.299661214400000e+01,
    4.244890143700010e+01
  ],
  ""type"": ""Point""
}","{
  ""coordinates"": [
    -82.996612144,
    42.448901437
  ],
  ""type"": ""Point""
}",-82.996612144,42.4489014370001
9793,9328848,SORRENTO,MACKENZIE,2015-07-23,23,7,2015,21,5,97,9,,,0,,1,1,3,25,2,2,1,4,0,0,0,1,false,,false,false,false,false,false,,,,,,true,false,false,,,false,false,false,false,false,-83.17142,42.35664,"{
  ""coordinates"": [
    -8.317142010700000e+01,
    4.235663953700000e+01
  ],
  ""type"": ""Point""
}","{
  ""coordinates"": [
    -83.171420107,
    42.356639537
  ],
  ""type"": ""Point""
}",-83.171420107,42.356639537
9794,9328879,PACKARD,LANTZ,2015-07-23,23,7,2015,17,5,97,9,,,0,,1,1,1,25,1,2,1,5,0,0,0,0,true,,false,false,false,false,false,,,,,,true,false,false,,,false,false,false,false,false,-83.02754,42.43797,"{
  ""coordinates"": [
    -8.302754258499991e+01,
    4.243797390600000e+01
  ],
  ""type"": ""Point""
}","{
  ""coordinates"": [
    -83.027542585,
    42.437973906
  ],
  ""type"": ""Point""
}",-83.0275425849999,42.437973906
9795,9327503,SB M-39,GRAND RIVER,2015-07-23,23,7,2015,10,5,8,3,,1,0,,1,1,1,55,3,2,2,5,0,0,0,0,true,,false,false,false,false,false,,,,,,false,false,false,,,false,false,false,false,false,-83.21827,42.39785,"{
  ""coordinates"": [
    -8.321826563600000e+01,
    4.239784723200010e+01
  ],
  ""type"": ""Point""
}","{
  ""coordinates"": [
    -83.218265636,
    42.397847232
  ],
  ""type"": ""Point""
}",-83.218265636,42.3978472320001
9796,9327634,FENKELL,LAHSER,2015-07-23,23,7,2015,18,5,97,9,,2,0,,1,1,1,35,5,2,3,5,0,0,0,0,true,,false,false,true,false,false,,,,,,false,false,false,,,false,false,false,false,false,-83.25687,42.40029,"{
  ""coordinates"": [
    -8.325686375600000e+01,
    4.240028755500000e+01
  ],
  ""type"": ""Point""
}","{
  ""coordinates"": [
    -83.256863756,
    42.400287555
  ],
  ""type"": ""Point""
}",-83.256863756,42.400287555
9797,9331190,S/B I-75,DEARBORN,2015-07-23,23,7,2015,4,5,1,1,,1,1,,1,1,4,70,4,1,2,5,0,0,0,0,true,,false,false,false,false,false,,,,,,false,false,false,,,false,false,false,false,false,-83.12305,42.29918,"{
  ""coordinates"": [
    -8.312305149199990e+01,
    4.229918280100000e+01
  ],
  ""type"": ""Point""
}","{
  ""coordinates"": [
    -83.123051492,
    42.299182801
  ],
  ""type"": ""Point""
}",-83.1230514919999,42.299182801
9798,9328714,I 94,I 75,2015-07-23,23,7,2015,18,5,8,1,,1,0,,1,1,1,55,3,2,4,5,0,0,0,0,true,,false,false,false,false,false,,,,,,false,false,false,,,false,false,false,false,false,-83.05849,42.36839,"{
  ""coordinates"": [
    -8.305849766499990e+01,
    4.236839073400010e+01
  ],
  ""type"": ""Point""
}","{
  ""coordinates"": [
    -83.058497665,
    42.368390734
  ],
  ""type"": ""Point""
}",-83.0584976649999,42.3683907340001
9799,9327631,7 MILE,STRATHCONA,2015-07-23,23,7,2015,12,5,5,9,,2,0,,1,1,1,30,4,2,2,3,0,0,1,1,false,,false,false,false,false,false,,,,,,false,false,false,,,false,false,false,false,false,-83.12988,42.43179,"{
  ""coordinates"": [
    -8.312988501900000e+01,
    4.243179168400010e+01
  ],
  ""type"": ""Point""
}","{
  ""coordinates"": [
    -83.129885019,
    42.431791684
  ],
  ""type"": ""Point""
}",-83.129885019,42.4317916840001
9800,9330302,W I 94,GRAND RIVER,2015-07-23,23,7,2015,16,5,5,1,,1,0,,1,1,1,55,3,2,2,5,0,0,0,0,true,,false,false,false,false,false,,,,,,false,true,false,,,false,false,false,false,false,-83.09533,42.35142,"{
  ""coordinates"": [
    -8.309532996900001e+01,
    4.235142139200010e+01
  ],
  ""type"": ""Point""
}","{
  ""coordinates"": [
    -83.095329969,
    42.351421392
  ],
  ""type"": ""Point""
}",-83.095329969,42.3514213920001
9801,9329268,M-39,7 MILE,2015-07-23,23,7,2015,17,5,5,3,,1,0,,1,1,1,55,3,2,2,5,0,0,0,0,true,,false,false,true,false,false,,,,,,false,false,true,,,false,false,false,false,false,-83.21972,42.43723,"{
  ""coordinates"": [
    -8.321972058999999e+01,
    4.243723194100010e+01
  ],
  ""type"": ""Point""
}","{
  ""coordinates"": [
    -83.21972059,
    42.437231941
  ],
  ""type"": ""Point""
}",-83.21972059,42.4372319410001
9802,9408659,S I 75,E I 94,2015-07-23,23,7,2015,17,5,8,1,,1,0,,1,1,1,55,4,2,3,5,0,0,0,0,true,,false,false,false,false,false,,,,,,false,false,false,,,false,false,false,false,false,-83.05811,42.36832,"{
  ""coordinates"": [
    -8.305811691100000e+01,
    4.236832516500000e+01
  ],
  ""type"": ""Point""
}","{
  ""coordinates"": [
    -83.058116911,
    42.368325165
  ],
  ""type"": ""Point""
}",-83.058116911,42.368325165
9803,9328734,I75,NEVADA,2015-07-23,23,7,2015,18,5,5,1,,1,0,,1,1,1,70,3,3,4,5,0,0,0,0,true,,false,false,false,false,false,,,,,,false,false,true,,,false,false,false,false,false,-83.09315,42.42487,"{
  ""coordinates"": [
    -8.309314721100000e+01,
    4.242487507200010e+01
  ],
  ""type"": ""Point""
}","{
  ""coordinates"": [
    -83.093147211,
    42.424875072
  ],
  ""type"": ""Point""
}",-83.093147211,42.4248750720001
9804,9399107,FENKELL,GREENFIELD,2015-07-23,23,7,2015,4,5,9,9,,2,2,,1,1,4,30,5,2,2,5,0,0,0,0,true,,false,false,true,false,false,,,,,,false,false,false,,,false,false,false,false,false,-83.19861,42.40151,"{
  ""coordinates"": [
    -8.319860953999989e+01,
    4.240151392300000e+01
  ],
  ""type"": ""Point""
}","{
  ""coordinates"": [
    -83.19860954,
    42.401513923
  ],
  ""type"": ""Point""
}",-83.1986095399999,42.401513923
9805,9328733,M39,FENKELL,2015-07-23,23,7,2015,2,5,5,3,,1,0,,1,1,4,55,3,2,1,5,0,0,0,0,true,,false,false,true,false,false,,,,,,false,false,false,,,false,false,false,false,false,-83.21798,42.39563,"{
  ""coordinates"": [
    -8.321798060499999e+01,
    4.239563363600010e+01
  ],
  ""type"": ""Point""
}","{
  ""coordinates"": [
    -83.217980605,
    42.395633636
  ],
  ""type"": ""Point""
}",-83.217980605,42.3956336360001
9806,9328856,8 MILE,BROCK,2015-07-23,23,7,2015,3,5,8,3,,1,0,,1,1,4,40,4,2,4,4,0,0,0,1,false,,false,false,false,false,false,,,,,,false,false,false,,,false,false,false,false,false,-82.96362,42.44993,"{
  ""coordinates"": [
    -8.296362419499999e+01,
    4.244992989600010e+01
  ],
  ""type"": ""Point""
}","{
  ""coordinates"": [
    -82.963624195,
    42.449929896
  ],
  ""type"": ""Point""
}",-82.963624195,42.4499298960001
9807,9327628,JEFFERSON,8TH,2015-07-23,23,7,2015,0,5,1,9,,4,0,,1,1,4,35,5,1,1,1,1,0,0,0,false,,false,false,false,true,false,,,,,,false,true,false,,,false,false,false,false,false,-83.05957,42.32379,"{
  ""coordinates"": [
    -8.305957390799990e+01,
    4.232378735500000e+01
  ],
  ""type"": ""Point""
}","{
  ""coordinates"": [
    -83.059573908,
    42.323787355
  ],
  ""type"": ""Point""
}",-83.0595739079999,42.323787355
9808,9328878,LIVERNOIS,DAVISON,2015-07-23,23,7,2015,9,5,8,3,,4,0,,1,1,1,35,1,2,2,5,0,0,0,0,true,,false,false,true,false,false,,,,,,false,false,false,,,false,false,false,false,false,-83.13954,42.38666,"{
  ""coordinates"": [
    -8.313953870900001e+01,
    4.238665884600000e+01
  ],
  ""type"": ""Point""
}","{
  ""coordinates"": [
    -83.139538709,
    42.386658846
  ],
  ""type"": ""Point""
}",-83.139538709,42.386658846
9809,9328880,EIGHT MILE,ORLEANS,2015-07-23,23,7,2015,19,5,4,3,,1,0,,1,1,1,40,5,2,2,4,0,0,0,1,false,,true,true,true,false,false,,,,,,false,false,true,,,false,false,false,false,false,-83.08584,42.44696,"{
  ""coordinates"": [
    -8.308583524200000e+01,
    4.244696332800000e+01
  ],
  ""type"": ""Point""
}","{
  ""coordinates"": [
    -83.085835242,
    42.446963328
  ],
  ""type"": ""Point""
}",-83.085835242,42.446963328
9810,9331225,I-94,BEAUBIEN,2015-07-23,23,7,2015,11,5,5,1,,1,0,,1,1,1,55,3,2,2,4,0,0,0,1,false,,false,false,false,true,false,,,,,,false,false,true,,,false,false,false,false,false,-83.06235,42.36662,"{
  ""coordinates"": [
    -8.306234899799991e+01,
    4.236661407200010e+01
  ],
  ""type"": ""Point""
}","{
  ""coordinates"": [
    -83.062348998,
    42.366614072
  ],
  ""type"": ""Point""
}",-83.0623489979999,42.3666140720001
9811,9328780,I75,STATE FAIR,2015-07-23,23,7,2015,18,5,8,1,,1,0,,1,1,1,70,3,2,2,5,0,0,0,0,true,,false,false,false,false,false,,,,,,false,false,false,,,false,false,false,false,false,-83.09489,42.44337,"{
  ""coordinates"": [
    -8.309488886699999e+01,
    4.244336570100010e+01
  ],
  ""type"": ""Point""
}","{
  ""coordinates"": [
    -83.094888867,
    42.443365701
  ],
  ""type"": ""Point""
}",-83.094888867,42.4433657010001
9812,9328882,HELEN,HILDALE,2015-07-23,23,7,2015,23,5,4,9,,,0,,1,1,4,0,1,2,2,5,0,0,0,0,true,,false,false,false,false,false,,,,,,false,false,false,,,false,false,false,false,false,-83.03152,42.43021,"{
  ""coordinates"": [
    -8.303152576900000e+01,
    4.243020746900000e+01
  ],
  ""type"": ""Point""
}","{
  ""coordinates"": [
    -83.031525769,
    42.430207469
  ],
  ""type"": ""Point""
}",-83.031525769,42.430207469
9813,9327528,RAMP 008K,S M 39,2015-07-23,23,7,2015,9,5,8,1,,1,0,,1,1,1,30,2,2,3,5,0,0,0,0,true,,false,false,true,false,false,,,,,,false,false,false,,,false,false,true,false,false,-83.21692,42.37415,"{
  ""coordinates"": [
    -8.321692074600000e+01,
    4.237415096800000e+01
  ],
  ""type"": ""Point""
}","{
  ""coordinates"": [
    -83.216920746,
    42.374150968
  ],
  ""type"": ""Point""
}",-83.216920746,42.374150968
9814,9327617,GREENFIELD,ELMIRA,2015-07-23,23,7,2015,10,5,4,9,,2,0,,1,1,1,35,4,2,2,5,0,0,0,0,true,,false,false,true,false,false,,,,,,false,false,true,,,false,false,false,false,false,-83.19743,42.36993,"{
  ""coordinates"": [
    -8.319743375800000e+01,
    4.236993002500000e+01
  ],
  ""type"": ""Point""
}","{
  ""coordinates"": [
    -83.197433758,
    42.369930025
  ],
  ""type"": ""Point""
}",-83.197433758,42.369930025