ObjectId,Crash ID,Primary Road,Intersecting Road,Crash Date,Day,Month,Year,Hour,Weekday,Crash Type Code,Highway Classification Code,Community Code,Jurisdiction Code,Lane Departure Type Code,Surface Type,Road Condition,Weather Condition,Lighting Condition,Speed Limit,Lanes,Units,Occupants,Most Severe Injury,Fatal Injuries,Suspected Serious Injuries,Suspected Minor Injuries,Possible Injuries,Property Damage Only,Secondary Crash,Traffic Control,Red Light Run,Hit and Run,Alcohol,Drugs,Unbelted Person,Work Zone,Speeding Driver,Distracted Driver,Driveway,Pedestrian,Elderly Driver,Young Driver,Commercial Vehicle,Emergency Vehicles,Train,School Bus,Motorcycle,Bicycle,Deer,Longitude,Latitude,geom,geog,x,y
9815,9327643,JOHN R,ADELAIDE,2015-07-23,23,7,2015,17,5,4,9,,4,0,,1,1,1,30,2,2,3,5,0,0,0,0,true,,false,false,false,false,false,,,,,,false,false,false,,,false,false,false,false,false,-83.05173,42.34272,"{
  ""coordinates"": [
    -8.305173443099990e+01,
    4.234272103500010e+01
  ],
  ""type"": ""Point""
}","{
  ""coordinates"": [
    -83.051734431,
    42.342721035
  ],
  ""type"": ""Point""
}",-83.0517344309999,42.3427210350001
9816,9343438,GRISWALD,CONGRESS,2015-07-23,23,7,2015,18,5,8,9,,4,0,,1,1,1,25,4,2,2,5,0,0,0,0,true,,false,false,false,false,false,,,,,,false,false,false,,,false,false,false,false,false,-83.04671,42.32988,"{
  ""coordinates"": [
    -8.304670423700000e+01,
    4.232987937500010e+01
  ],
  ""type"": ""Point""
}","{
  ""coordinates"": [
    -83.046704237,
    42.329879375
  ],
  ""type"": ""Point""
}",-83.046704237,42.3298793750001
9817,9331224,RAMP 037C,RAMP 037B,2015-07-23,23,7,2015,9,5,5,1,,1,0,,1,1,1,55,2,3,5,5,0,0,0,0,true,,false,false,false,false,false,,,,,,false,false,true,,,false,false,false,false,false,-83.0856,42.33209,"{
  ""coordinates"": [
    -8.308560464399990e+01,
    4.233208772200000e+01
  ],
  ""type"": ""Point""
}","{
  ""coordinates"": [
    -83.085604644,
    42.332087722
  ],
  ""type"": ""Point""
}",-83.0856046439999,42.332087722
9818,9327650,8 MILE,DQUINDRE,2015-07-23,23,7,2015,14,5,5,3,,1,0,,1,1,1,30,6,2,2,5,0,0,0,0,true,,false,false,false,false,false,,,,,,false,true,false,,,false,false,false,false,false,-83.08413,42.44701,"{
  ""coordinates"": [
    -8.308412616600000e+01,
    4.244700694500010e+01
  ],
  ""type"": ""Point""
}","{
  ""coordinates"": [
    -83.084126166,
    42.447006945
  ],
  ""type"": ""Point""
}",-83.084126166,42.4470069450001
9819,9329440,ANTHONY WAYNE,KIRBY,2015-07-23,23,7,2015,21,5,97,9,,4,0,,1,1,4,25,2,1,0,5,0,0,0,0,true,,false,false,true,false,false,,,,,,false,false,false,,,false,false,false,false,false,-83.07298,42.35736,"{
  ""coordinates"": [
    -8.307297300600000e+01,
    4.235736517700010e+01
  ],
  ""type"": ""Point""
}","{
  ""coordinates"": [
    -83.072973006,
    42.357365177
  ],
  ""type"": ""Point""
}",-83.072973006,42.3573651770001
9820,9340381,MOROSS,LINVILLE,2015-07-23,23,7,2015,3,5,8,9,,2,0,,1,1,5,35,2,2,2,5,0,0,0,0,true,,false,false,false,false,false,,,,,,false,false,false,,,false,false,false,false,false,-82.91756,42.41965,"{
  ""coordinates"": [
    -8.291755432699991e+01,
    4.241965446500010e+01
  ],
  ""type"": ""Point""
}","{
  ""coordinates"": [
    -82.917554327,
    42.419654465
  ],
  ""type"": ""Point""
}",-82.9175543269999,42.4196544650001
9821,9343480,KRAMER,BIRWOOD,2015-07-22,22,7,2015,21,4,97,9,,,3,,1,1,3,25,2,2,0,5,0,0,0,0,true,,false,false,true,false,false,,,,,,false,false,false,,,false,false,false,false,false,-83.16286,42.35973,"{
  ""coordinates"": [
    -8.316285515600001e+01,
    4.235972836300000e+01
  ],
  ""type"": ""Point""
}","{
  ""coordinates"": [
    -83.162855156,
    42.359728363
  ],
  ""type"": ""Point""
}",-83.162855156,42.359728363
9822,9326782,MT ELLIOTT,EMERY,2015-07-22,22,7,2015,3,4,1,9,,4,1,,1,1,4,35,2,1,0,5,0,0,0,0,true,,false,false,true,false,false,,,,,,false,false,false,,,false,false,false,false,false,-83.03904,42.43652,"{
  ""coordinates"": [
    -8.303903791700000e+01,
    4.243652367500000e+01
  ],
  ""type"": ""Point""
}","{
  ""coordinates"": [
    -83.039037917,
    42.436523675
  ],
  ""type"": ""Point""
}",-83.039037917,42.436523675
9823,9353440,ASBURY,MARGARETTA,2015-07-22,22,7,2015,13,4,4,9,,4,0,,1,1,1,25,2,2,2,5,0,0,0,0,true,,false,false,true,false,false,,,,,,false,false,true,,,false,false,false,false,false,-83.20944,42.42662,"{
  ""coordinates"": [
    -8.320944407600000e+01,
    4.242662151500010e+01
  ],
  ""type"": ""Point""
}","{
  ""coordinates"": [
    -83.209444076,
    42.426621515
  ],
  ""type"": ""Point""
}",-83.209444076,42.4266215150001
9824,9327527,M 39,8 MILE,2015-07-22,22,7,2015,8,4,97,3,,1,0,,1,1,1,55,3,2,2,5,0,0,0,0,true,,false,false,false,false,false,,,,,,false,false,true,,,false,false,false,false,false,-83.21964,42.44362,"{
  ""coordinates"": [
    -8.321963389800000e+01,
    4.244362054100000e+01
  ],
  ""type"": ""Point""
}","{
  ""coordinates"": [
    -83.219633898,
    42.443620541
  ],
  ""type"": ""Point""
}",-83.219633898,42.443620541
9825,9326803,ST MARYS,FLORENCE,2015-07-22,22,7,2015,13,4,4,9,,,0,,1,2,1,25,4,2,2,4,0,0,0,1,false,,false,false,true,false,false,,,,,,false,false,false,,,false,false,false,false,false,-83.20665,42.41039,"{
  ""coordinates"": [
    -8.320664803600000e+01,
    4.241038625200010e+01
  ],
  ""type"": ""Point""
}","{
  ""coordinates"": [
    -83.206648036,
    42.410386252
  ],
  ""type"": ""Point""
}",-83.206648036,42.4103862520001
9826,9328740,ASBURY PARK,HESSEL,2015-07-22,22,7,2015,22,4,97,9,,4,0,,1,1,5,25,2,2,2,5,0,0,0,0,true,,false,false,false,false,false,,,,,,false,false,false,,,false,false,false,false,false,-83.21015,42.44287,"{
  ""coordinates"": [
    -8.321015429099999e+01,
    4.244286837500000e+01
  ],
  ""type"": ""Point""
}","{
  ""coordinates"": [
    -83.210154291,
    42.442868375
  ],
  ""type"": ""Point""
}",-83.210154291,42.442868375
9827,9328866,VERNOR,CLARKDALE,2015-07-22,22,7,2015,13,4,5,9,,4,0,,1,1,1,25,1,2,2,5,0,0,0,0,true,,false,false,false,false,false,,,,,,false,false,false,,,false,false,false,false,false,-83.09485,42.32066,"{
  ""coordinates"": [
    -8.309485169399990e+01,
    4.232065773700000e+01
  ],
  ""type"": ""Point""
}","{
  ""coordinates"": [
    -83.094851694,
    42.320657737
  ],
  ""type"": ""Point""
}",-83.0948516939999,42.320657737
9828,9401503,7 MILE,RUTHERFORD,2015-07-22,22,7,2015,15,4,8,9,,2,0,,1,1,1,35,4,2,2,5,0,0,0,0,true,,false,false,false,false,false,,,,,,false,false,false,,,false,false,false,false,false,-83.20487,42.43034,"{
  ""coordinates"": [
    -8.320487286400000e+01,
    4.243034100000010e+01
  ],
  ""type"": ""Point""
}","{
  ""coordinates"": [
    -83.204872864,
    42.430341
  ],
  ""type"": ""Point""
}",-83.204872864,42.4303410000001
9829,9327621,JEFFERSON,DUBOIS,2015-07-22,22,7,2015,7,4,8,9,,4,0,,1,1,1,35,4,2,3,4,0,0,0,1,false,,false,false,false,false,false,,,,,,false,false,false,,,false,false,false,false,false,-83.02443,42.33747,"{
  ""coordinates"": [
    -8.302442621300000e+01,
    4.233746991300010e+01
  ],
  ""type"": ""Point""
}","{
  ""coordinates"": [
    -83.024426213,
    42.337469913
  ],
  ""type"": ""Point""
}",-83.024426213,42.3374699130001
9830,9327511,I94,CHENE,2015-07-22,22,7,2015,20,4,1,1,,1,1,,1,1,1,55,3,1,1,5,0,0,0,0,true,,false,false,false,false,false,,,,,,false,false,false,,,false,false,false,false,false,-83.03759,42.37751,"{
  ""coordinates"": [
    -8.303758973899990e+01,
    4.237750603300000e+01
  ],
  ""type"": ""Point""
}","{
  ""coordinates"": [
    -83.037589739,
    42.377506033
  ],
  ""type"": ""Point""
}",-83.0375897389999,42.377506033
9831,9327501,WB I-94,THIRD,2015-07-22,22,7,2015,17,4,8,1,,1,0,,1,1,1,55,3,2,2,5,0,0,0,0,true,,false,false,false,false,false,,,,,,false,false,true,,,false,false,false,false,false,-83.07603,42.35965,"{
  ""coordinates"": [
    -8.307602536699990e+01,
    4.235964902800000e+01
  ],
  ""type"": ""Point""
}","{
  ""coordinates"": [
    -83.076025367,
    42.359649028
  ],
  ""type"": ""Point""
}",-83.0760253669999,42.359649028
9832,9327659,7 MILE,STRASBURG,2015-07-22,22,7,2015,16,4,5,9,,4,0,,1,1,1,30,2,2,3,5,0,0,0,0,true,,false,false,false,false,false,,,,,,false,false,true,,,false,false,false,false,false,-82.99851,42.43461,"{
  ""coordinates"": [
    -8.299851469600000e+01,
    4.243460765700010e+01
  ],
  ""type"": ""Point""
}","{
  ""coordinates"": [
    -82.998514696,
    42.434607657
  ],
  ""type"": ""Point""
}",-82.998514696,42.4346076570001
9833,9331349,FORRER,WARREN,2015-07-22,22,7,2015,,4,9,9,,,2,,1,98,98,25,1,2,0,5,0,0,0,0,true,,false,false,true,false,false,,,,,,false,false,false,,,false,false,false,false,false,-83.19991,42.34328,"{
  ""coordinates"": [
    -8.319990575900000e+01,
    4.234328342200010e+01
  ],
  ""type"": ""Point""
}","{
  ""coordinates"": [
    -83.199905759,
    42.343283422
  ],
  ""type"": ""Point""
}",-83.199905759,42.3432834220001
9834,9327647,HAYES,LINNHURST,2015-07-22,22,7,2015,10,4,1,9,,4,1,,1,1,1,30,2,1,1,5,0,0,0,0,true,,false,false,false,false,false,,,,,,false,false,false,,,false,false,false,false,false,-82.96539,42.43147,"{
  ""coordinates"": [
    -8.296538259399991e+01,
    4.243147377000000e+01
  ],
  ""type"": ""Point""
}","{
  ""coordinates"": [
    -82.965382594,
    42.43147377
  ],
  ""type"": ""Point""
}",-82.9653825939999,42.43147377
9835,9326805,7 MILE,FENMORE,2015-07-22,22,7,2015,20,4,4,9,,2,0,,1,1,1,30,4,2,3,5,0,0,0,0,true,,false,false,true,false,false,,,,,,false,false,false,,,false,false,false,false,false,-83.21819,42.43003,"{
  ""coordinates"": [
    -8.321819535700000e+01,
    4.243003552800010e+01
  ],
  ""type"": ""Point""
}","{
  ""coordinates"": [
    -83.218195357,
    42.430035528
  ],
  ""type"": ""Point""
}",-83.218195357,42.4300355280001
9836,9326797,DAVISON,MOENART,2015-07-22,22,7,2015,16,4,5,9,,2,0,,1,1,1,30,2,3,3,5,0,0,0,0,true,,false,false,true,false,false,,,,,,false,true,false,,,false,false,false,false,false,-83.05006,42.41988,"{
  ""coordinates"": [
    -8.305005748199990e+01,
    4.241987445100010e+01
  ],
  ""type"": ""Point""
}","{
  ""coordinates"": [
    -83.050057482,
    42.419874451
  ],
  ""type"": ""Point""
}",-83.0500574819999,42.4198744510001
9837,9328728,M39,LYNDON,2015-07-22,22,7,2015,23,4,1,3,,1,1,,1,1,4,55,3,1,1,5,0,0,0,0,true,,false,false,false,true,false,,,,,,false,false,false,,,false,false,false,false,false,-83.21803,42.39244,"{
  ""coordinates"": [
    -8.321802626000000e+01,
    4.239244182800010e+01
  ],
  ""type"": ""Point""
}","{
  ""coordinates"": [
    -83.21802626,
    42.392441828
  ],
  ""type"": ""Point""
}",-83.21802626,42.3924418280001
9838,9331326,RAMP 224A,E I 94,2015-07-22,22,7,2015,2,4,97,1,,1,1,,1,1,4,5,1,1,2,5,0,0,0,0,true,,false,false,false,false,false,,,,,,false,false,false,,,false,false,false,false,false,-82.93061,42.42194,"{
  ""coordinates"": [
    -8.293061282500000e+01,
    4.242194036200000e+01
  ],
  ""type"": ""Point""
}","{
  ""coordinates"": [
    -82.930612825,
    42.421940362
  ],
  ""type"": ""Point""
}",-82.930612825,42.421940362
9839,9401480,ELMHURST,OAKMAN,2015-07-22,22,7,2015,13,4,4,9,,4,0,,1,1,1,35,4,2,3,5,0,0,0,0,true,,false,false,false,false,false,,,,,,false,false,true,,,false,false,false,false,false,-83.14985,42.37595,"{
  ""coordinates"": [
    -8.314984966799990e+01,
    4.237594604400000e+01
  ],
  ""type"": ""Point""
}","{
  ""coordinates"": [
    -83.149849668,
    42.375946044
  ],
  ""type"": ""Point""
}",-83.1498496679999,42.375946044
9840,9328842,DAVISON,EWALD,2015-07-22,22,7,2015,12,4,5,3,,1,0,,1,1,1,35,3,2,4,5,0,0,0,0,true,,false,false,false,false,false,,,,,,false,false,false,,,false,false,false,false,false,-83.14532,42.38641,"{
  ""coordinates"": [
    -8.314531971299991e+01,
    4.238640425000010e+01
  ],
  ""type"": ""Point""
}","{
  ""coordinates"": [
    -83.145319713,
    42.38640425
  ],
  ""type"": ""Point""
}",-83.1453197129999,42.3864042500001
9841,9326795,EVERGREEN,DAVISON,2015-07-22,22,7,2015,15,4,5,1,,4,0,,1,1,1,30,6,3,3,5,0,0,0,0,true,,false,false,false,false,false,,,,,,false,true,false,,,false,false,false,false,false,-83.2367,42.3823,"{
  ""coordinates"": [
    -8.323670171700000e+01,
    4.238229665700000e+01
  ],
  ""type"": ""Point""
}","{
  ""coordinates"": [
    -83.236701717,
    42.382296657
  ],
  ""type"": ""Point""
}",-83.236701717,42.382296657
9842,9343441,MELBOURNE,WOODWARD,2015-07-22,22,7,2015,10,4,1,3,,,0,,1,2,1,30,2,2,2,3,0,0,1,0,false,,false,false,true,false,false,,,,,,true,false,false,,,false,false,false,false,false,-83.07735,42.37643,"{
  ""coordinates"": [
    -8.307734476099991e+01,
    4.237642831300010e+01
  ],
  ""type"": ""Point""
}","{
  ""coordinates"": [
    -83.077344761,
    42.376428313
  ],
  ""type"": ""Point""
}",-83.0773447609999,42.3764283130001
9843,9329428,ADELAIDE,JOHN R,2015-07-22,22,7,2015,17,4,4,9,,,0,,1,1,1,35,4,2,2,5,0,0,0,0,true,,false,false,false,false,false,,,,,,false,false,true,,,false,false,false,false,false,-83.0517,42.34274,"{
  ""coordinates"": [
    -8.305170035799991e+01,
    4.234273546500000e+01
  ],
  ""type"": ""Point""
}","{
  ""coordinates"": [
    -83.051700358,
    42.342735465
  ],
  ""type"": ""Point""
}",-83.0517003579999,42.342735465
9844,9401497,WYOMING,CHICAGO,2015-07-22,22,7,2015,7,4,8,9,,4,0,,1,1,1,25,2,2,0,5,0,0,0,0,true,,false,false,true,false,false,,,,,,false,false,false,,,false,false,false,false,false,-83.1582,42.3661,"{
  ""coordinates"": [
    -8.315819744200000e+01,
    4.236610517200010e+01
  ],
  ""type"": ""Point""
}","{
  ""coordinates"": [
    -83.158197442,
    42.366105172
  ],
  ""type"": ""Point""
}",-83.158197442,42.3661051720001
9845,9326815,VASSAR,LESURE,2015-07-22,22,7,2015,21,4,4,9,,4,0,,1,1,4,30,6,3,3,4,0,0,0,1,false,,false,false,true,false,false,,,,,,false,false,true,,,false,false,false,false,false,-83.18298,42.43447,"{
  ""coordinates"": [
    -8.318298279299999e+01,
    4.243447186100010e+01
  ],
  ""type"": ""Point""
}","{
  ""coordinates"": [
    -83.182982793,
    42.434471861
  ],
  ""type"": ""Point""
}",-83.182982793,42.4344718610001
9846,9326816,N M 10,LIVERNOIS,2015-07-22,22,7,2015,7,4,8,3,,1,0,,1,1,1,55,3,2,3,5,0,0,0,0,true,,false,false,false,false,false,,,,,,false,false,false,,,false,false,false,false,false,-83.1406,42.40495,"{
  ""coordinates"": [
    -8.314060293800000e+01,
    4.240495039300000e+01
  ],
  ""type"": ""Point""
}","{
  ""coordinates"": [
    -83.140602938,
    42.404950393
  ],
  ""type"": ""Point""
}",-83.140602938,42.404950393
9847,9331333,GRATIOT,ARNDT,2015-07-22,22,7,2015,15,4,97,3,,1,0,,1,2,1,35,8,2,1,5,0,0,0,0,true,,false,false,false,false,false,,,,,,false,false,false,,,false,false,false,false,false,-83.03163,42.3531,"{
  ""coordinates"": [
    -8.303163048399990e+01,
    4.235310523700010e+01
  ],
  ""type"": ""Point""
}","{
  ""coordinates"": [
    -83.031630484,
    42.353105237
  ],
  ""type"": ""Point""
}",-83.0316304839999,42.3531052370001
9848,9344508,DAVISON,OAKMAN,2015-07-22,22,7,2015,16,4,8,3,,1,0,,1,1,1,25,3,2,2,5,0,0,0,0,true,,false,false,false,false,false,,,,,,false,false,false,,,false,false,false,false,false,-83.14391,42.38644,"{
  ""coordinates"": [
    -8.314390994900000e+01,
    4.238643972800000e+01
  ],
  ""type"": ""Point""
}","{
  ""coordinates"": [
    -83.143909949,
    42.386439728
  ],
  ""type"": ""Point""
}",-83.143909949,42.386439728
9849,9357086,EVERGREEN,PLYMOUTH,2015-07-22,22,7,2015,16,4,3,9,,4,0,,1,1,1,30,7,2,2,3,0,0,2,0,false,,true,true,false,false,false,,,,,,false,false,true,,,false,false,false,false,false,-83.23625,42.37189,"{
  ""coordinates"": [
    -8.323624898700000e+01,
    4.237188885700000e+01
  ],
  ""type"": ""Point""
}","{
  ""coordinates"": [
    -83.236248987,
    42.371888857
  ],
  ""type"": ""Point""
}",-83.236248987,42.371888857
9850,9328874,HAYES,EASTWOOD,2015-07-22,22,7,2015,21,4,4,9,,4,0,,1,1,4,30,4,2,2,4,0,0,0,1,false,,false,false,true,false,false,,,,,,false,false,false,,,false,false,true,false,false,-82.96545,42.43382,"{
  ""coordinates"": [
    -8.296544307200000e+01,
    4.243381749300000e+01
  ],
  ""type"": ""Point""
}","{
  ""coordinates"": [
    -82.965443072,
    42.433817493
  ],
  ""type"": ""Point""
}",-82.965443072,42.433817493
9851,9326817,S M 10,WYOMING,2015-07-22,22,7,2015,16,4,5,3,,1,0,,1,1,1,30,3,2,3,5,0,0,0,0,true,,false,false,true,false,false,,,,,,false,false,false,,,false,false,false,false,false,-83.1599,42.40519,"{
  ""coordinates"": [
    -8.315989494400000e+01,
    4.240519305200010e+01
  ],
  ""type"": ""Point""
}","{
  ""coordinates"": [
    -83.159894944,
    42.405193052
  ],
  ""type"": ""Point""
}",-83.159894944,42.4051930520001
9852,9327512,E/B I 94,RUSSELL,2015-07-22,22,7,2015,18,4,1,1,,1,1,,1,1,1,55,3,1,2,5,0,0,0,0,true,,false,false,false,false,false,,,,,,false,false,true,,,false,false,false,false,false,-83.05611,42.36974,"{
  ""coordinates"": [
    -8.305611442500000e+01,
    4.236973460900000e+01
  ],
  ""type"": ""Point""
}","{
  ""coordinates"": [
    -83.056114425,
    42.369734609
  ],
  ""type"": ""Point""
}",-83.056114425,42.369734609
9853,9327500,RAMP 011A,N M 39,2015-07-22,22,7,2015,14,4,5,3,,1,0,,1,2,1,55,1,2,3,4,0,0,0,2,false,,false,false,false,false,false,,,,,,false,true,false,,,false,false,false,false,false,-83.21902,42.42822,"{
  ""coordinates"": [
    -8.321902498500000e+01,
    4.242821758600010e+01
  ],
  ""type"": ""Point""
}","{
  ""coordinates"": [
    -83.219024985,
    42.428217586
  ],
  ""type"": ""Point""
}",-83.219024985,42.4282175860001
9854,9327651,PICKFORD,FREELAND,2015-07-22,22,7,2015,20,4,4,9,,,0,,1,1,4,25,2,2,4,5,0,0,0,0,true,,false,false,false,false,false,,,,,,false,false,true,,,false,false,false,false,false,-83.18626,42.42544,"{
  ""coordinates"": [
    -8.318625711100000e+01,
    4.242544104100010e+01
  ],
  ""type"": ""Point""
}","{
  ""coordinates"": [
    -83.186257111,
    42.425441041
  ],
  ""type"": ""Point""
}",-83.186257111,42.4254410410001
9855,9328749,I-94,VAN DYKE,2015-07-22,22,7,2015,7,4,5,1,,1,0,,1,1,1,55,3,2,2,2,0,1,0,0,false,,false,false,false,false,false,,,,,,false,false,true,,,false,false,false,false,false,-83.02,42.38633,"{
  ""coordinates"": [
    -8.302000757699990e+01,
    4.238633117200000e+01
  ],
  ""type"": ""Point""
}","{
  ""coordinates"": [
    -83.020007577,
    42.386331172
  ],
  ""type"": ""Point""
}",-83.0200075769999,42.386331172
9856,9326800,AUDUBON,OUTER,2015-07-22,22,7,2015,7,4,8,9,,,0,,1,1,1,25,1,2,1,4,0,0,0,1,false,,false,false,false,false,false,,,,,,false,false,true,,,false,false,false,false,false,-82.93938,42.40553,"{
  ""coordinates"": [
    -8.293938631299990e+01,
    4.240552724400000e+01
  ],
  ""type"": ""Point""
}","{
  ""coordinates"": [
    -82.939386313,
    42.405527244
  ],
  ""type"": ""Point""
}",-82.9393863129999,42.405527244
9857,9326783,MCNICHOLS,CALDWELL,2015-07-22,22,7,2015,8,4,8,9,,4,0,,1,1,1,35,2,2,2,5,0,0,0,0,true,,false,false,false,false,false,,,,,,false,false,false,,,false,false,false,false,false,-83.04652,42.41899,"{
  ""coordinates"": [
    -8.304652771199990e+01,
    4.241899077100000e+01
  ],
  ""type"": ""Point""
}","{
  ""coordinates"": [
    -83.046527712,
    42.418990771
  ],
  ""type"": ""Point""
}",-83.0465277119999,42.418990771
9858,9326793,ARDMORE,7 MILE,2015-07-22,22,7,2015,11,4,4,9,,,0,,1,1,1,25,2,2,5,5,0,0,0,0,true,,false,false,false,false,false,,,,,,false,false,false,,,false,false,false,false,false,-83.1852,42.4309,"{
  ""coordinates"": [
    -8.318519997500000e+01,
    4.243090402400000e+01
  ],
  ""type"": ""Point""
}","{
  ""coordinates"": [
    -83.185199975,
    42.430904024
  ],
  ""type"": ""Point""
}",-83.185199975,42.430904024
9859,9399251,WYOMING,FULLERTON,2015-07-22,22,7,2015,7,4,1,9,,4,1,,1,1,1,35,4,1,2,4,0,0,0,1,false,,false,false,false,false,false,,,,,,false,false,true,,,false,false,false,false,false,-83.15883,42.38094,"{
  ""coordinates"": [
    -8.315883207400000e+01,
    4.238094028600010e+01
  ],
  ""type"": ""Point""
}","{
  ""coordinates"": [
    -83.158832074,
    42.380940286
  ],
  ""type"": ""Point""
}",-83.158832074,42.3809402860001
9860,9326820,7 MILE,WYOMING,2015-07-22,22,7,2015,13,4,1,9,,2,0,,1,1,1,30,4,2,1,4,0,0,0,1,false,,false,false,false,false,false,,,,,,true,true,false,,,false,false,false,false,false,-83.16102,42.43134,"{
  ""coordinates"": [
    -8.316101488100000e+01,
    4.243134493500000e+01
  ],
  ""type"": ""Point""
}","{
  ""coordinates"": [
    -83.161014881,
    42.431344935
  ],
  ""type"": ""Point""
}",-83.161014881,42.431344935
9861,9392661,ROSEMONT,TIREMAN,2015-07-22,22,7,2015,12,4,1,9,,,1,,1,1,1,25,1,1,1,4,0,0,0,1,false,,false,false,false,false,false,,,,,,false,false,false,,,false,false,false,false,false,-83.21862,42.35019,"{
  ""coordinates"": [
    -8.321861690500000e+01,
    4.235019211500000e+01
  ],
  ""type"": ""Point""
}","{
  ""coordinates"": [
    -83.218616905,
    42.350192115
  ],
  ""type"": ""Point""
}",-83.218616905,42.350192115
9862,9327497,WB I-94,GRAND RIVER,2015-07-22,22,7,2015,6,4,5,1,,1,0,,1,2,2,55,3,2,2,5,0,0,0,0,true,,false,false,false,false,false,,,,,,false,false,false,,,false,false,false,false,false,-83.09589,42.35125,"{
  ""coordinates"": [
    -8.309588659900000e+01,
    4.235124648700000e+01
  ],
  ""type"": ""Point""
}","{
  ""coordinates"": [
    -83.095886599,
    42.351246487
  ],
  ""type"": ""Point""
}",-83.095886599,42.351246487
9863,9327640,1532 ADELAIDE,RIOPELLE,2015-07-22,22,7,2015,7,4,97,9,,,0,,1,1,1,15,1,1,1,5,0,0,0,0,true,,false,false,false,false,false,,,,,,false,false,false,,,false,false,false,false,false,-83.03902,42.34717,"{
  ""coordinates"": [
    -8.303901764400000e+01,
    4.234716751900000e+01
  ],
  ""type"": ""Point""
}","{
  ""coordinates"": [
    -83.039017644,
    42.347167519
  ],
  ""type"": ""Point""
}",-83.039017644,42.347167519
9864,9364143,MCNICHOLS,GILCHRIST,2015-07-22,22,7,2015,11,4,1,9,,2,1,,1,1,5,35,4,1,0,5,0,0,0,0,true,,false,false,false,false,false,,,,,,false,false,false,,,false,false,false,false,false,-83.21214,42.4157,"{
  ""coordinates"": [
    -8.321214539700000e+01,
    4.241569555200000e+01
  ],
  ""type"": ""Point""
}","{
  ""coordinates"": [
    -83.212145397,
    42.415695552
  ],
  ""type"": ""Point""
}",-83.212145397,42.415695552
9865,9327514,JEFFERSON,GRISWOLD,2015-07-22,22,7,2015,5,4,8,3,,1,0,,1,1,2,35,2,2,2,5,0,0,0,0,true,,true,true,false,false,false,,,,,,false,true,true,,,false,false,false,false,false,-83.04551,42.32835,"{
  ""coordinates"": [
    -8.304550809300000e+01,
    4.232834953100010e+01
  ],
  ""type"": ""Point""
}","{
  ""coordinates"": [
    -83.045508093,
    42.328349531
  ],
  ""type"": ""Point""
}",-83.045508093,42.3283495310001
9866,9333545,EB I-94,BRUSH,2015-07-22,22,7,2015,17,4,5,1,,1,0,,1,2,1,55,3,3,2,5,0,0,0,0,true,,false,false,true,false,false,,,,,,false,false,false,,,false,false,false,false,false,-83.06542,42.36522,"{
  ""coordinates"": [
    -8.306542003800000e+01,
    4.236522200600010e+01
  ],
  ""type"": ""Point""
}","{
  ""coordinates"": [
    -83.065420038,
    42.365222006
  ],
  ""type"": ""Point""
}",-83.065420038,42.3652220060001
9867,9353416,GREENVIEW,PAUL,2015-07-22,22,7,2015,13,4,9,9,,,2,,1,1,1,25,2,2,0,5,0,0,0,0,true,,false,false,true,false,false,,,,,,false,false,false,,,false,false,false,false,false,-83.22176,42.33618,"{
  ""coordinates"": [
    -8.322175369999999e+01,
    4.233618205300010e+01
  ],
  ""type"": ""Point""
}","{
  ""coordinates"": [
    -83.2217537,
    42.336182053
  ],
  ""type"": ""Point""
}",-83.2217537,42.3361820530001
9868,9327498,SB I-75,MCNICHOLS,2015-07-22,22,7,2015,8,4,5,1,,1,0,,1,1,1,70,4,2,3,5,0,0,0,0,true,,false,false,false,false,false,,,,,,false,false,false,,,false,false,false,false,false,-83.08907,42.41946,"{
  ""coordinates"": [
    -8.308907149100000e+01,
    4.241945933500010e+01
  ],
  ""type"": ""Point""
}","{
  ""coordinates"": [
    -83.089071491,
    42.419459335
  ],
  ""type"": ""Point""
}",-83.089071491,42.4194593350001
9869,9364154,LAHSER,KARL,2015-07-22,22,7,2015,16,4,8,9,,2,0,,1,1,1,35,4,2,4,4,0,0,0,1,false,,false,false,false,false,false,,,,,,false,false,true,,,false,false,false,false,false,-83.25817,42.42277,"{
  ""coordinates"": [
    -8.325817001599999e+01,
    4.242276819300000e+01
  ],
  ""type"": ""Point""
}","{
  ""coordinates"": [
    -83.258170016,
    42.422768193
  ],
  ""type"": ""Point""
}",-83.258170016,42.422768193
9870,9327526,I 94,GRAND RIVER,2015-07-22,22,7,2015,6,4,5,1,,1,0,,1,1,2,55,3,3,3,5,0,0,0,0,true,,false,false,false,false,false,,,,,,false,false,false,,,false,false,false,false,false,-83.09589,42.35125,"{
  ""coordinates"": [
    -8.309588659900000e+01,
    4.235124648700000e+01
  ],
  ""type"": ""Point""
}","{
  ""coordinates"": [
    -83.095886599,
    42.351246487
  ],
  ""type"": ""Point""
}",-83.095886599,42.351246487
9871,9337334,M-10,7 MILE,2015-07-22,22,7,2015,17,4,97,3,,1,0,,1,1,1,70,3,2,2,5,0,0,0,0,true,,false,false,true,false,false,,,,,,false,false,false,,,false,false,false,false,false,-83.19305,42.4366,"{
  ""coordinates"": [
    -8.319305758300000e+01,
    4.243659556200000e+01
  ],
  ""type"": ""Point""
}","{
  ""coordinates"": [
    -83.193057583,
    42.436595562
  ],
  ""type"": ""Point""
}",-83.193057583,42.436595562
9872,9353496,DAVISON,BURT,2015-07-22,22,7,2015,10,4,5,9,,,0,,1,1,1,25,2,2,3,4,0,0,0,1,false,,false,false,true,false,false,,,,,,false,true,false,,,false,false,false,false,false,-83.24657,42.38375,"{
  ""coordinates"": [
    -8.324657098400000e+01,
    4.238375311000000e+01
  ],
  ""type"": ""Point""
}","{
  ""coordinates"": [
    -83.246570984,
    42.38375311
  ],
  ""type"": ""Point""
}",-83.246570984,42.38375311