ObjectId,Crash ID,Primary Road,Intersecting Road,Crash Date,Day,Month,Year,Hour,Weekday,Crash Type Code,Highway Classification Code,Community Code,Jurisdiction Code,Lane Departure Type Code,Surface Type,Road Condition,Weather Condition,Lighting Condition,Speed Limit,Lanes,Units,Occupants,Most Severe Injury,Fatal Injuries,Suspected Serious Injuries,Suspected Minor Injuries,Possible Injuries,Property Damage Only,Secondary Crash,Traffic Control,Red Light Run,Hit and Run,Alcohol,Drugs,Unbelted Person,Work Zone,Speeding Driver,Distracted Driver,Driveway,Pedestrian,Elderly Driver,Young Driver,Commercial Vehicle,Emergency Vehicles,Train,School Bus,Motorcycle,Bicycle,Deer,Longitude,Latitude,geom,geog,x,y
9873,9353439,FENKEL,PENROD,2015-07-22,22,7,2015,7,4,4,9,,2,0,,1,1,1,35,2,2,2,5,0,0,0,0,true,,false,false,true,false,false,,,,,,false,false,false,,,false,false,false,false,false,-83.22177,42.40102,"{
  ""coordinates"": [
    -8.322177496599990e+01,
    4.240102276700000e+01
  ],
  ""type"": ""Point""
}","{
  ""coordinates"": [
    -83.221774966,
    42.401022767
  ],
  ""type"": ""Point""
}",-83.2217749659999,42.401022767
9874,9327618,MONICA,SANTA CLARA,2015-07-22,22,7,2015,17,4,2,9,,,2,,1,1,1,25,2,2,24,5,0,0,0,0,true,,false,false,false,false,false,,,,,,false,true,true,,,false,false,false,false,false,-83.14426,42.42104,"{
  ""coordinates"": [
    -8.314425288000000e+01,
    4.242104028600000e+01
  ],
  ""type"": ""Point""
}","{
  ""coordinates"": [
    -83.14425288,
    42.421040286
  ],
  ""type"": ""Point""
}",-83.14425288,42.421040286
9875,9327630,GREENFIELD,EATON,2015-07-22,22,7,2015,13,4,8,9,,2,0,,1,1,1,35,6,2,1,5,0,0,0,0,true,,false,false,false,false,false,,,,,,false,false,true,,,false,false,false,false,false,-83.19857,42.39779,"{
  ""coordinates"": [
    -8.319856761200001e+01,
    4.239778431500010e+01
  ],
  ""type"": ""Point""
}","{
  ""coordinates"": [
    -83.198567612,
    42.397784315
  ],
  ""type"": ""Point""
}",-83.198567612,42.3977843150001
9876,9326818,WOODWARD,WORCESTER,2015-07-22,22,7,2015,10,4,5,3,,1,0,,1,1,1,40,5,2,2,5,0,0,0,0,true,,false,false,false,false,false,,,,,,false,false,false,,,false,false,false,false,false,-83.10798,42.42179,"{
  ""coordinates"": [
    -8.310797905299999e+01,
    4.242178998300010e+01
  ],
  ""type"": ""Point""
}","{
  ""coordinates"": [
    -83.107979053,
    42.421789983
  ],
  ""type"": ""Point""
}",-83.107979053,42.4217899830001
9877,9331222,I94,CHENE,2015-07-22,22,7,2015,19,4,5,1,,1,0,,1,1,1,55,3,2,2,5,0,0,0,0,true,,false,false,true,false,false,,,,,,false,false,false,,,false,false,false,false,false,-83.03759,42.37751,"{
  ""coordinates"": [
    -8.303758973899990e+01,
    4.237750603300000e+01
  ],
  ""type"": ""Point""
}","{
  ""coordinates"": [
    -83.037589739,
    42.377506033
  ],
  ""type"": ""Point""
}",-83.0375897389999,42.377506033
9878,9327655,8 MILE,GREENFIELD,2015-07-22,22,7,2015,16,4,8,3,,1,0,,1,1,1,40,6,2,3,5,0,0,0,0,true,,false,false,false,false,false,,,,,,false,false,false,,,false,false,false,false,false,-83.20047,42.44479,"{
  ""coordinates"": [
    -8.320047281300000e+01,
    4.244478804500010e+01
  ],
  ""type"": ""Point""
}","{
  ""coordinates"": [
    -83.200472813,
    42.444788045
  ],
  ""type"": ""Point""
}",-83.200472813,42.4447880450001
9879,9326792,SCHAEFER,PEMBROKE,2015-07-22,22,7,2015,14,4,5,9,,4,0,,1,1,1,30,4,2,3,5,0,0,0,0,true,,false,false,true,false,false,,,,,,false,true,false,,,false,false,false,false,false,-83.18076,42.43859,"{
  ""coordinates"": [
    -8.318076076999991e+01,
    4.243859614700010e+01
  ],
  ""type"": ""Point""
}","{
  ""coordinates"": [
    -83.18076077,
    42.438596147
  ],
  ""type"": ""Point""
}",-83.1807607699999,42.4385961470001
9880,9327626,ROWE,PARK,2015-07-22,22,7,2015,8,4,1,9,,,0,,1,1,1,25,2,1,3,5,0,0,0,0,true,,false,false,false,false,false,,,,,,false,false,false,,,false,false,false,false,false,-83.00311,42.42823,"{
  ""coordinates"": [
    -8.300311479699999e+01,
    4.242822742600000e+01
  ],
  ""type"": ""Point""
}","{
  ""coordinates"": [
    -83.003114797,
    42.428227426
  ],
  ""type"": ""Point""
}",-83.003114797,42.428227426
9881,9400226,FORT,SCOTTEN,2015-07-22,22,7,2015,7,4,4,3,,1,0,,1,1,1,35,4,3,3,5,0,0,0,0,true,,false,false,false,false,false,,,,,,false,false,false,,,false,false,false,false,false,-83.0877,42.31337,"{
  ""coordinates"": [
    -8.308770022899991e+01,
    4.231336754400010e+01
  ],
  ""type"": ""Point""
}","{
  ""coordinates"": [
    -83.087700229,
    42.313367544
  ],
  ""type"": ""Point""
}",-83.0877002289999,42.3133675440001
9882,9326785,VAN DYKE,7 MILE,2015-07-22,22,7,2015,9,4,97,3,,1,0,,1,1,1,35,4,2,2,5,0,0,0,0,true,,false,false,false,false,false,,,,,,false,false,true,,,false,false,false,false,false,-83.02424,42.43369,"{
  ""coordinates"": [
    -8.302423765200000e+01,
    4.243369137800000e+01
  ],
  ""type"": ""Point""
}","{
  ""coordinates"": [
    -83.024237652,
    42.433691378
  ],
  ""type"": ""Point""
}",-83.024237652,42.433691378
9883,9331216,N I 75,W I 96,2015-07-22,22,7,2015,23,4,8,1,,1,0,,1,1,4,55,4,2,1,5,0,0,0,0,true,,false,false,true,false,false,,,,,,false,false,false,,,false,false,false,false,false,-83.08247,42.3186,"{
  ""coordinates"": [
    -8.308247066699990e+01,
    4.231859496800010e+01
  ],
  ""type"": ""Point""
}","{
  ""coordinates"": [
    -83.082470667,
    42.318594968
  ],
  ""type"": ""Point""
}",-83.0824706669999,42.3185949680001
9884,9326810,MOUND,LANTZ,2015-07-22,22,7,2015,14,4,8,9,,2,0,,1,2,1,35,3,2,3,5,0,0,0,0,true,,false,false,false,false,false,,,,,,false,false,false,,,false,false,false,false,false,-83.04398,42.43817,"{
  ""coordinates"": [
    -8.304397504799989e+01,
    4.243816656000010e+01
  ],
  ""type"": ""Point""
}","{
  ""coordinates"": [
    -83.043975048,
    42.43816656
  ],
  ""type"": ""Point""
}",-83.0439750479999,42.4381665600001
9885,9327499,WB I-94,FRONTENAC,2015-07-22,22,7,2015,9,4,5,1,,1,0,,1,1,1,55,3,2,3,5,0,0,0,0,true,,false,false,false,false,false,,,,,,false,false,false,,,false,false,false,false,false,-83.02618,42.38494,"{
  ""coordinates"": [
    -8.302618034800000e+01,
    4.238493987600000e+01
  ],
  ""type"": ""Point""
}","{
  ""coordinates"": [
    -83.026180348,
    42.384939876
  ],
  ""type"": ""Point""
}",-83.026180348,42.384939876
9886,9326790,WARREN,ST MARYS,2015-07-22,22,7,2015,5,4,8,9,,2,0,,1,1,2,35,4,2,1,4,0,0,0,1,false,,false,false,false,false,false,,,,,,false,false,false,,,false,false,false,false,false,-83.20379,42.34357,"{
  ""coordinates"": [
    -8.320378839800000e+01,
    4.234356618000000e+01
  ],
  ""type"": ""Point""
}","{
  ""coordinates"": [
    -83.203788398,
    42.34356618
  ],
  ""type"": ""Point""
}",-83.203788398,42.34356618
9887,9326798,ROSEBERRY,WILFRED,2015-07-22,22,7,2015,22,4,4,9,,,0,,1,1,4,25,2,2,2,4,0,0,0,1,false,,true,false,false,false,false,,,,,,false,true,false,,,false,false,false,false,false,-82.9897,42.41268,"{
  ""coordinates"": [
    -8.298970130299990e+01,
    4.241267848600010e+01
  ],
  ""type"": ""Point""
}","{
  ""coordinates"": [
    -82.989701303,
    42.412678486
  ],
  ""type"": ""Point""
}",-82.9897013029999,42.4126784860001
9888,9326814,8 MILE,MACKAY,2015-07-22,22,7,2015,13,4,8,3,,1,0,,1,1,1,40,4,2,2,4,0,0,0,1,false,,false,false,true,false,false,,,,,,false,false,false,,,false,false,false,false,false,-83.07609,42.44711,"{
  ""coordinates"": [
    -8.307608611300000e+01,
    4.244711065600010e+01
  ],
  ""type"": ""Point""
}","{
  ""coordinates"": [
    -83.076086113,
    42.447110656
  ],
  ""type"": ""Point""
}",-83.076086113,42.4471106560001
9889,9325851,DAVISON,PETOSKEY,2015-07-21,21,7,2015,17,3,5,3,,1,0,,1,1,1,35,6,3,3,5,0,0,0,0,true,,false,false,false,false,false,,,,,,false,false,false,,,false,false,false,false,false,-83.1357,42.38791,"{
  ""coordinates"": [
    -8.313569370399991e+01,
    4.238791343500000e+01
  ],
  ""type"": ""Point""
}","{
  ""coordinates"": [
    -83.135693704,
    42.387913435
  ],
  ""type"": ""Point""
}",-83.1356937039999,42.387913435
9890,9346335,DEXTER,CALVERT,2015-07-21,21,7,2015,3,3,8,9,,4,0,,1,1,4,25,2,2,0,5,0,0,0,0,true,,false,false,false,false,false,,,,,,false,false,false,,,false,false,false,false,false,-83.1218,42.37631,"{
  ""coordinates"": [
    -8.312180478499990e+01,
    4.237631036900010e+01
  ],
  ""type"": ""Point""
}","{
  ""coordinates"": [
    -83.121804785,
    42.376310369
  ],
  ""type"": ""Point""
}",-83.1218047849999,42.3763103690001
9891,9325867,GRAND RIVER,CLOVERDALE,2015-07-21,21,7,2015,18,3,5,3,,1,0,,1,1,1,35,8,2,2,4,0,0,0,1,false,,false,false,true,false,false,,,,,,false,false,false,,,false,false,false,false,false,-83.14785,42.37232,"{
  ""coordinates"": [
    -8.314784936599990e+01,
    4.237231794200010e+01
  ],
  ""type"": ""Point""
}","{
  ""coordinates"": [
    -83.147849366,
    42.372317942
  ],
  ""type"": ""Point""
}",-83.1478493659999,42.3723179420001
9892,9329416,JEFFERSON,WOODWARD,2015-07-21,21,7,2015,16,3,5,3,,1,0,,1,1,1,35,7,2,2,5,0,0,0,0,true,,false,false,false,false,false,,,,,,false,true,false,,,false,false,false,false,false,-83.04447,42.32888,"{
  ""coordinates"": [
    -8.304447488999990e+01,
    4.232887852300010e+01
  ],
  ""type"": ""Point""
}","{
  ""coordinates"": [
    -83.04447489,
    42.328878523
  ],
  ""type"": ""Point""
}",-83.0444748899999,42.3288785230001
9893,9330408,BEAUBIEN,JEFFERSON,2015-07-21,21,7,2015,17,3,5,4,,4,0,,1,1,1,25,6,2,2,5,0,0,0,0,true,,false,false,false,false,false,,,,,,false,false,false,,,false,false,false,false,false,-83.03981,42.33086,"{
  ""coordinates"": [
    -8.303981103800000e+01,
    4.233085531500010e+01
  ],
  ""type"": ""Point""
}","{
  ""coordinates"": [
    -83.039811038,
    42.330855315
  ],
  ""type"": ""Point""
}",-83.039811038,42.3308553150001
9894,9326789,CHICAGO,GREENFIELD,2015-07-21,21,7,2015,16,3,5,9,,4,0,,1,1,1,30,4,3,2,5,0,0,0,0,true,,false,false,true,false,false,,,,,,false,false,false,,,false,false,false,false,false,-83.19732,42.36536,"{
  ""coordinates"": [
    -8.319731665800001e+01,
    4.236536284500000e+01
  ],
  ""type"": ""Point""
}","{
  ""coordinates"": [
    -83.197316658,
    42.365362845
  ],
  ""type"": ""Point""
}",-83.197316658,42.365362845
9895,9325960,2ND,CONVINGTON,2015-07-21,21,7,2015,17,3,8,9,,4,0,,1,1,1,30,2,2,2,5,0,0,0,0,true,,false,false,false,false,false,,,,,,false,false,true,,,false,false,false,false,false,-83.11005,42.4201,"{
  ""coordinates"": [
    -8.311005704300000e+01,
    4.242010619800000e+01
  ],
  ""type"": ""Point""
}","{
  ""coordinates"": [
    -83.110057043,
    42.420106198
  ],
  ""type"": ""Point""
}",-83.110057043,42.420106198
9896,9327524,GRATIOT,NAPOLEAN,2015-07-21,21,7,2015,12,3,8,3,,1,0,,1,1,1,55,5,2,2,4,0,0,0,1,false,,false,false,false,false,false,,,,,,false,false,false,,,false,false,false,false,false,-83.03606,42.347,"{
  ""coordinates"": [
    -8.303606091200000e+01,
    4.234700018400010e+01
  ],
  ""type"": ""Point""
}","{
  ""coordinates"": [
    -83.036060912,
    42.347000184
  ],
  ""type"": ""Point""
}",-83.036060912,42.3470001840001
9897,9350309,HARPER,HAYES,2015-07-21,21,7,2015,23,3,5,9,,4,0,,1,1,4,35,2,2,2,4,0,0,0,1,false,,false,false,false,false,false,,,,,,false,false,false,,,false,false,false,false,false,-82.96431,42.40474,"{
  ""coordinates"": [
    -8.296430605599990e+01,
    4.240474215300000e+01
  ],
  ""type"": ""Point""
}","{
  ""coordinates"": [
    -82.964306056,
    42.404742153
  ],
  ""type"": ""Point""
}",-82.9643060559999,42.404742153
9898,9327518,N/B I 75,MCNICHOLS,2015-07-21,21,7,2015,15,3,5,1,,1,0,,1,1,1,70,3,2,2,5,0,0,0,0,true,,false,false,false,false,false,,,,,,false,false,false,,,false,false,false,false,false,-83.09036,42.42131,"{
  ""coordinates"": [
    -8.309036232800000e+01,
    4.242130475300010e+01
  ],
  ""type"": ""Point""
}","{
  ""coordinates"": [
    -83.090362328,
    42.421304753
  ],
  ""type"": ""Point""
}",-83.090362328,42.4213047530001
9899,9326786,FRANKFORT,NEWPORT,2015-07-21,21,7,2015,13,3,5,9,,,0,,1,1,1,25,2,2,1,5,0,0,0,0,true,,false,false,false,false,true,,,,,,false,false,false,,,false,false,false,false,false,-82.96218,42.39626,"{
  ""coordinates"": [
    -8.296218442999999e+01,
    4.239626292000000e+01
  ],
  ""type"": ""Point""
}","{
  ""coordinates"": [
    -82.96218443,
    42.39626292
  ],
  ""type"": ""Point""
}",-82.96218443,42.39626292
9900,9326787,MACK,MOROSS,2015-07-21,21,7,2015,16,3,4,9,,2,0,,1,1,1,35,8,2,2,5,0,0,0,0,true,,false,false,false,false,false,,,,,,false,false,false,,,false,false,false,false,false,-82.91076,42.41716,"{
  ""coordinates"": [
    -8.291076225800001e+01,
    4.241715957000010e+01
  ],
  ""type"": ""Point""
}","{
  ""coordinates"": [
    -82.910762258,
    42.41715957
  ],
  ""type"": ""Point""
}",-82.910762258,42.4171595700001
9901,9399103,S I 75,S I 75,2015-07-21,21,7,2015,8,3,97,1,,1,0,,1,1,1,55,4,2,1,5,0,0,0,0,true,,false,false,true,false,false,,,,,,false,false,true,,,false,false,false,false,false,-83.04528,42.34685,"{
  ""coordinates"": [
    -8.304527820800000e+01,
    4.234684794000000e+01
  ],
  ""type"": ""Point""
}","{
  ""coordinates"": [
    -83.045278208,
    42.34684794
  ],
  ""type"": ""Point""
}",-83.045278208,42.34684794
9902,9399267,OAKMAN,GRANDRIVER,2015-07-21,21,7,2015,18,3,4,3,,4,0,,1,2,1,35,3,2,5,3,0,0,1,0,false,,true,true,false,false,false,,,,,,false,false,true,,,false,false,false,false,false,-83.15071,42.37344,"{
  ""coordinates"": [
    -8.315071065500000e+01,
    4.237343715100010e+01
  ],
  ""type"": ""Point""
}","{
  ""coordinates"": [
    -83.150710655,
    42.373437151
  ],
  ""type"": ""Point""
}",-83.150710655,42.3734371510001
9903,9331358,OUTER,SUNSET,2015-07-21,21,7,2015,17,3,4,9,,2,0,,1,1,1,35,2,2,3,3,0,0,3,0,false,,true,false,false,false,false,,,,,,false,true,false,,,false,false,false,false,false,-83.06136,42.44057,"{
  ""coordinates"": [
    -8.306136663599990e+01,
    4.244057205800000e+01
  ],
  ""type"": ""Point""
}","{
  ""coordinates"": [
    -83.061366636,
    42.440572058
  ],
  ""type"": ""Point""
}",-83.0613666359999,42.440572058
9904,9330439,WARREN,PENROD,2015-07-21,21,7,2015,21,3,5,9,,2,0,,1,1,4,35,3,2,5,4,0,0,0,1,false,,false,false,false,false,false,,,,,,false,false,false,,,false,false,false,false,false,-83.2196,42.34333,"{
  ""coordinates"": [
    -8.321959548400000e+01,
    4.234333599100010e+01
  ],
  ""type"": ""Point""
}","{
  ""coordinates"": [
    -83.219595484,
    42.343335991
  ],
  ""type"": ""Point""
}",-83.219595484,42.3433359910001
9905,9338299,SOUTHFIELD SERVICE DRIVE,CURTIS,2015-07-21,21,7,2015,18,3,4,9,,4,0,,1,1,1,35,2,2,9,4,0,0,0,6,false,,true,true,false,false,false,,,,,,false,false,true,,,false,false,false,false,false,-83.21864,42.42279,"{
  ""coordinates"": [
    -8.321864488200001e+01,
    4.242278964000010e+01
  ],
  ""type"": ""Point""
}","{
  ""coordinates"": [
    -83.218644882,
    42.42278964
  ],
  ""type"": ""Point""
}",-83.218644882,42.4227896400001
9906,9325887,MICHIGAN,LONYO,2015-07-21,21,7,2015,1,3,97,2,,1,0,,1,1,4,35,4,2,1,4,0,0,0,1,false,,false,false,true,false,false,,,,,,false,false,false,,,false,false,true,false,false,-83.14444,42.33045,"{
  ""coordinates"": [
    -8.314443991400000e+01,
    4.233044804000010e+01
  ],
  ""type"": ""Point""
}","{
  ""coordinates"": [
    -83.144439914,
    42.33044804
  ],
  ""type"": ""Point""
}",-83.144439914,42.3304480400001
9907,9479325,MICHIGAN,LONYO,2015-07-21,21,7,2015,1,3,8,2,,1,0,,1,1,4,35,4,2,1,4,0,0,0,1,false,,false,false,true,false,false,,,,,,false,false,false,,,false,false,true,false,false,-83.14444,42.33045,"{
  ""coordinates"": [
    -8.314443991400000e+01,
    4.233044804000010e+01
  ],
  ""type"": ""Point""
}","{
  ""coordinates"": [
    -83.144439914,
    42.33044804
  ],
  ""type"": ""Point""
}",-83.144439914,42.3304480400001
9908,9326809,MCNICHOLS,FAIRFIELD,2015-07-21,21,7,2015,15,3,4,9,,4,0,,1,1,1,25,2,2,2,5,0,0,0,0,true,,false,false,false,false,false,,,,,,false,false,false,,,false,false,false,false,false,-83.1353,42.41722,"{
  ""coordinates"": [
    -8.313529840699989e+01,
    4.241722388700000e+01
  ],
  ""type"": ""Point""
}","{
  ""coordinates"": [
    -83.135298407,
    42.417223887
  ],
  ""type"": ""Point""
}",-83.1352984069999,42.417223887
9909,9399362,GRAND,LAFAYETTE,2015-07-21,21,7,2015,20,3,97,9,,4,0,,1,1,2,35,4,2,6,4,0,0,0,2,false,,false,false,true,false,false,,,,,,false,false,false,,,false,false,false,false,false,-83.08491,42.31716,"{
  ""coordinates"": [
    -8.308490523300000e+01,
    4.231715727200000e+01
  ],
  ""type"": ""Point""
}","{
  ""coordinates"": [
    -83.084905233,
    42.317157272
  ],
  ""type"": ""Point""
}",-83.084905233,42.317157272
9910,9331234,M-39,MCNICHOLS,2015-07-21,21,7,2015,13,3,97,3,,1,0,,1,1,1,55,3,3,3,5,0,0,0,0,true,,false,false,false,false,false,,,,,,false,false,true,,,false,false,false,false,false,-83.21871,42.41446,"{
  ""coordinates"": [
    -8.321871213999999e+01,
    4.241445457900010e+01
  ],
  ""type"": ""Point""
}","{
  ""coordinates"": [
    -83.21871214,
    42.414454579
  ],
  ""type"": ""Point""
}",-83.21871214,42.4144545790001
9911,9325912,VERNOR,CLARK,2015-07-21,21,7,2015,21,3,3,9,,4,0,,1,1,4,30,5,2,2,5,0,0,0,0,true,,false,false,true,false,false,,,,,,false,true,false,,,false,false,false,false,false,-83.09581,42.32028,"{
  ""coordinates"": [
    -8.309581166100000e+01,
    4.232027920900000e+01
  ],
  ""type"": ""Point""
}","{
  ""coordinates"": [
    -83.095811661,
    42.320279209
  ],
  ""type"": ""Point""
}",-83.095811661,42.320279209
9912,9326791,FENKELL,LINDSAY,2015-07-21,21,7,2015,18,3,4,9,,2,0,,1,1,1,30,2,2,2,5,0,0,0,0,true,,true,false,false,false,false,,,,,,false,false,true,,,false,false,false,false,false,-83.21268,42.40121,"{
  ""coordinates"": [
    -8.321267732400000e+01,
    4.240120832000010e+01
  ],
  ""type"": ""Point""
}","{
  ""coordinates"": [
    -83.212677324,
    42.40120832
  ],
  ""type"": ""Point""
}",-83.212677324,42.4012083200001
9913,9333582,I-75,CLARK,2015-07-21,21,7,2015,19,3,5,1,,1,0,,1,1,1,55,3,2,4,3,0,0,3,0,false,,false,false,true,false,false,,,,,,false,false,false,,,false,false,false,false,false,-83.08318,42.32449,"{
  ""coordinates"": [
    -8.308317591199990e+01,
    4.232448506700010e+01
  ],
  ""type"": ""Point""
}","{
  ""coordinates"": [
    -83.083175912,
    42.324485067
  ],
  ""type"": ""Point""
}",-83.0831759119999,42.3244850670001
9914,9327494,I-94,14TH,2015-07-21,21,7,2015,8,3,5,1,,1,0,,1,1,1,55,3,3,4,5,0,0,0,0,true,,false,false,false,false,false,,,,,,false,false,true,,,false,false,false,false,false,-83.089,42.35328,"{
  ""coordinates"": [
    -8.308900828899991e+01,
    4.235327600300010e+01
  ],
  ""type"": ""Point""
}","{
  ""coordinates"": [
    -83.089008289,
    42.353276003
  ],
  ""type"": ""Point""
}",-83.0890082889999,42.3532760030001
9915,9326804,PURITAN,LINDSAY,2015-07-21,21,7,2015,19,3,4,9,,4,0,,1,1,1,25,2,2,2,4,0,0,0,1,false,,false,false,true,false,false,,,,,,false,false,false,,,false,false,false,false,false,-83.21304,42.40844,"{
  ""coordinates"": [
    -8.321304002200000e+01,
    4.240844408400010e+01
  ],
  ""type"": ""Point""
}","{
  ""coordinates"": [
    -83.213040022,
    42.408444084
  ],
  ""type"": ""Point""
}",-83.213040022,42.4084440840001
9916,9328726,W I 96,LIVERNOIS,2015-07-21,21,7,2015,1,3,5,1,,1,0,,1,1,4,70,3,2,2,5,0,0,0,0,true,,false,false,false,false,false,,,,,,false,false,true,,,false,false,false,false,false,-83.13859,42.36733,"{
  ""coordinates"": [
    -8.313858808099999e+01,
    4.236733397100010e+01
  ],
  ""type"": ""Point""
}","{
  ""coordinates"": [
    -83.138588081,
    42.367333971
  ],
  ""type"": ""Point""
}",-83.138588081,42.3673339710001
9917,9325896,7 MILE,HOOVER,2015-07-21,21,7,2015,16,3,8,3,,4,0,,1,1,1,30,4,2,2,5,0,0,0,0,true,,false,false,false,false,false,,,,,,false,false,false,,,false,false,false,false,false,-83.00468,42.43443,"{
  ""coordinates"": [
    -8.300468335200000e+01,
    4.243442493300010e+01
  ],
  ""type"": ""Point""
}","{
  ""coordinates"": [
    -83.004683352,
    42.434424933
  ],
  ""type"": ""Point""
}",-83.004683352,42.4344249330001
9918,9325843,7 MILE,FREELAND,2015-07-21,21,7,2015,11,3,8,9,,2,0,,1,1,1,30,4,2,1,5,0,0,0,0,true,,false,false,true,false,false,,,,,,false,false,false,,,false,false,false,false,false,-83.18644,42.43085,"{
  ""coordinates"": [
    -8.318644277399990e+01,
    4.243085357700010e+01
  ],
  ""type"": ""Point""
}","{
  ""coordinates"": [
    -83.186442774,
    42.430853577
  ],
  ""type"": ""Point""
}",-83.1864427739999,42.4308535770001
9919,9326811,8 MILE,BINDER,2015-07-21,21,7,2015,19,3,5,3,,1,0,,1,1,1,40,8,2,1,5,0,0,0,0,true,,false,false,true,false,false,,,,,,false,false,true,,,false,false,false,false,false,-83.06461,42.44725,"{
  ""coordinates"": [
    -8.306461352799990e+01,
    4.244724901600010e+01
  ],
  ""type"": ""Point""
}","{
  ""coordinates"": [
    -83.064613528,
    42.447249016
  ],
  ""type"": ""Point""
}",-83.0646135279999,42.4472490160001
9920,9327510,M-39,FITZPATRICK,2015-07-21,21,7,2015,16,3,5,3,,1,0,,1,1,1,55,3,2,2,4,0,0,0,1,false,,false,false,false,false,false,,,,,,false,false,false,,,false,false,true,false,false,-83.21636,42.3639,"{
  ""coordinates"": [
    -8.321635834999999e+01,
    4.236390406400010e+01
  ],
  ""type"": ""Point""
}","{
  ""coordinates"": [
    -83.21635835,
    42.363904064
  ],
  ""type"": ""Point""
}",-83.21635835,42.3639040640001
9921,9328727,M-10,CLAIRMONT,2015-07-21,21,7,2015,1,3,1,3,,1,1,,1,1,4,55,3,1,0,5,0,0,0,0,true,,false,false,true,false,false,,,,,,false,false,false,,,false,false,false,false,false,-83.08888,42.37778,"{
  ""coordinates"": [
    -8.308888566199990e+01,
    4.237777736800010e+01
  ],
  ""type"": ""Point""
}","{
  ""coordinates"": [
    -83.088885662,
    42.377777368
  ],
  ""type"": ""Point""
}",-83.0888856619999,42.3777773680001
9922,9399235,PURITAN,TRACEY,2015-07-21,21,7,2015,13,3,5,9,,4,0,,1,2,1,30,2,2,2,5,0,0,0,0,true,,false,false,false,false,false,,,,,,false,false,false,,,false,false,false,false,false,-83.18041,42.40933,"{
  ""coordinates"": [
    -8.318041126900000e+01,
    4.240933057900000e+01
  ],
  ""type"": ""Point""
}","{
  ""coordinates"": [
    -83.180411269,
    42.409330579
  ],
  ""type"": ""Point""
}",-83.180411269,42.409330579
9923,9399121,DALZELLE,VERMONT,2015-07-21,21,7,2015,16,3,4,9,,,0,,1,1,1,25,2,2,2,5,0,0,0,0,true,,false,false,true,false,false,,,,,,false,false,false,,,false,false,false,false,false,-83.07301,42.33033,"{
  ""coordinates"": [
    -8.307300386299990e+01,
    4.233033109700010e+01
  ],
  ""type"": ""Point""
}","{
  ""coordinates"": [
    -83.073003863,
    42.330331097
  ],
  ""type"": ""Point""
}",-83.0730038629999,42.3303310970001
9924,9353355,WINSTON,SANTA MARIA,2015-07-21,21,7,2015,17,3,4,9,,,0,,1,1,1,25,2,2,1,3,0,0,1,0,false,,false,false,true,false,false,,,,,,false,false,true,,,false,false,false,false,false,-83.28372,42.4166,"{
  ""coordinates"": [
    -8.328372065699990e+01,
    4.241659785600010e+01
  ],
  ""type"": ""Point""
}","{
  ""coordinates"": [
    -83.283720657,
    42.416597856
  ],
  ""type"": ""Point""
}",-83.2837206569999,42.4165978560001
9925,9325844,OUTER,7 MILE,2015-07-21,21,7,2015,18,3,8,9,,2,0,,1,1,1,30,4,2,2,4,0,0,0,1,false,,false,false,true,false,false,,,,,,false,false,false,,,false,false,false,false,false,-83.17574,42.43118,"{
  ""coordinates"": [
    -8.317574614999999e+01,
    4.243117907000000e+01
  ],
  ""type"": ""Point""
}","{
  ""coordinates"": [
    -83.17574615,
    42.43117907
  ],
  ""type"": ""Point""
}",-83.17574615,42.43117907
9926,9326812,8 MILE,FENELON,2015-07-21,21,7,2015,17,3,5,3,,1,0,,1,1,1,40,4,2,2,5,0,0,0,0,true,,false,false,true,false,false,,,,,,false,false,false,,,false,false,false,false,false,-83.05405,42.44751,"{
  ""coordinates"": [
    -8.305404849599999e+01,
    4.244750590600010e+01
  ],
  ""type"": ""Point""
}","{
  ""coordinates"": [
    -83.054048496,
    42.447505906
  ],
  ""type"": ""Point""
}",-83.054048496,42.4475059060001
9927,9395432,FENKELL,SCHAEFER,2015-07-21,21,7,2015,16,3,4,9,,2,0,,1,1,1,30,5,2,10,4,0,0,0,2,false,,false,false,false,false,false,,,,,,false,false,false,,,false,false,false,false,false,-83.17908,42.40208,"{
  ""coordinates"": [
    -8.317908140899991e+01,
    4.240207869500010e+01
  ],
  ""type"": ""Point""
}","{
  ""coordinates"": [
    -83.179081409,
    42.402078695
  ],
  ""type"": ""Point""
}",-83.1790814089999,42.4020786950001
9928,9328722,I75,LIVERNOIS,2015-07-21,21,7,2015,13,3,5,1,,1,0,,1,1,1,55,5,2,4,4,0,0,0,1,false,,false,false,false,false,false,,,,,,false,false,false,,,false,false,false,false,false,-83.10917,42.30534,"{
  ""coordinates"": [
    -8.310917102799991e+01,
    4.230533935700000e+01
  ],
  ""type"": ""Point""
}","{
  ""coordinates"": [
    -83.109171028,
    42.305339357
  ],
  ""type"": ""Point""
}",-83.1091710279999,42.305339357
9929,9325913,CAVALRY,VERNOR,2015-07-21,21,7,2015,13,3,97,9,,,0,,1,1,1,25,3,2,1,5,0,0,0,0,true,,false,false,false,false,false,,,,,,false,false,false,,,false,false,false,false,false,-83.10574,42.31636,"{
  ""coordinates"": [
    -8.310573752800001e+01,
    4.231636391000010e+01
  ],
  ""type"": ""Point""
}","{
  ""coordinates"": [
    -83.105737528,
    42.31636391
  ],
  ""type"": ""Point""
}",-83.105737528,42.3163639100001