ObjectId,Crash ID,Primary Road,Intersecting Road,Crash Date,Day,Month,Year,Hour,Weekday,Crash Type Code,Highway Classification Code,Community Code,Jurisdiction Code,Lane Departure Type Code,Surface Type,Road Condition,Weather Condition,Lighting Condition,Speed Limit,Lanes,Units,Occupants,Most Severe Injury,Fatal Injuries,Suspected Serious Injuries,Suspected Minor Injuries,Possible Injuries,Property Damage Only,Secondary Crash,Traffic Control,Red Light Run,Hit and Run,Alcohol,Drugs,Unbelted Person,Work Zone,Speeding Driver,Distracted Driver,Driveway,Pedestrian,Elderly Driver,Young Driver,Commercial Vehicle,Emergency Vehicles,Train,School Bus,Motorcycle,Bicycle,Deer,Longitude,Latitude,geom,geog,x,y
9930,9401493,GREENFIELD,ELLIS,2015-07-21,21,7,2015,22,3,5,9,,2,0,,1,1,4,35,4,2,6,4,0,0,0,4,false,,false,false,false,false,false,,,,,,false,false,false,,,false,false,false,false,false,-83.19711,42.36057,"{
  ""coordinates"": [
    -8.319710582200000e+01,
    4.236056423900000e+01
  ],
  ""type"": ""Point""
}","{
  ""coordinates"": [
    -83.197105822,
    42.360564239
  ],
  ""type"": ""Point""
}",-83.197105822,42.360564239
9931,9329439,JOHN R,WARREN,2015-07-21,21,7,2015,18,3,8,9,,4,0,,1,1,1,30,2,2,2,5,0,0,0,0,true,,false,false,false,false,false,,,,,,false,false,true,,,false,false,false,false,false,-83.06208,42.35759,"{
  ""coordinates"": [
    -8.306207905600000e+01,
    4.235758914100010e+01
  ],
  ""type"": ""Point""
}","{
  ""coordinates"": [
    -83.062079056,
    42.357589141
  ],
  ""type"": ""Point""
}",-83.062079056,42.3575891410001
9932,9327520,I-96,EVERGREEN,2015-07-21,21,7,2015,13,3,1,1,,1,0,,1,1,1,70,3,1,1,5,0,0,0,0,true,,false,false,false,false,false,,,,,,false,false,false,,,false,false,false,false,false,-83.23517,42.37952,"{
  ""coordinates"": [
    -8.323516843100001e+01,
    4.237952118800010e+01
  ],
  ""type"": ""Point""
}","{
  ""coordinates"": [
    -83.235168431,
    42.379521188
  ],
  ""type"": ""Point""
}",-83.235168431,42.3795211880001
9933,9325956,7 MILE,I 75,2015-07-21,21,7,2015,8,3,8,9,,4,0,,1,1,1,30,2,2,2,5,0,0,0,0,true,,false,false,true,false,false,,,,,,false,false,true,,,false,false,false,false,false,-83.09472,42.43248,"{
  ""coordinates"": [
    -8.309472241500001e+01,
    4.243247927400010e+01
  ],
  ""type"": ""Point""
}","{
  ""coordinates"": [
    -83.094722415,
    42.432479274
  ],
  ""type"": ""Point""
}",-83.094722415,42.4324792740001
9934,9327525,I-96,EVERGREEN,2015-07-21,21,7,2015,13,3,1,1,,1,0,,1,1,1,70,3,1,4,5,0,0,0,0,true,,false,false,false,false,false,,,,,,false,false,false,,,false,false,false,false,false,-83.23267,42.37841,"{
  ""coordinates"": [
    -8.323267160700000e+01,
    4.237840628000000e+01
  ],
  ""type"": ""Point""
}","{
  ""coordinates"": [
    -83.232671607,
    42.37840628
  ],
  ""type"": ""Point""
}",-83.232671607,42.37840628
9935,9325884,ARMY,BEARD,2015-07-21,21,7,2015,19,3,1,9,,,0,,1,1,1,25,1,2,1,4,0,0,0,1,false,,false,false,false,false,false,,,,,,true,false,false,,,false,false,false,false,false,-83.11391,42.30676,"{
  ""coordinates"": [
    -8.311391489600000e+01,
    4.230675332500000e+01
  ],
  ""type"": ""Point""
}","{
  ""coordinates"": [
    -83.113914896,
    42.306753325
  ],
  ""type"": ""Point""
}",-83.113914896,42.306753325
9936,9325872,ALGONQUIN,FREUD,2015-07-21,21,7,2015,0,3,2,9,,,2,,1,1,4,25,2,2,0,5,0,0,0,0,true,,false,false,true,false,false,,,,,,false,false,false,,,false,false,false,false,false,-82.95315,42.36444,"{
  ""coordinates"": [
    -8.295314435300000e+01,
    4.236443911300010e+01
  ],
  ""type"": ""Point""
}","{
  ""coordinates"": [
    -82.953144353,
    42.364439113
  ],
  ""type"": ""Point""
}",-82.953144353,42.3644391130001
9937,9325914,SCHAEFER,S I 75,2015-07-21,21,7,2015,15,3,5,7,,1,0,,1,1,1,30,7,2,4,5,0,0,0,0,true,,false,false,false,false,false,,,,,,false,false,true,,,false,false,false,false,false,-83.15641,42.27724,"{
  ""coordinates"": [
    -8.315640932799990e+01,
    4.227724253400000e+01
  ],
  ""type"": ""Point""
}","{
  ""coordinates"": [
    -83.156409328,
    42.277242534
  ],
  ""type"": ""Point""
}",-83.1564093279999,42.277242534
9938,9327495,I-94,WOODWARD,2015-07-21,21,7,2015,9,3,5,1,,1,0,,1,1,1,55,3,2,2,5,0,0,0,0,true,,false,false,false,false,false,,,,,,false,false,false,,,false,false,false,false,false,-83.06911,42.36344,"{
  ""coordinates"": [
    -8.306911071899999e+01,
    4.236344312700000e+01
  ],
  ""type"": ""Point""
}","{
  ""coordinates"": [
    -83.069110719,
    42.363443127
  ],
  ""type"": ""Point""
}",-83.069110719,42.363443127
9939,9326801,METTETAL,JOY,2015-07-21,21,7,2015,16,3,5,9,,,0,,1,1,1,35,4,2,3,5,0,0,0,0,true,,false,false,false,false,false,,,,,,false,false,true,,,false,false,false,false,false,-83.20548,42.35798,"{
  ""coordinates"": [
    -8.320547918100000e+01,
    4.235798296600010e+01
  ],
  ""type"": ""Point""
}","{
  ""coordinates"": [
    -83.205479181,
    42.357982966
  ],
  ""type"": ""Point""
}",-83.205479181,42.3579829660001
9940,9324830,E I 96,SOUTHFIELD SERVICE DRIVE,2015-07-21,21,7,2015,4,3,5,1,,1,0,,1,1,5,70,3,2,1,5,0,0,0,0,true,,false,false,true,false,false,,,,,,false,false,false,,,false,false,false,false,false,-83.21747,42.37863,"{
  ""coordinates"": [
    -8.321746980300000e+01,
    4.237862765500010e+01
  ],
  ""type"": ""Point""
}","{
  ""coordinates"": [
    -83.217469803,
    42.378627655
  ],
  ""type"": ""Point""
}",-83.217469803,42.3786276550001
9941,9326802,EVERGREEN,CHICAGO,2015-07-21,21,7,2015,16,3,4,9,,4,0,,1,2,1,30,6,2,3,5,0,0,0,0,true,,true,true,false,false,false,,,,,,false,true,false,,,false,false,false,false,false,-83.23603,42.3647,"{
  ""coordinates"": [
    -8.323603053100000e+01,
    4.236470248200000e+01
  ],
  ""type"": ""Point""
}","{
  ""coordinates"": [
    -83.236030531,
    42.364702482
  ],
  ""type"": ""Point""
}",-83.236030531,42.364702482
9942,9327622,GRATIOT,FRENCH,2015-07-21,21,7,2015,18,3,5,3,,1,0,,1,1,1,35,6,3,7,5,0,0,0,0,true,,false,false,false,false,false,,,,,,false,false,true,,,false,false,false,false,false,-83.00037,42.4005,"{
  ""coordinates"": [
    -8.300037484900000e+01,
    4.240049699900000e+01
  ],
  ""type"": ""Point""
}","{
  ""coordinates"": [
    -83.000374849,
    42.400496999
  ],
  ""type"": ""Point""
}",-83.000374849,42.400496999
9943,9325845,I-96,SCHAEFER,2015-07-21,21,7,2015,10,3,5,1,,1,0,,1,1,1,25,2,2,2,5,0,0,0,0,true,,false,false,true,false,false,,,,,,false,false,false,,,false,false,false,false,false,-83.17834,42.38268,"{
  ""coordinates"": [
    -8.317833652500001e+01,
    4.238267952500010e+01
  ],
  ""type"": ""Point""
}","{
  ""coordinates"": [
    -83.178336525,
    42.382679525
  ],
  ""type"": ""Point""
}",-83.178336525,42.3826795250001
9944,9324816,M-39,CHICAGO,2015-07-21,21,7,2015,7,3,5,3,,1,0,,1,1,1,55,3,2,2,5,0,0,0,0,true,,false,false,false,false,false,,,,,,false,false,false,,,false,false,false,false,false,-83.21656,42.36554,"{
  ""coordinates"": [
    -8.321656306499990e+01,
    4.236553436200010e+01
  ],
  ""type"": ""Point""
}","{
  ""coordinates"": [
    -83.216563065,
    42.365534362
  ],
  ""type"": ""Point""
}",-83.2165630649999,42.3655343620001
9945,9330417,DICKERSON,EVANSTON,2015-07-21,21,7,2015,19,3,1,9,,4,0,,1,1,1,25,2,2,1,4,0,0,0,1,false,,false,false,false,false,false,,,,,,true,false,false,,,false,false,false,false,false,-82.97372,42.40282,"{
  ""coordinates"": [
    -8.297372267000000e+01,
    4.240282081900010e+01
  ],
  ""type"": ""Point""
}","{
  ""coordinates"": [
    -82.97372267,
    42.402820819
  ],
  ""type"": ""Point""
}",-82.97372267,42.4028208190001
9946,9327645,GRAND RIVER,NORTHROP,2015-07-21,21,7,2015,17,3,4,3,,1,0,,1,1,1,35,7,2,3,2,0,2,0,1,false,,false,false,true,false,false,,,,,,false,false,true,,,false,false,false,false,false,-83.2626,42.41848,"{
  ""coordinates"": [
    -8.326260343000000e+01,
    4.241848297000010e+01
  ],
  ""type"": ""Point""
}","{
  ""coordinates"": [
    -83.26260343,
    42.41848297
  ],
  ""type"": ""Point""
}",-83.26260343,42.4184829700001
9947,9325693,M-39,8 MILE,2015-07-21,21,7,2015,3,3,1,3,,1,1,,1,1,4,55,3,1,1,5,0,0,0,0,true,,false,false,false,false,false,,,,,,false,false,false,,,false,false,false,false,false,-83.21963,42.4439,"{
  ""coordinates"": [
    -8.321962626600001e+01,
    4.244389795400010e+01
  ],
  ""type"": ""Point""
}","{
  ""coordinates"": [
    -83.219626266,
    42.443897954
  ],
  ""type"": ""Point""
}",-83.219626266,42.4438979540001
9948,9395434,MACK,SAINT ANTOINE,2015-07-21,21,7,2015,15,3,97,9,,4,0,,1,1,1,25,4,2,2,5,0,0,0,0,true,,false,false,false,false,false,,,,,,false,true,false,,,false,false,false,false,false,-83.05233,42.3496,"{
  ""coordinates"": [
    -8.305233316499989e+01,
    4.234960140000000e+01
  ],
  ""type"": ""Point""
}","{
  ""coordinates"": [
    -83.052333165,
    42.3496014
  ],
  ""type"": ""Point""
}",-83.0523331649999,42.3496014
9949,9327648,DAVISON,LINWOOD,2015-07-21,21,7,2015,10,3,8,3,,1,0,,1,1,1,35,4,2,4,5,0,0,0,0,true,,false,false,false,false,false,,,,,,false,false,true,,,false,false,false,false,false,-83.12208,42.393,"{
  ""coordinates"": [
    -8.312207438599999e+01,
    4.239299728100010e+01
  ],
  ""type"": ""Point""
}","{
  ""coordinates"": [
    -83.122074386,
    42.392997281
  ],
  ""type"": ""Point""
}",-83.122074386,42.3929972810001
9950,9325909,S I 75 SERVICE DRIVE,DRAGOON,2015-07-21,21,7,2015,18,3,8,9,,4,0,,1,1,1,30,2,2,2,5,0,0,0,0,true,,false,false,false,false,false,,,,,,false,false,true,,,false,false,false,false,false,-83.10339,42.3088,"{
  ""coordinates"": [
    -8.310339459399999e+01,
    4.230879564800010e+01
  ],
  ""type"": ""Point""
}","{
  ""coordinates"": [
    -83.103394594,
    42.308795648
  ],
  ""type"": ""Point""
}",-83.103394594,42.3087956480001
9951,9324810,N I 75,SCHAEFER,2015-07-20,20,7,2015,9,2,1,1,,1,0,,1,1,1,70,4,1,1,5,0,0,0,0,true,,false,false,false,false,false,,,,,,false,false,false,,,false,false,false,false,false,-83.15647,42.27708,"{
  ""coordinates"": [
    -8.315646854999990e+01,
    4.227707799100010e+01
  ],
  ""type"": ""Point""
}","{
  ""coordinates"": [
    -83.15646855,
    42.277077991
  ],
  ""type"": ""Point""
}",-83.1564685499999,42.2770779910001
9952,9326799,N M 39,TIREMAN,2015-07-20,20,7,2015,16,2,4,3,,1,0,,1,1,1,55,4,2,2,5,0,0,0,0,true,,false,false,true,false,false,,,,,,false,false,false,,,false,false,false,false,false,-83.21626,42.35067,"{
  ""coordinates"": [
    -8.321625701400001e+01,
    4.235067456100010e+01
  ],
  ""type"": ""Point""
}","{
  ""coordinates"": [
    -83.216257014,
    42.350674561
  ],
  ""type"": ""Point""
}",-83.216257014,42.3506745610001
9953,9324837,RAMP 008K,S M 39,2015-07-20,20,7,2015,8,2,5,1,,1,0,,1,1,1,30,2,2,2,5,0,0,0,0,true,,false,false,false,false,false,,,,,,false,false,false,,,false,false,false,false,false,-83.21694,42.37422,"{
  ""coordinates"": [
    -8.321694518100000e+01,
    4.237422124200000e+01
  ],
  ""type"": ""Point""
}","{
  ""coordinates"": [
    -83.216945181,
    42.374221242
  ],
  ""type"": ""Point""
}",-83.216945181,42.374221242
9954,9324838,E I 96,HUBBELL,2015-07-20,20,7,2015,8,2,8,1,,1,0,,1,1,1,70,3,2,2,5,0,0,0,0,true,,false,false,false,false,false,,,,,,false,false,true,,,false,false,false,false,false,-83.18793,42.38054,"{
  ""coordinates"": [
    -8.318793829799991e+01,
    4.238053727200000e+01
  ],
  ""type"": ""Point""
}","{
  ""coordinates"": [
    -83.187938298,
    42.380537272
  ],
  ""type"": ""Point""
}",-83.1879382979999,42.380537272
9955,9325957,7 MILE,MOUND,2015-07-20,20,7,2015,19,2,4,9,,4,0,,1,1,1,35,2,2,2,5,0,0,0,0,true,,true,true,false,false,false,,,,,,false,false,false,,,false,false,false,false,false,-83.04338,42.43357,"{
  ""coordinates"": [
    -8.304338295199990e+01,
    4.243357376800000e+01
  ],
  ""type"": ""Point""
}","{
  ""coordinates"": [
    -83.043382952,
    42.433573768
  ],
  ""type"": ""Point""
}",-83.0433829519999,42.433573768
9956,9364215,TELEGRAPH,SIX MILE,2015-07-20,20,7,2015,7,2,6,2,,1,0,,1,1,1,45,2,2,2,5,0,0,0,0,true,,false,false,false,false,false,,,,,,false,false,false,,,false,false,false,false,false,-83.27693,42.41398,"{
  ""coordinates"": [
    -8.327693351700000e+01,
    4.241398004500010e+01
  ],
  ""type"": ""Point""
}","{
  ""coordinates"": [
    -83.276933517,
    42.413980045
  ],
  ""type"": ""Point""
}",-83.276933517,42.4139800450001
9957,9328852,OUTER,FORT,2015-07-20,20,7,2015,18,2,5,3,,4,0,,1,1,1,35,3,2,2,5,0,0,0,0,true,,false,false,false,false,false,,,,,,false,true,true,,,false,false,false,false,false,-83.16569,42.26414,"{
  ""coordinates"": [
    -8.316569044600000e+01,
    4.226414560700000e+01
  ],
  ""type"": ""Point""
}","{
  ""coordinates"": [
    -83.165690446,
    42.264145607
  ],
  ""type"": ""Point""
}",-83.165690446,42.264145607
9958,9325958,OUTER,SHERWOOD,2015-07-20,20,7,2015,22,2,4,9,,2,0,,1,1,3,35,2,2,3,4,0,0,0,1,false,,false,false,false,false,false,,,,,,false,false,true,,,false,false,false,false,false,-83.03436,42.44111,"{
  ""coordinates"": [
    -8.303436612099991e+01,
    4.244110762100010e+01
  ],
  ""type"": ""Point""
}","{
  ""coordinates"": [
    -83.034366121,
    42.441107621
  ],
  ""type"": ""Point""
}",-83.0343661209999,42.4411076210001
9959,9325095,ALLEN,OUTER,2015-07-20,20,7,2015,20,2,4,9,,2,0,,1,1,1,35,5,2,5,4,0,0,0,1,false,,true,true,false,false,false,,,,,,false,false,true,,,false,false,false,false,false,-83.19944,42.41946,"{
  ""coordinates"": [
    -8.319943838700000e+01,
    4.241946487400000e+01
  ],
  ""type"": ""Point""
}","{
  ""coordinates"": [
    -83.199438387,
    42.419464874
  ],
  ""type"": ""Point""
}",-83.199438387,42.419464874
9960,9324815,N I 75,RAMP 029B,2015-07-20,20,7,2015,18,2,1,1,,1,1,,1,1,1,70,3,1,1,5,0,0,0,0,true,,false,false,false,false,false,,,,,,false,false,false,,,false,false,false,false,false,-83.1568,42.27698,"{
  ""coordinates"": [
    -8.315679615099999e+01,
    4.227697726900000e+01
  ],
  ""type"": ""Point""
}","{
  ""coordinates"": [
    -83.156796151,
    42.276977269
  ],
  ""type"": ""Point""
}",-83.156796151,42.276977269
9961,9325907,GRAND,ROSA,2015-07-20,20,7,2015,10,2,8,9,,4,0,,1,1,1,35,2,2,5,5,0,0,0,0,true,,false,false,false,false,false,,,,,,false,false,false,,,false,false,false,false,false,-83.091,42.36361,"{
  ""coordinates"": [
    -8.309100049300000e+01,
    4.236361443600000e+01
  ],
  ""type"": ""Point""
}","{
  ""coordinates"": [
    -83.091000493,
    42.363614436
  ],
  ""type"": ""Point""
}",-83.091000493,42.363614436
9962,9325885,HAYES,SEVEN MILE,2015-07-20,20,7,2015,15,2,3,9,,4,0,,1,1,1,30,5,2,2,4,0,0,0,1,false,,false,false,false,false,false,,,,,,false,false,true,,,false,false,false,false,false,-82.96546,42.43542,"{
  ""coordinates"": [
    -8.296546255700000e+01,
    4.243542168600000e+01
  ],
  ""type"": ""Point""
}","{
  ""coordinates"": [
    -82.965462557,
    42.435421686
  ],
  ""type"": ""Point""
}",-82.965462557,42.435421686
9963,9325874,S I 75 SERVICE DRIVE,DRAGOON,2015-07-20,20,7,2015,18,2,8,9,,4,0,,1,1,1,25,3,2,2,5,0,0,0,0,true,,false,false,false,false,false,,,,,,false,false,false,,,false,false,false,false,false,-83.10342,42.30878,"{
  ""coordinates"": [
    -8.310342688700000e+01,
    4.230877878400000e+01
  ],
  ""type"": ""Point""
}","{
  ""coordinates"": [
    -83.103426887,
    42.308778784
  ],
  ""type"": ""Point""
}",-83.103426887,42.308778784
9964,9330451,7 MILE,ST MARYS,2015-07-20,20,7,2015,15,2,4,9,,2,0,,1,1,1,35,4,2,2,5,0,0,0,0,true,,true,false,false,false,false,,,,,,false,false,true,,,false,false,false,false,false,-83.20735,42.43031,"{
  ""coordinates"": [
    -8.320735538900000e+01,
    4.243031071100010e+01
  ],
  ""type"": ""Point""
}","{
  ""coordinates"": [
    -83.207355389,
    42.430310711
  ],
  ""type"": ""Point""
}",-83.207355389,42.4303107110001
9965,9327620,E I 94,SAGINAW,2015-07-20,20,7,2015,10,2,4,1,,1,0,,1,1,1,30,3,2,3,5,0,0,0,0,true,,false,false,false,false,false,,,,,,false,false,false,,,false,false,false,false,false,-83.03491,42.37853,"{
  ""coordinates"": [
    -8.303491416799990e+01,
    4.237853229500010e+01
  ],
  ""type"": ""Point""
}","{
  ""coordinates"": [
    -83.034914168,
    42.378532295
  ],
  ""type"": ""Point""
}",-83.0349141679999,42.3785322950001
9966,9399280,FULLERTON,SCHAEFER,2015-07-20,20,7,2015,10,2,8,9,,4,0,,1,1,1,35,4,2,2,5,0,0,0,0,true,,false,false,false,false,false,,,,,,false,false,true,,,false,false,false,false,false,-83.17825,42.38028,"{
  ""coordinates"": [
    -8.317825305199990e+01,
    4.238028326600000e+01
  ],
  ""type"": ""Point""
}","{
  ""coordinates"": [
    -83.178253052,
    42.380283266
  ],
  ""type"": ""Point""
}",-83.1782530519999,42.380283266
9967,9326788,GREENFIELD,WARREN,2015-07-20,20,7,2015,20,2,5,9,,2,0,,1,1,1,35,4,2,1,4,0,0,0,1,false,,false,false,false,false,false,,,,,,false,false,true,,,false,false,false,false,false,-83.19628,42.34361,"{
  ""coordinates"": [
    -8.319627898600000e+01,
    4.234360586900000e+01
  ],
  ""type"": ""Point""
}","{
  ""coordinates"": [
    -83.196278986,
    42.343605869
  ],
  ""type"": ""Point""
}",-83.196278986,42.343605869
9968,9325880,BALFOUR,COURVILLE,2015-07-20,20,7,2015,9,2,4,9,,,0,,1,1,1,25,1,2,2,5,0,0,0,0,true,,false,false,false,false,false,,,,,,false,false,false,,,false,false,false,false,false,-82.94978,42.41324,"{
  ""coordinates"": [
    -8.294977987700000e+01,
    4.241324097500010e+01
  ],
  ""type"": ""Point""
}","{
  ""coordinates"": [
    -82.949779877,
    42.413240975
  ],
  ""type"": ""Point""
}",-82.949779877,42.4132409750001
9969,9324814,I-96,JOY,2015-07-20,20,7,2015,18,2,1,1,,1,1,,1,1,1,70,4,1,1,5,0,0,0,0,true,,false,false,false,false,false,,,,,,false,false,true,,,false,false,false,false,false,-83.1294,42.36389,"{
  ""coordinates"": [
    -8.312940201299990e+01,
    4.236389297700000e+01
  ],
  ""type"": ""Point""
}","{
  ""coordinates"": [
    -83.129402013,
    42.363892977
  ],
  ""type"": ""Point""
}",-83.1294020129999,42.363892977
9970,9324806,M-39,PURITAN,2015-07-20,20,7,2015,14,2,1,3,,1,1,,1,1,1,55,3,1,2,4,0,0,0,1,false,,false,false,false,false,false,,,,,,false,false,false,,,false,false,false,false,false,-83.21874,42.40887,"{
  ""coordinates"": [
    -8.321874009100000e+01,
    4.240887433000010e+01
  ],
  ""type"": ""Point""
}","{
  ""coordinates"": [
    -83.218740091,
    42.40887433
  ],
  ""type"": ""Point""
}",-83.218740091,42.4088743300001
9971,9327638,JEFFERSON,SAINT AUBIN,2015-07-20,20,7,2015,1,2,8,9,,4,0,,1,1,4,35,3,2,3,4,0,0,0,1,false,,false,false,false,false,false,,,,,,false,false,false,,,false,false,false,false,false,-83.02765,42.33608,"{
  ""coordinates"": [
    -8.302765171800000e+01,
    4.233607978300010e+01
  ],
  ""type"": ""Point""
}","{
  ""coordinates"": [
    -83.027651718,
    42.336079783
  ],
  ""type"": ""Point""
}",-83.027651718,42.3360797830001
9972,9325904,FORT,DRAGOON,2015-07-20,20,7,2015,20,2,5,3,,1,0,,1,1,3,35,5,2,2,5,0,0,0,0,true,,false,false,false,false,false,,,,,,false,false,true,,,false,false,false,false,false,-83.10191,42.30729,"{
  ""coordinates"": [
    -8.310190763100000e+01,
    4.230728893400000e+01
  ],
  ""type"": ""Point""
}","{
  ""coordinates"": [
    -83.101907631,
    42.307288934
  ],
  ""type"": ""Point""
}",-83.101907631,42.307288934
9973,9328846,W I 94,FRENCH,2015-07-20,20,7,2015,10,2,1,1,,1,1,,1,2,1,55,3,1,1,5,0,0,0,0,true,,false,false,false,false,false,,,,,,false,false,false,,,false,false,false,false,false,-82.99588,42.3924,"{
  ""coordinates"": [
    -8.299587921200001e+01,
    4.239239871300000e+01
  ],
  ""type"": ""Point""
}","{
  ""coordinates"": [
    -82.995879212,
    42.392398713
  ],
  ""type"": ""Point""
}",-82.995879212,42.392398713
9974,9325933,JANE,DICKERSON,2015-07-20,20,7,2015,13,2,4,9,,,0,,1,1,1,25,3,2,3,5,0,0,0,0,true,,false,false,false,false,false,,,,,,false,false,true,,,false,false,false,false,false,-82.9826,42.41723,"{
  ""coordinates"": [
    -8.298259589799990e+01,
    4.241722983500010e+01
  ],
  ""type"": ""Point""
}","{
  ""coordinates"": [
    -82.982595898,
    42.417229835
  ],
  ""type"": ""Point""
}",-82.9825958979999,42.4172298350001
9975,9325864,GRAND,ROSA PARKS,2015-07-20,20,7,2015,19,2,4,9,,4,0,,1,1,1,30,6,2,2,5,0,0,0,0,true,,true,true,false,false,false,,,,,,false,false,false,,,false,false,false,false,false,-83.09086,42.36367,"{
  ""coordinates"": [
    -8.309086011399999e+01,
    4.236366722600010e+01
  ],
  ""type"": ""Point""
}","{
  ""coordinates"": [
    -83.090860114,
    42.363667226
  ],
  ""type"": ""Point""
}",-83.090860114,42.3636672260001
9976,9328718,S M 10,RAMP 109A,2015-07-20,20,7,2015,16,2,1,3,,1,1,,1,1,1,55,1,1,1,5,0,0,0,0,true,,false,false,false,false,false,,,,,,false,false,false,,,false,false,false,false,false,-83.11259,42.39949,"{
  ""coordinates"": [
    -8.311259449900000e+01,
    4.239948851600010e+01
  ],
  ""type"": ""Point""
}","{
  ""coordinates"": [
    -83.112594499,
    42.399488516
  ],
  ""type"": ""Point""
}",-83.112594499,42.3994885160001
9977,9325954,SYRACUSE,8 MILE,2015-07-20,20,7,2015,17,2,5,3,,,0,,1,1,1,45,4,2,2,4,0,0,0,1,false,,false,false,false,false,false,,,,,,false,false,false,,,false,false,false,false,false,-83.04646,42.44769,"{
  ""coordinates"": [
    -8.304646338600000e+01,
    4.244768988700010e+01
  ],
  ""type"": ""Point""
}","{
  ""coordinates"": [
    -83.046463386,
    42.447689887
  ],
  ""type"": ""Point""
}",-83.046463386,42.4476898870001
9978,9325949,LIVERNOIS,LESLIE,2015-07-20,20,7,2015,17,2,4,9,,4,0,,1,1,1,30,2,2,3,4,0,0,0,1,false,,true,false,false,false,false,,,,,,false,false,true,,,false,false,false,false,false,-83.13921,42.38202,"{
  ""coordinates"": [
    -8.313920546700000e+01,
    4.238201965200010e+01
  ],
  ""type"": ""Point""
}","{
  ""coordinates"": [
    -83.139205467,
    42.382019652
  ],
  ""type"": ""Point""
}",-83.139205467,42.3820196520001
9979,9400235,DIX,HONORAH,2015-07-20,20,7,2015,4,2,8,9,,4,0,,1,1,4,30,2,2,2,5,0,0,0,0,true,,false,false,true,false,false,,,,,,false,false,false,,,false,false,false,false,false,-83.12591,42.31695,"{
  ""coordinates"": [
    -8.312590655699999e+01,
    4.231694874400010e+01
  ],
  ""type"": ""Point""
}","{
  ""coordinates"": [
    -83.125906557,
    42.316948744
  ],
  ""type"": ""Point""
}",-83.125906557,42.3169487440001
9980,9325894,NEVADA,RYAN,2015-07-20,20,7,2015,15,2,4,9,,4,0,,1,1,1,30,2,2,2,5,0,0,0,0,true,,false,false,false,false,false,,,,,,false,false,true,,,false,false,false,false,false,-83.0627,42.4259,"{
  ""coordinates"": [
    -8.306269770499991e+01,
    4.242590004500000e+01
  ],
  ""type"": ""Point""
}","{
  ""coordinates"": [
    -83.062697705,
    42.425900045
  ],
  ""type"": ""Point""
}",-83.0626977049999,42.425900045
9981,9325873,7 MILE,LAMONT,2015-07-20,20,7,2015,21,2,8,9,,4,0,,1,1,2,30,4,2,2,5,0,0,0,0,true,,false,false,false,false,false,,,,,,false,false,false,,,false,false,false,false,false,-83.05449,42.43332,"{
  ""coordinates"": [
    -8.305449170200001e+01,
    4.243331651000010e+01
  ],
  ""type"": ""Point""
}","{
  ""coordinates"": [
    -83.054491702,
    42.43331651
  ],
  ""type"": ""Point""
}",-83.054491702,42.4333165100001
9982,9325919,HARPER,VENICE,2015-07-20,20,7,2015,8,2,5,9,,4,0,,1,1,1,30,6,2,2,5,0,0,0,0,true,,false,false,true,false,false,,,,,,false,false,false,,,false,false,false,false,false,-82.99301,42.39622,"{
  ""coordinates"": [
    -8.299301366200000e+01,
    4.239622287700010e+01
  ],
  ""type"": ""Point""
}","{
  ""coordinates"": [
    -82.993013662,
    42.396222877
  ],
  ""type"": ""Point""
}",-82.993013662,42.3962228770001
9983,9325893,VAN DYKE,STOCKTON,2015-07-20,20,7,2015,12,2,97,3,,1,0,,1,1,1,30,5,2,1,4,0,0,0,1,false,,false,false,false,false,false,,,,,,true,false,false,,,false,false,false,false,false,-83.02405,42.42873,"{
  ""coordinates"": [
    -8.302405073599989e+01,
    4.242872503500010e+01
  ],
  ""type"": ""Point""
}","{
  ""coordinates"": [
    -83.024050736,
    42.428725035
  ],
  ""type"": ""Point""
}",-83.0240507359999,42.4287250350001
9984,9325881,BISHOP,KING RICHARD,2015-07-20,20,7,2015,9,2,8,9,,,0,,1,1,1,25,1,2,1,5,0,0,0,0,true,,false,false,false,false,false,,,,,,false,false,false,,,false,false,false,false,false,-82.9426,42.41637,"{
  ""coordinates"": [
    -8.294260512200000e+01,
    4.241637408800010e+01
  ],
  ""type"": ""Point""
}","{
  ""coordinates"": [
    -82.942605122,
    42.416374088
  ],
  ""type"": ""Point""
}",-82.942605122,42.4163740880001
9985,9325927,TELEGRAPH,RAMP 051H,2015-07-20,20,7,2015,17,2,5,2,,1,0,,1,1,1,35,3,2,2,5,0,0,0,0,true,,false,false,true,false,false,,,,,,false,false,false,,,false,false,false,false,false,-83.2789,42.44138,"{
  ""coordinates"": [
    -8.327889725599989e+01,
    4.244138148800000e+01
  ],
  ""type"": ""Point""
}","{
  ""coordinates"": [
    -83.278897256,
    42.441381488
  ],
  ""type"": ""Point""
}",-83.2788972559999,42.441381488
9986,9327639,VAN DYKE,MILLER,2015-07-20,20,7,2015,8,2,5,3,,1,0,,1,1,1,35,3,2,2,5,0,0,0,0,true,,false,false,false,false,false,,,,,,false,true,false,,,false,false,false,false,false,-83.02251,42.39045,"{
  ""coordinates"": [
    -8.302251241899999e+01,
    4.239044925700010e+01
  ],
  ""type"": ""Point""
}","{
  ""coordinates"": [
    -83.022512419,
    42.390449257
  ],
  ""type"": ""Point""
}",-83.022512419,42.3904492570001