ObjectId,Crash ID,Primary Road,Intersecting Road,Crash Date,Day,Month,Year,Hour,Weekday,Crash Type Code,Highway Classification Code,Community Code,Jurisdiction Code,Lane Departure Type Code,Surface Type,Road Condition,Weather Condition,Lighting Condition,Speed Limit,Lanes,Units,Occupants,Most Severe Injury,Fatal Injuries,Suspected Serious Injuries,Suspected Minor Injuries,Possible Injuries,Property Damage Only,Secondary Crash,Traffic Control,Red Light Run,Hit and Run,Alcohol,Drugs,Unbelted Person,Work Zone,Speeding Driver,Distracted Driver,Driveway,Pedestrian,Elderly Driver,Young Driver,Commercial Vehicle,Emergency Vehicles,Train,School Bus,Motorcycle,Bicycle,Deer,Longitude,Latitude,geom,geog,x,y
10215,9322362,ALTER,FAIRFAX,2015-07-16,16,7,2015,8,5,5,9,,4,0,,1,1,1,25,2,2,2,5,0,0,0,0,true,,false,false,false,false,false,,,,,,false,false,true,,,false,false,false,false,false,-82.93781,42.3723,"{
  ""coordinates"": [
    -8.293781390100000e+01,
    4.237229661200010e+01
  ],
  ""type"": ""Point""
}","{
  ""coordinates"": [
    -82.937813901,
    42.372296612
  ],
  ""type"": ""Point""
}",-82.937813901,42.3722966120001
10216,9328855,GRATIOT,BENSON,2015-07-16,16,7,2015,7,5,5,3,,1,0,,1,1,1,30,4,2,3,5,0,0,0,0,true,,false,false,false,false,false,,,,,,false,false,true,,,false,false,false,false,false,-83.03076,42.35444,"{
  ""coordinates"": [
    -8.303076344999990e+01,
    4.235444097100000e+01
  ],
  ""type"": ""Point""
}","{
  ""coordinates"": [
    -83.03076345,
    42.354440971
  ],
  ""type"": ""Point""
}",-83.0307634499999,42.354440971
10217,9399232,JOY,STEEL,2015-07-16,16,7,2015,14,5,8,9,,4,0,,1,2,1,30,4,2,2,4,0,0,0,2,false,,false,false,false,false,false,,,,,,false,false,false,,,false,false,false,false,false,-83.17018,42.35869,"{
  ""coordinates"": [
    -8.317017761100000e+01,
    4.235868948100010e+01
  ],
  ""type"": ""Point""
}","{
  ""coordinates"": [
    -83.170177611,
    42.358689481
  ],
  ""type"": ""Point""
}",-83.170177611,42.3586894810001
10218,9322342,OUTER,TRINITY,2015-07-16,16,7,2015,13,5,4,9,,2,0,,1,1,1,35,3,2,2,5,0,0,0,0,true,,false,false,false,false,false,,,,,,false,true,true,,,false,false,false,false,false,-83.24811,42.39791,"{
  ""coordinates"": [
    -8.324810634100000e+01,
    4.239791092600010e+01
  ],
  ""type"": ""Point""
}","{
  ""coordinates"": [
    -83.248106341,
    42.397910926
  ],
  ""type"": ""Point""
}",-83.248106341,42.3979109260001
10219,9322344,BALFOUR,CORNWALL,2015-07-16,16,7,2015,16,5,97,9,,,0,,1,1,1,25,2,2,2,5,0,0,0,0,true,,false,false,false,false,false,,,,,,false,false,true,,,false,false,false,false,false,-82.94512,42.39745,"{
  ""coordinates"": [
    -8.294512500400000e+01,
    4.239744978000000e+01
  ],
  ""type"": ""Point""
}","{
  ""coordinates"": [
    -82.945125004,
    42.39744978
  ],
  ""type"": ""Point""
}",-82.945125004,42.39744978
10220,9364150,FORRER,HEMLOCK,2015-07-16,16,7,2015,16,5,9,9,,,0,,1,1,1,25,2,2,1,5,0,0,0,0,true,,false,false,false,false,false,,,,,,false,false,true,,,false,false,false,false,false,-83.20187,42.40959,"{
  ""coordinates"": [
    -8.320186470000000e+01,
    4.240958954300000e+01
  ],
  ""type"": ""Point""
}","{
  ""coordinates"": [
    -83.2018647,
    42.409589543
  ],
  ""type"": ""Point""
}",-83.2018647,42.409589543
10221,9324682,8 MILE,VAN DYKE,2015-07-16,16,7,2015,10,5,5,3,,1,0,,1,1,1,45,2,2,3,5,0,0,0,0,true,,false,false,false,false,false,,,,,,false,false,true,,,false,false,false,false,false,-83.02481,42.44815,"{
  ""coordinates"": [
    -8.302481432400000e+01,
    4.244815574500010e+01
  ],
  ""type"": ""Point""
}","{
  ""coordinates"": [
    -83.024814324,
    42.448155745
  ],
  ""type"": ""Point""
}",-83.024814324,42.4481557450001
10222,9322331,DRAGOON,CABET,2015-07-16,16,7,2015,15,5,1,9,,4,0,,1,1,1,15,2,1,2,5,0,0,0,0,true,,false,false,true,false,false,,,,,,false,false,true,,,false,false,false,false,false,-83.10738,42.31423,"{
  ""coordinates"": [
    -8.310737233299990e+01,
    4.231422931400000e+01
  ],
  ""type"": ""Point""
}","{
  ""coordinates"": [
    -83.107372333,
    42.314229314
  ],
  ""type"": ""Point""
}",-83.1073723329999,42.314229314
10223,9324832,N I 75,ROSA PARKS,2015-07-16,16,7,2015,0,5,1,1,,1,1,,1,1,4,55,3,1,1,4,0,0,0,1,false,,false,false,false,true,false,,,,,,false,false,true,,,false,false,false,false,false,-83.07314,42.33325,"{
  ""coordinates"": [
    -8.307313686600000e+01,
    4.233324673000000e+01
  ],
  ""type"": ""Point""
}","{
  ""coordinates"": [
    -83.073136866,
    42.33324673
  ],
  ""type"": ""Point""
}",-83.073136866,42.33324673
10224,9413756,MCNICHOLS,STOUT,2015-07-16,16,7,2015,23,5,8,9,,2,0,,1,1,4,35,2,4,6,1,1,0,4,0,false,,false,false,false,true,false,,,,,,false,false,true,,,false,false,false,false,false,-83.24186,42.41492,"{
  ""coordinates"": [
    -8.324185907700000e+01,
    4.241491609600010e+01
  ],
  ""type"": ""Point""
}","{
  ""coordinates"": [
    -83.241859077,
    42.414916096
  ],
  ""type"": ""Point""
}",-83.241859077,42.4149160960001
10225,9327633,CADIEUX,CHANDLER PARK,2015-07-16,16,7,2015,19,5,5,9,,4,0,,1,1,1,35,4,2,2,5,0,0,0,0,true,,false,false,false,false,false,,,,,,false,false,false,,,false,false,false,false,false,-82.93303,42.41098,"{
  ""coordinates"": [
    -8.293302966300000e+01,
    4.241097495700010e+01
  ],
  ""type"": ""Point""
}","{
  ""coordinates"": [
    -82.933029663,
    42.410974957
  ],
  ""type"": ""Point""
}",-82.933029663,42.4109749570001
10226,9322334,N I 75,MACK,2015-07-16,16,7,2015,13,5,8,1,,1,0,,1,1,1,25,4,2,2,5,0,0,0,0,true,,false,false,false,false,false,,,,,,false,false,false,,,false,false,false,false,false,-83.0478,42.35119,"{
  ""coordinates"": [
    -8.304779584399989e+01,
    4.235119046000010e+01
  ],
  ""type"": ""Point""
}","{
  ""coordinates"": [
    -83.047795844,
    42.35119046
  ],
  ""type"": ""Point""
}",-83.0477958439999,42.3511904600001
10227,9323583,SANTA ROSA,7 MILE,2015-07-16,16,7,2015,14,5,4,9,,,0,,1,1,1,25,1,2,2,4,0,0,0,1,false,,false,false,true,false,false,,,,,,false,false,false,,,false,false,false,false,false,-83.14365,42.43156,"{
  ""coordinates"": [
    -8.314365212500000e+01,
    4.243156147600010e+01
  ],
  ""type"": ""Point""
}","{
  ""coordinates"": [
    -83.143652125,
    42.431561476
  ],
  ""type"": ""Point""
}",-83.143652125,42.4315614760001
10228,9323479,EDSEL FORD FWY EB,MT ELLIOT,2015-07-16,16,7,2015,1,5,5,1,,1,0,,1,1,4,55,3,2,4,5,0,0,0,0,true,,false,false,true,false,false,,,,,,false,false,false,,,false,false,false,false,false,-83.03369,42.37923,"{
  ""coordinates"": [
    -8.303368974400000e+01,
    4.237923074100010e+01
  ],
  ""type"": ""Point""
}","{
  ""coordinates"": [
    -83.033689744,
    42.379230741
  ],
  ""type"": ""Point""
}",-83.033689744,42.3792307410001
10229,9323480,CARTEN,MCCLELLAN,2015-07-16,16,7,2015,9,5,97,9,,,0,,1,1,1,25,2,2,2,5,0,0,0,0,true,,false,false,false,false,false,,,,,,false,false,false,,,false,false,false,false,false,-82.98827,42.36687,"{
  ""coordinates"": [
    -8.298827630600000e+01,
    4.236686805500010e+01
  ],
  ""type"": ""Point""
}","{
  ""coordinates"": [
    -82.988276306,
    42.366868055
  ],
  ""type"": ""Point""
}",-82.988276306,42.3668680550001
10230,9323584,7 MILE,LIVERNOIS,2015-07-16,16,7,2015,10,5,8,9,,2,0,,1,1,1,30,5,2,3,5,0,0,0,0,true,,false,false,false,false,false,,,,,,false,true,false,,,false,false,false,false,false,-83.14172,42.4316,"{
  ""coordinates"": [
    -8.314172498700000e+01,
    4.243159983700010e+01
  ],
  ""type"": ""Point""
}","{
  ""coordinates"": [
    -83.141724987,
    42.431599837
  ],
  ""type"": ""Point""
}",-83.141724987,42.4315998370001
10231,9408648,WOODWARD,FOREST,2015-07-16,16,7,2015,6,5,4,3,,1,0,,1,1,1,25,3,2,2,5,0,0,0,0,true,,false,false,false,false,false,,,,,,false,false,false,,,false,false,false,false,false,-83.06299,42.35474,"{
  ""coordinates"": [
    -8.306298565000000e+01,
    4.235474167500010e+01
  ],
  ""type"": ""Point""
}","{
  ""coordinates"": [
    -83.06298565,
    42.354741675
  ],
  ""type"": ""Point""
}",-83.06298565,42.3547416750001
10232,9322346,BEDFORD,OUTER,2015-07-16,16,7,2015,1,5,3,9,,,0,,1,1,4,25,2,2,5,5,0,0,0,0,true,,false,false,false,false,false,,,,,,false,false,false,,,false,false,false,false,false,-82.94424,42.40703,"{
  ""coordinates"": [
    -8.294423586499990e+01,
    4.240702994400000e+01
  ],
  ""type"": ""Point""
}","{
  ""coordinates"": [
    -82.944235865,
    42.407029944
  ],
  ""type"": ""Point""
}",-82.9442358649999,42.407029944
10233,9323585,FREELAND,8 MILE,2015-07-16,16,7,2015,21,5,4,9,,,0,,1,1,3,25,1,2,1,5,0,0,0,0,true,,false,false,false,false,false,,,,,,false,false,false,,,false,false,false,false,false,-83.187,42.44452,"{
  ""coordinates"": [
    -8.318700520100001e+01,
    4.244451961700000e+01
  ],
  ""type"": ""Point""
}","{
  ""coordinates"": [
    -83.187005201,
    42.444519617
  ],
  ""type"": ""Point""
}",-83.187005201,42.444519617
10234,9322169,N M 10,LAFAYETTE,2015-07-16,16,7,2015,8,5,5,3,,1,0,,1,1,1,55,3,2,2,5,0,0,0,0,true,,false,false,false,false,false,,,,,,false,false,false,,,false,false,false,false,false,-83.0563,42.32764,"{
  ""coordinates"": [
    -8.305629785000001e+01,
    4.232763949500000e+01
  ],
  ""type"": ""Point""
}","{
  ""coordinates"": [
    -83.05629785,
    42.327639495
  ],
  ""type"": ""Point""
}",-83.05629785,42.327639495
10235,9325862,W I 94,MOUNT ELLIOTT,2015-07-16,16,7,2015,7,5,8,1,,1,0,,1,1,1,55,3,2,2,5,0,0,0,0,true,,false,false,true,false,false,,,,,,false,false,false,,,false,false,false,false,false,-83.0339,42.37926,"{
  ""coordinates"": [
    -8.303389632200000e+01,
    4.237925925600010e+01
  ],
  ""type"": ""Point""
}","{
  ""coordinates"": [
    -83.033896322,
    42.379259256
  ],
  ""type"": ""Point""
}",-83.033896322,42.3792592560001
10236,9323568,I 75 SERVICE,7 MILE,2015-07-16,16,7,2015,16,5,8,9,,4,0,,1,1,1,25,3,2,2,5,0,0,0,0,true,,false,false,true,false,false,,,,,,false,false,false,,,false,false,false,false,false,-83.09427,42.43317,"{
  ""coordinates"": [
    -8.309426887700000e+01,
    4.243317404200010e+01
  ],
  ""type"": ""Point""
}","{
  ""coordinates"": [
    -83.094268877,
    42.433174042
  ],
  ""type"": ""Point""
}",-83.094268877,42.4331740420001
10237,9322347,NEVADA,ANGLIN,2015-07-16,16,7,2015,0,5,8,9,,4,0,,1,1,4,30,3,2,1,5,0,0,0,0,true,,false,false,true,false,false,,,,,,false,false,true,,,false,false,false,false,false,-83.07452,42.42577,"{
  ""coordinates"": [
    -8.307451421400000e+01,
    4.242576532800010e+01
  ],
  ""type"": ""Point""
}","{
  ""coordinates"": [
    -83.074514214,
    42.425765328
  ],
  ""type"": ""Point""
}",-83.074514214,42.4257653280001
10238,9364188,N M 39 SERVICE DRIVE,FORD,2015-07-16,16,7,2015,23,5,1,3,,1,1,,1,1,4,55,3,1,1,5,0,0,0,0,true,,false,false,false,false,false,,,,,,false,true,false,,,false,false,false,false,false,-83.21535,42.32913,"{
  ""coordinates"": [
    -8.321535477099999e+01,
    4.232913239300010e+01
  ],
  ""type"": ""Point""
}","{
  ""coordinates"": [
    -83.215354771,
    42.329132393
  ],
  ""type"": ""Point""
}",-83.215354771,42.3291323930001
10239,9327496,W I 96 CD,RAMP 136C,2015-07-16,16,7,2015,5,5,1,1,,1,0,,1,1,4,55,3,2,1,1,1,0,0,0,false,,false,false,false,true,false,,,,,,true,false,false,,,false,false,false,false,false,-83.19301,42.37946,"{
  ""coordinates"": [
    -8.319300482700000e+01,
    4.237946403200000e+01
  ],
  ""type"": ""Point""
}","{
  ""coordinates"": [
    -83.193004827,
    42.379464032
  ],
  ""type"": ""Point""
}",-83.193004827,42.379464032
10240,9353408,FIELDING,WADSWORTH,2015-07-15,15,7,2015,11,4,5,9,,,0,,1,1,1,30,2,2,3,4,0,0,0,1,false,,false,false,true,false,false,,,,,,false,true,false,,,false,false,false,false,false,-83.2413,42.37416,"{
  ""coordinates"": [
    -8.324130571900000e+01,
    4.237416438700010e+01
  ],
  ""type"": ""Point""
}","{
  ""coordinates"": [
    -83.241305719,
    42.374164387
  ],
  ""type"": ""Point""
}",-83.241305719,42.3741643870001
10241,9323582,WARRINGTON,8 MILE,2015-07-15,15,7,2015,13,4,1,3,,,1,,1,1,1,25,1,1,1,5,0,0,0,0,true,,false,false,false,false,false,,,,,,false,false,false,,,false,false,false,false,false,-83.14091,42.44591,"{
  ""coordinates"": [
    -8.314091477900000e+01,
    4.244590572300010e+01
  ],
  ""type"": ""Point""
}","{
  ""coordinates"": [
    -83.140914779,
    42.445905723
  ],
  ""type"": ""Point""
}",-83.140914779,42.4459057230001
10242,9321333,I-75,SCHAEFER,2015-07-15,15,7,2015,6,4,5,1,,1,0,,1,1,1,70,3,2,2,5,0,0,0,0,true,,false,false,false,false,false,,,,,,false,false,false,,,false,false,false,false,false,-83.15697,42.27692,"{
  ""coordinates"": [
    -8.315697638099989e+01,
    4.227692014600010e+01
  ],
  ""type"": ""Point""
}","{
  ""coordinates"": [
    -83.156976381,
    42.276920146
  ],
  ""type"": ""Point""
}",-83.1569763809999,42.2769201460001
10243,9323559,JEFFERSON,RANDOLPH,2015-07-15,15,7,2015,7,4,9,3,,1,0,,1,1,1,35,4,2,2,5,0,0,0,0,true,,false,false,false,false,false,,,,,,false,false,false,,,false,false,false,false,false,-83.04184,42.32965,"{
  ""coordinates"": [
    -8.304183715399989e+01,
    4.232965395700010e+01
  ],
  ""type"": ""Point""
}","{
  ""coordinates"": [
    -83.041837154,
    42.329653957
  ],
  ""type"": ""Point""
}",-83.0418371539999,42.3296539570001
10244,9321492,MICHIGAN,TRUMBULL,2015-07-15,15,7,2015,17,4,8,2,,1,0,,1,1,1,35,8,2,3,4,0,0,0,1,false,,true,false,false,false,false,,,,,,false,true,false,,,false,false,false,false,false,-83.06712,42.33141,"{
  ""coordinates"": [
    -8.306711685099999e+01,
    4.233141368500000e+01
  ],
  ""type"": ""Point""
}","{
  ""coordinates"": [
    -83.067116851,
    42.331413685
  ],
  ""type"": ""Point""
}",-83.067116851,42.331413685
10245,9321331,N M 39,RAMP 009A,2015-07-15,15,7,2015,17,4,5,3,,1,0,,1,1,1,55,3,3,29,4,0,0,0,2,false,,false,false,false,false,false,,,,,,false,false,true,,,false,false,false,false,false,-83.21806,42.3973,"{
  ""coordinates"": [
    -8.321805191899990e+01,
    4.239730041400000e+01
  ],
  ""type"": ""Point""
}","{
  ""coordinates"": [
    -83.218051919,
    42.397300414
  ],
  ""type"": ""Point""
}",-83.2180519189999,42.397300414
10246,9321519,HAMILTON,WEBB,2015-07-15,15,7,2015,14,4,5,9,,4,0,,1,1,1,35,4,2,2,5,0,0,0,0,true,,false,false,false,false,false,,,,,,false,true,false,,,false,false,false,false,false,-83.09743,42.38942,"{
  ""coordinates"": [
    -8.309743434300000e+01,
    4.238942315300010e+01
  ],
  ""type"": ""Point""
}","{
  ""coordinates"": [
    -83.097434343,
    42.389423153
  ],
  ""type"": ""Point""
}",-83.097434343,42.3894231530001
10247,9399230,PINEHURST,JOY,2015-07-15,15,7,2015,14,4,4,9,,,0,,1,1,1,30,2,2,2,4,0,0,0,1,false,,false,false,false,false,false,,,,,,false,false,true,,,false,false,false,false,false,-83.16533,42.35866,"{
  ""coordinates"": [
    -8.316532735399990e+01,
    4.235866172800010e+01
  ],
  ""type"": ""Point""
}","{
  ""coordinates"": [
    -83.165327354,
    42.358661728
  ],
  ""type"": ""Point""
}",-83.1653273539999,42.3586617280001
10248,9400249,N M 10,LINWOOD,2015-07-15,15,7,2015,22,4,8,3,,1,0,,1,1,4,25,4,2,1,5,0,0,0,0,true,,false,false,true,false,false,,,,,,false,true,false,,,false,false,false,false,false,-83.12779,42.4052,"{
  ""coordinates"": [
    -8.312779365100000e+01,
    4.240520645500000e+01
  ],
  ""type"": ""Point""
}","{
  ""coordinates"": [
    -83.127793651,
    42.405206455
  ],
  ""type"": ""Point""
}",-83.127793651,42.405206455
10249,9323332,I 75,DAVISON,2015-07-15,15,7,2015,18,4,5,1,,1,0,,1,1,1,70,4,2,1,5,0,0,0,0,true,,false,false,true,false,false,,,,,,false,false,false,,,false,false,false,false,false,-83.07995,42.40911,"{
  ""coordinates"": [
    -8.307995152699991e+01,
    4.240911029500010e+01
  ],
  ""type"": ""Point""
}","{
  ""coordinates"": [
    -83.079951527,
    42.409110295
  ],
  ""type"": ""Point""
}",-83.0799515269999,42.4091102950001
10250,9323563,VAN DYKE,VERNOR,2015-07-15,15,7,2015,23,4,4,9,,4,0,,1,1,4,35,2,2,2,5,0,0,0,0,true,,false,false,false,false,false,,,,,,false,true,true,,,false,false,false,false,false,-83.0014,42.36045,"{
  ""coordinates"": [
    -8.300139587300001e+01,
    4.236044555000010e+01
  ],
  ""type"": ""Point""
}","{
  ""coordinates"": [
    -83.001395873,
    42.36044555
  ],
  ""type"": ""Point""
}",-83.001395873,42.3604455500001
10251,9323580,OUTER,7 MILE,2015-07-15,15,7,2015,14,4,1,9,,2,0,,1,1,1,35,2,2,2,5,0,0,0,0,true,,false,false,false,false,false,,,,,,false,true,false,,,false,false,false,true,false,-83.17547,42.43117,"{
  ""coordinates"": [
    -8.317547108199990e+01,
    4.243116892000010e+01
  ],
  ""type"": ""Point""
}","{
  ""coordinates"": [
    -83.175471082,
    42.43116892
  ],
  ""type"": ""Point""
}",-83.1754710819999,42.4311689200001
10252,9321490,MONTCALM,WOODWARD,2015-07-15,15,7,2015,18,4,4,3,,4,0,,1,1,1,0,2,2,9,5,0,0,0,0,true,,false,false,false,false,false,,,,,,false,true,false,,,false,false,false,false,false,-83.05251,42.33879,"{
  ""coordinates"": [
    -8.305251544100000e+01,
    4.233879346400000e+01
  ],
  ""type"": ""Point""
}","{
  ""coordinates"": [
    -83.052515441,
    42.338793464
  ],
  ""type"": ""Point""
}",-83.052515441,42.338793464
10253,9321503,VAN DYKE,W I 94,2015-07-15,15,7,2015,10,4,5,3,,1,0,,1,1,1,30,2,2,2,4,0,0,0,1,false,,false,false,false,false,false,,,,,,false,false,false,,,false,false,false,false,false,-83.02016,42.38628,"{
  ""coordinates"": [
    -8.302016755400000e+01,
    4.238627562900010e+01
  ],
  ""type"": ""Point""
}","{
  ""coordinates"": [
    -83.020167554,
    42.386275629
  ],
  ""type"": ""Point""
}",-83.020167554,42.3862756290001
10254,9353455,GRANDVILLE,8 MILE,2015-07-15,15,7,2015,15,4,1,3,,,0,,1,1,1,35,4,2,1,4,0,0,0,1,false,,false,false,true,false,false,,,,,,false,false,false,,,false,false,false,true,false,-83.23331,42.44385,"{
  ""coordinates"": [
    -8.323331285700000e+01,
    4.244384928100000e+01
  ],
  ""type"": ""Point""
}","{
  ""coordinates"": [
    -83.233312857,
    42.443849281
  ],
  ""type"": ""Point""
}",-83.233312857,42.443849281
10255,9323341,I-94,DICKERSON,2015-07-15,15,7,2015,18,4,5,1,,1,0,,1,1,1,55,3,2,2,5,0,0,0,0,true,,false,false,false,false,false,,,,,,false,true,false,,,false,false,false,false,false,-82.97338,42.40138,"{
  ""coordinates"": [
    -8.297337834200000e+01,
    4.240137961100000e+01
  ],
  ""type"": ""Point""
}","{
  ""coordinates"": [
    -82.973378342,
    42.401379611
  ],
  ""type"": ""Point""
}",-82.973378342,42.401379611
10256,9321351,I-75,OUTER,2015-07-15,15,7,2015,6,4,5,1,,1,0,,1,1,1,70,3,2,2,5,0,0,0,0,true,,false,false,false,false,false,,,,,,false,false,false,,,false,false,false,false,false,-83.09497,42.44195,"{
  ""coordinates"": [
    -8.309497069199990e+01,
    4.244194637600000e+01
  ],
  ""type"": ""Point""
}","{
  ""coordinates"": [
    -83.094970692,
    42.441946376
  ],
  ""type"": ""Point""
}",-83.0949706919999,42.441946376
10257,9321504,FRANKFORT,MARLBOROUGH,2015-07-15,15,7,2015,5,4,1,9,,,1,,1,1,2,25,2,1,0,5,0,0,0,0,true,,false,false,true,false,false,,,,,,false,false,false,,,false,false,false,false,false,-82.95995,42.39707,"{
  ""coordinates"": [
    -8.295994683799999e+01,
    4.239706684900010e+01
  ],
  ""type"": ""Point""
}","{
  ""coordinates"": [
    -82.959946838,
    42.397066849
  ],
  ""type"": ""Point""
}",-82.959946838,42.3970668490001
10258,9323482,GRATIOT,WILFRED,2015-07-15,15,7,2015,18,4,4,3,,1,0,,1,1,1,35,3,3,2,5,0,0,0,0,true,,false,false,false,false,false,,,,,,false,false,true,,,false,false,false,false,false,-82.99322,42.41144,"{
  ""coordinates"": [
    -8.299322047899990e+01,
    4.241143718400010e+01
  ],
  ""type"": ""Point""
}","{
  ""coordinates"": [
    -82.993220479,
    42.411437184
  ],
  ""type"": ""Point""
}",-82.9932204789999,42.4114371840001
10259,9321334,I-75,DEARBORN,2015-07-15,15,7,2015,7,4,5,1,,1,0,,1,1,1,70,4,2,2,5,0,0,0,0,true,,false,false,false,false,false,,,,,,false,false,true,,,false,false,false,false,false,-83.13519,42.28854,"{
  ""coordinates"": [
    -8.313518831999990e+01,
    4.228853859200010e+01
  ],
  ""type"": ""Point""
}","{
  ""coordinates"": [
    -83.13518832,
    42.288538592
  ],
  ""type"": ""Point""
}",-83.1351883199999,42.2885385920001
10260,9321494,OUTER,CONANT,2015-07-15,15,7,2015,8,4,4,9,,2,0,,1,1,1,45,4,2,2,4,0,0,0,1,false,,true,true,false,false,false,,,,,,false,false,false,,,false,false,false,false,false,-83.07878,42.44007,"{
  ""coordinates"": [
    -8.307878413000000e+01,
    4.244006587100010e+01
  ],
  ""type"": ""Point""
}","{
  ""coordinates"": [
    -83.07878413,
    42.440065871
  ],
  ""type"": ""Point""
}",-83.07878413,42.4400658710001
10261,9321347,I-96,SCHOOLCRAFT,2015-07-15,15,7,2015,17,4,1,1,,1,1,,1,1,1,70,3,1,1,5,0,0,0,0,true,,false,false,false,false,false,,,,,,false,false,true,,,false,false,false,false,false,-83.24295,42.38509,"{
  ""coordinates"": [
    -8.324295301099990e+01,
    4.238509538800000e+01
  ],
  ""type"": ""Point""
}","{
  ""coordinates"": [
    -83.242953011,
    42.385095388
  ],
  ""type"": ""Point""
}",-83.2429530109999,42.385095388
10262,9324220,RAMP 216E,WARREN,2015-07-15,15,7,2015,6,4,1,1,,1,1,,1,1,1,55,1,1,1,5,0,0,0,0,true,,false,false,true,false,false,,,,,,false,false,false,,,false,false,true,false,false,-83.05445,42.36148,"{
  ""coordinates"": [
    -8.305445005199989e+01,
    4.236147766800010e+01
  ],
  ""type"": ""Point""
}","{
  ""coordinates"": [
    -83.054450052,
    42.361477668
  ],
  ""type"": ""Point""
}",-83.0544500519999,42.3614776680001
10263,9323371,WB I-96,OUTER,2015-07-15,15,7,2015,17,4,5,1,,1,0,,1,1,1,70,3,2,2,5,0,0,0,0,true,,false,false,false,false,false,,,,,,false,false,false,,,false,false,false,false,false,-83.23851,42.38194,"{
  ""coordinates"": [
    -8.323850912400000e+01,
    4.238193576300010e+01
  ],
  ""type"": ""Point""
}","{
  ""coordinates"": [
    -83.238509124,
    42.381935763
  ],
  ""type"": ""Point""
}",-83.238509124,42.3819357630001
10264,9321507,EVERGREEN,JOY,2015-07-15,15,7,2015,17,4,5,9,,4,0,,1,1,1,30,4,2,5,5,0,0,0,0,true,,false,false,false,false,false,,,,,,false,false,true,,,false,false,false,false,false,-83.2359,42.35659,"{
  ""coordinates"": [
    -8.323590198499990e+01,
    4.235658480700000e+01
  ],
  ""type"": ""Point""
}","{
  ""coordinates"": [
    -83.235901985,
    42.356584807
  ],
  ""type"": ""Point""
}",-83.2359019849999,42.356584807
10265,9324827,I-94,LINWOOD,2015-07-15,15,7,2015,16,4,5,1,,1,0,,1,1,1,55,3,2,2,5,0,0,0,0,true,,false,false,false,false,false,,,,,,false,false,true,,,false,false,false,false,false,-83.09303,42.35201,"{
  ""coordinates"": [
    -8.309302568500000e+01,
    4.235200620400010e+01
  ],
  ""type"": ""Point""
}","{
  ""coordinates"": [
    -83.093025685,
    42.352006204
  ],
  ""type"": ""Point""
}",-83.093025685,42.3520062040001
10266,9321344,I-94,VAN DYKE,2015-07-15,15,7,2015,7,4,1,1,,1,1,,1,1,1,55,3,1,1,5,0,0,0,0,true,,true,false,false,false,false,,,,,,false,false,false,,,false,false,false,false,false,-83.01644,42.38757,"{
  ""coordinates"": [
    -8.301644510300000e+01,
    4.238757406700010e+01
  ],
  ""type"": ""Point""
}","{
  ""coordinates"": [
    -83.016445103,
    42.387574067
  ],
  ""type"": ""Point""
}",-83.016445103,42.3875740670001
10267,9322240,W/B I-94,WOODWARD,2015-07-15,15,7,2015,2,4,8,1,,1,0,,1,1,4,55,3,2,3,5,0,0,0,0,true,,false,false,false,false,false,,,,,,false,false,true,,,false,false,false,false,false,-83.06877,42.36383,"{
  ""coordinates"": [
    -8.306877161499990e+01,
    4.236382551300010e+01
  ],
  ""type"": ""Point""
}","{
  ""coordinates"": [
    -83.068771615,
    42.363825513
  ],
  ""type"": ""Point""
}",-83.0687716149999,42.3638255130001
10268,9321329,RAMP 008H,W I 96 CD,2015-07-15,15,7,2015,8,4,5,1,,1,0,,1,1,1,55,3,2,2,5,0,0,0,0,true,,false,false,false,false,false,,,,,,false,false,false,,,false,false,false,false,false,-83.2211,42.37884,"{
  ""coordinates"": [
    -8.322110130399990e+01,
    4.237883844500000e+01
  ],
  ""type"": ""Point""
}","{
  ""coordinates"": [
    -83.221101304,
    42.378838445
  ],
  ""type"": ""Point""
}",-83.2211013039999,42.378838445
10269,9323588,WYOMING,SANTA CLARA,2015-07-15,15,7,2015,10,4,5,9,,4,0,,1,1,1,30,4,2,3,5,0,0,0,0,true,,false,false,false,false,false,,,,,,false,false,false,,,false,false,false,false,false,-83.16051,42.42056,"{
  ""coordinates"": [
    -8.316051605199991e+01,
    4.242055750800010e+01
  ],
  ""type"": ""Point""
}","{
  ""coordinates"": [
    -83.160516052,
    42.420557508
  ],
  ""type"": ""Point""
}",-83.1605160519999,42.4205575080001
10270,9364216,SCHOOLCRAFT,S M 39,2015-07-15,15,7,2015,8,4,4,9,,2,0,,1,1,1,35,2,2,2,4,0,0,0,1,false,,false,false,false,false,false,,,,,,false,false,true,,,false,false,false,false,false,-83.21764,42.38671,"{
  ""coordinates"": [
    -8.321764444400000e+01,
    4.238670927500000e+01
  ],
  ""type"": ""Point""
}","{
  ""coordinates"": [
    -83.217644444,
    42.386709275
  ],
  ""type"": ""Point""
}",-83.217644444,42.386709275
10271,9330449,OUTER,MANSFIELD,2015-07-15,15,7,2015,15,4,5,9,,2,0,,1,1,1,30,4,2,0,5,0,0,0,0,true,,false,false,true,false,false,,,,,,false,false,false,,,false,false,false,false,false,-83.20573,42.41933,"{
  ""coordinates"": [
    -8.320572306500000e+01,
    4.241933031000010e+01
  ],
  ""type"": ""Point""
}","{
  ""coordinates"": [
    -83.205723065,
    42.41933031
  ],
  ""type"": ""Point""
}",-83.205723065,42.4193303100001