ObjectId,Crash ID,Primary Road,Intersecting Road,Crash Date,Day,Month,Year,Hour,Weekday,Crash Type Code,Highway Classification Code,Community Code,Jurisdiction Code,Lane Departure Type Code,Surface Type,Road Condition,Weather Condition,Lighting Condition,Speed Limit,Lanes,Units,Occupants,Most Severe Injury,Fatal Injuries,Suspected Serious Injuries,Suspected Minor Injuries,Possible Injuries,Property Damage Only,Secondary Crash,Traffic Control,Red Light Run,Hit and Run,Alcohol,Drugs,Unbelted Person,Work Zone,Speeding Driver,Distracted Driver,Driveway,Pedestrian,Elderly Driver,Young Driver,Commercial Vehicle,Emergency Vehicles,Train,School Bus,Motorcycle,Bicycle,Deer,Longitude,Latitude,geom,geog,x,y
10272,9324160,I-75,DAVISON,2015-07-15,15,7,2015,17,4,5,1,,1,0,,1,1,1,70,4,2,2,5,0,0,0,0,true,,false,false,false,false,false,,,,,,false,false,false,,,false,false,false,false,false,-83.07487,42.40591,"{
  ""coordinates"": [
    -8.307487368400000e+01,
    4.240591189100010e+01
  ],
  ""type"": ""Point""
}","{
  ""coordinates"": [
    -83.074873684,
    42.405911891
  ],
  ""type"": ""Point""
}",-83.074873684,42.4059118910001
10273,9321508,SEYMOUR,BROCK,2015-07-15,15,7,2015,21,4,4,9,,4,0,,1,1,4,30,2,2,1,5,0,0,0,0,true,,false,false,true,false,false,,,,,,false,false,false,,,false,false,false,false,false,-82.96282,42.4272,"{
  ""coordinates"": [
    -8.296282001000000e+01,
    4.242720588200010e+01
  ],
  ""type"": ""Point""
}","{
  ""coordinates"": [
    -82.96282001,
    42.427205882
  ],
  ""type"": ""Point""
}",-82.96282001,42.4272058820001
10274,9325853,MCNICHOLS,WESTPHALLIA,2015-07-15,15,7,2015,18,4,4,9,,4,0,,1,1,1,30,2,2,2,5,0,0,0,0,true,,false,false,false,false,false,,,,,,false,false,true,,,false,false,false,false,false,-82.99213,42.4242,"{
  ""coordinates"": [
    -8.299213526999991e+01,
    4.242419923400010e+01
  ],
  ""type"": ""Point""
}","{
  ""coordinates"": [
    -82.99213527,
    42.424199234
  ],
  ""type"": ""Point""
}",-82.9921352699999,42.4241992340001
10275,9323569,DAVISON,RYAN,2015-07-15,15,7,2015,14,4,4,9,,4,0,,1,1,1,30,3,2,1,5,0,0,0,0,true,,false,false,false,false,false,,,,,,false,false,false,,,false,false,false,false,false,-83.06058,42.41586,"{
  ""coordinates"": [
    -8.306057957099991e+01,
    4.241586098600000e+01
  ],
  ""type"": ""Point""
}","{
  ""coordinates"": [
    -83.060579571,
    42.415860986
  ],
  ""type"": ""Point""
}",-83.0605795709999,42.415860986
10276,9324332,WOODWARD,HANCOCK,2015-07-15,15,7,2015,17,4,8,3,,1,0,,1,1,1,25,5,2,2,5,0,0,0,0,true,,false,false,false,false,false,,,,,,false,false,false,,,false,false,false,false,false,-83.06384,42.35603,"{
  ""coordinates"": [
    -8.306384268399999e+01,
    4.235602977600010e+01
  ],
  ""type"": ""Point""
}","{
  ""coordinates"": [
    -83.063842684,
    42.356029776
  ],
  ""type"": ""Point""
}",-83.063842684,42.3560297760001
10277,9323478,MCDOUGAL,ALEXANDRINE,2015-07-15,15,7,2015,19,4,4,9,,4,0,,1,1,1,30,2,2,4,4,0,0,0,2,false,,false,false,true,false,false,,,,,,false,false,true,,,false,false,false,false,false,-83.0316,42.36108,"{
  ""coordinates"": [
    -8.303160412299999e+01,
    4.236108525200010e+01
  ],
  ""type"": ""Point""
}","{
  ""coordinates"": [
    -83.031604123,
    42.361085252
  ],
  ""type"": ""Point""
}",-83.031604123,42.3610852520001
10278,9323590,HAZELWOOD,3RD,2015-07-15,15,7,2015,11,4,5,9,,,0,,1,1,1,30,2,2,1,5,0,0,0,0,true,,false,false,false,false,false,,,,,,false,false,true,,,false,false,false,false,false,-83.08682,42.37897,"{
  ""coordinates"": [
    -8.308681969500000e+01,
    4.237896749400010e+01
  ],
  ""type"": ""Point""
}","{
  ""coordinates"": [
    -83.086819695,
    42.378967494
  ],
  ""type"": ""Point""
}",-83.086819695,42.3789674940001
10279,9399159,JOHN R,STATE FAIR,2015-07-15,15,7,2015,2,4,4,9,,4,0,,1,1,4,30,2,2,3,5,0,0,0,0,true,,false,false,true,false,false,,,,,,false,false,false,,,false,false,false,false,false,-83.10258,42.43953,"{
  ""coordinates"": [
    -8.310258204500001e+01,
    4.243952477700000e+01
  ],
  ""type"": ""Point""
}","{
  ""coordinates"": [
    -83.102582045,
    42.439524777
  ],
  ""type"": ""Point""
}",-83.102582045,42.439524777
10280,9322373,S M 10,7 MILE,2015-07-15,15,7,2015,11,4,5,3,,1,0,,1,1,1,30,3,2,2,5,0,0,0,0,true,,false,false,false,false,false,,,,,,false,true,false,,,false,false,false,false,false,-83.18715,42.43082,"{
  ""coordinates"": [
    -8.318714988100000e+01,
    4.243081983500010e+01
  ],
  ""type"": ""Point""
}","{
  ""coordinates"": [
    -83.187149881,
    42.430819835
  ],
  ""type"": ""Point""
}",-83.187149881,42.4308198350001
10281,9321491,WARREN,S I 75 SERVICE DRIVE,2015-07-15,15,7,2015,15,4,97,9,,4,0,,1,1,1,30,3,2,2,5,0,0,0,0,true,,false,false,true,false,false,,,,,,false,false,false,,,false,false,false,false,false,-83.05502,42.36054,"{
  ""coordinates"": [
    -8.305502309100000e+01,
    4.236053979700010e+01
  ],
  ""type"": ""Point""
}","{
  ""coordinates"": [
    -83.055023091,
    42.360539797
  ],
  ""type"": ""Point""
}",-83.055023091,42.3605397970001
10282,9325916,CADIEUX,LANARK,2015-07-15,15,7,2015,15,4,4,9,,4,0,,1,1,1,25,2,2,2,5,0,0,0,0,true,,true,false,true,false,false,,,,,,false,false,false,,,false,false,false,false,false,-82.93812,42.4187,"{
  ""coordinates"": [
    -8.293811576400000e+01,
    4.241869550700010e+01
  ],
  ""type"": ""Point""
}","{
  ""coordinates"": [
    -82.938115764,
    42.418695507
  ],
  ""type"": ""Point""
}",-82.938115764,42.4186955070001
10283,9321330,W/B I 94,CASS,2015-07-15,15,7,2015,9,4,1,1,,1,1,,1,1,1,45,3,1,1,4,0,0,0,1,false,,false,false,false,false,false,,,,,,false,true,false,,,false,false,false,false,false,-83.07045,42.36295,"{
  ""coordinates"": [
    -8.307045170100000e+01,
    4.236294913700000e+01
  ],
  ""type"": ""Point""
}","{
  ""coordinates"": [
    -83.070451701,
    42.362949137
  ],
  ""type"": ""Point""
}",-83.070451701,42.362949137
10284,9322365,FENKELL,LAHSER,2015-07-15,15,7,2015,19,4,8,9,,2,0,,1,1,1,35,5,2,1,5,0,0,0,0,true,,false,false,true,false,false,,,,,,false,false,false,,,false,false,false,false,false,-83.25683,42.40029,"{
  ""coordinates"": [
    -8.325682455399991e+01,
    4.240028786700000e+01
  ],
  ""type"": ""Point""
}","{
  ""coordinates"": [
    -83.256824554,
    42.400287867
  ],
  ""type"": ""Point""
}",-83.2568245539999,42.400287867
10285,9338285,HANCOCK,JOHN R,2015-07-15,15,7,2015,16,4,4,9,,,0,,1,1,1,25,4,2,2,5,0,0,0,0,true,,false,false,false,false,false,,,,,,false,false,false,,,false,false,false,false,false,-83.0615,42.35672,"{
  ""coordinates"": [
    -8.306150347300000e+01,
    4.235671620300010e+01
  ],
  ""type"": ""Point""
}","{
  ""coordinates"": [
    -83.061503473,
    42.356716203
  ],
  ""type"": ""Point""
}",-83.061503473,42.3567162030001
10286,9321332,I-75,CLAY,2015-07-15,15,7,2015,9,4,5,1,,1,0,,1,1,1,70,4,3,4,5,0,0,0,0,true,,false,false,false,false,false,,,,,,false,false,true,,,false,false,false,false,false,-83.06202,42.37706,"{
  ""coordinates"": [
    -8.306202283899999e+01,
    4.237705771700010e+01
  ],
  ""type"": ""Point""
}","{
  ""coordinates"": [
    -83.062022839,
    42.377057717
  ],
  ""type"": ""Point""
}",-83.062022839,42.3770577170001
10287,9323511,MACK,CADIEUX,2015-07-15,15,7,2015,13,4,1,9,,2,0,,1,1,1,35,5,1,1,5,0,0,0,0,true,,false,false,false,false,false,,,,,,false,false,false,,,false,false,false,false,false,-82.92249,42.39479,"{
  ""coordinates"": [
    -8.292249459399990e+01,
    4.239478861600000e+01
  ],
  ""type"": ""Point""
}","{
  ""coordinates"": [
    -82.922494594,
    42.394788616
  ],
  ""type"": ""Point""
}",-82.9224945939999,42.394788616
10288,9327513,RAMP 047H,W M 8,2015-07-15,15,7,2015,18,4,5,1,,1,0,,1,1,1,55,1,2,2,5,0,0,0,0,true,,false,false,true,false,false,,,,,,false,false,true,,,false,false,false,false,false,-83.0799,42.40868,"{
  ""coordinates"": [
    -8.307990076700000e+01,
    4.240868169600000e+01
  ],
  ""type"": ""Point""
}","{
  ""coordinates"": [
    -83.079900767,
    42.408681696
  ],
  ""type"": ""Point""
}",-83.079900767,42.408681696
10289,9321350,I-96,CHICAGO,2015-07-15,15,7,2015,18,4,1,1,,1,1,,1,1,1,70,4,1,1,5,0,0,0,0,true,,false,false,false,false,false,,,,,,false,false,false,,,false,false,false,false,false,-83.14162,42.36821,"{
  ""coordinates"": [
    -8.314161597299990e+01,
    4.236821517400010e+01
  ],
  ""type"": ""Point""
}","{
  ""coordinates"": [
    -83.141615973,
    42.368215174
  ],
  ""type"": ""Point""
}",-83.1416159729999,42.3682151740001
10290,9321346,M-39,WARREN,2015-07-15,15,7,2015,15,4,8,3,,1,0,,1,1,1,55,3,2,3,5,0,0,0,0,true,,false,false,false,false,false,,,,,,false,false,false,,,false,false,false,false,false,-83.21603,42.34324,"{
  ""coordinates"": [
    -8.321603200999991e+01,
    4.234323761300000e+01
  ],
  ""type"": ""Point""
}","{
  ""coordinates"": [
    -83.21603201,
    42.343237613
  ],
  ""type"": ""Point""
}",-83.2160320099999,42.343237613
10291,9321514,8 MILE,SHERWOOD,2015-07-15,15,7,2015,11,4,5,3,,1,0,,1,1,1,40,4,2,2,5,0,0,0,0,true,,false,false,false,false,false,,,,,,false,false,false,,,false,false,false,false,false,-83.03451,42.44793,"{
  ""coordinates"": [
    -8.303451001699990e+01,
    4.244793505300000e+01
  ],
  ""type"": ""Point""
}","{
  ""coordinates"": [
    -83.034510017,
    42.447935053
  ],
  ""type"": ""Point""
}",-83.0345100169999,42.447935053
10292,9321345,M-39,FORD,2015-07-15,15,7,2015,9,4,8,3,,1,0,,1,1,1,55,3,2,1,5,0,0,0,0,true,,false,false,true,false,false,,,,,,false,false,false,,,false,false,false,false,false,-83.21582,42.33054,"{
  ""coordinates"": [
    -8.321582213600000e+01,
    4.233054162000010e+01
  ],
  ""type"": ""Point""
}","{
  ""coordinates"": [
    -83.215822136,
    42.33054162
  ],
  ""type"": ""Point""
}",-83.215822136,42.3305416200001
10293,9323534,KERCHEVAL,VAN DYKE,2015-07-15,15,7,2015,10,4,4,9,,4,0,,1,1,1,30,1,2,4,5,0,0,0,0,true,,true,true,false,false,false,,,,,,false,false,true,,,false,true,false,false,false,-82.99991,42.35839,"{
  ""coordinates"": [
    -8.299990940500000e+01,
    4.235838701900010e+01
  ],
  ""type"": ""Point""
}","{
  ""coordinates"": [
    -82.999909405,
    42.358387019
  ],
  ""type"": ""Point""
}",-82.999909405,42.3583870190001
10294,9326807,TIREMAN,EPWORTH,2015-07-15,15,7,2015,14,4,8,9,,4,0,,1,1,1,25,2,2,1,5,0,0,0,0,true,,false,false,true,false,false,,,,,,false,false,false,,,false,false,false,false,false,-83.12975,42.35196,"{
  ""coordinates"": [
    -8.312975191899990e+01,
    4.235195807500000e+01
  ],
  ""type"": ""Point""
}","{
  ""coordinates"": [
    -83.129751919,
    42.351958075
  ],
  ""type"": ""Point""
}",-83.1297519189999,42.351958075
10295,9322337,LINWOOD,CLAIRMOUNT,2015-07-15,15,7,2015,17,4,2,9,,4,0,,97,98,98,35,2,2,2,5,0,0,0,0,true,,false,false,false,false,false,,,,,,false,false,false,,,false,false,false,false,false,-83.10838,42.37285,"{
  ""coordinates"": [
    -8.310838024000000e+01,
    4.237285221900000e+01
  ],
  ""type"": ""Point""
}","{
  ""coordinates"": [
    -83.10838024,
    42.372852219
  ],
  ""type"": ""Point""
}",-83.10838024,42.372852219
10296,9327516,VISTA,THE STRAND,2015-07-15,15,7,2015,14,4,9,3,,,2,,1,1,1,25,2,2,19,5,0,0,0,0,true,,false,false,false,false,false,,,,,,false,false,false,,,false,false,false,false,false,-82.9787,42.33876,"{
  ""coordinates"": [
    -8.297870113099999e+01,
    4.233875581100010e+01
  ],
  ""type"": ""Point""
}","{
  ""coordinates"": [
    -82.978701131,
    42.338755811
  ],
  ""type"": ""Point""
}",-82.978701131,42.3387558110001
10297,9323340,E I 94,RAMP 220D,2015-07-15,15,7,2015,18,4,5,1,,1,0,,1,1,1,55,3,3,3,4,0,0,0,1,false,,false,false,false,false,false,,,,,,false,false,true,,,false,false,false,false,false,-82.98914,42.39542,"{
  ""coordinates"": [
    -8.298913814600000e+01,
    4.239541790300010e+01
  ],
  ""type"": ""Point""
}","{
  ""coordinates"": [
    -82.989138146,
    42.395417903
  ],
  ""type"": ""Point""
}",-82.989138146,42.3954179030001
10298,9324293,WARD,CAPITOL,2015-07-15,15,7,2015,23,4,4,9,,,0,,1,1,5,35,3,2,2,5,0,0,0,0,true,,false,false,true,false,false,,,,,,false,false,false,,,false,false,false,false,false,-83.17322,42.37744,"{
  ""coordinates"": [
    -8.317321605900000e+01,
    4.237743825000010e+01
  ],
  ""type"": ""Point""
}","{
  ""coordinates"": [
    -83.173216059,
    42.37743825
  ],
  ""type"": ""Point""
}",-83.173216059,42.3774382500001
10299,9321500,DOVER,BRAILE,2015-07-15,15,7,2015,16,4,4,9,,,0,,1,1,1,25,1,2,2,4,0,0,0,2,false,,false,false,false,false,false,,,,,,false,false,true,,,false,false,false,false,false,-83.24329,42.35919,"{
  ""coordinates"": [
    -8.324329534700000e+01,
    4.235918891000010e+01
  ],
  ""type"": ""Point""
}","{
  ""coordinates"": [
    -83.243295347,
    42.35918891
  ],
  ""type"": ""Point""
}",-83.243295347,42.3591889100001
10300,9321511,ANTOINETTE,STANTON,2015-07-15,15,7,2015,11,4,97,9,,,0,,1,1,1,25,2,3,3,5,0,0,0,0,true,,false,false,true,false,false,,,,,,false,false,false,,,false,false,false,false,false,-83.09457,42.35564,"{
  ""coordinates"": [
    -8.309457059099999e+01,
    4.235564542500000e+01
  ],
  ""type"": ""Point""
}","{
  ""coordinates"": [
    -83.094570591,
    42.355645425
  ],
  ""type"": ""Point""
}",-83.094570591,42.355645425
10301,9323512,WYOMING,SANTA CLARA,2015-07-15,15,7,2015,10,4,5,9,,4,0,,1,1,1,0,6,2,4,5,0,0,0,0,true,,false,false,false,false,false,,,,,,false,false,false,,,false,false,false,false,false,-83.16052,42.42069,"{
  ""coordinates"": [
    -8.316052332700001e+01,
    4.242068763000000e+01
  ],
  ""type"": ""Point""
}","{
  ""coordinates"": [
    -83.160523327,
    42.42068763
  ],
  ""type"": ""Point""
}",-83.160523327,42.42068763
10302,9323506,GRATIOT,MARCUS,2015-07-15,15,7,2015,18,4,6,3,,1,0,,1,2,1,35,8,2,3,4,0,0,0,3,false,,false,false,true,false,false,,,,,,false,false,false,,,false,false,false,false,false,-83.0023,42.39755,"{
  ""coordinates"": [
    -8.300230365399990e+01,
    4.239754777600010e+01
  ],
  ""type"": ""Point""
}","{
  ""coordinates"": [
    -83.002303654,
    42.397547776
  ],
  ""type"": ""Point""
}",-83.0023036539999,42.3975477760001
10303,9322343,SPRINGWELLS,SENATOR,2015-07-15,15,7,2015,11,4,1,9,,4,1,,1,1,1,25,2,3,0,4,0,0,0,1,false,,false,false,true,false,false,,,,,,true,false,false,,,false,false,false,false,false,-83.12628,42.31014,"{
  ""coordinates"": [
    -8.312627953899990e+01,
    4.231013742400010e+01
  ],
  ""type"": ""Point""
}","{
  ""coordinates"": [
    -83.126279539,
    42.310137424
  ],
  ""type"": ""Point""
}",-83.1262795389999,42.3101374240001
10304,9399231,WYOMING,SCHOOLCRAFT,2015-07-15,15,7,2015,17,4,4,9,,4,0,,1,1,1,30,3,2,2,5,0,0,0,0,true,,false,false,false,false,false,,,,,,false,false,true,,,false,false,false,false,false,-83.15907,42.3887,"{
  ""coordinates"": [
    -8.315907158999990e+01,
    4.238870172900000e+01
  ],
  ""type"": ""Point""
}","{
  ""coordinates"": [
    -83.15907159,
    42.388701729
  ],
  ""type"": ""Point""
}",-83.1590715899999,42.388701729
10305,9321499,WARREN,GRANDVILLE,2015-07-15,15,7,2015,17,4,9,9,,2,2,,1,1,1,35,4,2,2,5,0,0,0,0,true,,false,false,false,false,false,,,,,,false,true,true,,,false,false,false,false,false,-83.22941,42.34322,"{
  ""coordinates"": [
    -8.322940635799991e+01,
    4.234321769000010e+01
  ],
  ""type"": ""Point""
}","{
  ""coordinates"": [
    -83.229406358,
    42.34321769
  ],
  ""type"": ""Point""
}",-83.2294063579999,42.3432176900001
10306,9323476,GLADSTONE,ROSA PARKS,2015-07-15,15,7,2015,23,4,8,9,,,3,,1,1,5,0,2,2,1,5,0,0,0,0,true,,false,false,false,false,false,,,,,,false,false,true,,,false,false,false,false,false,-83.09842,42.37379,"{
  ""coordinates"": [
    -8.309842133799999e+01,
    4.237378674900000e+01
  ],
  ""type"": ""Point""
}","{
  ""coordinates"": [
    -83.098421338,
    42.373786749
  ],
  ""type"": ""Point""
}",-83.098421338,42.373786749
10307,9323571,CONANT,GRIXDALE,2015-07-15,15,7,2015,22,4,97,9,,4,0,,1,1,4,35,2,2,1,5,0,0,0,0,true,,false,false,true,false,false,,,,,,false,true,false,,,false,false,false,false,false,-83.0704,42.42835,"{
  ""coordinates"": [
    -8.307040609500000e+01,
    4.242835417800010e+01
  ],
  ""type"": ""Point""
}","{
  ""coordinates"": [
    -83.070406095,
    42.428354178
  ],
  ""type"": ""Point""
}",-83.070406095,42.4283541780001
10308,9337397,WOODWARD,MACK,2015-07-15,15,7,2015,22,4,3,3,,1,0,,1,1,4,30,6,2,7,5,0,0,0,0,true,,false,false,false,false,false,,,,,,false,true,true,,,false,false,false,false,false,-83.05787,42.34738,"{
  ""coordinates"": [
    -8.305786797099999e+01,
    4.234737950400010e+01
  ],
  ""type"": ""Point""
}","{
  ""coordinates"": [
    -83.057867971,
    42.347379504
  ],
  ""type"": ""Point""
}",-83.057867971,42.3473795040001
10309,9330448,STAHELIN,8 MILE,2015-07-15,15,7,2015,15,4,2,3,,,2,,1,1,1,25,2,2,1,5,0,0,0,0,true,,false,false,false,false,false,,,,,,false,false,true,,,false,false,false,false,false,-83.2281,42.44389,"{
  ""coordinates"": [
    -8.322809625600000e+01,
    4.244388730400000e+01
  ],
  ""type"": ""Point""
}","{
  ""coordinates"": [
    -83.228096256,
    42.443887304
  ],
  ""type"": ""Point""
}",-83.228096256,42.443887304
10310,9323573,PALLISTER,2ND,2015-07-15,15,7,2015,9,4,4,9,,,0,,1,1,1,0,2,2,2,5,0,0,0,0,true,,false,false,false,false,false,,,,,,false,true,false,,,false,false,false,false,false,-83.07836,42.3721,"{
  ""coordinates"": [
    -8.307836029600000e+01,
    4.237210248600010e+01
  ],
  ""type"": ""Point""
}","{
  ""coordinates"": [
    -83.078360296,
    42.372102486
  ],
  ""type"": ""Point""
}",-83.078360296,42.3721024860001
10311,9324149,N I 375,RAMP 041D,2015-07-14,14,7,2015,7,3,1,1,,1,1,,1,1,1,55,5,1,1,5,0,0,0,0,true,,false,false,false,false,false,,,,,,false,false,true,,,false,false,false,false,false,-83.04277,42.34145,"{
  ""coordinates"": [
    -8.304276807300000e+01,
    4.234145012300010e+01
  ],
  ""type"": ""Point""
}","{
  ""coordinates"": [
    -83.042768073,
    42.341450123
  ],
  ""type"": ""Point""
}",-83.042768073,42.3414501230001
10312,9323330,N I 75,PIQUETTE,2015-07-14,14,7,2015,4,3,1,1,,1,1,,2,4,4,55,4,1,1,5,0,0,0,0,true,,false,false,false,false,false,,,,,,false,false,false,,,false,false,false,false,false,-83.05907,42.37109,"{
  ""coordinates"": [
    -8.305907777800000e+01,
    4.237109124600000e+01
  ],
  ""type"": ""Point""
}","{
  ""coordinates"": [
    -83.059077778,
    42.371091246
  ],
  ""type"": ""Point""
}",-83.059077778,42.371091246
10313,9323488,LODGE SERVICE,FOREST,2015-07-14,14,7,2015,9,3,8,3,,4,0,,1,2,1,35,2,2,2,5,0,0,0,0,true,,false,false,false,false,false,,,,,,false,false,false,,,false,false,false,false,false,-83.07173,42.35176,"{
  ""coordinates"": [
    -8.307173195400000e+01,
    4.235175745400010e+01
  ],
  ""type"": ""Point""
}","{
  ""coordinates"": [
    -83.071731954,
    42.351757454
  ],
  ""type"": ""Point""
}",-83.071731954,42.3517574540001
10314,9322332,SCHOENHERR,MANNING,2015-07-14,14,7,2015,12,3,4,9,,4,0,,1,1,1,30,2,2,2,5,0,0,0,0,true,,false,false,false,false,false,,,,,,false,false,false,,,false,false,false,false,false,-82.98534,42.44057,"{
  ""coordinates"": [
    -8.298533615199990e+01,
    4.244057305200000e+01
  ],
  ""type"": ""Point""
}","{
  ""coordinates"": [
    -82.985336152,
    42.440573052
  ],
  ""type"": ""Point""
}",-82.9853361519999,42.440573052
10315,9322233,W I 94,RAMP 213N,2015-07-14,14,7,2015,18,3,5,1,,1,0,,1,1,1,70,4,2,3,5,0,0,0,0,true,,false,false,false,false,false,,,,,,false,false,true,,,false,false,false,false,false,-83.10448,42.34854,"{
  ""coordinates"": [
    -8.310448042699990e+01,
    4.234853874800010e+01
  ],
  ""type"": ""Point""
}","{
  ""coordinates"": [
    -83.104480427,
    42.348538748
  ],
  ""type"": ""Point""
}",-83.1044804269999,42.3485387480001
10316,9322359,SPRINGWELLS,LAFAYETTE,2015-07-14,14,7,2015,13,3,8,9,,4,0,,1,1,1,25,2,2,4,5,0,0,0,0,true,,false,false,false,false,false,,,,,,false,false,true,,,false,false,false,false,false,-83.12027,42.30308,"{
  ""coordinates"": [
    -8.312026802799990e+01,
    4.230308212100000e+01
  ],
  ""type"": ""Point""
}","{
  ""coordinates"": [
    -83.120268028,
    42.303082121
  ],
  ""type"": ""Point""
}",-83.1202680279999,42.303082121
10317,9322372,WASHBURN,FLORENCE,2015-07-14,14,7,2015,23,3,5,9,,,0,,1,1,5,25,1,2,0,5,0,0,0,0,true,,false,false,true,false,false,,,,,,false,false,false,,,false,false,false,false,false,-83.16117,42.41206,"{
  ""coordinates"": [
    -8.316117097400000e+01,
    4.241206548000010e+01
  ],
  ""type"": ""Point""
}","{
  ""coordinates"": [
    -83.161170974,
    42.41206548
  ],
  ""type"": ""Point""
}",-83.161170974,42.4120654800001
10318,9320707,N M 39,OUTER,2015-07-14,14,7,2015,7,3,5,3,,1,0,,1,1,1,35,4,2,2,5,0,0,0,0,true,,false,false,true,false,false,,,,,,false,false,false,,,false,false,false,false,false,-83.2188,42.41893,"{
  ""coordinates"": [
    -8.321880529200000e+01,
    4.241892786800000e+01
  ],
  ""type"": ""Point""
}","{
  ""coordinates"": [
    -83.218805292,
    42.418927868
  ],
  ""type"": ""Point""
}",-83.218805292,42.418927868
10319,9323331,E/B I-94,WOODWARD,2015-07-14,14,7,2015,18,3,5,1,,1,0,,1,2,1,55,3,2,3,5,0,0,0,0,true,,false,false,true,false,false,,,,,,false,false,false,,,false,false,false,false,false,-83.06911,42.36344,"{
  ""coordinates"": [
    -8.306911071899999e+01,
    4.236344312700000e+01
  ],
  ""type"": ""Point""
}","{
  ""coordinates"": [
    -83.069110719,
    42.363443127
  ],
  ""type"": ""Point""
}",-83.069110719,42.363443127
10320,9320590,JEFFERSON,ALGONQUIN,2015-07-14,14,7,2015,11,3,8,9,,4,0,,1,1,1,35,7,2,3,5,0,0,0,0,true,,false,false,false,false,false,,,,,,false,true,true,,,false,false,false,false,false,-82.95638,42.37025,"{
  ""coordinates"": [
    -8.295638183599991e+01,
    4.237024943900010e+01
  ],
  ""type"": ""Point""
}","{
  ""coordinates"": [
    -82.956381836,
    42.370249439
  ],
  ""type"": ""Point""
}",-82.9563818359999,42.3702494390001
10321,9322226,EB I-96,WARREN,2015-07-14,14,7,2015,13,3,8,1,,1,0,,1,1,1,55,5,2,4,5,0,0,0,0,true,,false,false,false,false,false,,,,,,false,false,true,,,false,false,false,false,false,-83.0964,42.34559,"{
  ""coordinates"": [
    -8.309639360200001e+01,
    4.234558864800000e+01
  ],
  ""type"": ""Point""
}","{
  ""coordinates"": [
    -83.096393602,
    42.345588648
  ],
  ""type"": ""Point""
}",-83.096393602,42.345588648
10322,9322239,I94,I75,2015-07-14,14,7,2015,16,3,5,1,,1,0,,1,1,1,55,3,2,2,5,0,0,0,0,true,,false,false,true,false,false,,,,,,false,false,false,,,false,false,false,false,false,-83.06228,42.36648,"{
  ""coordinates"": [
    -8.306227904500000e+01,
    4.236647889100000e+01
  ],
  ""type"": ""Point""
}","{
  ""coordinates"": [
    -83.062279045,
    42.366478891
  ],
  ""type"": ""Point""
}",-83.062279045,42.366478891
10323,9324165,RAMP 139F,E I 96 CD,2015-07-14,14,7,2015,16,3,1,1,,1,1,,2,2,1,55,1,1,1,4,0,0,0,1,false,,false,false,false,false,false,,,,,,false,false,false,,,false,false,false,false,false,-83.15733,42.38497,"{
  ""coordinates"": [
    -8.315733105000000e+01,
    4.238497008700010e+01
  ],
  ""type"": ""Point""
}","{
  ""coordinates"": [
    -83.15733105,
    42.384970087
  ],
  ""type"": ""Point""
}",-83.15733105,42.3849700870001
10324,9322189,W I 96,FULLERTON,2015-07-14,14,7,2015,6,3,1,1,,1,1,,1,2,1,70,4,1,1,5,0,0,0,0,true,,false,false,false,false,false,,,,,,false,false,true,,,false,false,false,false,false,-83.14679,42.38129,"{
  ""coordinates"": [
    -8.314678934999991e+01,
    4.238129557300000e+01
  ],
  ""type"": ""Point""
}","{
  ""coordinates"": [
    -83.14678935,
    42.381295573
  ],
  ""type"": ""Point""
}",-83.1467893499999,42.381295573
10325,9325861,CONNER,SHOEMAKER,2015-07-14,14,7,2015,19,3,4,9,,4,0,,1,2,1,35,3,2,1,5,0,0,0,0,true,,false,false,true,false,false,,,,,,false,true,false,,,false,false,false,false,false,-82.98321,42.39294,"{
  ""coordinates"": [
    -8.298320721399990e+01,
    4.239293623700010e+01
  ],
  ""type"": ""Point""
}","{
  ""coordinates"": [
    -82.983207214,
    42.392936237
  ],
  ""type"": ""Point""
}",-82.9832072139999,42.3929362370001
10326,9324150,M-10,MILWAUKEE,2015-07-14,14,7,2015,16,3,5,3,,1,0,,2,4,1,55,3,3,3,2,0,1,0,1,false,,false,false,false,false,false,,,,,,false,false,true,,,false,false,false,false,false,-83.0805,42.36548,"{
  ""coordinates"": [
    -8.308049785199999e+01,
    4.236548163600000e+01
  ],
  ""type"": ""Point""
}","{
  ""coordinates"": [
    -83.080497852,
    42.365481636
  ],
  ""type"": ""Point""
}",-83.080497852,42.365481636
10327,9399028,SCHAEFER,LYNDON,2015-07-14,14,7,2015,7,3,6,9,,4,0,,1,1,1,35,4,2,3,5,0,0,0,0,true,,false,false,false,false,false,,,,,,false,true,true,,,false,false,false,false,false,-83.17879,42.39475,"{
  ""coordinates"": [
    -8.317878871600000e+01,
    4.239475037400010e+01
  ],
  ""type"": ""Point""
}","{
  ""coordinates"": [
    -83.178788716,
    42.394750374
  ],
  ""type"": ""Point""
}",-83.178788716,42.3947503740001
10328,9321509,CHICAGO,SORRENTO,2015-07-14,14,7,2015,3,3,5,9,,4,0,,1,1,5,35,2,2,1,4,0,0,0,1,false,,false,false,false,true,false,,,,,,false,false,false,,,false,false,false,false,false,-83.17162,42.36592,"{
  ""coordinates"": [
    -8.317161899500000e+01,
    4.236591934700000e+01
  ],
  ""type"": ""Point""
}","{
  ""coordinates"": [
    -83.171618995,
    42.365919347
  ],
  ""type"": ""Point""
}",-83.171618995,42.365919347