ObjectId,Crash ID,Primary Road,Intersecting Road,Crash Date,Day,Month,Year,Hour,Weekday,Crash Type Code,Highway Classification Code,Community Code,Jurisdiction Code,Lane Departure Type Code,Surface Type,Road Condition,Weather Condition,Lighting Condition,Speed Limit,Lanes,Units,Occupants,Most Severe Injury,Fatal Injuries,Suspected Serious Injuries,Suspected Minor Injuries,Possible Injuries,Property Damage Only,Secondary Crash,Traffic Control,Red Light Run,Hit and Run,Alcohol,Drugs,Unbelted Person,Work Zone,Speeding Driver,Distracted Driver,Driveway,Pedestrian,Elderly Driver,Young Driver,Commercial Vehicle,Emergency Vehicles,Train,School Bus,Motorcycle,Bicycle,Deer,Longitude,Latitude,geom,geog,x,y
10329,9323562,TROMBLEY,RUSSELL,2015-07-14,14,7,2015,7,3,1,9,,,1,,1,1,1,30,2,1,3,5,0,0,0,0,true,,false,false,false,false,false,,,,,,false,false,false,,,false,false,false,false,false,-83.0564,42.37344,"{
  ""coordinates"": [
    -8.305639441600000e+01,
    4.237344075500000e+01
  ],
  ""type"": ""Point""
}","{
  ""coordinates"": [
    -83.056394416,
    42.373440755
  ],
  ""type"": ""Point""
}",-83.056394416,42.373440755
10330,9322355,OTIS,JUNCTION,2015-07-14,14,7,2015,12,3,5,9,,,0,,1,1,1,25,2,2,0,5,0,0,0,0,true,,false,false,true,false,false,,,,,,false,false,false,,,false,false,false,false,false,-83.11314,42.32769,"{
  ""coordinates"": [
    -8.311314239799999e+01,
    4.232768825000010e+01
  ],
  ""type"": ""Point""
}","{
  ""coordinates"": [
    -83.113142398,
    42.32768825
  ],
  ""type"": ""Point""
}",-83.113142398,42.3276882500001
10331,9322231,I-94,I-75,2015-07-14,14,7,2015,2,3,1,1,,1,1,,1,1,4,55,3,1,1,3,0,0,1,0,false,,false,false,false,true,false,,,,,,false,false,true,,,false,false,false,false,false,-83.06232,42.36663,"{
  ""coordinates"": [
    -8.306231479000000e+01,
    4.236662798400000e+01
  ],
  ""type"": ""Point""
}","{
  ""coordinates"": [
    -83.06231479,
    42.366627984
  ],
  ""type"": ""Point""
}",-83.06231479,42.366627984
10332,9320601,ALTER,CHARLEVOIX,2015-07-14,14,7,2015,9,3,9,9,,4,2,,1,5,1,30,4,2,2,3,0,0,1,0,false,,false,false,false,false,false,,,,,,false,false,false,,,false,false,false,false,false,-82.94615,42.38493,"{
  ""coordinates"": [
    -8.294615255100000e+01,
    4.238492636500010e+01
  ],
  ""type"": ""Point""
}","{
  ""coordinates"": [
    -82.946152551,
    42.384926365
  ],
  ""type"": ""Point""
}",-82.946152551,42.3849263650001
10333,9322249,M-39,MCNICHOLS,2015-07-14,14,7,2015,9,3,6,3,,1,0,,1,2,1,55,3,2,2,5,0,0,0,0,true,,false,false,false,false,false,,,,,,false,false,false,,,false,false,false,false,false,-83.21889,42.41692,"{
  ""coordinates"": [
    -8.321889010300001e+01,
    4.241691523300010e+01
  ],
  ""type"": ""Point""
}","{
  ""coordinates"": [
    -83.218890103,
    42.416915233
  ],
  ""type"": ""Point""
}",-83.218890103,42.4169152330001
10334,9322232,W I 96,WYOMING,2015-07-14,14,7,2015,3,3,1,1,,1,1,,2,4,4,55,3,1,1,5,0,0,0,0,true,,false,false,false,false,false,,,,,,false,false,false,,,false,false,false,false,false,-83.15799,42.38541,"{
  ""coordinates"": [
    -8.315799278999999e+01,
    4.238541546700000e+01
  ],
  ""type"": ""Point""
}","{
  ""coordinates"": [
    -83.15799279,
    42.385415467
  ],
  ""type"": ""Point""
}",-83.15799279,42.385415467
10335,9320599,SCHAEFER,CHIPPEWA,2015-07-14,14,7,2015,0,3,5,9,,4,0,,1,1,4,30,2,2,1,4,0,0,0,1,false,,false,false,false,false,false,,,,,,false,false,false,,,false,false,false,false,false,-83.18084,42.44064,"{
  ""coordinates"": [
    -8.318083583700000e+01,
    4.244064072100010e+01
  ],
  ""type"": ""Point""
}","{
  ""coordinates"": [
    -83.180835837,
    42.440640721
  ],
  ""type"": ""Point""
}",-83.180835837,42.4406407210001
10336,9322228,I-94 WB,I-96,2015-07-14,14,7,2015,15,3,1,1,,1,0,,2,1,1,55,3,1,1,5,0,0,0,0,true,,false,false,false,false,false,,,,,,false,false,false,,,false,false,false,false,false,-83.10113,42.34959,"{
  ""coordinates"": [
    -8.310113122999999e+01,
    4.234958782300000e+01
  ],
  ""type"": ""Point""
}","{
  ""coordinates"": [
    -83.10113123,
    42.349587823
  ],
  ""type"": ""Point""
}",-83.10113123,42.349587823
10337,9322336,E I 96 SERVICE DRIVE,GRAND RIVER,2015-07-14,14,7,2015,15,3,5,1,,1,0,,1,1,1,55,1,2,1,5,0,0,0,0,true,,false,false,true,false,false,,,,,,false,false,false,,,false,false,false,false,false,-83.17521,42.3833,"{
  ""coordinates"": [
    -8.317520584200000e+01,
    4.238329763900000e+01
  ],
  ""type"": ""Point""
}","{
  ""coordinates"": [
    -83.175205842,
    42.383297639
  ],
  ""type"": ""Point""
}",-83.175205842,42.383297639
10338,9322190,N I 75,3RD,2015-07-14,14,7,2015,7,3,8,1,,1,0,,1,1,1,55,3,2,1,5,0,0,0,0,true,,false,false,true,false,false,,,,,,false,false,true,,,false,false,false,false,false,-83.0601,42.33619,"{
  ""coordinates"": [
    -8.306010812400000e+01,
    4.233618507100000e+01
  ],
  ""type"": ""Point""
}","{
  ""coordinates"": [
    -83.060108124,
    42.336185071
  ],
  ""type"": ""Point""
}",-83.060108124,42.336185071
10339,9324835,I-96,M-39,2015-07-14,14,7,2015,6,3,5,1,,1,0,,2,2,1,55,3,2,0,5,0,0,0,0,true,,false,false,true,false,false,,,,,,false,false,false,,,false,false,false,false,false,-83.20715,42.37906,"{
  ""coordinates"": [
    -8.320714667000000e+01,
    4.237906268800000e+01
  ],
  ""type"": ""Point""
}","{
  ""coordinates"": [
    -83.20714667,
    42.379062688
  ],
  ""type"": ""Point""
}",-83.20714667,42.379062688
10340,9322371,W M 8,S M 10,2015-07-14,14,7,2015,16,3,5,3,,1,0,,1,1,1,55,1,2,3,5,0,0,0,0,true,,false,false,true,false,false,,,,,,false,false,false,,,false,false,false,false,false,-83.11065,42.39807,"{
  ""coordinates"": [
    -8.311064610100000e+01,
    4.239806761400010e+01
  ],
  ""type"": ""Point""
}","{
  ""coordinates"": [
    -83.110646101,
    42.398067614
  ],
  ""type"": ""Point""
}",-83.110646101,42.3980676140001
10341,9325920,DICKERSON,FOREST,2015-07-14,14,7,2015,13,3,97,9,,4,0,,1,1,1,25,2,2,2,5,0,0,0,0,true,,false,false,false,false,false,,,,,,false,false,false,,,false,false,false,false,false,-82.96605,42.39104,"{
  ""coordinates"": [
    -8.296604641899999e+01,
    4.239104104900010e+01
  ],
  ""type"": ""Point""
}","{
  ""coordinates"": [
    -82.966046419,
    42.391041049
  ],
  ""type"": ""Point""
}",-82.966046419,42.3910410490001
10342,9320640,MARGARETA,STRATHMOOR,2015-07-14,14,7,2015,12,3,97,9,,,0,,1,1,1,15,3,2,0,5,0,0,0,0,true,,false,false,true,false,false,,,,,,false,false,false,,,false,false,false,false,false,-83.18891,42.42715,"{
  ""coordinates"": [
    -8.318891501699990e+01,
    4.242714619100010e+01
  ],
  ""type"": ""Point""
}","{
  ""coordinates"": [
    -83.188915017,
    42.427146191
  ],
  ""type"": ""Point""
}",-83.1889150169999,42.4271461910001
10343,9323481,GRATIOT,CHENE,2015-07-14,14,7,2015,16,3,5,3,,1,0,,2,4,1,35,3,2,5,4,0,0,0,1,false,,false,false,false,false,false,,,,,,false,false,false,,,false,false,false,false,false,-83.03205,42.35247,"{
  ""coordinates"": [
    -8.303205488499999e+01,
    4.235246725000010e+01
  ],
  ""type"": ""Point""
}","{
  ""coordinates"": [
    -83.032054885,
    42.35246725
  ],
  ""type"": ""Point""
}",-83.032054885,42.3524672500001
10344,9322358,CROSSLEY,JEFFERSON,2015-07-14,14,7,2015,14,3,97,9,,,0,,1,1,1,25,3,2,2,5,0,0,0,0,true,,false,false,true,false,false,,,,,,false,true,false,,,false,false,false,false,false,-83.11048,42.29378,"{
  ""coordinates"": [
    -8.311048145599990e+01,
    4.229377728800010e+01
  ],
  ""type"": ""Point""
}","{
  ""coordinates"": [
    -83.110481456,
    42.293777288
  ],
  ""type"": ""Point""
}",-83.1104814559999,42.2937772880001
10345,9320627,SEVEN MILE,MURRAY,2015-07-14,14,7,2015,18,3,8,9,,2,0,,1,1,1,35,4,2,2,5,0,0,0,0,true,,false,false,false,false,false,,,,,,false,false,true,,,false,false,false,false,false,-83.20818,42.4303,"{
  ""coordinates"": [
    -8.320818017499990e+01,
    4.243029814100000e+01
  ],
  ""type"": ""Point""
}","{
  ""coordinates"": [
    -83.208180175,
    42.430298141
  ],
  ""type"": ""Point""
}",-83.2081801749999,42.430298141
10346,9320641,RAMP 049A,N I 75 SERVICE DRIVE,2015-07-14,14,7,2015,13,3,5,1,,1,0,,1,1,1,35,1,2,1,5,0,0,0,0,true,,false,false,true,false,false,,,,,,false,false,false,,,false,false,false,false,false,-83.09399,42.43066,"{
  ""coordinates"": [
    -8.309399398300000e+01,
    4.243065689300000e+01
  ],
  ""type"": ""Point""
}","{
  ""coordinates"": [
    -83.093993983,
    42.430656893
  ],
  ""type"": ""Point""
}",-83.093993983,42.430656893
10347,9320623,MINOCK,DAYTON,2015-07-14,14,7,2015,15,3,1,9,,,1,,1,2,1,25,2,1,4,5,0,0,0,0,true,,false,false,false,false,false,,,,,,false,false,false,,,false,false,false,false,false,-83.23138,42.33427,"{
  ""coordinates"": [
    -8.323138061899991e+01,
    4.233426636800000e+01
  ],
  ""type"": ""Point""
}","{
  ""coordinates"": [
    -83.231380619,
    42.334266368
  ],
  ""type"": ""Point""
}",-83.2313806189999,42.334266368
10348,9322177,SB I-75,SPRINGWELLS,2015-07-14,14,7,2015,17,3,5,1,,1,0,,2,2,1,70,3,2,2,5,0,0,0,0,true,,false,false,false,false,false,,,,,,false,false,false,,,false,false,false,false,false,-83.12362,42.29866,"{
  ""coordinates"": [
    -8.312361565499999e+01,
    4.229866526900000e+01
  ],
  ""type"": ""Point""
}","{
  ""coordinates"": [
    -83.123615655,
    42.298665269
  ],
  ""type"": ""Point""
}",-83.123615655,42.298665269
10349,9320629,DAVISON,STOEPEL,2015-07-14,14,7,2015,10,3,8,3,,1,0,,1,1,1,25,6,2,3,5,0,0,0,0,true,,false,false,false,false,false,,,,,,false,false,false,,,false,false,false,false,false,-83.14034,42.38665,"{
  ""coordinates"": [
    -8.314033552399999e+01,
    4.238664553400000e+01
  ],
  ""type"": ""Point""
}","{
  ""coordinates"": [
    -83.140335524,
    42.386645534
  ],
  ""type"": ""Point""
}",-83.140335524,42.386645534
10350,9324921,CAMDEN,NEWPORT,2015-07-14,14,7,2015,21,3,97,9,,,0,,1,1,4,25,2,2,2,5,0,0,0,0,true,,false,false,true,false,false,,,,,,false,false,false,,,false,false,false,false,false,-82.96884,42.40626,"{
  ""coordinates"": [
    -8.296884047700000e+01,
    4.240626225100000e+01
  ],
  ""type"": ""Point""
}","{
  ""coordinates"": [
    -82.968840477,
    42.406262251
  ],
  ""type"": ""Point""
}",-82.968840477,42.406262251
10351,9321512,CONANT,7 MILE,2015-07-14,14,7,2015,20,3,7,9,,4,0,,2,4,3,35,2,2,6,3,0,0,1,0,false,,false,false,false,false,false,,,,,,false,false,true,,,false,false,false,false,false,-83.07401,42.43341,"{
  ""coordinates"": [
    -8.307401588600000e+01,
    4.243341480500000e+01
  ],
  ""type"": ""Point""
}","{
  ""coordinates"": [
    -83.074015886,
    42.433414805
  ],
  ""type"": ""Point""
}",-83.074015886,42.433414805
10352,9330414,WARREN,LONGACRE,2015-07-14,14,7,2015,12,3,4,9,,2,0,,1,1,1,35,6,2,2,4,0,0,0,2,false,,false,false,false,false,false,,,,,,false,false,true,,,false,false,false,false,false,-83.21362,42.34341,"{
  ""coordinates"": [
    -8.321362165499990e+01,
    4.234340764300000e+01
  ],
  ""type"": ""Point""
}","{
  ""coordinates"": [
    -83.213621655,
    42.343407643
  ],
  ""type"": ""Point""
}",-83.2136216549999,42.343407643
10353,9320618,JEFFERSON,ST JEAN,2015-07-14,14,7,2015,18,3,3,9,,4,0,,1,2,1,35,6,3,3,5,0,0,0,0,true,,false,false,false,false,false,,,,,,false,false,true,,,false,false,false,false,false,-82.9706,42.36698,"{
  ""coordinates"": [
    -8.297060239900000e+01,
    4.236698061300010e+01
  ],
  ""type"": ""Point""
}","{
  ""coordinates"": [
    -82.970602399,
    42.366980613
  ],
  ""type"": ""Point""
}",-82.970602399,42.3669806130001
10354,9324175,NB I-75,DEARBORN,2015-07-14,14,7,2015,8,3,8,1,,1,0,,1,2,1,55,4,2,1,5,0,0,0,0,true,,false,false,true,false,false,,,,,,false,false,false,,,false,false,false,false,false,-83.12875,42.29173,"{
  ""coordinates"": [
    -8.312875293099999e+01,
    4.229173466000000e+01
  ],
  ""type"": ""Point""
}","{
  ""coordinates"": [
    -83.128752931,
    42.29173466
  ],
  ""type"": ""Point""
}",-83.128752931,42.29173466
10355,9324166,RAMP 008K,S M 39,2015-07-14,14,7,2015,16,3,5,1,,1,0,,1,2,1,55,1,2,3,5,0,0,0,0,true,,false,false,false,false,false,,,,,,false,false,true,,,false,false,false,false,false,-83.21695,42.37424,"{
  ""coordinates"": [
    -8.321695251100000e+01,
    4.237424232500010e+01
  ],
  ""type"": ""Point""
}","{
  ""coordinates"": [
    -83.216952511,
    42.374242325
  ],
  ""type"": ""Point""
}",-83.216952511,42.3742423250001
10356,9320592,BEWICK,WARREN,2015-07-14,14,7,2015,5,3,9,9,,,2,,2,4,5,25,1,2,0,5,0,0,0,0,true,,false,false,true,false,false,,,,,,false,false,false,,,false,false,false,false,false,-82.99023,42.37668,"{
  ""coordinates"": [
    -8.299022999999990e+01,
    4.237668332500000e+01
  ],
  ""type"": ""Point""
}","{
  ""coordinates"": [
    -82.99023,
    42.376683325
  ],
  ""type"": ""Point""
}",-82.9902299999999,42.376683325
10357,9371577,MICHIGAN,LIVERNOIS,2015-07-14,14,7,2015,22,3,5,2,,1,0,,1,2,4,35,3,2,1,5,0,0,0,0,true,,false,false,true,false,false,,,,,,false,false,false,,,false,false,false,false,false,-83.12051,42.33111,"{
  ""coordinates"": [
    -8.312050530099999e+01,
    4.233111103800010e+01
  ],
  ""type"": ""Point""
}","{
  ""coordinates"": [
    -83.120505301,
    42.331111038
  ],
  ""type"": ""Point""
}",-83.120505301,42.3311110380001
10358,9353399,GRAND RIVER,OUTER,2015-07-14,14,7,2015,11,3,8,3,,1,0,,1,1,1,35,3,2,2,5,0,0,0,0,true,,false,false,false,false,false,,,,,,false,false,false,,,false,false,false,false,false,-83.25767,42.4165,"{
  ""coordinates"": [
    -8.325766931699999e+01,
    4.241650117100000e+01
  ],
  ""type"": ""Point""
}","{
  ""coordinates"": [
    -83.257669317,
    42.416501171
  ],
  ""type"": ""Point""
}",-83.257669317,42.416501171
10359,9322357,CECIL,HORATIO,2015-07-14,14,7,2015,12,3,97,9,,4,0,,1,1,1,25,3,2,4,5,0,0,0,0,true,,false,false,false,false,false,,,,,,false,false,true,,,false,false,false,false,false,-83.13282,42.33232,"{
  ""coordinates"": [
    -8.313281979000000e+01,
    4.233232445900010e+01
  ],
  ""type"": ""Point""
}","{
  ""coordinates"": [
    -83.13281979,
    42.332324459
  ],
  ""type"": ""Point""
}",-83.13281979,42.3323244590001
10360,9320631,VAN DYKE,DOYLE,2015-07-14,14,7,2015,9,3,97,3,,1,0,,1,1,1,35,4,2,3,5,0,0,0,0,true,,false,false,false,false,false,,,,,,false,false,false,,,false,false,false,false,false,-83.0236,42.41678,"{
  ""coordinates"": [
    -8.302359998000000e+01,
    4.241678121500010e+01
  ],
  ""type"": ""Point""
}","{
  ""coordinates"": [
    -83.02359998,
    42.416781215
  ],
  ""type"": ""Point""
}",-83.02359998,42.4167812150001
10361,9320621,PENROD,PAUL,2015-07-14,14,7,2015,14,3,97,9,,,0,,1,2,1,35,4,2,1,5,0,0,0,0,true,,false,false,true,false,false,,,,,,false,false,false,,,false,false,false,false,false,-83.21935,42.33746,"{
  ""coordinates"": [
    -8.321934893299991e+01,
    4.233746120500010e+01
  ],
  ""type"": ""Point""
}","{
  ""coordinates"": [
    -83.219348933,
    42.337461205
  ],
  ""type"": ""Point""
}",-83.2193489329999,42.3374612050001
10362,9399027,WYOMING,LYNDON,2015-07-14,14,7,2015,7,3,1,9,,4,0,,1,1,1,30,5,1,1,5,0,0,0,0,true,,false,false,false,false,false,,,,,,false,false,false,,,false,false,false,false,false,-83.15934,42.39522,"{
  ""coordinates"": [
    -8.315934252600000e+01,
    4.239521902100010e+01
  ],
  ""type"": ""Point""
}","{
  ""coordinates"": [
    -83.159342526,
    42.395219021
  ],
  ""type"": ""Point""
}",-83.159342526,42.3952190210001
10363,9347124,WARD,CHIPPEWA,2015-07-14,14,7,2015,15,3,8,9,,,0,,2,2,1,25,1,2,1,5,0,0,0,0,true,,false,false,true,false,false,,,,,,false,false,false,,,false,false,false,false,false,-83.17544,42.44103,"{
  ""coordinates"": [
    -8.317544019199990e+01,
    4.244103103400000e+01
  ],
  ""type"": ""Point""
}","{
  ""coordinates"": [
    -83.175440192,
    42.441031034
  ],
  ""type"": ""Point""
}",-83.1754401919999,42.441031034
10364,9324162,EB I-94,M-10,2015-07-14,14,7,2015,11,3,8,1,,1,0,,1,1,1,55,3,2,3,4,0,0,0,1,false,,false,false,false,false,false,,,,,,false,false,false,,,false,false,false,false,false,-83.078,42.35782,"{
  ""coordinates"": [
    -8.307799746700000e+01,
    4.235782116000010e+01
  ],
  ""type"": ""Point""
}","{
  ""coordinates"": [
    -83.077997467,
    42.35782116
  ],
  ""type"": ""Point""
}",-83.077997467,42.3578211600001
10365,9321496,HAYES,HOUSTON WHITTIER,2015-07-14,14,7,2015,20,3,2,9,,4,0,,2,1,2,35,2,2,2,5,0,0,0,0,true,,false,false,false,false,false,,,,,,false,false,true,,,false,false,false,false,false,-82.96503,42.42076,"{
  ""coordinates"": [
    -8.296502603899999e+01,
    4.242075909800010e+01
  ],
  ""type"": ""Point""
}","{
  ""coordinates"": [
    -82.965026039,
    42.420759098
  ],
  ""type"": ""Point""
}",-82.965026039,42.4207590980001
10366,9322176,NB I-75,7 MILE,2015-07-14,14,7,2015,16,3,5,1,,1,0,,2,1,1,70,4,2,2,5,0,0,0,0,true,,false,false,false,false,false,,,,,,false,false,true,,,false,false,false,false,false,-83.09482,42.43683,"{
  ""coordinates"": [
    -8.309481888200000e+01,
    4.243683313900000e+01
  ],
  ""type"": ""Point""
}","{
  ""coordinates"": [
    -83.094818882,
    42.436833139
  ],
  ""type"": ""Point""
}",-83.094818882,42.436833139
10367,9321505,STURTEVANT,BROADSTREET,2015-07-14,14,7,2015,8,3,2,9,,,0,,1,2,1,25,2,2,3,5,0,0,0,0,true,,false,false,false,false,false,,,,,,false,false,false,,,false,false,false,false,false,-83.13503,42.38138,"{
  ""coordinates"": [
    -8.313502553900000e+01,
    4.238137697500010e+01
  ],
  ""type"": ""Point""
}","{
  ""coordinates"": [
    -83.135025539,
    42.381376975
  ],
  ""type"": ""Point""
}",-83.135025539,42.3813769750001
10368,9646692,PLYMOUTH,STEEL,2015-07-14,14,7,2015,0,3,8,9,,4,0,,1,1,4,35,4,2,1,5,0,0,0,0,true,,false,false,false,false,false,,,,,,false,false,false,,,false,false,false,false,false,-83.17043,42.37318,"{
  ""coordinates"": [
    -8.317042994500000e+01,
    4.237317834900010e+01
  ],
  ""type"": ""Point""
}","{
  ""coordinates"": [
    -83.170429945,
    42.373178349
  ],
  ""type"": ""Point""
}",-83.170429945,42.3731783490001
10369,9322224,N M 39,GRAND RIVER,2015-07-14,14,7,2015,6,3,1,3,,1,1,,2,2,2,55,3,1,1,5,0,0,0,0,true,,false,false,false,false,false,,,,,,false,false,false,,,false,false,false,false,false,-83.21816,42.39923,"{
  ""coordinates"": [
    -8.321815924299990e+01,
    4.239923550300010e+01
  ],
  ""type"": ""Point""
}","{
  ""coordinates"": [
    -83.218159243,
    42.399235503
  ],
  ""type"": ""Point""
}",-83.2181592429999,42.3992355030001
10370,9320596,SCHAEFER,SANTA MARIA,2015-07-14,14,7,2015,17,3,5,9,,4,0,,1,1,1,30,4,2,2,5,0,0,0,0,true,,false,false,true,false,false,,,,,,false,false,false,,,false,false,false,false,false,-83.17987,42.41821,"{
  ""coordinates"": [
    -8.317987414600000e+01,
    4.241820970800010e+01
  ],
  ""type"": ""Point""
}","{
  ""coordinates"": [
    -83.179874146,
    42.418209708
  ],
  ""type"": ""Point""
}",-83.179874146,42.4182097080001
10371,9324208,I-75,WARREN,2015-07-14,14,7,2015,16,3,5,1,,1,0,,1,1,1,55,4,2,3,5,0,0,0,0,true,,false,false,false,false,false,,,,,,false,false,false,,,false,false,false,false,false,-83.05249,42.35823,"{
  ""coordinates"": [
    -8.305249016999990e+01,
    4.235823210000010e+01
  ],
  ""type"": ""Point""
}","{
  ""coordinates"": [
    -83.05249017,
    42.3582321
  ],
  ""type"": ""Point""
}",-83.0524901699999,42.3582321000001
10372,9321497,HOOVER,STATE FAIR,2015-07-14,14,7,2015,17,3,9,3,,1,0,,1,2,1,30,2,2,2,5,0,0,0,0,true,,false,false,false,false,false,,,,,,false,false,false,,,false,false,false,false,false,-83.00495,42.44168,"{
  ""coordinates"": [
    -8.300495437200000e+01,
    4.244168008700010e+01
  ],
  ""type"": ""Point""
}","{
  ""coordinates"": [
    -83.004954372,
    42.441680087
  ],
  ""type"": ""Point""
}",-83.004954372,42.4416800870001
10373,9325935,EDMORE,HAYES,2015-07-14,14,7,2015,16,3,1,9,,,0,,2,1,1,25,1,1,1,5,0,0,0,0,true,,false,false,false,false,false,,,,,,false,false,false,,,false,false,false,false,false,-82.96624,42.44719,"{
  ""coordinates"": [
    -8.296624327900000e+01,
    4.244719293200010e+01
  ],
  ""type"": ""Point""
}","{
  ""coordinates"": [
    -82.966243279,
    42.447192932
  ],
  ""type"": ""Point""
}",-82.966243279,42.4471929320001
10374,9320620,7 MILE,FAUST,2015-07-14,14,7,2015,22,3,5,9,,2,0,,1,1,4,35,4,2,1,4,0,0,0,1,false,,false,false,true,false,false,,,,,,false,false,false,,,false,false,false,false,false,-83.22419,42.42992,"{
  ""coordinates"": [
    -8.322419265000001e+01,
    4.242992090100010e+01
  ],
  ""type"": ""Point""
}","{
  ""coordinates"": [
    -83.22419265,
    42.429920901
  ],
  ""type"": ""Point""
}",-83.22419265,42.4299209010001
10375,9322234,GRAND RIVER,SOUTHFIELD SERVICE DRIVE,2015-07-14,14,7,2015,19,3,1,3,,1,1,,1,1,1,35,4,1,1,5,0,0,0,0,true,,false,false,false,false,false,,,,,,false,false,false,,,false,false,false,false,false,-83.21784,42.40052,"{
  ""coordinates"": [
    -8.321784451799989e+01,
    4.240052244200010e+01
  ],
  ""type"": ""Point""
}","{
  ""coordinates"": [
    -83.217844518,
    42.400522442
  ],
  ""type"": ""Point""
}",-83.2178445179999,42.4005224420001
10376,9322162,I-96,TELEGRAPH,2015-07-14,14,7,2015,19,3,1,1,,1,1,,1,1,1,70,4,1,1,2,0,1,0,0,false,,false,false,false,false,false,,,,,,false,false,false,,,false,false,false,false,false,-83.27115,42.38563,"{
  ""coordinates"": [
    -8.327114726799989e+01,
    4.238562720300010e+01
  ],
  ""type"": ""Point""
}","{
  ""coordinates"": [
    -83.271147268,
    42.385627203
  ],
  ""type"": ""Point""
}",-83.2711472679999,42.3856272030001
10377,9320598,7 MILE,WYOMING,2015-07-14,14,7,2015,12,3,5,9,,2,0,,1,1,1,35,2,2,3,5,0,0,0,0,true,,false,false,true,false,false,,,,,,false,false,true,,,false,false,false,false,false,-83.16097,42.43135,"{
  ""coordinates"": [
    -8.316097590100000e+01,
    4.243134542100010e+01
  ],
  ""type"": ""Point""
}","{
  ""coordinates"": [
    -83.160975901,
    42.431345421
  ],
  ""type"": ""Point""
}",-83.160975901,42.4313454210001
10378,9320634,EIGHT MILE,STOEPEL,2015-07-13,13,7,2015,7,2,7,3,,1,0,,1,1,2,40,4,2,2,5,0,0,0,0,true,,false,false,false,false,false,,,,,,false,false,false,,,false,false,false,false,false,-83.14289,42.44606,"{
  ""coordinates"": [
    -8.314289236400001e+01,
    4.244606376100010e+01
  ],
  ""type"": ""Point""
}","{
  ""coordinates"": [
    -83.142892364,
    42.446063761
  ],
  ""type"": ""Point""
}",-83.142892364,42.4460637610001
10379,9322341,LYNDON,WHITCOMB,2015-07-13,13,7,2015,19,2,4,9,,4,0,,1,1,1,35,2,2,5,3,0,0,1,3,false,,true,false,false,false,false,,,,,,false,false,true,,,false,false,false,false,false,-83.19597,42.39434,"{
  ""coordinates"": [
    -8.319596645500000e+01,
    4.239433640500000e+01
  ],
  ""type"": ""Point""
}","{
  ""coordinates"": [
    -83.195966455,
    42.394336405
  ],
  ""type"": ""Point""
}",-83.195966455,42.394336405
10380,9320619,7 MILE,GLASTONBURY,2015-07-13,13,7,2015,18,2,5,9,,2,0,,1,1,1,35,2,2,2,4,0,0,0,1,false,,false,false,false,false,false,,,,,,false,true,false,,,false,false,false,false,false,-83.22294,42.42995,"{
  ""coordinates"": [
    -8.322293958700000e+01,
    4.242994585000010e+01
  ],
  ""type"": ""Point""
}","{
  ""coordinates"": [
    -83.222939587,
    42.42994585
  ],
  ""type"": ""Point""
}",-83.222939587,42.4299458500001
10381,9325925,GRATIOT,CHENE,2015-07-13,13,7,2015,18,2,5,3,,1,0,,1,1,1,35,7,2,16,5,0,0,0,0,true,,false,false,true,false,false,,,,,,false,false,false,,,false,false,false,false,false,-83.032,42.35255,"{
  ""coordinates"": [
    -8.303199527399990e+01,
    4.235255605900010e+01
  ],
  ""type"": ""Point""
}","{
  ""coordinates"": [
    -83.031995274,
    42.352556059
  ],
  ""type"": ""Point""
}",-83.0319952739999,42.3525560590001
10382,9320626,TELEGRAPH,8 MILE,2015-07-13,13,7,2015,8,2,5,2,,4,0,,1,1,1,35,1,2,2,5,0,0,0,0,true,,false,false,false,false,false,,,,,,false,false,true,,,false,false,false,false,false,-83.27829,42.44274,"{
  ""coordinates"": [
    -8.327829317399990e+01,
    4.244273789300010e+01
  ],
  ""type"": ""Point""
}","{
  ""coordinates"": [
    -83.278293174,
    42.442737893
  ],
  ""type"": ""Point""
}",-83.2782931739999,42.4427378930001
10383,9322363,WARREN,SAINT JEAN,2015-07-13,13,7,2015,10,2,5,9,,4,0,,1,1,1,30,5,2,1,5,0,0,0,0,true,,false,false,true,false,false,,,,,,false,false,false,,,false,false,false,false,false,-82.98384,42.38726,"{
  ""coordinates"": [
    -8.298384086199999e+01,
    4.238726480500000e+01
  ],
  ""type"": ""Point""
}","{
  ""coordinates"": [
    -82.983840862,
    42.387264805
  ],
  ""type"": ""Point""
}",-82.983840862,42.387264805
10384,9337618,8 MILE,SCHAEFER,2015-07-13,13,7,2015,1,2,1,3,,1,1,,1,1,4,40,9,1,1,5,0,0,0,0,true,,false,false,false,false,false,,,,,,false,false,false,,,false,false,false,false,false,-83.18076,42.44519,"{
  ""coordinates"": [
    -8.318075471400000e+01,
    4.244519464900000e+01
  ],
  ""type"": ""Point""
}","{
  ""coordinates"": [
    -83.180754714,
    42.445194649
  ],
  ""type"": ""Point""
}",-83.180754714,42.445194649