ObjectId,Crash ID,Primary Road,Intersecting Road,Crash Date,Day,Month,Year,Hour,Weekday,Crash Type Code,Highway Classification Code,Community Code,Jurisdiction Code,Lane Departure Type Code,Surface Type,Road Condition,Weather Condition,Lighting Condition,Speed Limit,Lanes,Units,Occupants,Most Severe Injury,Fatal Injuries,Suspected Serious Injuries,Suspected Minor Injuries,Possible Injuries,Property Damage Only,Secondary Crash,Traffic Control,Red Light Run,Hit and Run,Alcohol,Drugs,Unbelted Person,Work Zone,Speeding Driver,Distracted Driver,Driveway,Pedestrian,Elderly Driver,Young Driver,Commercial Vehicle,Emergency Vehicles,Train,School Bus,Motorcycle,Bicycle,Deer,Longitude,Latitude,geom,geog,x,y
10442,9320602,FAIRFIELD,GROVE,2015-07-13,13,7,2015,18,2,8,9,,,0,,1,1,1,25,2,2,2,5,0,0,0,0,true,,false,false,true,false,false,,,,,,false,false,true,,,false,false,false,false,false,-83.13519,42.41485,"{
  ""coordinates"": [
    -8.313518576900000e+01,
    4.241484802100010e+01
  ],
  ""type"": ""Point""
}","{
  ""coordinates"": [
    -83.135185769,
    42.414848021
  ],
  ""type"": ""Point""
}",-83.135185769,42.4148480210001
10443,9324297,EPWORTH,LINSDALE,2015-07-13,13,7,2015,1,2,97,9,,4,0,,1,1,4,25,2,2,2,5,0,0,0,0,true,,false,false,true,false,false,,,,,,false,false,false,,,false,false,false,false,false,-83.13388,42.35771,"{
  ""coordinates"": [
    -8.313388429600001e+01,
    4.235770825800010e+01
  ],
  ""type"": ""Point""
}","{
  ""coordinates"": [
    -83.133884296,
    42.357708258
  ],
  ""type"": ""Point""
}",-83.133884296,42.3577082580001
10444,9408640,W I 94,OUTER,2015-07-12,12,7,2015,1,1,6,1,,1,0,,1,1,4,30,3,2,2,5,0,0,0,0,true,,false,false,true,false,false,,,,,,false,false,true,,,false,false,false,false,false,-82.96001,42.40514,"{
  ""coordinates"": [
    -8.296000860299991e+01,
    4.240514299400010e+01
  ],
  ""type"": ""Point""
}","{
  ""coordinates"": [
    -82.960008603,
    42.405142994
  ],
  ""type"": ""Point""
}",-82.9600086029999,42.4051429940001
10445,9353530,GREENFIELD,MARGARETA,2015-07-12,12,7,2015,0,1,1,9,,2,0,,1,1,4,35,4,2,1,4,0,0,0,1,false,,false,false,false,true,false,,,,,,true,false,false,,,false,false,false,false,false,-83.19975,42.42732,"{
  ""coordinates"": [
    -8.319974322900001e+01,
    4.242732077200000e+01
  ],
  ""type"": ""Point""
}","{
  ""coordinates"": [
    -83.199743229,
    42.427320772
  ],
  ""type"": ""Point""
}",-83.199743229,42.427320772
10446,9321495,HARPER,IROQUOIS,2015-07-12,12,7,2015,14,1,2,9,,4,2,,1,1,1,35,2,2,1,4,0,0,0,1,false,,false,false,true,false,false,,,,,,false,false,false,,,false,false,false,false,false,-83.0176,42.38946,"{
  ""coordinates"": [
    -8.301760305099999e+01,
    4.238946175500010e+01
  ],
  ""type"": ""Point""
}","{
  ""coordinates"": [
    -83.017603051,
    42.389461755
  ],
  ""type"": ""Point""
}",-83.017603051,42.3894617550001
10447,9324317,WOODWARD,7 MILE,2015-07-12,12,7,2015,20,1,1,3,,1,1,,1,1,1,40,5,1,1,1,1,0,0,0,false,,false,false,false,true,false,,,,,,false,false,false,,,false,false,true,false,false,-83.11558,42.43236,"{
  ""coordinates"": [
    -8.311557836299990e+01,
    4.243236160100000e+01
  ],
  ""type"": ""Point""
}","{
  ""coordinates"": [
    -83.115578363,
    42.432361601
  ],
  ""type"": ""Point""
}",-83.1155783629999,42.432361601
10448,9319154,FLORENCE,MEYERS,2015-07-12,12,7,2015,1,1,1,9,,,1,,1,1,4,25,2,1,1,5,0,0,0,0,true,,false,false,false,true,false,,,,,,false,false,false,,,false,false,false,false,false,-83.16998,42.41197,"{
  ""coordinates"": [
    -8.316997233799999e+01,
    4.241196797300010e+01
  ],
  ""type"": ""Point""
}","{
  ""coordinates"": [
    -83.169972338,
    42.411967973
  ],
  ""type"": ""Point""
}",-83.169972338,42.4119679730001
10449,9319148,CONNER,VERNOR,2015-07-12,12,7,2015,11,1,1,9,,4,1,,1,2,1,30,7,1,1,5,0,0,0,0,true,,false,false,false,false,false,,,,,,false,false,false,,,false,false,false,false,false,-82.96277,42.37593,"{
  ""coordinates"": [
    -8.296276487800000e+01,
    4.237593245500010e+01
  ],
  ""type"": ""Point""
}","{
  ""coordinates"": [
    -82.962764878,
    42.375932455
  ],
  ""type"": ""Point""
}",-82.962764878,42.3759324550001
10450,9390424,1755 LIVERNOIS,VERNOR,2015-07-12,12,7,2015,23,1,8,9,,4,0,,1,1,4,30,3,2,1,5,0,0,0,0,true,,false,false,false,false,false,,,,,,false,false,true,,,false,false,false,false,false,-83.10997,42.31561,"{
  ""coordinates"": [
    -8.310996965100000e+01,
    4.231561227600000e+01
  ],
  ""type"": ""Point""
}","{
  ""coordinates"": [
    -83.109969651,
    42.315612276
  ],
  ""type"": ""Point""
}",-83.109969651,42.315612276
10451,9320501,S/B M-10,DAVISON,2015-07-12,12,7,2015,16,1,1,3,,1,1,,7,1,1,55,3,1,1,5,0,0,0,0,true,,false,false,false,false,false,,,,,,false,false,false,,,false,false,false,false,false,-83.11121,42.39854,"{
  ""coordinates"": [
    -8.311121125699999e+01,
    4.239854468700000e+01
  ],
  ""type"": ""Point""
}","{
  ""coordinates"": [
    -83.111211257,
    42.398544687
  ],
  ""type"": ""Point""
}",-83.111211257,42.398544687
10452,9319943,WARREN,ARCHDALE,2015-07-12,12,7,2015,8,1,97,9,,2,0,,1,1,1,25,2,2,1,5,0,0,0,0,true,,false,false,true,false,false,,,,,,false,false,false,,,false,false,false,false,false,-83.21478,42.34339,"{
  ""coordinates"": [
    -8.321477285200000e+01,
    4.234338974300000e+01
  ],
  ""type"": ""Point""
}","{
  ""coordinates"": [
    -83.214772852,
    42.343389743
  ],
  ""type"": ""Point""
}",-83.214772852,42.343389743
10453,9319156,PURITAN,MEYERS,2015-07-12,12,7,2015,22,1,8,9,,4,0,,1,2,4,30,2,2,4,5,0,0,0,0,true,,false,false,true,false,false,,,,,,false,false,false,,,false,false,false,false,false,-83.16984,42.40953,"{
  ""coordinates"": [
    -8.316983763300000e+01,
    4.240953195000000e+01
  ],
  ""type"": ""Point""
}","{
  ""coordinates"": [
    -83.169837633,
    42.40953195
  ],
  ""type"": ""Point""
}",-83.169837633,42.40953195
10454,9324831,WB I-94,VAN DYKE,2015-07-12,12,7,2015,23,1,5,1,,1,0,,1,1,4,55,3,3,5,4,0,0,0,1,false,,false,false,true,false,false,,,,,,false,false,true,,,false,false,false,false,false,-83.01582,42.38795,"{
  ""coordinates"": [
    -8.301582640800000e+01,
    4.238794595500010e+01
  ],
  ""type"": ""Point""
}","{
  ""coordinates"": [
    -83.015826408,
    42.387945955
  ],
  ""type"": ""Point""
}",-83.015826408,42.3879459550001
10455,9353366,GRAND RIVER,MANSFIELD,2015-07-12,12,7,2015,19,1,1,3,,1,1,,1,1,1,35,5,1,1,3,0,0,1,0,false,,false,false,false,false,false,,,,,,false,false,false,,,false,false,false,false,false,-83.20518,42.39541,"{
  ""coordinates"": [
    -8.320518254500000e+01,
    4.239540800800010e+01
  ],
  ""type"": ""Point""
}","{
  ""coordinates"": [
    -83.205182545,
    42.395408008
  ],
  ""type"": ""Point""
}",-83.205182545,42.3954080080001
10456,9323346,I 75,SCHAEFER,2015-07-12,12,7,2015,21,1,8,1,,1,0,,1,1,1,70,4,2,3,4,0,0,0,1,false,,false,false,true,false,false,,,,,,false,false,false,,,false,false,false,false,false,-83.15578,42.27751,"{
  ""coordinates"": [
    -8.315578258100000e+01,
    4.227751132300010e+01
  ],
  ""type"": ""Point""
}","{
  ""coordinates"": [
    -83.155782581,
    42.277511323
  ],
  ""type"": ""Point""
}",-83.155782581,42.2775113230001
10457,9319940,HARPER,WHITTIER,2015-07-12,12,7,2015,21,1,5,9,,4,0,,1,1,4,35,4,2,7,4,0,0,0,2,false,,false,false,false,false,false,,,,,,false,false,true,,,false,false,false,false,false,-82.94239,42.41244,"{
  ""coordinates"": [
    -8.294238948799990e+01,
    4.241243960700010e+01
  ],
  ""type"": ""Point""
}","{
  ""coordinates"": [
    -82.942389488,
    42.412439607
  ],
  ""type"": ""Point""
}",-82.9423894879999,42.4124396070001
10458,9319151,7 MILE,OMIRA,2015-07-12,12,7,2015,15,1,97,9,,4,0,,1,1,1,30,2,2,2,5,0,0,0,0,true,,false,false,false,false,false,,,,,,false,true,false,,,false,false,false,false,false,-83.09647,42.43242,"{
  ""coordinates"": [
    -8.309647549300000e+01,
    4.243241326000000e+01
  ],
  ""type"": ""Point""
}","{
  ""coordinates"": [
    -83.096475493,
    42.43241326
  ],
  ""type"": ""Point""
}",-83.096475493,42.43241326
10459,9322366,GRAND,FULLERTON,2015-07-12,12,7,2015,22,1,97,3,,1,0,,1,1,1,0,2,2,2,5,0,0,0,0,true,,true,false,true,true,true,,,,,,false,false,false,,,false,false,false,false,false,-83.16804,42.38043,"{
  ""coordinates"": [
    -8.316803411099990e+01,
    4.238043348400000e+01
  ],
  ""type"": ""Point""
}","{
  ""coordinates"": [
    -83.168034111,
    42.380433484
  ],
  ""type"": ""Point""
}",-83.1680341109999,42.380433484
10460,9325838,M-10,JEFFERSON,2015-07-12,12,7,2015,19,1,8,3,,1,0,,1,1,1,55,3,3,6,2,0,1,1,4,false,,false,false,false,false,false,,,,,,false,false,false,,,false,false,false,false,false,-83.05046,42.32642,"{
  ""coordinates"": [
    -8.305046401600001e+01,
    4.232641534000000e+01
  ],
  ""type"": ""Point""
}","{
  ""coordinates"": [
    -83.050464016,
    42.32641534
  ],
  ""type"": ""Point""
}",-83.050464016,42.32641534
10461,9323533,GRAND RIVER,WARREN,2015-07-12,12,7,2015,19,1,3,3,,1,0,,1,1,1,35,7,2,21,5,0,0,0,0,true,,false,false,false,false,false,,,,,,false,false,false,,,false,false,false,false,false,-83.08934,42.34871,"{
  ""coordinates"": [
    -8.308934368400000e+01,
    4.234871163900000e+01
  ],
  ""type"": ""Point""
}","{
  ""coordinates"": [
    -83.089343684,
    42.348711639
  ],
  ""type"": ""Point""
}",-83.089343684,42.348711639
10462,9319131,SECOND,MERTON,2015-07-12,12,7,2015,16,1,8,9,,4,0,,1,1,1,25,3,2,3,5,0,0,0,0,true,,false,false,false,false,false,,,,,,false,false,false,,,false,false,false,false,false,-83.11004,42.41851,"{
  ""coordinates"": [
    -8.311003746900001e+01,
    4.241851045100000e+01
  ],
  ""type"": ""Point""
}","{
  ""coordinates"": [
    -83.110037469,
    42.418510451
  ],
  ""type"": ""Point""
}",-83.110037469,42.418510451
10463,9319149,MCNICHOLS,HUBBELL,2015-07-12,12,7,2015,4,1,1,9,,2,1,,1,1,4,35,7,1,1,4,0,0,0,1,false,,false,false,false,false,false,,,,,,false,false,true,,,false,false,false,false,false,-83.18937,42.41646,"{
  ""coordinates"": [
    -8.318937172499990e+01,
    4.241646088900010e+01
  ],
  ""type"": ""Point""
}","{
  ""coordinates"": [
    -83.189371725,
    42.416460889
  ],
  ""type"": ""Point""
}",-83.1893717249999,42.4164608890001
10464,9320613,JEFFERSON,SCOTTEN,2015-07-12,12,7,2015,15,1,8,9,,4,0,,97,98,1,30,4,2,3,5,0,0,0,0,true,,false,false,false,false,false,,,,,,false,false,false,,,false,false,false,false,false,-83.08488,42.30968,"{
  ""coordinates"": [
    -8.308487364900000e+01,
    4.230967898200000e+01
  ],
  ""type"": ""Point""
}","{
  ""coordinates"": [
    -83.084873649,
    42.309678982
  ],
  ""type"": ""Point""
}",-83.084873649,42.309678982
10465,9364147,LENORE,PURITAN,2015-07-12,12,7,2015,9,1,2,9,,,2,,1,1,1,15,2,2,1,5,0,0,0,0,true,,false,false,false,false,false,,,,,,false,false,true,,,false,false,false,false,false,-83.28069,42.40733,"{
  ""coordinates"": [
    -8.328069455199990e+01,
    4.240732445400000e+01
  ],
  ""type"": ""Point""
}","{
  ""coordinates"": [
    -83.280694552,
    42.407324454
  ],
  ""type"": ""Point""
}",-83.2806945519999,42.407324454
10466,9325945,CHARLEVOIX,CHARMLERS,2015-07-12,12,7,2015,18,1,4,9,,4,0,,1,1,1,30,2,2,2,5,0,0,0,0,true,,false,false,true,false,false,,,,,,false,false,false,,,false,false,false,false,false,-82.95061,42.3829,"{
  ""coordinates"": [
    -8.295060763899990e+01,
    4.238290195500010e+01
  ],
  ""type"": ""Point""
}","{
  ""coordinates"": [
    -82.950607639,
    42.382901955
  ],
  ""type"": ""Point""
}",-82.9506076389999,42.3829019550001
10467,9325926,NOTTINGHAM,WHITTIER,2015-07-12,12,7,2015,2,1,1,9,,,0,,1,1,4,25,3,1,0,5,0,0,0,0,true,,false,false,true,false,false,,,,,,false,false,false,,,false,false,false,false,false,-82.95042,42.41578,"{
  ""coordinates"": [
    -8.295042748100001e+01,
    4.241578164500000e+01
  ],
  ""type"": ""Point""
}","{
  ""coordinates"": [
    -82.950427481,
    42.415781645
  ],
  ""type"": ""Point""
}",-82.950427481,42.415781645
10468,9323490,SAINT AUBIN,VULCAN,2015-07-12,12,7,2015,22,1,1,9,,4,1,,1,1,4,30,2,1,1,5,0,0,0,0,true,,false,false,false,false,false,,,,,,false,false,true,,,false,false,false,false,false,-83.05767,42.38416,"{
  ""coordinates"": [
    -8.305766989100000e+01,
    4.238415558800010e+01
  ],
  ""type"": ""Point""
}","{
  ""coordinates"": [
    -83.057669891,
    42.384155588
  ],
  ""type"": ""Point""
}",-83.057669891,42.3841555880001
10469,9323370,E I 96,E M 8,2015-07-12,12,7,2015,0,1,1,1,,1,1,,1,1,4,55,2,1,4,5,0,0,0,0,true,,false,false,false,false,false,,,,,,false,false,true,,,false,false,false,false,false,-83.15585,42.38522,"{
  ""coordinates"": [
    -8.315585305000000e+01,
    4.238521594600010e+01
  ],
  ""type"": ""Point""
}","{
  ""coordinates"": [
    -83.15585305,
    42.385215946
  ],
  ""type"": ""Point""
}",-83.15585305,42.3852159460001
10470,9337350,CONNER,KENNEBECK,2015-07-12,12,7,2015,3,1,1,9,,4,1,,1,1,4,35,5,1,0,5,0,0,0,0,true,,false,false,true,false,false,,,,,,false,false,false,,,false,false,false,false,false,-83.01085,42.41677,"{
  ""coordinates"": [
    -8.301084746100000e+01,
    4.241677089900000e+01
  ],
  ""type"": ""Point""
}","{
  ""coordinates"": [
    -83.010847461,
    42.416770899
  ],
  ""type"": ""Point""
}",-83.010847461,42.416770899
10471,9324296,DEXTER,ELMHURST,2015-07-12,12,7,2015,23,1,97,9,,4,0,,1,1,5,30,7,2,1,2,0,1,0,0,false,,true,true,true,false,false,,,,,,true,false,false,,,false,false,false,false,false,-83.12503,42.38108,"{
  ""coordinates"": [
    -8.312502974499991e+01,
    4.238107657000010e+01
  ],
  ""type"": ""Point""
}","{
  ""coordinates"": [
    -83.125029745,
    42.38107657
  ],
  ""type"": ""Point""
}",-83.1250297449999,42.3810765700001
10472,9319143,CRANE,CHAPIN,2015-07-12,12,7,2015,1,1,8,9,,,0,,1,1,4,25,3,2,1,5,0,0,0,0,true,,false,false,true,false,false,,,,,,false,false,false,,,false,false,false,false,false,-83.00918,42.38509,"{
  ""coordinates"": [
    -8.300917517900000e+01,
    4.238509183300000e+01
  ],
  ""type"": ""Point""
}","{
  ""coordinates"": [
    -83.009175179,
    42.385091833
  ],
  ""type"": ""Point""
}",-83.009175179,42.385091833
10473,9350289,HARPER,WHITTIER,2015-07-12,12,7,2015,1,1,8,9,,4,0,,1,1,4,30,2,2,3,4,0,0,0,3,false,,false,false,true,false,false,,,,,,false,false,false,,,false,false,false,false,false,-82.94227,42.41253,"{
  ""coordinates"": [
    -8.294226556699989e+01,
    4.241253221100000e+01
  ],
  ""type"": ""Point""
}","{
  ""coordinates"": [
    -82.942265567,
    42.412532211
  ],
  ""type"": ""Point""
}",-82.9422655669999,42.412532211
10474,9319140,MICHIGAN,CECIL,2015-07-12,12,7,2015,20,1,8,2,,1,0,,1,1,3,0,2,2,2,5,0,0,0,0,true,,false,false,false,false,false,,,,,,false,false,true,,,false,false,false,false,false,-83.13189,42.33111,"{
  ""coordinates"": [
    -8.313188743599990e+01,
    4.233110925000010e+01
  ],
  ""type"": ""Point""
}","{
  ""coordinates"": [
    -83.131887436,
    42.33110925
  ],
  ""type"": ""Point""
}",-83.1318874359999,42.3311092500001
10475,9319133,JEFFERSON,MEADOWBROOK,2015-07-12,12,7,2015,13,1,4,9,,4,0,,1,1,1,35,7,2,3,4,0,0,0,1,false,,false,false,false,false,false,,,,,,false,false,false,,,false,false,false,false,false,-82.97599,42.36443,"{
  ""coordinates"": [
    -8.297599117700000e+01,
    4.236442765500000e+01
  ],
  ""type"": ""Point""
}","{
  ""coordinates"": [
    -82.975991177,
    42.364427655
  ],
  ""type"": ""Point""
}",-82.975991177,42.364427655
10476,9323492,JOHN R,FARMER,2015-07-12,12,7,2015,13,1,8,9,,4,0,,1,1,1,35,4,2,1,5,0,0,0,0,true,,false,false,false,false,false,,,,,,false,true,false,,,false,false,false,false,false,-83.04867,42.33527,"{
  ""coordinates"": [
    -8.304866670099990e+01,
    4.233526571700000e+01
  ],
  ""type"": ""Point""
}","{
  ""coordinates"": [
    -83.048666701,
    42.335265717
  ],
  ""type"": ""Point""
}",-83.0486667009999,42.335265717
10477,9320517,M-39,WARREN,2015-07-12,12,7,2015,16,1,8,3,,1,0,,1,1,1,55,3,2,2,4,0,0,0,1,false,,false,false,false,false,false,,,,,,false,false,true,,,false,false,false,false,false,-83.21621,42.34199,"{
  ""coordinates"": [
    -8.321620712899990e+01,
    4.234198582100000e+01
  ],
  ""type"": ""Point""
}","{
  ""coordinates"": [
    -83.216207129,
    42.341985821
  ],
  ""type"": ""Point""
}",-83.2162071289999,42.341985821
10478,9353444,PEIEDMONT,KEELER,2015-07-12,12,7,2015,23,1,1,9,,,0,,1,1,4,25,2,2,0,4,0,0,0,1,false,,false,false,true,false,false,,,,,,true,false,false,,,false,false,false,false,false,-83.23024,42.40345,"{
  ""coordinates"": [
    -8.323024341400000e+01,
    4.240344974500000e+01
  ],
  ""type"": ""Point""
}","{
  ""coordinates"": [
    -83.230243414,
    42.403449745
  ],
  ""type"": ""Point""
}",-83.230243414,42.403449745
10479,9400276,RANDOLPH,JEFFERSON,2015-07-12,12,7,2015,15,1,8,3,,1,0,,1,1,1,15,4,2,2,5,0,0,0,0,true,,false,false,false,false,false,,,,,,false,true,false,,,false,false,false,false,false,-83.0421,42.32979,"{
  ""coordinates"": [
    -8.304209965200000e+01,
    4.232978875100010e+01
  ],
  ""type"": ""Point""
}","{
  ""coordinates"": [
    -83.042099652,
    42.329788751
  ],
  ""type"": ""Point""
}",-83.042099652,42.3297887510001
10480,9319142,LIVERNOIS,FORT,2015-07-12,12,7,2015,15,1,8,3,,4,0,,1,1,1,30,3,2,2,5,0,0,0,0,true,,false,false,false,false,false,,,,,,false,false,false,,,false,false,false,false,false,-83.10349,42.30665,"{
  ""coordinates"": [
    -8.310348293200001e+01,
    4.230665351100000e+01
  ],
  ""type"": ""Point""
}","{
  ""coordinates"": [
    -83.103482932,
    42.306653511
  ],
  ""type"": ""Point""
}",-83.103482932,42.306653511
10481,9319153,7 MILE,IRVINGTON,2015-07-12,12,7,2015,19,1,4,9,,4,0,,1,1,1,35,4,2,3,5,0,0,0,0,true,,false,false,false,false,false,,,,,,false,true,false,,,false,false,false,false,false,-83.09788,42.43237,"{
  ""coordinates"": [
    -8.309787944899990e+01,
    4.243236953200010e+01
  ],
  ""type"": ""Point""
}","{
  ""coordinates"": [
    -83.097879449,
    42.432369532
  ],
  ""type"": ""Point""
}",-83.0978794489999,42.4323695320001
10482,9322340,VERNOR,20TH,2015-07-12,12,7,2015,13,1,2,9,,4,0,,1,1,1,25,2,2,6,5,0,0,0,0,true,,false,false,false,false,false,,,,,,false,false,false,,,false,false,false,false,false,-83.08131,42.32603,"{
  ""coordinates"": [
    -8.308131465000000e+01,
    4.232603028900010e+01
  ],
  ""type"": ""Point""
}","{
  ""coordinates"": [
    -83.08131465,
    42.326030289
  ],
  ""type"": ""Point""
}",-83.08131465,42.3260302890001
10483,9327653,WOODWARD,8 MILE,2015-07-12,12,7,2015,14,1,8,3,,1,0,,1,1,1,40,3,2,1,5,0,0,0,0,true,,false,false,false,false,false,,,,,,false,false,false,,,false,false,false,false,false,-83.12499,42.44646,"{
  ""coordinates"": [
    -8.312499326999991e+01,
    4.244646334000000e+01
  ],
  ""type"": ""Point""
}","{
  ""coordinates"": [
    -83.12499327,
    42.44646334
  ],
  ""type"": ""Point""
}",-83.1249932699999,42.44646334
10484,9337379,GRATIOT,BARLOW,2015-07-12,12,7,2015,3,1,4,3,,1,0,,1,1,4,35,7,2,5,5,0,0,0,0,true,,false,false,false,false,false,,,,,,false,false,false,,,false,false,false,false,false,-82.98868,42.41837,"{
  ""coordinates"": [
    -8.298867960400000e+01,
    4.241836899100010e+01
  ],
  ""type"": ""Point""
}","{
  ""coordinates"": [
    -82.988679604,
    42.418368991
  ],
  ""type"": ""Point""
}",-82.988679604,42.4183689910001
10485,9318306,PEMBROKE,BIRWOOD,2015-07-12,12,7,2015,1,1,4,9,,,0,,1,1,4,0,2,2,2,4,0,0,0,1,false,,false,false,true,false,false,,,,,,false,false,false,,,false,false,false,false,false,-83.16549,42.43892,"{
  ""coordinates"": [
    -8.316549184900001e+01,
    4.243892110700010e+01
  ],
  ""type"": ""Point""
}","{
  ""coordinates"": [
    -83.165491849,
    42.438921107
  ],
  ""type"": ""Point""
}",-83.165491849,42.4389211070001
10486,9321501,WOODWARD,MONTCALM,2015-07-12,12,7,2015,1,1,4,3,,1,0,,1,1,4,25,2,2,2,5,0,0,0,0,true,,false,false,false,false,false,,,,,,false,false,false,,,false,false,false,false,false,-83.05218,42.33891,"{
  ""coordinates"": [
    -8.305217553800000e+01,
    4.233890560700010e+01
  ],
  ""type"": ""Point""
}","{
  ""coordinates"": [
    -83.052175538,
    42.338905607
  ],
  ""type"": ""Point""
}",-83.052175538,42.3389056070001
10487,9320633,ROBINWOOD,RYAN,2015-07-12,12,7,2015,21,1,4,9,,,0,,1,1,4,25,3,2,1,5,0,0,0,0,true,,false,false,true,false,false,,,,,,false,false,false,,,false,false,false,false,false,-83.06299,42.43102,"{
  ""coordinates"": [
    -8.306298783400000e+01,
    4.243101549800010e+01
  ],
  ""type"": ""Point""
}","{
  ""coordinates"": [
    -83.062987834,
    42.431015498
  ],
  ""type"": ""Point""
}",-83.062987834,42.4310154980001
10488,9321349,I 75,DAVIDSON,2015-07-12,12,7,2015,3,1,5,1,,1,0,,1,2,5,70,4,5,4,4,0,0,0,1,false,,false,false,true,false,false,,,,,,false,false,true,,,false,false,false,false,false,-83.07802,42.40763,"{
  ""coordinates"": [
    -8.307801458599990e+01,
    4.240762770700010e+01
  ],
  ""type"": ""Point""
}","{
  ""coordinates"": [
    -83.078014586,
    42.407627707
  ],
  ""type"": ""Point""
}",-83.0780145859999,42.4076277070001
10489,9323345,RAMP 216J,RAMP 216E,2015-07-12,12,7,2015,19,1,5,1,,1,0,,1,1,1,70,2,2,3,3,0,0,1,1,false,,false,false,false,false,false,,,,,,false,false,false,,,false,false,true,false,false,-83.05669,42.36913,"{
  ""coordinates"": [
    -8.305669737900000e+01,
    4.236912521600000e+01
  ],
  ""type"": ""Point""
}","{
  ""coordinates"": [
    -83.056697379,
    42.369125216
  ],
  ""type"": ""Point""
}",-83.056697379,42.369125216
10490,9323369,RAMP 141D,W I 96 SERVICE DRIVE,2015-07-11,11,7,2015,21,7,8,1,,1,0,,1,1,4,70,3,2,5,5,0,0,0,0,true,,false,false,false,false,false,,,,,,false,false,true,,,false,false,false,false,false,-83.14161,42.36867,"{
  ""coordinates"": [
    -8.314160710199999e+01,
    4.236867127400010e+01
  ],
  ""type"": ""Point""
}","{
  ""coordinates"": [
    -83.141607102,
    42.368671274
  ],
  ""type"": ""Point""
}",-83.141607102,42.3686712740001
10491,9321506,PACKARD,OUTER,2015-07-11,11,7,2015,11,7,2,9,,,0,,1,1,98,15,1,2,1,5,0,0,0,0,true,,false,false,true,false,false,,,,,,false,false,false,,,false,false,false,false,false,-83.02764,42.44106,"{
  ""coordinates"": [
    -8.302764268100000e+01,
    4.244106407000000e+01
  ],
  ""type"": ""Point""
}","{
  ""coordinates"": [
    -83.027642681,
    42.44106407
  ],
  ""type"": ""Point""
}",-83.027642681,42.44106407
10492,9320614,BUCHANAN,ROOSEVELT,2015-07-11,11,7,2015,21,7,5,9,,4,0,,1,1,1,35,2,2,2,5,0,0,0,0,true,,false,false,true,false,false,,,,,,false,false,false,,,false,false,false,false,false,-83.10029,42.34016,"{
  ""coordinates"": [
    -8.310028812800000e+01,
    4.234016087800010e+01
  ],
  ""type"": ""Point""
}","{
  ""coordinates"": [
    -83.100288128,
    42.340160878
  ],
  ""type"": ""Point""
}",-83.100288128,42.3401608780001
10493,9323338,N M 39,8 MILE,2015-07-11,11,7,2015,18,7,5,3,,1,0,,1,1,1,55,3,2,3,5,0,0,0,0,true,,false,false,false,false,false,,,,,,false,false,false,,,false,false,false,false,false,-83.21962,42.44403,"{
  ""coordinates"": [
    -8.321962265099999e+01,
    4.244402936000010e+01
  ],
  ""type"": ""Point""
}","{
  ""coordinates"": [
    -83.219622651,
    42.44402936
  ],
  ""type"": ""Point""
}",-83.219622651,42.4440293600001
10494,9322370,RAMP 136C,GREENFIELD,2015-07-11,11,7,2015,15,7,5,1,,1,0,,1,1,1,35,2,2,2,5,0,0,0,0,true,,false,false,true,false,false,,,,,,false,false,false,,,false,false,false,false,false,-83.19801,42.37959,"{
  ""coordinates"": [
    -8.319800248400000e+01,
    4.237959184300010e+01
  ],
  ""type"": ""Point""
}","{
  ""coordinates"": [
    -83.198002484,
    42.379591843
  ],
  ""type"": ""Point""
}",-83.198002484,42.3795918430001
10495,9330425,GREENFIELD,MACKENZIE,2015-07-11,11,7,2015,14,7,4,9,,2,0,,1,1,1,35,4,2,2,5,0,0,0,0,true,,false,false,true,false,false,,,,,,false,false,false,,,false,false,false,false,false,-83.19688,42.35575,"{
  ""coordinates"": [
    -8.319687661099989e+01,
    4.235575627900000e+01
  ],
  ""type"": ""Point""
}","{
  ""coordinates"": [
    -83.196876611,
    42.355756279
  ],
  ""type"": ""Point""
}",-83.1968766109999,42.355756279
10496,9328871,FRONTENAC,HARPER,2015-07-11,11,7,2015,14,7,4,9,,,0,,1,1,1,30,2,2,3,5,0,0,0,0,true,,true,true,true,false,false,,,,,,false,false,false,,,false,false,false,false,false,-83.02699,42.38547,"{
  ""coordinates"": [
    -8.302699059699999e+01,
    4.238547037500010e+01
  ],
  ""type"": ""Point""
}","{
  ""coordinates"": [
    -83.026990597,
    42.385470375
  ],
  ""type"": ""Point""
}",-83.026990597,42.3854703750001
10497,9318305,GRIGGS,SANTA MARIA,2015-07-11,11,7,2015,13,7,97,9,,,0,,1,1,1,25,1,2,3,5,0,0,0,0,true,,false,false,true,false,false,,,,,,false,false,true,,,false,false,false,false,false,-83.16365,42.4185,"{
  ""coordinates"": [
    -8.316364975600000e+01,
    4.241850461800000e+01
  ],
  ""type"": ""Point""
}","{
  ""coordinates"": [
    -83.163649756,
    42.418504618
  ],
  ""type"": ""Point""
}",-83.163649756,42.418504618
10498,9318171,W/B I-94,CONNER,2015-07-11,11,7,2015,6,7,5,1,,1,0,,1,1,1,55,3,3,4,5,0,0,0,0,true,,false,false,true,false,false,,,,,,false,false,false,,,false,false,false,false,false,-82.98854,42.39605,"{
  ""coordinates"": [
    -8.298854060300000e+01,
    4.239605517200000e+01
  ],
  ""type"": ""Point""
}","{
  ""coordinates"": [
    -82.988540603,
    42.396055172
  ],
  ""type"": ""Point""
}",-82.988540603,42.396055172