ObjectId,Crash ID,Primary Road,Intersecting Road,Crash Date,Day,Month,Year,Hour,Weekday,Crash Type Code,Highway Classification Code,Community Code,Jurisdiction Code,Lane Departure Type Code,Surface Type,Road Condition,Weather Condition,Lighting Condition,Speed Limit,Lanes,Units,Occupants,Most Severe Injury,Fatal Injuries,Suspected Serious Injuries,Suspected Minor Injuries,Possible Injuries,Property Damage Only,Secondary Crash,Traffic Control,Red Light Run,Hit and Run,Alcohol,Drugs,Unbelted Person,Work Zone,Speeding Driver,Distracted Driver,Driveway,Pedestrian,Elderly Driver,Young Driver,Commercial Vehicle,Emergency Vehicles,Train,School Bus,Motorcycle,Bicycle,Deer,Longitude,Latitude,geom,geog,x,y
10613,9317028,MONROE,SAINT ANTOINE,2015-07-09,9,7,2015,2,5,8,9,,4,0,,97,1,98,25,2,2,2,5,0,0,0,0,true,,false,false,false,false,false,,,,,,false,false,false,,,false,false,false,false,false,-83.04256,42.3349,"{
  ""coordinates"": [
    -8.304256413400000e+01,
    4.233490448500000e+01
  ],
  ""type"": ""Point""
}","{
  ""coordinates"": [
    -83.042564134,
    42.334904485
  ],
  ""type"": ""Point""
}",-83.042564134,42.334904485
10614,9324807,I-75,LIVERNOIS,2015-07-09,9,7,2015,8,5,1,1,,1,1,,2,4,1,55,4,1,1,5,0,0,0,0,true,,false,false,false,false,false,,,,,,false,false,true,,,false,false,false,false,false,-83.10847,42.30589,"{
  ""coordinates"": [
    -8.310846335699991e+01,
    4.230589462900010e+01
  ],
  ""type"": ""Point""
}","{
  ""coordinates"": [
    -83.108463357,
    42.305894629
  ],
  ""type"": ""Point""
}",-83.1084633569999,42.3058946290001
10615,9318309,LAFAYETTE,ORLEANS,2015-07-09,9,7,2015,15,5,3,9,,4,0,,1,1,1,30,4,2,3,5,0,0,0,0,true,,false,false,false,false,false,,,,,,false,false,false,,,false,false,false,false,false,-83.03073,42.33888,"{
  ""coordinates"": [
    -8.303073324699990e+01,
    4.233888410100010e+01
  ],
  ""type"": ""Point""
}","{
  ""coordinates"": [
    -83.030733247,
    42.338884101
  ],
  ""type"": ""Point""
}",-83.0307332469999,42.3388841010001
10616,9317018,ROGERS,CAMPBELL,2015-07-09,9,7,2015,0,5,2,9,,,2,,1,1,4,25,3,2,1,5,0,0,0,0,true,,false,false,true,false,false,,,,,,false,false,false,,,false,false,false,false,false,-83.10161,42.31385,"{
  ""coordinates"": [
    -8.310160523899999e+01,
    4.231384853500000e+01
  ],
  ""type"": ""Point""
}","{
  ""coordinates"": [
    -83.101605239,
    42.313848535
  ],
  ""type"": ""Point""
}",-83.101605239,42.313848535
10617,9399229,SCHAEFER,JOY,2015-07-09,9,7,2015,10,5,8,9,,4,0,,2,2,1,35,4,2,1,5,0,0,0,0,true,,false,false,true,false,false,,,,,,false,false,false,,,false,false,false,false,false,-83.17751,42.35923,"{
  ""coordinates"": [
    -8.317750835399990e+01,
    4.235922575600010e+01
  ],
  ""type"": ""Point""
}","{
  ""coordinates"": [
    -83.177508354,
    42.359225756
  ],
  ""type"": ""Point""
}",-83.1775083539999,42.3592257560001
10618,9317006,LIVERNOIS,CAMBRIDGE,2015-07-09,9,7,2015,17,5,8,9,,4,0,,1,2,1,30,2,2,3,5,0,0,0,0,true,,false,false,false,false,false,,,,,,false,false,true,,,false,false,false,false,false,-83.14164,42.43344,"{
  ""coordinates"": [
    -8.314164244400000e+01,
    4.243344546300010e+01
  ],
  ""type"": ""Point""
}","{
  ""coordinates"": [
    -83.141642444,
    42.433445463
  ],
  ""type"": ""Point""
}",-83.141642444,42.4334454630001
10619,9316922,I-96,WARREN,2015-07-09,9,7,2015,9,5,8,1,,1,0,,2,4,1,55,5,2,2,5,0,0,0,0,true,,false,false,false,false,false,,,,,,false,false,false,,,false,false,false,false,false,-83.09583,42.34516,"{
  ""coordinates"": [
    -8.309583283400001e+01,
    4.234515931000000e+01
  ],
  ""type"": ""Point""
}","{
  ""coordinates"": [
    -83.095832834,
    42.34515931
  ],
  ""type"": ""Point""
}",-83.095832834,42.34515931
10620,9323553,E I 94,WYOMING,2015-07-09,9,7,2015,13,5,8,1,,1,0,,1,1,1,35,1,2,2,5,0,0,0,0,true,,false,false,false,false,false,,,,,,false,false,false,,,false,false,false,false,false,-83.15645,42.32878,"{
  ""coordinates"": [
    -8.315644848900000e+01,
    4.232878135200010e+01
  ],
  ""type"": ""Point""
}","{
  ""coordinates"": [
    -83.156448489,
    42.328781352
  ],
  ""type"": ""Point""
}",-83.156448489,42.3287813520001
10621,9325932,SCHOENHERR,LIBERAL,2015-07-09,9,7,2015,10,5,2,9,,4,2,,2,4,1,30,2,2,2,5,0,0,0,0,true,,false,false,false,false,false,,,,,,false,false,true,,,false,false,false,false,false,-82.98531,42.43966,"{
  ""coordinates"": [
    -8.298530346400000e+01,
    4.243965668100000e+01
  ],
  ""type"": ""Point""
}","{
  ""coordinates"": [
    -82.985303464,
    42.439656681
  ],
  ""type"": ""Point""
}",-82.985303464,42.439656681
10622,9328876,WHITTER,LINVILLE,2015-07-09,9,7,2015,6,5,5,9,,4,0,,2,4,1,30,4,2,2,5,0,0,0,0,true,,false,false,false,false,false,,,,,,false,false,true,,,false,false,false,false,false,-82.94086,42.41023,"{
  ""coordinates"": [
    -8.294085566400000e+01,
    4.241022832600000e+01
  ],
  ""type"": ""Point""
}","{
  ""coordinates"": [
    -82.940855664,
    42.410228326
  ],
  ""type"": ""Point""
}",-82.940855664,42.410228326
10623,9316921,I75,CARPENTER,2015-07-09,9,7,2015,7,5,1,1,,1,1,,2,4,1,70,4,1,1,5,0,0,0,0,true,,false,false,false,false,false,,,,,,false,false,false,,,false,false,false,false,false,-83.07358,42.40445,"{
  ""coordinates"": [
    -8.307357753100000e+01,
    4.240445009400000e+01
  ],
  ""type"": ""Point""
}","{
  ""coordinates"": [
    -83.073577531,
    42.404450094
  ],
  ""type"": ""Point""
}",-83.073577531,42.404450094
10624,9318298,MEYERS,KEELER,2015-07-09,9,7,2015,21,5,8,9,,4,0,,1,1,4,30,2,2,3,5,0,0,0,0,true,,false,false,false,false,false,,,,,,false,false,true,,,false,false,false,false,false,-83.16949,42.40404,"{
  ""coordinates"": [
    -8.316948363099991e+01,
    4.240403888400000e+01
  ],
  ""type"": ""Point""
}","{
  ""coordinates"": [
    -83.169483631,
    42.404038884
  ],
  ""type"": ""Point""
}",-83.1694836309999,42.404038884
10625,9316905,I-96,GREENFIELD,2015-07-09,9,7,2015,13,5,1,1,,1,1,,1,2,1,55,4,1,1,4,0,0,0,1,false,,false,false,false,false,false,,,,,,false,false,false,,,false,false,false,false,false,-83.19315,42.37927,"{
  ""coordinates"": [
    -8.319314421000000e+01,
    4.237926947600000e+01
  ],
  ""type"": ""Point""
}","{
  ""coordinates"": [
    -83.19314421,
    42.379269476
  ],
  ""type"": ""Point""
}",-83.19314421,42.379269476
10626,9316894,I 94,VANDYKE,2015-07-09,9,7,2015,10,5,5,1,,1,0,,2,4,1,55,3,2,1,5,0,0,0,0,true,,false,false,true,false,false,,,,,,false,false,true,,,false,false,false,false,false,-83.02024,42.38625,"{
  ""coordinates"": [
    -8.302023927200000e+01,
    4.238625263000010e+01
  ],
  ""type"": ""Point""
}","{
  ""coordinates"": [
    -83.020239272,
    42.38625263
  ],
  ""type"": ""Point""
}",-83.020239272,42.3862526300001
10627,9322171,N I 75,CANFIELD,2015-07-09,9,7,2015,8,5,1,1,,1,1,,1,4,1,70,4,1,1,5,0,0,0,0,true,,false,false,false,false,false,,,,,,false,false,true,,,false,false,false,false,false,-83.05059,42.35535,"{
  ""coordinates"": [
    -8.305058678700000e+01,
    4.235534611700010e+01
  ],
  ""type"": ""Point""
}","{
  ""coordinates"": [
    -83.050586787,
    42.355346117
  ],
  ""type"": ""Point""
}",-83.050586787,42.3553461170001
10628,9322160,I75,SCHAEFER,2015-07-09,9,7,2015,23,5,8,1,,1,0,,1,1,4,70,4,2,3,5,0,0,0,0,true,,false,false,false,false,false,,,,,,false,false,false,,,false,false,false,false,false,-83.15224,42.27906,"{
  ""coordinates"": [
    -8.315224033600001e+01,
    4.227905569500010e+01
  ],
  ""type"": ""Point""
}","{
  ""coordinates"": [
    -83.152240336,
    42.279055695
  ],
  ""type"": ""Point""
}",-83.152240336,42.2790556950001
10629,9322172,E I 96 CD,CSX TRANSPORTATION,2015-07-09,9,7,2015,11,5,1,1,,1,1,,1,2,1,70,4,1,1,4,0,0,0,1,false,,false,false,false,false,false,,,,,,false,false,false,,,false,false,false,false,false,-83.18917,42.37991,"{
  ""coordinates"": [
    -8.318917097100000e+01,
    4.237991213500000e+01
  ],
  ""type"": ""Point""
}","{
  ""coordinates"": [
    -83.189170971,
    42.379912135
  ],
  ""type"": ""Point""
}",-83.189170971,42.379912135
10630,9324918,CONGRESS,WOODWARD,2015-07-09,9,7,2015,15,5,97,9,,4,0,,1,2,3,20,3,2,4,5,0,0,0,0,true,,false,false,false,false,false,,,,,,false,false,false,,,false,false,false,false,false,-83.04574,42.33023,"{
  ""coordinates"": [
    -8.304573821900000e+01,
    4.233023388300010e+01
  ],
  ""type"": ""Point""
}","{
  ""coordinates"": [
    -83.045738219,
    42.330233883
  ],
  ""type"": ""Point""
}",-83.045738219,42.3302338830001
10631,9318301,GRATIOT,STATE FAIR,2015-07-09,9,7,2015,14,5,5,3,,1,0,,1,1,1,35,6,2,2,5,0,0,0,0,true,,false,false,false,false,false,,,,,,false,true,false,,,false,false,false,false,false,-82.9728,42.4425,"{
  ""coordinates"": [
    -8.297279812100000e+01,
    4.244249940100010e+01
  ],
  ""type"": ""Point""
}","{
  ""coordinates"": [
    -82.972798121,
    42.442499401
  ],
  ""type"": ""Point""
}",-82.972798121,42.4424994010001
10632,9317020,GRATIOT,FOREST,2015-07-09,9,7,2015,2,5,5,3,,1,0,,1,1,1,35,6,3,4,5,0,0,0,0,true,,false,false,true,false,false,,,,,,false,false,false,,,false,false,false,false,false,-83.02011,42.37062,"{
  ""coordinates"": [
    -8.302010734700001e+01,
    4.237062451100010e+01
  ],
  ""type"": ""Point""
}","{
  ""coordinates"": [
    -83.020107347,
    42.370624511
  ],
  ""type"": ""Point""
}",-83.020107347,42.3706245110001
10633,9322173,NB M-39,CHICAGO,2015-07-09,9,7,2015,14,5,5,3,,1,0,,1,2,1,55,3,2,2,5,0,0,0,0,true,,false,false,false,false,false,,,,,,false,false,false,,,false,false,false,false,false,-83.21639,42.3667,"{
  ""coordinates"": [
    -8.321639386800000e+01,
    4.236670386600010e+01
  ],
  ""type"": ""Point""
}","{
  ""coordinates"": [
    -83.216393868,
    42.366703866
  ],
  ""type"": ""Point""
}",-83.216393868,42.3667038660001
10634,9339696,ROCKDALE,ACACIA,2015-07-09,9,7,2015,17,5,5,9,,,0,,1,1,1,25,2,2,1,5,0,0,0,0,true,,false,false,true,false,false,,,,,,false,false,false,,,false,false,false,false,false,-83.25779,42.3908,"{
  ""coordinates"": [
    -8.325778807099989e+01,
    4.239079701400000e+01
  ],
  ""type"": ""Point""
}","{
  ""coordinates"": [
    -83.257788071,
    42.390797014
  ],
  ""type"": ""Point""
}",-83.2577880709999,42.390797014
10635,9324808,M-10,GLENDALE,2015-07-09,9,7,2015,17,5,5,3,,1,0,,1,2,1,55,3,2,2,5,0,0,0,0,true,,false,false,false,false,false,,,,,,false,false,false,,,false,false,false,false,false,-83.10712,42.39477,"{
  ""coordinates"": [
    -8.310712123899999e+01,
    4.239477099900010e+01
  ],
  ""type"": ""Point""
}","{
  ""coordinates"": [
    -83.107121239,
    42.394770999
  ],
  ""type"": ""Point""
}",-83.107121239,42.3947709990001
10636,9320610,LINWOOD,HAZELWOOD,2015-07-09,9,7,2015,15,5,5,9,,4,0,,1,1,1,30,4,2,4,4,0,0,0,2,false,,false,false,true,false,false,,,,,,false,false,false,,,false,false,false,false,false,-83.10737,42.37134,"{
  ""coordinates"": [
    -8.310737093599990e+01,
    4.237134265400000e+01
  ],
  ""type"": ""Point""
}","{
  ""coordinates"": [
    -83.107370936,
    42.371342654
  ],
  ""type"": ""Point""
}",-83.1073709359999,42.371342654
10637,9376039,RAMP 123A,HOWARD,2015-07-09,9,7,2015,8,5,8,3,,7,0,,1,1,1,35,3,2,2,5,0,0,0,0,true,,false,false,false,false,false,,,,,,false,false,false,,,false,false,false,false,false,-83.05815,42.32836,"{
  ""coordinates"": [
    -8.305815117899991e+01,
    4.232836009100000e+01
  ],
  ""type"": ""Point""
}","{
  ""coordinates"": [
    -83.058151179,
    42.328360091
  ],
  ""type"": ""Point""
}",-83.0581511789999,42.328360091
10638,9408642,JEFFERSON,WOODWARD,2015-07-09,9,7,2015,18,5,5,3,,1,0,,1,2,1,35,4,3,7,5,0,0,0,0,true,,false,false,false,false,false,,,,,,false,false,true,,,false,false,false,false,false,-83.04435,42.32855,"{
  ""coordinates"": [
    -8.304434810700000e+01,
    4.232854943900000e+01
  ],
  ""type"": ""Point""
}","{
  ""coordinates"": [
    -83.044348107,
    42.328549439
  ],
  ""type"": ""Point""
}",-83.044348107,42.328549439
10639,9317032,MCNICHOLS,DEQUINDRE,2015-07-09,9,7,2015,16,5,8,9,,4,0,,1,2,1,30,3,2,2,5,0,0,0,0,true,,false,false,false,false,false,,,,,,false,true,false,,,false,false,false,false,false,-83.08132,42.41845,"{
  ""coordinates"": [
    -8.308131903299990e+01,
    4.241845370900010e+01
  ],
  ""type"": ""Point""
}","{
  ""coordinates"": [
    -83.081319033,
    42.418453709
  ],
  ""type"": ""Point""
}",-83.0813190329999,42.4184537090001
10640,9316927,SB I-75,7 MILE,2015-07-09,9,7,2015,11,5,5,1,,1,0,,2,4,1,70,3,2,1,5,0,0,0,0,true,,false,false,true,false,false,,,,,,false,false,true,,,false,false,false,false,false,-83.09499,42.43393,"{
  ""coordinates"": [
    -8.309499622399990e+01,
    4.243392456400010e+01
  ],
  ""type"": ""Point""
}","{
  ""coordinates"": [
    -83.094996224,
    42.433924564
  ],
  ""type"": ""Point""
}",-83.0949962239999,42.4339245640001
10641,9316893,I 94,CONNER,2015-07-09,9,7,2015,9,5,5,1,,1,0,,2,4,1,55,3,2,2,5,0,0,0,0,true,,false,false,false,false,false,,,,,,false,false,false,,,false,false,false,false,false,-82.98737,42.39692,"{
  ""coordinates"": [
    -8.298736652199990e+01,
    4.239692486200000e+01
  ],
  ""type"": ""Point""
}","{
  ""coordinates"": [
    -82.987366522,
    42.396924862
  ],
  ""type"": ""Point""
}",-82.9873665219999,42.396924862
10642,9319061,E I 94,GRAND RIVER,2015-07-09,9,7,2015,16,5,5,1,,1,0,,1,2,1,55,3,2,2,5,0,0,0,0,true,,false,false,true,false,false,,,,,,false,false,false,,,false,false,false,false,false,-83.09563,42.3512,"{
  ""coordinates"": [
    -8.309563277900000e+01,
    4.235119932700010e+01
  ],
  ""type"": ""Point""
}","{
  ""coordinates"": [
    -83.095632779,
    42.351199327
  ],
  ""type"": ""Point""
}",-83.095632779,42.3511993270001
10643,9327632,RAMP 216F,N I 75,2015-07-09,9,7,2015,15,5,8,1,,1,0,,1,1,1,35,2,2,3,5,0,0,0,0,true,,false,false,false,false,false,,,,,,false,true,false,,,false,false,false,false,false,-83.05779,42.36805,"{
  ""coordinates"": [
    -8.305778608900000e+01,
    4.236805364800010e+01
  ],
  ""type"": ""Point""
}","{
  ""coordinates"": [
    -83.057786089,
    42.368053648
  ],
  ""type"": ""Point""
}",-83.057786089,42.3680536480001
10644,9320630,GRAND,KIPLING,2015-07-09,9,7,2015,12,5,8,9,,4,0,,1,2,1,30,6,2,2,5,0,0,0,0,true,,false,false,false,false,false,,,,,,false,false,false,,,false,false,false,false,false,-83.08765,42.36499,"{
  ""coordinates"": [
    -8.308764381400000e+01,
    4.236499270800000e+01
  ],
  ""type"": ""Point""
}","{
  ""coordinates"": [
    -83.087643814,
    42.364992708
  ],
  ""type"": ""Point""
}",-83.087643814,42.364992708
10645,9361530,OUTER,MEYERS,2015-07-09,9,7,2015,7,5,5,9,,2,0,,2,4,1,30,4,2,1,5,0,0,0,0,true,,false,false,true,false,false,,,,,,false,false,false,,,false,false,false,false,false,-83.17159,42.4347,"{
  ""coordinates"": [
    -8.317158247000000e+01,
    4.243469745400010e+01
  ],
  ""type"": ""Point""
}","{
  ""coordinates"": [
    -83.17158247,
    42.434697454
  ],
  ""type"": ""Point""
}",-83.17158247,42.4346974540001
10646,9322186,W I 94,BEAUBIEN,2015-07-09,9,7,2015,15,5,8,1,,1,0,,1,2,1,55,1,2,1,5,0,0,0,0,true,,false,false,true,false,false,,,,,,false,false,false,,,false,false,false,false,false,-83.06329,42.36623,"{
  ""coordinates"": [
    -8.306328972700000e+01,
    4.236623151500000e+01
  ],
  ""type"": ""Point""
}","{
  ""coordinates"": [
    -83.063289727,
    42.366231515
  ],
  ""type"": ""Point""
}",-83.063289727,42.366231515
10647,9318324,OUTER,JAMES COUZENS,2015-07-09,9,7,2015,21,5,5,9,,2,0,,1,1,3,35,4,2,2,5,0,0,0,0,true,,false,false,true,false,false,,,,,,false,false,true,,,false,false,false,false,false,-83.17608,42.42116,"{
  ""coordinates"": [
    -8.317607575700001e+01,
    4.242115850700000e+01
  ],
  ""type"": ""Point""
}","{
  ""coordinates"": [
    -83.176075757,
    42.421158507
  ],
  ""type"": ""Point""
}",-83.176075757,42.421158507
10648,9330424,ROSEMONT,MARGARETA,2015-07-09,9,7,2015,13,5,5,9,,,0,,1,1,1,25,2,2,0,5,0,0,0,0,true,,false,false,true,false,false,,,,,,false,false,false,,,false,false,false,false,false,-83.22189,42.42709,"{
  ""coordinates"": [
    -8.322188439300000e+01,
    4.242708582300000e+01
  ],
  ""type"": ""Point""
}","{
  ""coordinates"": [
    -83.221884393,
    42.427085823
  ],
  ""type"": ""Point""
}",-83.221884393,42.427085823
10649,9353535,SOUTHFIELD SERVICE,HESSEL,2015-07-08,8,7,2015,21,4,5,3,,5,0,,1,1,4,25,3,2,1,5,0,0,0,0,true,,false,false,true,false,false,,,,,,false,false,true,,,false,false,false,false,false,-83.2201,42.44252,"{
  ""coordinates"": [
    -8.322009665500001e+01,
    4.244252555200010e+01
  ],
  ""type"": ""Point""
}","{
  ""coordinates"": [
    -83.220096655,
    42.442525552
  ],
  ""type"": ""Point""
}",-83.220096655,42.4425255520001
10650,9316289,LIVERNOIS,SANTA MARIA,2015-07-08,8,7,2015,16,4,4,9,,4,0,,1,1,1,30,2,2,2,5,0,0,0,0,true,,false,false,false,false,false,,,,,,false,false,true,,,false,false,false,false,false,-83.1408,42.41902,"{
  ""coordinates"": [
    -8.314080129000000e+01,
    4.241901786800000e+01
  ],
  ""type"": ""Point""
}","{
  ""coordinates"": [
    -83.14080129,
    42.419017868
  ],
  ""type"": ""Point""
}",-83.14080129,42.419017868
10651,9320609,JOY,QUINCY,2015-07-08,8,7,2015,17,4,4,9,,4,0,,1,1,1,30,2,2,6,5,0,0,0,0,true,,false,false,true,false,false,,,,,,false,false,false,,,false,false,false,false,false,-83.12134,42.36875,"{
  ""coordinates"": [
    -8.312133737100000e+01,
    4.236874806400000e+01
  ],
  ""type"": ""Point""
}","{
  ""coordinates"": [
    -83.121337371,
    42.368748064
  ],
  ""type"": ""Point""
}",-83.121337371,42.368748064
10652,9317024,DEARBORN,HARBAUGH,2015-07-08,8,7,2015,6,4,5,9,,4,0,,1,1,1,30,2,2,2,5,0,0,0,0,true,,false,false,false,false,false,,,,,,false,false,false,,,false,false,false,false,false,-83.12246,42.2921,"{
  ""coordinates"": [
    -8.312245692499990e+01,
    4.229209395000000e+01
  ],
  ""type"": ""Point""
}","{
  ""coordinates"": [
    -83.122456925,
    42.29209395
  ],
  ""type"": ""Point""
}",-83.1224569249999,42.29209395
10653,9324311,CHICAGO,N M 10,2015-07-08,8,7,2015,0,4,4,3,,4,0,,1,1,5,35,8,2,3,3,0,0,2,1,false,,false,false,false,false,false,,,,,,false,false,true,,,false,false,false,false,false,-83.09503,42.38249,"{
  ""coordinates"": [
    -8.309503450299999e+01,
    4.238249113300000e+01
  ],
  ""type"": ""Point""
}","{
  ""coordinates"": [
    -83.095034503,
    42.382491133
  ],
  ""type"": ""Point""
}",-83.095034503,42.382491133
10654,9340394,RUSSELL,MACK,2015-07-08,8,7,2015,10,4,8,9,,4,0,,1,1,1,25,2,2,1,5,0,0,0,0,true,,false,false,false,false,false,,,,,,false,false,false,,,false,false,false,false,false,-83.04472,42.35263,"{
  ""coordinates"": [
    -8.304471800399990e+01,
    4.235263455500010e+01
  ],
  ""type"": ""Point""
}","{
  ""coordinates"": [
    -83.044718004,
    42.352634555
  ],
  ""type"": ""Point""
}",-83.0447180039999,42.3526345550001
10655,9320519,I-94,TRUMBULL,2015-07-08,8,7,2015,7,4,5,1,,1,0,,1,1,1,70,3,2,2,5,0,0,0,0,true,,false,false,true,false,false,,,,,,false,false,false,,,false,false,false,false,false,-83.08536,42.35442,"{
  ""coordinates"": [
    -8.308535398799999e+01,
    4.235442056600000e+01
  ],
  ""type"": ""Point""
}","{
  ""coordinates"": [
    -83.085353988,
    42.354420566
  ],
  ""type"": ""Point""
}",-83.085353988,42.354420566
10656,9323336,W I 94,HARPER,2015-07-08,8,7,2015,0,4,97,1,,1,0,,1,1,4,55,3,2,2,5,0,0,0,0,true,,false,false,true,true,false,,,,,,false,false,true,,,false,false,false,false,false,-82.9483,42.40925,"{
  ""coordinates"": [
    -8.294830253100000e+01,
    4.240925368100010e+01
  ],
  ""type"": ""Point""
}","{
  ""coordinates"": [
    -82.948302531,
    42.409253681
  ],
  ""type"": ""Point""
}",-82.948302531,42.4092536810001
10657,9399314,N I 375,N I 75/GRATIOT,2015-07-08,8,7,2015,23,4,8,1,,1,0,,1,1,4,55,4,2,1,5,0,0,0,0,true,,false,false,true,false,false,,,,,,false,false,false,,,false,false,false,false,false,-83.04376,42.34343,"{
  ""coordinates"": [
    -8.304375895399990e+01,
    4.234342672600010e+01
  ],
  ""type"": ""Point""
}","{
  ""coordinates"": [
    -83.043758954,
    42.343426726
  ],
  ""type"": ""Point""
}",-83.0437589539999,42.3434267260001
10658,9316277,ALGONQUIN,FREUD,2015-07-08,8,7,2015,19,4,4,9,,,0,,1,1,1,25,2,2,2,4,0,0,0,1,false,,true,false,false,false,false,,,,,,false,false,false,,,false,false,false,false,false,-82.95396,42.36568,"{
  ""coordinates"": [
    -8.295395597299991e+01,
    4.236567868700010e+01
  ],
  ""type"": ""Point""
}","{
  ""coordinates"": [
    -82.953955973,
    42.365678687
  ],
  ""type"": ""Point""
}",-82.9539559729999,42.3656786870001
10659,9323539,CLIFFORD,MIDDLE,2015-07-08,8,7,2015,7,4,97,9,,4,0,,1,1,1,25,2,2,12,3,0,0,1,0,false,,false,false,false,false,false,,,,,,true,false,false,,,false,false,false,false,false,-83.05333,42.33527,"{
  ""coordinates"": [
    -8.305332616299999e+01,
    4.233526593700000e+01
  ],
  ""type"": ""Point""
}","{
  ""coordinates"": [
    -83.053326163,
    42.335265937
  ],
  ""type"": ""Point""
}",-83.053326163,42.335265937
10660,9353453,EVERGREEN,CURTIS,2015-07-08,8,7,2015,16,4,5,9,,4,0,,1,1,1,35,2,2,1,5,0,0,0,0,true,,false,false,true,false,false,,,,,,false,false,false,,,false,false,false,false,false,-83.23852,42.42237,"{
  ""coordinates"": [
    -8.323851801300000e+01,
    4.242236553400010e+01
  ],
  ""type"": ""Point""
}","{
  ""coordinates"": [
    -83.238518013,
    42.422365534
  ],
  ""type"": ""Point""
}",-83.238518013,42.4223655340001
10661,9317011,JEFFERSON,BALDWIN,2015-07-08,8,7,2015,14,4,8,9,,4,0,,1,2,1,35,4,2,2,5,0,0,0,0,true,,false,false,false,false,false,,,,,,false,false,false,,,false,false,false,false,false,-82.9977,42.34958,"{
  ""coordinates"": [
    -8.299769467899991e+01,
    4.234957403200010e+01
  ],
  ""type"": ""Point""
}","{
  ""coordinates"": [
    -82.997694679,
    42.349574032
  ],
  ""type"": ""Point""
}",-82.9976946789999,42.3495740320001
10662,9320604,BRUSH,WOODLAND,2015-07-08,8,7,2015,15,4,1,9,,4,0,,1,2,1,25,4,2,2,4,0,0,0,1,false,,false,false,false,false,false,,,,,,false,false,false,,,false,false,false,true,false,-83.08242,42.39497,"{
  ""coordinates"": [
    -8.308241799400000e+01,
    4.239496566500000e+01
  ],
  ""type"": ""Point""
}","{
  ""coordinates"": [
    -83.082417994,
    42.394965665
  ],
  ""type"": ""Point""
}",-83.082417994,42.394965665
10663,9317038,MCNICHOLS,PINEHURST,2015-07-08,8,7,2015,12,4,8,9,,2,0,,1,2,1,35,4,2,3,5,0,0,0,0,true,,false,false,false,false,false,,,,,,false,false,false,,,false,false,false,false,false,-83.16687,42.41674,"{
  ""coordinates"": [
    -8.316687390800000e+01,
    4.241674442600000e+01
  ],
  ""type"": ""Point""
}","{
  ""coordinates"": [
    -83.166873908,
    42.416744426
  ],
  ""type"": ""Point""
}",-83.166873908,42.416744426
10664,9317017,VERNOR,LIVERNOIS,2015-07-08,8,7,2015,13,4,5,9,,4,0,,1,1,1,30,4,2,2,5,0,0,0,0,true,,false,false,false,false,false,,,,,,false,false,false,,,false,false,false,false,false,-83.11005,42.31561,"{
  ""coordinates"": [
    -8.311004761000000e+01,
    4.231560963200010e+01
  ],
  ""type"": ""Point""
}","{
  ""coordinates"": [
    -83.11004761,
    42.315609632
  ],
  ""type"": ""Point""
}",-83.11004761,42.3156096320001
10665,9317005,CHARLES,SPARLING,2015-07-08,8,7,2015,16,4,4,9,,4,0,,1,1,1,30,2,2,3,5,0,0,0,0,true,,false,false,false,false,false,,,,,,false,false,false,,,false,false,false,false,false,-83.04554,42.41182,"{
  ""coordinates"": [
    -8.304554108900000e+01,
    4.241182148900000e+01
  ],
  ""type"": ""Point""
}","{
  ""coordinates"": [
    -83.045541089,
    42.411821489
  ],
  ""type"": ""Point""
}",-83.045541089,42.411821489
10666,9316284,GLASTONBURY,EATON,2015-07-08,8,7,2015,15,4,97,9,,,0,,1,2,1,25,2,2,4,5,0,0,0,0,true,,false,false,true,false,false,,,,,,false,true,false,,,false,false,false,false,false,-83.22507,42.3961,"{
  ""coordinates"": [
    -8.322506392799990e+01,
    4.239609498100000e+01
  ],
  ""type"": ""Point""
}","{
  ""coordinates"": [
    -83.225063928,
    42.396094981
  ],
  ""type"": ""Point""
}",-83.2250639279999,42.396094981
10667,9316273,OUTER,BURT,2015-07-08,8,7,2015,16,4,4,9,,2,0,,1,2,1,35,2,3,6,4,0,0,0,1,false,,true,true,true,false,false,,,,,,false,false,false,,,false,false,false,false,false,-83.24698,42.39794,"{
  ""coordinates"": [
    -8.324697826399991e+01,
    4.239793614500010e+01
  ],
  ""type"": ""Point""
}","{
  ""coordinates"": [
    -83.246978264,
    42.397936145
  ],
  ""type"": ""Point""
}",-83.2469782639999,42.3979361450001
10668,9324934,CASS,HANCOCK,2015-07-08,8,7,2015,13,4,4,9,,4,0,,1,2,1,25,4,2,3,5,0,0,0,0,true,,false,false,false,false,false,,,,,,false,true,false,,,false,false,false,false,false,-83.06602,42.3549,"{
  ""coordinates"": [
    -8.306602764599999e+01,
    4.235489531300000e+01
  ],
  ""type"": ""Point""
}","{
  ""coordinates"": [
    -83.066027646,
    42.354895313
  ],
  ""type"": ""Point""
}",-83.066027646,42.354895313
10669,9335733,MORANG,ROSSITER,2015-07-08,8,7,2015,23,4,8,9,,4,0,,1,1,4,30,2,2,0,5,0,0,0,0,true,,false,false,true,false,false,,,,,,false,false,false,,,false,false,false,false,false,-82.94923,42.42581,"{
  ""coordinates"": [
    -8.294922472199990e+01,
    4.242580837000000e+01
  ],
  ""type"": ""Point""
}","{
  ""coordinates"": [
    -82.949224722,
    42.42580837
  ],
  ""type"": ""Point""
}",-82.9492247219999,42.42580837