ObjectId,Crash ID,Primary Road,Intersecting Road,Crash Date,Day,Month,Year,Hour,Weekday,Crash Type Code,Highway Classification Code,Community Code,Jurisdiction Code,Lane Departure Type Code,Surface Type,Road Condition,Weather Condition,Lighting Condition,Speed Limit,Lanes,Units,Occupants,Most Severe Injury,Fatal Injuries,Suspected Serious Injuries,Suspected Minor Injuries,Possible Injuries,Property Damage Only,Secondary Crash,Traffic Control,Red Light Run,Hit and Run,Alcohol,Drugs,Unbelted Person,Work Zone,Speeding Driver,Distracted Driver,Driveway,Pedestrian,Elderly Driver,Young Driver,Commercial Vehicle,Emergency Vehicles,Train,School Bus,Motorcycle,Bicycle,Deer,Longitude,Latitude,geom,geog,x,y
10670,9317019,VAN DYKE,CANFIELD10,2015-07-08,8,7,2015,20,4,4,9,,4,0,,1,1,1,30,2,2,3,5,0,0,0,0,true,,true,false,true,false,false,,,,,,false,false,false,,,false,false,false,false,false,-83.00965,42.37189,"{
  ""coordinates"": [
    -8.300965122100000e+01,
    4.237188543000010e+01
  ],
  ""type"": ""Point""
}","{
  ""coordinates"": [
    -83.009651221,
    42.37188543
  ],
  ""type"": ""Point""
}",-83.009651221,42.3718854300001
10671,9317040,WYOMING,7 MILE,2015-07-08,8,7,2015,8,4,1,9,,4,0,,1,2,1,40,2,2,1,5,0,0,0,0,true,,false,false,false,false,false,,,,,,true,true,false,,,false,false,false,false,false,-83.16097,42.43135,"{
  ""coordinates"": [
    -8.316097590100000e+01,
    4.243134542100010e+01
  ],
  ""type"": ""Point""
}","{
  ""coordinates"": [
    -83.160975901,
    42.431345421
  ],
  ""type"": ""Point""
}",-83.160975901,42.4313454210001
10672,9316275,WARREN,ST MARYS,2015-07-08,8,7,2015,16,4,5,9,,2,0,,1,2,1,35,4,3,3,5,0,0,0,0,true,,false,false,false,false,false,,,,,,false,false,true,,,false,false,false,false,false,-83.20358,42.34357,"{
  ""coordinates"": [
    -8.320357419999991e+01,
    4.234356895400000e+01
  ],
  ""type"": ""Point""
}","{
  ""coordinates"": [
    -83.2035742,
    42.343568954
  ],
  ""type"": ""Point""
}",-83.2035741999999,42.343568954
10673,9353392,8 MILE,CHAPEL,2015-07-08,8,7,2015,16,4,97,3,,1,0,,1,1,1,40,4,2,2,5,0,0,0,0,true,,false,false,false,false,false,,,,,,false,false,true,,,false,false,false,false,false,-83.25517,42.44333,"{
  ""coordinates"": [
    -8.325517286699990e+01,
    4.244332982800010e+01
  ],
  ""type"": ""Point""
}","{
  ""coordinates"": [
    -83.255172867,
    42.443329828
  ],
  ""type"": ""Point""
}",-83.2551728669999,42.4433298280001
10674,9399377,LIVERNOIS,MCGRAW,2015-07-08,8,7,2015,16,4,5,9,,4,0,,1,2,1,35,5,2,5,4,0,0,0,1,false,,false,false,false,false,false,,,,,,false,false,false,,,false,false,false,false,false,-83.12742,42.34087,"{
  ""coordinates"": [
    -8.312741845499990e+01,
    4.234086577300010e+01
  ],
  ""type"": ""Point""
}","{
  ""coordinates"": [
    -83.127418455,
    42.340865773
  ],
  ""type"": ""Point""
}",-83.1274184549999,42.3408657730001
10675,9317029,BEALS,MACK,2015-07-08,8,7,2015,15,4,9,9,,,2,,1,1,1,25,2,2,1,5,0,0,0,0,true,,false,false,false,false,false,,,,,,false,false,false,,,false,true,false,false,false,-83.00707,42.36661,"{
  ""coordinates"": [
    -8.300706895099999e+01,
    4.236661264800010e+01
  ],
  ""type"": ""Point""
}","{
  ""coordinates"": [
    -83.007068951,
    42.366612648
  ],
  ""type"": ""Point""
}",-83.007068951,42.3666126480001
10676,9317015,MICHIGAN,LONYO,2015-07-08,8,7,2015,16,4,5,2,,1,0,,1,1,1,35,6,3,8,5,0,0,0,0,true,,false,false,false,false,false,,,,,,false,false,false,,,false,false,false,false,false,-83.1444,42.33045,"{
  ""coordinates"": [
    -8.314440109100001e+01,
    4.233045317900010e+01
  ],
  ""type"": ""Point""
}","{
  ""coordinates"": [
    -83.144401091,
    42.330453179
  ],
  ""type"": ""Point""
}",-83.144401091,42.3304531790001
10677,9399099,PREST,MIDLAND,2015-07-08,8,7,2015,9,4,4,9,,,0,,1,1,1,25,2,2,2,5,0,0,0,0,true,,false,false,false,false,false,,,,,,false,false,true,,,false,false,false,false,false,-83.19767,42.40522,"{
  ""coordinates"": [
    -8.319767371499999e+01,
    4.240522107500000e+01
  ],
  ""type"": ""Point""
}","{
  ""coordinates"": [
    -83.197673715,
    42.405221075
  ],
  ""type"": ""Point""
}",-83.197673715,42.405221075
10678,9363335,GRAND RIVER,KENTFIELD,2015-07-08,8,7,2015,16,4,97,3,,1,0,,1,1,1,30,5,2,2,4,0,0,0,1,false,,false,false,false,false,false,,,,,,false,false,false,,,false,false,false,false,false,-83.24093,42.4098,"{
  ""coordinates"": [
    -8.324092747700000e+01,
    4.240980303500000e+01
  ],
  ""type"": ""Point""
}","{
  ""coordinates"": [
    -83.240927477,
    42.409803035
  ],
  ""type"": ""Point""
}",-83.240927477,42.409803035
10679,9316281,WYOMING,MORLEY,2015-07-08,8,7,2015,23,4,4,9,,4,0,,1,1,4,35,4,2,1,5,0,0,0,0,true,,true,false,true,false,false,,,,,,false,false,false,,,false,false,false,false,false,-83.15823,42.36694,"{
  ""coordinates"": [
    -8.315823456299999e+01,
    4.236693406000010e+01
  ],
  ""type"": ""Point""
}","{
  ""coordinates"": [
    -83.158234563,
    42.36693406
  ],
  ""type"": ""Point""
}",-83.158234563,42.3669340600001
10680,9399256,MEYERS,SCHOOLCRAFT,2015-07-08,8,7,2015,13,4,5,9,,4,0,,1,1,1,35,4,2,2,5,0,0,0,0,true,,false,false,false,false,false,,,,,,false,false,false,,,false,false,false,false,false,-83.16872,42.38825,"{
  ""coordinates"": [
    -8.316871263699990e+01,
    4.238824661100010e+01
  ],
  ""type"": ""Point""
}","{
  ""coordinates"": [
    -83.168712637,
    42.388246611
  ],
  ""type"": ""Point""
}",-83.1687126369999,42.3882466110001
10681,9353406,S M 39,I 96 SERVICE DRIVE,2015-07-08,8,7,2015,13,4,1,3,,1,0,,1,1,1,55,3,1,1,5,0,0,0,0,true,,false,false,false,false,false,,,,,,false,false,false,,,false,false,false,false,false,-83.21706,42.37827,"{
  ""coordinates"": [
    -8.321705804899990e+01,
    4.237827148000010e+01
  ],
  ""type"": ""Point""
}","{
  ""coordinates"": [
    -83.217058049,
    42.37827148
  ],
  ""type"": ""Point""
}",-83.2170580489999,42.3782714800001
10682,9319141,LIVERNOIS,CADET,2015-07-08,8,7,2015,13,4,1,9,,4,0,,1,1,1,30,3,2,2,4,0,0,0,1,false,,false,false,false,false,false,,,,,,false,false,false,,,false,false,false,true,false,-83.1086,42.31371,"{
  ""coordinates"": [
    -8.310860538500000e+01,
    4.231370992100010e+01
  ],
  ""type"": ""Point""
}","{
  ""coordinates"": [
    -83.108605385,
    42.313709921
  ],
  ""type"": ""Point""
}",-83.108605385,42.3137099210001
10683,9316282,CADIEUX,WARREN,2015-07-08,8,7,2015,8,4,5,9,,4,0,,1,1,1,30,5,2,2,5,0,0,0,0,true,,false,false,false,false,false,,,,,,false,false,false,,,false,false,false,false,false,-82.92982,42.40607,"{
  ""coordinates"": [
    -8.292982057099989e+01,
    4.240607307700000e+01
  ],
  ""type"": ""Point""
}","{
  ""coordinates"": [
    -82.929820571,
    42.406073077
  ],
  ""type"": ""Point""
}",-82.9298205709999,42.406073077
10684,9330438,WARREN,ARTESIAN,2015-07-08,8,7,2015,14,4,8,9,,2,0,,1,2,1,30,6,3,1,5,0,0,0,0,true,,false,false,false,false,false,,,,,,false,false,false,,,false,false,false,false,false,-83.22579,42.34327,"{
  ""coordinates"": [
    -8.322579347000000e+01,
    4.234327378900010e+01
  ],
  ""type"": ""Point""
}","{
  ""coordinates"": [
    -83.22579347,
    42.343273789
  ],
  ""type"": ""Point""
}",-83.22579347,42.3432737890001
10685,9316272,SCHOOLCRAFT,EVERGREEN,2015-07-08,8,7,2015,14,4,4,9,,2,0,,1,2,1,30,4,2,3,5,0,0,0,0,true,,false,false,false,false,false,,,,,,false,false,false,,,false,false,false,false,false,-83.23689,42.38625,"{
  ""coordinates"": [
    -8.323688241300000e+01,
    4.238625119000010e+01
  ],
  ""type"": ""Point""
}","{
  ""coordinates"": [
    -83.236882413,
    42.38625119
  ],
  ""type"": ""Point""
}",-83.236882413,42.3862511900001
10686,9344529,COLUMBUS,GRAND RIVER,2015-07-08,8,7,2015,16,4,97,9,,,0,,1,1,1,35,1,2,1,5,0,0,0,0,true,,false,false,true,false,false,,,,,,false,false,false,,,false,false,false,true,false,-83.11491,42.35976,"{
  ""coordinates"": [
    -8.311491490100001e+01,
    4.235976039900000e+01
  ],
  ""type"": ""Point""
}","{
  ""coordinates"": [
    -83.114914901,
    42.359760399
  ],
  ""type"": ""Point""
}",-83.114914901,42.359760399
10687,9317009,CAMBRIDGE,OUTER,2015-07-08,8,7,2015,14,4,4,9,,,0,,1,2,1,25,1,2,4,4,0,0,0,1,false,,false,false,false,false,false,,,,,,false,false,false,,,false,false,false,false,false,-83.1757,42.43295,"{
  ""coordinates"": [
    -8.317569686800000e+01,
    4.243294400200010e+01
  ],
  ""type"": ""Point""
}","{
  ""coordinates"": [
    -83.175696868,
    42.432944002
  ],
  ""type"": ""Point""
}",-83.175696868,42.4329440020001
10688,9317021,MELLON,DIX,2015-07-08,8,7,2015,10,4,97,9,,4,0,,1,2,1,30,1,2,2,5,0,0,0,0,true,,false,false,false,false,false,,,,,,false,false,false,,,false,false,false,false,false,-83.15645,42.29052,"{
  ""coordinates"": [
    -8.315645213700000e+01,
    4.229052054500000e+01
  ],
  ""type"": ""Point""
}","{
  ""coordinates"": [
    -83.156452137,
    42.290520545
  ],
  ""type"": ""Point""
}",-83.156452137,42.290520545
10689,9320603,EUCLID,WOODWARD,2015-07-08,8,7,2015,11,4,97,3,,4,0,,1,2,1,25,2,2,2,5,0,0,0,0,true,,false,false,true,false,false,,,,,,false,false,false,,,false,false,false,false,false,-83.07809,42.37711,"{
  ""coordinates"": [
    -8.307808855699990e+01,
    4.237710907900000e+01
  ],
  ""type"": ""Point""
}","{
  ""coordinates"": [
    -83.078088557,
    42.377109079
  ],
  ""type"": ""Point""
}",-83.0780885569999,42.377109079
10690,9316926,RAMP 008R,W I 96 CD,2015-07-08,8,7,2015,17,4,5,1,,1,0,,1,1,1,55,4,2,2,5,0,0,0,0,true,,false,false,false,false,false,,,,,,false,false,false,,,false,false,false,false,false,-83.20753,42.37936,"{
  ""coordinates"": [
    -8.320752420199990e+01,
    4.237935669800000e+01
  ],
  ""type"": ""Point""
}","{
  ""coordinates"": [
    -83.207524202,
    42.379356698
  ],
  ""type"": ""Point""
}",-83.2075242019999,42.379356698
10691,9316957,E I 96,FULLERTON,2015-07-08,8,7,2015,13,4,8,1,,1,0,,1,2,1,70,4,2,4,4,0,0,0,3,false,,false,false,false,false,false,,,,,,false,false,false,,,false,false,false,false,false,-83.18897,42.38017,"{
  ""coordinates"": [
    -8.318897269800000e+01,
    4.238017024500000e+01
  ],
  ""type"": ""Point""
}","{
  ""coordinates"": [
    -83.188972698,
    42.380170245
  ],
  ""type"": ""Point""
}",-83.188972698,42.380170245
10692,9451860,WARREN,WOODMONT,2015-07-07,7,7,2015,17,3,5,9,,2,0,,2,2,1,35,4,2,2,5,0,0,0,0,true,,false,false,false,false,false,,,,,,false,false,false,,,false,false,false,false,false,-83.20745,42.34351,"{
  ""coordinates"": [
    -8.320744795699990e+01,
    4.234350943700010e+01
  ],
  ""type"": ""Point""
}","{
  ""coordinates"": [
    -83.207447957,
    42.343509437
  ],
  ""type"": ""Point""
}",-83.2074479569999,42.3435094370001
10693,9353354,FENKELL,LAHSER,2015-07-07,7,7,2015,22,3,4,9,,2,0,,1,1,4,30,4,2,2,5,0,0,0,0,true,,false,false,false,false,false,,,,,,false,false,true,,,false,false,false,false,false,-83.25683,42.40029,"{
  ""coordinates"": [
    -8.325682455399991e+01,
    4.240028786700000e+01
  ],
  ""type"": ""Point""
}","{
  ""coordinates"": [
    -83.256824554,
    42.400287867
  ],
  ""type"": ""Point""
}",-83.2568245539999,42.400287867
10694,9324310,WYOMING,CORTLAND,2015-07-07,7,7,2015,18,3,2,9,,4,0,,1,1,1,35,4,2,1,4,0,0,0,1,false,,false,false,true,false,false,,,,,,false,false,false,,,false,false,false,false,false,-83.15876,42.37895,"{
  ""coordinates"": [
    -8.315876191500000e+01,
    4.237894901900010e+01
  ],
  ""type"": ""Point""
}","{
  ""coordinates"": [
    -83.158761915,
    42.378949019
  ],
  ""type"": ""Point""
}",-83.158761915,42.3789490190001
10695,9318303,JOHN R,FERRY,2015-07-07,7,7,2015,16,3,4,9,,4,0,,2,4,1,30,2,2,3,4,0,0,0,2,false,,false,false,false,false,false,,,,,,false,false,true,,,false,false,false,false,false,-83.06497,42.36193,"{
  ""coordinates"": [
    -8.306497429500000e+01,
    4.236193081300010e+01
  ],
  ""type"": ""Point""
}","{
  ""coordinates"": [
    -83.064974295,
    42.361930813
  ],
  ""type"": ""Point""
}",-83.064974295,42.3619308130001
10696,9325116,GENESSEE,LONGFELLOW,2015-07-07,7,7,2015,14,3,4,9,,,0,,1,2,1,25,2,2,3,5,0,0,0,0,true,,false,false,false,false,false,,,,,,false,true,true,,,false,false,false,false,false,-83.11518,42.37376,"{
  ""coordinates"": [
    -8.311517775599999e+01,
    4.237375774400000e+01
  ],
  ""type"": ""Point""
}","{
  ""coordinates"": [
    -83.115177756,
    42.373757744
  ],
  ""type"": ""Point""
}",-83.115177756,42.373757744
10697,9451888,GRANDVILLE,ACACIA,2015-07-07,7,7,2015,18,3,97,9,,,0,,2,2,1,25,2,2,0,5,0,0,0,0,true,,false,false,true,false,false,,,,,,false,false,false,,,false,false,false,false,false,-83.23103,42.39174,"{
  ""coordinates"": [
    -8.323102312899989e+01,
    4.239173811100010e+01
  ],
  ""type"": ""Point""
}","{
  ""coordinates"": [
    -83.231023129,
    42.391738111
  ],
  ""type"": ""Point""
}",-83.2310231289999,42.3917381110001
10698,9315385,CONANT,CHARLES,2015-07-07,7,7,2015,15,3,1,9,,4,0,,2,4,1,30,2,1,6,4,0,0,0,1,false,,false,false,false,false,false,,,,,,false,true,false,,,false,false,false,false,false,-83.05918,42.41212,"{
  ""coordinates"": [
    -8.305918012300000e+01,
    4.241211556400000e+01
  ],
  ""type"": ""Point""
}","{
  ""coordinates"": [
    -83.059180123,
    42.412115564
  ],
  ""type"": ""Point""
}",-83.059180123,42.412115564
10699,9316920,I-75,SCHAEFER,2015-07-07,7,7,2015,17,3,5,1,,1,0,,2,2,1,70,4,3,3,5,0,0,0,0,true,,false,false,false,false,false,,,,,,false,true,true,,,false,false,false,false,false,-83.15477,42.27785,"{
  ""coordinates"": [
    -8.315477276199989e+01,
    4.227785355400000e+01
  ],
  ""type"": ""Point""
}","{
  ""coordinates"": [
    -83.154772762,
    42.277853554
  ],
  ""type"": ""Point""
}",-83.1547727619999,42.277853554
10700,9316918,I-94,GRATIOT,2015-07-07,7,7,2015,13,3,1,1,,1,1,,2,1,1,55,1,1,1,5,0,0,0,0,true,,false,false,false,false,false,,,,,,false,false,false,,,false,false,false,false,false,-83.00696,42.39134,"{
  ""coordinates"": [
    -8.300695851300000e+01,
    4.239134047600000e+01
  ],
  ""type"": ""Point""
}","{
  ""coordinates"": [
    -83.006958513,
    42.391340476
  ],
  ""type"": ""Point""
}",-83.006958513,42.391340476
10701,9315341,WOODWARD,MACK,2015-07-07,7,7,2015,11,3,4,3,,1,0,,1,2,1,30,6,2,5,5,0,0,0,0,true,,true,true,false,false,false,,,,,,false,false,true,,,false,false,false,false,false,-83.05793,42.34747,"{
  ""coordinates"": [
    -8.305792834000000e+01,
    4.234746964200010e+01
  ],
  ""type"": ""Point""
}","{
  ""coordinates"": [
    -83.05792834,
    42.347469642
  ],
  ""type"": ""Point""
}",-83.05792834,42.3474696420001
10702,9316902,I-96,LIVERNOIS,2015-07-07,7,7,2015,13,3,8,1,,1,0,,2,4,1,70,4,2,3,5,0,0,0,0,true,,false,false,true,false,false,,,,,,false,false,false,,,false,false,false,false,false,-83.143,42.36892,"{
  ""coordinates"": [
    -8.314300041199991e+01,
    4.236891917600010e+01
  ],
  ""type"": ""Point""
}","{
  ""coordinates"": [
    -83.143000412,
    42.368919176
  ],
  ""type"": ""Point""
}",-83.1430004119999,42.3689191760001
10703,9317043,VASSAR,HUBBELL,2015-07-07,7,7,2015,14,3,4,9,,4,0,,2,4,1,30,2,2,3,5,0,0,0,0,true,,false,false,true,false,false,,,,,,false,false,false,,,false,false,false,false,false,-83.19014,42.4343,"{
  ""coordinates"": [
    -8.319014204699990e+01,
    4.243429826500010e+01
  ],
  ""type"": ""Point""
}","{
  ""coordinates"": [
    -83.190142047,
    42.434298265
  ],
  ""type"": ""Point""
}",-83.1901420469999,42.4342982650001
10704,9317034,7 MILE,MARK TWAIN,2015-07-07,7,7,2015,11,3,4,9,,2,0,,2,4,1,35,4,2,6,5,0,0,0,0,true,,false,false,false,false,false,,,,,,false,false,true,,,false,false,false,false,false,-83.1876,42.4308,"{
  ""coordinates"": [
    -8.318759828700000e+01,
    4.243079846700000e+01
  ],
  ""type"": ""Point""
}","{
  ""coordinates"": [
    -83.187598287,
    42.430798467
  ],
  ""type"": ""Point""
}",-83.187598287,42.430798467
10705,9354322,TELEGRAPH,8 MILE,2015-07-07,7,7,2015,14,3,7,2,,1,0,,2,4,1,50,4,2,3,5,0,0,0,0,true,,false,false,false,false,false,,,,,,false,false,false,,,false,false,false,false,false,-83.27829,42.44274,"{
  ""coordinates"": [
    -8.327829317399990e+01,
    4.244273789300010e+01
  ],
  ""type"": ""Point""
}","{
  ""coordinates"": [
    -83.278293174,
    42.442737893
  ],
  ""type"": ""Point""
}",-83.2782931739999,42.4427378930001
10706,9317039,SCHAEFER,SANTA MARIA,2015-07-07,7,7,2015,12,3,8,9,,4,0,,2,4,1,30,2,2,1,5,0,0,0,0,true,,false,false,true,true,false,,,,,,false,false,false,,,false,false,false,false,false,-83.17988,42.4183,"{
  ""coordinates"": [
    -8.317987821900000e+01,
    4.241829814900010e+01
  ],
  ""type"": ""Point""
}","{
  ""coordinates"": [
    -83.179878219,
    42.418298149
  ],
  ""type"": ""Point""
}",-83.179878219,42.4182981490001
10707,9320607,LIVERNOIS,ALASKA,2015-07-07,7,7,2015,16,3,8,9,,4,0,,2,4,1,35,6,2,1,5,0,0,0,0,true,,false,false,false,false,false,,,,,,false,false,false,,,false,false,false,false,false,-83.13808,42.35538,"{
  ""coordinates"": [
    -8.313808249800000e+01,
    4.235538393400000e+01
  ],
  ""type"": ""Point""
}","{
  ""coordinates"": [
    -83.138082498,
    42.355383934
  ],
  ""type"": ""Point""
}",-83.138082498,42.355383934
10708,9315368,GRAND RIVER,FENKELL,2015-07-07,7,7,2015,13,3,97,3,,1,0,,2,4,1,35,8,2,5,4,0,0,0,2,false,,false,false,false,false,false,,,,,,false,true,true,,,false,false,false,false,false,-83.2193,42.4011,"{
  ""coordinates"": [
    -8.321929897599991e+01,
    4.240109759200000e+01
  ],
  ""type"": ""Point""
}","{
  ""coordinates"": [
    -83.219298976,
    42.401097592
  ],
  ""type"": ""Point""
}",-83.2192989759999,42.401097592
10709,9316904,I94,THIRD,2015-07-07,7,7,2015,17,3,5,1,,1,0,,1,1,1,55,3,2,2,5,0,0,0,0,true,,false,false,false,false,false,,,,,,false,false,false,,,false,false,false,false,false,-83.07394,42.36092,"{
  ""coordinates"": [
    -8.307394171800000e+01,
    4.236091974600000e+01
  ],
  ""type"": ""Point""
}","{
  ""coordinates"": [
    -83.073941718,
    42.360919746
  ],
  ""type"": ""Point""
}",-83.073941718,42.360919746
10710,9418911,HARPER,BURNS,2015-07-07,7,7,2015,10,3,4,9,,4,0,,1,1,1,30,8,2,2,4,0,0,0,1,false,,false,false,false,false,false,,,,,,false,false,false,,,false,false,false,false,false,-83.01543,42.39031,"{
  ""coordinates"": [
    -8.301542328499990e+01,
    4.239031371700000e+01
  ],
  ""type"": ""Point""
}","{
  ""coordinates"": [
    -83.015423285,
    42.390313717
  ],
  ""type"": ""Point""
}",-83.0154232849999,42.390313717
10711,9318158,NB I75,CLAY,2015-07-07,7,7,2015,23,3,97,1,,1,0,,1,2,4,70,4,2,2,4,0,0,0,1,false,,false,false,false,false,false,,,,,,false,true,false,,,false,false,false,false,false,-83.06227,42.37788,"{
  ""coordinates"": [
    -8.306226964500000e+01,
    4.237788361100010e+01
  ],
  ""type"": ""Point""
}","{
  ""coordinates"": [
    -83.062269645,
    42.377883611
  ],
  ""type"": ""Point""
}",-83.062269645,42.3778836110001
10712,9314928,EB I-94,THIRD,2015-07-07,7,7,2015,17,3,5,1,,1,0,,1,1,1,55,3,2,2,5,0,0,0,0,true,,false,false,false,false,false,,,,,,false,false,true,,,false,false,false,false,false,-83.07801,42.35781,"{
  ""coordinates"": [
    -8.307801239500000e+01,
    4.235781182300010e+01
  ],
  ""type"": ""Point""
}","{
  ""coordinates"": [
    -83.078012395,
    42.357811823
  ],
  ""type"": ""Point""
}",-83.078012395,42.3578118230001
10713,9325905,CONNER,WARREN,2015-07-07,7,7,2015,12,3,8,9,,4,0,,1,1,1,35,5,2,2,5,0,0,0,0,true,,false,false,false,false,false,,,,,,false,false,false,,,false,false,false,false,false,-82.97579,42.38921,"{
  ""coordinates"": [
    -8.297579245199999e+01,
    4.238920418500000e+01
  ],
  ""type"": ""Point""
}","{
  ""coordinates"": [
    -82.975792452,
    42.389204185
  ],
  ""type"": ""Point""
}",-82.975792452,42.389204185
10714,9317023,FORT,SCHAEFER,2015-07-07,7,7,2015,7,3,5,3,,1,0,,1,1,1,35,5,2,2,5,0,0,0,0,true,,false,false,false,false,false,,,,,,false,false,false,,,false,false,false,false,false,-83.15543,42.27644,"{
  ""coordinates"": [
    -8.315543243199990e+01,
    4.227644451300010e+01
  ],
  ""type"": ""Point""
}","{
  ""coordinates"": [
    -83.155432432,
    42.276444513
  ],
  ""type"": ""Point""
}",-83.1554324319999,42.2764445130001
10715,9325836,I 94,TRUMBULL RAMP 214E,2015-07-07,7,7,2015,16,3,8,1,,1,0,,1,1,1,55,3,2,2,5,0,0,0,0,true,,false,false,true,false,false,,,,,,false,true,false,,,false,false,false,false,false,-83.08133,42.35649,"{
  ""coordinates"": [
    -8.308133126699990e+01,
    4.235649462400000e+01
  ],
  ""type"": ""Point""
}","{
  ""coordinates"": [
    -83.081331267,
    42.356494624
  ],
  ""type"": ""Point""
}",-83.0813312669999,42.356494624
10716,9320608,DAVISON,PETOSKEY,2015-07-07,7,7,2015,17,3,5,3,,1,0,,2,4,1,30,6,2,2,5,0,0,0,0,true,,false,false,true,false,false,,,,,,false,false,false,,,false,false,false,false,false,-83.1357,42.38791,"{
  ""coordinates"": [
    -8.313569370399991e+01,
    4.238791343500000e+01
  ],
  ""type"": ""Point""
}","{
  ""coordinates"": [
    -83.135693704,
    42.387913435
  ],
  ""type"": ""Point""
}",-83.1356937039999,42.387913435
10717,9451887,GRAND RIVER,OUTER,2015-07-07,7,7,2015,16,3,97,3,,1,0,,2,2,1,35,6,2,2,5,0,0,0,0,true,,false,false,false,false,false,,,,,,false,false,false,,,false,false,false,false,false,-83.23291,42.40658,"{
  ""coordinates"": [
    -8.323290723600000e+01,
    4.240657879700010e+01
  ],
  ""type"": ""Point""
}","{
  ""coordinates"": [
    -83.232907236,
    42.406578797
  ],
  ""type"": ""Point""
}",-83.232907236,42.4065787970001
10718,9315366,MCNICHOLS,ASBURY,2015-07-07,7,7,2015,19,3,2,9,,2,2,,2,2,1,35,4,2,2,5,0,0,0,0,true,,false,false,false,false,false,,,,,,false,false,false,,,false,false,false,false,false,-83.21014,42.41574,"{
  ""coordinates"": [
    -8.321013773000000e+01,
    4.241573934600010e+01
  ],
  ""type"": ""Point""
}","{
  ""coordinates"": [
    -83.21013773,
    42.415739346
  ],
  ""type"": ""Point""
}",-83.21013773,42.4157393460001
10719,9319800,N M 39,I 96 SERVICE DRIVE,2015-07-07,7,7,2015,17,3,5,3,,1,0,,1,1,1,55,3,2,2,5,0,0,0,0,true,,false,false,false,false,false,,,,,,false,false,true,,,false,false,false,false,false,-83.21686,42.3781,"{
  ""coordinates"": [
    -8.321685921200000e+01,
    4.237809880400000e+01
  ],
  ""type"": ""Point""
}","{
  ""coordinates"": [
    -83.216859212,
    42.378098804
  ],
  ""type"": ""Point""
}",-83.216859212,42.378098804
10720,9317033,BUFFALO,CHARLES,2015-07-07,7,7,2015,19,3,5,9,,4,0,,1,1,1,25,2,2,1,4,0,0,0,1,false,,false,false,true,false,false,,,,,,false,false,false,,,false,false,false,false,false,-83.04751,42.4118,"{
  ""coordinates"": [
    -8.304751158300000e+01,
    4.241180247800000e+01
  ],
  ""type"": ""Point""
}","{
  ""coordinates"": [
    -83.047511583,
    42.411802478
  ],
  ""type"": ""Point""
}",-83.047511583,42.411802478
10721,9316278,GRAND RIVER,MARLOWE,2015-07-07,7,7,2015,0,3,2,3,,1,2,,1,1,5,35,7,2,6,2,0,3,1,0,false,,false,false,false,false,false,,,,,,false,false,true,,,false,false,false,false,false,-83.18903,42.3889,"{
  ""coordinates"": [
    -8.318903084800000e+01,
    4.238889880300010e+01
  ],
  ""type"": ""Point""
}","{
  ""coordinates"": [
    -83.189030848,
    42.388898803
  ],
  ""type"": ""Point""
}",-83.189030848,42.3888988030001
10722,9323356,NB I-75,DAVISON,2015-07-07,7,7,2015,22,3,5,1,,1,0,,1,1,4,70,3,2,2,5,0,0,0,0,true,,false,false,false,false,false,,,,,,false,false,false,,,false,false,false,false,false,-83.08186,42.41181,"{
  ""coordinates"": [
    -8.308185945900000e+01,
    4.241180838100010e+01
  ],
  ""type"": ""Point""
}","{
  ""coordinates"": [
    -83.081859459,
    42.411808381
  ],
  ""type"": ""Point""
}",-83.081859459,42.4118083810001
10723,9316276,ARDMORE,PEMBROKE,2015-07-07,7,7,2015,21,3,97,9,,,0,,1,1,4,25,2,2,0,5,0,0,0,0,true,,false,false,true,false,false,,,,,,false,false,false,,,false,false,false,false,false,-83.18556,42.43855,"{
  ""coordinates"": [
    -8.318556496399999e+01,
    4.243854511000010e+01
  ],
  ""type"": ""Point""
}","{
  ""coordinates"": [
    -83.185564964,
    42.43854511
  ],
  ""type"": ""Point""
}",-83.185564964,42.4385451100001
10724,9322345,KANE,LAMPHERE,2015-07-07,7,7,2015,19,3,8,9,,,0,,1,2,1,25,2,2,1,5,0,0,0,0,true,,false,false,true,false,false,,,,,,false,false,false,,,false,false,false,false,false,-83.26144,42.38894,"{
  ""coordinates"": [
    -8.326144347400000e+01,
    4.238893859300000e+01
  ],
  ""type"": ""Point""
}","{
  ""coordinates"": [
    -83.261443474,
    42.388938593
  ],
  ""type"": ""Point""
}",-83.261443474,42.388938593
10725,9325931,REX,8 MILE,2015-07-07,7,7,2015,12,3,97,3,,,0,,2,2,1,25,1,2,2,5,0,0,0,0,true,,false,false,true,false,false,,,,,,false,false,true,,,false,false,false,false,false,-82.95863,42.44995,"{
  ""coordinates"": [
    -8.295863699400000e+01,
    4.244995364400010e+01
  ],
  ""type"": ""Point""
}","{
  ""coordinates"": [
    -82.958636994,
    42.449953644
  ],
  ""type"": ""Point""
}",-82.958636994,42.4499536440001
10726,9329412,BLISS,OUTER,2015-07-07,7,7,2015,18,3,97,9,,,0,,1,2,1,25,2,2,4,5,0,0,0,0,true,,false,false,false,false,false,,,,,,false,false,false,,,false,false,false,false,false,-83.01692,42.43733,"{
  ""coordinates"": [
    -8.301691892699991e+01,
    4.243733167200000e+01
  ],
  ""type"": ""Point""
}","{
  ""coordinates"": [
    -83.016918927,
    42.437331672
  ],
  ""type"": ""Point""
}",-83.0169189269999,42.437331672