ObjectId,Crash ID,Primary Road,Intersecting Road,Crash Date,Day,Month,Year,Hour,Weekday,Crash Type Code,Highway Classification Code,Community Code,Jurisdiction Code,Lane Departure Type Code,Surface Type,Road Condition,Weather Condition,Lighting Condition,Speed Limit,Lanes,Units,Occupants,Most Severe Injury,Fatal Injuries,Suspected Serious Injuries,Suspected Minor Injuries,Possible Injuries,Property Damage Only,Secondary Crash,Traffic Control,Red Light Run,Hit and Run,Alcohol,Drugs,Unbelted Person,Work Zone,Speeding Driver,Distracted Driver,Driveway,Pedestrian,Elderly Driver,Young Driver,Commercial Vehicle,Emergency Vehicles,Train,School Bus,Motorcycle,Bicycle,Deer,Longitude,Latitude,geom,geog,x,y
10727,9318314,SOUTHAMPTON,HAVERHILL,2015-07-07,7,7,2015,15,3,4,9,,,0,,2,4,1,25,2,2,4,4,0,0,0,2,false,,false,false,false,false,false,,,,,,false,false,true,,,false,false,false,false,false,-82.94504,42.4046,"{
  ""coordinates"": [
    -8.294504106100000e+01,
    4.240460193100010e+01
  ],
  ""type"": ""Point""
}","{
  ""coordinates"": [
    -82.945041061,
    42.404601931
  ],
  ""type"": ""Point""
}",-82.945041061,42.4046019310001
10728,9314927,I94,I-75,2015-07-07,7,7,2015,17,3,5,1,,1,0,,1,1,1,55,3,2,2,5,0,0,0,0,true,,false,false,false,false,false,,,,,,false,false,false,,,false,false,false,false,false,-83.0571,42.36906,"{
  ""coordinates"": [
    -8.305709970500000e+01,
    4.236906041100010e+01
  ],
  ""type"": ""Point""
}","{
  ""coordinates"": [
    -83.057099705,
    42.369060411
  ],
  ""type"": ""Point""
}",-83.057099705,42.3690604110001
10729,9325922,HURLBUT,GOETHE,2015-07-07,7,7,2015,11,3,4,9,,,0,,1,2,1,25,2,2,5,3,0,0,1,1,false,,false,false,false,false,false,,,,,,false,false,true,,,false,false,false,false,false,-82.98814,42.37185,"{
  ""coordinates"": [
    -8.298814000399990e+01,
    4.237184512800010e+01
  ],
  ""type"": ""Point""
}","{
  ""coordinates"": [
    -82.988140004,
    42.371845128
  ],
  ""type"": ""Point""
}",-82.9881400039999,42.3718451280001
10730,9325955,BLISS,KEMPA,2015-07-07,7,7,2015,17,3,4,9,,,0,,1,2,1,25,1,2,0,5,0,0,0,0,true,,false,false,false,false,false,,,,,,false,false,false,,,false,false,false,false,false,-83.0194,42.43728,"{
  ""coordinates"": [
    -8.301939824300000e+01,
    4.243727940600010e+01
  ],
  ""type"": ""Point""
}","{
  ""coordinates"": [
    -83.019398243,
    42.437279406
  ],
  ""type"": ""Point""
}",-83.019398243,42.4372794060001
10731,9317030,SENECA,PETER HUNT,2015-07-07,7,7,2015,22,3,9,9,,,2,,1,1,5,25,1,3,1,5,0,0,0,0,true,,false,false,false,true,false,,,,,,false,false,false,,,false,false,false,false,false,-83.0173,42.39122,"{
  ""coordinates"": [
    -8.301729697699990e+01,
    4.239122003900010e+01
  ],
  ""type"": ""Point""
}","{
  ""coordinates"": [
    -83.017296977,
    42.391220039
  ],
  ""type"": ""Point""
}",-83.0172969769999,42.3912200390001
10732,9317041,S M 10,7 MILE,2015-07-07,7,7,2015,10,3,8,3,,1,0,,2,4,1,55,3,2,3,5,0,0,0,0,true,,false,false,false,false,false,,,,,,false,true,false,,,false,false,false,false,false,-83.18691,42.43061,"{
  ""coordinates"": [
    -8.318691532100000e+01,
    4.243060617900010e+01
  ],
  ""type"": ""Point""
}","{
  ""coordinates"": [
    -83.186915321,
    42.430606179
  ],
  ""type"": ""Point""
}",-83.186915321,42.4306061790001
10733,9324291,SPARTA,LIVERNOIS,2015-07-07,7,7,2015,18,3,97,9,,,0,,1,1,4,25,2,2,0,5,0,0,0,0,true,,false,false,true,false,false,,,,,,false,false,false,,,false,false,false,false,false,-83.13267,42.3476,"{
  ""coordinates"": [
    -8.313266940499990e+01,
    4.234759957700000e+01
  ],
  ""type"": ""Point""
}","{
  ""coordinates"": [
    -83.132669405,
    42.347599577
  ],
  ""type"": ""Point""
}",-83.1326694049999,42.347599577
10734,9316279,GRAND RIVER,ARDMORE,2015-07-07,7,7,2015,2,3,4,3,,1,0,,1,1,4,35,7,2,3,4,0,0,0,1,false,,false,false,false,false,false,,,,,,false,false,true,,,false,false,true,false,false,-83.18382,42.3868,"{
  ""coordinates"": [
    -8.318382492300000e+01,
    4.238680390000010e+01
  ],
  ""type"": ""Point""
}","{
  ""coordinates"": [
    -83.183824923,
    42.3868039
  ],
  ""type"": ""Point""
}",-83.183824923,42.3868039000001
10735,9320606,JEFFRIES,DAVISON,2015-07-07,7,7,2015,12,3,8,9,,4,0,,2,4,1,30,3,2,2,5,0,0,0,0,true,,false,false,false,false,false,,,,,,false,false,true,,,false,false,false,false,false,-83.24207,42.38388,"{
  ""coordinates"": [
    -8.324206485900000e+01,
    4.238387551600000e+01
  ],
  ""type"": ""Point""
}","{
  ""coordinates"": [
    -83.242064859,
    42.383875516
  ],
  ""type"": ""Point""
}",-83.242064859,42.383875516
10736,9316285,WASHINGTON,MICHIGAN,2015-07-07,7,7,2015,14,3,97,9,,4,0,,2,2,1,35,4,2,1,5,0,0,0,0,true,,false,false,false,false,false,,,,,,false,false,false,,,false,false,false,false,false,-83.05116,42.3316,"{
  ""coordinates"": [
    -8.305116486100000e+01,
    4.233160198700010e+01
  ],
  ""type"": ""Point""
}","{
  ""coordinates"": [
    -83.051164861,
    42.331601987
  ],
  ""type"": ""Point""
}",-83.051164861,42.3316019870001
10737,9317037,8 MILE,N M 10,2015-07-07,7,7,2015,12,3,4,3,,1,0,,2,4,1,25,3,2,3,4,0,0,0,1,false,,false,false,false,false,false,,,,,,false,false,true,,,false,false,false,false,false,-83.20329,42.44469,"{
  ""coordinates"": [
    -8.320329158800000e+01,
    4.244468817400010e+01
  ],
  ""type"": ""Point""
}","{
  ""coordinates"": [
    -83.203291588,
    42.444688174
  ],
  ""type"": ""Point""
}",-83.203291588,42.4446881740001
10738,9317035,SCHAEFER,MCNICHOLS,2015-07-07,7,7,2015,12,3,5,9,,4,0,,7,4,1,30,4,2,2,5,0,0,0,0,true,,false,false,false,true,false,,,,,,false,false,false,,,false,false,false,false,false,-83.1798,42.41666,"{
  ""coordinates"": [
    -8.317980115300000e+01,
    4.241666123300010e+01
  ],
  ""type"": ""Point""
}","{
  ""coordinates"": [
    -83.179801153,
    42.416661233
  ],
  ""type"": ""Point""
}",-83.179801153,42.4166612330001
10739,9320600,CANFIELD,BENITEAU,2015-07-07,7,7,2015,3,3,4,9,,4,0,,1,1,4,30,2,2,2,5,0,0,0,0,true,,true,false,true,false,false,,,,,,false,false,false,,,false,false,false,false,false,-82.98237,42.38268,"{
  ""coordinates"": [
    -8.298236562699999e+01,
    4.238267725700010e+01
  ],
  ""type"": ""Point""
}","{
  ""coordinates"": [
    -82.982365627,
    42.382677257
  ],
  ""type"": ""Point""
}",-82.982365627,42.3826772570001
10740,9425605,GRISWALD,MICHIGAN,2015-07-07,7,7,2015,17,3,8,9,,4,0,,2,2,1,30,4,2,1,5,0,0,0,0,true,,false,false,false,false,false,,,,,,false,false,false,,,false,false,false,false,false,-83.04866,42.3321,"{
  ""coordinates"": [
    -8.304865769199991e+01,
    4.233210010400010e+01
  ],
  ""type"": ""Point""
}","{
  ""coordinates"": [
    -83.048657692,
    42.332100104
  ],
  ""type"": ""Point""
}",-83.0486576919999,42.3321001040001
10741,9315342,RAMP 214E,W I 94,2015-07-07,7,7,2015,16,3,5,1,,1,0,,2,2,1,55,3,2,3,5,0,0,0,0,true,,false,false,true,false,false,,,,,,false,false,false,,,false,false,false,false,false,-83.08311,42.35531,"{
  ""coordinates"": [
    -8.308311752700000e+01,
    4.235531224100000e+01
  ],
  ""type"": ""Point""
}","{
  ""coordinates"": [
    -83.083117527,
    42.355312241
  ],
  ""type"": ""Point""
}",-83.083117527,42.355312241
10742,9325930,7 MILE,QUEEN,2015-07-07,7,7,2015,9,3,5,9,,2,0,,1,1,1,30,2,2,2,4,0,0,0,1,false,,false,false,false,false,false,,,,,,false,false,false,,,false,false,false,false,false,-82.96804,42.43534,"{
  ""coordinates"": [
    -8.296804326499991e+01,
    4.243534441900000e+01
  ],
  ""type"": ""Point""
}","{
  ""coordinates"": [
    -82.968043265,
    42.435344419
  ],
  ""type"": ""Point""
}",-82.9680432649999,42.435344419
10743,9316924,RAMP 139G,W I 96 CD,2015-07-07,7,7,2015,14,3,1,1,,1,1,,2,4,1,45,3,1,2,5,0,0,0,0,true,,false,false,false,false,false,,,,,,false,false,true,,,false,false,false,false,false,-83.15501,42.38554,"{
  ""coordinates"": [
    -8.315500829699990e+01,
    4.238553567800010e+01
  ],
  ""type"": ""Point""
}","{
  ""coordinates"": [
    -83.155008297,
    42.385535678
  ],
  ""type"": ""Point""
}",-83.1550082969999,42.3855356780001
10744,9317014,MCNICHOLS,FAIRFIELD,2015-07-07,7,7,2015,6,3,5,9,,4,0,,1,1,1,25,2,2,1,5,0,0,0,0,true,,false,false,true,false,false,,,,,,false,false,false,,,false,false,false,false,false,-83.13534,42.41722,"{
  ""coordinates"": [
    -8.313533738400000e+01,
    4.241722319700010e+01
  ],
  ""type"": ""Point""
}","{
  ""coordinates"": [
    -83.135337384,
    42.417223197
  ],
  ""type"": ""Point""
}",-83.135337384,42.4172231970001
10745,9315370,PAUL,BRACE,2015-07-07,7,7,2015,16,3,4,9,,4,0,,2,2,1,25,2,2,2,4,0,0,0,1,false,,false,false,false,false,false,,,,,,false,false,true,,,false,false,false,false,false,-83.22265,42.33604,"{
  ""coordinates"": [
    -8.322264849399990e+01,
    4.233603923000000e+01
  ],
  ""type"": ""Point""
}","{
  ""coordinates"": [
    -83.222648494,
    42.33603923
  ],
  ""type"": ""Point""
}",-83.2226484939999,42.33603923
10746,9363355,FORRER,KEELER,2015-07-07,7,7,2015,18,3,5,9,,,0,,1,1,1,25,2,2,1,5,0,0,0,0,true,,false,false,false,false,false,,,,,,false,true,false,,,false,false,false,false,false,-83.20161,42.4032,"{
  ""coordinates"": [
    -8.320161284900000e+01,
    4.240320145700010e+01
  ],
  ""type"": ""Point""
}","{
  ""coordinates"": [
    -83.201612849,
    42.403201457
  ],
  ""type"": ""Point""
}",-83.201612849,42.4032014570001
10747,9315384,NEVADA,GREELEY,2015-07-07,7,7,2015,14,3,4,9,,4,0,,2,4,1,35,2,2,2,4,0,0,0,1,false,,true,false,false,false,false,,,,,,false,false,true,,,false,false,false,false,false,-83.08742,42.42508,"{
  ""coordinates"": [
    -8.308741490300000e+01,
    4.242507485200010e+01
  ],
  ""type"": ""Point""
}","{
  ""coordinates"": [
    -83.087414903,
    42.425074852
  ],
  ""type"": ""Point""
}",-83.087414903,42.4250748520001
10748,9323358,RAMP 215H,W I 94,2015-07-07,7,7,2015,0,3,1,1,,1,1,,1,1,5,55,1,1,1,5,0,0,0,0,true,,false,false,true,true,false,,,,,,false,false,false,,,false,false,false,false,false,-83.07921,42.35749,"{
  ""coordinates"": [
    -8.307920839199990e+01,
    4.235749372800010e+01
  ],
  ""type"": ""Point""
}","{
  ""coordinates"": [
    -83.079208392,
    42.357493728
  ],
  ""type"": ""Point""
}",-83.0792083919999,42.3574937280001
10749,9315346,GREENFIELD,MAJESTIC,2015-07-07,7,7,2015,16,3,4,9,,2,0,,2,2,1,35,4,2,3,4,0,0,0,1,false,,false,false,false,false,false,,,,,,false,true,false,,,false,false,false,false,false,-83.19632,42.34522,"{
  ""coordinates"": [
    -8.319632298600000e+01,
    4.234522148800000e+01
  ],
  ""type"": ""Point""
}","{
  ""coordinates"": [
    -83.196322986,
    42.345221488
  ],
  ""type"": ""Point""
}",-83.196322986,42.345221488
10750,9316919,I-75,CLARK,2015-07-07,7,7,2015,16,3,1,1,,1,1,,2,2,1,55,4,1,1,5,0,0,0,0,true,,false,false,false,false,false,,,,,,false,true,false,,,false,false,false,false,false,-83.08944,42.3143,"{
  ""coordinates"": [
    -8.308943975299999e+01,
    4.231430473800000e+01
  ],
  ""type"": ""Point""
}","{
  ""coordinates"": [
    -83.089439753,
    42.314304738
  ],
  ""type"": ""Point""
}",-83.089439753,42.314304738
10751,9316288,I-75,6 MILE,2015-07-07,7,7,2015,15,3,8,1,,1,0,,2,4,1,70,3,2,1,5,0,0,0,0,true,,false,false,true,false,false,,,,,,false,false,false,,,false,false,false,false,false,-83.08782,42.41833,"{
  ""coordinates"": [
    -8.308782032700000e+01,
    4.241832993800010e+01
  ],
  ""type"": ""Point""
}","{
  ""coordinates"": [
    -83.087820327,
    42.418329938
  ],
  ""type"": ""Point""
}",-83.087820327,42.4183299380001
10752,9316956,N/B I-75,BRUSH,2015-07-07,7,7,2015,16,3,5,1,,1,0,,1,2,1,55,4,2,2,5,0,0,0,0,true,,false,false,false,false,false,,,,,,false,false,true,,,false,false,false,false,false,-83.05279,42.33985,"{
  ""coordinates"": [
    -8.305278816799991e+01,
    4.233984724300010e+01
  ],
  ""type"": ""Point""
}","{
  ""coordinates"": [
    -83.052788168,
    42.339847243
  ],
  ""type"": ""Point""
}",-83.0527881679999,42.3398472430001
10753,9315364,BURT,CONSTANCE,2015-07-06,6,7,2015,14,2,4,9,,,0,,1,1,1,25,1,2,2,5,0,0,0,0,true,,false,false,false,false,false,,,,,,false,true,false,,,false,false,false,false,false,-83.24556,42.35432,"{
  ""coordinates"": [
    -8.324555732899999e+01,
    4.235431483700010e+01
  ],
  ""type"": ""Point""
}","{
  ""coordinates"": [
    -83.245557329,
    42.354314837
  ],
  ""type"": ""Point""
}",-83.245557329,42.3543148370001
10754,9317013,VAN DYKE,7 MILE,2015-07-06,6,7,2015,15,2,5,3,,1,0,,1,1,1,0,3,2,2,5,0,0,0,0,true,,false,false,false,false,false,,,,,,false,false,false,,,false,false,false,false,false,-83.02425,42.43397,"{
  ""coordinates"": [
    -8.302424816699990e+01,
    4.243396838500010e+01
  ],
  ""type"": ""Point""
}","{
  ""coordinates"": [
    -83.024248167,
    42.433968385
  ],
  ""type"": ""Point""
}",-83.0242481669999,42.4339683850001
10755,9478410,DAVISON,LIVERNOIS,2015-07-06,6,7,2015,11,2,2,3,,1,0,,1,1,1,35,4,2,2,3,0,0,1,0,false,,false,false,false,false,false,,,,,,false,true,false,,,false,false,false,false,false,-83.13953,42.38649,"{
  ""coordinates"": [
    -8.313953198300000e+01,
    4.238649114300010e+01
  ],
  ""type"": ""Point""
}","{
  ""coordinates"": [
    -83.139531983,
    42.386491143
  ],
  ""type"": ""Point""
}",-83.139531983,42.3864911430001
10756,9353339,GRAND RIVER,KENTFORD,2015-07-06,6,7,2015,16,2,3,3,,1,0,,1,1,1,35,4,2,2,4,0,0,0,2,false,,false,false,false,false,false,,,,,,false,false,true,,,false,false,false,false,false,-83.22155,42.40201,"{
  ""coordinates"": [
    -8.322155257100000e+01,
    4.240201348300010e+01
  ],
  ""type"": ""Point""
}","{
  ""coordinates"": [
    -83.221552571,
    42.402013483
  ],
  ""type"": ""Point""
}",-83.221552571,42.4020134830001
10757,9315361,N M 39,WARREN,2015-07-06,6,7,2015,16,2,5,3,,1,0,,1,1,1,55,3,2,3,5,0,0,0,0,true,,false,false,false,false,false,,,,,,false,false,true,,,false,false,false,false,false,-83.21604,42.34341,"{
  ""coordinates"": [
    -8.321603777500000e+01,
    4.234341193200000e+01
  ],
  ""type"": ""Point""
}","{
  ""coordinates"": [
    -83.216037775,
    42.343411932
  ],
  ""type"": ""Point""
}",-83.216037775,42.343411932
10758,9325858,GRATIOT,BRUSH,2015-07-06,6,7,2015,8,2,8,3,,1,0,,1,1,1,25,7,2,3,5,0,0,0,0,true,,false,false,false,false,false,,,,,,false,false,false,,,false,false,false,false,false,-83.04465,42.33583,"{
  ""coordinates"": [
    -8.304464377799999e+01,
    4.233582509000010e+01
  ],
  ""type"": ""Point""
}","{
  ""coordinates"": [
    -83.044643778,
    42.33582509
  ],
  ""type"": ""Point""
}",-83.044643778,42.3358250900001
10759,9315383,VAN DYKE,MCNICHOLS,2015-07-06,6,7,2015,16,2,4,3,,1,0,,1,1,1,35,2,2,3,4,0,0,0,1,false,,false,false,false,false,false,,,,,,false,false,false,,,false,false,false,false,false,-83.0237,42.41952,"{
  ""coordinates"": [
    -8.302370483500000e+01,
    4.241951919900000e+01
  ],
  ""type"": ""Point""
}","{
  ""coordinates"": [
    -83.023704835,
    42.419519199
  ],
  ""type"": ""Point""
}",-83.023704835,42.419519199
10760,9408658,LARNED,BEAUBIEN,2015-07-06,6,7,2015,0,2,4,9,,4,0,,1,1,4,25,2,2,2,5,0,0,0,0,true,,false,false,false,false,false,,,,,,false,false,false,,,false,false,false,false,false,-83.04079,42.33236,"{
  ""coordinates"": [
    -8.304079006400001e+01,
    4.233235740400000e+01
  ],
  ""type"": ""Point""
}","{
  ""coordinates"": [
    -83.040790064,
    42.332357404
  ],
  ""type"": ""Point""
}",-83.040790064,42.332357404
10761,9413833,HARPER,OUTER,2015-07-06,6,7,2015,18,2,97,9,,4,0,,1,1,1,40,2,2,4,3,0,0,2,2,false,,true,false,false,false,false,,,,,,false,false,false,,,false,false,false,false,false,-82.96054,42.40585,"{
  ""coordinates"": [
    -8.296053907899990e+01,
    4.240585275400010e+01
  ],
  ""type"": ""Point""
}","{
  ""coordinates"": [
    -82.960539079,
    42.405852754
  ],
  ""type"": ""Point""
}",-82.9605390789999,42.4058527540001
10762,9315365,HEYDEN,GLENCO,2015-07-06,6,7,2015,11,2,4,9,,,0,,1,1,1,25,1,2,2,5,0,0,0,0,true,,true,false,false,false,false,,,,,,false,false,false,,,false,false,false,false,false,-83.24041,42.42163,"{
  ""coordinates"": [
    -8.324040883600000e+01,
    4.242163022700000e+01
  ],
  ""type"": ""Point""
}","{
  ""coordinates"": [
    -83.240408836,
    42.421630227
  ],
  ""type"": ""Point""
}",-83.240408836,42.421630227
10763,9379282,KEELER,FORRER,2015-07-06,6,7,2015,10,2,8,9,,,0,,1,1,1,25,2,2,0,5,0,0,0,0,true,,false,false,true,false,false,,,,,,false,false,false,,,false,false,false,false,false,-83.20152,42.40323,"{
  ""coordinates"": [
    -8.320151673200000e+01,
    4.240323307200000e+01
  ],
  ""type"": ""Point""
}","{
  ""coordinates"": [
    -83.201516732,
    42.403233072
  ],
  ""type"": ""Point""
}",-83.201516732,42.403233072
10764,9330422,GRAND RIVER,WARWICK,2015-07-06,6,7,2015,13,2,5,3,,1,0,,1,1,1,35,4,2,2,5,0,0,0,0,true,,false,false,false,false,false,,,,,,false,false,false,,,false,false,false,false,false,-83.22903,42.40502,"{
  ""coordinates"": [
    -8.322903522099990e+01,
    4.240502273600000e+01
  ],
  ""type"": ""Point""
}","{
  ""coordinates"": [
    -83.229035221,
    42.405022736
  ],
  ""type"": ""Point""
}",-83.2290352209999,42.405022736
10765,9315389,MEYERS,MARGARETA,2015-07-06,6,7,2015,4,2,1,9,,4,1,,1,1,4,30,5,1,0,5,0,0,0,0,true,,false,false,true,false,false,,,,,,false,false,false,,,false,false,false,false,false,-83.17057,42.42789,"{
  ""coordinates"": [
    -8.317056993200001e+01,
    4.242789580800010e+01
  ],
  ""type"": ""Point""
}","{
  ""coordinates"": [
    -83.170569932,
    42.427895808
  ],
  ""type"": ""Point""
}",-83.170569932,42.4278958080001
10766,9315382,CHARLES,BUFFALO,2015-07-06,6,7,2015,20,2,9,9,,4,2,,1,1,1,35,2,2,2,4,0,0,0,2,false,,false,false,false,false,false,,,,,,false,false,false,,,false,false,false,false,false,-83.04733,42.41178,"{
  ""coordinates"": [
    -8.304733017099990e+01,
    4.241177806100010e+01
  ],
  ""type"": ""Point""
}","{
  ""coordinates"": [
    -83.047330171,
    42.411778061
  ],
  ""type"": ""Point""
}",-83.0473301709999,42.4117780610001
10767,9319808,I-94,I-75,2015-07-06,6,7,2015,4,2,5,1,,1,0,,1,1,4,55,3,2,2,5,0,0,0,0,true,,false,false,true,false,false,,,,,,false,false,false,,,false,false,false,false,false,-83.05434,42.37111,"{
  ""coordinates"": [
    -8.305434232399990e+01,
    4.237111251600000e+01
  ],
  ""type"": ""Point""
}","{
  ""coordinates"": [
    -83.054342324,
    42.371112516
  ],
  ""type"": ""Point""
}",-83.0543423239999,42.371112516
10768,9314895,I 75,CLARK,2015-07-06,6,7,2015,20,2,1,1,,1,0,,1,1,1,70,4,1,1,3,0,0,1,0,false,,false,false,false,false,false,,,,,,false,true,false,,,false,false,false,false,false,-83.09109,42.31367,"{
  ""coordinates"": [
    -8.309108372799990e+01,
    4.231367063200000e+01
  ],
  ""type"": ""Point""
}","{
  ""coordinates"": [
    -83.091083728,
    42.313670632
  ],
  ""type"": ""Point""
}",-83.0910837279999,42.313670632
10769,9321362,I375,LARNED,2015-07-06,6,7,2015,1,2,1,1,,1,1,,1,1,4,55,2,1,1,3,0,0,1,0,false,,false,false,false,true,false,,,,,,false,false,true,,,false,false,false,false,false,-83.03629,42.33315,"{
  ""coordinates"": [
    -8.303629375700000e+01,
    4.233315055600010e+01
  ],
  ""type"": ""Point""
}","{
  ""coordinates"": [
    -83.036293757,
    42.333150556
  ],
  ""type"": ""Point""
}",-83.036293757,42.3331505560001
10770,9323549,BEAUBIEN,LARNED,2015-07-06,6,7,2015,0,2,4,9,,4,0,,1,1,4,25,4,2,2,3,0,0,1,0,false,,false,false,false,false,false,,,,,,false,false,false,,,false,false,false,false,false,-83.04028,42.33157,"{
  ""coordinates"": [
    -8.304027440000000e+01,
    4.233156469000010e+01
  ],
  ""type"": ""Point""
}","{
  ""coordinates"": [
    -83.0402744,
    42.33156469
  ],
  ""type"": ""Point""
}",-83.0402744,42.3315646900001
10771,9315330,LONGACRE,WARREN,2015-07-06,6,7,2015,13,2,2,9,,,2,,1,1,1,25,1,2,2,5,0,0,0,0,true,,false,false,false,false,false,,,,,,false,false,true,,,false,false,false,false,false,-83.21346,42.34328,"{
  ""coordinates"": [
    -8.321346380300000e+01,
    4.234327990600010e+01
  ],
  ""type"": ""Point""
}","{
  ""coordinates"": [
    -83.213463803,
    42.343279906
  ],
  ""type"": ""Point""
}",-83.213463803,42.3432799060001
10772,9323491,WARREN,HURLBUT,2015-07-06,6,7,2015,17,2,4,9,,4,0,,1,1,1,30,4,2,4,4,0,0,0,4,false,,false,false,false,false,false,,,,,,false,false,false,,,false,false,false,false,false,-82.99565,42.38277,"{
  ""coordinates"": [
    -8.299564872099999e+01,
    4.238276876600000e+01
  ],
  ""type"": ""Point""
}","{
  ""coordinates"": [
    -82.995648721,
    42.382768766
  ],
  ""type"": ""Point""
}",-82.995648721,42.382768766
10773,9316302,FOREST,ANTHONY WAYNE,2015-07-06,6,7,2015,17,2,5,9,,4,0,,1,1,1,25,4,2,2,3,0,0,1,0,false,,false,false,false,false,false,,,,,,false,false,true,,,false,false,false,false,false,-83.07041,42.35217,"{
  ""coordinates"": [
    -8.307041231800000e+01,
    4.235216964300000e+01
  ],
  ""type"": ""Point""
}","{
  ""coordinates"": [
    -83.070412318,
    42.352169643
  ],
  ""type"": ""Point""
}",-83.070412318,42.352169643
10774,9324315,LYNDON,MEYER,2015-07-06,6,7,2015,18,2,8,9,,4,0,,1,2,1,30,4,2,4,5,0,0,0,0,true,,false,false,false,false,false,,,,,,false,false,false,,,false,false,false,false,false,-83.16793,42.39505,"{
  ""coordinates"": [
    -8.316793203600000e+01,
    4.239505338300010e+01
  ],
  ""type"": ""Point""
}","{
  ""coordinates"": [
    -83.167932036,
    42.395053383
  ],
  ""type"": ""Point""
}",-83.167932036,42.3950533830001
10775,9328066,FORD,AUTO CLUB,2015-07-06,6,7,2015,16,2,5,3,,1,0,,1,1,1,50,4,3,5,5,0,0,0,0,true,,false,false,false,false,false,,,,,,false,false,false,,,false,false,false,false,false,-83.22478,42.32895,"{
  ""coordinates"": [
    -8.322477591700000e+01,
    4.232894355800000e+01
  ],
  ""type"": ""Point""
}","{
  ""coordinates"": [
    -83.224775917,
    42.328943558
  ],
  ""type"": ""Point""
}",-83.224775917,42.328943558
10776,9324309,OAKFIELD,GRAND RIVER,2015-07-06,6,7,2015,11,2,5,3,,,0,,1,1,1,25,2,2,1,5,0,0,0,0,true,,false,false,true,false,false,,,,,,false,true,false,,,false,false,false,false,false,-83.21412,42.39905,"{
  ""coordinates"": [
    -8.321412135700000e+01,
    4.239904747900000e+01
  ],
  ""type"": ""Point""
}","{
  ""coordinates"": [
    -83.214121357,
    42.399047479
  ],
  ""type"": ""Point""
}",-83.214121357,42.399047479
10777,9315362,GRATIOT,BREWERY PARK,2015-07-06,6,7,2015,9,2,8,3,,1,0,,1,1,1,30,2,2,3,4,0,0,0,2,false,,false,false,false,false,false,,,,,,false,false,false,,,false,false,false,false,false,-83.03992,42.34198,"{
  ""coordinates"": [
    -8.303992747200000e+01,
    4.234197943700010e+01
  ],
  ""type"": ""Point""
}","{
  ""coordinates"": [
    -83.039927472,
    42.341979437
  ],
  ""type"": ""Point""
}",-83.039927472,42.3419794370001
10778,9315328,WARREN,EVERGREEN,2015-07-06,6,7,2015,18,2,5,9,,2,0,,1,1,1,35,5,2,2,5,0,0,0,0,true,,false,false,false,false,false,,,,,,false,false,true,,,false,false,false,false,false,-83.23575,42.34312,"{
  ""coordinates"": [
    -8.323574993200000e+01,
    4.234311758700010e+01
  ],
  ""type"": ""Point""
}","{
  ""coordinates"": [
    -83.235749932,
    42.343117587
  ],
  ""type"": ""Point""
}",-83.235749932,42.3431175870001
10779,9325961,MC NICHOLS,SCHOENHERR,2015-07-06,6,7,2015,16,2,1,9,,4,0,,1,1,1,25,2,1,4,3,0,0,1,3,false,,false,false,false,false,false,,,,,,false,false,true,,,false,false,false,false,false,-82.98454,42.42685,"{
  ""coordinates"": [
    -8.298454099199991e+01,
    4.242685163700000e+01
  ],
  ""type"": ""Point""
}","{
  ""coordinates"": [
    -82.984540992,
    42.426851637
  ],
  ""type"": ""Point""
}",-82.9845409919999,42.426851637
10780,9330423,7 MILE,ARCHDALE,2015-07-06,6,7,2015,15,2,8,9,,2,0,,1,1,1,35,4,2,2,5,0,0,0,0,true,,false,false,false,false,false,,,,,,false,true,false,,,false,false,false,false,false,-83.21717,42.43007,"{
  ""coordinates"": [
    -8.321717247799999e+01,
    4.243007375400000e+01
  ],
  ""type"": ""Point""
}","{
  ""coordinates"": [
    -83.217172478,
    42.430073754
  ],
  ""type"": ""Point""
}",-83.217172478,42.430073754
10781,9315324,N I 375 SERVICE DRIVE,ANTIETAM,2015-07-06,6,7,2015,9,2,4,9,,4,0,,1,1,1,25,2,2,4,5,0,0,0,0,true,,false,false,false,false,false,,,,,,false,false,true,,,false,false,false,false,false,-83.04005,42.33992,"{
  ""coordinates"": [
    -8.304005761300000e+01,
    4.233992216200010e+01
  ],
  ""type"": ""Point""
}","{
  ""coordinates"": [
    -83.040057613,
    42.339922162
  ],
  ""type"": ""Point""
}",-83.040057613,42.3399221620001
10782,9316901,RAMP 029F,I-75,2015-07-06,6,7,2015,14,2,5,1,,1,0,,1,1,1,0,1,2,2,5,0,0,0,0,true,,false,false,false,false,false,,,,,,false,false,false,,,false,false,false,false,false,-83.15855,42.27786,"{
  ""coordinates"": [
    -8.315855076199990e+01,
    4.227786394800010e+01
  ],
  ""type"": ""Point""
}","{
  ""coordinates"": [
    -83.158550762,
    42.277863948
  ],
  ""type"": ""Point""
}",-83.1585507619999,42.2778639480001
10783,9315391,KEELER,APPOLINE,2015-07-06,6,7,2015,11,2,4,9,,,0,,1,1,1,25,2,2,2,5,0,0,0,0,true,,false,false,true,false,false,,,,,,false,false,true,,,false,false,false,false,false,-83.17053,42.40402,"{
  ""coordinates"": [
    -8.317053408100000e+01,
    4.240401752700010e+01
  ],
  ""type"": ""Point""
}","{
  ""coordinates"": [
    -83.170534081,
    42.404017527
  ],
  ""type"": ""Point""
}",-83.170534081,42.4040175270001