ObjectId,Crash ID,Primary Road,Intersecting Road,Crash Date,Day,Month,Year,Hour,Weekday,Crash Type Code,Highway Classification Code,Community Code,Jurisdiction Code,Lane Departure Type Code,Surface Type,Road Condition,Weather Condition,Lighting Condition,Speed Limit,Lanes,Units,Occupants,Most Severe Injury,Fatal Injuries,Suspected Serious Injuries,Suspected Minor Injuries,Possible Injuries,Property Damage Only,Secondary Crash,Traffic Control,Red Light Run,Hit and Run,Alcohol,Drugs,Unbelted Person,Work Zone,Speeding Driver,Distracted Driver,Driveway,Pedestrian,Elderly Driver,Young Driver,Commercial Vehicle,Emergency Vehicles,Train,School Bus,Motorcycle,Bicycle,Deer,Longitude,Latitude,geom,geog,x,y
11241,9307892,I-75,3RD,2015-06-27,27,6,2015,13,7,8,1,,1,0,,2,4,1,55,3,2,2,3,0,0,1,0,false,,false,false,true,false,false,,,,,,false,false,false,,,false,false,false,false,false,-83.05847,42.33704,"{
  ""coordinates"": [
    -8.305847005899990e+01,
    4.233703707600010e+01
  ],
  ""type"": ""Point""
}","{
  ""coordinates"": [
    -83.058470059,
    42.337037076
  ],
  ""type"": ""Point""
}",-83.0584700589999,42.3370370760001
11242,9316871,I-94,CADIEUX,2015-06-27,27,6,2015,10,7,1,1,,1,1,,2,4,1,55,3,1,2,5,0,0,0,0,true,,false,false,true,false,false,,,,,,false,false,false,,,false,false,false,false,false,-82.93631,42.41781,"{
  ""coordinates"": [
    -8.293631035800000e+01,
    4.241780987000000e+01
  ],
  ""type"": ""Point""
}","{
  ""coordinates"": [
    -82.936310358,
    42.41780987
  ],
  ""type"": ""Point""
}",-82.936310358,42.41780987
11243,9308001,I96,WYOMING,2015-06-27,27,6,2015,14,7,1,1,,1,1,,2,4,1,70,3,1,1,4,0,0,0,1,false,,false,false,false,false,false,,,,,,false,false,false,,,false,false,false,false,false,-83.14967,42.38354,"{
  ""coordinates"": [
    -8.314967174299990e+01,
    4.238353578000000e+01
  ],
  ""type"": ""Point""
}","{
  ""coordinates"": [
    -83.149671743,
    42.38353578
  ],
  ""type"": ""Point""
}",-83.1496717429999,42.38353578
11244,9307967,E I 94,HARPER,2015-06-27,27,6,2015,5,7,1,1,,1,1,,2,4,4,55,3,1,1,5,0,0,0,0,true,,false,false,false,false,false,,,,,,false,false,false,,,false,false,false,false,false,-82.94915,42.40846,"{
  ""coordinates"": [
    -8.294914708000000e+01,
    4.240846187600000e+01
  ],
  ""type"": ""Point""
}","{
  ""coordinates"": [
    -82.94914708,
    42.408461876
  ],
  ""type"": ""Point""
}",-82.94914708,42.408461876
11245,9313614,INTERVALE,NORTHLAWN,2015-06-27,27,6,2015,4,7,8,9,,,0,,97,1,98,25,2,2,1,5,0,0,0,0,true,,false,false,true,false,false,,,,,,false,false,false,,,false,false,false,false,false,-83.15318,42.39178,"{
  ""coordinates"": [
    -8.315318176700001e+01,
    4.239178611400010e+01
  ],
  ""type"": ""Point""
}","{
  ""coordinates"": [
    -83.153181767,
    42.391786114
  ],
  ""type"": ""Point""
}",-83.153181767,42.3917861140001
11246,9308557,GREENFIELD,JEFFRIES,2015-06-27,27,6,2015,4,7,4,9,,2,0,,2,4,5,35,4,2,2,4,0,0,0,1,false,,false,false,true,false,false,,,,,,false,false,false,,,false,false,false,false,false,-83.19822,42.379,"{
  ""coordinates"": [
    -8.319821833600000e+01,
    4.237900234100000e+01
  ],
  ""type"": ""Point""
}","{
  ""coordinates"": [
    -83.198218336,
    42.379002341
  ],
  ""type"": ""Point""
}",-83.198218336,42.379002341
11247,9307883,I-94,TRUMBULL,2015-06-27,27,6,2015,14,7,1,1,,1,1,,2,4,1,55,3,1,1,5,0,0,0,0,true,,false,false,false,false,false,,,,,,false,false,true,,,false,false,false,false,false,-83.0807,42.3562,"{
  ""coordinates"": [
    -8.308069286700000e+01,
    4.235620209100010e+01
  ],
  ""type"": ""Point""
}","{
  ""coordinates"": [
    -83.080692867,
    42.356202091
  ],
  ""type"": ""Point""
}",-83.080692867,42.3562020910001
11248,9308602,SOMERSET,GRAYTON,2015-06-27,27,6,2015,23,7,1,9,,,0,,2,4,4,25,2,1,0,5,0,0,0,0,true,,false,false,true,false,false,,,,,,false,false,false,,,false,false,false,false,false,-82.94705,42.41921,"{
  ""coordinates"": [
    -8.294705504400000e+01,
    4.241921243000010e+01
  ],
  ""type"": ""Point""
}","{
  ""coordinates"": [
    -82.947055044,
    42.41921243
  ],
  ""type"": ""Point""
}",-82.947055044,42.4192124300001
11249,9309586,CASS,HANCOCK,2015-06-27,27,6,2015,0,7,97,9,,4,0,,97,98,98,25,1,2,0,5,0,0,0,0,true,,false,false,true,false,false,,,,,,false,false,false,,,false,false,false,false,false,-83.06627,42.35532,"{
  ""coordinates"": [
    -8.306627175599991e+01,
    4.235532345200010e+01
  ],
  ""type"": ""Point""
}","{
  ""coordinates"": [
    -83.066271756,
    42.355323452
  ],
  ""type"": ""Point""
}",-83.0662717559999,42.3553234520001
11250,9307875,S I 75,RAMP 216J,2015-06-27,27,6,2015,14,7,1,1,,1,1,,2,4,1,55,3,1,1,5,0,0,0,0,true,,false,false,false,false,false,,,,,,false,false,false,,,false,false,false,false,false,-83.05875,42.36968,"{
  ""coordinates"": [
    -8.305874304699999e+01,
    4.236967815600010e+01
  ],
  ""type"": ""Point""
}","{
  ""coordinates"": [
    -83.058743047,
    42.369678156
  ],
  ""type"": ""Point""
}",-83.058743047,42.3696781560001
11251,9316928,I-75,MCNICHOLS,2015-06-27,27,6,2015,8,7,1,1,,1,1,,2,4,1,70,4,1,1,5,0,0,0,0,true,,false,false,true,false,false,,,,,,false,false,true,,,false,false,false,false,false,-83.08952,42.41997,"{
  ""coordinates"": [
    -8.308951256400000e+01,
    4.241997176100010e+01
  ],
  ""type"": ""Point""
}","{
  ""coordinates"": [
    -83.089512564,
    42.419971761
  ],
  ""type"": ""Point""
}",-83.089512564,42.4199717610001
11252,9308504,W M 8,RAMP 047C,2015-06-27,27,6,2015,18,7,1,3,,1,1,,2,4,1,35,3,1,3,5,0,0,0,0,true,,false,false,false,false,false,,,,,,false,false,true,,,false,false,false,false,false,-83.07119,42.41208,"{
  ""coordinates"": [
    -8.307118775899990e+01,
    4.241207651800000e+01
  ],
  ""type"": ""Point""
}","{
  ""coordinates"": [
    -83.071187759,
    42.412076518
  ],
  ""type"": ""Point""
}",-83.0711877589999,42.412076518
11253,9308638,WYOMING,MIDLAND,2015-06-27,27,6,2015,14,7,8,9,,4,0,,2,4,1,30,2,2,2,5,0,0,0,0,true,,false,false,false,false,false,,,,,,false,false,false,,,false,false,false,false,false,-83.15984,42.40617,"{
  ""coordinates"": [
    -8.315984606700000e+01,
    4.240616514900010e+01
  ],
  ""type"": ""Point""
}","{
  ""coordinates"": [
    -83.159846067,
    42.406165149
  ],
  ""type"": ""Point""
}",-83.159846067,42.4061651490001
11254,9313378,I-94,FRENCH,2015-06-27,27,6,2015,2,7,8,1,,1,0,,2,4,5,55,3,2,2,5,0,0,0,0,true,,false,false,true,false,false,,,,,,false,false,true,,,false,false,false,false,false,-82.9952,42.39252,"{
  ""coordinates"": [
    -8.299519933200000e+01,
    4.239252609900010e+01
  ],
  ""type"": ""Point""
}","{
  ""coordinates"": [
    -82.995199332,
    42.392526099
  ],
  ""type"": ""Point""
}",-82.995199332,42.3925260990001
11255,9307935,I94,SCOTTEN,2015-06-27,27,6,2015,6,7,97,1,,1,0,,2,4,1,55,3,2,2,5,0,0,0,0,true,,false,false,false,false,false,,,,,,false,false,true,,,false,false,false,false,false,-83.11032,42.34663,"{
  ""coordinates"": [
    -8.311032026600000e+01,
    4.234663011400000e+01
  ],
  ""type"": ""Point""
}","{
  ""coordinates"": [
    -83.110320266,
    42.346630114
  ],
  ""type"": ""Point""
}",-83.110320266,42.346630114
11256,9308014,E I 94,MOUNT ELLIOTT,2015-06-27,27,6,2015,9,7,1,1,,1,1,,2,4,1,55,3,1,1,4,0,0,0,1,false,,false,false,false,false,false,,,,,,false,false,false,,,false,false,false,false,false,-83.03363,42.37927,"{
  ""coordinates"": [
    -8.303363149099989e+01,
    4.237926960800010e+01
  ],
  ""type"": ""Point""
}","{
  ""coordinates"": [
    -83.033631491,
    42.379269608
  ],
  ""type"": ""Point""
}",-83.0336314909999,42.3792696080001
11257,9347100,TELEGRAPH,MCNICHOLS,2015-06-27,27,6,2015,22,7,97,2,,1,0,,2,4,5,35,2,2,0,4,0,0,0,1,false,,false,false,true,false,false,,,,,,true,false,false,,,false,false,false,false,false,-83.2774,42.41457,"{
  ""coordinates"": [
    -8.327739989500000e+01,
    4.241457228200010e+01
  ],
  ""type"": ""Point""
}","{
  ""coordinates"": [
    -83.277399895,
    42.414572282
  ],
  ""type"": ""Point""
}",-83.277399895,42.4145722820001
11258,9324842,E I 96,RAMP 139B,2015-06-27,27,6,2015,7,7,1,1,,1,1,,2,4,1,70,3,1,1,5,0,0,0,0,true,,false,false,true,false,false,,,,,,false,false,true,,,false,false,false,false,false,-83.14831,42.38266,"{
  ""coordinates"": [
    -8.314830919400001e+01,
    4.238265588100010e+01
  ],
  ""type"": ""Point""
}","{
  ""coordinates"": [
    -83.148309194,
    42.382655881
  ],
  ""type"": ""Point""
}",-83.148309194,42.3826558810001
11259,9307870,SOUTHFIELD,7 MILE,2015-06-27,27,6,2015,19,7,8,3,,1,0,,2,4,4,55,3,2,2,5,0,0,0,0,true,,false,false,true,false,false,,,,,,false,false,false,,,false,false,false,false,false,-83.21923,42.43015,"{
  ""coordinates"": [
    -8.321922939300001e+01,
    4.243014878500000e+01
  ],
  ""type"": ""Point""
}","{
  ""coordinates"": [
    -83.219229393,
    42.430148785
  ],
  ""type"": ""Point""
}",-83.219229393,42.430148785
11260,9308537,GRAND,VERNOR,2015-06-27,27,6,2015,3,7,1,9,,4,0,,2,4,4,35,2,1,1,5,0,0,0,0,true,,false,false,false,false,false,,,,,,false,false,true,,,false,false,false,false,false,-83.08925,42.32288,"{
  ""coordinates"": [
    -8.308924601299999e+01,
    4.232288339000010e+01
  ],
  ""type"": ""Point""
}","{
  ""coordinates"": [
    -83.089246013,
    42.32288339
  ],
  ""type"": ""Point""
}",-83.089246013,42.3228833900001
11261,9308015,E I 94,CONSOLIDATED RAIL CORPORATION,2015-06-27,27,6,2015,9,7,8,1,,1,0,,2,4,1,55,3,2,3,5,0,0,0,0,true,,false,false,false,false,false,,,,,,false,true,true,,,false,false,false,false,false,-83.03101,42.38221,"{
  ""coordinates"": [
    -8.303100580599990e+01,
    4.238221060800000e+01
  ],
  ""type"": ""Point""
}","{
  ""coordinates"": [
    -83.031005806,
    42.382210608
  ],
  ""type"": ""Point""
}",-83.0310058059999,42.382210608
11262,9307962,RAMP 214C,I-94,2015-06-27,27,6,2015,15,7,1,1,,1,1,,1,4,1,0,1,1,1,5,0,0,0,0,true,,false,false,false,false,false,,,,,,false,false,true,,,false,false,false,false,false,-83.08675,42.35367,"{
  ""coordinates"": [
    -8.308675344499990e+01,
    4.235366848900000e+01
  ],
  ""type"": ""Point""
}","{
  ""coordinates"": [
    -83.086753445,
    42.353668489
  ],
  ""type"": ""Point""
}",-83.0867534449999,42.353668489
11263,9312137,JOHN R,STATE FAIR,2015-06-27,27,6,2015,21,7,2,9,,4,2,,2,4,5,35,2,2,2,4,0,0,0,1,false,,false,false,true,false,false,,,,,,false,true,false,,,false,false,false,false,false,-83.10259,42.4398,"{
  ""coordinates"": [
    -8.310259168100001e+01,
    4.243980041800010e+01
  ],
  ""type"": ""Point""
}","{
  ""coordinates"": [
    -83.102591681,
    42.439800418
  ],
  ""type"": ""Point""
}",-83.102591681,42.4398004180001
11264,9313391,N M 39,RAMP 012A,2015-06-27,27,6,2015,19,7,1,3,,1,1,,2,4,3,55,3,1,2,5,0,0,0,0,true,,false,false,false,false,false,,,,,,false,false,false,,,false,false,false,false,false,-83.21967,42.44054,"{
  ""coordinates"": [
    -8.321967337400000e+01,
    4.244053729100010e+01
  ],
  ""type"": ""Point""
}","{
  ""coordinates"": [
    -83.219673374,
    42.440537291
  ],
  ""type"": ""Point""
}",-83.219673374,42.4405372910001
11265,9353361,GRAND RIVER,TELEGRAPH,2015-06-27,27,6,2015,17,7,7,3,,1,0,,2,4,1,45,6,2,2,5,0,0,0,0,true,,false,false,false,false,false,,,,,,false,true,false,,,false,false,false,false,false,-83.2774,42.42457,"{
  ""coordinates"": [
    -8.327740464199999e+01,
    4.242457095700010e+01
  ],
  ""type"": ""Point""
}","{
  ""coordinates"": [
    -83.277404642,
    42.424570957
  ],
  ""type"": ""Point""
}",-83.277404642,42.4245709570001
11266,9313680,I-96,OUTER,2015-06-27,27,6,2015,14,7,97,1,,1,0,,2,2,1,55,3,1,1,5,0,0,0,0,true,,false,false,false,false,false,,,,,,false,false,true,,,false,false,false,false,false,-83.2495,42.38573,"{
  ""coordinates"": [
    -8.324950114099990e+01,
    4.238572598700010e+01
  ],
  ""type"": ""Point""
}","{
  ""coordinates"": [
    -83.249501141,
    42.385725987
  ],
  ""type"": ""Point""
}",-83.2495011409999,42.3857259870001
11267,9308519,CADIEUX,HARPER,2015-06-27,27,6,2015,7,7,5,9,,4,0,,2,4,1,30,5,2,2,5,0,0,0,0,true,,false,false,false,false,false,,,,,,false,false,false,,,false,false,false,false,false,-82.93664,42.41645,"{
  ""coordinates"": [
    -8.293663610100000e+01,
    4.241644774900000e+01
  ],
  ""type"": ""Point""
}","{
  ""coordinates"": [
    -82.936636101,
    42.416447749
  ],
  ""type"": ""Point""
}",-82.936636101,42.416447749
11268,9308451,BEATRICE,VISGER,2015-06-27,27,6,2015,8,7,8,9,,,0,,2,4,1,25,3,2,0,5,0,0,0,0,true,,false,false,true,false,false,,,,,,false,false,false,,,false,false,false,false,false,-83.15685,42.26571,"{
  ""coordinates"": [
    -8.315684896399991e+01,
    4.226570734100010e+01
  ],
  ""type"": ""Point""
}","{
  ""coordinates"": [
    -83.156848964,
    42.265707341
  ],
  ""type"": ""Point""
}",-83.1568489639999,42.2657073410001
11269,9308575,MT ELLIOTT,LAFAYETTE,2015-06-27,27,6,2015,9,7,97,9,,4,0,,2,4,1,30,2,2,5,5,0,0,0,0,true,,true,true,false,false,false,,,,,,false,false,false,,,false,false,false,false,false,-83.0121,42.34692,"{
  ""coordinates"": [
    -8.301209785499999e+01,
    4.234692428300010e+01
  ],
  ""type"": ""Point""
}","{
  ""coordinates"": [
    -83.012097855,
    42.346924283
  ],
  ""type"": ""Point""
}",-83.012097855,42.3469242830001
11270,9342243,WARREN,OUTER,2015-06-27,27,6,2015,20,7,5,9,,4,0,,2,4,4,30,2,2,2,5,0,0,0,0,true,,false,false,true,false,false,,,,,,false,false,false,,,false,false,false,false,false,-82.93722,42.40336,"{
  ""coordinates"": [
    -8.293721663799990e+01,
    4.240336113600010e+01
  ],
  ""type"": ""Point""
}","{
  ""coordinates"": [
    -82.937216638,
    42.403361136
  ],
  ""type"": ""Point""
}",-82.9372166379999,42.4033611360001
11271,9313394,SB I-75,HOLBROOK,2015-06-27,27,6,2015,21,7,1,1,,1,0,,1,1,1,70,3,1,1,5,0,0,0,0,true,,false,false,false,false,false,,,,,,false,false,true,,,false,false,false,false,false,-83.06615,42.38319,"{
  ""coordinates"": [
    -8.306615343599999e+01,
    4.238318559600000e+01
  ],
  ""type"": ""Point""
}","{
  ""coordinates"": [
    -83.066153436,
    42.383185596
  ],
  ""type"": ""Point""
}",-83.066153436,42.383185596
11272,9307905,I-75,CLARK,2015-06-27,27,6,2015,4,7,1,1,,1,1,,2,4,4,70,3,1,1,5,0,0,0,0,true,,false,false,false,false,false,,,,,,false,false,true,,,false,false,false,false,false,-83.08396,42.32476,"{
  ""coordinates"": [
    -8.308396380399989e+01,
    4.232475713500000e+01
  ],
  ""type"": ""Point""
}","{
  ""coordinates"": [
    -83.083963804,
    42.324757135
  ],
  ""type"": ""Point""
}",-83.0839638039999,42.324757135
11273,9308017,W I 94,GRAND,2015-06-27,27,6,2015,13,7,5,1,,1,0,,2,4,1,55,3,2,2,5,0,0,0,0,true,,false,false,false,false,false,,,,,,false,false,true,,,false,false,false,false,false,-83.10823,42.34737,"{
  ""coordinates"": [
    -8.310823320999999e+01,
    4.234736875000000e+01
  ],
  ""type"": ""Point""
}","{
  ""coordinates"": [
    -83.10823321,
    42.34736875
  ],
  ""type"": ""Point""
}",-83.10823321,42.34736875
11274,9308561,PLYMOUTH,SOUTHFIELD SERVICE,2015-06-27,27,6,2015,9,7,6,9,,4,0,,2,2,1,35,4,2,4,5,0,0,0,0,true,,true,true,true,false,false,,,,,,false,false,false,,,false,false,false,false,false,-83.21705,42.37225,"{
  ""coordinates"": [
    -8.321704851699999e+01,
    4.237225039200010e+01
  ],
  ""type"": ""Point""
}","{
  ""coordinates"": [
    -83.217048517,
    42.372250392
  ],
  ""type"": ""Point""
}",-83.217048517,42.3722503920001
11275,9308470,30TH,RICH,2015-06-27,27,6,2015,20,7,97,9,,,0,,2,4,1,25,2,3,0,5,0,0,0,0,true,,false,false,true,false,false,,,,,,false,false,false,,,false,false,false,false,false,-83.11174,42.33833,"{
  ""coordinates"": [
    -8.311173809500001e+01,
    4.233832376800010e+01
  ],
  ""type"": ""Point""
}","{
  ""coordinates"": [
    -83.111738095,
    42.338323768
  ],
  ""type"": ""Point""
}",-83.111738095,42.3383237680001
11276,9308434,CURTIS,MONICA,2015-06-27,27,6,2015,1,7,97,9,,4,0,,1,2,2,30,2,2,0,5,0,0,0,0,true,,false,false,true,false,false,,,,,,false,false,false,,,false,false,false,false,false,-83.14428,42.42436,"{
  ""coordinates"": [
    -8.314427641600000e+01,
    4.242436353200000e+01
  ],
  ""type"": ""Point""
}","{
  ""coordinates"": [
    -83.144276416,
    42.424363532
  ],
  ""type"": ""Point""
}",-83.144276416,42.424363532
11277,9307882,RAMP 135A,E I 96 CD,2015-06-27,27,6,2015,9,7,1,1,,1,1,,2,4,1,55,2,1,2,3,0,0,2,0,false,,false,false,false,false,false,,,,,,false,false,false,,,false,false,false,false,false,-83.24255,42.38453,"{
  ""coordinates"": [
    -8.324255580600000e+01,
    4.238453103600010e+01
  ],
  ""type"": ""Point""
}","{
  ""coordinates"": [
    -83.242555806,
    42.384531036
  ],
  ""type"": ""Point""
}",-83.242555806,42.3845310360001
11278,9308640,7 MILE,STAHELIN,2015-06-27,27,6,2015,1,7,1,9,,2,1,,1,1,1,35,2,1,1,5,0,0,0,0,true,,false,false,false,false,false,,,,,,false,false,false,,,false,false,false,false,false,-83.22773,42.42986,"{
  ""coordinates"": [
    -8.322772731000001e+01,
    4.242986279200010e+01
  ],
  ""type"": ""Point""
}","{
  ""coordinates"": [
    -83.22772731,
    42.429862792
  ],
  ""type"": ""Point""
}",-83.22772731,42.4298627920001
11279,9313390,E I 96,SCHOOLCRAFT,2015-06-27,27,6,2015,18,7,1,1,,1,1,,2,4,3,70,3,1,1,5,0,0,0,0,true,,false,false,false,false,false,,,,,,false,false,false,,,false,false,false,false,false,-83.24551,42.38543,"{
  ""coordinates"": [
    -8.324550631699999e+01,
    4.238543004300000e+01
  ],
  ""type"": ""Point""
}","{
  ""coordinates"": [
    -83.245506317,
    42.385430043
  ],
  ""type"": ""Point""
}",-83.245506317,42.385430043
11280,9308435,MCNICHOLS,LESURE,2015-06-27,27,6,2015,2,7,8,9,,2,0,,2,4,4,0,6,2,1,5,0,0,0,0,true,,false,false,true,false,false,,,,,,false,false,false,,,false,false,false,false,false,-83.18191,42.41656,"{
  ""coordinates"": [
    -8.318190874500000e+01,
    4.241656608400010e+01
  ],
  ""type"": ""Point""
}","{
  ""coordinates"": [
    -83.181908745,
    42.416566084
  ],
  ""type"": ""Point""
}",-83.181908745,42.4165660840001
11281,9308011,W/B I-96,GRAND,2015-06-27,27,6,2015,6,7,1,1,,1,1,,2,4,1,70,4,1,1,5,0,0,0,0,true,,false,false,false,false,false,,,,,,false,false,false,,,false,false,false,false,false,-83.10608,42.3543,"{
  ""coordinates"": [
    -8.310607725400000e+01,
    4.235429849700010e+01
  ],
  ""type"": ""Point""
}","{
  ""coordinates"": [
    -83.106077254,
    42.354298497
  ],
  ""type"": ""Point""
}",-83.106077254,42.3542984970001
11282,9308424,EVERGREEN,KENDALL,2015-06-27,27,6,2015,11,7,4,9,,4,0,,2,4,1,25,2,2,2,5,0,0,0,0,true,,true,false,true,false,false,,,,,,false,false,false,,,false,false,false,false,false,-83.23694,42.38866,"{
  ""coordinates"": [
    -8.323693880600000e+01,
    4.238865632700000e+01
  ],
  ""type"": ""Point""
}","{
  ""coordinates"": [
    -83.236938806,
    42.388656327
  ],
  ""type"": ""Point""
}",-83.236938806,42.388656327
11283,9308524,LAKEPOINTE,HOUSTON-WHITTER,2015-06-27,27,6,2015,7,7,5,9,,,0,,2,1,1,0,2,2,4,5,0,0,0,0,true,,false,false,true,false,false,,,,,,false,false,false,,,false,false,false,false,false,-82.95438,42.4174,"{
  ""coordinates"": [
    -8.295438249700000e+01,
    4.241740305500010e+01
  ],
  ""type"": ""Point""
}","{
  ""coordinates"": [
    -82.954382497,
    42.417403055
  ],
  ""type"": ""Point""
}",-82.954382497,42.4174030550001
11284,9329424,OUTER,LAPPIN,2015-06-27,27,6,2015,14,7,6,9,,2,0,,2,4,1,30,4,2,3,5,0,0,0,0,true,,false,false,false,false,false,,,,,,false,true,false,,,false,false,false,false,false,-83.01453,42.43617,"{
  ""coordinates"": [
    -8.301453313099999e+01,
    4.243617375200010e+01
  ],
  ""type"": ""Point""
}","{
  ""coordinates"": [
    -83.014533131,
    42.436173752
  ],
  ""type"": ""Point""
}",-83.014533131,42.4361737520001
11285,9323547,LARNED,SHELBY,2015-06-27,27,6,2015,6,7,4,9,,4,0,,2,4,1,30,3,2,3,5,0,0,0,0,true,,false,false,false,false,false,,,,,,false,false,true,,,false,false,false,false,false,-83.04794,42.32826,"{
  ""coordinates"": [
    -8.304793790699991e+01,
    4.232826165600010e+01
  ],
  ""type"": ""Point""
}","{
  ""coordinates"": [
    -83.047937907,
    42.328261656
  ],
  ""type"": ""Point""
}",-83.0479379069999,42.3282616560001
11286,9307890,I-94,CADIEUX,2015-06-27,27,6,2015,6,7,1,1,,1,1,,2,4,2,55,3,1,1,5,0,0,0,0,true,,false,false,false,false,false,,,,,,false,false,true,,,false,false,false,false,false,-82.93751,42.41716,"{
  ""coordinates"": [
    -8.293750750200000e+01,
    4.241715954400010e+01
  ],
  ""type"": ""Point""
}","{
  ""coordinates"": [
    -82.937507502,
    42.417159544
  ],
  ""type"": ""Point""
}",-82.937507502,42.4171595440001
11287,9376031,SCHAEFER,FULLERTON,2015-06-27,27,6,2015,4,7,5,9,,4,0,,2,4,5,30,4,2,2,5,0,0,0,0,true,,false,false,true,false,false,,,,,,false,false,false,,,false,false,false,false,false,-83.17825,42.38025,"{
  ""coordinates"": [
    -8.317825211500001e+01,
    4.238025379800010e+01
  ],
  ""type"": ""Point""
}","{
  ""coordinates"": [
    -83.178252115,
    42.380253798
  ],
  ""type"": ""Point""
}",-83.178252115,42.3802537980001
11288,9325942,SCHOENHERR,STATE FAIR,2015-06-27,27,6,2015,2,7,5,9,,4,0,,1,1,4,35,4,2,1,4,0,0,0,1,false,,false,false,true,false,false,,,,,,false,false,false,,,false,false,false,false,false,-82.98543,42.44303,"{
  ""coordinates"": [
    -8.298542822500001e+01,
    4.244303275500000e+01
  ],
  ""type"": ""Point""
}","{
  ""coordinates"": [
    -82.985428225,
    42.443032755
  ],
  ""type"": ""Point""
}",-82.985428225,42.443032755
11289,9308019,E/B I-94,WARREN,2015-06-27,27,6,2015,14,7,5,1,,1,0,,2,4,1,55,3,3,4,4,0,0,0,1,false,,false,false,false,false,false,,,,,,false,false,true,,,false,false,false,false,false,-83.11346,42.34433,"{
  ""coordinates"": [
    -8.311346638000001e+01,
    4.234433202400000e+01
  ],
  ""type"": ""Point""
}","{
  ""coordinates"": [
    -83.11346638,
    42.344332024
  ],
  ""type"": ""Point""
}",-83.11346638,42.344332024
11290,9308560,6 MILE,LESURE,2015-06-27,27,6,2015,3,7,97,9,,2,0,,2,1,1,0,2,2,2,4,0,0,0,1,false,,false,false,false,false,false,,,,,,false,false,false,,,false,false,false,false,false,-83.18217,42.41656,"{
  ""coordinates"": [
    -8.318216860099990e+01,
    4.241656294100010e+01
  ],
  ""type"": ""Point""
}","{
  ""coordinates"": [
    -83.182168601,
    42.416562941
  ],
  ""type"": ""Point""
}",-83.1821686009999,42.4165629410001
11291,9308533,S I 75 SERVICE DRIVE,MACK,2015-06-27,27,6,2015,19,7,5,1,,4,0,,2,4,1,25,2,2,3,5,0,0,0,0,true,,false,false,false,false,false,,,,,,false,false,false,,,false,false,false,false,false,-83.04865,42.35122,"{
  ""coordinates"": [
    -8.304865630800001e+01,
    4.235122049000010e+01
  ],
  ""type"": ""Point""
}","{
  ""coordinates"": [
    -83.048656308,
    42.35122049
  ],
  ""type"": ""Point""
}",-83.048656308,42.3512204900001
11292,9316930,I-75,8 MILE,2015-06-27,27,6,2015,11,7,5,1,,1,0,,2,4,1,70,4,3,7,5,0,0,0,0,true,,false,false,false,false,false,,,,,,false,false,true,,,false,false,false,false,false,-83.09492,42.43956,"{
  ""coordinates"": [
    -8.309492860099991e+01,
    4.243956051400000e+01
  ],
  ""type"": ""Point""
}","{
  ""coordinates"": [
    -83.094928601,
    42.439560514
  ],
  ""type"": ""Point""
}",-83.0949286009999,42.439560514
11293,9339325,GRAND RIVER,4TH,2015-06-27,27,6,2015,2,7,1,3,,1,0,,2,4,4,30,6,2,1,4,0,0,0,1,false,,false,false,true,false,false,,,,,,true,false,false,,,false,false,false,false,false,-83.06281,42.33798,"{
  ""coordinates"": [
    -8.306281114900000e+01,
    4.233798142400010e+01
  ],
  ""type"": ""Point""
}","{
  ""coordinates"": [
    -83.062811149,
    42.337981424
  ],
  ""type"": ""Point""
}",-83.062811149,42.3379814240001
11294,9308473,CURTIS,LIVERNOIS,2015-06-27,27,6,2015,20,7,8,9,,4,0,,2,4,4,25,1,2,2,5,0,0,0,0,true,,false,false,false,false,false,,,,,,false,false,true,,,false,false,false,false,false,-83.14108,42.4244,"{
  ""coordinates"": [
    -8.314108576400000e+01,
    4.242439756300010e+01
  ],
  ""type"": ""Point""
}","{
  ""coordinates"": [
    -83.141085764,
    42.424397563
  ],
  ""type"": ""Point""
}",-83.141085764,42.4243975630001
11295,9308417,PATTON,TIREMAN,2015-06-27,27,6,2015,11,7,5,9,,,3,,2,4,98,25,2,2,1,5,0,0,0,0,true,,false,false,true,false,false,,,,,,false,false,false,,,false,false,false,false,false,-83.24159,42.35022,"{
  ""coordinates"": [
    -8.324159591700000e+01,
    4.235021546700010e+01
  ],
  ""type"": ""Point""
}","{
  ""coordinates"": [
    -83.241595917,
    42.350215467
  ],
  ""type"": ""Point""
}",-83.241595917,42.3502154670001
11296,9316932,I-94,WARREN,2015-06-27,27,6,2015,17,7,1,1,,1,1,,2,4,1,55,3,1,3,5,0,0,0,0,true,,false,false,false,false,false,,,,,,false,false,true,,,false,false,false,false,false,-83.11295,42.3451,"{
  ""coordinates"": [
    -8.311294885200000e+01,
    4.234509960500000e+01
  ],
  ""type"": ""Point""
}","{
  ""coordinates"": [
    -83.112948852,
    42.345099605
  ],
  ""type"": ""Point""
}",-83.112948852,42.345099605
11297,9308543,ELECTRIC,MIAMI,2015-06-27,27,6,2015,17,7,4,9,,,0,,2,4,1,25,6,2,4,4,0,0,0,1,false,,false,false,false,false,false,,,,,,false,false,false,,,false,false,false,false,false,-83.1551,42.27343,"{
  ""coordinates"": [
    -8.315509671699991e+01,
    4.227342754400010e+01
  ],
  ""type"": ""Point""
}","{
  ""coordinates"": [
    -83.155096717,
    42.273427544
  ],
  ""type"": ""Point""
}",-83.1550967169999,42.2734275440001