ObjectId,Crash ID,Primary Road,Intersecting Road,Crash Date,Day,Month,Year,Hour,Weekday,Crash Type Code,Highway Classification Code,Community Code,Jurisdiction Code,Lane Departure Type Code,Surface Type,Road Condition,Weather Condition,Lighting Condition,Speed Limit,Lanes,Units,Occupants,Most Severe Injury,Fatal Injuries,Suspected Serious Injuries,Suspected Minor Injuries,Possible Injuries,Property Damage Only,Secondary Crash,Traffic Control,Red Light Run,Hit and Run,Alcohol,Drugs,Unbelted Person,Work Zone,Speeding Driver,Distracted Driver,Driveway,Pedestrian,Elderly Driver,Young Driver,Commercial Vehicle,Emergency Vehicles,Train,School Bus,Motorcycle,Bicycle,Deer,Longitude,Latitude,geom,geog,x,y
11355,9308556,GREENFIELD,SCHOOLCRAFT,2015-06-26,26,6,2015,17,6,97,9,,2,0,,1,1,1,35,6,2,2,5,0,0,0,0,true,,false,false,false,false,false,,,,,,false,false,false,,,false,false,false,false,false,-83.19807,42.38567,"{
  ""coordinates"": [
    -8.319807774000000e+01,
    4.238567409400010e+01
  ],
  ""type"": ""Point""
}","{
  ""coordinates"": [
    -83.19807774,
    42.385674094
  ],
  ""type"": ""Point""
}",-83.19807774,42.3856740940001
11356,9308590,GRATIOT,MAPLERIDGE,2015-06-26,26,6,2015,8,6,4,3,,1,0,,1,1,1,35,8,2,2,4,0,0,0,1,false,,false,false,false,false,false,,,,,,false,false,false,,,false,false,false,false,false,-82.98175,42.42892,"{
  ""coordinates"": [
    -8.298174745499990e+01,
    4.242891848400010e+01
  ],
  ""type"": ""Point""
}","{
  ""coordinates"": [
    -82.981747455,
    42.428918484
  ],
  ""type"": ""Point""
}",-82.9817474549999,42.4289184840001
11357,9308422,EVERGREEN,TIREMAN,2015-06-26,26,6,2015,14,6,4,9,,4,0,,1,1,1,30,4,2,2,5,0,0,0,0,true,,false,false,false,false,false,,,,,,false,false,true,,,false,false,false,false,false,-83.23564,42.35033,"{
  ""coordinates"": [
    -8.323564362199990e+01,
    4.235033175700000e+01
  ],
  ""type"": ""Point""
}","{
  ""coordinates"": [
    -83.235643622,
    42.350331757
  ],
  ""type"": ""Point""
}",-83.2356436219999,42.350331757
11358,9308571,CANTON,PALMER,2015-06-26,26,6,2015,6,6,4,9,,,0,,1,1,1,25,2,2,2,5,0,0,0,0,true,,false,false,false,false,false,,,,,,false,false,false,,,false,false,false,false,false,-83.02496,42.37792,"{
  ""coordinates"": [
    -8.302495251800001e+01,
    4.237792027200000e+01
  ],
  ""type"": ""Point""
}","{
  ""coordinates"": [
    -83.024952518,
    42.377920272
  ],
  ""type"": ""Point""
}",-83.024952518,42.377920272
11359,9308503,GRATIOT,MCDOUGALL,2015-06-26,26,6,2015,9,6,1,3,,1,0,,1,1,1,30,3,2,2,5,0,0,0,0,true,,false,false,false,false,false,,,,,,false,false,false,,,false,false,false,true,false,-83.02899,42.35714,"{
  ""coordinates"": [
    -8.302899472099990e+01,
    4.235714023000000e+01
  ],
  ""type"": ""Point""
}","{
  ""coordinates"": [
    -83.028994721,
    42.35714023
  ],
  ""type"": ""Point""
}",-83.0289947209999,42.35714023
11360,9308465,EUCLID,14TH,2015-06-26,26,6,2015,18,6,97,9,,4,3,,97,98,98,0,1,2,1,5,0,0,0,0,true,,false,false,true,false,false,,,,,,false,false,false,,,false,false,false,false,false,-83.09907,42.3694,"{
  ""coordinates"": [
    -8.309906455899990e+01,
    4.236939661400000e+01
  ],
  ""type"": ""Point""
}","{
  ""coordinates"": [
    -83.099064559,
    42.369396614
  ],
  ""type"": ""Point""
}",-83.0990645589999,42.369396614
11361,9325944,FRENCH,KNODELL,2015-06-26,26,6,2015,20,6,1,9,,4,0,,1,1,1,30,1,2,1,2,0,1,0,0,false,,false,false,true,false,false,,,,,,true,false,false,,,false,false,true,false,false,-82.99923,42.39906,"{
  ""coordinates"": [
    -8.299923316699990e+01,
    4.239905384000010e+01
  ],
  ""type"": ""Point""
}","{
  ""coordinates"": [
    -82.999233167,
    42.39905384
  ],
  ""type"": ""Point""
}",-82.9992331669999,42.3990538400001
11362,9308433,LAFAYETTE,RIVARD,2015-06-26,26,6,2015,18,6,4,9,,4,0,,1,1,1,25,8,2,2,4,0,0,0,1,false,,true,true,false,false,false,,,,,,false,false,false,,,false,false,false,false,false,-83.03622,42.33634,"{
  ""coordinates"": [
    -8.303621569900000e+01,
    4.233634363100000e+01
  ],
  ""type"": ""Point""
}","{
  ""coordinates"": [
    -83.036215699,
    42.336343631
  ],
  ""type"": ""Point""
}",-83.036215699,42.336343631
11363,9328889,WOODWARD,STATE FAIR,2015-06-26,26,6,2015,9,6,8,3,,1,0,,1,1,1,40,2,2,4,5,0,0,0,0,true,,false,false,false,false,false,,,,,,false,false,false,,,false,false,false,false,false,-83.11935,42.43792,"{
  ""coordinates"": [
    -8.311935028499990e+01,
    4.243791614300010e+01
  ],
  ""type"": ""Point""
}","{
  ""coordinates"": [
    -83.119350285,
    42.437916143
  ],
  ""type"": ""Point""
}",-83.1193502849999,42.4379161430001
11364,9307888,S I 75,S I 75,2015-06-26,26,6,2015,15,6,5,1,,1,0,,1,1,1,70,5,2,2,5,0,0,0,0,true,,false,false,false,false,false,,,,,,false,false,false,,,false,false,false,false,false,-83.04518,42.34671,"{
  ""coordinates"": [
    -8.304518030199991e+01,
    4.234670580200000e+01
  ],
  ""type"": ""Point""
}","{
  ""coordinates"": [
    -83.045180302,
    42.346705802
  ],
  ""type"": ""Point""
}",-83.0451803019999,42.346705802
11365,9313626,WARREN,BRACE,2015-06-26,26,6,2015,22,6,97,9,,2,0,,97,98,4,35,3,2,1,4,0,0,0,1,false,,true,false,true,false,false,,,,,,false,false,false,,,false,false,false,true,false,-83.22314,42.3433,"{
  ""coordinates"": [
    -8.322314718099990e+01,
    4.234330270100000e+01
  ],
  ""type"": ""Point""
}","{
  ""coordinates"": [
    -83.223147181,
    42.343302701
  ],
  ""type"": ""Point""
}",-83.2231471809999,42.343302701
11366,9313655,OAKMAN,WYOMING,2015-06-26,26,6,2015,16,6,5,9,,4,0,,1,1,3,30,2,2,2,5,0,0,0,0,true,,false,false,false,false,false,,,,,,false,false,true,,,false,false,false,false,false,-83.15791,42.36166,"{
  ""coordinates"": [
    -8.315791023799990e+01,
    4.236166275000010e+01
  ],
  ""type"": ""Point""
}","{
  ""coordinates"": [
    -83.157910238,
    42.36166275
  ],
  ""type"": ""Point""
}",-83.1579102379999,42.3616627500001
11367,9308427,MACK,VAN DYKE,2015-06-26,26,6,2015,19,6,1,9,,4,0,,1,1,1,35,4,2,1,2,0,1,0,0,false,,false,false,false,false,false,,,,,,true,false,false,,,false,false,false,false,false,-83.00623,42.36692,"{
  ""coordinates"": [
    -8.300623611000000e+01,
    4.236692473600000e+01
  ],
  ""type"": ""Point""
}","{
  ""coordinates"": [
    -83.00623611,
    42.366924736
  ],
  ""type"": ""Point""
}",-83.00623611,42.366924736
11368,9313721,MACK,JOHN R,2015-06-26,26,6,2015,12,6,5,9,,4,0,,1,1,1,25,3,2,2,5,0,0,0,0,true,,false,false,false,false,false,,,,,,false,false,false,,,false,false,false,false,false,-83.05589,42.34843,"{
  ""coordinates"": [
    -8.305589610100000e+01,
    4.234843017000000e+01
  ],
  ""type"": ""Point""
}","{
  ""coordinates"": [
    -83.055896101,
    42.34843017
  ],
  ""type"": ""Point""
}",-83.055896101,42.34843017
11369,9308540,VERNOR,CAMPBELL,2015-06-26,26,6,2015,10,6,8,9,,4,0,,1,1,1,35,2,2,0,5,0,0,0,0,true,,false,false,true,false,false,,,,,,false,false,false,,,false,false,false,false,false,-83.10383,42.31699,"{
  ""coordinates"": [
    -8.310382858500000e+01,
    4.231699355500010e+01
  ],
  ""type"": ""Point""
}","{
  ""coordinates"": [
    -83.103828585,
    42.316993555
  ],
  ""type"": ""Point""
}",-83.103828585,42.3169935550001
11370,9308447,OUTER,SCHAEFER,2015-06-26,26,6,2015,7,6,4,9,,2,0,,1,1,1,35,2,2,2,5,0,0,0,0,true,,false,false,false,false,false,,,,,,false,false,false,,,false,false,false,false,false,-83.17992,42.4201,"{
  ""coordinates"": [
    -8.317992533899999e+01,
    4.242010536900010e+01
  ],
  ""type"": ""Point""
}","{
  ""coordinates"": [
    -83.179925339,
    42.420105369
  ],
  ""type"": ""Point""
}",-83.179925339,42.4201053690001
11371,9308458,RENO,CARLISLE,2015-06-26,26,6,2015,9,6,4,9,,,0,,1,1,1,25,1,2,2,5,0,0,0,0,true,,false,false,false,false,false,,,,,,false,false,true,,,false,false,false,false,false,-82.98318,42.44859,"{
  ""coordinates"": [
    -8.298318114200001e+01,
    4.244858376400000e+01
  ],
  ""type"": ""Point""
}","{
  ""coordinates"": [
    -82.983181142,
    42.448583764
  ],
  ""type"": ""Point""
}",-82.983181142,42.448583764
11372,9308574,GRAND,WARREN,2015-06-26,26,6,2015,8,6,4,9,,4,0,,1,1,1,30,6,2,3,2,0,1,0,0,false,,false,false,false,false,false,,,,,,false,false,false,,,false,false,false,false,false,-83.01904,42.3736,"{
  ""coordinates"": [
    -8.301903449100000e+01,
    4.237360186700000e+01
  ],
  ""type"": ""Point""
}","{
  ""coordinates"": [
    -83.019034491,
    42.373601867
  ],
  ""type"": ""Point""
}",-83.019034491,42.373601867
11373,9307881,I-75,GRAND RIVER,2015-06-26,26,6,2015,17,6,5,1,,1,0,,1,2,1,55,3,3,5,4,0,0,0,2,false,,false,false,false,false,false,,,,,,false,false,true,,,false,false,false,false,false,-83.06017,42.33617,"{
  ""coordinates"": [
    -8.306016418800000e+01,
    4.233617107600000e+01
  ],
  ""type"": ""Point""
}","{
  ""coordinates"": [
    -83.060164188,
    42.336171076
  ],
  ""type"": ""Point""
}",-83.060164188,42.336171076
11374,9308446,GREINER,SCHOENHERR,2015-06-26,26,6,2015,20,6,4,9,,4,0,,1,1,3,30,4,2,2,5,0,0,0,0,true,,false,false,false,false,false,,,,,,false,false,false,,,false,false,false,false,false,-82.98482,42.42767,"{
  ""coordinates"": [
    -8.298481449199990e+01,
    4.242767131500010e+01
  ],
  ""type"": ""Point""
}","{
  ""coordinates"": [
    -82.984814492,
    42.427671315
  ],
  ""type"": ""Point""
}",-82.9848144919999,42.4276713150001
11375,9308595,CORBETT,NEWPORT,2015-06-26,26,6,2015,17,6,4,9,,,0,,1,2,1,25,2,2,4,5,0,0,0,0,true,,false,false,true,false,false,,,,,,false,false,false,,,false,false,false,false,false,-82.97057,42.40832,"{
  ""coordinates"": [
    -8.297056394600000e+01,
    4.240831695200010e+01
  ],
  ""type"": ""Point""
}","{
  ""coordinates"": [
    -82.970563946,
    42.408316952
  ],
  ""type"": ""Point""
}",-82.970563946,42.4083169520001
11376,9323501,WOODWARD,BETHUNE,2015-06-26,26,6,2015,12,6,8,3,,1,0,,1,1,1,30,5,2,2,5,0,0,0,0,true,,false,false,true,false,false,,,,,,false,false,false,,,false,false,false,false,false,-83.07472,42.3724,"{
  ""coordinates"": [
    -8.307472251800000e+01,
    4.237240237300010e+01
  ],
  ""type"": ""Point""
}","{
  ""coordinates"": [
    -83.074722518,
    42.372402373
  ],
  ""type"": ""Point""
}",-83.074722518,42.3724023730001
11377,9309514,RAMP 216F,RAMP 216E,2015-06-25,25,6,2015,18,5,8,1,,1,0,,1,1,1,45,2,2,2,5,0,0,0,0,true,,false,false,false,false,false,,,,,,false,true,false,,,false,false,false,false,false,-83.05685,42.36715,"{
  ""coordinates"": [
    -8.305685806100000e+01,
    4.236715087400010e+01
  ],
  ""type"": ""Point""
}","{
  ""coordinates"": [
    -83.056858061,
    42.367150874
  ],
  ""type"": ""Point""
}",-83.056858061,42.3671508740001
11378,9308626,MCLEAN,GODDARD,2015-06-25,25,6,2015,3,5,5,9,,,0,,1,1,4,25,1,2,0,5,0,0,0,0,true,,false,false,true,false,false,,,,,,false,false,false,,,false,false,false,false,false,-83.07005,42.4075,"{
  ""coordinates"": [
    -8.307005068500000e+01,
    4.240749646100010e+01
  ],
  ""type"": ""Point""
}","{
  ""coordinates"": [
    -83.070050685,
    42.407496461
  ],
  ""type"": ""Point""
}",-83.070050685,42.4074964610001
11379,9307913,M39,M12,2015-06-25,25,6,2015,16,5,5,3,,1,0,,1,2,1,55,3,2,3,5,0,0,0,0,true,,false,false,false,false,false,,,,,,false,false,false,,,false,false,false,false,false,-83.21964,42.43977,"{
  ""coordinates"": [
    -8.321964254300001e+01,
    4.243977101100010e+01
  ],
  ""type"": ""Point""
}","{
  ""coordinates"": [
    -83.219642543,
    42.439771011
  ],
  ""type"": ""Point""
}",-83.219642543,42.4397710110001
11380,9322236,S I 75,RAMP 216F,2015-06-25,25,6,2015,6,5,1,1,,1,0,,1,2,1,55,1,1,1,5,0,0,0,0,true,,false,false,false,false,false,,,,,,false,false,false,,,false,false,false,false,false,-83.05776,42.36759,"{
  ""coordinates"": [
    -8.305776418100000e+01,
    4.236758718300010e+01
  ],
  ""type"": ""Point""
}","{
  ""coordinates"": [
    -83.057764181,
    42.367587183
  ],
  ""type"": ""Point""
}",-83.057764181,42.3675871830001
11381,9317012,TELEGRAPH,GRAND RIVER,2015-06-25,25,6,2015,21,5,2,2,,1,2,,2,4,4,40,3,2,2,5,0,0,0,0,true,,false,false,false,false,false,,,,,,false,false,false,,,false,false,false,false,false,-83.27737,42.42453,"{
  ""coordinates"": [
    -8.327736862800000e+01,
    4.242452960500000e+01
  ],
  ""type"": ""Point""
}","{
  ""coordinates"": [
    -83.277368628,
    42.424529605
  ],
  ""type"": ""Point""
}",-83.277368628,42.424529605
11382,9399269,JAMES COUZENS,WYOMING,2015-06-25,25,6,2015,7,5,5,3,,1,0,,1,1,1,30,4,2,2,5,0,0,0,0,true,,false,false,false,false,false,,,,,,false,false,false,,,false,false,false,false,false,-83.16187,42.4062,"{
  ""coordinates"": [
    -8.316186707599999e+01,
    4.240620425800010e+01
  ],
  ""type"": ""Point""
}","{
  ""coordinates"": [
    -83.161867076,
    42.406204258
  ],
  ""type"": ""Point""
}",-83.161867076,42.4062042580001
11383,9307912,I75,WOODWARD,2015-06-25,25,6,2015,12,5,8,1,,1,0,,1,2,1,55,3,2,3,5,0,0,0,0,true,,false,false,false,false,false,,,,,,false,false,true,,,false,false,false,false,false,-83.05313,42.33969,"{
  ""coordinates"": [
    -8.305313005700000e+01,
    4.233969651500010e+01
  ],
  ""type"": ""Point""
}","{
  ""coordinates"": [
    -83.053130057,
    42.339696515
  ],
  ""type"": ""Point""
}",-83.053130057,42.3396965150001
11384,9323500,MCKINLEY,WARREN,2015-06-25,25,6,2015,6,5,97,9,,,0,,1,1,2,35,5,2,1,5,0,0,0,0,true,,false,false,true,false,false,,,,,,false,false,false,,,false,false,false,true,false,-83.10425,42.34483,"{
  ""coordinates"": [
    -8.310424944499989e+01,
    4.234483161100010e+01
  ],
  ""type"": ""Point""
}","{
  ""coordinates"": [
    -83.104249445,
    42.344831611
  ],
  ""type"": ""Point""
}",-83.1042494449999,42.3448316110001
11385,9308625,8 MILE,EXETER,2015-06-25,25,6,2015,17,5,5,3,,1,0,,1,1,1,50,4,3,3,4,0,0,0,1,false,,false,false,true,false,false,,,,,,false,true,false,,,false,false,false,false,false,-83.10535,42.44693,"{
  ""coordinates"": [
    -8.310535005700000e+01,
    4.244693432300010e+01
  ],
  ""type"": ""Point""
}","{
  ""coordinates"": [
    -83.105350057,
    42.446934323
  ],
  ""type"": ""Point""
}",-83.105350057,42.4469343230001
11386,9308475,KILBOURNE,QUEEN,2015-06-25,25,6,2015,7,5,4,9,,,0,,1,1,1,25,4,2,1,4,0,0,0,1,false,,false,false,true,false,false,,,,,,false,false,false,,,false,false,false,false,false,-82.96719,42.41664,"{
  ""coordinates"": [
    -8.296719433399990e+01,
    4.241663840500010e+01
  ],
  ""type"": ""Point""
}","{
  ""coordinates"": [
    -82.967194334,
    42.416638405
  ],
  ""type"": ""Point""
}",-82.9671943339999,42.4166384050001
11387,9308548,CHOPIN,KIRKWOOD,2015-06-25,25,6,2015,20,5,1,9,,,0,,1,1,1,25,1,2,2,4,0,0,0,1,false,,false,false,false,false,false,,,,,,false,false,false,,,false,false,false,true,false,-83.14022,42.34059,"{
  ""coordinates"": [
    -8.314021806300001e+01,
    4.234058726600010e+01
  ],
  ""type"": ""Point""
}","{
  ""coordinates"": [
    -83.140218063,
    42.340587266
  ],
  ""type"": ""Point""
}",-83.140218063,42.3405872660001
11388,9415934,GRAND RIVER,WASHINGTON,2015-06-25,25,6,2015,13,5,5,9,,4,0,,1,2,1,25,2,2,3,5,0,0,0,0,true,,false,false,false,false,false,,,,,,false,true,false,,,false,false,false,false,false,-83.05156,42.33366,"{
  ""coordinates"": [
    -8.305155673300000e+01,
    4.233366344100010e+01
  ],
  ""type"": ""Point""
}","{
  ""coordinates"": [
    -83.051556733,
    42.333663441
  ],
  ""type"": ""Point""
}",-83.051556733,42.3336634410001
11389,9308633,S M 10,WYOMING,2015-06-25,25,6,2015,8,5,5,3,,1,0,,1,1,1,30,3,2,2,5,0,0,0,0,true,,false,false,false,false,false,,,,,,false,false,false,,,false,false,false,false,false,-83.15984,42.40517,"{
  ""coordinates"": [
    -8.315984269099989e+01,
    4.240517404700010e+01
  ],
  ""type"": ""Point""
}","{
  ""coordinates"": [
    -83.159842691,
    42.405174047
  ],
  ""type"": ""Point""
}",-83.1598426909999,42.4051740470001
11390,9308545,HOWARD,3RD,2015-06-25,25,6,2015,12,5,8,9,,4,0,,1,1,1,35,2,2,2,5,0,0,0,0,true,,false,false,false,false,false,,,,,,false,true,false,,,false,false,false,false,false,-83.05569,42.32942,"{
  ""coordinates"": [
    -8.305568436300000e+01,
    4.232942183100000e+01
  ],
  ""type"": ""Point""
}","{
  ""coordinates"": [
    -83.055684363,
    42.329421831
  ],
  ""type"": ""Point""
}",-83.055684363,42.329421831
11391,9308425,CHENE,FOREST,2015-06-25,25,6,2015,15,5,3,9,,4,0,,1,1,1,30,4,2,4,4,0,0,0,1,false,,false,false,false,false,false,,,,,,false,false,false,,,false,false,false,false,false,-83.0394,42.3636,"{
  ""coordinates"": [
    -8.303939776500000e+01,
    4.236360356600010e+01
  ],
  ""type"": ""Point""
}","{
  ""coordinates"": [
    -83.039397765,
    42.363603566
  ],
  ""type"": ""Point""
}",-83.039397765,42.3636035660001
11392,9308444,CONANT,ALPHA,2015-06-25,25,6,2015,13,5,8,9,,4,0,,1,1,1,30,2,2,3,5,0,0,0,0,true,,false,false,false,false,false,,,,,,false,false,false,,,false,false,false,false,false,-83.06419,42.41951,"{
  ""coordinates"": [
    -8.306418295500001e+01,
    4.241951046300010e+01
  ],
  ""type"": ""Point""
}","{
  ""coordinates"": [
    -83.064182955,
    42.419510463
  ],
  ""type"": ""Point""
}",-83.064182955,42.4195104630001
11393,9309533,S I 75,ROSA PARKS,2015-06-25,25,6,2015,18,5,5,1,,1,0,,1,2,1,55,3,3,6,5,0,0,0,0,true,,false,false,false,false,false,,,,,,false,false,false,,,false,false,false,false,false,-83.07294,42.33349,"{
  ""coordinates"": [
    -8.307294061000000e+01,
    4.233349335000000e+01
  ],
  ""type"": ""Point""
}","{
  ""coordinates"": [
    -83.07294061,
    42.33349335
  ],
  ""type"": ""Point""
}",-83.07294061,42.33349335
11394,9307874,W I 94,RAMP 216I,2015-06-25,25,6,2015,13,5,5,1,,1,0,,1,2,1,55,2,3,5,4,0,0,0,1,false,,false,false,false,false,false,,,,,,false,false,true,,,false,false,false,false,false,-83.06226,42.36665,"{
  ""coordinates"": [
    -8.306226347700000e+01,
    4.236664885000000e+01
  ],
  ""type"": ""Point""
}","{
  ""coordinates"": [
    -83.062263477,
    42.36664885
  ],
  ""type"": ""Point""
}",-83.062263477,42.36664885
11395,9308546,MICHIGAN,CLARK,2015-06-25,25,6,2015,10,5,97,2,,1,0,,1,1,1,35,4,1,1,5,0,0,0,0,true,,false,false,false,false,false,,,,,,false,false,false,,,false,false,false,false,false,-83.1023,42.33129,"{
  ""coordinates"": [
    -8.310230006099989e+01,
    4.233128992000010e+01
  ],
  ""type"": ""Point""
}","{
  ""coordinates"": [
    -83.102300061,
    42.33128992
  ],
  ""type"": ""Point""
}",-83.1023000609999,42.3312899200001
11396,9308443,DAVISON,WILDEMERE,2015-06-25,25,6,2015,7,5,8,3,,1,0,,1,1,1,30,3,2,2,5,0,0,0,0,true,,false,false,true,false,false,,,,,,false,false,false,,,false,false,false,false,false,-83.12727,42.39107,"{
  ""coordinates"": [
    -8.312727433899990e+01,
    4.239106574500000e+01
  ],
  ""type"": ""Point""
}","{
  ""coordinates"": [
    -83.127274339,
    42.391065745
  ],
  ""type"": ""Point""
}",-83.1272743389999,42.391065745
11397,9307937,NB I-75,CLAY,2015-06-25,25,6,2015,16,5,5,1,,1,0,,1,2,1,55,4,4,7,5,0,0,0,0,true,,false,false,false,false,false,,,,,,false,false,false,,,false,false,false,false,false,-83.06173,42.37708,"{
  ""coordinates"": [
    -8.306172706000000e+01,
    4.237708327800000e+01
  ],
  ""type"": ""Point""
}","{
  ""coordinates"": [
    -83.06172706,
    42.377083278
  ],
  ""type"": ""Point""
}",-83.06172706,42.377083278
11398,9307911,W I 94,HARPER,2015-06-25,25,6,2015,8,5,5,1,,1,0,,1,2,1,55,3,2,4,5,0,0,0,0,true,,false,false,false,false,false,,,,,,false,false,false,,,false,false,false,false,false,-83.03196,42.38118,"{
  ""coordinates"": [
    -8.303196000500000e+01,
    4.238117549800010e+01
  ],
  ""type"": ""Point""
}","{
  ""coordinates"": [
    -83.031960005,
    42.381175498
  ],
  ""type"": ""Point""
}",-83.031960005,42.3811754980001
11399,9312118,FARMER,RANDOLPH,2015-06-25,25,6,2015,17,5,5,3,,4,0,,1,1,1,25,2,2,1,5,0,0,0,0,true,,false,false,true,false,false,,,,,,false,false,false,,,false,false,false,false,false,-83.04391,42.33251,"{
  ""coordinates"": [
    -8.304390630800000e+01,
    4.233251218500000e+01
  ],
  ""type"": ""Point""
}","{
  ""coordinates"": [
    -83.043906308,
    42.332512185
  ],
  ""type"": ""Point""
}",-83.043906308,42.332512185
11400,9308449,8 MILE,DERBY,2015-06-25,25,6,2015,17,5,5,3,,1,0,,1,1,1,40,4,2,1,5,0,0,0,0,true,,false,false,false,false,false,,,,,,false,false,false,,,false,false,false,false,false,-83.10403,42.44697,"{
  ""coordinates"": [
    -8.310403524100001e+01,
    4.244697157000010e+01
  ],
  ""type"": ""Point""
}","{
  ""coordinates"": [
    -83.104035241,
    42.44697157
  ],
  ""type"": ""Point""
}",-83.104035241,42.4469715700001
11401,9313650,WOODWARD,WILLIS,2015-06-25,25,6,2015,17,5,4,3,,1,0,,1,1,1,30,3,2,2,5,0,0,0,0,true,,false,false,false,false,false,,,,,,false,false,false,,,false,false,false,false,false,-83.06074,42.35167,"{
  ""coordinates"": [
    -8.306073953500000e+01,
    4.235166744500000e+01
  ],
  ""type"": ""Point""
}","{
  ""coordinates"": [
    -83.060739535,
    42.351667445
  ],
  ""type"": ""Point""
}",-83.060739535,42.351667445
11402,9318626,CADIEUX,MACK,2015-06-25,25,6,2015,14,5,3,9,,4,0,,1,2,1,25,2,2,4,4,0,0,0,2,false,,false,false,false,false,false,,,,,,false,false,true,,,false,false,false,false,false,-82.92239,42.39483,"{
  ""coordinates"": [
    -8.292238976399990e+01,
    4.239482767600000e+01
  ],
  ""type"": ""Point""
}","{
  ""coordinates"": [
    -82.922389764,
    42.394827676
  ],
  ""type"": ""Point""
}",-82.9223897639999,42.394827676
11403,9323545,M 10,I 94,2015-06-25,25,6,2015,9,5,5,3,,1,0,,1,1,1,55,6,2,2,5,0,0,0,0,true,,false,false,false,false,false,,,,,,false,false,false,,,false,false,false,false,false,-83.07695,42.35951,"{
  ""coordinates"": [
    -8.307695243700000e+01,
    4.235951186900010e+01
  ],
  ""type"": ""Point""
}","{
  ""coordinates"": [
    -83.076952437,
    42.359511869
  ],
  ""type"": ""Point""
}",-83.076952437,42.3595118690001
11404,9313661,CONGRESS,1ST,2015-06-25,25,6,2015,9,5,8,3,,4,0,,1,2,1,25,2,2,2,5,0,0,0,0,true,,false,false,false,false,false,,,,,,false,false,false,,,false,false,false,false,false,-83.05122,42.3279,"{
  ""coordinates"": [
    -8.305121822400000e+01,
    4.232789855300010e+01
  ],
  ""type"": ""Point""
}","{
  ""coordinates"": [
    -83.051218224,
    42.327898553
  ],
  ""type"": ""Point""
}",-83.051218224,42.3278985530001
11405,9313601,MARTIN,WALDO,2015-06-25,25,6,2015,0,5,97,9,,4,3,,1,1,4,0,3,2,0,5,0,0,0,0,true,,false,false,true,false,false,,,,,,false,false,false,,,false,false,false,false,false,-83.1258,42.32878,"{
  ""coordinates"": [
    -8.312579751100000e+01,
    4.232877615300000e+01
  ],
  ""type"": ""Point""
}","{
  ""coordinates"": [
    -83.125797511,
    42.328776153
  ],
  ""type"": ""Point""
}",-83.125797511,42.328776153
11406,9307934,I 75,14TH,2015-06-25,25,6,2015,10,5,8,1,,1,0,,1,1,1,55,3,2,2,4,0,0,0,1,false,,false,false,false,true,true,,,,,,false,true,false,,,false,false,false,false,false,-83.07707,42.33237,"{
  ""coordinates"": [
    -8.307706841000000e+01,
    4.233236540300000e+01
  ],
  ""type"": ""Point""
}","{
  ""coordinates"": [
    -83.07706841,
    42.332365403
  ],
  ""type"": ""Point""
}",-83.07706841,42.332365403
11407,9308432,MT ELLIOTT,LAFAYETTE,2015-06-25,25,6,2015,17,5,3,9,,4,0,,1,1,1,35,4,2,4,2,0,1,0,0,false,,false,false,false,false,false,,,,,,false,false,false,,,false,false,false,false,false,-83.0121,42.34692,"{
  ""coordinates"": [
    -8.301209785499999e+01,
    4.234692428300010e+01
  ],
  ""type"": ""Point""
}","{
  ""coordinates"": [
    -83.012097855,
    42.346924283
  ],
  ""type"": ""Point""
}",-83.012097855,42.3469242830001
11408,9308601,CHALMERS,EVANSTON,2015-06-25,25,6,2015,1,5,97,9,,4,0,,1,1,4,30,2,2,0,3,0,0,1,0,false,,false,false,true,false,false,,,,,,true,false,false,,,false,false,false,false,false,-82.96504,42.40553,"{
  ""coordinates"": [
    -8.296503933500000e+01,
    4.240552752300000e+01
  ],
  ""type"": ""Point""
}","{
  ""coordinates"": [
    -82.965039335,
    42.405527523
  ],
  ""type"": ""Point""
}",-82.965039335,42.405527523
11409,9309532,N M 39,FULLERTON,2015-06-25,25,6,2015,2,5,1,3,,1,1,,1,1,4,25,2,1,1,4,0,0,0,1,false,,false,false,false,false,false,,,,,,false,false,false,,,false,false,false,false,false,-83.21711,42.38042,"{
  ""coordinates"": [
    -8.321710645800000e+01,
    4.238042154300010e+01
  ],
  ""type"": ""Point""
}","{
  ""coordinates"": [
    -83.217106458,
    42.380421543
  ],
  ""type"": ""Point""
}",-83.217106458,42.3804215430001
11410,9399252,GRANDRIVER,MEYER,2015-06-25,25,6,2015,12,5,4,3,,1,0,,1,2,1,35,7,2,2,4,0,0,0,2,false,,false,false,false,false,false,,,,,,false,false,true,,,false,false,false,false,false,-83.16848,42.3806,"{
  ""coordinates"": [
    -8.316848206799990e+01,
    4.238060522400010e+01
  ],
  ""type"": ""Point""
}","{
  ""coordinates"": [
    -83.168482068,
    42.380605224
  ],
  ""type"": ""Point""
}",-83.1684820679999,42.3806052240001
11411,9308459,OUTER,MOUND,2015-06-25,25,6,2015,16,5,5,9,,2,0,,1,1,1,35,6,2,3,4,0,0,0,2,false,,false,false,false,false,false,,,,,,false,false,false,,,false,false,false,false,false,-83.0435,42.44073,"{
  ""coordinates"": [
    -8.304350028800000e+01,
    4.244072597700010e+01
  ],
  ""type"": ""Point""
}","{
  ""coordinates"": [
    -83.043500288,
    42.440725977
  ],
  ""type"": ""Point""
}",-83.043500288,42.4407259770001