ObjectId,Crash ID,Primary Road,Intersecting Road,Crash Date,Day,Month,Year,Hour,Weekday,Crash Type Code,Highway Classification Code,Community Code,Jurisdiction Code,Lane Departure Type Code,Surface Type,Road Condition,Weather Condition,Lighting Condition,Speed Limit,Lanes,Units,Occupants,Most Severe Injury,Fatal Injuries,Suspected Serious Injuries,Suspected Minor Injuries,Possible Injuries,Property Damage Only,Secondary Crash,Traffic Control,Red Light Run,Hit and Run,Alcohol,Drugs,Unbelted Person,Work Zone,Speeding Driver,Distracted Driver,Driveway,Pedestrian,Elderly Driver,Young Driver,Commercial Vehicle,Emergency Vehicles,Train,School Bus,Motorcycle,Bicycle,Deer,Longitude,Latitude,geom,geog,x,y
11412,9312134,MT ELLIOTT,EAST-EIGHT MILE,2015-06-25,25,6,2015,17,5,8,9,,4,0,,3,1,1,30,2,2,2,5,0,0,0,0,true,,false,false,false,false,false,,,,,,false,false,true,,,false,false,false,false,false,-83.03939,42.44705,"{
  ""coordinates"": [
    -8.303939031300000e+01,
    4.244704986600000e+01
  ],
  ""type"": ""Point""
}","{
  ""coordinates"": [
    -83.039390313,
    42.447049866
  ],
  ""type"": ""Point""
}",-83.039390313,42.447049866
11413,9308570,CHATHAM,PLYMOUTH,2015-06-25,25,6,2015,17,5,97,9,,,0,,1,2,1,25,2,2,2,5,0,0,0,0,true,,false,false,false,false,false,,,,,,false,false,true,,,false,false,false,false,false,-83.26228,42.37431,"{
  ""coordinates"": [
    -8.326228399400000e+01,
    4.237430455300010e+01
  ],
  ""type"": ""Point""
}","{
  ""coordinates"": [
    -83.262283994,
    42.374304553
  ],
  ""type"": ""Point""
}",-83.262283994,42.3743045530001
11414,9307933,I 94,I 75,2015-06-24,24,6,2015,14,4,8,1,,1,0,,1,1,1,55,3,2,4,5,0,0,0,0,true,,false,false,false,false,false,,,,,,false,false,true,,,false,false,false,false,false,-83.05775,42.36891,"{
  ""coordinates"": [
    -8.305774942600000e+01,
    4.236890846500010e+01
  ],
  ""type"": ""Point""
}","{
  ""coordinates"": [
    -83.057749426,
    42.368908465
  ],
  ""type"": ""Point""
}",-83.057749426,42.3689084650001
11415,9307932,I 94,LUCKY,2015-06-24,24,6,2015,15,4,5,1,,1,0,,1,1,1,55,3,2,3,4,0,0,0,2,false,,false,false,false,false,false,,,,,,false,false,false,,,false,false,false,false,false,-83.03917,42.37693,"{
  ""coordinates"": [
    -8.303916796800000e+01,
    4.237693490200010e+01
  ],
  ""type"": ""Point""
}","{
  ""coordinates"": [
    -83.039167968,
    42.376934902
  ],
  ""type"": ""Point""
}",-83.039167968,42.3769349020001
11416,9307867,I94,14TH,2015-06-24,24,6,2015,18,4,5,1,,1,0,,1,1,1,55,3,2,3,5,0,0,0,0,true,,false,false,false,false,false,,,,,,false,true,true,,,false,false,false,false,false,-83.09068,42.35276,"{
  ""coordinates"": [
    -8.309067763699990e+01,
    4.235275706400010e+01
  ],
  ""type"": ""Point""
}","{
  ""coordinates"": [
    -83.090677637,
    42.352757064
  ],
  ""type"": ""Point""
}",-83.0906776369999,42.3527570640001
11417,9308553,NOTTINGHAM,FRANKFORT,2015-06-24,24,6,2015,19,4,97,9,,,3,,1,2,2,25,2,8,2,1,2,2,0,4,false,,false,false,false,false,false,,,,,,true,false,false,,,false,false,false,false,false,-82.94979,42.40053,"{
  ""coordinates"": [
    -8.294978842200000e+01,
    4.240052973600010e+01
  ],
  ""type"": ""Point""
}","{
  ""coordinates"": [
    -82.949788422,
    42.400529736
  ],
  ""type"": ""Point""
}",-82.949788422,42.4005297360001
11418,9309516,I-75,LIVERNOIS,2015-06-24,24,6,2015,19,4,5,1,,1,0,,1,1,1,55,4,2,2,5,0,0,0,0,true,,false,false,false,false,false,,,,,,false,false,false,,,false,false,false,false,false,-83.10399,42.30793,"{
  ""coordinates"": [
    -8.310399142499990e+01,
    4.230792982000000e+01
  ],
  ""type"": ""Point""
}","{
  ""coordinates"": [
    -83.103991425,
    42.30792982
  ],
  ""type"": ""Point""
}",-83.1039914249999,42.30792982
11419,9307879,M-39,WARREN,2015-06-24,24,6,2015,17,4,5,3,,1,0,,1,1,1,55,3,2,4,5,0,0,0,0,true,,false,false,false,false,false,,,,,,false,false,true,,,false,false,false,false,false,-83.21609,42.34482,"{
  ""coordinates"": [
    -8.321608860799989e+01,
    4.234481938000000e+01
  ],
  ""type"": ""Point""
}","{
  ""coordinates"": [
    -83.216088608,
    42.34481938
  ],
  ""type"": ""Point""
}",-83.2160886079999,42.34481938
11420,9308526,MICHIGAN,11TH,2015-06-24,24,6,2015,15,4,5,2,,1,0,,1,1,1,35,9,2,3,5,0,0,0,0,true,,false,false,false,false,false,,,,,,false,false,false,,,false,false,false,false,false,-83.07001,42.3314,"{
  ""coordinates"": [
    -8.307001045600001e+01,
    4.233139817700000e+01
  ],
  ""type"": ""Point""
}","{
  ""coordinates"": [
    -83.070010456,
    42.331398177
  ],
  ""type"": ""Point""
}",-83.070010456,42.331398177
11421,9415987,JEFFERSON,WOODWARD,2015-06-24,24,6,2015,17,4,6,3,,1,0,,1,1,1,25,1,2,2,5,0,0,0,0,true,,false,false,false,false,false,,,,,,false,false,false,,,false,false,false,false,false,-83.04438,42.32854,"{
  ""coordinates"": [
    -8.304438158799999e+01,
    4.232853517900000e+01
  ],
  ""type"": ""Point""
}","{
  ""coordinates"": [
    -83.044381588,
    42.328535179
  ],
  ""type"": ""Point""
}",-83.044381588,42.328535179
11422,9399279,CHALFONTE,PREST,2015-06-24,24,6,2015,23,4,4,9,,,0,,1,1,4,25,2,2,2,5,0,0,0,0,true,,false,false,true,false,false,,,,,,false,false,false,,,false,false,false,false,false,-83.19744,42.39934,"{
  ""coordinates"": [
    -8.319743816800001e+01,
    4.239934238300000e+01
  ],
  ""type"": ""Point""
}","{
  ""coordinates"": [
    -83.197438168,
    42.399342383
  ],
  ""type"": ""Point""
}",-83.197438168,42.399342383
11423,9307900,I-75,DAVISON,2015-06-24,24,6,2015,8,4,1,1,,1,0,,1,1,1,70,4,1,1,5,0,0,0,0,true,,false,false,false,false,false,,,,,,false,false,true,,,false,false,false,false,false,-83.07802,42.40763,"{
  ""coordinates"": [
    -8.307801458599990e+01,
    4.240762770700010e+01
  ],
  ""type"": ""Point""
}","{
  ""coordinates"": [
    -83.078014586,
    42.407627707
  ],
  ""type"": ""Point""
}",-83.0780145859999,42.4076277070001
11424,9368683,GRATIOT,HARPER,2015-06-24,24,6,2015,2,4,4,3,,1,0,,1,1,4,35,5,2,2,5,0,0,0,0,true,,true,true,false,false,false,,,,,,false,false,false,,,false,false,false,false,false,-83.0052,42.39316,"{
  ""coordinates"": [
    -8.300520432400000e+01,
    4.239315695500010e+01
  ],
  ""type"": ""Point""
}","{
  ""coordinates"": [
    -83.005204324,
    42.393156955
  ],
  ""type"": ""Point""
}",-83.005204324,42.3931569550001
11425,9307868,I75,GRAND RIVER,2015-06-24,24,6,2015,18,4,5,1,,1,0,,1,1,1,55,3,2,4,5,0,0,0,0,true,,false,false,false,false,false,,,,,,false,true,true,,,false,false,false,false,false,-83.06377,42.33536,"{
  ""coordinates"": [
    -8.306377060200001e+01,
    4.233535934000000e+01
  ],
  ""type"": ""Point""
}","{
  ""coordinates"": [
    -83.063770602,
    42.33535934
  ],
  ""type"": ""Point""
}",-83.063770602,42.33535934
11426,9307945,I-75,JOHN R,2015-06-24,24,6,2015,18,4,5,1,,1,0,,1,1,1,55,3,2,2,5,0,0,0,0,true,,false,false,false,false,false,,,,,,false,false,true,,,false,false,false,false,false,-83.05045,42.34112,"{
  ""coordinates"": [
    -8.305045461799990e+01,
    4.234112136900010e+01
  ],
  ""type"": ""Point""
}","{
  ""coordinates"": [
    -83.050454618,
    42.341121369
  ],
  ""type"": ""Point""
}",-83.0504546179999,42.3411213690001
11427,9308588,MORANG,LANSDOWNE,2015-06-24,24,6,2015,17,4,1,9,,4,0,,1,1,1,30,2,1,1,3,0,0,1,0,false,,false,false,false,false,false,,,,,,false,false,false,,,false,false,false,false,false,-82.95117,42.42661,"{
  ""coordinates"": [
    -8.295117384100000e+01,
    4.242660562500000e+01
  ],
  ""type"": ""Point""
}","{
  ""coordinates"": [
    -82.951173841,
    42.426605625
  ],
  ""type"": ""Point""
}",-82.951173841,42.426605625
11428,9307887,I-75,NEVADA,2015-06-24,24,6,2015,17,4,5,1,,1,0,,1,1,1,70,4,2,3,4,0,0,0,1,false,,false,false,false,false,false,,,,,,false,true,false,,,false,false,false,false,false,-83.09282,42.42443,"{
  ""coordinates"": [
    -8.309281645199999e+01,
    4.242443180800010e+01
  ],
  ""type"": ""Point""
}","{
  ""coordinates"": [
    -83.092816452,
    42.424431808
  ],
  ""type"": ""Point""
}",-83.092816452,42.4244318080001
11429,9307886,I-94,CONNER,2015-06-24,24,6,2015,7,4,5,1,,1,0,,1,1,1,55,3,3,4,5,0,0,0,0,true,,false,false,false,false,false,,,,,,false,false,false,,,false,false,false,false,false,-82.98112,42.39941,"{
  ""coordinates"": [
    -8.298112248000000e+01,
    4.239940956900010e+01
  ],
  ""type"": ""Point""
}","{
  ""coordinates"": [
    -82.98112248,
    42.399409569
  ],
  ""type"": ""Point""
}",-82.98112248,42.3994095690001
11430,9308629,VAN DYKE,7 MILE,2015-06-24,24,6,2015,15,4,4,3,,1,0,,1,1,1,35,3,2,2,5,0,0,0,0,true,,false,false,false,false,false,,,,,,false,false,false,,,false,false,false,false,false,-83.02425,42.43384,"{
  ""coordinates"": [
    -8.302424318600001e+01,
    4.243383717100010e+01
  ],
  ""type"": ""Point""
}","{
  ""coordinates"": [
    -83.024243186,
    42.433837171
  ],
  ""type"": ""Point""
}",-83.024243186,42.4338371710001
11431,9400251,PURTAIN,TRACEY,2015-06-24,24,6,2015,18,4,5,9,,4,0,,1,1,1,35,3,2,2,5,0,0,0,0,true,,false,false,true,false,false,,,,,,false,false,false,,,false,false,false,false,false,-83.18047,42.40933,"{
  ""coordinates"": [
    -8.318046961200000e+01,
    4.240932868400010e+01
  ],
  ""type"": ""Point""
}","{
  ""coordinates"": [
    -83.180469612,
    42.409328684
  ],
  ""type"": ""Point""
}",-83.180469612,42.4093286840001
11432,9308527,MACK,WOODWARD,2015-06-24,24,6,2015,7,4,9,3,,4,2,,1,1,1,0,4,2,2,5,0,0,0,0,true,,false,false,false,false,false,,,,,,false,false,false,,,false,false,false,false,false,-83.05782,42.3476,"{
  ""coordinates"": [
    -8.305781657100000e+01,
    4.234759417100000e+01
  ],
  ""type"": ""Point""
}","{
  ""coordinates"": [
    -83.057816571,
    42.347594171
  ],
  ""type"": ""Point""
}",-83.057816571,42.347594171
11433,9307922,8 MILE,LIVERNOIS,2015-06-24,24,6,2015,19,4,4,3,,1,0,,1,1,1,40,4,2,2,5,0,0,0,0,true,,true,false,false,false,false,,,,,,false,false,false,,,false,false,false,false,false,-83.14198,42.44608,"{
  ""coordinates"": [
    -8.314197691000000e+01,
    4.244608267300000e+01
  ],
  ""type"": ""Point""
}","{
  ""coordinates"": [
    -83.14197691,
    42.446082673
  ],
  ""type"": ""Point""
}",-83.14197691,42.446082673
11434,9307873,I 75,HOLBROOK,2015-06-24,24,6,2015,6,4,8,1,,1,0,,1,1,1,70,4,2,2,5,0,0,0,0,true,,false,false,false,false,false,,,,,,false,false,false,,,false,false,false,false,false,-83.07,42.3898,"{
  ""coordinates"": [
    -8.306999810699990e+01,
    4.238980293800010e+01
  ],
  ""type"": ""Point""
}","{
  ""coordinates"": [
    -83.069998107,
    42.389802938
  ],
  ""type"": ""Point""
}",-83.0699981069999,42.3898029380001
11435,9307930,I 96,GRAND,2015-06-24,24,6,2015,8,4,5,1,,1,0,,1,1,1,70,4,2,1,4,0,0,0,1,false,,false,false,true,false,false,,,,,,false,false,false,,,false,false,false,false,false,-83.10602,42.35405,"{
  ""coordinates"": [
    -8.310602151599990e+01,
    4.235404732100010e+01
  ],
  ""type"": ""Point""
}","{
  ""coordinates"": [
    -83.106021516,
    42.354047321
  ],
  ""type"": ""Point""
}",-83.1060215159999,42.3540473210001
11436,9308642,N M 10,WYOMING,2015-06-24,24,6,2015,22,4,1,3,,1,0,,1,1,5,0,3,1,1,5,0,0,0,0,true,,false,false,false,true,false,,,,,,false,false,false,,,false,false,false,false,false,-83.15992,42.40536,"{
  ""coordinates"": [
    -8.315991956600000e+01,
    4.240536178900000e+01
  ],
  ""type"": ""Point""
}","{
  ""coordinates"": [
    -83.159919566,
    42.405361789
  ],
  ""type"": ""Point""
}",-83.159919566,42.405361789
11437,9341887,GREENFIELD,VASSAR,2015-06-24,24,6,2015,23,4,4,9,,2,0,,1,1,4,30,4,2,2,4,0,0,0,1,false,,false,false,true,false,false,,,,,,false,false,true,,,false,false,false,false,false,-83.20002,42.43401,"{
  ""coordinates"": [
    -8.320001828100000e+01,
    4.243400567900010e+01
  ],
  ""type"": ""Point""
}","{
  ""coordinates"": [
    -83.200018281,
    42.434005679
  ],
  ""type"": ""Point""
}",-83.200018281,42.4340056790001
11438,9313660,GRATIOT,FOREST,2015-06-24,24,6,2015,15,4,8,3,,1,0,,1,1,1,35,7,2,2,5,0,0,0,0,true,,false,false,false,false,false,,,,,,false,false,false,,,false,false,false,false,false,-83.02007,42.37069,"{
  ""coordinates"": [
    -8.302006455899991e+01,
    4.237069043500000e+01
  ],
  ""type"": ""Point""
}","{
  ""coordinates"": [
    -83.020064559,
    42.370690435
  ],
  ""type"": ""Point""
}",-83.0200645589999,42.370690435
11439,9309513,SUNSET,FOUNTAIN,2015-06-24,24,6,2015,18,4,5,3,,1,0,,1,1,1,25,3,2,4,5,0,0,0,0,true,,false,false,false,false,false,,,,,,false,false,true,,,false,false,false,false,false,-82.9986,42.33709,"{
  ""coordinates"": [
    -8.299859915099999e+01,
    4.233709519400000e+01
  ],
  ""type"": ""Point""
}","{
  ""coordinates"": [
    -82.998599151,
    42.337095194
  ],
  ""type"": ""Point""
}",-82.998599151,42.337095194
11440,9307878,I-94,WARREN,2015-06-24,24,6,2015,9,4,5,1,,1,0,,1,1,1,55,3,2,2,5,0,0,0,0,true,,false,false,false,false,false,,,,,,false,false,true,,,false,false,false,false,false,-83.1132,42.34452,"{
  ""coordinates"": [
    -8.311319593600000e+01,
    4.234452043100000e+01
  ],
  ""type"": ""Point""
}","{
  ""coordinates"": [
    -83.113195936,
    42.344520431
  ],
  ""type"": ""Point""
}",-83.113195936,42.344520431
11441,9400220,WYOMING,W I 96,2015-06-24,24,6,2015,18,4,8,9,,4,0,,1,1,1,35,4,2,3,5,0,0,0,0,true,,false,false,true,false,false,,,,,,false,false,false,,,false,false,false,false,false,-83.15897,42.38545,"{
  ""coordinates"": [
    -8.315897145199990e+01,
    4.238544865300000e+01
  ],
  ""type"": ""Point""
}","{
  ""coordinates"": [
    -83.158971452,
    42.385448653
  ],
  ""type"": ""Point""
}",-83.1589714519999,42.385448653
11442,9308636,AVON,FARGO,2015-06-24,24,6,2015,11,4,97,9,,,3,,97,98,98,25,2,2,1,5,0,0,0,0,true,,false,false,false,false,false,,,,,,false,false,false,,,false,false,false,false,false,-83.22701,42.43865,"{
  ""coordinates"": [
    -8.322701625099999e+01,
    4.243865209600010e+01
  ],
  ""type"": ""Point""
}","{
  ""coordinates"": [
    -83.227016251,
    42.438652096
  ],
  ""type"": ""Point""
}",-83.227016251,42.4386520960001
11443,9316187,I 94 W`,I 75,2015-06-24,24,6,2015,15,4,5,1,,1,0,,1,1,1,55,3,2,2,5,0,0,0,0,true,,false,false,false,false,false,,,,,,false,false,false,,,false,false,false,false,false,-83.05849,42.36839,"{
  ""coordinates"": [
    -8.305849766499990e+01,
    4.236839073400010e+01
  ],
  ""type"": ""Point""
}","{
  ""coordinates"": [
    -83.058497665,
    42.368390734
  ],
  ""type"": ""Point""
}",-83.0584976649999,42.3683907340001
11444,9315378,LAWRENCE,LINWOOD,2015-06-24,24,6,2015,22,4,1,9,,,0,,1,1,5,25,2,2,0,2,0,1,0,0,false,,false,false,true,false,false,,,,,,true,false,false,,,false,false,false,false,false,-83.11404,42.38121,"{
  ""coordinates"": [
    -8.311403409400000e+01,
    4.238121437300000e+01
  ],
  ""type"": ""Point""
}","{
  ""coordinates"": [
    -83.114034094,
    42.381214373
  ],
  ""type"": ""Point""
}",-83.114034094,42.381214373
11445,9308523,MENDOTA,PLYMOUTH,2015-06-24,24,6,2015,15,4,4,9,,,0,,1,1,1,25,2,2,0,5,0,0,0,0,true,,false,false,true,false,false,,,,,,false,false,false,,,false,false,false,false,false,-83.16459,42.37473,"{
  ""coordinates"": [
    -8.316459256600000e+01,
    4.237472351900000e+01
  ],
  ""type"": ""Point""
}","{
  ""coordinates"": [
    -83.164592566,
    42.374723519
  ],
  ""type"": ""Point""
}",-83.164592566,42.374723519
11446,9617702,VERNE,OUTER,2015-06-24,24,6,2015,7,4,4,9,,,0,,1,1,2,25,4,2,2,5,0,0,0,0,true,,true,false,false,false,false,,,,,,false,false,true,,,false,false,false,false,false,-83.25729,42.41119,"{
  ""coordinates"": [
    -8.325729235300000e+01,
    4.241118740400000e+01
  ],
  ""type"": ""Point""
}","{
  ""coordinates"": [
    -83.257292353,
    42.411187404
  ],
  ""type"": ""Point""
}",-83.257292353,42.411187404
11447,9308607,TAYLOR,HOLMUR,2015-06-24,24,6,2015,18,4,8,9,,,0,,1,1,1,25,3,2,0,5,0,0,0,0,true,,false,false,true,false,false,,,,,,false,false,false,,,false,false,false,false,false,-83.11908,42.36791,"{
  ""coordinates"": [
    -8.311907915599990e+01,
    4.236791270700010e+01
  ],
  ""type"": ""Point""
}","{
  ""coordinates"": [
    -83.119079156,
    42.367912707
  ],
  ""type"": ""Point""
}",-83.1190791559999,42.3679127070001
11448,9308573,MT ELIOTT,8 MILE,2015-06-24,24,6,2015,18,4,97,3,,4,0,,1,1,1,25,3,2,2,5,0,0,0,0,true,,false,false,false,false,false,,,,,,false,false,false,,,false,false,false,false,false,-83.03941,42.44787,"{
  ""coordinates"": [
    -8.303940857899990e+01,
    4.244787229200010e+01
  ],
  ""type"": ""Point""
}","{
  ""coordinates"": [
    -83.039408579,
    42.447872292
  ],
  ""type"": ""Point""
}",-83.0394085789999,42.4478722920001
11449,9329421,VINTON,EDGEWOOD,2015-06-24,24,6,2015,8,4,5,9,,,0,,1,1,1,25,2,2,1,5,0,0,0,0,true,,false,false,false,false,false,,,,,,false,false,false,,,false,false,false,false,false,-83.00965,42.39748,"{
  ""coordinates"": [
    -8.300965366600001e+01,
    4.239747631400010e+01
  ],
  ""type"": ""Point""
}","{
  ""coordinates"": [
    -83.009653666,
    42.397476314
  ],
  ""type"": ""Point""
}",-83.009653666,42.3974763140001
11450,9308541,BANGOR,WARREN,2015-06-24,24,6,2015,1,4,9,9,,,0,,1,1,5,25,3,2,1,5,0,0,0,0,true,,false,false,true,false,false,,,,,,false,false,false,,,false,false,false,false,false,-83.10925,42.34459,"{
  ""coordinates"": [
    -8.310925627899999e+01,
    4.234458652000010e+01
  ],
  ""type"": ""Point""
}","{
  ""coordinates"": [
    -83.109256279,
    42.34458652
  ],
  ""type"": ""Point""
}",-83.109256279,42.3445865200001
11451,9308505,CABACIER,JEFFERSON,2015-06-24,24,6,2015,11,4,8,9,,4,0,,1,2,1,25,2,2,2,5,0,0,0,0,true,,false,false,false,false,false,,,,,,false,false,true,,,false,false,false,false,false,-83.05881,42.32451,"{
  ""coordinates"": [
    -8.305881004900000e+01,
    4.232450974400010e+01
  ],
  ""type"": ""Point""
}","{
  ""coordinates"": [
    -83.058810049,
    42.324509744
  ],
  ""type"": ""Point""
}",-83.058810049,42.3245097440001
11452,9308637,INDIANA,THATCHER,2015-06-24,24,6,2015,22,4,97,9,,,0,,1,1,4,25,2,2,1,5,0,0,0,0,true,,false,false,false,false,false,,,,,,false,false,false,,,false,false,false,false,false,-83.15846,42.42267,"{
  ""coordinates"": [
    -8.315846280999990e+01,
    4.242267092400000e+01
  ],
  ""type"": ""Point""
}","{
  ""coordinates"": [
    -83.15846281,
    42.422670924
  ],
  ""type"": ""Point""
}",-83.1584628099999,42.422670924
11453,9308631,7 MILE,ILENE,2015-06-24,24,6,2015,22,4,4,9,,2,0,,1,1,4,25,2,2,2,3,0,0,1,0,false,,false,false,false,false,false,,,,,,false,false,true,,,false,false,true,false,false,-83.16312,42.43133,"{
  ""coordinates"": [
    -8.316311842300000e+01,
    4.243132860500000e+01
  ],
  ""type"": ""Point""
}","{
  ""coordinates"": [
    -83.163118423,
    42.431328605
  ],
  ""type"": ""Point""
}",-83.163118423,42.431328605
11454,9307899,M-39,GLENDALE,2015-06-24,24,6,2015,7,4,5,9,,4,0,,1,1,1,55,3,2,2,5,0,0,0,0,true,,false,false,false,false,false,,,,,,false,true,false,,,false,false,false,false,false,-83.21718,42.3835,"{
  ""coordinates"": [
    -8.321717933600000e+01,
    4.238349504200000e+01
  ],
  ""type"": ""Point""
}","{
  ""coordinates"": [
    -83.217179336,
    42.383495042
  ],
  ""type"": ""Point""
}",-83.217179336,42.383495042
11455,9307921,M39,7 MILE,2015-06-24,24,6,2015,10,4,5,3,,1,0,,1,1,1,55,3,2,1,4,0,0,0,1,false,,false,false,true,false,false,,,,,,false,false,false,,,false,false,false,false,false,-83.21922,42.43005,"{
  ""coordinates"": [
    -8.321922550700000e+01,
    4.243004773800000e+01
  ],
  ""type"": ""Point""
}","{
  ""coordinates"": [
    -83.219225507,
    42.430047738
  ],
  ""type"": ""Point""
}",-83.219225507,42.430047738
11456,9308668,WOODWARD,WARREN,2015-06-24,24,6,2015,17,4,8,3,,1,0,,1,1,1,30,3,2,1,5,0,0,0,0,true,,false,false,true,false,false,,,,,,false,false,false,,,false,false,false,false,false,-83.06428,42.35678,"{
  ""coordinates"": [
    -8.306427793800000e+01,
    4.235678332000000e+01
  ],
  ""type"": ""Point""
}","{
  ""coordinates"": [
    -83.064277938,
    42.35678332
  ],
  ""type"": ""Point""
}",-83.064277938,42.35678332
11457,9307946,M-39,JOY,2015-06-24,24,6,2015,18,4,5,3,,1,0,,1,1,1,55,3,3,3,5,0,0,0,0,true,,false,false,false,false,false,,,,,,false,false,true,,,false,false,false,false,false,-83.21627,42.35511,"{
  ""coordinates"": [
    -8.321627219200001e+01,
    4.235510839800000e+01
  ],
  ""type"": ""Point""
}","{
  ""coordinates"": [
    -83.216272192,
    42.355108398
  ],
  ""type"": ""Point""
}",-83.216272192,42.355108398
11458,9308608,LAWRENCE,LINWOOD,2015-06-24,24,6,2015,20,4,97,9,,,0,,2,1,4,25,3,2,0,5,0,0,0,0,true,,false,false,true,false,false,,,,,,true,false,false,,,false,false,false,false,false,-83.11417,42.38116,"{
  ""coordinates"": [
    -8.311417408400000e+01,
    4.238116158300010e+01
  ],
  ""type"": ""Point""
}","{
  ""coordinates"": [
    -83.114174084,
    42.381161583
  ],
  ""type"": ""Point""
}",-83.114174084,42.3811615830001
11459,9307931,N I 75,RAMP 122I,2015-06-24,24,6,2015,9,4,8,1,,1,0,,1,1,1,55,3,2,2,5,0,0,0,0,true,,false,false,false,false,false,,,,,,false,false,true,,,false,false,false,false,false,-83.06219,42.33571,"{
  ""coordinates"": [
    -8.306219136100000e+01,
    4.233570811700010e+01
  ],
  ""type"": ""Point""
}","{
  ""coordinates"": [
    -83.062191361,
    42.335708117
  ],
  ""type"": ""Point""
}",-83.062191361,42.3357081170001
11460,9308506,WOODWARD,GRAND,2015-06-24,24,6,2015,7,4,4,3,,1,0,,1,1,1,25,4,2,3,5,0,0,0,0,true,,true,true,false,false,false,,,,,,false,false,false,,,false,false,false,false,false,-83.07323,42.37012,"{
  ""coordinates"": [
    -8.307323229000001e+01,
    4.237012372700010e+01
  ],
  ""type"": ""Point""
}","{
  ""coordinates"": [
    -83.07323229,
    42.370123727
  ],
  ""type"": ""Point""
}",-83.07323229,42.3701237270001
11461,9322241,DAVISON,M-10,2015-06-24,24,6,2015,9,4,5,3,,1,0,,1,1,1,55,3,2,2,5,0,0,0,0,true,,false,false,true,false,false,,,,,,false,false,false,,,false,false,false,false,false,-83.11167,42.39744,"{
  ""coordinates"": [
    -8.311167295000000e+01,
    4.239744372300000e+01
  ],
  ""type"": ""Point""
}","{
  ""coordinates"": [
    -83.11167295,
    42.397443723
  ],
  ""type"": ""Point""
}",-83.11167295,42.397443723
11462,9308485,GRAND RIVER,SCOTTEN,2015-06-24,24,6,2015,19,4,97,3,,1,0,,1,1,2,35,4,2,8,5,0,0,0,0,true,,false,false,false,false,false,,,,,,false,false,false,,,false,false,false,false,false,-83.11092,42.35741,"{
  ""coordinates"": [
    -8.311091775300000e+01,
    4.235740828800000e+01
  ],
  ""type"": ""Point""
}","{
  ""coordinates"": [
    -83.110917753,
    42.357408288
  ],
  ""type"": ""Point""
}",-83.110917753,42.357408288
11463,9308644,CHARLESTON,BRENTWOOD,2015-06-24,24,6,2015,22,4,4,9,,,0,,1,1,4,25,3,2,1,5,0,0,0,0,true,,false,false,true,false,false,,,,,,false,false,true,,,false,false,false,false,false,-83.10723,42.43139,"{
  ""coordinates"": [
    -8.310722866299990e+01,
    4.243138399900000e+01
  ],
  ""type"": ""Point""
}","{
  ""coordinates"": [
    -83.107228663,
    42.431383999
  ],
  ""type"": ""Point""
}",-83.1072286629999,42.431383999
11464,9308418,MCGRAW,ELMER,2015-06-24,24,6,2015,8,4,4,9,,4,0,,1,1,1,25,1,2,0,5,0,0,0,0,true,,false,false,true,false,false,,,,,,false,false,false,,,false,false,false,false,false,-83.14436,42.33404,"{
  ""coordinates"": [
    -8.314435682999989e+01,
    4.233404249500010e+01
  ],
  ""type"": ""Point""
}","{
  ""coordinates"": [
    -83.14435683,
    42.334042495
  ],
  ""type"": ""Point""
}",-83.1443568299999,42.3340424950001
11465,9307965,SB I75,DEARBORN,2015-06-23,23,6,2015,2,3,1,1,,1,1,,2,4,4,70,4,1,1,5,0,0,0,0,true,,false,false,false,false,false,,,,,,false,false,true,,,false,false,false,false,false,-83.13039,42.29076,"{
  ""coordinates"": [
    -8.313038656200000e+01,
    4.229075477900010e+01
  ],
  ""type"": ""Point""
}","{
  ""coordinates"": [
    -83.130386562,
    42.290754779
  ],
  ""type"": ""Point""
}",-83.130386562,42.2907547790001
11466,9308038,LARNED,WOODWARD,2015-06-23,23,6,2015,17,3,97,9,,4,0,,1,1,1,15,1,2,2,5,0,0,0,0,true,,false,false,false,false,false,,,,,,false,false,false,,,false,false,false,true,false,-83.04543,42.32931,"{
  ""coordinates"": [
    -8.304542800599999e+01,
    4.232931279400000e+01
  ],
  ""type"": ""Point""
}","{
  ""coordinates"": [
    -83.045428006,
    42.329312794
  ],
  ""type"": ""Point""
}",-83.045428006,42.329312794
11467,9308616,LAWTON,JOY,2015-06-23,23,6,2015,16,3,4,9,,,0,,1,1,1,25,2,2,2,5,0,0,0,0,true,,false,false,false,false,false,,,,,,false,false,true,,,false,false,false,false,false,-83.11154,42.37244,"{
  ""coordinates"": [
    -8.311153930400000e+01,
    4.237243492600000e+01
  ],
  ""type"": ""Point""
}","{
  ""coordinates"": [
    -83.111539304,
    42.372434926
  ],
  ""type"": ""Point""
}",-83.111539304,42.372434926
11468,9307953,WB I-94,LIVERNOIS,2015-06-23,23,6,2015,22,3,8,1,,1,0,,1,1,4,55,3,2,1,5,0,0,0,0,true,,false,false,true,false,false,,,,,,false,false,false,,,false,false,false,false,false,-83.12066,42.3392,"{
  ""coordinates"": [
    -8.312065507499990e+01,
    4.233919476800000e+01
  ],
  ""type"": ""Point""
}","{
  ""coordinates"": [
    -83.120655075,
    42.339194768
  ],
  ""type"": ""Point""
}",-83.1206550749999,42.339194768