ObjectId,Crash ID,Primary Road,Intersecting Road,Crash Date,Day,Month,Year,Hour,Weekday,Crash Type Code,Highway Classification Code,Community Code,Jurisdiction Code,Lane Departure Type Code,Surface Type,Road Condition,Weather Condition,Lighting Condition,Speed Limit,Lanes,Units,Occupants,Most Severe Injury,Fatal Injuries,Suspected Serious Injuries,Suspected Minor Injuries,Possible Injuries,Property Damage Only,Secondary Crash,Traffic Control,Red Light Run,Hit and Run,Alcohol,Drugs,Unbelted Person,Work Zone,Speeding Driver,Distracted Driver,Driveway,Pedestrian,Elderly Driver,Young Driver,Commercial Vehicle,Emergency Vehicles,Train,School Bus,Motorcycle,Bicycle,Deer,Longitude,Latitude,geom,geog,x,y
11526,9361036,ALGONQUIN,FREUD,2015-06-23,23,6,2015,21,3,1,9,,,1,,1,1,4,25,2,1,2,5,0,0,0,0,true,,false,false,false,false,false,,,,,,false,false,false,,,false,false,false,false,false,-82.95557,42.36814,"{
  ""coordinates"": [
    -8.295556634199990e+01,
    4.236814017100010e+01
  ],
  ""type"": ""Point""
}","{
  ""coordinates"": [
    -82.955566342,
    42.368140171
  ],
  ""type"": ""Point""
}",-82.9555663419999,42.3681401710001
11527,9368612,OUTER,FORT,2015-06-23,23,6,2015,12,3,8,3,,2,0,,1,1,1,30,3,2,2,5,0,0,0,0,true,,false,false,false,false,false,,,,,,false,false,false,,,false,false,false,false,false,-83.16711,42.26257,"{
  ""coordinates"": [
    -8.316711745299990e+01,
    4.226256554500000e+01
  ],
  ""type"": ""Point""
}","{
  ""coordinates"": [
    -83.167117453,
    42.262565545
  ],
  ""type"": ""Point""
}",-83.1671174529999,42.262565545
11528,9304121,JOHN C LODGE,DAVISON,2015-06-23,23,6,2015,6,3,1,3,,1,1,,2,1,2,55,3,1,1,5,0,0,0,0,true,,false,false,false,false,false,,,,,,false,false,false,,,false,false,false,false,false,-83.11052,42.39807,"{
  ""coordinates"": [
    -8.311052026800000e+01,
    4.239806574700000e+01
  ],
  ""type"": ""Point""
}","{
  ""coordinates"": [
    -83.110520268,
    42.398065747
  ],
  ""type"": ""Point""
}",-83.110520268,42.398065747
11529,9304502,GREENFIELD,ELMIRA,2015-06-23,23,6,2015,13,3,5,9,,2,0,,1,2,1,35,4,2,2,4,0,0,0,1,false,,false,false,false,false,false,,,,,,false,false,false,,,false,false,false,false,false,-83.19743,42.36993,"{
  ""coordinates"": [
    -8.319743375800000e+01,
    4.236993002500000e+01
  ],
  ""type"": ""Point""
}","{
  ""coordinates"": [
    -83.197433758,
    42.369930025
  ],
  ""type"": ""Point""
}",-83.197433758,42.369930025
11530,9307918,I-75,MACK,2015-06-23,23,6,2015,17,3,8,1,,1,0,,1,1,1,55,5,3,3,5,0,0,0,0,true,,false,false,false,false,false,,,,,,false,false,false,,,false,false,false,false,false,-83.05033,42.35449,"{
  ""coordinates"": [
    -8.305033473799990e+01,
    4.235448811400000e+01
  ],
  ""type"": ""Point""
}","{
  ""coordinates"": [
    -83.050334738,
    42.354488114
  ],
  ""type"": ""Point""
}",-83.0503347379999,42.354488114
11531,9308414,I-94,ROOSEVELT,2015-06-23,23,6,2015,17,3,5,9,,,0,,1,1,1,55,3,2,3,4,0,0,0,1,false,,false,false,false,false,false,,,,,,false,false,true,,,false,false,false,false,false,-83.10416,42.34816,"{
  ""coordinates"": [
    -8.310415397500000e+01,
    4.234815612900010e+01
  ],
  ""type"": ""Point""
}","{
  ""coordinates"": [
    -83.104153975,
    42.348156129
  ],
  ""type"": ""Point""
}",-83.104153975,42.3481561290001
11532,9309577,GRAND,DEXTER,2015-06-22,22,6,2015,18,2,4,9,,,0,,1,1,1,45,2,2,2,5,0,0,0,0,true,,true,true,false,false,false,,,,,,false,true,false,,,false,false,false,false,false,-83.13191,42.39137,"{
  ""coordinates"": [
    -8.313190965200000e+01,
    4.239136554800010e+01
  ],
  ""type"": ""Point""
}","{
  ""coordinates"": [
    -83.131909652,
    42.391365548
  ],
  ""type"": ""Point""
}",-83.131909652,42.3913655480001
11533,9324844,E I 94,RAMP 220E,2015-06-22,22,6,2015,16,2,5,1,,1,0,,2,4,1,70,3,3,2,5,0,0,0,0,true,,false,false,true,false,false,,,,,,false,false,false,,,false,false,false,false,false,-82.98611,42.39752,"{
  ""coordinates"": [
    -8.298611540500001e+01,
    4.239752332000010e+01
  ],
  ""type"": ""Point""
}","{
  ""coordinates"": [
    -82.986115405,
    42.39752332
  ],
  ""type"": ""Point""
}",-82.986115405,42.3975233200001
11534,9308513,SCHOENHERR,MAPLERIDGE,2015-06-22,22,6,2015,0,2,5,9,,4,0,,1,1,4,30,2,2,4,5,0,0,0,0,true,,false,false,true,false,false,,,,,,false,false,false,,,false,false,false,false,false,-82.98487,42.42882,"{
  ""coordinates"": [
    -8.298487068599999e+01,
    4.242881614800010e+01
  ],
  ""type"": ""Point""
}","{
  ""coordinates"": [
    -82.984870686,
    42.428816148
  ],
  ""type"": ""Point""
}",-82.984870686,42.4288161480001
11535,9304303,N M 10,MCNICHOLS,2015-06-22,22,6,2015,14,2,8,3,,1,0,,1,1,1,30,3,2,5,5,0,0,0,0,true,,false,false,true,false,false,,,,,,false,true,false,,,false,false,false,false,false,-83.17204,42.41663,"{
  ""coordinates"": [
    -8.317204160100000e+01,
    4.241662772400010e+01
  ],
  ""type"": ""Point""
}","{
  ""coordinates"": [
    -83.172041601,
    42.416627724
  ],
  ""type"": ""Point""
}",-83.172041601,42.4166277240001
11536,9304108,EB I-94,LIVERNOIS,2015-06-22,22,6,2015,22,2,8,1,,1,0,,1,1,4,55,3,2,1,5,0,0,0,0,true,,false,false,false,false,false,,,,,,false,false,false,,,false,false,false,false,false,-83.12916,42.33562,"{
  ""coordinates"": [
    -8.312915571100000e+01,
    4.233561803300010e+01
  ],
  ""type"": ""Point""
}","{
  ""coordinates"": [
    -83.129155711,
    42.335618033
  ],
  ""type"": ""Point""
}",-83.129155711,42.3356180330001
11537,9304247,DAVISON,MORAN,2015-06-22,22,6,2015,8,2,2,3,,1,2,,1,1,1,30,6,2,2,5,0,0,0,0,true,,false,false,false,false,false,,,,,,false,false,true,,,false,false,false,false,false,-83.06248,42.41517,"{
  ""coordinates"": [
    -8.306247841600000e+01,
    4.241517111800000e+01
  ],
  ""type"": ""Point""
}","{
  ""coordinates"": [
    -83.062478416,
    42.415171118
  ],
  ""type"": ""Point""
}",-83.062478416,42.415171118
11538,9304298,OUTER,VAN DYKE,2015-06-22,22,6,2015,17,2,5,3,,2,0,,1,1,1,25,3,2,2,4,0,0,0,1,false,,false,false,false,false,false,,,,,,false,false,true,,,false,false,false,false,false,-83.02447,42.44113,"{
  ""coordinates"": [
    -8.302446411699999e+01,
    4.244113274100000e+01
  ],
  ""type"": ""Point""
}","{
  ""coordinates"": [
    -83.024464117,
    42.441132741
  ],
  ""type"": ""Point""
}",-83.024464117,42.441132741
11539,9308482,GRATIOT,RUSSELL,2015-06-22,22,6,2015,22,2,5,3,,1,0,,1,2,4,35,6,5,6,5,0,0,0,0,true,,false,false,true,false,false,,,,,,false,false,true,,,false,false,false,false,false,-83.03866,42.34363,"{
  ""coordinates"": [
    -8.303866036100000e+01,
    4.234363300700010e+01
  ],
  ""type"": ""Point""
}","{
  ""coordinates"": [
    -83.038660361,
    42.343633007
  ],
  ""type"": ""Point""
}",-83.038660361,42.3436330070001
11540,9304287,8 MILE,LASHER,2015-06-22,22,6,2015,8,2,8,3,,1,0,,1,1,1,45,4,2,3,5,0,0,0,0,true,,false,false,false,false,false,,,,,,false,false,false,,,false,false,false,false,false,-83.25867,42.44324,"{
  ""coordinates"": [
    -8.325866764800000e+01,
    4.244323769700000e+01
  ],
  ""type"": ""Point""
}","{
  ""coordinates"": [
    -83.258667648,
    42.443237697
  ],
  ""type"": ""Point""
}",-83.258667648,42.443237697
11541,9368613,WARREN,CENTRAL,2015-06-22,22,6,2015,14,2,4,9,,2,0,,1,2,1,35,6,3,2,3,0,0,1,0,false,,false,false,false,false,false,,,,,,false,true,true,,,false,false,false,false,false,-83.14595,42.34474,"{
  ""coordinates"": [
    -8.314595229500000e+01,
    4.234474305700010e+01
  ],
  ""type"": ""Point""
}","{
  ""coordinates"": [
    -83.145952295,
    42.344743057
  ],
  ""type"": ""Point""
}",-83.145952295,42.3447430570001
11542,9308564,WARREN,BRACE,2015-06-22,22,6,2015,17,2,2,9,,2,2,,1,1,1,35,4,2,6,4,0,0,0,1,false,,false,false,false,false,false,,,,,,false,false,false,,,false,false,false,false,false,-83.22314,42.3433,"{
  ""coordinates"": [
    -8.322314718099990e+01,
    4.234330270100000e+01
  ],
  ""type"": ""Point""
}","{
  ""coordinates"": [
    -83.223147181,
    42.343302701
  ],
  ""type"": ""Point""
}",-83.2231471809999,42.343302701
11543,9325917,MOROSS,E I 94 SERVICE DRIVE,2015-06-22,22,6,2015,20,2,8,9,,2,0,,1,1,1,30,3,2,3,5,0,0,0,0,true,,false,false,false,false,false,,,,,,false,true,false,,,false,false,false,false,false,-82.92839,42.4242,"{
  ""coordinates"": [
    -8.292839295600000e+01,
    4.242420310200000e+01
  ],
  ""type"": ""Point""
}","{
  ""coordinates"": [
    -82.928392956,
    42.424203102
  ],
  ""type"": ""Point""
}",-82.928392956,42.424203102
11544,9308622,LINWOOD,CARTER,2015-06-22,22,6,2015,2,2,1,9,,4,0,,1,1,4,35,2,1,0,5,0,0,0,0,true,,false,false,false,false,false,,,,,,false,false,false,,,false,false,false,false,false,-83.10647,42.37,"{
  ""coordinates"": [
    -8.310647083600000e+01,
    4.236999749300000e+01
  ],
  ""type"": ""Point""
}","{
  ""coordinates"": [
    -83.106470836,
    42.369997493
  ],
  ""type"": ""Point""
}",-83.106470836,42.369997493
11545,9304301,7 MILE,MARK TWAIN,2015-06-22,22,6,2015,3,2,8,9,,2,0,,1,1,4,30,4,2,4,5,0,0,0,0,true,,false,false,true,false,false,,,,,,false,false,false,,,false,false,false,false,false,-83.18752,42.4308,"{
  ""coordinates"": [
    -8.318751777599989e+01,
    4.243080231400010e+01
  ],
  ""type"": ""Point""
}","{
  ""coordinates"": [
    -83.187517776,
    42.430802314
  ],
  ""type"": ""Point""
}",-83.1875177759999,42.4308023140001
11546,9308497,BELAND,LAPPIN,2015-06-22,22,6,2015,1,2,9,9,,,2,,1,1,4,25,1,2,1,5,0,0,0,0,true,,false,false,true,false,false,,,,,,false,false,false,,,false,false,false,false,false,-83.00897,42.43662,"{
  ""coordinates"": [
    -8.300897301000001e+01,
    4.243661932700010e+01
  ],
  ""type"": ""Point""
}","{
  ""coordinates"": [
    -83.00897301,
    42.436619327
  ],
  ""type"": ""Point""
}",-83.00897301,42.4366193270001
11547,9308508,OUTER,HAVERHILL,2015-06-22,22,6,2015,15,2,4,9,,2,0,,1,1,1,35,4,2,5,2,0,2,0,0,false,,false,false,false,false,false,,,,,,false,false,false,,,false,false,false,false,false,-82.94617,42.40632,"{
  ""coordinates"": [
    -8.294616435499999e+01,
    4.240632327000000e+01
  ],
  ""type"": ""Point""
}","{
  ""coordinates"": [
    -82.946164355,
    42.40632327
  ],
  ""type"": ""Point""
}",-82.946164355,42.40632327
11548,9368722,STOCKTON,SYRACUSE,2015-06-22,22,6,2015,6,2,4,9,,,0,,1,1,1,25,2,2,2,5,0,0,0,0,true,,false,false,false,false,false,,,,,,false,false,true,,,false,false,false,false,false,-83.04578,42.42805,"{
  ""coordinates"": [
    -8.304578221400000e+01,
    4.242805374300010e+01
  ],
  ""type"": ""Point""
}","{
  ""coordinates"": [
    -83.045782214,
    42.428053743
  ],
  ""type"": ""Point""
}",-83.045782214,42.4280537430001
11549,9313631,MACOMB,BRUSH,2015-06-22,22,6,2015,8,2,4,9,,4,0,,1,1,1,25,1,2,2,5,0,0,0,0,true,,false,false,false,false,false,,,,,,false,false,true,,,false,false,false,false,false,-83.04416,42.33512,"{
  ""coordinates"": [
    -8.304416266600001e+01,
    4.233511635500000e+01
  ],
  ""type"": ""Point""
}","{
  ""coordinates"": [
    -83.044162666,
    42.335116355
  ],
  ""type"": ""Point""
}",-83.044162666,42.335116355
11550,9308008,W/B I-94,WHITTIER,2015-06-22,22,6,2015,6,2,5,1,,1,0,,1,1,1,55,3,2,2,4,0,0,0,1,false,,false,false,true,false,false,,,,,,false,false,false,,,false,false,false,false,false,-82.9439,42.41254,"{
  ""coordinates"": [
    -8.294390434500001e+01,
    4.241254054200000e+01
  ],
  ""type"": ""Point""
}","{
  ""coordinates"": [
    -82.943904345,
    42.412540542
  ],
  ""type"": ""Point""
}",-82.943904345,42.412540542
11551,9304286,WYOMING,CHICAGO,2015-06-22,22,6,2015,8,2,5,9,,4,0,,1,1,1,30,2,2,2,5,0,0,0,0,true,,false,false,false,false,false,,,,,,false,false,false,,,false,false,false,false,false,-83.1582,42.36617,"{
  ""coordinates"": [
    -8.315819962499999e+01,
    4.236616333100010e+01
  ],
  ""type"": ""Point""
}","{
  ""coordinates"": [
    -83.158199625,
    42.366163331
  ],
  ""type"": ""Point""
}",-83.158199625,42.3661633310001
11552,9308516,STATE FAIR,SCHOENHERR,2015-06-22,22,6,2015,12,2,8,9,,4,0,,1,1,1,30,2,2,2,5,0,0,0,0,true,,false,false,true,false,false,,,,,,false,false,true,,,false,false,false,false,false,-82.98537,42.4422,"{
  ""coordinates"": [
    -8.298537805599990e+01,
    4.244220490100000e+01
  ],
  ""type"": ""Point""
}","{
  ""coordinates"": [
    -82.985378056,
    42.442204901
  ],
  ""type"": ""Point""
}",-82.9853780559999,42.442204901
11553,9308603,HOLMUR,BOSTON,2015-06-22,22,6,2015,22,2,97,9,,,0,,97,98,5,25,1,2,1,5,0,0,0,0,true,,false,false,true,false,false,,,,,,false,false,false,,,false,false,true,false,false,-83.12346,42.37388,"{
  ""coordinates"": [
    -8.312345848500000e+01,
    4.237387795200000e+01
  ],
  ""type"": ""Point""
}","{
  ""coordinates"": [
    -83.123458485,
    42.373877952
  ],
  ""type"": ""Point""
}",-83.123458485,42.373877952
11554,9304270,LYNDON,HARTWELL,2015-06-22,22,6,2015,11,2,97,9,,4,0,,1,2,1,30,2,2,5,5,0,0,0,0,true,,false,false,false,false,false,,,,,,false,false,false,,,false,false,false,false,false,-83.17781,42.39484,"{
  ""coordinates"": [
    -8.317780826800001e+01,
    4.239484471200010e+01
  ],
  ""type"": ""Point""
}","{
  ""coordinates"": [
    -83.177808268,
    42.394844712
  ],
  ""type"": ""Point""
}",-83.177808268,42.3948447120001
11555,9303369,OUTER,HUBBELL,2015-06-22,22,6,2015,0,2,4,9,,2,0,,1,1,4,25,4,2,2,5,0,0,0,0,true,,true,true,true,false,false,,,,,,false,false,false,,,false,false,false,false,false,-83.18982,42.42014,"{
  ""coordinates"": [
    -8.318982128499989e+01,
    4.242013380900000e+01
  ],
  ""type"": ""Point""
}","{
  ""coordinates"": [
    -83.189821285,
    42.420133809
  ],
  ""type"": ""Point""
}",-83.1898212849999,42.420133809
11556,9304283,FENKEL,GREENFIELD,2015-06-22,22,6,2015,19,2,5,9,,2,0,,1,2,1,35,4,2,2,5,0,0,0,0,true,,false,false,true,false,false,,,,,,false,true,false,,,false,false,false,false,false,-83.19878,42.40151,"{
  ""coordinates"": [
    -8.319878500199999e+01,
    4.240150926800000e+01
  ],
  ""type"": ""Point""
}","{
  ""coordinates"": [
    -83.198785002,
    42.401509268
  ],
  ""type"": ""Point""
}",-83.198785002,42.401509268
11557,9304258,SCHOOLCRAFT,BENTLER,2015-06-22,22,6,2015,15,2,5,9,,4,0,,2,4,1,35,2,2,2,5,0,0,0,0,true,,false,false,false,false,false,,,,,,false,false,true,,,false,false,false,false,false,-83.25124,42.38493,"{
  ""coordinates"": [
    -8.325123561299991e+01,
    4.238493126900000e+01
  ],
  ""type"": ""Point""
}","{
  ""coordinates"": [
    -83.251235613,
    42.384931269
  ],
  ""type"": ""Point""
}",-83.2512356129999,42.384931269
11558,9361056,WARREN,AUBURN,2015-06-22,22,6,2015,21,2,4,9,,2,0,,1,1,3,35,4,2,5,3,0,0,1,0,false,,false,false,false,false,false,,,,,,false,false,false,,,false,false,false,false,false,-83.23291,42.34316,"{
  ""coordinates"": [
    -8.323291334899990e+01,
    4.234316322700000e+01
  ],
  ""type"": ""Point""
}","{
  ""coordinates"": [
    -83.232913349,
    42.343163227
  ],
  ""type"": ""Point""
}",-83.2329133489999,42.343163227
11559,9304299,7 MILE,PONTCHARTRAIN/7 MILE,2015-06-22,22,6,2015,10,2,8,9,,2,0,,1,1,1,30,4,2,2,5,0,0,0,0,true,,false,false,false,false,false,,,,,,false,true,false,,,false,false,false,false,false,-83.12685,42.43182,"{
  ""coordinates"": [
    -8.312685175699990e+01,
    4.243181847000010e+01
  ],
  ""type"": ""Point""
}","{
  ""coordinates"": [
    -83.126851757,
    42.43181847
  ],
  ""type"": ""Point""
}",-83.1268517569999,42.4318184700001
11560,9341892,SOUTHFIELD SERVICE DRIVE,8 MILE,2015-06-22,22,6,2015,22,2,4,3,,5,0,,2,4,5,30,2,2,1,5,0,0,0,0,true,,false,false,true,false,false,,,,,,false,false,false,,,false,false,false,false,false,-83.21927,42.44415,"{
  ""coordinates"": [
    -8.321926807999991e+01,
    4.244415437500000e+01
  ],
  ""type"": ""Point""
}","{
  ""coordinates"": [
    -83.21926808,
    42.444154375
  ],
  ""type"": ""Point""
}",-83.2192680799999,42.444154375
11561,9304104,I-96,GRAND,2015-06-22,22,6,2015,6,2,1,1,,1,1,,1,1,1,55,4,1,2,2,0,1,1,0,false,,false,false,false,true,false,,,,,,false,false,true,,,false,false,false,false,false,-83.10884,42.3552,"{
  ""coordinates"": [
    -8.310884272200001e+01,
    4.235519618700000e+01
  ],
  ""type"": ""Point""
}","{
  ""coordinates"": [
    -83.108842722,
    42.355196187
  ],
  ""type"": ""Point""
}",-83.108842722,42.355196187
11562,9323525,GRAND,LODGE SERVICE,2015-06-22,22,6,2015,14,2,8,9,,,0,,1,1,1,35,3,2,2,5,0,0,0,0,true,,false,false,false,false,false,,,,,,false,false,false,,,false,false,false,false,false,-83.11041,42.39935,"{
  ""coordinates"": [
    -8.311040948499991e+01,
    4.239934443200010e+01
  ],
  ""type"": ""Point""
}","{
  ""coordinates"": [
    -83.110409485,
    42.399344432
  ],
  ""type"": ""Point""
}",-83.1104094849999,42.3993444320001
11563,9304107,EB I-94,LIVERNOIS,2015-06-22,22,6,2015,22,2,1,1,,1,1,,1,1,4,55,3,1,1,5,0,0,0,0,true,,false,false,false,false,false,,,,,,false,false,true,,,false,false,false,false,false,-83.12916,42.33562,"{
  ""coordinates"": [
    -8.312915571100000e+01,
    4.233561803300010e+01
  ],
  ""type"": ""Point""
}","{
  ""coordinates"": [
    -83.129155711,
    42.335618033
  ],
  ""type"": ""Point""
}",-83.129155711,42.3356180330001
11564,9368617,MOROSS,CHANDLER PARK,2015-06-22,22,6,2015,17,2,5,9,,2,0,,1,1,1,35,4,2,2,5,0,0,0,0,true,,false,false,false,false,false,,,,,,false,false,false,,,false,false,false,false,false,-82.91501,42.419,"{
  ""coordinates"": [
    -8.291500921900000e+01,
    4.241899867000010e+01
  ],
  ""type"": ""Point""
}","{
  ""coordinates"": [
    -82.915009219,
    42.41899867
  ],
  ""type"": ""Point""
}",-82.915009219,42.4189986700001
11565,9304271,SHIRLEY,CAPITOL,2015-06-22,22,6,2015,6,2,9,9,,,2,,1,1,2,25,3,2,0,5,0,0,0,0,true,,false,false,true,false,false,,,,,,false,false,false,,,false,false,false,false,false,-83.18248,42.37683,"{
  ""coordinates"": [
    -8.318248119799991e+01,
    4.237683403200000e+01
  ],
  ""type"": ""Point""
}","{
  ""coordinates"": [
    -83.182481198,
    42.376834032
  ],
  ""type"": ""Point""
}",-83.1824811979999,42.376834032
11566,9304100,E/B I-96,SCHAEFER,2015-06-22,22,6,2015,15,2,97,1,,1,0,,1,2,1,70,3,2,4,5,0,0,0,0,true,,false,false,false,false,false,,,,,,false,false,false,,,false,false,false,false,false,-83.16894,42.38506,"{
  ""coordinates"": [
    -8.316893494999989e+01,
    4.238506482500000e+01
  ],
  ""type"": ""Point""
}","{
  ""coordinates"": [
    -83.16893495,
    42.385064825
  ],
  ""type"": ""Point""
}",-83.1689349499999,42.385064825
11567,9308555,GREENFIELD,JOY,2015-06-22,22,6,2015,17,2,5,9,,2,0,,1,1,1,35,2,2,2,4,0,0,0,1,false,,false,false,false,false,false,,,,,,false,false,false,,,false,false,false,false,false,-83.19685,42.35538,"{
  ""coordinates"": [
    -8.319685521799990e+01,
    4.235537987600000e+01
  ],
  ""type"": ""Point""
}","{
  ""coordinates"": [
    -83.196855218,
    42.355379876
  ],
  ""type"": ""Point""
}",-83.1968552179999,42.355379876
11568,9361031,BRAMELL,CHICAGO,2015-06-22,22,6,2015,15,2,4,9,,,0,,1,2,1,25,1,2,1,5,0,0,0,0,true,,false,false,true,false,false,,,,,,false,false,false,,,false,false,false,false,false,-83.26307,42.3653,"{
  ""coordinates"": [
    -8.326306971400000e+01,
    4.236530058900010e+01
  ],
  ""type"": ""Point""
}","{
  ""coordinates"": [
    -83.263069714,
    42.365300589
  ],
  ""type"": ""Point""
}",-83.263069714,42.3653005890001
11569,9313630,OUTER,TIREMAN,2015-06-22,22,6,2015,0,2,4,9,,2,0,,1,1,5,25,4,2,2,4,0,0,0,1,false,,true,false,true,false,false,,,,,,false,false,false,,,false,false,false,false,false,-83.25464,42.35093,"{
  ""coordinates"": [
    -8.325463768400000e+01,
    4.235093420500000e+01
  ],
  ""type"": ""Point""
}","{
  ""coordinates"": [
    -83.254637684,
    42.350934205
  ],
  ""type"": ""Point""
}",-83.254637684,42.350934205
11570,9304289,GREENFIELD,PURITAN,2015-06-22,22,6,2015,19,2,5,9,,2,0,,1,1,1,35,5,3,5,3,0,0,2,2,false,,false,false,false,false,false,,,,,,false,false,false,,,false,false,false,false,false,-83.19899,42.4082,"{
  ""coordinates"": [
    -8.319898678999991e+01,
    4.240819988300010e+01
  ],
  ""type"": ""Point""
}","{
  ""coordinates"": [
    -83.19898679,
    42.408199883
  ],
  ""type"": ""Point""
}",-83.1989867899999,42.4081998830001
11571,9361034,MCGRAW,CENTRAL,2015-06-22,22,6,2015,17,2,5,9,,4,0,,1,1,1,30,6,2,2,5,0,0,0,0,true,,false,false,false,false,false,,,,,,false,false,true,,,false,false,false,false,false,-83.14077,42.33549,"{
  ""coordinates"": [
    -8.314076933599991e+01,
    4.233549152000010e+01
  ],
  ""type"": ""Point""
}","{
  ""coordinates"": [
    -83.140769336,
    42.33549152
  ],
  ""type"": ""Point""
}",-83.1407693359999,42.3354915200001
11572,9308502,JEFFERSON,RANDOLPH,2015-06-22,22,6,2015,13,2,4,3,,1,0,,1,1,1,30,3,2,5,5,0,0,0,0,true,,true,true,false,false,false,,,,,,false,false,true,,,false,false,false,false,false,-83.04217,42.32988,"{
  ""coordinates"": [
    -8.304216855899990e+01,
    4.232987554600000e+01
  ],
  ""type"": ""Point""
}","{
  ""coordinates"": [
    -83.042168559,
    42.329875546
  ],
  ""type"": ""Point""
}",-83.0421685589999,42.329875546
11573,9304248,JOSEPH CAMPAU,DAVISON,2015-06-22,22,6,2015,0,2,8,9,,4,0,,1,1,4,35,2,2,2,5,0,0,0,0,true,,false,false,true,false,false,,,,,,false,false,true,,,false,false,false,false,false,-83.06863,42.41286,"{
  ""coordinates"": [
    -8.306863544600000e+01,
    4.241286339900010e+01
  ],
  ""type"": ""Point""
}","{
  ""coordinates"": [
    -83.068635446,
    42.412863399
  ],
  ""type"": ""Point""
}",-83.068635446,42.4128633990001
11574,9308530,CLIFFORD,FISHER FWY S/D,2015-06-22,22,6,2015,14,2,5,9,,4,0,,1,2,1,25,2,2,2,5,0,0,0,0,true,,false,false,false,false,false,,,,,,false,false,false,,,false,false,false,false,false,-83.05589,42.33838,"{
  ""coordinates"": [
    -8.305589573000000e+01,
    4.233838405100000e+01
  ],
  ""type"": ""Point""
}","{
  ""coordinates"": [
    -83.05589573,
    42.338384051
  ],
  ""type"": ""Point""
}",-83.05589573,42.338384051
11575,9304244,BRINKER,NEVADA,2015-06-22,22,6,2015,2,2,9,9,,,2,,1,1,4,25,1,2,1,4,0,0,0,1,false,,false,false,false,false,false,,,,,,false,false,true,,,false,false,false,false,false,-83.07373,42.4265,"{
  ""coordinates"": [
    -8.307372877700000e+01,
    4.242649964300010e+01
  ],
  ""type"": ""Point""
}","{
  ""coordinates"": [
    -83.073728777,
    42.426499643
  ],
  ""type"": ""Point""
}",-83.073728777,42.4264996430001
11576,9361072,SPRINGWELLS,PITT,2015-06-22,22,6,2015,9,2,97,9,,,0,,1,1,1,25,2,2,0,5,0,0,0,0,true,,false,false,true,false,false,,,,,,false,false,false,,,false,false,false,false,false,-83.12783,42.31356,"{
  ""coordinates"": [
    -8.312783163200000e+01,
    4.231356592500000e+01
  ],
  ""type"": ""Point""
}","{
  ""coordinates"": [
    -83.127831632,
    42.313565925
  ],
  ""type"": ""Point""
}",-83.127831632,42.313565925
11577,9361005,MICHIGAN,CECIL,2015-06-22,22,6,2015,19,2,4,2,,1,0,,1,1,1,35,4,2,4,4,0,0,0,1,false,,false,false,true,false,false,,,,,,false,false,false,,,false,false,false,false,false,-83.13189,42.33111,"{
  ""coordinates"": [
    -8.313188743599990e+01,
    4.233110925000010e+01
  ],
  ""type"": ""Point""
}","{
  ""coordinates"": [
    -83.131887436,
    42.33110925
  ],
  ""type"": ""Point""
}",-83.1318874359999,42.3311092500001
11578,9361088,MACK,LAKEWOOD,2015-06-22,22,6,2015,17,2,3,9,,4,0,,1,1,1,35,6,2,2,5,0,0,0,0,true,,false,false,false,false,false,,,,,,false,false,false,,,false,false,false,false,false,-82.95438,42.38624,"{
  ""coordinates"": [
    -8.295437565700000e+01,
    4.238624192900010e+01
  ],
  ""type"": ""Point""
}","{
  ""coordinates"": [
    -82.954375657,
    42.386241929
  ],
  ""type"": ""Point""
}",-82.954375657,42.3862419290001
11579,9323543,I 75,MCNICHOLS,2015-06-22,22,6,2015,13,2,1,1,,1,0,,1,1,1,55,6,1,2,5,0,0,0,0,true,,false,false,false,false,false,,,,,,false,false,false,,,false,false,false,false,false,-83.09312,42.42442,"{
  ""coordinates"": [
    -8.309311393999999e+01,
    4.242441510600000e+01
  ],
  ""type"": ""Point""
}","{
  ""coordinates"": [
    -83.09311394,
    42.424415106
  ],
  ""type"": ""Point""
}",-83.09311394,42.424415106
11580,9304101,GREENFIELD,M-10,2015-06-22,22,6,2015,11,2,1,7,,1,0,,1,1,1,35,5,1,1,5,0,0,0,0,true,,false,false,false,false,false,,,,,,false,false,false,,,false,false,false,false,false,-83.20041,42.44279,"{
  ""coordinates"": [
    -8.320041235600000e+01,
    4.244278815700010e+01
  ],
  ""type"": ""Point""
}","{
  ""coordinates"": [
    -83.200412356,
    42.442788157
  ],
  ""type"": ""Point""
}",-83.200412356,42.4427881570001
11581,9308431,MENDOTA,OUTER,2015-06-22,22,6,2015,20,2,8,9,,,0,,1,1,1,15,3,2,1,5,0,0,0,0,true,,false,false,true,false,false,,,,,,false,false,false,,,false,false,false,false,false,-83.16656,42.43543,"{
  ""coordinates"": [
    -8.316656860300000e+01,
    4.243542727400010e+01
  ],
  ""type"": ""Point""
}","{
  ""coordinates"": [
    -83.166568603,
    42.435427274
  ],
  ""type"": ""Point""
}",-83.166568603,42.4354272740001
11582,9308525,MILWAUKEE,HASTINGS,2015-06-22,22,6,2015,17,2,8,9,,4,0,,1,1,1,25,2,2,2,4,0,0,0,1,false,,false,false,true,false,false,,,,,,false,false,false,,,false,false,false,false,false,-83.0629,42.37265,"{
  ""coordinates"": [
    -8.306290618799990e+01,
    4.237264563100010e+01
  ],
  ""type"": ""Point""
}","{
  ""coordinates"": [
    -83.062906188,
    42.372645631
  ],
  ""type"": ""Point""
}",-83.0629061879999,42.3726456310001