ObjectId,Crash ID,Primary Road,Intersecting Road,Crash Date,Day,Month,Year,Hour,Weekday,Crash Type Code,Highway Classification Code,Community Code,Jurisdiction Code,Lane Departure Type Code,Surface Type,Road Condition,Weather Condition,Lighting Condition,Speed Limit,Lanes,Units,Occupants,Most Severe Injury,Fatal Injuries,Suspected Serious Injuries,Suspected Minor Injuries,Possible Injuries,Property Damage Only,Secondary Crash,Traffic Control,Red Light Run,Hit and Run,Alcohol,Drugs,Unbelted Person,Work Zone,Speeding Driver,Distracted Driver,Driveway,Pedestrian,Elderly Driver,Young Driver,Commercial Vehicle,Emergency Vehicles,Train,School Bus,Motorcycle,Bicycle,Deer,Longitude,Latitude,geom,geog,x,y
11925,9301305,N M 39,I 96 SERVICE DRIVE,2015-06-16,16,6,2015,12,3,1,3,,1,1,,1,1,1,55,3,1,1,3,0,0,1,0,false,,false,false,false,false,false,,,,,,false,true,false,,,false,false,false,false,false,-83.21683,42.37759,"{
  ""coordinates"": [
    -8.321682811700001e+01,
    4.237759311200010e+01
  ],
  ""type"": ""Point""
}","{
  ""coordinates"": [
    -83.216828117,
    42.377593112
  ],
  ""type"": ""Point""
}",-83.216828117,42.3775931120001
11926,9301397,N M 10,RAMP 110A,2015-06-16,16,6,2015,15,3,8,3,,1,0,,1,1,1,55,3,2,2,5,0,0,0,0,true,,false,false,false,false,false,,,,,,false,false,false,,,false,false,false,false,false,-83.10537,42.39237,"{
  ""coordinates"": [
    -8.310537079400000e+01,
    4.239237058000000e+01
  ],
  ""type"": ""Point""
}","{
  ""coordinates"": [
    -83.105370794,
    42.39237058
  ],
  ""type"": ""Point""
}",-83.105370794,42.39237058
11927,9295316,ROSA PARKS,STANLEY,2015-06-16,16,6,2015,10,3,1,9,,4,0,,1,1,1,30,3,1,1,5,0,0,0,0,true,,true,false,false,false,false,,,,,,false,false,false,,,false,false,false,false,false,-83.08623,42.35647,"{
  ""coordinates"": [
    -8.308623082000000e+01,
    4.235646959400000e+01
  ],
  ""type"": ""Point""
}","{
  ""coordinates"": [
    -83.08623082,
    42.356469594
  ],
  ""type"": ""Point""
}",-83.08623082,42.356469594
11928,9295354,KIRBY,WOODWARD,2015-06-16,16,6,2015,14,3,4,3,,,0,,1,1,1,30,2,2,2,5,0,0,0,0,true,,false,false,false,false,false,,,,,,false,false,false,,,false,false,false,false,false,-83.06609,42.36013,"{
  ""coordinates"": [
    -8.306608361399999e+01,
    4.236012650900010e+01
  ],
  ""type"": ""Point""
}","{
  ""coordinates"": [
    -83.066083614,
    42.360126509
  ],
  ""type"": ""Point""
}",-83.066083614,42.3601265090001
11929,9296130,W I 96,MEYERS,2015-06-16,16,6,2015,22,3,8,1,,1,0,,1,1,5,55,3,2,2,5,0,0,0,0,true,,false,false,false,true,false,,,,,,false,false,true,,,false,false,false,false,false,-83.1649,42.38545,"{
  ""coordinates"": [
    -8.316490192600000e+01,
    4.238545221800010e+01
  ],
  ""type"": ""Point""
}","{
  ""coordinates"": [
    -83.164901926,
    42.385452218
  ],
  ""type"": ""Point""
}",-83.164901926,42.3854522180001
11930,9294020,WASHINGTON,PARK,2015-06-16,16,6,2015,18,3,8,9,,4,0,,1,1,1,25,2,2,52,5,0,0,0,0,true,,false,false,false,false,false,,,,,,false,false,true,,,false,false,false,false,false,-83.0512,42.33583,"{
  ""coordinates"": [
    -8.305119831400000e+01,
    4.233583562800000e+01
  ],
  ""type"": ""Point""
}","{
  ""coordinates"": [
    -83.051198314,
    42.335835628
  ],
  ""type"": ""Point""
}",-83.051198314,42.335835628
11931,9304304,S M 10,RAMP 105C,2015-06-16,16,6,2015,7,3,5,3,,1,0,,1,1,1,55,3,2,4,4,0,0,0,1,false,,false,false,true,false,false,,,,,,false,false,false,,,false,false,false,false,false,-83.15432,42.40469,"{
  ""coordinates"": [
    -8.315432183800000e+01,
    4.240469304500000e+01
  ],
  ""type"": ""Point""
}","{
  ""coordinates"": [
    -83.154321838,
    42.404693045
  ],
  ""type"": ""Point""
}",-83.154321838,42.404693045
11932,9293982,BRUSH,ADAMS,2015-06-16,16,6,2015,14,3,5,9,,4,0,,1,1,1,30,1,2,1,5,0,0,0,0,true,,false,false,true,false,false,,,,,,false,false,false,,,false,false,false,false,false,-83.04667,42.33884,"{
  ""coordinates"": [
    -8.304667107800000e+01,
    4.233884459500010e+01
  ],
  ""type"": ""Point""
}","{
  ""coordinates"": [
    -83.046671078,
    42.338844595
  ],
  ""type"": ""Point""
}",-83.046671078,42.3388445950001
11933,9295332,WOODWARD,CHARLOTTE,2015-06-16,16,6,2015,15,3,4,3,,1,0,,1,1,1,30,8,2,3,5,0,0,0,0,true,,false,false,false,false,false,,,,,,false,true,false,,,false,false,false,false,false,-83.05584,42.34435,"{
  ""coordinates"": [
    -8.305583639100000e+01,
    4.234434411000010e+01
  ],
  ""type"": ""Point""
}","{
  ""coordinates"": [
    -83.055836391,
    42.34434411
  ],
  ""type"": ""Point""
}",-83.055836391,42.3443441100001
11934,9302603,BRINGARD,HOYT,2015-06-16,16,6,2015,23,3,1,9,,,1,,1,1,4,25,1,1,3,4,0,0,0,3,false,,false,false,false,false,false,,,,,,false,false,true,,,false,false,false,false,false,-82.98119,42.44593,"{
  ""coordinates"": [
    -8.298118687499991e+01,
    4.244593050500000e+01
  ],
  ""type"": ""Point""
}","{
  ""coordinates"": [
    -82.981186875,
    42.445930505
  ],
  ""type"": ""Point""
}",-82.9811868749999,42.445930505
11935,9294759,MARCUS,ERWIN,2015-06-16,16,6,2015,23,3,97,9,,,3,,1,1,4,25,2,2,0,5,0,0,0,0,true,,false,false,true,false,false,,,,,,false,false,false,,,false,false,false,false,false,-83.01742,42.39624,"{
  ""coordinates"": [
    -8.301742160299990e+01,
    4.239623536900010e+01
  ],
  ""type"": ""Point""
}","{
  ""coordinates"": [
    -83.017421603,
    42.396235369
  ],
  ""type"": ""Point""
}",-83.0174216029999,42.3962353690001
11936,9301350,RAMP 219C,GRATIOT,2015-06-16,16,6,2015,16,3,1,1,,1,1,,1,1,1,55,1,1,1,5,0,0,0,0,true,,false,false,false,false,false,,,,,,false,false,true,,,false,false,false,false,false,-83.00771,42.39214,"{
  ""coordinates"": [
    -8.300771327599990e+01,
    4.239213378200000e+01
  ],
  ""type"": ""Point""
}","{
  ""coordinates"": [
    -83.007713276,
    42.392133782
  ],
  ""type"": ""Point""
}",-83.0077132759999,42.392133782
11937,9293976,OUTER,GREENFIELD,2015-06-16,16,6,2015,9,3,4,9,,2,0,,1,1,1,30,2,2,2,4,0,0,0,1,false,,true,true,false,false,false,,,,,,false,true,true,,,false,false,false,false,false,-83.19945,42.41967,"{
  ""coordinates"": [
    -8.319944719900001e+01,
    4.241966935100000e+01
  ],
  ""type"": ""Point""
}","{
  ""coordinates"": [
    -83.199447199,
    42.419669351
  ],
  ""type"": ""Point""
}",-83.199447199,42.419669351
11938,9302606,BEACONSFIELD,MORANG,2015-06-16,16,6,2015,0,3,8,9,,,0,,2,4,5,25,1,2,2,5,0,0,0,0,true,,false,false,false,false,false,,,,,,false,false,false,,,false,false,false,false,false,-82.94593,42.42401,"{
  ""coordinates"": [
    -8.294593336799990e+01,
    4.242401201900000e+01
  ],
  ""type"": ""Point""
}","{
  ""coordinates"": [
    -82.945933368,
    42.424012019
  ],
  ""type"": ""Point""
}",-82.9459333679999,42.424012019
11939,9294748,WYOMING,FENKELL,2015-06-16,16,6,2015,5,3,8,9,,4,0,,1,1,1,30,4,2,4,5,0,0,0,0,true,,false,false,true,false,false,,,,,,false,false,false,,,false,false,false,false,false,-83.1597,42.40279,"{
  ""coordinates"": [
    -8.315969781299999e+01,
    4.240278860500010e+01
  ],
  ""type"": ""Point""
}","{
  ""coordinates"": [
    -83.159697813,
    42.402788605
  ],
  ""type"": ""Point""
}",-83.159697813,42.4027886050001
11940,9293956,HOUSTON WHITTIER,KELLY,2015-06-16,16,6,2015,1,3,4,9,,4,0,,1,2,4,30,5,2,6,5,0,0,0,0,true,,true,true,false,true,false,,,,,,false,false,true,,,false,false,false,false,false,-82.96345,42.42081,"{
  ""coordinates"": [
    -8.296344913800000e+01,
    4.242081370400010e+01
  ],
  ""type"": ""Point""
}","{
  ""coordinates"": [
    -82.963449138,
    42.420813704
  ],
  ""type"": ""Point""
}",-82.963449138,42.4208137040001
11941,9294756,SOUTHFIELD SERVICE DRIVE,SCHOOLCRAFT,2015-06-16,16,6,2015,17,3,5,9,,4,0,,1,1,1,25,2,2,3,5,0,0,0,0,true,,false,false,false,false,false,,,,,,false,false,false,,,false,false,false,false,false,-83.21721,42.3867,"{
  ""coordinates"": [
    -8.321720793199999e+01,
    4.238669964600010e+01
  ],
  ""type"": ""Point""
}","{
  ""coordinates"": [
    -83.217207932,
    42.386699646
  ],
  ""type"": ""Point""
}",-83.217207932,42.3866996460001
11942,9295337,HILDALE,CONCORD,2015-06-16,16,6,2015,15,3,4,9,,,0,,1,1,1,25,1,2,1,5,0,0,0,0,true,,true,false,true,false,false,,,,,,false,true,false,,,false,false,false,false,false,-83.03265,42.43018,"{
  ""coordinates"": [
    -8.303265026900000e+01,
    4.243017401200010e+01
  ],
  ""type"": ""Point""
}","{
  ""coordinates"": [
    -83.032650269,
    42.430174012
  ],
  ""type"": ""Point""
}",-83.032650269,42.4301740120001
11943,9323544,PARKSIDE,FENKELL,2015-06-16,16,6,2015,19,3,2,9,,,2,,1,1,1,25,2,2,3,3,0,0,2,0,false,,false,false,true,false,false,,,,,,false,false,false,,,false,false,false,false,false,-83.1309,42.40279,"{
  ""coordinates"": [
    -8.313090049000000e+01,
    4.240279149300010e+01
  ],
  ""type"": ""Point""
}","{
  ""coordinates"": [
    -83.13090049,
    42.402791493
  ],
  ""type"": ""Point""
}",-83.13090049,42.4027914930001
11944,9301591,I-94,LIVERNOIS,2015-06-16,16,6,2015,16,3,5,1,,1,0,,1,1,1,55,3,3,3,5,0,0,0,0,true,,false,false,false,false,false,,,,,,false,false,true,,,false,false,false,false,false,-83.125,42.33726,"{
  ""coordinates"": [
    -8.312500231099990e+01,
    4.233726152200010e+01
  ],
  ""type"": ""Point""
}","{
  ""coordinates"": [
    -83.125002311,
    42.337261522
  ],
  ""type"": ""Point""
}",-83.1250023109999,42.3372615220001
11945,9324908,PLYMOUTH,BURT,2015-06-16,16,6,2015,16,3,4,9,,4,0,,1,1,1,35,8,2,3,5,0,0,0,0,true,,true,true,false,false,false,,,,,,false,false,false,,,false,false,false,false,false,-83.24624,42.37183,"{
  ""coordinates"": [
    -8.324623928900000e+01,
    4.237182668900000e+01
  ],
  ""type"": ""Point""
}","{
  ""coordinates"": [
    -83.246239289,
    42.371826689
  ],
  ""type"": ""Point""
}",-83.246239289,42.371826689
11946,9313726,JOHN R,PALMER,2015-06-16,16,6,2015,10,3,8,9,,4,0,,1,1,1,25,3,2,2,5,0,0,0,0,true,,false,false,false,false,false,,,,,,false,true,false,,,false,false,false,false,false,-83.06551,42.36272,"{
  ""coordinates"": [
    -8.306550421500000e+01,
    4.236272318900010e+01
  ],
  ""type"": ""Point""
}","{
  ""coordinates"": [
    -83.065504215,
    42.362723189
  ],
  ""type"": ""Point""
}",-83.065504215,42.3627231890001
11947,9308552,HARPER,HARVARD,2015-06-16,16,6,2015,12,3,4,9,,4,0,,1,1,1,30,2,2,4,5,0,0,0,0,true,,false,false,false,false,false,,,,,,false,false,false,,,false,false,false,false,false,-82.93768,42.41587,"{
  ""coordinates"": [
    -8.293767659900000e+01,
    4.241587604200000e+01
  ],
  ""type"": ""Point""
}","{
  ""coordinates"": [
    -82.937676599,
    42.415876042
  ],
  ""type"": ""Point""
}",-82.937676599,42.415876042
11948,9313649,WINSTON,FLORENCE,2015-06-16,16,6,2015,6,3,9,9,,,2,,1,1,1,25,2,2,2,5,0,0,0,0,true,,false,false,true,true,true,,,,,,false,false,false,,,false,false,false,false,false,-83.28343,42.40928,"{
  ""coordinates"": [
    -8.328343459400000e+01,
    4.240928111700000e+01
  ],
  ""type"": ""Point""
}","{
  ""coordinates"": [
    -83.283434594,
    42.409281117
  ],
  ""type"": ""Point""
}",-83.283434594,42.409281117
11949,9325685,SB I-75,7 MILE,2015-06-16,16,6,2015,7,3,5,1,,1,0,,1,1,1,70,4,2,2,5,0,0,0,0,true,,false,false,false,false,false,,,,,,false,false,false,,,false,false,false,false,false,-83.09451,42.42887,"{
  ""coordinates"": [
    -8.309451109400000e+01,
    4.242886653300010e+01
  ],
  ""type"": ""Point""
}","{
  ""coordinates"": [
    -83.094511094,
    42.428866533
  ],
  ""type"": ""Point""
}",-83.094511094,42.4288665330001
11950,9308586,EASTWOOD,PELKEY,2015-06-16,16,6,2015,14,3,4,9,,,0,,1,1,1,25,2,3,4,1,1,0,0,0,false,,false,false,false,false,false,,,,,,false,false,false,,,false,false,true,false,false,-82.98624,42.43307,"{
  ""coordinates"": [
    -8.298624460500000e+01,
    4.243307393300010e+01
  ],
  ""type"": ""Point""
}","{
  ""coordinates"": [
    -82.986244605,
    42.433073933
  ],
  ""type"": ""Point""
}",-82.986244605,42.4330739330001
11951,9313719,MARTIN LUTHER KING JR,WOODWARD,2015-06-16,16,6,2015,19,3,3,3,,2,0,,1,1,1,30,6,2,2,5,0,0,0,0,true,,false,false,false,false,false,,,,,,false,false,true,,,false,false,false,false,false,-83.05787,42.34738,"{
  ""coordinates"": [
    -8.305786797099999e+01,
    4.234737950400010e+01
  ],
  ""type"": ""Point""
}","{
  ""coordinates"": [
    -83.057867971,
    42.347379504
  ],
  ""type"": ""Point""
}",-83.057867971,42.3473795040001
11952,9293830,JEFFERSON,GRISWOLD,2015-06-16,16,6,2015,9,3,5,3,,1,0,,1,1,1,30,4,2,2,5,0,0,0,0,true,,false,false,false,false,false,,,,,,false,false,false,,,false,false,false,false,false,-83.0452,42.32822,"{
  ""coordinates"": [
    -8.304520117500000e+01,
    4.232822114600000e+01
  ],
  ""type"": ""Point""
}","{
  ""coordinates"": [
    -83.045201175,
    42.328221146
  ],
  ""type"": ""Point""
}",-83.045201175,42.328221146
11953,9302587,GRATIOT,GLENFIELD,2015-06-16,16,6,2015,23,3,8,3,,1,0,,1,1,4,35,3,2,3,5,0,0,0,0,true,,false,false,false,false,false,,,,,,false,false,false,,,false,false,false,false,false,-82.994,42.41026,"{
  ""coordinates"": [
    -8.299399274400000e+01,
    4.241025770000000e+01
  ],
  ""type"": ""Point""
}","{
  ""coordinates"": [
    -82.993992744,
    42.4102577
  ],
  ""type"": ""Point""
}",-82.993992744,42.4102577
11954,9415986,MICHIGAN,VERMONT,2015-06-16,16,6,2015,12,3,8,2,,1,0,,1,1,1,15,3,2,2,5,0,0,0,0,true,,false,false,false,false,false,,,,,,false,false,false,,,false,false,false,false,false,-83.07354,42.33138,"{
  ""coordinates"": [
    -8.307353739699990e+01,
    4.233138012200000e+01
  ],
  ""type"": ""Point""
}","{
  ""coordinates"": [
    -83.073537397,
    42.331380122
  ],
  ""type"": ""Point""
}",-83.0735373969999,42.331380122
11955,9296128,I-75,7 MILE,2015-06-16,16,6,2015,18,3,5,1,,1,0,,1,1,1,70,4,2,3,5,0,0,0,0,true,,false,false,false,false,false,,,,,,false,false,true,,,false,false,false,false,false,-83.09472,42.43386,"{
  ""coordinates"": [
    -8.309471660600001e+01,
    4.243385933300000e+01
  ],
  ""type"": ""Point""
}","{
  ""coordinates"": [
    -83.094716606,
    42.433859333
  ],
  ""type"": ""Point""
}",-83.094716606,42.433859333
11956,9318316,GRATIOT,SYLVESTER,2015-06-16,16,6,2015,21,3,8,3,,1,0,,1,1,1,35,7,2,2,1,1,0,1,0,false,,false,false,true,false,false,,,,,,false,false,false,,,false,false,true,false,false,-83.02526,42.36284,"{
  ""coordinates"": [
    -8.302525846899989e+01,
    4.236284183600000e+01
  ],
  ""type"": ""Point""
}","{
  ""coordinates"": [
    -83.025258469,
    42.362841836
  ],
  ""type"": ""Point""
}",-83.0252584689999,42.362841836
11957,9294739,I 75,GRAND RIVER,2015-06-16,16,6,2015,8,3,5,1,,1,0,,1,1,1,55,3,2,2,5,0,0,0,0,true,,false,false,false,false,false,,,,,,false,false,false,,,false,false,false,false,false,-83.06846,42.33437,"{
  ""coordinates"": [
    -8.306845742000000e+01,
    4.233436970900000e+01
  ],
  ""type"": ""Point""
}","{
  ""coordinates"": [
    -83.06845742,
    42.334369709
  ],
  ""type"": ""Point""
}",-83.06845742,42.334369709
11958,9293975,ASHTON,JOY,2015-06-16,16,6,2015,13,3,4,9,,,0,,1,1,1,35,2,3,3,5,0,0,0,0,true,,false,false,true,false,false,,,,,,false,false,true,,,false,false,false,false,false,-83.2177,42.35783,"{
  ""coordinates"": [
    -8.321769967700000e+01,
    4.235782492200010e+01
  ],
  ""type"": ""Point""
}","{
  ""coordinates"": [
    -83.217699677,
    42.357824922
  ],
  ""type"": ""Point""
}",-83.217699677,42.3578249220001
11959,9602800,ANTHONY WAYNE,KIRBY,2015-06-16,16,6,2015,14,3,5,9,,4,0,,1,1,1,30,4,2,2,4,0,0,0,1,false,,false,false,false,false,false,,,,,,false,true,false,,,false,false,false,false,false,-83.07327,42.3579,"{
  ""coordinates"": [
    -8.307327574399990e+01,
    4.235789843100010e+01
  ],
  ""type"": ""Point""
}","{
  ""coordinates"": [
    -83.073275744,
    42.357898431
  ],
  ""type"": ""Point""
}",-83.0732757439999,42.3578984310001
11960,9308606,LONGFELLOW,LAWTON,2015-06-16,16,6,2015,8,3,5,9,,,0,,1,1,1,30,2,2,2,5,0,0,0,0,true,,false,false,false,false,false,,,,,,false,false,false,,,false,false,false,false,false,-83.11318,42.37491,"{
  ""coordinates"": [
    -8.311318223700000e+01,
    4.237490873900000e+01
  ],
  ""type"": ""Point""
}","{
  ""coordinates"": [
    -83.113182237,
    42.374908739
  ],
  ""type"": ""Point""
}",-83.113182237,42.374908739
11961,9293979,FERRY PARK,GRAND,2015-06-16,16,6,2015,8,3,8,9,,,0,,1,1,1,25,1,2,2,5,0,0,0,0,true,,false,false,false,false,false,,,,,,false,false,false,,,false,false,false,false,false,-83.10461,42.35844,"{
  ""coordinates"": [
    -8.310461442699990e+01,
    4.235843940500010e+01
  ],
  ""type"": ""Point""
}","{
  ""coordinates"": [
    -83.104614427,
    42.358439405
  ],
  ""type"": ""Point""
}",-83.1046144269999,42.3584394050001
11962,9322200,I 94,CHENE,2015-06-16,16,6,2015,17,3,5,1,,1,0,,1,1,1,55,3,2,2,4,0,0,0,1,false,,false,false,false,false,false,,,,,,false,false,false,,,false,false,false,false,false,-83.04198,42.37591,"{
  ""coordinates"": [
    -8.304197517599989e+01,
    4.237590650200010e+01
  ],
  ""type"": ""Point""
}","{
  ""coordinates"": [
    -83.041975176,
    42.375906502
  ],
  ""type"": ""Point""
}",-83.0419751759999,42.3759065020001
11963,9294023,LIVERNOIS,N M 10,2015-06-16,16,6,2015,18,3,5,9,,4,0,,1,1,1,35,2,2,2,5,0,0,0,0,true,,false,false,false,false,false,,,,,,false,false,false,,,false,false,false,false,false,-83.14023,42.40497,"{
  ""coordinates"": [
    -8.314023100100000e+01,
    4.240497035500000e+01
  ],
  ""type"": ""Point""
}","{
  ""coordinates"": [
    -83.140231001,
    42.404970355
  ],
  ""type"": ""Point""
}",-83.140231001,42.404970355
11964,9294016,GRATIOT,CHENE,2015-06-16,16,6,2015,11,3,7,3,,1,0,,1,1,1,35,8,2,3,3,0,0,1,1,false,,false,false,false,false,false,,,,,,false,true,false,,,false,false,false,false,false,-83.03188,42.35273,"{
  ""coordinates"": [
    -8.303187656999999e+01,
    4.235273130100010e+01
  ],
  ""type"": ""Point""
}","{
  ""coordinates"": [
    -83.03187657,
    42.352731301
  ],
  ""type"": ""Point""
}",-83.03187657,42.3527313010001
11965,9293980,MARX,7 MILE,2015-06-16,16,6,2015,7,3,5,9,,,0,,1,1,1,25,1,2,1,4,0,0,0,1,false,,false,false,false,false,false,,,,,,false,false,false,,,false,false,false,false,false,-83.08411,42.43338,"{
  ""coordinates"": [
    -8.308411132200000e+01,
    4.243338363400010e+01
  ],
  ""type"": ""Point""
}","{
  ""coordinates"": [
    -83.084111322,
    42.433383634
  ],
  ""type"": ""Point""
}",-83.084111322,42.4333836340001
11966,9293960,JEFFERSON,SHERIDAN,2015-06-16,16,6,2015,8,3,5,3,,4,0,,1,1,1,30,6,2,3,5,0,0,0,0,true,,false,false,false,false,false,,,,,,false,false,false,,,false,false,false,false,false,-82.99959,42.34823,"{
  ""coordinates"": [
    -8.299959067400000e+01,
    4.234823387000010e+01
  ],
  ""type"": ""Point""
}","{
  ""coordinates"": [
    -82.999590674,
    42.34823387
  ],
  ""type"": ""Point""
}",-82.999590674,42.3482338700001
11967,9295340,HAMLET,MOUND,2015-06-16,16,6,2015,7,3,6,9,,,0,,2,1,1,35,6,2,2,5,0,0,0,0,true,,false,false,false,false,false,,,,,,false,false,false,,,false,false,false,false,false,-83.04394,42.44625,"{
  ""coordinates"": [
    -8.304394048700000e+01,
    4.244625269800010e+01
  ],
  ""type"": ""Point""
}","{
  ""coordinates"": [
    -83.043940487,
    42.446252698
  ],
  ""type"": ""Point""
}",-83.043940487,42.4462526980001
11968,9323489,DAVISON SERVICE,MOUND,2015-06-16,16,6,2015,22,3,8,9,,2,0,,1,1,5,35,4,2,1,5,0,0,0,0,true,,false,false,true,false,false,,,,,,false,false,false,,,false,false,false,false,false,-83.04282,42.42262,"{
  ""coordinates"": [
    -8.304281516000000e+01,
    4.242261354500000e+01
  ],
  ""type"": ""Point""
}","{
  ""coordinates"": [
    -83.04281516,
    42.422613545
  ],
  ""type"": ""Point""
}",-83.04281516,42.422613545
11969,9317538,FORD,AUTO CLUB,2015-06-16,16,6,2015,16,3,4,3,,1,0,,1,1,1,50,4,2,2,5,0,0,0,0,true,,true,true,false,false,false,,,,,,false,false,false,,,false,false,false,false,false,-83.22469,42.32894,"{
  ""coordinates"": [
    -8.322469233899990e+01,
    4.232894294500010e+01
  ],
  ""type"": ""Point""
}","{
  ""coordinates"": [
    -83.224692339,
    42.328942945
  ],
  ""type"": ""Point""
}",-83.2246923389999,42.3289429450001
11970,9293847,WB I-96,MCGRAW,2015-06-15,15,6,2015,16,2,1,1,,1,1,,2,4,1,55,4,1,2,5,0,0,0,0,true,,false,false,false,false,false,,,,,,false,false,false,,,false,false,false,false,false,-83.10238,42.35283,"{
  ""coordinates"": [
    -8.310238006299990e+01,
    4.235282464800010e+01
  ],
  ""type"": ""Point""
}","{
  ""coordinates"": [
    -83.102380063,
    42.352824648
  ],
  ""type"": ""Point""
}",-83.1023800629999,42.3528246480001
11971,9308462,8 MILE SERVICE DRIVE,GREENFIELD,2015-06-15,15,6,2015,17,2,5,3,,1,0,,1,1,1,40,8,2,2,5,0,0,0,0,true,,false,false,false,false,false,,,,,,false,false,false,,,false,false,false,false,false,-83.20076,42.44463,"{
  ""coordinates"": [
    -8.320075634499990e+01,
    4.244462449700010e+01
  ],
  ""type"": ""Point""
}","{
  ""coordinates"": [
    -83.200756345,
    42.444624497
  ],
  ""type"": ""Point""
}",-83.2007563449999,42.4446244970001
11972,9293970,7 MILE,BELAND,2015-06-15,15,6,2015,18,2,5,9,,4,0,,2,4,1,35,2,2,2,5,0,0,0,0,true,,false,false,false,false,false,,,,,,false,false,false,,,false,false,false,false,false,-83.00977,42.43429,"{
  ""coordinates"": [
    -8.300977384500000e+01,
    4.243429355000010e+01
  ],
  ""type"": ""Point""
}","{
  ""coordinates"": [
    -83.009773845,
    42.43429355
  ],
  ""type"": ""Point""
}",-83.009773845,42.4342935500001
11973,9293093,KENTFIELD,SANTA MARIA,2015-06-15,15,6,2015,17,2,4,9,,,0,,2,4,1,35,2,2,2,5,0,0,0,0,true,,false,false,true,false,false,,,,,,false,false,false,,,false,false,false,false,false,-83.24128,42.41739,"{
  ""coordinates"": [
    -8.324127960399990e+01,
    4.241739393600010e+01
  ],
  ""type"": ""Point""
}","{
  ""coordinates"": [
    -83.241279604,
    42.417393936
  ],
  ""type"": ""Point""
}",-83.2412796039999,42.4173939360001
11974,9293117,FOREST,ROHNS,2015-06-15,15,6,2015,18,2,8,9,,4,0,,2,1,1,30,3,2,4,4,0,0,0,2,false,,false,false,false,false,false,,,,,,false,false,true,,,false,false,false,false,false,-83.00184,42.37753,"{
  ""coordinates"": [
    -8.300184030100000e+01,
    4.237753352000000e+01
  ],
  ""type"": ""Point""
}","{
  ""coordinates"": [
    -83.001840301,
    42.37753352
  ],
  ""type"": ""Point""
}",-83.001840301,42.37753352
11975,9304255,WYOMING,7 MILE,2015-06-15,15,6,2015,13,2,5,9,,4,0,,1,1,1,25,2,2,2,5,0,0,0,0,true,,false,false,false,false,false,,,,,,false,false,false,,,false,false,false,false,false,-83.16097,42.43135,"{
  ""coordinates"": [
    -8.316097590100000e+01,
    4.243134542100010e+01
  ],
  ""type"": ""Point""
}","{
  ""coordinates"": [
    -83.160975901,
    42.431345421
  ],
  ""type"": ""Point""
}",-83.160975901,42.4313454210001
11976,9293810,I-75,SCHAEFER,2015-06-15,15,6,2015,16,2,5,1,,1,0,,2,4,1,70,4,2,7,5,0,0,0,0,true,,false,false,false,false,false,,,,,,false,false,false,,,false,false,false,false,false,-83.14948,42.28203,"{
  ""coordinates"": [
    -8.314948091299991e+01,
    4.228203245100010e+01
  ],
  ""type"": ""Point""
}","{
  ""coordinates"": [
    -83.149480913,
    42.282032451
  ],
  ""type"": ""Point""
}",-83.1494809129999,42.2820324510001
11977,9294745,RAMP 051B,TELEGRAPH,2015-06-15,15,6,2015,7,2,5,2,,1,0,,2,1,2,30,1,2,2,5,0,0,0,0,true,,false,false,true,false,false,,,,,,false,false,false,,,false,false,false,false,false,-83.27835,42.44238,"{
  ""coordinates"": [
    -8.327834832600000e+01,
    4.244237390300000e+01
  ],
  ""type"": ""Point""
}","{
  ""coordinates"": [
    -83.278348326,
    42.442373903
  ],
  ""type"": ""Point""
}",-83.278348326,42.442373903
11978,9435375,E I 94,RAMP 213P,2015-06-15,15,6,2015,13,2,97,1,,1,0,,1,1,1,55,3,2,2,1,1,0,0,0,false,,false,false,false,false,true,,,,,,false,false,false,,,false,false,true,false,false,-83.09406,42.35169,"{
  ""coordinates"": [
    -8.309406611299990e+01,
    4.235168758900010e+01
  ],
  ""type"": ""Point""
}","{
  ""coordinates"": [
    -83.094066113,
    42.351687589
  ],
  ""type"": ""Point""
}",-83.0940661129999,42.3516875890001
11979,9293955,MEYERS,I 96 CD,2015-06-15,15,6,2015,18,2,5,9,,4,0,,1,1,1,35,6,3,5,4,0,0,0,1,false,,false,false,true,false,false,,,,,,false,false,false,,,false,false,false,false,false,-83.1686,42.38547,"{
  ""coordinates"": [
    -8.316860091599990e+01,
    4.238546800900010e+01
  ],
  ""type"": ""Point""
}","{
  ""coordinates"": [
    -83.168600916,
    42.385468009
  ],
  ""type"": ""Point""
}",-83.1686009159999,42.3854680090001
11980,9293108,LARNED,BRUSH,2015-06-15,15,6,2015,15,2,4,9,,4,0,,2,4,1,30,3,2,5,5,0,0,0,0,true,,true,true,false,false,false,,,,,,false,false,false,,,false,false,false,false,false,-83.04148,42.33104,"{
  ""coordinates"": [
    -8.304148319099990e+01,
    4.233103803000010e+01
  ],
  ""type"": ""Point""
}","{
  ""coordinates"": [
    -83.041483191,
    42.33103803
  ],
  ""type"": ""Point""
}",-83.0414831909999,42.3310380300001