ObjectId,Crash ID,Primary Road,Intersecting Road,Crash Date,Day,Month,Year,Hour,Weekday,Crash Type Code,Highway Classification Code,Community Code,Jurisdiction Code,Lane Departure Type Code,Surface Type,Road Condition,Weather Condition,Lighting Condition,Speed Limit,Lanes,Units,Occupants,Most Severe Injury,Fatal Injuries,Suspected Serious Injuries,Suspected Minor Injuries,Possible Injuries,Property Damage Only,Secondary Crash,Traffic Control,Red Light Run,Hit and Run,Alcohol,Drugs,Unbelted Person,Work Zone,Speeding Driver,Distracted Driver,Driveway,Pedestrian,Elderly Driver,Young Driver,Commercial Vehicle,Emergency Vehicles,Train,School Bus,Motorcycle,Bicycle,Deer,Longitude,Latitude,geom,geog,x,y
12038,9301512,M10,MCNICHOLS,2015-06-14,14,6,2015,2,1,1,3,,1,0,,1,1,4,55,3,1,1,5,0,0,0,0,true,,false,false,false,false,false,,,,,,false,false,false,,,false,false,false,false,false,-83.17216,42.41675,"{
  ""coordinates"": [
    -8.317215516200000e+01,
    4.241674630900010e+01
  ],
  ""type"": ""Point""
}","{
  ""coordinates"": [
    -83.172155162,
    42.416746309
  ],
  ""type"": ""Point""
}",-83.172155162,42.4167463090001
12039,9353340,TELEGRAPH,8 MILE,2015-06-14,14,6,2015,0,1,1,2,,1,1,,1,1,4,25,1,1,1,5,0,0,0,0,true,,false,false,false,false,false,,,,,,false,false,false,,,false,false,false,false,false,-83.27827,42.44283,"{
  ""coordinates"": [
    -8.327826839900000e+01,
    4.244282371900000e+01
  ],
  ""type"": ""Point""
}","{
  ""coordinates"": [
    -83.278268399,
    42.442823719
  ],
  ""type"": ""Point""
}",-83.278268399,42.442823719
12040,9295343,CHICAGO,MANSFIELD,2015-06-14,14,6,2015,1,1,5,9,,4,0,,97,98,4,35,2,2,2,4,0,0,0,1,false,,false,false,false,false,false,,,,,,false,false,true,,,false,false,false,false,false,-83.203,42.36528,"{
  ""coordinates"": [
    -8.320299176400000e+01,
    4.236528558500000e+01
  ],
  ""type"": ""Point""
}","{
  ""coordinates"": [
    -83.202991764,
    42.365285585
  ],
  ""type"": ""Point""
}",-83.202991764,42.365285585
12041,9292350,FOREST,DEQUINDRE,2015-06-14,14,6,2015,1,1,1,9,,4,0,,1,1,5,25,3,1,1,5,0,0,0,0,true,,false,false,false,false,false,,,,,,false,false,false,,,false,false,false,false,false,-83.0455,42.3614,"{
  ""coordinates"": [
    -8.304550152300000e+01,
    4.236140372500010e+01
  ],
  ""type"": ""Point""
}","{
  ""coordinates"": [
    -83.045501523,
    42.361403725
  ],
  ""type"": ""Point""
}",-83.045501523,42.3614037250001
12042,9292193,EB I-96,LIVERNOIS,2015-06-14,14,6,2015,20,1,1,1,,1,1,,2,4,3,70,4,1,1,5,0,0,0,0,true,,false,false,false,false,false,,,,,,false,false,false,,,false,false,false,false,false,-83.143,42.36892,"{
  ""coordinates"": [
    -8.314300041199991e+01,
    4.236891917600010e+01
  ],
  ""type"": ""Point""
}","{
  ""coordinates"": [
    -83.143000412,
    42.368919176
  ],
  ""type"": ""Point""
}",-83.1430004119999,42.3689191760001
12043,9292333,PICKFORD,MENDOTA,2015-06-14,14,6,2015,3,1,8,9,,,0,,2,4,4,25,2,2,2,5,0,0,0,0,true,,false,false,false,false,false,,,,,,false,false,false,,,false,false,false,false,false,-83.16624,42.42588,"{
  ""coordinates"": [
    -8.316623370000001e+01,
    4.242588504700010e+01
  ],
  ""type"": ""Point""
}","{
  ""coordinates"": [
    -83.1662337,
    42.425885047
  ],
  ""type"": ""Point""
}",-83.1662337,42.4258850470001
12044,9293842,N/B I-75,WARREN,2015-06-14,14,6,2015,15,1,5,1,,1,0,,2,4,1,55,4,2,3,4,0,0,0,2,false,,false,false,false,false,false,,,,,,false,false,false,,,false,false,false,false,false,-83.05407,42.36058,"{
  ""coordinates"": [
    -8.305406667499990e+01,
    4.236058611100000e+01
  ],
  ""type"": ""Point""
}","{
  ""coordinates"": [
    -83.054066675,
    42.360586111
  ],
  ""type"": ""Point""
}",-83.0540666749999,42.360586111
12045,9292203,RAMP 211C,W I 94,2015-06-14,14,6,2015,3,1,1,1,,1,1,,1,1,4,55,1,1,1,3,0,0,1,0,false,,false,false,false,false,false,,,,,,false,false,false,,,false,false,false,false,false,-83.14304,42.33173,"{
  ""coordinates"": [
    -8.314303236300000e+01,
    4.233173085700000e+01
  ],
  ""type"": ""Point""
}","{
  ""coordinates"": [
    -83.143032363,
    42.331730857
  ],
  ""type"": ""Point""
}",-83.143032363,42.331730857
12046,9292202,E I 96,DAVISON CROSSOVER,2015-06-14,14,6,2015,19,1,1,1,,1,1,,3,4,1,55,3,1,1,5,0,0,0,0,true,,false,false,false,false,false,,,,,,false,false,false,,,false,false,false,false,false,-83.1625,42.38526,"{
  ""coordinates"": [
    -8.316249681900000e+01,
    4.238526294400000e+01
  ],
  ""type"": ""Point""
}","{
  ""coordinates"": [
    -83.162496819,
    42.385262944
  ],
  ""type"": ""Point""
}",-83.162496819,42.385262944
12047,9292317,7 MILE,SANTA BARBARA,2015-06-14,14,6,2015,16,1,4,9,,2,0,,2,2,1,30,4,2,2,5,0,0,0,0,true,,false,false,false,false,false,,,,,,false,true,false,,,false,false,false,false,false,-83.14945,42.43145,"{
  ""coordinates"": [
    -8.314945174899999e+01,
    4.243145289300000e+01
  ],
  ""type"": ""Point""
}","{
  ""coordinates"": [
    -83.149451749,
    42.431452893
  ],
  ""type"": ""Point""
}",-83.149451749,42.431452893
12048,9293986,WARD,FENKELL,2015-06-14,14,6,2015,19,1,4,9,,,0,,1,2,1,25,2,2,2,5,0,0,0,0,true,,false,false,true,false,false,,,,,,false,false,true,,,false,false,false,false,false,-83.17368,42.40189,"{
  ""coordinates"": [
    -8.317368055999999e+01,
    4.240188875400000e+01
  ],
  ""type"": ""Point""
}","{
  ""coordinates"": [
    -83.17368056,
    42.401888754
  ],
  ""type"": ""Point""
}",-83.17368056,42.401888754
12049,9292423,PINEHURST,8 MILE,2015-06-14,14,6,2015,16,1,5,3,,,0,,2,4,1,25,1,2,1,5,0,0,0,0,true,,false,false,true,false,false,,,,,,false,false,false,,,false,false,false,false,false,-83.16798,42.44549,"{
  ""coordinates"": [
    -8.316797532100000e+01,
    4.244548701500000e+01
  ],
  ""type"": ""Point""
}","{
  ""coordinates"": [
    -83.167975321,
    42.445487015
  ],
  ""type"": ""Point""
}",-83.167975321,42.445487015
12050,9292208,RAMP 109B,S M 10,2015-06-14,14,6,2015,22,1,1,3,,1,1,,2,4,4,55,1,1,4,5,0,0,0,0,true,,false,false,false,false,false,,,,,,false,false,false,,,false,false,false,false,false,-83.10821,42.39589,"{
  ""coordinates"": [
    -8.310820899100000e+01,
    4.239588893600010e+01
  ],
  ""type"": ""Point""
}","{
  ""coordinates"": [
    -83.108208991,
    42.395888936
  ],
  ""type"": ""Point""
}",-83.108208991,42.3958889360001
12051,9292372,CHICAGO,PLAINVIEW,2015-06-14,14,6,2015,19,1,97,9,,4,0,,2,4,1,25,2,2,2,5,0,0,0,0,true,,true,false,false,false,false,,,,,,false,false,false,,,false,false,false,false,false,-83.23472,42.36473,"{
  ""coordinates"": [
    -8.323471611699991e+01,
    4.236472601900000e+01
  ],
  ""type"": ""Point""
}","{
  ""coordinates"": [
    -83.234716117,
    42.364726019
  ],
  ""type"": ""Point""
}",-83.2347161169999,42.364726019
12052,9292363,7MILE,SOUTHFIELD,2015-06-14,14,6,2015,22,1,5,9,,2,0,,2,4,4,35,4,2,3,4,0,0,0,1,false,,false,false,true,false,false,,,,,,false,false,true,,,false,false,false,false,false,-83.21974,42.43001,"{
  ""coordinates"": [
    -8.321974186100000e+01,
    4.243000833400000e+01
  ],
  ""type"": ""Point""
}","{
  ""coordinates"": [
    -83.219741861,
    42.430008334
  ],
  ""type"": ""Point""
}",-83.219741861,42.430008334
12053,9295330,OLIVER,MT ELLIOTT,2015-06-14,14,6,2015,17,1,8,9,,,0,,2,1,1,0,8,2,1,5,0,0,0,0,true,,false,false,false,false,false,,,,,,false,false,false,,,false,false,false,false,false,-83.0381,42.39213,"{
  ""coordinates"": [
    -8.303809791700000e+01,
    4.239213170500010e+01
  ],
  ""type"": ""Point""
}","{
  ""coordinates"": [
    -83.038097917,
    42.392131705
  ],
  ""type"": ""Point""
}",-83.038097917,42.3921317050001
12054,9293826,M-10,JEFFERSON,2015-06-14,14,6,2015,9,1,97,3,,1,0,,2,4,1,55,3,3,6,3,0,0,1,1,false,,false,false,false,false,false,,,,,,false,true,true,,,false,false,false,false,false,-83.05012,42.3262,"{
  ""coordinates"": [
    -8.305011413800000e+01,
    4.232619890400010e+01
  ],
  ""type"": ""Point""
}","{
  ""coordinates"": [
    -83.050114138,
    42.326198904
  ],
  ""type"": ""Point""
}",-83.050114138,42.3261989040001
12055,9293808,I-94,SCOTTEN,2015-06-14,14,6,2015,10,1,1,1,,1,1,,2,4,1,55,3,1,1,5,0,0,0,0,true,,false,false,false,false,false,,,,,,false,false,false,,,false,false,false,false,false,-83.11127,42.3462,"{
  ""coordinates"": [
    -8.311127320000000e+01,
    4.234619972100010e+01
  ],
  ""type"": ""Point""
}","{
  ""coordinates"": [
    -83.1112732,
    42.346199721
  ],
  ""type"": ""Point""
}",-83.1112732,42.3461997210001
12056,9341886,GRAND RIVER,GREENFIELD,2015-06-14,14,6,2015,18,1,4,3,,1,0,,2,1,1,35,4,2,1,4,0,0,0,1,false,,true,true,true,false,false,,,,,,false,false,true,,,false,false,false,false,false,-83.19836,42.39265,"{
  ""coordinates"": [
    -8.319835688900000e+01,
    4.239265488500010e+01
  ],
  ""type"": ""Point""
}","{
  ""coordinates"": [
    -83.198356889,
    42.392654885
  ],
  ""type"": ""Point""
}",-83.198356889,42.3926548850001
12057,9292194,NB I-75,LODGE,2015-06-14,14,6,2015,22,1,1,1,,1,1,,2,4,4,55,3,1,1,5,0,0,0,0,true,,false,false,false,false,false,,,,,,false,false,false,,,false,false,false,false,false,-83.08588,42.32873,"{
  ""coordinates"": [
    -8.308587427399991e+01,
    4.232872653700010e+01
  ],
  ""type"": ""Point""
}","{
  ""coordinates"": [
    -83.085874274,
    42.328726537
  ],
  ""type"": ""Point""
}",-83.0858742739999,42.3287265370001
12058,9292206,W I 96,CONSOLIDATED RAIL CORPORATION,2015-06-14,14,6,2015,20,1,1,1,,1,1,,2,4,1,55,3,1,1,5,0,0,0,0,true,,false,false,false,false,false,,,,,,false,false,false,,,false,false,false,false,false,-83.18548,42.38158,"{
  ""coordinates"": [
    -8.318547863000001e+01,
    4.238158401600000e+01
  ],
  ""type"": ""Point""
}","{
  ""coordinates"": [
    -83.18547863,
    42.381584016
  ],
  ""type"": ""Point""
}",-83.18547863,42.381584016
12059,9293861,E/B I-94,MT ELLIOT,2015-06-14,14,6,2015,7,1,1,1,,1,1,,2,4,1,55,3,1,1,4,0,0,0,1,false,,false,false,false,false,false,,,,,,false,false,false,,,false,false,false,false,false,-83.03403,42.37901,"{
  ""coordinates"": [
    -8.303402404300000e+01,
    4.237900769600000e+01
  ],
  ""type"": ""Point""
}","{
  ""coordinates"": [
    -83.034024043,
    42.379007696
  ],
  ""type"": ""Point""
}",-83.034024043,42.379007696
12060,9294656,S M 10,ROSA PARKS,2015-06-14,14,6,2015,16,1,4,3,,1,0,,2,4,1,55,3,2,1,4,0,0,0,1,false,,false,false,true,false,false,,,,,,false,false,true,,,false,false,false,false,false,-83.11845,42.40335,"{
  ""coordinates"": [
    -8.311845694800000e+01,
    4.240335502700000e+01
  ],
  ""type"": ""Point""
}","{
  ""coordinates"": [
    -83.118456948,
    42.403355027
  ],
  ""type"": ""Point""
}",-83.118456948,42.403355027
12061,9325918,ESSEX,PHILIP,2015-06-14,14,6,2015,10,1,4,9,,,0,,2,4,1,25,1,2,2,5,0,0,0,0,true,,false,false,true,false,false,,,,,,false,false,false,,,false,false,false,false,false,-82.93826,42.36786,"{
  ""coordinates"": [
    -8.293825348900000e+01,
    4.236786105300010e+01
  ],
  ""type"": ""Point""
}","{
  ""coordinates"": [
    -82.938253489,
    42.367861053
  ],
  ""type"": ""Point""
}",-82.938253489,42.3678610530001
12062,9292404,MCNICHOLS,FRENCH,2015-06-14,14,6,2015,12,1,97,9,,1,1,,97,1,5,35,2,1,1,5,0,0,0,0,true,,false,false,false,false,false,,,,,,false,false,true,,,false,false,false,false,false,-83.01945,42.41956,"{
  ""coordinates"": [
    -8.301944435800000e+01,
    4.241955726600000e+01
  ],
  ""type"": ""Point""
}","{
  ""coordinates"": [
    -83.019444358,
    42.419557266
  ],
  ""type"": ""Point""
}",-83.019444358,42.419557266
12063,9293813,E I 96,FULLERTON,2015-06-14,14,6,2015,8,1,97,1,,1,0,,2,4,1,70,4,3,1,5,0,0,0,0,true,,false,false,false,false,false,,,,,,false,false,true,,,false,false,false,false,false,-83.18912,42.38013,"{
  ""coordinates"": [
    -8.318911479400001e+01,
    4.238012524800010e+01
  ],
  ""type"": ""Point""
}","{
  ""coordinates"": [
    -83.189114794,
    42.380125248
  ],
  ""type"": ""Point""
}",-83.189114794,42.3801252480001
12064,9293825,224A,E I 94 SERVICE DRIVE,2015-06-14,14,6,2015,16,1,1,1,,1,1,,2,1,1,55,1,1,2,4,0,0,0,2,false,,false,false,false,false,false,,,,,,false,false,true,,,false,false,false,false,false,-82.92959,42.42292,"{
  ""coordinates"": [
    -8.292958457000000e+01,
    4.242292011900000e+01
  ],
  ""type"": ""Point""
}","{
  ""coordinates"": [
    -82.92958457,
    42.422920119
  ],
  ""type"": ""Point""
}",-82.92958457,42.422920119
12065,9294010,CLARK,LAFAYETTE,2015-06-14,14,6,2015,12,1,5,9,,4,0,,2,4,5,25,2,2,0,5,0,0,0,0,true,,false,false,false,false,false,,,,,,false,false,false,,,false,false,false,false,false,-83.09216,42.31514,"{
  ""coordinates"": [
    -8.309216307100000e+01,
    4.231513766300000e+01
  ],
  ""type"": ""Point""
}","{
  ""coordinates"": [
    -83.092163071,
    42.315137663
  ],
  ""type"": ""Point""
}",-83.092163071,42.315137663
12066,9292316,SOUTHFIELD SERVICE,8 MILE,2015-06-14,14,6,2015,0,1,5,3,,1,0,,1,1,5,25,3,2,3,4,0,0,0,3,false,,false,false,false,false,false,,,,,,false,false,true,,,false,false,false,false,false,-83.2198,42.44389,"{
  ""coordinates"": [
    -8.321980280799990e+01,
    4.244388959000000e+01
  ],
  ""type"": ""Point""
}","{
  ""coordinates"": [
    -83.219802808,
    42.44388959
  ],
  ""type"": ""Point""
}",-83.2198028079999,42.44388959
12067,9295211,E I 96,WYOMING,2015-06-14,14,6,2015,6,1,1,1,,1,1,,2,4,1,55,3,1,1,4,0,0,0,1,false,,false,false,false,false,false,,,,,,false,false,false,,,false,false,false,false,false,-83.15885,42.38525,"{
  ""coordinates"": [
    -8.315884792400000e+01,
    4.238524627800010e+01
  ],
  ""type"": ""Point""
}","{
  ""coordinates"": [
    -83.158847924,
    42.385246278
  ],
  ""type"": ""Point""
}",-83.158847924,42.3852462780001
12068,9308429,JEFFERSON,BURNS,2015-06-14,14,6,2015,17,1,4,9,,4,0,,2,2,2,35,7,2,2,5,0,0,0,0,true,,false,false,false,false,false,,,,,,false,false,true,,,false,false,false,false,false,-82.98973,42.35479,"{
  ""coordinates"": [
    -8.298973185700000e+01,
    4.235479137100000e+01
  ],
  ""type"": ""Point""
}","{
  ""coordinates"": [
    -82.989731857,
    42.354791371
  ],
  ""type"": ""Point""
}",-82.989731857,42.354791371
12069,9293952,MACK,GRANDY,2015-06-14,14,6,2015,3,1,4,9,,4,0,,1,1,5,30,2,2,1,5,0,0,0,0,true,,false,false,true,false,false,,,,,,false,false,true,,,false,false,false,false,false,-83.03263,42.35726,"{
  ""coordinates"": [
    -8.303263114100000e+01,
    4.235725636900000e+01
  ],
  ""type"": ""Point""
}","{
  ""coordinates"": [
    -83.032631141,
    42.357256369
  ],
  ""type"": ""Point""
}",-83.032631141,42.357256369
12070,9293814,I75,DEARBORN,2015-06-14,14,6,2015,10,1,5,1,,1,0,,2,4,1,70,4,2,4,4,0,0,0,3,false,,false,false,false,false,false,,,,,,false,false,false,,,false,false,false,false,false,-83.12798,42.29275,"{
  ""coordinates"": [
    -8.312797293499990e+01,
    4.229275321900010e+01
  ],
  ""type"": ""Point""
}","{
  ""coordinates"": [
    -83.127972935,
    42.292753219
  ],
  ""type"": ""Point""
}",-83.1279729349999,42.2927532190001
12071,9294688,I 75,I 94,2015-06-14,14,6,2015,21,1,2,1,,1,2,,2,2,4,55,3,2,3,3,0,0,1,2,false,,false,false,false,true,false,,,,,,false,false,false,,,false,false,false,false,false,-83.05952,42.37185,"{
  ""coordinates"": [
    -8.305951947999991e+01,
    4.237184793200000e+01
  ],
  ""type"": ""Point""
}","{
  ""coordinates"": [
    -83.05951948,
    42.371847932
  ],
  ""type"": ""Point""
}",-83.0595194799999,42.371847932
12072,9313731,CASS,GRAND,2015-06-14,14,6,2015,0,1,97,9,,4,0,,1,1,4,25,1,2,1,2,0,1,0,0,false,,false,false,true,false,false,,,,,,false,false,false,,,false,false,false,true,false,-83.07476,42.36963,"{
  ""coordinates"": [
    -8.307475917900000e+01,
    4.236962433900000e+01
  ],
  ""type"": ""Point""
}","{
  ""coordinates"": [
    -83.074759179,
    42.369624339
  ],
  ""type"": ""Point""
}",-83.074759179,42.369624339
12073,9304274,SCHAEFER,OUTER,2015-06-14,14,6,2015,3,1,4,9,,4,0,,2,1,3,35,2,2,2,3,0,0,1,0,false,,false,false,true,false,false,,,,,,false,false,false,,,false,false,false,false,false,-83.17998,42.42039,"{
  ""coordinates"": [
    -8.317997720900000e+01,
    4.242039339500010e+01
  ],
  ""type"": ""Point""
}","{
  ""coordinates"": [
    -83.179977209,
    42.420393395
  ],
  ""type"": ""Point""
}",-83.179977209,42.4203933950001
12074,9294675,W I 94,RAMP 213P,2015-06-14,14,6,2015,6,1,1,1,,1,1,,2,4,1,55,2,1,1,5,0,0,0,0,true,,false,false,true,false,false,,,,,,false,false,false,,,false,false,true,false,false,-83.09834,42.35048,"{
  ""coordinates"": [
    -8.309833474700000e+01,
    4.235047481500000e+01
  ],
  ""type"": ""Point""
}","{
  ""coordinates"": [
    -83.098334747,
    42.350474815
  ],
  ""type"": ""Point""
}",-83.098334747,42.350474815
12075,9294665,I-96,LIVERNOIS,2015-06-14,14,6,2015,15,1,1,1,,1,1,,2,4,1,55,4,1,2,5,0,0,0,0,true,,false,false,false,false,false,,,,,,false,false,true,,,false,false,false,false,false,-83.14221,42.36847,"{
  ""coordinates"": [
    -8.314221257199991e+01,
    4.236847285600000e+01
  ],
  ""type"": ""Point""
}","{
  ""coordinates"": [
    -83.142212572,
    42.368472856
  ],
  ""type"": ""Point""
}",-83.1422125719999,42.368472856
12076,9295350,E I 94,GRATIOT,2015-06-14,14,6,2015,9,1,1,1,,1,0,,1,1,1,55,6,1,2,5,0,0,0,0,true,,false,false,false,false,false,,,,,,false,true,false,,,false,false,false,false,false,-83.00639,42.39139,"{
  ""coordinates"": [
    -8.300638337299991e+01,
    4.239138931100010e+01
  ],
  ""type"": ""Point""
}","{
  ""coordinates"": [
    -83.006383373,
    42.391389311
  ],
  ""type"": ""Point""
}",-83.0063833729999,42.3913893110001
12077,9293973,GRAND RIVER,PREVOST,2015-06-14,14,6,2015,14,1,3,3,,1,0,,1,1,1,35,6,2,3,5,0,0,0,0,true,,false,false,false,false,false,,,,,,false,false,true,,,false,false,false,false,false,-83.20271,42.39441,"{
  ""coordinates"": [
    -8.320270624800000e+01,
    4.239441000000010e+01
  ],
  ""type"": ""Point""
}","{
  ""coordinates"": [
    -83.202706248,
    42.39441
  ],
  ""type"": ""Point""
}",-83.202706248,42.3944100000001
12078,9294026,LODGE,WYOMING,2015-06-14,14,6,2015,16,1,5,3,,4,0,,2,1,1,55,3,2,2,5,0,0,0,0,true,,false,false,false,false,false,,,,,,false,false,true,,,false,false,false,false,false,-83.15967,42.40558,"{
  ""coordinates"": [
    -8.315967060000000e+01,
    4.240558415800010e+01
  ],
  ""type"": ""Point""
}","{
  ""coordinates"": [
    -83.1596706,
    42.405584158
  ],
  ""type"": ""Point""
}",-83.1596706,42.4055841580001
12079,9293862,S/B I-75,SCHAEFER,2015-06-14,14,6,2015,9,1,1,1,,1,1,,2,4,1,70,4,1,1,5,0,0,0,0,true,,false,false,false,false,false,,,,,,false,false,false,,,false,false,false,false,false,-83.15545,42.27763,"{
  ""coordinates"": [
    -8.315544597600000e+01,
    4.227762540100010e+01
  ],
  ""type"": ""Point""
}","{
  ""coordinates"": [
    -83.155445976,
    42.277625401
  ],
  ""type"": ""Point""
}",-83.155445976,42.2776254010001
12080,9292396,MCGRAW,WARREN,2015-06-14,14,6,2015,16,1,5,9,,4,0,,2,1,1,30,2,2,2,5,0,0,0,0,true,,false,false,true,false,false,,,,,,false,false,false,,,false,false,false,false,false,-83.11787,42.34457,"{
  ""coordinates"": [
    -8.311787218099990e+01,
    4.234457412500010e+01
  ],
  ""type"": ""Point""
}","{
  ""coordinates"": [
    -83.117872181,
    42.344574125
  ],
  ""type"": ""Point""
}",-83.1178721809999,42.3445741250001
12081,9292335,BEAVERLAND,ELMIRA,2015-06-14,14,6,2015,4,1,5,9,,,0,,2,4,4,25,1,2,1,5,0,0,0,0,true,,false,false,false,false,false,,,,,,false,false,false,,,false,false,false,false,false,-83.2644,42.3683,"{
  ""coordinates"": [
    -8.326439385000000e+01,
    4.236830313500010e+01
  ],
  ""type"": ""Point""
}","{
  ""coordinates"": [
    -83.26439385,
    42.368303135
  ],
  ""type"": ""Point""
}",-83.26439385,42.3683031350001
12082,9344736,TIREMAN,ROSEMONT,2015-06-14,14,6,2015,19,1,5,9,,4,0,,2,2,1,30,6,2,1,5,0,0,0,0,true,,false,false,true,false,false,,,,,,false,false,false,,,false,false,false,false,false,-83.21877,42.35058,"{
  ""coordinates"": [
    -8.321876918399990e+01,
    4.235058136300010e+01
  ],
  ""type"": ""Point""
}","{
  ""coordinates"": [
    -83.218769184,
    42.350581363
  ],
  ""type"": ""Point""
}",-83.2187691839999,42.3505813630001
12083,9292996,RAMP 047F,I-75,2015-06-14,14,6,2015,10,1,1,1,,1,1,,2,4,1,70,1,1,2,5,0,0,0,0,true,,false,false,false,false,false,,,,,,false,false,true,,,false,false,false,false,false,-83.07918,42.40914,"{
  ""coordinates"": [
    -8.307918087699990e+01,
    4.240913781000010e+01
  ],
  ""type"": ""Point""
}","{
  ""coordinates"": [
    -83.079180877,
    42.40913781
  ],
  ""type"": ""Point""
}",-83.0791808769999,42.4091378100001
12084,9292196,WB I94,GRATIOT,2015-06-14,14,6,2015,3,1,1,1,,1,1,,1,1,4,55,3,1,1,5,0,0,0,0,true,,false,false,false,false,false,,,,,,false,false,false,,,false,false,false,false,false,-83.00245,42.39216,"{
  ""coordinates"": [
    -8.300245011000000e+01,
    4.239215951100000e+01
  ],
  ""type"": ""Point""
}","{
  ""coordinates"": [
    -83.00245011,
    42.392159511
  ],
  ""type"": ""Point""
}",-83.00245011,42.392159511
12085,9341907,S/B SOUTHFIELD SD,GRAND RIVER,2015-06-14,14,6,2015,1,1,97,3,,1,0,,1,1,4,35,2,2,3,4,0,0,0,1,false,,false,false,true,false,false,,,,,,false,false,false,,,false,false,false,false,false,-83.21817,42.39611,"{
  ""coordinates"": [
    -8.321817343399989e+01,
    4.239610712900000e+01
  ],
  ""type"": ""Point""
}","{
  ""coordinates"": [
    -83.218173434,
    42.396107129
  ],
  ""type"": ""Point""
}",-83.2181734339999,42.396107129
12086,9294673,I-75,SCHAEFER,2015-06-14,14,6,2015,20,1,8,1,,1,0,,2,4,1,70,4,2,2,5,0,0,0,0,true,,false,false,false,false,false,,,,,,false,false,false,,,false,false,false,false,false,-83.15578,42.27751,"{
  ""coordinates"": [
    -8.315578258100000e+01,
    4.227751132300010e+01
  ],
  ""type"": ""Point""
}","{
  ""coordinates"": [
    -83.155782581,
    42.277511323
  ],
  ""type"": ""Point""
}",-83.155782581,42.2775113230001
12087,9293819,I-75,OAKLAND,2015-06-14,14,6,2015,11,1,1,1,,1,1,,2,4,1,70,4,1,2,5,0,0,0,0,true,,false,false,false,false,false,,,,,,false,false,true,,,false,false,false,false,false,-83.09392,42.42624,"{
  ""coordinates"": [
    -8.309392100299991e+01,
    4.242623523700010e+01
  ],
  ""type"": ""Point""
}","{
  ""coordinates"": [
    -83.093921003,
    42.426235237
  ],
  ""type"": ""Point""
}",-83.0939210029999,42.4262352370001
12088,9294755,EIGHT MILE,ASHTON,2015-06-14,14,6,2015,13,1,5,3,,1,0,,2,4,1,45,3,2,3,3,0,0,1,0,false,,false,false,true,false,false,,,,,,false,false,false,,,false,false,false,false,false,-83.22141,42.44414,"{
  ""coordinates"": [
    -8.322141064700000e+01,
    4.244413885500010e+01
  ],
  ""type"": ""Point""
}","{
  ""coordinates"": [
    -83.221410647,
    42.444138855
  ],
  ""type"": ""Point""
}",-83.221410647,42.4441388550001
12089,9292183,S M 10,RAMP 105B,2015-06-14,14,6,2015,2,1,5,3,,1,0,,1,1,5,55,1,2,2,5,0,0,0,0,true,,false,false,false,false,false,,,,,,false,false,false,,,false,false,false,false,false,-83.15688,42.40468,"{
  ""coordinates"": [
    -8.315688451499990e+01,
    4.240468160000010e+01
  ],
  ""type"": ""Point""
}","{
  ""coordinates"": [
    -83.156884515,
    42.4046816
  ],
  ""type"": ""Point""
}",-83.1568845149999,42.4046816000001
12090,9292401,ERWIN,MARCUS,2015-06-14,14,6,2015,7,1,5,9,,,0,,1,2,1,25,1,2,0,5,0,0,0,0,true,,false,false,true,false,false,,,,,,false,false,false,,,false,false,false,false,false,-83.01746,42.39634,"{
  ""coordinates"": [
    -8.301746262800000e+01,
    4.239633495200010e+01
  ],
  ""type"": ""Point""
}","{
  ""coordinates"": [
    -83.017462628,
    42.396334952
  ],
  ""type"": ""Point""
}",-83.017462628,42.3963349520001
12091,9292175,I-94,MORANG,2015-06-14,14,6,2015,6,1,1,1,,1,1,,2,4,1,55,3,1,1,5,0,0,0,0,true,,false,false,false,false,false,,,,,,false,false,false,,,false,false,false,false,false,-82.93332,42.41953,"{
  ""coordinates"": [
    -8.293331672100000e+01,
    4.241953351800000e+01
  ],
  ""type"": ""Point""
}","{
  ""coordinates"": [
    -82.933316721,
    42.419533518
  ],
  ""type"": ""Point""
}",-82.933316721,42.419533518
12092,9294008,AVIS,LAWNDALE,2015-06-14,14,6,2015,8,1,5,9,,,3,,2,4,1,25,3,2,0,5,0,0,0,0,true,,false,false,true,false,false,,,,,,false,false,false,,,false,false,false,false,false,-83.12997,42.30481,"{
  ""coordinates"": [
    -8.312997785300000e+01,
    4.230480758100000e+01
  ],
  ""type"": ""Point""
}","{
  ""coordinates"": [
    -83.129977853,
    42.304807581
  ],
  ""type"": ""Point""
}",-83.129977853,42.304807581
12093,9292330,LAFAYETTE,CHENE,2015-06-14,14,6,2015,2,1,8,9,,4,0,,1,1,4,30,2,2,1,5,0,0,0,0,true,,false,false,true,false,false,,,,,,false,false,false,,,false,false,false,false,false,-83.02549,42.34096,"{
  ""coordinates"": [
    -8.302548612000000e+01,
    4.234095969200010e+01
  ],
  ""type"": ""Point""
}","{
  ""coordinates"": [
    -83.02548612,
    42.340959692
  ],
  ""type"": ""Point""
}",-83.02548612,42.3409596920001
12094,9293843,N/B I-75,WARREN,2015-06-14,14,6,2015,15,1,5,1,,1,0,,2,4,1,55,4,2,3,5,0,0,0,0,true,,false,false,false,false,false,,,,,,false,false,false,,,false,false,false,false,false,-83.05407,42.36058,"{
  ""coordinates"": [
    -8.305406667499990e+01,
    4.236058611100000e+01
  ],
  ""type"": ""Point""
}","{
  ""coordinates"": [
    -83.054066675,
    42.360586111
  ],
  ""type"": ""Point""
}",-83.0540666749999,42.360586111