ObjectId,Crash ID,Primary Road,Intersecting Road,Crash Date,Day,Month,Year,Hour,Weekday,Crash Type Code,Highway Classification Code,Community Code,Jurisdiction Code,Lane Departure Type Code,Surface Type,Road Condition,Weather Condition,Lighting Condition,Speed Limit,Lanes,Units,Occupants,Most Severe Injury,Fatal Injuries,Suspected Serious Injuries,Suspected Minor Injuries,Possible Injuries,Property Damage Only,Secondary Crash,Traffic Control,Red Light Run,Hit and Run,Alcohol,Drugs,Unbelted Person,Work Zone,Speeding Driver,Distracted Driver,Driveway,Pedestrian,Elderly Driver,Young Driver,Commercial Vehicle,Emergency Vehicles,Train,School Bus,Motorcycle,Bicycle,Deer,Longitude,Latitude,geom,geog,x,y
12095,9295323,MARX,LANTZ,2015-06-14,14,6,2015,23,1,5,9,,,0,,2,2,4,25,1,2,2,4,0,0,0,1,false,,false,false,false,false,false,,,,,,false,false,true,,,false,false,false,false,false,-83.08424,42.43741,"{
  ""coordinates"": [
    -8.308423480300000e+01,
    4.243741174000010e+01
  ],
  ""type"": ""Point""
}","{
  ""coordinates"": [
    -83.084234803,
    42.43741174
  ],
  ""type"": ""Point""
}",-83.084234803,42.4374117400001
12096,9292371,GRAND RIVER,PREVOST,2015-06-14,14,6,2015,15,1,97,3,,1,0,,2,2,1,35,6,2,2,5,0,0,0,0,true,,false,false,false,false,false,,,,,,false,false,false,,,false,false,false,false,false,-83.203,42.39453,"{
  ""coordinates"": [
    -8.320299713400000e+01,
    4.239452742800010e+01
  ],
  ""type"": ""Point""
}","{
  ""coordinates"": [
    -83.202997134,
    42.394527428
  ],
  ""type"": ""Point""
}",-83.202997134,42.3945274280001
12097,9293854,N M 10,GREENLAWN,2015-06-14,14,6,2015,15,1,97,3,,1,0,,2,4,1,55,3,2,2,5,0,0,0,0,true,,false,false,false,false,false,,,,,,false,false,true,,,false,false,false,false,false,-83.15023,42.40487,"{
  ""coordinates"": [
    -8.315023251299991e+01,
    4.240486571300000e+01
  ],
  ""type"": ""Point""
}","{
  ""coordinates"": [
    -83.150232513,
    42.404865713
  ],
  ""type"": ""Point""
}",-83.1502325129999,42.404865713
12098,9294753,JEFFERSON,WOODWARD,2015-06-14,14,6,2015,23,1,5,3,,1,0,,2,1,4,5,2,2,2,5,0,0,0,0,true,,false,false,false,false,false,,,,,,false,false,false,,,false,false,false,false,false,-83.04446,42.3285,"{
  ""coordinates"": [
    -8.304446589199991e+01,
    4.232849927400010e+01
  ],
  ""type"": ""Point""
}","{
  ""coordinates"": [
    -83.044465892,
    42.328499274
  ],
  ""type"": ""Point""
}",-83.0444658919999,42.3284992740001
12099,9293802,M39,GRAND RIVER,2015-06-14,14,6,2015,11,1,1,3,,1,1,,2,4,1,55,3,1,1,4,0,0,0,1,false,,false,false,false,false,false,,,,,,false,false,true,,,false,false,false,false,false,-83.21805,42.39705,"{
  ""coordinates"": [
    -8.321804433200001e+01,
    4.239705413600010e+01
  ],
  ""type"": ""Point""
}","{
  ""coordinates"": [
    -83.218044332,
    42.397054136
  ],
  ""type"": ""Point""
}",-83.218044332,42.3970541360001
12100,9292174,E I 94,RUSSELL,2015-06-14,14,6,2015,6,1,1,1,,1,1,,2,4,1,55,4,1,1,5,0,0,0,0,true,,false,false,false,false,false,,,,,,false,false,false,,,false,false,false,false,false,-83.05659,42.36942,"{
  ""coordinates"": [
    -8.305659271300000e+01,
    4.236941744900000e+01
  ],
  ""type"": ""Point""
}","{
  ""coordinates"": [
    -83.056592713,
    42.369417449
  ],
  ""type"": ""Point""
}",-83.056592713,42.369417449
12101,9292209,I-96,JOY,2015-06-14,14,6,2015,22,1,1,1,,1,1,,2,4,5,70,5,1,1,4,0,0,0,2,false,,false,false,false,false,false,,,,,,false,false,false,,,false,false,false,false,false,-83.12766,42.36324,"{
  ""coordinates"": [
    -8.312766105700000e+01,
    4.236323911600000e+01
  ],
  ""type"": ""Point""
}","{
  ""coordinates"": [
    -83.127661057,
    42.363239116
  ],
  ""type"": ""Point""
}",-83.127661057,42.363239116
12102,9293090,RALSTON,FERNHILL,2015-06-14,14,6,2015,6,1,5,9,,,0,,2,4,1,25,2,2,2,5,0,0,0,0,true,,false,false,false,false,false,,,,,,false,false,false,,,false,false,false,false,false,-83.11707,42.43768,"{
  ""coordinates"": [
    -8.311707272400000e+01,
    4.243768018400000e+01
  ],
  ""type"": ""Point""
}","{
  ""coordinates"": [
    -83.117072724,
    42.437680184
  ],
  ""type"": ""Point""
}",-83.117072724,42.437680184
12103,9293119,NORFOLK,SCHAEFER,2015-06-14,14,6,2015,16,1,4,9,,,0,,2,4,1,35,2,2,1,5,0,0,0,0,true,,false,false,true,false,false,,,,,,false,false,false,,,false,false,false,false,false,-83.18093,42.44326,"{
  ""coordinates"": [
    -8.318093426000000e+01,
    4.244325922700010e+01
  ],
  ""type"": ""Point""
}","{
  ""coordinates"": [
    -83.18093426,
    42.443259227
  ],
  ""type"": ""Point""
}",-83.18093426,42.4432592270001
12104,9295349,M 10,WYOMING,2015-06-14,14,6,2015,1,1,1,3,,1,0,,1,1,5,55,4,1,2,3,0,0,1,0,false,,false,false,false,false,false,,,,,,false,false,false,,,false,false,false,false,false,-83.15981,42.40532,"{
  ""coordinates"": [
    -8.315981507399989e+01,
    4.240532208200010e+01
  ],
  ""type"": ""Point""
}","{
  ""coordinates"": [
    -83.159815074,
    42.405322082
  ],
  ""type"": ""Point""
}",-83.1598150739999,42.4053220820001
12105,9392635,2ND,CHARLOTTE,2015-06-14,14,6,2015,15,1,8,9,,4,0,,2,4,1,25,2,4,2,5,0,0,0,0,true,,false,false,false,false,false,,,,,,false,false,false,,,false,false,false,false,false,-83.06152,42.34235,"{
  ""coordinates"": [
    -8.306151932499991e+01,
    4.234235254600000e+01
  ],
  ""type"": ""Point""
}","{
  ""coordinates"": [
    -83.061519325,
    42.342352546
  ],
  ""type"": ""Point""
}",-83.0615193249999,42.342352546
12106,9293827,M-10,SCHAEFER,2015-06-14,14,6,2015,16,1,5,3,,1,0,,2,4,1,55,3,2,2,4,0,0,0,1,false,,false,false,false,false,false,,,,,,false,false,false,,,false,false,false,false,false,-83.18042,42.42504,"{
  ""coordinates"": [
    -8.318042064699991e+01,
    4.242503840900010e+01
  ],
  ""type"": ""Point""
}","{
  ""coordinates"": [
    -83.180420647,
    42.425038409
  ],
  ""type"": ""Point""
}",-83.1804206469999,42.4250384090001
12107,9292179,I-96,DAVISON,2015-06-14,14,6,2015,1,1,1,1,,1,1,,1,1,5,70,3,1,1,3,0,0,1,0,false,,false,false,false,false,false,,,,,,false,false,false,,,false,false,false,false,false,-83.1478,42.3825,"{
  ""coordinates"": [
    -8.314779690099989e+01,
    4.238250176200010e+01
  ],
  ""type"": ""Point""
}","{
  ""coordinates"": [
    -83.147796901,
    42.382501762
  ],
  ""type"": ""Point""
}",-83.1477969009999,42.3825017620001
12108,9293098,MOROSS,ALSTEAD,2015-06-14,14,6,2015,21,1,6,9,,2,0,,2,4,2,35,3,2,2,5,0,0,0,0,true,,false,false,false,false,false,,,,,,false,false,true,,,false,false,false,false,false,-82.92763,42.4243,"{
  ""coordinates"": [
    -8.292762988800000e+01,
    4.242429623200010e+01
  ],
  ""type"": ""Point""
}","{
  ""coordinates"": [
    -82.927629888,
    42.424296232
  ],
  ""type"": ""Point""
}",-82.927629888,42.4242962320001
12109,9293817,I-94,CADIEUX,2015-06-14,14,6,2015,7,1,1,1,,1,1,,2,4,1,55,3,1,1,5,0,0,0,0,true,,false,false,false,false,false,,,,,,false,false,true,,,false,false,false,false,false,-82.93743,42.41704,"{
  ""coordinates"": [
    -8.293743106100000e+01,
    4.241704209400010e+01
  ],
  ""type"": ""Point""
}","{
  ""coordinates"": [
    -82.937431061,
    42.417042094
  ],
  ""type"": ""Point""
}",-82.937431061,42.4170420940001
12110,9293841,N/B I-75,7 MILE,2015-06-14,14,6,2015,14,1,1,1,,1,1,,2,4,1,70,4,1,1,5,0,0,0,0,true,,false,false,false,false,false,,,,,,false,false,false,,,false,false,false,false,false,-83.09422,42.42887,"{
  ""coordinates"": [
    -8.309421695600000e+01,
    4.242887058000010e+01
  ],
  ""type"": ""Point""
}","{
  ""coordinates"": [
    -83.094216956,
    42.42887058
  ],
  ""type"": ""Point""
}",-83.094216956,42.4288705800001
12111,9292418,YONKA,OUTER,2015-06-14,14,6,2015,4,1,1,9,,,1,,1,1,4,25,2,1,1,5,0,0,0,0,true,,false,false,false,false,false,,,,,,false,false,false,,,false,false,false,false,false,-83.06655,42.44023,"{
  ""coordinates"": [
    -8.306655306499989e+01,
    4.244022916600010e+01
  ],
  ""type"": ""Point""
}","{
  ""coordinates"": [
    -83.066553065,
    42.440229166
  ],
  ""type"": ""Point""
}",-83.0665530649999,42.4402291660001
12112,9313730,GRAND RIVER,MARTIN LUTHER KING JR,2015-06-14,14,6,2015,23,1,5,3,,1,0,,97,98,4,30,3,2,2,5,0,0,0,0,true,,false,false,true,false,false,,,,,,false,false,false,,,false,false,false,false,false,-83.07257,42.34195,"{
  ""coordinates"": [
    -8.307256941799990e+01,
    4.234194704800010e+01
  ],
  ""type"": ""Point""
}","{
  ""coordinates"": [
    -83.072569418,
    42.341947048
  ],
  ""type"": ""Point""
}",-83.0725694179999,42.3419470480001
12113,9292161,W/B I 94,CONNER,2015-06-14,14,6,2015,6,1,1,1,,1,1,,2,4,1,55,3,1,1,4,0,0,0,1,false,,false,false,false,false,false,,,,,,false,false,false,,,false,false,false,false,false,-82.98843,42.39614,"{
  ""coordinates"": [
    -8.298843066300000e+01,
    4.239613680100010e+01
  ],
  ""type"": ""Point""
}","{
  ""coordinates"": [
    -82.988430663,
    42.396136801
  ],
  ""type"": ""Point""
}",-82.988430663,42.3961368010001
12114,9292343,GRAND RIVER,BERG,2015-06-14,14,6,2015,17,1,4,3,,1,0,,2,1,1,35,5,2,2,4,0,0,0,1,false,,false,false,true,false,false,,,,,,false,false,false,,,false,false,false,false,false,-83.26641,42.42011,"{
  ""coordinates"": [
    -8.326641367199990e+01,
    4.242011019300000e+01
  ],
  ""type"": ""Point""
}","{
  ""coordinates"": [
    -83.266413672,
    42.420110193
  ],
  ""type"": ""Point""
}",-83.2664136719999,42.420110193
12115,9292361,CATHEDRAL,ROSEMONT,2015-06-14,14,6,2015,5,1,5,9,,,0,,2,4,4,25,1,2,0,5,0,0,0,0,true,,false,false,true,false,false,,,,,,false,false,false,,,false,false,false,false,false,-83.21916,42.36154,"{
  ""coordinates"": [
    -8.321916359399999e+01,
    4.236154294100000e+01
  ],
  ""type"": ""Point""
}","{
  ""coordinates"": [
    -83.219163594,
    42.361542941
  ],
  ""type"": ""Point""
}",-83.219163594,42.361542941
12116,9293844,S/B I-75,SCHAEFER,2015-06-14,14,6,2015,17,1,1,1,,1,1,,1,2,1,70,4,1,2,5,0,0,0,0,true,,false,false,false,false,false,,,,,,false,false,true,,,false,false,false,false,false,-83.15224,42.27906,"{
  ""coordinates"": [
    -8.315224033600001e+01,
    4.227905569500010e+01
  ],
  ""type"": ""Point""
}","{
  ""coordinates"": [
    -83.152240336,
    42.279055695
  ],
  ""type"": ""Point""
}",-83.152240336,42.2790556950001
12117,9293822,I-94,CADIEUX,2015-06-14,14,6,2015,16,1,8,1,,1,0,,2,4,1,55,3,2,2,5,0,0,0,0,true,,false,false,false,false,false,,,,,,false,false,false,,,false,false,false,false,false,-82.93333,42.41952,"{
  ""coordinates"": [
    -8.293333042800000e+01,
    4.241952309000000e+01
  ],
  ""type"": ""Point""
}","{
  ""coordinates"": [
    -82.933330428,
    42.41952309
  ],
  ""type"": ""Point""
}",-82.933330428,42.41952309
12118,9292346,SEVEN MILE,BERKELEY,2015-06-14,14,6,2015,5,1,1,9,,2,1,,2,2,1,35,4,1,1,5,0,0,0,0,true,,false,false,false,false,false,,,,,,false,false,true,,,false,false,false,false,false,-83.13833,42.43166,"{
  ""coordinates"": [
    -8.313832972300000e+01,
    4.243166385000010e+01
  ],
  ""type"": ""Point""
}","{
  ""coordinates"": [
    -83.138329723,
    42.43166385
  ],
  ""type"": ""Point""
}",-83.138329723,42.4316638500001
12119,9293092,S M 10,LIVERNOIS,2015-06-14,14,6,2015,9,1,5,3,,1,0,,2,4,1,35,2,2,2,5,0,0,0,0,true,,false,false,true,false,false,,,,,,false,false,false,,,false,false,false,false,false,-83.14018,42.40481,"{
  ""coordinates"": [
    -8.314018196300000e+01,
    4.240480772200000e+01
  ],
  ""type"": ""Point""
}","{
  ""coordinates"": [
    -83.140181963,
    42.404807722
  ],
  ""type"": ""Point""
}",-83.140181963,42.404807722
12120,9293809,I-94,BURNS,2015-06-14,14,6,2015,15,1,7,1,,1,0,,2,4,1,55,3,2,1,5,0,0,0,0,true,,false,false,false,false,false,,,,,,false,false,false,,,false,false,false,false,false,-83.01477,42.38824,"{
  ""coordinates"": [
    -8.301477196099999e+01,
    4.238824054100010e+01
  ],
  ""type"": ""Point""
}","{
  ""coordinates"": [
    -83.014771961,
    42.388240541
  ],
  ""type"": ""Point""
}",-83.014771961,42.3882405410001
12121,9294007,LONYO,BAUBEE,2015-06-14,14,6,2015,22,1,97,9,,4,0,,2,2,4,25,2,2,2,5,0,0,0,0,true,,false,false,false,false,false,,,,,,false,false,true,,,false,false,false,false,false,-83.14159,42.32652,"{
  ""coordinates"": [
    -8.314159341600001e+01,
    4.232652398000000e+01
  ],
  ""type"": ""Point""
}","{
  ""coordinates"": [
    -83.141593416,
    42.32652398
  ],
  ""type"": ""Point""
}",-83.141593416,42.32652398
12122,9292155,M10,WYOMING,2015-06-13,13,6,2015,12,7,5,3,,1,0,,1,1,1,55,3,2,3,4,0,0,0,1,false,,false,false,false,false,false,,,,,,false,false,false,,,false,false,false,false,false,-83.16014,42.40528,"{
  ""coordinates"": [
    -8.316013879499999e+01,
    4.240528174100010e+01
  ],
  ""type"": ""Point""
}","{
  ""coordinates"": [
    -83.160138795,
    42.405281741
  ],
  ""type"": ""Point""
}",-83.160138795,42.4052817410001
12123,9353431,BURT,DAVISON,2015-06-13,13,6,2015,18,7,4,9,,4,0,,1,1,1,30,2,3,2,5,0,0,0,0,true,,false,false,false,false,false,,,,,,false,false,false,,,false,false,false,false,false,-83.24652,42.38348,"{
  ""coordinates"": [
    -8.324652398900000e+01,
    4.238347972100010e+01
  ],
  ""type"": ""Point""
}","{
  ""coordinates"": [
    -83.246523989,
    42.383479721
  ],
  ""type"": ""Point""
}",-83.246523989,42.3834797210001
12124,9293972,SCHAEFER,MCNICHOLS,2015-06-13,13,6,2015,13,7,5,9,,4,0,,1,1,1,35,6,2,2,5,0,0,0,0,true,,false,false,false,false,false,,,,,,false,true,false,,,false,false,false,false,false,-83.17979,42.41659,"{
  ""coordinates"": [
    -8.317979767500000e+01,
    4.241658889000010e+01
  ],
  ""type"": ""Point""
}","{
  ""coordinates"": [
    -83.179797675,
    42.41658889
  ],
  ""type"": ""Point""
}",-83.179797675,42.4165888900001
12125,9292307,CLARK,PORTER,2015-06-13,13,6,2015,12,7,5,9,,4,0,,1,1,1,25,2,2,2,5,0,0,0,0,true,,false,false,false,false,false,,,,,,false,true,false,,,false,false,false,false,false,-83.09314,42.31652,"{
  ""coordinates"": [
    -8.309314063100000e+01,
    4.231651886800010e+01
  ],
  ""type"": ""Point""
}","{
  ""coordinates"": [
    -83.093140631,
    42.316518868
  ],
  ""type"": ""Point""
}",-83.093140631,42.3165188680001
12126,9293954,STRATHMOOR,MACKENZIE,2015-06-13,13,6,2015,17,7,4,9,,,0,,1,1,1,25,2,2,5,4,0,0,0,2,false,,false,false,false,false,false,,,,,,false,false,false,,,false,false,false,false,false,-83.1859,42.356,"{
  ""coordinates"": [
    -8.318590144500000e+01,
    4.235600315300010e+01
  ],
  ""type"": ""Point""
}","{
  ""coordinates"": [
    -83.185901445,
    42.356003153
  ],
  ""type"": ""Point""
}",-83.185901445,42.3560031530001
12127,9292359,OUTER,SOUTHAMPTON,2015-06-13,13,6,2015,19,7,4,9,,2,0,,1,1,1,35,2,2,4,4,0,0,0,2,false,,false,false,true,false,false,,,,,,false,false,false,,,false,false,false,false,false,-82.93857,42.40698,"{
  ""coordinates"": [
    -8.293856870499999e+01,
    4.240697702800000e+01
  ],
  ""type"": ""Point""
}","{
  ""coordinates"": [
    -82.938568705,
    42.406977028
  ],
  ""type"": ""Point""
}",-82.938568705,42.406977028
12128,9351020,N M 10,JEFFERSON,2015-06-13,13,6,2015,3,7,5,3,,1,0,,2,1,4,55,3,2,2,5,0,0,0,0,true,,false,false,true,false,false,,,,,,false,false,true,,,false,false,false,false,false,-83.05029,42.32644,"{
  ""coordinates"": [
    -8.305028980100001e+01,
    4.232643481700010e+01
  ],
  ""type"": ""Point""
}","{
  ""coordinates"": [
    -83.050289801,
    42.326434817
  ],
  ""type"": ""Point""
}",-83.050289801,42.3264348170001
12129,9295329,VIRGINIA PARK,THIRD,2015-06-13,13,6,2015,12,7,97,9,,,0,,1,1,1,25,2,2,0,5,0,0,0,0,true,,false,false,true,false,false,,,,,,false,false,false,,,false,false,false,false,false,-83.08318,42.37405,"{
  ""coordinates"": [
    -8.308317894100000e+01,
    4.237404842400010e+01
  ],
  ""type"": ""Point""
}","{
  ""coordinates"": [
    -83.083178941,
    42.374048424
  ],
  ""type"": ""Point""
}",-83.083178941,42.3740484240001
12130,9292421,S M 10,SCHAEFER,2015-06-13,13,6,2015,18,7,5,3,,1,0,,1,1,1,30,3,2,3,5,0,0,0,0,true,,false,false,true,false,false,,,,,,false,true,false,,,false,false,false,false,false,-83.1802,42.42484,"{
  ""coordinates"": [
    -8.318019837700000e+01,
    4.242484457100010e+01
  ],
  ""type"": ""Point""
}","{
  ""coordinates"": [
    -83.180198377,
    42.424844571
  ],
  ""type"": ""Point""
}",-83.180198377,42.4248445710001
12131,9293958,EIGHT MILE,GARDENDALE,2015-06-13,13,6,2015,10,7,5,3,,1,0,,1,1,1,15,1,2,2,5,0,0,0,0,true,,false,false,false,false,false,,,,,,false,false,false,,,false,false,false,false,false,-83.13885,42.44615,"{
  ""coordinates"": [
    -8.313885078500000e+01,
    4.244615249200010e+01
  ],
  ""type"": ""Point""
}","{
  ""coordinates"": [
    -83.138850785,
    42.446152492
  ],
  ""type"": ""Point""
}",-83.138850785,42.4461524920001
12132,9295361,23RD,BUCHANAN,2015-06-13,13,6,2015,0,7,1,9,,,0,,2,4,5,30,2,1,1,5,0,0,0,0,true,,false,false,false,false,false,,,,,,false,false,false,,,false,false,false,false,false,-83.09667,42.34091,"{
  ""coordinates"": [
    -8.309667071900000e+01,
    4.234090889500000e+01
  ],
  ""type"": ""Point""
}","{
  ""coordinates"": [
    -83.096670719,
    42.340908895
  ],
  ""type"": ""Point""
}",-83.096670719,42.340908895
12133,9292154,N I 75,MILWAUKEE,2015-06-13,13,6,2015,11,7,8,1,,1,0,,1,1,1,70,3,2,3,5,0,0,0,0,true,,false,false,false,false,false,,,,,,false,true,false,,,false,false,false,false,false,-83.05949,42.37307,"{
  ""coordinates"": [
    -8.305949305800000e+01,
    4.237306557200000e+01
  ],
  ""type"": ""Point""
}","{
  ""coordinates"": [
    -83.059493058,
    42.373065572
  ],
  ""type"": ""Point""
}",-83.059493058,42.373065572
12134,9353482,GREENFIELD,SCHOOLCRAFT,2015-06-13,13,6,2015,2,7,8,9,,2,0,,2,4,4,35,8,2,3,2,0,1,1,1,false,,true,true,false,false,false,,,,,,false,false,true,,,false,false,false,false,false,-83.19816,42.38705,"{
  ""coordinates"": [
    -8.319816192400000e+01,
    4.238705070100010e+01
  ],
  ""type"": ""Point""
}","{
  ""coordinates"": [
    -83.198161924,
    42.387050701
  ],
  ""type"": ""Point""
}",-83.198161924,42.3870507010001
12135,9318312,MT ELLIOTT,MACK,2015-06-13,13,6,2015,21,7,5,9,,4,0,,1,1,3,25,4,2,1,5,0,0,0,0,true,,false,false,true,false,false,,,,,,false,false,false,,,false,false,false,false,false,-83.02161,42.36129,"{
  ""coordinates"": [
    -8.302160387100000e+01,
    4.236128986300000e+01
  ],
  ""type"": ""Point""
}","{
  ""coordinates"": [
    -83.021603871,
    42.361289863
  ],
  ""type"": ""Point""
}",-83.021603871,42.361289863
12136,9292177,M 10,OUTER,2015-06-13,13,6,2015,19,7,5,3,,1,0,,1,2,1,55,1,2,4,5,0,0,0,0,true,,false,false,true,false,false,,,,,,false,false,true,,,false,false,false,false,false,-83.17643,42.42107,"{
  ""coordinates"": [
    -8.317643080300000e+01,
    4.242106458800000e+01
  ],
  ""type"": ""Point""
}","{
  ""coordinates"": [
    -83.176430803,
    42.421064588
  ],
  ""type"": ""Point""
}",-83.176430803,42.421064588
12137,9295346,GRISWOLD,CONGRESS,2015-06-13,13,6,2015,1,7,97,3,,4,0,,2,4,4,25,2,2,2,5,0,0,0,0,true,,false,false,true,false,false,,,,,,false,false,true,,,false,false,false,false,false,-83.04716,42.33042,"{
  ""coordinates"": [
    -8.304716387199990e+01,
    4.233042130700010e+01
  ],
  ""type"": ""Point""
}","{
  ""coordinates"": [
    -83.047163872,
    42.330421307
  ],
  ""type"": ""Point""
}",-83.0471638719999,42.3304213070001
12138,9308620,DAVISON,LINWOOD,2015-06-13,13,6,2015,4,7,1,3,,1,1,,2,4,4,35,3,1,0,5,0,0,0,0,true,,false,false,false,false,false,,,,,,false,false,false,,,false,false,false,false,false,-83.12222,42.39294,"{
  ""coordinates"": [
    -8.312221442500000e+01,
    4.239294465600010e+01
  ],
  ""type"": ""Point""
}","{
  ""coordinates"": [
    -83.122214425,
    42.392944656
  ],
  ""type"": ""Point""
}",-83.122214425,42.3929446560001
12139,9294754,WARREN,BRUSH,2015-06-13,13,6,2015,21,7,97,9,,4,0,,2,4,4,30,4,2,2,5,0,0,0,0,true,,false,false,false,false,false,,,,,,false,false,false,,,false,false,false,false,false,-83.06006,42.35855,"{
  ""coordinates"": [
    -8.306006157199990e+01,
    4.235854612300010e+01
  ],
  ""type"": ""Point""
}","{
  ""coordinates"": [
    -83.060061572,
    42.358546123
  ],
  ""type"": ""Point""
}",-83.0600615719999,42.3585461230001
12140,9292302,CORNWALL,SOMERSET,2015-06-13,13,6,2015,13,7,4,9,,,0,,1,1,1,25,2,2,4,3,0,0,1,0,false,,false,false,false,false,false,,,,,,false,false,false,,,false,false,false,false,false,-82.9467,42.39779,"{
  ""coordinates"": [
    -8.294670020900000e+01,
    4.239779163800010e+01
  ],
  ""type"": ""Point""
}","{
  ""coordinates"": [
    -82.946700209,
    42.397791638
  ],
  ""type"": ""Point""
}",-82.946700209,42.3977916380001
12141,9292312,FULLERTON,BROADSTREET,2015-06-13,13,6,2015,21,7,97,9,,4,0,,1,1,1,35,2,2,2,5,0,0,0,0,true,,false,false,true,false,false,,,,,,false,false,false,,,false,false,false,false,false,-83.13602,42.38206,"{
  ""coordinates"": [
    -8.313602768800000e+01,
    4.238206086400000e+01
  ],
  ""type"": ""Point""
}","{
  ""coordinates"": [
    -83.136027688,
    42.382060864
  ],
  ""type"": ""Point""
}",-83.136027688,42.382060864
12142,9294013,FREELAND,CHALFONTE,2015-06-13,13,6,2015,14,7,6,9,,,0,,1,1,1,25,2,2,1,5,0,0,0,0,true,,false,false,true,false,false,,,,,,false,false,false,,,false,false,false,false,false,-83.18541,42.39943,"{
  ""coordinates"": [
    -8.318540920600000e+01,
    4.239943153500010e+01
  ],
  ""type"": ""Point""
}","{
  ""coordinates"": [
    -83.185409206,
    42.399431535
  ],
  ""type"": ""Point""
}",-83.185409206,42.3994315350001
12143,9293107,GRATIOT,SAINT AUBIN,2015-06-13,13,6,2015,5,7,3,3,,1,0,,2,2,2,0,4,2,3,5,0,0,0,0,true,,false,false,false,false,false,,,,,,false,false,true,,,false,false,false,false,false,-83.03429,42.34929,"{
  ""coordinates"": [
    -8.303429097899991e+01,
    4.234929265800000e+01
  ],
  ""type"": ""Point""
}","{
  ""coordinates"": [
    -83.034290979,
    42.349292658
  ],
  ""type"": ""Point""
}",-83.0342909789999,42.349292658
12144,9465550,JOHN R,ALFRAD,2015-06-13,13,6,2015,13,7,4,9,,4,0,,1,2,1,35,3,2,2,5,0,0,0,0,true,,true,false,false,false,false,,,,,,false,false,false,,,false,false,false,false,false,-83.05256,42.34368,"{
  ""coordinates"": [
    -8.305255742799990e+01,
    4.234368013600000e+01
  ],
  ""type"": ""Point""
}","{
  ""coordinates"": [
    -83.052557428,
    42.343680136
  ],
  ""type"": ""Point""
}",-83.0525574279999,42.343680136
12145,9292314,MCNICHOLS,NORTHLAWN,2015-06-13,13,6,2015,10,7,7,9,,4,0,,1,2,1,25,4,2,3,5,0,0,0,0,true,,false,false,false,false,false,,,,,,false,true,false,,,false,false,false,false,false,-83.15395,42.41705,"{
  ""coordinates"": [
    -8.315395229300000e+01,
    4.241704721800010e+01
  ],
  ""type"": ""Point""
}","{
  ""coordinates"": [
    -83.153952293,
    42.417047218
  ],
  ""type"": ""Point""
}",-83.153952293,42.4170472180001
12146,9292351,JEFFERSON,HIBBARD,2015-06-13,13,6,2015,9,7,8,9,,4,0,,1,2,1,35,6,2,2,5,0,0,0,0,true,,false,false,true,false,false,,,,,,false,false,true,,,false,false,false,false,false,-82.98709,42.35685,"{
  ""coordinates"": [
    -8.298709352100001e+01,
    4.235685016500000e+01
  ],
  ""type"": ""Point""
}","{
  ""coordinates"": [
    -82.987093521,
    42.356850165
  ],
  ""type"": ""Point""
}",-82.987093521,42.356850165
12147,9292304,WARREN,CANYON,2015-06-13,13,6,2015,16,7,4,9,,4,0,,1,1,1,30,3,2,2,5,0,0,0,0,true,,true,true,false,false,false,,,,,,false,false,false,,,false,false,false,false,false,-82.91523,42.41144,"{
  ""coordinates"": [
    -8.291522696299999e+01,
    4.241143826000010e+01
  ],
  ""type"": ""Point""
}","{
  ""coordinates"": [
    -82.915226963,
    42.41143826
  ],
  ""type"": ""Point""
}",-82.915226963,42.4114382600001
12148,9304300,SCHAEFER,7 MILE,2015-06-13,13,6,2015,9,7,1,9,,4,0,,1,1,1,30,6,1,1,5,0,0,0,0,true,,false,false,false,false,false,,,,,,false,false,false,,,false,false,false,false,false,-83.18051,42.43135,"{
  ""coordinates"": [
    -8.318050804200000e+01,
    4.243135045500000e+01
  ],
  ""type"": ""Point""
}","{
  ""coordinates"": [
    -83.180508042,
    42.431350455
  ],
  ""type"": ""Point""
}",-83.180508042,42.431350455
12149,9293978,S M 39 SERVICE DRIVE,FORD,2015-06-13,13,6,2015,20,7,5,3,,1,0,,2,4,4,35,2,2,2,5,0,0,0,0,true,,false,false,false,false,false,,,,,,false,false,true,,,false,false,false,false,false,-83.216,42.32916,"{
  ""coordinates"": [
    -8.321600071899999e+01,
    4.232916429400010e+01
  ],
  ""type"": ""Point""
}","{
  ""coordinates"": [
    -83.216000719,
    42.329164294
  ],
  ""type"": ""Point""
}",-83.216000719,42.3291642940001
12150,9292415,8 MILE,FENELON,2015-06-13,13,6,2015,2,7,5,3,,1,0,,2,4,4,40,3,2,4,4,0,0,0,1,false,,false,false,true,false,false,,,,,,false,false,false,,,false,false,false,false,false,-83.05403,42.44751,"{
  ""coordinates"": [
    -8.305402898999991e+01,
    4.244750638200000e+01
  ],
  ""type"": ""Point""
}","{
  ""coordinates"": [
    -83.05402899,
    42.447506382
  ],
  ""type"": ""Point""
}",-83.0540289899999,42.447506382
12151,9293951,DEQUINDRE,STENDER,2015-06-13,13,6,2015,17,7,4,9,,4,0,,1,1,1,30,2,2,2,4,0,0,0,1,false,,false,false,false,false,false,,,,,,false,false,true,,,false,false,false,false,false,-83.08233,42.42052,"{
  ""coordinates"": [
    -8.308233119399991e+01,
    4.242052124600010e+01
  ],
  ""type"": ""Point""
}","{
  ""coordinates"": [
    -83.082331194,
    42.420521246
  ],
  ""type"": ""Point""
}",-83.0823311939999,42.4205212460001