ObjectId,Crash ID,Primary Road,Intersecting Road,Crash Date,Day,Month,Year,Hour,Weekday,Crash Type Code,Highway Classification Code,Community Code,Jurisdiction Code,Lane Departure Type Code,Surface Type,Road Condition,Weather Condition,Lighting Condition,Speed Limit,Lanes,Units,Occupants,Most Severe Injury,Fatal Injuries,Suspected Serious Injuries,Suspected Minor Injuries,Possible Injuries,Property Damage Only,Secondary Crash,Traffic Control,Red Light Run,Hit and Run,Alcohol,Drugs,Unbelted Person,Work Zone,Speeding Driver,Distracted Driver,Driveway,Pedestrian,Elderly Driver,Young Driver,Commercial Vehicle,Emergency Vehicles,Train,School Bus,Motorcycle,Bicycle,Deer,Longitude,Latitude,geom,geog,x,y
12152,9292403,CONANT,MINNESOTA,2015-06-13,13,6,2015,3,7,1,9,,4,1,,2,4,4,0,2,1,0,5,0,0,0,0,true,,false,false,false,false,false,,,,,,false,false,false,,,false,false,false,false,false,-83.06716,42.42381,"{
  ""coordinates"": [
    -8.306716184800000e+01,
    4.242381258600010e+01
  ],
  ""type"": ""Point""
}","{
  ""coordinates"": [
    -83.067161848,
    42.423812586
  ],
  ""type"": ""Point""
}",-83.067161848,42.4238125860001
12153,9368758,N M 10,LIVERNOIS,2015-06-13,13,6,2015,15,7,97,3,,1,0,,1,1,1,35,4,2,2,5,0,0,0,0,true,,false,false,true,false,false,,,,,,false,false,false,,,false,false,false,false,false,-83.14048,42.40495,"{
  ""coordinates"": [
    -8.314048385599990e+01,
    4.240495275100010e+01
  ],
  ""type"": ""Point""
}","{
  ""coordinates"": [
    -83.140483856,
    42.404952751
  ],
  ""type"": ""Point""
}",-83.1404838559999,42.4049527510001
12154,9292186,M10,7 MILE,2015-06-13,13,6,2015,4,7,1,3,,1,1,,2,2,4,55,3,1,1,5,0,0,0,0,true,,false,false,false,false,false,,,,,,false,true,false,,,false,false,false,false,false,-83.18377,42.42807,"{
  ""coordinates"": [
    -8.318377300400000e+01,
    4.242807468300000e+01
  ],
  ""type"": ""Point""
}","{
  ""coordinates"": [
    -83.183773004,
    42.428074683
  ],
  ""type"": ""Point""
}",-83.183773004,42.428074683
12155,9308578,TELEGRAPH,MCNICHOLS,2015-06-13,13,6,2015,15,7,4,2,,1,0,,1,1,1,45,4,2,3,4,0,0,0,2,false,,false,false,false,false,false,,,,,,false,false,true,,,false,false,false,false,false,-83.2774,42.41453,"{
  ""coordinates"": [
    -8.327739649700000e+01,
    4.241452873400000e+01
  ],
  ""type"": ""Point""
}","{
  ""coordinates"": [
    -83.277396497,
    42.414528734
  ],
  ""type"": ""Point""
}",-83.277396497,42.414528734
12156,9292368,GRAND RIVER,LAHSER,2015-06-13,13,6,2015,19,7,9,3,,1,2,,1,1,1,35,4,2,3,4,0,0,0,1,false,,false,false,false,false,false,,,,,,false,false,false,,,false,false,false,false,false,-83.25765,42.41649,"{
  ""coordinates"": [
    -8.325765212700000e+01,
    4.241649427200010e+01
  ],
  ""type"": ""Point""
}","{
  ""coordinates"": [
    -83.257652127,
    42.416494272
  ],
  ""type"": ""Point""
}",-83.257652127,42.4164942720001
12157,9292148,S M 10,MYERS/M 10 CROSSOVER,2015-06-13,13,6,2015,3,7,1,3,,1,1,,2,4,5,55,3,1,1,5,0,0,0,0,true,,false,false,true,false,false,,,,,,false,false,false,,,false,false,false,false,false,-83.16869,42.4129,"{
  ""coordinates"": [
    -8.316869016899990e+01,
    4.241289930900010e+01
  ],
  ""type"": ""Point""
}","{
  ""coordinates"": [
    -83.168690169,
    42.412899309
  ],
  ""type"": ""Point""
}",-83.1686901689999,42.4128993090001
12158,9291200,M-10,PURITAN,2015-06-13,13,6,2015,7,7,1,3,,1,1,,1,2,1,55,3,1,1,5,0,0,0,0,true,,false,false,false,false,false,,,,,,false,true,false,,,false,false,false,false,false,-83.16465,42.40905,"{
  ""coordinates"": [
    -8.316465083299990e+01,
    4.240904768700010e+01
  ],
  ""type"": ""Point""
}","{
  ""coordinates"": [
    -83.164650833,
    42.409047687
  ],
  ""type"": ""Point""
}",-83.1646508329999,42.4090476870001
12159,9292420,LIVERNOIS,CAMBRIDGE,2015-06-13,13,6,2015,12,7,5,9,,4,0,,1,2,1,30,2,2,3,4,0,0,0,2,false,,false,false,false,false,false,,,,,,false,false,false,,,false,false,false,false,false,-83.14166,42.43402,"{
  ""coordinates"": [
    -8.314166566900001e+01,
    4.243402328000010e+01
  ],
  ""type"": ""Point""
}","{
  ""coordinates"": [
    -83.141665669,
    42.43402328
  ],
  ""type"": ""Point""
}",-83.141665669,42.4340232800001
12160,9292153,M10,DAVISON,2015-06-13,13,6,2015,6,7,5,3,,1,0,,1,2,1,55,3,2,2,5,0,0,0,0,true,,false,false,true,false,false,,,,,,false,false,true,,,false,false,false,false,false,-83.10955,42.39811,"{
  ""coordinates"": [
    -8.310955183199999e+01,
    4.239811293200010e+01
  ],
  ""type"": ""Point""
}","{
  ""coordinates"": [
    -83.109551832,
    42.398112932
  ],
  ""type"": ""Point""
}",-83.109551832,42.3981129320001
12161,9292379,LAFAYETTE,CHENE,2015-06-13,13,6,2015,14,7,5,9,,4,0,,1,2,1,30,3,2,2,4,0,0,0,2,false,,false,false,false,true,true,,,,,,false,true,false,,,false,false,false,false,false,-83.0237,42.34173,"{
  ""coordinates"": [
    -8.302369756699990e+01,
    4.234172949900010e+01
  ],
  ""type"": ""Point""
}","{
  ""coordinates"": [
    -83.023697567,
    42.341729499
  ],
  ""type"": ""Point""
}",-83.0236975669999,42.3417294990001
12162,9292158,I 94,M 10,2015-06-13,13,6,2015,23,7,8,1,,1,0,,1,1,5,55,3,2,1,5,0,0,0,0,true,,false,false,true,false,false,,,,,,false,false,false,,,false,false,false,false,false,-83.07735,42.35822,"{
  ""coordinates"": [
    -8.307735562100000e+01,
    4.235822263700000e+01
  ],
  ""type"": ""Point""
}","{
  ""coordinates"": [
    -83.077355621,
    42.358222637
  ],
  ""type"": ""Point""
}",-83.077355621,42.358222637
12163,9292419,GREENFIELD,8 MILE,2015-06-13,13,6,2015,17,7,4,7,,1,0,,1,2,1,35,4,2,2,5,0,0,0,0,true,,false,false,false,false,false,,,,,,false,false,true,,,false,false,false,false,false,-83.20051,42.44472,"{
  ""coordinates"": [
    -8.320050689399990e+01,
    4.244471670400000e+01
  ],
  ""type"": ""Point""
}","{
  ""coordinates"": [
    -83.200506894,
    42.444716704
  ],
  ""type"": ""Point""
}",-83.2005068939999,42.444716704
12164,9292184,M10,JEFFERSON,2015-06-13,13,6,2015,2,7,1,3,,1,1,,2,4,4,55,2,1,1,5,0,0,0,0,true,,false,false,false,false,false,,,,,,false,false,false,,,false,false,false,false,false,-83.05029,42.32644,"{
  ""coordinates"": [
    -8.305028980100001e+01,
    4.232643481700010e+01
  ],
  ""type"": ""Point""
}","{
  ""coordinates"": [
    -83.050289801,
    42.326434817
  ],
  ""type"": ""Point""
}",-83.050289801,42.3264348170001
12165,9295325,7 MILE,N I 75 SERVICE DRIVE,2015-06-13,13,6,2015,15,7,8,9,,4,0,,1,1,1,35,3,2,5,5,0,0,0,0,true,,false,false,true,false,false,,,,,,false,false,false,,,false,false,false,false,false,-83.09412,42.4325,"{
  ""coordinates"": [
    -8.309412651100000e+01,
    4.243250177100000e+01
  ],
  ""type"": ""Point""
}","{
  ""coordinates"": [
    -83.094126511,
    42.432501771
  ],
  ""type"": ""Point""
}",-83.094126511,42.432501771
12166,9293998,WYOMING,TIREMAN,2015-06-13,13,6,2015,19,7,4,9,,4,3,,1,1,1,25,2,2,2,5,0,0,0,0,true,,false,false,false,false,false,,,,,,false,true,false,,,false,false,false,false,false,-83.15752,42.35184,"{
  ""coordinates"": [
    -8.315752224800001e+01,
    4.235184397600010e+01
  ],
  ""type"": ""Point""
}","{
  ""coordinates"": [
    -83.157522248,
    42.351843976
  ],
  ""type"": ""Point""
}",-83.157522248,42.3518439760001
12167,9295312,CHRYSLER SERVICE,GRATIOT,2015-06-13,13,6,2015,2,7,5,1,,1,0,,2,1,4,35,2,2,2,5,0,0,0,0,true,,false,false,true,false,false,,,,,,false,false,false,,,false,false,false,false,false,-83.04375,42.34337,"{
  ""coordinates"": [
    -8.304374763100000e+01,
    4.234336690300010e+01
  ],
  ""type"": ""Point""
}","{
  ""coordinates"": [
    -83.043747631,
    42.343366903
  ],
  ""type"": ""Point""
}",-83.043747631,42.3433669030001
12168,9293104,CHICAGO,MANSFIELD,2015-06-13,13,6,2015,23,7,6,9,,4,0,,1,1,4,35,4,2,1,4,0,0,0,1,false,,false,false,false,false,false,,,,,,false,false,false,,,false,false,false,false,false,-83.20336,42.36528,"{
  ""coordinates"": [
    -8.320336346600000e+01,
    4.236527931400010e+01
  ],
  ""type"": ""Point""
}","{
  ""coordinates"": [
    -83.203363466,
    42.365279314
  ],
  ""type"": ""Point""
}",-83.203363466,42.3652793140001
12169,9293995,GRAND RIVER,I 96 SER,2015-06-13,13,6,2015,16,7,97,3,,1,0,,1,2,1,35,7,2,1,4,0,0,0,1,false,,false,false,false,false,false,,,,,,false,false,false,,,false,false,false,true,false,-83.17722,42.38412,"{
  ""coordinates"": [
    -8.317721865000000e+01,
    4.238412506200010e+01
  ],
  ""type"": ""Point""
}","{
  ""coordinates"": [
    -83.17721865,
    42.384125062
  ],
  ""type"": ""Point""
}",-83.17721865,42.3841250620001
12170,9293801,RAMP 105B,WYOMING,2015-06-13,13,6,2015,17,7,8,3,,1,0,,1,1,1,0,3,2,2,5,0,0,0,0,true,,false,false,false,false,false,,,,,,false,false,false,,,false,false,false,false,false,-83.15984,42.40501,"{
  ""coordinates"": [
    -8.315983779600001e+01,
    4.240500996400000e+01
  ],
  ""type"": ""Point""
}","{
  ""coordinates"": [
    -83.159837796,
    42.405009964
  ],
  ""type"": ""Point""
}",-83.159837796,42.405009964
12171,9292185,M10,JEFFERSON,2015-06-13,13,6,2015,3,7,5,3,,1,0,,2,4,4,55,2,3,4,4,0,0,0,1,false,,false,false,false,false,false,,,,,,false,false,true,,,false,false,false,false,false,-83.05029,42.32644,"{
  ""coordinates"": [
    -8.305028980100001e+01,
    4.232643481700010e+01
  ],
  ""type"": ""Point""
}","{
  ""coordinates"": [
    -83.050289801,
    42.326434817
  ],
  ""type"": ""Point""
}",-83.050289801,42.3264348170001
12172,9304254,S M 10,BELDEN,2015-06-13,13,6,2015,6,7,4,3,,1,0,,2,2,1,55,4,2,1,5,0,0,0,0,true,,false,false,true,false,false,,,,,,false,false,true,,,false,false,false,false,false,-83.13393,42.40493,"{
  ""coordinates"": [
    -8.313393113900000e+01,
    4.240493280700010e+01
  ],
  ""type"": ""Point""
}","{
  ""coordinates"": [
    -83.133931139,
    42.404932807
  ],
  ""type"": ""Point""
}",-83.133931139,42.4049328070001
12173,9303161,W I 96,GRAND,2015-06-13,13,6,2015,22,7,1,1,,1,0,,1,1,5,70,4,1,2,5,0,0,0,0,true,,false,false,false,false,false,,,,,,false,false,false,,,false,false,false,false,false,-83.11057,42.35601,"{
  ""coordinates"": [
    -8.311056356800000e+01,
    4.235601324100000e+01
  ],
  ""type"": ""Point""
}","{
  ""coordinates"": [
    -83.110563568,
    42.356013241
  ],
  ""type"": ""Point""
}",-83.110563568,42.356013241
12174,9292393,NORTHFIELD,HILLSBORO,2015-06-12,12,6,2015,15,6,4,9,,,0,,1,2,1,25,2,2,3,4,0,0,0,1,false,,false,false,true,false,false,,,,,,false,false,false,,,false,false,false,false,false,-83.13215,42.36105,"{
  ""coordinates"": [
    -8.313215219400000e+01,
    4.236104527100010e+01
  ],
  ""type"": ""Point""
}","{
  ""coordinates"": [
    -83.132152194,
    42.361045271
  ],
  ""type"": ""Point""
}",-83.132152194,42.3610452710001
12175,9292342,TIREMAN,AUBURN,2015-06-12,12,6,2015,13,6,5,9,,4,0,,1,2,1,30,2,2,2,5,0,0,0,0,true,,false,false,true,false,false,,,,,,false,true,false,,,false,false,false,false,false,-83.23358,42.35036,"{
  ""coordinates"": [
    -8.323358508299999e+01,
    4.235036254500010e+01
  ],
  ""type"": ""Point""
}","{
  ""coordinates"": [
    -83.233585083,
    42.350362545
  ],
  ""type"": ""Point""
}",-83.233585083,42.3503625450001
12176,9293105,GREENVIEW,SCHOOLCRAFT,2015-06-12,12,6,2015,7,6,8,9,,,0,,1,1,1,25,1,2,1,5,0,0,0,0,true,,false,false,true,false,false,,,,,,false,false,false,,,false,false,false,false,false,-83.22355,42.38658,"{
  ""coordinates"": [
    -8.322354798200000e+01,
    4.238657972000000e+01
  ],
  ""type"": ""Point""
}","{
  ""coordinates"": [
    -83.223547982,
    42.38657972
  ],
  ""type"": ""Point""
}",-83.223547982,42.38657972
12177,9293111,GRAND RIVER,KENTFORD,2015-06-12,12,6,2015,11,6,9,3,,1,0,,1,1,1,30,4,3,8,4,0,0,0,6,false,,false,false,false,false,false,,,,,,false,true,false,,,false,false,false,false,false,-83.22166,42.40205,"{
  ""coordinates"": [
    -8.322165532699999e+01,
    4.240205432300010e+01
  ],
  ""type"": ""Point""
}","{
  ""coordinates"": [
    -83.221655327,
    42.402054323
  ],
  ""type"": ""Point""
}",-83.221655327,42.4020543230001
12178,9294011,LIVERNOIS,MICHIGAN,2015-06-12,12,6,2015,11,6,5,2,,4,0,,1,2,1,35,7,2,2,3,0,0,1,0,false,,false,false,true,false,false,,,,,,false,false,false,,,false,false,false,false,false,-83.12035,42.33113,"{
  ""coordinates"": [
    -8.312034760300000e+01,
    4.233113566900000e+01
  ],
  ""type"": ""Point""
}","{
  ""coordinates"": [
    -83.120347603,
    42.331135669
  ],
  ""type"": ""Point""
}",-83.120347603,42.331135669
12179,9296279,GRAND,SCOVEL,2015-06-12,12,6,2015,15,6,4,9,,4,0,,1,1,1,30,2,3,6,4,0,0,0,1,false,,true,false,true,false,false,,,,,,false,false,false,,,false,false,false,false,false,-83.1108,42.35392,"{
  ""coordinates"": [
    -8.311080485900000e+01,
    4.235392520600000e+01
  ],
  ""type"": ""Point""
}","{
  ""coordinates"": [
    -83.110804859,
    42.353925206
  ],
  ""type"": ""Point""
}",-83.110804859,42.353925206
12180,9292339,JEFFERSON,RIVARD,2015-06-12,12,6,2015,15,6,2,9,,4,0,,1,2,1,35,7,2,2,4,0,0,0,1,false,,false,false,false,false,false,,,,,,false,false,true,,,false,false,false,false,false,-83.03435,42.3332,"{
  ""coordinates"": [
    -8.303434445999990e+01,
    4.233320388500000e+01
  ],
  ""type"": ""Point""
}","{
  ""coordinates"": [
    -83.03434446,
    42.333203885
  ],
  ""type"": ""Point""
}",-83.0343444599999,42.333203885
12181,9291243,S I 75,RAMP 035E,2015-06-12,12,6,2015,7,6,1,1,,1,1,,1,2,1,55,2,1,1,4,0,0,0,1,false,,false,false,false,false,true,,,,,,false,false,false,,,false,false,false,false,false,-83.0827,42.32209,"{
  ""coordinates"": [
    -8.308270140499999e+01,
    4.232208542500010e+01
  ],
  ""type"": ""Point""
}","{
  ""coordinates"": [
    -83.082701405,
    42.322085425
  ],
  ""type"": ""Point""
}",-83.082701405,42.3220854250001
12182,9293985,PURITAN,GREENFIELD,2015-06-12,12,6,2015,15,6,5,9,,4,0,,1,1,1,25,2,2,2,5,0,0,0,0,true,,false,false,false,false,false,,,,,,false,false,true,,,false,false,false,false,false,-83.19899,42.40875,"{
  ""coordinates"": [
    -8.319898889200000e+01,
    4.240875151700000e+01
  ],
  ""type"": ""Point""
}","{
  ""coordinates"": [
    -83.198988892,
    42.408751517
  ],
  ""type"": ""Point""
}",-83.198988892,42.408751517
12183,9295311,MONICA,GRAND RIVER,2015-06-12,12,6,2015,9,6,8,3,,,3,,1,1,4,0,2,2,0,5,0,0,0,0,true,,false,false,false,false,false,,,,,,false,false,false,,,false,false,false,false,false,-83.1414,42.36971,"{
  ""coordinates"": [
    -8.314139982700000e+01,
    4.236971266000010e+01
  ],
  ""type"": ""Point""
}","{
  ""coordinates"": [
    -83.141399827,
    42.36971266
  ],
  ""type"": ""Point""
}",-83.141399827,42.3697126600001
12184,9293996,BINGHAM,MACKENZIE,2015-06-12,12,6,2015,14,6,97,9,,,0,,1,2,1,25,1,3,1,3,0,0,1,1,false,,false,false,false,false,false,,,,,,true,false,false,,,false,false,false,false,false,-83.1751,42.35579,"{
  ""coordinates"": [
    -8.317510255300000e+01,
    4.235579295700010e+01
  ],
  ""type"": ""Point""
}","{
  ""coordinates"": [
    -83.175102553,
    42.355792957
  ],
  ""type"": ""Point""
}",-83.175102553,42.3557929570001
12185,9292311,RAMP 109A,S M 10,2015-06-12,12,6,2015,19,6,5,3,,1,0,,1,1,1,55,1,2,3,5,0,0,0,0,true,,false,false,false,false,false,,,,,,false,false,false,,,false,false,false,false,false,-83.11262,42.39951,"{
  ""coordinates"": [
    -8.311262099100000e+01,
    4.239951011800010e+01
  ],
  ""type"": ""Point""
}","{
  ""coordinates"": [
    -83.112620991,
    42.399510118
  ],
  ""type"": ""Point""
}",-83.112620991,42.3995101180001
12186,9291232,SOUTHFIELD,JOY,2015-06-12,12,6,2015,20,6,1,3,,1,0,,1,1,3,55,3,1,1,5,0,0,0,0,true,,false,false,false,false,false,,,,,,false,false,false,,,false,false,false,false,false,-83.21639,42.35798,"{
  ""coordinates"": [
    -8.321639405400001e+01,
    4.235797795200010e+01
  ],
  ""type"": ""Point""
}","{
  ""coordinates"": [
    -83.216394054,
    42.357977952
  ],
  ""type"": ""Point""
}",-83.216394054,42.3579779520001
12187,9352576,7 MILE,GRATIOT,2015-06-12,12,6,2015,12,6,8,3,,4,0,,1,2,1,30,3,2,2,5,0,0,0,0,true,,false,false,false,false,false,,,,,,false,false,false,,,false,false,false,false,false,-82.97784,42.43507,"{
  ""coordinates"": [
    -8.297784346000000e+01,
    4.243507249300010e+01
  ],
  ""type"": ""Point""
}","{
  ""coordinates"": [
    -82.97784346,
    42.435072493
  ],
  ""type"": ""Point""
}",-82.97784346,42.4350724930001
12188,9324219,SOUTHFIELD,SCOOLCRAFT,2015-06-12,12,6,2015,17,6,5,3,,1,0,,1,1,1,55,3,3,3,5,0,0,0,0,true,,false,false,false,false,false,,,,,,false,false,false,,,false,false,false,false,false,-83.21754,42.38684,"{
  ""coordinates"": [
    -8.321754739399999e+01,
    4.238684081700010e+01
  ],
  ""type"": ""Point""
}","{
  ""coordinates"": [
    -83.217547394,
    42.386840817
  ],
  ""type"": ""Point""
}",-83.217547394,42.3868408170001
12189,9291234,N M 10,RAMP 122H,2015-06-12,12,6,2015,11,6,8,3,,1,0,,1,1,1,55,3,2,2,5,0,0,0,0,true,,false,false,false,false,false,,,,,,false,false,true,,,false,false,false,false,false,-83.06228,42.33274,"{
  ""coordinates"": [
    -8.306227819100000e+01,
    4.233274066100010e+01
  ],
  ""type"": ""Point""
}","{
  ""coordinates"": [
    -83.062278191,
    42.332740661
  ],
  ""type"": ""Point""
}",-83.062278191,42.3327406610001
12190,9295360,JOHN R,EDMUND,2015-06-12,12,6,2015,18,6,4,9,,4,0,,1,1,1,25,2,2,5,5,0,0,0,0,true,,false,false,true,false,false,,,,,,false,false,false,,,false,false,false,false,false,-83.05338,42.34464,"{
  ""coordinates"": [
    -8.305338313100000e+01,
    4.234463820000010e+01
  ],
  ""type"": ""Point""
}","{
  ""coordinates"": [
    -83.053383131,
    42.3446382
  ],
  ""type"": ""Point""
}",-83.053383131,42.3446382000001
12191,9304262,GRAND RIVER,GREENFIELD,2015-06-12,12,6,2015,12,6,8,3,,1,0,,1,1,1,35,7,2,0,5,0,0,0,0,true,,false,false,true,false,false,,,,,,false,false,false,,,false,false,false,false,false,-83.19843,42.39268,"{
  ""coordinates"": [
    -8.319842544799999e+01,
    4.239268247500010e+01
  ],
  ""type"": ""Point""
}","{
  ""coordinates"": [
    -83.198425448,
    42.392682475
  ],
  ""type"": ""Point""
}",-83.198425448,42.3926824750001
12192,9292181,I-375,JEFFERSON,2015-06-12,12,6,2015,20,6,1,1,,1,1,,1,2,1,55,2,1,2,4,0,0,0,1,false,,false,false,false,false,false,,,,,,false,false,true,,,false,false,false,false,false,-83.03619,42.33236,"{
  ""coordinates"": [
    -8.303618814899990e+01,
    4.233236233800010e+01
  ],
  ""type"": ""Point""
}","{
  ""coordinates"": [
    -83.036188149,
    42.332362338
  ],
  ""type"": ""Point""
}",-83.0361881489999,42.3323623380001
12193,9312132,7 MILE,ROGGE,2015-06-12,12,6,2015,16,6,97,9,,4,0,,1,2,1,35,4,2,0,5,0,0,0,0,true,,false,false,true,false,false,,,,,,false,false,false,,,false,false,false,false,false,-83.0296,42.43386,"{
  ""coordinates"": [
    -8.302960491600000e+01,
    4.243385904800000e+01
  ],
  ""type"": ""Point""
}","{
  ""coordinates"": [
    -83.029604916,
    42.433859048
  ],
  ""type"": ""Point""
}",-83.029604916,42.433859048
12194,9415930,JEFFERSON,MOUNT ELLIOTT,2015-06-12,12,6,2015,17,6,3,9,,4,0,,1,1,1,25,3,2,2,5,0,0,0,0,true,,false,false,false,false,false,,,,,,false,false,true,,,false,false,false,false,false,-83.01096,42.34327,"{
  ""coordinates"": [
    -8.301095322799991e+01,
    4.234326684600010e+01
  ],
  ""type"": ""Point""
}","{
  ""coordinates"": [
    -83.010953228,
    42.343266846
  ],
  ""type"": ""Point""
}",-83.0109532279999,42.3432668460001
12195,9292310,MONICA,GRAND RIVER,2015-06-12,12,6,2015,6,6,97,9,,,0,,97,98,98,35,1,2,1,5,0,0,0,0,true,,false,false,true,false,false,,,,,,false,false,false,,,false,false,false,false,false,-83.14147,42.37152,"{
  ""coordinates"": [
    -8.314146958100000e+01,
    4.237152485400000e+01
  ],
  ""type"": ""Point""
}","{
  ""coordinates"": [
    -83.141469581,
    42.371524854
  ],
  ""type"": ""Point""
}",-83.141469581,42.371524854
12196,9295374,S I 75 SERVICE DRIVE,8 MILE SERVICE DRIVE,2015-06-12,12,6,2015,15,6,4,1,,1,0,,1,2,1,30,4,2,2,5,0,0,0,0,true,,false,false,false,false,false,,,,,,false,false,false,,,false,false,false,false,false,-83.09531,42.44665,"{
  ""coordinates"": [
    -8.309530610099991e+01,
    4.244665099400000e+01
  ],
  ""type"": ""Point""
}","{
  ""coordinates"": [
    -83.095306101,
    42.446650994
  ],
  ""type"": ""Point""
}",-83.0953061009999,42.446650994
12197,9294000,WYOMING,CHALFONTE,2015-06-12,12,6,2015,13,6,5,9,,4,0,,1,2,1,30,3,3,4,5,0,0,0,0,true,,false,false,true,false,false,,,,,,false,false,false,,,false,false,false,false,false,-83.15957,42.40027,"{
  ""coordinates"": [
    -8.315956629800000e+01,
    4.240026848900000e+01
  ],
  ""type"": ""Point""
}","{
  ""coordinates"": [
    -83.159566298,
    42.400268489
  ],
  ""type"": ""Point""
}",-83.159566298,42.400268489
12198,9294747,SOUTHFIELD SERVICE DRIVE,8 MILE,2015-06-12,12,6,2015,8,6,5,3,,1,0,,1,1,1,20,2,2,2,5,0,0,0,0,true,,false,false,false,false,false,,,,,,false,false,false,,,false,false,false,false,false,-83.21927,42.44418,"{
  ""coordinates"": [
    -8.321926874899999e+01,
    4.244418346500000e+01
  ],
  ""type"": ""Point""
}","{
  ""coordinates"": [
    -83.219268749,
    42.444183465
  ],
  ""type"": ""Point""
}",-83.219268749,42.444183465
12199,9429787,RENVILLE,MCGRAW,2015-06-12,12,6,2015,20,6,97,9,,,3,,2,1,5,25,1,2,0,5,0,0,0,0,true,,false,false,true,false,false,,,,,,false,false,false,,,false,false,false,false,false,-83.1475,42.33309,"{
  ""coordinates"": [
    -8.314749642699999e+01,
    4.233308839100000e+01
  ],
  ""type"": ""Point""
}","{
  ""coordinates"": [
    -83.147496427,
    42.333088391
  ],
  ""type"": ""Point""
}",-83.147496427,42.333088391
12200,9292354,VINEWOOD,PORTER,2015-06-12,12,6,2015,1,6,5,9,,,0,,1,1,4,25,1,3,1,5,0,0,0,0,true,,false,false,true,false,false,,,,,,false,false,false,,,false,false,false,false,false,-83.08852,42.31953,"{
  ""coordinates"": [
    -8.308851734599990e+01,
    4.231953341200010e+01
  ],
  ""type"": ""Point""
}","{
  ""coordinates"": [
    -83.088517346,
    42.319533412
  ],
  ""type"": ""Point""
}",-83.0885173459999,42.3195334120001
12201,9295322,GRAND,S M 10,2015-06-12,12,6,2015,14,6,5,9,,4,0,,1,1,1,35,2,2,2,4,0,0,0,1,false,,false,false,false,false,false,,,,,,false,false,false,,,false,false,false,false,false,-83.08198,42.36713,"{
  ""coordinates"": [
    -8.308197776999999e+01,
    4.236712588400010e+01
  ],
  ""type"": ""Point""
}","{
  ""coordinates"": [
    -83.08197777,
    42.367125884
  ],
  ""type"": ""Point""
}",-83.08197777,42.3671258840001
12202,9303342,WARREN,MONTROSE,2015-06-12,12,6,2015,22,6,5,9,,2,0,,1,2,4,35,4,2,1,5,0,0,0,0,true,,false,false,true,false,false,,,,,,false,false,false,,,false,false,false,false,false,-83.19881,42.34363,"{
  ""coordinates"": [
    -8.319880334200001e+01,
    4.234363109100010e+01
  ],
  ""type"": ""Point""
}","{
  ""coordinates"": [
    -83.198803342,
    42.343631091
  ],
  ""type"": ""Point""
}",-83.198803342,42.3436310910001
12203,9292358,WATERMAN,DESMOND,2015-06-12,12,6,2015,6,6,97,9,,4,1,,1,1,2,35,2,1,2,5,0,0,0,0,true,,false,false,false,false,false,,,,,,false,false,true,,,false,false,false,false,false,-83.1147,42.31326,"{
  ""coordinates"": [
    -8.311469889499990e+01,
    4.231325660200010e+01
  ],
  ""type"": ""Point""
}","{
  ""coordinates"": [
    -83.114698895,
    42.313256602
  ],
  ""type"": ""Point""
}",-83.1146988949999,42.3132566020001
12204,9291247,SB I75,7 MILE,2015-06-12,12,6,2015,5,6,5,1,,1,0,,1,2,1,55,4,2,2,5,0,0,0,0,true,,false,false,false,false,false,,,,,,false,false,false,,,false,false,false,false,false,-83.09499,42.43393,"{
  ""coordinates"": [
    -8.309499622399990e+01,
    4.243392456400010e+01
  ],
  ""type"": ""Point""
}","{
  ""coordinates"": [
    -83.094996224,
    42.433924564
  ],
  ""type"": ""Point""
}",-83.0949962239999,42.4339245640001
12205,9415966,JEFFERSON,WOODWARD,2015-06-12,12,6,2015,17,6,5,3,,1,0,,1,1,1,0,1,2,2,5,0,0,0,0,true,,false,false,false,false,false,,,,,,false,false,false,,,false,false,false,false,false,-83.04476,42.32875,"{
  ""coordinates"": [
    -8.304476004599999e+01,
    4.232874768500010e+01
  ],
  ""type"": ""Point""
}","{
  ""coordinates"": [
    -83.044760046,
    42.328747685
  ],
  ""type"": ""Point""
}",-83.044760046,42.3287476850001
12206,9295355,JOHN R,ALFRED,2015-06-12,12,6,2015,21,6,4,9,,4,0,,1,1,5,25,2,2,1,5,0,0,0,0,true,,false,false,true,false,false,,,,,,false,false,false,,,false,false,false,false,false,-83.05256,42.34368,"{
  ""coordinates"": [
    -8.305255742799990e+01,
    4.234368013600000e+01
  ],
  ""type"": ""Point""
}","{
  ""coordinates"": [
    -83.052557428,
    42.343680136
  ],
  ""type"": ""Point""
}",-83.0525574279999,42.343680136
12207,9291244,I-75,SCHAEFER,2015-06-12,12,6,2015,15,6,8,1,,1,0,,1,2,1,70,4,2,2,5,0,0,0,0,true,,false,false,false,false,false,,,,,,false,false,false,,,false,false,false,false,false,-83.15459,42.27769,"{
  ""coordinates"": [
    -8.315459818300000e+01,
    4.227769448100000e+01
  ],
  ""type"": ""Point""
}","{
  ""coordinates"": [
    -83.154598183,
    42.277694481
  ],
  ""type"": ""Point""
}",-83.154598183,42.277694481
12208,9317036,MEYERS,MIDLAND,2015-06-12,12,6,2015,15,6,4,9,,4,3,,1,1,1,30,2,3,2,5,0,0,0,0,true,,false,false,true,false,false,,,,,,false,false,true,,,false,false,false,false,false,-83.16959,42.40599,"{
  ""coordinates"": [
    -8.316958475099990e+01,
    4.240599207800010e+01
  ],
  ""type"": ""Point""
}","{
  ""coordinates"": [
    -83.169584751,
    42.405992078
  ],
  ""type"": ""Point""
}",-83.1695847509999,42.4059920780001