ObjectId,Crash ID,Primary Road,Intersecting Road,Crash Date,Day,Month,Year,Hour,Weekday,Crash Type Code,Highway Classification Code,Community Code,Jurisdiction Code,Lane Departure Type Code,Surface Type,Road Condition,Weather Condition,Lighting Condition,Speed Limit,Lanes,Units,Occupants,Most Severe Injury,Fatal Injuries,Suspected Serious Injuries,Suspected Minor Injuries,Possible Injuries,Property Damage Only,Secondary Crash,Traffic Control,Red Light Run,Hit and Run,Alcohol,Drugs,Unbelted Person,Work Zone,Speeding Driver,Distracted Driver,Driveway,Pedestrian,Elderly Driver,Young Driver,Commercial Vehicle,Emergency Vehicles,Train,School Bus,Motorcycle,Bicycle,Deer,Longitude,Latitude,geom,geog,x,y
12380,9290178,E I 94,RAMP 224A,2015-06-09,9,6,2015,10,3,1,1,,1,1,,1,1,1,55,3,1,1,4,0,0,0,1,false,,false,false,false,false,false,,,,,,false,false,true,,,false,false,false,false,false,-82.93084,42.42167,"{
  ""coordinates"": [
    -8.293084221299991e+01,
    4.242167230000010e+01
  ],
  ""type"": ""Point""
}","{
  ""coordinates"": [
    -82.930842213,
    42.4216723
  ],
  ""type"": ""Point""
}",-82.9308422129999,42.4216723000001
12381,9290175,I-94,JUNCTION,2015-06-09,9,6,2015,8,3,5,1,,1,0,,1,1,1,55,3,2,2,5,0,0,0,0,true,,false,false,false,false,false,,,,,,false,false,false,,,false,false,false,false,false,-83.11848,42.34023,"{
  ""coordinates"": [
    -8.311847701300000e+01,
    4.234022927500010e+01
  ],
  ""type"": ""Point""
}","{
  ""coordinates"": [
    -83.118477013,
    42.340229275
  ],
  ""type"": ""Point""
}",-83.118477013,42.3402292750001
12382,9290290,OUTER,SCHAEFER,2015-06-09,9,6,2015,18,3,4,9,,2,0,,1,1,1,30,4,2,2,5,0,0,0,0,true,,false,false,false,false,false,,,,,,false,false,true,,,false,false,false,false,false,-83.17999,42.4201,"{
  ""coordinates"": [
    -8.317998356100000e+01,
    4.242010454600010e+01
  ],
  ""type"": ""Point""
}","{
  ""coordinates"": [
    -83.179983561,
    42.420104546
  ],
  ""type"": ""Point""
}",-83.179983561,42.4201045460001
12383,9292338,SCHOOLCRAFT,MINOCK,2015-06-09,9,6,2015,11,3,9,9,,2,0,,1,1,1,30,4,2,3,4,0,0,0,1,false,,false,false,true,false,false,,,,,,false,false,false,,,false,false,false,false,false,-83.23323,42.38633,"{
  ""coordinates"": [
    -8.323323246800000e+01,
    4.238633081800000e+01
  ],
  ""type"": ""Point""
}","{
  ""coordinates"": [
    -83.233232468,
    42.386330818
  ],
  ""type"": ""Point""
}",-83.233232468,42.386330818
12384,9361082,GRIXDALE,JOHN R,2015-06-09,9,6,2015,12,3,4,9,,,0,,1,1,1,25,1,2,2,5,0,0,0,0,true,,false,false,false,false,false,,,,,,false,false,false,,,false,false,false,false,false,-83.10255,42.42759,"{
  ""coordinates"": [
    -8.310255199300001e+01,
    4.242758948600000e+01
  ],
  ""type"": ""Point""
}","{
  ""coordinates"": [
    -83.102551993,
    42.427589486
  ],
  ""type"": ""Point""
}",-83.102551993,42.427589486
12385,9290168,I-94,14TH,2015-06-09,9,6,2015,15,3,5,1,,1,0,,1,1,1,55,3,2,2,5,0,0,0,0,true,,false,false,false,false,false,,,,,,false,true,true,,,false,false,false,false,false,-83.09,42.35297,"{
  ""coordinates"": [
    -8.308999554000000e+01,
    4.235296910700000e+01
  ],
  ""type"": ""Point""
}","{
  ""coordinates"": [
    -83.08999554,
    42.352969107
  ],
  ""type"": ""Point""
}",-83.08999554,42.352969107
12386,9293087,7 MILE,GRANDVIEW,2015-06-09,9,6,2015,14,3,4,9,,2,0,,1,1,1,30,4,2,2,4,0,0,0,1,false,,true,false,false,false,false,,,,,,false,false,true,,,false,false,false,false,false,-83.28535,42.42863,"{
  ""coordinates"": [
    -8.328534348100000e+01,
    4.242862591200000e+01
  ],
  ""type"": ""Point""
}","{
  ""coordinates"": [
    -83.285343481,
    42.428625912
  ],
  ""type"": ""Point""
}",-83.285343481,42.428625912
12387,9289464,7 MILE,OUTER,2015-06-09,9,6,2015,16,3,8,9,,2,0,,1,1,1,30,4,2,3,5,0,0,0,0,true,,false,false,true,false,false,,,,,,false,false,false,,,false,false,false,false,false,-83.17545,42.43117,"{
  ""coordinates"": [
    -8.317545152100000e+01,
    4.243116922600010e+01
  ],
  ""type"": ""Point""
}","{
  ""coordinates"": [
    -83.175451521,
    42.431169226
  ],
  ""type"": ""Point""
}",-83.175451521,42.4311692260001
12388,9291205,I-94,GRATIOT,2015-06-09,9,6,2015,22,3,1,1,,1,0,,1,1,4,55,3,1,2,5,0,0,0,0,true,,false,false,false,false,false,,,,,,false,false,false,,,false,false,false,false,false,-83.00671,42.39129,"{
  ""coordinates"": [
    -8.300670539799999e+01,
    4.239128838900010e+01
  ],
  ""type"": ""Point""
}","{
  ""coordinates"": [
    -83.006705398,
    42.391288389
  ],
  ""type"": ""Point""
}",-83.006705398,42.3912883890001
12389,9288738,EVANSTON,NOTTINGHAM,2015-06-09,9,6,2015,13,3,4,9,,,0,,1,1,1,25,2,2,2,5,0,0,0,0,true,,false,false,true,false,false,,,,,,false,false,false,,,false,false,false,false,false,-82.95457,42.40834,"{
  ""coordinates"": [
    -8.295457716399990e+01,
    4.240834391900010e+01
  ],
  ""type"": ""Point""
}","{
  ""coordinates"": [
    -82.954577164,
    42.408343919
  ],
  ""type"": ""Point""
}",-82.9545771639999,42.4083439190001
12390,9325889,7 MILE,HOOVER,2015-06-09,9,6,2015,18,3,5,3,,4,0,,1,1,4,35,5,2,1,4,0,0,0,1,false,,false,false,true,false,false,,,,,,false,false,false,,,false,false,false,false,false,-83.00466,42.43443,"{
  ""coordinates"": [
    -8.300466398499999e+01,
    4.243442549500000e+01
  ],
  ""type"": ""Point""
}","{
  ""coordinates"": [
    -83.004663985,
    42.434425495
  ],
  ""type"": ""Point""
}",-83.004663985,42.434425495
12391,9288369,SCHOOLCRAFT,S M 39,2015-06-09,9,6,2015,13,3,97,9,,2,0,,1,1,1,25,2,2,2,5,0,0,0,0,true,,false,false,true,false,false,,,,,,false,false,false,,,false,false,false,false,false,-83.21777,42.38671,"{
  ""coordinates"": [
    -8.321776449399989e+01,
    4.238670644900000e+01
  ],
  ""type"": ""Point""
}","{
  ""coordinates"": [
    -83.217764494,
    42.386706449
  ],
  ""type"": ""Point""
}",-83.2177644939999,42.386706449
12392,9289369,8 MILE,I 75,2015-06-09,9,6,2015,12,3,5,3,,1,0,,1,1,1,30,2,2,1,5,0,0,0,0,true,,false,false,true,false,false,,,,,,false,false,false,,,false,false,false,false,false,-83.09455,42.4468,"{
  ""coordinates"": [
    -8.309455281899990e+01,
    4.244680476800000e+01
  ],
  ""type"": ""Point""
}","{
  ""coordinates"": [
    -83.094552819,
    42.446804768
  ],
  ""type"": ""Point""
}",-83.0945528189999,42.446804768
12393,9292340,GODDARD,MCNICHOLS,2015-06-09,9,6,2015,8,3,1,9,,4,0,,1,1,1,25,2,1,1,5,0,0,0,0,true,,false,false,true,false,false,,,,,,false,false,false,,,false,false,false,false,false,-83.07791,42.4183,"{
  ""coordinates"": [
    -8.307791410100000e+01,
    4.241829637500010e+01
  ],
  ""type"": ""Point""
}","{
  ""coordinates"": [
    -83.077914101,
    42.418296375
  ],
  ""type"": ""Point""
}",-83.077914101,42.4182963750001
12394,9304292,HOLMUR,LAWRENCE,2015-06-09,9,6,2015,15,3,4,9,,,0,,1,1,1,25,2,2,2,5,0,0,0,0,true,,false,false,true,false,false,,,,,,false,false,false,,,false,false,false,false,false,-83.12533,42.37664,"{
  ""coordinates"": [
    -8.312532997499990e+01,
    4.237663904700000e+01
  ],
  ""type"": ""Point""
}","{
  ""coordinates"": [
    -83.125329975,
    42.376639047
  ],
  ""type"": ""Point""
}",-83.1253299749999,42.376639047
12395,9290280,S M 10,GRAND,2015-06-09,9,6,2015,14,3,5,3,,1,0,,1,1,1,30,3,2,3,5,0,0,0,0,true,,false,false,false,false,false,,,,,,false,true,false,,,false,false,false,false,false,-83.082,42.36713,"{
  ""coordinates"": [
    -8.308200349899990e+01,
    4.236713256800000e+01
  ],
  ""type"": ""Point""
}","{
  ""coordinates"": [
    -83.082003499,
    42.367132568
  ],
  ""type"": ""Point""
}",-83.0820034989999,42.367132568
12396,9290188,SOUTHFIELD,JOY,2015-06-09,9,6,2015,16,3,5,3,,1,0,,1,1,1,55,3,3,3,5,0,0,0,0,true,,false,false,false,false,false,,,,,,false,false,false,,,false,false,false,false,false,-83.21635,42.35702,"{
  ""coordinates"": [
    -8.321635039099991e+01,
    4.235702131700000e+01
  ],
  ""type"": ""Point""
}","{
  ""coordinates"": [
    -83.216350391,
    42.357021317
  ],
  ""type"": ""Point""
}",-83.2163503909999,42.357021317
12397,9292355,JUNCTION,BRANDON,2015-06-09,9,6,2015,10,3,8,9,,4,0,,1,1,1,25,4,2,2,5,0,0,0,0,true,,false,false,false,false,false,,,,,,false,false,false,,,false,false,false,false,false,-83.10461,42.32167,"{
  ""coordinates"": [
    -8.310460822100001e+01,
    4.232167591900000e+01
  ],
  ""type"": ""Point""
}","{
  ""coordinates"": [
    -83.104608221,
    42.321675919
  ],
  ""type"": ""Point""
}",-83.104608221,42.321675919
12398,9292313,MICHIGAN,CLARK,2015-06-09,9,6,2015,16,3,97,2,,1,0,,1,1,1,35,6,3,3,5,0,0,0,0,true,,false,false,false,false,false,,,,,,false,true,true,,,false,false,false,false,false,-83.10235,42.33114,"{
  ""coordinates"": [
    -8.310234685700000e+01,
    4.233113699800000e+01
  ],
  ""type"": ""Point""
}","{
  ""coordinates"": [
    -83.102346857,
    42.331136998
  ],
  ""type"": ""Point""
}",-83.102346857,42.331136998
12399,9295362,SECOND,LOTHROP,2015-06-09,9,6,2015,16,3,6,9,,4,0,,1,1,1,0,3,2,5,5,0,0,0,0,true,,false,false,false,false,false,,,,,,false,false,false,,,false,false,false,false,false,-83.07719,42.37048,"{
  ""coordinates"": [
    -8.307718864799990e+01,
    4.237047388900000e+01
  ],
  ""type"": ""Point""
}","{
  ""coordinates"": [
    -83.077188648,
    42.370473889
  ],
  ""type"": ""Point""
}",-83.0771886479999,42.370473889
12400,9361104,S M 39,W I 96,2015-06-09,9,6,2015,8,3,8,3,,1,0,,1,1,1,55,3,2,1,5,0,0,0,0,true,,false,false,false,false,false,,,,,,false,true,false,,,false,false,false,false,false,-83.21711,42.37883,"{
  ""coordinates"": [
    -8.321711196099990e+01,
    4.237883171700000e+01
  ],
  ""type"": ""Point""
}","{
  ""coordinates"": [
    -83.217111961,
    42.378831717
  ],
  ""type"": ""Point""
}",-83.2171119609999,42.378831717
12401,9341902,FERRY,ELLERY,2015-06-09,9,6,2015,4,3,5,9,,,0,,1,1,4,30,2,2,1,5,0,0,0,0,true,,false,false,true,false,false,,,,,,false,false,false,,,false,false,false,false,false,-83.03302,42.3737,"{
  ""coordinates"": [
    -8.303301837700000e+01,
    4.237369748700010e+01
  ],
  ""type"": ""Point""
}","{
  ""coordinates"": [
    -83.033018377,
    42.373697487
  ],
  ""type"": ""Point""
}",-83.033018377,42.3736974870001
12402,9290194,I-94,BRUSH,2015-06-09,9,6,2015,6,3,5,1,,1,0,,1,1,1,55,3,2,2,4,0,0,0,1,false,,false,false,false,false,false,,,,,,false,false,false,,,false,false,false,false,false,-83.06387,42.36602,"{
  ""coordinates"": [
    -8.306387547500000e+01,
    4.236602029700000e+01
  ],
  ""type"": ""Point""
}","{
  ""coordinates"": [
    -83.063875475,
    42.366020297
  ],
  ""type"": ""Point""
}",-83.063875475,42.366020297
12403,9290289,ARCHDALE,WHITLOCK,2015-06-09,9,6,2015,7,3,97,9,,,0,,1,1,1,25,2,2,4,5,0,0,0,0,true,,false,false,false,false,false,,,,,,false,false,false,,,false,false,false,false,false,-83.21457,42.33973,"{
  ""coordinates"": [
    -8.321456550800001e+01,
    4.233972572800010e+01
  ],
  ""type"": ""Point""
}","{
  ""coordinates"": [
    -83.214565508,
    42.339725728
  ],
  ""type"": ""Point""
}",-83.214565508,42.3397257280001
12404,9290148,I75,MICHIGAN,2015-06-09,9,6,2015,8,3,8,1,,1,0,,1,1,1,55,3,2,2,4,0,0,0,1,false,,false,false,false,false,false,,,,,,false,false,true,,,false,false,false,false,false,-83.08522,42.32752,"{
  ""coordinates"": [
    -8.308522009900000e+01,
    4.232751920700010e+01
  ],
  ""type"": ""Point""
}","{
  ""coordinates"": [
    -83.085220099,
    42.327519207
  ],
  ""type"": ""Point""
}",-83.085220099,42.3275192070001
12405,9290278,BRUSH,OWENS,2015-06-09,9,6,2015,17,3,4,9,,4,0,,1,1,1,25,4,2,3,5,0,0,0,0,true,,false,false,false,false,false,,,,,,false,false,false,,,false,false,false,false,false,-83.07571,42.38499,"{
  ""coordinates"": [
    -8.307570568100000e+01,
    4.238499082600000e+01
  ],
  ""type"": ""Point""
}","{
  ""coordinates"": [
    -83.075705681,
    42.384990826
  ],
  ""type"": ""Point""
}",-83.075705681,42.384990826
12406,9290189,SOUTHFIELD,TIREMAN,2015-06-09,9,6,2015,16,3,5,3,,1,0,,1,1,1,55,3,2,4,5,0,0,0,0,true,,false,false,false,false,false,,,,,,false,true,false,,,false,false,false,false,false,-83.21626,42.35089,"{
  ""coordinates"": [
    -8.321625673699999e+01,
    4.235089111700010e+01
  ],
  ""type"": ""Point""
}","{
  ""coordinates"": [
    -83.216256737,
    42.350891117
  ],
  ""type"": ""Point""
}",-83.216256737,42.3508911170001
12407,9361037,EIGHT MILE,SCHAEFER,2015-06-09,9,6,2015,7,3,8,3,,1,0,,1,1,1,40,4,2,2,5,0,0,0,0,true,,false,false,false,false,false,,,,,,false,false,true,,,false,false,false,false,false,-83.17846,42.44524,"{
  ""coordinates"": [
    -8.317845617800000e+01,
    4.244524402400000e+01
  ],
  ""type"": ""Point""
}","{
  ""coordinates"": [
    -83.178456178,
    42.445244024
  ],
  ""type"": ""Point""
}",-83.178456178,42.445244024
12408,9289824,HUBBELL,LYNDON,2015-06-09,9,6,2015,16,3,9,9,,4,2,,1,2,1,25,2,2,3,4,0,0,0,1,false,,false,false,false,false,false,,,,,,false,true,false,,,false,false,false,false,false,-83.1886,42.39413,"{
  ""coordinates"": [
    -8.318859564600000e+01,
    4.239413063000010e+01
  ],
  ""type"": ""Point""
}","{
  ""coordinates"": [
    -83.188595646,
    42.39413063
  ],
  ""type"": ""Point""
}",-83.188595646,42.3941306300001
12409,9308439,GRATIOT,ROSEMARY,2015-06-09,9,6,2015,8,3,5,3,,1,0,,1,1,1,35,7,3,3,5,0,0,0,0,true,,false,false,false,false,false,,,,,,false,false,false,,,false,false,false,false,false,-82.99554,42.40788,"{
  ""coordinates"": [
    -8.299554505899989e+01,
    4.240787450500010e+01
  ],
  ""type"": ""Point""
}","{
  ""coordinates"": [
    -82.995545059,
    42.407874505
  ],
  ""type"": ""Point""
}",-82.9955450589999,42.4078745050001
12410,9289365,FAIRFIELD,MARGARETA,2015-06-09,9,6,2015,11,3,4,9,,,0,,1,1,1,25,2,2,2,5,0,0,0,0,true,,true,false,false,false,false,,,,,,false,true,true,,,false,false,false,false,false,-83.1358,42.42808,"{
  ""coordinates"": [
    -8.313580139500000e+01,
    4.242807940700000e+01
  ],
  ""type"": ""Point""
}","{
  ""coordinates"": [
    -83.135801395,
    42.428079407
  ],
  ""type"": ""Point""
}",-83.135801395,42.428079407
12411,9290254,OUTER,VASSAR,2015-06-09,9,6,2015,15,3,5,9,,2,0,,1,1,1,40,4,2,3,3,0,0,1,0,false,,false,false,false,false,false,,,,,,false,false,false,,,false,false,true,false,false,-83.17574,42.43464,"{
  ""coordinates"": [
    -8.317574433399990e+01,
    4.243463644100010e+01
  ],
  ""type"": ""Point""
}","{
  ""coordinates"": [
    -83.175744334,
    42.434636441
  ],
  ""type"": ""Point""
}",-83.1757443339999,42.4346364410001
12412,9361042,EVERGREEN,JOY,2015-06-09,9,6,2015,16,3,5,9,,4,0,,1,1,1,35,2,2,2,5,0,0,0,0,true,,false,false,false,false,false,,,,,,false,false,true,,,false,false,false,false,false,-83.23588,42.35619,"{
  ""coordinates"": [
    -8.323588077399999e+01,
    4.235619330200010e+01
  ],
  ""type"": ""Point""
}","{
  ""coordinates"": [
    -83.235880774,
    42.356193302
  ],
  ""type"": ""Point""
}",-83.235880774,42.3561933020001
12413,9304291,MIDLAND,BIRWOOD,2015-06-09,9,6,2015,21,3,4,9,,,0,,1,1,2,25,1,2,1,5,0,0,0,0,true,,false,false,true,false,false,,,,,,false,false,false,,,false,false,false,false,false,-83.16417,42.40598,"{
  ""coordinates"": [
    -8.316416658100000e+01,
    4.240597689100010e+01
  ],
  ""type"": ""Point""
}","{
  ""coordinates"": [
    -83.164166581,
    42.405976891
  ],
  ""type"": ""Point""
}",-83.164166581,42.4059768910001
12414,9290151,I94,LIVERNOIS,2015-06-09,9,6,2015,17,3,5,1,,1,0,,1,1,1,55,3,2,2,4,0,0,0,1,false,,false,false,false,false,false,,,,,,false,false,false,,,false,false,false,false,false,-83.13519,42.33324,"{
  ""coordinates"": [
    -8.313518273900000e+01,
    4.233323742300010e+01
  ],
  ""type"": ""Point""
}","{
  ""coordinates"": [
    -83.135182739,
    42.333237423
  ],
  ""type"": ""Point""
}",-83.135182739,42.3332374230001
12415,9290149,M-39,PLYMOUTH,2015-06-09,9,6,2015,14,3,5,3,,1,0,,1,1,1,55,3,2,2,5,0,0,0,0,true,,false,false,false,false,false,,,,,,false,false,true,,,false,false,false,false,false,-83.2167,42.37515,"{
  ""coordinates"": [
    -8.321669806800000e+01,
    4.237515025300010e+01
  ],
  ""type"": ""Point""
}","{
  ""coordinates"": [
    -83.216698068,
    42.375150253
  ],
  ""type"": ""Point""
}",-83.216698068,42.3751502530001
12416,9313352,M-10,WYOMING,2015-06-09,9,6,2015,9,3,8,3,,1,0,,1,1,1,55,3,2,2,5,0,0,0,0,true,,false,false,true,false,false,,,,,,false,false,true,,,false,false,false,false,false,-83.16033,42.40553,"{
  ""coordinates"": [
    -8.316033397099990e+01,
    4.240552806200000e+01
  ],
  ""type"": ""Point""
}","{
  ""coordinates"": [
    -83.160333971,
    42.405528062
  ],
  ""type"": ""Point""
}",-83.1603339709999,42.405528062
12417,9289828,SCHAEFER,FENKELL,2015-06-09,9,6,2015,13,3,5,9,,4,0,,1,2,1,30,5,2,2,5,0,0,0,0,true,,false,false,false,false,false,,,,,,false,false,false,,,false,false,false,false,false,-83.17913,42.40228,"{
  ""coordinates"": [
    -8.317912981099990e+01,
    4.240228022300000e+01
  ],
  ""type"": ""Point""
}","{
  ""coordinates"": [
    -83.179129811,
    42.402280223
  ],
  ""type"": ""Point""
}",-83.1791298109999,42.402280223
12418,9295364,PARK,I 75 SERVICE,2015-06-09,9,6,2015,11,3,4,9,,4,0,,1,1,1,30,1,2,1,5,0,0,0,0,true,,false,false,false,false,false,,,,,,false,false,false,,,false,false,false,false,false,-83.07336,42.33374,"{
  ""coordinates"": [
    -8.307336414799990e+01,
    4.233374238200000e+01
  ],
  ""type"": ""Point""
}","{
  ""coordinates"": [
    -83.073364148,
    42.333742382
  ],
  ""type"": ""Point""
}",-83.0733641479999,42.333742382
12419,9286271,VAN DYKE,MACK,2015-06-08,8,6,2015,15,2,5,9,,4,0,,1,1,1,25,2,2,2,5,0,0,0,0,true,,false,false,false,false,false,,,,,,false,true,false,,,false,false,false,false,false,-83.00618,42.36709,"{
  ""coordinates"": [
    -8.300618084599991e+01,
    4.236709183500010e+01
  ],
  ""type"": ""Point""
}","{
  ""coordinates"": [
    -83.006180846,
    42.367091835
  ],
  ""type"": ""Point""
}",-83.0061808459999,42.3670918350001
12420,9290147,M-39,7 MILE,2015-06-08,8,6,2015,15,2,5,3,,1,0,,1,1,1,55,3,4,6,4,0,0,0,3,false,,false,false,false,false,false,,,,,,false,false,true,,,false,false,false,false,false,-83.2194,42.43436,"{
  ""coordinates"": [
    -8.321939514800000e+01,
    4.243436419400010e+01
  ],
  ""type"": ""Point""
}","{
  ""coordinates"": [
    -83.219395148,
    42.434364194
  ],
  ""type"": ""Point""
}",-83.219395148,42.4343641940001
12421,9286264,GRAND RIVER,LAHSER,2015-06-08,8,6,2015,15,2,5,3,,1,0,,1,1,1,35,6,2,2,5,0,0,0,0,true,,false,false,false,false,false,,,,,,false,false,false,,,false,false,false,false,false,-83.25779,42.41655,"{
  ""coordinates"": [
    -8.325778964999991e+01,
    4.241654946400010e+01
  ],
  ""type"": ""Point""
}","{
  ""coordinates"": [
    -83.25778965,
    42.416549464
  ],
  ""type"": ""Point""
}",-83.2577896499999,42.4165494640001
12422,9292388,OUTER,LINNHURST,2015-06-08,8,6,2015,2,2,8,9,,2,0,,2,2,5,30,2,2,1,5,0,0,0,0,true,,false,false,true,false,false,,,,,,false,false,false,,,false,false,false,false,false,-83.0142,42.43111,"{
  ""coordinates"": [
    -8.301419553700001e+01,
    4.243111599100010e+01
  ],
  ""type"": ""Point""
}","{
  ""coordinates"": [
    -83.014195537,
    42.431115991
  ],
  ""type"": ""Point""
}",-83.014195537,42.4311159910001
12423,9361125,SHELBY,MICHIGAN,2015-06-08,8,6,2015,12,2,1,9,,4,0,,1,2,1,30,6,2,2,4,0,0,0,1,false,,false,false,false,false,false,,,,,,false,false,false,,,false,false,false,true,false,-83.04995,42.33165,"{
  ""coordinates"": [
    -8.304994610400000e+01,
    4.233165203500000e+01
  ],
  ""type"": ""Point""
}","{
  ""coordinates"": [
    -83.049946104,
    42.331652035
  ],
  ""type"": ""Point""
}",-83.049946104,42.331652035
12424,9285174,SOUTHFIELD,CHICAGO,2015-06-08,8,6,2015,6,2,5,3,,1,0,,2,1,2,55,3,2,2,5,0,0,0,0,true,,false,false,false,false,false,,,,,,false,false,false,,,false,false,false,false,false,-83.21656,42.36554,"{
  ""coordinates"": [
    -8.321656306499990e+01,
    4.236553436200010e+01
  ],
  ""type"": ""Point""
}","{
  ""coordinates"": [
    -83.216563065,
    42.365534362
  ],
  ""type"": ""Point""
}",-83.2165630649999,42.3655343620001
12425,9290299,STRATHMOOR,PURITAN,2015-06-08,8,6,2015,13,2,4,9,,,0,,1,1,1,35,2,2,2,5,0,0,0,0,true,,false,false,false,false,false,,,,,,false,false,true,,,false,false,false,false,false,-83.18808,42.40906,"{
  ""coordinates"": [
    -8.318808295799990e+01,
    4.240906122400000e+01
  ],
  ""type"": ""Point""
}","{
  ""coordinates"": [
    -83.188082958,
    42.409061224
  ],
  ""type"": ""Point""
}",-83.1880829579999,42.409061224
12426,9308529,MARTIN LUTHER KING JR,CASS,2015-06-08,8,6,2015,7,2,97,9,,4,0,,1,2,1,25,6,4,7,3,0,0,1,2,false,,true,true,false,true,false,,,,,,false,true,true,,,false,false,false,false,false,-83.06062,42.34555,"{
  ""coordinates"": [
    -8.306061364899990e+01,
    4.234555557300010e+01
  ],
  ""type"": ""Point""
}","{
  ""coordinates"": [
    -83.060613649,
    42.345555573
  ],
  ""type"": ""Point""
}",-83.0606136489999,42.3455555730001
12427,9286269,BRUSH,LAFAYETTE,2015-06-08,8,6,2015,8,2,8,9,,4,0,,1,1,1,25,2,2,2,5,0,0,0,0,true,,false,false,false,false,false,,,,,,false,true,false,,,false,false,false,false,false,-83.04314,42.33357,"{
  ""coordinates"": [
    -8.304313385899999e+01,
    4.233356673300010e+01
  ],
  ""type"": ""Point""
}","{
  ""coordinates"": [
    -83.043133859,
    42.333566733
  ],
  ""type"": ""Point""
}",-83.043133859,42.3335667330001
12428,9286154,GREENFIELD,TYLER,2015-06-08,8,6,2015,13,2,8,9,,4,0,,1,2,1,35,5,2,3,5,0,0,0,0,true,,false,false,false,false,false,,,,,,false,false,false,,,false,false,false,false,false,-83.19807,42.38356,"{
  ""coordinates"": [
    -8.319807492800000e+01,
    4.238355692900010e+01
  ],
  ""type"": ""Point""
}","{
  ""coordinates"": [
    -83.198074928,
    42.383556929
  ],
  ""type"": ""Point""
}",-83.198074928,42.3835569290001
12429,9286159,GRISWOLD,CONGRESS,2015-06-08,8,6,2015,15,2,4,9,,4,0,,1,1,1,30,4,2,2,4,0,0,0,1,false,,false,false,false,false,false,,,,,,false,false,true,,,false,false,false,false,false,-83.04659,42.32973,"{
  ""coordinates"": [
    -8.304658675099989e+01,
    4.232972917500010e+01
  ],
  ""type"": ""Point""
}","{
  ""coordinates"": [
    -83.046586751,
    42.329729175
  ],
  ""type"": ""Point""
}",-83.0465867509999,42.3297291750001
12430,9292383,GREYDALE,ORCHARD,2015-06-08,8,6,2015,11,2,8,9,,,0,,1,1,1,25,2,2,1,5,0,0,0,0,true,,false,false,false,false,false,,,,,,false,false,false,,,false,false,false,false,false,-83.25656,42.41768,"{
  ""coordinates"": [
    -8.325656184499999e+01,
    4.241768107000010e+01
  ],
  ""type"": ""Point""
}","{
  ""coordinates"": [
    -83.256561845,
    42.41768107
  ],
  ""type"": ""Point""
}",-83.256561845,42.4176810700001
12431,9361079,WARREN,MANSFIELD,2015-06-08,8,6,2015,17,2,5,9,,2,0,,1,1,1,35,2,2,3,4,0,0,0,1,false,,false,false,false,false,false,,,,,,false,false,false,,,false,false,false,false,false,-83.20239,42.34359,"{
  ""coordinates"": [
    -8.320239360300000e+01,
    4.234358446000000e+01
  ],
  ""type"": ""Point""
}","{
  ""coordinates"": [
    -83.202393603,
    42.34358446
  ],
  ""type"": ""Point""
}",-83.202393603,42.34358446
12432,9286160,GRAND,HUBBARD,2015-06-08,8,6,2015,12,2,1,9,,4,1,,1,2,1,30,2,1,1,5,0,0,0,0,true,,false,false,false,false,false,,,,,,false,true,false,,,false,false,false,false,false,-83.09992,42.33368,"{
  ""coordinates"": [
    -8.309992037400001e+01,
    4.233367955400010e+01
  ],
  ""type"": ""Point""
}","{
  ""coordinates"": [
    -83.099920374,
    42.333679554
  ],
  ""type"": ""Point""
}",-83.099920374,42.3336795540001
12433,9292384,GREENFIELD,DAVISON,2015-06-08,8,6,2015,16,2,5,9,,2,0,,1,1,1,30,4,2,2,5,0,0,0,0,true,,false,false,false,false,false,,,,,,false,false,false,,,false,false,false,false,false,-83.19804,42.38483,"{
  ""coordinates"": [
    -8.319804337600000e+01,
    4.238483273900000e+01
  ],
  ""type"": ""Point""
}","{
  ""coordinates"": [
    -83.198043376,
    42.384832739
  ],
  ""type"": ""Point""
}",-83.198043376,42.384832739
12434,9304297,DAVISON,DAVISON,2015-06-08,8,6,2015,11,2,1,3,,1,1,,2,4,1,55,3,1,1,5,0,0,0,0,true,,false,false,false,false,false,,,,,,false,false,false,,,false,false,false,false,false,-83.14614,42.38639,"{
  ""coordinates"": [
    -8.314613872699989e+01,
    4.238638778000010e+01
  ],
  ""type"": ""Point""
}","{
  ""coordinates"": [
    -83.146138727,
    42.38638778
  ],
  ""type"": ""Point""
}",-83.1461387269999,42.3863877800001
12435,9361084,MOUND,MCNICHOLS,2015-06-08,8,6,2015,17,2,1,9,,2,1,,1,1,1,35,2,1,2,2,0,2,0,0,false,,false,false,false,false,false,,,,,,false,false,false,,,false,false,false,false,false,-83.04301,42.41831,"{
  ""coordinates"": [
    -8.304300646300000e+01,
    4.241830862700000e+01
  ],
  ""type"": ""Point""
}","{
  ""coordinates"": [
    -83.043006463,
    42.418308627
  ],
  ""type"": ""Point""
}",-83.043006463,42.418308627
12436,9308614,GRAND,POE,2015-06-08,8,6,2015,23,2,1,9,,4,0,,2,1,4,35,3,2,1,4,0,0,0,1,false,,false,false,false,false,false,,,,,,true,false,false,,,false,false,false,false,false,-83.08675,42.36533,"{
  ""coordinates"": [
    -8.308675042800000e+01,
    4.236532941200010e+01
  ],
  ""type"": ""Point""
}","{
  ""coordinates"": [
    -83.086750428,
    42.365329412
  ],
  ""type"": ""Point""
}",-83.086750428,42.3653294120001