ObjectId,Crash ID,Primary Road,Intersecting Road,Crash Date,Day,Month,Year,Hour,Weekday,Crash Type Code,Highway Classification Code,Community Code,Jurisdiction Code,Lane Departure Type Code,Surface Type,Road Condition,Weather Condition,Lighting Condition,Speed Limit,Lanes,Units,Occupants,Most Severe Injury,Fatal Injuries,Suspected Serious Injuries,Suspected Minor Injuries,Possible Injuries,Property Damage Only,Secondary Crash,Traffic Control,Red Light Run,Hit and Run,Alcohol,Drugs,Unbelted Person,Work Zone,Speeding Driver,Distracted Driver,Driveway,Pedestrian,Elderly Driver,Young Driver,Commercial Vehicle,Emergency Vehicles,Train,School Bus,Motorcycle,Bicycle,Deer,Longitude,Latitude,geom,geog,x,y
12437,9290192,RAMP 010C,S M 39,2015-06-08,8,6,2015,10,2,97,3,,1,0,,2,2,1,55,3,2,2,4,0,0,0,1,false,,false,false,true,false,false,,,,,,false,true,false,,,false,false,false,false,false,-83.21895,42.41731,"{
  ""coordinates"": [
    -8.321895071900001e+01,
    4.241730852800000e+01
  ],
  ""type"": ""Point""
}","{
  ""coordinates"": [
    -83.218950719,
    42.417308528
  ],
  ""type"": ""Point""
}",-83.218950719,42.417308528
12438,9290191,M-10,SCHAEFER,2015-06-08,8,6,2015,9,2,5,3,,1,0,,2,4,1,55,3,2,4,4,0,0,0,2,false,,false,false,false,false,false,,,,,,false,false,true,,,false,false,false,false,false,-83.17996,42.42484,"{
  ""coordinates"": [
    -8.317995842099999e+01,
    4.242483692800000e+01
  ],
  ""type"": ""Point""
}","{
  ""coordinates"": [
    -83.179958421,
    42.424836928
  ],
  ""type"": ""Point""
}",-83.179958421,42.424836928
12439,9286267,WARREN,ARCHDALE,2015-06-08,8,6,2015,17,2,5,9,,2,0,,1,1,1,35,4,2,1,5,0,0,0,0,true,,false,false,true,false,false,,,,,,false,false,false,,,false,false,false,false,false,-83.21468,42.34339,"{
  ""coordinates"": [
    -8.321468496200001e+01,
    4.234339116300000e+01
  ],
  ""type"": ""Point""
}","{
  ""coordinates"": [
    -83.214684962,
    42.343391163
  ],
  ""type"": ""Point""
}",-83.214684962,42.343391163
12440,9295320,LOTHROP,2ND,2015-06-08,8,6,2015,11,2,97,9,,4,0,,1,2,1,30,2,2,3,5,0,0,0,0,true,,false,false,false,false,false,,,,,,false,false,false,,,false,false,false,false,false,-83.0772,42.37041,"{
  ""coordinates"": [
    -8.307720523499999e+01,
    4.237041223400010e+01
  ],
  ""type"": ""Point""
}","{
  ""coordinates"": [
    -83.077205235,
    42.370412234
  ],
  ""type"": ""Point""
}",-83.077205235,42.3704122340001
12441,9292416,MCNICHOLS,FRENCH,2015-06-08,8,6,2015,4,2,1,9,,1,1,,1,1,5,35,2,1,0,5,0,0,0,0,true,,false,false,true,false,false,,,,,,false,false,false,,,false,false,false,false,false,-83.01945,42.41956,"{
  ""coordinates"": [
    -8.301944435800000e+01,
    4.241955726600000e+01
  ],
  ""type"": ""Point""
}","{
  ""coordinates"": [
    -83.019444358,
    42.419557266
  ],
  ""type"": ""Point""
}",-83.019444358,42.419557266
12442,9286260,WARREN,ST JEAN,2015-06-08,8,6,2015,8,2,1,9,,4,0,,1,2,1,30,8,1,1,5,0,0,0,0,true,,false,false,false,false,false,,,,,,false,false,false,,,false,false,false,false,false,-82.98391,42.38724,"{
  ""coordinates"": [
    -8.298391142600001e+01,
    4.238723939200000e+01
  ],
  ""type"": ""Point""
}","{
  ""coordinates"": [
    -82.983911426,
    42.387239392
  ],
  ""type"": ""Point""
}",-82.983911426,42.387239392
12443,9286268,BRUSH,MADISON,2015-06-08,8,6,2015,10,2,8,9,,4,0,,1,1,1,25,2,2,1,5,0,0,0,0,true,,false,false,false,false,false,,,,,,false,false,true,,,false,false,false,false,false,-83.04573,42.33743,"{
  ""coordinates"": [
    -8.304573105900000e+01,
    4.233742526000000e+01
  ],
  ""type"": ""Point""
}","{
  ""coordinates"": [
    -83.045731059,
    42.33742526
  ],
  ""type"": ""Point""
}",-83.045731059,42.33742526
12444,9286138,MARTIN LUTHER KING JR,S M 10 SERVICE DRIVE,2015-06-08,8,6,2015,9,2,4,9,,4,0,,1,1,1,0,3,2,2,5,0,0,0,0,true,,false,false,true,false,false,,,,,,false,false,false,,,false,false,false,false,false,-83.06833,42.34312,"{
  ""coordinates"": [
    -8.306832936099990e+01,
    4.234311972500010e+01
  ],
  ""type"": ""Point""
}","{
  ""coordinates"": [
    -83.068329361,
    42.343119725
  ],
  ""type"": ""Point""
}",-83.0683293609999,42.3431197250001
12445,9286153,WASHBURN,FULLERTON,2015-06-08,8,6,2015,12,2,8,9,,,0,,1,2,1,25,1,2,2,5,0,0,0,0,true,,false,false,false,false,false,,,,,,false,false,true,,,false,false,false,false,false,-83.15992,42.38099,"{
  ""coordinates"": [
    -8.315991709900000e+01,
    4.238098660200010e+01
  ],
  ""type"": ""Point""
}","{
  ""coordinates"": [
    -83.159917099,
    42.380986602
  ],
  ""type"": ""Point""
}",-83.159917099,42.3809866020001
12446,9368735,CURTIS,ROSELAWN,2015-06-08,8,6,2015,15,2,4,9,,4,0,,1,1,1,25,2,2,2,4,0,0,0,1,false,,false,false,true,false,false,,,,,,false,false,false,,,false,false,false,false,false,-83.15278,42.42427,"{
  ""coordinates"": [
    -8.315277836300000e+01,
    4.242426718200010e+01
  ],
  ""type"": ""Point""
}","{
  ""coordinates"": [
    -83.152778363,
    42.424267182
  ],
  ""type"": ""Point""
}",-83.152778363,42.4242671820001
12447,9286257,WARREN,LIVERNOIS,2015-06-08,8,6,2015,21,2,2,9,,4,2,,1,1,5,35,5,2,4,4,0,0,0,2,false,,false,false,false,false,false,,,,,,false,false,true,,,false,false,false,false,false,-83.13222,42.34475,"{
  ""coordinates"": [
    -8.313221948099989e+01,
    4.234474618400000e+01
  ],
  ""type"": ""Point""
}","{
  ""coordinates"": [
    -83.132219481,
    42.344746184
  ],
  ""type"": ""Point""
}",-83.1322194809999,42.344746184
12448,9292409,8 MILE,SPENCER,2015-06-08,8,6,2015,16,2,8,3,,1,0,,1,1,1,30,8,2,2,5,0,0,0,0,true,,false,false,false,false,false,,,,,,false,false,false,,,false,false,false,false,false,-83.02832,42.44807,"{
  ""coordinates"": [
    -8.302831890999990e+01,
    4.244807577000010e+01
  ],
  ""type"": ""Point""
}","{
  ""coordinates"": [
    -83.02831891,
    42.44807577
  ],
  ""type"": ""Point""
}",-83.0283189099999,42.4480757700001
12449,9415933,GRATIOT,SAINT ANTOINE,2015-06-08,8,6,2015,12,2,8,3,,1,0,,1,2,1,25,3,2,2,5,0,0,0,0,true,,false,false,true,false,false,,,,,,false,false,false,,,false,false,false,false,false,-83.04273,42.33835,"{
  ""coordinates"": [
    -8.304272995100000e+01,
    4.233834759000010e+01
  ],
  ""type"": ""Point""
}","{
  ""coordinates"": [
    -83.042729951,
    42.33834759
  ],
  ""type"": ""Point""
}",-83.042729951,42.3383475900001
12450,9290163,N M 10,RAMP 215C,2015-06-08,8,6,2015,17,2,5,3,,1,0,,1,1,1,55,4,2,2,5,0,0,0,0,true,,false,false,false,false,false,,,,,,false,true,false,,,false,false,false,false,false,-83.07456,42.35605,"{
  ""coordinates"": [
    -8.307456064400000e+01,
    4.235604733600010e+01
  ],
  ""type"": ""Point""
}","{
  ""coordinates"": [
    -83.074560644,
    42.356047336
  ],
  ""type"": ""Point""
}",-83.074560644,42.3560473360001
12451,9286155,STANSBURY,FLORENCE,2015-06-08,8,6,2015,15,2,4,9,,,0,,1,2,1,25,1,2,3,4,0,0,0,1,false,,false,false,false,false,false,,,,,,false,false,true,,,false,false,false,false,false,-83.18273,42.41168,"{
  ""coordinates"": [
    -8.318273414100000e+01,
    4.241168398600010e+01
  ],
  ""type"": ""Point""
}","{
  ""coordinates"": [
    -83.182734141,
    42.411683986
  ],
  ""type"": ""Point""
}",-83.182734141,42.4116839860001
12452,9290193,S I 75,MICHIGAN,2015-06-08,8,6,2015,14,2,97,1,,1,0,,1,1,1,55,3,3,6,4,0,0,0,3,false,,false,false,false,false,false,,,,,,false,false,true,,,false,false,false,false,false,-83.08585,42.33138,"{
  ""coordinates"": [
    -8.308584991299990e+01,
    4.233138164800000e+01
  ],
  ""type"": ""Point""
}","{
  ""coordinates"": [
    -83.085849913,
    42.331381648
  ],
  ""type"": ""Point""
}",-83.0858499129999,42.331381648
12453,9286256,FORT,15TH,2015-06-08,8,6,2015,8,2,2,3,,1,0,,1,2,1,35,5,2,2,4,0,0,0,1,false,,false,false,false,false,false,,,,,,false,false,false,,,false,false,false,false,false,-83.07213,42.32008,"{
  ""coordinates"": [
    -8.307212552199999e+01,
    4.232008267100010e+01
  ],
  ""type"": ""Point""
}","{
  ""coordinates"": [
    -83.072125522,
    42.320082671
  ],
  ""type"": ""Point""
}",-83.072125522,42.3200826710001
12454,9361075,WARREN,RUSSELL,2015-06-08,8,6,2015,15,2,4,9,,4,0,,1,1,1,30,5,2,2,3,0,0,1,0,false,,false,false,false,false,false,,,,,,false,false,false,,,false,false,false,false,false,-83.051,42.36225,"{
  ""coordinates"": [
    -8.305100486899990e+01,
    4.236224711200000e+01
  ],
  ""type"": ""Point""
}","{
  ""coordinates"": [
    -83.051004869,
    42.362247112
  ],
  ""type"": ""Point""
}",-83.0510048689999,42.362247112
12455,9285153,I96 FWY,OUTER,2015-06-08,8,6,2015,6,2,5,1,,1,0,,1,1,2,70,3,2,2,4,0,0,0,1,false,,false,false,false,false,false,,,,,,false,false,true,,,false,false,false,false,false,-83.25228,42.38537,"{
  ""coordinates"": [
    -8.325227822600000e+01,
    4.238537269500010e+01
  ],
  ""type"": ""Point""
}","{
  ""coordinates"": [
    -83.252278226,
    42.385372695
  ],
  ""type"": ""Point""
}",-83.252278226,42.3853726950001
12456,9304115,I-94,I-75,2015-06-08,8,6,2015,8,2,5,1,,1,0,,1,2,1,55,3,2,2,5,0,0,0,0,true,,false,false,false,false,false,,,,,,false,false,false,,,false,false,false,false,false,-83.0587,42.36803,"{
  ""coordinates"": [
    -8.305870362199990e+01,
    4.236803293100010e+01
  ],
  ""type"": ""Point""
}","{
  ""coordinates"": [
    -83.058703622,
    42.368032931
  ],
  ""type"": ""Point""
}",-83.0587036219999,42.3680329310001
12457,9286169,JOHN R,FERRY,2015-06-08,8,6,2015,0,2,5,9,,4,0,,2,1,4,25,4,2,1,4,0,0,0,1,false,,false,false,false,false,false,,,,,,false,false,false,,,false,false,false,false,false,-83.0649,42.36183,"{
  ""coordinates"": [
    -8.306490521599990e+01,
    4.236182665300000e+01
  ],
  ""type"": ""Point""
}","{
  ""coordinates"": [
    -83.064905216,
    42.361826653
  ],
  ""type"": ""Point""
}",-83.0649052159999,42.361826653
12458,9286265,WESTWOOD,PLYMOUTH,2015-06-08,8,6,2015,15,2,97,9,,,0,,1,1,1,25,2,2,1,5,0,0,0,0,true,,false,false,true,false,false,,,,,,false,false,false,,,false,false,false,false,false,-83.23132,42.36923,"{
  ""coordinates"": [
    -8.323131949600000e+01,
    4.236922814700010e+01
  ],
  ""type"": ""Point""
}","{
  ""coordinates"": [
    -83.231319496,
    42.369228147
  ],
  ""type"": ""Point""
}",-83.231319496,42.3692281470001
12459,9290160,DAVISON 9139C0,I96,2015-06-08,8,6,2015,11,2,97,3,,1,0,,2,2,1,55,3,2,2,3,0,0,1,0,false,,false,false,true,false,false,,,,,,false,false,false,,,false,false,false,false,false,-83.13696,42.38742,"{
  ""coordinates"": [
    -8.313696212500000e+01,
    4.238741806300000e+01
  ],
  ""type"": ""Point""
}","{
  ""coordinates"": [
    -83.136962125,
    42.387418063
  ],
  ""type"": ""Point""
}",-83.136962125,42.387418063
12460,9292408,SHERWOOD,MILBANK,2015-06-08,8,6,2015,12,2,97,9,,4,0,,1,2,1,30,2,3,4,4,0,0,0,2,false,,false,false,false,false,false,,,,,,false,false,false,,,false,false,false,false,false,-83.03434,42.4426,"{
  ""coordinates"": [
    -8.303433696000000e+01,
    4.244260582700010e+01
  ],
  ""type"": ""Point""
}","{
  ""coordinates"": [
    -83.03433696,
    42.442605827
  ],
  ""type"": ""Point""
}",-83.03433696,42.4426058270001
12461,9290164,S I 75,RAMP 037C,2015-06-08,8,6,2015,15,2,5,1,,1,0,,1,1,1,55,3,2,2,4,0,0,0,1,false,,true,false,false,false,false,,,,,,false,false,false,,,false,false,false,false,false,-83.08347,42.33275,"{
  ""coordinates"": [
    -8.308347280299991e+01,
    4.233275193600010e+01
  ],
  ""type"": ""Point""
}","{
  ""coordinates"": [
    -83.083472803,
    42.332751936
  ],
  ""type"": ""Point""
}",-83.0834728029999,42.3327519360001
12462,9293112,MCNICHOLS,GREENVIEW,2015-06-08,8,6,2015,11,2,4,9,,2,0,,1,2,1,35,4,2,3,5,0,0,0,0,true,,false,false,false,false,false,,,,,,false,true,false,,,false,false,false,false,false,-83.22424,42.41544,"{
  ""coordinates"": [
    -8.322423816400000e+01,
    4.241544448600010e+01
  ],
  ""type"": ""Point""
}","{
  ""coordinates"": [
    -83.224238164,
    42.415444486
  ],
  ""type"": ""Point""
}",-83.224238164,42.4154444860001
12463,9361128,GRATIOT,MCDOUGALL,2015-06-08,8,6,2015,20,2,8,3,,1,0,,1,1,1,30,3,2,3,4,0,0,0,1,false,,false,false,false,false,false,,,,,,false,false,true,,,false,false,false,false,false,-83.02896,42.35719,"{
  ""coordinates"": [
    -8.302896045300000e+01,
    4.235719250900010e+01
  ],
  ""type"": ""Point""
}","{
  ""coordinates"": [
    -83.028960453,
    42.357192509
  ],
  ""type"": ""Point""
}",-83.028960453,42.3571925090001
12464,9286262,CHICAGO,E I 96,2015-06-08,8,6,2015,16,2,97,9,,4,0,,1,1,1,35,2,2,2,5,0,0,0,0,true,,false,false,false,false,false,,,,,,false,false,false,,,false,false,false,false,false,-83.13995,42.36744,"{
  ""coordinates"": [
    -8.313995352500000e+01,
    4.236743661800010e+01
  ],
  ""type"": ""Point""
}","{
  ""coordinates"": [
    -83.139953525,
    42.367436618
  ],
  ""type"": ""Point""
}",-83.139953525,42.3674366180001
12465,9291221,I-75,SEVEN MILE,2015-06-08,8,6,2015,17,2,5,1,,1,0,,1,2,1,70,4,2,2,5,0,0,0,0,true,,false,false,false,false,false,,,,,,false,true,true,,,false,false,false,false,false,-83.09476,42.43522,"{
  ""coordinates"": [
    -8.309476274199990e+01,
    4.243522434600000e+01
  ],
  ""type"": ""Point""
}","{
  ""coordinates"": [
    -83.094762742,
    42.435224346
  ],
  ""type"": ""Point""
}",-83.0947627419999,42.435224346
12466,9294025,STOEPEL,EATON,2015-06-08,8,6,2015,6,2,2,9,,,2,,1,1,1,15,3,2,0,5,0,0,0,0,true,,false,false,true,false,false,,,,,,false,false,false,,,false,false,false,false,false,-83.14112,42.39783,"{
  ""coordinates"": [
    -8.314112005299999e+01,
    4.239783197600010e+01
  ],
  ""type"": ""Point""
}","{
  ""coordinates"": [
    -83.141120053,
    42.397831976
  ],
  ""type"": ""Point""
}",-83.141120053,42.3978319760001
12467,9286266,MCNICHOLS,SOUTHFIELD SERVICE DRIVE,2015-06-08,8,6,2015,18,2,5,9,,2,0,,1,1,1,35,6,2,2,5,0,0,0,0,true,,false,false,true,false,false,,,,,,false,false,false,,,false,false,false,false,false,-83.21819,42.41557,"{
  ""coordinates"": [
    -8.321818999000000e+01,
    4.241556542000010e+01
  ],
  ""type"": ""Point""
}","{
  ""coordinates"": [
    -83.21818999,
    42.41556542
  ],
  ""type"": ""Point""
}",-83.21818999,42.4155654200001
12468,9315347,RAMP 215I,E I 94,2015-06-08,8,6,2015,22,2,6,1,,1,0,,2,4,5,55,3,2,1,4,0,0,0,1,false,,false,false,true,false,false,,,,,,false,false,false,,,false,false,false,false,false,-83.06886,42.36337,"{
  ""coordinates"": [
    -8.306885771000000e+01,
    4.236336535900010e+01
  ],
  ""type"": ""Point""
}","{
  ""coordinates"": [
    -83.06885771,
    42.363365359
  ],
  ""type"": ""Point""
}",-83.06885771,42.3633653590001
12469,9361030,WHITLOCK,FAUST,2015-06-08,8,6,2015,10,2,4,9,,,0,,2,2,1,25,1,2,3,5,0,0,0,0,true,,false,false,false,false,false,,,,,,false,true,false,,,false,false,false,false,false,-83.22066,42.33969,"{
  ""coordinates"": [
    -8.322065499099990e+01,
    4.233969612000000e+01
  ],
  ""type"": ""Point""
}","{
  ""coordinates"": [
    -83.220654991,
    42.33969612
  ],
  ""type"": ""Point""
}",-83.2206549909999,42.33969612
12470,9292326,WEXFORD,WINCHESTER,2015-06-08,8,6,2015,0,2,8,9,,,0,,2,1,4,25,2,2,0,5,0,0,0,0,true,,false,false,true,false,false,,,,,,false,false,false,,,false,false,false,false,false,-83.06583,42.44513,"{
  ""coordinates"": [
    -8.306583280900000e+01,
    4.244512965900000e+01
  ],
  ""type"": ""Point""
}","{
  ""coordinates"": [
    -83.065832809,
    42.445129659
  ],
  ""type"": ""Point""
}",-83.065832809,42.445129659
12471,9290251,EMERSON,FREUD,2015-06-08,8,6,2015,15,2,4,9,,,0,,1,1,1,25,2,2,2,5,0,0,0,0,true,,false,false,false,false,false,,,,,,false,false,false,,,false,false,false,false,false,-82.9517,42.3674,"{
  ""coordinates"": [
    -8.295169998199999e+01,
    4.236740557700010e+01
  ],
  ""type"": ""Point""
}","{
  ""coordinates"": [
    -82.951699982,
    42.367405577
  ],
  ""type"": ""Point""
}",-82.951699982,42.3674055770001
12472,9285149,W/B I-94,VAN DYKE,2015-06-08,8,6,2015,8,2,5,1,,1,0,,1,2,1,55,3,2,2,5,0,0,0,0,true,,false,false,false,false,false,,,,,,false,true,false,,,false,false,false,false,false,-83.02483,42.38521,"{
  ""coordinates"": [
    -8.302482469300000e+01,
    4.238521057500000e+01
  ],
  ""type"": ""Point""
}","{
  ""coordinates"": [
    -83.024824693,
    42.385210575
  ],
  ""type"": ""Point""
}",-83.024824693,42.385210575
12473,9341874,GRAND RIVER,OUTER,2015-06-08,8,6,2015,17,2,8,3,,1,0,,1,1,1,35,2,2,2,5,0,0,0,0,true,,false,false,true,false,false,,,,,,false,false,false,,,false,false,false,false,false,-83.25767,42.4165,"{
  ""coordinates"": [
    -8.325766931699999e+01,
    4.241650117100000e+01
  ],
  ""type"": ""Point""
}","{
  ""coordinates"": [
    -83.257669317,
    42.416501171
  ],
  ""type"": ""Point""
}",-83.257669317,42.416501171
12474,9292375,GRATIOT,BROADWAY,2015-06-08,8,6,2015,12,2,9,9,,4,0,,1,1,1,35,4,3,2,5,0,0,0,0,true,,false,false,true,false,false,,,,,,false,true,false,,,false,false,false,false,false,-83.04562,42.33469,"{
  ""coordinates"": [
    -8.304562721799989e+01,
    4.233468904400010e+01
  ],
  ""type"": ""Point""
}","{
  ""coordinates"": [
    -83.045627218,
    42.334689044
  ],
  ""type"": ""Point""
}",-83.0456272179999,42.3346890440001
12475,9290172,W I 96,CSX TRANSPORTATION,2015-06-08,8,6,2015,2,2,1,1,,1,1,,1,2,4,55,2,1,2,4,0,0,0,1,false,,false,false,false,false,false,,,,,,false,false,false,,,false,false,false,false,false,-83.23351,42.37869,"{
  ""coordinates"": [
    -8.323350715200000e+01,
    4.237868929400000e+01
  ],
  ""type"": ""Point""
}","{
  ""coordinates"": [
    -83.233507152,
    42.378689294
  ],
  ""type"": ""Point""
}",-83.233507152,42.378689294
12476,9293966,GUNSTON,FLANDERS,2015-06-08,8,6,2015,6,2,8,3,,1,0,,1,1,1,35,2,2,4,5,0,0,0,0,true,,false,false,true,false,false,,,,,,false,false,false,,,false,false,false,false,false,-82.99716,42.41091,"{
  ""coordinates"": [
    -8.299716300499990e+01,
    4.241090857600010e+01
  ],
  ""type"": ""Point""
}","{
  ""coordinates"": [
    -82.997163005,
    42.410908576
  ],
  ""type"": ""Point""
}",-82.9971630049999,42.4109085760001
12477,9288367,WARREN,CONNER,2015-06-08,8,6,2015,15,2,4,9,,4,0,,1,1,1,30,5,2,4,5,0,0,0,0,true,,true,true,false,false,false,,,,,,false,false,false,,,false,false,false,false,false,-82.97602,42.38929,"{
  ""coordinates"": [
    -8.297601999100000e+01,
    4.238928609500000e+01
  ],
  ""type"": ""Point""
}","{
  ""coordinates"": [
    -82.976019991,
    42.389286095
  ],
  ""type"": ""Point""
}",-82.976019991,42.389286095
12478,9374327,7 MILE,HUNTINGTON,2015-06-07,7,6,2015,17,1,4,9,,2,0,,1,2,1,35,5,2,4,1,2,0,2,0,false,,false,false,false,false,false,,,,,,false,false,false,,,false,false,true,false,false,-83.23335,42.42972,"{
  ""coordinates"": [
    -8.323335243100000e+01,
    4.242972044500000e+01
  ],
  ""type"": ""Point""
}","{
  ""coordinates"": [
    -83.233352431,
    42.429720445
  ],
  ""type"": ""Point""
}",-83.233352431,42.429720445
12479,9288687,E I 96 CD,CSX TRANSPORTATION,2015-06-07,7,6,2015,17,1,1,1,,1,1,,1,2,1,70,3,1,1,5,0,0,0,0,true,,false,false,false,false,false,,,,,,false,false,false,,,false,false,true,false,false,-83.23255,42.37806,"{
  ""coordinates"": [
    -8.323255520500000e+01,
    4.237805386300000e+01
  ],
  ""type"": ""Point""
}","{
  ""coordinates"": [
    -83.232555205,
    42.378053863
  ],
  ""type"": ""Point""
}",-83.232555205,42.378053863
12480,9296134,I-75,SCHAEFER,2015-06-07,7,6,2015,19,1,8,1,,1,0,,2,4,1,70,4,2,2,2,0,1,0,0,false,,false,false,false,false,false,,,,,,false,false,false,,,false,false,false,false,false,-83.15469,42.27789,"{
  ""coordinates"": [
    -8.315468418200000e+01,
    4.227788357500000e+01
  ],
  ""type"": ""Point""
}","{
  ""coordinates"": [
    -83.154684182,
    42.277883575
  ],
  ""type"": ""Point""
}",-83.154684182,42.277883575
12481,9285313,GRANDVILLE,7 MILE,2015-06-07,7,6,2015,19,1,5,9,,,0,,2,4,1,20,3,2,2,5,0,0,0,0,true,,false,false,false,false,false,,,,,,false,false,true,,,false,false,false,false,false,-83.23214,42.42977,"{
  ""coordinates"": [
    -8.323213947300000e+01,
    4.242976941600010e+01
  ],
  ""type"": ""Point""
}","{
  ""coordinates"": [
    -83.232139473,
    42.429769416
  ],
  ""type"": ""Point""
}",-83.232139473,42.4297694160001
12482,9361078,EVERGREEN,VASSAR,2015-06-07,7,6,2015,12,1,4,9,,4,0,,1,1,1,30,4,2,3,1,1,0,0,1,false,,false,false,false,false,false,,,,,,false,false,true,,,false,false,true,false,false,-83.23898,42.43317,"{
  ""coordinates"": [
    -8.323898534800000e+01,
    4.243317008400000e+01
  ],
  ""type"": ""Point""
}","{
  ""coordinates"": [
    -83.238985348,
    42.433170084
  ],
  ""type"": ""Point""
}",-83.238985348,42.433170084
12483,9293095,8 MILE,MANSFIELD,2015-06-07,7,6,2015,10,1,1,3,,1,0,,1,1,1,45,3,1,3,4,0,0,0,2,false,,false,false,false,false,false,,,,,,false,false,false,,,false,false,false,false,false,-83.20717,42.44447,"{
  ""coordinates"": [
    -8.320717103600001e+01,
    4.244446408600000e+01
  ],
  ""type"": ""Point""
}","{
  ""coordinates"": [
    -83.207171036,
    42.444464086
  ],
  ""type"": ""Point""
}",-83.207171036,42.444464086
12484,9361098,WHITLOCK,LONGACRE,2015-06-07,7,6,2015,21,1,4,9,,,0,,2,4,4,25,1,2,3,4,0,0,0,2,false,,false,false,true,false,false,,,,,,false,false,false,,,false,false,false,false,false,-83.21336,42.33979,"{
  ""coordinates"": [
    -8.321336012899999e+01,
    4.233978783800010e+01
  ],
  ""type"": ""Point""
}","{
  ""coordinates"": [
    -83.213360129,
    42.339787838
  ],
  ""type"": ""Point""
}",-83.213360129,42.3397878380001
12485,9292325,7 MILE,FLEMING,2015-06-07,7,6,2015,18,1,4,9,,4,0,,2,4,1,30,2,2,3,5,0,0,0,0,true,,false,false,false,false,false,,,,,,false,false,false,,,false,false,false,false,false,-83.07932,42.4329,"{
  ""coordinates"": [
    -8.307932629600000e+01,
    4.243289999500010e+01
  ],
  ""type"": ""Point""
}","{
  ""coordinates"": [
    -83.079326296,
    42.432899995
  ],
  ""type"": ""Point""
}",-83.079326296,42.4328999950001
12486,9368676,GRAND RIVER,BURT,2015-06-07,7,6,2015,15,1,4,3,,1,0,,1,1,1,35,4,2,4,5,0,0,0,0,true,,true,true,true,false,false,,,,,,false,false,false,,,false,false,false,false,false,-83.24763,42.41249,"{
  ""coordinates"": [
    -8.324762487899990e+01,
    4.241248964900010e+01
  ],
  ""type"": ""Point""
}","{
  ""coordinates"": [
    -83.247624879,
    42.412489649
  ],
  ""type"": ""Point""
}",-83.2476248789999,42.4124896490001
12487,9400229,WOODWARD,GRAND,2015-06-07,7,6,2015,13,1,6,3,,1,0,,1,1,1,25,4,2,2,5,0,0,0,0,true,,false,false,false,false,false,,,,,,false,false,true,,,false,false,false,false,false,-83.07338,42.37035,"{
  ""coordinates"": [
    -8.307337841899989e+01,
    4.237034981600000e+01
  ],
  ""type"": ""Point""
}","{
  ""coordinates"": [
    -83.073378419,
    42.370349816
  ],
  ""type"": ""Point""
}",-83.0733784189999,42.370349816
12488,9285328,MARTIN LUTHER KING JR,CASS,2015-06-07,7,6,2015,0,1,8,9,,4,0,,1,1,3,30,4,2,3,5,0,0,0,0,true,,false,false,false,false,false,,,,,,false,false,false,,,false,false,false,false,false,-83.06078,42.34563,"{
  ""coordinates"": [
    -8.306078275199999e+01,
    4.234562942300000e+01
  ],
  ""type"": ""Point""
}","{
  ""coordinates"": [
    -83.060782752,
    42.345629423
  ],
  ""type"": ""Point""
}",-83.060782752,42.345629423
12489,9368589,JOY,COYLE,2015-06-07,7,6,2015,4,1,1,9,,4,0,,1,1,4,35,3,1,0,5,0,0,0,0,true,,false,false,false,false,false,,,,,,false,false,false,,,false,false,false,false,false,-83.19273,42.35822,"{
  ""coordinates"": [
    -8.319272517500001e+01,
    4.235822071700010e+01
  ],
  ""type"": ""Point""
}","{
  ""coordinates"": [
    -83.192725175,
    42.358220717
  ],
  ""type"": ""Point""
}",-83.192725175,42.3582207170001
12490,9285286,MARTIN LUTHER KING JR,ROSA PARKS,2015-06-07,7,6,2015,1,1,8,9,,4,0,,1,1,4,35,6,2,2,5,0,0,0,0,true,,false,false,true,false,false,,,,,,false,false,true,,,false,false,false,false,false,-83.07728,42.34048,"{
  ""coordinates"": [
    -8.307727508600000e+01,
    4.234047882800010e+01
  ],
  ""type"": ""Point""
}","{
  ""coordinates"": [
    -83.077275086,
    42.340478828
  ],
  ""type"": ""Point""
}",-83.077275086,42.3404788280001
12491,9302593,BRUSH,OWEN,2015-06-07,7,6,2015,16,1,4,9,,4,0,,1,1,1,25,2,2,3,3,0,0,1,2,false,,false,false,false,false,false,,,,,,false,false,false,,,false,false,false,false,false,-83.07568,42.38495,"{
  ""coordinates"": [
    -8.307567951000000e+01,
    4.238495184200010e+01
  ],
  ""type"": ""Point""
}","{
  ""coordinates"": [
    -83.07567951,
    42.384951842
  ],
  ""type"": ""Point""
}",-83.07567951,42.3849518420001
12492,9303361,MCNICHOLS,SOUTHFIELD SERVICE DRIVE,2015-06-07,7,6,2015,15,1,4,9,,2,0,,1,1,1,35,4,2,5,5,0,0,0,0,true,,false,false,false,false,false,,,,,,false,false,true,,,false,false,false,false,false,-83.21841,42.41556,"{
  ""coordinates"": [
    -8.321840943699991e+01,
    4.241556058100010e+01
  ],
  ""type"": ""Point""
}","{
  ""coordinates"": [
    -83.218409437,
    42.415560581
  ],
  ""type"": ""Point""
}",-83.2184094369999,42.4155605810001
12493,9294758,MACK,GRATIOT,2015-06-07,7,6,2015,20,1,9,3,,4,0,,2,2,3,35,4,2,2,5,0,0,0,0,true,,false,false,false,false,false,,,,,,false,true,false,,,false,false,false,false,false,-83.02779,42.35902,"{
  ""coordinates"": [
    -8.302778813600000e+01,
    4.235902059100000e+01
  ],
  ""type"": ""Point""
}","{
  ""coordinates"": [
    -83.027788136,
    42.359020591
  ],
  ""type"": ""Point""
}",-83.027788136,42.359020591