ObjectId,Crash ID,Primary Road,Intersecting Road,Crash Date,Day,Month,Year,Hour,Weekday,Crash Type Code,Highway Classification Code,Community Code,Jurisdiction Code,Lane Departure Type Code,Surface Type,Road Condition,Weather Condition,Lighting Condition,Speed Limit,Lanes,Units,Occupants,Most Severe Injury,Fatal Injuries,Suspected Serious Injuries,Suspected Minor Injuries,Possible Injuries,Property Damage Only,Secondary Crash,Traffic Control,Red Light Run,Hit and Run,Alcohol,Drugs,Unbelted Person,Work Zone,Speeding Driver,Distracted Driver,Driveway,Pedestrian,Elderly Driver,Young Driver,Commercial Vehicle,Emergency Vehicles,Train,School Bus,Motorcycle,Bicycle,Deer,Longitude,Latitude,geom,geog,x,y
12494,9361024,W I 96 CD,RAMP 135E,2015-06-07,7,6,2015,20,1,8,1,,1,0,,2,4,1,55,3,2,5,5,0,0,0,0,true,,false,false,false,false,false,,,,,,false,false,true,,,false,false,false,false,false,-83.24073,42.3841,"{
  ""coordinates"": [
    -8.324073348000000e+01,
    4.238410047300000e+01
  ],
  ""type"": ""Point""
}","{
  ""coordinates"": [
    -83.24073348,
    42.384100473
  ],
  ""type"": ""Point""
}",-83.24073348,42.384100473
12495,9361033,MINOCK,PLYMOUTH,2015-06-07,7,6,2015,10,1,4,9,,,0,,1,1,1,25,2,2,2,5,0,0,0,0,true,,false,false,true,false,false,,,,,,false,false,true,,,false,false,false,false,false,-83.23259,42.37199,"{
  ""coordinates"": [
    -8.323259071000000e+01,
    4.237199178500000e+01
  ],
  ""type"": ""Point""
}","{
  ""coordinates"": [
    -83.23259071,
    42.371991785
  ],
  ""type"": ""Point""
}",-83.23259071,42.371991785
12496,9361114,CAVALRY,ARMY,2015-06-07,7,6,2015,20,1,8,9,,,0,,2,4,4,25,2,2,1,5,0,0,0,0,true,,false,false,true,false,false,,,,,,false,false,false,,,false,false,false,false,false,-83.10244,42.31182,"{
  ""coordinates"": [
    -8.310244012399990e+01,
    4.231182167000000e+01
  ],
  ""type"": ""Point""
}","{
  ""coordinates"": [
    -83.102440124,
    42.31182167
  ],
  ""type"": ""Point""
}",-83.1024401239999,42.31182167
12497,9301588,I94,MT ELLIOT,2015-06-07,7,6,2015,3,1,1,1,,1,0,,1,1,4,55,3,1,2,5,0,0,0,0,true,,false,false,false,false,false,,,,,,false,false,false,,,false,false,false,false,false,-83.03719,42.3778,"{
  ""coordinates"": [
    -8.303718808300000e+01,
    4.237779427600000e+01
  ],
  ""type"": ""Point""
}","{
  ""coordinates"": [
    -83.037188083,
    42.377794276
  ],
  ""type"": ""Point""
}",-83.037188083,42.377794276
12498,9294750,GRAND RIVER,MCNICHOLS,2015-06-07,7,6,2015,1,1,5,3,,1,0,,1,1,4,35,6,2,6,4,0,0,0,1,false,,false,false,true,false,false,,,,,,false,false,false,,,false,false,false,false,false,-83.2532,42.41475,"{
  ""coordinates"": [
    -8.325320265999990e+01,
    4.241474422300010e+01
  ],
  ""type"": ""Point""
}","{
  ""coordinates"": [
    -83.25320266,
    42.414744223
  ],
  ""type"": ""Point""
}",-83.2532026599999,42.4147442230001
12499,9361109,WOODWARD,GRAND,2015-06-07,7,6,2015,13,1,4,3,,1,0,,1,1,1,30,4,2,3,5,0,0,0,0,true,,false,false,false,false,false,,,,,,false,false,true,,,false,false,false,false,false,-83.07347,42.37049,"{
  ""coordinates"": [
    -8.307347160700000e+01,
    4.237049392000010e+01
  ],
  ""type"": ""Point""
}","{
  ""coordinates"": [
    -83.073471607,
    42.37049392
  ],
  ""type"": ""Point""
}",-83.073471607,42.3704939200001
12500,9368696,CORAM,QUEEN,2015-06-07,7,6,2015,0,1,8,9,,,0,,1,1,4,25,2,2,0,5,0,0,0,0,true,,false,false,true,false,false,,,,,,false,false,false,,,false,false,false,false,false,-82.96878,42.43827,"{
  ""coordinates"": [
    -8.296878426700000e+01,
    4.243826964000000e+01
  ],
  ""type"": ""Point""
}","{
  ""coordinates"": [
    -82.968784267,
    42.43826964
  ],
  ""type"": ""Point""
}",-82.968784267,42.43826964
12501,9290303,SEVEN MILE,OUTER,2015-06-07,7,6,2015,13,1,5,9,,2,0,,1,1,1,35,4,2,2,5,0,0,0,0,true,,false,false,false,false,false,,,,,,false,false,true,,,false,false,false,false,false,-82.91524,42.41872,"{
  ""coordinates"": [
    -8.291523868199990e+01,
    4.241871601000000e+01
  ],
  ""type"": ""Point""
}","{
  ""coordinates"": [
    -82.915238682,
    42.41871601
  ],
  ""type"": ""Point""
}",-82.9152386819999,42.41871601
12502,9286272,LAFAYETTE,RAMP 033D,2015-06-07,7,6,2015,20,1,1,1,,4,1,,2,4,4,55,4,1,2,4,0,0,0,1,false,,false,false,false,false,false,,,,,,false,false,false,,,false,false,false,false,false,-83.09161,42.31382,"{
  ""coordinates"": [
    -8.309160961200000e+01,
    4.231381966400010e+01
  ],
  ""type"": ""Point""
}","{
  ""coordinates"": [
    -83.091609612,
    42.313819664
  ],
  ""type"": ""Point""
}",-83.091609612,42.3138196640001
12503,9361040,GRATIOT,EASTWOOD,2015-06-07,7,6,2015,19,1,5,3,,1,0,,2,4,3,35,5,2,5,3,0,0,2,1,false,,false,false,true,false,false,,,,,,false,false,false,,,false,false,false,false,false,-82.9786,42.43369,"{
  ""coordinates"": [
    -8.297860205500000e+01,
    4.243368588700010e+01
  ],
  ""type"": ""Point""
}","{
  ""coordinates"": [
    -82.978602055,
    42.433685887
  ],
  ""type"": ""Point""
}",-82.978602055,42.4336858870001
12504,9386459,VAN DYKE,E I 94,2015-06-07,7,6,2015,1,1,5,3,,1,0,,1,1,4,30,2,2,4,5,0,0,0,0,true,,false,false,true,false,false,,,,,,false,false,true,,,false,false,false,false,false,-83.0201,42.38618,"{
  ""coordinates"": [
    -8.302009353699999e+01,
    4.238617541800010e+01
  ],
  ""type"": ""Point""
}","{
  ""coordinates"": [
    -83.020093537,
    42.386175418
  ],
  ""type"": ""Point""
}",-83.020093537,42.3861754180001
12505,9361019,WARREN,S I 75 SERVICE DRIVE,2015-06-07,7,6,2015,1,1,97,9,,4,0,,1,1,4,30,4,2,1,5,0,0,0,0,true,,false,false,true,false,false,,,,,,false,false,false,,,false,false,false,false,false,-83.05521,42.36047,"{
  ""coordinates"": [
    -8.305521615200000e+01,
    4.236046969300000e+01
  ],
  ""type"": ""Point""
}","{
  ""coordinates"": [
    -83.055216152,
    42.360469693
  ],
  ""type"": ""Point""
}",-83.055216152,42.360469693
12506,9361025,GRATIOT,BRUSH,2015-06-07,7,6,2015,2,1,4,3,,1,0,,1,1,4,30,3,2,3,4,0,0,0,1,false,,true,false,false,false,false,,,,,,false,false,true,,,false,false,false,false,false,-83.04456,42.33594,"{
  ""coordinates"": [
    -8.304455895200000e+01,
    4.233593948300010e+01
  ],
  ""type"": ""Point""
}","{
  ""coordinates"": [
    -83.044558952,
    42.335939483
  ],
  ""type"": ""Point""
}",-83.044558952,42.3359394830001
12507,9285169,DAVISON,M10,2015-06-07,7,6,2015,19,1,1,3,,1,1,,2,4,1,55,4,1,1,5,0,0,0,0,true,,false,false,false,false,false,,,,,,false,false,true,,,false,false,false,false,false,-83.1106,42.39809,"{
  ""coordinates"": [
    -8.311059892599999e+01,
    4.239809373600010e+01
  ],
  ""type"": ""Point""
}","{
  ""coordinates"": [
    -83.110598926,
    42.398093736
  ],
  ""type"": ""Point""
}",-83.110598926,42.3980937360001
12508,9293003,SB I-75,CLAY,2015-06-07,7,6,2015,13,1,5,1,,1,0,,1,2,1,70,4,3,6,4,0,0,0,1,false,,false,false,false,false,false,,,,,,false,false,true,,,false,false,false,false,false,-83.06374,42.37958,"{
  ""coordinates"": [
    -8.306373624199991e+01,
    4.237957727800010e+01
  ],
  ""type"": ""Point""
}","{
  ""coordinates"": [
    -83.063736242,
    42.379577278
  ],
  ""type"": ""Point""
}",-83.0637362419999,42.3795772780001
12509,9286292,ROSEMARY,CHALMERS,2015-06-07,7,6,2015,16,1,2,9,,,0,,1,1,1,25,2,2,4,5,0,0,0,0,true,,false,false,false,false,false,,,,,,false,false,true,,,false,false,false,false,false,-82.97155,42.41589,"{
  ""coordinates"": [
    -8.297155291900000e+01,
    4.241588984000000e+01
  ],
  ""type"": ""Point""
}","{
  ""coordinates"": [
    -82.971552919,
    42.41588984
  ],
  ""type"": ""Point""
}",-82.971552919,42.41588984
12510,9361059,CONANT,BRENTWOOD,2015-06-07,7,6,2015,1,1,1,9,,4,0,,1,1,4,35,4,1,1,5,0,0,0,0,true,,false,false,false,false,false,,,,,,false,false,false,,,false,false,false,false,false,-83.07285,42.43182,"{
  ""coordinates"": [
    -8.307284679299990e+01,
    4.243182391000000e+01
  ],
  ""type"": ""Point""
}","{
  ""coordinates"": [
    -83.072846793,
    42.43182391
  ],
  ""type"": ""Point""
}",-83.0728467929999,42.43182391
12511,9368641,PATTON,SAWYER,2015-06-07,7,6,2015,,1,5,9,,,0,,1,98,98,25,2,3,0,5,0,0,0,0,true,,false,false,true,false,false,,,,,,false,false,false,,,false,false,false,false,false,-83.24147,42.34669,"{
  ""coordinates"": [
    -8.324147257399990e+01,
    4.234668551200010e+01
  ],
  ""type"": ""Point""
}","{
  ""coordinates"": [
    -83.241472574,
    42.346685512
  ],
  ""type"": ""Point""
}",-83.2414725739999,42.3466855120001
12512,9286258,LAWNDALE,VERNOR,2015-06-07,7,6,2015,0,1,2,9,,4,2,,1,1,4,25,4,2,3,5,0,0,0,0,true,,false,false,false,true,false,,,,,,false,false,false,,,false,false,false,false,false,-83.13254,42.30923,"{
  ""coordinates"": [
    -8.313253700500000e+01,
    4.230923388300000e+01
  ],
  ""type"": ""Point""
}","{
  ""coordinates"": [
    -83.132537005,
    42.309233883
  ],
  ""type"": ""Point""
}",-83.132537005,42.309233883
12513,9361062,PROCTOR,KIRKWOOD,2015-06-07,7,6,2015,11,1,9,9,,,0,,1,1,1,25,1,2,0,5,0,0,0,0,true,,false,false,true,false,false,,,,,,false,false,false,,,false,false,false,false,false,-83.14122,42.3389,"{
  ""coordinates"": [
    -8.314122255099990e+01,
    4.233889865400000e+01
  ],
  ""type"": ""Point""
}","{
  ""coordinates"": [
    -83.141222551,
    42.338898654
  ],
  ""type"": ""Point""
}",-83.1412225509999,42.338898654
12514,9325924,OUTER,LANTZ,2015-06-07,7,6,2015,12,1,5,9,,2,0,,2,4,1,35,4,2,2,4,0,0,0,1,false,,false,false,false,false,false,,,,,,false,false,true,,,false,false,false,false,false,-83.01628,42.43892,"{
  ""coordinates"": [
    -8.301628354600000e+01,
    4.243892370600000e+01
  ],
  ""type"": ""Point""
}","{
  ""coordinates"": [
    -83.016283546,
    42.438923706
  ],
  ""type"": ""Point""
}",-83.016283546,42.438923706
12515,9286167,MCGRAW,ROSA PARKS,2015-06-07,7,6,2015,4,1,1,9,,4,1,,1,1,4,25,2,1,4,5,0,0,0,0,true,,false,false,false,false,false,,,,,,false,false,false,,,false,false,false,false,false,-83.08781,42.35926,"{
  ""coordinates"": [
    -8.308781295400000e+01,
    4.235926248500000e+01
  ],
  ""type"": ""Point""
}","{
  ""coordinates"": [
    -83.087812954,
    42.359262485
  ],
  ""type"": ""Point""
}",-83.087812954,42.359262485
12516,9361022,BIRWOOD,KEELER,2015-06-07,7,6,2015,0,1,4,9,,,0,,1,1,4,25,2,2,4,4,0,0,0,1,false,,false,false,true,false,false,,,,,,false,false,false,,,false,false,false,false,false,-83.16409,42.40422,"{
  ""coordinates"": [
    -8.316408615899999e+01,
    4.240422137500010e+01
  ],
  ""type"": ""Point""
}","{
  ""coordinates"": [
    -83.164086159,
    42.404221375
  ],
  ""type"": ""Point""
}",-83.164086159,42.4042213750001
12517,9361012,SCHOOLCRAFT,OUTER,2015-06-07,7,6,2015,2,1,5,9,,4,0,,1,1,4,25,2,2,1,4,0,0,0,1,false,,false,false,true,false,false,,,,,,false,false,false,,,false,false,true,false,false,-83.25617,42.38595,"{
  ""coordinates"": [
    -8.325617524099989e+01,
    4.238595291800000e+01
  ],
  ""type"": ""Point""
}","{
  ""coordinates"": [
    -83.256175241,
    42.385952918
  ],
  ""type"": ""Point""
}",-83.2561752409999,42.385952918
12518,9285171,I94,CHENE,2015-06-07,7,6,2015,22,1,1,1,,1,1,,2,4,4,55,3,1,1,5,0,0,0,0,true,,false,false,false,false,false,,,,,,false,false,true,,,false,false,false,false,false,-83.04288,42.37572,"{
  ""coordinates"": [
    -8.304287432200000e+01,
    4.237571712200000e+01
  ],
  ""type"": ""Point""
}","{
  ""coordinates"": [
    -83.042874322,
    42.375717122
  ],
  ""type"": ""Point""
}",-83.042874322,42.375717122
12519,9292332,VAN DYKE,NEVADA,2015-06-07,7,6,2015,8,1,5,3,,1,0,,1,1,1,35,4,2,2,5,0,0,0,0,true,,false,false,false,false,false,,,,,,false,false,false,,,false,false,false,false,false,-83.02397,42.42667,"{
  ""coordinates"": [
    -8.302397303200000e+01,
    4.242667542400010e+01
  ],
  ""type"": ""Point""
}","{
  ""coordinates"": [
    -83.023973032,
    42.426675424
  ],
  ""type"": ""Point""
}",-83.023973032,42.4266754240001
12520,9361067,MOROSS,ALSTEAD,2015-06-07,7,6,2015,13,1,4,9,,2,0,,1,1,1,35,3,2,6,4,0,0,0,1,false,,false,false,false,false,false,,,,,,false,false,false,,,false,false,false,false,false,-82.92789,42.424,"{
  ""coordinates"": [
    -8.292788340500000e+01,
    4.242399576600010e+01
  ],
  ""type"": ""Point""
}","{
  ""coordinates"": [
    -82.927883405,
    42.423995766
  ],
  ""type"": ""Point""
}",-82.927883405,42.4239957660001
12521,9286261,ALTER,JEFFERSON,2015-06-07,7,6,2015,19,1,8,1,,1,0,,2,4,1,30,2,2,2,5,0,0,0,0,true,,false,false,true,false,false,,,,,,false,false,true,,,false,false,false,false,false,-83.03588,42.3326,"{
  ""coordinates"": [
    -8.303588077500000e+01,
    4.233260443700000e+01
  ],
  ""type"": ""Point""
}","{
  ""coordinates"": [
    -83.035880775,
    42.332604437
  ],
  ""type"": ""Point""
}",-83.035880775,42.332604437
12522,9353414,MANSFIELD,WHITLOCK,2015-06-07,7,6,2015,23,1,8,9,,,0,,2,4,4,25,2,2,0,5,0,0,0,0,true,,false,false,true,false,false,,,,,,false,false,false,,,false,false,false,false,false,-83.20228,42.34079,"{
  ""coordinates"": [
    -8.320227885299990e+01,
    4.234079404800010e+01
  ],
  ""type"": ""Point""
}","{
  ""coordinates"": [
    -83.202278853,
    42.340794048
  ],
  ""type"": ""Point""
}",-83.2022788529999,42.3407940480001
12523,9290152,I-94,M-10,2015-06-07,7,6,2015,22,1,8,1,,1,0,,2,4,5,55,3,2,3,5,0,0,0,0,true,,false,false,true,false,false,,,,,,false,false,true,,,false,false,false,false,false,-83.07486,42.36038,"{
  ""coordinates"": [
    -8.307485904500000e+01,
    4.236037796700000e+01
  ],
  ""type"": ""Point""
}","{
  ""coordinates"": [
    -83.074859045,
    42.360377967
  ],
  ""type"": ""Point""
}",-83.074859045,42.360377967
12524,9361004,FIELDING,CHICAGO,2015-06-07,7,6,2015,15,1,8,9,,,0,,1,1,1,25,2,2,2,5,0,0,0,0,true,,false,false,true,false,false,,,,,,false,false,false,,,false,false,false,false,false,-83.24098,42.36456,"{
  ""coordinates"": [
    -8.324098547400000e+01,
    4.236456237600000e+01
  ],
  ""type"": ""Point""
}","{
  ""coordinates"": [
    -83.240985474,
    42.364562376
  ],
  ""type"": ""Point""
}",-83.240985474,42.364562376
12525,9308477,DEXTER,NORTHWESTERN,2015-06-07,7,6,2015,3,1,1,9,,4,0,,1,1,4,35,1,1,2,5,0,0,0,0,true,,false,false,false,false,false,,,,,,false,false,false,,,false,false,false,false,false,-83.11,42.35887,"{
  ""coordinates"": [
    -8.310999696800000e+01,
    4.235886724900010e+01
  ],
  ""type"": ""Point""
}","{
  ""coordinates"": [
    -83.109996968,
    42.358867249
  ],
  ""type"": ""Point""
}",-83.109996968,42.3588672490001
12526,9361112,LIDDESDALE,GILROY,2015-06-07,7,6,2015,14,1,4,9,,,0,,1,1,1,25,2,2,1,5,0,0,0,0,true,,false,false,true,false,false,,,,,,false,true,false,,,false,false,false,false,false,-83.1488,42.2783,"{
  ""coordinates"": [
    -8.314880103599999e+01,
    4.227829743400010e+01
  ],
  ""type"": ""Point""
}","{
  ""coordinates"": [
    -83.148801036,
    42.278297434
  ],
  ""type"": ""Point""
}",-83.148801036,42.2782974340001
12527,9288376,FAIRFIELD,PURITAN,2015-06-07,7,6,2015,22,1,97,9,,,0,,2,1,4,25,2,3,6,5,0,0,0,0,true,,false,false,false,false,false,,,,,,false,false,false,,,false,true,false,false,false,-83.13499,42.41041,"{
  ""coordinates"": [
    -8.313498678500000e+01,
    4.241040900500010e+01
  ],
  ""type"": ""Point""
}","{
  ""coordinates"": [
    -83.134986785,
    42.410409005
  ],
  ""type"": ""Point""
}",-83.134986785,42.4104090050001
12528,9361055,7 MILE,OUTER,2015-06-07,7,6,2015,13,1,6,9,,2,0,,1,1,1,35,6,2,7,5,0,0,0,0,true,,false,false,false,false,false,,,,,,false,false,true,,,false,false,false,false,false,-82.91524,42.41872,"{
  ""coordinates"": [
    -8.291523868199990e+01,
    4.241871601000000e+01
  ],
  ""type"": ""Point""
}","{
  ""coordinates"": [
    -82.915238682,
    42.41871601
  ],
  ""type"": ""Point""
}",-82.9152386819999,42.41871601
12529,9341873,MCNICHOLS,MURRAY HILL,2015-06-07,7,6,2015,15,1,4,9,,2,0,,1,1,1,35,4,2,2,5,0,0,0,0,true,,false,false,false,false,false,,,,,,false,false,false,,,false,false,false,false,false,-83.20795,42.41578,"{
  ""coordinates"": [
    -8.320795258299999e+01,
    4.241578392900000e+01
  ],
  ""type"": ""Point""
}","{
  ""coordinates"": [
    -83.207952583,
    42.415783929
  ],
  ""type"": ""Point""
}",-83.207952583,42.415783929
12530,9285170,I75,WARREN,2015-06-07,7,6,2015,19,1,97,1,,1,0,,2,4,1,55,4,3,5,4,0,0,0,1,false,,false,false,true,false,false,,,,,,false,true,false,,,false,false,false,false,false,-83.05336,42.35954,"{
  ""coordinates"": [
    -8.305335843800000e+01,
    4.235953373800000e+01
  ],
  ""type"": ""Point""
}","{
  ""coordinates"": [
    -83.053358438,
    42.359533738
  ],
  ""type"": ""Point""
}",-83.053358438,42.359533738
12531,9288678,NB I-75,VERNOR,2015-06-07,7,6,2015,14,1,8,1,,1,0,,1,1,1,55,5,2,6,5,0,0,0,0,true,,false,false,false,false,false,,,,,,false,false,false,,,false,false,false,false,false,-83.08446,42.32644,"{
  ""coordinates"": [
    -8.308445573499991e+01,
    4.232643604500000e+01
  ],
  ""type"": ""Point""
}","{
  ""coordinates"": [
    -83.084455735,
    42.326436045
  ],
  ""type"": ""Point""
}",-83.0844557349999,42.326436045
12532,9368697,BRADFORD,BRINGARD,2015-06-07,7,6,2015,2,1,8,9,,,0,,1,1,4,25,2,4,1,3,0,0,1,0,false,,false,false,false,true,false,,,,,,false,false,false,,,false,false,false,false,false,-83.00142,42.44538,"{
  ""coordinates"": [
    -8.300142204799990e+01,
    4.244538237900010e+01
  ],
  ""type"": ""Point""
}","{
  ""coordinates"": [
    -83.001422048,
    42.445382379
  ],
  ""type"": ""Point""
}",-83.0014220479999,42.4453823790001
12533,9286297,LINNHURST,KELLY,2015-06-07,7,6,2015,0,1,9,9,,,2,,1,1,5,25,2,2,2,5,0,0,0,0,true,,false,false,true,false,false,,,,,,false,false,true,,,false,false,false,false,false,-82.9577,42.43152,"{
  ""coordinates"": [
    -8.295769413999990e+01,
    4.243152142200010e+01
  ],
  ""type"": ""Point""
}","{
  ""coordinates"": [
    -82.95769414,
    42.431521422
  ],
  ""type"": ""Point""
}",-82.9576941399999,42.4315214220001
12534,9285325,WYOMING,MARGARETA,2015-06-07,7,6,2015,14,1,97,9,,4,0,,1,1,1,0,5,2,1,4,0,0,0,1,false,,false,false,false,false,false,,,,,,true,false,true,,,false,false,false,false,false,-83.16084,42.42777,"{
  ""coordinates"": [
    -8.316083905799999e+01,
    4.242776781300010e+01
  ],
  ""type"": ""Point""
}","{
  ""coordinates"": [
    -83.160839058,
    42.427767813
  ],
  ""type"": ""Point""
}",-83.160839058,42.4277678130001
12535,9290284,GRAND,HAMILTON,2015-06-07,7,6,2015,16,1,8,9,,4,0,,1,1,1,30,4,2,5,4,0,0,0,2,false,,false,false,false,false,false,,,,,,false,true,false,,,false,false,false,false,false,-83.08231,42.367,"{
  ""coordinates"": [
    -8.308230361299999e+01,
    4.236700340300010e+01
  ],
  ""type"": ""Point""
}","{
  ""coordinates"": [
    -83.082303613,
    42.367003403
  ],
  ""type"": ""Point""
}",-83.082303613,42.3670034030001
12536,9361113,SPRINGWELLS,N I 75,2015-06-07,7,6,2015,15,1,5,9,,4,0,,1,1,1,35,4,2,1,5,0,0,0,0,true,,false,false,true,false,false,,,,,,false,false,false,,,false,false,false,false,false,-83.11933,42.3013,"{
  ""coordinates"": [
    -8.311932886300001e+01,
    4.230129772900010e+01
  ],
  ""type"": ""Point""
}","{
  ""coordinates"": [
    -83.119328863,
    42.301297729
  ],
  ""type"": ""Point""
}",-83.119328863,42.3012977290001
12537,9361045,HARDING,SHOEMAKER,2015-06-07,7,6,2015,1,1,9,9,,,2,,1,1,4,25,2,2,0,5,0,0,0,0,true,,false,false,true,false,false,,,,,,false,false,false,,,false,false,false,false,false,-82.99589,42.39064,"{
  ""coordinates"": [
    -8.299588996900000e+01,
    4.239064007900000e+01
  ],
  ""type"": ""Point""
}","{
  ""coordinates"": [
    -82.995889969,
    42.390640079
  ],
  ""type"": ""Point""
}",-82.995889969,42.390640079
12538,9361071,MORRELL,TOLEDO,2015-06-07,7,6,2015,15,1,5,9,,,0,,2,1,1,25,4,2,1,5,0,0,0,0,true,,false,false,true,false,false,,,,,,false,false,false,,,false,false,false,false,false,-83.10255,42.32092,"{
  ""coordinates"": [
    -8.310254761200000e+01,
    4.232092038700010e+01
  ],
  ""type"": ""Point""
}","{
  ""coordinates"": [
    -83.102547612,
    42.320920387
  ],
  ""type"": ""Point""
}",-83.102547612,42.3209203870001
12539,9286255,N I 75 SERVICE DRIVE,DRAGOON,2015-06-07,7,6,2015,20,1,4,9,,4,0,,2,4,1,25,2,2,3,4,0,0,0,1,false,,true,true,false,false,false,,,,,,false,false,false,,,false,false,false,false,false,-83.10276,42.30775,"{
  ""coordinates"": [
    -8.310275866400001e+01,
    4.230774934700000e+01
  ],
  ""type"": ""Point""
}","{
  ""coordinates"": [
    -83.102758664,
    42.307749347
  ],
  ""type"": ""Point""
}",-83.102758664,42.307749347
12540,9285167,W I 96,WYOMING,2015-06-07,7,6,2015,23,1,1,1,,1,1,,2,1,4,55,3,1,1,4,0,0,0,1,false,,false,false,false,false,false,,,,,,false,false,true,,,false,false,false,false,false,-83.15854,42.38542,"{
  ""coordinates"": [
    -8.315854031100000e+01,
    4.238541874400000e+01
  ],
  ""type"": ""Point""
}","{
  ""coordinates"": [
    -83.158540311,
    42.385418744
  ],
  ""type"": ""Point""
}",-83.158540311,42.385418744
12541,9288736,TRUMBULL,PERRY,2015-06-07,7,6,2015,2,1,1,9,,4,0,,1,1,5,30,2,2,2,3,0,0,1,0,false,,false,false,false,false,false,,,,,,false,false,false,,,false,false,false,true,false,-83.07019,42.33717,"{
  ""coordinates"": [
    -8.307018686000001e+01,
    4.233716653500010e+01
  ],
  ""type"": ""Point""
}","{
  ""coordinates"": [
    -83.07018686,
    42.337166535
  ],
  ""type"": ""Point""
}",-83.07018686,42.3371665350001
12542,9290294,DAVISON,SANTA ROSA,2015-06-07,7,6,2015,15,1,5,3,,1,0,,1,1,1,30,2,3,6,4,0,0,0,1,false,,false,false,false,false,false,,,,,,false,true,false,,,false,false,false,false,false,-83.14165,42.38658,"{
  ""coordinates"": [
    -8.314165373700000e+01,
    4.238657746900000e+01
  ],
  ""type"": ""Point""
}","{
  ""coordinates"": [
    -83.141653737,
    42.386577469
  ],
  ""type"": ""Point""
}",-83.141653737,42.386577469
12543,9290167,I-75,SCHAEFER,2015-06-07,7,6,2015,21,1,5,1,,1,0,,2,4,1,70,4,2,2,5,0,0,0,0,true,,false,false,false,false,false,,,,,,false,false,false,,,false,false,false,false,false,-83.14497,42.28475,"{
  ""coordinates"": [
    -8.314497537800000e+01,
    4.228474628200010e+01
  ],
  ""type"": ""Point""
}","{
  ""coordinates"": [
    -83.144975378,
    42.284746282
  ],
  ""type"": ""Point""
}",-83.144975378,42.2847462820001
12544,9475195,GRATIOT,FISCHER,2015-06-07,7,6,2015,15,1,8,3,,1,0,,1,1,1,35,4,2,2,5,0,0,0,0,true,,false,false,false,false,false,,,,,,false,true,false,,,false,false,false,false,false,-83.01051,42.38512,"{
  ""coordinates"": [
    -8.301051480200000e+01,
    4.238512100300010e+01
  ],
  ""type"": ""Point""
}","{
  ""coordinates"": [
    -83.010514802,
    42.385121003
  ],
  ""type"": ""Point""
}",-83.010514802,42.3851210030001
12545,9361063,CECIL,MCGRAW,2015-06-07,7,6,2015,16,1,5,9,,4,0,,1,1,1,25,2,2,1,5,0,0,0,0,true,,false,false,false,false,false,,,,,,false,false,true,,,false,false,false,false,false,-83.13641,42.33708,"{
  ""coordinates"": [
    -8.313641395199990e+01,
    4.233708353000000e+01
  ],
  ""type"": ""Point""
}","{
  ""coordinates"": [
    -83.136413952,
    42.33708353
  ],
  ""type"": ""Point""
}",-83.1364139519999,42.33708353
12546,9288679,RAMP 041C,N I 75 SERVICE DRIVE,2015-06-07,7,6,2015,14,1,5,7,,1,0,,1,1,1,55,4,3,4,4,0,0,0,3,false,,false,false,true,false,false,,,,,,false,false,false,,,false,false,false,false,false,-83.04769,42.34169,"{
  ""coordinates"": [
    -8.304769078299999e+01,
    4.234168478200010e+01
  ],
  ""type"": ""Point""
}","{
  ""coordinates"": [
    -83.047690783,
    42.341684782
  ],
  ""type"": ""Point""
}",-83.047690783,42.3416847820001
12547,9368595,HUBBELL,GROVE,2015-06-06,6,6,2015,11,7,4,9,,4,0,,1,1,1,35,4,2,4,3,0,0,1,2,false,,true,false,false,false,false,,,,,,false,true,true,,,false,false,false,false,false,-83.18946,42.41428,"{
  ""coordinates"": [
    -8.318945722599990e+01,
    4.241428068700000e+01
  ],
  ""type"": ""Point""
}","{
  ""coordinates"": [
    -83.189457226,
    42.414280687
  ],
  ""type"": ""Point""
}",-83.1894572259999,42.414280687
12548,9286309,TRUMBULL,WARREN,2015-06-06,6,6,2015,21,7,8,9,,4,0,,97,98,4,30,3,2,2,5,0,0,0,0,true,,false,false,true,false,false,,,,,,false,false,false,,,false,false,false,false,false,-83.07944,42.35336,"{
  ""coordinates"": [
    -8.307944591700000e+01,
    4.235335912700000e+01
  ],
  ""type"": ""Point""
}","{
  ""coordinates"": [
    -83.079445917,
    42.353359127
  ],
  ""type"": ""Point""
}",-83.079445917,42.353359127
12549,9400296,GRATIOT,WARREN,2015-06-06,6,6,2015,15,7,4,3,,1,0,,1,1,1,35,4,2,3,5,0,0,0,0,true,,false,false,false,false,false,,,,,,false,false,true,,,false,false,false,false,false,-83.01786,42.37404,"{
  ""coordinates"": [
    -8.301785720299991e+01,
    4.237403962300000e+01
  ],
  ""type"": ""Point""
}","{
  ""coordinates"": [
    -83.017857203,
    42.374039623
  ],
  ""type"": ""Point""
}",-83.0178572029999,42.374039623
12550,9293116,GRAND RIVER,AUBURN,2015-06-06,6,6,2015,14,7,8,3,,1,0,,1,1,1,35,3,4,1,5,0,0,0,0,true,,false,false,true,false,false,,,,,,false,true,false,,,false,false,false,false,false,-83.23499,42.40742,"{
  ""coordinates"": [
    -8.323499548800000e+01,
    4.240741999400010e+01
  ],
  ""type"": ""Point""
}","{
  ""coordinates"": [
    -83.234995488,
    42.407419994
  ],
  ""type"": ""Point""
}",-83.234995488,42.4074199940001