ObjectId,Crash ID,Primary Road,Intersecting Road,Crash Date,Day,Month,Year,Hour,Weekday,Crash Type Code,Highway Classification Code,Community Code,Jurisdiction Code,Lane Departure Type Code,Surface Type,Road Condition,Weather Condition,Lighting Condition,Speed Limit,Lanes,Units,Occupants,Most Severe Injury,Fatal Injuries,Suspected Serious Injuries,Suspected Minor Injuries,Possible Injuries,Property Damage Only,Secondary Crash,Traffic Control,Red Light Run,Hit and Run,Alcohol,Drugs,Unbelted Person,Work Zone,Speeding Driver,Distracted Driver,Driveway,Pedestrian,Elderly Driver,Young Driver,Commercial Vehicle,Emergency Vehicles,Train,School Bus,Motorcycle,Bicycle,Deer,Longitude,Latitude,geom,geog,x,y
12665,9361021,CONANT,NEVADA,2015-06-05,5,6,2015,16,6,5,9,,4,0,,1,2,1,30,4,2,1,5,0,0,0,0,true,,false,false,true,false,false,,,,,,false,false,false,,,false,false,false,false,false,-83.06852,42.42572,"{
  ""coordinates"": [
    -8.306852265099999e+01,
    4.242571752300010e+01
  ],
  ""type"": ""Point""
}","{
  ""coordinates"": [
    -83.068522651,
    42.425717523
  ],
  ""type"": ""Point""
}",-83.068522651,42.4257175230001
12666,9284729,ASBURY,WARREN,2015-06-05,5,6,2015,16,6,8,9,,,0,,1,1,1,25,2,2,1,5,0,0,0,0,true,,false,false,false,false,false,,,,,,false,false,true,,,false,false,false,false,false,-83.20612,42.3427,"{
  ""coordinates"": [
    -8.320612479300000e+01,
    4.234270509100000e+01
  ],
  ""type"": ""Point""
}","{
  ""coordinates"": [
    -83.206124793,
    42.342705091
  ],
  ""type"": ""Point""
}",-83.206124793,42.342705091
12667,9284690,CAMPBELL,PLUMER,2015-06-05,5,6,2015,0,6,4,9,,,3,,1,1,4,25,1,2,0,5,0,0,0,0,true,,false,false,true,false,false,,,,,,false,false,false,,,false,false,false,false,false,-83.10718,42.32178,"{
  ""coordinates"": [
    -8.310717605000001e+01,
    4.232178595800010e+01
  ],
  ""type"": ""Point""
}","{
  ""coordinates"": [
    -83.10717605,
    42.321785958
  ],
  ""type"": ""Point""
}",-83.10717605,42.3217859580001
12668,9285324,ROBSON,MARGARETA,2015-06-05,5,6,2015,23,6,97,9,,,0,,1,2,5,25,2,2,0,5,0,0,0,0,true,,false,false,true,false,false,,,,,,false,false,false,,,false,false,false,false,false,-83.19365,42.4267,"{
  ""coordinates"": [
    -8.319364898000001e+01,
    4.242670499300000e+01
  ],
  ""type"": ""Point""
}","{
  ""coordinates"": [
    -83.19364898,
    42.426704993
  ],
  ""type"": ""Point""
}",-83.19364898,42.426704993
12669,9285162,E/B I-94,GRATIOT,2015-06-05,5,6,2015,20,6,97,1,,1,0,,1,1,1,55,3,2,3,5,0,0,0,0,true,,false,false,false,false,false,,,,,,false,false,false,,,false,false,false,false,false,-83.01507,42.38812,"{
  ""coordinates"": [
    -8.301506520700001e+01,
    4.238812368300010e+01
  ],
  ""type"": ""Point""
}","{
  ""coordinates"": [
    -83.015065207,
    42.388123683
  ],
  ""type"": ""Point""
}",-83.015065207,42.3881236830001
12670,9288770,LIVERNOIS,CORTLAND,2015-06-05,5,6,2015,14,6,5,9,,4,0,,2,4,1,35,2,2,2,5,0,0,0,0,true,,false,false,false,false,false,,,,,,false,true,false,,,false,false,false,false,false,-83.13935,42.37937,"{
  ""coordinates"": [
    -8.313934785100000e+01,
    4.237936608400000e+01
  ],
  ""type"": ""Point""
}","{
  ""coordinates"": [
    -83.139347851,
    42.379366084
  ],
  ""type"": ""Point""
}",-83.139347851,42.379366084
12671,9289827,CHEYENNE,CHICAGO,2015-06-05,5,6,2015,3,6,1,9,,,1,,1,1,4,25,2,2,1,4,0,0,0,1,false,,false,false,false,false,false,,,,,,false,false,false,,,false,false,false,true,false,-83.17404,42.36592,"{
  ""coordinates"": [
    -8.317404094900000e+01,
    4.236592593100000e+01
  ],
  ""type"": ""Point""
}","{
  ""coordinates"": [
    -83.174040949,
    42.365925931
  ],
  ""type"": ""Point""
}",-83.174040949,42.365925931
12672,9361043,MOROSS,HARPER,2015-06-05,5,6,2015,11,6,4,9,,2,0,,1,1,1,35,3,2,2,5,0,0,0,0,true,,true,true,false,false,false,,,,,,false,false,false,,,false,false,false,false,false,-82.92931,42.42463,"{
  ""coordinates"": [
    -8.292930380000000e+01,
    4.242462615400010e+01
  ],
  ""type"": ""Point""
}","{
  ""coordinates"": [
    -82.9293038,
    42.424626154
  ],
  ""type"": ""Point""
}",-82.9293038,42.4246261540001
12673,9284760,GRIGGS,OUTER,2015-06-05,5,6,2015,16,6,4,9,,,0,,2,4,1,25,2,2,2,4,0,0,0,1,false,,false,false,true,false,false,,,,,,false,false,false,,,false,false,false,false,false,-83.16436,42.43491,"{
  ""coordinates"": [
    -8.316435757700000e+01,
    4.243491005100000e+01
  ],
  ""type"": ""Point""
}","{
  ""coordinates"": [
    -83.164357577,
    42.434910051
  ],
  ""type"": ""Point""
}",-83.164357577,42.434910051
12674,9285168,I75,8 MILE,2015-06-05,5,6,2015,18,6,8,1,,1,0,,1,2,1,70,4,2,2,5,0,0,0,0,true,,false,false,false,false,false,,,,,,false,false,true,,,false,false,false,false,false,-83.09492,42.43956,"{
  ""coordinates"": [
    -8.309492860099991e+01,
    4.243956051400000e+01
  ],
  ""type"": ""Point""
}","{
  ""coordinates"": [
    -83.094928601,
    42.439560514
  ],
  ""type"": ""Point""
}",-83.0949286009999,42.439560514
12675,9292345,HARPER,BEACONSFIELD,2015-06-05,5,6,2015,16,6,3,9,,4,0,,2,4,1,30,2,2,2,5,0,0,0,0,true,,false,false,false,false,false,,,,,,false,false,true,,,false,false,false,false,false,-82.95545,42.40731,"{
  ""coordinates"": [
    -8.295544969600000e+01,
    4.240731186200000e+01
  ],
  ""type"": ""Point""
}","{
  ""coordinates"": [
    -82.955449696,
    42.407311862
  ],
  ""type"": ""Point""
}",-82.955449696,42.407311862
12676,9292406,MCNICHOLS,VAN DYKE,2015-06-05,5,6,2015,13,6,97,3,,4,0,,1,2,1,30,5,3,3,4,0,0,0,2,false,,false,false,false,false,false,,,,,,false,false,false,,,false,false,false,false,false,-83.0237,42.41951,"{
  ""coordinates"": [
    -8.302370428499999e+01,
    4.241950472200010e+01
  ],
  ""type"": ""Point""
}","{
  ""coordinates"": [
    -83.023704285,
    42.419504722
  ],
  ""type"": ""Point""
}",-83.023704285,42.4195047220001
12677,9361086,WARREN,HARDING,2015-06-05,5,6,2015,11,6,5,9,,4,0,,1,1,1,35,6,2,1,5,0,0,0,0,true,,false,false,true,false,false,,,,,,false,false,false,,,false,false,false,false,false,-82.99152,42.38439,"{
  ""coordinates"": [
    -8.299152468599991e+01,
    4.238438953000010e+01
  ],
  ""type"": ""Point""
}","{
  ""coordinates"": [
    -82.991524686,
    42.38438953
  ],
  ""type"": ""Point""
}",-82.9915246859999,42.3843895300001
12678,9361107,RANDOLPH,CONGRESS,2015-06-05,5,6,2015,16,6,5,3,,1,0,,1,1,1,0,2,2,3,5,0,0,0,0,true,,false,false,false,false,false,,,,,,false,false,true,,,false,false,false,false,false,-83.04298,42.33133,"{
  ""coordinates"": [
    -8.304298072700000e+01,
    4.233132877100010e+01
  ],
  ""type"": ""Point""
}","{
  ""coordinates"": [
    -83.042980727,
    42.331328771
  ],
  ""type"": ""Point""
}",-83.042980727,42.3313287710001
12679,9361118,VERNOR,ALGONQUIN,2015-06-05,5,6,2015,18,6,4,9,,4,0,,1,1,1,30,4,2,3,3,0,0,1,0,false,,true,false,false,false,false,,,,,,false,false,false,,,false,false,false,false,false,-82.96047,42.37632,"{
  ""coordinates"": [
    -8.296046881500000e+01,
    4.237631951300010e+01
  ],
  ""type"": ""Point""
}","{
  ""coordinates"": [
    -82.960468815,
    42.376319513
  ],
  ""type"": ""Point""
}",-82.960468815,42.3763195130001
12680,9293016,M10,LINWOOD,2015-06-05,5,6,2015,22,6,1,3,,1,1,,1,2,4,55,3,1,2,5,0,0,0,0,true,,false,false,true,false,false,,,,,,false,false,false,,,false,false,false,false,false,-83.11879,42.40377,"{
  ""coordinates"": [
    -8.311879065200000e+01,
    4.240376578500010e+01
  ],
  ""type"": ""Point""
}","{
  ""coordinates"": [
    -83.118790652,
    42.403765785
  ],
  ""type"": ""Point""
}",-83.118790652,42.4037657850001
12681,9284642,WYOMING,INTERVALE,2015-06-05,5,6,2015,13,6,5,9,,4,0,,1,2,1,30,3,3,3,5,0,0,0,0,true,,false,false,true,false,false,,,,,,false,true,true,,,false,false,false,false,false,-83.15922,42.39192,"{
  ""coordinates"": [
    -8.315921418200000e+01,
    4.239192304900010e+01
  ],
  ""type"": ""Point""
}","{
  ""coordinates"": [
    -83.159214182,
    42.391923049
  ],
  ""type"": ""Point""
}",-83.159214182,42.3919230490001
12682,9285160,I-96,LIVERNOIS,2015-06-05,5,6,2015,22,6,5,1,,1,0,,1,1,4,70,4,2,1,5,0,0,0,0,true,,false,false,true,false,false,,,,,,false,false,true,,,false,false,true,false,false,-83.14041,42.36776,"{
  ""coordinates"": [
    -8.314041471300000e+01,
    4.236775756300010e+01
  ],
  ""type"": ""Point""
}","{
  ""coordinates"": [
    -83.140414713,
    42.367757563
  ],
  ""type"": ""Point""
}",-83.140414713,42.3677575630001
12683,9284753,NORWOOD,EMERY,2015-06-05,5,6,2015,17,6,4,9,,,0,,1,2,1,25,1,2,3,5,0,0,0,0,true,,true,false,false,false,false,,,,,,false,false,true,,,false,false,false,false,false,-83.06731,42.43568,"{
  ""coordinates"": [
    -8.306731256099989e+01,
    4.243568344500010e+01
  ],
  ""type"": ""Point""
}","{
  ""coordinates"": [
    -83.067312561,
    42.435683445
  ],
  ""type"": ""Point""
}",-83.0673125609999,42.4356834450001
12684,9284559,E I 96,RAMP 145A,2015-06-05,5,6,2015,8,6,5,1,,1,0,,1,1,1,55,1,2,2,4,0,0,0,2,false,,false,false,false,false,false,,,,,,false,true,true,,,false,false,false,false,false,-83.09288,42.33962,"{
  ""coordinates"": [
    -8.309287692899990e+01,
    4.233962404000000e+01
  ],
  ""type"": ""Point""
}","{
  ""coordinates"": [
    -83.092876929,
    42.33962404
  ],
  ""type"": ""Point""
}",-83.0928769289999,42.33962404
12685,9290285,INTERVALE,INDIANA,2015-06-05,5,6,2015,6,6,8,9,,,0,,1,1,2,25,2,2,0,5,0,0,0,0,true,,false,false,true,false,false,,,,,,false,false,false,,,false,false,false,false,false,-83.15712,42.3917,"{
  ""coordinates"": [
    -8.315711621799990e+01,
    4.239169608800010e+01
  ],
  ""type"": ""Point""
}","{
  ""coordinates"": [
    -83.157116218,
    42.391696088
  ],
  ""type"": ""Point""
}",-83.1571162179999,42.3916960880001
12686,9292407,VAN DYKE,KENNEY,2015-06-05,5,6,2015,16,6,8,3,,1,0,,1,2,2,30,5,2,2,5,0,0,0,0,true,,false,false,false,false,false,,,,,,false,true,true,,,false,false,false,false,false,-83.02328,42.40848,"{
  ""coordinates"": [
    -8.302328164999990e+01,
    4.240848022800000e+01
  ],
  ""type"": ""Point""
}","{
  ""coordinates"": [
    -83.02328165,
    42.408480228
  ],
  ""type"": ""Point""
}",-83.0232816499999,42.408480228
12687,9361018,DEQUNDIRE,MCNICHOLES,2015-06-05,5,6,2015,8,6,4,9,,4,0,,1,1,1,35,2,2,2,5,0,0,0,0,true,,false,false,false,false,false,,,,,,false,false,false,,,false,false,false,false,false,-83.08224,42.41843,"{
  ""coordinates"": [
    -8.308224124500001e+01,
    4.241843060800010e+01
  ],
  ""type"": ""Point""
}","{
  ""coordinates"": [
    -83.082241245,
    42.418430608
  ],
  ""type"": ""Point""
}",-83.082241245,42.4184306080001
12688,9285180,E I 96,FULLERTON,2015-06-05,5,6,2015,10,6,1,1,,1,0,,1,1,1,70,4,1,2,5,0,0,0,0,true,,false,false,false,false,false,,,,,,false,false,true,,,false,false,false,false,false,-83.14701,42.38113,"{
  ""coordinates"": [
    -8.314701002899990e+01,
    4.238113148900000e+01
  ],
  ""type"": ""Point""
}","{
  ""coordinates"": [
    -83.147010029,
    42.381131489
  ],
  ""type"": ""Point""
}",-83.1470100289999,42.381131489
12689,9361099,MCNICHOLS,OUTER,2015-06-05,5,6,2015,14,6,5,9,,2,0,,2,4,1,30,6,2,2,5,0,0,0,0,true,,false,false,false,false,false,,,,,,false,true,false,,,false,false,false,false,false,-83.23236,42.41528,"{
  ""coordinates"": [
    -8.323235791799991e+01,
    4.241528292600000e+01
  ],
  ""type"": ""Point""
}","{
  ""coordinates"": [
    -83.232357918,
    42.415282926
  ],
  ""type"": ""Point""
}",-83.2323579179999,42.415282926
12690,9285165,I-94,M-10FWY,2015-06-05,5,6,2015,18,6,5,1,,1,0,,1,1,1,55,3,2,2,5,0,0,0,0,true,,false,false,false,false,false,,,,,,false,false,true,,,false,false,false,false,false,-83.07246,42.36174,"{
  ""coordinates"": [
    -8.307245320899990e+01,
    4.236174539800000e+01
  ],
  ""type"": ""Point""
}","{
  ""coordinates"": [
    -83.072453209,
    42.361745398
  ],
  ""type"": ""Point""
}",-83.0724532089999,42.361745398
12691,9290279,ATKINSON,LA SALLE,2015-06-05,5,6,2015,18,6,8,9,,,0,,1,1,1,25,2,2,3,5,0,0,0,0,true,,false,false,false,false,false,,,,,,false,false,false,,,false,false,false,false,false,-83.1064,42.3749,"{
  ""coordinates"": [
    -8.310639984800000e+01,
    4.237490582900010e+01
  ],
  ""type"": ""Point""
}","{
  ""coordinates"": [
    -83.106399848,
    42.374905829
  ],
  ""type"": ""Point""
}",-83.106399848,42.3749058290001
12692,9285326,ALGONQUIN,VERNOR,2015-06-05,5,6,2015,17,6,4,9,,,0,,1,1,1,30,4,2,2,5,0,0,0,0,true,,false,false,false,false,false,,,,,,false,false,false,,,false,false,false,false,false,-82.96047,42.37632,"{
  ""coordinates"": [
    -8.296046881500000e+01,
    4.237631951300010e+01
  ],
  ""type"": ""Point""
}","{
  ""coordinates"": [
    -82.960468815,
    42.376319513
  ],
  ""type"": ""Point""
}",-82.960468815,42.3763195130001
12693,9284733,RIVARD,ADELAIDE,2015-06-05,5,6,2015,10,6,97,9,,,0,,1,1,1,25,2,2,2,5,0,0,0,0,true,,false,false,false,false,false,,,,,,false,true,false,,,false,false,false,false,false,-83.04196,42.34587,"{
  ""coordinates"": [
    -8.304196339899990e+01,
    4.234587614500000e+01
  ],
  ""type"": ""Point""
}","{
  ""coordinates"": [
    -83.041963399,
    42.345876145
  ],
  ""type"": ""Point""
}",-83.0419633989999,42.345876145
12694,9288731,3RD,HOWARD,2015-06-05,5,6,2015,18,6,4,9,,4,0,,1,1,1,30,2,2,3,5,0,0,0,0,true,,false,false,false,false,false,,,,,,false,false,true,,,false,false,false,false,false,-83.05591,42.32933,"{
  ""coordinates"": [
    -8.305590665499990e+01,
    4.232932615900010e+01
  ],
  ""type"": ""Point""
}","{
  ""coordinates"": [
    -83.055906655,
    42.329326159
  ],
  ""type"": ""Point""
}",-83.0559066549999,42.3293261590001
12695,9286296,WHITTIER,HARPER,2015-06-05,5,6,2015,15,6,97,9,,4,0,,2,4,1,35,2,2,2,5,0,0,0,0,true,,false,false,false,false,false,,,,,,false,true,false,,,false,false,false,false,false,-82.94235,42.41241,"{
  ""coordinates"": [
    -8.294235105400000e+01,
    4.241240700700010e+01
  ],
  ""type"": ""Point""
}","{
  ""coordinates"": [
    -82.942351054,
    42.412407007
  ],
  ""type"": ""Point""
}",-82.942351054,42.4124070070001
12696,9284730,GRAND RIVER,OUTER,2015-06-05,5,6,2015,15,6,5,3,,1,0,,1,1,1,35,6,2,2,5,0,0,0,0,true,,false,false,false,false,false,,,,,,false,false,false,,,false,false,false,false,false,-83.23177,42.40612,"{
  ""coordinates"": [
    -8.323177133900001e+01,
    4.240612158200000e+01
  ],
  ""type"": ""Point""
}","{
  ""coordinates"": [
    -83.231771339,
    42.406121582
  ],
  ""type"": ""Point""
}",-83.231771339,42.406121582
12697,9622116,ASBUURY,GROVE,2015-06-05,5,6,2015,12,6,4,9,,4,0,,1,2,1,25,2,2,2,5,0,0,0,0,true,,true,false,true,true,true,,,,,,false,false,false,,,false,false,false,false,false,-83.20896,42.41397,"{
  ""coordinates"": [
    -8.320896222499989e+01,
    4.241397388400000e+01
  ],
  ""type"": ""Point""
}","{
  ""coordinates"": [
    -83.208962225,
    42.413973884
  ],
  ""type"": ""Point""
}",-83.2089622249999,42.413973884
12698,9361029,SCHOOLCRAFT,OUTER,2015-06-05,5,6,2015,15,6,4,9,,4,0,,1,1,1,30,2,2,2,5,0,0,0,0,true,,true,true,false,false,false,,,,,,false,false,true,,,false,false,false,false,false,-83.25616,42.38504,"{
  ""coordinates"": [
    -8.325616479699990e+01,
    4.238503607800000e+01
  ],
  ""type"": ""Point""
}","{
  ""coordinates"": [
    -83.256164797,
    42.385036078
  ],
  ""type"": ""Point""
}",-83.2561647969999,42.385036078
12699,9361083,BLUEHILL,HARPER,2015-06-05,5,6,2015,17,6,97,9,,,0,,1,1,1,25,2,2,1,5,0,0,0,0,true,,false,false,false,false,false,,,,,,false,false,false,,,false,false,false,false,false,-82.93361,42.41531,"{
  ""coordinates"": [
    -8.293361011300000e+01,
    4.241531180900010e+01
  ],
  ""type"": ""Point""
}","{
  ""coordinates"": [
    -82.933610113,
    42.415311809
  ],
  ""type"": ""Point""
}",-82.933610113,42.4153118090001
12700,9284538,LAFAYETTE,BEAUBIEN,2015-06-05,5,6,2015,13,6,5,9,,4,0,,1,1,1,25,2,2,2,5,0,0,0,0,true,,false,false,false,false,false,,,,,,false,false,false,,,false,false,false,false,false,-83.04182,42.33402,"{
  ""coordinates"": [
    -8.304181575599991e+01,
    4.233402245100010e+01
  ],
  ""type"": ""Point""
}","{
  ""coordinates"": [
    -83.041815756,
    42.334022451
  ],
  ""type"": ""Point""
}",-83.0418157559999,42.3340224510001
12701,9285302,HARPER,JOHN R,2015-06-05,5,6,2015,14,6,5,9,,,0,,1,1,1,30,4,2,3,5,0,0,0,0,true,,false,false,false,false,false,,,,,,false,false,false,,,false,false,false,false,false,-83.06781,42.36607,"{
  ""coordinates"": [
    -8.306781016399999e+01,
    4.236606583700010e+01
  ],
  ""type"": ""Point""
}","{
  ""coordinates"": [
    -83.067810164,
    42.366065837
  ],
  ""type"": ""Point""
}",-83.067810164,42.3660658370001
12702,9286290,HAYES,PROMENADE,2015-06-05,5,6,2015,14,6,4,9,,4,0,,2,4,1,30,3,2,2,5,0,0,0,0,true,,false,false,false,false,false,,,,,,false,false,false,,,false,false,false,false,false,-82.96471,42.4136,"{
  ""coordinates"": [
    -8.296471387500000e+01,
    4.241360051300010e+01
  ],
  ""type"": ""Point""
}","{
  ""coordinates"": [
    -82.964713875,
    42.413600513
  ],
  ""type"": ""Point""
}",-82.964713875,42.4136005130001
12703,9361026,SCHAEFER,CHIPPEWA,2015-06-05,5,6,2015,21,6,97,9,,4,0,,1,1,4,30,4,2,2,5,0,0,0,0,true,,false,false,false,false,false,,,,,,false,false,false,,,false,false,false,false,false,-83.18084,42.44084,"{
  ""coordinates"": [
    -8.318084334400000e+01,
    4.244084064600000e+01
  ],
  ""type"": ""Point""
}","{
  ""coordinates"": [
    -83.180843344,
    42.440840646
  ],
  ""type"": ""Point""
}",-83.180843344,42.440840646
12704,9285983,M-39,FORD,2015-06-05,5,6,2015,5,6,5,3,,1,0,,1,1,4,55,3,2,2,5,0,0,0,0,true,,false,false,false,false,false,,,,,,false,false,true,,,false,false,false,false,false,-83.21532,42.33273,"{
  ""coordinates"": [
    -8.321531812800001e+01,
    4.233272839000010e+01
  ],
  ""type"": ""Point""
}","{
  ""coordinates"": [
    -83.215318128,
    42.33272839
  ],
  ""type"": ""Point""
}",-83.215318128,42.3327283900001
12705,9284742,GRAND RIVER,COOLEY,2015-06-05,5,6,2015,4,6,1,3,,1,1,,1,1,4,35,5,1,1,5,0,0,0,0,true,,false,false,false,false,false,,,,,,false,false,true,,,false,false,false,false,false,-83.26079,42.41776,"{
  ""coordinates"": [
    -8.326078930499990e+01,
    4.241775776700010e+01
  ],
  ""type"": ""Point""
}","{
  ""coordinates"": [
    -83.260789305,
    42.417757767
  ],
  ""type"": ""Point""
}",-83.2607893049999,42.4177577670001
12706,9284560,E I 96,GRAND,2015-06-05,5,6,2015,12,6,97,1,,1,0,,1,2,1,55,4,2,4,5,0,0,0,0,true,,false,false,false,false,false,,,,,,false,false,false,,,false,false,false,false,false,-83.11047,42.35569,"{
  ""coordinates"": [
    -8.311047255800000e+01,
    4.235569450700010e+01
  ],
  ""type"": ""Point""
}","{
  ""coordinates"": [
    -83.110472558,
    42.355694507
  ],
  ""type"": ""Point""
}",-83.110472558,42.3556945070001
12707,9284644,PURITAN,SUSSEX,2015-06-05,5,6,2015,10,6,4,9,,4,0,,1,1,1,35,2,2,2,5,0,0,0,0,true,,false,false,false,false,false,,,,,,false,false,false,,,false,false,false,false,false,-83.19527,42.40886,"{
  ""coordinates"": [
    -8.319527796400000e+01,
    4.240886261800010e+01
  ],
  ""type"": ""Point""
}","{
  ""coordinates"": [
    -83.195277964,
    42.408862618
  ],
  ""type"": ""Point""
}",-83.195277964,42.4088626180001
12708,9288694,NB I-75,WARREN,2015-06-05,5,6,2015,14,6,5,1,,1,0,,1,2,1,55,4,4,4,5,0,0,0,0,true,,false,false,false,false,false,,,,,,false,false,true,,,false,false,false,false,false,-83.05407,42.36058,"{
  ""coordinates"": [
    -8.305406667499990e+01,
    4.236058611100000e+01
  ],
  ""type"": ""Point""
}","{
  ""coordinates"": [
    -83.054066675,
    42.360586111
  ],
  ""type"": ""Point""
}",-83.0540666749999,42.360586111
12709,9284542,NB I-75,GRAND RIVER,2015-06-05,5,6,2015,8,6,8,1,,1,0,,1,1,1,55,3,2,2,5,0,0,0,0,true,,false,false,false,false,false,,,,,,false,true,false,,,false,false,false,false,false,-83.05448,42.3391,"{
  ""coordinates"": [
    -8.305447780299990e+01,
    4.233910135900000e+01
  ],
  ""type"": ""Point""
}","{
  ""coordinates"": [
    -83.054477803,
    42.339101359
  ],
  ""type"": ""Point""
}",-83.0544778029999,42.339101359
12710,9285186,N/B M39,8 MILE,2015-06-05,5,6,2015,14,6,5,3,,1,0,,1,2,1,55,3,4,4,5,0,0,0,0,true,,false,false,true,false,false,,,,,,false,false,false,,,false,false,false,false,false,-83.21967,42.44279,"{
  ""coordinates"": [
    -8.321966615199990e+01,
    4.244279380900010e+01
  ],
  ""type"": ""Point""
}","{
  ""coordinates"": [
    -83.219666152,
    42.442793809
  ],
  ""type"": ""Point""
}",-83.2196661519999,42.4427938090001
12711,9361127,SCHOENHERR,7 MILE,2015-06-05,5,6,2015,15,6,5,9,,4,0,,2,2,1,30,7,2,6,4,0,0,0,1,false,,false,false,false,false,false,,,,,,false,false,false,,,false,false,false,false,false,-82.98512,42.43484,"{
  ""coordinates"": [
    -8.298511312600000e+01,
    4.243484359600010e+01
  ],
  ""type"": ""Point""
}","{
  ""coordinates"": [
    -82.985113126,
    42.434843596
  ],
  ""type"": ""Point""
}",-82.985113126,42.4348435960001
12712,9293964,HAYES,SEYMOUR,2015-06-05,5,6,2015,14,6,5,9,,4,0,,2,1,1,30,5,2,1,5,0,0,0,0,true,,false,false,true,false,false,,,,,,false,false,false,,,false,false,false,false,false,-82.96526,42.42719,"{
  ""coordinates"": [
    -8.296525947799999e+01,
    4.242719432100010e+01
  ],
  ""type"": ""Point""
}","{
  ""coordinates"": [
    -82.965259478,
    42.427194321
  ],
  ""type"": ""Point""
}",-82.965259478,42.4271943210001
12713,9284543,NB 75,8 MILE,2015-06-05,5,6,2015,14,6,5,1,,1,0,,2,4,1,70,4,2,2,5,0,0,0,0,true,,false,false,false,false,false,,,,,,false,false,true,,,false,false,false,false,false,-83.09492,42.43956,"{
  ""coordinates"": [
    -8.309492860099991e+01,
    4.243956051400000e+01
  ],
  ""type"": ""Point""
}","{
  ""coordinates"": [
    -83.094928601,
    42.439560514
  ],
  ""type"": ""Point""
}",-83.0949286009999,42.439560514
12714,9303634,CARPENTER,KLINGER,2015-06-05,5,6,2015,10,6,4,9,,4,0,,1,1,1,25,2,2,2,4,0,0,0,1,false,,false,false,false,false,false,,,,,,false,true,true,,,false,false,false,false,false,-83.05891,42.4083,"{
  ""coordinates"": [
    -8.305890506599999e+01,
    4.240830210600010e+01
  ],
  ""type"": ""Point""
}","{
  ""coordinates"": [
    -83.058905066,
    42.408302106
  ],
  ""type"": ""Point""
}",-83.058905066,42.4083021060001
12715,9361087,DICKERSON,OUTER,2015-06-05,5,6,2015,18,6,4,9,,4,0,,1,1,1,30,2,2,3,3,0,0,1,1,false,,true,true,false,false,false,,,,,,false,true,true,,,false,false,false,false,false,-82.97933,42.41213,"{
  ""coordinates"": [
    -8.297933081900000e+01,
    4.241213152400010e+01
  ],
  ""type"": ""Point""
}","{
  ""coordinates"": [
    -82.979330819,
    42.412131524
  ],
  ""type"": ""Point""
}",-82.979330819,42.4121315240001
12716,9295371,SUNDERLAND,PURTAIN,2015-06-05,5,6,2015,22,6,1,9,,,1,,1,1,4,25,2,1,2,2,0,2,0,0,false,,false,false,false,true,false,,,,,,false,false,false,,,false,false,false,false,false,-83.2275,42.40813,"{
  ""coordinates"": [
    -8.322749982399991e+01,
    4.240813021800010e+01
  ],
  ""type"": ""Point""
}","{
  ""coordinates"": [
    -83.227499824,
    42.408130218
  ],
  ""type"": ""Point""
}",-83.2274998239999,42.4081302180001
12717,9292328,CONLEY,OUTER,2015-06-05,5,6,2015,22,6,5,9,,,0,,1,1,4,25,2,2,0,5,0,0,0,0,true,,false,false,true,false,false,,,,,,false,false,false,,,false,false,false,false,false,-83.05298,42.44053,"{
  ""coordinates"": [
    -8.305297578200000e+01,
    4.244053066500000e+01
  ],
  ""type"": ""Point""
}","{
  ""coordinates"": [
    -83.052975782,
    42.440530665
  ],
  ""type"": ""Point""
}",-83.052975782,42.440530665
12718,9301375,M-10,7 MILE,2015-06-05,5,6,2015,16,6,8,3,,1,0,,1,2,1,55,3,2,2,5,0,0,0,0,true,,false,false,true,false,false,,,,,,false,true,false,,,false,false,false,false,false,-83.18076,42.42533,"{
  ""coordinates"": [
    -8.318075791000000e+01,
    4.242533314500000e+01
  ],
  ""type"": ""Point""
}","{
  ""coordinates"": [
    -83.18075791,
    42.425333145
  ],
  ""type"": ""Point""
}",-83.18075791,42.425333145
12719,9285157,EB I-94,DICKERSON,2015-06-05,5,6,2015,10,6,5,1,,1,3,,1,1,1,55,3,2,1,4,0,0,0,1,false,,false,false,true,false,false,,,,,,false,false,false,,,false,false,false,false,false,-82.97673,42.40054,"{
  ""coordinates"": [
    -8.297673384399999e+01,
    4.240054219200000e+01
  ],
  ""type"": ""Point""
}","{
  ""coordinates"": [
    -82.976733844,
    42.400542192
  ],
  ""type"": ""Point""
}",-82.976733844,42.400542192
12720,9368733,7 MILE,CARRIE,2015-06-05,5,6,2015,21,6,5,9,,4,0,,1,1,4,0,4,2,5,5,0,0,0,0,true,,false,false,true,false,false,,,,,,false,false,false,,,false,false,false,false,false,-83.03073,42.43384,"{
  ""coordinates"": [
    -8.303073464499990e+01,
    4.243383673500010e+01
  ],
  ""type"": ""Point""
}","{
  ""coordinates"": [
    -83.030734645,
    42.433836735
  ],
  ""type"": ""Point""
}",-83.0307346449999,42.4338367350001
12721,9285148,N M 39,I 96 SERVICE DRIVE,2015-06-05,5,6,2015,16,6,5,3,,1,0,,1,2,1,55,3,3,3,5,0,0,0,0,true,,false,false,false,false,false,,,,,,false,false,false,,,false,false,false,false,false,-83.21679,42.37694,"{
  ""coordinates"": [
    -8.321678732600000e+01,
    4.237694282000010e+01
  ],
  ""type"": ""Point""
}","{
  ""coordinates"": [
    -83.216787326,
    42.37694282
  ],
  ""type"": ""Point""
}",-83.216787326,42.3769428200001