ObjectId,Crash ID,Primary Road,Intersecting Road,Crash Date,Day,Month,Year,Hour,Weekday,Crash Type Code,Highway Classification Code,Community Code,Jurisdiction Code,Lane Departure Type Code,Surface Type,Road Condition,Weather Condition,Lighting Condition,Speed Limit,Lanes,Units,Occupants,Most Severe Injury,Fatal Injuries,Suspected Serious Injuries,Suspected Minor Injuries,Possible Injuries,Property Damage Only,Secondary Crash,Traffic Control,Red Light Run,Hit and Run,Alcohol,Drugs,Unbelted Person,Work Zone,Speeding Driver,Distracted Driver,Driveway,Pedestrian,Elderly Driver,Young Driver,Commercial Vehicle,Emergency Vehicles,Train,School Bus,Motorcycle,Bicycle,Deer,Longitude,Latitude,geom,geog,x,y
12779,9361044,GRATIOT,CONNER,2015-06-03,3,6,2015,16,4,8,3,,1,0,,1,1,1,45,7,2,1,5,0,0,0,0,true,,false,false,false,false,false,,,,,,false,true,false,,,false,false,false,false,false,-82.99754,42.40484,"{
  ""coordinates"": [
    -8.299753756599991e+01,
    4.240484305200000e+01
  ],
  ""type"": ""Point""
}","{
  ""coordinates"": [
    -82.997537566,
    42.404843052
  ],
  ""type"": ""Point""
}",-82.9975375659999,42.404843052
12780,9284663,HORATIO,GILBERT,2015-06-03,3,6,2015,8,4,5,9,,,0,,1,1,1,25,2,3,0,5,0,0,0,0,true,,false,false,true,false,false,,,,,,false,false,false,,,false,false,false,false,false,-83.12193,42.33652,"{
  ""coordinates"": [
    -8.312193197800001e+01,
    4.233652443300010e+01
  ],
  ""type"": ""Point""
}","{
  ""coordinates"": [
    -83.121931978,
    42.336524433
  ],
  ""type"": ""Point""
}",-83.121931978,42.3365244330001
12781,9291217,S I 75,RAMP 216J,2015-06-03,3,6,2015,19,4,5,1,,1,0,,1,1,1,70,3,3,3,5,0,0,0,0,true,,false,false,false,false,false,,,,,,false,false,true,,,false,false,false,false,false,-83.05882,42.36983,"{
  ""coordinates"": [
    -8.305881325599999e+01,
    4.236982909900010e+01
  ],
  ""type"": ""Point""
}","{
  ""coordinates"": [
    -83.058813256,
    42.369829099
  ],
  ""type"": ""Point""
}",-83.058813256,42.3698290990001
12782,9284309,FORRER,WARREN,2015-06-03,3,6,2015,9,4,9,9,,,2,,1,1,1,25,1,2,1,5,0,0,0,0,true,,false,false,false,false,false,,,,,,false,false,false,,,false,false,false,false,false,-83.19987,42.34252,"{
  ""coordinates"": [
    -8.319987434200000e+01,
    4.234251671200010e+01
  ],
  ""type"": ""Point""
}","{
  ""coordinates"": [
    -83.199874342,
    42.342516712
  ],
  ""type"": ""Point""
}",-83.199874342,42.3425167120001
12783,9284734,FISHER,SYLVESTER,2015-06-03,3,6,2015,8,4,2,9,,,0,,1,1,1,25,1,2,3,5,0,0,0,0,true,,false,false,true,false,false,,,,,,false,false,false,,,false,false,false,false,false,-83.00122,42.37236,"{
  ""coordinates"": [
    -8.300121782199990e+01,
    4.237236369100000e+01
  ],
  ""type"": ""Point""
}","{
  ""coordinates"": [
    -83.001217822,
    42.372363691
  ],
  ""type"": ""Point""
}",-83.0012178219999,42.372363691
12784,9284314,PEERLESS,CASINO,2015-06-03,3,6,2015,2,4,5,9,,,0,,1,1,4,25,1,2,0,5,0,0,0,0,true,,false,false,true,false,false,,,,,,false,false,false,,,false,false,false,false,false,-82.93832,42.42365,"{
  ""coordinates"": [
    -8.293832418600000e+01,
    4.242364360200000e+01
  ],
  ""type"": ""Point""
}","{
  ""coordinates"": [
    -82.938324186,
    42.423643602
  ],
  ""type"": ""Point""
}",-82.938324186,42.423643602
12785,9285144,W/B I 96,TELEGRAPH,2015-06-03,3,6,2015,16,4,8,1,,1,0,,1,1,1,70,5,2,3,5,0,0,0,0,true,,false,false,true,false,false,,,,,,false,false,false,,,false,false,false,false,false,-83.27115,42.38563,"{
  ""coordinates"": [
    -8.327114726799989e+01,
    4.238562720300010e+01
  ],
  ""type"": ""Point""
}","{
  ""coordinates"": [
    -83.271147268,
    42.385627203
  ],
  ""type"": ""Point""
}",-83.2711472679999,42.3856272030001
12786,9284307,HEYDEN,CAPITOL,2015-06-03,3,6,2015,17,4,9,9,,,2,,1,1,1,25,2,2,1,5,0,0,0,0,true,,false,false,false,false,false,,,,,,false,false,false,,,false,false,false,false,false,-83.23891,42.37655,"{
  ""coordinates"": [
    -8.323891743000000e+01,
    4.237655256200000e+01
  ],
  ""type"": ""Point""
}","{
  ""coordinates"": [
    -83.23891743,
    42.376552562
  ],
  ""type"": ""Point""
}",-83.23891743,42.376552562
12787,9341904,8 MILE,BERG,2015-06-03,3,6,2015,16,4,1,3,,1,0,,1,1,1,45,4,1,1,5,0,0,0,0,true,,false,false,false,false,false,,,,,,false,false,false,,,false,false,false,false,true,-83.26883,42.44298,"{
  ""coordinates"": [
    -8.326883167299999e+01,
    4.244298295500000e+01
  ],
  ""type"": ""Point""
}","{
  ""coordinates"": [
    -83.268831673,
    42.442982955
  ],
  ""type"": ""Point""
}",-83.268831673,42.442982955
12788,9368577,MCNICHOLS,SCHAEFER,2015-06-03,3,6,2015,13,4,5,9,,2,0,,1,1,1,35,4,2,5,3,0,0,1,0,false,,false,false,false,false,false,,,,,,false,false,true,,,false,false,false,false,false,-83.18008,42.41658,"{
  ""coordinates"": [
    -8.318007371800000e+01,
    4.241658388300000e+01
  ],
  ""type"": ""Point""
}","{
  ""coordinates"": [
    -83.180073718,
    42.416583883
  ],
  ""type"": ""Point""
}",-83.180073718,42.416583883
12789,9368605,S I 75 SERVICE DRIVE,MACK,2015-06-03,3,6,2015,9,4,7,1,,4,0,,1,1,1,0,3,2,42,5,0,0,0,0,true,,false,false,false,false,false,,,,,,false,true,false,,,false,false,false,false,false,-83.0486,42.35113,"{
  ""coordinates"": [
    -8.304859751299990e+01,
    4.235113161000000e+01
  ],
  ""type"": ""Point""
}","{
  ""coordinates"": [
    -83.048597513,
    42.35113161
  ],
  ""type"": ""Point""
}",-83.0485975129999,42.35113161
12790,9284222,E/B I 94,LINWOOD,2015-06-03,3,6,2015,18,4,8,1,,1,0,,1,1,1,55,3,2,2,5,0,0,0,0,true,,false,false,false,false,false,,,,,,false,false,false,,,false,false,false,false,false,-83.09193,42.35236,"{
  ""coordinates"": [
    -8.309193067400000e+01,
    4.235236213000010e+01
  ],
  ""type"": ""Point""
}","{
  ""coordinates"": [
    -83.091930674,
    42.35236213
  ],
  ""type"": ""Point""
}",-83.091930674,42.3523621300001
12791,9368671,CHENE,PRINCE HALL,2015-06-03,3,6,2015,8,4,1,9,,4,1,,1,1,1,25,3,1,2,4,0,0,0,2,false,,false,false,false,false,false,,,,,,false,false,false,,,false,false,false,false,false,-83.02634,42.34712,"{
  ""coordinates"": [
    -8.302634422900000e+01,
    4.234711682600000e+01
  ],
  ""type"": ""Point""
}","{
  ""coordinates"": [
    -83.026344229,
    42.347116826
  ],
  ""type"": ""Point""
}",-83.026344229,42.347116826
12792,9284649,INTERVALE,WYOMING,2015-06-03,3,6,2015,11,4,1,9,,,0,,1,1,1,30,4,2,1,4,0,0,0,1,false,,false,false,true,false,false,,,,,,true,false,false,,,false,false,false,false,false,-83.1592,42.39165,"{
  ""coordinates"": [
    -8.315920119399991e+01,
    4.239164812000010e+01
  ],
  ""type"": ""Point""
}","{
  ""coordinates"": [
    -83.159201194,
    42.39164812
  ],
  ""type"": ""Point""
}",-83.1592011939999,42.3916481200001
12793,9284252,I-75,MCNICHOLS,2015-06-03,3,6,2015,9,4,5,1,,1,0,,1,1,1,55,4,3,3,5,0,0,0,0,true,,false,false,false,false,false,,,,,,false,false,false,,,false,false,false,false,false,-83.08824,42.41846,"{
  ""coordinates"": [
    -8.308824267400000e+01,
    4.241845971000000e+01
  ],
  ""type"": ""Point""
}","{
  ""coordinates"": [
    -83.088242674,
    42.41845971
  ],
  ""type"": ""Point""
}",-83.088242674,42.41845971
12794,9284303,STURGIS,ALBION,2015-06-03,3,6,2015,15,4,5,9,,,0,,1,1,1,25,1,2,1,5,0,0,0,0,true,,false,false,false,false,false,,,,,,false,false,false,,,false,false,false,false,false,-83.00596,42.43864,"{
  ""coordinates"": [
    -8.300595892900000e+01,
    4.243864377700000e+01
  ],
  ""type"": ""Point""
}","{
  ""coordinates"": [
    -83.005958929,
    42.438643777
  ],
  ""type"": ""Point""
}",-83.005958929,42.438643777
12795,9288769,LODGE,WYOMING,2015-06-03,3,6,2015,8,4,5,9,,4,0,,97,98,98,55,3,2,1,5,0,0,0,0,true,,false,false,false,false,false,,,,,,false,false,false,,,false,false,false,false,false,-83.15979,42.40563,"{
  ""coordinates"": [
    -8.315979295999990e+01,
    4.240563056000010e+01
  ],
  ""type"": ""Point""
}","{
  ""coordinates"": [
    -83.15979296,
    42.40563056
  ],
  ""type"": ""Point""
}",-83.1597929599999,42.4056305600001
12796,9284255,RAMP 122E,N I 75 CD,2015-06-03,3,6,2015,8,4,5,3,,1,0,,1,1,1,55,1,2,2,4,0,0,0,2,false,,false,false,false,false,false,,,,,,false,false,false,,,false,false,false,false,false,-83.06493,42.33415,"{
  ""coordinates"": [
    -8.306493477399989e+01,
    4.233414754900010e+01
  ],
  ""type"": ""Point""
}","{
  ""coordinates"": [
    -83.064934774,
    42.334147549
  ],
  ""type"": ""Point""
}",-83.0649347739999,42.3341475490001
12797,9284223,I 94,LINWOOD,2015-06-03,3,6,2015,18,4,5,1,,1,0,,1,1,1,55,3,2,2,5,0,0,0,0,true,,false,false,false,false,false,,,,,,false,false,true,,,false,false,false,false,false,-83.09193,42.35236,"{
  ""coordinates"": [
    -8.309193067400000e+01,
    4.235236213000010e+01
  ],
  ""type"": ""Point""
}","{
  ""coordinates"": [
    -83.091930674,
    42.35236213
  ],
  ""type"": ""Point""
}",-83.091930674,42.3523621300001
12798,9368686,HARPER,OUTER,2015-06-03,3,6,2015,8,4,4,9,,4,0,,1,1,1,30,2,2,2,5,0,0,0,0,true,,false,false,false,false,false,,,,,,false,false,true,,,false,false,false,false,false,-82.96085,42.40576,"{
  ""coordinates"": [
    -8.296084655200001e+01,
    4.240576090800000e+01
  ],
  ""type"": ""Point""
}","{
  ""coordinates"": [
    -82.960846552,
    42.405760908
  ],
  ""type"": ""Point""
}",-82.960846552,42.405760908
12799,9284259,W I 94,HARPER,2015-06-03,3,6,2015,17,4,5,1,,1,0,,1,1,1,55,3,3,3,5,0,0,0,0,true,,false,false,false,false,false,,,,,,false,false,false,,,false,false,false,false,false,-82.94829,42.40926,"{
  ""coordinates"": [
    -8.294828874900000e+01,
    4.240926403600000e+01
  ],
  ""type"": ""Point""
}","{
  ""coordinates"": [
    -82.948288749,
    42.409264036
  ],
  ""type"": ""Point""
}",-82.948288749,42.409264036
12800,9284537,GRATIOT,FARMER,2015-06-03,3,6,2015,17,4,5,9,,4,0,,1,1,1,35,2,2,2,5,0,0,0,0,true,,false,false,false,false,false,,,,,,false,false,false,,,false,false,false,false,false,-83.04673,42.33341,"{
  ""coordinates"": [
    -8.304673008100001e+01,
    4.233341279700010e+01
  ],
  ""type"": ""Point""
}","{
  ""coordinates"": [
    -83.046730081,
    42.333412797
  ],
  ""type"": ""Point""
}",-83.046730081,42.3334127970001
12801,9368602,N I 75,WARREN,2015-06-03,3,6,2015,20,4,8,1,,1,0,,1,1,4,0,2,2,1,5,0,0,0,0,true,,false,false,true,false,false,,,,,,false,false,false,,,false,false,false,false,false,-83.05421,42.36079,"{
  ""coordinates"": [
    -8.305420657600000e+01,
    4.236079398700010e+01
  ],
  ""type"": ""Point""
}","{
  ""coordinates"": [
    -83.054206576,
    42.360793987
  ],
  ""type"": ""Point""
}",-83.054206576,42.3607939870001
12802,9293997,WYOMING,FENKELL,2015-06-03,3,6,2015,8,4,5,9,,4,0,,1,1,1,35,4,2,13,4,0,0,0,1,false,,false,false,false,false,false,,,,,,false,false,false,,,false,true,false,false,false,-83.15971,42.40306,"{
  ""coordinates"": [
    -8.315970552000000e+01,
    4.240306362400000e+01
  ],
  ""type"": ""Point""
}","{
  ""coordinates"": [
    -83.15970552,
    42.403063624
  ],
  ""type"": ""Point""
}",-83.15970552,42.403063624
12803,9270590,SCHAEFER,S I 75,2015-06-03,3,6,2015,12,4,7,7,,1,0,,1,1,1,35,5,3,3,5,0,0,0,0,true,,false,false,false,false,false,,,,,,false,false,false,,,false,false,false,false,false,-83.15652,42.27734,"{
  ""coordinates"": [
    -8.315652523900000e+01,
    4.227734506800000e+01
  ],
  ""type"": ""Point""
}","{
  ""coordinates"": [
    -83.156525239,
    42.277345068
  ],
  ""type"": ""Point""
}",-83.156525239,42.277345068
12804,9341912,SANTA MARIA,MANSFIELD,2015-06-03,3,6,2015,21,4,1,9,,,0,,1,1,4,25,1,2,0,4,0,0,0,1,false,,false,false,true,false,false,,,,,,true,false,false,,,false,false,false,false,false,-83.20586,42.41765,"{
  ""coordinates"": [
    -8.320585986600000e+01,
    4.241764715400010e+01
  ],
  ""type"": ""Point""
}","{
  ""coordinates"": [
    -83.205859866,
    42.417647154
  ],
  ""type"": ""Point""
}",-83.205859866,42.4176471540001
12805,9284254,I-94,LIVERNOIS,2015-06-03,3,6,2015,16,4,5,1,,1,0,,1,1,1,55,3,2,2,5,0,0,0,0,true,,false,false,false,false,false,,,,,,false,false,false,,,false,false,false,false,false,-83.12518,42.33719,"{
  ""coordinates"": [
    -8.312517432800000e+01,
    4.233719289400010e+01
  ],
  ""type"": ""Point""
}","{
  ""coordinates"": [
    -83.125174328,
    42.337192894
  ],
  ""type"": ""Point""
}",-83.125174328,42.3371928940001
12806,9285285,SECOND,GRAND,2015-06-03,3,6,2015,11,4,8,9,,4,0,,1,1,1,0,3,2,3,5,0,0,0,0,true,,false,false,false,false,false,,,,,,false,false,false,,,false,false,false,false,false,-83.07674,42.36881,"{
  ""coordinates"": [
    -8.307673851399990e+01,
    4.236880796300010e+01
  ],
  ""type"": ""Point""
}","{
  ""coordinates"": [
    -83.076738514,
    42.368807963
  ],
  ""type"": ""Point""
}",-83.0767385139999,42.3688079630001
12807,9284249,DAVISON,M-10,2015-06-03,3,6,2015,9,4,5,3,,1,0,,1,1,1,55,5,2,2,4,0,0,0,1,false,,false,false,false,false,false,,,,,,false,false,true,,,false,false,false,false,false,-83.1106,42.39809,"{
  ""coordinates"": [
    -8.311059892599999e+01,
    4.239809373600010e+01
  ],
  ""type"": ""Point""
}","{
  ""coordinates"": [
    -83.110598926,
    42.398093736
  ],
  ""type"": ""Point""
}",-83.110598926,42.3980937360001
12808,9291249,M-39,GRAND RIVER,2015-06-03,3,6,2015,7,4,5,3,,1,0,,1,1,1,55,3,2,2,4,0,0,0,1,false,,false,false,false,false,false,,,,,,false,false,true,,,false,false,false,false,false,-83.21835,42.40211,"{
  ""coordinates"": [
    -8.321835673800000e+01,
    4.240211376800000e+01
  ],
  ""type"": ""Point""
}","{
  ""coordinates"": [
    -83.218356738,
    42.402113768
  ],
  ""type"": ""Point""
}",-83.218356738,42.402113768
12809,9292318,LIVERNOIS,MCNICHOLS,2015-06-03,3,6,2015,18,4,5,9,,4,0,,1,1,1,35,3,2,2,5,0,0,0,0,true,,false,false,false,false,false,,,,,,false,true,false,,,false,false,false,false,false,-83.14095,42.41713,"{
  ""coordinates"": [
    -8.314094162600000e+01,
    4.241713101800010e+01
  ],
  ""type"": ""Point""
}","{
  ""coordinates"": [
    -83.140941626,
    42.417131018
  ],
  ""type"": ""Point""
}",-83.140941626,42.4171310180001
12810,9285281,BENSON,HELEN,2015-06-03,3,6,2015,10,4,4,9,,,0,,1,1,1,25,2,2,2,5,0,0,0,0,true,,true,false,false,false,false,,,,,,false,true,false,,,false,false,false,false,false,-83.0126,42.36104,"{
  ""coordinates"": [
    -8.301260376300000e+01,
    4.236103783200010e+01
  ],
  ""type"": ""Point""
}","{
  ""coordinates"": [
    -83.012603763,
    42.361037832
  ],
  ""type"": ""Point""
}",-83.012603763,42.3610378320001
12811,9290298,SHERWOOD,8 MILE,2015-06-03,3,6,2015,7,4,8,3,,,0,,1,1,1,30,2,2,2,5,0,0,0,0,true,,false,false,false,false,false,,,,,,false,false,false,,,false,false,false,false,false,-83.03661,42.44793,"{
  ""coordinates"": [
    -8.303661236600000e+01,
    4.244792765100000e+01
  ],
  ""type"": ""Point""
}","{
  ""coordinates"": [
    -83.036612366,
    42.447927651
  ],
  ""type"": ""Point""
}",-83.036612366,42.447927651
12812,9284673,CICOTTE,PELOUZE,2015-06-03,3,6,2015,3,4,5,9,,,0,,1,1,4,25,1,3,0,5,0,0,0,0,true,,false,false,true,false,false,,,,,,false,false,false,,,false,false,false,false,false,-83.12529,42.33354,"{
  ""coordinates"": [
    -8.312529001800000e+01,
    4.233353655900000e+01
  ],
  ""type"": ""Point""
}","{
  ""coordinates"": [
    -83.125290018,
    42.333536559
  ],
  ""type"": ""Point""
}",-83.125290018,42.333536559
12813,9290288,N I 75,RAMP 044A,2015-06-03,3,6,2015,16,4,8,1,,1,0,,1,1,1,55,4,2,1,5,0,0,0,0,true,,false,false,false,false,false,,,,,,false,false,false,,,false,false,false,false,false,-83.05214,42.3577,"{
  ""coordinates"": [
    -8.305213809100000e+01,
    4.235769605700010e+01
  ],
  ""type"": ""Point""
}","{
  ""coordinates"": [
    -83.052138091,
    42.357696057
  ],
  ""type"": ""Point""
}",-83.052138091,42.3576960570001
12814,9284302,HAVERHILL,BREMEN,2015-06-03,3,6,2015,20,4,4,9,,,0,,1,1,1,25,2,2,2,5,0,0,0,0,true,,false,false,false,false,false,,,,,,false,false,true,,,false,false,false,false,false,-82.93852,42.39466,"{
  ""coordinates"": [
    -8.293852417799999e+01,
    4.239466584200010e+01
  ],
  ""type"": ""Point""
}","{
  ""coordinates"": [
    -82.938524178,
    42.394665842
  ],
  ""type"": ""Point""
}",-82.938524178,42.3946658420001
12815,9284324,CLARITA,SCHAEFER,2015-06-03,3,6,2015,15,4,9,9,,,0,,1,1,1,25,1,2,3,5,0,0,0,0,true,,false,false,false,false,false,,,,,,false,true,false,,,false,false,false,false,false,-83.1804,42.42929,"{
  ""coordinates"": [
    -8.318039846200000e+01,
    4.242928760800000e+01
  ],
  ""type"": ""Point""
}","{
  ""coordinates"": [
    -83.180398462,
    42.429287608
  ],
  ""type"": ""Point""
}",-83.180398462,42.429287608
12816,9404472,RAMP 112C,N M 10 SERVICE DRIVE,2015-06-03,3,6,2015,18,4,5,3,,1,0,,1,1,1,30,3,2,2,5,0,0,0,0,true,,true,false,false,false,false,,,,,,false,false,true,,,false,false,false,false,false,-83.09163,42.38143,"{
  ""coordinates"": [
    -8.309163138199990e+01,
    4.238142863100010e+01
  ],
  ""type"": ""Point""
}","{
  ""coordinates"": [
    -83.091631382,
    42.381428631
  ],
  ""type"": ""Point""
}",-83.0916313819999,42.3814286310001
12817,9284317,TACOMA,HICKORY,2015-06-03,3,6,2015,18,4,8,9,,,0,,1,1,1,25,2,2,4,5,0,0,0,0,true,,false,false,true,false,false,,,,,,false,false,false,,,false,false,false,false,false,-82.98927,42.44129,"{
  ""coordinates"": [
    -8.298927543699990e+01,
    4.244128701100000e+01
  ],
  ""type"": ""Point""
}","{
  ""coordinates"": [
    -82.989275437,
    42.441287011
  ],
  ""type"": ""Point""
}",-82.9892754369999,42.441287011
12818,9308618,LYNDON,WYOMING,2015-06-03,3,6,2015,0,4,5,9,,4,0,,1,1,4,25,3,2,2,5,0,0,0,0,true,,false,false,true,false,false,,,,,,false,false,false,,,false,false,false,false,false,-83.15934,42.39524,"{
  ""coordinates"": [
    -8.315934199100001e+01,
    4.239523847400010e+01
  ],
  ""type"": ""Point""
}","{
  ""coordinates"": [
    -83.159341991,
    42.395238474
  ],
  ""type"": ""Point""
}",-83.159341991,42.3952384740001
12819,9416033,MORAN,CAPENTER,2015-06-03,3,6,2015,7,4,9,9,,,2,,1,1,1,25,2,2,1,5,0,0,0,0,true,,false,false,true,false,false,,,,,,false,false,false,,,false,false,false,false,false,-83.05882,42.40987,"{
  ""coordinates"": [
    -8.305881860999990e+01,
    4.240987101000010e+01
  ],
  ""type"": ""Point""
}","{
  ""coordinates"": [
    -83.05881861,
    42.40987101
  ],
  ""type"": ""Point""
}",-83.0588186099999,42.4098710100001
12820,9368608,BLAINE,THIRD,2015-06-03,3,6,2015,15,4,97,9,,,0,,1,1,1,25,2,2,2,5,0,0,0,0,true,,false,false,false,false,false,,,,,,false,false,false,,,false,false,false,true,false,-83.08557,42.3774,"{
  ""coordinates"": [
    -8.308557325899990e+01,
    4.237740514500010e+01
  ],
  ""type"": ""Point""
}","{
  ""coordinates"": [
    -83.085573259,
    42.377405145
  ],
  ""type"": ""Point""
}",-83.0855732589999,42.3774051450001
12821,9284661,DIX,LONYO,2015-06-03,3,6,2015,9,4,4,9,,2,0,,1,1,1,35,4,2,3,4,0,0,0,1,false,,false,false,false,false,false,,,,,,false,false,false,,,false,false,false,false,false,-83.13429,42.31644,"{
  ""coordinates"": [
    -8.313429624600001e+01,
    4.231644300200000e+01
  ],
  ""type"": ""Point""
}","{
  ""coordinates"": [
    -83.134296246,
    42.316443002
  ],
  ""type"": ""Point""
}",-83.134296246,42.316443002
12822,9284315,ROSSINI,BROCK,2015-06-03,3,6,2015,1,4,5,9,,,0,,1,1,1,25,1,2,0,5,0,0,0,0,true,,false,false,true,false,false,,,,,,false,false,false,,,false,false,false,false,false,-82.96333,42.44369,"{
  ""coordinates"": [
    -8.296332195199990e+01,
    4.244368565300000e+01
  ],
  ""type"": ""Point""
}","{
  ""coordinates"": [
    -82.963321952,
    42.443685653
  ],
  ""type"": ""Point""
}",-82.9633219519999,42.443685653
12823,9361121,ALTER,JEFFERSON,2015-06-03,3,6,2015,12,4,8,9,,4,0,,1,1,1,15,2,2,1,5,0,0,0,0,true,,false,false,true,false,false,,,,,,false,false,false,,,false,false,false,false,false,-82.93951,42.37486,"{
  ""coordinates"": [
    -8.293951231999991e+01,
    4.237485999000010e+01
  ],
  ""type"": ""Point""
}","{
  ""coordinates"": [
    -82.93951232,
    42.37485999
  ],
  ""type"": ""Point""
}",-82.9395123199999,42.3748599900001
12824,9284236,W I 96,RAMP 008Q,2015-06-03,3,6,2015,18,4,1,1,,1,1,,1,1,1,70,3,1,1,3,0,0,1,0,false,,false,false,false,false,false,,,,,,false,false,false,,,false,false,false,false,false,-83.21225,42.37885,"{
  ""coordinates"": [
    -8.321225335100000e+01,
    4.237884553500000e+01
  ],
  ""type"": ""Point""
}","{
  ""coordinates"": [
    -83.212253351,
    42.378845535
  ],
  ""type"": ""Point""
}",-83.212253351,42.378845535
12825,9284235,S/B M-39,JOY,2015-06-03,3,6,2015,14,4,5,3,,1,0,,1,1,4,55,3,2,4,5,0,0,0,0,true,,false,false,false,false,false,,,,,,false,false,true,,,false,false,false,false,false,-83.21651,42.36147,"{
  ""coordinates"": [
    -8.321651552100001e+01,
    4.236146815200000e+01
  ],
  ""type"": ""Point""
}","{
  ""coordinates"": [
    -83.216515521,
    42.361468152
  ],
  ""type"": ""Point""
}",-83.216515521,42.361468152
12826,9284226,DAVISON RAMP 3047A,OAKLAND,2015-06-03,3,6,2015,18,4,5,3,,1,0,,1,1,1,55,2,3,3,5,0,0,0,0,true,,false,false,false,false,false,,,,,,false,false,false,,,false,false,false,false,false,-83.08079,42.40855,"{
  ""coordinates"": [
    -8.308079031200000e+01,
    4.240854511500000e+01
  ],
  ""type"": ""Point""
}","{
  ""coordinates"": [
    -83.080790312,
    42.408545115
  ],
  ""type"": ""Point""
}",-83.080790312,42.408545115
12827,9341908,MURRAY HILL,GROVE,2015-06-03,3,6,2015,20,4,97,9,,,0,,1,1,3,25,2,2,2,4,0,0,0,1,false,,false,false,true,false,false,,,,,,false,false,false,,,false,false,false,true,false,-83.20788,42.41394,"{
  ""coordinates"": [
    -8.320787855200000e+01,
    4.241393829800010e+01
  ],
  ""type"": ""Point""
}","{
  ""coordinates"": [
    -83.207878552,
    42.413938298
  ],
  ""type"": ""Point""
}",-83.207878552,42.4139382980001
12828,9431008,I-75,SPRINGWELLS,2015-06-03,3,6,2015,7,4,8,1,,1,0,,1,1,1,55,4,2,2,5,0,0,0,0,true,,false,false,false,false,false,,,,,,false,false,false,,,false,false,false,false,false,-83.11965,42.30117,"{
  ""coordinates"": [
    -8.311965449500001e+01,
    4.230116572400000e+01
  ],
  ""type"": ""Point""
}","{
  ""coordinates"": [
    -83.119654495,
    42.301165724
  ],
  ""type"": ""Point""
}",-83.119654495,42.301165724
12829,9291231,N M 10,JEFFERSON,2015-06-03,3,6,2015,22,4,8,3,,1,0,,1,1,4,55,3,2,2,5,0,0,0,0,true,,false,false,true,false,false,,,,,,false,false,true,,,false,false,false,false,false,-83.04551,42.32835,"{
  ""coordinates"": [
    -8.304550809300000e+01,
    4.232834953100010e+01
  ],
  ""type"": ""Point""
}","{
  ""coordinates"": [
    -83.045508093,
    42.328349531
  ],
  ""type"": ""Point""
}",-83.045508093,42.3283495310001
12830,9328709,W/B I-94,GRATIOT,2015-06-03,3,6,2015,7,4,5,1,,1,0,,1,1,1,55,3,2,4,5,0,0,0,0,true,,false,false,true,false,false,,,,,,false,false,true,,,false,false,false,false,false,-83.00147,42.39222,"{
  ""coordinates"": [
    -8.300147372899990e+01,
    4.239222445500010e+01
  ],
  ""type"": ""Point""
}","{
  ""coordinates"": [
    -83.001473729,
    42.392224455
  ],
  ""type"": ""Point""
}",-83.0014737289999,42.3922244550001
12831,9296273,SCHOOLCRAFT,NORTHLAWN,2015-06-03,3,6,2015,14,4,4,9,,4,0,,1,1,1,30,4,2,2,4,0,0,0,1,false,,true,false,true,false,false,,,,,,false,false,false,,,false,false,false,false,false,-83.15302,42.38862,"{
  ""coordinates"": [
    -8.315302301400000e+01,
    4.238862205800010e+01
  ],
  ""type"": ""Point""
}","{
  ""coordinates"": [
    -83.153023014,
    42.388622058
  ],
  ""type"": ""Point""
}",-83.153023014,42.3886220580001
12832,9284301,CASS,I 75 SERVICE,2015-06-03,3,6,2015,15,4,8,9,,4,0,,1,1,1,30,6,2,2,5,0,0,0,0,true,,false,false,true,false,false,,,,,,false,false,false,,,false,false,false,false,false,-83.05636,42.33792,"{
  ""coordinates"": [
    -8.305635905600001e+01,
    4.233791827700000e+01
  ],
  ""type"": ""Point""
}","{
  ""coordinates"": [
    -83.056359056,
    42.337918277
  ],
  ""type"": ""Point""
}",-83.056359056,42.337918277
12833,9368649,WHITLOCK,AUBURN,2015-06-03,3,6,2015,2,4,2,9,,,2,,1,1,4,25,1,2,1,4,0,0,0,1,false,,false,false,false,true,false,,,,,,false,false,false,,,false,false,false,false,false,-83.23312,42.33952,"{
  ""coordinates"": [
    -8.323312497900000e+01,
    4.233952018700010e+01
  ],
  ""type"": ""Point""
}","{
  ""coordinates"": [
    -83.233124979,
    42.339520187
  ],
  ""type"": ""Point""
}",-83.233124979,42.3395201870001
12834,9368732,7 MILE,RYAN,2015-06-03,3,6,2015,13,4,5,9,,4,0,,1,1,1,25,2,2,1,4,0,0,0,1,false,,false,false,true,false,false,,,,,,false,true,false,,,false,false,false,false,false,-83.06311,42.43313,"{
  ""coordinates"": [
    -8.306310837200000e+01,
    4.243312796400010e+01
  ],
  ""type"": ""Point""
}","{
  ""coordinates"": [
    -83.063108372,
    42.433127964
  ],
  ""type"": ""Point""
}",-83.063108372,42.4331279640001
12835,9341152,MCNICHOLS,MANSFIELD,2015-06-03,3,6,2015,22,4,97,9,,2,0,,1,1,4,35,4,2,1,2,0,1,0,0,false,,false,false,true,false,false,,,,,,false,false,false,,,false,false,false,true,false,-83.20544,42.41584,"{
  ""coordinates"": [
    -8.320544335999990e+01,
    4.241583455500010e+01
  ],
  ""type"": ""Point""
}","{
  ""coordinates"": [
    -83.20544336,
    42.415834555
  ],
  ""type"": ""Point""
}",-83.2054433599999,42.4158345550001