ObjectId,Crash ID,Primary Road,Intersecting Road,Crash Date,Day,Month,Year,Hour,Weekday,Crash Type Code,Highway Classification Code,Community Code,Jurisdiction Code,Lane Departure Type Code,Surface Type,Road Condition,Weather Condition,Lighting Condition,Speed Limit,Lanes,Units,Occupants,Most Severe Injury,Fatal Injuries,Suspected Serious Injuries,Suspected Minor Injuries,Possible Injuries,Property Damage Only,Secondary Crash,Traffic Control,Red Light Run,Hit and Run,Alcohol,Drugs,Unbelted Person,Work Zone,Speeding Driver,Distracted Driver,Driveway,Pedestrian,Elderly Driver,Young Driver,Commercial Vehicle,Emergency Vehicles,Train,School Bus,Motorcycle,Bicycle,Deer,Longitude,Latitude,geom,geog,x,y
13065,9301362,I-94,M10,2015-05-30,30,5,2015,13,7,5,1,,1,0,,1,1,1,55,3,2,2,5,0,0,0,0,true,,false,false,true,false,false,,,,,,false,false,false,,,false,false,false,false,false,-83.07745,42.35875,"{
  ""coordinates"": [
    -8.307745113800000e+01,
    4.235874941600010e+01
  ],
  ""type"": ""Point""
}","{
  ""coordinates"": [
    -83.077451138,
    42.358749416
  ],
  ""type"": ""Point""
}",-83.077451138,42.3587494160001
13066,9282571,CONANT,JOSEPH CAMPAU,2015-05-30,30,5,2015,18,7,2,9,,4,2,,2,4,1,30,2,2,3,4,0,0,0,1,false,,false,false,false,false,false,,,,,,false,true,false,,,false,false,false,false,false,-83.07283,42.4318,"{
  ""coordinates"": [
    -8.307282956200000e+01,
    4.243179803000000e+01
  ],
  ""type"": ""Point""
}","{
  ""coordinates"": [
    -83.072829562,
    42.43179803
  ],
  ""type"": ""Point""
}",-83.072829562,42.43179803
13067,9284672,7620 MICHIGAN,FLORIDA,2015-05-30,30,5,2015,3,7,1,2,,1,1,,1,1,4,35,7,1,0,5,0,0,0,0,true,,false,false,true,false,false,,,,,,false,false,false,,,false,false,false,false,false,-83.13661,42.33109,"{
  ""coordinates"": [
    -8.313661554100000e+01,
    4.233108933100000e+01
  ],
  ""type"": ""Point""
}","{
  ""coordinates"": [
    -83.136615541,
    42.331089331
  ],
  ""type"": ""Point""
}",-83.136615541,42.331089331
13068,9368663,GRATIOT,ANTIETAM,2015-05-30,30,5,2015,18,7,5,3,,1,0,,2,4,1,35,7,2,3,5,0,0,0,0,true,,false,false,false,false,false,,,,,,false,false,false,,,false,false,false,false,false,-83.04007,42.34179,"{
  ""coordinates"": [
    -8.304007249900000e+01,
    4.234179049700000e+01
  ],
  ""type"": ""Point""
}","{
  ""coordinates"": [
    -83.040072499,
    42.341790497
  ],
  ""type"": ""Point""
}",-83.040072499,42.341790497
13069,9368626,MACK,LANNOO,2015-05-30,30,5,2015,22,7,5,9,,2,0,,2,4,4,30,3,2,2,5,0,0,0,0,true,,false,false,false,false,false,,,,,,false,false,false,,,false,false,false,false,false,-82.91141,42.41521,"{
  ""coordinates"": [
    -8.291140943499990e+01,
    4.241520668700010e+01
  ],
  ""type"": ""Point""
}","{
  ""coordinates"": [
    -82.911409435,
    42.415206687
  ],
  ""type"": ""Point""
}",-82.9114094349999,42.4152066870001
13070,9368705,LORETTO,DICKERSON,2015-05-30,30,5,2015,0,7,8,9,,,0,,1,1,4,25,1,2,1,5,0,0,0,0,true,,false,false,true,false,false,,,,,,false,false,false,,,false,false,false,false,false,-82.98249,42.41831,"{
  ""coordinates"": [
    -8.298249394600001e+01,
    4.241830912600010e+01
  ],
  ""type"": ""Point""
}","{
  ""coordinates"": [
    -82.982493946,
    42.418309126
  ],
  ""type"": ""Point""
}",-82.982493946,42.4183091260001
13071,9288370,WARREN,ARCHDALE,2015-05-30,30,5,2015,14,7,4,9,,2,0,,2,4,1,35,4,2,2,5,0,0,0,0,true,,false,false,false,false,false,,,,,,false,false,false,,,false,false,false,false,false,-83.21507,42.34338,"{
  ""coordinates"": [
    -8.321506342799999e+01,
    4.234338517000000e+01
  ],
  ""type"": ""Point""
}","{
  ""coordinates"": [
    -83.215063428,
    42.34338517
  ],
  ""type"": ""Point""
}",-83.215063428,42.34338517
13072,9341911,FENKELL,LASHER,2015-05-30,30,5,2015,19,7,97,9,,2,0,,2,4,1,35,4,3,2,5,0,0,0,0,true,,false,false,true,false,false,,,,,,false,false,true,,,false,false,false,false,false,-83.25683,42.40029,"{
  ""coordinates"": [
    -8.325682455399991e+01,
    4.240028786700000e+01
  ],
  ""type"": ""Point""
}","{
  ""coordinates"": [
    -83.256824554,
    42.400287867
  ],
  ""type"": ""Point""
}",-83.2568245539999,42.400287867
13073,9282582,PINEHURST,PEMBROKE,2015-05-30,30,5,2015,0,7,1,9,,,0,,1,1,4,25,2,1,3,4,0,0,0,3,false,,false,false,false,false,false,,,,,,false,false,false,,,false,false,false,false,false,-83.16772,42.43844,"{
  ""coordinates"": [
    -8.316772369099991e+01,
    4.243844297600000e+01
  ],
  ""type"": ""Point""
}","{
  ""coordinates"": [
    -83.167723691,
    42.438442976
  ],
  ""type"": ""Point""
}",-83.1677236909999,42.438442976
13074,9368593,CHICAGO,MENDOTA,2015-05-30,30,5,2015,15,7,97,9,,4,0,,2,2,1,35,2,2,3,5,0,0,0,0,true,,false,false,false,false,false,,,,,,false,false,false,,,false,false,false,false,false,-83.1644,42.36607,"{
  ""coordinates"": [
    -8.316439474000001e+01,
    4.236606768700010e+01
  ],
  ""type"": ""Point""
}","{
  ""coordinates"": [
    -83.16439474,
    42.366067687
  ],
  ""type"": ""Point""
}",-83.16439474,42.3660676870001
13075,9289486,N M 39,RAMP 010A,2015-05-30,30,5,2015,18,7,8,3,,1,0,,1,1,1,55,3,2,2,5,0,0,0,0,true,,false,false,false,false,false,,,,,,false,false,false,,,false,false,false,false,false,-83.21872,42.41349,"{
  ""coordinates"": [
    -8.321871778900000e+01,
    4.241348616300010e+01
  ],
  ""type"": ""Point""
}","{
  ""coordinates"": [
    -83.218717789,
    42.413486163
  ],
  ""type"": ""Point""
}",-83.218717789,42.4134861630001
13076,9288773,OAKMAN,ROSA PARKS,2015-05-30,30,5,2015,16,7,4,9,,4,0,,2,4,1,30,3,2,4,4,0,0,0,3,false,,true,true,true,false,false,,,,,,false,false,true,,,false,false,false,false,false,-83.11662,42.40126,"{
  ""coordinates"": [
    -8.311661706900000e+01,
    4.240125963800010e+01
  ],
  ""type"": ""Point""
}","{
  ""coordinates"": [
    -83.116617069,
    42.401259638
  ],
  ""type"": ""Point""
}",-83.116617069,42.4012596380001
13077,9368744,7 MILE,STRATHMOOR,2015-05-30,30,5,2015,12,7,4,9,,2,0,,2,4,1,35,4,2,4,4,0,0,0,1,false,,false,false,false,false,false,,,,,,false,false,false,,,false,false,false,false,false,-83.18878,42.43076,"{
  ""coordinates"": [
    -8.318877957599990e+01,
    4.243075840500010e+01
  ],
  ""type"": ""Point""
}","{
  ""coordinates"": [
    -83.188779576,
    42.430758405
  ],
  ""type"": ""Point""
}",-83.1887795759999,42.4307584050001
13078,9341897,RAMP 010A,N M 39,2015-05-30,30,5,2015,1,7,2,3,,1,0,,1,1,4,35,1,2,2,5,0,0,0,0,true,,false,false,true,false,false,,,,,,false,false,true,,,false,false,false,false,false,-83.2187,42.41356,"{
  ""coordinates"": [
    -8.321870325299990e+01,
    4.241355648400000e+01
  ],
  ""type"": ""Point""
}","{
  ""coordinates"": [
    -83.218703253,
    42.413556484
  ],
  ""type"": ""Point""
}",-83.2187032529999,42.413556484
13079,9284319,HASSE,7 MILE,2015-05-30,30,5,2015,23,7,97,9,,,0,,1,1,4,25,1,2,0,5,0,0,0,0,true,,false,false,true,false,false,,,,,,false,false,false,,,false,false,false,false,false,-83.05644,42.43314,"{
  ""coordinates"": [
    -8.305643873799990e+01,
    4.243314346900010e+01
  ],
  ""type"": ""Point""
}","{
  ""coordinates"": [
    -83.056438738,
    42.433143469
  ],
  ""type"": ""Point""
}",-83.0564387379999,42.4331434690001
13080,9282567,SAINT LOUIS,ROBINWOOD,2015-05-30,30,5,2015,18,7,8,9,,,0,,2,4,1,0,1,2,1,5,0,0,0,0,true,,false,false,false,false,false,,,,,,false,false,false,,,false,false,false,false,false,-83.04021,42.43122,"{
  ""coordinates"": [
    -8.304020525899990e+01,
    4.243122218800000e+01
  ],
  ""type"": ""Point""
}","{
  ""coordinates"": [
    -83.040205259,
    42.431222188
  ],
  ""type"": ""Point""
}",-83.0402052589999,42.431222188
13081,9282566,7 MILE,NORWOOD,2015-05-30,30,5,2015,16,7,5,9,,4,0,,1,1,1,30,2,2,1,5,0,0,0,0,true,,false,false,true,false,false,,,,,,false,false,false,,,false,false,false,false,false,-83.06719,42.43304,"{
  ""coordinates"": [
    -8.306718961400000e+01,
    4.243303764400010e+01
  ],
  ""type"": ""Point""
}","{
  ""coordinates"": [
    -83.067189614,
    42.433037644
  ],
  ""type"": ""Point""
}",-83.067189614,42.4330376440001
13082,9284261,I-94,SCOTTEN,2015-05-30,30,5,2015,23,7,1,1,,1,1,,2,4,5,55,3,1,1,5,0,0,0,0,true,,false,false,false,false,false,,,,,,false,false,true,,,false,false,false,false,false,-83.11157,42.34604,"{
  ""coordinates"": [
    -8.311157474399990e+01,
    4.234603782100000e+01
  ],
  ""type"": ""Point""
}","{
  ""coordinates"": [
    -83.111574744,
    42.346037821
  ],
  ""type"": ""Point""
}",-83.1115747439999,42.346037821
13083,9415984,GRISWOLD,LARNED,2015-05-30,30,5,2015,23,7,4,9,,4,0,,2,4,4,25,4,2,4,5,0,0,0,0,true,,true,true,false,false,false,,,,,,false,false,false,,,false,false,false,false,false,-83.04606,42.32906,"{
  ""coordinates"": [
    -8.304605816799990e+01,
    4.232905474100000e+01
  ],
  ""type"": ""Point""
}","{
  ""coordinates"": [
    -83.046058168,
    42.329054741
  ],
  ""type"": ""Point""
}",-83.0460581679999,42.329054741
13084,9282495,GRAND RIVER,W I 94 SERVICE DRIVE,2015-05-30,30,5,2015,14,7,4,3,,1,0,,2,4,1,0,3,2,3,5,0,0,0,0,true,,false,false,true,false,false,,,,,,false,false,false,,,false,false,false,false,false,-83.09637,42.35155,"{
  ""coordinates"": [
    -8.309637158899990e+01,
    4.235154733100010e+01
  ],
  ""type"": ""Point""
}","{
  ""coordinates"": [
    -83.096371589,
    42.351547331
  ],
  ""type"": ""Point""
}",-83.0963715889999,42.3515473310001
13085,9282562,BURNS,SYLVESTER,2015-05-30,30,5,2015,14,7,5,9,,,0,,2,4,1,25,2,2,0,5,0,0,0,0,true,,false,false,true,false,false,,,,,,false,false,false,,,false,false,false,false,false,-83.00279,42.37286,"{
  ""coordinates"": [
    -8.300279354400000e+01,
    4.237285756900010e+01
  ],
  ""type"": ""Point""
}","{
  ""coordinates"": [
    -83.002793544,
    42.372857569
  ],
  ""type"": ""Point""
}",-83.002793544,42.3728575690001
13086,9286170,GRAND,N I 75,2015-05-30,30,5,2015,3,7,1,9,,4,0,,1,1,4,30,3,1,1,5,0,0,0,0,true,,false,false,false,false,false,,,,,,false,false,true,,,false,false,false,false,false,-83.05997,42.37439,"{
  ""coordinates"": [
    -8.305997093300000e+01,
    4.237438829000010e+01
  ],
  ""type"": ""Point""
}","{
  ""coordinates"": [
    -83.059970933,
    42.37438829
  ],
  ""type"": ""Point""
}",-83.059970933,42.3743882900001
13087,9282393,I-75,SPRINGWELLS,2015-05-30,30,5,2015,13,7,1,1,,1,1,,2,4,1,70,4,1,1,5,0,0,0,0,true,,false,false,false,false,false,,,,,,false,false,false,,,false,false,false,false,false,-83.11948,42.30124,"{
  ""coordinates"": [
    -8.311948311000000e+01,
    4.230123520000010e+01
  ],
  ""type"": ""Point""
}","{
  ""coordinates"": [
    -83.11948311,
    42.3012352
  ],
  ""type"": ""Point""
}",-83.11948311,42.3012352000001
13088,9282555,SOUTHFIELD SERVICE DRIVE,SCHOOLCRAFT,2015-05-30,30,5,2015,19,7,5,9,,4,0,,2,4,3,30,1,2,4,5,0,0,0,0,true,,false,false,true,false,false,,,,,,false,false,true,,,false,false,false,false,false,-83.21805,42.38669,"{
  ""coordinates"": [
    -8.321804937000000e+01,
    4.238669193800010e+01
  ],
  ""type"": ""Point""
}","{
  ""coordinates"": [
    -83.21804937,
    42.386691938
  ],
  ""type"": ""Point""
}",-83.21804937,42.3866919380001
13089,9368587,CHEYENNE,PLYMOUTH,2015-05-30,30,5,2015,23,7,9,9,,,2,,2,4,5,25,2,2,1,5,0,0,0,0,true,,false,false,false,false,false,,,,,,false,false,true,,,false,false,false,false,false,-83.17433,42.37301,"{
  ""coordinates"": [
    -8.317433205600000e+01,
    4.237301363700000e+01
  ],
  ""type"": ""Point""
}","{
  ""coordinates"": [
    -83.174332056,
    42.373013637
  ],
  ""type"": ""Point""
}",-83.174332056,42.373013637
13090,9415983,JEFFERSON,RANDOLPH,2015-05-30,30,5,2015,16,7,8,4,,1,0,,2,4,1,35,4,2,3,5,0,0,0,0,true,,false,false,true,false,true,,,,,,false,false,true,,,false,false,false,false,false,-83.03925,42.33075,"{
  ""coordinates"": [
    -8.303925354499999e+01,
    4.233074952500000e+01
  ],
  ""type"": ""Point""
}","{
  ""coordinates"": [
    -83.039253545,
    42.330749525
  ],
  ""type"": ""Point""
}",-83.039253545,42.330749525
13091,9427520,ALTER,OUTER,2015-05-30,30,5,2015,23,7,2,9,,2,0,,2,2,4,35,2,2,2,4,0,0,0,1,false,,false,false,false,false,false,,,,,,false,false,true,,,false,false,false,false,false,-82.95783,42.40182,"{
  ""coordinates"": [
    -8.295783165599990e+01,
    4.240181575500000e+01
  ],
  ""type"": ""Point""
}","{
  ""coordinates"": [
    -82.957831656,
    42.401815755
  ],
  ""type"": ""Point""
}",-82.9578316559999,42.401815755
13092,9341896,PLYMOUTH,BORMAN,2015-05-30,30,5,2015,14,7,4,9,,4,0,,2,4,1,35,2,2,3,5,0,0,0,0,true,,true,false,false,false,false,,,,,,false,false,true,,,false,false,false,false,false,-83.22514,42.37209,"{
  ""coordinates"": [
    -8.322514011200001e+01,
    4.237209121500010e+01
  ],
  ""type"": ""Point""
}","{
  ""coordinates"": [
    -83.225140112,
    42.372091215
  ],
  ""type"": ""Point""
}",-83.225140112,42.3720912150001
13093,9368630,WARREN,CONNER,2015-05-30,30,5,2015,13,7,5,9,,4,0,,1,1,1,35,6,2,1,5,0,0,0,0,true,,false,false,true,false,false,,,,,,false,false,true,,,false,false,false,false,false,-82.97602,42.38929,"{
  ""coordinates"": [
    -8.297601999100000e+01,
    4.238928609500000e+01
  ],
  ""type"": ""Point""
}","{
  ""coordinates"": [
    -82.976019991,
    42.389286095
  ],
  ""type"": ""Point""
}",-82.976019991,42.389286095
13094,9282568,DAVISON,MORAN,2015-05-30,30,5,2015,20,7,8,3,,1,0,,2,4,1,35,5,2,2,5,0,0,0,0,true,,false,false,true,false,false,,,,,,false,false,true,,,false,false,false,false,false,-83.06274,42.41508,"{
  ""coordinates"": [
    -8.306273857300000e+01,
    4.241507771500010e+01
  ],
  ""type"": ""Point""
}","{
  ""coordinates"": [
    -83.062738573,
    42.415077715
  ],
  ""type"": ""Point""
}",-83.062738573,42.4150777150001
13095,9282499,CANFIELD,ST CLAIR,2015-05-30,30,5,2015,3,7,1,9,,4,1,,1,1,4,25,2,1,0,5,0,0,0,0,true,,false,false,true,false,false,,,,,,false,false,false,,,false,false,false,false,false,-82.98969,42.37983,"{
  ""coordinates"": [
    -8.298968606299999e+01,
    4.237983262600010e+01
  ],
  ""type"": ""Point""
}","{
  ""coordinates"": [
    -82.989686063,
    42.379832626
  ],
  ""type"": ""Point""
}",-82.989686063,42.3798326260001
13096,9288372,GRAND RIVER,LAHSER,2015-05-30,30,5,2015,15,7,4,3,,1,0,,2,2,1,35,4,2,4,4,0,0,0,2,false,,true,true,false,false,false,,,,,,false,false,true,,,false,false,false,false,false,-83.25755,42.41645,"{
  ""coordinates"": [
    -8.325754908300000e+01,
    4.241645326600010e+01
  ],
  ""type"": ""Point""
}","{
  ""coordinates"": [
    -83.257549083,
    42.416453266
  ],
  ""type"": ""Point""
}",-83.257549083,42.4164532660001
13097,9284247,W I 94,HARPER,2015-05-30,30,5,2015,21,7,8,1,,1,0,,2,4,5,70,3,2,2,5,0,0,0,0,true,,false,false,false,false,false,,,,,,false,false,false,,,false,false,false,false,false,-82.95092,42.40778,"{
  ""coordinates"": [
    -8.295091867500000e+01,
    4.240778286900010e+01
  ],
  ""type"": ""Point""
}","{
  ""coordinates"": [
    -82.950918675,
    42.407782869
  ],
  ""type"": ""Point""
}",-82.950918675,42.4077828690001
13098,9284246,I-75,SCHAEFER,2015-05-30,30,5,2015,19,7,1,1,,1,0,,2,4,5,70,4,1,1,5,0,0,0,0,true,,false,false,false,false,false,,,,,,false,false,false,,,false,false,false,false,false,-83.15971,42.27576,"{
  ""coordinates"": [
    -8.315971482700000e+01,
    4.227576428600000e+01
  ],
  ""type"": ""Point""
}","{
  ""coordinates"": [
    -83.159714827,
    42.275764286
  ],
  ""type"": ""Point""
}",-83.159714827,42.275764286
13099,9368629,MACK,ALTER,2015-05-30,30,5,2015,14,7,5,9,,4,0,,1,1,1,30,4,2,3,5,0,0,0,0,true,,false,false,false,false,false,,,,,,false,true,true,,,false,false,false,false,false,-82.94823,42.38721,"{
  ""coordinates"": [
    -8.294822621299990e+01,
    4.238721472300010e+01
  ],
  ""type"": ""Point""
}","{
  ""coordinates"": [
    -82.948226213,
    42.387214723
  ],
  ""type"": ""Point""
}",-82.9482262129999,42.3872147230001
13100,9284233,S/B I-75,DEARBORN,2015-05-30,30,5,2015,17,7,1,1,,1,1,,2,4,1,70,4,1,1,5,0,0,0,0,true,,false,false,false,false,false,,,,,,false,false,true,,,false,false,false,false,false,-83.13121,42.29038,"{
  ""coordinates"": [
    -8.313121198000000e+01,
    4.229038041000010e+01
  ],
  ""type"": ""Point""
}","{
  ""coordinates"": [
    -83.13121198,
    42.29038041
  ],
  ""type"": ""Point""
}",-83.13121198,42.2903804100001
13101,9284705,LONYO,MICHIGAN,2015-05-30,30,5,2015,18,7,1,2,,4,1,,2,4,4,25,2,1,1,5,0,0,0,0,true,,false,false,false,false,false,,,,,,false,false,false,,,false,false,false,false,false,-83.14444,42.33045,"{
  ""coordinates"": [
    -8.314443991400000e+01,
    4.233044804000010e+01
  ],
  ""type"": ""Point""
}","{
  ""coordinates"": [
    -83.144439914,
    42.33044804
  ],
  ""type"": ""Point""
}",-83.144439914,42.3304480400001
13102,9415996,CHRYSLER,MACOMB,2015-05-30,30,5,2015,17,7,8,1,,4,0,,2,4,1,70,4,2,2,5,0,0,0,0,true,,false,false,false,false,false,,,,,,false,false,false,,,false,false,false,false,false,-83.0394,42.33714,"{
  ""coordinates"": [
    -8.303939630399999e+01,
    4.233714298000010e+01
  ],
  ""type"": ""Point""
}","{
  ""coordinates"": [
    -83.039396304,
    42.33714298
  ],
  ""type"": ""Point""
}",-83.039396304,42.3371429800001
13103,9284305,OUTER,PIERSON,2015-05-30,30,5,2015,17,7,4,9,,2,0,,2,4,1,35,2,2,4,5,0,0,0,0,true,,false,false,false,false,false,,,,,,false,false,false,,,false,false,false,false,false,-83.24585,42.39796,"{
  ""coordinates"": [
    -8.324584923099999e+01,
    4.239795563400000e+01
  ],
  ""type"": ""Point""
}","{
  ""coordinates"": [
    -83.245849231,
    42.397955634
  ],
  ""type"": ""Point""
}",-83.245849231,42.397955634
13104,9341918,GLENHURST,CLARITA,2015-05-30,30,5,2015,1,7,8,9,,,0,,1,1,4,25,2,2,1,5,0,0,0,0,true,,false,false,true,true,false,,,,,,false,false,true,,,false,false,false,false,false,-83.27054,42.42718,"{
  ""coordinates"": [
    -8.327053711600000e+01,
    4.242717708200010e+01
  ],
  ""type"": ""Point""
}","{
  ""coordinates"": [
    -83.270537116,
    42.427177082
  ],
  ""type"": ""Point""
}",-83.270537116,42.4271770820001
13105,9284678,MCGRAW,WEIR,2015-05-30,30,5,2015,11,7,8,3,,4,0,,1,1,1,25,2,2,2,5,0,0,0,0,true,,false,false,false,false,false,,,,,,false,false,false,,,false,false,false,false,false,-83.15516,42.32996,"{
  ""coordinates"": [
    -8.315515572200000e+01,
    4.232996075700000e+01
  ],
  ""type"": ""Point""
}","{
  ""coordinates"": [
    -83.155155722,
    42.329960757
  ],
  ""type"": ""Point""
}",-83.155155722,42.329960757
13106,9284300,W I 94,S I 75,2015-05-30,30,5,2015,16,7,97,1,,1,0,,2,4,2,55,4,1,2,4,0,0,0,2,false,,false,false,true,false,false,,,,,,false,false,false,,,false,false,false,false,false,-83.05826,42.36857,"{
  ""coordinates"": [
    -8.305826117399990e+01,
    4.236856713800010e+01
  ],
  ""type"": ""Point""
}","{
  ""coordinates"": [
    -83.058261174,
    42.368567138
  ],
  ""type"": ""Point""
}",-83.0582611739999,42.3685671380001
13107,9368730,BESSEMORE,VINTON,2015-05-30,30,5,2015,16,7,8,9,,,0,,1,2,1,25,3,2,1,5,0,0,0,0,true,,false,false,true,false,false,,,,,,false,false,false,,,false,false,false,false,false,-83.00784,42.39462,"{
  ""coordinates"": [
    -8.300783559900000e+01,
    4.239461566700000e+01
  ],
  ""type"": ""Point""
}","{
  ""coordinates"": [
    -83.007835599,
    42.394615667
  ],
  ""type"": ""Point""
}",-83.007835599,42.394615667
13108,9282398,I-94,I-75,2015-05-30,30,5,2015,15,7,5,1,,1,0,,2,1,1,55,3,3,5,4,0,0,0,4,false,,false,false,false,false,false,,,,,,false,true,true,,,false,false,false,false,false,-83.05434,42.37111,"{
  ""coordinates"": [
    -8.305434232399990e+01,
    4.237111251600000e+01
  ],
  ""type"": ""Point""
}","{
  ""coordinates"": [
    -83.054342324,
    42.371112516
  ],
  ""type"": ""Point""
}",-83.0543423239999,42.371112516
13109,9415990,GRAND RIVER,WOODWARD,2015-05-30,30,5,2015,16,7,8,3,,1,0,,2,2,1,25,8,2,2,5,0,0,0,0,true,,false,false,false,false,false,,,,,,false,false,false,,,false,false,false,false,false,-83.20882,42.39688,"{
  ""coordinates"": [
    -8.320882055500000e+01,
    4.239687908700010e+01
  ],
  ""type"": ""Point""
}","{
  ""coordinates"": [
    -83.208820555,
    42.396879087
  ],
  ""type"": ""Point""
}",-83.208820555,42.3968790870001
13110,9591329,MCNICHOLS,LAHSER,2015-05-30,30,5,2015,20,7,4,9,,2,0,,2,4,4,30,4,2,2,5,0,0,0,0,true,,false,false,false,false,false,,,,,,false,false,true,,,false,false,false,false,false,-83.2574,42.41459,"{
  ""coordinates"": [
    -8.325740318100000e+01,
    4.241459191800000e+01
  ],
  ""type"": ""Point""
}","{
  ""coordinates"": [
    -83.257403181,
    42.414591918
  ],
  ""type"": ""Point""
}",-83.257403181,42.414591918
13111,9285950,I 75,MCNICHOLS,2015-05-30,30,5,2015,11,7,8,1,,1,0,,2,4,4,70,3,2,4,5,0,0,0,0,true,,false,false,false,false,false,,,,,,false,false,false,,,false,false,false,false,false,-83.08214,42.41212,"{
  ""coordinates"": [
    -8.308213905299991e+01,
    4.241212368900010e+01
  ],
  ""type"": ""Point""
}","{
  ""coordinates"": [
    -83.082139053,
    42.412123689
  ],
  ""type"": ""Point""
}",-83.0821390529999,42.4121236890001
13112,9302591,JEFFERSON,BEAUBIEN,2015-05-30,30,5,2015,1,7,8,4,,1,0,,2,2,1,30,3,2,4,4,0,0,0,1,false,,false,false,false,false,false,,,,,,false,false,false,,,false,false,false,false,false,-83.03963,42.33059,"{
  ""coordinates"": [
    -8.303963047600000e+01,
    4.233059429200010e+01
  ],
  ""type"": ""Point""
}","{
  ""coordinates"": [
    -83.039630476,
    42.330594292
  ],
  ""type"": ""Point""
}",-83.039630476,42.3305942920001
13113,9292411,8 MILE SERVICE DRIVE,E I 75 SERVICE DRIVE,2015-05-30,30,5,2015,3,7,1,3,,1,1,,1,1,4,40,3,1,0,5,0,0,0,0,true,,false,false,true,false,false,,,,,,false,false,false,,,false,false,false,false,false,-83.09332,42.44665,"{
  ""coordinates"": [
    -8.309331759000000e+01,
    4.244664735800010e+01
  ],
  ""type"": ""Point""
}","{
  ""coordinates"": [
    -83.09331759,
    42.446647358
  ],
  ""type"": ""Point""
}",-83.09331759,42.4466473580001
13114,9282591,WHITCOMB,7 MILE,2015-05-29,29,5,2015,16,6,4,9,,,0,,1,1,1,0,2,2,4,4,0,0,0,1,false,,false,false,false,false,false,,,,,,false,false,true,,,false,false,false,false,false,-83.19742,42.43044,"{
  ""coordinates"": [
    -8.319741617299999e+01,
    4.243043633100010e+01
  ],
  ""type"": ""Point""
}","{
  ""coordinates"": [
    -83.197416173,
    42.430436331
  ],
  ""type"": ""Point""
}",-83.197416173,42.4304363310001
13115,9368759,SOUTHFIELD SERVICE DRIVE,MCNICHOLS,2015-05-29,29,5,2015,16,6,5,9,,4,0,,1,1,1,25,2,2,2,5,0,0,0,0,true,,false,false,true,false,false,,,,,,false,false,true,,,false,false,false,false,false,-83.21922,42.41551,"{
  ""coordinates"": [
    -8.321921709000000e+01,
    4.241550772700000e+01
  ],
  ""type"": ""Point""
}","{
  ""coordinates"": [
    -83.21921709,
    42.415507727
  ],
  ""type"": ""Point""
}",-83.21921709,42.415507727
13116,9282504,PLYMOUTH,RUTHERFORD,2015-05-29,29,5,2015,8,6,5,9,,4,0,,1,1,1,35,2,2,2,5,0,0,0,0,true,,false,false,false,false,false,,,,,,false,false,false,,,false,false,false,false,false,-83.20234,42.37249,"{
  ""coordinates"": [
    -8.320234041499999e+01,
    4.237249273400000e+01
  ],
  ""type"": ""Point""
}","{
  ""coordinates"": [
    -83.202340415,
    42.372492734
  ],
  ""type"": ""Point""
}",-83.202340415,42.372492734
13117,9282376,N/B I-75,LIVERNOIS,2015-05-29,29,5,2015,17,6,97,1,,1,0,,1,1,1,55,4,3,4,4,0,0,0,1,false,,false,false,false,false,false,,,,,,false,false,true,,,false,false,false,false,false,-83.10473,42.30723,"{
  ""coordinates"": [
    -8.310473219399999e+01,
    4.230722701700010e+01
  ],
  ""type"": ""Point""
}","{
  ""coordinates"": [
    -83.104732194,
    42.307227017
  ],
  ""type"": ""Point""
}",-83.104732194,42.3072270170001
13118,9282493,SCHOOLCRAFT,COYLE,2015-05-29,29,5,2015,10,6,5,9,,2,0,,1,1,1,35,4,2,2,5,0,0,0,0,true,,false,false,true,false,false,,,,,,false,false,false,,,false,false,false,false,false,-83.19366,42.38719,"{
  ""coordinates"": [
    -8.319365994899989e+01,
    4.238718822600000e+01
  ],
  ""type"": ""Point""
}","{
  ""coordinates"": [
    -83.193659949,
    42.387188226
  ],
  ""type"": ""Point""
}",-83.1936599489999,42.387188226
13119,9282575,VASSAR,JAMES COUZENS,2015-05-29,29,5,2015,11,6,8,9,,4,0,,1,1,1,35,2,2,3,5,0,0,0,0,true,,false,false,true,false,false,,,,,,false,false,false,,,false,false,false,false,false,-83.19058,42.43407,"{
  ""coordinates"": [
    -8.319058260799990e+01,
    4.243407038000000e+01
  ],
  ""type"": ""Point""
}","{
  ""coordinates"": [
    -83.190582608,
    42.43407038
  ],
  ""type"": ""Point""
}",-83.1905826079999,42.43407038
13120,9368706,HOOVER,7 MILE,2015-05-29,29,5,2015,19,6,4,3,,1,0,,1,1,1,30,4,2,3,3,0,0,1,0,false,,false,false,true,false,false,,,,,,false,false,false,,,false,false,false,false,false,-83.00468,42.43444,"{
  ""coordinates"": [
    -8.300468384899990e+01,
    4.243443937700000e+01
  ],
  ""type"": ""Point""
}","{
  ""coordinates"": [
    -83.004683849,
    42.434439377
  ],
  ""type"": ""Point""
}",-83.0046838489999,42.434439377