ObjectId,Crash ID,Primary Road,Intersecting Road,Crash Date,Day,Month,Year,Hour,Weekday,Crash Type Code,Highway Classification Code,Community Code,Jurisdiction Code,Lane Departure Type Code,Surface Type,Road Condition,Weather Condition,Lighting Condition,Speed Limit,Lanes,Units,Occupants,Most Severe Injury,Fatal Injuries,Suspected Serious Injuries,Suspected Minor Injuries,Possible Injuries,Property Damage Only,Secondary Crash,Traffic Control,Red Light Run,Hit and Run,Alcohol,Drugs,Unbelted Person,Work Zone,Speeding Driver,Distracted Driver,Driveway,Pedestrian,Elderly Driver,Young Driver,Commercial Vehicle,Emergency Vehicles,Train,School Bus,Motorcycle,Bicycle,Deer,Longitude,Latitude,geom,geog,x,y
13121,9353446,7 MILE,S M 39,2015-05-29,29,5,2015,21,6,5,9,,2,0,,1,1,4,40,4,3,5,5,0,0,0,0,true,,false,false,false,false,false,,,,,,false,false,false,,,false,false,false,false,false,-83.21941,42.43002,"{
  ""coordinates"": [
    -8.321940871800000e+01,
    4.243001514600010e+01
  ],
  ""type"": ""Point""
}","{
  ""coordinates"": [
    -83.219408718,
    42.430015146
  ],
  ""type"": ""Point""
}",-83.219408718,42.4300151460001
13122,9416004,JEFFERSON,RANDOLPH,2015-05-29,29,5,2015,19,6,6,3,,1,0,,1,1,2,35,8,2,4,5,0,0,0,0,true,,true,true,false,false,false,,,,,,false,false,true,,,false,false,false,false,false,-83.04218,42.32987,"{
  ""coordinates"": [
    -8.304218550699990e+01,
    4.232986834400000e+01
  ],
  ""type"": ""Point""
}","{
  ""coordinates"": [
    -83.042185507,
    42.329868344
  ],
  ""type"": ""Point""
}",-83.0421855069999,42.329868344
13123,9282512,MINOCK,SCHOOLCRAFT,2015-05-29,29,5,2015,5,6,1,9,,,0,,1,1,2,25,2,1,1,4,0,0,0,1,false,,false,false,false,false,false,,,,,,false,false,true,,,false,false,false,false,false,-83.23322,42.38605,"{
  ""coordinates"": [
    -8.323321939300000e+01,
    4.238605597600010e+01
  ],
  ""type"": ""Point""
}","{
  ""coordinates"": [
    -83.233219393,
    42.386055976
  ],
  ""type"": ""Point""
}",-83.233219393,42.3860559760001
13124,9284237,N I 75,CLAY,2015-05-29,29,5,2015,18,6,8,1,,1,0,,1,1,1,55,4,2,2,5,0,0,0,0,true,,false,false,false,false,false,,,,,,false,false,true,,,false,false,false,false,false,-83.0621,42.37764,"{
  ""coordinates"": [
    -8.306210336600000e+01,
    4.237763834800010e+01
  ],
  ""type"": ""Point""
}","{
  ""coordinates"": [
    -83.062103366,
    42.377638348
  ],
  ""type"": ""Point""
}",-83.062103366,42.3776383480001
13125,9282572,VICTORIA,MORAN,2015-05-29,29,5,2015,13,6,97,9,,,0,,2,4,1,25,2,2,1,5,0,0,0,0,true,,false,false,true,false,false,,,,,,false,false,false,,,false,false,false,false,false,-83.06396,42.41748,"{
  ""coordinates"": [
    -8.306396492000000e+01,
    4.241747733200000e+01
  ],
  ""type"": ""Point""
}","{
  ""coordinates"": [
    -83.06396492,
    42.417477332
  ],
  ""type"": ""Point""
}",-83.06396492,42.417477332
13126,9284243,E I 96,RAMP 213N,2015-05-29,29,5,2015,20,6,8,1,,1,0,,1,1,1,70,4,2,3,5,0,0,0,0,true,,false,false,false,false,false,,,,,,false,false,true,,,false,false,false,false,false,-83.1039,42.35332,"{
  ""coordinates"": [
    -8.310390537599990e+01,
    4.235331536200000e+01
  ],
  ""type"": ""Point""
}","{
  ""coordinates"": [
    -83.103905376,
    42.353315362
  ],
  ""type"": ""Point""
}",-83.1039053759999,42.353315362
13127,9282385,I94,SECOND,2015-05-29,29,5,2015,15,6,5,1,,1,0,,1,1,1,55,3,2,2,5,0,0,0,0,true,,false,false,false,false,false,,,,,,false,false,false,,,false,false,false,false,false,-83.07102,42.3626,"{
  ""coordinates"": [
    -8.307101849100000e+01,
    4.236260039600010e+01
  ],
  ""type"": ""Point""
}","{
  ""coordinates"": [
    -83.071018491,
    42.362600396
  ],
  ""type"": ""Point""
}",-83.071018491,42.3626003960001
13128,9368636,BURT,JOY,2015-05-29,29,5,2015,19,6,97,9,,,0,,1,1,3,25,1,2,1,5,0,0,0,0,true,,false,false,false,false,false,,,,,,false,false,false,,,false,false,false,false,false,-83.24556,42.35744,"{
  ""coordinates"": [
    -8.324555874000001e+01,
    4.235743893500010e+01
  ],
  ""type"": ""Point""
}","{
  ""coordinates"": [
    -83.24555874,
    42.357438935
  ],
  ""type"": ""Point""
}",-83.24555874,42.3574389350001
13129,9282594,PLYMOUTH,RUTHERFORD,2015-05-29,29,5,2015,8,6,5,9,,4,0,,1,1,1,30,5,2,3,5,0,0,0,0,true,,false,false,false,false,false,,,,,,false,false,false,,,false,false,false,false,false,-83.20232,42.37249,"{
  ""coordinates"": [
    -8.320232084100000e+01,
    4.237249291500010e+01
  ],
  ""type"": ""Point""
}","{
  ""coordinates"": [
    -83.202320841,
    42.372492915
  ],
  ""type"": ""Point""
}",-83.202320841,42.3724929150001
13130,9282592,7 MILE,STRATHMOOR,2015-05-29,29,5,2015,21,6,4,9,,2,0,,1,1,4,40,6,2,2,4,0,0,0,1,false,,false,false,false,false,false,,,,,,false,false,false,,,false,false,false,false,false,-83.18866,42.43076,"{
  ""coordinates"": [
    -8.318866338299991e+01,
    4.243076234600010e+01
  ],
  ""type"": ""Point""
}","{
  ""coordinates"": [
    -83.188663383,
    42.430762346
  ],
  ""type"": ""Point""
}",-83.1886633829999,42.4307623460001
13131,9368638,ROSEMONT,SCHOOLCRAFT,2015-05-29,29,5,2015,14,6,97,9,,,0,,1,1,1,25,2,2,1,5,0,0,0,0,true,,false,false,true,false,false,,,,,,false,false,false,,,false,false,false,false,false,-83.21983,42.38666,"{
  ""coordinates"": [
    -8.321983319600000e+01,
    4.238666196600010e+01
  ],
  ""type"": ""Point""
}","{
  ""coordinates"": [
    -83.219833196,
    42.386661966
  ],
  ""type"": ""Point""
}",-83.219833196,42.3866619660001
13132,9282374,I-96,WARREN,2015-05-29,29,5,2015,13,6,8,1,,1,0,,2,4,1,55,4,2,2,5,0,0,0,0,true,,false,false,false,false,false,,,,,,false,false,false,,,false,false,false,false,false,-83.09579,42.34509,"{
  ""coordinates"": [
    -8.309579308900000e+01,
    4.234509338900010e+01
  ],
  ""type"": ""Point""
}","{
  ""coordinates"": [
    -83.095793089,
    42.345093389
  ],
  ""type"": ""Point""
}",-83.095793089,42.3450933890001
13133,9282527,SUNSET,7 MILE,2015-05-29,29,5,2015,3,6,97,9,,,0,,1,1,4,25,2,1,1,4,0,0,0,1,false,,false,false,false,false,false,,,,,,false,false,true,,,false,false,false,false,false,-83.06094,42.4332,"{
  ""coordinates"": [
    -8.306094221900000e+01,
    4.243320475200010e+01
  ],
  ""type"": ""Point""
}","{
  ""coordinates"": [
    -83.060942219,
    42.433204752
  ],
  ""type"": ""Point""
}",-83.060942219,42.4332047520001
13134,9368752,HARTWELL,JOHN C LODGE SERVICE,2015-05-29,29,5,2015,17,6,97,9,,,0,,1,1,1,25,1,2,3,5,0,0,0,0,true,,false,false,false,false,false,,,,,,false,false,false,,,false,false,false,false,false,-83.17924,42.42444,"{
  ""coordinates"": [
    -8.317923486099990e+01,
    4.242444000300000e+01
  ],
  ""type"": ""Point""
}","{
  ""coordinates"": [
    -83.179234861,
    42.424440003
  ],
  ""type"": ""Point""
}",-83.1792348609999,42.424440003
13135,9284670,JUNCTION,MICHIGAN,2015-05-29,29,5,2015,16,6,3,2,,4,0,,1,1,1,35,2,2,2,5,0,0,0,0,true,,false,false,false,false,false,,,,,,false,false,true,,,false,false,false,false,false,-83.11177,42.33118,"{
  ""coordinates"": [
    -8.311176947300000e+01,
    4.233117664600010e+01
  ],
  ""type"": ""Point""
}","{
  ""coordinates"": [
    -83.111769473,
    42.331176646
  ],
  ""type"": ""Point""
}",-83.111769473,42.3311766460001
13136,9282564,8 MILE,FENELON,2015-05-29,29,5,2015,17,6,9,3,,1,0,,1,1,1,40,4,2,4,4,0,0,0,3,false,,false,false,false,false,false,,,,,,false,false,true,,,false,false,false,false,false,-83.05405,42.44751,"{
  ""coordinates"": [
    -8.305404849599999e+01,
    4.244750590600010e+01
  ],
  ""type"": ""Point""
}","{
  ""coordinates"": [
    -83.054048496,
    42.447505906
  ],
  ""type"": ""Point""
}",-83.054048496,42.4475059060001
13137,9282561,VAN DYKE,MCNICHOLS,2015-05-29,29,5,2015,18,6,8,3,,1,0,,1,1,1,35,5,2,7,5,0,0,0,0,true,,false,false,false,false,false,,,,,,false,false,false,,,false,false,false,false,false,-83.0237,42.41937,"{
  ""coordinates"": [
    -8.302369903700000e+01,
    4.241937370100000e+01
  ],
  ""type"": ""Point""
}","{
  ""coordinates"": [
    -83.023699037,
    42.419373701
  ],
  ""type"": ""Point""
}",-83.023699037,42.419373701
13138,9353487,MANSFIELD,KENDALL,2015-05-29,29,5,2015,18,6,97,9,,,0,,1,1,1,25,1,2,2,4,0,0,0,1,false,,false,false,false,false,false,,,,,,true,false,true,,,false,false,false,false,false,-83.20467,42.38955,"{
  ""coordinates"": [
    -8.320466264200000e+01,
    4.238954399700000e+01
  ],
  ""type"": ""Point""
}","{
  ""coordinates"": [
    -83.204662642,
    42.389543997
  ],
  ""type"": ""Point""
}",-83.204662642,42.389543997
13139,9282590,WYOMING,MCNICHOLS,2015-05-29,29,5,2015,14,6,5,9,,4,0,,1,1,1,30,3,2,5,5,0,0,0,0,true,,false,false,true,false,false,,,,,,false,false,false,,,false,false,false,false,false,-83.16032,42.41687,"{
  ""coordinates"": [
    -8.316031270400001e+01,
    4.241687220500010e+01
  ],
  ""type"": ""Point""
}","{
  ""coordinates"": [
    -83.160312704,
    42.416872205
  ],
  ""type"": ""Point""
}",-83.160312704,42.4168722050001
13140,9282535,7 MILE,MANSFIELD,2015-05-29,29,5,2015,8,6,4,9,,2,0,,1,1,1,35,4,2,3,5,0,0,0,0,true,,false,false,true,false,false,,,,,,false,false,false,,,false,false,false,false,false,-83.20631,42.43032,"{
  ""coordinates"": [
    -8.320630412900000e+01,
    4.243032422600000e+01
  ],
  ""type"": ""Point""
}","{
  ""coordinates"": [
    -83.206304129,
    42.430324226
  ],
  ""type"": ""Point""
}",-83.206304129,42.430324226
13141,9368644,SOUTHFIELD SERVICE DRIVE,SCHOOLCRAFT,2015-05-29,29,5,2015,16,6,5,9,,4,0,,1,1,1,35,3,2,2,5,0,0,0,0,true,,false,false,true,false,false,,,,,,false,false,false,,,false,false,false,false,false,-83.21805,42.38682,"{
  ""coordinates"": [
    -8.321804756300000e+01,
    4.238682232200010e+01
  ],
  ""type"": ""Point""
}","{
  ""coordinates"": [
    -83.218047563,
    42.386822322
  ],
  ""type"": ""Point""
}",-83.218047563,42.3868223220001
13142,9282396,N M 39,RAMP 011A,2015-05-29,29,5,2015,17,6,5,3,,1,0,,1,1,1,55,4,2,2,5,0,0,0,0,true,,false,false,false,false,false,,,,,,false,false,false,,,false,false,false,false,false,-83.21914,42.42783,"{
  ""coordinates"": [
    -8.321913646800000e+01,
    4.242783366900010e+01
  ],
  ""type"": ""Point""
}","{
  ""coordinates"": [
    -83.219136468,
    42.427833669
  ],
  ""type"": ""Point""
}",-83.219136468,42.4278336690001
13143,9368719,7 MILE,HAMBURG,2015-05-29,29,5,2015,13,6,5,9,,4,0,,2,4,1,30,2,2,2,5,0,0,0,0,true,,false,false,true,false,false,,,,,,false,false,true,,,false,false,false,false,false,-82.9974,42.43464,"{
  ""coordinates"": [
    -8.299740045500000e+01,
    4.243463578500010e+01
  ],
  ""type"": ""Point""
}","{
  ""coordinates"": [
    -82.997400455,
    42.434635785
  ],
  ""type"": ""Point""
}",-82.997400455,42.4346357850001
13144,9282585,MARLOWE,CLARITA,2015-05-29,29,5,2015,10,6,4,9,,,0,,1,1,1,25,2,2,2,4,0,0,0,1,false,,false,false,true,false,false,,,,,,false,false,false,,,false,false,false,false,false,-83.19118,42.42887,"{
  ""coordinates"": [
    -8.319118746800000e+01,
    4.242887353600000e+01
  ],
  ""type"": ""Point""
}","{
  ""coordinates"": [
    -83.191187468,
    42.428873536
  ],
  ""type"": ""Point""
}",-83.191187468,42.428873536
13145,9284260,I-75 SERVICE,TRUMBULL,2015-05-29,29,5,2015,21,6,8,9,,4,0,,1,1,3,30,2,2,1,5,0,0,0,0,true,,false,false,true,false,false,,,,,,false,false,false,,,false,false,false,false,false,-83.06686,42.33548,"{
  ""coordinates"": [
    -8.306686214699990e+01,
    4.233548182500000e+01
  ],
  ""type"": ""Point""
}","{
  ""coordinates"": [
    -83.066862147,
    42.335481825
  ],
  ""type"": ""Point""
}",-83.0668621469999,42.335481825
13146,9284299,MILWAUKEE,THIRD,2015-05-29,29,5,2015,14,6,5,9,,4,0,,2,4,1,30,6,2,1,5,0,0,0,0,true,,false,false,true,false,false,,,,,,false,false,false,,,false,false,false,false,false,-83.07829,42.36696,"{
  ""coordinates"": [
    -8.307828192600000e+01,
    4.236696046600010e+01
  ],
  ""type"": ""Point""
}","{
  ""coordinates"": [
    -83.078281926,
    42.366960466
  ],
  ""type"": ""Point""
}",-83.078281926,42.3669604660001
13147,9363357,OUTER,STAHELIN,2015-05-29,29,5,2015,12,6,4,9,,2,0,,1,1,1,35,4,2,2,5,0,0,0,0,true,,true,false,false,false,false,,,,,,false,false,false,,,false,false,false,false,false,-83.22705,42.41889,"{
  ""coordinates"": [
    -8.322705305499990e+01,
    4.241889371100010e+01
  ],
  ""type"": ""Point""
}","{
  ""coordinates"": [
    -83.227053055,
    42.418893711
  ],
  ""type"": ""Point""
}",-83.2270530549999,42.4188937110001
13148,9282511,CHICAGO,GRANDVILLE,2015-05-29,29,5,2015,17,6,8,9,,4,0,,1,1,1,30,1,2,4,4,0,0,0,1,false,,false,false,false,false,false,,,,,,false,false,false,,,false,false,false,false,false,-83.22999,42.36482,"{
  ""coordinates"": [
    -8.322998954300000e+01,
    4.236481674000000e+01
  ],
  ""type"": ""Point""
}","{
  ""coordinates"": [
    -83.229989543,
    42.36481674
  ],
  ""type"": ""Point""
}",-83.229989543,42.36481674
13149,9288779,ELMHURST,LASALLE,2015-05-29,29,5,2015,21,6,4,9,,4,0,,1,1,4,35,4,2,2,3,0,0,1,1,false,,false,false,true,false,false,,,,,,false,false,false,,,false,false,false,false,false,-83.11284,42.38572,"{
  ""coordinates"": [
    -8.311283941799999e+01,
    4.238572482700000e+01
  ],
  ""type"": ""Point""
}","{
  ""coordinates"": [
    -83.112839418,
    42.385724827
  ],
  ""type"": ""Point""
}",-83.112839418,42.385724827
13150,9282580,LIVERNOIS,CHIPPEWA,2015-05-29,29,5,2015,14,6,5,9,,4,0,,1,1,1,30,2,2,3,5,0,0,0,0,true,,false,false,true,false,false,,,,,,false,false,true,,,false,false,false,false,false,-83.14172,42.44093,"{
  ""coordinates"": [
    -8.314172363099991e+01,
    4.244093245300010e+01
  ],
  ""type"": ""Point""
}","{
  ""coordinates"": [
    -83.141723631,
    42.440932453
  ],
  ""type"": ""Point""
}",-83.1417236309999,42.4409324530001
13151,9368584,PURITAN,SCHAEFER,2015-05-29,29,5,2015,17,6,5,9,,4,0,,1,1,1,30,4,2,2,5,0,0,0,0,true,,false,false,false,false,false,,,,,,false,false,false,,,false,false,false,false,false,-83.17934,42.40936,"{
  ""coordinates"": [
    -8.317933962599990e+01,
    4.240936142600000e+01
  ],
  ""type"": ""Point""
}","{
  ""coordinates"": [
    -83.179339626,
    42.409361426
  ],
  ""type"": ""Point""
}",-83.1793396259999,42.409361426
13152,9368741,PARKSIDE,THATCHER,2015-05-29,29,5,2015,17,6,5,9,,,0,,1,1,1,25,2,2,2,5,0,0,0,0,true,,false,false,false,false,false,,,,,,false,false,false,,,false,false,false,false,false,-83.13189,42.42273,"{
  ""coordinates"": [
    -8.313188794000000e+01,
    4.242272401200010e+01
  ],
  ""type"": ""Point""
}","{
  ""coordinates"": [
    -83.13188794,
    42.422724012
  ],
  ""type"": ""Point""
}",-83.13188794,42.4227240120001
13153,9282507,7 MILE,ASTON,2015-05-29,29,5,2015,16,6,97,9,,2,0,,1,1,3,25,2,2,3,5,0,0,0,0,true,,false,false,true,false,false,,,,,,false,true,false,,,false,false,false,false,false,-83.22301,42.42994,"{
  ""coordinates"": [
    -8.322301766699999e+01,
    4.242994448300000e+01
  ],
  ""type"": ""Point""
}","{
  ""coordinates"": [
    -83.223017667,
    42.429944483
  ],
  ""type"": ""Point""
}",-83.223017667,42.429944483
13154,9282522,JEFFERSON,CHENE,2015-05-29,29,5,2015,16,6,9,9,,4,0,,1,1,1,35,6,2,2,5,0,0,0,0,true,,false,false,true,false,false,,,,,,false,false,true,,,false,false,false,false,false,-82.95582,42.3703,"{
  ""coordinates"": [
    -8.295581443600000e+01,
    4.237030421800010e+01
  ],
  ""type"": ""Point""
}","{
  ""coordinates"": [
    -82.955814436,
    42.370304218
  ],
  ""type"": ""Point""
}",-82.955814436,42.3703042180001
13155,9368585,GRAND RIVER,BIRWOOD,2015-05-29,29,5,2015,11,6,5,3,,1,0,,1,2,1,35,5,2,1,4,0,0,0,1,false,,false,false,false,false,false,,,,,,false,false,false,,,false,false,false,false,false,-83.16316,42.37848,"{
  ""coordinates"": [
    -8.316316528499991e+01,
    4.237848203500000e+01
  ],
  ""type"": ""Point""
}","{
  ""coordinates"": [
    -83.163165285,
    42.378482035
  ],
  ""type"": ""Point""
}",-83.1631652849999,42.378482035
13156,9282557,KELLY,WHITTIER,2015-05-29,29,5,2015,14,6,5,9,,4,0,,2,1,1,30,3,2,5,5,0,0,0,0,true,,false,false,false,false,false,,,,,,false,false,true,,,false,false,false,false,false,-82.96351,42.42074,"{
  ""coordinates"": [
    -8.296350626799990e+01,
    4.242073745300010e+01
  ],
  ""type"": ""Point""
}","{
  ""coordinates"": [
    -82.963506268,
    42.420737453
  ],
  ""type"": ""Point""
}",-82.9635062679999,42.4207374530001
13157,9282587,VASSAR,MARK TWAIN,2015-05-29,29,5,2015,2,6,8,9,,4,0,,1,1,4,30,2,2,1,4,0,0,0,1,false,,false,false,false,false,false,,,,,,false,false,false,,,false,false,false,false,false,-83.18735,42.4343,"{
  ""coordinates"": [
    -8.318734590199990e+01,
    4.243430290800010e+01
  ],
  ""type"": ""Point""
}","{
  ""coordinates"": [
    -83.187345902,
    42.434302908
  ],
  ""type"": ""Point""
}",-83.1873459019999,42.4343029080001
13158,9282367,I-75,SCHAEFER,2015-05-29,29,5,2015,13,6,1,1,,1,1,,2,4,1,55,3,1,1,5,0,0,0,0,true,,false,false,false,false,false,,,,,,false,false,false,,,false,false,false,false,false,-83.14948,42.28203,"{
  ""coordinates"": [
    -8.314948091299991e+01,
    4.228203245100010e+01
  ],
  ""type"": ""Point""
}","{
  ""coordinates"": [
    -83.149480913,
    42.282032451
  ],
  ""type"": ""Point""
}",-83.1494809129999,42.2820324510001
13159,9282350,M-10,GRAND,2015-05-29,29,5,2015,14,6,5,3,,1,0,,1,1,1,55,3,2,3,4,0,0,0,1,false,,false,false,false,false,false,,,,,,false,false,true,,,false,false,false,false,false,-83.08456,42.37104,"{
  ""coordinates"": [
    -8.308456254100000e+01,
    4.237103923100010e+01
  ],
  ""type"": ""Point""
}","{
  ""coordinates"": [
    -83.084562541,
    42.371039231
  ],
  ""type"": ""Point""
}",-83.084562541,42.3710392310001
13160,9282356,RAMP 005H,S M 39 SERVICE DRIVE,2015-05-29,29,5,2015,13,6,5,3,,1,0,,2,4,1,55,1,3,3,5,0,0,0,0,true,,false,false,false,false,false,,,,,,false,false,false,,,false,false,false,false,false,-83.21619,42.33341,"{
  ""coordinates"": [
    -8.321618979999990e+01,
    4.233340812500010e+01
  ],
  ""type"": ""Point""
}","{
  ""coordinates"": [
    -83.2161898,
    42.333408125
  ],
  ""type"": ""Point""
}",-83.2161897999999,42.3334081250001
13161,9282389,I-75,DAVISON,2015-05-29,29,5,2015,13,6,1,1,,1,1,,2,4,1,70,4,1,1,5,0,0,0,0,true,,false,false,false,false,false,,,,,,false,false,false,,,false,false,false,false,false,-83.07809,42.40768,"{
  ""coordinates"": [
    -8.307808864799991e+01,
    4.240767596700000e+01
  ],
  ""type"": ""Point""
}","{
  ""coordinates"": [
    -83.078088648,
    42.407675967
  ],
  ""type"": ""Point""
}",-83.0780886479999,42.407675967
13162,9282576,8 MILE,VAN DYKE,2015-05-29,29,5,2015,8,6,1,3,,1,0,,1,1,1,40,5,1,1,5,0,0,0,0,true,,false,false,false,false,false,,,,,,false,false,false,,,false,false,false,false,false,-83.02473,42.44816,"{
  ""coordinates"": [
    -8.302473580600000e+01,
    4.244815751300010e+01
  ],
  ""type"": ""Point""
}","{
  ""coordinates"": [
    -83.024735806,
    42.448157513
  ],
  ""type"": ""Point""
}",-83.024735806,42.4481575130001
13163,9284239,M-10,I-94,2015-05-29,29,5,2015,22,6,8,3,,1,0,,1,1,4,55,3,2,2,5,0,0,0,0,true,,false,false,false,false,false,,,,,,false,true,false,,,false,false,false,false,false,-83.07658,42.35888,"{
  ""coordinates"": [
    -8.307657481000000e+01,
    4.235887346300010e+01
  ],
  ""type"": ""Point""
}","{
  ""coordinates"": [
    -83.07657481,
    42.358873463
  ],
  ""type"": ""Point""
}",-83.07657481,42.3588734630001
13164,9368590,GRAND RIVER,HUBBELL,2015-05-29,29,5,2015,19,6,8,3,,1,0,,1,1,1,35,7,2,4,3,0,0,1,0,false,,false,false,false,false,false,,,,,,false,false,true,,,false,false,false,false,false,-83.18841,42.38865,"{
  ""coordinates"": [
    -8.318840522300000e+01,
    4.238864678600000e+01
  ],
  ""type"": ""Point""
}","{
  ""coordinates"": [
    -83.188405223,
    42.388646786
  ],
  ""type"": ""Point""
}",-83.188405223,42.388646786
13165,9284744,BOSTON,THIRD,2015-05-29,29,5,2015,8,6,4,9,,,0,,1,1,1,30,4,2,2,4,0,0,0,2,false,,false,false,false,false,false,,,,,,false,false,false,,,false,false,false,false,false,-83.09083,42.38521,"{
  ""coordinates"": [
    -8.309083023300001e+01,
    4.238521168600000e+01
  ],
  ""type"": ""Point""
}","{
  ""coordinates"": [
    -83.090830233,
    42.385211686
  ],
  ""type"": ""Point""
}",-83.090830233,42.385211686
13166,9284311,GREENFIELD,CAPITOL,2015-05-29,29,5,2015,16,6,5,9,,2,0,,1,1,1,25,2,2,3,5,0,0,0,0,true,,false,false,false,false,false,,,,,,false,false,false,,,false,false,false,false,false,-83.19781,42.37716,"{
  ""coordinates"": [
    -8.319780474200000e+01,
    4.237716233000000e+01
  ],
  ""type"": ""Point""
}","{
  ""coordinates"": [
    -83.197804742,
    42.37716233
  ],
  ""type"": ""Point""
}",-83.197804742,42.37716233
13167,9282519,MT ELLIOTT,VERNOR,2015-05-29,29,5,2015,15,6,8,9,,4,0,,1,1,1,30,4,2,7,5,0,0,0,0,true,,false,false,false,false,false,,,,,,false,false,true,,,false,false,false,false,false,-83.0174,42.35493,"{
  ""coordinates"": [
    -8.301740430699989e+01,
    4.235493260900010e+01
  ],
  ""type"": ""Point""
}","{
  ""coordinates"": [
    -83.017404307,
    42.354932609
  ],
  ""type"": ""Point""
}",-83.0174043069999,42.3549326090001
13168,9288373,RUTLAND,GRAND RIVER,2015-05-29,29,5,2015,10,6,5,3,,,0,,1,1,1,25,2,2,2,5,0,0,0,0,true,,false,false,false,false,false,,,,,,false,false,false,,,false,false,false,false,false,-83.21207,42.39811,"{
  ""coordinates"": [
    -8.321207378900000e+01,
    4.239811039200000e+01
  ],
  ""type"": ""Point""
}","{
  ""coordinates"": [
    -83.212073789,
    42.398110392
  ],
  ""type"": ""Point""
}",-83.212073789,42.398110392
13169,9284648,GREENFIELD,PLYMOUTH,2015-05-29,29,5,2015,19,6,97,9,,2,0,,1,1,1,35,4,3,4,4,0,0,0,2,false,,false,false,false,true,false,,,,,,false,false,true,,,false,false,false,false,false,-83.19755,42.37243,"{
  ""coordinates"": [
    -8.319754626000000e+01,
    4.237242825800010e+01
  ],
  ""type"": ""Point""
}","{
  ""coordinates"": [
    -83.19754626,
    42.372428258
  ],
  ""type"": ""Point""
}",-83.19754626,42.3724282580001
13170,9608729,BEAUBIEN,LAFAYETTE,2015-05-29,29,5,2015,23,6,6,9,,4,0,,1,1,4,25,2,2,2,5,0,0,0,0,true,,false,false,false,false,false,,,,,,false,false,true,,,false,false,false,false,false,-83.04198,42.33398,"{
  ""coordinates"": [
    -8.304197777500001e+01,
    4.233398318700010e+01
  ],
  ""type"": ""Point""
}","{
  ""coordinates"": [
    -83.041977775,
    42.333983187
  ],
  ""type"": ""Point""
}",-83.041977775,42.3339831870001
13171,9285969,I-94,CHALMERS,2015-05-29,29,5,2015,3,6,8,1,,1,0,,1,1,4,55,3,2,2,5,0,0,0,0,true,,false,false,false,false,false,,,,,,false,true,false,,,false,false,false,false,false,-82.96249,42.40438,"{
  ""coordinates"": [
    -8.296249184200001e+01,
    4.240437610900010e+01
  ],
  ""type"": ""Point""
}","{
  ""coordinates"": [
    -82.962491842,
    42.404376109
  ],
  ""type"": ""Point""
}",-82.962491842,42.4043761090001
13172,9285270,JEFFERSON,GRISWOLD,2015-05-29,29,5,2015,0,6,1,3,,1,1,,1,1,5,25,3,1,1,5,0,0,0,0,true,,false,false,false,false,false,,,,,,false,false,false,,,false,false,false,false,false,-83.04566,42.32827,"{
  ""coordinates"": [
    -8.304565961299990e+01,
    4.232826539600010e+01
  ],
  ""type"": ""Point""
}","{
  ""coordinates"": [
    -83.045659613,
    42.328265396
  ],
  ""type"": ""Point""
}",-83.0456596129999,42.3282653960001
13173,9368734,MEYERS,FLORENCE,2015-05-29,29,5,2015,18,6,1,9,,4,0,,1,1,1,35,2,1,1,5,0,0,0,0,true,,false,false,false,false,false,,,,,,false,false,true,,,false,false,false,false,false,-83.16987,42.41193,"{
  ""coordinates"": [
    -8.316987175000000e+01,
    4.241192562100010e+01
  ],
  ""type"": ""Point""
}","{
  ""coordinates"": [
    -83.16987175,
    42.411925621
  ],
  ""type"": ""Point""
}",-83.16987175,42.4119256210001
13174,9320655,S M 10,FOREST,2015-05-29,29,5,2015,23,6,8,3,,1,0,,1,1,1,25,5,2,2,5,0,0,0,0,true,,false,false,false,false,false,,,,,,false,false,false,,,false,false,false,false,false,-83.07229,42.35157,"{
  ""coordinates"": [
    -8.307228799099990e+01,
    4.235157044600000e+01
  ],
  ""type"": ""Point""
}","{
  ""coordinates"": [
    -83.072287991,
    42.351570446
  ],
  ""type"": ""Point""
}",-83.0722879909999,42.351570446
13175,9285269,JEEFERSON,BATES,2015-05-29,29,5,2015,23,6,1,3,,1,1,,1,1,5,25,4,1,4,5,0,0,0,0,true,,false,false,false,false,false,,,,,,false,false,true,,,false,false,false,false,false,-83.04332,42.32899,"{
  ""coordinates"": [
    -8.304332058800000e+01,
    4.232898854900000e+01
  ],
  ""type"": ""Point""
}","{
  ""coordinates"": [
    -83.043320588,
    42.328988549
  ],
  ""type"": ""Point""
}",-83.043320588,42.328988549
13176,9415988,JEFFERSON,WOODWARD,2015-05-29,29,5,2015,8,6,8,3,,1,0,,1,1,1,25,4,2,2,5,0,0,0,0,true,,false,false,false,false,false,,,,,,false,false,false,,,false,false,false,false,false,-83.04479,42.32873,"{
  ""coordinates"": [
    -8.304479369400001e+01,
    4.232873224600010e+01
  ],
  ""type"": ""Point""
}","{
  ""coordinates"": [
    -83.044793694,
    42.328732246
  ],
  ""type"": ""Point""
}",-83.044793694,42.3287322460001
13177,9288772,DAVISON,CLOVERLAWN,2015-05-29,29,5,2015,13,6,4,9,,4,0,,2,4,1,35,3,2,4,4,0,0,0,1,false,,false,false,true,false,false,,,,,,false,false,false,,,false,false,false,false,false,-83.15182,42.38625,"{
  ""coordinates"": [
    -8.315182186800000e+01,
    4.238625471600010e+01
  ],
  ""type"": ""Point""
}","{
  ""coordinates"": [
    -83.151821868,
    42.386254716
  ],
  ""type"": ""Point""
}",-83.151821868,42.3862547160001