ObjectId,Crash ID,Primary Road,Intersecting Road,Crash Date,Day,Month,Year,Hour,Weekday,Crash Type Code,Highway Classification Code,Community Code,Jurisdiction Code,Lane Departure Type Code,Surface Type,Road Condition,Weather Condition,Lighting Condition,Speed Limit,Lanes,Units,Occupants,Most Severe Injury,Fatal Injuries,Suspected Serious Injuries,Suspected Minor Injuries,Possible Injuries,Property Damage Only,Secondary Crash,Traffic Control,Red Light Run,Hit and Run,Alcohol,Drugs,Unbelted Person,Work Zone,Speeding Driver,Distracted Driver,Driveway,Pedestrian,Elderly Driver,Young Driver,Commercial Vehicle,Emergency Vehicles,Train,School Bus,Motorcycle,Bicycle,Deer,Longitude,Latitude,geom,geog,x,y
13235,9287804,GRATIOT,RANDOLPH,2015-05-28,28,5,2015,9,5,4,3,,1,0,,1,1,1,25,2,2,3,5,0,0,0,0,true,,false,false,false,false,false,,,,,,false,false,true,,,false,false,false,false,false,-83.0452,42.33512,"{
  ""coordinates"": [
    -8.304520361199999e+01,
    4.233512086500010e+01
  ],
  ""type"": ""Point""
}","{
  ""coordinates"": [
    -83.045203612,
    42.335120865
  ],
  ""type"": ""Point""
}",-83.045203612,42.3351208650001
13236,9301326,RAMP 037B,N I 75 CD,2015-05-28,28,5,2015,9,5,5,1,,1,0,,1,1,1,55,1,2,2,5,0,0,0,0,true,,false,false,false,false,false,,,,,,false,false,false,,,false,false,false,false,false,-83.07991,42.33203,"{
  ""coordinates"": [
    -8.307991298099989e+01,
    4.233202774100000e+01
  ],
  ""type"": ""Point""
}","{
  ""coordinates"": [
    -83.079912981,
    42.332027741
  ],
  ""type"": ""Point""
}",-83.0799129809999,42.332027741
13237,9286750,LAWNDALE,PITT,2015-05-28,28,5,2015,19,5,1,9,,,0,,1,1,1,25,1,2,1,2,0,1,0,0,false,,false,false,false,false,false,,,,,,true,false,false,,,false,false,false,false,false,-83.13423,42.31127,"{
  ""coordinates"": [
    -8.313423057499990e+01,
    4.231127224000010e+01
  ],
  ""type"": ""Point""
}","{
  ""coordinates"": [
    -83.134230575,
    42.31127224
  ],
  ""type"": ""Point""
}",-83.1342305749999,42.3112722400001
13238,9282589,APPOLINE,PURITAN,2015-05-28,28,5,2015,14,5,4,9,,,0,,1,1,1,25,2,2,2,5,0,0,0,0,true,,false,false,false,false,false,,,,,,false,false,true,,,false,false,false,false,false,-83.17081,42.40952,"{
  ""coordinates"": [
    -8.317081469199999e+01,
    4.240951472700000e+01
  ],
  ""type"": ""Point""
}","{
  ""coordinates"": [
    -83.170814692,
    42.409514727
  ],
  ""type"": ""Point""
}",-83.170814692,42.409514727
13239,9287848,LANSDOWNE,CASINO,2015-05-28,28,5,2015,11,5,4,9,,,0,,1,1,1,25,2,3,2,5,0,0,0,0,true,,false,false,true,false,false,,,,,,false,false,true,,,false,false,false,false,false,-82.94967,42.42828,"{
  ""coordinates"": [
    -8.294966915500000e+01,
    4.242827686200010e+01
  ],
  ""type"": ""Point""
}","{
  ""coordinates"": [
    -82.949669155,
    42.428276862
  ],
  ""type"": ""Point""
}",-82.949669155,42.4282768620001
13240,9288768,GLASTONBURY,FENKELL,2015-05-28,28,5,2015,16,5,97,9,,,0,,97,98,98,15,2,2,2,5,0,0,0,0,true,,false,false,false,false,false,,,,,,false,false,false,,,false,false,false,false,false,-83.22524,42.40108,"{
  ""coordinates"": [
    -8.322524208599999e+01,
    4.240107937700000e+01
  ],
  ""type"": ""Point""
}","{
  ""coordinates"": [
    -83.225242086,
    42.401079377
  ],
  ""type"": ""Point""
}",-83.225242086,42.401079377
13241,9284703,DIX,CENTRAL,2015-05-28,28,5,2015,3,5,1,9,,4,0,,1,1,4,30,4,1,1,4,0,0,0,1,false,,false,false,false,false,false,,,,,,false,false,false,,,false,false,false,false,false,-83.12784,42.3172,"{
  ""coordinates"": [
    -8.312784193800000e+01,
    4.231720147200010e+01
  ],
  ""type"": ""Point""
}","{
  ""coordinates"": [
    -83.127841938,
    42.317201472
  ],
  ""type"": ""Point""
}",-83.127841938,42.3172014720001
13242,9332120,7 MILE,GLENHURST,2015-05-28,28,5,2015,18,5,2,9,,2,2,,1,1,1,35,4,2,2,1,1,0,0,0,false,,false,false,false,true,false,,,,,,false,false,false,,,false,false,false,false,false,-83.27153,42.42908,"{
  ""coordinates"": [
    -8.327152949600000e+01,
    4.242908650600000e+01
  ],
  ""type"": ""Point""
}","{
  ""coordinates"": [
    -83.271529496,
    42.429086506
  ],
  ""type"": ""Point""
}",-83.271529496,42.429086506
13243,9301458,M-10,WEBB,2015-05-28,28,5,2015,14,5,1,3,,1,1,,1,1,1,55,3,1,1,5,0,0,0,0,true,,false,false,false,false,false,,,,,,false,true,false,,,false,false,false,false,false,-83.10162,42.3871,"{
  ""coordinates"": [
    -8.310161313299990e+01,
    4.238709979100000e+01
  ],
  ""type"": ""Point""
}","{
  ""coordinates"": [
    -83.101613133,
    42.387099791
  ],
  ""type"": ""Point""
}",-83.1016131329999,42.387099791
13244,9284676,CADET,INFANTRY,2015-05-28,28,5,2015,16,5,4,9,,,0,,1,1,1,25,2,2,2,5,0,0,0,0,true,,true,false,false,false,false,,,,,,false,false,false,,,false,false,false,false,false,-83.10979,42.31323,"{
  ""coordinates"": [
    -8.310979748999991e+01,
    4.231322945600000e+01
  ],
  ""type"": ""Point""
}","{
  ""coordinates"": [
    -83.10979749,
    42.313229456
  ],
  ""type"": ""Point""
}",-83.1097974899999,42.313229456
13245,9282588,MEYERS,THATCHER,2015-05-28,28,5,2015,10,5,8,9,,4,0,,1,1,1,30,2,2,2,5,0,0,0,0,true,,false,false,false,false,false,,,,,,false,false,false,,,false,false,false,false,false,-83.17036,42.42244,"{
  ""coordinates"": [
    -8.317036538000001e+01,
    4.242244518500010e+01
  ],
  ""type"": ""Point""
}","{
  ""coordinates"": [
    -83.17036538,
    42.422445185
  ],
  ""type"": ""Point""
}",-83.17036538,42.4224451850001
13246,9282563,HEALY,7 MILE,2015-05-28,28,5,2015,16,5,1,9,,,0,,1,1,1,25,1,2,2,3,0,0,1,0,false,,false,false,false,false,false,,,,,,true,true,false,,,false,false,false,false,false,-83.05579,42.43384,"{
  ""coordinates"": [
    -8.305578945199990e+01,
    4.243383839000010e+01
  ],
  ""type"": ""Point""
}","{
  ""coordinates"": [
    -83.055789452,
    42.43383839
  ],
  ""type"": ""Point""
}",-83.0557894519999,42.4338383900001
13247,9615412,OUTER,JAMES COUZENS,2015-05-28,28,5,2015,18,5,5,9,,2,0,,1,1,1,30,3,2,3,3,0,0,1,2,false,,false,false,false,false,false,,,,,,false,true,false,,,false,false,false,false,false,-83.17595,42.42097,"{
  ""coordinates"": [
    -8.317595266399999e+01,
    4.242097531100010e+01
  ],
  ""type"": ""Point""
}","{
  ""coordinates"": [
    -83.175952664,
    42.420975311
  ],
  ""type"": ""Point""
}",-83.175952664,42.4209753110001
13248,9301415,W/B I-94,VAN DYKE,2015-05-28,28,5,2015,1,5,1,1,,1,1,,1,1,4,55,3,1,1,4,0,0,0,1,false,,false,false,false,false,false,,,,,,false,false,false,,,false,false,false,false,false,-83.02932,42.38388,"{
  ""coordinates"": [
    -8.302932066900000e+01,
    4.238387759600000e+01
  ],
  ""type"": ""Point""
}","{
  ""coordinates"": [
    -83.029320669,
    42.383877596
  ],
  ""type"": ""Point""
}",-83.029320669,42.383877596
13249,9288368,TELEGRAPH,GRAND RIVER,2015-05-28,28,5,2015,19,5,97,2,,1,0,,1,1,1,45,6,2,1,5,0,0,0,0,true,,false,false,false,false,false,,,,,,false,false,false,,,false,false,false,false,false,-83.27733,42.42371,"{
  ""coordinates"": [
    -8.327732720400000e+01,
    4.242370964700010e+01
  ],
  ""type"": ""Point""
}","{
  ""coordinates"": [
    -83.277327204,
    42.423709647
  ],
  ""type"": ""Point""
}",-83.277327204,42.4237096470001
13250,9301390,I-94,CHALMERS,2015-05-28,28,5,2015,6,5,1,1,,1,1,,1,1,1,55,3,1,1,5,0,0,0,0,true,,false,false,false,false,false,,,,,,false,false,false,,,false,false,false,false,false,-82.96889,42.40259,"{
  ""coordinates"": [
    -8.296889153399999e+01,
    4.240259160700000e+01
  ],
  ""type"": ""Point""
}","{
  ""coordinates"": [
    -82.968891534,
    42.402591607
  ],
  ""type"": ""Point""
}",-82.968891534,42.402591607
13251,9292395,N M 10 SERVICE DRIVE,CLAIRMOUNT,2015-05-28,28,5,2015,16,5,97,9,,4,0,,1,1,1,30,4,2,1,5,0,0,0,0,true,,false,false,true,false,false,,,,,,false,false,false,,,false,false,false,false,false,-83.08983,42.37987,"{
  ""coordinates"": [
    -8.308983141300000e+01,
    4.237986915000000e+01
  ],
  ""type"": ""Point""
}","{
  ""coordinates"": [
    -83.089831413,
    42.37986915
  ],
  ""type"": ""Point""
}",-83.089831413,42.37986915
13252,9282530,GRATIOT,VERNOR,2015-05-28,28,5,2015,17,5,5,3,,1,0,,1,1,1,35,7,2,2,5,0,0,0,0,true,,false,false,false,false,false,,,,,,false,false,true,,,false,false,false,false,false,-83.03545,42.34778,"{
  ""coordinates"": [
    -8.303545556800000e+01,
    4.234777696300010e+01
  ],
  ""type"": ""Point""
}","{
  ""coordinates"": [
    -83.035455568,
    42.347776963
  ],
  ""type"": ""Point""
}",-83.035455568,42.3477769630001
13253,9284654,MICHIGAN,16TH,2015-05-28,28,5,2015,8,5,5,2,,1,0,,1,1,1,35,2,3,3,5,0,0,0,0,true,,false,false,true,false,false,,,,,,false,true,false,,,false,false,false,false,false,-83.07903,42.33135,"{
  ""coordinates"": [
    -8.307903145800000e+01,
    4.233135025500010e+01
  ],
  ""type"": ""Point""
}","{
  ""coordinates"": [
    -83.079031458,
    42.331350255
  ],
  ""type"": ""Point""
}",-83.079031458,42.3313502550001
13254,9282556,RUNYON,7 MILE,2015-05-28,28,5,2015,21,5,2,9,,,2,,1,1,4,25,2,2,1,4,0,0,0,1,false,,false,false,true,false,false,,,,,,false,false,false,,,false,false,true,false,false,-83.00681,42.43465,"{
  ""coordinates"": [
    -8.300680561199989e+01,
    4.243465320800000e+01
  ],
  ""type"": ""Point""
}","{
  ""coordinates"": [
    -83.006805612,
    42.434653208
  ],
  ""type"": ""Point""
}",-83.0068056119999,42.434653208
13255,9282578,GREENFIELD,OUTER,2015-05-28,28,5,2015,12,5,4,9,,2,0,,1,1,1,35,4,2,2,5,0,0,0,0,true,,false,false,false,false,false,,,,,,false,true,false,,,false,false,false,false,false,-83.19945,42.41967,"{
  ""coordinates"": [
    -8.319944719900001e+01,
    4.241966935100000e+01
  ],
  ""type"": ""Point""
}","{
  ""coordinates"": [
    -83.199447199,
    42.419669351
  ],
  ""type"": ""Point""
}",-83.199447199,42.419669351
13256,9313694,SOUTHFIELD SERVICE DRIVE,SCHOOLCRAFT,2015-05-28,28,5,2015,9,5,4,9,,4,0,,1,1,1,30,2,2,2,3,0,0,1,0,false,,true,true,false,false,false,,,,,,false,true,false,,,false,false,false,false,false,-83.21805,42.38671,"{
  ""coordinates"": [
    -8.321804916900000e+01,
    4.238670642500010e+01
  ],
  ""type"": ""Point""
}","{
  ""coordinates"": [
    -83.218049169,
    42.386706425
  ],
  ""type"": ""Point""
}",-83.218049169,42.3867064250001
13257,9284295,BROOKLYN,LAFAYETTE,2015-05-28,28,5,2015,16,5,4,9,,,0,,1,1,1,30,4,2,2,4,0,0,0,1,false,,false,false,false,false,false,,,,,,false,false,true,,,false,false,false,false,false,-83.05988,42.32653,"{
  ""coordinates"": [
    -8.305987270100000e+01,
    4.232652707900010e+01
  ],
  ""type"": ""Point""
}","{
  ""coordinates"": [
    -83.059872701,
    42.326527079
  ],
  ""type"": ""Point""
}",-83.059872701,42.3265270790001
13258,9361167,MACK,TOURAINE,2015-05-28,28,5,2015,14,5,8,9,,2,0,,1,1,1,35,2,2,2,5,0,0,0,0,true,,false,false,false,false,false,,,,,,false,true,false,,,false,false,false,false,false,-82.91306,42.41147,"{
  ""coordinates"": [
    -8.291305725500000e+01,
    4.241147271900010e+01
  ],
  ""type"": ""Point""
}","{
  ""coordinates"": [
    -82.913057255,
    42.411472719
  ],
  ""type"": ""Point""
}",-82.913057255,42.4114727190001
13259,9301286,S M 10,EUCLID,2015-05-28,28,5,2015,18,5,5,3,,1,0,,1,1,1,55,3,2,2,5,0,0,0,0,true,,false,false,false,false,false,,,,,,false,false,true,,,false,false,false,false,false,-83.08623,42.37345,"{
  ""coordinates"": [
    -8.308622479699990e+01,
    4.237344840900000e+01
  ],
  ""type"": ""Point""
}","{
  ""coordinates"": [
    -83.086224797,
    42.373448409
  ],
  ""type"": ""Point""
}",-83.0862247969999,42.373448409
13260,9284714,FORT,GRAND,2015-05-28,28,5,2015,14,5,5,3,,1,0,,1,1,1,30,4,2,4,5,0,0,0,0,true,,false,false,false,false,false,,,,,,false,false,false,,,false,false,false,false,false,-83.08382,42.31504,"{
  ""coordinates"": [
    -8.308382447299989e+01,
    4.231503784700000e+01
  ],
  ""type"": ""Point""
}","{
  ""coordinates"": [
    -83.083824473,
    42.315037847
  ],
  ""type"": ""Point""
}",-83.0838244729999,42.315037847
13261,9287865,S M 10,RAMP 108A,2015-05-28,28,5,2015,7,5,5,3,,1,0,,1,1,1,55,3,2,4,5,0,0,0,0,true,,false,false,false,false,false,,,,,,false,false,false,,,false,false,false,false,false,-83.13147,42.40498,"{
  ""coordinates"": [
    -8.313147099100000e+01,
    4.240498035100010e+01
  ],
  ""type"": ""Point""
}","{
  ""coordinates"": [
    -83.131470991,
    42.404980351
  ],
  ""type"": ""Point""
}",-83.131470991,42.4049803510001
13262,9286182,KIRBY,CANADIAN NATIONAL RAILWAY,2015-05-28,28,5,2015,13,5,1,9,,4,0,,1,1,1,25,2,1,1,5,0,0,0,0,true,,false,false,false,false,false,,,,,,false,false,false,,,false,false,false,false,false,-83.08781,42.35332,"{
  ""coordinates"": [
    -8.308780878399990e+01,
    4.235331640000000e+01
  ],
  ""type"": ""Point""
}","{
  ""coordinates"": [
    -83.087808784,
    42.3533164
  ],
  ""type"": ""Point""
}",-83.0878087839999,42.3533164
13263,9368694,MCNICHOLS,ALCOY,2015-05-28,28,5,2015,14,5,8,9,,4,0,,1,2,1,30,3,2,2,4,0,0,0,1,false,,false,false,true,false,false,,,,,,false,false,false,,,false,false,false,false,false,-82.98816,42.42562,"{
  ""coordinates"": [
    -8.298816052099990e+01,
    4.242562461000010e+01
  ],
  ""type"": ""Point""
}","{
  ""coordinates"": [
    -82.988160521,
    42.42562461
  ],
  ""type"": ""Point""
}",-82.9881605209999,42.4256246100001
13264,9287860,MCNICHOLS,S I 75 SERVICE DRIVE,2015-05-28,28,5,2015,8,5,5,9,,2,0,,1,1,1,35,3,2,3,3,0,0,1,1,false,,false,false,false,false,false,,,,,,false,false,false,,,false,false,false,false,false,-83.08894,42.41819,"{
  ""coordinates"": [
    -8.308894002300001e+01,
    4.241818488900000e+01
  ],
  ""type"": ""Point""
}","{
  ""coordinates"": [
    -83.088940023,
    42.418184889
  ],
  ""type"": ""Point""
}",-83.088940023,42.418184889
13265,9368581,COYLE,KENDALL,2015-05-28,28,5,2015,16,5,5,9,,,0,,1,1,1,25,1,2,2,4,0,0,0,1,false,,false,false,false,false,false,,,,,,false,false,false,,,false,false,false,false,false,-83.19392,42.39006,"{
  ""coordinates"": [
    -8.319392283000001e+01,
    4.239005672200010e+01
  ],
  ""type"": ""Point""
}","{
  ""coordinates"": [
    -83.19392283,
    42.390056722
  ],
  ""type"": ""Point""
}",-83.19392283,42.3900567220001
13266,9286755,7 MILE,HAYES,2015-05-28,28,5,2015,19,5,2,9,,2,0,,1,1,1,30,2,2,4,2,0,2,2,0,false,,false,false,false,false,false,,,,,,false,false,false,,,false,false,false,false,false,-82.96539,42.43542,"{
  ""coordinates"": [
    -8.296538442799989e+01,
    4.243542404900010e+01
  ],
  ""type"": ""Point""
}","{
  ""coordinates"": [
    -82.965384428,
    42.435424049
  ],
  ""type"": ""Point""
}",-82.9653844279999,42.4354240490001
13267,9301374,I-94,LIVERNOIS,2015-05-28,28,5,2015,18,5,5,1,,1,0,,1,1,1,55,3,2,2,5,0,0,0,0,true,,false,false,false,false,false,,,,,,false,false,false,,,false,false,false,false,false,-83.12169,42.33876,"{
  ""coordinates"": [
    -8.312169116299999e+01,
    4.233876299800000e+01
  ],
  ""type"": ""Point""
}","{
  ""coordinates"": [
    -83.121691163,
    42.338762998
  ],
  ""type"": ""Point""
}",-83.121691163,42.338762998
13268,9287802,MONROE,CHRYSLER,2015-05-28,28,5,2015,7,5,5,9,,4,0,,1,1,1,25,3,2,2,4,0,0,0,1,false,,false,false,false,false,false,,,,,,false,false,false,,,false,false,false,false,false,-83.03819,42.33679,"{
  ""coordinates"": [
    -8.303818853600001e+01,
    4.233678932400010e+01
  ],
  ""type"": ""Point""
}","{
  ""coordinates"": [
    -83.038188536,
    42.336789324
  ],
  ""type"": ""Point""
}",-83.038188536,42.3367893240001
13269,9282498,ST JEAN,MACK,2015-05-28,28,5,2015,5,5,1,9,,4,1,,1,1,1,30,4,1,1,5,0,0,0,0,true,,false,false,false,false,false,,,,,,false,false,false,,,false,false,false,false,false,-82.97695,42.37668,"{
  ""coordinates"": [
    -8.297695394599999e+01,
    4.237668243000010e+01
  ],
  ""type"": ""Point""
}","{
  ""coordinates"": [
    -82.976953946,
    42.37668243
  ],
  ""type"": ""Point""
}",-82.976953946,42.3766824300001
13270,9282513,ADAIR,JEFFERSON,2015-05-28,28,5,2015,20,5,5,9,,,0,,1,1,2,25,2,2,1,5,0,0,0,0,true,,false,false,false,false,false,,,,,,false,true,false,,,false,false,false,false,false,-83.01451,42.34169,"{
  ""coordinates"": [
    -8.301451360100000e+01,
    4.234168448300010e+01
  ],
  ""type"": ""Point""
}","{
  ""coordinates"": [
    -83.014513601,
    42.341684483
  ],
  ""type"": ""Point""
}",-83.014513601,42.3416844830001
13271,9301471,I-75,JOHN R,2015-05-28,28,5,2015,14,5,5,1,,1,0,,1,1,1,55,3,2,3,5,0,0,0,0,true,,false,false,false,false,false,,,,,,false,false,false,,,false,false,false,false,false,-83.05063,42.34076,"{
  ""coordinates"": [
    -8.305063242599989e+01,
    4.234075455700000e+01
  ],
  ""type"": ""Point""
}","{
  ""coordinates"": [
    -83.050632426,
    42.340754557
  ],
  ""type"": ""Point""
}",-83.0506324259999,42.340754557
13272,9368582,MCNICHOLS,MARLOWE,2015-05-28,28,5,2015,16,5,5,9,,2,0,,1,2,1,35,4,2,2,4,0,0,0,1,false,,false,false,false,false,false,,,,,,false,false,false,,,false,false,false,false,false,-83.19044,42.41642,"{
  ""coordinates"": [
    -8.319044740800000e+01,
    4.241641788900010e+01
  ],
  ""type"": ""Point""
}","{
  ""coordinates"": [
    -83.190447408,
    42.416417889
  ],
  ""type"": ""Point""
}",-83.190447408,42.4164178890001
13273,9323540,FREDERICK,MOUNT ELLIOTT,2015-05-28,28,5,2015,4,5,97,9,,,0,,1,1,2,25,2,2,1,5,0,0,0,0,true,,false,false,false,false,false,,,,,,false,false,false,,,false,false,false,false,false,-83.02927,42.37264,"{
  ""coordinates"": [
    -8.302926320099991e+01,
    4.237263766300000e+01
  ],
  ""type"": ""Point""
}","{
  ""coordinates"": [
    -83.029263201,
    42.372637663
  ],
  ""type"": ""Point""
}",-83.0292632009999,42.372637663
13274,9282586,SCHAEFER,OUTER,2015-05-28,28,5,2015,8,5,4,9,,4,0,,1,1,1,35,2,2,4,5,0,0,0,0,true,,false,false,false,false,false,,,,,,false,true,true,,,false,false,false,false,false,-83.17997,42.42031,"{
  ""coordinates"": [
    -8.317997319400000e+01,
    4.242030687900010e+01
  ],
  ""type"": ""Point""
}","{
  ""coordinates"": [
    -83.179973194,
    42.420306879
  ],
  ""type"": ""Point""
}",-83.179973194,42.4203068790001
13275,9282584,ILENE,SANTA MARIA,2015-05-28,28,5,2015,20,5,5,9,,,0,,1,1,3,25,2,2,1,5,0,0,0,0,true,,false,false,true,false,false,,,,,,false,false,false,,,false,false,false,false,false,-83.16257,42.4186,"{
  ""coordinates"": [
    -8.316256573100000e+01,
    4.241860209900010e+01
  ],
  ""type"": ""Point""
}","{
  ""coordinates"": [
    -83.162565731,
    42.418602099
  ],
  ""type"": ""Point""
}",-83.162565731,42.4186020990001
13276,9282524,HOLCOMB,MOFFAT,2015-05-28,28,5,2015,10,5,97,9,,,0,,1,1,1,25,2,2,1,5,0,0,0,0,true,,false,false,false,false,false,,,,,,false,false,false,,,false,false,false,false,false,-83.0041,42.38236,"{
  ""coordinates"": [
    -8.300409937300000e+01,
    4.238236254800010e+01
  ],
  ""type"": ""Point""
}","{
  ""coordinates"": [
    -83.004099373,
    42.382362548
  ],
  ""type"": ""Point""
}",-83.004099373,42.3823625480001
13277,9368635,CHICAGO,ARTESIAN,2015-05-28,28,5,2015,19,5,97,9,,4,0,,1,1,3,25,3,2,4,5,0,0,0,0,true,,false,false,true,false,false,,,,,,false,true,false,,,false,false,false,false,false,-83.22636,42.36488,"{
  ""coordinates"": [
    -8.322636709699999e+01,
    4.236488499500010e+01
  ],
  ""type"": ""Point""
}","{
  ""coordinates"": [
    -83.226367097,
    42.364884995
  ],
  ""type"": ""Point""
}",-83.226367097,42.3648849950001
13278,9400259,2ND,YORK,2015-05-28,28,5,2015,15,5,4,9,,4,0,,1,1,1,25,2,2,4,5,0,0,0,0,true,,false,false,false,false,false,,,,,,false,false,false,,,false,false,false,false,false,-83.07356,42.36347,"{
  ""coordinates"": [
    -8.307356209300001e+01,
    4.236347311900000e+01
  ],
  ""type"": ""Point""
}","{
  ""coordinates"": [
    -83.073562093,
    42.363473119
  ],
  ""type"": ""Point""
}",-83.073562093,42.363473119
13279,9301389,NOTTINGHAM,MUNICH,2015-05-27,27,5,2015,8,4,1,9,,,0,,1,1,1,25,2,1,1,5,0,0,0,0,true,,false,false,false,false,false,,,,,,false,false,true,,,false,false,false,false,false,-82.94661,42.39577,"{
  ""coordinates"": [
    -8.294661330000000e+01,
    4.239577188500000e+01
  ],
  ""type"": ""Point""
}","{
  ""coordinates"": [
    -82.9466133,
    42.395771885
  ],
  ""type"": ""Point""
}",-82.9466133,42.395771885
13280,9368745,CANTURBURY,CHIPPEWA,2015-05-27,27,5,2015,7,4,97,9,,,0,,1,1,1,25,2,2,0,5,0,0,0,0,true,,false,false,true,false,false,,,,,,false,false,false,,,false,false,false,false,false,-83.13981,42.44114,"{
  ""coordinates"": [
    -8.313980677900000e+01,
    4.244114048200000e+01
  ],
  ""type"": ""Point""
}","{
  ""coordinates"": [
    -83.139806779,
    42.441140482
  ],
  ""type"": ""Point""
}",-83.139806779,42.441140482
13281,9301470,S I 75,RAMP 043C,2015-05-27,27,5,2015,11,4,97,1,,1,0,,1,1,1,55,5,4,6,4,0,0,0,2,false,,false,false,false,false,true,,,,,,false,true,false,,,false,false,false,false,false,-83.04951,42.35327,"{
  ""coordinates"": [
    -8.304951372100000e+01,
    4.235326939800010e+01
  ],
  ""type"": ""Point""
}","{
  ""coordinates"": [
    -83.049513721,
    42.353269398
  ],
  ""type"": ""Point""
}",-83.049513721,42.3532693980001
13282,9268047,MORANG,MCKINNEY,2015-05-27,27,5,2015,7,4,4,9,,4,0,,1,1,1,35,3,2,2,5,0,0,0,0,true,,false,false,false,false,false,,,,,,false,false,true,,,false,false,false,false,false,-82.94174,42.42275,"{
  ""coordinates"": [
    -8.294174460200000e+01,
    4.242275071000010e+01
  ],
  ""type"": ""Point""
}","{
  ""coordinates"": [
    -82.941744602,
    42.42275071
  ],
  ""type"": ""Point""
}",-82.941744602,42.4227507100001
13283,9287866,RALSTON,STATE FAIR,2015-05-27,27,5,2015,21,4,8,9,,,0,,1,1,4,30,2,2,0,5,0,0,0,0,true,,false,false,true,false,false,,,,,,false,false,false,,,false,false,false,false,false,-83.11713,42.4392,"{
  ""coordinates"": [
    -8.311713166000000e+01,
    4.243920170100010e+01
  ],
  ""type"": ""Point""
}","{
  ""coordinates"": [
    -83.11713166,
    42.439201701
  ],
  ""type"": ""Point""
}",-83.11713166,42.4392017010001
13284,9284667,TRENTON,DENNISON,2015-05-27,27,5,2015,11,4,97,9,,,0,,1,1,1,25,3,2,1,5,0,0,0,0,true,,false,false,false,false,false,,,,,,false,false,false,,,false,false,false,false,false,-83.15091,42.33463,"{
  ""coordinates"": [
    -8.315090822900000e+01,
    4.233462914000010e+01
  ],
  ""type"": ""Point""
}","{
  ""coordinates"": [
    -83.150908229,
    42.33462914
  ],
  ""type"": ""Point""
}",-83.150908229,42.3346291400001
13285,9301424,I94,TRUMBULL,2015-05-27,27,5,2015,18,4,5,1,,1,0,,1,2,1,55,3,3,3,5,0,0,0,0,true,,false,false,false,false,false,,,,,,false,false,false,,,false,false,false,false,false,-83.0813,42.35588,"{
  ""coordinates"": [
    -8.308129856999990e+01,
    4.235588065200010e+01
  ],
  ""type"": ""Point""
}","{
  ""coordinates"": [
    -83.08129857,
    42.355880652
  ],
  ""type"": ""Point""
}",-83.0812985699999,42.3558806520001
13286,9287644,NB M-39,MCNICHOLS,2015-05-27,27,5,2015,17,4,8,3,,1,0,,1,2,1,55,4,2,4,5,0,0,0,0,true,,false,false,false,false,false,,,,,,false,false,false,,,false,false,false,false,false,-83.2187,42.41193,"{
  ""coordinates"": [
    -8.321869803200001e+01,
    4.241193423200010e+01
  ],
  ""type"": ""Point""
}","{
  ""coordinates"": [
    -83.218698032,
    42.411934232
  ],
  ""type"": ""Point""
}",-83.218698032,42.4119342320001
13287,9287616,M-10,OAKMAN,2015-05-27,27,5,2015,10,4,5,3,,1,0,,1,1,1,55,3,2,2,5,0,0,0,0,true,,false,false,false,false,false,,,,,,false,false,false,,,false,false,false,false,false,-83.11433,42.40062,"{
  ""coordinates"": [
    -8.311432428599990e+01,
    4.240061693100010e+01
  ],
  ""type"": ""Point""
}","{
  ""coordinates"": [
    -83.114324286,
    42.400616931
  ],
  ""type"": ""Point""
}",-83.1143242859999,42.4006169310001
13288,9268041,7 MILE,WESTPHALIA,2015-05-27,27,5,2015,17,4,8,9,,4,0,,1,1,1,35,2,2,2,4,0,0,0,1,false,,false,false,false,false,false,,,,,,false,false,false,,,false,false,false,false,false,-82.99239,42.43475,"{
  ""coordinates"": [
    -8.299239698799990e+01,
    4.243475522000010e+01
  ],
  ""type"": ""Point""
}","{
  ""coordinates"": [
    -82.992396988,
    42.43475522
  ],
  ""type"": ""Point""
}",-82.9923969879999,42.4347552200001
13289,9301456,I-94,24TH,2015-05-27,27,5,2015,10,4,5,1,,1,0,,1,1,1,55,3,2,2,5,0,0,0,0,true,,false,false,false,false,false,,,,,,false,false,false,,,false,false,false,false,false,-83.10146,42.34936,"{
  ""coordinates"": [
    -8.310145631899999e+01,
    4.234935808300000e+01
  ],
  ""type"": ""Point""
}","{
  ""coordinates"": [
    -83.101456319,
    42.349358083
  ],
  ""type"": ""Point""
}",-83.101456319,42.349358083
13290,9301409,I 94,VAN DYKE,2015-05-27,27,5,2015,14,4,5,1,,1,0,,2,2,1,0,3,2,2,5,0,0,0,0,true,,true,false,false,false,false,,,,,,false,false,true,,,false,false,false,false,false,-83.01842,42.38693,"{
  ""coordinates"": [
    -8.301842062899991e+01,
    4.238693305900010e+01
  ],
  ""type"": ""Point""
}","{
  ""coordinates"": [
    -83.018420629,
    42.386933059
  ],
  ""type"": ""Point""
}",-83.0184206289999,42.3869330590001
13291,9284653,TRENTON,KIRKWOOD,2015-05-27,27,5,2015,11,4,9,9,,,0,,1,1,1,25,1,2,1,5,0,0,0,0,true,,false,false,false,false,false,,,,,,false,false,false,,,false,false,false,false,false,-83.15189,42.33599,"{
  ""coordinates"": [
    -8.315188977199990e+01,
    4.233599548700000e+01
  ],
  ""type"": ""Point""
}","{
  ""coordinates"": [
    -83.151889772,
    42.335995487
  ],
  ""type"": ""Point""
}",-83.1518897719999,42.335995487