ObjectId,Crash ID,Primary Road,Intersecting Road,Crash Date,Day,Month,Year,Hour,Weekday,Crash Type Code,Highway Classification Code,Community Code,Jurisdiction Code,Lane Departure Type Code,Surface Type,Road Condition,Weather Condition,Lighting Condition,Speed Limit,Lanes,Units,Occupants,Most Severe Injury,Fatal Injuries,Suspected Serious Injuries,Suspected Minor Injuries,Possible Injuries,Property Damage Only,Secondary Crash,Traffic Control,Red Light Run,Hit and Run,Alcohol,Drugs,Unbelted Person,Work Zone,Speeding Driver,Distracted Driver,Driveway,Pedestrian,Elderly Driver,Young Driver,Commercial Vehicle,Emergency Vehicles,Train,School Bus,Motorcycle,Bicycle,Deer,Longitude,Latitude,geom,geog,x,y
13520,9267494,8 MILE,CUSHING,2015-05-23,23,5,2015,15,7,6,3,,1,0,,1,1,1,30,1,2,5,5,0,0,0,0,true,,false,false,false,false,false,,,,,,false,false,true,,,false,false,false,false,false,-82.94603,42.45023,"{
  ""coordinates"": [
    -8.294603281300000e+01,
    4.245022635600000e+01
  ],
  ""type"": ""Point""
}","{
  ""coordinates"": [
    -82.946032813,
    42.450226356
  ],
  ""type"": ""Point""
}",-82.946032813,42.450226356
13521,9265169,WYOMING,OUTER,2015-05-23,23,5,2015,18,7,4,9,,4,0,,1,1,1,30,2,2,2,5,0,0,0,0,true,,true,true,false,false,false,,,,,,false,false,true,,,false,false,false,false,false,-83.16109,42.43485,"{
  ""coordinates"": [
    -8.316109801300000e+01,
    4.243485067800000e+01
  ],
  ""type"": ""Point""
}","{
  ""coordinates"": [
    -83.161098013,
    42.434850678
  ],
  ""type"": ""Point""
}",-83.161098013,42.434850678
13522,9451131,JEFFERSON,GRISWOLD,2015-05-23,23,5,2015,0,7,5,3,,1,0,,1,1,5,30,3,2,4,3,0,0,1,0,false,,false,false,true,false,false,,,,,,false,false,false,,,false,false,false,false,false,-83.04536,42.32843,"{
  ""coordinates"": [
    -8.304536521400000e+01,
    4.232842607500000e+01
  ],
  ""type"": ""Point""
}","{
  ""coordinates"": [
    -83.045365214,
    42.328426075
  ],
  ""type"": ""Point""
}",-83.045365214,42.328426075
13523,9288748,CHERRYLAWN,SCHOOLCRAFT,2015-05-23,23,5,2015,20,7,8,9,,,0,,1,1,1,25,2,2,1,5,0,0,0,0,true,,false,false,false,false,false,,,,,,false,false,true,,,false,false,false,false,false,-83.15408,42.38863,"{
  ""coordinates"": [
    -8.315408067500000e+01,
    4.238862911400000e+01
  ],
  ""type"": ""Point""
}","{
  ""coordinates"": [
    -83.154080675,
    42.388629114
  ],
  ""type"": ""Point""
}",-83.154080675,42.388629114
13524,9282595,GRATIOT,CHENE,2015-05-23,23,5,2015,13,7,4,3,,1,0,,1,1,1,35,8,3,3,5,0,0,0,0,true,,false,false,false,false,false,,,,,,false,false,false,,,false,false,false,false,false,-83.03197,42.35258,"{
  ""coordinates"": [
    -8.303197831700000e+01,
    4.235258109300000e+01
  ],
  ""type"": ""Point""
}","{
  ""coordinates"": [
    -83.031978317,
    42.352581093
  ],
  ""type"": ""Point""
}",-83.031978317,42.352581093
13525,9286178,MICHIGAN,ROSA PARKS,2015-05-23,23,5,2015,15,7,1,2,,1,0,,1,1,1,35,2,2,2,4,0,0,0,1,false,,false,false,false,false,false,,,,,,false,false,false,,,false,false,false,true,false,-83.07228,42.33139,"{
  ""coordinates"": [
    -8.307228311400000e+01,
    4.233138741500010e+01
  ],
  ""type"": ""Point""
}","{
  ""coordinates"": [
    -83.072283114,
    42.331387415
  ],
  ""type"": ""Point""
}",-83.072283114,42.3313874150001
13526,9286275,HEYDEN,HESSEL18,2015-05-23,23,5,2015,7,7,4,9,,,0,,1,1,1,25,2,2,5,4,0,0,0,2,false,,false,false,false,false,false,,,,,,false,true,false,,,false,false,false,false,false,-83.24178,42.44199,"{
  ""coordinates"": [
    -8.324178132599999e+01,
    4.244199186500000e+01
  ],
  ""type"": ""Point""
}","{
  ""coordinates"": [
    -83.241781326,
    42.441991865
  ],
  ""type"": ""Point""
}",-83.241781326,42.441991865
13527,9301420,M-39,SCHOOLCRAFT,2015-05-23,23,5,2015,23,7,1,3,,1,1,,1,1,4,55,3,1,1,5,0,0,0,0,true,,false,false,false,false,false,,,,,,false,false,false,,,false,false,false,false,false,-83.21789,42.39033,"{
  ""coordinates"": [
    -8.321788692000000e+01,
    4.239032906700000e+01
  ],
  ""type"": ""Point""
}","{
  ""coordinates"": [
    -83.21788692,
    42.390329067
  ],
  ""type"": ""Point""
}",-83.21788692,42.390329067
13528,9265095,GRAND,MACK,2015-05-23,23,5,2015,14,7,5,9,,4,0,,1,1,1,30,2,2,1,4,0,0,0,1,false,,false,false,false,false,false,,,,,,false,true,false,,,false,false,false,false,false,-83.01308,42.3641,"{
  ""coordinates"": [
    -8.301307550500000e+01,
    4.236409587500000e+01
  ],
  ""type"": ""Point""
}","{
  ""coordinates"": [
    -83.013075505,
    42.364095875
  ],
  ""type"": ""Point""
}",-83.013075505,42.364095875
13529,9286124,SOUTHFIELD SERVICE DRIVE,OUTER,2015-05-23,23,5,2015,18,7,5,9,,4,0,,1,1,1,35,2,2,2,5,0,0,0,0,true,,false,false,true,false,false,,,,,,false,false,false,,,false,false,false,false,false,-83.2192,42.41906,"{
  ""coordinates"": [
    -8.321919990399989e+01,
    4.241906499200010e+01
  ],
  ""type"": ""Point""
}","{
  ""coordinates"": [
    -83.219199904,
    42.419064992
  ],
  ""type"": ""Point""
}",-83.2191999039999,42.4190649920001
13530,9286287,SEVEN MILE,BURT,2015-05-23,23,5,2015,19,7,5,9,,2,0,,1,1,1,35,4,4,5,5,0,0,0,0,true,,false,false,true,false,false,,,,,,false,true,true,,,false,false,false,false,false,-83.2484,42.42934,"{
  ""coordinates"": [
    -8.324840114200001e+01,
    4.242933832100000e+01
  ],
  ""type"": ""Point""
}","{
  ""coordinates"": [
    -83.248401142,
    42.429338321
  ],
  ""type"": ""Point""
}",-83.248401142,42.429338321
13531,9266413,JOY,COYLE,2015-05-23,23,5,2015,7,7,5,9,,4,0,,1,1,1,25,2,2,1,5,0,0,0,0,true,,false,false,false,false,false,,,,,,false,false,true,,,false,false,false,false,false,-83.19269,42.35822,"{
  ""coordinates"": [
    -8.319268602499990e+01,
    4.235822162500010e+01
  ],
  ""type"": ""Point""
}","{
  ""coordinates"": [
    -83.192686025,
    42.358221625
  ],
  ""type"": ""Point""
}",-83.1926860249999,42.3582216250001
13532,9265174,LIVERNOIS,CURTIS,2015-05-23,23,5,2015,16,7,4,9,,4,0,,1,1,1,35,2,2,2,5,0,0,0,0,true,,false,false,false,false,false,,,,,,false,false,false,,,false,false,false,false,false,-83.14106,42.42467,"{
  ""coordinates"": [
    -8.314105735100000e+01,
    4.242467285600000e+01
  ],
  ""type"": ""Point""
}","{
  ""coordinates"": [
    -83.141057351,
    42.424672856
  ],
  ""type"": ""Point""
}",-83.141057351,42.424672856
13533,9267533,WILLIS,CASS,2015-05-23,23,5,2015,14,7,4,9,,,0,,1,1,1,25,2,2,1,5,0,0,0,0,true,,false,false,false,false,false,,,,,,false,true,false,,,false,false,false,false,false,-83.06372,42.35044,"{
  ""coordinates"": [
    -8.306371773200000e+01,
    4.235043921900010e+01
  ],
  ""type"": ""Point""
}","{
  ""coordinates"": [
    -83.063717732,
    42.350439219
  ],
  ""type"": ""Point""
}",-83.063717732,42.3504392190001
13534,9266411,JOY,PINEHURST,2015-05-23,23,5,2015,1,7,8,9,,4,0,,1,1,4,30,2,2,0,5,0,0,0,0,true,,false,false,true,false,false,,,,,,false,false,false,,,false,false,false,false,false,-83.16534,42.35882,"{
  ""coordinates"": [
    -8.316534510699999e+01,
    4.235881690900000e+01
  ],
  ""type"": ""Point""
}","{
  ""coordinates"": [
    -83.165345107,
    42.358816909
  ],
  ""type"": ""Point""
}",-83.165345107,42.358816909
13535,9286281,FENKELL,SOUTHFIELD SERVICE DRIVE,2015-05-23,23,5,2015,3,7,5,9,,2,0,,1,1,4,35,5,2,1,5,0,0,0,0,true,,false,false,true,false,false,,,,,,false,false,true,,,false,false,false,false,false,-83.21789,42.40113,"{
  ""coordinates"": [
    -8.321789011899990e+01,
    4.240112764500000e+01
  ],
  ""type"": ""Point""
}","{
  ""coordinates"": [
    -83.217890119,
    42.401127645
  ],
  ""type"": ""Point""
}",-83.2178901189999,42.401127645
13536,9265117,MOROSS,ROSSITER,2015-05-23,23,5,2015,6,7,8,9,,2,0,,1,1,4,35,2,2,0,5,0,0,0,0,true,,false,false,false,false,false,,,,,,false,false,false,,,false,false,false,false,false,-82.94299,42.43063,"{
  ""coordinates"": [
    -8.294298918500000e+01,
    4.243062813600010e+01
  ],
  ""type"": ""Point""
}","{
  ""coordinates"": [
    -82.942989185,
    42.430628136
  ],
  ""type"": ""Point""
}",-82.942989185,42.4306281360001
13537,9265097,MACK,GRATIOT,2015-05-23,23,5,2015,11,7,97,3,,4,0,,1,1,1,35,4,2,4,3,0,0,2,0,false,,false,false,false,false,false,,,,,,false,false,true,,,false,false,false,false,false,-83.02776,42.35903,"{
  ""coordinates"": [
    -8.302775322300000e+01,
    4.235903329100010e+01
  ],
  ""type"": ""Point""
}","{
  ""coordinates"": [
    -83.027753223,
    42.359033291
  ],
  ""type"": ""Point""
}",-83.027753223,42.3590332910001
13538,9287826,PLYMOUTH,BRAILE,2015-05-23,23,5,2015,22,7,97,9,,4,0,,1,1,5,25,2,2,0,5,0,0,0,0,true,,false,false,true,false,false,,,,,,false,false,false,,,false,false,false,false,false,-83.24367,42.37186,"{
  ""coordinates"": [
    -8.324366949099991e+01,
    4.237185975500010e+01
  ],
  ""type"": ""Point""
}","{
  ""coordinates"": [
    -83.243669491,
    42.371859755
  ],
  ""type"": ""Point""
}",-83.2436694909999,42.3718597550001
13539,9265743,CHIPPEWA,WOODOMGHAM,2015-05-23,23,5,2015,23,7,2,9,,,2,,1,1,4,25,2,2,0,5,0,0,0,0,true,,false,false,false,false,false,,,,,,false,false,false,,,false,false,false,false,false,-83.15074,42.44115,"{
  ""coordinates"": [
    -8.315074372899990e+01,
    4.244115284400000e+01
  ],
  ""type"": ""Point""
}","{
  ""coordinates"": [
    -83.150743729,
    42.441152844
  ],
  ""type"": ""Point""
}",-83.1507437289999,42.441152844
13540,9284680,MICHIGAN,CLARK,2015-05-23,23,5,2015,17,7,5,2,,1,0,,1,1,1,35,2,2,2,5,0,0,0,0,true,,false,false,false,false,false,,,,,,false,false,false,,,false,false,false,false,false,-83.10239,42.33113,"{
  ""coordinates"": [
    -8.310238577500000e+01,
    4.233113667100010e+01
  ],
  ""type"": ""Point""
}","{
  ""coordinates"": [
    -83.102385775,
    42.331136671
  ],
  ""type"": ""Point""
}",-83.102385775,42.3311366710001
13541,9268044,BRINGARD,MOHICAN,2015-05-23,23,5,2015,19,7,1,9,,,0,,1,1,1,25,1,2,2,3,0,0,1,0,false,,false,false,true,false,false,,,,,,false,false,false,,,false,false,false,true,false,-82.97266,42.44615,"{
  ""coordinates"": [
    -8.297266180199991e+01,
    4.244614851500010e+01
  ],
  ""type"": ""Point""
}","{
  ""coordinates"": [
    -82.972661802,
    42.446148515
  ],
  ""type"": ""Point""
}",-82.9726618019999,42.4461485150001
13542,9287537,NB I-75,SCHAEFER,2015-05-23,23,5,2015,13,7,1,1,,1,1,,1,1,1,70,4,1,1,4,0,0,0,1,false,,false,false,false,false,false,,,,,,false,true,false,,,false,false,false,false,false,-83.15663,42.27703,"{
  ""coordinates"": [
    -8.315663235100000e+01,
    4.227702763100010e+01
  ],
  ""type"": ""Point""
}","{
  ""coordinates"": [
    -83.156632351,
    42.277027631
  ],
  ""type"": ""Point""
}",-83.156632351,42.2770276310001
13543,9284656,CAVALRY,BAKER,2015-05-23,23,5,2015,10,7,9,9,,,2,,1,1,1,25,1,2,1,5,0,0,0,0,true,,false,false,false,false,false,,,,,,false,false,false,,,false,false,false,false,false,-83.10505,42.31542,"{
  ""coordinates"": [
    -8.310505204499999e+01,
    4.231541859500000e+01
  ],
  ""type"": ""Point""
}","{
  ""coordinates"": [
    -83.105052045,
    42.315418595
  ],
  ""type"": ""Point""
}",-83.105052045,42.315418595
13544,9265098,LAHSER,7 MILE,2015-05-23,23,5,2015,3,7,1,9,,2,0,,1,1,4,30,5,1,1,2,0,1,0,0,false,,false,false,false,true,false,,,,,,false,false,false,,,false,false,false,false,false,-83.25829,42.42903,"{
  ""coordinates"": [
    -8.325828289099999e+01,
    4.242903101100010e+01
  ],
  ""type"": ""Point""
}","{
  ""coordinates"": [
    -83.258282891,
    42.429031011
  ],
  ""type"": ""Point""
}",-83.258282891,42.4290310110001
13545,9265170,8 MILE,MONICA,2015-05-23,23,5,2015,7,7,1,3,,1,1,,1,1,1,35,2,1,1,5,0,0,0,0,true,,false,false,false,false,false,,,,,,false,false,false,,,false,false,false,false,false,-83.14515,42.44601,"{
  ""coordinates"": [
    -8.314515051700000e+01,
    4.244601626900000e+01
  ],
  ""type"": ""Point""
}","{
  ""coordinates"": [
    -83.145150517,
    42.446016269
  ],
  ""type"": ""Point""
}",-83.145150517,42.446016269
13546,9288741,BROADSTREET,STURTEVANT,2015-05-23,23,5,2015,21,7,1,9,,4,1,,1,1,3,25,2,1,1,4,0,0,0,1,false,,false,false,false,false,false,,,,,,false,false,false,,,false,false,false,false,false,-83.13526,42.38098,"{
  ""coordinates"": [
    -8.313525866899990e+01,
    4.238097613700010e+01
  ],
  ""type"": ""Point""
}","{
  ""coordinates"": [
    -83.135258669,
    42.380976137
  ],
  ""type"": ""Point""
}",-83.1352586689999,42.3809761370001
13547,9266407,KENTUCKY,MACKENZIE,2015-05-23,23,5,2015,1,7,8,9,,,0,,1,1,4,25,2,2,1,5,0,0,0,0,true,,false,false,true,false,false,,,,,,false,false,true,,,false,false,false,false,false,-83.15659,42.35621,"{
  ""coordinates"": [
    -8.315659489300000e+01,
    4.235621394600000e+01
  ],
  ""type"": ""Point""
}","{
  ""coordinates"": [
    -83.156594893,
    42.356213946
  ],
  ""type"": ""Point""
}",-83.156594893,42.356213946
13548,9264739,M10,WYOMING,2015-05-23,23,5,2015,3,7,1,3,,1,1,,1,2,4,55,3,1,1,5,0,0,0,0,true,,false,false,false,false,false,,,,,,false,false,false,,,false,false,false,false,false,-83.16047,42.40559,"{
  ""coordinates"": [
    -8.316046972800000e+01,
    4.240558675500010e+01
  ],
  ""type"": ""Point""
}","{
  ""coordinates"": [
    -83.160469728,
    42.405586755
  ],
  ""type"": ""Point""
}",-83.160469728,42.4055867550001
13549,9303351,WASHINGTON,W JEFFERSON SERVICE DRIVE,2015-05-23,23,5,2015,16,7,8,9,,4,0,,1,1,1,25,2,2,3,5,0,0,0,0,true,,false,false,false,false,false,,,,,,false,false,true,,,false,false,false,false,false,-83.04812,42.32735,"{
  ""coordinates"": [
    -8.304811591500000e+01,
    4.232735108800010e+01
  ],
  ""type"": ""Point""
}","{
  ""coordinates"": [
    -83.048115915,
    42.327351088
  ],
  ""type"": ""Point""
}",-83.048115915,42.3273510880001
13550,9286171,RAMP 117A,N M 10 SERVICE DRIVE,2015-05-23,23,5,2015,22,7,1,3,,1,1,,1,1,5,25,2,1,2,5,0,0,0,0,true,,false,false,false,false,false,,,,,,false,false,true,,,false,false,false,false,false,-83.08103,42.36662,"{
  ""coordinates"": [
    -8.308102805999989e+01,
    4.236661659700010e+01
  ],
  ""type"": ""Point""
}","{
  ""coordinates"": [
    -83.08102806,
    42.366616597
  ],
  ""type"": ""Point""
}",-83.0810280599999,42.3666165970001
13551,9282558,GRATIOT,AUGUST,2015-05-23,23,5,2015,20,7,3,3,,1,0,,1,2,3,35,7,2,2,1,1,0,0,0,false,,false,false,false,false,true,,,,,,false,false,false,,,false,false,true,false,false,-82.98894,42.41797,"{
  ""coordinates"": [
    -8.298893695800000e+01,
    4.241797427600010e+01
  ],
  ""type"": ""Point""
}","{
  ""coordinates"": [
    -82.988936958,
    42.417974276
  ],
  ""type"": ""Point""
}",-82.988936958,42.4179742760001
13552,9265168,PARKSIDE,PICKFORD,2015-05-23,23,5,2015,17,7,1,9,,,1,,1,1,1,25,2,1,1,4,0,0,0,1,false,,false,false,false,true,true,,,,,,false,false,false,,,false,false,false,false,false,-83.13206,42.42657,"{
  ""coordinates"": [
    -8.313206801800000e+01,
    4.242657236700010e+01
  ],
  ""type"": ""Point""
}","{
  ""coordinates"": [
    -83.132068018,
    42.426572367
  ],
  ""type"": ""Point""
}",-83.132068018,42.4265723670001
13553,9288732,N I 75,CLIFFORD,2015-05-23,23,5,2015,15,7,8,1,,1,0,,1,1,1,25,3,2,2,5,0,0,0,0,true,,false,false,false,false,false,,,,,,false,false,false,,,false,false,false,false,false,-83.05585,42.33844,"{
  ""coordinates"": [
    -8.305585470900000e+01,
    4.233844554300000e+01
  ],
  ""type"": ""Point""
}","{
  ""coordinates"": [
    -83.055854709,
    42.338445543
  ],
  ""type"": ""Point""
}",-83.055854709,42.338445543
13554,9264746,NB I-75,WARREN,2015-05-23,23,5,2015,2,7,5,1,,1,0,,1,1,4,55,4,2,1,5,0,0,0,0,true,,false,false,true,true,false,,,,,,false,false,false,,,false,false,false,false,false,-83.05341,42.3596,"{
  ""coordinates"": [
    -8.305340215599990e+01,
    4.235959870000000e+01
  ],
  ""type"": ""Point""
}","{
  ""coordinates"": [
    -83.053402156,
    42.3595987
  ],
  ""type"": ""Point""
}",-83.0534021559999,42.3595987
13555,9266425,CHENE,KIRBY,2015-05-23,23,5,2015,2,7,5,9,,4,0,,1,1,4,30,1,2,4,4,0,0,0,3,false,,false,false,false,false,false,,,,,,false,false,true,,,false,false,false,false,false,-83.04286,42.36883,"{
  ""coordinates"": [
    -8.304286077300000e+01,
    4.236882944800000e+01
  ],
  ""type"": ""Point""
}","{
  ""coordinates"": [
    -83.042860773,
    42.368829448
  ],
  ""type"": ""Point""
}",-83.042860773,42.368829448
13556,9267516,MCNICHOLS,HOOVER,2015-05-23,23,5,2015,16,7,5,3,,4,0,,1,1,1,30,2,2,5,5,0,0,0,0,true,,false,false,false,false,false,,,,,,false,false,false,,,false,false,false,false,false,-83.00315,42.42024,"{
  ""coordinates"": [
    -8.300315021499991e+01,
    4.242024362000010e+01
  ],
  ""type"": ""Point""
}","{
  ""coordinates"": [
    -83.003150215,
    42.42024362
  ],
  ""type"": ""Point""
}",-83.0031502149999,42.4202436200001
13557,9286288,SOUTHFIELD SERVICE DRIVE,012B,2015-05-23,23,5,2015,18,7,5,3,,5,0,,1,1,1,30,3,3,3,5,0,0,0,0,true,,false,false,false,false,false,,,,,,false,false,true,,,false,false,false,false,false,-83.21935,42.44307,"{
  ""coordinates"": [
    -8.321934553700000e+01,
    4.244306579800010e+01
  ],
  ""type"": ""Point""
}","{
  ""coordinates"": [
    -83.219345537,
    42.443065798
  ],
  ""type"": ""Point""
}",-83.219345537,42.4430657980001
13558,9265114,GRATIOT,7 MILE,2015-05-23,23,5,2015,5,7,4,3,,1,0,,1,1,2,40,7,2,2,4,0,0,0,1,false,,true,true,true,false,false,,,,,,false,false,false,,,false,false,false,false,false,-82.97768,42.43508,"{
  ""coordinates"": [
    -8.297768680300000e+01,
    4.243507606400000e+01
  ],
  ""type"": ""Point""
}","{
  ""coordinates"": [
    -82.977686803,
    42.435076064
  ],
  ""type"": ""Point""
}",-82.977686803,42.435076064
13559,9265747,FENKELL,GREENFIELD,2015-05-23,23,5,2015,21,7,5,9,,2,0,,1,1,4,35,2,2,2,5,0,0,0,0,true,,false,false,false,false,false,,,,,,false,false,false,,,false,false,false,false,false,-83.19871,42.40151,"{
  ""coordinates"": [
    -8.319870626800000e+01,
    4.240151131100000e+01
  ],
  ""type"": ""Point""
}","{
  ""coordinates"": [
    -83.198706268,
    42.401511311
  ],
  ""type"": ""Point""
}",-83.198706268,42.401511311
13560,9265172,PARKHURST,WOODWARD,2015-05-23,23,5,2015,3,7,8,3,,,0,,1,1,4,25,2,2,0,5,0,0,0,0,true,,false,false,true,false,false,,,,,,false,false,false,,,false,false,false,false,false,-83.10606,42.41962,"{
  ""coordinates"": [
    -8.310605385299991e+01,
    4.241962244000010e+01
  ],
  ""type"": ""Point""
}","{
  ""coordinates"": [
    -83.106053853,
    42.41962244
  ],
  ""type"": ""Point""
}",-83.1060538529999,42.4196224400001
13561,9266418,VAN DYKE,MACK,2015-05-23,23,5,2015,15,7,5,9,,4,0,,1,1,1,35,4,2,3,5,0,0,0,0,true,,false,false,false,false,false,,,,,,false,true,true,,,false,false,false,false,false,-83.00607,42.36694,"{
  ""coordinates"": [
    -8.300606967800000e+01,
    4.236693854400000e+01
  ],
  ""type"": ""Point""
}","{
  ""coordinates"": [
    -83.006069678,
    42.366938544
  ],
  ""type"": ""Point""
}",-83.006069678,42.366938544
13562,9353485,7 MILE,SOUTHFIELD SERVICE DRIVE,2015-05-23,23,5,2015,15,7,8,9,,2,0,,1,1,1,35,5,2,2,5,0,0,0,0,true,,false,false,false,false,false,,,,,,false,false,true,,,false,false,false,false,false,-83.21986,42.43,"{
  ""coordinates"": [
    -8.321985977100000e+01,
    4.243000488600010e+01
  ],
  ""type"": ""Point""
}","{
  ""coordinates"": [
    -83.219859771,
    42.430004886
  ],
  ""type"": ""Point""
}",-83.219859771,42.4300048860001
13563,9286276,SCHOOLCRAFT,ROSEMONT,2015-05-23,23,5,2015,19,7,4,9,,2,0,,1,1,1,30,4,2,4,4,0,0,0,4,false,,false,false,false,false,false,,,,,,false,false,true,,,false,false,false,false,false,-83.21983,42.38663,"{
  ""coordinates"": [
    -8.321983174000000e+01,
    4.238663296300010e+01
  ],
  ""type"": ""Point""
}","{
  ""coordinates"": [
    -83.21983174,
    42.386632963
  ],
  ""type"": ""Point""
}",-83.21983174,42.3866329630001
13564,9287536,EB I-94,MOROSS,2015-05-23,23,5,2015,6,7,1,1,,1,1,,1,1,1,55,3,1,1,5,0,0,0,0,true,,false,false,false,false,false,,,,,,false,false,true,,,false,false,false,false,false,-82.9293,42.42367,"{
  ""coordinates"": [
    -8.292929735900000e+01,
    4.242366901800010e+01
  ],
  ""type"": ""Point""
}","{
  ""coordinates"": [
    -82.929297359,
    42.423669018
  ],
  ""type"": ""Point""
}",-82.929297359,42.4236690180001
13565,9286235,STANTON,HUDSON,2015-05-23,23,5,2015,10,7,4,9,,,0,,1,1,1,25,2,2,2,4,0,0,0,2,false,,false,false,false,false,false,,,,,,false,true,false,,,false,false,false,false,false,-83.09294,42.35313,"{
  ""coordinates"": [
    -8.309293812600001e+01,
    4.235313133300010e+01
  ],
  ""type"": ""Point""
}","{
  ""coordinates"": [
    -83.092938126,
    42.353131333
  ],
  ""type"": ""Point""
}",-83.092938126,42.3531313330001
13566,9308605,EPWORTH,TIREMAN,2015-05-23,23,5,2015,0,7,5,9,,4,0,,1,1,4,30,2,2,2,5,0,0,0,0,true,,false,false,false,false,false,,,,,,false,false,true,,,false,false,false,false,false,-83.12975,42.35196,"{
  ""coordinates"": [
    -8.312975191899990e+01,
    4.235195807500000e+01
  ],
  ""type"": ""Point""
}","{
  ""coordinates"": [
    -83.129751919,
    42.351958075
  ],
  ""type"": ""Point""
}",-83.1297519189999,42.351958075
13567,9301436,S M 10,LAFAYETTE,2015-05-23,23,5,2015,4,7,1,3,,1,1,,1,1,4,55,3,1,1,5,0,0,0,0,true,,false,false,false,false,false,,,,,,false,false,false,,,false,false,false,false,false,-83.05723,42.32808,"{
  ""coordinates"": [
    -8.305722584300000e+01,
    4.232808077000000e+01
  ],
  ""type"": ""Point""
}","{
  ""coordinates"": [
    -83.057225843,
    42.32808077
  ],
  ""type"": ""Point""
}",-83.057225843,42.32808077
13568,9284641,LAFAYETTE,BRUSH,2015-05-23,23,5,2015,23,7,97,9,,4,0,,97,98,4,25,2,2,1,4,0,0,0,1,false,,false,false,true,false,false,,,,,,true,false,false,,,false,false,false,false,false,-83.04324,42.33352,"{
  ""coordinates"": [
    -8.304323515700000e+01,
    4.233352308400000e+01
  ],
  ""type"": ""Point""
}","{
  ""coordinates"": [
    -83.043235157,
    42.333523084
  ],
  ""type"": ""Point""
}",-83.043235157,42.333523084
13569,9265061,VAN BUREN,HEYDEN,2015-05-23,23,5,2015,0,7,4,9,,,0,,1,1,5,25,1,2,2,4,0,0,0,1,false,,false,false,true,false,false,,,,,,false,false,false,,,false,false,false,false,false,-83.2383,42.35569,"{
  ""coordinates"": [
    -8.323830785699990e+01,
    4.235568697600010e+01
  ],
  ""type"": ""Point""
}","{
  ""coordinates"": [
    -83.238307857,
    42.355686976
  ],
  ""type"": ""Point""
}",-83.2383078569999,42.3556869760001
13570,9373538,SOUTHFIELD SERVICE,8 MILE,2015-05-23,23,5,2015,16,7,5,3,,1,0,,6,1,1,35,1,2,3,5,0,0,0,0,true,,false,false,false,false,false,,,,,,false,false,false,,,false,false,false,false,false,-83.21963,42.4439,"{
  ""coordinates"": [
    -8.321962626600001e+01,
    4.244389795400010e+01
  ],
  ""type"": ""Point""
}","{
  ""coordinates"": [
    -83.219626266,
    42.443897954
  ],
  ""type"": ""Point""
}",-83.219626266,42.4438979540001
13571,9286158,ASHTON,TIREMAN,2015-05-23,23,5,2015,5,7,4,9,,,0,,1,1,2,25,6,2,2,4,0,0,0,1,false,,false,false,true,false,false,,,,,,false,false,false,,,false,false,false,false,false,-83.21744,42.3506,"{
  ""coordinates"": [
    -8.321743444899990e+01,
    4.235060100900010e+01
  ],
  ""type"": ""Point""
}","{
  ""coordinates"": [
    -83.217434449,
    42.350601009
  ],
  ""type"": ""Point""
}",-83.2174344489999,42.3506010090001
13572,9301413,NB I-75,8 MILE,2015-05-23,23,5,2015,12,7,1,1,,1,1,,1,1,1,70,3,1,2,5,0,0,0,0,true,,false,false,false,false,false,,,,,,false,false,false,,,false,false,false,false,false,-83.0948,42.4439,"{
  ""coordinates"": [
    -8.309480503799990e+01,
    4.244389918300000e+01
  ],
  ""type"": ""Point""
}","{
  ""coordinates"": [
    -83.094805038,
    42.443899183
  ],
  ""type"": ""Point""
}",-83.0948050379999,42.443899183
13573,9265084,BLACKSTONE,FARGO,2015-05-23,23,5,2015,8,7,4,9,,,0,,1,2,1,25,2,2,1,5,0,0,0,0,true,,true,false,true,false,false,,,,,,false,false,false,,,false,false,false,false,false,-83.25136,42.43817,"{
  ""coordinates"": [
    -8.325135941699990e+01,
    4.243816879400000e+01
  ],
  ""type"": ""Point""
}","{
  ""coordinates"": [
    -83.251359417,
    42.438168794
  ],
  ""type"": ""Point""
}",-83.2513594169999,42.438168794
13574,9367933,CLARITA,COYLE,2015-05-23,23,5,2015,0,7,97,9,,,0,,1,1,4,25,2,2,2,5,0,0,0,0,true,,true,false,true,false,false,,,,,,false,false,false,,,false,false,false,false,false,-83.19495,42.42875,"{
  ""coordinates"": [
    -8.319495491100000e+01,
    4.242874783100010e+01
  ],
  ""type"": ""Point""
}","{
  ""coordinates"": [
    -83.194954911,
    42.428747831
  ],
  ""type"": ""Point""
}",-83.194954911,42.4287478310001
13575,9265141,7 MILE,CONANT,2015-05-23,23,5,2015,12,7,97,9,,4,0,,1,4,1,30,2,2,1,4,0,0,0,1,false,,false,false,false,false,false,,,,,,true,false,true,,,false,false,false,false,false,-83.07356,42.43293,"{
  ""coordinates"": [
    -8.307356197300000e+01,
    4.243292734900010e+01
  ],
  ""type"": ""Point""
}","{
  ""coordinates"": [
    -83.073561973,
    42.432927349
  ],
  ""type"": ""Point""
}",-83.073561973,42.4329273490001
13576,9265739,JEFFERSON,LYCASTE,2015-05-23,23,5,2015,21,7,5,9,,4,0,,1,1,4,45,4,2,3,3,0,0,1,2,false,,false,false,false,false,false,,,,,,false,false,false,,,false,false,false,false,false,-82.96767,42.3682,"{
  ""coordinates"": [
    -8.296767345400001e+01,
    4.236819983100000e+01
  ],
  ""type"": ""Point""
}","{
  ""coordinates"": [
    -82.967673454,
    42.368199831
  ],
  ""type"": ""Point""
}",-82.967673454,42.368199831