ObjectId,Crash ID,Primary Road,Intersecting Road,Crash Date,Day,Month,Year,Hour,Weekday,Crash Type Code,Highway Classification Code,Community Code,Jurisdiction Code,Lane Departure Type Code,Surface Type,Road Condition,Weather Condition,Lighting Condition,Speed Limit,Lanes,Units,Occupants,Most Severe Injury,Fatal Injuries,Suspected Serious Injuries,Suspected Minor Injuries,Possible Injuries,Property Damage Only,Secondary Crash,Traffic Control,Red Light Run,Hit and Run,Alcohol,Drugs,Unbelted Person,Work Zone,Speeding Driver,Distracted Driver,Driveway,Pedestrian,Elderly Driver,Young Driver,Commercial Vehicle,Emergency Vehicles,Train,School Bus,Motorcycle,Bicycle,Deer,Longitude,Latitude,geom,geog,x,y
13577,9265041,GRAND RIVER,MEYERS,2015-05-23,23,5,2015,6,7,8,3,,1,0,,1,1,1,35,7,3,9,5,0,0,0,0,true,,false,false,false,false,false,,,,,,false,false,true,,,false,false,false,false,false,-83.16853,42.38063,"{
  ""coordinates"": [
    -8.316853290499991e+01,
    4.238062651800000e+01
  ],
  ""type"": ""Point""
}","{
  ""coordinates"": [
    -83.168532905,
    42.380626518
  ],
  ""type"": ""Point""
}",-83.1685329049999,42.380626518
13578,9265140,8 MILE,JOHN R,2015-05-23,23,5,2015,17,7,4,3,,1,0,,1,1,1,45,2,2,2,5,0,0,0,0,true,,false,false,true,false,false,,,,,,false,false,false,,,false,false,false,false,false,-83.10287,42.44699,"{
  ""coordinates"": [
    -8.310286523699990e+01,
    4.244698683500010e+01
  ],
  ""type"": ""Point""
}","{
  ""coordinates"": [
    -83.102865237,
    42.446986835
  ],
  ""type"": ""Point""
}",-83.1028652369999,42.4469868350001
13579,9282517,HARPER,BURNS,2015-05-23,23,5,2015,23,7,4,9,,4,0,,1,1,5,30,4,2,3,3,0,0,3,0,false,,true,true,false,false,false,,,,,,false,false,false,,,false,false,false,false,false,-83.0154,42.39032,"{
  ""coordinates"": [
    -8.301540625199991e+01,
    4.239032036600000e+01
  ],
  ""type"": ""Point""
}","{
  ""coordinates"": [
    -83.015406252,
    42.390320366
  ],
  ""type"": ""Point""
}",-83.0154062519999,42.390320366
13580,9284668,MILITARY,ARMY,2015-05-23,23,5,2015,3,7,8,9,,,0,,1,1,4,25,1,3,3,5,0,0,0,0,true,,false,false,true,false,false,,,,,,false,false,false,,,false,false,false,false,false,-83.10331,42.31085,"{
  ""coordinates"": [
    -8.310330815000000e+01,
    4.231084781000000e+01
  ],
  ""type"": ""Point""
}","{
  ""coordinates"": [
    -83.10330815,
    42.31084781
  ],
  ""type"": ""Point""
}",-83.10330815,42.31084781
13581,9353460,OAKFIELD,FENKELL,2015-05-23,23,5,2015,5,7,1,9,,,0,,1,1,4,35,2,2,1,4,0,0,0,1,false,,false,false,true,true,true,,,,,,true,false,false,,,false,false,false,false,false,-83.21423,42.40119,"{
  ""coordinates"": [
    -8.321422591600000e+01,
    4.240118622600000e+01
  ],
  ""type"": ""Point""
}","{
  ""coordinates"": [
    -83.214225916,
    42.401186226
  ],
  ""type"": ""Point""
}",-83.214225916,42.401186226
13582,9265103,8 MILE,LINDSAY,2015-05-23,23,5,2015,20,7,5,3,,1,0,,1,1,1,40,3,2,5,5,0,0,0,0,true,,false,false,true,false,false,,,,,,false,false,false,,,false,false,false,false,false,-83.21497,42.44429,"{
  ""coordinates"": [
    -8.321497202899999e+01,
    4.244428798100010e+01
  ],
  ""type"": ""Point""
}","{
  ""coordinates"": [
    -83.214972029,
    42.444287981
  ],
  ""type"": ""Point""
}",-83.214972029,42.4442879810001
13583,9286293,6 MILE,MANSFIELD,2015-05-23,23,5,2015,14,7,5,9,,2,0,,1,1,1,35,2,2,1,5,0,0,0,0,true,,false,false,true,false,false,,,,,,false,false,false,,,false,false,false,false,false,-83.20583,42.41582,"{
  ""coordinates"": [
    -8.320583522100000e+01,
    4.241582667100000e+01
  ],
  ""type"": ""Point""
}","{
  ""coordinates"": [
    -83.205835221,
    42.415826671
  ],
  ""type"": ""Point""
}",-83.205835221,42.415826671
13584,9267502,KNODELL,ERWIN,2015-05-22,22,5,2015,13,6,9,9,,,2,,1,1,1,25,2,2,3,5,0,0,0,0,true,,false,false,true,false,false,,,,,,false,false,false,,,false,false,false,false,false,-83.01752,42.39837,"{
  ""coordinates"": [
    -8.301752032699990e+01,
    4.239836851500010e+01
  ],
  ""type"": ""Point""
}","{
  ""coordinates"": [
    -83.017520327,
    42.398368515
  ],
  ""type"": ""Point""
}",-83.0175203269999,42.3983685150001
13585,9284707,PROCTOR,MICHIGAN,2015-05-22,22,5,2015,18,6,4,2,,,0,,1,1,1,35,2,2,2,5,0,0,0,0,true,,false,false,false,false,false,,,,,,false,false,true,,,false,false,false,false,false,-83.13553,42.33109,"{
  ""coordinates"": [
    -8.313552502499989e+01,
    4.233109421000010e+01
  ],
  ""type"": ""Point""
}","{
  ""coordinates"": [
    -83.135525025,
    42.33109421
  ],
  ""type"": ""Point""
}",-83.1355250249999,42.3310942100001
13586,9265171,MCNICHOLS,PINEHURST,2015-05-22,22,5,2015,20,6,5,9,,2,0,,1,1,4,35,2,2,1,4,0,0,0,1,false,,false,false,false,false,false,,,,,,false,false,false,,,false,false,false,false,false,-83.16695,42.41674,"{
  ""coordinates"": [
    -8.316695277299991e+01,
    4.241674216500010e+01
  ],
  ""type"": ""Point""
}","{
  ""coordinates"": [
    -83.166952773,
    42.416742165
  ],
  ""type"": ""Point""
}",-83.1669527729999,42.4167421650001
13587,9284695,SPRINGWELLS,PERSHING,2015-05-22,22,5,2015,15,6,5,9,,4,0,,1,1,1,0,4,2,2,5,0,0,0,0,true,,false,false,false,false,false,,,,,,false,false,false,,,false,false,false,false,false,-83.12343,42.30619,"{
  ""coordinates"": [
    -8.312342745699991e+01,
    4.230619482000000e+01
  ],
  ""type"": ""Point""
}","{
  ""coordinates"": [
    -83.123427457,
    42.30619482
  ],
  ""type"": ""Point""
}",-83.1234274569999,42.30619482
13588,9267479,GRATIOT,MCCLELLAN,2015-05-22,22,5,2015,21,6,8,3,,1,0,,1,2,1,35,4,2,2,5,0,0,0,0,true,,true,true,false,false,false,,,,,,false,false,false,,,false,false,false,false,false,-83.00691,42.39058,"{
  ""coordinates"": [
    -8.300691143700000e+01,
    4.239057404300010e+01
  ],
  ""type"": ""Point""
}","{
  ""coordinates"": [
    -83.006911437,
    42.390574043
  ],
  ""type"": ""Point""
}",-83.006911437,42.3905740430001
13589,9265130,DAVISON,CALDWELL,2015-05-22,22,5,2015,18,6,97,9,,2,0,,1,1,1,35,2,4,2,5,0,0,0,0,true,,false,false,false,false,false,,,,,,false,false,false,,,false,false,false,false,false,-83.04623,42.42133,"{
  ""coordinates"": [
    -8.304622413100000e+01,
    4.242132666800010e+01
  ],
  ""type"": ""Point""
}","{
  ""coordinates"": [
    -83.046224131,
    42.421326668
  ],
  ""type"": ""Point""
}",-83.046224131,42.4213266680001
13590,9267536,S M 10 SERVICE DRIVE,S JOHN C LODGE/N JOHN C LODGE,2015-05-22,22,5,2015,12,6,5,3,,4,0,,97,98,1,25,3,2,2,5,0,0,0,0,true,,false,false,false,false,false,,,,,,false,false,true,,,false,false,false,false,false,-83.07269,42.35152,"{
  ""coordinates"": [
    -8.307268370299990e+01,
    4.235151505300010e+01
  ],
  ""type"": ""Point""
}","{
  ""coordinates"": [
    -83.072683703,
    42.351515053
  ],
  ""type"": ""Point""
}",-83.0726837029999,42.3515150530001
13591,9265165,SCHAEFER,JAMES COUZENS,2015-05-22,22,5,2015,8,6,5,9,,4,0,,1,1,1,30,3,2,2,4,0,0,0,1,false,,false,false,false,false,false,,,,,,false,false,false,,,false,false,false,false,false,-83.18021,42.42522,"{
  ""coordinates"": [
    -8.318020426000000e+01,
    4.242521707100010e+01
  ],
  ""type"": ""Point""
}","{
  ""coordinates"": [
    -83.18020426,
    42.425217071
  ],
  ""type"": ""Point""
}",-83.18020426,42.4252170710001
13592,9287535,EB I-94,LUCKY,2015-05-22,22,5,2015,15,6,5,1,,1,0,,1,1,1,55,3,5,7,4,0,0,0,1,false,,false,false,false,false,false,,,,,,false,true,true,,,false,false,false,false,false,-83.03917,42.37693,"{
  ""coordinates"": [
    -8.303916796800000e+01,
    4.237693490200010e+01
  ],
  ""type"": ""Point""
}","{
  ""coordinates"": [
    -83.039167968,
    42.376934902
  ],
  ""type"": ""Point""
}",-83.039167968,42.3769349020001
13593,9368748,WILDEMERE,PURTIAN,2015-05-22,22,5,2015,22,6,97,9,,,0,,1,1,4,25,2,2,0,5,0,0,0,0,true,,false,false,true,false,false,,,,,,false,false,false,,,false,false,false,false,false,-83.13252,42.41031,"{
  ""coordinates"": [
    -8.313252425800000e+01,
    4.241030652800000e+01
  ],
  ""type"": ""Point""
}","{
  ""coordinates"": [
    -83.132524258,
    42.410306528
  ],
  ""type"": ""Point""
}",-83.132524258,42.410306528
13594,9267508,7 MILE,OMIRA,2015-05-22,22,5,2015,16,6,8,9,,4,0,,1,1,1,30,2,2,5,4,0,0,0,1,false,,false,false,false,false,false,,,,,,false,false,true,,,false,false,false,false,false,-83.09592,42.43243,"{
  ""coordinates"": [
    -8.309591817200000e+01,
    4.243243393500010e+01
  ],
  ""type"": ""Point""
}","{
  ""coordinates"": [
    -83.095918172,
    42.432433935
  ],
  ""type"": ""Point""
}",-83.095918172,42.4324339350001
13595,9286168,AMSTERDAM,CASS,2015-05-22,22,5,2015,22,6,1,9,,,1,,1,1,4,25,2,1,2,5,0,0,0,0,true,,false,false,false,false,false,,,,,,false,false,true,,,false,false,false,false,false,-83.07324,42.3658,"{
  ""coordinates"": [
    -8.307324357200000e+01,
    4.236580197300000e+01
  ],
  ""type"": ""Point""
}","{
  ""coordinates"": [
    -83.073243572,
    42.365801973
  ],
  ""type"": ""Point""
}",-83.073243572,42.365801973
13596,9265092,LAFAYETTE,CHENE,2015-05-22,22,5,2015,14,6,9,9,,4,2,,1,1,1,30,2,2,3,5,0,0,0,0,true,,false,false,false,false,false,,,,,,false,false,false,,,false,false,false,false,false,-83.02594,42.34076,"{
  ""coordinates"": [
    -8.302594247899999e+01,
    4.234076305600010e+01
  ],
  ""type"": ""Point""
}","{
  ""coordinates"": [
    -83.025942479,
    42.340763056
  ],
  ""type"": ""Point""
}",-83.025942479,42.3407630560001
13597,9301485,I-94,LINWOOD,2015-05-22,22,5,2015,15,6,5,1,,1,0,,1,1,1,55,3,2,3,4,0,0,0,1,false,,false,false,false,false,false,,,,,,false,false,true,,,false,false,false,false,false,-83.09321,42.35195,"{
  ""coordinates"": [
    -8.309320460600000e+01,
    4.235194804500000e+01
  ],
  ""type"": ""Point""
}","{
  ""coordinates"": [
    -83.093204606,
    42.351948045
  ],
  ""type"": ""Point""
}",-83.093204606,42.351948045
13598,9286176,KENILWORTH,WOODWARD,2015-05-22,22,5,2015,17,6,97,3,,,3,,1,1,1,30,2,2,1,5,0,0,0,0,true,,false,false,true,false,false,,,,,,false,false,false,,,false,false,false,false,false,-83.08276,42.38435,"{
  ""coordinates"": [
    -8.308276557300000e+01,
    4.238435414600010e+01
  ],
  ""type"": ""Point""
}","{
  ""coordinates"": [
    -83.082765573,
    42.384354146
  ],
  ""type"": ""Point""
}",-83.082765573,42.3843541460001
13599,9265059,MCNICHOLS,EVERGREEN,2015-05-22,22,5,2015,8,6,5,9,,2,0,,1,1,1,35,3,2,2,5,0,0,0,0,true,,false,false,true,false,false,,,,,,false,false,false,,,false,false,false,false,false,-83.23818,42.41518,"{
  ""coordinates"": [
    -8.323817841200000e+01,
    4.241518093900000e+01
  ],
  ""type"": ""Point""
}","{
  ""coordinates"": [
    -83.238178412,
    42.415180939
  ],
  ""type"": ""Point""
}",-83.238178412,42.415180939
13600,9286193,W I 94,RAMP 215E,2015-05-22,22,5,2015,13,6,5,1,,1,0,,1,1,1,60,4,2,1,5,0,0,0,0,true,,false,false,true,false,false,,,,,,false,false,false,,,false,false,false,false,false,-83.07279,42.36155,"{
  ""coordinates"": [
    -8.307279126200000e+01,
    4.236154810300010e+01
  ],
  ""type"": ""Point""
}","{
  ""coordinates"": [
    -83.072791262,
    42.361548103
  ],
  ""type"": ""Point""
}",-83.072791262,42.3615481030001
13601,9265102,MCNICHOLS,SHAFTSBURY,2015-05-22,22,5,2015,13,6,5,9,,2,0,,1,1,1,30,4,2,2,5,0,0,0,0,true,,false,false,false,false,false,,,,,,false,true,true,,,false,false,false,false,false,-83.23036,42.41533,"{
  ""coordinates"": [
    -8.323036418299991e+01,
    4.241532374500010e+01
  ],
  ""type"": ""Point""
}","{
  ""coordinates"": [
    -83.230364183,
    42.415323745
  ],
  ""type"": ""Point""
}",-83.2303641829999,42.4153237450001
13602,9284689,CICOTTE,EDWARD,2015-05-22,22,5,2015,7,6,4,9,,,0,,1,1,1,25,3,2,1,5,0,0,0,0,true,,false,false,true,false,false,,,,,,false,false,false,,,false,false,false,false,false,-83.12247,42.32943,"{
  ""coordinates"": [
    -8.312246478799990e+01,
    4.232942516600010e+01
  ],
  ""type"": ""Point""
}","{
  ""coordinates"": [
    -83.122464788,
    42.329425166
  ],
  ""type"": ""Point""
}",-83.1224647879999,42.3294251660001
13603,9286175,JOHN R,FREDERICK,2015-05-22,22,5,2015,14,6,4,9,,4,0,,1,1,1,30,4,2,2,5,0,0,0,0,true,,false,false,true,false,false,,,,,,false,false,false,,,false,false,false,false,false,-83.06366,42.35997,"{
  ""coordinates"": [
    -8.306365656900000e+01,
    4.235996563200010e+01
  ],
  ""type"": ""Point""
}","{
  ""coordinates"": [
    -83.063656569,
    42.359965632
  ],
  ""type"": ""Point""
}",-83.063656569,42.3599656320001
13604,9267497,HARPER,NORCROSS,2015-05-22,22,5,2015,16,6,1,9,,4,0,,1,1,1,30,2,2,3,4,0,0,0,1,false,,false,false,false,false,false,,,,,,false,false,false,,,false,false,false,true,false,-82.98215,42.39948,"{
  ""coordinates"": [
    -8.298215018600000e+01,
    4.239948204600010e+01
  ],
  ""type"": ""Point""
}","{
  ""coordinates"": [
    -82.982150186,
    42.399482046
  ],
  ""type"": ""Point""
}",-82.982150186,42.3994820460001
13605,9266417,MICHIGAN,GILBERT,2015-05-22,22,5,2015,11,6,3,2,,1,0,,1,1,1,35,5,2,2,4,0,0,0,1,false,,false,false,false,false,false,,,,,,false,true,false,,,false,false,false,false,false,-83.12209,42.33112,"{
  ""coordinates"": [
    -8.312209041499990e+01,
    4.233111868200010e+01
  ],
  ""type"": ""Point""
}","{
  ""coordinates"": [
    -83.122090415,
    42.331118682
  ],
  ""type"": ""Point""
}",-83.1220904149999,42.3311186820001
13606,9265148,PINEHURST,CAMBRIDGE,2015-05-22,22,5,2015,9,6,4,9,,,0,,1,1,1,25,2,2,3,4,0,0,0,2,false,,true,false,true,false,false,,,,,,false,false,false,,,false,false,false,false,false,-83.16758,42.43306,"{
  ""coordinates"": [
    -8.316757962400000e+01,
    4.243306245600010e+01
  ],
  ""type"": ""Point""
}","{
  ""coordinates"": [
    -83.167579624,
    42.433062456
  ],
  ""type"": ""Point""
}",-83.167579624,42.4330624560001
13607,9301411,WB I-94,LINWOOD,2015-05-22,22,5,2015,14,6,8,1,,1,0,,1,1,1,55,3,2,2,5,0,0,0,0,true,,false,false,false,false,false,,,,,,false,false,false,,,false,false,false,false,false,-83.09276,42.35224,"{
  ""coordinates"": [
    -8.309275800599990e+01,
    4.235223839300010e+01
  ],
  ""type"": ""Point""
}","{
  ""coordinates"": [
    -83.092758006,
    42.352238393
  ],
  ""type"": ""Point""
}",-83.0927580059999,42.3522383930001
13608,9320637,LIVERNOIS,CAMBRIDGE,2015-05-22,22,5,2015,19,6,4,9,,4,0,,1,1,1,30,2,2,2,5,0,0,0,0,true,,true,false,true,false,false,,,,,,false,false,false,,,false,false,false,false,false,-83.14143,42.43351,"{
  ""coordinates"": [
    -8.314143169200000e+01,
    4.243350538200010e+01
  ],
  ""type"": ""Point""
}","{
  ""coordinates"": [
    -83.141431692,
    42.433505382
  ],
  ""type"": ""Point""
}",-83.141431692,42.4335053820001
13609,9293015,I-75,DEARBORN,2015-05-22,22,5,2015,19,6,8,1,,1,0,,1,1,1,70,4,3,3,2,0,1,0,0,false,,false,false,false,true,true,,,,,,false,false,true,,,false,false,false,false,false,-83.13121,42.29038,"{
  ""coordinates"": [
    -8.313121198000000e+01,
    4.229038041000010e+01
  ],
  ""type"": ""Point""
}","{
  ""coordinates"": [
    -83.13121198,
    42.29038041
  ],
  ""type"": ""Point""
}",-83.13121198,42.2903804100001
13610,9301419,S M 39,RAMP 008K,2015-05-22,22,5,2015,14,6,8,3,,1,0,,1,1,1,55,3,2,2,4,0,0,0,1,false,,false,false,false,false,false,,,,,,false,false,true,,,false,false,true,false,false,-83.2169,42.37542,"{
  ""coordinates"": [
    -8.321689491500000e+01,
    4.237541908200010e+01
  ],
  ""type"": ""Point""
}","{
  ""coordinates"": [
    -83.216894915,
    42.375419082
  ],
  ""type"": ""Point""
}",-83.216894915,42.3754190820001
13611,9265077,FORRER,MAJESTIC,2015-05-22,22,5,2015,10,6,4,9,,,0,,1,1,1,0,1,2,2,5,0,0,0,0,true,,false,false,true,false,false,,,,,,false,false,false,,,false,false,false,false,false,-83.2,42.34539,"{
  ""coordinates"": [
    -8.320000259200000e+01,
    4.234539229800000e+01
  ],
  ""type"": ""Point""
}","{
  ""coordinates"": [
    -83.200002592,
    42.345392298
  ],
  ""type"": ""Point""
}",-83.200002592,42.345392298
13612,9264745,W I 94,FRONTENAC,2015-05-22,22,5,2015,22,6,97,1,,1,0,,1,1,4,55,3,2,2,5,0,0,0,0,true,,false,false,true,false,false,,,,,,false,false,false,,,false,false,false,false,false,-83.02808,42.38446,"{
  ""coordinates"": [
    -8.302807581000000e+01,
    4.238445595400000e+01
  ],
  ""type"": ""Point""
}","{
  ""coordinates"": [
    -83.02807581,
    42.384455954
  ],
  ""type"": ""Point""
}",-83.02807581,42.384455954
13613,9265040,JEFFERSON,BEAUBIEN,2015-05-22,22,5,2015,18,6,97,4,,1,1,,1,1,1,10,1,2,3,4,0,0,0,1,false,,false,false,true,false,false,,,,,,false,false,false,,,false,false,false,true,false,-83.04019,42.33035,"{
  ""coordinates"": [
    -8.304018953400001e+01,
    4.233034611600000e+01
  ],
  ""type"": ""Point""
}","{
  ""coordinates"": [
    -83.040189534,
    42.330346116
  ],
  ""type"": ""Point""
}",-83.040189534,42.330346116
13614,9286214,JEFFERSON,RANDOLPH,2015-05-22,22,5,2015,23,6,8,3,,1,0,,1,1,4,0,2,2,2,5,0,0,0,0,true,,false,false,true,false,false,,,,,,false,false,true,,,false,false,false,false,false,-83.04217,42.32988,"{
  ""coordinates"": [
    -8.304216855899990e+01,
    4.232987554600000e+01
  ],
  ""type"": ""Point""
}","{
  ""coordinates"": [
    -83.042168559,
    42.329875546
  ],
  ""type"": ""Point""
}",-83.0421685589999,42.329875546
13615,9265096,MOUNT ELLIOTT,HARPER,2015-05-22,22,5,2015,19,6,4,9,,4,0,,1,1,1,35,3,2,3,2,0,1,0,1,false,,true,true,false,false,false,,,,,,false,false,true,,,false,false,false,false,false,-83.03343,42.37896,"{
  ""coordinates"": [
    -8.303343124100000e+01,
    4.237896121500010e+01
  ],
  ""type"": ""Point""
}","{
  ""coordinates"": [
    -83.033431241,
    42.378961215
  ],
  ""type"": ""Point""
}",-83.033431241,42.3789612150001
13616,9265126,NORTHLAWN,SCHOOLCRAFT,2015-05-22,22,5,2015,13,6,4,9,,,0,,1,1,1,25,1,2,22,4,0,0,0,4,false,,false,false,false,false,false,,,,,,false,false,true,,,false,false,false,false,false,-83.15302,42.38862,"{
  ""coordinates"": [
    -8.315302301400000e+01,
    4.238862205800010e+01
  ],
  ""type"": ""Point""
}","{
  ""coordinates"": [
    -83.153023014,
    42.388622058
  ],
  ""type"": ""Point""
}",-83.153023014,42.3886220580001
13617,9264734,I-96 WB,TELEGRAPH,2015-05-22,22,5,2015,10,6,1,1,,1,1,,1,1,1,70,4,1,1,5,0,0,0,0,true,,false,false,false,false,false,,,,,,false,false,false,,,false,false,false,false,false,-83.27213,42.38556,"{
  ""coordinates"": [
    -8.327212416000000e+01,
    4.238556357100000e+01
  ],
  ""type"": ""Point""
}","{
  ""coordinates"": [
    -83.27212416,
    42.385563571
  ],
  ""type"": ""Point""
}",-83.27212416,42.385563571
13618,9284720,2565 CENTRAL,PITT,2015-05-22,22,5,2015,1,6,8,9,,4,0,,1,1,4,30,2,2,0,5,0,0,0,0,true,,false,false,true,false,false,,,,,,false,false,false,,,false,false,false,false,false,-83.12574,42.31462,"{
  ""coordinates"": [
    -8.312573871900000e+01,
    4.231461724300000e+01
  ],
  ""type"": ""Point""
}","{
  ""coordinates"": [
    -83.125738719,
    42.314617243
  ],
  ""type"": ""Point""
}",-83.125738719,42.314617243
13619,9266410,SCHAEFER,FENKELL,2015-05-22,22,5,2015,3,6,5,9,,4,0,,1,1,4,35,5,2,3,5,0,0,0,0,true,,false,false,false,false,false,,,,,,false,false,false,,,false,false,false,false,false,-83.17912,42.40208,"{
  ""coordinates"": [
    -8.317912070300000e+01,
    4.240207806100010e+01
  ],
  ""type"": ""Point""
}","{
  ""coordinates"": [
    -83.179120703,
    42.402078061
  ],
  ""type"": ""Point""
}",-83.179120703,42.4020780610001
13620,9266415,CHICAGO,CLOVERLAWN,2015-05-22,22,5,2015,14,6,1,9,,4,0,,1,2,1,30,1,1,1,5,0,0,0,0,true,,false,false,false,false,false,,,,,,false,false,false,,,false,false,false,false,false,-83.15125,42.36631,"{
  ""coordinates"": [
    -8.315125067199990e+01,
    4.236631428500000e+01
  ],
  ""type"": ""Point""
}","{
  ""coordinates"": [
    -83.151250672,
    42.366314285
  ],
  ""type"": ""Point""
}",-83.1512506719999,42.366314285
13621,9267495,RAMP 219B,E I 94,2015-05-22,22,5,2015,20,6,5,1,,1,0,,1,1,1,25,2,2,1,5,0,0,0,0,true,,false,false,false,false,false,,,,,,false,false,false,,,false,false,false,false,false,-83.00344,42.39191,"{
  ""coordinates"": [
    -8.300343927499991e+01,
    4.239190503300010e+01
  ],
  ""type"": ""Point""
}","{
  ""coordinates"": [
    -83.003439275,
    42.391905033
  ],
  ""type"": ""Point""
}",-83.0034392749999,42.3919050330001
13622,9286263,MEMORIAL,ELMIRA,2015-05-22,22,5,2015,10,6,4,9,,,0,,1,1,1,25,4,2,1,5,0,0,0,0,true,,false,false,true,false,false,,,,,,false,true,false,,,false,false,false,false,false,-83.21194,42.36995,"{
  ""coordinates"": [
    -8.321194046700001e+01,
    4.236995187300000e+01
  ],
  ""type"": ""Point""
}","{
  ""coordinates"": [
    -83.211940467,
    42.369951873
  ],
  ""type"": ""Point""
}",-83.211940467,42.369951873
13623,9265090,VERNOR,VAN DYKE,2015-05-22,22,5,2015,20,6,4,9,,4,0,,1,1,1,30,4,2,5,4,0,0,0,1,false,,true,true,false,false,false,,,,,,false,false,true,,,false,false,false,false,false,-83.00144,42.36044,"{
  ""coordinates"": [
    -8.300144001699989e+01,
    4.236044449000010e+01
  ],
  ""type"": ""Point""
}","{
  ""coordinates"": [
    -83.001440017,
    42.36044449
  ],
  ""type"": ""Point""
}",-83.0014400169999,42.3604444900001
13624,9265094,CANTON,DONALD,2015-05-22,22,5,2015,23,6,5,9,,,0,,1,1,4,25,1,2,1,5,0,0,0,0,true,,false,false,true,false,false,,,,,,false,false,false,,,false,false,false,false,false,-83.00647,42.34998,"{
  ""coordinates"": [
    -8.300647063299991e+01,
    4.234997857100010e+01
  ],
  ""type"": ""Point""
}","{
  ""coordinates"": [
    -83.006470633,
    42.349978571
  ],
  ""type"": ""Point""
}",-83.0064706329999,42.3499785710001
13625,9266433,SOUTHFIELD SERVICE DRIVE,8 MILE,2015-05-22,22,5,2015,8,6,8,3,,5,0,,1,1,1,30,2,2,2,5,0,0,0,0,true,,false,false,true,false,false,,,,,,false,true,false,,,false,false,false,false,false,-83.21926,42.44397,"{
  ""coordinates"": [
    -8.321926372599999e+01,
    4.244396528100000e+01
  ],
  ""type"": ""Point""
}","{
  ""coordinates"": [
    -83.219263726,
    42.443965281
  ],
  ""type"": ""Point""
}",-83.219263726,42.443965281
13626,9265159,SAN JUAN,CHIPPEWA,2015-05-22,22,5,2015,19,6,1,9,,,1,,1,1,1,25,2,1,2,4,0,0,0,1,false,,false,false,false,false,false,,,,,,false,false,true,,,false,false,false,false,false,-83.14752,42.44123,"{
  ""coordinates"": [
    -8.314752440800000e+01,
    4.244123440300010e+01
  ],
  ""type"": ""Point""
}","{
  ""coordinates"": [
    -83.147524408,
    42.441234403
  ],
  ""type"": ""Point""
}",-83.147524408,42.4412344030001
13627,9265136,DAVISON,MOUND,2015-05-22,22,5,2015,16,6,5,9,,4,0,,1,1,1,30,3,2,1,4,0,0,0,1,false,,false,false,true,false,false,,,,,,false,false,false,,,false,false,false,false,false,-83.04269,42.42266,"{
  ""coordinates"": [
    -8.304269189699990e+01,
    4.242265940200010e+01
  ],
  ""type"": ""Point""
}","{
  ""coordinates"": [
    -83.042691897,
    42.422659402
  ],
  ""type"": ""Point""
}",-83.0426918969999,42.4226594020001
13628,9265079,S M 39,RAMP 008K,2015-05-22,22,5,2015,15,6,5,3,,1,0,,1,1,1,55,6,2,2,5,0,0,0,0,true,,false,false,false,false,false,,,,,,false,false,true,,,false,false,false,false,false,-83.2168,42.37316,"{
  ""coordinates"": [
    -8.321680534200000e+01,
    4.237316139700000e+01
  ],
  ""type"": ""Point""
}","{
  ""coordinates"": [
    -83.216805342,
    42.373161397
  ],
  ""type"": ""Point""
}",-83.216805342,42.373161397
13629,9287794,E/B I94,JOHN R,2015-05-22,22,5,2015,18,6,8,1,,1,0,,1,1,1,70,3,2,3,5,0,0,0,0,true,,false,false,false,false,false,,,,,,false,false,true,,,false,false,false,false,false,-83.06644,42.36474,"{
  ""coordinates"": [
    -8.306644484500001e+01,
    4.236474278700010e+01
  ],
  ""type"": ""Point""
}","{
  ""coordinates"": [
    -83.066444845,
    42.364742787
  ],
  ""type"": ""Point""
}",-83.066444845,42.3647427870001
13630,9268052,OREGON,IRONWOOD,2015-05-22,22,5,2015,2,6,5,9,,,0,,1,1,3,25,2,2,0,5,0,0,0,0,true,,false,false,true,false,false,,,,,,false,false,false,,,false,false,false,false,false,-83.12415,42.3564,"{
  ""coordinates"": [
    -8.312414900200000e+01,
    4.235640301000010e+01
  ],
  ""type"": ""Point""
}","{
  ""coordinates"": [
    -83.124149002,
    42.35640301
  ],
  ""type"": ""Point""
}",-83.124149002,42.3564030100001
13631,9404471,JEFFERSON,BEAUBIEN,2015-05-22,22,5,2015,22,6,97,4,,1,0,,1,1,4,30,3,2,2,5,0,0,0,0,true,,false,false,false,false,false,,,,,,false,false,true,,,false,false,false,false,false,-83.03983,42.33087,"{
  ""coordinates"": [
    -8.303982175999990e+01,
    4.233086761400010e+01
  ],
  ""type"": ""Point""
}","{
  ""coordinates"": [
    -83.03982176,
    42.330867614
  ],
  ""type"": ""Point""
}",-83.0398217599999,42.3308676140001
13632,9286215,14TH,FERRY PARK,2015-05-22,22,5,2015,18,6,5,9,,4,0,,1,1,1,30,4,2,3,5,0,0,0,0,true,,true,true,false,false,false,,,,,,false,true,false,,,false,false,false,false,false,-83.09371,42.36116,"{
  ""coordinates"": [
    -8.309370838900000e+01,
    4.236116273600000e+01
  ],
  ""type"": ""Point""
}","{
  ""coordinates"": [
    -83.093708389,
    42.361162736
  ],
  ""type"": ""Point""
}",-83.093708389,42.361162736