ObjectId,Crash ID,Primary Road,Intersecting Road,Crash Date,Day,Month,Year,Hour,Weekday,Crash Type Code,Highway Classification Code,Community Code,Jurisdiction Code,Lane Departure Type Code,Surface Type,Road Condition,Weather Condition,Lighting Condition,Speed Limit,Lanes,Units,Occupants,Most Severe Injury,Fatal Injuries,Suspected Serious Injuries,Suspected Minor Injuries,Possible Injuries,Property Damage Only,Secondary Crash,Traffic Control,Red Light Run,Hit and Run,Alcohol,Drugs,Unbelted Person,Work Zone,Speeding Driver,Distracted Driver,Driveway,Pedestrian,Elderly Driver,Young Driver,Commercial Vehicle,Emergency Vehicles,Train,School Bus,Motorcycle,Bicycle,Deer,Longitude,Latitude,geom,geog,x,y
13747,9368704,GUNSTON,GLENFIELD,2015-05-20,20,5,2015,15,4,9,3,,1,0,,1,1,1,25,3,2,2,5,0,0,0,0,true,,false,false,false,true,true,,,,,,false,true,false,,,false,false,false,false,false,-82.99622,42.40944,"{
  ""coordinates"": [
    -8.299621414700000e+01,
    4.240943801100010e+01
  ],
  ""type"": ""Point""
}","{
  ""coordinates"": [
    -82.996214147,
    42.409438011
  ],
  ""type"": ""Point""
}",-82.996214147,42.4094380110001
13748,9282559,KITCHENER,JEFFERSON,2015-05-20,20,5,2015,10,4,4,9,,,3,,1,1,1,35,2,2,0,5,0,0,0,0,true,,false,false,true,false,false,,,,,,false,false,false,,,false,false,false,false,false,-82.95578,42.37025,"{
  ""coordinates"": [
    -8.295578036300000e+01,
    4.237025197900000e+01
  ],
  ""type"": ""Point""
}","{
  ""coordinates"": [
    -82.955780363,
    42.370251979
  ],
  ""type"": ""Point""
}",-82.955780363,42.370251979
13749,9265034,WOODWARD,JEFFERSON,2015-05-20,20,5,2015,8,4,8,3,,4,0,,1,1,1,25,3,2,2,5,0,0,0,0,true,,false,false,false,false,false,,,,,,false,false,true,,,false,false,false,false,false,-83.04461,42.32897,"{
  ""coordinates"": [
    -8.304461251500000e+01,
    4.232896868100000e+01
  ],
  ""type"": ""Point""
}","{
  ""coordinates"": [
    -83.044612515,
    42.328968681
  ],
  ""type"": ""Point""
}",-83.044612515,42.328968681
13750,9262029,VAN DYKE,SAVAGE,2015-05-20,20,5,2015,13,4,8,3,,1,0,,1,1,1,35,2,2,1,5,0,0,0,0,true,,false,false,true,false,false,,,,,,false,false,true,,,false,false,false,false,false,-83.02467,42.44608,"{
  ""coordinates"": [
    -8.302466893099999e+01,
    4.244608262900000e+01
  ],
  ""type"": ""Point""
}","{
  ""coordinates"": [
    -83.024668931,
    42.446082629
  ],
  ""type"": ""Point""
}",-83.024668931,42.446082629
13751,9265054,CONNER,HERN,2015-05-20,20,5,2015,11,4,1,9,,4,0,,97,1,1,35,4,1,1,5,0,0,0,0,true,,false,false,false,false,false,,,,,,false,false,false,,,false,false,true,false,false,-82.98835,42.39519,"{
  ""coordinates"": [
    -8.298834687199999e+01,
    4.239518612100010e+01
  ],
  ""type"": ""Point""
}","{
  ""coordinates"": [
    -82.988346872,
    42.395186121
  ],
  ""type"": ""Point""
}",-82.988346872,42.3951861210001
13752,9263076,GRAND,CONGRESS,2015-05-20,20,5,2015,19,4,9,9,,4,2,,1,1,1,35,2,2,1,3,0,0,1,0,false,,false,false,true,true,false,,,,,,false,false,false,,,false,false,false,false,false,-83.00278,42.34853,"{
  ""coordinates"": [
    -8.300278172599999e+01,
    4.234852844100000e+01
  ],
  ""type"": ""Point""
}","{
  ""coordinates"": [
    -83.002781726,
    42.348528441
  ],
  ""type"": ""Point""
}",-83.002781726,42.348528441
13753,9261936,N M 39,JOY,2015-05-20,20,5,2015,15,4,5,3,,1,0,,1,1,1,55,3,2,2,5,0,0,0,0,true,,false,false,false,false,false,,,,,,false,false,false,,,false,false,false,false,false,-83.2164,42.35812,"{
  ""coordinates"": [
    -8.321640087700000e+01,
    4.235812259100000e+01
  ],
  ""type"": ""Point""
}","{
  ""coordinates"": [
    -83.216400877,
    42.358122591
  ],
  ""type"": ""Point""
}",-83.216400877,42.358122591
13754,9262038,14TH,BUENAVISTA,2015-05-20,20,5,2015,8,4,8,9,,4,0,,1,1,1,30,3,2,0,5,0,0,0,0,true,,false,false,true,false,false,,,,,,false,false,false,,,false,false,false,false,false,-83.11358,42.39186,"{
  ""coordinates"": [
    -8.311357971299999e+01,
    4.239186228100000e+01
  ],
  ""type"": ""Point""
}","{
  ""coordinates"": [
    -83.113579713,
    42.391862281
  ],
  ""type"": ""Point""
}",-83.113579713,42.391862281
13755,9268060,DAVISON,FILER,2015-05-20,20,5,2015,17,4,9,9,,4,0,,1,1,1,35,2,2,1,3,0,0,1,0,false,,false,false,true,false,false,,,,,,false,false,false,,,false,false,true,false,false,-83.03712,42.42331,"{
  ""coordinates"": [
    -8.303712625000000e+01,
    4.242330723900010e+01
  ],
  ""type"": ""Point""
}","{
  ""coordinates"": [
    -83.03712625,
    42.423307239
  ],
  ""type"": ""Point""
}",-83.03712625,42.4233072390001
13756,9261892,I-75,MACK,2015-05-20,20,5,2015,15,4,5,1,,1,0,,1,1,1,55,3,3,3,5,0,0,0,0,true,,false,false,false,false,false,,,,,,false,false,true,,,false,false,false,false,false,-83.04879,42.35263,"{
  ""coordinates"": [
    -8.304878663999990e+01,
    4.235263118100000e+01
  ],
  ""type"": ""Point""
}","{
  ""coordinates"": [
    -83.04878664,
    42.352631181
  ],
  ""type"": ""Point""
}",-83.0487866399999,42.352631181
13757,9284686,BUCHANAN,LOVETT,2015-05-20,20,5,2015,13,4,97,9,,4,0,,1,1,1,25,4,2,2,4,0,0,0,1,false,,false,false,true,false,false,,,,,,false,false,false,,,false,false,false,false,false,-83.10766,42.3378,"{
  ""coordinates"": [
    -8.310765732000000e+01,
    4.233780086700010e+01
  ],
  ""type"": ""Point""
}","{
  ""coordinates"": [
    -83.10765732,
    42.337800867
  ],
  ""type"": ""Point""
}",-83.10765732,42.3378008670001
13758,9353484,GLASTONBURY,VASSAR,2015-05-20,20,5,2015,18,4,4,9,,,0,,1,1,1,25,2,2,5,5,0,0,0,0,true,,true,false,false,false,false,,,,,,false,false,false,,,false,false,false,false,false,-83.22311,42.43356,"{
  ""coordinates"": [
    -8.322311330100000e+01,
    4.243355783400010e+01
  ],
  ""type"": ""Point""
}","{
  ""coordinates"": [
    -83.223113301,
    42.433557834
  ],
  ""type"": ""Point""
}",-83.223113301,42.4335578340001
13759,9361103,WYOMING,8 MILE,2015-05-20,20,5,2015,10,4,5,3,,4,0,,1,1,1,35,4,2,2,5,0,0,0,0,true,,false,false,false,false,false,,,,,,false,true,false,,,false,false,false,false,false,-83.16149,42.44554,"{
  ""coordinates"": [
    -8.316149217700000e+01,
    4.244554257500000e+01
  ],
  ""type"": ""Point""
}","{
  ""coordinates"": [
    -83.161492177,
    42.445542575
  ],
  ""type"": ""Point""
}",-83.161492177,42.445542575
13760,9262016,CRANE,SAINT PAUL,2015-05-20,20,5,2015,5,4,4,9,,,0,,1,1,4,25,1,3,10,4,0,0,0,6,false,,false,false,false,false,false,,,,,,false,false,false,,,false,false,false,false,false,-82.99054,42.35988,"{
  ""coordinates"": [
    -8.299053972500000e+01,
    4.235988096600000e+01
  ],
  ""type"": ""Point""
}","{
  ""coordinates"": [
    -82.990539725,
    42.359880966
  ],
  ""type"": ""Point""
}",-82.990539725,42.359880966
13761,9265028,CASS,PETERBORO,2015-05-20,20,5,2015,17,4,8,9,,4,0,,1,1,1,25,2,2,1,5,0,0,0,0,true,,false,false,true,false,false,,,,,,false,false,false,,,false,false,false,false,false,-83.06001,42.34433,"{
  ""coordinates"": [
    -8.306000305799989e+01,
    4.234433511200010e+01
  ],
  ""type"": ""Point""
}","{
  ""coordinates"": [
    -83.060003058,
    42.344335112
  ],
  ""type"": ""Point""
}",-83.0600030579999,42.3443351120001
13762,9287805,GRATIOT,BROADWAY,2015-05-20,20,5,2015,7,4,4,9,,4,0,,1,1,1,25,4,2,3,4,0,0,0,2,false,,true,true,false,false,false,,,,,,false,false,false,,,false,false,false,false,false,-83.04562,42.33469,"{
  ""coordinates"": [
    -8.304562721799989e+01,
    4.233468904400010e+01
  ],
  ""type"": ""Point""
}","{
  ""coordinates"": [
    -83.045627218,
    42.334689044
  ],
  ""type"": ""Point""
}",-83.0456272179999,42.3346890440001
13763,9284327,HARTWELL,SAINT MARTINS,2015-05-20,20,5,2015,7,4,4,9,,,0,,1,1,1,25,4,2,4,4,0,0,0,3,false,,false,false,false,false,false,,,,,,false,false,false,,,false,false,false,false,false,-83.1796,42.43648,"{
  ""coordinates"": [
    -8.317959974999999e+01,
    4.243647981400010e+01
  ],
  ""type"": ""Point""
}","{
  ""coordinates"": [
    -83.17959975,
    42.436479814
  ],
  ""type"": ""Point""
}",-83.17959975,42.4364798140001
13764,9286247,WOODWARD,KIRBY,2015-05-20,20,5,2015,13,4,5,3,,1,0,,1,1,1,30,2,3,3,4,0,0,0,2,false,,false,false,false,false,false,,,,,,false,false,false,,,false,false,false,false,false,-83.0666,42.36029,"{
  ""coordinates"": [
    -8.306660679399990e+01,
    4.236029349200000e+01
  ],
  ""type"": ""Point""
}","{
  ""coordinates"": [
    -83.066606794,
    42.360293492
  ],
  ""type"": ""Point""
}",-83.0666067939999,42.360293492
13765,9268063,WYOMING,PICKFORD,2015-05-20,20,5,2015,17,4,4,9,,4,0,,1,1,1,30,2,2,4,4,0,0,0,1,false,,false,false,false,false,false,,,,,,false,false,false,,,false,false,false,false,false,-83.16077,42.42584,"{
  ""coordinates"": [
    -8.316077191799999e+01,
    4.242584059700000e+01
  ],
  ""type"": ""Point""
}","{
  ""coordinates"": [
    -83.160771918,
    42.425840597
  ],
  ""type"": ""Point""
}",-83.160771918,42.425840597
13766,9261339,GABLE,EMERY,2015-05-19,19,5,2015,20,3,8,9,,,0,,1,1,3,25,1,2,2,4,0,0,0,1,false,,false,false,true,false,false,,,,,,false,false,false,,,false,false,false,false,false,-83.04282,42.43693,"{
  ""coordinates"": [
    -8.304281323399989e+01,
    4.243692702300010e+01
  ],
  ""type"": ""Point""
}","{
  ""coordinates"": [
    -83.042813234,
    42.436927023
  ],
  ""type"": ""Point""
}",-83.0428132339999,42.4369270230001
13767,9261314,LIVERNOIS,MCGRAW,2015-05-19,19,5,2015,16,3,4,9,,4,0,,1,2,1,35,7,2,3,4,0,0,0,1,false,,false,false,false,false,false,,,,,,false,true,false,,,false,false,false,false,false,-83.12739,42.34083,"{
  ""coordinates"": [
    -8.312739060000000e+01,
    4.234082748400000e+01
  ],
  ""type"": ""Point""
}","{
  ""coordinates"": [
    -83.1273906,
    42.340827484
  ],
  ""type"": ""Point""
}",-83.1273906,42.340827484
13768,9261327,8 MILE,SHERWOOD,2015-05-19,19,5,2015,17,3,5,3,,1,0,,1,2,1,0,5,2,2,5,0,0,0,0,true,,false,false,false,false,false,,,,,,false,false,true,,,false,false,false,false,false,-83.03467,42.44793,"{
  ""coordinates"": [
    -8.303466720199999e+01,
    4.244793450100010e+01
  ],
  ""type"": ""Point""
}","{
  ""coordinates"": [
    -83.034667202,
    42.447934501
  ],
  ""type"": ""Point""
}",-83.034667202,42.4479345010001
13769,9267370,E I 96,SCHAEFER,2015-05-19,19,5,2015,9,3,8,1,,1,0,,97,98,1,55,4,2,1,5,0,0,0,0,true,,false,false,true,false,false,,,,,,false,false,false,,,false,false,false,false,false,-83.18062,42.38263,"{
  ""coordinates"": [
    -8.318061634599999e+01,
    4.238263497500000e+01
  ],
  ""type"": ""Point""
}","{
  ""coordinates"": [
    -83.180616346,
    42.382634975
  ],
  ""type"": ""Point""
}",-83.180616346,42.382634975
13770,9264683,M39,PURITAN,2015-05-19,19,5,2015,8,3,5,3,,1,0,,1,2,1,55,3,3,4,5,0,0,0,0,true,,false,false,false,false,false,,,,,,false,false,true,,,false,false,false,false,false,-83.21871,42.40845,"{
  ""coordinates"": [
    -8.321871282399999e+01,
    4.240845588200010e+01
  ],
  ""type"": ""Point""
}","{
  ""coordinates"": [
    -83.218712824,
    42.408455882
  ],
  ""type"": ""Point""
}",-83.218712824,42.4084558820001
13771,9265060,CHICAGO,GREENFIELD,2015-05-19,19,5,2015,14,3,97,9,,4,0,,1,1,1,35,6,2,2,5,0,0,0,0,true,,false,false,false,false,false,,,,,,false,false,false,,,false,false,false,false,false,-83.19691,42.36537,"{
  ""coordinates"": [
    -8.319690495700000e+01,
    4.236537183100010e+01
  ],
  ""type"": ""Point""
}","{
  ""coordinates"": [
    -83.196904957,
    42.365371831
  ],
  ""type"": ""Point""
}",-83.196904957,42.3653718310001
13772,9265039,RANDOLPH,LARNED,2015-05-19,19,5,2015,17,3,4,3,,1,0,,1,2,1,25,5,2,15,5,0,0,0,0,true,,false,false,false,false,false,,,,,,false,false,false,,,false,false,false,false,false,-83.04249,42.3306,"{
  ""coordinates"": [
    -8.304248987600000e+01,
    4.233060014500010e+01
  ],
  ""type"": ""Point""
}","{
  ""coordinates"": [
    -83.042489876,
    42.330600145
  ],
  ""type"": ""Point""
}",-83.042489876,42.3306001450001
13773,9264725,N M 10,GRAND RIVER,2015-05-19,19,5,2015,17,3,5,3,,1,0,,1,2,1,55,3,2,2,5,0,0,0,0,true,,false,false,false,false,false,,,,,,false,false,true,,,false,false,false,false,false,-83.06623,42.33943,"{
  ""coordinates"": [
    -8.306623076200000e+01,
    4.233942910000010e+01
  ],
  ""type"": ""Point""
}","{
  ""coordinates"": [
    -83.066230762,
    42.3394291
  ],
  ""type"": ""Point""
}",-83.066230762,42.3394291000001
13774,9261349,GRAND,I 96 SERVICE,2015-05-19,19,5,2015,12,3,8,3,,1,0,,1,2,1,30,2,2,2,5,0,0,0,0,true,,false,false,false,false,false,,,,,,false,false,true,,,false,false,false,false,false,-83.17506,42.38328,"{
  ""coordinates"": [
    -8.317506434300000e+01,
    4.238327671900000e+01
  ],
  ""type"": ""Point""
}","{
  ""coordinates"": [
    -83.175064343,
    42.383276719
  ],
  ""type"": ""Point""
}",-83.175064343,42.383276719
13775,9262031,PICKFORD,SUSSEX,2015-05-19,19,5,2015,20,3,5,9,,,0,,1,1,4,25,3,2,6,4,0,0,0,2,false,,false,false,true,false,false,,,,,,false,false,false,,,false,false,false,false,false,-83.196,42.42509,"{
  ""coordinates"": [
    -8.319600052500000e+01,
    4.242509252100010e+01
  ],
  ""type"": ""Point""
}","{
  ""coordinates"": [
    -83.196000525,
    42.425092521
  ],
  ""type"": ""Point""
}",-83.196000525,42.4250925210001
13776,9301467,M-39,JOY,2015-05-19,19,5,2015,8,3,5,3,,1,0,,1,1,1,55,3,3,4,5,0,0,0,0,true,,false,false,true,false,false,,,,,,false,false,true,,,false,false,false,false,false,-83.21626,42.35062,"{
  ""coordinates"": [
    -8.321625708900000e+01,
    4.235061681300000e+01
  ],
  ""type"": ""Point""
}","{
  ""coordinates"": [
    -83.216257089,
    42.350616813
  ],
  ""type"": ""Point""
}",-83.216257089,42.350616813
13777,9261340,JEFFERSON,BURNS,2015-05-19,19,5,2015,9,3,5,9,,4,0,,1,2,1,35,4,2,1,4,0,0,0,1,false,,false,false,false,false,false,,,,,,false,false,true,,,false,false,false,false,false,-82.98972,42.3548,"{
  ""coordinates"": [
    -8.298971817899999e+01,
    4.235480203800010e+01
  ],
  ""type"": ""Point""
}","{
  ""coordinates"": [
    -82.989718179,
    42.354802038
  ],
  ""type"": ""Point""
}",-82.989718179,42.3548020380001
13778,9265043,JOHN,HOWARD,2015-05-19,19,5,2015,9,3,4,3,,1,0,,1,1,1,25,2,2,2,4,0,0,0,1,false,,true,true,false,false,false,,,,,,false,false,false,,,false,false,false,false,false,-83.05788,42.32848,"{
  ""coordinates"": [
    -8.305788271999999e+01,
    4.232847943100010e+01
  ],
  ""type"": ""Point""
}","{
  ""coordinates"": [
    -83.05788272,
    42.328479431
  ],
  ""type"": ""Point""
}",-83.05788272,42.3284794310001
13779,9264733,NB I-75,NEVADA,2015-05-19,19,5,2015,16,3,5,1,,1,0,,1,2,1,70,4,2,2,5,0,0,0,0,true,,false,false,false,false,false,,,,,,false,false,true,,,false,false,false,false,false,-83.09367,42.42566,"{
  ""coordinates"": [
    -8.309366360500000e+01,
    4.242565853400000e+01
  ],
  ""type"": ""Point""
}","{
  ""coordinates"": [
    -83.093663605,
    42.425658534
  ],
  ""type"": ""Point""
}",-83.093663605,42.425658534
13780,9264709,N I 75,RAMP 216B,2015-05-19,19,5,2015,16,3,5,1,,1,0,,1,2,1,55,4,2,1,5,0,0,0,0,true,,false,false,true,false,false,,,,,,false,false,false,,,false,false,false,false,false,-83.05717,42.36694,"{
  ""coordinates"": [
    -8.305717555299999e+01,
    4.236694148900010e+01
  ],
  ""type"": ""Point""
}","{
  ""coordinates"": [
    -83.057175553,
    42.366941489
  ],
  ""type"": ""Point""
}",-83.057175553,42.3669414890001
13781,9264638,SB I-75,STATE FAIR,2015-05-19,19,5,2015,15,3,1,1,,1,1,,1,2,1,70,4,1,1,3,0,0,1,0,false,,false,false,false,false,false,,,,,,false,false,true,,,false,false,false,false,false,-83.09514,42.43829,"{
  ""coordinates"": [
    -8.309513812900001e+01,
    4.243828670000000e+01
  ],
  ""type"": ""Point""
}","{
  ""coordinates"": [
    -83.095138129,
    42.4382867
  ],
  ""type"": ""Point""
}",-83.095138129,42.4382867
13782,9261311,3RD,YORK,2015-05-19,19,5,2015,15,3,5,9,,4,0,,1,1,1,30,3,2,2,4,0,0,0,1,false,,false,false,false,false,false,,,,,,false,true,false,,,false,false,false,false,false,-83.07629,42.3632,"{
  ""coordinates"": [
    -8.307628336300000e+01,
    4.236320429300010e+01
  ],
  ""type"": ""Point""
}","{
  ""coordinates"": [
    -83.076283363,
    42.363204293
  ],
  ""type"": ""Point""
}",-83.076283363,42.3632042930001
13783,9261309,S I 375 SERVICE DRIVE,LAFAYETTE,2015-05-19,19,5,2015,9,3,8,9,,4,0,,1,1,1,0,3,2,2,5,0,0,0,0,true,,false,false,false,false,false,,,,,,false,false,true,,,false,false,false,false,false,-83.03828,42.33538,"{
  ""coordinates"": [
    -8.303827751800000e+01,
    4.233538579200010e+01
  ],
  ""type"": ""Point""
}","{
  ""coordinates"": [
    -83.038277518,
    42.335385792
  ],
  ""type"": ""Point""
}",-83.038277518,42.3353857920001
13784,9262013,WOODMONT,PAUL,2015-05-19,19,5,2015,8,3,97,9,,,0,,1,1,1,25,2,2,1,5,0,0,0,0,true,,false,false,true,false,false,,,,,,false,false,false,,,false,false,false,false,false,-83.20706,42.33639,"{
  ""coordinates"": [
    -8.320706183899991e+01,
    4.233639107400010e+01
  ],
  ""type"": ""Point""
}","{
  ""coordinates"": [
    -83.207061839,
    42.336391074
  ],
  ""type"": ""Point""
}",-83.2070618389999,42.3363910740001
13785,9399442,GRATIOT,FRENCH,2015-05-19,19,5,2015,0,3,9,3,,1,2,,2,4,4,35,2,2,3,5,0,0,0,0,true,,false,false,true,false,false,,,,,,false,false,true,,,false,false,false,false,false,-83.00048,42.40034,"{
  ""coordinates"": [
    -8.300047713500000e+01,
    4.240034037300010e+01
  ],
  ""type"": ""Point""
}","{
  ""coordinates"": [
    -83.000477135,
    42.400340373
  ],
  ""type"": ""Point""
}",-83.000477135,42.4003403730001
13786,9262017,RIOPELLE,ALFRED,2015-05-19,19,5,2015,15,3,8,9,,,0,,1,1,1,25,2,2,2,5,0,0,0,0,true,,false,false,true,false,false,,,,,,false,false,false,,,false,false,false,false,false,-83.04004,42.34863,"{
  ""coordinates"": [
    -8.304004150599999e+01,
    4.234862539700000e+01
  ],
  ""type"": ""Point""
}","{
  ""coordinates"": [
    -83.040041506,
    42.348625397
  ],
  ""type"": ""Point""
}",-83.040041506,42.348625397
13787,9262042,WASHINGTON,STATE,2015-05-19,19,5,2015,9,3,97,9,,4,0,,1,2,1,35,2,2,2,5,0,0,0,0,true,,false,false,false,false,false,,,,,,false,true,false,,,false,false,false,false,false,-83.05119,42.33255,"{
  ""coordinates"": [
    -8.305119005700000e+01,
    4.233255001500000e+01
  ],
  ""type"": ""Point""
}","{
  ""coordinates"": [
    -83.051190057,
    42.332550015
  ],
  ""type"": ""Point""
}",-83.051190057,42.332550015
13788,9415982,MONROE,RANDOLPH,2015-05-19,19,5,2015,9,3,5,3,,4,0,,1,1,1,25,2,2,2,5,0,0,0,0,true,,false,false,false,false,false,,,,,,false,false,false,,,false,false,false,false,false,-83.04491,42.33387,"{
  ""coordinates"": [
    -8.304491506300000e+01,
    4.233386549100000e+01
  ],
  ""type"": ""Point""
}","{
  ""coordinates"": [
    -83.044915063,
    42.333865491
  ],
  ""type"": ""Point""
}",-83.044915063,42.333865491
13789,9261329,JOY,PARKWAY,2015-05-19,19,5,2015,11,3,3,9,,2,0,,1,1,1,40,4,2,3,5,0,0,0,0,true,,false,false,false,false,false,,,,,,false,true,true,,,false,false,false,false,false,-83.26498,42.35707,"{
  ""coordinates"": [
    -8.326498175300000e+01,
    4.235707086800010e+01
  ],
  ""type"": ""Point""
}","{
  ""coordinates"": [
    -83.264981753,
    42.357070868
  ],
  ""type"": ""Point""
}",-83.264981753,42.3570708680001
13790,9261350,DAVISON,WOODROW WILSON,2015-05-19,19,5,2015,11,3,5,3,,1,0,,1,1,1,35,3,2,2,5,0,0,0,0,true,,false,false,false,false,false,,,,,,false,false,false,,,false,false,false,false,false,-83.11109,42.39742,"{
  ""coordinates"": [
    -8.311109103500000e+01,
    4.239742055700000e+01
  ],
  ""type"": ""Point""
}","{
  ""coordinates"": [
    -83.111091035,
    42.397420557
  ],
  ""type"": ""Point""
}",-83.111091035,42.397420557
13791,9353345,7 MILE,N M 39,2015-05-19,19,5,2015,12,3,97,9,,2,0,,1,1,5,0,1,2,2,5,0,0,0,0,true,,false,false,true,false,false,,,,,,false,false,false,,,false,false,false,false,false,-83.21918,42.43002,"{
  ""coordinates"": [
    -8.321918443000000e+01,
    4.243001968200010e+01
  ],
  ""type"": ""Point""
}","{
  ""coordinates"": [
    -83.21918443,
    42.430019682
  ],
  ""type"": ""Point""
}",-83.21918443,42.4300196820001
13792,9287601,I96,GREENFIELD,2015-05-19,19,5,2015,19,3,1,1,,1,1,,1,2,1,70,3,1,1,5,0,0,0,0,true,,false,false,false,false,false,,,,,,false,false,false,,,false,false,false,false,false,-83.20311,42.37903,"{
  ""coordinates"": [
    -8.320310690600000e+01,
    4.237902924000010e+01
  ],
  ""type"": ""Point""
}","{
  ""coordinates"": [
    -83.203106906,
    42.37902924
  ],
  ""type"": ""Point""
}",-83.203106906,42.3790292400001
13793,9287824,WARREN,WARWICK,2015-05-19,19,5,2015,11,3,1,9,,2,0,,1,1,1,25,2,2,0,4,0,0,0,1,false,,false,false,false,false,false,,,,,,true,false,false,,,false,false,false,false,false,-83.22694,42.34326,"{
  ""coordinates"": [
    -8.322694270499990e+01,
    4.234325669800010e+01
  ],
  ""type"": ""Point""
}","{
  ""coordinates"": [
    -83.226942705,
    42.343256698
  ],
  ""type"": ""Point""
}",-83.2269427049999,42.3432566980001
13794,9264732,NB 75,WARREN,2015-05-19,19,5,2015,15,3,8,1,,1,0,,1,2,1,45,3,2,2,5,0,0,0,0,true,,false,false,false,false,false,,,,,,false,false,false,,,false,false,false,false,false,-83.05453,42.36132,"{
  ""coordinates"": [
    -8.305453775900000e+01,
    4.236132306300000e+01
  ],
  ""type"": ""Point""
}","{
  ""coordinates"": [
    -83.054537759,
    42.361323063
  ],
  ""type"": ""Point""
}",-83.054537759,42.361323063
13795,9286234,THIRD,CANFIELD,2015-05-19,19,5,2015,11,3,97,9,,4,0,,1,1,1,35,2,2,2,5,0,0,0,0,true,,false,false,false,false,false,,,,,,false,false,false,,,false,false,false,false,false,-83.06869,42.35031,"{
  ""coordinates"": [
    -8.306868372299991e+01,
    4.235031016100000e+01
  ],
  ""type"": ""Point""
}","{
  ""coordinates"": [
    -83.068683723,
    42.350310161
  ],
  ""type"": ""Point""
}",-83.0686837229999,42.350310161
13796,9284685,SCHAEFER,FORT,2015-05-19,19,5,2015,7,3,4,7,,1,0,,1,1,1,25,3,3,2,5,0,0,0,0,true,,false,false,true,false,false,,,,,,false,false,true,,,false,false,false,false,false,-83.15552,42.27645,"{
  ""coordinates"": [
    -8.315551614799990e+01,
    4.227645484100000e+01
  ],
  ""type"": ""Point""
}","{
  ""coordinates"": [
    -83.155516148,
    42.276454841
  ],
  ""type"": ""Point""
}",-83.1555161479999,42.276454841
13797,9286134,WOODWARD,WARREN,2015-05-19,19,5,2015,13,3,4,3,,1,0,,1,2,1,30,7,2,2,5,0,0,0,0,true,,false,false,false,false,false,,,,,,false,false,true,,,false,false,false,false,false,-83.06438,42.35696,"{
  ""coordinates"": [
    -8.306437643600000e+01,
    4.235695588700000e+01
  ],
  ""type"": ""Point""
}","{
  ""coordinates"": [
    -83.064376436,
    42.356955887
  ],
  ""type"": ""Point""
}",-83.064376436,42.356955887
13798,9265021,LAFAYETTE,6TH,2015-05-19,19,5,2015,11,3,4,9,,4,0,,1,1,1,35,2,2,3,4,0,0,0,1,false,,false,false,false,false,false,,,,,,false,false,true,,,false,false,false,false,false,-83.05856,42.32708,"{
  ""coordinates"": [
    -8.305856206800000e+01,
    4.232707625500010e+01
  ],
  ""type"": ""Point""
}","{
  ""coordinates"": [
    -83.058562068,
    42.327076255
  ],
  ""type"": ""Point""
}",-83.058562068,42.3270762550001
13799,9282531,GRADVILLE,VASSAR,2015-05-19,19,5,2015,14,3,9,9,,,2,,1,1,1,25,2,2,0,5,0,0,0,0,true,,false,false,true,false,false,,,,,,false,false,false,,,false,false,false,false,false,-83.23228,42.43362,"{
  ""coordinates"": [
    -8.323228770000000e+01,
    4.243362610200010e+01
  ],
  ""type"": ""Point""
}","{
  ""coordinates"": [
    -83.2322877,
    42.433626102
  ],
  ""type"": ""Point""
}",-83.2322877,42.4336261020001
13800,9368698,GRATIOT,FAIRMOUNT,2015-05-19,19,5,2015,12,3,8,3,,1,0,,1,1,1,30,7,2,0,5,0,0,0,0,true,,false,false,true,false,false,,,,,,false,false,false,,,false,false,false,false,false,-82.97157,42.44434,"{
  ""coordinates"": [
    -8.297157511200000e+01,
    4.244434530100010e+01
  ],
  ""type"": ""Point""
}","{
  ""coordinates"": [
    -82.971575112,
    42.444345301
  ],
  ""type"": ""Point""
}",-82.971575112,42.4443453010001
13801,9287586,I-75,GRAND,2015-05-19,19,5,2015,18,3,5,1,,1,0,,1,2,1,70,4,2,1,5,0,0,0,0,true,,false,false,true,false,false,,,,,,false,false,true,,,false,false,false,false,false,-83.06108,42.37566,"{
  ""coordinates"": [
    -8.306107887800000e+01,
    4.237565684300010e+01
  ],
  ""type"": ""Point""
}","{
  ""coordinates"": [
    -83.061078878,
    42.375656843
  ],
  ""type"": ""Point""
}",-83.061078878,42.3756568430001
13802,9286166,JOHN,HOWARD,2015-05-19,19,5,2015,9,3,4,3,,1,0,,1,1,1,25,2,2,2,4,0,0,0,1,false,,true,true,false,false,false,,,,,,false,false,false,,,false,false,false,false,false,-83.05766,42.32856,"{
  ""coordinates"": [
    -8.305765793099989e+01,
    4.232856284900000e+01
  ],
  ""type"": ""Point""
}","{
  ""coordinates"": [
    -83.057657931,
    42.328562849
  ],
  ""type"": ""Point""
}",-83.0576579309999,42.328562849
13803,9286236,MARTIN LUTHER KING JR,S M 10,2015-05-19,19,5,2015,18,3,4,9,,4,0,,1,1,1,25,4,2,4,4,0,0,0,1,false,,true,true,false,false,false,,,,,,false,true,true,,,false,false,false,false,false,-83.06824,42.34331,"{
  ""coordinates"": [
    -8.306823400400000e+01,
    4.234330917700000e+01
  ],
  ""type"": ""Point""
}","{
  ""coordinates"": [
    -83.068234004,
    42.343309177
  ],
  ""type"": ""Point""
}",-83.068234004,42.343309177