ObjectId,Crash ID,Primary Road,Intersecting Road,Crash Date,Day,Month,Year,Hour,Weekday,Crash Type Code,Highway Classification Code,Community Code,Jurisdiction Code,Lane Departure Type Code,Surface Type,Road Condition,Weather Condition,Lighting Condition,Speed Limit,Lanes,Units,Occupants,Most Severe Injury,Fatal Injuries,Suspected Serious Injuries,Suspected Minor Injuries,Possible Injuries,Property Damage Only,Secondary Crash,Traffic Control,Red Light Run,Hit and Run,Alcohol,Drugs,Unbelted Person,Work Zone,Speeding Driver,Distracted Driver,Driveway,Pedestrian,Elderly Driver,Young Driver,Commercial Vehicle,Emergency Vehicles,Train,School Bus,Motorcycle,Bicycle,Deer,Longitude,Latitude,geom,geog,x,y
13804,9301497,RAMP 213H,E I 94,2015-05-19,19,5,2015,17,3,8,1,,1,0,,1,2,1,55,3,2,2,5,0,0,0,0,true,,false,false,false,false,false,,,,,,false,false,true,,,false,false,false,false,false,-83.09573,42.35117,"{
  ""coordinates"": [
    -8.309572600900000e+01,
    4.235116514200010e+01
  ],
  ""type"": ""Point""
}","{
  ""coordinates"": [
    -83.095726009,
    42.351165142
  ],
  ""type"": ""Point""
}",-83.095726009,42.3511651420001
13805,9265026,HIBBARD,JEFFERSON,2015-05-19,19,5,2015,6,3,8,9,,,0,,1,1,1,25,2,2,1,5,0,0,0,0,true,,false,false,false,false,false,,,,,,false,false,false,,,false,false,false,false,false,-82.98706,42.35686,"{
  ""coordinates"": [
    -8.298706006899990e+01,
    4.235685729700000e+01
  ],
  ""type"": ""Point""
}","{
  ""coordinates"": [
    -82.987060069,
    42.356857297
  ],
  ""type"": ""Point""
}",-82.9870600689999,42.356857297
13806,9264684,RAMP 044E,RAMP 216E,2015-05-19,19,5,2015,12,3,8,1,,1,0,,1,2,1,25,1,2,2,4,0,0,0,1,false,,false,false,false,false,false,,,,,,false,false,true,,,false,false,false,false,false,-83.0555,42.36444,"{
  ""coordinates"": [
    -8.305550056999989e+01,
    4.236444221600000e+01
  ],
  ""type"": ""Point""
}","{
  ""coordinates"": [
    -83.05550057,
    42.364442216
  ],
  ""type"": ""Point""
}",-83.0555005699999,42.364442216
13807,9285309,CLAYBURN,TIREMAN,2015-05-19,19,5,2015,20,3,9,9,,,2,,1,1,1,25,2,2,1,5,0,0,0,0,true,,false,false,false,false,false,,,,,,false,false,false,,,false,false,false,false,false,-83.21185,42.35054,"{
  ""coordinates"": [
    -8.321184235699999e+01,
    4.235054485900010e+01
  ],
  ""type"": ""Point""
}","{
  ""coordinates"": [
    -83.211842357,
    42.350544859
  ],
  ""type"": ""Point""
}",-83.211842357,42.3505448590001
13808,9284310,6 MILE,FORRER,2015-05-19,19,5,2015,18,3,97,9,,2,1,,1,1,1,35,2,2,0,4,0,0,0,1,false,,false,false,false,false,false,,,,,,true,false,false,,,false,false,false,false,false,-83.202,42.41591,"{
  ""coordinates"": [
    -8.320200706000000e+01,
    4.241590769800010e+01
  ],
  ""type"": ""Point""
}","{
  ""coordinates"": [
    -83.20200706,
    42.415907698
  ],
  ""type"": ""Point""
}",-83.20200706,42.4159076980001
13809,9261341,FOREST,CHENE,2015-05-19,19,5,2015,7,3,4,9,,4,0,,1,2,1,30,3,2,3,5,0,0,0,0,true,,false,false,false,false,false,,,,,,false,false,true,,,false,false,false,false,false,-83.03944,42.36359,"{
  ""coordinates"": [
    -8.303943281600000e+01,
    4.236359082100010e+01
  ],
  ""type"": ""Point""
}","{
  ""coordinates"": [
    -83.039432816,
    42.363590821
  ],
  ""type"": ""Point""
}",-83.039432816,42.3635908210001
13810,9293014,I-94,LINWOOD,2015-05-19,19,5,2015,22,3,8,1,,1,0,,1,1,4,55,3,2,5,5,0,0,0,0,true,,false,false,true,false,false,,,,,,false,false,false,,,false,false,false,false,false,-83.08929,42.35333,"{
  ""coordinates"": [
    -8.308929469700000e+01,
    4.235332760700000e+01
  ],
  ""type"": ""Point""
}","{
  ""coordinates"": [
    -83.089294697,
    42.353327607
  ],
  ""type"": ""Point""
}",-83.089294697,42.353327607
13811,9301578,EB I-94,WEIR,2015-05-19,19,5,2015,12,3,5,1,,1,0,,1,2,1,55,3,3,3,5,0,0,0,0,true,,false,false,false,false,false,,,,,,false,false,false,,,false,false,false,false,false,-83.15241,42.32971,"{
  ""coordinates"": [
    -8.315240924600000e+01,
    4.232970826000010e+01
  ],
  ""type"": ""Point""
}","{
  ""coordinates"": [
    -83.152409246,
    42.32970826
  ],
  ""type"": ""Point""
}",-83.152409246,42.3297082600001
13812,9285312,PEMBROKE,KENTFIELD,2015-05-19,19,5,2015,8,3,4,9,,,0,,1,2,1,25,2,2,2,5,0,0,0,0,true,,true,false,false,false,true,,,,,,false,true,false,,,false,false,false,false,false,-83.24274,42.43669,"{
  ""coordinates"": [
    -8.324274509200001e+01,
    4.243669147700010e+01
  ],
  ""type"": ""Point""
}","{
  ""coordinates"": [
    -83.242745092,
    42.436691477
  ],
  ""type"": ""Point""
}",-83.242745092,42.4366914770001
13813,9287587,M 39,PEMBROKE,2015-05-19,19,5,2015,7,3,1,3,,1,1,,1,1,1,55,3,1,3,4,0,0,0,1,false,,false,false,false,false,false,,,,,,false,false,true,,,false,false,false,false,false,-83.21958,42.43834,"{
  ""coordinates"": [
    -8.321958481699990e+01,
    4.243833619000000e+01
  ],
  ""type"": ""Point""
}","{
  ""coordinates"": [
    -83.219584817,
    42.43833619
  ],
  ""type"": ""Point""
}",-83.2195848169999,42.43833619
13814,9261355,VAN DYKE,7 MILE,2015-05-19,19,5,2015,10,3,5,3,,1,0,,1,2,1,30,6,3,2,4,0,0,0,1,false,,false,false,false,false,false,,,,,,true,false,false,,,false,false,false,false,false,-83.02425,42.434,"{
  ""coordinates"": [
    -8.302424912500000e+01,
    4.243399692900000e+01
  ],
  ""type"": ""Point""
}","{
  ""coordinates"": [
    -83.024249125,
    42.433996929
  ],
  ""type"": ""Point""
}",-83.024249125,42.433996929
13815,9261326,VISGER,ANNABELLE,2015-05-19,19,5,2015,17,3,4,9,,4,0,,1,1,1,25,4,2,4,5,0,0,0,0,true,,false,false,false,false,false,,,,,,false,false,true,,,false,false,false,false,false,-83.15747,42.26648,"{
  ""coordinates"": [
    -8.315746987100000e+01,
    4.226647786400010e+01
  ],
  ""type"": ""Point""
}","{
  ""coordinates"": [
    -83.157469871,
    42.266477864
  ],
  ""type"": ""Point""
}",-83.157469871,42.2664778640001
13816,9301410,029A,SCHAEFER,2015-05-19,19,5,2015,17,3,5,1,,1,0,,1,2,1,35,2,2,2,5,0,0,0,0,true,,false,false,false,false,false,,,,,,false,false,false,,,false,false,false,false,false,-83.15582,42.2767,"{
  ""coordinates"": [
    -8.315581851500001e+01,
    4.227670234900010e+01
  ],
  ""type"": ""Point""
}","{
  ""coordinates"": [
    -83.155818515,
    42.276702349
  ],
  ""type"": ""Point""
}",-83.155818515,42.2767023490001
13817,9288761,JEFFERSON,RANDOLPH,2015-05-19,19,5,2015,16,3,8,3,,1,0,,1,1,1,35,4,2,1,5,0,0,0,0,true,,false,false,false,false,false,,,,,,false,false,false,,,false,false,false,false,false,-83.04187,42.32964,"{
  ""coordinates"": [
    -8.304187073400000e+01,
    4.232963912100010e+01
  ],
  ""type"": ""Point""
}","{
  ""coordinates"": [
    -83.041870734,
    42.329639121
  ],
  ""type"": ""Point""
}",-83.041870734,42.3296391210001
13818,9265110,RAMP 220F,CONNER,2015-05-19,19,5,2015,5,3,5,1,,1,0,,1,1,4,25,4,2,2,5,0,0,0,0,true,,false,false,false,false,false,,,,,,false,false,false,,,false,false,false,false,false,-82.98841,42.39685,"{
  ""coordinates"": [
    -8.298840977600000e+01,
    4.239684662600010e+01
  ],
  ""type"": ""Point""
}","{
  ""coordinates"": [
    -82.988409776,
    42.396846626
  ],
  ""type"": ""Point""
}",-82.988409776,42.3968466260001
13819,9287842,CARLISLE,ANVIL,2015-05-19,19,5,2015,7,3,4,9,,,0,,1,2,1,25,3,2,2,5,0,0,0,0,true,,false,false,false,false,false,,,,,,false,false,false,,,false,false,false,false,false,-82.97737,42.44868,"{
  ""coordinates"": [
    -8.297736865699990e+01,
    4.244868629700010e+01
  ],
  ""type"": ""Point""
}","{
  ""coordinates"": [
    -82.977368657,
    42.448686297
  ],
  ""type"": ""Point""
}",-82.9773686569999,42.4486862970001
13820,9261356,8 MILE,VAN DYKE,2015-05-19,19,5,2015,14,3,8,3,,1,0,,1,2,1,30,6,2,2,5,0,0,0,0,true,,false,false,false,false,false,,,,,,false,false,false,,,false,false,false,false,false,-83.02473,42.44816,"{
  ""coordinates"": [
    -8.302473580600000e+01,
    4.244815751300010e+01
  ],
  ""type"": ""Point""
}","{
  ""coordinates"": [
    -83.024735806,
    42.448157513
  ],
  ""type"": ""Point""
}",-83.024735806,42.4481575130001
13821,9261312,MCGRAW,WEIR,2015-05-19,19,5,2015,14,3,4,3,,1,0,,1,2,1,30,4,2,3,5,0,0,0,0,true,,false,false,false,false,false,,,,,,false,true,false,,,false,false,false,false,false,-83.15527,42.32996,"{
  ""coordinates"": [
    -8.315527453399990e+01,
    4.232995944800010e+01
  ],
  ""type"": ""Point""
}","{
  ""coordinates"": [
    -83.155274534,
    42.329959448
  ],
  ""type"": ""Point""
}",-83.1552745339999,42.3299594480001
13822,9287827,8 MILE SERVICE DRIVE,S I 75 SERVICE DRIVE,2015-05-19,19,5,2015,13,3,97,3,,1,0,,1,1,1,35,2,2,2,5,0,0,0,0,true,,false,false,true,false,false,,,,,,false,true,false,,,false,false,false,false,false,-83.09537,42.44662,"{
  ""coordinates"": [
    -8.309536467700001e+01,
    4.244661968000000e+01
  ],
  ""type"": ""Point""
}","{
  ""coordinates"": [
    -83.095364677,
    42.44661968
  ],
  ""type"": ""Point""
}",-83.095364677,42.44661968
13823,9286165,BRUSH,MEDBURY,2015-05-19,19,5,2015,8,3,97,9,,4,0,,1,1,1,35,6,2,2,5,0,0,0,0,true,,true,true,false,false,false,,,,,,false,false,true,,,false,false,false,false,false,-83.06474,42.36606,"{
  ""coordinates"": [
    -8.306473860499990e+01,
    4.236606071500010e+01
  ],
  ""type"": ""Point""
}","{
  ""coordinates"": [
    -83.064738605,
    42.366060715
  ],
  ""type"": ""Point""
}",-83.0647386049999,42.3660607150001
13824,9288742,LASALLE,CALVERT,2015-05-19,19,5,2015,19,3,1,9,,4,0,,1,1,1,35,4,1,0,5,0,0,0,0,true,,false,false,true,false,false,,,,,,false,false,false,,,false,false,false,false,false,-83.10989,42.38068,"{
  ""coordinates"": [
    -8.310988652600000e+01,
    4.238068004100010e+01
  ],
  ""type"": ""Point""
}","{
  ""coordinates"": [
    -83.109886526,
    42.380680041
  ],
  ""type"": ""Point""
}",-83.109886526,42.3806800410001
13825,9264724,S M 39,JOY,2015-05-19,19,5,2015,8,3,8,3,,1,0,,1,2,1,55,3,2,2,5,0,0,0,0,true,,false,false,false,false,false,,,,,,false,false,false,,,false,false,false,false,false,-83.21658,42.35812,"{
  ""coordinates"": [
    -8.321658496200000e+01,
    4.235811892600000e+01
  ],
  ""type"": ""Point""
}","{
  ""coordinates"": [
    -83.216584962,
    42.358118926
  ],
  ""type"": ""Point""
}",-83.216584962,42.358118926
13826,9287621,I-75,DAVISON,2015-05-18,18,5,2015,8,2,5,1,,1,0,,1,1,1,70,4,2,2,5,0,0,0,0,true,,false,false,false,false,false,,,,,,false,false,false,,,false,false,false,false,false,-83.07912,42.4082,"{
  ""coordinates"": [
    -8.307912707000000e+01,
    4.240819754700000e+01
  ],
  ""type"": ""Point""
}","{
  ""coordinates"": [
    -83.07912707,
    42.408197547
  ],
  ""type"": ""Point""
}",-83.07912707,42.408197547
13827,9262033,WYOMING,CAMBRIDGE,2015-05-18,18,5,2015,11,2,4,9,,4,0,,1,1,1,30,1,2,2,5,0,0,0,0,true,,false,false,false,false,false,,,,,,false,false,true,,,false,false,false,false,false,-83.16103,42.43302,"{
  ""coordinates"": [
    -8.316102509400000e+01,
    4.243302134900010e+01
  ],
  ""type"": ""Point""
}","{
  ""coordinates"": [
    -83.161025094,
    42.433021349
  ],
  ""type"": ""Point""
}",-83.161025094,42.4330213490001
13828,9260681,SCHAEFER,W I 96 SERVICE DRIVE,2015-05-18,18,5,2015,18,2,4,1,,4,0,,1,2,1,35,5,2,2,5,0,0,0,0,true,,true,true,false,false,false,,,,,,false,false,false,,,false,false,false,false,false,-83.17838,42.38381,"{
  ""coordinates"": [
    -8.317837478599991e+01,
    4.238380837900010e+01
  ],
  ""type"": ""Point""
}","{
  ""coordinates"": [
    -83.178374786,
    42.383808379
  ],
  ""type"": ""Point""
}",-83.1783747859999,42.3838083790001
13829,9261320,DIX,WOODMERE,2015-05-18,18,5,2015,14,2,1,9,,4,1,,1,1,1,0,2,1,1,5,0,0,0,0,true,,false,false,false,false,false,,,,,,false,false,false,,,false,false,false,false,false,-83.13246,42.31691,"{
  ""coordinates"": [
    -8.313245954900000e+01,
    4.231690519300000e+01
  ],
  ""type"": ""Point""
}","{
  ""coordinates"": [
    -83.132459549,
    42.316905193
  ],
  ""type"": ""Point""
}",-83.132459549,42.316905193
13830,9383542,CADET,DRAGOON,2015-05-18,18,5,2015,16,2,1,9,,,0,,1,1,1,30,3,2,2,4,0,0,0,1,false,,false,false,false,false,false,,,,,,false,false,false,,,false,false,false,true,false,-83.10735,42.31421,"{
  ""coordinates"": [
    -8.310735376799990e+01,
    4.231420376700000e+01
  ],
  ""type"": ""Point""
}","{
  ""coordinates"": [
    -83.107353768,
    42.314203767
  ],
  ""type"": ""Point""
}",-83.1073537679999,42.314203767
13831,9286243,14TH,MARANTETTE,2015-05-18,18,5,2015,8,2,4,9,,4,0,,1,1,1,30,2,2,2,4,0,0,0,1,false,,false,false,false,false,false,,,,,,false,false,false,,,false,false,false,false,false,-83.07468,42.32814,"{
  ""coordinates"": [
    -8.307467811600000e+01,
    4.232814197500010e+01
  ],
  ""type"": ""Point""
}","{
  ""coordinates"": [
    -83.074678116,
    42.328141975
  ],
  ""type"": ""Point""
}",-83.074678116,42.3281419750001
13832,9261359,PINEHURST,OUTER,2015-05-18,18,5,2015,13,2,4,9,,,0,,1,2,1,25,2,3,3,5,0,0,0,0,true,,false,false,false,false,false,,,,,,false,true,true,,,false,false,false,false,false,-83.16763,42.43486,"{
  ""coordinates"": [
    -8.316762257100000e+01,
    4.243485735200010e+01
  ],
  ""type"": ""Point""
}","{
  ""coordinates"": [
    -83.167622571,
    42.434857352
  ],
  ""type"": ""Point""
}",-83.167622571,42.4348573520001
13833,9285310,PREVOST,MARGARETA,2015-05-18,18,5,2015,15,2,9,9,,,2,,1,1,1,25,2,2,2,5,0,0,0,0,true,,false,false,false,false,false,,,,,,false,false,false,,,false,false,false,false,false,-83.20392,42.42644,"{
  ""coordinates"": [
    -8.320391665299999e+01,
    4.242644090800010e+01
  ],
  ""type"": ""Point""
}","{
  ""coordinates"": [
    -83.203916653,
    42.426440908
  ],
  ""type"": ""Point""
}",-83.203916653,42.4264409080001
13834,9287552,M-39,MCNICHOLS,2015-05-18,18,5,2015,8,2,5,3,,1,0,,1,1,1,55,3,2,2,5,0,0,0,0,true,,false,false,true,false,false,,,,,,false,false,false,,,false,false,false,false,false,-83.219,42.41916,"{
  ""coordinates"": [
    -8.321899844200000e+01,
    4.241915826600010e+01
  ],
  ""type"": ""Point""
}","{
  ""coordinates"": [
    -83.218998442,
    42.419158266
  ],
  ""type"": ""Point""
}",-83.218998442,42.4191582660001
13835,9260711,14TH,TAYLOR,2015-05-18,18,5,2015,8,2,97,9,,4,0,,1,1,1,30,2,2,2,5,0,0,0,0,true,,true,false,false,false,false,,,,,,false,true,false,,,false,false,false,false,false,-83.10235,42.37431,"{
  ""coordinates"": [
    -8.310234805700000e+01,
    4.237430624100010e+01
  ],
  ""type"": ""Point""
}","{
  ""coordinates"": [
    -83.102348057,
    42.374306241
  ],
  ""type"": ""Point""
}",-83.102348057,42.3743062410001
13836,9286180,TRUMBULL,CHURCH,2015-05-18,18,5,2015,15,2,5,9,,4,0,,1,2,1,30,4,2,1,5,0,0,0,0,true,,false,false,false,false,false,,,,,,false,true,false,,,false,false,false,false,false,-83.06663,42.33092,"{
  ""coordinates"": [
    -8.306662767700000e+01,
    4.233091708300000e+01
  ],
  ""type"": ""Point""
}","{
  ""coordinates"": [
    -83.066627677,
    42.330917083
  ],
  ""type"": ""Point""
}",-83.066627677,42.330917083
13837,9287817,LAWTON,MARTIN LUTHER KING JR,2015-05-18,18,5,2015,12,2,5,9,,4,0,,1,2,1,25,6,2,2,5,0,0,0,0,true,,false,false,false,false,false,,,,,,false,false,false,,,false,false,false,false,false,-83.08846,42.3368,"{
  ""coordinates"": [
    -8.308845602799990e+01,
    4.233679880400010e+01
  ],
  ""type"": ""Point""
}","{
  ""coordinates"": [
    -83.088456028,
    42.336798804
  ],
  ""type"": ""Point""
}",-83.0884560279999,42.3367988040001
13838,9287835,S M 39,MCNICHOLS,2015-05-18,18,5,2015,23,2,5,3,,1,0,,1,1,4,55,3,2,2,5,0,0,0,0,true,,false,false,false,false,false,,,,,,false,false,false,,,false,false,false,false,false,-83.21889,42.41542,"{
  ""coordinates"": [
    -8.321888837800000e+01,
    4.241541503800000e+01
  ],
  ""type"": ""Point""
}","{
  ""coordinates"": [
    -83.218888378,
    42.415415038
  ],
  ""type"": ""Point""
}",-83.218888378,42.415415038
13839,9267503,MT ELLIOT,VERNOR,2015-05-18,18,5,2015,17,2,5,9,,4,0,,1,1,1,30,4,2,3,5,0,0,0,0,true,,false,false,true,false,false,,,,,,false,false,false,,,false,false,false,false,false,-83.01748,42.35505,"{
  ""coordinates"": [
    -8.301748215100000e+01,
    4.235505068000000e+01
  ],
  ""type"": ""Point""
}","{
  ""coordinates"": [
    -83.017482151,
    42.35505068
  ],
  ""type"": ""Point""
}",-83.017482151,42.35505068
13840,9261323,CADET,DRAGOON,2015-05-18,18,5,2015,16,2,1,9,,,0,,1,1,1,30,3,2,2,4,0,0,0,1,false,,false,false,false,false,false,,,,,,false,false,false,,,false,false,false,true,false,-83.10735,42.31421,"{
  ""coordinates"": [
    -8.310735376799990e+01,
    4.231420376700000e+01
  ],
  ""type"": ""Point""
}","{
  ""coordinates"": [
    -83.107353768,
    42.314203767
  ],
  ""type"": ""Point""
}",-83.1073537679999,42.314203767
13841,9379700,8 MILE,LIVERNOIS,2015-05-18,18,5,2015,18,2,1,3,,1,0,,1,1,1,40,4,2,2,4,0,0,0,1,false,,false,false,false,false,false,,,,,,false,true,false,,,false,false,false,true,false,-83.14204,42.44608,"{
  ""coordinates"": [
    -8.314203612499990e+01,
    4.244608128000000e+01
  ],
  ""type"": ""Point""
}","{
  ""coordinates"": [
    -83.142036125,
    42.44608128
  ],
  ""type"": ""Point""
}",-83.1420361249999,42.44608128
13842,9261342,MCNICHOLS,TELEGRAPH,2015-05-18,18,5,2015,16,2,5,2,,2,0,,1,1,1,40,4,2,2,4,0,0,0,1,false,,false,false,false,false,false,,,,,,false,false,false,,,false,false,false,false,false,-83.27696,42.41453,"{
  ""coordinates"": [
    -8.327695898499999e+01,
    4.241453345200010e+01
  ],
  ""type"": ""Point""
}","{
  ""coordinates"": [
    -83.276958985,
    42.414533452
  ],
  ""type"": ""Point""
}",-83.276958985,42.4145334520001
13843,9261337,PLYMOUTH,EVERGREEN,2015-05-18,18,5,2015,15,2,5,9,,4,0,,1,1,1,35,5,2,1,5,0,0,0,0,true,,false,false,true,false,false,,,,,,false,false,false,,,false,false,false,false,false,-83.23643,42.37189,"{
  ""coordinates"": [
    -8.323642508899999e+01,
    4.237188719700000e+01
  ],
  ""type"": ""Point""
}","{
  ""coordinates"": [
    -83.236425089,
    42.371887197
  ],
  ""type"": ""Point""
}",-83.236425089,42.371887197
13844,9260696,HARPER,CADIEUX,2015-05-18,18,5,2015,11,2,8,9,,4,0,,1,1,1,30,5,2,4,5,0,0,0,0,true,,false,false,false,false,false,,,,,,false,true,true,,,false,false,false,false,false,-82.93652,42.41648,"{
  ""coordinates"": [
    -8.293652439800000e+01,
    4.241647589200010e+01
  ],
  ""type"": ""Point""
}","{
  ""coordinates"": [
    -82.936524398,
    42.416475892
  ],
  ""type"": ""Point""
}",-82.936524398,42.4164758920001
13845,9288746,DAVIDSON,LINWOOD,2015-05-18,18,5,2015,20,2,8,3,,1,0,,1,1,1,35,5,2,2,5,0,0,0,0,true,,false,false,false,false,false,,,,,,false,false,false,,,false,false,false,false,false,-83.12136,42.39326,"{
  ""coordinates"": [
    -8.312135898000000e+01,
    4.239326346100010e+01
  ],
  ""type"": ""Point""
}","{
  ""coordinates"": [
    -83.12135898,
    42.393263461
  ],
  ""type"": ""Point""
}",-83.12135898,42.3932634610001
13846,9350085,W I 96 CD,GREENFIELD,2015-05-18,18,5,2015,1,2,1,1,,1,1,,2,1,5,55,4,1,1,5,0,0,0,0,true,,false,false,true,false,false,,,,,,false,false,false,,,false,false,false,false,false,-83.19627,42.37941,"{
  ""coordinates"": [
    -8.319626661800000e+01,
    4.237941322600010e+01
  ],
  ""type"": ""Point""
}","{
  ""coordinates"": [
    -83.196266618,
    42.379413226
  ],
  ""type"": ""Point""
}",-83.196266618,42.3794132260001
13847,9260680,GREENFIELD,EATON,2015-05-18,18,5,2015,17,2,5,9,,2,0,,1,2,1,35,4,2,2,4,0,0,0,1,false,,false,false,false,false,false,,,,,,false,false,true,,,false,false,false,false,false,-83.19855,42.39724,"{
  ""coordinates"": [
    -8.319854458799990e+01,
    4.239723467100000e+01
  ],
  ""type"": ""Point""
}","{
  ""coordinates"": [
    -83.198544588,
    42.397234671
  ],
  ""type"": ""Point""
}",-83.1985445879999,42.397234671
13848,9262039,GREENFIELD,CAMBRIDGE,2015-05-18,18,5,2015,11,2,5,9,,2,0,,1,1,1,30,4,3,5,4,0,0,0,1,false,,false,false,false,false,false,,,,,,false,false,true,,,false,false,false,false,false,-83.19995,42.43247,"{
  ""coordinates"": [
    -8.319995116000000e+01,
    4.243247365600010e+01
  ],
  ""type"": ""Point""
}","{
  ""coordinates"": [
    -83.19995116,
    42.432473656
  ],
  ""type"": ""Point""
}",-83.19995116,42.4324736560001
13849,9284570,M-10,8 MILE,2015-05-18,18,5,2015,10,2,8,3,,1,0,,1,2,1,55,3,2,2,5,0,0,0,0,true,,false,false,true,true,false,,,,,,false,false,false,,,false,false,false,false,false,-83.20054,42.44263,"{
  ""coordinates"": [
    -8.320053812600000e+01,
    4.244263536100000e+01
  ],
  ""type"": ""Point""
}","{
  ""coordinates"": [
    -83.200538126,
    42.442635361
  ],
  ""type"": ""Point""
}",-83.200538126,42.442635361
13850,9260719,LYNDON,STOEPEL,2015-05-18,18,5,2015,16,2,9,9,,4,2,,1,1,1,30,2,2,1,4,0,0,0,1,false,,false,false,true,false,false,,,,,,false,false,false,,,false,false,false,false,false,-83.14104,42.3954,"{
  ""coordinates"": [
    -8.314103690899999e+01,
    4.239540459500010e+01
  ],
  ""type"": ""Point""
}","{
  ""coordinates"": [
    -83.141036909,
    42.395404595
  ],
  ""type"": ""Point""
}",-83.141036909,42.3954045950001
13851,9287819,N M 39 SERVICE DRIVE,WARREN,2015-05-18,18,5,2015,16,2,97,9,,4,0,,1,1,1,35,2,2,2,5,0,0,0,0,true,,false,false,false,false,false,,,,,,false,false,true,,,false,false,false,false,false,-83.21571,42.34309,"{
  ""coordinates"": [
    -8.321570385800000e+01,
    4.234308850000010e+01
  ],
  ""type"": ""Point""
}","{
  ""coordinates"": [
    -83.215703858,
    42.3430885
  ],
  ""type"": ""Point""
}",-83.215703858,42.3430885000001
13852,9290759,FORD,N M 39 SERVICE DRIVE,2015-05-18,18,5,2015,17,2,1,3,,1,1,,1,1,1,50,6,1,2,3,0,0,2,0,false,,false,false,false,false,false,,,,,,false,false,false,,,false,false,true,false,false,-83.21539,42.3291,"{
  ""coordinates"": [
    -8.321539238299989e+01,
    4.232910222300010e+01
  ],
  ""type"": ""Point""
}","{
  ""coordinates"": [
    -83.215392383,
    42.329102223
  ],
  ""type"": ""Point""
}",-83.2153923829999,42.3291022230001
13853,9284304,ABINGTON,WARREN,2015-05-18,18,5,2015,8,2,5,9,,,0,,1,1,1,25,2,2,1,5,0,0,0,0,true,,false,false,false,false,false,,,,,,false,false,false,,,false,false,false,false,false,-83.20972,42.34175,"{
  ""coordinates"": [
    -8.320971756700000e+01,
    4.234175632900010e+01
  ],
  ""type"": ""Point""
}","{
  ""coordinates"": [
    -83.209717567,
    42.341756329
  ],
  ""type"": ""Point""
}",-83.209717567,42.3417563290001
13854,9267531,FERRY,WOODWARD,2015-05-18,18,5,2015,16,2,97,3,,,0,,1,1,1,25,2,2,2,5,0,0,0,0,true,,false,false,false,false,false,,,,,,false,false,true,,,false,false,false,false,false,-83.06738,42.36145,"{
  ""coordinates"": [
    -8.306738652900000e+01,
    4.236145393700010e+01
  ],
  ""type"": ""Point""
}","{
  ""coordinates"": [
    -83.067386529,
    42.361453937
  ],
  ""type"": ""Point""
}",-83.067386529,42.3614539370001
13855,9260658,GRISWOLD,LARNED,2015-05-18,18,5,2015,8,2,4,9,,4,0,,1,1,1,25,4,2,2,5,0,0,0,0,true,,true,true,false,false,false,,,,,,false,false,false,,,false,false,false,false,false,-83.04606,42.32906,"{
  ""coordinates"": [
    -8.304605816799990e+01,
    4.232905474100000e+01
  ],
  ""type"": ""Point""
}","{
  ""coordinates"": [
    -83.046058168,
    42.329054741
  ],
  ""type"": ""Point""
}",-83.0460581679999,42.329054741
13856,9284718,SPRINGWELLS,CAHALAN,2015-05-18,18,5,2015,15,2,5,9,,4,0,,2,1,2,35,2,2,2,5,0,0,0,0,true,,false,false,true,false,false,,,,,,false,false,false,,,false,false,false,false,false,-83.12482,42.30812,"{
  ""coordinates"": [
    -8.312482082900000e+01,
    4.230812321700010e+01
  ],
  ""type"": ""Point""
}","{
  ""coordinates"": [
    -83.124820829,
    42.308123217
  ],
  ""type"": ""Point""
}",-83.124820829,42.3081232170001
13857,9261353,N I 75,MCNICHOLS,2015-05-18,18,5,2015,0,2,1,1,,1,1,,1,1,4,35,3,1,0,5,0,0,0,0,true,,false,false,false,false,false,,,,,,false,false,false,,,false,false,false,false,false,-83.08791,42.41845,"{
  ""coordinates"": [
    -8.308791508400000e+01,
    4.241844544200010e+01
  ],
  ""type"": ""Point""
}","{
  ""coordinates"": [
    -83.087915084,
    42.418445442
  ],
  ""type"": ""Point""
}",-83.087915084,42.4184454420001
13858,9261344,GRAND RIVER,BRAILE,2015-05-18,18,5,2015,14,2,4,3,,1,0,,1,1,1,35,4,2,2,5,0,0,0,0,true,,true,false,false,false,false,,,,,,false,false,false,,,false,false,false,false,false,-83.24538,42.41159,"{
  ""coordinates"": [
    -8.324538311899990e+01,
    4.241159356600010e+01
  ],
  ""type"": ""Point""
}","{
  ""coordinates"": [
    -83.245383119,
    42.411593566
  ],
  ""type"": ""Point""
}",-83.2453831189999,42.4115935660001
13859,9264698,N M 39,008R,2015-05-18,18,5,2015,8,2,97,3,,1,0,,1,1,1,55,3,3,5,5,0,0,0,0,true,,false,false,false,false,false,,,,,,false,true,true,,,false,false,false,false,false,-83.21732,42.3824,"{
  ""coordinates"": [
    -8.321731535799999e+01,
    4.238240156900010e+01
  ],
  ""type"": ""Point""
}","{
  ""coordinates"": [
    -83.217315358,
    42.382401569
  ],
  ""type"": ""Point""
}",-83.217315358,42.3824015690001
13860,9287600,I94,CADILLAC,2015-05-18,18,5,2015,18,2,5,1,,1,0,,1,1,1,55,3,2,2,5,0,0,0,0,true,,false,false,true,false,false,,,,,,false,false,true,,,false,false,false,false,false,-83.00433,42.39175,"{
  ""coordinates"": [
    -8.300433030600000e+01,
    4.239175544100000e+01
  ],
  ""type"": ""Point""
}","{
  ""coordinates"": [
    -83.004330306,
    42.391755441
  ],
  ""type"": ""Point""
}",-83.004330306,42.391755441