ObjectId,Crash ID,Primary Road,Intersecting Road,Crash Date,Day,Month,Year,Hour,Weekday,Crash Type Code,Highway Classification Code,Community Code,Jurisdiction Code,Lane Departure Type Code,Surface Type,Road Condition,Weather Condition,Lighting Condition,Speed Limit,Lanes,Units,Occupants,Most Severe Injury,Fatal Injuries,Suspected Serious Injuries,Suspected Minor Injuries,Possible Injuries,Property Damage Only,Secondary Crash,Traffic Control,Red Light Run,Hit and Run,Alcohol,Drugs,Unbelted Person,Work Zone,Speeding Driver,Distracted Driver,Driveway,Pedestrian,Elderly Driver,Young Driver,Commercial Vehicle,Emergency Vehicles,Train,School Bus,Motorcycle,Bicycle,Deer,Longitude,Latitude,geom,geog,x,y
13918,9260661,GRISWOLD,MICHIGAN,2015-05-17,17,5,2015,2,1,4,9,,4,0,,1,1,4,30,4,2,3,5,0,0,0,0,true,,false,false,false,false,false,,,,,,false,false,false,,,false,false,false,false,false,-83.04824,42.33165,"{
  ""coordinates"": [
    -8.304824047400000e+01,
    4.233165111400010e+01
  ],
  ""type"": ""Point""
}","{
  ""coordinates"": [
    -83.048240474,
    42.331651114
  ],
  ""type"": ""Point""
}",-83.048240474,42.3316511140001
13919,9260679,ROBSON,BELTON,2015-05-17,17,5,2015,15,1,4,9,,,0,,1,1,1,25,2,2,7,5,0,0,0,0,true,,false,false,false,false,false,,,,,,false,false,true,,,false,false,false,false,false,-83.1914,42.35352,"{
  ""coordinates"": [
    -8.319139537300001e+01,
    4.235351811700010e+01
  ],
  ""type"": ""Point""
}","{
  ""coordinates"": [
    -83.191395373,
    42.353518117
  ],
  ""type"": ""Point""
}",-83.191395373,42.3535181170001
13920,9262886,I 75,7 MILE,2015-05-17,17,5,2015,2,1,1,1,,1,1,,2,2,4,70,4,1,3,5,0,0,0,0,true,,false,false,false,false,false,,,,,,false,false,true,,,false,false,false,false,false,-83.09472,42.43393,"{
  ""coordinates"": [
    -8.309471906200000e+01,
    4.243393197100000e+01
  ],
  ""type"": ""Point""
}","{
  ""coordinates"": [
    -83.094719062,
    42.433931971
  ],
  ""type"": ""Point""
}",-83.094719062,42.433931971
13921,9260683,GREENFIELD,GROVE,2015-05-17,17,5,2015,15,1,1,9,,2,0,,1,1,1,35,4,2,2,4,0,0,0,1,false,,false,false,true,false,false,,,,,,false,false,false,,,false,false,false,true,false,-83.19923,42.41416,"{
  ""coordinates"": [
    -8.319923137599990e+01,
    4.241416355300000e+01
  ],
  ""type"": ""Point""
}","{
  ""coordinates"": [
    -83.199231376,
    42.414163553
  ],
  ""type"": ""Point""
}",-83.1992313759999,42.414163553
13922,9259024,NORTHLAWN,INTERVALE,2015-05-17,17,5,2015,3,1,8,9,,,0,,1,1,4,35,2,2,0,5,0,0,0,0,true,,false,false,true,false,false,,,,,,false,true,false,,,false,false,false,false,false,-83.15313,42.39154,"{
  ""coordinates"": [
    -8.315313229600000e+01,
    4.239154008400000e+01
  ],
  ""type"": ""Point""
}","{
  ""coordinates"": [
    -83.153132296,
    42.391540084
  ],
  ""type"": ""Point""
}",-83.153132296,42.391540084
13923,9259863,CONANT,HILDALE,2015-05-17,17,5,2015,13,1,4,9,,4,0,,1,1,1,30,2,2,2,5,0,0,0,0,true,,false,false,false,false,false,,,,,,false,true,false,,,false,false,false,false,false,-83.07135,42.42968,"{
  ""coordinates"": [
    -8.307135350500000e+01,
    4.242967730500000e+01
  ],
  ""type"": ""Point""
}","{
  ""coordinates"": [
    -83.071353505,
    42.429677305
  ],
  ""type"": ""Point""
}",-83.071353505,42.429677305
13924,9265158,RAMP 105E,N M 10,2015-05-17,17,5,2015,1,1,1,3,,1,1,,1,1,4,25,2,1,1,5,0,0,0,0,true,,false,false,false,true,false,,,,,,false,false,false,,,false,false,false,false,false,-83.16161,42.40629,"{
  ""coordinates"": [
    -8.316161557500000e+01,
    4.240628892000010e+01
  ],
  ""type"": ""Point""
}","{
  ""coordinates"": [
    -83.161615575,
    42.40628892
  ],
  ""type"": ""Point""
}",-83.161615575,42.4062889200001
13925,9261902,I-94,I-75,2015-05-17,17,5,2015,15,1,5,1,,1,0,,1,1,1,55,3,2,3,5,0,0,0,0,true,,false,false,false,false,false,,,,,,false,false,false,,,false,false,false,false,false,-83.05901,42.36787,"{
  ""coordinates"": [
    -8.305900549200000e+01,
    4.236787147500010e+01
  ],
  ""type"": ""Point""
}","{
  ""coordinates"": [
    -83.059005492,
    42.367871475
  ],
  ""type"": ""Point""
}",-83.059005492,42.3678714750001
13926,9259864,MCNICHOLS,PINEHURST,2015-05-17,17,5,2015,13,1,97,9,,2,0,,1,1,1,35,5,2,0,5,0,0,0,0,true,,false,false,true,false,false,,,,,,false,false,false,,,false,false,false,false,false,-83.16682,42.41674,"{
  ""coordinates"": [
    -8.316681584199991e+01,
    4.241674608400010e+01
  ],
  ""type"": ""Point""
}","{
  ""coordinates"": [
    -83.166815842,
    42.416746084
  ],
  ""type"": ""Point""
}",-83.1668158419999,42.4167460840001
13927,9282354,M-39,7 MILE,2015-05-17,17,5,2015,17,1,8,3,,1,0,,1,2,1,55,3,2,2,4,0,0,0,1,false,,false,false,false,false,false,,,,,,false,false,false,,,false,false,false,false,false,-83.21945,42.43139,"{
  ""coordinates"": [
    -8.321945221999989e+01,
    4.243139016000000e+01
  ],
  ""type"": ""Point""
}","{
  ""coordinates"": [
    -83.21945222,
    42.43139016
  ],
  ""type"": ""Point""
}",-83.2194522199999,42.43139016
13928,9353473,MANSFIELD,VERNE,2015-05-17,17,5,2015,18,1,8,9,,,0,,1,1,1,25,2,2,3,5,0,0,0,0,true,,false,false,false,false,false,,,,,,false,false,true,,,false,false,false,false,false,-83.20567,42.41287,"{
  ""coordinates"": [
    -8.320567081500000e+01,
    4.241286770100000e+01
  ],
  ""type"": ""Point""
}","{
  ""coordinates"": [
    -83.205670815,
    42.412867701
  ],
  ""type"": ""Point""
}",-83.205670815,42.412867701
13929,9260703,WYOMING,MCNICHOLS,2015-05-17,17,5,2015,18,1,5,9,,4,0,,1,98,98,25,1,2,1,5,0,0,0,0,true,,false,false,false,false,false,,,,,,false,false,false,,,false,false,false,false,false,-83.16032,42.41693,"{
  ""coordinates"": [
    -8.316031545600001e+01,
    4.241693005900000e+01
  ],
  ""type"": ""Point""
}","{
  ""coordinates"": [
    -83.160315456,
    42.416930059
  ],
  ""type"": ""Point""
}",-83.160315456,42.416930059
13930,9259783,S I 75,RAMP 043C,2015-05-16,16,5,2015,16,7,5,1,,1,0,,1,1,1,55,5,2,3,5,0,0,0,0,true,,false,false,false,false,false,,,,,,false,false,false,,,false,false,false,false,false,-83.04935,42.35302,"{
  ""coordinates"": [
    -8.304934971400000e+01,
    4.235302172400000e+01
  ],
  ""type"": ""Point""
}","{
  ""coordinates"": [
    -83.049349714,
    42.353021724
  ],
  ""type"": ""Point""
}",-83.049349714,42.353021724
13931,9259862,8 MILE,NORWOOD,2015-05-16,16,5,2015,16,7,5,3,,1,0,,1,1,1,35,8,2,2,5,0,0,0,0,true,,false,false,false,false,false,,,,,,false,false,false,,,false,false,false,false,false,-83.06799,42.44721,"{
  ""coordinates"": [
    -8.306798308600000e+01,
    4.244720988200000e+01
  ],
  ""type"": ""Point""
}","{
  ""coordinates"": [
    -83.067983086,
    42.447209882
  ],
  ""type"": ""Point""
}",-83.067983086,42.447209882
13932,9259868,WYOMING,PURITAN,2015-05-16,16,5,2015,23,7,5,9,,4,0,,1,1,4,30,2,6,4,3,0,0,5,1,false,,false,false,false,true,false,,,,,,true,false,false,,,false,false,false,false,false,-83.15998,42.40943,"{
  ""coordinates"": [
    -8.315998299700000e+01,
    4.240942985600000e+01
  ],
  ""type"": ""Point""
}","{
  ""coordinates"": [
    -83.159982997,
    42.409429856
  ],
  ""type"": ""Point""
}",-83.159982997,42.409429856
13933,9265074,TRINITY,OUTER,2015-05-16,16,5,2015,13,7,4,9,,,0,,1,1,1,35,3,2,2,5,0,0,0,0,true,,false,false,true,false,false,,,,,,false,true,false,,,false,false,false,false,false,-83.24812,42.39791,"{
  ""coordinates"": [
    -8.324812577900001e+01,
    4.239791045700010e+01
  ],
  ""type"": ""Point""
}","{
  ""coordinates"": [
    -83.248125779,
    42.397910457
  ],
  ""type"": ""Point""
}",-83.248125779,42.3979104570001
13934,9287876,LAFAYETTE,5TH,2015-05-16,16,5,2015,10,7,97,9,,4,0,,1,1,1,35,4,2,4,5,0,0,0,0,true,,false,false,true,false,false,,,,,,false,true,false,,,false,false,false,false,false,-83.05733,42.3276,"{
  ""coordinates"": [
    -8.305732442199999e+01,
    4.232760278200000e+01
  ],
  ""type"": ""Point""
}","{
  ""coordinates"": [
    -83.057324422,
    42.327602782
  ],
  ""type"": ""Point""
}",-83.057324422,42.327602782
13935,9260672,LAUDER,GROVE,2015-05-16,16,5,2015,17,7,4,9,,,0,,1,2,1,35,2,2,3,4,0,0,0,1,false,,false,false,false,false,false,,,,,,false,false,true,,,false,false,false,false,false,-83.19194,42.41424,"{
  ""coordinates"": [
    -8.319193931900000e+01,
    4.241423794300000e+01
  ],
  ""type"": ""Point""
}","{
  ""coordinates"": [
    -83.191939319,
    42.414237943
  ],
  ""type"": ""Point""
}",-83.191939319,42.414237943
13936,9260717,LINWOOD,WHITNEY,2015-05-16,16,5,2015,2,7,5,9,,4,0,,1,1,5,25,2,2,3,5,0,0,0,0,true,,false,false,true,false,false,,,,,,false,false,true,,,false,false,false,false,false,-83.1022,42.36366,"{
  ""coordinates"": [
    -8.310220244200001e+01,
    4.236365987900010e+01
  ],
  ""type"": ""Point""
}","{
  ""coordinates"": [
    -83.102202442,
    42.363659879
  ],
  ""type"": ""Point""
}",-83.102202442,42.3636598790001
13937,9268049,MOROSS,LAING,2015-05-16,16,5,2015,3,7,5,9,,2,0,,1,1,4,30,3,2,2,5,0,0,0,0,true,,false,false,false,true,false,,,,,,false,false,true,,,false,false,false,false,false,-82.94898,42.43268,"{
  ""coordinates"": [
    -8.294898299999990e+01,
    4.243267776900010e+01
  ],
  ""type"": ""Point""
}","{
  ""coordinates"": [
    -82.948983,
    42.432677769
  ],
  ""type"": ""Point""
}",-82.9489829999999,42.4326777690001
13938,9259777,E I 96,E M 8,2015-05-16,16,5,2015,12,7,1,1,,1,1,,2,2,1,70,4,1,1,3,0,0,1,2,false,,false,false,false,false,false,,,,,,false,false,true,,,false,false,false,false,false,-83.15638,42.38523,"{
  ""coordinates"": [
    -8.315638141200000e+01,
    4.238523079400010e+01
  ],
  ""type"": ""Point""
}","{
  ""coordinates"": [
    -83.156381412,
    42.385230794
  ],
  ""type"": ""Point""
}",-83.156381412,42.3852307940001
13939,9259792,RAMP 041A,I-75,2015-05-16,16,5,2015,10,7,1,1,,1,1,,2,4,1,55,2,1,1,5,0,0,0,0,true,,false,false,false,false,false,,,,,,false,false,false,,,false,false,false,false,false,-83.04377,42.34143,"{
  ""coordinates"": [
    -8.304376683500000e+01,
    4.234142891000000e+01
  ],
  ""type"": ""Point""
}","{
  ""coordinates"": [
    -83.043766835,
    42.34142891
  ],
  ""type"": ""Point""
}",-83.043766835,42.34142891
13940,9258862,I-94,CONNER,2015-05-16,16,5,2015,4,7,1,1,,1,1,,1,1,4,55,3,1,1,5,0,0,0,0,true,,false,false,true,false,false,,,,,,false,false,false,,,false,false,false,false,false,-82.99106,42.39401,"{
  ""coordinates"": [
    -8.299105838199991e+01,
    4.239401119500010e+01
  ],
  ""type"": ""Point""
}","{
  ""coordinates"": [
    -82.991058382,
    42.394011195
  ],
  ""type"": ""Point""
}",-82.9910583819999,42.3940111950001
13941,9259082,EVERGREEN,WARREN,2015-05-16,16,5,2015,12,7,1,9,,4,0,,1,2,1,0,5,2,1,5,0,0,0,0,true,,false,false,false,false,false,,,,,,true,true,false,,,false,false,false,false,false,-83.23538,42.34312,"{
  ""coordinates"": [
    -8.323537872500000e+01,
    4.234312420500000e+01
  ],
  ""type"": ""Point""
}","{
  ""coordinates"": [
    -83.235378725,
    42.343124205
  ],
  ""type"": ""Point""
}",-83.235378725,42.343124205
13942,9353471,PENROD,WHITLOCK,2015-05-16,16,5,2015,15,7,4,9,,,0,,1,1,1,25,2,2,4,5,0,0,0,0,true,,false,false,false,false,false,,,,,,false,false,false,,,false,false,false,false,false,-83.21943,42.33971,"{
  ""coordinates"": [
    -8.321942727800000e+01,
    4.233970928600010e+01
  ],
  ""type"": ""Point""
}","{
  ""coordinates"": [
    -83.219427278,
    42.339709286
  ],
  ""type"": ""Point""
}",-83.219427278,42.3397092860001
13943,9259841,S M 10 SERVICE DRIVE,MONTEREY,2015-05-16,16,5,2015,7,7,5,3,,,0,,2,1,1,55,4,2,1,5,0,0,0,0,true,,false,false,true,false,false,,,,,,false,false,false,,,false,false,false,false,false,-83.10422,42.38999,"{
  ""coordinates"": [
    -8.310421785499990e+01,
    4.238999217700010e+01
  ],
  ""type"": ""Point""
}","{
  ""coordinates"": [
    -83.104217855,
    42.389992177
  ],
  ""type"": ""Point""
}",-83.1042178549999,42.3899921770001
13944,9368746,8 MILE,S M 39,2015-05-16,16,5,2015,12,7,8,3,,1,0,,1,1,1,40,3,2,3,5,0,0,0,0,true,,false,false,true,false,false,,,,,,false,false,true,,,false,false,false,false,false,-83.21972,42.44417,"{
  ""coordinates"": [
    -8.321971614400000e+01,
    4.244417196300000e+01
  ],
  ""type"": ""Point""
}","{
  ""coordinates"": [
    -83.219716144,
    42.444171963
  ],
  ""type"": ""Point""
}",-83.219716144,42.444171963
13945,9259079,KEELER,BIRWOOD,2015-05-16,16,5,2015,5,7,4,9,,,0,,1,2,4,25,2,2,3,3,0,0,1,0,false,,false,false,true,false,false,,,,,,false,false,true,,,false,false,false,false,false,-83.16412,42.40419,"{
  ""coordinates"": [
    -8.316412371699990e+01,
    4.240419119800000e+01
  ],
  ""type"": ""Point""
}","{
  ""coordinates"": [
    -83.164123717,
    42.404191198
  ],
  ""type"": ""Point""
}",-83.1641237169999,42.404191198
13946,9258855,I-96,JOY,2015-05-16,16,5,2015,9,7,1,1,,1,1,,2,4,1,55,4,1,1,5,0,0,0,0,true,,false,false,false,false,false,,,,,,false,false,false,,,false,false,false,false,false,-83.13986,42.36777,"{
  ""coordinates"": [
    -8.313986464399990e+01,
    4.236777554500000e+01
  ],
  ""type"": ""Point""
}","{
  ""coordinates"": [
    -83.139864644,
    42.367775545
  ],
  ""type"": ""Point""
}",-83.1398646439999,42.367775545
13947,9267338,E I 96,FULLERTON,2015-05-16,16,5,2015,22,7,5,1,,1,0,,1,1,4,55,4,2,3,5,0,0,0,0,true,,false,false,true,false,false,,,,,,false,false,true,,,false,false,false,false,false,-83.14682,42.38077,"{
  ""coordinates"": [
    -8.314681845599991e+01,
    4.238076852600010e+01
  ],
  ""type"": ""Point""
}","{
  ""coordinates"": [
    -83.146818456,
    42.380768526
  ],
  ""type"": ""Point""
}",-83.1468184559999,42.3807685260001
13948,9262015,PICKFORD,WINSTON,2015-05-16,16,5,2015,11,7,97,9,,,0,,1,2,1,25,2,2,2,5,0,0,0,0,true,,true,false,false,false,false,,,,,,false,false,true,,,false,false,false,false,false,-83.28364,42.42335,"{
  ""coordinates"": [
    -8.328363636700000e+01,
    4.242335234600010e+01
  ],
  ""type"": ""Point""
}","{
  ""coordinates"": [
    -83.283636367,
    42.423352346
  ],
  ""type"": ""Point""
}",-83.283636367,42.4233523460001
13949,9261896,S M 10,RAMP 108A,2015-05-16,16,5,2015,22,7,97,3,,1,0,,1,1,4,55,3,2,2,4,0,0,0,1,false,,false,false,true,false,false,,,,,,false,false,false,,,false,false,false,false,false,-83.13186,42.40497,"{
  ""coordinates"": [
    -8.313186149200000e+01,
    4.240497295300000e+01
  ],
  ""type"": ""Point""
}","{
  ""coordinates"": [
    -83.131861492,
    42.404972953
  ],
  ""type"": ""Point""
}",-83.131861492,42.404972953
13950,9259853,GRATIOT,FLANDERS,2015-05-16,16,5,2015,19,7,4,3,,1,0,,1,1,1,35,7,2,4,4,0,0,0,1,false,,false,false,false,false,false,,,,,,false,false,false,,,false,false,false,false,false,-82.99249,42.41256,"{
  ""coordinates"": [
    -8.299248320700001e+01,
    4.241256270100010e+01
  ],
  ""type"": ""Point""
}","{
  ""coordinates"": [
    -82.992483207,
    42.412562701
  ],
  ""type"": ""Point""
}",-82.992483207,42.4125627010001
13951,9284696,PARKINSON,MICHIGAN,2015-05-16,16,5,2015,22,7,5,2,,,3,,1,1,4,0,3,2,1,5,0,0,0,0,true,,false,false,true,false,false,,,,,,false,false,false,,,false,false,false,false,false,-83.13181,42.33102,"{
  ""coordinates"": [
    -8.313181335900001e+01,
    4.233102464500010e+01
  ],
  ""type"": ""Point""
}","{
  ""coordinates"": [
    -83.131813359,
    42.331024645
  ],
  ""type"": ""Point""
}",-83.131813359,42.3310246450001
13952,9260682,LITTLEFIELD,WARD,2015-05-16,16,5,2015,2,7,97,9,,,0,,1,1,4,35,2,3,1,5,0,0,0,0,true,,false,false,false,false,false,,,,,,false,false,false,,,false,false,false,false,false,-83.17297,42.3554,"{
  ""coordinates"": [
    -8.317297316400000e+01,
    4.235539656600000e+01
  ],
  ""type"": ""Point""
}","{
  ""coordinates"": [
    -83.172973164,
    42.355396566
  ],
  ""type"": ""Point""
}",-83.172973164,42.355396566
13953,9259035,DICKERSON,CHANDLER PARK,2015-05-16,16,5,2015,17,7,4,9,,4,0,,1,1,1,30,4,2,4,5,0,0,0,0,true,,false,false,false,false,false,,,,,,false,false,true,,,false,false,false,false,false,-82.97038,42.39737,"{
  ""coordinates"": [
    -8.297038545600000e+01,
    4.239737212000010e+01
  ],
  ""type"": ""Point""
}","{
  ""coordinates"": [
    -82.970385456,
    42.39737212
  ],
  ""type"": ""Point""
}",-82.970385456,42.3973721200001
13954,9402781,GRAND,BRUSH,2015-05-16,16,5,2015,11,7,4,9,,4,0,,2,4,1,25,3,2,5,5,0,0,0,0,true,,false,false,false,false,false,,,,,,false,false,false,,,false,false,false,false,false,-83.06864,42.37189,"{
  ""coordinates"": [
    -8.306864050300000e+01,
    4.237189518600010e+01
  ],
  ""type"": ""Point""
}","{
  ""coordinates"": [
    -83.068640503,
    42.371895186
  ],
  ""type"": ""Point""
}",-83.068640503,42.3718951860001
13955,9259068,ASBURY,SANTA MARIA,2015-05-16,16,5,2015,12,7,4,9,,4,0,,1,1,1,25,2,2,3,5,0,0,0,0,true,,false,false,true,false,false,,,,,,false,false,false,,,false,false,false,false,false,-83.20907,42.41758,"{
  ""coordinates"": [
    -8.320907018799990e+01,
    4.241758140500010e+01
  ],
  ""type"": ""Point""
}","{
  ""coordinates"": [
    -83.209070188,
    42.417581405
  ],
  ""type"": ""Point""
}",-83.2090701879999,42.4175814050001
13956,9288754,PETOSKEY,BOSTON,2015-05-16,16,5,2015,22,7,97,9,,,0,,2,4,4,25,2,2,0,5,0,0,0,0,true,,false,false,true,false,false,,,,,,false,false,false,,,false,false,false,false,false,-83.12531,42.37325,"{
  ""coordinates"": [
    -8.312530196900001e+01,
    4.237324676200010e+01
  ],
  ""type"": ""Point""
}","{
  ""coordinates"": [
    -83.125301969,
    42.373246762
  ],
  ""type"": ""Point""
}",-83.125301969,42.3732467620001
13957,9259791,I-75,DAVISON,2015-05-16,16,5,2015,9,7,97,1,,1,3,,2,4,1,70,4,2,2,5,0,0,0,0,true,,false,false,false,false,false,,,,,,false,false,false,,,false,false,false,false,false,-83.07265,42.40356,"{
  ""coordinates"": [
    -8.307265155000000e+01,
    4.240356595900000e+01
  ],
  ""type"": ""Point""
}","{
  ""coordinates"": [
    -83.07265155,
    42.403565959
  ],
  ""type"": ""Point""
}",-83.07265155,42.403565959
13958,9258887,N/B M-10,JEFFERSON,2015-05-16,16,5,2015,12,7,8,3,,1,0,,1,2,1,55,3,2,1,5,0,0,0,0,true,,false,false,true,false,false,,,,,,false,false,false,,,false,false,false,false,false,-83.04208,42.32991,"{
  ""coordinates"": [
    -8.304208058200000e+01,
    4.232991292500000e+01
  ],
  ""type"": ""Point""
}","{
  ""coordinates"": [
    -83.042080582,
    42.329912925
  ],
  ""type"": ""Point""
}",-83.042080582,42.329912925
13959,9399413,EIGHT MILE,GRANDVILLE,2015-05-16,16,5,2015,1,7,5,3,,1,0,,1,1,4,40,4,2,1,5,0,0,0,0,true,,false,false,true,false,false,,,,,,false,false,false,,,false,false,false,false,false,-83.23318,42.44388,"{
  ""coordinates"": [
    -8.323317733800000e+01,
    4.244388119900000e+01
  ],
  ""type"": ""Point""
}","{
  ""coordinates"": [
    -83.233177338,
    42.443881199
  ],
  ""type"": ""Point""
}",-83.233177338,42.443881199
13960,9260712,DAVISON CROSSOVER,I 96,2015-05-16,16,5,2015,3,7,4,3,,1,0,,1,1,4,35,3,2,4,4,0,0,0,2,false,,true,true,false,true,false,,,,,,false,false,true,,,false,false,false,false,false,-83.15171,42.38461,"{
  ""coordinates"": [
    -8.315171326699991e+01,
    4.238461257600010e+01
  ],
  ""type"": ""Point""
}","{
  ""coordinates"": [
    -83.151713267,
    42.384612576
  ],
  ""type"": ""Point""
}",-83.1517132669999,42.3846125760001
13961,9261322,CAHALAN,CENTRAL,2015-05-16,16,5,2015,1,7,8,9,,,0,,1,98,4,25,1,2,0,5,0,0,0,0,true,,false,false,true,false,false,,,,,,false,false,false,,,false,false,false,false,false,-83.12125,42.30952,"{
  ""coordinates"": [
    -8.312124365299999e+01,
    4.230952106300000e+01
  ],
  ""type"": ""Point""
}","{
  ""coordinates"": [
    -83.121243653,
    42.309521063
  ],
  ""type"": ""Point""
}",-83.121243653,42.309521063
13962,9265137,7 MILE,I 75 SERVICE,2015-05-16,16,5,2015,21,7,8,1,,1,0,,1,1,4,30,3,2,2,5,0,0,0,0,true,,false,false,false,false,false,,,,,,false,false,true,,,false,false,false,false,false,-83.09428,42.43364,"{
  ""coordinates"": [
    -8.309428287000000e+01,
    4.243363607900010e+01
  ],
  ""type"": ""Point""
}","{
  ""coordinates"": [
    -83.09428287,
    42.433636079
  ],
  ""type"": ""Point""
}",-83.09428287,42.4336360790001
13963,9259064,MCNICHOLS,RUTHERFORD,2015-05-16,16,5,2015,7,7,5,9,,2,0,,2,4,1,35,4,3,1,5,0,0,0,0,true,,false,false,false,false,false,,,,,,false,false,false,,,false,false,false,false,false,-83.20454,42.41585,"{
  ""coordinates"": [
    -8.320454288400001e+01,
    4.241585285200010e+01
  ],
  ""type"": ""Point""
}","{
  ""coordinates"": [
    -83.204542884,
    42.415852852
  ],
  ""type"": ""Point""
}",-83.204542884,42.4158528520001
13964,9259843,GRENENFIELD N/B,JOY,2015-05-16,16,5,2015,2,7,1,9,,2,1,,1,1,4,35,5,1,2,3,0,0,2,0,false,,false,false,false,false,false,,,,,,false,false,false,,,false,false,false,false,false,-83.19706,42.3595,"{
  ""coordinates"": [
    -8.319706328699991e+01,
    4.235949734400000e+01
  ],
  ""type"": ""Point""
}","{
  ""coordinates"": [
    -83.197063287,
    42.359497344
  ],
  ""type"": ""Point""
}",-83.1970632869999,42.359497344
13965,9260700,MCDOUGALL,CHARLEVOIX,2015-05-16,16,5,2015,16,7,5,9,,4,0,,1,1,1,30,2,2,1,5,0,0,0,0,true,,false,false,true,false,false,,,,,,false,false,false,,,false,false,false,false,false,-83.02718,42.35439,"{
  ""coordinates"": [
    -8.302717850499990e+01,
    4.235439042300000e+01
  ],
  ""type"": ""Point""
}","{
  ""coordinates"": [
    -83.027178505,
    42.354390423
  ],
  ""type"": ""Point""
}",-83.0271785049999,42.354390423
13966,9260685,JOY,WYOMING,2015-05-16,16,5,2015,18,7,1,9,,4,0,,1,1,1,30,8,1,1,5,0,0,0,0,true,,false,false,false,false,false,,,,,,false,false,true,,,false,false,false,false,false,-83.15759,42.35889,"{
  ""coordinates"": [
    -8.315758779500000e+01,
    4.235889555600000e+01
  ],
  ""type"": ""Point""
}","{
  ""coordinates"": [
    -83.157587795,
    42.358895556
  ],
  ""type"": ""Point""
}",-83.157587795,42.358895556
13967,9259859,CONNER,EVANSTON,2015-05-16,16,5,2015,22,7,1,9,,4,1,,1,1,4,35,5,1,0,5,0,0,0,0,true,,false,false,true,false,false,,,,,,false,false,false,,,false,false,false,false,false,-82.99021,42.39788,"{
  ""coordinates"": [
    -8.299021035600001e+01,
    4.239788196800000e+01
  ],
  ""type"": ""Point""
}","{
  ""coordinates"": [
    -82.990210356,
    42.397881968
  ],
  ""type"": ""Point""
}",-82.990210356,42.397881968
13968,9292365,PLYMOUTH,ASHTON,2015-05-16,16,5,2015,0,7,1,9,,4,1,,2,2,5,35,2,1,1,5,0,0,0,0,true,,false,false,true,false,false,,,,,,false,false,true,,,false,false,false,false,false,-83.21616,42.37226,"{
  ""coordinates"": [
    -8.321615908900000e+01,
    4.237225955100010e+01
  ],
  ""type"": ""Point""
}","{
  ""coordinates"": [
    -83.216159089,
    42.372259551
  ],
  ""type"": ""Point""
}",-83.216159089,42.3722595510001
13969,9259861,8 MILE,ALBANY,2015-05-16,16,5,2015,17,7,8,3,,1,0,,1,1,1,40,3,2,4,5,0,0,0,0,true,,false,false,false,false,false,,,,,,false,false,false,,,false,false,false,false,false,-83.04594,42.44771,"{
  ""coordinates"": [
    -8.304593623800000e+01,
    4.244770720400000e+01
  ],
  ""type"": ""Point""
}","{
  ""coordinates"": [
    -83.045936238,
    42.447707204
  ],
  ""type"": ""Point""
}",-83.045936238,42.447707204
13970,9259170,N SCHAEFER/S I 75,029F,2015-05-16,16,5,2015,12,7,5,1,,1,0,,1,1,1,35,1,2,2,5,0,0,0,0,true,,false,false,false,false,false,,,,,,false,false,false,,,false,false,false,false,false,-83.15819,42.27814,"{
  ""coordinates"": [
    -8.315818932500000e+01,
    4.227814151500010e+01
  ],
  ""type"": ""Point""
}","{
  ""coordinates"": [
    -83.158189325,
    42.278141515
  ],
  ""type"": ""Point""
}",-83.158189325,42.2781415150001
13971,9259786,JEFFERSON,GRISWOLD,2015-05-16,16,5,2015,12,7,8,3,,1,0,,2,1,1,55,3,2,1,5,0,0,0,0,true,,false,false,true,false,false,,,,,,false,false,false,,,false,false,false,false,false,-83.04527,42.3282,"{
  ""coordinates"": [
    -8.304527189399990e+01,
    4.232819560300000e+01
  ],
  ""type"": ""Point""
}","{
  ""coordinates"": [
    -83.045271894,
    42.328195603
  ],
  ""type"": ""Point""
}",-83.0452718939999,42.328195603
13972,9287828,LAHSER,REDFORD,2015-05-16,16,5,2015,20,7,4,9,,2,0,,1,1,1,35,2,2,2,4,0,0,0,1,false,,false,false,false,false,false,,,,,,false,false,false,,,false,false,false,false,false,-83.25777,42.41793,"{
  ""coordinates"": [
    -8.325777799399999e+01,
    4.241792756600010e+01
  ],
  ""type"": ""Point""
}","{
  ""coordinates"": [
    -83.257777994,
    42.417927566
  ],
  ""type"": ""Point""
}",-83.257777994,42.4179275660001
13973,9591335,DAVISON,EWALD,2015-05-16,16,5,2015,23,7,5,3,,1,0,,1,1,4,35,4,2,3,4,0,0,0,1,false,,false,false,false,false,false,,,,,,false,false,true,,,false,false,false,false,false,-83.14555,42.38625,"{
  ""coordinates"": [
    -8.314554733700000e+01,
    4.238624880800010e+01
  ],
  ""type"": ""Point""
}","{
  ""coordinates"": [
    -83.145547337,
    42.386248808
  ],
  ""type"": ""Point""
}",-83.145547337,42.3862488080001
13974,9260725,SCHAEFER,JAMES COUZENS,2015-05-16,16,5,2015,18,7,8,9,,4,0,,1,1,1,35,2,2,2,5,0,0,0,0,true,,false,false,false,false,false,,,,,,false,true,false,,,false,false,false,false,false,-83.18018,42.42461,"{
  ""coordinates"": [
    -8.318017545600000e+01,
    4.242461131500000e+01
  ],
  ""type"": ""Point""
}","{
  ""coordinates"": [
    -83.180175456,
    42.424611315
  ],
  ""type"": ""Point""
}",-83.180175456,42.424611315