ObjectId,Crash ID,Primary Road,Intersecting Road,Crash Date,Day,Month,Year,Hour,Weekday,Crash Type Code,Highway Classification Code,Community Code,Jurisdiction Code,Lane Departure Type Code,Surface Type,Road Condition,Weather Condition,Lighting Condition,Speed Limit,Lanes,Units,Occupants,Most Severe Injury,Fatal Injuries,Suspected Serious Injuries,Suspected Minor Injuries,Possible Injuries,Property Damage Only,Secondary Crash,Traffic Control,Red Light Run,Hit and Run,Alcohol,Drugs,Unbelted Person,Work Zone,Speeding Driver,Distracted Driver,Driveway,Pedestrian,Elderly Driver,Young Driver,Commercial Vehicle,Emergency Vehicles,Train,School Bus,Motorcycle,Bicycle,Deer,Longitude,Latitude,geom,geog,x,y
14032,9261915,I-75,MACK,2015-05-15,15,5,2015,23,6,5,1,,1,0,,1,1,5,70,5,3,5,4,0,0,0,1,false,,false,false,true,false,false,,,,,,false,false,true,,,false,false,false,false,false,-83.04903,42.35254,"{
  ""coordinates"": [
    -8.304903484999990e+01,
    4.235253871300010e+01
  ],
  ""type"": ""Point""
}","{
  ""coordinates"": [
    -83.04903485,
    42.352538713
  ],
  ""type"": ""Point""
}",-83.0490348499999,42.3525387130001
14033,9259845,SCHOOLCRAFT,ASBURY,2015-05-15,15,5,2015,0,6,2,9,,2,0,,1,1,4,35,2,2,2,5,0,0,0,0,true,,false,false,false,false,false,,,,,,false,false,true,,,false,false,false,false,false,-83.20778,42.38687,"{
  ""coordinates"": [
    -8.320777923700000e+01,
    4.238686810400000e+01
  ],
  ""type"": ""Point""
}","{
  ""coordinates"": [
    -83.207779237,
    42.386868104
  ],
  ""type"": ""Point""
}",-83.207779237,42.386868104
14034,9262027,8 MILE,MACKAY,2015-05-15,15,5,2015,11,6,1,3,,1,0,,2,2,1,40,3,2,0,4,0,0,0,1,false,,false,false,true,false,false,,,,,,true,false,false,,,false,false,false,false,false,-83.07653,42.44711,"{
  ""coordinates"": [
    -8.307653388900000e+01,
    4.244710635200000e+01
  ],
  ""type"": ""Point""
}","{
  ""coordinates"": [
    -83.076533889,
    42.447106352
  ],
  ""type"": ""Point""
}",-83.076533889,42.447106352
14035,9258836,M-10,GRAND RIVER,2015-05-15,15,5,2015,12,6,8,3,,1,0,,1,2,1,55,3,2,1,5,0,0,0,0,true,,false,false,false,false,false,,,,,,false,false,false,,,false,false,false,false,false,-83.06632,42.33963,"{
  ""coordinates"": [
    -8.306632145200000e+01,
    4.233962885800000e+01
  ],
  ""type"": ""Point""
}","{
  ""coordinates"": [
    -83.066321452,
    42.339628858
  ],
  ""type"": ""Point""
}",-83.066321452,42.339628858
14036,9286207,ROSSINI,HAYES,2015-05-15,15,5,2015,15,6,4,9,,,0,,1,1,1,0,4,2,1,5,0,0,0,0,true,,true,false,true,false,false,,,,,,false,false,true,,,false,false,false,false,false,-82.96569,42.44363,"{
  ""coordinates"": [
    -8.296569095400000e+01,
    4.244362560300000e+01
  ],
  ""type"": ""Point""
}","{
  ""coordinates"": [
    -82.965690954,
    42.443625603
  ],
  ""type"": ""Point""
}",-82.965690954,42.443625603
14037,9261310,GILBERT,HORATIO,2015-05-15,15,5,2015,19,6,4,9,,,0,,1,1,1,25,2,2,2,5,0,0,0,0,true,,false,false,true,false,false,,,,,,false,false,false,,,false,false,false,false,false,-83.12515,42.33533,"{
  ""coordinates"": [
    -8.312515617199990e+01,
    4.233533616300010e+01
  ],
  ""type"": ""Point""
}","{
  ""coordinates"": [
    -83.125156172,
    42.335336163
  ],
  ""type"": ""Point""
}",-83.1251561719999,42.3353361630001
14038,9287591,I75,SCHAEFER,2015-05-15,15,5,2015,6,6,1,1,,1,1,,2,4,1,70,3,1,1,4,0,0,0,1,false,,false,false,false,false,false,,,,,,false,false,false,,,false,false,false,false,false,-83.15808,42.27655,"{
  ""coordinates"": [
    -8.315807819199991e+01,
    4.227654840700010e+01
  ],
  ""type"": ""Point""
}","{
  ""coordinates"": [
    -83.158078192,
    42.276548407
  ],
  ""type"": ""Point""
}",-83.1580781919999,42.2765484070001
14039,9259041,WARREN,GREENFIELD,2015-05-15,15,5,2015,11,6,4,9,,1,0,,1,2,1,35,4,2,5,4,0,0,0,2,false,,false,false,false,false,false,,,,,,false,false,false,,,false,false,false,false,false,-83.19628,42.34366,"{
  ""coordinates"": [
    -8.319627936599990e+01,
    4.234366346800000e+01
  ],
  ""type"": ""Point""
}","{
  ""coordinates"": [
    -83.196279366,
    42.343663468
  ],
  ""type"": ""Point""
}",-83.1962793659999,42.343663468
14040,9288745,ALLENDALE,NORTHFIELD,2015-05-15,15,5,2015,16,6,97,9,,,0,,1,1,1,25,2,3,1,5,0,0,0,0,true,,false,false,false,false,false,,,,,,false,true,false,,,false,false,false,false,false,-83.12664,42.35341,"{
  ""coordinates"": [
    -8.312664062899999e+01,
    4.235340866900000e+01
  ],
  ""type"": ""Point""
}","{
  ""coordinates"": [
    -83.126640629,
    42.353408669
  ],
  ""type"": ""Point""
}",-83.126640629,42.353408669
14041,9260665,JEFFERSON,GRISWOLD,2015-05-15,15,5,2015,6,6,5,3,,1,0,,2,2,1,30,3,2,2,4,0,0,0,1,false,,false,false,false,false,false,,,,,,false,false,false,,,false,false,false,false,false,-83.0452,42.32822,"{
  ""coordinates"": [
    -8.304520117500000e+01,
    4.232822114600000e+01
  ],
  ""type"": ""Point""
}","{
  ""coordinates"": [
    -83.045201175,
    42.328221146
  ],
  ""type"": ""Point""
}",-83.045201175,42.328221146
14042,9286179,GRAND,N M 10,2015-05-15,15,5,2015,15,6,4,9,,4,0,,1,2,1,30,6,2,2,5,0,0,0,0,true,,false,false,false,false,false,,,,,,false,false,true,,,false,false,false,false,false,-83.08167,42.36702,"{
  ""coordinates"": [
    -8.308166967999991e+01,
    4.236702398400010e+01
  ],
  ""type"": ""Point""
}","{
  ""coordinates"": [
    -83.08166968,
    42.367023984
  ],
  ""type"": ""Point""
}",-83.0816696799999,42.3670239840001
14043,9258838,I-75,WARREN,2015-05-15,15,5,2015,15,6,5,1,,1,0,,1,2,1,55,4,5,5,5,0,0,0,0,true,,false,false,false,false,false,,,,,,false,true,true,,,false,false,false,false,false,-83.05341,42.3596,"{
  ""coordinates"": [
    -8.305340215599990e+01,
    4.235959870000000e+01
  ],
  ""type"": ""Point""
}","{
  ""coordinates"": [
    -83.053402156,
    42.3595987
  ],
  ""type"": ""Point""
}",-83.0534021559999,42.3595987
14044,9258850,E I 96,SOUTHFIELD SERVICE DRIVE,2015-05-15,15,5,2015,19,6,8,1,,1,0,,1,1,1,70,3,2,1,5,0,0,0,0,true,,false,false,true,false,false,,,,,,false,false,false,,,false,false,false,false,false,-83.21821,42.37859,"{
  ""coordinates"": [
    -8.321820851900000e+01,
    4.237859446800010e+01
  ],
  ""type"": ""Point""
}","{
  ""coordinates"": [
    -83.218208519,
    42.378594468
  ],
  ""type"": ""Point""
}",-83.218208519,42.3785944680001
14045,9260660,CASS,PETERBORO,2015-05-15,15,5,2015,9,6,5,9,,4,0,,2,4,1,30,2,2,2,5,0,0,0,0,true,,false,false,false,false,false,,,,,,false,false,false,,,false,false,false,false,false,-83.06007,42.34446,"{
  ""coordinates"": [
    -8.306007158499990e+01,
    4.234445533700010e+01
  ],
  ""type"": ""Point""
}","{
  ""coordinates"": [
    -83.060071585,
    42.344455337
  ],
  ""type"": ""Point""
}",-83.0600715849999,42.3444553370001
14046,9260666,JEFFERSON,DUBOIS,2015-05-15,15,5,2015,6,6,5,9,,4,0,,2,2,1,30,3,2,1,4,0,0,0,1,false,,false,false,true,false,false,,,,,,false,false,false,,,false,false,false,false,false,-83.02464,42.33738,"{
  ""coordinates"": [
    -8.302464533499990e+01,
    4.233737533200010e+01
  ],
  ""type"": ""Point""
}","{
  ""coordinates"": [
    -83.024645335,
    42.337375332
  ],
  ""type"": ""Point""
}",-83.0246453349999,42.3373753320001
14047,9258837,M-39,MCNICHOLS,2015-05-15,15,5,2015,13,6,5,3,,1,0,,1,2,1,55,3,2,2,5,0,0,0,0,true,,false,false,false,false,false,,,,,,false,true,false,,,false,false,false,false,false,-83.2187,42.41583,"{
  ""coordinates"": [
    -8.321870626899990e+01,
    4.241582873000000e+01
  ],
  ""type"": ""Point""
}","{
  ""coordinates"": [
    -83.218706269,
    42.41582873
  ],
  ""type"": ""Point""
}",-83.2187062689999,42.41582873
14048,9259030,WOODWARD,HAZELWOOD,2015-05-15,15,5,2015,12,6,5,3,,1,0,,1,2,1,30,7,2,2,4,0,0,0,1,false,,false,false,false,false,false,,,,,,false,false,false,,,false,false,false,false,false,-83.08069,42.38127,"{
  ""coordinates"": [
    -8.308068977100000e+01,
    4.238126848000010e+01
  ],
  ""type"": ""Point""
}","{
  ""coordinates"": [
    -83.080689771,
    42.38126848
  ],
  ""type"": ""Point""
}",-83.080689771,42.3812684800001
14049,9259062,ASBURY,ST MARTIN,2015-05-15,15,5,2015,20,6,8,9,,4,0,,1,1,2,25,2,2,3,5,0,0,0,0,true,,false,false,false,false,false,,,,,,false,true,true,,,false,false,false,false,false,-83.20979,42.4355,"{
  ""coordinates"": [
    -8.320978520999989e+01,
    4.243550116200000e+01
  ],
  ""type"": ""Point""
}","{
  ""coordinates"": [
    -83.20978521,
    42.435501162
  ],
  ""type"": ""Point""
}",-83.2097852099999,42.435501162
14050,9368689,8 MILE,MOHICAN,2015-05-15,15,5,2015,16,6,4,3,,1,0,,1,2,1,40,6,2,1,5,0,0,0,0,true,,false,false,true,false,false,,,,,,false,false,false,,,false,false,false,false,false,-82.97101,42.44967,"{
  ""coordinates"": [
    -8.297100870299990e+01,
    4.244966391600010e+01
  ],
  ""type"": ""Point""
}","{
  ""coordinates"": [
    -82.971008703,
    42.449663916
  ],
  ""type"": ""Point""
}",-82.9710087029999,42.4496639160001
14051,9261319,FORT,SCHAEFER,2015-05-14,14,5,2015,10,5,8,3,,1,0,,1,1,1,30,2,2,2,5,0,0,0,0,true,,false,false,false,false,false,,,,,,false,false,false,,,false,false,false,false,false,-83.15421,42.2774,"{
  ""coordinates"": [
    -8.315420154100001e+01,
    4.227740257200000e+01
  ],
  ""type"": ""Point""
}","{
  ""coordinates"": [
    -83.154201541,
    42.277402572
  ],
  ""type"": ""Point""
}",-83.154201541,42.277402572
14052,9259071,HEYDEN,PILGRAM,2015-05-14,14,5,2015,21,5,97,9,,,0,,1,1,4,25,2,3,1,4,0,0,0,1,false,,false,false,true,false,false,,,,,,false,false,false,,,false,false,false,false,false,-83.23976,42.40591,"{
  ""coordinates"": [
    -8.323975789500000e+01,
    4.240590929300000e+01
  ],
  ""type"": ""Point""
}","{
  ""coordinates"": [
    -83.239757895,
    42.405909293
  ],
  ""type"": ""Point""
}",-83.239757895,42.405909293
14053,9308593,SAINT JEAN,SHOEMAKER,2015-05-14,14,5,2015,15,5,6,9,,4,0,,1,1,1,30,3,2,2,5,0,0,0,0,true,,false,false,false,false,false,,,,,,false,false,false,,,false,false,false,false,false,-82.98576,42.39022,"{
  ""coordinates"": [
    -8.298576691999990e+01,
    4.239021592500010e+01
  ],
  ""type"": ""Point""
}","{
  ""coordinates"": [
    -82.98576692,
    42.390215925
  ],
  ""type"": ""Point""
}",-82.9857669199999,42.3902159250001
14054,9258996,FREDA,TIREMAN,2015-05-14,14,5,2015,16,5,97,9,,,0,,1,1,1,25,2,2,0,5,0,0,0,0,true,,false,false,true,false,false,,,,,,false,false,false,,,false,false,false,false,false,-83.15977,42.35168,"{
  ""coordinates"": [
    -8.315976506299999e+01,
    4.235167934300010e+01
  ],
  ""type"": ""Point""
}","{
  ""coordinates"": [
    -83.159765063,
    42.351679343
  ],
  ""type"": ""Point""
}",-83.159765063,42.3516793430001
14055,9269210,CARPENTER,CHAREST,2015-05-14,14,5,2015,10,5,4,9,,4,0,,1,1,1,25,2,2,2,3,0,0,1,0,false,,false,false,false,false,false,,,,,,false,false,false,,,false,false,false,false,false,-83.06125,42.40745,"{
  ""coordinates"": [
    -8.306124748300000e+01,
    4.240744701400010e+01
  ],
  ""type"": ""Point""
}","{
  ""coordinates"": [
    -83.061247483,
    42.407447014
  ],
  ""type"": ""Point""
}",-83.061247483,42.4074470140001
14056,9259080,OUTER,S M 10,2015-05-14,14,5,2015,13,5,4,9,,2,0,,1,1,1,35,4,2,1,4,0,0,0,1,false,,false,false,true,false,false,,,,,,false,false,true,,,false,false,false,false,false,-83.19356,42.41993,"{
  ""coordinates"": [
    -8.319355553600001e+01,
    4.241993097100000e+01
  ],
  ""type"": ""Point""
}","{
  ""coordinates"": [
    -83.193555536,
    42.419930971
  ],
  ""type"": ""Point""
}",-83.193555536,42.419930971
14057,9335715,MACK,CONNER,2015-05-14,14,5,2015,17,5,9,9,,4,2,,1,1,1,30,2,2,3,5,0,0,0,0,true,,false,false,false,false,false,,,,,,false,false,false,,,false,true,false,false,false,-82.96776,42.3837,"{
  ""coordinates"": [
    -8.296775638500000e+01,
    4.238369859400010e+01
  ],
  ""type"": ""Point""
}","{
  ""coordinates"": [
    -82.967756385,
    42.383698594
  ],
  ""type"": ""Point""
}",-82.967756385,42.3836985940001
14058,9260579,RAMP 044A,N I 75,2015-05-14,14,5,2015,16,5,5,1,,1,0,,1,2,1,55,4,2,2,5,0,0,0,0,true,,false,false,false,false,false,,,,,,false,false,true,,,false,false,false,false,false,-83.05176,42.35712,"{
  ""coordinates"": [
    -8.305175482100000e+01,
    4.235712344200000e+01
  ],
  ""type"": ""Point""
}","{
  ""coordinates"": [
    -83.051754821,
    42.357123442
  ],
  ""type"": ""Point""
}",-83.051754821,42.357123442
14059,9257949,CONANT,CHARLES,2015-05-14,14,5,2015,16,5,4,9,,4,0,,1,1,1,30,2,2,2,5,0,0,0,0,true,,false,false,false,false,false,,,,,,false,true,false,,,false,false,false,false,false,-83.05885,42.41162,"{
  ""coordinates"": [
    -8.305884894300000e+01,
    4.241162264600010e+01
  ],
  ""type"": ""Point""
}","{
  ""coordinates"": [
    -83.058848943,
    42.411622646
  ],
  ""type"": ""Point""
}",-83.058848943,42.4116226460001
14060,9260528,008K,008M,2015-05-14,14,5,2015,16,5,5,1,,1,0,,1,2,1,55,2,2,4,5,0,0,0,0,true,,false,false,false,false,false,,,,,,false,false,true,,,false,false,false,false,false,-83.2208,42.37807,"{
  ""coordinates"": [
    -8.322080458100000e+01,
    4.237806841600010e+01
  ],
  ""type"": ""Point""
}","{
  ""coordinates"": [
    -83.220804581,
    42.378068416
  ],
  ""type"": ""Point""
}",-83.220804581,42.3780684160001
14061,9288760,N M 10,LIVERNOIS,2015-05-14,14,5,2015,15,5,5,3,,1,0,,1,1,1,55,3,2,2,5,0,0,0,0,true,,false,false,false,false,false,,,,,,false,false,false,,,false,false,false,false,false,-83.14023,42.40496,"{
  ""coordinates"": [
    -8.314023071699999e+01,
    4.240495567600000e+01
  ],
  ""type"": ""Point""
}","{
  ""coordinates"": [
    -83.140230717,
    42.404955676
  ],
  ""type"": ""Point""
}",-83.140230717,42.404955676
14062,9259067,EIGHT MILE,BERG,2015-05-14,14,5,2015,16,5,97,3,,1,0,,1,1,1,35,4,1,2,5,0,0,0,0,true,,false,false,false,false,false,,,,,,false,false,false,,,false,true,false,false,false,-83.26883,42.44298,"{
  ""coordinates"": [
    -8.326883167299999e+01,
    4.244298295500000e+01
  ],
  ""type"": ""Point""
}","{
  ""coordinates"": [
    -83.268831673,
    42.442982955
  ],
  ""type"": ""Point""
}",-83.268831673,42.442982955
14063,9260653,JEFFERSON,BALWIN,2015-05-14,14,5,2015,15,5,5,9,,4,0,,1,1,1,35,3,2,2,5,0,0,0,0,true,,false,false,false,false,false,,,,,,false,false,false,,,false,false,false,false,false,-82.9977,42.34958,"{
  ""coordinates"": [
    -8.299769467899991e+01,
    4.234957403200010e+01
  ],
  ""type"": ""Point""
}","{
  ""coordinates"": [
    -82.997694679,
    42.349574032
  ],
  ""type"": ""Point""
}",-82.9976946789999,42.3495740320001
14064,9257929,7 MILE,VAUGHAN,2015-05-14,14,5,2015,15,5,5,9,,2,0,,1,1,1,35,5,2,3,5,0,0,0,0,true,,false,false,false,false,false,,,,,,false,false,false,,,false,false,false,false,false,-83.23978,42.42955,"{
  ""coordinates"": [
    -8.323977660600001e+01,
    4.242954779900000e+01
  ],
  ""type"": ""Point""
}","{
  ""coordinates"": [
    -83.239776606,
    42.429547799
  ],
  ""type"": ""Point""
}",-83.239776606,42.429547799
14065,9259042,TIREMAN,BRAILE,2015-05-14,14,5,2015,21,5,1,9,,4,0,,1,1,5,25,2,2,2,5,0,0,0,0,true,,false,false,false,false,false,,,,,,false,false,false,,,false,false,false,true,false,-83.24296,42.3502,"{
  ""coordinates"": [
    -8.324296057899990e+01,
    4.235020147500010e+01
  ],
  ""type"": ""Point""
}","{
  ""coordinates"": [
    -83.242960579,
    42.350201475
  ],
  ""type"": ""Point""
}",-83.2429605789999,42.3502014750001
14066,9259072,I 94,WOODWARD EXIT,2015-05-14,14,5,2015,17,5,5,1,,1,0,,1,1,1,55,3,2,2,5,0,0,0,0,true,,false,false,false,false,false,,,,,,false,false,false,,,false,false,false,false,false,-83.06876,42.36362,"{
  ""coordinates"": [
    -8.306875787000000e+01,
    4.236362343700010e+01
  ],
  ""type"": ""Point""
}","{
  ""coordinates"": [
    -83.06875787,
    42.363623437
  ],
  ""type"": ""Point""
}",-83.06875787,42.3636234370001
14067,9260565,N M 10,LINWOOD,2015-05-14,14,5,2015,14,5,5,3,,1,0,,1,1,1,55,3,2,2,5,0,0,0,0,true,,false,false,false,false,false,,,,,,false,false,false,,,false,false,false,false,false,-83.1275,42.40522,"{
  ""coordinates"": [
    -8.312750037599990e+01,
    4.240521456700000e+01
  ],
  ""type"": ""Point""
}","{
  ""coordinates"": [
    -83.127500376,
    42.405214567
  ],
  ""type"": ""Point""
}",-83.1275003759999,42.405214567
14068,9264706,I-75,DAVISON,2015-05-14,14,5,2015,17,5,5,1,,1,0,,1,1,1,70,4,2,2,5,0,0,0,0,true,,false,false,false,false,false,,,,,,false,false,false,,,false,false,false,false,false,-83.07995,42.40911,"{
  ""coordinates"": [
    -8.307995152699991e+01,
    4.240911029500010e+01
  ],
  ""type"": ""Point""
}","{
  ""coordinates"": [
    -83.079951527,
    42.409110295
  ],
  ""type"": ""Point""
}",-83.0799515269999,42.4091102950001
14069,9260527,NB I-75,VERNOR,2015-05-14,14,5,2015,8,5,5,1,,1,0,,1,1,1,70,3,2,2,5,0,0,0,0,true,,false,false,false,false,false,,,,,,false,false,true,,,false,false,false,false,false,-83.08394,42.32562,"{
  ""coordinates"": [
    -8.308393891199999e+01,
    4.232561933400010e+01
  ],
  ""type"": ""Point""
}","{
  ""coordinates"": [
    -83.083938912,
    42.325619334
  ],
  ""type"": ""Point""
}",-83.083938912,42.3256193340001
14070,9260701,GREENFIELD,PEMBROKE,2015-05-14,14,5,2015,12,5,5,9,,2,0,,1,1,1,30,4,2,2,4,0,0,0,1,false,,false,false,true,true,true,,,,,,false,false,false,,,false,false,false,false,false,-83.20017,42.43767,"{
  ""coordinates"": [
    -8.320017124000000e+01,
    4.243766596100010e+01
  ],
  ""type"": ""Point""
}","{
  ""coordinates"": [
    -83.20017124,
    42.437665961
  ],
  ""type"": ""Point""
}",-83.20017124,42.4376659610001
14071,9257932,W I 94,MOROSS,2015-05-14,14,5,2015,16,5,8,1,,1,0,,1,1,1,55,3,2,1,5,0,0,0,0,true,,false,false,true,false,false,,,,,,false,false,false,,,false,false,false,false,false,-82.92865,42.42478,"{
  ""coordinates"": [
    -8.292864641100000e+01,
    4.242477618200010e+01
  ],
  ""type"": ""Point""
}","{
  ""coordinates"": [
    -82.928646411,
    42.424776182
  ],
  ""type"": ""Point""
}",-82.928646411,42.4247761820001
14072,9259860,7 MILE,RIOPELLE,2015-05-14,14,5,2015,20,5,2,9,,4,2,,1,1,1,30,2,2,5,4,0,0,0,1,false,,false,false,false,false,false,,,,,,false,false,false,,,false,false,false,false,false,-83.08729,42.43275,"{
  ""coordinates"": [
    -8.308728667000000e+01,
    4.243274910200010e+01
  ],
  ""type"": ""Point""
}","{
  ""coordinates"": [
    -83.08728667,
    42.432749102
  ],
  ""type"": ""Point""
}",-83.08728667,42.4327491020001
14073,9301478,I-94,SECOND,2015-05-14,14,5,2015,15,5,5,1,,1,0,,1,1,1,55,3,4,5,5,0,0,0,0,true,,false,false,false,false,false,,,,,,false,true,false,,,false,false,false,false,false,-83.07167,42.3622,"{
  ""coordinates"": [
    -8.307166852899999e+01,
    4.236220331900010e+01
  ],
  ""type"": ""Point""
}","{
  ""coordinates"": [
    -83.071668529,
    42.362203319
  ],
  ""type"": ""Point""
}",-83.071668529,42.3622033190001
14074,9260710,DAVISON,LINWOOD,2015-05-14,14,5,2015,8,5,5,3,,1,0,,1,1,1,30,7,3,3,5,0,0,0,0,true,,false,false,false,false,false,,,,,,false,false,true,,,false,false,false,false,false,-83.12103,42.39339,"{
  ""coordinates"": [
    -8.312102726400001e+01,
    4.239338635300000e+01
  ],
  ""type"": ""Point""
}","{
  ""coordinates"": [
    -83.121027264,
    42.393386353
  ],
  ""type"": ""Point""
}",-83.121027264,42.393386353
14075,9261357,PRAIRIE,CLARITA,2015-05-14,14,5,2015,11,5,4,9,,,0,,1,1,1,25,2,2,2,5,0,0,0,0,true,,false,false,false,false,false,,,,,,false,false,true,,,false,false,false,false,false,-83.14573,42.42974,"{
  ""coordinates"": [
    -8.314573264599990e+01,
    4.242973890400000e+01
  ],
  ""type"": ""Point""
}","{
  ""coordinates"": [
    -83.145732646,
    42.429738904
  ],
  ""type"": ""Point""
}",-83.1457326459999,42.429738904
14076,9265035,MONROE,ST ANTOINE,2015-05-14,14,5,2015,8,5,8,9,,4,0,,1,1,1,25,3,2,1,5,0,0,0,0,true,,false,false,true,false,false,,,,,,false,false,false,,,false,false,false,false,false,-83.04104,42.33557,"{
  ""coordinates"": [
    -8.304103580200000e+01,
    4.233556674600000e+01
  ],
  ""type"": ""Point""
}","{
  ""coordinates"": [
    -83.041035802,
    42.335566746
  ],
  ""type"": ""Point""
}",-83.041035802,42.335566746
14077,9257924,CHENE,FERRY,2015-05-14,14,5,2015,16,5,4,9,,4,0,,1,2,1,30,2,2,2,5,0,0,0,0,true,,true,true,false,false,false,,,,,,false,false,true,,,false,false,false,false,false,-83.04355,42.36987,"{
  ""coordinates"": [
    -8.304355218500000e+01,
    4.236987099500000e+01
  ],
  ""type"": ""Point""
}","{
  ""coordinates"": [
    -83.043552185,
    42.369870995
  ],
  ""type"": ""Point""
}",-83.043552185,42.369870995
14078,9259849,SOUTHFIELD SERVICE DRIVE,GRAND RIVER,2015-05-14,14,5,2015,16,5,8,3,,4,0,,1,1,1,30,2,2,2,5,0,0,0,0,true,,false,false,false,false,false,,,,,,false,false,false,,,false,false,false,false,false,-83.21798,42.40052,"{
  ""coordinates"": [
    -8.321797959100000e+01,
    4.240052021700010e+01
  ],
  ""type"": ""Point""
}","{
  ""coordinates"": [
    -83.217979591,
    42.400520217
  ],
  ""type"": ""Point""
}",-83.217979591,42.4005202170001
14079,9259037,WARREN,MINOCK,2015-05-14,14,5,2015,10,5,4,9,,2,0,,1,1,1,35,4,2,2,5,0,0,0,0,true,,false,false,false,false,false,,,,,,false,true,false,,,false,false,false,false,false,-83.2317,42.34318,"{
  ""coordinates"": [
    -8.323170296700000e+01,
    4.234318139700010e+01
  ],
  ""type"": ""Point""
}","{
  ""coordinates"": [
    -83.231702967,
    42.343181397
  ],
  ""type"": ""Point""
}",-83.231702967,42.3431813970001
14080,9259061,SCHOOLCRAFT,EVERGREEN,2015-05-14,14,5,2015,15,5,4,9,,2,0,,1,1,1,35,4,2,2,5,0,0,0,0,true,,false,false,false,false,false,,,,,,false,true,false,,,false,false,false,false,false,-83.23657,42.38626,"{
  ""coordinates"": [
    -8.323657123200000e+01,
    4.238625775200010e+01
  ],
  ""type"": ""Point""
}","{
  ""coordinates"": [
    -83.236571232,
    42.386257752
  ],
  ""type"": ""Point""
}",-83.236571232,42.3862577520001
14081,9361119,TENNESSEE,ESSEX,2015-05-14,14,5,2015,14,5,4,9,,,0,,1,1,1,25,1,2,1,5,0,0,0,0,true,,false,false,true,false,false,,,,,,false,false,false,,,false,false,false,false,false,-82.95478,42.36187,"{
  ""coordinates"": [
    -8.295478344999999e+01,
    4.236187425400000e+01
  ],
  ""type"": ""Point""
}","{
  ""coordinates"": [
    -82.95478345,
    42.361874254
  ],
  ""type"": ""Point""
}",-82.95478345,42.361874254
14082,9257941,8 MILE,HOOVER,2015-05-14,14,5,2015,16,5,1,3,,1,0,,1,1,1,40,4,1,1,5,0,0,0,0,true,,false,false,false,false,false,,,,,,false,false,true,,,false,false,false,false,false,-83.00726,42.44872,"{
  ""coordinates"": [
    -8.300726466499999e+01,
    4.244872402400010e+01
  ],
  ""type"": ""Point""
}","{
  ""coordinates"": [
    -83.007264665,
    42.448724024
  ],
  ""type"": ""Point""
}",-83.007264665,42.4487240240001
14083,9265153,8 MILE,WOODWARD,2015-05-14,14,5,2015,14,5,5,3,,1,0,,1,1,1,30,3,2,2,5,0,0,0,0,true,,false,false,false,false,false,,,,,,false,true,false,,,false,false,false,false,false,-83.12474,42.44651,"{
  ""coordinates"": [
    -8.312473752400000e+01,
    4.244650861400000e+01
  ],
  ""type"": ""Point""
}","{
  ""coordinates"": [
    -83.124737524,
    42.446508614
  ],
  ""type"": ""Point""
}",-83.124737524,42.446508614
14084,9260726,PEMBROKE,MONTE VISTA,2015-05-14,14,5,2015,7,5,8,9,,,0,,1,1,1,25,2,2,0,5,0,0,0,0,true,,false,false,true,false,false,,,,,,false,false,false,,,false,false,false,false,false,-83.16893,42.43846,"{
  ""coordinates"": [
    -8.316893288199999e+01,
    4.243845841400010e+01
  ],
  ""type"": ""Point""
}","{
  ""coordinates"": [
    -83.168932882,
    42.438458414
  ],
  ""type"": ""Point""
}",-83.168932882,42.4384584140001
14085,9261321,CLARK,VERNOR,2015-05-14,14,5,2015,14,5,97,9,,4,0,,1,1,1,0,4,2,1,5,0,0,0,0,true,,true,true,true,false,false,,,,,,false,false,false,,,false,false,false,false,false,-83.09585,42.3203,"{
  ""coordinates"": [
    -8.309584746500001e+01,
    4.232029772400010e+01
  ],
  ""type"": ""Point""
}","{
  ""coordinates"": [
    -83.095847465,
    42.320297724
  ],
  ""type"": ""Point""
}",-83.095847465,42.3202977240001
14086,9260667,MACK,SAINT ANTOINE,2015-05-14,14,5,2015,8,5,4,9,,4,0,,1,1,1,35,6,2,2,5,0,0,0,0,true,,false,false,false,false,false,,,,,,false,false,false,,,false,false,false,false,false,-83.05244,42.3497,"{
  ""coordinates"": [
    -8.305243625199989e+01,
    4.234969982200000e+01
  ],
  ""type"": ""Point""
}","{
  ""coordinates"": [
    -83.052436252,
    42.349699822
  ],
  ""type"": ""Point""
}",-83.0524362519999,42.349699822
14087,9287609,I-94,LIVERNOIS,2015-05-14,14,5,2015,22,5,1,1,,1,0,,1,1,4,55,3,1,1,5,0,0,0,0,true,,false,false,false,false,false,,,,,,false,false,false,,,false,false,false,false,false,-83.12066,42.3392,"{
  ""coordinates"": [
    -8.312065507499990e+01,
    4.233919476800000e+01
  ],
  ""type"": ""Point""
}","{
  ""coordinates"": [
    -83.120655075,
    42.339194768
  ],
  ""type"": ""Point""
}",-83.1206550749999,42.339194768
14088,9260721,PEMBROKE,MEYERS,2015-05-14,14,5,2015,18,5,4,9,,,0,,1,1,1,25,2,2,1,3,0,0,1,0,false,,false,false,true,false,false,,,,,,false,false,false,,,false,false,false,false,false,-83.17098,42.43843,"{
  ""coordinates"": [
    -8.317098401100000e+01,
    4.243843147600010e+01
  ],
  ""type"": ""Point""
}","{
  ""coordinates"": [
    -83.170984011,
    42.438431476
  ],
  ""type"": ""Point""
}",-83.170984011,42.4384314760001