ObjectId,Crash ID,Primary Road,Intersecting Road,Crash Date,Day,Month,Year,Hour,Weekday,Crash Type Code,Highway Classification Code,Community Code,Jurisdiction Code,Lane Departure Type Code,Surface Type,Road Condition,Weather Condition,Lighting Condition,Speed Limit,Lanes,Units,Occupants,Most Severe Injury,Fatal Injuries,Suspected Serious Injuries,Suspected Minor Injuries,Possible Injuries,Property Damage Only,Secondary Crash,Traffic Control,Red Light Run,Hit and Run,Alcohol,Drugs,Unbelted Person,Work Zone,Speeding Driver,Distracted Driver,Driveway,Pedestrian,Elderly Driver,Young Driver,Commercial Vehicle,Emergency Vehicles,Train,School Bus,Motorcycle,Bicycle,Deer,Longitude,Latitude,geom,geog,x,y
14146,9261363,STEEL,CURTIS,2015-05-13,13,5,2015,12,4,4,9,,,0,,1,2,1,25,1,2,2,5,0,0,0,0,true,,false,false,false,false,false,,,,,,false,true,false,,,false,false,false,false,false,-83.17271,42.42396,"{
  ""coordinates"": [
    -8.317271134299990e+01,
    4.242395650800010e+01
  ],
  ""type"": ""Point""
}","{
  ""coordinates"": [
    -83.172711343,
    42.423956508
  ],
  ""type"": ""Point""
}",-83.1727113429999,42.4239565080001
14147,9257925,LAFAYETTE,BEAUFAIT,2015-05-13,13,5,2015,6,4,1,9,,4,0,,1,1,1,30,2,2,1,5,0,0,0,0,true,,false,false,false,false,false,,,,,,true,false,false,,,false,false,false,false,false,-83.00961,42.34799,"{
  ""coordinates"": [
    -8.300961453399999e+01,
    4.234798951800010e+01
  ],
  ""type"": ""Point""
}","{
  ""coordinates"": [
    -83.009614534,
    42.347989518
  ],
  ""type"": ""Point""
}",-83.009614534,42.3479895180001
14148,9265052,CADIEUX,WARREN,2015-05-13,13,5,2015,17,4,8,9,,4,0,,1,1,1,35,2,2,5,5,0,0,0,0,true,,false,false,true,false,false,,,,,,false,false,false,,,false,false,false,false,false,-82.92977,42.40599,"{
  ""coordinates"": [
    -8.292976857600000e+01,
    4.240599544600010e+01
  ],
  ""type"": ""Point""
}","{
  ""coordinates"": [
    -82.929768576,
    42.405995446
  ],
  ""type"": ""Point""
}",-82.929768576,42.4059954460001
14149,9339338,LARNED,RANDOLPH,2015-05-13,13,5,2015,14,4,4,3,,4,0,,1,2,1,30,7,2,3,5,0,0,0,0,true,,false,false,false,false,false,,,,,,false,false,true,,,false,false,false,false,false,-83.04258,42.33056,"{
  ""coordinates"": [
    -8.304258012400000e+01,
    4.233055914200000e+01
  ],
  ""type"": ""Point""
}","{
  ""coordinates"": [
    -83.042580124,
    42.330559142
  ],
  ""type"": ""Point""
}",-83.042580124,42.330559142
14150,9257857,N M 39,RAMP 006A,2015-05-13,13,5,2015,18,4,5,3,,1,0,,1,1,1,55,3,2,2,4,0,0,0,2,false,,false,false,false,false,false,,,,,,false,false,false,,,false,false,false,false,false,-83.216,42.33974,"{
  ""coordinates"": [
    -8.321600061500000e+01,
    4.233974124600010e+01
  ],
  ""type"": ""Point""
}","{
  ""coordinates"": [
    -83.216000615,
    42.339741246
  ],
  ""type"": ""Point""
}",-83.216000615,42.3397412460001
14151,9257935,HILDALE,VEACH,2015-05-13,13,5,2015,18,4,5,9,,,0,,1,1,1,25,2,2,2,5,0,0,0,0,true,,false,false,false,false,false,,,,,,false,false,false,,,false,false,false,false,false,-83.01942,42.43041,"{
  ""coordinates"": [
    -8.301942632799999e+01,
    4.243040805100000e+01
  ],
  ""type"": ""Point""
}","{
  ""coordinates"": [
    -83.019426328,
    42.430408051
  ],
  ""type"": ""Point""
}",-83.019426328,42.430408051
14152,9260553,I-75,MEADE,2015-05-13,13,5,2015,17,4,5,1,,1,0,,1,1,1,70,4,2,2,5,0,0,0,0,true,,false,false,false,false,false,,,,,,false,false,false,,,false,false,false,false,false,-83.07904,42.40847,"{
  ""coordinates"": [
    -8.307904405700000e+01,
    4.240846499800010e+01
  ],
  ""type"": ""Point""
}","{
  ""coordinates"": [
    -83.079044057,
    42.408464998
  ],
  ""type"": ""Point""
}",-83.079044057,42.4084649980001
14153,9401506,PREST,GROVE,2015-05-13,13,5,2015,16,4,4,9,,,0,,1,2,1,25,2,2,6,5,0,0,0,0,true,,true,false,false,false,false,,,,,,false,false,true,,,false,false,false,false,false,-83.19804,42.41417,"{
  ""coordinates"": [
    -8.319803737300001e+01,
    4.241416522800010e+01
  ],
  ""type"": ""Point""
}","{
  ""coordinates"": [
    -83.198037373,
    42.414165228
  ],
  ""type"": ""Point""
}",-83.198037373,42.4141652280001
14154,9287834,GRATIOT,CADILLAC,2015-05-13,13,5,2015,7,4,4,3,,1,0,,1,1,1,35,6,2,2,5,0,0,0,0,true,,false,false,true,false,false,,,,,,false,false,true,,,false,false,false,false,false,-83.00491,42.39361,"{
  ""coordinates"": [
    -8.300490649699999e+01,
    4.239360871500000e+01
  ],
  ""type"": ""Point""
}","{
  ""coordinates"": [
    -83.004906497,
    42.393608715
  ],
  ""type"": ""Point""
}",-83.004906497,42.393608715
14155,9260552,I-96,WYOMING,2015-05-13,13,5,2015,14,4,1,1,,1,1,,1,2,1,70,5,1,1,2,0,1,0,0,false,,false,false,false,false,false,,,,,,false,false,false,,,false,false,false,false,false,-83.1541,42.3852,"{
  ""coordinates"": [
    -8.315409769400000e+01,
    4.238519832400000e+01
  ],
  ""type"": ""Point""
}","{
  ""coordinates"": [
    -83.154097694,
    42.385198324
  ],
  ""type"": ""Point""
}",-83.154097694,42.385198324
14156,9261368,7 MILE,OUTER,2015-05-13,13,5,2015,11,4,5,9,,2,0,,1,2,1,30,4,2,4,5,0,0,0,0,true,,false,false,false,false,false,,,,,,false,false,true,,,false,false,false,false,false,-82.91495,42.41859,"{
  ""coordinates"": [
    -8.291494696399999e+01,
    4.241859315600000e+01
  ],
  ""type"": ""Point""
}","{
  ""coordinates"": [
    -82.914946964,
    42.418593156
  ],
  ""type"": ""Point""
}",-82.914946964,42.418593156
14157,9260705,DAVISON,PETOSKEY,2015-05-13,13,5,2015,11,4,5,3,,1,0,,1,2,1,35,7,2,4,4,0,0,0,3,false,,false,false,false,false,false,,,,,,false,false,false,,,false,false,false,false,false,-83.13533,42.38805,"{
  ""coordinates"": [
    -8.313532877900001e+01,
    4.238805514500010e+01
  ],
  ""type"": ""Point""
}","{
  ""coordinates"": [
    -83.135328779,
    42.388055145
  ],
  ""type"": ""Point""
}",-83.135328779,42.3880551450001
14158,9257022,N I 75 SERVICE DRIVE,DRAGOON,2015-05-13,13,5,2015,16,4,97,9,,4,0,,1,1,1,25,3,2,7,5,0,0,0,0,true,,false,false,false,false,false,,,,,,false,false,false,,,false,false,false,false,false,-83.1027,42.30779,"{
  ""coordinates"": [
    -8.310269756799990e+01,
    4.230778463300000e+01
  ],
  ""type"": ""Point""
}","{
  ""coordinates"": [
    -83.102697568,
    42.307784633
  ],
  ""type"": ""Point""
}",-83.1026975679999,42.307784633
14159,9259033,CHANDLER PARK,MOROSS,2015-05-13,13,5,2015,12,4,8,9,,2,0,,1,2,1,25,4,2,2,5,0,0,0,0,true,,false,false,true,false,false,,,,,,false,false,false,,,false,false,false,false,false,-82.91504,42.41899,"{
  ""coordinates"": [
    -8.291503532400000e+01,
    4.241899275400000e+01
  ],
  ""type"": ""Point""
}","{
  ""coordinates"": [
    -82.915035324,
    42.418992754
  ],
  ""type"": ""Point""
}",-82.915035324,42.418992754
14160,9260556,I-94,CECIL,2015-05-13,13,5,2015,16,4,5,1,,1,0,,1,2,1,55,3,2,3,5,0,0,0,0,true,,false,false,false,false,false,,,,,,false,false,false,,,false,false,false,false,false,-83.1329,42.33413,"{
  ""coordinates"": [
    -8.313290250199999e+01,
    4.233413091000010e+01
  ],
  ""type"": ""Point""
}","{
  ""coordinates"": [
    -83.132902502,
    42.33413091
  ],
  ""type"": ""Point""
}",-83.132902502,42.3341309100001
14161,9259069,HESSEL,MANSFIELD,2015-05-13,13,5,2015,16,4,4,9,,,0,,1,1,1,15,2,2,1,5,0,0,0,0,true,,false,false,true,false,false,,,,,,false,false,false,,,false,false,false,false,false,-83.20681,42.44289,"{
  ""coordinates"": [
    -8.320681267299990e+01,
    4.244289309000000e+01
  ],
  ""type"": ""Point""
}","{
  ""coordinates"": [
    -83.206812673,
    42.44289309
  ],
  ""type"": ""Point""
}",-83.2068126729999,42.44289309
14162,9287578,I-94,ROSA PARKS,2015-05-13,13,5,2015,18,4,5,1,,1,0,,1,1,1,55,3,2,2,5,0,0,0,0,true,,false,false,true,false,false,,,,,,false,false,true,,,false,false,false,false,false,-83.0885,42.35344,"{
  ""coordinates"": [
    -8.308850417600000e+01,
    4.235343605800010e+01
  ],
  ""type"": ""Point""
}","{
  ""coordinates"": [
    -83.088504176,
    42.353436058
  ],
  ""type"": ""Point""
}",-83.088504176,42.3534360580001
14163,9451127,BRUSH,W I 94,2015-05-13,13,5,2015,18,4,5,9,,4,0,,1,1,1,35,2,2,2,5,0,0,0,0,true,,false,false,false,false,false,,,,,,false,false,false,,,false,false,false,false,false,-83.06455,42.36578,"{
  ""coordinates"": [
    -8.306455155200000e+01,
    4.236577843200010e+01
  ],
  ""type"": ""Point""
}","{
  ""coordinates"": [
    -83.064551552,
    42.365778432
  ],
  ""type"": ""Point""
}",-83.064551552,42.3657784320001
14164,9257851,LINHURST,DRESDEN,2015-05-13,13,5,2015,23,4,8,9,,,0,,1,2,5,25,1,2,3,4,0,0,0,3,false,,false,false,false,false,false,,,,,,false,false,true,,,false,false,false,false,false,-82.99957,42.43097,"{
  ""coordinates"": [
    -8.299957009000001e+01,
    4.243096693600010e+01
  ],
  ""type"": ""Point""
}","{
  ""coordinates"": [
    -82.99957009,
    42.430966936
  ],
  ""type"": ""Point""
}",-82.99957009,42.4309669360001
14165,9260563,S M 10,RAMP 215G,2015-05-13,13,5,2015,17,4,5,3,,1,0,,1,2,1,55,3,3,3,5,0,0,0,0,true,,false,false,false,false,false,,,,,,false,true,false,,,false,false,false,false,false,-83.0787,42.3625,"{
  ""coordinates"": [
    -8.307870720600000e+01,
    4.236249445500000e+01
  ],
  ""type"": ""Point""
}","{
  ""coordinates"": [
    -83.078707206,
    42.362494455
  ],
  ""type"": ""Point""
}",-83.078707206,42.362494455
14166,9259063,RAMP 051B,TELEGRAPH,2015-05-13,13,5,2015,8,4,5,2,,1,0,,1,1,1,20,1,2,3,4,0,0,0,1,false,,false,false,false,false,false,,,,,,false,false,false,,,false,false,false,false,false,-83.27835,42.44238,"{
  ""coordinates"": [
    -8.327834832600000e+01,
    4.244237390300000e+01
  ],
  ""type"": ""Point""
}","{
  ""coordinates"": [
    -83.278348326,
    42.442373903
  ],
  ""type"": ""Point""
}",-83.278348326,42.442373903
14167,9257939,RYAN,REMINGTON,2015-05-13,13,5,2015,3,4,4,9,,4,0,,1,1,1,25,4,2,2,5,0,0,0,0,true,,false,false,false,false,false,,,,,,false,false,true,,,false,false,false,false,false,-83.06366,42.44262,"{
  ""coordinates"": [
    -8.306365993299990e+01,
    4.244261701100000e+01
  ],
  ""type"": ""Point""
}","{
  ""coordinates"": [
    -83.063659933,
    42.442617011
  ],
  ""type"": ""Point""
}",-83.0636599329999,42.442617011
14168,9257839,I-94,30TH,2015-05-13,13,5,2015,17,4,8,1,,1,0,,1,1,1,55,3,2,2,5,0,0,0,0,true,,false,false,false,false,false,,,,,,false,true,false,,,false,false,false,false,false,-83.11251,42.34497,"{
  ""coordinates"": [
    -8.311251444399990e+01,
    4.234497387000000e+01
  ],
  ""type"": ""Point""
}","{
  ""coordinates"": [
    -83.112514444,
    42.34497387
  ],
  ""type"": ""Point""
}",-83.1125144439999,42.34497387
14169,9259040,WARREN,RUTLAND,2015-05-12,12,5,2015,12,3,8,9,,2,0,,1,1,1,30,4,2,2,5,0,0,0,0,true,,false,false,false,false,false,,,,,,false,false,true,,,false,false,false,false,false,-83.21255,42.34343,"{
  ""coordinates"": [
    -8.321255693099990e+01,
    4.234342580100010e+01
  ],
  ""type"": ""Point""
}","{
  ""coordinates"": [
    -83.212556931,
    42.343425801
  ],
  ""type"": ""Point""
}",-83.2125569309999,42.3434258010001
14170,9257045,DIX,VERNOR,2015-05-12,12,5,2015,22,3,5,9,,2,0,,1,1,2,30,2,2,1,5,0,0,0,0,true,,false,false,true,false,false,,,,,,false,false,false,,,false,false,false,false,false,-83.11616,42.31592,"{
  ""coordinates"": [
    -8.311615948399999e+01,
    4.231591752500000e+01
  ],
  ""type"": ""Point""
}","{
  ""coordinates"": [
    -83.116159484,
    42.315917525
  ],
  ""type"": ""Point""
}",-83.116159484,42.315917525
14171,9261347,GRAND RIVER,SHORT,2015-05-12,12,5,2015,17,3,97,3,,1,0,,1,2,1,35,3,2,2,4,0,0,0,1,false,,false,false,false,false,false,,,,,,true,false,false,,,false,false,false,false,false,-83.27579,42.42363,"{
  ""coordinates"": [
    -8.327579200799990e+01,
    4.242362689100000e+01
  ],
  ""type"": ""Point""
}","{
  ""coordinates"": [
    -83.275792008,
    42.423626891
  ],
  ""type"": ""Point""
}",-83.2757920079999,42.423626891
14172,9260709,RAMP 112C,N M 10 SERVICE DRIVE,2015-05-12,12,5,2015,6,3,1,3,,1,1,,1,1,1,35,1,1,1,5,0,0,0,0,true,,false,false,false,false,false,,,,,,false,false,false,,,false,false,false,false,false,-83.09183,42.38159,"{
  ""coordinates"": [
    -8.309182961300000e+01,
    4.238158836600010e+01
  ],
  ""type"": ""Point""
}","{
  ""coordinates"": [
    -83.091829613,
    42.381588366
  ],
  ""type"": ""Point""
}",-83.091829613,42.3815883660001
14173,9259782,SEVEN MILE,STRATHCONA,2015-05-12,12,5,2015,16,3,8,9,,2,0,,1,2,1,35,4,2,1,5,0,0,0,0,true,,false,false,false,false,false,,,,,,false,true,false,,,false,false,false,false,false,-83.12916,42.43181,"{
  ""coordinates"": [
    -8.312916071300000e+01,
    4.243181260700000e+01
  ],
  ""type"": ""Point""
}","{
  ""coordinates"": [
    -83.129160713,
    42.431812607
  ],
  ""type"": ""Point""
}",-83.129160713,42.431812607
14174,9308598,DEQUINDRE,7 MILE,2015-05-12,12,5,2015,7,3,5,9,,4,0,,1,1,1,35,4,2,3,4,0,0,0,1,false,,false,false,true,false,false,,,,,,false,false,false,,,false,false,false,false,false,-83.08289,42.4329,"{
  ""coordinates"": [
    -8.308288571700000e+01,
    4.243290001400000e+01
  ],
  ""type"": ""Point""
}","{
  ""coordinates"": [
    -83.082885717,
    42.432900014
  ],
  ""type"": ""Point""
}",-83.082885717,42.432900014
14175,9286298,M10 SERVICE,CLAIRMOUNT,2015-05-12,12,5,2015,15,3,4,3,,4,0,,1,2,1,30,3,2,2,5,0,0,0,0,true,,false,false,false,false,false,,,,,,false,true,false,,,false,false,false,false,false,-83.08983,42.37987,"{
  ""coordinates"": [
    -8.308983141300000e+01,
    4.237986915000000e+01
  ],
  ""type"": ""Point""
}","{
  ""coordinates"": [
    -83.089831413,
    42.37986915
  ],
  ""type"": ""Point""
}",-83.089831413,42.37986915
14176,9257042,LAFAYETTE,CLARK,2015-05-12,12,5,2015,13,3,5,7,,4,0,,1,1,1,25,4,2,3,5,0,0,0,0,true,,false,false,false,false,false,,,,,,false,false,false,,,false,false,false,false,false,-83.09122,42.31397,"{
  ""coordinates"": [
    -8.309122780699990e+01,
    4.231396899600000e+01
  ],
  ""type"": ""Point""
}","{
  ""coordinates"": [
    -83.091227807,
    42.313968996
  ],
  ""type"": ""Point""
}",-83.0912278069999,42.313968996
14177,9259058,ST MARYS,GROVE,2015-05-12,12,5,2015,14,3,4,9,,,0,,1,2,1,25,2,2,1,4,0,0,0,1,false,,false,false,true,false,false,,,,,,false,false,false,,,false,false,false,false,false,-83.2068,42.41399,"{
  ""coordinates"": [
    -8.320679890500000e+01,
    4.241398913400010e+01
  ],
  ""type"": ""Point""
}","{
  ""coordinates"": [
    -83.206798905,
    42.413989134
  ],
  ""type"": ""Point""
}",-83.206798905,42.4139891340001
14178,9288778,GRIGGS,8 MILE,2015-05-12,12,5,2015,19,3,8,3,,,0,,1,1,1,25,2,2,2,5,0,0,0,0,true,,false,false,false,false,false,,,,,,false,false,true,,,false,false,false,false,false,-83.16476,42.44555,"{
  ""coordinates"": [
    -8.316476198899990e+01,
    4.244555091500010e+01
  ],
  ""type"": ""Point""
}","{
  ""coordinates"": [
    -83.164761989,
    42.445550915
  ],
  ""type"": ""Point""
}",-83.1647619889999,42.4455509150001
14179,9257020,LARNED,WOODWARD,2015-05-12,12,5,2015,11,3,8,9,,4,0,,1,1,1,30,2,2,2,5,0,0,0,0,true,,true,true,false,false,false,,,,,,false,false,false,,,false,false,false,false,false,-83.04534,42.32935,"{
  ""coordinates"": [
    -8.304534284800000e+01,
    4.232934766600000e+01
  ],
  ""type"": ""Point""
}","{
  ""coordinates"": [
    -83.045342848,
    42.329347666
  ],
  ""type"": ""Point""
}",-83.045342848,42.329347666
14180,9257947,7 MILE,GABLE,2015-05-12,12,5,2015,23,3,8,9,,4,0,,1,1,4,35,4,2,1,5,0,0,0,0,true,,false,false,true,false,false,,,,,,false,false,false,,,false,false,false,false,false,-83.04234,42.43359,"{
  ""coordinates"": [
    -8.304233585599999e+01,
    4.243359524600000e+01
  ],
  ""type"": ""Point""
}","{
  ""coordinates"": [
    -83.042335856,
    42.433595246
  ],
  ""type"": ""Point""
}",-83.042335856,42.433595246
14181,9259012,SORRENTO,SCHOOLCRAFT,2015-05-12,12,5,2015,14,3,4,9,,,0,,1,2,1,30,2,2,2,4,0,0,0,1,false,,false,false,false,false,false,,,,,,false,false,false,,,false,false,false,false,false,-83.17201,42.38815,"{
  ""coordinates"": [
    -8.317201302599990e+01,
    4.238815196100010e+01
  ],
  ""type"": ""Point""
}","{
  ""coordinates"": [
    -83.172013026,
    42.388151961
  ],
  ""type"": ""Point""
}",-83.1720130259999,42.3881519610001
14182,9287814,MOROSS,HARPER,2015-05-12,12,5,2015,15,3,5,9,,2,0,,1,1,1,25,5,2,4,5,0,0,0,0,true,,false,false,true,false,false,,,,,,false,false,false,,,false,false,false,false,false,-82.92931,42.42463,"{
  ""coordinates"": [
    -8.292930380000000e+01,
    4.242462615400010e+01
  ],
  ""type"": ""Point""
}","{
  ""coordinates"": [
    -82.9293038,
    42.424626154
  ],
  ""type"": ""Point""
}",-82.9293038,42.4246261540001
14183,9257058,WARREN,ASHTON,2015-05-12,12,5,2015,10,3,4,9,,2,0,,1,2,1,35,3,2,2,4,0,0,0,1,false,,false,false,false,false,false,,,,,,false,false,false,,,false,false,false,false,false,-83.21716,42.34336,"{
  ""coordinates"": [
    -8.321716064600000e+01,
    4.234335827900000e+01
  ],
  ""type"": ""Point""
}","{
  ""coordinates"": [
    -83.217160646,
    42.343358279
  ],
  ""type"": ""Point""
}",-83.217160646,42.343358279
14184,9288757,JAMES COUZENS,MCNICHOLS,2015-05-12,12,5,2015,8,3,9,9,,4,0,,1,98,98,35,2,2,2,5,0,0,0,0,true,,false,false,false,false,false,,,,,,false,false,true,,,false,false,false,false,false,-83.17247,42.41666,"{
  ""coordinates"": [
    -8.317247146900000e+01,
    4.241666146100000e+01
  ],
  ""type"": ""Point""
}","{
  ""coordinates"": [
    -83.172471469,
    42.416661461
  ],
  ""type"": ""Point""
}",-83.172471469,42.416661461
14185,9257843,I-94,M10,2015-05-12,12,5,2015,16,3,5,1,,1,0,,1,2,1,55,3,2,3,5,0,0,0,0,true,,false,false,false,false,false,,,,,,false,false,false,,,false,false,false,false,false,-83.07486,42.36038,"{
  ""coordinates"": [
    -8.307485904500000e+01,
    4.236037796700000e+01
  ],
  ""type"": ""Point""
}","{
  ""coordinates"": [
    -83.074859045,
    42.360377967
  ],
  ""type"": ""Point""
}",-83.074859045,42.360377967
14186,9259019,GREENFIELD,E I 96,2015-05-12,12,5,2015,3,3,5,9,,2,0,,1,1,4,35,6,2,1,5,0,0,0,0,true,,false,false,true,false,false,,,,,,false,false,true,,,false,false,false,false,false,-83.19822,42.37909,"{
  ""coordinates"": [
    -8.319821951499991e+01,
    4.237908786200010e+01
  ],
  ""type"": ""Point""
}","{
  ""coordinates"": [
    -83.198219515,
    42.379087862
  ],
  ""type"": ""Point""
}",-83.1982195149999,42.3790878620001
14187,9259013,OAKMAN,WESTFIELD,2015-05-12,12,5,2015,17,3,1,9,,4,1,,1,2,1,30,2,1,1,5,0,0,0,0,true,,false,false,false,false,false,,,,,,false,false,true,,,false,false,false,false,false,-83.15488,42.36405,"{
  ""coordinates"": [
    -8.315488004299991e+01,
    4.236405122100010e+01
  ],
  ""type"": ""Point""
}","{
  ""coordinates"": [
    -83.154880043,
    42.364051221
  ],
  ""type"": ""Point""
}",-83.1548800429999,42.3640512210001
14188,9286174,GRAND RIVER,W I 94,2015-05-12,12,5,2015,18,3,5,3,,1,0,,1,2,1,35,7,2,5,5,0,0,0,0,true,,false,false,true,false,false,,,,,,false,false,false,,,false,false,false,false,false,-83.09579,42.35132,"{
  ""coordinates"": [
    -8.309579340499990e+01,
    4.235132119000010e+01
  ],
  ""type"": ""Point""
}","{
  ""coordinates"": [
    -83.095793405,
    42.35132119
  ],
  ""type"": ""Point""
}",-83.0957934049999,42.3513211900001
14189,9368731,VANDYKE,7 MILE,2015-05-12,12,5,2015,8,3,5,3,,1,0,,1,1,1,35,4,2,5,4,0,0,0,2,false,,false,false,false,false,false,,,,,,false,true,false,,,false,false,false,false,false,-83.02425,42.43397,"{
  ""coordinates"": [
    -8.302424816699990e+01,
    4.243396838500010e+01
  ],
  ""type"": ""Point""
}","{
  ""coordinates"": [
    -83.024248167,
    42.433968385
  ],
  ""type"": ""Point""
}",-83.0242481669999,42.4339683850001
14190,9260664,N I 75,045A,2015-05-12,12,5,2015,16,3,5,1,,1,0,,1,1,1,55,3,2,2,5,0,0,0,0,true,,false,false,false,false,false,,,,,,false,false,false,,,false,false,false,false,false,-83.061,42.37599,"{
  ""coordinates"": [
    -8.306100689199999e+01,
    4.237599167000010e+01
  ],
  ""type"": ""Point""
}","{
  ""coordinates"": [
    -83.061006892,
    42.37599167
  ],
  ""type"": ""Point""
}",-83.061006892,42.3759916700001
14191,9257056,OUTER,PLYMOUTH,2015-05-12,12,5,2015,19,3,8,9,,2,0,,1,2,1,25,3,2,3,5,0,0,0,0,true,,false,false,false,false,false,,,,,,false,false,true,,,false,false,false,false,false,-83.26086,42.37162,"{
  ""coordinates"": [
    -8.326086360399999e+01,
    4.237162391700010e+01
  ],
  ""type"": ""Point""
}","{
  ""coordinates"": [
    -83.260863604,
    42.371623917
  ],
  ""type"": ""Point""
}",-83.260863604,42.3716239170001
14192,9256319,JEFFRIES,GRAND,2015-05-12,12,5,2015,19,3,8,9,,4,0,,1,1,2,55,3,2,5,5,0,0,0,0,true,,false,false,true,false,false,,,,,,false,false,false,,,false,false,false,false,false,-83.11185,42.35594,"{
  ""coordinates"": [
    -8.311185514600000e+01,
    4.235593725400000e+01
  ],
  ""type"": ""Point""
}","{
  ""coordinates"": [
    -83.111855146,
    42.355937254
  ],
  ""type"": ""Point""
}",-83.111855146,42.355937254
14193,9256318,BEAUBIEN,MADISON,2015-05-12,12,5,2015,16,3,97,9,,1,0,,1,1,1,30,2,2,3,5,0,0,0,0,true,,false,false,false,false,false,,,,,,false,true,false,,,false,false,false,false,false,-83.04456,42.33785,"{
  ""coordinates"": [
    -8.304455795000000e+01,
    4.233785027700000e+01
  ],
  ""type"": ""Point""
}","{
  ""coordinates"": [
    -83.04455795,
    42.337850277
  ],
  ""type"": ""Point""
}",-83.04455795,42.337850277
14194,9367136,PREST,VASSAR,2015-05-12,12,5,2015,0,3,97,9,,,0,,1,1,4,15,2,2,1,5,0,0,0,0,true,,false,false,true,false,false,,,,,,false,false,true,,,false,false,false,false,false,-83.19882,42.43404,"{
  ""coordinates"": [
    -8.319882183100000e+01,
    4.243403471900010e+01
  ],
  ""type"": ""Point""
}","{
  ""coordinates"": [
    -83.198821831,
    42.434034719
  ],
  ""type"": ""Point""
}",-83.198821831,42.4340347190001
14195,9287886,GRATIOT,KILBOURNE,2015-05-12,12,5,2015,18,3,9,3,,1,0,,1,1,1,30,2,3,4,5,0,0,0,0,true,,false,false,false,false,false,,,,,,false,false,false,,,false,false,false,false,false,-82.99461,42.40932,"{
  ""coordinates"": [
    -8.299460427100000e+01,
    4.240931857200010e+01
  ],
  ""type"": ""Point""
}","{
  ""coordinates"": [
    -82.994604271,
    42.409318572
  ],
  ""type"": ""Point""
}",-82.994604271,42.4093185720001
14196,9258848,N M 39,RAMP 009A,2015-05-12,12,5,2015,18,3,5,3,,1,0,,1,2,1,55,3,2,2,5,0,0,0,0,true,,false,false,false,false,false,,,,,,false,false,false,,,false,false,false,false,false,-83.21808,42.39778,"{
  ""coordinates"": [
    -8.321807633799990e+01,
    4.239777836900000e+01
  ],
  ""type"": ""Point""
}","{
  ""coordinates"": [
    -83.218076338,
    42.397778369
  ],
  ""type"": ""Point""
}",-83.2180763379999,42.397778369
14197,9257016,LIVERNOIS,VERNOR,2015-05-12,12,5,2015,12,3,4,9,,4,0,,1,2,1,35,6,2,5,5,0,0,0,0,true,,false,false,false,false,false,,,,,,false,false,true,,,false,false,false,false,false,-83.10998,42.31588,"{
  ""coordinates"": [
    -8.310997708100000e+01,
    4.231588393100000e+01
  ],
  ""type"": ""Point""
}","{
  ""coordinates"": [
    -83.109977081,
    42.315883931
  ],
  ""type"": ""Point""
}",-83.109977081,42.315883931
14198,9343514,FENMORE,VERNE,2015-05-12,12,5,2015,8,3,1,9,,,1,,1,2,1,25,2,1,4,1,1,2,0,1,false,,false,false,false,false,false,,,,,,false,false,false,,,false,false,false,false,false,-83.21757,42.41115,"{
  ""coordinates"": [
    -8.321756496300000e+01,
    4.241114845400010e+01
  ],
  ""type"": ""Point""
}","{
  ""coordinates"": [
    -83.217564963,
    42.411148454
  ],
  ""type"": ""Point""
}",-83.217564963,42.4111484540001
14199,9258832,M-39,GRAND RIVER,2015-05-12,12,5,2015,15,3,8,3,,1,0,,1,2,1,55,3,2,1,5,0,0,0,0,true,,false,false,true,false,false,,,,,,false,false,false,,,false,false,false,false,false,-83.21837,42.39991,"{
  ""coordinates"": [
    -8.321836520399999e+01,
    4.239991326500010e+01
  ],
  ""type"": ""Point""
}","{
  ""coordinates"": [
    -83.218365204,
    42.399913265
  ],
  ""type"": ""Point""
}",-83.218365204,42.3999132650001
14200,9256321,MOUNT ELLIOTT,LAFAYETTE,2015-05-12,12,5,2015,17,3,4,9,,4,0,,1,1,1,30,2,2,4,5,0,0,0,0,true,,true,true,false,false,false,,,,,,false,false,true,,,false,false,false,false,false,-83.01231,42.34687,"{
  ""coordinates"": [
    -8.301230766700000e+01,
    4.234687108600010e+01
  ],
  ""type"": ""Point""
}","{
  ""coordinates"": [
    -83.012307667,
    42.346871086
  ],
  ""type"": ""Point""
}",-83.012307667,42.3468710860001
14201,9257944,RYAN,OUTER,2015-05-12,12,5,2015,18,3,6,9,,4,0,,1,1,1,30,2,2,1,5,0,0,0,0,true,,false,false,false,false,false,,,,,,false,false,false,,,false,false,false,false,false,-83.06353,42.44005,"{
  ""coordinates"": [
    -8.306352898999999e+01,
    4.244005204300000e+01
  ],
  ""type"": ""Point""
}","{
  ""coordinates"": [
    -83.06352899,
    42.440052043
  ],
  ""type"": ""Point""
}",-83.06352899,42.440052043
14202,9339337,WARREN,S I 75 SERVICE DRIVE,2015-05-12,12,5,2015,17,3,5,9,,4,0,,1,2,1,30,3,2,3,5,0,0,0,0,true,,false,false,true,false,false,,,,,,false,false,false,,,false,false,false,false,false,-83.05495,42.36057,"{
  ""coordinates"": [
    -8.305495282100000e+01,
    4.236056525800010e+01
  ],
  ""type"": ""Point""
}","{
  ""coordinates"": [
    -83.054952821,
    42.360565258
  ],
  ""type"": ""Point""
}",-83.054952821,42.3605652580001