ObjectId,Crash ID,Primary Road,Intersecting Road,Crash Date,Day,Month,Year,Hour,Weekday,Crash Type Code,Highway Classification Code,Community Code,Jurisdiction Code,Lane Departure Type Code,Surface Type,Road Condition,Weather Condition,Lighting Condition,Speed Limit,Lanes,Units,Occupants,Most Severe Injury,Fatal Injuries,Suspected Serious Injuries,Suspected Minor Injuries,Possible Injuries,Property Damage Only,Secondary Crash,Traffic Control,Red Light Run,Hit and Run,Alcohol,Drugs,Unbelted Person,Work Zone,Speeding Driver,Distracted Driver,Driveway,Pedestrian,Elderly Driver,Young Driver,Commercial Vehicle,Emergency Vehicles,Train,School Bus,Motorcycle,Bicycle,Deer,Longitude,Latitude,geom,geog,x,y
14374,9265108,7 MILE,RUNYON,2015-05-09,9,5,2015,11,7,97,9,,4,0,,1,1,1,35,2,2,2,5,0,0,0,0,true,,false,false,false,false,false,,,,,,false,false,false,,,false,false,false,false,false,-83.00717,42.43437,"{
  ""coordinates"": [
    -8.300717220800000e+01,
    4.243437170500000e+01
  ],
  ""type"": ""Point""
}","{
  ""coordinates"": [
    -83.007172208,
    42.434371705
  ],
  ""type"": ""Point""
}",-83.007172208,42.434371705
14375,9255750,W I 94,FRENCH,2015-05-09,9,5,2015,21,7,1,1,,1,0,,1,1,5,55,3,1,3,5,0,0,0,0,true,,false,false,false,false,false,,,,,,false,false,false,,,false,false,false,false,true,-82.99596,42.39239,"{
  ""coordinates"": [
    -8.299595542599999e+01,
    4.239238675700010e+01
  ],
  ""type"": ""Point""
}","{
  ""coordinates"": [
    -82.995955426,
    42.392386757
  ],
  ""type"": ""Point""
}",-82.995955426,42.3923867570001
14376,9262935,E I 94,LUCKY,2015-05-09,9,5,2015,20,7,5,1,,1,0,,1,1,3,55,3,2,2,5,0,0,0,0,true,,false,false,true,false,false,,,,,,false,true,false,,,false,false,false,false,false,-83.03731,42.37761,"{
  ""coordinates"": [
    -8.303730839799989e+01,
    4.237760548700000e+01
  ],
  ""type"": ""Point""
}","{
  ""coordinates"": [
    -83.037308398,
    42.377605487
  ],
  ""type"": ""Point""
}",-83.0373083979999,42.377605487
14377,9262939,I94,WAYNE,2015-05-09,9,5,2015,18,7,8,1,,1,0,,1,1,1,70,4,2,2,5,0,0,0,0,true,,false,false,false,false,false,,,,,,false,false,false,,,false,false,false,false,false,-83.07823,42.35822,"{
  ""coordinates"": [
    -8.307823252400000e+01,
    4.235822227600000e+01
  ],
  ""type"": ""Point""
}","{
  ""coordinates"": [
    -83.078232524,
    42.358222276
  ],
  ""type"": ""Point""
}",-83.078232524,42.358222276
14378,9259010,SCHOOLCRAFT,WESTWOOD,2015-05-09,9,5,2015,1,7,8,9,,2,0,,1,1,4,25,2,2,2,5,0,0,0,0,true,,false,false,true,false,false,,,,,,false,false,false,,,false,false,false,false,false,-83.23194,42.38636,"{
  ""coordinates"": [
    -8.323194067400000e+01,
    4.238636095000000e+01
  ],
  ""type"": ""Point""
}","{
  ""coordinates"": [
    -83.231940674,
    42.38636095
  ],
  ""type"": ""Point""
}",-83.231940674,42.38636095
14379,9606659,HAVERHILL,BREMAN,2015-05-09,9,5,2015,6,7,1,9,,,1,,1,1,1,25,2,1,1,5,0,0,0,0,true,,false,false,false,false,false,,,,,,false,false,false,,,false,false,false,false,false,-82.93807,42.39397,"{
  ""coordinates"": [
    -8.293807329399991e+01,
    4.239397510500000e+01
  ],
  ""type"": ""Point""
}","{
  ""coordinates"": [
    -82.938073294,
    42.393975105
  ],
  ""type"": ""Point""
}",-82.9380732939999,42.393975105
14380,9260714,DAVISON,LIVERNOIS,2015-05-09,9,5,2015,23,7,4,3,,1,0,,1,1,4,35,7,2,2,5,0,0,0,0,true,,false,false,false,false,false,,,,,,false,false,true,,,false,false,false,false,false,-83.13953,42.38649,"{
  ""coordinates"": [
    -8.313953198300000e+01,
    4.238649114300010e+01
  ],
  ""type"": ""Point""
}","{
  ""coordinates"": [
    -83.139531983,
    42.386491143
  ],
  ""type"": ""Point""
}",-83.139531983,42.3864911430001
14381,9262949,RAMP 216B,I-75,2015-05-09,9,5,2015,2,7,1,1,,1,1,,1,1,4,55,1,1,0,5,0,0,0,0,true,,false,false,true,false,false,,,,,,false,false,false,,,false,false,false,false,false,-83.05744,42.36702,"{
  ""coordinates"": [
    -8.305744413900000e+01,
    4.236702389700010e+01
  ],
  ""type"": ""Point""
}","{
  ""coordinates"": [
    -83.057444139,
    42.367023897
  ],
  ""type"": ""Point""
}",-83.057444139,42.3670238970001
14382,9262940,I94,M10,2015-05-09,9,5,2015,3,7,97,1,,1,0,,1,1,4,55,3,2,3,4,0,0,0,2,false,,false,false,true,false,false,,,,,,false,false,false,,,false,false,false,false,false,-83.07324,42.36131,"{
  ""coordinates"": [
    -8.307324132299991e+01,
    4.236130939200010e+01
  ],
  ""type"": ""Point""
}","{
  ""coordinates"": [
    -83.073241323,
    42.361309392
  ],
  ""type"": ""Point""
}",-83.0732413229999,42.3613093920001
14383,9287859,LESLIE,LAWTON,2015-05-09,9,5,2015,8,7,4,9,,,0,,1,2,1,25,2,2,3,2,0,2,0,0,false,,true,false,true,false,false,,,,,,false,false,false,,,false,false,false,false,false,-83.12224,42.38835,"{
  ""coordinates"": [
    -8.312223442700000e+01,
    4.238835251900010e+01
  ],
  ""type"": ""Point""
}","{
  ""coordinates"": [
    -83.122234427,
    42.388352519
  ],
  ""type"": ""Point""
}",-83.122234427,42.3883525190001
14384,9255754,6 MILE,MARKTWAIN,2015-05-09,9,5,2015,12,7,97,9,,2,0,,1,1,1,35,2,2,1,5,0,0,0,0,true,,false,false,false,false,false,,,,,,false,false,false,,,false,false,false,false,false,-83.18687,42.4165,"{
  ""coordinates"": [
    -8.318686924399999e+01,
    4.241650057000000e+01
  ],
  ""type"": ""Point""
}","{
  ""coordinates"": [
    -83.186869244,
    42.41650057
  ],
  ""type"": ""Point""
}",-83.186869244,42.41650057
14385,9282560,EIGHT MILE,GROSBECK,2015-05-09,9,5,2015,10,7,8,3,,1,0,,1,2,1,35,2,2,2,5,0,0,0,0,true,,false,false,false,false,false,,,,,,false,false,true,,,false,false,false,false,false,-83.00241,42.4489,"{
  ""coordinates"": [
    -8.300241443499991e+01,
    4.244890151900010e+01
  ],
  ""type"": ""Point""
}","{
  ""coordinates"": [
    -83.002414435,
    42.448901519
  ],
  ""type"": ""Point""
}",-83.0024144349999,42.4489015190001
14386,9267464,FOREST,TRUMBULL,2015-05-09,9,5,2015,14,7,97,9,,4,0,,1,1,1,0,4,2,2,4,0,0,0,1,false,,false,false,false,false,false,,,,,,false,true,false,,,false,false,false,false,false,-83.0774,42.34995,"{
  ""coordinates"": [
    -8.307740289600000e+01,
    4.234995088400010e+01
  ],
  ""type"": ""Point""
}","{
  ""coordinates"": [
    -83.077402896,
    42.349950884
  ],
  ""type"": ""Point""
}",-83.077402896,42.3499508840001
14387,9399337,GRAND RIVER,2ND,2015-05-09,9,5,2015,18,7,4,3,,1,0,,1,1,1,30,8,2,2,5,0,0,0,0,true,,true,true,false,false,false,,,,,,false,false,false,,,false,false,false,false,false,-83.05795,42.33598,"{
  ""coordinates"": [
    -8.305794595200000e+01,
    4.233598102800000e+01
  ],
  ""type"": ""Point""
}","{
  ""coordinates"": [
    -83.057945952,
    42.335981028
  ],
  ""type"": ""Point""
}",-83.057945952,42.335981028
14388,9267484,SOUTHFIELD SERVICE DRIVE,PLYMOUTH,2015-05-09,9,5,2015,14,7,5,9,,4,0,,1,1,1,55,3,2,4,5,0,0,0,0,true,,false,false,true,false,false,,,,,,false,false,false,,,false,false,false,false,false,-83.21712,42.3728,"{
  ""coordinates"": [
    -8.321711622399989e+01,
    4.237279861800000e+01
  ],
  ""type"": ""Point""
}","{
  ""coordinates"": [
    -83.217116224,
    42.372798618
  ],
  ""type"": ""Point""
}",-83.2171162239999,42.372798618
14389,9284726,HARPER,CADIEUX,2015-05-09,9,5,2015,18,7,9,9,,4,2,,1,1,1,35,2,2,2,5,0,0,0,0,true,,false,false,true,false,false,,,,,,false,false,true,,,false,false,false,false,false,-82.93659,42.41645,"{
  ""coordinates"": [
    -8.293659326900000e+01,
    4.241644844000010e+01
  ],
  ""type"": ""Point""
}","{
  ""coordinates"": [
    -82.936593269,
    42.41644844
  ],
  ""type"": ""Point""
}",-82.936593269,42.4164484400001
14390,9262926,215H,N M 10,2015-05-09,9,5,2015,21,7,1,1,,1,1,,1,1,5,55,1,1,1,5,0,0,0,0,true,,false,false,false,false,false,,,,,,false,false,false,,,false,false,false,false,false,-83.0752,42.35735,"{
  ""coordinates"": [
    -8.307520397199990e+01,
    4.235734814900010e+01
  ],
  ""type"": ""Point""
}","{
  ""coordinates"": [
    -83.075203972,
    42.357348149
  ],
  ""type"": ""Point""
}",-83.0752039719999,42.3573481490001
14391,9267486,8 MILE,BILTMORE,2015-05-09,9,5,2015,18,7,5,3,,1,0,,1,1,1,45,8,2,4,4,0,0,0,4,false,,false,false,false,false,false,,,,,,false,false,true,,,false,false,false,false,false,-83.21265,42.44435,"{
  ""coordinates"": [
    -8.321264319999990e+01,
    4.244434957400010e+01
  ],
  ""type"": ""Point""
}","{
  ""coordinates"": [
    -83.2126432,
    42.444349574
  ],
  ""type"": ""Point""
}",-83.2126431999999,42.4443495740001
14392,9255786,JOHN R,LANTZ,2015-05-08,8,5,2015,12,6,97,9,,4,0,,1,1,1,30,2,2,1,5,0,0,0,0,true,,false,false,true,false,false,,,,,,false,false,false,,,false,false,false,false,false,-83.10252,42.43711,"{
  ""coordinates"": [
    -8.310251251900000e+01,
    4.243710764700010e+01
  ],
  ""type"": ""Point""
}","{
  ""coordinates"": [
    -83.102512519,
    42.437107647
  ],
  ""type"": ""Point""
}",-83.102512519,42.4371076470001
14393,9255763,HARPER,NOTTINGHAM,2015-05-08,8,5,2015,22,6,4,9,,4,0,,1,1,4,35,4,2,6,4,0,0,0,4,false,,false,false,false,false,false,,,,,,false,false,true,,,false,false,false,false,false,-82.95444,42.40755,"{
  ""coordinates"": [
    -8.295443616100000e+01,
    4.240755448500000e+01
  ],
  ""type"": ""Point""
}","{
  ""coordinates"": [
    -82.954436161,
    42.407554485
  ],
  ""type"": ""Point""
}",-82.954436161,42.407554485
14394,9255749,HARPER,BLUEHILL,2015-05-08,8,5,2015,13,6,3,9,,4,0,,1,1,1,30,2,2,6,3,0,0,2,3,false,,false,false,false,false,false,,,,,,false,false,false,,,false,false,false,false,false,-82.93487,42.41732,"{
  ""coordinates"": [
    -8.293486860699990e+01,
    4.241732339500000e+01
  ],
  ""type"": ""Point""
}","{
  ""coordinates"": [
    -82.934868607,
    42.417323395
  ],
  ""type"": ""Point""
}",-82.9348686069999,42.417323395
14395,9264681,E I 96,CONSOLIDATED RAIL CORPORATION,2015-05-08,8,5,2015,16,6,8,1,,1,0,,1,1,1,70,4,2,2,5,0,0,0,0,true,,false,false,false,false,false,,,,,,false,false,false,,,false,false,false,false,false,-83.18532,42.38145,"{
  ""coordinates"": [
    -8.318531932900000e+01,
    4.238145610700010e+01
  ],
  ""type"": ""Point""
}","{
  ""coordinates"": [
    -83.185319329,
    42.381456107
  ],
  ""type"": ""Point""
}",-83.185319329,42.3814561070001
14396,9264726,EB I-94,GRATIOT,2015-05-08,8,5,2015,15,6,5,1,,1,0,,1,1,1,55,3,2,2,5,0,0,0,0,true,,false,false,false,false,false,,,,,,false,false,true,,,false,false,false,false,false,-83.01334,42.38881,"{
  ""coordinates"": [
    -8.301334170099990e+01,
    4.238880946800000e+01
  ],
  ""type"": ""Point""
}","{
  ""coordinates"": [
    -83.013341701,
    42.388809468
  ],
  ""type"": ""Point""
}",-83.0133417009999,42.388809468
14397,9264721,MOROSS,HARPER,2015-05-08,8,5,2015,8,6,8,9,,2,0,,1,1,1,35,3,2,2,5,0,0,0,0,true,,false,false,false,false,false,,,,,,false,false,false,,,false,false,false,false,false,-82.92924,42.42459,"{
  ""coordinates"": [
    -8.292923883400000e+01,
    4.242459426600000e+01
  ],
  ""type"": ""Point""
}","{
  ""coordinates"": [
    -82.929238834,
    42.424594266
  ],
  ""type"": ""Point""
}",-82.929238834,42.424594266
14398,9265056,JOY,TRINITY,2015-05-08,8,5,2015,0,6,1,9,,2,0,,1,1,4,35,2,1,1,2,0,1,0,0,false,,false,false,false,true,true,,,,,,false,false,false,,,false,false,false,false,false,-83.24687,42.35736,"{
  ""coordinates"": [
    -8.324687170500000e+01,
    4.235736253300010e+01
  ],
  ""type"": ""Point""
}","{
  ""coordinates"": [
    -83.246871705,
    42.357362533
  ],
  ""type"": ""Point""
}",-83.246871705,42.3573625330001
14399,9284735,TELEGRAPH,7 MILE,2015-05-08,8,5,2015,17,6,5,2,,1,0,,1,1,1,45,4,3,3,5,0,0,0,0,true,,false,false,false,false,false,,,,,,false,false,true,,,false,false,false,false,false,-83.27755,42.42885,"{
  ""coordinates"": [
    -8.327754914600000e+01,
    4.242885068800010e+01
  ],
  ""type"": ""Point""
}","{
  ""coordinates"": [
    -83.277549146,
    42.428850688
  ],
  ""type"": ""Point""
}",-83.277549146,42.4288506880001
14400,9256322,7 MILE,ASBURY,2015-05-08,8,5,2015,16,6,5,9,,2,0,,1,1,1,30,2,2,2,5,0,0,0,0,true,,false,false,false,false,false,,,,,,false,true,false,,,false,false,false,false,false,-83.20955,42.43027,"{
  ""coordinates"": [
    -8.320954698000000e+01,
    4.243027390400000e+01
  ],
  ""type"": ""Point""
}","{
  ""coordinates"": [
    -83.20954698,
    42.430273904
  ],
  ""type"": ""Point""
}",-83.20954698,42.430273904
14401,9257037,THADDEUS,SLOAN,2015-05-08,8,5,2015,16,6,8,9,,,0,,1,1,1,25,2,2,2,5,0,0,0,0,true,,false,false,false,false,false,,,,,,false,false,false,,,false,false,false,false,false,-83.11694,42.29309,"{
  ""coordinates"": [
    -8.311693419700001e+01,
    4.229309549000000e+01
  ],
  ""type"": ""Point""
}","{
  ""coordinates"": [
    -83.116934197,
    42.29309549
  ],
  ""type"": ""Point""
}",-83.116934197,42.29309549
14402,9255792,GRAND,CANFIELD,2015-05-08,8,5,2015,8,6,9,9,,4,3,,1,1,1,30,3,3,1,4,0,0,0,2,false,,false,false,false,false,false,,,,,,false,false,false,,,false,false,false,false,false,-83.01646,42.36922,"{
  ""coordinates"": [
    -8.301646289699990e+01,
    4.236922095300010e+01
  ],
  ""type"": ""Point""
}","{
  ""coordinates"": [
    -83.016462897,
    42.369220953
  ],
  ""type"": ""Point""
}",-83.0164628969999,42.3692209530001
14403,9255801,8 MILE,PICADILLY,2015-05-08,8,5,2015,12,6,8,3,,1,0,,1,1,1,45,6,2,1,5,0,0,0,0,true,,false,false,false,false,false,,,,,,false,true,false,,,false,false,false,false,false,-83.13729,42.44618,"{
  ""coordinates"": [
    -8.313729083600001e+01,
    4.244618345700010e+01
  ],
  ""type"": ""Point""
}","{
  ""coordinates"": [
    -83.137290836,
    42.446183457
  ],
  ""type"": ""Point""
}",-83.137290836,42.4461834570001
14404,9264616,W I 94,RAMP 220F,2015-05-08,8,5,2015,10,6,5,1,,1,0,,1,1,1,55,3,2,2,3,0,0,1,1,false,,false,false,false,false,false,,,,,,false,false,true,,,false,false,false,false,false,-82.98621,42.3976,"{
  ""coordinates"": [
    -8.298621256099990e+01,
    4.239760334600000e+01
  ],
  ""type"": ""Point""
}","{
  ""coordinates"": [
    -82.986212561,
    42.397603346
  ],
  ""type"": ""Point""
}",-82.9862125609999,42.397603346
14405,9258999,GREENFIELD,GROVE,2015-05-08,8,5,2015,11,6,97,9,,2,1,,1,1,1,35,4,1,2,5,0,0,0,0,true,,false,false,false,false,false,,,,,,false,false,true,,,false,false,false,false,false,-83.19922,42.41389,"{
  ""coordinates"": [
    -8.319922123600000e+01,
    4.241388883700010e+01
  ],
  ""type"": ""Point""
}","{
  ""coordinates"": [
    -83.199221236,
    42.413888837
  ],
  ""type"": ""Point""
}",-83.199221236,42.4138888370001
14406,9258998,GRAND RIVER,WYOMING,2015-05-08,8,5,2015,8,6,3,3,,1,0,,1,1,1,35,5,3,3,2,0,2,0,0,false,,false,false,false,false,false,,,,,,false,false,false,,,false,false,false,false,false,-83.15859,42.37664,"{
  ""coordinates"": [
    -8.315859382199990e+01,
    4.237664200200000e+01
  ],
  ""type"": ""Point""
}","{
  ""coordinates"": [
    -83.158593822,
    42.376642002
  ],
  ""type"": ""Point""
}",-83.1585938219999,42.376642002
14407,9264727,EB I-94,ADDISON,2015-05-08,8,5,2015,16,6,1,1,,1,0,,1,1,1,55,3,1,1,5,0,0,0,0,true,,false,false,false,false,false,,,,,,false,false,false,,,false,false,false,false,false,-83.152,42.3298,"{
  ""coordinates"": [
    -8.315199933299991e+01,
    4.232980312700000e+01
  ],
  ""type"": ""Point""
}","{
  ""coordinates"": [
    -83.151999333,
    42.329803127
  ],
  ""type"": ""Point""
}",-83.1519993329999,42.329803127
14408,9259846,S M 39 SERVICE DRIVE,WARREN,2015-05-08,8,5,2015,19,6,97,9,,4,1,,2,4,1,30,2,1,1,5,0,0,0,0,true,,false,false,false,false,false,,,,,,false,false,true,,,false,false,false,false,false,-83.21653,42.34342,"{
  ""coordinates"": [
    -8.321652803400001e+01,
    4.234341679500010e+01
  ],
  ""type"": ""Point""
}","{
  ""coordinates"": [
    -83.216528034,
    42.343416795
  ],
  ""type"": ""Point""
}",-83.216528034,42.3434167950001
14409,9265046,EDSEL,LAKEWOOD,2015-05-08,8,5,2015,4,6,1,9,,4,0,,1,1,5,25,2,1,2,5,0,0,0,0,true,,false,false,false,false,false,,,,,,false,false,true,,,false,false,false,false,false,-82.96604,42.40424,"{
  ""coordinates"": [
    -8.296603880700000e+01,
    4.240423430200010e+01
  ],
  ""type"": ""Point""
}","{
  ""coordinates"": [
    -82.966038807,
    42.404234302
  ],
  ""type"": ""Point""
}",-82.966038807,42.4042343020001
14410,9335709,FENKELL,ASBURY,2015-05-08,8,5,2015,4,6,5,9,,2,0,,1,1,1,30,4,2,3,5,0,0,0,0,true,,false,false,false,false,false,,,,,,false,true,false,,,false,false,false,false,false,-83.2084,42.40129,"{
  ""coordinates"": [
    -8.320840299400000e+01,
    4.240128996900010e+01
  ],
  ""type"": ""Point""
}","{
  ""coordinates"": [
    -83.208402994,
    42.401289969
  ],
  ""type"": ""Point""
}",-83.208402994,42.4012899690001
14411,9287858,DAVISON,EWALD,2015-05-08,8,5,2015,7,6,1,3,,1,1,,1,1,1,35,3,1,1,3,0,0,1,0,false,,false,false,false,false,false,,,,,,false,false,false,,,false,false,false,false,false,-83.14523,42.38626,"{
  ""coordinates"": [
    -8.314523346500000e+01,
    4.238625586300000e+01
  ],
  ""type"": ""Point""
}","{
  ""coordinates"": [
    -83.145233465,
    42.386255863
  ],
  ""type"": ""Point""
}",-83.145233465,42.386255863
14412,9264680,N M 39,RAMP 006B,2015-05-08,8,5,2015,15,6,5,3,,1,0,,1,1,1,55,3,2,3,4,0,0,0,1,false,,false,false,false,false,false,,,,,,false,false,true,,,false,false,false,false,false,-83.21616,42.34697,"{
  ""coordinates"": [
    -8.321616720500000e+01,
    4.234696656800000e+01
  ],
  ""type"": ""Point""
}","{
  ""coordinates"": [
    -83.216167205,
    42.346966568
  ],
  ""type"": ""Point""
}",-83.216167205,42.346966568
14413,9265089,JEFFERSON,PENNSYLVANIA,2015-05-08,8,5,2015,16,6,8,9,,4,0,,1,1,1,35,7,3,5,5,0,0,0,0,true,,false,false,false,false,false,,,,,,false,false,false,,,false,false,false,false,false,-82.98277,42.36023,"{
  ""coordinates"": [
    -8.298277576500000e+01,
    4.236022548400010e+01
  ],
  ""type"": ""Point""
}","{
  ""coordinates"": [
    -82.982775765,
    42.360225484
  ],
  ""type"": ""Point""
}",-82.982775765,42.3602254840001
14414,9255761,ROXBURY,MORANG,2015-05-08,8,5,2015,1,6,1,9,,,1,,1,1,4,25,2,1,2,5,0,0,0,0,true,,false,false,false,false,false,,,,,,false,false,false,,,false,false,false,false,false,-82.94662,42.42505,"{
  ""coordinates"": [
    -8.294662528800001e+01,
    4.242505452000010e+01
  ],
  ""type"": ""Point""
}","{
  ""coordinates"": [
    -82.946625288,
    42.42505452
  ],
  ""type"": ""Point""
}",-82.946625288,42.4250545200001
14415,9451129,ELIZABETH,CASS,2015-05-08,8,5,2015,21,6,4,9,,4,0,,2,4,4,35,2,2,3,4,0,0,0,1,false,,false,false,false,false,false,,,,,,false,false,true,,,false,false,false,false,false,-83.05525,42.33597,"{
  ""coordinates"": [
    -8.305525046100000e+01,
    4.233597095300010e+01
  ],
  ""type"": ""Point""
}","{
  ""coordinates"": [
    -83.055250461,
    42.335970953
  ],
  ""type"": ""Point""
}",-83.055250461,42.3359709530001
14416,9286299,LIVERNOIS,CLEMENTS,2015-05-08,8,5,2015,18,6,1,9,,4,0,,1,1,1,35,5,2,1,3,0,0,1,0,false,,false,false,false,false,false,,,,,,true,false,false,,,false,false,false,false,false,-83.13947,42.38759,"{
  ""coordinates"": [
    -8.313946448000000e+01,
    4.238759222700000e+01
  ],
  ""type"": ""Point""
}","{
  ""coordinates"": [
    -83.13946448,
    42.387592227
  ],
  ""type"": ""Point""
}",-83.13946448,42.387592227
14417,9257049,RAMP 104B,N M 10,2015-05-08,8,5,2015,22,6,5,3,,1,0,,1,1,4,35,2,2,3,4,0,0,0,1,false,,false,false,false,false,false,,,,,,false,false,false,,,false,false,false,false,false,-83.16663,42.41121,"{
  ""coordinates"": [
    -8.316663724100000e+01,
    4.241120545300000e+01
  ],
  ""type"": ""Point""
}","{
  ""coordinates"": [
    -83.166637241,
    42.411205453
  ],
  ""type"": ""Point""
}",-83.166637241,42.411205453
14418,9259015,WADSWORTH,PREST,2015-05-08,8,5,2015,17,6,4,9,,,0,,1,1,1,25,2,2,3,5,0,0,0,0,true,,false,false,false,false,false,,,,,,false,false,true,,,false,false,false,false,false,-83.1967,42.37477,"{
  ""coordinates"": [
    -8.319670135099990e+01,
    4.237476699700010e+01
  ],
  ""type"": ""Point""
}","{
  ""coordinates"": [
    -83.196701351,
    42.374766997
  ],
  ""type"": ""Point""
}",-83.1967013509999,42.3747669970001
14419,9287836,REGENT,EASTBURN,2015-05-08,8,5,2015,17,6,4,9,,,0,,1,1,1,25,1,2,5,5,0,0,0,0,true,,false,false,true,false,false,,,,,,false,true,false,,,false,false,false,false,false,-82.97569,42.44513,"{
  ""coordinates"": [
    -8.297568888900000e+01,
    4.244513133600000e+01
  ],
  ""type"": ""Point""
}","{
  ""coordinates"": [
    -82.975688889,
    42.445131336
  ],
  ""type"": ""Point""
}",-82.975688889,42.445131336
14420,9262937,I375,LAFAYETTE,2015-05-08,8,5,2015,18,6,5,1,,1,0,,1,1,1,55,4,2,5,5,0,0,0,0,true,,false,false,false,false,false,,,,,,false,false,false,,,false,false,false,false,false,-83.03958,42.33805,"{
  ""coordinates"": [
    -8.303958177000000e+01,
    4.233804649500010e+01
  ],
  ""type"": ""Point""
}","{
  ""coordinates"": [
    -83.03958177,
    42.338046495
  ],
  ""type"": ""Point""
}",-83.03958177,42.3380464950001
14421,9267515,STANSBURY,GROVE,2015-05-08,8,5,2015,23,6,9,9,,,2,,2,4,5,25,2,2,0,5,0,0,0,0,true,,false,false,true,false,false,,,,,,false,false,false,,,false,false,false,false,false,-83.18288,42.41483,"{
  ""coordinates"": [
    -8.318288050200000e+01,
    4.241482601400000e+01
  ],
  ""type"": ""Point""
}","{
  ""coordinates"": [
    -83.182880502,
    42.414826014
  ],
  ""type"": ""Point""
}",-83.182880502,42.414826014
14422,9265072,KENTFIELD,CLARITA,2015-05-08,8,5,2015,3,6,97,9,,,0,,1,1,4,25,2,2,0,5,0,0,0,0,true,,false,false,true,false,false,,,,,,false,false,false,,,false,false,false,false,false,-83.24168,42.4257,"{
  ""coordinates"": [
    -8.324168501500000e+01,
    4.242570203100010e+01
  ],
  ""type"": ""Point""
}","{
  ""coordinates"": [
    -83.241685015,
    42.425702031
  ],
  ""type"": ""Point""
}",-83.241685015,42.4257020310001
14423,9259008,SCHAEFER,BELTON,2015-05-08,8,5,2015,23,6,4,9,,4,0,,2,2,4,30,4,2,2,4,0,0,0,2,false,,false,false,true,false,false,,,,,,false,false,false,,,false,false,false,false,false,-83.17728,42.35377,"{
  ""coordinates"": [
    -8.317728186700000e+01,
    4.235376668100000e+01
  ],
  ""type"": ""Point""
}","{
  ""coordinates"": [
    -83.177281867,
    42.353766681
  ],
  ""type"": ""Point""
}",-83.177281867,42.353766681
14424,9265088,VAN DYKE,GEORGIA,2015-05-08,8,5,2015,15,6,5,3,,1,0,,1,1,1,35,5,2,3,5,0,0,0,0,true,,false,false,false,false,false,,,,,,false,true,false,,,false,false,false,false,false,-83.02267,42.39317,"{
  ""coordinates"": [
    -8.302266985499990e+01,
    4.239316606800000e+01
  ],
  ""type"": ""Point""
}","{
  ""coordinates"": [
    -83.022669855,
    42.393166068
  ],
  ""type"": ""Point""
}",-83.0226698549999,42.393166068
14425,9259017,SUSSEX,SCHOOLCRAFT,2015-05-08,8,5,2015,17,6,97,9,,,0,,1,1,1,25,2,2,1,4,0,0,0,1,false,,false,false,true,false,false,,,,,,true,false,false,,,false,false,false,false,false,-83.19505,42.38797,"{
  ""coordinates"": [
    -8.319504529100000e+01,
    4.238797202700000e+01
  ],
  ""type"": ""Point""
}","{
  ""coordinates"": [
    -83.195045291,
    42.387972027
  ],
  ""type"": ""Point""
}",-83.195045291,42.387972027
14426,9257050,PLYMOUTH,EVERGREEN,2015-05-08,8,5,2015,14,6,8,9,,4,0,,1,1,1,35,2,2,3,5,0,0,0,0,true,,false,false,true,false,false,,,,,,false,true,false,,,false,false,false,false,false,-83.23623,42.37189,"{
  ""coordinates"": [
    -8.323622960099991e+01,
    4.237188909700010e+01
  ],
  ""type"": ""Point""
}","{
  ""coordinates"": [
    -83.236229601,
    42.371889097
  ],
  ""type"": ""Point""
}",-83.2362296009999,42.3718890970001
14427,9257834,S I 75,216B,2015-05-08,8,5,2015,23,6,5,1,,1,0,,1,1,4,55,4,3,5,3,0,0,2,1,false,,false,false,false,false,false,,,,,,false,false,true,,,false,false,false,false,false,-83.05762,42.36729,"{
  ""coordinates"": [
    -8.305762320699991e+01,
    4.236728586800010e+01
  ],
  ""type"": ""Point""
}","{
  ""coordinates"": [
    -83.057623207,
    42.367285868
  ],
  ""type"": ""Point""
}",-83.0576232069999,42.3672858680001
14428,9258864,RAMP 037D,S I 75,2015-05-08,8,5,2015,1,6,1,1,,1,1,,1,1,4,55,2,1,0,5,0,0,0,0,true,,false,false,true,false,false,,,,,,false,false,false,,,false,false,false,false,false,-83.08134,42.33294,"{
  ""coordinates"": [
    -8.308133376700000e+01,
    4.233293507900000e+01
  ],
  ""type"": ""Point""
}","{
  ""coordinates"": [
    -83.081333767,
    42.332935079
  ],
  ""type"": ""Point""
}",-83.081333767,42.332935079
14429,9265100,PENROD,SCHOOLCRAFT,2015-05-08,8,5,2015,15,6,8,9,,,0,,1,1,1,25,2,2,2,5,0,0,0,0,true,,false,false,false,false,false,,,,,,false,false,false,,,false,false,false,false,false,-83.22103,42.38688,"{
  ""coordinates"": [
    -8.322103059999991e+01,
    4.238688257400000e+01
  ],
  ""type"": ""Point""
}","{
  ""coordinates"": [
    -83.2210306,
    42.386882574
  ],
  ""type"": ""Point""
}",-83.2210305999999,42.386882574
14430,9287589,M-39,PAUL,2015-05-08,8,5,2015,3,6,1,3,,1,1,,1,1,1,55,3,1,2,5,0,0,0,0,true,,false,false,false,false,false,,,,,,false,false,false,,,false,false,false,false,false,-83.21592,42.33585,"{
  ""coordinates"": [
    -8.321591880100000e+01,
    4.233585087200000e+01
  ],
  ""type"": ""Point""
}","{
  ""coordinates"": [
    -83.215918801,
    42.335850872
  ],
  ""type"": ""Point""
}",-83.215918801,42.335850872