ObjectId,Crash ID,Primary Road,Intersecting Road,Crash Date,Day,Month,Year,Hour,Weekday,Crash Type Code,Highway Classification Code,Community Code,Jurisdiction Code,Lane Departure Type Code,Surface Type,Road Condition,Weather Condition,Lighting Condition,Speed Limit,Lanes,Units,Occupants,Most Severe Injury,Fatal Injuries,Suspected Serious Injuries,Suspected Minor Injuries,Possible Injuries,Property Damage Only,Secondary Crash,Traffic Control,Red Light Run,Hit and Run,Alcohol,Drugs,Unbelted Person,Work Zone,Speeding Driver,Distracted Driver,Driveway,Pedestrian,Elderly Driver,Young Driver,Commercial Vehicle,Emergency Vehicles,Train,School Bus,Motorcycle,Bicycle,Deer,Longitude,Latitude,geom,geog,x,y
14431,9265086,MACK,PENNSYLANIA,2015-05-08,8,5,2015,16,6,3,9,,4,0,,1,1,1,25,2,2,3,5,0,0,0,0,true,,false,false,false,false,false,,,,,,false,false,true,,,false,false,false,false,false,-82.99194,42.37305,"{
  ""coordinates"": [
    -8.299193534599991e+01,
    4.237304748700010e+01
  ],
  ""type"": ""Point""
}","{
  ""coordinates"": [
    -82.991935346,
    42.373047487
  ],
  ""type"": ""Point""
}",-82.9919353459999,42.3730474870001
14432,9260713,W I 96,GRAND RIVER,2015-05-08,8,5,2015,7,6,5,1,,1,0,,1,1,1,35,3,2,2,5,0,0,0,0,true,,false,false,false,false,false,,,,,,false,false,false,,,false,false,false,false,false,-83.14494,42.37112,"{
  ""coordinates"": [
    -8.314494374100001e+01,
    4.237112606200000e+01
  ],
  ""type"": ""Point""
}","{
  ""coordinates"": [
    -83.144943741,
    42.371126062
  ],
  ""type"": ""Point""
}",-83.144943741,42.371126062
14433,9287811,MORANG,LAING,2015-05-08,8,5,2015,21,6,8,9,,4,0,,2,4,5,30,2,2,1,5,0,0,0,0,true,,false,false,true,false,false,,,,,,false,false,false,,,false,false,false,false,false,-82.95311,42.42739,"{
  ""coordinates"": [
    -8.295311031599989e+01,
    4.242739653400000e+01
  ],
  ""type"": ""Point""
}","{
  ""coordinates"": [
    -82.953110316,
    42.427396534
  ],
  ""type"": ""Point""
}",-82.9531103159999,42.427396534
14434,9267357,E I 94,CHENE,2015-05-08,8,5,2015,10,6,97,1,,1,0,,1,1,1,55,3,2,1,5,0,0,0,0,true,,false,false,false,false,false,,,,,,false,false,false,,,false,false,false,false,false,-83.04569,42.37453,"{
  ""coordinates"": [
    -8.304569326300000e+01,
    4.237453472500000e+01
  ],
  ""type"": ""Point""
}","{
  ""coordinates"": [
    -83.045693263,
    42.374534725
  ],
  ""type"": ""Point""
}",-83.045693263,42.374534725
14435,9265037,WASHINGTON,PARK,2015-05-08,8,5,2015,18,6,8,9,,4,0,,1,1,1,25,2,2,54,4,0,0,0,1,false,,false,false,false,false,false,,,,,,false,false,false,,,false,false,false,false,false,-83.0512,42.33583,"{
  ""coordinates"": [
    -8.305119831400000e+01,
    4.233583562800000e+01
  ],
  ""type"": ""Point""
}","{
  ""coordinates"": [
    -83.051198314,
    42.335835628
  ],
  ""type"": ""Point""
}",-83.051198314,42.335835628
14436,9265152,8 MILE,WOODWARD,2015-05-08,8,5,2015,16,6,5,3,,1,0,,1,1,1,45,3,2,2,5,0,0,0,0,true,,false,false,false,false,false,,,,,,false,false,false,,,false,false,false,false,false,-83.12466,42.44651,"{
  ""coordinates"": [
    -8.312465374600001e+01,
    4.244651162100010e+01
  ],
  ""type"": ""Point""
}","{
  ""coordinates"": [
    -83.124653746,
    42.446511621
  ],
  ""type"": ""Point""
}",-83.124653746,42.4465116210001
14437,9267514,MEYERS,MCNICHOLS,2015-05-08,8,5,2015,11,6,3,9,,4,0,,1,1,1,30,2,2,2,5,0,0,0,0,true,,false,false,true,false,false,,,,,,false,false,false,,,false,false,false,false,false,-83.17009,42.41638,"{
  ""coordinates"": [
    -8.317009212200000e+01,
    4.241638157400010e+01
  ],
  ""type"": ""Point""
}","{
  ""coordinates"": [
    -83.170092122,
    42.416381574
  ],
  ""type"": ""Point""
}",-83.170092122,42.4163815740001
14438,9308591,DAVISON,ROSAPARKS,2015-05-08,8,5,2015,5,6,4,3,,1,0,,1,1,2,45,6,2,2,4,0,0,0,1,false,,false,false,false,false,false,,,,,,false,true,false,,,false,false,false,false,false,-83.11322,42.39629,"{
  ""coordinates"": [
    -8.311322146700000e+01,
    4.239628476800000e+01
  ],
  ""type"": ""Point""
}","{
  ""coordinates"": [
    -83.113221467,
    42.396284768
  ],
  ""type"": ""Point""
}",-83.113221467,42.396284768
14439,9265093,RUSSELL,ALFRED,2015-05-08,8,5,2015,15,6,2,9,,4,2,,1,1,1,25,2,2,2,5,0,0,0,0,true,,false,false,false,false,false,,,,,,false,true,false,,,false,false,false,false,false,-83.04144,42.34782,"{
  ""coordinates"": [
    -8.304143236100001e+01,
    4.234781959300010e+01
  ],
  ""type"": ""Point""
}","{
  ""coordinates"": [
    -83.041432361,
    42.347819593
  ],
  ""type"": ""Point""
}",-83.041432361,42.3478195930001
14440,9422168,WYOMING,MC NICHOLS,2015-05-08,8,5,2015,21,6,5,9,,4,0,,2,4,4,30,2,2,3,5,0,0,0,0,true,,false,false,false,false,false,,,,,,false,false,false,,,false,false,false,false,false,-83.16032,42.4169,"{
  ""coordinates"": [
    -8.316031408100000e+01,
    4.241690113200010e+01
  ],
  ""type"": ""Point""
}","{
  ""coordinates"": [
    -83.160314081,
    42.416901132
  ],
  ""type"": ""Point""
}",-83.160314081,42.4169011320001
14441,9267475,RYAN,OUTER,2015-05-08,8,5,2015,11,6,4,9,,4,0,,1,1,1,30,4,2,3,5,0,0,0,0,true,,false,false,false,false,false,,,,,,false,true,true,,,false,false,false,false,false,-83.06355,42.44033,"{
  ""coordinates"": [
    -8.306354575800000e+01,
    4.244032674200000e+01
  ],
  ""type"": ""Point""
}","{
  ""coordinates"": [
    -83.063545758,
    42.440326742
  ],
  ""type"": ""Point""
}",-83.063545758,42.440326742
14442,9267512,MEYERS,MCNICHOLS,2015-05-08,8,5,2015,15,6,5,9,,4,0,,1,1,1,30,2,2,2,5,0,0,0,0,true,,false,false,false,false,false,,,,,,false,true,false,,,false,false,false,false,false,-83.17008,42.41618,"{
  ""coordinates"": [
    -8.317008201300000e+01,
    4.241617968800010e+01
  ],
  ""type"": ""Point""
}","{
  ""coordinates"": [
    -83.170082013,
    42.416179688
  ],
  ""type"": ""Point""
}",-83.170082013,42.4161796880001
14443,9259767,I-94,I-96,2015-05-08,8,5,2015,9,6,97,1,,1,0,,1,1,1,70,3,2,2,5,0,0,0,0,true,,false,false,false,false,false,,,,,,false,false,true,,,false,false,false,false,false,-83.10095,42.34952,"{
  ""coordinates"": [
    -8.310095496799990e+01,
    4.234952148200010e+01
  ],
  ""type"": ""Point""
}","{
  ""coordinates"": [
    -83.100954968,
    42.349521482
  ],
  ""type"": ""Point""
}",-83.1009549679999,42.3495214820001
14444,9259052,BURT,KEELER,2015-05-08,8,5,2015,10,6,4,9,,4,0,,1,1,1,25,4,2,3,3,0,0,1,0,false,,false,false,false,false,false,,,,,,false,false,false,,,false,false,false,false,false,-83.24719,42.40232,"{
  ""coordinates"": [
    -8.324719031399999e+01,
    4.240231713000000e+01
  ],
  ""type"": ""Point""
}","{
  ""coordinates"": [
    -83.247190314,
    42.40231713
  ],
  ""type"": ""Point""
}",-83.247190314,42.40231713
14445,9262933,I75,VERNOR,2015-05-08,8,5,2015,23,6,8,1,,1,0,,1,1,4,70,3,2,3,5,0,0,0,0,true,,false,false,false,false,false,,,,,,false,false,true,,,false,false,false,false,false,-83.08266,42.31821,"{
  ""coordinates"": [
    -8.308265971000000e+01,
    4.231821432900010e+01
  ],
  ""type"": ""Point""
}","{
  ""coordinates"": [
    -83.08265971,
    42.318214329
  ],
  ""type"": ""Point""
}",-83.08265971,42.3182143290001
14446,9287590,I 94,ROOSEVELT,2015-05-08,8,5,2015,3,6,1,9,,,1,,1,1,4,70,4,1,1,4,0,0,0,1,false,,false,false,false,true,true,,,,,,false,false,false,,,false,false,false,false,false,-83.10477,42.34797,"{
  ""coordinates"": [
    -8.310476683300000e+01,
    4.234796383300010e+01
  ],
  ""type"": ""Point""
}","{
  ""coordinates"": [
    -83.104766833,
    42.347963833
  ],
  ""type"": ""Point""
}",-83.104766833,42.3479638330001
14447,9264722,N M 39,JOY,2015-05-08,8,5,2015,14,6,5,3,,1,0,,1,1,1,55,3,3,5,5,0,0,0,0,true,,false,false,false,false,false,,,,,,false,false,true,,,false,false,false,false,false,-83.21638,42.35782,"{
  ""coordinates"": [
    -8.321638654500001e+01,
    4.235781816700010e+01
  ],
  ""type"": ""Point""
}","{
  ""coordinates"": [
    -83.216386545,
    42.357818167
  ],
  ""type"": ""Point""
}",-83.216386545,42.3578181670001
14448,9264679,I94,WAYNE,2015-05-08,8,5,2015,12,6,1,1,,1,1,,1,1,1,70,4,1,1,5,0,0,0,0,true,,false,false,false,false,false,,,,,,false,false,false,,,false,false,false,false,false,-83.08186,42.35581,"{
  ""coordinates"": [
    -8.308186680199999e+01,
    4.235580968600000e+01
  ],
  ""type"": ""Point""
}","{
  ""coordinates"": [
    -83.081866802,
    42.355809686
  ],
  ""type"": ""Point""
}",-83.081866802,42.355809686
14449,9267485,CATHEDRAL,ASHTON,2015-05-08,8,5,2015,14,6,4,9,,,0,,1,1,1,15,3,2,4,5,0,0,0,0,true,,false,false,false,false,false,,,,,,false,true,false,,,false,false,false,false,false,-83.21779,42.36143,"{
  ""coordinates"": [
    -8.321778813899989e+01,
    4.236143598000010e+01
  ],
  ""type"": ""Point""
}","{
  ""coordinates"": [
    -83.217788139,
    42.36143598
  ],
  ""type"": ""Point""
}",-83.2177881389999,42.3614359800001
14450,9267472,MADISON,BRUSH,2015-05-08,8,5,2015,10,6,9,9,,4,0,,1,1,1,25,3,2,6,5,0,0,0,0,true,,false,false,false,false,false,,,,,,false,false,false,,,false,false,false,false,false,-83.04582,42.33739,"{
  ""coordinates"": [
    -8.304581935899991e+01,
    4.233739315200010e+01
  ],
  ""type"": ""Point""
}","{
  ""coordinates"": [
    -83.045819359,
    42.337393152
  ],
  ""type"": ""Point""
}",-83.0458193589999,42.3373931520001
14451,9255790,LANTZ,TERRELL,2015-05-08,8,5,2015,16,6,5,9,,,0,,1,1,1,25,2,2,1,5,0,0,0,0,true,,false,false,false,false,false,,,,,,false,false,false,,,false,false,false,false,false,-83.0226,42.4388,"{
  ""coordinates"": [
    -8.302259543699989e+01,
    4.243879951500000e+01
  ],
  ""type"": ""Point""
}","{
  ""coordinates"": [
    -83.022595437,
    42.438799515
  ],
  ""type"": ""Point""
}",-83.0225954369999,42.438799515
14452,9264678,N I 75,RAMP 216H,2015-05-08,8,5,2015,9,6,8,1,,1,0,,1,1,1,55,3,2,1,5,0,0,0,0,true,,false,false,true,false,false,,,,,,false,true,false,,,false,false,false,false,false,-83.05814,42.36901,"{
  ""coordinates"": [
    -8.305814416000000e+01,
    4.236901153900000e+01
  ],
  ""type"": ""Point""
}","{
  ""coordinates"": [
    -83.05814416,
    42.369011539
  ],
  ""type"": ""Point""
}",-83.05814416,42.369011539
14453,9267469,WOODWARD,KIRBY,2015-05-08,8,5,2015,13,6,5,3,,1,0,,1,1,1,30,2,2,2,5,0,0,0,0,true,,false,false,true,false,false,,,,,,false,false,false,,,false,false,false,false,false,-83.06629,42.35982,"{
  ""coordinates"": [
    -8.306629252200000e+01,
    4.235981688400010e+01
  ],
  ""type"": ""Point""
}","{
  ""coordinates"": [
    -83.066292522,
    42.359816884
  ],
  ""type"": ""Point""
}",-83.066292522,42.3598168840001
14454,9259053,STAHELIN,PURITAN,2015-05-08,8,5,2015,11,6,5,9,,,0,,1,1,1,25,2,2,1,5,0,0,0,0,true,,false,false,false,false,false,,,,,,false,false,true,,,false,false,false,false,false,-83.22627,42.40829,"{
  ""coordinates"": [
    -8.322627273900000e+01,
    4.240828962900010e+01
  ],
  ""type"": ""Point""
}","{
  ""coordinates"": [
    -83.226272739,
    42.408289629
  ],
  ""type"": ""Point""
}",-83.226272739,42.4082896290001
14455,9288693,CHRYSLER,8 MILE,2015-05-08,8,5,2015,15,6,8,1,,1,0,,1,98,1,40,3,2,2,5,0,0,0,0,true,,false,false,true,false,false,,,,,,false,false,false,,,false,false,false,false,false,-83.09489,42.44536,"{
  ""coordinates"": [
    -8.309488400100000e+01,
    4.244535697400000e+01
  ],
  ""type"": ""Point""
}","{
  ""coordinates"": [
    -83.094884001,
    42.445356974
  ],
  ""type"": ""Point""
}",-83.094884001,42.445356974
14456,9264654,WB I-94,WOODSIDE,2015-05-08,8,5,2015,8,6,5,1,,1,0,,1,1,1,55,3,3,3,5,0,0,0,0,true,,false,false,false,false,false,,,,,,false,false,false,,,false,false,false,false,false,-83.13889,42.36744,"{
  ""coordinates"": [
    -8.313888491400000e+01,
    4.236744410600010e+01
  ],
  ""type"": ""Point""
}","{
  ""coordinates"": [
    -83.138884914,
    42.367444106
  ],
  ""type"": ""Point""
}",-83.138884914,42.3674441060001
14457,9257043,PROCTOR,MICHIGAN,2015-05-08,8,5,2015,21,6,1,2,,,0,,2,2,3,25,2,2,1,4,0,0,0,1,false,,false,false,true,false,false,,,,,,true,false,false,,,false,false,false,false,false,-83.13558,42.33117,"{
  ""coordinates"": [
    -8.313558090700000e+01,
    4.233117055400000e+01
  ],
  ""type"": ""Point""
}","{
  ""coordinates"": [
    -83.135580907,
    42.331170554
  ],
  ""type"": ""Point""
}",-83.135580907,42.331170554
14458,9339336,WOODWARD,MILWAUKEE,2015-05-08,8,5,2015,13,6,5,3,,1,0,,1,1,1,30,2,2,1,5,0,0,0,0,true,,false,false,false,false,false,,,,,,false,true,false,,,false,false,false,false,false,-83.07258,42.36914,"{
  ""coordinates"": [
    -8.307257972399999e+01,
    4.236914277200000e+01
  ],
  ""type"": ""Point""
}","{
  ""coordinates"": [
    -83.072579724,
    42.369142772
  ],
  ""type"": ""Point""
}",-83.072579724,42.369142772
14459,9264720,DAVISON,M10,2015-05-07,7,5,2015,9,5,5,3,,1,0,,1,1,1,55,5,2,2,5,0,0,0,0,true,,false,false,false,false,false,,,,,,false,false,true,,,false,false,false,false,false,-83.10916,42.39873,"{
  ""coordinates"": [
    -8.310916209100000e+01,
    4.239873017200010e+01
  ],
  ""type"": ""Point""
}","{
  ""coordinates"": [
    -83.109162091,
    42.398730172
  ],
  ""type"": ""Point""
}",-83.109162091,42.3987301720001
14460,9265101,SANTA CLARA,BENTLER,2015-05-07,7,5,2015,19,5,5,9,,,0,,1,1,1,25,1,2,3,5,0,0,0,0,true,,false,false,false,false,false,,,,,,false,false,false,,,false,false,false,false,false,-83.2539,42.41883,"{
  ""coordinates"": [
    -8.325390210200000e+01,
    4.241883000900000e+01
  ],
  ""type"": ""Point""
}","{
  ""coordinates"": [
    -83.253902102,
    42.418830009
  ],
  ""type"": ""Point""
}",-83.253902102,42.418830009
14461,9265490,FORD,RAMP 005K,2015-05-07,7,5,2015,13,5,8,3,,1,0,,1,1,1,50,5,2,2,5,0,0,0,0,true,,false,false,false,false,false,,,,,,false,false,true,,,false,false,false,false,false,-83.21658,42.32908,"{
  ""coordinates"": [
    -8.321658086900000e+01,
    4.232908301800010e+01
  ],
  ""type"": ""Point""
}","{
  ""coordinates"": [
    -83.216580869,
    42.329083018
  ],
  ""type"": ""Point""
}",-83.216580869,42.3290830180001
14462,9264691,M-10,WARREN,2015-05-07,7,5,2015,8,5,97,3,,1,0,,1,1,1,55,3,3,3,5,0,0,0,0,true,,false,false,false,false,false,,,,,,false,false,true,,,false,false,false,false,false,-83.07409,42.35505,"{
  ""coordinates"": [
    -8.307409108000000e+01,
    4.235504852800010e+01
  ],
  ""type"": ""Point""
}","{
  ""coordinates"": [
    -83.07409108,
    42.355048528
  ],
  ""type"": ""Point""
}",-83.07409108,42.3550485280001
14463,9287847,CHALMERS,OUTER,2015-05-07,7,5,2015,13,5,8,9,,4,0,,1,1,1,30,2,2,4,5,0,0,0,0,true,,false,false,true,false,false,,,,,,false,false,false,,,false,false,false,false,false,-82.97124,42.41524,"{
  ""coordinates"": [
    -8.297124738500000e+01,
    4.241524231300010e+01
  ],
  ""type"": ""Point""
}","{
  ""coordinates"": [
    -82.971247385,
    42.415242313
  ],
  ""type"": ""Point""
}",-82.971247385,42.4152423130001
14464,9264693,M-39,MCNICHOLS,2015-05-07,7,5,2015,10,5,5,3,,1,0,,1,1,1,55,3,2,2,4,0,0,0,1,false,,false,false,false,false,false,,,,,,false,false,false,,,false,false,false,false,false,-83.21889,42.41568,"{
  ""coordinates"": [
    -8.321888416900001e+01,
    4.241567616800010e+01
  ],
  ""type"": ""Point""
}","{
  ""coordinates"": [
    -83.218884169,
    42.415676168
  ],
  ""type"": ""Point""
}",-83.218884169,42.4156761680001
14465,9265133,I 75,REMINGTON,2015-05-07,7,5,2015,16,5,5,1,,4,0,,1,1,1,30,2,2,1,4,0,0,0,1,false,,false,false,true,false,false,,,,,,false,false,false,,,false,false,false,false,false,-83.09455,42.44233,"{
  ""coordinates"": [
    -8.309455308400000e+01,
    4.244233205900010e+01
  ],
  ""type"": ""Point""
}","{
  ""coordinates"": [
    -83.094553084,
    42.442332059
  ],
  ""type"": ""Point""
}",-83.094553084,42.4423320590001
14466,9264717,I-94,LIVERNOIS,2015-05-07,7,5,2015,7,5,8,1,,1,0,,1,1,1,55,3,2,2,5,0,0,0,0,true,,false,false,false,false,false,,,,,,false,false,false,,,false,false,false,false,false,-83.12646,42.33668,"{
  ""coordinates"": [
    -8.312646616500000e+01,
    4.233667749000010e+01
  ],
  ""type"": ""Point""
}","{
  ""coordinates"": [
    -83.126466165,
    42.33667749
  ],
  ""type"": ""Point""
}",-83.126466165,42.3366774900001
14467,9265024,JEFFERSON,N I 375,2015-05-07,7,5,2015,13,5,8,9,,4,0,,1,1,1,25,3,2,2,5,0,0,0,0,true,,false,false,false,false,false,,,,,,false,false,false,,,false,false,false,false,false,-83.03569,42.33267,"{
  ""coordinates"": [
    -8.303569401800000e+01,
    4.233266758800000e+01
  ],
  ""type"": ""Point""
}","{
  ""coordinates"": [
    -83.035694018,
    42.332667588
  ],
  ""type"": ""Point""
}",-83.035694018,42.332667588
14468,9265027,RIVARD,JEFFERSON,2015-05-07,7,5,2015,17,5,5,9,,5,0,,1,1,1,25,2,2,2,5,0,0,0,0,true,,false,false,false,false,false,,,,,,false,false,false,,,false,false,false,false,false,-83.03416,42.33329,"{
  ""coordinates"": [
    -8.303416414100001e+01,
    4.233328534900010e+01
  ],
  ""type"": ""Point""
}","{
  ""coordinates"": [
    -83.034164141,
    42.333285349
  ],
  ""type"": ""Point""
}",-83.034164141,42.3332853490001
14469,9264719,S M 10,215G,2015-05-07,7,5,2015,9,5,5,3,,1,0,,1,1,1,55,3,3,4,4,0,0,0,1,false,,false,false,true,false,false,,,,,,false,false,false,,,false,false,false,false,false,-83.07872,42.36252,"{
  ""coordinates"": [
    -8.307872357100000e+01,
    4.236252077900010e+01
  ],
  ""type"": ""Point""
}","{
  ""coordinates"": [
    -83.078723571,
    42.362520779
  ],
  ""type"": ""Point""
}",-83.078723571,42.3625207790001
14470,9287812,MACK,BALFOUR,2015-05-07,7,5,2015,15,5,5,9,,2,0,,1,2,1,30,3,2,3,5,0,0,0,0,true,,false,false,false,false,false,,,,,,false,false,false,,,false,false,false,false,false,-82.93921,42.38881,"{
  ""coordinates"": [
    -8.293920966500001e+01,
    4.238881388300010e+01
  ],
  ""type"": ""Point""
}","{
  ""coordinates"": [
    -82.939209665,
    42.388813883
  ],
  ""type"": ""Point""
}",-82.939209665,42.3888138830001
14471,9262925,W/B I 94,SECOND,2015-05-07,7,5,2015,17,5,5,1,,1,0,,1,1,1,55,3,2,2,5,0,0,0,0,true,,false,false,false,false,false,,,,,,false,false,false,,,false,false,false,false,false,-83.07241,42.36177,"{
  ""coordinates"": [
    -8.307240705100000e+01,
    4.236177233400010e+01
  ],
  ""type"": ""Point""
}","{
  ""coordinates"": [
    -83.072407051,
    42.361772334
  ],
  ""type"": ""Point""
}",-83.072407051,42.3617723340001
14472,9262922,S I 75 SERVICE DRIVE,WARREN,2015-05-07,7,5,2015,11,5,8,1,,4,0,,1,1,1,35,3,2,2,5,0,0,0,0,true,,false,false,false,false,false,,,,,,false,false,false,,,false,false,false,false,false,-83.05501,42.36078,"{
  ""coordinates"": [
    -8.305500931200000e+01,
    4.236078299300000e+01
  ],
  ""type"": ""Point""
}","{
  ""coordinates"": [
    -83.055009312,
    42.360782993
  ],
  ""type"": ""Point""
}",-83.055009312,42.360782993
14473,9262941,N M 10,RAMP 114B,2015-05-07,7,5,2015,16,5,5,3,,1,0,,97,98,1,55,3,2,2,5,0,0,0,0,true,,false,false,false,false,false,,,,,,false,false,true,,,false,false,false,false,false,-83.08572,42.37326,"{
  ""coordinates"": [
    -8.308572310499990e+01,
    4.237326008900000e+01
  ],
  ""type"": ""Point""
}","{
  ""coordinates"": [
    -83.085723105,
    42.373260089
  ],
  ""type"": ""Point""
}",-83.0857231049999,42.373260089
14474,9265047,YORKSHIRE,CHANDLER,2015-05-07,7,5,2015,16,5,4,9,,,0,,1,1,1,35,2,2,2,4,0,0,0,1,false,,true,false,false,false,false,,,,,,false,false,false,,,false,false,false,false,false,-82.93739,42.40952,"{
  ""coordinates"": [
    -8.293739600100000e+01,
    4.240952183300000e+01
  ],
  ""type"": ""Point""
}","{
  ""coordinates"": [
    -82.937396001,
    42.409521833
  ],
  ""type"": ""Point""
}",-82.937396001,42.409521833
14475,9265062,FORD,BRACE,2015-05-07,7,5,2015,12,5,4,3,,1,0,,1,1,1,50,6,2,2,4,0,0,0,1,false,,true,false,false,false,false,,,,,,false,false,false,,,false,false,false,false,false,-83.22266,42.32898,"{
  ""coordinates"": [
    -8.322266475700000e+01,
    4.232898270500000e+01
  ],
  ""type"": ""Point""
}","{
  ""coordinates"": [
    -83.222664757,
    42.328982705
  ],
  ""type"": ""Point""
}",-83.222664757,42.328982705
14476,9265087,MACK,RUSSELL,2015-05-07,7,5,2015,18,5,8,9,,4,0,,1,1,1,35,6,2,3,5,0,0,0,0,true,,false,false,false,false,false,,,,,,false,true,false,,,false,false,false,false,false,-83.04472,42.35257,"{
  ""coordinates"": [
    -8.304471967599990e+01,
    4.235256961800010e+01
  ],
  ""type"": ""Point""
}","{
  ""coordinates"": [
    -83.044719676,
    42.352569618
  ],
  ""type"": ""Point""
}",-83.0447196759999,42.3525696180001
14477,9260569,RAMP 047A,I75,2015-05-07,7,5,2015,16,5,5,1,,1,0,,1,1,1,70,1,2,2,5,0,0,0,0,true,,false,false,false,false,false,,,,,,false,false,false,,,false,false,false,false,false,-83.07693,42.40829,"{
  ""coordinates"": [
    -8.307693404100000e+01,
    4.240829553700010e+01
  ],
  ""type"": ""Point""
}","{
  ""coordinates"": [
    -83.076934041,
    42.408295537
  ],
  ""type"": ""Point""
}",-83.076934041,42.4082955370001
14478,9287607,I-75,MICHIGAN,2015-05-07,7,5,2015,20,5,1,1,,1,1,,1,1,3,55,3,1,1,3,0,0,1,0,false,,false,false,false,false,false,,,,,,false,false,false,,,false,false,true,false,false,-83.08527,42.33084,"{
  ""coordinates"": [
    -8.308526289900000e+01,
    4.233084332600000e+01
  ],
  ""type"": ""Point""
}","{
  ""coordinates"": [
    -83.085262899,
    42.330843326
  ],
  ""type"": ""Point""
}",-83.085262899,42.330843326
14479,9265150,INDIANA,NORFOLK,2015-05-07,7,5,2015,0,5,8,9,,,0,,1,2,5,25,2,2,4,5,0,0,0,0,true,,false,false,true,false,false,,,,,,false,false,true,,,false,false,false,false,false,-83.15926,42.44358,"{
  ""coordinates"": [
    -8.315925476599990e+01,
    4.244357887000010e+01
  ],
  ""type"": ""Point""
}","{
  ""coordinates"": [
    -83.159254766,
    42.44357887
  ],
  ""type"": ""Point""
}",-83.1592547659999,42.4435788700001
14480,9262923,S M 39,RAMP 008H,2015-05-07,7,5,2015,14,5,5,3,,1,0,,1,1,1,55,3,2,3,5,0,0,0,0,true,,false,false,false,false,false,,,,,,false,false,false,,,false,false,false,false,false,-83.21747,42.38203,"{
  ""coordinates"": [
    -8.321746816200000e+01,
    4.238203470900000e+01
  ],
  ""type"": ""Point""
}","{
  ""coordinates"": [
    -83.217468162,
    42.382034709
  ],
  ""type"": ""Point""
}",-83.217468162,42.382034709
14481,9264695,N M 10,HUGHES/KEELER,2015-05-07,7,5,2015,14,5,1,3,,1,0,,1,1,1,55,3,1,1,5,0,0,0,0,true,,false,false,false,false,false,,,,,,false,false,true,,,false,false,false,false,false,-83.14228,42.40492,"{
  ""coordinates"": [
    -8.314227998199991e+01,
    4.240491716000000e+01
  ],
  ""type"": ""Point""
}","{
  ""coordinates"": [
    -83.142279982,
    42.40491716
  ],
  ""type"": ""Point""
}",-83.1422799819999,42.40491716
14482,9252720,CURTIS,APPOLINE,2015-05-07,7,5,2015,0,5,4,9,,4,0,,1,1,4,25,2,2,3,4,0,0,0,2,false,,false,false,false,false,false,,,,,,false,false,true,,,false,false,false,false,false,-83.17154,42.42398,"{
  ""coordinates"": [
    -8.317154282900000e+01,
    4.242397645800000e+01
  ],
  ""type"": ""Point""
}","{
  ""coordinates"": [
    -83.171542829,
    42.423976458
  ],
  ""type"": ""Point""
}",-83.171542829,42.423976458
14483,9253504,LANNOO,FRANKFORT,2015-05-07,7,5,2015,1,5,97,9,,,0,,1,1,5,25,2,2,1,5,0,0,0,0,true,,false,false,true,false,false,,,,,,false,false,false,,,false,false,false,false,false,-82.91464,42.41647,"{
  ""coordinates"": [
    -8.291464250800000e+01,
    4.241647512600010e+01
  ],
  ""type"": ""Point""
}","{
  ""coordinates"": [
    -82.914642508,
    42.416475126
  ],
  ""type"": ""Point""
}",-82.914642508,42.4164751260001
14484,9259003,SCHAEFER,PLYMOUTH,2015-05-07,7,5,2015,20,5,97,9,,4,0,,1,1,3,30,3,2,2,4,0,0,0,2,false,,false,false,true,false,false,,,,,,false,false,false,,,false,false,false,false,false,-83.17799,42.37304,"{
  ""coordinates"": [
    -8.317798459799999e+01,
    4.237303613500010e+01
  ],
  ""type"": ""Point""
}","{
  ""coordinates"": [
    -83.177984598,
    42.373036135
  ],
  ""type"": ""Point""
}",-83.177984598,42.3730361350001
14485,9287839,LAKEPOINTE,YORKSHIRE,2015-05-07,7,5,2015,22,5,4,9,,,0,,1,1,4,25,2,2,2,3,0,0,1,0,false,,false,false,false,false,false,,,,,,false,false,false,,,false,false,false,false,false,-82.95247,42.41908,"{
  ""coordinates"": [
    -8.295246704499991e+01,
    4.241907375000010e+01
  ],
  ""type"": ""Point""
}","{
  ""coordinates"": [
    -82.952467045,
    42.41907375
  ],
  ""type"": ""Point""
}",-82.9524670449999,42.4190737500001
14486,9265099,FENKELL,BRETTON,2015-05-07,7,5,2015,7,5,8,3,,2,0,,1,1,1,30,3,3,7,5,0,0,0,0,true,,false,false,false,false,false,,,,,,false,false,true,,,false,false,false,false,false,-83.21924,42.4011,"{
  ""coordinates"": [
    -8.321924105600000e+01,
    4.240109878100000e+01
  ],
  ""type"": ""Point""
}","{
  ""coordinates"": [
    -83.219241056,
    42.401098781
  ],
  ""type"": ""Point""
}",-83.219241056,42.401098781
14487,9265078,FAUST,FARGO,2015-05-07,7,5,2015,13,5,97,9,,,0,,1,1,1,25,2,2,3,5,0,0,0,0,true,,false,false,false,false,false,,,,,,false,true,false,,,false,false,false,false,false,-83.22466,42.43887,"{
  ""coordinates"": [
    -8.322465860699999e+01,
    4.243887322500010e+01
  ],
  ""type"": ""Point""
}","{
  ""coordinates"": [
    -83.224658607,
    42.438873225
  ],
  ""type"": ""Point""
}",-83.224658607,42.4388732250001