ObjectId,Crash ID,Primary Road,Intersecting Road,Crash Date,Day,Month,Year,Hour,Weekday,Crash Type Code,Highway Classification Code,Community Code,Jurisdiction Code,Lane Departure Type Code,Surface Type,Road Condition,Weather Condition,Lighting Condition,Speed Limit,Lanes,Units,Occupants,Most Severe Injury,Fatal Injuries,Suspected Serious Injuries,Suspected Minor Injuries,Possible Injuries,Property Damage Only,Secondary Crash,Traffic Control,Red Light Run,Hit and Run,Alcohol,Drugs,Unbelted Person,Work Zone,Speeding Driver,Distracted Driver,Driveway,Pedestrian,Elderly Driver,Young Driver,Commercial Vehicle,Emergency Vehicles,Train,School Bus,Motorcycle,Bicycle,Deer,Longitude,Latitude,geom,geog,x,y
14488,9265069,BELTON,FAUST,2015-05-07,7,5,2015,19,5,4,9,,,0,,1,1,1,25,2,2,2,3,0,0,1,0,false,,true,false,false,false,false,,,,,,false,false,true,,,false,false,false,false,false,-83.22113,42.35235,"{
  ""coordinates"": [
    -8.322113019600000e+01,
    4.235235089200010e+01
  ],
  ""type"": ""Point""
}","{
  ""coordinates"": [
    -83.221130196,
    42.352350892
  ],
  ""type"": ""Point""
}",-83.221130196,42.3523508920001
14489,9265146,7 MILE,HUBBELL,2015-05-07,7,5,2015,23,5,5,9,,2,0,,1,1,4,35,5,2,2,3,0,0,1,0,false,,false,false,false,false,false,,,,,,false,false,true,,,false,false,false,false,false,-83.18974,42.43073,"{
  ""coordinates"": [
    -8.318973662199990e+01,
    4.243072830900010e+01
  ],
  ""type"": ""Point""
}","{
  ""coordinates"": [
    -83.189736622,
    42.430728309
  ],
  ""type"": ""Point""
}",-83.1897366219999,42.4307283090001
14490,9263067,GREENFIELD,FENKELL,2015-05-07,7,5,2015,9,5,8,9,,2,0,,1,2,1,35,5,2,0,5,0,0,0,0,true,,false,false,true,false,false,,,,,,false,false,false,,,false,false,false,false,false,-83.19863,42.3993,"{
  ""coordinates"": [
    -8.319863123099999e+01,
    4.239930306600010e+01
  ],
  ""type"": ""Point""
}","{
  ""coordinates"": [
    -83.198631231,
    42.399303066
  ],
  ""type"": ""Point""
}",-83.198631231,42.3993030660001
14491,9265162,MEYERS,SAINT MARTINS,2015-05-07,7,5,2015,7,5,4,9,,4,0,,1,1,1,30,1,2,3,5,0,0,0,0,true,,false,false,false,false,false,,,,,,false,false,true,,,false,false,false,false,false,-83.17091,42.43662,"{
  ""coordinates"": [
    -8.317091361300000e+01,
    4.243661708900000e+01
  ],
  ""type"": ""Point""
}","{
  ""coordinates"": [
    -83.170913613,
    42.436617089
  ],
  ""type"": ""Point""
}",-83.170913613,42.436617089
14492,9259002,GREENFIELD,GROVE,2015-05-07,7,5,2015,14,5,4,9,,2,0,,1,1,1,35,2,2,2,5,0,0,0,0,true,,false,false,false,false,false,,,,,,false,true,false,,,false,false,false,false,false,-83.19923,42.41416,"{
  ""coordinates"": [
    -8.319923137599990e+01,
    4.241416355300000e+01
  ],
  ""type"": ""Point""
}","{
  ""coordinates"": [
    -83.199231376,
    42.414163553
  ],
  ""type"": ""Point""
}",-83.1992313759999,42.414163553
14493,9267468,TRUMBULL,LAFAYETTE,2015-05-07,7,5,2015,12,5,4,9,,4,3,,1,1,1,30,2,2,1,5,0,0,0,0,true,,false,false,true,false,false,,,,,,false,false,false,,,false,false,false,false,false,-83.0623,42.3254,"{
  ""coordinates"": [
    -8.306229804700000e+01,
    4.232539659400000e+01
  ],
  ""type"": ""Point""
}","{
  ""coordinates"": [
    -83.062298047,
    42.325396594
  ],
  ""type"": ""Point""
}",-83.062298047,42.325396594
14494,9265167,GROVE,PREST,2015-05-07,7,5,2015,7,5,4,9,,,0,,1,1,1,15,3,2,2,5,0,0,0,0,true,,false,false,false,false,false,,,,,,false,false,false,,,false,false,false,false,false,-83.19804,42.41418,"{
  ""coordinates"": [
    -8.319803797799990e+01,
    4.241417973600010e+01
  ],
  ""type"": ""Point""
}","{
  ""coordinates"": [
    -83.198037978,
    42.414179736
  ],
  ""type"": ""Point""
}",-83.1980379779999,42.4141797360001
14495,9257018,FORT,MIAMI,2015-05-07,7,5,2015,8,5,5,3,,1,0,,1,1,1,40,3,2,3,5,0,0,0,0,true,,false,false,false,false,false,,,,,,false,false,false,,,false,false,false,false,false,-83.1558,42.27542,"{
  ""coordinates"": [
    -8.315579789100001e+01,
    4.227542304000010e+01
  ],
  ""type"": ""Point""
}","{
  ""coordinates"": [
    -83.155797891,
    42.27542304
  ],
  ""type"": ""Point""
}",-83.155797891,42.2754230400001
14496,9262924,W/B I-94,SECOND,2015-05-07,7,5,2015,16,5,5,1,,1,0,,1,1,1,55,3,3,3,4,0,0,0,1,false,,false,false,false,false,false,,,,,,false,false,true,,,false,false,false,false,false,-83.07167,42.3622,"{
  ""coordinates"": [
    -8.307166852899999e+01,
    4.236220331900010e+01
  ],
  ""type"": ""Point""
}","{
  ""coordinates"": [
    -83.071668529,
    42.362203319
  ],
  ""type"": ""Point""
}",-83.071668529,42.3622033190001
14497,9265151,BALTIMORE,MILWAUKEE,2015-05-07,7,5,2015,12,5,5,3,,4,0,,1,1,1,25,1,2,1,5,0,0,0,0,true,,false,false,true,false,false,,,,,,false,false,false,,,false,false,false,false,false,-83.08089,42.36655,"{
  ""coordinates"": [
    -8.308089365799999e+01,
    4.236655135100010e+01
  ],
  ""type"": ""Point""
}","{
  ""coordinates"": [
    -83.080893658,
    42.366551351
  ],
  ""type"": ""Point""
}",-83.080893658,42.3665513510001
14498,9257913,RIVARD,JEFFERSON,2015-05-07,7,5,2015,17,5,97,9,,5,0,,1,1,1,25,2,4,4,5,0,0,0,0,true,,false,false,false,false,false,,,,,,false,false,false,,,false,false,false,false,false,-83.03411,42.33316,"{
  ""coordinates"": [
    -8.303411297799990e+01,
    4.233316139200010e+01
  ],
  ""type"": ""Point""
}","{
  ""coordinates"": [
    -83.034112978,
    42.333161392
  ],
  ""type"": ""Point""
}",-83.0341129779999,42.3331613920001
14499,9264665,I-96,VIRGIL,2015-05-07,7,5,2015,18,5,5,1,,1,0,,1,1,1,70,4,2,2,5,0,0,0,0,true,,false,false,false,false,false,,,,,,false,false,true,,,false,false,false,false,false,-83.26624,42.38578,"{
  ""coordinates"": [
    -8.326623314900000e+01,
    4.238578043400000e+01
  ],
  ""type"": ""Point""
}","{
  ""coordinates"": [
    -83.266233149,
    42.385780434
  ],
  ""type"": ""Point""
}",-83.266233149,42.385780434
14500,9287596,I-94,LIVERNOIS,2015-05-07,7,5,2015,0,5,1,1,,1,1,,1,1,1,55,3,1,1,5,0,0,0,0,true,,false,false,false,true,false,,,,,,false,false,false,,,false,false,false,false,false,-83.12657,42.33664,"{
  ""coordinates"": [
    -8.312656831699999e+01,
    4.233663778900010e+01
  ],
  ""type"": ""Point""
}","{
  ""coordinates"": [
    -83.126568317,
    42.336637789
  ],
  ""type"": ""Point""
}",-83.126568317,42.3366377890001
14501,9287846,EASTWOOD,CHALMERS,2015-05-07,7,5,2015,7,5,4,9,,,0,,1,3,1,25,3,2,5,5,0,0,0,0,true,,false,false,false,false,false,,,,,,false,false,false,,,false,false,false,false,false,-82.97523,42.43356,"{
  ""coordinates"": [
    -8.297523473699989e+01,
    4.243355380800010e+01
  ],
  ""type"": ""Point""
}","{
  ""coordinates"": [
    -82.975234737,
    42.433553808
  ],
  ""type"": ""Point""
}",-82.9752347369999,42.4335538080001
14502,9265033,MICHIGAN,WOODWARD,2015-05-07,7,5,2015,8,5,8,9,,4,0,,1,1,1,25,2,2,2,5,0,0,0,0,true,,false,false,false,false,false,,,,,,false,false,true,,,false,false,false,false,false,-83.047,42.33164,"{
  ""coordinates"": [
    -8.304700758000000e+01,
    4.233164056900010e+01
  ],
  ""type"": ""Point""
}","{
  ""coordinates"": [
    -83.04700758,
    42.331640569
  ],
  ""type"": ""Point""
}",-83.04700758,42.3316405690001
14503,9257920,S M 39,FORD,2015-05-07,7,5,2015,18,5,5,3,,1,0,,1,1,1,25,3,2,2,5,0,0,0,0,true,,false,false,false,false,false,,,,,,false,false,false,,,false,false,false,false,false,-83.21577,42.32912,"{
  ""coordinates"": [
    -8.321576656199990e+01,
    4.232912480100000e+01
  ],
  ""type"": ""Point""
}","{
  ""coordinates"": [
    -83.215766562,
    42.329124801
  ],
  ""type"": ""Point""
}",-83.2157665619999,42.329124801
14504,9267135,I-94,ROOSEVELT,2015-05-07,7,5,2015,16,5,5,9,,,0,,1,1,1,70,3,2,2,5,0,0,0,0,true,,false,false,false,false,false,,,,,,false,false,false,,,false,false,false,false,false,-83.10032,42.3493,"{
  ""coordinates"": [
    -8.310032203500000e+01,
    4.234929641600010e+01
  ],
  ""type"": ""Point""
}","{
  ""coordinates"": [
    -83.100322035,
    42.349296416
  ],
  ""type"": ""Point""
}",-83.100322035,42.3492964160001
14505,9264718,I-94,WARREN,2015-05-07,7,5,2015,8,5,5,1,,1,0,,1,1,1,55,3,2,2,5,0,0,0,0,true,,false,false,false,false,false,,,,,,false,false,false,,,false,false,false,false,false,-83.11359,42.34424,"{
  ""coordinates"": [
    -8.311359363100000e+01,
    4.234424107800000e+01
  ],
  ""type"": ""Point""
}","{
  ""coordinates"": [
    -83.113593631,
    42.344241078
  ],
  ""type"": ""Point""
}",-83.113593631,42.344241078
14506,9265143,MCNICHOLS,GREENFIELD,2015-05-07,7,5,2015,12,5,3,9,,2,0,,1,1,1,35,5,2,3,4,0,0,0,2,false,,false,false,false,false,false,,,,,,false,false,false,,,false,false,false,false,false,-83.19931,42.41598,"{
  ""coordinates"": [
    -8.319930792400000e+01,
    4.241598184900000e+01
  ],
  ""type"": ""Point""
}","{
  ""coordinates"": [
    -83.199307924,
    42.415981849
  ],
  ""type"": ""Point""
}",-83.199307924,42.415981849
14507,9259049,JOY,N M 39,2015-05-07,7,5,2015,8,5,9,9,,2,0,,1,1,1,35,4,2,2,5,0,0,0,0,true,,false,false,false,false,false,,,,,,false,false,false,,,false,false,false,false,false,-83.21626,42.35785,"{
  ""coordinates"": [
    -8.321625444499990e+01,
    4.235785009700000e+01
  ],
  ""type"": ""Point""
}","{
  ""coordinates"": [
    -83.216254445,
    42.357850097
  ],
  ""type"": ""Point""
}",-83.2162544449999,42.357850097
14508,9267471,GRAND RIVER,AVERY,2015-05-07,7,5,2015,11,5,97,3,,1,0,,1,1,1,30,7,2,4,5,0,0,0,0,true,,false,false,false,false,false,,,,,,false,false,false,,,false,false,false,false,false,-83.07701,42.34374,"{
  ""coordinates"": [
    -8.307701280100000e+01,
    4.234373897600010e+01
  ],
  ""type"": ""Point""
}","{
  ""coordinates"": [
    -83.077012801,
    42.343738976
  ],
  ""type"": ""Point""
}",-83.077012801,42.3437389760001
14509,9296278,DAVISON,LINWOOD,2015-05-07,7,5,2015,22,5,5,3,,1,0,,1,1,4,35,4,2,3,5,0,0,0,0,true,,false,false,false,false,false,,,,,,false,false,false,,,false,false,false,false,false,-83.12202,42.39302,"{
  ""coordinates"": [
    -8.312202187100000e+01,
    4.239301701600000e+01
  ],
  ""type"": ""Point""
}","{
  ""coordinates"": [
    -83.122021871,
    42.393017016
  ],
  ""type"": ""Point""
}",-83.122021871,42.393017016
14510,9343506,GRAND,WOODWARD,2015-05-07,7,5,2015,16,5,1,9,,4,0,,1,1,1,35,4,1,3,5,0,0,0,0,true,,false,false,false,false,false,,,,,,false,false,false,,,false,false,false,false,false,-83.04874,42.33409,"{
  ""coordinates"": [
    -8.304873713400001e+01,
    4.233408747100000e+01
  ],
  ""type"": ""Point""
}","{
  ""coordinates"": [
    -83.048737134,
    42.334087471
  ],
  ""type"": ""Point""
}",-83.048737134,42.334087471
14511,9257945,JOHN R,SEVEN MILE,2015-05-07,7,5,2015,16,5,4,9,,4,0,,1,1,1,30,2,2,5,5,0,0,0,0,true,,false,false,false,false,false,,,,,,false,false,true,,,false,false,false,false,false,-83.10237,42.43227,"{
  ""coordinates"": [
    -8.310237273699990e+01,
    4.243227525400000e+01
  ],
  ""type"": ""Point""
}","{
  ""coordinates"": [
    -83.102372737,
    42.432275254
  ],
  ""type"": ""Point""
}",-83.1023727369999,42.432275254
14512,9253510,HOYT,BRINGARD,2015-05-07,7,5,2015,6,5,1,9,,,1,,1,3,2,25,2,1,0,5,0,0,0,0,true,,false,false,true,false,false,,,,,,false,false,false,,,false,false,false,false,false,-82.98064,42.44607,"{
  ""coordinates"": [
    -8.298064356400000e+01,
    4.244607341600000e+01
  ],
  ""type"": ""Point""
}","{
  ""coordinates"": [
    -82.980643564,
    42.446073416
  ],
  ""type"": ""Point""
}",-82.980643564,42.446073416
14513,9296494,MACK,BRUSH,2015-05-07,7,5,2015,13,5,4,9,,4,0,,1,1,1,30,3,2,3,3,0,0,1,0,false,,true,true,false,false,false,,,,,,false,false,false,,,false,false,false,false,false,-83.05376,42.34934,"{
  ""coordinates"": [
    -8.305375656699989e+01,
    4.234934037000000e+01
  ],
  ""type"": ""Point""
}","{
  ""coordinates"": [
    -83.053756567,
    42.34934037
  ],
  ""type"": ""Point""
}",-83.0537565669999,42.34934037
14514,9265157,FAUST,HESSEL,2015-05-07,7,5,2015,12,5,97,9,,,0,,1,1,1,25,2,2,2,5,0,0,0,0,true,,false,false,false,false,false,,,,,,false,true,false,,,false,false,false,false,false,-83.22482,42.44303,"{
  ""coordinates"": [
    -8.322481426400000e+01,
    4.244302749600010e+01
  ],
  ""type"": ""Point""
}","{
  ""coordinates"": [
    -83.224814264,
    42.443027496
  ],
  ""type"": ""Point""
}",-83.224814264,42.4430274960001
14515,9287849,FENKELL,CHERRYLAWN,2015-05-07,7,5,2015,10,5,4,9,,4,0,,1,1,1,30,2,2,2,5,0,0,0,0,true,,false,false,false,false,false,,,,,,false,false,true,,,false,false,false,false,false,-83.15481,42.40255,"{
  ""coordinates"": [
    -8.315480658099990e+01,
    4.240254931800010e+01
  ],
  ""type"": ""Point""
}","{
  ""coordinates"": [
    -83.154806581,
    42.402549318
  ],
  ""type"": ""Point""
}",-83.1548065809999,42.4025493180001
14516,9264692,M-10,CHICAGO,2015-05-07,7,5,2015,9,5,5,3,,1,0,,1,1,1,55,4,2,2,5,0,0,0,0,true,,false,false,false,false,false,,,,,,false,false,false,,,false,false,false,false,false,-83.09285,42.38182,"{
  ""coordinates"": [
    -8.309285287099991e+01,
    4.238182594600000e+01
  ],
  ""type"": ""Point""
}","{
  ""coordinates"": [
    -83.092852871,
    42.381825946
  ],
  ""type"": ""Point""
}",-83.0928528709999,42.381825946
14517,9367918,8MILE,LAHSER,2015-05-07,7,5,2015,6,5,5,3,,1,0,,1,2,1,45,6,2,2,4,0,0,0,1,false,,false,false,true,false,false,,,,,,false,false,false,,,false,false,false,false,false,-83.25884,42.44323,"{
  ""coordinates"": [
    -8.325884309900000e+01,
    4.244323314300000e+01
  ],
  ""type"": ""Point""
}","{
  ""coordinates"": [
    -83.258843099,
    42.443233143
  ],
  ""type"": ""Point""
}",-83.258843099,42.443233143
14518,9265073,BURT,PILGRIM,2015-05-07,7,5,2015,15,5,4,9,,4,0,,1,1,1,25,1,2,3,5,0,0,0,0,true,,true,false,false,false,false,,,,,,false,false,false,,,false,false,false,false,false,-83.24734,42.4059,"{
  ""coordinates"": [
    -8.324734783900000e+01,
    4.240590181300010e+01
  ],
  ""type"": ""Point""
}","{
  ""coordinates"": [
    -83.247347839,
    42.405901813
  ],
  ""type"": ""Point""
}",-83.247347839,42.4059018130001
14519,9257051,SHAFTSBURY,MCNICHOLS,2015-05-07,7,5,2015,14,5,8,9,,,0,,1,1,1,25,3,2,2,5,0,0,0,0,true,,false,false,false,false,false,,,,,,false,false,false,,,false,false,false,false,false,-83.23038,42.41574,"{
  ""coordinates"": [
    -8.323038001899990e+01,
    4.241574185800000e+01
  ],
  ""type"": ""Point""
}","{
  ""coordinates"": [
    -83.230380019,
    42.415741858
  ],
  ""type"": ""Point""
}",-83.2303800189999,42.415741858
14520,9257933,RIAD,MORANG,2015-05-07,7,5,2015,16,5,1,9,,,0,,1,1,1,25,2,2,1,4,0,0,0,1,false,,false,false,true,false,false,,,,,,false,false,false,,,false,false,false,true,false,-82.95502,42.42841,"{
  ""coordinates"": [
    -8.295501890199991e+01,
    4.242840933000010e+01
  ],
  ""type"": ""Point""
}","{
  ""coordinates"": [
    -82.955018902,
    42.42840933
  ],
  ""type"": ""Point""
}",-82.9550189019999,42.4284093300001
14521,9265161,MCNICHOLS,JAMES COUZENS,2015-05-07,7,5,2015,1,5,4,9,,2,0,,1,1,4,35,3,2,3,3,0,0,1,2,false,,false,false,true,false,false,,,,,,false,false,true,,,false,false,false,false,false,-83.17184,42.41664,"{
  ""coordinates"": [
    -8.317184583999990e+01,
    4.241664051300010e+01
  ],
  ""type"": ""Point""
}","{
  ""coordinates"": [
    -83.17184584,
    42.416640513
  ],
  ""type"": ""Point""
}",-83.1718458399999,42.4166405130001
14522,9264669,M-10,GRAND,2015-05-07,7,5,2015,8,5,5,3,,1,0,,97,98,98,55,3,2,2,5,0,0,0,0,true,,false,false,false,false,false,,,,,,false,false,true,,,false,false,false,false,false,-83.08266,42.36849,"{
  ""coordinates"": [
    -8.308265661599999e+01,
    4.236849102800010e+01
  ],
  ""type"": ""Point""
}","{
  ""coordinates"": [
    -83.082656616,
    42.368491028
  ],
  ""type"": ""Point""
}",-83.082656616,42.3684910280001
14523,9264694,M-10,SEWARD,2015-05-07,7,5,2015,13,5,5,3,,1,0,,1,1,1,55,4,2,2,4,0,0,0,1,false,,false,false,false,false,false,,,,,,false,true,false,,,false,false,false,false,false,-83.08525,42.37207,"{
  ""coordinates"": [
    -8.308524823899999e+01,
    4.237206606400010e+01
  ],
  ""type"": ""Point""
}","{
  ""coordinates"": [
    -83.085248239,
    42.372066064
  ],
  ""type"": ""Point""
}",-83.085248239,42.3720660640001
14524,9255787,8 MILE,DEQUINDRE,2015-05-07,7,5,2015,18,5,1,3,,1,0,,1,1,1,40,8,1,1,4,0,0,0,1,false,,false,false,false,false,false,,,,,,false,false,false,,,false,false,false,false,false,-83.08338,42.44702,"{
  ""coordinates"": [
    -8.308337785799991e+01,
    4.244701836200010e+01
  ],
  ""type"": ""Point""
}","{
  ""coordinates"": [
    -83.083377858,
    42.447018362
  ],
  ""type"": ""Point""
}",-83.0833778579999,42.4470183620001
14525,9257963,CASS,PRENTIS,2015-05-07,7,5,2015,15,5,8,9,,4,0,,1,1,1,30,2,2,1,5,0,0,0,0,true,,false,false,true,false,false,,,,,,false,false,false,,,false,false,false,false,false,-83.06487,42.35288,"{
  ""coordinates"": [
    -8.306487568599989e+01,
    4.235288165000000e+01
  ],
  ""type"": ""Point""
}","{
  ""coordinates"": [
    -83.064875686,
    42.35288165
  ],
  ""type"": ""Point""
}",-83.0648756859999,42.35288165
14526,9287595,I-94,VAN DYKE,2015-05-06,6,5,2015,23,4,1,1,,1,1,,1,1,4,55,3,1,1,5,0,0,0,0,true,,false,false,false,false,false,,,,,,false,false,false,,,false,false,false,false,false,-83.02033,42.38622,"{
  ""coordinates"": [
    -8.302032891899999e+01,
    4.238622388000000e+01
  ],
  ""type"": ""Point""
}","{
  ""coordinates"": [
    -83.020328919,
    42.38622388
  ],
  ""type"": ""Point""
}",-83.020328919,42.38622388
14527,9262915,I-94,LONYO,2015-05-06,6,5,2015,1,4,8,1,,1,0,,2,4,5,55,3,2,2,5,0,0,0,0,true,,false,false,false,false,false,,,,,,false,false,false,,,false,false,false,false,false,-83.14703,42.33109,"{
  ""coordinates"": [
    -8.314703595799990e+01,
    4.233108443100010e+01
  ],
  ""type"": ""Point""
}","{
  ""coordinates"": [
    -83.147035958,
    42.331084431
  ],
  ""type"": ""Point""
}",-83.1470359579999,42.3310844310001
14528,9282549,GRAND RIVER,MANSFIELD,2015-05-06,6,5,2015,20,4,1,3,,1,0,,1,1,3,35,5,1,1,3,0,0,1,0,false,,false,false,false,false,false,,,,,,false,false,true,,,false,false,false,false,false,-83.20513,42.39539,"{
  ""coordinates"": [
    -8.320513094499999e+01,
    4.239538705600010e+01
  ],
  ""type"": ""Point""
}","{
  ""coordinates"": [
    -83.205130945,
    42.395387056
  ],
  ""type"": ""Point""
}",-83.205130945,42.3953870560001
14529,9255742,STRATHMOOR,PLYMOUTH,2015-05-06,6,5,2015,15,4,4,9,,,0,,1,2,1,30,4,2,6,5,0,0,0,0,true,,false,false,false,false,false,,,,,,false,false,true,,,false,false,false,false,false,-83.18652,42.37287,"{
  ""coordinates"": [
    -8.318652156500001e+01,
    4.237287151800010e+01
  ],
  ""type"": ""Point""
}","{
  ""coordinates"": [
    -83.186521565,
    42.372871518
  ],
  ""type"": ""Point""
}",-83.186521565,42.3728715180001
14530,9287594,N M 10,GLENDALE,2015-05-06,6,5,2015,18,4,5,3,,1,0,,1,1,1,55,3,2,2,5,0,0,0,0,true,,false,false,false,false,false,,,,,,false,false,true,,,false,false,false,false,false,-83.10694,42.39453,"{
  ""coordinates"": [
    -8.310694371300001e+01,
    4.239452849200010e+01
  ],
  ""type"": ""Point""
}","{
  ""coordinates"": [
    -83.106943713,
    42.394528492
  ],
  ""type"": ""Point""
}",-83.106943713,42.3945284920001
14531,9252716,7 MILE,COYLE,2015-05-06,6,5,2015,17,4,8,9,,2,0,,1,1,1,30,4,2,2,5,0,0,0,0,true,,false,false,false,false,false,,,,,,false,false,false,,,false,false,false,false,false,-83.1946,42.43057,"{
  ""coordinates"": [
    -8.319460542400000e+01,
    4.243056685800010e+01
  ],
  ""type"": ""Point""
}","{
  ""coordinates"": [
    -83.194605424,
    42.430566858
  ],
  ""type"": ""Point""
}",-83.194605424,42.4305668580001
14532,9259788,W I 94,RAMP 223D,2015-05-06,6,5,2015,19,4,97,1,,1,0,,1,1,1,55,3,2,2,5,0,0,0,0,true,,false,false,false,false,false,,,,,,false,false,false,,,false,false,false,false,false,-82.93874,42.41638,"{
  ""coordinates"": [
    -8.293873665800000e+01,
    4.241638083400010e+01
  ],
  ""type"": ""Point""
}","{
  ""coordinates"": [
    -82.938736658,
    42.416380834
  ],
  ""type"": ""Point""
}",-82.938736658,42.4163808340001
14533,9257019,OAKWOOD,SANDERS,2015-05-06,6,5,2015,11,4,4,9,,2,0,,1,1,1,30,2,2,1,5,0,0,0,0,true,,false,false,false,false,false,,,,,,false,false,false,,,false,false,false,false,false,-83.15113,42.2883,"{
  ""coordinates"": [
    -8.315113025900000e+01,
    4.228829955500000e+01
  ],
  ""type"": ""Point""
}","{
  ""coordinates"": [
    -83.151130259,
    42.288299555
  ],
  ""type"": ""Point""
}",-83.151130259,42.288299555
14534,9257057,EVERGREEN,SCHOOLCRAFT,2015-05-06,6,5,2015,8,4,5,9,,4,0,,1,2,1,30,6,3,12,4,0,0,0,9,false,,false,false,false,false,false,,,,,,false,false,false,,,false,false,false,false,false,-83.23683,42.38598,"{
  ""coordinates"": [
    -8.323682983399991e+01,
    4.238597720600010e+01
  ],
  ""type"": ""Point""
}","{
  ""coordinates"": [
    -83.236829834,
    42.385977206
  ],
  ""type"": ""Point""
}",-83.2368298339999,42.3859772060001
14535,9252594,SOUTHFIELD,WARREN,2015-05-06,6,5,2015,18,4,5,9,,4,0,,1,1,1,55,3,2,3,4,0,0,0,1,false,,false,false,true,false,false,,,,,,false,false,true,,,false,false,false,false,false,-83.216,42.34699,"{
  ""coordinates"": [
    -8.321599378600000e+01,
    4.234699129900010e+01
  ],
  ""type"": ""Point""
}","{
  ""coordinates"": [
    -83.215993786,
    42.346991299
  ],
  ""type"": ""Point""
}",-83.215993786,42.3469912990001
14536,9308619,DAVISON,INDIANDALE,2015-05-06,6,5,2015,23,4,5,3,,1,0,,1,1,5,30,7,3,2,2,0,1,1,0,false,,false,false,false,false,false,,,,,,true,false,false,,,false,false,false,false,false,-83.11861,42.39428,"{
  ""coordinates"": [
    -8.311860779100000e+01,
    4.239428359400010e+01
  ],
  ""type"": ""Point""
}","{
  ""coordinates"": [
    -83.118607791,
    42.394283594
  ],
  ""type"": ""Point""
}",-83.118607791,42.3942835940001
14537,9255741,PLYMOUTH,SORRENTO,2015-05-06,6,5,2015,12,4,5,9,,4,0,,1,2,1,30,4,2,2,5,0,0,0,0,true,,false,false,false,false,false,,,,,,false,false,false,,,false,false,false,false,false,-83.17185,42.37315,"{
  ""coordinates"": [
    -8.317185096599999e+01,
    4.237314856600010e+01
  ],
  ""type"": ""Point""
}","{
  ""coordinates"": [
    -83.171850966,
    42.373148566
  ],
  ""type"": ""Point""
}",-83.171850966,42.3731485660001
14538,9287588,N M 39,006A,2015-05-06,6,5,2015,20,4,5,3,,1,0,,1,1,1,55,3,2,4,4,0,0,0,1,false,,false,false,true,false,false,,,,,,false,false,true,,,false,false,false,false,false,-83.21597,42.33902,"{
  ""coordinates"": [
    -8.321596158400000e+01,
    4.233901714100010e+01
  ],
  ""type"": ""Point""
}","{
  ""coordinates"": [
    -83.215961584,
    42.339017141
  ],
  ""type"": ""Point""
}",-83.215961584,42.3390171410001
14539,9287642,14804 MCNICHOLS,LAUDER,2015-05-06,6,5,2015,16,4,97,9,,2,3,,1,1,1,25,1,2,1,5,0,0,0,0,true,,false,false,false,false,false,,,,,,false,false,true,,,false,false,false,false,false,-83.19313,42.41628,"{
  ""coordinates"": [
    -8.319313025400000e+01,
    4.241627965000000e+01
  ],
  ""type"": ""Point""
}","{
  ""coordinates"": [
    -83.193130254,
    42.41627965
  ],
  ""type"": ""Point""
}",-83.193130254,42.41627965
14540,9265064,I96,EVERGREEN,2015-05-06,6,5,2015,17,4,5,1,,1,0,,1,1,1,55,6,2,2,5,0,0,0,0,true,,false,false,true,false,false,,,,,,false,false,false,,,false,false,false,false,false,-83.23608,42.37988,"{
  ""coordinates"": [
    -8.323608659699990e+01,
    4.237988230300000e+01
  ],
  ""type"": ""Point""
}","{
  ""coordinates"": [
    -83.236086597,
    42.379882303
  ],
  ""type"": ""Point""
}",-83.2360865969999,42.379882303
14541,9368625,FRENCH,CANFIELD,2015-05-06,6,5,2015,21,4,5,9,,4,0,,1,1,5,25,1,2,2,5,0,0,0,0,true,,false,false,false,false,false,,,,,,false,false,false,,,false,false,false,false,false,-82.98759,42.38054,"{
  ""coordinates"": [
    -8.298758612700000e+01,
    4.238053838500010e+01
  ],
  ""type"": ""Point""
}","{
  ""coordinates"": [
    -82.987586127,
    42.380538385
  ],
  ""type"": ""Point""
}",-82.987586127,42.3805383850001
14542,9284741,TELEGRAPH,GRAND RIVER,2015-05-06,6,5,2015,19,4,4,2,,1,0,,1,1,1,45,4,2,2,5,0,0,0,0,true,,false,false,false,false,false,,,,,,false,false,true,,,false,false,false,false,false,-83.27737,42.42456,"{
  ""coordinates"": [
    -8.327736960700000e+01,
    4.242455823900010e+01
  ],
  ""type"": ""Point""
}","{
  ""coordinates"": [
    -83.277369607,
    42.424558239
  ],
  ""type"": ""Point""
}",-83.277369607,42.4245582390001
14543,9255728,HUBBELL,PURITAN,2015-05-06,6,5,2015,15,4,4,9,,4,0,,1,2,1,30,4,2,3,5,0,0,0,0,true,,false,false,false,false,false,,,,,,false,false,false,,,false,false,false,false,false,-83.18922,42.40902,"{
  ""coordinates"": [
    -8.318922309100000e+01,
    4.240902460600010e+01
  ],
  ""type"": ""Point""
}","{
  ""coordinates"": [
    -83.189223091,
    42.409024606
  ],
  ""type"": ""Point""
}",-83.189223091,42.4090246060001
14544,9252719,SCHAEFER,PURITAN,2015-05-06,6,5,2015,0,4,5,9,,4,0,,2,4,4,30,4,3,1,2,0,1,0,0,false,,false,false,false,true,false,,,,,,false,false,false,,,false,false,false,false,false,-83.17948,42.40991,"{
  ""coordinates"": [
    -8.317948405100000e+01,
    4.240991070700010e+01
  ],
  ""type"": ""Point""
}","{
  ""coordinates"": [
    -83.179484051,
    42.409910707
  ],
  ""type"": ""Point""
}",-83.179484051,42.4099107070001