ObjectId,Crash ID,Primary Road,Intersecting Road,Crash Date,Day,Month,Year,Hour,Weekday,Crash Type Code,Highway Classification Code,Community Code,Jurisdiction Code,Lane Departure Type Code,Surface Type,Road Condition,Weather Condition,Lighting Condition,Speed Limit,Lanes,Units,Occupants,Most Severe Injury,Fatal Injuries,Suspected Serious Injuries,Suspected Minor Injuries,Possible Injuries,Property Damage Only,Secondary Crash,Traffic Control,Red Light Run,Hit and Run,Alcohol,Drugs,Unbelted Person,Work Zone,Speeding Driver,Distracted Driver,Driveway,Pedestrian,Elderly Driver,Young Driver,Commercial Vehicle,Emergency Vehicles,Train,School Bus,Motorcycle,Bicycle,Deer,Longitude,Latitude,geom,geog,x,y
14545,9252693,8 MILE,SOUTHFIELD SERVICE,2015-05-06,6,5,2015,2,4,4,3,,1,0,,2,2,4,40,4,2,3,5,0,0,0,0,true,,false,false,true,false,false,,,,,,false,true,false,,,false,false,false,false,false,-83.2202,42.44416,"{
  ""coordinates"": [
    -8.322019869800000e+01,
    4.244416392100000e+01
  ],
  ""type"": ""Point""
}","{
  ""coordinates"": [
    -83.220198698,
    42.444163921
  ],
  ""type"": ""Point""
}",-83.220198698,42.444163921
14546,9257960,WARREN,N I 75 SERVICE DRIVE,2015-05-06,6,5,2015,13,4,4,9,,4,0,,1,1,1,30,4,2,2,5,0,0,0,0,true,,false,false,false,false,false,,,,,,false,false,true,,,false,false,false,false,false,-83.05385,42.36097,"{
  ""coordinates"": [
    -8.305384691800000e+01,
    4.236096635600010e+01
  ],
  ""type"": ""Point""
}","{
  ""coordinates"": [
    -83.053846918,
    42.360966356
  ],
  ""type"": ""Point""
}",-83.053846918,42.3609663560001
14547,9262904,M39,PLYMOUTH,2015-05-06,6,5,2015,0,4,1,3,,1,1,,2,4,4,55,3,1,2,5,0,0,0,0,true,,false,false,false,false,false,,,,,,false,false,false,,,false,false,false,false,false,-83.21677,42.3723,"{
  ""coordinates"": [
    -8.321676280799990e+01,
    4.237229652100010e+01
  ],
  ""type"": ""Point""
}","{
  ""coordinates"": [
    -83.216762808,
    42.372296521
  ],
  ""type"": ""Point""
}",-83.2167628079999,42.3722965210001
14548,9252717,17197 CHERRYLAWN,MCNICHOLS,2015-05-06,6,5,2015,19,4,4,9,,,0,,1,1,1,25,2,2,1,5,0,0,0,0,true,,false,false,false,false,false,,,,,,false,false,false,,,false,false,false,false,false,-83.15482,42.4171,"{
  ""coordinates"": [
    -8.315481364399990e+01,
    4.241710343600000e+01
  ],
  ""type"": ""Point""
}","{
  ""coordinates"": [
    -83.154813644,
    42.417103436
  ],
  ""type"": ""Point""
}",-83.1548136439999,42.417103436
14549,9287855,DAVISON,ROSA PARKS,2015-05-06,6,5,2015,8,4,5,3,,1,0,,2,1,1,35,6,2,2,5,0,0,0,0,true,,false,false,false,false,false,,,,,,false,false,true,,,false,false,false,false,false,-83.11329,42.39626,"{
  ""coordinates"": [
    -8.311329117699999e+01,
    4.239625876400000e+01
  ],
  ""type"": ""Point""
}","{
  ""coordinates"": [
    -83.113291177,
    42.396258764
  ],
  ""type"": ""Point""
}",-83.113291177,42.396258764
14550,9255748,CLARK,N I 75 SERVICE DRIVE,2015-05-06,6,5,2015,18,4,4,7,,1,0,,1,2,1,30,4,2,5,2,0,1,0,1,false,,true,true,true,false,false,,,,,,false,false,true,,,false,false,false,false,false,-83.09074,42.31318,"{
  ""coordinates"": [
    -8.309073499300000e+01,
    4.231318132800000e+01
  ],
  ""type"": ""Point""
}","{
  ""coordinates"": [
    -83.090734993,
    42.313181328
  ],
  ""type"": ""Point""
}",-83.090734993,42.313181328
14551,9252692,GRAND,JEFFERSON,2015-05-06,6,5,2015,18,4,3,3,,4,0,,1,1,1,30,6,2,8,4,0,0,0,2,false,,false,false,false,false,false,,,,,,false,false,true,,,false,false,false,false,false,-83.00193,42.34693,"{
  ""coordinates"": [
    -8.300192958799990e+01,
    4.234692952400010e+01
  ],
  ""type"": ""Point""
}","{
  ""coordinates"": [
    -83.001929588,
    42.346929524
  ],
  ""type"": ""Point""
}",-83.0019295879999,42.3469295240001
14552,9252712,MC NICHOLS,GREENLAWN,2015-05-06,6,5,2015,17,4,4,9,,4,0,,1,1,1,25,2,2,4,4,0,0,0,2,false,,false,false,false,false,false,,,,,,false,false,true,,,false,false,false,false,false,-83.15112,42.4171,"{
  ""coordinates"": [
    -8.315111863800000e+01,
    4.241709710400000e+01
  ],
  ""type"": ""Point""
}","{
  ""coordinates"": [
    -83.151118638,
    42.417097104
  ],
  ""type"": ""Point""
}",-83.151118638,42.417097104
14553,9287844,7 MILE,BLACKMOOR,2015-05-06,6,5,2015,1,4,5,9,,4,0,,2,4,4,25,4,2,2,5,0,0,0,0,true,,false,false,false,false,false,,,,,,false,false,true,,,false,false,false,false,false,-83.01315,42.4342,"{
  ""coordinates"": [
    -8.301314930099990e+01,
    4.243419862900000e+01
  ],
  ""type"": ""Point""
}","{
  ""coordinates"": [
    -83.013149301,
    42.434198629
  ],
  ""type"": ""Point""
}",-83.0131493009999,42.434198629
14554,9252687,GREENFIELD,FENKELL,2015-05-06,6,5,2015,12,4,5,9,,2,0,,1,1,1,30,4,2,2,5,0,0,0,0,true,,false,false,false,false,false,,,,,,false,true,true,,,false,false,false,false,false,-83.19867,42.4011,"{
  ""coordinates"": [
    -8.319866655100000e+01,
    4.240110501600000e+01
  ],
  ""type"": ""Point""
}","{
  ""coordinates"": [
    -83.198666551,
    42.401105016
  ],
  ""type"": ""Point""
}",-83.198666551,42.401105016
14555,9262888,I375,LAFAYETTE,2015-05-06,6,5,2015,8,4,5,1,,1,0,,1,2,1,55,4,3,3,5,0,0,0,0,true,,false,false,false,false,false,,,,,,false,false,false,,,false,false,false,false,false,-83.04037,42.33886,"{
  ""coordinates"": [
    -8.304037814000000e+01,
    4.233886288700010e+01
  ],
  ""type"": ""Point""
}","{
  ""coordinates"": [
    -83.04037814,
    42.338862887
  ],
  ""type"": ""Point""
}",-83.04037814,42.3388628870001
14556,9252691,WARREN,N I 75 SERVICE DRIVE,2015-05-06,6,5,2015,14,4,4,9,,4,0,,1,1,1,30,5,2,2,5,0,0,0,0,true,,false,false,true,false,false,,,,,,false,false,true,,,false,false,false,false,false,-83.05386,42.36096,"{
  ""coordinates"": [
    -8.305386445900000e+01,
    4.236096029200010e+01
  ],
  ""type"": ""Point""
}","{
  ""coordinates"": [
    -83.053864459,
    42.360960292
  ],
  ""type"": ""Point""
}",-83.053864459,42.3609602920001
14557,9264689,W I 94,LONYO,2015-05-06,6,5,2015,14,4,1,1,,1,1,,1,1,1,55,3,1,1,4,0,0,0,1,false,,false,false,false,false,false,,,,,,false,false,false,,,false,false,false,false,false,-83.14568,42.33133,"{
  ""coordinates"": [
    -8.314567497300000e+01,
    4.233133067300000e+01
  ],
  ""type"": ""Point""
}","{
  ""coordinates"": [
    -83.145674973,
    42.331330673
  ],
  ""type"": ""Point""
}",-83.145674973,42.331330673
14558,9262889,S/B M-39,MCNICHOLS,2015-05-06,6,5,2015,16,4,5,3,,1,0,,1,1,1,55,3,2,2,5,0,0,0,0,true,,true,false,false,false,false,,,,,,false,false,false,,,false,false,false,false,false,-83.219,42.41916,"{
  ""coordinates"": [
    -8.321899844200000e+01,
    4.241915826600010e+01
  ],
  ""type"": ""Point""
}","{
  ""coordinates"": [
    -83.218998442,
    42.419158266
  ],
  ""type"": ""Point""
}",-83.218998442,42.4191582660001
14559,9265106,PFENT,SCHOENHERR,2015-05-06,6,5,2015,17,4,97,9,,,0,,1,1,1,30,1,2,1,4,0,0,0,1,false,,false,false,false,false,false,,,,,,true,false,false,,,false,false,false,false,false,-82.98523,42.43776,"{
  ""coordinates"": [
    -8.298522796000000e+01,
    4.243776270700000e+01
  ],
  ""type"": ""Point""
}","{
  ""coordinates"": [
    -82.98522796,
    42.437762707
  ],
  ""type"": ""Point""
}",-82.98522796,42.437762707
14560,9267463,WARREN,WOODWARD,2015-05-06,6,5,2015,9,4,4,3,,4,0,,1,1,1,35,2,2,2,5,0,0,0,0,true,,true,true,false,false,false,,,,,,false,true,false,,,false,false,false,false,false,-83.06429,42.35678,"{
  ""coordinates"": [
    -8.306429638700000e+01,
    4.235677854800010e+01
  ],
  ""type"": ""Point""
}","{
  ""coordinates"": [
    -83.064296387,
    42.356778548
  ],
  ""type"": ""Point""
}",-83.064296387,42.3567785480001
14561,9287605,RAMP 008V,E I 96,2015-05-06,6,5,2015,21,4,1,1,,1,1,,1,1,1,25,2,1,1,5,0,0,0,0,true,,false,false,true,false,false,,,,,,false,false,false,,,false,false,false,false,false,-83.20757,42.37878,"{
  ""coordinates"": [
    -8.320756500800000e+01,
    4.237878564100000e+01
  ],
  ""type"": ""Point""
}","{
  ""coordinates"": [
    -83.207565008,
    42.378785641
  ],
  ""type"": ""Point""
}",-83.207565008,42.378785641
14562,9265065,7 MILE,FENMORE,2015-05-06,6,5,2015,17,4,97,9,,2,0,,1,1,1,35,4,2,3,5,0,0,0,0,true,,false,false,false,false,false,,,,,,false,false,false,,,false,false,false,false,false,-83.21862,42.43003,"{
  ""coordinates"": [
    -8.321861714600000e+01,
    4.243002978200010e+01
  ],
  ""type"": ""Point""
}","{
  ""coordinates"": [
    -83.218617146,
    42.430029782
  ],
  ""type"": ""Point""
}",-83.218617146,42.4300297820001
14563,9252718,WASHBURN,CLARITA,2015-05-06,6,5,2015,13,4,8,9,,,0,,1,1,1,25,1,2,1,5,0,0,0,0,true,,false,false,false,false,false,,,,,,false,false,true,,,false,false,false,false,false,-83.16196,42.42916,"{
  ""coordinates"": [
    -8.316195430900000e+01,
    4.242916282600000e+01
  ],
  ""type"": ""Point""
}","{
  ""coordinates"": [
    -83.161954309,
    42.429162826
  ],
  ""type"": ""Point""
}",-83.161954309,42.429162826
14564,9265173,8 MILE,DEQUINDRE,2015-05-06,6,5,2015,13,4,5,3,,1,0,,1,1,1,40,4,3,9,3,0,0,1,0,false,,false,false,false,false,false,,,,,,false,false,true,,,false,false,false,false,false,-83.08226,42.44704,"{
  ""coordinates"": [
    -8.308226169999990e+01,
    4.244703580500000e+01
  ],
  ""type"": ""Point""
}","{
  ""coordinates"": [
    -83.0822617,
    42.447035805
  ],
  ""type"": ""Point""
}",-83.0822616999999,42.447035805
14565,9264584,I-75,SEVEN MILE,2015-05-06,6,5,2015,11,4,8,1,,1,0,,1,2,1,70,4,2,2,5,0,0,0,0,true,,false,false,false,false,false,,,,,,false,false,false,,,false,false,false,false,false,-83.09431,42.42975,"{
  ""coordinates"": [
    -8.309430408599999e+01,
    4.242975280300000e+01
  ],
  ""type"": ""Point""
}","{
  ""coordinates"": [
    -83.094304086,
    42.429752803
  ],
  ""type"": ""Point""
}",-83.094304086,42.429752803
14566,9264609,I-94,CONNER,2015-05-06,6,5,2015,9,4,97,1,,1,0,,1,2,1,55,3,2,3,5,0,0,0,0,true,,false,false,false,false,false,,,,,,false,true,false,,,false,false,false,false,false,-82.98906,42.39567,"{
  ""coordinates"": [
    -8.298906281500000e+01,
    4.239566743200000e+01
  ],
  ""type"": ""Point""
}","{
  ""coordinates"": [
    -82.989062815,
    42.395667432
  ],
  ""type"": ""Point""
}",-82.989062815,42.395667432
14567,9257014,PANAMA,CENTRAL,2015-05-06,6,5,2015,9,4,4,9,,,0,,2,1,1,25,2,2,1,4,0,0,0,1,false,,false,false,true,false,false,,,,,,false,true,false,,,false,false,false,false,false,-83.13963,42.33399,"{
  ""coordinates"": [
    -8.313963135800000e+01,
    4.233399050400000e+01
  ],
  ""type"": ""Point""
}","{
  ""coordinates"": [
    -83.139631358,
    42.333990504
  ],
  ""type"": ""Point""
}",-83.139631358,42.333990504
14568,9264690,N I 75,CONSOLIDATED RAIL CORPORATION,2015-05-06,6,5,2015,16,4,1,1,,1,1,,1,1,1,55,4,1,1,4,0,0,0,2,false,,false,false,false,false,false,,,,,,false,false,false,,,false,false,false,false,false,-83.06036,42.37503,"{
  ""coordinates"": [
    -8.306036042999990e+01,
    4.237502910200000e+01
  ],
  ""type"": ""Point""
}","{
  ""coordinates"": [
    -83.06036043,
    42.375029102
  ],
  ""type"": ""Point""
}",-83.0603604299999,42.375029102
14569,9264703,I-94,LIVERNOIS,2015-05-06,6,5,2015,16,4,5,1,,1,0,,1,1,1,55,3,2,2,5,0,0,0,0,true,,false,false,false,false,false,,,,,,false,false,true,,,false,false,false,false,false,-83.12404,42.33765,"{
  ""coordinates"": [
    -8.312403838400000e+01,
    4.233764580500010e+01
  ],
  ""type"": ""Point""
}","{
  ""coordinates"": [
    -83.124038384,
    42.337645805
  ],
  ""type"": ""Point""
}",-83.124038384,42.3376458050001
14570,9282552,8 MILE,BRAILE,2015-05-06,6,5,2015,8,4,5,3,,1,0,,1,2,1,45,3,2,2,4,0,0,0,2,false,,false,false,false,false,false,,,,,,false,false,true,,,false,false,false,false,false,-83.24673,42.44355,"{
  ""coordinates"": [
    -8.324673732799990e+01,
    4.244355151100010e+01
  ],
  ""type"": ""Point""
}","{
  ""coordinates"": [
    -83.246737328,
    42.443551511
  ],
  ""type"": ""Point""
}",-83.2467373279999,42.4435515110001
14571,9265081,FORRER,ORANGELAWN,2015-05-06,6,5,2015,14,4,4,9,,,0,,1,1,1,25,4,2,3,5,0,0,0,0,true,,false,false,false,false,false,,,,,,false,false,false,,,false,false,false,false,false,-83.20099,42.36778,"{
  ""coordinates"": [
    -8.320098849899991e+01,
    4.236778041900000e+01
  ],
  ""type"": ""Point""
}","{
  ""coordinates"": [
    -83.200988499,
    42.367780419
  ],
  ""type"": ""Point""
}",-83.2009884989999,42.367780419
14572,9255743,LYNDON,HARTWELL,2015-05-06,6,5,2015,16,4,5,9,,4,0,,1,2,1,30,4,2,4,5,0,0,0,0,true,,false,false,false,false,false,,,,,,false,true,false,,,false,false,false,false,false,-83.17769,42.39485,"{
  ""coordinates"": [
    -8.317769229899990e+01,
    4.239484726000010e+01
  ],
  ""type"": ""Point""
}","{
  ""coordinates"": [
    -83.177692299,
    42.39484726
  ],
  ""type"": ""Point""
}",-83.1776922989999,42.3948472600001
14573,9264610,I-96,M39,2015-05-06,6,5,2015,16,4,5,1,,1,0,,1,1,1,55,3,3,4,5,0,0,0,0,true,,false,false,false,false,false,,,,,,false,false,true,,,false,false,false,false,false,-83.22195,42.37828,"{
  ""coordinates"": [
    -8.322194449599991e+01,
    4.237827606400000e+01
  ],
  ""type"": ""Point""
}","{
  ""coordinates"": [
    -83.221944496,
    42.378276064
  ],
  ""type"": ""Point""
}",-83.2219444959999,42.378276064
14574,9282554,GROVE,SHAFTSBURY,2015-05-06,6,5,2015,17,4,4,9,,,0,,1,1,1,0,4,2,1,4,0,0,0,1,false,,false,false,true,false,false,,,,,,false,true,false,,,false,false,false,false,false,-83.23045,42.41352,"{
  ""coordinates"": [
    -8.323045680000000e+01,
    4.241352103600010e+01
  ],
  ""type"": ""Point""
}","{
  ""coordinates"": [
    -83.2304568,
    42.413521036
  ],
  ""type"": ""Point""
}",-83.2304568,42.4135210360001
14575,9251982,SCHAEFER,SCHAEFER,2015-05-06,6,5,2015,8,4,5,7,,2,0,,2,2,1,35,4,3,3,5,0,0,0,0,true,,false,false,false,false,false,,,,,,false,false,false,,,false,false,false,false,false,-83.1581,42.27873,"{
  ""coordinates"": [
    -8.315810235200000e+01,
    4.227873103200010e+01
  ],
  ""type"": ""Point""
}","{
  ""coordinates"": [
    -83.158102352,
    42.278731032
  ],
  ""type"": ""Point""
}",-83.158102352,42.2787310320001
14576,9255779,CONANT,REMINGTON,2015-05-06,6,5,2015,12,4,97,9,,4,0,,1,1,1,30,2,3,4,4,0,0,0,3,false,,false,false,true,false,false,,,,,,false,true,true,,,false,false,false,false,false,-83.08041,42.44229,"{
  ""coordinates"": [
    -8.308040397199990e+01,
    4.244228879400000e+01
  ],
  ""type"": ""Point""
}","{
  ""coordinates"": [
    -83.080403972,
    42.442288794
  ],
  ""type"": ""Point""
}",-83.0804039719999,42.442288794
14577,9257024,LAFAYETTE,CLARK,2015-05-06,6,5,2015,15,4,5,7,,4,0,,1,1,1,25,3,2,4,4,0,0,0,1,false,,false,false,false,false,false,,,,,,false,false,false,,,false,false,false,false,false,-83.09121,42.31398,"{
  ""coordinates"": [
    -8.309121047699990e+01,
    4.231397572500000e+01
  ],
  ""type"": ""Point""
}","{
  ""coordinates"": [
    -83.091210477,
    42.313975725
  ],
  ""type"": ""Point""
}",-83.0912104769999,42.313975725
14578,9262929,I-94,M-10,2015-05-06,6,5,2015,2,4,4,1,,1,0,,2,4,4,55,3,2,1,5,0,0,0,0,true,,false,false,true,false,false,,,,,,false,false,false,,,false,false,false,false,false,-83.07242,42.36149,"{
  ""coordinates"": [
    -8.307241761700000e+01,
    4.236149070900010e+01
  ],
  ""type"": ""Point""
}","{
  ""coordinates"": [
    -83.072417617,
    42.361490709
  ],
  ""type"": ""Point""
}",-83.072417617,42.3614907090001
14579,9251807,I-96,BUCHANAN,2015-05-06,6,5,2015,9,4,5,1,,1,0,,1,2,1,70,4,2,2,5,0,0,0,0,true,,false,false,false,false,false,,,,,,false,false,true,,,false,false,false,false,false,-83.09476,42.34277,"{
  ""coordinates"": [
    -8.309476427500000e+01,
    4.234277219400010e+01
  ],
  ""type"": ""Point""
}","{
  ""coordinates"": [
    -83.094764275,
    42.342772194
  ],
  ""type"": ""Point""
}",-83.094764275,42.3427721940001
14580,9251873,HARPER,MOROSS,2015-05-05,5,5,2015,7,3,4,9,,4,0,,1,1,1,30,4,2,4,5,0,0,0,0,true,,true,true,false,false,false,,,,,,false,false,false,,,false,false,false,false,false,-82.92928,42.42461,"{
  ""coordinates"": [
    -8.292927325900000e+01,
    4.242460790700010e+01
  ],
  ""type"": ""Point""
}","{
  ""coordinates"": [
    -82.929273259,
    42.424607907
  ],
  ""type"": ""Point""
}",-82.929273259,42.4246079070001
14581,9287634,SB M-10,PALLISTER,2015-05-05,5,5,2015,5,3,1,3,,1,0,,1,1,4,70,3,1,1,5,0,0,0,0,true,,false,false,false,false,false,,,,,,false,false,false,,,false,false,false,false,false,-83.08485,42.37147,"{
  ""coordinates"": [
    -8.308484729299990e+01,
    4.237146905300010e+01
  ],
  ""type"": ""Point""
}","{
  ""coordinates"": [
    -83.084847293,
    42.371469053
  ],
  ""type"": ""Point""
}",-83.0848472929999,42.3714690530001
14582,9264611,E I 96,TIREMAN,2015-05-05,5,5,2015,8,3,5,1,,1,0,,1,2,1,70,4,2,1,5,0,0,0,0,true,,false,false,true,false,false,,,,,,false,false,false,,,false,false,false,false,false,-83.11117,42.35603,"{
  ""coordinates"": [
    -8.311116594899990e+01,
    4.235603194300010e+01
  ],
  ""type"": ""Point""
}","{
  ""coordinates"": [
    -83.111165949,
    42.356031943
  ],
  ""type"": ""Point""
}",-83.1111659489999,42.3560319430001
14583,9264651,M-39,LYNDON,2015-05-05,5,5,2015,8,3,5,3,,1,0,,1,2,1,55,3,3,2,5,0,0,0,0,true,,false,false,true,false,false,,,,,,false,false,true,,,false,false,false,false,false,-83.21825,42.39751,"{
  ""coordinates"": [
    -8.321824796399990e+01,
    4.239751371200000e+01
  ],
  ""type"": ""Point""
}","{
  ""coordinates"": [
    -83.218247964,
    42.397513712
  ],
  ""type"": ""Point""
}",-83.2182479639999,42.397513712
14584,9252690,JOHN R,ALEXANDRINE,2015-05-05,5,5,2015,13,3,1,9,,4,0,,1,4,1,25,2,1,1,4,0,0,0,1,false,,false,false,false,false,false,,,,,,false,false,true,,,false,false,false,false,false,-83.05799,42.35144,"{
  ""coordinates"": [
    -8.305799058400000e+01,
    4.235144274500000e+01
  ],
  ""type"": ""Point""
}","{
  ""coordinates"": [
    -83.057990584,
    42.351442745
  ],
  ""type"": ""Point""
}",-83.057990584,42.351442745
14585,9287854,EUCLID,ROSA PARKS,2015-05-05,5,5,2015,14,3,5,9,,4,0,,2,4,1,25,2,2,4,5,0,0,0,0,true,,false,false,true,false,false,,,,,,false,false,false,,,false,false,false,false,false,-83.09526,42.37079,"{
  ""coordinates"": [
    -8.309526234799991e+01,
    4.237078903000000e+01
  ],
  ""type"": ""Point""
}","{
  ""coordinates"": [
    -83.095262348,
    42.37078903
  ],
  ""type"": ""Point""
}",-83.0952623479999,42.37078903
14586,9255778,HASS,SEVEN MILE,2015-05-05,5,5,2015,12,3,97,9,,,0,,2,2,1,10,2,2,2,5,0,0,0,0,true,,false,false,true,false,false,,,,,,false,false,false,,,false,false,false,false,false,-83.05677,42.43382,"{
  ""coordinates"": [
    -8.305677281999991e+01,
    4.243381770500010e+01
  ],
  ""type"": ""Point""
}","{
  ""coordinates"": [
    -83.05677282,
    42.433817705
  ],
  ""type"": ""Point""
}",-83.0567728199999,42.4338177050001
14587,9252707,WOODWARD,LARNED,2015-05-05,5,5,2015,8,3,5,9,,4,0,,1,1,1,35,1,2,2,5,0,0,0,0,true,,false,false,false,false,false,,,,,,false,false,false,,,false,false,false,false,false,-83.04505,42.32953,"{
  ""coordinates"": [
    -8.304505498000000e+01,
    4.232953347700000e+01
  ],
  ""type"": ""Point""
}","{
  ""coordinates"": [
    -83.04505498,
    42.329533477
  ],
  ""type"": ""Point""
}",-83.04505498,42.329533477
14588,9255797,CONANT,OUTER,2015-05-05,5,5,2015,0,3,1,9,,4,0,,1,1,4,35,4,2,0,5,0,0,0,0,true,,false,false,true,false,false,,,,,,true,false,false,,,false,false,false,false,false,-83.07863,42.43982,"{
  ""coordinates"": [
    -8.307862945600000e+01,
    4.243982270900010e+01
  ],
  ""type"": ""Point""
}","{
  ""coordinates"": [
    -83.078629456,
    42.439822709
  ],
  ""type"": ""Point""
}",-83.078629456,42.4398227090001
14589,9260692,LIDDESDALE,LEONARD,2015-05-05,5,5,2015,19,3,1,9,,,1,,2,4,3,25,2,1,2,2,0,2,0,0,false,,false,false,false,true,false,,,,,,false,false,true,,,false,false,false,false,false,-83.14664,42.28088,"{
  ""coordinates"": [
    -8.314664296699991e+01,
    4.228088206300000e+01
  ],
  ""type"": ""Point""
}","{
  ""coordinates"": [
    -83.146642967,
    42.280882063
  ],
  ""type"": ""Point""
}",-83.1466429669999,42.280882063
14590,9251882,CADIEUX,MACK,2015-05-05,5,5,2015,15,3,3,9,,4,0,,2,4,1,30,2,2,2,5,0,0,0,0,true,,false,false,false,false,false,,,,,,false,false,true,,,false,false,false,false,false,-82.92247,42.39494,"{
  ""coordinates"": [
    -8.292246690899999e+01,
    4.239494511500000e+01
  ],
  ""type"": ""Point""
}","{
  ""coordinates"": [
    -82.922466909,
    42.394945115
  ],
  ""type"": ""Point""
}",-82.922466909,42.394945115
14591,9259047,OUTER,KENTFIELD,2015-05-05,5,5,2015,13,3,4,9,,2,0,,2,4,1,30,3,2,1,5,0,0,0,0,true,,false,false,true,false,false,,,,,,false,false,false,,,false,false,false,false,false,-83.24053,42.39804,"{
  ""coordinates"": [
    -8.324052896300000e+01,
    4.239803865900010e+01
  ],
  ""type"": ""Point""
}","{
  ""coordinates"": [
    -83.240528963,
    42.398038659
  ],
  ""type"": ""Point""
}",-83.240528963,42.3980386590001
14592,9251898,ROSSINI,BROCK,2015-05-05,5,5,2015,0,3,1,9,,,1,,1,1,4,25,2,1,2,3,0,0,1,0,false,,false,false,false,false,false,,,,,,false,false,false,,,false,false,false,false,false,-82.96393,42.44367,"{
  ""coordinates"": [
    -8.296392882000001e+01,
    4.244367026800010e+01
  ],
  ""type"": ""Point""
}","{
  ""coordinates"": [
    -82.96392882,
    42.443670268
  ],
  ""type"": ""Point""
}",-82.96392882,42.4436702680001
14593,9265105,E I 96,WARREN,2015-05-05,5,5,2015,10,3,1,1,,1,1,,1,1,1,55,3,1,1,5,0,0,0,0,true,,false,false,false,false,false,,,,,,false,false,false,,,false,false,false,false,false,-83.09682,42.34634,"{
  ""coordinates"": [
    -8.309682395700000e+01,
    4.234633997700010e+01
  ],
  ""type"": ""Point""
}","{
  ""coordinates"": [
    -83.096823957,
    42.346339977
  ],
  ""type"": ""Point""
}",-83.096823957,42.3463399770001
14594,9251907,GREENLAWN,CURTIS,2015-05-05,5,5,2015,15,3,97,9,,,0,,2,4,1,25,1,2,3,4,0,0,0,1,false,,false,false,false,false,false,,,,,,false,false,true,,,false,false,false,false,false,-83.15158,42.42456,"{
  ""coordinates"": [
    -8.315157879799990e+01,
    4.242455660000010e+01
  ],
  ""type"": ""Point""
}","{
  ""coordinates"": [
    -83.151578798,
    42.4245566
  ],
  ""type"": ""Point""
}",-83.1515787979999,42.4245566000001
14595,9261365,7 MILE,LIVERNOIS,2015-05-05,5,5,2015,13,3,4,9,,2,0,,2,4,1,30,6,2,1,5,0,0,0,0,true,,false,false,true,false,false,,,,,,false,true,false,,,false,false,false,false,false,-83.1395,42.43164,"{
  ""coordinates"": [
    -8.313949647500000e+01,
    4.243164246700010e+01
  ],
  ""type"": ""Point""
}","{
  ""coordinates"": [
    -83.139496475,
    42.431642467
  ],
  ""type"": ""Point""
}",-83.139496475,42.4316424670001
14596,9251886,GRAND RIVER,SOUTHFIELD SERVICE,2015-05-05,5,5,2015,8,3,1,3,,1,0,,1,1,1,35,4,2,1,3,0,0,1,0,false,,false,false,false,false,false,,,,,,true,false,false,,,false,false,false,false,false,-83.21474,42.39927,"{
  ""coordinates"": [
    -8.321473853500000e+01,
    4.239926890100000e+01
  ],
  ""type"": ""Point""
}","{
  ""coordinates"": [
    -83.214738535,
    42.399268901
  ],
  ""type"": ""Point""
}",-83.214738535,42.399268901
14597,9251885,SOUTHFIELD,FORD,2015-05-05,5,5,2015,9,3,5,3,,1,0,,1,2,1,55,3,2,2,5,0,0,0,0,true,,false,false,false,false,false,,,,,,false,false,false,,,false,false,false,false,false,-83.21577,42.32937,"{
  ""coordinates"": [
    -8.321577620200000e+01,
    4.232937057600000e+01
  ],
  ""type"": ""Point""
}","{
  ""coordinates"": [
    -83.215776202,
    42.329370576
  ],
  ""type"": ""Point""
}",-83.215776202,42.329370576
14598,9255811,AMSTERDAM,SECOND,2015-05-05,5,5,2015,16,3,4,9,,,0,,2,4,1,30,3,2,3,5,0,0,0,0,true,,false,false,false,false,false,,,,,,false,false,true,,,false,false,false,false,false,-83.07439,42.36544,"{
  ""coordinates"": [
    -8.307438708300000e+01,
    4.236543846600010e+01
  ],
  ""type"": ""Point""
}","{
  ""coordinates"": [
    -83.074387083,
    42.365438466
  ],
  ""type"": ""Point""
}",-83.074387083,42.3654384660001
14599,9264677,I94,WARREN,2015-05-05,5,5,2015,11,3,1,1,,1,1,,2,4,1,55,3,1,2,2,0,1,0,1,false,,false,false,false,false,false,,,,,,false,false,true,,,false,false,false,false,false,-83.11667,42.34196,"{
  ""coordinates"": [
    -8.311666856799999e+01,
    4.234196222300010e+01
  ],
  ""type"": ""Point""
}","{
  ""coordinates"": [
    -83.116668568,
    42.341962223
  ],
  ""type"": ""Point""
}",-83.116668568,42.3419622230001
14600,9259060,OUTER,SOUTHFIELD SERVICE DRIVE,2015-05-05,5,5,2015,11,3,5,9,,2,0,,2,4,1,30,3,3,5,4,0,0,0,1,false,,false,false,false,false,false,,,,,,false,false,false,,,false,false,false,false,false,-83.21861,42.41927,"{
  ""coordinates"": [
    -8.321861368299990e+01,
    4.241926670900010e+01
  ],
  ""type"": ""Point""
}","{
  ""coordinates"": [
    -83.218613683,
    42.419266709
  ],
  ""type"": ""Point""
}",-83.2186136829999,42.4192667090001
14601,9256325,WOODWARD,7 MILE,2015-05-05,5,5,2015,12,3,5,3,,1,0,,2,4,1,40,4,3,3,4,0,0,0,1,false,,false,false,true,false,false,,,,,,false,true,false,,,false,false,false,false,false,-83.11507,42.43163,"{
  ""coordinates"": [
    -8.311507249999990e+01,
    4.243162538500010e+01
  ],
  ""type"": ""Point""
}","{
  ""coordinates"": [
    -83.1150725,
    42.431625385
  ],
  ""type"": ""Point""
}",-83.1150724999999,42.4316253850001