ObjectId,Crash ID,Primary Road,Intersecting Road,Crash Date,Day,Month,Year,Hour,Weekday,Crash Type Code,Highway Classification Code,Community Code,Jurisdiction Code,Lane Departure Type Code,Surface Type,Road Condition,Weather Condition,Lighting Condition,Speed Limit,Lanes,Units,Occupants,Most Severe Injury,Fatal Injuries,Suspected Serious Injuries,Suspected Minor Injuries,Possible Injuries,Property Damage Only,Secondary Crash,Traffic Control,Red Light Run,Hit and Run,Alcohol,Drugs,Unbelted Person,Work Zone,Speeding Driver,Distracted Driver,Driveway,Pedestrian,Elderly Driver,Young Driver,Commercial Vehicle,Emergency Vehicles,Train,School Bus,Motorcycle,Bicycle,Deer,Longitude,Latitude,geom,geog,x,y
14602,9252723,RAMP 029B,N I 75,2015-05-05,5,5,2015,18,3,5,1,,1,0,,2,2,1,45,2,2,2,5,0,0,0,0,true,,false,false,false,false,false,,,,,,false,false,false,,,false,false,false,false,false,-83.15691,42.27691,"{
  ""coordinates"": [
    -8.315690974300000e+01,
    4.227690574400000e+01
  ],
  ""type"": ""Point""
}","{
  ""coordinates"": [
    -83.156909743,
    42.276905744
  ],
  ""type"": ""Point""
}",-83.156909743,42.276905744
14603,9257063,MACK,RIVARD,2015-05-05,5,5,2015,11,3,5,9,,4,0,,2,4,1,0,3,2,2,5,0,0,0,0,true,,false,false,false,false,false,,,,,,false,false,false,,,false,false,false,false,false,-83.04613,42.352,"{
  ""coordinates"": [
    -8.304612621200000e+01,
    4.235199632100010e+01
  ],
  ""type"": ""Point""
}","{
  ""coordinates"": [
    -83.046126212,
    42.351996321
  ],
  ""type"": ""Point""
}",-83.046126212,42.3519963210001
14604,9255780,MT ELLIOTT,LUCE,2015-05-05,5,5,2015,2,3,1,9,,4,1,,1,1,4,35,1,1,1,5,0,0,0,0,true,,false,false,false,false,false,,,,,,false,false,true,,,false,false,false,false,false,-83.03821,42.41544,"{
  ""coordinates"": [
    -8.303820446700000e+01,
    4.241544057900010e+01
  ],
  ""type"": ""Point""
}","{
  ""coordinates"": [
    -83.038204467,
    42.415440579
  ],
  ""type"": ""Point""
}",-83.038204467,42.4154405790001
14605,9264612,I 94,MORANG,2015-05-05,5,5,2015,12,3,5,1,,1,0,,2,4,1,55,3,2,3,5,0,0,0,0,true,,false,false,false,false,false,,,,,,false,false,false,,,false,false,false,false,false,-82.9332,42.41963,"{
  ""coordinates"": [
    -8.293319334900001e+01,
    4.241962736200000e+01
  ],
  ""type"": ""Point""
}","{
  ""coordinates"": [
    -82.933193349,
    42.419627362
  ],
  ""type"": ""Point""
}",-82.933193349,42.419627362
14606,9429805,OUTER,MONICA,2015-05-05,5,5,2015,17,3,4,9,,2,0,,2,4,2,35,4,2,1,5,0,0,0,0,true,,true,false,true,false,false,,,,,,false,false,false,,,false,false,false,false,false,-83.14483,42.43528,"{
  ""coordinates"": [
    -8.314483200500000e+01,
    4.243527418000010e+01
  ],
  ""type"": ""Point""
}","{
  ""coordinates"": [
    -83.144832005,
    42.43527418
  ],
  ""type"": ""Point""
}",-83.144832005,42.4352741800001
14607,9251890,FOREST,MAXWELL,2015-05-05,5,5,2015,17,3,4,9,,4,0,,2,4,1,30,2,2,2,2,0,1,0,0,false,,false,false,false,false,false,,,,,,false,false,false,,,false,false,false,false,false,-83.00912,42.37464,"{
  ""coordinates"": [
    -8.300912490100001e+01,
    4.237463940200010e+01
  ],
  ""type"": ""Point""
}","{
  ""coordinates"": [
    -83.009124901,
    42.374639402
  ],
  ""type"": ""Point""
}",-83.009124901,42.3746394020001
14608,9284739,SEVENMILE,BENTLER,2015-05-05,5,5,2015,16,3,4,9,,2,0,,2,4,1,35,4,2,2,4,0,0,0,1,false,,true,true,false,false,false,,,,,,false,false,true,,,false,false,false,false,false,-83.2534,42.42923,"{
  ""coordinates"": [
    -8.325340439199989e+01,
    4.242922622500000e+01
  ],
  ""type"": ""Point""
}","{
  ""coordinates"": [
    -83.253404392,
    42.429226225
  ],
  ""type"": ""Point""
}",-83.2534043919999,42.429226225
14609,9264685,I-75,8 MILE,2015-05-05,5,5,2015,11,3,1,1,,1,1,,2,4,1,70,3,1,1,5,0,0,0,0,true,,false,false,false,false,false,,,,,,false,false,false,,,false,false,false,false,false,-83.09489,42.44613,"{
  ""coordinates"": [
    -8.309488615600000e+01,
    4.244612385200000e+01
  ],
  ""type"": ""Point""
}","{
  ""coordinates"": [
    -83.094886156,
    42.446123852
  ],
  ""type"": ""Point""
}",-83.094886156,42.446123852
14610,9251897,JEFFERSON,CHALMERS,2015-05-05,5,5,2015,8,3,8,9,,4,0,,1,2,1,30,6,2,1,5,0,0,0,0,true,,false,false,true,false,false,,,,,,false,false,false,,,false,false,false,false,false,-82.9442,42.37294,"{
  ""coordinates"": [
    -8.294420038500000e+01,
    4.237294064800010e+01
  ],
  ""type"": ""Point""
}","{
  ""coordinates"": [
    -82.944200385,
    42.372940648
  ],
  ""type"": ""Point""
}",-82.944200385,42.3729406480001
14611,9252695,7 MILE,CHALMERS,2015-05-05,5,5,2015,11,3,4,9,,2,0,,2,4,1,30,3,2,2,5,0,0,0,0,true,,false,false,true,true,true,,,,,,false,false,false,,,false,false,false,false,false,-82.97529,42.43513,"{
  ""coordinates"": [
    -8.297529072899989e+01,
    4.243513087200010e+01
  ],
  ""type"": ""Point""
}","{
  ""coordinates"": [
    -82.975290729,
    42.435130872
  ],
  ""type"": ""Point""
}",-82.9752907289999,42.4351308720001
14612,9264701,I-75,7 MILE,2015-05-05,5,5,2015,12,3,8,1,,1,0,,2,4,1,70,4,3,3,5,0,0,0,0,true,,false,false,false,false,false,,,,,,false,false,false,,,false,false,false,false,false,-83.09347,42.42533,"{
  ""coordinates"": [
    -8.309346479100000e+01,
    4.242532602400010e+01
  ],
  ""type"": ""Point""
}","{
  ""coordinates"": [
    -83.093464791,
    42.425326024
  ],
  ""type"": ""Point""
}",-83.093464791,42.4253260240001
14613,9399336,CASS,AMSTERDAM,2015-05-05,5,5,2015,16,3,5,9,,4,0,,2,4,1,0,8,2,2,4,0,0,0,1,false,,false,false,false,false,false,,,,,,false,false,false,,,false,false,false,false,false,-83.0724,42.36607,"{
  ""coordinates"": [
    -8.307240392100000e+01,
    4.236606838700000e+01
  ],
  ""type"": ""Point""
}","{
  ""coordinates"": [
    -83.072403921,
    42.366068387
  ],
  ""type"": ""Point""
}",-83.072403921,42.366068387
14614,9255796,RYAN,LANTZ,2015-05-05,5,5,2015,13,3,5,9,,4,0,,2,4,1,35,2,2,0,5,0,0,0,0,true,,false,false,true,false,false,,,,,,false,false,false,,,false,false,false,false,false,-83.06332,42.43668,"{
  ""coordinates"": [
    -8.306332271199990e+01,
    4.243668292600010e+01
  ],
  ""type"": ""Point""
}","{
  ""coordinates"": [
    -83.063322712,
    42.436682926
  ],
  ""type"": ""Point""
}",-83.0633227119999,42.4366829260001
14615,9255791,STATEFAIR,DEQUINDRE,2015-05-05,5,5,2015,14,3,5,9,,2,0,,2,4,1,25,2,2,1,5,0,0,0,0,true,,false,false,true,false,false,,,,,,false,false,false,,,false,false,false,false,false,-83.08311,42.44014,"{
  ""coordinates"": [
    -8.308311091099991e+01,
    4.244013600200000e+01
  ],
  ""type"": ""Point""
}","{
  ""coordinates"": [
    -83.083110911,
    42.440136002
  ],
  ""type"": ""Point""
}",-83.0831109109999,42.440136002
14616,9252711,LINWOOD,MCNICHOLS,2015-05-05,5,5,2015,14,3,1,9,,4,0,,2,2,1,25,2,2,3,3,0,0,1,0,false,,false,false,true,false,false,,,,,,false,false,false,,,false,false,false,true,false,-83.12814,42.41733,"{
  ""coordinates"": [
    -8.312813918499999e+01,
    4.241733327100010e+01
  ],
  ""type"": ""Point""
}","{
  ""coordinates"": [
    -83.128139185,
    42.417333271
  ],
  ""type"": ""Point""
}",-83.128139185,42.4173332710001
14617,9252689,GRAND,GRAND RIVER,2015-05-05,5,5,2015,17,3,5,3,,4,0,,2,4,1,30,3,2,3,5,0,0,0,0,true,,false,false,false,false,false,,,,,,false,false,true,,,false,false,false,false,false,-83.10948,42.35688,"{
  ""coordinates"": [
    -8.310948231600000e+01,
    4.235688199200010e+01
  ],
  ""type"": ""Point""
}","{
  ""coordinates"": [
    -83.109482316,
    42.356881992
  ],
  ""type"": ""Point""
}",-83.109482316,42.3568819920001
14618,9265030,LEDYARD,2ND,2015-05-05,5,5,2015,16,3,4,9,,4,0,,2,4,1,25,2,2,6,5,0,0,0,0,true,,false,false,false,false,false,,,,,,false,false,true,,,false,false,false,false,false,-83.05927,42.33997,"{
  ""coordinates"": [
    -8.305926284100001e+01,
    4.233997319400000e+01
  ],
  ""type"": ""Point""
}","{
  ""coordinates"": [
    -83.059262841,
    42.339973194
  ],
  ""type"": ""Point""
}",-83.059262841,42.339973194
14619,9252688,WOODWARD,BALTIMORE,2015-05-05,5,5,2015,21,3,5,3,,1,0,,2,4,4,30,3,2,5,4,0,0,0,1,false,,false,false,false,false,false,,,,,,false,true,false,,,false,false,false,false,false,-83.07209,42.36841,"{
  ""coordinates"": [
    -8.307208987699990e+01,
    4.236841096800000e+01
  ],
  ""type"": ""Point""
}","{
  ""coordinates"": [
    -83.072089877,
    42.368410968
  ],
  ""type"": ""Point""
}",-83.0720898769999,42.368410968
14620,9263073,8 MILE,N M 39,2015-05-05,5,5,2015,15,3,5,3,,1,0,,2,2,1,35,4,2,2,4,0,0,0,1,false,,false,false,false,false,false,,,,,,false,false,true,,,false,false,false,false,false,-83.2197,42.44417,"{
  ""coordinates"": [
    -8.321969664200000e+01,
    4.244417264300010e+01
  ],
  ""type"": ""Point""
}","{
  ""coordinates"": [
    -83.219696642,
    42.444172643
  ],
  ""type"": ""Point""
}",-83.219696642,42.4441726430001
14621,9262927,I-75,SCHAEFER,2015-05-05,5,5,2015,22,3,5,1,,1,0,,2,4,4,70,3,2,2,4,0,0,0,1,false,,false,false,false,false,false,,,,,,false,false,true,,,false,false,false,false,false,-83.15224,42.27906,"{
  ""coordinates"": [
    -8.315224033600001e+01,
    4.227905569500010e+01
  ],
  ""type"": ""Point""
}","{
  ""coordinates"": [
    -83.152240336,
    42.279055695
  ],
  ""type"": ""Point""
}",-83.152240336,42.2790556950001
14622,9343444,LINWOOD,JOY,2015-05-05,5,5,2015,1,3,3,9,,4,0,,1,1,4,35,2,2,1,4,0,0,0,1,false,,false,false,true,false,false,,,,,,false,false,false,,,false,false,false,false,false,-83.10877,42.37344,"{
  ""coordinates"": [
    -8.310877194600000e+01,
    4.237344293600010e+01
  ],
  ""type"": ""Point""
}","{
  ""coordinates"": [
    -83.108771946,
    42.373442936
  ],
  ""type"": ""Point""
}",-83.108771946,42.3734429360001
14623,9251875,SAINT ANTOINE,GRATIOT,2015-05-05,5,5,2015,12,3,8,3,,4,0,,2,4,1,25,2,2,1,5,0,0,0,0,true,,false,false,true,false,false,,,,,,false,false,false,,,false,false,false,false,false,-83.04277,42.3383,"{
  ""coordinates"": [
    -8.304276806900000e+01,
    4.233829726000000e+01
  ],
  ""type"": ""Point""
}","{
  ""coordinates"": [
    -83.042768069,
    42.33829726
  ],
  ""type"": ""Point""
}",-83.042768069,42.33829726
14624,9251896,E I 94 SERVICE DRIVE,MOROSS,2015-05-05,5,5,2015,7,3,8,9,,4,0,,1,2,1,30,2,2,5,5,0,0,0,0,true,,false,false,false,false,false,,,,,,false,false,false,,,false,false,false,false,false,-82.92832,42.42429,"{
  ""coordinates"": [
    -8.292832398500001e+01,
    4.242429085800010e+01
  ],
  ""type"": ""Point""
}","{
  ""coordinates"": [
    -82.928323985,
    42.424290858
  ],
  ""type"": ""Point""
}",-82.928323985,42.4242908580001
14625,9379467,MCPHERSON,KLINGER,2015-05-05,5,5,2015,22,3,5,9,,,0,,2,2,4,25,2,2,0,5,0,0,0,0,true,,false,false,true,false,false,,,,,,false,false,false,,,false,false,false,false,false,-83.05988,42.40879,"{
  ""coordinates"": [
    -8.305988327599989e+01,
    4.240879212200010e+01
  ],
  ""type"": ""Point""
}","{
  ""coordinates"": [
    -83.059883276,
    42.408792122
  ],
  ""type"": ""Point""
}",-83.0598832759999,42.4087921220001
14626,9282550,7 MILE,WINTHROP,2015-05-05,5,5,2015,13,3,4,9,,2,0,,2,4,1,35,4,2,2,5,0,0,0,0,true,,false,false,false,false,false,,,,,,false,true,false,,,false,false,false,false,false,-83.20103,42.4304,"{
  ""coordinates"": [
    -8.320103552400001e+01,
    4.243039851500000e+01
  ],
  ""type"": ""Point""
}","{
  ""coordinates"": [
    -83.201035524,
    42.430398515
  ],
  ""type"": ""Point""
}",-83.201035524,42.430398515
14627,9356848,E I 94,N HARPER/S I 94,2015-05-05,5,5,2015,14,3,1,1,,1,1,,2,4,1,25,3,1,1,5,0,0,0,0,true,,false,false,false,false,false,,,,,,false,false,false,,,false,false,false,false,false,-82.92972,42.42313,"{
  ""coordinates"": [
    -8.292971950299990e+01,
    4.242313097700000e+01
  ],
  ""type"": ""Point""
}","{
  ""coordinates"": [
    -82.929719503,
    42.423130977
  ],
  ""type"": ""Point""
}",-82.9297195029999,42.423130977
14628,9308457,MCNICHOLS,LOG CABIN,2015-05-05,5,5,2015,7,3,5,9,,4,0,,1,2,2,0,2,2,3,5,0,0,0,0,true,,false,false,false,false,false,,,,,,false,false,false,,,false,false,false,false,false,-83.122,42.41748,"{
  ""coordinates"": [
    -8.312200110399991e+01,
    4.241747837500000e+01
  ],
  ""type"": ""Point""
}","{
  ""coordinates"": [
    -83.122001104,
    42.417478375
  ],
  ""type"": ""Point""
}",-83.1220011039999,42.417478375
14629,9265063,MCNICHOLS,FERGUSON,2015-05-05,5,5,2015,15,3,5,9,,2,0,,1,4,1,35,4,2,4,5,0,0,0,0,true,,false,false,false,false,false,,,,,,false,false,true,,,false,false,false,false,false,-83.20965,42.41575,"{
  ""coordinates"": [
    -8.320964973900000e+01,
    4.241574907700000e+01
  ],
  ""type"": ""Point""
}","{
  ""coordinates"": [
    -83.209649739,
    42.415749077
  ],
  ""type"": ""Point""
}",-83.209649739,42.415749077
14630,9259034,SAINT JEAN,MACK,2015-05-05,5,5,2015,12,3,4,9,,4,0,,2,4,1,30,9,2,3,5,0,0,0,0,true,,false,false,true,false,false,,,,,,false,false,false,,,false,false,false,false,false,-82.97855,42.37912,"{
  ""coordinates"": [
    -8.297854601099991e+01,
    4.237911706500010e+01
  ],
  ""type"": ""Point""
}","{
  ""coordinates"": [
    -82.978546011,
    42.379117065
  ],
  ""type"": ""Point""
}",-82.9785460109999,42.3791170650001
14631,9282547,GRAND RIVER,KENTFORD,2015-05-05,5,5,2015,22,3,4,3,,1,0,,2,4,4,35,6,2,2,3,0,0,1,0,false,,false,false,false,false,false,,,,,,false,false,false,,,false,false,false,false,false,-83.22134,42.40193,"{
  ""coordinates"": [
    -8.322133849799999e+01,
    4.240192839900000e+01
  ],
  ""type"": ""Point""
}","{
  ""coordinates"": [
    -83.221338498,
    42.401928399
  ],
  ""type"": ""Point""
}",-83.221338498,42.401928399
14632,9252686,WOODWARD,KIRBY,2015-05-05,5,5,2015,18,3,5,3,,1,0,,2,4,1,30,2,2,2,4,0,0,0,1,false,,false,false,true,false,false,,,,,,false,false,false,,,false,false,false,false,false,-83.06623,42.35973,"{
  ""coordinates"": [
    -8.306623164199991e+01,
    4.235972686600010e+01
  ],
  ""type"": ""Point""
}","{
  ""coordinates"": [
    -83.066231642,
    42.359726866
  ],
  ""type"": ""Point""
}",-83.0662316419999,42.3597268660001
14633,9253512,I 94,OUTER,2015-05-05,5,5,2015,21,3,97,1,,1,0,,2,4,4,55,3,2,5,4,0,0,0,3,false,,false,false,false,false,false,,,,,,false,false,false,,,false,false,false,false,false,-82.96036,42.40504,"{
  ""coordinates"": [
    -8.296035658100000e+01,
    4.240503523200000e+01
  ],
  ""type"": ""Point""
}","{
  ""coordinates"": [
    -82.960356581,
    42.405035232
  ],
  ""type"": ""Point""
}",-82.960356581,42.405035232
14634,9251872,GRATIOT,VAN DYKE,2015-05-05,5,5,2015,13,3,8,3,,1,0,,2,4,1,35,6,2,1,5,0,0,0,0,true,,false,false,false,false,false,,,,,,false,false,false,,,false,false,false,false,false,-83.0147,42.37878,"{
  ""coordinates"": [
    -8.301470540600000e+01,
    4.237878230800000e+01
  ],
  ""type"": ""Point""
}","{
  ""coordinates"": [
    -83.014705406,
    42.378782308
  ],
  ""type"": ""Point""
}",-83.014705406,42.378782308
14635,9264588,EB I-96,EVERGREEN,2015-05-05,5,5,2015,11,3,1,1,,1,1,,2,4,1,55,3,1,1,5,0,0,0,0,true,,false,false,false,false,false,,,,,,false,false,false,,,false,false,false,false,false,-83.23169,42.37804,"{
  ""coordinates"": [
    -8.323168955100000e+01,
    4.237803661300010e+01
  ],
  ""type"": ""Point""
}","{
  ""coordinates"": [
    -83.231689551,
    42.378036613
  ],
  ""type"": ""Point""
}",-83.231689551,42.3780366130001
14636,9264686,RAMP 139G,W M 8,2015-05-05,5,5,2015,13,3,1,1,,1,1,,2,4,1,55,3,1,1,4,0,0,0,1,false,,false,false,false,false,false,,,,,,false,false,true,,,false,false,false,false,false,-83.15453,42.38549,"{
  ""coordinates"": [
    -8.315452392400000e+01,
    4.238548692600010e+01
  ],
  ""type"": ""Point""
}","{
  ""coordinates"": [
    -83.154523924,
    42.385486926
  ],
  ""type"": ""Point""
}",-83.154523924,42.3854869260001
14637,9262901,I94,CADIEUX,2015-05-05,5,5,2015,21,3,8,1,,1,0,,2,4,5,55,3,2,2,5,0,0,0,0,true,,false,false,true,false,false,,,,,,false,false,false,,,false,false,false,false,false,-82.94081,42.41488,"{
  ""coordinates"": [
    -8.294081072700000e+01,
    4.241488076300000e+01
  ],
  ""type"": ""Point""
}","{
  ""coordinates"": [
    -82.940810727,
    42.414880763
  ],
  ""type"": ""Point""
}",-82.940810727,42.414880763
14638,9264590,RAMP 215A,E I 94,2015-05-05,5,5,2015,15,3,5,1,,1,0,,2,4,1,55,5,2,4,5,0,0,0,0,true,,false,false,true,false,false,,,,,,false,false,true,,,false,false,false,false,false,-83.07774,42.35773,"{
  ""coordinates"": [
    -8.307773765400000e+01,
    4.235773481600010e+01
  ],
  ""type"": ""Point""
}","{
  ""coordinates"": [
    -83.077737654,
    42.357734816
  ],
  ""type"": ""Point""
}",-83.077737654,42.3577348160001
14639,9252696,ROXBURY,HAVERHILL,2015-05-05,5,5,2015,14,3,4,9,,,0,,2,1,1,25,2,2,4,4,0,0,0,1,false,,false,false,false,false,false,,,,,,false,false,false,,,false,false,false,false,false,-82.95607,42.41321,"{
  ""coordinates"": [
    -8.295606907500000e+01,
    4.241320816200000e+01
  ],
  ""type"": ""Point""
}","{
  ""coordinates"": [
    -82.956069075,
    42.413208162
  ],
  ""type"": ""Point""
}",-82.956069075,42.413208162
14640,9264613,I 94,MORANG,2015-05-05,5,5,2015,12,3,1,1,,1,1,,2,4,1,55,3,1,1,5,0,0,0,0,true,,false,false,false,false,false,,,,,,false,false,true,,,false,false,false,false,false,-82.9332,42.41963,"{
  ""coordinates"": [
    -8.293319334900001e+01,
    4.241962736200000e+01
  ],
  ""type"": ""Point""
}","{
  ""coordinates"": [
    -82.933193349,
    42.419627362
  ],
  ""type"": ""Point""
}",-82.933193349,42.419627362
14641,9251884,JOY,FAUST,2015-05-05,5,5,2015,18,3,5,9,,2,0,,2,1,1,35,4,2,1,5,0,0,0,0,true,,false,false,true,false,false,,,,,,false,false,true,,,false,false,false,false,false,-83.22123,42.35778,"{
  ""coordinates"": [
    -8.322123136600000e+01,
    4.235777513200000e+01
  ],
  ""type"": ""Point""
}","{
  ""coordinates"": [
    -83.221231366,
    42.357775132
  ],
  ""type"": ""Point""
}",-83.221231366,42.357775132
14642,9251871,I 75,CLAY,2015-05-05,5,5,2015,8,3,5,1,,1,0,,1,2,1,70,3,3,3,3,0,0,1,1,false,,false,false,false,false,false,,,,,,false,false,true,,,false,false,false,false,false,-83.06432,42.38043,"{
  ""coordinates"": [
    -8.306432479499991e+01,
    4.238043030500010e+01
  ],
  ""type"": ""Point""
}","{
  ""coordinates"": [
    -83.064324795,
    42.380430305
  ],
  ""type"": ""Point""
}",-83.0643247949999,42.3804303050001
14643,9251881,WAVENEY,3 MILE,2015-05-05,5,5,2015,14,3,4,9,,,0,,2,4,1,25,2,2,3,4,0,0,0,1,false,,false,false,false,false,false,,,,,,false,false,true,,,false,false,false,false,false,-82.93672,42.39742,"{
  ""coordinates"": [
    -8.293671822300000e+01,
    4.239741509600000e+01
  ],
  ""type"": ""Point""
}","{
  ""coordinates"": [
    -82.936718223,
    42.397415096
  ],
  ""type"": ""Point""
}",-82.936718223,42.397415096
14644,9264634,RAMP 016B,LAFAYETTE,2015-05-05,5,5,2015,7,3,5,1,,1,0,,1,2,1,55,3,2,2,4,0,0,0,1,false,,false,false,false,false,false,,,,,,false,false,false,,,false,false,false,false,false,-83.03796,42.33563,"{
  ""coordinates"": [
    -8.303796376100000e+01,
    4.233562761400000e+01
  ],
  ""type"": ""Point""
}","{
  ""coordinates"": [
    -83.037963761,
    42.335627614
  ],
  ""type"": ""Point""
}",-83.037963761,42.335627614
14645,9264587,RAMP 105A,JAMES COUZENS,2015-05-05,5,5,2015,9,3,5,3,,1,0,,1,2,1,55,3,3,4,5,0,0,0,0,true,,false,false,true,false,false,,,,,,false,true,true,,,false,false,false,false,false,-83.16125,42.40561,"{
  ""coordinates"": [
    -8.316125192500000e+01,
    4.240560747100010e+01
  ],
  ""type"": ""Point""
}","{
  ""coordinates"": [
    -83.161251925,
    42.405607471
  ],
  ""type"": ""Point""
}",-83.161251925,42.4056074710001
14646,9267462,LIVERNOIS,W I 94,2015-05-05,5,5,2015,11,3,8,9,,4,0,,2,4,1,35,2,2,2,5,0,0,0,0,true,,false,false,true,false,false,,,,,,false,false,false,,,false,false,false,false,false,-83.12492,42.33742,"{
  ""coordinates"": [
    -8.312491508900000e+01,
    4.233741875700010e+01
  ],
  ""type"": ""Point""
}","{
  ""coordinates"": [
    -83.124915089,
    42.337418757
  ],
  ""type"": ""Point""
}",-83.124915089,42.3374187570001
14647,9251877,JEFFERSON,VAN DYKE,2015-05-05,5,5,2015,17,3,5,9,,4,0,,2,4,1,35,6,2,2,5,0,0,0,0,true,,false,false,false,false,false,,,,,,false,false,false,,,false,false,false,false,false,-82.99487,42.3514,"{
  ""coordinates"": [
    -8.299487208399999e+01,
    4.235139683300010e+01
  ],
  ""type"": ""Point""
}","{
  ""coordinates"": [
    -82.994872084,
    42.351396833
  ],
  ""type"": ""Point""
}",-82.994872084,42.3513968330001
14648,9259048,EVERGREEN,CAPITOL,2015-05-05,5,5,2015,14,3,4,9,,4,0,,2,4,1,30,4,2,1,5,0,0,0,0,true,,false,false,true,false,false,,,,,,false,false,false,,,false,false,false,false,false,-83.2364,42.37637,"{
  ""coordinates"": [
    -8.323639542799999e+01,
    4.237636870000010e+01
  ],
  ""type"": ""Point""
}","{
  ""coordinates"": [
    -83.236395428,
    42.3763687
  ],
  ""type"": ""Point""
}",-83.236395428,42.3763687000001
14649,9252709,8 MILE,LIVERNOIS,2015-05-05,5,5,2015,17,3,4,3,,1,0,,2,2,1,45,3,2,3,5,0,0,0,0,true,,false,false,false,false,false,,,,,,false,true,true,,,false,false,false,false,false,-83.14206,42.44608,"{
  ""coordinates"": [
    -8.314205558600000e+01,
    4.244608088200000e+01
  ],
  ""type"": ""Point""
}","{
  ""coordinates"": [
    -83.142055586,
    42.446080882
  ],
  ""type"": ""Point""
}",-83.142055586,42.446080882
14650,9282548,HESSEL,OAKFIELD,2015-05-05,5,5,2015,7,3,4,9,,,0,,1,1,1,25,2,2,3,5,0,0,0,0,true,,true,false,true,false,false,,,,,,false,false,false,,,false,false,false,false,false,-83.21608,42.44269,"{
  ""coordinates"": [
    -8.321607888999991e+01,
    4.244269122100010e+01
  ],
  ""type"": ""Point""
}","{
  ""coordinates"": [
    -83.21607889,
    42.442691221
  ],
  ""type"": ""Point""
}",-83.2160788899999,42.4426912210001
14651,9262902,DAVISON,WB I-96,2015-05-05,5,5,2015,21,3,1,1,,1,1,,2,4,5,35,3,1,1,5,0,0,0,0,true,,false,false,false,false,false,,,,,,false,false,true,,,false,false,false,false,false,-83.14876,42.38463,"{
  ""coordinates"": [
    -8.314875660199991e+01,
    4.238463276700000e+01
  ],
  ""type"": ""Point""
}","{
  ""coordinates"": [
    -83.148756602,
    42.384632767
  ],
  ""type"": ""Point""
}",-83.1487566019999,42.384632767
14652,9251874,MACK,S I 75 SERVICE DRIVE,2015-05-05,5,5,2015,15,3,8,9,,4,0,,2,4,1,30,4,2,1,5,0,0,0,0,true,,false,false,true,false,false,,,,,,false,true,false,,,false,false,false,false,false,-83.04861,42.35108,"{
  ""coordinates"": [
    -8.304860749700001e+01,
    4.235108083900010e+01
  ],
  ""type"": ""Point""
}","{
  ""coordinates"": [
    -83.048607497,
    42.351080839
  ],
  ""type"": ""Point""
}",-83.048607497,42.3510808390001
14653,9251889,JOY,FIELDING,2015-05-05,5,5,2015,12,3,5,9,,2,0,,2,2,1,35,2,3,3,4,0,0,0,1,false,,false,false,false,false,false,,,,,,false,true,true,,,false,false,false,false,false,-83.2408,42.35748,"{
  ""coordinates"": [
    -8.324080182099991e+01,
    4.235747566900010e+01
  ],
  ""type"": ""Point""
}","{
  ""coordinates"": [
    -83.240801821,
    42.357475669
  ],
  ""type"": ""Point""
}",-83.2408018209999,42.3574756690001
14654,9251892,TELEGRAPH,MCNICHOLS,2015-05-05,5,5,2015,17,3,5,2,,1,0,,2,4,1,45,4,2,4,5,0,0,0,0,true,,false,false,true,false,false,,,,,,false,false,false,,,false,false,false,false,false,-83.27689,42.41244,"{
  ""coordinates"": [
    -8.327688381699990e+01,
    4.241243720900010e+01
  ],
  ""type"": ""Point""
}","{
  ""coordinates"": [
    -83.276883817,
    42.412437209
  ],
  ""type"": ""Point""
}",-83.2768838169999,42.4124372090001
14655,9264589,EB I-96,EVERGREEN,2015-05-05,5,5,2015,11,3,8,1,,1,0,,2,4,1,55,3,2,3,5,0,0,0,0,true,,false,false,false,false,false,,,,,,false,false,true,,,false,false,false,false,false,-83.23169,42.37804,"{
  ""coordinates"": [
    -8.323168955100000e+01,
    4.237803661300010e+01
  ],
  ""type"": ""Point""
}","{
  ""coordinates"": [
    -83.231689551,
    42.378036613
  ],
  ""type"": ""Point""
}",-83.231689551,42.3780366130001
14656,9264586,RAMP 048A,MCNICHOLS,2015-05-05,5,5,2015,8,3,8,1,,1,0,,1,1,1,70,5,3,3,4,0,0,0,1,false,,false,false,false,false,false,,,,,,false,false,false,,,false,false,false,false,false,-83.08707,42.41809,"{
  ""coordinates"": [
    -8.308707393299990e+01,
    4.241809022800000e+01
  ],
  ""type"": ""Point""
}","{
  ""coordinates"": [
    -83.087073933,
    42.418090228
  ],
  ""type"": ""Point""
}",-83.0870739329999,42.418090228
14657,9264614,W I 96,KENTFIELD,2015-05-05,5,5,2015,13,3,1,1,,1,1,,2,4,1,30,3,1,1,5,0,0,0,0,true,,false,false,false,false,false,,,,,,false,false,true,,,false,false,false,false,false,-83.24078,42.38391,"{
  ""coordinates"": [
    -8.324078385599999e+01,
    4.238391432400000e+01
  ],
  ""type"": ""Point""
}","{
  ""coordinates"": [
    -83.240783856,
    42.383914324
  ],
  ""type"": ""Point""
}",-83.240783856,42.383914324
14658,9602801,JEFFERSON,ST ANTOINE,2015-05-04,4,5,2015,8,2,5,9,,4,0,,1,1,1,30,3,5,5,4,0,0,0,4,false,,false,false,false,false,false,,,,,,false,false,false,,,false,false,false,false,false,-83.03797,42.33168,"{
  ""coordinates"": [
    -8.303797408799990e+01,
    4.233167861700010e+01
  ],
  ""type"": ""Point""
}","{
  ""coordinates"": [
    -83.037974088,
    42.331678617
  ],
  ""type"": ""Point""
}",-83.0379740879999,42.3316786170001