ObjectId,Crash ID,Primary Road,Intersecting Road,Crash Date,Day,Month,Year,Hour,Weekday,Crash Type Code,Highway Classification Code,Community Code,Jurisdiction Code,Lane Departure Type Code,Surface Type,Road Condition,Weather Condition,Lighting Condition,Speed Limit,Lanes,Units,Occupants,Most Severe Injury,Fatal Injuries,Suspected Serious Injuries,Suspected Minor Injuries,Possible Injuries,Property Damage Only,Secondary Crash,Traffic Control,Red Light Run,Hit and Run,Alcohol,Drugs,Unbelted Person,Work Zone,Speeding Driver,Distracted Driver,Driveway,Pedestrian,Elderly Driver,Young Driver,Commercial Vehicle,Emergency Vehicles,Train,School Bus,Motorcycle,Bicycle,Deer,Longitude,Latitude,geom,geog,x,y
14773,9250204,GRATIOT,GREINER,2015-05-02,2,5,2015,22,7,1,3,,1,1,,1,1,4,35,6,1,2,4,0,0,0,1,false,,false,false,false,false,false,,,,,,false,false,false,,,false,false,false,false,false,-82.98251,42.42775,"{
  ""coordinates"": [
    -8.298251454400000e+01,
    4.242775262900010e+01
  ],
  ""type"": ""Point""
}","{
  ""coordinates"": [
    -82.982514544,
    42.427752629
  ],
  ""type"": ""Point""
}",-82.982514544,42.4277526290001
14774,9284727,MCNICHOLS,OUTER,2015-05-02,2,5,2015,20,7,4,9,,2,0,,1,1,1,35,4,2,2,5,0,0,0,0,true,,false,false,false,false,false,,,,,,false,false,true,,,false,false,false,false,false,-83.2318,42.41529,"{
  ""coordinates"": [
    -8.323180008700000e+01,
    4.241529081300010e+01
  ],
  ""type"": ""Point""
}","{
  ""coordinates"": [
    -83.231800087,
    42.415290813
  ],
  ""type"": ""Point""
}",-83.231800087,42.4152908130001
14775,9250217,HOUSTON WHITTIER,QUEEN,2015-05-02,2,5,2015,15,7,1,9,,4,0,,1,1,1,25,2,1,1,5,0,0,0,0,true,,false,false,false,false,false,,,,,,false,false,false,,,false,false,false,false,false,-82.9676,42.42075,"{
  ""coordinates"": [
    -8.296759619100000e+01,
    4.242074434300010e+01
  ],
  ""type"": ""Point""
}","{
  ""coordinates"": [
    -82.967596191,
    42.420744343
  ],
  ""type"": ""Point""
}",-82.967596191,42.4207443430001
14776,9249472,PURITAN,CHEYENNE,2015-05-02,2,5,2015,0,7,4,9,,4,0,,1,1,4,30,4,2,4,5,0,0,0,0,true,,false,false,false,true,true,,,,,,false,false,false,,,false,false,false,false,false,-83.17513,42.40944,"{
  ""coordinates"": [
    -8.317513203599999e+01,
    4.240943457700010e+01
  ],
  ""type"": ""Point""
}","{
  ""coordinates"": [
    -83.175132036,
    42.409434577
  ],
  ""type"": ""Point""
}",-83.175132036,42.4094345770001
14777,9250199,ALTER,WARREN,2015-05-02,2,5,2015,21,7,9,9,,4,0,,1,1,4,35,7,2,1,5,0,0,0,0,true,,false,false,true,false,false,,,,,,false,false,false,,,false,false,false,false,false,-82.95468,42.39725,"{
  ""coordinates"": [
    -8.295468429800000e+01,
    4.239725254300000e+01
  ],
  ""type"": ""Point""
}","{
  ""coordinates"": [
    -82.954684298,
    42.397252543
  ],
  ""type"": ""Point""
}",-82.954684298,42.397252543
14778,9250191,OUTER,MCNICHOLS,2015-05-02,2,5,2015,15,7,4,9,,2,0,,1,1,1,35,4,2,4,4,0,0,0,2,false,,false,false,false,false,false,,,,,,false,false,false,,,false,false,false,false,false,-83.23199,42.41529,"{
  ""coordinates"": [
    -8.323198852300000e+01,
    4.241528883600010e+01
  ],
  ""type"": ""Point""
}","{
  ""coordinates"": [
    -83.231988523,
    42.415288836
  ],
  ""type"": ""Point""
}",-83.231988523,42.4152888360001
14779,9250198,DICKERSON,JANE,2015-05-02,2,5,2015,15,7,5,9,,4,0,,1,1,1,25,2,2,1,5,0,0,0,0,true,,false,false,true,false,false,,,,,,false,false,false,,,false,false,false,false,false,-82.98263,42.41725,"{
  ""coordinates"": [
    -8.298263048900000e+01,
    4.241724979200010e+01
  ],
  ""type"": ""Point""
}","{
  ""coordinates"": [
    -82.982630489,
    42.417249792
  ],
  ""type"": ""Point""
}",-82.982630489,42.4172497920001
14780,9251059,BURT,SCHOOLCRAFT,2015-05-02,2,5,2015,22,7,4,9,,4,0,,1,1,4,30,4,2,3,4,0,0,0,1,false,,true,true,false,false,false,,,,,,false,false,true,,,false,false,false,false,false,-83.24659,42.38607,"{
  ""coordinates"": [
    -8.324659277099990e+01,
    4.238607288400000e+01
  ],
  ""type"": ""Point""
}","{
  ""coordinates"": [
    -83.246592771,
    42.386072884
  ],
  ""type"": ""Point""
}",-83.2465927709999,42.386072884
14781,9260663,SCHAEFER,GRAND RIVER,2015-05-02,2,5,2015,15,7,4,3,,4,0,,1,1,1,35,3,2,2,5,0,0,0,0,true,,false,false,true,false,false,,,,,,false,false,false,,,false,false,false,false,false,-83.17841,42.38458,"{
  ""coordinates"": [
    -8.317840332199999e+01,
    4.238458335300000e+01
  ],
  ""type"": ""Point""
}","{
  ""coordinates"": [
    -83.178403322,
    42.384583353
  ],
  ""type"": ""Point""
}",-83.178403322,42.384583353
14782,9250176,OUTER,CHALMERS,2015-05-02,2,5,2015,23,7,1,9,,2,1,,1,1,5,35,2,1,1,5,0,0,0,0,true,,false,false,false,false,false,,,,,,false,false,false,,,false,false,false,false,false,-82.97211,42.41467,"{
  ""coordinates"": [
    -8.297210533399991e+01,
    4.241467004400000e+01
  ],
  ""type"": ""Point""
}","{
  ""coordinates"": [
    -82.972105334,
    42.414670044
  ],
  ""type"": ""Point""
}",-82.9721053339999,42.414670044
14783,9250192,KENTFIELD,7 MILE,2015-05-02,2,5,2015,17,7,5,9,,,0,,1,1,1,35,6,2,6,4,0,0,0,1,false,,false,false,false,false,false,,,,,,false,false,false,,,false,false,false,false,false,-83.24186,42.4295,"{
  ""coordinates"": [
    -8.324185719300000e+01,
    4.242949854400010e+01
  ],
  ""type"": ""Point""
}","{
  ""coordinates"": [
    -83.241857193,
    42.429498544
  ],
  ""type"": ""Point""
}",-83.241857193,42.4294985440001
14784,9252617,WB 96,WYOMING,2015-05-02,2,5,2015,21,7,97,1,,1,0,,1,1,4,70,3,2,1,5,0,0,0,0,true,,false,false,true,false,false,,,,,,false,false,true,,,false,false,false,false,false,-83.1541,42.3852,"{
  ""coordinates"": [
    -8.315409769400000e+01,
    4.238519832400000e+01
  ],
  ""type"": ""Point""
}","{
  ""coordinates"": [
    -83.154097694,
    42.385198324
  ],
  ""type"": ""Point""
}",-83.154097694,42.385198324
14785,9286187,RAMP 215J,W I 94,2015-05-02,2,5,2015,1,7,8,1,,1,0,,1,1,4,65,4,2,1,5,0,0,0,0,true,,false,false,true,false,false,,,,,,false,false,false,,,false,false,false,false,false,-83.06922,42.36375,"{
  ""coordinates"": [
    -8.306921827500000e+01,
    4.236374885600000e+01
  ],
  ""type"": ""Point""
}","{
  ""coordinates"": [
    -83.069218275,
    42.363748856
  ],
  ""type"": ""Point""
}",-83.069218275,42.363748856
14786,9252616,N M 10,GRAND,2015-05-02,2,5,2015,20,7,1,3,,1,1,,1,1,1,55,2,1,1,5,0,0,0,0,true,,false,false,false,false,false,,,,,,false,true,false,,,false,false,false,false,false,-83.08153,42.36683,"{
  ""coordinates"": [
    -8.308153090199990e+01,
    4.236683161100010e+01
  ],
  ""type"": ""Point""
}","{
  ""coordinates"": [
    -83.081530902,
    42.366831611
  ],
  ""type"": ""Point""
}",-83.0815309019999,42.3668316110001
14787,9257028,SALLIOTE,ETHEL,2015-05-02,2,5,2015,11,7,4,9,,,0,,1,1,1,25,2,2,2,5,0,0,0,0,true,,false,false,true,false,false,,,,,,false,false,false,,,false,false,false,false,false,-83.16027,42.25801,"{
  ""coordinates"": [
    -8.316027035400000e+01,
    4.225801569600000e+01
  ],
  ""type"": ""Point""
}","{
  ""coordinates"": [
    -83.160270354,
    42.258015696
  ],
  ""type"": ""Point""
}",-83.160270354,42.258015696
14788,9251798,RAMP 135B,E I 96 CD,2015-05-02,2,5,2015,7,7,97,1,,1,0,,1,1,1,45,1,1,0,5,0,0,0,0,true,,false,false,true,false,false,,,,,,false,false,false,,,false,false,false,false,false,-83.23589,42.37947,"{
  ""coordinates"": [
    -8.323588429700000e+01,
    4.237946621800010e+01
  ],
  ""type"": ""Point""
}","{
  ""coordinates"": [
    -83.235884297,
    42.379466218
  ],
  ""type"": ""Point""
}",-83.235884297,42.3794662180001
14789,9249465,SEWARD,MERRILL,2015-05-02,2,5,2015,0,7,8,9,,,0,,1,1,4,25,2,2,1,5,0,0,0,0,true,,false,false,false,false,false,,,,,,false,false,false,,,false,false,false,false,false,-83.08747,42.37111,"{
  ""coordinates"": [
    -8.308747300800000e+01,
    4.237111048600010e+01
  ],
  ""type"": ""Point""
}","{
  ""coordinates"": [
    -83.087473008,
    42.371110486
  ],
  ""type"": ""Point""
}",-83.087473008,42.3711104860001
14790,9282540,PEMBROKE,SOUTHFIELD SERVICE DRIVE,2015-05-02,2,5,2015,19,7,4,9,,4,0,,1,1,1,30,4,2,4,5,0,0,0,0,true,,true,true,false,true,false,,,,,,false,false,false,,,false,false,false,false,false,-83.2199,42.43723,"{
  ""coordinates"": [
    -8.321990162899991e+01,
    4.243722944600010e+01
  ],
  ""type"": ""Point""
}","{
  ""coordinates"": [
    -83.219901629,
    42.437229446
  ],
  ""type"": ""Point""
}",-83.2199016289999,42.4372294460001
14791,9287629,I-96,EVERGREEN LOCAL,2015-05-02,2,5,2015,8,7,1,1,,1,1,,1,1,3,55,3,1,1,3,0,0,1,0,false,,false,false,false,false,false,,,,,,false,false,false,,,false,false,false,false,false,-83.23357,42.37871,"{
  ""coordinates"": [
    -8.323356389999999e+01,
    4.237871209900000e+01
  ],
  ""type"": ""Point""
}","{
  ""coordinates"": [
    -83.2335639,
    42.378712099
  ],
  ""type"": ""Point""
}",-83.2335639,42.378712099
14792,9402782,MEDBURY,BEAUBIEN,2015-05-02,2,5,2015,6,7,8,9,,4,0,,1,1,2,0,2,2,2,5,0,0,0,0,true,,false,false,false,false,false,,,,,,false,false,false,,,false,false,false,false,false,-83.06346,42.36651,"{
  ""coordinates"": [
    -8.306346072299991e+01,
    4.236651102800000e+01
  ],
  ""type"": ""Point""
}","{
  ""coordinates"": [
    -83.063460723,
    42.366511028
  ],
  ""type"": ""Point""
}",-83.0634607229999,42.366511028
14793,9251041,MICHIGAN,WABASH,2015-05-02,2,5,2015,21,7,5,2,,1,0,,1,2,4,30,7,2,4,5,0,0,0,0,true,,false,false,false,false,false,,,,,,false,false,false,,,false,false,false,false,false,-83.0751,42.33137,"{
  ""coordinates"": [
    -8.307510239600001e+01,
    4.233137060700010e+01
  ],
  ""type"": ""Point""
}","{
  ""coordinates"": [
    -83.075102396,
    42.331370607
  ],
  ""type"": ""Point""
}",-83.075102396,42.3313706070001
14794,9251071,GRATIOT,GOULBURN,2015-05-02,2,5,2015,13,7,4,3,,1,0,,1,1,1,35,7,3,5,5,0,0,0,0,true,,false,false,true,false,false,,,,,,false,false,false,,,false,false,false,false,false,-82.98771,42.41986,"{
  ""coordinates"": [
    -8.298770682900000e+01,
    4.241985921900000e+01
  ],
  ""type"": ""Point""
}","{
  ""coordinates"": [
    -82.987706829,
    42.419859219
  ],
  ""type"": ""Point""
}",-82.987706829,42.419859219
14795,9252597,RAMP 212A,RAMP 212B,2015-05-02,2,5,2015,2,7,1,1,,1,1,,1,1,4,20,1,1,4,3,0,0,1,1,false,,false,false,false,false,false,,,,,,false,false,true,,,false,false,false,false,false,-83.1246,42.33699,"{
  ""coordinates"": [
    -8.312460604599990e+01,
    4.233699031300010e+01
  ],
  ""type"": ""Point""
}","{
  ""coordinates"": [
    -83.124606046,
    42.336990313
  ],
  ""type"": ""Point""
}",-83.1246060459999,42.3369903130001
14796,9265076,CHICAGO,PATTON,2015-05-02,2,5,2015,19,7,97,9,,4,0,,1,1,1,35,5,2,5,4,0,0,0,1,false,,false,false,false,false,false,,,,,,false,false,true,,,false,false,false,false,false,-83.24221,42.3646,"{
  ""coordinates"": [
    -8.324220860900000e+01,
    4.236460600800010e+01
  ],
  ""type"": ""Point""
}","{
  ""coordinates"": [
    -83.242208609,
    42.364606008
  ],
  ""type"": ""Point""
}",-83.242208609,42.3646060080001
14797,9251797,M-10,SCHAEFER,2015-05-02,2,5,2015,15,7,1,3,,1,0,,1,1,1,55,3,1,1,5,0,0,0,0,true,,false,false,false,false,false,,,,,,false,false,true,,,false,false,false,false,false,-83.17944,42.4242,"{
  ""coordinates"": [
    -8.317944576399999e+01,
    4.242419947000010e+01
  ],
  ""type"": ""Point""
}","{
  ""coordinates"": [
    -83.179445764,
    42.42419947
  ],
  ""type"": ""Point""
}",-83.179445764,42.4241994700001
14798,9255738,SORRENTO,SCHOOLCRAFT,2015-05-02,2,5,2015,18,7,4,9,,,0,,1,2,1,30,2,2,6,3,0,0,1,2,false,,true,false,true,false,false,,,,,,false,false,false,,,false,false,false,false,false,-83.17201,42.38816,"{
  ""coordinates"": [
    -8.317201360599999e+01,
    4.238816640400010e+01
  ],
  ""type"": ""Point""
}","{
  ""coordinates"": [
    -83.172013606,
    42.388166404
  ],
  ""type"": ""Point""
}",-83.172013606,42.3881664040001
14799,9251799,S M 10,LINWOOD,2015-05-02,2,5,2015,16,7,5,3,,1,0,,1,1,1,55,3,2,6,3,0,0,2,1,false,,false,false,false,false,false,,,,,,false,false,true,,,false,false,false,false,false,-83.12752,42.40508,"{
  ""coordinates"": [
    -8.312751562499990e+01,
    4.240507572500010e+01
  ],
  ""type"": ""Point""
}","{
  ""coordinates"": [
    -83.127515625,
    42.405075725
  ],
  ""type"": ""Point""
}",-83.1275156249999,42.4050757250001
14800,9265134,OUTER,CONANT,2015-05-02,2,5,2015,20,7,5,9,,2,0,,1,1,4,25,2,2,4,4,0,0,0,1,false,,false,false,false,false,false,,,,,,false,false,false,,,false,false,false,false,false,-83.07877,42.44007,"{
  ""coordinates"": [
    -8.307876453499991e+01,
    4.244006616100010e+01
  ],
  ""type"": ""Point""
}","{
  ""coordinates"": [
    -83.078764535,
    42.440066161
  ],
  ""type"": ""Point""
}",-83.0787645349999,42.4400661610001
14801,9249427,N M 39 SERVICE DRIVE,WARREN,2015-05-02,2,5,2015,2,7,1,9,,4,1,,1,1,5,30,3,1,1,4,0,0,0,1,false,,false,false,false,false,false,,,,,,false,false,false,,,false,false,true,false,false,-83.21574,42.34393,"{
  ""coordinates"": [
    -8.321574744100000e+01,
    4.234392478200000e+01
  ],
  ""type"": ""Point""
}","{
  ""coordinates"": [
    -83.215747441,
    42.343924782
  ],
  ""type"": ""Point""
}",-83.215747441,42.343924782
14802,9249481,VAN DYKE,EMILY,2015-05-02,2,5,2015,18,7,8,3,,1,0,,1,1,1,35,5,2,2,5,0,0,0,0,true,,false,false,false,false,false,,,,,,false,true,true,,,false,false,false,false,false,-83.02401,42.42775,"{
  ""coordinates"": [
    -8.302401329799990e+01,
    4.242774641900010e+01
  ],
  ""type"": ""Point""
}","{
  ""coordinates"": [
    -83.024013298,
    42.427746419
  ],
  ""type"": ""Point""
}",-83.0240132979999,42.4277464190001
14803,9282536,BENTLER,CLARITA,2015-05-02,2,5,2015,0,7,97,9,,5,3,,1,1,4,25,2,2,2,4,0,0,0,1,false,,false,false,false,false,false,,,,,,false,false,false,,,false,false,false,false,false,-83.2533,42.42647,"{
  ""coordinates"": [
    -8.325330612800001e+01,
    4.242646647300010e+01
  ],
  ""type"": ""Point""
}","{
  ""coordinates"": [
    -83.253306128,
    42.426466473
  ],
  ""type"": ""Point""
}",-83.253306128,42.4264664730001
14804,9470425,2ND,BRAINARD,2015-05-02,2,5,2015,7,7,4,9,,4,0,,1,1,1,30,4,2,1,5,0,0,0,0,true,,false,false,true,false,false,,,,,,false,false,false,,,false,false,false,false,false,-83.06367,42.34614,"{
  ""coordinates"": [
    -8.306367533699991e+01,
    4.234613714600000e+01
  ],
  ""type"": ""Point""
}","{
  ""coordinates"": [
    -83.063675337,
    42.346137146
  ],
  ""type"": ""Point""
}",-83.0636753369999,42.346137146
14805,9257013,GREENFIELD,PLYMOUTH,2015-05-02,2,5,2015,3,7,4,9,,2,0,,1,1,4,25,4,3,4,4,0,0,0,1,false,,true,true,true,false,false,,,,,,false,false,false,,,false,false,false,false,false,-83.19756,42.37256,"{
  ""coordinates"": [
    -8.319755199799989e+01,
    4.237255834800000e+01
  ],
  ""type"": ""Point""
}","{
  ""coordinates"": [
    -83.197551998,
    42.372558348
  ],
  ""type"": ""Point""
}",-83.1975519979999,42.372558348
14806,9287526,M-10,ROSA PARKS,2015-05-02,2,5,2015,16,7,1,3,,1,1,,1,1,1,55,4,1,1,5,0,0,0,0,true,,false,false,false,false,false,,,,,,false,false,true,,,false,false,false,false,false,-83.1175,42.40297,"{
  ""coordinates"": [
    -8.311749903700000e+01,
    4.240296753000010e+01
  ],
  ""type"": ""Point""
}","{
  ""coordinates"": [
    -83.117499037,
    42.40296753
  ],
  ""type"": ""Point""
}",-83.117499037,42.4029675300001
14807,9249469,MEYERS,MCNICHOLS,2015-05-02,2,5,2015,2,7,4,9,,4,0,,1,1,4,35,6,2,2,5,0,0,0,0,true,,true,true,true,true,true,,,,,,false,false,false,,,false,false,false,false,false,-83.1701,42.41656,"{
  ""coordinates"": [
    -8.317010136099999e+01,
    4.241656464200000e+01
  ],
  ""type"": ""Point""
}","{
  ""coordinates"": [
    -83.170101361,
    42.416564642
  ],
  ""type"": ""Point""
}",-83.170101361,42.416564642
14808,9249485,7 MILE,FREELAND,2015-05-02,2,5,2015,10,7,4,9,,2,0,,1,1,1,30,4,2,2,4,0,0,0,1,false,,false,false,false,false,false,,,,,,false,true,false,,,false,false,false,false,false,-83.18629,42.43086,"{
  ""coordinates"": [
    -8.318628963099999e+01,
    4.243086028600000e+01
  ],
  ""type"": ""Point""
}","{
  ""coordinates"": [
    -83.186289631,
    42.430860286
  ],
  ""type"": ""Point""
}",-83.186289631,42.430860286
14809,9255771,MENDOTA,OAKMAN,2015-05-02,2,5,2015,22,7,97,9,,,0,,1,1,4,25,1,2,0,5,0,0,0,0,true,,false,false,true,false,false,,,,,,false,false,true,,,false,false,false,false,false,-83.16414,42.35664,"{
  ""coordinates"": [
    -8.316413851000000e+01,
    4.235663985900000e+01
  ],
  ""type"": ""Point""
}","{
  ""coordinates"": [
    -83.16413851,
    42.356639859
  ],
  ""type"": ""Point""
}",-83.16413851,42.356639859
14810,9287633,M39,MCNICHOLS,2015-05-02,2,5,2015,19,7,5,3,,1,0,,1,1,1,55,3,2,2,5,0,0,0,0,true,,false,false,false,false,false,,,,,,false,false,false,,,false,false,false,false,false,-83.21873,42.41701,"{
  ""coordinates"": [
    -8.321873197100000e+01,
    4.241700922500010e+01
  ],
  ""type"": ""Point""
}","{
  ""coordinates"": [
    -83.218731971,
    42.417009225
  ],
  ""type"": ""Point""
}",-83.218731971,42.4170092250001
14811,9257060,JOY,N M 39 SERVICE DRIVE,2015-05-02,2,5,2015,5,7,3,9,,2,0,,1,1,4,30,2,2,2,5,0,0,0,0,true,,false,false,false,false,false,,,,,,false,false,true,,,false,false,false,false,false,-83.2161,42.35785,"{
  ""coordinates"": [
    -8.321610190500000e+01,
    4.235785350800010e+01
  ],
  ""type"": ""Point""
}","{
  ""coordinates"": [
    -83.216101905,
    42.357853508
  ],
  ""type"": ""Point""
}",-83.216101905,42.3578535080001
14812,9249405,DICKERSON,HERN,2015-05-02,2,5,2015,2,7,8,9,,4,0,,1,1,4,35,2,2,0,5,0,0,0,0,true,,false,false,true,false,false,,,,,,false,false,false,,,false,false,false,false,false,-82.97253,42.40066,"{
  ""coordinates"": [
    -8.297253762400000e+01,
    4.240065881900010e+01
  ],
  ""type"": ""Point""
}","{
  ""coordinates"": [
    -82.972537624,
    42.400658819
  ],
  ""type"": ""Point""
}",-82.972537624,42.4006588190001
14813,9251887,OUTER,GLENDALE,2015-05-02,2,5,2015,12,7,97,9,,2,0,,1,1,1,35,4,2,2,5,0,0,0,0,true,,false,false,false,false,false,,,,,,false,false,false,,,false,false,false,false,false,-83.26112,42.3802,"{
  ""coordinates"": [
    -8.326112279900001e+01,
    4.238020156100000e+01
  ],
  ""type"": ""Point""
}","{
  ""coordinates"": [
    -83.261122799,
    42.380201561
  ],
  ""type"": ""Point""
}",-83.261122799,42.380201561
14814,9250216,MOROSS,E I 94,2015-05-02,2,5,2015,18,7,4,9,,2,0,,1,1,1,35,3,2,1,5,0,0,0,0,true,,true,true,true,false,false,,,,,,false,false,false,,,false,false,false,false,false,-82.92834,42.42461,"{
  ""coordinates"": [
    -8.292833504899990e+01,
    4.242461351700010e+01
  ],
  ""type"": ""Point""
}","{
  ""coordinates"": [
    -82.928335049,
    42.424613517
  ],
  ""type"": ""Point""
}",-82.9283350489999,42.4246135170001
14815,9250175,CHANDLER,LAKEWOOD,2015-05-02,2,5,2015,21,7,4,9,,2,0,,1,1,5,30,2,2,4,5,0,0,0,0,true,,false,false,false,false,false,,,,,,false,false,true,,,false,false,false,false,false,-82.96317,42.39988,"{
  ""coordinates"": [
    -8.296317565699999e+01,
    4.239987458600010e+01
  ],
  ""type"": ""Point""
}","{
  ""coordinates"": [
    -82.963175657,
    42.399874586
  ],
  ""type"": ""Point""
}",-82.963175657,42.3998745860001
14816,9364228,BILTMORE,KEELER,2015-05-02,2,5,2015,15,7,5,9,,,0,,1,5,1,25,2,2,1,5,0,0,0,0,true,,false,false,false,false,false,,,,,,false,false,false,,,false,false,false,false,false,-83.21042,42.40265,"{
  ""coordinates"": [
    -8.321041996299989e+01,
    4.240265388500010e+01
  ],
  ""type"": ""Point""
}","{
  ""coordinates"": [
    -83.210419963,
    42.402653885
  ],
  ""type"": ""Point""
}",-83.2104199629999,42.4026538850001
14817,9249430,JEFFERSON,JOSEPH CAMPAU,2015-05-02,2,5,2015,18,7,5,9,,4,0,,1,1,1,35,9,2,3,5,0,0,0,0,true,,false,false,false,false,false,,,,,,false,false,true,,,false,false,false,false,false,-83.01981,42.33946,"{
  ""coordinates"": [
    -8.301980563500000e+01,
    4.233945920000010e+01
  ],
  ""type"": ""Point""
}","{
  ""coordinates"": [
    -83.019805635,
    42.3394592
  ],
  ""type"": ""Point""
}",-83.019805635,42.3394592000001
14818,9249483,WILDMERE,MCNICHOLS,2015-05-02,2,5,2015,5,7,2,9,,,2,,1,1,4,25,2,2,0,5,0,0,0,0,true,,false,false,true,false,false,,,,,,false,false,false,,,false,false,false,false,false,-83.13284,42.41698,"{
  ""coordinates"": [
    -8.313284355000000e+01,
    4.241698460200010e+01
  ],
  ""type"": ""Point""
}","{
  ""coordinates"": [
    -83.13284355,
    42.416984602
  ],
  ""type"": ""Point""
}",-83.13284355,42.4169846020001
14819,9287635,I-75,6 MILE,2015-05-02,2,5,2015,3,7,1,1,,1,1,,1,1,4,70,4,1,1,5,0,0,0,0,true,,false,false,false,false,false,,,,,,false,false,false,,,false,false,false,false,false,-83.08765,42.41812,"{
  ""coordinates"": [
    -8.308764992000000e+01,
    4.241812218100010e+01
  ],
  ""type"": ""Point""
}","{
  ""coordinates"": [
    -83.08764992,
    42.418122181
  ],
  ""type"": ""Point""
}",-83.08764992,42.4181221810001
14820,9250206,HOOVER,MANNING,2015-05-02,2,5,2015,17,7,4,3,,1,0,,1,1,1,30,4,5,5,4,0,0,0,1,false,,true,false,false,false,false,,,,,,true,false,false,,,false,false,false,false,false,-83.0049,42.44009,"{
  ""coordinates"": [
    -8.300489504900000e+01,
    4.244009441200010e+01
  ],
  ""type"": ""Point""
}","{
  ""coordinates"": [
    -83.004895049,
    42.440094412
  ],
  ""type"": ""Point""
}",-83.004895049,42.4400944120001
14821,9251794,I-375,MADISON,2015-05-02,2,5,2015,16,7,5,1,,1,0,,1,1,1,55,4,2,2,5,0,0,0,0,true,,false,false,false,true,false,,,,,,false,false,false,,,false,false,false,false,false,-83.04405,42.34339,"{
  ""coordinates"": [
    -8.304405116299991e+01,
    4.234339168500000e+01
  ],
  ""type"": ""Point""
}","{
  ""coordinates"": [
    -83.044051163,
    42.343391685
  ],
  ""type"": ""Point""
}",-83.0440511629999,42.343391685
14822,9251045,WOODWARD,ALEXANDRA,2015-05-02,2,5,2015,2,7,9,3,,1,2,,1,1,4,35,3,2,3,4,0,0,0,1,false,,false,false,true,false,false,,,,,,false,false,true,,,false,false,false,false,false,-83.05993,42.35046,"{
  ""coordinates"": [
    -8.305993134200000e+01,
    4.235046034900010e+01
  ],
  ""type"": ""Point""
}","{
  ""coordinates"": [
    -83.059931342,
    42.350460349
  ],
  ""type"": ""Point""
}",-83.059931342,42.3504603490001
14823,9284728,BARBARA,OUTER,2015-05-02,2,5,2015,12,7,4,9,,,0,,1,1,1,35,1,2,1,5,0,0,0,0,true,,false,false,false,false,false,,,,,,false,false,false,,,false,false,false,false,false,-83.14954,42.43495,"{
  ""coordinates"": [
    -8.314953503299991e+01,
    4.243494807600010e+01
  ],
  ""type"": ""Point""
}","{
  ""coordinates"": [
    -83.149535033,
    42.434948076
  ],
  ""type"": ""Point""
}",-83.1495350329999,42.4349480760001
14824,9252598,M-10,DAVISON,2015-05-02,2,5,2015,19,7,1,3,,1,0,,1,1,1,55,3,1,1,5,0,0,0,0,true,,false,false,false,false,false,,,,,,false,false,true,,,false,false,false,false,false,-83.10915,42.39696,"{
  ""coordinates"": [
    -8.310915042399991e+01,
    4.239695601600000e+01
  ],
  ""type"": ""Point""
}","{
  ""coordinates"": [
    -83.109150424,
    42.396956016
  ],
  ""type"": ""Point""
}",-83.1091504239999,42.396956016
14825,9287632,M10,OAKMAN,2015-05-02,2,5,2015,18,7,5,3,,1,0,,1,1,1,55,3,2,2,4,0,0,0,1,false,,false,false,false,false,false,,,,,,false,false,true,,,false,false,false,false,false,-83.11738,42.40266,"{
  ""coordinates"": [
    -8.311738021300000e+01,
    4.240266158700010e+01
  ],
  ""type"": ""Point""
}","{
  ""coordinates"": [
    -83.117380213,
    42.402661587
  ],
  ""type"": ""Point""
}",-83.117380213,42.4026615870001
14826,9286128,8 MILE SERVICE DRIVE,E M 1 SERVICE DRIVE,2015-05-02,2,5,2015,18,7,5,3,,1,0,,1,1,1,35,2,2,2,5,0,0,0,0,true,,false,false,false,false,false,,,,,,false,false,false,,,false,false,false,false,false,-83.12538,42.44635,"{
  ""coordinates"": [
    -8.312538063700001e+01,
    4.244634701000010e+01
  ],
  ""type"": ""Point""
}","{
  ""coordinates"": [
    -83.125380637,
    42.44634701
  ],
  ""type"": ""Point""
}",-83.125380637,42.4463470100001
14827,9255737,GREENFIELD,LYNDON,2015-05-01,1,5,2015,15,6,3,9,,2,0,,1,2,1,35,5,2,3,5,0,0,0,0,true,,false,false,false,false,false,,,,,,false,false,false,,,false,false,false,false,false,-83.19839,42.39387,"{
  ""coordinates"": [
    -8.319839795699990e+01,
    4.239386679800000e+01
  ],
  ""type"": ""Point""
}","{
  ""coordinates"": [
    -83.198397957,
    42.393866798
  ],
  ""type"": ""Point""
}",-83.1983979569999,42.393866798
14828,9249263,S M 10,GREENLAWN,2015-05-01,1,5,2015,7,6,5,3,,1,0,,1,1,1,55,3,2,3,5,0,0,0,0,true,,false,false,false,false,false,,,,,,false,false,false,,,false,false,false,false,false,-83.15001,42.40472,"{
  ""coordinates"": [
    -8.315000954399990e+01,
    4.240471787400000e+01
  ],
  ""type"": ""Point""
}","{
  ""coordinates"": [
    -83.150009544,
    42.404717874
  ],
  ""type"": ""Point""
}",-83.1500095439999,42.404717874
14829,9252694,EDMORE,ANVIL,2015-05-01,1,5,2015,17,6,4,9,,,0,,1,1,4,25,1,2,9,4,0,0,0,1,false,,false,false,true,false,false,,,,,,false,false,false,,,false,false,false,false,false,-82.9782,42.4469,"{
  ""coordinates"": [
    -8.297820099700000e+01,
    4.244690315000000e+01
  ],
  ""type"": ""Point""
}","{
  ""coordinates"": [
    -82.978200997,
    42.44690315
  ],
  ""type"": ""Point""
}",-82.978200997,42.44690315