ObjectId,Crash ID,Primary Road,Intersecting Road,Crash Date,Day,Month,Year,Hour,Weekday,Crash Type Code,Highway Classification Code,Community Code,Jurisdiction Code,Lane Departure Type Code,Surface Type,Road Condition,Weather Condition,Lighting Condition,Speed Limit,Lanes,Units,Occupants,Most Severe Injury,Fatal Injuries,Suspected Serious Injuries,Suspected Minor Injuries,Possible Injuries,Property Damage Only,Secondary Crash,Traffic Control,Red Light Run,Hit and Run,Alcohol,Drugs,Unbelted Person,Work Zone,Speeding Driver,Distracted Driver,Driveway,Pedestrian,Elderly Driver,Young Driver,Commercial Vehicle,Emergency Vehicles,Train,School Bus,Motorcycle,Bicycle,Deer,Longitude,Latitude,geom,geog,x,y
14830,9252702,GRAND RIVER,GRAND,2015-05-01,1,5,2015,15,6,5,3,,1,0,,1,1,1,35,8,2,3,4,0,0,0,1,false,,false,false,true,false,false,,,,,,false,false,false,,,false,false,false,false,false,-83.10962,42.35688,"{
  ""coordinates"": [
    -8.310961858600000e+01,
    4.235688255000010e+01
  ],
  ""type"": ""Point""
}","{
  ""coordinates"": [
    -83.109618586,
    42.35688255
  ],
  ""type"": ""Point""
}",-83.109618586,42.3568825500001
14831,9249445,7 MILE,WINTHROP,2015-05-01,1,5,2015,18,6,4,9,,2,0,,1,1,1,35,4,2,2,5,0,0,0,0,true,,false,false,false,false,false,,,,,,false,false,true,,,false,false,false,false,false,-83.20096,42.4304,"{
  ""coordinates"": [
    -8.320095461999991e+01,
    4.243040007900000e+01
  ],
  ""type"": ""Point""
}","{
  ""coordinates"": [
    -83.20095462,
    42.430400079
  ],
  ""type"": ""Point""
}",-83.2009546199999,42.430400079
14832,9250187,GRATIOT,CRANE,2015-05-01,1,5,2015,17,6,5,3,,1,0,,1,1,1,45,7,2,1,4,0,0,0,1,false,,false,false,true,false,false,,,,,,false,false,false,,,false,false,false,false,false,-83.00996,42.38597,"{
  ""coordinates"": [
    -8.300995316400000e+01,
    4.238596970500000e+01
  ],
  ""type"": ""Point""
}","{
  ""coordinates"": [
    -83.009953164,
    42.385969705
  ],
  ""type"": ""Point""
}",-83.009953164,42.385969705
14833,9251078,DEQUINDRE,7 MILE,2015-05-01,1,5,2015,22,6,1,9,,4,0,,1,1,4,30,2,2,0,4,0,0,0,1,false,,false,false,true,false,false,,,,,,true,false,false,,,false,false,false,false,false,-83.08289,42.43317,"{
  ""coordinates"": [
    -8.308289490700000e+01,
    4.243317551800000e+01
  ],
  ""type"": ""Point""
}","{
  ""coordinates"": [
    -83.082894907,
    42.433175518
  ],
  ""type"": ""Point""
}",-83.082894907,42.433175518
14834,9250177,FRANKFORT,DICKERSON,2015-05-01,1,5,2015,21,6,4,9,,,0,,1,1,3,25,2,2,2,3,0,0,1,0,false,,false,false,false,false,false,,,,,,false,false,false,,,false,false,true,false,false,-82.96782,42.39416,"{
  ""coordinates"": [
    -8.296781818300001e+01,
    4.239415932100010e+01
  ],
  ""type"": ""Point""
}","{
  ""coordinates"": [
    -82.967818183,
    42.394159321
  ],
  ""type"": ""Point""
}",-82.967818183,42.3941593210001
14835,9287853,EWALD,HOLMUR,2015-05-01,1,5,2015,16,6,4,9,,4,0,,1,1,1,25,2,2,2,4,0,0,0,1,false,,false,false,false,false,false,,,,,,false,false,true,,,false,false,false,false,false,-83.13604,42.39293,"{
  ""coordinates"": [
    -8.313603833499999e+01,
    4.239292359700000e+01
  ],
  ""type"": ""Point""
}","{
  ""coordinates"": [
    -83.136038335,
    42.392923597
  ],
  ""type"": ""Point""
}",-83.136038335,42.392923597
14836,9251040,WOODWARD,FORT,2015-05-01,1,5,2015,12,6,5,9,,4,0,,1,1,1,35,2,2,2,5,0,0,0,0,true,,false,false,false,false,false,,,,,,false,false,false,,,false,false,false,false,false,-83.047,42.33148,"{
  ""coordinates"": [
    -8.304700129299989e+01,
    4.233148086000010e+01
  ],
  ""type"": ""Point""
}","{
  ""coordinates"": [
    -83.047001293,
    42.33148086
  ],
  ""type"": ""Point""
}",-83.0470012929999,42.3314808600001
14837,9249477,CURTIS,WHITCOMB,2015-05-01,1,5,2015,21,6,8,9,,,0,,1,1,5,25,2,2,4,5,0,0,0,0,true,,false,false,true,false,false,,,,,,false,false,true,,,false,false,false,false,false,-83.19701,42.42323,"{
  ""coordinates"": [
    -8.319700806299990e+01,
    4.242323320400000e+01
  ],
  ""type"": ""Point""
}","{
  ""coordinates"": [
    -83.197008063,
    42.423233204
  ],
  ""type"": ""Point""
}",-83.1970080629999,42.423233204
14838,9255772,WYOMING,LYNDON,2015-05-01,1,5,2015,9,6,8,9,,4,0,,1,1,1,25,2,2,2,4,0,0,0,1,false,,false,false,false,false,false,,,,,,false,false,false,,,false,false,false,false,false,-83.15934,42.39524,"{
  ""coordinates"": [
    -8.315934199100001e+01,
    4.239523847400010e+01
  ],
  ""type"": ""Point""
}","{
  ""coordinates"": [
    -83.159341991,
    42.395238474
  ],
  ""type"": ""Point""
}",-83.159341991,42.3952384740001
14839,9249475,SAINT MARTINS,HUBBELL,2015-05-01,1,5,2015,15,6,4,9,,,0,,1,1,1,25,2,2,2,5,0,0,0,0,true,,false,false,false,false,false,,,,,,false,false,false,,,false,false,false,false,false,-83.19025,42.43608,"{
  ""coordinates"": [
    -8.319024460500000e+01,
    4.243608223300000e+01
  ],
  ""type"": ""Point""
}","{
  ""coordinates"": [
    -83.190244605,
    42.436082233
  ],
  ""type"": ""Point""
}",-83.190244605,42.436082233
14840,9249436,JEFFERSON,MT ELLIOTT,2015-05-01,1,5,2015,12,6,1,9,,4,0,,1,1,1,30,4,2,2,4,0,0,0,1,false,,false,false,false,false,false,,,,,,false,false,false,,,false,false,false,true,false,-83.01164,42.34297,"{
  ""coordinates"": [
    -8.301164435500000e+01,
    4.234296974500010e+01
  ],
  ""type"": ""Point""
}","{
  ""coordinates"": [
    -83.011644355,
    42.342969745
  ],
  ""type"": ""Point""
}",-83.011644355,42.3429697450001
14841,9249317,N I 75,RAMP 216H,2015-05-01,1,5,2015,16,6,5,1,,1,0,,1,1,1,55,3,2,2,5,0,0,0,0,true,,false,false,true,false,false,,,,,,false,false,true,,,false,false,false,false,false,-83.0582,42.36915,"{
  ""coordinates"": [
    -8.305820824200001e+01,
    4.236914857000000e+01
  ],
  ""type"": ""Point""
}","{
  ""coordinates"": [
    -83.058208242,
    42.36914857
  ],
  ""type"": ""Point""
}",-83.058208242,42.36914857
14842,9250205,RAMP 220D,CONNER,2015-05-01,1,5,2015,18,6,4,1,,1,0,,1,1,1,30,4,2,1,5,0,0,0,0,true,,false,false,true,false,false,,,,,,false,false,false,,,false,false,false,false,false,-82.98582,42.39469,"{
  ""coordinates"": [
    -8.298581455300000e+01,
    4.239468898500010e+01
  ],
  ""type"": ""Point""
}","{
  ""coordinates"": [
    -82.985814553,
    42.394688985
  ],
  ""type"": ""Point""
}",-82.985814553,42.3946889850001
14843,9255736,MARLOWE,MIDLAND,2015-05-01,1,5,2015,11,6,8,9,,,0,,1,2,1,25,1,2,1,5,0,0,0,0,true,,false,false,false,false,false,,,,,,false,false,false,,,false,false,false,false,false,-83.19022,42.40513,"{
  ""coordinates"": [
    -8.319022384899991e+01,
    4.240512848500000e+01
  ],
  ""type"": ""Point""
}","{
  ""coordinates"": [
    -83.190223849,
    42.405128485
  ],
  ""type"": ""Point""
}",-83.1902238489999,42.405128485
14844,9249428,PENROD,JOY,2015-05-01,1,5,2015,21,6,4,9,,,0,,1,1,3,25,1,2,1,5,0,0,0,0,true,,false,false,false,false,false,,,,,,false,false,false,,,false,false,false,false,false,-83.2201,42.35807,"{
  ""coordinates"": [
    -8.322010322999991e+01,
    4.235806627800010e+01
  ],
  ""type"": ""Point""
}","{
  ""coordinates"": [
    -83.22010323,
    42.358066278
  ],
  ""type"": ""Point""
}",-83.2201032299999,42.3580662780001
14845,9249300,RAMP 216J,S I 75,2015-05-01,1,5,2015,17,6,8,1,,1,0,,1,1,1,55,1,2,2,5,0,0,0,0,true,,false,false,true,false,false,,,,,,false,false,false,,,false,false,false,false,false,-83.05856,42.36911,"{
  ""coordinates"": [
    -8.305856533100000e+01,
    4.236910636100000e+01
  ],
  ""type"": ""Point""
}","{
  ""coordinates"": [
    -83.058565331,
    42.369106361
  ],
  ""type"": ""Point""
}",-83.058565331,42.369106361
14846,9249459,MCNICHOLS,TEPPERT,2015-05-01,1,5,2015,10,6,1,9,,4,1,,1,1,1,30,4,1,1,5,0,0,0,0,true,,false,false,false,false,false,,,,,,false,false,false,,,false,false,false,false,false,-83.00756,42.41987,"{
  ""coordinates"": [
    -8.300756090499991e+01,
    4.241986711700010e+01
  ],
  ""type"": ""Point""
}","{
  ""coordinates"": [
    -83.007560905,
    42.419867117
  ],
  ""type"": ""Point""
}",-83.0075609049999,42.4198671170001
14847,9263585,GREENFIELD,BLESSER,2015-05-01,1,5,2015,14,6,1,9,,2,1,,1,1,1,35,5,1,1,5,0,0,0,0,true,,false,false,true,false,false,,,,,,false,true,false,,,false,false,false,false,false,-83.19621,42.34195,"{
  ""coordinates"": [
    -8.319621476200000e+01,
    4.234194910200010e+01
  ],
  ""type"": ""Point""
}","{
  ""coordinates"": [
    -83.196214762,
    42.341949102
  ],
  ""type"": ""Point""
}",-83.196214762,42.3419491020001
14848,9249316,I-75,8 MILE,2015-05-01,1,5,2015,12,6,1,1,,1,1,,1,1,1,70,3,1,1,5,0,0,0,0,true,,false,false,false,false,false,,,,,,false,false,false,,,false,false,false,false,false,-83.0948,42.4439,"{
  ""coordinates"": [
    -8.309480503799990e+01,
    4.244389918300000e+01
  ],
  ""type"": ""Point""
}","{
  ""coordinates"": [
    -83.094805038,
    42.443899183
  ],
  ""type"": ""Point""
}",-83.0948050379999,42.443899183
14849,9252705,TIREMAN,GRAND,2015-05-01,1,5,2015,16,6,9,9,,4,0,,1,1,1,30,2,2,1,5,0,0,0,0,true,,false,false,true,false,false,,,,,,false,false,false,,,false,false,false,false,false,-83.11041,42.3559,"{
  ""coordinates"": [
    -8.311041464899991e+01,
    4.235590085900000e+01
  ],
  ""type"": ""Point""
}","{
  ""coordinates"": [
    -83.110414649,
    42.355900859
  ],
  ""type"": ""Point""
}",-83.1104146489999,42.355900859
14850,9251098,JEFFERSON,TOLEDO,2015-05-01,1,5,2015,19,6,1,3,,1,1,,1,1,1,45,1,1,1,3,0,0,1,0,false,,false,false,false,false,false,,,,,,false,false,false,,,false,false,true,false,false,-83.0647,42.33547,"{
  ""coordinates"": [
    -8.306470535299999e+01,
    4.233546971900010e+01
  ],
  ""type"": ""Point""
}","{
  ""coordinates"": [
    -83.064705353,
    42.335469719
  ],
  ""type"": ""Point""
}",-83.064705353,42.3354697190001
14851,9264630,S I 75,ROSA PARKS,2015-05-01,1,5,2015,17,6,8,1,,1,0,,1,1,1,70,5,2,2,5,0,0,0,0,true,,false,false,true,false,false,,,,,,false,false,false,,,false,false,false,false,false,-83.07497,42.33287,"{
  ""coordinates"": [
    -8.307497760699989e+01,
    4.233286846500000e+01
  ],
  ""type"": ""Point""
}","{
  ""coordinates"": [
    -83.074977607,
    42.332868465
  ],
  ""type"": ""Point""
}",-83.0749776069999,42.332868465
14852,9312026,DAVISON,E M 8/W M 8,2015-05-01,1,5,2015,0,6,1,3,,1,1,,1,1,5,55,2,1,1,1,1,0,0,0,false,,false,false,false,true,true,,,,,,false,false,false,,,false,false,false,false,false,-83.06413,42.41462,"{
  ""coordinates"": [
    -8.306413099199990e+01,
    4.241461840000010e+01
  ],
  ""type"": ""Point""
}","{
  ""coordinates"": [
    -83.064130992,
    42.4146184
  ],
  ""type"": ""Point""
}",-83.0641309919999,42.4146184000001
14853,9265107,MANISTIQUE,EVANSTON,2015-05-01,1,5,2015,1,6,8,9,,,0,,1,1,1,25,1,2,1,5,0,0,0,0,true,,false,false,true,false,false,,,,,,false,false,false,,,false,false,false,false,false,-82.96223,42.40623,"{
  ""coordinates"": [
    -8.296222365700000e+01,
    4.240623555300000e+01
  ],
  ""type"": ""Point""
}","{
  ""coordinates"": [
    -82.962223657,
    42.406235553
  ],
  ""type"": ""Point""
}",-82.962223657,42.406235553
14854,9251803,RAMP 008R,CSX TRANSPORTATION,2015-05-01,1,5,2015,7,6,5,1,,1,0,,1,1,1,35,1,2,8,5,0,0,0,0,true,,false,false,false,false,false,,,,,,false,false,false,,,false,false,false,false,false,-83.21555,42.37926,"{
  ""coordinates"": [
    -8.321554680500000e+01,
    4.237925851800000e+01
  ],
  ""type"": ""Point""
}","{
  ""coordinates"": [
    -83.215546805,
    42.379258518
  ],
  ""type"": ""Point""
}",-83.215546805,42.379258518
14855,9251905,AGNES,VAN DYKE,2015-05-01,1,5,2015,19,6,8,9,,,0,,1,1,1,25,2,2,0,5,0,0,0,0,true,,false,false,true,false,false,,,,,,false,false,false,,,false,false,false,false,false,-82.9971,42.35507,"{
  ""coordinates"": [
    -8.299710188499991e+01,
    4.235507327800010e+01
  ],
  ""type"": ""Point""
}","{
  ""coordinates"": [
    -82.997101885,
    42.355073278
  ],
  ""type"": ""Point""
}",-82.9971018849999,42.3550732780001
14856,9249470,S M 10,7 MILE,2015-05-01,1,5,2015,7,6,8,3,,1,0,,1,1,1,35,3,2,2,5,0,0,0,0,true,,false,false,false,false,false,,,,,,false,false,false,,,false,false,false,false,false,-83.18713,42.43081,"{
  ""coordinates"": [
    -8.318713753599999e+01,
    4.243080859000000e+01
  ],
  ""type"": ""Point""
}","{
  ""coordinates"": [
    -83.187137536,
    42.43080859
  ],
  ""type"": ""Point""
}",-83.187137536,42.43080859
14857,9249438,GRATIOT,ROHNS,2015-05-01,1,5,2015,23,6,5,3,,1,0,,1,1,4,35,6,2,2,5,0,0,0,0,true,,false,false,false,false,false,,,,,,false,false,false,,,false,false,false,false,false,-83.00922,42.38707,"{
  ""coordinates"": [
    -8.300922730900000e+01,
    4.238706705900010e+01
  ],
  ""type"": ""Point""
}","{
  ""coordinates"": [
    -83.009227309,
    42.387067059
  ],
  ""type"": ""Point""
}",-83.009227309,42.3870670590001
14858,9251053,MACK,BEAUBIEN,2015-05-01,1,5,2015,10,6,8,9,,4,0,,1,1,1,30,3,2,2,5,0,0,0,0,true,,false,false,false,false,false,,,,,,false,false,false,,,false,false,false,false,false,-83.0525,42.34956,"{
  ""coordinates"": [
    -8.305249839500000e+01,
    4.234955755300010e+01
  ],
  ""type"": ""Point""
}","{
  ""coordinates"": [
    -83.052498395,
    42.349557553
  ],
  ""type"": ""Point""
}",-83.052498395,42.3495575530001
14859,9313396,216I,216J,2015-05-01,1,5,2015,17,6,8,1,,1,0,,97,98,1,35,2,2,2,5,0,0,0,0,true,,false,false,true,false,false,,,,,,false,false,false,,,false,false,false,false,false,-83.05898,42.36961,"{
  ""coordinates"": [
    -8.305897284699989e+01,
    4.236961044000000e+01
  ],
  ""type"": ""Point""
}","{
  ""coordinates"": [
    -83.058972847,
    42.36961044
  ],
  ""type"": ""Point""
}",-83.0589728469999,42.36961044
14860,9265135,DAVISON,LASALLE,2015-05-01,1,5,2015,16,6,5,3,,1,0,,1,1,1,35,3,2,3,4,0,0,0,2,false,,false,false,false,false,false,,,,,,false,false,true,,,false,false,false,false,false,-83.11923,42.39405,"{
  ""coordinates"": [
    -8.311922946700000e+01,
    4.239405334700010e+01
  ],
  ""type"": ""Point""
}","{
  ""coordinates"": [
    -83.119229467,
    42.394053347
  ],
  ""type"": ""Point""
}",-83.119229467,42.3940533470001
14861,9260690,MEYERS,ELLIS,2015-05-01,1,5,2015,11,6,4,9,,4,0,,1,1,1,30,4,2,2,5,0,0,0,0,true,,false,false,true,false,false,,,,,,false,true,false,,,false,false,false,false,false,-83.16778,42.36099,"{
  ""coordinates"": [
    -8.316778050100000e+01,
    4.236099000200010e+01
  ],
  ""type"": ""Point""
}","{
  ""coordinates"": [
    -83.167780501,
    42.360990002
  ],
  ""type"": ""Point""
}",-83.167780501,42.3609900020001
14862,9286305,WOODWARD,E.EUCLID,2015-05-01,1,5,2015,8,6,4,3,,1,0,,1,1,1,30,6,2,3,4,0,0,0,1,false,,true,true,false,false,false,,,,,,false,false,false,,,false,true,false,false,false,-83.07793,42.37717,"{
  ""coordinates"": [
    -8.307793098499999e+01,
    4.237716737500010e+01
  ],
  ""type"": ""Point""
}","{
  ""coordinates"": [
    -83.077930985,
    42.377167375
  ],
  ""type"": ""Point""
}",-83.077930985,42.3771673750001
14863,9249474,MCNICHOLS,LINWOOD,2015-05-01,1,5,2015,12,6,5,9,,4,0,,1,1,1,30,2,2,4,4,0,0,0,2,false,,false,false,false,false,false,,,,,,false,false,true,,,false,false,false,false,false,-83.12802,42.41735,"{
  ""coordinates"": [
    -8.312802413999999e+01,
    4.241735012500000e+01
  ],
  ""type"": ""Point""
}","{
  ""coordinates"": [
    -83.12802414,
    42.417350125
  ],
  ""type"": ""Point""
}",-83.12802414,42.417350125
14864,9251076,MOUND,OUTER,2015-05-01,1,5,2015,15,6,4,9,,2,0,,1,1,1,35,2,2,2,3,0,0,1,1,false,,true,true,false,false,false,,,,,,false,false,false,,,false,false,false,false,false,-83.04405,42.44072,"{
  ""coordinates"": [
    -8.304404991599991e+01,
    4.244071448200000e+01
  ],
  ""type"": ""Point""
}","{
  ""coordinates"": [
    -83.044049916,
    42.440714482
  ],
  ""type"": ""Point""
}",-83.0440499159999,42.440714482
14865,9251088,LIVERNOIS,CURTIS,2015-05-01,1,5,2015,17,6,8,9,,4,0,,1,1,1,30,2,2,2,5,0,0,0,0,true,,false,false,false,false,false,,,,,,false,false,true,,,false,false,false,false,false,-83.14104,42.42427,"{
  ""coordinates"": [
    -8.314103627199999e+01,
    4.242426775900000e+01
  ],
  ""type"": ""Point""
}","{
  ""coordinates"": [
    -83.141036272,
    42.424267759
  ],
  ""type"": ""Point""
}",-83.141036272,42.424267759
14866,9249457,GRATIOT,HOUSTON WHITTIER,2015-05-01,1,5,2015,13,6,8,3,,1,0,,1,1,1,35,7,2,3,5,0,0,0,0,true,,false,false,false,false,false,,,,,,false,false,false,,,false,false,false,false,false,-82.98737,42.42037,"{
  ""coordinates"": [
    -8.298737177800000e+01,
    4.242036904100010e+01
  ],
  ""type"": ""Point""
}","{
  ""coordinates"": [
    -82.987371778,
    42.420369041
  ],
  ""type"": ""Point""
}",-82.987371778,42.4203690410001
14867,9252700,LIVERNOIS,GARDEN,2015-05-01,1,5,2015,21,6,4,9,,4,0,,1,1,4,35,6,3,8,4,0,0,0,4,false,,false,false,false,false,false,,,,,,false,false,true,,,false,false,false,false,false,-83.13729,42.3543,"{
  ""coordinates"": [
    -8.313729137199989e+01,
    4.235429639300000e+01
  ],
  ""type"": ""Point""
}","{
  ""coordinates"": [
    -83.137291372,
    42.354296393
  ],
  ""type"": ""Point""
}",-83.1372913719999,42.354296393
14868,9249292,S I 75,RAMP 049D,2015-05-01,1,5,2015,21,6,1,1,,1,1,,1,1,4,70,4,1,1,5,0,0,0,0,true,,false,false,false,false,false,,,,,,false,false,false,,,false,false,false,false,false,-83.09447,42.42801,"{
  ""coordinates"": [
    -8.309446690899991e+01,
    4.242801228700010e+01
  ],
  ""type"": ""Point""
}","{
  ""coordinates"": [
    -83.094466909,
    42.428012287
  ],
  ""type"": ""Point""
}",-83.0944669089999,42.4280122870001
14869,9249471,7 MILE,OUTER,2015-05-01,1,5,2015,15,6,4,9,,2,0,,1,1,1,30,2,2,3,4,0,0,0,3,false,,false,false,true,false,false,,,,,,false,false,true,,,false,false,false,false,false,-82.91518,42.41869,"{
  ""coordinates"": [
    -8.291518720200000e+01,
    4.241869433000010e+01
  ],
  ""type"": ""Point""
}","{
  ""coordinates"": [
    -82.915187202,
    42.41869433
  ],
  ""type"": ""Point""
}",-82.915187202,42.4186943300001
14870,9399335,RALSTON,STATE FAIR,2015-05-01,1,5,2015,21,6,8,9,,,0,,1,1,1,0,4,2,2,5,0,0,0,0,true,,false,false,true,false,false,,,,,,false,false,true,,,false,false,false,false,false,-83.11713,42.43933,"{
  ""coordinates"": [
    -8.311713631500000e+01,
    4.243933077900000e+01
  ],
  ""type"": ""Point""
}","{
  ""coordinates"": [
    -83.117136315,
    42.439330779
  ],
  ""type"": ""Point""
}",-83.117136315,42.439330779
14871,9290256,MONTEREY,LINWOOD,2015-05-01,1,5,2015,13,6,97,9,,,0,,1,1,1,25,1,1,0,5,0,0,0,0,true,,false,false,false,false,false,,,,,,false,false,true,,,false,false,false,false,false,-83.1163,42.38534,"{
  ""coordinates"": [
    -8.311630130200000e+01,
    4.238533880200000e+01
  ],
  ""type"": ""Point""
}","{
  ""coordinates"": [
    -83.116301302,
    42.385338802
  ],
  ""type"": ""Point""
}",-83.116301302,42.385338802
14872,9421195,CLARK,N I 75 SERVICE DRIVE,2015-05-01,1,5,2015,9,6,5,7,,1,0,,1,1,1,35,2,2,2,5,0,0,0,0,true,,false,false,false,false,false,,,,,,false,false,false,,,false,false,false,false,false,-83.09074,42.31318,"{
  ""coordinates"": [
    -8.309073499300000e+01,
    4.231318132800000e+01
  ],
  ""type"": ""Point""
}","{
  ""coordinates"": [
    -83.090734993,
    42.313181328
  ],
  ""type"": ""Point""
}",-83.090734993,42.313181328
14873,9399334,JEFFERSON,MARQUETTE,2015-05-01,1,5,2015,15,6,8,9,,4,0,,1,1,1,0,6,2,2,5,0,0,0,0,true,,false,false,false,false,false,,,,,,false,false,false,,,false,false,false,false,false,-82.97945,42.36272,"{
  ""coordinates"": [
    -8.297944522400000e+01,
    4.236271862300000e+01
  ],
  ""type"": ""Point""
}","{
  ""coordinates"": [
    -82.979445224,
    42.362718623
  ],
  ""type"": ""Point""
}",-82.979445224,42.362718623
14874,9265044,CLARK,VERNOR,2015-05-01,1,5,2015,1,6,8,9,,4,0,,1,1,4,25,2,2,0,5,0,0,0,0,true,,false,false,true,false,false,,,,,,false,false,false,,,false,false,false,false,false,-83.09591,42.32038,"{
  ""coordinates"": [
    -8.309591161500001e+01,
    4.232038663800010e+01
  ],
  ""type"": ""Point""
}","{
  ""coordinates"": [
    -83.095911615,
    42.320386638
  ],
  ""type"": ""Point""
}",-83.095911615,42.3203866380001
14875,9257021,WATERMAN,LAFAYETTE,2015-05-01,1,5,2015,9,6,5,9,,4,0,,1,1,1,25,4,3,4,4,0,0,0,1,false,,false,false,false,false,false,,,,,,false,false,true,,,false,false,false,false,false,-83.11024,42.30712,"{
  ""coordinates"": [
    -8.311024472699999e+01,
    4.230712280900010e+01
  ],
  ""type"": ""Point""
}","{
  ""coordinates"": [
    -83.110244727,
    42.307122809
  ],
  ""type"": ""Point""
}",-83.110244727,42.3071228090001
14876,9249476,MARGARETA,BIRCHCREST,2015-05-01,1,5,2015,16,6,1,9,,,0,,1,1,1,25,2,2,2,4,0,0,0,1,false,,false,false,false,false,false,,,,,,false,false,false,,,false,false,false,true,false,-83.13711,42.42807,"{
  ""coordinates"": [
    -8.313710554600000e+01,
    4.242806478200000e+01
  ],
  ""type"": ""Point""
}","{
  ""coordinates"": [
    -83.137105546,
    42.428064782
  ],
  ""type"": ""Point""
}",-83.137105546,42.428064782
14877,9286183,HUDSON,23RD,2015-05-01,1,5,2015,22,6,1,9,,,0,,1,1,1,25,1,1,3,4,0,0,0,2,false,,false,false,false,false,false,,,,,,false,false,true,,,false,false,false,false,false,-83.10258,42.35014,"{
  ""coordinates"": [
    -8.310258053500000e+01,
    4.235014179800000e+01
  ],
  ""type"": ""Point""
}","{
  ""coordinates"": [
    -83.102580535,
    42.350141798
  ],
  ""type"": ""Point""
}",-83.102580535,42.350141798
14878,9286242,FOREST,M 10 SERVICE,2015-05-01,1,5,2015,15,6,4,9,,4,0,,1,1,1,30,4,2,2,4,0,0,0,1,false,,true,true,false,false,false,,,,,,false,false,false,,,false,false,false,false,false,-83.07174,42.35174,"{
  ""coordinates"": [
    -8.307174154599990e+01,
    4.235173741200000e+01
  ],
  ""type"": ""Point""
}","{
  ""coordinates"": [
    -83.071741546,
    42.351737412
  ],
  ""type"": ""Point""
}",-83.0717415459999,42.351737412
14879,9286226,MELBOURNE,BRUSH,2015-05-01,1,5,2015,23,6,97,9,,,3,,97,98,98,25,2,2,0,5,0,0,0,0,true,,false,false,true,false,false,,,,,,false,false,true,,,false,false,false,false,false,-83.0726,42.37818,"{
  ""coordinates"": [
    -8.307260018700001e+01,
    4.237818178400000e+01
  ],
  ""type"": ""Point""
}","{
  ""coordinates"": [
    -83.072600187,
    42.378181784
  ],
  ""type"": ""Point""
}",-83.072600187,42.378181784
14880,9249468,WOODWARD,8 MILE,2015-05-01,1,5,2015,17,6,4,3,,1,0,,1,1,1,40,4,2,1,5,0,0,0,0,true,,false,false,true,false,false,,,,,,false,false,false,,,false,false,false,false,false,-83.12502,42.4465,"{
  ""coordinates"": [
    -8.312502011600000e+01,
    4.244650067400000e+01
  ],
  ""type"": ""Point""
}","{
  ""coordinates"": [
    -83.125020116,
    42.446500674
  ],
  ""type"": ""Point""
}",-83.125020116,42.446500674
14881,9260674,ELMIRA,GRIGGS,2015-05-01,1,5,2015,12,6,8,9,,,0,,1,1,1,25,2,2,1,5,0,0,0,0,true,,false,false,true,false,false,,,,,,false,false,false,,,false,false,false,false,false,-83.16025,42.37124,"{
  ""coordinates"": [
    -8.316024990999991e+01,
    4.237124104100010e+01
  ],
  ""type"": ""Point""
}","{
  ""coordinates"": [
    -83.16024991,
    42.371241041
  ],
  ""type"": ""Point""
}",-83.1602499099999,42.3712410410001
14882,9249429,LARNED,ORLEANS,2015-05-01,1,5,2015,8,6,4,9,,4,0,,1,1,1,30,3,2,2,5,0,0,0,0,true,,false,false,false,false,false,,,,,,false,false,false,,,false,false,false,false,false,-83.02925,42.3365,"{
  ""coordinates"": [
    -8.302925055999999e+01,
    4.233649983400010e+01
  ],
  ""type"": ""Point""
}","{
  ""coordinates"": [
    -83.02925056,
    42.336499834
  ],
  ""type"": ""Point""
}",-83.02925056,42.3364998340001
14883,9260688,PURTAIN,CHEYENNE,2015-05-01,1,5,2015,22,6,4,9,,4,0,,1,1,5,35,3,2,3,5,0,0,0,0,true,,false,false,false,false,false,,,,,,false,false,false,,,false,false,false,false,false,-83.17517,42.40944,"{
  ""coordinates"": [
    -8.317517131300001e+01,
    4.240943390200000e+01
  ],
  ""type"": ""Point""
}","{
  ""coordinates"": [
    -83.175171313,
    42.409433902
  ],
  ""type"": ""Point""
}",-83.175171313,42.409433902
14884,9249433,JEFFERSON,CHENE,2015-05-01,1,5,2015,16,6,5,9,,4,0,,1,1,1,35,7,2,5,5,0,0,0,0,true,,false,false,false,false,false,,,,,,false,false,false,,,false,false,false,false,false,-83.02191,42.33856,"{
  ""coordinates"": [
    -8.302190865999999e+01,
    4.233855664100000e+01
  ],
  ""type"": ""Point""
}","{
  ""coordinates"": [
    -83.02190866,
    42.338556641
  ],
  ""type"": ""Point""
}",-83.02190866,42.338556641
14885,9249466,BROADSTREET,WAVERLY,2015-05-01,1,5,2015,9,6,4,9,,4,0,,1,1,1,25,4,2,2,3,0,0,2,0,false,,true,false,false,false,false,,,,,,false,true,false,,,false,false,false,false,false,-83.13863,42.38598,"{
  ""coordinates"": [
    -8.313863147399999e+01,
    4.238598148100000e+01
  ],
  ""type"": ""Point""
}","{
  ""coordinates"": [
    -83.138631474,
    42.385981481
  ],
  ""type"": ""Point""
}",-83.138631474,42.385981481
14886,9340407,PARK,FILBERT,2015-05-01,1,5,2015,22,6,4,9,,,0,,1,1,4,25,1,2,3,5,0,0,0,0,true,,true,false,false,false,false,,,,,,false,false,false,,,false,false,false,false,false,-82.98631,42.41777,"{
  ""coordinates"": [
    -8.298631286200001e+01,
    4.241777560200010e+01
  ],
  ""type"": ""Point""
}","{
  ""coordinates"": [
    -82.986312862,
    42.417775602
  ],
  ""type"": ""Point""
}",-82.986312862,42.4177756020001