ObjectId,Crash ID,Primary Road,Intersecting Road,Crash Date,Day,Month,Year,Hour,Weekday,Crash Type Code,Highway Classification Code,Community Code,Jurisdiction Code,Lane Departure Type Code,Surface Type,Road Condition,Weather Condition,Lighting Condition,Speed Limit,Lanes,Units,Occupants,Most Severe Injury,Fatal Injuries,Suspected Serious Injuries,Suspected Minor Injuries,Possible Injuries,Property Damage Only,Secondary Crash,Traffic Control,Red Light Run,Hit and Run,Alcohol,Drugs,Unbelted Person,Work Zone,Speeding Driver,Distracted Driver,Driveway,Pedestrian,Elderly Driver,Young Driver,Commercial Vehicle,Emergency Vehicles,Train,School Bus,Motorcycle,Bicycle,Deer,Longitude,Latitude,geom,geog,x,y
14887,9249464,WYOMING,LYNDON,2015-05-01,1,5,2015,9,6,8,9,,4,0,,1,1,1,30,3,2,2,5,0,0,0,0,true,,false,false,false,false,false,,,,,,false,false,false,,,false,false,false,false,false,-83.15934,42.39512,"{
  ""coordinates"": [
    -8.315933885500000e+01,
    4.239512189000000e+01
  ],
  ""type"": ""Point""
}","{
  ""coordinates"": [
    -83.159338855,
    42.39512189
  ],
  ""type"": ""Point""
}",-83.159338855,42.39512189
14888,9261361,8 MILE,PRAIRIE,2015-05-01,1,5,2015,7,6,8,3,,1,0,,1,1,1,35,2,2,4,5,0,0,0,0,true,,false,false,false,false,false,,,,,,false,false,false,,,false,false,false,false,false,-83.14623,42.44599,"{
  ""coordinates"": [
    -8.314623494800000e+01,
    4.244598954900000e+01
  ],
  ""type"": ""Point""
}","{
  ""coordinates"": [
    -83.146234948,
    42.445989549
  ],
  ""type"": ""Point""
}",-83.146234948,42.445989549
14889,9249291,216I,MILWAUKEE,2015-05-01,1,5,2015,11,6,5,1,,1,0,,1,1,1,70,2,2,2,5,0,0,0,0,true,,false,false,false,false,false,,,,,,false,false,true,,,false,false,false,false,false,-83.05993,42.37358,"{
  ""coordinates"": [
    -8.305992594600001e+01,
    4.237357759900000e+01
  ],
  ""type"": ""Point""
}","{
  ""coordinates"": [
    -83.059925946,
    42.373577599
  ],
  ""type"": ""Point""
}",-83.059925946,42.373577599
14890,9260687,CENTRAL,FORT,2015-05-01,1,5,2015,15,6,8,3,,,0,,1,1,1,35,3,2,2,5,0,0,0,0,true,,false,false,true,false,false,,,,,,false,true,false,,,false,false,false,false,false,-83.11654,42.30123,"{
  ""coordinates"": [
    -8.311653934899989e+01,
    4.230122802600000e+01
  ],
  ""type"": ""Point""
}","{
  ""coordinates"": [
    -83.116539349,
    42.301228026
  ],
  ""type"": ""Point""
}",-83.1165393489999,42.301228026
14891,9250173,MOROSS,EDGEFIELD,2015-05-01,1,5,2015,15,6,5,9,,2,0,,1,1,1,35,4,2,2,5,0,0,0,0,true,,false,false,false,false,false,,,,,,false,false,false,,,false,false,false,false,false,-82.92575,42.42342,"{
  ""coordinates"": [
    -8.292575288300000e+01,
    4.242341542700010e+01
  ],
  ""type"": ""Point""
}","{
  ""coordinates"": [
    -82.925752883,
    42.423415427
  ],
  ""type"": ""Point""
}",-82.925752883,42.4234154270001
14892,9251079,VAN DYKE,DOYLE,2015-05-01,1,5,2015,11,6,97,3,,1,0,,1,1,1,35,3,2,2,5,0,0,0,0,true,,false,false,true,false,false,,,,,,false,false,false,,,false,false,false,false,false,-83.02361,42.41713,"{
  ""coordinates"": [
    -8.302361320599989e+01,
    4.241712417600010e+01
  ],
  ""type"": ""Point""
}","{
  ""coordinates"": [
    -83.023613206,
    42.417124176
  ],
  ""type"": ""Point""
}",-83.0236132059999,42.4171241760001
14893,9475206,23RD,HUDSON,2015-05-01,1,5,2015,4,6,1,9,,,0,,2,1,5,25,2,1,1,5,0,0,0,0,true,,false,false,false,false,false,,,,,,false,false,false,,,false,false,false,false,false,-83.10252,42.35007,"{
  ""coordinates"": [
    -8.310251308300001e+01,
    4.235006955600010e+01
  ],
  ""type"": ""Point""
}","{
  ""coordinates"": [
    -83.102513083,
    42.350069556
  ],
  ""type"": ""Point""
}",-83.102513083,42.3500695560001
14894,9251793,I-75,GRATIOT,2015-05-01,1,5,2015,13,6,5,7,,1,0,,1,1,1,0,4,2,3,4,0,0,0,1,false,,false,false,false,false,false,,,,,,false,false,false,,,false,false,false,false,false,-83.03777,42.34587,"{
  ""coordinates"": [
    -8.303776899300000e+01,
    4.234587612100010e+01
  ],
  ""type"": ""Point""
}","{
  ""coordinates"": [
    -83.037768993,
    42.345876121
  ],
  ""type"": ""Point""
}",-83.037768993,42.3458761210001
14895,9379714,LIVERNOIS,CURTIS,2015-05-01,1,5,2015,17,6,8,9,,4,0,,1,1,1,35,2,2,2,5,0,0,0,0,true,,false,false,false,false,false,,,,,,false,false,true,,,false,false,false,false,false,-83.14103,42.42419,"{
  ""coordinates"": [
    -8.314103178200000e+01,
    4.242419549400010e+01
  ],
  ""type"": ""Point""
}","{
  ""coordinates"": [
    -83.141031782,
    42.424195494
  ],
  ""type"": ""Point""
}",-83.141031782,42.4241954940001
14896,9250196,FLANDERS,ELMO,2015-05-01,1,5,2015,20,6,5,9,,,0,,1,1,5,25,1,2,0,5,0,0,0,0,true,,false,false,true,false,false,,,,,,false,false,false,,,false,false,false,false,false,-83.00051,42.40976,"{
  ""coordinates"": [
    -8.300051188299990e+01,
    4.240976353100010e+01
  ],
  ""type"": ""Point""
}","{
  ""coordinates"": [
    -83.000511883,
    42.409763531
  ],
  ""type"": ""Point""
}",-83.0005118829999,42.4097635310001
14897,9250202,GRATIOT,EASTBURN,2015-05-01,1,5,2015,19,6,4,3,,1,0,,1,1,1,35,7,3,5,4,0,0,0,1,false,,false,false,false,false,false,,,,,,false,false,false,,,false,false,false,false,false,-82.97098,42.44526,"{
  ""coordinates"": [
    -8.297097825500001e+01,
    4.244525432100000e+01
  ],
  ""type"": ""Point""
}","{
  ""coordinates"": [
    -82.970978255,
    42.445254321
  ],
  ""type"": ""Point""
}",-82.970978255,42.445254321
14898,9257017,WOODMERE,STONE,2015-05-01,1,5,2015,18,6,8,9,,4,0,,1,1,1,25,2,2,2,5,0,0,0,0,true,,false,false,false,false,false,,,,,,false,false,false,,,false,false,false,false,false,-83.12997,42.29439,"{
  ""coordinates"": [
    -8.312997600100000e+01,
    4.229439117400010e+01
  ],
  ""type"": ""Point""
}","{
  ""coordinates"": [
    -83.129976001,
    42.294391174
  ],
  ""type"": ""Point""
}",-83.129976001,42.2943911740001
14899,9282501,FORD,ARTESIAN,2015-05-01,1,5,2015,15,6,5,3,,1,0,,1,1,1,45,3,2,4,5,0,0,0,0,true,,false,false,true,false,false,,,,,,false,false,false,,,false,false,false,false,false,-83.22518,42.32894,"{
  ""coordinates"": [
    -8.322517962800001e+01,
    4.232894058300010e+01
  ],
  ""type"": ""Point""
}","{
  ""coordinates"": [
    -83.225179628,
    42.328940583
  ],
  ""type"": ""Point""
}",-83.225179628,42.3289405830001
14900,9249434,GRATIOT,LAMBERT,2015-05-01,1,5,2015,22,6,8,3,,1,0,,1,1,5,35,7,2,4,5,0,0,0,0,true,,false,false,false,false,false,,,,,,false,false,true,,,false,false,false,false,false,-83.00802,42.3889,"{
  ""coordinates"": [
    -8.300802069699991e+01,
    4.238889646300000e+01
  ],
  ""type"": ""Point""
}","{
  ""coordinates"": [
    -83.008020697,
    42.388896463
  ],
  ""type"": ""Point""
}",-83.0080206969999,42.388896463
14901,9249402,CONNER,JEFFERSON,2015-05-01,1,5,2015,12,6,5,9,,4,0,,1,1,1,30,7,2,2,5,0,0,0,0,true,,false,false,false,false,false,,,,,,false,false,true,,,false,false,false,false,false,-82.95901,42.37018,"{
  ""coordinates"": [
    -8.295901549000000e+01,
    4.237018197900010e+01
  ],
  ""type"": ""Point""
}","{
  ""coordinates"": [
    -82.95901549,
    42.370181979
  ],
  ""type"": ""Point""
}",-82.95901549,42.3701819790001
14902,9250171,MCNICHOLS,SUNDERLAND,2015-05-01,1,5,2015,5,6,2,9,,2,0,,1,1,1,35,6,2,6,4,0,0,0,4,false,,false,false,false,false,false,,,,,,false,false,true,,,false,false,false,false,false,-83.22793,42.41537,"{
  ""coordinates"": [
    -8.322792790400000e+01,
    4.241536994200000e+01
  ],
  ""type"": ""Point""
}","{
  ""coordinates"": [
    -83.227927904,
    42.415369942
  ],
  ""type"": ""Point""
}",-83.227927904,42.415369942
14903,9250208,HAYES,COLLINGHAM,2015-04-30,30,4,2015,8,5,4,9,,4,0,,2,2,1,30,2,2,3,5,0,0,0,0,true,,false,false,false,false,false,,,,,,false,false,false,,,false,false,false,false,false,-82.96601,42.44807,"{
  ""coordinates"": [
    -8.296601208899990e+01,
    4.244806952300010e+01
  ],
  ""type"": ""Point""
}","{
  ""coordinates"": [
    -82.966012089,
    42.448069523
  ],
  ""type"": ""Point""
}",-82.9660120889999,42.4480695230001
14904,9257015,MELLON,SCHAEFER,2015-04-30,30,4,2015,15,5,4,9,,4,0,,1,2,1,30,4,2,5,4,0,0,0,1,false,,false,false,false,false,false,,,,,,false,false,false,,,false,false,false,false,false,-83.16554,42.28958,"{
  ""coordinates"": [
    -8.316554565599991e+01,
    4.228957727900010e+01
  ],
  ""type"": ""Point""
}","{
  ""coordinates"": [
    -83.165545656,
    42.289577279
  ],
  ""type"": ""Point""
}",-83.1655456559999,42.2895772790001
14905,9249441,BLACKSTONE,FARGO,2015-04-30,30,4,2015,23,5,4,9,,,0,,1,1,4,25,1,2,1,2,0,1,0,0,false,,false,false,true,false,false,,,,,,false,false,false,,,false,false,false,false,false,-83.25137,42.4383,"{
  ""coordinates"": [
    -8.325136394899990e+01,
    4.243829973000000e+01
  ],
  ""type"": ""Point""
}","{
  ""coordinates"": [
    -83.251363949,
    42.43829973
  ],
  ""type"": ""Point""
}",-83.2513639489999,42.43829973
14906,9255769,DEXTER,DAVISON,2015-04-30,30,4,2015,18,5,4,3,,4,0,,1,1,1,25,2,2,2,5,0,0,0,0,true,,false,false,true,false,false,,,,,,false,false,false,,,false,false,false,false,false,-83.13087,42.38974,"{
  ""coordinates"": [
    -8.313086397700000e+01,
    4.238974160200010e+01
  ],
  ""type"": ""Point""
}","{
  ""coordinates"": [
    -83.130863977,
    42.389741602
  ],
  ""type"": ""Point""
}",-83.130863977,42.3897416020001
14907,9250879,I 75,DEARBORN,2015-04-30,30,4,2015,12,5,5,1,,1,0,,2,4,1,55,4,2,2,5,0,0,0,0,true,,false,false,false,false,false,,,,,,false,false,true,,,false,false,false,false,false,-83.12814,42.2925,"{
  ""coordinates"": [
    -8.312813369000000e+01,
    4.229250469100000e+01
  ],
  ""type"": ""Point""
}","{
  ""coordinates"": [
    -83.12813369,
    42.292504691
  ],
  ""type"": ""Point""
}",-83.12813369,42.292504691
14908,9250203,LAPPIN,CRUSADE,2015-04-30,30,4,2015,0,5,8,9,,,0,,1,1,4,25,2,2,0,5,0,0,0,0,true,,false,false,true,false,false,,,,,,false,false,false,,,false,false,false,false,false,-82.96063,42.43732,"{
  ""coordinates"": [
    -8.296063132300000e+01,
    4.243732418100010e+01
  ],
  ""type"": ""Point""
}","{
  ""coordinates"": [
    -82.960631323,
    42.437324181
  ],
  ""type"": ""Point""
}",-82.960631323,42.4373241810001
14909,9399350,JOHN R,WARREN,2015-04-30,30,4,2015,17,5,4,9,,4,0,,1,1,1,25,3,3,4,4,0,0,0,3,false,,false,false,false,false,false,,,,,,false,true,false,,,false,false,false,false,false,-83.06208,42.35759,"{
  ""coordinates"": [
    -8.306207905600000e+01,
    4.235758914100010e+01
  ],
  ""type"": ""Point""
}","{
  ""coordinates"": [
    -83.062079056,
    42.357589141
  ],
  ""type"": ""Point""
}",-83.062079056,42.3575891410001
14910,9265131,MT ELLIOTT,MCNICHOLS,2015-04-30,30,4,2015,18,5,8,9,,4,0,,1,2,1,35,4,2,4,5,0,0,0,0,true,,false,false,false,false,false,,,,,,false,false,false,,,false,false,false,false,false,-83.03833,42.41924,"{
  ""coordinates"": [
    -8.303833306600001e+01,
    4.241923984600000e+01
  ],
  ""type"": ""Point""
}","{
  ""coordinates"": [
    -83.038333066,
    42.419239846
  ],
  ""type"": ""Point""
}",-83.038333066,42.419239846
14911,9260655,RAMP 049A,N I 75 SERVICE DRIVE,2015-04-30,30,4,2015,8,5,8,1,,1,0,,2,4,1,55,4,2,2,5,0,0,0,0,true,,false,false,true,false,false,,,,,,false,false,false,,,false,false,false,false,false,-83.09402,42.4303,"{
  ""coordinates"": [
    -8.309402007800000e+01,
    4.243029657900010e+01
  ],
  ""type"": ""Point""
}","{
  ""coordinates"": [
    -83.094020078,
    42.430296579
  ],
  ""type"": ""Point""
}",-83.094020078,42.4302965790001
14912,9249415,NORTHLAWN,BELTON,2015-04-30,30,4,2015,11,5,97,9,,,0,,1,1,1,25,1,2,2,5,0,0,0,0,true,,false,false,false,false,false,,,,,,false,false,false,,,false,false,false,false,false,-83.15177,42.35427,"{
  ""coordinates"": [
    -8.315177525699990e+01,
    4.235426673700000e+01
  ],
  ""type"": ""Point""
}","{
  ""coordinates"": [
    -83.151775257,
    42.354266737
  ],
  ""type"": ""Point""
}",-83.1517752569999,42.354266737
14913,9249442,PICKFORD,LAHSER,2015-04-30,30,4,2015,19,5,97,9,,,0,,1,2,4,25,2,2,0,5,0,0,0,0,true,,false,false,true,false,false,,,,,,false,false,false,,,false,false,false,false,false,-83.25856,42.42365,"{
  ""coordinates"": [
    -8.325855931800000e+01,
    4.242365027500010e+01
  ],
  ""type"": ""Point""
}","{
  ""coordinates"": [
    -83.258559318,
    42.423650275
  ],
  ""type"": ""Point""
}",-83.258559318,42.4236502750001
14914,9257066,OTIS,LIVERNOIS,2015-04-30,30,4,2015,8,5,4,9,,,0,,2,4,1,25,2,2,4,5,0,0,0,0,true,,false,false,false,false,false,,,,,,false,false,false,,,false,false,false,false,false,-83.11674,42.32617,"{
  ""coordinates"": [
    -8.311673966399999e+01,
    4.232616904300000e+01
  ],
  ""type"": ""Point""
}","{
  ""coordinates"": [
    -83.116739664,
    42.326169043
  ],
  ""type"": ""Point""
}",-83.116739664,42.326169043
14915,9286136,MACK,SAINT ANTOINE,2015-04-30,30,4,2015,17,5,5,9,,4,0,,1,1,1,25,3,2,3,5,0,0,0,0,true,,false,false,false,false,false,,,,,,false,false,false,,,false,false,false,false,false,-83.0524,42.34971,"{
  ""coordinates"": [
    -8.305239877299989e+01,
    4.234970806400000e+01
  ],
  ""type"": ""Point""
}","{
  ""coordinates"": [
    -83.052398773,
    42.349708064
  ],
  ""type"": ""Point""
}",-83.0523987729999,42.349708064
14916,9267534,MARTHA REEVES,MIRACLES,2015-04-30,30,4,2015,13,5,8,9,,,0,,1,1,1,25,1,2,0,5,0,0,0,0,true,,false,false,true,false,false,,,,,,false,false,false,,,false,false,false,false,false,-83.0714,42.34602,"{
  ""coordinates"": [
    -8.307140252400001e+01,
    4.234602384400010e+01
  ],
  ""type"": ""Point""
}","{
  ""coordinates"": [
    -83.071402524,
    42.346023844
  ],
  ""type"": ""Point""
}",-83.071402524,42.3460238440001
14917,9264608,I75,7 MILE,2015-04-30,30,4,2015,14,5,5,1,,1,0,,1,2,1,70,4,4,4,5,0,0,0,0,true,,false,false,false,false,false,,,,,,false,false,true,,,false,false,false,false,false,-83.09422,42.42887,"{
  ""coordinates"": [
    -8.309421695600000e+01,
    4.242887058000010e+01
  ],
  ""type"": ""Point""
}","{
  ""coordinates"": [
    -83.094216956,
    42.42887058
  ],
  ""type"": ""Point""
}",-83.094216956,42.4288705800001
14918,9404469,JOHN R,WILLIS,2015-04-30,30,4,2015,14,5,97,9,,4,0,,1,1,1,30,2,2,2,5,0,0,0,0,true,,false,false,false,false,false,,,,,,false,false,false,,,false,false,false,false,false,-83.05869,42.35262,"{
  ""coordinates"": [
    -8.305868962100000e+01,
    4.235261813000010e+01
  ],
  ""type"": ""Point""
}","{
  ""coordinates"": [
    -83.058689621,
    42.35261813
  ],
  ""type"": ""Point""
}",-83.058689621,42.3526181300001
14919,9264596,NB I-75,DEARBORN,2015-04-30,30,4,2015,12,5,5,1,,1,0,,1,2,1,70,3,2,2,5,0,0,0,0,true,,false,false,false,false,false,,,,,,false,false,true,,,false,false,false,false,false,-83.12875,42.29173,"{
  ""coordinates"": [
    -8.312875293099999e+01,
    4.229173466000000e+01
  ],
  ""type"": ""Point""
}","{
  ""coordinates"": [
    -83.128752931,
    42.29173466
  ],
  ""type"": ""Point""
}",-83.128752931,42.29173466
14920,9368700,7 MILE,WESTPHALIA,2015-04-30,30,4,2015,11,5,8,9,,4,0,,1,2,1,35,4,2,3,5,0,0,0,0,true,,false,false,true,false,false,,,,,,false,true,false,,,false,false,false,false,false,-82.99261,42.43475,"{
  ""coordinates"": [
    -8.299261144199990e+01,
    4.243475066600010e+01
  ],
  ""type"": ""Point""
}","{
  ""coordinates"": [
    -82.992611442,
    42.434750666
  ],
  ""type"": ""Point""
}",-82.9926114419999,42.4347506660001
14921,9264620,SCHAEFER,RAMP 029E,2015-04-30,30,4,2015,6,5,1,7,,1,1,,2,2,2,70,1,1,1,5,0,0,0,0,true,,false,false,false,false,false,,,,,,false,false,false,,,false,false,false,false,false,-83.15663,42.27744,"{
  ""coordinates"": [
    -8.315663211799991e+01,
    4.227743962700000e+01
  ],
  ""type"": ""Point""
}","{
  ""coordinates"": [
    -83.156632118,
    42.277439627
  ],
  ""type"": ""Point""
}",-83.1566321179999,42.277439627
14922,9286172,MARTIN LUTHER KING JR,18TH,2015-04-30,30,4,2015,12,5,4,9,,4,0,,2,4,1,25,5,2,2,4,0,0,0,1,false,,false,false,false,false,false,,,,,,false,true,true,,,false,false,false,false,false,-83.08562,42.33783,"{
  ""coordinates"": [
    -8.308562447000000e+01,
    4.233782691400010e+01
  ],
  ""type"": ""Point""
}","{
  ""coordinates"": [
    -83.08562447,
    42.337826914
  ],
  ""type"": ""Point""
}",-83.08562447,42.3378269140001
14923,9248473,EWALD,DAVISON,2015-04-30,30,4,2015,16,5,97,3,,4,0,,1,1,1,35,3,2,2,5,0,0,0,0,true,,false,false,true,false,false,,,,,,false,false,false,,,false,false,false,false,false,-83.14539,42.38638,"{
  ""coordinates"": [
    -8.314539384200000e+01,
    4.238637557300010e+01
  ],
  ""type"": ""Point""
}","{
  ""coordinates"": [
    -83.145393842,
    42.386375573
  ],
  ""type"": ""Point""
}",-83.145393842,42.3863755730001
14924,9255808,WARREN,ANTHONY WAYNE,2015-04-30,30,4,2015,15,5,8,9,,4,0,,1,2,1,30,4,2,1,5,0,0,0,0,true,,false,false,false,false,false,,,,,,false,false,true,,,false,false,false,false,false,-83.07144,42.35438,"{
  ""coordinates"": [
    -8.307144435399989e+01,
    4.235437604600000e+01
  ],
  ""type"": ""Point""
}","{
  ""coordinates"": [
    -83.071444354,
    42.354376046
  ],
  ""type"": ""Point""
}",-83.0714443539999,42.354376046
14925,9259046,ROUGE PARK,SPINOZA,2015-04-30,30,4,2015,10,5,8,9,,2,0,,2,4,1,30,4,2,2,5,0,0,0,0,true,,false,false,false,false,false,,,,,,false,false,false,,,false,false,false,false,false,-83.25616,42.3682,"{
  ""coordinates"": [
    -8.325616297900000e+01,
    4.236819888500000e+01
  ],
  ""type"": ""Point""
}","{
  ""coordinates"": [
    -83.256162979,
    42.368198885
  ],
  ""type"": ""Point""
}",-83.256162979,42.368198885
14926,9251073,KENNEY,CASTLE,2015-04-30,30,4,2015,11,5,1,9,,,0,,2,4,1,25,2,1,1,5,0,0,0,0,true,,false,false,false,false,false,,,,,,false,true,false,,,false,false,false,false,false,-83.02143,42.40931,"{
  ""coordinates"": [
    -8.302143445500000e+01,
    4.240930445100000e+01
  ],
  ""type"": ""Point""
}","{
  ""coordinates"": [
    -83.021434455,
    42.409304451
  ],
  ""type"": ""Point""
}",-83.021434455,42.409304451
14927,9249432,ST AUBIN,WILKINS,2015-04-30,30,4,2015,15,5,97,9,,4,3,,1,2,1,10,2,2,5,5,0,0,0,0,true,,false,false,true,false,false,,,,,,false,false,false,,,false,false,false,false,false,-83.03587,42.35162,"{
  ""coordinates"": [
    -8.303587488800000e+01,
    4.235162054000010e+01
  ],
  ""type"": ""Point""
}","{
  ""coordinates"": [
    -83.035874888,
    42.35162054
  ],
  ""type"": ""Point""
}",-83.035874888,42.3516205400001
14928,9250215,DICKERSON,FLANDERS,2015-04-30,30,4,2015,17,5,4,9,,4,0,,1,1,1,25,2,2,3,4,0,0,0,2,false,,true,false,false,false,false,,,,,,false,true,false,,,false,false,false,false,false,-82.98198,42.41627,"{
  ""coordinates"": [
    -8.298198288899989e+01,
    4.241626683800010e+01
  ],
  ""type"": ""Point""
}","{
  ""coordinates"": [
    -82.981982889,
    42.416266838
  ],
  ""type"": ""Point""
}",-82.9819828889999,42.4162668380001
14929,9251764,M-10,WEBB,2015-04-30,30,4,2015,23,5,1,3,,1,1,,1,1,4,70,3,1,1,5,0,0,0,0,true,,false,false,false,false,false,,,,,,false,false,true,,,false,false,false,false,false,-83.10129,42.3866,"{
  ""coordinates"": [
    -8.310128654300000e+01,
    4.238660553400010e+01
  ],
  ""type"": ""Point""
}","{
  ""coordinates"": [
    -83.101286543,
    42.386605534
  ],
  ""type"": ""Point""
}",-83.101286543,42.3866055340001
14930,9249404,LAKEPOINTE,MORANG,2015-04-30,30,4,2015,15,5,8,9,,,0,,1,1,1,20,2,2,3,5,0,0,0,0,true,,false,false,false,false,false,,,,,,false,false,true,,,false,false,false,false,false,-82.94778,42.42527,"{
  ""coordinates"": [
    -8.294778116899990e+01,
    4.242526474900010e+01
  ],
  ""type"": ""Point""
}","{
  ""coordinates"": [
    -82.947781169,
    42.425264749
  ],
  ""type"": ""Point""
}",-82.9477811689999,42.4252647490001
14931,9248470,GRATIOT,LUDDEN,2015-04-30,30,4,2015,15,5,3,3,,1,0,,1,1,1,35,7,2,5,5,0,0,0,0,true,,false,false,true,false,false,,,,,,false,false,false,,,false,false,false,false,false,-83.02848,42.35793,"{
  ""coordinates"": [
    -8.302848115700000e+01,
    4.235792356600010e+01
  ],
  ""type"": ""Point""
}","{
  ""coordinates"": [
    -83.028481157,
    42.357923566
  ],
  ""type"": ""Point""
}",-83.028481157,42.3579235660001
14932,9251787,N M 39,CURTIS,2015-04-30,30,4,2015,21,5,1,3,,1,1,,1,1,4,55,3,1,2,4,0,0,0,1,false,,false,false,false,false,false,,,,,,false,false,true,,,false,false,false,false,false,-83.21895,42.42271,"{
  ""coordinates"": [
    -8.321894709400000e+01,
    4.242271069700010e+01
  ],
  ""type"": ""Point""
}","{
  ""coordinates"": [
    -83.218947094,
    42.422710697
  ],
  ""type"": ""Point""
}",-83.218947094,42.4227106970001
14933,9251791,RAMP 215H,W I 94,2015-04-30,30,4,2015,2,5,1,1,,1,1,,2,4,5,55,1,1,1,5,0,0,0,0,true,,false,false,false,false,false,,,,,,false,false,false,,,false,false,false,false,false,-83.07944,42.35736,"{
  ""coordinates"": [
    -8.307943971000000e+01,
    4.235735778900000e+01
  ],
  ""type"": ""Point""
}","{
  ""coordinates"": [
    -83.07943971,
    42.357357789
  ],
  ""type"": ""Point""
}",-83.07943971,42.357357789
14934,9262921,N M 10,RAMP 103C,2015-04-30,30,4,2015,4,5,1,3,,1,1,,2,4,4,55,3,1,1,5,0,0,0,0,true,,false,false,false,false,false,,,,,,false,false,false,,,false,false,false,false,false,-83.18389,42.42818,"{
  ""coordinates"": [
    -8.318389157099990e+01,
    4.242817889000000e+01
  ],
  ""type"": ""Point""
}","{
  ""coordinates"": [
    -83.183891571,
    42.42817889
  ],
  ""type"": ""Point""
}",-83.1838915709999,42.42817889
14935,9287857,WARREN,SCOTTEN,2015-04-30,30,4,2015,12,5,97,9,,4,0,,2,2,1,30,4,4,2,3,0,0,1,0,false,,false,false,true,false,false,,,,,,false,false,false,,,false,false,false,false,false,-83.10993,42.34476,"{
  ""coordinates"": [
    -8.310993423399999e+01,
    4.234475587800010e+01
  ],
  ""type"": ""Point""
}","{
  ""coordinates"": [
    -83.109934234,
    42.344755878
  ],
  ""type"": ""Point""
}",-83.109934234,42.3447558780001
14936,9251759,I96,JOY,2015-04-30,30,4,2015,18,5,8,1,,1,0,,1,2,1,70,4,2,2,4,0,0,0,1,false,,false,false,false,false,false,,,,,,false,false,false,,,false,false,false,false,false,-83.12679,42.36292,"{
  ""coordinates"": [
    -8.312678760199999e+01,
    4.236292373900010e+01
  ],
  ""type"": ""Point""
}","{
  ""coordinates"": [
    -83.126787602,
    42.362923739
  ],
  ""type"": ""Point""
}",-83.126787602,42.3629237390001
14937,9249418,FORD,ARTESIAN,2015-04-30,30,4,2015,10,5,5,3,,1,0,,1,2,1,35,3,2,3,4,0,0,0,1,false,,false,false,true,false,false,,,,,,false,false,false,,,false,false,false,false,false,-83.22518,42.32894,"{
  ""coordinates"": [
    -8.322517962800001e+01,
    4.232894058300010e+01
  ],
  ""type"": ""Point""
}","{
  ""coordinates"": [
    -83.225179628,
    42.328940583
  ],
  ""type"": ""Point""
}",-83.225179628,42.3289405830001
14938,9248471,GRATIOT,LUDDEN,2015-04-30,30,4,2015,16,5,8,3,,1,0,,1,1,1,35,7,2,2,5,0,0,0,0,true,,false,false,false,false,false,,,,,,false,false,false,,,false,false,false,false,false,-83.02847,42.35795,"{
  ""coordinates"": [
    -8.302846402999999e+01,
    4.235794967800010e+01
  ],
  ""type"": ""Point""
}","{
  ""coordinates"": [
    -83.02846403,
    42.357949678
  ],
  ""type"": ""Point""
}",-83.02846403,42.3579496780001
14939,9264595,RAMP 216F,RAMP 216K,2015-04-30,30,4,2015,8,5,5,1,,1,0,,1,2,1,55,1,2,2,5,0,0,0,0,true,,false,false,false,false,false,,,,,,false,false,false,,,false,false,false,false,false,-83.06052,42.36772,"{
  ""coordinates"": [
    -8.306052733900000e+01,
    4.236771691500010e+01
  ],
  ""type"": ""Point""
}","{
  ""coordinates"": [
    -83.060527339,
    42.367716915
  ],
  ""type"": ""Point""
}",-83.060527339,42.3677169150001
14940,9250874,NB M-10,WYOMING,2015-04-30,30,4,2015,7,5,5,3,,1,0,,2,4,1,55,3,2,1,5,0,0,0,0,true,,false,false,true,false,false,,,,,,false,false,false,,,false,false,false,false,false,-83.16047,42.40559,"{
  ""coordinates"": [
    -8.316046972800000e+01,
    4.240558675500010e+01
  ],
  ""type"": ""Point""
}","{
  ""coordinates"": [
    -83.160469728,
    42.405586755
  ],
  ""type"": ""Point""
}",-83.160469728,42.4055867550001
14941,9286192,JEFFERSON,WOODWARD,2015-04-30,30,4,2015,8,5,4,3,,1,0,,2,4,1,35,6,2,4,5,0,0,0,0,true,,false,false,false,false,false,,,,,,false,false,false,,,false,false,false,false,false,-83.04479,42.32873,"{
  ""coordinates"": [
    -8.304479369400001e+01,
    4.232873224600010e+01
  ],
  ""type"": ""Point""
}","{
  ""coordinates"": [
    -83.044793694,
    42.328732246
  ],
  ""type"": ""Point""
}",-83.044793694,42.3287322460001
14942,9248468,ALTER,LOZIER,2015-04-30,30,4,2015,13,5,5,9,,4,0,,1,2,1,30,2,3,4,4,0,0,0,1,false,,false,false,false,false,false,,,,,,false,false,false,,,false,false,false,false,false,-82.94942,42.38987,"{
  ""coordinates"": [
    -8.294941462100000e+01,
    4.238987320300000e+01
  ],
  ""type"": ""Point""
}","{
  ""coordinates"": [
    -82.949414621,
    42.389873203
  ],
  ""type"": ""Point""
}",-82.949414621,42.389873203
14943,9249435,HELEN,CONGRESS,2015-04-30,30,4,2015,8,5,8,9,,,0,,2,1,1,25,2,2,1,5,0,0,0,0,true,,true,false,true,false,false,,,,,,false,false,false,,,false,false,false,false,false,-83.00411,42.34819,"{
  ""coordinates"": [
    -8.300410901899990e+01,
    4.234818894600010e+01
  ],
  ""type"": ""Point""
}","{
  ""coordinates"": [
    -83.004109019,
    42.348188946
  ],
  ""type"": ""Point""
}",-83.0041090189999,42.3481889460001