ObjectId,Crash ID,Primary Road,Intersecting Road,Crash Date,Day,Month,Year,Hour,Weekday,Crash Type Code,Highway Classification Code,Community Code,Jurisdiction Code,Lane Departure Type Code,Surface Type,Road Condition,Weather Condition,Lighting Condition,Speed Limit,Lanes,Units,Occupants,Most Severe Injury,Fatal Injuries,Suspected Serious Injuries,Suspected Minor Injuries,Possible Injuries,Property Damage Only,Secondary Crash,Traffic Control,Red Light Run,Hit and Run,Alcohol,Drugs,Unbelted Person,Work Zone,Speeding Driver,Distracted Driver,Driveway,Pedestrian,Elderly Driver,Young Driver,Commercial Vehicle,Emergency Vehicles,Train,School Bus,Motorcycle,Bicycle,Deer,Longitude,Latitude,geom,geog,x,y
14944,9404470,GRAND,14TH,2015-04-30,30,4,2015,15,5,8,9,,4,0,,1,1,1,35,3,2,2,4,0,0,0,1,false,,false,false,false,false,false,,,,,,false,false,false,,,false,false,true,false,false,-83.09521,42.36205,"{
  ""coordinates"": [
    -8.309520635400000e+01,
    4.236205003700010e+01
  ],
  ""type"": ""Point""
}","{
  ""coordinates"": [
    -83.095206354,
    42.362050037
  ],
  ""type"": ""Point""
}",-83.095206354,42.3620500370001
14945,9264597,NB M-39,TIREMAN,2015-04-30,30,4,2015,16,5,5,3,,1,0,,1,2,1,55,3,2,2,5,0,0,0,0,true,,false,false,false,false,false,,,,,,false,false,false,,,false,false,false,false,false,-83.21626,42.35117,"{
  ""coordinates"": [
    -8.321625638499999e+01,
    4.235116542100010e+01
  ],
  ""type"": ""Point""
}","{
  ""coordinates"": [
    -83.216256385,
    42.351165421
  ],
  ""type"": ""Point""
}",-83.216256385,42.3511654210001
14946,9249479,7 MILE,MEYERS,2015-04-30,30,4,2015,15,5,8,9,,2,0,,1,2,1,30,4,2,2,5,0,0,0,0,true,,false,false,false,false,false,,,,,,false,true,false,,,false,false,false,false,false,-83.17087,42.43125,"{
  ""coordinates"": [
    -8.317086486999990e+01,
    4.243124604900000e+01
  ],
  ""type"": ""Point""
}","{
  ""coordinates"": [
    -83.17086487,
    42.431246049
  ],
  ""type"": ""Point""
}",-83.1708648699999,42.431246049
14947,9250119,M-10,WYOMING,2015-04-30,30,4,2015,7,5,8,3,,1,0,,2,2,1,55,3,2,2,4,0,0,0,1,false,,false,false,true,false,false,,,,,,false,false,true,,,false,false,false,false,false,-83.16145,42.40593,"{
  ""coordinates"": [
    -8.316145008399999e+01,
    4.240592424700000e+01
  ],
  ""type"": ""Point""
}","{
  ""coordinates"": [
    -83.161450084,
    42.405924247
  ],
  ""type"": ""Point""
}",-83.161450084,42.405924247
14948,9265057,BLACKSTONE,FARGO,2015-04-30,30,4,2015,22,5,4,9,,,0,,1,1,4,25,2,2,2,5,0,0,0,0,true,,true,false,true,false,false,,,,,,false,false,false,,,false,false,false,false,false,-83.25136,42.43814,"{
  ""coordinates"": [
    -8.325135831999999e+01,
    4.243813996900010e+01
  ],
  ""type"": ""Point""
}","{
  ""coordinates"": [
    -83.25135832,
    42.438139969
  ],
  ""type"": ""Point""
}",-83.25135832,42.4381399690001
14949,9251068,FENKELL,BRAILE,2015-04-30,30,4,2015,16,5,5,9,,2,0,,1,2,2,30,6,2,5,4,0,0,0,1,false,,false,false,false,false,false,,,,,,false,true,true,,,false,false,false,false,false,-83.24467,42.40055,"{
  ""coordinates"": [
    -8.324466339799990e+01,
    4.240055295200010e+01
  ],
  ""type"": ""Point""
}","{
  ""coordinates"": [
    -83.244663398,
    42.400552952
  ],
  ""type"": ""Point""
}",-83.2446633979999,42.4005529520001
14950,9264623,RAMP 138B,E I 96 CD,2015-04-30,30,4,2015,11,5,5,1,,1,0,,2,4,1,30,1,2,1,4,0,0,0,1,false,,false,false,true,false,false,,,,,,false,false,true,,,false,false,false,false,false,-83.15193,42.3842,"{
  ""coordinates"": [
    -8.315192957999990e+01,
    4.238420548000000e+01
  ],
  ""type"": ""Point""
}","{
  ""coordinates"": [
    -83.15192958,
    42.38420548
  ],
  ""type"": ""Point""
}",-83.1519295799999,42.38420548
14951,9247754,N M 10,LIVERNOIS,2015-04-30,30,4,2015,8,5,5,3,,1,0,,2,4,1,55,3,2,2,5,0,0,0,0,true,,false,false,false,false,false,,,,,,false,false,true,,,false,false,false,false,false,-83.13931,42.40496,"{
  ""coordinates"": [
    -8.313931137700000e+01,
    4.240495641400000e+01
  ],
  ""type"": ""Point""
}","{
  ""coordinates"": [
    -83.139311377,
    42.404956414
  ],
  ""type"": ""Point""
}",-83.139311377,42.404956414
14952,9617701,EVERGREEN,PLYMOUTH,2015-04-30,30,4,2015,6,5,8,9,,4,0,,2,4,1,30,6,3,3,5,0,0,0,0,true,,false,false,false,false,false,,,,,,false,false,false,,,false,false,false,false,false,-83.23626,42.37225,"{
  ""coordinates"": [
    -8.323626123699999e+01,
    4.237224921000010e+01
  ],
  ""type"": ""Point""
}","{
  ""coordinates"": [
    -83.236261237,
    42.37224921
  ],
  ""type"": ""Point""
}",-83.236261237,42.3722492100001
14953,9250207,HOOVER,STATE FAIR,2015-04-30,30,4,2015,9,5,4,3,,1,0,,2,4,1,30,4,2,1,5,0,0,0,0,true,,false,false,true,false,false,,,,,,false,false,true,,,false,false,false,false,false,-83.00499,42.4425,"{
  ""coordinates"": [
    -8.300498714900000e+01,
    4.244250483800000e+01
  ],
  ""type"": ""Point""
}","{
  ""coordinates"": [
    -83.004987149,
    42.442504838
  ],
  ""type"": ""Point""
}",-83.004987149,42.442504838
14954,9250893,SB M-39,SCHOOLCRAFT,2015-04-30,30,4,2015,6,5,8,3,,1,0,,2,4,4,55,3,2,4,3,0,0,1,0,false,,false,false,false,false,false,,,,,,false,true,false,,,false,false,false,false,false,-83.2177,42.38616,"{
  ""coordinates"": [
    -8.321770384599991e+01,
    4.238615612200000e+01
  ],
  ""type"": ""Point""
}","{
  ""coordinates"": [
    -83.217703846,
    42.386156122
  ],
  ""type"": ""Point""
}",-83.2177038459999,42.386156122
14955,9264628,SB I-75,SPRINGWELLS,2015-04-30,30,4,2015,12,5,8,1,,1,0,,2,4,1,70,4,3,3,5,0,0,0,0,true,,false,false,false,false,false,,,,,,false,false,false,,,false,false,false,false,false,-83.12595,42.29635,"{
  ""coordinates"": [
    -8.312595729799990e+01,
    4.229635198200000e+01
  ],
  ""type"": ""Point""
}","{
  ""coordinates"": [
    -83.125957298,
    42.296351982
  ],
  ""type"": ""Point""
}",-83.1259572979999,42.296351982
14956,9249395,CABOT,MCGRAW,2015-04-30,30,4,2015,7,5,8,9,,,0,,2,4,1,25,2,2,1,5,0,0,0,0,true,,false,false,true,false,false,,,,,,false,false,false,,,false,false,false,false,false,-83.15078,42.33136,"{
  ""coordinates"": [
    -8.315077833100000e+01,
    4.233136185900000e+01
  ],
  ""type"": ""Point""
}","{
  ""coordinates"": [
    -83.150778331,
    42.331361859
  ],
  ""type"": ""Point""
}",-83.150778331,42.331361859
14957,9250876,I-94,FRENCH,2015-04-30,30,4,2015,7,5,97,1,,1,0,,2,4,1,55,3,2,4,4,0,0,0,1,false,,false,false,false,false,false,,,,,,false,false,true,,,false,false,false,false,false,-82.99768,42.3921,"{
  ""coordinates"": [
    -8.299767882600000e+01,
    4.239209880900010e+01
  ],
  ""type"": ""Point""
}","{
  ""coordinates"": [
    -82.997678826,
    42.392098809
  ],
  ""type"": ""Point""
}",-82.997678826,42.3920988090001
14958,9264626,SB M-39,MCNICHOLS,2015-04-30,30,4,2015,7,5,8,3,,1,0,,2,4,2,55,3,2,1,5,0,0,0,0,true,,false,false,true,false,false,,,,,,false,true,false,,,false,false,false,false,false,-83.21888,42.41499,"{
  ""coordinates"": [
    -8.321888235700000e+01,
    4.241499331900010e+01
  ],
  ""type"": ""Point""
}","{
  ""coordinates"": [
    -83.218882357,
    42.414993319
  ],
  ""type"": ""Point""
}",-83.218882357,42.4149933190001
14959,9599583,MARTIN LUTHER KING JR,WOODWARD,2015-04-30,30,4,2015,19,5,4,3,,2,0,,1,1,1,35,4,2,2,5,0,0,0,0,true,,false,false,false,false,false,,,,,,false,false,false,,,false,false,false,false,false,-83.05787,42.34738,"{
  ""coordinates"": [
    -8.305786797099999e+01,
    4.234737950400010e+01
  ],
  ""type"": ""Point""
}","{
  ""coordinates"": [
    -83.057867971,
    42.347379504
  ],
  ""type"": ""Point""
}",-83.057867971,42.3473795040001
14960,9259025,PURITAN,HUBBELL,2015-04-30,30,4,2015,8,5,4,9,,4,0,,2,4,1,35,2,2,2,5,0,0,0,0,true,,false,false,true,false,false,,,,,,false,false,false,,,false,false,false,false,false,-83.18926,42.40905,"{
  ""coordinates"": [
    -8.318926349299990e+01,
    4.240905218900010e+01
  ],
  ""type"": ""Point""
}","{
  ""coordinates"": [
    -83.189263493,
    42.409052189
  ],
  ""type"": ""Point""
}",-83.1892634929999,42.4090521890001
14961,9264627,NB I-75,7 MILE,2015-04-30,30,4,2015,8,5,1,1,,1,1,,2,4,1,55,4,1,1,5,0,0,0,0,true,,false,false,false,false,false,,,,,,false,false,false,,,false,false,false,false,false,-83.09493,42.43972,"{
  ""coordinates"": [
    -8.309493503499991e+01,
    4.243972043700010e+01
  ],
  ""type"": ""Point""
}","{
  ""coordinates"": [
    -83.094935035,
    42.439720437
  ],
  ""type"": ""Point""
}",-83.0949350349999,42.4397204370001
14962,9250894,SB M-39,SCHOOLCRAFT,2015-04-30,30,4,2015,6,5,5,3,,1,0,,2,4,4,55,3,3,6,5,0,0,0,0,true,,false,false,false,false,false,,,,,,false,false,true,,,false,false,false,false,false,-83.2177,42.38616,"{
  ""coordinates"": [
    -8.321770384599991e+01,
    4.238615612200000e+01
  ],
  ""type"": ""Point""
}","{
  ""coordinates"": [
    -83.217703846,
    42.386156122
  ],
  ""type"": ""Point""
}",-83.2177038459999,42.386156122
14963,9249473,OUTER,LESURE,2015-04-30,30,4,2015,16,5,5,9,,2,0,,1,2,1,35,2,2,2,4,0,0,0,1,false,,false,false,false,false,false,,,,,,false,false,true,,,false,false,false,false,false,-83.18236,42.42006,"{
  ""coordinates"": [
    -8.318235945700000e+01,
    4.242006089800000e+01
  ],
  ""type"": ""Point""
}","{
  ""coordinates"": [
    -83.182359457,
    42.420060898
  ],
  ""type"": ""Point""
}",-83.182359457,42.420060898
14964,9249271,RAMP 029D,S I 75,2015-04-30,30,4,2015,2,5,1,1,,1,1,,2,4,4,55,1,1,1,4,0,0,0,1,false,,false,false,false,false,false,,,,,,false,false,false,,,false,false,false,false,false,-83.1544,42.27803,"{
  ""coordinates"": [
    -8.315440497500001e+01,
    4.227802912700000e+01
  ],
  ""type"": ""Point""
}","{
  ""coordinates"": [
    -83.154404975,
    42.278029127
  ],
  ""type"": ""Point""
}",-83.154404975,42.278029127
14965,9357704,MICHIGAN,WEIR,2015-04-30,30,4,2015,7,5,5,2,,1,0,,2,4,1,35,6,2,2,5,0,0,0,0,true,,false,false,false,false,false,,,,,,false,false,true,,,false,false,false,false,false,-83.15347,42.32865,"{
  ""coordinates"": [
    -8.315347507000000e+01,
    4.232865006500000e+01
  ],
  ""type"": ""Point""
}","{
  ""coordinates"": [
    -83.15347507,
    42.328650065
  ],
  ""type"": ""Point""
}",-83.15347507,42.328650065
14966,9255734,PINEHURST,CHALFONTE,2015-04-30,30,4,2015,16,5,97,9,,,0,,1,2,1,25,1,2,1,5,0,0,0,0,true,,false,false,false,false,false,,,,,,false,false,false,,,false,false,false,false,false,-83.16606,42.40011,"{
  ""coordinates"": [
    -8.316606330899999e+01,
    4.240011344600000e+01
  ],
  ""type"": ""Point""
}","{
  ""coordinates"": [
    -83.166063309,
    42.400113446
  ],
  ""type"": ""Point""
}",-83.166063309,42.400113446
14967,9249403,LODEWYCK,SOUTHAMPTON,2015-04-30,30,4,2015,21,5,4,9,,,0,,1,1,4,25,2,2,2,5,0,0,0,0,true,,false,false,true,false,false,,,,,,false,false,false,,,false,false,false,false,false,-82.92261,42.4129,"{
  ""coordinates"": [
    -8.292261011799999e+01,
    4.241289969000010e+01
  ],
  ""type"": ""Point""
}","{
  ""coordinates"": [
    -82.922610118,
    42.41289969
  ],
  ""type"": ""Point""
}",-82.922610118,42.4128996900001
14968,9250195,LANNETTE,HAYES,2015-04-30,30,4,2015,23,5,1,9,,,1,,1,1,4,25,2,1,7,4,0,0,0,7,false,,false,false,false,false,false,,,,,,false,false,false,,,false,false,false,false,false,-82.96526,42.41751,"{
  ""coordinates"": [
    -8.296525743500000e+01,
    4.241750861500000e+01
  ],
  ""type"": ""Point""
}","{
  ""coordinates"": [
    -82.965257435,
    42.417508615
  ],
  ""type"": ""Point""
}",-82.965257435,42.417508615
14969,9255735,GRIGGS,BUENA,2015-04-30,30,4,2015,18,5,1,9,,,0,,1,2,1,25,1,2,1,4,0,0,0,1,false,,false,false,true,false,false,,,,,,true,false,false,,,false,false,false,false,false,-83.16209,42.38308,"{
  ""coordinates"": [
    -8.316209334800000e+01,
    4.238308439200010e+01
  ],
  ""type"": ""Point""
}","{
  ""coordinates"": [
    -83.162093348,
    42.383084392
  ],
  ""type"": ""Point""
}",-83.162093348,42.3830843920001
14970,9286132,GRAND,14TH,2015-04-29,29,4,2015,6,4,5,9,,4,0,,1,1,1,35,2,2,0,5,0,0,0,0,true,,false,false,true,false,false,,,,,,false,false,false,,,false,false,false,false,false,-83.09435,42.36237,"{
  ""coordinates"": [
    -8.309434766600000e+01,
    4.236236819400010e+01
  ],
  ""type"": ""Point""
}","{
  ""coordinates"": [
    -83.094347666,
    42.362368194
  ],
  ""type"": ""Point""
}",-83.094347666,42.3623681940001
14971,9251086,CONANT,NEVADA,2015-04-29,29,4,2015,16,4,97,9,,4,0,,1,1,1,30,2,2,2,4,0,0,0,1,false,,false,false,true,false,false,,,,,,false,false,false,,,false,false,false,false,false,-83.06878,42.42607,"{
  ""coordinates"": [
    -8.306877905200000e+01,
    4.242607678400000e+01
  ],
  ""type"": ""Point""
}","{
  ""coordinates"": [
    -83.068779052,
    42.426076784
  ],
  ""type"": ""Point""
}",-83.068779052,42.426076784
14972,9251054,MACK,BEAUBIEN,2015-04-29,29,4,2015,11,4,4,9,,4,0,,1,1,1,35,3,2,5,4,0,0,0,1,false,,false,false,false,false,false,,,,,,false,false,true,,,false,false,false,false,false,-83.05233,42.3496,"{
  ""coordinates"": [
    -8.305233316499989e+01,
    4.234960140000000e+01
  ],
  ""type"": ""Point""
}","{
  ""coordinates"": [
    -83.052333165,
    42.3496014
  ],
  ""type"": ""Point""
}",-83.0523331649999,42.3496014
14973,9249386,DALZELLE,15TH,2015-04-29,29,4,2015,18,4,1,9,,,0,,1,1,1,25,1,1,1,4,0,0,0,1,false,,false,false,false,false,false,,,,,,false,false,false,,,false,false,true,false,false,-83.07679,42.32929,"{
  ""coordinates"": [
    -8.307679169799999e+01,
    4.232928930600010e+01
  ],
  ""type"": ""Point""
}","{
  ""coordinates"": [
    -83.076791698,
    42.329289306
  ],
  ""type"": ""Point""
}",-83.076791698,42.3292893060001
14974,9249401,FRENCH,HARPER,2015-04-29,29,4,2015,13,4,1,9,,4,0,,1,1,1,30,6,1,1,5,0,0,0,0,true,,false,false,false,false,false,,,,,,false,false,false,,,false,false,false,false,false,-82.99747,42.39468,"{
  ""coordinates"": [
    -8.299746608800000e+01,
    4.239468562000010e+01
  ],
  ""type"": ""Point""
}","{
  ""coordinates"": [
    -82.997466088,
    42.39468562
  ],
  ""type"": ""Point""
}",-82.997466088,42.3946856200001
14975,9379713,GARFIELD,JOHN R,2015-04-29,29,4,2015,15,4,8,9,,,0,,1,1,1,25,2,2,1,5,0,0,0,0,true,,false,false,false,false,false,,,,,,false,true,false,,,false,false,false,false,false,-83.06021,42.35456,"{
  ""coordinates"": [
    -8.306020798100000e+01,
    4.235456281100010e+01
  ],
  ""type"": ""Point""
}","{
  ""coordinates"": [
    -83.060207981,
    42.354562811
  ],
  ""type"": ""Point""
}",-83.060207981,42.3545628110001
14976,9286197,HOLDEN,GRAND,2015-04-29,29,4,2015,7,4,1,9,,4,0,,1,2,1,25,2,2,1,3,0,0,1,0,false,,false,false,true,false,false,,,,,,false,false,false,,,false,false,false,true,false,-83.09023,42.3639,"{
  ""coordinates"": [
    -8.309022840400000e+01,
    4.236390477600000e+01
  ],
  ""type"": ""Point""
}","{
  ""coordinates"": [
    -83.090228404,
    42.363904776
  ],
  ""type"": ""Point""
}",-83.090228404,42.363904776
14977,9286122,WOODWARD,ALEXANDRINE,2015-04-29,29,4,2015,18,4,5,3,,1,0,,1,1,1,35,3,2,2,5,0,0,0,0,true,,false,false,false,false,false,,,,,,false,false,true,,,false,false,false,false,false,-83.06002,42.35059,"{
  ""coordinates"": [
    -8.306001701500000e+01,
    4.235058854100000e+01
  ],
  ""type"": ""Point""
}","{
  ""coordinates"": [
    -83.060017015,
    42.350588541
  ],
  ""type"": ""Point""
}",-83.060017015,42.350588541
14978,9249270,I94,ADDISON,2015-04-29,29,4,2015,22,4,1,1,,1,0,,1,1,4,55,3,1,1,5,0,0,0,0,true,,false,false,false,false,false,,,,,,false,false,false,,,false,false,false,false,false,-83.1557,42.32913,"{
  ""coordinates"": [
    -8.315570415500000e+01,
    4.232912988400010e+01
  ],
  ""type"": ""Point""
}","{
  ""coordinates"": [
    -83.155704155,
    42.329129884
  ],
  ""type"": ""Point""
}",-83.155704155,42.3291298840001
14979,9251762,I75,CANFIELD,2015-04-29,29,4,2015,18,4,5,1,,1,0,,1,2,1,70,4,2,1,5,0,0,0,0,true,,false,false,true,false,false,,,,,,false,false,false,,,false,false,false,false,false,-83.05062,42.3554,"{
  ""coordinates"": [
    -8.305062090199991e+01,
    4.235539802300010e+01
  ],
  ""type"": ""Point""
}","{
  ""coordinates"": [
    -83.050620902,
    42.355398023
  ],
  ""type"": ""Point""
}",-83.0506209019999,42.3553980230001
14980,9251049,BRUSH,CONGRESS,2015-04-29,29,4,2015,15,4,8,9,,4,0,,1,1,1,0,2,2,2,5,0,0,0,0,true,,false,false,false,false,false,,,,,,false,false,false,,,false,false,false,false,false,-83.04198,42.33181,"{
  ""coordinates"": [
    -8.304198783200000e+01,
    4.233181101700010e+01
  ],
  ""type"": ""Point""
}","{
  ""coordinates"": [
    -83.041987832,
    42.331811017
  ],
  ""type"": ""Point""
}",-83.041987832,42.3318110170001
14981,9260671,ROBSON,TIREMAN,2015-04-29,29,4,2015,20,4,9,9,,,2,,1,1,4,25,2,2,0,5,0,0,0,0,true,,false,false,true,false,false,,,,,,false,false,false,,,false,false,false,false,false,-83.19128,42.35105,"{
  ""coordinates"": [
    -8.319128160799990e+01,
    4.235104805200010e+01
  ],
  ""type"": ""Point""
}","{
  ""coordinates"": [
    -83.191281608,
    42.351048052
  ],
  ""type"": ""Point""
}",-83.1912816079999,42.3510480520001
14982,9249448,TELEGRAPH,CLARITA,2015-04-29,29,4,2015,14,4,5,2,,1,0,,1,1,1,45,4,2,2,5,0,0,0,0,true,,false,false,false,false,false,,,,,,false,false,false,,,false,false,false,false,false,-83.27745,42.42639,"{
  ""coordinates"": [
    -8.327744796899999e+01,
    4.242639237500000e+01
  ],
  ""type"": ""Point""
}","{
  ""coordinates"": [
    -83.277447969,
    42.426392375
  ],
  ""type"": ""Point""
}",-83.277447969,42.426392375
14983,9249417,W I 94,LINWOOD,2015-04-29,29,4,2015,16,4,5,1,,1,0,,1,1,1,55,4,3,3,5,0,0,0,0,true,,false,false,false,false,false,,,,,,false,false,false,,,false,false,false,false,false,-83.09472,42.35162,"{
  ""coordinates"": [
    -8.309471773400000e+01,
    4.235161776200000e+01
  ],
  ""type"": ""Point""
}","{
  ""coordinates"": [
    -83.094717734,
    42.351617762
  ],
  ""type"": ""Point""
}",-83.094717734,42.351617762
14984,9264594,SB I-75,PLEASANT,2015-04-29,29,4,2015,10,4,5,1,,1,0,,1,1,1,70,4,2,2,5,0,0,0,0,true,,false,false,false,false,false,,,,,,false,false,false,,,false,false,false,false,false,-83.14799,42.28327,"{
  ""coordinates"": [
    -8.314799012200000e+01,
    4.228327245300010e+01
  ],
  ""type"": ""Point""
}","{
  ""coordinates"": [
    -83.147990122,
    42.283272453
  ],
  ""type"": ""Point""
}",-83.147990122,42.2832724530001
14985,9250181,MOROSS,CHESTER,2015-04-29,29,4,2015,8,4,5,9,,2,0,,1,1,1,35,3,3,3,5,0,0,0,0,true,,false,false,false,false,false,,,,,,false,false,false,,,false,false,false,false,false,-82.92355,42.42206,"{
  ""coordinates"": [
    -8.292355568900000e+01,
    4.242205902200000e+01
  ],
  ""type"": ""Point""
}","{
  ""coordinates"": [
    -82.923555689,
    42.422059022
  ],
  ""type"": ""Point""
}",-82.923555689,42.422059022
14986,9251077,VAN DYKE,VARJO,2015-04-29,29,4,2015,18,4,4,3,,1,0,,1,1,1,30,5,2,5,4,0,0,0,1,false,,false,false,false,false,false,,,,,,false,false,false,,,false,false,false,false,false,-83.02395,42.42605,"{
  ""coordinates"": [
    -8.302395073000000e+01,
    4.242605180800010e+01
  ],
  ""type"": ""Point""
}","{
  ""coordinates"": [
    -83.02395073,
    42.426051808
  ],
  ""type"": ""Point""
}",-83.02395073,42.4260518080001
14987,9255768,OHIO,EATON,2015-04-29,29,4,2015,12,4,8,9,,,0,,1,1,1,25,1,2,1,5,0,0,0,0,true,,false,false,false,false,false,,,,,,false,true,true,,,false,false,false,false,false,-83.15535,42.39801,"{
  ""coordinates"": [
    -8.315534781799990e+01,
    4.239800560800010e+01
  ],
  ""type"": ""Point""
}","{
  ""coordinates"": [
    -83.155347818,
    42.398005608
  ],
  ""type"": ""Point""
}",-83.1553478179999,42.3980056080001
14988,9251081,7 MILE,CONANT,2015-04-29,29,4,2015,18,4,4,9,,4,0,,1,1,1,30,2,2,2,5,0,0,0,0,true,,false,false,false,false,false,,,,,,false,false,false,,,false,false,false,false,false,-83.0744,42.43292,"{
  ""coordinates"": [
    -8.307440308400000e+01,
    4.243291725100000e+01
  ],
  ""type"": ""Point""
}","{
  ""coordinates"": [
    -83.074403084,
    42.432917251
  ],
  ""type"": ""Point""
}",-83.074403084,42.432917251
14989,9247743,ORLEANS,ALFRED,2015-04-29,29,4,2015,10,4,8,9,,7,0,,1,1,1,25,4,2,0,5,0,0,0,0,true,,false,false,true,false,false,,,,,,false,false,false,,,false,false,false,false,false,-83.03845,42.34914,"{
  ""coordinates"": [
    -8.303845313300000e+01,
    4.234913761400000e+01
  ],
  ""type"": ""Point""
}","{
  ""coordinates"": [
    -83.038453133,
    42.349137614
  ],
  ""type"": ""Point""
}",-83.038453133,42.349137614
14990,9252698,DAVISON,ROSAPARKS,2015-04-29,29,4,2015,21,4,5,3,,1,0,,1,1,4,35,3,2,2,5,0,0,0,0,true,,false,false,false,false,false,,,,,,false,false,false,,,false,false,false,false,false,-83.11319,42.3963,"{
  ""coordinates"": [
    -8.311318661199989e+01,
    4.239629777000000e+01
  ],
  ""type"": ""Point""
}","{
  ""coordinates"": [
    -83.113186612,
    42.39629777
  ],
  ""type"": ""Point""
}",-83.1131866119999,42.39629777
14991,9260691,GRAND RIVER,SCHAEFER,2015-04-29,29,4,2015,15,4,5,3,,1,0,,1,1,1,35,6,2,2,5,0,0,0,0,true,,false,false,false,false,false,,,,,,false,false,false,,,false,false,false,false,false,-83.17841,42.38461,"{
  ""coordinates"": [
    -8.317840440700000e+01,
    4.238461282300010e+01
  ],
  ""type"": ""Point""
}","{
  ""coordinates"": [
    -83.178404407,
    42.384612823
  ],
  ""type"": ""Point""
}",-83.178404407,42.3846128230001
14992,9249440,PICKFORD,WORMER,2015-04-29,29,4,2015,21,4,4,9,,,0,,1,1,4,25,4,2,3,2,0,1,0,0,false,,false,false,false,false,false,,,,,,false,false,false,,,false,false,false,false,false,-83.28004,42.42346,"{
  ""coordinates"": [
    -8.328004152800000e+01,
    4.242346378900000e+01
  ],
  ""type"": ""Point""
}","{
  ""coordinates"": [
    -83.280041528,
    42.423463789
  ],
  ""type"": ""Point""
}",-83.280041528,42.423463789
14993,9265036,MICHIGAN,WOODWARD,2015-04-29,29,4,2015,7,4,8,9,,4,0,,1,1,1,30,2,2,2,5,0,0,0,0,true,,false,false,false,false,false,,,,,,false,false,false,,,false,false,false,false,false,-83.047,42.33164,"{
  ""coordinates"": [
    -8.304700758000000e+01,
    4.233164056900010e+01
  ],
  ""type"": ""Point""
}","{
  ""coordinates"": [
    -83.04700758,
    42.331640569
  ],
  ""type"": ""Point""
}",-83.04700758,42.3316405690001
14994,9252699,NORTHFIELD,WOODSIDE,2015-04-29,29,4,2015,15,4,5,9,,,0,,1,1,1,25,3,2,2,5,0,0,0,0,true,,false,false,false,false,false,,,,,,false,true,true,,,false,false,false,false,false,-83.13818,42.36396,"{
  ""coordinates"": [
    -8.313818499199991e+01,
    4.236395711600010e+01
  ],
  ""type"": ""Point""
}","{
  ""coordinates"": [
    -83.138184992,
    42.363957116
  ],
  ""type"": ""Point""
}",-83.1381849919999,42.3639571160001
14995,9255767,TUXEDO,LINWOOD,2015-04-29,29,4,2015,7,4,97,9,,4,0,,1,1,1,25,2,2,24,5,0,0,0,0,true,,false,false,false,false,false,,,,,,false,false,true,,,false,true,false,false,false,-83.11609,42.38348,"{
  ""coordinates"": [
    -8.311609242999999e+01,
    4.238348414000010e+01
  ],
  ""type"": ""Point""
}","{
  ""coordinates"": [
    -83.11609243,
    42.38348414
  ],
  ""type"": ""Point""
}",-83.11609243,42.3834841400001
14996,9247080,OUTER,SOUTHAMPTON,2015-04-29,29,4,2015,1,4,5,9,,2,0,,1,1,4,30,2,4,2,5,0,0,0,0,true,,false,false,false,false,false,,,,,,false,false,false,,,false,false,false,false,false,-82.93776,42.40575,"{
  ""coordinates"": [
    -8.293776069899999e+01,
    4.240574856900000e+01
  ],
  ""type"": ""Point""
}","{
  ""coordinates"": [
    -82.937760699,
    42.405748569
  ],
  ""type"": ""Point""
}",-82.937760699,42.405748569
14997,9250185,MACK,SAINT CLAIR,2015-04-29,29,4,2015,15,4,8,9,,4,0,,1,1,1,30,5,2,2,5,0,0,0,0,true,,false,false,false,false,false,,,,,,false,true,false,,,false,false,false,false,false,-82.98658,42.3755,"{
  ""coordinates"": [
    -8.298657895600000e+01,
    4.237550095100000e+01
  ],
  ""type"": ""Point""
}","{
  ""coordinates"": [
    -82.986578956,
    42.375500951
  ],
  ""type"": ""Point""
}",-82.986578956,42.375500951
14998,9249422,7728 MANSFIELD,DIVERSEY,2015-04-29,29,4,2015,4,4,97,9,,,0,,1,1,4,25,1,2,1,5,0,0,0,0,true,,false,false,true,false,false,,,,,,false,false,false,,,false,false,false,false,false,-83.20263,42.34843,"{
  ""coordinates"": [
    -8.320262701599999e+01,
    4.234842753400010e+01
  ],
  ""type"": ""Point""
}","{
  ""coordinates"": [
    -83.202627016,
    42.348427534
  ],
  ""type"": ""Point""
}",-83.202627016,42.3484275340001
14999,9250182,WARREN,KENSINGTON,2015-04-29,29,4,2015,11,4,4,9,,4,0,,1,1,1,35,6,2,2,5,0,0,0,0,true,,false,false,true,false,false,,,,,,false,false,false,,,false,false,false,false,false,-82.93524,42.40408,"{
  ""coordinates"": [
    -8.293524541700000e+01,
    4.240408470900010e+01
  ],
  ""type"": ""Point""
}","{
  ""coordinates"": [
    -82.935245417,
    42.404084709
  ],
  ""type"": ""Point""
}",-82.935245417,42.4040847090001
15000,9263593,OUTER,SOUTHFIELD SERVICE DRIVE,2015-04-29,29,4,2015,10,4,8,9,,2,0,,1,1,1,35,3,2,2,5,0,0,0,0,true,,false,false,false,false,false,,,,,,false,false,false,,,false,false,false,false,false,-83.21976,42.41906,"{
  ""coordinates"": [
    -8.321976524300000e+01,
    4.241905445900010e+01
  ],
  ""type"": ""Point""
}","{
  ""coordinates"": [
    -83.219765243,
    42.419054459
  ],
  ""type"": ""Point""
}",-83.219765243,42.4190544590001