ObjectId,Crash ID,Primary Road,Intersecting Road,Crash Date,Day,Month,Year,Hour,Weekday,Crash Type Code,Highway Classification Code,Community Code,Jurisdiction Code,Lane Departure Type Code,Surface Type,Road Condition,Weather Condition,Lighting Condition,Speed Limit,Lanes,Units,Occupants,Most Severe Injury,Fatal Injuries,Suspected Serious Injuries,Suspected Minor Injuries,Possible Injuries,Property Damage Only,Secondary Crash,Traffic Control,Red Light Run,Hit and Run,Alcohol,Drugs,Unbelted Person,Work Zone,Speeding Driver,Distracted Driver,Driveway,Pedestrian,Elderly Driver,Young Driver,Commercial Vehicle,Emergency Vehicles,Train,School Bus,Motorcycle,Bicycle,Deer,Longitude,Latitude,geom,geog,x,y
15115,9249258,RAMP 139F,E M 8,2015-04-27,27,4,2015,6,2,6,1,,1,0,,1,2,4,55,3,2,2,5,0,0,0,0,true,,false,false,true,false,false,,,,,,false,false,false,,,false,false,false,false,false,-83.15332,42.38461,"{
  ""coordinates"": [
    -8.315332300499990e+01,
    4.238460617200010e+01
  ],
  ""type"": ""Point""
}","{
  ""coordinates"": [
    -83.153323005,
    42.384606172
  ],
  ""type"": ""Point""
}",-83.1533230049999,42.3846061720001
15116,9251080,JOSEPH CAMPAU,MCNICHOLS,2015-04-27,27,4,2015,23,2,5,9,,4,0,,1,1,4,30,3,2,7,5,0,0,0,0,true,,false,false,false,false,false,,,,,,false,false,true,,,false,false,false,false,false,-83.07263,42.41867,"{
  ""coordinates"": [
    -8.307263186800000e+01,
    4.241867403300010e+01
  ],
  ""type"": ""Point""
}","{
  ""coordinates"": [
    -83.072631868,
    42.418674033
  ],
  ""type"": ""Point""
}",-83.072631868,42.4186740330001
15117,9246274,M10,7 MILE,2015-04-26,26,4,2015,4,1,8,3,,1,0,,1,1,4,55,3,2,1,5,0,0,0,0,true,,false,false,true,false,false,,,,,,false,false,true,,,false,false,false,false,false,-83.18397,42.42807,"{
  ""coordinates"": [
    -8.318396401599990e+01,
    4.242807102100010e+01
  ],
  ""type"": ""Point""
}","{
  ""coordinates"": [
    -83.183964016,
    42.428071021
  ],
  ""type"": ""Point""
}",-83.1839640159999,42.4280710210001
15118,9246467,BEAVERLAND,SANTA MARIA,2015-04-26,26,4,2015,4,1,1,9,,,1,,1,1,4,25,2,1,1,5,0,0,0,0,true,,false,false,false,false,false,,,,,,false,false,false,,,false,false,false,false,false,-83.26657,42.41697,"{
  ""coordinates"": [
    -8.326657102199989e+01,
    4.241697194200000e+01
  ],
  ""type"": ""Point""
}","{
  ""coordinates"": [
    -83.266571022,
    42.416971942
  ],
  ""type"": ""Point""
}",-83.2665710219999,42.416971942
15119,9245668,W I 96,143C,2015-04-26,26,4,2015,1,1,5,1,,1,0,,1,1,5,55,5,2,2,5,0,0,0,0,true,,false,false,true,false,false,,,,,,false,false,false,,,false,false,false,false,false,-83.10689,42.35454,"{
  ""coordinates"": [
    -8.310689042099990e+01,
    4.235453641800010e+01
  ],
  ""type"": ""Point""
}","{
  ""coordinates"": [
    -83.106890421,
    42.354536418
  ],
  ""type"": ""Point""
}",-83.1068904209999,42.3545364180001
15120,9367002,N M 10,RAMP 215C,2015-04-26,26,4,2015,1,1,5,3,,1,0,,1,1,4,55,3,2,2,5,0,0,0,0,true,,false,false,true,false,false,,,,,,false,false,false,,,false,false,false,false,false,-83.07439,42.35564,"{
  ""coordinates"": [
    -8.307439423400000e+01,
    4.235564369200010e+01
  ],
  ""type"": ""Point""
}","{
  ""coordinates"": [
    -83.074394234,
    42.355643692
  ],
  ""type"": ""Point""
}",-83.074394234,42.3556436920001
15121,9245684,GRATIOT,FRENCH,2015-04-26,26,4,2015,14,1,8,3,,1,0,,1,1,1,35,7,2,5,5,0,0,0,0,true,,false,false,false,false,false,,,,,,false,true,false,,,false,false,false,false,false,-83.00045,42.40038,"{
  ""coordinates"": [
    -8.300045153600000e+01,
    4.240037950400010e+01
  ],
  ""type"": ""Point""
}","{
  ""coordinates"": [
    -83.000451536,
    42.400379504
  ],
  ""type"": ""Point""
}",-83.000451536,42.4003795040001
15122,9245693,LODGE SERVICE,PALLISTER,2015-04-26,26,4,2015,1,1,4,9,,4,0,,1,1,1,30,3,2,1,5,0,0,0,0,true,,false,false,false,false,false,,,,,,false,false,false,,,false,false,false,false,false,-83.08344,42.37033,"{
  ""coordinates"": [
    -8.308343378500000e+01,
    4.237032986000000e+01
  ],
  ""type"": ""Point""
}","{
  ""coordinates"": [
    -83.083433785,
    42.37032986
  ],
  ""type"": ""Point""
}",-83.083433785,42.37032986
15123,9259026,RAMP 137A,E I 96 SERVICE DRIVE,2015-04-26,26,4,2015,23,1,97,1,,1,0,,1,1,4,35,2,2,2,5,0,0,0,0,true,,false,false,true,false,false,,,,,,false,false,false,,,false,false,false,false,false,-83.17839,42.38267,"{
  ""coordinates"": [
    -8.317839280600001e+01,
    4.238266687700010e+01
  ],
  ""type"": ""Point""
}","{
  ""coordinates"": [
    -83.178392806,
    42.382666877
  ],
  ""type"": ""Point""
}",-83.178392806,42.3826668770001
15124,9245699,THEODORE,BARBARA,2015-04-26,26,4,2015,11,1,8,9,,,0,,1,1,98,25,1,2,1,5,0,0,0,0,true,,false,false,true,false,false,,,,,,false,false,false,,,false,false,false,false,false,-83.05854,42.36042,"{
  ""coordinates"": [
    -8.305854072499990e+01,
    4.236041800900010e+01
  ],
  ""type"": ""Point""
}","{
  ""coordinates"": [
    -83.058540725,
    42.360418009
  ],
  ""type"": ""Point""
}",-83.0585407249999,42.3604180090001
15125,9354324,GRATIOT,SAINT AUBIN,2015-04-26,26,4,2015,3,1,1,3,,1,0,,1,1,4,35,6,2,2,1,1,0,0,0,false,,false,false,true,true,true,,,,,,false,false,false,,,false,false,false,true,false,-83.03416,42.34946,"{
  ""coordinates"": [
    -8.303416794400000e+01,
    4.234945639700000e+01
  ],
  ""type"": ""Point""
}","{
  ""coordinates"": [
    -83.034167944,
    42.349456397
  ],
  ""type"": ""Point""
}",-83.034167944,42.349456397
15126,9245688,HUBBELL,CURTIS,2015-04-26,26,4,2015,8,1,7,9,,4,0,,1,1,1,30,1,2,2,5,0,0,0,0,true,,false,false,true,false,false,,,,,,false,false,true,,,false,false,false,false,false,-83.18974,42.42359,"{
  ""coordinates"": [
    -8.318973198399991e+01,
    4.242358715800000e+01
  ],
  ""type"": ""Point""
}","{
  ""coordinates"": [
    -83.189731984,
    42.423587158
  ],
  ""type"": ""Point""
}",-83.1897319839999,42.423587158
15127,9245691,SCHAEFER,MARGARETA,2015-04-26,26,4,2015,14,1,4,9,,4,0,,1,1,1,30,2,2,2,4,0,0,0,1,false,,true,false,true,false,false,,,,,,false,false,false,,,false,false,false,false,false,-83.18031,42.42751,"{
  ""coordinates"": [
    -8.318031430199990e+01,
    4.242751282400010e+01
  ],
  ""type"": ""Point""
}","{
  ""coordinates"": [
    -83.180314302,
    42.427512824
  ],
  ""type"": ""Point""
}",-83.1803143019999,42.4275128240001
15128,9245672,WARREN,ASHTON,2015-04-26,26,4,2015,19,1,97,9,,2,0,,1,1,3,35,4,2,3,5,0,0,0,0,true,,false,false,false,false,false,,,,,,false,false,true,,,false,false,false,false,false,-83.21706,42.34336,"{
  ""coordinates"": [
    -8.321706161500001e+01,
    4.234335830300010e+01
  ],
  ""type"": ""Point""
}","{
  ""coordinates"": [
    -83.217061615,
    42.343358303
  ],
  ""type"": ""Point""
}",-83.217061615,42.3433583030001
15129,9246290,109A,E M 8,2015-04-26,26,4,2015,6,1,1,3,,1,1,,1,1,5,55,1,1,2,5,0,0,0,0,true,,false,false,false,false,false,,,,,,false,false,false,,,false,false,false,false,false,-83.10979,42.39814,"{
  ""coordinates"": [
    -8.310978473199999e+01,
    4.239813647000010e+01
  ],
  ""type"": ""Point""
}","{
  ""coordinates"": [
    -83.109784732,
    42.39813647
  ],
  ""type"": ""Point""
}",-83.109784732,42.3981364700001
15130,9246440,MCDOUGALL,MACK,2015-04-26,26,4,2015,20,1,4,9,,4,0,,1,1,1,35,2,2,3,5,0,0,0,0,true,,true,true,false,false,false,,,,,,false,false,true,,,false,false,false,false,false,-83.02978,42.35833,"{
  ""coordinates"": [
    -8.302977767300000e+01,
    4.235832782600000e+01
  ],
  ""type"": ""Point""
}","{
  ""coordinates"": [
    -83.029777673,
    42.358327826
  ],
  ""type"": ""Point""
}",-83.029777673,42.358327826
15131,9249461,FRANKFORT,BALFOUR,2015-04-26,26,4,2015,3,1,1,9,,,0,,1,1,4,25,1,1,4,1,3,0,0,1,false,,false,false,false,true,true,,,,,,false,false,false,,,false,false,false,false,false,-82.94779,42.40157,"{
  ""coordinates"": [
    -8.294779136900000e+01,
    4.240157085600000e+01
  ],
  ""type"": ""Point""
}","{
  ""coordinates"": [
    -82.947791369,
    42.401570856
  ],
  ""type"": ""Point""
}",-82.947791369,42.401570856
15132,9322368,EPWORTH,LINSDALE,2015-04-26,26,4,2015,17,1,1,9,,4,1,,1,2,1,30,1,1,1,3,0,0,1,0,false,,false,false,false,false,false,,,,,,false,false,false,,,false,false,false,false,false,-83.13372,42.35748,"{
  ""coordinates"": [
    -8.313371927000000e+01,
    4.235747755700000e+01
  ],
  ""type"": ""Point""
}","{
  ""coordinates"": [
    -83.13371927,
    42.357477557
  ],
  ""type"": ""Point""
}",-83.13371927,42.357477557
15133,9246479,RAMP 136A,RAMP 136B,2015-04-26,26,4,2015,1,1,4,1,,1,0,,1,1,4,35,2,2,3,5,0,0,0,0,true,,false,false,true,false,false,,,,,,false,false,true,,,false,false,false,false,false,-83.19802,42.37857,"{
  ""coordinates"": [
    -8.319801814200000e+01,
    4.237857013400000e+01
  ],
  ""type"": ""Point""
}","{
  ""coordinates"": [
    -83.198018142,
    42.378570134
  ],
  ""type"": ""Point""
}",-83.198018142,42.378570134
15134,9327654,ROBSON,MAGARETA,2015-04-26,26,4,2015,20,1,6,9,,,0,,1,1,3,25,2,3,2,5,0,0,0,0,true,,false,false,false,false,false,,,,,,false,false,false,,,false,false,false,false,false,-83.19366,42.42698,"{
  ""coordinates"": [
    -8.319365956300000e+01,
    4.242697910600000e+01
  ],
  ""type"": ""Point""
}","{
  ""coordinates"": [
    -83.193659563,
    42.426979106
  ],
  ""type"": ""Point""
}",-83.193659563,42.426979106
15135,9260677,PREST,CASTLETON,2015-04-26,26,4,2015,18,1,4,9,,,0,,1,1,1,35,3,2,2,5,0,0,0,0,true,,false,false,false,false,false,,,,,,false,false,true,,,false,false,false,false,false,-83.19659,42.37626,"{
  ""coordinates"": [
    -8.319658582800000e+01,
    4.237626129500010e+01
  ],
  ""type"": ""Point""
}","{
  ""coordinates"": [
    -83.196585828,
    42.376261295
  ],
  ""type"": ""Point""
}",-83.196585828,42.3762612950001
15136,9246397,HOLBROOK,WOODWARD,2015-04-26,26,4,2015,6,1,1,3,,4,0,,1,1,1,25,2,1,0,5,0,0,0,0,true,,false,false,true,false,false,,,,,,false,false,false,,,false,false,false,false,false,-83.08058,42.38111,"{
  ""coordinates"": [
    -8.308058404699990e+01,
    4.238111160800000e+01
  ],
  ""type"": ""Point""
}","{
  ""coordinates"": [
    -83.080584047,
    42.381111608
  ],
  ""type"": ""Point""
}",-83.0805840469999,42.381111608
15137,9245613,I94,BRUSH,2015-04-26,26,4,2015,21,1,5,1,,1,0,,1,2,5,55,3,2,2,5,0,0,0,0,true,,false,false,true,false,false,,,,,,false,false,false,,,false,false,false,false,false,-83.06288,42.3664,"{
  ""coordinates"": [
    -8.306287922900000e+01,
    4.236639845000010e+01
  ],
  ""type"": ""Point""
}","{
  ""coordinates"": [
    -83.062879229,
    42.36639845
  ],
  ""type"": ""Point""
}",-83.062879229,42.3663984500001
15138,9252704,SCHOOLCRAFT,WARD,2015-04-26,26,4,2015,13,1,8,9,,4,0,,97,98,98,35,2,2,2,5,0,0,0,0,true,,false,false,false,false,false,,,,,,false,false,true,,,false,false,false,false,false,-83.17313,42.38814,"{
  ""coordinates"": [
    -8.317312367999990e+01,
    4.238813839300010e+01
  ],
  ""type"": ""Point""
}","{
  ""coordinates"": [
    -83.17312368,
    42.388138393
  ],
  ""type"": ""Point""
}",-83.1731236799999,42.3881383930001
15139,9246431,WADSWORTH,PREST,2015-04-26,26,4,2015,18,1,4,9,,,0,,1,1,4,25,1,2,2,5,0,0,0,0,true,,false,false,false,false,false,,,,,,false,false,true,,,false,false,false,false,false,-83.19653,42.37477,"{
  ""coordinates"": [
    -8.319652524299990e+01,
    4.237477171700000e+01
  ],
  ""type"": ""Point""
}","{
  ""coordinates"": [
    -83.196525243,
    42.374771717
  ],
  ""type"": ""Point""
}",-83.1965252429999,42.374771717
15140,9260686,SCHOOLCRAFT,SOUTHFIELD,2015-04-26,26,4,2015,21,1,1,9,,2,0,,1,1,4,30,4,2,1,4,0,0,0,1,false,,false,false,true,false,false,,,,,,true,false,false,,,false,false,false,false,false,-83.21719,42.38671,"{
  ""coordinates"": [
    -8.321718766899990e+01,
    4.238671461900000e+01
  ],
  ""type"": ""Point""
}","{
  ""coordinates"": [
    -83.217187669,
    42.386714619
  ],
  ""type"": ""Point""
}",-83.2171876689999,42.386714619
15141,9257942,CADILLAC,WARREN,2015-04-26,26,4,2015,2,1,97,9,,4,0,,1,1,4,25,2,2,1,5,0,0,0,0,true,,false,false,true,false,false,,,,,,false,false,false,,,false,false,false,false,false,-82.99681,42.38235,"{
  ""coordinates"": [
    -8.299680717699989e+01,
    4.238235657700010e+01
  ],
  ""type"": ""Point""
}","{
  ""coordinates"": [
    -82.996807177,
    42.382356577
  ],
  ""type"": ""Point""
}",-82.9968071769999,42.3823565770001
15142,9246420,CASS,PALMER,2015-04-26,26,4,2015,19,1,97,9,,4,0,,97,98,98,0,8,2,0,5,0,0,0,0,true,,false,false,true,false,false,,,,,,false,false,false,,,false,false,false,false,false,-83.06987,42.36163,"{
  ""coordinates"": [
    -8.306987319699989e+01,
    4.236163352700000e+01
  ],
  ""type"": ""Point""
}","{
  ""coordinates"": [
    -83.069873197,
    42.361633527
  ],
  ""type"": ""Point""
}",-83.0698731969999,42.361633527
15143,9416002,LARNED,BRUSH,2015-04-26,26,4,2015,0,1,8,9,,4,0,,1,1,2,25,2,2,9,5,0,0,0,0,true,,false,false,true,false,false,,,,,,false,false,false,,,false,false,false,false,false,-83.04194,42.33187,"{
  ""coordinates"": [
    -8.304193512700000e+01,
    4.233186650000000e+01
  ],
  ""type"": ""Point""
}","{
  ""coordinates"": [
    -83.041935127,
    42.3318665
  ],
  ""type"": ""Point""
}",-83.041935127,42.3318665
15144,9245689,PURITAN,APPOLINE,2015-04-26,26,4,2015,1,1,8,9,,4,0,,1,1,4,30,2,2,2,4,0,0,0,1,false,,false,false,false,false,false,,,,,,false,false,false,,,false,false,false,false,false,-83.17088,42.40952,"{
  ""coordinates"": [
    -8.317087366500000e+01,
    4.240951367500000e+01
  ],
  ""type"": ""Point""
}","{
  ""coordinates"": [
    -83.170873665,
    42.409513675
  ],
  ""type"": ""Point""
}",-83.170873665,42.409513675
15145,9246473,SEVEN MILE,PLAINVIEW,2015-04-26,26,4,2015,19,1,4,9,,2,0,,1,1,1,30,2,2,4,4,0,0,0,1,false,,false,false,false,false,false,,,,,,false,false,true,,,false,false,true,false,false,-83.23775,42.4296,"{
  ""coordinates"": [
    -8.323775661600000e+01,
    4.242959978200000e+01
  ],
  ""type"": ""Point""
}","{
  ""coordinates"": [
    -83.237756616,
    42.429599782
  ],
  ""type"": ""Point""
}",-83.237756616,42.429599782
15146,9259054,SCHAEFER,PURITAN,2015-04-26,26,4,2015,11,1,5,9,,4,0,,1,1,1,30,6,2,2,5,0,0,0,0,true,,false,false,false,false,false,,,,,,false,true,false,,,false,false,false,false,false,-83.17946,42.40936,"{
  ""coordinates"": [
    -8.317945777900000e+01,
    4.240935921300010e+01
  ],
  ""type"": ""Point""
}","{
  ""coordinates"": [
    -83.179457779,
    42.409359213
  ],
  ""type"": ""Point""
}",-83.179457779,42.4093592130001
15147,9245624,RAMP 109B,S M 10,2015-04-26,26,4,2015,11,1,1,3,,1,1,,1,1,1,55,1,1,1,4,0,0,0,1,false,,false,false,false,false,false,,,,,,false,false,true,,,false,false,false,false,false,-83.10833,42.396,"{
  ""coordinates"": [
    -8.310832803100000e+01,
    4.239600440600000e+01
  ],
  ""type"": ""Point""
}","{
  ""coordinates"": [
    -83.108328031,
    42.396004406
  ],
  ""type"": ""Point""
}",-83.108328031,42.396004406
15148,9249385,CENTRAL,CONSOLIDATED RAIL CORPORATION,2015-04-26,26,4,2015,3,1,1,9,,4,1,,1,1,4,30,2,1,0,5,0,0,0,0,true,,false,false,false,false,false,,,,,,false,false,false,,,false,false,false,false,false,-83.12907,42.31921,"{
  ""coordinates"": [
    -8.312906747400000e+01,
    4.231920906200000e+01
  ],
  ""type"": ""Point""
}","{
  ""coordinates"": [
    -83.129067474,
    42.319209062
  ],
  ""type"": ""Point""
}",-83.129067474,42.319209062
15149,9245694,PURITAN,STEEL,2015-04-26,26,4,2015,3,1,4,9,,4,0,,1,1,4,30,4,2,3,4,0,0,0,2,false,,false,false,false,true,false,,,,,,false,false,false,,,false,false,false,false,false,-83.17195,42.40949,"{
  ""coordinates"": [
    -8.317195259300000e+01,
    4.240949395500010e+01
  ],
  ""type"": ""Point""
}","{
  ""coordinates"": [
    -83.171952593,
    42.409493955
  ],
  ""type"": ""Point""
}",-83.171952593,42.4094939550001
15150,9249389,JUNCTION,LAFAYETTE,2015-04-26,26,4,2015,18,1,1,9,,4,1,,1,1,1,35,2,1,1,5,0,0,0,0,true,,false,false,false,false,false,,,,,,false,true,false,,,false,false,false,false,false,-83.09734,42.31159,"{
  ""coordinates"": [
    -8.309734549200000e+01,
    4.231158996900010e+01
  ],
  ""type"": ""Point""
}","{
  ""coordinates"": [
    -83.097345492,
    42.311589969
  ],
  ""type"": ""Point""
}",-83.097345492,42.3115899690001
15151,9249437,MT ELLIOTT,MACK,2015-04-26,26,4,2015,2,1,4,9,,4,0,,1,1,4,30,4,2,4,5,0,0,0,0,true,,true,true,true,false,false,,,,,,false,false,false,,,false,false,false,false,false,-83.02156,42.36123,"{
  ""coordinates"": [
    -8.302156197900000e+01,
    4.236122654100010e+01
  ],
  ""type"": ""Point""
}","{
  ""coordinates"": [
    -83.021561979,
    42.361226541
  ],
  ""type"": ""Point""
}",-83.021561979,42.3612265410001
15152,9251879,MOROSS,CHESTER,2015-04-26,26,4,2015,13,1,8,9,,2,0,,1,1,1,35,2,2,2,5,0,0,0,0,true,,false,false,false,false,false,,,,,,false,true,false,,,false,false,false,false,false,-82.92335,42.42198,"{
  ""coordinates"": [
    -8.292334948000000e+01,
    4.242197624200000e+01
  ],
  ""type"": ""Point""
}","{
  ""coordinates"": [
    -82.92334948,
    42.421976242
  ],
  ""type"": ""Point""
}",-82.92334948,42.421976242
15153,9249397,OTIS,CLIPPERT,2015-04-26,26,4,2015,5,1,4,9,,,0,,1,1,5,25,2,2,1,4,0,0,0,1,false,,true,false,true,false,false,,,,,,false,false,false,,,false,false,false,false,false,-83.12052,42.32458,"{
  ""coordinates"": [
    -8.312051857099991e+01,
    4.232457863800000e+01
  ],
  ""type"": ""Point""
}","{
  ""coordinates"": [
    -83.120518571,
    42.324578638
  ],
  ""type"": ""Point""
}",-83.1205185709999,42.324578638
15154,9264619,RAMP 109F,W M 8,2015-04-26,26,4,2015,16,1,1,3,,1,1,,1,2,1,55,1,1,6,5,0,0,0,0,true,,false,false,true,false,false,,,,,,false,false,false,,,false,false,false,false,false,-83.10969,42.39891,"{
  ""coordinates"": [
    -8.310968587600000e+01,
    4.239891501600000e+01
  ],
  ""type"": ""Point""
}","{
  ""coordinates"": [
    -83.109685876,
    42.398915016
  ],
  ""type"": ""Point""
}",-83.109685876,42.398915016
15155,9259021,LAUDER,FLORENCE,2015-04-26,26,4,2015,11,1,97,9,,,0,,1,1,1,25,2,2,2,5,0,0,0,0,true,,false,false,false,false,false,,,,,,false,true,false,,,false,false,false,false,false,-83.19181,42.41135,"{
  ""coordinates"": [
    -8.319180885500000e+01,
    4.241135561400010e+01
  ],
  ""type"": ""Point""
}","{
  ""coordinates"": [
    -83.191808855,
    42.411355614
  ],
  ""type"": ""Point""
}",-83.191808855,42.4113556140001
15156,9245685,VAN DYKE,HARPER,2015-04-26,26,4,2015,17,1,3,3,,1,0,,1,1,1,35,6,2,1,5,0,0,0,0,true,,false,false,true,false,false,,,,,,false,false,true,,,false,false,false,false,false,-83.02142,42.38802,"{
  ""coordinates"": [
    -8.302142199300000e+01,
    4.238801939300000e+01
  ],
  ""type"": ""Point""
}","{
  ""coordinates"": [
    -83.021421993,
    42.388019393
  ],
  ""type"": ""Point""
}",-83.021421993,42.388019393
15157,9249423,HEYDEN,CONSTANCE,2015-04-26,26,4,2015,9,1,4,9,,,0,,1,1,1,25,4,2,4,5,0,0,0,0,true,,false,false,true,false,false,,,,,,false,false,false,,,false,false,false,false,false,-83.23824,42.3539,"{
  ""coordinates"": [
    -8.323824149399999e+01,
    4.235390465100010e+01
  ],
  ""type"": ""Point""
}","{
  ""coordinates"": [
    -83.238241494,
    42.353904651
  ],
  ""type"": ""Point""
}",-83.238241494,42.3539046510001
15158,9247084,HOOVER,GUNSTON,2015-04-26,26,4,2015,22,1,97,3,,4,0,,1,1,4,30,2,3,2,5,0,0,0,0,true,,true,false,true,false,false,,,,,,false,false,false,,,false,false,false,false,false,-83.00484,42.44611,"{
  ""coordinates"": [
    -8.300483910400000e+01,
    4.244611272600010e+01
  ],
  ""type"": ""Point""
}","{
  ""coordinates"": [
    -83.004839104,
    42.446112726
  ],
  ""type"": ""Point""
}",-83.004839104,42.4461127260001
15159,9265066,GREENFIELD,CHICAGO,2015-04-26,26,4,2015,21,1,8,9,,2,0,,1,1,4,35,2,2,1,5,0,0,0,0,true,,false,false,true,false,false,,,,,,false,false,false,,,false,false,false,false,false,-83.19728,42.36552,"{
  ""coordinates"": [
    -8.319727710900000e+01,
    4.236552299900010e+01
  ],
  ""type"": ""Point""
}","{
  ""coordinates"": [
    -83.197277109,
    42.365522999
  ],
  ""type"": ""Point""
}",-83.197277109,42.3655229990001
15160,9249384,WATERMAN,ARMY,2015-04-26,26,4,2015,7,1,97,9,,4,0,,97,98,98,25,4,2,0,5,0,0,0,0,true,,false,false,true,false,false,,,,,,false,false,false,,,false,false,false,false,false,-83.11088,42.30799,"{
  ""coordinates"": [
    -8.311087556299999e+01,
    4.230799014300000e+01
  ],
  ""type"": ""Point""
}","{
  ""coordinates"": [
    -83.110875563,
    42.307990143
  ],
  ""type"": ""Point""
}",-83.110875563,42.307990143
15161,9246266,N M 39,RAMP 008C,2015-04-26,26,4,2015,7,1,1,3,,1,1,,1,1,1,55,3,1,1,5,0,0,0,0,true,,false,false,false,false,false,,,,,,false,false,false,,,false,false,false,false,false,-83.21689,42.37852,"{
  ""coordinates"": [
    -8.321688936200000e+01,
    4.237852559900010e+01
  ],
  ""type"": ""Point""
}","{
  ""coordinates"": [
    -83.216889362,
    42.378525599
  ],
  ""type"": ""Point""
}",-83.216889362,42.3785255990001
15162,9245670,HAVERHILL,MUNICH,2015-04-26,26,4,2015,17,1,97,9,,,0,,1,1,1,25,2,2,1,5,0,0,0,0,true,,false,false,true,false,false,,,,,,false,false,true,,,false,false,false,false,false,-82.9407,42.398,"{
  ""coordinates"": [
    -8.294070619599999e+01,
    4.239800317200010e+01
  ],
  ""type"": ""Point""
}","{
  ""coordinates"": [
    -82.940706196,
    42.398003172
  ],
  ""type"": ""Point""
}",-82.940706196,42.3980031720001
15163,9257916,CHENE,LAFAYETTE,2015-04-26,26,4,2015,10,1,1,9,,4,0,,1,1,3,35,4,1,4,5,0,0,0,0,true,,false,false,false,false,false,,,,,,false,false,false,,,false,false,false,false,false,-83.02477,42.34148,"{
  ""coordinates"": [
    -8.302477179600000e+01,
    4.234148253200000e+01
  ],
  ""type"": ""Point""
}","{
  ""coordinates"": [
    -83.024771796,
    42.341482532
  ],
  ""type"": ""Point""
}",-83.024771796,42.341482532
15164,9251904,7 MILE,WHITCOMB,2015-04-26,26,4,2015,2,1,5,9,,2,0,,1,1,4,35,4,2,1,5,0,0,0,0,true,,false,false,true,false,false,,,,,,false,false,false,,,false,false,false,false,false,-83.19746,42.43048,"{
  ""coordinates"": [
    -8.319745386400000e+01,
    4.243047868100010e+01
  ],
  ""type"": ""Point""
}","{
  ""coordinates"": [
    -83.197453864,
    42.430478681
  ],
  ""type"": ""Point""
}",-83.197453864,42.4304786810001
15165,9245687,MCNICHOL,FAIRPORT,2015-04-26,26,4,2015,13,1,8,9,,4,0,,1,1,1,25,2,2,1,5,0,0,0,0,true,,false,false,true,false,false,,,,,,false,false,true,,,false,false,false,false,false,-82.991,42.4246,"{
  ""coordinates"": [
    -8.299100621100000e+01,
    4.242460014700000e+01
  ],
  ""type"": ""Point""
}","{
  ""coordinates"": [
    -82.991006211,
    42.424600147
  ],
  ""type"": ""Point""
}",-82.991006211,42.424600147
15166,9246411,JOHN R,FERRY,2015-04-25,25,4,2015,10,7,4,9,,4,0,,1,1,1,35,3,2,2,5,0,0,0,0,true,,false,false,false,false,false,,,,,,false,false,false,,,false,false,false,false,false,-83.06497,42.36193,"{
  ""coordinates"": [
    -8.306497429500000e+01,
    4.236193081300010e+01
  ],
  ""type"": ""Point""
}","{
  ""coordinates"": [
    -83.064974295,
    42.361930813
  ],
  ""type"": ""Point""
}",-83.064974295,42.3619308130001
15167,9246270,I94,M10,2015-04-25,25,4,2015,10,7,5,1,,1,0,,1,2,1,55,3,2,3,5,0,0,0,0,true,,false,false,false,false,false,,,,,,false,false,true,,,false,false,false,false,false,-83.089,42.35328,"{
  ""coordinates"": [
    -8.308900828899991e+01,
    4.235327600300010e+01
  ],
  ""type"": ""Point""
}","{
  ""coordinates"": [
    -83.089008289,
    42.353276003
  ],
  ""type"": ""Point""
}",-83.0890082889999,42.3532760030001
15168,9245030,ARCHDALE,WHITLOCK,2015-04-25,25,4,2015,9,7,4,9,,,0,,1,2,1,25,1,2,1,5,0,0,0,0,true,,false,false,true,false,false,,,,,,false,false,false,,,false,false,false,false,false,-83.21455,42.33909,"{
  ""coordinates"": [
    -8.321454339800000e+01,
    4.233908856000010e+01
  ],
  ""type"": ""Point""
}","{
  ""coordinates"": [
    -83.214543398,
    42.33908856
  ],
  ""type"": ""Point""
}",-83.214543398,42.3390885600001
15169,9259007,OHIO,INTERVALE,2015-04-25,25,4,2015,1,7,97,9,,,0,,1,1,4,25,3,2,0,5,0,0,0,0,true,,false,false,true,false,false,,,,,,false,false,false,,,false,false,false,false,false,-83.1552,42.39174,"{
  ""coordinates"": [
    -8.315519334899990e+01,
    4.239173977700010e+01
  ],
  ""type"": ""Point""
}","{
  ""coordinates"": [
    -83.155193349,
    42.391739777
  ],
  ""type"": ""Point""
}",-83.1551933489999,42.3917397770001
15170,9245056,7 MILE,STRATHCONA,2015-04-25,25,4,2015,9,7,1,9,,2,1,,1,2,1,30,4,1,1,3,0,0,1,0,false,,false,false,false,false,false,,,,,,false,false,false,,,false,false,false,false,false,-83.13,42.43179,"{
  ""coordinates"": [
    -8.313000235500000e+01,
    4.243178833000010e+01
  ],
  ""type"": ""Point""
}","{
  ""coordinates"": [
    -83.130002355,
    42.43178833
  ],
  ""type"": ""Point""
}",-83.130002355,42.4317883300001
15171,9251043,BATES,FARMER,2015-04-25,25,4,2015,17,7,8,9,,4,0,,1,1,1,0,2,2,1,5,0,0,0,0,true,,false,false,true,false,false,,,,,,false,false,false,,,false,false,false,false,false,-83.04462,42.33251,"{
  ""coordinates"": [
    -8.304461767899990e+01,
    4.233250785400000e+01
  ],
  ""type"": ""Point""
}","{
  ""coordinates"": [
    -83.044617679,
    42.332507854
  ],
  ""type"": ""Point""
}",-83.0446176789999,42.332507854