ObjectId,Crash ID,Primary Road,Intersecting Road,Crash Date,Day,Month,Year,Hour,Weekday,Crash Type Code,Highway Classification Code,Community Code,Jurisdiction Code,Lane Departure Type Code,Surface Type,Road Condition,Weather Condition,Lighting Condition,Speed Limit,Lanes,Units,Occupants,Most Severe Injury,Fatal Injuries,Suspected Serious Injuries,Suspected Minor Injuries,Possible Injuries,Property Damage Only,Secondary Crash,Traffic Control,Red Light Run,Hit and Run,Alcohol,Drugs,Unbelted Person,Work Zone,Speeding Driver,Distracted Driver,Driveway,Pedestrian,Elderly Driver,Young Driver,Commercial Vehicle,Emergency Vehicles,Train,School Bus,Motorcycle,Bicycle,Deer,Longitude,Latitude,geom,geog,x,y
15172,9246446,7 MILE,RIOPELLE,2015-04-25,25,4,2015,16,7,8,9,,4,0,,1,1,1,30,2,2,2,4,0,0,0,2,false,,false,false,false,false,false,,,,,,false,false,true,,,false,false,false,false,false,-83.08659,42.43277,"{
  ""coordinates"": [
    -8.308658383300001e+01,
    4.243277447700010e+01
  ],
  ""type"": ""Point""
}","{
  ""coordinates"": [
    -83.086583833,
    42.432774477
  ],
  ""type"": ""Point""
}",-83.086583833,42.4327744770001
15173,9257059,PLYMOUTH,GLASTONBURY,2015-04-25,25,4,2015,23,7,5,9,,4,0,,1,1,5,35,4,2,3,2,0,2,0,0,false,,false,false,true,false,false,,,,,,false,false,false,,,false,false,false,false,false,-83.22411,42.37212,"{
  ""coordinates"": [
    -8.322410266900000e+01,
    4.237211958000010e+01
  ],
  ""type"": ""Point""
}","{
  ""coordinates"": [
    -83.224102669,
    42.37211958
  ],
  ""type"": ""Point""
}",-83.224102669,42.3721195800001
15174,9245045,CONNER,OUTER,2015-04-25,25,4,2015,19,7,5,9,,4,0,,1,1,1,30,3,2,2,4,0,0,0,1,false,,false,false,true,false,false,,,,,,false,false,false,,,false,false,false,false,false,-82.99904,42.40611,"{
  ""coordinates"": [
    -8.299904131600000e+01,
    4.240610528300000e+01
  ],
  ""type"": ""Point""
}","{
  ""coordinates"": [
    -82.999041316,
    42.406105283
  ],
  ""type"": ""Point""
}",-82.999041316,42.406105283
15175,9247081,JEFFERSON,GRAND,2015-04-25,25,4,2015,10,7,1,9,,4,0,,1,1,1,35,2,1,1,5,0,0,0,0,true,,false,false,false,false,false,,,,,,false,false,false,,,false,false,false,false,false,-83.00209,42.34715,"{
  ""coordinates"": [
    -8.300208719200000e+01,
    4.234714956200000e+01
  ],
  ""type"": ""Point""
}","{
  ""coordinates"": [
    -83.002087192,
    42.347149562
  ],
  ""type"": ""Point""
}",-83.002087192,42.347149562
15176,9267460,FAIRMOUNT,SHAKESPEARE,2015-04-25,25,4,2015,18,7,9,9,,,0,,1,1,1,25,1,2,2,3,0,0,1,2,false,,false,false,false,false,false,,,,,,false,false,false,,,false,false,false,false,false,-82.94865,42.44481,"{
  ""coordinates"": [
    -8.294865454700000e+01,
    4.244480990800000e+01
  ],
  ""type"": ""Point""
}","{
  ""coordinates"": [
    -82.948654547,
    42.444809908
  ],
  ""type"": ""Point""
}",-82.948654547,42.444809908
15177,9245057,7 MILE,SNOWDEN,2015-04-25,25,4,2015,21,7,4,9,,2,0,,1,1,4,25,2,2,3,5,0,0,0,0,true,,false,false,true,false,false,,,,,,false,false,false,,,false,false,false,false,false,-83.17832,42.43113,"{
  ""coordinates"": [
    -8.317832191299991e+01,
    4.243112781600010e+01
  ],
  ""type"": ""Point""
}","{
  ""coordinates"": [
    -83.178321913,
    42.431127816
  ],
  ""type"": ""Point""
}",-83.1783219129999,42.4311278160001
15178,9246396,BRUSH,OWENS,2015-04-25,25,4,2015,15,7,4,9,,4,0,,1,1,1,35,2,2,2,5,0,0,0,0,true,,false,false,false,false,false,,,,,,false,true,false,,,false,false,false,false,false,-83.07571,42.38499,"{
  ""coordinates"": [
    -8.307570568100000e+01,
    4.238499082600000e+01
  ],
  ""type"": ""Point""
}","{
  ""coordinates"": [
    -83.075705681,
    42.384990826
  ],
  ""type"": ""Point""
}",-83.075705681,42.384990826
15179,9251908,WYMOING,MARYGOVE,2015-04-25,25,4,2015,11,7,1,9,,4,0,,1,1,4,35,2,1,0,5,0,0,0,0,true,,false,false,false,false,false,,,,,,false,false,false,,,false,false,false,false,false,-83.16018,42.41383,"{
  ""coordinates"": [
    -8.316017754200000e+01,
    4.241382481200000e+01
  ],
  ""type"": ""Point""
}","{
  ""coordinates"": [
    -83.160177542,
    42.413824812
  ],
  ""type"": ""Point""
}",-83.160177542,42.413824812
15180,9245064,MCNICHOLS,JAMES COUZENS,2015-04-25,25,4,2015,1,7,6,9,,2,0,,1,1,4,35,2,2,3,4,0,0,0,1,false,,false,false,true,false,false,,,,,,false,false,true,,,false,false,false,false,false,-83.17169,42.41664,"{
  ""coordinates"": [
    -8.317168901600000e+01,
    4.241664157000000e+01
  ],
  ""type"": ""Point""
}","{
  ""coordinates"": [
    -83.171689016,
    42.41664157
  ],
  ""type"": ""Point""
}",-83.171689016,42.41664157
15181,9245692,SCHAEFER,FENKELL,2015-04-25,25,4,2015,0,7,4,9,,4,0,,1,1,4,30,5,3,2,4,0,0,0,2,false,,false,false,false,false,false,,,,,,false,false,false,,,false,false,false,false,false,-83.17911,42.40186,"{
  ""coordinates"": [
    -8.317911138400000e+01,
    4.240186087600010e+01
  ],
  ""type"": ""Point""
}","{
  ""coordinates"": [
    -83.179111384,
    42.401860876
  ],
  ""type"": ""Point""
}",-83.179111384,42.4018608760001
15182,9245047,GRATIOT,WHITHORN,2015-04-25,25,4,2015,12,7,8,3,,1,0,,1,1,1,35,7,2,3,5,0,0,0,0,true,,false,false,false,false,false,,,,,,false,false,true,,,false,false,false,false,false,-82.99017,42.4161,"{
  ""coordinates"": [
    -8.299016673300000e+01,
    4.241609868700000e+01
  ],
  ""type"": ""Point""
}","{
  ""coordinates"": [
    -82.990166733,
    42.416098687
  ],
  ""type"": ""Point""
}",-82.990166733,42.416098687
15183,9245598,S I 75,FERRY,2015-04-25,25,4,2015,1,7,97,1,,1,0,,1,1,4,55,3,2,3,5,0,0,0,0,true,,false,false,true,false,false,,,,,,false,false,false,,,false,false,false,false,false,-83.05653,42.36494,"{
  ""coordinates"": [
    -8.305652931700000e+01,
    4.236493694800000e+01
  ],
  ""type"": ""Point""
}","{
  ""coordinates"": [
    -83.056529317,
    42.364936948
  ],
  ""type"": ""Point""
}",-83.056529317,42.364936948
15184,9245027,VERNOR,MONTCLAIR,2015-04-25,25,4,2015,16,7,4,9,,4,0,,1,1,1,30,3,3,2,3,0,0,1,0,false,,false,false,false,false,false,,,,,,false,false,false,,,false,false,false,false,false,-82.9791,42.36961,"{
  ""coordinates"": [
    -8.297909687200000e+01,
    4.236960494000000e+01
  ],
  ""type"": ""Point""
}","{
  ""coordinates"": [
    -82.979096872,
    42.36960494
  ],
  ""type"": ""Point""
}",-82.979096872,42.36960494
15185,9245055,SCHEAFER,PURITAN,2015-04-25,25,4,2015,21,7,5,9,,4,0,,1,1,3,35,4,2,1,5,0,0,0,0,true,,false,false,false,false,false,,,,,,false,true,false,,,false,false,false,false,false,-83.17946,42.40936,"{
  ""coordinates"": [
    -8.317945777900000e+01,
    4.240935921300010e+01
  ],
  ""type"": ""Point""
}","{
  ""coordinates"": [
    -83.179457779,
    42.409359213
  ],
  ""type"": ""Point""
}",-83.179457779,42.4093592130001
15186,9245065,HAMILTON,COLLINGWOOD,2015-04-25,25,4,2015,14,7,97,9,,4,0,,1,1,1,25,4,2,0,5,0,0,0,0,true,,false,false,true,false,false,,,,,,false,false,false,,,false,false,false,false,false,-83.09563,42.38676,"{
  ""coordinates"": [
    -8.309562843000000e+01,
    4.238675854400000e+01
  ],
  ""type"": ""Point""
}","{
  ""coordinates"": [
    -83.09562843,
    42.386758544
  ],
  ""type"": ""Point""
}",-83.09562843,42.386758544
15187,9246447,RAMP 217G,HARPER,2015-04-25,25,4,2015,17,7,5,1,,1,0,,1,1,1,55,1,2,3,5,0,0,0,0,true,,false,false,false,false,false,,,,,,false,true,true,,,false,false,false,false,false,-83.03376,42.37991,"{
  ""coordinates"": [
    -8.303375952899999e+01,
    4.237990755200010e+01
  ],
  ""type"": ""Point""
}","{
  ""coordinates"": [
    -83.033759529,
    42.379907552
  ],
  ""type"": ""Point""
}",-83.033759529,42.3799075520001
15188,9251042,BLUEILL,HARPER,2015-04-25,25,4,2015,22,7,8,9,,,0,,1,1,5,25,2,2,2,5,0,0,0,0,true,,false,false,false,true,false,,,,,,false,false,false,,,false,false,false,false,false,-82.93475,42.41705,"{
  ""coordinates"": [
    -8.293475069999990e+01,
    4.241704739300010e+01
  ],
  ""type"": ""Point""
}","{
  ""coordinates"": [
    -82.9347507,
    42.417047393
  ],
  ""type"": ""Point""
}",-82.9347506999999,42.4170473930001
15189,9246474,PIERSON,DOVER,2015-04-25,25,4,2015,15,7,4,9,,,0,,1,1,1,25,2,2,0,4,0,0,0,1,false,,false,false,false,false,false,,,,,,false,false,false,,,false,false,false,false,false,-83.24449,42.35915,"{
  ""coordinates"": [
    -8.324449197800000e+01,
    4.235915096800010e+01
  ],
  ""type"": ""Point""
}","{
  ""coordinates"": [
    -83.244491978,
    42.359150968
  ],
  ""type"": ""Point""
}",-83.244491978,42.3591509680001
15190,9245038,8 MILE,ROSELAWN,2015-04-25,25,4,2015,16,7,5,3,,1,0,,1,1,1,40,3,2,3,5,0,0,0,0,true,,false,false,true,false,false,,,,,,false,false,false,,,false,false,false,false,false,-83.15347,42.44583,"{
  ""coordinates"": [
    -8.315346749100000e+01,
    4.244582813700000e+01
  ],
  ""type"": ""Point""
}","{
  ""coordinates"": [
    -83.153467491,
    42.445828137
  ],
  ""type"": ""Point""
}",-83.153467491,42.445828137
15191,9246495,CHARLES,MOUND,2015-04-25,25,4,2015,16,7,5,9,,4,0,,1,1,1,30,2,2,3,5,0,0,0,0,true,,false,false,true,false,false,,,,,,false,false,false,,,false,false,false,false,false,-83.0423,42.4119,"{
  ""coordinates"": [
    -8.304230728499989e+01,
    4.241189392300000e+01
  ],
  ""type"": ""Point""
}","{
  ""coordinates"": [
    -83.042307285,
    42.411893923
  ],
  ""type"": ""Point""
}",-83.0423072849999,42.411893923
15192,9245063,SEVEN MILE,HERSHEY,2015-04-25,25,4,2015,13,7,8,9,,4,0,,1,1,1,25,2,2,1,5,0,0,0,0,true,,false,false,false,false,false,,,,,,false,true,false,,,false,false,false,false,false,-83.11141,42.43218,"{
  ""coordinates"": [
    -8.311140863400000e+01,
    4.243218190300010e+01
  ],
  ""type"": ""Point""
}","{
  ""coordinates"": [
    -83.111408634,
    42.432181903
  ],
  ""type"": ""Point""
}",-83.111408634,42.4321819030001
15193,9255765,WINTHROP,VASSAR,2015-04-25,25,4,2015,22,7,4,9,,,0,,1,1,4,0,1,2,2,5,0,0,0,0,true,,false,false,false,false,false,,,,,,false,false,true,,,false,false,false,false,false,-83.20111,42.434,"{
  ""coordinates"": [
    -8.320110993100000e+01,
    4.243399743200010e+01
  ],
  ""type"": ""Point""
}","{
  ""coordinates"": [
    -83.201109931,
    42.433997432
  ],
  ""type"": ""Point""
}",-83.201109931,42.4339974320001
15194,9245059,7 MILE,ARDMORE,2015-04-25,25,4,2015,15,7,5,9,,2,0,,1,1,1,30,3,2,3,5,0,0,0,0,true,,false,false,false,false,false,,,,,,false,false,true,,,false,false,false,false,false,-83.18522,42.4309,"{
  ""coordinates"": [
    -8.318521978699989e+01,
    4.243090322900010e+01
  ],
  ""type"": ""Point""
}","{
  ""coordinates"": [
    -83.185219787,
    42.430903229
  ],
  ""type"": ""Point""
}",-83.1852197869999,42.4309032290001
15195,9259006,CHALFONTE,MEYERS,2015-04-25,25,4,2015,20,7,4,9,,,0,,1,1,1,25,2,3,4,4,0,0,0,3,false,,true,false,false,false,false,,,,,,false,false,true,,,false,false,false,false,false,-83.16929,42.40004,"{
  ""coordinates"": [
    -8.316928640499999e+01,
    4.240003439900000e+01
  ],
  ""type"": ""Point""
}","{
  ""coordinates"": [
    -83.169286405,
    42.400034399
  ],
  ""type"": ""Point""
}",-83.169286405,42.400034399
15196,9249414,MCNICHOLS,SOUTHFIELD SERVICE DRIVE,2015-04-25,25,4,2015,18,7,97,9,,2,0,,1,1,1,35,3,2,2,5,0,0,0,0,true,,false,false,true,false,false,,,,,,false,false,false,,,false,false,false,false,false,-83.21934,42.41553,"{
  ""coordinates"": [
    -8.321933688999999e+01,
    4.241553309700000e+01
  ],
  ""type"": ""Point""
}","{
  ""coordinates"": [
    -83.21933689,
    42.415533097
  ],
  ""type"": ""Point""
}",-83.21933689,42.415533097
15197,9246306,I94 EB,LINWOOD,2015-04-25,25,4,2015,17,7,5,1,,1,0,,1,2,1,55,3,2,2,5,0,0,0,0,true,,false,false,false,false,false,,,,,,false,false,true,,,false,false,false,false,false,-83.09337,42.35189,"{
  ""coordinates"": [
    -8.309336563700001e+01,
    4.235189570200000e+01
  ],
  ""type"": ""Point""
}","{
  ""coordinates"": [
    -83.093365637,
    42.351895702
  ],
  ""type"": ""Point""
}",-83.093365637,42.351895702
15198,9245669,FORT,18TH,2015-04-25,25,4,2015,23,7,1,3,,1,1,,1,1,4,30,2,1,1,5,0,0,0,0,true,,false,false,false,false,false,,,,,,false,false,false,,,false,false,false,false,false,-83.07427,42.31916,"{
  ""coordinates"": [
    -8.307427148600000e+01,
    4.231916066100010e+01
  ],
  ""type"": ""Point""
}","{
  ""coordinates"": [
    -83.074271486,
    42.319160661
  ],
  ""type"": ""Point""
}",-83.074271486,42.3191606610001
15199,9245678,PEMBROKE,GLASTONBURY,2015-04-25,25,4,2015,15,7,97,9,,,0,,1,1,1,25,4,2,6,5,0,0,0,0,true,,false,false,true,false,false,,,,,,false,false,false,,,false,false,false,false,false,-83.2232,42.43713,"{
  ""coordinates"": [
    -8.322320156799999e+01,
    4.243713503300010e+01
  ],
  ""type"": ""Point""
}","{
  ""coordinates"": [
    -83.223201568,
    42.437135033
  ],
  ""type"": ""Point""
}",-83.223201568,42.4371350330001
15200,9246476,GRAND RIVER,EVERGREEN,2015-04-25,25,4,2015,12,7,4,3,,1,0,,1,2,1,35,6,2,2,4,0,0,0,2,false,,true,true,false,false,false,,,,,,false,true,false,,,false,false,false,false,false,-83.23779,42.40854,"{
  ""coordinates"": [
    -8.323778319800000e+01,
    4.240853860200010e+01
  ],
  ""type"": ""Point""
}","{
  ""coordinates"": [
    -83.237783198,
    42.408538602
  ],
  ""type"": ""Point""
}",-83.237783198,42.4085386020001
15201,9249387,MURRAY HILL,PURITAN,2015-04-25,25,4,2015,12,7,8,9,,,0,,1,1,1,25,2,2,2,5,0,0,0,0,true,,true,false,true,false,false,,,,,,false,true,false,,,false,false,false,false,false,-83.20766,42.40858,"{
  ""coordinates"": [
    -8.320765669199990e+01,
    4.240857842200010e+01
  ],
  ""type"": ""Point""
}","{
  ""coordinates"": [
    -83.207656692,
    42.408578422
  ],
  ""type"": ""Point""
}",-83.2076566919999,42.4085784220001
15202,9245048,CHALMERS,W I 94 SERVICE DRIVE,2015-04-25,25,4,2015,4,7,4,1,,4,0,,1,1,4,35,2,2,3,4,0,0,0,2,false,,false,false,true,false,false,,,,,,false,false,false,,,false,false,false,false,false,-82.96445,42.40408,"{
  ""coordinates"": [
    -8.296444774299989e+01,
    4.240407541600010e+01
  ],
  ""type"": ""Point""
}","{
  ""coordinates"": [
    -82.964447743,
    42.404075416
  ],
  ""type"": ""Point""
}",-82.9644477429999,42.4040754160001
15203,9245673,TEMPLE,CASS,2015-04-25,25,4,2015,20,7,5,9,,4,0,,1,1,3,25,2,2,2,5,0,0,0,0,true,,false,false,false,false,false,,,,,,false,false,false,,,false,false,false,false,false,-83.05886,42.34167,"{
  ""coordinates"": [
    -8.305886389299999e+01,
    4.234167379800000e+01
  ],
  ""type"": ""Point""
}","{
  ""coordinates"": [
    -83.058863893,
    42.341673798
  ],
  ""type"": ""Point""
}",-83.058863893,42.341673798
15204,9245062,JAMES COUZENS,OUTER,2015-04-25,25,4,2015,3,7,4,9,,4,0,,1,1,98,35,2,2,3,4,0,0,0,1,false,,true,true,true,false,false,,,,,,false,false,false,,,false,false,false,false,false,-83.17611,42.42114,"{
  ""coordinates"": [
    -8.317610770200000e+01,
    4.242114215600000e+01
  ],
  ""type"": ""Point""
}","{
  ""coordinates"": [
    -83.176107702,
    42.421142156
  ],
  ""type"": ""Point""
}",-83.176107702,42.421142156
15205,9258995,OHIO,PLYMOUTH,2015-04-25,25,4,2015,14,7,4,9,,,0,,1,1,1,30,4,3,3,2,0,1,1,1,false,,true,false,false,false,false,,,,,,false,false,true,,,false,false,false,false,false,-83.15424,42.3735,"{
  ""coordinates"": [
    -8.315424557700000e+01,
    4.237350145800010e+01
  ],
  ""type"": ""Point""
}","{
  ""coordinates"": [
    -83.154245577,
    42.373501458
  ],
  ""type"": ""Point""
}",-83.154245577,42.3735014580001
15206,9245046,VERNOR,VAN DYKE,2015-04-25,25,4,2015,4,7,4,9,,4,0,,1,2,4,30,4,2,4,4,0,0,0,3,false,,false,false,true,false,false,,,,,,false,false,false,,,false,false,false,false,false,-83.00142,42.36045,"{
  ""coordinates"": [
    -8.300142255999999e+01,
    4.236045140600000e+01
  ],
  ""type"": ""Point""
}","{
  ""coordinates"": [
    -83.00142256,
    42.360451406
  ],
  ""type"": ""Point""
}",-83.00142256,42.360451406
15207,9245060,CRANBROOK,OUTER,2015-04-25,25,4,2015,9,7,5,9,,,0,,1,1,4,25,2,2,0,5,0,0,0,0,true,,false,false,true,false,false,,,,,,false,false,false,,,false,false,false,false,false,-83.15747,42.43537,"{
  ""coordinates"": [
    -8.315747231599990e+01,
    4.243536901100000e+01
  ],
  ""type"": ""Point""
}","{
  ""coordinates"": [
    -83.157472316,
    42.435369011
  ],
  ""type"": ""Point""
}",-83.1574723159999,42.435369011
15208,9284737,7 MILE,EVERGREEN,2015-04-25,25,4,2015,18,7,5,9,,2,0,,1,1,1,35,5,2,4,5,0,0,0,0,true,,false,false,false,false,false,,,,,,false,false,false,,,false,false,false,false,false,-83.23882,42.42957,"{
  ""coordinates"": [
    -8.323881858700000e+01,
    4.242957143100010e+01
  ],
  ""type"": ""Point""
}","{
  ""coordinates"": [
    -83.238818587,
    42.429571431
  ],
  ""type"": ""Point""
}",-83.238818587,42.4295714310001
15209,9246436,LAHSER,MIDLAND,2015-04-25,25,4,2015,11,7,4,9,,2,0,,1,1,1,35,2,2,2,5,0,0,0,0,true,,false,false,true,false,false,,,,,,false,false,false,,,false,false,false,false,false,-83.25697,42.40391,"{
  ""coordinates"": [
    -8.325696868999999e+01,
    4.240391165800000e+01
  ],
  ""type"": ""Point""
}","{
  ""coordinates"": [
    -83.25696869,
    42.403911658
  ],
  ""type"": ""Point""
}",-83.25696869,42.403911658
15210,9246277,WYOMING,CHALFONTE,2015-04-25,25,4,2015,2,7,5,9,,4,0,,1,2,5,30,2,2,4,5,0,0,0,0,true,,false,false,false,false,false,,,,,,false,false,true,,,false,false,false,false,false,-83.1595,42.39878,"{
  ""coordinates"": [
    -8.315949791600001e+01,
    4.239878358300010e+01
  ],
  ""type"": ""Point""
}","{
  ""coordinates"": [
    -83.159497916,
    42.398783583
  ],
  ""type"": ""Point""
}",-83.159497916,42.3987835830001
15211,9249249,EB I-96,OUTER,2015-04-25,25,4,2015,20,7,1,1,,1,0,,1,1,4,70,5,1,1,5,0,0,0,0,true,,false,false,false,false,false,,,,,,false,false,false,,,false,false,false,false,false,-83.26109,42.38554,"{
  ""coordinates"": [
    -8.326108175699990e+01,
    4.238553498300010e+01
  ],
  ""type"": ""Point""
}","{
  ""coordinates"": [
    -83.261081757,
    42.385534983
  ],
  ""type"": ""Point""
}",-83.2610817569999,42.3855349830001
15212,9246257,E/B I94,CHENE,2015-04-25,25,4,2015,7,7,5,1,,1,0,,1,1,1,55,3,2,1,5,0,0,0,0,true,,false,false,false,false,false,,,,,,false,false,false,,,false,false,false,false,false,-83.04813,42.37367,"{
  ""coordinates"": [
    -8.304812605300000e+01,
    4.237367151800000e+01
  ],
  ""type"": ""Point""
}","{
  ""coordinates"": [
    -83.048126053,
    42.373671518
  ],
  ""type"": ""Point""
}",-83.048126053,42.373671518
15213,9244909,EVANSTON,HARRELL,2015-04-25,25,4,2015,0,7,1,9,,,1,,1,1,4,25,2,1,3,5,0,0,0,0,true,,false,false,false,false,false,,,,,,false,false,true,,,false,false,false,false,false,-82.98327,42.40001,"{
  ""coordinates"": [
    -8.298326638400000e+01,
    4.240001294000010e+01
  ],
  ""type"": ""Point""
}","{
  ""coordinates"": [
    -82.983266384,
    42.40001294
  ],
  ""type"": ""Point""
}",-82.983266384,42.4000129400001
15214,9368757,WOODWARD,STATE FAIR,2015-04-24,24,4,2015,5,6,4,3,,1,0,,1,1,4,40,4,2,1,5,0,0,0,0,true,,false,false,true,false,false,,,,,,false,false,false,,,false,false,false,false,false,-83.11983,42.43927,"{
  ""coordinates"": [
    -8.311983014499999e+01,
    4.243926645100000e+01
  ],
  ""type"": ""Point""
}","{
  ""coordinates"": [
    -83.119830145,
    42.439266451
  ],
  ""type"": ""Point""
}",-83.119830145,42.439266451
15215,9246419,BATES,LAFAYETTE,2015-04-24,24,4,2015,14,6,97,3,,4,0,,1,1,1,30,8,2,0,5,0,0,0,0,true,,false,false,true,false,false,,,,,,false,false,false,,,false,false,false,false,false,-83.04433,42.33292,"{
  ""coordinates"": [
    -8.304433222700000e+01,
    4.233292306500000e+01
  ],
  ""type"": ""Point""
}","{
  ""coordinates"": [
    -83.044332227,
    42.332923065
  ],
  ""type"": ""Point""
}",-83.044332227,42.332923065
15216,9246461,MCNICHOLS,SOUTHFIELD SERVICE DRIVE,2015-04-24,24,4,2015,13,6,4,9,,2,0,,1,1,1,30,4,4,6,3,0,0,1,3,false,,true,true,false,true,false,,,,,,false,false,false,,,false,false,false,false,false,-83.21839,42.41556,"{
  ""coordinates"": [
    -8.321838980200000e+01,
    4.241556116500000e+01
  ],
  ""type"": ""Point""
}","{
  ""coordinates"": [
    -83.218389802,
    42.415561165
  ],
  ""type"": ""Point""
}",-83.218389802,42.415561165
15217,9245017,LIVERNOIS,JOHN KRONK,2015-04-24,24,4,2015,18,6,5,9,,4,0,,1,1,1,35,6,2,4,5,0,0,0,0,true,,false,false,false,false,false,,,,,,false,true,false,,,false,false,false,false,false,-83.11569,42.32473,"{
  ""coordinates"": [
    -8.311569064000000e+01,
    4.232472549400010e+01
  ],
  ""type"": ""Point""
}","{
  ""coordinates"": [
    -83.11569064,
    42.324725494
  ],
  ""type"": ""Point""
}",-83.11569064,42.3247254940001
15218,9245701,N M 10,FOREST,2015-04-24,24,4,2015,17,6,8,3,,1,0,,1,1,1,25,3,2,4,5,0,0,0,0,true,,false,false,false,false,false,,,,,,false,false,false,,,false,false,false,false,false,-83.07208,42.35162,"{
  ""coordinates"": [
    -8.307207952999990e+01,
    4.235162160000000e+01
  ],
  ""type"": ""Point""
}","{
  ""coordinates"": [
    -83.07207953,
    42.3516216
  ],
  ""type"": ""Point""
}",-83.0720795299999,42.3516216
15219,9246300,I-75,DEARBORN,2015-04-24,24,4,2015,17,6,8,1,,1,0,,1,1,1,55,4,2,2,5,0,0,0,0,true,,false,false,false,false,false,,,,,,false,false,false,,,false,false,false,false,false,-83.12766,42.29325,"{
  ""coordinates"": [
    -8.312765288000000e+01,
    4.229325228500010e+01
  ],
  ""type"": ""Point""
}","{
  ""coordinates"": [
    -83.12765288,
    42.293252285
  ],
  ""type"": ""Point""
}",-83.12765288,42.2932522850001
15220,9259004,SMART,LONYO,2015-04-24,24,4,2015,22,6,97,9,,,0,,1,1,4,25,2,2,0,5,0,0,0,0,true,,false,false,true,false,false,,,,,,false,false,false,,,false,false,false,false,false,-83.15011,42.3376,"{
  ""coordinates"": [
    -8.315010944300001e+01,
    4.233760613100000e+01
  ],
  ""type"": ""Point""
}","{
  ""coordinates"": [
    -83.150109443,
    42.337606131
  ],
  ""type"": ""Point""
}",-83.150109443,42.337606131
15221,9245011,FORT,LAWNDALE,2015-04-24,24,4,2015,13,6,2,3,,1,0,,1,1,1,35,5,2,2,5,0,0,0,0,true,,false,false,true,false,false,,,,,,false,false,true,,,false,false,false,false,false,-83.12481,42.29802,"{
  ""coordinates"": [
    -8.312480658600001e+01,
    4.229802107300000e+01
  ],
  ""type"": ""Point""
}","{
  ""coordinates"": [
    -83.124806586,
    42.298021073
  ],
  ""type"": ""Point""
}",-83.124806586,42.298021073
15222,9246449,OUTER,ASBURY,2015-04-24,24,4,2015,10,6,1,9,,2,1,,1,1,1,35,3,1,1,5,0,0,0,0,true,,false,false,false,false,false,,,,,,false,false,false,,,false,false,false,false,false,-83.20895,42.41927,"{
  ""coordinates"": [
    -8.320895426700000e+01,
    4.241926927600010e+01
  ],
  ""type"": ""Point""
}","{
  ""coordinates"": [
    -83.208954267,
    42.419269276
  ],
  ""type"": ""Point""
}",-83.208954267,42.4192692760001
15223,9245675,VAUGHAN,SCHOOLCRAFT,2015-04-24,24,4,2015,1,6,97,9,,,0,,1,1,1,25,2,2,0,5,0,0,0,0,true,,false,false,true,false,false,,,,,,false,false,false,,,false,false,false,false,false,-83.23791,42.38614,"{
  ""coordinates"": [
    -8.323790633199999e+01,
    4.238614328800000e+01
  ],
  ""type"": ""Point""
}","{
  ""coordinates"": [
    -83.237906332,
    42.386143288
  ],
  ""type"": ""Point""
}",-83.237906332,42.386143288
15224,9244153,E/B I94,WARREN,2015-04-24,24,4,2015,7,6,5,1,,1,0,,1,1,1,55,3,3,3,5,0,0,0,0,true,,false,false,false,false,false,,,,,,false,false,true,,,false,false,false,false,false,-83.11432,42.34369,"{
  ""coordinates"": [
    -8.311432241200001e+01,
    4.234369043600000e+01
  ],
  ""type"": ""Point""
}","{
  ""coordinates"": [
    -83.114322412,
    42.343690436
  ],
  ""type"": ""Point""
}",-83.114322412,42.343690436
15225,9246444,BENSON,GRAND,2015-04-24,24,4,2015,6,6,8,9,,,0,,1,1,98,25,2,2,0,5,0,0,0,0,true,,false,false,true,false,false,,,,,,false,false,false,,,false,false,false,false,false,-83.01201,42.36126,"{
  ""coordinates"": [
    -8.301200770799990e+01,
    4.236125437000000e+01
  ],
  ""type"": ""Point""
}","{
  ""coordinates"": [
    -83.012007708,
    42.36125437
  ],
  ""type"": ""Point""
}",-83.0120077079999,42.36125437
15226,9246297,I-94,CHALMERS,2015-04-24,24,4,2015,15,6,1,1,,1,1,,1,1,1,55,3,1,1,4,0,0,0,1,false,,false,false,false,false,false,,,,,,false,false,false,,,false,false,false,false,false,-82.96889,42.40259,"{
  ""coordinates"": [
    -8.296889153399999e+01,
    4.240259160700000e+01
  ],
  ""type"": ""Point""
}","{
  ""coordinates"": [
    -82.968891534,
    42.402591607
  ],
  ""type"": ""Point""
}",-82.968891534,42.402591607
15227,9246296,RAMP 112D,N M 10,2015-04-24,24,4,2015,9,6,5,3,,1,0,,1,1,1,0,1,2,2,5,0,0,0,0,true,,false,false,false,false,false,,,,,,false,true,true,,,false,false,false,false,false,-83.09724,42.38333,"{
  ""coordinates"": [
    -8.309724664500000e+01,
    4.238333009500010e+01
  ],
  ""type"": ""Point""
}","{
  ""coordinates"": [
    -83.097246645,
    42.383330095
  ],
  ""type"": ""Point""
}",-83.097246645,42.3833300950001
15228,9246462,FORRER,MCNICHOLS,2015-04-24,24,4,2015,15,6,9,9,,,2,,1,1,1,25,2,2,1,5,0,0,0,0,true,,false,false,false,false,false,,,,,,false,true,false,,,false,false,false,false,false,-83.20213,42.41587,"{
  ""coordinates"": [
    -8.320212426499999e+01,
    4.241587541700010e+01
  ],
  ""type"": ""Point""
}","{
  ""coordinates"": [
    -83.202124265,
    42.415875417
  ],
  ""type"": ""Point""
}",-83.202124265,42.4158754170001