ObjectId,Crash ID,Primary Road,Intersecting Road,Crash Date,Day,Month,Year,Hour,Weekday,Crash Type Code,Highway Classification Code,Community Code,Jurisdiction Code,Lane Departure Type Code,Surface Type,Road Condition,Weather Condition,Lighting Condition,Speed Limit,Lanes,Units,Occupants,Most Severe Injury,Fatal Injuries,Suspected Serious Injuries,Suspected Minor Injuries,Possible Injuries,Property Damage Only,Secondary Crash,Traffic Control,Red Light Run,Hit and Run,Alcohol,Drugs,Unbelted Person,Work Zone,Speeding Driver,Distracted Driver,Driveway,Pedestrian,Elderly Driver,Young Driver,Commercial Vehicle,Emergency Vehicles,Train,School Bus,Motorcycle,Bicycle,Deer,Longitude,Latitude,geom,geog,x,y
15229,9245025,YORKSHIRE,CHANDLER PARK,2015-04-24,24,4,2015,23,6,9,9,,,2,,1,1,5,25,2,2,0,5,0,0,0,0,true,,false,false,true,false,false,,,,,,false,false,false,,,false,false,false,false,false,-82.93752,42.40972,"{
  ""coordinates"": [
    -8.293752365700000e+01,
    4.240971718000000e+01
  ],
  ""type"": ""Point""
}","{
  ""coordinates"": [
    -82.937523657,
    42.40971718
  ],
  ""type"": ""Point""
}",-82.937523657,42.40971718
15230,9244216,EDSEL FORD SRV,JOHN R,2015-04-24,24,4,2015,0,6,6,1,,1,0,,1,1,5,30,2,2,2,5,0,0,0,0,true,,false,false,false,false,false,,,,,,false,false,true,,,false,false,false,false,false,-83.06693,42.36471,"{
  ""coordinates"": [
    -8.306692470599999e+01,
    4.236471326400000e+01
  ],
  ""type"": ""Point""
}","{
  ""coordinates"": [
    -83.066924706,
    42.364713264
  ],
  ""type"": ""Point""
}",-83.066924706,42.364713264
15231,9245026,CADIEUX,WARREN,2015-04-24,24,4,2015,16,6,5,9,,4,0,,1,1,1,35,4,2,2,5,0,0,0,0,true,,false,false,false,false,false,,,,,,false,false,false,,,false,false,false,false,false,-82.92966,42.40583,"{
  ""coordinates"": [
    -8.292965592099991e+01,
    4.240582724500010e+01
  ],
  ""type"": ""Point""
}","{
  ""coordinates"": [
    -82.929655921,
    42.405827245
  ],
  ""type"": ""Point""
}",-82.9296559209999,42.4058272450001
15232,9245611,S I 75/GRATIOT,RAMP 041I,2015-04-24,24,4,2015,22,6,5,7,,1,0,,1,2,4,55,5,2,2,5,0,0,0,0,true,,false,false,false,false,false,,,,,,false,false,true,,,false,false,false,false,false,-83.04744,42.34227,"{
  ""coordinates"": [
    -8.304743810100000e+01,
    4.234226911400000e+01
  ],
  ""type"": ""Point""
}","{
  ""coordinates"": [
    -83.047438101,
    42.342269114
  ],
  ""type"": ""Point""
}",-83.047438101,42.342269114
15233,9246435,SUSSEX,OUTER,2015-04-24,24,4,2015,9,6,97,9,,,0,,1,1,1,25,1,2,4,5,0,0,0,0,true,,false,false,false,false,false,,,,,,false,true,false,,,false,false,false,false,false,-83.19576,42.41965,"{
  ""coordinates"": [
    -8.319576513600001e+01,
    4.241964636200000e+01
  ],
  ""type"": ""Point""
}","{
  ""coordinates"": [
    -83.195765136,
    42.419646362
  ],
  ""type"": ""Point""
}",-83.195765136,42.419646362
15234,9245021,BRADEN,LINZEE,2015-04-24,24,4,2015,23,6,5,9,,,0,,1,1,5,25,3,2,2,5,0,0,0,0,true,,false,false,false,false,false,,,,,,false,false,true,,,false,false,false,false,false,-83.13081,42.33367,"{
  ""coordinates"": [
    -8.313080915499999e+01,
    4.233366948400000e+01
  ],
  ""type"": ""Point""
}","{
  ""coordinates"": [
    -83.130809155,
    42.333669484
  ],
  ""type"": ""Point""
}",-83.130809155,42.333669484
15235,9246261,NB M-39,SCHOOLCRAFT,2015-04-24,24,4,2015,12,6,1,3,,1,1,,1,1,1,55,3,1,2,4,0,0,0,1,false,,false,false,true,false,false,,,,,,false,false,true,,,false,false,false,false,false,-83.21752,42.38616,"{
  ""coordinates"": [
    -8.321751834700000e+01,
    4.238615789600000e+01
  ],
  ""type"": ""Point""
}","{
  ""coordinates"": [
    -83.217518347,
    42.386157896
  ],
  ""type"": ""Point""
}",-83.217518347,42.386157896
15236,9245061,CURITS,APPOLINE,2015-04-24,24,4,2015,16,6,97,9,,4,0,,1,1,1,30,4,3,4,4,0,0,0,2,false,,false,false,false,false,false,,,,,,false,false,true,,,false,false,false,false,false,-83.17154,42.42398,"{
  ""coordinates"": [
    -8.317154282900000e+01,
    4.242397645800000e+01
  ],
  ""type"": ""Point""
}","{
  ""coordinates"": [
    -83.171542829,
    42.423976458
  ],
  ""type"": ""Point""
}",-83.171542829,42.423976458
15237,9246262,WB I-94,SECOND,2015-04-24,24,4,2015,15,6,8,1,,1,0,,1,1,1,55,3,2,2,5,0,0,0,0,true,,false,false,false,false,false,,,,,,false,false,false,,,false,false,false,false,false,-83.07196,42.36203,"{
  ""coordinates"": [
    -8.307196086200000e+01,
    4.236203272100000e+01
  ],
  ""type"": ""Point""
}","{
  ""coordinates"": [
    -83.071960862,
    42.362032721
  ],
  ""type"": ""Point""
}",-83.071960862,42.362032721
15238,9245033,BURT,OUTER,2015-04-24,24,4,2015,10,6,4,9,,4,0,,1,1,1,35,4,3,3,4,0,0,0,1,false,,false,false,true,false,false,,,,,,false,true,true,,,false,false,false,false,false,-83.24701,42.39772,"{
  ""coordinates"": [
    -8.324700931800000e+01,
    4.239771748700010e+01
  ],
  ""type"": ""Point""
}","{
  ""coordinates"": [
    -83.247009318,
    42.397717487
  ],
  ""type"": ""Point""
}",-83.247009318,42.3977174870001
15239,9246478,PEMBROKE,LAHSER,2015-04-24,24,4,2015,1,6,4,9,,,0,,1,1,5,25,2,2,1,3,0,0,1,0,false,,false,false,true,false,false,,,,,,false,false,true,,,false,false,false,false,false,-83.25856,42.43635,"{
  ""coordinates"": [
    -8.325856377900000e+01,
    4.243635341900010e+01
  ],
  ""type"": ""Point""
}","{
  ""coordinates"": [
    -83.258563779,
    42.436353419
  ],
  ""type"": ""Point""
}",-83.258563779,42.4363534190001
15240,9246256,M10,7 MILE,2015-04-24,24,4,2015,9,6,5,3,,1,0,,1,1,1,55,3,2,2,5,0,0,0,0,true,,false,false,true,false,false,,,,,,false,false,false,,,false,false,false,false,false,-83.18571,42.4297,"{
  ""coordinates"": [
    -8.318571406000000e+01,
    4.242969744100000e+01
  ],
  ""type"": ""Point""
}","{
  ""coordinates"": [
    -83.18571406,
    42.429697441
  ],
  ""type"": ""Point""
}",-83.18571406,42.429697441
15241,9244996,S I 375 SERVICE DRIVE,LAFAYETTE,2015-04-24,24,4,2015,11,6,5,9,,4,0,,1,1,1,25,2,3,4,5,0,0,0,0,true,,false,false,false,false,false,,,,,,false,true,false,,,false,false,false,false,false,-83.03848,42.33568,"{
  ""coordinates"": [
    -8.303847191200001e+01,
    4.233568177300000e+01
  ],
  ""type"": ""Point""
}","{
  ""coordinates"": [
    -83.038471912,
    42.335681773
  ],
  ""type"": ""Point""
}",-83.038471912,42.335681773
15242,9246395,SECOND,BALTIMORE1,2015-04-24,24,4,2015,16,6,1,9,,4,0,,1,1,1,35,5,2,1,4,0,0,0,1,false,,false,false,false,false,false,,,,,,true,false,false,,,false,false,false,false,false,-83.07557,42.36708,"{
  ""coordinates"": [
    -8.307557239700000e+01,
    4.236708626400010e+01
  ],
  ""type"": ""Point""
}","{
  ""coordinates"": [
    -83.075572397,
    42.367086264
  ],
  ""type"": ""Point""
}",-83.075572397,42.3670862640001
15243,9251051,N I 75,GRAND RIVER,2015-04-24,24,4,2015,23,6,5,1,,1,0,,1,2,4,25,3,2,2,5,0,0,0,0,true,,false,false,false,false,false,,,,,,false,false,false,,,false,false,false,false,false,-83.05928,42.33643,"{
  ""coordinates"": [
    -8.305928409500000e+01,
    4.233643384800010e+01
  ],
  ""type"": ""Point""
}","{
  ""coordinates"": [
    -83.059284095,
    42.336433848
  ],
  ""type"": ""Point""
}",-83.059284095,42.3364338480001
15244,9245029,PLYMOUTH,FAUST,2015-04-24,24,4,2015,16,6,97,9,,4,0,,1,1,1,35,4,2,1,5,0,0,0,0,true,,false,false,true,false,false,,,,,,false,false,false,,,false,false,false,false,false,-83.22203,42.37215,"{
  ""coordinates"": [
    -8.322203304100000e+01,
    4.237214726200010e+01
  ],
  ""type"": ""Point""
}","{
  ""coordinates"": [
    -83.222033041,
    42.372147262
  ],
  ""type"": ""Point""
}",-83.222033041,42.3721472620001
15245,9246458,MCNICHOLS,SHAFTSBURY,2015-04-24,24,4,2015,10,6,5,9,,2,0,,1,1,1,35,4,3,1,5,0,0,0,0,true,,false,false,false,false,false,,,,,,false,false,true,,,false,false,false,false,false,-83.23084,42.41531,"{
  ""coordinates"": [
    -8.323084286300001e+01,
    4.241531328200010e+01
  ],
  ""type"": ""Point""
}","{
  ""coordinates"": [
    -83.230842863,
    42.415313282
  ],
  ""type"": ""Point""
}",-83.230842863,42.4153132820001
15246,9245004,CASS,MARTIN LUTHER KING JR,2015-04-24,24,4,2015,17,6,9,9,,4,0,,1,1,1,0,2,2,3,5,0,0,0,0,true,,false,false,false,false,false,,,,,,false,true,false,,,false,false,false,false,false,-83.06077,42.34567,"{
  ""coordinates"": [
    -8.306076506200000e+01,
    4.234567224200000e+01
  ],
  ""type"": ""Point""
}","{
  ""coordinates"": [
    -83.060765062,
    42.345672242
  ],
  ""type"": ""Point""
}",-83.060765062,42.345672242
15247,9245022,MCGRAW,SHARON,2015-04-24,24,4,2015,16,6,1,9,,4,0,,1,1,1,35,2,1,1,5,0,0,0,0,true,,false,false,false,false,false,,,,,,false,false,true,,,false,false,false,false,false,-83.15327,42.33047,"{
  ""coordinates"": [
    -8.315326539199999e+01,
    4.233046533400010e+01
  ],
  ""type"": ""Point""
}","{
  ""coordinates"": [
    -83.153265392,
    42.330465334
  ],
  ""type"": ""Point""
}",-83.153265392,42.3304653340001
15248,9245686,E I 94 SERVICE DRIVE,VAN DYKE,2015-04-24,24,4,2015,23,6,4,3,,4,0,,1,1,5,30,1,2,2,5,0,0,0,0,true,,false,false,true,false,false,,,,,,false,false,false,,,false,false,false,false,false,-83.01978,42.38581,"{
  ""coordinates"": [
    -8.301978144400000e+01,
    4.238581221900010e+01
  ],
  ""type"": ""Point""
}","{
  ""coordinates"": [
    -83.019781444,
    42.385812219
  ],
  ""type"": ""Point""
}",-83.019781444,42.3858122190001
15249,9246401,GRAND,WOODWARD,2015-04-24,24,4,2015,11,6,8,3,,1,0,,1,1,1,30,4,2,2,5,0,0,0,0,true,,false,false,false,false,false,,,,,,false,true,false,,,false,false,false,false,false,-83.2088,42.39687,"{
  ""coordinates"": [
    -8.320880320600000e+01,
    4.239687208100000e+01
  ],
  ""type"": ""Point""
}","{
  ""coordinates"": [
    -83.208803206,
    42.396872081
  ],
  ""type"": ""Point""
}",-83.208803206,42.396872081
15250,9247099,MCNICHOLS,LESURE,2015-04-24,24,4,2015,15,6,8,9,,2,0,,1,1,1,35,4,2,2,5,0,0,0,0,true,,false,false,false,false,false,,,,,,false,false,false,,,false,false,false,false,false,-83.18209,42.41656,"{
  ""coordinates"": [
    -8.318208864499999e+01,
    4.241656390800010e+01
  ],
  ""type"": ""Point""
}","{
  ""coordinates"": [
    -83.182088645,
    42.416563908
  ],
  ""type"": ""Point""
}",-83.182088645,42.4165639080001
15251,9245036,BRETTON,GRAND RIVER,2015-04-24,24,4,2015,15,6,4,3,,,0,,1,1,1,25,2,2,2,5,0,0,0,0,true,,false,false,false,false,false,,,,,,false,true,false,,,false,false,false,false,false,-83.23626,42.40808,"{
  ""coordinates"": [
    -8.323626156099991e+01,
    4.240808305400000e+01
  ],
  ""type"": ""Point""
}","{
  ""coordinates"": [
    -83.236261561,
    42.408083054
  ],
  ""type"": ""Point""
}",-83.2362615609999,42.408083054
15252,9247094,MT ELLIOT,ROBINWOOD,2015-04-24,24,4,2015,23,6,8,9,,4,0,,1,1,4,30,2,2,1,5,0,0,0,0,true,,false,false,true,false,false,,,,,,false,false,false,,,false,false,false,false,false,-83.03887,42.43196,"{
  ""coordinates"": [
    -8.303887107500000e+01,
    4.243195929800000e+01
  ],
  ""type"": ""Point""
}","{
  ""coordinates"": [
    -83.038871075,
    42.431959298
  ],
  ""type"": ""Point""
}",-83.038871075,42.431959298
15253,9247740,WARREN,SAINT ANTOINE,2015-04-24,24,4,2015,16,6,97,9,,4,0,,1,1,5,35,5,2,1,5,0,0,0,0,true,,false,false,true,false,false,,,,,,true,false,false,,,false,false,false,false,false,-83.05714,42.35997,"{
  ""coordinates"": [
    -8.305714571800000e+01,
    4.235996548100010e+01
  ],
  ""type"": ""Point""
}","{
  ""coordinates"": [
    -83.057145718,
    42.359965481
  ],
  ""type"": ""Point""
}",-83.057145718,42.3599654810001
15254,9259023,SCHAEFER,FULLERTON,2015-04-24,24,4,2015,1,6,1,9,,4,1,,1,1,4,35,2,1,2,3,0,0,1,0,false,,false,false,false,false,false,,,,,,false,false,false,,,false,false,false,false,false,-83.17825,42.38028,"{
  ""coordinates"": [
    -8.317825305199990e+01,
    4.238028326600000e+01
  ],
  ""type"": ""Point""
}","{
  ""coordinates"": [
    -83.178253052,
    42.380283266
  ],
  ""type"": ""Point""
}",-83.1782530519999,42.380283266
15255,9245700,CASS,FOREST,2015-04-24,24,4,2015,16,6,97,9,,4,0,,1,1,1,30,2,2,2,5,0,0,0,0,true,,false,false,false,false,false,,,,,,false,false,true,,,false,false,false,false,false,-83.06516,42.35336,"{
  ""coordinates"": [
    -8.306515205100000e+01,
    4.235336298800010e+01
  ],
  ""type"": ""Point""
}","{
  ""coordinates"": [
    -83.065152051,
    42.353362988
  ],
  ""type"": ""Point""
}",-83.065152051,42.3533629880001
15256,9246483,MOUND,ROBINWOOD,2015-04-24,24,4,2015,16,6,4,9,,2,0,,1,1,1,35,3,2,4,5,0,0,0,0,true,,false,false,false,false,false,,,,,,false,false,false,,,false,false,false,false,false,-83.04373,42.43177,"{
  ""coordinates"": [
    -8.304373216300000e+01,
    4.243176634400000e+01
  ],
  ""type"": ""Point""
}","{
  ""coordinates"": [
    -83.043732163,
    42.431766344
  ],
  ""type"": ""Point""
}",-83.043732163,42.431766344
15257,9247102,LIVERNOIS,OUTER,2015-04-24,24,4,2015,17,6,5,9,,4,0,,1,1,1,30,2,2,0,5,0,0,0,0,true,,false,false,true,false,false,,,,,,false,false,false,,,false,false,false,false,false,-83.14151,42.4351,"{
  ""coordinates"": [
    -8.314150654900000e+01,
    4.243509521000000e+01
  ],
  ""type"": ""Point""
}","{
  ""coordinates"": [
    -83.141506549,
    42.43509521
  ],
  ""type"": ""Point""
}",-83.141506549,42.43509521
15258,9249480,SUSSEX,PURITAN,2015-04-24,24,4,2015,18,6,4,9,,,0,,1,1,1,25,2,2,2,5,0,0,0,0,true,,false,false,false,false,false,,,,,,false,false,false,,,false,false,false,false,false,-83.1953,42.40907,"{
  ""coordinates"": [
    -8.319530602700000e+01,
    4.240906436200000e+01
  ],
  ""type"": ""Point""
}","{
  ""coordinates"": [
    -83.195306027,
    42.409064362
  ],
  ""type"": ""Point""
}",-83.195306027,42.409064362
15259,9246496,RYAN,ALPHA,2015-04-24,24,4,2015,20,6,1,9,,4,1,,1,1,4,35,2,1,1,5,0,0,0,0,true,,false,false,false,false,false,,,,,,false,false,false,,,false,false,false,false,false,-83.06254,42.41941,"{
  ""coordinates"": [
    -8.306253612200000e+01,
    4.241940769400000e+01
  ],
  ""type"": ""Point""
}","{
  ""coordinates"": [
    -83.062536122,
    42.419407694
  ],
  ""type"": ""Point""
}",-83.062536122,42.419407694
15260,9246286,I-75,GRATIOT,2015-04-24,24,4,2015,3,6,1,1,,1,1,,1,1,4,55,2,1,1,5,0,0,0,0,true,,false,false,true,false,false,,,,,,false,false,true,,,false,false,false,false,false,-83.04189,42.33998,"{
  ""coordinates"": [
    -8.304189159500000e+01,
    4.233998485700000e+01
  ],
  ""type"": ""Point""
}","{
  ""coordinates"": [
    -83.041891595,
    42.339984857
  ],
  ""type"": ""Point""
}",-83.041891595,42.339984857
15261,9245023,CONNER,MACK,2015-04-24,24,4,2015,19,6,4,9,,4,0,,1,1,1,35,8,2,3,5,0,0,0,0,true,,true,true,false,false,false,,,,,,false,false,false,,,false,false,false,false,false,-82.96783,42.38369,"{
  ""coordinates"": [
    -8.296783405199990e+01,
    4.238369471000000e+01
  ],
  ""type"": ""Point""
}","{
  ""coordinates"": [
    -82.967834052,
    42.38369471
  ],
  ""type"": ""Point""
}",-82.9678340519999,42.38369471
15262,9250214,7 MILE,MACCRARY,2015-04-24,24,4,2015,16,6,8,9,,2,0,,1,1,1,30,2,2,1,5,0,0,0,0,true,,false,false,false,false,false,,,,,,false,false,false,,,false,false,false,false,false,-82.9701,42.43528,"{
  ""coordinates"": [
    -8.297010364900000e+01,
    4.243528322300010e+01
  ],
  ""type"": ""Point""
}","{
  ""coordinates"": [
    -82.970103649,
    42.435283223
  ],
  ""type"": ""Point""
}",-82.970103649,42.4352832230001
15263,9246269,RAMP 008J,E I 96,2015-04-24,24,4,2015,17,6,5,1,,1,0,,1,1,1,30,2,2,2,5,0,0,0,0,true,,false,false,false,false,false,,,,,,false,false,false,,,false,false,false,false,false,-83.22063,42.37839,"{
  ""coordinates"": [
    -8.322062809600000e+01,
    4.237839295400000e+01
  ],
  ""type"": ""Point""
}","{
  ""coordinates"": [
    -83.220628096,
    42.378392954
  ],
  ""type"": ""Point""
}",-83.220628096,42.378392954
15264,9247013,DAVISON,OAKLAND,2015-04-24,24,4,2015,15,6,8,3,,1,0,,1,1,1,55,4,2,2,5,0,0,0,0,true,,true,false,false,false,false,,,,,,false,false,true,,,false,false,false,false,false,-83.0816,42.40834,"{
  ""coordinates"": [
    -8.308160308399989e+01,
    4.240833802100010e+01
  ],
  ""type"": ""Point""
}","{
  ""coordinates"": [
    -83.081603084,
    42.408338021
  ],
  ""type"": ""Point""
}",-83.0816030839999,42.4083380210001
15265,9246475,GRAND RIVER,SOUTHFIELD SERVICE DRIVE,2015-04-24,24,4,2015,20,6,8,3,,1,0,,1,1,4,35,4,2,1,5,0,0,0,0,true,,false,false,true,false,false,,,,,,false,true,false,,,false,false,false,false,false,-83.21859,42.40082,"{
  ""coordinates"": [
    -8.321858780500000e+01,
    4.240082126400010e+01
  ],
  ""type"": ""Point""
}","{
  ""coordinates"": [
    -83.218587805,
    42.400821264
  ],
  ""type"": ""Point""
}",-83.218587805,42.4008212640001
15266,9252701,WOODROW WILSON,WEBB,2015-04-24,24,4,2015,19,6,4,9,,4,0,,1,1,1,30,2,2,4,4,0,0,0,2,false,,true,true,true,false,false,,,,,,false,false,false,,,false,false,false,false,false,-83.10334,42.38739,"{
  ""coordinates"": [
    -8.310334293499990e+01,
    4.238739327100010e+01
  ],
  ""type"": ""Point""
}","{
  ""coordinates"": [
    -83.103342935,
    42.387393271
  ],
  ""type"": ""Point""
}",-83.1033429349999,42.3873932710001
15267,9249409,PLYMOUTH,BURT,2015-04-24,24,4,2015,20,6,4,9,,4,0,,1,1,4,35,4,3,4,4,0,0,0,3,false,,false,false,true,false,false,,,,,,false,false,true,,,false,false,false,false,false,-83.24622,42.37183,"{
  ""coordinates"": [
    -8.324621975799990e+01,
    4.237182697500000e+01
  ],
  ""type"": ""Point""
}","{
  ""coordinates"": [
    -83.246219758,
    42.371826975
  ],
  ""type"": ""Point""
}",-83.2462197579999,42.371826975
15268,9247672,S M 39,RAMP 008H,2015-04-24,24,4,2015,18,6,5,3,,1,0,,1,1,1,55,3,3,5,5,0,0,0,0,true,,false,false,false,false,false,,,,,,false,false,true,,,false,false,false,false,false,-83.21747,42.38203,"{
  ""coordinates"": [
    -8.321746816200000e+01,
    4.238203470900000e+01
  ],
  ""type"": ""Point""
}","{
  ""coordinates"": [
    -83.217468162,
    42.382034709
  ],
  ""type"": ""Point""
}",-83.217468162,42.382034709
15269,9425692,THIRD,PLUM,2015-04-24,24,4,2015,11,6,4,9,,4,0,,1,1,1,30,2,2,1,5,0,0,0,0,true,,false,false,true,false,false,,,,,,false,false,false,,,false,false,false,false,false,-83.05933,42.3352,"{
  ""coordinates"": [
    -8.305933607999999e+01,
    4.233519653800000e+01
  ],
  ""type"": ""Point""
}","{
  ""coordinates"": [
    -83.05933608,
    42.335196538
  ],
  ""type"": ""Point""
}",-83.05933608,42.335196538
15270,9246265,I-94,GRATIOT,2015-04-24,24,4,2015,9,6,5,1,,1,0,,1,1,1,55,3,2,2,5,0,0,0,0,true,,false,false,true,false,false,,,,,,false,false,false,,,false,false,false,false,false,-82.99659,42.3923,"{
  ""coordinates"": [
    -8.299658962300001e+01,
    4.239230129400000e+01
  ],
  ""type"": ""Point""
}","{
  ""coordinates"": [
    -82.996589623,
    42.392301294
  ],
  ""type"": ""Point""
}",-82.996589623,42.392301294
15271,9265124,LIVERNOIS,EWALD,2015-04-24,24,4,2015,16,6,4,9,,4,0,,1,1,1,30,4,2,4,3,0,0,1,0,false,,false,false,false,false,false,,,,,,false,false,false,,,false,false,false,false,false,-83.13984,42.39135,"{
  ""coordinates"": [
    -8.313983558599990e+01,
    4.239134552800000e+01
  ],
  ""type"": ""Point""
}","{
  ""coordinates"": [
    -83.139835586,
    42.391345528
  ],
  ""type"": ""Point""
}",-83.1398355859999,42.391345528
15272,9259018,HUBBELL,PLYMOUTH,2015-04-24,24,4,2015,3,6,5,9,,4,3,,1,2,5,25,2,2,0,5,0,0,0,0,true,,false,false,true,false,false,,,,,,false,false,false,,,false,false,false,false,false,-83.1878,42.37421,"{
  ""coordinates"": [
    -8.318779853099990e+01,
    4.237420725100000e+01
  ],
  ""type"": ""Point""
}","{
  ""coordinates"": [
    -83.187798531,
    42.374207251
  ],
  ""type"": ""Point""
}",-83.1877985309999,42.374207251
15273,9245592,CENTRAL,PICNIC,2015-04-24,24,4,2015,19,6,8,3,,1,0,,1,1,1,25,2,2,3,5,0,0,0,0,true,,false,false,false,false,false,,,,,,false,false,false,,,false,false,false,false,false,-82.99284,42.33726,"{
  ""coordinates"": [
    -8.299284125699999e+01,
    4.233726301800000e+01
  ],
  ""type"": ""Point""
}","{
  ""coordinates"": [
    -82.992841257,
    42.337263018
  ],
  ""type"": ""Point""
}",-82.992841257,42.337263018
15274,9246402,ROSEDALE,BRUSH,2015-04-24,24,4,2015,12,6,9,9,,,2,,1,1,1,25,2,2,2,5,0,0,0,0,true,,false,false,false,false,false,,,,,,false,false,false,,,false,false,false,false,false,-83.08127,42.39335,"{
  ""coordinates"": [
    -8.308126760099999e+01,
    4.239335243700000e+01
  ],
  ""type"": ""Point""
}","{
  ""coordinates"": [
    -83.081267601,
    42.393352437
  ],
  ""type"": ""Point""
}",-83.081267601,42.393352437
15275,9257011,FREELAND,FENKELL,2015-04-24,24,4,2015,20,6,1,9,,,1,,1,1,3,25,2,1,1,3,0,0,1,0,false,,false,false,false,false,false,,,,,,false,false,false,,,false,false,false,false,false,-83.18554,42.40246,"{
  ""coordinates"": [
    -8.318553805200000e+01,
    4.240246014900000e+01
  ],
  ""type"": ""Point""
}","{
  ""coordinates"": [
    -83.185538052,
    42.402460149
  ],
  ""type"": ""Point""
}",-83.185538052,42.402460149
15276,9265125,PETOSKEY,BOURKE,2015-04-24,24,4,2015,18,6,9,9,,,2,,1,1,1,25,2,2,0,5,0,0,0,0,true,,false,false,true,false,false,,,,,,false,false,false,,,false,false,false,false,false,-83.13902,42.40016,"{
  ""coordinates"": [
    -8.313901976299999e+01,
    4.240016002800010e+01
  ],
  ""type"": ""Point""
}","{
  ""coordinates"": [
    -83.139019763,
    42.400160028
  ],
  ""type"": ""Point""
}",-83.139019763,42.4001600280001
15277,9259005,CAPITAL,GREENFIELD,2015-04-24,24,4,2015,22,6,2,9,,,2,,1,1,4,35,3,2,0,5,0,0,0,0,true,,false,false,true,false,false,,,,,,false,false,false,,,false,false,false,false,false,-83.19775,42.37706,"{
  ""coordinates"": [
    -8.319774878800000e+01,
    4.237705465500010e+01
  ],
  ""type"": ""Point""
}","{
  ""coordinates"": [
    -83.197748788,
    42.377054655
  ],
  ""type"": ""Point""
}",-83.197748788,42.3770546550001
15278,9259020,HUBBELL,KEELER,2015-04-23,23,4,2015,20,5,4,9,,1,0,,1,1,3,25,2,2,1,5,0,0,0,0,true,,false,false,true,false,false,,,,,,false,false,false,,,false,false,false,false,false,-83.19008,42.43349,"{
  ""coordinates"": [
    -8.319007502400000e+01,
    4.243349323000010e+01
  ],
  ""type"": ""Point""
}","{
  ""coordinates"": [
    -83.190075024,
    42.43349323
  ],
  ""type"": ""Point""
}",-83.190075024,42.4334932300001
15279,9251800,E I 96,RAMP 213G,2015-04-23,23,4,2015,9,5,5,1,,1,0,,1,2,1,55,4,2,2,5,0,0,0,0,true,,false,false,true,false,false,,,,,,false,false,true,,,false,false,false,false,false,-83.09837,42.34889,"{
  ""coordinates"": [
    -8.309836799899990e+01,
    4.234889367500010e+01
  ],
  ""type"": ""Point""
}","{
  ""coordinates"": [
    -83.098367999,
    42.348893675
  ],
  ""type"": ""Point""
}",-83.0983679989999,42.3488936750001
15280,9246457,MCNICHOLS,ASHTON,2015-04-23,23,4,2015,13,5,4,9,,2,0,,1,2,1,35,4,2,3,5,0,0,0,0,true,,false,false,false,false,false,,,,,,false,false,false,,,false,false,false,false,false,-83.22007,42.41553,"{
  ""coordinates"": [
    -8.322007109299990e+01,
    4.241553132500010e+01
  ],
  ""type"": ""Point""
}","{
  ""coordinates"": [
    -83.220071093,
    42.415531325
  ],
  ""type"": ""Point""
}",-83.2200710929999,42.4155313250001
15281,9246494,NEVADA,MOUNT ELLIOTT,2015-04-23,23,4,2015,6,5,8,9,,4,0,,1,1,1,25,2,2,2,5,0,0,0,0,true,,false,false,false,false,false,,,,,,false,false,false,,,false,false,false,false,false,-83.03848,42.42641,"{
  ""coordinates"": [
    -8.303847370299999e+01,
    4.242640606500000e+01
  ],
  ""type"": ""Point""
}","{
  ""coordinates"": [
    -83.038473703,
    42.426406065
  ],
  ""type"": ""Point""
}",-83.038473703,42.426406065
15282,9244997,FORT,GRISWOLD,2015-04-23,23,4,2015,17,5,6,3,,4,0,,1,1,1,25,4,2,4,3,0,0,1,1,false,,false,false,false,false,false,,,,,,false,true,false,,,false,false,false,false,false,-83.04741,42.3307,"{
  ""coordinates"": [
    -8.304740645399990e+01,
    4.233070358500000e+01
  ],
  ""type"": ""Point""
}","{
  ""coordinates"": [
    -83.047406454,
    42.330703585
  ],
  ""type"": ""Point""
}",-83.0474064539999,42.330703585
15283,9261362,FENKELL,ROSELAWN,2015-04-23,23,4,2015,23,5,1,9,,4,1,,1,1,5,30,2,1,0,5,0,0,0,0,true,,false,false,false,false,false,,,,,,false,false,false,,,false,false,false,false,false,-83.15168,42.40257,"{
  ""coordinates"": [
    -8.315167775899990e+01,
    4.240256894600000e+01
  ],
  ""type"": ""Point""
}","{
  ""coordinates"": [
    -83.151677759,
    42.402568946
  ],
  ""type"": ""Point""
}",-83.1516777589999,42.402568946
15284,9247101,PEMBROKE,LESURE,2015-04-23,23,4,2015,15,5,4,9,,5,0,,1,1,1,25,3,2,2,5,0,0,0,0,true,,false,false,false,false,false,,,,,,false,true,false,,,false,false,false,false,false,-83.18317,42.43823,"{
  ""coordinates"": [
    -8.318317424000000e+01,
    4.243823106400000e+01
  ],
  ""type"": ""Point""
}","{
  ""coordinates"": [
    -83.18317424,
    42.438231064
  ],
  ""type"": ""Point""
}",-83.18317424,42.438231064
15285,9246285,RAMP 216F,RAMP 216E,2015-04-23,23,4,2015,2,5,1,1,,1,1,,1,1,4,25,1,1,1,3,0,0,1,0,false,,false,false,false,false,false,,,,,,false,false,false,,,false,false,false,false,false,-83.05695,42.36732,"{
  ""coordinates"": [
    -8.305695506300000e+01,
    4.236732361200010e+01
  ],
  ""type"": ""Point""
}","{
  ""coordinates"": [
    -83.056955063,
    42.367323612
  ],
  ""type"": ""Point""
}",-83.056955063,42.3673236120001