ObjectId,Crash ID,Primary Road,Intersecting Road,Crash Date,Day,Month,Year,Hour,Weekday,Crash Type Code,Highway Classification Code,Community Code,Jurisdiction Code,Lane Departure Type Code,Surface Type,Road Condition,Weather Condition,Lighting Condition,Speed Limit,Lanes,Units,Occupants,Most Severe Injury,Fatal Injuries,Suspected Serious Injuries,Suspected Minor Injuries,Possible Injuries,Property Damage Only,Secondary Crash,Traffic Control,Red Light Run,Hit and Run,Alcohol,Drugs,Unbelted Person,Work Zone,Speeding Driver,Distracted Driver,Driveway,Pedestrian,Elderly Driver,Young Driver,Commercial Vehicle,Emergency Vehicles,Train,School Bus,Motorcycle,Bicycle,Deer,Longitude,Latitude,geom,geog,x,y
15286,9255764,PASADENA,ROSA PARKS,2015-04-23,23,4,2015,1,5,97,9,,,0,,97,98,98,25,1,2,0,5,0,0,0,0,true,,false,false,true,false,false,,,,,,false,false,false,,,false,false,false,false,false,-83.11477,42.3986,"{
  ""coordinates"": [
    -8.311477246600001e+01,
    4.239859929200000e+01
  ],
  ""type"": ""Point""
}","{
  ""coordinates"": [
    -83.114772466,
    42.398599292
  ],
  ""type"": ""Point""
}",-83.114772466,42.398599292
15287,9249413,N M 39,PLYMOUTH,2015-04-23,23,4,2015,17,5,5,3,,1,0,,1,1,1,55,3,2,2,5,0,0,0,0,true,,false,false,false,false,false,,,,,,false,false,true,,,false,false,false,false,false,-83.21661,42.37308,"{
  ""coordinates"": [
    -8.321661124900000e+01,
    4.237308019500010e+01
  ],
  ""type"": ""Point""
}","{
  ""coordinates"": [
    -83.216611249,
    42.373080195
  ],
  ""type"": ""Point""
}",-83.216611249,42.3730801950001
15288,9246282,I 96,GRAND,2015-04-23,23,4,2015,2,5,1,1,,1,1,,1,1,4,70,3,1,1,5,0,0,0,0,true,,false,false,true,false,false,,,,,,false,false,false,,,false,false,false,false,false,-83.11916,42.35967,"{
  ""coordinates"": [
    -8.311916683600001e+01,
    4.235966885300010e+01
  ],
  ""type"": ""Point""
}","{
  ""coordinates"": [
    -83.119166836,
    42.359668853
  ],
  ""type"": ""Point""
}",-83.119166836,42.3596688530001
15289,9245002,N I 75,WOODWARD,2015-04-23,23,4,2015,19,5,9,1,,1,2,,1,2,3,25,2,2,2,5,0,0,0,0,true,,false,false,false,false,false,,,,,,false,false,false,,,false,false,false,false,false,-83.05305,42.33973,"{
  ""coordinates"": [
    -8.305304454000000e+01,
    4.233973427800000e+01
  ],
  ""type"": ""Point""
}","{
  ""coordinates"": [
    -83.05304454,
    42.339734278
  ],
  ""type"": ""Point""
}",-83.05304454,42.339734278
15290,9246288,M39,JOY,2015-04-23,23,4,2015,15,5,1,3,,1,1,,1,2,1,55,3,1,1,5,0,0,0,0,true,,false,false,false,false,false,,,,,,false,false,false,,,false,false,false,false,false,-83.21655,42.36509,"{
  ""coordinates"": [
    -8.321655486100001e+01,
    4.236508491700000e+01
  ],
  ""type"": ""Point""
}","{
  ""coordinates"": [
    -83.216554861,
    42.365084917
  ],
  ""type"": ""Point""
}",-83.216554861,42.365084917
15291,9246415,WOODWARD,MILWAUKEE,2015-04-23,23,4,2015,12,5,9,3,,1,0,,1,2,1,25,3,2,3,5,0,0,0,0,true,,false,false,false,false,false,,,,,,false,false,false,,,false,false,false,false,false,-83.07262,42.36919,"{
  ""coordinates"": [
    -8.307261452700000e+01,
    4.236919509000010e+01
  ],
  ""type"": ""Point""
}","{
  ""coordinates"": [
    -83.072614527,
    42.36919509
  ],
  ""type"": ""Point""
}",-83.072614527,42.3691950900001
15292,9246410,I 75 SERVICE,GRAND,2015-04-23,23,4,2015,13,5,5,9,,4,0,,1,1,1,35,2,2,2,5,0,0,0,0,true,,false,false,false,false,false,,,,,,false,false,false,,,false,false,false,false,false,-83.06124,42.37442,"{
  ""coordinates"": [
    -8.306124079300000e+01,
    4.237441643400010e+01
  ],
  ""type"": ""Point""
}","{
  ""coordinates"": [
    -83.061240793,
    42.374416434
  ],
  ""type"": ""Point""
}",-83.061240793,42.3744164340001
15293,9245006,CLINTON,RAYNOR,2015-04-23,23,4,2015,18,5,97,9,,4,0,,1,1,1,25,2,2,3,5,0,0,0,0,true,,true,false,false,false,false,,,,,,false,false,true,,,false,false,false,false,false,-83.04299,42.33648,"{
  ""coordinates"": [
    -8.304299118599990e+01,
    4.233647608900000e+01
  ],
  ""type"": ""Point""
}","{
  ""coordinates"": [
    -83.042991186,
    42.336476089
  ],
  ""type"": ""Point""
}",-83.0429911859999,42.336476089
15294,9246477,MCNICOLS,WARWICK,2015-04-23,23,4,2015,17,5,6,9,,2,0,,1,2,1,35,4,2,3,4,0,0,0,2,false,,false,false,false,false,false,,,,,,false,true,false,,,false,false,false,false,false,-83.22916,42.41534,"{
  ""coordinates"": [
    -8.322916700000000e+01,
    4.241534595300000e+01
  ],
  ""type"": ""Point""
}","{
  ""coordinates"": [
    -83.229167,
    42.415345953
  ],
  ""type"": ""Point""
}",-83.229167,42.415345953
15295,9246484,S I 75 SERVICE DRIVE,RAMP 050C,2015-04-23,23,4,2015,15,5,1,1,,1,1,,1,2,1,30,3,1,1,4,0,0,0,1,false,,false,false,false,false,false,,,,,,false,false,false,,,false,false,false,false,false,-83.09536,42.44534,"{
  ""coordinates"": [
    -8.309536084000000e+01,
    4.244534414300010e+01
  ],
  ""type"": ""Point""
}","{
  ""coordinates"": [
    -83.09536084,
    42.445344143
  ],
  ""type"": ""Point""
}",-83.09536084,42.4453441430001
15296,9244228,HAYES,PROMENADE,2015-04-23,23,4,2015,6,5,4,9,,4,0,,1,1,4,30,4,3,3,5,0,0,0,0,true,,false,false,true,false,false,,,,,,false,false,true,,,false,false,false,false,false,-82.96471,42.41366,"{
  ""coordinates"": [
    -8.296471641999990e+01,
    4.241365844600010e+01
  ],
  ""type"": ""Point""
}","{
  ""coordinates"": [
    -82.96471642,
    42.413658446
  ],
  ""type"": ""Point""
}",-82.9647164199999,42.4136584460001
15297,9246260,I94,CASS,2015-04-23,23,4,2015,16,5,8,1,,1,0,,1,1,1,55,3,2,4,5,0,0,0,0,true,,false,false,false,false,false,,,,,,false,false,false,,,false,false,false,false,false,-83.07037,42.36299,"{
  ""coordinates"": [
    -8.307037511199999e+01,
    4.236299228100010e+01
  ],
  ""type"": ""Point""
}","{
  ""coordinates"": [
    -83.070375112,
    42.362992281
  ],
  ""type"": ""Point""
}",-83.070375112,42.3629922810001
15298,9244234,WOODINGHAM,MCNICHOLS,2015-04-23,23,4,2015,13,5,4,9,,,0,,1,2,1,25,2,3,2,5,0,0,0,0,true,,false,false,false,false,false,,,,,,false,false,true,,,false,false,false,false,false,-83.1501,42.41686,"{
  ""coordinates"": [
    -8.315009751699991e+01,
    4.241686139000010e+01
  ],
  ""type"": ""Point""
}","{
  ""coordinates"": [
    -83.150097517,
    42.41686139
  ],
  ""type"": ""Point""
}",-83.1500975169999,42.4168613900001
15299,9244150,W I 96,SOUTHFIELD SERVICE DRIVE,2015-04-23,23,4,2015,21,5,1,1,,1,1,,1,1,4,55,2,1,2,5,0,0,0,0,true,,false,false,false,false,false,,,,,,false,false,true,,,false,false,false,false,false,-83.21635,42.37881,"{
  ""coordinates"": [
    -8.321635361300000e+01,
    4.237880539200010e+01
  ],
  ""type"": ""Point""
}","{
  ""coordinates"": [
    -83.216353613,
    42.378805392
  ],
  ""type"": ""Point""
}",-83.216353613,42.3788053920001
15300,9245035,S M 39 SERVICE DRIVE,JOY,2015-04-23,23,4,2015,15,5,4,9,,4,0,,1,1,1,30,2,2,2,5,0,0,0,0,true,,false,false,false,false,false,,,,,,false,false,false,,,false,false,false,false,false,-83.2169,42.35783,"{
  ""coordinates"": [
    -8.321689945999999e+01,
    4.235783572700010e+01
  ],
  ""type"": ""Point""
}","{
  ""coordinates"": [
    -83.21689946,
    42.357835727
  ],
  ""type"": ""Point""
}",-83.21689946,42.3578357270001
15301,9245015,VERNOR,CLARKDALE,2015-04-23,23,4,2015,20,5,4,9,,4,0,,1,1,4,35,2,2,4,5,0,0,0,0,true,,false,false,false,false,false,,,,,,false,false,true,,,false,false,false,false,false,-83.09494,42.32063,"{
  ""coordinates"": [
    -8.309493795400000e+01,
    4.232062363100000e+01
  ],
  ""type"": ""Point""
}","{
  ""coordinates"": [
    -83.094937954,
    42.320623631
  ],
  ""type"": ""Point""
}",-83.094937954,42.320623631
15302,9250210,MORANG,SOMERSET,2015-04-23,23,4,2015,12,5,4,9,,4,0,,1,2,1,30,3,2,2,5,0,0,0,0,true,,false,false,true,false,false,,,,,,false,false,true,,,false,false,false,false,false,-82.94373,42.42356,"{
  ""coordinates"": [
    -8.294372416200000e+01,
    4.242355842500010e+01
  ],
  ""type"": ""Point""
}","{
  ""coordinates"": [
    -82.943724162,
    42.423558425
  ],
  ""type"": ""Point""
}",-82.943724162,42.4235584250001
15303,9243516,I-96,OUTER,2015-04-23,23,4,2015,4,5,5,1,,1,0,,1,1,4,65,4,2,3,5,0,0,0,0,true,,false,false,true,false,false,,,,,,false,false,false,,,false,false,false,false,false,-83.25581,42.3856,"{
  ""coordinates"": [
    -8.325580891999989e+01,
    4.238560594800000e+01
  ],
  ""type"": ""Point""
}","{
  ""coordinates"": [
    -83.25580892,
    42.385605948
  ],
  ""type"": ""Point""
}",-83.2558089199999,42.385605948
15304,9245003,N I 75,RAMP 045A,2015-04-23,23,4,2015,19,5,5,1,,1,0,,1,1,1,55,3,2,1,5,0,0,0,0,true,,false,false,false,false,false,,,,,,false,false,false,,,false,false,false,false,false,-83.06095,42.37591,"{
  ""coordinates"": [
    -8.306095419300000e+01,
    4.237591312600010e+01
  ],
  ""type"": ""Point""
}","{
  ""coordinates"": [
    -83.060954193,
    42.375913126
  ],
  ""type"": ""Point""
}",-83.060954193,42.3759131260001
15305,9245001,LARNED,RANDOLPH,2015-04-23,23,4,2015,11,5,8,3,,4,0,,1,1,1,35,3,2,2,5,0,0,0,0,true,,false,false,false,false,false,,,,,,false,false,true,,,false,false,false,false,false,-83.04282,42.33045,"{
  ""coordinates"": [
    -8.304282272200000e+01,
    4.233045365700010e+01
  ],
  ""type"": ""Point""
}","{
  ""coordinates"": [
    -83.042822722,
    42.330453657
  ],
  ""type"": ""Point""
}",-83.042822722,42.3304536570001
15306,9244235,PEMBROKE,LESURE,2015-04-23,23,4,2015,12,5,4,9,,5,0,,1,1,1,25,2,2,2,5,0,0,0,0,true,,false,false,false,false,false,,,,,,false,true,false,,,false,false,false,false,false,-83.18317,42.43823,"{
  ""coordinates"": [
    -8.318317424000000e+01,
    4.243823106400000e+01
  ],
  ""type"": ""Point""
}","{
  ""coordinates"": [
    -83.18317424,
    42.438231064
  ],
  ""type"": ""Point""
}",-83.18317424,42.438231064
15307,9245024,MOROSS,CHESTER,2015-04-23,23,4,2015,9,5,1,9,,2,0,,1,1,1,35,3,1,1,5,0,0,0,0,true,,true,false,false,false,false,,,,,,false,false,false,,,false,false,false,false,false,-82.92283,42.42216,"{
  ""coordinates"": [
    -8.292282767899999e+01,
    4.242215822900000e+01
  ],
  ""type"": ""Point""
}","{
  ""coordinates"": [
    -82.922827679,
    42.422158229
  ],
  ""type"": ""Point""
}",-82.922827679,42.422158229
15308,9251083,8 MILE,MITCHELL,2015-04-23,23,4,2015,6,5,97,3,,1,0,,1,2,1,40,2,2,2,5,0,0,0,0,true,,false,false,false,false,false,,,,,,false,false,true,,,false,false,false,false,false,-83.07323,42.44714,"{
  ""coordinates"": [
    -8.307322675599990e+01,
    4.244714531900010e+01
  ],
  ""type"": ""Point""
}","{
  ""coordinates"": [
    -83.073226756,
    42.447145319
  ],
  ""type"": ""Point""
}",-83.0732267559999,42.4471453190001
15309,9245042,8 MILE,SHAKESPEAR,2015-04-23,23,4,2015,19,5,8,3,,1,0,,1,1,1,35,6,2,5,5,0,0,0,0,true,,false,false,false,false,false,,,,,,false,false,true,,,false,false,false,false,false,-82.94865,42.45019,"{
  ""coordinates"": [
    -8.294865314200000e+01,
    4.245019233800010e+01
  ],
  ""type"": ""Point""
}","{
  ""coordinates"": [
    -82.948653142,
    42.450192338
  ],
  ""type"": ""Point""
}",-82.948653142,42.4501923380001
15310,9258997,WHITTAKER,BEARD,2015-04-23,23,4,2015,10,5,2,9,,,2,,1,1,1,25,2,2,1,5,0,0,0,0,true,,false,false,false,false,false,,,,,,false,false,false,,,false,false,false,false,false,-83.12166,42.31286,"{
  ""coordinates"": [
    -8.312165809399990e+01,
    4.231285788300000e+01
  ],
  ""type"": ""Point""
}","{
  ""coordinates"": [
    -83.121658094,
    42.312857883
  ],
  ""type"": ""Point""
}",-83.1216580939999,42.312857883
15311,9245041,FLANDERS,CHALMERS,2015-04-23,23,4,2015,22,5,5,9,,,0,,1,1,5,25,1,2,7,4,0,0,0,1,false,,false,false,true,false,false,,,,,,false,false,false,,,false,false,false,false,false,-82.97295,42.41945,"{
  ""coordinates"": [
    -8.297295117600000e+01,
    4.241944668300000e+01
  ],
  ""type"": ""Point""
}","{
  ""coordinates"": [
    -82.972951176,
    42.419446683
  ],
  ""type"": ""Point""
}",-82.972951176,42.419446683
15312,9251039,CONGRESS,WOODWARD,2015-04-23,23,4,2015,15,5,5,9,,4,0,,1,1,1,25,4,2,2,5,0,0,0,0,true,,false,false,false,false,false,,,,,,false,false,true,,,false,false,false,false,false,-83.04598,42.33014,"{
  ""coordinates"": [
    -8.304598353800000e+01,
    4.233013938600000e+01
  ],
  ""type"": ""Point""
}","{
  ""coordinates"": [
    -83.045983538,
    42.330139386
  ],
  ""type"": ""Point""
}",-83.045983538,42.330139386
15313,9246466,OUTER,VERNE,2015-04-23,23,4,2015,12,5,8,9,,2,0,,1,2,1,35,3,2,1,5,0,0,0,0,true,,false,false,false,false,false,,,,,,false,false,false,,,false,false,false,false,false,-83.23156,42.41143,"{
  ""coordinates"": [
    -8.323156077000000e+01,
    4.241142615000010e+01
  ],
  ""type"": ""Point""
}","{
  ""coordinates"": [
    -83.23156077,
    42.41142615
  ],
  ""type"": ""Point""
}",-83.23156077,42.4114261500001
15314,9244233,ROSELAWN,SANTA MARIA,2015-04-23,23,4,2015,8,5,8,9,,,0,,1,2,1,25,2,2,1,5,0,0,0,0,true,,false,false,false,false,false,,,,,,false,false,false,,,false,false,false,false,false,-83.15246,42.41881,"{
  ""coordinates"": [
    -8.315245679000000e+01,
    4.241881195800000e+01
  ],
  ""type"": ""Point""
}","{
  ""coordinates"": [
    -83.15245679,
    42.418811958
  ],
  ""type"": ""Point""
}",-83.15245679,42.418811958
15315,9251108,FOREST,CASS,2015-04-23,23,4,2015,21,5,1,9,,4,0,,1,1,5,30,3,2,1,4,0,0,0,1,false,,false,false,false,false,false,,,,,,true,true,false,,,false,false,false,false,false,-83.06537,42.35374,"{
  ""coordinates"": [
    -8.306536689799999e+01,
    4.235373668800000e+01
  ],
  ""type"": ""Point""
}","{
  ""coordinates"": [
    -83.065366898,
    42.353736688
  ],
  ""type"": ""Point""
}",-83.065366898,42.353736688
15316,9244224,GREENFIELD,SAINT MARTINS,2015-04-23,23,4,2015,14,5,5,9,,2,0,,1,2,1,35,4,2,3,4,0,0,0,2,false,,false,false,true,false,false,,,,,,false,true,false,,,false,false,false,false,false,-83.2001,42.43579,"{
  ""coordinates"": [
    -8.320009369500001e+01,
    4.243579609500010e+01
  ],
  ""type"": ""Point""
}","{
  ""coordinates"": [
    -83.200093695,
    42.435796095
  ],
  ""type"": ""Point""
}",-83.200093695,42.4357960950001
15317,9425625,GRAND RIVER,I 75 SERVICE,2015-04-23,23,4,2015,22,5,8,3,,1,0,,1,1,4,35,6,2,3,5,0,0,0,0,true,,false,false,false,false,false,,,,,,false,false,true,,,false,false,false,false,false,-83.05989,42.3368,"{
  ""coordinates"": [
    -8.305989347300000e+01,
    4.233679577100000e+01
  ],
  ""type"": ""Point""
}","{
  ""coordinates"": [
    -83.059893473,
    42.336795771
  ],
  ""type"": ""Point""
}",-83.059893473,42.336795771
15318,9243537,MEYERS,JOHN LODGE SD,2015-04-23,23,4,2015,3,5,4,9,,4,0,,1,1,4,30,2,2,2,4,0,0,0,1,false,,true,true,false,false,false,,,,,,false,false,true,,,false,false,false,false,false,-83.16998,42.41415,"{
  ""coordinates"": [
    -8.316997709499999e+01,
    4.241415006600000e+01
  ],
  ""type"": ""Point""
}","{
  ""coordinates"": [
    -83.169977095,
    42.414150066
  ],
  ""type"": ""Point""
}",-83.169977095,42.414150066
15319,9245072,WARREN,ANTHONY WAYNE,2015-04-23,23,4,2015,15,5,8,9,,4,0,,1,2,1,30,4,2,2,5,0,0,0,0,true,,false,false,false,false,false,,,,,,false,false,true,,,false,false,false,false,false,-83.07164,42.35431,"{
  ""coordinates"": [
    -8.307163892200001e+01,
    4.235431432400000e+01
  ],
  ""type"": ""Point""
}","{
  ""coordinates"": [
    -83.071638922,
    42.354314324
  ],
  ""type"": ""Point""
}",-83.071638922,42.354314324
15320,9245005,JEFFERSON,BEAUBIEN,2015-04-23,23,4,2015,17,5,8,4,,1,0,,1,1,1,35,4,2,3,5,0,0,0,0,true,,false,false,false,false,false,,,,,,false,false,false,,,false,false,false,false,false,-83.03963,42.33059,"{
  ""coordinates"": [
    -8.303963047600000e+01,
    4.233059429200010e+01
  ],
  ""type"": ""Point""
}","{
  ""coordinates"": [
    -83.039630476,
    42.330594292
  ],
  ""type"": ""Point""
}",-83.039630476,42.3305942920001
15321,9259031,DIX,VERNOR,2015-04-23,23,4,2015,15,5,4,9,,4,0,,1,2,1,30,4,2,4,5,0,0,0,0,true,,true,true,false,false,false,,,,,,false,false,false,,,false,false,false,false,false,-83.11664,42.29094,"{
  ""coordinates"": [
    -8.311663580600001e+01,
    4.229093867400010e+01
  ],
  ""type"": ""Point""
}","{
  ""coordinates"": [
    -83.116635806,
    42.290938674
  ],
  ""type"": ""Point""
}",-83.116635806,42.2909386740001
15322,9246409,WOODWARD,CUSTER,2015-04-23,23,4,2015,9,5,4,3,,1,0,,1,1,1,30,1,2,4,5,0,0,0,0,true,,false,false,false,false,false,,,,,,false,false,true,,,false,false,false,false,false,-83.07428,42.37174,"{
  ""coordinates"": [
    -8.307427660499999e+01,
    4.237174018700010e+01
  ],
  ""type"": ""Point""
}","{
  ""coordinates"": [
    -83.074276605,
    42.371740187
  ],
  ""type"": ""Point""
}",-83.074276605,42.3717401870001
15323,9245044,JEFFERSON,HURLBUT,2015-04-23,23,4,2015,16,5,8,9,,4,0,,1,1,1,35,7,2,2,5,0,0,0,0,true,,false,false,false,false,false,,,,,,false,false,false,,,false,false,false,false,false,-82.98087,42.36172,"{
  ""coordinates"": [
    -8.298086571300000e+01,
    4.236171895800000e+01
  ],
  ""type"": ""Point""
}","{
  ""coordinates"": [
    -82.980865713,
    42.361718958
  ],
  ""type"": ""Point""
}",-82.980865713,42.361718958
15324,9246276,E/B I-96,GRAND,2015-04-23,23,4,2015,7,5,5,1,,1,0,,1,1,1,55,5,2,3,4,0,0,0,1,false,,false,false,false,false,false,,,,,,false,false,false,,,false,false,false,false,false,-83.11492,42.35786,"{
  ""coordinates"": [
    -8.311491875099991e+01,
    4.235786153200010e+01
  ],
  ""type"": ""Point""
}","{
  ""coordinates"": [
    -83.114918751,
    42.357861532
  ],
  ""type"": ""Point""
}",-83.1149187509999,42.3578615320001
15325,9246289,S I 75,CONSOLIDATED RAIL CORPORATION,2015-04-23,23,4,2015,16,5,5,1,,1,0,,1,2,1,55,4,2,2,5,0,0,0,0,true,,false,false,false,false,false,,,,,,false,false,true,,,false,false,false,false,false,-83.06098,42.37551,"{
  ""coordinates"": [
    -8.306098161200001e+01,
    4.237551349400010e+01
  ],
  ""type"": ""Point""
}","{
  ""coordinates"": [
    -83.060981612,
    42.375513494
  ],
  ""type"": ""Point""
}",-83.060981612,42.3755134940001
15326,9246268,I-96,FULLERTON,2015-04-23,23,4,2015,7,5,1,1,,1,1,,1,2,1,55,4,1,1,4,0,0,0,1,false,,false,false,false,false,false,,,,,,false,false,false,,,false,false,false,false,false,-83.18434,42.38175,"{
  ""coordinates"": [
    -8.318434087000000e+01,
    4.238175092900010e+01
  ],
  ""type"": ""Point""
}","{
  ""coordinates"": [
    -83.18434087,
    42.381750929
  ],
  ""type"": ""Point""
}",-83.18434087,42.3817509290001
15327,9246394,WOODWARD,LONGFELLOW,2015-04-23,23,4,2015,8,5,5,3,,1,0,,1,2,1,35,3,2,2,5,0,0,0,0,true,,false,false,false,false,false,,,,,,false,false,true,,,false,false,false,false,false,-83.08355,42.38552,"{
  ""coordinates"": [
    -8.308355058900000e+01,
    4.238551829700000e+01
  ],
  ""type"": ""Point""
}","{
  ""coordinates"": [
    -83.083550589,
    42.385518297
  ],
  ""type"": ""Point""
}",-83.083550589,42.385518297
15328,9245013,LIVERNOIS,VERNOR,2015-04-23,23,4,2015,14,5,9,9,,4,0,,1,1,1,30,3,2,3,5,0,0,0,0,true,,false,false,true,false,false,,,,,,false,false,false,,,false,false,false,false,false,-83.10997,42.31561,"{
  ""coordinates"": [
    -8.310996965100000e+01,
    4.231561227600000e+01
  ],
  ""type"": ""Point""
}","{
  ""coordinates"": [
    -83.109969651,
    42.315612276
  ],
  ""type"": ""Point""
}",-83.109969651,42.315612276
15329,9244238,WYOMING,FENKELL,2015-04-23,23,4,2015,20,5,8,9,,4,0,,1,1,1,30,2,2,3,5,0,0,0,0,true,,true,false,false,false,false,,,,,,false,false,true,,,false,false,false,false,false,-83.15968,42.40248,"{
  ""coordinates"": [
    -8.315967373500000e+01,
    4.240248517600000e+01
  ],
  ""type"": ""Point""
}","{
  ""coordinates"": [
    -83.159673735,
    42.402485176
  ],
  ""type"": ""Point""
}",-83.159673735,42.402485176
15330,9244220,HARPER,WOODHALL,2015-04-23,23,4,2015,10,5,8,9,,4,0,,1,2,1,30,2,2,3,5,0,0,0,0,true,,false,false,false,false,false,,,,,,false,false,false,,,false,false,false,false,false,-82.9332,42.4184,"{
  ""coordinates"": [
    -8.293320453099990e+01,
    4.241839826400010e+01
  ],
  ""type"": ""Point""
}","{
  ""coordinates"": [
    -82.933204531,
    42.418398264
  ],
  ""type"": ""Point""
}",-82.9332045309999,42.4183982640001
15331,9246485,MORAN,LAWLEY,2015-04-23,23,4,2015,12,5,97,9,,,0,,1,1,1,20,2,2,2,5,0,0,0,0,true,,false,false,false,false,false,,,,,,false,false,false,,,false,false,false,false,false,-83.06098,42.41307,"{
  ""coordinates"": [
    -8.306097962699990e+01,
    4.241307101600010e+01
  ],
  ""type"": ""Point""
}","{
  ""coordinates"": [
    -83.060979627,
    42.413071016
  ],
  ""type"": ""Point""
}",-83.0609796269999,42.4130710160001
15332,9250213,HOOVER,BRINGARD,2015-04-23,23,4,2015,16,5,4,3,,1,0,,1,2,1,30,2,2,2,4,0,0,0,1,false,,false,false,false,false,false,,,,,,false,false,true,,,false,false,false,false,false,-83.0051,42.44536,"{
  ""coordinates"": [
    -8.300509546099990e+01,
    4.244535988300000e+01
  ],
  ""type"": ""Point""
}","{
  ""coordinates"": [
    -83.005095461,
    42.445359883
  ],
  ""type"": ""Point""
}",-83.0050954609999,42.445359883
15333,9243547,HUBBELL,SANTA MARIA,2015-04-22,22,4,2015,8,4,1,9,,4,0,,1,2,1,30,2,1,1,5,0,0,0,0,true,,false,false,false,false,false,,,,,,false,false,false,,,false,false,false,false,false,-83.1896,42.41838,"{
  ""coordinates"": [
    -8.318960006000000e+01,
    4.241837528500000e+01
  ],
  ""type"": ""Point""
}","{
  ""coordinates"": [
    -83.18960006,
    42.418375285
  ],
  ""type"": ""Point""
}",-83.18960006,42.418375285
15334,9246482,8 MILE,DEQUINDRE,2015-04-22,22,4,2015,16,4,5,3,,1,0,,1,2,1,40,3,2,4,5,0,0,0,0,true,,false,false,false,false,false,,,,,,false,false,false,,,false,false,false,false,false,-83.08376,42.44701,"{
  ""coordinates"": [
    -8.308375202300000e+01,
    4.244701447400010e+01
  ],
  ""type"": ""Point""
}","{
  ""coordinates"": [
    -83.083752023,
    42.447014474
  ],
  ""type"": ""Point""
}",-83.083752023,42.4470144740001
15335,9246456,GREENFIELD,VERNE,2015-04-22,22,4,2015,12,4,5,9,,2,0,,1,2,1,35,4,2,0,5,0,0,0,0,true,,false,false,true,false,false,,,,,,false,false,false,,,false,false,false,false,false,-83.19916,42.41214,"{
  ""coordinates"": [
    -8.319915464800000e+01,
    4.241213956700010e+01
  ],
  ""type"": ""Point""
}","{
  ""coordinates"": [
    -83.199154648,
    42.412139567
  ],
  ""type"": ""Point""
}",-83.199154648,42.4121395670001
15336,9246443,RUSSELL,WILKINS,2015-04-22,22,4,2015,17,4,4,9,,4,0,,1,2,1,25,4,2,1,5,0,0,0,0,true,,false,false,true,false,false,,,,,,false,true,false,,,false,false,false,false,false,-83.04221,42.34897,"{
  ""coordinates"": [
    -8.304221108300000e+01,
    4.234897346000000e+01
  ],
  ""type"": ""Point""
}","{
  ""coordinates"": [
    -83.042211083,
    42.34897346
  ],
  ""type"": ""Point""
}",-83.042211083,42.34897346
15337,9243331,S/B I-75,WARREN,2015-04-22,22,4,2015,18,4,5,1,,1,0,,1,1,1,55,4,2,1,4,0,0,0,1,false,,false,false,false,false,false,,,,,,false,false,false,,,false,false,false,false,false,-83.05434,42.36056,"{
  ""coordinates"": [
    -8.305434415199990e+01,
    4.236055993700010e+01
  ],
  ""type"": ""Point""
}","{
  ""coordinates"": [
    -83.054344152,
    42.360559937
  ],
  ""type"": ""Point""
}",-83.0543441519999,42.3605599370001
15338,9249392,ALEXANDRINE,JOHN R,2015-04-22,22,4,2015,10,4,5,9,,4,0,,1,1,1,25,2,2,8,5,0,0,0,0,true,,false,false,false,false,false,,,,,,false,false,false,,,false,false,false,false,false,-83.05806,42.35141,"{
  ""coordinates"": [
    -8.305805840600000e+01,
    4.235141359500010e+01
  ],
  ""type"": ""Point""
}","{
  ""coordinates"": [
    -83.058058406,
    42.351413595
  ],
  ""type"": ""Point""
}",-83.058058406,42.3514135950001
15339,9246414,WARREN,S I 75,2015-04-22,22,4,2015,5,4,8,9,,4,0,,1,1,2,30,5,2,3,5,0,0,0,0,true,,false,false,false,false,false,,,,,,false,false,true,,,false,false,false,false,false,-83.05457,42.36091,"{
  ""coordinates"": [
    -8.305457134800000e+01,
    4.236091009900010e+01
  ],
  ""type"": ""Point""
}","{
  ""coordinates"": [
    -83.054571348,
    42.360910099
  ],
  ""type"": ""Point""
}",-83.054571348,42.3609100990001
15340,9449880,8 MILE,I 75,2015-04-22,22,4,2015,23,4,8,3,,1,0,,1,1,4,40,4,2,2,5,0,0,0,0,true,,false,false,true,false,false,,,,,,false,false,false,,,false,false,false,false,false,-83.09418,42.44682,"{
  ""coordinates"": [
    -8.309418666300000e+01,
    4.244681428300000e+01
  ],
  ""type"": ""Point""
}","{
  ""coordinates"": [
    -83.094186663,
    42.446814283
  ],
  ""type"": ""Point""
}",-83.094186663,42.446814283
15341,9243518,E I 96 CD,RAMP 136A,2015-04-22,22,4,2015,8,4,97,1,,1,0,,1,1,1,25,2,2,7,5,0,0,0,0,true,,false,false,false,false,false,,,,,,false,true,false,,,false,true,false,false,false,-83.20365,42.37885,"{
  ""coordinates"": [
    -8.320365047800000e+01,
    4.237884409000000e+01
  ],
  ""type"": ""Point""
}","{
  ""coordinates"": [
    -83.203650478,
    42.37884409
  ],
  ""type"": ""Point""
}",-83.203650478,42.37884409
15342,9244222,FIELD,VERNOR,2015-04-22,22,4,2015,16,4,4,9,,,0,,1,2,1,35,3,2,1,5,0,0,0,0,true,,false,false,true,false,false,,,,,,false,false,true,,,false,false,false,false,false,-83.00728,42.35825,"{
  ""coordinates"": [
    -8.300727478700000e+01,
    4.235825175500000e+01
  ],
  ""type"": ""Point""
}","{
  ""coordinates"": [
    -83.007274787,
    42.358251755
  ],
  ""type"": ""Point""
}",-83.007274787,42.358251755