ObjectId,Crash ID,Primary Road,Intersecting Road,Crash Date,Day,Month,Year,Hour,Weekday,Crash Type Code,Highway Classification Code,Community Code,Jurisdiction Code,Lane Departure Type Code,Surface Type,Road Condition,Weather Condition,Lighting Condition,Speed Limit,Lanes,Units,Occupants,Most Severe Injury,Fatal Injuries,Suspected Serious Injuries,Suspected Minor Injuries,Possible Injuries,Property Damage Only,Secondary Crash,Traffic Control,Red Light Run,Hit and Run,Alcohol,Drugs,Unbelted Person,Work Zone,Speeding Driver,Distracted Driver,Driveway,Pedestrian,Elderly Driver,Young Driver,Commercial Vehicle,Emergency Vehicles,Train,School Bus,Motorcycle,Bicycle,Deer,Longitude,Latitude,geom,geog,x,y
15343,9246405,S I 75 SERVICE DRIVE,WARREN,2015-04-22,22,4,2015,8,4,4,1,,4,0,,1,1,1,25,3,2,2,5,0,0,0,0,true,,false,false,false,false,false,,,,,,false,false,true,,,false,false,false,false,false,-83.055,42.36077,"{
  ""coordinates"": [
    -8.305500064300000e+01,
    4.236076983000000e+01
  ],
  ""type"": ""Point""
}","{
  ""coordinates"": [
    -83.055000643,
    42.36076983
  ],
  ""type"": ""Point""
}",-83.055000643,42.36076983
15344,9243524,TELEGRAPH,MCNICHOLS,2015-04-22,22,4,2015,8,4,5,2,,1,0,,1,1,1,45,2,2,2,5,0,0,0,0,true,,false,false,false,false,false,,,,,,false,false,false,,,false,false,false,false,false,-83.2774,42.41462,"{
  ""coordinates"": [
    -8.327740329499990e+01,
    4.241461583100000e+01
  ],
  ""type"": ""Point""
}","{
  ""coordinates"": [
    -83.277403295,
    42.414615831
  ],
  ""type"": ""Point""
}",-83.2774032949999,42.414615831
15345,9245608,S M 10,RAMP 122B,2015-04-22,22,4,2015,2,4,5,3,,1,0,,1,2,4,55,2,2,2,5,0,0,0,0,true,,false,false,false,false,false,,,,,,false,true,true,,,false,false,false,false,false,-83.06514,42.33651,"{
  ""coordinates"": [
    -8.306513941100000e+01,
    4.233650809200000e+01
  ],
  ""type"": ""Point""
}","{
  ""coordinates"": [
    -83.065139411,
    42.336508092
  ],
  ""type"": ""Point""
}",-83.065139411,42.336508092
15346,9286759,ROSELAWN,INTERVALE,2015-04-22,22,4,2015,8,4,5,9,,,0,,1,2,1,25,1,3,1,4,0,0,0,1,false,,false,false,false,false,false,,,,,,false,false,true,,,false,false,false,false,false,-83.15089,42.39088,"{
  ""coordinates"": [
    -8.315088305899999e+01,
    4.239088187500000e+01
  ],
  ""type"": ""Point""
}","{
  ""coordinates"": [
    -83.150883059,
    42.390881875
  ],
  ""type"": ""Point""
}",-83.150883059,42.390881875
15347,9243476,GREENFIELD,TYLER,2015-04-22,22,4,2015,19,4,5,9,,2,0,,1,1,1,35,5,2,1,5,0,0,0,0,true,,false,false,true,false,false,,,,,,false,false,false,,,false,false,false,false,false,-83.19801,42.38378,"{
  ""coordinates"": [
    -8.319800235199990e+01,
    4.238377953100010e+01
  ],
  ""type"": ""Point""
}","{
  ""coordinates"": [
    -83.198002352,
    42.383779531
  ],
  ""type"": ""Point""
}",-83.1980023519999,42.3837795310001
15348,9448402,WOODBINE,GROVE,2015-04-22,22,4,2015,11,4,4,9,,,0,,1,1,1,25,4,2,3,5,0,0,0,0,true,,false,false,true,false,false,,,,,,false,false,false,,,false,false,false,false,false,-83.27821,42.41201,"{
  ""coordinates"": [
    -8.327821182100000e+01,
    4.241200740800010e+01
  ],
  ""type"": ""Point""
}","{
  ""coordinates"": [
    -83.278211821,
    42.412007408
  ],
  ""type"": ""Point""
}",-83.278211821,42.4120074080001
15349,9243288,RAMP 008B,E I 96 CD,2015-04-22,22,4,2015,14,4,5,1,,1,0,,1,2,1,55,2,2,2,5,0,0,0,0,true,,false,false,false,false,false,,,,,,false,false,true,,,false,false,false,false,false,-83.20874,42.37841,"{
  ""coordinates"": [
    -8.320873645400000e+01,
    4.237841586800000e+01
  ],
  ""type"": ""Point""
}","{
  ""coordinates"": [
    -83.208736454,
    42.378415868
  ],
  ""type"": ""Point""
}",-83.208736454,42.378415868
15350,9243298,I-96,MICHIGAN,2015-04-22,22,4,2015,9,4,5,1,,1,0,,1,1,1,70,4,2,2,5,0,0,0,0,true,,false,false,false,false,false,,,,,,false,false,false,,,false,false,false,false,false,-83.08955,42.33464,"{
  ""coordinates"": [
    -8.308955207600000e+01,
    4.233464497700000e+01
  ],
  ""type"": ""Point""
}","{
  ""coordinates"": [
    -83.089552076,
    42.334644977
  ],
  ""type"": ""Point""
}",-83.089552076,42.334644977
15351,9245596,RAMP 037E,RAMP 037F,2015-04-22,22,4,2015,1,4,1,1,,1,1,,1,1,4,55,1,1,3,4,0,0,0,3,false,,false,false,false,true,false,,,,,,false,false,false,,,false,false,false,false,false,-83.08318,42.33324,"{
  ""coordinates"": [
    -8.308317741699990e+01,
    4.233324586200010e+01
  ],
  ""type"": ""Point""
}","{
  ""coordinates"": [
    -83.083177417,
    42.333245862
  ],
  ""type"": ""Point""
}",-83.0831774169999,42.3332458620001
15352,9257957,CASS,FERRY,2015-04-22,22,4,2015,15,4,97,9,,4,0,,1,2,1,25,2,2,1,5,0,0,0,0,true,,false,false,false,false,false,,,,,,false,false,false,,,false,false,false,false,false,-83.06933,42.36068,"{
  ""coordinates"": [
    -8.306933014500000e+01,
    4.236068039800010e+01
  ],
  ""type"": ""Point""
}","{
  ""coordinates"": [
    -83.069330145,
    42.360680398
  ],
  ""type"": ""Point""
}",-83.069330145,42.3606803980001
15353,9243543,EIGHT MILE,WOODWARD,2015-04-22,22,4,2015,16,4,5,3,,1,0,,1,2,1,40,3,2,3,5,0,0,0,0,true,,false,false,false,false,false,,,,,,false,true,true,,,false,false,false,false,false,-83.12392,42.44653,"{
  ""coordinates"": [
    -8.312391300400000e+01,
    4.244653282200010e+01
  ],
  ""type"": ""Point""
}","{
  ""coordinates"": [
    -83.123913004,
    42.446532822
  ],
  ""type"": ""Point""
}",-83.123913004,42.4465328220001
15354,9243287,M-39,MCNICHOLS,2015-04-22,22,4,2015,9,4,1,3,,1,1,,1,2,1,55,3,1,1,5,0,0,0,0,true,,false,false,false,false,false,,,,,,false,false,true,,,false,false,false,false,false,-83.21873,42.41701,"{
  ""coordinates"": [
    -8.321873197100000e+01,
    4.241700922500010e+01
  ],
  ""type"": ""Point""
}","{
  ""coordinates"": [
    -83.218731971,
    42.417009225
  ],
  ""type"": ""Point""
}",-83.218731971,42.4170092250001
15355,9246283,I-75,CLAY,2015-04-22,22,4,2015,9,4,5,1,,1,0,,1,2,1,55,4,2,1,4,0,0,0,2,false,,false,false,false,false,false,,,,,,false,false,true,,,false,false,false,false,false,-83.06202,42.37706,"{
  ""coordinates"": [
    -8.306202283899999e+01,
    4.237705771700010e+01
  ],
  ""type"": ""Point""
}","{
  ""coordinates"": [
    -83.062022839,
    42.377057717
  ],
  ""type"": ""Point""
}",-83.062022839,42.3770577170001
15356,9244221,N M 39,RAMP 006A,2015-04-22,22,4,2015,9,4,8,3,,1,0,,1,1,1,55,3,2,1,5,0,0,0,0,true,,false,false,true,false,false,,,,,,false,false,false,,,false,false,false,false,false,-83.216,42.33958,"{
  ""coordinates"": [
    -8.321599300299989e+01,
    4.233958260500000e+01
  ],
  ""type"": ""Point""
}","{
  ""coordinates"": [
    -83.215993003,
    42.339582605
  ],
  ""type"": ""Point""
}",-83.2159930029999,42.339582605
15357,9243544,EIGHT MILE,WOODWARD,2015-04-22,22,4,2015,17,4,5,3,,1,0,,1,2,1,40,3,2,3,5,0,0,0,0,true,,false,false,false,false,false,,,,,,false,false,true,,,false,false,false,false,false,-83.12392,42.44653,"{
  ""coordinates"": [
    -8.312391300400000e+01,
    4.244653282200010e+01
  ],
  ""type"": ""Point""
}","{
  ""coordinates"": [
    -83.123913004,
    42.446532822
  ],
  ""type"": ""Point""
}",-83.123913004,42.4465328220001
15358,9243481,FENKELL,ARDMORE,2015-04-22,22,4,2015,15,4,5,9,,2,0,,1,2,1,30,4,2,1,5,0,0,0,0,true,,false,false,false,false,false,,,,,,false,true,false,,,false,false,false,false,false,-83.18456,42.40194,"{
  ""coordinates"": [
    -8.318455636000000e+01,
    4.240193497400000e+01
  ],
  ""type"": ""Point""
}","{
  ""coordinates"": [
    -83.18455636,
    42.401934974
  ],
  ""type"": ""Point""
}",-83.18455636,42.401934974
15359,9245075,N I 75 SERVICE DRIVE,MACK,2015-04-22,22,4,2015,11,4,4,1,,5,0,,1,2,1,35,5,2,3,5,0,0,0,0,true,,false,false,false,false,false,,,,,,false,false,false,,,false,false,false,false,false,-83.04749,42.35151,"{
  ""coordinates"": [
    -8.304749006799990e+01,
    4.235151183400010e+01
  ],
  ""type"": ""Point""
}","{
  ""coordinates"": [
    -83.047490068,
    42.351511834
  ],
  ""type"": ""Point""
}",-83.0474900679999,42.3515118340001
15360,9246492,CAMERON,EMERY,2015-04-22,22,4,2015,17,4,8,9,,,0,,1,1,1,25,1,2,2,5,0,0,0,0,true,,false,false,false,false,false,,,,,,false,false,false,,,false,false,false,false,false,-83.09373,42.43533,"{
  ""coordinates"": [
    -8.309372454100000e+01,
    4.243532842900000e+01
  ],
  ""type"": ""Point""
}","{
  ""coordinates"": [
    -83.093724541,
    42.435328429
  ],
  ""type"": ""Point""
}",-83.093724541,42.435328429
15361,9245012,WITT,LAWNDALE,2015-04-22,22,4,2015,22,4,97,9,,,3,,1,2,5,25,2,2,0,5,0,0,0,0,true,,false,false,true,false,false,,,,,,false,false,false,,,false,false,false,false,false,-83.12985,42.29782,"{
  ""coordinates"": [
    -8.312985001399990e+01,
    4.229782115400010e+01
  ],
  ""type"": ""Point""
}","{
  ""coordinates"": [
    -83.129850014,
    42.297821154
  ],
  ""type"": ""Point""
}",-83.1298500139999,42.2978211540001
15362,9243289,I-96,JOY,2015-04-22,22,4,2015,16,4,5,1,,1,0,,1,2,1,70,4,3,3,5,0,0,0,0,true,,false,false,false,false,false,,,,,,false,true,true,,,false,false,false,false,false,-83.1294,42.36389,"{
  ""coordinates"": [
    -8.312940201299990e+01,
    4.236389297700000e+01
  ],
  ""type"": ""Point""
}","{
  ""coordinates"": [
    -83.129402013,
    42.363892977
  ],
  ""type"": ""Point""
}",-83.1294020129999,42.363892977
15363,9245028,IRVINGTON,STATEFAIR,2015-04-22,22,4,2015,20,4,97,9,,,0,,2,2,3,25,2,2,0,5,0,0,0,0,true,,false,false,true,false,false,,,,,,false,false,false,,,false,false,false,false,false,-83.09822,42.43828,"{
  ""coordinates"": [
    -8.309821873300000e+01,
    4.243827833900010e+01
  ],
  ""type"": ""Point""
}","{
  ""coordinates"": [
    -83.098218733,
    42.438278339
  ],
  ""type"": ""Point""
}",-83.098218733,42.4382783390001
15364,9260676,WARREN,AUBURN,2015-04-22,22,4,2015,22,4,4,9,,2,0,,1,1,5,35,4,2,2,5,0,0,0,0,true,,false,false,false,false,false,,,,,,false,false,false,,,false,false,false,false,false,-83.23291,42.34316,"{
  ""coordinates"": [
    -8.323291334899990e+01,
    4.234316322700000e+01
  ],
  ""type"": ""Point""
}","{
  ""coordinates"": [
    -83.232913349,
    42.343163227
  ],
  ""type"": ""Point""
}",-83.2329133489999,42.343163227
15365,9265118,GRAND,LINWOOD,2015-04-22,22,4,2015,11,4,97,3,,1,0,,1,2,1,35,3,2,0,4,0,0,0,1,false,,false,false,false,false,false,,,,,,true,false,false,,,false,false,false,false,false,-83.09238,42.34994,"{
  ""coordinates"": [
    -8.309238068300000e+01,
    4.234994250600000e+01
  ],
  ""type"": ""Point""
}","{
  ""coordinates"": [
    -83.092380683,
    42.349942506
  ],
  ""type"": ""Point""
}",-83.092380683,42.349942506
15366,9246278,I75,6 MILE,2015-04-22,22,4,2015,9,4,5,1,,1,0,,1,1,1,70,3,2,2,5,0,0,0,0,true,,false,false,false,false,false,,,,,,false,false,false,,,false,false,false,false,false,-83.08822,42.41843,"{
  ""coordinates"": [
    -8.308822238300000e+01,
    4.241843495500010e+01
  ],
  ""type"": ""Point""
}","{
  ""coordinates"": [
    -83.088222383,
    42.418434955
  ],
  ""type"": ""Point""
}",-83.088222383,42.4184349550001
15367,9243514,GRANDVILLE,WHITLOCK,2015-04-22,22,4,2015,15,4,5,9,,,0,,1,2,1,25,1,2,1,5,0,0,0,0,true,,false,false,false,false,false,,,,,,false,false,false,,,false,false,false,false,false,-83.22916,42.33991,"{
  ""coordinates"": [
    -8.322916737900000e+01,
    4.233991340800000e+01
  ],
  ""type"": ""Point""
}","{
  ""coordinates"": [
    -83.229167379,
    42.339913408
  ],
  ""type"": ""Point""
}",-83.229167379,42.339913408
15368,9243283,I-75,DAVISON,2015-04-22,22,4,2015,10,4,5,1,,1,0,,2,4,1,70,4,2,2,5,0,0,0,0,true,,false,false,false,false,false,,,,,,false,false,false,,,false,false,false,false,false,-83.07976,42.40887,"{
  ""coordinates"": [
    -8.307975931300000e+01,
    4.240887524000000e+01
  ],
  ""type"": ""Point""
}","{
  ""coordinates"": [
    -83.079759313,
    42.40887524
  ],
  ""type"": ""Point""
}",-83.079759313,42.40887524
15369,9243530,MOROSS,HARPER,2015-04-22,22,4,2015,10,4,4,9,,2,0,,1,1,1,35,6,2,2,5,0,0,0,0,true,,true,true,false,false,false,,,,,,false,false,false,,,false,false,false,false,false,-82.92902,42.42492,"{
  ""coordinates"": [
    -8.292902635000000e+01,
    4.242492209300010e+01
  ],
  ""type"": ""Point""
}","{
  ""coordinates"": [
    -82.92902635,
    42.424922093
  ],
  ""type"": ""Point""
}",-82.92902635,42.4249220930001
15370,9243512,MACK,ALGONQUIN,2015-04-22,22,4,2015,16,4,3,9,,4,0,,1,2,1,30,2,2,2,4,0,0,0,1,false,,false,false,false,false,false,,,,,,false,true,false,,,false,false,false,false,false,-82.96541,42.38382,"{
  ""coordinates"": [
    -8.296541007000000e+01,
    4.238382191600000e+01
  ],
  ""type"": ""Point""
}","{
  ""coordinates"": [
    -82.96541007,
    42.383821916
  ],
  ""type"": ""Point""
}",-82.96541007,42.383821916
15371,9243546,OUTER,HUBBELL,2015-04-22,22,4,2015,8,4,4,9,,2,0,,1,2,1,35,4,2,2,5,0,0,0,0,true,,false,false,true,false,false,,,,,,false,false,false,,,false,false,false,false,false,-83.1904,42.4199,"{
  ""coordinates"": [
    -8.319040005100000e+01,
    4.241990076000010e+01
  ],
  ""type"": ""Point""
}","{
  ""coordinates"": [
    -83.190400051,
    42.41990076
  ],
  ""type"": ""Point""
}",-83.190400051,42.4199007600001
15372,9265120,SCHOOLCRAFT,OUTER,2015-04-22,22,4,2015,20,4,4,9,,4,0,,1,2,4,30,3,2,5,4,0,0,0,3,false,,true,true,false,false,false,,,,,,false,true,false,,,false,false,false,false,false,-83.25617,42.38595,"{
  ""coordinates"": [
    -8.325617524099989e+01,
    4.238595291800000e+01
  ],
  ""type"": ""Point""
}","{
  ""coordinates"": [
    -83.256175241,
    42.385952918
  ],
  ""type"": ""Point""
}",-83.2561752409999,42.385952918
15373,9245600,M-10,HAMILTON,2015-04-22,22,4,2015,0,4,8,3,,1,0,,1,1,4,55,3,2,2,2,0,1,0,0,false,,false,false,false,false,false,,,,,,false,false,false,,,false,false,false,false,false,-83.08954,42.3784,"{
  ""coordinates"": [
    -8.308953739099999e+01,
    4.237839572200010e+01
  ],
  ""type"": ""Point""
}","{
  ""coordinates"": [
    -83.089537391,
    42.378395722
  ],
  ""type"": ""Point""
}",-83.089537391,42.3783957220001
15374,9383557,BOULDER,FAIRMOUNT,2015-04-22,22,4,2015,8,4,2,9,,,0,,1,1,4,20,1,2,2,5,0,0,0,0,true,,false,false,true,false,false,,,,,,false,false,false,,,false,false,false,false,false,-82.9536,42.44474,"{
  ""coordinates"": [
    -8.295359470499990e+01,
    4.244474478800000e+01
  ],
  ""type"": ""Point""
}","{
  ""coordinates"": [
    -82.953594705,
    42.444744788
  ],
  ""type"": ""Point""
}",-82.9535947049999,42.444744788
15375,9251046,MICHIGAN,WOODWARD,2015-04-22,22,4,2015,9,4,8,9,,4,0,,1,1,1,15,2,2,2,5,0,0,0,0,true,,false,false,false,false,false,,,,,,false,false,false,,,false,false,false,false,false,-83.04704,42.33164,"{
  ""coordinates"": [
    -8.304704610899999e+01,
    4.233164089900000e+01
  ],
  ""type"": ""Point""
}","{
  ""coordinates"": [
    -83.047046109,
    42.331640899
  ],
  ""type"": ""Point""
}",-83.047046109,42.331640899
15376,9246493,CONANT,FREDRO,2015-04-22,22,4,2015,22,4,4,9,,4,0,,1,1,4,35,2,2,2,4,0,0,0,1,false,,false,false,false,false,false,,,,,,false,false,false,,,false,false,false,false,false,-83.05727,42.40929,"{
  ""coordinates"": [
    -8.305727232100000e+01,
    4.240929178300010e+01
  ],
  ""type"": ""Point""
}","{
  ""coordinates"": [
    -83.057272321,
    42.409291783
  ],
  ""type"": ""Point""
}",-83.057272321,42.4092917830001
15377,9243307,N I 75,RAMP 043A,2015-04-22,22,4,2015,16,4,8,1,,1,0,,1,2,1,70,4,2,3,5,0,0,0,0,true,,false,false,true,false,false,,,,,,false,false,false,,,false,false,false,false,false,-83.04618,42.34875,"{
  ""coordinates"": [
    -8.304617911199990e+01,
    4.234874648100000e+01
  ],
  ""type"": ""Point""
}","{
  ""coordinates"": [
    -83.046179112,
    42.348746481
  ],
  ""type"": ""Point""
}",-83.0461791119999,42.348746481
15378,9243542,OUTER,RUTHERFORD,2015-04-22,22,4,2015,9,4,4,9,,2,0,,2,1,1,35,3,2,2,5,0,0,0,0,true,,true,false,false,false,false,,,,,,false,true,false,,,false,false,false,false,false,-83.20488,42.41935,"{
  ""coordinates"": [
    -8.320487941099999e+01,
    4.241934583200000e+01
  ],
  ""type"": ""Point""
}","{
  ""coordinates"": [
    -83.204879411,
    42.419345832
  ],
  ""type"": ""Point""
}",-83.204879411,42.419345832
15379,9260675,FENKELL,HUBBELL,2015-04-22,22,4,2015,14,4,1,9,,2,0,,2,5,1,35,4,1,1,5,0,0,0,0,true,,false,false,false,false,false,,,,,,false,true,false,,,false,false,false,false,false,-83.18891,42.40182,"{
  ""coordinates"": [
    -8.318890864199990e+01,
    4.240181612300010e+01
  ],
  ""type"": ""Point""
}","{
  ""coordinates"": [
    -83.188908642,
    42.401816123
  ],
  ""type"": ""Point""
}",-83.1889086419999,42.4018161230001
15380,9244219,CONNER,MACK,2015-04-22,22,4,2015,5,4,4,9,,4,0,,1,1,3,30,4,2,2,5,0,0,0,0,true,,false,false,false,false,false,,,,,,false,false,true,,,false,false,false,false,false,-82.96783,42.38368,"{
  ""coordinates"": [
    -8.296782553700000e+01,
    4.238368167000000e+01
  ],
  ""type"": ""Point""
}","{
  ""coordinates"": [
    -82.967825537,
    42.38368167
  ],
  ""type"": ""Point""
}",-82.967825537,42.38368167
15381,9243505,VERNOR,FERRIS,2015-04-21,21,4,2015,15,3,1,9,,4,0,,1,2,1,25,2,2,1,5,0,0,0,0,true,,false,false,false,false,false,,,,,,true,false,false,,,false,false,false,false,false,-83.13184,42.30955,"{
  ""coordinates"": [
    -8.313183900600001e+01,
    4.230955247100010e+01
  ],
  ""type"": ""Point""
}","{
  ""coordinates"": [
    -83.131839006,
    42.309552471
  ],
  ""type"": ""Point""
}",-83.131839006,42.3095524710001
15382,9244217,OUTER,COURVILLE,2015-04-21,21,4,2015,19,3,4,9,,2,0,,1,2,1,35,3,2,1,4,0,0,0,1,false,,false,false,true,false,false,,,,,,false,false,true,,,false,false,false,false,false,-82.94217,42.40756,"{
  ""coordinates"": [
    -8.294216876999999e+01,
    4.240755976900000e+01
  ],
  ""type"": ""Point""
}","{
  ""coordinates"": [
    -82.94216877,
    42.407559769
  ],
  ""type"": ""Point""
}",-82.94216877,42.407559769
15383,9243296,RAMP 122L,RAMP 122K,2015-04-21,21,4,2015,9,3,5,1,,1,0,,1,2,1,55,2,2,2,5,0,0,0,0,true,,false,false,false,false,false,,,,,,false,false,false,,,false,false,false,false,false,-83.06114,42.33625,"{
  ""coordinates"": [
    -8.306113818599989e+01,
    4.233625301200000e+01
  ],
  ""type"": ""Point""
}","{
  ""coordinates"": [
    -83.061138186,
    42.336253012
  ],
  ""type"": ""Point""
}",-83.0611381859999,42.336253012
15384,9244155,S M 10,RAMP 107A,2015-04-21,21,4,2015,9,3,5,3,,1,0,,1,2,1,55,3,2,4,4,0,0,0,2,false,,false,false,false,false,false,,,,,,false,false,false,,,false,false,false,false,false,-83.14795,42.40473,"{
  ""coordinates"": [
    -8.314794912699990e+01,
    4.240473176800000e+01
  ],
  ""type"": ""Point""
}","{
  ""coordinates"": [
    -83.147949127,
    42.404731768
  ],
  ""type"": ""Point""
}",-83.1479491269999,42.404731768
15385,9244232,KEELER,MEYERS,2015-04-21,21,4,2015,15,3,4,9,,,0,,1,2,1,25,2,2,2,4,0,0,0,1,false,,false,false,true,false,false,,,,,,false,false,false,,,false,false,false,false,false,-83.1695,42.40404,"{
  ""coordinates"": [
    -8.316950296000000e+01,
    4.240403776100000e+01
  ],
  ""type"": ""Point""
}","{
  ""coordinates"": [
    -83.16950296,
    42.404037761
  ],
  ""type"": ""Point""
}",-83.16950296,42.404037761
15386,9243529,ALBION,GREINER,2015-04-21,21,4,2015,8,3,4,9,,,0,,1,1,1,25,3,2,3,5,0,0,0,0,true,,false,false,true,false,false,,,,,,false,false,false,,,false,false,false,false,false,-83.00554,42.4272,"{
  ""coordinates"": [
    -8.300553617400000e+01,
    4.242719657800010e+01
  ],
  ""type"": ""Point""
}","{
  ""coordinates"": [
    -83.005536174,
    42.427196578
  ],
  ""type"": ""Point""
}",-83.005536174,42.4271965780001
15387,9243488,WYOMING,SCHOOLCRAFT,2015-04-21,21,4,2015,10,3,4,9,,4,0,,1,1,1,30,2,2,2,5,0,0,0,0,true,,false,false,false,false,false,,,,,,false,false,false,,,false,false,false,false,false,-83.15907,42.3885,"{
  ""coordinates"": [
    -8.315906232400000e+01,
    4.238849888700000e+01
  ],
  ""type"": ""Point""
}","{
  ""coordinates"": [
    -83.159062324,
    42.388498887
  ],
  ""type"": ""Point""
}",-83.159062324,42.388498887
15388,9245587,I-96,GREENFIELD,2015-04-21,21,4,2015,22,3,8,1,,1,0,,1,1,4,70,3,2,2,5,0,0,0,0,true,,false,false,false,true,false,,,,,,false,false,false,,,false,false,false,false,false,-83.19315,42.37927,"{
  ""coordinates"": [
    -8.319314421000000e+01,
    4.237926947600000e+01
  ],
  ""type"": ""Point""
}","{
  ""coordinates"": [
    -83.19314421,
    42.379269476
  ],
  ""type"": ""Point""
}",-83.19314421,42.379269476
15389,9243510,WARREN,GUILFORD,2015-04-21,21,4,2015,16,3,5,9,,4,0,,1,1,1,35,6,2,2,5,0,0,0,0,true,,false,false,false,false,false,,,,,,false,false,false,,,false,false,false,false,false,-82.92707,42.40708,"{
  ""coordinates"": [
    -8.292707067700000e+01,
    4.240707670600010e+01
  ],
  ""type"": ""Point""
}","{
  ""coordinates"": [
    -82.927070677,
    42.407076706
  ],
  ""type"": ""Point""
}",-82.927070677,42.4070767060001
15390,9243539,MONTE VISTA,7 MILE,2015-04-21,21,4,2015,11,3,5,9,,,0,,1,2,1,25,2,2,1,5,0,0,0,0,true,,false,false,true,false,false,,,,,,false,false,false,,,false,false,false,false,false,-83.1686,42.43132,"{
  ""coordinates"": [
    -8.316860553100000e+01,
    4.243131828000000e+01
  ],
  ""type"": ""Point""
}","{
  ""coordinates"": [
    -83.168605531,
    42.43131828
  ],
  ""type"": ""Point""
}",-83.168605531,42.43131828
15391,9259855,DUCHESS,GRAYTON,2015-04-21,21,4,2015,16,3,5,9,,,0,,1,1,1,25,3,2,1,5,0,0,0,0,true,,false,false,false,false,false,,,,,,false,false,false,,,false,false,false,false,false,-82.95753,42.42323,"{
  ""coordinates"": [
    -8.295752674399991e+01,
    4.242322850200000e+01
  ],
  ""type"": ""Point""
}","{
  ""coordinates"": [
    -82.957526744,
    42.423228502
  ],
  ""type"": ""Point""
}",-82.9575267439999,42.423228502
15392,9246295,I-94,VAN DYKE,2015-04-21,21,4,2015,7,3,1,1,,1,1,,1,2,1,55,3,1,1,4,0,0,0,1,false,,false,false,false,false,false,,,,,,false,true,false,,,false,false,false,false,false,-83.01941,42.38639,"{
  ""coordinates"": [
    -8.301940785799999e+01,
    4.238639484900010e+01
  ],
  ""type"": ""Point""
}","{
  ""coordinates"": [
    -83.019407858,
    42.386394849
  ],
  ""type"": ""Point""
}",-83.019407858,42.3863948490001
15393,9245037,BENTLER,7 MILE,2015-04-21,21,4,2015,12,3,97,9,,,0,,1,1,1,15,3,2,2,5,0,0,0,0,true,,false,false,false,false,false,,,,,,false,false,false,,,false,false,false,false,false,-83.25343,42.42929,"{
  ""coordinates"": [
    -8.325343482499990e+01,
    4.242928917500010e+01
  ],
  ""type"": ""Point""
}","{
  ""coordinates"": [
    -83.253434825,
    42.429289175
  ],
  ""type"": ""Point""
}",-83.2534348249999,42.4292891750001
15394,9249419,TELEGRAPH,7 MILE,2015-04-21,21,4,2015,17,3,8,2,,1,0,,1,1,1,35,4,2,3,4,0,0,0,1,false,,false,false,true,false,false,,,,,,false,false,false,,,false,false,false,false,false,-83.27798,42.42887,"{
  ""coordinates"": [
    -8.327798067799991e+01,
    4.242886727300000e+01
  ],
  ""type"": ""Point""
}","{
  ""coordinates"": [
    -83.277980678,
    42.428867273
  ],
  ""type"": ""Point""
}",-83.2779806779999,42.428867273
15395,9246448,ST ANTOINE,CANFIELD,2015-04-21,21,4,2015,15,3,8,9,,4,0,,1,1,1,25,3,2,2,5,0,0,0,0,true,,false,false,false,false,false,,,,,,false,false,false,,,false,false,false,false,false,-83.05442,42.35586,"{
  ""coordinates"": [
    -8.305441681100000e+01,
    4.235585744800010e+01
  ],
  ""type"": ""Point""
}","{
  ""coordinates"": [
    -83.054416811,
    42.355857448
  ],
  ""type"": ""Point""
}",-83.054416811,42.3558574480001
15396,9243480,FENKELL,MARLOWE,2015-04-21,21,4,2015,14,3,8,9,,2,0,,1,2,1,30,4,2,3,5,0,0,0,0,true,,false,false,false,false,false,,,,,,false,false,false,,,false,false,false,false,false,-83.19002,42.40178,"{
  ""coordinates"": [
    -8.319001591900000e+01,
    4.240178414600010e+01
  ],
  ""type"": ""Point""
}","{
  ""coordinates"": [
    -83.190015919,
    42.401784146
  ],
  ""type"": ""Point""
}",-83.190015919,42.4017841460001
15397,9245605,N M 10,108C,2015-04-21,21,4,2015,18,3,1,3,,1,1,,1,1,1,55,4,1,1,5,0,0,0,0,true,,false,false,false,false,false,,,,,,false,false,false,,,false,false,true,false,false,-83.12086,42.4046,"{
  ""coordinates"": [
    -8.312086286700000e+01,
    4.240460359500000e+01
  ],
  ""type"": ""Point""
}","{
  ""coordinates"": [
    -83.120862867,
    42.404603595
  ],
  ""type"": ""Point""
}",-83.120862867,42.404603595
15398,9257029,INGLIS,PITT,2015-04-21,21,4,2015,21,3,97,9,,,3,,97,98,4,0,3,2,1,5,0,0,0,0,true,,false,false,true,false,false,,,,,,false,false,false,,,false,false,false,false,false,-83.1297,42.31273,"{
  ""coordinates"": [
    -8.312970269999990e+01,
    4.231272429200000e+01
  ],
  ""type"": ""Point""
}","{
  ""coordinates"": [
    -83.1297027,
    42.312724292
  ],
  ""type"": ""Point""
}",-83.1297026999999,42.312724292
15399,9243297,WB I-96,FULLERTON,2015-04-21,21,4,2015,11,3,8,1,,1,0,,1,2,1,70,5,2,2,5,0,0,0,0,true,,false,false,false,false,false,,,,,,false,false,true,,,false,false,false,false,false,-83.18727,42.38097,"{
  ""coordinates"": [
    -8.318727350099989e+01,
    4.238096539500000e+01
  ],
  ""type"": ""Point""
}","{
  ""coordinates"": [
    -83.187273501,
    42.380965395
  ],
  ""type"": ""Point""
}",-83.1872735009999,42.380965395