ObjectId,Crash ID,Primary Road,Intersecting Road,Crash Date,Day,Month,Year,Hour,Weekday,Crash Type Code,Highway Classification Code,Community Code,Jurisdiction Code,Lane Departure Type Code,Surface Type,Road Condition,Weather Condition,Lighting Condition,Speed Limit,Lanes,Units,Occupants,Most Severe Injury,Fatal Injuries,Suspected Serious Injuries,Suspected Minor Injuries,Possible Injuries,Property Damage Only,Secondary Crash,Traffic Control,Red Light Run,Hit and Run,Alcohol,Drugs,Unbelted Person,Work Zone,Speeding Driver,Distracted Driver,Driveway,Pedestrian,Elderly Driver,Young Driver,Commercial Vehicle,Emergency Vehicles,Train,School Bus,Motorcycle,Bicycle,Deer,Longitude,Latitude,geom,geog,x,y
15400,9619507,EVERGREEN,E I 96 CD,2015-04-21,21,4,2015,12,3,8,9,,4,0,,1,2,1,35,6,2,3,5,0,0,0,0,true,,false,false,false,false,false,,,,,,false,false,false,,,false,false,false,false,false,-83.23663,42.38012,"{
  ""coordinates"": [
    -8.323663005400000e+01,
    4.238011367000010e+01
  ],
  ""type"": ""Point""
}","{
  ""coordinates"": [
    -83.236630054,
    42.38011367
  ],
  ""type"": ""Point""
}",-83.236630054,42.3801136700001
15401,9243479,GRAND RIVER,OAKMAN,2015-04-21,21,4,2015,12,3,3,3,,1,0,,1,2,1,30,4,2,2,5,0,0,0,0,true,,false,false,false,false,false,,,,,,false,true,false,,,false,false,false,false,false,-83.15068,42.37345,"{
  ""coordinates"": [
    -8.315067723000000e+01,
    4.237345209700000e+01
  ],
  ""type"": ""Point""
}","{
  ""coordinates"": [
    -83.15067723,
    42.373452097
  ],
  ""type"": ""Point""
}",-83.15067723,42.373452097
15402,9243511,OUTER,RAMP 221D,2015-04-21,21,4,2015,10,3,1,1,,2,0,,1,2,1,35,3,1,1,5,0,0,0,0,true,,false,false,false,false,false,,,,,,false,true,false,,,false,false,false,false,false,-82.9602,42.40536,"{
  ""coordinates"": [
    -8.296019681600001e+01,
    4.240535975400010e+01
  ],
  ""type"": ""Point""
}","{
  ""coordinates"": [
    -82.960196816,
    42.405359754
  ],
  ""type"": ""Point""
}",-82.960196816,42.4053597540001
15403,9245606,I75,8 MILE,2015-04-21,21,4,2015,19,3,1,1,,1,0,,2,4,1,70,4,1,1,5,0,0,0,0,true,,false,false,false,false,false,,,,,,false,false,true,,,false,false,false,false,false,-83.09518,42.43939,"{
  ""coordinates"": [
    -8.309518414500000e+01,
    4.243938988600010e+01
  ],
  ""type"": ""Point""
}","{
  ""coordinates"": [
    -83.095184145,
    42.439389886
  ],
  ""type"": ""Point""
}",-83.095184145,42.4393898860001
15404,9246465,TELEGRAPH,PICKFORD,2015-04-21,21,4,2015,11,3,4,2,,1,0,,1,2,1,45,4,2,2,5,0,0,0,0,true,,true,false,true,false,false,,,,,,false,false,false,,,false,false,false,false,false,-83.27774,42.42326,"{
  ""coordinates"": [
    -8.327774291100000e+01,
    4.242325880500000e+01
  ],
  ""type"": ""Point""
}","{
  ""coordinates"": [
    -83.277742911,
    42.423258805
  ],
  ""type"": ""Point""
}",-83.277742911,42.423258805
15405,9243485,TIREMAN,RANGOON,2015-04-21,21,4,2015,13,3,5,9,,4,0,,1,1,1,30,2,2,2,5,0,0,0,0,true,,false,false,false,false,false,,,,,,false,false,true,,,false,false,false,false,false,-83.13824,42.3521,"{
  ""coordinates"": [
    -8.313823740799999e+01,
    4.235209887500010e+01
  ],
  ""type"": ""Point""
}","{
  ""coordinates"": [
    -83.138237408,
    42.352098875
  ],
  ""type"": ""Point""
}",-83.138237408,42.3520988750001
15406,9245016,2450 BEATRICE,DOWNING,2015-04-21,21,4,2015,15,3,8,9,,,0,,1,1,1,25,1,2,1,5,0,0,0,0,true,,false,false,false,false,false,,,,,,false,false,false,,,false,true,false,false,false,-83.15318,42.27009,"{
  ""coordinates"": [
    -8.315317455199990e+01,
    4.227008682400000e+01
  ],
  ""type"": ""Point""
}","{
  ""coordinates"": [
    -83.153174552,
    42.270086824
  ],
  ""type"": ""Point""
}",-83.1531745519999,42.270086824
15407,9244223,KERCHEVAL,MCCLELLAN,2015-04-21,21,4,2015,22,3,4,9,,4,0,,2,4,4,35,2,2,4,3,0,0,1,0,false,,true,true,false,false,false,,,,,,false,false,true,,,false,false,false,false,false,-82.98774,42.36321,"{
  ""coordinates"": [
    -8.298774329699999e+01,
    4.236320864600000e+01
  ],
  ""type"": ""Point""
}","{
  ""coordinates"": [
    -82.987743297,
    42.363208646
  ],
  ""type"": ""Point""
}",-82.987743297,42.363208646
15408,9245607,I75,SCHAEFER,2015-04-21,21,4,2015,21,3,1,1,,1,1,,2,4,5,55,3,1,1,5,0,0,0,0,true,,false,false,false,false,false,,,,,,false,false,false,,,false,false,false,false,false,-83.15477,42.27785,"{
  ""coordinates"": [
    -8.315477276199989e+01,
    4.227785355400000e+01
  ],
  ""type"": ""Point""
}","{
  ""coordinates"": [
    -83.154772762,
    42.277853554
  ],
  ""type"": ""Point""
}",-83.1547727619999,42.277853554
15409,9245010,MCGRAW,RENVILLE,2015-04-21,21,4,2015,21,3,2,9,,4,2,,2,4,4,30,2,2,10,4,0,0,0,9,false,,false,false,false,false,true,,,,,,false,false,true,,,false,false,false,false,false,-83.14729,42.33286,"{
  ""coordinates"": [
    -8.314728729300001e+01,
    4.233286252400010e+01
  ],
  ""type"": ""Point""
}","{
  ""coordinates"": [
    -83.147287293,
    42.332862524
  ],
  ""type"": ""Point""
}",-83.147287293,42.3328625240001
15410,9243513,STAHELIN,BELTON,2015-04-21,21,4,2015,0,3,5,9,,,0,,1,1,4,25,2,2,1,5,0,0,0,0,true,,false,false,false,false,false,,,,,,false,false,true,,,false,false,false,false,false,-83.22466,42.35228,"{
  ""coordinates"": [
    -8.322465721899989e+01,
    4.235228126800010e+01
  ],
  ""type"": ""Point""
}","{
  ""coordinates"": [
    -83.224657219,
    42.352281268
  ],
  ""type"": ""Point""
}",-83.2246572189999,42.3522812680001
15411,9244146,I-94,WHITTIER,2015-04-21,21,4,2015,13,3,5,1,,1,0,,1,2,1,55,3,3,2,5,0,0,0,0,true,,false,false,true,false,false,,,,,,false,false,false,,,false,false,false,false,false,-82.94209,42.41392,"{
  ""coordinates"": [
    -8.294208399800000e+01,
    4.241391609600000e+01
  ],
  ""type"": ""Point""
}","{
  ""coordinates"": [
    -82.942083998,
    42.413916096
  ],
  ""type"": ""Point""
}",-82.942083998,42.413916096
15412,9243427,GRAND RIVER,5TH,2015-04-21,21,4,2015,12,3,8,3,,1,0,,1,1,1,30,4,2,3,4,0,0,0,2,false,,false,false,true,false,false,,,,,,false,false,false,,,false,false,false,false,false,-83.06455,42.33869,"{
  ""coordinates"": [
    -8.306455181800000e+01,
    4.233868971900010e+01
  ],
  ""type"": ""Point""
}","{
  ""coordinates"": [
    -83.064551818,
    42.338689719
  ],
  ""type"": ""Point""
}",-83.064551818,42.3386897190001
15413,9243528,SOUTHFIELD SERVICE DRIVE,MCNICHOLS,2015-04-21,21,4,2015,15,3,8,9,,4,0,,1,2,1,30,3,2,2,5,0,0,0,0,true,,true,false,true,false,false,,,,,,false,false,false,,,false,false,false,false,false,-83.21922,42.41561,"{
  ""coordinates"": [
    -8.321921892400000e+01,
    4.241560906300000e+01
  ],
  ""type"": ""Point""
}","{
  ""coordinates"": [
    -83.219218924,
    42.415609063
  ],
  ""type"": ""Point""
}",-83.219218924,42.415609063
15414,9243501,3RD,SEWARD,2015-04-21,21,4,2015,11,3,8,9,,4,0,,1,2,1,30,5,2,2,5,0,0,0,0,true,,false,false,false,false,false,,,,,,false,true,false,,,false,false,false,false,false,-83.08254,42.37291,"{
  ""coordinates"": [
    -8.308254429100000e+01,
    4.237290800400010e+01
  ],
  ""type"": ""Point""
}","{
  ""coordinates"": [
    -83.082544291,
    42.372908004
  ],
  ""type"": ""Point""
}",-83.082544291,42.3729080040001
15415,9243541,MONTE VISTA,PICKFORD,2015-04-21,21,4,2015,11,3,8,9,,,0,,1,1,1,25,2,2,2,5,0,0,0,0,true,,false,false,true,false,false,,,,,,false,true,false,,,false,false,false,false,false,-83.1684,42.42582,"{
  ""coordinates"": [
    -8.316840460000000e+01,
    4.242581913700010e+01
  ],
  ""type"": ""Point""
}","{
  ""coordinates"": [
    -83.1684046,
    42.425819137
  ],
  ""type"": ""Point""
}",-83.1684046,42.4258191370001
15416,9243523,TELEGRAPH,7 MILE,2015-04-21,21,4,2015,15,3,5,2,,1,0,,97,98,98,35,3,2,2,4,0,0,0,1,false,,false,false,false,false,false,,,,,,false,false,false,,,false,false,false,false,false,-83.27755,42.42894,"{
  ""coordinates"": [
    -8.327755284400000e+01,
    4.242893750300000e+01
  ],
  ""type"": ""Point""
}","{
  ""coordinates"": [
    -83.277552844,
    42.428937503
  ],
  ""type"": ""Point""
}",-83.277552844,42.428937503
15417,9244227,GUNSTON,NASHVILLE,2015-04-21,21,4,2015,18,3,4,3,,1,0,,1,1,1,30,2,2,17,4,0,0,0,2,false,,false,false,true,false,false,,,,,,false,false,false,,,false,false,false,false,false,-83.00106,42.41699,"{
  ""coordinates"": [
    -8.300105720600000e+01,
    4.241699014200000e+01
  ],
  ""type"": ""Point""
}","{
  ""coordinates"": [
    -83.001057206,
    42.416990142
  ],
  ""type"": ""Point""
}",-83.001057206,42.416990142
15418,9243526,CRANE,VERNOR,2015-04-21,21,4,2015,8,3,4,9,,,0,,1,1,1,35,3,2,3,5,0,0,0,0,true,,true,false,false,false,false,,,,,,false,false,false,,,false,false,false,false,false,-82.99327,42.36367,"{
  ""coordinates"": [
    -8.299327431099989e+01,
    4.236367278100000e+01
  ],
  ""type"": ""Point""
}","{
  ""coordinates"": [
    -82.993274311,
    42.363672781
  ],
  ""type"": ""Point""
}",-82.9932743109999,42.363672781
15419,9243448,CONGRESS,BATES,2015-04-21,21,4,2015,9,3,5,9,,4,0,,1,1,1,25,2,2,2,4,0,0,0,1,false,,false,false,true,false,false,,,,,,false,false,false,,,false,false,false,false,false,-83.04491,42.33058,"{
  ""coordinates"": [
    -8.304491524799990e+01,
    4.233058289400000e+01
  ],
  ""type"": ""Point""
}","{
  ""coordinates"": [
    -83.044915248,
    42.330582894
  ],
  ""type"": ""Point""
}",-83.0449152479999,42.330582894
15420,9241889,N M 10,RAMP 107D,2015-04-21,21,4,2015,3,3,1,3,,1,1,,1,1,4,55,3,1,1,5,0,0,0,0,true,,false,false,false,false,false,,,,,,false,false,false,,,false,false,false,false,false,-83.14536,42.40488,"{
  ""coordinates"": [
    -8.314536525900000e+01,
    4.240487873500010e+01
  ],
  ""type"": ""Point""
}","{
  ""coordinates"": [
    -83.145365259,
    42.404878735
  ],
  ""type"": ""Point""
}",-83.145365259,42.4048787350001
15421,9249391,BEATRICE,DOWNING,2015-04-21,21,4,2015,15,3,8,9,,,0,,1,1,1,0,2,2,1,5,0,0,0,0,true,,false,false,false,false,false,,,,,,false,false,false,,,false,false,false,false,false,-83.15323,42.27003,"{
  ""coordinates"": [
    -8.315322588500000e+01,
    4.227002549500000e+01
  ],
  ""type"": ""Point""
}","{
  ""coordinates"": [
    -83.153225885,
    42.270025495
  ],
  ""type"": ""Point""
}",-83.153225885,42.270025495
15422,9244148,EB I-96,VIRGIL,2015-04-21,21,4,2015,12,3,5,1,,1,0,,1,2,1,70,4,2,1,5,0,0,0,0,true,,false,false,true,false,false,,,,,,false,false,false,,,false,false,false,false,false,-83.27184,42.38539,"{
  ""coordinates"": [
    -8.327184590300000e+01,
    4.238539000100010e+01
  ],
  ""type"": ""Point""
}","{
  ""coordinates"": [
    -83.271845903,
    42.385390001
  ],
  ""type"": ""Point""
}",-83.271845903,42.3853900010001
15423,9245676,JOY,SPINOZA,2015-04-21,21,4,2015,14,3,4,9,,2,0,,1,2,1,35,6,2,2,5,0,0,0,0,true,,false,false,true,false,false,,,,,,false,false,true,,,false,false,false,false,false,-83.25031,42.35731,"{
  ""coordinates"": [
    -8.325030468700000e+01,
    4.235730697700010e+01
  ],
  ""type"": ""Point""
}","{
  ""coordinates"": [
    -83.250304687,
    42.357306977
  ],
  ""type"": ""Point""
}",-83.250304687,42.3573069770001
15424,9243295,EB I-94,30TH,2015-04-21,21,4,2015,8,3,5,1,,1,0,,1,2,1,55,3,2,2,5,0,0,0,0,true,,false,false,false,false,false,,,,,,false,false,true,,,false,false,false,false,false,-83.11536,42.34282,"{
  ""coordinates"": [
    -8.311535625700000e+01,
    4.234281663700010e+01
  ],
  ""type"": ""Point""
}","{
  ""coordinates"": [
    -83.115356257,
    42.342816637
  ],
  ""type"": ""Point""
}",-83.115356257,42.3428166370001
15425,9245603,W/B I-94,30TH,2015-04-21,21,4,2015,20,3,8,1,,1,0,,2,2,4,55,3,2,2,5,0,0,0,0,true,,false,false,false,true,false,,,,,,false,false,false,,,false,false,false,false,false,-83.11498,42.34339,"{
  ""coordinates"": [
    -8.311498136700000e+01,
    4.234338891200010e+01
  ],
  ""type"": ""Point""
}","{
  ""coordinates"": [
    -83.114981367,
    42.343388912
  ],
  ""type"": ""Point""
}",-83.114981367,42.3433889120001
15426,9243496,ELIZABETH,CASS,2015-04-21,21,4,2015,15,3,4,9,,4,0,,1,1,1,30,4,2,3,5,0,0,0,0,true,,false,false,false,false,false,,,,,,false,false,true,,,false,false,false,false,false,-83.05525,42.33597,"{
  ""coordinates"": [
    -8.305525046100000e+01,
    4.233597095300010e+01
  ],
  ""type"": ""Point""
}","{
  ""coordinates"": [
    -83.055250461,
    42.335970953
  ],
  ""type"": ""Point""
}",-83.055250461,42.3359709530001
15427,9243532,HARPER,BARRETT,2015-04-21,21,4,2015,15,3,5,9,,4,0,,1,2,1,30,3,3,4,3,0,0,1,1,false,,false,false,false,false,false,,,,,,false,true,true,,,false,false,false,false,false,-82.98443,42.39881,"{
  ""coordinates"": [
    -8.298442915600000e+01,
    4.239880842700010e+01
  ],
  ""type"": ""Point""
}","{
  ""coordinates"": [
    -82.984429156,
    42.398808427
  ],
  ""type"": ""Point""
}",-82.984429156,42.3988084270001
15428,9245019,INGLIS,PITT,2015-04-21,21,4,2015,21,3,97,9,,,3,,97,98,4,0,3,2,0,5,0,0,0,0,true,,false,false,true,false,false,,,,,,false,false,false,,,false,false,false,false,false,-83.1297,42.31273,"{
  ""coordinates"": [
    -8.312970269999990e+01,
    4.231272429200000e+01
  ],
  ""type"": ""Point""
}","{
  ""coordinates"": [
    -83.1297027,
    42.312724292
  ],
  ""type"": ""Point""
}",-83.1297026999999,42.312724292
15429,9245677,SPINOZA,JOY,2015-04-21,21,4,2015,14,3,5,9,,4,0,,1,2,1,25,4,2,3,5,0,0,0,0,true,,false,false,false,false,false,,,,,,false,false,true,,,false,false,false,false,false,-83.2504,42.35649,"{
  ""coordinates"": [
    -8.325040432999999e+01,
    4.235649508200000e+01
  ],
  ""type"": ""Point""
}","{
  ""coordinates"": [
    -83.25040433,
    42.356495082
  ],
  ""type"": ""Point""
}",-83.25040433,42.356495082
15430,9243475,CIVIC CENTER,WOODBRIDGE,2015-04-21,21,4,2015,9,3,7,9,,4,0,,1,1,1,35,3,2,2,5,0,0,0,0,true,,false,false,false,false,false,,,,,,false,false,false,,,false,false,false,false,false,-83.0519,42.3247,"{
  ""coordinates"": [
    -8.305190467400000e+01,
    4.232470155500000e+01
  ],
  ""type"": ""Point""
}","{
  ""coordinates"": [
    -83.051904674,
    42.324701555
  ],
  ""type"": ""Point""
}",-83.051904674,42.324701555
15431,9246399,E I 94,RAMP 216F,2015-04-21,21,4,2015,16,3,8,1,,1,0,,1,1,1,55,4,2,2,5,0,0,0,0,true,,false,false,true,false,false,,,,,,false,false,false,,,false,false,false,false,false,-83.05827,42.36827,"{
  ""coordinates"": [
    -8.305827054000000e+01,
    4.236827365900010e+01
  ],
  ""type"": ""Point""
}","{
  ""coordinates"": [
    -83.05827054,
    42.368273659
  ],
  ""type"": ""Point""
}",-83.05827054,42.3682736590001
15432,9243517,WARWICK,SAWYER,2015-04-21,21,4,2015,23,3,97,9,,,0,,2,98,4,25,2,4,1,5,0,0,0,0,true,,false,false,false,false,false,,,,,,false,false,false,,,false,false,false,false,false,-83.22702,42.34719,"{
  ""coordinates"": [
    -8.322702218800001e+01,
    4.234719648000000e+01
  ],
  ""type"": ""Point""
}","{
  ""coordinates"": [
    -83.227022188,
    42.34719648
  ],
  ""type"": ""Point""
}",-83.227022188,42.34719648
15433,9265119,GRAND RIVER,WOODSIDE,2015-04-21,21,4,2015,17,3,5,3,,1,0,,1,1,1,35,4,2,2,5,0,0,0,0,true,,false,false,false,false,false,,,,,,false,false,false,,,false,false,false,false,false,-83.13753,42.36815,"{
  ""coordinates"": [
    -8.313752541299991e+01,
    4.236815198100000e+01
  ],
  ""type"": ""Point""
}","{
  ""coordinates"": [
    -83.137525413,
    42.368151981
  ],
  ""type"": ""Point""
}",-83.1375254129999,42.368151981
15434,9245615,I-94,WOODWARD,2015-04-21,21,4,2015,17,3,5,1,,1,0,,1,1,1,55,3,3,2,5,0,0,0,0,true,,false,false,true,false,false,,,,,,false,false,false,,,false,false,false,false,false,-83.07263,42.36134,"{
  ""coordinates"": [
    -8.307263332900000e+01,
    4.236134460900010e+01
  ],
  ""type"": ""Point""
}","{
  ""coordinates"": [
    -83.072633329,
    42.361344609
  ],
  ""type"": ""Point""
}",-83.072633329,42.3613446090001
15435,9243306,I-96,VIRGIL,2015-04-21,21,4,2015,12,3,8,1,,1,0,,1,1,1,70,5,3,3,5,0,0,0,0,true,,false,false,false,false,false,,,,,,false,false,false,,,false,false,false,false,false,-83.27037,42.38549,"{
  ""coordinates"": [
    -8.327037102000000e+01,
    4.238548831400000e+01
  ],
  ""type"": ""Point""
}","{
  ""coordinates"": [
    -83.27037102,
    42.385488314
  ],
  ""type"": ""Point""
}",-83.27037102,42.385488314
15436,9246459,MCNICHOLS,GREENVIEW,2015-04-20,20,4,2015,18,2,4,9,,2,0,,2,1,1,35,4,2,5,4,0,0,0,1,false,,false,false,false,false,false,,,,,,false,false,true,,,false,false,false,false,false,-83.22433,42.41544,"{
  ""coordinates"": [
    -8.322433544599990e+01,
    4.241544264500000e+01
  ],
  ""type"": ""Point""
}","{
  ""coordinates"": [
    -83.224335446,
    42.415442645
  ],
  ""type"": ""Point""
}",-83.2243354459999,42.415442645
15437,9243282,S I 75,RAMP 216J,2015-04-20,20,4,2015,15,2,8,1,,1,0,,1,2,1,55,4,2,2,5,0,0,0,0,true,,false,false,false,false,false,,,,,,false,false,true,,,false,false,false,false,false,-83.05848,42.36911,"{
  ""coordinates"": [
    -8.305848136000000e+01,
    4.236911555100000e+01
  ],
  ""type"": ""Point""
}","{
  ""coordinates"": [
    -83.05848136,
    42.369115551
  ],
  ""type"": ""Point""
}",-83.05848136,42.369115551
15438,9242010,ST JEAN,CANFIELD,2015-04-20,20,4,2015,15,2,5,9,,4,0,,1,1,1,35,3,2,3,5,0,0,0,0,true,,false,false,false,false,false,,,,,,false,false,false,,,false,false,false,false,false,-82.98111,42.38311,"{
  ""coordinates"": [
    -8.298111141600000e+01,
    4.238310555300010e+01
  ],
  ""type"": ""Point""
}","{
  ""coordinates"": [
    -82.981111416,
    42.383105553
  ],
  ""type"": ""Point""
}",-82.981111416,42.3831055530001
15439,9242062,OAKMAN,WOODROW WILSON,2015-04-20,20,4,2015,13,2,1,9,,4,1,,1,2,1,35,4,1,1,4,0,0,0,1,false,,false,false,false,false,false,,,,,,false,false,false,,,false,false,false,false,false,-83.11462,42.40215,"{
  ""coordinates"": [
    -8.311462105699999e+01,
    4.240214417900010e+01
  ],
  ""type"": ""Point""
}","{
  ""coordinates"": [
    -83.114621057,
    42.402144179
  ],
  ""type"": ""Point""
}",-83.114621057,42.4021441790001
15440,9244920,M 39,PLYMOUTH,2015-04-20,20,4,2015,18,2,5,3,,1,0,,2,4,1,55,3,3,3,5,0,0,0,0,true,,false,false,false,false,false,,,,,,false,false,false,,,false,false,false,false,false,-83.21657,42.37198,"{
  ""coordinates"": [
    -8.321656532599999e+01,
    4.237197913000010e+01
  ],
  ""type"": ""Point""
}","{
  ""coordinates"": [
    -83.216565326,
    42.37197913
  ],
  ""type"": ""Point""
}",-83.216565326,42.3719791300001
15441,9286761,GRAND RIVER,SOUTHFIELD,2015-04-20,20,4,2015,1,2,1,3,,1,1,,2,4,98,35,2,1,1,5,0,0,0,0,true,,false,false,false,false,false,,,,,,false,false,false,,,false,false,false,false,false,-83.21859,42.40082,"{
  ""coordinates"": [
    -8.321858780500000e+01,
    4.240082126400010e+01
  ],
  ""type"": ""Point""
}","{
  ""coordinates"": [
    -83.218587805,
    42.400821264
  ],
  ""type"": ""Point""
}",-83.218587805,42.4008212640001
15442,9242032,W I 94,MOROSS,2015-04-20,20,4,2015,15,2,8,1,,1,0,,1,2,1,30,2,2,2,5,0,0,0,0,true,,false,false,false,false,false,,,,,,false,false,false,,,false,false,false,false,false,-82.92892,42.42442,"{
  ""coordinates"": [
    -8.292892443300001e+01,
    4.242441972000010e+01
  ],
  ""type"": ""Point""
}","{
  ""coordinates"": [
    -82.928924433,
    42.42441972
  ],
  ""type"": ""Point""
}",-82.928924433,42.4244197200001
15443,9243549,WARREN,LORAINE,2015-04-20,20,4,2015,16,2,5,9,,4,0,,1,2,1,30,7,2,2,5,0,0,0,0,true,,false,false,false,false,false,,,,,,false,false,false,,,false,false,false,false,false,-83.09248,42.34771,"{
  ""coordinates"": [
    -8.309248158500000e+01,
    4.234770939600000e+01
  ],
  ""type"": ""Point""
}","{
  ""coordinates"": [
    -83.092481585,
    42.347709396
  ],
  ""type"": ""Point""
}",-83.092481585,42.347709396
15444,9243498,GREENLAWN,JOHN C LODGE SERVICE,2015-04-20,20,4,2015,16,2,97,9,,,0,,1,1,1,30,8,2,0,5,0,0,0,0,true,,false,false,true,false,false,,,,,,false,false,false,,,false,false,false,false,false,-83.1506,42.40459,"{
  ""coordinates"": [
    -8.315059364099990e+01,
    4.240458743400010e+01
  ],
  ""type"": ""Point""
}","{
  ""coordinates"": [
    -83.150593641,
    42.404587434
  ],
  ""type"": ""Point""
}",-83.1505936409999,42.4045874340001
15445,9243536,COYLE,7 MILE,2015-04-20,20,4,2015,18,2,9,9,,,2,,4,2,1,25,2,2,3,5,0,0,0,0,true,,false,false,false,false,false,,,,,,false,false,true,,,false,false,false,false,false,-83.195,42.43027,"{
  ""coordinates"": [
    -8.319499797000000e+01,
    4.243027641100010e+01
  ],
  ""type"": ""Point""
}","{
  ""coordinates"": [
    -83.19499797,
    42.430276411
  ],
  ""type"": ""Point""
}",-83.19499797,42.4302764110001
15446,9246491,NORWOOD,WINCHESTER,2015-04-20,20,4,2015,18,2,4,9,,,0,,2,4,1,25,2,2,2,5,0,0,0,0,true,,false,false,false,false,false,,,,,,false,false,true,,,false,false,false,false,false,-83.06789,42.44514,"{
  ""coordinates"": [
    -8.306788929500000e+01,
    4.244513678900010e+01
  ],
  ""type"": ""Point""
}","{
  ""coordinates"": [
    -83.067889295,
    42.445136789
  ],
  ""type"": ""Point""
}",-83.067889295,42.4451367890001
15447,9251087,S I 75 SERVICE DRIVE,7 MILE,2015-04-20,20,4,2015,0,2,5,9,,4,0,,2,4,5,25,3,2,4,4,0,0,0,1,false,,true,true,false,false,false,,,,,,false,false,false,,,false,false,false,false,false,-83.09534,42.43237,"{
  ""coordinates"": [
    -8.309533781000000e+01,
    4.243236935900010e+01
  ],
  ""type"": ""Point""
}","{
  ""coordinates"": [
    -83.09533781,
    42.432369359
  ],
  ""type"": ""Point""
}",-83.09533781,42.4323693590001
15448,9246488,CONANT,MCNICHOLS,2015-04-20,20,4,2015,14,2,8,9,,4,0,,1,1,1,30,2,2,2,5,0,0,0,0,true,,false,false,false,false,false,,,,,,false,true,false,,,false,false,false,false,false,-83.06343,42.4184,"{
  ""coordinates"": [
    -8.306343209999990e+01,
    4.241840233600000e+01
  ],
  ""type"": ""Point""
}","{
  ""coordinates"": [
    -83.0634321,
    42.418402336
  ],
  ""type"": ""Point""
}",-83.0634320999999,42.418402336
15449,9242041,CHALMERS,CHELSEA,2015-04-20,20,4,2015,9,2,4,9,,4,0,,1,2,1,30,2,2,5,4,0,0,0,3,false,,false,false,false,false,false,,,,,,false,false,true,,,false,false,false,false,false,-82.9693,42.41222,"{
  ""coordinates"": [
    -8.296930249199990e+01,
    4.241222410300000e+01
  ],
  ""type"": ""Point""
}","{
  ""coordinates"": [
    -82.969302492,
    42.412224103
  ],
  ""type"": ""Point""
}",-82.9693024919999,42.412224103
15450,9242005,KIRBY,CASS,2015-04-20,20,4,2015,12,2,8,9,,,0,,2,2,1,25,2,2,1,5,0,0,0,0,true,,false,false,true,false,false,,,,,,false,false,false,,,false,false,false,false,false,-83.068,42.35906,"{
  ""coordinates"": [
    -8.306800432900000e+01,
    4.235905721400010e+01
  ],
  ""type"": ""Point""
}","{
  ""coordinates"": [
    -83.068004329,
    42.359057214
  ],
  ""type"": ""Point""
}",-83.068004329,42.3590572140001
15451,9243519,VAN DYKE,DOYLE,2015-04-20,20,4,2015,10,2,5,3,,1,0,,1,1,1,35,2,2,2,5,0,0,0,0,true,,false,false,false,false,false,,,,,,false,false,false,,,false,false,false,false,false,-83.0236,42.41675,"{
  ""coordinates"": [
    -8.302359887900001e+01,
    4.241675263500010e+01
  ],
  ""type"": ""Point""
}","{
  ""coordinates"": [
    -83.023598879,
    42.416752635
  ],
  ""type"": ""Point""
}",-83.023598879,42.4167526350001
15452,9242014,VAUGHAN,SAWYER,2015-04-20,20,4,2015,17,2,4,9,,,0,,1,2,1,25,1,2,2,4,0,0,0,1,false,,false,false,false,false,false,,,,,,false,false,false,,,false,false,false,false,false,-83.23675,42.34685,"{
  ""coordinates"": [
    -8.323674793700000e+01,
    4.234685224800010e+01
  ],
  ""type"": ""Point""
}","{
  ""coordinates"": [
    -83.236747937,
    42.346852248
  ],
  ""type"": ""Point""
}",-83.236747937,42.3468522480001
15453,9245069,HANCOCK,JOHN R,2015-04-20,20,4,2015,16,2,1,9,,,1,,1,6,1,25,2,1,14,5,0,0,0,0,true,,false,false,false,false,false,,,,,,false,false,false,,,false,false,false,false,false,-83.06115,42.35686,"{
  ""coordinates"": [
    -8.306114886800000e+01,
    4.235686678600010e+01
  ],
  ""type"": ""Point""
}","{
  ""coordinates"": [
    -83.061148868,
    42.356866786
  ],
  ""type"": ""Point""
}",-83.061148868,42.3568667860001
15454,9242018,GREENFIELD,W I 96,2015-04-20,20,4,2015,16,2,5,9,,2,0,,2,2,1,35,6,2,3,5,0,0,0,0,true,,false,false,false,false,false,,,,,,false,false,false,,,false,false,false,false,false,-83.19822,42.37917,"{
  ""coordinates"": [
    -8.319822191700000e+01,
    4.237917476700010e+01
  ],
  ""type"": ""Point""
}","{
  ""coordinates"": [
    -83.198221917,
    42.379174767
  ],
  ""type"": ""Point""
}",-83.198221917,42.3791747670001
15455,9243281,S I 75,RAMP 216J,2015-04-20,20,4,2015,13,2,5,1,,1,0,,2,2,1,55,3,3,3,4,0,0,0,2,false,,false,false,false,false,false,,,,,,false,false,false,,,false,false,false,false,false,-83.05848,42.36911,"{
  ""coordinates"": [
    -8.305848136000000e+01,
    4.236911555100000e+01
  ],
  ""type"": ""Point""
}","{
  ""coordinates"": [
    -83.05848136,
    42.369115551
  ],
  ""type"": ""Point""
}",-83.05848136,42.369115551
15456,9242001,CANFIELD,SAINT ANTOINE,2015-04-20,20,4,2015,9,2,8,9,,4,0,,2,2,1,25,2,2,4,4,0,0,0,4,false,,false,false,false,false,false,,,,,,false,true,false,,,false,false,false,false,false,-83.05444,42.35554,"{
  ""coordinates"": [
    -8.305444161100000e+01,
    4.235554137200010e+01
  ],
  ""type"": ""Point""
}","{
  ""coordinates"": [
    -83.054441611,
    42.355541372
  ],
  ""type"": ""Point""
}",-83.054441611,42.3555413720001