ObjectId,Crash ID,Primary Road,Intersecting Road,Crash Date,Day,Month,Year,Hour,Weekday,Crash Type Code,Highway Classification Code,Community Code,Jurisdiction Code,Lane Departure Type Code,Surface Type,Road Condition,Weather Condition,Lighting Condition,Speed Limit,Lanes,Units,Occupants,Most Severe Injury,Fatal Injuries,Suspected Serious Injuries,Suspected Minor Injuries,Possible Injuries,Property Damage Only,Secondary Crash,Traffic Control,Red Light Run,Hit and Run,Alcohol,Drugs,Unbelted Person,Work Zone,Speeding Driver,Distracted Driver,Driveway,Pedestrian,Elderly Driver,Young Driver,Commercial Vehicle,Emergency Vehicles,Train,School Bus,Motorcycle,Bicycle,Deer,Longitude,Latitude,geom,geog,x,y
15514,9241204,MCNICHOLS,DEQUINDRE,2015-04-19,19,4,2015,17,1,4,9,,4,0,,1,1,1,30,2,2,5,5,0,0,0,0,true,,true,true,false,false,false,,,,,,false,false,true,,,false,false,false,false,false,-83.0822,42.41843,"{
  ""coordinates"": [
    -8.308220200200000e+01,
    4.241843159200000e+01
  ],
  ""type"": ""Point""
}","{
  ""coordinates"": [
    -83.082202002,
    42.418431592
  ],
  ""type"": ""Point""
}",-83.082202002,42.418431592
15515,9322354,SCHAEFER,FORT,2015-04-19,19,4,2015,21,1,97,7,,1,0,,2,4,4,35,5,2,1,5,0,0,0,0,true,,false,false,false,false,false,,,,,,false,true,false,,,false,false,false,false,false,-83.15594,42.27684,"{
  ""coordinates"": [
    -8.315594302100000e+01,
    4.227683837800000e+01
  ],
  ""type"": ""Point""
}","{
  ""coordinates"": [
    -83.155943021,
    42.276838378
  ],
  ""type"": ""Point""
}",-83.155943021,42.276838378
15516,9250209,WILFRED,GRATIOT,2015-04-19,19,4,2015,2,1,8,9,,,0,,1,1,4,25,1,2,1,5,0,0,0,0,true,,false,false,true,false,false,,,,,,false,false,true,,,false,false,false,false,false,-82.99172,42.41196,"{
  ""coordinates"": [
    -8.299172472100000e+01,
    4.241196479400000e+01
  ],
  ""type"": ""Point""
}","{
  ""coordinates"": [
    -82.991724721,
    42.411964794
  ],
  ""type"": ""Point""
}",-82.991724721,42.411964794
15517,9245058,LAUDER,CLARITA,2015-04-19,19,4,2015,15,1,4,9,,,0,,1,1,1,15,3,2,4,5,0,0,0,0,true,,false,false,false,false,false,,,,,,false,false,false,,,false,false,false,false,false,-83.1925,42.42903,"{
  ""coordinates"": [
    -8.319250548799990e+01,
    4.242903215700010e+01
  ],
  ""type"": ""Point""
}","{
  ""coordinates"": [
    -83.192505488,
    42.429032157
  ],
  ""type"": ""Point""
}",-83.1925054879999,42.4290321570001
15518,9243301,W I 96 CD,GREENFIELD,2015-04-19,19,4,2015,17,1,1,1,,1,1,,1,2,1,55,3,1,1,5,0,0,0,0,true,,false,false,false,false,false,,,,,,false,false,false,,,false,false,false,false,false,-83.19797,42.37941,"{
  ""coordinates"": [
    -8.319796630699990e+01,
    4.237940519700000e+01
  ],
  ""type"": ""Point""
}","{
  ""coordinates"": [
    -83.197966307,
    42.379405197
  ],
  ""type"": ""Point""
}",-83.1979663069999,42.379405197
15519,9241201,8 MILE,PACKARD,2015-04-19,19,4,2015,0,1,5,3,,1,0,,1,1,4,40,4,2,3,5,0,0,0,0,true,,false,false,true,false,false,,,,,,false,false,false,,,false,false,false,false,false,-83.02824,42.44808,"{
  ""coordinates"": [
    -8.302824054199991e+01,
    4.244807768100000e+01
  ],
  ""type"": ""Point""
}","{
  ""coordinates"": [
    -83.028240542,
    42.448077681
  ],
  ""type"": ""Point""
}",-83.0282405419999,42.448077681
15520,9241089,RAMP 216E,WARREN,2015-04-19,19,4,2015,1,1,8,1,,1,0,,1,1,4,35,2,2,1,5,0,0,0,0,true,,false,false,true,false,false,,,,,,false,false,false,,,false,false,false,false,false,-83.05438,42.36113,"{
  ""coordinates"": [
    -8.305438193499999e+01,
    4.236113185000000e+01
  ],
  ""type"": ""Point""
}","{
  ""coordinates"": [
    -83.054381935,
    42.36113185
  ],
  ""type"": ""Point""
}",-83.054381935,42.36113185
15521,9249421,SOUTHFIELD SERVICE DRIVE,MCNICHOLS,2015-04-19,19,4,2015,20,1,5,3,,4,0,,1,1,4,25,2,2,2,5,0,0,0,0,true,,false,false,true,false,false,,,,,,false,false,true,,,false,false,false,false,false,-83.21839,42.41555,"{
  ""coordinates"": [
    -8.321838922099990e+01,
    4.241554667800010e+01
  ],
  ""type"": ""Point""
}","{
  ""coordinates"": [
    -83.218389221,
    42.415546678
  ],
  ""type"": ""Point""
}",-83.2183892209999,42.4155466780001
15522,9243286,I-96,GREENFIELD,2015-04-19,19,4,2015,16,1,1,1,,1,1,,1,2,1,55,3,1,1,4,0,0,0,1,false,,false,false,false,false,false,,,,,,false,false,false,,,false,false,true,false,false,-83.19608,42.37924,"{
  ""coordinates"": [
    -8.319607834899990e+01,
    4.237924277500010e+01
  ],
  ""type"": ""Point""
}","{
  ""coordinates"": [
    -83.196078349,
    42.379242775
  ],
  ""type"": ""Point""
}",-83.1960783489999,42.3792427750001
15523,9243474,GRAND RIVER,BRYDEN,2015-04-19,19,4,2015,11,1,5,3,,1,0,,1,1,1,35,2,2,2,5,0,0,0,0,true,,false,false,true,false,false,,,,,,false,true,false,,,false,false,false,false,false,-83.14425,42.37086,"{
  ""coordinates"": [
    -8.314424903900000e+01,
    4.237085931900000e+01
  ],
  ""type"": ""Point""
}","{
  ""coordinates"": [
    -83.144249039,
    42.370859319
  ],
  ""type"": ""Point""
}",-83.144249039,42.370859319
15524,9241110,W I 94,211B,2015-04-19,19,4,2015,22,1,1,1,,1,1,,2,4,5,55,3,1,1,5,0,0,0,0,true,,false,false,false,false,false,,,,,,false,false,false,,,false,false,false,false,false,-83.14778,42.33092,"{
  ""coordinates"": [
    -8.314778117199999e+01,
    4.233091847400000e+01
  ],
  ""type"": ""Point""
}","{
  ""coordinates"": [
    -83.147781172,
    42.330918474
  ],
  ""type"": ""Point""
}",-83.147781172,42.330918474
15525,9257962,ANTHONY WAYNE,MERRICK,2015-04-19,19,4,2015,0,1,5,9,,4,3,,1,1,4,30,2,2,2,5,0,0,0,0,true,,false,false,true,true,false,,,,,,false,false,true,,,false,false,false,false,false,-83.07324,42.35785,"{
  ""coordinates"": [
    -8.307324550700000e+01,
    4.235784505100000e+01
  ],
  ""type"": ""Point""
}","{
  ""coordinates"": [
    -83.073245507,
    42.357845051
  ],
  ""type"": ""Point""
}",-83.073245507,42.357845051
15526,9451154,JEFFERSON,MCCLLEAN,2015-04-19,19,4,2015,17,1,8,9,,4,0,,1,1,1,40,8,2,2,5,0,0,0,0,true,,false,false,false,false,false,,,,,,false,false,true,,,false,false,false,false,false,-82.9846,42.3588,"{
  ""coordinates"": [
    -8.298460655400000e+01,
    4.235879487300010e+01
  ],
  ""type"": ""Point""
}","{
  ""coordinates"": [
    -82.984606554,
    42.358794873
  ],
  ""type"": ""Point""
}",-82.984606554,42.3587948730001
15527,9241096,M-10,MEYERS,2015-04-19,19,4,2015,11,1,1,3,,1,1,,1,1,1,55,3,1,1,4,0,0,0,1,false,,false,false,false,false,false,,,,,,false,false,true,,,false,false,false,false,false,-83.16914,42.41353,"{
  ""coordinates"": [
    -8.316913572000000e+01,
    4.241353101900010e+01
  ],
  ""type"": ""Point""
}","{
  ""coordinates"": [
    -83.16913572,
    42.413531019
  ],
  ""type"": ""Point""
}",-83.16913572,42.4135310190001
15528,9243309,N I 75,RAMP 041G,2015-04-19,19,4,2015,23,1,1,1,,1,1,,2,4,4,55,4,1,1,5,0,0,0,0,true,,false,false,false,false,false,,,,,,false,false,true,,,false,false,false,false,false,-83.04411,42.34184,"{
  ""coordinates"": [
    -8.304410611599999e+01,
    4.234184327000000e+01
  ],
  ""type"": ""Point""
}","{
  ""coordinates"": [
    -83.044106116,
    42.34184327
  ],
  ""type"": ""Point""
}",-83.044106116,42.34184327
15529,9250886,I-94,NOTTINGHAM,2015-04-19,19,4,2015,23,1,1,1,,1,1,,2,4,4,55,3,1,1,5,0,0,0,0,true,,false,false,false,false,false,,,,,,false,false,true,,,false,false,false,false,false,-82.95359,42.40684,"{
  ""coordinates"": [
    -8.295359279900001e+01,
    4.240684224500010e+01
  ],
  ""type"": ""Point""
}","{
  ""coordinates"": [
    -82.953592799,
    42.406842245
  ],
  ""type"": ""Point""
}",-82.953592799,42.4068422450001
15530,9339344,JEFFERSON,SOLVAY,2015-04-19,19,4,2015,0,1,4,9,,4,0,,1,1,4,30,2,2,1,5,0,0,0,0,true,,false,false,true,false,false,,,,,,false,false,true,,,false,false,false,false,false,-83.10944,42.2941,"{
  ""coordinates"": [
    -8.310944434600000e+01,
    4.229410077600010e+01
  ],
  ""type"": ""Point""
}","{
  ""coordinates"": [
    -83.109444346,
    42.294100776
  ],
  ""type"": ""Point""
}",-83.109444346,42.2941007760001
15531,9249467,BURT,CHICAGO,2015-04-19,19,4,2015,17,1,97,9,,4,0,,1,1,1,0,1,2,1,5,0,0,0,0,true,,false,false,false,false,false,,,,,,false,false,false,,,false,false,false,false,false,-83.24594,42.36459,"{
  ""coordinates"": [
    -8.324594424799990e+01,
    4.236458546400010e+01
  ],
  ""type"": ""Point""
}","{
  ""coordinates"": [
    -83.245944248,
    42.364585464
  ],
  ""type"": ""Point""
}",-83.2459442479999,42.3645854640001
15532,9243487,GRIGGS,WADSWORTH,2015-04-19,19,4,2015,1,1,5,9,,,0,,1,1,5,25,2,2,3,5,0,0,0,0,true,,false,false,false,true,false,,,,,,false,false,false,,,false,false,false,false,false,-83.16209,42.37574,"{
  ""coordinates"": [
    -8.316208343400000e+01,
    4.237574123200010e+01
  ],
  ""type"": ""Point""
}","{
  ""coordinates"": [
    -83.162083434,
    42.375741232
  ],
  ""type"": ""Point""
}",-83.162083434,42.3757412320001
15533,9241178,SOUTHFIELD SERVICE DRIVE,MCNICHOLS,2015-04-19,19,4,2015,20,1,5,3,,4,0,,2,1,3,25,3,2,3,5,0,0,0,0,true,,false,false,false,false,false,,,,,,false,false,true,,,false,false,false,false,false,-83.21839,42.41555,"{
  ""coordinates"": [
    -8.321838922099990e+01,
    4.241554667800010e+01
  ],
  ""type"": ""Point""
}","{
  ""coordinates"": [
    -83.218389221,
    42.415546678
  ],
  ""type"": ""Point""
}",-83.2183892209999,42.4155466780001
15534,9248370,I-94,CADILLAC,2015-04-19,19,4,2015,22,1,1,1,,1,1,,2,4,5,70,3,1,1,4,0,0,0,1,false,,false,false,false,false,false,,,,,,false,false,false,,,false,false,false,false,false,-83.00443,42.3919,"{
  ""coordinates"": [
    -8.300443290100000e+01,
    4.239189593500000e+01
  ],
  ""type"": ""Point""
}","{
  ""coordinates"": [
    -83.004432901,
    42.391895935
  ],
  ""type"": ""Point""
}",-83.004432901,42.391895935
15535,9246433,BILTMORE,VASSAR,2015-04-19,19,4,2015,12,1,5,9,,,0,,1,1,1,25,1,2,9,5,0,0,0,0,true,,false,false,false,false,false,,,,,,false,false,true,,,false,false,false,false,false,-83.21191,42.43381,"{
  ""coordinates"": [
    -8.321190620499991e+01,
    4.243381256800010e+01
  ],
  ""type"": ""Point""
}","{
  ""coordinates"": [
    -83.211906205,
    42.433812568
  ],
  ""type"": ""Point""
}",-83.2119062049999,42.4338125680001
15536,9296277,LINWOOD,DAVISON,2015-04-19,19,4,2015,22,1,9,3,,4,0,,2,4,4,35,2,2,2,5,0,0,0,0,true,,false,false,true,false,false,,,,,,false,false,false,,,false,false,false,false,false,-83.12202,42.39302,"{
  ""coordinates"": [
    -8.312202187100000e+01,
    4.239301701600000e+01
  ],
  ""type"": ""Point""
}","{
  ""coordinates"": [
    -83.122021871,
    42.393017016
  ],
  ""type"": ""Point""
}",-83.122021871,42.393017016
15537,9243323,RAMP 139G,W M 8,2015-04-19,19,4,2015,22,1,1,1,,1,1,,2,4,4,30,3,1,2,5,0,0,0,0,true,,false,false,true,false,false,,,,,,false,false,false,,,false,false,false,false,false,-83.15397,42.3854,"{
  ""coordinates"": [
    -8.315397083900000e+01,
    4.238540201800000e+01
  ],
  ""type"": ""Point""
}","{
  ""coordinates"": [
    -83.153970839,
    42.385402018
  ],
  ""type"": ""Point""
}",-83.153970839,42.385402018
15538,9240335,CHICAGO,STAHELIN,2015-04-18,18,4,2015,0,7,4,9,,4,0,,1,2,4,25,2,2,4,3,0,0,1,1,false,,false,false,false,true,false,,,,,,false,false,false,,,false,false,false,false,false,-83.22519,42.36491,"{
  ""coordinates"": [
    -8.322518918500000e+01,
    4.236490667400010e+01
  ],
  ""type"": ""Point""
}","{
  ""coordinates"": [
    -83.225189185,
    42.364906674
  ],
  ""type"": ""Point""
}",-83.225189185,42.3649066740001
15539,9241078,I 96,WYOMING,2015-04-18,18,4,2015,2,7,8,1,,1,0,,1,1,4,55,3,2,4,5,0,0,0,0,true,,false,false,false,false,false,,,,,,false,false,false,,,false,false,false,false,false,-83.1541,42.3852,"{
  ""coordinates"": [
    -8.315409769400000e+01,
    4.238519832400000e+01
  ],
  ""type"": ""Point""
}","{
  ""coordinates"": [
    -83.154097694,
    42.385198324
  ],
  ""type"": ""Point""
}",-83.154097694,42.385198324
15540,9242011,CHANDLER PARK,HEREFORD,2015-04-18,18,4,2015,13,7,97,9,,2,0,,1,1,1,25,2,2,3,5,0,0,0,0,true,,false,false,false,false,false,,,,,,false,true,false,,,false,false,false,false,false,-82.92711,42.41335,"{
  ""coordinates"": [
    -8.292711215799990e+01,
    4.241335101500000e+01
  ],
  ""type"": ""Point""
}","{
  ""coordinates"": [
    -82.927112158,
    42.413351015
  ],
  ""type"": ""Point""
}",-82.9271121579999,42.413351015
15541,9242071,OUTER,SHERWOOD,2015-04-18,18,4,2015,19,7,8,9,,2,0,,1,1,1,25,4,2,3,5,0,0,0,0,true,,false,false,true,false,false,,,,,,false,false,false,,,false,false,false,false,false,-83.03423,42.44093,"{
  ""coordinates"": [
    -8.303422383299990e+01,
    4.244093302500000e+01
  ],
  ""type"": ""Point""
}","{
  ""coordinates"": [
    -83.034223833,
    42.440933025
  ],
  ""type"": ""Point""
}",-83.0342238329999,42.440933025
15542,9241087,RAMP 139G,W I 96 CD,2015-04-18,18,4,2015,3,7,1,1,,1,1,,1,1,4,55,2,1,1,5,0,0,0,0,true,,false,false,false,false,false,,,,,,false,false,true,,,false,false,false,false,false,-83.15632,42.38559,"{
  ""coordinates"": [
    -8.315631778100000e+01,
    4.238558764200010e+01
  ],
  ""type"": ""Point""
}","{
  ""coordinates"": [
    -83.156317781,
    42.385587642
  ],
  ""type"": ""Point""
}",-83.156317781,42.3855876420001
15543,9242037,GRATIOT,WILFRED,2015-04-18,18,4,2015,20,7,8,3,,1,0,,1,1,5,35,7,3,3,5,0,0,0,0,true,,false,false,false,false,false,,,,,,false,false,false,,,false,false,false,false,false,-82.9932,42.41146,"{
  ""coordinates"": [
    -8.299320333400000e+01,
    4.241146335900000e+01
  ],
  ""type"": ""Point""
}","{
  ""coordinates"": [
    -82.993203334,
    42.411463359
  ],
  ""type"": ""Point""
}",-82.993203334,42.411463359
15544,9242042,GRATIOT,STATE FAIR,2015-04-18,18,4,2015,21,7,5,3,,1,0,,1,1,4,35,6,2,6,5,0,0,0,0,true,,false,false,true,false,false,,,,,,false,false,false,,,false,false,false,false,false,-82.97231,42.44324,"{
  ""coordinates"": [
    -8.297230368800000e+01,
    4.244324630800000e+01
  ],
  ""type"": ""Point""
}","{
  ""coordinates"": [
    -82.972303688,
    42.443246308
  ],
  ""type"": ""Point""
}",-82.972303688,42.443246308
15545,9242013,BURT,FENKELL,2015-04-18,18,4,2015,22,7,7,9,,4,0,,1,1,4,30,4,2,1,5,0,0,0,0,true,,true,true,true,false,false,,,,,,false,false,false,,,false,false,false,false,false,-83.24711,42.40057,"{
  ""coordinates"": [
    -8.324711208300000e+01,
    4.240057291000010e+01
  ],
  ""type"": ""Point""
}","{
  ""coordinates"": [
    -83.247112083,
    42.40057291
  ],
  ""type"": ""Point""
}",-83.247112083,42.4005729100001
15546,9241163,N I 75,CLAY,2015-04-18,18,4,2015,12,7,5,1,,1,0,,1,1,5,70,3,2,1,4,0,0,0,1,false,,false,false,true,false,false,,,,,,false,false,true,,,false,false,false,false,false,-83.06259,42.37836,"{
  ""coordinates"": [
    -8.306259345200000e+01,
    4.237836122800010e+01
  ],
  ""type"": ""Point""
}","{
  ""coordinates"": [
    -83.062593452,
    42.378361228
  ],
  ""type"": ""Point""
}",-83.062593452,42.3783612280001
15547,9241086,RAMP 219A,GRATIOT,2015-04-18,18,4,2015,2,7,8,1,,1,0,,1,1,4,55,3,2,2,5,0,0,0,0,true,,false,false,true,false,false,,,,,,false,false,false,,,false,false,false,false,false,-83.00661,42.39087,"{
  ""coordinates"": [
    -8.300661007199990e+01,
    4.239086684100000e+01
  ],
  ""type"": ""Point""
}","{
  ""coordinates"": [
    -83.006610072,
    42.390866841
  ],
  ""type"": ""Point""
}",-83.0066100719999,42.390866841
15548,9240378,FLANDERS,LEROY,2015-04-18,18,4,2015,12,7,4,9,,,0,,1,1,1,25,4,2,3,2,0,1,0,0,false,,false,false,false,false,false,,,,,,false,false,true,,,false,false,false,false,false,-82.97134,42.4199,"{
  ""coordinates"": [
    -8.297134370500000e+01,
    4.241989986100000e+01
  ],
  ""type"": ""Point""
}","{
  ""coordinates"": [
    -82.971343705,
    42.419899861
  ],
  ""type"": ""Point""
}",-82.971343705,42.419899861
15549,9246292,CASS,SELDEN,2015-04-18,18,4,2015,15,7,3,9,,4,0,,1,1,1,30,2,2,2,5,0,0,0,0,true,,false,false,false,false,false,,,,,,false,false,false,,,false,false,false,false,false,-83.06225,42.34827,"{
  ""coordinates"": [
    -8.306224513399999e+01,
    4.234827165800000e+01
  ],
  ""type"": ""Point""
}","{
  ""coordinates"": [
    -83.062245134,
    42.348271658
  ],
  ""type"": ""Point""
}",-83.062245134,42.348271658
15550,9241098,N M 39,WARREN,2015-04-18,18,4,2015,10,7,8,3,,1,0,,1,1,1,55,3,2,5,4,0,0,0,1,false,,false,false,false,false,false,,,,,,false,true,true,,,false,false,false,false,false,-83.21603,42.34324,"{
  ""coordinates"": [
    -8.321603200999991e+01,
    4.234323761300000e+01
  ],
  ""type"": ""Point""
}","{
  ""coordinates"": [
    -83.21603201,
    42.343237613
  ],
  ""type"": ""Point""
}",-83.2160320099999,42.343237613
15551,9246439,KERCHEVAL,CONCORD,2015-04-18,18,4,2015,22,7,8,9,,4,0,,1,1,4,30,4,2,2,4,0,0,0,1,false,,false,false,true,false,false,,,,,,false,false,true,,,false,false,false,false,false,-83.0106,42.35446,"{
  ""coordinates"": [
    -8.301060021099990e+01,
    4.235445942800000e+01
  ],
  ""type"": ""Point""
}","{
  ""coordinates"": [
    -83.010600211,
    42.354459428
  ],
  ""type"": ""Point""
}",-83.0106002109999,42.354459428
15552,9241174,SOUTHFIELD SD,MERCURY,2015-04-18,18,4,2015,12,7,8,9,,4,0,,1,1,4,35,3,2,1,5,0,0,0,0,true,,false,false,false,false,false,,,,,,false,false,false,,,false,false,false,false,false,-83.21546,42.33654,"{
  ""coordinates"": [
    -8.321545905300000e+01,
    4.233653693300000e+01
  ],
  ""type"": ""Point""
}","{
  ""coordinates"": [
    -83.215459053,
    42.336536933
  ],
  ""type"": ""Point""
}",-83.215459053,42.336536933
15553,9243482,GRAND RIVER,GREENFIELD,2015-04-18,18,4,2015,12,7,4,3,,1,0,,1,1,1,35,5,2,2,4,0,0,0,2,false,,true,true,false,false,false,,,,,,false,false,false,,,false,false,false,false,false,-83.19839,42.39267,"{
  ""coordinates"": [
    -8.319839116799990e+01,
    4.239266867900010e+01
  ],
  ""type"": ""Point""
}","{
  ""coordinates"": [
    -83.198391168,
    42.392668679
  ],
  ""type"": ""Point""
}",-83.1983911679999,42.3926686790001
15554,9243472,ESPER,OHIO,2015-04-18,18,4,2015,10,7,1,9,,,1,,1,1,1,25,2,1,1,5,0,0,0,0,true,,false,false,false,false,false,,,,,,false,false,false,,,false,false,false,false,false,-83.15311,42.36187,"{
  ""coordinates"": [
    -8.315310990700000e+01,
    4.236186782700000e+01
  ],
  ""type"": ""Point""
}","{
  ""coordinates"": [
    -83.153109907,
    42.361867827
  ],
  ""type"": ""Point""
}",-83.153109907,42.361867827
15555,9379704,WILDEMERE,GROVE,2015-04-18,18,4,2015,21,7,97,9,,,0,,2,2,3,25,1,2,0,5,0,0,0,0,true,,false,false,true,false,false,,,,,,false,false,false,,,false,false,false,false,false,-83.13269,42.41375,"{
  ""coordinates"": [
    -8.313269154100000e+01,
    4.241375249100000e+01
  ],
  ""type"": ""Point""
}","{
  ""coordinates"": [
    -83.132691541,
    42.413752491
  ],
  ""type"": ""Point""
}",-83.132691541,42.413752491
15556,9243457,WITHERELL,MADISON,2015-04-18,18,4,2015,17,7,8,9,,4,0,,1,1,1,25,3,2,1,5,0,0,0,0,true,,false,false,true,false,false,,,,,,false,false,false,,,false,false,false,false,false,-83.04937,42.33689,"{
  ""coordinates"": [
    -8.304937123000001e+01,
    4.233689460200000e+01
  ],
  ""type"": ""Point""
}","{
  ""coordinates"": [
    -83.04937123,
    42.336894602
  ],
  ""type"": ""Point""
}",-83.04937123,42.336894602
15557,9242007,CHALMERS,FRANKFORT,2015-04-18,18,4,2015,15,7,4,9,,4,0,,1,1,1,30,2,2,1,5,0,0,0,0,true,,false,false,true,false,false,,,,,,false,false,false,,,false,false,false,false,false,-82.95988,42.39709,"{
  ""coordinates"": [
    -8.295987730800000e+01,
    4.239709198000000e+01
  ],
  ""type"": ""Point""
}","{
  ""coordinates"": [
    -82.959877308,
    42.39709198
  ],
  ""type"": ""Point""
}",-82.959877308,42.39709198
15558,9243473,JOY,SCHAEFER,2015-04-18,18,4,2015,11,7,5,9,,4,0,,1,1,4,35,2,2,1,5,0,0,0,0,true,,false,false,false,false,false,,,,,,false,true,false,,,false,false,false,false,false,-83.17749,42.35854,"{
  ""coordinates"": [
    -8.317748715000000e+01,
    4.235854497800010e+01
  ],
  ""type"": ""Point""
}","{
  ""coordinates"": [
    -83.17748715,
    42.358544978
  ],
  ""type"": ""Point""
}",-83.17748715,42.3585449780001
15559,9242056,WAVERLY,HOLMUR,2015-04-18,18,4,2015,13,7,8,9,,,0,,97,98,98,25,1,2,1,5,0,0,0,0,true,,false,false,true,false,false,,,,,,false,false,false,,,false,false,false,false,false,-83.13185,42.38858,"{
  ""coordinates"": [
    -8.313184759500000e+01,
    4.238857956400010e+01
  ],
  ""type"": ""Point""
}","{
  ""coordinates"": [
    -83.131847595,
    42.388579564
  ],
  ""type"": ""Point""
}",-83.131847595,42.3885795640001
15560,9339345,SCOTTEN,VERNOR,2015-04-18,18,4,2015,3,7,8,9,,4,0,,1,1,4,25,2,2,0,5,0,0,0,0,true,,false,false,true,false,false,,,,,,false,false,false,,,false,false,false,false,false,-83.09398,42.321,"{
  ""coordinates"": [
    -8.309397939500001e+01,
    4.232100332600000e+01
  ],
  ""type"": ""Point""
}","{
  ""coordinates"": [
    -83.093979395,
    42.321003326
  ],
  ""type"": ""Point""
}",-83.093979395,42.321003326
15561,9249412,OUTER,CHALFONTE,2015-04-18,18,4,2015,9,7,9,9,,2,2,,1,1,1,25,4,2,3,5,0,0,0,0,true,,false,false,false,false,false,,,,,,false,false,false,,,false,false,false,false,false,-83.25678,42.39783,"{
  ""coordinates"": [
    -8.325678024400000e+01,
    4.239782752400000e+01
  ],
  ""type"": ""Point""
}","{
  ""coordinates"": [
    -83.256780244,
    42.397827524
  ],
  ""type"": ""Point""
}",-83.256780244,42.397827524
15562,9282546,KENDALL,ARCHDALE,2015-04-18,18,4,2015,1,7,5,9,,,0,,1,1,4,25,2,3,3,5,0,0,0,0,true,,false,false,true,false,false,,,,,,false,false,true,,,false,false,false,false,false,-83.21606,42.38912,"{
  ""coordinates"": [
    -8.321606204400000e+01,
    4.238912098800010e+01
  ],
  ""type"": ""Point""
}","{
  ""coordinates"": [
    -83.216062044,
    42.389120988
  ],
  ""type"": ""Point""
}",-83.216062044,42.3891209880001
15563,9241099,E I 94,OUTER,2015-04-18,18,4,2015,10,7,1,1,,1,1,,1,1,1,55,3,1,1,5,0,0,0,0,true,,false,false,false,false,false,,,,,,false,false,true,,,false,false,false,false,false,-82.96185,42.40442,"{
  ""coordinates"": [
    -8.296184830899990e+01,
    4.240442262600000e+01
  ],
  ""type"": ""Point""
}","{
  ""coordinates"": [
    -82.961848309,
    42.404422626
  ],
  ""type"": ""Point""
}",-82.9618483089999,42.404422626
15564,9243322,I 94 SERV,CADIEUX,2015-04-18,18,4,2015,21,7,5,1,,4,0,,1,1,4,35,3,3,6,5,0,0,0,0,true,,false,false,false,false,false,,,,,,false,false,false,,,false,false,false,false,false,-82.93745,42.41759,"{
  ""coordinates"": [
    -8.293745528600000e+01,
    4.241758882900010e+01
  ],
  ""type"": ""Point""
}","{
  ""coordinates"": [
    -82.937455286,
    42.417588829
  ],
  ""type"": ""Point""
}",-82.937455286,42.4175888290001
15565,9241175,STEEL,ELLIS,2015-04-18,18,4,2015,20,7,97,9,,,0,,1,1,5,25,1,2,0,5,0,0,0,0,true,,false,false,true,false,false,,,,,,false,false,false,,,false,false,false,false,false,-83.17024,42.36102,"{
  ""coordinates"": [
    -8.317024597299999e+01,
    4.236101348500010e+01
  ],
  ""type"": ""Point""
}","{
  ""coordinates"": [
    -83.170245973,
    42.361013485
  ],
  ""type"": ""Point""
}",-83.170245973,42.3610134850001
15566,9240376,CONNER,MCNICHOLS,2015-04-18,18,4,2015,3,7,1,9,,4,1,,1,1,5,35,4,1,2,2,0,2,0,0,false,,false,false,false,false,false,,,,,,false,false,false,,,false,false,false,false,false,-83.01364,42.41953,"{
  ""coordinates"": [
    -8.301364192699999e+01,
    4.241952801200010e+01
  ],
  ""type"": ""Point""
}","{
  ""coordinates"": [
    -83.013641927,
    42.419528012
  ],
  ""type"": ""Point""
}",-83.013641927,42.4195280120001
15567,9251900,TRUMBULL,GRAND,2015-04-18,18,4,2015,1,7,4,9,,,0,,1,1,4,35,4,2,5,4,0,0,0,2,false,,false,false,false,false,false,,,,,,false,false,true,,,false,false,false,false,false,-83.08453,42.36594,"{
  ""coordinates"": [
    -8.308453378500000e+01,
    4.236594500200000e+01
  ],
  ""type"": ""Point""
}","{
  ""coordinates"": [
    -83.084533785,
    42.365945002
  ],
  ""type"": ""Point""
}",-83.084533785,42.365945002
15568,9247020,I-94,VAN DYKE,2015-04-18,18,4,2015,2,7,1,1,,1,1,,1,1,4,70,3,1,1,5,0,0,0,0,true,,false,false,true,false,false,,,,,,false,false,false,,,false,false,false,false,false,-83.0219,42.38579,"{
  ""coordinates"": [
    -8.302190487199989e+01,
    4.238579250900010e+01
  ],
  ""type"": ""Point""
}","{
  ""coordinates"": [
    -83.021904872,
    42.385792509
  ],
  ""type"": ""Point""
}",-83.0219048719999,42.3857925090001
15569,9425691,MONROE,BEAUBIEN,2015-04-18,18,4,2015,16,7,97,9,,4,0,,1,1,1,25,3,2,1,4,0,0,0,1,false,,false,false,false,false,false,,,,,,true,false,false,,,false,false,false,false,false,-83.04256,42.3349,"{
  ""coordinates"": [
    -8.304256413400000e+01,
    4.233490448500000e+01
  ],
  ""type"": ""Point""
}","{
  ""coordinates"": [
    -83.042564134,
    42.334904485
  ],
  ""type"": ""Point""
}",-83.042564134,42.334904485
15570,9241085,M-10,GLADSTONE,2015-04-18,18,4,2015,2,7,1,9,,4,1,,1,1,4,55,3,1,1,5,0,0,0,0,true,,false,false,false,false,false,,,,,,false,false,false,,,false,false,false,false,false,-83.08865,42.37815,"{
  ""coordinates"": [
    -8.308864797099990e+01,
    4.237815211200010e+01
  ],
  ""type"": ""Point""
}","{
  ""coordinates"": [
    -83.088647971,
    42.378152112
  ],
  ""type"": ""Point""
}",-83.0886479709999,42.3781521120001