ObjectId,Crash ID,Primary Road,Intersecting Road,Crash Date,Day,Month,Year,Hour,Weekday,Crash Type Code,Highway Classification Code,Community Code,Jurisdiction Code,Lane Departure Type Code,Surface Type,Road Condition,Weather Condition,Lighting Condition,Speed Limit,Lanes,Units,Occupants,Most Severe Injury,Fatal Injuries,Suspected Serious Injuries,Suspected Minor Injuries,Possible Injuries,Property Damage Only,Secondary Crash,Traffic Control,Red Light Run,Hit and Run,Alcohol,Drugs,Unbelted Person,Work Zone,Speeding Driver,Distracted Driver,Driveway,Pedestrian,Elderly Driver,Young Driver,Commercial Vehicle,Emergency Vehicles,Train,School Bus,Motorcycle,Bicycle,Deer,Longitude,Latitude,geom,geog,x,y
15628,9240196,W I 94,BURNS,2015-04-17,17,4,2015,10,6,8,1,,1,0,,1,1,1,55,3,2,3,5,0,0,0,0,true,,false,false,false,false,false,,,,,,false,true,false,,,false,false,false,false,false,-83.01154,42.38968,"{
  ""coordinates"": [
    -8.301153242700001e+01,
    4.238968140500000e+01
  ],
  ""type"": ""Point""
}","{
  ""coordinates"": [
    -83.011532427,
    42.389681405
  ],
  ""type"": ""Point""
}",-83.011532427,42.389681405
15629,9243489,AUBURN,FENKELL,2015-04-17,17,4,2015,12,6,4,9,,,0,,1,1,1,25,2,2,1,5,0,0,0,0,true,,false,false,true,false,false,,,,,,false,false,false,,,false,false,false,false,false,-83.23494,42.40127,"{
  ""coordinates"": [
    -8.323493843800000e+01,
    4.240127329300000e+01
  ],
  ""type"": ""Point""
}","{
  ""coordinates"": [
    -83.234938438,
    42.401273293
  ],
  ""type"": ""Point""
}",-83.234938438,42.401273293
15630,9240346,GRATIOT,BESSEMORE,2015-04-17,17,4,2015,14,6,4,3,,1,0,,1,1,1,35,7,2,2,3,0,0,1,0,false,,false,false,false,false,false,,,,,,false,true,false,,,false,false,true,false,false,-83.00396,42.39503,"{
  ""coordinates"": [
    -8.300396226500000e+01,
    4.239502957600010e+01
  ],
  ""type"": ""Point""
}","{
  ""coordinates"": [
    -83.003962265,
    42.395029576
  ],
  ""type"": ""Point""
}",-83.003962265,42.3950295760001
15631,9240392,VAN DYKE,MCNICHOLS,2015-04-17,17,4,2015,18,6,8,3,,1,0,,1,1,1,40,3,2,4,5,0,0,0,0,true,,false,false,false,false,false,,,,,,false,false,false,,,false,false,false,false,false,-83.0237,42.41937,"{
  ""coordinates"": [
    -8.302369903700000e+01,
    4.241937370100000e+01
  ],
  ""type"": ""Point""
}","{
  ""coordinates"": [
    -83.023699037,
    42.419373701
  ],
  ""type"": ""Point""
}",-83.023699037,42.419373701
15632,9240192,S M 10,RAMP 123A,2015-04-17,17,4,2015,16,6,5,3,,1,0,,1,1,1,55,3,2,3,5,0,0,0,0,true,,false,false,false,false,false,,,,,,false,false,true,,,false,false,false,false,false,-83.06007,42.33005,"{
  ""coordinates"": [
    -8.306007334000000e+01,
    4.233005228600010e+01
  ],
  ""type"": ""Point""
}","{
  ""coordinates"": [
    -83.06007334,
    42.330052286
  ],
  ""type"": ""Point""
}",-83.06007334,42.3300522860001
15633,9241165,JOY,FREELAND,2015-04-17,17,4,2015,22,6,4,9,,4,0,,1,1,4,30,2,2,3,5,0,0,0,0,true,,false,false,false,true,false,,,,,,false,false,false,,,false,false,false,false,false,-83.18288,42.35843,"{
  ""coordinates"": [
    -8.318288459599999e+01,
    4.235843428200010e+01
  ],
  ""type"": ""Point""
}","{
  ""coordinates"": [
    -83.182884596,
    42.358434282
  ],
  ""type"": ""Point""
}",-83.182884596,42.3584342820001
15634,9240380,SANFORD,ELMO,2015-04-17,17,4,2015,13,6,4,9,,,0,,1,2,1,25,3,2,3,5,0,0,0,0,true,,false,false,false,false,false,,,,,,false,false,false,,,false,false,false,false,false,-83.00147,42.41118,"{
  ""coordinates"": [
    -8.300147350500001e+01,
    4.241118311200010e+01
  ],
  ""type"": ""Point""
}","{
  ""coordinates"": [
    -83.001473505,
    42.411183112
  ],
  ""type"": ""Point""
}",-83.001473505,42.4111831120001
15635,9240367,GRAND RIVER,BERG,2015-04-17,17,4,2015,15,6,1,3,,1,1,,1,1,1,40,4,1,1,5,0,0,0,0,true,,false,false,false,false,false,,,,,,false,true,false,,,false,false,false,false,false,-83.26673,42.42025,"{
  ""coordinates"": [
    -8.326673212700000e+01,
    4.242025182200010e+01
  ],
  ""type"": ""Point""
}","{
  ""coordinates"": [
    -83.266732127,
    42.420251822
  ],
  ""type"": ""Point""
}",-83.266732127,42.4202518220001
15636,9240325,WARREN,OUTER,2015-04-17,17,4,2015,9,6,5,9,,4,0,,1,1,1,35,6,2,2,5,0,0,0,0,true,,false,false,false,false,false,,,,,,false,false,false,,,false,false,false,false,false,-82.93639,42.40366,"{
  ""coordinates"": [
    -8.293639079600000e+01,
    4.240366505700010e+01
  ],
  ""type"": ""Point""
}","{
  ""coordinates"": [
    -82.936390796,
    42.403665057
  ],
  ""type"": ""Point""
}",-82.936390796,42.4036650570001
15637,9240329,N M 39,JOY,2015-04-17,17,4,2015,15,6,5,3,,1,0,,1,1,1,55,3,2,2,4,0,0,0,1,false,,false,false,false,false,false,,,,,,false,false,false,,,false,false,false,false,false,-83.2164,42.35812,"{
  ""coordinates"": [
    -8.321640087700000e+01,
    4.235812259100000e+01
  ],
  ""type"": ""Point""
}","{
  ""coordinates"": [
    -83.216400877,
    42.358122591
  ],
  ""type"": ""Point""
}",-83.216400877,42.358122591
15638,9246408,SELDEN,WOODWARD,2015-04-17,17,4,2015,14,6,4,3,,,0,,1,1,1,25,2,2,2,5,0,0,0,0,true,,false,false,false,false,false,,,,,,false,true,false,,,false,false,false,false,false,-83.05957,42.34949,"{
  ""coordinates"": [
    -8.305957088500000e+01,
    4.234949265200000e+01
  ],
  ""type"": ""Point""
}","{
  ""coordinates"": [
    -83.059570885,
    42.349492652
  ],
  ""type"": ""Point""
}",-83.059570885,42.349492652
15639,9240364,GRAND RIVER,OUTER,2015-04-17,17,4,2015,14,6,4,3,,1,0,,1,1,1,35,4,4,8,3,0,0,1,0,false,,true,true,false,false,false,,,,,,false,false,false,,,false,false,false,false,false,-83.25764,42.41649,"{
  ""coordinates"": [
    -8.325763493600000e+01,
    4.241648737300010e+01
  ],
  ""type"": ""Point""
}","{
  ""coordinates"": [
    -83.257634936,
    42.416487373
  ],
  ""type"": ""Point""
}",-83.257634936,42.4164873730001
15640,9249454,WARREN,BRACE,2015-04-17,17,4,2015,22,6,5,9,,2,0,,1,1,4,35,4,2,1,4,0,0,0,1,false,,false,false,true,false,false,,,,,,false,false,false,,,false,false,false,false,false,-83.22314,42.3433,"{
  ""coordinates"": [
    -8.322314718099990e+01,
    4.234330270100000e+01
  ],
  ""type"": ""Point""
}","{
  ""coordinates"": [
    -83.223147181,
    42.343302701
  ],
  ""type"": ""Point""
}",-83.2231471809999,42.343302701
15641,9240368,BURGESS,CAMBRIDGE,2015-04-17,17,4,2015,3,6,2,9,,,2,,1,1,4,25,2,2,0,5,0,0,0,0,true,,false,false,false,false,false,,,,,,false,false,false,,,false,false,false,false,false,-83.25593,42.43091,"{
  ""coordinates"": [
    -8.325592981800000e+01,
    4.243091134500000e+01
  ],
  ""type"": ""Point""
}","{
  ""coordinates"": [
    -83.255929818,
    42.430911345
  ],
  ""type"": ""Point""
}",-83.255929818,42.430911345
15642,9328887,MCNICHOLS,WYOMING,2015-04-17,17,4,2015,7,6,1,9,,2,1,,1,1,1,30,4,1,1,4,0,0,0,1,false,,false,false,false,false,false,,,,,,false,false,false,,,false,false,false,false,false,-83.16038,42.41693,"{
  ""coordinates"": [
    -8.316037395900000e+01,
    4.241692848000010e+01
  ],
  ""type"": ""Point""
}","{
  ""coordinates"": [
    -83.160373959,
    42.41692848
  ],
  ""type"": ""Point""
}",-83.160373959,42.4169284800001
15643,9240347,WARREN,ROHNS,2015-04-17,17,4,2015,12,6,4,9,,4,0,,1,1,1,30,3,2,3,5,0,0,0,0,true,,false,false,false,false,false,,,,,,false,true,true,,,false,false,false,false,false,-83.00336,42.37964,"{
  ""coordinates"": [
    -8.300336462199991e+01,
    4.237964160300000e+01
  ],
  ""type"": ""Point""
}","{
  ""coordinates"": [
    -83.003364622,
    42.379641603
  ],
  ""type"": ""Point""
}",-83.0033646219999,42.379641603
15644,9242040,MOROSS,KELLY,2015-04-17,17,4,2015,8,6,9,9,,2,2,,1,1,1,35,4,2,3,5,0,0,0,0,true,,false,false,false,false,false,,,,,,false,false,true,,,false,false,false,false,false,-82.95402,42.43491,"{
  ""coordinates"": [
    -8.295401747400000e+01,
    4.243491064100000e+01
  ],
  ""type"": ""Point""
}","{
  ""coordinates"": [
    -82.954017474,
    42.434910641
  ],
  ""type"": ""Point""
}",-82.954017474,42.434910641
15645,9240375,7 MILE,HAYES,2015-04-17,17,4,2015,12,6,8,9,,2,0,,1,1,1,30,5,2,2,5,0,0,0,0,true,,false,false,false,false,false,,,,,,false,false,false,,,false,false,false,false,false,-82.96535,42.43542,"{
  ""coordinates"": [
    -8.296534536400000e+01,
    4.243542523000010e+01
  ],
  ""type"": ""Point""
}","{
  ""coordinates"": [
    -82.965345364,
    42.43542523
  ],
  ""type"": ""Point""
}",-82.965345364,42.4354252300001
15646,9242075,JOHN R,FARMER,2015-04-17,17,4,2015,15,6,97,9,,4,0,,1,1,1,30,6,2,2,5,0,0,0,0,true,,false,false,false,false,false,,,,,,false,true,false,,,false,false,false,false,false,-83.04887,42.33518,"{
  ""coordinates"": [
    -8.304887178199991e+01,
    4.233517884100010e+01
  ],
  ""type"": ""Point""
}","{
  ""coordinates"": [
    -83.048871782,
    42.335178841
  ],
  ""type"": ""Point""
}",-83.0488717819999,42.3351788410001
15647,9241075,M-39,PLYMOUTH,2015-04-17,17,4,2015,18,6,5,3,,1,0,,1,1,1,55,3,2,2,5,0,0,0,0,true,,false,false,false,false,false,,,,,,false,true,false,,,false,false,false,false,false,-83.21663,42.36928,"{
  ""coordinates"": [
    -8.321662852900000e+01,
    4.236928182100010e+01
  ],
  ""type"": ""Point""
}","{
  ""coordinates"": [
    -83.216628529,
    42.369281821
  ],
  ""type"": ""Point""
}",-83.216628529,42.3692818210001
15648,9257934,DEXTER,JOY,2015-04-17,17,4,2015,20,6,5,9,,4,0,,1,1,1,35,5,3,26,1,1,0,2,3,false,,false,false,false,true,false,,,,,,false,false,true,,,false,false,false,false,false,-83.11758,42.37009,"{
  ""coordinates"": [
    -8.311758721299999e+01,
    4.237009563200010e+01
  ],
  ""type"": ""Point""
}","{
  ""coordinates"": [
    -83.117587213,
    42.370095632
  ],
  ""type"": ""Point""
}",-83.117587213,42.3700956320001
15649,9286161,CASS,LEDYARD,2015-04-17,17,4,2015,16,6,97,9,,4,0,,1,1,1,25,4,2,1,4,0,0,0,1,false,,false,false,false,false,false,,,,,,true,false,false,,,false,false,false,false,false,-83.05776,42.3403,"{
  ""coordinates"": [
    -8.305776290300000e+01,
    4.234030187100010e+01
  ],
  ""type"": ""Point""
}","{
  ""coordinates"": [
    -83.057762903,
    42.340301871
  ],
  ""type"": ""Point""
}",-83.057762903,42.3403018710001
15650,9240379,GRAYTON,KING RICHARD,2015-04-17,17,4,2015,4,6,5,9,,,0,,1,2,4,25,3,2,0,5,0,0,0,0,true,,false,false,true,false,false,,,,,,false,false,false,,,false,false,false,false,false,-82.94213,42.41722,"{
  ""coordinates"": [
    -8.294212893500000e+01,
    4.241721685600000e+01
  ],
  ""type"": ""Point""
}","{
  ""coordinates"": [
    -82.942128935,
    42.417216856
  ],
  ""type"": ""Point""
}",-82.942128935,42.417216856
15651,9250218,PHILADELPHIA,DEXTER,2015-04-17,17,4,2015,20,6,9,9,,,2,,1,1,1,25,2,2,3,3,0,0,2,0,false,,false,false,true,true,false,,,,,,false,false,true,,,false,false,false,false,false,-83.11555,42.36404,"{
  ""coordinates"": [
    -8.311555285000000e+01,
    4.236403515300000e+01
  ],
  ""type"": ""Point""
}","{
  ""coordinates"": [
    -83.11555285,
    42.364035153
  ],
  ""type"": ""Point""
}",-83.11555285,42.364035153
15652,9240197,I-94,MOROSS,2015-04-17,17,4,2015,11,6,8,1,,1,0,,1,1,1,55,3,2,1,5,0,0,0,0,true,,false,false,true,false,false,,,,,,false,false,false,,,false,false,false,false,false,-82.9312,42.42126,"{
  ""coordinates"": [
    -8.293119869299990e+01,
    4.242125801200010e+01
  ],
  ""type"": ""Point""
}","{
  ""coordinates"": [
    -82.931198693,
    42.421258012
  ],
  ""type"": ""Point""
}",-82.9311986929999,42.4212580120001
15653,9243437,ST ANTIONE,MACOMB,2015-04-17,17,4,2015,11,6,8,9,,4,0,,1,1,1,15,3,2,3,5,0,0,0,0,true,,false,false,false,false,false,,,,,,false,false,false,,,false,false,false,false,false,-83.04144,42.33629,"{
  ""coordinates"": [
    -8.304143462800000e+01,
    4.233628999200000e+01
  ],
  ""type"": ""Point""
}","{
  ""coordinates"": [
    -83.041434628,
    42.336289992
  ],
  ""type"": ""Point""
}",-83.041434628,42.336289992
15654,9240332,CHATHAM,SAWYER,2015-04-17,17,4,2015,18,6,8,9,,,0,,1,1,1,25,1,2,1,5,0,0,0,0,true,,false,false,true,false,false,,,,,,false,false,false,,,false,false,false,false,false,-83.26024,42.34639,"{
  ""coordinates"": [
    -8.326023828300001e+01,
    4.234638696600010e+01
  ],
  ""type"": ""Point""
}","{
  ""coordinates"": [
    -83.260238283,
    42.346386966
  ],
  ""type"": ""Point""
}",-83.260238283,42.3463869660001
15655,9243313,I 75,STATE FAIR,2015-04-17,17,4,2015,14,6,5,1,,1,0,,1,1,1,70,3,2,3,5,0,0,0,0,true,,false,false,false,false,false,,,,,,false,false,true,,,false,false,false,false,false,-83.09496,42.4412,"{
  ""coordinates"": [
    -8.309496049200000e+01,
    4.244119470800010e+01
  ],
  ""type"": ""Point""
}","{
  ""coordinates"": [
    -83.094960492,
    42.441194708
  ],
  ""type"": ""Point""
}",-83.094960492,42.4411947080001
15656,9240199,I75,3RD,2015-04-17,17,4,2015,16,6,5,1,,5,0,,1,1,1,55,3,2,2,5,0,0,0,0,true,,false,false,false,false,false,,,,,,false,false,true,,,false,false,false,false,false,-83.06003,42.33591,"{
  ""coordinates"": [
    -8.306002454599999e+01,
    4.233591548900010e+01
  ],
  ""type"": ""Point""
}","{
  ""coordinates"": [
    -83.060024546,
    42.335915489
  ],
  ""type"": ""Point""
}",-83.060024546,42.3359154890001
15657,9240324,MACK,NEWPORT,2015-04-17,17,4,2015,16,6,97,9,,4,0,,1,1,1,30,5,3,1,4,0,0,0,1,false,,false,false,false,false,false,,,,,,false,false,false,,,false,false,false,false,false,-82.95573,42.38602,"{
  ""coordinates"": [
    -8.295572452600000e+01,
    4.238601585900010e+01
  ],
  ""type"": ""Point""
}","{
  ""coordinates"": [
    -82.955724526,
    42.386015859
  ],
  ""type"": ""Point""
}",-82.955724526,42.3860158590001
15658,9244218,JEFFERSON,CONNER,2015-04-17,17,4,2015,20,6,3,9,,4,0,,1,1,5,30,6,2,2,5,0,0,0,0,true,,false,false,false,false,false,,,,,,false,false,true,,,false,false,false,false,false,-82.95872,42.37002,"{
  ""coordinates"": [
    -8.295872327399999e+01,
    4.237001675200000e+01
  ],
  ""type"": ""Point""
}","{
  ""coordinates"": [
    -82.958723274,
    42.370016752
  ],
  ""type"": ""Point""
}",-82.958723274,42.370016752
15659,9664878,ASHLEY,FRANKFORT,2015-04-17,17,4,2015,8,6,4,9,,,0,,1,1,1,25,2,2,2,5,0,0,0,0,true,,false,false,false,false,false,,,,,,false,false,false,,,false,false,false,false,false,-82.91516,42.41464,"{
  ""coordinates"": [
    -8.291515772699999e+01,
    4.241464054100000e+01
  ],
  ""type"": ""Point""
}","{
  ""coordinates"": [
    -82.915157727,
    42.414640541
  ],
  ""type"": ""Point""
}",-82.915157727,42.414640541
15660,9240200,M-39,MCNICHOLS,2015-04-17,17,4,2015,16,6,5,3,,1,0,,1,1,1,55,3,3,3,5,0,0,0,0,true,,false,false,false,false,false,,,,,,false,false,true,,,false,false,false,false,false,-83.2187,42.4083,"{
  ""coordinates"": [
    -8.321870239200000e+01,
    4.240829702500000e+01
  ],
  ""type"": ""Point""
}","{
  ""coordinates"": [
    -83.218702392,
    42.408297025
  ],
  ""type"": ""Point""
}",-83.218702392,42.408297025
15661,9241084,S M 39,GRAND RIVER,2015-04-17,17,4,2015,22,6,8,3,,1,0,,1,1,4,55,3,2,1,5,0,0,0,0,true,,false,false,true,false,false,,,,,,false,false,false,,,false,false,false,false,false,-83.21838,42.40091,"{
  ""coordinates"": [
    -8.321837695999990e+01,
    4.240091307000010e+01
  ],
  ""type"": ""Point""
}","{
  ""coordinates"": [
    -83.21837696,
    42.40091307
  ],
  ""type"": ""Point""
}",-83.2183769599999,42.4009130700001
15662,9242070,STOTTER,SAVAGE,2015-04-17,17,4,2015,15,6,97,9,,,0,,1,1,1,25,2,2,1,5,0,0,0,0,true,,false,false,false,false,false,,,,,,false,false,false,,,false,false,false,false,false,-83.02589,42.44617,"{
  ""coordinates"": [
    -8.302589470399990e+01,
    4.244617110500010e+01
  ],
  ""type"": ""Point""
}","{
  ""coordinates"": [
    -83.025894704,
    42.446171105
  ],
  ""type"": ""Point""
}",-83.0258947039999,42.4461711050001
15663,9240343,RYAN,OUTER,2015-04-17,17,4,2015,7,6,1,9,,4,0,,1,1,1,30,4,2,0,3,0,0,1,0,false,,false,false,true,false,false,,,,,,true,false,false,,,false,false,false,false,false,-83.06355,42.44033,"{
  ""coordinates"": [
    -8.306354575800000e+01,
    4.244032674200000e+01
  ],
  ""type"": ""Point""
}","{
  ""coordinates"": [
    -83.063545758,
    42.440326742
  ],
  ""type"": ""Point""
}",-83.063545758,42.440326742
15664,9243490,MEYERS,LYNDON,2015-04-17,17,4,2015,20,6,4,9,,4,0,,1,1,3,35,5,2,4,4,0,0,0,1,false,,false,false,false,false,false,,,,,,false,true,false,,,false,false,false,false,false,-83.16904,42.39494,"{
  ""coordinates"": [
    -8.316904181599990e+01,
    4.239494223500000e+01
  ],
  ""type"": ""Point""
}","{
  ""coordinates"": [
    -83.169041816,
    42.394942235
  ],
  ""type"": ""Point""
}",-83.1690418159999,42.394942235
15665,9240360,ASBURY,VASSAR,2015-04-17,17,4,2015,8,6,97,9,,4,0,,1,1,1,25,2,2,0,5,0,0,0,0,true,,false,false,true,false,false,,,,,,false,false,false,,,false,false,false,false,false,-83.20971,42.4337,"{
  ""coordinates"": [
    -8.320971283199999e+01,
    4.243369505500000e+01
  ],
  ""type"": ""Point""
}","{
  ""coordinates"": [
    -83.209712832,
    42.433695055
  ],
  ""type"": ""Point""
}",-83.209712832,42.433695055
15666,9242079,PICKFORD,COYLE,2015-04-17,17,4,2015,12,6,4,9,,,0,,1,1,1,25,1,2,6,4,0,0,0,2,false,,false,false,false,false,false,,,,,,false,false,true,,,false,false,false,false,false,-83.19479,42.42513,"{
  ""coordinates"": [
    -8.319478900999999e+01,
    4.242513390100000e+01
  ],
  ""type"": ""Point""
}","{
  ""coordinates"": [
    -83.19478901,
    42.425133901
  ],
  ""type"": ""Point""
}",-83.19478901,42.425133901
15667,9368740,GREENFIELD,8 MILE,2015-04-17,17,4,2015,17,6,8,7,,1,0,,1,1,1,35,4,2,6,4,0,0,0,2,false,,false,false,false,false,false,,,,,,false,false,true,,,false,false,false,false,false,-83.2005,42.44461,"{
  ""coordinates"": [
    -8.320049957700000e+01,
    4.244460510500010e+01
  ],
  ""type"": ""Point""
}","{
  ""coordinates"": [
    -83.200499577,
    42.444605105
  ],
  ""type"": ""Point""
}",-83.200499577,42.4446051050001
15668,9265123,GRATIOT,VERNOR,2015-04-17,17,4,2015,9,6,8,3,,1,0,,1,1,1,35,4,2,2,5,0,0,0,0,true,,false,false,false,false,false,,,,,,false,false,false,,,false,false,false,false,false,-83.03481,42.34862,"{
  ""coordinates"": [
    -8.303480999000000e+01,
    4.234861862600010e+01
  ],
  ""type"": ""Point""
}","{
  ""coordinates"": [
    -83.03480999,
    42.348618626
  ],
  ""type"": ""Point""
}",-83.03480999,42.3486186260001
15669,9240387,N I 75 SERVICE DRIVE,8 MILE SERVICE DRIVE,2015-04-17,17,4,2015,12,6,5,1,,1,0,,1,1,1,40,3,2,2,5,0,0,0,0,true,,false,false,false,false,false,,,,,,false,false,false,,,false,false,false,false,false,-83.09434,42.44651,"{
  ""coordinates"": [
    -8.309433720800000e+01,
    4.244651393200010e+01
  ],
  ""type"": ""Point""
}","{
  ""coordinates"": [
    -83.094337208,
    42.446513932
  ],
  ""type"": ""Point""
}",-83.094337208,42.4465139320001
15670,9246471,7 MILE,GREENVIEW,2015-04-17,17,4,2015,17,6,5,9,,2,0,,1,1,1,35,4,3,5,5,0,0,0,0,true,,false,false,false,false,false,,,,,,false,false,true,,,false,false,false,false,false,-83.22542,42.4299,"{
  ""coordinates"": [
    -8.322542154199991e+01,
    4.242990038500010e+01
  ],
  ""type"": ""Point""
}","{
  ""coordinates"": [
    -83.225421542,
    42.429900385
  ],
  ""type"": ""Point""
}",-83.2254215419999,42.4299003850001
15671,9241097,I75,M10,2015-04-17,17,4,2015,16,6,8,4,,1,0,,1,1,1,55,3,2,3,5,0,0,0,0,true,,false,false,false,false,false,,,,,,false,false,false,,,false,false,false,false,false,-83.04137,42.32986,"{
  ""coordinates"": [
    -8.304136724599989e+01,
    4.232985816700010e+01
  ],
  ""type"": ""Point""
}","{
  ""coordinates"": [
    -83.041367246,
    42.329858167
  ],
  ""type"": ""Point""
}",-83.0413672459999,42.3298581670001
15672,9240330,FAUST,PLYMOUTH,2015-04-17,17,4,2015,9,6,97,9,,,0,,1,1,1,25,2,2,0,5,0,0,0,0,true,,false,false,true,false,false,,,,,,false,false,false,,,false,false,false,false,false,-83.22167,42.37243,"{
  ""coordinates"": [
    -8.322166887700000e+01,
    4.237243143800000e+01
  ],
  ""type"": ""Point""
}","{
  ""coordinates"": [
    -83.221668877,
    42.372431438
  ],
  ""type"": ""Point""
}",-83.221668877,42.372431438
15673,9284732,ASBURY,WARREN,2015-04-17,17,4,2015,8,6,8,9,,,0,,1,1,1,25,1,2,3,5,0,0,0,0,true,,false,false,false,false,false,,,,,,false,false,false,,,false,false,false,false,false,-83.20564,42.34357,"{
  ""coordinates"": [
    -8.320564058699991e+01,
    4.234356792600000e+01
  ],
  ""type"": ""Point""
}","{
  ""coordinates"": [
    -83.205640587,
    42.343567926
  ],
  ""type"": ""Point""
}",-83.2056405869999,42.343567926
15674,9240342,GRATIOT,FIELD,2015-04-17,17,4,2015,14,6,4,3,,1,0,,1,1,1,30,4,2,2,5,0,0,0,0,true,,false,false,false,false,false,,,,,,false,false,false,,,false,false,false,false,false,-83.01775,42.3742,"{
  ""coordinates"": [
    -8.301775551999999e+01,
    4.237419330400010e+01
  ],
  ""type"": ""Point""
}","{
  ""coordinates"": [
    -83.01775552,
    42.374193304
  ],
  ""type"": ""Point""
}",-83.01775552,42.3741933040001
15675,9240348,SHERIDAN,ST PAUL,2015-04-17,17,4,2015,7,6,4,9,,,0,,1,1,1,25,2,2,1,4,0,0,0,1,false,,false,false,true,false,false,,,,,,false,false,true,,,false,false,false,false,false,-83.00356,42.35478,"{
  ""coordinates"": [
    -8.300356345700000e+01,
    4.235478275000000e+01
  ],
  ""type"": ""Point""
}","{
  ""coordinates"": [
    -83.003563457,
    42.35478275
  ],
  ""type"": ""Point""
}",-83.003563457,42.35478275
15676,9241164,JOY,FREELAND,2015-04-17,17,4,2015,21,6,5,9,,4,0,,1,2,5,30,2,3,5,5,0,0,0,0,true,,false,false,false,false,false,,,,,,false,false,false,,,false,false,false,false,false,-83.18288,42.35843,"{
  ""coordinates"": [
    -8.318288459599999e+01,
    4.235843428200010e+01
  ],
  ""type"": ""Point""
}","{
  ""coordinates"": [
    -83.182884596,
    42.358434282
  ],
  ""type"": ""Point""
}",-83.182884596,42.3584342820001
15677,9240388,7 MILE,SHIELDS,2015-04-17,17,4,2015,16,6,5,9,,4,0,,1,1,1,35,2,2,3,5,0,0,0,0,true,,false,false,true,false,false,,,,,,false,false,false,,,false,false,false,false,false,-83.05983,42.4332,"{
  ""coordinates"": [
    -8.305982737200000e+01,
    4.243319949100000e+01
  ],
  ""type"": ""Point""
}","{
  ""coordinates"": [
    -83.059827372,
    42.433199491
  ],
  ""type"": ""Point""
}",-83.059827372,42.433199491
15678,9240381,NEWPORT,JEFFERSON,2015-04-17,17,4,2015,6,6,8,9,,,0,,1,1,4,25,2,2,0,5,0,0,0,0,true,,false,false,true,false,false,,,,,,false,true,false,,,false,false,false,false,false,-82.94637,42.37215,"{
  ""coordinates"": [
    -8.294637205299991e+01,
    4.237214489500010e+01
  ],
  ""type"": ""Point""
}","{
  ""coordinates"": [
    -82.946372053,
    42.372144895
  ],
  ""type"": ""Point""
}",-82.9463720529999,42.3721448950001
15679,9240339,SCHOOLCRAFT,LONGACRE,2015-04-17,17,4,2015,18,6,97,9,,2,0,,1,1,1,35,2,2,4,5,0,0,0,0,true,,false,false,true,false,false,,,,,,false,false,false,,,false,false,true,false,false,-83.21491,42.38673,"{
  ""coordinates"": [
    -8.321491603500000e+01,
    4.238673271300010e+01
  ],
  ""type"": ""Point""
}","{
  ""coordinates"": [
    -83.214916035,
    42.386732713
  ],
  ""type"": ""Point""
}",-83.214916035,42.3867327130001
15680,9242029,I 94 SERVICE,GRATIOT,2015-04-16,16,4,2015,10,5,8,3,,,0,,1,1,1,30,1,2,1,5,0,0,0,0,true,,false,false,true,false,false,,,,,,false,false,true,,,false,false,false,false,false,-83.00538,42.3929,"{
  ""coordinates"": [
    -8.300537543099991e+01,
    4.239289856300010e+01
  ],
  ""type"": ""Point""
}","{
  ""coordinates"": [
    -83.005375431,
    42.392898563
  ],
  ""type"": ""Point""
}",-83.0053754309999,42.3928985630001
15681,9241073,I-94,SECOND,2015-04-16,16,4,2015,16,5,5,1,,1,0,,1,2,1,55,3,3,3,3,0,0,1,0,false,,false,false,false,false,false,,,,,,false,false,false,,,false,false,false,false,false,-83.07187,42.36184,"{
  ""coordinates"": [
    -8.307187012299990e+01,
    4.236184477900010e+01
  ],
  ""type"": ""Point""
}","{
  ""coordinates"": [
    -83.071870123,
    42.361844779
  ],
  ""type"": ""Point""
}",-83.0718701229999,42.3618447790001
15682,9243477,JOY,HUBBELL,2015-04-16,16,4,2015,15,5,4,9,,4,0,,1,2,1,35,4,2,2,5,0,0,0,0,true,,true,true,false,false,false,,,,,,false,false,false,,,false,false,false,false,false,-83.18727,42.35835,"{
  ""coordinates"": [
    -8.318727067200000e+01,
    4.235834504700010e+01
  ],
  ""type"": ""Point""
}","{
  ""coordinates"": [
    -83.187270672,
    42.358345047
  ],
  ""type"": ""Point""
}",-83.187270672,42.3583450470001
15683,9240372,PLYMOUTH,PARKWAY,2015-04-16,16,4,2015,19,5,4,9,,4,0,,2,1,1,35,4,2,2,5,0,0,0,0,true,,false,false,false,false,false,,,,,,false,false,true,,,false,false,false,false,false,-83.26575,42.3715,"{
  ""coordinates"": [
    -8.326575422699990e+01,
    4.237150263400010e+01
  ],
  ""type"": ""Point""
}","{
  ""coordinates"": [
    -83.265754227,
    42.371502634
  ],
  ""type"": ""Point""
}",-83.2657542269999,42.3715026340001
15684,9240377,HOUSTON WHITTIER,HAYES,2015-04-16,16,4,2015,8,5,4,9,,4,0,,1,1,1,30,4,3,12,5,0,0,0,0,true,,true,true,false,false,false,,,,,,false,false,false,,,false,true,false,false,false,-82.96503,42.42077,"{
  ""coordinates"": [
    -8.296502660300000e+01,
    4.242077369200010e+01
  ],
  ""type"": ""Point""
}","{
  ""coordinates"": [
    -82.965026603,
    42.420773692
  ],
  ""type"": ""Point""
}",-82.965026603,42.4207736920001