ObjectId,Crash ID,Primary Road,Intersecting Road,Crash Date,Day,Month,Year,Hour,Weekday,Crash Type Code,Highway Classification Code,Community Code,Jurisdiction Code,Lane Departure Type Code,Surface Type,Road Condition,Weather Condition,Lighting Condition,Speed Limit,Lanes,Units,Occupants,Most Severe Injury,Fatal Injuries,Suspected Serious Injuries,Suspected Minor Injuries,Possible Injuries,Property Damage Only,Secondary Crash,Traffic Control,Red Light Run,Hit and Run,Alcohol,Drugs,Unbelted Person,Work Zone,Speeding Driver,Distracted Driver,Driveway,Pedestrian,Elderly Driver,Young Driver,Commercial Vehicle,Emergency Vehicles,Train,School Bus,Motorcycle,Bicycle,Deer,Longitude,Latitude,geom,geog,x,y
15685,9241998,I75,DEARBORN,2015-04-16,16,4,2015,18,5,1,1,,1,1,,2,2,1,70,4,1,1,4,0,0,0,1,false,,false,false,false,false,false,,,,,,false,false,true,,,false,false,false,false,false,-83.12777,42.29307,"{
  ""coordinates"": [
    -8.312777025799990e+01,
    4.229306767800010e+01
  ],
  ""type"": ""Point""
}","{
  ""coordinates"": [
    -83.127770258,
    42.293067678
  ],
  ""type"": ""Point""
}",-83.1277702579999,42.2930676780001
15686,9239054,CHALMERS,FRANKFORT,2015-04-16,16,4,2015,17,5,4,9,,4,0,,1,1,1,30,2,2,4,4,0,0,0,1,false,,false,false,true,false,false,,,,,,false,false,false,,,false,false,false,false,false,-82.95988,42.39709,"{
  ""coordinates"": [
    -8.295987730800000e+01,
    4.239709198000000e+01
  ],
  ""type"": ""Point""
}","{
  ""coordinates"": [
    -82.959877308,
    42.39709198
  ],
  ""type"": ""Point""
}",-82.959877308,42.39709198
15687,9239060,GRINNELL,MCCLELLAN,2015-04-16,16,4,2015,9,5,6,9,,4,0,,1,1,1,35,4,2,4,5,0,0,0,0,true,,false,false,false,false,false,,,,,,false,false,false,,,false,false,false,false,false,-83.01327,42.40106,"{
  ""coordinates"": [
    -8.301327082599990e+01,
    4.240106241300000e+01
  ],
  ""type"": ""Point""
}","{
  ""coordinates"": [
    -83.013270826,
    42.401062413
  ],
  ""type"": ""Point""
}",-83.0132708259999,42.401062413
15688,9239048,JEFFERSON,DUBOIS,2015-04-16,16,4,2015,10,5,5,9,,4,0,,1,1,1,35,7,3,4,3,0,0,2,0,false,,false,false,false,false,false,,,,,,false,true,true,,,false,false,false,false,false,-83.02451,42.33743,"{
  ""coordinates"": [
    -8.302451056500000e+01,
    4.233743341500010e+01
  ],
  ""type"": ""Point""
}","{
  ""coordinates"": [
    -83.024510565,
    42.337433415
  ],
  ""type"": ""Point""
}",-83.024510565,42.3374334150001
15689,9239046,BURT,SCHOOLCRAFT,2015-04-16,16,4,2015,7,5,97,9,,4,0,,1,1,1,25,1,2,0,3,0,0,1,0,false,,false,false,true,false,false,,,,,,true,false,false,,,false,false,false,false,false,-83.24657,42.38493,"{
  ""coordinates"": [
    -8.324656835000000e+01,
    4.238493230300000e+01
  ],
  ""type"": ""Point""
}","{
  ""coordinates"": [
    -83.24656835,
    42.384932303
  ],
  ""type"": ""Point""
}",-83.24656835,42.384932303
15690,9243503,W I 94 SERVICE DRIVE,CENTRAL,2015-04-16,16,4,2015,11,5,8,9,,4,0,,1,2,1,25,2,2,2,5,0,0,0,0,true,,false,false,false,false,false,,,,,,false,false,false,,,false,false,false,false,false,-83.13869,42.33271,"{
  ""coordinates"": [
    -8.313869799100000e+01,
    4.233271436500010e+01
  ],
  ""type"": ""Point""
}","{
  ""coordinates"": [
    -83.138697991,
    42.332714365
  ],
  ""type"": ""Point""
}",-83.138697991,42.3327143650001
15691,9240394,DAVISON,RYAN,2015-04-16,16,4,2015,15,5,4,9,,4,0,,1,1,1,30,2,2,3,5,0,0,0,0,true,,false,false,false,false,false,,,,,,false,false,false,,,false,false,false,false,false,-83.06063,42.41584,"{
  ""coordinates"": [
    -8.306063140500000e+01,
    4.241584128700000e+01
  ],
  ""type"": ""Point""
}","{
  ""coordinates"": [
    -83.060631405,
    42.415841287
  ],
  ""type"": ""Point""
}",-83.060631405,42.415841287
15692,9239047,7 MILE,MURRAY,2015-04-16,16,4,2015,10,5,5,9,,2,0,,1,1,1,35,4,2,2,5,0,0,0,0,true,,false,false,false,false,false,,,,,,false,true,true,,,false,false,false,false,false,-83.20841,42.43029,"{
  ""coordinates"": [
    -8.320841582799990e+01,
    4.243029454900010e+01
  ],
  ""type"": ""Point""
}","{
  ""coordinates"": [
    -83.208415828,
    42.430294549
  ],
  ""type"": ""Point""
}",-83.2084158279999,42.4302945490001
15693,9239062,FAIRFIELD,MIDLAND,2015-04-16,16,4,2015,13,5,8,9,,,0,,1,1,1,25,2,2,1,5,0,0,0,0,true,,false,false,false,false,false,,,,,,false,false,false,,,false,false,false,false,false,-83.13448,42.40668,"{
  ""coordinates"": [
    -8.313448319299989e+01,
    4.240668279900010e+01
  ],
  ""type"": ""Point""
}","{
  ""coordinates"": [
    -83.134483193,
    42.406682799
  ],
  ""type"": ""Point""
}",-83.1344831929999,42.4066827990001
15694,9241187,SOUTHFIELD SD,PILGRIM,2015-04-16,16,4,2015,13,5,97,9,,4,0,,1,1,1,35,3,2,0,5,0,0,0,0,true,,false,false,true,false,false,,,,,,false,false,false,,,false,false,false,false,false,-83.21814,42.40663,"{
  ""coordinates"": [
    -8.321814099100000e+01,
    4.240663300400010e+01
  ],
  ""type"": ""Point""
}","{
  ""coordinates"": [
    -83.218140991,
    42.406633004
  ],
  ""type"": ""Point""
}",-83.218140991,42.4066330040001
15695,9286760,DAVISON,LIVERNOIS,2015-04-16,16,4,2015,10,5,4,3,,1,0,,1,1,1,35,2,2,2,5,0,0,0,0,true,,false,false,false,false,false,,,,,,false,true,false,,,false,false,false,false,false,-83.13953,42.38649,"{
  ""coordinates"": [
    -8.313953198300000e+01,
    4.238649114300010e+01
  ],
  ""type"": ""Point""
}","{
  ""coordinates"": [
    -83.139531983,
    42.386491143
  ],
  ""type"": ""Point""
}",-83.139531983,42.3864911430001
15696,9238971,I-96,GREENFIELD,2015-04-16,16,4,2015,12,5,8,1,,1,0,,1,2,1,70,3,2,2,5,0,0,0,0,true,,false,false,false,false,false,,,,,,false,false,true,,,false,false,false,false,false,-83.19314,42.3791,"{
  ""coordinates"": [
    -8.319314085000001e+01,
    4.237909779200000e+01
  ],
  ""type"": ""Point""
}","{
  ""coordinates"": [
    -83.19314085,
    42.379097792
  ],
  ""type"": ""Point""
}",-83.19314085,42.379097792
15697,9242064,VIRGINIA PARK,ROSAPARKS,2015-04-16,16,4,2015,20,5,1,9,,,1,,2,1,3,25,1,1,0,5,0,0,0,0,true,,false,false,false,false,false,,,,,,false,false,false,,,false,false,false,false,false,-83.09509,42.36981,"{
  ""coordinates"": [
    -8.309508527000000e+01,
    4.236981365600010e+01
  ],
  ""type"": ""Point""
}","{
  ""coordinates"": [
    -83.09508527,
    42.369813656
  ],
  ""type"": ""Point""
}",-83.09508527,42.3698136560001
15698,9251902,LIVERNOIS,BUCHANAN,2015-04-16,16,4,2015,23,5,5,9,,4,0,,2,1,4,35,5,2,2,5,0,0,0,0,true,,true,true,false,false,false,,,,,,false,false,false,,,false,false,false,false,false,-83.12132,42.33247,"{
  ""coordinates"": [
    -8.312131985199990e+01,
    4.233247014900010e+01
  ],
  ""type"": ""Point""
}","{
  ""coordinates"": [
    -83.121319852,
    42.332470149
  ],
  ""type"": ""Point""
}",-83.1213198519999,42.3324701490001
15699,9257040,WALDO,FREER,2015-04-16,16,4,2015,10,5,8,9,,,0,,1,1,1,25,3,2,1,5,0,0,0,0,true,,false,false,true,false,false,,,,,,false,false,false,,,false,false,false,false,false,-83.13115,42.32663,"{
  ""coordinates"": [
    -8.313115258800001e+01,
    4.232662995500000e+01
  ],
  ""type"": ""Point""
}","{
  ""coordinates"": [
    -83.131152588,
    42.326629955
  ],
  ""type"": ""Point""
}",-83.131152588,42.326629955
15700,9240390,NEVADA,CARDONI,2015-04-16,16,4,2015,5,5,8,9,,4,0,,1,1,4,35,2,2,1,5,0,0,0,0,true,,false,false,false,false,false,,,,,,false,false,false,,,false,false,false,false,false,-83.09111,42.42496,"{
  ""coordinates"": [
    -8.309111073699999e+01,
    4.242496583700010e+01
  ],
  ""type"": ""Point""
}","{
  ""coordinates"": [
    -83.091110737,
    42.424965837
  ],
  ""type"": ""Point""
}",-83.091110737,42.4249658370001
15701,9245601,I94,GRATIOT RAMP 219D,2015-04-16,16,4,2015,18,5,97,1,,1,0,,2,4,1,55,4,3,3,4,0,0,0,2,false,,false,false,false,false,false,,,,,,false,false,true,,,false,false,false,false,false,-83.00636,42.39203,"{
  ""coordinates"": [
    -8.300636100900000e+01,
    4.239203431000000e+01
  ],
  ""type"": ""Point""
}","{
  ""coordinates"": [
    -83.006361009,
    42.39203431
  ],
  ""type"": ""Point""
}",-83.006361009,42.39203431
15702,9240384,7 MILE,DEQUINDRE,2015-04-16,16,4,2015,21,5,9,9,,4,2,,1,1,4,30,2,2,2,4,0,0,0,1,false,,false,false,false,false,false,,,,,,false,false,true,,,false,false,false,false,false,-83.083,42.4329,"{
  ""coordinates"": [
    -8.308300289399990e+01,
    4.243289820300000e+01
  ],
  ""type"": ""Point""
}","{
  ""coordinates"": [
    -83.083002894,
    42.432898203
  ],
  ""type"": ""Point""
}",-83.0830028939999,42.432898203
15703,9238964,I75,DEARBORN,2015-04-16,16,4,2015,11,5,8,1,,1,0,,1,1,1,70,4,2,1,5,0,0,0,0,true,,false,false,true,false,false,,,,,,false,false,false,,,false,false,false,false,false,-83.12836,42.29251,"{
  ""coordinates"": [
    -8.312836378599999e+01,
    4.229251667100000e+01
  ],
  ""type"": ""Point""
}","{
  ""coordinates"": [
    -83.128363786,
    42.292516671
  ],
  ""type"": ""Point""
}",-83.128363786,42.292516671
15704,9243468,JEFFERSON,S I 375 SERVICE DRIVE,2015-04-16,16,4,2015,9,5,8,9,,4,0,,1,1,1,25,3,2,3,5,0,0,0,0,true,,false,false,false,false,false,,,,,,false,false,false,,,false,false,false,false,false,-83.03571,42.33215,"{
  ""coordinates"": [
    -8.303570518100000e+01,
    4.233214771600010e+01
  ],
  ""type"": ""Point""
}","{
  ""coordinates"": [
    -83.035705181,
    42.332147716
  ],
  ""type"": ""Point""
}",-83.035705181,42.3321477160001
15705,9238234,N M 39,PAUL,2015-04-16,16,4,2015,8,5,8,3,,1,0,,1,1,1,55,3,2,2,5,0,0,0,0,true,,false,false,false,false,false,,,,,,false,false,true,,,false,false,false,false,false,-83.21574,42.336,"{
  ""coordinates"": [
    -8.321574674300000e+01,
    4.233600008600010e+01
  ],
  ""type"": ""Point""
}","{
  ""coordinates"": [
    -83.215746743,
    42.336000086
  ],
  ""type"": ""Point""
}",-83.215746743,42.3360000860001
15706,9239061,7 MILE,I75,2015-04-16,16,4,2015,14,5,6,9,,4,0,,1,1,1,30,3,2,1,5,0,0,0,0,true,,false,false,true,false,false,,,,,,false,false,false,,,false,false,false,false,false,-83.09464,42.43248,"{
  ""coordinates"": [
    -8.309464522499999e+01,
    4.243248219200010e+01
  ],
  ""type"": ""Point""
}","{
  ""coordinates"": [
    -83.094645225,
    42.432482192
  ],
  ""type"": ""Point""
}",-83.094645225,42.4324821920001
15707,9241190,MCNICHOLES,OAKLFIELD,2015-04-16,16,4,2015,21,5,5,9,,2,0,,1,1,4,35,4,2,1,5,0,0,0,0,true,,false,false,true,false,false,,,,,,false,false,false,,,false,false,false,false,false,-83.21442,42.41565,"{
  ""coordinates"": [
    -8.321442124799999e+01,
    4.241564642300010e+01
  ],
  ""type"": ""Point""
}","{
  ""coordinates"": [
    -83.214421248,
    42.415646423
  ],
  ""type"": ""Point""
}",-83.214421248,42.4156464230001
15708,9238966,N/B M39,MCNICHOLS,2015-04-16,16,4,2015,14,5,5,3,,1,0,,1,1,1,55,3,3,3,4,0,0,0,1,false,,false,false,false,false,false,,,,,,false,false,false,,,false,false,false,false,false,-83.21871,42.41411,"{
  ""coordinates"": [
    -8.321871471000000e+01,
    4.241410786000010e+01
  ],
  ""type"": ""Point""
}","{
  ""coordinates"": [
    -83.21871471,
    42.41410786
  ],
  ""type"": ""Point""
}",-83.21871471,42.4141078600001
15709,9246481,FIELDING,7 MILE,2015-04-16,16,4,2015,19,5,4,9,,,0,,2,4,1,15,2,2,1,5,0,0,0,0,true,,false,false,false,false,false,,,,,,false,false,true,,,false,false,false,false,false,-83.24426,42.43081,"{
  ""coordinates"": [
    -8.324425335099990e+01,
    4.243081258800000e+01
  ],
  ""type"": ""Point""
}","{
  ""coordinates"": [
    -83.244253351,
    42.430812588
  ],
  ""type"": ""Point""
}",-83.2442533509999,42.430812588
15710,9243540,STATE FAIR,DERBY,2015-04-16,16,4,2015,9,5,5,9,,4,0,,1,1,1,25,2,2,1,4,0,0,0,1,false,,false,false,true,false,false,,,,,,false,false,false,,,false,false,false,false,false,-83.1038,42.43951,"{
  ""coordinates"": [
    -8.310379775699990e+01,
    4.243950947700010e+01
  ],
  ""type"": ""Point""
}","{
  ""coordinates"": [
    -83.103797757,
    42.439509477
  ],
  ""type"": ""Point""
}",-83.1037977569999,42.4395094770001
15711,9242076,8 MILE,RALSTON,2015-04-16,16,4,2015,14,5,5,3,,1,0,,1,2,1,40,8,3,4,5,0,0,0,0,true,,false,false,false,false,false,,,,,,false,false,true,,,false,false,false,false,false,-83.11821,42.44658,"{
  ""coordinates"": [
    -8.311821292300000e+01,
    4.244657342600000e+01
  ],
  ""type"": ""Point""
}","{
  ""coordinates"": [
    -83.118212923,
    42.446573426
  ],
  ""type"": ""Point""
}",-83.118212923,42.446573426
15712,9243478,WYOMING,CROCUSLAWN,2015-04-16,16,4,2015,16,5,4,9,,4,0,,1,2,1,30,2,2,3,5,0,0,0,0,true,,false,false,false,false,false,,,,,,false,false,true,,,false,false,false,false,false,-83.15829,42.36818,"{
  ""coordinates"": [
    -8.315829711899990e+01,
    4.236818209900010e+01
  ],
  ""type"": ""Point""
}","{
  ""coordinates"": [
    -83.158297119,
    42.368182099
  ],
  ""type"": ""Point""
}",-83.1582971189999,42.3681820990001
15713,9246417,JONH R,WESTMINSTER,2015-04-16,16,4,2015,4,5,97,9,,4,0,,1,1,4,25,3,2,1,5,0,0,0,0,true,,false,false,true,false,false,,,,,,false,false,false,,,false,false,false,false,false,-83.08042,42.38646,"{
  ""coordinates"": [
    -8.308042114200001e+01,
    4.238645761900010e+01
  ],
  ""type"": ""Point""
}","{
  ""coordinates"": [
    -83.080421142,
    42.386457619
  ],
  ""type"": ""Point""
}",-83.080421142,42.3864576190001
15714,9243492,CHICAGO,WYOMING,2015-04-16,16,4,2015,3,5,4,9,,4,0,,1,1,4,30,4,2,1,5,0,0,0,0,true,,false,false,true,false,false,,,,,,false,false,false,,,false,false,false,false,false,-83.1582,42.36619,"{
  ""coordinates"": [
    -8.315820071600000e+01,
    4.236619241000010e+01
  ],
  ""type"": ""Point""
}","{
  ""coordinates"": [
    -83.158200716,
    42.36619241
  ],
  ""type"": ""Point""
}",-83.158200716,42.3661924100001
15715,9286762,JOY,LAWTON,2015-04-16,16,4,2015,10,5,8,9,,4,0,,1,2,1,30,4,2,3,5,0,0,0,0,true,,false,false,false,false,false,,,,,,false,true,false,,,false,false,false,false,false,-83.11161,42.37241,"{
  ""coordinates"": [
    -8.311160909700000e+01,
    4.237240864600010e+01
  ],
  ""type"": ""Point""
}","{
  ""coordinates"": [
    -83.111609097,
    42.372408646
  ],
  ""type"": ""Point""
}",-83.111609097,42.3724086460001
15716,9240398,8 MILE SERVICE DRIVE,S I 75 SERVICE DRIVE,2015-04-16,16,4,2015,14,5,4,3,,1,0,,1,2,2,30,3,2,2,4,0,0,0,1,false,,false,false,false,true,true,,,,,,false,false,true,,,false,false,false,false,false,-83.09531,42.44662,"{
  ""coordinates"": [
    -8.309530540299990e+01,
    4.244662064600000e+01
  ],
  ""type"": ""Point""
}","{
  ""coordinates"": [
    -83.095305403,
    42.446620646
  ],
  ""type"": ""Point""
}",-83.0953054029999,42.446620646
15717,9238242,I-75,7 MILE,2015-04-16,16,4,2015,8,5,5,1,,1,0,,1,1,1,70,3,2,2,5,0,0,0,0,true,,false,false,false,false,false,,,,,,false,false,false,,,false,false,false,false,false,-83.09451,42.42887,"{
  ""coordinates"": [
    -8.309451109400000e+01,
    4.242886653300010e+01
  ],
  ""type"": ""Point""
}","{
  ""coordinates"": [
    -83.094511094,
    42.428866533
  ],
  ""type"": ""Point""
}",-83.094511094,42.4288665330001
15718,9239064,LESURE,CURTIS,2015-04-16,16,4,2015,8,5,4,9,,,0,,1,1,1,25,1,2,3,3,0,0,1,1,false,,true,false,false,false,false,,,,,,false,false,false,,,false,false,false,false,false,-83.18251,42.42375,"{
  ""coordinates"": [
    -8.318250960300000e+01,
    4.242374975700010e+01
  ],
  ""type"": ""Point""
}","{
  ""coordinates"": [
    -83.182509603,
    42.423749757
  ],
  ""type"": ""Point""
}",-83.182509603,42.4237497570001
15719,9245586,S M 39,SCHOOLCRAFT,2015-04-16,16,4,2015,19,5,5,3,,1,0,,2,4,1,55,3,2,1,4,0,0,0,1,false,,false,false,true,false,false,,,,,,false,false,false,,,false,false,false,false,false,-83.21768,42.38565,"{
  ""coordinates"": [
    -8.321768312400000e+01,
    4.238564792200000e+01
  ],
  ""type"": ""Point""
}","{
  ""coordinates"": [
    -83.217683124,
    42.385647922
  ],
  ""type"": ""Point""
}",-83.217683124,42.385647922
15720,9239053,PROMENADE,PARK,2015-04-16,16,4,2015,6,5,1,9,,,0,,1,1,2,25,2,2,0,5,0,0,0,0,true,,false,false,true,false,false,,,,,,true,false,false,,,false,false,false,false,false,-82.9831,42.40968,"{
  ""coordinates"": [
    -8.298310461599991e+01,
    4.240968481900010e+01
  ],
  ""type"": ""Point""
}","{
  ""coordinates"": [
    -82.983104616,
    42.409684819
  ],
  ""type"": ""Point""
}",-82.9831046159999,42.4096848190001
15721,9238257,W I 96,ELMHURST,2015-04-15,15,4,2015,16,4,5,1,,1,0,,1,1,1,55,4,3,3,5,0,0,0,0,true,,false,false,false,false,false,,,,,,false,false,true,,,false,false,false,false,false,-83.14619,42.37574,"{
  ""coordinates"": [
    -8.314618727700000e+01,
    4.237573547500010e+01
  ],
  ""type"": ""Point""
}","{
  ""coordinates"": [
    -83.146187277,
    42.375735475
  ],
  ""type"": ""Point""
}",-83.146187277,42.3757354750001
15722,9237757,8 MILE,MENDOTA,2015-04-15,15,4,2015,2,4,1,3,,1,1,,1,1,4,40,4,1,2,2,0,1,1,0,false,,false,false,false,true,false,,,,,,false,false,true,,,false,false,false,false,false,-83.16727,42.44552,"{
  ""coordinates"": [
    -8.316727681299990e+01,
    4.244551679200000e+01
  ],
  ""type"": ""Point""
}","{
  ""coordinates"": [
    -83.167276813,
    42.445516792
  ],
  ""type"": ""Point""
}",-83.1672768129999,42.445516792
15723,9238361,GRATIOT,MARCUS,2015-04-15,15,4,2015,14,4,5,3,,1,0,,1,1,1,35,7,2,2,5,0,0,0,0,true,,false,false,false,false,false,,,,,,false,false,false,,,false,false,false,false,false,-83.0023,42.39756,"{
  ""coordinates"": [
    -8.300229513300000e+01,
    4.239756076900010e+01
  ],
  ""type"": ""Point""
}","{
  ""coordinates"": [
    -83.002295133,
    42.397560769
  ],
  ""type"": ""Point""
}",-83.002295133,42.3975607690001
15724,9239059,CHENE,CANFIELD,2015-04-15,15,4,2015,12,4,4,9,,4,0,,1,1,1,35,4,2,3,4,0,0,0,2,false,,false,false,true,false,false,,,,,,false,false,true,,,false,false,false,false,false,-83.03801,42.36152,"{
  ""coordinates"": [
    -8.303801137600000e+01,
    4.236151379700000e+01
  ],
  ""type"": ""Point""
}","{
  ""coordinates"": [
    -83.038011376,
    42.361513797
  ],
  ""type"": ""Point""
}",-83.038011376,42.361513797
15725,9240385,VAN DYKE,VARAJO,2015-04-15,15,4,2015,17,4,8,3,,1,0,,1,1,1,35,5,2,2,2,0,1,0,0,false,,false,false,false,false,false,,,,,,false,false,false,,,false,false,false,false,false,-83.02393,42.42566,"{
  ""coordinates"": [
    -8.302393635700000e+01,
    4.242565987500010e+01
  ],
  ""type"": ""Point""
}","{
  ""coordinates"": [
    -83.023936357,
    42.425659875
  ],
  ""type"": ""Point""
}",-83.023936357,42.4256598750001
15726,9238235,I-75,7 MILE,2015-04-15,15,4,2015,9,4,5,1,,1,0,,1,1,1,70,4,2,2,5,0,0,0,0,true,,false,false,false,false,false,,,,,,false,true,true,,,false,false,false,false,false,-83.09377,42.42531,"{
  ""coordinates"": [
    -8.309376328300000e+01,
    4.242530891800000e+01
  ],
  ""type"": ""Point""
}","{
  ""coordinates"": [
    -83.093763283,
    42.425308918
  ],
  ""type"": ""Point""
}",-83.093763283,42.425308918
15727,9239039,DRAGOON,LAFAYETTE,2015-04-15,15,4,2015,9,4,8,9,,4,0,,1,1,1,25,3,2,0,5,0,0,0,0,true,,false,false,true,false,false,,,,,,false,false,false,,,false,false,false,false,false,-83.10373,42.30921,"{
  ""coordinates"": [
    -8.310372993999989e+01,
    4.230920770300000e+01
  ],
  ""type"": ""Point""
}","{
  ""coordinates"": [
    -83.10372994,
    42.309207703
  ],
  ""type"": ""Point""
}",-83.1037299399999,42.309207703
15728,9240331,S M 39 SERVICE DRIVE,FORD,2015-04-15,15,4,2015,8,4,8,3,,1,0,,1,1,1,30,2,2,2,5,0,0,0,0,true,,false,false,false,false,false,,,,,,false,false,false,,,false,false,false,false,false,-83.21601,42.3293,"{
  ""coordinates"": [
    -8.321600846699990e+01,
    4.232929439400000e+01
  ],
  ""type"": ""Point""
}","{
  ""coordinates"": [
    -83.216008467,
    42.329294394
  ],
  ""type"": ""Point""
}",-83.2160084669999,42.329294394
15729,9238241,N M 10,RAMP 215D,2015-04-15,15,4,2015,15,4,8,3,,1,0,,1,1,1,55,3,2,2,5,0,0,0,0,true,,false,false,false,false,false,,,,,,false,false,false,,,false,false,false,false,false,-83.07528,42.3578,"{
  ""coordinates"": [
    -8.307528035500000e+01,
    4.235780099000000e+01
  ],
  ""type"": ""Point""
}","{
  ""coordinates"": [
    -83.075280355,
    42.35780099
  ],
  ""type"": ""Point""
}",-83.075280355,42.35780099
15730,9238372,GRATIOT,WARREN,2015-04-15,15,4,2015,17,4,5,3,,1,0,,1,1,1,35,7,2,1,5,0,0,0,0,true,,false,false,false,false,false,,,,,,false,false,false,,,false,false,false,false,false,-83.01785,42.37405,"{
  ""coordinates"": [
    -8.301784873000000e+01,
    4.237405243000010e+01
  ],
  ""type"": ""Point""
}","{
  ""coordinates"": [
    -83.01784873,
    42.37405243
  ],
  ""type"": ""Point""
}",-83.01784873,42.3740524300001
15731,9238355,8 MILE,RAMP 051A,2015-04-15,15,4,2015,8,4,5,3,,1,0,,1,2,1,25,1,2,2,5,0,0,0,0,true,,false,false,false,false,false,,,,,,false,false,false,,,false,false,false,false,false,-83.27568,42.44279,"{
  ""coordinates"": [
    -8.327567955400001e+01,
    4.244279405500000e+01
  ],
  ""type"": ""Point""
}","{
  ""coordinates"": [
    -83.275679554,
    42.442794055
  ],
  ""type"": ""Point""
}",-83.275679554,42.442794055
15732,9239063,JAMES COUZENS,MCNICHOLS,2015-04-15,15,4,2015,10,4,8,9,,4,0,,1,1,1,30,3,2,2,5,0,0,0,0,true,,false,false,false,false,false,,,,,,false,false,true,,,false,false,false,false,false,-83.17184,42.41664,"{
  ""coordinates"": [
    -8.317184583999990e+01,
    4.241664051300010e+01
  ],
  ""type"": ""Point""
}","{
  ""coordinates"": [
    -83.17184584,
    42.416640513
  ],
  ""type"": ""Point""
}",-83.1718458399999,42.4166405130001
15733,9239050,VAN DYKE,CONSOLIDATED RAIL CORPORATION,2015-04-15,15,4,2015,19,4,5,3,,1,0,,1,1,1,35,4,2,2,5,0,0,0,0,true,,false,false,false,false,false,,,,,,false,false,false,,,false,false,false,false,false,-83.02303,42.40203,"{
  ""coordinates"": [
    -8.302303482300000e+01,
    4.240202575000010e+01
  ],
  ""type"": ""Point""
}","{
  ""coordinates"": [
    -83.023034823,
    42.40202575
  ],
  ""type"": ""Point""
}",-83.023034823,42.4020257500001
15734,9243446,MACK,N I 75 SERVICE DRIVE,2015-04-15,15,4,2015,12,4,97,9,,4,0,,1,1,1,25,6,2,2,5,0,0,0,0,true,,false,false,false,false,false,,,,,,false,false,false,,,false,false,false,false,false,-83.04741,42.35136,"{
  ""coordinates"": [
    -8.304741078700000e+01,
    4.235136069500000e+01
  ],
  ""type"": ""Point""
}","{
  ""coordinates"": [
    -83.047410787,
    42.351360695
  ],
  ""type"": ""Point""
}",-83.047410787,42.351360695
15735,9238356,S M 39 SERVICE DRIVE,JOY,2015-04-15,15,4,2015,16,4,5,9,,4,0,,1,1,1,30,3,2,2,5,0,0,0,0,true,,true,true,true,false,false,,,,,,false,false,false,,,false,false,false,false,false,-83.21691,42.35804,"{
  ""coordinates"": [
    -8.321690820000001e+01,
    4.235803729800010e+01
  ],
  ""type"": ""Point""
}","{
  ""coordinates"": [
    -83.2169082,
    42.358037298
  ],
  ""type"": ""Point""
}",-83.2169082,42.3580372980001
15736,9240393,MILLBANK,CONNER,2015-04-15,15,4,2015,16,4,8,9,,,0,,1,1,1,25,1,2,3,4,0,0,0,1,false,,false,false,false,false,false,,,,,,false,false,false,,,false,false,false,false,false,-83.01981,42.44397,"{
  ""coordinates"": [
    -8.301980575100001e+01,
    4.244397366900010e+01
  ],
  ""type"": ""Point""
}","{
  ""coordinates"": [
    -83.019805751,
    42.443973669
  ],
  ""type"": ""Point""
}",-83.019805751,42.4439736690001
15737,9257052,BURT,SCHOOLCRAFT,2015-04-15,15,4,2015,15,4,5,9,,4,0,,1,1,1,25,1,2,2,5,0,0,0,0,true,,false,false,false,false,false,,,,,,false,false,false,,,false,false,false,false,false,-83.24656,42.38458,"{
  ""coordinates"": [
    -8.324655740199999e+01,
    4.238458312100000e+01
  ],
  ""type"": ""Point""
}","{
  ""coordinates"": [
    -83.246557402,
    42.384583121
  ],
  ""type"": ""Point""
}",-83.246557402,42.384583121
15738,9240389,ERWIN,KNODELL,2015-04-15,15,4,2015,9,4,9,9,,,0,,1,1,1,15,1,2,2,5,0,0,0,0,true,,false,false,false,false,false,,,,,,false,false,false,,,false,false,false,false,false,-83.01752,42.39837,"{
  ""coordinates"": [
    -8.301752032699990e+01,
    4.239836851500010e+01
  ],
  ""type"": ""Point""
}","{
  ""coordinates"": [
    -83.017520327,
    42.398368515
  ],
  ""type"": ""Point""
}",-83.0175203269999,42.3983685150001
15739,9324321,CHARLEVOIX,ALTER,2015-04-15,15,4,2015,9,4,8,9,,4,0,,1,1,1,30,4,2,4,5,0,0,0,0,true,,false,false,false,false,false,,,,,,false,false,false,,,false,false,false,false,false,-82.94642,42.38438,"{
  ""coordinates"": [
    -8.294642187999990e+01,
    4.238437671500000e+01
  ],
  ""type"": ""Point""
}","{
  ""coordinates"": [
    -82.94642188,
    42.384376715
  ],
  ""type"": ""Point""
}",-82.9464218799999,42.384376715
15740,9238255,NB M-39,8 MILE,2015-04-15,15,4,2015,8,4,5,3,,1,0,,1,1,1,55,3,2,3,4,0,0,0,1,false,,false,false,false,false,false,,,,,,false,true,false,,,false,false,false,false,false,-83.21963,42.4439,"{
  ""coordinates"": [
    -8.321962626600001e+01,
    4.244389795400010e+01
  ],
  ""type"": ""Point""
}","{
  ""coordinates"": [
    -83.219626266,
    42.443897954
  ],
  ""type"": ""Point""
}",-83.219626266,42.4438979540001
15741,9238926,I94,WEIR,2015-04-15,15,4,2015,17,4,8,1,,1,0,,1,1,1,55,3,2,2,5,0,0,0,0,true,,false,false,true,false,false,,,,,,false,false,false,,,false,false,false,false,false,-83.15376,42.32956,"{
  ""coordinates"": [
    -8.315375704000000e+01,
    4.232956394400000e+01
  ],
  ""type"": ""Point""
}","{
  ""coordinates"": [
    -83.15375704,
    42.329563944
  ],
  ""type"": ""Point""
}",-83.15375704,42.329563944