ObjectId,Crash ID,Primary Road,Intersecting Road,Crash Date,Day,Month,Year,Hour,Weekday,Crash Type Code,Highway Classification Code,Community Code,Jurisdiction Code,Lane Departure Type Code,Surface Type,Road Condition,Weather Condition,Lighting Condition,Speed Limit,Lanes,Units,Occupants,Most Severe Injury,Fatal Injuries,Suspected Serious Injuries,Suspected Minor Injuries,Possible Injuries,Property Damage Only,Secondary Crash,Traffic Control,Red Light Run,Hit and Run,Alcohol,Drugs,Unbelted Person,Work Zone,Speeding Driver,Distracted Driver,Driveway,Pedestrian,Elderly Driver,Young Driver,Commercial Vehicle,Emergency Vehicles,Train,School Bus,Motorcycle,Bicycle,Deer,Longitude,Latitude,geom,geog,x,y
15799,9246497,GODDARD,LANTZ,2015-04-14,14,4,2015,14,3,97,9,,,0,,1,1,1,25,2,2,2,5,0,0,0,0,true,,false,false,true,false,false,,,,,,false,true,false,,,false,false,false,false,false,-83.07815,42.43779,"{
  ""coordinates"": [
    -8.307814768100000e+01,
    4.243779349000000e+01
  ],
  ""type"": ""Point""
}","{
  ""coordinates"": [
    -83.078147681,
    42.43779349
  ],
  ""type"": ""Point""
}",-83.078147681,42.43779349
15800,9238371,7 MILE,DANBURY,2015-04-14,14,4,2015,14,3,1,9,,4,0,,1,2,1,25,4,3,1,3,0,0,2,0,false,,false,false,false,false,false,,,,,,true,false,true,,,false,false,false,false,false,-83.10625,42.43222,"{
  ""coordinates"": [
    -8.310625716399990e+01,
    4.243221569900000e+01
  ],
  ""type"": ""Point""
}","{
  ""coordinates"": [
    -83.106257164,
    42.432215699
  ],
  ""type"": ""Point""
}",-83.1062571639999,42.432215699
15801,9241208,IRVINGTON,EMERY,2015-04-14,14,4,2015,7,3,8,9,,,0,,1,1,1,25,1,2,0,5,0,0,0,0,true,,false,false,true,false,false,,,,,,false,false,false,,,false,false,false,false,false,-83.09816,42.43629,"{
  ""coordinates"": [
    -8.309816341200001e+01,
    4.243629590500010e+01
  ],
  ""type"": ""Point""
}","{
  ""coordinates"": [
    -83.098163412,
    42.436295905
  ],
  ""type"": ""Point""
}",-83.098163412,42.4362959050001
15802,9237809,KERCHEVAL,CONNER,2015-04-14,14,4,2015,12,3,97,9,,4,0,,1,1,1,30,1,2,2,5,0,0,0,0,true,,false,false,false,false,false,,,,,,false,true,false,,,false,false,false,false,false,-82.9613,42.37371,"{
  ""coordinates"": [
    -8.296130058599989e+01,
    4.237371537700010e+01
  ],
  ""type"": ""Point""
}","{
  ""coordinates"": [
    -82.961300586,
    42.373715377
  ],
  ""type"": ""Point""
}",-82.9613005859999,42.3737153770001
15803,9237129,I-94,14TH,2015-04-14,14,4,2015,8,3,5,1,,1,0,,1,1,1,55,3,2,2,5,0,0,0,0,true,,false,false,false,false,false,,,,,,false,false,true,,,false,false,false,false,false,-83.08931,42.35318,"{
  ""coordinates"": [
    -8.308931344099990e+01,
    4.235318114500010e+01
  ],
  ""type"": ""Point""
}","{
  ""coordinates"": [
    -83.089313441,
    42.353181145
  ],
  ""type"": ""Point""
}",-83.0893134409999,42.3531811450001
15804,9237128,I-75,SCHAEFER,2015-04-14,14,4,2015,7,3,5,1,,1,0,,1,1,1,70,3,2,2,4,0,0,0,1,false,,false,false,false,false,false,,,,,,false,false,true,,,false,false,false,false,false,-83.15208,42.27892,"{
  ""coordinates"": [
    -8.315207892900000e+01,
    4.227891909000000e+01
  ],
  ""type"": ""Point""
}","{
  ""coordinates"": [
    -83.152078929,
    42.27891909
  ],
  ""type"": ""Point""
}",-83.152078929,42.27891909
15805,9246403,OAKLAND,LEICESTER,2015-04-14,14,4,2015,6,3,1,9,,4,1,,1,1,1,25,2,1,1,4,0,0,0,1,false,,false,false,false,false,false,,,,,,false,false,false,,,false,false,false,false,false,-83.07324,42.38683,"{
  ""coordinates"": [
    -8.307323967799989e+01,
    4.238682452600010e+01
  ],
  ""type"": ""Point""
}","{
  ""coordinates"": [
    -83.073239678,
    42.386824526
  ],
  ""type"": ""Point""
}",-83.0732396779999,42.3868245260001
15806,9237812,CHICAGO,SOUTHFIELD,2015-04-14,14,4,2015,21,3,97,9,,4,0,,1,1,4,30,1,2,2,5,0,0,0,0,true,,false,false,false,false,false,,,,,,false,false,true,,,false,false,true,false,false,-83.21694,42.36523,"{
  ""coordinates"": [
    -8.321694536400000e+01,
    4.236522590500000e+01
  ],
  ""type"": ""Point""
}","{
  ""coordinates"": [
    -83.216945364,
    42.365225905
  ],
  ""type"": ""Point""
}",-83.216945364,42.365225905
15807,9246404,JOHN R,E I 94 SERVICE DRIVE,2015-04-14,14,4,2015,11,3,4,1,,4,0,,1,1,1,25,3,2,3,5,0,0,0,0,true,,false,false,true,false,false,,,,,,false,false,false,,,false,false,false,false,false,-83.06656,42.3643,"{
  ""coordinates"": [
    -8.306655631900000e+01,
    4.236429427200010e+01
  ],
  ""type"": ""Point""
}","{
  ""coordinates"": [
    -83.066556319,
    42.364294272
  ],
  ""type"": ""Point""
}",-83.066556319,42.3642942720001
15808,9243434,RANDOLPH,LARNED,2015-04-14,14,4,2015,9,3,1,3,,1,0,,1,1,1,25,2,2,1,4,0,0,0,1,false,,false,false,false,false,false,,,,,,true,false,true,,,false,false,false,false,false,-83.04247,42.33057,"{
  ""coordinates"": [
    -8.304247031200001e+01,
    4.233057529600010e+01
  ],
  ""type"": ""Point""
}","{
  ""coordinates"": [
    -83.042470312,
    42.330575296
  ],
  ""type"": ""Point""
}",-83.042470312,42.3305752960001
15809,9238965,N M 39,FORD,2015-04-14,14,4,2015,16,3,5,3,,1,0,,1,1,1,55,3,2,2,5,0,0,0,0,true,,false,false,false,false,false,,,,,,false,false,false,,,false,false,false,false,false,-83.21564,42.33039,"{
  ""coordinates"": [
    -8.321563425300000e+01,
    4.233038777200010e+01
  ],
  ""type"": ""Point""
}","{
  ""coordinates"": [
    -83.215634253,
    42.330387772
  ],
  ""type"": ""Point""
}",-83.215634253,42.3303877720001
15810,9238360,GRATIOT,OUTER,2015-04-14,14,4,2015,20,3,4,3,,1,0,,1,1,5,35,7,2,2,5,0,0,0,0,true,,false,false,false,false,false,,,,,,false,false,false,,,false,false,false,false,false,-82.99656,42.40633,"{
  ""coordinates"": [
    -8.299655739600000e+01,
    4.240633323000000e+01
  ],
  ""type"": ""Point""
}","{
  ""coordinates"": [
    -82.996557396,
    42.40633323
  ],
  ""type"": ""Point""
}",-82.996557396,42.40633323
15811,9243507,VERNOR,SPRINGWELLS,2015-04-14,14,4,2015,10,3,5,9,,4,0,,1,1,1,25,2,2,4,5,0,0,0,0,true,,false,false,true,false,false,,,,,,false,false,true,,,false,false,false,false,false,-83.12732,42.31139,"{
  ""coordinates"": [
    -8.312732199600001e+01,
    4.231138992800000e+01
  ],
  ""type"": ""Point""
}","{
  ""coordinates"": [
    -83.127321996,
    42.311389928
  ],
  ""type"": ""Point""
}",-83.127321996,42.311389928
15812,9245018,DIBC TRUCK INSPECTION,DIBC CUSTOMS PLAZA,2015-04-14,14,4,2015,21,3,5,9,,7,0,,1,1,4,35,4,2,2,5,0,0,0,0,true,,false,false,false,false,false,,,,,,false,false,false,,,false,false,false,false,false,-83.08044,42.32277,"{
  ""coordinates"": [
    -8.308043381700000e+01,
    4.232277100400010e+01
  ],
  ""type"": ""Point""
}","{
  ""coordinates"": [
    -83.080433817,
    42.322771004
  ],
  ""type"": ""Point""
}",-83.080433817,42.3227710040001
15813,9237804,OHIO,ESPER,2015-04-14,14,4,2015,11,3,5,9,,,0,,1,1,1,25,2,2,2,5,0,0,0,0,true,,false,false,true,false,false,,,,,,false,false,false,,,false,false,false,false,false,-83.15304,42.36139,"{
  ""coordinates"": [
    -8.315303491500001e+01,
    4.236139443400000e+01
  ],
  ""type"": ""Point""
}","{
  ""coordinates"": [
    -83.153034915,
    42.361394434
  ],
  ""type"": ""Point""
}",-83.153034915,42.361394434
15814,9237102,I-94,WYOMING,2015-04-14,14,4,2015,8,3,5,1,,1,0,,1,2,1,55,3,2,2,5,0,0,0,0,true,,false,false,false,false,false,,,,,,false,false,true,,,false,false,false,false,false,-83.1558,42.32893,"{
  ""coordinates"": [
    -8.315579686400000e+01,
    4.232893268500000e+01
  ],
  ""type"": ""Point""
}","{
  ""coordinates"": [
    -83.155796864,
    42.328932685
  ],
  ""type"": ""Point""
}",-83.155796864,42.328932685
15815,9237742,M-39,SCHOOLCRAFT,2015-04-14,14,4,2015,18,3,5,3,,1,0,,1,1,1,55,3,2,1,5,0,0,0,0,true,,false,false,true,false,false,,,,,,false,true,false,,,false,false,false,false,false,-83.21764,42.38903,"{
  ""coordinates"": [
    -8.321763949099990e+01,
    4.238902940200010e+01
  ],
  ""type"": ""Point""
}","{
  ""coordinates"": [
    -83.217639491,
    42.389029402
  ],
  ""type"": ""Point""
}",-83.2176394909999,42.3890294020001
15816,9241168,RAMP 122I,RAMP 122B,2015-04-14,14,4,2015,10,3,5,1,,1,0,,1,2,1,55,1,2,4,5,0,0,0,0,true,,false,false,false,false,false,,,,,,false,false,false,,,false,false,false,false,false,-83.06483,42.33571,"{
  ""coordinates"": [
    -8.306483331999991e+01,
    4.233571223900000e+01
  ],
  ""type"": ""Point""
}","{
  ""coordinates"": [
    -83.06483332,
    42.335712239
  ],
  ""type"": ""Point""
}",-83.0648333199999,42.335712239
15817,9238945,I-75,MCNICHOLS,2015-04-14,14,4,2015,16,3,5,1,,1,0,,1,2,1,70,4,3,2,5,0,0,0,0,true,,false,false,false,false,false,,,,,,false,false,false,,,false,false,false,false,false,-83.08775,42.41785,"{
  ""coordinates"": [
    -8.308774468300000e+01,
    4.241785218400000e+01
  ],
  ""type"": ""Point""
}","{
  ""coordinates"": [
    -83.087744683,
    42.417852184
  ],
  ""type"": ""Point""
}",-83.087744683,42.417852184
15818,9237101,I-75,MACK,2015-04-14,14,4,2015,7,3,8,1,,1,0,,1,2,1,55,5,2,2,5,0,0,0,0,true,,false,false,false,false,false,,,,,,false,false,false,,,false,false,false,false,false,-83.049,42.35247,"{
  ""coordinates"": [
    -8.304899229999999e+01,
    4.235247344200010e+01
  ],
  ""type"": ""Point""
}","{
  ""coordinates"": [
    -83.0489923,
    42.352473442
  ],
  ""type"": ""Point""
}",-83.0489923,42.3524734420001
15819,9238944,I-75,MCNICHOLS,2015-04-14,14,4,2015,14,3,5,1,,1,0,,1,2,1,70,4,4,4,5,0,0,0,0,true,,false,false,false,false,false,,,,,,false,true,true,,,false,false,false,false,false,-83.09067,42.42128,"{
  ""coordinates"": [
    -8.309066417299989e+01,
    4.242128221000010e+01
  ],
  ""type"": ""Point""
}","{
  ""coordinates"": [
    -83.090664173,
    42.42128221
  ],
  ""type"": ""Point""
}",-83.0906641729999,42.4212822100001
15820,9246393,LINVILLE,BECONSFIELD,2015-04-14,14,4,2015,7,3,97,9,,,0,,1,1,98,25,2,2,0,5,0,0,0,0,true,,false,false,true,false,false,,,,,,false,false,false,,,false,false,false,false,false,-82.95393,42.40538,"{
  ""coordinates"": [
    -8.295392864300000e+01,
    4.240538353100000e+01
  ],
  ""type"": ""Point""
}","{
  ""coordinates"": [
    -82.953928643,
    42.405383531
  ],
  ""type"": ""Point""
}",-82.953928643,42.405383531
15821,9239036,RENVILLE,HENDERSON,2015-04-14,14,4,2015,18,3,97,9,,,0,,1,1,1,25,1,2,1,5,0,0,0,0,true,,false,false,false,false,false,,,,,,true,false,false,,,false,false,false,false,false,-83.14811,42.33392,"{
  ""coordinates"": [
    -8.314810611199989e+01,
    4.233392392300000e+01
  ],
  ""type"": ""Point""
}","{
  ""coordinates"": [
    -83.148106112,
    42.333923923
  ],
  ""type"": ""Point""
}",-83.1481061119999,42.333923923
15822,9287850,14TH,DAVISON,2015-04-14,14,4,2015,16,3,9,3,,4,2,,1,1,1,25,2,2,2,4,0,0,0,1,false,,false,false,true,false,false,,,,,,false,false,true,,,false,false,false,false,false,-83.11603,42.39524,"{
  ""coordinates"": [
    -8.311603096600000e+01,
    4.239523721600010e+01
  ],
  ""type"": ""Point""
}","{
  ""coordinates"": [
    -83.116030966,
    42.395237216
  ],
  ""type"": ""Point""
}",-83.116030966,42.3952372160001
15823,9241203,SPARLING,LUCE,2015-04-14,14,4,2015,1,3,5,9,,,0,,1,1,4,25,2,2,0,5,0,0,0,0,true,,false,false,true,false,false,,,,,,false,false,false,,,false,false,false,false,false,-83.04563,42.41534,"{
  ""coordinates"": [
    -8.304562761400000e+01,
    4.241533955700000e+01
  ],
  ""type"": ""Point""
}","{
  ""coordinates"": [
    -83.045627614,
    42.415339557
  ],
  ""type"": ""Point""
}",-83.045627614,42.415339557
15824,9239049,VERNOR,ST AUBIN,2015-04-14,14,4,2015,7,3,1,9,,4,0,,1,1,1,15,1,1,1,4,0,0,0,1,false,,false,false,false,true,false,,,,,,false,false,true,,,false,false,false,false,false,-83.03371,42.34865,"{
  ""coordinates"": [
    -8.303371379700000e+01,
    4.234864706700010e+01
  ],
  ""type"": ""Point""
}","{
  ""coordinates"": [
    -83.033713797,
    42.348647067
  ],
  ""type"": ""Point""
}",-83.033713797,42.3486470670001
15825,9237810,MOROSS,CHANDLER PARK,2015-04-14,14,4,2015,12,3,5,9,,2,0,,1,1,1,35,3,2,2,5,0,0,0,0,true,,false,false,false,false,false,,,,,,false,false,false,,,false,false,false,false,false,-82.91502,42.41901,"{
  ""coordinates"": [
    -8.291502564000000e+01,
    4.241900593200010e+01
  ],
  ""type"": ""Point""
}","{
  ""coordinates"": [
    -82.91502564,
    42.419005932
  ],
  ""type"": ""Point""
}",-82.91502564,42.4190059320001
15826,9252016,DOVER,EVERGREEN,2015-04-14,14,4,2015,23,3,1,9,,,1,,1,1,4,25,2,1,1,5,0,0,0,0,true,,false,false,false,false,false,,,,,,false,false,true,,,false,false,false,false,false,-83.23542,42.35934,"{
  ""coordinates"": [
    -8.323541658100000e+01,
    4.235933965800010e+01
  ],
  ""type"": ""Point""
}","{
  ""coordinates"": [
    -83.235416581,
    42.359339658
  ],
  ""type"": ""Point""
}",-83.235416581,42.3593396580001
15827,9237746,M-39,GLENDALE,2015-04-14,14,4,2015,11,3,97,9,,4,0,,1,1,1,55,3,3,3,5,0,0,0,0,true,,false,false,false,false,false,,,,,,false,false,true,,,false,false,false,false,false,-83.21687,42.38152,"{
  ""coordinates"": [
    -8.321687319300000e+01,
    4.238151616400010e+01
  ],
  ""type"": ""Point""
}","{
  ""coordinates"": [
    -83.216873193,
    42.381516164
  ],
  ""type"": ""Point""
}",-83.216873193,42.3815161640001
15828,9241169,WOODWARD,WARREN,2015-04-14,14,4,2015,12,3,8,3,,1,0,,1,2,1,25,3,2,7,4,0,0,0,2,false,,false,false,false,false,false,,,,,,false,false,true,,,false,false,false,false,false,-83.06424,42.35672,"{
  ""coordinates"": [
    -8.306424321299990e+01,
    4.235671604200010e+01
  ],
  ""type"": ""Point""
}","{
  ""coordinates"": [
    -83.064243213,
    42.356716042
  ],
  ""type"": ""Point""
}",-83.0642432129999,42.3567160420001
15829,9241030,I-75,EIGHT MILE,2015-04-14,14,4,2015,15,3,5,1,,1,0,,1,2,1,70,4,2,2,5,0,0,0,0,true,,false,false,false,false,false,,,,,,false,false,false,,,false,false,false,false,false,-83.09488,42.44543,"{
  ""coordinates"": [
    -8.309488107500000e+01,
    4.244542944000010e+01
  ],
  ""type"": ""Point""
}","{
  ""coordinates"": [
    -83.094881075,
    42.44542944
  ],
  ""type"": ""Point""
}",-83.094881075,42.4454294400001
15830,9478419,WEBB,14TH,2015-04-14,14,4,2015,10,3,8,9,,4,0,,1,1,1,25,2,2,2,5,0,0,0,0,true,,true,true,true,false,false,,,,,,false,false,false,,,false,false,false,false,false,-83.10845,42.3853,"{
  ""coordinates"": [
    -8.310844896600000e+01,
    4.238530134800000e+01
  ],
  ""type"": ""Point""
}","{
  ""coordinates"": [
    -83.108448966,
    42.385301348
  ],
  ""type"": ""Point""
}",-83.108448966,42.385301348
15831,9237221,FORT,VINEWOOD,2015-04-13,13,4,2015,13,2,8,3,,1,0,,1,2,1,35,7,2,9,5,0,0,0,0,true,,false,false,false,false,false,,,,,,false,false,false,,,false,false,false,false,false,-83.08411,42.31491,"{
  ""coordinates"": [
    -8.308410956900001e+01,
    4.231491491200010e+01
  ],
  ""type"": ""Point""
}","{
  ""coordinates"": [
    -83.084109569,
    42.314914912
  ],
  ""type"": ""Point""
}",-83.084109569,42.3149149120001
15832,9241179,JEFFERSON,MCCLELLAN,2015-04-13,13,4,2015,18,2,2,9,,4,0,,1,1,1,35,7,2,2,4,0,0,0,1,false,,false,false,false,false,false,,,,,,false,false,false,,,false,false,false,false,false,-82.9847,42.35872,"{
  ""coordinates"": [
    -8.298469918300000e+01,
    4.235872271700000e+01
  ],
  ""type"": ""Point""
}","{
  ""coordinates"": [
    -82.984699183,
    42.358722717
  ],
  ""type"": ""Point""
}",-82.984699183,42.358722717
15833,9241070,E I 96,E M 8,2015-04-13,13,4,2015,16,2,8,1,,1,0,,1,1,1,55,2,2,3,4,0,0,0,2,false,,false,false,false,false,false,,,,,,false,false,false,,,false,false,false,false,false,-83.15302,42.3848,"{
  ""coordinates"": [
    -8.315301660800000e+01,
    4.238480233600010e+01
  ],
  ""type"": ""Point""
}","{
  ""coordinates"": [
    -83.153016608,
    42.384802336
  ],
  ""type"": ""Point""
}",-83.153016608,42.3848023360001
15834,9242024,JEFFERSON,WALKER,2015-04-13,13,4,2015,15,2,5,9,,4,0,,2,2,1,35,8,2,3,3,0,0,1,1,false,,false,false,false,false,false,,,,,,false,false,false,,,false,false,false,false,false,-83.01606,42.34107,"{
  ""coordinates"": [
    -8.301605986899990e+01,
    4.234107050800000e+01
  ],
  ""type"": ""Point""
}","{
  ""coordinates"": [
    -83.016059869,
    42.341070508
  ],
  ""type"": ""Point""
}",-83.0160598689999,42.341070508
15835,9242052,6 MILE,MEYERS,2015-04-13,13,4,2015,13,2,9,9,,2,0,,1,1,1,35,2,2,2,5,0,0,0,0,true,,false,false,false,false,false,,,,,,false,true,false,,,false,false,false,false,false,-83.17012,42.41666,"{
  ""coordinates"": [
    -8.317012099599999e+01,
    4.241665486000010e+01
  ],
  ""type"": ""Point""
}","{
  ""coordinates"": [
    -83.170120996,
    42.41665486
  ],
  ""type"": ""Point""
}",-83.170120996,42.4166548600001
15836,9237783,MEYERS,MCNICHOLS,2015-04-13,13,4,2015,14,2,8,9,,4,0,,2,4,1,35,5,2,2,5,0,0,0,0,true,,false,false,false,false,false,,,,,,false,true,false,,,false,false,false,false,false,-83.17012,42.41666,"{
  ""coordinates"": [
    -8.317012099599999e+01,
    4.241665486000010e+01
  ],
  ""type"": ""Point""
}","{
  ""coordinates"": [
    -83.170120996,
    42.41665486
  ],
  ""type"": ""Point""
}",-83.170120996,42.4166548600001
15837,9237239,AGNES,BURNS,2015-04-13,13,4,2015,9,2,4,9,,,0,,1,1,1,25,2,2,3,5,0,0,0,0,true,,true,false,true,false,false,,,,,,false,false,false,,,false,false,false,false,false,-82.99179,42.35718,"{
  ""coordinates"": [
    -8.299179211500000e+01,
    4.235717625500010e+01
  ],
  ""type"": ""Point""
}","{
  ""coordinates"": [
    -82.991792115,
    42.357176255
  ],
  ""type"": ""Point""
}",-82.991792115,42.3571762550001
15838,9241199,ORLEANS,8 MILE,2015-04-13,13,4,2015,12,2,97,3,,,0,,2,2,1,20,2,2,2,5,0,0,0,0,true,,false,false,false,false,false,,,,,,false,true,false,,,false,false,false,false,false,-83.08582,42.44669,"{
  ""coordinates"": [
    -8.308582395300000e+01,
    4.244668823200000e+01
  ],
  ""type"": ""Point""
}","{
  ""coordinates"": [
    -83.085823953,
    42.446688232
  ],
  ""type"": ""Point""
}",-83.085823953,42.446688232
15839,9236373,I-94,LONYO,2015-04-13,13,4,2015,8,2,5,1,,1,0,,1,1,1,55,3,4,2,4,0,0,0,1,false,,false,false,true,false,false,,,,,,false,false,false,,,false,false,false,false,false,-83.14539,42.3312,"{
  ""coordinates"": [
    -8.314539158500000e+01,
    4.233120139500010e+01
  ],
  ""type"": ""Point""
}","{
  ""coordinates"": [
    -83.145391585,
    42.331201395
  ],
  ""type"": ""Point""
}",-83.145391585,42.3312013950001
15840,9237833,WYOMING,MCNICHOLS,2015-04-13,13,4,2015,12,2,4,9,,4,0,,1,2,1,30,2,2,3,5,0,0,0,0,true,,false,false,false,false,false,,,,,,false,true,true,,,false,false,false,false,false,-83.16029,42.41638,"{
  ""coordinates"": [
    -8.316028985500000e+01,
    4.241638048800010e+01
  ],
  ""type"": ""Point""
}","{
  ""coordinates"": [
    -83.160289855,
    42.416380488
  ],
  ""type"": ""Point""
}",-83.160289855,42.4163804880001
15841,9241200,DAVISON,MT ELLIOTT,2015-04-13,13,4,2015,12,2,5,9,,4,0,,2,2,1,30,4,2,3,4,0,0,0,2,false,,false,false,false,false,false,,,,,,false,false,false,,,false,false,false,false,false,-83.03854,42.42326,"{
  ""coordinates"": [
    -8.303853607400001e+01,
    4.242325887700010e+01
  ],
  ""type"": ""Point""
}","{
  ""coordinates"": [
    -83.038536074,
    42.423258877
  ],
  ""type"": ""Point""
}",-83.038536074,42.4232588770001
15842,9245589,S M 39,RAMP 007C,2015-04-13,13,4,2015,0,2,5,3,,1,0,,1,2,4,55,3,3,5,1,1,3,0,0,false,,false,false,true,false,false,,,,,,false,false,false,,,false,false,false,false,false,-83.21654,42.36073,"{
  ""coordinates"": [
    -8.321653497299999e+01,
    4.236073089700010e+01
  ],
  ""type"": ""Point""
}","{
  ""coordinates"": [
    -83.216534973,
    42.360730897
  ],
  ""type"": ""Point""
}",-83.216534973,42.3607308970001
15843,9241170,GRAND,N M 10,2015-04-13,13,4,2015,23,2,4,9,,4,0,,1,1,4,30,3,2,4,4,0,0,0,1,false,,false,false,false,false,false,,,,,,false,false,true,,,false,false,false,false,false,-83.08181,42.36719,"{
  ""coordinates"": [
    -8.308180972400000e+01,
    4.236718881100010e+01
  ],
  ""type"": ""Point""
}","{
  ""coordinates"": [
    -83.081809724,
    42.367188811
  ],
  ""type"": ""Point""
}",-83.081809724,42.3671888110001
15844,9238959,I-94,M-10,2015-04-13,13,4,2015,15,2,5,1,,1,0,,1,1,1,55,3,3,2,4,0,0,0,1,false,,false,false,true,false,false,,,,,,false,false,false,,,false,false,false,false,false,-83.08026,42.35645,"{
  ""coordinates"": [
    -8.308026256600000e+01,
    4.235644828600000e+01
  ],
  ""type"": ""Point""
}","{
  ""coordinates"": [
    -83.080262566,
    42.356448286
  ],
  ""type"": ""Point""
}",-83.080262566,42.356448286
15845,9237124,S/B I 75,NEVADA,2015-04-13,13,4,2015,23,2,8,1,,1,0,,1,1,4,70,4,3,5,5,0,0,0,0,true,,false,false,false,false,false,,,,,,false,false,true,,,false,false,false,false,false,-83.09357,42.42502,"{
  ""coordinates"": [
    -8.309357469699999e+01,
    4.242502082900010e+01
  ],
  ""type"": ""Point""
}","{
  ""coordinates"": [
    -83.093574697,
    42.425020829
  ],
  ""type"": ""Point""
}",-83.093574697,42.4250208290001
15846,9237244,N M 39,7 MILE,2015-04-13,13,4,2015,10,2,5,3,,1,0,,1,1,1,55,3,2,2,5,0,0,0,0,true,,false,false,false,false,false,,,,,,false,false,false,,,false,false,false,false,false,-83.21923,42.43015,"{
  ""coordinates"": [
    -8.321922939300001e+01,
    4.243014878500000e+01
  ],
  ""type"": ""Point""
}","{
  ""coordinates"": [
    -83.219229393,
    42.430148785
  ],
  ""type"": ""Point""
}",-83.219229393,42.430148785
15847,9241166,MARTIN LUTHER KING JR,S M 10 SERVICE DRIVE,2015-04-13,13,4,2015,15,2,8,9,,4,0,,1,1,1,30,6,2,2,5,0,0,0,0,true,,false,false,false,false,false,,,,,,false,false,true,,,false,false,false,false,false,-83.06845,42.34308,"{
  ""coordinates"": [
    -8.306845282200000e+01,
    4.234308061600010e+01
  ],
  ""type"": ""Point""
}","{
  ""coordinates"": [
    -83.068452822,
    42.343080616
  ],
  ""type"": ""Point""
}",-83.068452822,42.3430806160001
15848,9237251,DICKERSON,WILFRED,2015-04-13,13,4,2015,7,2,4,9,,4,0,,1,1,1,25,2,2,3,5,0,0,0,0,true,,false,false,false,false,false,,,,,,false,false,true,,,false,false,false,false,false,-82.98151,42.41555,"{
  ""coordinates"": [
    -8.298151403500000e+01,
    4.241555168400000e+01
  ],
  ""type"": ""Point""
}","{
  ""coordinates"": [
    -82.981514035,
    42.415551684
  ],
  ""type"": ""Point""
}",-82.981514035,42.415551684
15849,9236379,I-75,MICHIGAN,2015-04-13,13,4,2015,8,2,5,1,,1,0,,1,1,1,55,3,2,2,5,0,0,0,0,true,,false,false,false,false,false,,,,,,false,false,false,,,false,false,false,false,false,-83.0856,42.33035,"{
  ""coordinates"": [
    -8.308559977000000e+01,
    4.233035299500010e+01
  ],
  ""type"": ""Point""
}","{
  ""coordinates"": [
    -83.08559977,
    42.330352995
  ],
  ""type"": ""Point""
}",-83.08559977,42.3303529950001
15850,9237223,CHARLEVOIX,CADILLAC,2015-04-13,13,4,2015,16,2,4,9,,4,0,,1,1,1,25,2,2,4,5,0,0,0,0,true,,true,false,false,false,false,,,,,,false,false,true,,,false,false,false,false,false,-82.9874,42.36887,"{
  ""coordinates"": [
    -8.298740218200000e+01,
    4.236886988500000e+01
  ],
  ""type"": ""Point""
}","{
  ""coordinates"": [
    -82.987402182,
    42.368869885
  ],
  ""type"": ""Point""
}",-82.987402182,42.368869885
15851,9242039,7 MILE,OUTER,2015-04-13,13,4,2015,15,2,5,9,,4,0,,2,2,1,30,2,3,3,5,0,0,0,0,true,,false,false,true,false,false,,,,,,false,false,true,,,false,false,false,false,false,-83.01524,42.43414,"{
  ""coordinates"": [
    -8.301524687100000e+01,
    4.243413614200010e+01
  ],
  ""type"": ""Point""
}","{
  ""coordinates"": [
    -83.015246871,
    42.434136142
  ],
  ""type"": ""Point""
}",-83.015246871,42.4341361420001
15852,9243460,GRAND RIVER,FARMER,2015-04-13,13,4,2015,7,2,8,9,,4,0,,1,1,1,25,2,2,2,5,0,0,0,0,true,,false,false,false,false,false,,,,,,false,false,false,,,false,false,false,false,false,-83.04763,42.3346,"{
  ""coordinates"": [
    -8.304763317299999e+01,
    4.233460184100010e+01
  ],
  ""type"": ""Point""
}","{
  ""coordinates"": [
    -83.047633173,
    42.334601841
  ],
  ""type"": ""Point""
}",-83.047633173,42.3346018410001
15853,9237218,VERNOR,JUNCTION,2015-04-13,13,4,2015,14,2,8,9,,4,0,,2,2,1,30,6,2,3,5,0,0,0,0,true,,false,false,false,false,false,,,,,,false,false,false,,,false,false,false,false,false,-83.10186,42.3178,"{
  ""coordinates"": [
    -8.310185797000000e+01,
    4.231780268600010e+01
  ],
  ""type"": ""Point""
}","{
  ""coordinates"": [
    -83.10185797,
    42.317802686
  ],
  ""type"": ""Point""
}",-83.10185797,42.3178026860001
15854,9237245,SEVEN MILE,ASHTON,2015-04-13,13,4,2015,15,2,5,9,,2,0,,2,1,1,35,4,4,1,5,0,0,0,0,true,,false,false,false,false,false,,,,,,false,false,true,,,false,false,false,false,false,-83.22053,42.42999,"{
  ""coordinates"": [
    -8.322052789500000e+01,
    4.242998487000010e+01
  ],
  ""type"": ""Point""
}","{
  ""coordinates"": [
    -83.220527895,
    42.42998487
  ],
  ""type"": ""Point""
}",-83.220527895,42.4299848700001
15855,9237790,JOY,SUSSEX,2015-04-13,13,4,2015,23,2,97,9,,4,0,,1,1,5,25,2,2,2,4,0,0,0,1,false,,false,false,true,false,false,,,,,,true,false,false,,,false,false,false,false,false,-83.19379,42.3582,"{
  ""coordinates"": [
    -8.319378983199989e+01,
    4.235819606800000e+01
  ],
  ""type"": ""Point""
}","{
  ""coordinates"": [
    -83.193789832,
    42.358196068
  ],
  ""type"": ""Point""
}",-83.1937898319999,42.358196068