ObjectId,Crash ID,Primary Road,Intersecting Road,Crash Date,Day,Month,Year,Hour,Weekday,Crash Type Code,Highway Classification Code,Community Code,Jurisdiction Code,Lane Departure Type Code,Surface Type,Road Condition,Weather Condition,Lighting Condition,Speed Limit,Lanes,Units,Occupants,Most Severe Injury,Fatal Injuries,Suspected Serious Injuries,Suspected Minor Injuries,Possible Injuries,Property Damage Only,Secondary Crash,Traffic Control,Red Light Run,Hit and Run,Alcohol,Drugs,Unbelted Person,Work Zone,Speeding Driver,Distracted Driver,Driveway,Pedestrian,Elderly Driver,Young Driver,Commercial Vehicle,Emergency Vehicles,Train,School Bus,Motorcycle,Bicycle,Deer,Longitude,Latitude,geom,geog,x,y
16027,9237832,S I 75,GRAND,2015-04-10,10,4,2015,19,6,5,1,,1,0,,1,1,1,25,2,2,2,5,0,0,0,0,true,,false,false,false,false,false,,,,,,false,false,false,,,false,false,false,false,false,-83.08491,42.31624,"{
  ""coordinates"": [
    -8.308490596000000e+01,
    4.231624339700010e+01
  ],
  ""type"": ""Point""
}","{
  ""coordinates"": [
    -83.08490596,
    42.316243397
  ],
  ""type"": ""Point""
}",-83.08490596,42.3162433970001
16028,9237827,CLARITA,ST MARYS,2015-04-10,10,4,2015,13,6,4,9,,,0,,1,1,1,25,2,2,2,4,0,0,0,1,false,,false,false,false,false,false,,,,,,false,false,true,,,false,false,false,false,false,-83.20734,42.42847,"{
  ""coordinates"": [
    -8.320734247300000e+01,
    4.242847486400010e+01
  ],
  ""type"": ""Point""
}","{
  ""coordinates"": [
    -83.207342473,
    42.428474864
  ],
  ""type"": ""Point""
}",-83.207342473,42.4284748640001
16029,9239034,TIME,GRAND,2015-04-10,10,4,2015,15,6,97,9,,,0,,1,1,1,0,1,2,2,5,0,0,0,0,true,,false,false,true,false,false,,,,,,false,false,false,,,false,false,false,true,false,-83.05228,42.33362,"{
  ""coordinates"": [
    -8.305228091700000e+01,
    4.233361785400010e+01
  ],
  ""type"": ""Point""
}","{
  ""coordinates"": [
    -83.052280917,
    42.333617854
  ],
  ""type"": ""Point""
}",-83.052280917,42.3336178540001
16030,9236486,WARREN,LAKEVIEW,2015-04-10,10,4,2015,10,6,4,9,,4,0,,1,6,1,30,7,2,4,5,0,0,0,0,true,,true,true,false,false,false,,,,,,false,false,true,,,false,false,false,false,false,-82.96315,42.39389,"{
  ""coordinates"": [
    -8.296314972300000e+01,
    4.239389441100010e+01
  ],
  ""type"": ""Point""
}","{
  ""coordinates"": [
    -82.963149723,
    42.393894411
  ],
  ""type"": ""Point""
}",-82.963149723,42.3938944110001
16031,9235566,RAMP 212C,I-94,2015-04-10,10,4,2015,9,6,5,1,,1,0,,1,2,1,55,1,2,2,5,0,0,0,0,true,,false,false,false,false,false,,,,,,false,false,false,,,false,false,false,false,false,-83.12524,42.33744,"{
  ""coordinates"": [
    -8.312524660000000e+01,
    4.233744351400000e+01
  ],
  ""type"": ""Point""
}","{
  ""coordinates"": [
    -83.1252466,
    42.337443514
  ],
  ""type"": ""Point""
}",-83.1252466,42.337443514
16032,9242046,LINWOOD,LOTHROP,2015-04-10,10,4,2015,21,6,4,9,,4,0,,1,1,3,35,8,2,4,5,0,0,0,0,true,,false,false,false,false,false,,,,,,false,false,true,,,false,false,false,false,false,-83.10083,42.3616,"{
  ""coordinates"": [
    -8.310082723600000e+01,
    4.236159603900010e+01
  ],
  ""type"": ""Point""
}","{
  ""coordinates"": [
    -83.100827236,
    42.361596039
  ],
  ""type"": ""Point""
}",-83.100827236,42.3615960390001
16033,9235710,7 MILE,BLACKMOOR,2015-04-10,10,4,2015,3,6,1,9,,4,1,,2,2,4,30,2,1,0,5,0,0,0,0,true,,false,false,false,false,false,,,,,,false,false,false,,,false,false,false,false,false,-83.01237,42.43422,"{
  ""coordinates"": [
    -8.301236722100001e+01,
    4.243421502400000e+01
  ],
  ""type"": ""Point""
}","{
  ""coordinates"": [
    -83.012367221,
    42.434215024
  ],
  ""type"": ""Point""
}",-83.012367221,42.434215024
16034,9236509,8 MILE,KELLY,2015-04-10,10,4,2015,21,6,8,3,,1,0,,2,4,4,35,3,2,1,5,0,0,0,0,true,,false,false,true,false,false,,,,,,false,false,false,,,false,false,false,false,false,-82.94138,42.45023,"{
  ""coordinates"": [
    -8.294137233100000e+01,
    4.245022656100010e+01
  ],
  ""type"": ""Point""
}","{
  ""coordinates"": [
    -82.941372331,
    42.450226561
  ],
  ""type"": ""Point""
}",-82.941372331,42.4502265610001
16035,9235686,RAMP 135D,EVERGREEN,2015-04-10,10,4,2015,23,6,4,1,,1,0,,2,4,5,25,2,2,2,5,0,0,0,0,true,,false,false,false,false,false,,,,,,false,false,false,,,false,false,false,false,false,-83.23666,42.38082,"{
  ""coordinates"": [
    -8.323666439999990e+01,
    4.238082311000010e+01
  ],
  ""type"": ""Point""
}","{
  ""coordinates"": [
    -83.2366644,
    42.38082311
  ],
  ""type"": ""Point""
}",-83.2366643999999,42.3808231100001
16036,9235559,E I 96,RAMP 008J,2015-04-10,10,4,2015,10,6,5,1,,1,0,,1,2,1,55,2,3,3,3,0,0,2,0,false,,false,false,false,false,false,,,,,,false,false,true,,,false,false,false,false,false,-83.22424,42.37802,"{
  ""coordinates"": [
    -8.322424323900000e+01,
    4.237801623300000e+01
  ],
  ""type"": ""Point""
}","{
  ""coordinates"": [
    -83.224243239,
    42.378016233
  ],
  ""type"": ""Point""
}",-83.224243239,42.378016233
16037,9236523,N M 10,N JOHN C LODGE/S JOHN C LODGE,2015-04-10,10,4,2015,16,6,5,3,,1,0,,1,1,1,25,3,2,3,5,0,0,0,0,true,,false,false,false,false,false,,,,,,false,false,true,,,false,false,false,false,false,-83.07172,42.35099,"{
  ""coordinates"": [
    -8.307171684100000e+01,
    4.235098721100010e+01
  ],
  ""type"": ""Point""
}","{
  ""coordinates"": [
    -83.071716841,
    42.350987211
  ],
  ""type"": ""Point""
}",-83.071716841,42.3509872110001
16038,9235689,MACK,S I 75,2015-04-10,10,4,2015,14,6,8,9,,4,0,,1,1,1,30,6,2,2,5,0,0,0,0,true,,false,false,false,false,false,,,,,,false,false,false,,,false,false,false,false,false,-83.04822,42.35122,"{
  ""coordinates"": [
    -8.304821848499989e+01,
    4.235122062200000e+01
  ],
  ""type"": ""Point""
}","{
  ""coordinates"": [
    -83.048218485,
    42.351220622
  ],
  ""type"": ""Point""
}",-83.0482184849999,42.351220622
16039,9236491,DOVER,WEST,2015-04-10,10,4,2015,1,6,1,9,,,1,,2,1,4,25,2,1,1,5,0,0,0,0,true,,false,false,false,false,false,,,,,,false,false,true,,,false,false,false,false,false,-83.23111,42.3594,"{
  ""coordinates"": [
    -8.323110927000000e+01,
    4.235939965700000e+01
  ],
  ""type"": ""Point""
}","{
  ""coordinates"": [
    -83.23110927,
    42.359399657
  ],
  ""type"": ""Point""
}",-83.23110927,42.359399657
16040,9235571,N M 39,WARREN,2015-04-10,10,4,2015,13,6,5,3,,1,0,,1,1,1,55,3,2,3,5,0,0,0,0,true,,false,false,false,false,false,,,,,,false,false,false,,,false,false,false,false,false,-83.21603,42.34149,"{
  ""coordinates"": [
    -8.321603041100001e+01,
    4.234148845100000e+01
  ],
  ""type"": ""Point""
}","{
  ""coordinates"": [
    -83.216030411,
    42.341488451
  ],
  ""type"": ""Point""
}",-83.216030411,42.341488451
16041,9235691,KERCHEVAL,LAKEVIEW,2015-04-10,10,4,2015,21,6,4,9,,4,0,,2,4,4,30,2,2,2,3,0,0,1,0,false,,false,false,false,false,false,,,,,,false,false,false,,,false,false,true,false,false,-82.95222,42.37711,"{
  ""coordinates"": [
    -8.295221712199999e+01,
    4.237710829300000e+01
  ],
  ""type"": ""Point""
}","{
  ""coordinates"": [
    -82.952217122,
    42.377108293
  ],
  ""type"": ""Point""
}",-82.952217122,42.377108293
16042,9235734,DAVISON,WOODROW WILSON,2015-04-10,10,4,2015,0,6,5,3,,1,0,,2,3,5,0,6,2,2,5,0,0,0,0,true,,false,false,true,false,false,,,,,,false,false,false,,,false,false,false,false,true,-83.11111,42.3974,"{
  ""coordinates"": [
    -8.311111788499990e+01,
    4.239739919300010e+01
  ],
  ""type"": ""Point""
}","{
  ""coordinates"": [
    -83.111117885,
    42.397399193
  ],
  ""type"": ""Point""
}",-83.1111178849999,42.3973991930001
16043,9235567,M39,CHICAGO,2015-04-10,10,4,2015,10,6,5,3,,1,0,,1,2,1,55,3,3,3,5,0,0,0,0,true,,false,false,false,false,false,,,,,,false,false,false,,,false,false,false,false,false,-83.21656,42.36554,"{
  ""coordinates"": [
    -8.321656306499990e+01,
    4.236553436200010e+01
  ],
  ""type"": ""Point""
}","{
  ""coordinates"": [
    -83.216563065,
    42.365534362
  ],
  ""type"": ""Point""
}",-83.2165630649999,42.3655343620001
16044,9235680,MACK,S I 75,2015-04-10,10,4,2015,4,6,97,9,,4,0,,2,4,4,35,3,1,1,4,0,0,0,1,false,,false,false,false,false,false,,,,,,false,false,false,,,false,false,false,false,false,-83.04822,42.35122,"{
  ""coordinates"": [
    -8.304821848499989e+01,
    4.235122062200000e+01
  ],
  ""type"": ""Point""
}","{
  ""coordinates"": [
    -83.048218485,
    42.351220622
  ],
  ""type"": ""Point""
}",-83.0482184849999,42.351220622
16045,9251107,WARREN,S I 75,2015-04-10,10,4,2015,11,6,8,9,,4,0,,1,2,1,30,4,2,1,5,0,0,0,0,true,,false,false,true,false,false,,,,,,false,false,false,,,false,false,false,false,false,-83.05455,42.36071,"{
  ""coordinates"": [
    -8.305455025299990e+01,
    4.236071105300000e+01
  ],
  ""type"": ""Point""
}","{
  ""coordinates"": [
    -83.054550253,
    42.360711053
  ],
  ""type"": ""Point""
}",-83.0545502529999,42.360711053
16046,9243466,SHELBY,FORT,2015-04-10,10,4,2015,7,6,9,3,,4,0,,2,4,2,15,2,2,2,5,0,0,0,0,true,,false,false,false,false,false,,,,,,false,false,false,,,false,false,false,false,false,-83.04874,42.3301,"{
  ""coordinates"": [
    -8.304873595100000e+01,
    4.233009838500000e+01
  ],
  ""type"": ""Point""
}","{
  ""coordinates"": [
    -83.048735951,
    42.330098385
  ],
  ""type"": ""Point""
}",-83.048735951,42.330098385
16047,9241041,RAMP 041A,S I 375,2015-04-10,10,4,2015,2,6,1,1,,1,1,,2,2,4,70,5,1,1,3,0,0,1,0,false,,false,false,false,false,false,,,,,,false,false,false,,,false,false,false,false,false,-83.04301,42.34091,"{
  ""coordinates"": [
    -8.304301241199990e+01,
    4.234091126100000e+01
  ],
  ""type"": ""Point""
}","{
  ""coordinates"": [
    -83.043012412,
    42.340911261
  ],
  ""type"": ""Point""
}",-83.0430124119999,42.340911261
16048,9243436,SHELBY,LAFAYETTE,2015-04-10,10,4,2015,21,6,4,9,,4,0,,2,4,4,35,4,2,2,5,0,0,0,0,true,,false,false,false,false,false,,,,,,false,true,false,,,false,false,false,false,false,-83.04945,42.33101,"{
  ""coordinates"": [
    -8.304944630400000e+01,
    4.233101006100000e+01
  ],
  ""type"": ""Point""
}","{
  ""coordinates"": [
    -83.049446304,
    42.331010061
  ],
  ""type"": ""Point""
}",-83.049446304,42.331010061
16049,9247357,KELLY,EASTLAND VILLAGE DRIVE,2015-04-10,10,4,2015,16,6,97,9,,2,0,,1,1,1,35,3,1,1,5,0,0,0,0,true,,false,false,false,false,false,,,,,,false,false,false,,,false,false,false,false,false,-82.94337,42.44724,"{
  ""coordinates"": [
    -8.294336882800000e+01,
    4.244723909700010e+01
  ],
  ""type"": ""Point""
}","{
  ""coordinates"": [
    -82.943368828,
    42.447239097
  ],
  ""type"": ""Point""
}",-82.943368828,42.4472390970001
16050,9236481,VERNOR,FERRIS,2015-04-10,10,4,2015,12,6,5,9,,4,0,,1,1,1,25,4,2,2,5,0,0,0,0,true,,false,false,false,false,false,,,,,,false,true,false,,,false,false,false,false,false,-83.13213,42.30943,"{
  ""coordinates"": [
    -8.313213525299990e+01,
    4.230943155900010e+01
  ],
  ""type"": ""Point""
}","{
  ""coordinates"": [
    -83.132135253,
    42.309431559
  ],
  ""type"": ""Point""
}",-83.1321352529999,42.3094315590001
16051,9236498,GRAND RIVER,WARWICK,2015-04-10,10,4,2015,11,6,4,3,,1,0,,1,2,1,40,4,2,3,5,0,0,0,0,true,,false,false,false,false,false,,,,,,false,true,false,,,false,false,false,false,false,-83.22871,42.40489,"{
  ""coordinates"": [
    -8.322871069199989e+01,
    4.240489253000000e+01
  ],
  ""type"": ""Point""
}","{
  ""coordinates"": [
    -83.228710692,
    42.40489253
  ],
  ""type"": ""Point""
}",-83.2287106919999,42.40489253
16052,9235688,WEST,ELIOT,2015-04-10,10,4,2015,12,6,4,9,,,0,,1,2,1,25,2,2,2,5,0,0,0,0,true,,false,false,false,false,false,,,,,,false,false,false,,,false,false,false,false,false,-83.05083,42.34886,"{
  ""coordinates"": [
    -8.305083027300000e+01,
    4.234886124000010e+01
  ],
  ""type"": ""Point""
}","{
  ""coordinates"": [
    -83.050830273,
    42.34886124
  ],
  ""type"": ""Point""
}",-83.050830273,42.3488612400001
16053,9235558,NB M-39,7 MILE,2015-04-10,10,4,2015,7,6,5,3,,1,0,,1,2,2,55,3,2,2,5,0,0,0,0,true,,false,false,false,false,false,,,,,,false,false,false,,,false,false,false,false,false,-83.21922,42.42974,"{
  ""coordinates"": [
    -8.321921174499990e+01,
    4.242974456900000e+01
  ],
  ""type"": ""Point""
}","{
  ""coordinates"": [
    -83.219211745,
    42.429744569
  ],
  ""type"": ""Point""
}",-83.2192117449999,42.429744569
16054,9235705,MCNICHOLS,ROSEMONT,2015-04-10,10,4,2015,18,6,4,9,,2,0,,1,1,1,35,4,2,2,4,0,0,0,1,false,,false,false,false,false,false,,,,,,false,false,false,,,false,false,false,false,false,-83.22143,42.4155,"{
  ""coordinates"": [
    -8.322143006100001e+01,
    4.241549922800000e+01
  ],
  ""type"": ""Point""
}","{
  ""coordinates"": [
    -83.221430061,
    42.415499228
  ],
  ""type"": ""Point""
}",-83.221430061,42.415499228
16055,9237828,MORANG,GLENWOOD,2015-04-09,9,4,2015,21,5,1,9,,4,0,,2,4,4,35,1,2,1,1,1,0,0,0,false,,false,false,true,true,false,,,,,,true,false,false,,,false,false,false,false,false,-82.95886,42.43073,"{
  ""coordinates"": [
    -8.295886127700000e+01,
    4.243073291500010e+01
  ],
  ""type"": ""Point""
}","{
  ""coordinates"": [
    -82.958861277,
    42.430732915
  ],
  ""type"": ""Point""
}",-82.958861277,42.4307329150001
16056,9235681,BRUSH,KENILWORTH,2015-04-09,9,4,2015,12,5,4,9,,4,0,,2,4,1,25,2,3,3,4,0,0,0,1,false,,false,false,false,false,false,,,,,,false,false,true,,,false,false,false,false,false,-83.07677,42.38656,"{
  ""coordinates"": [
    -8.307676459000000e+01,
    4.238656244400000e+01
  ],
  ""type"": ""Point""
}","{
  ""coordinates"": [
    -83.07676459,
    42.386562444
  ],
  ""type"": ""Point""
}",-83.07676459,42.386562444
16057,9238975,M-10,6 MILE,2015-04-09,9,4,2015,16,5,5,3,,1,0,,2,4,1,55,3,2,2,4,0,0,0,1,false,,false,false,true,false,false,,,,,,false,false,false,,,false,false,false,false,false,-83.16927,42.41367,"{
  ""coordinates"": [
    -8.316927632600000e+01,
    4.241367048700000e+01
  ],
  ""type"": ""Point""
}","{
  ""coordinates"": [
    -83.169276326,
    42.413670487
  ],
  ""type"": ""Point""
}",-83.169276326,42.413670487
16058,9234764,MCNICHOLS,SCHAEFER,2015-04-09,9,4,2015,21,5,97,9,,2,0,,2,4,4,35,4,2,2,4,0,0,0,1,false,,false,false,true,false,false,,,,,,false,false,true,,,false,false,false,false,false,-83.17976,42.41659,"{
  ""coordinates"": [
    -8.317975887900000e+01,
    4.241658788400010e+01
  ],
  ""type"": ""Point""
}","{
  ""coordinates"": [
    -83.179758879,
    42.416587884
  ],
  ""type"": ""Point""
}",-83.179758879,42.4165878840001
16059,9236494,WARREN,WOODMONT,2015-04-09,9,4,2015,14,5,5,9,,2,0,,2,4,1,35,4,2,3,4,0,0,0,1,false,,false,false,false,false,false,,,,,,false,false,true,,,false,false,false,false,false,-83.20709,42.34351,"{
  ""coordinates"": [
    -8.320709543600000e+01,
    4.234351520500010e+01
  ],
  ""type"": ""Point""
}","{
  ""coordinates"": [
    -83.207095436,
    42.343515205
  ],
  ""type"": ""Point""
}",-83.207095436,42.3435152050001
16060,9236386,M10,7 MILE,2015-04-09,9,4,2015,16,5,5,3,,1,0,,2,4,1,55,3,3,4,5,0,0,0,0,true,,false,false,false,false,false,,,,,,false,false,true,,,false,false,false,false,false,-83.17765,42.4226,"{
  ""coordinates"": [
    -8.317765314699990e+01,
    4.242260518600010e+01
  ],
  ""type"": ""Point""
}","{
  ""coordinates"": [
    -83.177653147,
    42.422605186
  ],
  ""type"": ""Point""
}",-83.1776531469999,42.4226051860001
16061,9236489,MCNICHOLS,TRINITY,2015-04-09,9,4,2015,17,5,6,9,,2,0,,2,4,1,25,2,2,5,5,0,0,0,0,true,,false,false,false,false,false,,,,,,false,false,false,,,false,false,false,false,false,-83.24876,42.41473,"{
  ""coordinates"": [
    -8.324876163300000e+01,
    4.241472726100010e+01
  ],
  ""type"": ""Point""
}","{
  ""coordinates"": [
    -83.248761633,
    42.414727261
  ],
  ""type"": ""Point""
}",-83.248761633,42.4147272610001
16062,9234738,BRUSH,MEDBURY,2015-04-09,9,4,2015,10,5,8,9,,4,0,,2,4,1,25,3,2,2,5,0,0,0,0,true,,false,false,false,false,false,,,,,,false,false,false,,,false,false,false,false,false,-83.06472,42.36604,"{
  ""coordinates"": [
    -8.306472153199999e+01,
    4.236603483600000e+01
  ],
  ""type"": ""Point""
}","{
  ""coordinates"": [
    -83.064721532,
    42.366034836
  ],
  ""type"": ""Point""
}",-83.064721532,42.366034836
16063,9243465,GRAND RIVER,MIDDLE,2015-04-09,9,4,2015,13,5,8,3,,4,0,,2,4,1,35,3,2,1,5,0,0,0,0,true,,false,false,true,false,false,,,,,,false,false,false,,,false,false,false,false,false,-83.05444,42.33456,"{
  ""coordinates"": [
    -8.305443379899999e+01,
    4.233456021000010e+01
  ],
  ""type"": ""Point""
}","{
  ""coordinates"": [
    -83.054433799,
    42.33456021
  ],
  ""type"": ""Point""
}",-83.054433799,42.3345602100001
16064,9241029,I-75,SEVEN MILE,2015-04-09,9,4,2015,6,5,5,1,,1,0,,2,4,4,70,4,4,4,5,0,0,0,0,true,,false,false,false,false,false,,,,,,false,false,true,,,false,false,false,false,false,-83.09447,42.43111,"{
  ""coordinates"": [
    -8.309447687300000e+01,
    4.243111090400000e+01
  ],
  ""type"": ""Point""
}","{
  ""coordinates"": [
    -83.094476873,
    42.431110904
  ],
  ""type"": ""Point""
}",-83.094476873,42.431110904
16065,9236499,GRANDMONT,DIVERSEY,2015-04-09,9,4,2015,21,5,4,9,,,0,,2,4,4,25,2,2,1,5,0,0,0,0,true,,true,false,true,false,false,,,,,,false,false,true,,,false,false,false,false,false,-83.20824,42.34826,"{
  ""coordinates"": [
    -8.320824675400000e+01,
    4.234825575200010e+01
  ],
  ""type"": ""Point""
}","{
  ""coordinates"": [
    -83.208246754,
    42.348255752
  ],
  ""type"": ""Point""
}",-83.208246754,42.3482557520001
16066,9236397,WARREN,M39,2015-04-09,9,4,2015,13,5,9,9,,2,2,,2,4,1,35,2,2,2,5,0,0,0,0,true,,false,false,false,false,false,,,,,,false,false,false,,,false,false,false,false,false,-83.21585,42.34337,"{
  ""coordinates"": [
    -8.321585098199991e+01,
    4.234337214700000e+01
  ],
  ""type"": ""Point""
}","{
  ""coordinates"": [
    -83.215850982,
    42.343372147
  ],
  ""type"": ""Point""
}",-83.2158509819999,42.343372147
16067,9234682,I-96,LIVERNOIS,2015-04-09,9,4,2015,20,5,1,1,,1,1,,2,4,4,70,4,1,1,5,0,0,0,0,true,,false,false,false,false,false,,,,,,false,false,false,,,false,false,false,false,false,-83.13907,42.36728,"{
  ""coordinates"": [
    -8.313907222800000e+01,
    4.236728322600000e+01
  ],
  ""type"": ""Point""
}","{
  ""coordinates"": [
    -83.139072228,
    42.367283226
  ],
  ""type"": ""Point""
}",-83.139072228,42.367283226
16068,9235733,8 MILE,RIOPELLE,2015-04-09,9,4,2015,17,5,5,3,,1,0,,2,4,1,40,4,2,5,5,0,0,0,0,true,,false,false,false,false,false,,,,,,false,true,false,,,false,false,false,false,false,-83.08762,42.44693,"{
  ""coordinates"": [
    -8.308762533800000e+01,
    4.244692593500010e+01
  ],
  ""type"": ""Point""
}","{
  ""coordinates"": [
    -83.087625338,
    42.446925935
  ],
  ""type"": ""Point""
}",-83.087625338,42.4469259350001
16069,9235586,I 75,8 MILE,2015-04-09,9,4,2015,18,5,5,1,,1,0,,2,4,1,70,4,3,3,5,0,0,0,0,true,,false,false,false,false,false,,,,,,false,false,true,,,false,false,false,false,false,-83.09496,42.4416,"{
  ""coordinates"": [
    -8.309496598399990e+01,
    4.244159945200000e+01
  ],
  ""type"": ""Point""
}","{
  ""coordinates"": [
    -83.094965984,
    42.441599452
  ],
  ""type"": ""Point""
}",-83.0949659839999,42.441599452
16070,9243462,CLIFFORD,MONTCALM,2015-04-09,9,4,2015,18,5,4,9,,4,0,,1,2,1,25,6,2,2,5,0,0,0,0,true,,false,false,false,false,false,,,,,,false,false,false,,,false,false,false,false,false,-83.05529,42.33762,"{
  ""coordinates"": [
    -8.305529163599989e+01,
    4.233762034300000e+01
  ],
  ""type"": ""Point""
}","{
  ""coordinates"": [
    -83.055291636,
    42.337620343
  ],
  ""type"": ""Point""
}",-83.0552916359999,42.337620343
16071,9234766,GREENFIELD,PEMBROKE,2015-04-09,9,4,2015,11,5,8,9,,2,0,,2,4,1,35,4,2,3,4,0,0,0,2,false,,false,false,true,false,false,,,,,,false,false,true,,,false,false,false,false,false,-83.20016,42.43735,"{
  ""coordinates"": [
    -8.320015787900000e+01,
    4.243734714400010e+01
  ],
  ""type"": ""Point""
}","{
  ""coordinates"": [
    -83.200157879,
    42.437347144
  ],
  ""type"": ""Point""
}",-83.200157879,42.4373471440001
16072,9236369,I-75,HOLBROOK,2015-04-09,9,4,2015,7,5,5,1,,1,0,,2,4,2,55,4,3,1,5,0,0,0,0,true,,false,false,true,false,false,,,,,,false,false,false,,,false,false,false,false,false,-83.06792,42.38633,"{
  ""coordinates"": [
    -8.306792754199989e+01,
    4.238632393500010e+01
  ],
  ""type"": ""Point""
}","{
  ""coordinates"": [
    -83.067927542,
    42.386323935
  ],
  ""type"": ""Point""
}",-83.0679275419999,42.3863239350001
16073,9260695,HARPER,CADIEUX,2015-04-09,9,4,2015,17,5,8,9,,4,0,,2,4,1,30,2,2,2,5,0,0,0,0,true,,false,false,true,false,false,,,,,,false,false,false,,,false,false,false,false,false,-82.93665,42.41643,"{
  ""coordinates"": [
    -8.293664502000000e+01,
    4.241642781000010e+01
  ],
  ""type"": ""Point""
}","{
  ""coordinates"": [
    -82.93664502,
    42.41642781
  ],
  ""type"": ""Point""
}",-82.93664502,42.4164278100001
16074,9244237,CRANBROOK,KINGSWOOD,2015-04-09,9,4,2015,9,5,4,9,,,0,,1,1,1,15,3,2,2,5,0,0,0,0,true,,false,false,true,false,false,,,,,,false,false,false,,,false,false,false,false,false,-83.15701,42.43637,"{
  ""coordinates"": [
    -8.315701656399990e+01,
    4.243637154900010e+01
  ],
  ""type"": ""Point""
}","{
  ""coordinates"": [
    -83.157016564,
    42.436371549
  ],
  ""type"": ""Point""
}",-83.1570165639999,42.4363715490001
16075,9236525,WARREN,SAINT ANTOINE,2015-04-09,9,4,2015,14,5,4,9,,4,0,,2,4,1,30,3,2,2,5,0,0,0,0,true,,false,false,false,false,false,,,,,,false,true,false,,,false,false,false,false,false,-83.05724,42.35974,"{
  ""coordinates"": [
    -8.305723560699990e+01,
    4.235973711200010e+01
  ],
  ""type"": ""Point""
}","{
  ""coordinates"": [
    -83.057235607,
    42.359737112
  ],
  ""type"": ""Point""
}",-83.0572356069999,42.3597371120001
16076,9245281,CARPENTER,CHAREST,2015-04-09,9,4,2015,16,5,97,9,,4,0,,2,4,1,25,2,2,1,3,0,0,1,0,false,,false,false,true,false,false,,,,,,true,false,false,,,false,false,false,false,false,-83.06145,42.40737,"{
  ""coordinates"": [
    -8.306145857699990e+01,
    4.240736708000000e+01
  ],
  ""type"": ""Point""
}","{
  ""coordinates"": [
    -83.061458577,
    42.40736708
  ],
  ""type"": ""Point""
}",-83.0614585769999,42.40736708
16077,9234770,PINEHURST,NORFOLK,2015-04-09,9,4,2015,20,5,97,9,,,0,,2,1,4,25,2,2,4,5,0,0,0,0,true,,false,false,true,false,false,,,,,,false,false,false,,,false,false,false,false,false,-83.1679,42.44299,"{
  ""coordinates"": [
    -8.316789861900000e+01,
    4.244299119400010e+01
  ],
  ""type"": ""Point""
}","{
  ""coordinates"": [
    -83.167898619,
    42.442991194
  ],
  ""type"": ""Point""
}",-83.167898619,42.4429911940001
16078,9233890,I-94,MARTIN,2015-04-09,9,4,2015,8,5,5,1,,1,0,,2,2,1,55,3,3,3,5,0,0,0,0,true,,false,false,false,false,false,,,,,,false,false,true,,,false,false,false,false,false,-83.1304,42.33511,"{
  ""coordinates"": [
    -8.313040466400000e+01,
    4.233511185400000e+01
  ],
  ""type"": ""Point""
}","{
  ""coordinates"": [
    -83.130404664,
    42.335111854
  ],
  ""type"": ""Point""
}",-83.130404664,42.335111854
16079,9249420,VAUGHAN,WESTFIELD,2015-04-09,9,4,2015,15,5,8,9,,,0,,1,1,1,25,1,2,0,5,0,0,0,0,true,,false,false,false,false,false,,,,,,false,false,true,,,false,false,false,false,false,-83.23724,42.36295,"{
  ""coordinates"": [
    -8.323724182399999e+01,
    4.236295114100010e+01
  ],
  ""type"": ""Point""
}","{
  ""coordinates"": [
    -83.237241824,
    42.362951141
  ],
  ""type"": ""Point""
}",-83.237241824,42.3629511410001
16080,9241177,SAINT MARYS,7 MILE,2015-04-09,9,4,2015,16,5,97,9,,,0,,1,1,1,25,1,2,1,5,0,0,0,0,true,,false,false,false,false,false,,,,,,false,false,true,,,false,false,false,false,false,-83.20735,42.43031,"{
  ""coordinates"": [
    -8.320735538900000e+01,
    4.243031071100010e+01
  ],
  ""type"": ""Point""
}","{
  ""coordinates"": [
    -83.207355389,
    42.430310711
  ],
  ""type"": ""Point""
}",-83.207355389,42.4303107110001
16081,9235750,8 MILE,CHAREST,2015-04-09,9,4,2015,17,5,4,3,,1,0,,1,2,2,30,2,2,2,5,0,0,0,0,true,,false,false,false,false,false,,,,,,false,false,true,,,false,false,false,false,false,-83.07203,42.44716,"{
  ""coordinates"": [
    -8.307202872100000e+01,
    4.244716092300010e+01
  ],
  ""type"": ""Point""
}","{
  ""coordinates"": [
    -83.072028721,
    42.447160923
  ],
  ""type"": ""Point""
}",-83.072028721,42.4471609230001
16082,9234771,MEYERS,8 MILW,2015-04-09,9,4,2015,8,5,5,3,,4,0,,2,2,1,30,2,2,2,5,0,0,0,0,true,,true,true,false,false,false,,,,,,false,false,true,,,false,false,false,false,false,-83.17124,42.44532,"{
  ""coordinates"": [
    -8.317124377499989e+01,
    4.244532491900000e+01
  ],
  ""type"": ""Point""
}","{
  ""coordinates"": [
    -83.171243775,
    42.445324919
  ],
  ""type"": ""Point""
}",-83.1712437749999,42.445324919
16083,9234772,APPOLINE,SAINT MARTINS,2015-04-09,9,4,2015,9,5,4,9,,,0,,2,2,1,25,1,2,1,5,0,0,0,0,true,,false,false,false,false,false,,,,,,false,false,false,,,false,false,false,false,false,-83.17199,42.43634,"{
  ""coordinates"": [
    -8.317199152700000e+01,
    4.243633484500000e+01
  ],
  ""type"": ""Point""
}","{
  ""coordinates"": [
    -83.171991527,
    42.436334845
  ],
  ""type"": ""Point""
}",-83.171991527,42.436334845