ObjectId,Crash ID,Primary Road,Intersecting Road,Crash Date,Day,Month,Year,Hour,Weekday,Crash Type Code,Highway Classification Code,Community Code,Jurisdiction Code,Lane Departure Type Code,Surface Type,Road Condition,Weather Condition,Lighting Condition,Speed Limit,Lanes,Units,Occupants,Most Severe Injury,Fatal Injuries,Suspected Serious Injuries,Suspected Minor Injuries,Possible Injuries,Property Damage Only,Secondary Crash,Traffic Control,Red Light Run,Hit and Run,Alcohol,Drugs,Unbelted Person,Work Zone,Speeding Driver,Distracted Driver,Driveway,Pedestrian,Elderly Driver,Young Driver,Commercial Vehicle,Emergency Vehicles,Train,School Bus,Motorcycle,Bicycle,Deer,Longitude,Latitude,geom,geog,x,y
16084,9235717,JOANN,LINNHURST,2015-04-09,9,4,2015,3,5,4,9,,,0,,1,3,4,25,2,2,3,5,0,0,0,0,true,,false,false,true,false,false,,,,,,false,false,false,,,false,false,false,false,false,-82.98985,42.43118,"{
  ""coordinates"": [
    -8.298985293500000e+01,
    4.243118340300000e+01
  ],
  ""type"": ""Point""
}","{
  ""coordinates"": [
    -82.989852935,
    42.431183403
  ],
  ""type"": ""Point""
}",-82.989852935,42.431183403
16085,9234755,7 MILE,ASHTON,2015-04-09,9,4,2015,14,5,3,9,,2,0,,2,4,1,30,4,2,2,5,0,0,0,0,true,,false,false,false,false,false,,,,,,false,false,true,,,false,false,false,false,false,-83.22049,42.42999,"{
  ""coordinates"": [
    -8.322048862900000e+01,
    4.242998649800010e+01
  ],
  ""type"": ""Point""
}","{
  ""coordinates"": [
    -83.220488629,
    42.429986498
  ],
  ""type"": ""Point""
}",-83.220488629,42.4299864980001
16086,9240211,I-75,SEVEN MILE,2015-04-09,9,4,2015,6,5,1,1,,1,1,,2,4,4,70,4,1,1,5,0,0,0,0,true,,false,false,false,false,false,,,,,,false,false,false,,,false,false,false,false,false,-83.09447,42.43111,"{
  ""coordinates"": [
    -8.309447687300000e+01,
    4.243111090400000e+01
  ],
  ""type"": ""Point""
}","{
  ""coordinates"": [
    -83.094476873,
    42.431110904
  ],
  ""type"": ""Point""
}",-83.094476873,42.431110904
16087,9235709,SOUTHFIELD SERVICE DRIVE,SCHOOLCRAFT,2015-04-09,9,4,2015,13,5,5,9,,4,0,,2,4,1,30,2,2,1,5,0,0,0,0,true,,false,false,true,false,false,,,,,,false,false,false,,,false,false,false,false,false,-83.21721,42.38668,"{
  ""coordinates"": [
    -8.321720868200001e+01,
    4.238668508700000e+01
  ],
  ""type"": ""Point""
}","{
  ""coordinates"": [
    -83.217208682,
    42.386685087
  ],
  ""type"": ""Point""
}",-83.217208682,42.386685087
16088,9243453,LARNED,SHELBY,2015-04-09,9,4,2015,8,5,8,9,,4,0,,1,1,1,25,2,2,2,5,0,0,0,0,true,,false,false,false,false,false,,,,,,false,false,false,,,false,false,false,false,false,-83.04747,42.32846,"{
  ""coordinates"": [
    -8.304746737900000e+01,
    4.232846228000010e+01
  ],
  ""type"": ""Point""
}","{
  ""coordinates"": [
    -83.047467379,
    42.32846228
  ],
  ""type"": ""Point""
}",-83.047467379,42.3284622800001
16089,9233912,I-94,CONCORD,2015-04-09,9,4,2015,8,5,1,1,,1,1,,2,4,1,55,3,1,1,5,0,0,0,0,true,,false,false,false,false,false,,,,,,false,false,true,,,false,false,false,false,false,-83.03024,42.38324,"{
  ""coordinates"": [
    -8.303023793400000e+01,
    4.238324540700010e+01
  ],
  ""type"": ""Point""
}","{
  ""coordinates"": [
    -83.030237934,
    42.383245407
  ],
  ""type"": ""Point""
}",-83.030237934,42.3832454070001
16090,9251109,CASS,CANFIELD,2015-04-09,9,4,2015,21,5,8,9,,4,0,,2,4,4,30,2,2,2,5,0,0,0,0,true,,false,false,false,false,false,,,,,,false,false,true,,,false,false,false,false,false,-83.06424,42.35176,"{
  ""coordinates"": [
    -8.306423742200001e+01,
    4.235176490400000e+01
  ],
  ""type"": ""Point""
}","{
  ""coordinates"": [
    -83.064237422,
    42.351764904
  ],
  ""type"": ""Point""
}",-83.064237422,42.351764904
16091,9234759,BALFOUR,KINGSVILLE,2015-04-09,9,4,2015,14,5,1,9,,,0,,2,2,1,25,1,2,1,3,0,0,1,0,false,,false,false,true,false,false,,,,,,true,false,false,,,false,false,false,false,false,-82.93741,42.43004,"{
  ""coordinates"": [
    -8.293741063200000e+01,
    4.243003796700000e+01
  ],
  ""type"": ""Point""
}","{
  ""coordinates"": [
    -82.937410632,
    42.430037967
  ],
  ""type"": ""Point""
}",-82.937410632,42.430037967
16092,9234681,M-10,CLAIRMOUNT,2015-04-09,9,4,2015,2,5,1,3,,1,1,,1,1,4,55,3,1,2,4,0,0,0,2,false,,false,false,false,false,false,,,,,,false,false,true,,,false,false,false,false,false,-83.09058,42.38019,"{
  ""coordinates"": [
    -8.309058439700000e+01,
    4.238018858000000e+01
  ],
  ""type"": ""Point""
}","{
  ""coordinates"": [
    -83.090584397,
    42.38018858
  ],
  ""type"": ""Point""
}",-83.090584397,42.38018858
16093,9234745,BRUSH,MADISON,2015-04-09,9,4,2015,14,5,8,9,,4,0,,1,1,1,0,2,2,4,5,0,0,0,0,true,,false,false,true,false,false,,,,,,false,true,false,,,false,false,false,false,false,-83.04572,42.3374,"{
  ""coordinates"": [
    -8.304571405099990e+01,
    4.233739967500000e+01
  ],
  ""type"": ""Point""
}","{
  ""coordinates"": [
    -83.045714051,
    42.337399675
  ],
  ""type"": ""Point""
}",-83.0457140509999,42.337399675
16094,9236398,S I 75,CONSOLIDATED RAIL CORPORATION,2015-04-09,9,4,2015,14,5,1,1,,1,1,,2,4,1,70,3,1,1,5,0,0,0,0,true,,false,false,false,false,false,,,,,,false,false,false,,,false,false,false,false,false,-83.06099,42.37553,"{
  ""coordinates"": [
    -8.306099045500000e+01,
    4.237552652600000e+01
  ],
  ""type"": ""Point""
}","{
  ""coordinates"": [
    -83.060990455,
    42.375526526
  ],
  ""type"": ""Point""
}",-83.060990455,42.375526526
16095,9247024,I-75,7 MILE,2015-04-09,9,4,2015,9,5,1,1,,1,1,,97,98,98,70,3,1,1,5,0,0,0,0,true,,false,false,false,false,false,,,,,,false,false,false,,,false,false,false,false,false,-83.09474,42.43103,"{
  ""coordinates"": [
    -8.309474555100000e+01,
    4.243103208600010e+01
  ],
  ""type"": ""Point""
}","{
  ""coordinates"": [
    -83.094745551,
    42.431032086
  ],
  ""type"": ""Point""
}",-83.094745551,42.4310320860001
16096,9234765,MARK TWAIN,MARGARETA,2015-04-09,9,4,2015,7,5,97,9,,,0,,2,4,2,0,1,2,2,5,0,0,0,0,true,,false,false,false,false,false,,,,,,false,false,false,,,false,false,false,false,false,-83.18752,42.42775,"{
  ""coordinates"": [
    -8.318751963499990e+01,
    4.242774867600010e+01
  ],
  ""type"": ""Point""
}","{
  ""coordinates"": [
    -83.187519635,
    42.427748676
  ],
  ""type"": ""Point""
}",-83.1875196349999,42.4277486760001
16097,9234763,MEYERS,MCNICHOLS,2015-04-09,9,4,2015,15,5,4,9,,4,0,,2,4,1,35,4,2,1,5,0,0,0,0,true,,false,false,true,false,false,,,,,,false,true,false,,,false,false,false,false,false,-83.17011,42.41663,"{
  ""coordinates"": [
    -8.317011476200000e+01,
    4.241662621900010e+01
  ],
  ""type"": ""Point""
}","{
  ""coordinates"": [
    -83.170114762,
    42.416626219
  ],
  ""type"": ""Point""
}",-83.170114762,42.4166262190001
16098,9236391,S M 39,SCHOOLCRAFT,2015-04-09,9,4,2015,16,5,5,3,,1,0,,2,4,1,55,3,2,3,5,0,0,0,0,true,,false,false,false,false,false,,,,,,false,true,true,,,false,false,false,false,false,-83.21776,42.38756,"{
  ""coordinates"": [
    -8.321775585400000e+01,
    4.238756319100000e+01
  ],
  ""type"": ""Point""
}","{
  ""coordinates"": [
    -83.217755854,
    42.387563191
  ],
  ""type"": ""Point""
}",-83.217755854,42.387563191
16099,9234754,MADDELEINE,CRUSADE01,2015-04-09,9,4,2015,13,5,97,9,,,0,,2,4,1,30,1,2,5,5,0,0,0,0,true,,false,false,false,false,false,,,,,,false,false,false,,,false,false,false,false,false,-82.96068,42.43642,"{
  ""coordinates"": [
    -8.296067990800000e+01,
    4.243642318400000e+01
  ],
  ""type"": ""Point""
}","{
  ""coordinates"": [
    -82.960679908,
    42.436423184
  ],
  ""type"": ""Point""
}",-82.960679908,42.436423184
16100,9236490,PLYMOUTH,MANSFIELD,2015-04-09,9,4,2015,22,5,97,9,,4,0,,2,4,3,35,4,2,2,4,0,0,0,2,false,,false,false,true,false,false,,,,,,false,false,false,,,false,false,false,false,false,-83.20345,42.37248,"{
  ""coordinates"": [
    -8.320345615799990e+01,
    4.237248242000000e+01
  ],
  ""type"": ""Point""
}","{
  ""coordinates"": [
    -83.203456158,
    42.37248242
  ],
  ""type"": ""Point""
}",-83.2034561579999,42.37248242
16101,9237796,GREENFIELD,FENKELL,2015-04-09,9,4,2015,17,5,4,9,,2,0,,1,1,1,35,5,2,2,5,0,0,0,0,true,,false,false,true,false,false,,,,,,false,false,false,,,false,false,false,false,false,-83.19869,42.40164,"{
  ""coordinates"": [
    -8.319869334700000e+01,
    4.240164173100000e+01
  ],
  ""type"": ""Point""
}","{
  ""coordinates"": [
    -83.198693347,
    42.401641731
  ],
  ""type"": ""Point""
}",-83.198693347,42.401641731
16102,9286758,LIVERNOIS,OAKMAN,2015-04-09,9,4,2015,11,5,5,9,,4,0,,2,1,1,35,2,2,3,5,0,0,0,0,true,,false,false,false,false,false,,,,,,false,false,false,,,false,false,false,false,false,-83.13981,42.39046,"{
  ""coordinates"": [
    -8.313980862299999e+01,
    4.239046396100010e+01
  ],
  ""type"": ""Point""
}","{
  ""coordinates"": [
    -83.139808623,
    42.390463961
  ],
  ""type"": ""Point""
}",-83.139808623,42.3904639610001
16103,9243463,JOHN R,ERSKINE,2015-04-09,9,4,2015,18,5,5,9,,4,0,,1,2,1,25,4,2,0,5,0,0,0,0,true,,false,false,true,false,false,,,,,,false,false,false,,,false,false,false,false,false,-83.0547,42.34658,"{
  ""coordinates"": [
    -8.305469640400000e+01,
    4.234658294500010e+01
  ],
  ""type"": ""Point""
}","{
  ""coordinates"": [
    -83.054696404,
    42.346582945
  ],
  ""type"": ""Point""
}",-83.054696404,42.3465829450001
16104,9236497,ASHTON,CONSTANCE,2015-04-09,9,4,2015,14,5,5,9,,,0,,2,2,1,25,1,2,0,4,0,0,0,1,false,,false,false,false,false,false,,,,,,false,false,false,,,false,false,false,false,false,-83.21757,42.35426,"{
  ""coordinates"": [
    -8.321756732800000e+01,
    4.235425733300010e+01
  ],
  ""type"": ""Point""
}","{
  ""coordinates"": [
    -83.217567328,
    42.354257333
  ],
  ""type"": ""Point""
}",-83.217567328,42.3542573330001
16105,9234045,EPWORTH,TIREMAN,2015-04-09,9,4,2015,1,5,5,9,,4,0,,1,1,4,35,6,2,3,4,0,0,0,3,false,,false,false,true,false,false,,,,,,false,false,true,,,false,false,false,false,false,-83.12888,42.35075,"{
  ""coordinates"": [
    -8.312887801200000e+01,
    4.235074545100010e+01
  ],
  ""type"": ""Point""
}","{
  ""coordinates"": [
    -83.128878012,
    42.350745451
  ],
  ""type"": ""Point""
}",-83.128878012,42.3507454510001
16106,9233907,W I 96,MICHIGAN,2015-04-09,9,4,2015,7,5,8,1,,1,0,,2,4,4,55,2,2,2,5,0,0,0,0,true,,false,false,false,false,false,,,,,,false,false,false,,,false,false,false,false,false,-83.08669,42.33091,"{
  ""coordinates"": [
    -8.308669458500000e+01,
    4.233091096100000e+01
  ],
  ""type"": ""Point""
}","{
  ""coordinates"": [
    -83.086694585,
    42.330910961
  ],
  ""type"": ""Point""
}",-83.086694585,42.330910961
16107,9236370,S I 75,PIQUETTE,2015-04-09,9,4,2015,15,5,5,1,,1,0,,2,4,1,55,4,5,4,4,0,0,0,1,false,,false,false,true,false,false,,,,,,false,false,true,,,false,false,false,false,false,-83.05952,42.37185,"{
  ""coordinates"": [
    -8.305951947999991e+01,
    4.237184793200000e+01
  ],
  ""type"": ""Point""
}","{
  ""coordinates"": [
    -83.05951948,
    42.371847932
  ],
  ""type"": ""Point""
}",-83.0595194799999,42.371847932
16108,9234027,BOLYEN,KING RICHARD,2015-04-09,9,4,2015,3,5,8,9,,,0,,2,1,5,25,1,2,0,5,0,0,0,0,true,,false,false,false,false,false,,,,,,false,false,false,,,false,false,false,false,false,-82.94115,42.41776,"{
  ""coordinates"": [
    -8.294114743800000e+01,
    4.241775581600010e+01
  ],
  ""type"": ""Point""
}","{
  ""coordinates"": [
    -82.941147438,
    42.417755816
  ],
  ""type"": ""Point""
}",-82.941147438,42.4177558160001
16109,9234769,N M 10,LINWOOD,2015-04-09,9,4,2015,16,5,5,3,,1,0,,2,1,1,55,3,2,2,4,0,0,0,2,false,,false,false,true,false,false,,,,,,false,false,false,,,false,false,false,false,false,-83.12737,42.40522,"{
  ""coordinates"": [
    -8.312736364400000e+01,
    4.240521699300010e+01
  ],
  ""type"": ""Point""
}","{
  ""coordinates"": [
    -83.127363644,
    42.405216993
  ],
  ""type"": ""Point""
}",-83.127363644,42.4052169930001
16110,9236488,TELEGRAPH,7 MILE,2015-04-09,9,4,2015,6,5,5,2,,1,0,,2,4,1,35,8,2,2,5,0,0,0,0,true,,false,false,false,false,false,,,,,,false,false,true,,,false,false,false,false,false,-83.27759,42.4297,"{
  ""coordinates"": [
    -8.327758951700000e+01,
    4.242970455900010e+01
  ],
  ""type"": ""Point""
}","{
  ""coordinates"": [
    -83.277589517,
    42.429704559
  ],
  ""type"": ""Point""
}",-83.277589517,42.4297045590001
16111,9234760,DICKERSON,FILBERT,2015-04-09,9,4,2015,16,5,4,9,,4,0,,1,2,1,25,3,2,2,5,0,0,0,0,true,,true,false,false,false,false,,,,,,false,false,false,,,false,false,false,false,false,-82.98357,42.41883,"{
  ""coordinates"": [
    -8.298357715799990e+01,
    4.241883371500010e+01
  ],
  ""type"": ""Point""
}","{
  ""coordinates"": [
    -82.983577158,
    42.418833715
  ],
  ""type"": ""Point""
}",-82.9835771579999,42.4188337150001
16112,9243291,N I 75,RAMP 216D,2015-04-09,9,4,2015,19,5,8,1,,1,0,,2,4,3,55,3,2,2,4,0,0,0,1,false,,false,false,true,false,false,,,,,,false,false,true,,,false,false,false,false,false,-83.05785,42.36837,"{
  ""coordinates"": [
    -8.305785245100000e+01,
    4.236837363700000e+01
  ],
  ""type"": ""Point""
}","{
  ""coordinates"": [
    -83.057852451,
    42.368373637
  ],
  ""type"": ""Point""
}",-83.057852451,42.368373637
16113,9233911,RAMP 044E,RAMP 216E,2015-04-09,9,4,2015,7,5,97,1,,1,0,,2,4,1,70,2,2,2,5,0,0,0,0,true,,false,false,false,false,false,,,,,,false,false,false,,,false,false,false,false,false,-83.05533,42.36423,"{
  ""coordinates"": [
    -8.305532722399990e+01,
    4.236423297900010e+01
  ],
  ""type"": ""Point""
}","{
  ""coordinates"": [
    -83.055327224,
    42.364232979
  ],
  ""type"": ""Point""
}",-83.0553272239999,42.3642329790001
16114,9249451,7 MILE,TELEGRAPH,2015-04-09,9,4,2015,6,5,4,2,,2,0,,2,4,4,45,4,3,3,3,0,0,2,0,false,,true,true,false,false,false,,,,,,false,false,true,,,false,false,false,false,false,-83.27755,42.42894,"{
  ""coordinates"": [
    -8.327755284400000e+01,
    4.242893750300000e+01
  ],
  ""type"": ""Point""
}","{
  ""coordinates"": [
    -83.277552844,
    42.428937503
  ],
  ""type"": ""Point""
}",-83.277552844,42.428937503
16115,9237834,MCNICHOLS,LIVERNOIS,2015-04-09,9,4,2015,13,5,8,9,,4,0,,2,2,1,30,3,2,3,5,0,0,0,0,true,,false,false,false,false,false,,,,,,false,false,false,,,false,false,false,false,false,-83.14106,42.41714,"{
  ""coordinates"": [
    -8.314105767800000e+01,
    4.241714448300010e+01
  ],
  ""type"": ""Point""
}","{
  ""coordinates"": [
    -83.141057678,
    42.417144483
  ],
  ""type"": ""Point""
}",-83.141057678,42.4171444830001
16116,9234753,LARNED,CHENE,2015-04-09,9,4,2015,14,5,4,9,,4,0,,2,4,1,30,6,2,2,4,0,0,0,2,false,,false,false,false,false,false,,,,,,false,false,false,,,false,false,false,false,false,-83.02329,42.33888,"{
  ""coordinates"": [
    -8.302329002000000e+01,
    4.233888248700000e+01
  ],
  ""type"": ""Point""
}","{
  ""coordinates"": [
    -83.02329002,
    42.338882487
  ],
  ""type"": ""Point""
}",-83.02329002,42.338882487
16117,9237803,WARREN,CENTRAL,2015-04-09,9,4,2015,10,5,8,9,,2,0,,2,2,1,35,5,2,5,5,0,0,0,0,true,,false,false,false,false,false,,,,,,false,false,true,,,false,false,false,false,false,-83.14772,42.3447,"{
  ""coordinates"": [
    -8.314771736599990e+01,
    4.234470371200010e+01
  ],
  ""type"": ""Point""
}","{
  ""coordinates"": [
    -83.147717366,
    42.344703712
  ],
  ""type"": ""Point""
}",-83.1477173659999,42.3447037120001
16118,9234748,WARREN,BISHOP,2015-04-09,9,4,2015,13,5,5,9,,4,0,,2,4,1,30,5,2,2,5,0,0,0,0,true,,false,false,false,false,false,,,,,,false,false,false,,,false,false,false,false,false,-82.93324,42.40482,"{
  ""coordinates"": [
    -8.293324528900000e+01,
    4.240481517800000e+01
  ],
  ""type"": ""Point""
}","{
  ""coordinates"": [
    -82.933245289,
    42.404815178
  ],
  ""type"": ""Point""
}",-82.933245289,42.404815178
16119,9233888,I-75,VERNOR,2015-04-09,9,4,2015,6,5,1,1,,1,1,,2,4,4,55,3,1,1,5,0,0,0,0,true,,false,false,false,false,false,,,,,,false,false,false,,,false,false,false,false,false,-83.08266,42.31821,"{
  ""coordinates"": [
    -8.308265971000000e+01,
    4.231821432900010e+01
  ],
  ""type"": ""Point""
}","{
  ""coordinates"": [
    -83.08265971,
    42.318214329
  ],
  ""type"": ""Point""
}",-83.08265971,42.3182143290001
16120,9234756,LAHSER,MCNICHOLS,2015-04-09,9,4,2015,8,5,4,9,,2,0,,2,2,1,35,2,2,2,5,0,0,0,0,true,,false,false,true,false,false,,,,,,false,false,false,,,false,false,false,false,false,-83.25746,42.4146,"{
  ""coordinates"": [
    -8.325746126600001e+01,
    4.241459551300010e+01
  ],
  ""type"": ""Point""
}","{
  ""coordinates"": [
    -83.257461266,
    42.414595513
  ],
  ""type"": ""Point""
}",-83.257461266,42.4145955130001
16121,9236480,SCHAEFER,RAMP 029E,2015-04-09,9,4,2015,16,5,97,7,,1,0,,2,2,1,0,4,2,4,4,0,0,0,1,false,,false,false,false,false,false,,,,,,false,false,false,,,false,false,false,false,false,-83.15656,42.27738,"{
  ""coordinates"": [
    -8.315656531899999e+01,
    4.227738052800000e+01
  ],
  ""type"": ""Point""
}","{
  ""coordinates"": [
    -83.156565319,
    42.277380528
  ],
  ""type"": ""Point""
}",-83.156565319,42.277380528
16122,9236385,E I 94,RAMP 218B,2015-04-09,9,4,2015,15,5,5,1,,1,0,,2,4,1,55,3,3,3,4,0,0,0,1,false,,false,false,false,false,false,,,,,,false,false,true,,,false,false,false,false,false,-83.01529,42.38803,"{
  ""coordinates"": [
    -8.301528945299999e+01,
    4.238803432100010e+01
  ],
  ""type"": ""Point""
}","{
  ""coordinates"": [
    -83.015289453,
    42.388034321
  ],
  ""type"": ""Point""
}",-83.015289453,42.3880343210001
16123,9237792,PURITAN,WHITCOMB,2015-04-09,9,4,2015,17,5,4,9,,4,0,,2,1,1,30,4,2,5,5,0,0,0,0,true,,false,false,true,false,false,,,,,,false,false,false,,,false,false,false,false,false,-83.19656,42.40882,"{
  ""coordinates"": [
    -8.319655455700000e+01,
    4.240882448200010e+01
  ],
  ""type"": ""Point""
}","{
  ""coordinates"": [
    -83.196554557,
    42.408824482
  ],
  ""type"": ""Point""
}",-83.196554557,42.4088244820001
16124,9235585,I-94,ROSA PARKS,2015-04-09,9,4,2015,21,5,5,1,,1,0,,2,4,4,55,3,2,2,3,0,0,1,0,false,,false,false,false,true,false,,,,,,false,true,false,,,false,false,false,false,false,-83.08468,42.35479,"{
  ""coordinates"": [
    -8.308468104699990e+01,
    4.235478472900010e+01
  ],
  ""type"": ""Point""
}","{
  ""coordinates"": [
    -83.084681047,
    42.354784729
  ],
  ""type"": ""Point""
}",-83.0846810469999,42.3547847290001
16125,9233891,I-75,DEARBORN,2015-04-09,9,4,2015,8,5,5,1,,1,0,,2,2,1,70,4,2,2,5,0,0,0,0,true,,false,false,false,false,false,,,,,,false,false,true,,,false,false,false,false,false,-83.1282,42.29277,"{
  ""coordinates"": [
    -8.312820326900000e+01,
    4.229276500800010e+01
  ],
  ""type"": ""Point""
}","{
  ""coordinates"": [
    -83.128203269,
    42.292765008
  ],
  ""type"": ""Point""
}",-83.128203269,42.2927650080001
16126,9239029,I 75,OUTER,2015-04-09,9,4,2015,12,5,8,1,,1,0,,2,4,1,70,3,2,2,5,0,0,0,0,true,,false,false,false,false,false,,,,,,false,false,false,,,false,false,false,false,false,-83.09496,42.44112,"{
  ""coordinates"": [
    -8.309495951199990e+01,
    4.244112243200000e+01
  ],
  ""type"": ""Point""
}","{
  ""coordinates"": [
    -83.094959512,
    42.441122432
  ],
  ""type"": ""Point""
}",-83.0949595119999,42.441122432
16127,9236496,FENKELL,LAHSER,2015-04-09,9,4,2015,5,5,97,9,,2,0,,2,4,4,35,4,2,1,3,0,0,1,0,false,,false,false,false,false,false,,,,,,true,false,false,,,false,false,false,false,false,-83.25683,42.40029,"{
  ""coordinates"": [
    -8.325682455399991e+01,
    4.240028786700000e+01
  ],
  ""type"": ""Point""
}","{
  ""coordinates"": [
    -83.256824554,
    42.400287867
  ],
  ""type"": ""Point""
}",-83.2568245539999,42.400287867
16128,9234750,GUILFORD,BREMEN,2015-04-09,9,4,2015,9,5,4,9,,,0,,2,4,1,25,1,2,3,5,0,0,0,0,true,,false,false,false,false,false,,,,,,false,false,true,,,false,false,false,false,false,-82.92265,42.40041,"{
  ""coordinates"": [
    -8.292264203000001e+01,
    4.240041284100000e+01
  ],
  ""type"": ""Point""
}","{
  ""coordinates"": [
    -82.92264203,
    42.400412841
  ],
  ""type"": ""Point""
}",-82.92264203,42.400412841
16129,9236371,I-94,I-75,2015-04-09,9,4,2015,16,5,5,1,,1,0,,2,4,1,55,3,2,2,5,0,0,0,0,true,,false,false,false,false,false,,,,,,false,false,true,,,false,false,false,false,false,-83.05855,42.36812,"{
  ""coordinates"": [
    -8.305854462600000e+01,
    4.236811729000000e+01
  ],
  ""type"": ""Point""
}","{
  ""coordinates"": [
    -83.058544626,
    42.36811729
  ],
  ""type"": ""Point""
}",-83.058544626,42.36811729
16130,9234768,FLORENCE,STEEL,2015-04-09,9,4,2015,17,5,4,9,,,0,,1,2,1,25,2,2,3,5,0,0,0,0,true,,false,false,false,false,false,,,,,,false,false,false,,,false,false,false,false,false,-83.17197,42.41193,"{
  ""coordinates"": [
    -8.317197777400000e+01,
    4.241193423500000e+01
  ],
  ""type"": ""Point""
}","{
  ""coordinates"": [
    -83.171977774,
    42.411934235
  ],
  ""type"": ""Point""
}",-83.171977774,42.411934235
16131,9235749,PACKARD,OUTER,2015-04-09,9,4,2015,11,5,2,9,,,0,,2,2,1,15,2,2,2,3,0,0,1,0,false,,false,false,false,false,false,,,,,,false,false,true,,,false,false,false,false,false,-83.02816,42.44152,"{
  ""coordinates"": [
    -8.302816199199999e+01,
    4.244152305000010e+01
  ],
  ""type"": ""Point""
}","{
  ""coordinates"": [
    -83.028161992,
    42.44152305
  ],
  ""type"": ""Point""
}",-83.028161992,42.4415230500001
16132,9233889,I-75,VERNOR,2015-04-09,9,4,2015,6,5,1,1,,1,1,,2,4,4,55,3,1,1,5,0,0,0,0,true,,false,false,false,false,false,,,,,,false,false,false,,,false,false,false,false,false,-83.08614,42.32821,"{
  ""coordinates"": [
    -8.308613985499990e+01,
    4.232820568600000e+01
  ],
  ""type"": ""Point""
}","{
  ""coordinates"": [
    -83.086139855,
    42.328205686
  ],
  ""type"": ""Point""
}",-83.0861398549999,42.328205686
16133,9234749,BEDFORD,SOUTHAMPTOM,2015-04-09,9,4,2015,20,5,4,9,,,0,,2,4,5,25,2,2,3,4,0,0,0,1,false,,false,false,false,false,false,,,,,,false,false,false,,,false,false,false,false,false,-82.94312,42.40531,"{
  ""coordinates"": [
    -8.294311189000000e+01,
    4.240530884100010e+01
  ],
  ""type"": ""Point""
}","{
  ""coordinates"": [
    -82.94311189,
    42.405308841
  ],
  ""type"": ""Point""
}",-82.94311189,42.4053088410001
16134,9234752,WARREN,METTETAL,2015-04-08,8,4,2015,21,4,5,9,,2,0,,1,1,4,35,4,2,4,5,0,0,0,0,true,,false,false,false,false,false,,,,,,false,false,false,,,false,false,false,false,false,-83.20453,42.34356,"{
  ""coordinates"": [
    -8.320452544900000e+01,
    4.234355668900000e+01
  ],
  ""type"": ""Point""
}","{
  ""coordinates"": [
    -83.204525449,
    42.343556689
  ],
  ""type"": ""Point""
}",-83.204525449,42.343556689
16135,9233906,N M 39,TIREMAN,2015-04-08,8,4,2015,8,4,5,3,,1,0,,2,4,1,55,3,2,3,5,0,0,0,0,true,,false,false,false,false,false,,,,,,false,false,true,,,false,false,false,false,false,-83.21626,42.35046,"{
  ""coordinates"": [
    -8.321625534700000e+01,
    4.235045741900010e+01
  ],
  ""type"": ""Point""
}","{
  ""coordinates"": [
    -83.216255347,
    42.350457419
  ],
  ""type"": ""Point""
}",-83.216255347,42.3504574190001
16136,9234751,PATTON,CHICAGO,2015-04-08,8,4,2015,20,4,4,9,,,0,,1,1,4,35,4,2,2,5,0,0,0,0,true,,false,false,false,false,false,,,,,,false,false,false,,,false,false,false,false,false,-83.24221,42.3646,"{
  ""coordinates"": [
    -8.324220860900000e+01,
    4.236460600800010e+01
  ],
  ""type"": ""Point""
}","{
  ""coordinates"": [
    -83.242208609,
    42.364606008
  ],
  ""type"": ""Point""
}",-83.242208609,42.3646060080001
16137,9234026,HOOVER,MANNING,2015-04-08,8,4,2015,12,4,8,3,,1,0,,2,1,1,30,2,2,3,5,0,0,0,0,true,,false,false,false,false,false,,,,,,false,false,true,,,false,false,false,false,false,-83.0049,42.44022,"{
  ""coordinates"": [
    -8.300489994599999e+01,
    4.244022534000000e+01
  ],
  ""type"": ""Point""
}","{
  ""coordinates"": [
    -83.004899946,
    42.44022534
  ],
  ""type"": ""Point""
}",-83.004899946,42.44022534
16138,9233104,INVERNESS,GROVE,2015-04-08,8,4,2015,7,4,4,9,,,0,,2,4,2,25,2,2,2,4,0,0,0,1,false,,true,false,false,false,false,,,,,,false,false,false,,,false,false,false,false,false,-83.12299,42.41506,"{
  ""coordinates"": [
    -8.312299089200000e+01,
    4.241505935800010e+01
  ],
  ""type"": ""Point""
}","{
  ""coordinates"": [
    -83.122990892,
    42.415059358
  ],
  ""type"": ""Point""
}",-83.122990892,42.4150593580001
16139,9234742,GRAND RIVER,S I 75 SERVICE DRIVE,2015-04-08,8,4,2015,15,4,5,3,,1,0,,1,1,1,0,8,2,2,5,0,0,0,0,true,,false,false,false,false,false,,,,,,false,false,false,,,false,false,false,false,false,-83.05993,42.33681,"{
  ""coordinates"": [
    -8.305992783300000e+01,
    4.233680988800010e+01
  ],
  ""type"": ""Point""
}","{
  ""coordinates"": [
    -83.059927833,
    42.336809888
  ],
  ""type"": ""Point""
}",-83.059927833,42.3368098880001
16140,9233895,I-94,MT ELLIOTT,2015-04-08,8,4,2015,9,4,5,1,,1,0,,2,4,1,55,3,2,2,5,0,0,0,0,true,,false,false,false,false,false,,,,,,false,false,true,,,false,false,false,false,false,-83.03545,42.37845,"{
  ""coordinates"": [
    -8.303544920199990e+01,
    4.237845400700010e+01
  ],
  ""type"": ""Point""
}","{
  ""coordinates"": [
    -83.035449202,
    42.378454007
  ],
  ""type"": ""Point""
}",-83.0354492019999,42.3784540070001