ObjectId,Crash ID,Primary Road,Intersecting Road,Crash Date,Day,Month,Year,Hour,Weekday,Crash Type Code,Highway Classification Code,Community Code,Jurisdiction Code,Lane Departure Type Code,Surface Type,Road Condition,Weather Condition,Lighting Condition,Speed Limit,Lanes,Units,Occupants,Most Severe Injury,Fatal Injuries,Suspected Serious Injuries,Suspected Minor Injuries,Possible Injuries,Property Damage Only,Secondary Crash,Traffic Control,Red Light Run,Hit and Run,Alcohol,Drugs,Unbelted Person,Work Zone,Speeding Driver,Distracted Driver,Driveway,Pedestrian,Elderly Driver,Young Driver,Commercial Vehicle,Emergency Vehicles,Train,School Bus,Motorcycle,Bicycle,Deer,Longitude,Latitude,geom,geog,x,y
16255,9232184,LONYO,MCGRAW,2015-04-06,6,4,2015,10,2,5,9,,4,0,,1,1,1,25,3,2,4,5,0,0,0,0,true,,false,false,false,false,false,,,,,,false,false,true,,,false,false,false,false,false,-83.1464,42.33319,"{
  ""coordinates"": [
    -8.314639978299989e+01,
    4.233318556600010e+01
  ],
  ""type"": ""Point""
}","{
  ""coordinates"": [
    -83.146399783,
    42.333185566
  ],
  ""type"": ""Point""
}",-83.1463997829999,42.3331855660001
16256,9232965,MIDDLE,CLIFFORD,2015-04-06,6,4,2015,17,2,97,9,,4,0,,1,1,1,25,1,2,0,5,0,0,0,0,true,,false,false,true,false,false,,,,,,false,false,false,,,false,false,false,false,false,-83.05347,42.33521,"{
  ""coordinates"": [
    -8.305346590399991e+01,
    4.233520321400000e+01
  ],
  ""type"": ""Point""
}","{
  ""coordinates"": [
    -83.053465904,
    42.335203214
  ],
  ""type"": ""Point""
}",-83.0534659039999,42.335203214
16257,9234780,ANTHONY WAYNE,KIRBY,2015-04-06,6,4,2015,21,2,5,9,,4,0,,1,2,4,25,3,2,3,5,0,0,0,0,true,,false,false,false,false,false,,,,,,false,false,true,,,false,false,false,false,false,-83.0723,42.35667,"{
  ""coordinates"": [
    -8.307230282700000e+01,
    4.235666533100000e+01
  ],
  ""type"": ""Point""
}","{
  ""coordinates"": [
    -83.072302827,
    42.356665331
  ],
  ""type"": ""Point""
}",-83.072302827,42.356665331
16258,9606666,FOREST,GRATIOT,2015-04-06,6,4,2015,16,2,5,3,,4,0,,1,1,1,35,3,2,2,5,0,0,0,0,true,,false,false,false,false,false,,,,,,false,false,false,,,false,false,false,false,false,-83.02045,42.3705,"{
  ""coordinates"": [
    -8.302044384600001e+01,
    4.237050089600010e+01
  ],
  ""type"": ""Point""
}","{
  ""coordinates"": [
    -83.020443846,
    42.370500896
  ],
  ""type"": ""Point""
}",-83.020443846,42.3705008960001
16259,9232882,N M 10,N I 75,2015-04-06,6,4,2015,17,2,5,3,,1,0,,1,2,1,55,3,2,2,5,0,0,0,0,true,,false,false,false,false,false,,,,,,false,false,false,,,false,false,false,false,false,-83.06412,42.33518,"{
  ""coordinates"": [
    -8.306412116800000e+01,
    4.233518210400010e+01
  ],
  ""type"": ""Point""
}","{
  ""coordinates"": [
    -83.064121168,
    42.335182104
  ],
  ""type"": ""Point""
}",-83.064121168,42.3351821040001
16260,9235724,MCNICHOLS,JOSEPH CAMPAU,2015-04-06,6,4,2015,1,2,4,9,,4,0,,1,1,5,30,1,2,1,4,0,0,0,1,false,,true,true,true,false,false,,,,,,false,false,false,,,false,false,false,false,false,-83.07258,42.4186,"{
  ""coordinates"": [
    -8.307257814099999e+01,
    4.241859792600010e+01
  ],
  ""type"": ""Point""
}","{
  ""coordinates"": [
    -83.072578141,
    42.418597926
  ],
  ""type"": ""Point""
}",-83.072578141,42.4185979260001
16261,9232179,WARREN,TRUMBULL,2015-04-06,6,4,2015,9,2,8,9,,4,0,,1,1,1,30,5,2,2,5,0,0,0,0,true,,false,false,false,false,false,,,,,,false,false,false,,,false,false,false,false,false,-83.07872,42.35209,"{
  ""coordinates"": [
    -8.307871970500000e+01,
    4.235209245500000e+01
  ],
  ""type"": ""Point""
}","{
  ""coordinates"": [
    -83.078719705,
    42.352092455
  ],
  ""type"": ""Point""
}",-83.078719705,42.352092455
16262,9237216,CASS,ELIZABETH,2015-04-06,6,4,2015,8,2,8,9,,4,0,,1,1,1,25,2,2,1,5,0,0,0,0,true,,false,false,false,false,false,,,,,,false,false,false,,,false,false,false,false,false,-83.05522,42.33592,"{
  ""coordinates"": [
    -8.305522026300000e+01,
    4.233591814000000e+01
  ],
  ""type"": ""Point""
}","{
  ""coordinates"": [
    -83.055220263,
    42.33591814
  ],
  ""type"": ""Point""
}",-83.055220263,42.33591814
16263,9243886,MC KINLEY,MACK,2015-04-06,6,4,2015,18,2,9,9,,,0,,97,98,98,35,4,2,2,5,0,0,0,0,true,,false,false,false,false,false,,,,,,false,true,false,,,false,false,false,false,false,-82.91451,42.40834,"{
  ""coordinates"": [
    -8.291451006900000e+01,
    4.240834417300000e+01
  ],
  ""type"": ""Point""
}","{
  ""coordinates"": [
    -82.914510069,
    42.408344173
  ],
  ""type"": ""Point""
}",-82.914510069,42.408344173
16264,9232869,EB I-94,WOODWARD,2015-04-06,6,4,2015,17,2,5,1,,1,0,,1,2,1,55,3,2,3,5,0,0,0,0,true,,false,false,false,false,false,,,,,,false,false,false,,,false,false,false,false,false,-83.06911,42.36344,"{
  ""coordinates"": [
    -8.306911071899999e+01,
    4.236344312700000e+01
  ],
  ""type"": ""Point""
}","{
  ""coordinates"": [
    -83.069110719,
    42.363443127
  ],
  ""type"": ""Point""
}",-83.069110719,42.363443127
16265,9235744,EMERALD SPRINGS,SPARLING,2015-04-06,6,4,2015,23,2,2,9,,,2,,1,1,4,25,2,2,0,5,0,0,0,0,true,,false,false,true,false,false,,,,,,false,false,false,,,false,false,false,false,false,-83.04482,42.41105,"{
  ""coordinates"": [
    -8.304481235500000e+01,
    4.241105114000000e+01
  ],
  ""type"": ""Point""
}","{
  ""coordinates"": [
    -83.044812355,
    42.41105114
  ],
  ""type"": ""Point""
}",-83.044812355,42.41105114
16266,9232967,8 MILE,MT ELLIOT,2015-04-06,6,4,2015,11,2,97,3,,1,0,,1,1,1,35,5,2,2,5,0,0,0,0,true,,false,false,true,false,false,,,,,,false,false,false,,,false,false,false,false,false,-83.03937,42.44787,"{
  ""coordinates"": [
    -8.303936934399999e+01,
    4.244787318300010e+01
  ],
  ""type"": ""Point""
}","{
  ""coordinates"": [
    -83.039369344,
    42.447873183
  ],
  ""type"": ""Point""
}",-83.039369344,42.4478731830001
16267,9233883,I-75,MACK,2015-04-06,6,4,2015,11,2,5,1,,1,0,,1,2,1,55,5,2,6,5,0,0,0,0,true,,false,false,false,false,false,,,,,,false,false,true,,,false,false,false,false,false,-83.049,42.35247,"{
  ""coordinates"": [
    -8.304899229999999e+01,
    4.235247344200010e+01
  ],
  ""type"": ""Point""
}","{
  ""coordinates"": [
    -83.0489923,
    42.352473442
  ],
  ""type"": ""Point""
}",-83.0489923,42.3524734420001
16268,9235732,OUTER,MOENART,2015-04-06,6,4,2015,16,2,5,9,,2,0,,1,2,1,30,2,2,3,4,0,0,0,1,false,,false,false,false,false,false,,,,,,false,true,false,,,false,false,false,false,false,-83.051,42.44077,"{
  ""coordinates"": [
    -8.305100530300000e+01,
    4.244077383900000e+01
  ],
  ""type"": ""Point""
}","{
  ""coordinates"": [
    -83.051005303,
    42.440773839
  ],
  ""type"": ""Point""
}",-83.051005303,42.440773839
16269,9243445,PARK,MONTCALM,2015-04-06,6,4,2015,18,2,8,9,,4,0,,1,1,1,25,3,2,2,5,0,0,0,0,true,,false,false,true,false,false,,,,,,false,false,false,,,false,false,false,false,false,-83.05392,42.33816,"{
  ""coordinates"": [
    -8.305392116099991e+01,
    4.233815932700000e+01
  ],
  ""type"": ""Point""
}","{
  ""coordinates"": [
    -83.053921161,
    42.338159327
  ],
  ""type"": ""Point""
}",-83.0539211609999,42.338159327
16270,9233884,M10,ROSA PARKS,2015-04-06,6,4,2015,11,2,8,3,,1,0,,1,2,1,55,3,2,3,5,0,0,0,0,true,,false,false,false,false,false,,,,,,false,false,false,,,false,false,false,false,false,-83.11834,42.40351,"{
  ""coordinates"": [
    -8.311834335099999e+01,
    4.240350782400000e+01
  ],
  ""type"": ""Point""
}","{
  ""coordinates"": [
    -83.118343351,
    42.403507824
  ],
  ""type"": ""Point""
}",-83.118343351,42.403507824
16271,9243429,RANDOLPH,BATES,2015-04-06,6,4,2015,15,2,9,3,,1,2,,1,2,1,25,6,3,3,5,0,0,0,0,true,,false,false,false,false,false,,,,,,false,false,false,,,false,false,false,false,false,-83.04432,42.33334,"{
  ""coordinates"": [
    -8.304431660599990e+01,
    4.233334207100010e+01
  ],
  ""type"": ""Point""
}","{
  ""coordinates"": [
    -83.044316606,
    42.333342071
  ],
  ""type"": ""Point""
}",-83.0443166059999,42.3333420710001
16272,9235695,WARREN,ALGONQUIN,2015-04-06,6,4,2015,20,2,4,9,,4,0,,1,1,4,30,4,2,5,2,0,1,1,0,false,,false,false,false,false,false,,,,,,false,false,true,,,false,false,false,false,false,-82.97007,42.39141,"{
  ""coordinates"": [
    -8.297006619500000e+01,
    4.239140799000010e+01
  ],
  ""type"": ""Point""
}","{
  ""coordinates"": [
    -82.970066195,
    42.39140799
  ],
  ""type"": ""Point""
}",-82.970066195,42.3914079900001
16273,9233882,I-94,CONNER,2015-04-06,6,4,2015,10,2,5,1,,1,0,,1,1,1,55,3,2,2,5,0,0,0,0,true,,false,false,true,false,false,,,,,,false,false,false,,,false,false,false,false,false,-82.98722,42.39703,"{
  ""coordinates"": [
    -8.298722365499999e+01,
    4.239702507400010e+01
  ],
  ""type"": ""Point""
}","{
  ""coordinates"": [
    -82.987223655,
    42.397025074
  ],
  ""type"": ""Point""
}",-82.987223655,42.3970250740001
16274,9233066,HAYES,7 MILE,2015-04-06,6,4,2015,12,2,4,9,,4,0,,1,2,1,30,8,2,3,5,0,0,0,0,true,,false,false,false,false,false,,,,,,false,false,true,,,false,false,false,false,false,-82.96546,42.43542,"{
  ""coordinates"": [
    -8.296546255700000e+01,
    4.243542168600000e+01
  ],
  ""type"": ""Point""
}","{
  ""coordinates"": [
    -82.965462557,
    42.435421686
  ],
  ""type"": ""Point""
}",-82.965462557,42.435421686
16275,9232868,N I 75,14TH,2015-04-06,6,4,2015,8,2,8,1,,1,0,,1,1,1,70,4,2,2,5,0,0,0,0,true,,false,false,false,false,false,,,,,,false,false,false,,,false,false,false,false,false,-83.07744,42.33236,"{
  ""coordinates"": [
    -8.307743719800000e+01,
    4.233235909000010e+01
  ],
  ""type"": ""Point""
}","{
  ""coordinates"": [
    -83.077437198,
    42.33235909
  ],
  ""type"": ""Point""
}",-83.077437198,42.3323590900001
16276,9235572,DAVISON,M-10,2015-04-06,6,4,2015,11,2,1,3,,1,1,,1,2,1,55,3,1,1,5,0,0,0,0,true,,false,false,false,false,false,,,,,,false,false,true,,,false,false,false,false,false,-83.11256,42.39675,"{
  ""coordinates"": [
    -8.311256543000000e+01,
    4.239675017500010e+01
  ],
  ""type"": ""Point""
}","{
  ""coordinates"": [
    -83.11256543,
    42.396750175
  ],
  ""type"": ""Point""
}",-83.11256543,42.3967501750001
16277,9238950,E/B I-94,RUSSELL,2015-04-06,6,4,2015,22,2,1,1,,1,1,,1,1,4,55,3,1,1,5,0,0,0,0,true,,false,false,false,false,false,,,,,,false,false,true,,,false,false,false,false,false,-83.05576,42.36996,"{
  ""coordinates"": [
    -8.305575932900000e+01,
    4.236996457800010e+01
  ],
  ""type"": ""Point""
}","{
  ""coordinates"": [
    -83.055759329,
    42.369964578
  ],
  ""type"": ""Point""
}",-83.055759329,42.3699645780001
16278,9233042,WILSHIRE,NEWPORT,2015-04-06,6,4,2015,18,2,4,9,,,0,,1,1,1,25,1,2,4,4,0,0,0,2,false,,false,false,false,false,false,,,,,,false,false,false,,,false,false,false,false,false,-82.97261,42.41218,"{
  ""coordinates"": [
    -8.297260973999990e+01,
    4.241217758800010e+01
  ],
  ""type"": ""Point""
}","{
  ""coordinates"": [
    -82.97260974,
    42.412177588
  ],
  ""type"": ""Point""
}",-82.9726097399999,42.4121775880001
16279,9235583,I94,GRATIOT,2015-04-06,6,4,2015,23,2,8,1,,1,0,,1,1,4,55,3,2,1,5,0,0,0,0,true,,false,false,true,true,false,,,,,,false,false,false,,,false,false,false,false,false,-83.01076,42.38984,"{
  ""coordinates"": [
    -8.301075805799999e+01,
    4.238983749800010e+01
  ],
  ""type"": ""Point""
}","{
  ""coordinates"": [
    -83.010758058,
    42.389837498
  ],
  ""type"": ""Point""
}",-83.010758058,42.3898374980001
16280,9286204,MICHIGAN,BROOKLYN,2015-04-06,6,4,2015,18,2,4,2,,1,0,,1,1,1,45,7,2,2,5,0,0,0,0,true,,false,false,false,false,false,,,,,,false,false,true,,,false,false,false,false,false,-83.06366,42.33144,"{
  ""coordinates"": [
    -8.306366199800000e+01,
    4.233144552100000e+01
  ],
  ""type"": ""Point""
}","{
  ""coordinates"": [
    -83.063661998,
    42.331445521
  ],
  ""type"": ""Point""
}",-83.063661998,42.331445521
16281,9238920,I-94,CONCORD,2015-04-06,6,4,2015,22,2,1,1,,1,1,,1,1,4,70,3,1,1,3,0,0,1,0,false,,false,false,false,true,false,,,,,,false,false,false,,,false,false,false,false,false,-83.03009,42.38336,"{
  ""coordinates"": [
    -8.303008971700000e+01,
    4.238336038700000e+01
  ],
  ""type"": ""Point""
}","{
  ""coordinates"": [
    -83.030089717,
    42.383360387
  ],
  ""type"": ""Point""
}",-83.030089717,42.383360387
16282,9235694,HARPER,WHITTIER,2015-04-06,6,4,2015,15,2,5,9,,4,0,,1,1,1,30,3,2,2,5,0,0,0,0,true,,false,false,false,false,false,,,,,,false,false,false,,,false,false,false,false,false,-82.94227,42.41253,"{
  ""coordinates"": [
    -8.294226556699989e+01,
    4.241253221100000e+01
  ],
  ""type"": ""Point""
}","{
  ""coordinates"": [
    -82.942265567,
    42.412532211
  ],
  ""type"": ""Point""
}",-82.9422655669999,42.412532211
16283,9238973,N I 75,RAMP 045A,2015-04-06,6,4,2015,18,2,1,1,,1,1,,1,1,1,55,3,1,3,4,0,0,0,3,false,,false,false,false,false,false,,,,,,false,false,false,,,false,false,false,false,false,-83.0611,42.37612,"{
  ""coordinates"": [
    -8.306109472700000e+01,
    4.237612257700000e+01
  ],
  ""type"": ""Point""
}","{
  ""coordinates"": [
    -83.061094727,
    42.376122577
  ],
  ""type"": ""Point""
}",-83.061094727,42.376122577
16284,9232961,RANDOLPH,LARNED,2015-04-06,6,4,2015,11,2,5,3,,1,0,,1,1,1,35,2,2,3,4,0,0,0,1,false,,false,false,false,false,false,,,,,,false,false,true,,,false,false,false,false,false,-83.04269,42.33054,"{
  ""coordinates"": [
    -8.304269117000000e+01,
    4.233054234400000e+01
  ],
  ""type"": ""Point""
}","{
  ""coordinates"": [
    -83.04269117,
    42.330542344
  ],
  ""type"": ""Point""
}",-83.04269117,42.330542344
16285,9231421,MOUND,OUTER,2015-04-06,6,4,2015,3,2,97,9,,2,0,,1,1,4,35,3,3,3,2,0,1,0,0,false,,true,false,false,true,false,,,,,,false,false,true,,,false,false,false,false,false,-83.0437,42.44096,"{
  ""coordinates"": [
    -8.304369810799990e+01,
    4.244096281400000e+01
  ],
  ""type"": ""Point""
}","{
  ""coordinates"": [
    -83.043698108,
    42.440962814
  ],
  ""type"": ""Point""
}",-83.0436981079999,42.440962814
16286,9235726,ELIZABETH,PARK,2015-04-06,6,4,2015,11,2,97,9,,4,0,,1,1,1,25,2,2,0,5,0,0,0,0,true,,false,false,true,false,false,,,,,,false,false,false,,,false,false,false,false,false,-83.05293,42.33697,"{
  ""coordinates"": [
    -8.305293550700000e+01,
    4.233696963000010e+01
  ],
  ""type"": ""Point""
}","{
  ""coordinates"": [
    -83.052935507,
    42.33696963
  ],
  ""type"": ""Point""
}",-83.052935507,42.3369696300001
16287,9233096,I94,GRATIOT,2015-04-06,6,4,2015,23,2,5,1,,1,0,,1,1,4,55,3,2,1,5,0,0,0,0,true,,false,false,true,false,false,,,,,,false,false,true,,,false,false,false,false,false,-83.00671,42.39081,"{
  ""coordinates"": [
    -8.300671149599999e+01,
    4.239081091700010e+01
  ],
  ""type"": ""Point""
}","{
  ""coordinates"": [
    -83.006711496,
    42.390810917
  ],
  ""type"": ""Point""
}",-83.006711496,42.3908109170001
16288,9235550,M-39,CURTIS,2015-04-06,6,4,2015,15,2,1,3,,1,1,,1,1,1,55,3,1,1,4,0,0,0,1,false,,false,false,false,false,false,,,,,,false,false,false,,,false,false,false,false,false,-83.2189,42.42155,"{
  ""coordinates"": [
    -8.321890399300000e+01,
    4.242155247200000e+01
  ],
  ""type"": ""Point""
}","{
  ""coordinates"": [
    -83.218903993,
    42.421552472
  ],
  ""type"": ""Point""
}",-83.218903993,42.421552472
16289,9232193,RUSSELL,WILKINS,2015-04-06,6,4,2015,8,2,8,9,,4,0,,1,1,1,25,2,2,2,5,0,0,0,0,true,,false,false,true,false,false,,,,,,false,false,false,,,false,false,false,false,false,-83.04234,42.34916,"{
  ""coordinates"": [
    -8.304233373700001e+01,
    4.234915501700000e+01
  ],
  ""type"": ""Point""
}","{
  ""coordinates"": [
    -83.042333737,
    42.349155017
  ],
  ""type"": ""Point""
}",-83.042333737,42.349155017
16290,9234782,CASS,HANCOCK,2015-04-06,6,4,2015,11,2,8,9,,4,0,,1,1,1,25,2,2,2,5,0,0,0,0,true,,false,false,false,false,false,,,,,,false,false,false,,,false,false,false,false,false,-83.06602,42.3549,"{
  ""coordinates"": [
    -8.306602764599999e+01,
    4.235489531300000e+01
  ],
  ""type"": ""Point""
}","{
  ""coordinates"": [
    -83.066027646,
    42.354895313
  ],
  ""type"": ""Point""
}",-83.066027646,42.354895313
16291,9238947,N I 75,PIQUETTE,2015-04-05,5,4,2015,3,1,1,1,,1,1,,1,1,4,55,4,1,1,4,0,0,0,1,false,,false,false,false,false,false,,,,,,false,true,false,,,false,false,false,false,false,-83.05904,42.37096,"{
  ""coordinates"": [
    -8.305903652099990e+01,
    4.237096437400000e+01
  ],
  ""type"": ""Point""
}","{
  ""coordinates"": [
    -83.059036521,
    42.370964374
  ],
  ""type"": ""Point""
}",-83.0590365209999,42.370964374
16292,9231287,RAMP 215F,E I 94,2015-04-05,5,4,2015,21,1,1,1,,1,0,,1,1,4,35,1,1,1,5,0,0,0,0,true,,false,false,false,false,false,,,,,,false,false,false,,,false,false,false,false,false,-83.07333,42.3609,"{
  ""coordinates"": [
    -8.307332588600001e+01,
    4.236090316100010e+01
  ],
  ""type"": ""Point""
}","{
  ""coordinates"": [
    -83.073325886,
    42.360903161
  ],
  ""type"": ""Point""
}",-83.073325886,42.3609031610001
16293,9238363,7 MILE,CHALMERS,2015-04-05,5,4,2015,14,1,5,9,,2,0,,1,1,1,30,4,2,4,5,0,0,0,0,true,,false,false,true,false,false,,,,,,false,false,false,,,false,false,false,false,false,-82.9749,42.43514,"{
  ""coordinates"": [
    -8.297489848799999e+01,
    4.243514224700000e+01
  ],
  ""type"": ""Point""
}","{
  ""coordinates"": [
    -82.974898488,
    42.435142247
  ],
  ""type"": ""Point""
}",-82.974898488,42.435142247
16294,9240353,METTETAL,SCHOOLCRAFT,2015-04-05,5,4,2015,16,1,9,9,,,0,,1,1,1,25,2,2,1,5,0,0,0,0,true,,false,false,false,false,false,,,,,,false,false,false,,,false,false,false,false,false,-83.20654,42.38676,"{
  ""coordinates"": [
    -8.320654547200000e+01,
    4.238675533200010e+01
  ],
  ""type"": ""Point""
}","{
  ""coordinates"": [
    -83.206545472,
    42.386755332
  ],
  ""type"": ""Point""
}",-83.206545472,42.3867553320001
16295,9231413,GRATIOT,CONNER,2015-04-05,5,4,2015,7,1,3,3,,1,0,,1,1,1,35,6,2,2,5,0,0,0,0,true,,false,false,true,false,false,,,,,,false,false,true,,,false,false,false,false,false,-82.99754,42.40484,"{
  ""coordinates"": [
    -8.299753756599991e+01,
    4.240484305200000e+01
  ],
  ""type"": ""Point""
}","{
  ""coordinates"": [
    -82.997537566,
    42.404843052
  ],
  ""type"": ""Point""
}",-82.9975375659999,42.404843052
16296,9234052,MCNICHOLS,PINEHURST,2015-04-05,5,4,2015,15,1,4,9,,2,0,,1,1,1,30,2,2,3,5,0,0,0,0,true,,true,true,true,false,false,,,,,,false,false,false,,,false,false,false,false,false,-83.16687,42.41674,"{
  ""coordinates"": [
    -8.316687390800000e+01,
    4.241674442600000e+01
  ],
  ""type"": ""Point""
}","{
  ""coordinates"": [
    -83.166873908,
    42.416744426
  ],
  ""type"": ""Point""
}",-83.166873908,42.416744426
16297,9231285,N/B M-10,FORT,2015-04-05,5,4,2015,20,1,8,3,,1,0,,1,1,3,55,4,2,5,5,0,0,0,0,true,,false,false,false,false,false,,,,,,false,false,false,,,false,false,false,false,false,-83.05524,42.32706,"{
  ""coordinates"": [
    -8.305523620199990e+01,
    4.232705567400010e+01
  ],
  ""type"": ""Point""
}","{
  ""coordinates"": [
    -83.055236202,
    42.327055674
  ],
  ""type"": ""Point""
}",-83.0552362019999,42.3270556740001
16298,9233017,ASHTON,TROJAN,2015-04-05,5,4,2015,16,1,97,9,,,0,,1,1,1,25,2,2,0,5,0,0,0,0,true,,false,false,true,false,false,,,,,,false,false,false,,,false,false,false,false,false,-83.22116,42.44047,"{
  ""coordinates"": [
    -8.322116156500000e+01,
    4.244047195100010e+01
  ],
  ""type"": ""Point""
}","{
  ""coordinates"": [
    -83.221161565,
    42.440471951
  ],
  ""type"": ""Point""
}",-83.221161565,42.4404719510001
16299,9232958,RAMP 213I,RAMP 213H,2015-04-05,5,4,2015,2,1,1,1,,1,1,,1,1,4,55,2,1,2,5,0,0,0,0,true,,false,false,false,true,false,,,,,,false,false,false,,,false,false,false,false,false,-83.09723,42.34828,"{
  ""coordinates"": [
    -8.309722743799990e+01,
    4.234828256800010e+01
  ],
  ""type"": ""Point""
}","{
  ""coordinates"": [
    -83.097227438,
    42.348282568
  ],
  ""type"": ""Point""
}",-83.0972274379999,42.3482825680001
16300,9240366,TELEGRAPH,MCNICHOLS,2015-04-05,5,4,2015,23,1,1,2,,1,1,,1,1,4,45,4,1,1,5,0,0,0,0,true,,false,false,false,false,false,,,,,,false,false,true,,,false,false,false,false,false,-83.27739,42.41449,"{
  ""coordinates"": [
    -8.327739309299990e+01,
    4.241448544500000e+01
  ],
  ""type"": ""Point""
}","{
  ""coordinates"": [
    -83.277393093,
    42.414485445
  ],
  ""type"": ""Point""
}",-83.2773930929999,42.414485445
16301,9232188,HEREFORD,WARREN,2015-04-05,5,4,2015,7,1,4,9,,,0,,1,1,2,25,3,2,3,5,0,0,0,0,true,,false,false,false,false,false,,,,,,false,false,false,,,false,false,false,false,false,-82.92361,42.40833,"{
  ""coordinates"": [
    -8.292361720500000e+01,
    4.240833294200010e+01
  ],
  ""type"": ""Point""
}","{
  ""coordinates"": [
    -82.923617205,
    42.408332942
  ],
  ""type"": ""Point""
}",-82.923617205,42.4083329420001
16302,9232182,MICHIGAN,ADDISON,2015-04-05,5,4,2015,0,1,1,2,,1,0,,1,1,5,35,6,2,0,2,0,1,0,0,false,,false,false,true,false,false,,,,,,true,false,false,,,false,false,false,false,false,-83.15079,42.32943,"{
  ""coordinates"": [
    -8.315079727400000e+01,
    4.232943071200000e+01
  ],
  ""type"": ""Point""
}","{
  ""coordinates"": [
    -83.150797274,
    42.329430712
  ],
  ""type"": ""Point""
}",-83.150797274,42.329430712
16303,9250224,LAKEPOINTE,BRITAIN,2015-04-05,5,4,2015,17,1,4,9,,,0,,1,1,1,25,1,2,2,5,0,0,0,0,true,,false,false,false,false,false,,,,,,false,false,false,,,false,false,false,false,false,-82.94916,42.42338,"{
  ""coordinates"": [
    -8.294915732500000e+01,
    4.242338168200010e+01
  ],
  ""type"": ""Point""
}","{
  ""coordinates"": [
    -82.949157325,
    42.423381682
  ],
  ""type"": ""Point""
}",-82.949157325,42.4233816820001
16304,9242051,PETOSKEY,HAZELWOOD,2015-04-05,5,4,2015,15,1,5,9,,,0,,1,1,1,35,2,2,2,5,0,0,0,0,true,,false,false,false,false,false,,,,,,false,false,true,,,false,false,false,false,false,-83.12119,42.3664,"{
  ""coordinates"": [
    -8.312119139399989e+01,
    4.236640189200010e+01
  ],
  ""type"": ""Point""
}","{
  ""coordinates"": [
    -83.121191394,
    42.366401892
  ],
  ""type"": ""Point""
}",-83.1211913939999,42.3664018920001
16305,9231422,SCHAEFER,OUTER,2015-04-05,5,4,2015,0,1,97,9,,4,0,,1,1,4,30,4,3,3,4,0,0,0,2,false,,false,false,false,true,false,,,,,,false,false,false,,,false,false,false,false,false,-83.17996,42.4201,"{
  ""coordinates"": [
    -8.317996391400000e+01,
    4.242010482600010e+01
  ],
  ""type"": ""Point""
}","{
  ""coordinates"": [
    -83.179963914,
    42.420104826
  ],
  ""type"": ""Point""
}",-83.179963914,42.4201048260001
16306,9231286,RAMP 215F,E I 94,2015-04-05,5,4,2015,21,1,1,1,,1,0,,1,1,4,35,1,1,1,5,0,0,0,0,true,,false,false,false,false,false,,,,,,false,false,true,,,false,false,false,false,false,-83.07317,42.36099,"{
  ""coordinates"": [
    -8.307317317800000e+01,
    4.236099205100000e+01
  ],
  ""type"": ""Point""
}","{
  ""coordinates"": [
    -83.073173178,
    42.360992051
  ],
  ""type"": ""Point""
}",-83.073173178,42.360992051
16307,9232979,GRAND RIVER,WYOMING,2015-04-05,5,4,2015,22,1,4,3,,1,0,,1,1,4,35,2,2,1,5,0,0,0,0,true,,true,true,true,false,false,,,,,,false,false,false,,,false,false,false,false,false,-83.15884,42.37674,"{
  ""coordinates"": [
    -8.315883493599991e+01,
    4.237673899300010e+01
  ],
  ""type"": ""Point""
}","{
  ""coordinates"": [
    -83.158834936,
    42.376738993
  ],
  ""type"": ""Point""
}",-83.1588349359999,42.3767389930001
16308,9234683,RAMP 216B,RAMP 216D,2015-04-05,5,4,2015,21,1,1,1,,1,1,,1,1,4,30,1,1,1,3,0,0,1,0,false,,false,false,false,true,false,,,,,,false,false,true,,,false,false,false,false,false,-83.05765,42.36842,"{
  ""coordinates"": [
    -8.305764489300000e+01,
    4.236841872200010e+01
  ],
  ""type"": ""Point""
}","{
  ""coordinates"": [
    -83.057644893,
    42.368418722
  ],
  ""type"": ""Point""
}",-83.057644893,42.3684187220001
16309,9234661,RAMP 047F,DAVISON,2015-04-05,5,4,2015,0,1,1,1,,1,0,,1,1,4,35,1,1,1,5,0,0,0,0,true,,false,false,false,false,false,,,,,,false,false,true,,,false,false,false,false,false,-83.07921,42.40911,"{
  ""coordinates"": [
    -8.307920641500000e+01,
    4.240911578200010e+01
  ],
  ""type"": ""Point""
}","{
  ""coordinates"": [
    -83.079206415,
    42.409115782
  ],
  ""type"": ""Point""
}",-83.079206415,42.4091157820001
16310,9231425,JOHN C,LIVERNOIS,2015-04-05,5,4,2015,11,1,5,3,,1,0,,1,1,1,30,2,2,3,4,0,0,0,1,false,,false,false,true,false,false,,,,,,false,false,true,,,false,false,false,false,false,-83.14016,42.40481,"{
  ""coordinates"": [
    -8.314016243400000e+01,
    4.240480804000000e+01
  ],
  ""type"": ""Point""
}","{
  ""coordinates"": [
    -83.140162434,
    42.40480804
  ],
  ""type"": ""Point""
}",-83.140162434,42.40480804
16311,9231408,W I 94 SERVICE DRIVE,MORANG,2015-04-05,5,4,2015,2,1,1,9,,4,1,,1,1,5,25,2,1,0,5,0,0,0,0,true,,false,false,false,false,false,,,,,,false,false,false,,,false,false,false,false,false,-82.93433,42.41924,"{
  ""coordinates"": [
    -8.293432964999990e+01,
    4.241923736400000e+01
  ],
  ""type"": ""Point""
}","{
  ""coordinates"": [
    -82.93432965,
    42.419237364
  ],
  ""type"": ""Point""
}",-82.9343296499999,42.419237364