ObjectId,Crash ID,Primary Road,Intersecting Road,Crash Date,Day,Month,Year,Hour,Weekday,Crash Type Code,Highway Classification Code,Community Code,Jurisdiction Code,Lane Departure Type Code,Surface Type,Road Condition,Weather Condition,Lighting Condition,Speed Limit,Lanes,Units,Occupants,Most Severe Injury,Fatal Injuries,Suspected Serious Injuries,Suspected Minor Injuries,Possible Injuries,Property Damage Only,Secondary Crash,Traffic Control,Red Light Run,Hit and Run,Alcohol,Drugs,Unbelted Person,Work Zone,Speeding Driver,Distracted Driver,Driveway,Pedestrian,Elderly Driver,Young Driver,Commercial Vehicle,Emergency Vehicles,Train,School Bus,Motorcycle,Bicycle,Deer,Longitude,Latitude,geom,geog,x,y
16369,9234046,VAN DYKE,8 MILE,2015-04-04,4,4,2015,10,7,1,3,,1,0,,1,1,1,35,5,2,2,1,1,0,0,0,false,,false,false,false,false,true,,,,,,true,false,false,,,false,false,false,false,false,-83.02473,42.44801,"{
  ""coordinates"": [
    -8.302473117499990e+01,
    4.244801238100010e+01
  ],
  ""type"": ""Point""
}","{
  ""coordinates"": [
    -83.024731175,
    42.448012381
  ],
  ""type"": ""Point""
}",-83.0247311749999,42.4480123810001
16370,9232980,WYOMING,MACKENZIE,2015-04-04,4,4,2015,15,7,4,9,,4,0,,1,1,1,25,2,2,6,4,0,0,0,1,false,,true,false,true,false,false,,,,,,false,false,false,,,false,false,false,false,false,-83.15779,42.35658,"{
  ""coordinates"": [
    -8.315779228299991e+01,
    4.235658142200000e+01
  ],
  ""type"": ""Point""
}","{
  ""coordinates"": [
    -83.157792283,
    42.356581422
  ],
  ""type"": ""Point""
}",-83.1577922829999,42.356581422
16371,9231252,RAMP 008M,RAMP 008R,2015-04-04,4,4,2015,7,7,8,1,,1,0,,1,1,1,55,2,2,1,4,0,0,0,1,false,,false,false,true,false,false,,,,,,false,false,true,,,false,false,false,false,false,-83.2169,42.38044,"{
  ""coordinates"": [
    -8.321689816999999e+01,
    4.238044162100000e+01
  ],
  ""type"": ""Point""
}","{
  ""coordinates"": [
    -83.21689817,
    42.380441621
  ],
  ""type"": ""Point""
}",-83.21689817,42.380441621
16372,9235748,MTELLIOTT,EMERY,2015-04-04,4,4,2015,2,7,97,9,,4,0,,2,1,4,30,2,3,2,5,0,0,0,0,true,,false,false,false,false,false,,,,,,false,false,true,,,false,false,false,false,false,-83.03901,42.43575,"{
  ""coordinates"": [
    -8.303901190600000e+01,
    4.243574526900010e+01
  ],
  ""type"": ""Point""
}","{
  ""coordinates"": [
    -83.039011906,
    42.435745269
  ],
  ""type"": ""Point""
}",-83.039011906,42.4357452690001
16373,9230839,JUNCTION,PORTER,2015-04-04,4,4,2015,18,7,5,9,,4,0,,1,1,1,30,2,2,5,3,0,0,1,0,false,,false,false,false,false,false,,,,,,false,false,false,,,false,false,false,false,false,-83.09915,42.3141,"{
  ""coordinates"": [
    -8.309914920300000e+01,
    4.231409724400000e+01
  ],
  ""type"": ""Point""
}","{
  ""coordinates"": [
    -83.099149203,
    42.314097244
  ],
  ""type"": ""Point""
}",-83.099149203,42.314097244
16374,9231306,N/B M-39,LYNDON,2015-04-04,4,4,2015,2,7,1,3,,1,1,,1,2,4,55,3,1,1,3,0,0,1,0,false,,false,false,false,false,false,,,,,,false,false,false,,,false,false,false,false,false,-83.21791,42.39417,"{
  ""coordinates"": [
    -8.321791087900000e+01,
    4.239416949600010e+01
  ],
  ""type"": ""Point""
}","{
  ""coordinates"": [
    -83.217910879,
    42.394169496
  ],
  ""type"": ""Point""
}",-83.217910879,42.3941694960001
16375,9231284,N I 75 CD,RAMP 038G,2015-04-04,4,4,2015,1,7,1,1,,1,1,,2,1,4,55,2,1,1,5,0,0,0,0,true,,false,false,false,false,false,,,,,,false,false,true,,,false,false,false,false,false,-83.072,42.33337,"{
  ""coordinates"": [
    -8.307199736699990e+01,
    4.233337102900000e+01
  ],
  ""type"": ""Point""
}","{
  ""coordinates"": [
    -83.071997367,
    42.333371029
  ],
  ""type"": ""Point""
}",-83.0719973669999,42.333371029
16376,9234036,DUCHESS,MORANG,2015-04-04,4,4,2015,16,7,2,9,,,2,,1,1,1,25,1,2,0,5,0,0,0,0,true,,false,false,true,false,false,,,,,,false,false,false,,,false,false,false,false,false,-82.95451,42.42726,"{
  ""coordinates"": [
    -8.295451482300000e+01,
    4.242726043700000e+01
  ],
  ""type"": ""Point""
}","{
  ""coordinates"": [
    -82.954514823,
    42.427260437
  ],
  ""type"": ""Point""
}",-82.954514823,42.427260437
16377,9230856,SCHOOLCRAFT,GREENVIEW,2015-04-04,4,4,2015,7,7,1,9,,2,1,,1,1,1,30,2,1,1,3,0,0,1,0,false,,false,false,false,false,false,,,,,,false,false,true,,,false,false,false,false,false,-83.22363,42.38655,"{
  ""coordinates"": [
    -8.322362536299990e+01,
    4.238654901200000e+01
  ],
  ""type"": ""Point""
}","{
  ""coordinates"": [
    -83.223625363,
    42.386549012
  ],
  ""type"": ""Point""
}",-83.2236253629999,42.386549012
16378,9230833,ANNABELLE,OUTER,2015-04-04,4,4,2015,15,7,4,9,,,0,,1,1,1,30,6,2,2,5,0,0,0,0,true,,false,false,false,false,false,,,,,,false,true,false,,,false,false,false,false,false,-83.16427,42.2584,"{
  ""coordinates"": [
    -8.316426994900000e+01,
    4.225839523300000e+01
  ],
  ""type"": ""Point""
}","{
  ""coordinates"": [
    -83.164269949,
    42.258395233
  ],
  ""type"": ""Point""
}",-83.164269949,42.258395233
16379,9231277,I 96,BENTLER,2015-04-04,4,4,2015,1,7,1,9,,4,1,,2,1,4,70,3,1,1,5,0,0,0,0,true,,false,false,false,false,false,,,,,,false,false,true,,,false,false,false,false,false,-83.25178,42.38493,"{
  ""coordinates"": [
    -8.325178055600000e+01,
    4.238493175500000e+01
  ],
  ""type"": ""Point""
}","{
  ""coordinates"": [
    -83.251780556,
    42.384931755
  ],
  ""type"": ""Point""
}",-83.251780556,42.384931755
16380,9231305,S/B M-39,SCHOOLCRAFT,2015-04-04,4,4,2015,0,7,5,3,,1,0,,2,4,4,55,3,3,8,4,0,0,0,2,false,,false,false,false,false,false,,,,,,false,false,true,,,false,false,false,false,false,-83.21776,42.38754,"{
  ""coordinates"": [
    -8.321775491299999e+01,
    4.238753422900000e+01
  ],
  ""type"": ""Point""
}","{
  ""coordinates"": [
    -83.217754913,
    42.387534229
  ],
  ""type"": ""Point""
}",-83.217754913,42.387534229
16381,9237745,I 94 E/B,SECOND,2015-04-04,4,4,2015,2,7,5,1,,1,0,,2,1,4,55,3,2,0,5,0,0,0,0,true,,false,false,true,false,false,,,,,,false,false,false,,,false,false,false,false,false,-83.07246,42.36146,"{
  ""coordinates"": [
    -8.307246086600000e+01,
    4.236146141900010e+01
  ],
  ""type"": ""Point""
}","{
  ""coordinates"": [
    -83.072460866,
    42.361461419
  ],
  ""type"": ""Point""
}",-83.072460866,42.3614614190001
16382,9243451,LARNED,WASHINGTON,2015-04-04,4,4,2015,0,7,7,9,,4,0,,2,4,5,25,3,2,1,5,0,0,0,0,true,,false,false,true,false,false,,,,,,false,true,false,,,false,false,false,false,false,-83.04861,42.32798,"{
  ""coordinates"": [
    -8.304861035499989e+01,
    4.232797506400000e+01
  ],
  ""type"": ""Point""
}","{
  ""coordinates"": [
    -83.048610355,
    42.327975064
  ],
  ""type"": ""Point""
}",-83.0486103549999,42.327975064
16383,9233016,TELEGRAPH,GRAND RIVER,2015-04-04,4,4,2015,12,7,5,2,,1,0,,1,1,1,45,3,2,3,5,0,0,0,0,true,,false,false,false,false,false,,,,,,false,false,false,,,false,false,false,false,false,-83.27737,42.42449,"{
  ""coordinates"": [
    -8.327736716100000e+01,
    4.242448665500010e+01
  ],
  ""type"": ""Point""
}","{
  ""coordinates"": [
    -83.277367161,
    42.424486655
  ],
  ""type"": ""Point""
}",-83.277367161,42.4244866550001
16384,9238928,W I 94,GRAND,2015-04-04,4,4,2015,4,7,1,1,,1,1,,1,1,4,70,3,1,1,5,0,0,0,0,true,,false,false,false,true,false,,,,,,false,false,false,,,false,false,false,false,false,-83.04144,42.37626,"{
  ""coordinates"": [
    -8.304144573600000e+01,
    4.237626113400010e+01
  ],
  ""type"": ""Point""
}","{
  ""coordinates"": [
    -83.041445736,
    42.376261134
  ],
  ""type"": ""Point""
}",-83.041445736,42.3762611340001
16385,9237823,PATTON,HESSEL,2015-04-04,4,4,2015,3,7,2,9,,,2,,2,1,1,25,1,2,1,4,0,0,0,1,false,,false,false,false,false,false,,,,,,false,false,false,,,false,false,false,false,false,-83.24541,42.44189,"{
  ""coordinates"": [
    -8.324540683899990e+01,
    4.244189465100000e+01
  ],
  ""type"": ""Point""
}","{
  ""coordinates"": [
    -83.245406839,
    42.441894651
  ],
  ""type"": ""Point""
}",-83.2454068389999,42.441894651
16386,9239056,GRAND RIVER,BELLETERRE,2015-04-04,4,4,2015,6,7,4,3,,1,0,,1,1,1,35,4,2,3,5,0,0,0,0,true,,false,false,false,false,false,,,,,,false,false,false,,,false,false,false,false,false,-83.13558,42.36737,"{
  ""coordinates"": [
    -8.313557981299989e+01,
    4.236736636300000e+01
  ],
  ""type"": ""Point""
}","{
  ""coordinates"": [
    -83.135579813,
    42.367366363
  ],
  ""type"": ""Point""
}",-83.1355798129999,42.367366363
16387,9234054,OUTER,PRAIRIE,2015-04-04,4,4,2015,14,7,4,9,,2,0,,1,1,1,35,2,2,3,5,0,0,0,0,true,,false,false,false,false,false,,,,,,false,true,false,,,false,false,false,false,false,-83.14594,42.43525,"{
  ""coordinates"": [
    -8.314594414399990e+01,
    4.243525186300010e+01
  ],
  ""type"": ""Point""
}","{
  ""coordinates"": [
    -83.145944144,
    42.435251863
  ],
  ""type"": ""Point""
}",-83.1459441439999,42.4352518630001
16388,9232186,RUSSELL,WILKINS,2015-04-04,4,4,2015,12,7,97,9,,4,0,,1,1,1,25,4,2,2,5,0,0,0,0,true,,false,false,true,false,false,,,,,,false,false,false,,,false,false,false,false,false,-83.04234,42.34916,"{
  ""coordinates"": [
    -8.304233373700001e+01,
    4.234915501700000e+01
  ],
  ""type"": ""Point""
}","{
  ""coordinates"": [
    -83.042333737,
    42.349155017
  ],
  ""type"": ""Point""
}",-83.042333737,42.349155017
16389,9242047,PHILADELPHIA,HOLMUR,2015-04-04,4,4,2015,17,7,4,9,,,0,,1,1,1,25,2,2,0,5,0,0,0,0,true,,true,false,true,false,false,,,,,,false,false,false,,,false,false,false,false,false,-83.11618,42.3638,"{
  ""coordinates"": [
    -8.311618056799990e+01,
    4.236380036100010e+01
  ],
  ""type"": ""Point""
}","{
  ""coordinates"": [
    -83.116180568,
    42.363800361
  ],
  ""type"": ""Point""
}",-83.1161805679999,42.3638003610001
16390,9231256,I96,EVERGREEN,2015-04-04,4,4,2015,2,7,1,1,,1,0,,1,1,4,70,3,1,1,5,0,0,0,0,true,,false,false,false,false,false,,,,,,false,false,true,,,false,false,false,false,false,-83.24757,42.38542,"{
  ""coordinates"": [
    -8.324757529599999e+01,
    4.238542325900000e+01
  ],
  ""type"": ""Point""
}","{
  ""coordinates"": [
    -83.247575296,
    42.385423259
  ],
  ""type"": ""Point""
}",-83.247575296,42.385423259
16391,9233012,CHICAGO,MANSFIELD,2015-04-03,3,4,2015,8,6,97,9,,4,0,,2,4,1,30,2,2,0,4,0,0,0,1,false,,false,false,true,false,false,,,,,,true,false,false,,,false,false,false,false,false,-83.20329,42.36528,"{
  ""coordinates"": [
    -8.320328569599999e+01,
    4.236528066300010e+01
  ],
  ""type"": ""Point""
}","{
  ""coordinates"": [
    -83.203285696,
    42.365280663
  ],
  ""type"": ""Point""
}",-83.203285696,42.3652806630001
16392,9234739,CASS,FOREST,2015-04-03,3,4,2015,13,6,5,9,,4,0,,1,1,1,30,8,2,0,5,0,0,0,0,true,,false,false,true,false,false,,,,,,false,false,false,,,false,false,false,false,false,-83.06538,42.35376,"{
  ""coordinates"": [
    -8.306538211700000e+01,
    4.235376335400010e+01
  ],
  ""type"": ""Point""
}","{
  ""coordinates"": [
    -83.065382117,
    42.353763354
  ],
  ""type"": ""Point""
}",-83.065382117,42.3537633540001
16393,9230855,GRATIOT,CONCORD,2015-04-03,3,4,2015,13,6,97,3,,1,0,,1,2,2,30,9,2,3,5,0,0,0,0,true,,false,false,false,false,false,,,,,,false,false,false,,,false,false,false,false,false,-83.02024,42.37043,"{
  ""coordinates"": [
    -8.302023903799990e+01,
    4.237043285700000e+01
  ],
  ""type"": ""Point""
}","{
  ""coordinates"": [
    -83.020239038,
    42.370432857
  ],
  ""type"": ""Point""
}",-83.0202390379999,42.370432857
16394,9304280,RIEDEN,VERNOR,2015-04-03,3,4,2015,17,6,97,9,,,0,,2,4,1,25,1,2,2,5,0,0,0,0,true,,false,false,true,false,false,,,,,,false,false,false,,,false,false,false,false,false,-83.12012,42.31446,"{
  ""coordinates"": [
    -8.312012149400000e+01,
    4.231445873300000e+01
  ],
  ""type"": ""Point""
}","{
  ""coordinates"": [
    -83.120121494,
    42.314458733
  ],
  ""type"": ""Point""
}",-83.120121494,42.314458733
16395,9230821,CURTIS,OAKFIELD,2015-04-03,3,4,2015,1,6,9,9,,,2,,1,1,5,35,2,2,2,3,0,0,1,1,false,,false,false,false,false,false,,,,,,false,false,false,,,false,false,false,false,false,-83.21477,42.42286,"{
  ""coordinates"": [
    -8.321476417500000e+01,
    4.242286371800000e+01
  ],
  ""type"": ""Point""
}","{
  ""coordinates"": [
    -83.214764175,
    42.422863718
  ],
  ""type"": ""Point""
}",-83.214764175,42.422863718
16396,9233008,GRAND RIVER,HEYDEN,2015-04-03,3,4,2015,10,6,4,3,,1,0,,1,1,1,40,6,2,2,5,0,0,0,0,true,,false,false,true,false,false,,,,,,false,false,false,,,false,false,false,false,false,-83.23945,42.40921,"{
  ""coordinates"": [
    -8.323944834799990e+01,
    4.240920848600010e+01
  ],
  ""type"": ""Point""
}","{
  ""coordinates"": [
    -83.239448348,
    42.409208486
  ],
  ""type"": ""Point""
}",-83.2394483479999,42.4092084860001
16397,9230866,MADDELEIN,HAYES,2015-04-03,3,4,2015,16,6,4,9,,,0,,1,1,1,25,2,2,5,4,0,0,0,2,false,,false,false,false,false,false,,,,,,false,false,true,,,false,false,false,false,false,-82.96548,42.43628,"{
  ""coordinates"": [
    -8.296547550600000e+01,
    4.243627694300010e+01
  ],
  ""type"": ""Point""
}","{
  ""coordinates"": [
    -82.965475506,
    42.436276943
  ],
  ""type"": ""Point""
}",-82.965475506,42.4362769430001
16398,9243459,GRAND RIVER,S M 10 SERVICE DRIVE,2015-04-03,3,4,2015,23,6,4,3,,1,0,,2,4,4,30,4,2,2,5,0,0,0,0,true,,false,false,false,false,false,,,,,,false,false,false,,,false,false,false,false,false,-83.06715,42.33975,"{
  ""coordinates"": [
    -8.306715593099990e+01,
    4.233974920000000e+01
  ],
  ""type"": ""Point""
}","{
  ""coordinates"": [
    -83.067155931,
    42.3397492
  ],
  ""type"": ""Point""
}",-83.0671559309999,42.3397492
16399,9230830,N I 75 SERVICE DRIVE,CLARK,2015-04-03,3,4,2015,6,6,9,7,,4,2,,1,3,4,25,3,2,2,5,0,0,0,0,true,,false,false,true,false,false,,,,,,false,false,false,,,false,false,false,false,false,-83.09068,42.31323,"{
  ""coordinates"": [
    -8.309068677600000e+01,
    4.231323172500000e+01
  ],
  ""type"": ""Point""
}","{
  ""coordinates"": [
    -83.090686776,
    42.313231725
  ],
  ""type"": ""Point""
}",-83.090686776,42.313231725
16400,9233013,7 MILE,ROSEMONT,2015-04-03,3,4,2015,23,6,3,9,,2,0,,2,4,4,35,4,2,3,3,0,0,1,0,false,,false,false,false,false,false,,,,,,false,false,true,,,false,false,false,false,false,-83.22173,42.42996,"{
  ""coordinates"": [
    -8.322173324800001e+01,
    4.242996385700010e+01
  ],
  ""type"": ""Point""
}","{
  ""coordinates"": [
    -83.221733248,
    42.429963857
  ],
  ""type"": ""Point""
}",-83.221733248,42.4299638570001
16401,9232974,SCHAEFER,JOY,2015-04-03,3,4,2015,20,6,4,9,,4,0,,2,4,4,35,8,2,8,5,0,0,0,0,true,,true,true,false,false,false,,,,,,false,false,false,,,false,false,false,false,false,-83.17749,42.35854,"{
  ""coordinates"": [
    -8.317748715000000e+01,
    4.235854497800010e+01
  ],
  ""type"": ""Point""
}","{
  ""coordinates"": [
    -83.17748715,
    42.358544978
  ],
  ""type"": ""Point""
}",-83.17748715,42.3585449780001
16402,9231304,RAMP 217F,E I 94,2015-04-03,3,4,2015,19,6,5,1,,1,0,,2,4,3,55,1,2,3,5,0,0,0,0,true,,false,false,false,false,false,,,,,,false,false,false,,,false,false,false,false,false,-83.03229,42.38039,"{
  ""coordinates"": [
    -8.303229046300000e+01,
    4.238039479800010e+01
  ],
  ""type"": ""Point""
}","{
  ""coordinates"": [
    -83.032290463,
    42.380394798
  ],
  ""type"": ""Point""
}",-83.032290463,42.3803947980001
16403,9230762,RAMP 041F,S I 75/GRATIOT,2015-04-03,3,4,2015,17,6,1,1,,1,1,,2,4,1,35,2,1,1,5,0,0,0,0,true,,false,false,false,false,false,,,,,,false,false,false,,,false,false,false,false,false,-83.03986,42.34503,"{
  ""coordinates"": [
    -8.303985580999991e+01,
    4.234502646900010e+01
  ],
  ""type"": ""Point""
}","{
  ""coordinates"": [
    -83.03985581,
    42.345026469
  ],
  ""type"": ""Point""
}",-83.0398558099999,42.3450264690001
16404,9252713,CENTRAL,MICHIGAN,2015-04-03,3,4,2015,12,6,2,2,,4,0,,1,1,1,30,2,2,2,5,0,0,0,0,true,,false,false,false,false,false,,,,,,false,false,false,,,false,false,false,false,false,-83.13759,42.33112,"{
  ""coordinates"": [
    -8.313759093999990e+01,
    4.233111476400010e+01
  ],
  ""type"": ""Point""
}","{
  ""coordinates"": [
    -83.13759094,
    42.331114764
  ],
  ""type"": ""Point""
}",-83.1375909399999,42.3311147640001
16405,9286191,14TH,MCGRAW,2015-04-03,3,4,2015,20,6,4,9,,4,0,,1,1,3,25,3,2,2,5,0,0,0,0,true,,false,false,true,false,false,,,,,,false,false,false,,,false,false,false,false,false,-83.09164,42.35806,"{
  ""coordinates"": [
    -8.309164055600000e+01,
    4.235805722900010e+01
  ],
  ""type"": ""Point""
}","{
  ""coordinates"": [
    -83.091640556,
    42.358057229
  ],
  ""type"": ""Point""
}",-83.091640556,42.3580572290001
16406,9233067,GIETZEN,DRESDEN,2015-04-03,3,4,2015,21,6,4,9,,,0,,2,4,4,25,2,2,1,5,0,0,0,0,true,,false,false,true,false,false,,,,,,false,false,false,,,false,false,false,false,false,-82.99937,42.42551,"{
  ""coordinates"": [
    -8.299936684399999e+01,
    4.242551284400000e+01
  ],
  ""type"": ""Point""
}","{
  ""coordinates"": [
    -82.999366844,
    42.425512844
  ],
  ""type"": ""Point""
}",-82.999366844,42.425512844
16407,9235747,MOUND,7 MILE,2015-04-03,3,4,2015,20,6,4,9,,2,0,,2,1,4,35,2,2,1,4,0,0,0,1,false,,true,true,true,false,false,,,,,,false,false,false,,,false,false,false,false,false,-83.04382,42.43358,"{
  ""coordinates"": [
    -8.304381512899990e+01,
    4.243357839100000e+01
  ],
  ""type"": ""Point""
}","{
  ""coordinates"": [
    -83.043815129,
    42.433578391
  ],
  ""type"": ""Point""
}",-83.0438151289999,42.433578391
16408,9234741,MICHIGAN,CLARK,2015-04-03,3,4,2015,22,6,5,2,,1,0,,2,1,4,35,3,2,3,5,0,0,0,0,true,,false,false,false,false,false,,,,,,false,false,true,,,false,false,false,false,false,-83.10246,42.33113,"{
  ""coordinates"": [
    -8.310246564200000e+01,
    4.233113639400010e+01
  ],
  ""type"": ""Point""
}","{
  ""coordinates"": [
    -83.102465642,
    42.331136394
  ],
  ""type"": ""Point""
}",-83.102465642,42.3311363940001
16409,9231279,MICHIGAN,CANADIAN NATIONAL RAILWAY,2015-04-03,3,4,2015,13,6,1,2,,1,1,,1,1,1,55,2,1,1,5,0,0,0,0,true,,false,false,false,false,false,,,,,,false,false,false,,,false,false,false,false,false,-83.10291,42.33129,"{
  ""coordinates"": [
    -8.310291065800000e+01,
    4.233129107700010e+01
  ],
  ""type"": ""Point""
}","{
  ""coordinates"": [
    -83.102910658,
    42.331291077
  ],
  ""type"": ""Point""
}",-83.102910658,42.3312910770001
16410,9231254,I-96,FULLERTON,2015-04-03,3,4,2015,18,6,1,1,,1,1,,2,4,1,55,4,1,1,5,0,0,0,0,true,,false,false,false,false,false,,,,,,false,false,false,,,false,false,false,false,false,-83.18829,42.38041,"{
  ""coordinates"": [
    -8.318828874000000e+01,
    4.238041030900010e+01
  ],
  ""type"": ""Point""
}","{
  ""coordinates"": [
    -83.18828874,
    42.380410309
  ],
  ""type"": ""Point""
}",-83.18828874,42.3804103090001
16411,9230826,WOODWARD,BALTIMORE,2015-04-03,3,4,2015,18,6,8,3,,1,0,,2,4,1,30,2,2,2,5,0,0,0,0,true,,false,false,true,false,false,,,,,,false,false,false,,,false,false,false,false,false,-83.07193,42.36816,"{
  ""coordinates"": [
    -8.307192700800000e+01,
    4.236816348000010e+01
  ],
  ""type"": ""Point""
}","{
  ""coordinates"": [
    -83.071927008,
    42.36816348
  ],
  ""type"": ""Point""
}",-83.071927008,42.3681634800001
16412,9230865,GOULBURN,MCNICHOLS,2015-04-03,3,4,2015,14,6,4,9,,,0,,1,1,1,25,2,2,5,3,0,0,2,0,false,,false,false,false,false,false,,,,,,false,false,true,,,false,false,false,false,false,-82.99322,42.4238,"{
  ""coordinates"": [
    -8.299321693000000e+01,
    4.242379946900010e+01
  ],
  ""type"": ""Point""
}","{
  ""coordinates"": [
    -82.99321693,
    42.423799469
  ],
  ""type"": ""Point""
}",-82.99321693,42.4237994690001
16413,9232185,SCHAEFER,FORT,2015-04-03,3,4,2015,20,6,7,7,,1,0,,2,4,4,35,6,2,3,5,0,0,0,0,true,,false,false,false,false,false,,,,,,false,false,true,,,false,false,false,false,false,-83.15552,42.27645,"{
  ""coordinates"": [
    -8.315551614799990e+01,
    4.227645484100000e+01
  ],
  ""type"": ""Point""
}","{
  ""coordinates"": [
    -83.155516148,
    42.276454841
  ],
  ""type"": ""Point""
}",-83.1555161479999,42.276454841
16414,9230850,WARREN,ST MARYS,2015-04-03,3,4,2015,22,6,4,9,,2,0,,2,4,4,35,4,2,2,4,0,0,0,1,false,,false,false,false,false,false,,,,,,false,false,false,,,false,false,false,false,false,-83.20364,42.34357,"{
  ""coordinates"": [
    -8.320363322999999e+01,
    4.234356817800010e+01
  ],
  ""type"": ""Point""
}","{
  ""coordinates"": [
    -83.20363323,
    42.343568178
  ],
  ""type"": ""Point""
}",-83.20363323,42.3435681780001
16415,9233103,KEELER,OHIO,2015-04-03,3,4,2015,18,6,4,9,,4,0,,1,1,2,25,2,2,2,5,0,0,0,0,true,,false,false,false,false,false,,,,,,false,false,false,,,false,false,false,false,false,-83.1554,42.40437,"{
  ""coordinates"": [
    -8.315539670399990e+01,
    4.240437358700010e+01
  ],
  ""type"": ""Point""
}","{
  ""coordinates"": [
    -83.155396704,
    42.404373587
  ],
  ""type"": ""Point""
}",-83.1553967039999,42.4043735870001
16416,9235752,7 MILE,EXETER,2015-04-03,3,4,2015,21,6,5,9,,4,0,,2,4,5,25,2,2,2,5,0,0,0,0,true,,false,false,false,false,false,,,,,,false,false,false,,,false,false,false,false,false,-83.105,42.43222,"{
  ""coordinates"": [
    -8.310499333699990e+01,
    4.243222397200000e+01
  ],
  ""type"": ""Point""
}","{
  ""coordinates"": [
    -83.104993337,
    42.432223972
  ],
  ""type"": ""Point""
}",-83.1049933369999,42.432223972
16417,9233089,HAYES,CARLISLE,2015-04-03,3,4,2015,2,6,4,9,,4,0,,1,1,5,30,4,2,2,5,0,0,0,0,true,,false,false,false,false,false,,,,,,false,false,true,,,false,false,false,false,false,-82.96605,42.44897,"{
  ""coordinates"": [
    -8.296604846600000e+01,
    4.244897037500000e+01
  ],
  ""type"": ""Point""
}","{
  ""coordinates"": [
    -82.966048466,
    42.448970375
  ],
  ""type"": ""Point""
}",-82.966048466,42.448970375
16418,9230827,JOHN R,KENILWORTH,2015-04-03,3,4,2015,12,6,4,9,,4,0,,1,2,1,30,5,2,2,5,0,0,0,0,true,,false,false,false,false,false,,,,,,false,true,false,,,false,false,false,false,false,-83.07974,42.38546,"{
  ""coordinates"": [
    -8.307974419899990e+01,
    4.238545463100010e+01
  ],
  ""type"": ""Point""
}","{
  ""coordinates"": [
    -83.079744199,
    42.385454631
  ],
  ""type"": ""Point""
}",-83.0797441989999,42.3854546310001
16419,9233110,MCNICHOLS,WARD,2015-04-03,3,4,2015,16,6,8,9,,2,0,,2,2,1,30,4,2,3,5,0,0,0,0,true,,false,false,false,false,false,,,,,,false,false,false,,,false,false,false,false,false,-83.17464,42.41663,"{
  ""coordinates"": [
    -8.317464452999999e+01,
    4.241662429200010e+01
  ],
  ""type"": ""Point""
}","{
  ""coordinates"": [
    -83.17464453,
    42.416624292
  ],
  ""type"": ""Point""
}",-83.17464453,42.4166242920001
16420,9234053,S M 10,MEYERS,2015-04-03,3,4,2015,21,6,4,3,,1,0,,2,4,4,0,3,2,3,5,0,0,0,0,true,,false,false,false,false,false,,,,,,false,false,true,,,false,false,false,false,false,-83.16995,42.41414,"{
  ""coordinates"": [
    -8.316995384499999e+01,
    4.241414008700010e+01
  ],
  ""type"": ""Point""
}","{
  ""coordinates"": [
    -83.169953845,
    42.414140087
  ],
  ""type"": ""Point""
}",-83.169953845,42.4141400870001
16421,9230849,WARREN,ROSEMONT,2015-04-03,3,4,2015,17,6,3,9,,2,0,,2,1,1,35,4,2,5,5,0,0,0,0,true,,false,false,false,false,false,,,,,,false,false,true,,,false,false,false,false,false,-83.2184,42.34335,"{
  ""coordinates"": [
    -8.321840035500000e+01,
    4.234334633600000e+01
  ],
  ""type"": ""Point""
}","{
  ""coordinates"": [
    -83.218400355,
    42.343346336
  ],
  ""type"": ""Point""
}",-83.218400355,42.343346336
16422,9233901,BRINGARD,HICKORY,2015-04-03,3,4,2015,2,6,1,9,,,0,,1,2,4,25,2,1,3,5,0,0,0,0,true,,false,false,true,false,false,,,,,,false,false,true,,,false,false,false,false,false,-82.9878,42.44576,"{
  ""coordinates"": [
    -8.298780341400000e+01,
    4.244575826100000e+01
  ],
  ""type"": ""Point""
}","{
  ""coordinates"": [
    -82.987803414,
    42.445758261
  ],
  ""type"": ""Point""
}",-82.987803414,42.445758261
16423,9232981,EVERGREEN,SEVEN MILE,2015-04-03,3,4,2015,14,6,8,9,,4,0,,1,1,1,35,2,2,2,5,0,0,0,0,true,,false,false,false,false,false,,,,,,false,false,false,,,false,false,false,false,false,-83.2388,42.42847,"{
  ""coordinates"": [
    -8.323879628500001e+01,
    4.242846894300000e+01
  ],
  ""type"": ""Point""
}","{
  ""coordinates"": [
    -83.238796285,
    42.428468943
  ],
  ""type"": ""Point""
}",-83.238796285,42.428468943
16424,9230872,GRAND,14TH,2015-04-03,3,4,2015,16,6,7,9,,,0,,2,4,1,30,2,2,1,5,0,0,0,0,true,,false,false,true,false,false,,,,,,false,false,true,,,false,false,false,false,false,-83.1172,42.3968,"{
  ""coordinates"": [
    -8.311720508300000e+01,
    4.239680468400010e+01
  ],
  ""type"": ""Point""
}","{
  ""coordinates"": [
    -83.117205083,
    42.396804684
  ],
  ""type"": ""Point""
}",-83.117205083,42.3968046840001
16425,9231251,M-10,7 MILE,2015-04-03,3,4,2015,10,6,8,3,,1,0,,1,2,1,55,3,2,2,4,0,0,0,2,false,,false,false,true,false,false,,,,,,false,false,false,,,false,false,false,false,false,-83.18761,42.43125,"{
  ""coordinates"": [
    -8.318760966799989e+01,
    4.243125273900010e+01
  ],
  ""type"": ""Point""
}","{
  ""coordinates"": [
    -83.187609668,
    42.431252739
  ],
  ""type"": ""Point""
}",-83.1876096679999,42.4312527390001