ObjectId,Crash ID,Primary Road,Intersecting Road,Crash Date,Day,Month,Year,Hour,Weekday,Crash Type Code,Highway Classification Code,Community Code,Jurisdiction Code,Lane Departure Type Code,Surface Type,Road Condition,Weather Condition,Lighting Condition,Speed Limit,Lanes,Units,Occupants,Most Severe Injury,Fatal Injuries,Suspected Serious Injuries,Suspected Minor Injuries,Possible Injuries,Property Damage Only,Secondary Crash,Traffic Control,Red Light Run,Hit and Run,Alcohol,Drugs,Unbelted Person,Work Zone,Speeding Driver,Distracted Driver,Driveway,Pedestrian,Elderly Driver,Young Driver,Commercial Vehicle,Emergency Vehicles,Train,School Bus,Motorcycle,Bicycle,Deer,Longitude,Latitude,geom,geog,x,y
16655,9229972,LARNED,CHENE,2015-03-30,30,3,2015,6,2,6,9,,4,0,,1,1,1,35,3,2,3,5,0,0,0,0,true,,false,false,false,false,false,,,,,,false,true,true,,,false,false,false,false,false,-83.02338,42.33902,"{
  ""coordinates"": [
    -8.302338310200000e+01,
    4.233902387300000e+01
  ],
  ""type"": ""Point""
}","{
  ""coordinates"": [
    -83.023383102,
    42.339023873
  ],
  ""type"": ""Point""
}",-83.023383102,42.339023873
16656,9229934,MOFFAT,SEMINOLE,2015-03-30,30,3,2015,17,2,4,9,,,0,,1,1,1,25,2,2,3,5,0,0,0,0,true,,true,false,false,false,false,,,,,,false,true,false,,,false,false,false,false,false,-83.01144,42.37957,"{
  ""coordinates"": [
    -8.301144008599989e+01,
    4.237957232700010e+01
  ],
  ""type"": ""Point""
}","{
  ""coordinates"": [
    -83.011440086,
    42.379572327
  ],
  ""type"": ""Point""
}",-83.0114400859999,42.3795723270001
16657,9230835,APPLE,MICHIGAN,2015-03-30,30,3,2015,19,2,4,2,,,0,,1,1,3,25,2,2,1,5,0,0,0,0,true,,false,false,true,false,false,,,,,,false,false,true,,,false,false,false,false,false,-83.12943,42.33112,"{
  ""coordinates"": [
    -8.312943463499990e+01,
    4.233111991700010e+01
  ],
  ""type"": ""Point""
}","{
  ""coordinates"": [
    -83.129434635,
    42.331119917
  ],
  ""type"": ""Point""
}",-83.1294346349999,42.3311199170001
16658,9232989,CONGRESS,WASHINGTON,2015-03-30,30,3,2015,16,2,4,9,,4,0,,1,1,1,25,3,2,2,5,0,0,0,0,true,,false,false,false,false,false,,,,,,false,false,false,,,false,false,false,false,false,-83.04919,42.32874,"{
  ""coordinates"": [
    -8.304919638900000e+01,
    4.232874033700010e+01
  ],
  ""type"": ""Point""
}","{
  ""coordinates"": [
    -83.049196389,
    42.328740337
  ],
  ""type"": ""Point""
}",-83.049196389,42.3287403370001
16659,9234744,PRENTIS,2ND,2015-03-30,30,3,2015,7,2,4,9,,,0,,1,1,1,0,2,2,2,5,0,0,0,0,true,,false,false,false,false,false,,,,,,false,false,false,,,false,false,false,false,false,-83.06786,42.35206,"{
  ""coordinates"": [
    -8.306786695100000e+01,
    4.235206215600000e+01
  ],
  ""type"": ""Point""
}","{
  ""coordinates"": [
    -83.067866951,
    42.352062156
  ],
  ""type"": ""Point""
}",-83.067866951,42.352062156
16660,9227253,I-94,VAN DYKE,2015-03-30,30,3,2015,19,2,5,1,,1,0,,1,1,1,55,3,2,2,5,0,0,0,0,true,,false,false,true,false,false,,,,,,false,false,true,,,false,false,false,false,false,-83.0121,42.3893,"{
  ""coordinates"": [
    -8.301210045099999e+01,
    4.238930259100000e+01
  ],
  ""type"": ""Point""
}","{
  ""coordinates"": [
    -83.012100451,
    42.389302591
  ],
  ""type"": ""Point""
}",-83.012100451,42.389302591
16661,9227543,BEAUBIEN,CONGRESS,2015-03-30,30,3,2015,8,2,8,9,,4,0,,1,1,1,30,2,2,2,5,0,0,0,0,true,,false,false,false,false,false,,,,,,false,false,false,,,false,false,false,false,false,-83.04071,42.33224,"{
  ""coordinates"": [
    -8.304071384799990e+01,
    4.233224065800000e+01
  ],
  ""type"": ""Point""
}","{
  ""coordinates"": [
    -83.040713848,
    42.332240658
  ],
  ""type"": ""Point""
}",-83.0407138479999,42.332240658
16662,9416001,CASS,CHARLOTTE,2015-03-30,30,3,2015,14,2,5,9,,4,0,,1,1,1,30,4,2,2,5,0,0,0,0,true,,false,false,false,false,false,,,,,,false,false,false,,,false,false,false,false,false,-83.05923,42.34298,"{
  ""coordinates"": [
    -8.305922965100000e+01,
    4.234297530200010e+01
  ],
  ""type"": ""Point""
}","{
  ""coordinates"": [
    -83.059229651,
    42.342975302
  ],
  ""type"": ""Point""
}",-83.059229651,42.3429753020001
16663,9229986,RYAN,8 MILE,2015-03-30,30,3,2015,9,2,5,3,,4,0,,1,1,4,30,4,2,1,5,0,0,0,0,true,,false,false,false,false,false,,,,,,false,false,false,,,false,false,false,false,false,-83.06387,42.44721,"{
  ""coordinates"": [
    -8.306386677200000e+01,
    4.244721331700000e+01
  ],
  ""type"": ""Point""
}","{
  ""coordinates"": [
    -83.063866772,
    42.447213317
  ],
  ""type"": ""Point""
}",-83.063866772,42.447213317
16664,9229963,DEQUNDRE,ROBINWOOD,2015-03-30,30,3,2015,15,2,4,9,,4,0,,1,1,1,30,2,2,2,5,0,0,0,0,true,,true,false,true,false,false,,,,,,false,false,true,,,false,false,false,false,false,-83.08278,42.43048,"{
  ""coordinates"": [
    -8.308277608400000e+01,
    4.243047922300010e+01
  ],
  ""type"": ""Point""
}","{
  ""coordinates"": [
    -83.082776084,
    42.430479223
  ],
  ""type"": ""Point""
}",-83.082776084,42.4304792230001
16665,9232992,WARREN,NOTTINGHAM,2015-03-30,30,3,2015,8,2,8,9,,4,0,,1,1,1,30,6,2,3,5,0,0,0,0,true,,false,false,true,false,false,,,,,,false,false,true,,,false,false,false,false,false,-82.9488,42.39911,"{
  ""coordinates"": [
    -8.294879755300001e+01,
    4.239911244200000e+01
  ],
  ""type"": ""Point""
}","{
  ""coordinates"": [
    -82.948797553,
    42.399112442
  ],
  ""type"": ""Point""
}",-82.948797553,42.399112442
16666,9235745,MT ELLIOTT,CASMERE,2015-03-30,30,3,2015,4,2,97,9,,4,1,,1,1,4,35,2,1,0,5,0,0,0,0,true,,false,false,true,false,false,,,,,,false,false,false,,,false,false,false,false,false,-83.03838,42.40875,"{
  ""coordinates"": [
    -8.303838689100000e+01,
    4.240874837600010e+01
  ],
  ""type"": ""Point""
}","{
  ""coordinates"": [
    -83.038386891,
    42.408748376
  ],
  ""type"": ""Point""
}",-83.038386891,42.4087483760001
16667,9233095,WALTHAM,EASTWOOD,2015-03-30,30,3,2015,13,2,4,9,,,0,,1,1,1,25,2,2,3,5,0,0,0,0,true,,false,false,false,false,false,,,,,,false,false,false,,,false,false,false,false,false,-82.99477,42.43289,"{
  ""coordinates"": [
    -8.299477701799999e+01,
    4.243289116100000e+01
  ],
  ""type"": ""Point""
}","{
  ""coordinates"": [
    -82.994777018,
    42.432891161
  ],
  ""type"": ""Point""
}",-82.994777018,42.432891161
16668,9227645,8 MILE,MEYERS,2015-03-30,30,3,2015,10,2,4,3,,1,0,,1,1,1,40,4,2,3,3,0,0,1,0,false,,false,false,false,false,false,,,,,,false,false,false,,,false,false,false,false,false,-83.17125,42.4454,"{
  ""coordinates"": [
    -8.317124620399990e+01,
    4.244539759400000e+01
  ],
  ""type"": ""Point""
}","{
  ""coordinates"": [
    -83.171246204,
    42.445397594
  ],
  ""type"": ""Point""
}",-83.1712462039999,42.445397594
16669,9308592,HARPER,DICKERSON,2015-03-30,30,3,2015,18,2,5,9,,4,0,,1,1,1,30,4,2,1,5,0,0,0,0,true,,false,false,false,false,false,,,,,,false,false,false,,,false,false,false,false,false,-82.97325,42.40211,"{
  ""coordinates"": [
    -8.297325169800000e+01,
    4.240211665600000e+01
  ],
  ""type"": ""Point""
}","{
  ""coordinates"": [
    -82.973251698,
    42.402116656
  ],
  ""type"": ""Point""
}",-82.973251698,42.402116656
16670,9227633,LINWOOD,FENKELL,2015-03-30,30,3,2015,12,2,4,9,,7,0,,1,1,1,30,2,2,3,5,0,0,0,0,true,,true,true,false,false,false,,,,,,false,true,false,,,false,false,false,false,false,-83.12724,42.40295,"{
  ""coordinates"": [
    -8.312723896100000e+01,
    4.240294975900010e+01
  ],
  ""type"": ""Point""
}","{
  ""coordinates"": [
    -83.127238961,
    42.402949759
  ],
  ""type"": ""Point""
}",-83.127238961,42.4029497590001
16671,9227651,PREVOST,GROVE,2015-03-30,30,3,2015,6,2,97,9,,,0,,1,1,2,15,3,2,0,5,0,0,0,0,true,,false,false,false,false,false,,,,,,false,false,false,,,false,false,false,false,false,-83.20345,42.41434,"{
  ""coordinates"": [
    -8.320344626799989e+01,
    4.241433542800010e+01
  ],
  ""type"": ""Point""
}","{
  ""coordinates"": [
    -83.203446268,
    42.414335428
  ],
  ""type"": ""Point""
}",-83.2034462679999,42.4143354280001
16672,9227615,PURITAN,MURRAY,2015-03-30,30,3,2015,0,2,4,9,,4,0,,1,1,4,30,2,2,2,4,0,0,0,1,false,,false,false,true,false,false,,,,,,false,false,true,,,false,false,false,false,false,-83.20766,42.40858,"{
  ""coordinates"": [
    -8.320765669199990e+01,
    4.240857842200010e+01
  ],
  ""type"": ""Point""
}","{
  ""coordinates"": [
    -83.207656692,
    42.408578422
  ],
  ""type"": ""Point""
}",-83.2076566919999,42.4085784220001
16673,9227613,FIELDING,KEELER,2015-03-30,30,3,2015,10,2,4,9,,,0,,1,1,1,25,1,2,3,4,0,0,0,1,false,,false,false,false,false,false,,,,,,false,false,true,,,false,false,false,false,false,-83.2427,42.40238,"{
  ""coordinates"": [
    -8.324270124899989e+01,
    4.240237993300010e+01
  ],
  ""type"": ""Point""
}","{
  ""coordinates"": [
    -83.242701249,
    42.402379933
  ],
  ""type"": ""Point""
}",-83.2427012489999,42.4023799330001
16674,9227254,W I 96,FULLERTON,2015-03-30,30,3,2015,20,2,1,1,,1,1,,1,1,4,70,5,1,1,2,0,1,1,1,false,,false,false,false,false,false,,,,,,false,false,true,,,false,false,false,false,false,-83.1467,42.38115,"{
  ""coordinates"": [
    -8.314670087000000e+01,
    4.238115003700010e+01
  ],
  ""type"": ""Point""
}","{
  ""coordinates"": [
    -83.14670087,
    42.381150037
  ],
  ""type"": ""Point""
}",-83.14670087,42.3811500370001
16675,9228242,S M 39 SERVICE DRIVE,RAMP 006C,2015-03-30,30,3,2015,11,2,5,9,,4,0,,1,1,1,25,2,2,2,5,0,0,0,0,true,,false,false,false,false,false,,,,,,false,false,false,,,false,false,false,false,false,-83.21658,42.34545,"{
  ""coordinates"": [
    -8.321657414700000e+01,
    4.234544795100000e+01
  ],
  ""type"": ""Point""
}","{
  ""coordinates"": [
    -83.216574147,
    42.345447951
  ],
  ""type"": ""Point""
}",-83.216574147,42.345447951
16676,9229987,DEAN,OUTER,2015-03-30,30,3,2015,8,2,1,9,,,1,,1,1,1,30,1,1,3,2,0,2,0,1,false,,false,false,false,false,false,,,,,,false,false,false,,,false,false,false,false,false,-83.06248,42.44006,"{
  ""coordinates"": [
    -8.306248741699990e+01,
    4.244006504900010e+01
  ],
  ""type"": ""Point""
}","{
  ""coordinates"": [
    -83.062487417,
    42.440065049
  ],
  ""type"": ""Point""
}",-83.0624874169999,42.4400650490001
16677,9227632,DAVISON,LASALLE,2015-03-30,30,3,2015,17,2,8,3,,1,0,,1,1,1,35,2,2,1,5,0,0,0,0,true,,false,false,false,false,false,,,,,,false,false,false,,,false,false,false,false,false,-83.11916,42.39408,"{
  ""coordinates"": [
    -8.311915971000001e+01,
    4.239407935200010e+01
  ],
  ""type"": ""Point""
}","{
  ""coordinates"": [
    -83.11915971,
    42.394079352
  ],
  ""type"": ""Point""
}",-83.11915971,42.3940793520001
16678,9227558,FERRY PARK,ROSA PARKS,2015-03-30,30,3,2015,9,2,97,9,,,0,,1,1,1,25,2,2,7,5,0,0,0,0,true,,false,false,false,false,false,,,,,,false,true,false,,,false,false,false,false,false,-83.09003,42.36254,"{
  ""coordinates"": [
    -8.309002655800001e+01,
    4.236254087500000e+01
  ],
  ""type"": ""Point""
}","{
  ""coordinates"": [
    -83.090026558,
    42.362540875
  ],
  ""type"": ""Point""
}",-83.090026558,42.362540875
16679,9229968,DEQUINDRE,MCPHERSON,2015-03-30,30,3,2015,11,2,5,9,,4,0,,1,1,1,25,2,2,3,4,0,0,0,3,false,,false,false,true,false,false,,,,,,false,false,false,,,false,false,false,false,false,-83.07268,42.40421,"{
  ""coordinates"": [
    -8.307267502199990e+01,
    4.240420506800010e+01
  ],
  ""type"": ""Point""
}","{
  ""coordinates"": [
    -83.072675022,
    42.404205068
  ],
  ""type"": ""Point""
}",-83.0726750219999,42.4042050680001
16680,9227583,WARREN,N M 39,2015-03-29,29,3,2015,21,1,1,9,,2,0,,1,1,4,35,2,1,1,5,0,0,0,0,true,,false,false,false,false,false,,,,,,false,false,false,,,false,false,false,false,false,-83.216,42.34337,"{
  ""coordinates"": [
    -8.321599504300001e+01,
    4.234336923500010e+01
  ],
  ""type"": ""Point""
}","{
  ""coordinates"": [
    -83.215995043,
    42.343369235
  ],
  ""type"": ""Point""
}",-83.215995043,42.3433692350001
16681,9286300,JOY,ESPER,2015-03-29,29,3,2015,2,1,1,9,,4,0,,1,1,5,35,2,1,1,5,0,0,0,0,true,,false,false,false,false,false,,,,,,false,false,false,,,false,false,false,false,false,-83.15804,42.35888,"{
  ""coordinates"": [
    -8.315803302499999e+01,
    4.235888345700000e+01
  ],
  ""type"": ""Point""
}","{
  ""coordinates"": [
    -83.158033025,
    42.358883457
  ],
  ""type"": ""Point""
}",-83.158033025,42.358883457
16682,9404453,GRAND RIVER,COMMONWEALTH,2015-03-29,29,3,2015,0,1,4,3,,1,0,,1,1,4,30,7,2,4,3,0,0,3,0,false,,false,false,false,false,false,,,,,,false,false,true,,,false,false,false,false,false,-83.07498,42.34292,"{
  ""coordinates"": [
    -8.307498546399999e+01,
    4.234292069900000e+01
  ],
  ""type"": ""Point""
}","{
  ""coordinates"": [
    -83.074985464,
    42.342920699
  ],
  ""type"": ""Point""
}",-83.074985464,42.342920699
16683,9229857,M-10,MEYERS,2015-03-29,29,3,2015,3,1,1,3,,1,1,,1,1,4,55,3,1,2,5,0,0,0,0,true,,false,false,false,false,false,,,,,,false,false,false,,,false,false,false,false,false,-83.16697,42.4113,"{
  ""coordinates"": [
    -8.316697308700000e+01,
    4.241130433500010e+01
  ],
  ""type"": ""Point""
}","{
  ""coordinates"": [
    -83.166973087,
    42.411304335
  ],
  ""type"": ""Point""
}",-83.166973087,42.4113043350001
16684,9231417,FENKELL,MEYERS,2015-03-29,29,3,2015,2,1,4,9,,2,0,,1,1,5,35,2,2,3,4,0,0,0,1,false,,false,false,false,false,false,,,,,,false,false,false,,,false,false,false,false,false,-83.16949,42.40223,"{
  ""coordinates"": [
    -8.316949235500000e+01,
    4.240222612100010e+01
  ],
  ""type"": ""Point""
}","{
  ""coordinates"": [
    -83.169492355,
    42.402226121
  ],
  ""type"": ""Point""
}",-83.169492355,42.4022261210001
16685,9233039,7 MILE,MACCRARY,2015-03-29,29,3,2015,14,1,1,9,,2,1,,1,1,1,30,4,1,1,5,0,0,0,0,true,,false,false,false,false,false,,,,,,false,false,false,,,false,false,false,false,false,-82.97038,42.43528,"{
  ""coordinates"": [
    -8.297037874499991e+01,
    4.243527500600000e+01
  ],
  ""type"": ""Point""
}","{
  ""coordinates"": [
    -82.970378745,
    42.435275006
  ],
  ""type"": ""Point""
}",-82.9703787449999,42.435275006
16686,9227654,S I 75 SERVICE DRIVE,GRAND RIVER,2015-03-29,29,3,2015,3,1,5,3,,5,0,,1,1,5,25,3,2,1,5,0,0,0,0,true,,false,false,true,false,false,,,,,,false,false,true,,,false,false,false,false,false,-83.05998,42.33679,"{
  ""coordinates"": [
    -8.305998119899991e+01,
    4.233678997700010e+01
  ],
  ""type"": ""Point""
}","{
  ""coordinates"": [
    -83.059981199,
    42.336789977
  ],
  ""type"": ""Point""
}",-83.0599811989999,42.3367899770001
16687,9228241,ST MARYS,PICKFORD,2015-03-29,29,3,2015,11,1,5,9,,,0,,1,1,1,25,2,2,0,5,0,0,0,0,true,,false,false,true,false,false,,,,,,false,false,false,,,false,false,false,false,false,-83.2072,42.42474,"{
  ""coordinates"": [
    -8.320719753299990e+01,
    4.242474141900000e+01
  ],
  ""type"": ""Point""
}","{
  ""coordinates"": [
    -83.207197533,
    42.424741419
  ],
  ""type"": ""Point""
}",-83.2071975329999,42.424741419
16688,9227634,GLENDALE,LINWOOD,2015-03-29,29,3,2015,13,1,8,9,,,0,,1,1,1,25,2,2,0,5,0,0,0,0,true,,false,false,true,false,false,,,,,,false,false,true,,,false,false,false,false,false,-83.12044,42.39005,"{
  ""coordinates"": [
    -8.312043541500000e+01,
    4.239005088800010e+01
  ],
  ""type"": ""Point""
}","{
  ""coordinates"": [
    -83.120435415,
    42.390050888
  ],
  ""type"": ""Point""
}",-83.120435415,42.3900508880001
16689,9234035,I 94,I 96,2015-03-29,29,3,2015,7,1,1,1,,1,1,,1,1,1,55,4,1,2,5,0,0,0,0,true,,false,false,false,false,false,,,,,,false,true,false,,,false,false,false,false,false,-83.09891,42.35029,"{
  ""coordinates"": [
    -8.309891014800000e+01,
    4.235029345200010e+01
  ],
  ""type"": ""Point""
}","{
  ""coordinates"": [
    -83.098910148,
    42.350293452
  ],
  ""type"": ""Point""
}",-83.098910148,42.3502934520001
16690,9237808,28TH,HERBERT,2015-03-29,29,3,2015,10,1,97,9,,,0,,1,2,1,25,2,2,1,5,0,0,0,0,true,,false,false,true,false,false,,,,,,false,false,false,,,false,false,false,false,false,-83.11258,42.34196,"{
  ""coordinates"": [
    -8.311257560599999e+01,
    4.234196563800000e+01
  ],
  ""type"": ""Point""
}","{
  ""coordinates"": [
    -83.112575606,
    42.341965638
  ],
  ""type"": ""Point""
}",-83.112575606,42.341965638
16691,9229103,W/B I94,GRATIOT,2015-03-29,29,3,2015,16,1,1,1,,1,1,,1,1,1,55,3,1,1,5,0,0,0,0,true,,false,false,false,false,false,,,,,,false,false,false,,,false,false,false,false,false,-83.00809,42.39101,"{
  ""coordinates"": [
    -8.300808408400000e+01,
    4.239100576900010e+01
  ],
  ""type"": ""Point""
}","{
  ""coordinates"": [
    -83.008084084,
    42.391005769
  ],
  ""type"": ""Point""
}",-83.008084084,42.3910057690001
16692,9230852,GREENFIELD,PLYMOUTH,2015-03-29,29,3,2015,3,1,97,9,,2,0,,1,2,4,0,6,2,1,5,0,0,0,0,true,,false,false,true,false,false,,,,,,false,false,false,,,false,false,false,false,false,-83.19756,42.37269,"{
  ""coordinates"": [
    -8.319755730100000e+01,
    4.237268932600010e+01
  ],
  ""type"": ""Point""
}","{
  ""coordinates"": [
    -83.197557301,
    42.372689326
  ],
  ""type"": ""Point""
}",-83.197557301,42.3726893260001
16693,9229959,OUTER,SUNSET,2015-03-29,29,3,2015,22,1,4,9,,2,0,,1,2,5,35,4,2,10,5,0,0,0,0,true,,false,false,true,false,false,,,,,,false,false,false,,,false,false,false,false,false,-83.06136,42.44037,"{
  ""coordinates"": [
    -8.306135452300001e+01,
    4.244037002000000e+01
  ],
  ""type"": ""Point""
}","{
  ""coordinates"": [
    -83.061354523,
    42.44037002
  ],
  ""type"": ""Point""
}",-83.061354523,42.44037002
16694,9233064,7 MILE,CHALMERS,2015-03-29,29,3,2015,14,1,5,9,,2,0,,1,1,1,30,4,2,6,5,0,0,0,0,true,,false,false,false,false,false,,,,,,false,false,true,,,false,false,false,false,false,-82.97521,42.43513,"{
  ""coordinates"": [
    -8.297521239799990e+01,
    4.243513305900010e+01
  ],
  ""type"": ""Point""
}","{
  ""coordinates"": [
    -82.975212398,
    42.435133059
  ],
  ""type"": ""Point""
}",-82.9752123979999,42.4351330590001
16695,9235707,TELEGRAPH,GRAND RIVER,2015-03-29,29,3,2015,0,1,4,2,,1,0,,1,1,4,35,3,2,3,5,0,0,0,0,true,,false,false,true,false,false,,,,,,false,false,true,,,false,false,false,false,false,-83.27781,42.42441,"{
  ""coordinates"": [
    -8.327780753499999e+01,
    4.242441240400010e+01
  ],
  ""type"": ""Point""
}","{
  ""coordinates"": [
    -83.277807535,
    42.424412404
  ],
  ""type"": ""Point""
}",-83.277807535,42.4244124040001
16696,9237791,KEELER,PREST,2015-03-29,29,3,2015,13,1,4,9,,,0,,1,1,1,25,1,2,3,4,0,0,0,2,false,,false,false,false,false,false,,,,,,false,true,true,,,false,false,false,false,false,-83.1976,42.40334,"{
  ""coordinates"": [
    -8.319760087600000e+01,
    4.240334049400010e+01
  ],
  ""type"": ""Point""
}","{
  ""coordinates"": [
    -83.197600876,
    42.403340494
  ],
  ""type"": ""Point""
}",-83.197600876,42.4033404940001
16697,9227642,GREENFIELD,PEMBROKE,2015-03-29,29,3,2015,0,1,4,9,,2,0,,1,1,4,35,4,2,3,5,0,0,0,0,true,,false,false,false,false,false,,,,,,false,false,true,,,false,false,false,false,false,-83.20017,42.43762,"{
  ""coordinates"": [
    -8.320016929000001e+01,
    4.243762261800000e+01
  ],
  ""type"": ""Point""
}","{
  ""coordinates"": [
    -83.20016929,
    42.437622618
  ],
  ""type"": ""Point""
}",-83.20016929,42.437622618
16698,9229946,EMERY,LUMPKIN,2015-03-29,29,3,2015,14,1,4,9,,,0,,1,1,1,25,2,2,3,4,0,0,0,1,false,,false,false,false,false,false,,,,,,false,false,false,,,false,false,false,false,false,-83.0806,42.43541,"{
  ""coordinates"": [
    -8.308060497299989e+01,
    4.243540535200000e+01
  ],
  ""type"": ""Point""
}","{
  ""coordinates"": [
    -83.080604973,
    42.435405352
  ],
  ""type"": ""Point""
}",-83.0806049729999,42.435405352
16699,9235697,EVERGREEN,LYNDON,2015-03-29,29,3,2015,1,1,6,9,,4,0,,1,1,4,35,2,2,1,5,0,0,0,0,true,,false,false,true,false,false,,,,,,false,true,false,,,false,false,false,false,false,-83.23713,42.39346,"{
  ""coordinates"": [
    -8.323712877400000e+01,
    4.239346175300010e+01
  ],
  ""type"": ""Point""
}","{
  ""coordinates"": [
    -83.237128774,
    42.393461753
  ],
  ""type"": ""Point""
}",-83.237128774,42.3934617530001
16700,9237786,SORRENTO,ELLIS,2015-03-29,29,3,2015,15,1,4,9,,,0,,1,1,1,25,1,2,1,5,0,0,0,0,true,,false,false,false,false,false,,,,,,false,false,false,,,false,false,false,false,false,-83.17149,42.36093,"{
  ""coordinates"": [
    -8.317148249600000e+01,
    4.236093141500000e+01
  ],
  ""type"": ""Point""
}","{
  ""coordinates"": [
    -83.171482496,
    42.360931415
  ],
  ""type"": ""Point""
}",-83.171482496,42.360931415
16701,9227606,7 MILE,FERGUSON,2015-03-29,29,3,2015,2,1,5,9,,2,0,,1,1,4,35,4,2,2,5,0,0,0,0,true,,false,false,true,false,false,,,,,,false,false,false,,,false,false,false,false,false,-83.21045,42.43026,"{
  ""coordinates"": [
    -8.321044578199999e+01,
    4.243025802100000e+01
  ],
  ""type"": ""Point""
}","{
  ""coordinates"": [
    -83.210445782,
    42.430258021
  ],
  ""type"": ""Point""
}",-83.210445782,42.430258021
16702,9227285,GRATIOT,MAPLE,2015-03-29,29,3,2015,1,1,1,3,,1,1,,1,98,4,30,2,1,2,5,0,0,0,0,true,,false,false,false,false,false,,,,,,false,false,false,,,false,false,false,false,false,-83.04067,42.34101,"{
  ""coordinates"": [
    -8.304067572100000e+01,
    4.234101140900000e+01
  ],
  ""type"": ""Point""
}","{
  ""coordinates"": [
    -83.040675721,
    42.341011409
  ],
  ""type"": ""Point""
}",-83.040675721,42.341011409
16703,9237782,RAMP 104A,S M 10,2015-03-29,29,3,2015,1,1,5,3,,1,0,,1,1,4,40,2,2,2,5,0,0,0,0,true,,false,false,true,false,false,,,,,,false,false,false,,,false,false,false,false,false,-83.16765,42.41187,"{
  ""coordinates"": [
    -8.316764591600000e+01,
    4.241187143600010e+01
  ],
  ""type"": ""Point""
}","{
  ""coordinates"": [
    -83.167645916,
    42.411871436
  ],
  ""type"": ""Point""
}",-83.167645916,42.4118714360001
16704,9227647,3440 SANTA MARIA,BELDEN,2015-03-29,29,3,2015,3,1,2,9,,,2,,1,1,4,30,1,2,0,5,0,0,0,0,true,,false,false,true,false,false,,,,,,false,false,false,,,false,false,false,false,false,-83.13602,42.41919,"{
  ""coordinates"": [
    -8.313601390100000e+01,
    4.241918710800010e+01
  ],
  ""type"": ""Point""
}","{
  ""coordinates"": [
    -83.136013901,
    42.419187108
  ],
  ""type"": ""Point""
}",-83.136013901,42.4191871080001
16705,9227588,LOGACRE,ACACIA,2015-03-29,29,3,2015,1,1,2,9,,,2,,1,1,4,25,1,3,2,5,0,0,0,0,true,,false,false,true,false,false,,,,,,false,false,false,,,false,false,false,false,false,-83.21469,42.3895,"{
  ""coordinates"": [
    -8.321468880899990e+01,
    4.238949428600010e+01
  ],
  ""type"": ""Point""
}","{
  ""coordinates"": [
    -83.214688809,
    42.389494286
  ],
  ""type"": ""Point""
}",-83.2146888089999,42.3894942860001
16706,9235725,GALLAGHER,EMERY,2015-03-29,29,3,2015,1,1,97,9,,,0,,1,1,4,25,1,2,0,5,0,0,0,0,true,,false,false,true,false,false,,,,,,false,true,false,,,false,false,false,false,false,-83.07037,42.43586,"{
  ""coordinates"": [
    -8.307037303700000e+01,
    4.243585565100010e+01
  ],
  ""type"": ""Point""
}","{
  ""coordinates"": [
    -83.070373037,
    42.435855651
  ],
  ""type"": ""Point""
}",-83.070373037,42.4358556510001
16707,9227563,FORT,LIVERNOIS,2015-03-29,29,3,2015,15,1,4,3,,1,0,,1,1,1,30,5,2,2,5,0,0,0,0,true,,true,true,false,false,false,,,,,,false,false,true,,,false,false,false,false,false,-83.1035,42.30661,"{
  ""coordinates"": [
    -8.310349884100000e+01,
    4.230661418900010e+01
  ],
  ""type"": ""Point""
}","{
  ""coordinates"": [
    -83.103498841,
    42.306614189
  ],
  ""type"": ""Point""
}",-83.103498841,42.3066141890001
16708,9229072,I-94,FRENCH,2015-03-29,29,3,2015,13,1,5,1,,1,0,,1,1,1,55,3,2,2,5,0,0,0,0,true,,false,false,true,false,false,,,,,,false,false,true,,,false,false,false,false,false,-82.9952,42.39252,"{
  ""coordinates"": [
    -8.299519933200000e+01,
    4.239252609900010e+01
  ],
  ""type"": ""Point""
}","{
  ""coordinates"": [
    -82.995199332,
    42.392526099
  ],
  ""type"": ""Point""
}",-82.995199332,42.3925260990001
16709,9227306,E I 94,RAMP 216E,2015-03-29,29,3,2015,19,1,8,1,,1,0,,1,1,1,55,3,2,1,4,0,0,0,1,false,,false,false,true,false,false,,,,,,false,false,true,,,false,false,false,false,false,-83.05443,42.37088,"{
  ""coordinates"": [
    -8.305442693799991e+01,
    4.237088535800010e+01
  ],
  ""type"": ""Point""
}","{
  ""coordinates"": [
    -83.054426938,
    42.370885358
  ],
  ""type"": ""Point""
}",-83.0544269379999,42.3708853580001
16710,9227578,GRANDRIVER,STAHELIN,2015-03-29,29,3,2015,13,1,5,3,,1,0,,1,1,4,35,2,2,2,5,0,0,0,0,true,,false,false,true,false,false,,,,,,false,false,false,,,false,false,false,false,false,-83.22652,42.40401,"{
  ""coordinates"": [
    -8.322652423300001e+01,
    4.240401644700010e+01
  ],
  ""type"": ""Point""
}","{
  ""coordinates"": [
    -83.226524233,
    42.404016447
  ],
  ""type"": ""Point""
}",-83.226524233,42.4040164470001