ObjectId,Crash ID,Primary Road,Intersecting Road,Crash Date,Day,Month,Year,Hour,Weekday,Crash Type Code,Highway Classification Code,Community Code,Jurisdiction Code,Lane Departure Type Code,Surface Type,Road Condition,Weather Condition,Lighting Condition,Speed Limit,Lanes,Units,Occupants,Most Severe Injury,Fatal Injuries,Suspected Serious Injuries,Suspected Minor Injuries,Possible Injuries,Property Damage Only,Secondary Crash,Traffic Control,Red Light Run,Hit and Run,Alcohol,Drugs,Unbelted Person,Work Zone,Speeding Driver,Distracted Driver,Driveway,Pedestrian,Elderly Driver,Young Driver,Commercial Vehicle,Emergency Vehicles,Train,School Bus,Motorcycle,Bicycle,Deer,Longitude,Latitude,geom,geog,x,y
16825,9227316,M10,7 MILE,2015-03-27,27,3,2015,15,6,8,3,,1,0,,1,2,1,55,3,2,1,5,0,0,0,0,true,,false,false,true,false,false,,,,,,false,false,false,,,false,false,false,false,false,-83.18829,42.43191,"{
  ""coordinates"": [
    -8.318828701699989e+01,
    4.243190960100000e+01
  ],
  ""type"": ""Point""
}","{
  ""coordinates"": [
    -83.188287017,
    42.431909601
  ],
  ""type"": ""Point""
}",-83.1882870169999,42.431909601
16826,9404393,14TH,EUCLID,2015-03-27,27,3,2015,14,6,1,9,,4,0,,1,1,1,30,2,1,2,5,0,0,0,0,true,,false,false,false,false,false,,,,,,false,false,false,,,false,false,false,false,false,-83.09914,42.36937,"{
  ""coordinates"": [
    -8.309913483400000e+01,
    4.236937083800010e+01
  ],
  ""type"": ""Point""
}","{
  ""coordinates"": [
    -83.099134834,
    42.369370838
  ],
  ""type"": ""Point""
}",-83.099134834,42.3693708380001
16827,9229079,I-94,M-10,2015-03-27,27,3,2015,15,6,5,1,,1,0,,1,1,1,55,3,2,2,5,0,0,0,0,true,,false,false,false,false,false,,,,,,false,false,false,,,false,false,false,false,false,-83.0776,42.35865,"{
  ""coordinates"": [
    -8.307759583900000e+01,
    4.235865179800000e+01
  ],
  ""type"": ""Point""
}","{
  ""coordinates"": [
    -83.077595839,
    42.358651798
  ],
  ""type"": ""Point""
}",-83.077595839,42.358651798
16828,9225728,MICHIGAN,HUBBARD,2015-03-27,27,3,2015,12,6,5,2,,1,0,,1,2,1,35,2,4,5,5,0,0,0,0,true,,false,false,true,false,false,,,,,,false,true,true,,,false,false,false,false,false,-83.09907,42.3312,"{
  ""coordinates"": [
    -8.309907073700001e+01,
    4.233120428300000e+01
  ],
  ""type"": ""Point""
}","{
  ""coordinates"": [
    -83.099070737,
    42.331204283
  ],
  ""type"": ""Point""
}",-83.099070737,42.331204283
16829,9237784,FULLERTON,LIVERNOIS,2015-03-27,27,3,2015,19,6,3,9,,4,0,,1,1,4,25,2,2,3,5,0,0,0,0,true,,false,false,false,false,false,,,,,,false,false,false,,,false,false,false,false,false,-83.13908,42.3809,"{
  ""coordinates"": [
    -8.313908374099999e+01,
    4.238089874600010e+01
  ],
  ""type"": ""Point""
}","{
  ""coordinates"": [
    -83.139083741,
    42.380898746
  ],
  ""type"": ""Point""
}",-83.139083741,42.3808987460001
16830,9227605,TELEGRAPH,GRAND RIVER,2015-03-27,27,3,2015,15,6,97,2,,1,0,,1,1,1,40,4,2,2,5,0,0,0,0,true,,false,false,false,false,false,,,,,,false,false,false,,,false,false,false,false,false,-83.27736,42.4242,"{
  ""coordinates"": [
    -8.327735698899990e+01,
    4.242420020700010e+01
  ],
  ""type"": ""Point""
}","{
  ""coordinates"": [
    -83.277356989,
    42.424200207
  ],
  ""type"": ""Point""
}",-83.2773569889999,42.4242002070001
16831,9227573,CHICAGO,N M 39,2015-03-27,27,3,2015,20,6,5,9,,4,0,,1,1,1,35,3,2,4,4,0,0,0,2,false,,false,false,false,false,false,,,,,,false,false,true,,,false,false,false,false,false,-83.21638,42.36526,"{
  ""coordinates"": [
    -8.321637436000000e+01,
    4.236525845300010e+01
  ],
  ""type"": ""Point""
}","{
  ""coordinates"": [
    -83.21637436,
    42.365258453
  ],
  ""type"": ""Point""
}",-83.21637436,42.3652584530001
16832,9227557,JOY,ESPER,2015-03-27,27,3,2015,22,6,5,9,,4,0,,1,1,4,30,4,2,2,5,0,0,0,0,true,,false,false,false,false,false,,,,,,false,false,false,,,false,false,false,false,false,-83.15786,42.35889,"{
  ""coordinates"": [
    -8.315785831100000e+01,
    4.235888835400000e+01
  ],
  ""type"": ""Point""
}","{
  ""coordinates"": [
    -83.157858311,
    42.358888354
  ],
  ""type"": ""Point""
}",-83.157858311,42.358888354
16833,9225705,I-75,8 MILE,2015-03-27,27,3,2015,16,6,5,1,,1,0,,1,2,1,70,3,2,2,5,0,0,0,0,true,,false,false,false,false,false,,,,,,false,false,true,,,false,false,false,false,false,-83.09497,42.44245,"{
  ""coordinates"": [
    -8.309496976500000e+01,
    4.244245272300000e+01
  ],
  ""type"": ""Point""
}","{
  ""coordinates"": [
    -83.094969765,
    42.442452723
  ],
  ""type"": ""Point""
}",-83.094969765,42.442452723
16834,9227246,N I 75,FORT,2015-03-27,27,3,2015,16,6,8,1,,1,0,,1,2,1,70,4,2,3,4,0,0,0,1,false,,false,false,true,false,false,,,,,,false,false,false,,,false,false,false,false,false,-83.15458,42.2777,"{
  ""coordinates"": [
    -8.315458040999989e+01,
    4.227770038100000e+01
  ],
  ""type"": ""Point""
}","{
  ""coordinates"": [
    -83.15458041,
    42.277700381
  ],
  ""type"": ""Point""
}",-83.1545804099999,42.277700381
16835,9225738,WARREN,S M 39 SERVICE DRIVE,2015-03-27,27,3,2015,18,6,4,9,,2,0,,1,2,1,35,5,2,8,4,0,0,0,2,false,,false,false,false,false,false,,,,,,false,false,false,,,false,false,false,false,false,-83.21671,42.34336,"{
  ""coordinates"": [
    -8.321670510199991e+01,
    4.234335838800010e+01
  ],
  ""type"": ""Point""
}","{
  ""coordinates"": [
    -83.216705102,
    42.343358388
  ],
  ""type"": ""Point""
}",-83.2167051019999,42.3433583880001
16836,9225727,LYSANDER,COMMONWELTH,2015-03-27,27,3,2015,9,6,4,9,,,0,,1,2,1,25,2,2,2,5,0,0,0,0,true,,false,false,false,false,false,,,,,,false,false,false,,,false,false,false,false,false,-83.07808,42.34846,"{
  ""coordinates"": [
    -8.307808048999991e+01,
    4.234845996900000e+01
  ],
  ""type"": ""Point""
}","{
  ""coordinates"": [
    -83.07808049,
    42.348459969
  ],
  ""type"": ""Point""
}",-83.0780804899999,42.348459969
16837,9225740,LAHSER,PILGRIM,2015-03-27,27,3,2015,18,6,4,9,,2,0,,1,1,1,45,2,2,1,4,0,0,0,1,false,,false,false,true,false,false,,,,,,false,false,false,,,false,false,false,false,false,-83.25704,42.40572,"{
  ""coordinates"": [
    -8.325703873499999e+01,
    4.240572507300000e+01
  ],
  ""type"": ""Point""
}","{
  ""coordinates"": [
    -83.257038735,
    42.405725073
  ],
  ""type"": ""Point""
}",-83.257038735,42.405725073
16838,9244230,TROESTER,MACCRARY,2015-03-27,27,3,2015,2,6,1,9,,,1,,1,1,5,25,2,1,2,2,0,1,0,0,false,,false,false,false,false,false,,,,,,false,false,false,,,false,false,false,false,false,-82.9705,42.42634,"{
  ""coordinates"": [
    -8.297050400200000e+01,
    4.242633816600010e+01
  ],
  ""type"": ""Point""
}","{
  ""coordinates"": [
    -82.970504002,
    42.426338166
  ],
  ""type"": ""Point""
}",-82.970504002,42.4263381660001
16839,9225757,MCNICHOLS,S I 75 SERVICE DRIVE,2015-03-27,27,3,2015,11,6,1,1,,2,0,,1,2,1,30,3,1,1,5,0,0,0,0,true,,false,false,false,false,false,,,,,,false,false,true,,,false,false,false,false,false,-83.08891,42.41806,"{
  ""coordinates"": [
    -8.308891639099990e+01,
    4.241805853800000e+01
  ],
  ""type"": ""Point""
}","{
  ""coordinates"": [
    -83.088916391,
    42.418058538
  ],
  ""type"": ""Point""
}",-83.0889163909999,42.418058538
16840,9225778,I 75,DAVISON,2015-03-27,27,3,2015,17,6,5,1,,1,0,,1,1,1,70,4,2,3,4,0,0,0,1,false,,false,false,true,false,false,,,,,,false,false,true,,,false,false,false,false,false,-83.07919,42.40862,"{
  ""coordinates"": [
    -8.307919596499990e+01,
    4.240861581500010e+01
  ],
  ""type"": ""Point""
}","{
  ""coordinates"": [
    -83.079195965,
    42.408615815
  ],
  ""type"": ""Point""
}",-83.0791959649999,42.4086158150001
16841,9225761,QUINCY,PURITAN,2015-03-27,27,3,2015,3,6,4,9,,,0,,1,2,5,25,2,2,0,5,0,0,0,0,true,,false,false,true,false,false,,,,,,false,false,false,,,false,false,false,false,false,-83.13853,42.40966,"{
  ""coordinates"": [
    -8.313852605100000e+01,
    4.240966271500000e+01
  ],
  ""type"": ""Point""
}","{
  ""coordinates"": [
    -83.138526051,
    42.409662715
  ],
  ""type"": ""Point""
}",-83.138526051,42.409662715
16842,9227277,I-94,GRATIOT,2015-03-27,27,3,2015,17,6,1,1,,1,1,,1,1,1,55,3,1,1,5,0,0,0,0,true,,false,false,false,false,false,,,,,,false,false,false,,,false,false,false,false,false,-83.00147,42.39222,"{
  ""coordinates"": [
    -8.300147372899990e+01,
    4.239222445500010e+01
  ],
  ""type"": ""Point""
}","{
  ""coordinates"": [
    -83.001473729,
    42.392224455
  ],
  ""type"": ""Point""
}",-83.0014737289999,42.3922244550001
16843,9227537,JEFFERSON,WOODWARD,2015-03-27,27,3,2015,6,6,8,3,,1,0,,1,1,4,35,3,2,2,5,0,0,0,0,true,,false,false,false,false,false,,,,,,false,false,false,,,false,false,false,false,false,-83.04479,42.32873,"{
  ""coordinates"": [
    -8.304479369400001e+01,
    4.232873224600010e+01
  ],
  ""type"": ""Point""
}","{
  ""coordinates"": [
    -83.044793694,
    42.328732246
  ],
  ""type"": ""Point""
}",-83.044793694,42.3287322460001
16844,9225775,JOHN C LODGE SERVICE,AUDREY,2015-03-27,27,3,2015,19,6,5,9,,4,0,,1,1,3,30,3,2,2,5,0,0,0,0,true,,false,false,false,false,false,,,,,,false,false,false,,,false,false,false,false,false,-83.19809,42.44122,"{
  ""coordinates"": [
    -8.319809063000000e+01,
    4.244122282900000e+01
  ],
  ""type"": ""Point""
}","{
  ""coordinates"": [
    -83.19809063,
    42.441222829
  ],
  ""type"": ""Point""
}",-83.19809063,42.441222829
16845,9227568,LONYO,DIX,2015-03-27,27,3,2015,16,6,5,9,,4,0,,1,2,1,0,4,2,1,5,0,0,0,0,true,,false,false,true,false,false,,,,,,false,false,false,,,false,false,false,false,false,-83.13444,42.31664,"{
  ""coordinates"": [
    -8.313443862299989e+01,
    4.231664038000010e+01
  ],
  ""type"": ""Point""
}","{
  ""coordinates"": [
    -83.134438623,
    42.31664038
  ],
  ""type"": ""Point""
}",-83.1344386229999,42.3166403800001
16846,9225746,I 375 SERVICE DRIVE,I 75/I 375 SERVICE DRIVE,2015-03-27,27,3,2015,10,6,8,9,,,0,,1,1,1,30,4,3,5,5,0,0,0,0,true,,false,false,false,false,false,,,,,,false,false,false,,,false,false,false,false,false,-83.03961,42.34467,"{
  ""coordinates"": [
    -8.303960973499990e+01,
    4.234466659600000e+01
  ],
  ""type"": ""Point""
}","{
  ""coordinates"": [
    -83.039609735,
    42.344666596
  ],
  ""type"": ""Point""
}",-83.0396097349999,42.344666596
16847,9227602,GRAND,MACK,2015-03-26,26,3,2015,16,5,4,9,,,0,,1,1,1,30,4,2,1,5,0,0,0,0,true,,false,false,true,false,false,,,,,,false,false,false,,,false,false,false,false,false,-83.03267,42.35724,"{
  ""coordinates"": [
    -8.303266599900000e+01,
    4.235724367400010e+01
  ],
  ""type"": ""Point""
}","{
  ""coordinates"": [
    -83.032665999,
    42.357243674
  ],
  ""type"": ""Point""
}",-83.032665999,42.3572436740001
16848,9227249,N/B I-75,MCNICHOLS,2015-03-26,26,3,2015,17,5,5,1,,1,0,,1,2,1,70,4,2,3,5,0,0,0,0,true,,false,false,false,false,false,,,,,,false,false,false,,,false,false,false,false,false,-83.08983,42.4207,"{
  ""coordinates"": [
    -8.308983140200000e+01,
    4.242069612900010e+01
  ],
  ""type"": ""Point""
}","{
  ""coordinates"": [
    -83.089831402,
    42.420696129
  ],
  ""type"": ""Point""
}",-83.089831402,42.4206961290001
16849,9224986,GRAND RIVER,STANLEY,2015-03-26,26,3,2015,18,5,4,3,,1,0,,1,1,1,35,7,2,2,5,0,0,0,0,true,,false,false,false,false,false,,,,,,false,false,true,,,false,false,false,false,false,-83.09946,42.35278,"{
  ""coordinates"": [
    -8.309946266199999e+01,
    4.235278412300000e+01
  ],
  ""type"": ""Point""
}","{
  ""coordinates"": [
    -83.099462662,
    42.352784123
  ],
  ""type"": ""Point""
}",-83.099462662,42.352784123
16850,9227536,JEFFERSON,CABACIER,2015-03-26,26,3,2015,22,5,8,9,,4,0,,1,1,5,25,2,2,2,5,0,0,0,0,true,,false,false,false,false,false,,,,,,false,false,false,,,false,false,false,false,false,-83.05823,42.32448,"{
  ""coordinates"": [
    -8.305822828700001e+01,
    4.232448353700000e+01
  ],
  ""type"": ""Point""
}","{
  ""coordinates"": [
    -83.058228287,
    42.324483537
  ],
  ""type"": ""Point""
}",-83.058228287,42.324483537
16851,9224974,CLEMENTS,14TH,2015-03-26,26,3,2015,13,5,5,9,,,0,,2,1,1,35,3,3,3,5,0,0,0,0,true,,false,false,true,false,false,,,,,,false,false,true,,,false,false,false,false,false,-83.11659,42.39606,"{
  ""coordinates"": [
    -8.311659171299991e+01,
    4.239606067800000e+01
  ],
  ""type"": ""Point""
}","{
  ""coordinates"": [
    -83.116591713,
    42.396060678
  ],
  ""type"": ""Point""
}",-83.1165917129999,42.396060678
16852,9225736,CENTRAL,JOHN KRONK,2015-03-26,26,3,2015,12,5,5,9,,4,0,,1,1,1,30,2,2,3,5,0,0,0,0,true,,false,false,false,false,false,,,,,,false,false,true,,,false,false,false,false,false,-83.13129,42.32231,"{
  ""coordinates"": [
    -8.313129521600000e+01,
    4.232230569300000e+01
  ],
  ""type"": ""Point""
}","{
  ""coordinates"": [
    -83.131295216,
    42.322305693
  ],
  ""type"": ""Point""
}",-83.131295216,42.322305693
16853,9225763,CAMBRIDGE,PRIAIRE,2015-03-26,26,3,2015,18,5,4,9,,,0,,1,1,1,25,2,2,2,4,0,0,0,1,false,,false,false,true,false,false,,,,,,false,false,false,,,false,false,false,false,false,-83.14587,42.43332,"{
  ""coordinates"": [
    -8.314586330299990e+01,
    4.243332151500000e+01
  ],
  ""type"": ""Point""
}","{
  ""coordinates"": [
    -83.145863303,
    42.433321515
  ],
  ""type"": ""Point""
}",-83.1458633029999,42.433321515
16854,9268039,GRAND RIVER,MCNICHOLS,2015-03-26,26,3,2015,18,5,5,3,,1,0,,1,1,1,35,3,2,2,5,0,0,0,0,true,,false,false,false,false,false,,,,,,false,false,false,,,false,false,false,false,false,-83.25339,42.41483,"{
  ""coordinates"": [
    -8.325339017399990e+01,
    4.241482540100000e+01
  ],
  ""type"": ""Point""
}","{
  ""coordinates"": [
    -83.253390174,
    42.414825401
  ],
  ""type"": ""Point""
}",-83.2533901739999,42.414825401
16855,9227327,I 94,CADIEUX,2015-03-26,26,3,2015,11,5,1,1,,1,1,,2,2,1,55,3,1,1,4,0,0,0,1,false,,false,false,false,false,false,,,,,,false,true,false,,,false,false,false,false,false,-82.9407,42.41475,"{
  ""coordinates"": [
    -8.294070432599990e+01,
    4.241475132700000e+01
  ],
  ""type"": ""Point""
}","{
  ""coordinates"": [
    -82.940704326,
    42.414751327
  ],
  ""type"": ""Point""
}",-82.9407043259999,42.414751327
16856,9224973,MEYERS,GRAND RIVER,2015-03-26,26,3,2015,19,5,4,3,,4,0,,1,1,4,35,6,2,3,5,0,0,0,0,true,,true,false,false,false,false,,,,,,false,true,false,,,false,false,false,false,false,-83.16845,42.38062,"{
  ""coordinates"": [
    -8.316844897700000e+01,
    4.238061996000000e+01
  ],
  ""type"": ""Point""
}","{
  ""coordinates"": [
    -83.168448977,
    42.38061996
  ],
  ""type"": ""Point""
}",-83.168448977,42.38061996
16857,9225723,N M 39,RAMP 008R,2015-03-26,26,3,2015,7,5,5,3,,1,0,,2,2,1,0,3,3,3,5,0,0,0,0,true,,false,false,false,false,false,,,,,,false,false,false,,,false,false,false,false,false,-83.2173,42.38229,"{
  ""coordinates"": [
    -8.321730315900000e+01,
    4.238228594700010e+01
  ],
  ""type"": ""Point""
}","{
  ""coordinates"": [
    -83.217303159,
    42.382285947
  ],
  ""type"": ""Point""
}",-83.217303159,42.3822859470001
16858,9229833,I75,SCHAEFER,2015-03-26,26,3,2015,3,5,1,1,,1,1,,1,1,5,70,4,1,1,3,0,0,1,0,false,,false,false,false,true,false,,,,,,false,false,false,,,false,false,false,false,false,-83.15143,42.27946,"{
  ""coordinates"": [
    -8.315142779599999e+01,
    4.227946091400000e+01
  ],
  ""type"": ""Point""
}","{
  ""coordinates"": [
    -83.151427796,
    42.279460914
  ],
  ""type"": ""Point""
}",-83.151427796,42.279460914
16859,9416017,SHELBY,LARNED,2015-03-26,26,3,2015,11,5,5,9,,4,0,,2,2,1,25,2,2,4,5,0,0,0,0,true,,false,false,false,false,false,,,,,,false,false,true,,,false,false,false,false,false,-83.04733,42.32829,"{
  ""coordinates"": [
    -8.304732967099990e+01,
    4.232828699600000e+01
  ],
  ""type"": ""Point""
}","{
  ""coordinates"": [
    -83.047329671,
    42.328286996
  ],
  ""type"": ""Point""
}",-83.0473296709999,42.328286996
16860,9227619,OUTER,VAN DYKE,2015-03-26,26,3,2015,0,5,5,3,,2,0,,1,1,4,35,3,2,1,5,0,0,0,0,true,,false,false,true,false,false,,,,,,false,false,false,,,false,false,false,false,false,-83.02444,42.44114,"{
  ""coordinates"": [
    -8.302444460100000e+01,
    4.244113375100010e+01
  ],
  ""type"": ""Point""
}","{
  ""coordinates"": [
    -83.024444601,
    42.441133751
  ],
  ""type"": ""Point""
}",-83.024444601,42.4411337510001
16861,9225009,GRATIOT,LINNHURST,2015-03-26,26,3,2015,22,5,5,3,,1,0,,1,1,4,35,5,2,2,4,0,0,0,1,false,,false,false,false,false,false,,,,,,false,false,false,,,false,false,false,false,false,-82.98016,42.43133,"{
  ""coordinates"": [
    -8.298015757899999e+01,
    4.243132835700000e+01
  ],
  ""type"": ""Point""
}","{
  ""coordinates"": [
    -82.980157579,
    42.431328357
  ],
  ""type"": ""Point""
}",-82.980157579,42.431328357
16862,9225726,MICHIGAN,14TH,2015-03-26,26,3,2015,12,5,5,2,,1,0,,1,1,1,35,6,2,0,5,0,0,0,0,true,,false,false,true,false,false,,,,,,false,false,false,,,false,false,false,false,false,-83.07573,42.33136,"{
  ""coordinates"": [
    -8.307572564500001e+01,
    4.233135897600000e+01
  ],
  ""type"": ""Point""
}","{
  ""coordinates"": [
    -83.075725645,
    42.331358976
  ],
  ""type"": ""Point""
}",-83.075725645,42.331358976
16863,9227261,I-94,ROSA PARKS,2015-03-26,26,3,2015,8,5,1,1,,1,1,,2,4,1,55,3,1,1,5,0,0,0,0,true,,false,false,false,false,false,,,,,,false,false,false,,,false,false,false,false,false,-83.08468,42.35479,"{
  ""coordinates"": [
    -8.308468104699990e+01,
    4.235478472900010e+01
  ],
  ""type"": ""Point""
}","{
  ""coordinates"": [
    -83.084681047,
    42.354784729
  ],
  ""type"": ""Point""
}",-83.0846810469999,42.3547847290001
16864,9224977,MEYER,SCHOOLCRAFT,2015-03-26,26,3,2015,16,5,4,9,,4,0,,1,2,1,30,4,2,1,4,0,0,0,1,false,,true,true,true,false,false,,,,,,false,true,false,,,false,false,false,false,false,-83.16872,42.38825,"{
  ""coordinates"": [
    -8.316871263699990e+01,
    4.238824661100010e+01
  ],
  ""type"": ""Point""
}","{
  ""coordinates"": [
    -83.168712637,
    42.388246611
  ],
  ""type"": ""Point""
}",-83.1687126369999,42.3882466110001
16865,9286125,GRAND RIVER,ROSA PARKS,2015-03-26,26,3,2015,9,5,97,3,,1,0,,2,1,1,0,3,2,2,4,0,0,0,1,false,,false,false,false,false,false,,,,,,false,false,true,,,false,false,false,false,false,-83.08026,42.34505,"{
  ""coordinates"": [
    -8.308026217699999e+01,
    4.234504994200010e+01
  ],
  ""type"": ""Point""
}","{
  ""coordinates"": [
    -83.080262177,
    42.345049942
  ],
  ""type"": ""Point""
}",-83.080262177,42.3450499420001
16866,9233971,HOOVER,FAIRMOUNT,2015-03-26,26,3,2015,11,5,3,3,,1,0,,1,1,1,30,4,2,2,5,0,0,0,0,true,,false,false,false,false,false,,,,,,false,false,false,,,false,false,false,false,false,-83.00503,42.44352,"{
  ""coordinates"": [
    -8.300502648699999e+01,
    4.244351719600010e+01
  ],
  ""type"": ""Point""
}","{
  ""coordinates"": [
    -83.005026487,
    42.443517196
  ],
  ""type"": ""Point""
}",-83.005026487,42.4435171960001
16867,9225753,DAVISON CROSSOVER,WOODROW WILSON,2015-03-26,26,3,2015,15,5,8,3,,1,0,,97,98,98,35,3,2,1,5,0,0,0,0,true,,false,false,true,false,false,,,,,,false,true,false,,,false,false,false,false,false,-83.11106,42.39744,"{
  ""coordinates"": [
    -8.311106343700000e+01,
    4.239744126400010e+01
  ],
  ""type"": ""Point""
}","{
  ""coordinates"": [
    -83.111063437,
    42.397441264
  ],
  ""type"": ""Point""
}",-83.111063437,42.3974412640001
16868,9246434,KONKEL,JUNCTION,2015-03-26,26,3,2015,15,5,8,9,,,0,,1,1,1,25,2,2,11,5,0,0,0,0,true,,false,false,false,false,false,,,,,,false,false,false,,,false,false,false,false,false,-83.10857,42.32711,"{
  ""coordinates"": [
    -8.310857625499990e+01,
    4.232710620500010e+01
  ],
  ""type"": ""Point""
}","{
  ""coordinates"": [
    -83.108576255,
    42.327106205
  ],
  ""type"": ""Point""
}",-83.1085762549999,42.3271062050001
16869,9225011,MONTEREY,14TH,2015-03-26,26,3,2015,2,5,2,9,,,0,,1,1,4,25,2,2,3,5,0,0,0,0,true,,false,false,false,false,false,,,,,,false,false,false,,,false,false,false,false,false,-83.11018,42.38763,"{
  ""coordinates"": [
    -8.311017657699990e+01,
    4.238762763100000e+01
  ],
  ""type"": ""Point""
}","{
  ""coordinates"": [
    -83.110176577,
    42.387627631
  ],
  ""type"": ""Point""
}",-83.1101765769999,42.387627631
16870,9225760,VAN DYKE,LANTZ,2015-03-26,26,3,2015,22,5,1,3,,1,0,,1,1,4,25,2,1,1,5,0,0,0,0,true,,false,false,false,false,false,,,,,,false,false,true,,,false,false,false,false,false,-83.02441,42.43885,"{
  ""coordinates"": [
    -8.302441035100000e+01,
    4.243885293800000e+01
  ],
  ""type"": ""Point""
}","{
  ""coordinates"": [
    -83.024410351,
    42.438852938
  ],
  ""type"": ""Point""
}",-83.024410351,42.438852938
16871,9225769,PEMBROKE,GREENLAWN,2015-03-26,26,3,2015,19,5,4,9,,,0,,1,2,1,25,2,2,3,5,0,0,0,0,true,,true,false,false,false,false,,,,,,false,false,true,,,false,false,false,false,false,-83.1521,42.43866,"{
  ""coordinates"": [
    -8.315209799099991e+01,
    4.243866143800010e+01
  ],
  ""type"": ""Point""
}","{
  ""coordinates"": [
    -83.152097991,
    42.438661438
  ],
  ""type"": ""Point""
}",-83.1520979909999,42.4386614380001
16872,9225750,ROHNS,PETER HUNT,2015-03-26,26,3,2015,15,5,4,9,,,0,,1,1,3,30,2,2,3,4,0,0,0,3,false,,false,false,true,false,false,,,,,,false,false,false,,,false,false,false,false,false,-83.0134,42.39279,"{
  ""coordinates"": [
    -8.301340834400000e+01,
    4.239279086600000e+01
  ],
  ""type"": ""Point""
}","{
  ""coordinates"": [
    -83.013408344,
    42.392790866
  ],
  ""type"": ""Point""
}",-83.013408344,42.392790866
16873,9225748,MCGRAW,CHOPIN,2015-03-26,26,3,2015,15,5,5,9,,4,0,,1,1,1,30,4,2,4,4,0,0,0,1,false,,false,false,false,false,false,,,,,,false,false,false,,,false,false,false,false,false,-83.13755,42.33677,"{
  ""coordinates"": [
    -8.313755180100000e+01,
    4.233677320400010e+01
  ],
  ""type"": ""Point""
}","{
  ""coordinates"": [
    -83.137551801,
    42.336773204
  ],
  ""type"": ""Point""
}",-83.137551801,42.3367732040001
16874,9227266,E I 94,RAMP 217E,2015-03-26,26,3,2015,16,5,5,1,,1,0,,1,2,1,55,3,2,2,4,0,0,0,1,false,,false,false,false,false,false,,,,,,false,false,false,,,false,false,false,false,false,-83.03973,42.37673,"{
  ""coordinates"": [
    -8.303972905200000e+01,
    4.237673023900000e+01
  ],
  ""type"": ""Point""
}","{
  ""coordinates"": [
    -83.039729052,
    42.376730239
  ],
  ""type"": ""Point""
}",-83.039729052,42.376730239
16875,9227603,8 MILE,JOHN R,2015-03-26,26,3,2015,7,5,5,3,,1,0,,2,2,1,40,4,3,4,4,0,0,0,1,false,,false,false,false,false,false,,,,,,false,false,true,,,false,false,false,false,false,-83.10323,42.44699,"{
  ""coordinates"": [
    -8.310323493999989e+01,
    4.244698839500010e+01
  ],
  ""type"": ""Point""
}","{
  ""coordinates"": [
    -83.10323494,
    42.446988395
  ],
  ""type"": ""Point""
}",-83.1032349399999,42.4469883950001
16876,9224972,BUENA,PINEHURST,2015-03-26,26,3,2015,13,5,4,9,,,0,,1,2,1,25,2,2,2,4,0,0,0,1,false,,true,false,false,false,false,,,,,,false,false,true,,,false,false,false,false,false,-83.16533,42.38348,"{
  ""coordinates"": [
    -8.316533233599991e+01,
    4.238348143900000e+01
  ],
  ""type"": ""Point""
}","{
  ""coordinates"": [
    -83.165332336,
    42.383481439
  ],
  ""type"": ""Point""
}",-83.1653323359999,42.383481439
16877,9225006,LAHSER,CLARITA,2015-03-26,26,3,2015,9,5,97,9,,2,0,,2,4,1,35,2,2,3,5,0,0,0,0,true,,false,false,false,false,false,,,,,,false,false,true,,,false,false,false,false,false,-83.25825,42.42636,"{
  ""coordinates"": [
    -8.325824972800000e+01,
    4.242635893700000e+01
  ],
  ""type"": ""Point""
}","{
  ""coordinates"": [
    -83.258249728,
    42.426358937
  ],
  ""type"": ""Point""
}",-83.258249728,42.426358937
16878,9224979,GREENFIELD,SCHOOLCRAFT,2015-03-26,26,3,2015,16,5,5,9,,2,0,,1,1,1,35,2,2,2,5,0,0,0,0,true,,false,false,false,false,false,,,,,,false,false,true,,,false,false,false,false,false,-83.19816,42.38699,"{
  ""coordinates"": [
    -8.319815834699990e+01,
    4.238699272200010e+01
  ],
  ""type"": ""Point""
}","{
  ""coordinates"": [
    -83.198158347,
    42.386992722
  ],
  ""type"": ""Point""
}",-83.1981583469999,42.3869927220001
16879,9233025,EVERGREEN,FARGO,2015-03-26,26,3,2015,16,5,4,9,,4,0,,1,2,1,30,6,3,3,5,0,0,0,0,true,,true,false,true,false,false,,,,,,false,false,true,,,false,false,false,false,false,-83.2392,42.4384,"{
  ""coordinates"": [
    -8.323919625400001e+01,
    4.243839921300000e+01
  ],
  ""type"": ""Point""
}","{
  ""coordinates"": [
    -83.239196254,
    42.438399213
  ],
  ""type"": ""Point""
}",-83.239196254,42.438399213
16880,9225002,8 MILE,SHIAWASSE/,2015-03-26,26,3,2015,16,5,8,3,,1,0,,1,1,1,40,4,2,3,5,0,0,0,0,true,,true,true,false,false,false,,,,,,false,true,false,,,false,false,false,false,false,-83.28696,42.44254,"{
  ""coordinates"": [
    -8.328695604200000e+01,
    4.244253723100010e+01
  ],
  ""type"": ""Point""
}","{
  ""coordinates"": [
    -83.286956042,
    42.442537231
  ],
  ""type"": ""Point""
}",-83.286956042,42.4425372310001
16881,9225730,OTIS,WESSON,2015-03-26,26,3,2015,8,5,97,9,,,0,,2,4,1,25,2,3,3,5,0,0,0,0,true,,false,false,false,false,false,,,,,,false,false,true,,,false,false,false,false,false,-83.11308,42.32772,"{
  ""coordinates"": [
    -8.311307393000000e+01,
    4.232771579200000e+01
  ],
  ""type"": ""Point""
}","{
  ""coordinates"": [
    -83.11307393,
    42.327715792
  ],
  ""type"": ""Point""
}",-83.11307393,42.327715792