ObjectId,Crash ID,Primary Road,Intersecting Road,Crash Date,Day,Month,Year,Hour,Weekday,Crash Type Code,Highway Classification Code,Community Code,Jurisdiction Code,Lane Departure Type Code,Surface Type,Road Condition,Weather Condition,Lighting Condition,Speed Limit,Lanes,Units,Occupants,Most Severe Injury,Fatal Injuries,Suspected Serious Injuries,Suspected Minor Injuries,Possible Injuries,Property Damage Only,Secondary Crash,Traffic Control,Red Light Run,Hit and Run,Alcohol,Drugs,Unbelted Person,Work Zone,Speeding Driver,Distracted Driver,Driveway,Pedestrian,Elderly Driver,Young Driver,Commercial Vehicle,Emergency Vehicles,Train,School Bus,Motorcycle,Bicycle,Deer,Longitude,Latitude,geom,geog,x,y
16939,9224310,WILDEMERE,GLENDALE,2015-03-25,25,3,2015,16,4,2,9,,,0,,1,1,1,25,2,2,3,5,0,0,0,0,true,,false,false,false,false,false,,,,,,false,false,false,,,false,false,false,false,false,-83.12548,42.3881,"{
  ""coordinates"": [
    -8.312547998399999e+01,
    4.238810075300010e+01
  ],
  ""type"": ""Point""
}","{
  ""coordinates"": [
    -83.125479984,
    42.388100753
  ],
  ""type"": ""Point""
}",-83.125479984,42.3881007530001
16940,9224913,RAMP 122E,N I 75 CD,2015-03-25,25,3,2015,18,4,1,3,,1,1,,1,1,1,55,1,1,1,5,0,0,0,0,true,,false,false,false,false,false,,,,,,false,false,true,,,false,false,false,false,false,-83.06478,42.33406,"{
  ""coordinates"": [
    -8.306477927899989e+01,
    4.233406008600010e+01
  ],
  ""type"": ""Point""
}","{
  ""coordinates"": [
    -83.064779279,
    42.334060086
  ],
  ""type"": ""Point""
}",-83.0647792789999,42.3340600860001
16941,9224296,EVERGREEN,E I 96 SERVICE DRIVE,2015-03-25,25,3,2015,0,4,1,9,,4,1,,1,1,5,35,5,1,1,1,1,0,0,0,false,,false,false,false,true,true,,,,,,false,false,false,,,false,false,false,false,false,-83.2366,42.37941,"{
  ""coordinates"": [
    -8.323659215799999e+01,
    4.237940561800010e+01
  ],
  ""type"": ""Point""
}","{
  ""coordinates"": [
    -83.236592158,
    42.379405618
  ],
  ""type"": ""Point""
}",-83.236592158,42.3794056180001
16942,9224320,LINWOOD,FLEET,2015-03-25,25,3,2015,8,4,8,9,,4,0,,2,4,1,35,2,2,2,5,0,0,0,0,true,,false,false,false,false,false,,,,,,false,false,false,,,false,false,false,false,false,-83.12475,42.39708,"{
  ""coordinates"": [
    -8.312474700800000e+01,
    4.239707744600000e+01
  ],
  ""type"": ""Point""
}","{
  ""coordinates"": [
    -83.124747008,
    42.397077446
  ],
  ""type"": ""Point""
}",-83.124747008,42.397077446
16943,9227582,TELEGRAPH,PICKFORD,2015-03-25,25,3,2015,14,4,5,2,,1,0,,2,2,1,45,6,2,1,5,0,0,0,0,true,,false,false,true,false,false,,,,,,false,false,true,,,false,false,false,false,false,-83.27772,42.42294,"{
  ""coordinates"": [
    -8.327771680700000e+01,
    4.242294121200010e+01
  ],
  ""type"": ""Point""
}","{
  ""coordinates"": [
    -83.277716807,
    42.422941212
  ],
  ""type"": ""Point""
}",-83.277716807,42.4229412120001
16944,9227625,PHILIP,ELMDALE,2015-03-25,25,3,2015,6,4,9,9,,,2,,1,2,5,25,3,2,0,5,0,0,0,0,true,,false,false,true,false,false,,,,,,false,false,false,,,false,false,false,false,false,-82.96347,42.41015,"{
  ""coordinates"": [
    -8.296347126800001e+01,
    4.241014817400000e+01
  ],
  ""type"": ""Point""
}","{
  ""coordinates"": [
    -82.963471268,
    42.410148174
  ],
  ""type"": ""Point""
}",-82.963471268,42.410148174
16945,9224904,M-10,PINGREE,2015-03-25,25,3,2015,18,4,5,9,,4,0,,1,1,1,55,3,3,3,5,0,0,0,0,true,,false,false,false,false,false,,,,,,false,false,false,,,false,false,false,false,false,-83.08742,42.37465,"{
  ""coordinates"": [
    -8.308741952799990e+01,
    4.237464597100010e+01
  ],
  ""type"": ""Point""
}","{
  ""coordinates"": [
    -83.087419528,
    42.374645971
  ],
  ""type"": ""Point""
}",-83.0874195279999,42.3746459710001
16946,9224910,RAMP 3047A I-75,DAVISON,2015-03-25,25,3,2015,17,4,5,3,,1,0,,1,1,1,55,3,2,2,5,0,0,0,0,true,,false,false,false,false,false,,,,,,false,false,false,,,false,false,false,false,false,-83.08121,42.40855,"{
  ""coordinates"": [
    -8.308121565499989e+01,
    4.240854949700010e+01
  ],
  ""type"": ""Point""
}","{
  ""coordinates"": [
    -83.081215655,
    42.408549497
  ],
  ""type"": ""Point""
}",-83.0812156549999,42.4085494970001
16947,9286302,VERMONT,PUTNAM,2015-03-25,25,3,2015,10,4,4,9,,,0,,2,2,1,25,2,2,2,5,0,0,0,0,true,,false,false,false,false,false,,,,,,false,false,true,,,false,false,false,false,false,-83.08481,42.35115,"{
  ""coordinates"": [
    -8.308480999600000e+01,
    4.235115031000000e+01
  ],
  ""type"": ""Point""
}","{
  ""coordinates"": [
    -83.084809996,
    42.35115031
  ],
  ""type"": ""Point""
}",-83.084809996,42.35115031
16948,9228229,19130 BLACKSTONE,7 MILE,2015-03-25,25,3,2015,23,4,97,9,,,0,,2,2,3,25,2,2,0,5,0,0,0,0,true,,false,false,true,false,false,,,,,,false,false,false,,,false,false,false,false,false,-83.25108,42.43065,"{
  ""coordinates"": [
    -8.325107600500000e+01,
    4.243065161700010e+01
  ],
  ""type"": ""Point""
}","{
  ""coordinates"": [
    -83.251076005,
    42.430651617
  ],
  ""type"": ""Point""
}",-83.251076005,42.4306516170001
16949,9231410,PARKER,LAFAYETTE,2015-03-24,24,3,2015,19,3,8,9,,,0,,1,2,1,20,1,2,4,5,0,0,0,0,true,,false,false,false,false,false,,,,,,false,false,false,,,false,false,false,false,false,-82.99507,42.35397,"{
  ""coordinates"": [
    -8.299507272600000e+01,
    4.235396884900010e+01
  ],
  ""type"": ""Point""
}","{
  ""coordinates"": [
    -82.995072726,
    42.353968849
  ],
  ""type"": ""Point""
}",-82.995072726,42.3539688490001
16950,9224180,I-75,MCNICHOLS,2015-03-24,24,3,2015,18,3,5,1,,1,0,,1,1,1,70,4,2,2,5,0,0,0,0,true,,false,false,false,false,false,,,,,,false,false,false,,,false,false,false,false,false,-83.08503,42.41504,"{
  ""coordinates"": [
    -8.308502795600000e+01,
    4.241504344900010e+01
  ],
  ""type"": ""Point""
}","{
  ""coordinates"": [
    -83.085027956,
    42.415043449
  ],
  ""type"": ""Point""
}",-83.085027956,42.4150434490001
16951,9223195,MACK,BURNS,2015-03-24,24,3,2015,8,3,8,9,,4,0,,1,1,1,30,2,2,2,5,0,0,0,0,true,,false,false,false,false,false,,,,,,false,false,false,,,false,false,false,false,false,-83.00044,42.36925,"{
  ""coordinates"": [
    -8.300044024300000e+01,
    4.236924918100000e+01
  ],
  ""type"": ""Point""
}","{
  ""coordinates"": [
    -83.000440243,
    42.369249181
  ],
  ""type"": ""Point""
}",-83.000440243,42.369249181
16952,9225703,I-75,7 MILE,2015-03-24,24,3,2015,9,3,8,1,,1,0,,1,1,1,55,4,2,1,5,0,0,0,0,true,,false,false,true,false,false,,,,,,false,false,false,,,false,false,false,false,false,-83.09499,42.43393,"{
  ""coordinates"": [
    -8.309499622399990e+01,
    4.243392456400010e+01
  ],
  ""type"": ""Point""
}","{
  ""coordinates"": [
    -83.094996224,
    42.433924564
  ],
  ""type"": ""Point""
}",-83.0949962239999,42.4339245640001
16953,9227548,RAMP 117A,MILWAUKEE,2015-03-24,24,3,2015,22,3,4,3,,1,0,,1,2,1,25,2,2,2,5,0,0,0,0,true,,true,true,true,false,false,,,,,,false,false,false,,,false,false,false,false,false,-83.08066,42.3661,"{
  ""coordinates"": [
    -8.308065532900000e+01,
    4.236610028300000e+01
  ],
  ""type"": ""Point""
}","{
  ""coordinates"": [
    -83.080655329,
    42.366100283
  ],
  ""type"": ""Point""
}",-83.080655329,42.366100283
16954,9224332,STATE FAIR,HULL,2015-03-24,24,3,2015,15,3,8,9,,4,0,,1,1,1,30,2,2,2,5,0,0,0,0,true,,false,false,false,false,false,,,,,,false,false,false,,,false,false,false,false,false,-83.08895,42.43993,"{
  ""coordinates"": [
    -8.308895215299999e+01,
    4.243992476400010e+01
  ],
  ""type"": ""Point""
}","{
  ""coordinates"": [
    -83.088952153,
    42.439924764
  ],
  ""type"": ""Point""
}",-83.088952153,42.4399247640001
16955,9224301,BURT,HESSEL,2015-03-24,24,3,2015,9,3,4,9,,4,0,,1,1,1,25,2,2,2,5,0,0,0,0,true,,true,false,false,false,false,,,,,,false,false,true,,,false,false,false,false,false,-83.24907,42.44184,"{
  ""coordinates"": [
    -8.324906859500000e+01,
    4.244184511500000e+01
  ],
  ""type"": ""Point""
}","{
  ""coordinates"": [
    -83.249068595,
    42.441845115
  ],
  ""type"": ""Point""
}",-83.249068595,42.441845115
16956,9224336,RAMP 048A,MCNICHOLS,2015-03-24,24,3,2015,18,3,5,1,,1,0,,1,1,1,30,2,3,3,5,0,0,0,0,true,,false,false,false,false,false,,,,,,false,false,false,,,false,false,false,false,false,-83.08707,42.41808,"{
  ""coordinates"": [
    -8.308706375799990e+01,
    4.241807782600010e+01
  ],
  ""type"": ""Point""
}","{
  ""coordinates"": [
    -83.087063758,
    42.418077826
  ],
  ""type"": ""Point""
}",-83.0870637579999,42.4180778260001
16957,9415965,BEAUBIEN,ATWATER,2015-03-24,24,3,2015,7,3,4,9,,4,0,,1,1,1,25,4,2,2,5,0,0,0,0,true,,false,false,false,false,false,,,,,,false,false,false,,,false,false,false,false,false,-83.03835,42.32909,"{
  ""coordinates"": [
    -8.303834999400000e+01,
    4.232908583100000e+01
  ],
  ""type"": ""Point""
}","{
  ""coordinates"": [
    -83.038349994,
    42.329085831
  ],
  ""type"": ""Point""
}",-83.038349994,42.329085831
16958,9223192,SAINT JEAN,JEFFERSON,2015-03-24,24,3,2015,13,3,1,9,,4,1,,1,1,1,30,5,1,2,3,0,0,1,1,false,,false,false,false,false,false,,,,,,false,true,false,,,false,false,false,false,false,-82.97012,42.36623,"{
  ""coordinates"": [
    -8.297012026199999e+01,
    4.236623550500010e+01
  ],
  ""type"": ""Point""
}","{
  ""coordinates"": [
    -82.970120262,
    42.366235505
  ],
  ""type"": ""Point""
}",-82.970120262,42.3662355050001
16959,9225764,7 MILE,HUBBELL,2015-03-24,24,3,2015,9,3,4,9,,2,0,,1,1,1,0,4,2,2,5,0,0,0,0,true,,false,false,false,false,false,,,,,,false,false,false,,,false,false,false,false,false,-83.18995,42.43072,"{
  ""coordinates"": [
    -8.318995152699991e+01,
    4.243072152200010e+01
  ],
  ""type"": ""Point""
}","{
  ""coordinates"": [
    -83.189951527,
    42.430721522
  ],
  ""type"": ""Point""
}",-83.1899515269999,42.4307215220001
16960,9225005,EVERGREEN,LYNDON,2015-03-24,24,3,2015,18,3,8,9,,4,3,,1,1,2,35,2,2,2,5,0,0,0,0,true,,false,false,false,false,false,,,,,,false,false,false,,,false,false,false,false,false,-83.23718,42.39485,"{
  ""coordinates"": [
    -8.323718492400000e+01,
    4.239485210200010e+01
  ],
  ""type"": ""Point""
}","{
  ""coordinates"": [
    -83.237184924,
    42.394852102
  ],
  ""type"": ""Point""
}",-83.237184924,42.3948521020001
16961,9224329,DAVISON,CARRIE,2015-03-24,24,3,2015,13,3,8,9,,4,0,,1,1,1,30,2,2,3,5,0,0,0,0,true,,false,false,true,false,false,,,,,,false,true,false,,,false,false,false,false,false,-83.03012,42.42347,"{
  ""coordinates"": [
    -8.303012366599999e+01,
    4.242346666700010e+01
  ],
  ""type"": ""Point""
}","{
  ""coordinates"": [
    -83.030123666,
    42.423466667
  ],
  ""type"": ""Point""
}",-83.030123666,42.4234666670001
16962,9224334,STATE FAIR,IRVINGTON,2015-03-24,24,3,2015,2,3,4,9,,4,0,,1,1,4,30,2,2,6,4,0,0,0,5,false,,true,false,false,true,false,,,,,,false,false,true,,,false,false,false,false,false,-83.09826,42.43965,"{
  ""coordinates"": [
    -8.309825906499999e+01,
    4.243965282300010e+01
  ],
  ""type"": ""Point""
}","{
  ""coordinates"": [
    -83.098259065,
    42.439652823
  ],
  ""type"": ""Point""
}",-83.098259065,42.4396528230001
16963,9224300,LAHSER,ULSTER,2015-03-24,24,3,2015,22,3,1,9,,2,1,,1,1,4,35,4,1,1,4,0,0,0,1,false,,false,false,false,false,false,,,,,,false,false,true,,,false,false,false,false,false,-83.25721,42.40953,"{
  ""coordinates"": [
    -8.325720968300000e+01,
    4.240953083100000e+01
  ],
  ""type"": ""Point""
}","{
  ""coordinates"": [
    -83.257209683,
    42.409530831
  ],
  ""type"": ""Point""
}",-83.257209683,42.409530831
16964,9227258,RAMP 145A,E I 96,2015-03-24,24,3,2015,8,3,5,1,,1,0,,1,1,1,55,1,2,3,5,0,0,0,0,true,,false,false,false,false,false,,,,,,false,false,false,,,false,false,false,false,false,-83.09283,42.3395,"{
  ""coordinates"": [
    -8.309283430600000e+01,
    4.233949775100010e+01
  ],
  ""type"": ""Point""
}","{
  ""coordinates"": [
    -83.092834306,
    42.339497751
  ],
  ""type"": ""Point""
}",-83.092834306,42.3394977510001
16965,9225014,OUTER,MARK TWAIN,2015-03-24,24,3,2015,18,3,97,9,,2,0,,1,1,1,35,2,3,3,5,0,0,0,0,true,,false,false,false,false,false,,,,,,false,false,true,,,false,false,false,false,false,-83.18735,42.41998,"{
  ""coordinates"": [
    -8.318734571800000e+01,
    4.241997960400000e+01
  ],
  ""type"": ""Point""
}","{
  ""coordinates"": [
    -83.187345718,
    42.419979604
  ],
  ""type"": ""Point""
}",-83.187345718,42.419979604
16966,9224984,WARREN,JOHN R,2015-03-24,24,3,2015,16,3,4,9,,4,0,,1,1,1,30,7,2,3,4,0,0,0,1,false,,false,false,false,false,false,,,,,,false,false,true,,,false,false,false,false,false,-83.06208,42.35759,"{
  ""coordinates"": [
    -8.306207905600000e+01,
    4.235758914100010e+01
  ],
  ""type"": ""Point""
}","{
  ""coordinates"": [
    -83.062079056,
    42.357589141
  ],
  ""type"": ""Point""
}",-83.062079056,42.3575891410001
16967,9227666,CASS,HANCOCK,2015-03-24,24,3,2015,18,3,97,9,,4,0,,1,1,1,25,2,2,3,5,0,0,0,0,true,,false,false,false,false,false,,,,,,false,false,false,,,false,false,false,false,false,-83.0657,42.35431,"{
  ""coordinates"": [
    -8.306569375299991e+01,
    4.235430961500000e+01
  ],
  ""type"": ""Point""
}","{
  ""coordinates"": [
    -83.065693753,
    42.354309615
  ],
  ""type"": ""Point""
}",-83.0656937529999,42.354309615
16968,9224194,RAMP 215H,S M 10,2015-03-24,24,3,2015,4,3,1,1,,1,1,,1,2,5,55,1,1,1,5,0,0,0,0,true,,false,false,false,false,false,,,,,,false,false,true,,,false,false,false,false,false,-83.07621,42.35811,"{
  ""coordinates"": [
    -8.307620845600000e+01,
    4.235811194900000e+01
  ],
  ""type"": ""Point""
}","{
  ""coordinates"": [
    -83.076208456,
    42.358111949
  ],
  ""type"": ""Point""
}",-83.076208456,42.358111949
16969,9234038,GRATIOT,COLLINGHAM,2015-03-24,24,3,2015,16,3,97,3,,1,0,,1,1,1,35,7,2,16,4,0,0,0,1,false,,false,false,false,false,false,,,,,,false,false,false,,,false,false,false,false,false,-82.96918,42.44796,"{
  ""coordinates"": [
    -8.296918486000000e+01,
    4.244795656700010e+01
  ],
  ""type"": ""Point""
}","{
  ""coordinates"": [
    -82.96918486,
    42.447956567
  ],
  ""type"": ""Point""
}",-82.96918486,42.4479565670001
16970,9224181,M-39,FORD,2015-03-24,24,3,2015,2,3,1,3,,1,0,,1,1,4,55,3,2,1,2,0,1,0,0,false,,false,false,false,true,false,,,,,,true,false,true,,,false,false,false,false,false,-83.21532,42.33273,"{
  ""coordinates"": [
    -8.321531812800001e+01,
    4.233272839000010e+01
  ],
  ""type"": ""Point""
}","{
  ""coordinates"": [
    -83.215318128,
    42.33272839
  ],
  ""type"": ""Point""
}",-83.215318128,42.3327283900001
16971,9225732,S I 75 SERVICE DRIVE,SPRINGWELLS,2015-03-24,24,3,2015,14,3,4,9,,4,0,,1,1,1,0,4,2,1,5,0,0,0,0,true,,true,true,true,false,false,,,,,,false,false,false,,,false,false,false,false,false,-83.11949,42.30193,"{
  ""coordinates"": [
    -8.311949412400000e+01,
    4.230192546500010e+01
  ],
  ""type"": ""Point""
}","{
  ""coordinates"": [
    -83.119494124,
    42.301925465
  ],
  ""type"": ""Point""
}",-83.119494124,42.3019254650001
16972,9223197,CONNER,CANFIELD,2015-03-24,24,3,2015,12,3,9,9,,4,2,,1,1,1,35,7,2,3,5,0,0,0,0,true,,false,false,false,false,false,,,,,,false,false,false,,,false,false,false,false,false,-82.97153,42.38765,"{
  ""coordinates"": [
    -8.297153680900000e+01,
    4.238764623200010e+01
  ],
  ""type"": ""Point""
}","{
  ""coordinates"": [
    -82.971536809,
    42.387646232
  ],
  ""type"": ""Point""
}",-82.971536809,42.3876462320001
16973,9227259,I-94,BURNS,2015-03-24,24,3,2015,15,3,5,1,,1,0,,1,1,1,55,3,2,3,5,0,0,0,0,true,,false,false,false,false,false,,,,,,false,false,false,,,false,false,false,false,false,-83.01379,42.38863,"{
  ""coordinates"": [
    -8.301378934400000e+01,
    4.238863167600000e+01
  ],
  ""type"": ""Point""
}","{
  ""coordinates"": [
    -83.013789344,
    42.388631676
  ],
  ""type"": ""Point""
}",-83.013789344,42.388631676
16974,9227247,N/B I-75,CLAY,2015-03-24,24,3,2015,14,3,1,1,,1,1,,1,1,1,70,4,1,2,5,0,0,0,0,true,,false,false,false,false,false,,,,,,false,false,true,,,false,false,false,false,false,-83.05827,42.36929,"{
  ""coordinates"": [
    -8.305827232599999e+01,
    4.236928560100010e+01
  ],
  ""type"": ""Point""
}","{
  ""coordinates"": [
    -83.058272326,
    42.369285601
  ],
  ""type"": ""Point""
}",-83.058272326,42.3692856010001
16975,9224991,EVERGREEN,WHITLOCK,2015-03-24,24,3,2015,21,3,5,9,,4,0,,1,1,4,35,2,2,0,5,0,0,0,0,true,,false,false,true,false,false,,,,,,false,false,false,,,false,false,false,false,false,-83.23524,42.33936,"{
  ""coordinates"": [
    -8.323523544100000e+01,
    4.233935760400000e+01
  ],
  ""type"": ""Point""
}","{
  ""coordinates"": [
    -83.235235441,
    42.339357604
  ],
  ""type"": ""Point""
}",-83.235235441,42.339357604
16976,9224997,FOREST,MCCLELLAN,2015-03-24,24,3,2015,22,3,4,9,,4,0,,1,1,4,30,3,2,2,4,0,0,0,2,false,,true,true,true,false,false,,,,,,false,false,false,,,false,false,false,false,false,-82.99883,42.37873,"{
  ""coordinates"": [
    -8.299883413100000e+01,
    4.237873046400010e+01
  ],
  ""type"": ""Point""
}","{
  ""coordinates"": [
    -82.998834131,
    42.378730464
  ],
  ""type"": ""Point""
}",-82.998834131,42.3787304640001
16977,9224287,ARCHDALE,FLORENCE,2015-03-24,24,3,2015,21,3,5,9,,,0,,1,1,4,25,2,2,1,5,0,0,0,0,true,,false,false,true,false,false,,,,,,false,false,false,,,false,false,false,false,false,-83.21642,42.40935,"{
  ""coordinates"": [
    -8.321642396300000e+01,
    4.240934808000000e+01
  ],
  ""type"": ""Point""
}","{
  ""coordinates"": [
    -83.216423963,
    42.40934808
  ],
  ""type"": ""Point""
}",-83.216423963,42.40934808
16978,9233997,WARREN,OUTER,2015-03-24,24,3,2015,22,3,8,9,,4,0,,1,1,4,30,6,2,0,5,0,0,0,0,true,,false,false,true,false,false,,,,,,false,false,false,,,false,false,false,false,false,-82.93632,42.40369,"{
  ""coordinates"": [
    -8.293632031200001e+01,
    4.240369088200000e+01
  ],
  ""type"": ""Point""
}","{
  ""coordinates"": [
    -82.936320312,
    42.403690882
  ],
  ""type"": ""Point""
}",-82.936320312,42.403690882
16979,9223118,8 MILE,I-75 SERVICE,2015-03-24,24,3,2015,23,3,8,3,,1,0,,1,1,4,45,3,2,2,5,0,0,0,0,true,,true,true,false,false,false,,,,,,false,false,false,,,false,false,false,false,false,-83.09534,42.44678,"{
  ""coordinates"": [
    -8.309534820499989e+01,
    4.244678679100010e+01
  ],
  ""type"": ""Point""
}","{
  ""coordinates"": [
    -83.095348205,
    42.446786791
  ],
  ""type"": ""Point""
}",-83.0953482049999,42.4467867910001
16980,9227260,M-10,FOREST,2015-03-24,24,3,2015,17,3,5,3,,1,0,,1,1,1,55,3,4,4,5,0,0,0,0,true,,false,false,false,false,false,,,,,,false,false,false,,,false,false,false,false,false,-83.07235,42.35167,"{
  ""coordinates"": [
    -8.307234782899999e+01,
    4.235166959900000e+01
  ],
  ""type"": ""Point""
}","{
  ""coordinates"": [
    -83.072347829,
    42.351669599
  ],
  ""type"": ""Point""
}",-83.072347829,42.351669599
16981,9286146,JOHN R,CANFIELD,2015-03-24,24,3,2015,7,3,5,9,,4,0,,1,1,1,35,2,2,2,5,0,0,0,0,true,,false,false,false,false,false,,,,,,false,false,false,,,false,false,false,false,false,-83.05953,42.35386,"{
  ""coordinates"": [
    -8.305953484100000e+01,
    4.235385905900010e+01
  ],
  ""type"": ""Point""
}","{
  ""coordinates"": [
    -83.059534841,
    42.353859059
  ],
  ""type"": ""Point""
}",-83.059534841,42.3538590590001
16982,9227544,LARNED,SHELBY,2015-03-24,24,3,2015,19,3,5,9,,4,0,,1,1,2,35,3,2,2,5,0,0,0,0,true,,false,false,false,false,false,,,,,,false,false,true,,,false,false,false,false,false,-83.04743,42.32848,"{
  ""coordinates"": [
    -8.304743342200000e+01,
    4.232847655600010e+01
  ],
  ""type"": ""Point""
}","{
  ""coordinates"": [
    -83.047433422,
    42.328476556
  ],
  ""type"": ""Point""
}",-83.047433422,42.3284765560001
16983,9224993,PLYMOUTH,OUTER,2015-03-24,24,3,2015,17,3,5,9,,4,0,,1,1,1,40,4,2,2,4,0,0,0,1,false,,false,false,true,false,false,,,,,,false,false,false,,,false,false,false,false,false,-83.2609,42.37159,"{
  ""coordinates"": [
    -8.326090145200000e+01,
    4.237159427000010e+01
  ],
  ""type"": ""Point""
}","{
  ""coordinates"": [
    -83.260901452,
    42.37159427
  ],
  ""type"": ""Point""
}",-83.260901452,42.3715942700001
16984,9227269,RAMP 109B,S M 10,2015-03-24,24,3,2015,9,3,5,3,,1,0,,1,1,1,55,1,2,2,5,0,0,0,0,true,,false,false,false,false,false,,,,,,false,false,true,,,false,false,false,false,false,-83.10935,42.39686,"{
  ""coordinates"": [
    -8.310934993500000e+01,
    4.239686167600010e+01
  ],
  ""type"": ""Point""
}","{
  ""coordinates"": [
    -83.109349935,
    42.396861676
  ],
  ""type"": ""Point""
}",-83.109349935,42.3968616760001
16985,9223198,LAFAYETTE,ORLEANS,2015-03-24,24,3,2015,8,3,4,9,,4,0,,1,1,1,30,2,2,2,5,0,0,0,0,true,,false,false,false,false,false,,,,,,false,true,false,,,false,false,false,false,false,-83.03065,42.33873,"{
  ""coordinates"": [
    -8.303065525100000e+01,
    4.233873524300000e+01
  ],
  ""type"": ""Point""
}","{
  ""coordinates"": [
    -83.030655251,
    42.338735243
  ],
  ""type"": ""Point""
}",-83.030655251,42.338735243
16986,9224297,MONTROSE,WARREN,2015-03-24,24,3,2015,15,3,97,9,,,0,,1,1,1,25,1,2,2,5,0,0,0,0,true,,false,false,false,false,false,,,,,,false,false,false,,,false,false,false,false,false,-83.19868,42.34366,"{
  ""coordinates"": [
    -8.319868713800000e+01,
    4.234366167700010e+01
  ],
  ""type"": ""Point""
}","{
  ""coordinates"": [
    -83.198687138,
    42.343661677
  ],
  ""type"": ""Point""
}",-83.198687138,42.3436616770001
16987,9224195,I96,M39,2015-03-24,24,3,2015,17,3,5,1,,1,0,,1,1,1,55,3,3,5,4,0,0,0,3,false,,false,false,false,false,false,,,,,,false,false,false,,,false,false,false,false,false,-83.22679,42.37786,"{
  ""coordinates"": [
    -8.322679519000000e+01,
    4.237786565400010e+01
  ],
  ""type"": ""Point""
}","{
  ""coordinates"": [
    -83.22679519,
    42.377865654
  ],
  ""type"": ""Point""
}",-83.22679519,42.3778656540001
16988,9227248,E/B I-94,TRUMBULL,2015-03-24,24,3,2015,15,3,5,1,,1,0,,1,1,1,55,3,2,2,5,0,0,0,0,true,,false,false,false,false,false,,,,,,false,false,false,,,false,false,false,false,false,-83.07952,42.35687,"{
  ""coordinates"": [
    -8.307952489900001e+01,
    4.235687033100000e+01
  ],
  ""type"": ""Point""
}","{
  ""coordinates"": [
    -83.079524899,
    42.356870331
  ],
  ""type"": ""Point""
}",-83.079524899,42.356870331
16989,9227326,I-96,I-75,2015-03-24,24,3,2015,8,3,8,1,,1,0,,1,1,1,70,4,3,42,5,0,0,0,0,true,,false,false,false,false,false,,,,,,false,false,false,,,false,false,false,false,false,-83.0849,42.32585,"{
  ""coordinates"": [
    -8.308490101699989e+01,
    4.232585107800000e+01
  ],
  ""type"": ""Point""
}","{
  ""coordinates"": [
    -83.084901017,
    42.325851078
  ],
  ""type"": ""Point""
}",-83.0849010169999,42.325851078
16990,9224330,8 MILE,MOENART,2015-03-24,24,3,2015,18,3,5,3,,1,0,,1,1,1,40,4,2,2,5,0,0,0,0,true,,false,false,false,false,false,,,,,,false,false,false,,,false,false,false,false,false,-83.05109,42.44758,"{
  ""coordinates"": [
    -8.305108763000000e+01,
    4.244757897700000e+01
  ],
  ""type"": ""Point""
}","{
  ""coordinates"": [
    -83.05108763,
    42.447578977
  ],
  ""type"": ""Point""
}",-83.05108763,42.447578977
16991,9229206,7 MILE,HUBBELL,2015-03-24,24,3,2015,9,3,8,9,,2,0,,1,1,1,30,3,2,2,5,0,0,0,0,true,,false,false,false,false,false,,,,,,false,true,false,,,false,false,false,false,false,-83.18995,42.43072,"{
  ""coordinates"": [
    -8.318995152699991e+01,
    4.243072152200010e+01
  ],
  ""type"": ""Point""
}","{
  ""coordinates"": [
    -83.189951527,
    42.430721522
  ],
  ""type"": ""Point""
}",-83.1899515269999,42.4307215220001
16992,9225768,OUTER,LESURE,2015-03-24,24,3,2015,8,3,8,9,,2,0,,1,1,1,35,3,2,2,5,0,0,0,0,true,,false,false,true,false,false,,,,,,false,false,false,,,false,false,false,false,false,-83.18159,42.42007,"{
  ""coordinates"": [
    -8.318159464400000e+01,
    4.242007564100000e+01
  ],
  ""type"": ""Point""
}","{
  ""coordinates"": [
    -83.181594644,
    42.420075641
  ],
  ""type"": ""Point""
}",-83.181594644,42.420075641
16993,9224302,GRAND RIVER,KENTFIELD,2015-03-24,24,3,2015,9,3,1,3,,1,1,,1,1,1,35,6,1,1,5,0,0,0,0,true,,false,false,false,false,false,,,,,,false,false,false,,,false,false,false,false,false,-83.2405,42.40963,"{
  ""coordinates"": [
    -8.324050114700000e+01,
    4.240963176900000e+01
  ],
  ""type"": ""Point""
}","{
  ""coordinates"": [
    -83.240501147,
    42.409631769
  ],
  ""type"": ""Point""
}",-83.240501147,42.409631769
16994,9224971,BUTTERNUT,18 TH,2015-03-24,24,3,2015,8,3,1,9,,,0,,1,1,1,25,2,1,1,5,0,0,0,0,true,,false,false,false,false,false,,,,,,false,false,false,,,false,false,false,false,false,-83.08387,42.33466,"{
  ""coordinates"": [
    -8.308386790899991e+01,
    4.233465945100010e+01
  ],
  ""type"": ""Point""
}","{
  ""coordinates"": [
    -83.083867909,
    42.334659451
  ],
  ""type"": ""Point""
}",-83.0838679089999,42.3346594510001
16995,9224318,LINWOOD,COLUMBUS,2015-03-24,24,3,2015,17,3,5,9,,4,0,,1,1,1,25,2,2,2,5,0,0,0,0,true,,false,false,false,false,false,,,,,,false,false,false,,,false,false,false,false,false,-83.10284,42.36462,"{
  ""coordinates"": [
    -8.310284247800000e+01,
    4.236462492300010e+01
  ],
  ""type"": ""Point""
}","{
  ""coordinates"": [
    -83.102842478,
    42.364624923
  ],
  ""type"": ""Point""
}",-83.102842478,42.3646249230001