ObjectId,Crash ID,Primary Road,Intersecting Road,Crash Date,Day,Month,Year,Hour,Weekday,Crash Type Code,Highway Classification Code,Community Code,Jurisdiction Code,Lane Departure Type Code,Surface Type,Road Condition,Weather Condition,Lighting Condition,Speed Limit,Lanes,Units,Occupants,Most Severe Injury,Fatal Injuries,Suspected Serious Injuries,Suspected Minor Injuries,Possible Injuries,Property Damage Only,Secondary Crash,Traffic Control,Red Light Run,Hit and Run,Alcohol,Drugs,Unbelted Person,Work Zone,Speeding Driver,Distracted Driver,Driveway,Pedestrian,Elderly Driver,Young Driver,Commercial Vehicle,Emergency Vehicles,Train,School Bus,Motorcycle,Bicycle,Deer,Longitude,Latitude,geom,geog,x,y
17110,9224286,MEYERS,E I 96 SERVICE DRIVE,2015-03-21,21,3,2015,3,7,97,9,,4,0,,1,1,3,35,2,2,4,5,0,0,0,0,true,,false,false,true,false,false,,,,,,false,false,false,,,false,false,false,false,false,-83.16856,42.38451,"{
  ""coordinates"": [
    -8.316856580500000e+01,
    4.238451322200010e+01
  ],
  ""type"": ""Point""
}","{
  ""coordinates"": [
    -83.168565805,
    42.384513222
  ],
  ""type"": ""Point""
}",-83.168565805,42.3845132220001
17111,9221109,DAVISON,E M 8,2015-03-21,21,3,2015,23,7,97,3,,1,0,,1,1,4,30,6,2,1,5,0,0,0,0,true,,false,false,true,false,false,,,,,,false,false,true,,,false,false,false,false,false,-83.11111,42.39741,"{
  ""coordinates"": [
    -8.311110445900000e+01,
    4.239740987500010e+01
  ],
  ""type"": ""Point""
}","{
  ""coordinates"": [
    -83.111104459,
    42.397409875
  ],
  ""type"": ""Point""
}",-83.111104459,42.3974098750001
17112,9233987,RAMP 215F,S M 10,2015-03-21,21,3,2015,15,7,1,1,,1,1,,2,3,1,30,1,1,2,3,0,0,2,0,false,,false,false,false,false,false,,,,,,false,false,false,,,false,false,false,false,false,-83.07793,42.36115,"{
  ""coordinates"": [
    -8.307792389500000e+01,
    4.236115411300010e+01
  ],
  ""type"": ""Point""
}","{
  ""coordinates"": [
    -83.077923895,
    42.361154113
  ],
  ""type"": ""Point""
}",-83.077923895,42.3611541130001
17113,9234040,HAYES,EIGHT MILE,2015-03-21,21,3,2015,10,7,8,9,,4,0,,1,1,1,30,2,2,4,5,0,0,0,0,true,,false,false,false,false,false,,,,,,false,false,false,,,false,false,false,false,false,-82.96603,42.44851,"{
  ""coordinates"": [
    -8.296603461799999e+01,
    4.244850471500010e+01
  ],
  ""type"": ""Point""
}","{
  ""coordinates"": [
    -82.966034618,
    42.448504715
  ],
  ""type"": ""Point""
}",-82.966034618,42.4485047150001
17114,9221885,VAN DYKE,BLISS,2015-03-21,21,3,2015,0,7,1,3,,1,1,,1,1,4,35,5,1,1,4,0,0,0,1,false,,false,false,false,false,false,,,,,,false,false,true,,,false,false,false,false,false,-83.02435,42.43712,"{
  ""coordinates"": [
    -8.302435069500000e+01,
    4.243712386000000e+01
  ],
  ""type"": ""Point""
}","{
  ""coordinates"": [
    -83.024350695,
    42.43712386
  ],
  ""type"": ""Point""
}",-83.024350695,42.43712386
17115,9223202,JAMES COUZENS,PEMBROKE,2015-03-21,21,3,2015,19,7,8,9,,4,0,,1,2,2,25,2,2,1,5,0,0,0,0,true,,false,false,true,false,false,,,,,,false,false,false,,,false,false,false,false,false,-83.19457,42.43781,"{
  ""coordinates"": [
    -8.319456963899999e+01,
    4.243780991200000e+01
  ],
  ""type"": ""Point""
}","{
  ""coordinates"": [
    -83.194569639,
    42.437809912
  ],
  ""type"": ""Point""
}",-83.194569639,42.437809912
17116,9224987,CAMERON,CUSTER,2015-03-21,21,3,2015,5,7,9,9,,,0,,1,1,4,25,1,2,1,4,0,0,0,1,false,,false,false,false,false,false,,,,,,false,false,false,,,false,false,false,false,false,-83.06326,42.37605,"{
  ""coordinates"": [
    -8.306325836400001e+01,
    4.237605376000000e+01
  ],
  ""type"": ""Point""
}","{
  ""coordinates"": [
    -83.063258364,
    42.37605376
  ],
  ""type"": ""Point""
}",-83.063258364,42.37605376
17117,9223188,KENTUCKY,FULLERTON,2015-03-21,21,3,2015,19,7,9,9,,,2,,1,1,1,25,1,3,4,3,0,0,1,1,false,,false,false,true,false,false,,,,,,false,false,false,,,false,false,false,false,false,-83.15781,42.38082,"{
  ""coordinates"": [
    -8.315781456799991e+01,
    4.238082254900010e+01
  ],
  ""type"": ""Point""
}","{
  ""coordinates"": [
    -83.157814568,
    42.380822549
  ],
  ""type"": ""Point""
}",-83.1578145679999,42.3808225490001
17118,9222513,I-75,WILKINS,2015-03-21,21,3,2015,18,7,5,1,,1,0,,1,1,1,55,5,2,4,5,0,0,0,0,true,,false,false,false,false,false,,,,,,false,false,true,,,false,false,false,false,false,-83.04547,42.34713,"{
  ""coordinates"": [
    -8.304547402199999e+01,
    4.234713221800010e+01
  ],
  ""type"": ""Point""
}","{
  ""coordinates"": [
    -83.045474022,
    42.347132218
  ],
  ""type"": ""Point""
}",-83.045474022,42.3471322180001
17119,9323347,EB 94,CONNER,2015-03-21,21,3,2015,1,7,1,1,,1,1,,1,1,4,55,3,1,1,5,0,0,0,0,true,,false,false,false,false,false,,,,,,false,false,true,,,false,false,false,false,false,-82.98824,42.39608,"{
  ""coordinates"": [
    -8.298823699400000e+01,
    4.239608304200000e+01
  ],
  ""type"": ""Point""
}","{
  ""coordinates"": [
    -82.988236994,
    42.396083042
  ],
  ""type"": ""Point""
}",-82.988236994,42.396083042
17120,9221116,7 MILE,WHITCOMB,2015-03-21,21,3,2015,1,7,8,9,,2,0,,1,1,4,35,2,2,2,5,0,0,0,0,true,,false,false,false,false,false,,,,,,false,false,false,,,false,false,false,false,false,-83.19742,42.43048,"{
  ""coordinates"": [
    -8.319741447699990e+01,
    4.243047967900000e+01
  ],
  ""type"": ""Point""
}","{
  ""coordinates"": [
    -83.197414477,
    42.430479679
  ],
  ""type"": ""Point""
}",-83.1974144769999,42.430479679
17121,9222538,N I 375,RAMP 041I,2015-03-21,21,3,2015,22,7,8,1,,1,0,,1,1,4,55,3,2,1,5,0,0,0,0,true,,false,false,true,false,false,,,,,,false,false,true,,,false,false,false,false,false,-83.04366,42.34301,"{
  ""coordinates"": [
    -8.304365854400000e+01,
    4.234301443600000e+01
  ],
  ""type"": ""Point""
}","{
  ""coordinates"": [
    -83.043658544,
    42.343014436
  ],
  ""type"": ""Point""
}",-83.043658544,42.343014436
17122,9227533,SHELBY,CONGRESS,2015-03-21,21,3,2015,2,7,9,9,,4,0,,1,1,1,15,2,2,2,5,0,0,0,0,true,,false,false,false,false,false,,,,,,false,false,true,,,false,false,false,false,false,-83.04808,42.32925,"{
  ""coordinates"": [
    -8.304807767200001e+01,
    4.232925516100000e+01
  ],
  ""type"": ""Point""
}","{
  ""coordinates"": [
    -83.048077672,
    42.329255161
  ],
  ""type"": ""Point""
}",-83.048077672,42.329255161
17123,9221076,VERNOR,INFANTRY,2015-03-21,21,3,2015,3,7,1,9,,4,1,,1,1,4,30,2,1,3,3,0,0,1,0,false,,false,false,false,true,false,,,,,,false,false,false,,,false,false,false,false,false,-83.11182,42.31556,"{
  ""coordinates"": [
    -8.311182104700001e+01,
    4.231556498300010e+01
  ],
  ""type"": ""Point""
}","{
  ""coordinates"": [
    -83.111821047,
    42.315564983
  ],
  ""type"": ""Point""
}",-83.111821047,42.3155649830001
17124,9224988,GRAND,JOHN R,2015-03-21,21,3,2015,3,7,5,9,,4,0,,1,1,5,35,3,2,1,5,0,0,0,0,true,,false,false,true,false,false,,,,,,false,false,true,,,false,false,false,false,false,-83.07104,42.37099,"{
  ""coordinates"": [
    -8.307103587700000e+01,
    4.237099004900010e+01
  ],
  ""type"": ""Point""
}","{
  ""coordinates"": [
    -83.071035877,
    42.370990049
  ],
  ""type"": ""Point""
}",-83.071035877,42.3709900490001
17125,9228233,14325 GRANDVILLE,ACACIA,2015-03-21,21,3,2015,23,7,2,9,,,2,,1,1,5,25,1,2,0,5,0,0,0,0,true,,false,false,true,false,false,,,,,,false,false,true,,,false,false,false,false,false,-83.23101,42.39146,"{
  ""coordinates"": [
    -8.323101420700000e+01,
    4.239146282300000e+01
  ],
  ""type"": ""Point""
}","{
  ""coordinates"": [
    -83.231014207,
    42.391462823
  ],
  ""type"": ""Point""
}",-83.231014207,42.391462823
17126,9222624,SAINT PAUL,GRAND,2015-03-21,21,3,2015,9,7,97,9,,,0,,1,2,1,25,2,2,0,5,0,0,0,0,true,,false,false,true,false,false,,,,,,false,false,false,,,false,false,false,false,false,-83.0062,42.35357,"{
  ""coordinates"": [
    -8.300620568399999e+01,
    4.235357413400000e+01
  ],
  ""type"": ""Point""
}","{
  ""coordinates"": [
    -83.006205684,
    42.353574134
  ],
  ""type"": ""Point""
}",-83.006205684,42.353574134
17127,9233968,MEUSE,CADIEUX,2015-03-21,21,3,2015,19,7,5,9,,,0,,1,1,3,25,1,2,2,5,0,0,0,0,true,,false,false,true,false,false,,,,,,false,false,false,,,false,false,false,false,false,-82.93985,42.42132,"{
  ""coordinates"": [
    -8.293985095499990e+01,
    4.242131966500010e+01
  ],
  ""type"": ""Point""
}","{
  ""coordinates"": [
    -82.939850955,
    42.421319665
  ],
  ""type"": ""Point""
}",-82.9398509549999,42.4213196650001
17128,9221115,SNOWDEN,CLARITA,2015-03-21,21,3,2015,8,7,4,9,,,0,,1,1,1,25,2,2,4,5,0,0,0,0,true,,false,false,false,false,false,,,,,,false,false,false,,,false,false,false,false,false,-83.17805,42.4293,"{
  ""coordinates"": [
    -8.317804496500000e+01,
    4.242929700000010e+01
  ],
  ""type"": ""Point""
}","{
  ""coordinates"": [
    -83.178044965,
    42.429297
  ],
  ""type"": ""Point""
}",-83.178044965,42.4292970000001
17129,9221870,GRAND RIVER,TELEGRAPH,2015-03-21,21,3,2015,19,7,5,3,,1,0,,1,1,2,45,6,2,2,5,0,0,0,0,true,,false,false,false,false,false,,,,,,false,false,true,,,false,false,false,false,false,-83.27727,42.42452,"{
  ""coordinates"": [
    -8.327726531499999e+01,
    4.242451844900010e+01
  ],
  ""type"": ""Point""
}","{
  ""coordinates"": [
    -83.277265315,
    42.424518449
  ],
  ""type"": ""Point""
}",-83.277265315,42.4245184490001
17130,9221108,7 MILE,HUBBELL,2015-03-21,21,3,2015,1,7,1,9,,2,1,,1,1,4,35,6,1,1,4,0,0,0,1,false,,false,false,false,true,false,,,,,,false,false,false,,,false,false,false,false,false,-83.19028,42.43071,"{
  ""coordinates"": [
    -8.319028405499991e+01,
    4.243071081700000e+01
  ],
  ""type"": ""Point""
}","{
  ""coordinates"": [
    -83.190284055,
    42.430710817
  ],
  ""type"": ""Point""
}",-83.1902840549999,42.430710817
17131,9221117,JOHN R,EDGEVILLE,2015-03-21,21,3,2015,23,7,8,9,,4,0,,1,1,4,30,2,2,4,5,0,0,0,0,true,,false,false,true,false,false,,,,,,false,false,true,,,false,false,false,false,false,-83.10184,42.41878,"{
  ""coordinates"": [
    -8.310184092400000e+01,
    4.241877654100010e+01
  ],
  ""type"": ""Point""
}","{
  ""coordinates"": [
    -83.101840924,
    42.418776541
  ],
  ""type"": ""Point""
}",-83.101840924,42.4187765410001
17132,9222537,S I 75/GRATIOT,RAMP 042A,2015-03-21,21,3,2015,18,7,8,7,,1,0,,1,1,1,55,2,2,3,2,0,1,0,1,false,,false,false,false,false,false,,,,,,false,true,true,,,false,false,false,false,false,-83.03764,42.34595,"{
  ""coordinates"": [
    -8.303764403900000e+01,
    4.234594735400000e+01
  ],
  ""type"": ""Point""
}","{
  ""coordinates"": [
    -83.037644039,
    42.345947354
  ],
  ""type"": ""Point""
}",-83.037644039,42.345947354
17133,9257046,ANNCHESTER,MCNICHOLS,2015-03-21,21,3,2015,21,7,8,9,,,0,,1,1,4,25,2,2,1,5,0,0,0,0,true,,false,false,false,false,false,,,,,,false,false,false,,,false,false,false,false,false,-83.23506,42.41797,"{
  ""coordinates"": [
    -8.323506510599999e+01,
    4.241797241800000e+01
  ],
  ""type"": ""Point""
}","{
  ""coordinates"": [
    -83.235065106,
    42.417972418
  ],
  ""type"": ""Point""
}",-83.235065106,42.417972418
17134,9221084,VAN DYKE,GRINNELL,2015-03-21,21,3,2015,0,7,5,3,,1,0,,1,1,4,35,1,2,3,5,0,0,0,0,true,,false,false,false,false,false,,,,,,false,false,false,,,false,false,false,false,false,-83.02297,42.40054,"{
  ""coordinates"": [
    -8.302297548999999e+01,
    4.240054163400000e+01
  ],
  ""type"": ""Point""
}","{
  ""coordinates"": [
    -83.02297549,
    42.400541634
  ],
  ""type"": ""Point""
}",-83.02297549,42.400541634
17135,9221112,WOODWARD,7 MILE,2015-03-21,21,3,2015,5,7,1,3,,1,0,,1,1,4,40,8,1,1,5,0,0,0,0,true,,false,false,false,false,false,,,,,,false,false,false,,,false,false,false,false,false,-83.11522,42.43183,"{
  ""coordinates"": [
    -8.311521577500000e+01,
    4.243183127600000e+01
  ],
  ""type"": ""Point""
}","{
  ""coordinates"": [
    -83.115215775,
    42.431831276
  ],
  ""type"": ""Point""
}",-83.115215775,42.431831276
17136,9225012,HARTWELL,7 MILE,2015-03-21,21,3,2015,22,7,8,9,,,0,,1,1,4,25,2,2,0,5,0,0,0,0,true,,false,false,true,false,false,,,,,,false,false,false,,,false,false,false,false,false,-83.17928,42.4309,"{
  ""coordinates"": [
    -8.317927525600000e+01,
    4.243090318500000e+01
  ],
  ""type"": ""Point""
}","{
  ""coordinates"": [
    -83.179275256,
    42.430903185
  ],
  ""type"": ""Point""
}",-83.179275256,42.430903185
17137,9227611,SEVEN MILE,LINDSAY,2015-03-21,21,3,2015,19,7,4,9,,2,0,,1,1,4,35,4,2,1,4,0,0,0,1,false,,false,false,true,false,false,,,,,,false,false,false,,,false,false,false,false,false,-83.21384,42.43016,"{
  ""coordinates"": [
    -8.321384688400001e+01,
    4.243016413000000e+01
  ],
  ""type"": ""Point""
}","{
  ""coordinates"": [
    -83.213846884,
    42.43016413
  ],
  ""type"": ""Point""
}",-83.213846884,42.43016413
17138,9221876,OUTER,CONANT,2015-03-21,21,3,2015,22,7,8,9,,2,0,,1,1,4,30,1,2,3,4,0,0,0,1,false,,true,true,true,false,false,,,,,,false,false,false,,,false,false,false,false,false,-83.07895,42.44027,"{
  ""coordinates"": [
    -8.307894786400000e+01,
    4.244026728100000e+01
  ],
  ""type"": ""Point""
}","{
  ""coordinates"": [
    -83.078947864,
    42.440267281
  ],
  ""type"": ""Point""
}",-83.078947864,42.440267281
17139,9225007,SOUTHFIELD,8 MILE,2015-03-21,21,3,2015,18,7,5,3,,5,0,,1,1,1,55,3,2,2,4,0,0,0,1,false,,false,false,false,false,false,,,,,,false,true,false,,,false,false,false,false,false,-83.21927,42.44405,"{
  ""coordinates"": [
    -8.321926573499999e+01,
    4.244405255500000e+01
  ],
  ""type"": ""Point""
}","{
  ""coordinates"": [
    -83.219265735,
    42.444052555
  ],
  ""type"": ""Point""
}",-83.219265735,42.444052555
17140,9227620,TACOMA,HICKORY,2015-03-21,21,3,2015,19,7,97,9,,,0,,1,1,1,25,1,2,1,4,0,0,0,1,false,,false,false,true,false,false,,,,,,true,false,false,,,false,false,false,false,false,-82.98724,42.44134,"{
  ""coordinates"": [
    -8.298723616900000e+01,
    4.244134039600000e+01
  ],
  ""type"": ""Point""
}","{
  ""coordinates"": [
    -82.987236169,
    42.441340396
  ],
  ""type"": ""Point""
}",-82.987236169,42.441340396
17141,9221865,MURRAY HILL,GROVE,2015-03-21,21,3,2015,14,7,97,9,,,0,,1,1,1,25,1,2,1,5,0,0,0,0,true,,false,false,true,false,false,,,,,,false,false,true,,,false,false,false,false,false,-83.20786,42.41342,"{
  ""coordinates"": [
    -8.320785673099989e+01,
    4.241341788700000e+01
  ],
  ""type"": ""Point""
}","{
  ""coordinates"": [
    -83.207856731,
    42.413417887
  ],
  ""type"": ""Point""
}",-83.2078567309999,42.413417887
17142,9224284,PUTAIN,MONTAVISTA,2015-03-21,21,3,2015,13,7,5,9,,4,0,,1,1,1,35,3,2,1,5,0,0,0,0,true,,false,false,false,false,false,,,,,,false,false,false,,,false,false,false,false,false,-83.16763,42.40957,"{
  ""coordinates"": [
    -8.316762810599990e+01,
    4.240957076300000e+01
  ],
  ""type"": ""Point""
}","{
  ""coordinates"": [
    -83.167628106,
    42.409570763
  ],
  ""type"": ""Point""
}",-83.1676281059999,42.409570763
17143,9227665,WARREN,TRUMBULL,2015-03-21,21,3,2015,17,7,8,9,,4,0,,97,98,98,30,4,2,0,5,0,0,0,0,true,,false,false,true,false,false,,,,,,false,false,false,,,false,false,false,false,false,-83.07897,42.35201,"{
  ""coordinates"": [
    -8.307896832800000e+01,
    4.235200641200000e+01
  ],
  ""type"": ""Point""
}","{
  ""coordinates"": [
    -83.078968328,
    42.352006412
  ],
  ""type"": ""Point""
}",-83.078968328,42.352006412
17144,9221884,SHERWOOD,DAVISON,2015-03-20,20,3,2015,11,6,5,9,,4,0,,1,2,1,20,2,2,5,5,0,0,0,0,true,,false,false,false,false,false,,,,,,false,true,false,,,false,false,false,false,false,-83.0336,42.42333,"{
  ""coordinates"": [
    -8.303360181200000e+01,
    4.242333381700010e+01
  ],
  ""type"": ""Point""
}","{
  ""coordinates"": [
    -83.033601812,
    42.423333817
  ],
  ""type"": ""Point""
}",-83.033601812,42.4233338170001
17145,9220964,I-94,CHALMERS,2015-03-20,20,3,2015,7,6,5,1,,1,0,,1,1,2,55,3,2,2,5,0,0,0,0,true,,false,false,true,false,false,,,,,,false,false,false,,,false,false,false,false,false,-82.96394,42.40392,"{
  ""coordinates"": [
    -8.296394601899991e+01,
    4.240392483100000e+01
  ],
  ""type"": ""Point""
}","{
  ""coordinates"": [
    -82.963946019,
    42.403924831
  ],
  ""type"": ""Point""
}",-82.9639460189999,42.403924831
17146,9221078,I 94 SERVICE,HEREFORD,2015-03-20,20,3,2015,14,6,8,9,,4,0,,1,1,1,35,2,2,1,5,0,0,0,0,true,,false,false,true,false,false,,,,,,false,true,false,,,false,false,false,false,false,-82.93191,42.41973,"{
  ""coordinates"": [
    -8.293190852899990e+01,
    4.241973518600000e+01
  ],
  ""type"": ""Point""
}","{
  ""coordinates"": [
    -82.931908529,
    42.419735186
  ],
  ""type"": ""Point""
}",-82.9319085289999,42.419735186
17147,9221090,OAKFIELD,GRAND RIVER,2015-03-20,20,3,2015,11,6,97,3,,,0,,1,2,1,15,2,2,1,5,0,0,0,0,true,,false,false,true,false,false,,,,,,false,false,false,,,false,false,false,false,false,-83.21413,42.39929,"{
  ""coordinates"": [
    -8.321413346500000e+01,
    4.239929322500010e+01
  ],
  ""type"": ""Point""
}","{
  ""coordinates"": [
    -83.214133465,
    42.399293225
  ],
  ""type"": ""Point""
}",-83.214133465,42.3992932250001
17148,9221776,M-39,MCNICHOLS,2015-03-20,20,3,2015,9,6,8,3,,1,0,,1,2,1,55,3,2,2,5,0,0,0,0,true,,false,false,true,false,false,,,,,,false,false,false,,,false,false,false,false,false,-83.21886,42.41191,"{
  ""coordinates"": [
    -8.321885688600000e+01,
    4.241191175200000e+01
  ],
  ""type"": ""Point""
}","{
  ""coordinates"": [
    -83.218856886,
    42.411911752
  ],
  ""type"": ""Point""
}",-83.218856886,42.411911752
17149,9221070,MARTIN LUTHER KING JR,LAWTON,2015-03-20,20,3,2015,15,6,5,9,,4,0,,1,1,1,25,2,2,3,5,0,0,0,0,true,,false,false,false,false,false,,,,,,false,false,false,,,false,false,false,false,false,-83.08855,42.33695,"{
  ""coordinates"": [
    -8.308854374399991e+01,
    4.233694844800000e+01
  ],
  ""type"": ""Point""
}","{
  ""coordinates"": [
    -83.088543744,
    42.336948448
  ],
  ""type"": ""Point""
}",-83.0885437439999,42.336948448
17150,9221877,BLOOM,HAMLET,2015-03-20,20,3,2015,21,6,8,9,,,0,,1,1,4,25,2,2,4,5,0,0,0,0,true,,false,false,true,false,false,,,,,,false,false,false,,,false,false,false,false,false,-83.04967,42.44619,"{
  ""coordinates"": [
    -8.304967601300000e+01,
    4.244619379400010e+01
  ],
  ""type"": ""Point""
}","{
  ""coordinates"": [
    -83.049676013,
    42.446193794
  ],
  ""type"": ""Point""
}",-83.049676013,42.4461937940001
17151,9221864,MCNICHOLS,SOUTHFIELD SERVICE DRIVE,2015-03-20,20,3,2015,20,6,97,9,,2,0,,1,1,4,25,2,2,0,5,0,0,0,0,true,,false,false,true,false,false,,,,,,false,false,false,,,false,false,false,false,false,-83.21926,42.41553,"{
  ""coordinates"": [
    -8.321925737799999e+01,
    4.241553547500010e+01
  ],
  ""type"": ""Point""
}","{
  ""coordinates"": [
    -83.219257378,
    42.415535475
  ],
  ""type"": ""Point""
}",-83.219257378,42.4155354750001
17152,9221860,MEYERS,OAKMAN,2015-03-20,20,3,2015,11,6,5,9,,5,0,,1,1,98,25,2,2,0,5,0,0,0,0,true,,false,false,true,false,false,,,,,,false,false,false,,,false,false,false,false,false,-83.16762,42.35654,"{
  ""coordinates"": [
    -8.316761540700000e+01,
    4.235653761400000e+01
  ],
  ""type"": ""Point""
}","{
  ""coordinates"": [
    -83.167615407,
    42.356537614
  ],
  ""type"": ""Point""
}",-83.167615407,42.356537614
17153,9221113,WYOMING,GROVE,2015-03-20,20,3,2015,16,6,5,9,,4,0,,1,1,1,30,2,2,5,4,0,0,0,1,false,,false,false,false,false,false,,,,,,false,false,true,,,false,false,false,false,false,-83.16025,42.41537,"{
  ""coordinates"": [
    -8.316024508399990e+01,
    4.241536834000000e+01
  ],
  ""type"": ""Point""
}","{
  ""coordinates"": [
    -83.160245084,
    42.41536834
  ],
  ""type"": ""Point""
}",-83.1602450839999,42.41536834
17154,9225731,HOWARD,SECOND,2015-03-20,20,3,2015,15,6,97,9,,,3,,1,1,1,25,2,2,0,5,0,0,0,0,true,,false,false,true,false,false,,,,,,false,false,false,,,false,false,false,false,false,-83.05446,42.32995,"{
  ""coordinates"": [
    -8.305445969999990e+01,
    4.232994964300010e+01
  ],
  ""type"": ""Point""
}","{
  ""coordinates"": [
    -83.0544597,
    42.329949643
  ],
  ""type"": ""Point""
}",-83.0544596999999,42.3299496430001
17155,9220963,I-94,VAN DYKE,2015-03-20,20,3,2015,6,6,1,1,,1,1,,1,1,4,55,3,1,2,4,0,0,0,2,false,,false,false,false,false,false,,,,,,false,false,false,,,false,false,false,false,false,-83.01144,42.38956,"{
  ""coordinates"": [
    -8.301144679799999e+01,
    4.238956305700000e+01
  ],
  ""type"": ""Point""
}","{
  ""coordinates"": [
    -83.011446798,
    42.389563057
  ],
  ""type"": ""Point""
}",-83.011446798,42.389563057
17156,9221114,JOHN R,NEVADA,2015-03-20,20,3,2015,10,6,5,9,,4,0,,1,1,1,25,2,2,2,5,0,0,0,0,true,,false,false,false,false,false,,,,,,false,false,false,,,false,false,false,false,false,-83.10206,42.42477,"{
  ""coordinates"": [
    -8.310205992000000e+01,
    4.242476907400000e+01
  ],
  ""type"": ""Point""
}","{
  ""coordinates"": [
    -83.10205992,
    42.424769074
  ],
  ""type"": ""Point""
}",-83.10205992,42.424769074
17157,9222616,JEFFERSON,BEAUBIEN,2015-03-20,20,3,2015,8,6,8,4,,1,0,,1,4,1,35,4,2,1,5,0,0,0,0,true,,false,false,true,false,false,,,,,,false,false,false,,,false,false,false,false,false,-83.03965,42.33059,"{
  ""coordinates"": [
    -8.303964741700000e+01,
    4.233058677200010e+01
  ],
  ""type"": ""Point""
}","{
  ""coordinates"": [
    -83.039647417,
    42.330586772
  ],
  ""type"": ""Point""
}",-83.039647417,42.3305867720001
17158,9335672,KENTUCKY,LYNDON,2015-03-20,20,3,2015,9,6,97,9,,,0,,4,1,1,25,2,2,0,5,0,0,0,0,true,,false,false,false,false,false,,,,,,false,false,false,,,false,false,false,false,false,-83.15834,42.39607,"{
  ""coordinates"": [
    -8.315834097600001e+01,
    4.239607340300010e+01
  ],
  ""type"": ""Point""
}","{
  ""coordinates"": [
    -83.158340976,
    42.396073403
  ],
  ""type"": ""Point""
}",-83.158340976,42.3960734030001
17159,9221891,BLOOM,RUPERT,2015-03-20,20,3,2015,14,6,9,9,,,2,,1,2,1,25,2,2,3,5,0,0,0,0,true,,false,false,false,false,false,,,,,,false,false,false,,,false,false,false,false,false,-83.04859,42.41475,"{
  ""coordinates"": [
    -8.304859499400000e+01,
    4.241474660300000e+01
  ],
  ""type"": ""Point""
}","{
  ""coordinates"": [
    -83.048594994,
    42.414746603
  ],
  ""type"": ""Point""
}",-83.048594994,42.414746603
17160,9221064,BURNETTE,JOY,2015-03-20,20,3,2015,15,6,4,9,,,0,,1,2,1,25,2,2,4,5,0,0,0,0,true,,false,false,false,false,false,,,,,,false,false,true,,,false,false,false,false,false,-83.14122,42.35929,"{
  ""coordinates"": [
    -8.314121959900000e+01,
    4.235928881900000e+01
  ],
  ""type"": ""Point""
}","{
  ""coordinates"": [
    -83.141219599,
    42.359288819
  ],
  ""type"": ""Point""
}",-83.141219599,42.359288819
17161,9222630,OUTER,SYRACUSE,2015-03-20,20,3,2015,14,6,8,9,,2,0,,1,1,1,30,2,2,4,5,0,0,0,0,true,,false,false,true,false,false,,,,,,false,false,true,,,false,false,false,false,false,-83.04659,42.44066,"{
  ""coordinates"": [
    -8.304659123000000e+01,
    4.244066129900010e+01
  ],
  ""type"": ""Point""
}","{
  ""coordinates"": [
    -83.04659123,
    42.440661299
  ],
  ""type"": ""Point""
}",-83.04659123,42.4406612990001
17162,9221098,LASHER,GRAND-RIVER,2015-03-20,20,3,2015,15,6,2,3,,2,0,,1,1,1,35,2,2,3,5,0,0,0,0,true,,false,false,true,false,false,,,,,,false,true,false,,,false,false,false,false,false,-83.25764,42.41649,"{
  ""coordinates"": [
    -8.325763493600000e+01,
    4.241648737300010e+01
  ],
  ""type"": ""Point""
}","{
  ""coordinates"": [
    -83.257634936,
    42.416487373
  ],
  ""type"": ""Point""
}",-83.257634936,42.4164873730001
17163,9227552,N I 75,MACK,2015-03-20,20,3,2015,8,6,9,1,,1,0,,1,1,1,25,2,2,2,5,0,0,0,0,true,,false,false,false,false,false,,,,,,false,false,false,,,false,false,false,false,false,-83.0478,42.35119,"{
  ""coordinates"": [
    -8.304779584399989e+01,
    4.235119046000010e+01
  ],
  ""type"": ""Point""
}","{
  ""coordinates"": [
    -83.047795844,
    42.35119046
  ],
  ""type"": ""Point""
}",-83.0477958439999,42.3511904600001
17164,9221083,FAUST,WARREN,2015-03-20,20,3,2015,15,6,2,9,,,0,,1,1,1,35,5,2,2,5,0,0,0,0,true,,false,false,true,false,false,,,,,,false,false,true,,,false,false,false,false,false,-83.22079,42.34325,"{
  ""coordinates"": [
    -8.322078761499991e+01,
    4.234325330100010e+01
  ],
  ""type"": ""Point""
}","{
  ""coordinates"": [
    -83.220787615,
    42.343253301
  ],
  ""type"": ""Point""
}",-83.2207876149999,42.3432533010001
17165,9221772,I-94,I-75,2015-03-20,20,3,2015,7,6,5,1,,1,0,,1,1,2,55,3,2,2,5,0,0,0,0,true,,false,false,true,false,false,,,,,,false,false,true,,,false,false,false,false,false,-83.07449,42.36061,"{
  ""coordinates"": [
    -8.307448255299990e+01,
    4.236061279700000e+01
  ],
  ""type"": ""Point""
}","{
  ""coordinates"": [
    -83.074482553,
    42.360612797
  ],
  ""type"": ""Point""
}",-83.0744825529999,42.360612797
17166,9221072,CASS,GRAND,2015-03-20,20,3,2015,13,6,5,9,,4,3,,1,1,1,30,2,2,2,5,0,0,0,0,true,,false,false,false,false,false,,,,,,false,true,false,,,false,false,false,false,false,-83.07473,42.36959,"{
  ""coordinates"": [
    -8.307473305799989e+01,
    4.236958526000010e+01
  ],
  ""type"": ""Point""
}","{
  ""coordinates"": [
    -83.074733058,
    42.36958526
  ],
  ""type"": ""Point""
}",-83.0747330579999,42.3695852600001