ObjectId,Crash ID,Primary Road,Intersecting Road,Crash Date,Day,Month,Year,Hour,Weekday,Crash Type Code,Highway Classification Code,Community Code,Jurisdiction Code,Lane Departure Type Code,Surface Type,Road Condition,Weather Condition,Lighting Condition,Speed Limit,Lanes,Units,Occupants,Most Severe Injury,Fatal Injuries,Suspected Serious Injuries,Suspected Minor Injuries,Possible Injuries,Property Damage Only,Secondary Crash,Traffic Control,Red Light Run,Hit and Run,Alcohol,Drugs,Unbelted Person,Work Zone,Speeding Driver,Distracted Driver,Driveway,Pedestrian,Elderly Driver,Young Driver,Commercial Vehicle,Emergency Vehicles,Train,School Bus,Motorcycle,Bicycle,Deer,Longitude,Latitude,geom,geog,x,y
17224,9222518,E/B I-94,MT ELLIOT,2015-03-19,19,3,2015,16,5,5,1,,1,0,,1,1,1,55,3,3,6,4,0,0,0,2,false,,false,false,false,false,false,,,,,,false,false,true,,,false,false,false,false,false,-83.03584,42.37814,"{
  ""coordinates"": [
    -8.303583690700000e+01,
    4.237813911300000e+01
  ],
  ""type"": ""Point""
}","{
  ""coordinates"": [
    -83.035836907,
    42.378139113
  ],
  ""type"": ""Point""
}",-83.035836907,42.378139113
17225,9222547,W I 96,FULLERTON,2015-03-19,19,3,2015,11,5,1,1,,1,1,,1,2,1,55,3,1,1,5,0,0,0,0,true,,false,false,false,false,false,,,,,,false,false,false,,,false,false,false,false,false,-83.18934,42.38023,"{
  ""coordinates"": [
    -8.318934029400000e+01,
    4.238022542200010e+01
  ],
  ""type"": ""Point""
}","{
  ""coordinates"": [
    -83.189340294,
    42.380225422
  ],
  ""type"": ""Point""
}",-83.189340294,42.3802254220001
17226,9222522,I-96,MICHIGAN,2015-03-19,19,3,2015,16,5,8,1,,1,0,,1,1,1,55,2,2,3,5,0,0,0,0,true,,false,false,false,false,false,,,,,,false,false,false,,,false,false,false,false,false,-83.08798,42.33273,"{
  ""coordinates"": [
    -8.308797899599990e+01,
    4.233272779600000e+01
  ],
  ""type"": ""Point""
}","{
  ""coordinates"": [
    -83.087978996,
    42.332727796
  ],
  ""type"": ""Point""
}",-83.0879789959999,42.332727796
17227,9219869,JOHN R,CANFIELD,2015-03-19,19,3,2015,10,5,8,9,,4,0,,1,1,1,30,4,2,1,5,0,0,0,0,true,,false,false,false,false,false,,,,,,false,true,false,,,false,false,false,false,false,-83.05939,42.35364,"{
  ""coordinates"": [
    -8.305938362900000e+01,
    4.235363799800010e+01
  ],
  ""type"": ""Point""
}","{
  ""coordinates"": [
    -83.059383629,
    42.353637998
  ],
  ""type"": ""Point""
}",-83.059383629,42.3536379980001
17228,9221096,HARLOW,CURTIS,2015-03-19,19,3,2015,21,5,4,9,,,0,,1,1,4,25,2,2,3,5,0,0,0,0,true,,false,false,false,false,false,,,,,,false,false,true,,,false,false,false,false,false,-83.21584,42.42287,"{
  ""coordinates"": [
    -8.321584124600000e+01,
    4.242287370200010e+01
  ],
  ""type"": ""Point""
}","{
  ""coordinates"": [
    -83.215841246,
    42.422873702
  ],
  ""type"": ""Point""
}",-83.215841246,42.4228737020001
17229,9221874,MT ELLIOT,CONANT,2015-03-19,19,3,2015,17,5,5,9,,4,0,,1,1,1,35,3,2,1,5,0,0,0,0,true,,false,false,true,false,false,,,,,,false,false,false,,,false,false,false,false,false,-83.03915,42.38601,"{
  ""coordinates"": [
    -8.303915090399990e+01,
    4.238601054900000e+01
  ],
  ""type"": ""Point""
}","{
  ""coordinates"": [
    -83.039150904,
    42.386010549
  ],
  ""type"": ""Point""
}",-83.0391509039999,42.386010549
17230,9221088,TELEGRAPH,GRAND RIVER,2015-03-19,19,3,2015,15,5,5,2,,1,0,,1,1,1,40,4,2,2,5,0,0,0,0,true,,false,false,false,false,false,,,,,,false,false,false,,,false,false,false,false,false,-83.27736,42.4242,"{
  ""coordinates"": [
    -8.327735698899990e+01,
    4.242420020700010e+01
  ],
  ""type"": ""Point""
}","{
  ""coordinates"": [
    -83.277356989,
    42.424200207
  ],
  ""type"": ""Point""
}",-83.2773569889999,42.4242002070001
17231,9221889,EDGEVALE,BRUSH,2015-03-19,19,3,2015,12,5,8,9,,,0,,1,2,1,25,2,2,2,5,0,0,0,0,true,,false,false,false,false,false,,,,,,false,false,true,,,false,false,false,false,false,-83.09853,42.41872,"{
  ""coordinates"": [
    -8.309852979700000e+01,
    4.241871882500000e+01
  ],
  ""type"": ""Point""
}","{
  ""coordinates"": [
    -83.098529797,
    42.418718825
  ],
  ""type"": ""Point""
}",-83.098529797,42.418718825
17232,9222544,M-10,OAKMAN,2015-03-19,19,3,2015,9,5,5,3,,1,0,,1,1,1,55,3,2,2,5,0,0,0,0,true,,false,false,false,false,false,,,,,,false,false,true,,,false,false,false,false,false,-83.11262,42.4,"{
  ""coordinates"": [
    -8.311261693300000e+01,
    4.239999665600000e+01
  ],
  ""type"": ""Point""
}","{
  ""coordinates"": [
    -83.112616933,
    42.399996656
  ],
  ""type"": ""Point""
}",-83.112616933,42.399996656
17233,9221102,W I 94,MOROSS,2015-03-18,18,3,2015,8,4,6,1,,1,0,,1,1,1,25,6,2,2,5,0,0,0,0,true,,false,false,false,false,false,,,,,,false,true,false,,,false,false,false,false,false,-82.92867,42.42476,"{
  ""coordinates"": [
    -8.292866414799990e+01,
    4.242475341000010e+01
  ],
  ""type"": ""Point""
}","{
  ""coordinates"": [
    -82.928664148,
    42.42475341
  ],
  ""type"": ""Point""
}",-82.9286641479999,42.4247534100001
17234,9223129,I-75,CASS,2015-03-18,18,3,2015,17,4,5,1,,1,0,,1,1,1,55,4,2,2,5,0,0,0,0,true,,false,false,false,false,false,,,,,,false,false,true,,,false,false,false,false,false,-83.05661,42.33797,"{
  ""coordinates"": [
    -8.305660786700000e+01,
    4.233796617700010e+01
  ],
  ""type"": ""Point""
}","{
  ""coordinates"": [
    -83.056607867,
    42.337966177
  ],
  ""type"": ""Point""
}",-83.056607867,42.3379661770001
17235,9222546,WB I94,BEAUBIEN,2015-03-18,18,3,2015,17,4,5,1,,1,0,,1,2,1,55,3,2,2,4,0,0,0,3,false,,false,false,true,false,false,,,,,,false,false,true,,,false,false,false,false,false,-83.06268,42.36648,"{
  ""coordinates"": [
    -8.306267397900000e+01,
    4.236648191700000e+01
  ],
  ""type"": ""Point""
}","{
  ""coordinates"": [
    -83.062673979,
    42.366481917
  ],
  ""type"": ""Point""
}",-83.062673979,42.366481917
17236,9219079,OUTER,MARGARETA,2015-03-18,18,3,2015,13,4,1,9,,2,1,,1,1,1,35,2,1,1,3,0,0,1,0,false,,false,false,false,false,false,,,,,,false,false,true,,,false,false,true,false,false,-83.17531,42.42769,"{
  ""coordinates"": [
    -8.317530960800001e+01,
    4.242769239000010e+01
  ],
  ""type"": ""Point""
}","{
  ""coordinates"": [
    -83.175309608,
    42.42769239
  ],
  ""type"": ""Point""
}",-83.175309608,42.4276923900001
17237,9224321,9622 GRANDRIVER,DUNDEE,2015-03-18,18,3,2015,8,4,3,3,,1,0,,1,1,1,35,2,2,4,3,0,0,1,0,false,,false,false,false,false,false,,,,,,false,false,false,,,false,false,false,false,false,-83.13506,42.36716,"{
  ""coordinates"": [
    -8.313506274900000e+01,
    4.236715747800010e+01
  ],
  ""type"": ""Point""
}","{
  ""coordinates"": [
    -83.135062749,
    42.367157478
  ],
  ""type"": ""Point""
}",-83.135062749,42.3671574780001
17238,9404433,MILWAUKEE,RAMP 117A,2015-03-18,18,3,2015,2,4,4,3,,4,0,,1,1,4,30,2,2,4,5,0,0,0,0,true,,false,false,false,false,false,,,,,,false,false,true,,,false,false,false,false,false,-83.08064,42.36607,"{
  ""coordinates"": [
    -8.308063555400000e+01,
    4.236607477600010e+01
  ],
  ""type"": ""Point""
}","{
  ""coordinates"": [
    -83.080635554,
    42.366074776
  ],
  ""type"": ""Point""
}",-83.080635554,42.3660747760001
17239,9221079,ALTER,FRANKFORT,2015-03-18,18,3,2015,21,4,4,9,,4,0,,1,1,5,30,2,2,3,4,0,0,0,3,false,,false,false,false,false,false,,,,,,false,false,true,,,false,false,false,false,false,-82.95612,42.39892,"{
  ""coordinates"": [
    -8.295611693799999e+01,
    4.239892026100010e+01
  ],
  ""type"": ""Point""
}","{
  ""coordinates"": [
    -82.956116938,
    42.398920261
  ],
  ""type"": ""Point""
}",-82.956116938,42.3989202610001
17240,9218961,S I 75,RAMP 216J,2015-03-18,18,3,2015,14,4,8,1,,1,0,,1,1,1,55,3,2,3,5,0,0,0,0,true,,false,false,false,false,false,,,,,,false,false,false,,,false,false,false,false,false,-83.05875,42.36968,"{
  ""coordinates"": [
    -8.305874304699999e+01,
    4.236967815600010e+01
  ],
  ""type"": ""Point""
}","{
  ""coordinates"": [
    -83.058743047,
    42.369678156
  ],
  ""type"": ""Point""
}",-83.058743047,42.3696781560001
17241,9220945,I-96,OUTER,2015-03-18,18,3,2015,5,4,1,1,,1,1,,1,1,4,70,5,1,1,4,0,0,0,1,false,,false,false,false,false,false,,,,,,false,false,true,,,false,false,false,false,false,-83.2571,42.38563,"{
  ""coordinates"": [
    -8.325709747199990e+01,
    4.238563225900000e+01
  ],
  ""type"": ""Point""
}","{
  ""coordinates"": [
    -83.257097472,
    42.385632259
  ],
  ""type"": ""Point""
}",-83.2570974719999,42.385632259
17242,9220946,S/B I 75,NEVADA,2015-03-18,18,3,2015,4,4,5,1,,1,0,,1,1,4,70,4,3,4,4,0,0,0,2,false,,false,false,false,false,false,,,,,,false,false,false,,,false,false,false,false,false,-83.09418,42.42619,"{
  ""coordinates"": [
    -8.309418130099991e+01,
    4.242618640100010e+01
  ],
  ""type"": ""Point""
}","{
  ""coordinates"": [
    -83.094181301,
    42.426186401
  ],
  ""type"": ""Point""
}",-83.0941813009999,42.4261864010001
17243,9219080,OUTER,PENNINGTON,2015-03-18,18,3,2015,15,4,4,9,,2,0,,1,1,1,25,1,2,2,5,0,0,0,0,true,,false,false,false,false,false,,,,,,false,true,true,,,false,false,false,false,false,-83.14827,42.43521,"{
  ""coordinates"": [
    -8.314827117000000e+01,
    4.243520575700010e+01
  ],
  ""type"": ""Point""
}","{
  ""coordinates"": [
    -83.14827117,
    42.435205757
  ],
  ""type"": ""Point""
}",-83.14827117,42.4352057570001
17244,9219046,MCNICHOLS,GREENFIELD,2015-03-18,18,3,2015,17,4,4,9,,2,0,,1,2,1,35,5,2,2,5,0,0,0,0,true,,true,true,false,false,false,,,,,,false,false,false,,,false,false,false,false,false,-83.19933,42.41598,"{
  ""coordinates"": [
    -8.319932734299989e+01,
    4.241598130400010e+01
  ],
  ""type"": ""Point""
}","{
  ""coordinates"": [
    -83.199327343,
    42.415981304
  ],
  ""type"": ""Point""
}",-83.1993273429999,42.4159813040001
17245,9221093,OUTER,STAHELIN,2015-03-18,18,3,2015,19,4,4,9,,2,0,,1,1,3,35,2,2,4,4,0,0,0,3,false,,false,false,false,false,false,,,,,,false,false,true,,,false,false,false,false,false,-83.22708,42.41909,"{
  ""coordinates"": [
    -8.322708002900001e+01,
    4.241908807000000e+01
  ],
  ""type"": ""Point""
}","{
  ""coordinates"": [
    -83.227080029,
    42.41908807
  ],
  ""type"": ""Point""
}",-83.227080029,42.41908807
17246,9219896,8 MILE,S I 75 SERVICE DRIVE,2015-03-18,18,3,2015,17,4,9,3,,1,0,,97,98,98,40,2,2,1,5,0,0,0,0,true,,false,false,false,false,false,,,,,,false,true,false,,,false,false,false,false,false,-83.09534,42.44678,"{
  ""coordinates"": [
    -8.309534820499989e+01,
    4.244678679100010e+01
  ],
  ""type"": ""Point""
}","{
  ""coordinates"": [
    -83.095348205,
    42.446786791
  ],
  ""type"": ""Point""
}",-83.0953482049999,42.4467867910001
17247,9220956,I-75,GRAND RIVER,2015-03-18,18,3,2015,2,4,1,1,,1,1,,1,1,4,55,3,1,1,4,0,0,0,1,false,,false,false,false,true,false,,,,,,false,false,false,,,false,false,false,false,false,-83.05109,42.34056,"{
  ""coordinates"": [
    -8.305109111099991e+01,
    4.234056229000000e+01
  ],
  ""type"": ""Point""
}","{
  ""coordinates"": [
    -83.051091111,
    42.34056229
  ],
  ""type"": ""Point""
}",-83.0510911109999,42.34056229
17248,9223184,WARREN,BRYDEN,2015-03-18,18,3,2015,13,4,97,9,,4,0,,1,1,1,0,6,2,2,5,0,0,0,0,true,,false,false,true,false,false,,,,,,false,false,false,,,false,false,true,false,false,-83.14468,42.34477,"{
  ""coordinates"": [
    -8.314467762399990e+01,
    4.234476986100000e+01
  ],
  ""type"": ""Point""
}","{
  ""coordinates"": [
    -83.144677624,
    42.344769861
  ],
  ""type"": ""Point""
}",-83.1446776239999,42.344769861
17249,9218947,WB I94,DICKERSON,2015-03-18,18,3,2015,5,4,1,1,,1,1,,1,1,4,55,3,1,1,4,0,0,0,1,false,,false,false,false,false,false,,,,,,false,false,false,,,false,false,false,false,false,-82.96938,42.40248,"{
  ""coordinates"": [
    -8.296937617600000e+01,
    4.240247675500010e+01
  ],
  ""type"": ""Point""
}","{
  ""coordinates"": [
    -82.969376176,
    42.402476755
  ],
  ""type"": ""Point""
}",-82.969376176,42.4024767550001
17250,9223137,I-94,WYOMING,2015-03-18,18,3,2015,23,4,1,1,,1,1,,1,1,4,55,3,1,1,5,0,0,0,0,true,,false,false,false,false,false,,,,,,false,false,true,,,false,false,false,false,false,-83.152,42.3298,"{
  ""coordinates"": [
    -8.315199933299991e+01,
    4.232980312700000e+01
  ],
  ""type"": ""Point""
}","{
  ""coordinates"": [
    -83.151999333,
    42.329803127
  ],
  ""type"": ""Point""
}",-83.1519993329999,42.329803127
17251,9218976,E I 96,SCHAEFER,2015-03-18,18,3,2015,8,4,1,1,,1,1,,1,1,1,70,3,1,1,5,0,0,0,0,true,,false,false,false,false,false,,,,,,false,false,false,,,false,false,false,false,false,-83.18013,42.38274,"{
  ""coordinates"": [
    -8.318012966700000e+01,
    4.238274399000010e+01
  ],
  ""type"": ""Point""
}","{
  ""coordinates"": [
    -83.180129667,
    42.38274399
  ],
  ""type"": ""Point""
}",-83.180129667,42.3827439900001
17252,9219068,EVERGREEN,PLYMOUTH,2015-03-18,18,3,2015,14,4,5,9,,4,0,,1,1,1,30,8,2,3,5,0,0,0,0,true,,false,false,true,false,false,,,,,,false,false,false,,,false,false,false,false,false,-83.23627,42.37244,"{
  ""coordinates"": [
    -8.323626748100000e+01,
    4.237243668600010e+01
  ],
  ""type"": ""Point""
}","{
  ""coordinates"": [
    -83.236267481,
    42.372436686
  ],
  ""type"": ""Point""
}",-83.236267481,42.3724366860001
17253,9219062,CHARLEVOIX,SEMINOLE,2015-03-18,18,3,2015,14,4,97,9,,4,0,,1,1,1,30,3,2,5,4,0,0,0,1,false,,false,false,false,false,false,,,,,,false,false,true,,,false,false,false,false,false,-83.00035,42.3639,"{
  ""coordinates"": [
    -8.300035296500000e+01,
    4.236389848400010e+01
  ],
  ""type"": ""Point""
}","{
  ""coordinates"": [
    -83.000352965,
    42.363898484
  ],
  ""type"": ""Point""
}",-83.000352965,42.3638984840001
17254,9219052,7 MILE,SUNDERLAND,2015-03-18,18,3,2015,16,4,4,9,,2,0,,1,1,1,35,4,2,5,4,0,0,0,3,false,,false,false,false,false,false,,,,,,false,false,false,,,false,false,false,false,false,-83.22904,42.42984,"{
  ""coordinates"": [
    -8.322904274699989e+01,
    4.242983879700010e+01
  ],
  ""type"": ""Point""
}","{
  ""coordinates"": [
    -83.229042747,
    42.429838797
  ],
  ""type"": ""Point""
}",-83.2290427469999,42.4298387970001
17255,9404439,RAMP 117A,MILWAUKEE,2015-03-18,18,3,2015,2,4,4,3,,1,0,,1,1,4,30,2,2,4,4,0,0,0,1,false,,false,false,false,false,false,,,,,,false,false,true,,,false,false,false,false,false,-83.08064,42.36607,"{
  ""coordinates"": [
    -8.308063555400000e+01,
    4.236607477600010e+01
  ],
  ""type"": ""Point""
}","{
  ""coordinates"": [
    -83.080635554,
    42.366074776
  ],
  ""type"": ""Point""
}",-83.080635554,42.3660747760001
17256,9221080,JEFFERSON,ALGONQUIN,2015-03-18,18,3,2015,17,4,4,9,,4,0,,1,1,1,35,6,2,3,5,0,0,0,0,true,,false,false,false,false,false,,,,,,false,false,false,,,false,false,false,false,false,-82.95687,42.3702,"{
  ""coordinates"": [
    -8.295687308399989e+01,
    4.237020195200010e+01
  ],
  ""type"": ""Point""
}","{
  ""coordinates"": [
    -82.956873084,
    42.370201952
  ],
  ""type"": ""Point""
}",-82.9568730839999,42.3702019520001
17257,9223123,RAMP 008V,E I 96 CD,2015-03-18,18,3,2015,20,4,1,1,,1,1,,1,1,4,55,1,1,1,4,0,0,0,1,false,,false,false,false,false,false,,,,,,false,false,false,,,false,false,false,false,false,-83.21053,42.37851,"{
  ""coordinates"": [
    -8.321053661699990e+01,
    4.237850596900010e+01
  ],
  ""type"": ""Point""
}","{
  ""coordinates"": [
    -83.210536617,
    42.378505969
  ],
  ""type"": ""Point""
}",-83.2105366169999,42.3785059690001
17258,9224185,HARPER,RAMP 224C,2015-03-18,18,3,2015,16,4,8,1,,4,0,,1,2,1,55,1,2,2,5,0,0,0,0,true,,false,false,false,false,false,,,,,,false,false,true,,,false,false,false,false,false,-82.92847,42.42563,"{
  ""coordinates"": [
    -8.292846760099999e+01,
    4.242563089800010e+01
  ],
  ""type"": ""Point""
}","{
  ""coordinates"": [
    -82.928467601,
    42.425630898
  ],
  ""type"": ""Point""
}",-82.928467601,42.4256308980001
17259,9221858,JOY,HUBBELL,2015-03-18,18,3,2015,12,4,97,9,,4,0,,1,1,1,35,2,2,3,5,0,0,0,0,true,,false,false,false,false,false,,,,,,false,false,false,,,false,false,false,false,false,-83.18723,42.35835,"{
  ""coordinates"": [
    -8.318723127399990e+01,
    4.235834591300010e+01
  ],
  ""type"": ""Point""
}","{
  ""coordinates"": [
    -83.187231274,
    42.358345913
  ],
  ""type"": ""Point""
}",-83.1872312739999,42.3583459130001
17260,9218981,M-10,WYOMING,2015-03-18,18,3,2015,11,4,1,3,,1,1,,1,1,1,55,3,1,1,5,0,0,0,0,true,,false,false,false,false,false,,,,,,false,false,true,,,false,false,false,false,false,-83.16331,42.40759,"{
  ""coordinates"": [
    -8.316331547300000e+01,
    4.240759405600010e+01
  ],
  ""type"": ""Point""
}","{
  ""coordinates"": [
    -83.163315473,
    42.407594056
  ],
  ""type"": ""Point""
}",-83.163315473,42.4075940560001
17261,9219878,24TH,PORTER,2015-03-18,18,3,2015,6,4,1,9,,,1,,1,1,4,25,2,1,0,5,0,0,0,0,true,,false,false,true,false,false,,,,,,false,false,false,,,false,false,false,false,false,-83.0843,42.32069,"{
  ""coordinates"": [
    -8.308430534500000e+01,
    4.232068764000010e+01
  ],
  ""type"": ""Point""
}","{
  ""coordinates"": [
    -83.084305345,
    42.32068764
  ],
  ""type"": ""Point""
}",-83.084305345,42.3206876400001
17262,9219870,SPRINGWELLS,LAFAYETTE,2015-03-18,18,3,2015,2,4,1,9,,4,1,,1,1,4,15,2,1,2,2,0,1,0,0,false,,false,false,false,true,false,,,,,,false,false,true,,,false,false,false,false,false,-83.12062,42.30361,"{
  ""coordinates"": [
    -8.312061888300001e+01,
    4.230360660200010e+01
  ],
  ""type"": ""Point""
}","{
  ""coordinates"": [
    -83.120618883,
    42.303606602
  ],
  ""type"": ""Point""
}",-83.120618883,42.3036066020001
17263,9223199,JOY,HUBBELL,2015-03-18,18,3,2015,12,4,8,9,,4,0,,1,1,1,25,2,2,2,5,0,0,0,0,true,,false,false,false,false,false,,,,,,false,false,true,,,false,false,false,false,false,-83.18723,42.35835,"{
  ""coordinates"": [
    -8.318723127399990e+01,
    4.235834591300010e+01
  ],
  ""type"": ""Point""
}","{
  ""coordinates"": [
    -83.187231274,
    42.358345913
  ],
  ""type"": ""Point""
}",-83.1872312739999,42.3583459130001
17264,9219063,LARNED,RIVARD,2015-03-18,18,3,2015,15,4,97,9,,4,0,,1,1,1,30,2,2,2,4,0,0,0,1,false,,false,false,false,false,false,,,,,,false,false,false,,,false,false,false,false,false,-83.03462,42.33401,"{
  ""coordinates"": [
    -8.303461924600001e+01,
    4.233400656900010e+01
  ],
  ""type"": ""Point""
}","{
  ""coordinates"": [
    -83.034619246,
    42.334006569
  ],
  ""type"": ""Point""
}",-83.034619246,42.3340065690001
17265,9219047,GREENFIELD,SCHOOLCRAFT,2015-03-18,18,3,2015,10,4,1,9,,2,0,,1,1,1,35,5,2,1,4,0,0,0,1,false,,false,false,false,false,false,,,,,,true,false,false,,,false,false,false,false,false,-83.19815,42.38685,"{
  ""coordinates"": [
    -8.319814940399991e+01,
    4.238684777800010e+01
  ],
  ""type"": ""Point""
}","{
  ""coordinates"": [
    -83.198149404,
    42.386847778
  ],
  ""type"": ""Point""
}",-83.1981494039999,42.3868477780001
17266,9234747,WARREN,MONTCLAIR,2015-03-18,18,3,2015,15,4,4,9,,4,0,,1,1,1,30,6,2,2,5,0,0,0,0,true,,true,false,true,false,false,,,,,,false,false,false,,,false,false,false,false,false,-82.98956,42.38517,"{
  ""coordinates"": [
    -8.298956296700000e+01,
    4.238516774300010e+01
  ],
  ""type"": ""Point""
}","{
  ""coordinates"": [
    -82.989562967,
    42.385167743
  ],
  ""type"": ""Point""
}",-82.989562967,42.3851677430001
17267,9218982,M-10,DAVISON,2015-03-18,18,3,2015,11,4,1,3,,1,1,,1,1,1,55,3,1,1,5,0,0,0,0,true,,false,false,false,false,false,,,,,,false,false,false,,,false,false,false,false,false,-83.10741,42.39517,"{
  ""coordinates"": [
    -8.310740847700001e+01,
    4.239516873100010e+01
  ],
  ""type"": ""Point""
}","{
  ""coordinates"": [
    -83.107408477,
    42.395168731
  ],
  ""type"": ""Point""
}",-83.107408477,42.3951687310001
17268,9218971,NB M-10,LINWOOD,2015-03-18,18,3,2015,14,4,1,3,,1,0,,1,1,1,55,3,1,4,5,0,0,0,0,true,,false,false,false,false,false,,,,,,false,false,false,,,false,false,false,false,false,-83.12139,42.40475,"{
  ""coordinates"": [
    -8.312139358199990e+01,
    4.240475157600010e+01
  ],
  ""type"": ""Point""
}","{
  ""coordinates"": [
    -83.121393582,
    42.404751576
  ],
  ""type"": ""Point""
}",-83.1213935819999,42.4047515760001
17269,9220959,W I 94,N M 10,2015-03-18,18,3,2015,4,4,1,1,,1,1,,1,1,4,55,3,1,1,4,0,0,0,1,false,,false,false,false,false,false,,,,,,false,false,false,,,false,false,false,false,false,-83.07634,42.35946,"{
  ""coordinates"": [
    -8.307633753000000e+01,
    4.235945342200010e+01
  ],
  ""type"": ""Point""
}","{
  ""coordinates"": [
    -83.07633753,
    42.359453422
  ],
  ""type"": ""Point""
}",-83.07633753,42.3594534220001
17270,9219874,KIRKWOOD,LONYO,2015-03-18,18,3,2015,8,4,97,9,,,0,,1,1,4,25,2,2,0,5,0,0,0,0,true,,false,false,true,false,false,,,,,,false,false,false,,,false,false,false,false,false,-83.1493,42.33701,"{
  ""coordinates"": [
    -8.314929976499999e+01,
    4.233700569100010e+01
  ],
  ""type"": ""Point""
}","{
  ""coordinates"": [
    -83.149299765,
    42.337005691
  ],
  ""type"": ""Point""
}",-83.149299765,42.3370056910001
17271,9219083,MONICA,FENKELL,2015-03-18,18,3,2015,23,4,4,9,,,0,,1,1,5,0,4,2,2,5,0,0,0,0,true,,false,false,true,false,false,,,,,,false,false,true,,,false,false,false,false,false,-83.14358,42.40262,"{
  ""coordinates"": [
    -8.314357850899999e+01,
    4.240262000000010e+01
  ],
  ""type"": ""Point""
}","{
  ""coordinates"": [
    -83.143578509,
    42.40262
  ],
  ""type"": ""Point""
}",-83.143578509,42.4026200000001
17272,9219065,ATWATER,ST AUBIN,2015-03-18,18,3,2015,9,4,4,9,,4,0,,1,1,1,25,2,2,2,4,0,0,0,1,false,,false,false,false,false,false,,,,,,false,true,false,,,false,false,false,false,false,-83.02424,42.33402,"{
  ""coordinates"": [
    -8.302424163500000e+01,
    4.233402153600010e+01
  ],
  ""type"": ""Point""
}","{
  ""coordinates"": [
    -83.024241635,
    42.334021536
  ],
  ""type"": ""Point""
}",-83.024241635,42.3340215360001
17273,9233054,KELLY,EASTWOOD,2015-03-18,18,3,2015,7,4,97,9,,2,0,,1,1,1,35,7,2,4,5,0,0,0,0,true,,false,false,false,false,false,,,,,,false,false,false,,,false,false,false,false,false,-82.95371,42.43376,"{
  ""coordinates"": [
    -8.295371471300000e+01,
    4.243375861100000e+01
  ],
  ""type"": ""Point""
}","{
  ""coordinates"": [
    -82.953714713,
    42.433758611
  ],
  ""type"": ""Point""
}",-82.953714713,42.433758611
17274,9234023,LAPPIN,WALTHAM,2015-03-18,18,3,2015,15,4,4,9,,,0,,1,1,1,25,2,2,5,5,0,0,0,0,true,,true,false,false,false,false,,,,,,false,false,true,,,false,false,false,false,false,-82.9949,42.43651,"{
  ""coordinates"": [
    -8.299490454499990e+01,
    4.243651154200010e+01
  ],
  ""type"": ""Point""
}","{
  ""coordinates"": [
    -82.994904545,
    42.436511542
  ],
  ""type"": ""Point""
}",-82.9949045449999,42.4365115420001
17275,9224335,KLINGER,DEARING,2015-03-18,18,3,2015,18,4,5,9,,,0,,1,1,5,25,3,2,2,5,0,0,0,0,true,,false,false,true,false,false,,,,,,false,false,false,,,false,false,false,false,false,-83.06255,42.41363,"{
  ""coordinates"": [
    -8.306254333800000e+01,
    4.241363119700000e+01
  ],
  ""type"": ""Point""
}","{
  ""coordinates"": [
    -83.062543338,
    42.413631197
  ],
  ""type"": ""Point""
}",-83.062543338,42.413631197
17276,9286306,WARREN,LAWTON,2015-03-18,18,3,2015,14,4,5,9,,4,0,,1,1,1,35,5,2,2,5,0,0,0,0,true,,false,false,false,false,false,,,,,,false,false,false,,,false,false,false,false,false,-83.09448,42.34708,"{
  ""coordinates"": [
    -8.309448591099989e+01,
    4.234707898600000e+01
  ],
  ""type"": ""Point""
}","{
  ""coordinates"": [
    -83.094485911,
    42.347078986
  ],
  ""type"": ""Point""
}",-83.0944859109999,42.347078986
17277,9219064,JEFFERSON,JOSEPH CAMPAU,2015-03-18,18,3,2015,8,4,8,9,,4,0,,1,1,1,30,8,2,2,5,0,0,0,0,true,,false,false,false,false,false,,,,,,false,false,false,,,false,false,false,false,false,-83.01974,42.33949,"{
  ""coordinates"": [
    -8.301973779500000e+01,
    4.233948831400010e+01
  ],
  ""type"": ""Point""
}","{
  ""coordinates"": [
    -83.019737795,
    42.339488314
  ],
  ""type"": ""Point""
}",-83.019737795,42.3394883140001
17278,9219059,JOY,PREST,2015-03-18,18,3,2015,19,4,97,9,,4,0,,1,1,1,10,1,2,1,5,0,0,0,0,true,,false,false,false,false,false,,,,,,false,false,false,,,false,false,false,false,false,-83.19591,42.35815,"{
  ""coordinates"": [
    -8.319590453599990e+01,
    4.235814874900010e+01
  ],
  ""type"": ""Point""
}","{
  ""coordinates"": [
    -83.195904536,
    42.358148749
  ],
  ""type"": ""Point""
}",-83.1959045359999,42.3581487490001
17279,9219043,CHICAGO,HUBBELL,2015-03-18,18,3,2015,8,4,4,9,,4,0,,1,1,1,30,2,2,2,5,0,0,0,0,true,,false,false,false,false,false,,,,,,false,false,false,,,false,false,false,false,false,-83.18749,42.36558,"{
  ""coordinates"": [
    -8.318749320599990e+01,
    4.236558043200010e+01
  ],
  ""type"": ""Point""
}","{
  ""coordinates"": [
    -83.187493206,
    42.365580432
  ],
  ""type"": ""Point""
}",-83.1874932059999,42.3655804320001
17280,9221880,8 MILE,MT ELLIOTT,2015-03-18,18,3,2015,13,4,8,3,,1,0,,1,1,1,40,3,2,1,5,0,0,0,0,true,,false,false,false,false,false,,,,,,false,true,false,,,false,false,false,false,false,-83.03941,42.44787,"{
  ""coordinates"": [
    -8.303940857899990e+01,
    4.244787229200010e+01
  ],
  ""type"": ""Point""
}","{
  ""coordinates"": [
    -83.039408579,
    42.447872292
  ],
  ""type"": ""Point""
}",-83.0394085789999,42.4478722920001