ObjectId,Crash ID,Primary Road,Intersecting Road,Crash Date,Day,Month,Year,Hour,Weekday,Crash Type Code,Highway Classification Code,Community Code,Jurisdiction Code,Lane Departure Type Code,Surface Type,Road Condition,Weather Condition,Lighting Condition,Speed Limit,Lanes,Units,Occupants,Most Severe Injury,Fatal Injuries,Suspected Serious Injuries,Suspected Minor Injuries,Possible Injuries,Property Damage Only,Secondary Crash,Traffic Control,Red Light Run,Hit and Run,Alcohol,Drugs,Unbelted Person,Work Zone,Speeding Driver,Distracted Driver,Driveway,Pedestrian,Elderly Driver,Young Driver,Commercial Vehicle,Emergency Vehicles,Train,School Bus,Motorcycle,Bicycle,Deer,Longitude,Latitude,geom,geog,x,y
17338,9245671,JEFFERSON,MARQUETTE,2015-03-16,16,3,2015,10,2,5,9,,4,0,,1,1,1,35,7,2,3,5,0,0,0,0,true,,false,false,false,false,false,,,,,,false,false,false,,,false,false,false,false,false,-82.97897,42.36301,"{
  ""coordinates"": [
    -8.297896722500001e+01,
    4.236301184000010e+01
  ],
  ""type"": ""Point""
}","{
  ""coordinates"": [
    -82.978967225,
    42.36301184
  ],
  ""type"": ""Point""
}",-82.978967225,42.3630118400001
17339,9217254,MCNICHOLS,MARK TWAIN,2015-03-16,16,3,2015,16,2,1,9,,2,0,,1,1,1,35,4,1,1,4,0,0,0,1,false,,false,false,false,false,false,,,,,,false,true,false,,,false,false,false,false,false,-83.1873,42.4165,"{
  ""coordinates"": [
    -8.318730155899991e+01,
    4.241649469900010e+01
  ],
  ""type"": ""Point""
}","{
  ""coordinates"": [
    -83.187301559,
    42.416494699
  ],
  ""type"": ""Point""
}",-83.1873015589999,42.4164946990001
17340,9227626,PELKEY,EIGHT MILE,2015-03-16,16,3,2015,8,2,8,3,,,0,,1,1,1,15,1,2,0,5,0,0,0,0,true,,false,false,true,false,false,,,,,,false,false,false,,,false,false,false,false,false,-82.98688,42.44916,"{
  ""coordinates"": [
    -8.298687526899990e+01,
    4.244916208000010e+01
  ],
  ""type"": ""Point""
}","{
  ""coordinates"": [
    -82.986875269,
    42.44916208
  ],
  ""type"": ""Point""
}",-82.9868752689999,42.4491620800001
17341,9218306,ROSA PARKS,HAZEL,2015-03-16,16,3,2015,21,2,97,9,,4,0,,1,1,4,30,3,3,1,5,0,0,0,0,true,,false,false,false,false,false,,,,,,false,false,false,,,false,false,false,false,false,-83.09827,42.3748,"{
  ""coordinates"": [
    -8.309826813099990e+01,
    4.237480129600000e+01
  ],
  ""type"": ""Point""
}","{
  ""coordinates"": [
    -83.098268131,
    42.374801296
  ],
  ""type"": ""Point""
}",-83.0982681309999,42.374801296
17342,9218978,I-96,BUCHANAN,2015-03-16,16,3,2015,8,2,5,1,,1,0,,1,1,1,55,5,3,3,4,0,0,0,1,false,,false,false,false,false,false,,,,,,false,false,true,,,false,false,false,false,false,-83.09627,42.34534,"{
  ""coordinates"": [
    -8.309626627199999e+01,
    4.234534469200000e+01
  ],
  ""type"": ""Point""
}","{
  ""coordinates"": [
    -83.096266272,
    42.345344692
  ],
  ""type"": ""Point""
}",-83.096266272,42.345344692
17343,9220966,S M 39,SCHOOLCRAFT,2015-03-16,16,3,2015,6,2,8,3,,1,0,,1,1,4,55,3,2,3,5,0,0,0,0,true,,false,false,true,false,false,,,,,,false,false,false,,,false,false,false,false,false,-83.21768,42.38569,"{
  ""coordinates"": [
    -8.321768489999990e+01,
    4.238569148300010e+01
  ],
  ""type"": ""Point""
}","{
  ""coordinates"": [
    -83.2176849,
    42.385691483
  ],
  ""type"": ""Point""
}",-83.2176848999999,42.3856914830001
17344,9218276,MOROSS,ROLANDALE,2015-03-16,16,3,2015,17,2,4,9,,2,0,,1,1,1,35,2,2,3,3,0,0,1,2,false,,false,false,false,false,false,,,,,,false,false,false,,,false,false,false,false,false,-82.91985,42.42056,"{
  ""coordinates"": [
    -8.291985416900000e+01,
    4.242056312400010e+01
  ],
  ""type"": ""Point""
}","{
  ""coordinates"": [
    -82.919854169,
    42.420563124
  ],
  ""type"": ""Point""
}",-82.919854169,42.4205631240001
17345,9218272,EDSEL FORD SERVICE,WABASH,2015-03-16,16,3,2015,7,2,1,9,,4,1,,2,2,2,25,2,1,1,5,0,0,0,0,true,,true,false,false,false,false,,,,,,false,false,false,,,false,false,false,false,false,-83.08762,42.35338,"{
  ""coordinates"": [
    -8.308761313500000e+01,
    4.235338101900000e+01
  ],
  ""type"": ""Point""
}","{
  ""coordinates"": [
    -83.087613135,
    42.353381019
  ],
  ""type"": ""Point""
}",-83.087613135,42.353381019
17346,9221857,JEFFRIES,LIVERNOIS,2015-03-16,16,3,2015,21,2,5,9,,4,0,,1,1,1,55,3,2,2,5,0,0,0,0,true,,false,false,true,false,false,,,,,,false,false,false,,,false,false,false,false,false,-83.13879,42.36778,"{
  ""coordinates"": [
    -8.313879385000000e+01,
    4.236778160800000e+01
  ],
  ""type"": ""Point""
}","{
  ""coordinates"": [
    -83.13879385,
    42.367781608
  ],
  ""type"": ""Point""
}",-83.13879385,42.367781608
17347,9218979,I-96,BUCHANAN,2015-03-16,16,3,2015,8,2,5,1,,1,0,,1,1,1,55,5,2,2,5,0,0,0,0,true,,false,false,false,false,false,,,,,,false,false,false,,,false,false,false,false,false,-83.09446,42.34227,"{
  ""coordinates"": [
    -8.309445969300000e+01,
    4.234226481600010e+01
  ],
  ""type"": ""Point""
}","{
  ""coordinates"": [
    -83.094459693,
    42.342264816
  ],
  ""type"": ""Point""
}",-83.094459693,42.3422648160001
17348,9219872,CABOT,DENNISON,2015-03-16,16,3,2015,7,2,5,9,,,0,,1,1,1,25,4,2,0,5,0,0,0,0,true,,false,false,true,false,false,,,,,,false,false,false,,,false,false,false,false,false,-83.15306,42.3345,"{
  ""coordinates"": [
    -8.315306356699990e+01,
    4.233449471700000e+01
  ],
  ""type"": ""Point""
}","{
  ""coordinates"": [
    -83.153063567,
    42.334494717
  ],
  ""type"": ""Point""
}",-83.1530635669999,42.334494717
17349,9217206,CADILAC,CHAPIN,2015-03-16,16,3,2015,3,2,5,9,,4,0,,1,1,5,30,2,2,1,5,0,0,0,0,true,,false,false,true,false,false,,,,,,false,false,false,,,false,false,false,false,false,-83.00106,42.38868,"{
  ""coordinates"": [
    -8.300106325500001e+01,
    4.238867932900010e+01
  ],
  ""type"": ""Point""
}","{
  ""coordinates"": [
    -83.001063255,
    42.388679329
  ],
  ""type"": ""Point""
}",-83.001063255,42.3886793290001
17350,9400257,E I 94,LINWOOD,2015-03-16,16,3,2015,23,2,1,1,,1,1,,1,1,4,25,2,1,2,4,0,0,0,2,false,,false,false,false,false,false,,,,,,false,false,false,,,false,false,false,false,false,-83.09322,42.35162,"{
  ""coordinates"": [
    -8.309322199400000e+01,
    4.235161960100000e+01
  ],
  ""type"": ""Point""
}","{
  ""coordinates"": [
    -83.093221994,
    42.351619601
  ],
  ""type"": ""Point""
}",-83.093221994,42.351619601
17351,9218312,PETOSKEY,DUANE,2015-03-16,16,3,2015,22,2,5,9,,,3,,1,1,4,25,2,2,0,5,0,0,0,0,true,,false,false,true,false,false,,,,,,false,false,false,,,false,false,false,false,false,-83.12982,42.37998,"{
  ""coordinates"": [
    -8.312982430999990e+01,
    4.237998209100000e+01
  ],
  ""type"": ""Point""
}","{
  ""coordinates"": [
    -83.12982431,
    42.379982091
  ],
  ""type"": ""Point""
}",-83.1298243099999,42.379982091
17352,9217238,VAN DYKE,DAVISON,2015-03-16,16,3,2015,8,2,2,3,,1,2,,1,1,1,35,4,3,3,5,0,0,0,0,true,,false,false,false,false,false,,,,,,false,false,true,,,false,false,false,false,false,-83.02391,42.42498,"{
  ""coordinates"": [
    -8.302391106000000e+01,
    4.242497753300010e+01
  ],
  ""type"": ""Point""
}","{
  ""coordinates"": [
    -83.02391106,
    42.424977533
  ],
  ""type"": ""Point""
}",-83.02391106,42.4249775330001
17353,9217230,8 MILE,REGENT,2015-03-16,16,3,2015,14,2,8,3,,1,0,,1,1,1,35,4,2,2,5,0,0,0,0,true,,false,false,false,false,false,,,,,,false,true,false,,,false,false,false,false,false,-82.97591,42.44953,"{
  ""coordinates"": [
    -8.297591680600000e+01,
    4.244952620200010e+01
  ],
  ""type"": ""Point""
}","{
  ""coordinates"": [
    -82.975916806,
    42.449526202
  ],
  ""type"": ""Point""
}",-82.975916806,42.4495262020001
17354,9218267,STANSBURY,GROVE,2015-03-16,16,3,2015,21,2,5,9,,,0,,1,1,4,25,2,2,1,5,0,0,0,0,true,,false,false,true,false,false,,,,,,false,false,false,,,false,false,false,false,false,-83.18285,42.41401,"{
  ""coordinates"": [
    -8.318284299000000e+01,
    4.241401463400010e+01
  ],
  ""type"": ""Point""
}","{
  ""coordinates"": [
    -83.18284299,
    42.414014634
  ],
  ""type"": ""Point""
}",-83.18284299,42.4140146340001
17355,9245680,ALCOY,BRINGARD,2015-03-16,16,3,2015,8,2,5,9,,,0,,1,1,1,25,1,2,0,5,0,0,0,0,true,,false,false,true,false,false,,,,,,false,false,false,,,false,false,false,false,false,-82.98919,42.446,"{
  ""coordinates"": [
    -8.298918761199999e+01,
    4.244599909400010e+01
  ],
  ""type"": ""Point""
}","{
  ""coordinates"": [
    -82.989187612,
    42.445999094
  ],
  ""type"": ""Point""
}",-82.989187612,42.4459990940001
17356,9218269,OAKMAN,CHICAGO,2015-03-16,16,3,2015,15,2,9,9,,4,0,,1,2,1,30,2,2,5,5,0,0,0,0,true,,false,false,false,false,false,,,,,,false,false,false,,,false,true,false,false,false,-83.15331,42.36629,"{
  ""coordinates"": [
    -8.315330445599990e+01,
    4.236628730700010e+01
  ],
  ""type"": ""Point""
}","{
  ""coordinates"": [
    -83.153304456,
    42.366287307
  ],
  ""type"": ""Point""
}",-83.1533044559999,42.3662873070001
17357,9237220,GREEN,PITT,2015-03-16,16,3,2015,8,2,5,9,,,0,,1,1,1,25,1,2,3,5,0,0,0,0,true,,false,false,false,false,false,,,,,,false,false,true,,,false,false,false,false,false,-83.12261,42.31605,"{
  ""coordinates"": [
    -8.312261464499990e+01,
    4.231605113900010e+01
  ],
  ""type"": ""Point""
}","{
  ""coordinates"": [
    -83.122614645,
    42.316051139
  ],
  ""type"": ""Point""
}",-83.1226146449999,42.3160511390001
17358,9218282,EVERGREEN,PAUL,2015-03-16,16,3,2015,12,2,5,9,,4,0,,1,2,1,30,6,3,5,4,0,0,0,1,false,,false,false,true,false,false,,,,,,false,false,false,,,false,false,false,false,false,-83.2351,42.33583,"{
  ""coordinates"": [
    -8.323509689600000e+01,
    4.233583195500010e+01
  ],
  ""type"": ""Point""
}","{
  ""coordinates"": [
    -83.235096896,
    42.335831955
  ],
  ""type"": ""Point""
}",-83.235096896,42.3358319550001
17359,9218962,RAMP 047H,RAMP 047C,2015-03-16,16,3,2015,16,2,97,1,,1,0,,1,2,1,55,3,2,2,5,0,0,0,0,true,,false,false,false,false,false,,,,,,false,false,false,,,false,false,false,false,false,-83.08037,42.41041,"{
  ""coordinates"": [
    -8.308036919700000e+01,
    4.241041160200010e+01
  ],
  ""type"": ""Point""
}","{
  ""coordinates"": [
    -83.080369197,
    42.410411602
  ],
  ""type"": ""Point""
}",-83.080369197,42.4104116020001
17360,9216095,MCNICHOLS,FAIRFIELD,2015-03-16,16,3,2015,3,2,4,9,,4,0,,1,1,4,30,4,2,6,2,0,1,0,0,false,,true,true,false,true,false,,,,,,false,false,true,,,false,false,false,false,false,-83.1353,42.41722,"{
  ""coordinates"": [
    -8.313529840699989e+01,
    4.241722388700000e+01
  ],
  ""type"": ""Point""
}","{
  ""coordinates"": [
    -83.135298407,
    42.417223887
  ],
  ""type"": ""Point""
}",-83.1352984069999,42.417223887
17361,9218284,LAFAYETTE,MELDRUM,2015-03-16,16,3,2015,18,2,8,9,,4,0,,1,1,1,30,2,2,2,5,0,0,0,0,true,,false,false,false,false,false,,,,,,false,false,false,,,false,false,false,false,false,-83.01057,42.34758,"{
  ""coordinates"": [
    -8.301056502400000e+01,
    4.234757974500010e+01
  ],
  ""type"": ""Point""
}","{
  ""coordinates"": [
    -83.010565024,
    42.347579745
  ],
  ""type"": ""Point""
}",-83.010565024,42.3475797450001
17362,9224317,TIREMAN,BEECHWOOD,2015-03-16,16,3,2015,9,2,4,9,,4,0,,1,1,1,30,2,2,2,4,0,0,0,1,false,,false,false,false,false,false,,,,,,false,false,true,,,false,false,false,false,false,-83.11934,42.35307,"{
  ""coordinates"": [
    -8.311934225300000e+01,
    4.235307240200010e+01
  ],
  ""type"": ""Point""
}","{
  ""coordinates"": [
    -83.119342253,
    42.353072402
  ],
  ""type"": ""Point""
}",-83.119342253,42.3530724020001
17363,9219900,SAINT ANTOINE,MACK,2015-03-16,16,3,2015,15,2,9,9,,4,0,,1,1,1,45,3,2,15,5,0,0,0,0,true,,false,false,false,false,false,,,,,,false,true,false,,,false,true,false,false,false,-83.05233,42.3496,"{
  ""coordinates"": [
    -8.305233316499989e+01,
    4.234960140000000e+01
  ],
  ""type"": ""Point""
}","{
  ""coordinates"": [
    -83.052333165,
    42.3496014
  ],
  ""type"": ""Point""
}",-83.0523331649999,42.3496014
17364,9217198,MICHIGAN,MARTIN,2015-03-16,16,3,2015,2,2,97,2,,1,0,,1,1,4,30,5,2,1,5,0,0,0,0,true,,false,false,true,false,false,,,,,,false,false,false,,,false,false,false,false,false,-83.12663,42.33115,"{
  ""coordinates"": [
    -8.312662462100000e+01,
    4.233114895900010e+01
  ],
  ""type"": ""Point""
}","{
  ""coordinates"": [
    -83.126624621,
    42.331148959
  ],
  ""type"": ""Point""
}",-83.126624621,42.3311489590001
17365,9220975,E I 94,RAMP 213I,2015-03-16,16,3,2015,13,2,5,1,,1,0,,97,98,98,55,3,2,1,5,0,0,0,0,true,,false,false,true,false,false,,,,,,false,false,false,,,false,false,false,false,false,-83.09856,42.35027,"{
  ""coordinates"": [
    -8.309855915299990e+01,
    4.235026769400010e+01
  ],
  ""type"": ""Point""
}","{
  ""coordinates"": [
    -83.098559153,
    42.350267694
  ],
  ""type"": ""Point""
}",-83.0985591529999,42.3502676940001
17366,9218959,I-94,LONYO,2015-03-16,16,3,2015,10,2,8,1,,1,0,,1,2,1,55,3,2,2,5,0,0,0,0,true,,false,false,false,false,false,,,,,,false,false,false,,,false,false,false,false,false,-83.14332,42.33167,"{
  ""coordinates"": [
    -8.314331682800000e+01,
    4.233166464700000e+01
  ],
  ""type"": ""Point""
}","{
  ""coordinates"": [
    -83.143316828,
    42.331664647
  ],
  ""type"": ""Point""
}",-83.143316828,42.331664647
17367,9217259,WARREN,S I 75,2015-03-16,16,3,2015,7,2,8,9,,4,0,,1,1,1,30,4,2,3,5,0,0,0,0,true,,false,false,false,false,false,,,,,,false,false,false,,,false,false,false,false,false,-83.05462,42.36069,"{
  ""coordinates"": [
    -8.305462020999990e+01,
    4.236068572000000e+01
  ],
  ""type"": ""Point""
}","{
  ""coordinates"": [
    -83.05462021,
    42.36068572
  ],
  ""type"": ""Point""
}",-83.0546202099999,42.36068572
17368,9218966,M39,7 MILE,2015-03-16,16,3,2015,8,2,5,3,,1,0,,1,1,1,55,3,2,2,5,0,0,0,0,true,,false,false,false,false,false,,,,,,false,false,false,,,false,false,false,false,false,-83.21947,42.43581,"{
  ""coordinates"": [
    -8.321946402299990e+01,
    4.243581399700000e+01
  ],
  ""type"": ""Point""
}","{
  ""coordinates"": [
    -83.219464023,
    42.435813997
  ],
  ""type"": ""Point""
}",-83.2194640229999,42.435813997
17369,9224283,VIRGINIA PARK,WILDEMERE,2015-03-16,16,3,2015,9,2,5,9,,,0,,1,1,1,25,1,2,1,5,0,0,0,0,true,,false,false,false,false,false,,,,,,false,false,true,,,false,false,false,false,false,-83.11165,42.3637,"{
  ""coordinates"": [
    -8.311164866099990e+01,
    4.236370409300010e+01
  ],
  ""type"": ""Point""
}","{
  ""coordinates"": [
    -83.111648661,
    42.363704093
  ],
  ""type"": ""Point""
}",-83.1116486609999,42.3637040930001
17370,9218307,HUMPHREY,DEXTER,2015-03-16,16,3,2015,23,2,8,9,,,0,,1,1,4,25,2,2,1,5,0,0,0,0,true,,false,false,false,false,false,,,,,,false,false,false,,,false,false,false,false,false,-83.12315,42.3783,"{
  ""coordinates"": [
    -8.312315681299999e+01,
    4.237830521800000e+01
  ],
  ""type"": ""Point""
}","{
  ""coordinates"": [
    -83.123156813,
    42.378305218
  ],
  ""type"": ""Point""
}",-83.123156813,42.378305218
17371,9219061,OUTER,PLYMOUTH,2015-03-16,16,3,2015,10,2,4,9,,2,0,,1,1,1,35,2,2,1,4,0,0,0,1,false,,true,true,true,false,false,,,,,,false,true,false,,,false,false,false,false,false,-83.26086,42.37159,"{
  ""coordinates"": [
    -8.326086266899991e+01,
    4.237159498900010e+01
  ],
  ""type"": ""Point""
}","{
  ""coordinates"": [
    -83.260862669,
    42.371594989
  ],
  ""type"": ""Point""
}",-83.2608626689999,42.3715949890001
17372,9233972,LINVILLE,BARHAM,2015-03-16,16,3,2015,7,2,8,9,,,0,,1,1,1,25,2,2,0,5,0,0,0,0,true,,false,false,true,false,false,,,,,,false,false,false,,,false,false,false,false,false,-82.95483,42.40505,"{
  ""coordinates"": [
    -8.295483152500000e+01,
    4.240505293800000e+01
  ],
  ""type"": ""Point""
}","{
  ""coordinates"": [
    -82.954831525,
    42.405052938
  ],
  ""type"": ""Point""
}",-82.954831525,42.405052938
17373,9218270,SCHAEFER,CHICAGO,2015-03-16,16,3,2015,3,2,4,9,,4,0,,1,1,4,35,2,2,3,5,0,0,0,0,true,,true,true,true,false,false,,,,,,false,false,false,,,false,false,false,false,false,-83.17772,42.36579,"{
  ""coordinates"": [
    -8.317771555699990e+01,
    4.236579115500010e+01
  ],
  ""type"": ""Point""
}","{
  ""coordinates"": [
    -83.177715557,
    42.365791155
  ],
  ""type"": ""Point""
}",-83.1777155569999,42.3657911550001
17374,9400256,EUCLID,WOODWARD,2015-03-16,16,3,2015,3,2,1,9,,4,1,,1,1,4,25,2,1,1,5,0,0,0,0,true,,false,false,false,false,false,,,,,,false,false,false,,,false,false,false,false,false,-83.07875,42.37686,"{
  ""coordinates"": [
    -8.307875385900000e+01,
    4.237686294200010e+01
  ],
  ""type"": ""Point""
}","{
  ""coordinates"": [
    -83.078753859,
    42.376862942
  ],
  ""type"": ""Point""
}",-83.078753859,42.3768629420001
17375,9219875,VERNOR,WATERMAN,2015-03-16,16,3,2015,11,2,8,9,,4,0,,1,1,1,25,3,2,3,5,0,0,0,0,true,,false,false,true,false,false,,,,,,false,false,false,,,false,false,false,false,false,-83.11658,42.31581,"{
  ""coordinates"": [
    -8.311657785400000e+01,
    4.231580958300000e+01
  ],
  ""type"": ""Point""
}","{
  ""coordinates"": [
    -83.116577854,
    42.315809583
  ],
  ""type"": ""Point""
}",-83.116577854,42.315809583
17376,9233052,7 MILE,HAYES,2015-03-16,16,3,2015,10,2,9,9,,2,2,,1,1,1,30,5,2,3,4,0,0,0,1,false,,false,false,true,false,true,,,,,,false,false,false,,,false,false,false,false,false,-82.96564,42.43542,"{
  ""coordinates"": [
    -8.296563851400001e+01,
    4.243541641400000e+01
  ],
  ""type"": ""Point""
}","{
  ""coordinates"": [
    -82.965638514,
    42.435416414
  ],
  ""type"": ""Point""
}",-82.965638514,42.435416414
17377,9218268,FENKELL,FREELAND,2015-03-16,16,3,2015,12,2,8,9,,2,0,,1,2,1,30,4,2,2,5,0,0,0,0,true,,false,false,false,false,false,,,,,,false,true,false,,,false,false,false,false,false,-83.18542,42.40191,"{
  ""coordinates"": [
    -8.318541707400000e+01,
    4.240191246800000e+01
  ],
  ""type"": ""Point""
}","{
  ""coordinates"": [
    -83.185417074,
    42.401912468
  ],
  ""type"": ""Point""
}",-83.185417074,42.401912468
17378,9379687,DAVISON,CALDWELL,2015-03-16,16,3,2015,14,2,97,9,,2,0,,1,1,1,35,6,2,5,5,0,0,0,0,true,,false,false,false,false,false,,,,,,false,true,true,,,false,false,false,false,false,-83.04656,42.4212,"{
  ""coordinates"": [
    -8.304655888600000e+01,
    4.242120168000010e+01
  ],
  ""type"": ""Point""
}","{
  ""coordinates"": [
    -83.046558886,
    42.42120168
  ],
  ""type"": ""Point""
}",-83.046558886,42.4212016800001
17379,9218315,WEXFORD,7 MILE,2015-03-16,16,3,2015,16,2,97,9,,,0,,1,2,1,25,1,2,2,2,0,1,0,0,false,,false,false,false,false,false,,,,,,false,false,false,,,false,false,true,false,false,-83.06515,42.43373,"{
  ""coordinates"": [
    -8.306514361300000e+01,
    4.243373536000010e+01
  ],
  ""type"": ""Point""
}","{
  ""coordinates"": [
    -83.065143613,
    42.43373536
  ],
  ""type"": ""Point""
}",-83.065143613,42.4337353600001
17380,9217215,MCNICHOLS,ST MARYS,2015-03-16,16,3,2015,23,2,5,9,,2,0,,1,1,4,35,4,2,2,5,0,0,0,0,true,,false,false,false,false,false,,,,,,false,false,false,,,false,false,false,false,false,-83.20687,42.41581,"{
  ""coordinates"": [
    -8.320687376099990e+01,
    4.241580569600010e+01
  ],
  ""type"": ""Point""
}","{
  ""coordinates"": [
    -83.206873761,
    42.415805696
  ],
  ""type"": ""Point""
}",-83.2068737609999,42.4158056960001
17381,9218273,JOHN R,MACK,2015-03-16,16,3,2015,15,2,5,9,,4,0,,1,1,1,30,5,2,2,5,0,0,0,0,true,,false,false,false,false,false,,,,,,false,false,false,,,false,false,false,false,false,-83.05596,42.3484,"{
  ""coordinates"": [
    -8.305596328500000e+01,
    4.234840127200000e+01
  ],
  ""type"": ""Point""
}","{
  ""coordinates"": [
    -83.055963285,
    42.348401272
  ],
  ""type"": ""Point""
}",-83.055963285,42.348401272
17382,9217252,STEEL,FLORENCE,2015-03-16,16,3,2015,15,2,4,9,,,0,,1,2,1,25,4,2,3,3,0,0,1,0,false,,false,false,false,false,false,,,,,,false,true,false,,,false,false,false,false,false,-83.17197,42.41193,"{
  ""coordinates"": [
    -8.317197777400000e+01,
    4.241193423500000e+01
  ],
  ""type"": ""Point""
}","{
  ""coordinates"": [
    -83.171977774,
    42.411934235
  ],
  ""type"": ""Point""
}",-83.171977774,42.411934235
17383,9217251,VASSAR,OUTER,2015-03-16,16,3,2015,17,2,5,9,,4,0,,1,1,1,30,3,3,3,5,0,0,0,0,true,,false,false,true,false,false,,,,,,false,true,false,,,false,false,false,false,false,-83.17575,42.43462,"{
  ""coordinates"": [
    -8.317575352700000e+01,
    4.243462380700000e+01
  ],
  ""type"": ""Point""
}","{
  ""coordinates"": [
    -83.175753527,
    42.434623807
  ],
  ""type"": ""Point""
}",-83.175753527,42.434623807
17384,9217197,MICHIGAN,MARTIN,2015-03-16,16,3,2015,2,2,4,2,,1,0,,1,1,4,35,5,2,0,5,0,0,0,0,true,,false,false,true,false,false,,,,,,false,false,false,,,false,false,false,false,false,-83.12663,42.33115,"{
  ""coordinates"": [
    -8.312662462100000e+01,
    4.233114895900010e+01
  ],
  ""type"": ""Point""
}","{
  ""coordinates"": [
    -83.126624621,
    42.331148959
  ],
  ""type"": ""Point""
}",-83.126624621,42.3311489590001
17385,9217239,BUFFALO,CARPENTER,2015-03-15,15,3,2015,21,1,4,9,,4,0,,1,1,4,25,2,2,3,3,0,0,2,1,false,,false,false,false,false,false,,,,,,false,false,true,,,false,false,false,false,false,-83.04735,42.40855,"{
  ""coordinates"": [
    -8.304735076100000e+01,
    4.240854946600010e+01
  ],
  ""type"": ""Point""
}","{
  ""coordinates"": [
    -83.047350761,
    42.408549466
  ],
  ""type"": ""Point""
}",-83.047350761,42.4085494660001
17386,9216026,MICHIGAN,20TH,2015-03-15,15,3,2015,11,1,8,2,,1,3,,1,1,1,35,4,2,1,5,0,0,0,0,true,,false,false,false,false,false,,,,,,false,true,false,,,false,false,false,false,false,-83.0844,42.33147,"{
  ""coordinates"": [
    -8.308439913099990e+01,
    4.233147454300010e+01
  ],
  ""type"": ""Point""
}","{
  ""coordinates"": [
    -83.084399131,
    42.331474543
  ],
  ""type"": ""Point""
}",-83.0843991309999,42.3314745430001
17387,9217207,HARDYKE,VAN DYKE,2015-03-15,15,3,2015,1,1,8,3,,,0,,1,1,4,25,2,2,0,5,0,0,0,0,true,,false,false,true,false,false,,,,,,false,false,false,,,false,false,false,false,false,-83.02239,42.39001,"{
  ""coordinates"": [
    -8.302239572500000e+01,
    4.239001108600010e+01
  ],
  ""type"": ""Point""
}","{
  ""coordinates"": [
    -83.022395725,
    42.390011086
  ],
  ""type"": ""Point""
}",-83.022395725,42.3900110860001
17388,9224313,GRAND RIVER,LIVERNOIS,2015-03-15,15,3,2015,3,1,2,3,,1,2,,1,1,4,30,3,2,1,5,0,0,0,0,true,,false,false,true,false,false,,,,,,false,false,false,,,false,false,false,false,false,-83.13879,42.36866,"{
  ""coordinates"": [
    -8.313879359399991e+01,
    4.236866309900010e+01
  ],
  ""type"": ""Point""
}","{
  ""coordinates"": [
    -83.138793594,
    42.368663099
  ],
  ""type"": ""Point""
}",-83.1387935939999,42.3686630990001
17389,9217219,PURITAN,SOUTHFIELD,2015-03-15,15,3,2015,18,1,4,9,,4,0,,1,1,1,30,2,2,1,5,0,0,0,0,true,,true,true,true,false,false,,,,,,false,false,true,,,false,false,false,false,false,-83.21822,42.40834,"{
  ""coordinates"": [
    -8.321821846900001e+01,
    4.240834055700000e+01
  ],
  ""type"": ""Point""
}","{
  ""coordinates"": [
    -83.218218469,
    42.408340557
  ],
  ""type"": ""Point""
}",-83.218218469,42.408340557
17390,9217204,GRATOIT,MCCLELLEN,2015-03-15,15,3,2015,12,1,6,3,,1,0,,1,1,1,35,4,2,1,5,0,0,0,0,true,,false,false,true,false,false,,,,,,false,true,false,,,false,false,false,false,false,-83.00706,42.39035,"{
  ""coordinates"": [
    -8.300705866800000e+01,
    4.239035107400010e+01
  ],
  ""type"": ""Point""
}","{
  ""coordinates"": [
    -83.007058668,
    42.390351074
  ],
  ""type"": ""Point""
}",-83.007058668,42.3903510740001
17391,9221082,N M 39 SERVICE DRIVE,RAMP 007B,2015-03-15,15,3,2015,1,1,1,3,,4,1,,1,1,5,35,2,1,0,5,0,0,0,0,true,,false,false,false,false,false,,,,,,false,false,false,,,false,false,false,false,false,-83.21616,42.35897,"{
  ""coordinates"": [
    -8.321616159699990e+01,
    4.235897238300000e+01
  ],
  ""type"": ""Point""
}","{
  ""coordinates"": [
    -83.216161597,
    42.358972383
  ],
  ""type"": ""Point""
}",-83.2161615969999,42.358972383
17392,9219853,JEFFERSON,BATES,2015-03-15,15,3,2015,16,1,5,3,,1,0,,1,1,1,0,1,2,8,5,0,0,0,0,true,,false,false,false,false,false,,,,,,false,false,false,,,false,false,false,false,false,-83.04354,42.3289,"{
  ""coordinates"": [
    -8.304354035300000e+01,
    4.232889407000000e+01
  ],
  ""type"": ""Point""
}","{
  ""coordinates"": [
    -83.043540353,
    42.32889407
  ],
  ""type"": ""Point""
}",-83.043540353,42.32889407
17393,9223133,I-75,DAVISON,2015-03-15,15,3,2015,4,1,1,1,,1,1,,1,1,4,70,4,1,1,3,0,0,1,0,false,,false,false,false,true,false,,,,,,false,false,false,,,false,false,false,false,false,-83.07692,42.40675,"{
  ""coordinates"": [
    -8.307691896599989e+01,
    4.240675279000000e+01
  ],
  ""type"": ""Point""
}","{
  ""coordinates"": [
    -83.076918966,
    42.40675279
  ],
  ""type"": ""Point""
}",-83.0769189659999,42.40675279
17394,9234030,DICKERSON,GLENFIELD,2015-03-15,15,3,2015,10,1,4,9,,4,0,,1,1,1,25,6,2,3,4,0,0,0,1,false,,true,false,false,false,false,,,,,,false,false,false,,,false,false,false,false,false,-82.98102,42.41479,"{
  ""coordinates"": [
    -8.298102041800000e+01,
    4.241479566800010e+01
  ],
  ""type"": ""Point""
}","{
  ""coordinates"": [
    -82.981020418,
    42.414795668
  ],
  ""type"": ""Point""
}",-82.981020418,42.4147956680001