ObjectId,Crash ID,Primary Road,Intersecting Road,Crash Date,Day,Month,Year,Hour,Weekday,Crash Type Code,Highway Classification Code,Community Code,Jurisdiction Code,Lane Departure Type Code,Surface Type,Road Condition,Weather Condition,Lighting Condition,Speed Limit,Lanes,Units,Occupants,Most Severe Injury,Fatal Injuries,Suspected Serious Injuries,Suspected Minor Injuries,Possible Injuries,Property Damage Only,Secondary Crash,Traffic Control,Red Light Run,Hit and Run,Alcohol,Drugs,Unbelted Person,Work Zone,Speeding Driver,Distracted Driver,Driveway,Pedestrian,Elderly Driver,Young Driver,Commercial Vehicle,Emergency Vehicles,Train,School Bus,Motorcycle,Bicycle,Deer,Longitude,Latitude,geom,geog,x,y
17395,9217221,EVERGREEN,MIDLAND,2015-03-15,15,3,2015,23,1,1,9,,4,1,,1,1,4,30,2,1,2,3,0,0,1,1,false,,false,false,false,false,false,,,,,,false,false,false,,,false,false,false,false,false,-83.23757,42.40416,"{
  ""coordinates"": [
    -8.323757372100000e+01,
    4.240415890700010e+01
  ],
  ""type"": ""Point""
}","{
  ""coordinates"": [
    -83.237573721,
    42.404158907
  ],
  ""type"": ""Point""
}",-83.237573721,42.4041589070001
17396,9216032,WOODWARD,BALTIMORE,2015-03-15,15,3,2015,12,1,4,3,,1,0,,1,1,1,30,1,2,2,4,0,0,0,1,false,,false,false,false,false,false,,,,,,false,true,false,,,false,false,false,false,false,-83.07209,42.36841,"{
  ""coordinates"": [
    -8.307208987699990e+01,
    4.236841096800000e+01
  ],
  ""type"": ""Point""
}","{
  ""coordinates"": [
    -83.072089877,
    42.368410968
  ],
  ""type"": ""Point""
}",-83.0720898769999,42.368410968
17397,9215904,M-10,GRANDRIVER,2015-03-15,15,3,2015,9,1,8,9,,4,0,,1,2,1,55,3,2,2,5,0,0,0,0,true,,false,false,false,false,false,,,,,,false,true,true,,,false,false,false,false,false,-83.0662,42.33813,"{
  ""coordinates"": [
    -8.306620357799990e+01,
    4.233813415600010e+01
  ],
  ""type"": ""Point""
}","{
  ""coordinates"": [
    -83.066203578,
    42.338134156
  ],
  ""type"": ""Point""
}",-83.0662035779999,42.3381341560001
17398,9216082,7 MILE,AVON,2015-03-15,15,3,2015,14,1,8,9,,2,0,,1,1,1,35,4,2,2,5,0,0,0,0,true,,false,false,false,false,false,,,,,,false,false,false,,,false,false,false,false,false,-83.22652,42.42988,"{
  ""coordinates"": [
    -8.322652814100000e+01,
    4.242988200900000e+01
  ],
  ""type"": ""Point""
}","{
  ""coordinates"": [
    -83.226528141,
    42.429882009
  ],
  ""type"": ""Point""
}",-83.226528141,42.429882009
17399,9216073,MANSFIELD,VERNE,2015-03-15,15,3,2015,12,1,8,9,,,0,,1,1,1,25,2,2,0,5,0,0,0,0,true,,false,false,true,false,false,,,,,,false,false,false,,,false,false,false,false,false,-83.20564,42.41227,"{
  ""coordinates"": [
    -8.320564579400001e+01,
    4.241227468600000e+01
  ],
  ""type"": ""Point""
}","{
  ""coordinates"": [
    -83.205645794,
    42.412274686
  ],
  ""type"": ""Point""
}",-83.205645794,42.412274686
17400,9215897,W I 96,FULLERTON,2015-03-15,15,3,2015,3,1,5,1,,1,0,,1,2,4,70,3,3,3,5,0,0,0,0,true,,false,false,false,false,false,,,,,,false,false,false,,,false,false,false,false,false,-83.18861,42.38049,"{
  ""coordinates"": [
    -8.318860490400000e+01,
    4.238048501800010e+01
  ],
  ""type"": ""Point""
}","{
  ""coordinates"": [
    -83.188604904,
    42.380485018
  ],
  ""type"": ""Point""
}",-83.188604904,42.3804850180001
17401,9217245,VANDYKE,LYNCH,2015-03-15,15,3,2015,0,1,8,3,,1,0,,1,1,4,35,6,2,2,3,0,0,1,0,false,,false,false,false,false,false,,,,,,false,false,false,,,false,false,false,false,false,-83.02315,42.40487,"{
  ""coordinates"": [
    -8.302314483100000e+01,
    4.240486435900000e+01
  ],
  ""type"": ""Point""
}","{
  ""coordinates"": [
    -83.023144831,
    42.404864359
  ],
  ""type"": ""Point""
}",-83.023144831,42.404864359
17402,9215877,I96,JOY,2015-03-15,15,3,2015,21,1,8,1,,1,0,,1,1,4,70,4,2,2,5,0,0,0,0,true,,false,false,false,false,false,,,,,,false,false,true,,,false,false,false,false,false,-83.1226,42.36105,"{
  ""coordinates"": [
    -8.312259567500000e+01,
    4.236105478300000e+01
  ],
  ""type"": ""Point""
}","{
  ""coordinates"": [
    -83.122595675,
    42.361054783
  ],
  ""type"": ""Point""
}",-83.122595675,42.361054783
17403,9218292,8 MILE,8 MILE SERVICE DRIVE,2015-03-15,15,3,2015,11,1,5,3,,1,0,,1,1,1,45,4,2,5,5,0,0,0,0,true,,false,false,true,false,false,,,,,,false,false,false,,,false,false,false,false,false,-83.20698,42.4446,"{
  ""coordinates"": [
    -8.320697710500001e+01,
    4.244460055500010e+01
  ],
  ""type"": ""Point""
}","{
  ""coordinates"": [
    -83.206977105,
    42.444600555
  ],
  ""type"": ""Point""
}",-83.206977105,42.4446005550001
17404,9222619,MOROSS,ROLANDALE,2015-03-15,15,3,2015,11,1,1,9,,2,1,,1,1,1,35,2,1,1,4,0,0,0,1,false,,false,false,false,false,false,,,,,,false,false,true,,,false,false,false,false,false,-82.91992,42.42059,"{
  ""coordinates"": [
    -8.291992357600000e+01,
    4.242059087600010e+01
  ],
  ""type"": ""Point""
}","{
  ""coordinates"": [
    -82.919923576,
    42.420590876
  ],
  ""type"": ""Point""
}",-82.919923576,42.4205908760001
17405,9217178,TRUMBULL,LYSANDER,2015-03-15,15,3,2015,19,1,97,9,,4,0,,1,1,4,35,4,2,5,4,0,0,0,3,false,,false,false,true,false,false,,,,,,false,false,true,,,false,false,false,false,false,-83.07715,42.34935,"{
  ""coordinates"": [
    -8.307714523100000e+01,
    4.234935307800000e+01
  ],
  ""type"": ""Point""
}","{
  ""coordinates"": [
    -83.077145231,
    42.349353078
  ],
  ""type"": ""Point""
}",-83.077145231,42.349353078
17406,9215905,W I 94,GRAND,2015-03-15,15,3,2015,12,1,5,1,,1,0,,1,1,1,55,3,2,3,5,0,0,0,0,true,,false,false,false,false,false,,,,,,false,false,true,,,false,false,false,false,false,-83.10928,42.34705,"{
  ""coordinates"": [
    -8.310927904399990e+01,
    4.234704463600010e+01
  ],
  ""type"": ""Point""
}","{
  ""coordinates"": [
    -83.109279044,
    42.347044636
  ],
  ""type"": ""Point""
}",-83.1092790439999,42.3470446360001
17407,9217253,SCHAEFER,7 MILE,2015-03-15,15,3,2015,15,1,5,9,,4,0,,1,1,1,30,2,3,3,5,0,0,0,0,true,,false,false,false,false,false,,,,,,false,false,true,,,false,false,false,false,false,-83.1805,42.43119,"{
  ""coordinates"": [
    -8.318050237999999e+01,
    4.243119156100000e+01
  ],
  ""type"": ""Point""
}","{
  ""coordinates"": [
    -83.18050238,
    42.431191561
  ],
  ""type"": ""Point""
}",-83.18050238,42.431191561
17408,9218969,SB I-75,VERNOR,2015-03-15,15,3,2015,17,1,1,1,,1,1,,1,1,1,70,4,1,14,3,0,0,3,5,false,,false,false,false,false,false,,,,,,false,false,false,,,false,false,false,false,false,-83.08415,42.32504,"{
  ""coordinates"": [
    -8.308414926800000e+01,
    4.232503867300010e+01
  ],
  ""type"": ""Point""
}","{
  ""coordinates"": [
    -83.084149268,
    42.325038673
  ],
  ""type"": ""Point""
}",-83.084149268,42.3250386730001
17409,9216094,SCHAEFER,MCNICHOLS,2015-03-15,15,3,2015,2,1,5,9,,4,0,,1,1,4,35,2,2,3,5,0,0,0,0,true,,false,false,false,false,false,,,,,,false,false,true,,,false,false,false,false,false,-83.17979,42.41659,"{
  ""coordinates"": [
    -8.317979767500000e+01,
    4.241658889000010e+01
  ],
  ""type"": ""Point""
}","{
  ""coordinates"": [
    -83.179797675,
    42.41658889
  ],
  ""type"": ""Point""
}",-83.179797675,42.4165888900001
17410,9216050,MICHIGAN,52ND,2015-03-15,15,3,2015,12,1,6,2,,1,0,,1,1,1,35,5,2,3,5,0,0,0,0,true,,false,false,false,false,false,,,,,,false,false,false,,,false,false,false,false,false,-83.13635,42.33109,"{
  ""coordinates"": [
    -8.313635009099990e+01,
    4.233108803300010e+01
  ],
  ""type"": ""Point""
}","{
  ""coordinates"": [
    -83.136350091,
    42.331088033
  ],
  ""type"": ""Point""
}",-83.1363500909999,42.3310880330001
17411,9219073,WYOMING,7 MILE,2015-03-15,15,3,2015,16,1,5,9,,4,0,,1,1,1,35,4,2,3,5,0,0,0,0,true,,false,false,false,false,false,,,,,,false,false,false,,,false,false,false,false,false,-83.16097,42.43132,"{
  ""coordinates"": [
    -8.316097481100000e+01,
    4.243131657700010e+01
  ],
  ""type"": ""Point""
}","{
  ""coordinates"": [
    -83.160974811,
    42.431316577
  ],
  ""type"": ""Point""
}",-83.160974811,42.4313165770001
17412,9216027,MACK,N I 75 SERVICE DRIVE,2015-03-15,15,3,2015,18,1,97,9,,4,0,,1,1,1,35,4,2,2,5,0,0,0,0,true,,true,true,true,false,false,,,,,,false,false,false,,,false,false,false,false,false,-83.04734,42.35138,"{
  ""coordinates"": [
    -8.304733982600000e+01,
    4.235138443600000e+01
  ],
  ""type"": ""Point""
}","{
  ""coordinates"": [
    -83.047339826,
    42.351384436
  ],
  ""type"": ""Point""
}",-83.047339826,42.351384436
17413,9217236,WAYBURN,BONITA,2015-03-15,15,3,2015,6,1,2,9,,,2,,1,1,4,25,2,2,0,5,0,0,0,0,true,,false,false,true,false,false,,,,,,false,false,false,,,false,false,false,false,false,-82.95894,42.41331,"{
  ""coordinates"": [
    -8.295893579599991e+01,
    4.241330536800010e+01
  ],
  ""type"": ""Point""
}","{
  ""coordinates"": [
    -82.958935796,
    42.413305368
  ],
  ""type"": ""Point""
}",-82.9589357959999,42.4133053680001
17414,9245050,DAVISON,LINWOOD,2015-03-15,15,3,2015,11,1,8,3,,1,0,,1,1,1,30,3,2,2,5,0,0,0,0,true,,false,false,true,false,false,,,,,,false,false,false,,,false,false,false,false,false,-83.12202,42.39302,"{
  ""coordinates"": [
    -8.312202187100000e+01,
    4.239301701600000e+01
  ],
  ""type"": ""Point""
}","{
  ""coordinates"": [
    -83.122021871,
    42.393017016
  ],
  ""type"": ""Point""
}",-83.122021871,42.393017016
17415,9217246,DAVISON CROSSOVER,MT ELLIOTT,2015-03-15,15,3,2015,10,1,2,9,,4,2,,1,1,1,30,4,2,2,5,0,0,0,0,true,,true,false,true,false,false,,,,,,false,false,false,,,false,false,false,false,false,-83.03664,42.42332,"{
  ""coordinates"": [
    -8.303663526799990e+01,
    4.242331854800010e+01
  ],
  ""type"": ""Point""
}","{
  ""coordinates"": [
    -83.036635268,
    42.423318548
  ],
  ""type"": ""Point""
}",-83.0366352679999,42.4233185480001
17416,9216039,WOODMERE,RICHARD,2015-03-15,15,3,2015,2,1,2,9,,4,2,,1,1,4,15,2,2,0,5,0,0,0,0,true,,false,false,true,false,false,,,,,,false,false,false,,,false,false,false,false,false,-83.13765,42.30989,"{
  ""coordinates"": [
    -8.313764820199999e+01,
    4.230989035300010e+01
  ],
  ""type"": ""Point""
}","{
  ""coordinates"": [
    -83.137648202,
    42.309890353
  ],
  ""type"": ""Point""
}",-83.137648202,42.3098903530001
17417,9216069,OUTER,7 MILE,2015-03-15,15,3,2015,14,1,3,9,,2,0,,1,1,1,35,3,2,3,5,0,0,0,0,true,,true,true,false,false,false,,,,,,false,false,true,,,false,false,false,false,false,-82.91524,42.41872,"{
  ""coordinates"": [
    -8.291523868199990e+01,
    4.241871601000000e+01
  ],
  ""type"": ""Point""
}","{
  ""coordinates"": [
    -82.915238682,
    42.41871601
  ],
  ""type"": ""Point""
}",-82.9152386819999,42.41871601
17418,9219859,ST.ANTOINE,LARNED,2015-03-15,15,3,2015,19,1,8,9,,4,0,,1,1,1,0,1,2,1,5,0,0,0,0,true,,false,false,true,false,false,,,,,,false,false,false,,,false,false,false,false,false,-83.03873,42.33223,"{
  ""coordinates"": [
    -8.303873168699990e+01,
    4.233223113500000e+01
  ],
  ""type"": ""Point""
}","{
  ""coordinates"": [
    -83.038731687,
    42.332231135
  ],
  ""type"": ""Point""
}",-83.0387316869999,42.332231135
17419,9217247,DAVISON,FENELON,2015-03-15,15,3,2015,0,1,5,9,,2,0,,1,1,4,30,3,2,2,4,0,0,0,1,false,,false,false,true,false,false,,,,,,false,false,false,,,false,false,false,false,false,-83.05275,42.41889,"{
  ""coordinates"": [
    -8.305275041100001e+01,
    4.241888631800000e+01
  ],
  ""type"": ""Point""
}","{
  ""coordinates"": [
    -83.052750411,
    42.418886318
  ],
  ""type"": ""Point""
}",-83.052750411,42.418886318
17420,9219086,WOODWARD,STATE FAIR,2015-03-15,15,3,2015,12,1,4,3,,1,0,,1,1,1,45,4,2,2,5,0,0,0,0,true,,false,false,false,false,false,,,,,,false,false,false,,,false,false,false,false,false,-83.11988,42.43934,"{
  ""coordinates"": [
    -8.311988387400000e+01,
    4.243934408700010e+01
  ],
  ""type"": ""Point""
}","{
  ""coordinates"": [
    -83.119883874,
    42.439344087
  ],
  ""type"": ""Point""
}",-83.119883874,42.4393440870001
17421,9218983,I-75,WARREN,2015-03-15,15,3,2015,16,1,5,1,,1,0,,1,1,1,55,3,2,2,5,0,0,0,0,true,,false,false,true,false,false,,,,,,false,false,true,,,false,false,false,false,false,-83.05341,42.3596,"{
  ""coordinates"": [
    -8.305340215599990e+01,
    4.235959870000000e+01
  ],
  ""type"": ""Point""
}","{
  ""coordinates"": [
    -83.053402156,
    42.3595987
  ],
  ""type"": ""Point""
}",-83.0534021559999,42.3595987
17422,9240374,ANNOTT,SAUER,2015-03-15,15,3,2015,18,1,8,9,,,0,,1,1,4,25,2,4,3,2,0,1,0,1,false,,false,false,false,false,false,,,,,,false,false,false,,,false,false,false,false,false,-83.00176,42.42446,"{
  ""coordinates"": [
    -8.300176486500000e+01,
    4.242446253100010e+01
  ],
  ""type"": ""Point""
}","{
  ""coordinates"": [
    -83.001764865,
    42.424462531
  ],
  ""type"": ""Point""
}",-83.001764865,42.4244625310001
17423,9217243,7 MILE,CARRIE,2015-03-15,15,3,2015,17,1,5,9,,4,0,,1,1,1,25,2,2,2,4,0,0,0,2,false,,false,false,true,true,false,,,,,,false,false,false,,,false,false,false,false,false,-83.03069,42.43384,"{
  ""coordinates"": [
    -8.303069512600000e+01,
    4.243383744100000e+01
  ],
  ""type"": ""Point""
}","{
  ""coordinates"": [
    -83.030695126,
    42.433837441
  ],
  ""type"": ""Point""
}",-83.030695126,42.433837441
17424,9218968,E I 96,GRAND,2015-03-15,15,3,2015,11,1,1,1,,1,1,,1,1,1,70,4,1,1,5,0,0,0,0,true,,false,false,false,false,false,,,,,,false,true,false,,,false,false,false,false,false,-83.11081,42.35586,"{
  ""coordinates"": [
    -8.311081067399989e+01,
    4.235585877000010e+01
  ],
  ""type"": ""Point""
}","{
  ""coordinates"": [
    -83.110810674,
    42.35585877
  ],
  ""type"": ""Point""
}",-83.1108106739999,42.3558587700001
17425,9217250,7 MILE,WYOMING,2015-03-15,15,3,2015,20,1,5,9,,2,0,,1,1,4,30,2,2,6,5,0,0,0,0,true,,false,false,false,false,false,,,,,,false,false,true,,,false,false,false,false,false,-83.16086,42.43135,"{
  ""coordinates"": [
    -8.316085895600000e+01,
    4.243134761500000e+01
  ],
  ""type"": ""Point""
}","{
  ""coordinates"": [
    -83.160858956,
    42.431347615
  ],
  ""type"": ""Point""
}",-83.160858956,42.431347615
17426,9223132,W I 96,GREENFIELD,2015-03-15,15,3,2015,2,1,1,1,,1,1,,1,1,4,70,3,1,3,4,0,0,0,3,false,,false,false,false,false,false,,,,,,false,false,false,,,false,false,false,false,false,-83.19711,42.37924,"{
  ""coordinates"": [
    -8.319711577699999e+01,
    4.237923710000010e+01
  ],
  ""type"": ""Point""
}","{
  ""coordinates"": [
    -83.197115777,
    42.3792371
  ],
  ""type"": ""Point""
}",-83.197115777,42.3792371000001
17427,9223136,I-75,COMMOR,2015-03-15,15,3,2015,5,1,1,1,,1,0,,1,1,4,70,4,1,1,5,0,0,0,0,true,,false,false,false,false,false,,,,,,false,false,true,,,false,false,false,false,false,-83.07348,42.40431,"{
  ""coordinates"": [
    -8.307348187500000e+01,
    4.240430743400000e+01
  ],
  ""type"": ""Point""
}","{
  ""coordinates"": [
    -83.073481875,
    42.404307434
  ],
  ""type"": ""Point""
}",-83.073481875,42.404307434
17428,9217244,I 94,VAN DYKE,2015-03-15,15,3,2015,14,1,5,1,,1,0,,1,1,1,55,4,2,2,5,0,0,0,0,true,,false,false,false,false,false,,,,,,false,false,true,,,false,false,false,false,false,-83.02051,42.38617,"{
  ""coordinates"": [
    -8.302050821300000e+01,
    4.238616638200010e+01
  ],
  ""type"": ""Point""
}","{
  ""coordinates"": [
    -83.020508213,
    42.386166382
  ],
  ""type"": ""Point""
}",-83.020508213,42.3861663820001
17429,9400258,CHRYSLER,HOLBROOK,2015-03-15,15,3,2015,2,1,4,1,,4,0,,1,1,4,30,4,2,2,3,0,0,2,0,false,,false,false,true,false,false,,,,,,false,false,false,,,false,false,false,false,false,-83.06857,42.38628,"{
  ""coordinates"": [
    -8.306857150799991e+01,
    4.238627757000010e+01
  ],
  ""type"": ""Point""
}","{
  ""coordinates"": [
    -83.068571508,
    42.38627757
  ],
  ""type"": ""Point""
}",-83.0685715079999,42.3862775700001
17430,9218311,14TH,EUCLID,2015-03-15,15,3,2015,20,1,4,9,,4,0,,1,1,4,35,3,2,3,5,0,0,0,0,true,,false,false,false,false,false,,,,,,false,false,true,,,false,false,false,false,false,-83.09914,42.36937,"{
  ""coordinates"": [
    -8.309913483400000e+01,
    4.236937083800010e+01
  ],
  ""type"": ""Point""
}","{
  ""coordinates"": [
    -83.099134834,
    42.369370838
  ],
  ""type"": ""Point""
}",-83.099134834,42.3693708380001
17431,9223135,I-94,FRENCH,2015-03-15,15,3,2015,2,1,97,1,,1,0,,1,1,5,55,3,4,4,4,0,0,0,1,false,,false,false,true,false,false,,,,,,false,false,true,,,false,false,false,false,false,-82.99223,42.39334,"{
  ""coordinates"": [
    -8.299223617599991e+01,
    4.239334532900010e+01
  ],
  ""type"": ""Point""
}","{
  ""coordinates"": [
    -82.992236176,
    42.393345329
  ],
  ""type"": ""Point""
}",-82.9922361759999,42.3933453290001
17432,9219857,GRISWOLD,LARNED,2015-03-15,15,3,2015,3,1,4,9,,4,0,,1,1,5,35,4,2,1,4,0,0,0,1,false,,false,false,true,false,false,,,,,,false,false,false,,,false,false,false,false,false,-83.04668,42.32984,"{
  ""coordinates"": [
    -8.304667484899990e+01,
    4.232984158000000e+01
  ],
  ""type"": ""Point""
}","{
  ""coordinates"": [
    -83.046674849,
    42.32984158
  ],
  ""type"": ""Point""
}",-83.0466748489999,42.32984158
17433,9216090,GREENFIELD,MCNICHOLS,2015-03-15,15,3,2015,2,1,4,9,,2,0,,1,1,4,30,8,2,4,5,0,0,0,0,true,,false,false,true,false,false,,,,,,false,false,true,,,false,false,false,false,false,-83.19932,42.41618,"{
  ""coordinates"": [
    -8.319931596500000e+01,
    4.241618357100000e+01
  ],
  ""type"": ""Point""
}","{
  ""coordinates"": [
    -83.199315965,
    42.416183571
  ],
  ""type"": ""Point""
}",-83.199315965,42.416183571
17434,9234016,TACOMA,HICKORY,2015-03-15,15,3,2015,6,1,9,9,,,2,,1,1,2,25,2,2,0,5,0,0,0,0,true,,false,false,true,false,false,,,,,,false,false,false,,,false,false,false,false,false,-82.98768,42.44133,"{
  ""coordinates"": [
    -8.298768214700000e+01,
    4.244132887800000e+01
  ],
  ""type"": ""Point""
}","{
  ""coordinates"": [
    -82.987682147,
    42.441328878
  ],
  ""type"": ""Point""
}",-82.987682147,42.441328878
17435,9216066,HOUSTON WHITTIER,PEORIA,2015-03-15,15,3,2015,20,1,8,9,,4,0,,1,1,4,30,2,2,1,5,0,0,0,0,true,,false,false,true,false,false,,,,,,false,false,false,,,false,false,false,false,false,-82.97691,42.42061,"{
  ""coordinates"": [
    -8.297691272400000e+01,
    4.242060662200000e+01
  ],
  ""type"": ""Point""
}","{
  ""coordinates"": [
    -82.976912724,
    42.420606622
  ],
  ""type"": ""Point""
}",-82.976912724,42.420606622
17436,9216079,RAMP 008H,FULLERTON,2015-03-15,15,3,2015,3,1,7,1,,1,0,,1,1,4,35,1,2,3,5,0,0,0,0,true,,false,false,true,false,false,,,,,,false,false,false,,,false,false,false,false,false,-83.21755,42.37999,"{
  ""coordinates"": [
    -8.321755440000000e+01,
    4.237998739300010e+01
  ],
  ""type"": ""Point""
}","{
  ""coordinates"": [
    -83.2175544,
    42.379987393
  ],
  ""type"": ""Point""
}",-83.2175544,42.3799873930001
17437,9249406,GREENFIELD,E I 96 CD,2015-03-15,15,3,2015,22,1,5,1,,2,0,,1,1,4,35,4,2,1,5,0,0,0,0,true,,false,false,true,false,false,,,,,,false,false,false,,,false,false,false,false,false,-83.19822,42.37897,"{
  ""coordinates"": [
    -8.319821814800000e+01,
    4.237897406400000e+01
  ],
  ""type"": ""Point""
}","{
  ""coordinates"": [
    -83.198218148,
    42.378974064
  ],
  ""type"": ""Point""
}",-83.198218148,42.378974064
17438,9215928,I-75,DEARBORN,2015-03-15,15,3,2015,8,1,5,1,,1,0,,1,2,1,70,3,2,3,4,0,0,0,2,false,,false,false,false,false,false,,,,,,false,false,true,,,false,false,false,false,false,-83.13093,42.2903,"{
  ""coordinates"": [
    -8.313092818099990e+01,
    4.229030097600000e+01
  ],
  ""type"": ""Point""
}","{
  ""coordinates"": [
    -83.130928181,
    42.290300976
  ],
  ""type"": ""Point""
}",-83.1309281809999,42.290300976
17439,9216048,MICHIGAN,JUNCTION,2015-03-15,15,3,2015,13,1,5,2,,1,0,,1,1,1,35,5,2,3,5,0,0,0,0,true,,false,false,true,false,false,,,,,,false,false,false,,,false,false,false,false,false,-83.1111,42.33117,"{
  ""coordinates"": [
    -8.311109691599999e+01,
    4.233117099800010e+01
  ],
  ""type"": ""Point""
}","{
  ""coordinates"": [
    -83.111096916,
    42.331170998
  ],
  ""type"": ""Point""
}",-83.111096916,42.3311709980001
17440,9286304,N M 10 SERVICE DRIVE,GRAND,2015-03-15,15,3,2015,10,1,3,9,,4,0,,1,1,1,30,6,2,2,4,0,0,0,1,false,,false,false,false,false,false,,,,,,false,false,false,,,false,false,false,false,false,-83.0815,42.3673,"{
  ""coordinates"": [
    -8.308150524500000e+01,
    4.236730277700010e+01
  ],
  ""type"": ""Point""
}","{
  ""coordinates"": [
    -83.081505245,
    42.367302777
  ],
  ""type"": ""Point""
}",-83.081505245,42.3673027770001
17441,9216047,MCGRAW,CECIL,2015-03-15,15,3,2015,17,1,8,9,,4,0,,1,1,1,30,2,2,2,5,0,0,0,0,true,,false,false,false,false,false,,,,,,false,false,true,,,false,false,false,false,false,-83.13674,42.3371,"{
  ""coordinates"": [
    -8.313674214199990e+01,
    4.233709989700000e+01
  ],
  ""type"": ""Point""
}","{
  ""coordinates"": [
    -83.136742142,
    42.337099897
  ],
  ""type"": ""Point""
}",-83.1367421419999,42.337099897
17442,9218287,SOUTHFIELD SERVICE,SAWYER,2015-03-15,15,3,2015,23,1,1,9,,4,0,,1,1,5,30,2,2,1,4,0,0,0,1,false,,false,false,false,false,false,,,,,,true,false,false,,,false,false,false,false,false,-83.21664,42.34701,"{
  ""coordinates"": [
    -8.321663362100000e+01,
    4.234701035300000e+01
  ],
  ""type"": ""Point""
}","{
  ""coordinates"": [
    -83.216633621,
    42.347010353
  ],
  ""type"": ""Point""
}",-83.216633621,42.347010353
17443,9216088,SCHAEFER,CLARITA,2015-03-15,15,3,2015,3,1,5,9,,4,0,,1,2,4,30,4,3,1,5,0,0,0,0,true,,false,false,false,false,false,,,,,,false,false,false,,,false,false,false,false,false,-83.18038,42.42888,"{
  ""coordinates"": [
    -8.318037930400000e+01,
    4.242888359200000e+01
  ],
  ""type"": ""Point""
}","{
  ""coordinates"": [
    -83.180379304,
    42.428883592
  ],
  ""type"": ""Point""
}",-83.180379304,42.428883592
17444,9223131,W I 96,FULLERTON,2015-03-15,15,3,2015,1,1,1,1,,1,1,,1,1,4,70,3,1,1,5,0,0,0,0,true,,false,false,false,false,false,,,,,,false,false,true,,,false,false,false,false,false,-83.14694,42.38153,"{
  ""coordinates"": [
    -8.314694081399990e+01,
    4.238153131500010e+01
  ],
  ""type"": ""Point""
}","{
  ""coordinates"": [
    -83.146940814,
    42.381531315
  ],
  ""type"": ""Point""
}",-83.1469408139999,42.3815313150001
17445,9237250,RIAD,MOROSS,2015-03-15,15,3,2015,2,1,4,9,,,0,,1,1,4,25,2,2,4,2,0,1,0,2,false,,false,false,false,false,false,,,,,,false,false,true,,,false,false,false,false,false,-82.95113,42.43356,"{
  ""coordinates"": [
    -8.295112395300001e+01,
    4.243355408600010e+01
  ],
  ""type"": ""Point""
}","{
  ""coordinates"": [
    -82.951123953,
    42.433554086
  ],
  ""type"": ""Point""
}",-82.951123953,42.4335540860001
17446,9221897,LINWOOD,FENKELL,2015-03-14,14,3,2015,1,7,1,9,,7,0,,2,3,4,25,4,1,0,5,0,0,0,0,true,,false,false,false,false,false,,,,,,false,false,false,,,false,false,false,false,false,-83.12717,42.40282,"{
  ""coordinates"": [
    -8.312717764000000e+01,
    4.240281979400000e+01
  ],
  ""type"": ""Point""
}","{
  ""coordinates"": [
    -83.12717764,
    42.402819794
  ],
  ""type"": ""Point""
}",-83.12717764,42.402819794
17447,9217234,GRATOIT,STATE FAIR,2015-03-14,14,3,2015,16,7,4,3,,1,0,,1,1,1,35,9,3,10,5,0,0,0,0,true,,false,false,false,false,false,,,,,,false,false,false,,,false,false,false,false,false,-82.97281,42.44249,"{
  ""coordinates"": [
    -8.297280673700000e+01,
    4.244248633500010e+01
  ],
  ""type"": ""Point""
}","{
  ""coordinates"": [
    -82.972806737,
    42.442486335
  ],
  ""type"": ""Point""
}",-82.972806737,42.4424863350001
17448,9215929,I-94,SAGINAW,2015-03-14,14,3,2015,7,7,5,1,,1,0,,1,3,2,55,2,2,2,5,0,0,0,0,true,,false,false,true,false,false,,,,,,false,false,true,,,false,false,false,false,false,-83.03468,42.3788,"{
  ""coordinates"": [
    -8.303468574700000e+01,
    4.237879946700010e+01
  ],
  ""type"": ""Point""
}","{
  ""coordinates"": [
    -83.034685747,
    42.378799467
  ],
  ""type"": ""Point""
}",-83.034685747,42.3787994670001
17449,9221861,GLASTONBURY,KENDALL,2015-03-14,14,3,2015,3,7,97,9,,,0,,1,1,1,25,2,2,0,5,0,0,0,0,true,,false,false,true,false,false,,,,,,false,false,false,,,false,false,false,false,false,-83.22485,42.38905,"{
  ""coordinates"": [
    -8.322484789200000e+01,
    4.238904606500010e+01
  ],
  ""type"": ""Point""
}","{
  ""coordinates"": [
    -83.224847892,
    42.389046065
  ],
  ""type"": ""Point""
}",-83.224847892,42.3890460650001
17450,9218305,ROSA PARKS,PASADENA,2015-03-14,14,3,2015,15,7,1,9,,4,0,,1,2,1,30,3,1,1,4,0,0,0,1,false,,false,false,false,false,false,,,,,,false,false,false,,,false,false,false,false,false,-83.11476,42.39859,"{
  ""coordinates"": [
    -8.311476347199989e+01,
    4.239858622600010e+01
  ],
  ""type"": ""Point""
}","{
  ""coordinates"": [
    -83.114763472,
    42.398586226
  ],
  ""type"": ""Point""
}",-83.1147634719999,42.3985862260001
17451,9233077,BARRETT,WILSHIRE,2015-03-14,14,3,2015,13,7,97,9,,,0,,1,1,1,15,1,2,0,5,0,0,0,0,true,,false,false,true,false,false,,,,,,false,false,false,,,false,false,false,false,false,-82.98915,42.40634,"{
  ""coordinates"": [
    -8.298915214399990e+01,
    4.240634187500010e+01
  ],
  ""type"": ""Point""
}","{
  ""coordinates"": [
    -82.989152144,
    42.406341875
  ],
  ""type"": ""Point""
}",-82.9891521439999,42.4063418750001