ObjectId,Crash ID,Primary Road,Intersecting Road,Crash Date,Day,Month,Year,Hour,Weekday,Crash Type Code,Highway Classification Code,Community Code,Jurisdiction Code,Lane Departure Type Code,Surface Type,Road Condition,Weather Condition,Lighting Condition,Speed Limit,Lanes,Units,Occupants,Most Severe Injury,Fatal Injuries,Suspected Serious Injuries,Suspected Minor Injuries,Possible Injuries,Property Damage Only,Secondary Crash,Traffic Control,Red Light Run,Hit and Run,Alcohol,Drugs,Unbelted Person,Work Zone,Speeding Driver,Distracted Driver,Driveway,Pedestrian,Elderly Driver,Young Driver,Commercial Vehicle,Emergency Vehicles,Train,School Bus,Motorcycle,Bicycle,Deer,Longitude,Latitude,geom,geog,x,y
17508,9326821,CHENE,JEFFERSON,2015-03-13,13,3,2015,8,6,4,9,,4,0,,1,1,1,30,2,2,2,5,0,0,0,0,true,,false,false,false,false,false,,,,,,false,true,false,,,false,false,false,false,false,-83.02264,42.33825,"{
  ""coordinates"": [
    -8.302263791999999e+01,
    4.233824364800010e+01
  ],
  ""type"": ""Point""
}","{
  ""coordinates"": [
    -83.02263792,
    42.338243648
  ],
  ""type"": ""Point""
}",-83.02263792,42.3382436480001
17509,9214866,SCHAEFER,CHICAGO,2015-03-13,13,3,2015,9,6,97,9,,4,0,,1,1,1,30,2,2,4,4,0,0,0,1,false,,false,false,false,false,false,,,,,,false,false,false,,,false,false,false,false,false,-83.17774,42.36662,"{
  ""coordinates"": [
    -8.317774567600000e+01,
    4.236661702800010e+01
  ],
  ""type"": ""Point""
}","{
  ""coordinates"": [
    -83.177745676,
    42.366617028
  ],
  ""type"": ""Point""
}",-83.177745676,42.3666170280001
17510,9223183,I-75 N/B,SCHAEFER,2015-03-13,13,3,2015,12,6,1,1,,1,1,,1,2,1,70,4,1,1,2,0,1,0,0,false,,false,false,false,false,true,,,,,,false,false,false,,,false,false,false,false,false,-83.15451,42.27773,"{
  ""coordinates"": [
    -8.315450932000000e+01,
    4.227772398200010e+01
  ],
  ""type"": ""Point""
}","{
  ""coordinates"": [
    -83.15450932,
    42.277723982
  ],
  ""type"": ""Point""
}",-83.15450932,42.2777239820001
17511,9217176,MCGRAW,LINWOOD,2015-03-13,13,3,2015,8,6,4,9,,4,0,,1,1,1,25,2,2,3,4,0,0,0,1,false,,false,false,false,false,false,,,,,,false,false,true,,,false,false,false,false,false,-83.09621,42.35604,"{
  ""coordinates"": [
    -8.309621544899990e+01,
    4.235604413600000e+01
  ],
  ""type"": ""Point""
}","{
  ""coordinates"": [
    -83.096215449,
    42.356044136
  ],
  ""type"": ""Point""
}",-83.0962154489999,42.356044136
17512,9214875,EVERGREEN,EVERGREEN/W I 96,2015-03-13,13,3,2015,3,6,8,1,,4,0,,1,1,4,35,5,2,2,4,0,0,0,1,false,,false,false,false,false,false,,,,,,false,false,false,,,false,false,false,false,false,-83.23672,42.38272,"{
  ""coordinates"": [
    -8.323672109599990e+01,
    4.238272402500010e+01
  ],
  ""type"": ""Point""
}","{
  ""coordinates"": [
    -83.236721096,
    42.382724025
  ],
  ""type"": ""Point""
}",-83.2367210959999,42.3827240250001
17513,9243527,GRAND RIVER,HEYDEN,2015-03-13,13,3,2015,19,6,1,3,,1,1,,1,1,3,35,7,1,1,5,0,0,0,0,true,,false,false,false,true,false,,,,,,false,false,false,,,false,false,false,false,false,-83.24004,42.40945,"{
  ""coordinates"": [
    -8.324004278000000e+01,
    4.240944765100010e+01
  ],
  ""type"": ""Point""
}","{
  ""coordinates"": [
    -83.24004278,
    42.409447651
  ],
  ""type"": ""Point""
}",-83.24004278,42.4094476510001
17514,9214879,CHALFONTE,WOODMONT,2015-03-13,13,3,2015,11,6,8,9,,,0,,1,1,1,25,2,2,2,5,0,0,0,0,true,,false,false,true,false,false,,,,,,false,false,true,,,false,false,false,false,false,-83.20952,42.39935,"{
  ""coordinates"": [
    -8.320951689400000e+01,
    4.239935101300010e+01
  ],
  ""type"": ""Point""
}","{
  ""coordinates"": [
    -83.209516894,
    42.399351013
  ],
  ""type"": ""Point""
}",-83.209516894,42.3993510130001
17515,9216022,SHIPHERD,KERCHEVAL,2015-03-13,13,3,2015,1,6,4,9,,,0,,1,1,4,25,2,2,2,5,0,0,0,0,true,,false,false,false,false,false,,,,,,false,false,true,,,false,false,false,false,false,-83.00116,42.35775,"{
  ""coordinates"": [
    -8.300115707000000e+01,
    4.235774424500000e+01
  ],
  ""type"": ""Point""
}","{
  ""coordinates"": [
    -83.00115707,
    42.357744245
  ],
  ""type"": ""Point""
}",-83.00115707,42.357744245
17516,9216024,GRAND,BUCHANAN,2015-03-13,13,3,2015,13,6,4,9,,4,0,,1,2,1,30,4,2,2,5,0,0,0,0,true,,true,false,false,false,false,,,,,,false,true,false,,,false,false,false,false,false,-83.10374,42.33897,"{
  ""coordinates"": [
    -8.310374495100000e+01,
    4.233897518500000e+01
  ],
  ""type"": ""Point""
}","{
  ""coordinates"": [
    -83.103744951,
    42.338975185
  ],
  ""type"": ""Point""
}",-83.103744951,42.338975185
17517,9218952,N/B I-75,MCNICHOLS,2015-03-13,13,3,2015,17,6,5,1,,1,0,,1,1,1,70,3,2,2,5,0,0,0,0,true,,false,false,false,false,false,,,,,,false,false,false,,,false,false,false,false,false,-83.08503,42.41504,"{
  ""coordinates"": [
    -8.308502795600000e+01,
    4.241504344900010e+01
  ],
  ""type"": ""Point""
}","{
  ""coordinates"": [
    -83.085027956,
    42.415043449
  ],
  ""type"": ""Point""
}",-83.085027956,42.4150434490001
17518,9214897,CARTER,HOLMUR,2015-03-13,13,3,2015,20,6,1,9,,,0,,1,1,5,25,2,2,1,1,1,0,0,0,false,,false,false,true,true,false,,,,,,true,false,false,,,false,false,false,false,false,-83.11687,42.3662,"{
  ""coordinates"": [
    -8.311686400000001e+01,
    4.236619381600010e+01
  ],
  ""type"": ""Point""
}","{
  ""coordinates"": [
    -83.116864,
    42.366193816
  ],
  ""type"": ""Point""
}",-83.116864,42.3661938160001
17519,9217225,7 MILE,JOANN,2015-03-13,13,3,2015,14,6,8,9,,4,0,,1,1,1,30,2,2,2,5,0,0,0,0,true,,false,false,false,false,false,,,,,,false,false,false,,,false,false,false,false,false,-82.9901,42.4348,"{
  ""coordinates"": [
    -8.299010174700000e+01,
    4.243480405900000e+01
  ],
  ""type"": ""Point""
}","{
  ""coordinates"": [
    -82.990101747,
    42.434804059
  ],
  ""type"": ""Point""
}",-82.990101747,42.434804059
17520,9214708,N M 10,RAMP 108C,2015-03-13,13,3,2015,15,6,5,3,,1,0,,1,1,1,55,4,3,2,4,0,0,0,2,false,,false,false,false,false,false,,,,,,false,false,false,,,false,false,false,false,false,-83.12323,42.40511,"{
  ""coordinates"": [
    -8.312322776400001e+01,
    4.240511218900010e+01
  ],
  ""type"": ""Point""
}","{
  ""coordinates"": [
    -83.123227764,
    42.405112189
  ],
  ""type"": ""Point""
}",-83.123227764,42.4051121890001
17521,9214886,GRATIOT,VAN DYKE,2015-03-13,13,3,2015,12,6,5,3,,1,0,,1,1,1,35,4,2,2,5,0,0,0,0,true,,false,false,false,false,false,,,,,,false,false,false,,,false,false,false,false,false,-83.0148,42.37864,"{
  ""coordinates"": [
    -8.301480076900000e+01,
    4.237863940000010e+01
  ],
  ""type"": ""Point""
}","{
  ""coordinates"": [
    -83.014800769,
    42.3786394
  ],
  ""type"": ""Point""
}",-83.014800769,42.3786394000001
17522,9215004,JAMES COUZENS,ILENE,2015-03-13,13,3,2015,10,6,8,9,,4,0,,1,1,1,30,2,2,1,5,0,0,0,0,true,,false,false,true,false,false,,,,,,false,false,false,,,false,false,false,false,false,-83.16174,42.40578,"{
  ""coordinates"": [
    -8.316173415700000e+01,
    4.240578058400010e+01
  ],
  ""type"": ""Point""
}","{
  ""coordinates"": [
    -83.161734157,
    42.405780584
  ],
  ""type"": ""Point""
}",-83.161734157,42.4057805840001
17523,9214850,I-94,14TH,2015-03-13,13,3,2015,16,6,5,1,,1,0,,1,1,1,55,3,2,2,5,0,0,0,0,true,,false,false,false,false,false,,,,,,false,false,true,,,false,false,false,false,false,-83.08836,42.35362,"{
  ""coordinates"": [
    -8.308835307299999e+01,
    4.235361923700000e+01
  ],
  ""type"": ""Point""
}","{
  ""coordinates"": [
    -83.088353073,
    42.353619237
  ],
  ""type"": ""Point""
}",-83.088353073,42.353619237
17524,9217180,FOREST,WOODWARD,2015-03-13,13,3,2015,2,6,97,3,,4,0,,1,1,4,30,3,2,1,5,0,0,0,0,true,,false,false,true,false,false,,,,,,false,false,true,,,false,false,false,false,false,-83.06302,42.35473,"{
  ""coordinates"": [
    -8.306301953400001e+01,
    4.235472714200010e+01
  ],
  ""type"": ""Point""
}","{
  ""coordinates"": [
    -83.063019534,
    42.354727142
  ],
  ""type"": ""Point""
}",-83.063019534,42.3547271420001
17525,9214864,HARTWELL,PLYMOUTH,2015-03-13,13,3,2015,23,6,2,9,,,2,,1,2,4,25,2,3,3,5,0,0,0,0,true,,false,false,true,false,false,,,,,,false,false,false,,,false,false,false,false,false,-83.17683,42.37499,"{
  ""coordinates"": [
    -8.317683063000000e+01,
    4.237499289100000e+01
  ],
  ""type"": ""Point""
}","{
  ""coordinates"": [
    -83.17683063,
    42.374992891
  ],
  ""type"": ""Point""
}",-83.17683063,42.374992891
17526,9214950,CONNER CREEK,KERCHEVAL,2015-03-13,13,3,2015,22,6,5,9,,4,0,,1,1,4,35,6,2,3,5,0,0,0,0,true,,false,false,true,false,false,,,,,,false,false,false,,,false,false,false,false,false,-82.96133,42.37372,"{
  ""coordinates"": [
    -8.296132637600000e+01,
    4.237372189400000e+01
  ],
  ""type"": ""Point""
}","{
  ""coordinates"": [
    -82.961326376,
    42.373721894
  ],
  ""type"": ""Point""
}",-82.961326376,42.373721894
17527,9242069,8 MILE,S I 75 SERVICE DRIVE,2015-03-13,13,3,2015,14,6,4,3,,1,0,,1,1,1,40,3,2,2,4,0,0,0,1,false,,true,true,false,false,false,,,,,,false,true,false,,,false,false,false,false,false,-83.09531,42.44679,"{
  ""coordinates"": [
    -8.309530923999991e+01,
    4.244678755700010e+01
  ],
  ""type"": ""Point""
}","{
  ""coordinates"": [
    -83.09530924,
    42.446787557
  ],
  ""type"": ""Point""
}",-83.0953092399999,42.4467875570001
17528,9216025,GRAND,HUBBARD,2015-03-13,13,3,2015,14,6,1,9,,4,1,,1,2,1,30,2,1,1,5,0,0,0,0,true,,false,false,false,false,false,,,,,,false,false,false,,,false,false,false,false,false,-83.09988,42.33361,"{
  ""coordinates"": [
    -8.309987660900001e+01,
    4.233361425700010e+01
  ],
  ""type"": ""Point""
}","{
  ""coordinates"": [
    -83.099876609,
    42.333614257
  ],
  ""type"": ""Point""
}",-83.099876609,42.3336142570001
17529,9214887,N I 75,CLAY,2015-03-13,13,3,2015,15,6,5,1,,1,0,,1,1,1,25,3,2,3,3,0,0,2,0,false,,false,false,false,false,false,,,,,,false,false,false,,,false,false,false,false,false,-83.06248,42.37819,"{
  ""coordinates"": [
    -8.306247968000000e+01,
    4.237819341600000e+01
  ],
  ""type"": ""Point""
}","{
  ""coordinates"": [
    -83.06247968,
    42.378193416
  ],
  ""type"": ""Point""
}",-83.06247968,42.378193416
17530,9216049,MCGRAW,WEIR,2015-03-13,13,3,2015,3,6,8,3,,4,0,,1,1,1,25,2,2,2,5,0,0,0,0,true,,false,false,false,false,false,,,,,,false,false,false,,,false,false,false,false,false,-83.15526,42.32996,"{
  ""coordinates"": [
    -8.315525509299989e+01,
    4.232995977800000e+01
  ],
  ""type"": ""Point""
}","{
  ""coordinates"": [
    -83.155255093,
    42.329959778
  ],
  ""type"": ""Point""
}",-83.1552550929999,42.329959778
17531,9219060,CONLEY,OUTER,2015-03-13,13,3,2015,16,6,8,9,,,0,,1,1,1,25,1,2,0,5,0,0,0,0,true,,false,false,true,false,false,,,,,,false,false,false,,,false,false,false,false,false,-83.05297,42.4405,"{
  ""coordinates"": [
    -8.305297461799999e+01,
    4.244050160800000e+01
  ],
  ""type"": ""Point""
}","{
  ""coordinates"": [
    -83.052974618,
    42.440501608
  ],
  ""type"": ""Point""
}",-83.052974618,42.440501608
17532,9216077,FENKELL,BILTMORE,2015-03-13,13,3,2015,15,6,5,9,,2,0,,1,2,1,30,2,3,5,4,0,0,0,1,false,,false,false,false,false,false,,,,,,false,true,false,,,false,false,false,false,false,-83.2104,42.40125,"{
  ""coordinates"": [
    -8.321039751500000e+01,
    4.240125096700010e+01
  ],
  ""type"": ""Point""
}","{
  ""coordinates"": [
    -83.210397515,
    42.401250967
  ],
  ""type"": ""Point""
}",-83.210397515,42.4012509670001
17533,9214902,7 MILE,CHAPEL,2015-03-13,13,3,2015,21,6,1,9,,2,0,,1,1,4,45,4,2,0,5,0,0,0,0,true,,false,false,true,false,false,,,,,,true,false,false,,,false,false,false,false,false,-83.25482,42.4292,"{
  ""coordinates"": [
    -8.325482303599991e+01,
    4.242919556000000e+01
  ],
  ""type"": ""Point""
}","{
  ""coordinates"": [
    -83.254823036,
    42.42919556
  ],
  ""type"": ""Point""
}",-83.2548230359999,42.42919556
17534,9219894,PIEDMONT,KENDALL,2015-03-13,13,3,2015,18,6,97,9,,,0,,1,1,1,25,2,2,1,5,0,0,0,0,true,,false,false,false,false,false,,,,,,false,true,false,,,false,false,false,false,false,-83.22976,42.38891,"{
  ""coordinates"": [
    -8.322976167699990e+01,
    4.238890940300010e+01
  ],
  ""type"": ""Point""
}","{
  ""coordinates"": [
    -83.229761677,
    42.388909403
  ],
  ""type"": ""Point""
}",-83.2297616769999,42.3889094030001
17535,9227547,BRUSH,LAFAYETTE,2015-03-13,13,3,2015,2,6,8,9,,4,0,,1,1,4,25,2,2,1,5,0,0,0,0,true,,false,false,false,false,false,,,,,,false,false,true,,,false,false,false,false,false,-83.04314,42.33357,"{
  ""coordinates"": [
    -8.304313385899999e+01,
    4.233356673300010e+01
  ],
  ""type"": ""Point""
}","{
  ""coordinates"": [
    -83.043133859,
    42.333566733
  ],
  ""type"": ""Point""
}",-83.043133859,42.3335667330001
17536,9220957,RAMP 215H,E I 94,2015-03-13,13,3,2015,19,6,8,1,,1,0,,1,1,3,70,3,2,2,5,0,0,0,0,true,,false,false,false,false,false,,,,,,false,false,false,,,false,false,false,false,false,-83.07869,42.3578,"{
  ""coordinates"": [
    -8.307868959699989e+01,
    4.235779860600010e+01
  ],
  ""type"": ""Point""
}","{
  ""coordinates"": [
    -83.078689597,
    42.357798606
  ],
  ""type"": ""Point""
}",-83.0786895969999,42.3577986060001
17537,9215901,I-94,CONNER,2015-03-13,13,3,2015,6,6,8,1,,1,0,,1,1,4,55,3,2,1,5,0,0,0,0,true,,false,false,true,false,false,,,,,,false,false,false,,,false,false,false,false,false,-82.98354,42.39854,"{
  ""coordinates"": [
    -8.298354300100000e+01,
    4.239854558000010e+01
  ],
  ""type"": ""Point""
}","{
  ""coordinates"": [
    -82.983543001,
    42.39854558
  ],
  ""type"": ""Point""
}",-82.983543001,42.3985455800001
17538,9222563,M10,FOREST,2015-03-13,13,3,2015,16,6,5,3,,1,0,,1,1,1,55,3,2,3,4,0,0,0,1,false,,false,false,false,false,false,,,,,,false,false,true,,,false,false,false,false,false,-83.07153,42.35029,"{
  ""coordinates"": [
    -8.307153498100000e+01,
    4.235028984600010e+01
  ],
  ""type"": ""Point""
}","{
  ""coordinates"": [
    -83.071534981,
    42.350289846
  ],
  ""type"": ""Point""
}",-83.071534981,42.3502898460001
17539,9404452,PARK,MONTCALM,2015-03-13,13,3,2015,2,6,8,9,,4,3,,1,1,4,25,2,2,0,5,0,0,0,0,true,,false,false,true,false,false,,,,,,false,false,false,,,false,false,false,false,false,-83.05394,42.33818,"{
  ""coordinates"": [
    -8.305394094899999e+01,
    4.233818440500000e+01
  ],
  ""type"": ""Point""
}","{
  ""coordinates"": [
    -83.053940949,
    42.338184405
  ],
  ""type"": ""Point""
}",-83.053940949,42.338184405
17540,9214944,COMMOR,FENELON,2015-03-13,13,3,2015,14,6,2,9,,,2,,1,1,1,25,2,2,2,5,0,0,0,0,true,,false,false,true,false,false,,,,,,false,false,false,,,false,false,false,false,false,-83.0523,42.40797,"{
  ""coordinates"": [
    -8.305229731000000e+01,
    4.240797292100010e+01
  ],
  ""type"": ""Point""
}","{
  ""coordinates"": [
    -83.05229731,
    42.407972921
  ],
  ""type"": ""Point""
}",-83.05229731,42.4079729210001
17541,9214883,SOUTHFIELD SERVICE DRIVE,GRAND RIVER,2015-03-13,13,3,2015,17,6,9,3,,4,2,,1,1,1,35,2,2,3,5,0,0,0,0,true,,false,false,true,false,false,,,,,,false,false,false,,,false,false,false,false,false,-83.21859,42.40079,"{
  ""coordinates"": [
    -8.321858851099999e+01,
    4.240079222300010e+01
  ],
  ""type"": ""Point""
}","{
  ""coordinates"": [
    -83.218588511,
    42.400792223
  ],
  ""type"": ""Point""
}",-83.218588511,42.4007922230001
17542,9215005,WYOMING,MCNICHOLS,2015-03-13,13,3,2015,17,6,4,9,,4,0,,1,1,1,30,3,2,8,4,0,0,0,3,false,,false,false,false,false,false,,,,,,false,false,true,,,false,false,false,false,false,-83.16032,42.417,"{
  ""coordinates"": [
    -8.316031907699990e+01,
    4.241700243000000e+01
  ],
  ""type"": ""Point""
}","{
  ""coordinates"": [
    -83.160319077,
    42.41700243
  ],
  ""type"": ""Point""
}",-83.1603190769999,42.41700243
17543,9218964,I-75,STATE FAIR,2015-03-13,13,3,2015,15,6,5,1,,1,0,,1,1,1,70,4,2,2,3,0,0,1,0,false,,false,false,false,false,false,,,,,,false,false,true,,,false,false,true,false,false,-83.09488,42.43837,"{
  ""coordinates"": [
    -8.309488082400000e+01,
    4.243837291300010e+01
  ],
  ""type"": ""Point""
}","{
  ""coordinates"": [
    -83.094880824,
    42.438372913
  ],
  ""type"": ""Point""
}",-83.094880824,42.4383729130001
17544,9214889,MACK,MT ELLIOTT,2015-03-13,13,3,2015,18,6,8,9,,4,0,,1,1,1,30,4,2,4,5,0,0,0,0,true,,false,false,false,false,false,,,,,,false,false,true,,,false,false,false,false,false,-83.02161,42.36129,"{
  ""coordinates"": [
    -8.302160387100000e+01,
    4.236128986300000e+01
  ],
  ""type"": ""Point""
}","{
  ""coordinates"": [
    -83.021603871,
    42.361289863
  ],
  ""type"": ""Point""
}",-83.021603871,42.361289863
17545,9218304,FORD,14TH,2015-03-13,13,3,2015,20,6,1,9,,,0,,2,1,4,25,2,1,4,3,0,0,2,1,false,,false,false,false,false,false,,,,,,false,false,false,,,false,false,false,false,false,-83.11641,42.39884,"{
  ""coordinates"": [
    -8.311640786200000e+01,
    4.239884324700010e+01
  ],
  ""type"": ""Point""
}","{
  ""coordinates"": [
    -83.116407862,
    42.398843247
  ],
  ""type"": ""Point""
}",-83.116407862,42.3988432470001
17546,9215002,SCHAEFER,FLORENCE,2015-03-13,13,3,2015,11,6,4,9,,4,0,,1,1,1,30,4,2,3,4,0,0,0,2,false,,false,false,false,false,false,,,,,,false,false,true,,,false,false,false,false,false,-83.17957,42.41183,"{
  ""coordinates"": [
    -8.317957290899990e+01,
    4.241182725000000e+01
  ],
  ""type"": ""Point""
}","{
  ""coordinates"": [
    -83.179572909,
    42.41182725
  ],
  ""type"": ""Point""
}",-83.1795729089999,42.41182725
17547,9250178,WARREN,NOTTINGHAM,2015-03-13,13,3,2015,21,6,1,9,,4,1,,2,1,5,35,2,1,1,4,0,0,0,1,false,,false,false,false,false,false,,,,,,false,false,true,,,false,false,false,false,false,-82.94883,42.3991,"{
  ""coordinates"": [
    -8.294883251399990e+01,
    4.239909957800010e+01
  ],
  ""type"": ""Point""
}","{
  ""coordinates"": [
    -82.948832514,
    42.399099578
  ],
  ""type"": ""Point""
}",-82.9488325139999,42.3990995780001
17548,9218321,MCNICHOLS,JOHN R,2015-03-13,13,3,2015,2,6,1,9,,4,1,,3,1,5,30,2,1,2,5,0,0,0,0,true,,false,false,false,false,false,,,,,,false,false,false,,,false,false,false,false,false,-83.09995,42.41788,"{
  ""coordinates"": [
    -8.309994838300000e+01,
    4.241788265300000e+01
  ],
  ""type"": ""Point""
}","{
  ""coordinates"": [
    -83.099948383,
    42.417882653
  ],
  ""type"": ""Point""
}",-83.099948383,42.417882653
17549,9214929,LANTZ,CONCORD,2015-03-13,13,3,2015,18,6,4,9,,,0,,1,1,1,0,1,2,3,5,0,0,0,0,true,,false,false,true,false,false,,,,,,false,false,false,,,false,false,false,false,false,-83.0329,42.43868,"{
  ""coordinates"": [
    -8.303290118400000e+01,
    4.243868077000010e+01
  ],
  ""type"": ""Point""
}","{
  ""coordinates"": [
    -83.032901184,
    42.43868077
  ],
  ""type"": ""Point""
}",-83.032901184,42.4386807700001
17550,9216033,MACK,BRUSH,2015-03-13,13,3,2015,8,6,4,9,,4,0,,1,1,1,30,6,2,4,3,0,0,1,0,false,,false,false,false,false,false,,,,,,false,true,false,,,false,false,false,false,false,-83.05363,42.34921,"{
  ""coordinates"": [
    -8.305363087400001e+01,
    4.234921436000010e+01
  ],
  ""type"": ""Point""
}","{
  ""coordinates"": [
    -83.053630874,
    42.34921436
  ],
  ""type"": ""Point""
}",-83.053630874,42.3492143600001
17551,9242033,WARREN,OUTER,2015-03-13,13,3,2015,22,6,5,9,,4,0,,1,1,4,35,6,2,2,5,0,0,0,0,true,,false,false,true,false,false,,,,,,false,false,false,,,false,false,false,false,false,-82.93637,42.40367,"{
  ""coordinates"": [
    -8.293637317400000e+01,
    4.240367151400010e+01
  ],
  ""type"": ""Point""
}","{
  ""coordinates"": [
    -82.936373174,
    42.403671514
  ],
  ""type"": ""Point""
}",-82.936373174,42.4036715140001
17552,9214885,EVERGREEN,FENKELL,2015-03-13,13,3,2015,16,6,5,9,,4,0,,1,2,1,30,2,2,3,5,0,0,0,0,true,,false,false,false,false,false,,,,,,false,false,false,,,false,false,false,false,false,-83.23742,42.4008,"{
  ""coordinates"": [
    -8.323742248600000e+01,
    4.240079866000010e+01
  ],
  ""type"": ""Point""
}","{
  ""coordinates"": [
    -83.237422486,
    42.40079866
  ],
  ""type"": ""Point""
}",-83.237422486,42.4007986600001
17553,9227664,JOHN R,BRADY,2015-03-13,13,3,2015,7,6,1,9,,4,0,,1,1,1,25,4,2,2,4,0,0,0,1,false,,false,false,true,false,false,,,,,,true,false,false,,,false,false,false,false,false,-83.0564,42.34905,"{
  ""coordinates"": [
    -8.305639362399999e+01,
    4.234904685300010e+01
  ],
  ""type"": ""Point""
}","{
  ""coordinates"": [
    -83.056393624,
    42.349046853
  ],
  ""type"": ""Point""
}",-83.056393624,42.3490468530001
17554,9223196,HARPER,HEREFORD,2015-03-13,13,3,2015,0,6,4,9,,4,0,,1,1,5,25,2,2,2,1,1,0,1,0,false,,true,false,false,true,true,,,,,,false,false,true,,,false,false,true,false,false,-82.93215,42.41971,"{
  ""coordinates"": [
    -8.293215482799999e+01,
    4.241971080200010e+01
  ],
  ""type"": ""Point""
}","{
  ""coordinates"": [
    -82.932154828,
    42.419710802
  ],
  ""type"": ""Point""
}",-82.932154828,42.4197108020001
17555,9214915,GREENFIELD,JAMES COUZENS,2015-03-13,13,3,2015,9,6,4,7,,1,0,,1,1,1,35,2,2,2,4,0,0,0,1,false,,false,false,false,false,false,,,,,,false,false,false,,,false,false,false,false,false,-83.20041,42.44269,"{
  ""coordinates"": [
    -8.320040539000000e+01,
    4.244268748600010e+01
  ],
  ""type"": ""Point""
}","{
  ""coordinates"": [
    -83.20040539,
    42.442687486
  ],
  ""type"": ""Point""
}",-83.20040539,42.4426874860001
17556,9214891,JEFFERSON,RIOPELLE,2015-03-13,13,3,2015,15,6,4,9,,4,0,,1,1,1,30,8,3,3,5,0,0,0,0,true,,false,false,false,false,false,,,,,,false,true,false,,,false,false,false,false,false,-83.03077,42.33474,"{
  ""coordinates"": [
    -8.303076611499991e+01,
    4.233473729100010e+01
  ],
  ""type"": ""Point""
}","{
  ""coordinates"": [
    -83.030766115,
    42.334737291
  ],
  ""type"": ""Point""
}",-83.0307661149999,42.3347372910001
17557,9217222,HARPER,CONNER,2015-03-13,13,3,2015,17,6,8,9,,4,0,,1,1,1,30,4,2,3,5,0,0,0,0,true,,false,false,false,false,false,,,,,,false,false,false,,,false,false,false,false,false,-82.99017,42.39711,"{
  ""coordinates"": [
    -8.299017396499990e+01,
    4.239710964700000e+01
  ],
  ""type"": ""Point""
}","{
  ""coordinates"": [
    -82.990173965,
    42.397109647
  ],
  ""type"": ""Point""
}",-82.9901739649999,42.397109647
17558,9214916,EDISON,SECOND,2015-03-13,13,3,2015,17,6,97,9,,,0,,1,1,1,25,4,2,3,4,0,0,0,2,false,,true,false,false,false,false,,,,,,false,false,true,,,false,false,false,false,false,-83.0859,42.38348,"{
  ""coordinates"": [
    -8.308589744600000e+01,
    4.238347822900000e+01
  ],
  ""type"": ""Point""
}","{
  ""coordinates"": [
    -83.085897446,
    42.383478229
  ],
  ""type"": ""Point""
}",-83.085897446,42.383478229
17559,9219866,CHICAGO,FREELAND,2015-03-13,13,3,2015,19,6,3,9,,4,0,,1,1,3,35,2,2,2,5,0,0,0,0,true,,true,true,true,false,false,,,,,,false,false,false,,,false,false,false,false,false,-83.18385,42.36566,"{
  ""coordinates"": [
    -8.318384582399990e+01,
    4.236565665300000e+01
  ],
  ""type"": ""Point""
}","{
  ""coordinates"": [
    -83.183845824,
    42.365656653
  ],
  ""type"": ""Point""
}",-83.1838458239999,42.365656653
17560,9215006,JAMES COUZENS,OUTER,2015-03-13,13,3,2015,22,6,4,9,,4,0,,1,1,4,35,4,2,6,5,0,0,0,0,true,,false,false,false,false,false,,,,,,false,false,true,,,false,false,false,false,false,-83.17609,42.42112,"{
  ""coordinates"": [
    -8.317608555299999e+01,
    4.242111832200000e+01
  ],
  ""type"": ""Point""
}","{
  ""coordinates"": [
    -83.176085553,
    42.421118322
  ],
  ""type"": ""Point""
}",-83.176085553,42.421118322
17561,9214918,LIVERNOIS,6 MILE,2015-03-13,13,3,2015,16,6,8,9,,4,0,,1,1,1,35,2,2,2,5,0,0,0,0,true,,false,false,true,false,false,,,,,,false,false,false,,,false,false,false,false,false,-83.14071,42.41715,"{
  ""coordinates"": [
    -8.314071184999990e+01,
    4.241714745400000e+01
  ],
  ""type"": ""Point""
}","{
  ""coordinates"": [
    -83.14071185,
    42.417147454
  ],
  ""type"": ""Point""
}",-83.1407118499999,42.417147454
17562,9216080,7 MILE,WHITCOMB,2015-03-12,12,3,2015,10,5,4,9,,2,0,,1,1,1,35,4,2,2,5,0,0,0,0,true,,false,false,false,false,false,,,,,,false,true,true,,,false,false,false,false,false,-83.19787,42.43047,"{
  ""coordinates"": [
    -8.319786742199990e+01,
    4.243046819200000e+01
  ],
  ""type"": ""Point""
}","{
  ""coordinates"": [
    -83.197867422,
    42.430468192
  ],
  ""type"": ""Point""
}",-83.1978674219999,42.430468192
17563,9216104,WARREN,SAINT ANTOINE,2015-03-12,12,3,2015,15,5,5,9,,4,0,,1,1,1,25,4,3,3,4,0,0,0,1,false,,false,false,false,false,false,,,,,,false,false,true,,,false,false,false,false,false,-83.0569,42.35986,"{
  ""coordinates"": [
    -8.305690050299999e+01,
    4.235985780100000e+01
  ],
  ""type"": ""Point""
}","{
  ""coordinates"": [
    -83.056900503,
    42.359857801
  ],
  ""type"": ""Point""
}",-83.056900503,42.359857801
17564,9213725,LINWOOD,M-10,2015-03-12,12,3,2015,17,5,5,3,,4,0,,1,1,1,30,3,2,2,5,0,0,0,0,true,,false,false,true,false,false,,,,,,false,false,false,,,false,false,false,false,false,-83.12739,42.40488,"{
  ""coordinates"": [
    -8.312738855200000e+01,
    4.240487655100000e+01
  ],
  ""type"": ""Point""
}","{
  ""coordinates"": [
    -83.127388552,
    42.404876551
  ],
  ""type"": ""Point""
}",-83.127388552,42.404876551