ObjectId,Crash ID,Primary Road,Intersecting Road,Crash Date,Day,Month,Year,Hour,Weekday,Crash Type Code,Highway Classification Code,Community Code,Jurisdiction Code,Lane Departure Type Code,Surface Type,Road Condition,Weather Condition,Lighting Condition,Speed Limit,Lanes,Units,Occupants,Most Severe Injury,Fatal Injuries,Suspected Serious Injuries,Suspected Minor Injuries,Possible Injuries,Property Damage Only,Secondary Crash,Traffic Control,Red Light Run,Hit and Run,Alcohol,Drugs,Unbelted Person,Work Zone,Speeding Driver,Distracted Driver,Driveway,Pedestrian,Elderly Driver,Young Driver,Commercial Vehicle,Emergency Vehicles,Train,School Bus,Motorcycle,Bicycle,Deer,Longitude,Latitude,geom,geog,x,y
17679,9233978,GUILFORD,CHANDLER PARK,2015-03-11,11,3,2015,8,4,4,9,,,0,,2,1,1,25,3,2,1,4,0,0,0,1,false,,false,false,true,false,false,,,,,,false,false,false,,,false,false,false,false,false,-82.93039,42.41219,"{
  ""coordinates"": [
    -8.293039161999999e+01,
    4.241219055100000e+01
  ],
  ""type"": ""Point""
}","{
  ""coordinates"": [
    -82.93039162,
    42.412190551
  ],
  ""type"": ""Point""
}",-82.93039162,42.412190551
17680,9214997,DWYER,EMERY,2015-03-11,11,3,2015,16,4,1,9,,,0,,1,1,3,20,2,1,1,4,0,0,0,1,false,,false,false,false,false,false,,,,,,false,false,false,,,false,false,false,false,false,-83.04156,42.43624,"{
  ""coordinates"": [
    -8.304155928900001e+01,
    4.243623911000000e+01
  ],
  ""type"": ""Point""
}","{
  ""coordinates"": [
    -83.041559289,
    42.43623911
  ],
  ""type"": ""Point""
}",-83.041559289,42.43623911
17681,9212897,SEVEN MILE,OUTER,2015-03-11,11,3,2015,8,4,8,9,,2,0,,1,1,1,35,4,2,3,5,0,0,0,0,true,,false,false,false,false,false,,,,,,false,false,false,,,false,false,false,false,false,-83.17584,42.43116,"{
  ""coordinates"": [
    -8.317584340300000e+01,
    4.243116318600000e+01
  ],
  ""type"": ""Point""
}","{
  ""coordinates"": [
    -83.175843403,
    42.431163186
  ],
  ""type"": ""Point""
}",-83.175843403,42.431163186
17682,9219056,FORD,S M 39 SERVICE DRIVE,2015-03-11,11,3,2015,16,4,8,3,,1,0,,1,1,1,50,4,2,5,5,0,0,0,0,true,,false,false,true,false,false,,,,,,false,false,false,,,false,false,false,false,false,-83.21609,42.32909,"{
  ""coordinates"": [
    -8.321609382299989e+01,
    4.232909051700010e+01
  ],
  ""type"": ""Point""
}","{
  ""coordinates"": [
    -83.216093823,
    42.329090517
  ],
  ""type"": ""Point""
}",-83.2160938229999,42.3290905170001
17683,9216105,CASS,WARREN,2015-03-11,11,3,2015,15,4,8,9,,4,0,,1,1,1,25,2,2,4,5,0,0,0,0,true,,false,false,false,false,false,,,,,,false,false,false,,,false,false,false,false,false,-83.0667,42.35608,"{
  ""coordinates"": [
    -8.306670311200000e+01,
    4.235607936300000e+01
  ],
  ""type"": ""Point""
}","{
  ""coordinates"": [
    -83.066703112,
    42.356079363
  ],
  ""type"": ""Point""
}",-83.066703112,42.356079363
17684,9212855,HUBBELL,FENKELL,2015-03-11,11,3,2015,16,4,4,9,,4,0,,1,1,1,25,3,2,3,5,0,0,0,0,true,,false,false,false,false,false,,,,,,false,true,false,,,false,false,false,false,false,-83.18891,42.40182,"{
  ""coordinates"": [
    -8.318890864199990e+01,
    4.240181612300010e+01
  ],
  ""type"": ""Point""
}","{
  ""coordinates"": [
    -83.188908642,
    42.401816123
  ],
  ""type"": ""Point""
}",-83.1889086419999,42.4018161230001
17685,9211366,S M 39,FITZPATRICK,2015-03-11,11,3,2015,0,4,1,3,,1,1,,2,1,4,55,3,1,2,4,0,0,0,1,false,,false,false,true,false,false,,,,,,false,false,false,,,false,false,false,false,false,-83.21655,42.36423,"{
  ""coordinates"": [
    -8.321654574099990e+01,
    4.236423608000010e+01
  ],
  ""type"": ""Point""
}","{
  ""coordinates"": [
    -83.216545741,
    42.36423608
  ],
  ""type"": ""Point""
}",-83.2165457409999,42.3642360800001
17686,9215964,RAMP 213E,E I 94,2015-03-11,11,3,2015,13,4,1,1,,1,1,,1,1,1,55,1,1,1,5,0,0,0,0,true,,false,false,false,false,false,,,,,,false,false,false,,,false,false,false,false,false,-83.10065,42.34963,"{
  ""coordinates"": [
    -8.310065790899991e+01,
    4.234962744700000e+01
  ],
  ""type"": ""Point""
}","{
  ""coordinates"": [
    -83.100657909,
    42.349627447
  ],
  ""type"": ""Point""
}",-83.1006579089999,42.349627447
17687,9216103,SAINT ANTOINE,MACK,2015-03-10,10,3,2015,9,3,97,9,,4,0,,1,1,1,25,2,2,2,5,0,0,0,0,true,,false,false,false,false,false,,,,,,false,false,false,,,false,false,false,false,false,-83.05247,42.34976,"{
  ""coordinates"": [
    -8.305247053100000e+01,
    4.234975695700010e+01
  ],
  ""type"": ""Point""
}","{
  ""coordinates"": [
    -83.052470531,
    42.349756957
  ],
  ""type"": ""Point""
}",-83.052470531,42.3497569570001
17688,9214703,E I 96 CD,RAMP 138A,2015-03-10,10,3,2015,9,3,8,1,,1,0,,1,2,1,55,4,2,2,4,0,0,0,1,false,,false,false,true,false,false,,,,,,false,false,true,,,false,false,false,false,false,-83.16384,42.38509,"{
  ""coordinates"": [
    -8.316384301399999e+01,
    4.238508597300010e+01
  ],
  ""type"": ""Point""
}","{
  ""coordinates"": [
    -83.163843014,
    42.385085973
  ],
  ""type"": ""Point""
}",-83.163843014,42.3850859730001
17689,9217208,STRONG,CONCORD,2015-03-10,10,3,2015,13,3,4,9,,4,0,,1,1,1,25,2,2,3,4,0,0,0,1,false,,false,false,false,false,false,,,,,,false,false,false,,,false,false,false,false,false,-83.03092,42.3856,"{
  ""coordinates"": [
    -8.303092089499999e+01,
    4.238560044400000e+01
  ],
  ""type"": ""Point""
}","{
  ""coordinates"": [
    -83.030920895,
    42.385600444
  ],
  ""type"": ""Point""
}",-83.030920895,42.385600444
17690,9214732,NB M-39,8 MILE,2015-03-10,10,3,2015,7,3,5,3,,1,0,,1,2,1,55,3,2,4,5,0,0,0,0,true,,false,false,false,false,false,,,,,,false,false,true,,,false,false,false,false,false,-83.21967,42.44272,"{
  ""coordinates"": [
    -8.321966930100000e+01,
    4.244272147700010e+01
  ],
  ""type"": ""Point""
}","{
  ""coordinates"": [
    -83.219669301,
    42.442721477
  ],
  ""type"": ""Point""
}",-83.219669301,42.4427214770001
17691,9232176,CONCORD,STRONG,2015-03-10,10,3,2015,13,3,4,9,,,0,,2,2,1,25,2,2,3,5,0,0,0,0,true,,false,false,false,false,false,,,,,,false,false,false,,,false,false,false,false,false,-83.0309,42.3856,"{
  ""coordinates"": [
    -8.303090149300000e+01,
    4.238560075700010e+01
  ],
  ""type"": ""Point""
}","{
  ""coordinates"": [
    -83.030901493,
    42.385600757
  ],
  ""type"": ""Point""
}",-83.030901493,42.3856007570001
17692,9216055,WATERMAN,DESMON,2015-03-10,10,3,2015,9,3,1,9,,4,1,,1,1,1,35,2,1,1,5,0,0,0,0,true,,false,false,false,false,false,,,,,,false,false,false,,,false,false,false,false,false,-83.11461,42.31313,"{
  ""coordinates"": [
    -8.311460597099990e+01,
    4.231312769400010e+01
  ],
  ""type"": ""Point""
}","{
  ""coordinates"": [
    -83.114605971,
    42.313127694
  ],
  ""type"": ""Point""
}",-83.1146059709999,42.3131276940001
17693,9229197,CADIEUX,HARPER,2015-03-10,10,3,2015,9,3,4,1,,4,0,,1,1,1,30,5,2,1,5,0,0,0,0,true,,false,false,true,false,false,,,,,,false,false,false,,,false,false,false,false,false,-82.93686,42.4168,"{
  ""coordinates"": [
    -8.293686282199999e+01,
    4.241679967900010e+01
  ],
  ""type"": ""Point""
}","{
  ""coordinates"": [
    -82.936862822,
    42.416799679
  ],
  ""type"": ""Point""
}",-82.936862822,42.4167996790001
17694,9211400,WOODWARD,MARGARET,2015-03-10,10,3,2015,8,3,5,3,,1,0,,2,2,1,40,5,4,4,4,0,0,0,1,false,,false,false,false,false,false,,,,,,false,false,false,,,false,false,false,false,false,-83.11087,42.42607,"{
  ""coordinates"": [
    -8.311087378699990e+01,
    4.242607302500010e+01
  ],
  ""type"": ""Point""
}","{
  ""coordinates"": [
    -83.110873787,
    42.426073025
  ],
  ""type"": ""Point""
}",-83.1108737869999,42.4260730250001
17695,9214685,S I 75,RAMP 216J,2015-03-10,10,3,2015,9,3,5,1,,1,0,,1,2,1,70,4,3,2,5,0,0,0,0,true,,false,false,true,false,false,,,,,,false,false,false,,,false,false,false,false,false,-83.05878,42.36975,"{
  ""coordinates"": [
    -8.305877495999989e+01,
    4.236974676600000e+01
  ],
  ""type"": ""Point""
}","{
  ""coordinates"": [
    -83.05877496,
    42.369746766
  ],
  ""type"": ""Point""
}",-83.0587749599999,42.369746766
17696,9214890,LARNED,MCDOUGALL,2015-03-10,10,3,2015,18,3,5,9,,4,0,,1,1,1,30,3,4,3,4,0,0,0,1,false,,false,false,true,false,false,,,,,,false,true,false,,,false,false,false,false,false,-83.01528,42.34233,"{
  ""coordinates"": [
    -8.301528095499999e+01,
    4.234233138500010e+01
  ],
  ""type"": ""Point""
}","{
  ""coordinates"": [
    -83.015280955,
    42.342331385
  ],
  ""type"": ""Point""
}",-83.015280955,42.3423313850001
17697,9232201,LAPPIN,MONARCH,2015-03-10,10,3,2015,14,3,4,9,,,0,,1,1,1,25,1,2,2,5,0,0,0,0,true,,false,false,false,false,false,,,,,,false,false,false,,,false,false,false,false,false,-82.97149,42.43705,"{
  ""coordinates"": [
    -8.297148727299999e+01,
    4.243704666400000e+01
  ],
  ""type"": ""Point""
}","{
  ""coordinates"": [
    -82.971487273,
    42.437046664
  ],
  ""type"": ""Point""
}",-82.971487273,42.437046664
17698,9215932,I-94,WARREN,2015-03-10,10,3,2015,9,3,5,1,,1,0,,1,2,1,55,3,3,5,5,0,0,0,0,true,,false,false,false,false,false,,,,,,false,false,false,,,false,false,false,false,false,-83.11626,42.34206,"{
  ""coordinates"": [
    -8.311625446900000e+01,
    4.234205651500000e+01
  ],
  ""type"": ""Point""
}","{
  ""coordinates"": [
    -83.116254469,
    42.342056515
  ],
  ""type"": ""Point""
}",-83.116254469,42.342056515
17699,9222519,N M 10,CALVERT,2015-03-10,10,3,2015,6,3,1,3,,1,1,,1,1,4,55,3,1,4,3,0,0,1,2,false,,false,false,false,true,false,,,,,,false,false,false,,,false,false,false,false,false,-83.09892,42.38401,"{
  ""coordinates"": [
    -8.309892153200001e+01,
    4.238400604500000e+01
  ],
  ""type"": ""Point""
}","{
  ""coordinates"": [
    -83.098921532,
    42.384006045
  ],
  ""type"": ""Point""
}",-83.098921532,42.384006045
17700,9214948,CARRIE,EMERY,2015-03-10,10,3,2015,8,3,97,9,,,0,,2,1,98,25,1,2,0,5,0,0,0,0,true,,false,false,true,false,false,,,,,,false,false,false,,,false,false,false,false,false,-83.03081,42.43587,"{
  ""coordinates"": [
    -8.303080471700000e+01,
    4.243587112900010e+01
  ],
  ""type"": ""Point""
}","{
  ""coordinates"": [
    -83.030804717,
    42.435871129
  ],
  ""type"": ""Point""
}",-83.030804717,42.4358711290001
17701,9214696,RAMP 139B,E I 96,2015-03-10,10,3,2015,6,3,8,1,,1,0,,2,2,5,0,3,3,4,4,0,0,0,1,false,,false,false,false,false,false,,,,,,false,false,true,,,false,true,false,false,false,-83.14869,42.38251,"{
  ""coordinates"": [
    -8.314868595800000e+01,
    4.238251671400010e+01
  ],
  ""type"": ""Point""
}","{
  ""coordinates"": [
    -83.148685958,
    42.382516714
  ],
  ""type"": ""Point""
}",-83.148685958,42.3825167140001
17702,9212878,SOUTHFIELD SERVICE DRIVE,KENDALL,2015-03-10,10,3,2015,15,3,5,9,,4,0,,1,1,1,30,2,2,2,5,0,0,0,0,true,,false,false,false,false,false,,,,,,false,false,false,,,false,false,false,false,false,-83.21804,42.38895,"{
  ""coordinates"": [
    -8.321804154300000e+01,
    4.238895474500000e+01
  ],
  ""type"": ""Point""
}","{
  ""coordinates"": [
    -83.218041543,
    42.388954745
  ],
  ""type"": ""Point""
}",-83.218041543,42.388954745
17703,9229207,WARREN,GRATIOT,2015-03-10,10,3,2015,9,3,8,3,,4,0,,1,1,1,35,4,2,1,5,0,0,0,0,true,,false,false,false,false,false,,,,,,false,true,false,,,false,false,false,false,false,-83.01786,42.37404,"{
  ""coordinates"": [
    -8.301785720299991e+01,
    4.237403962300000e+01
  ],
  ""type"": ""Point""
}","{
  ""coordinates"": [
    -83.017857203,
    42.374039623
  ],
  ""type"": ""Point""
}",-83.0178572029999,42.374039623
17704,9214709,I-75,CLARK,2015-03-10,10,3,2015,8,3,5,1,,1,0,,1,2,1,70,4,2,2,5,0,0,0,0,true,,false,false,false,false,false,,,,,,false,false,false,,,false,false,false,false,false,-83.09061,42.31359,"{
  ""coordinates"": [
    -8.309061043799990e+01,
    4.231359579600010e+01
  ],
  ""type"": ""Point""
}","{
  ""coordinates"": [
    -83.090610438,
    42.313595796
  ],
  ""type"": ""Point""
}",-83.0906104379999,42.3135957960001
17705,9214711,E I 94,GRAND RIVER,2015-03-10,10,3,2015,15,3,5,1,,1,0,,1,1,1,55,3,3,4,4,0,0,0,1,false,,false,false,false,false,false,,,,,,false,false,false,,,false,false,false,false,false,-83.09539,42.35128,"{
  ""coordinates"": [
    -8.309539301400000e+01,
    4.235127678500000e+01
  ],
  ""type"": ""Point""
}","{
  ""coordinates"": [
    -83.095393014,
    42.351276785
  ],
  ""type"": ""Point""
}",-83.095393014,42.351276785
17706,9212883,7 MILE,N I 75,2015-03-10,10,3,2015,21,3,6,9,,4,0,,1,1,4,30,2,2,4,5,0,0,0,0,true,,false,false,false,false,false,,,,,,false,false,false,,,false,false,false,false,false,-83.0946,42.43248,"{
  ""coordinates"": [
    -8.309460484000000e+01,
    4.243248372100000e+01
  ],
  ""type"": ""Point""
}","{
  ""coordinates"": [
    -83.09460484,
    42.432483721
  ],
  ""type"": ""Point""
}",-83.09460484,42.432483721
17707,9214980,EMILY,VAN DYKE,2015-03-10,10,3,2015,15,3,4,3,,,0,,1,2,1,35,5,2,4,4,0,0,0,1,false,,false,false,true,false,false,,,,,,false,false,false,,,false,false,false,false,false,-83.02402,42.42801,"{
  ""coordinates"": [
    -8.302402385700000e+01,
    4.242801439300010e+01
  ],
  ""type"": ""Point""
}","{
  ""coordinates"": [
    -83.024023857,
    42.428014393
  ],
  ""type"": ""Point""
}",-83.024023857,42.4280143930001
17708,9217201,WARREN,UNIVERSITY,2015-03-10,10,3,2015,21,3,8,9,,4,0,,1,1,4,25,4,2,5,4,0,0,0,1,false,,false,false,true,false,false,,,,,,false,false,true,,,false,false,false,false,false,-82.92241,42.40876,"{
  ""coordinates"": [
    -8.292241107599990e+01,
    4.240876248000010e+01
  ],
  ""type"": ""Point""
}","{
  ""coordinates"": [
    -82.922411076,
    42.40876248
  ],
  ""type"": ""Point""
}",-82.9224110759999,42.4087624800001
17709,9215896,DAVISON,OAKLAND,2015-03-10,10,3,2015,11,3,8,3,,1,0,,1,2,1,55,4,2,2,5,0,0,0,0,true,,false,false,false,false,false,,,,,,false,false,false,,,false,false,false,false,false,-83.08115,42.40845,"{
  ""coordinates"": [
    -8.308115357500000e+01,
    4.240845296500000e+01
  ],
  ""type"": ""Point""
}","{
  ""coordinates"": [
    -83.081153575,
    42.408452965
  ],
  ""type"": ""Point""
}",-83.081153575,42.408452965
17710,9216078,RAMP 044B,RAMP 216E,2015-03-10,10,3,2015,21,3,5,1,,1,0,,1,1,4,35,2,3,3,4,0,0,0,1,false,,false,false,false,false,false,,,,,,false,false,false,,,false,false,false,false,false,-83.05473,42.36258,"{
  ""coordinates"": [
    -8.305472470799999e+01,
    4.236257888200000e+01
  ],
  ""type"": ""Point""
}","{
  ""coordinates"": [
    -83.054724708,
    42.362578882
  ],
  ""type"": ""Point""
}",-83.054724708,42.362578882
17711,9211352,WARREN,VAUGHAN,2015-03-10,10,3,2015,16,3,4,9,,2,0,,1,1,1,35,2,2,16,5,0,0,0,0,true,,false,false,false,false,false,,,,,,false,true,false,,,false,false,false,false,false,-83.23661,42.3431,"{
  ""coordinates"": [
    -8.323660957000000e+01,
    4.234310225400000e+01
  ],
  ""type"": ""Point""
}","{
  ""coordinates"": [
    -83.23660957,
    42.343102254
  ],
  ""type"": ""Point""
}",-83.23660957,42.343102254
17712,9212860,OAKMAN,ALLEN,2015-03-10,10,3,2015,12,3,8,9,,4,0,,1,2,1,30,2,2,2,5,0,0,0,0,true,,false,false,false,false,false,,,,,,false,false,false,,,false,false,false,false,false,-83.1514,42.3697,"{
  ""coordinates"": [
    -8.315139537499989e+01,
    4.236970022100010e+01
  ],
  ""type"": ""Point""
}","{
  ""coordinates"": [
    -83.151395375,
    42.369700221
  ],
  ""type"": ""Point""
}",-83.1513953749999,42.3697002210001
17713,9212783,M-39,SCHOOLCRAFT,2015-03-10,10,3,2015,18,3,5,3,,1,0,,1,1,1,55,3,2,2,5,0,0,0,0,true,,false,false,false,false,false,,,,,,false,false,true,,,false,false,false,false,false,-83.21771,42.39033,"{
  ""coordinates"": [
    -8.321771087099999e+01,
    4.239033185900010e+01
  ],
  ""type"": ""Point""
}","{
  ""coordinates"": [
    -83.217710871,
    42.390331859
  ],
  ""type"": ""Point""
}",-83.217710871,42.3903318590001
17714,9214697,N I 75,RAMP 035A,2015-03-10,10,3,2015,8,3,8,1,,1,0,,2,2,1,55,4,3,4,4,0,0,0,1,false,,false,false,true,false,false,,,,,,false,false,false,,,false,false,false,false,false,-83.08325,42.31733,"{
  ""coordinates"": [
    -8.308325300699990e+01,
    4.231733040000010e+01
  ],
  ""type"": ""Point""
}","{
  ""coordinates"": [
    -83.083253007,
    42.3173304
  ],
  ""type"": ""Point""
}",-83.0832530069999,42.3173304000001
17715,9286144,LIVERNOIS,DAVIDSON,2015-03-10,10,3,2015,15,3,5,3,,4,0,,1,1,1,35,2,2,1,4,0,0,0,1,false,,false,false,true,false,false,,,,,,false,false,false,,,false,false,false,false,false,-83.13953,42.38655,"{
  ""coordinates"": [
    -8.313953442899999e+01,
    4.238655212500000e+01
  ],
  ""type"": ""Point""
}","{
  ""coordinates"": [
    -83.139534429,
    42.386552125
  ],
  ""type"": ""Point""
}",-83.139534429,42.386552125
17716,9213670,JOHN R,FERRY,2015-03-10,10,3,2015,10,3,4,9,,4,0,,1,2,1,35,2,2,2,5,0,0,0,0,true,,false,false,false,false,false,,,,,,false,false,false,,,false,false,false,false,false,-83.06493,42.36185,"{
  ""coordinates"": [
    -8.306492248500000e+01,
    4.236185269200010e+01
  ],
  ""type"": ""Point""
}","{
  ""coordinates"": [
    -83.064922485,
    42.361852692
  ],
  ""type"": ""Point""
}",-83.064922485,42.3618526920001
17717,9211354,SOUTHFIELD SERVICE DRIVE,GRAND RIVER,2015-03-10,10,3,2015,10,3,8,9,,4,0,,1,1,1,25,2,2,2,4,0,0,0,1,false,,true,false,false,false,false,,,,,,false,true,false,,,false,false,false,false,false,-83.21796,42.39998,"{
  ""coordinates"": [
    -8.321796442300000e+01,
    4.239998356100010e+01
  ],
  ""type"": ""Point""
}","{
  ""coordinates"": [
    -83.217964423,
    42.399983561
  ],
  ""type"": ""Point""
}",-83.217964423,42.3999835610001
17718,9214735,RAMP 213I,RAMP 213N,2015-03-10,10,3,2015,7,3,8,1,,1,0,,1,1,2,55,2,2,2,5,0,0,0,0,true,,false,false,false,false,false,,,,,,false,false,false,,,false,false,false,false,false,-83.10123,42.35004,"{
  ""coordinates"": [
    -8.310122701400000e+01,
    4.235003681900000e+01
  ],
  ""type"": ""Point""
}","{
  ""coordinates"": [
    -83.101227014,
    42.350036819
  ],
  ""type"": ""Point""
}",-83.101227014,42.350036819
17719,9215924,I-94,30TH,2015-03-10,10,3,2015,15,3,5,1,,1,0,,1,2,1,55,3,2,5,5,0,0,0,0,true,,false,false,false,false,false,,,,,,false,false,true,,,false,false,false,false,false,-83.11536,42.34282,"{
  ""coordinates"": [
    -8.311535625700000e+01,
    4.234281663700010e+01
  ],
  ""type"": ""Point""
}","{
  ""coordinates"": [
    -83.115356257,
    42.342816637
  ],
  ""type"": ""Point""
}",-83.115356257,42.3428166370001
17720,9214701,I-94,VAN DYKE,2015-03-10,10,3,2015,6,3,8,1,,1,0,,1,1,4,55,3,2,2,5,0,0,0,0,true,,false,false,false,false,false,,,,,,false,false,false,,,false,false,false,false,false,-83.02483,42.38521,"{
  ""coordinates"": [
    -8.302482469300000e+01,
    4.238521057500000e+01
  ],
  ""type"": ""Point""
}","{
  ""coordinates"": [
    -83.024824693,
    42.385210575
  ],
  ""type"": ""Point""
}",-83.024824693,42.385210575
17721,9214747,S M 39,WARREN,2015-03-10,10,3,2015,8,3,5,3,,1,0,,2,2,1,55,3,2,2,4,0,0,0,1,false,,false,false,false,false,false,,,,,,false,false,false,,,false,false,false,false,false,-83.21621,42.3419,"{
  ""coordinates"": [
    -8.321620808800000e+01,
    4.234189904400010e+01
  ],
  ""type"": ""Point""
}","{
  ""coordinates"": [
    -83.216208088,
    42.341899044
  ],
  ""type"": ""Point""
}",-83.216208088,42.3418990440001
17722,9212780,I94,BRUSH,2015-03-10,10,3,2015,4,3,97,1,,1,0,,1,2,5,55,3,2,2,5,0,0,0,0,true,,false,false,false,false,false,,,,,,false,false,true,,,false,false,false,false,false,-83.06422,42.3659,"{
  ""coordinates"": [
    -8.306421351499991e+01,
    4.236589936500010e+01
  ],
  ""type"": ""Point""
}","{
  ""coordinates"": [
    -83.064213515,
    42.365899365
  ],
  ""type"": ""Point""
}",-83.0642135149999,42.3658993650001
17723,9216051,RADAMACHER,ARMY,2015-03-10,10,3,2015,17,3,4,9,,,0,,1,1,1,25,4,3,4,5,0,0,0,0,true,,false,false,false,false,false,,,,,,false,false,true,,,false,false,false,false,false,-83.10983,42.30887,"{
  ""coordinates"": [
    -8.310982913299991e+01,
    4.230887097900010e+01
  ],
  ""type"": ""Point""
}","{
  ""coordinates"": [
    -83.109829133,
    42.308870979
  ],
  ""type"": ""Point""
}",-83.1098291329999,42.3088709790001
17724,9214684,E I 96,RAMP 139B,2015-03-10,10,3,2015,8,3,1,1,,1,1,,1,2,1,70,4,1,3,5,0,0,0,0,true,,false,false,false,false,false,,,,,,false,false,true,,,false,false,false,false,false,-83.14709,42.38129,"{
  ""coordinates"": [
    -8.314709613199990e+01,
    4.238129074400010e+01
  ],
  ""type"": ""Point""
}","{
  ""coordinates"": [
    -83.147096132,
    42.381290744
  ],
  ""type"": ""Point""
}",-83.1470961319999,42.3812907440001
17725,9211371,GRATIOT,STERRITT,2015-03-10,10,3,2015,16,3,4,3,,1,0,,1,1,1,35,7,2,6,4,0,0,0,1,false,,false,false,false,false,false,,,,,,false,false,false,,,false,false,false,false,false,-83.00406,42.39489,"{
  ""coordinates"": [
    -8.300405779000000e+01,
    4.239488648300010e+01
  ],
  ""type"": ""Point""
}","{
  ""coordinates"": [
    -83.00405779,
    42.394886483
  ],
  ""type"": ""Point""
}",-83.00405779,42.3948864830001
17726,9214705,W/B I94,MORANG,2015-03-10,10,3,2015,9,3,8,1,,1,0,,2,2,1,55,3,2,2,5,0,0,0,0,true,,false,false,false,false,false,,,,,,false,false,true,,,false,false,false,false,false,-82.93226,42.42041,"{
  ""coordinates"": [
    -8.293225588500000e+01,
    4.242040915200000e+01
  ],
  ""type"": ""Point""
}","{
  ""coordinates"": [
    -82.932255885,
    42.420409152
  ],
  ""type"": ""Point""
}",-82.932255885,42.420409152
17727,9211380,FARGO,COOLEY,2015-03-10,10,3,2015,23,3,97,9,,,0,,1,1,4,25,2,3,1,4,0,0,0,1,false,,false,false,false,false,false,,,,,,false,false,false,,,false,false,false,false,false,-83.25978,42.43797,"{
  ""coordinates"": [
    -8.325978259700000e+01,
    4.243796580700010e+01
  ],
  ""type"": ""Point""
}","{
  ""coordinates"": [
    -83.259782597,
    42.437965807
  ],
  ""type"": ""Point""
}",-83.259782597,42.4379658070001
17728,9214686,WB I-94,WOODWARD,2015-03-10,10,3,2015,17,3,5,1,,1,0,,1,2,1,55,3,2,3,5,0,0,0,0,true,,false,false,false,false,false,,,,,,false,false,false,,,false,false,false,false,false,-83.07051,42.36292,"{
  ""coordinates"": [
    -8.307050951799989e+01,
    4.236291387900010e+01
  ],
  ""type"": ""Point""
}","{
  ""coordinates"": [
    -83.070509518,
    42.362913879
  ],
  ""type"": ""Point""
}",-83.0705095179999,42.3629138790001
17729,9213671,JEFFERSON,JOS CAMPAU,2015-03-10,10,3,2015,18,3,5,9,,4,0,,1,1,1,30,3,2,2,5,0,0,0,0,true,,false,false,false,false,false,,,,,,false,false,false,,,false,false,false,false,false,-83.01981,42.33946,"{
  ""coordinates"": [
    -8.301980563500000e+01,
    4.233945920000010e+01
  ],
  ""type"": ""Point""
}","{
  ""coordinates"": [
    -83.019805635,
    42.3394592
  ],
  ""type"": ""Point""
}",-83.019805635,42.3394592000001
17730,9214749,I-94,CENTRAL,2015-03-10,10,3,2015,14,3,5,1,,1,0,,1,2,1,55,3,2,3,4,0,0,0,2,false,,false,false,true,false,false,,,,,,false,false,true,,,false,false,false,false,false,-83.14328,42.33167,"{
  ""coordinates"": [
    -8.314327840500000e+01,
    4.233166996000010e+01
  ],
  ""type"": ""Point""
}","{
  ""coordinates"": [
    -83.143278405,
    42.33166996
  ],
  ""type"": ""Point""
}",-83.143278405,42.3316699600001
17731,9212876,OUTER,SOUTHFIELD SERVICE DRIVE,2015-03-10,10,3,2015,14,3,4,9,,2,0,,2,2,1,35,3,2,2,4,0,0,0,2,false,,true,true,false,false,false,,,,,,false,false,false,,,false,false,false,false,false,-83.21935,42.41906,"{
  ""coordinates"": [
    -8.321935585999999e+01,
    4.241906208700000e+01
  ],
  ""type"": ""Point""
}","{
  ""coordinates"": [
    -83.21935586,
    42.419062087
  ],
  ""type"": ""Point""
}",-83.21935586,42.419062087
17732,9213718,DAVISON,LIVERNOIS,2015-03-10,10,3,2015,21,3,8,3,,1,0,,1,1,4,35,7,2,2,5,0,0,0,0,true,,false,false,false,false,false,,,,,,false,false,true,,,false,false,false,false,false,-83.13954,42.38669,"{
  ""coordinates"": [
    -8.313953993199991e+01,
    4.238668933700010e+01
  ],
  ""type"": ""Point""
}","{
  ""coordinates"": [
    -83.139539932,
    42.386689337
  ],
  ""type"": ""Point""
}",-83.1395399319999,42.3866893370001
17733,9211393,MCNICHOLS,WARRINGTON,2015-03-10,10,3,2015,16,3,5,9,,4,0,,1,1,1,30,4,2,2,5,0,0,0,0,true,,false,false,false,false,false,,,,,,false,false,true,,,false,false,false,false,false,-83.13796,42.41718,"{
  ""coordinates"": [
    -8.313795902399990e+01,
    4.241718369500010e+01
  ],
  ""type"": ""Point""
}","{
  ""coordinates"": [
    -83.137959024,
    42.417183695
  ],
  ""type"": ""Point""
}",-83.1379590239999,42.4171836950001
17734,9219877,MCGRAW,LIVERNOIS,2015-03-10,10,3,2015,15,3,5,9,,4,0,,1,1,1,25,2,2,3,5,0,0,0,0,true,,false,false,false,false,false,,,,,,false,false,false,,,false,false,false,false,false,-83.12732,42.34085,"{
  ""coordinates"": [
    -8.312731984399990e+01,
    4.234085063300010e+01
  ],
  ""type"": ""Point""
}","{
  ""coordinates"": [
    -83.127319844,
    42.340850633
  ],
  ""type"": ""Point""
}",-83.1273198439999,42.3408506330001
17735,9233051,7 MILE,BELAND,2015-03-10,10,3,2015,9,3,8,9,,4,0,,1,1,1,35,4,2,1,5,0,0,0,0,true,,false,false,true,false,false,,,,,,false,false,false,,,false,false,false,false,false,-83.0089,42.43432,"{
  ""coordinates"": [
    -8.300889817099990e+01,
    4.243432015500010e+01
  ],
  ""type"": ""Point""
}","{
  ""coordinates"": [
    -83.008898171,
    42.434320155
  ],
  ""type"": ""Point""
}",-83.0088981709999,42.4343201550001