ObjectId,Crash ID,Primary Road,Intersecting Road,Crash Date,Day,Month,Year,Hour,Weekday,Crash Type Code,Highway Classification Code,Community Code,Jurisdiction Code,Lane Departure Type Code,Surface Type,Road Condition,Weather Condition,Lighting Condition,Speed Limit,Lanes,Units,Occupants,Most Severe Injury,Fatal Injuries,Suspected Serious Injuries,Suspected Minor Injuries,Possible Injuries,Property Damage Only,Secondary Crash,Traffic Control,Red Light Run,Hit and Run,Alcohol,Drugs,Unbelted Person,Work Zone,Speeding Driver,Distracted Driver,Driveway,Pedestrian,Elderly Driver,Young Driver,Commercial Vehicle,Emergency Vehicles,Train,School Bus,Motorcycle,Bicycle,Deer,Longitude,Latitude,geom,geog,x,y
17736,9229208,EASTWOOD,CHALMERS,2015-03-10,10,3,2015,9,3,4,9,,,0,,2,1,1,25,3,2,4,4,0,0,0,1,false,,false,false,false,false,false,,,,,,false,false,false,,,false,false,false,false,false,-82.97523,42.43356,"{
  ""coordinates"": [
    -8.297523473699989e+01,
    4.243355380800010e+01
  ],
  ""type"": ""Point""
}","{
  ""coordinates"": [
    -82.975234737,
    42.433553808
  ],
  ""type"": ""Point""
}",-82.9752347369999,42.4335538080001
17737,9211364,SOUTHFIELD SERVICE DRIVE,MCNICHOLS,2015-03-10,10,3,2015,15,3,7,3,,4,0,,1,2,1,30,3,2,3,5,0,0,0,0,true,,false,false,false,false,false,,,,,,false,false,false,,,false,false,false,false,false,-83.21922,42.41587,"{
  ""coordinates"": [
    -8.321922378600000e+01,
    4.241586980200000e+01
  ],
  ""type"": ""Point""
}","{
  ""coordinates"": [
    -83.219223786,
    42.415869802
  ],
  ""type"": ""Point""
}",-83.219223786,42.415869802
17738,9214750,I-94,30TH,2015-03-10,10,3,2015,15,3,5,1,,1,0,,1,2,1,55,3,2,4,5,0,0,0,0,true,,false,false,false,false,false,,,,,,false,false,true,,,false,false,false,false,false,-83.11536,42.34282,"{
  ""coordinates"": [
    -8.311535625700000e+01,
    4.234281663700010e+01
  ],
  ""type"": ""Point""
}","{
  ""coordinates"": [
    -83.115356257,
    42.342816637
  ],
  ""type"": ""Point""
}",-83.115356257,42.3428166370001
17739,9215892,I-94,CONNER,2015-03-10,10,3,2015,17,3,8,1,,1,0,,1,1,1,55,3,3,3,5,0,0,0,0,true,,false,false,false,false,false,,,,,,false,false,true,,,false,false,false,false,false,-82.99052,42.39458,"{
  ""coordinates"": [
    -8.299052506800000e+01,
    4.239457948900010e+01
  ],
  ""type"": ""Point""
}","{
  ""coordinates"": [
    -82.990525068,
    42.394579489
  ],
  ""type"": ""Point""
}",-82.990525068,42.3945794890001
17740,9212770,I-75,SCHAEFER,2015-03-10,10,3,2015,18,3,5,1,,1,0,,1,1,1,55,4,2,2,3,0,0,1,1,false,,false,false,true,false,false,,,,,,false,false,false,,,false,false,false,false,false,-83.14932,42.28189,"{
  ""coordinates"": [
    -8.314932007800000e+01,
    4.228189430300010e+01
  ],
  ""type"": ""Point""
}","{
  ""coordinates"": [
    -83.149320078,
    42.281894303
  ],
  ""type"": ""Point""
}",-83.149320078,42.2818943030001
17741,9213705,PENROD,LYNDON,2015-03-10,10,3,2015,14,3,9,9,,,2,,1,98,3,25,2,2,1,5,0,0,0,0,true,,false,false,true,false,false,,,,,,false,false,false,,,false,true,false,false,false,-83.22141,42.39465,"{
  ""coordinates"": [
    -8.322140798600000e+01,
    4.239464848500010e+01
  ],
  ""type"": ""Point""
}","{
  ""coordinates"": [
    -83.221407986,
    42.394648485
  ],
  ""type"": ""Point""
}",-83.221407986,42.3946484850001
17742,9211363,N M 39,JOY,2015-03-10,10,3,2015,7,3,8,3,,1,0,,1,1,1,55,3,2,1,5,0,0,0,0,true,,false,false,true,false,false,,,,,,false,false,false,,,false,false,false,false,false,-83.21635,42.35711,"{
  ""coordinates"": [
    -8.321635430200000e+01,
    4.235710826500010e+01
  ],
  ""type"": ""Point""
}","{
  ""coordinates"": [
    -83.216354302,
    42.357108265
  ],
  ""type"": ""Point""
}",-83.216354302,42.3571082650001
17743,9214736,I-96,FULLERTON,2015-03-10,10,3,2015,10,3,5,1,,1,0,,1,2,1,70,4,2,2,4,0,0,0,1,false,,false,false,false,false,false,,,,,,false,false,false,,,false,false,false,false,false,-83.18845,42.38035,"{
  ""coordinates"": [
    -8.318844578200000e+01,
    4.238035303300010e+01
  ],
  ""type"": ""Point""
}","{
  ""coordinates"": [
    -83.188445782,
    42.380353033
  ],
  ""type"": ""Point""
}",-83.188445782,42.3803530330001
17744,9211358,RUTLAND,MAJESTIC,2015-03-10,10,3,2015,21,3,9,9,,,2,,3,1,3,25,2,2,1,5,0,0,0,0,true,,false,false,false,false,false,,,,,,false,true,false,,,false,false,false,false,false,-83.21272,42.34649,"{
  ""coordinates"": [
    -8.321272363000000e+01,
    4.234648912800000e+01
  ],
  ""type"": ""Point""
}","{
  ""coordinates"": [
    -83.21272363,
    42.346489128
  ],
  ""type"": ""Point""
}",-83.21272363,42.346489128
17745,9214702,I-94,WYOMING,2015-03-10,10,3,2015,7,3,5,1,,1,0,,1,2,2,55,3,2,2,5,0,0,0,0,true,,false,false,false,false,false,,,,,,false,false,true,,,false,false,false,false,false,-83.15597,42.3289,"{
  ""coordinates"": [
    -8.315596452900000e+01,
    4.232889374600010e+01
  ],
  ""type"": ""Point""
}","{
  ""coordinates"": [
    -83.155964529,
    42.328893746
  ],
  ""type"": ""Point""
}",-83.155964529,42.3288937460001
17746,9216036,CASGRAIN,CADET,2015-03-10,10,3,2015,14,3,4,9,,,0,,1,1,1,25,2,2,2,5,0,0,0,0,true,,false,false,false,false,false,,,,,,false,false,true,,,false,false,false,false,false,-83.11103,42.31273,"{
  ""coordinates"": [
    -8.311103129000000e+01,
    4.231273385000000e+01
  ],
  ""type"": ""Point""
}","{
  ""coordinates"": [
    -83.11103129,
    42.31273385
  ],
  ""type"": ""Point""
}",-83.11103129,42.31273385
17747,9212859,TURNER,RAMP 141A,2015-03-10,10,3,2015,11,3,1,1,,4,0,,1,2,1,30,2,1,1,5,0,0,0,0,true,,true,false,false,false,false,,,,,,false,false,false,,,false,false,false,false,false,-83.14124,42.36774,"{
  ""coordinates"": [
    -8.314123173800000e+01,
    4.236773639700000e+01
  ],
  ""type"": ""Point""
}","{
  ""coordinates"": [
    -83.141231738,
    42.367736397
  ],
  ""type"": ""Point""
}",-83.141231738,42.367736397
17748,9211348,SOUTHAMPTON,OUTER,2015-03-10,10,3,2015,12,3,4,9,,,0,,1,2,1,25,2,2,4,5,0,0,0,0,true,,true,false,true,false,false,,,,,,false,false,false,,,false,false,false,false,false,-82.93888,42.40686,"{
  ""coordinates"": [
    -8.293888289800000e+01,
    4.240686089800000e+01
  ],
  ""type"": ""Point""
}","{
  ""coordinates"": [
    -82.938882898,
    42.406860898
  ],
  ""type"": ""Point""
}",-82.938882898,42.406860898
17749,9213681,WOODWARD,MELBOURNE,2015-03-10,10,3,2015,19,3,8,3,,1,0,,1,1,1,30,8,2,2,5,0,0,0,0,true,,false,false,true,false,false,,,,,,false,false,false,,,false,false,false,false,false,-83.07726,42.37616,"{
  ""coordinates"": [
    -8.307725364500000e+01,
    4.237616239000000e+01
  ],
  ""type"": ""Point""
}","{
  ""coordinates"": [
    -83.077253645,
    42.37616239
  ],
  ""type"": ""Point""
}",-83.077253645,42.37616239
17750,9212911,WARREN,ST ANTOINE,2015-03-10,10,3,2015,20,3,5,9,,4,0,,1,1,3,30,4,2,2,5,0,0,0,0,true,,false,false,false,false,false,,,,,,false,false,false,,,false,false,false,false,false,-83.05539,42.3604,"{
  ""coordinates"": [
    -8.305539147099999e+01,
    4.236040587600010e+01
  ],
  ""type"": ""Point""
}","{
  ""coordinates"": [
    -83.055391471,
    42.360405876
  ],
  ""type"": ""Point""
}",-83.055391471,42.3604058760001
17751,9212915,CASS,HANCOCK,2015-03-10,10,3,2015,8,3,4,9,,4,0,,2,2,1,25,2,2,2,4,0,0,0,2,false,,false,false,false,false,false,,,,,,false,false,true,,,false,false,false,false,false,-83.06598,42.35482,"{
  ""coordinates"": [
    -8.306598187700000e+01,
    4.235481503700000e+01
  ],
  ""type"": ""Point""
}","{
  ""coordinates"": [
    -83.065981877,
    42.354815037
  ],
  ""type"": ""Point""
}",-83.065981877,42.354815037
17752,9212872,GRAND RIVER,GLASTONBURY,2015-03-10,10,3,2015,10,3,5,3,,1,0,,2,2,1,40,4,2,2,4,0,0,0,1,false,,false,false,false,false,false,,,,,,false,true,false,,,false,false,false,false,false,-83.22556,42.40363,"{
  ""coordinates"": [
    -8.322555916200000e+01,
    4.240362664700010e+01
  ],
  ""type"": ""Point""
}","{
  ""coordinates"": [
    -83.225559162,
    42.403626647
  ],
  ""type"": ""Point""
}",-83.225559162,42.4036266470001
17753,9214996,S I 75 SERVICE DRIVE,RAMP 050G,2015-03-10,10,3,2015,12,3,5,1,,1,0,,1,2,1,30,3,2,2,4,0,0,0,1,false,,false,false,false,false,false,,,,,,false,false,false,,,false,false,false,false,false,-83.09532,42.4465,"{
  ""coordinates"": [
    -8.309532192499999e+01,
    4.244650098700000e+01
  ],
  ""type"": ""Point""
}","{
  ""coordinates"": [
    -83.095321925,
    42.446500987
  ],
  ""type"": ""Point""
}",-83.095321925,42.446500987
17754,9212771,RAMP 008F,RAMP 008B,2015-03-10,10,3,2015,5,3,1,1,,1,1,,2,2,4,55,3,1,1,5,0,0,0,0,true,,false,false,false,false,false,,,,,,false,false,false,,,false,false,false,false,false,-83.21473,42.3781,"{
  ""coordinates"": [
    -8.321472693100000e+01,
    4.237809948500010e+01
  ],
  ""type"": ""Point""
}","{
  ""coordinates"": [
    -83.214726931,
    42.378099485
  ],
  ""type"": ""Point""
}",-83.214726931,42.3780994850001
17755,9210243,14TH,DELAWARE,2015-03-09,9,3,2015,9,2,8,9,,4,0,,1,1,1,30,3,2,27,5,0,0,0,0,true,,false,false,false,false,false,,,,,,false,false,true,,,false,false,false,false,false,-83.0974,42.36673,"{
  ""coordinates"": [
    -8.309740411000000e+01,
    4.236672958000000e+01
  ],
  ""type"": ""Point""
}","{
  ""coordinates"": [
    -83.09740411,
    42.36672958
  ],
  ""type"": ""Point""
}",-83.09740411,42.36672958
17756,9216060,LIVERNOIS,WARREN,2015-03-09,9,3,2015,17,2,4,9,,4,0,,1,1,1,35,5,2,3,5,0,0,0,0,true,,false,false,true,false,false,,,,,,false,false,false,,,false,false,false,false,false,-83.13018,42.3444,"{
  ""coordinates"": [
    -8.313018134399989e+01,
    4.234439984300010e+01
  ],
  ""type"": ""Point""
}","{
  ""coordinates"": [
    -83.130181344,
    42.344399843
  ],
  ""type"": ""Point""
}",-83.1301813439999,42.3443998430001
17757,9214707,I-75,NEVADA,2015-03-09,9,3,2015,11,2,1,1,,1,1,,1,1,1,70,4,1,1,5,0,0,0,0,true,,false,false,false,false,false,,,,,,false,false,true,,,false,false,false,false,false,-83.09351,42.4254,"{
  ""coordinates"": [
    -8.309351594299990e+01,
    4.242540474300010e+01
  ],
  ""type"": ""Point""
}","{
  ""coordinates"": [
    -83.093515943,
    42.425404743
  ],
  ""type"": ""Point""
}",-83.0935159429999,42.4254047430001
17758,9214743,I-94,GRATIOT,2015-03-09,9,3,2015,5,2,8,1,,1,0,,1,1,5,55,3,2,2,5,0,0,0,0,true,,false,false,false,false,false,,,,,,false,false,false,,,false,false,false,false,false,-83.00438,42.39191,"{
  ""coordinates"": [
    -8.300437552200000e+01,
    4.239190518800010e+01
  ],
  ""type"": ""Point""
}","{
  ""coordinates"": [
    -83.004375522,
    42.391905188
  ],
  ""type"": ""Point""
}",-83.004375522,42.3919051880001
17759,9211370,GRATIOT,HOLCOMB,2015-03-09,9,3,2015,15,2,8,3,,1,0,,1,1,1,35,7,2,2,5,0,0,0,0,true,,false,false,false,false,false,,,,,,false,false,false,,,false,false,false,false,false,-83.00871,42.38785,"{
  ""coordinates"": [
    -8.300871169100000e+01,
    4.238784715600010e+01
  ],
  ""type"": ""Point""
}","{
  ""coordinates"": [
    -83.008711691,
    42.387847156
  ],
  ""type"": ""Point""
}",-83.008711691,42.3878471560001
17760,9212879,RAMP 138C,DAVISON,2015-03-09,9,3,2015,18,2,1,1,,1,1,,2,1,1,55,4,1,1,5,0,0,0,0,true,,false,false,false,false,false,,,,,,false,false,true,,,false,false,false,false,false,-83.15743,42.38605,"{
  ""coordinates"": [
    -8.315743529299991e+01,
    4.238605187600010e+01
  ],
  ""type"": ""Point""
}","{
  ""coordinates"": [
    -83.157435293,
    42.386051876
  ],
  ""type"": ""Point""
}",-83.1574352929999,42.3860518760001
17761,9210246,DAVISON,LIVERNOIS,2015-03-09,9,3,2015,15,2,2,3,,1,2,,1,1,1,35,2,2,2,5,0,0,0,0,true,,false,false,true,false,false,,,,,,false,false,false,,,false,false,false,false,false,-83.1395,42.38649,"{
  ""coordinates"": [
    -8.313949418100000e+01,
    4.238649429200010e+01
  ],
  ""type"": ""Point""
}","{
  ""coordinates"": [
    -83.139494181,
    42.386494292
  ],
  ""type"": ""Point""
}",-83.139494181,42.3864942920001
17762,9218289,MCNICHOLS,WARWICK,2015-03-09,9,3,2015,18,2,5,9,,2,0,,6,1,1,35,6,2,5,5,0,0,0,0,true,,false,false,true,false,false,,,,,,false,false,false,,,false,false,false,false,false,-83.2292,42.41534,"{
  ""coordinates"": [
    -8.322920598600000e+01,
    4.241534519800010e+01
  ],
  ""type"": ""Point""
}","{
  ""coordinates"": [
    -83.229205986,
    42.415345198
  ],
  ""type"": ""Point""
}",-83.229205986,42.4153451980001
17763,9214699,W I 94,N M 10,2015-03-09,9,3,2015,7,2,5,1,,1,0,,1,2,2,55,3,2,1,5,0,0,0,0,true,,false,false,true,false,false,,,,,,false,false,false,,,false,false,false,false,false,-83.076,42.35967,"{
  ""coordinates"": [
    -8.307599573600000e+01,
    4.235966758600010e+01
  ],
  ""type"": ""Point""
}","{
  ""coordinates"": [
    -83.075995736,
    42.359667586
  ],
  ""type"": ""Point""
}",-83.075995736,42.3596675860001
17764,9233004,NEFF,CHESTER,2015-03-09,9,3,2015,2,2,8,9,,,0,,3,1,4,25,1,2,1,5,0,0,0,0,true,,false,false,true,false,false,,,,,,false,false,false,,,false,false,false,false,false,-82.93214,42.41872,"{
  ""coordinates"": [
    -8.293213544299989e+01,
    4.241872180900000e+01
  ],
  ""type"": ""Point""
}","{
  ""coordinates"": [
    -82.932135443,
    42.418721809
  ],
  ""type"": ""Point""
}",-82.9321354429999,42.418721809
17765,9212856,MENDOTA,ELMIRA,2015-03-09,9,3,2015,16,2,4,9,,,0,,1,1,1,25,2,2,3,5,0,0,0,0,true,,true,false,true,false,false,,,,,,false,false,true,,,false,false,false,false,false,-83.16447,42.37112,"{
  ""coordinates"": [
    -8.316447307300000e+01,
    4.237111678000010e+01
  ],
  ""type"": ""Point""
}","{
  ""coordinates"": [
    -83.164473073,
    42.37111678
  ],
  ""type"": ""Point""
}",-83.164473073,42.3711167800001
17766,9211375,GRATIOT,ST AUBIN,2015-03-09,9,3,2015,16,2,8,3,,1,0,,2,4,1,35,6,2,2,5,0,0,0,0,true,,false,false,false,false,false,,,,,,false,true,false,,,false,false,false,false,false,-83.03412,42.34952,"{
  ""coordinates"": [
    -8.303412062400000e+01,
    4.234951937300010e+01
  ],
  ""type"": ""Point""
}","{
  ""coordinates"": [
    -83.034120624,
    42.349519373
  ],
  ""type"": ""Point""
}",-83.034120624,42.3495193730001
17767,9217228,W I 94,RAMP 219C,2015-03-09,9,3,2015,16,2,5,1,,1,0,,1,1,1,55,3,2,2,5,0,0,0,0,true,,false,false,false,false,false,,,,,,false,false,true,,,false,false,false,false,false,-83.00643,42.39149,"{
  ""coordinates"": [
    -8.300642911900000e+01,
    4.239149098200010e+01
  ],
  ""type"": ""Point""
}","{
  ""coordinates"": [
    -83.006429119,
    42.391490982
  ],
  ""type"": ""Point""
}",-83.006429119,42.3914909820001
17768,9215869,S I 75,OAKLAND,2015-03-09,9,3,2015,7,2,8,1,,1,0,,3,1,5,70,4,2,2,5,0,0,0,0,true,,false,false,false,false,false,,,,,,false,false,false,,,false,false,false,false,false,-83.09383,42.42543,"{
  ""coordinates"": [
    -8.309383259499999e+01,
    4.242542951700010e+01
  ],
  ""type"": ""Point""
}","{
  ""coordinates"": [
    -83.093832595,
    42.425429517
  ],
  ""type"": ""Point""
}",-83.093832595,42.4254295170001
17769,9214960,MOUND,DAVISON,2015-03-09,9,3,2015,7,2,5,9,,2,0,,3,1,1,30,3,2,3,5,0,0,0,0,true,,false,false,false,false,false,,,,,,false,false,true,,,false,false,false,false,false,-83.0427,42.42259,"{
  ""coordinates"": [
    -8.304270052000000e+01,
    4.242259132400010e+01
  ],
  ""type"": ""Point""
}","{
  ""coordinates"": [
    -83.04270052,
    42.422591324
  ],
  ""type"": ""Point""
}",-83.04270052,42.4225913240001
17770,9210080,E M 8,CANADIAN NATIONAL RAILWAY,2015-03-09,9,3,2015,19,2,5,3,,1,0,,1,1,1,55,2,2,2,5,0,0,0,0,true,,false,false,false,false,false,,,,,,false,false,false,,,false,false,false,false,false,-83.08117,42.40827,"{
  ""coordinates"": [
    -8.308117097900001e+01,
    4.240827266300000e+01
  ],
  ""type"": ""Point""
}","{
  ""coordinates"": [
    -83.081170979,
    42.408272663
  ],
  ""type"": ""Point""
}",-83.081170979,42.408272663
17771,9210241,KILBOURNE,COPLIN,2015-03-09,9,3,2015,14,2,9,9,,,2,,1,1,1,25,2,2,1,4,0,0,0,1,false,,false,false,false,false,false,,,,,,false,true,false,,,false,false,false,false,false,-82.97695,42.4151,"{
  ""coordinates"": [
    -8.297694931500000e+01,
    4.241510527100010e+01
  ],
  ""type"": ""Point""
}","{
  ""coordinates"": [
    -82.976949315,
    42.415105271
  ],
  ""type"": ""Point""
}",-82.976949315,42.4151052710001
17772,9216068,HARPER,YORKSHIRE,2015-03-09,9,3,2015,13,2,8,9,,4,0,,1,1,1,30,2,2,2,5,0,0,0,0,true,,false,false,false,false,false,,,,,,false,true,false,,,false,false,false,false,false,-82.94,42.41422,"{
  ""coordinates"": [
    -8.294000407199999e+01,
    4.241421927500010e+01
  ],
  ""type"": ""Point""
}","{
  ""coordinates"": [
    -82.940004072,
    42.414219275
  ],
  ""type"": ""Point""
}",-82.940004072,42.4142192750001
17773,9210252,PINEHURST,MIDLAND,2015-03-09,9,3,2015,21,2,97,9,,,0,,1,2,4,25,2,2,1,5,0,0,0,0,true,,false,false,true,false,false,,,,,,false,false,false,,,false,false,false,false,false,-83.16637,42.40508,"{
  ""coordinates"": [
    -8.316636766900000e+01,
    4.240508148300010e+01
  ],
  ""type"": ""Point""
}","{
  ""coordinates"": [
    -83.166367669,
    42.405081483
  ],
  ""type"": ""Point""
}",-83.166367669,42.4050814830001
17774,9211350,WARREN,AUBURN,2015-03-09,9,3,2015,16,2,8,9,,2,0,,1,1,1,35,4,2,5,5,0,0,0,0,true,,false,false,true,false,false,,,,,,false,false,false,,,false,false,false,false,false,-83.23291,42.34316,"{
  ""coordinates"": [
    -8.323291334899990e+01,
    4.234316322700000e+01
  ],
  ""type"": ""Point""
}","{
  ""coordinates"": [
    -83.232913349,
    42.343163227
  ],
  ""type"": ""Point""
}",-83.2329133489999,42.343163227
17775,9214706,I-75,DAVISON,2015-03-09,9,3,2015,7,2,5,1,,1,0,,1,1,2,70,4,2,1,5,0,0,0,0,true,,false,false,true,false,false,,,,,,false,false,false,,,false,false,false,false,false,-83.08501,42.41467,"{
  ""coordinates"": [
    -8.308501272099990e+01,
    4.241466420100010e+01
  ],
  ""type"": ""Point""
}","{
  ""coordinates"": [
    -83.085012721,
    42.414664201
  ],
  ""type"": ""Point""
}",-83.0850127209999,42.4146642010001
17776,9213668,JEFFERSON,BEAUBIEN,2015-03-09,9,3,2015,7,2,5,4,,1,0,,1,1,2,35,6,4,4,5,0,0,0,0,true,,false,false,false,false,false,,,,,,false,false,false,,,false,false,false,false,false,-83.03983,42.33087,"{
  ""coordinates"": [
    -8.303982175999990e+01,
    4.233086761400010e+01
  ],
  ""type"": ""Point""
}","{
  ""coordinates"": [
    -83.03982176,
    42.330867614
  ],
  ""type"": ""Point""
}",-83.0398217599999,42.3308676140001
17777,9214710,E I 94,RAMP 222A,2015-03-09,9,3,2015,18,2,8,1,,1,0,,1,1,1,55,3,2,2,5,0,0,0,0,true,,false,false,true,false,false,,,,,,false,true,false,,,false,false,false,false,false,-82.94962,42.4082,"{
  ""coordinates"": [
    -8.294961660599991e+01,
    4.240820200100010e+01
  ],
  ""type"": ""Point""
}","{
  ""coordinates"": [
    -82.949616606,
    42.408202001
  ],
  ""type"": ""Point""
}",-82.9496166059999,42.4082020010001
17778,9217203,RUTLAND,ORANGELAWN,2015-03-09,9,3,2015,8,2,4,9,,,0,,3,1,1,25,1,2,1,5,0,0,0,0,true,,false,false,false,false,false,,,,,,false,false,true,,,false,false,false,false,false,-83.21311,42.36812,"{
  ""coordinates"": [
    -8.321311277900000e+01,
    4.236812128000000e+01
  ],
  ""type"": ""Point""
}","{
  ""coordinates"": [
    -83.213112779,
    42.36812128
  ],
  ""type"": ""Point""
}",-83.213112779,42.36812128
17779,9214745,N I 75,RAMP 041F,2015-03-09,9,3,2015,16,2,5,1,,1,0,,1,1,1,55,4,2,3,5,0,0,0,0,true,,false,false,false,false,false,,,,,,false,false,true,,,false,false,false,false,false,-83.0444,42.34593,"{
  ""coordinates"": [
    -8.304440568400000e+01,
    4.234592985200000e+01
  ],
  ""type"": ""Point""
}","{
  ""coordinates"": [
    -83.044405684,
    42.345929852
  ],
  ""type"": ""Point""
}",-83.044405684,42.345929852
17780,9213715,GRATIOT,8 MILE,2015-03-09,9,3,2015,13,2,5,3,,1,0,,1,1,1,35,7,2,2,5,0,0,0,0,true,,false,false,false,false,false,,,,,,false,true,false,,,false,false,false,false,false,-82.96801,42.44972,"{
  ""coordinates"": [
    -8.296800778600000e+01,
    4.244971807600010e+01
  ],
  ""type"": ""Point""
}","{
  ""coordinates"": [
    -82.968007786,
    42.449718076
  ],
  ""type"": ""Point""
}",-82.968007786,42.4497180760001
17781,9210240,6 MILE,LAHSER,2015-03-09,9,3,2015,18,2,3,9,,2,0,,1,1,1,35,6,2,4,4,0,0,0,3,false,,false,false,false,false,false,,,,,,false,true,false,,,false,false,false,false,false,-83.25746,42.4146,"{
  ""coordinates"": [
    -8.325746126600001e+01,
    4.241459551300010e+01
  ],
  ""type"": ""Point""
}","{
  ""coordinates"": [
    -83.257461266,
    42.414595513
  ],
  ""type"": ""Point""
}",-83.257461266,42.4145955130001
17782,9210230,MICHIGAN,LAWNDALE,2015-03-09,9,3,2015,6,2,4,2,,1,0,,3,1,5,35,7,2,2,5,0,0,0,0,true,,false,false,false,false,false,,,,,,false,false,true,,,false,false,false,false,false,-83.14853,42.32983,"{
  ""coordinates"": [
    -8.314852613600000e+01,
    4.232982980900000e+01
  ],
  ""type"": ""Point""
}","{
  ""coordinates"": [
    -83.148526136,
    42.329829809
  ],
  ""type"": ""Point""
}",-83.148526136,42.329829809
17783,9209382,LAKEWOOD,SOUTHAMPTON,2015-03-09,9,3,2015,0,2,1,9,,,1,,3,1,5,25,2,1,4,3,0,0,2,2,false,,false,false,false,false,false,,,,,,false,false,false,,,false,false,false,false,false,-82.96165,42.39761,"{
  ""coordinates"": [
    -8.296165128900000e+01,
    4.239760706300010e+01
  ],
  ""type"": ""Point""
}","{
  ""coordinates"": [
    -82.961651289,
    42.397607063
  ],
  ""type"": ""Point""
}",-82.961651289,42.3976070630001
17784,9214984,SEVEN MILE,CONANT,2015-03-09,9,3,2015,5,2,6,9,,4,0,,3,2,4,35,3,2,2,5,0,0,0,0,true,,false,false,false,false,false,,,,,,false,false,false,,,false,false,false,false,false,-83.07354,42.43293,"{
  ""coordinates"": [
    -8.307354159900000e+01,
    4.243292722900000e+01
  ],
  ""type"": ""Point""
}","{
  ""coordinates"": [
    -83.073541599,
    42.432927229
  ],
  ""type"": ""Point""
}",-83.073541599,42.432927229
17785,9211356,N M 39 SERVICE DRIVE,JOY,2015-03-09,9,3,2015,0,2,1,9,,4,0,,2,1,5,35,1,1,1,5,0,0,0,0,true,,false,false,false,false,false,,,,,,false,false,true,,,false,false,false,false,false,-83.21606,42.3577,"{
  ""coordinates"": [
    -8.321606307400000e+01,
    4.235769489600010e+01
  ],
  ""type"": ""Point""
}","{
  ""coordinates"": [
    -83.216063074,
    42.357694896
  ],
  ""type"": ""Point""
}",-83.216063074,42.3576948960001
17786,9212867,JOY,GREENFIELD,2015-03-09,9,3,2015,14,2,1,9,,2,0,,1,2,1,35,1,1,1,5,0,0,0,0,true,,false,false,false,false,false,,,,,,false,false,false,,,false,false,false,false,false,-83.19754,42.35813,"{
  ""coordinates"": [
    -8.319753690600000e+01,
    4.235812613100010e+01
  ],
  ""type"": ""Point""
}","{
  ""coordinates"": [
    -83.197536906,
    42.358126131
  ],
  ""type"": ""Point""
}",-83.197536906,42.3581261310001
17787,9214731,EB I-94,DICKERSON,2015-03-09,9,3,2015,13,2,5,1,,1,0,,1,1,1,55,3,2,3,4,0,0,0,1,false,,false,false,false,false,false,,,,,,false,true,true,,,false,false,false,false,false,-82.97267,42.40155,"{
  ""coordinates"": [
    -8.297266944300000e+01,
    4.240154732900000e+01
  ],
  ""type"": ""Point""
}","{
  ""coordinates"": [
    -82.972669443,
    42.401547329
  ],
  ""type"": ""Point""
}",-82.972669443,42.401547329
17788,9214872,E I 94,HARPER,2015-03-09,9,3,2015,18,2,8,1,,1,0,,1,1,1,55,3,2,1,5,0,0,0,0,true,,false,false,true,false,false,,,,,,false,false,false,,,false,false,false,false,false,-82.9464,42.41044,"{
  ""coordinates"": [
    -8.294640220600000e+01,
    4.241044279000000e+01
  ],
  ""type"": ""Point""
}","{
  ""coordinates"": [
    -82.946402206,
    42.41044279
  ],
  ""type"": ""Point""
}",-82.946402206,42.41044279
17789,9212880,LIVERNOIS,FULLERTON,2015-03-09,9,3,2015,17,2,8,9,,4,0,,1,1,1,30,4,2,2,5,0,0,0,0,true,,false,false,false,false,false,,,,,,false,false,false,,,false,false,false,false,false,-83.13918,42.38092,"{
  ""coordinates"": [
    -8.313917396600000e+01,
    4.238092218500000e+01
  ],
  ""type"": ""Point""
}","{
  ""coordinates"": [
    -83.139173966,
    42.380922185
  ],
  ""type"": ""Point""
}",-83.139173966,42.380922185
17790,9211373,7 MILE,SHAFTSBERRY,2015-03-09,9,3,2015,16,2,5,9,,2,0,,1,1,1,35,5,2,3,5,0,0,0,0,true,,false,false,true,false,false,,,,,,false,false,false,,,false,false,false,false,false,-83.231,42.42979,"{
  ""coordinates"": [
    -8.323100257399990e+01,
    4.242978629600000e+01
  ],
  ""type"": ""Point""
}","{
  ""coordinates"": [
    -83.231002574,
    42.429786296
  ],
  ""type"": ""Point""
}",-83.2310025739999,42.429786296
17791,9211357,WESTWOOD,JOY,2015-03-09,9,3,2015,8,2,1,9,,,1,,3,1,1,25,1,1,1,4,0,0,0,1,false,,false,false,false,false,false,,,,,,false,false,false,,,false,false,false,false,false,-83.23108,42.35767,"{
  ""coordinates"": [
    -8.323107652300000e+01,
    4.235766788200000e+01
  ],
  ""type"": ""Point""
}","{
  ""coordinates"": [
    -83.231076523,
    42.357667882
  ],
  ""type"": ""Point""
}",-83.231076523,42.357667882
17792,9229212,CONNER,GRATIOT,2015-03-09,9,3,2015,8,2,5,3,,4,0,,3,1,1,35,5,2,1,5,0,0,0,0,true,,false,false,false,false,false,,,,,,false,false,false,,,false,false,false,false,false,-82.99782,42.40516,"{
  ""coordinates"": [
    -8.299782016599990e+01,
    4.240515923300010e+01
  ],
  ""type"": ""Point""
}","{
  ""coordinates"": [
    -82.997820166,
    42.405159233
  ],
  ""type"": ""Point""
}",-82.9978201659999,42.4051592330001