ObjectId,Crash ID,Primary Road,Intersecting Road,Crash Date,Day,Month,Year,Hour,Weekday,Crash Type Code,Highway Classification Code,Community Code,Jurisdiction Code,Lane Departure Type Code,Surface Type,Road Condition,Weather Condition,Lighting Condition,Speed Limit,Lanes,Units,Occupants,Most Severe Injury,Fatal Injuries,Suspected Serious Injuries,Suspected Minor Injuries,Possible Injuries,Property Damage Only,Secondary Crash,Traffic Control,Red Light Run,Hit and Run,Alcohol,Drugs,Unbelted Person,Work Zone,Speeding Driver,Distracted Driver,Driveway,Pedestrian,Elderly Driver,Young Driver,Commercial Vehicle,Emergency Vehicles,Train,School Bus,Motorcycle,Bicycle,Deer,Longitude,Latitude,geom,geog,x,y
17793,9214945,VAN DYKE,DAVISON,2015-03-09,9,3,2015,8,2,5,3,,1,0,,1,1,1,25,3,2,4,5,0,0,0,0,true,,false,false,false,false,false,,,,,,false,false,false,,,false,false,false,false,false,-83.02386,42.4236,"{
  ""coordinates"": [
    -8.302385998599991e+01,
    4.242360162300000e+01
  ],
  ""type"": ""Point""
}","{
  ""coordinates"": [
    -83.023859986,
    42.423601623
  ],
  ""type"": ""Point""
}",-83.0238599859999,42.423601623
17794,9216035,CLARK,BRANDON,2015-03-09,9,3,2015,10,2,4,9,,4,0,,1,1,1,25,2,2,3,5,0,0,0,0,true,,false,false,false,false,false,,,,,,false,false,false,,,false,false,false,false,false,-83.09867,42.32424,"{
  ""coordinates"": [
    -8.309866970500001e+01,
    4.232423927200010e+01
  ],
  ""type"": ""Point""
}","{
  ""coordinates"": [
    -83.098669705,
    42.324239272
  ],
  ""type"": ""Point""
}",-83.098669705,42.3242392720001
17795,9212858,GREENFIELD,PLYMOUTH,2015-03-09,9,3,2015,12,2,5,9,,2,0,,1,2,1,35,5,2,1,5,0,0,0,0,true,,false,false,true,false,false,,,,,,false,true,false,,,false,false,false,false,false,-83.19755,42.37249,"{
  ""coordinates"": [
    -8.319754881100000e+01,
    4.237248607600000e+01
  ],
  ""type"": ""Point""
}","{
  ""coordinates"": [
    -83.197548811,
    42.372486076
  ],
  ""type"": ""Point""
}",-83.197548811,42.372486076
17796,9210239,GRAND RIVER,FENTON,2015-03-09,9,3,2015,7,2,8,3,,1,0,,1,1,1,40,4,2,1,5,0,0,0,0,true,,false,false,true,false,false,,,,,,false,false,false,,,false,false,false,false,false,-83.28267,42.42634,"{
  ""coordinates"": [
    -8.328266543900000e+01,
    4.242634149500000e+01
  ],
  ""type"": ""Point""
}","{
  ""coordinates"": [
    -83.282665439,
    42.426341495
  ],
  ""type"": ""Point""
}",-83.282665439,42.426341495
17797,9213674,WOODWARD,ADAMS,2015-03-09,9,3,2015,10,2,4,3,,4,0,,1,1,1,30,6,2,2,5,0,0,0,0,true,,true,true,true,false,false,,,,,,false,false,false,,,false,false,false,false,false,-83.05087,42.33697,"{
  ""coordinates"": [
    -8.305087329799990e+01,
    4.233696613100010e+01
  ],
  ""type"": ""Point""
}","{
  ""coordinates"": [
    -83.050873298,
    42.336966131
  ],
  ""type"": ""Point""
}",-83.0508732979999,42.3369661310001
17798,9219072,MCNICHOLS,ROSEMONT,2015-03-09,9,3,2015,18,2,4,9,,2,0,,1,1,1,25,2,3,5,5,0,0,0,0,true,,false,false,true,false,false,,,,,,false,false,false,,,false,false,false,false,false,-83.22131,42.4155,"{
  ""coordinates"": [
    -8.322131350200000e+01,
    4.241550138500000e+01
  ],
  ""type"": ""Point""
}","{
  ""coordinates"": [
    -83.221313502,
    42.415501385
  ],
  ""type"": ""Point""
}",-83.221313502,42.415501385
17799,9215914,I-75,MICHIGAN,2015-03-09,9,3,2015,5,2,1,1,,1,1,,3,1,4,55,3,1,1,5,0,0,0,0,true,,false,false,false,false,false,,,,,,false,false,false,,,false,false,false,false,false,-83.08427,42.33165,"{
  ""coordinates"": [
    -8.308427682999999e+01,
    4.233164588600000e+01
  ],
  ""type"": ""Point""
}","{
  ""coordinates"": [
    -83.08427683,
    42.331645886
  ],
  ""type"": ""Point""
}",-83.08427683,42.331645886
17800,9214733,I-94,24TH,2015-03-09,9,3,2015,15,2,5,1,,1,0,,1,1,1,55,3,2,4,5,0,0,0,0,true,,false,false,false,false,false,,,,,,false,true,true,,,false,false,false,false,false,-83.10487,42.34829,"{
  ""coordinates"": [
    -8.310486295299999e+01,
    4.234829014000010e+01
  ],
  ""type"": ""Point""
}","{
  ""coordinates"": [
    -83.104862953,
    42.34829014
  ],
  ""type"": ""Point""
}",-83.104862953,42.3482901400001
17801,9214884,6 MILE,TELEGRAPH,2015-03-09,9,3,2015,10,2,5,2,,2,0,,1,1,1,45,4,2,2,5,0,0,0,0,true,,false,false,false,false,false,,,,,,false,false,true,,,false,false,false,false,false,-83.2774,42.41453,"{
  ""coordinates"": [
    -8.327739649700000e+01,
    4.241452873400000e+01
  ],
  ""type"": ""Point""
}","{
  ""coordinates"": [
    -83.277396497,
    42.414528734
  ],
  ""type"": ""Point""
}",-83.277396497,42.414528734
17802,9210247,WYOMING,EATON,2015-03-09,9,3,2015,15,2,97,9,,4,0,,1,1,1,30,2,2,2,5,0,0,0,0,true,,false,false,false,false,false,,,,,,false,true,false,,,false,false,false,false,false,-83.15946,42.39784,"{
  ""coordinates"": [
    -8.315945885799989e+01,
    4.239783866400010e+01
  ],
  ""type"": ""Point""
}","{
  ""coordinates"": [
    -83.159458858,
    42.397838664
  ],
  ""type"": ""Point""
}",-83.1594588579999,42.3978386640001
17803,9211384,DEXTER,BUENA VISTA,2015-03-09,9,3,2015,16,2,1,9,,4,0,,1,1,1,30,4,1,1,5,0,0,0,0,true,,false,false,true,false,false,,,,,,false,false,false,,,false,false,false,false,false,-83.12955,42.38779,"{
  ""coordinates"": [
    -8.312954902199991e+01,
    4.238779247600010e+01
  ],
  ""type"": ""Point""
}","{
  ""coordinates"": [
    -83.129549022,
    42.387792476
  ],
  ""type"": ""Point""
}",-83.1295490219999,42.3877924760001
17804,9223125,I-75,DAVISON,2015-03-09,9,3,2015,18,2,5,1,,1,0,,1,1,1,70,5,2,2,5,0,0,0,0,true,,false,false,true,false,false,,,,,,false,false,false,,,false,false,false,false,false,-83.08162,42.41111,"{
  ""coordinates"": [
    -8.308161778200000e+01,
    4.241111018200010e+01
  ],
  ""type"": ""Point""
}","{
  ""coordinates"": [
    -83.081617782,
    42.411110182
  ],
  ""type"": ""Point""
}",-83.081617782,42.4111101820001
17805,9214861,ATWATER,CIVIC,2015-03-09,9,3,2015,22,2,5,9,,4,0,,1,1,5,25,2,2,2,5,0,0,0,0,true,,false,false,false,false,false,,,,,,false,true,false,,,false,false,false,false,false,-83.04594,42.32598,"{
  ""coordinates"": [
    -8.304593854399999e+01,
    4.232598188100010e+01
  ],
  ""type"": ""Point""
}","{
  ""coordinates"": [
    -83.045938544,
    42.325981881
  ],
  ""type"": ""Point""
}",-83.045938544,42.3259818810001
17806,9214700,I-96,I-75,2015-03-09,9,3,2015,9,2,8,1,,1,0,,1,2,1,55,4,2,1,5,0,0,0,0,true,,false,false,true,false,false,,,,,,false,false,false,,,false,false,false,false,false,-83.08612,42.32783,"{
  ""coordinates"": [
    -8.308612310699991e+01,
    4.232783088100010e+01
  ],
  ""type"": ""Point""
}","{
  ""coordinates"": [
    -83.086123107,
    42.327830881
  ],
  ""type"": ""Point""
}",-83.0861231069999,42.3278308810001
17807,9213685,10TH,FORT,2015-03-09,9,3,2015,22,2,4,3,,,0,,1,1,4,30,4,2,2,5,0,0,0,0,true,,false,false,false,false,false,,,,,,false,false,true,,,false,false,false,false,false,-83.06303,42.32401,"{
  ""coordinates"": [
    -8.306303436000000e+01,
    4.232401124700000e+01
  ],
  ""type"": ""Point""
}","{
  ""coordinates"": [
    -83.06303436,
    42.324011247
  ],
  ""type"": ""Point""
}",-83.06303436,42.324011247
17808,9216062,VERNOR,SPRINGWELLS,2015-03-09,9,3,2015,11,2,7,9,,4,0,,1,1,1,35,4,2,3,5,0,0,0,0,true,,false,false,false,false,false,,,,,,false,false,false,,,false,false,false,false,false,-83.12704,42.3115,"{
  ""coordinates"": [
    -8.312704783600000e+01,
    4.231150170500010e+01
  ],
  ""type"": ""Point""
}","{
  ""coordinates"": [
    -83.127047836,
    42.311501705
  ],
  ""type"": ""Point""
}",-83.127047836,42.3115017050001
17809,9211387,8 MILE,DEQUINDRE,2015-03-09,9,3,2015,13,2,4,3,,1,0,,1,1,1,40,8,2,3,5,0,0,0,0,true,,false,false,false,false,false,,,,,,false,true,false,,,false,false,false,false,false,-83.08152,42.44705,"{
  ""coordinates"": [
    -8.308151759400000e+01,
    4.244704742700000e+01
  ],
  ""type"": ""Point""
}","{
  ""coordinates"": [
    -83.081517594,
    42.447047427
  ],
  ""type"": ""Point""
}",-83.081517594,42.447047427
17810,9209286,I-94,CADIEAUX,2015-03-09,9,3,2015,6,2,97,1,,1,0,,1,1,4,55,3,2,1,5,0,0,0,0,true,,false,false,true,false,false,,,,,,false,false,false,,,false,false,false,false,false,-82.94081,42.41488,"{
  ""coordinates"": [
    -8.294081072700000e+01,
    4.241488076300000e+01
  ],
  ""type"": ""Point""
}","{
  ""coordinates"": [
    -82.940810727,
    42.414880763
  ],
  ""type"": ""Point""
}",-82.940810727,42.414880763
17811,9211390,ROSA PARKS,PILGRIM,2015-03-09,9,3,2015,21,2,8,9,,4,0,,1,1,4,25,2,2,0,5,0,0,0,0,true,,false,false,true,false,false,,,,,,false,false,false,,,false,false,false,false,false,-83.11807,42.40752,"{
  ""coordinates"": [
    -8.311807184799990e+01,
    4.240751660900000e+01
  ],
  ""type"": ""Point""
}","{
  ""coordinates"": [
    -83.118071848,
    42.407516609
  ],
  ""type"": ""Point""
}",-83.1180718479999,42.407516609
17812,9211389,S M 10,WYOMING,2015-03-09,9,3,2015,13,2,1,3,,1,0,,1,1,1,55,3,1,1,5,0,0,0,0,true,,false,false,false,false,false,,,,,,false,true,false,,,false,false,false,false,false,-83.16045,42.40541,"{
  ""coordinates"": [
    -8.316044688499990e+01,
    4.240540512000010e+01
  ],
  ""type"": ""Point""
}","{
  ""coordinates"": [
    -83.160446885,
    42.40540512
  ],
  ""type"": ""Point""
}",-83.1604468849999,42.4054051200001
17813,9211369,GRATIOT,BURNS,2015-03-09,9,3,2015,10,2,4,3,,1,0,,1,1,1,35,7,3,5,3,0,0,1,0,false,,false,false,false,false,false,,,,,,false,false,true,,,false,false,false,false,false,-83.01107,42.38428,"{
  ""coordinates"": [
    -8.301106689100000e+01,
    4.238428683100010e+01
  ],
  ""type"": ""Point""
}","{
  ""coordinates"": [
    -83.011066891,
    42.384286831
  ],
  ""type"": ""Point""
}",-83.011066891,42.3842868310001
17814,9213683,CONGRESS,BRUSH,2015-03-09,9,3,2015,14,2,97,9,,4,0,,1,1,1,30,5,2,2,5,0,0,0,0,true,,false,false,false,false,false,,,,,,false,false,false,,,false,false,false,false,false,-83.04195,42.33186,"{
  ""coordinates"": [
    -8.304195196599990e+01,
    4.233185928100000e+01
  ],
  ""type"": ""Point""
}","{
  ""coordinates"": [
    -83.041951966,
    42.331859281
  ],
  ""type"": ""Point""
}",-83.0419519659999,42.331859281
17815,9265075,GREENFIELD,8 MILE,2015-03-09,9,3,2015,2,2,8,7,,1,0,,1,1,4,35,4,2,1,5,0,0,0,0,true,,false,false,true,false,false,,,,,,false,false,true,,,false,false,false,false,false,-83.20052,42.44481,"{
  ""coordinates"": [
    -8.320051381199990e+01,
    4.244481146900010e+01
  ],
  ""type"": ""Point""
}","{
  ""coordinates"": [
    -83.200513812,
    42.444811469
  ],
  ""type"": ""Point""
}",-83.2005138119999,42.4448114690001
17816,9214975,8 MILE,GROSBECK,2015-03-09,9,3,2015,19,2,5,3,,1,0,,1,1,4,40,4,2,2,4,0,0,0,1,false,,false,false,false,false,false,,,,,,false,false,false,,,false,false,false,false,false,-83.00381,42.44888,"{
  ""coordinates"": [
    -8.300380383399990e+01,
    4.244887354400000e+01
  ],
  ""type"": ""Point""
}","{
  ""coordinates"": [
    -83.003803834,
    42.448873544
  ],
  ""type"": ""Point""
}",-83.0038038339999,42.448873544
17817,9212896,BIRCHCREST,7 MILE,2015-03-09,9,3,2015,2,2,5,9,,,0,,1,1,4,25,2,2,0,5,0,0,0,0,true,,false,false,true,false,false,,,,,,false,false,false,,,false,false,false,false,false,-83.1373,42.43168,"{
  ""coordinates"": [
    -8.313730146800000e+01,
    4.243167721800010e+01
  ],
  ""type"": ""Point""
}","{
  ""coordinates"": [
    -83.137301468,
    42.431677218
  ],
  ""type"": ""Point""
}",-83.137301468,42.4316772180001
17818,9210221,CASS,WARREN,2015-03-09,9,3,2015,17,2,5,9,,4,0,,1,1,1,30,2,2,2,5,0,0,0,0,true,,false,false,true,false,false,,,,,,false,true,false,,,false,false,false,false,false,-83.06654,42.35579,"{
  ""coordinates"": [
    -8.306653875400001e+01,
    4.235579172800000e+01
  ],
  ""type"": ""Point""
}","{
  ""coordinates"": [
    -83.066538754,
    42.355791728
  ],
  ""type"": ""Point""
}",-83.066538754,42.355791728
17819,9211378,GRAND RIVER,STAHELIN,2015-03-09,9,3,2015,6,2,9,3,,1,2,,3,1,4,35,6,2,1,4,0,0,0,1,false,,false,false,true,false,false,,,,,,false,false,false,,,false,false,false,false,false,-83.22639,42.40396,"{
  ""coordinates"": [
    -8.322638655299990e+01,
    4.240396083000010e+01
  ],
  ""type"": ""Point""
}","{
  ""coordinates"": [
    -83.226386553,
    42.40396083
  ],
  ""type"": ""Point""
}",-83.2263865529999,42.4039608300001
17820,9212914,WARREN,ANTHONY WAYNE,2015-03-09,9,3,2015,16,2,4,9,,4,0,,1,1,1,30,3,2,2,5,0,0,0,0,true,,false,false,false,false,false,,,,,,false,false,false,,,false,false,false,false,false,-83.07142,42.35458,"{
  ""coordinates"": [
    -8.307141612600000e+01,
    4.235458490800000e+01
  ],
  ""type"": ""Point""
}","{
  ""coordinates"": [
    -83.071416126,
    42.354584908
  ],
  ""type"": ""Point""
}",-83.071416126,42.354584908
17821,9210225,FOREST,CASS,2015-03-09,9,3,2015,10,2,4,9,,4,0,,1,1,1,25,2,2,1,5,0,0,0,0,true,,false,false,true,false,false,,,,,,false,false,false,,,false,false,false,false,false,-83.06503,42.35386,"{
  ""coordinates"": [
    -8.306503621699990e+01,
    4.235386279400010e+01
  ],
  ""type"": ""Point""
}","{
  ""coordinates"": [
    -83.065036217,
    42.353862794
  ],
  ""type"": ""Point""
}",-83.0650362169999,42.3538627940001
17822,9229210,MADDELEIN,KELLY,2015-03-09,9,3,2015,6,2,1,9,,,1,,3,5,4,25,3,1,3,4,0,0,0,2,false,,false,false,false,false,false,,,,,,false,false,true,,,false,false,false,false,false,-82.95187,42.43641,"{
  ""coordinates"": [
    -8.295187574200000e+01,
    4.243640933900010e+01
  ],
  ""type"": ""Point""
}","{
  ""coordinates"": [
    -82.951875742,
    42.436409339
  ],
  ""type"": ""Point""
}",-82.951875742,42.4364093390001
17823,9217075,N I 75,MICHIGAN,2015-03-09,9,3,2015,5,2,1,1,,1,1,,3,1,4,55,2,1,1,4,0,0,0,1,false,,false,false,false,false,false,,,,,,false,false,false,,,false,false,false,false,false,-83.0853,42.33081,"{
  ""coordinates"": [
    -8.308529517300001e+01,
    4.233080700400010e+01
  ],
  ""type"": ""Point""
}","{
  ""coordinates"": [
    -83.085295173,
    42.330807004
  ],
  ""type"": ""Point""
}",-83.085295173,42.3308070040001
17824,9211372,7 MILE,CALDWELL,2015-03-09,9,3,2015,19,2,97,9,,4,0,,1,1,1,35,2,2,4,5,0,0,0,0,true,,false,false,false,false,false,,,,,,false,false,true,,,false,false,false,false,false,-83.04707,42.43349,"{
  ""coordinates"": [
    -8.304706513199990e+01,
    4.243348758400000e+01
  ],
  ""type"": ""Point""
}","{
  ""coordinates"": [
    -83.047065132,
    42.433487584
  ],
  ""type"": ""Point""
}",-83.0470651319999,42.433487584
17825,9216042,LIDDESDALE,TORONTO,2015-03-09,9,3,2015,16,2,4,9,,,0,,1,1,1,25,2,2,2,4,0,0,0,2,false,,true,false,false,false,false,,,,,,false,false,true,,,false,false,false,false,false,-83.15006,42.27679,"{
  ""coordinates"": [
    -8.315006059000000e+01,
    4.227679052200010e+01
  ],
  ""type"": ""Point""
}","{
  ""coordinates"": [
    -83.15006059,
    42.276790522
  ],
  ""type"": ""Point""
}",-83.15006059,42.2767905220001
17826,9214734,I-375,LAFAYETTE,2015-03-09,9,3,2015,12,2,5,1,,1,0,,1,1,1,55,3,2,3,5,0,0,0,0,true,,false,false,false,false,false,,,,,,false,false,false,,,false,false,false,false,false,-83.03825,42.3361,"{
  ""coordinates"": [
    -8.303824479600000e+01,
    4.233609802000010e+01
  ],
  ""type"": ""Point""
}","{
  ""coordinates"": [
    -83.038244796,
    42.33609802
  ],
  ""type"": ""Point""
}",-83.038244796,42.3360980200001
17827,9218951,E I 96,RAMP 035E,2015-03-09,9,3,2015,9,2,8,1,,1,0,,1,1,1,55,5,2,1,5,0,0,0,0,true,,false,false,true,false,false,,,,,,false,false,false,,,false,false,false,false,false,-83.08337,42.32283,"{
  ""coordinates"": [
    -8.308336593500000e+01,
    4.232282731600000e+01
  ],
  ""type"": ""Point""
}","{
  ""coordinates"": [
    -83.083365935,
    42.322827316
  ],
  ""type"": ""Point""
}",-83.083365935,42.322827316
17828,9210238,7 MILE,PATTON,2015-03-09,9,3,2015,14,2,8,9,,2,0,,1,1,1,35,4,2,1,5,0,0,0,0,true,,false,false,true,false,false,,,,,,false,false,false,,,false,false,false,false,false,-83.24538,42.42941,"{
  ""coordinates"": [
    -8.324538019499990e+01,
    4.242941418800010e+01
  ],
  ""type"": ""Point""
}","{
  ""coordinates"": [
    -83.245380195,
    42.429414188
  ],
  ""type"": ""Point""
}",-83.2453801949999,42.4294141880001
17829,9217092,W I 96,GRAND RIVER,2015-03-09,9,3,2015,1,2,1,1,,1,1,,2,1,1,70,4,1,1,5,0,0,0,0,true,,false,false,false,false,false,,,,,,false,false,false,,,false,false,false,false,false,-83.17361,42.38435,"{
  ""coordinates"": [
    -8.317360768700000e+01,
    4.238434821500000e+01
  ],
  ""type"": ""Point""
}","{
  ""coordinates"": [
    -83.173607687,
    42.384348215
  ],
  ""type"": ""Point""
}",-83.173607687,42.384348215
17830,9211374,WARREN,MORAN,2015-03-09,9,3,2015,11,2,6,9,,4,0,,1,1,1,30,2,2,2,5,0,0,0,0,true,,false,false,false,false,false,,,,,,false,true,false,,,false,false,false,false,false,-83.03181,42.36896,"{
  ""coordinates"": [
    -8.303181173400000e+01,
    4.236895863300000e+01
  ],
  ""type"": ""Point""
}","{
  ""coordinates"": [
    -83.031811734,
    42.368958633
  ],
  ""type"": ""Point""
}",-83.031811734,42.368958633
17831,9210242,DAVISON,VAN DYKE,2015-03-09,9,3,2015,8,2,5,3,,4,0,,1,1,1,45,4,2,3,4,0,0,0,2,false,,false,false,true,false,false,,,,,,false,false,false,,,false,false,false,false,false,-83.02386,42.4236,"{
  ""coordinates"": [
    -8.302385998599991e+01,
    4.242360162300000e+01
  ],
  ""type"": ""Point""
}","{
  ""coordinates"": [
    -83.023859986,
    42.423601623
  ],
  ""type"": ""Point""
}",-83.0238599859999,42.423601623
17832,9211365,WARREN,S M 39 SERVICE DRIVE,2015-03-09,9,3,2015,12,2,4,9,,2,0,,1,1,1,40,4,2,2,5,0,0,0,0,true,,false,false,false,false,false,,,,,,false,false,false,,,false,false,false,false,false,-83.21653,42.34336,"{
  ""coordinates"": [
    -8.321652684599999e+01,
    4.234335843000010e+01
  ],
  ""type"": ""Point""
}","{
  ""coordinates"": [
    -83.216526846,
    42.34335843
  ],
  ""type"": ""Point""
}",-83.216526846,42.3433584300001
17833,9214900,GRAND RIVER,REDFORD,2015-03-09,9,3,2015,9,2,4,3,,1,0,,1,1,1,35,6,2,2,5,0,0,0,0,true,,true,false,false,false,false,,,,,,false,true,false,,,false,false,false,false,false,-83.25846,42.41682,"{
  ""coordinates"": [
    -8.325846008000001e+01,
    4.241681852200000e+01
  ],
  ""type"": ""Point""
}","{
  ""coordinates"": [
    -83.25846008,
    42.416818522
  ],
  ""type"": ""Point""
}",-83.25846008,42.416818522
17834,9217161,S M 10,S M 10 SERVICE DRIVE,2015-03-09,9,3,2015,21,2,5,3,,1,0,,1,1,4,55,6,2,1,4,0,0,0,1,false,,false,false,true,false,false,,,,,,false,false,false,,,false,false,false,false,false,-83.06685,42.34026,"{
  ""coordinates"": [
    -8.306684740299990e+01,
    4.234026033100000e+01
  ],
  ""type"": ""Point""
}","{
  ""coordinates"": [
    -83.066847403,
    42.340260331
  ],
  ""type"": ""Point""
}",-83.0668474029999,42.340260331
17835,9214741,W/B I-94,ROSA PARKS,2015-03-09,9,3,2015,6,2,5,1,,1,0,,3,1,4,55,3,2,2,5,0,0,0,0,true,,false,false,false,false,false,,,,,,false,false,false,,,false,false,false,false,false,-83.08514,42.35463,"{
  ""coordinates"": [
    -8.308514251400000e+01,
    4.235463231500010e+01
  ],
  ""type"": ""Point""
}","{
  ""coordinates"": [
    -83.085142514,
    42.354632315
  ],
  ""type"": ""Point""
}",-83.085142514,42.3546323150001
17836,9215891,I-94,ROSA PARKS,2015-03-09,9,3,2015,6,2,8,1,,1,0,,1,1,4,55,3,2,2,5,0,0,0,0,true,,false,false,false,false,false,,,,,,false,false,true,,,false,false,false,false,false,-83.08485,42.35473,"{
  ""coordinates"": [
    -8.308484611800000e+01,
    4.235472844400000e+01
  ],
  ""type"": ""Point""
}","{
  ""coordinates"": [
    -83.084846118,
    42.354728444
  ],
  ""type"": ""Point""
}",-83.084846118,42.354728444
17837,9214744,I-94,CONNER,2015-03-09,9,3,2015,15,2,8,1,,1,0,,2,1,1,55,3,2,2,5,0,0,0,0,true,,false,false,false,false,false,,,,,,false,false,false,,,false,false,false,false,false,-82.99106,42.39401,"{
  ""coordinates"": [
    -8.299105838199991e+01,
    4.239401119500010e+01
  ],
  ""type"": ""Point""
}","{
  ""coordinates"": [
    -82.991058382,
    42.394011195
  ],
  ""type"": ""Point""
}",-82.9910583819999,42.3940111950001
17838,9214988,RAMP 049C,S I 75 SERVICE DRIVE,2015-03-09,9,3,2015,8,2,1,1,,1,1,,3,1,1,30,3,1,1,4,0,0,0,1,false,,false,false,false,false,false,,,,,,false,false,false,,,false,false,false,false,false,-83.09532,42.43435,"{
  ""coordinates"": [
    -8.309532368600000e+01,
    4.243434578700000e+01
  ],
  ""type"": ""Point""
}","{
  ""coordinates"": [
    -83.095323686,
    42.434345787
  ],
  ""type"": ""Point""
}",-83.095323686,42.434345787
17839,9214742,E/B I-96,M-39,2015-03-09,9,3,2015,8,2,5,1,,1,0,,1,1,1,55,3,2,1,4,0,0,0,1,false,,false,false,true,false,false,,,,,,false,false,false,,,false,false,false,false,false,-83.21905,42.37856,"{
  ""coordinates"": [
    -8.321904499599999e+01,
    4.237856456500000e+01
  ],
  ""type"": ""Point""
}","{
  ""coordinates"": [
    -83.219044996,
    42.378564565
  ],
  ""type"": ""Point""
}",-83.219044996,42.378564565
17840,9210223,FOREST,WOODWARD,2015-03-09,9,3,2015,9,2,4,3,,4,0,,1,1,1,0,3,2,2,5,0,0,0,0,true,,false,false,false,false,false,,,,,,false,false,false,,,false,false,false,false,false,-83.06331,42.3546,"{
  ""coordinates"": [
    -8.306330755200000e+01,
    4.235460361000000e+01
  ],
  ""type"": ""Point""
}","{
  ""coordinates"": [
    -83.063307552,
    42.35460361
  ],
  ""type"": ""Point""
}",-83.063307552,42.35460361
17841,9210227,MILWAUKEE,WOODWARD,2015-03-09,9,3,2015,6,2,5,3,,4,0,,1,1,4,30,2,2,3,5,0,0,0,0,true,,false,false,false,false,false,,,,,,false,false,false,,,false,false,false,false,false,-83.07259,42.3691,"{
  ""coordinates"": [
    -8.307259719099990e+01,
    4.236910333200010e+01
  ],
  ""type"": ""Point""
}","{
  ""coordinates"": [
    -83.072597191,
    42.369103332
  ],
  ""type"": ""Point""
}",-83.0725971909999,42.3691033320001
17842,9618533,CHRYSLER,HOLBROOK,2015-03-09,9,3,2015,18,2,4,1,,4,0,,1,1,1,25,2,2,2,5,0,0,0,0,true,,true,true,false,false,false,,,,,,false,false,false,,,false,false,false,false,false,-83.06857,42.38628,"{
  ""coordinates"": [
    -8.306857150799991e+01,
    4.238627757000010e+01
  ],
  ""type"": ""Point""
}","{
  ""coordinates"": [
    -83.068571508,
    42.38627757
  ],
  ""type"": ""Point""
}",-83.0685715079999,42.3862775700001
17843,9233080,ROGGE,OUTER,2015-03-09,9,3,2015,17,2,97,9,,,0,,2,1,1,25,1,2,1,5,0,0,0,0,true,,false,false,true,false,false,,,,,,false,false,false,,,false,false,false,false,false,-83.0294,42.44127,"{
  ""coordinates"": [
    -8.302939443900000e+01,
    4.244127318100000e+01
  ],
  ""type"": ""Point""
}","{
  ""coordinates"": [
    -83.029394439,
    42.441273181
  ],
  ""type"": ""Point""
}",-83.029394439,42.441273181
17844,9233083,GRATOIT,MCLELLAN,2015-03-08,8,3,2015,17,1,5,3,,1,0,,1,1,1,35,7,2,4,5,0,0,0,0,true,,false,false,false,false,false,,,,,,false,true,false,,,false,false,false,false,false,-83.00705,42.39037,"{
  ""coordinates"": [
    -8.300705000700000e+01,
    4.239036419100010e+01
  ],
  ""type"": ""Point""
}","{
  ""coordinates"": [
    -83.007050007,
    42.390364191
  ],
  ""type"": ""Point""
}",-83.007050007,42.3903641910001
17845,9230832,DRAGOON,ARMY,2015-03-08,8,3,2015,11,1,97,9,,4,0,,1,1,1,15,2,1,2,5,0,0,0,0,true,,false,false,true,false,false,,,,,,false,false,false,,,false,false,false,false,false,-83.10493,42.31087,"{
  ""coordinates"": [
    -8.310493710899991e+01,
    4.231087530200010e+01
  ],
  ""type"": ""Point""
}","{
  ""coordinates"": [
    -83.104937109,
    42.310875302
  ],
  ""type"": ""Point""
}",-83.1049371089999,42.3108753020001
17846,9214974,OUTER,EASTWOOD,2015-03-08,8,3,2015,2,1,5,9,,2,0,,1,1,1,35,4,2,2,5,0,0,0,0,true,,false,false,false,false,false,,,,,,false,true,false,,,false,false,false,false,false,-83.01454,42.43279,"{
  ""coordinates"": [
    -8.301454518900000e+01,
    4.243279359600010e+01
  ],
  ""type"": ""Point""
}","{
  ""coordinates"": [
    -83.014545189,
    42.432793596
  ],
  ""type"": ""Point""
}",-83.014545189,42.4327935960001
17847,9210265,CURTIS,SANTA BARBARA,2015-03-08,8,3,2015,18,1,4,9,,4,0,,1,1,1,25,3,2,2,5,0,0,0,0,true,,true,false,false,false,false,,,,,,false,true,true,,,false,false,false,false,false,-83.14911,42.42431,"{
  ""coordinates"": [
    -8.314911149800000e+01,
    4.242430844600010e+01
  ],
  ""type"": ""Point""
}","{
  ""coordinates"": [
    -83.149111498,
    42.424308446
  ],
  ""type"": ""Point""
}",-83.149111498,42.4243084460001
17848,9229209,7 MILE,HAMBURG,2015-03-08,8,3,2015,16,1,97,9,,4,0,,2,1,4,30,4,2,0,3,0,0,1,0,false,,false,false,true,false,false,,,,,,true,false,false,,,false,false,false,false,false,-82.99721,42.43464,"{
  ""coordinates"": [
    -8.299720507799999e+01,
    4.243464078100000e+01
  ],
  ""type"": ""Point""
}","{
  ""coordinates"": [
    -82.997205078,
    42.434640781
  ],
  ""type"": ""Point""
}",-82.997205078,42.434640781
17849,9211362,PLYMOUTH,GREENFIELD,2015-03-08,8,3,2015,23,1,97,9,,4,0,,1,1,5,35,2,2,3,5,0,0,0,0,true,,true,true,true,false,false,,,,,,false,false,false,,,false,false,false,false,false,-83.19756,42.37256,"{
  ""coordinates"": [
    -8.319755199799989e+01,
    4.237255834800000e+01
  ],
  ""type"": ""Point""
}","{
  ""coordinates"": [
    -83.197551998,
    42.372558348
  ],
  ""type"": ""Point""
}",-83.1975519979999,42.372558348