ObjectId,Crash ID,Primary Road,Intersecting Road,Crash Date,Day,Month,Year,Hour,Weekday,Crash Type Code,Highway Classification Code,Community Code,Jurisdiction Code,Lane Departure Type Code,Surface Type,Road Condition,Weather Condition,Lighting Condition,Speed Limit,Lanes,Units,Occupants,Most Severe Injury,Fatal Injuries,Suspected Serious Injuries,Suspected Minor Injuries,Possible Injuries,Property Damage Only,Secondary Crash,Traffic Control,Red Light Run,Hit and Run,Alcohol,Drugs,Unbelted Person,Work Zone,Speeding Driver,Distracted Driver,Driveway,Pedestrian,Elderly Driver,Young Driver,Commercial Vehicle,Emergency Vehicles,Train,School Bus,Motorcycle,Bicycle,Deer,Longitude,Latitude,geom,geog,x,y
17850,9209375,JUNCTION,MERRITT,2015-03-08,8,3,2015,17,1,1,9,,4,1,,1,2,1,25,2,4,0,2,0,1,2,0,false,,false,false,true,false,false,,,,,,true,false,false,,,false,false,false,false,false,-83.1058,42.32332,"{
  ""coordinates"": [
    -8.310579359400000e+01,
    4.232332206900000e+01
  ],
  ""type"": ""Point""
}","{
  ""coordinates"": [
    -83.105793594,
    42.323322069
  ],
  ""type"": ""Point""
}",-83.105793594,42.323322069
17851,9209365,JEFFERSON,SHELBY,2015-03-08,8,3,2015,10,1,97,9,,5,0,,1,1,1,30,3,2,4,5,0,0,0,0,true,,false,false,false,false,false,,,,,,false,true,false,,,false,false,false,false,false,-83.04704,42.32781,"{
  ""coordinates"": [
    -8.304703420899990e+01,
    4.232781237700000e+01
  ],
  ""type"": ""Point""
}","{
  ""coordinates"": [
    -83.047034209,
    42.327812377
  ],
  ""type"": ""Point""
}",-83.0470342089999,42.327812377
17852,9216061,SMART,TRENTON,2015-03-08,8,3,2015,,1,1,9,,,1,,4,5,98,10,1,1,1,5,0,0,0,0,true,,false,false,false,false,false,,,,,,false,false,false,,,false,false,false,false,false,-83.15238,42.33672,"{
  ""coordinates"": [
    -8.315237867699990e+01,
    4.233671818700000e+01
  ],
  ""type"": ""Point""
}","{
  ""coordinates"": [
    -83.152378677,
    42.336718187
  ],
  ""type"": ""Point""
}",-83.1523786769999,42.336718187
17853,9229936,GRINNELL,MCCLELLAN,2015-03-08,8,3,2015,0,1,97,9,,4,0,,1,1,4,25,4,2,0,5,0,0,0,0,true,,false,false,true,false,false,,,,,,false,false,false,,,false,false,false,false,false,-83.01423,42.40103,"{
  ""coordinates"": [
    -8.301422960199990e+01,
    4.240102861300010e+01
  ],
  ""type"": ""Point""
}","{
  ""coordinates"": [
    -83.014229602,
    42.401028613
  ],
  ""type"": ""Point""
}",-83.0142296019999,42.4010286130001
17854,9214860,FOURTH,GRAND,2015-03-08,8,3,2015,0,1,5,9,,,0,,1,1,5,25,2,2,1,5,0,0,0,0,true,,false,false,false,false,false,,,,,,false,false,true,,,false,false,false,false,false,-83.06609,42.34385,"{
  ""coordinates"": [
    -8.306609272000000e+01,
    4.234384573800000e+01
  ],
  ""type"": ""Point""
}","{
  ""coordinates"": [
    -83.06609272,
    42.343845738
  ],
  ""type"": ""Point""
}",-83.06609272,42.343845738
17855,9217071,I-75,MACK,2015-03-08,8,3,2015,3,1,1,1,,1,1,,1,1,4,55,4,1,0,5,0,0,0,0,true,,false,false,true,false,false,,,,,,false,false,false,,,false,false,false,false,false,-83.04794,42.35086,"{
  ""coordinates"": [
    -8.304793196299990e+01,
    4.235086073500000e+01
  ],
  ""type"": ""Point""
}","{
  ""coordinates"": [
    -83.047931963,
    42.350860735
  ],
  ""type"": ""Point""
}",-83.0479319629999,42.350860735
17856,9210096,I-75,8 MILE,2015-03-08,8,3,2015,14,1,5,1,,1,0,,1,1,1,55,3,2,2,5,0,0,0,0,true,,false,false,false,false,false,,,,,,false,false,true,,,false,false,false,false,false,-83.09467,42.44652,"{
  ""coordinates"": [
    -8.309466940700000e+01,
    4.244652037500000e+01
  ],
  ""type"": ""Point""
}","{
  ""coordinates"": [
    -83.094669407,
    42.446520375
  ],
  ""type"": ""Point""
}",-83.094669407,42.446520375
17857,9227628,GRATIOT,HOUSTON WHITTIER,2015-03-08,8,3,2015,23,1,4,3,,1,0,,1,1,4,35,7,2,6,5,0,0,0,0,true,,false,false,true,false,false,,,,,,false,false,false,,,false,false,false,false,false,-82.98737,42.42037,"{
  ""coordinates"": [
    -8.298737177800000e+01,
    4.242036904100010e+01
  ],
  ""type"": ""Point""
}","{
  ""coordinates"": [
    -82.987371778,
    42.420369041
  ],
  ""type"": ""Point""
}",-82.987371778,42.4203690410001
17858,9207084,CURTIS,WISCONSIN,2015-03-08,8,3,2015,3,1,4,9,,4,0,,2,1,5,30,2,2,1,5,0,0,0,0,true,,false,false,true,false,false,,,,,,false,false,true,,,false,false,false,false,false,-83.15754,42.42421,"{
  ""coordinates"": [
    -8.315753947300000e+01,
    4.242421204300010e+01
  ],
  ""type"": ""Point""
}","{
  ""coordinates"": [
    -83.157539473,
    42.424212043
  ],
  ""type"": ""Point""
}",-83.157539473,42.4242120430001
17859,9209391,N I 75,RAMP 043A,2015-03-08,8,3,2015,3,1,8,1,,1,0,,1,1,4,55,4,2,4,4,0,0,0,2,false,,false,false,false,false,false,,,,,,false,false,false,,,false,false,false,false,false,-83.04657,42.34931,"{
  ""coordinates"": [
    -8.304657327000000e+01,
    4.234931119500000e+01
  ],
  ""type"": ""Point""
}","{
  ""coordinates"": [
    -83.04657327,
    42.349311195
  ],
  ""type"": ""Point""
}",-83.04657327,42.349311195
17860,9215923,I-94,CONNER,2015-03-08,8,3,2015,16,1,97,1,,1,0,,2,1,1,55,3,2,3,5,0,0,0,0,true,,false,false,false,false,false,,,,,,false,false,false,,,false,false,false,false,false,-82.99106,42.39401,"{
  ""coordinates"": [
    -8.299105838199991e+01,
    4.239401119500010e+01
  ],
  ""type"": ""Point""
}","{
  ""coordinates"": [
    -82.991058382,
    42.394011195
  ],
  ""type"": ""Point""
}",-82.9910583819999,42.3940111950001
17861,9216059,LAWNDALE,MICHIGAN,2015-03-08,8,3,2015,16,1,8,2,,,0,,1,1,1,25,2,2,0,5,0,0,0,0,true,,false,false,true,false,false,,,,,,false,false,false,,,false,false,false,false,false,-83.14878,42.33013,"{
  ""coordinates"": [
    -8.314878208499989e+01,
    4.233012954800010e+01
  ],
  ""type"": ""Point""
}","{
  ""coordinates"": [
    -83.148782085,
    42.330129548
  ],
  ""type"": ""Point""
}",-83.1487820849999,42.3301295480001
17862,9235591,I75,SCHAEFER,2015-03-08,8,3,2015,3,1,1,1,,1,1,,1,1,4,70,4,1,1,5,0,0,0,0,true,,false,false,true,false,false,,,,,,false,false,false,,,false,false,false,false,false,-83.15799,42.27658,"{
  ""coordinates"": [
    -8.315798975099990e+01,
    4.227657902300010e+01
  ],
  ""type"": ""Point""
}","{
  ""coordinates"": [
    -83.157989751,
    42.276579023
  ],
  ""type"": ""Point""
}",-83.1579897509999,42.2765790230001
17863,9214973,DEQUINDRE,CONANT,2015-03-08,8,3,2015,13,1,9,3,,4,0,,1,1,1,35,1,2,3,5,0,0,0,0,true,,true,true,false,false,false,,,,,,false,false,true,,,false,false,false,false,false,-83.08333,42.44664,"{
  ""coordinates"": [
    -8.308333032600000e+01,
    4.244664059500010e+01
  ],
  ""type"": ""Point""
}","{
  ""coordinates"": [
    -83.083330326,
    42.446640595
  ],
  ""type"": ""Point""
}",-83.083330326,42.4466405950001
17864,9209372,JEFFERSON,RANDOLPH,2015-03-08,8,3,2015,4,1,97,4,,1,0,,1,1,4,35,4,2,1,5,0,0,0,0,true,,false,false,false,false,false,,,,,,false,false,false,,,false,false,false,false,false,-83.0418,42.32967,"{
  ""coordinates"": [
    -8.304180339999991e+01,
    4.232966845000000e+01
  ],
  ""type"": ""Point""
}","{
  ""coordinates"": [
    -83.0418034,
    42.32966845
  ],
  ""type"": ""Point""
}",-83.0418033999999,42.32966845
17865,9210232,MCNICHOLS,GREENFIELD,2015-03-08,8,3,2015,16,1,8,9,,2,0,,1,1,1,35,6,2,2,5,0,0,0,0,true,,false,false,true,false,false,,,,,,false,false,false,,,false,false,false,false,false,-83.19935,42.41598,"{
  ""coordinates"": [
    -8.319934676199991e+01,
    4.241598075800000e+01
  ],
  ""type"": ""Point""
}","{
  ""coordinates"": [
    -83.199346762,
    42.415980758
  ],
  ""type"": ""Point""
}",-83.1993467619999,42.415980758
17866,9341154,DUCHESS,GRAYTON,2015-03-08,8,3,2015,0,1,4,9,,,0,,1,2,4,25,2,2,4,1,1,2,1,0,false,,false,false,true,true,false,,,,,,false,false,true,,,false,false,false,false,false,-82.95734,42.42347,"{
  ""coordinates"": [
    -8.295734743700000e+01,
    4.242346829600010e+01
  ],
  ""type"": ""Point""
}","{
  ""coordinates"": [
    -82.957347437,
    42.423468296
  ],
  ""type"": ""Point""
}",-82.957347437,42.4234682960001
17867,9216054,JUNCTION,MERRITT,2015-03-08,8,3,2015,17,1,1,9,,4,0,,1,1,1,25,2,4,0,2,0,3,0,0,false,,false,false,true,false,false,,,,,,true,false,false,,,false,false,false,false,false,-83.10558,42.32303,"{
  ""coordinates"": [
    -8.310558087000000e+01,
    4.232302758600010e+01
  ],
  ""type"": ""Point""
}","{
  ""coordinates"": [
    -83.10558087,
    42.323027586
  ],
  ""type"": ""Point""
}",-83.10558087,42.3230275860001
17868,9214936,DAVISON,HASSE,2015-03-08,8,3,2015,1,1,1,9,,4,0,,1,2,4,35,6,2,0,3,0,0,1,0,false,,false,false,true,false,false,,,,,,true,false,false,,,false,false,false,false,false,-83.0554,42.41782,"{
  ""coordinates"": [
    -8.305540496299990e+01,
    4.241781985700000e+01
  ],
  ""type"": ""Point""
}","{
  ""coordinates"": [
    -83.055404963,
    42.417819857
  ],
  ""type"": ""Point""
}",-83.0554049629999,42.417819857
17869,9215934,I-75,SIX MILE,2015-03-08,8,3,2015,23,1,97,1,,1,0,,1,1,98,70,4,2,1,5,0,0,0,0,true,,false,false,true,false,false,,,,,,false,false,false,,,false,false,false,false,false,-83.07607,42.40657,"{
  ""coordinates"": [
    -8.307606400700000e+01,
    4.240656834300010e+01
  ],
  ""type"": ""Point""
}","{
  ""coordinates"": [
    -83.076064007,
    42.406568343
  ],
  ""type"": ""Point""
}",-83.076064007,42.4065683430001
17870,9209409,MCNICHOLS,TRACEY,2015-03-08,8,3,2015,17,1,9,9,,2,2,,1,1,1,30,2,2,2,4,0,0,0,1,false,,false,false,false,false,false,,,,,,false,false,true,,,false,false,false,false,false,-83.18105,42.41657,"{
  ""coordinates"": [
    -8.318105390300001e+01,
    4.241656697600010e+01
  ],
  ""type"": ""Point""
}","{
  ""coordinates"": [
    -83.181053903,
    42.416566976
  ],
  ""type"": ""Point""
}",-83.181053903,42.4165669760001
17871,9206981,CICOTTE,OTIS,2015-03-08,8,3,2015,4,1,4,9,,,0,,1,1,4,25,2,2,1,4,0,0,0,1,false,,false,false,true,false,false,,,,,,false,false,true,,,false,false,false,false,false,-83.11928,42.32504,"{
  ""coordinates"": [
    -8.311927448499991e+01,
    4.232504386300010e+01
  ],
  ""type"": ""Point""
}","{
  ""coordinates"": [
    -83.119274485,
    42.325043863
  ],
  ""type"": ""Point""
}",-83.1192744849999,42.3250438630001
17872,9209387,MT ELLIOTT,WARREN,2015-03-08,8,3,2015,11,1,4,9,,4,0,,1,1,1,30,2,2,2,5,0,0,0,0,true,,true,true,false,false,false,,,,,,false,false,false,,,false,false,false,false,false,-83.02765,42.37047,"{
  ""coordinates"": [
    -8.302764643599990e+01,
    4.237047182900010e+01
  ],
  ""type"": ""Point""
}","{
  ""coordinates"": [
    -83.027646436,
    42.370471829
  ],
  ""type"": ""Point""
}",-83.0276464359999,42.3704718290001
17873,9227589,STAHELIN,SAWYER,2015-03-08,8,3,2015,14,1,5,9,,,0,,3,1,1,25,1,2,8,5,0,0,0,0,true,,false,false,true,false,false,,,,,,false,false,false,,,false,false,false,false,false,-83.22446,42.34701,"{
  ""coordinates"": [
    -8.322445417300000e+01,
    4.234701173000010e+01
  ],
  ""type"": ""Point""
}","{
  ""coordinates"": [
    -83.224454173,
    42.34701173
  ],
  ""type"": ""Point""
}",-83.224454173,42.3470117300001
17874,9213724,MCGRAW,BANGOR,2015-03-08,8,3,2015,16,1,8,9,,4,0,,97,98,98,35,2,2,1,5,0,0,0,0,true,,false,false,true,false,false,,,,,,false,false,false,,,false,false,false,false,false,-83.11105,42.3474,"{
  ""coordinates"": [
    -8.311104776699990e+01,
    4.234740481500010e+01
  ],
  ""type"": ""Point""
}","{
  ""coordinates"": [
    -83.111047767,
    42.347404815
  ],
  ""type"": ""Point""
}",-83.1110477669999,42.3474048150001
17875,9209384,WARREN,ABINGTON,2015-03-08,8,3,2015,2,1,6,9,,2,0,,1,1,5,25,2,2,2,5,0,0,0,0,true,,false,false,false,false,false,,,,,,false,false,true,,,false,false,false,false,false,-83.20911,42.34348,"{
  ""coordinates"": [
    -8.320911563899990e+01,
    4.234348229500010e+01
  ],
  ""type"": ""Point""
}","{
  ""coordinates"": [
    -83.209115639,
    42.343482295
  ],
  ""type"": ""Point""
}",-83.2091156389999,42.3434822950001
17876,9233085,BENITEAU,WARREN,2015-03-08,8,3,2015,8,1,8,9,,,0,,3,98,1,25,2,2,0,5,0,0,0,0,true,,false,false,true,false,false,,,,,,false,false,false,,,false,false,false,false,false,-82.98511,42.38681,"{
  ""coordinates"": [
    -8.298511102600000e+01,
    4.238680736600000e+01
  ],
  ""type"": ""Point""
}","{
  ""coordinates"": [
    -82.985111026,
    42.386807366
  ],
  ""type"": ""Point""
}",-82.985111026,42.386807366
17877,9221087,WOODBINE,FLORENCE,2015-03-08,8,3,2015,0,1,5,9,,,0,,2,1,4,25,2,2,2,5,0,0,0,0,true,,false,false,false,true,false,,,,,,false,false,false,,,false,false,false,false,false,-83.27811,42.40947,"{
  ""coordinates"": [
    -8.327811420400000e+01,
    4.240946989200010e+01
  ],
  ""type"": ""Point""
}","{
  ""coordinates"": [
    -83.278114204,
    42.409469892
  ],
  ""type"": ""Point""
}",-83.278114204,42.4094698920001
17878,9217076,I-75,EIGHT MILE,2015-03-08,8,3,2015,13,1,1,1,,1,1,,2,1,1,70,4,1,1,5,0,0,0,0,true,,false,false,false,false,false,,,,,,false,false,true,,,false,false,false,false,false,-83.09488,42.44598,"{
  ""coordinates"": [
    -8.309488073400000e+01,
    4.244597902500000e+01
  ],
  ""type"": ""Point""
}","{
  ""coordinates"": [
    -83.094880734,
    42.445979025
  ],
  ""type"": ""Point""
}",-83.094880734,42.445979025
17879,9212866,FERGUSON,MCNICHOLS,2015-03-08,8,3,2015,23,1,1,9,,,1,,3,1,4,25,2,1,1,5,0,0,0,0,true,,false,false,false,false,false,,,,,,false,false,true,,,false,false,false,false,false,-83.21002,42.41571,"{
  ""coordinates"": [
    -8.321001946699990e+01,
    4.241571271100000e+01
  ],
  ""type"": ""Point""
}","{
  ""coordinates"": [
    -83.210019467,
    42.415712711
  ],
  ""type"": ""Point""
}",-83.2100194669999,42.415712711
17880,9217072,I-75,7 MILE,2015-03-08,8,3,2015,4,1,97,1,,1,0,,1,2,4,70,4,3,4,5,0,0,0,0,true,,false,false,true,false,false,,,,,,false,false,true,,,false,false,false,false,false,-83.09458,42.43193,"{
  ""coordinates"": [
    -8.309458327899991e+01,
    4.243193386700010e+01
  ],
  ""type"": ""Point""
}","{
  ""coordinates"": [
    -83.094583279,
    42.431933867
  ],
  ""type"": ""Point""
}",-83.0945832789999,42.4319338670001
17881,9214937,CONANT,MACKAY,2015-03-08,8,3,2015,5,1,1,9,,4,1,,1,1,4,35,2,1,1,5,0,0,0,0,true,,false,false,false,false,false,,,,,,false,false,false,,,false,false,false,false,false,-83.07633,42.43663,"{
  ""coordinates"": [
    -8.307632984500000e+01,
    4.243662604600010e+01
  ],
  ""type"": ""Point""
}","{
  ""coordinates"": [
    -83.076329845,
    42.436626046
  ],
  ""type"": ""Point""
}",-83.076329845,42.4366260460001
17882,9209396,COOPER,BARKER,2015-03-08,8,3,2015,18,1,5,9,,,0,,1,1,1,25,1,2,0,5,0,0,0,0,true,,false,false,true,false,false,,,,,,false,false,false,,,false,false,false,false,false,-83.00156,42.3852,"{
  ""coordinates"": [
    -8.300155333600000e+01,
    4.238520186800010e+01
  ],
  ""type"": ""Point""
}","{
  ""coordinates"": [
    -83.001553336,
    42.385201868
  ],
  ""type"": ""Point""
}",-83.001553336,42.3852018680001
17883,9210234,SEVEN MILE,OAKFIELD,2015-03-08,8,3,2015,0,1,4,9,,2,0,,1,1,4,35,4,2,2,4,0,0,0,1,false,,false,false,true,false,false,,,,,,false,false,false,,,false,false,false,false,false,-83.21501,42.43013,"{
  ""coordinates"": [
    -8.321501412000001e+01,
    4.243013240400010e+01
  ],
  ""type"": ""Point""
}","{
  ""coordinates"": [
    -83.21501412,
    42.430132404
  ],
  ""type"": ""Point""
}",-83.21501412,42.4301324040001
17884,9217160,COLFAX,TIREMAN,2015-03-08,8,3,2015,7,1,97,9,,,0,,1,1,1,35,2,2,0,3,0,0,1,0,false,,false,false,true,false,false,,,,,,true,false,false,,,false,false,false,false,false,-83.12824,42.35192,"{
  ""coordinates"": [
    -8.312823894900001e+01,
    4.235192620100000e+01
  ],
  ""type"": ""Point""
}","{
  ""coordinates"": [
    -83.128238949,
    42.351926201
  ],
  ""type"": ""Point""
}",-83.128238949,42.351926201
17885,9215962,I-94,CASS,2015-03-08,8,3,2015,11,1,1,1,,1,1,,1,1,1,55,3,1,1,5,0,0,0,0,true,,false,false,false,false,false,,,,,,false,false,false,,,false,false,false,false,false,-83.06908,42.36367,"{
  ""coordinates"": [
    -8.306907828300000e+01,
    4.236367045100010e+01
  ],
  ""type"": ""Point""
}","{
  ""coordinates"": [
    -83.069078283,
    42.363670451
  ],
  ""type"": ""Point""
}",-83.069078283,42.3636704510001
17886,9209378,OUTER,AUDUBON,2015-03-08,8,3,2015,4,1,5,9,,2,0,,1,1,4,35,2,2,0,5,0,0,0,0,true,,false,false,true,false,false,,,,,,false,false,false,,,false,false,false,false,false,-82.9416,42.408,"{
  ""coordinates"": [
    -8.294160209499999e+01,
    4.240799849800000e+01
  ],
  ""type"": ""Point""
}","{
  ""coordinates"": [
    -82.941602095,
    42.407998498
  ],
  ""type"": ""Point""
}",-82.941602095,42.407998498
17887,9210254,7 MILE,GREENFIELD,2015-03-08,8,3,2015,9,1,5,9,,2,0,,1,1,1,30,4,2,2,5,0,0,0,0,true,,false,false,false,false,false,,,,,,false,false,false,,,false,false,false,false,false,-83.19987,42.43042,"{
  ""coordinates"": [
    -8.319986535699999e+01,
    4.243042050400000e+01
  ],
  ""type"": ""Point""
}","{
  ""coordinates"": [
    -83.199865357,
    42.430420504
  ],
  ""type"": ""Point""
}",-83.199865357,42.430420504
17888,9215963,I-75,HOLBROOK,2015-03-08,8,3,2015,15,1,5,1,,1,0,,1,1,1,70,4,3,3,5,0,0,0,0,true,,false,false,false,false,false,,,,,,false,true,false,,,false,false,false,false,false,-83.06728,42.38533,"{
  ""coordinates"": [
    -8.306727769900000e+01,
    4.238533232100010e+01
  ],
  ""type"": ""Point""
}","{
  ""coordinates"": [
    -83.067277699,
    42.385332321
  ],
  ""type"": ""Point""
}",-83.067277699,42.3853323210001
17889,9216028,MONROE,BEAUBIEN,2015-03-08,8,3,2015,15,1,8,9,,4,0,,1,1,1,25,2,2,2,5,0,0,0,0,true,,false,false,false,false,false,,,,,,false,false,false,,,false,false,false,false,false,-83.04241,42.33497,"{
  ""coordinates"": [
    -8.304241379500000e+01,
    4.233497080100010e+01
  ],
  ""type"": ""Point""
}","{
  ""coordinates"": [
    -83.042413795,
    42.334970801
  ],
  ""type"": ""Point""
}",-83.042413795,42.3349708010001
17890,9206956,PURITAN,HUBBELL,2015-03-08,8,3,2015,0,1,4,9,,4,0,,1,1,4,35,2,2,2,5,0,0,0,0,true,,false,false,false,false,false,,,,,,false,false,false,,,false,false,false,false,false,-83.18922,42.40905,"{
  ""coordinates"": [
    -8.318922447900000e+01,
    4.240905343600010e+01
  ],
  ""type"": ""Point""
}","{
  ""coordinates"": [
    -83.189224479,
    42.409053436
  ],
  ""type"": ""Point""
}",-83.189224479,42.4090534360001
17891,9213679,RICH,SCOTTEN,2015-03-08,8,3,2015,2,1,97,9,,,0,,1,1,4,25,2,2,0,5,0,0,0,0,true,,false,false,false,false,false,,,,,,false,false,false,,,false,false,false,false,false,-83.10769,42.33952,"{
  ""coordinates"": [
    -8.310768745699990e+01,
    4.233951980500010e+01
  ],
  ""type"": ""Point""
}","{
  ""coordinates"": [
    -83.107687457,
    42.339519805
  ],
  ""type"": ""Point""
}",-83.1076874569999,42.3395198050001
17892,9217223,7 MILE,BUFFALO,2015-03-08,8,3,2015,2,1,8,9,,4,0,,1,1,4,30,2,2,3,5,0,0,0,0,true,,false,false,false,false,false,,,,,,false,false,true,,,false,false,false,false,false,-83.04821,42.43346,"{
  ""coordinates"": [
    -8.304821264899989e+01,
    4.243346163700010e+01
  ],
  ""type"": ""Point""
}","{
  ""coordinates"": [
    -83.048212649,
    42.433461637
  ],
  ""type"": ""Point""
}",-83.0482126489999,42.4334616370001
17893,9217074,I94,LINWOOD,2015-03-08,8,3,2015,19,1,97,1,,1,0,,1,1,1,55,3,3,3,5,0,0,0,0,true,,false,false,false,false,false,,,,,,false,false,false,,,false,false,false,false,false,-83.0931,42.35213,"{
  ""coordinates"": [
    -8.309309840299990e+01,
    4.235213093200010e+01
  ],
  ""type"": ""Point""
}","{
  ""coordinates"": [
    -83.093098403,
    42.352130932
  ],
  ""type"": ""Point""
}",-83.0930984029999,42.3521309320001
17894,9220955,E I 94,LIVERNOIS,2015-03-08,8,3,2015,21,1,97,1,,1,0,,1,1,4,70,4,2,2,5,0,0,0,0,true,,false,false,true,false,false,,,,,,false,false,false,,,false,false,false,false,false,-83.1255,42.33706,"{
  ""coordinates"": [
    -8.312550115900000e+01,
    4.233706250000010e+01
  ],
  ""type"": ""Point""
}","{
  ""coordinates"": [
    -83.125501159,
    42.3370625
  ],
  ""type"": ""Point""
}",-83.125501159,42.3370625000001
17895,9215922,RAMP 044E,N I 75 SERVICE DRIVE,2015-03-08,8,3,2015,10,1,8,1,,1,0,,1,1,1,55,2,2,1,5,0,0,0,0,true,,false,false,true,false,false,,,,,,false,false,false,,,false,false,false,false,false,-83.05522,42.36411,"{
  ""coordinates"": [
    -8.305522525700000e+01,
    4.236410989900000e+01
  ],
  ""type"": ""Point""
}","{
  ""coordinates"": [
    -83.055225257,
    42.364109899
  ],
  ""type"": ""Point""
}",-83.055225257,42.364109899
17896,9215915,M-39,7 MILE,2015-03-08,8,3,2015,16,1,1,3,,1,0,,2,1,1,55,3,1,3,3,0,0,1,0,false,,false,false,false,false,false,,,,,,false,false,true,,,false,false,false,false,false,-83.21924,42.43029,"{
  ""coordinates"": [
    -8.321923494600000e+01,
    4.243029314000010e+01
  ],
  ""type"": ""Point""
}","{
  ""coordinates"": [
    -83.219234946,
    42.43029314
  ],
  ""type"": ""Point""
}",-83.219234946,42.4302931400001
17897,9217083,RAMP 105B,WYOMING,2015-03-08,8,3,2015,23,1,1,3,,1,1,,4,1,4,35,1,1,2,4,0,0,0,2,false,,false,false,false,false,false,,,,,,false,false,false,,,false,false,false,false,false,-83.1599,42.40458,"{
  ""coordinates"": [
    -8.315990157899989e+01,
    4.240457415100010e+01
  ],
  ""type"": ""Point""
}","{
  ""coordinates"": [
    -83.159901579,
    42.404574151
  ],
  ""type"": ""Point""
}",-83.1599015789999,42.4045741510001
17898,9213738,MCNICHOLS,SCHAEFER,2015-03-08,8,3,2015,18,1,97,9,,2,0,,1,1,1,30,2,2,0,3,0,0,1,0,false,,false,false,true,false,false,,,,,,true,false,false,,,false,false,false,false,false,-83.17982,42.41659,"{
  ""coordinates"": [
    -8.317981398099990e+01,
    4.241658878500000e+01
  ],
  ""type"": ""Point""
}","{
  ""coordinates"": [
    -83.179813981,
    42.416588785
  ],
  ""type"": ""Point""
}",-83.1798139809999,42.416588785
17899,9214946,7 MILE,BUFFALO,2015-03-08,8,3,2015,2,1,8,9,,4,0,,1,1,4,25,1,2,3,5,0,0,0,0,true,,false,false,false,false,false,,,,,,false,false,false,,,false,false,false,false,false,-83.04819,42.43346,"{
  ""coordinates"": [
    -8.304819285600000e+01,
    4.243346210700000e+01
  ],
  ""type"": ""Point""
}","{
  ""coordinates"": [
    -83.048192856,
    42.433462107
  ],
  ""type"": ""Point""
}",-83.048192856,42.433462107
17900,9209360,WOODWARD,JEFFERSON,2015-03-08,8,3,2015,12,1,3,3,,4,0,,1,1,1,35,6,2,4,5,0,0,0,0,true,,false,false,false,false,false,,,,,,false,false,true,,,false,false,false,false,false,-83.04449,42.32882,"{
  ""coordinates"": [
    -8.304449578799991e+01,
    4.232881879200000e+01
  ],
  ""type"": ""Point""
}","{
  ""coordinates"": [
    -83.044495788,
    42.328818792
  ],
  ""type"": ""Point""
}",-83.0444957879999,42.328818792
17901,9217070,RAMP 122F,N I 75 CD,2015-03-08,8,3,2015,0,1,1,3,,1,1,,2,1,4,55,2,1,1,5,0,0,0,0,true,,false,false,false,false,false,,,,,,false,false,false,,,false,false,false,false,false,-83.06481,42.33403,"{
  ""coordinates"": [
    -8.306481503299990e+01,
    4.233402980700000e+01
  ],
  ""type"": ""Point""
}","{
  ""coordinates"": [
    -83.064815033,
    42.334029807
  ],
  ""type"": ""Point""
}",-83.0648150329999,42.334029807
17902,9215889,N I 75/GRATIOT,BRUSH,2015-03-08,8,3,2015,12,1,1,7,,1,1,,1,1,1,55,4,1,1,3,0,0,1,0,false,,false,false,false,false,false,,,,,,false,false,true,,,false,false,false,false,false,-83.04736,42.34208,"{
  ""coordinates"": [
    -8.304736551000001e+01,
    4.234207653800010e+01
  ],
  ""type"": ""Point""
}","{
  ""coordinates"": [
    -83.04736551,
    42.342076538
  ],
  ""type"": ""Point""
}",-83.04736551,42.3420765380001
17903,9214959,HAYES,7 MILE,2015-03-07,7,3,2015,1,7,4,9,,4,0,,1,1,4,35,2,2,1,5,0,0,0,0,true,,false,false,true,false,false,,,,,,false,false,false,,,false,false,false,false,false,-82.96546,42.43542,"{
  ""coordinates"": [
    -8.296546255700000e+01,
    4.243542168600000e+01
  ],
  ""type"": ""Point""
}","{
  ""coordinates"": [
    -82.965462557,
    42.435421686
  ],
  ""type"": ""Point""
}",-82.965462557,42.435421686
17904,9207004,7 MILE,FIELDING,2015-03-07,7,3,2015,12,7,4,9,,2,0,,1,1,1,35,4,2,3,4,0,0,0,1,false,,true,false,false,false,false,,,,,,false,false,true,,,false,false,false,false,false,-83.24426,42.42944,"{
  ""coordinates"": [
    -8.324425216500001e+01,
    4.242944058300000e+01
  ],
  ""type"": ""Point""
}","{
  ""coordinates"": [
    -83.244252165,
    42.429440583
  ],
  ""type"": ""Point""
}",-83.244252165,42.429440583
17905,9253511,HARPER,CHALMERS,2015-03-07,7,3,2015,2,7,8,9,,4,0,,1,1,4,25,2,2,4,5,0,0,0,0,true,,false,false,false,false,false,,,,,,false,false,false,,,false,false,false,false,false,-82.96455,42.40467,"{
  ""coordinates"": [
    -8.296454314999990e+01,
    4.240467246600010e+01
  ],
  ""type"": ""Point""
}","{
  ""coordinates"": [
    -82.96454315,
    42.404672466
  ],
  ""type"": ""Point""
}",-82.9645431499999,42.4046724660001
17906,9214987,VAN DYKE,ROLYAT,2015-03-07,7,3,2015,20,7,97,3,,1,0,,1,1,1,35,6,2,2,5,0,0,0,0,true,,false,false,false,false,false,,,,,,false,false,false,,,false,false,false,false,false,-83.02443,42.43944,"{
  ""coordinates"": [
    -8.302442670600000e+01,
    4.243943762100000e+01
  ],
  ""type"": ""Point""
}","{
  ""coordinates"": [
    -83.024426706,
    42.439437621
  ],
  ""type"": ""Point""
}",-83.024426706,42.439437621