ObjectId,Crash ID,Primary Road,Intersecting Road,Crash Date,Day,Month,Year,Hour,Weekday,Crash Type Code,Highway Classification Code,Community Code,Jurisdiction Code,Lane Departure Type Code,Surface Type,Road Condition,Weather Condition,Lighting Condition,Speed Limit,Lanes,Units,Occupants,Most Severe Injury,Fatal Injuries,Suspected Serious Injuries,Suspected Minor Injuries,Possible Injuries,Property Damage Only,Secondary Crash,Traffic Control,Red Light Run,Hit and Run,Alcohol,Drugs,Unbelted Person,Work Zone,Speeding Driver,Distracted Driver,Driveway,Pedestrian,Elderly Driver,Young Driver,Commercial Vehicle,Emergency Vehicles,Train,School Bus,Motorcycle,Bicycle,Deer,Longitude,Latitude,geom,geog,x,y
18079,9205992,E/B I94,I75,2015-03-05,5,3,2015,15,5,5,1,,1,0,,1,1,1,55,3,3,4,5,0,0,0,0,true,,false,false,false,false,false,,,,,,false,true,false,,,false,false,false,false,false,-83.05649,42.36948,"{
  ""coordinates"": [
    -8.305649126000000e+01,
    4.236948472500010e+01
  ],
  ""type"": ""Point""
}","{
  ""coordinates"": [
    -83.05649126,
    42.369484725
  ],
  ""type"": ""Point""
}",-83.05649126,42.3694847250001
18080,9214752,I-75,MACK,2015-03-05,5,3,2015,17,5,5,1,,1,0,,1,1,1,55,5,2,3,5,0,0,0,0,true,,false,false,false,false,false,,,,,,false,false,false,,,false,false,false,false,false,-83.049,42.35247,"{
  ""coordinates"": [
    -8.304899229999999e+01,
    4.235247344200010e+01
  ],
  ""type"": ""Point""
}","{
  ""coordinates"": [
    -83.0489923,
    42.352473442
  ],
  ""type"": ""Point""
}",-83.0489923,42.3524734420001
18081,9215895,I-75,WARREN,2015-03-05,5,3,2015,18,5,5,1,,1,0,,1,1,3,70,5,2,3,5,0,0,0,0,true,,false,false,false,false,false,,,,,,false,false,false,,,false,false,false,false,false,-83.05334,42.359,"{
  ""coordinates"": [
    -8.305333562200001e+01,
    4.235900628000010e+01
  ],
  ""type"": ""Point""
}","{
  ""coordinates"": [
    -83.053335622,
    42.35900628
  ],
  ""type"": ""Point""
}",-83.053335622,42.3590062800001
18082,9205993,W/B I94,CONNER,2015-03-05,5,3,2015,16,5,5,1,,1,0,,1,1,1,55,3,2,3,4,0,0,0,1,false,,false,false,false,false,false,,,,,,false,false,false,,,false,true,false,false,false,-82.98635,42.39753,"{
  ""coordinates"": [
    -8.298635380699990e+01,
    4.239752438400010e+01
  ],
  ""type"": ""Point""
}","{
  ""coordinates"": [
    -82.986353807,
    42.397524384
  ],
  ""type"": ""Point""
}",-82.9863538069999,42.3975243840001
18083,9206991,ALTER,MACK,2015-03-05,5,3,2015,19,5,97,9,,4,0,,1,1,4,30,2,2,3,3,0,0,1,1,false,,false,false,false,false,false,,,,,,false,false,false,,,false,false,false,false,false,-82.94771,42.38733,"{
  ""coordinates"": [
    -8.294770716100000e+01,
    4.238732460200000e+01
  ],
  ""type"": ""Point""
}","{
  ""coordinates"": [
    -82.947707161,
    42.387324602
  ],
  ""type"": ""Point""
}",-82.947707161,42.387324602
18084,9207060,7 MILE,DANBURY,2015-03-05,5,3,2015,8,5,6,9,,4,0,,2,1,1,30,2,2,1,5,0,0,0,0,true,,false,false,true,false,false,,,,,,false,false,false,,,false,false,false,false,false,-83.10622,42.43222,"{
  ""coordinates"": [
    -8.310621869100000e+01,
    4.243221550900010e+01
  ],
  ""type"": ""Point""
}","{
  ""coordinates"": [
    -83.106218691,
    42.432215509
  ],
  ""type"": ""Point""
}",-83.106218691,42.4322155090001
18085,9206158,EVERGREEN,GLENCO,2015-03-05,5,3,2015,18,5,97,9,,4,0,,97,1,3,35,2,2,3,5,0,0,0,0,true,,false,false,false,false,false,,,,,,false,false,false,,,false,false,false,false,false,-83.23848,42.42155,"{
  ""coordinates"": [
    -8.323848183099990e+01,
    4.242155436300000e+01
  ],
  ""type"": ""Point""
}","{
  ""coordinates"": [
    -83.238481831,
    42.421554363
  ],
  ""type"": ""Point""
}",-83.2384818309999,42.421554363
18086,9210097,I-75,WARREN,2015-03-05,5,3,2015,15,5,5,1,,1,0,,1,1,1,70,6,2,2,5,0,0,0,0,true,,false,false,false,false,false,,,,,,false,false,true,,,false,false,false,false,false,-83.05407,42.36058,"{
  ""coordinates"": [
    -8.305406667499990e+01,
    4.236058611100000e+01
  ],
  ""type"": ""Point""
}","{
  ""coordinates"": [
    -83.054066675,
    42.360586111
  ],
  ""type"": ""Point""
}",-83.0540666749999,42.360586111
18087,9206131,WOODWARD,PALLISTER,2015-03-05,5,3,2015,7,5,5,3,,1,0,,1,1,1,0,2,2,2,5,0,0,0,0,true,,false,false,false,false,false,,,,,,false,false,true,,,false,false,false,false,false,-83.07537,42.37337,"{
  ""coordinates"": [
    -8.307537127099990e+01,
    4.237336684200010e+01
  ],
  ""type"": ""Point""
}","{
  ""coordinates"": [
    -83.075371271,
    42.373366842
  ],
  ""type"": ""Point""
}",-83.0753712709999,42.3733668420001
18088,9206952,WOODWARD,MILWAUKEE,2015-03-05,5,3,2015,12,5,9,3,,1,2,,1,1,4,35,1,2,1,5,0,0,0,0,true,,false,false,true,false,false,,,,,,false,false,false,,,false,false,false,false,false,-83.07249,42.369,"{
  ""coordinates"": [
    -8.307248358000000e+01,
    4.236899900600010e+01
  ],
  ""type"": ""Point""
}","{
  ""coordinates"": [
    -83.07248358,
    42.368999006
  ],
  ""type"": ""Point""
}",-83.07248358,42.3689990060001
18089,9207024,GLASTONBURY,SCHOOLCRAFT,2015-03-05,5,3,2015,12,5,97,9,,,0,,1,1,1,25,1,2,4,5,0,0,0,0,true,,false,false,false,false,false,,,,,,false,false,false,,,false,false,false,false,false,-83.22476,42.38649,"{
  ""coordinates"": [
    -8.322475905399990e+01,
    4.238649459200010e+01
  ],
  ""type"": ""Point""
}","{
  ""coordinates"": [
    -83.224759054,
    42.386494592
  ],
  ""type"": ""Point""
}",-83.2247590539999,42.3864945920001
18090,9210228,JOY,GRAND RIVER,2015-03-05,5,3,2015,11,5,1,3,,4,0,,1,1,1,30,2,2,1,2,0,1,0,0,false,,false,false,false,true,false,,,,,,true,false,false,,,false,false,false,false,false,-83.13045,42.36532,"{
  ""coordinates"": [
    -8.313044528200000e+01,
    4.236531792400010e+01
  ],
  ""type"": ""Point""
}","{
  ""coordinates"": [
    -83.130445282,
    42.365317924
  ],
  ""type"": ""Point""
}",-83.130445282,42.3653179240001
18091,9206974,8 MILE,TELEGRAPH,2015-03-05,5,3,2015,15,5,5,3,,1,0,,1,1,1,25,6,2,2,4,0,0,0,1,false,,false,false,true,false,false,,,,,,false,false,true,,,false,false,false,false,false,-83.27829,42.44274,"{
  ""coordinates"": [
    -8.327829317399990e+01,
    4.244273789300010e+01
  ],
  ""type"": ""Point""
}","{
  ""coordinates"": [
    -83.278293174,
    42.442737893
  ],
  ""type"": ""Point""
}",-83.2782931739999,42.4427378930001
18092,9233045,WHITTIER,E FORD SER,2015-03-05,5,3,2015,21,5,8,9,,4,0,,3,1,4,30,2,2,0,5,0,0,0,0,true,,false,false,true,false,false,,,,,,false,false,false,,,false,false,false,false,false,-82.94289,42.41272,"{
  ""coordinates"": [
    -8.294288533000000e+01,
    4.241272183700000e+01
  ],
  ""type"": ""Point""
}","{
  ""coordinates"": [
    -82.94288533,
    42.412721837
  ],
  ""type"": ""Point""
}",-82.94288533,42.412721837
18093,9206172,I 75 SERVICE,8 MILE,2015-03-05,5,3,2015,11,5,97,1,,1,0,,1,1,1,35,3,2,2,5,0,0,0,0,true,,false,false,false,false,false,,,,,,false,false,false,,,false,false,false,false,false,-83.09431,42.44626,"{
  ""coordinates"": [
    -8.309431369100000e+01,
    4.244626210700010e+01
  ],
  ""type"": ""Point""
}","{
  ""coordinates"": [
    -83.094313691,
    42.446262107
  ],
  ""type"": ""Point""
}",-83.094313691,42.4462621070001
18094,9221069,VERNOR,VINEWOOD,2015-03-05,5,3,2015,20,5,4,9,,4,0,,1,1,5,30,8,2,1,5,0,0,0,0,true,,true,false,true,false,false,,,,,,false,false,false,,,false,false,false,false,false,-83.09053,42.32235,"{
  ""coordinates"": [
    -8.309053380200000e+01,
    4.232235492600010e+01
  ],
  ""type"": ""Point""
}","{
  ""coordinates"": [
    -83.090533802,
    42.322354926
  ],
  ""type"": ""Point""
}",-83.090533802,42.3223549260001
18095,9206796,S/B I-75,CANFIELD,2015-03-05,5,3,2015,15,5,8,1,,1,0,,1,1,1,55,5,2,3,5,0,0,0,0,true,,false,false,false,false,false,,,,,,false,false,false,,,false,false,false,false,false,-83.05253,42.35777,"{
  ""coordinates"": [
    -8.305252598200001e+01,
    4.235776831500000e+01
  ],
  ""type"": ""Point""
}","{
  ""coordinates"": [
    -83.052525982,
    42.357768315
  ],
  ""type"": ""Point""
}",-83.052525982,42.357768315
18096,9214730,EB I-94,LIVERNOIS,2015-03-05,5,3,2015,6,5,8,1,,1,0,,1,2,4,55,3,2,1,5,0,0,0,0,true,,false,false,true,false,false,,,,,,false,false,true,,,false,false,false,false,false,-83.12657,42.33664,"{
  ""coordinates"": [
    -8.312656831699999e+01,
    4.233663778900010e+01
  ],
  ""type"": ""Point""
}","{
  ""coordinates"": [
    -83.126568317,
    42.336637789
  ],
  ""type"": ""Point""
}",-83.126568317,42.3366377890001
18097,9206160,MCNICHOLS,OUTER,2015-03-05,5,3,2015,16,5,8,9,,2,0,,1,1,1,35,5,2,4,5,0,0,0,0,true,,false,false,false,false,false,,,,,,false,false,false,,,false,false,false,false,false,-83.23206,42.41529,"{
  ""coordinates"": [
    -8.323206629100000e+01,
    4.241528759300010e+01
  ],
  ""type"": ""Point""
}","{
  ""coordinates"": [
    -83.232066291,
    42.415287593
  ],
  ""type"": ""Point""
}",-83.232066291,42.4152875930001
18098,9207033,LAPPIN,LANGHOLM,2015-03-05,5,3,2015,18,5,1,9,,,0,,3,1,1,25,1,1,1,4,0,0,0,1,false,,false,false,false,false,false,,,,,,false,false,false,,,false,false,false,false,false,-83.01125,42.43627,"{
  ""coordinates"": [
    -8.301124520400001e+01,
    4.243626721700010e+01
  ],
  ""type"": ""Point""
}","{
  ""coordinates"": [
    -83.011245204,
    42.436267217
  ],
  ""type"": ""Point""
}",-83.011245204,42.4362672170001
18099,9206128,WARREN,LAWTON,2015-03-05,5,3,2015,16,5,5,9,,4,0,,1,1,1,30,4,2,2,5,0,0,0,0,true,,false,false,false,false,false,,,,,,false,false,false,,,false,false,false,false,false,-83.09483,42.34697,"{
  ""coordinates"": [
    -8.309482719700000e+01,
    4.234697236200000e+01
  ],
  ""type"": ""Point""
}","{
  ""coordinates"": [
    -83.094827197,
    42.346972362
  ],
  ""type"": ""Point""
}",-83.094827197,42.346972362
18100,9214993,KEYSTONE,EMERY,2015-03-05,5,3,2015,18,5,97,9,,,0,,3,1,3,10,2,2,2,4,0,0,0,1,false,,false,false,true,false,false,,,,,,false,false,false,,,false,false,false,false,false,-83.05159,42.43704,"{
  ""coordinates"": [
    -8.305158830700000e+01,
    4.243703736200010e+01
  ],
  ""type"": ""Point""
}","{
  ""coordinates"": [
    -83.051588307,
    42.437037362
  ],
  ""type"": ""Point""
}",-83.051588307,42.4370373620001
18101,9206161,FAUST,BOURBON,2015-03-05,5,3,2015,12,5,9,9,,,2,,3,2,1,25,1,2,1,5,0,0,0,0,true,,false,false,true,false,false,,,,,,false,false,false,,,false,false,false,false,false,-83.22149,42.3658,"{
  ""coordinates"": [
    -8.322149150800000e+01,
    4.236579857000000e+01
  ],
  ""type"": ""Point""
}","{
  ""coordinates"": [
    -83.221491508,
    42.36579857
  ],
  ""type"": ""Point""
}",-83.221491508,42.36579857
18102,9214719,I-96,MENDOTA,2015-03-05,5,3,2015,3,5,5,9,,4,0,,1,1,4,70,3,2,3,3,0,0,1,0,false,,false,false,false,false,false,,,,,,false,false,false,,,false,false,false,false,false,-83.1546,42.38618,"{
  ""coordinates"": [
    -8.315459826400000e+01,
    4.238618125000000e+01
  ],
  ""type"": ""Point""
}","{
  ""coordinates"": [
    -83.154598264,
    42.38618125
  ],
  ""type"": ""Point""
}",-83.154598264,42.38618125
18103,9207038,LAING,GRAYTON,2015-03-05,5,3,2015,17,5,4,9,,,0,,3,1,1,25,2,2,4,3,0,0,3,0,false,,false,false,false,false,false,,,,,,false,false,true,,,false,false,false,false,false,-82.95636,42.42301,"{
  ""coordinates"": [
    -8.295635829400000e+01,
    4.242301329900000e+01
  ],
  ""type"": ""Point""
}","{
  ""coordinates"": [
    -82.956358294,
    42.423013299
  ],
  ""type"": ""Point""
}",-82.956358294,42.423013299
18104,9642698,I-94,GRATIOT,2015-03-05,5,3,2015,15,5,5,1,,1,3,,3,1,1,55,3,3,1,2,0,1,0,0,false,,false,false,false,false,false,,,,,,true,false,false,,,false,false,false,false,false,-83.00627,42.39154,"{
  ""coordinates"": [
    -8.300626775400001e+01,
    4.239153560500010e+01
  ],
  ""type"": ""Point""
}","{
  ""coordinates"": [
    -83.006267754,
    42.391535605
  ],
  ""type"": ""Point""
}",-83.006267754,42.3915356050001
18105,9210083,RAMP 213D,RAMP 213M,2015-03-05,5,3,2015,19,5,97,1,,1,0,,3,2,4,55,1,3,4,5,0,0,0,0,true,,false,false,false,false,false,,,,,,false,true,true,,,false,false,false,false,false,-83.09872,42.34851,"{
  ""coordinates"": [
    -8.309871517099999e+01,
    4.234850910800000e+01
  ],
  ""type"": ""Point""
}","{
  ""coordinates"": [
    -83.098715171,
    42.348509108
  ],
  ""type"": ""Point""
}",-83.098715171,42.348509108
18106,9206130,VAN DYKE,HARPER,2015-03-05,5,3,2015,8,5,5,3,,1,0,,1,1,1,35,4,2,2,4,0,0,0,1,false,,true,true,false,false,false,,,,,,false,false,false,,,false,false,false,false,false,-83.02223,42.38923,"{
  ""coordinates"": [
    -8.302222994000000e+01,
    4.238922389900010e+01
  ],
  ""type"": ""Point""
}","{
  ""coordinates"": [
    -83.02222994,
    42.389223899
  ],
  ""type"": ""Point""
}",-83.02222994,42.3892238990001
18107,9206000,N/B M-39,JOY,2015-03-05,5,3,2015,20,5,1,3,,1,1,,3,1,4,55,3,1,1,5,0,0,0,0,true,,false,false,false,false,false,,,,,,false,false,true,,,false,false,false,false,false,-83.21638,42.35779,"{
  ""coordinates"": [
    -8.321638517199990e+01,
    4.235778922300010e+01
  ],
  ""type"": ""Point""
}","{
  ""coordinates"": [
    -83.216385172,
    42.357789223
  ],
  ""type"": ""Point""
}",-83.2163851719999,42.3577892230001
18108,9206148,ALTER,FRANKFORT,2015-03-05,5,3,2015,8,5,4,9,,4,0,,1,1,1,30,2,2,2,5,0,0,0,0,true,,true,false,true,false,false,,,,,,false,false,false,,,false,false,false,false,false,-82.95581,42.39855,"{
  ""coordinates"": [
    -8.295581333900000e+01,
    4.239855077600000e+01
  ],
  ""type"": ""Point""
}","{
  ""coordinates"": [
    -82.955813339,
    42.398550776
  ],
  ""type"": ""Point""
}",-82.955813339,42.398550776
18109,9206139,LIVERNOIS,CLAYTON,2015-03-05,5,3,2015,17,5,4,9,,4,0,,1,1,1,35,2,2,2,5,0,0,0,0,true,,false,false,false,false,false,,,,,,false,false,false,,,false,false,false,false,false,-83.11874,42.32892,"{
  ""coordinates"": [
    -8.311874209699990e+01,
    4.232892116600000e+01
  ],
  ""type"": ""Point""
}","{
  ""coordinates"": [
    -83.118742097,
    42.328921166
  ],
  ""type"": ""Point""
}",-83.1187420969999,42.328921166
18110,9209379,HARPER,CADIEUX,2015-03-05,5,3,2015,15,5,8,9,,4,0,,1,1,1,35,5,2,4,5,0,0,0,0,true,,false,false,false,false,false,,,,,,false,false,true,,,false,false,false,false,false,-82.93658,42.41645,"{
  ""coordinates"": [
    -8.293657605000000e+01,
    4.241645530300010e+01
  ],
  ""type"": ""Point""
}","{
  ""coordinates"": [
    -82.93657605,
    42.416455303
  ],
  ""type"": ""Point""
}",-82.93657605,42.4164553030001
18111,9232196,MOROSS,RIAD,2015-03-05,5,3,2015,8,5,1,9,,2,1,,1,1,1,35,2,1,2,5,0,0,0,0,true,,false,false,false,false,false,,,,,,false,false,false,,,false,false,false,false,false,-82.95106,42.43353,"{
  ""coordinates"": [
    -8.295105542100001e+01,
    4.243352600700010e+01
  ],
  ""type"": ""Point""
}","{
  ""coordinates"": [
    -82.951055421,
    42.433526007
  ],
  ""type"": ""Point""
}",-82.951055421,42.4335260070001
18112,9211376,MCNICHOLS,FENTON,2015-03-05,5,3,2015,22,5,4,9,,2,0,,1,2,4,35,4,2,3,3,0,0,1,0,false,,false,false,false,false,false,,,,,,false,false,true,,,false,false,false,false,false,-83.28267,42.41437,"{
  ""coordinates"": [
    -8.328267217099990e+01,
    4.241436798300000e+01
  ],
  ""type"": ""Point""
}","{
  ""coordinates"": [
    -83.282672171,
    42.414367983
  ],
  ""type"": ""Point""
}",-83.2826721709999,42.414367983
18113,9207079,HERSHEY,7 MILE,2015-03-05,5,3,2015,0,5,4,9,,,0,,1,2,4,25,2,2,2,5,0,0,0,0,true,,true,false,true,false,false,,,,,,false,false,false,,,false,false,false,false,false,-83.11115,42.43221,"{
  ""coordinates"": [
    -8.311115385799999e+01,
    4.243221389400000e+01
  ],
  ""type"": ""Point""
}","{
  ""coordinates"": [
    -83.111153858,
    42.432213894
  ],
  ""type"": ""Point""
}",-83.111153858,42.432213894
18114,9233044,WHITTIER,W I 94,2015-03-05,5,3,2015,21,5,97,1,,4,0,,3,1,5,35,2,2,2,5,0,0,0,0,true,,false,false,false,false,false,,,,,,false,false,true,,,false,false,false,false,false,-82.94353,42.41299,"{
  ""coordinates"": [
    -8.294352429500000e+01,
    4.241298983100010e+01
  ],
  ""type"": ""Point""
}","{
  ""coordinates"": [
    -82.943524295,
    42.412989831
  ],
  ""type"": ""Point""
}",-82.943524295,42.4129898310001
18115,9205335,ELIZABETH,PARK,2015-03-04,4,3,2015,18,4,8,9,,4,0,,1,1,1,25,2,2,2,5,0,0,0,0,true,,false,false,false,false,false,,,,,,false,false,false,,,false,false,false,false,false,-83.05304,42.33693,"{
  ""coordinates"": [
    -8.305303643799991e+01,
    4.233692600200000e+01
  ],
  ""type"": ""Point""
}","{
  ""coordinates"": [
    -83.053036438,
    42.336926002
  ],
  ""type"": ""Point""
}",-83.0530364379999,42.336926002
18116,9206816,W/B I-94,SECOND,2015-03-04,4,3,2015,17,4,5,1,,1,0,,1,2,1,55,3,2,2,5,0,0,0,0,true,,false,false,true,false,false,,,,,,false,false,false,,,false,false,false,false,false,-83.07225,42.36186,"{
  ""coordinates"": [
    -8.307225319299990e+01,
    4.236186212400000e+01
  ],
  ""type"": ""Point""
}","{
  ""coordinates"": [
    -83.072253193,
    42.361862124
  ],
  ""type"": ""Point""
}",-83.0722531929999,42.361862124
18117,9206806,I-96,OUTER,2015-03-04,4,3,2015,16,4,8,1,,1,0,,1,2,1,70,5,2,2,5,0,0,0,0,true,,false,false,false,false,false,,,,,,false,false,false,,,false,false,false,false,false,-83.26597,42.38556,"{
  ""coordinates"": [
    -8.326596679799999e+01,
    4.238555731500000e+01
  ],
  ""type"": ""Point""
}","{
  ""coordinates"": [
    -83.265966798,
    42.385557315
  ],
  ""type"": ""Point""
}",-83.265966798,42.385557315
18118,9205369,RUTHERFORD,VASSAR,2015-03-04,4,3,2015,8,4,9,9,,,2,,3,5,1,25,2,2,0,5,0,0,0,0,true,,false,false,true,false,false,,,,,,false,false,false,,,false,false,false,false,false,-83.20539,42.43402,"{
  ""coordinates"": [
    -8.320539061300001e+01,
    4.243402168200000e+01
  ],
  ""type"": ""Point""
}","{
  ""coordinates"": [
    -83.205390613,
    42.434021682
  ],
  ""type"": ""Point""
}",-83.205390613,42.434021682
18119,9206152,EVERGREEN,RAMP 135C,2015-03-04,4,3,2015,9,4,5,1,,4,0,,1,2,1,30,4,2,2,5,0,0,0,0,true,,false,false,true,false,false,,,,,,false,true,false,,,false,false,false,false,false,-83.23668,42.38118,"{
  ""coordinates"": [
    -8.323668105800000e+01,
    4.238118005000010e+01
  ],
  ""type"": ""Point""
}","{
  ""coordinates"": [
    -83.236681058,
    42.38118005
  ],
  ""type"": ""Point""
}",-83.236681058,42.3811800500001
18120,9205979,I-75,MACK,2015-03-04,4,3,2015,16,4,5,1,,1,0,,1,1,1,55,4,2,3,5,0,0,0,0,true,,false,false,true,false,false,,,,,,false,true,false,,,false,false,false,false,false,-83.05033,42.35449,"{
  ""coordinates"": [
    -8.305033473799990e+01,
    4.235448811400000e+01
  ],
  ""type"": ""Point""
}","{
  ""coordinates"": [
    -83.050334738,
    42.354488114
  ],
  ""type"": ""Point""
}",-83.0503347379999,42.354488114
18121,9206177,7 MILE,VAN DYKE,2015-03-04,4,3,2015,20,4,5,3,,4,0,,1,1,4,30,2,2,2,5,0,0,0,0,true,,false,false,true,false,false,,,,,,false,false,false,,,false,false,false,false,false,-83.02425,42.43397,"{
  ""coordinates"": [
    -8.302424816699990e+01,
    4.243396838500010e+01
  ],
  ""type"": ""Point""
}","{
  ""coordinates"": [
    -83.024248167,
    42.433968385
  ],
  ""type"": ""Point""
}",-83.0242481669999,42.4339683850001
18122,9207030,OAKFIELD,7 MILE,2015-03-04,4,3,2015,22,4,2,9,,,0,,1,2,4,25,2,2,1,5,0,0,0,0,true,,false,false,true,false,false,,,,,,false,false,false,,,false,false,false,false,false,-83.21502,42.43018,"{
  ""coordinates"": [
    -8.321501590000000e+01,
    4.243017567100000e+01
  ],
  ""type"": ""Point""
}","{
  ""coordinates"": [
    -83.2150159,
    42.430175671
  ],
  ""type"": ""Point""
}",-83.2150159,42.430175671
18123,9205983,N/B I-75,WARREN,2015-03-04,4,3,2015,11,4,5,1,,1,0,,1,1,1,55,3,2,2,4,0,0,0,1,false,,false,false,false,false,false,,,,,,false,false,false,,,false,false,false,false,false,-83.05597,42.36421,"{
  ""coordinates"": [
    -8.305597302800000e+01,
    4.236420649100010e+01
  ],
  ""type"": ""Point""
}","{
  ""coordinates"": [
    -83.055973028,
    42.364206491
  ],
  ""type"": ""Point""
}",-83.055973028,42.3642064910001
18124,9207017,GRANDMONT,MAJESTIC,2015-03-04,4,3,2015,23,4,5,9,,,0,,3,1,4,25,2,2,3,4,0,0,0,2,false,,false,false,true,false,false,,,,,,false,false,false,,,false,false,false,false,false,-83.20815,42.34588,"{
  ""coordinates"": [
    -8.320815218300000e+01,
    4.234588147100000e+01
  ],
  ""type"": ""Point""
}","{
  ""coordinates"": [
    -83.208152183,
    42.345881471
  ],
  ""type"": ""Point""
}",-83.208152183,42.345881471
18125,9205208,M-39,FENKELL,2015-03-04,4,3,2015,8,4,1,3,,1,1,,1,2,1,55,3,1,1,5,0,0,0,0,true,,false,false,false,false,false,,,,,,false,false,false,,,false,false,false,false,false,-83.21819,42.40117,"{
  ""coordinates"": [
    -8.321819427000000e+01,
    4.240116860900010e+01
  ],
  ""type"": ""Point""
}","{
  ""coordinates"": [
    -83.21819427,
    42.401168609
  ],
  ""type"": ""Point""
}",-83.21819427,42.4011686090001
18126,9205996,M-10,WYOMING,2015-03-04,4,3,2015,9,4,1,3,,1,1,,1,2,1,55,3,1,1,5,0,0,0,0,true,,false,false,false,false,false,,,,,,false,false,false,,,false,false,false,false,false,-83.15755,42.40471,"{
  ""coordinates"": [
    -8.315755358000000e+01,
    4.240470444700000e+01
  ],
  ""type"": ""Point""
}","{
  ""coordinates"": [
    -83.15755358,
    42.404704447
  ],
  ""type"": ""Point""
}",-83.15755358,42.404704447
18127,9212909,CASS,PRENTIS,2015-03-04,4,3,2015,7,4,8,9,,4,0,,97,98,98,30,4,2,0,5,0,0,0,0,true,,false,false,true,false,false,,,,,,false,false,false,,,false,false,false,false,false,-83.0635,42.35046,"{
  ""coordinates"": [
    -8.306349731700000e+01,
    4.235046189600010e+01
  ],
  ""type"": ""Point""
}","{
  ""coordinates"": [
    -83.063497317,
    42.350461896
  ],
  ""type"": ""Point""
}",-83.063497317,42.3504618960001
18128,9207068,LYNDON,WYOMING,2015-03-04,4,3,2015,17,4,4,9,,4,0,,1,1,1,35,2,2,5,4,0,0,0,4,false,,false,false,false,false,false,,,,,,false,false,true,,,false,false,false,false,false,-83.15934,42.39524,"{
  ""coordinates"": [
    -8.315934199100001e+01,
    4.239523847400010e+01
  ],
  ""type"": ""Point""
}","{
  ""coordinates"": [
    -83.159341991,
    42.395238474
  ],
  ""type"": ""Point""
}",-83.159341991,42.3952384740001
18129,9207011,STAHELIN,7 MILE,2015-03-04,4,3,2015,8,4,8,9,,,0,,3,1,1,25,1,2,2,5,0,0,0,0,true,,false,false,true,false,false,,,,,,false,false,false,,,false,false,false,false,false,-83.22759,42.42984,"{
  ""coordinates"": [
    -8.322759039600000e+01,
    4.242983619400010e+01
  ],
  ""type"": ""Point""
}","{
  ""coordinates"": [
    -83.227590396,
    42.429836194
  ],
  ""type"": ""Point""
}",-83.227590396,42.4298361940001
18130,9217227,BUCKINGHAM,WARREN,2015-03-04,4,3,2015,18,4,5,9,,,0,,1,1,4,25,2,2,1,5,0,0,0,0,true,,false,false,true,false,false,,,,,,false,false,false,,,false,false,false,false,false,-82.94378,42.40089,"{
  ""coordinates"": [
    -8.294377833399990e+01,
    4.240088794700010e+01
  ],
  ""type"": ""Point""
}","{
  ""coordinates"": [
    -82.943778334,
    42.400887947
  ],
  ""type"": ""Point""
}",-82.9437783339999,42.4008879470001
18131,9207072,WHITMORE,MANDERSON,2015-03-04,4,3,2015,19,4,5,9,,,0,,1,1,4,25,2,2,0,5,0,0,0,0,true,,false,false,true,false,false,,,,,,false,false,false,,,false,false,false,false,false,-83.11675,42.4206,"{
  ""coordinates"": [
    -8.311675264300000e+01,
    4.242060194300010e+01
  ],
  ""type"": ""Point""
}","{
  ""coordinates"": [
    -83.116752643,
    42.420601943
  ],
  ""type"": ""Point""
}",-83.116752643,42.4206019430001
18132,9206104,JAMES COUZENS,MCNICHOLS,2015-03-04,4,3,2015,10,4,5,9,,4,0,,2,1,1,25,2,2,2,4,0,0,0,1,false,,false,false,false,false,false,,,,,,false,false,false,,,false,false,false,false,false,-83.17264,42.41684,"{
  ""coordinates"": [
    -8.317263931900000e+01,
    4.241683920400000e+01
  ],
  ""type"": ""Point""
}","{
  ""coordinates"": [
    -83.172639319,
    42.416839204
  ],
  ""type"": ""Point""
}",-83.172639319,42.416839204
18133,9210222,FORT,CABACIER,2015-03-04,4,3,2015,15,4,8,3,,1,0,,1,1,1,35,5,2,3,5,0,0,0,0,true,,false,false,false,false,false,,,,,,false,false,false,,,false,false,false,false,false,-83.0601,42.32523,"{
  ""coordinates"": [
    -8.306010081800000e+01,
    4.232523012500010e+01
  ],
  ""type"": ""Point""
}","{
  ""coordinates"": [
    -83.060100818,
    42.325230125
  ],
  ""type"": ""Point""
}",-83.060100818,42.3252301250001
18134,9207051,BAGLEY,CLIFFORD,2015-03-04,4,3,2015,18,4,8,9,,4,0,,1,1,3,25,3,2,2,5,0,0,0,0,true,,false,false,false,false,false,,,,,,false,false,true,,,false,false,false,false,false,-83.05264,42.33495,"{
  ""coordinates"": [
    -8.305263517600000e+01,
    4.233494898900010e+01
  ],
  ""type"": ""Point""
}","{
  ""coordinates"": [
    -83.052635176,
    42.334948989
  ],
  ""type"": ""Point""
}",-83.052635176,42.3349489890001
18135,9205371,I 94,I 96,2015-03-04,4,3,2015,9,4,5,1,,1,0,,2,1,1,55,1,2,2,5,0,0,0,0,true,,false,false,false,false,false,,,,,,false,false,false,,,false,false,false,false,false,-83.09728,42.35067,"{
  ""coordinates"": [
    -8.309728449799999e+01,
    4.235066950600000e+01
  ],
  ""type"": ""Point""
}","{
  ""coordinates"": [
    -83.097284498,
    42.350669506
  ],
  ""type"": ""Point""
}",-83.097284498,42.350669506