ObjectId,Crash ID,Primary Road,Intersecting Road,Crash Date,Day,Month,Year,Hour,Weekday,Crash Type Code,Highway Classification Code,Community Code,Jurisdiction Code,Lane Departure Type Code,Surface Type,Road Condition,Weather Condition,Lighting Condition,Speed Limit,Lanes,Units,Occupants,Most Severe Injury,Fatal Injuries,Suspected Serious Injuries,Suspected Minor Injuries,Possible Injuries,Property Damage Only,Secondary Crash,Traffic Control,Red Light Run,Hit and Run,Alcohol,Drugs,Unbelted Person,Work Zone,Speeding Driver,Distracted Driver,Driveway,Pedestrian,Elderly Driver,Young Driver,Commercial Vehicle,Emergency Vehicles,Train,School Bus,Motorcycle,Bicycle,Deer,Longitude,Latitude,geom,geog,x,y
18136,9213729,KENDALL,LA SALLE,2015-03-04,4,3,2015,17,4,9,9,,,2,,2,5,1,25,4,2,1,5,0,0,0,0,true,,false,false,true,false,false,,,,,,false,true,false,,,false,false,false,false,false,-83.122,42.3984,"{
  ""coordinates"": [
    -8.312200361799999e+01,
    4.239840297100010e+01
  ],
  ""type"": ""Point""
}","{
  ""coordinates"": [
    -83.122003618,
    42.398402971
  ],
  ""type"": ""Point""
}",-83.122003618,42.3984029710001
18137,9219890,FENKELL,EVERGREEN,2015-03-04,4,3,2015,19,4,3,9,,2,0,,2,1,4,35,2,2,1,5,0,0,0,0,true,,false,false,true,false,false,,,,,,false,false,false,,,false,false,false,false,false,-83.23743,42.40067,"{
  ""coordinates"": [
    -8.323743600200000e+01,
    4.240066754900000e+01
  ],
  ""type"": ""Point""
}","{
  ""coordinates"": [
    -83.237436002,
    42.400667549
  ],
  ""type"": ""Point""
}",-83.237436002,42.400667549
18138,9209389,GRATIOT,LUDDEN,2015-03-04,4,3,2015,17,4,5,3,,1,0,,1,1,1,30,7,2,2,5,0,0,0,0,true,,false,false,false,false,false,,,,,,false,false,false,,,false,false,false,false,false,-83.02852,42.35787,"{
  ""coordinates"": [
    -8.302851529700000e+01,
    4.235787152600010e+01
  ],
  ""type"": ""Point""
}","{
  ""coordinates"": [
    -83.028515297,
    42.357871526
  ],
  ""type"": ""Point""
}",-83.028515297,42.3578715260001
18139,9206166,WARREN,RUSSELL,2015-03-04,4,3,2015,7,4,1,9,,4,0,,2,1,1,35,4,2,1,4,0,0,0,1,false,,false,false,false,false,false,,,,,,true,false,false,,,false,false,false,false,false,-83.05093,42.36203,"{
  ""coordinates"": [
    -8.305092681600000e+01,
    4.236202817400000e+01
  ],
  ""type"": ""Point""
}","{
  ""coordinates"": [
    -83.050926816,
    42.362028174
  ],
  ""type"": ""Point""
}",-83.050926816,42.362028174
18140,9205384,CORBETT,BARRETT,2015-03-04,4,3,2015,8,4,4,9,,,0,,3,2,1,25,2,2,5,5,0,0,0,0,true,,false,false,false,false,false,,,,,,false,false,true,,,false,false,false,false,false,-82.98686,42.40271,"{
  ""coordinates"": [
    -8.298686312599990e+01,
    4.240270994100010e+01
  ],
  ""type"": ""Point""
}","{
  ""coordinates"": [
    -82.986863126,
    42.402709941
  ],
  ""type"": ""Point""
}",-82.9868631259999,42.4027099410001
18141,9206996,METTETAL,CHALFONTE,2015-03-04,4,3,2015,12,4,4,9,,,0,,3,4,4,25,3,2,2,3,0,0,1,0,false,,false,false,true,false,false,,,,,,false,false,true,,,false,false,false,false,false,-83.20773,42.39906,"{
  ""coordinates"": [
    -8.320773257099999e+01,
    4.239906476400010e+01
  ],
  ""type"": ""Point""
}","{
  ""coordinates"": [
    -83.207732571,
    42.399064764
  ],
  ""type"": ""Point""
}",-83.207732571,42.3990647640001
18142,9214712,W I 94,RAMP 215H,2015-03-04,4,3,2015,22,4,1,1,,1,1,,1,2,4,70,4,1,1,5,0,0,0,0,true,,false,false,false,false,false,,,,,,false,false,false,,,false,false,false,false,false,-83.08027,42.35681,"{
  ""coordinates"": [
    -8.308027081900001e+01,
    4.235680883300010e+01
  ],
  ""type"": ""Point""
}","{
  ""coordinates"": [
    -83.080270819,
    42.356808833
  ],
  ""type"": ""Point""
}",-83.080270819,42.3568088330001
18143,9209407,DAVISON SERVICE,CARRIE,2015-03-04,4,3,2015,14,4,5,9,,4,0,,2,1,1,30,4,2,7,5,0,0,0,0,true,,false,false,false,false,false,,,,,,false,true,false,,,false,false,false,false,false,-83.02938,42.42348,"{
  ""coordinates"": [
    -8.302938043700000e+01,
    4.242348307300010e+01
  ],
  ""type"": ""Point""
}","{
  ""coordinates"": [
    -83.029380437,
    42.423483073
  ],
  ""type"": ""Point""
}",-83.029380437,42.4234830730001
18144,9206171,MT ELLIOT,BRIMSON,2015-03-04,4,3,2015,7,4,6,9,,4,0,,4,1,1,25,4,2,2,5,0,0,0,0,true,,false,false,false,false,false,,,,,,false,false,false,,,false,false,false,false,false,-83.03843,42.42171,"{
  ""coordinates"": [
    -8.303843134200000e+01,
    4.242171023400000e+01
  ],
  ""type"": ""Point""
}","{
  ""coordinates"": [
    -83.038431342,
    42.421710234
  ],
  ""type"": ""Point""
}",-83.038431342,42.421710234
18145,9216044,WOODMERE,WENDELL,2015-03-04,4,3,2015,13,4,97,9,,4,0,,1,1,1,25,2,2,1,5,0,0,0,0,true,,false,false,true,false,false,,,,,,false,false,false,,,false,false,false,false,false,-83.13394,42.31394,"{
  ""coordinates"": [
    -8.313394240199990e+01,
    4.231393795500000e+01
  ],
  ""type"": ""Point""
}","{
  ""coordinates"": [
    -83.133942402,
    42.313937955
  ],
  ""type"": ""Point""
}",-83.1339424019999,42.313937955
18146,9209373,MILWAUKEE,BALTIMORE,2015-03-04,4,3,2015,9,4,97,3,,4,0,,1,1,1,35,2,2,2,4,0,0,0,1,false,,true,true,false,false,false,,,,,,false,false,false,,,false,false,false,false,false,-83.08035,42.36618,"{
  ""coordinates"": [
    -8.308034785599990e+01,
    4.236618370700010e+01
  ],
  ""type"": ""Point""
}","{
  ""coordinates"": [
    -83.080347856,
    42.366183707
  ],
  ""type"": ""Point""
}",-83.0803478559999,42.3661837070001
18147,9207012,STAHELIN,MARGARETA,2015-03-04,4,3,2015,8,4,8,9,,,0,,4,1,1,25,2,2,6,5,0,0,0,0,true,,false,false,false,false,false,,,,,,false,false,false,,,false,false,false,false,false,-83.22746,42.42679,"{
  ""coordinates"": [
    -8.322746280500000e+01,
    4.242678691500000e+01
  ],
  ""type"": ""Point""
}","{
  ""coordinates"": [
    -83.227462805,
    42.426786915
  ],
  ""type"": ""Point""
}",-83.227462805,42.426786915
18148,9210088,M-39,PEMBROKE,2015-03-04,4,3,2015,18,4,5,3,,1,0,,1,2,4,55,3,2,2,4,0,0,0,1,false,,false,false,false,false,false,,,,,,false,false,false,,,false,false,false,false,false,-83.21936,42.4336,"{
  ""coordinates"": [
    -8.321935925500000e+01,
    4.243360132700010e+01
  ],
  ""type"": ""Point""
}","{
  ""coordinates"": [
    -83.219359255,
    42.433601327
  ],
  ""type"": ""Point""
}",-83.219359255,42.4336013270001
18149,9212912,CASS,FOREST,2015-03-04,4,3,2015,3,4,5,9,,4,0,,3,1,4,25,2,4,0,5,0,0,0,0,true,,false,false,true,false,false,,,,,,false,false,false,,,false,false,false,false,false,-83.06534,42.35368,"{
  ""coordinates"": [
    -8.306533620600000e+01,
    4.235368330200000e+01
  ],
  ""type"": ""Point""
}","{
  ""coordinates"": [
    -83.065336206,
    42.353683302
  ],
  ""type"": ""Point""
}",-83.065336206,42.353683302
18150,9206805,I-94,TRUMBULL,2015-03-04,4,3,2015,16,4,5,1,,1,0,,1,2,1,55,3,2,4,5,0,0,0,0,true,,false,false,true,false,false,,,,,,false,false,false,,,false,false,false,false,false,-83.0814,42.35608,"{
  ""coordinates"": [
    -8.308139819099991e+01,
    4.235607752700000e+01
  ],
  ""type"": ""Point""
}","{
  ""coordinates"": [
    -83.081398191,
    42.356077527
  ],
  ""type"": ""Point""
}",-83.0813981909999,42.356077527
18151,9210249,MCNICHOLS,SOUTHFIELD SERVICE DRIVE,2015-03-04,4,3,2015,18,4,97,9,,2,0,,1,2,2,35,4,2,3,5,0,0,0,0,true,,false,false,false,false,false,,,,,,false,false,true,,,false,false,false,false,false,-83.21928,42.41553,"{
  ""coordinates"": [
    -8.321927725599990e+01,
    4.241553488100000e+01
  ],
  ""type"": ""Point""
}","{
  ""coordinates"": [
    -83.219277256,
    42.415534881
  ],
  ""type"": ""Point""
}",-83.2192772559999,42.415534881
18152,9205978,M-10,WARREN,2015-03-04,4,3,2015,7,4,5,3,,1,0,,1,2,2,55,3,3,4,5,0,0,0,0,true,,false,false,false,false,false,,,,,,false,false,true,,,false,false,false,false,false,-83.07346,42.3539,"{
  ""coordinates"": [
    -8.307345300799990e+01,
    4.235389765900000e+01
  ],
  ""type"": ""Point""
}","{
  ""coordinates"": [
    -83.073453008,
    42.353897659
  ],
  ""type"": ""Point""
}",-83.0734530079999,42.353897659
18153,9205388,ARLINGTON,NEVADA,2015-03-04,4,3,2015,8,4,5,9,,,0,,4,5,1,25,1,2,5,5,0,0,0,0,true,,false,false,true,false,false,,,,,,false,true,false,,,false,false,false,false,false,-83.07743,42.42569,"{
  ""coordinates"": [
    -8.307743172300000e+01,
    4.242569335500010e+01
  ],
  ""type"": ""Point""
}","{
  ""coordinates"": [
    -83.077431723,
    42.425693355
  ],
  ""type"": ""Point""
}",-83.077431723,42.4256933550001
18154,9205385,CORAM,CRUSADE,2015-03-04,4,3,2015,8,4,9,9,,,2,,3,1,1,25,1,3,3,5,0,0,0,0,true,,false,false,false,false,false,,,,,,false,true,false,,,false,false,false,false,false,-82.96035,42.43823,"{
  ""coordinates"": [
    -8.296034964599990e+01,
    4.243822881000010e+01
  ],
  ""type"": ""Point""
}","{
  ""coordinates"": [
    -82.960349646,
    42.43822881
  ],
  ""type"": ""Point""
}",-82.9603496459999,42.4382288100001
18155,9207067,JAMES COUZENS,APPOLINE,2015-03-04,4,3,2015,15,4,5,9,,4,0,,2,1,1,35,1,2,2,5,0,0,0,0,true,,false,false,false,false,false,,,,,,false,true,false,,,false,false,false,false,false,-83.17085,42.41491,"{
  ""coordinates"": [
    -8.317085484800000e+01,
    4.241491447800010e+01
  ],
  ""type"": ""Point""
}","{
  ""coordinates"": [
    -83.170854848,
    42.414914478
  ],
  ""type"": ""Point""
}",-83.170854848,42.4149144780001
18156,9206150,BRACE,WHITLOCK,2015-03-04,4,3,2015,7,4,5,9,,,0,,3,2,1,25,1,2,3,4,0,0,0,2,false,,false,false,false,false,false,,,,,,false,false,false,,,false,false,false,false,false,-83.22303,42.33964,"{
  ""coordinates"": [
    -8.322302756499990e+01,
    4.233963845400010e+01
  ],
  ""type"": ""Point""
}","{
  ""coordinates"": [
    -83.223027565,
    42.339638454
  ],
  ""type"": ""Point""
}",-83.2230275649999,42.3396384540001
18157,9206815,E I 94,MCCLELLAN,2015-03-04,4,3,2015,16,4,5,1,,1,0,,2,2,1,55,3,2,3,5,0,0,0,0,true,,false,false,false,false,false,,,,,,false,false,false,,,false,false,false,false,false,-83.01107,42.38971,"{
  ""coordinates"": [
    -8.301106806800000e+01,
    4.238971397000010e+01
  ],
  ""type"": ""Point""
}","{
  ""coordinates"": [
    -83.011068068,
    42.38971397
  ],
  ""type"": ""Point""
}",-83.011068068,42.3897139700001
18158,9205338,GREENFIELD,PLYMOUTH,2015-03-04,4,3,2015,16,4,4,9,,2,0,,1,1,1,35,5,2,4,5,0,0,0,0,true,,false,false,false,false,false,,,,,,false,false,true,,,false,false,false,false,false,-83.19756,42.37276,"{
  ""coordinates"": [
    -8.319756024700000e+01,
    4.237276209100000e+01
  ],
  ""type"": ""Point""
}","{
  ""coordinates"": [
    -83.197560247,
    42.372762091
  ],
  ""type"": ""Point""
}",-83.197560247,42.372762091
18159,9207013,JOY,GREENFIELD,2015-03-04,4,3,2015,13,4,2,9,,2,2,,1,1,1,35,2,2,2,5,0,0,0,0,true,,false,false,false,false,false,,,,,,false,true,false,,,false,false,false,false,false,-83.19711,42.35812,"{
  ""coordinates"": [
    -8.319710595299991e+01,
    4.235812519000010e+01
  ],
  ""type"": ""Point""
}","{
  ""coordinates"": [
    -83.197105953,
    42.35812519
  ],
  ""type"": ""Point""
}",-83.1971059529999,42.3581251900001
18160,9205997,M-10,WYOMING,2015-03-04,4,3,2015,9,4,8,3,,1,0,,1,2,1,55,3,2,2,5,0,0,0,0,true,,false,false,true,false,false,,,,,,false,false,false,,,false,false,false,false,false,-83.15758,42.40482,"{
  ""coordinates"": [
    -8.315757963300000e+01,
    4.240482405800000e+01
  ],
  ""type"": ""Point""
}","{
  ""coordinates"": [
    -83.157579633,
    42.404824058
  ],
  ""type"": ""Point""
}",-83.157579633,42.404824058
18161,9206972,ELIZABETH,PARK,2015-03-04,4,3,2015,17,4,8,9,,4,3,,1,1,1,25,2,2,2,5,0,0,0,0,true,,false,false,false,false,false,,,,,,false,false,false,,,false,false,false,false,false,-83.053,42.33694,"{
  ""coordinates"": [
    -8.305300287599989e+01,
    4.233694050100010e+01
  ],
  ""type"": ""Point""
}","{
  ""coordinates"": [
    -83.053002876,
    42.336940501
  ],
  ""type"": ""Point""
}",-83.0530028759999,42.3369405010001
18162,9205354,SCHAEFER,E I 96 SERVICE DRIVE,2015-03-04,4,3,2015,16,4,4,1,,4,0,,1,2,1,30,4,2,3,5,0,0,0,0,true,,true,true,false,false,false,,,,,,false,true,false,,,false,false,false,false,false,-83.17834,42.38265,"{
  ""coordinates"": [
    -8.317833551900000e+01,
    4.238265065500010e+01
  ],
  ""type"": ""Point""
}","{
  ""coordinates"": [
    -83.178335519,
    42.382650655
  ],
  ""type"": ""Point""
}",-83.178335519,42.3826506550001
18163,9207052,MCGRAW,ADDISON,2015-03-04,4,3,2015,17,4,8,9,,4,0,,97,98,98,35,2,2,2,5,0,0,0,0,true,,false,false,false,false,false,,,,,,false,false,false,,,false,false,false,false,false,-83.15184,42.33104,"{
  ""coordinates"": [
    -8.315183743599989e+01,
    4.233103597000010e+01
  ],
  ""type"": ""Point""
}","{
  ""coordinates"": [
    -83.151837436,
    42.33103597
  ],
  ""type"": ""Point""
}",-83.1518374359999,42.3310359700001
18164,9206997,CONNER,WARREN,2015-03-04,4,3,2015,21,4,8,9,,4,0,,1,2,4,35,5,2,2,5,0,0,0,0,true,,false,false,true,false,false,,,,,,false,false,false,,,false,false,false,false,false,-82.97602,42.38929,"{
  ""coordinates"": [
    -8.297601999100000e+01,
    4.238928609500000e+01
  ],
  ""type"": ""Point""
}","{
  ""coordinates"": [
    -82.976019991,
    42.389286095
  ],
  ""type"": ""Point""
}",-82.976019991,42.389286095
18165,9207016,SOUTHFIELD SERVICE DRIVE,CAPITOL,2015-03-04,4,3,2015,17,4,5,9,,4,0,,1,1,2,0,4,2,1,5,0,0,0,0,true,,false,false,true,false,false,,,,,,false,false,false,,,false,false,false,false,false,-83.21725,42.37536,"{
  ""coordinates"": [
    -8.321725010400000e+01,
    4.237536145300000e+01
  ],
  ""type"": ""Point""
}","{
  ""coordinates"": [
    -83.217250104,
    42.375361453
  ],
  ""type"": ""Point""
}",-83.217250104,42.375361453
18166,9206811,I-75,MICHIGAN,2015-03-04,4,3,2015,9,4,5,1,,1,0,,1,2,1,55,3,2,2,5,0,0,0,0,true,,false,false,true,false,false,,,,,,false,false,false,,,false,false,false,false,false,-83.08572,42.33009,"{
  ""coordinates"": [
    -8.308572442300000e+01,
    4.233009400600000e+01
  ],
  ""type"": ""Point""
}","{
  ""coordinates"": [
    -83.085724423,
    42.330094006
  ],
  ""type"": ""Point""
}",-83.085724423,42.330094006
18167,9219868,SAINT ANTOINE,WARREN,2015-03-04,4,3,2015,1,4,5,9,,4,0,,1,1,2,30,3,2,3,5,0,0,0,0,true,,false,false,false,false,false,,,,,,false,false,false,,,false,false,false,false,false,-83.05704,42.35978,"{
  ""coordinates"": [
    -8.305704173299991e+01,
    4.235977487600010e+01
  ],
  ""type"": ""Point""
}","{
  ""coordinates"": [
    -83.057041733,
    42.359774876
  ],
  ""type"": ""Point""
}",-83.0570417329999,42.3597748760001
18168,9207007,KIRBY,WOODWARD,2015-03-04,4,3,2015,17,4,97,3,,,0,,1,1,1,30,2,2,3,5,0,0,0,0,true,,false,false,false,false,false,,,,,,false,false,true,,,false,false,false,false,false,-83.06638,42.35975,"{
  ""coordinates"": [
    -8.306637770799991e+01,
    4.235974874800010e+01
  ],
  ""type"": ""Point""
}","{
  ""coordinates"": [
    -83.066377708,
    42.359748748
  ],
  ""type"": ""Point""
}",-83.0663777079999,42.3597487480001
18169,9206153,N M 39,RAMP 012A,2015-03-04,4,3,2015,9,4,8,3,,1,0,,2,5,1,55,3,2,1,5,0,0,0,0,true,,false,false,true,false,false,,,,,,false,false,false,,,false,false,false,false,false,-83.21962,42.43922,"{
  ""coordinates"": [
    -8.321962041300000e+01,
    4.243922095600000e+01
  ],
  ""type"": ""Point""
}","{
  ""coordinates"": [
    -83.219620413,
    42.439220956
  ],
  ""type"": ""Point""
}",-83.219620413,42.439220956
18170,9205974,WHITTIER,PAYTON,2015-03-04,4,3,2015,21,4,97,9,,4,0,,3,1,4,25,2,2,7,5,0,0,0,0,true,,false,false,false,false,false,,,,,,false,false,false,,,false,false,false,false,false,-82.962,42.42064,"{
  ""coordinates"": [
    -8.296199524199990e+01,
    4.242063750600000e+01
  ],
  ""type"": ""Point""
}","{
  ""coordinates"": [
    -82.961995242,
    42.420637506
  ],
  ""type"": ""Point""
}",-82.9619952419999,42.420637506
18171,9206151,S M 39 SERVICE DRIVE,WARREN,2015-03-04,4,3,2015,7,4,4,9,,4,0,,2,2,1,30,2,2,2,5,0,0,0,0,true,,false,false,false,false,false,,,,,,false,false,false,,,false,false,false,false,false,-83.21653,42.34337,"{
  ""coordinates"": [
    -8.321652714200000e+01,
    4.234337302100000e+01
  ],
  ""type"": ""Point""
}","{
  ""coordinates"": [
    -83.216527142,
    42.343373021
  ],
  ""type"": ""Point""
}",-83.216527142,42.343373021
18172,9206165,VAN DYKE,SAVAGE,2015-03-04,4,3,2015,14,4,97,3,,1,0,,1,1,3,30,5,2,2,4,0,0,0,1,false,,false,false,false,false,false,,,,,,false,false,false,,,false,false,false,false,false,-83.02464,42.445,"{
  ""coordinates"": [
    -8.302463152099990e+01,
    4.244499807900010e+01
  ],
  ""type"": ""Point""
}","{
  ""coordinates"": [
    -83.024631521,
    42.444998079
  ],
  ""type"": ""Point""
}",-83.0246315209999,42.4449980790001
18173,9206170,HARNED,8 MILE,2015-03-04,4,3,2015,8,4,5,3,,,0,,3,1,1,25,1,2,3,5,0,0,0,0,true,,false,false,false,false,false,,,,,,false,false,false,,,false,false,false,false,false,-83.07416,42.44686,"{
  ""coordinates"": [
    -8.307415758000000e+01,
    4.244685781400010e+01
  ],
  ""type"": ""Point""
}","{
  ""coordinates"": [
    -83.07415758,
    42.446857814
  ],
  ""type"": ""Point""
}",-83.07415758,42.4468578140001
18174,9205339,WYOMING,BEECHDALE,2015-03-04,4,3,2015,20,4,3,9,,4,0,,1,2,4,30,2,2,1,4,0,0,0,1,false,,false,false,true,false,false,,,,,,false,false,true,,,false,false,false,false,false,-83.15841,42.37053,"{
  ""coordinates"": [
    -8.315841256600000e+01,
    4.237052589400000e+01
  ],
  ""type"": ""Point""
}","{
  ""coordinates"": [
    -83.158412566,
    42.370525894
  ],
  ""type"": ""Point""
}",-83.158412566,42.370525894
18175,9211392,CADILLAC,RANDOLPH,2015-03-04,4,3,2015,20,4,5,3,,4,0,,4,5,4,25,4,2,0,5,0,0,0,0,true,,false,false,true,false,false,,,,,,false,false,false,,,false,false,false,false,false,-83.0434,42.3314,"{
  ""coordinates"": [
    -8.304339761400000e+01,
    4.233139966300010e+01
  ],
  ""type"": ""Point""
}","{
  ""coordinates"": [
    -83.043397614,
    42.331399663
  ],
  ""type"": ""Point""
}",-83.043397614,42.3313996630001
18176,9204283,CHRYSLER,HOLBROOK,2015-03-03,3,3,2015,10,3,8,1,,4,0,,4,5,1,30,2,2,2,4,0,0,0,1,false,,false,false,false,false,false,,,,,,false,false,true,,,false,false,false,false,false,-83.06856,42.38625,"{
  ""coordinates"": [
    -8.306855962200000e+01,
    4.238624943800000e+01
  ],
  ""type"": ""Point""
}","{
  ""coordinates"": [
    -83.068559622,
    42.386249438
  ],
  ""type"": ""Point""
}",-83.068559622,42.386249438
18177,9204137,I-94,LONYO,2015-03-03,3,3,2015,12,3,8,1,,1,0,,3,7,1,55,3,2,2,5,0,0,0,0,true,,false,false,false,false,false,,,,,,false,false,true,,,false,false,false,false,false,-83.14478,42.33146,"{
  ""coordinates"": [
    -8.314477685599999e+01,
    4.233146274400010e+01
  ],
  ""type"": ""Point""
}","{
  ""coordinates"": [
    -83.144776856,
    42.331462744
  ],
  ""type"": ""Point""
}",-83.144776856,42.3314627440001
18178,9206084,I-75,DAVISON,2015-03-03,3,3,2015,14,3,1,1,,1,1,,3,5,1,70,5,1,1,4,0,0,0,1,false,,false,false,false,false,false,,,,,,false,false,false,,,false,false,false,false,false,-83.0783,42.40754,"{
  ""coordinates"": [
    -8.307829679900000e+01,
    4.240753904100010e+01
  ],
  ""type"": ""Point""
}","{
  ""coordinates"": [
    -83.078296799,
    42.407539041
  ],
  ""type"": ""Point""
}",-83.078296799,42.4075390410001
18179,9233909,W I 96,WOODSIDE,2015-03-03,3,3,2015,12,3,1,1,,1,0,,6,7,1,60,3,1,1,5,0,0,0,0,true,,false,false,false,false,false,,,,,,false,false,false,,,false,false,false,false,false,-83.13824,42.3672,"{
  ""coordinates"": [
    -8.313824548900000e+01,
    4.236719441100010e+01
  ],
  ""type"": ""Point""
}","{
  ""coordinates"": [
    -83.138245489,
    42.367194411
  ],
  ""type"": ""Point""
}",-83.138245489,42.3671944110001
18180,9204167,E I 96,WARREN,2015-03-03,3,3,2015,13,3,97,1,,1,0,,4,5,1,55,5,2,2,2,0,1,0,0,false,,false,false,false,false,false,,,,,,false,false,false,,,false,false,false,false,false,-83.09717,42.34692,"{
  ""coordinates"": [
    -8.309716669900000e+01,
    4.234692551500010e+01
  ],
  ""type"": ""Point""
}","{
  ""coordinates"": [
    -83.097166699,
    42.346925515
  ],
  ""type"": ""Point""
}",-83.097166699,42.3469255150001
18181,9210074,I-94,CASS,2015-03-03,3,3,2015,11,3,8,1,,1,0,,97,98,98,70,3,2,1,5,0,0,0,0,true,,false,false,true,false,false,,,,,,false,false,false,,,false,false,false,false,false,-83.07077,42.36253,"{
  ""coordinates"": [
    -8.307077318800000e+01,
    4.236252880700000e+01
  ],
  ""type"": ""Point""
}","{
  ""coordinates"": [
    -83.070773188,
    42.362528807
  ],
  ""type"": ""Point""
}",-83.070773188,42.362528807
18182,9204177,I-75,WARREN,2015-03-03,3,3,2015,13,3,1,1,,1,1,,2,7,1,55,4,1,1,5,0,0,0,0,true,,false,false,false,false,false,,,,,,false,false,false,,,false,false,false,false,false,-83.05357,42.35984,"{
  ""coordinates"": [
    -8.305356828399989e+01,
    4.235984555200000e+01
  ],
  ""type"": ""Point""
}","{
  ""coordinates"": [
    -83.053568284,
    42.359845552
  ],
  ""type"": ""Point""
}",-83.0535682839999,42.359845552
18183,9206083,I-75,DAVISON,2015-03-03,3,3,2015,14,3,2,1,,1,2,,3,5,1,70,5,2,2,4,0,0,0,1,false,,false,false,false,false,false,,,,,,false,false,false,,,false,false,false,false,false,-83.0783,42.40754,"{
  ""coordinates"": [
    -8.307829679900000e+01,
    4.240753904100010e+01
  ],
  ""type"": ""Point""
}","{
  ""coordinates"": [
    -83.078296799,
    42.407539041
  ],
  ""type"": ""Point""
}",-83.078296799,42.4075390410001
18184,9204284,CHENE,MEDBURY,2015-03-03,3,3,2015,5,3,1,9,,4,0,,1,2,5,25,2,2,1,1,1,0,0,0,false,,false,false,true,false,true,,,,,,true,false,false,,,false,false,false,false,false,-83.04556,42.37289,"{
  ""coordinates"": [
    -8.304555513000000e+01,
    4.237289189300000e+01
  ],
  ""type"": ""Point""
}","{
  ""coordinates"": [
    -83.04555513,
    42.372891893
  ],
  ""type"": ""Point""
}",-83.04555513,42.372891893
18185,9212784,W I 96 CD,WYOMING,2015-03-03,3,3,2015,15,3,8,1,,1,0,,4,5,1,55,3,2,1,5,0,0,0,0,true,,false,false,true,false,false,,,,,,false,false,false,,,false,false,false,false,false,-83.15851,42.38561,"{
  ""coordinates"": [
    -8.315850761699990e+01,
    4.238561329400010e+01
  ],
  ""type"": ""Point""
}","{
  ""coordinates"": [
    -83.158507617,
    42.385613294
  ],
  ""type"": ""Point""
}",-83.1585076169999,42.3856132940001
18186,9206907,I-75,HOLBROOK,2015-03-03,3,3,2015,9,3,1,1,,1,1,,3,5,1,55,4,1,1,3,0,0,1,0,false,,false,false,false,false,false,,,,,,false,false,false,,,false,false,false,false,false,-83.06845,42.38705,"{
  ""coordinates"": [
    -8.306844819299990e+01,
    4.238705341400000e+01
  ],
  ""type"": ""Point""
}","{
  ""coordinates"": [
    -83.068448193,
    42.387053414
  ],
  ""type"": ""Point""
}",-83.0684481929999,42.387053414
18187,9204156,RAMP 219D,W I 94,2015-03-03,3,3,2015,9,3,8,1,,1,0,,4,5,1,55,3,2,2,5,0,0,0,0,true,,false,false,false,false,false,,,,,,false,false,false,,,false,false,false,false,false,-83.00818,42.39105,"{
  ""coordinates"": [
    -8.300818126699990e+01,
    4.239105119500000e+01
  ],
  ""type"": ""Point""
}","{
  ""coordinates"": [
    -83.008181267,
    42.391051195
  ],
  ""type"": ""Point""
}",-83.0081812669999,42.391051195
18188,9210253,WYOMING,OUTER,2015-03-03,3,3,2015,7,3,4,9,,4,0,,4,5,2,30,4,2,3,4,0,0,0,1,false,,true,true,false,false,false,,,,,,false,false,true,,,false,false,false,false,false,-83.16109,42.43485,"{
  ""coordinates"": [
    -8.316109801300000e+01,
    4.243485067800000e+01
  ],
  ""type"": ""Point""
}","{
  ""coordinates"": [
    -83.161098013,
    42.434850678
  ],
  ""type"": ""Point""
}",-83.161098013,42.434850678
18189,9245679,HAYES,WILFRED,2015-03-03,3,3,2015,14,3,9,9,,4,2,,4,5,1,30,2,2,2,5,0,0,0,0,true,,false,false,false,false,false,,,,,,false,false,false,,,false,false,false,false,false,-82.96497,42.41933,"{
  ""coordinates"": [
    -8.296496694800000e+01,
    4.241933160900000e+01
  ],
  ""type"": ""Point""
}","{
  ""coordinates"": [
    -82.964966948,
    42.419331609
  ],
  ""type"": ""Point""
}",-82.964966948,42.419331609
18190,9205344,FERGUSON,PURITAN,2015-03-03,3,3,2015,20,3,8,9,,,0,,3,5,98,25,2,2,0,5,0,0,0,0,true,,false,false,true,false,false,,,,,,false,false,false,,,false,false,false,false,false,-83.20969,42.40796,"{
  ""coordinates"": [
    -8.320969177099990e+01,
    4.240796425400000e+01
  ],
  ""type"": ""Point""
}","{
  ""coordinates"": [
    -83.209691771,
    42.407964254
  ],
  ""type"": ""Point""
}",-83.2096917709999,42.407964254
18191,9205355,SCHAEFER,EATON,2015-03-03,3,3,2015,19,3,1,9,,4,0,,2,1,5,30,2,2,0,5,0,0,0,0,true,,false,false,false,false,false,,,,,,true,false,false,,,false,false,false,false,false,-83.17892,42.39752,"{
  ""coordinates"": [
    -8.317891416000001e+01,
    4.239752287800010e+01
  ],
  ""type"": ""Point""
}","{
  ""coordinates"": [
    -83.17891416,
    42.397522878
  ],
  ""type"": ""Point""
}",-83.17891416,42.3975228780001
18192,9204161,E I 94,WARREN,2015-03-03,3,3,2015,12,3,8,1,,1,0,,3,5,1,55,3,2,2,5,0,0,0,0,true,,false,false,false,false,false,,,,,,false,false,false,,,false,false,false,false,false,-83.1131,42.34459,"{
  ""coordinates"": [
    -8.311309692799991e+01,
    4.234458837300010e+01
  ],
  ""type"": ""Point""
}","{
  ""coordinates"": [
    -83.113096928,
    42.344588373
  ],
  ""type"": ""Point""
}",-83.1130969279999,42.3445883730001