ObjectId,Crash ID,Primary Road,Intersecting Road,Crash Date,Day,Month,Year,Hour,Weekday,Crash Type Code,Highway Classification Code,Community Code,Jurisdiction Code,Lane Departure Type Code,Surface Type,Road Condition,Weather Condition,Lighting Condition,Speed Limit,Lanes,Units,Occupants,Most Severe Injury,Fatal Injuries,Suspected Serious Injuries,Suspected Minor Injuries,Possible Injuries,Property Damage Only,Secondary Crash,Traffic Control,Red Light Run,Hit and Run,Alcohol,Drugs,Unbelted Person,Work Zone,Speeding Driver,Distracted Driver,Driveway,Pedestrian,Elderly Driver,Young Driver,Commercial Vehicle,Emergency Vehicles,Train,School Bus,Motorcycle,Bicycle,Deer,Longitude,Latitude,geom,geog,x,y
18193,9251075,ST ANTOINE,GRATIOT,2015-03-03,3,3,2015,8,3,6,3,,4,0,,4,5,1,30,2,2,5,5,0,0,0,0,true,,false,false,false,false,false,,,,,,false,false,false,,,false,false,false,false,false,-83.04277,42.3383,"{
  ""coordinates"": [
    -8.304276806900000e+01,
    4.233829726000000e+01
  ],
  ""type"": ""Point""
}","{
  ""coordinates"": [
    -83.042768069,
    42.33829726
  ],
  ""type"": ""Point""
}",-83.042768069,42.33829726
18194,9204139,I-75,NEVADA,2015-03-03,3,3,2015,14,3,1,1,,1,1,,3,1,1,70,4,1,1,5,0,0,0,0,true,,false,false,false,false,false,,,,,,false,false,true,,,false,false,false,false,false,-83.09326,42.42503,"{
  ""coordinates"": [
    -8.309325902599990e+01,
    4.242502831600010e+01
  ],
  ""type"": ""Point""
}","{
  ""coordinates"": [
    -83.093259026,
    42.425028316
  ],
  ""type"": ""Point""
}",-83.0932590259999,42.4250283160001
18195,9207050,OAKMAN,LIVERNOIS,2015-03-03,3,3,2015,17,3,5,9,,4,0,,6,1,1,25,2,2,2,4,0,0,0,1,false,,false,false,true,false,false,,,,,,false,false,false,,,false,false,false,false,false,-83.1398,42.39025,"{
  ""coordinates"": [
    -8.313980208200000e+01,
    4.239025011300000e+01
  ],
  ""type"": ""Point""
}","{
  ""coordinates"": [
    -83.139802082,
    42.390250113
  ],
  ""type"": ""Point""
}",-83.139802082,42.390250113
18196,9211329,N M 10,RAMP 215C,2015-03-03,3,3,2015,15,3,1,3,,1,0,,6,4,1,55,4,1,1,5,0,0,0,0,true,,false,false,false,false,false,,,,,,false,false,false,,,false,false,false,false,false,-83.07465,42.35636,"{
  ""coordinates"": [
    -8.307465416799990e+01,
    4.235635907100000e+01
  ],
  ""type"": ""Point""
}","{
  ""coordinates"": [
    -83.074654168,
    42.356359071
  ],
  ""type"": ""Point""
}",-83.0746541679999,42.356359071
18197,9206959,CAVERT,3RD,2015-03-03,3,3,2015,7,3,97,9,,4,3,,97,98,98,0,2,2,0,5,0,0,0,0,true,,false,false,true,false,false,,,,,,false,true,false,,,false,false,false,false,false,-83.09202,42.38727,"{
  ""coordinates"": [
    -8.309201764200000e+01,
    4.238726692300000e+01
  ],
  ""type"": ""Point""
}","{
  ""coordinates"": [
    -83.092017642,
    42.387266923
  ],
  ""type"": ""Point""
}",-83.092017642,42.387266923
18198,9206127,DAVISON,HOLMUR,2015-03-03,3,3,2015,18,3,1,3,,1,0,,4,98,98,35,3,1,1,5,0,0,0,0,true,,false,false,false,false,false,,,,,,false,true,false,,,false,false,false,false,false,-83.13343,42.38875,"{
  ""coordinates"": [
    -8.313343302800000e+01,
    4.238875163800000e+01
  ],
  ""type"": ""Point""
}","{
  ""coordinates"": [
    -83.133433028,
    42.388751638
  ],
  ""type"": ""Point""
}",-83.133433028,42.388751638
18199,9214725,E/B I 96,EVERGREEN,2015-03-03,3,3,2015,22,3,1,1,,1,1,,2,2,4,55,3,1,2,3,0,0,1,1,false,,false,false,false,false,false,,,,,,false,false,false,,,false,false,false,false,false,-83.24371,42.38515,"{
  ""coordinates"": [
    -8.324371397399990e+01,
    4.238514717900010e+01
  ],
  ""type"": ""Point""
}","{
  ""coordinates"": [
    -83.243713974,
    42.385147179
  ],
  ""type"": ""Point""
}",-83.2437139739999,42.3851471790001
18200,9227587,GRAND RIVER,FENKELL,2015-03-03,3,3,2015,10,3,97,3,,1,0,,4,5,1,35,2,2,2,5,0,0,0,0,true,,false,false,false,false,false,,,,,,false,false,false,,,false,false,false,false,false,-83.21907,42.40101,"{
  ""coordinates"": [
    -8.321907246700000e+01,
    4.240101074000010e+01
  ],
  ""type"": ""Point""
}","{
  ""coordinates"": [
    -83.219072467,
    42.40101074
  ],
  ""type"": ""Point""
}",-83.219072467,42.4010107400001
18201,9206992,DEVONSHIRE,HARPER,2015-03-03,3,3,2015,7,3,1,9,,,0,,4,5,1,25,1,2,1,4,0,0,0,1,false,,false,false,false,false,false,,,,,,true,false,false,,,false,false,false,false,false,-82.9469,42.40929,"{
  ""coordinates"": [
    -8.294689844899990e+01,
    4.240928747800010e+01
  ],
  ""type"": ""Point""
}","{
  ""coordinates"": [
    -82.946898449,
    42.409287478
  ],
  ""type"": ""Point""
}",-82.9468984489999,42.4092874780001
18202,9232208,GRATIOT,EASTWOOD,2015-03-03,3,3,2015,12,3,8,3,,1,0,,4,5,1,35,7,3,6,5,0,0,0,0,true,,false,false,false,false,false,,,,,,false,true,false,,,false,false,false,false,false,-82.97898,42.43311,"{
  ""coordinates"": [
    -8.297898104500000e+01,
    4.243311165800000e+01
  ],
  ""type"": ""Point""
}","{
  ""coordinates"": [
    -82.978981045,
    42.433111658
  ],
  ""type"": ""Point""
}",-82.978981045,42.433111658
18203,9204154,I-75,MCNICHOLS,2015-03-03,3,3,2015,16,3,5,1,,1,0,,2,2,1,70,4,2,2,5,0,0,0,0,true,,false,false,false,false,false,,,,,,false,false,false,,,false,false,false,false,false,-83.08503,42.41504,"{
  ""coordinates"": [
    -8.308502795600000e+01,
    4.241504344900010e+01
  ],
  ""type"": ""Point""
}","{
  ""coordinates"": [
    -83.085027956,
    42.415043449
  ],
  ""type"": ""Point""
}",-83.085027956,42.4150434490001
18204,9284740,7 MILE,FORRER,2015-03-03,3,3,2015,1,3,8,9,,2,0,,6,5,4,35,2,3,3,5,0,0,0,0,true,,false,false,false,false,false,,,,,,false,false,true,,,false,false,false,false,false,-83.20327,42.43036,"{
  ""coordinates"": [
    -8.320327247800000e+01,
    4.243035941200000e+01
  ],
  ""type"": ""Point""
}","{
  ""coordinates"": [
    -83.203272478,
    42.430359412
  ],
  ""type"": ""Point""
}",-83.203272478,42.430359412
18205,9209366,CLINTON,GRATIOT,2015-03-03,3,3,2015,16,3,8,3,,4,0,,2,1,1,25,2,2,2,5,0,0,0,0,true,,false,false,false,false,false,,,,,,false,false,true,,,false,false,false,false,false,-83.04456,42.33585,"{
  ""coordinates"": [
    -8.304455364200000e+01,
    4.233585242200010e+01
  ],
  ""type"": ""Point""
}","{
  ""coordinates"": [
    -83.044553642,
    42.335852422
  ],
  ""type"": ""Point""
}",-83.044553642,42.3358524220001
18206,9206157,8 MILE,EVERGREEN,2015-03-03,3,3,2015,8,3,5,3,,1,0,,4,5,1,45,4,2,2,5,0,0,0,0,true,,false,false,true,false,false,,,,,,false,false,false,,,false,false,false,false,false,-83.23948,42.44375,"{
  ""coordinates"": [
    -8.323947673100000e+01,
    4.244375163400010e+01
  ],
  ""type"": ""Point""
}","{
  ""coordinates"": [
    -83.239476731,
    42.443751634
  ],
  ""type"": ""Point""
}",-83.239476731,42.4437516340001
18207,9204135,I-75,GREEN,2015-03-03,3,3,2015,10,3,8,1,,1,0,,3,2,1,70,4,2,2,5,0,0,0,0,true,,false,false,false,false,false,,,,,,false,false,false,,,false,false,false,false,false,-83.11447,42.30322,"{
  ""coordinates"": [
    -8.311446796300000e+01,
    4.230321658300010e+01
  ],
  ""type"": ""Point""
}","{
  ""coordinates"": [
    -83.114467963,
    42.303216583
  ],
  ""type"": ""Point""
}",-83.114467963,42.3032165830001
18208,9206950,N M 10 SERVICE DRIVE,WARREN,2015-03-03,3,3,2015,9,3,5,9,,4,0,,3,5,1,35,2,2,2,5,0,0,0,0,true,,false,false,false,false,false,,,,,,false,false,false,,,false,false,false,false,false,-83.07271,42.3534,"{
  ""coordinates"": [
    -8.307270468699990e+01,
    4.235340490900010e+01
  ],
  ""type"": ""Point""
}","{
  ""coordinates"": [
    -83.072704687,
    42.353404909
  ],
  ""type"": ""Point""
}",-83.0727046869999,42.3534049090001
18209,9207042,DALRYMPLE,BORDEAU,2015-03-03,3,3,2015,18,3,9,9,,,0,,3,5,4,25,2,2,1,5,0,0,0,0,true,,false,false,true,false,false,,,,,,false,false,false,,,false,false,false,false,false,-83.13526,42.37066,"{
  ""coordinates"": [
    -8.313526285700000e+01,
    4.237065926100010e+01
  ],
  ""type"": ""Point""
}","{
  ""coordinates"": [
    -83.135262857,
    42.370659261
  ],
  ""type"": ""Point""
}",-83.135262857,42.3706592610001
18210,9204287,VAN DYKE,KIRBY,2015-03-03,3,3,2015,11,3,4,3,,1,0,,3,2,1,30,2,2,2,5,0,0,0,0,true,,false,false,false,false,false,,,,,,false,false,true,,,false,false,false,false,false,-83.01494,42.37917,"{
  ""coordinates"": [
    -8.301494006199989e+01,
    4.237917451000000e+01
  ],
  ""type"": ""Point""
}","{
  ""coordinates"": [
    -83.014940062,
    42.37917451
  ],
  ""type"": ""Point""
}",-83.0149400619999,42.37917451
18211,9204166,W I 96,GRAND RIVER,2015-03-03,3,3,2015,12,3,1,1,,1,1,,4,5,1,55,4,1,2,5,0,0,0,0,true,,false,false,false,false,false,,,,,,false,false,true,,,false,false,false,false,false,-83.17359,42.38435,"{
  ""coordinates"": [
    -8.317358894199999e+01,
    4.238435225600010e+01
  ],
  ""type"": ""Point""
}","{
  ""coordinates"": [
    -83.173588942,
    42.384352256
  ],
  ""type"": ""Point""
}",-83.173588942,42.3843522560001
18212,9206873,M-39,LYNDON,2015-03-03,3,3,2015,13,3,8,3,,1,0,,6,4,1,55,3,2,2,5,0,0,0,0,true,,false,false,false,false,false,,,,,,false,false,false,,,false,false,false,false,false,-83.2177,42.39027,"{
  ""coordinates"": [
    -8.321770769800000e+01,
    4.239027397600010e+01
  ],
  ""type"": ""Point""
}","{
  ""coordinates"": [
    -83.217707698,
    42.390273976
  ],
  ""type"": ""Point""
}",-83.217707698,42.3902739760001
18213,9206846,I-75,SCHAEFER,2015-03-03,3,3,2015,11,3,1,1,,1,1,,3,7,1,70,4,1,1,5,0,0,0,0,true,,false,false,false,false,false,,,,,,false,false,false,,,false,false,false,false,false,-83.15799,42.27658,"{
  ""coordinates"": [
    -8.315798975099990e+01,
    4.227657902300010e+01
  ],
  ""type"": ""Point""
}","{
  ""coordinates"": [
    -83.157989751,
    42.276579023
  ],
  ""type"": ""Point""
}",-83.1579897509999,42.2765790230001
18214,9206963,OAKLAND,HOLBROOK,2015-03-03,3,3,2015,12,3,4,9,,4,0,,4,2,1,30,4,2,4,4,0,0,0,2,false,,false,false,true,false,false,,,,,,false,false,true,,,false,false,false,false,false,-83.07164,42.38443,"{
  ""coordinates"": [
    -8.307163738500000e+01,
    4.238442542200000e+01
  ],
  ""type"": ""Point""
}","{
  ""coordinates"": [
    -83.071637385,
    42.384425422
  ],
  ""type"": ""Point""
}",-83.071637385,42.384425422
18215,9204140,I96,M39,2015-03-03,3,3,2015,11,3,1,1,,1,1,,6,5,1,70,3,1,1,5,0,0,0,0,true,,false,false,false,false,false,,,,,,false,false,false,,,false,false,false,false,false,-83.21893,42.37857,"{
  ""coordinates"": [
    -8.321893667599990e+01,
    4.237857416400000e+01
  ],
  ""type"": ""Point""
}","{
  ""coordinates"": [
    -83.218936676,
    42.378574164
  ],
  ""type"": ""Point""
}",-83.2189366759999,42.378574164
18216,9205213,M-39,8 MILE,2015-03-03,3,3,2015,17,3,5,3,,1,0,,2,2,1,55,3,2,2,5,0,0,0,0,true,,false,false,false,false,false,,,,,,false,false,false,,,false,false,false,false,false,-83.21982,42.44333,"{
  ""coordinates"": [
    -8.321982012500000e+01,
    4.244333029300000e+01
  ],
  ""type"": ""Point""
}","{
  ""coordinates"": [
    -83.219820125,
    42.443330293
  ],
  ""type"": ""Point""
}",-83.219820125,42.443330293
18217,9206109,CASS,MICHIGAN,2015-03-03,3,3,2015,9,3,9,2,,4,2,,4,5,1,30,2,2,2,5,0,0,0,0,true,,false,false,false,false,false,,,,,,false,false,true,,,false,false,false,false,false,-83.05267,42.3317,"{
  ""coordinates"": [
    -8.305267707599999e+01,
    4.233169477700010e+01
  ],
  ""type"": ""Point""
}","{
  ""coordinates"": [
    -83.052677076,
    42.331694777
  ],
  ""type"": ""Point""
}",-83.052677076,42.3316947770001
18218,9232207,7 MILE,HOOVER,2015-03-03,3,3,2015,11,3,8,3,,4,0,,4,5,1,30,5,2,2,5,0,0,0,0,true,,false,false,false,false,false,,,,,,false,false,false,,,false,false,false,false,false,-83.0048,42.43442,"{
  ""coordinates"": [
    -8.300480170500001e+01,
    4.243442222300010e+01
  ],
  ""type"": ""Point""
}","{
  ""coordinates"": [
    -83.004801705,
    42.434422223
  ],
  ""type"": ""Point""
}",-83.004801705,42.4344222230001
18219,9332125,DAVISON,GABLE,2015-03-03,3,3,2015,20,3,8,9,,4,0,,1,1,5,30,6,2,1,3,0,0,1,0,false,,false,false,true,false,false,,,,,,false,false,false,,,false,false,true,false,false,-83.04193,42.42295,"{
  ""coordinates"": [
    -8.304193076699990e+01,
    4.242294678800000e+01
  ],
  ""type"": ""Point""
}","{
  ""coordinates"": [
    -83.041930767,
    42.422946788
  ],
  ""type"": ""Point""
}",-83.0419307669999,42.422946788
18220,9204174,I-75,DAVISON,2015-03-03,3,3,2015,11,3,97,1,,1,0,,3,7,1,55,3,2,2,5,0,0,0,0,true,,false,false,false,false,false,,,,,,false,false,false,,,false,false,false,false,false,-83.07809,42.40768,"{
  ""coordinates"": [
    -8.307808864799991e+01,
    4.240767596700000e+01
  ],
  ""type"": ""Point""
}","{
  ""coordinates"": [
    -83.078088648,
    42.407675967
  ],
  ""type"": ""Point""
}",-83.0780886479999,42.407675967
18221,9206975,SECOND,EUCLID,2015-03-03,3,3,2015,12,3,97,9,,4,0,,6,4,1,25,4,2,3,5,0,0,0,0,true,,true,false,false,false,false,,,,,,false,true,false,,,false,false,false,false,false,-83.08094,42.37605,"{
  ""coordinates"": [
    -8.308094231299999e+01,
    4.237605325200010e+01
  ],
  ""type"": ""Point""
}","{
  ""coordinates"": [
    -83.080942313,
    42.376053252
  ],
  ""type"": ""Point""
}",-83.080942313,42.3760532520001
18222,9206156,HARPER,FRONTENAC,2015-03-03,3,3,2015,20,3,1,9,,4,0,,4,1,5,30,2,1,1,4,0,0,0,1,false,,false,false,false,false,false,,,,,,false,false,false,,,false,false,false,false,false,-83.02684,42.38558,"{
  ""coordinates"": [
    -8.302684164000000e+01,
    4.238558105100000e+01
  ],
  ""type"": ""Point""
}","{
  ""coordinates"": [
    -83.02684164,
    42.385581051
  ],
  ""type"": ""Point""
}",-83.02684164,42.385581051
18223,9233031,MORANG,LANSDOWNE,2015-03-03,3,3,2015,7,3,8,9,,4,0,,4,1,1,30,2,2,1,5,0,0,0,0,true,,false,false,true,false,false,,,,,,false,false,false,,,false,false,false,false,false,-82.95114,42.42659,"{
  ""coordinates"": [
    -8.295113962200000e+01,
    4.242659160800010e+01
  ],
  ""type"": ""Point""
}","{
  ""coordinates"": [
    -82.951139622,
    42.426591608
  ],
  ""type"": ""Point""
}",-82.951139622,42.4265916080001
18224,9204280,GLENDALE,EVERGREEN,2015-03-03,3,3,2015,5,3,3,9,,4,0,,4,5,4,35,2,2,1,4,0,0,0,1,false,,false,false,true,false,false,,,,,,false,false,false,,,false,false,false,false,false,-83.23676,42.38265,"{
  ""coordinates"": [
    -8.323675747199999e+01,
    4.238265311700010e+01
  ],
  ""type"": ""Point""
}","{
  ""coordinates"": [
    -83.236757472,
    42.382653117
  ],
  ""type"": ""Point""
}",-83.236757472,42.3826531170001
18225,9205394,N I 75,RAMP 050C,2015-03-03,3,3,2015,17,3,5,1,,1,0,,2,1,1,70,4,2,2,5,0,0,0,0,true,,false,false,true,false,false,,,,,,false,false,false,,,false,false,false,false,false,-83.09487,42.44347,"{
  ""coordinates"": [
    -8.309487382499999e+01,
    4.244346662000000e+01
  ],
  ""type"": ""Point""
}","{
  ""coordinates"": [
    -83.094873825,
    42.44346662
  ],
  ""type"": ""Point""
}",-83.094873825,42.44346662
18226,9204157,RAMP 216D,E I 94,2015-03-03,3,3,2015,11,3,8,1,,1,0,,4,5,1,55,2,2,3,5,0,0,0,0,true,,false,false,true,false,false,,,,,,false,false,false,,,false,false,false,false,false,-83.05775,42.36856,"{
  ""coordinates"": [
    -8.305774900199999e+01,
    4.236855685800000e+01
  ],
  ""type"": ""Point""
}","{
  ""coordinates"": [
    -83.057749002,
    42.368556858
  ],
  ""type"": ""Point""
}",-83.057749002,42.368556858
18227,9202955,GREENFIELD,WHITLOCK,2015-03-03,3,3,2015,8,3,5,9,,2,0,,3,5,1,45,4,2,2,4,0,0,0,1,false,,false,false,false,false,false,,,,,,false,false,false,,,false,false,false,false,false,-83.19617,42.34088,"{
  ""coordinates"": [
    -8.319616878499990e+01,
    4.234087586000000e+01
  ],
  ""type"": ""Point""
}","{
  ""coordinates"": [
    -83.196168785,
    42.34087586
  ],
  ""type"": ""Point""
}",-83.1961687849999,42.34087586
18228,9204281,GREENFIELD,SCHOOLCRAFT,2015-03-03,3,3,2015,9,3,97,9,,2,0,,4,5,1,35,3,2,3,5,0,0,0,0,true,,false,false,false,false,false,,,,,,false,true,false,,,false,false,false,false,false,-83.19816,42.38705,"{
  ""coordinates"": [
    -8.319816192400000e+01,
    4.238705070100010e+01
  ],
  ""type"": ""Point""
}","{
  ""coordinates"": [
    -83.198161924,
    42.387050701
  ],
  ""type"": ""Point""
}",-83.198161924,42.3870507010001
18229,9205378,MORANG,LANSDOWNE,2015-03-03,3,3,2015,19,3,5,9,,4,0,,4,5,4,35,2,2,3,4,0,0,0,2,false,,false,false,true,false,false,,,,,,false,false,true,,,false,false,false,false,false,-82.95097,42.42652,"{
  ""coordinates"": [
    -8.295096859900001e+01,
    4.242652156400000e+01
  ],
  ""type"": ""Point""
}","{
  ""coordinates"": [
    -82.950968599,
    42.426521564
  ],
  ""type"": ""Point""
}",-82.950968599,42.426521564
18230,9213594,I-94,GRATIOT,2015-03-03,3,3,2015,11,3,8,1,,1,0,,97,98,98,55,3,2,2,5,0,0,0,0,true,,false,false,false,false,false,,,,,,false,false,false,,,false,false,false,false,false,-83.00983,42.39035,"{
  ""coordinates"": [
    -8.300982663799989e+01,
    4.239035550400010e+01
  ],
  ""type"": ""Point""
}","{
  ""coordinates"": [
    -83.009826638,
    42.390355504
  ],
  ""type"": ""Point""
}",-83.0098266379999,42.3903555040001
18231,9204163,M-10,HOWARD,2015-03-03,3,3,2015,8,3,1,3,,1,1,,4,5,1,45,3,1,1,5,0,0,0,0,true,,false,false,false,false,false,,,,,,false,false,false,,,false,false,false,false,false,-83.05385,42.32649,"{
  ""coordinates"": [
    -8.305384937699991e+01,
    4.232648860600010e+01
  ],
  ""type"": ""Point""
}","{
  ""coordinates"": [
    -83.053849377,
    42.326488606
  ],
  ""type"": ""Point""
}",-83.0538493769999,42.3264886060001
18232,9214739,RAMP 044D,S I 75,2015-03-03,3,3,2015,20,3,8,1,,1,0,,2,4,4,70,3,2,4,5,0,0,0,0,true,,false,false,true,false,false,,,,,,false,false,true,,,false,false,false,false,false,-83.05305,42.35851,"{
  ""coordinates"": [
    -8.305304684500000e+01,
    4.235851201200010e+01
  ],
  ""type"": ""Point""
}","{
  ""coordinates"": [
    -83.053046845,
    42.358512012
  ],
  ""type"": ""Point""
}",-83.053046845,42.3585120120001
18233,9210069,M-10,OUTER,2015-03-03,3,3,2015,15,3,8,3,,1,0,,6,2,1,55,3,2,3,5,0,0,0,0,true,,false,false,false,false,false,,,,,,false,false,true,,,false,false,false,false,false,-83.17341,42.41787,"{
  ""coordinates"": [
    -8.317341202300000e+01,
    4.241787215300010e+01
  ],
  ""type"": ""Point""
}","{
  ""coordinates"": [
    -83.173412023,
    42.417872153
  ],
  ""type"": ""Point""
}",-83.173412023,42.4178721530001
18234,9204168,I-75,M-8,2015-03-03,3,3,2015,15,3,8,1,,1,0,,3,1,1,55,4,2,2,5,0,0,0,0,true,,false,false,false,false,false,,,,,,false,true,false,,,false,false,false,false,false,-83.07948,42.40858,"{
  ""coordinates"": [
    -8.307948131599990e+01,
    4.240858023800010e+01
  ],
  ""type"": ""Point""
}","{
  ""coordinates"": [
    -83.079481316,
    42.408580238
  ],
  ""type"": ""Point""
}",-83.0794813159999,42.4085802380001
18235,9206006,RAMP 122E,RAMP 122I,2015-03-03,3,3,2015,9,3,1,3,,1,1,,3,5,1,35,1,1,1,5,0,0,0,0,true,,false,false,false,false,false,,,,,,false,false,false,,,false,false,false,false,false,-83.06444,42.33592,"{
  ""coordinates"": [
    -8.306443945900000e+01,
    4.233592306500000e+01
  ],
  ""type"": ""Point""
}","{
  ""coordinates"": [
    -83.064439459,
    42.335923065
  ],
  ""type"": ""Point""
}",-83.064439459,42.335923065
18236,9204152,I96,EVERGREEN,2015-03-03,3,3,2015,7,3,5,1,,1,0,,4,5,1,55,2,2,2,5,0,0,0,0,true,,false,false,false,false,false,,,,,,false,false,true,,,false,false,false,false,false,-83.23802,42.38128,"{
  ""coordinates"": [
    -8.323802371300000e+01,
    4.238127870400010e+01
  ],
  ""type"": ""Point""
}","{
  ""coordinates"": [
    -83.238023713,
    42.381278704
  ],
  ""type"": ""Point""
}",-83.238023713,42.3812787040001
18237,9204169,I-94,RUSSELL,2015-03-03,3,3,2015,16,3,5,1,,1,0,,3,1,1,55,3,2,2,5,0,0,0,0,true,,false,false,false,false,false,,,,,,false,false,false,,,false,false,false,false,false,-83.05585,42.3701,"{
  ""coordinates"": [
    -8.305585252000000e+01,
    4.237009750400010e+01
  ],
  ""type"": ""Point""
}","{
  ""coordinates"": [
    -83.05585252,
    42.370097504
  ],
  ""type"": ""Point""
}",-83.05585252,42.3700975040001
18238,9233005,OUTER,LAKEPOINTE,2015-03-03,3,3,2015,13,3,4,9,,2,0,,4,5,1,35,6,3,3,5,0,0,0,0,true,,false,false,false,false,false,,,,,,false,false,true,,,false,false,false,false,false,-82.95459,42.40301,"{
  ""coordinates"": [
    -8.295459029999989e+01,
    4.240300737300000e+01
  ],
  ""type"": ""Point""
}","{
  ""coordinates"": [
    -82.9545903,
    42.403007373
  ],
  ""type"": ""Point""
}",-82.9545902999999,42.403007373
18239,9221071,DAVISON,EWALD,2015-03-03,3,3,2015,13,3,5,3,,1,0,,4,5,1,30,8,2,1,5,0,0,0,0,true,,false,false,true,false,false,,,,,,false,false,true,,,false,false,false,false,false,-83.14513,42.38641,"{
  ""coordinates"": [
    -8.314512560799990e+01,
    4.238640829600010e+01
  ],
  ""type"": ""Point""
}","{
  ""coordinates"": [
    -83.145125608,
    42.386408296
  ],
  ""type"": ""Point""
}",-83.1451256079999,42.3864082960001
18240,9205353,GREENFIELD,TIREMAN,2015-03-03,3,3,2015,11,3,3,9,,2,0,,6,2,1,35,5,2,5,5,0,0,0,0,true,,false,false,true,false,false,,,,,,false,false,false,,,false,false,false,false,false,-83.19659,42.35081,"{
  ""coordinates"": [
    -8.319659657200000e+01,
    4.235081587900000e+01
  ],
  ""type"": ""Point""
}","{
  ""coordinates"": [
    -83.196596572,
    42.350815879
  ],
  ""type"": ""Point""
}",-83.196596572,42.350815879
18241,9206005,I-75,CLARK,2015-03-03,3,3,2015,7,3,8,1,,1,0,,3,5,1,55,4,2,2,5,0,0,0,0,true,,false,false,false,false,false,,,,,,false,false,true,,,false,false,false,false,false,-83.09042,42.31392,"{
  ""coordinates"": [
    -8.309042614200000e+01,
    4.231392427700010e+01
  ],
  ""type"": ""Point""
}","{
  ""coordinates"": [
    -83.090426142,
    42.313924277
  ],
  ""type"": ""Point""
}",-83.090426142,42.3139242770001
18242,9204282,7 MILE,GRAND RIVER,2015-03-03,3,3,2015,14,3,97,3,,,0,,4,1,1,35,2,2,2,5,0,0,0,0,true,,true,false,true,false,false,,,,,,false,false,false,,,false,false,false,false,false,-83.28441,42.42706,"{
  ""coordinates"": [
    -8.328440560099990e+01,
    4.242706353200000e+01
  ],
  ""type"": ""Point""
}","{
  ""coordinates"": [
    -83.284405601,
    42.427063532
  ],
  ""type"": ""Point""
}",-83.2844056009999,42.427063532
18243,9219897,WOODWARD,7 MILE,2015-03-03,3,3,2015,14,3,5,3,,1,0,,6,5,1,40,4,2,1,5,0,0,0,0,true,,false,false,false,false,false,,,,,,false,false,false,,,false,false,false,false,false,-83.11625,42.43335,"{
  ""coordinates"": [
    -8.311625237899990e+01,
    4.243334556900000e+01
  ],
  ""type"": ""Point""
}","{
  ""coordinates"": [
    -83.116252379,
    42.433345569
  ],
  ""type"": ""Point""
}",-83.1162523789999,42.433345569
18244,9210085,N M 39,W I 96 CD,2015-03-03,3,3,2015,14,3,5,3,,1,0,,4,5,1,55,3,2,2,5,0,0,0,0,true,,false,false,true,false,false,,,,,,false,false,false,,,false,false,false,false,false,-83.21697,42.37917,"{
  ""coordinates"": [
    -8.321697035100000e+01,
    4.237917198100010e+01
  ],
  ""type"": ""Point""
}","{
  ""coordinates"": [
    -83.216970351,
    42.379171981
  ],
  ""type"": ""Point""
}",-83.216970351,42.3791719810001
18245,9204178,I-96,MARTIN LUTHER KING,2015-03-03,3,3,2015,15,3,97,1,,1,0,,2,7,1,55,4,2,2,5,0,0,0,0,true,,false,false,false,false,false,,,,,,false,false,false,,,false,false,false,false,false,-83.09095,42.33691,"{
  ""coordinates"": [
    -8.309095086400001e+01,
    4.233690958000010e+01
  ],
  ""type"": ""Point""
}","{
  ""coordinates"": [
    -83.090950864,
    42.33690958
  ],
  ""type"": ""Point""
}",-83.090950864,42.3369095800001
18246,9206155,LARNED,SAINT AUBIN,2015-03-03,3,3,2015,19,3,97,9,,4,0,,2,5,4,30,3,2,0,2,0,1,0,0,false,,false,false,true,false,false,,,,,,true,false,false,,,false,false,false,false,false,-83.02644,42.33753,"{
  ""coordinates"": [
    -8.302644202499989e+01,
    4.233752725800010e+01
  ],
  ""type"": ""Point""
}","{
  ""coordinates"": [
    -83.026442025,
    42.337527258
  ],
  ""type"": ""Point""
}",-83.0264420249999,42.3375272580001
18247,9204138,I-96,MLK,2015-03-03,3,3,2015,13,3,1,1,,1,1,,3,4,1,55,4,1,1,5,0,0,0,0,true,,false,false,false,false,false,,,,,,false,false,false,,,false,false,false,false,false,-83.09303,42.33987,"{
  ""coordinates"": [
    -8.309302799800000e+01,
    4.233987458900000e+01
  ],
  ""type"": ""Point""
}","{
  ""coordinates"": [
    -83.093027998,
    42.339874589
  ],
  ""type"": ""Point""
}",-83.093027998,42.339874589
18248,9205351,CAMBRIDGE,AVON,2015-03-03,3,3,2015,8,3,4,9,,,0,,4,5,1,35,3,2,2,5,0,0,0,0,true,,true,false,true,false,false,,,,,,false,false,false,,,false,false,false,false,false,-83.22662,42.43164,"{
  ""coordinates"": [
    -8.322661579500000e+01,
    4.243164181500000e+01
  ],
  ""type"": ""Point""
}","{
  ""coordinates"": [
    -83.226615795,
    42.431641815
  ],
  ""type"": ""Point""
}",-83.226615795,42.431641815
18249,9204153,I96,CLARENDON,2015-03-03,3,3,2015,9,3,1,9,,,1,,4,5,1,70,4,1,1,5,0,0,0,0,true,,false,false,false,false,false,,,,,,false,false,false,,,false,false,false,false,false,-83.12646,42.36319,"{
  ""coordinates"": [
    -8.312645898499990e+01,
    4.236318499400010e+01
  ],
  ""type"": ""Point""
}","{
  ""coordinates"": [
    -83.126458985,
    42.363184994
  ],
  ""type"": ""Point""
}",-83.1264589849999,42.3631849940001