ObjectId,Crash ID,Primary Road,Intersecting Road,Crash Date,Day,Month,Year,Hour,Weekday,Crash Type Code,Highway Classification Code,Community Code,Jurisdiction Code,Lane Departure Type Code,Surface Type,Road Condition,Weather Condition,Lighting Condition,Speed Limit,Lanes,Units,Occupants,Most Severe Injury,Fatal Injuries,Suspected Serious Injuries,Suspected Minor Injuries,Possible Injuries,Property Damage Only,Secondary Crash,Traffic Control,Red Light Run,Hit and Run,Alcohol,Drugs,Unbelted Person,Work Zone,Speeding Driver,Distracted Driver,Driveway,Pedestrian,Elderly Driver,Young Driver,Commercial Vehicle,Emergency Vehicles,Train,School Bus,Motorcycle,Bicycle,Deer,Longitude,Latitude,geom,geog,x,y
18250,9211386,2269 ELMHURST,14TH,2015-03-03,3,3,2015,0,3,97,9,,4,0,,3,2,4,25,1,2,0,4,0,0,0,1,false,,false,false,true,false,false,,,,,,true,false,false,,,false,false,false,false,false,-83.11059,42.38657,"{
  ""coordinates"": [
    -8.311059076899990e+01,
    4.238657215700000e+01
  ],
  ""type"": ""Point""
}","{
  ""coordinates"": [
    -83.110590769,
    42.386572157
  ],
  ""type"": ""Point""
}",-83.1105907689999,42.386572157
18251,9204176,I-75,CLAY,2015-03-03,3,3,2015,13,3,8,1,,1,0,,3,7,1,55,4,2,2,5,0,0,0,0,true,,false,false,false,false,false,,,,,,false,false,false,,,false,false,false,false,false,-83.06244,42.37768,"{
  ""coordinates"": [
    -8.306243800100000e+01,
    4.237767772100010e+01
  ],
  ""type"": ""Point""
}","{
  ""coordinates"": [
    -83.062438001,
    42.377677721
  ],
  ""type"": ""Point""
}",-83.062438001,42.3776777210001
18252,9204175,I-75,MEADE,2015-03-03,3,3,2015,12,3,97,1,,1,0,,3,7,1,55,4,2,2,5,0,0,0,0,true,,false,false,false,false,false,,,,,,false,false,false,,,false,false,false,false,false,-83.07476,42.40557,"{
  ""coordinates"": [
    -8.307476273000000e+01,
    4.240557556600000e+01
  ],
  ""type"": ""Point""
}","{
  ""coordinates"": [
    -83.07476273,
    42.405575566
  ],
  ""type"": ""Point""
}",-83.07476273,42.405575566
18253,9206835,RAMP 008B,RAMP 008V,2015-03-03,3,3,2015,11,3,1,1,,1,1,,4,5,1,35,2,1,1,5,0,0,0,0,true,,false,false,false,false,false,,,,,,false,false,false,,,false,false,false,false,false,-83.21107,42.37808,"{
  ""coordinates"": [
    -8.321107594700000e+01,
    4.237807850200010e+01
  ],
  ""type"": ""Point""
}","{
  ""coordinates"": [
    -83.211075947,
    42.378078502
  ],
  ""type"": ""Point""
}",-83.211075947,42.3780785020001
18254,9206961,N I 75,I 75 SERVICE DRIVE,2015-03-03,3,3,2015,15,3,5,1,,1,0,,2,4,1,55,4,2,1,5,0,0,0,0,true,,false,false,false,false,false,,,,,,false,false,false,,,false,false,false,false,false,-83.09468,42.43303,"{
  ""coordinates"": [
    -8.309468429600000e+01,
    4.243303187300010e+01
  ],
  ""type"": ""Point""
}","{
  ""coordinates"": [
    -83.094684296,
    42.433031873
  ],
  ""type"": ""Point""
}",-83.094684296,42.4330318730001
18255,9204173,I-75,DEARBORN,2015-03-03,3,3,2015,11,3,5,1,,1,0,,3,7,1,70,4,2,2,5,0,0,0,0,true,,false,false,false,false,false,,,,,,false,false,false,,,false,false,false,false,false,-83.12727,42.29427,"{
  ""coordinates"": [
    -8.312727251000000e+01,
    4.229426472300000e+01
  ],
  ""type"": ""Point""
}","{
  ""coordinates"": [
    -83.12727251,
    42.294264723
  ],
  ""type"": ""Point""
}",-83.12727251,42.294264723
18256,9206134,CAMPBELL,CHRISTIANCY,2015-03-03,3,3,2015,15,3,4,9,,,0,,3,4,1,25,1,2,2,5,0,0,0,0,true,,false,false,false,false,false,,,,,,false,false,true,,,false,false,false,false,false,-83.1021,42.31465,"{
  ""coordinates"": [
    -8.310209367600000e+01,
    4.231465001000000e+01
  ],
  ""type"": ""Point""
}","{
  ""coordinates"": [
    -83.102093676,
    42.31465001
  ],
  ""type"": ""Point""
}",-83.102093676,42.31465001
18257,9204279,NORTHROPE,7MILE,2015-03-03,3,3,2015,9,3,97,9,,,0,,4,5,1,25,1,2,0,5,0,0,0,0,true,,false,false,true,false,false,,,,,,false,false,false,,,false,false,false,false,false,-83.26208,42.43187,"{
  ""coordinates"": [
    -8.326207969700000e+01,
    4.243186950100010e+01
  ],
  ""type"": ""Point""
}","{
  ""coordinates"": [
    -83.262079697,
    42.431869501
  ],
  ""type"": ""Point""
}",-83.262079697,42.4318695010001
18258,9204164,DAVISON,WOODROW WILSON,2015-03-03,3,3,2015,9,3,97,3,,1,0,,4,5,1,35,3,2,2,5,0,0,0,0,true,,false,false,false,false,false,,,,,,false,false,false,,,false,false,false,false,false,-83.11523,42.39554,"{
  ""coordinates"": [
    -8.311522806499990e+01,
    4.239553656900010e+01
  ],
  ""type"": ""Point""
}","{
  ""coordinates"": [
    -83.115228065,
    42.395536569
  ],
  ""type"": ""Point""
}",-83.1152280649999,42.3955365690001
18259,9206845,I-75,SPRINGWELLS,2015-03-03,3,3,2015,11,3,8,1,,1,0,,4,5,1,70,4,2,3,5,0,0,0,0,true,,false,false,false,false,false,,,,,,false,true,false,,,false,false,false,false,false,-83.11502,42.303,"{
  ""coordinates"": [
    -8.311502028000000e+01,
    4.230300060700010e+01
  ],
  ""type"": ""Point""
}","{
  ""coordinates"": [
    -83.11502028,
    42.303000607
  ],
  ""type"": ""Point""
}",-83.11502028,42.3030006070001
18260,9205397,CURTIS,SANTA BARBARA,2015-03-03,3,3,2015,22,3,4,9,,4,0,,3,2,4,25,4,3,3,5,0,0,0,0,true,,true,false,true,false,false,,,,,,false,false,false,,,false,false,false,false,false,-83.14911,42.42431,"{
  ""coordinates"": [
    -8.314911149800000e+01,
    4.242430844600010e+01
  ],
  ""type"": ""Point""
}","{
  ""coordinates"": [
    -83.149111498,
    42.424308446
  ],
  ""type"": ""Point""
}",-83.149111498,42.4243084460001
18261,9204276,N M 10,RAMP 215C,2015-03-03,3,3,2015,8,3,1,3,,1,1,,6,5,4,55,3,1,1,5,0,0,0,0,true,,false,false,false,false,false,,,,,,false,false,false,,,false,false,false,false,false,-83.07435,42.35555,"{
  ""coordinates"": [
    -8.307434764999989e+01,
    4.235554804900000e+01
  ],
  ""type"": ""Point""
}","{
  ""coordinates"": [
    -83.07434765,
    42.355548049
  ],
  ""type"": ""Point""
}",-83.0743476499999,42.355548049
18262,9205392,PURITAN,OHIO,2015-03-03,3,3,2015,19,3,8,9,,4,0,,3,2,4,30,2,2,1,4,0,0,0,1,false,,false,false,true,false,false,,,,,,false,false,false,,,false,false,false,false,false,-83.1556,42.40975,"{
  ""coordinates"": [
    -8.315560208399999e+01,
    4.240975167100000e+01
  ],
  ""type"": ""Point""
}","{
  ""coordinates"": [
    -83.155602084,
    42.409751671
  ],
  ""type"": ""Point""
}",-83.155602084,42.409751671
18263,9204278,8MILE,LAHSER,2015-03-03,3,3,2015,14,3,8,3,,1,0,,3,5,1,45,3,2,3,5,0,0,0,0,true,,false,false,false,false,false,,,,,,false,false,false,,,false,false,false,false,false,-83.25958,42.44321,"{
  ""coordinates"": [
    -8.325958580199990e+01,
    4.244321493300000e+01
  ],
  ""type"": ""Point""
}","{
  ""coordinates"": [
    -83.259585802,
    42.443214933
  ],
  ""type"": ""Point""
}",-83.2595858019999,42.443214933
18264,9209269,W I 94,HARPER,2015-03-03,3,3,2015,13,3,8,1,,1,0,,6,6,1,55,3,2,3,5,0,0,0,0,true,,false,false,false,false,false,,,,,,false,false,false,,,false,false,false,false,false,-82.94762,42.40976,"{
  ""coordinates"": [
    -8.294762720999999e+01,
    4.240976105100000e+01
  ],
  ""type"": ""Point""
}","{
  ""coordinates"": [
    -82.94762721,
    42.409761051
  ],
  ""type"": ""Point""
}",-82.94762721,42.409761051
18265,9204133,I 75,SPRINGWELLS,2015-03-03,3,3,2015,3,3,1,1,,1,1,,1,1,5,55,4,1,1,5,0,0,0,0,true,,false,false,false,true,false,,,,,,false,false,false,,,false,false,false,false,false,-83.12237,42.29951,"{
  ""coordinates"": [
    -8.312236556200000e+01,
    4.229950821000010e+01
  ],
  ""type"": ""Point""
}","{
  ""coordinates"": [
    -83.122365562,
    42.29950821
  ],
  ""type"": ""Point""
}",-83.122365562,42.2995082100001
18266,9209270,W I 94,NOTTINGHAM,2015-03-03,3,3,2015,14,3,5,1,,1,0,,6,5,1,55,3,4,5,4,0,0,0,1,false,,false,false,false,false,false,,,,,,false,true,false,,,false,false,false,false,false,-82.95235,42.40731,"{
  ""coordinates"": [
    -8.295235081200001e+01,
    4.240731373500010e+01
  ],
  ""type"": ""Point""
}","{
  ""coordinates"": [
    -82.952350812,
    42.407313735
  ],
  ""type"": ""Point""
}",-82.952350812,42.4073137350001
18267,9206168,RYAN,NEVADA,2015-03-03,3,3,2015,10,3,5,9,,4,0,,4,5,1,30,2,2,2,5,0,0,0,0,true,,false,false,false,false,false,,,,,,false,true,false,,,false,false,false,false,false,-83.06269,42.42577,"{
  ""coordinates"": [
    -8.306268959700000e+01,
    4.242577047400000e+01
  ],
  ""type"": ""Point""
}","{
  ""coordinates"": [
    -83.062689597,
    42.425770474
  ],
  ""type"": ""Point""
}",-83.062689597,42.425770474
18268,9206906,I-75,SPRINGWELLS,2015-03-03,3,3,2015,10,3,1,1,,1,1,,3,5,1,70,4,1,1,5,0,0,0,0,true,,false,false,false,false,false,,,,,,false,false,false,,,false,false,false,false,false,-83.11926,42.30159,"{
  ""coordinates"": [
    -8.311925632700000e+01,
    4.230159266600000e+01
  ],
  ""type"": ""Point""
}","{
  ""coordinates"": [
    -83.119256327,
    42.301592666
  ],
  ""type"": ""Point""
}",-83.119256327,42.301592666
18269,9206149,PURITAN,MURRAY,2015-03-03,3,3,2015,14,3,2,9,,4,2,,6,5,1,30,2,2,2,5,0,0,0,0,true,,false,false,false,false,false,,,,,,false,true,false,,,false,false,false,false,false,-83.20744,42.40858,"{
  ""coordinates"": [
    -8.320744048200000e+01,
    4.240858341500010e+01
  ],
  ""type"": ""Point""
}","{
  ""coordinates"": [
    -83.207440482,
    42.408583415
  ],
  ""type"": ""Point""
}",-83.207440482,42.4085834150001
18270,9206973,WOODWARD,HARPER,2015-03-03,3,3,2015,8,3,5,3,,1,0,,4,5,1,25,2,2,2,5,0,0,0,0,true,,false,false,false,false,false,,,,,,false,false,false,,,false,false,false,false,false,-83.06992,42.36512,"{
  ""coordinates"": [
    -8.306991951899990e+01,
    4.236512409800010e+01
  ],
  ""type"": ""Point""
}","{
  ""coordinates"": [
    -83.069919519,
    42.365124098
  ],
  ""type"": ""Point""
}",-83.0699195189999,42.3651240980001
18271,9206178,MCNICHOLS,OAKLAND,2015-03-03,3,3,2015,19,3,5,9,,2,0,,6,1,5,0,3,2,3,4,0,0,0,1,false,,false,false,false,false,false,,,,,,false,false,false,,,false,false,false,false,false,-83.09423,42.41809,"{
  ""coordinates"": [
    -8.309422718199990e+01,
    4.241808955600000e+01
  ],
  ""type"": ""Point""
}","{
  ""coordinates"": [
    -83.094227182,
    42.418089556
  ],
  ""type"": ""Point""
}",-83.0942271819999,42.418089556
18272,9204179,W I 96,RAMP 213J,2015-03-03,3,3,2015,15,3,97,1,,1,0,,3,7,1,55,4,3,3,5,0,0,0,0,true,,false,false,false,false,false,,,,,,false,true,false,,,false,false,false,false,false,-83.09812,42.34904,"{
  ""coordinates"": [
    -8.309812486600001e+01,
    4.234903587500000e+01
  ],
  ""type"": ""Point""
}","{
  ""coordinates"": [
    -83.098124866,
    42.349035875
  ],
  ""type"": ""Point""
}",-83.098124866,42.349035875
18273,9205368,MANSFIELD,MARGARETA,2015-03-03,3,3,2015,17,3,9,9,,,0,,4,5,3,25,2,2,1,5,0,0,0,0,true,,false,false,false,false,false,,,,,,false,false,false,,,false,false,false,false,false,-83.20618,42.4264,"{
  ""coordinates"": [
    -8.320617885900000e+01,
    4.242640120300010e+01
  ],
  ""type"": ""Point""
}","{
  ""coordinates"": [
    -83.206178859,
    42.426401203
  ],
  ""type"": ""Point""
}",-83.206178859,42.4264012030001
18274,9206112,GRATIOT,WOODWARD,2015-03-03,3,3,2015,17,3,9,9,,4,0,,4,2,2,45,3,2,3,5,0,0,0,0,true,,false,false,false,false,false,,,,,,false,false,false,,,false,false,false,false,false,-83.04782,42.33292,"{
  ""coordinates"": [
    -8.304782443200000e+01,
    4.233292214400010e+01
  ],
  ""type"": ""Point""
}","{
  ""coordinates"": [
    -83.047824432,
    42.332922144
  ],
  ""type"": ""Point""
}",-83.047824432,42.3329221440001
18275,9204134,E I 96 CD,RAMP 135A,2015-03-03,3,3,2015,20,3,8,1,,1,0,,6,2,4,70,2,2,2,5,0,0,0,0,true,,false,false,false,false,false,,,,,,false,false,false,,,false,false,false,false,false,-83.24366,42.38499,"{
  ""coordinates"": [
    -8.324365722800000e+01,
    4.238499295300010e+01
  ],
  ""type"": ""Point""
}","{
  ""coordinates"": [
    -83.243657228,
    42.384992953
  ],
  ""type"": ""Point""
}",-83.243657228,42.3849929530001
18276,9206814,E I 96,GREENFIELD,2015-03-03,3,3,2015,13,3,8,1,,1,0,,3,4,1,70,3,3,3,4,0,0,0,1,false,,false,false,false,false,false,,,,,,false,false,true,,,false,false,false,false,false,-83.19756,42.37906,"{
  ""coordinates"": [
    -8.319756451200000e+01,
    4.237906410900010e+01
  ],
  ""type"": ""Point""
}","{
  ""coordinates"": [
    -83.197564512,
    42.379064109
  ],
  ""type"": ""Point""
}",-83.197564512,42.3790641090001
18277,9206169,NUERNBERG,VAN DYKE,2015-03-03,3,3,2015,11,3,4,3,,,0,,4,5,1,25,1,2,2,5,0,0,0,0,true,,false,false,false,false,false,,,,,,false,false,false,,,false,false,false,false,false,-83.02372,42.41796,"{
  ""coordinates"": [
    -8.302372288299991e+01,
    4.241795551700010e+01
  ],
  ""type"": ""Point""
}","{
  ""coordinates"": [
    -83.023722883,
    42.417955517
  ],
  ""type"": ""Point""
}",-83.0237228829999,42.4179555170001
18278,9205345,HUBBELL,TYLER,2015-03-03,3,3,2015,1,3,8,9,,4,0,,1,1,4,25,2,2,0,5,0,0,0,0,true,,false,false,true,false,false,,,,,,false,false,false,,,false,false,false,false,false,-83.18831,42.38393,"{
  ""coordinates"": [
    -8.318831028800000e+01,
    4.238392880200010e+01
  ],
  ""type"": ""Point""
}","{
  ""coordinates"": [
    -83.188310288,
    42.383928802
  ],
  ""type"": ""Point""
}",-83.188310288,42.3839288020001
18279,9204158,I-94,CONNER,2015-03-03,3,3,2015,12,3,8,1,,1,0,,3,7,1,55,3,3,4,4,0,0,0,1,false,,false,false,false,false,false,,,,,,false,false,false,,,false,false,false,false,false,-82.99106,42.39401,"{
  ""coordinates"": [
    -8.299105838199991e+01,
    4.239401119500010e+01
  ],
  ""type"": ""Point""
}","{
  ""coordinates"": [
    -82.991058382,
    42.394011195
  ],
  ""type"": ""Point""
}",-82.9910583819999,42.3940111950001
18280,9205376,EIGHT MILE,TRINITY,2015-03-03,3,3,2015,14,3,5,3,,1,0,,4,5,1,35,3,2,2,5,0,0,0,0,true,,false,false,false,false,false,,,,,,false,false,false,,,false,false,false,false,false,-83.25035,42.44345,"{
  ""coordinates"": [
    -8.325035193799989e+01,
    4.244345625500010e+01
  ],
  ""type"": ""Point""
}","{
  ""coordinates"": [
    -83.250351938,
    42.443456255
  ],
  ""type"": ""Point""
}",-83.2503519379999,42.4434562550001
18281,9207022,GRAND RIVER,GLASTONBURY,2015-03-03,3,3,2015,22,3,8,3,,1,0,,2,1,4,35,5,2,5,5,0,0,0,0,true,,false,false,false,false,false,,,,,,false,false,true,,,false,false,false,false,false,-83.22368,42.40287,"{
  ""coordinates"": [
    -8.322367543500000e+01,
    4.240286754800010e+01
  ],
  ""type"": ""Point""
}","{
  ""coordinates"": [
    -83.223675435,
    42.402867548
  ],
  ""type"": ""Point""
}",-83.223675435,42.4028675480001
18282,9205346,PENROD,SCHOOLCRAFT,2015-03-02,2,3,2015,6,2,4,9,,,0,,1,1,2,30,4,2,3,4,0,0,0,2,false,,false,false,true,false,false,,,,,,false,false,true,,,false,false,false,false,false,-83.22102,42.38661,"{
  ""coordinates"": [
    -8.322101676599991e+01,
    4.238660701800010e+01
  ],
  ""type"": ""Point""
}","{
  ""coordinates"": [
    -83.221016766,
    42.386607018
  ],
  ""type"": ""Point""
}",-83.2210167659999,42.3866070180001
18283,9205366,CARRIE,LANTZ,2015-03-02,2,3,2015,16,2,8,9,,,0,,1,1,1,25,2,2,2,5,0,0,0,0,true,,false,false,true,false,false,,,,,,false,false,false,,,false,false,false,false,false,-83.0309,42.43885,"{
  ""coordinates"": [
    -8.303090225200000e+01,
    4.243885349100000e+01
  ],
  ""type"": ""Point""
}","{
  ""coordinates"": [
    -83.030902252,
    42.438853491
  ],
  ""type"": ""Point""
}",-83.030902252,42.438853491
18284,9202938,CORNWALL,BEDFORD,2015-03-02,2,3,2015,13,2,1,9,,,1,,6,1,1,25,2,1,4,5,0,0,0,0,true,,false,false,false,false,false,,,,,,false,false,false,,,false,false,false,false,false,-82.93965,42.40038,"{
  ""coordinates"": [
    -8.293965081300000e+01,
    4.240037798300010e+01
  ],
  ""type"": ""Point""
}","{
  ""coordinates"": [
    -82.939650813,
    42.400377983
  ],
  ""type"": ""Point""
}",-82.939650813,42.4003779830001
18285,9202909,TRUMBULL,KIRBY,2015-03-02,2,3,2015,9,2,97,1,,4,0,,1,1,1,35,2,2,1,5,0,0,0,0,true,,false,false,true,false,false,,,,,,false,false,true,,,false,false,false,false,false,-83.0806,42.35536,"{
  ""coordinates"": [
    -8.308059521300000e+01,
    4.235535624200000e+01
  ],
  ""type"": ""Point""
}","{
  ""coordinates"": [
    -83.080595213,
    42.355356242
  ],
  ""type"": ""Point""
}",-83.080595213,42.355356242
18286,9203137,DAVISON,LIVERNOIS,2015-03-02,2,3,2015,10,2,3,3,,1,0,,1,1,1,35,7,3,3,5,0,0,0,0,true,,false,false,false,false,false,,,,,,false,false,false,,,false,false,false,false,false,-83.1395,42.38649,"{
  ""coordinates"": [
    -8.313949418100000e+01,
    4.238649429200010e+01
  ],
  ""type"": ""Point""
}","{
  ""coordinates"": [
    -83.139494181,
    42.386494292
  ],
  ""type"": ""Point""
}",-83.139494181,42.3864942920001
18287,9202953,CHICAGO,ST MARYS,2015-03-02,2,3,2015,9,2,8,9,,4,0,,1,1,1,30,2,2,2,5,0,0,0,0,true,,false,false,false,false,false,,,,,,false,true,false,,,false,false,false,false,false,-83.20461,42.36526,"{
  ""coordinates"": [
    -8.320460792300000e+01,
    4.236525724600010e+01
  ],
  ""type"": ""Point""
}","{
  ""coordinates"": [
    -83.204607923,
    42.365257246
  ],
  ""type"": ""Point""
}",-83.204607923,42.3652572460001
18288,9202979,GRAND RIVER,TELEGRAPH,2015-03-02,2,3,2015,6,2,5,3,,1,0,,1,1,2,45,5,2,1,5,0,0,0,0,true,,false,false,true,false,false,,,,,,false,false,false,,,false,false,false,false,false,-83.27734,42.42455,"{
  ""coordinates"": [
    -8.327733484299991e+01,
    4.242454497500010e+01
  ],
  ""type"": ""Point""
}","{
  ""coordinates"": [
    -83.277334843,
    42.424544975
  ],
  ""type"": ""Point""
}",-83.2773348429999,42.4245449750001
18289,9204318,WOODWARD,BALTIMORE,2015-03-02,2,3,2015,11,2,4,3,,1,0,,2,1,1,30,7,2,2,5,0,0,0,0,true,,true,true,false,false,false,,,,,,false,true,true,,,false,false,false,false,false,-83.07209,42.36841,"{
  ""coordinates"": [
    -8.307208987699990e+01,
    4.236841096800000e+01
  ],
  ""type"": ""Point""
}","{
  ""coordinates"": [
    -83.072089877,
    42.368410968
  ],
  ""type"": ""Point""
}",-83.0720898769999,42.368410968
18290,9203019,GRAND RIVER,ARCHDALE,2015-03-02,2,3,2015,17,2,5,3,,1,0,,1,1,1,35,7,2,2,4,0,0,0,1,false,,false,false,false,false,false,,,,,,false,false,false,,,false,false,false,false,false,-83.21615,42.39983,"{
  ""coordinates"": [
    -8.321614527500000e+01,
    4.239983507200000e+01
  ],
  ""type"": ""Point""
}","{
  ""coordinates"": [
    -83.216145275,
    42.399835072
  ],
  ""type"": ""Point""
}",-83.216145275,42.399835072
18291,9205341,ROBSON,BELTON,2015-03-02,2,3,2015,8,2,4,9,,,0,,3,1,1,25,2,2,4,5,0,0,0,0,true,,false,false,false,false,false,,,,,,false,false,false,,,false,false,false,false,false,-83.1914,42.35352,"{
  ""coordinates"": [
    -8.319139537300001e+01,
    4.235351811700010e+01
  ],
  ""type"": ""Point""
}","{
  ""coordinates"": [
    -83.191395373,
    42.353518117
  ],
  ""type"": ""Point""
}",-83.191395373,42.3535181170001
18292,9202569,I75,VERNOR,2015-03-02,2,3,2015,15,2,1,1,,1,1,,3,1,1,55,2,1,3,5,0,0,0,0,true,,false,false,false,false,false,,,,,,false,false,false,,,false,false,false,false,false,-83.12892,42.2918,"{
  ""coordinates"": [
    -8.312891864200000e+01,
    4.229180012700000e+01
  ],
  ""type"": ""Point""
}","{
  ""coordinates"": [
    -83.128918642,
    42.291800127
  ],
  ""type"": ""Point""
}",-83.128918642,42.291800127
18293,9202615,I-94,M-10,2015-03-02,2,3,2015,16,2,5,1,,1,0,,1,1,1,55,3,3,5,5,0,0,0,0,true,,false,false,false,false,false,,,,,,false,false,true,,,false,false,false,false,false,-83.07246,42.36174,"{
  ""coordinates"": [
    -8.307245320899990e+01,
    4.236174539800000e+01
  ],
  ""type"": ""Point""
}","{
  ""coordinates"": [
    -83.072453209,
    42.361745398
  ],
  ""type"": ""Point""
}",-83.0724532089999,42.361745398
18294,9205391,VIRGINIA PARK,GRAND RIVER,2015-03-02,2,3,2015,23,2,5,3,,,0,,3,2,5,25,2,2,0,5,0,0,0,0,true,,false,false,true,false,false,,,,,,false,false,false,,,false,false,false,false,false,-83.11897,42.36096,"{
  ""coordinates"": [
    -8.311897020000001e+01,
    4.236096086800010e+01
  ],
  ""type"": ""Point""
}","{
  ""coordinates"": [
    -83.1189702,
    42.360960868
  ],
  ""type"": ""Point""
}",-83.1189702,42.3609608680001
18295,9205352,FULLERTON,GRIGGS,2015-03-02,2,3,2015,20,2,4,9,,4,0,,1,1,5,35,2,2,4,4,0,0,0,2,false,,false,false,true,false,false,,,,,,false,false,true,,,false,false,false,false,false,-83.16199,42.38065,"{
  ""coordinates"": [
    -8.316199696699989e+01,
    4.238065450800010e+01
  ],
  ""type"": ""Point""
}","{
  ""coordinates"": [
    -83.161996967,
    42.380654508
  ],
  ""type"": ""Point""
}",-83.1619969669999,42.3806545080001
18296,9205350,SIX MILE,LINDSAY,2015-03-02,2,3,2015,23,2,8,9,,2,0,,1,1,4,35,6,2,2,5,0,0,0,0,true,,false,false,true,false,false,,,,,,false,false,false,,,false,false,false,false,false,-83.21331,42.41566,"{
  ""coordinates"": [
    -8.321330724400001e+01,
    4.241566553900000e+01
  ],
  ""type"": ""Point""
}","{
  ""coordinates"": [
    -83.213307244,
    42.415665539
  ],
  ""type"": ""Point""
}",-83.213307244,42.415665539
18297,9202950,LAHSER,VERNE,2015-03-02,2,3,2015,16,2,8,9,,2,0,,1,1,1,35,2,2,2,5,0,0,0,0,true,,false,false,false,false,false,,,,,,false,false,false,,,false,false,false,false,false,-83.25729,42.4112,"{
  ""coordinates"": [
    -8.325729306600000e+01,
    4.241120187700010e+01
  ],
  ""type"": ""Point""
}","{
  ""coordinates"": [
    -83.257293066,
    42.411201877
  ],
  ""type"": ""Point""
}",-83.257293066,42.4112018770001
18298,9209400,SCHOENHERR,BRINGARD,2015-03-02,2,3,2015,10,2,4,9,,4,0,,1,1,1,35,5,2,1,5,0,0,0,0,true,,true,true,true,false,false,,,,,,false,true,false,,,false,false,false,false,false,-82.98553,42.4458,"{
  ""coordinates"": [
    -8.298552744100000e+01,
    4.244580042800000e+01
  ],
  ""type"": ""Point""
}","{
  ""coordinates"": [
    -82.985527441,
    42.445800428
  ],
  ""type"": ""Point""
}",-82.985527441,42.445800428
18299,9202954,MCNICHOLS,PIERSON,2015-03-02,2,3,2015,10,2,5,9,,2,0,,1,1,1,35,4,2,2,4,0,0,0,1,false,,false,false,false,false,false,,,,,,false,false,true,,,false,false,false,false,false,-83.24661,42.41478,"{
  ""coordinates"": [
    -8.324661082599989e+01,
    4.241477584500010e+01
  ],
  ""type"": ""Point""
}","{
  ""coordinates"": [
    -83.246610826,
    42.414775845
  ],
  ""type"": ""Point""
}",-83.2466108259999,42.4147758450001
18300,9202614,E I 94,RAMP 214D,2015-03-02,2,3,2015,11,2,5,1,,1,0,,1,1,1,55,3,2,2,5,0,0,0,0,true,,false,false,false,false,false,,,,,,false,false,false,,,false,false,false,false,false,-83.08443,42.3547,"{
  ""coordinates"": [
    -8.308443704599991e+01,
    4.235470259800010e+01
  ],
  ""type"": ""Point""
}","{
  ""coordinates"": [
    -83.084437046,
    42.354702598
  ],
  ""type"": ""Point""
}",-83.0844370459999,42.3547025980001
18301,9206174,MOUND,8 MILE,2015-03-02,2,3,2015,15,2,5,3,,2,0,,1,1,1,40,3,2,1,5,0,0,0,0,true,,false,false,true,false,false,,,,,,false,false,true,,,false,false,false,false,false,-83.04427,42.44779,"{
  ""coordinates"": [
    -8.304427572400000e+01,
    4.244779334400000e+01
  ],
  ""type"": ""Point""
}","{
  ""coordinates"": [
    -83.044275724,
    42.447793344
  ],
  ""type"": ""Point""
}",-83.044275724,42.447793344
18302,9206970,14TH,FERRY PARK,2015-03-02,2,3,2015,9,2,9,9,,4,2,,3,1,1,30,3,2,2,5,0,0,0,0,true,,false,false,false,false,false,,,,,,false,false,true,,,false,false,false,false,false,-83.0937,42.36115,"{
  ""coordinates"": [
    -8.309369947999990e+01,
    4.236114990200010e+01
  ],
  ""type"": ""Point""
}","{
  ""coordinates"": [
    -83.09369948,
    42.361149902
  ],
  ""type"": ""Point""
}",-83.0936994799999,42.3611499020001
18303,9202632,E I 96,RAMP 134A,2015-03-02,2,3,2015,8,2,1,1,,1,0,,1,1,1,70,4,1,3,5,0,0,0,0,true,,false,false,false,false,false,,,,,,false,false,false,,,false,false,false,false,false,-83.26106,42.38553,"{
  ""coordinates"": [
    -8.326106226600000e+01,
    4.238553410400000e+01
  ],
  ""type"": ""Point""
}","{
  ""coordinates"": [
    -83.261062266,
    42.385534104
  ],
  ""type"": ""Point""
}",-83.261062266,42.385534104
18304,9214717,RAMP 217F,E I 94,2015-03-02,2,3,2015,3,2,8,1,,1,0,,1,2,4,55,4,2,2,5,0,0,0,0,true,,false,false,true,false,false,,,,,,false,false,false,,,false,false,false,false,false,-83.03261,42.37978,"{
  ""coordinates"": [
    -8.303260920400000e+01,
    4.237977709600010e+01
  ],
  ""type"": ""Point""
}","{
  ""coordinates"": [
    -83.032609204,
    42.379777096
  ],
  ""type"": ""Point""
}",-83.032609204,42.3797770960001
18305,9204286,VAN DYKE,MARCUS,2015-03-02,2,3,2015,19,2,4,3,,1,0,,1,1,4,35,3,2,2,5,0,0,0,0,true,,false,false,false,false,false,,,,,,false,true,false,,,false,false,false,false,false,-83.02278,42.39567,"{
  ""coordinates"": [
    -8.302277865400001e+01,
    4.239566758400010e+01
  ],
  ""type"": ""Point""
}","{
  ""coordinates"": [
    -83.022778654,
    42.395667584
  ],
  ""type"": ""Point""
}",-83.022778654,42.3956675840001
18306,9202621,I-94,MT ELLIOT,2015-03-02,2,3,2015,17,2,5,1,,1,0,,1,1,1,55,3,3,3,5,0,0,0,0,true,,false,false,false,false,false,,,,,,false,false,false,,,false,false,false,false,false,-83.03251,42.38021,"{
  ""coordinates"": [
    -8.303250817599999e+01,
    4.238021641500010e+01
  ],
  ""type"": ""Point""
}","{
  ""coordinates"": [
    -83.032508176,
    42.380216415
  ],
  ""type"": ""Point""
}",-83.032508176,42.3802164150001