ObjectId,Crash ID,Primary Road,Intersecting Road,Crash Date,Day,Month,Year,Hour,Weekday,Crash Type Code,Highway Classification Code,Community Code,Jurisdiction Code,Lane Departure Type Code,Surface Type,Road Condition,Weather Condition,Lighting Condition,Speed Limit,Lanes,Units,Occupants,Most Severe Injury,Fatal Injuries,Suspected Serious Injuries,Suspected Minor Injuries,Possible Injuries,Property Damage Only,Secondary Crash,Traffic Control,Red Light Run,Hit and Run,Alcohol,Drugs,Unbelted Person,Work Zone,Speeding Driver,Distracted Driver,Driveway,Pedestrian,Elderly Driver,Young Driver,Commercial Vehicle,Emergency Vehicles,Train,School Bus,Motorcycle,Bicycle,Deer,Longitude,Latitude,geom,geog,x,y
18307,9206817,M-39,7 MILE,2015-03-02,2,3,2015,9,2,5,3,,1,0,,1,1,1,55,3,2,2,3,0,0,1,0,false,,false,false,false,false,false,,,,,,false,false,false,,,false,false,false,false,false,-83.21895,42.42277,"{
  ""coordinates"": [
    -8.321894924899991e+01,
    4.242276860800010e+01
  ],
  ""type"": ""Point""
}","{
  ""coordinates"": [
    -83.218949249,
    42.422768608
  ],
  ""type"": ""Point""
}",-83.2189492489999,42.4227686080001
18308,9202936,THREE MILE,HARPER,2015-03-02,2,3,2015,1,2,1,9,,,0,,3,1,5,25,2,2,0,3,0,0,1,0,false,,false,false,true,false,false,,,,,,true,false,false,,,false,false,false,false,false,-82.94511,42.41023,"{
  ""coordinates"": [
    -8.294511456100000e+01,
    4.241023151100010e+01
  ],
  ""type"": ""Point""
}","{
  ""coordinates"": [
    -82.945114561,
    42.410231511
  ],
  ""type"": ""Point""
}",-82.945114561,42.4102315110001
18309,9202551,W I 96,RAMP 008X,2015-03-02,2,3,2015,0,2,1,1,,1,1,,1,2,4,70,3,1,2,4,0,0,0,1,false,,false,false,false,false,false,,,,,,false,false,true,,,false,false,false,false,false,-83.20775,42.37903,"{
  ""coordinates"": [
    -8.320775068700000e+01,
    4.237902866000010e+01
  ],
  ""type"": ""Point""
}","{
  ""coordinates"": [
    -83.207750687,
    42.37902866
  ],
  ""type"": ""Point""
}",-83.207750687,42.3790286600001
18310,9206141,WATERMAN,FORT,2015-03-02,2,3,2015,12,2,8,9,,4,3,,1,1,1,25,4,2,1,5,0,0,0,0,true,,false,false,false,false,false,,,,,,false,true,false,,,false,false,false,false,false,-83.10606,42.30136,"{
  ""coordinates"": [
    -8.310605725200000e+01,
    4.230135910400000e+01
  ],
  ""type"": ""Point""
}","{
  ""coordinates"": [
    -83.106057252,
    42.301359104
  ],
  ""type"": ""Point""
}",-83.106057252,42.301359104
18311,9205347,RAMP 136A,E I 96 CD,2015-03-02,2,3,2015,14,2,3,1,,1,0,,1,1,1,35,4,2,3,5,0,0,0,0,true,,false,false,false,false,false,,,,,,false,false,false,,,false,false,false,false,false,-83.20225,42.37886,"{
  ""coordinates"": [
    -8.320224691800000e+01,
    4.237885691300000e+01
  ],
  ""type"": ""Point""
}","{
  ""coordinates"": [
    -83.202246918,
    42.378856913
  ],
  ""type"": ""Point""
}",-83.202246918,42.378856913
18312,9202633,I-75,SCHAEFER,2015-03-02,2,3,2015,12,2,1,1,,1,1,,1,1,1,55,4,1,1,5,0,0,0,0,true,,false,false,false,false,false,,,,,,false,false,false,,,false,false,false,false,false,-83.1563,42.27734,"{
  ""coordinates"": [
    -8.315629779699999e+01,
    4.227733873800000e+01
  ],
  ""type"": ""Point""
}","{
  ""coordinates"": [
    -83.156297797,
    42.277338738
  ],
  ""type"": ""Point""
}",-83.156297797,42.277338738
18313,9205387,JEFFRIES SERVICE,CHICAGO,2015-03-02,2,3,2015,16,2,8,9,,,0,,1,2,1,30,3,2,2,5,0,0,0,0,true,,false,false,false,false,false,,,,,,false,true,false,,,false,false,false,false,false,-83.19296,42.36546,"{
  ""coordinates"": [
    -8.319296123899990e+01,
    4.236545702100010e+01
  ],
  ""type"": ""Point""
}","{
  ""coordinates"": [
    -83.192961239,
    42.365457021
  ],
  ""type"": ""Point""
}",-83.1929612389999,42.3654570210001
18314,9202579,I-94,CHENE,2015-03-02,2,3,2015,16,2,5,1,,1,0,,2,1,1,55,3,2,2,5,0,0,0,0,true,,false,false,false,false,false,,,,,,false,false,false,,,false,false,false,false,false,-83.05078,42.37275,"{
  ""coordinates"": [
    -8.305077879100000e+01,
    4.237274571800000e+01
  ],
  ""type"": ""Point""
}","{
  ""coordinates"": [
    -83.050778791,
    42.372745718
  ],
  ""type"": ""Point""
}",-83.050778791,42.372745718
18315,9202538,RAMP 041A,S I 375,2015-03-02,2,3,2015,20,2,1,1,,1,1,,3,1,4,40,1,1,2,5,0,0,0,0,true,,false,false,false,false,false,,,,,,false,false,false,,,false,false,false,false,false,-83.04301,42.34091,"{
  ""coordinates"": [
    -8.304301241199990e+01,
    4.234091126100000e+01
  ],
  ""type"": ""Point""
}","{
  ""coordinates"": [
    -83.043012412,
    42.340911261
  ],
  ""type"": ""Point""
}",-83.0430124119999,42.340911261
18316,9205348,FORRER,SCHOOLCRAFT,2015-03-02,2,3,2015,15,2,1,9,,,0,,1,1,1,30,5,2,0,4,0,0,0,1,false,,false,false,true,false,false,,,,,,true,false,false,,,false,false,false,false,false,-83.20129,42.387,"{
  ""coordinates"": [
    -8.320128807099999e+01,
    4.238699935700000e+01
  ],
  ""type"": ""Point""
}","{
  ""coordinates"": [
    -83.201288071,
    42.386999357
  ],
  ""type"": ""Point""
}",-83.201288071,42.386999357
18317,9202634,I-96,OAKMAN,2015-03-02,2,3,2015,17,2,1,3,,1,1,,1,1,1,55,4,1,1,5,0,0,0,0,true,,false,false,false,false,false,,,,,,false,false,false,,,false,false,false,false,false,-83.14457,42.38627,"{
  ""coordinates"": [
    -8.314457074500000e+01,
    4.238627065300010e+01
  ],
  ""type"": ""Point""
}","{
  ""coordinates"": [
    -83.144570745,
    42.386270653
  ],
  ""type"": ""Point""
}",-83.144570745,42.3862706530001
18318,9202620,I-94,MT ELLIOT,2015-03-02,2,3,2015,17,2,5,1,,1,0,,1,1,1,55,3,2,2,5,0,0,0,0,true,,false,false,false,false,false,,,,,,false,false,false,,,false,false,false,false,false,-83.03556,42.37825,"{
  ""coordinates"": [
    -8.303555944899990e+01,
    4.237824441500000e+01
  ],
  ""type"": ""Point""
}","{
  ""coordinates"": [
    -83.035559449,
    42.378244415
  ],
  ""type"": ""Point""
}",-83.0355594489999,42.378244415
18319,9214863,ELIZABETH,CASS,2015-03-02,2,3,2015,12,2,4,9,,4,0,,1,1,1,30,6,3,2,5,0,0,0,0,true,,true,false,true,true,false,,,,,,false,false,false,,,false,false,false,false,false,-83.05535,42.33593,"{
  ""coordinates"": [
    -8.305535225400000e+01,
    4.233592696700000e+01
  ],
  ""type"": ""Point""
}","{
  ""coordinates"": [
    -83.055352254,
    42.335926967
  ],
  ""type"": ""Point""
}",-83.055352254,42.335926967
18320,9206843,W I 96 CD,RAMP 138C,2015-03-02,2,3,2015,17,2,8,1,,1,0,,1,1,1,70,3,2,2,5,0,0,0,0,true,,false,false,true,false,false,,,,,,false,false,false,,,false,false,false,false,false,-83.15411,42.38564,"{
  ""coordinates"": [
    -8.315411202999999e+01,
    4.238564185000010e+01
  ],
  ""type"": ""Point""
}","{
  ""coordinates"": [
    -83.15411203,
    42.38564185
  ],
  ""type"": ""Point""
}",-83.15411203,42.3856418500001
18321,9205402,MCNICHOLS,SCHAEFER,2015-03-02,2,3,2015,19,2,9,9,,2,2,,1,1,4,30,6,2,3,5,0,0,0,0,true,,false,false,true,false,false,,,,,,false,true,false,,,false,false,false,false,false,-83.17984,42.41659,"{
  ""coordinates"": [
    -8.317983759299990e+01,
    4.241658833900000e+01
  ],
  ""type"": ""Point""
}","{
  ""coordinates"": [
    -83.179837593,
    42.416588339
  ],
  ""type"": ""Point""
}",-83.1798375929999,42.416588339
18322,9206135,JEFFERSON,CROSSLEY,2015-03-02,2,3,2015,17,2,4,9,,4,0,,2,1,1,35,4,2,3,5,0,0,0,0,true,,true,false,false,false,false,,,,,,false,false,false,,,false,false,false,false,false,-83.1104,42.29367,"{
  ""coordinates"": [
    -8.311040827999990e+01,
    4.229367599700000e+01
  ],
  ""type"": ""Point""
}","{
  ""coordinates"": [
    -83.11040828,
    42.293675997
  ],
  ""type"": ""Point""
}",-83.1104082799999,42.293675997
18323,9204180,I-96,GREENFIELD,2015-03-02,2,3,2015,17,2,8,1,,1,0,,3,1,1,55,3,2,4,5,0,0,0,0,true,,false,false,false,false,false,,,,,,false,false,true,,,false,false,false,false,false,-83.19315,42.37927,"{
  ""coordinates"": [
    -8.319314421000000e+01,
    4.237926947600000e+01
  ],
  ""type"": ""Point""
}","{
  ""coordinates"": [
    -83.19314421,
    42.379269476
  ],
  ""type"": ""Point""
}",-83.19314421,42.379269476
18324,9207048,GRATIOT,SAINT AUBIN,2015-03-02,2,3,2015,11,2,7,3,,1,0,,97,98,98,25,1,2,2,5,0,0,0,0,true,,false,false,false,false,false,,,,,,false,false,false,,,false,false,false,false,false,-83.03389,42.34982,"{
  ""coordinates"": [
    -8.303389348000000e+01,
    4.234982166100010e+01
  ],
  ""type"": ""Point""
}","{
  ""coordinates"": [
    -83.03389348,
    42.349821661
  ],
  ""type"": ""Point""
}",-83.03389348,42.3498216610001
18325,9204288,6 MILE,ROBSON,2015-03-02,2,3,2015,14,2,8,9,,2,0,,1,1,1,30,3,2,1,5,0,0,0,0,true,,false,false,false,false,false,,,,,,false,false,false,,,false,false,false,false,false,-83.19331,42.41627,"{
  ""coordinates"": [
    -8.319330422600000e+01,
    4.241627063500000e+01
  ],
  ""type"": ""Point""
}","{
  ""coordinates"": [
    -83.193304226,
    42.416270635
  ],
  ""type"": ""Point""
}",-83.193304226,42.416270635
18326,9207005,SOUTHFIELD SERVICE DRIVE,PEMBROKE,2015-03-02,2,3,2015,2,2,97,9,,5,0,,4,1,4,30,2,2,1,5,0,0,0,0,true,,false,false,true,false,false,,,,,,false,false,false,,,false,false,false,false,false,-83.2199,42.4373,"{
  ""coordinates"": [
    -8.321990454800000e+01,
    4.243730179400010e+01
  ],
  ""type"": ""Point""
}","{
  ""coordinates"": [
    -83.219904548,
    42.437301794
  ],
  ""type"": ""Point""
}",-83.219904548,42.4373017940001
18327,9233082,GRATIOT,ST AUBIN,2015-03-02,2,3,2015,11,2,5,3,,1,0,,1,1,1,25,2,2,2,5,0,0,0,0,true,,false,false,false,false,false,,,,,,false,false,false,,,false,false,false,false,false,-83.0343,42.34928,"{
  ""coordinates"": [
    -8.303430044299991e+01,
    4.234928006200000e+01
  ],
  ""type"": ""Point""
}","{
  ""coordinates"": [
    -83.034300443,
    42.349280062
  ],
  ""type"": ""Point""
}",-83.0343004429999,42.349280062
18328,9202952,CONSTANCE,EVERGREEN,2015-03-02,2,3,2015,8,2,4,9,,,0,,1,1,1,30,2,2,2,5,0,0,0,0,true,,false,false,false,false,false,,,,,,false,false,true,,,false,false,false,false,false,-83.2358,42.35395,"{
  ""coordinates"": [
    -8.323579831799999e+01,
    4.235394840300010e+01
  ],
  ""type"": ""Point""
}","{
  ""coordinates"": [
    -83.235798318,
    42.353948403
  ],
  ""type"": ""Point""
}",-83.235798318,42.3539484030001
18329,9202982,KRAMER,PREVOST,2015-03-02,2,3,2015,11,2,97,9,,,0,,3,1,4,25,2,2,0,5,0,0,0,0,true,,false,false,false,false,false,,,,,,false,false,false,,,false,false,false,false,false,-83.20124,42.35908,"{
  ""coordinates"": [
    -8.320123879999990e+01,
    4.235907810600000e+01
  ],
  ""type"": ""Point""
}","{
  ""coordinates"": [
    -83.2012388,
    42.359078106
  ],
  ""type"": ""Point""
}",-83.2012387999999,42.359078106
18330,9206147,JUNCTION,FEDERAL,2015-03-02,2,3,2015,17,2,97,9,,4,0,,3,1,5,35,2,2,1,4,0,0,0,1,false,,false,false,false,false,false,,,,,,true,true,false,,,false,false,false,false,false,-83.10725,42.32535,"{
  ""coordinates"": [
    -8.310725119200001e+01,
    4.232535058900000e+01
  ],
  ""type"": ""Point""
}","{
  ""coordinates"": [
    -83.107251192,
    42.325350589
  ],
  ""type"": ""Point""
}",-83.107251192,42.325350589
18331,9203157,MCNICHOLS,MEYERS,2015-03-02,2,3,2015,8,2,4,9,,2,0,,4,5,1,25,2,2,4,4,0,0,0,1,false,,false,false,false,false,false,,,,,,false,false,false,,,false,false,false,false,false,-83.17012,42.41666,"{
  ""coordinates"": [
    -8.317012099599999e+01,
    4.241665486000010e+01
  ],
  ""type"": ""Point""
}","{
  ""coordinates"": [
    -83.170120996,
    42.41665486
  ],
  ""type"": ""Point""
}",-83.170120996,42.4166548600001
18332,9206097,MACK,WOODWARD,2015-03-02,2,3,2015,7,2,4,3,,4,0,,1,1,1,35,3,2,2,5,0,0,0,0,true,,false,false,false,false,false,,,,,,false,false,false,,,false,false,false,false,false,-83.05791,42.34755,"{
  ""coordinates"": [
    -8.305791408200000e+01,
    4.234754549100010e+01
  ],
  ""type"": ""Point""
}","{
  ""coordinates"": [
    -83.057914082,
    42.347545491
  ],
  ""type"": ""Point""
}",-83.057914082,42.3475454910001
18333,9202941,CADIEUX,MACK,2015-03-02,2,3,2015,9,2,4,9,,4,0,,1,1,1,30,9,3,2,5,0,0,0,0,true,,true,true,true,false,false,,,,,,false,false,false,,,false,false,false,false,false,-82.9224,42.39484,"{
  ""coordinates"": [
    -8.292239833600000e+01,
    4.239484072500010e+01
  ],
  ""type"": ""Point""
}","{
  ""coordinates"": [
    -82.922398336,
    42.394840725
  ],
  ""type"": ""Point""
}",-82.922398336,42.3948407250001
18334,9202868,E I 94,LINWOOD,2015-03-02,2,3,2015,12,2,4,1,,1,0,,1,1,1,30,2,2,2,4,0,0,0,2,false,,true,true,false,false,false,,,,,,false,false,true,,,false,false,false,false,false,-83.09371,42.3518,"{
  ""coordinates"": [
    -8.309370911000001e+01,
    4.235179350000000e+01
  ],
  ""type"": ""Point""
}","{
  ""coordinates"": [
    -83.09370911,
    42.3517935
  ],
  ""type"": ""Point""
}",-83.09370911,42.3517935
18335,9205210,M-39,PEMBROKE,2015-03-02,2,3,2015,9,2,4,3,,1,0,,6,5,1,55,3,2,2,5,0,0,0,0,true,,false,false,true,false,false,,,,,,false,false,false,,,false,false,false,false,false,-83.21951,42.43668,"{
  ""coordinates"": [
    -8.321950534900000e+01,
    4.243668387900000e+01
  ],
  ""type"": ""Point""
}","{
  ""coordinates"": [
    -83.219505349,
    42.436683879
  ],
  ""type"": ""Point""
}",-83.219505349,42.436683879
18336,9202611,I-96,MEYERS,2015-03-02,2,3,2015,6,2,5,1,,1,0,,2,1,2,70,3,2,2,4,0,0,0,2,false,,false,false,true,false,false,,,,,,false,false,false,,,false,false,false,false,false,-83.16664,42.38541,"{
  ""coordinates"": [
    -8.316664419499990e+01,
    4.238541404000010e+01
  ],
  ""type"": ""Point""
}","{
  ""coordinates"": [
    -83.166644195,
    42.38541404
  ],
  ""type"": ""Point""
}",-83.1666441949999,42.3854140400001
18337,9204274,MICHIGAN,GRISWOLD,2015-03-02,2,3,2015,8,2,97,9,,4,0,,1,1,1,30,4,2,1,5,0,0,0,0,true,,false,false,false,false,false,,,,,,true,false,false,,,false,false,false,false,false,-83.04832,42.33165,"{
  ""coordinates"": [
    -8.304831910000000e+01,
    4.233165230100010e+01
  ],
  ""type"": ""Point""
}","{
  ""coordinates"": [
    -83.0483191,
    42.331652301
  ],
  ""type"": ""Point""
}",-83.0483191,42.3316523010001
18338,9202628,I-75,MEADE,2015-03-02,2,3,2015,15,2,97,1,,1,0,,2,1,1,55,5,3,3,5,0,0,0,0,true,,false,false,false,false,false,,,,,,false,false,true,,,false,false,false,false,false,-83.07476,42.40557,"{
  ""coordinates"": [
    -8.307476273000000e+01,
    4.240557556600000e+01
  ],
  ""type"": ""Point""
}","{
  ""coordinates"": [
    -83.07476273,
    42.405575566
  ],
  ""type"": ""Point""
}",-83.07476273,42.405575566
18339,9203080,8 MILE,HOYT,2015-03-02,2,3,2015,7,2,8,3,,1,0,,3,1,1,40,4,2,4,4,0,0,0,2,false,,false,false,false,false,false,,,,,,false,false,true,,,false,false,false,false,false,-82.98022,42.44941,"{
  ""coordinates"": [
    -8.298021439900000e+01,
    4.244941356100000e+01
  ],
  ""type"": ""Point""
}","{
  ""coordinates"": [
    -82.980214399,
    42.449413561
  ],
  ""type"": ""Point""
}",-82.980214399,42.449413561
18340,9234743,DAVISON,LASALLE,2015-03-02,2,3,2015,9,2,5,3,,1,0,,4,1,1,0,4,2,1,5,0,0,0,0,true,,false,false,false,false,false,,,,,,false,false,false,,,false,false,false,false,false,-83.11897,42.39415,"{
  ""coordinates"": [
    -8.311896971999990e+01,
    4.239414972700010e+01
  ],
  ""type"": ""Point""
}","{
  ""coordinates"": [
    -83.11896972,
    42.394149727
  ],
  ""type"": ""Point""
}",-83.1189697199999,42.3941497270001
18341,9202643,M-10,MCNICHOLS,2015-03-02,2,3,2015,8,2,5,3,,1,0,,1,1,1,55,3,2,2,5,0,0,0,0,true,,false,false,false,false,false,,,,,,false,false,false,,,false,false,false,false,false,-83.17312,42.41777,"{
  ""coordinates"": [
    -8.317311889599991e+01,
    4.241777003300010e+01
  ],
  ""type"": ""Point""
}","{
  ""coordinates"": [
    -83.173118896,
    42.417770033
  ],
  ""type"": ""Point""
}",-83.1731188959999,42.4177700330001
18342,9207008,CLAIRMOUNT,LA SALLE,2015-03-02,2,3,2015,16,2,5,9,,4,0,,1,1,1,35,2,2,16,5,0,0,0,0,true,,false,false,true,false,false,,,,,,false,false,false,,,false,true,false,false,false,-83.10549,42.37415,"{
  ""coordinates"": [
    -8.310549022500000e+01,
    4.237415002600010e+01
  ],
  ""type"": ""Point""
}","{
  ""coordinates"": [
    -83.105490225,
    42.374150026
  ],
  ""type"": ""Point""
}",-83.105490225,42.3741500260001
18343,9203149,MEYERS,MCNICHOLS,2015-03-02,2,3,2015,3,2,1,9,,4,1,,4,5,4,30,2,1,0,5,0,0,0,0,true,,false,false,false,false,false,,,,,,false,false,false,,,false,false,false,false,false,-83.17017,42.41803,"{
  ""coordinates"": [
    -8.317017485299991e+01,
    4.241802919500000e+01
  ],
  ""type"": ""Point""
}","{
  ""coordinates"": [
    -83.170174853,
    42.418029195
  ],
  ""type"": ""Point""
}",-83.1701748529999,42.418029195
18344,9202597,I 96,EVERGREEN,2015-03-02,2,3,2015,9,2,5,1,,1,0,,1,1,1,55,3,2,3,5,0,0,0,0,true,,false,false,false,false,false,,,,,,false,false,false,,,false,false,false,false,false,-83.23267,42.37841,"{
  ""coordinates"": [
    -8.323267160700000e+01,
    4.237840628000000e+01
  ],
  ""type"": ""Point""
}","{
  ""coordinates"": [
    -83.232671607,
    42.37840628
  ],
  ""type"": ""Point""
}",-83.232671607,42.37840628
18345,9206142,GRATIOT,FRENCH,2015-03-02,2,3,2015,17,2,7,3,,1,0,,1,1,1,35,7,2,3,5,0,0,0,0,true,,false,false,false,false,false,,,,,,false,false,true,,,false,false,false,false,false,-83.00043,42.40042,"{
  ""coordinates"": [
    -8.300042597399990e+01,
    4.240041866900000e+01
  ],
  ""type"": ""Point""
}","{
  ""coordinates"": [
    -83.000425974,
    42.400418669
  ],
  ""type"": ""Point""
}",-83.0004259739999,42.400418669
18346,9206163,LASALLE,TAYLOR,2015-03-02,2,3,2015,7,2,4,9,,,0,,4,1,1,25,2,2,3,5,0,0,0,0,true,,false,false,false,false,false,,,,,,false,false,true,,,false,false,false,false,false,-83.10506,42.37333,"{
  ""coordinates"": [
    -8.310505984600000e+01,
    4.237332925100000e+01
  ],
  ""type"": ""Point""
}","{
  ""coordinates"": [
    -83.105059846,
    42.373329251
  ],
  ""type"": ""Point""
}",-83.105059846,42.373329251
18347,9232998,E I 94 SERVICE DRIVE,MOROSS,2015-03-02,2,3,2015,9,2,4,9,,4,0,,4,5,1,35,5,2,2,5,0,0,0,0,true,,false,false,false,false,false,,,,,,false,false,false,,,false,false,false,false,false,-82.92834,42.42427,"{
  ""coordinates"": [
    -8.292834369199990e+01,
    4.242426578500000e+01
  ],
  ""type"": ""Point""
}","{
  ""coordinates"": [
    -82.928343692,
    42.424265785
  ],
  ""type"": ""Point""
}",-82.9283436919999,42.424265785
18348,9203031,KENTFIELD,VERNE,2015-03-02,2,3,2015,16,2,97,9,,,0,,2,1,1,25,1,2,0,5,0,0,0,0,true,,false,false,true,false,false,,,,,,false,false,false,,,false,false,false,false,false,-83.24092,42.41158,"{
  ""coordinates"": [
    -8.324092392300000e+01,
    4.241157382700000e+01
  ],
  ""type"": ""Point""
}","{
  ""coordinates"": [
    -83.240923923,
    42.411573827
  ],
  ""type"": ""Point""
}",-83.240923923,42.411573827
18349,9202596,I 75,CLAY,2015-03-02,2,3,2015,7,2,5,1,,1,0,,1,1,1,55,4,2,2,5,0,0,0,0,true,,false,false,false,false,false,,,,,,false,false,false,,,false,false,false,false,false,-83.06066,42.37505,"{
  ""coordinates"": [
    -8.306066329200000e+01,
    4.237504435300010e+01
  ],
  ""type"": ""Point""
}","{
  ""coordinates"": [
    -83.060663292,
    42.375044353
  ],
  ""type"": ""Point""
}",-83.060663292,42.3750443530001
18350,9210237,CIRCLE,8 MILE,2015-03-02,2,3,2015,12,2,8,3,,1,0,,2,1,1,30,2,2,2,5,0,0,0,0,true,,false,false,false,false,false,,,,,,false,false,false,,,false,false,false,false,false,-83.21763,42.44408,"{
  ""coordinates"": [
    -8.321763211200000e+01,
    4.244407707200000e+01
  ],
  ""type"": ""Point""
}","{
  ""coordinates"": [
    -83.217632112,
    42.444077072
  ],
  ""type"": ""Point""
}",-83.217632112,42.444077072
18351,9205383,GRATIOT,FRENCH,2015-03-02,2,3,2015,17,2,8,3,,1,0,,1,1,1,35,7,2,3,5,0,0,0,0,true,,false,false,true,false,false,,,,,,false,false,true,,,false,false,false,false,false,-83.00049,42.40033,"{
  ""coordinates"": [
    -8.300048566899990e+01,
    4.240032733000000e+01
  ],
  ""type"": ""Point""
}","{
  ""coordinates"": [
    -83.000485669,
    42.40032733
  ],
  ""type"": ""Point""
}",-83.0004856689999,42.40032733
18352,9202640,I-96,OUTER,2015-03-02,2,3,2015,8,2,5,1,,1,0,,1,1,1,70,4,2,2,5,0,0,0,0,true,,false,false,false,false,false,,,,,,false,false,false,,,false,false,false,false,false,-83.26109,42.38554,"{
  ""coordinates"": [
    -8.326108175699990e+01,
    4.238553498300010e+01
  ],
  ""type"": ""Point""
}","{
  ""coordinates"": [
    -83.261081757,
    42.385534983
  ],
  ""type"": ""Point""
}",-83.2610817569999,42.3855349830001
18353,9203015,LIVERNOIS,HOWELL,2015-03-02,2,3,2015,2,2,5,9,,4,0,,1,1,4,30,4,2,4,5,0,0,0,0,true,,false,false,true,false,false,,,,,,false,false,false,,,false,false,false,false,false,-83.13847,42.36112,"{
  ""coordinates"": [
    -8.313846442800001e+01,
    4.236111964200010e+01
  ],
  ""type"": ""Point""
}","{
  ""coordinates"": [
    -83.138464428,
    42.361119642
  ],
  ""type"": ""Point""
}",-83.138464428,42.3611196420001
18354,9202552,N/B M-39,WARREN,2015-03-02,2,3,2015,21,2,8,3,,1,0,,1,1,4,55,3,2,1,5,0,0,0,0,true,,false,false,true,false,false,,,,,,false,false,false,,,false,false,false,false,false,-83.21617,42.347,"{
  ""coordinates"": [
    -8.321616840000000e+01,
    4.234699549700010e+01
  ],
  ""type"": ""Point""
}","{
  ""coordinates"": [
    -83.2161684,
    42.346995497
  ],
  ""type"": ""Point""
}",-83.2161684,42.3469954970001
18355,9202974,PLYMOUTH,OUTER,2015-03-01,1,3,2015,1,1,5,9,,4,0,,3,5,4,40,4,2,3,5,0,0,0,0,true,,false,false,false,false,false,,,,,,false,false,true,,,false,false,false,false,false,-83.25925,42.37162,"{
  ""coordinates"": [
    -8.325925158699989e+01,
    4.237161537100010e+01
  ],
  ""type"": ""Point""
}","{
  ""coordinates"": [
    -83.259251587,
    42.371615371
  ],
  ""type"": ""Point""
}",-83.2592515869999,42.3716153710001
18356,9205343,FENKELL,LIVERNOIS,2015-03-01,1,3,2015,20,1,1,9,,4,1,,1,1,4,35,5,1,3,4,0,0,0,3,false,,false,false,false,false,false,,,,,,false,false,false,,,false,false,false,false,false,-83.1422,42.40265,"{
  ""coordinates"": [
    -8.314219417899990e+01,
    4.240264490500000e+01
  ],
  ""type"": ""Point""
}","{
  ""coordinates"": [
    -83.142194179,
    42.402644905
  ],
  ""type"": ""Point""
}",-83.1421941789999,42.402644905
18357,9202961,PICKFORD,ARCHDALE,2015-03-01,1,3,2015,14,1,97,9,,,0,,2,98,1,25,1,2,3,5,0,0,0,0,true,,false,false,false,false,false,,,,,,false,false,false,,,false,false,false,false,false,-83.217,42.42463,"{
  ""coordinates"": [
    -8.321699253000000e+01,
    4.242463334700010e+01
  ],
  ""type"": ""Point""
}","{
  ""coordinates"": [
    -83.21699253,
    42.424633347
  ],
  ""type"": ""Point""
}",-83.21699253,42.4246333470001
18358,9202957,PLYMOUTH,MEMORIAL,2015-03-01,1,3,2015,21,1,8,9,,4,0,,2,1,4,35,2,2,3,5,0,0,0,0,true,,false,false,false,false,false,,,,,,false,false,false,,,false,false,false,false,false,-83.21189,42.37234,"{
  ""coordinates"": [
    -8.321188878200000e+01,
    4.237233982500000e+01
  ],
  ""type"": ""Point""
}","{
  ""coordinates"": [
    -83.211888782,
    42.372339825
  ],
  ""type"": ""Point""
}",-83.211888782,42.372339825
18359,9202975,ARCHDALE,SCHOOLCRAFT,2015-03-01,1,3,2015,9,1,97,9,,,0,,4,5,1,25,3,2,1,5,0,0,0,0,true,,false,false,true,false,false,,,,,,false,false,false,,,false,false,false,false,false,-83.21625,42.38665,"{
  ""coordinates"": [
    -8.321624553600000e+01,
    4.238664722200010e+01
  ],
  ""type"": ""Point""
}","{
  ""coordinates"": [
    -83.216245536,
    42.386647222
  ],
  ""type"": ""Point""
}",-83.216245536,42.3866472220001
18360,9233028,HOOVER,7 MILE,2015-03-01,1,3,2015,0,1,4,3,,1,0,,1,1,4,30,2,2,7,3,0,0,1,3,false,,false,false,false,false,false,,,,,,false,false,false,,,false,false,false,false,false,-83.00469,42.4347,"{
  ""coordinates"": [
    -8.300469278100000e+01,
    4.243469936800010e+01
  ],
  ""type"": ""Point""
}","{
  ""coordinates"": [
    -83.004692781,
    42.434699368
  ],
  ""type"": ""Point""
}",-83.004692781,42.4346993680001
18361,9203017,WARREN,MINOCK,2015-03-01,1,3,2015,12,1,97,9,,2,0,,2,5,1,35,4,3,3,4,0,0,0,1,false,,true,false,false,false,false,,,,,,false,true,true,,,false,false,false,false,false,-83.2317,42.34318,"{
  ""coordinates"": [
    -8.323170296700000e+01,
    4.234318139700010e+01
  ],
  ""type"": ""Point""
}","{
  ""coordinates"": [
    -83.231702967,
    42.343181397
  ],
  ""type"": ""Point""
}",-83.231702967,42.3431813970001
18362,9203146,GREENFIELD,RAMP 136A,2015-03-01,1,3,2015,2,1,1,1,,2,0,,4,5,4,35,2,1,0,5,0,0,0,0,true,,false,false,true,false,false,,,,,,false,false,false,,,false,false,false,false,false,-83.19822,42.3785,"{
  ""coordinates"": [
    -8.319821558699989e+01,
    4.237850345100000e+01
  ],
  ""type"": ""Point""
}","{
  ""coordinates"": [
    -83.198215587,
    42.378503451
  ],
  ""type"": ""Point""
}",-83.1982155869999,42.378503451
18363,9308597,SCHOENHERR,PARK GROVE,2015-03-01,1,3,2015,22,1,9,9,,4,0,,1,4,5,30,4,2,1,5,0,0,0,0,true,,false,false,true,false,false,,,,,,false,false,false,,,false,false,false,false,false,-82.9849,42.42963,"{
  ""coordinates"": [
    -8.298490432499990e+01,
    4.242962993200010e+01
  ],
  ""type"": ""Point""
}","{
  ""coordinates"": [
    -82.984904325,
    42.429629932
  ],
  ""type"": ""Point""
}",-82.9849043249999,42.4296299320001