ObjectId,Crash ID,Primary Road,Intersecting Road,Crash Date,Day,Month,Year,Hour,Weekday,Crash Type Code,Highway Classification Code,Community Code,Jurisdiction Code,Lane Departure Type Code,Surface Type,Road Condition,Weather Condition,Lighting Condition,Speed Limit,Lanes,Units,Occupants,Most Severe Injury,Fatal Injuries,Suspected Serious Injuries,Suspected Minor Injuries,Possible Injuries,Property Damage Only,Secondary Crash,Traffic Control,Red Light Run,Hit and Run,Alcohol,Drugs,Unbelted Person,Work Zone,Speeding Driver,Distracted Driver,Driveway,Pedestrian,Elderly Driver,Young Driver,Commercial Vehicle,Emergency Vehicles,Train,School Bus,Motorcycle,Bicycle,Deer,Longitude,Latitude,geom,geog,x,y
18478,9221901,JOHN R,WARREN,2015-02-28,28,2,2015,13,7,8,9,,4,0,,1,1,1,25,2,2,2,5,0,0,0,0,true,,false,false,false,false,false,,,,,,false,false,false,,,false,false,false,false,false,-83.06213,42.35766,"{
  ""coordinates"": [
    -8.306213291900001e+01,
    4.235766074000000e+01
  ],
  ""type"": ""Point""
}","{
  ""coordinates"": [
    -83.062132919,
    42.35766074
  ],
  ""type"": ""Point""
}",-83.062132919,42.35766074
18479,9206089,LARNED,RANDOLPH,2015-02-28,28,2,2015,16,7,97,3,,4,0,,1,1,1,10,2,2,3,5,0,0,0,0,true,,false,false,false,false,false,,,,,,false,false,true,,,false,false,false,false,false,-83.0427,42.33051,"{
  ""coordinates"": [
    -8.304270422799991e+01,
    4.233050380800010e+01
  ],
  ""type"": ""Point""
}","{
  ""coordinates"": [
    -83.042704228,
    42.330503808
  ],
  ""type"": ""Point""
}",-83.0427042279999,42.3305038080001
18480,9202918,HARPER,CADIEUX,2015-02-28,28,2,2015,12,7,8,9,,4,0,,4,5,1,30,5,2,2,5,0,0,0,0,true,,false,false,true,false,false,,,,,,false,true,false,,,false,false,false,false,false,-82.93678,42.41637,"{
  ""coordinates"": [
    -8.293678355400000e+01,
    4.241637257500000e+01
  ],
  ""type"": ""Point""
}","{
  ""coordinates"": [
    -82.936783554,
    42.416372575
  ],
  ""type"": ""Point""
}",-82.936783554,42.416372575
18481,9202986,GRISWOLD,FORT,2015-02-28,28,2,2015,23,7,8,3,,4,0,,1,1,4,25,8,2,6,5,0,0,0,0,true,,false,false,false,false,false,,,,,,false,false,true,,,false,false,false,false,false,-83.04741,42.3307,"{
  ""coordinates"": [
    -8.304740645399990e+01,
    4.233070358500000e+01
  ],
  ""type"": ""Point""
}","{
  ""coordinates"": [
    -83.047406454,
    42.330703585
  ],
  ""type"": ""Point""
}",-83.0474064539999,42.330703585
18482,9202988,GRATIOT,MCDOUGALL,2015-02-28,28,2,2015,13,7,5,3,,1,0,,1,1,1,35,7,2,2,5,0,0,0,0,true,,false,false,false,false,false,,,,,,false,true,false,,,false,false,false,false,false,-83.02901,42.35711,"{
  ""coordinates"": [
    -8.302901175300001e+01,
    4.235711424400010e+01
  ],
  ""type"": ""Point""
}","{
  ""coordinates"": [
    -83.029011753,
    42.357114244
  ],
  ""type"": ""Point""
}",-83.029011753,42.3571142440001
18483,9206145,CAMPBELL,ROMEYN,2015-02-28,28,2,2015,23,7,4,9,,,0,,3,1,4,25,4,2,3,5,0,0,0,0,true,,false,false,false,false,false,,,,,,false,false,true,,,false,false,false,false,false,-83.10547,42.31934,"{
  ""coordinates"": [
    -8.310546879100001e+01,
    4.231934075100000e+01
  ],
  ""type"": ""Point""
}","{
  ""coordinates"": [
    -83.105468791,
    42.319340751
  ],
  ""type"": ""Point""
}",-83.105468791,42.319340751
18484,9206116,GRAND RIVER,MIDDLE,2015-02-28,28,2,2015,13,7,4,3,,1,0,,1,1,1,30,6,2,2,5,0,0,0,0,true,,true,true,false,false,false,,,,,,false,false,true,,,false,false,false,false,false,-83.05445,42.33457,"{
  ""coordinates"": [
    -8.305445094399990e+01,
    4.233456716100010e+01
  ],
  ""type"": ""Point""
}","{
  ""coordinates"": [
    -83.054450944,
    42.334567161
  ],
  ""type"": ""Point""
}",-83.0544509439999,42.3345671610001
18485,9202937,JEFFERSON,MEADOWBROOK,2015-02-28,28,2,2015,16,7,97,9,,4,0,,1,1,1,35,7,2,2,4,0,0,0,1,false,,false,false,false,false,false,,,,,,false,true,false,,,false,false,false,false,false,-82.97599,42.36443,"{
  ""coordinates"": [
    -8.297599117700000e+01,
    4.236442765500000e+01
  ],
  ""type"": ""Point""
}","{
  ""coordinates"": [
    -82.975991177,
    42.364427655
  ],
  ""type"": ""Point""
}",-82.975991177,42.364427655
18486,9202906,JOHN R,MACK,2015-02-28,28,2,2015,21,7,9,9,,4,2,,1,1,4,0,4,2,2,5,0,0,0,0,true,,false,false,false,false,false,,,,,,false,false,false,,,false,false,false,false,false,-83.05582,42.34823,"{
  ""coordinates"": [
    -8.305582409399990e+01,
    4.234822722800000e+01
  ],
  ""type"": ""Point""
}","{
  ""coordinates"": [
    -83.055824094,
    42.348227228
  ],
  ""type"": ""Point""
}",-83.0558240939999,42.348227228
18487,9206105,GRATIOT,BEAUBIEN,2015-02-28,28,2,2015,16,7,5,3,,1,0,,1,2,1,25,5,2,4,5,0,0,0,0,true,,false,false,false,false,false,,,,,,false,false,false,,,false,false,false,false,false,-83.04387,42.33685,"{
  ""coordinates"": [
    -8.304387000299990e+01,
    4.233684940700000e+01
  ],
  ""type"": ""Point""
}","{
  ""coordinates"": [
    -83.043870003,
    42.336849407
  ],
  ""type"": ""Point""
}",-83.0438700029999,42.336849407
18488,9202866,FERRY,S I 75 SERVICE DRIVE,2015-02-28,28,2,2015,0,7,1,9,,4,1,,3,1,4,35,4,1,1,5,0,0,0,0,true,,false,false,false,false,false,,,,,,false,false,false,,,false,false,false,false,false,-83.05762,42.36475,"{
  ""coordinates"": [
    -8.305762185899989e+01,
    4.236474701900000e+01
  ],
  ""type"": ""Point""
}","{
  ""coordinates"": [
    -83.057621859,
    42.364747019
  ],
  ""type"": ""Point""
}",-83.0576218589999,42.364747019
18489,9206159,FENKELL,GRAND RIVER,2015-02-28,28,2,2015,21,7,4,3,,2,0,,6,5,4,30,3,2,2,5,0,0,0,0,true,,true,true,true,false,false,,,,,,false,false,true,,,false,false,false,false,false,-83.21932,42.4011,"{
  ""coordinates"": [
    -8.321931850000000e+01,
    4.240109644400010e+01
  ],
  ""type"": ""Point""
}","{
  ""coordinates"": [
    -83.2193185,
    42.401096444
  ],
  ""type"": ""Point""
}",-83.2193185,42.4010964440001
18490,9213720,LIVERNOIS,MICHIGAN,2015-02-28,28,2,2015,16,7,5,2,,4,0,,97,98,98,35,1,2,1,5,0,0,0,0,true,,false,false,false,false,false,,,,,,false,true,false,,,false,false,false,false,false,-83.12031,42.33109,"{
  ""coordinates"": [
    -8.312031072100000e+01,
    4.233108431800010e+01
  ],
  ""type"": ""Point""
}","{
  ""coordinates"": [
    -83.120310721,
    42.331084318
  ],
  ""type"": ""Point""
}",-83.120310721,42.3310843180001
18491,9203013,MCNICHOLS,WARWICK,2015-02-28,28,2,2015,9,7,5,9,,2,0,,1,1,1,35,4,2,0,5,0,0,0,0,true,,false,false,true,false,false,,,,,,false,true,false,,,false,false,false,false,false,-83.22936,42.41534,"{
  ""coordinates"": [
    -8.322936302900000e+01,
    4.241534229000010e+01
  ],
  ""type"": ""Point""
}","{
  ""coordinates"": [
    -83.229363029,
    42.41534229
  ],
  ""type"": ""Point""
}",-83.229363029,42.4153422900001
18492,9203005,RUSSELL,NAPOLEAN,2015-02-28,28,2,2015,21,7,97,9,,4,0,,1,1,4,35,2,2,6,5,0,0,0,0,true,,false,false,false,false,false,,,,,,false,false,false,,,false,false,false,false,false,-83.03971,42.34523,"{
  ""coordinates"": [
    -8.303971049499999e+01,
    4.234522746600000e+01
  ],
  ""type"": ""Point""
}","{
  ""coordinates"": [
    -83.039710495,
    42.345227466
  ],
  ""type"": ""Point""
}",-83.039710495,42.345227466
18493,9202529,W I 96 CD,SCHOOLCRAFT,2015-02-28,28,2,2015,2,7,1,1,,1,1,,1,2,4,55,3,1,1,5,0,0,0,0,true,,false,false,false,false,false,,,,,,false,false,false,,,false,false,false,false,false,-83.24332,42.3854,"{
  ""coordinates"": [
    -8.324332146400000e+01,
    4.238540296400000e+01
  ],
  ""type"": ""Point""
}","{
  ""coordinates"": [
    -83.243321464,
    42.385402964
  ],
  ""type"": ""Point""
}",-83.243321464,42.385402964
18494,9202530,S M 10,RAMP 119B,2015-02-28,28,2,2015,18,7,5,3,,1,0,,1,2,4,55,3,2,2,5,0,0,0,0,true,,false,false,false,false,false,,,,,,false,false,true,,,false,false,false,false,false,-83.06988,42.34694,"{
  ""coordinates"": [
    -8.306987542199990e+01,
    4.234694362700000e+01
  ],
  ""type"": ""Point""
}","{
  ""coordinates"": [
    -83.069875422,
    42.346943627
  ],
  ""type"": ""Point""
}",-83.0698754219999,42.346943627
18495,9207069,OUTER,GREENLAWN,2015-02-28,28,2,2015,14,7,4,9,,2,0,,1,1,1,35,2,2,5,4,0,0,0,1,false,,false,false,false,false,false,,,,,,false,true,true,,,false,false,false,false,false,-83.15193,42.43514,"{
  ""coordinates"": [
    -8.315193276399999e+01,
    4.243514055900000e+01
  ],
  ""type"": ""Point""
}","{
  ""coordinates"": [
    -83.151932764,
    42.435140559
  ],
  ""type"": ""Point""
}",-83.151932764,42.435140559
18496,9205982,I-75,ROSA,2015-02-28,28,2,2015,18,7,5,9,,4,0,,1,2,3,55,2,2,3,5,0,0,0,0,true,,false,false,false,false,false,,,,,,false,false,false,,,false,false,false,false,false,-83.07313,42.33269,"{
  ""coordinates"": [
    -8.307312781000000e+01,
    4.233269145600010e+01
  ],
  ""type"": ""Point""
}","{
  ""coordinates"": [
    -83.07312781,
    42.332691456
  ],
  ""type"": ""Point""
}",-83.07312781,42.3326914560001
18497,9202867,ADAMS,PARK,2015-02-28,28,2,2015,19,7,8,9,,4,0,,2,1,4,25,2,2,1,5,0,0,0,0,true,,false,false,true,false,false,,,,,,false,false,false,,,false,false,false,false,false,-83.05235,42.33636,"{
  ""coordinates"": [
    -8.305234319700000e+01,
    4.233636319200010e+01
  ],
  ""type"": ""Point""
}","{
  ""coordinates"": [
    -83.052343197,
    42.336363192
  ],
  ""type"": ""Point""
}",-83.052343197,42.3363631920001
18498,9202563,S/B I-75,DEARBORN,2015-02-27,27,2,2015,18,6,5,1,,1,0,,1,1,4,70,4,3,4,5,0,0,0,0,true,,false,false,false,false,false,,,,,,false,false,false,,,false,false,false,false,false,-83.1355,42.28864,"{
  ""coordinates"": [
    -8.313549924300000e+01,
    4.228863630700000e+01
  ],
  ""type"": ""Point""
}","{
  ""coordinates"": [
    -83.135499243,
    42.288636307
  ],
  ""type"": ""Point""
}",-83.135499243,42.288636307
18499,9200258,CASS,PUTNAM,2015-02-27,27,2,2015,18,6,8,9,,4,0,,1,1,1,25,2,2,2,5,0,0,0,0,true,,false,false,false,false,false,,,,,,false,false,true,,,false,false,false,false,false,-83.06722,42.35699,"{
  ""coordinates"": [
    -8.306722227499991e+01,
    4.235698637100010e+01
  ],
  ""type"": ""Point""
}","{
  ""coordinates"": [
    -83.067222275,
    42.356986371
  ],
  ""type"": ""Point""
}",-83.0672222749999,42.3569863710001
18500,9207010,MALTA,LAMPHERE,2015-02-27,27,2,2015,23,6,5,9,,,0,,1,1,4,25,2,2,0,5,0,0,0,0,true,,false,false,true,false,false,,,,,,false,false,false,,,false,false,false,false,false,-83.26148,42.39219,"{
  ""coordinates"": [
    -8.326148418799990e+01,
    4.239218791700010e+01
  ],
  ""type"": ""Point""
}","{
  ""coordinates"": [
    -83.261484188,
    42.392187917
  ],
  ""type"": ""Point""
}",-83.2614841879999,42.3921879170001
18501,9200146,MARTIN,MC GRAW,2015-02-27,27,2,2015,0,6,5,9,,4,0,,3,5,4,25,4,2,2,5,0,0,0,0,true,,false,false,true,false,false,,,,,,false,false,false,,,false,false,false,false,false,-83.13293,42.3386,"{
  ""coordinates"": [
    -8.313293730600000e+01,
    4.233859547400000e+01
  ],
  ""type"": ""Point""
}","{
  ""coordinates"": [
    -83.132937306,
    42.338595474
  ],
  ""type"": ""Point""
}",-83.132937306,42.338595474
18502,9202894,PURITAN,COYLE,2015-02-27,27,2,2015,19,6,5,9,,4,0,,1,1,4,30,2,2,5,4,0,0,0,1,false,,false,false,false,false,false,,,,,,false,false,true,,,false,false,false,false,false,-83.194,42.4089,"{
  ""coordinates"": [
    -8.319400181799990e+01,
    4.240890114800000e+01
  ],
  ""type"": ""Point""
}","{
  ""coordinates"": [
    -83.194001818,
    42.408901148
  ],
  ""type"": ""Point""
}",-83.1940018179999,42.408901148
18503,9203008,FRANKLIN,RIVARD,2015-02-27,27,2,2015,8,6,4,9,,5,0,,1,1,1,25,2,2,2,5,0,0,0,0,true,,false,false,false,false,false,,,,,,false,false,false,,,false,false,false,false,false,-83.03331,42.33194,"{
  ""coordinates"": [
    -8.303331058000001e+01,
    4.233193678300010e+01
  ],
  ""type"": ""Point""
}","{
  ""coordinates"": [
    -83.03331058,
    42.331936783
  ],
  ""type"": ""Point""
}",-83.03331058,42.3319367830001
18504,9202882,FENKELL,APPOLINE,2015-02-27,27,2,2015,10,6,4,9,,2,0,,1,1,1,30,4,2,1,5,0,0,0,0,true,,false,false,true,false,false,,,,,,false,false,false,,,false,false,false,false,false,-83.1704,42.40221,"{
  ""coordinates"": [
    -8.317040408000000e+01,
    4.240221079800010e+01
  ],
  ""type"": ""Point""
}","{
  ""coordinates"": [
    -83.17040408,
    42.402210798
  ],
  ""type"": ""Point""
}",-83.17040408,42.4022107980001
18505,9206096,TEMPLE,2ND,2015-02-27,27,2,2015,8,6,5,9,,4,0,,1,3,1,25,4,2,3,4,0,0,0,2,false,,false,false,true,false,false,,,,,,false,false,true,,,false,false,false,false,false,-83.06076,42.3411,"{
  ""coordinates"": [
    -8.306076227400000e+01,
    4.234109999400000e+01
  ],
  ""type"": ""Point""
}","{
  ""coordinates"": [
    -83.060762274,
    42.341099994
  ],
  ""type"": ""Point""
}",-83.060762274,42.341099994
18506,9203155,7 MILE,CHARLESTON,2015-02-27,27,2,2015,18,6,5,9,,4,0,,1,1,1,25,2,2,5,5,0,0,0,0,true,,false,false,false,false,false,,,,,,false,true,false,,,false,false,false,false,false,-83.10709,42.43222,"{
  ""coordinates"": [
    -8.310708431599990e+01,
    4.243221977900000e+01
  ],
  ""type"": ""Point""
}","{
  ""coordinates"": [
    -83.107084316,
    42.432219779
  ],
  ""type"": ""Point""
}",-83.1070843159999,42.432219779
18507,9200225,DAVISON,SHERWOOD,2015-02-27,27,2,2015,,6,4,9,,4,0,,1,1,4,35,2,2,1,5,0,0,0,0,true,,false,false,false,false,false,,,,,,false,false,false,,,false,false,false,false,false,-83.03361,42.42339,"{
  ""coordinates"": [
    -8.303360371100000e+01,
    4.242339193500000e+01
  ],
  ""type"": ""Point""
}","{
  ""coordinates"": [
    -83.033603711,
    42.423391935
  ],
  ""type"": ""Point""
}",-83.033603711,42.423391935
18508,9203021,S M 39,RAMP 009C,2015-02-27,27,2,2015,16,6,5,3,,1,0,,1,1,1,55,3,2,2,5,0,0,0,0,true,,false,false,false,false,false,,,,,,false,false,false,,,false,false,false,false,false,-83.21841,42.40418,"{
  ""coordinates"": [
    -8.321840872199989e+01,
    4.240418026200010e+01
  ],
  ""type"": ""Point""
}","{
  ""coordinates"": [
    -83.218408722,
    42.404180262
  ],
  ""type"": ""Point""
}",-83.2184087219999,42.4041802620001
18509,9206822,I-94,I-75,2015-02-27,27,2,2015,7,6,5,1,,1,0,,1,1,1,55,3,2,2,5,0,0,0,0,true,,false,false,false,false,false,,,,,,false,false,false,,,false,false,false,false,false,-83.05876,42.36819,"{
  ""coordinates"": [
    -8.305876414300000e+01,
    4.236819589700010e+01
  ],
  ""type"": ""Point""
}","{
  ""coordinates"": [
    -83.058764143,
    42.368195897
  ],
  ""type"": ""Point""
}",-83.058764143,42.3681958970001
18510,9214955,SUNSET,7 MILE,2015-02-27,27,2,2015,15,6,97,9,,,0,,1,1,1,25,1,2,0,5,0,0,0,0,true,,false,false,true,false,false,,,,,,false,false,false,,,false,false,false,false,false,-83.06108,42.4359,"{
  ""coordinates"": [
    -8.306108206800000e+01,
    4.243590329600000e+01
  ],
  ""type"": ""Point""
}","{
  ""coordinates"": [
    -83.061082068,
    42.435903296
  ],
  ""type"": ""Point""
}",-83.061082068,42.435903296
18511,9202946,ST MARYS,FENKELL,2015-02-27,27,2,2015,14,6,8,9,,4,0,,3,1,1,30,2,2,1,5,0,0,0,0,true,,false,false,false,false,false,,,,,,false,false,false,,,false,false,false,false,false,-83.20661,42.40129,"{
  ""coordinates"": [
    -8.320661190300000e+01,
    4.240129585600000e+01
  ],
  ""type"": ""Point""
}","{
  ""coordinates"": [
    -83.206611903,
    42.401295856
  ],
  ""type"": ""Point""
}",-83.206611903,42.401295856
18512,9203003,GRATIOT,SHERIDAN,2015-02-27,27,2,2015,7,6,8,3,,1,0,,1,1,4,35,6,2,2,5,0,0,0,0,true,,false,false,false,false,false,,,,,,false,false,true,,,false,false,false,false,false,-83.01723,42.375,"{
  ""coordinates"": [
    -8.301722537700000e+01,
    4.237499465600010e+01
  ],
  ""type"": ""Point""
}","{
  ""coordinates"": [
    -83.017225377,
    42.374994656
  ],
  ""type"": ""Point""
}",-83.017225377,42.3749946560001
18513,9203124,DAVISON,LASALLE,2015-02-27,27,2,2015,16,6,5,3,,1,0,,1,1,1,40,7,4,4,5,0,0,0,0,true,,false,false,false,false,false,,,,,,false,false,true,,,false,false,false,false,false,-83.11929,42.39404,"{
  ""coordinates"": [
    -8.311928178600000e+01,
    4.239403384300000e+01
  ],
  ""type"": ""Point""
}","{
  ""coordinates"": [
    -83.119281786,
    42.394033843
  ],
  ""type"": ""Point""
}",-83.119281786,42.394033843
18514,9202945,COYLE,FENKELL,2015-02-27,27,2,2015,17,6,8,9,,,0,,1,1,1,30,2,2,0,5,0,0,0,0,true,,false,false,true,false,false,,,,,,false,false,false,,,false,false,false,false,false,-83.19382,42.40163,"{
  ""coordinates"": [
    -8.319381724100000e+01,
    4.240163391000000e+01
  ],
  ""type"": ""Point""
}","{
  ""coordinates"": [
    -83.193817241,
    42.40163391
  ],
  ""type"": ""Point""
}",-83.193817241,42.40163391
18515,9221894,MCNICHOLS,SCHAEFER,2015-02-27,27,2,2015,22,6,97,9,,2,0,,1,1,4,30,5,2,1,5,0,0,0,0,true,,false,false,true,false,false,,,,,,false,false,false,,,false,false,false,false,false,-83.17982,42.41659,"{
  ""coordinates"": [
    -8.317981398099990e+01,
    4.241658878500000e+01
  ],
  ""type"": ""Point""
}","{
  ""coordinates"": [
    -83.179813981,
    42.416588785
  ],
  ""type"": ""Point""
}",-83.1798139809999,42.416588785
18516,9206960,GREENFIELD,SCHOOLCRAFT,2015-02-27,27,2,2015,7,6,5,9,,2,0,,1,1,1,35,4,2,2,5,0,0,0,0,true,,false,false,false,false,false,,,,,,false,false,false,,,false,false,false,false,false,-83.19817,42.38711,"{
  ""coordinates"": [
    -8.319816406400000e+01,
    4.238710877800000e+01
  ],
  ""type"": ""Point""
}","{
  ""coordinates"": [
    -83.198164064,
    42.387108778
  ],
  ""type"": ""Point""
}",-83.198164064,42.387108778
18517,9204275,ELMIRA,PREST,2015-02-27,27,2,2015,15,6,4,9,,,0,,1,1,1,25,2,2,5,5,0,0,0,0,true,,false,false,false,false,false,,,,,,false,false,true,,,false,false,false,false,false,-83.19635,42.37023,"{
  ""coordinates"": [
    -8.319634922599990e+01,
    4.237022819100010e+01
  ],
  ""type"": ""Point""
}","{
  ""coordinates"": [
    -83.196349226,
    42.370228191
  ],
  ""type"": ""Point""
}",-83.1963492259999,42.3702281910001
18518,9207057,MOUND,OUTER,2015-02-27,27,2,2015,10,6,5,9,,2,0,,1,1,1,25,2,2,1,5,0,0,0,0,true,,false,false,true,false,false,,,,,,false,false,false,,,false,false,false,false,false,-83.04405,42.44067,"{
  ""coordinates"": [
    -8.304404920600000e+01,
    4.244067104000000e+01
  ],
  ""type"": ""Point""
}","{
  ""coordinates"": [
    -83.044049206,
    42.44067104
  ],
  ""type"": ""Point""
}",-83.044049206,42.44067104
18519,9233093,FILBERT,PARK,2015-02-27,27,2,2015,14,6,4,9,,,0,,3,5,1,25,2,2,1,5,0,0,0,0,true,,false,false,true,false,false,,,,,,false,false,false,,,false,false,false,false,false,-82.98633,42.41787,"{
  ""coordinates"": [
    -8.298632940000000e+01,
    4.241786677200000e+01
  ],
  ""type"": ""Point""
}","{
  ""coordinates"": [
    -82.9863294,
    42.417866772
  ],
  ""type"": ""Point""
}",-82.9863294,42.417866772
18520,9202598,I-75,VERNOR,2015-02-27,27,2,2015,15,6,5,1,,1,0,,1,1,1,70,5,2,2,5,0,0,0,0,true,,false,false,false,false,false,,,,,,false,false,true,,,false,false,false,false,false,-83.08446,42.32644,"{
  ""coordinates"": [
    -8.308445573499991e+01,
    4.232643604500000e+01
  ],
  ""type"": ""Point""
}","{
  ""coordinates"": [
    -83.084455735,
    42.326436045
  ],
  ""type"": ""Point""
}",-83.0844557349999,42.326436045
18521,9200155,I-94 SERVICE,LIVERNOIS,2015-02-27,27,2,2015,0,6,4,9,,,0,,1,1,1,35,3,2,2,5,0,0,0,0,true,,false,false,false,false,false,,,,,,false,false,false,,,false,false,false,false,false,-83.12512,42.33776,"{
  ""coordinates"": [
    -8.312511853800000e+01,
    4.233775849400010e+01
  ],
  ""type"": ""Point""
}","{
  ""coordinates"": [
    -83.125118538,
    42.337758494
  ],
  ""type"": ""Point""
}",-83.125118538,42.3377584940001
18522,9202651,W/B I-94,MT ELLIOTT,2015-02-27,27,2,2015,8,6,8,1,,1,0,,1,1,1,55,3,4,5,5,0,0,0,0,true,,false,false,false,false,false,,,,,,false,false,false,,,false,false,false,false,false,-83.04343,42.37551,"{
  ""coordinates"": [
    -8.304343325100000e+01,
    4.237550708400000e+01
  ],
  ""type"": ""Point""
}","{
  ""coordinates"": [
    -83.043433251,
    42.375507084
  ],
  ""type"": ""Point""
}",-83.043433251,42.375507084
18523,9308596,ROSEBERRY,KILBOURNE,2015-02-27,27,2,2015,10,6,4,9,,,0,,1,1,1,25,2,2,1,5,0,0,0,0,true,,false,false,true,false,false,,,,,,false,false,false,,,false,false,false,false,false,-82.98864,42.41102,"{
  ""coordinates"": [
    -8.298864350500000e+01,
    4.241101810100000e+01
  ],
  ""type"": ""Point""
}","{
  ""coordinates"": [
    -82.988643505,
    42.411018101
  ],
  ""type"": ""Point""
}",-82.988643505,42.411018101
18524,9200193,FAUST,WESTFIELD,2015-02-27,27,2,2015,11,6,8,9,,,0,,4,5,1,25,1,2,1,5,0,0,0,0,true,,false,false,false,false,false,,,,,,false,false,true,,,false,false,false,false,false,-83.22147,42.3632,"{
  ""coordinates"": [
    -8.322146596000000e+01,
    4.236320057900010e+01
  ],
  ""type"": ""Point""
}","{
  ""coordinates"": [
    -83.22146596,
    42.363200579
  ],
  ""type"": ""Point""
}",-83.22146596,42.3632005790001
18525,9204132,S I 75,RAMP 045C,2015-02-27,27,2,2015,2,6,1,1,,1,1,,1,1,4,55,5,1,4,5,0,0,0,0,true,,false,false,true,false,false,,,,,,false,false,false,,,false,false,false,false,false,-83.06377,42.37962,"{
  ""coordinates"": [
    -8.306376299399990e+01,
    4.237961605200010e+01
  ],
  ""type"": ""Point""
}","{
  ""coordinates"": [
    -83.063762994,
    42.379616052
  ],
  ""type"": ""Point""
}",-83.0637629939999,42.3796160520001
18526,9203128,SCOTTEN,TIREMAN,2015-02-27,27,2,2015,10,6,8,9,,4,3,,4,1,1,25,2,2,0,5,0,0,0,0,true,,false,false,true,false,false,,,,,,false,false,false,,,false,false,false,false,false,-83.11247,42.35561,"{
  ""coordinates"": [
    -8.311246947799999e+01,
    4.235561099400010e+01
  ],
  ""type"": ""Point""
}","{
  ""coordinates"": [
    -83.112469478,
    42.355610994
  ],
  ""type"": ""Point""
}",-83.112469478,42.3556109940001
18527,9206091,RIVARD,LAFAYETTE,2015-02-27,27,2,2015,8,6,4,9,,4,0,,4,1,1,25,2,2,2,5,0,0,0,0,true,,false,false,false,false,false,,,,,,false,false,false,,,false,false,false,false,false,-83.03622,42.33636,"{
  ""coordinates"": [
    -8.303622411100000e+01,
    4.233635635200010e+01
  ],
  ""type"": ""Point""
}","{
  ""coordinates"": [
    -83.036224111,
    42.336356352
  ],
  ""type"": ""Point""
}",-83.036224111,42.3363563520001
18528,9200220,TROESTER,GROVER,2015-02-27,27,2,2015,22,6,9,9,,,2,,1,1,4,25,2,2,0,5,0,0,0,0,true,,false,false,true,false,false,,,,,,false,false,false,,,false,false,false,false,false,-82.97974,42.42622,"{
  ""coordinates"": [
    -8.297974657799990e+01,
    4.242622427900010e+01
  ],
  ""type"": ""Point""
}","{
  ""coordinates"": [
    -82.979746578,
    42.426224279
  ],
  ""type"": ""Point""
}",-82.9797465779999,42.4262242790001
18529,9206103,GRATIOT,RANDOLPH,2015-02-27,27,2,2015,11,6,8,3,,1,0,,1,1,1,0,2,2,5,5,0,0,0,0,true,,false,false,false,false,false,,,,,,false,false,false,,,false,false,false,false,false,-83.0452,42.33512,"{
  ""coordinates"": [
    -8.304520361199999e+01,
    4.233512086500010e+01
  ],
  ""type"": ""Point""
}","{
  ""coordinates"": [
    -83.045203612,
    42.335120865
  ],
  ""type"": ""Point""
}",-83.045203612,42.3351208650001
18530,9202527,N I 75,RAMP 122J,2015-02-27,27,2,2015,20,6,5,1,,1,0,,1,1,4,55,3,2,2,5,0,0,0,0,true,,false,false,false,false,false,,,,,,false,false,true,,,false,false,false,false,false,-83.06366,42.33538,"{
  ""coordinates"": [
    -8.306365778799990e+01,
    4.233538504100010e+01
  ],
  ""type"": ""Point""
}","{
  ""coordinates"": [
    -83.063657788,
    42.335385041
  ],
  ""type"": ""Point""
}",-83.0636577879999,42.3353850410001
18531,9202639,RAMP 122I,RAMP 122H,2015-02-27,27,2,2015,17,6,5,1,,1,0,,1,1,1,55,1,2,2,5,0,0,0,0,true,,false,false,false,false,false,,,,,,false,false,false,,,false,false,false,false,false,-83.06263,42.33384,"{
  ""coordinates"": [
    -8.306263033300000e+01,
    4.233383656500010e+01
  ],
  ""type"": ""Point""
}","{
  ""coordinates"": [
    -83.062630333,
    42.333836565
  ],
  ""type"": ""Point""
}",-83.062630333,42.3338365650001
18532,9202630,E/B I94,FRENCH,2015-02-27,27,2,2015,17,6,5,1,,1,0,,1,1,1,55,3,2,2,5,0,0,0,0,true,,false,false,false,false,false,,,,,,false,false,false,,,false,false,false,false,false,-82.99778,42.3921,"{
  ""coordinates"": [
    -8.299777686800000e+01,
    4.239209660900010e+01
  ],
  ""type"": ""Point""
}","{
  ""coordinates"": [
    -82.997776868,
    42.392096609
  ],
  ""type"": ""Point""
}",-82.997776868,42.3920966090001
18533,9206092,GRATIOT,BEAUBIEN,2015-02-27,27,2,2015,17,6,5,3,,1,0,,1,1,1,35,4,2,2,5,0,0,0,0,true,,false,false,false,false,false,,,,,,false,false,true,,,false,false,false,false,false,-83.04386,42.33686,"{
  ""coordinates"": [
    -8.304386050200000e+01,
    4.233686183900010e+01
  ],
  ""type"": ""Point""
}","{
  ""coordinates"": [
    -83.043860502,
    42.336861839
  ],
  ""type"": ""Point""
}",-83.043860502,42.3368618390001
18534,9200253,SCHAEFER,VASSAR,2015-02-27,27,2,2015,0,6,4,9,,4,0,,1,1,4,25,2,2,3,5,0,0,0,0,true,,true,true,false,false,false,,,,,,false,false,true,,,false,false,false,false,false,-83.18062,42.43475,"{
  ""coordinates"": [
    -8.318061784299989e+01,
    4.243474404300010e+01
  ],
  ""type"": ""Point""
}","{
  ""coordinates"": [
    -83.180617843,
    42.434744043
  ],
  ""type"": ""Point""
}",-83.1806178429999,42.4347440430001