ObjectId,Crash ID,Primary Road,Intersecting Road,Crash Date,Day,Month,Year,Hour,Weekday,Crash Type Code,Highway Classification Code,Community Code,Jurisdiction Code,Lane Departure Type Code,Surface Type,Road Condition,Weather Condition,Lighting Condition,Speed Limit,Lanes,Units,Occupants,Most Severe Injury,Fatal Injuries,Suspected Serious Injuries,Suspected Minor Injuries,Possible Injuries,Property Damage Only,Secondary Crash,Traffic Control,Red Light Run,Hit and Run,Alcohol,Drugs,Unbelted Person,Work Zone,Speeding Driver,Distracted Driver,Driveway,Pedestrian,Elderly Driver,Young Driver,Commercial Vehicle,Emergency Vehicles,Train,School Bus,Motorcycle,Bicycle,Deer,Longitude,Latitude,geom,geog,x,y
18535,9202625,N/B I75,DEARBORN,2015-02-27,27,2,2015,10,6,1,1,,1,1,,1,1,1,55,4,1,1,5,0,0,0,0,true,,false,false,false,false,false,,,,,,false,false,false,,,false,false,false,false,false,-83.12571,42.29628,"{
  ""coordinates"": [
    -8.312570950999999e+01,
    4.229627657200010e+01
  ],
  ""type"": ""Point""
}","{
  ""coordinates"": [
    -83.12570951,
    42.296276572
  ],
  ""type"": ""Point""
}",-83.12570951,42.2962765720001
18536,9202565,N M 39,PLYMOUTH,2015-02-27,27,2,2015,20,6,8,3,,1,0,,1,1,4,55,3,2,1,5,0,0,0,0,true,,false,false,true,false,false,,,,,,false,false,false,,,false,false,false,false,false,-83.21654,42.37138,"{
  ""coordinates"": [
    -8.321654081400000e+01,
    4.237138360700000e+01
  ],
  ""type"": ""Point""
}","{
  ""coordinates"": [
    -83.216540814,
    42.371383607
  ],
  ""type"": ""Point""
}",-83.216540814,42.371383607
18537,9200219,CRAFT,DUCHESS,2015-02-27,27,2,2015,7,6,97,9,,,0,,1,1,1,25,2,2,1,5,0,0,0,0,true,,false,false,true,false,false,,,,,,false,false,false,,,false,false,false,false,false,-82.96133,42.41738,"{
  ""coordinates"": [
    -8.296132869600000e+01,
    4.241737668200010e+01
  ],
  ""type"": ""Point""
}","{
  ""coordinates"": [
    -82.961328696,
    42.417376682
  ],
  ""type"": ""Point""
}",-82.961328696,42.4173766820001
18538,9202564,S/B I-75,MCNICHOLS,2015-02-27,27,2,2015,19,6,8,1,,1,0,,1,1,4,70,4,2,2,4,0,0,0,2,false,,false,false,false,false,false,,,,,,false,false,false,,,false,false,false,false,false,-83.09312,42.42442,"{
  ""coordinates"": [
    -8.309311393999999e+01,
    4.242441510600000e+01
  ],
  ""type"": ""Point""
}","{
  ""coordinates"": [
    -83.09311394,
    42.424415106
  ],
  ""type"": ""Point""
}",-83.09311394,42.424415106
18539,9200191,MINOCK,FENKELL,2015-02-27,27,2,2015,13,6,8,9,,,0,,4,1,1,25,1,2,1,5,0,0,0,0,true,,false,false,false,false,false,,,,,,false,false,false,,,false,false,false,false,false,-83.23375,42.40034,"{
  ""coordinates"": [
    -8.323375305499999e+01,
    4.240034400400000e+01
  ],
  ""type"": ""Point""
}","{
  ""coordinates"": [
    -83.233753055,
    42.400344004
  ],
  ""type"": ""Point""
}",-83.233753055,42.400344004
18540,9203020,MCNICHOLS,RUTHERFORD,2015-02-27,27,2,2015,15,6,4,9,,2,0,,1,1,1,35,4,2,2,3,0,0,1,0,false,,false,false,true,false,false,,,,,,false,false,false,,,false,false,false,false,false,-83.20473,42.41585,"{
  ""coordinates"": [
    -8.320473801700000e+01,
    4.241584873700000e+01
  ],
  ""type"": ""Point""
}","{
  ""coordinates"": [
    -83.204738017,
    42.415848737
  ],
  ""type"": ""Point""
}",-83.204738017,42.415848737
18541,9202626,N/B M39,FORD,2015-02-27,27,2,2015,15,6,5,3,,1,0,,1,1,1,55,3,2,2,5,0,0,0,0,true,,false,false,false,false,false,,,,,,false,false,false,,,false,false,false,false,false,-83.21564,42.33055,"{
  ""coordinates"": [
    -8.321564060400000e+01,
    4.233054705900000e+01
  ],
  ""type"": ""Point""
}","{
  ""coordinates"": [
    -83.215640604,
    42.330547059
  ],
  ""type"": ""Point""
}",-83.215640604,42.330547059
18542,9202528,I75,NEVADA,2015-02-27,27,2,2015,22,6,8,1,,1,0,,1,2,4,70,4,2,3,5,0,0,0,0,true,,false,false,false,false,false,,,,,,false,false,false,,,false,false,false,false,false,-83.09408,42.42592,"{
  ""coordinates"": [
    -8.309407745000000e+01,
    4.242592160600000e+01
  ],
  ""type"": ""Point""
}","{
  ""coordinates"": [
    -83.09407745,
    42.425921606
  ],
  ""type"": ""Point""
}",-83.09407745,42.425921606
18543,9202963,ROSEMONT,EATON,2015-02-27,27,2,2015,18,6,1,9,,,0,,3,1,5,25,1,2,1,4,0,0,0,1,false,,false,false,true,false,false,,,,,,true,false,false,,,false,false,false,false,false,-83.22053,42.40094,"{
  ""coordinates"": [
    -8.322052558500000e+01,
    4.240093835200000e+01
  ],
  ""type"": ""Point""
}","{
  ""coordinates"": [
    -83.220525585,
    42.400938352
  ],
  ""type"": ""Point""
}",-83.220525585,42.400938352
18544,9367134,JAMES COUZENS,THATCHER,2015-02-27,27,2,2015,1,6,1,9,,4,1,,3,1,4,30,2,1,1,5,0,0,0,0,true,,false,false,false,false,false,,,,,,false,false,true,,,false,false,false,false,false,-83.17778,42.4223,"{
  ""coordinates"": [
    -8.317777945200000e+01,
    4.242230272600010e+01
  ],
  ""type"": ""Point""
}","{
  ""coordinates"": [
    -83.177779452,
    42.422302726
  ],
  ""type"": ""Point""
}",-83.177779452,42.4223027260001
18545,9200212,MOROSS,PEERLESS,2015-02-27,27,2,2015,17,6,4,9,,2,0,,1,1,1,35,4,2,2,4,0,0,0,1,false,,false,false,false,false,false,,,,,,false,false,false,,,false,false,false,false,false,-82.93535,42.4275,"{
  ""coordinates"": [
    -8.293534644899999e+01,
    4.242750136800000e+01
  ],
  ""type"": ""Point""
}","{
  ""coordinates"": [
    -82.935346449,
    42.427501368
  ],
  ""type"": ""Point""
}",-82.935346449,42.427501368
18546,9206821,I-75,8 MILE,2015-02-27,27,2,2015,6,6,8,1,,1,0,,1,2,4,70,3,2,1,5,0,0,0,0,true,,false,false,true,false,false,,,,,,false,false,false,,,false,false,false,false,false,-83.09491,42.44667,"{
  ""coordinates"": [
    -8.309491303500000e+01,
    4.244667273000000e+01
  ],
  ""type"": ""Point""
}","{
  ""coordinates"": [
    -83.094913035,
    42.44667273
  ],
  ""type"": ""Point""
}",-83.094913035,42.44667273
18547,9206823,I-94,CONNER,2015-02-27,27,2,2015,8,6,1,1,,1,1,,1,1,1,55,3,1,1,2,0,1,0,0,false,,false,false,false,false,false,,,,,,false,false,false,,,false,false,false,false,false,-82.98634,42.39753,"{
  ""coordinates"": [
    -8.298633811400001e+01,
    4.239753315800000e+01
  ],
  ""type"": ""Point""
}","{
  ""coordinates"": [
    -82.986338114,
    42.397533158
  ],
  ""type"": ""Point""
}",-82.986338114,42.397533158
18548,9203122,GRAND RIVER,LOTHROP,2015-02-27,27,2,2015,12,6,5,3,,1,0,,1,1,1,45,6,2,1,5,0,0,0,0,true,,false,false,false,false,false,,,,,,false,false,false,,,false,false,false,false,false,-83.11092,42.35741,"{
  ""coordinates"": [
    -8.311091775300000e+01,
    4.235740828800000e+01
  ],
  ""type"": ""Point""
}","{
  ""coordinates"": [
    -83.110917753,
    42.357408288
  ],
  ""type"": ""Point""
}",-83.110917753,42.357408288
18549,9202645,NB M-39,CHICAGO,2015-02-27,27,2,2015,14,6,5,3,,1,0,,1,1,1,55,3,2,4,5,0,0,0,0,true,,false,false,false,false,false,,,,,,false,false,false,,,false,false,false,false,false,-83.21637,42.36498,"{
  ""coordinates"": [
    -8.321637083600000e+01,
    4.236498150800000e+01
  ],
  ""type"": ""Point""
}","{
  ""coordinates"": [
    -83.216370836,
    42.364981508
  ],
  ""type"": ""Point""
}",-83.216370836,42.364981508
18550,9203168,SECOND,HANCOCK,2015-02-27,27,2,2015,22,6,4,9,,5,0,,1,1,4,25,2,2,4,5,0,0,0,0,true,,false,false,false,false,false,,,,,,false,true,false,,,false,false,false,false,false,-83.06823,42.3541,"{
  ""coordinates"": [
    -8.306822670199990e+01,
    4.235410438900000e+01
  ],
  ""type"": ""Point""
}","{
  ""coordinates"": [
    -83.068226702,
    42.354104389
  ],
  ""type"": ""Point""
}",-83.0682267019999,42.354104389
18551,9200185,RAMP 223A,RAMP 223B,2015-02-27,27,2,2015,1,6,5,1,,1,0,,1,1,4,35,2,2,2,4,0,0,0,1,false,,false,false,true,false,false,,,,,,false,false,false,,,false,false,false,false,false,-82.93695,42.41687,"{
  ""coordinates"": [
    -8.293695175600000e+01,
    4.241687059400000e+01
  ],
  ""type"": ""Point""
}","{
  ""coordinates"": [
    -82.936951756,
    42.416870594
  ],
  ""type"": ""Point""
}",-82.936951756,42.416870594
18552,9218296,LINDSAY,MCNICHOLS,2015-02-27,27,2,2015,7,6,4,9,,,0,,4,1,1,25,2,2,1,5,0,0,0,0,true,,false,false,false,false,false,,,,,,false,true,false,,,false,false,false,false,false,-83.21329,42.41539,"{
  ""coordinates"": [
    -8.321329606200000e+01,
    4.241539002600010e+01
  ],
  ""type"": ""Point""
}","{
  ""coordinates"": [
    -83.213296062,
    42.415390026
  ],
  ""type"": ""Point""
}",-83.213296062,42.4153900260001
18553,9224324,LINWOOD,GLENDALE,2015-02-27,27,2,2015,10,6,5,9,,4,0,,1,1,1,30,6,2,2,5,0,0,0,0,true,,false,false,false,true,false,,,,,,false,false,true,,,false,false,false,false,false,-83.1201,42.39017,"{
  ""coordinates"": [
    -8.312010028000000e+01,
    4.239016852300010e+01
  ],
  ""type"": ""Point""
}","{
  ""coordinates"": [
    -83.12010028,
    42.390168523
  ],
  ""type"": ""Point""
}",-83.12010028,42.3901685230001
18554,9207020,N I 75,RAMP 050C,2015-02-27,27,2,2015,15,6,5,1,,1,0,,1,1,1,70,4,2,4,5,0,0,0,0,true,,false,false,false,false,false,,,,,,false,false,false,,,false,false,false,false,false,-83.09496,42.44258,"{
  ""coordinates"": [
    -8.309496315900000e+01,
    4.244258324900010e+01
  ],
  ""type"": ""Point""
}","{
  ""coordinates"": [
    -83.094963159,
    42.442583249
  ],
  ""type"": ""Point""
}",-83.094963159,42.4425832490001
18555,9200260,MACK,JOHN R,2015-02-27,27,2,2015,15,6,4,9,,4,0,,1,1,1,30,3,2,2,5,0,0,0,0,true,,false,false,false,false,false,,,,,,false,false,false,,,false,false,false,false,false,-83.0563,42.34826,"{
  ""coordinates"": [
    -8.305630333600000e+01,
    4.234825763600000e+01
  ],
  ""type"": ""Point""
}","{
  ""coordinates"": [
    -83.056303336,
    42.348257636
  ],
  ""type"": ""Point""
}",-83.056303336,42.348257636
18556,9215860,I-94,CENTRAL,2015-02-27,27,2,2015,6,6,1,1,,1,1,,1,1,5,55,3,1,1,3,0,0,1,0,false,,false,false,false,false,false,,,,,,false,false,false,,,false,false,false,false,false,-83.14317,42.33153,"{
  ""coordinates"": [
    -8.314317482099990e+01,
    4.233153224600010e+01
  ],
  ""type"": ""Point""
}","{
  ""coordinates"": [
    -83.143174821,
    42.331532246
  ],
  ""type"": ""Point""
}",-83.1431748209999,42.3315322460001
18557,9200226,SAINT CYRIL,HUBER,2015-02-27,27,2,2015,14,6,3,9,,4,0,,1,1,1,25,4,2,4,4,0,0,0,1,false,,false,false,false,false,false,,,,,,false,false,false,,,false,false,false,false,false,-83.0263,42.3977,"{
  ""coordinates"": [
    -8.302629957700000e+01,
    4.239769576300010e+01
  ],
  ""type"": ""Point""
}","{
  ""coordinates"": [
    -83.026299577,
    42.397695763
  ],
  ""type"": ""Point""
}",-83.026299577,42.3976957630001
18558,9202646,NB M-39,TIREMAN,2015-02-27,27,2,2015,15,6,5,3,,1,0,,1,1,1,55,3,2,2,5,0,0,0,0,true,,false,false,false,false,false,,,,,,false,false,true,,,false,false,false,false,false,-83.21626,42.35206,"{
  ""coordinates"": [
    -8.321625238800000e+01,
    4.235206346300000e+01
  ],
  ""type"": ""Point""
}","{
  ""coordinates"": [
    -83.216252388,
    42.352063463
  ],
  ""type"": ""Point""
}",-83.216252388,42.352063463
18559,9225767,OUTER,SCHAEFER,2015-02-27,27,2,2015,10,6,1,9,,2,1,,2,4,1,35,2,1,2,4,0,0,0,1,false,,false,false,false,false,false,,,,,,false,false,true,,,false,false,false,false,false,-83.1803,42.4201,"{
  ""coordinates"": [
    -8.318029789900000e+01,
    4.242010006800010e+01
  ],
  ""type"": ""Point""
}","{
  ""coordinates"": [
    -83.180297899,
    42.420100068
  ],
  ""type"": ""Point""
}",-83.180297899,42.4201000680001
18560,9200250,8 MILE,WARD,2015-02-27,27,2,2015,11,6,8,3,,1,0,,1,1,1,40,4,2,3,4,0,0,0,2,false,,false,false,false,false,false,,,,,,false,false,false,,,false,false,false,false,false,-83.17567,42.4453,"{
  ""coordinates"": [
    -8.317567803100000e+01,
    4.244530227300000e+01
  ],
  ""type"": ""Point""
}","{
  ""coordinates"": [
    -83.175678031,
    42.445302273
  ],
  ""type"": ""Point""
}",-83.175678031,42.445302273
18561,9200256,HUBBELL,CURTIS,2015-02-27,27,2,2015,15,6,8,9,,4,0,,1,1,1,30,2,3,3,5,0,0,0,0,true,,false,false,false,false,false,,,,,,false,false,false,,,false,false,false,false,false,-83.18972,42.42309,"{
  ""coordinates"": [
    -8.318971994299990e+01,
    4.242309377800010e+01
  ],
  ""type"": ""Point""
}","{
  ""coordinates"": [
    -83.189719943,
    42.423093778
  ],
  ""type"": ""Point""
}",-83.1897199429999,42.4230937780001
18562,9200218,OUTER,HARPER,2015-02-27,27,2,2015,0,6,4,9,,2,0,,1,1,1,35,2,2,2,5,0,0,0,0,true,,false,false,true,false,false,,,,,,false,false,false,,,false,false,false,false,false,-82.96072,42.40566,"{
  ""coordinates"": [
    -8.296071624800000e+01,
    4.240566152600010e+01
  ],
  ""type"": ""Point""
}","{
  ""coordinates"": [
    -82.960716248,
    42.405661526
  ],
  ""type"": ""Point""
}",-82.960716248,42.4056615260001
18563,9233026,GRATIOT,ARNDT,2015-02-27,27,2,2015,16,6,5,3,,1,0,,1,1,1,35,7,2,0,5,0,0,0,0,true,,false,false,true,false,false,,,,,,false,false,false,,,false,false,false,false,false,-83.03172,42.35297,"{
  ""coordinates"": [
    -8.303171537799990e+01,
    4.235297431000000e+01
  ],
  ""type"": ""Point""
}","{
  ""coordinates"": [
    -83.031715378,
    42.35297431
  ],
  ""type"": ""Point""
}",-83.0317153779999,42.35297431
18564,9202549,I94,GRATIOT,2015-02-27,27,2,2015,5,6,5,1,,1,0,,1,1,4,55,3,2,2,5,0,0,0,0,true,,false,false,false,false,false,,,,,,false,false,false,,,false,false,false,false,false,-83.01155,42.38968,"{
  ""coordinates"": [
    -8.301154974900000e+01,
    4.238967472300000e+01
  ],
  ""type"": ""Point""
}","{
  ""coordinates"": [
    -83.011549749,
    42.389674723
  ],
  ""type"": ""Point""
}",-83.011549749,42.389674723
18565,9200144,GRAND,MAGNOLIA,2015-02-27,27,2,2015,6,6,1,9,,4,0,,1,1,5,30,2,1,1,5,0,0,0,0,true,,false,false,true,false,false,,,,,,false,false,false,,,false,false,false,false,false,-83.10118,42.33542,"{
  ""coordinates"": [
    -8.310118479300000e+01,
    4.233542412800010e+01
  ],
  ""type"": ""Point""
}","{
  ""coordinates"": [
    -83.101184793,
    42.335424128
  ],
  ""type"": ""Point""
}",-83.101184793,42.3354241280001
18566,9202555,I-375,JEFFERSON,2015-02-27,27,2,2015,19,6,5,1,,1,0,,1,1,4,55,3,2,5,4,0,0,0,2,false,,false,false,false,false,false,,,,,,false,false,true,,,false,false,false,false,false,-83.03803,42.33579,"{
  ""coordinates"": [
    -8.303803282500000e+01,
    4.233578820700010e+01
  ],
  ""type"": ""Point""
}","{
  ""coordinates"": [
    -83.038032825,
    42.335788207
  ],
  ""type"": ""Point""
}",-83.038032825,42.3357882070001
18567,9206951,CASS,WARREN,2015-02-27,27,2,2015,12,6,1,9,,4,0,,1,1,1,25,2,2,1,4,0,0,0,1,false,,false,false,false,false,false,,,,,,true,false,false,,,false,false,false,false,false,-83.06659,42.35588,"{
  ""coordinates"": [
    -8.306659215400001e+01,
    4.235588538400000e+01
  ],
  ""type"": ""Point""
}","{
  ""coordinates"": [
    -83.066592154,
    42.355885384
  ],
  ""type"": ""Point""
}",-83.066592154,42.355885384
18568,9203125,DAVISON,LASALLE,2015-02-27,27,2,2015,16,6,5,3,,1,0,,2,1,1,35,3,2,2,5,0,0,0,0,true,,false,false,true,false,false,,,,,,false,false,false,,,false,false,false,false,false,-83.11913,42.39409,"{
  ""coordinates"": [
    -8.311912483099999e+01,
    4.239409235500010e+01
  ],
  ""type"": ""Point""
}","{
  ""coordinates"": [
    -83.119124831,
    42.394092355
  ],
  ""type"": ""Point""
}",-83.119124831,42.3940923550001
18569,9206088,GRISWOLD,MICHIGAN,2015-02-27,27,2,2015,19,6,5,9,,4,0,,1,1,4,25,2,2,8,5,0,0,0,0,true,,false,false,true,false,false,,,,,,false,false,false,,,false,false,false,false,false,-83.04822,42.33163,"{
  ""coordinates"": [
    -8.304821810899990e+01,
    4.233162737100000e+01
  ],
  ""type"": ""Point""
}","{
  ""coordinates"": [
    -83.048218109,
    42.331627371
  ],
  ""type"": ""Point""
}",-83.0482181089999,42.331627371
18570,9203150,ROBINWOOD,JOHN R,2015-02-27,27,2,2015,22,6,4,9,,,0,,1,2,4,30,2,2,2,4,0,0,0,1,false,,true,false,true,false,false,,,,,,false,false,true,,,false,false,false,false,false,-83.10231,42.42985,"{
  ""coordinates"": [
    -8.310231226799991e+01,
    4.242985312300000e+01
  ],
  ""type"": ""Point""
}","{
  ""coordinates"": [
    -83.102312268,
    42.429853123
  ],
  ""type"": ""Point""
}",-83.1023122679999,42.429853123
18571,9200147,TOLEDO,CLARK,2015-02-27,27,2,2015,15,6,5,9,,4,0,,1,1,1,0,3,2,2,5,0,0,0,0,true,,false,false,false,false,false,,,,,,false,false,false,,,false,false,false,false,false,-83.09815,42.32336,"{
  ""coordinates"": [
    -8.309814849700000e+01,
    4.232335488100010e+01
  ],
  ""type"": ""Point""
}","{
  ""coordinates"": [
    -83.098148497,
    42.323354881
  ],
  ""type"": ""Point""
}",-83.098148497,42.3233548810001
18572,9200208,CHALMERS,W I 94,2015-02-27,27,2,2015,13,6,5,1,,4,0,,1,1,1,30,1,2,2,5,0,0,0,0,true,,false,false,true,false,false,,,,,,false,false,false,,,false,false,false,false,false,-82.96432,42.40387,"{
  ""coordinates"": [
    -8.296432427600000e+01,
    4.240387402800010e+01
  ],
  ""type"": ""Point""
}","{
  ""coordinates"": [
    -82.964324276,
    42.403874028
  ],
  ""type"": ""Point""
}",-82.964324276,42.4038740280001
18573,9214958,OUTER,MOUND,2015-02-27,27,2,2015,8,6,5,9,,2,0,,1,1,1,35,2,2,3,5,0,0,0,0,true,,false,false,false,false,false,,,,,,false,false,false,,,false,false,false,false,false,-83.04369,42.44072,"{
  ""coordinates"": [
    -8.304369203200000e+01,
    4.244072196700010e+01
  ],
  ""type"": ""Point""
}","{
  ""coordinates"": [
    -83.043692032,
    42.440721967
  ],
  ""type"": ""Point""
}",-83.043692032,42.4407219670001
18574,9202629,E/B I94,M10,2015-02-27,27,2,2015,16,6,5,1,,1,0,,1,1,1,55,3,2,2,5,0,0,0,0,true,,false,false,true,false,false,,,,,,false,false,true,,,false,false,false,false,false,-83.07242,42.36149,"{
  ""coordinates"": [
    -8.307241761700000e+01,
    4.236149070900010e+01
  ],
  ""type"": ""Point""
}","{
  ""coordinates"": [
    -83.072417617,
    42.361490709
  ],
  ""type"": ""Point""
}",-83.072417617,42.3614907090001
18575,9203004,DAVISON,CONANT,2015-02-27,27,2,2015,11,6,5,3,,4,0,,1,1,1,35,3,2,1,4,0,0,0,1,false,,false,false,true,false,false,,,,,,false,false,true,,,false,false,false,false,false,-83.06115,42.41565,"{
  ""coordinates"": [
    -8.306114974699990e+01,
    4.241564429000000e+01
  ],
  ""type"": ""Point""
}","{
  ""coordinates"": [
    -83.061149747,
    42.41564429
  ],
  ""type"": ""Point""
}",-83.0611497469999,42.41564429
18576,9233102,VAN DYKE,OUTER,2015-02-27,27,2,2015,14,6,5,3,,1,0,,1,1,1,35,4,2,3,5,0,0,0,0,true,,false,false,false,false,false,,,,,,false,false,false,,,false,false,false,false,false,-83.02448,42.44116,"{
  ""coordinates"": [
    -8.302448486799990e+01,
    4.244116150700010e+01
  ],
  ""type"": ""Point""
}","{
  ""coordinates"": [
    -83.024484868,
    42.441161507
  ],
  ""type"": ""Point""
}",-83.0244848679999,42.4411615070001
18577,9200138,WOODWARD,KIRBY,2015-02-27,27,2,2015,13,6,8,3,,1,0,,1,1,1,35,2,2,1,5,0,0,0,0,true,,false,false,true,false,false,,,,,,false,false,false,,,false,false,false,false,false,-83.06624,42.35974,"{
  ""coordinates"": [
    -8.306624052200000e+01,
    4.235973988600010e+01
  ],
  ""type"": ""Point""
}","{
  ""coordinates"": [
    -83.066240522,
    42.359739886
  ],
  ""type"": ""Point""
}",-83.066240522,42.3597398860001
18578,9205396,OUTER,NORTHLAWN,2015-02-27,27,2,2015,19,6,4,9,,2,0,,1,1,5,30,2,2,2,4,0,0,0,2,false,,false,false,false,false,false,,,,,,false,true,false,,,false,false,false,false,false,-83.1545,42.43512,"{
  ""coordinates"": [
    -8.315449447700000e+01,
    4.243511798600010e+01
  ],
  ""type"": ""Point""
}","{
  ""coordinates"": [
    -83.154494477,
    42.435117986
  ],
  ""type"": ""Point""
}",-83.154494477,42.4351179860001
18579,9206824,I-75,VERNOR,2015-02-27,27,2,2015,15,6,8,1,,1,0,,1,1,1,55,5,2,3,5,0,0,0,0,true,,false,false,true,false,false,,,,,,false,false,false,,,false,false,false,false,false,-83.08331,42.32367,"{
  ""coordinates"": [
    -8.308330448000000e+01,
    4.232367201000010e+01
  ],
  ""type"": ""Point""
}","{
  ""coordinates"": [
    -83.08330448,
    42.32367201
  ],
  ""type"": ""Point""
}",-83.08330448,42.3236720100001
18580,9214961,8 MILE,MOUND,2015-02-27,27,2,2015,18,6,9,3,,1,0,,1,1,4,35,4,2,1,5,0,0,0,0,true,,false,false,true,false,false,,,,,,false,false,false,,,false,false,false,false,false,-83.04395,42.44777,"{
  ""coordinates"": [
    -8.304394695100000e+01,
    4.244777023600010e+01
  ],
  ""type"": ""Point""
}","{
  ""coordinates"": [
    -83.043946951,
    42.447770236
  ],
  ""type"": ""Point""
}",-83.043946951,42.4477702360001
18581,9202919,GARLAND,MACK,2015-02-27,27,2,2015,13,6,9,9,,,2,,2,1,1,35,2,2,1,5,0,0,0,0,true,,false,false,true,false,false,,,,,,false,false,false,,,false,false,false,false,false,-82.98765,42.37497,"{
  ""coordinates"": [
    -8.298764962199991e+01,
    4.237497436500010e+01
  ],
  ""type"": ""Point""
}","{
  ""coordinates"": [
    -82.987649622,
    42.374974365
  ],
  ""type"": ""Point""
}",-82.9876496219999,42.3749743650001
18582,9200192,FORD,ASHTON,2015-02-27,27,2,2015,16,6,5,9,,,0,,1,1,1,45,4,3,3,5,0,0,0,0,true,,false,false,false,false,false,,,,,,false,false,true,,,false,false,false,false,false,-83.21954,42.42491,"{
  ""coordinates"": [
    -8.321954642000000e+01,
    4.242491193700000e+01
  ],
  ""type"": ""Point""
}","{
  ""coordinates"": [
    -83.21954642,
    42.424911937
  ],
  ""type"": ""Point""
}",-83.21954642,42.424911937
18583,9250180,HARPER,CADIEUX,2015-02-27,27,2,2015,17,6,4,9,,4,0,,1,1,1,35,2,2,2,5,0,0,0,0,true,,false,false,true,false,false,,,,,,false,false,true,,,false,false,false,false,false,-82.93663,42.41644,"{
  ""coordinates"": [
    -8.293662770400000e+01,
    4.241643471400000e+01
  ],
  ""type"": ""Point""
}","{
  ""coordinates"": [
    -82.936627704,
    42.416434714
  ],
  ""type"": ""Point""
}",-82.936627704,42.416434714
18584,9202624,E I 96,MARTIN LUTHER KING JR,2015-02-27,27,2,2015,8,6,5,1,,1,0,,1,1,1,55,4,2,2,4,0,0,0,1,false,,false,false,false,false,false,,,,,,false,false,false,,,false,false,false,false,false,-83.09164,42.33752,"{
  ""coordinates"": [
    -8.309163835699999e+01,
    4.233752412400000e+01
  ],
  ""type"": ""Point""
}","{
  ""coordinates"": [
    -83.091638357,
    42.337524124
  ],
  ""type"": ""Point""
}",-83.091638357,42.337524124
18585,9203001,W I 94,VAN DYKE,2015-02-27,27,2,2015,12,6,6,1,,1,0,,4,1,1,25,4,2,3,5,0,0,0,0,true,,false,false,false,false,false,,,,,,false,false,false,,,false,false,false,false,false,-83.0201,42.3863,"{
  ""coordinates"": [
    -8.302009645299999e+01,
    4.238630031500000e+01
  ],
  ""type"": ""Point""
}","{
  ""coordinates"": [
    -83.020096453,
    42.386300315
  ],
  ""type"": ""Point""
}",-83.020096453,42.386300315
18586,9203110,8 MILE,VAN DYKE,2015-02-27,27,2,2015,16,6,5,3,,1,0,,1,1,1,40,4,2,2,5,0,0,0,0,true,,false,false,false,false,false,,,,,,false,false,false,,,false,false,false,false,false,-83.02511,42.44815,"{
  ""coordinates"": [
    -8.302510876900000e+01,
    4.244814911200010e+01
  ],
  ""type"": ""Point""
}","{
  ""coordinates"": [
    -83.025108769,
    42.448149112
  ],
  ""type"": ""Point""
}",-83.025108769,42.4481491120001
18587,9206115,FORT,WASHINGTON,2015-02-27,27,2,2015,8,6,97,3,,1,0,,1,1,1,30,6,2,1,4,0,0,0,1,false,,false,false,false,false,false,,,,,,true,false,false,,,false,false,false,false,false,-83.04983,42.32967,"{
  ""coordinates"": [
    -8.304983009400000e+01,
    4.232966538900010e+01
  ],
  ""type"": ""Point""
}","{
  ""coordinates"": [
    -83.049830094,
    42.329665389
  ],
  ""type"": ""Point""
}",-83.049830094,42.3296653890001
18588,9205393,GREENFIELD,8 MILE,2015-02-27,27,2,2015,21,6,97,7,,1,0,,1,1,4,35,4,2,0,4,0,0,0,1,false,,false,false,false,false,false,,,,,,true,false,false,,,false,false,false,false,false,-83.20049,42.44452,"{
  ""coordinates"": [
    -8.320049544999991e+01,
    4.244451835900000e+01
  ],
  ""type"": ""Point""
}","{
  ""coordinates"": [
    -83.20049545,
    42.444518359
  ],
  ""type"": ""Point""
}",-83.2004954499999,42.444518359
18589,9202893,CHICAGO,WYOMING,2015-02-27,27,2,2015,17,6,97,9,,4,0,,1,1,1,30,2,1,1,5,0,0,0,0,true,,false,false,true,false,false,,,,,,false,false,false,,,false,false,false,false,false,-83.15803,42.3662,"{
  ""coordinates"": [
    -8.315802527800000e+01,
    4.236619597400000e+01
  ],
  ""type"": ""Point""
}","{
  ""coordinates"": [
    -83.158025278,
    42.366195974
  ],
  ""type"": ""Point""
}",-83.158025278,42.366195974
18590,9222617,WOODWARD,FOREST,2015-02-26,26,2,2015,19,5,5,3,,1,0,,1,2,4,35,7,2,2,5,0,0,0,0,true,,false,false,true,false,false,,,,,,false,false,false,,,false,false,false,false,false,-83.06296,42.3547,"{
  ""coordinates"": [
    -8.306295908300000e+01,
    4.235470310600000e+01
  ],
  ""type"": ""Point""
}","{
  ""coordinates"": [
    -83.062959083,
    42.354703106
  ],
  ""type"": ""Point""
}",-83.062959083,42.354703106
18591,9199189,ALTER,WARREN,2015-02-26,26,2,2015,12,5,4,9,,4,0,,2,2,1,30,3,2,2,5,0,0,0,0,true,,true,true,true,false,false,,,,,,false,false,false,,,false,false,false,false,false,-82.95446,42.397,"{
  ""coordinates"": [
    -8.295446173499990e+01,
    4.239699489900000e+01
  ],
  ""type"": ""Point""
}","{
  ""coordinates"": [
    -82.954461735,
    42.396994899
  ],
  ""type"": ""Point""
}",-82.9544617349999,42.396994899