ObjectId,Crash ID,Primary Road,Intersecting Road,Crash Date,Day,Month,Year,Hour,Weekday,Crash Type Code,Highway Classification Code,Community Code,Jurisdiction Code,Lane Departure Type Code,Surface Type,Road Condition,Weather Condition,Lighting Condition,Speed Limit,Lanes,Units,Occupants,Most Severe Injury,Fatal Injuries,Suspected Serious Injuries,Suspected Minor Injuries,Possible Injuries,Property Damage Only,Secondary Crash,Traffic Control,Red Light Run,Hit and Run,Alcohol,Drugs,Unbelted Person,Work Zone,Speeding Driver,Distracted Driver,Driveway,Pedestrian,Elderly Driver,Young Driver,Commercial Vehicle,Emergency Vehicles,Train,School Bus,Motorcycle,Bicycle,Deer,Longitude,Latitude,geom,geog,x,y
18706,9197722,M-39,6 MILE,2015-02-25,25,2,2015,7,4,5,3,,1,0,,1,1,1,55,3,2,1,5,0,0,0,0,true,,false,false,true,false,false,,,,,,false,false,false,,,false,false,false,false,false,-83.2187,42.4083,"{
  ""coordinates"": [
    -8.321870239200000e+01,
    4.240829702500000e+01
  ],
  ""type"": ""Point""
}","{
  ""coordinates"": [
    -83.218702392,
    42.408297025
  ],
  ""type"": ""Point""
}",-83.218702392,42.408297025
18707,9199073,I 94,M-10,2015-02-25,25,2,2015,17,4,5,1,,1,0,,1,1,1,55,3,3,3,4,0,0,0,1,false,,false,false,false,false,false,,,,,,false,false,true,,,false,false,false,false,false,-83.08035,42.35675,"{
  ""coordinates"": [
    -8.308035578200000e+01,
    4.235674934400000e+01
  ],
  ""type"": ""Point""
}","{
  ""coordinates"": [
    -83.080355782,
    42.356749344
  ],
  ""type"": ""Point""
}",-83.080355782,42.356749344
18708,9200252,WYOMING,OUTER,2015-02-25,25,2,2015,20,4,3,9,,4,0,,1,1,4,30,2,2,2,4,0,0,0,2,false,,false,false,false,false,false,,,,,,false,false,true,,,false,false,false,false,false,-83.1611,42.43507,"{
  ""coordinates"": [
    -8.316110304800000e+01,
    4.243507222200000e+01
  ],
  ""type"": ""Point""
}","{
  ""coordinates"": [
    -83.161103048,
    42.435072222
  ],
  ""type"": ""Point""
}",-83.161103048,42.435072222
18709,9200237,SHERWOOD,7 MILE,2015-02-25,25,2,2015,6,4,97,9,,4,0,,1,1,2,30,1,2,0,4,0,0,0,1,false,,false,false,true,false,false,,,,,,true,false,false,,,false,false,false,false,false,-83.03403,42.43377,"{
  ""coordinates"": [
    -8.303403733200000e+01,
    4.243376701100000e+01
  ],
  ""type"": ""Point""
}","{
  ""coordinates"": [
    -83.034037332,
    42.433767011
  ],
  ""type"": ""Point""
}",-83.034037332,42.433767011
18710,9197913,7 MILE,SOUTHFIELD SERVICE DRIVE,2015-02-25,25,2,2015,15,4,5,9,,2,0,,1,1,1,40,2,2,5,4,0,0,0,3,false,,false,false,true,false,false,,,,,,false,false,false,,,false,false,false,false,false,-83.21885,42.43003,"{
  ""coordinates"": [
    -8.321884646699991e+01,
    4.243002636100000e+01
  ],
  ""type"": ""Point""
}","{
  ""coordinates"": [
    -83.218846467,
    42.430026361
  ],
  ""type"": ""Point""
}",-83.2188464669999,42.430026361
18711,9203171,MARTIN LUTHER KING JR,GIBSON,2015-02-25,25,2,2015,16,4,97,9,,4,0,,1,2,1,30,3,2,4,5,0,0,0,0,true,,false,false,false,false,false,,,,,,false,false,false,,,false,false,false,false,false,-83.07093,42.34246,"{
  ""coordinates"": [
    -8.307092960999999e+01,
    4.234245867700000e+01
  ],
  ""type"": ""Point""
}","{
  ""coordinates"": [
    -83.07092961,
    42.342458677
  ],
  ""type"": ""Point""
}",-83.07092961,42.342458677
18712,9199065,W I 94,CSX TRANSPORTATION,2015-02-25,25,2,2015,13,4,5,1,,1,0,,1,1,1,55,3,2,2,5,0,0,0,0,true,,false,false,false,false,false,,,,,,false,true,false,,,false,false,false,false,false,-83.12151,42.33884,"{
  ""coordinates"": [
    -8.312150571099990e+01,
    4.233884171800000e+01
  ],
  ""type"": ""Point""
}","{
  ""coordinates"": [
    -83.121505711,
    42.338841718
  ],
  ""type"": ""Point""
}",-83.1215057109999,42.338841718
18713,9200221,ROSA PARKS,TUXEDO,2015-02-25,25,2,2015,11,4,8,9,,4,0,,1,1,1,30,3,2,3,4,0,0,0,1,false,,false,false,true,false,false,,,,,,false,false,false,,,false,false,false,false,false,-83.10671,42.38692,"{
  ""coordinates"": [
    -8.310670953100001e+01,
    4.238692324600000e+01
  ],
  ""type"": ""Point""
}","{
  ""coordinates"": [
    -83.106709531,
    42.386923246
  ],
  ""type"": ""Point""
}",-83.106709531,42.386923246
18714,9197731,I-96,GRAND,2015-02-25,25,2,2015,9,4,8,1,,1,0,,1,1,1,55,4,2,6,5,0,0,0,0,true,,false,false,false,false,false,,,,,,false,false,false,,,false,false,false,false,false,-83.11492,42.35786,"{
  ""coordinates"": [
    -8.311491875099991e+01,
    4.235786153200010e+01
  ],
  ""type"": ""Point""
}","{
  ""coordinates"": [
    -83.114918751,
    42.357861532
  ],
  ""type"": ""Point""
}",-83.1149187509999,42.3578615320001
18715,9203167,TEMPLE,CASS,2015-02-25,25,2,2015,16,4,4,9,,4,0,,1,1,1,25,7,2,2,5,0,0,0,0,true,,true,true,false,false,false,,,,,,false,false,false,,,false,false,false,false,false,-83.05855,42.3418,"{
  ""coordinates"": [
    -8.305854949099999e+01,
    4.234179894000000e+01
  ],
  ""type"": ""Point""
}","{
  ""coordinates"": [
    -83.058549491,
    42.34179894
  ],
  ""type"": ""Point""
}",-83.058549491,42.34179894
18716,9200249,PICKFORD,PRAIRIE,2015-02-25,25,2,2015,14,4,4,9,,,0,,2,1,1,25,2,2,2,5,0,0,0,0,true,,false,false,false,false,false,,,,,,false,false,true,,,false,false,false,false,false,-83.14555,42.42615,"{
  ""coordinates"": [
    -8.314555698100000e+01,
    4.242614671500010e+01
  ],
  ""type"": ""Point""
}","{
  ""coordinates"": [
    -83.145556981,
    42.426146715
  ],
  ""type"": ""Point""
}",-83.145556981,42.4261467150001
18717,9200172,AVIS,WOODMERE,2015-02-25,25,2,2015,9,4,2,9,,,0,,3,98,1,25,1,2,0,5,0,0,0,0,true,,false,false,true,false,false,,,,,,false,false,false,,,false,false,false,false,false,-83.1356,42.30261,"{
  ""coordinates"": [
    -8.313560170300001e+01,
    4.230261371700000e+01
  ],
  ""type"": ""Point""
}","{
  ""coordinates"": [
    -83.135601703,
    42.302613717
  ],
  ""type"": ""Point""
}",-83.135601703,42.302613717
18718,9202553,I-96,EVERGREEN,2015-02-25,25,2,2015,1,4,1,1,,1,1,,4,2,5,55,3,1,1,5,0,0,0,0,true,,false,false,false,false,false,,,,,,false,false,false,,,false,false,false,false,false,-83.23267,42.37841,"{
  ""coordinates"": [
    -8.323267160700000e+01,
    4.237840628000000e+01
  ],
  ""type"": ""Point""
}","{
  ""coordinates"": [
    -83.232671607,
    42.37840628
  ],
  ""type"": ""Point""
}",-83.232671607,42.37840628
18719,9197939,BENTLER,FLORENCE,2015-02-25,25,2,2015,8,4,4,9,,,0,,3,1,1,15,4,2,2,5,0,0,0,0,true,,false,false,false,false,false,,,,,,false,false,false,,,false,false,false,false,false,-83.25237,42.40946,"{
  ""coordinates"": [
    -8.325236443700000e+01,
    4.240946178000010e+01
  ],
  ""type"": ""Point""
}","{
  ""coordinates"": [
    -83.252364437,
    42.40946178
  ],
  ""type"": ""Point""
}",-83.252364437,42.4094617800001
18720,9200216,SEYMOUR,GROVER,2015-02-25,25,2,2015,15,4,5,9,,4,0,,1,1,1,25,2,2,3,5,0,0,0,0,true,,false,false,true,false,false,,,,,,false,true,false,,,false,false,false,false,false,-82.97982,42.427,"{
  ""coordinates"": [
    -8.297982319700000e+01,
    4.242700374400000e+01
  ],
  ""type"": ""Point""
}","{
  ""coordinates"": [
    -82.979823197,
    42.427003744
  ],
  ""type"": ""Point""
}",-82.979823197,42.427003744
18721,9197718,I-75,MACK,2015-02-25,25,2,2015,6,4,5,1,,1,0,,3,1,2,55,5,2,2,4,0,0,0,1,false,,false,false,false,false,false,,,,,,false,false,false,,,false,false,false,false,false,-83.05033,42.35449,"{
  ""coordinates"": [
    -8.305033473799990e+01,
    4.235448811400000e+01
  ],
  ""type"": ""Point""
}","{
  ""coordinates"": [
    -83.050334738,
    42.354488114
  ],
  ""type"": ""Point""
}",-83.0503347379999,42.354488114
18722,9199204,FAIRMOUNT,DRESDEN,2015-02-25,25,2,2015,16,4,4,9,,,0,,3,1,1,25,2,2,1,4,0,0,0,1,false,,false,false,true,false,false,,,,,,false,false,false,,,false,false,false,false,false,-83.0001,42.44363,"{
  ""coordinates"": [
    -8.300009961900000e+01,
    4.244362579100000e+01
  ],
  ""type"": ""Point""
}","{
  ""coordinates"": [
    -83.000099619,
    42.443625791
  ],
  ""type"": ""Point""
}",-83.000099619,42.443625791
18723,9197919,BRUSH,OWEN,2015-02-25,25,2,2015,16,4,4,9,,4,0,,1,1,1,30,8,2,1,5,0,0,0,0,true,,false,false,true,false,false,,,,,,false,false,true,,,false,false,false,false,false,-83.07571,42.38499,"{
  ""coordinates"": [
    -8.307570568100000e+01,
    4.238499082600000e+01
  ],
  ""type"": ""Point""
}","{
  ""coordinates"": [
    -83.075705681,
    42.384990826
  ],
  ""type"": ""Point""
}",-83.075705681,42.384990826
18724,9197701,I-75,MACK,2015-02-25,25,2,2015,7,4,5,1,,1,0,,1,1,2,55,5,2,2,5,0,0,0,0,true,,false,false,false,false,false,,,,,,false,false,false,,,false,false,false,false,false,-83.05033,42.35449,"{
  ""coordinates"": [
    -8.305033473799990e+01,
    4.235448811400000e+01
  ],
  ""type"": ""Point""
}","{
  ""coordinates"": [
    -83.050334738,
    42.354488114
  ],
  ""type"": ""Point""
}",-83.0503347379999,42.354488114
18725,9197929,WARREN,RUTLAND,2015-02-25,25,2,2015,6,4,5,9,,2,3,,4,1,2,35,4,2,1,4,0,0,0,1,false,,false,false,false,false,false,,,,,,false,false,true,,,false,false,false,false,false,-83.21262,42.34343,"{
  ""coordinates"": [
    -8.321261597499991e+01,
    4.234342479300010e+01
  ],
  ""type"": ""Point""
}","{
  ""coordinates"": [
    -83.212615975,
    42.343424793
  ],
  ""type"": ""Point""
}",-83.2126159749999,42.3434247930001
18726,9199227,14TH,TUXEDO,2015-02-25,25,2,2015,8,4,4,9,,4,0,,3,1,1,25,2,2,3,5,0,0,0,0,true,,false,false,true,false,false,,,,,,false,false,false,,,false,false,false,false,false,-83.10902,42.38612,"{
  ""coordinates"": [
    -8.310902037499990e+01,
    4.238612271000010e+01
  ],
  ""type"": ""Point""
}","{
  ""coordinates"": [
    -83.109020375,
    42.38612271
  ],
  ""type"": ""Point""
}",-83.1090203749999,42.3861227100001
18727,9197934,OUTER,SCHOOLCRAFT,2015-02-25,25,2,2015,8,4,9,9,,2,2,,3,1,1,30,2,2,3,5,0,0,0,0,true,,false,false,true,false,false,,,,,,false,false,false,,,false,false,false,false,false,-83.25618,42.38593,"{
  ""coordinates"": [
    -8.325617796499991e+01,
    4.238592482700010e+01
  ],
  ""type"": ""Point""
}","{
  ""coordinates"": [
    -83.256177965,
    42.385924827
  ],
  ""type"": ""Point""
}",-83.2561779649999,42.3859248270001
18728,9200168,VINEWOOD,RISDON,2015-02-25,25,2,2015,16,4,97,9,,4,0,,4,1,5,25,2,2,2,5,0,0,0,0,true,,false,false,false,false,false,,,,,,false,false,true,,,false,false,false,false,false,-83.09464,42.32828,"{
  ""coordinates"": [
    -8.309464191900000e+01,
    4.232828093300000e+01
  ],
  ""type"": ""Point""
}","{
  ""coordinates"": [
    -83.094641919,
    42.328280933
  ],
  ""type"": ""Point""
}",-83.094641919,42.328280933
18729,9197723,M-39,6MILE,2015-02-25,25,2,2015,7,4,5,3,,1,0,,1,1,4,55,3,2,2,5,0,0,0,0,true,,false,false,false,false,false,,,,,,false,false,true,,,false,false,false,false,false,-83.2187,42.4083,"{
  ""coordinates"": [
    -8.321870239200000e+01,
    4.240829702500000e+01
  ],
  ""type"": ""Point""
}","{
  ""coordinates"": [
    -83.218702392,
    42.408297025
  ],
  ""type"": ""Point""
}",-83.218702392,42.408297025
18730,9199081,I 75,CLAY,2015-02-25,25,2,2015,18,4,8,1,,1,0,,1,1,3,55,4,2,2,5,0,0,0,0,true,,false,false,false,false,false,,,,,,false,false,false,,,false,false,false,false,false,-83.06227,42.37788,"{
  ""coordinates"": [
    -8.306226964500000e+01,
    4.237788361100010e+01
  ],
  ""type"": ""Point""
}","{
  ""coordinates"": [
    -83.062269645,
    42.377883611
  ],
  ""type"": ""Point""
}",-83.062269645,42.3778836110001
18731,9197717,N M 39,RAMP 007B,2015-02-25,25,2,2015,13,4,5,3,,1,0,,1,1,1,55,3,2,2,4,0,0,0,1,false,,false,false,false,false,false,,,,,,false,false,true,,,false,false,false,false,false,-83.21632,42.36147,"{
  ""coordinates"": [
    -8.321632344100000e+01,
    4.236146700100010e+01
  ],
  ""type"": ""Point""
}","{
  ""coordinates"": [
    -83.216323441,
    42.361467001
  ],
  ""type"": ""Point""
}",-83.216323441,42.3614670010001
18732,9197914,MIDLAND,RUTHERFORD,2015-02-25,25,2,2015,6,4,5,9,,,0,,1,1,1,30,4,2,1,5,0,0,0,0,true,,false,false,false,false,false,,,,,,false,true,false,,,false,false,false,false,false,-83.20425,42.40498,"{
  ""coordinates"": [
    -8.320424883500000e+01,
    4.240497574100000e+01
  ],
  ""type"": ""Point""
}","{
  ""coordinates"": [
    -83.204248835,
    42.404975741
  ],
  ""type"": ""Point""
}",-83.204248835,42.404975741
18733,9197704,CIRCLE,SOUTHFIELD SERVICE DRIVE,2015-02-25,25,2,2015,11,4,8,3,,1,0,,1,1,1,35,2,2,2,5,0,0,0,0,true,,false,false,false,false,false,,,,,,false,false,true,,,false,false,false,false,false,-83.22004,42.44296,"{
  ""coordinates"": [
    -8.322003995499990e+01,
    4.244295872800010e+01
  ],
  ""type"": ""Point""
}","{
  ""coordinates"": [
    -83.220039955,
    42.442958728
  ],
  ""type"": ""Point""
}",-83.2200399549999,42.4429587280001
18734,9196480,N M 39,RAMP 010A,2015-02-25,25,2,2015,8,4,5,3,,1,0,,1,1,1,70,3,2,4,4,0,0,0,1,false,,false,false,true,false,false,,,,,,false,false,false,,,false,false,false,false,false,-83.2187,42.41193,"{
  ""coordinates"": [
    -8.321869803200001e+01,
    4.241193423200010e+01
  ],
  ""type"": ""Point""
}","{
  ""coordinates"": [
    -83.218698032,
    42.411934232
  ],
  ""type"": ""Point""
}",-83.218698032,42.4119342320001
18735,9197927,6MILE,WORMER,2015-02-25,25,2,2015,10,4,97,9,,2,0,,1,1,1,35,3,2,2,5,0,0,0,0,true,,false,false,false,false,false,,,,,,false,true,false,,,false,false,false,false,false,-83.27964,42.41447,"{
  ""coordinates"": [
    -8.327963819900000e+01,
    4.241446592900010e+01
  ],
  ""type"": ""Point""
}","{
  ""coordinates"": [
    -83.279638199,
    42.414465929
  ],
  ""type"": ""Point""
}",-83.279638199,42.4144659290001
18736,9199198,JOHN R,ALEXANDRINE,2015-02-25,25,2,2015,14,4,5,9,,4,0,,4,1,1,35,2,2,2,5,0,0,0,0,true,,false,false,false,false,false,,,,,,false,false,false,,,false,false,false,false,false,-83.05804,42.35154,"{
  ""coordinates"": [
    -8.305804046400000e+01,
    4.235153594200010e+01
  ],
  ""type"": ""Point""
}","{
  ""coordinates"": [
    -83.058040464,
    42.351535942
  ],
  ""type"": ""Point""
}",-83.058040464,42.3515359420001
18737,9199211,GRATIOT,MCNICHOLS,2015-02-25,25,2,2015,10,4,8,3,,1,0,,1,1,1,35,7,2,3,5,0,0,0,0,true,,false,false,false,false,false,,,,,,false,false,false,,,false,false,false,false,false,-82.98282,42.42729,"{
  ""coordinates"": [
    -8.298282122300000e+01,
    4.242728863300000e+01
  ],
  ""type"": ""Point""
}","{
  ""coordinates"": [
    -82.982821223,
    42.427288633
  ],
  ""type"": ""Point""
}",-82.982821223,42.427288633
18738,9200259,WARREN,CASS,2015-02-25,25,2,2015,11,4,8,9,,4,0,,1,1,1,30,3,2,1,5,0,0,0,0,true,,false,false,true,false,false,,,,,,false,false,true,,,false,false,false,false,false,-83.06638,42.3562,"{
  ""coordinates"": [
    -8.306637412600000e+01,
    4.235620479200000e+01
  ],
  ""type"": ""Point""
}","{
  ""coordinates"": [
    -83.066374126,
    42.356204792
  ],
  ""type"": ""Point""
}",-83.066374126,42.356204792
18739,9197917,LODGE S D,CLAIRMOUNT,2015-02-25,25,2,2015,17,4,4,3,,4,0,,1,1,1,30,5,2,2,5,0,0,0,0,true,,true,true,false,false,false,,,,,,false,false,true,,,false,false,false,false,false,-83.08983,42.37987,"{
  ""coordinates"": [
    -8.308983141300000e+01,
    4.237986915000000e+01
  ],
  ""type"": ""Point""
}","{
  ""coordinates"": [
    -83.089831413,
    42.37986915
  ],
  ""type"": ""Point""
}",-83.089831413,42.37986915
18740,9200203,KILBOURNE,ANNSBURY,2015-02-25,25,2,2015,9,4,8,9,,,0,,1,2,1,25,3,2,4,5,0,0,0,0,true,,false,false,false,false,false,,,,,,false,false,false,,,false,false,false,false,false,-82.98616,42.41187,"{
  ""coordinates"": [
    -8.298615995100000e+01,
    4.241187441500010e+01
  ],
  ""type"": ""Point""
}","{
  ""coordinates"": [
    -82.986159951,
    42.411874415
  ],
  ""type"": ""Point""
}",-82.986159951,42.4118744150001
18741,9221888,CONANT,LAWLEY,2015-02-25,25,2,2015,5,4,5,9,,4,0,,1,1,5,25,2,2,1,5,0,0,0,0,true,,false,false,true,false,false,,,,,,false,false,true,,,false,false,false,false,false,-83.06003,42.41337,"{
  ""coordinates"": [
    -8.306002570100000e+01,
    4.241337353800000e+01
  ],
  ""type"": ""Point""
}","{
  ""coordinates"": [
    -83.060025701,
    42.413373538
  ],
  ""type"": ""Point""
}",-83.060025701,42.413373538
18742,9203000,GRATOIT,FOREST,2015-02-25,25,2,2015,17,4,6,3,,1,0,,1,1,1,35,6,2,2,5,0,0,0,0,true,,false,false,false,false,false,,,,,,false,false,false,,,false,false,false,false,false,-83.02007,42.37068,"{
  ""coordinates"": [
    -8.302007311599991e+01,
    4.237067725100010e+01
  ],
  ""type"": ""Point""
}","{
  ""coordinates"": [
    -83.020073116,
    42.370677251
  ],
  ""type"": ""Point""
}",-83.0200731159999,42.3706772510001
18743,9197719,M-10,CHICAGO,2015-02-25,25,2,2015,8,4,5,3,,1,0,,1,1,1,55,3,2,2,5,0,0,0,0,true,,false,false,false,false,false,,,,,,false,false,false,,,false,false,false,false,false,-83.0943,42.38231,"{
  ""coordinates"": [
    -8.309429911200000e+01,
    4.238230670600010e+01
  ],
  ""type"": ""Point""
}","{
  ""coordinates"": [
    -83.094299112,
    42.382306706
  ],
  ""type"": ""Point""
}",-83.094299112,42.3823067060001
18744,9199195,BRETTON,WARWICK,2015-02-25,25,2,2015,9,4,5,9,,4,0,,1,1,1,25,2,2,2,5,0,0,0,0,true,,false,false,true,false,false,,,,,,false,false,false,,,false,false,false,false,false,-83.22881,42.40791,"{
  ""coordinates"": [
    -8.322881084499990e+01,
    4.240791000800000e+01
  ],
  ""type"": ""Point""
}","{
  ""coordinates"": [
    -83.228810845,
    42.407910008
  ],
  ""type"": ""Point""
}",-83.2288108449999,42.407910008
18745,9200181,I 75,SPRINGWELLS,2015-02-25,25,2,2015,23,4,97,1,,1,1,,2,5,4,0,5,1,1,5,0,0,0,0,true,,false,false,false,false,false,,,,,,false,false,true,,,false,false,false,false,false,-83.11929,42.30158,"{
  ""coordinates"": [
    -8.311929068400001e+01,
    4.230157890700010e+01
  ],
  ""type"": ""Point""
}","{
  ""coordinates"": [
    -83.119290684,
    42.301578907
  ],
  ""type"": ""Point""
}",-83.119290684,42.3015789070001
18746,9206125,E I 96,RAMP 145A,2015-02-25,25,2,2015,7,4,5,1,,1,0,,3,1,1,65,4,2,2,5,0,0,0,0,true,,false,false,false,false,false,,,,,,false,false,false,,,false,false,false,false,false,-83.09293,42.3397,"{
  ""coordinates"": [
    -8.309292463500000e+01,
    4.233970316100000e+01
  ],
  ""type"": ""Point""
}","{
  ""coordinates"": [
    -83.092924635,
    42.339703161
  ],
  ""type"": ""Point""
}",-83.092924635,42.339703161
18747,9209374,TIREMAN,GREENFIELD,2015-02-25,25,2,2015,8,4,4,9,,1,0,,4,5,1,35,4,2,2,5,0,0,0,0,true,,false,false,false,false,false,,,,,,false,true,false,,,false,false,false,false,false,-83.1966,42.35089,"{
  ""coordinates"": [
    -8.319660048299990e+01,
    4.235088857300010e+01
  ],
  ""type"": ""Point""
}","{
  ""coordinates"": [
    -83.196600483,
    42.350888573
  ],
  ""type"": ""Point""
}",-83.1966004829999,42.3508885730001
18748,9206095,RAMP 016B,S I 375 SERVICE DRIVE,2015-02-25,25,2,2015,8,4,5,1,,1,0,,2,1,1,30,1,2,2,4,0,0,0,1,false,,false,false,false,false,false,,,,,,false,false,false,,,false,false,false,false,false,-83.03722,42.33395,"{
  ""coordinates"": [
    -8.303721543400000e+01,
    4.233395132300010e+01
  ],
  ""type"": ""Point""
}","{
  ""coordinates"": [
    -83.037215434,
    42.333951323
  ],
  ""type"": ""Point""
}",-83.037215434,42.3339513230001
18749,9197931,WARWICK,WITLOCK,2015-02-25,25,2,2015,17,4,4,9,,,0,,3,2,1,25,6,2,2,5,0,0,0,0,true,,true,true,false,false,false,,,,,,false,false,true,,,false,false,false,false,false,-83.22675,42.33959,"{
  ""coordinates"": [
    -8.322674367600000e+01,
    4.233959025900000e+01
  ],
  ""type"": ""Point""
}","{
  ""coordinates"": [
    -83.226743676,
    42.339590259
  ],
  ""type"": ""Point""
}",-83.226743676,42.339590259
18750,9197703,E I 96,MAPLEWOOD,2015-02-25,25,2,2015,10,4,5,1,,1,0,,1,1,1,70,4,2,3,5,0,0,0,0,true,,false,false,false,false,false,,,,,,false,false,false,,,false,false,false,false,false,-83.12083,42.36034,"{
  ""coordinates"": [
    -8.312083067499999e+01,
    4.236034098600000e+01
  ],
  ""type"": ""Point""
}","{
  ""coordinates"": [
    -83.120830675,
    42.360340986
  ],
  ""type"": ""Point""
}",-83.120830675,42.360340986
18751,9197730,I 75,MACK,2015-02-25,25,2,2015,9,4,5,1,,1,0,,1,1,1,55,4,3,5,4,0,0,0,1,false,,false,false,false,false,false,,,,,,false,false,false,,,false,false,false,false,false,-83.05033,42.35449,"{
  ""coordinates"": [
    -8.305033473799990e+01,
    4.235448811400000e+01
  ],
  ""type"": ""Point""
}","{
  ""coordinates"": [
    -83.050334738,
    42.354488114
  ],
  ""type"": ""Point""
}",-83.0503347379999,42.354488114
18752,9206124,COLUMBIA,CLIFFORD,2015-02-25,25,2,2015,1,4,97,9,,4,0,,4,5,4,30,2,2,0,5,0,0,0,0,true,,false,false,true,false,false,,,,,,false,false,false,,,false,false,false,false,false,-83.05474,42.33704,"{
  ""coordinates"": [
    -8.305474030800001e+01,
    4.233703487700010e+01
  ],
  ""type"": ""Point""
}","{
  ""coordinates"": [
    -83.054740308,
    42.337034877
  ],
  ""type"": ""Point""
}",-83.054740308,42.3370348770001
18753,9233905,I-96,WARREN,2015-02-25,25,2,2015,8,4,5,1,,1,0,,1,1,1,55,4,2,2,5,0,0,0,0,true,,false,false,false,false,false,,,,,,false,false,false,,,false,false,false,false,false,-83.09678,42.34725,"{
  ""coordinates"": [
    -8.309677736299990e+01,
    4.234725189900010e+01
  ],
  ""type"": ""Point""
}","{
  ""coordinates"": [
    -83.096777363,
    42.347251899
  ],
  ""type"": ""Point""
}",-83.0967773629999,42.3472518990001
18754,9232206,TACOMA,REGENT,2015-02-25,25,2,2015,1,4,4,9,,,0,,3,1,5,25,2,2,5,5,0,0,0,0,true,,false,false,true,false,false,,,,,,false,false,false,,,false,false,false,false,false,-82.97555,42.44163,"{
  ""coordinates"": [
    -8.297554546299990e+01,
    4.244163282200000e+01
  ],
  ""type"": ""Point""
}","{
  ""coordinates"": [
    -82.975545463,
    42.441632822
  ],
  ""type"": ""Point""
}",-82.9755454629999,42.441632822
18755,9216043,LIVERNOIS,VERNOR,2015-02-25,25,2,2015,16,4,8,9,,4,0,,1,1,1,25,4,2,2,5,0,0,0,0,true,,false,false,false,false,false,,,,,,false,false,false,,,false,false,false,false,false,-83.10989,42.31551,"{
  ""coordinates"": [
    -8.310989696400000e+01,
    4.231550995700010e+01
  ],
  ""type"": ""Point""
}","{
  ""coordinates"": [
    -83.109896964,
    42.315509957
  ],
  ""type"": ""Point""
}",-83.109896964,42.3155099570001
18756,9199215,HAYES,EVANSTON,2015-02-24,24,2,2015,12,3,4,9,,4,0,,1,2,1,30,3,2,2,5,0,0,0,0,true,,false,false,false,false,false,,,,,,false,false,false,,,false,false,false,false,false,-82.96436,42.4056,"{
  ""coordinates"": [
    -8.296436111700000e+01,
    4.240560008100000e+01
  ],
  ""type"": ""Point""
}","{
  ""coordinates"": [
    -82.964361117,
    42.405600081
  ],
  ""type"": ""Point""
}",-82.964361117,42.405600081
18757,9196569,SELKIRK,MT ELLIOTT,2015-02-24,24,2,2015,11,3,8,9,,,0,,3,2,1,25,1,2,0,5,0,0,0,0,true,,false,false,true,false,false,,,,,,false,false,false,,,false,false,false,false,false,-83.03797,42.38968,"{
  ""coordinates"": [
    -8.303797419300000e+01,
    4.238967902300000e+01
  ],
  ""type"": ""Point""
}","{
  ""coordinates"": [
    -83.037974193,
    42.389679023
  ],
  ""type"": ""Point""
}",-83.037974193,42.389679023
18758,9196456,I-94,CONNER,2015-02-24,24,2,2015,0,3,1,1,,1,1,,1,1,5,55,3,1,1,4,0,0,0,1,false,,false,false,true,false,false,,,,,,false,false,false,,,false,false,false,false,false,-82.99106,42.39401,"{
  ""coordinates"": [
    -8.299105838199991e+01,
    4.239401119500010e+01
  ],
  ""type"": ""Point""
}","{
  ""coordinates"": [
    -82.991058382,
    42.394011195
  ],
  ""type"": ""Point""
}",-82.9910583819999,42.3940111950001
18759,9202519,N I 75,W I 96,2015-02-24,24,2,2015,18,3,1,1,,1,1,,1,1,1,55,4,1,2,4,0,0,0,2,false,,false,false,false,false,false,,,,,,false,false,false,,,false,false,false,false,false,-83.08212,42.31947,"{
  ""coordinates"": [
    -8.308212522299991e+01,
    4.231946389800000e+01
  ],
  ""type"": ""Point""
}","{
  ""coordinates"": [
    -83.082125223,
    42.319463898
  ],
  ""type"": ""Point""
}",-83.0821252229999,42.319463898
18760,9200230,SHIELDS,STOCKTON,2015-02-24,24,2,2015,13,3,4,9,,,0,,3,1,1,25,1,2,2,5,0,0,0,0,true,,false,false,true,false,false,,,,,,false,false,false,,,false,false,false,false,false,-83.05957,42.42778,"{
  ""coordinates"": [
    -8.305956737400000e+01,
    4.242778301900010e+01
  ],
  ""type"": ""Point""
}","{
  ""coordinates"": [
    -83.059567374,
    42.427783019
  ],
  ""type"": ""Point""
}",-83.059567374,42.4277830190001
18761,9214882,I 96,EVERGREEN,2015-02-24,24,2,2015,17,3,5,1,,1,0,,1,1,3,70,4,2,1,5,0,0,0,0,true,,false,false,true,false,false,,,,,,false,false,false,,,false,false,false,false,false,-83.23677,42.38055,"{
  ""coordinates"": [
    -8.323677139400000e+01,
    4.238055185300000e+01
  ],
  ""type"": ""Point""
}","{
  ""coordinates"": [
    -83.236771394,
    42.380551853
  ],
  ""type"": ""Point""
}",-83.236771394,42.380551853
18762,9200233,KNODELL,RAYMOND,2015-02-24,24,2,2015,16,3,97,9,,,0,,3,1,1,25,1,2,0,5,0,0,0,0,true,,false,false,true,false,false,,,,,,false,false,false,,,false,false,false,false,false,-83.00842,42.39874,"{
  ""coordinates"": [
    -8.300842482699990e+01,
    4.239873742100010e+01
  ],
  ""type"": ""Point""
}","{
  ""coordinates"": [
    -83.008424827,
    42.398737421
  ],
  ""type"": ""Point""
}",-83.0084248269999,42.3987374210001