ObjectId,Crash ID,Primary Road,Intersecting Road,Crash Date,Day,Month,Year,Hour,Weekday,Crash Type Code,Highway Classification Code,Community Code,Jurisdiction Code,Lane Departure Type Code,Surface Type,Road Condition,Weather Condition,Lighting Condition,Speed Limit,Lanes,Units,Occupants,Most Severe Injury,Fatal Injuries,Suspected Serious Injuries,Suspected Minor Injuries,Possible Injuries,Property Damage Only,Secondary Crash,Traffic Control,Red Light Run,Hit and Run,Alcohol,Drugs,Unbelted Person,Work Zone,Speeding Driver,Distracted Driver,Driveway,Pedestrian,Elderly Driver,Young Driver,Commercial Vehicle,Emergency Vehicles,Train,School Bus,Motorcycle,Bicycle,Deer,Longitude,Latitude,geom,geog,x,y
18763,9203169,ANTHONY WAYNE,WARREN,2015-02-24,24,2,2015,15,3,97,9,,4,0,,1,2,1,25,3,2,2,5,0,0,0,0,true,,false,false,false,false,false,,,,,,false,false,false,,,false,false,false,false,false,-83.0714,42.35459,"{
  ""coordinates"": [
    -8.307139837400000e+01,
    4.235459047000010e+01
  ],
  ""type"": ""Point""
}","{
  ""coordinates"": [
    -83.071398374,
    42.35459047
  ],
  ""type"": ""Point""
}",-83.071398374,42.3545904700001
18764,9200243,CLARITA,STANSBURY,2015-02-24,24,2,2015,20,3,97,9,,,0,,1,1,4,25,2,2,0,5,0,0,0,0,true,,false,false,true,false,false,,,,,,false,false,false,,,false,false,false,false,false,-83.18392,42.42915,"{
  ""coordinates"": [
    -8.318392461199990e+01,
    4.242914949200010e+01
  ],
  ""type"": ""Point""
}","{
  ""coordinates"": [
    -83.183924612,
    42.429149492
  ],
  ""type"": ""Point""
}",-83.1839246119999,42.4291494920001
18765,9196619,NEVADA,WANDA,2015-02-24,24,2,2015,22,3,5,9,,4,0,,1,1,98,25,2,2,2,5,0,0,0,0,true,,false,false,true,false,false,,,,,,false,false,false,,,false,false,false,false,false,-83.09512,42.42486,"{
  ""coordinates"": [
    -8.309511895999999e+01,
    4.242486355000010e+01
  ],
  ""type"": ""Point""
}","{
  ""coordinates"": [
    -83.09511896,
    42.42486355
  ],
  ""type"": ""Point""
}",-83.09511896,42.4248635500001
18766,9200224,7 MILE,CARDONI,2015-02-24,24,2,2015,16,3,97,9,,4,0,,1,1,1,30,2,2,3,5,0,0,0,0,true,,false,false,false,false,false,,,,,,false,false,true,,,false,false,false,false,false,-83.09106,42.43261,"{
  ""coordinates"": [
    -8.309105680700000e+01,
    4.243261346000000e+01
  ],
  ""type"": ""Point""
}","{
  ""coordinates"": [
    -83.091056807,
    42.43261346
  ],
  ""type"": ""Point""
}",-83.091056807,42.43261346
18767,9196559,HUBBELL,FLORENCE,2015-02-24,24,2,2015,14,3,4,9,,4,0,,97,1,1,25,1,2,2,5,0,0,0,0,true,,false,false,true,false,false,,,,,,false,false,false,,,false,false,false,false,false,-83.18934,42.41156,"{
  ""coordinates"": [
    -8.318933647300000e+01,
    4.241156370800010e+01
  ],
  ""type"": ""Point""
}","{
  ""coordinates"": [
    -83.189336473,
    42.411563708
  ],
  ""type"": ""Point""
}",-83.189336473,42.4115637080001
18768,9204285,VERNOR,CRANE,2015-02-24,24,2,2015,16,3,4,9,,4,0,,3,2,1,30,3,2,2,3,0,0,1,1,false,,true,false,false,false,false,,,,,,false,false,false,,,false,false,false,false,false,-82.99327,42.36367,"{
  ""coordinates"": [
    -8.299327431099989e+01,
    4.236367278100000e+01
  ],
  ""type"": ""Point""
}","{
  ""coordinates"": [
    -82.993274311,
    42.363672781
  ],
  ""type"": ""Point""
}",-82.9932743109999,42.363672781
18769,9202970,LAFAYETTE,CENTRAL,2015-02-24,24,2,2015,16,3,4,9,,4,0,,1,1,1,25,4,2,3,5,0,0,0,0,true,,false,false,false,false,false,,,,,,false,false,false,,,false,false,false,false,false,-83.11842,42.30384,"{
  ""coordinates"": [
    -8.311842584500000e+01,
    4.230384248500010e+01
  ],
  ""type"": ""Point""
}","{
  ""coordinates"": [
    -83.118425845,
    42.303842485
  ],
  ""type"": ""Point""
}",-83.118425845,42.3038424850001
18770,9197726,M-39,CHICAGO,2015-02-24,24,2,2015,6,3,5,3,,1,0,,1,1,2,55,3,2,2,5,0,0,0,0,true,,false,false,false,false,false,,,,,,false,false,false,,,false,false,false,false,false,-83.21656,42.36529,"{
  ""coordinates"": [
    -8.321655975199999e+01,
    4.236528693000000e+01
  ],
  ""type"": ""Point""
}","{
  ""coordinates"": [
    -83.216559752,
    42.36528693
  ],
  ""type"": ""Point""
}",-83.216559752,42.36528693
18771,9199224,TIREMAN,STANFORD,2015-02-24,24,2,2015,17,3,8,9,,4,0,,1,2,1,25,2,4,1,5,0,0,0,0,true,,false,false,false,true,false,,,,,,false,false,false,,,false,false,false,false,false,-83.11473,42.3548,"{
  ""coordinates"": [
    -8.311473222799999e+01,
    4.235479778800000e+01
  ],
  ""type"": ""Point""
}","{
  ""coordinates"": [
    -83.114732228,
    42.354797788
  ],
  ""type"": ""Point""
}",-83.114732228,42.354797788
18772,9196586,MCGRAW,GRAND RIVER,2015-02-24,24,2,2015,11,3,8,3,,4,0,,97,98,98,35,2,2,1,5,0,0,0,0,true,,false,false,false,false,false,,,,,,false,true,false,,,false,false,false,false,false,-83.10094,42.35334,"{
  ""coordinates"": [
    -8.310093894999990e+01,
    4.235334455800010e+01
  ],
  ""type"": ""Point""
}","{
  ""coordinates"": [
    -83.10093895,
    42.353344558
  ],
  ""type"": ""Point""
}",-83.1009389499999,42.3533445580001
18773,9200228,MCNICHOLS,HELEN,2015-02-24,24,2,2015,13,3,9,9,,4,0,,1,1,1,35,1,2,1,5,0,0,0,0,true,,false,false,true,false,false,,,,,,false,false,false,,,false,false,false,false,false,-83.03098,42.41934,"{
  ""coordinates"": [
    -8.303097306799999e+01,
    4.241933973000000e+01
  ],
  ""type"": ""Point""
}","{
  ""coordinates"": [
    -83.030973068,
    42.41933973
  ],
  ""type"": ""Point""
}",-83.030973068,42.41933973
18774,9197727,M-39,PLYMOUTH,2015-02-24,24,2,2015,7,3,5,3,,1,0,,1,1,2,55,3,2,2,5,0,0,0,0,true,,false,false,false,false,false,,,,,,false,false,false,,,false,false,false,false,false,-83.21655,42.3717,"{
  ""coordinates"": [
    -8.321655396700000e+01,
    4.237170315700010e+01
  ],
  ""type"": ""Point""
}","{
  ""coordinates"": [
    -83.216553967,
    42.371703157
  ],
  ""type"": ""Point""
}",-83.216553967,42.3717031570001
18775,9200257,LIVERNOIS,DAVISON,2015-02-24,24,2,2015,13,3,9,3,,4,0,,1,1,1,30,2,2,1,5,0,0,0,0,true,,false,false,true,false,false,,,,,,false,true,false,,,false,false,false,false,false,-83.13953,42.38649,"{
  ""coordinates"": [
    -8.313953198300000e+01,
    4.238649114300010e+01
  ],
  ""type"": ""Point""
}","{
  ""coordinates"": [
    -83.139531983,
    42.386491143
  ],
  ""type"": ""Point""
}",-83.139531983,42.3864911430001
18776,9200175,LONYO,DIX,2015-02-24,24,2,2015,7,3,5,9,,4,0,,3,1,2,25,1,2,3,5,0,0,0,0,true,,false,false,true,false,false,,,,,,false,false,false,,,false,false,false,false,false,-83.13437,42.31654,"{
  ""coordinates"": [
    -8.313436553000000e+01,
    4.231653891600010e+01
  ],
  ""type"": ""Point""
}","{
  ""coordinates"": [
    -83.13436553,
    42.316538916
  ],
  ""type"": ""Point""
}",-83.13436553,42.3165389160001
18777,9197714,M39,GRAND RIVER,2015-02-24,24,2,2015,7,3,1,3,,1,1,,1,1,1,55,3,1,1,5,0,0,0,0,true,,false,false,false,false,false,,,,,,false,false,false,,,false,false,false,false,false,-83.21815,42.39922,"{
  ""coordinates"": [
    -8.321815840499990e+01,
    4.239922107100010e+01
  ],
  ""type"": ""Point""
}","{
  ""coordinates"": [
    -83.218158405,
    42.399221071
  ],
  ""type"": ""Point""
}",-83.2181584049999,42.3992210710001
18778,9286127,CHRYSLER,HOLBROOK,2015-02-24,24,2,2015,8,3,8,1,,4,0,,1,1,1,35,2,2,2,5,0,0,0,0,true,,false,false,false,false,false,,,,,,false,true,false,,,false,false,false,false,false,-83.06858,42.38631,"{
  ""coordinates"": [
    -8.306858350900001e+01,
    4.238630512600000e+01
  ],
  ""type"": ""Point""
}","{
  ""coordinates"": [
    -83.068583509,
    42.386305126
  ],
  ""type"": ""Point""
}",-83.068583509,42.386305126
18779,9196622,MANOR,PEMBROKE,2015-02-24,24,2,2015,6,3,2,9,,,2,,3,1,4,15,3,2,0,5,0,0,0,0,true,,false,false,true,false,false,,,,,,false,false,false,,,false,false,false,false,false,-83.16988,42.43872,"{
  ""coordinates"": [
    -8.316988715900000e+01,
    4.243871732100010e+01
  ],
  ""type"": ""Point""
}","{
  ""coordinates"": [
    -83.169887159,
    42.438717321
  ],
  ""type"": ""Point""
}",-83.169887159,42.4387173210001
18780,9200223,S I 75 SERVICE DRIVE,8 MILE SERVICE DRIVE,2015-02-24,24,2,2015,15,3,4,1,,1,0,,1,1,1,30,4,2,2,5,0,0,0,0,true,,false,false,false,false,false,,,,,,false,false,true,,,false,false,false,false,false,-83.09531,42.4467,"{
  ""coordinates"": [
    -8.309530714700000e+01,
    4.244669651500000e+01
  ],
  ""type"": ""Point""
}","{
  ""coordinates"": [
    -83.095307147,
    42.446696515
  ],
  ""type"": ""Point""
}",-83.095307147,42.446696515
18781,9196453,M-10,8 MILE,2015-02-24,24,2,2015,18,3,5,3,,1,0,,1,1,1,55,3,2,3,4,0,0,0,1,false,,false,false,false,false,false,,,,,,false,false,true,,,false,false,false,false,false,-83.20304,42.44448,"{
  ""coordinates"": [
    -8.320304264600000e+01,
    4.244448556300010e+01
  ],
  ""type"": ""Point""
}","{
  ""coordinates"": [
    -83.203042646,
    42.444485563
  ],
  ""type"": ""Point""
}",-83.203042646,42.4444855630001
18782,9196620,CLAIRITA,INDIANA,2015-02-24,24,2,2015,10,3,4,9,,,0,,3,2,1,15,2,2,2,5,0,0,0,0,true,,false,false,true,false,false,,,,,,false,false,false,,,false,false,false,false,false,-83.15871,42.42958,"{
  ""coordinates"": [
    -8.315870914399990e+01,
    4.242957940200010e+01
  ],
  ""type"": ""Point""
}","{
  ""coordinates"": [
    -83.158709144,
    42.429579402
  ],
  ""type"": ""Point""
}",-83.1587091439999,42.4295794020001
18783,9199226,KEELER,LIVERNOIS,2015-02-24,24,2,2015,2,3,4,9,,4,0,,1,1,4,35,3,2,2,5,0,0,0,0,true,,false,false,false,false,false,,,,,,false,false,true,,,false,false,false,false,false,-83.14024,42.4045,"{
  ""coordinates"": [
    -8.314024428099999e+01,
    4.240450248400000e+01
  ],
  ""type"": ""Point""
}","{
  ""coordinates"": [
    -83.140244281,
    42.404502484
  ],
  ""type"": ""Point""
}",-83.140244281,42.404502484
18784,9202513,W I 94,BARRETT,2015-02-24,24,2,2015,12,3,5,1,,1,0,,1,2,1,55,3,3,4,5,0,0,0,0,true,,false,false,true,false,false,,,,,,false,false,false,,,false,false,false,false,false,-82.98368,42.39865,"{
  ""coordinates"": [
    -8.298367729099991e+01,
    4.239865683500010e+01
  ],
  ""type"": ""Point""
}","{
  ""coordinates"": [
    -82.983677291,
    42.398656835
  ],
  ""type"": ""Point""
}",-82.9836772909999,42.3986568350001
18785,9199178,I-75 SERVICE,HOLBROOK,2015-02-24,24,2,2015,8,3,5,1,,4,0,,1,1,1,0,3,2,2,5,0,0,0,0,true,,false,false,false,false,false,,,,,,false,true,false,,,false,false,false,false,false,-83.06855,42.38623,"{
  ""coordinates"": [
    -8.306855367900000e+01,
    4.238623537300000e+01
  ],
  ""type"": ""Point""
}","{
  ""coordinates"": [
    -83.068553679,
    42.386235373
  ],
  ""type"": ""Point""
}",-83.068553679,42.386235373
18786,9200242,N I 75 SERVICE DRIVE,STATE FAIR,2015-02-24,24,2,2015,8,3,7,9,,4,0,,1,1,1,30,3,2,3,5,0,0,0,0,true,,false,false,true,false,false,,,,,,false,false,true,,,false,false,false,false,false,-83.09448,42.44095,"{
  ""coordinates"": [
    -8.309447891300000e+01,
    4.244094778300010e+01
  ],
  ""type"": ""Point""
}","{
  ""coordinates"": [
    -83.094478913,
    42.440947783
  ],
  ""type"": ""Point""
}",-83.094478913,42.4409477830001
18787,9197715,M39,SCHOOLCRAFT,2015-02-24,24,2,2015,8,3,5,3,,1,0,,1,1,1,55,3,2,2,5,0,0,0,0,true,,false,false,false,false,false,,,,,,false,false,false,,,false,false,false,false,false,-83.21777,42.38816,"{
  ""coordinates"": [
    -8.321777516000000e+01,
    4.238815691900000e+01
  ],
  ""type"": ""Point""
}","{
  ""coordinates"": [
    -83.21777516,
    42.388156919
  ],
  ""type"": ""Point""
}",-83.21777516,42.388156919
18788,9197933,EIGHT MILE,GILCHRIST,2015-02-24,24,2,2015,16,3,5,3,,1,0,,1,1,1,40,3,2,2,5,0,0,0,0,true,,false,false,false,false,false,,,,,,false,true,false,,,false,false,false,false,false,-83.21379,42.44432,"{
  ""coordinates"": [
    -8.321379051799990e+01,
    4.244431930300000e+01
  ],
  ""type"": ""Point""
}","{
  ""coordinates"": [
    -83.213790518,
    42.444319303
  ],
  ""type"": ""Point""
}",-83.2137905179999,42.444319303
18789,9202967,N M 39,JOY,2015-02-24,24,2,2015,8,3,5,3,,1,0,,1,1,1,55,6,2,2,5,0,0,0,0,true,,false,false,true,false,false,,,,,,false,false,false,,,false,false,false,false,false,-83.21642,42.35841,"{
  ""coordinates"": [
    -8.321641452499991e+01,
    4.235841168500010e+01
  ],
  ""type"": ""Point""
}","{
  ""coordinates"": [
    -83.216414525,
    42.358411685
  ],
  ""type"": ""Point""
}",-83.2164145249999,42.3584116850001
18790,9205403,WYOMING,N M 10,2015-02-24,24,2,2015,20,3,5,9,,4,0,,2,1,5,30,2,2,1,5,0,0,0,0,true,,false,false,true,false,false,,,,,,false,false,false,,,false,false,false,false,false,-83.15982,42.40538,"{
  ""coordinates"": [
    -8.315981716600000e+01,
    4.240537822400010e+01
  ],
  ""type"": ""Point""
}","{
  ""coordinates"": [
    -83.159817166,
    42.405378224
  ],
  ""type"": ""Point""
}",-83.159817166,42.4053782240001
18791,9199183,WOODWARD,BALTIMORE,2015-02-24,24,2,2015,11,3,4,3,,1,0,,1,2,1,30,4,2,3,4,0,0,0,2,false,,false,false,false,false,false,,,,,,false,false,false,,,false,false,false,false,false,-83.07209,42.36841,"{
  ""coordinates"": [
    -8.307208987699990e+01,
    4.236841096800000e+01
  ],
  ""type"": ""Point""
}","{
  ""coordinates"": [
    -83.072089877,
    42.368410968
  ],
  ""type"": ""Point""
}",-83.0720898769999,42.368410968
18792,9199218,8 MILE,HAYES,2015-02-24,24,2,2015,14,3,8,3,,1,0,,1,1,1,40,5,3,3,5,0,0,0,0,true,,false,false,false,false,false,,,,,,false,false,true,,,false,false,false,false,false,-82.96554,42.44989,"{
  ""coordinates"": [
    -8.296553741600000e+01,
    4.244989505500010e+01
  ],
  ""type"": ""Point""
}","{
  ""coordinates"": [
    -82.965537416,
    42.449895055
  ],
  ""type"": ""Point""
}",-82.965537416,42.4498950550001
18793,9199186,WOODWARD,FOREST,2015-02-24,24,2,2015,13,3,8,3,,1,0,,1,1,1,30,2,2,2,5,0,0,0,0,true,,false,false,false,false,false,,,,,,false,false,false,,,false,false,false,false,false,-83.063,42.35476,"{
  ""coordinates"": [
    -8.306299440899990e+01,
    4.235475467700010e+01
  ],
  ""type"": ""Point""
}","{
  ""coordinates"": [
    -83.062994409,
    42.354754677
  ],
  ""type"": ""Point""
}",-83.0629944089999,42.3547546770001
18794,9206114,WASHINGTON,CONGRESS,2015-02-24,24,2,2015,12,3,8,9,,4,0,,1,1,1,30,2,2,2,5,0,0,0,0,true,,false,false,false,false,false,,,,,,false,false,false,,,false,false,false,false,false,-83.04932,42.32892,"{
  ""coordinates"": [
    -8.304932134400001e+01,
    4.232892274200000e+01
  ],
  ""type"": ""Point""
}","{
  ""coordinates"": [
    -83.049321344,
    42.328922742
  ],
  ""type"": ""Point""
}",-83.049321344,42.328922742
18795,9197716,RAMP 008K,RAMP 008M,2015-02-24,24,2,2015,16,3,5,1,,1,0,,1,1,1,30,2,4,3,4,0,0,0,3,false,,false,false,false,false,false,,,,,,false,false,false,,,false,false,false,false,false,-83.2203,42.3781,"{
  ""coordinates"": [
    -8.322029849400001e+01,
    4.237809750600010e+01
  ],
  ""type"": ""Point""
}","{
  ""coordinates"": [
    -83.220298494,
    42.378097506
  ],
  ""type"": ""Point""
}",-83.220298494,42.3780975060001
18796,9210233,PURITAN,AVON,2015-02-24,24,2,2015,16,3,4,9,,4,0,,1,1,1,25,2,2,1,5,0,0,0,0,true,,false,false,false,false,false,,,,,,false,true,false,,,false,false,false,false,false,-83.22477,42.40819,"{
  ""coordinates"": [
    -8.322476835399991e+01,
    4.240819313000000e+01
  ],
  ""type"": ""Point""
}","{
  ""coordinates"": [
    -83.224768354,
    42.40819313
  ],
  ""type"": ""Point""
}",-83.2247683539999,42.40819313
18797,9196483,I-75,7 MILE,2015-02-24,24,2,2015,7,3,1,1,,1,1,,1,2,1,70,3,1,1,4,0,0,0,1,false,,false,false,false,false,false,,,,,,false,false,true,,,false,false,false,false,false,-83.09493,42.43972,"{
  ""coordinates"": [
    -8.309493503499991e+01,
    4.243972043700010e+01
  ],
  ""type"": ""Point""
}","{
  ""coordinates"": [
    -83.094935035,
    42.439720437
  ],
  ""type"": ""Point""
}",-83.0949350349999,42.4397204370001
18798,9203023,FENKELL,BIRWOOD,2015-02-24,24,2,2015,3,3,6,9,,2,0,,3,98,4,30,2,2,1,5,0,0,0,0,true,,false,false,true,false,false,,,,,,false,true,false,,,false,false,false,false,false,-83.16396,42.4024,"{
  ""coordinates"": [
    -8.316396357900000e+01,
    4.240239602600010e+01
  ],
  ""type"": ""Point""
}","{
  ""coordinates"": [
    -83.163963579,
    42.402396026
  ],
  ""type"": ""Point""
}",-83.163963579,42.4023960260001
18799,9196623,PINEHURST,PICKFORD,2015-02-24,24,2,2015,20,3,97,9,,,0,,3,1,4,25,2,2,0,5,0,0,0,0,true,,false,false,true,false,false,,,,,,false,false,false,,,false,false,false,false,false,-83.16733,42.42614,"{
  ""coordinates"": [
    -8.316733109300000e+01,
    4.242614248900000e+01
  ],
  ""type"": ""Point""
}","{
  ""coordinates"": [
    -83.167331093,
    42.426142489
  ],
  ""type"": ""Point""
}",-83.167331093,42.426142489
18800,9200089,N I 75,RAMP 216F,2015-02-24,24,2,2015,13,3,1,1,,1,1,,1,2,1,55,3,1,2,3,0,0,1,0,false,,false,false,false,false,false,,,,,,false,false,false,,,false,false,false,false,false,-83.05766,42.36796,"{
  ""coordinates"": [
    -8.305765242299999e+01,
    4.236795650800010e+01
  ],
  ""type"": ""Point""
}","{
  ""coordinates"": [
    -83.057652423,
    42.367956508
  ],
  ""type"": ""Point""
}",-83.057652423,42.3679565080001
18801,9199182,TENTH,FORT,2015-02-24,24,2,2015,11,3,97,3,,,0,,1,1,1,25,6,2,2,5,0,0,0,0,true,,false,false,false,false,false,,,,,,false,false,true,,,false,false,false,false,false,-83.06303,42.324,"{
  ""coordinates"": [
    -8.306302447900001e+01,
    4.232399857700010e+01
  ],
  ""type"": ""Point""
}","{
  ""coordinates"": [
    -83.063024479,
    42.323998577
  ],
  ""type"": ""Point""
}",-83.063024479,42.3239985770001
18802,9197945,GRATIOT,MANNING,2015-02-24,24,2,2015,19,3,4,3,,1,0,,1,1,4,35,7,2,2,5,0,0,0,0,true,,false,false,true,false,false,,,,,,false,false,false,,,false,false,false,false,false,-82.97392,42.4408,"{
  ""coordinates"": [
    -8.297392317500000e+01,
    4.244080190000010e+01
  ],
  ""type"": ""Point""
}","{
  ""coordinates"": [
    -82.973923175,
    42.4408019
  ],
  ""type"": ""Point""
}",-82.973923175,42.4408019000001
18803,9214248,MACK,LAFONTAINE,2015-02-24,24,2,2015,13,3,8,9,,2,0,,1,1,1,35,4,2,1,5,0,0,0,0,true,,false,false,false,false,false,,,,,,false,false,true,,,false,false,false,false,false,-82.91261,42.41255,"{
  ""coordinates"": [
    -8.291261556900000e+01,
    4.241255112100000e+01
  ],
  ""type"": ""Point""
}","{
  ""coordinates"": [
    -82.912615569,
    42.412551121
  ],
  ""type"": ""Point""
}",-82.912615569,42.412551121
18804,9199221,HOUSTON WHITTIER,DICKERSON,2015-02-24,24,2,2015,19,3,5,9,,4,0,,3,1,4,30,3,2,4,5,0,0,0,0,true,,false,false,false,false,false,,,,,,false,false,false,,,false,false,false,false,false,-82.98348,42.42046,"{
  ""coordinates"": [
    -8.298348167099989e+01,
    4.242045479000010e+01
  ],
  ""type"": ""Point""
}","{
  ""coordinates"": [
    -82.983481671,
    42.42045479
  ],
  ""type"": ""Point""
}",-82.9834816709999,42.4204547900001
18805,9210248,MCNICHOLS,SCHAEFER,2015-02-23,23,2,2015,9,2,4,9,,2,0,,1,1,1,35,5,2,4,5,0,0,0,0,true,,false,false,true,false,false,,,,,,false,false,false,,,false,false,false,false,false,-83.18008,42.41658,"{
  ""coordinates"": [
    -8.318007371800000e+01,
    4.241658388300000e+01
  ],
  ""type"": ""Point""
}","{
  ""coordinates"": [
    -83.180073718,
    42.416583883
  ],
  ""type"": ""Point""
}",-83.180073718,42.416583883
18806,9197744,M-39,SCHOOLCRAFT,2015-02-23,23,2,2015,16,2,5,3,,1,0,,1,1,1,55,3,2,3,5,0,0,0,0,true,,false,false,false,false,false,,,,,,false,false,true,,,false,false,false,false,false,-83.21777,42.38816,"{
  ""coordinates"": [
    -8.321777516000000e+01,
    4.238815691900000e+01
  ],
  ""type"": ""Point""
}","{
  ""coordinates"": [
    -83.21777516,
    42.388156919
  ],
  ""type"": ""Point""
}",-83.21777516,42.388156919
18807,9200166,CADET,DRAGOON,2015-02-23,23,2,2015,17,2,4,9,,,0,,1,1,1,35,3,3,2,5,0,0,0,0,true,,true,false,false,false,false,,,,,,false,false,false,,,false,false,false,false,false,-83.10734,42.31421,"{
  ""coordinates"": [
    -8.310733663300000e+01,
    4.231421058700000e+01
  ],
  ""type"": ""Point""
}","{
  ""coordinates"": [
    -83.107336633,
    42.314210587
  ],
  ""type"": ""Point""
}",-83.107336633,42.314210587
18808,9401519,FENKELL,FORRER,2015-02-23,23,2,2015,16,2,5,9,,2,0,,1,1,1,30,2,2,3,4,0,0,0,1,false,,true,false,false,false,false,,,,,,false,false,false,,,false,false,false,false,false,-83.20155,42.40144,"{
  ""coordinates"": [
    -8.320154508800000e+01,
    4.240144132600010e+01
  ],
  ""type"": ""Point""
}","{
  ""coordinates"": [
    -83.201545088,
    42.401441326
  ],
  ""type"": ""Point""
}",-83.201545088,42.4014413260001
18809,9195622,LAWTON,PURITAN,2015-02-23,23,2,2015,5,2,5,9,,,0,,3,1,2,15,3,2,0,5,0,0,0,0,true,,false,false,true,false,false,,,,,,false,false,false,,,false,false,false,false,false,-83.13008,42.41023,"{
  ""coordinates"": [
    -8.313008180500000e+01,
    4.241023193200000e+01
  ],
  ""type"": ""Point""
}","{
  ""coordinates"": [
    -83.130081805,
    42.410231932
  ],
  ""type"": ""Point""
}",-83.130081805,42.410231932
18810,9196615,DAVISON,VAN DYKE,2015-02-23,23,2,2015,14,2,8,3,,4,0,,1,1,1,30,2,2,2,5,0,0,0,0,true,,false,false,false,false,false,,,,,,false,false,false,,,false,false,false,false,false,-83.02396,42.4236,"{
  ""coordinates"": [
    -8.302395410400000e+01,
    4.242359969500010e+01
  ],
  ""type"": ""Point""
}","{
  ""coordinates"": [
    -83.023954104,
    42.423599695
  ],
  ""type"": ""Point""
}",-83.023954104,42.4235996950001
18811,9206113,ALGER,OAKLAND,2015-02-23,23,2,2015,7,2,97,9,,,0,,1,1,1,0,1,2,0,5,0,0,0,0,true,,false,false,true,false,false,,,,,,false,false,false,,,false,false,false,false,false,-83.07163,42.38256,"{
  ""coordinates"": [
    -8.307162995399990e+01,
    4.238256597900000e+01
  ],
  ""type"": ""Point""
}","{
  ""coordinates"": [
    -83.071629954,
    42.382565979
  ],
  ""type"": ""Point""
}",-83.0716299539999,42.382565979
18812,9257054,EVERGREEN,RAMP 135C,2015-02-23,23,2,2015,17,2,7,1,,4,0,,1,2,2,35,1,2,3,5,0,0,0,0,true,,false,false,true,false,false,,,,,,false,false,true,,,false,false,false,false,false,-83.23667,42.38102,"{
  ""coordinates"": [
    -8.323667372999989e+01,
    4.238102299700010e+01
  ],
  ""type"": ""Point""
}","{
  ""coordinates"": [
    -83.23667373,
    42.381022997
  ],
  ""type"": ""Point""
}",-83.2366737299999,42.3810229970001
18813,9196564,GRATIOT,FOREST,2015-02-23,23,2,2015,18,2,4,3,,1,0,,1,2,3,35,4,2,3,5,0,0,0,0,true,,false,false,false,false,false,,,,,,false,false,true,,,false,false,false,false,false,-83.02011,42.37062,"{
  ""coordinates"": [
    -8.302010734700001e+01,
    4.237062451100010e+01
  ],
  ""type"": ""Point""
}","{
  ""coordinates"": [
    -83.020107347,
    42.370624511
  ],
  ""type"": ""Point""
}",-83.020107347,42.3706245110001
18814,9200165,DRAGOON,CADET,2015-02-23,23,2,2015,16,2,1,9,,4,1,,1,1,1,35,3,1,1,5,0,0,0,0,true,,false,false,false,false,false,,,,,,false,false,false,,,false,false,false,false,false,-83.10732,42.31417,"{
  ""coordinates"": [
    -8.310732590299990e+01,
    4.231416542600000e+01
  ],
  ""type"": ""Point""
}","{
  ""coordinates"": [
    -83.107325903,
    42.314165426
  ],
  ""type"": ""Point""
}",-83.1073259029999,42.314165426
18815,9209363,RANDOLPH,CADILLAC,2015-02-23,23,2,2015,18,2,4,3,,1,0,,1,1,4,30,6,2,3,4,0,0,0,3,false,,true,true,false,false,false,,,,,,false,false,false,,,false,false,false,false,false,-83.04346,42.3314,"{
  ""coordinates"": [
    -8.304345651800000e+01,
    4.233140058400010e+01
  ],
  ""type"": ""Point""
}","{
  ""coordinates"": [
    -83.043456518,
    42.331400584
  ],
  ""type"": ""Point""
}",-83.043456518,42.3314005840001
18816,9196473,I-94,VAN DYKE,2015-02-23,23,2,2015,17,2,5,1,,1,0,,1,1,1,55,3,2,2,5,0,0,0,0,true,,false,false,false,false,false,,,,,,false,false,false,,,false,false,false,false,false,-83.02473,42.38508,"{
  ""coordinates"": [
    -8.302473095999990e+01,
    4.238507925600000e+01
  ],
  ""type"": ""Point""
}","{
  ""coordinates"": [
    -83.02473096,
    42.385079256
  ],
  ""type"": ""Point""
}",-83.0247309599999,42.385079256
18817,9195605,SOUTHFIELD,CIRCLE,2015-02-23,23,2,2015,12,2,4,3,,1,0,,1,1,1,35,4,3,5,3,0,0,1,0,false,,true,true,false,false,false,,,,,,false,false,false,,,false,false,false,false,false,-83.21964,42.44339,"{
  ""coordinates"": [
    -8.321964032400000e+01,
    4.244338693000000e+01
  ],
  ""type"": ""Point""
}","{
  ""coordinates"": [
    -83.219640324,
    42.44338693
  ],
  ""type"": ""Point""
}",-83.219640324,42.44338693
18818,9210103,I 94,CECIL,2015-02-23,23,2,2015,17,2,97,1,,1,0,,1,1,1,55,3,1,1,5,0,0,0,0,true,,false,false,false,false,false,,,,,,false,false,false,,,false,false,false,false,false,-83.13414,42.33381,"{
  ""coordinates"": [
    -8.313414065900000e+01,
    4.233381244800010e+01
  ],
  ""type"": ""Point""
}","{
  ""coordinates"": [
    -83.134140659,
    42.333812448
  ],
  ""type"": ""Point""
}",-83.134140659,42.3338124480001
18819,9200084,RAMP 122E,S M 10,2015-02-23,23,2,2015,17,2,1,3,,1,1,,1,1,1,55,1,1,1,5,0,0,0,0,true,,false,false,false,false,false,,,,,,false,false,true,,,false,false,false,false,false,-83.06351,42.33358,"{
  ""coordinates"": [
    -8.306350879999999e+01,
    4.233357895000010e+01
  ],
  ""type"": ""Point""
}","{
  ""coordinates"": [
    -83.0635088,
    42.33357895
  ],
  ""type"": ""Point""
}",-83.0635088,42.3335789500001