ObjectId,Crash ID,Primary Road,Intersecting Road,Crash Date,Day,Month,Year,Hour,Weekday,Crash Type Code,Highway Classification Code,Community Code,Jurisdiction Code,Lane Departure Type Code,Surface Type,Road Condition,Weather Condition,Lighting Condition,Speed Limit,Lanes,Units,Occupants,Most Severe Injury,Fatal Injuries,Suspected Serious Injuries,Suspected Minor Injuries,Possible Injuries,Property Damage Only,Secondary Crash,Traffic Control,Red Light Run,Hit and Run,Alcohol,Drugs,Unbelted Person,Work Zone,Speeding Driver,Distracted Driver,Driveway,Pedestrian,Elderly Driver,Young Driver,Commercial Vehicle,Emergency Vehicles,Train,School Bus,Motorcycle,Bicycle,Deer,Longitude,Latitude,geom,geog,x,y
18820,9199185,WARREN,I 75/E I 94 RAMP,2015-02-23,23,2,2015,8,2,4,9,,4,0,,1,1,1,35,3,2,2,5,0,0,0,0,true,,false,false,false,false,false,,,,,,false,false,true,,,false,false,false,false,false,-83.0546,42.3609,"{
  ""coordinates"": [
    -8.305460640000000e+01,
    4.236089731300010e+01
  ],
  ""type"": ""Point""
}","{
  ""coordinates"": [
    -83.0546064,
    42.360897313
  ],
  ""type"": ""Point""
}",-83.0546064,42.3608973130001
18821,9200215,HARPER,WHITTIER,2015-02-23,23,2,2015,15,2,5,9,,4,0,,1,1,1,35,2,3,3,2,0,1,0,0,false,,false,false,true,false,false,,,,,,false,false,false,,,false,false,false,false,false,-82.94247,42.41238,"{
  ""coordinates"": [
    -8.294247180300000e+01,
    4.241237747900000e+01
  ],
  ""type"": ""Point""
}","{
  ""coordinates"": [
    -82.942471803,
    42.412377479
  ],
  ""type"": ""Point""
}",-82.942471803,42.412377479
18822,9203135,CANIFF,ALPENA,2015-02-23,23,2,2015,10,2,8,9,,4,0,,1,1,1,0,4,3,3,5,0,0,0,0,true,,false,false,false,false,false,,,,,,false,false,false,,,false,false,false,false,false,-83.04446,42.4055,"{
  ""coordinates"": [
    -8.304446367199991e+01,
    4.240550081500000e+01
  ],
  ""type"": ""Point""
}","{
  ""coordinates"": [
    -83.044463672,
    42.405500815
  ],
  ""type"": ""Point""
}",-83.0444636719999,42.405500815
18823,9199191,CADIEUX,WARREN,2015-02-23,23,2,2015,13,2,5,9,,4,0,,1,1,1,30,5,2,3,5,0,0,0,0,true,,false,false,false,false,false,,,,,,false,false,false,,,false,false,false,false,false,-82.9298,42.40605,"{
  ""coordinates"": [
    -8.292980324000000e+01,
    4.240604720000000e+01
  ],
  ""type"": ""Point""
}","{
  ""coordinates"": [
    -82.92980324,
    42.4060472
  ],
  ""type"": ""Point""
}",-82.92980324,42.4060472
18824,9196614,S I 75 SERVICE DRIVE,8 MILE,2015-02-23,23,2,2015,16,2,97,1,,1,0,,1,1,1,30,4,2,2,5,0,0,0,0,true,,false,false,false,false,false,,,,,,false,false,false,,,false,false,false,false,false,-83.09531,42.44673,"{
  ""coordinates"": [
    -8.309530784499999e+01,
    4.244672686200000e+01
  ],
  ""type"": ""Point""
}","{
  ""coordinates"": [
    -83.095307845,
    42.446726862
  ],
  ""type"": ""Point""
}",-83.095307845,42.446726862
18825,9200176,RISDON,GRAND,2015-02-23,23,2,2015,17,2,5,9,,,0,,1,1,1,25,2,2,4,5,0,0,0,0,true,,false,false,false,false,false,,,,,,false,false,false,,,false,false,false,false,false,-83.09342,42.32874,"{
  ""coordinates"": [
    -8.309342339800000e+01,
    4.232873989200000e+01
  ],
  ""type"": ""Point""
}","{
  ""coordinates"": [
    -83.093423398,
    42.328739892
  ],
  ""type"": ""Point""
}",-83.093423398,42.328739892
18826,9200241,GRATIOT,FARMER,2015-02-23,23,2,2015,9,2,8,9,,4,0,,1,1,1,15,3,2,2,5,0,0,0,0,true,,false,false,false,false,false,,,,,,false,false,false,,,false,false,false,false,false,-83.04704,42.33326,"{
  ""coordinates"": [
    -8.304704020299990e+01,
    4.233325637500010e+01
  ],
  ""type"": ""Point""
}","{
  ""coordinates"": [
    -83.047040203,
    42.333256375
  ],
  ""type"": ""Point""
}",-83.0470402029999,42.3332563750001
18827,9196476,I-75,TRUMBULL,2015-02-23,23,2,2015,8,2,5,1,,1,0,,1,1,1,70,3,2,3,5,0,0,0,0,true,,false,false,false,false,false,,,,,,false,false,false,,,false,false,false,false,false,-83.0656,42.33446,"{
  ""coordinates"": [
    -8.306559722500000e+01,
    4.233446158700010e+01
  ],
  ""type"": ""Point""
}","{
  ""coordinates"": [
    -83.065597225,
    42.334461587
  ],
  ""type"": ""Point""
}",-83.065597225,42.3344615870001
18828,9200164,OGDEN,HENDERSON,2015-02-23,23,2,2015,2,2,9,9,,,2,,3,1,4,25,3,3,1,5,0,0,0,0,true,,false,false,false,false,false,,,,,,false,false,true,,,false,false,false,false,false,-83.14915,42.33382,"{
  ""coordinates"": [
    -8.314915252799990e+01,
    4.233382587400010e+01
  ],
  ""type"": ""Point""
}","{
  ""coordinates"": [
    -83.149152528,
    42.333825874
  ],
  ""type"": ""Point""
}",-83.1491525279999,42.3338258740001
18829,9199180,2ND,PRENTIS,2015-02-23,23,2,2015,12,2,4,9,,4,0,,1,1,1,25,4,2,4,5,0,0,0,0,true,,false,false,false,false,false,,,,,,false,false,false,,,false,false,false,false,false,-83.06718,42.35228,"{
  ""coordinates"": [
    -8.306718429800000e+01,
    4.235227796700010e+01
  ],
  ""type"": ""Point""
}","{
  ""coordinates"": [
    -83.067184298,
    42.352277967
  ],
  ""type"": ""Point""
}",-83.067184298,42.3522779670001
18830,9202980,WARREN,METTETAL,2015-02-23,23,2,2015,14,2,3,9,,2,0,,1,1,1,35,4,2,2,5,0,0,0,0,true,,false,false,false,false,false,,,,,,false,false,true,,,false,false,false,false,false,-83.20486,42.34355,"{
  ""coordinates"": [
    -8.320485950999991e+01,
    4.234355165700000e+01
  ],
  ""type"": ""Point""
}","{
  ""coordinates"": [
    -83.20485951,
    42.343551657
  ],
  ""type"": ""Point""
}",-83.2048595099999,42.343551657
18831,9200214,GRATIOT,GUNSTON,2015-02-23,23,2,2015,14,2,5,3,,1,0,,1,1,1,35,7,2,3,5,0,0,0,0,true,,false,false,true,false,false,,,,,,false,false,false,,,false,false,false,false,false,-82.99519,42.40843,"{
  ""coordinates"": [
    -8.299518397100000e+01,
    4.240842946600000e+01
  ],
  ""type"": ""Point""
}","{
  ""coordinates"": [
    -82.995183971,
    42.408429466
  ],
  ""type"": ""Point""
}",-82.995183971,42.408429466
18832,9195642,CHARLESTON,MARGARET,2015-02-23,23,2,2015,9,2,1,9,,,0,,3,1,1,15,3,2,0,4,0,0,0,1,false,,false,false,true,false,false,,,,,,true,false,false,,,false,false,false,false,false,-83.10699,42.42613,"{
  ""coordinates"": [
    -8.310699744999989e+01,
    4.242612691000010e+01
  ],
  ""type"": ""Point""
}","{
  ""coordinates"": [
    -83.10699745,
    42.42612691
  ],
  ""type"": ""Point""
}",-83.1069974499999,42.4261269100001
18833,9196616,I-75 SERVICE,REMINGTON,2015-02-23,23,2,2015,16,2,5,9,,4,0,,1,1,1,30,2,2,2,5,0,0,0,0,true,,false,false,false,false,false,,,,,,false,false,false,,,false,false,false,false,false,-83.09452,42.44202,"{
  ""coordinates"": [
    -8.309451869899991e+01,
    4.244201546200000e+01
  ],
  ""type"": ""Point""
}","{
  ""coordinates"": [
    -83.094518699,
    42.442015462
  ],
  ""type"": ""Point""
}",-83.0945186989999,42.442015462
18834,9196621,RAMP 105D,JAMES COUZENS,2015-02-23,23,2,2015,15,2,8,3,,1,0,,1,1,1,25,3,2,3,5,0,0,0,0,true,,false,false,false,false,false,,,,,,false,true,true,,,false,false,false,false,false,-83.15858,42.40523,"{
  ""coordinates"": [
    -8.315857630200000e+01,
    4.240522618400010e+01
  ],
  ""type"": ""Point""
}","{
  ""coordinates"": [
    -83.158576302,
    42.405226184
  ],
  ""type"": ""Point""
}",-83.158576302,42.4052261840001
18835,9200159,WATERMAN,REGULAR,2015-02-23,23,2,2015,13,2,97,9,,4,0,,1,4,1,25,4,2,2,5,0,0,0,0,true,,false,false,false,false,false,,,,,,false,false,true,,,false,false,false,false,false,-83.11195,42.30946,"{
  ""coordinates"": [
    -8.311194428300000e+01,
    4.230945928600000e+01
  ],
  ""type"": ""Point""
}","{
  ""coordinates"": [
    -83.111944283,
    42.309459286
  ],
  ""type"": ""Point""
}",-83.111944283,42.309459286
18836,9196609,GRAND,M 10 SERVICE,2015-02-23,23,2,2015,7,2,5,9,,4,0,,3,1,1,25,2,2,2,5,0,0,0,0,true,,false,false,true,false,false,,,,,,false,false,true,,,false,false,false,false,false,-83.08154,42.36729,"{
  ""coordinates"": [
    -8.308154120499999e+01,
    4.236728931800010e+01
  ],
  ""type"": ""Point""
}","{
  ""coordinates"": [
    -83.081541205,
    42.367289318
  ],
  ""type"": ""Point""
}",-83.081541205,42.3672893180001
18837,9200090,W I 94,GRAND,2015-02-23,23,2,2015,15,2,8,1,,1,3,,1,1,1,70,3,2,1,3,0,0,1,0,false,,false,false,false,false,false,,,,,,false,false,false,,,false,false,false,false,false,-83.11032,42.34663,"{
  ""coordinates"": [
    -8.311032026600000e+01,
    4.234663011400000e+01
  ],
  ""type"": ""Point""
}","{
  ""coordinates"": [
    -83.110320266,
    42.346630114
  ],
  ""type"": ""Point""
}",-83.110320266,42.346630114
18838,9200160,VERNOR,CLARK,2015-02-23,23,2,2015,15,2,5,9,,4,0,,1,1,1,25,4,5,9,4,0,0,0,3,false,,false,false,false,false,false,,,,,,false,false,true,,,false,false,false,false,false,-83.09589,42.32024,"{
  ""coordinates"": [
    -8.309589753599990e+01,
    4.232024539400000e+01
  ],
  ""type"": ""Point""
}","{
  ""coordinates"": [
    -83.095897536,
    42.320245394
  ],
  ""type"": ""Point""
}",-83.0958975359999,42.320245394
18839,9207073,HARTWELL,KEELER,2015-02-23,23,2,2015,2,2,4,9,,,0,,3,5,4,25,2,2,1,4,0,0,0,3,false,,false,false,true,false,false,,,,,,false,false,true,,,false,false,false,false,false,-83.17812,42.40392,"{
  ""coordinates"": [
    -8.317812405900000e+01,
    4.240391990900010e+01
  ],
  ""type"": ""Point""
}","{
  ""coordinates"": [
    -83.178124059,
    42.403919909
  ],
  ""type"": ""Point""
}",-83.178124059,42.4039199090001
18840,9199169,GRAND RIVER,BROADWAY,2015-02-23,23,2,2015,1,2,4,9,,4,0,,1,98,4,35,2,2,3,5,0,0,0,0,true,,true,true,false,false,false,,,,,,false,false,true,,,false,false,false,false,false,-83.04707,42.33532,"{
  ""coordinates"": [
    -8.304706261599991e+01,
    4.233532109300010e+01
  ],
  ""type"": ""Point""
}","{
  ""coordinates"": [
    -83.047062616,
    42.335321093
  ],
  ""type"": ""Point""
}",-83.0470626159999,42.3353210930001
18841,9196557,SCHAEFER,FLORENCE,2015-02-23,23,2,2015,17,2,97,9,,4,0,,1,1,1,30,4,2,3,5,0,0,0,0,true,,false,false,false,false,false,,,,,,false,false,false,,,false,false,false,false,false,-83.17958,42.41196,"{
  ""coordinates"": [
    -8.317957976000000e+01,
    4.241195801400000e+01
  ],
  ""type"": ""Point""
}","{
  ""coordinates"": [
    -83.17957976,
    42.411958014
  ],
  ""type"": ""Point""
}",-83.17957976,42.411958014
18842,9196611,MT ELLIOTT,OUTER,2015-02-23,23,2,2015,12,2,97,9,,4,0,,1,1,1,0,2,2,3,4,0,0,0,1,false,,false,false,false,false,false,,,,,,false,false,true,,,false,false,false,false,false,-83.03918,42.44085,"{
  ""coordinates"": [
    -8.303918507500001e+01,
    4.244085184600000e+01
  ],
  ""type"": ""Point""
}","{
  ""coordinates"": [
    -83.039185075,
    42.440851846
  ],
  ""type"": ""Point""
}",-83.039185075,42.440851846
18843,9202644,EB I-94,BURNS,2015-02-23,23,2,2015,16,2,5,1,,1,0,,1,1,1,55,3,2,3,5,0,0,0,0,true,,false,false,true,false,false,,,,,,false,false,false,,,false,false,false,false,false,-83.01427,42.38844,"{
  ""coordinates"": [
    -8.301427171499989e+01,
    4.238843988500000e+01
  ],
  ""type"": ""Point""
}","{
  ""coordinates"": [
    -83.014271715,
    42.388439885
  ],
  ""type"": ""Point""
}",-83.0142717149999,42.388439885
18844,9664126,WYOMING,OUTER,2015-02-23,23,2,2015,14,2,4,9,,4,0,,1,1,1,30,4,2,3,4,0,0,0,3,false,,true,true,false,false,false,,,,,,false,false,false,,,false,false,false,false,false,-83.16109,42.43485,"{
  ""coordinates"": [
    -8.316109801300000e+01,
    4.243485067800000e+01
  ],
  ""type"": ""Point""
}","{
  ""coordinates"": [
    -83.161098013,
    42.434850678
  ],
  ""type"": ""Point""
}",-83.161098013,42.434850678
18845,9195611,MORANG,KELLY,2015-02-23,23,2,2015,0,2,5,9,,4,0,,1,1,4,35,4,2,4,4,0,0,0,1,false,,false,false,false,false,false,,,,,,false,false,true,,,false,false,false,false,false,-82.95714,42.42906,"{
  ""coordinates"": [
    -8.295714108300000e+01,
    4.242905709400000e+01
  ],
  ""type"": ""Point""
}","{
  ""coordinates"": [
    -82.957141083,
    42.429057094
  ],
  ""type"": ""Point""
}",-82.957141083,42.429057094
18846,9196612,8 MILE,VAN DYKE,2015-02-23,23,2,2015,10,2,8,3,,1,0,,1,1,1,40,8,2,2,5,0,0,0,0,true,,false,false,true,false,false,,,,,,false,false,true,,,false,false,false,false,false,-83.02325,42.4482,"{
  ""coordinates"": [
    -8.302325523400000e+01,
    4.244819615500010e+01
  ],
  ""type"": ""Point""
}","{
  ""coordinates"": [
    -83.023255234,
    42.448196155
  ],
  ""type"": ""Point""
}",-83.023255234,42.4481961550001
18847,9203153,PURITAN,GREENFIELD,2015-02-23,23,2,2015,22,2,5,9,,4,0,,1,1,4,35,2,2,5,5,0,0,0,0,true,,false,false,false,false,false,,,,,,false,false,false,,,false,false,false,false,false,-83.19897,42.40875,"{
  ""coordinates"": [
    -8.319896928299990e+01,
    4.240875207400010e+01
  ],
  ""type"": ""Point""
}","{
  ""coordinates"": [
    -83.198969283,
    42.408752074
  ],
  ""type"": ""Point""
}",-83.1989692829999,42.4087520740001
18848,9195595,MACK,BEAUBIEN,2015-02-23,23,2,2015,14,2,5,9,,4,0,,1,1,1,30,8,2,1,5,0,0,0,0,true,,false,false,true,false,false,,,,,,false,false,false,,,false,false,false,false,false,-83.05233,42.3496,"{
  ""coordinates"": [
    -8.305233316499989e+01,
    4.234960140000000e+01
  ],
  ""type"": ""Point""
}","{
  ""coordinates"": [
    -83.052333165,
    42.3496014
  ],
  ""type"": ""Point""
}",-83.0523331649999,42.3496014
18849,9197725,I-75,7 MILE,2015-02-23,23,2,2015,6,2,5,1,,1,0,,1,1,4,70,4,2,2,5,0,0,0,0,true,,false,false,true,false,false,,,,,,false,false,true,,,false,false,false,false,false,-83.09451,42.42887,"{
  ""coordinates"": [
    -8.309451109400000e+01,
    4.242886653300010e+01
  ],
  ""type"": ""Point""
}","{
  ""coordinates"": [
    -83.094511094,
    42.428866533
  ],
  ""type"": ""Point""
}",-83.094511094,42.4288665330001
18850,9203134,8 MILE,CALDWELL,2015-02-23,23,2,2015,17,2,4,3,,1,0,,1,1,3,40,4,2,2,5,0,0,0,0,true,,true,false,true,false,false,,,,,,false,false,false,,,false,false,false,false,false,-83.04756,42.44766,"{
  ""coordinates"": [
    -8.304756071000000e+01,
    4.244766267900010e+01
  ],
  ""type"": ""Point""
}","{
  ""coordinates"": [
    -83.04756071,
    42.447662679
  ],
  ""type"": ""Point""
}",-83.04756071,42.4476626790001
18851,9196610,7 MILE,STOTTER,2015-02-23,23,2,2015,15,2,4,9,,4,0,,1,1,1,30,2,2,3,5,0,0,0,0,true,,false,false,false,false,false,,,,,,false,false,true,,,false,false,false,false,false,-83.02527,42.43395,"{
  ""coordinates"": [
    -8.302526478500000e+01,
    4.243394743400010e+01
  ],
  ""type"": ""Point""
}","{
  ""coordinates"": [
    -83.025264785,
    42.433947434
  ],
  ""type"": ""Point""
}",-83.025264785,42.4339474340001
18852,9193973,M-39,PLYMOUTH,2015-02-22,22,2,2015,16,1,1,3,,1,1,,1,2,1,55,3,1,1,4,0,0,0,1,false,,false,false,false,false,false,,,,,,false,false,false,,,false,false,false,false,false,-83.2166,42.37281,"{
  ""coordinates"": [
    -8.321659972899990e+01,
    4.237280516600000e+01
  ],
  ""type"": ""Point""
}","{
  ""coordinates"": [
    -83.216599729,
    42.372805166
  ],
  ""type"": ""Point""
}",-83.2165997289999,42.372805166
18853,9194436,SECOND,CANFIELD,2015-02-22,22,2,2015,22,1,4,9,,4,0,,1,2,4,30,3,2,3,5,0,0,0,0,true,,false,false,true,false,false,,,,,,false,false,true,,,false,false,false,false,false,-83.0667,42.35144,"{
  ""coordinates"": [
    -8.306670381100000e+01,
    4.235143512600010e+01
  ],
  ""type"": ""Point""
}","{
  ""coordinates"": [
    -83.066703811,
    42.351435126
  ],
  ""type"": ""Point""
}",-83.066703811,42.3514351260001
18854,9200163,WYOMING,INTERVALE,2015-02-22,22,2,2015,1,1,4,9,,4,0,,1,1,4,30,2,2,2,5,0,0,0,0,true,,true,true,false,false,false,,,,,,false,false,true,,,false,false,false,false,false,-83.1592,42.39165,"{
  ""coordinates"": [
    -8.315920119399991e+01,
    4.239164812000010e+01
  ],
  ""type"": ""Point""
}","{
  ""coordinates"": [
    -83.159201194,
    42.39164812
  ],
  ""type"": ""Point""
}",-83.1592011939999,42.3916481200001
18855,9196558,JOY,GREENFIELD,2015-02-22,22,2,2015,23,1,3,9,,2,0,,1,1,4,35,4,2,2,5,0,0,0,0,true,,false,false,false,false,false,,,,,,false,false,true,,,false,false,false,false,false,-83.19699,42.35813,"{
  ""coordinates"": [
    -8.319698842799990e+01,
    4.235812750900000e+01
  ],
  ""type"": ""Point""
}","{
  ""coordinates"": [
    -83.196988428,
    42.358127509
  ],
  ""type"": ""Point""
}",-83.1969884279999,42.358127509
18856,9195599,ANNCHESTER,CURTIS,2015-02-22,22,2,2015,13,1,8,9,,,0,,1,1,1,25,2,2,0,5,0,0,0,0,true,,false,false,true,false,false,,,,,,false,false,false,,,false,false,false,false,false,-83.23526,42.42241,"{
  ""coordinates"": [
    -8.323526342000000e+01,
    4.242240943700010e+01
  ],
  ""type"": ""Point""
}","{
  ""coordinates"": [
    -83.23526342,
    42.422409437
  ],
  ""type"": ""Point""
}",-83.23526342,42.4224094370001
18857,9200157,SPRINGWELLS,N I 75 SERVICE DRIVE,2015-02-22,22,2,2015,5,1,4,1,,4,0,,2,1,4,35,4,2,2,5,0,0,0,0,true,,false,false,false,false,false,,,,,,false,false,true,,,false,false,false,false,false,-83.11931,42.30085,"{
  ""coordinates"": [
    -8.311930545000000e+01,
    4.230085278800000e+01
  ],
  ""type"": ""Point""
}","{
  ""coordinates"": [
    -83.11930545,
    42.300852788
  ],
  ""type"": ""Point""
}",-83.11930545,42.300852788
18858,9212887,STOEPEL,CLARITA,2015-02-22,22,2,2015,13,1,4,9,,,0,,2,1,1,25,2,2,5,5,0,0,0,0,true,,false,false,true,false,false,,,,,,false,false,false,,,false,false,false,false,false,-83.14249,42.42983,"{
  ""coordinates"": [
    -8.314249692899990e+01,
    4.242983320200010e+01
  ],
  ""type"": ""Point""
}","{
  ""coordinates"": [
    -83.142496929,
    42.429833202
  ],
  ""type"": ""Point""
}",-83.1424969289999,42.4298332020001
18859,9194007,I-94,MT ELLIOT,2015-02-22,22,2,2015,4,1,1,1,,1,1,,3,1,4,55,3,1,1,5,0,0,0,0,true,,false,false,false,false,false,,,,,,false,false,false,,,false,false,false,false,false,-83.03374,42.37919,"{
  ""coordinates"": [
    -8.303374799800000e+01,
    4.237919187400010e+01
  ],
  ""type"": ""Point""
}","{
  ""coordinates"": [
    -83.033747998,
    42.379191874
  ],
  ""type"": ""Point""
}",-83.033747998,42.3791918740001
18860,9200162,EDSEL,DOWNING,2015-02-22,22,2,2015,3,1,8,9,,,0,,3,5,5,25,1,2,0,5,0,0,0,0,true,,false,false,true,false,false,,,,,,false,false,false,,,false,false,false,false,false,-83.15769,42.27166,"{
  ""coordinates"": [
    -8.315769086499991e+01,
    4.227166461000010e+01
  ],
  ""type"": ""Point""
}","{
  ""coordinates"": [
    -83.157690865,
    42.27166461
  ],
  ""type"": ""Point""
}",-83.1576908649999,42.2716646100001
18861,9197713,I-94,WOODWARD,2015-02-22,22,2,2015,8,1,97,1,,1,0,,2,1,1,55,3,2,2,5,0,0,0,0,true,,false,false,true,false,false,,,,,,false,false,true,,,false,false,false,false,false,-83.0683,42.36406,"{
  ""coordinates"": [
    -8.306830210399990e+01,
    4.236405878000010e+01
  ],
  ""type"": ""Point""
}","{
  ""coordinates"": [
    -83.068302104,
    42.36405878
  ],
  ""type"": ""Point""
}",-83.0683021039999,42.3640587800001
18862,9200174,MICHIGAN,CLARK,2015-02-22,22,2,2015,20,1,5,2,,1,0,,1,1,4,35,5,2,2,5,0,0,0,0,true,,false,false,false,false,false,,,,,,false,false,true,,,false,false,false,false,false,-83.10236,42.33129,"{
  ""coordinates"": [
    -8.310235959100000e+01,
    4.233128986800010e+01
  ],
  ""type"": ""Point""
}","{
  ""coordinates"": [
    -83.102359591,
    42.331289868
  ],
  ""type"": ""Point""
}",-83.102359591,42.3312898680001
18863,9200186,CONNER,KERCHEVAL,2015-02-22,22,2,2015,4,1,5,9,,4,0,,1,1,4,35,6,2,2,5,0,0,0,0,true,,false,false,false,false,false,,,,,,false,true,false,,,false,false,false,false,false,-82.96132,42.37371,"{
  ""coordinates"": [
    -8.296131792700000e+01,
    4.237370890000010e+01
  ],
  ""type"": ""Point""
}","{
  ""coordinates"": [
    -82.961317927,
    42.3737089
  ],
  ""type"": ""Point""
}",-82.961317927,42.3737089000001
18864,9194440,BRUSH,W I 94,2015-02-22,22,2,2015,1,1,4,9,,4,0,,2,1,4,25,3,2,4,4,0,0,0,1,false,,false,false,false,false,false,,,,,,false,false,true,,,false,false,false,false,false,-83.06455,42.36578,"{
  ""coordinates"": [
    -8.306455155200000e+01,
    4.236577843200010e+01
  ],
  ""type"": ""Point""
}","{
  ""coordinates"": [
    -83.064551552,
    42.365778432
  ],
  ""type"": ""Point""
}",-83.064551552,42.3657784320001
18865,9199220,ROWE,MANNING,2015-02-22,22,2,2015,4,1,4,9,,,0,,3,5,4,25,2,2,2,5,0,0,0,0,true,,true,false,true,false,false,,,,,,false,false,false,,,false,false,false,false,false,-83.00366,42.44013,"{
  ""coordinates"": [
    -8.300366241300000e+01,
    4.244012690900010e+01
  ],
  ""type"": ""Point""
}","{
  ""coordinates"": [
    -83.003662413,
    42.440126909
  ],
  ""type"": ""Point""
}",-83.003662413,42.4401269090001
18866,9194407,LINWOOD,FENKELL,2015-02-22,22,2,2015,20,1,2,9,,7,2,,1,1,4,25,4,2,7,3,0,0,1,1,false,,false,false,true,false,false,,,,,,false,false,true,,,false,false,false,false,false,-83.12714,42.40278,"{
  ""coordinates"": [
    -8.312713745799989e+01,
    4.240277835100010e+01
  ],
  ""type"": ""Point""
}","{
  ""coordinates"": [
    -83.127137458,
    42.402778351
  ],
  ""type"": ""Point""
}",-83.1271374579999,42.4027783510001
18867,9200232,GAYLORD,MITCHELL,2015-02-22,22,2,2015,21,1,4,9,,,0,,4,1,5,25,1,2,1,4,0,0,0,1,false,,false,false,true,false,false,,,,,,false,false,false,,,false,false,false,false,false,-83.07037,42.41775,"{
  ""coordinates"": [
    -8.307036758200000e+01,
    4.241775074800010e+01
  ],
  ""type"": ""Point""
}","{
  ""coordinates"": [
    -83.070367582,
    42.417750748
  ],
  ""type"": ""Point""
}",-83.070367582,42.4177507480001
18868,9196604,EWALD,MONICA,2015-02-22,22,2,2015,11,1,9,9,,4,0,,2,1,1,25,2,2,2,5,0,0,0,0,true,,false,false,false,false,false,,,,,,false,false,false,,,false,false,false,false,false,-83.14302,42.39019,"{
  ""coordinates"": [
    -8.314301793399990e+01,
    4.239018532600010e+01
  ],
  ""type"": ""Point""
}","{
  ""coordinates"": [
    -83.143017934,
    42.390185326
  ],
  ""type"": ""Point""
}",-83.1430179339999,42.3901853260001
18869,9200197,CHARLEVIOX,LAKEVIEW,2015-02-22,22,2,2015,23,1,4,9,,4,0,,3,5,4,35,3,2,2,4,0,0,0,1,false,,false,false,false,false,false,,,,,,false,false,true,,,false,false,false,false,false,-82.95497,42.38137,"{
  ""coordinates"": [
    -8.295496861800000e+01,
    4.238136501000000e+01
  ],
  ""type"": ""Point""
}","{
  ""coordinates"": [
    -82.954968618,
    42.38136501
  ],
  ""type"": ""Point""
}",-82.954968618,42.38136501
18870,9193937,RAMP 216A,I 94,2015-02-22,22,2,2015,7,1,8,1,,1,0,,2,2,1,55,2,2,2,5,0,0,0,0,true,,false,false,false,false,false,,,,,,false,false,false,,,false,false,false,false,false,-83.06201,42.36647,"{
  ""coordinates"": [
    -8.306200996900000e+01,
    4.236646817400000e+01
  ],
  ""type"": ""Point""
}","{
  ""coordinates"": [
    -83.062009969,
    42.366468174
  ],
  ""type"": ""Point""
}",-83.062009969,42.366468174
18871,9196596,DAVISON,W M 8,2015-02-22,22,2,2015,9,1,4,3,,1,0,,2,2,1,45,3,2,3,5,0,0,0,0,true,,true,false,false,false,false,,,,,,false,false,false,,,false,false,false,false,false,-83.11147,42.39758,"{
  ""coordinates"": [
    -8.311147461400000e+01,
    4.239757954900010e+01
  ],
  ""type"": ""Point""
}","{
  ""coordinates"": [
    -83.111474614,
    42.397579549
  ],
  ""type"": ""Point""
}",-83.111474614,42.3975795490001
18872,9196563,TRAVERSE,MCCLELLAN,2015-02-22,22,2,2015,12,1,5,9,,,0,,3,1,1,25,2,2,0,5,0,0,0,0,true,,false,false,true,false,false,,,,,,false,false,false,,,false,false,false,false,false,-83.01302,42.40021,"{
  ""coordinates"": [
    -8.301301918800000e+01,
    4.240020775900010e+01
  ],
  ""type"": ""Point""
}","{
  ""coordinates"": [
    -83.013019188,
    42.400207759
  ],
  ""type"": ""Point""
}",-83.013019188,42.4002077590001
18873,9194002,N I 75,RAMP 030A,2015-02-22,22,2,2015,21,1,5,1,,1,0,,1,1,4,55,4,2,2,5,0,0,0,0,true,,false,false,false,false,false,,,,,,false,false,false,,,false,false,false,false,false,-83.13093,42.2903,"{
  ""coordinates"": [
    -8.313092818099990e+01,
    4.229030097600000e+01
  ],
  ""type"": ""Point""
}","{
  ""coordinates"": [
    -83.130928181,
    42.290300976
  ],
  ""type"": ""Point""
}",-83.1309281809999,42.290300976
18874,9194001,I 96,I 75,2015-02-22,22,2,2015,1,1,1,1,,1,1,,1,1,4,70,4,1,1,5,0,0,0,0,true,,false,false,false,false,false,,,,,,false,false,false,,,false,false,false,false,false,-83.08612,42.32783,"{
  ""coordinates"": [
    -8.308612310699991e+01,
    4.232783088100010e+01
  ],
  ""type"": ""Point""
}","{
  ""coordinates"": [
    -83.086123107,
    42.327830881
  ],
  ""type"": ""Point""
}",-83.0861231069999,42.3278308810001
18875,9199181,HOLBROOK,I 75,2015-02-22,22,2,2015,19,1,3,9,,4,0,,4,1,4,0,4,2,5,4,0,0,0,1,false,,false,false,false,false,false,,,,,,false,false,false,,,false,false,false,false,false,-83.06832,42.38643,"{
  ""coordinates"": [
    -8.306832263299999e+01,
    4.238642977500010e+01
  ],
  ""type"": ""Point""
}","{
  ""coordinates"": [
    -83.068322633,
    42.386429775
  ],
  ""type"": ""Point""
}",-83.068322633,42.3864297750001
18876,9196554,MARK TWAIN,ORANGELAWN,2015-02-22,22,2,2015,0,1,97,9,,,3,,3,1,4,25,2,2,1,5,0,0,0,0,true,,false,false,true,false,false,,,,,,false,false,false,,,false,false,false,false,false,-83.18525,42.37142,"{
  ""coordinates"": [
    -8.318525133500000e+01,
    4.237141828300000e+01
  ],
  ""type"": ""Point""
}","{
  ""coordinates"": [
    -83.185251335,
    42.371418283
  ],
  ""type"": ""Point""
}",-83.185251335,42.371418283