ObjectId,Crash ID,Primary Road,Intersecting Road,Crash Date,Day,Month,Year,Hour,Weekday,Crash Type Code,Highway Classification Code,Community Code,Jurisdiction Code,Lane Departure Type Code,Surface Type,Road Condition,Weather Condition,Lighting Condition,Speed Limit,Lanes,Units,Occupants,Most Severe Injury,Fatal Injuries,Suspected Serious Injuries,Suspected Minor Injuries,Possible Injuries,Property Damage Only,Secondary Crash,Traffic Control,Red Light Run,Hit and Run,Alcohol,Drugs,Unbelted Person,Work Zone,Speeding Driver,Distracted Driver,Driveway,Pedestrian,Elderly Driver,Young Driver,Commercial Vehicle,Emergency Vehicles,Train,School Bus,Motorcycle,Bicycle,Deer,Longitude,Latitude,geom,geog,x,y
18934,9233081,HARPER,MORANG,2015-02-21,21,2,2015,12,7,9,9,,4,2,,4,1,1,30,5,2,0,5,0,0,0,0,true,,false,false,false,false,false,,,,,,false,false,false,,,false,false,false,false,false,-82.93272,42.41872,"{
  ""coordinates"": [
    -8.293271606799991e+01,
    4.241871933800010e+01
  ],
  ""type"": ""Point""
}","{
  ""coordinates"": [
    -82.932716068,
    42.418719338
  ],
  ""type"": ""Point""
}",-82.9327160679999,42.4187193380001
18935,9197911,LODGE,HOWARD,2015-02-21,21,2,2015,22,7,5,3,,1,0,,1,2,4,55,3,2,3,5,0,0,0,0,true,,false,false,false,false,false,,,,,,false,false,false,,,false,false,false,false,false,-83.05769,42.32858,"{
  ""coordinates"": [
    -8.305768497199990e+01,
    4.232858390500010e+01
  ],
  ""type"": ""Point""
}","{
  ""coordinates"": [
    -83.057684972,
    42.328583905
  ],
  ""type"": ""Point""
}",-83.0576849719999,42.3285839050001
18936,9195616,8 MILE,WYOMING,2015-02-21,21,2,2015,12,7,5,3,,1,0,,3,1,1,45,4,2,5,3,0,0,1,1,false,,false,false,false,false,false,,,,,,false,false,true,,,false,false,false,false,false,-83.16223,42.44563,"{
  ""coordinates"": [
    -8.316222918900000e+01,
    4.244563048800010e+01
  ],
  ""type"": ""Point""
}","{
  ""coordinates"": [
    -83.162229189,
    42.445630488
  ],
  ""type"": ""Point""
}",-83.162229189,42.4456304880001
18937,9193972,I-96,MEYERS,2015-02-21,21,2,2015,15,7,5,1,,1,0,,2,1,1,70,3,2,1,5,0,0,0,0,true,,false,false,true,false,false,,,,,,false,false,false,,,false,false,false,false,false,-83.1705,42.38483,"{
  ""coordinates"": [
    -8.317050164299999e+01,
    4.238482641700010e+01
  ],
  ""type"": ""Point""
}","{
  ""coordinates"": [
    -83.170501643,
    42.384826417
  ],
  ""type"": ""Point""
}",-83.170501643,42.3848264170001
18938,9196447,S I 375,MONROE,2015-02-21,21,2,2015,16,7,8,1,,1,0,,3,2,1,55,3,2,4,5,0,0,0,0,true,,false,false,true,false,false,,,,,,false,false,true,,,false,false,false,false,false,-83.03883,42.33697,"{
  ""coordinates"": [
    -8.303883313800000e+01,
    4.233696585000010e+01
  ],
  ""type"": ""Point""
}","{
  ""coordinates"": [
    -83.038833138,
    42.33696585
  ],
  ""type"": ""Point""
}",-83.038833138,42.3369658500001
18939,9194439,WARREN,ANTHONY WAYNE,2015-02-21,21,2,2015,21,7,5,9,,4,0,,2,1,4,30,4,2,2,5,0,0,0,0,true,,false,false,true,false,false,,,,,,false,false,false,,,false,false,false,false,false,-83.07082,42.35477,"{
  ""coordinates"": [
    -8.307082381500000e+01,
    4.235477120500010e+01
  ],
  ""type"": ""Point""
}","{
  ""coordinates"": [
    -83.070823815,
    42.354771205
  ],
  ""type"": ""Point""
}",-83.070823815,42.3547712050001
18940,9194382,GRAND RIVER,WOODSIDE,2015-02-21,21,2,2015,11,7,8,3,,1,0,,2,5,1,35,7,2,1,5,0,0,0,0,true,,false,false,false,false,false,,,,,,false,false,false,,,false,false,false,false,false,-83.13802,42.36835,"{
  ""coordinates"": [
    -8.313802397200000e+01,
    4.236835294600010e+01
  ],
  ""type"": ""Point""
}","{
  ""coordinates"": [
    -83.138023972,
    42.368352946
  ],
  ""type"": ""Point""
}",-83.138023972,42.3683529460001
18941,9194376,SEVEN MILE,ROSEMONT,2015-02-21,21,2,2015,12,7,5,9,,2,0,,2,5,1,45,4,3,5,4,0,0,0,3,false,,false,false,false,false,false,,,,,,false,false,false,,,false,false,false,false,false,-83.22189,42.42996,"{
  ""coordinates"": [
    -8.322188890400000e+01,
    4.242996153500010e+01
  ],
  ""type"": ""Point""
}","{
  ""coordinates"": [
    -83.221888904,
    42.429961535
  ],
  ""type"": ""Point""
}",-83.221888904,42.4299615350001
18942,9196566,FISCHER,MEDBURY,2015-02-21,21,2,2015,22,7,97,9,,,0,,4,5,4,25,2,2,0,5,0,0,0,0,true,,false,false,true,false,false,,,,,,false,false,false,,,false,false,false,false,false,-83.01102,42.38593,"{
  ""coordinates"": [
    -8.301102560299999e+01,
    4.238593127000010e+01
  ],
  ""type"": ""Point""
}","{
  ""coordinates"": [
    -83.011025603,
    42.38593127
  ],
  ""type"": ""Point""
}",-83.011025603,42.3859312700001
18943,9200158,LIVERNOIS,JOHN KRONK,2015-02-21,21,2,2015,21,7,5,9,,4,0,,2,1,4,35,2,2,1,5,0,0,0,0,true,,false,false,true,false,false,,,,,,false,false,false,,,false,false,false,false,false,-83.11538,42.3243,"{
  ""coordinates"": [
    -8.311538046299999e+01,
    4.232430004600010e+01
  ],
  ""type"": ""Point""
}","{
  ""coordinates"": [
    -83.115380463,
    42.324300046
  ],
  ""type"": ""Point""
}",-83.115380463,42.3243000460001
18944,9193971,I-75,ROSA PARKS,2015-02-21,21,2,2015,14,7,1,9,,4,1,,4,5,1,55,2,1,1,5,0,0,0,0,true,,false,false,false,false,false,,,,,,false,false,false,,,false,false,false,false,false,-83.0781,42.33296,"{
  ""coordinates"": [
    -8.307810155300000e+01,
    4.233295690600000e+01
  ],
  ""type"": ""Point""
}","{
  ""coordinates"": [
    -83.078101553,
    42.332956906
  ],
  ""type"": ""Point""
}",-83.078101553,42.332956906
18945,9194369,PLYMOUTH,SOUTHFIELD SERVICE DRIVE,2015-02-21,21,2,2015,14,7,5,9,,4,0,,2,1,1,35,4,2,5,5,0,0,0,0,true,,false,false,false,false,false,,,,,,false,false,false,,,false,false,false,false,false,-83.21712,42.37225,"{
  ""coordinates"": [
    -8.321712632399991e+01,
    4.237224923800010e+01
  ],
  ""type"": ""Point""
}","{
  ""coordinates"": [
    -83.217126324,
    42.372249238
  ],
  ""type"": ""Point""
}",-83.2171263239999,42.3722492380001
18946,9193947,S I 75,FISHER CROSSOVER,2015-02-21,21,2,2015,6,7,1,1,,1,1,,2,2,2,55,3,1,1,4,0,0,0,1,false,,false,false,false,false,false,,,,,,false,false,true,,,false,false,false,false,false,-83.05804,42.33732,"{
  ""coordinates"": [
    -8.305804140600000e+01,
    4.233731728800010e+01
  ],
  ""type"": ""Point""
}","{
  ""coordinates"": [
    -83.058041406,
    42.337317288
  ],
  ""type"": ""Point""
}",-83.058041406,42.3373172880001
18947,9194337,MACK,BERKSHIRE,2015-02-21,21,2,2015,4,7,5,9,,2,0,,1,1,4,30,2,2,1,5,0,0,0,0,true,,false,false,true,false,false,,,,,,false,false,false,,,false,false,false,false,false,-82.93717,42.38929,"{
  ""coordinates"": [
    -8.293717024800000e+01,
    4.238929389300010e+01
  ],
  ""type"": ""Point""
}","{
  ""coordinates"": [
    -82.937170248,
    42.389293893
  ],
  ""type"": ""Point""
}",-82.937170248,42.3892938930001
18948,9427546,TIREMAN,BEECHWOOD,2015-02-21,21,2,2015,19,7,5,9,,4,0,,1,1,4,35,2,2,1,5,0,0,0,0,true,,false,false,true,false,false,,,,,,false,true,false,,,false,false,false,false,false,-83.11967,42.35295,"{
  ""coordinates"": [
    -8.311967714600000e+01,
    4.235294700300010e+01
  ],
  ""type"": ""Point""
}","{
  ""coordinates"": [
    -83.119677146,
    42.352947003
  ],
  ""type"": ""Point""
}",-83.119677146,42.3529470030001
18949,9193948,N I 75,W I 96,2015-02-21,21,2,2015,14,7,1,1,,1,1,,2,4,1,55,4,1,1,5,0,0,0,0,true,,false,false,false,false,false,,,,,,false,false,false,,,false,false,false,false,false,-83.08237,42.31889,"{
  ""coordinates"": [
    -8.308236440099989e+01,
    4.231888645900010e+01
  ],
  ""type"": ""Point""
}","{
  ""coordinates"": [
    -83.082364401,
    42.318886459
  ],
  ""type"": ""Point""
}",-83.0823644009999,42.3188864590001
18950,9200161,MICHIGAN,LIVERNOIS,2015-02-21,21,2,2015,21,7,5,2,,1,0,,2,1,4,35,5,2,2,5,0,0,0,0,true,,false,false,false,false,false,,,,,,false,false,false,,,false,false,false,false,false,-83.12037,42.33111,"{
  ""coordinates"": [
    -8.312036831400000e+01,
    4.233111037500000e+01
  ],
  ""type"": ""Point""
}","{
  ""coordinates"": [
    -83.120368314,
    42.331110375
  ],
  ""type"": ""Point""
}",-83.120368314,42.331110375
18951,9195620,OUTER,BLISS,2015-02-21,21,2,2015,22,7,2,9,,2,0,,2,1,5,35,4,2,3,4,0,0,0,1,false,,false,false,true,false,false,,,,,,false,false,false,,,false,false,false,false,false,-83.01507,42.43737,"{
  ""coordinates"": [
    -8.301506627099999e+01,
    4.243736845500010e+01
  ],
  ""type"": ""Point""
}","{
  ""coordinates"": [
    -83.015066271,
    42.437368455
  ],
  ""type"": ""Point""
}",-83.015066271,42.4373684550001
18952,9194390,STANSBURY,MCNICHOLS,2015-02-21,21,2,2015,20,7,97,9,,,0,,2,1,4,25,1,2,0,5,0,0,0,0,true,,false,false,true,false,false,,,,,,false,false,false,,,false,false,false,false,false,-83.18335,42.41658,"{
  ""coordinates"": [
    -8.318335048800000e+01,
    4.241657566600000e+01
  ],
  ""type"": ""Point""
}","{
  ""coordinates"": [
    -83.183350488,
    42.416575666
  ],
  ""type"": ""Point""
}",-83.183350488,42.416575666
18953,9213672,JEFFERSON,S I 375 SERVICE DRIVE,2015-02-21,21,2,2015,17,7,8,9,,4,0,,2,1,1,45,3,2,2,5,0,0,0,0,true,,false,false,false,false,false,,,,,,false,false,true,,,false,false,false,false,false,-83.03623,42.33244,"{
  ""coordinates"": [
    -8.303622909700000e+01,
    4.233244375400010e+01
  ],
  ""type"": ""Point""
}","{
  ""coordinates"": [
    -83.036229097,
    42.332443754
  ],
  ""type"": ""Point""
}",-83.036229097,42.3324437540001
18954,9194339,ALTER,MACK,2015-02-21,21,2,2015,2,7,5,9,,4,0,,1,1,4,30,2,2,1,5,0,0,0,0,true,,false,false,true,false,false,,,,,,false,false,false,,,false,false,false,false,false,-82.94765,42.38723,"{
  ""coordinates"": [
    -8.294764697999990e+01,
    4.238723396000010e+01
  ],
  ""type"": ""Point""
}","{
  ""coordinates"": [
    -82.94764698,
    42.38723396
  ],
  ""type"": ""Point""
}",-82.9476469799999,42.3872339600001
18955,9194400,GEORGIA,ST.CYRIL,2015-02-21,21,2,2015,14,7,97,9,,4,0,,1,1,1,35,2,2,3,5,0,0,0,0,true,,false,false,false,false,false,,,,,,false,false,false,,,false,false,false,false,false,-83.02717,42.39347,"{
  ""coordinates"": [
    -8.302717165400000e+01,
    4.239346590700010e+01
  ],
  ""type"": ""Point""
}","{
  ""coordinates"": [
    -83.027171654,
    42.393465907
  ],
  ""type"": ""Point""
}",-83.027171654,42.3934659070001
18956,9194377,STATE FAIR,QUEEN,2015-02-21,21,2,2015,13,7,4,9,,4,0,,2,5,1,25,3,2,3,4,0,0,0,2,false,,false,false,false,false,false,,,,,,false,false,true,,,false,false,false,false,false,-82.96886,42.4426,"{
  ""coordinates"": [
    -8.296885773000000e+01,
    4.244260120000010e+01
  ],
  ""type"": ""Point""
}","{
  ""coordinates"": [
    -82.96885773,
    42.4426012
  ],
  ""type"": ""Point""
}",-82.96885773,42.4426012000001
18957,9194424,MCNICHOLS,GREENFIELD,2015-02-21,21,2,2015,9,7,8,9,,2,0,,2,2,1,35,4,2,2,5,0,0,0,0,true,,false,false,false,false,false,,,,,,false,false,true,,,false,false,false,false,false,-83.19905,42.41599,"{
  ""coordinates"": [
    -8.319905376700000e+01,
    4.241598954600000e+01
  ],
  ""type"": ""Point""
}","{
  ""coordinates"": [
    -83.199053767,
    42.415989546
  ],
  ""type"": ""Point""
}",-83.199053767,42.415989546
18958,9196608,DEXTER,DAVISON,2015-02-20,20,2,2015,13,6,4,3,,4,0,,3,1,1,35,4,2,2,4,0,0,0,2,false,,true,true,true,false,false,,,,,,false,false,false,,,false,false,false,false,false,-83.13085,42.38973,"{
  ""coordinates"": [
    -8.313085487500000e+01,
    4.238972862600010e+01
  ],
  ""type"": ""Point""
}","{
  ""coordinates"": [
    -83.130854875,
    42.389728626
  ],
  ""type"": ""Point""
}",-83.130854875,42.3897286260001
18959,9607710,SCHAEFER,W I 96 SERVICE DRIVE,2015-02-20,20,2,2015,15,6,4,1,,4,0,,1,1,1,30,4,2,2,5,0,0,0,0,true,,true,true,false,false,false,,,,,,false,false,false,,,false,false,false,false,false,-83.17838,42.38381,"{
  ""coordinates"": [
    -8.317837478599991e+01,
    4.238380837900010e+01
  ],
  ""type"": ""Point""
}","{
  ""coordinates"": [
    -83.178374786,
    42.383808379
  ],
  ""type"": ""Point""
}",-83.1783747859999,42.3838083790001
18960,9200177,MARTIN,DEVEREAUX,2015-02-20,20,2,2015,8,6,5,9,,4,0,,1,1,1,25,2,2,2,4,0,0,0,1,false,,false,false,false,false,false,,,,,,false,false,false,,,false,false,false,false,false,-83.13163,42.33689,"{
  ""coordinates"": [
    -8.313162770600000e+01,
    4.233688631300000e+01
  ],
  ""type"": ""Point""
}","{
  ""coordinates"": [
    -83.131627706,
    42.336886313
  ],
  ""type"": ""Point""
}",-83.131627706,42.336886313
18961,9202978,ORANGELAWN,GRANDVILLE,2015-02-20,20,2,2015,3,6,9,9,,,2,,3,1,5,25,2,2,1,5,0,0,0,0,true,,false,false,false,false,false,,,,,,false,false,true,,,false,false,false,false,false,-83.23005,42.36723,"{
  ""coordinates"": [
    -8.323005117100000e+01,
    4.236722694800010e+01
  ],
  ""type"": ""Point""
}","{
  ""coordinates"": [
    -83.230051171,
    42.367226948
  ],
  ""type"": ""Point""
}",-83.230051171,42.3672269480001
18962,9194351,SOUTHFIELD SERVICE DRIVE,FENKELL,2015-02-20,20,2,2015,7,6,8,9,,4,0,,1,1,4,30,2,2,0,5,0,0,0,0,true,,false,false,true,false,false,,,,,,false,false,false,,,false,false,false,false,false,-83.21789,42.40118,"{
  ""coordinates"": [
    -8.321788925500000e+01,
    4.240118510700010e+01
  ],
  ""type"": ""Point""
}","{
  ""coordinates"": [
    -83.217889255,
    42.401185107
  ],
  ""type"": ""Point""
}",-83.217889255,42.4011851070001
18963,9200229,GRATIOT,STERRITT,2015-02-20,20,2,2015,16,6,5,3,,1,0,,1,1,1,35,7,2,2,5,0,0,0,0,true,,false,false,false,false,false,,,,,,false,false,true,,,false,false,false,false,false,-83.00391,42.39511,"{
  ""coordinates"": [
    -8.300390680299989e+01,
    4.239510644900000e+01
  ],
  ""type"": ""Point""
}","{
  ""coordinates"": [
    -83.003906803,
    42.395106449
  ],
  ""type"": ""Point""
}",-83.0039068029999,42.395106449
18964,9199172,JOHN R,FERRY,2015-02-20,20,2,2015,13,6,5,9,,4,0,,1,1,1,25,3,2,2,4,0,0,0,1,false,,false,false,false,false,false,,,,,,false,true,false,,,false,false,false,false,false,-83.06497,42.36193,"{
  ""coordinates"": [
    -8.306497429500000e+01,
    4.236193081300010e+01
  ],
  ""type"": ""Point""
}","{
  ""coordinates"": [
    -83.064974295,
    42.361930813
  ],
  ""type"": ""Point""
}",-83.064974295,42.3619308130001
18965,9193933,I 75,NEVADA,2015-02-20,20,2,2015,11,6,5,1,,1,0,,1,1,1,55,4,2,3,5,0,0,0,0,true,,false,false,false,false,false,,,,,,false,false,false,,,false,false,false,false,false,-83.09106,42.42176,"{
  ""coordinates"": [
    -8.309106124100001e+01,
    4.242176410500010e+01
  ],
  ""type"": ""Point""
}","{
  ""coordinates"": [
    -83.091061241,
    42.421764105
  ],
  ""type"": ""Point""
}",-83.091061241,42.4217641050001
18966,9194438,CASS,PUTNAM,2015-02-20,20,2,2015,11,6,5,9,,4,0,,1,1,1,25,4,2,3,5,0,0,0,0,true,,false,false,false,false,false,,,,,,false,false,true,,,false,false,false,false,false,-83.06721,42.35697,"{
  ""coordinates"": [
    -8.306721466200000e+01,
    4.235697303200000e+01
  ],
  ""type"": ""Point""
}","{
  ""coordinates"": [
    -83.067214662,
    42.356973032
  ],
  ""type"": ""Point""
}",-83.067214662,42.356973032
18967,9193946,W I 96 CD,RAMP 139G,2015-02-20,20,2,2015,9,6,8,1,,1,0,,1,1,1,55,4,2,1,5,0,0,0,0,true,,false,false,true,false,false,,,,,,false,false,false,,,false,false,false,false,false,-83.15771,42.3856,"{
  ""coordinates"": [
    -8.315770677800000e+01,
    4.238560532000000e+01
  ],
  ""type"": ""Point""
}","{
  ""coordinates"": [
    -83.157706778,
    42.38560532
  ],
  ""type"": ""Point""
}",-83.157706778,42.38560532
18968,9194353,TRINITY,TIREMAN,2015-02-20,20,2,2015,9,6,5,9,,,0,,3,1,1,25,1,2,0,5,0,0,0,0,true,,false,false,true,false,false,,,,,,false,false,false,,,false,false,false,false,false,-83.24666,42.35067,"{
  ""coordinates"": [
    -8.324665534699990e+01,
    4.235066946200000e+01
  ],
  ""type"": ""Point""
}","{
  ""coordinates"": [
    -83.246655347,
    42.350669462
  ],
  ""type"": ""Point""
}",-83.2466553469999,42.350669462
18969,9194422,LIVERNOIS,CLARITA,2015-02-20,20,2,2015,11,6,5,9,,4,0,,1,1,1,30,2,2,5,3,0,0,1,1,false,,false,false,false,false,false,,,,,,false,false,true,,,false,false,false,false,false,-83.14125,42.42913,"{
  ""coordinates"": [
    -8.314124974299990e+01,
    4.242913114200010e+01
  ],
  ""type"": ""Point""
}","{
  ""coordinates"": [
    -83.141249743,
    42.429131142
  ],
  ""type"": ""Point""
}",-83.1412497429999,42.4291311420001
18970,9194332,I 75 SERVICE,WARREN,2015-02-20,20,2,2015,9,6,4,9,,4,0,,1,1,1,25,2,2,1,5,0,0,0,0,true,,false,false,true,false,false,,,,,,false,false,false,,,false,false,false,false,false,-83.05389,42.36116,"{
  ""coordinates"": [
    -8.305388510200000e+01,
    4.236116058100000e+01
  ],
  ""type"": ""Point""
}","{
  ""coordinates"": [
    -83.053885102,
    42.361160581
  ],
  ""type"": ""Point""
}",-83.053885102,42.361160581
18971,9200205,COLLEGE,BRADFORD,2015-02-20,20,2,2015,10,6,5,9,,,0,,4,1,4,25,1,2,0,5,0,0,0,0,true,,false,false,true,false,false,,,,,,false,false,false,,,false,false,false,false,false,-82.99895,42.4167,"{
  ""coordinates"": [
    -8.299894759499990e+01,
    4.241670151300010e+01
  ],
  ""type"": ""Point""
}","{
  ""coordinates"": [
    -82.998947595,
    42.416701513
  ],
  ""type"": ""Point""
}",-82.9989475949999,42.4167015130001
18972,9203170,FERRY,WOODWARD,2015-02-20,20,2,2015,10,6,8,3,,4,0,,97,98,98,25,3,2,0,5,0,0,0,0,true,,false,false,true,false,false,,,,,,false,false,false,,,false,false,false,false,false,-83.06677,42.36117,"{
  ""coordinates"": [
    -8.306677055499991e+01,
    4.236116740400010e+01
  ],
  ""type"": ""Point""
}","{
  ""coordinates"": [
    -83.066770555,
    42.361167404
  ],
  ""type"": ""Point""
}",-83.0667705549999,42.3611674040001
18973,9194394,LIVERNOIS,MCNICHOLS,2015-02-20,20,2,2015,11,6,97,9,,4,0,,1,1,1,30,2,2,1,5,0,0,0,0,true,,false,false,false,false,false,,,,,,false,false,false,,,false,false,false,false,false,-83.14072,42.41742,"{
  ""coordinates"": [
    -8.314072489599990e+01,
    4.241742037800000e+01
  ],
  ""type"": ""Point""
}","{
  ""coordinates"": [
    -83.140724896,
    42.417420378
  ],
  ""type"": ""Point""
}",-83.1407248959999,42.417420378
18974,9197924,CHICAGO,MEYERS,2015-02-20,20,2,2015,11,6,5,9,,4,0,,1,1,4,25,2,2,2,5,0,0,0,0,true,,false,false,true,false,false,,,,,,false,false,false,,,false,false,false,false,false,-83.16796,42.366,"{
  ""coordinates"": [
    -8.316795870800000e+01,
    4.236599564400010e+01
  ],
  ""type"": ""Point""
}","{
  ""coordinates"": [
    -83.167958708,
    42.365995644
  ],
  ""type"": ""Point""
}",-83.167958708,42.3659956440001
18975,9194406,7 MILE,HUBBELL,2015-02-20,20,2,2015,17,6,97,9,,2,0,,1,1,1,30,4,2,2,5,0,0,0,0,true,,false,false,false,false,false,,,,,,false,true,false,,,false,false,false,false,false,-83.18987,42.43073,"{
  ""coordinates"": [
    -8.318987334300000e+01,
    4.243072400900010e+01
  ],
  ""type"": ""Point""
}","{
  ""coordinates"": [
    -83.189873343,
    42.430724009
  ],
  ""type"": ""Point""
}",-83.189873343,42.4307240090001
18976,9200149,MICHIGAN,ADDISON,2015-02-20,20,2,2015,5,6,5,2,,1,0,,3,1,5,35,7,2,2,5,0,0,0,0,true,,false,false,false,false,false,,,,,,false,false,true,,,false,false,false,false,false,-83.15048,42.32952,"{
  ""coordinates"": [
    -8.315048536499999e+01,
    4.232951562100000e+01
  ],
  ""type"": ""Point""
}","{
  ""coordinates"": [
    -83.150485365,
    42.329515621
  ],
  ""type"": ""Point""
}",-83.150485365,42.329515621
18977,9200187,HARPER,WOODHALL,2015-02-20,20,2,2015,9,6,5,9,,4,0,,3,1,1,30,2,2,1,5,0,0,0,0,true,,false,false,false,false,false,,,,,,false,true,false,,,false,false,false,false,false,-82.93272,42.41872,"{
  ""coordinates"": [
    -8.293271606799991e+01,
    4.241871933800010e+01
  ],
  ""type"": ""Point""
}","{
  ""coordinates"": [
    -82.932716068,
    42.418719338
  ],
  ""type"": ""Point""
}",-82.9327160679999,42.4187193380001
18978,9193982,N M 39,JOY,2015-02-20,20,2,2015,6,6,8,3,,1,0,,1,1,4,55,3,2,2,5,0,0,0,0,true,,false,false,false,false,false,,,,,,false,false,false,,,false,false,false,false,false,-83.21627,42.35495,"{
  ""coordinates"": [
    -8.321626887500000e+01,
    4.235494895800010e+01
  ],
  ""type"": ""Point""
}","{
  ""coordinates"": [
    -83.216268875,
    42.354948958
  ],
  ""type"": ""Point""
}",-83.216268875,42.3549489580001
18979,9193996,E I 94,CENTRAL,2015-02-20,20,2,2015,10,6,5,1,,1,0,,1,1,1,55,3,2,3,5,0,0,0,0,true,,false,false,false,false,false,,,,,,false,false,false,,,false,false,false,false,false,-83.13656,42.33279,"{
  ""coordinates"": [
    -8.313655735700000e+01,
    4.233278747300010e+01
  ],
  ""type"": ""Point""
}","{
  ""coordinates"": [
    -83.136557357,
    42.332787473
  ],
  ""type"": ""Point""
}",-83.136557357,42.3327874730001
18980,9193995,W I 94,RAMP 216H,2015-02-20,20,2,2015,9,6,5,1,,1,0,,1,1,1,55,3,2,2,5,0,0,0,0,true,,false,false,false,false,false,,,,,,false,false,false,,,false,false,false,false,false,-83.06045,42.36737,"{
  ""coordinates"": [
    -8.306044398800000e+01,
    4.236737621500000e+01
  ],
  ""type"": ""Point""
}","{
  ""coordinates"": [
    -83.060443988,
    42.367376215
  ],
  ""type"": ""Point""
}",-83.060443988,42.367376215
18981,9194289,SCHAEFER,BELTON,2015-02-20,20,2,2015,18,6,5,9,,4,0,,1,1,1,30,2,3,0,5,0,0,0,0,true,,false,false,true,false,false,,,,,,false,false,false,,,false,false,false,false,false,-83.1773,42.35423,"{
  ""coordinates"": [
    -8.317730233600000e+01,
    4.235423147400010e+01
  ],
  ""type"": ""Point""
}","{
  ""coordinates"": [
    -83.177302336,
    42.354231474
  ],
  ""type"": ""Point""
}",-83.177302336,42.3542314740001
18982,9194342,HAYES,ROSEMARY,2015-02-20,20,2,2015,15,6,4,9,,4,0,,1,1,1,25,2,2,2,4,0,0,0,1,false,,true,false,false,false,false,,,,,,false,true,false,,,false,false,false,false,false,-82.96481,42.41584,"{
  ""coordinates"": [
    -8.296481341799991e+01,
    4.241583492700000e+01
  ],
  ""type"": ""Point""
}","{
  ""coordinates"": [
    -82.964813418,
    42.415834927
  ],
  ""type"": ""Point""
}",-82.9648134179999,42.415834927
18983,9195619,MCNICHOLS,FILER,2015-02-20,20,2,2015,21,6,4,9,,4,0,,1,1,4,30,2,2,1,5,0,0,0,0,true,,false,false,true,false,false,,,,,,false,false,false,,,false,false,false,false,false,-83.03693,42.4192,"{
  ""coordinates"": [
    -8.303693541099990e+01,
    4.241919902300000e+01
  ],
  ""type"": ""Point""
}","{
  ""coordinates"": [
    -83.036935411,
    42.419199023
  ],
  ""type"": ""Point""
}",-83.0369354109999,42.419199023
18984,9193891,I-96,EVERGREEN,2015-02-20,20,2,2015,21,6,1,1,,1,1,,1,1,4,55,2,1,0,5,0,0,0,0,true,,false,false,true,false,false,,,,,,false,false,false,,,false,false,false,false,false,-83.23991,42.38317,"{
  ""coordinates"": [
    -8.323990870900001e+01,
    4.238316579800010e+01
  ],
  ""type"": ""Point""
}","{
  ""coordinates"": [
    -83.239908709,
    42.383165798
  ],
  ""type"": ""Point""
}",-83.239908709,42.3831657980001
18985,9194395,VASSAR,JAMES COUZENS,2015-02-20,20,2,2015,17,6,5,9,,4,0,,1,1,1,25,2,2,2,5,0,0,0,0,true,,false,false,true,false,false,,,,,,false,false,false,,,false,false,false,false,false,-83.19058,42.43407,"{
  ""coordinates"": [
    -8.319058260799990e+01,
    4.243407038000000e+01
  ],
  ""type"": ""Point""
}","{
  ""coordinates"": [
    -83.190582608,
    42.43407038
  ],
  ""type"": ""Point""
}",-83.1905826079999,42.43407038
18986,9196477,M-39,MCNICHOLS,2015-02-20,20,2,2015,17,6,5,3,,1,0,,1,1,1,70,4,2,4,4,0,0,0,1,false,,false,false,true,false,false,,,,,,false,false,false,,,false,false,false,false,false,-83.21839,42.40629,"{
  ""coordinates"": [
    -8.321839210199990e+01,
    4.240628919300010e+01
  ],
  ""type"": ""Point""
}","{
  ""coordinates"": [
    -83.218392102,
    42.406289193
  ],
  ""type"": ""Point""
}",-83.2183921019999,42.4062891930001
18987,9200178,CASGRAIN,ARMY,2015-02-20,20,2,2015,14,6,8,9,,,0,,1,1,1,25,2,2,1,5,0,0,0,0,true,,false,false,true,false,false,,,,,,false,false,false,,,false,false,false,false,false,-83.10892,42.30938,"{
  ""coordinates"": [
    -8.310891653800000e+01,
    4.230938497800000e+01
  ],
  ""type"": ""Point""
}","{
  ""coordinates"": [
    -83.108916538,
    42.309384978
  ],
  ""type"": ""Point""
}",-83.108916538,42.309384978
18988,9200171,MICHIGAN,CLARK,2015-02-20,20,2,2015,11,6,8,2,,1,0,,1,1,1,35,2,2,3,5,0,0,0,0,true,,false,false,false,false,false,,,,,,false,false,false,,,false,false,false,false,false,-83.10226,42.33129,"{
  ""coordinates"": [
    -8.310226070100001e+01,
    4.233129053100000e+01
  ],
  ""type"": ""Point""
}","{
  ""coordinates"": [
    -83.102260701,
    42.331290531
  ],
  ""type"": ""Point""
}",-83.102260701,42.331290531
18989,9194375,WESTMORELAND,VASSAR,2015-02-20,20,2,2015,19,6,4,9,,,0,,3,1,4,25,4,2,3,5,0,0,0,0,true,,true,false,false,false,false,,,,,,false,true,true,,,false,false,false,false,false,-83.23681,42.43323,"{
  ""coordinates"": [
    -8.323681103099990e+01,
    4.243323024300000e+01
  ],
  ""type"": ""Point""
}","{
  ""coordinates"": [
    -83.236811031,
    42.433230243
  ],
  ""type"": ""Point""
}",-83.2368110309999,42.433230243
18990,9193983,W I 94,S M 10,2015-02-20,20,2,2015,16,6,5,1,,1,0,,1,2,1,55,3,2,2,4,0,0,0,1,false,,false,false,false,false,false,,,,,,false,false,false,,,false,false,false,false,false,-83.07662,42.35927,"{
  ""coordinates"": [
    -8.307662395999991e+01,
    4.235927357200010e+01
  ],
  ""type"": ""Point""
}","{
  ""coordinates"": [
    -83.07662396,
    42.359273572
  ],
  ""type"": ""Point""
}",-83.0766239599999,42.3592735720001