ObjectId,Crash ID,Primary Road,Intersecting Road,Crash Date,Day,Month,Year,Hour,Weekday,Crash Type Code,Highway Classification Code,Community Code,Jurisdiction Code,Lane Departure Type Code,Surface Type,Road Condition,Weather Condition,Lighting Condition,Speed Limit,Lanes,Units,Occupants,Most Severe Injury,Fatal Injuries,Suspected Serious Injuries,Suspected Minor Injuries,Possible Injuries,Property Damage Only,Secondary Crash,Traffic Control,Red Light Run,Hit and Run,Alcohol,Drugs,Unbelted Person,Work Zone,Speeding Driver,Distracted Driver,Driveway,Pedestrian,Elderly Driver,Young Driver,Commercial Vehicle,Emergency Vehicles,Train,School Bus,Motorcycle,Bicycle,Deer,Longitude,Latitude,geom,geog,x,y
19162,9205349,WARREN,BURNETTE,2015-02-17,17,2,2015,11,3,8,9,,4,0,,4,5,5,30,5,2,1,5,0,0,0,0,true,,false,false,true,false,false,,,,,,false,false,false,,,false,false,false,false,false,-83.1406,42.34486,"{
  ""coordinates"": [
    -8.314059981400000e+01,
    4.234486174200000e+01
  ],
  ""type"": ""Point""
}","{
  ""coordinates"": [
    -83.140599814,
    42.344861742
  ],
  ""type"": ""Point""
}",-83.140599814,42.344861742
19163,9188586,PRURITAN,GILCHRIST,2015-02-17,17,2,2015,13,3,4,9,,4,0,,3,1,1,35,2,2,2,5,0,0,0,0,true,,true,false,true,false,false,,,,,,false,false,false,,,false,false,false,false,false,-83.21178,42.40847,"{
  ""coordinates"": [
    -8.321178084699990e+01,
    4.240847031700010e+01
  ],
  ""type"": ""Point""
}","{
  ""coordinates"": [
    -83.211780847,
    42.408470317
  ],
  ""type"": ""Point""
}",-83.2117808469999,42.4084703170001
19164,9188442,N/B I-75,MCNICHOLS,2015-02-17,17,2,2015,23,3,1,1,,1,1,,2,2,4,70,4,1,1,4,0,0,0,1,false,,false,false,false,false,false,,,,,,false,false,true,,,false,false,false,false,false,-83.08813,42.4187,"{
  ""coordinates"": [
    -8.308812905300000e+01,
    4.241870625700010e+01
  ],
  ""type"": ""Point""
}","{
  ""coordinates"": [
    -83.088129053,
    42.418706257
  ],
  ""type"": ""Point""
}",-83.088129053,42.4187062570001
19165,9188581,8 MILE,TELEGRAPH,2015-02-17,17,2,2015,9,3,5,3,,1,0,,2,5,1,25,2,2,2,4,0,0,0,1,false,,false,false,false,false,false,,,,,,false,false,false,,,false,false,false,false,false,-83.27829,42.44274,"{
  ""coordinates"": [
    -8.327829317399990e+01,
    4.244273789300010e+01
  ],
  ""type"": ""Point""
}","{
  ""coordinates"": [
    -83.278293174,
    42.442737893
  ],
  ""type"": ""Point""
}",-83.2782931739999,42.4427378930001
19166,9188440,N I 75,OAKLAND,2015-02-17,17,2,2015,21,3,1,1,,1,1,,4,2,4,70,4,1,1,5,0,0,0,0,true,,false,false,false,false,false,,,,,,false,false,false,,,false,false,false,false,false,-83.09408,42.42686,"{
  ""coordinates"": [
    -8.309408056599990e+01,
    4.242685908000000e+01
  ],
  ""type"": ""Point""
}","{
  ""coordinates"": [
    -83.094080566,
    42.42685908
  ],
  ""type"": ""Point""
}",-83.0940805659999,42.42685908
19167,9188566,CANFIELD,SAINT JEAN,2015-02-17,17,2,2015,12,3,1,9,,4,0,,3,1,1,30,3,1,1,5,0,0,0,0,true,,false,false,false,false,false,,,,,,false,false,false,,,false,false,false,false,false,-82.98119,42.38308,"{
  ""coordinates"": [
    -8.298118212200001e+01,
    4.238308136900010e+01
  ],
  ""type"": ""Point""
}","{
  ""coordinates"": [
    -82.981182122,
    42.383081369
  ],
  ""type"": ""Point""
}",-82.981182122,42.3830813690001
19168,9188648,RUSSELL,EMERY,2015-02-17,17,2,2015,4,3,1,9,,,0,,4,5,5,25,2,1,1,5,0,0,0,0,true,,false,false,true,false,false,,,,,,false,false,false,,,false,false,false,false,false,-83.09071,42.43514,"{
  ""coordinates"": [
    -8.309071447299991e+01,
    4.243514022100000e+01
  ],
  ""type"": ""Point""
}","{
  ""coordinates"": [
    -83.090714473,
    42.435140221
  ],
  ""type"": ""Point""
}",-83.0907144729999,42.435140221
19169,9195608,N M 39,GRAND RIVER,2015-02-17,17,2,2015,7,3,8,3,,1,0,,1,1,1,55,3,2,1,5,0,0,0,0,true,,false,false,true,false,false,,,,,,false,false,false,,,false,false,false,false,false,-83.21819,42.40067,"{
  ""coordinates"": [
    -8.321819515700000e+01,
    4.240066378000010e+01
  ],
  ""type"": ""Point""
}","{
  ""coordinates"": [
    -83.218195157,
    42.40066378
  ],
  ""type"": ""Point""
}",-83.218195157,42.4006637800001
19170,9228248,DEXTER,FENKELL,2015-02-17,17,2,2015,15,3,5,9,,4,0,,1,1,1,25,2,2,0,5,0,0,0,0,true,,false,false,true,false,false,,,,,,false,false,false,,,false,false,false,false,false,-83.13556,42.40222,"{
  ""coordinates"": [
    -8.313555863099999e+01,
    4.240222068700010e+01
  ],
  ""type"": ""Point""
}","{
  ""coordinates"": [
    -83.135558631,
    42.402220687
  ],
  ""type"": ""Point""
}",-83.135558631,42.4022206870001
19171,9195607,8 MILE,LAHSER,2015-02-17,17,2,2015,7,3,4,3,,1,0,,1,1,3,45,3,2,1,5,0,0,0,0,true,,false,false,true,false,false,,,,,,false,false,false,,,false,false,false,false,false,-83.25884,42.44323,"{
  ""coordinates"": [
    -8.325884309900000e+01,
    4.244323314300000e+01
  ],
  ""type"": ""Point""
}","{
  ""coordinates"": [
    -83.258843099,
    42.443233143
  ],
  ""type"": ""Point""
}",-83.258843099,42.443233143
19172,9210075,S M 10,RAMP 112A,2015-02-17,17,2,2015,2,3,1,3,,1,1,,1,1,5,55,1,1,1,5,0,0,0,0,true,,false,false,false,false,false,,,,,,false,false,false,,,false,false,false,false,false,-83.09657,42.3828,"{
  ""coordinates"": [
    -8.309657574100000e+01,
    4.238279565600000e+01
  ],
  ""type"": ""Point""
}","{
  ""coordinates"": [
    -83.096575741,
    42.382795656
  ],
  ""type"": ""Point""
}",-83.096575741,42.382795656
19173,9190114,DAVISON,RYAN,2015-02-17,17,2,2015,19,3,2,9,,4,0,,4,5,4,30,2,2,6,4,0,0,0,1,false,,false,false,false,false,false,,,,,,false,false,false,,,false,false,false,false,false,-83.06062,42.41585,"{
  ""coordinates"": [
    -8.306061412799990e+01,
    4.241584785300010e+01
  ],
  ""type"": ""Point""
}","{
  ""coordinates"": [
    -83.060614128,
    42.415847853
  ],
  ""type"": ""Point""
}",-83.0606141279999,42.4158478530001
19174,9188578,PLYMOUTH,CHATHAM,2015-02-17,17,2,2015,16,3,4,9,,4,0,,1,2,1,30,6,2,3,5,0,0,0,0,true,,false,false,false,false,false,,,,,,false,false,false,,,false,false,false,false,false,-83.26215,42.37157,"{
  ""coordinates"": [
    -8.326214250699999e+01,
    4.237157126800000e+01
  ],
  ""type"": ""Point""
}","{
  ""coordinates"": [
    -83.262142507,
    42.371571268
  ],
  ""type"": ""Point""
}",-83.262142507,42.371571268
19175,9199199,VERNOR,DUBOIS,2015-02-17,17,2,2015,18,3,5,9,,4,0,,3,1,3,30,4,2,3,5,0,0,0,0,true,,false,false,true,false,false,,,,,,false,false,false,,,false,false,false,false,false,-83.0322,42.34907,"{
  ""coordinates"": [
    -8.303220342500001e+01,
    4.234906710800000e+01
  ],
  ""type"": ""Point""
}","{
  ""coordinates"": [
    -83.032203425,
    42.349067108
  ],
  ""type"": ""Point""
}",-83.032203425,42.349067108
19176,9193991,S M 39,LYNDON,2015-02-17,17,2,2015,11,3,1,3,,1,1,,1,1,1,55,3,1,1,4,0,0,0,1,false,,false,false,false,false,false,,,,,,false,false,false,,,false,false,false,false,false,-83.2181,42.39445,"{
  ""coordinates"": [
    -8.321810275500000e+01,
    4.239445544900010e+01
  ],
  ""type"": ""Point""
}","{
  ""coordinates"": [
    -83.218102755,
    42.394455449
  ],
  ""type"": ""Point""
}",-83.218102755,42.3944554490001
19177,9191417,I 75,SPRINGWELLS,2015-02-17,17,2,2015,5,3,1,1,,1,1,,1,1,4,55,4,1,1,4,0,0,0,1,false,,false,false,false,false,false,,,,,,false,false,false,,,false,false,false,false,false,-83.12029,42.30089,"{
  ""coordinates"": [
    -8.312029605899990e+01,
    4.230088824100010e+01
  ],
  ""type"": ""Point""
}","{
  ""coordinates"": [
    -83.120296059,
    42.300888241
  ],
  ""type"": ""Point""
}",-83.1202960589999,42.3008882410001
19178,9188668,SORRENTO,FLORENCE,2015-02-17,17,2,2015,16,3,2,9,,,0,,4,5,4,25,2,2,5,4,0,0,0,3,false,,false,false,true,false,false,,,,,,false,false,false,,,false,false,false,false,false,-83.17302,42.41191,"{
  ""coordinates"": [
    -8.317302310900000e+01,
    4.241191379900000e+01
  ],
  ""type"": ""Point""
}","{
  ""coordinates"": [
    -83.173023109,
    42.411913799
  ],
  ""type"": ""Point""
}",-83.173023109,42.411913799
19179,9257053,METTETAL STAL,DIVERSEY,2015-02-17,17,2,2015,17,3,2,9,,,2,,3,1,1,25,2,2,1,5,0,0,0,0,true,,false,false,false,false,false,,,,,,false,false,true,,,false,false,false,false,false,-83.20484,42.34804,"{
  ""coordinates"": [
    -8.320483989900001e+01,
    4.234803689000010e+01
  ],
  ""type"": ""Point""
}","{
  ""coordinates"": [
    -83.204839899,
    42.34803689
  ],
  ""type"": ""Point""
}",-83.204839899,42.3480368900001
19180,9197918,GRAND RIVER,AVERY,2015-02-17,17,2,2015,21,3,1,3,,1,1,,4,5,4,35,3,1,1,1,1,0,0,0,false,,false,false,false,false,true,,,,,,false,false,false,,,false,false,false,false,false,-83.07682,42.34366,"{
  ""coordinates"": [
    -8.307682348100001e+01,
    4.234366235500000e+01
  ],
  ""type"": ""Point""
}","{
  ""coordinates"": [
    -83.076823481,
    42.343662355
  ],
  ""type"": ""Point""
}",-83.076823481,42.343662355
19181,9196581,DAVISON,MOUNT ELLIOTT,2015-02-17,17,2,2015,17,3,5,9,,4,0,,3,1,1,25,2,2,1,5,0,0,0,0,true,,false,false,true,false,false,,,,,,false,false,false,,,false,false,false,false,false,-83.0385,42.42326,"{
  ""coordinates"": [
    -8.303849718500000e+01,
    4.242326213500010e+01
  ],
  ""type"": ""Point""
}","{
  ""coordinates"": [
    -83.038497185,
    42.423262135
  ],
  ""type"": ""Point""
}",-83.038497185,42.4232621350001
19182,9188661,TRACEY,THATCHER,2015-02-17,17,2,2015,16,3,4,9,,,0,,3,1,1,25,2,2,2,4,0,0,0,1,false,,false,false,false,false,false,,,,,,false,false,true,,,false,false,false,false,false,-83.18125,42.42197,"{
  ""coordinates"": [
    -8.318124979800000e+01,
    4.242197457000000e+01
  ],
  ""type"": ""Point""
}","{
  ""coordinates"": [
    -83.181249798,
    42.42197457
  ],
  ""type"": ""Point""
}",-83.181249798,42.42197457
19183,9194303,RAMP 141A,TURNER,2015-02-17,17,2,2015,18,3,7,1,,1,0,,2,5,5,25,2,2,2,5,0,0,0,0,true,,false,false,false,false,false,,,,,,false,false,true,,,false,false,false,false,false,-83.14147,42.36786,"{
  ""coordinates"": [
    -8.314147025800000e+01,
    4.236785452200010e+01
  ],
  ""type"": ""Point""
}","{
  ""coordinates"": [
    -83.141470258,
    42.367854522
  ],
  ""type"": ""Point""
}",-83.141470258,42.3678545220001
19184,9194281,MOUND,DAVISON,2015-02-17,17,2,2015,7,3,5,9,,2,0,,1,1,1,25,2,2,2,4,0,0,0,2,false,,false,false,false,false,false,,,,,,false,false,false,,,false,false,false,false,false,-83.0432,42.42247,"{
  ""coordinates"": [
    -8.304320084200000e+01,
    4.242246989600010e+01
  ],
  ""type"": ""Point""
}","{
  ""coordinates"": [
    -83.043200842,
    42.422469896
  ],
  ""type"": ""Point""
}",-83.043200842,42.4224698960001
19185,9250197,HARPER,LAKEPOINTE,2015-02-17,17,2,2015,15,3,5,9,,4,0,,1,1,1,30,2,2,4,5,0,0,0,0,true,,false,false,true,false,false,,,,,,false,false,false,,,false,false,false,false,false,-82.95666,42.40698,"{
  ""coordinates"": [
    -8.295666049700000e+01,
    4.240697762000010e+01
  ],
  ""type"": ""Point""
}","{
  ""coordinates"": [
    -82.956660497,
    42.40697762
  ],
  ""type"": ""Point""
}",-82.956660497,42.4069776200001
19186,9205382,WESTPHALIA,8 MILE,2015-02-17,17,2,2015,15,3,4,3,,,0,,1,1,1,25,2,2,3,2,0,1,0,0,false,,false,false,false,false,false,,,,,,false,false,false,,,false,false,false,false,false,-82.99294,42.44909,"{
  ""coordinates"": [
    -8.299293884699991e+01,
    4.244908414100010e+01
  ],
  ""type"": ""Point""
}","{
  ""coordinates"": [
    -82.992938847,
    42.449084141
  ],
  ""type"": ""Point""
}",-82.9929388469999,42.4490841410001
19187,9191378,I-75,SCHAEFER,2015-02-17,17,2,2015,9,3,5,1,,1,0,,1,2,1,70,4,2,2,5,0,0,0,0,true,,false,false,false,false,false,,,,,,false,false,true,,,false,false,false,false,false,-83.15561,42.27736,"{
  ""coordinates"": [
    -8.315561120599990e+01,
    4.227735816400010e+01
  ],
  ""type"": ""Point""
}","{
  ""coordinates"": [
    -83.155611206,
    42.277358164
  ],
  ""type"": ""Point""
}",-83.1556112059999,42.2773581640001
19188,9194278,GRATIOT,BEAUBIEN,2015-02-17,17,2,2015,16,3,97,3,,1,0,,1,1,1,35,6,1,1,5,0,0,0,0,true,,false,false,false,false,false,,,,,,false,true,false,,,false,false,false,false,false,-83.04386,42.33686,"{
  ""coordinates"": [
    -8.304386050200000e+01,
    4.233686183900010e+01
  ],
  ""type"": ""Point""
}","{
  ""coordinates"": [
    -83.043860502,
    42.336861839
  ],
  ""type"": ""Point""
}",-83.043860502,42.3368618390001
19189,9197925,SCHOOLCRAFT,SOUTHFIELD SERVICE DRIVE,2015-02-17,17,2,2015,15,3,97,9,,2,0,,1,1,1,35,2,2,2,5,0,0,0,0,true,,false,false,false,false,false,,,,,,false,true,false,,,false,false,false,false,false,-83.21811,42.38669,"{
  ""coordinates"": [
    -8.321810756799989e+01,
    4.238668930500010e+01
  ],
  ""type"": ""Point""
}","{
  ""coordinates"": [
    -83.218107568,
    42.386689305
  ],
  ""type"": ""Point""
}",-83.2181075679999,42.3866893050001
19190,9188616,LINWOOD,KENDALL,2015-02-17,17,2,2015,16,3,4,9,,4,0,,1,1,1,30,4,2,2,5,0,0,0,0,true,,false,false,false,false,false,,,,,,false,true,true,,,false,false,false,false,false,-83.12492,42.39733,"{
  ""coordinates"": [
    -8.312491406100000e+01,
    4.239732635300000e+01
  ],
  ""type"": ""Point""
}","{
  ""coordinates"": [
    -83.124914061,
    42.397326353
  ],
  ""type"": ""Point""
}",-83.124914061,42.397326353
19191,9190066,GRAND RIVER,TERRY,2015-02-17,17,2,2015,3,3,5,3,,1,0,,4,5,3,35,2,2,1,5,0,0,0,0,true,,false,false,false,false,false,,,,,,false,false,false,,,false,false,false,false,false,-83.19132,42.38982,"{
  ""coordinates"": [
    -8.319132303700000e+01,
    4.238982082700010e+01
  ],
  ""type"": ""Point""
}","{
  ""coordinates"": [
    -83.191323037,
    42.389820827
  ],
  ""type"": ""Point""
}",-83.191323037,42.3898208270001
19192,9195596,BENTLER,ST MARTIN,2015-02-17,17,2,2015,0,3,2,9,,,2,,3,1,4,25,2,2,2,4,0,0,0,1,false,,false,false,false,false,false,,,,,,false,false,true,,,false,false,false,false,false,-83.25364,42.4341,"{
  ""coordinates"": [
    -8.325364087500000e+01,
    4.243410562900000e+01
  ],
  ""type"": ""Point""
}","{
  ""coordinates"": [
    -83.253640875,
    42.434105629
  ],
  ""type"": ""Point""
}",-83.253640875,42.434105629
19193,9190084,2ND,HANCOCK,2015-02-17,17,2,2015,14,3,4,9,,5,0,,2,1,1,35,2,2,2,5,0,0,0,0,true,,false,false,false,false,false,,,,,,false,false,false,,,false,false,false,false,false,-83.06824,42.35413,"{
  ""coordinates"": [
    -8.306824215300000e+01,
    4.235413077200010e+01
  ],
  ""type"": ""Point""
}","{
  ""coordinates"": [
    -83.068242153,
    42.354130772
  ],
  ""type"": ""Point""
}",-83.068242153,42.3541307720001
19194,9200207,KILBOURNE,DICKERSON,2015-02-17,17,2,2015,15,3,4,9,,,0,,3,1,1,25,2,2,7,5,0,0,0,0,true,,false,false,true,false,false,,,,,,false,false,false,,,false,false,false,false,false,-82.98093,42.41371,"{
  ""coordinates"": [
    -8.298093312500001e+01,
    4.241370972600000e+01
  ],
  ""type"": ""Point""
}","{
  ""coordinates"": [
    -82.980933125,
    42.413709726
  ],
  ""type"": ""Point""
}",-82.980933125,42.413709726
19195,9188582,SEVEN MILE,LINDSAY,2015-02-17,17,2,2015,16,3,5,9,,2,0,,2,1,1,35,4,2,2,5,0,0,0,0,true,,false,false,false,false,false,,,,,,false,true,false,,,false,false,false,false,false,-83.21381,42.43016,"{
  ""coordinates"": [
    -8.321380746599991e+01,
    4.243016522100000e+01
  ],
  ""type"": ""Point""
}","{
  ""coordinates"": [
    -83.213807466,
    42.430165221
  ],
  ""type"": ""Point""
}",-83.2138074659999,42.430165221
19196,9190171,ROSA PARKS,MICHIGAN,2015-02-17,17,2,2015,7,3,4,2,,4,0,,1,1,1,35,5,2,2,4,0,0,0,1,false,,false,false,false,false,false,,,,,,false,false,false,,,false,false,false,false,false,-83.07201,42.33139,"{
  ""coordinates"": [
    -8.307200847000000e+01,
    4.233138904000000e+01
  ],
  ""type"": ""Point""
}","{
  ""coordinates"": [
    -83.07200847,
    42.33138904
  ],
  ""type"": ""Point""
}",-83.07200847,42.33138904
19197,9191387,I-94,LONYO,2015-02-17,17,2,2015,8,3,5,1,,1,0,,1,1,1,55,3,3,3,4,0,0,0,1,false,,false,false,false,false,false,,,,,,false,false,false,,,false,false,false,false,false,-83.14449,42.33134,"{
  ""coordinates"": [
    -8.314449309699999e+01,
    4.233133758200010e+01
  ],
  ""type"": ""Point""
}","{
  ""coordinates"": [
    -83.144493097,
    42.331337582
  ],
  ""type"": ""Point""
}",-83.144493097,42.3313375820001
19198,9191717,GRATIOT,LIBERAL,2015-02-17,17,2,2015,21,3,5,3,,1,0,,4,1,4,35,7,2,0,5,0,0,0,0,true,,false,false,true,false,false,,,,,,false,false,false,,,false,false,false,false,false,-82.97441,42.44005,"{
  ""coordinates"": [
    -8.297441189100000e+01,
    4.244004916900010e+01
  ],
  ""type"": ""Point""
}","{
  ""coordinates"": [
    -82.974411891,
    42.440049169
  ],
  ""type"": ""Point""
}",-82.974411891,42.4400491690001
19199,9188593,ROSSINI,QUEEN,2015-02-17,17,2,2015,1,3,1,9,,,1,,3,1,5,25,1,1,0,5,0,0,0,0,true,,false,false,true,false,false,,,,,,false,false,false,,,false,false,false,false,false,-82.96927,42.44354,"{
  ""coordinates"": [
    -8.296927084500000e+01,
    4.244353998700010e+01
  ],
  ""type"": ""Point""
}","{
  ""coordinates"": [
    -82.969270845,
    42.443539987
  ],
  ""type"": ""Point""
}",-82.969270845,42.4435399870001
19200,9188585,TELEGRAPH,7 MILE,2015-02-17,17,2,2015,12,3,5,2,,1,0,,1,1,1,45,4,2,2,5,0,0,0,0,true,,false,false,false,false,false,,,,,,false,false,true,,,false,false,false,false,false,-83.27799,42.42905,"{
  ""coordinates"": [
    -8.327798886200000e+01,
    4.242905601400000e+01
  ],
  ""type"": ""Point""
}","{
  ""coordinates"": [
    -83.277988862,
    42.429056014
  ],
  ""type"": ""Point""
}",-83.277988862,42.429056014
19201,9193967,I-94,WEIR,2015-02-17,17,2,2015,17,3,97,1,,1,0,,1,5,1,55,3,2,2,4,0,0,0,1,false,,false,false,false,false,false,,,,,,false,true,true,,,false,false,false,false,false,-83.15437,42.32943,"{
  ""coordinates"": [
    -8.315437433999990e+01,
    4.232943218100010e+01
  ],
  ""type"": ""Point""
}","{
  ""coordinates"": [
    -83.15437434,
    42.329432181
  ],
  ""type"": ""Point""
}",-83.1543743399999,42.3294321810001
19202,9190074,RAMP 102D,N M 10,2015-02-17,17,2,2015,13,3,8,3,,1,0,,1,1,1,0,3,2,2,5,0,0,0,0,true,,false,false,true,false,false,,,,,,false,false,false,,,false,false,false,false,false,-83.20242,42.44406,"{
  ""coordinates"": [
    -8.320242009799991e+01,
    4.244405708800010e+01
  ],
  ""type"": ""Point""
}","{
  ""coordinates"": [
    -83.202420098,
    42.444057088
  ],
  ""type"": ""Point""
}",-83.2024200979999,42.4440570880001
19203,9194360,E I 96 SERVICE DRIVE,EVERGREEN,2015-02-17,17,2,2015,5,3,5,9,,4,0,,1,1,1,25,1,2,2,4,0,0,0,1,false,,false,false,false,false,false,,,,,,false,false,false,,,false,false,false,false,false,-83.23662,42.37924,"{
  ""coordinates"": [
    -8.323662169399999e+01,
    4.237923818400000e+01
  ],
  ""type"": ""Point""
}","{
  ""coordinates"": [
    -83.236621694,
    42.379238184
  ],
  ""type"": ""Point""
}",-83.236621694,42.379238184
19204,9191379,RAMP 125C,S M 10,2015-02-17,17,2,2015,11,3,1,3,,1,1,,3,2,1,55,3,1,2,4,0,0,0,1,false,,false,false,false,false,false,,,,,,false,false,true,,,false,false,false,false,false,-83.05312,42.32634,"{
  ""coordinates"": [
    -8.305312506300000e+01,
    4.232634130200010e+01
  ],
  ""type"": ""Point""
}","{
  ""coordinates"": [
    -83.053125063,
    42.326341302
  ],
  ""type"": ""Point""
}",-83.053125063,42.3263413020001
19205,9188618,DAVISON,JOSEPH CAMPAU,2015-02-17,17,2,2015,16,3,5,9,,4,0,,3,1,1,30,2,2,1,5,0,0,0,0,true,,false,false,true,false,false,,,,,,false,false,false,,,false,false,false,false,false,-83.06867,42.41285,"{
  ""coordinates"": [
    -8.306867053000001e+01,
    4.241285003900000e+01
  ],
  ""type"": ""Point""
}","{
  ""coordinates"": [
    -83.06867053,
    42.412850039
  ],
  ""type"": ""Point""
}",-83.06867053,42.412850039
19206,9193881,N I 75,RAMP 050C,2015-02-17,17,2,2015,15,3,5,1,,1,0,,1,1,1,55,3,2,2,5,0,0,0,0,true,,false,false,false,false,false,,,,,,false,false,false,,,false,false,false,false,false,-83.09488,42.44345,"{
  ""coordinates"": [
    -8.309487611899991e+01,
    4.244345220100010e+01
  ],
  ""type"": ""Point""
}","{
  ""coordinates"": [
    -83.094876119,
    42.443452201
  ],
  ""type"": ""Point""
}",-83.0948761189999,42.4434522010001
19207,9191710,BROCK,COLLINGHAM,2015-02-17,17,2,2015,11,3,4,9,,,0,,4,5,1,25,4,2,2,5,0,0,0,0,true,,false,false,true,false,false,,,,,,false,false,false,,,false,false,false,false,false,-82.96358,42.44813,"{
  ""coordinates"": [
    -8.296358444799991e+01,
    4.244812718900000e+01
  ],
  ""type"": ""Point""
}","{
  ""coordinates"": [
    -82.963584448,
    42.448127189
  ],
  ""type"": ""Point""
}",-82.9635844479999,42.448127189
19208,9188612,LIVERNOIS,I 96,2015-02-17,17,2,2015,9,3,4,3,,4,0,,3,1,1,35,4,2,4,5,0,0,0,0,true,,false,false,false,false,false,,,,,,false,true,false,,,false,false,false,false,false,-83.13953,42.38649,"{
  ""coordinates"": [
    -8.313953198300000e+01,
    4.238649114300010e+01
  ],
  ""type"": ""Point""
}","{
  ""coordinates"": [
    -83.139531983,
    42.386491143
  ],
  ""type"": ""Point""
}",-83.139531983,42.3864911430001
19209,9200183,CONNER,OLGA,2015-02-17,17,2,2015,17,3,5,9,,4,0,,4,1,2,30,4,2,3,5,0,0,0,0,true,,false,false,false,false,false,,,,,,false,false,false,,,false,false,false,false,false,-82.98504,42.39424,"{
  ""coordinates"": [
    -8.298503948200000e+01,
    4.239424181000000e+01
  ],
  ""type"": ""Point""
}","{
  ""coordinates"": [
    -82.985039482,
    42.39424181
  ],
  ""type"": ""Point""
}",-82.985039482,42.39424181
19210,9188584,HESSEL,ARCHDALE,2015-02-17,17,2,2015,8,3,8,9,,,0,,3,1,1,25,2,2,0,5,0,0,0,0,true,,false,false,true,false,false,,,,,,false,false,false,,,false,false,false,false,false,-83.21754,42.44265,"{
  ""coordinates"": [
    -8.321753756200000e+01,
    4.244265363500010e+01
  ],
  ""type"": ""Point""
}","{
  ""coordinates"": [
    -83.217537562,
    42.442653635
  ],
  ""type"": ""Point""
}",-83.217537562,42.4426536350001
19211,9189882,I 75,7 MILE,2015-02-17,17,2,2015,22,3,1,1,,1,1,,2,1,4,55,4,1,1,5,0,0,0,0,true,,false,false,false,false,false,,,,,,false,false,false,,,false,false,false,false,false,-83.09455,42.43166,"{
  ""coordinates"": [
    -8.309455131899990e+01,
    4.243165967000000e+01
  ],
  ""type"": ""Point""
}","{
  ""coordinates"": [
    -83.094551319,
    42.43165967
  ],
  ""type"": ""Point""
}",-83.0945513189999,42.43165967
19212,9194263,WASHINGTON,GRAND,2015-02-17,17,2,2015,18,3,8,9,,4,0,,3,1,4,0,2,2,4,5,0,0,0,0,true,,false,false,true,false,false,,,,,,false,true,false,,,false,false,false,false,false,-83.05119,42.33364,"{
  ""coordinates"": [
    -8.305118240300000e+01,
    4.233363877000010e+01
  ],
  ""type"": ""Point""
}","{
  ""coordinates"": [
    -83.051182403,
    42.33363877
  ],
  ""type"": ""Point""
}",-83.051182403,42.3336387700001
19213,9200142,BRUSH,LARNED,2015-02-16,16,2,2015,16,2,8,9,,4,0,,1,1,1,30,8,2,1,5,0,0,0,0,true,,false,false,true,false,false,,,,,,false,false,false,,,false,false,false,false,false,-83.04148,42.33104,"{
  ""coordinates"": [
    -8.304148319099990e+01,
    4.233103803000010e+01
  ],
  ""type"": ""Point""
}","{
  ""coordinates"": [
    -83.041483191,
    42.33103803
  ],
  ""type"": ""Point""
}",-83.0414831909999,42.3310380300001
19214,9190068,WOODWARD,HANCOCK,2015-02-16,16,2,2015,16,2,5,3,,1,0,,3,1,1,25,3,2,2,4,0,0,0,1,false,,false,false,false,false,false,,,,,,false,false,false,,,false,false,false,false,false,-83.06367,42.35575,"{
  ""coordinates"": [
    -8.306366885400000e+01,
    4.235575585000000e+01
  ],
  ""type"": ""Point""
}","{
  ""coordinates"": [
    -83.063668854,
    42.35575585
  ],
  ""type"": ""Point""
}",-83.063668854,42.35575585
19215,9187432,I-75,DEARBORN,2015-02-16,16,2,2015,6,2,1,1,,1,1,,1,1,4,55,4,1,2,3,0,0,1,0,false,,false,false,false,false,false,,,,,,false,false,false,,,false,false,false,false,false,-83.13519,42.28854,"{
  ""coordinates"": [
    -8.313518831999990e+01,
    4.228853859200010e+01
  ],
  ""type"": ""Point""
}","{
  ""coordinates"": [
    -83.13518832,
    42.288538592
  ],
  ""type"": ""Point""
}",-83.1351883199999,42.2885385920001
19216,9205404,FIELD,JEFFERSON,2015-02-16,16,2,2015,20,2,5,9,,,0,,4,5,98,25,2,2,0,5,0,0,0,0,true,,false,false,true,false,false,,,,,,false,false,false,,,false,false,false,false,false,-83.00048,42.34797,"{
  ""coordinates"": [
    -8.300048026800000e+01,
    4.234796988400010e+01
  ],
  ""type"": ""Point""
}","{
  ""coordinates"": [
    -83.000480268,
    42.347969884
  ],
  ""type"": ""Point""
}",-83.000480268,42.3479698840001
19217,9194361,PLYMOUTH,EVERGREEN,2015-02-16,16,2,2015,5,2,1,9,,4,1,,1,1,4,35,5,1,1,5,0,0,0,0,true,,false,false,false,false,false,,,,,,false,false,false,,,false,false,false,false,false,-83.23608,42.37189,"{
  ""coordinates"": [
    -8.323607451100000e+01,
    4.237189101700010e+01
  ],
  ""type"": ""Point""
}","{
  ""coordinates"": [
    -83.236074511,
    42.371891017
  ],
  ""type"": ""Point""
}",-83.236074511,42.3718910170001
19218,9200141,JEFFERSON,ST ANTOINE,2015-02-16,16,2,2015,17,2,8,9,,4,0,,1,1,1,0,3,2,2,5,0,0,0,0,true,,false,false,false,false,false,,,,,,false,false,true,,,false,false,false,false,false,-83.03826,42.33155,"{
  ""coordinates"": [
    -8.303825859900000e+01,
    4.233155392500000e+01
  ],
  ""type"": ""Point""
}","{
  ""coordinates"": [
    -83.038258599,
    42.331553925
  ],
  ""type"": ""Point""
}",-83.038258599,42.331553925