ObjectId,Crash ID,Primary Road,Intersecting Road,Crash Date,Day,Month,Year,Hour,Weekday,Crash Type Code,Highway Classification Code,Community Code,Jurisdiction Code,Lane Departure Type Code,Surface Type,Road Condition,Weather Condition,Lighting Condition,Speed Limit,Lanes,Units,Occupants,Most Severe Injury,Fatal Injuries,Suspected Serious Injuries,Suspected Minor Injuries,Possible Injuries,Property Damage Only,Secondary Crash,Traffic Control,Red Light Run,Hit and Run,Alcohol,Drugs,Unbelted Person,Work Zone,Speeding Driver,Distracted Driver,Driveway,Pedestrian,Elderly Driver,Young Driver,Commercial Vehicle,Emergency Vehicles,Train,School Bus,Motorcycle,Bicycle,Deer,Longitude,Latitude,geom,geog,x,y
19389,9191725,MOROSS,ROXBURY,2015-02-14,14,2,2015,10,7,5,9,,2,0,,4,5,1,35,2,2,2,5,0,0,0,0,true,,false,false,false,false,false,,,,,,false,false,true,,,false,false,false,false,false,-82.94263,42.43008,"{
  ""coordinates"": [
    -8.294263241800000e+01,
    4.243008011900010e+01
  ],
  ""type"": ""Point""
}","{
  ""coordinates"": [
    -82.942632418,
    42.430080119
  ],
  ""type"": ""Point""
}",-82.942632418,42.4300801190001
19390,9185204,WILSHIRE,DICKERSON,2015-02-14,14,2,2015,8,7,97,9,,,0,,1,1,1,35,2,2,0,4,0,0,0,1,false,,false,false,true,false,false,,,,,,true,false,false,,,false,false,false,false,false,-82.97814,42.41026,"{
  ""coordinates"": [
    -8.297813992899999e+01,
    4.241025458100010e+01
  ],
  ""type"": ""Point""
}","{
  ""coordinates"": [
    -82.978139929,
    42.410254581
  ],
  ""type"": ""Point""
}",-82.978139929,42.4102545810001
19391,9193921,RAMP 216I,MILWAUKEE,2015-02-13,13,2,2015,2,6,97,1,,1,0,,1,1,4,70,1,2,0,5,0,0,0,0,true,,false,false,true,false,false,,,,,,false,false,false,,,false,false,false,false,false,-83.05981,42.37241,"{
  ""coordinates"": [
    -8.305981192699990e+01,
    4.237241245100010e+01
  ],
  ""type"": ""Point""
}","{
  ""coordinates"": [
    -83.059811927,
    42.372412451
  ],
  ""type"": ""Point""
}",-83.0598119269999,42.3724124510001
19392,9185200,PURITAN,GREENLAWN,2015-02-13,13,2,2015,8,6,8,9,,4,0,,1,2,1,30,2,2,1,5,0,0,0,0,true,,false,false,true,false,false,,,,,,false,false,false,,,false,false,false,false,false,-83.15112,42.40979,"{
  ""coordinates"": [
    -8.315112268099990e+01,
    4.240979516100000e+01
  ],
  ""type"": ""Point""
}","{
  ""coordinates"": [
    -83.151122681,
    42.409795161
  ],
  ""type"": ""Point""
}",-83.1511226809999,42.409795161
19393,9185150,CAVALRY,BAKER,2015-02-13,13,2,2015,0,6,5,9,,,0,,3,1,4,25,1,2,1,5,0,0,0,0,true,,false,false,false,false,false,,,,,,false,false,false,,,false,false,false,false,false,-83.10503,42.31538,"{
  ""coordinates"": [
    -8.310502412200000e+01,
    4.231538022500010e+01
  ],
  ""type"": ""Point""
}","{
  ""coordinates"": [
    -83.105024122,
    42.315380225
  ],
  ""type"": ""Point""
}",-83.105024122,42.3153802250001
19394,9186438,GREENFIELD,DIVERSEY,2015-02-13,13,2,2015,10,6,97,9,,2,0,,1,2,1,35,4,2,21,5,0,0,0,0,true,,false,false,true,false,false,,,,,,false,false,false,,,false,false,false,false,false,-83.19646,42.34794,"{
  ""coordinates"": [
    -8.319645633399990e+01,
    4.234794089800000e+01
  ],
  ""type"": ""Point""
}","{
  ""coordinates"": [
    -83.196456334,
    42.347940898
  ],
  ""type"": ""Point""
}",-83.1964563339999,42.347940898
19395,9186411,FORT,SCHAEFER,2015-02-13,13,2,2015,16,6,97,3,,1,0,,1,1,1,0,2,2,2,5,0,0,0,0,true,,false,false,false,false,false,,,,,,false,true,false,,,false,false,false,false,false,-83.15517,42.27614,"{
  ""coordinates"": [
    -8.315516960300000e+01,
    4.227614243100000e+01
  ],
  ""type"": ""Point""
}","{
  ""coordinates"": [
    -83.155169603,
    42.276142431
  ],
  ""type"": ""Point""
}",-83.155169603,42.276142431
19396,9186439,S M 39 SERVICE DRIVE,JOY,2015-02-13,13,2,2015,13,6,5,9,,4,0,,1,1,1,30,2,2,3,5,0,0,0,0,true,,false,false,false,false,false,,,,,,false,true,false,,,false,false,false,false,false,-83.2169,42.35776,"{
  ""coordinates"": [
    -8.321689394399991e+01,
    4.235776328000000e+01
  ],
  ""type"": ""Point""
}","{
  ""coordinates"": [
    -83.216893944,
    42.35776328
  ],
  ""type"": ""Point""
}",-83.2168939439999,42.35776328
19397,9188438,E I 96,MAPLEWOOD,2015-02-13,13,2,2015,2,6,1,1,,1,1,,3,1,4,70,4,1,1,4,0,0,0,1,false,,false,false,false,false,false,,,,,,false,false,false,,,false,false,false,false,false,-83.12268,42.36109,"{
  ""coordinates"": [
    -8.312268150700000e+01,
    4.236108956600000e+01
  ],
  ""type"": ""Point""
}","{
  ""coordinates"": [
    -83.122681507,
    42.361089566
  ],
  ""type"": ""Point""
}",-83.122681507,42.361089566
19398,9185148,MILWAUKEE,LODGE S D,2015-02-13,13,2,2015,15,6,4,3,,4,0,,1,2,1,30,2,2,2,5,0,0,0,0,true,,true,true,false,false,false,,,,,,false,false,false,,,false,false,false,false,false,-83.08035,42.36618,"{
  ""coordinates"": [
    -8.308034785599990e+01,
    4.236618370700010e+01
  ],
  ""type"": ""Point""
}","{
  ""coordinates"": [
    -83.080347856,
    42.366183707
  ],
  ""type"": ""Point""
}",-83.0803478559999,42.3661837070001
19399,9195624,VANDYKE,GRINNELL,2015-02-13,13,2,2015,22,6,5,3,,1,0,,4,5,4,35,2,2,5,5,0,0,0,0,true,,false,false,false,false,false,,,,,,false,false,false,,,false,false,false,false,false,-83.02301,42.4015,"{
  ""coordinates"": [
    -8.302301375899999e+01,
    4.240150316500010e+01
  ],
  ""type"": ""Point""
}","{
  ""coordinates"": [
    -83.023013759,
    42.401503165
  ],
  ""type"": ""Point""
}",-83.023013759,42.4015031650001
19400,9186415,CENTRAL,WALDO,2015-02-13,13,2,2015,14,6,7,9,,4,0,,1,2,1,30,4,4,2,4,0,0,0,1,false,,false,false,false,false,false,,,,,,false,false,false,,,false,false,false,false,false,-83.13366,42.32557,"{
  ""coordinates"": [
    -8.313365557400000e+01,
    4.232556713500000e+01
  ],
  ""type"": ""Point""
}","{
  ""coordinates"": [
    -83.133655574,
    42.325567135
  ],
  ""type"": ""Point""
}",-83.133655574,42.325567135
19401,9185151,DEVEREAUX,GILBERT,2015-02-13,13,2,2015,3,6,97,9,,,0,,3,1,4,25,3,2,1,5,0,0,0,0,true,,false,false,true,false,false,,,,,,false,false,false,,,false,false,false,false,false,-83.12748,42.33883,"{
  ""coordinates"": [
    -8.312748121899990e+01,
    4.233882687000000e+01
  ],
  ""type"": ""Point""
}","{
  ""coordinates"": [
    -83.127481219,
    42.33882687
  ],
  ""type"": ""Point""
}",-83.1274812189999,42.33882687
19402,9187615,FENKELL,GLASTONBURY,2015-02-13,13,2,2015,15,6,4,9,,2,0,,1,1,1,35,2,2,3,4,0,0,0,2,false,,false,false,false,false,false,,,,,,false,false,true,,,false,false,false,false,false,-83.22523,42.40094,"{
  ""coordinates"": [
    -8.322523737900001e+01,
    4.240093464800000e+01
  ],
  ""type"": ""Point""
}","{
  ""coordinates"": [
    -83.225237379,
    42.400934648
  ],
  ""type"": ""Point""
}",-83.225237379,42.400934648
19403,9190158,EXETER,8 MILE,2015-02-13,13,2,2015,17,6,8,3,,,0,,1,1,1,25,3,2,1,5,0,0,0,0,true,,false,false,true,false,false,,,,,,false,false,false,,,false,false,false,false,false,-83.1053,42.44666,"{
  ""coordinates"": [
    -8.310530189500000e+01,
    4.244665973800010e+01
  ],
  ""type"": ""Point""
}","{
  ""coordinates"": [
    -83.105301895,
    42.446659738
  ],
  ""type"": ""Point""
}",-83.105301895,42.4466597380001
19404,9186405,N I 75 SERVICE DRIVE,CASS,2015-02-13,13,2,2015,20,6,5,9,,4,0,,4,5,4,35,2,2,4,4,0,0,0,2,false,,false,false,false,false,false,,,,,,false,false,true,,,false,false,false,false,false,-83.05644,42.33788,"{
  ""coordinates"": [
    -8.305644099599991e+01,
    4.233788449500000e+01
  ],
  ""type"": ""Point""
}","{
  ""coordinates"": [
    -83.056440996,
    42.337884495
  ],
  ""type"": ""Point""
}",-83.0564409959999,42.337884495
19405,9208529,M39 SERVICE DR,FORD,2015-02-13,13,2,2015,16,6,8,3,,1,0,,1,1,1,35,2,2,2,5,0,0,0,0,true,,false,false,false,false,false,,,,,,false,false,false,,,false,false,false,false,false,-83.21535,42.32916,"{
  ""coordinates"": [
    -8.321535559700000e+01,
    4.232916191100000e+01
  ],
  ""type"": ""Point""
}","{
  ""coordinates"": [
    -83.215355597,
    42.329161911
  ],
  ""type"": ""Point""
}",-83.215355597,42.329161911
19406,9185146,WARREN,LAWTON,2015-02-13,13,2,2015,8,6,1,9,,4,0,,1,2,1,30,5,1,1,5,0,0,0,0,true,,false,false,false,false,false,,,,,,false,false,false,,,false,false,false,false,false,-83.0944,42.34711,"{
  ""coordinates"": [
    -8.309439648100000e+01,
    4.234710715000010e+01
  ],
  ""type"": ""Point""
}","{
  ""coordinates"": [
    -83.094396481,
    42.34710715
  ],
  ""type"": ""Point""
}",-83.094396481,42.3471071500001
19407,9185136,GRAND,LODGE,2015-02-13,13,2,2015,10,6,4,9,,,0,,1,1,1,35,2,2,1,5,0,0,0,0,true,,true,true,true,false,false,,,,,,false,false,false,,,false,false,false,false,false,-83.1125,42.39857,"{
  ""coordinates"": [
    -8.311249641700000e+01,
    4.239857481400000e+01
  ],
  ""type"": ""Point""
}","{
  ""coordinates"": [
    -83.112496417,
    42.398574814
  ],
  ""type"": ""Point""
}",-83.112496417,42.398574814
19408,9186370,JOHN R,MACK,2015-02-13,13,2,2015,21,6,4,9,,4,0,,2,5,4,30,6,2,3,5,0,0,0,0,true,,true,true,false,false,false,,,,,,false,false,true,,,false,false,false,false,false,-83.05584,42.34825,"{
  ""coordinates"": [
    -8.305584263400000e+01,
    4.234825281300000e+01
  ],
  ""type"": ""Point""
}","{
  ""coordinates"": [
    -83.055842634,
    42.348252813
  ],
  ""type"": ""Point""
}",-83.055842634,42.348252813
19409,9189854,N/B I-75,DAVISON,2015-02-13,13,2,2015,23,6,1,1,,1,1,,4,5,4,70,4,1,1,5,0,0,0,0,true,,false,false,false,false,false,,,,,,false,false,true,,,false,false,false,false,false,-83.07487,42.40591,"{
  ""coordinates"": [
    -8.307487368400000e+01,
    4.240591189100010e+01
  ],
  ""type"": ""Point""
}","{
  ""coordinates"": [
    -83.074873684,
    42.405911891
  ],
  ""type"": ""Point""
}",-83.074873684,42.4059118910001
19410,9194321,WARWICK,CURTIS,2015-02-13,13,2,2015,22,6,97,9,,,0,,4,2,98,25,2,2,0,5,0,0,0,0,true,,false,false,true,false,false,,,,,,false,false,false,,,false,false,false,false,false,-83.22941,42.42202,"{
  ""coordinates"": [
    -8.322940782800001e+01,
    4.242201690900000e+01
  ],
  ""type"": ""Point""
}","{
  ""coordinates"": [
    -83.229407828,
    42.422016909
  ],
  ""type"": ""Point""
}",-83.229407828,42.422016909
19411,9185134,SOUTHFIELD SERVICE DRIVE,CIRCLE,2015-02-13,13,2,2015,12,6,8,3,,5,0,,1,1,1,35,2,2,1,5,0,0,0,0,true,,false,false,true,false,false,,,,,,false,false,false,,,false,false,false,false,false,-83.2201,42.44267,"{
  ""coordinates"": [
    -8.322010252200000e+01,
    4.244266340000010e+01
  ],
  ""type"": ""Point""
}","{
  ""coordinates"": [
    -83.220102522,
    42.4426634
  ],
  ""type"": ""Point""
}",-83.220102522,42.4426634000001
19412,9185135,WARREN,S I 75 SERVICE DRIVE,2015-02-13,13,2,2015,13,6,4,9,,4,0,,1,2,1,30,3,2,3,5,0,0,0,0,true,,false,false,true,false,false,,,,,,false,false,true,,,false,false,false,false,false,-83.05492,42.36058,"{
  ""coordinates"": [
    -8.305491768500001e+01,
    4.236057798900000e+01
  ],
  ""type"": ""Point""
}","{
  ""coordinates"": [
    -83.054917685,
    42.360577989
  ],
  ""type"": ""Point""
}",-83.054917685,42.360577989
19413,9186504,RYAN,NAUMANN,2015-02-13,13,2,2015,12,6,5,9,,4,0,,1,1,1,30,2,2,3,5,0,0,0,0,true,,false,false,false,false,false,,,,,,false,false,false,,,false,false,false,false,false,-83.06264,42.42363,"{
  ""coordinates"": [
    -8.306263655500000e+01,
    4.242363446500010e+01
  ],
  ""type"": ""Point""
}","{
  ""coordinates"": [
    -83.062636555,
    42.423634465
  ],
  ""type"": ""Point""
}",-83.062636555,42.4236344650001
19414,9185000,I94 EB,MORROSS,2015-02-13,13,2,2015,17,6,5,1,,1,0,,1,2,1,55,3,2,2,5,0,0,0,0,true,,false,false,false,false,false,,,,,,false,false,false,,,false,false,false,false,false,-82.92948,42.42343,"{
  ""coordinates"": [
    -8.292948388900000e+01,
    4.242343127900010e+01
  ],
  ""type"": ""Point""
}","{
  ""coordinates"": [
    -82.929483889,
    42.423431279
  ],
  ""type"": ""Point""
}",-82.929483889,42.4234312790001
19415,9185161,PIERSON,LYNDON,2015-02-13,13,2,2015,10,6,8,9,,,0,,1,1,1,25,2,2,1,5,0,0,0,0,true,,false,false,false,false,false,,,,,,false,false,false,,,false,false,false,false,false,-83.24565,42.39302,"{
  ""coordinates"": [
    -8.324565266000000e+01,
    4.239301645900010e+01
  ],
  ""type"": ""Point""
}","{
  ""coordinates"": [
    -83.24565266,
    42.393016459
  ],
  ""type"": ""Point""
}",-83.24565266,42.3930164590001
19416,9188614,MONTGOMERY,RADFORD,2015-02-13,13,2,2015,15,6,4,9,,,0,,97,1,1,25,2,2,8,3,0,0,3,0,false,,true,false,false,false,false,,,,,,false,false,true,,,false,false,false,false,false,-83.11635,42.36012,"{
  ""coordinates"": [
    -8.311634626999999e+01,
    4.236011952800000e+01
  ],
  ""type"": ""Point""
}","{
  ""coordinates"": [
    -83.11634627,
    42.360119528
  ],
  ""type"": ""Point""
}",-83.11634627,42.360119528
19417,9185176,LAFAYETTE,SAINT AUBIN,2015-02-13,13,2,2015,19,6,5,9,,4,0,,2,5,5,30,4,3,10,5,0,0,0,0,true,,false,false,false,false,false,,,,,,false,false,true,,,false,false,false,false,false,-83.03008,42.33899,"{
  ""coordinates"": [
    -8.303007252499999e+01,
    4.233899043800010e+01
  ],
  ""type"": ""Point""
}","{
  ""coordinates"": [
    -83.030072525,
    42.338990438
  ],
  ""type"": ""Point""
}",-83.030072525,42.3389904380001
19418,9183630,I-75,DAVISON,2015-02-13,13,2,2015,8,6,5,1,,1,0,,1,1,1,70,4,2,2,5,0,0,0,0,true,,false,false,false,false,false,,,,,,false,false,false,,,false,false,false,false,false,-83.08216,42.41171,"{
  ""coordinates"": [
    -8.308215884600000e+01,
    4.241171159200010e+01
  ],
  ""type"": ""Point""
}","{
  ""coordinates"": [
    -83.082158846,
    42.411711592
  ],
  ""type"": ""Point""
}",-83.082158846,42.4117115920001
19419,9186458,BURGESS,PEMBROKE,2015-02-13,13,2,2015,20,6,5,9,,,3,,3,5,4,25,2,2,1,5,0,0,0,0,true,,false,false,true,false,false,,,,,,false,false,false,,,false,false,false,false,false,-83.25616,42.43689,"{
  ""coordinates"": [
    -8.325615377600000e+01,
    4.243689132400000e+01
  ],
  ""type"": ""Point""
}","{
  ""coordinates"": [
    -83.256153776,
    42.436891324
  ],
  ""type"": ""Point""
}",-83.256153776,42.436891324
19420,9189878,RAMP 102H,JAMES COUZENS,2015-02-13,13,2,2015,17,6,5,3,,1,0,,1,1,1,0,1,2,2,5,0,0,0,0,true,,false,false,false,false,false,,,,,,false,false,false,,,false,false,false,false,false,-83.19939,42.44147,"{
  ""coordinates"": [
    -8.319938518899990e+01,
    4.244146584100010e+01
  ],
  ""type"": ""Point""
}","{
  ""coordinates"": [
    -83.199385189,
    42.441465841
  ],
  ""type"": ""Point""
}",-83.1993851889999,42.4414658410001
19421,9188560,S M 39,MCNICHOLS,2015-02-13,13,2,2015,0,6,97,3,,1,0,,1,1,4,70,3,2,2,5,0,0,0,0,true,,false,false,true,false,false,,,,,,false,false,false,,,false,false,false,false,false,-83.21888,42.41472,"{
  ""coordinates"": [
    -8.321887817100000e+01,
    4.241471705600000e+01
  ],
  ""type"": ""Point""
}","{
  ""coordinates"": [
    -83.218878171,
    42.414717056
  ],
  ""type"": ""Point""
}",-83.218878171,42.414717056
19422,9186505,MCNICHOLS,CONLEY,2015-02-13,13,2,2015,14,6,8,9,,4,0,,1,1,1,30,2,2,2,5,0,0,0,0,true,,false,false,false,false,false,,,,,,false,false,false,,,false,false,false,false,false,-83.05212,42.41888,"{
  ""coordinates"": [
    -8.305211411300000e+01,
    4.241887760300010e+01
  ],
  ""type"": ""Point""
}","{
  ""coordinates"": [
    -83.052114113,
    42.418877603
  ],
  ""type"": ""Point""
}",-83.052114113,42.4188776030001
19423,9188407,M-10,ELMHURST,2015-02-13,13,2,2015,0,6,1,3,,,1,,1,1,4,55,3,1,1,2,0,1,0,0,false,,false,false,false,true,false,,,,,,false,false,false,,,false,false,false,false,false,-83.10419,42.38997,"{
  ""coordinates"": [
    -8.310419507200000e+01,
    4.238996802500000e+01
  ],
  ""type"": ""Point""
}","{
  ""coordinates"": [
    -83.104195072,
    42.389968025
  ],
  ""type"": ""Point""
}",-83.104195072,42.389968025
19424,9184965,SB 75,DAVISON,2015-02-13,13,2,2015,8,6,5,1,,1,0,,1,1,1,70,4,3,3,4,0,0,0,1,false,,false,false,false,false,false,,,,,,false,false,false,,,false,false,false,false,false,-83.08053,42.40982,"{
  ""coordinates"": [
    -8.308053138699999e+01,
    4.240981856400000e+01
  ],
  ""type"": ""Point""
}","{
  ""coordinates"": [
    -83.080531387,
    42.409818564
  ],
  ""type"": ""Point""
}",-83.080531387,42.409818564
19425,9211360,WARREN,EVERGREEN,2015-02-13,13,2,2015,14,6,4,9,,2,0,,1,2,1,35,2,2,4,5,0,0,0,0,true,,false,false,true,false,false,,,,,,false,false,true,,,false,false,false,false,false,-83.23526,42.34312,"{
  ""coordinates"": [
    -8.323526263699991e+01,
    4.234312592600000e+01
  ],
  ""type"": ""Point""
}","{
  ""coordinates"": [
    -83.235262637,
    42.343125926
  ],
  ""type"": ""Point""
}",-83.2352626369999,42.343125926
19426,9183624,I96 WB,SCHAEFER,2015-02-13,13,2,2015,5,6,1,1,,1,1,,1,1,4,70,3,1,1,5,0,0,0,0,true,,false,false,false,false,false,,,,,,false,false,true,,,false,false,false,false,false,-83.18022,42.3829,"{
  ""coordinates"": [
    -8.318022435599990e+01,
    4.238290160400000e+01
  ],
  ""type"": ""Point""
}","{
  ""coordinates"": [
    -83.180224356,
    42.382901604
  ],
  ""type"": ""Point""
}",-83.1802243559999,42.382901604
19427,9186461,FORRER,KENDALL,2015-02-13,13,2,2015,15,6,4,9,,,0,,1,1,1,25,4,2,1,4,0,0,0,1,false,,false,false,true,false,false,,,,,,false,false,false,,,false,false,false,false,false,-83.2014,42.38931,"{
  ""coordinates"": [
    -8.320139987300000e+01,
    4.238930512300000e+01
  ],
  ""type"": ""Point""
}","{
  ""coordinates"": [
    -83.201399873,
    42.389305123
  ],
  ""type"": ""Point""
}",-83.201399873,42.389305123
19428,9217218,8 MILE,LAHSER,2015-02-13,13,2,2015,8,6,8,3,,1,0,,1,1,1,0,4,2,3,5,0,0,0,0,true,,false,false,false,false,false,,,,,,false,false,false,,,false,false,false,false,false,-83.25961,42.44321,"{
  ""coordinates"": [
    -8.325960534700000e+01,
    4.244321445400000e+01
  ],
  ""type"": ""Point""
}","{
  ""coordinates"": [
    -83.259605347,
    42.443214454
  ],
  ""type"": ""Point""
}",-83.259605347,42.443214454
19429,9186425,JOY,FIELDING,2015-02-13,13,2,2015,15,6,5,9,,2,0,,1,2,1,35,4,2,3,4,0,0,0,2,false,,false,false,false,false,false,,,,,,false,false,true,,,false,false,false,false,false,-83.24076,42.35748,"{
  ""coordinates"": [
    -8.324076298200001e+01,
    4.235747646600000e+01
  ],
  ""type"": ""Point""
}","{
  ""coordinates"": [
    -83.240762982,
    42.357476466
  ],
  ""type"": ""Point""
}",-83.240762982,42.357476466
19430,9186369,BRUSH,FORT,2015-02-13,13,2,2015,17,6,5,9,,4,3,,1,1,1,25,2,2,0,5,0,0,0,0,true,,false,false,true,false,false,,,,,,false,false,false,,,false,false,false,false,false,-83.04388,42.33468,"{
  ""coordinates"": [
    -8.304387500400000e+01,
    4.233468081200000e+01
  ],
  ""type"": ""Point""
}","{
  ""coordinates"": [
    -83.043875004,
    42.334680812
  ],
  ""type"": ""Point""
}",-83.043875004,42.334680812
19431,9193961,M-39,OUTER,2015-02-13,13,2,2015,9,6,1,3,,1,1,,1,1,1,55,3,1,4,5,0,0,0,0,true,,false,false,true,false,false,,,,,,false,false,true,,,false,false,false,false,false,-83.21924,42.42632,"{
  ""coordinates"": [
    -8.321923534900000e+01,
    4.242632076100010e+01
  ],
  ""type"": ""Point""
}","{
  ""coordinates"": [
    -83.219235349,
    42.426320761
  ],
  ""type"": ""Point""
}",-83.219235349,42.4263207610001
19432,9185188,EVERGREEN,FARGO,2015-02-13,13,2,2015,21,6,5,9,,4,0,,4,5,4,30,2,2,3,5,0,0,0,0,true,,false,false,true,false,false,,,,,,false,false,true,,,false,false,false,false,false,-83.2392,42.43837,"{
  ""coordinates"": [
    -8.323919503699990e+01,
    4.243837013400000e+01
  ],
  ""type"": ""Point""
}","{
  ""coordinates"": [
    -83.239195037,
    42.438370134
  ],
  ""type"": ""Point""
}",-83.2391950369999,42.438370134
19433,9183618,WB I-94,CADIEUX,2015-02-13,13,2,2015,6,6,8,1,,1,0,,1,1,4,55,3,2,2,5,0,0,0,0,true,,false,false,false,false,false,,,,,,false,false,false,,,false,false,false,false,false,-82.93562,42.41816,"{
  ""coordinates"": [
    -8.293561533499999e+01,
    4.241815909700010e+01
  ],
  ""type"": ""Point""
}","{
  ""coordinates"": [
    -82.935615335,
    42.418159097
  ],
  ""type"": ""Point""
}",-82.935615335,42.4181590970001
19434,9189846,I-75,SCHAEFER,2015-02-13,13,2,2015,20,6,1,1,,1,1,,4,5,4,55,4,1,1,5,0,0,0,0,true,,false,false,false,false,false,,,,,,false,false,true,,,false,false,false,false,false,-83.15315,42.27848,"{
  ""coordinates"": [
    -8.315315143100000e+01,
    4.227848566100000e+01
  ],
  ""type"": ""Point""
}","{
  ""coordinates"": [
    -83.153151431,
    42.278485661
  ],
  ""type"": ""Point""
}",-83.153151431,42.278485661
19435,9191716,8 MILE,HOOVER,2015-02-13,13,2,2015,18,6,97,3,,1,0,,2,5,4,40,5,3,10,2,0,1,0,0,false,,false,false,false,false,false,,,,,,false,false,false,,,false,false,false,true,false,-83.00709,42.44873,"{
  ""coordinates"": [
    -8.300708823600000e+01,
    4.244873435900010e+01
  ],
  ""type"": ""Point""
}","{
  ""coordinates"": [
    -83.007088236,
    42.448734359
  ],
  ""type"": ""Point""
}",-83.007088236,42.4487343590001
19436,9196588,DAVISON,WILDEMERE,2015-02-13,13,2,2015,18,6,3,3,,1,0,,2,5,4,35,7,2,1,5,0,0,0,0,true,,false,false,true,false,false,,,,,,false,false,false,,,false,false,false,false,false,-83.12737,42.39103,"{
  ""coordinates"": [
    -8.312736287199991e+01,
    4.239103486000000e+01
  ],
  ""type"": ""Point""
}","{
  ""coordinates"": [
    -83.127362872,
    42.39103486
  ],
  ""type"": ""Point""
}",-83.1273628719999,42.39103486
19437,9189822,I-94,FRENCH,2015-02-13,13,2,2015,1,6,1,1,,1,1,,1,1,5,55,3,1,1,3,0,0,1,0,false,,false,false,false,true,false,,,,,,false,false,false,,,false,false,false,false,false,-83.00552,42.39156,"{
  ""coordinates"": [
    -8.300552465999991e+01,
    4.239155491200010e+01
  ],
  ""type"": ""Point""
}","{
  ""coordinates"": [
    -83.00552466,
    42.391554912
  ],
  ""type"": ""Point""
}",-83.0055246599999,42.3915549120001
19438,9189861,N I 75,RAMP 045A,2015-02-13,13,2,2015,8,6,8,1,,1,0,,1,2,1,55,4,2,2,5,0,0,0,0,true,,false,false,false,false,false,,,,,,false,false,false,,,false,false,false,false,false,-83.06077,42.37564,"{
  ""coordinates"": [
    -8.306076974299999e+01,
    4.237563822100000e+01
  ],
  ""type"": ""Point""
}","{
  ""coordinates"": [
    -83.060769743,
    42.375638221
  ],
  ""type"": ""Point""
}",-83.060769743,42.375638221
19439,9189847,I-96,MARTIN LUTHER KING JR,2015-02-13,13,2,2015,22,6,1,1,,1,1,,4,5,5,55,4,1,2,3,0,0,1,1,false,,false,false,false,false,false,,,,,,false,false,true,,,false,false,false,false,false,-83.09451,42.34291,"{
  ""coordinates"": [
    -8.309450919999991e+01,
    4.234291446200010e+01
  ],
  ""type"": ""Point""
}","{
  ""coordinates"": [
    -83.0945092,
    42.342914462
  ],
  ""type"": ""Point""
}",-83.0945091999999,42.3429144620001
19440,9186430,FIELDING,KENDALL,2015-02-13,13,2,2015,12,6,8,9,,,0,,3,1,1,25,2,2,0,5,0,0,0,0,true,,false,false,true,false,false,,,,,,false,false,false,,,false,false,false,false,false,-83.24224,42.38862,"{
  ""coordinates"": [
    -8.324224348199991e+01,
    4.238862240300010e+01
  ],
  ""type"": ""Point""
}","{
  ""coordinates"": [
    -83.242243482,
    42.388622403
  ],
  ""type"": ""Point""
}",-83.2422434819999,42.3886224030001
19441,9185183,8 MILE,LAHSER,2015-02-13,13,2,2015,19,6,5,3,,1,0,,4,5,4,50,4,2,1,5,0,0,0,0,true,,false,false,true,false,false,,,,,,false,false,false,,,false,false,false,false,false,-83.25892,42.44323,"{
  ""coordinates"": [
    -8.325892127799990e+01,
    4.244323122700010e+01
  ],
  ""type"": ""Point""
}","{
  ""coordinates"": [
    -83.258921278,
    42.443231227
  ],
  ""type"": ""Point""
}",-83.2589212779999,42.4432312270001
19442,9191424,SOUTHFIELD,SCHOOLCRAFT,2015-02-13,13,2,2015,13,6,5,9,,4,0,,1,1,1,55,3,2,1,5,0,0,0,0,true,,false,false,true,false,false,,,,,,false,true,false,,,false,false,false,false,false,-83.21804,42.38724,"{
  ""coordinates"": [
    -8.321803799100000e+01,
    4.238724229800000e+01
  ],
  ""type"": ""Point""
}","{
  ""coordinates"": [
    -83.218037991,
    42.387242298
  ],
  ""type"": ""Point""
}",-83.218037991,42.387242298
19443,9183651,RAMP 211A,E I 94,2015-02-13,13,2,2015,7,6,5,1,,1,0,,1,1,2,25,1,2,2,5,0,0,0,0,true,,false,false,false,false,false,,,,,,false,true,false,,,false,false,false,false,false,-83.15228,42.32969,"{
  ""coordinates"": [
    -8.315227472100000e+01,
    4.232969384700000e+01
  ],
  ""type"": ""Point""
}","{
  ""coordinates"": [
    -83.152274721,
    42.329693847
  ],
  ""type"": ""Point""
}",-83.152274721,42.329693847
19444,9185157,ST JEAN,KERCHEVAL,2015-02-13,13,2,2015,5,6,5,9,,4,0,,4,1,4,30,4,2,2,5,0,0,0,0,true,,false,false,false,false,false,,,,,,false,false,false,,,false,false,false,false,false,-82.97218,42.36939,"{
  ""coordinates"": [
    -8.297217987900000e+01,
    4.236939025500000e+01
  ],
  ""type"": ""Point""
}","{
  ""coordinates"": [
    -82.972179879,
    42.369390255
  ],
  ""type"": ""Point""
}",-82.972179879,42.369390255
19445,9188447,M-10,ELMHURST,2015-02-13,13,2,2015,0,6,97,3,,,0,,2,2,4,55,3,2,2,2,0,1,0,0,false,,false,false,true,true,false,,,,,,false,false,false,,,false,false,false,false,false,-83.10419,42.38997,"{
  ""coordinates"": [
    -8.310419507200000e+01,
    4.238996802500000e+01
  ],
  ""type"": ""Point""
}","{
  ""coordinates"": [
    -83.104195072,
    42.389968025
  ],
  ""type"": ""Point""
}",-83.104195072,42.389968025