ObjectId,Crash ID,Primary Road,Intersecting Road,Crash Date,Day,Month,Year,Hour,Weekday,Crash Type Code,Highway Classification Code,Community Code,Jurisdiction Code,Lane Departure Type Code,Surface Type,Road Condition,Weather Condition,Lighting Condition,Speed Limit,Lanes,Units,Occupants,Most Severe Injury,Fatal Injuries,Suspected Serious Injuries,Suspected Minor Injuries,Possible Injuries,Property Damage Only,Secondary Crash,Traffic Control,Red Light Run,Hit and Run,Alcohol,Drugs,Unbelted Person,Work Zone,Speeding Driver,Distracted Driver,Driveway,Pedestrian,Elderly Driver,Young Driver,Commercial Vehicle,Emergency Vehicles,Train,School Bus,Motorcycle,Bicycle,Deer,Longitude,Latitude,geom,geog,x,y
19446,9185007,N I 75,FERRY,2015-02-13,13,2,2015,16,6,5,1,,1,0,,1,2,1,70,3,2,2,5,0,0,0,0,true,,false,false,false,false,false,,,,,,false,false,false,,,false,false,false,false,false,-83.05673,42.36599,"{
  ""coordinates"": [
    -8.305673116600001e+01,
    4.236599210100010e+01
  ],
  ""type"": ""Point""
}","{
  ""coordinates"": [
    -83.056731166,
    42.365992101
  ],
  ""type"": ""Point""
}",-83.056731166,42.3659921010001
19447,9186482,KLINGER,ROBINWOOD,2015-02-13,13,2,2015,9,6,5,9,,,0,,3,5,1,25,1,2,1,5,0,0,0,0,true,,false,false,true,false,false,,,,,,false,false,false,,,false,false,false,false,false,-83.06882,42.43116,"{
  ""coordinates"": [
    -8.306881741599990e+01,
    4.243116195800010e+01
  ],
  ""type"": ""Point""
}","{
  ""coordinates"": [
    -83.068817416,
    42.431161958
  ],
  ""type"": ""Point""
}",-83.0688174159999,42.4311619580001
19448,9189860,RAMP 119A,S M 10,2015-02-13,13,2,2015,8,6,5,3,,1,0,,1,2,1,0,1,2,2,5,0,0,0,0,true,,false,false,false,false,false,,,,,,false,false,false,,,false,false,false,false,false,-83.07319,42.35274,"{
  ""coordinates"": [
    -8.307319095900000e+01,
    4.235274271000000e+01
  ],
  ""type"": ""Point""
}","{
  ""coordinates"": [
    -83.073190959,
    42.35274271
  ],
  ""type"": ""Point""
}",-83.073190959,42.35274271
19449,9186481,LAFAYETTE,VAN DYKE,2015-02-13,13,2,2015,7,6,97,9,,4,0,,3,98,98,25,1,2,0,5,0,0,0,0,true,,false,false,true,false,false,,,,,,false,false,true,,,false,false,false,false,false,-82.99606,42.35331,"{
  ""coordinates"": [
    -8.299605392699991e+01,
    4.235330614200010e+01
  ],
  ""type"": ""Point""
}","{
  ""coordinates"": [
    -82.996053927,
    42.353306142
  ],
  ""type"": ""Point""
}",-82.9960539269999,42.3533061420001
19450,9185197,BAUMAN,LANTZ,2015-02-13,13,2,2015,22,6,5,9,,,0,,3,5,4,25,2,2,1,4,0,0,0,1,false,,false,false,true,false,false,,,,,,false,false,false,,,false,false,false,false,false,-83.11228,42.43703,"{
  ""coordinates"": [
    -8.311228082000000e+01,
    4.243703555600010e+01
  ],
  ""type"": ""Point""
}","{
  ""coordinates"": [
    -83.11228082,
    42.437035556
  ],
  ""type"": ""Point""
}",-83.11228082,42.4370355560001
19451,9188665,JOHN R,WARREN,2015-02-13,13,2,2015,14,6,8,9,,4,0,,1,1,1,25,6,2,3,5,0,0,0,0,true,,false,false,true,false,false,,,,,,false,false,false,,,false,false,false,false,false,-83.06229,42.35786,"{
  ""coordinates"": [
    -8.306228307200000e+01,
    4.235785935600010e+01
  ],
  ""type"": ""Point""
}","{
  ""coordinates"": [
    -83.062283072,
    42.357859356
  ],
  ""type"": ""Point""
}",-83.062283072,42.3578593560001
19452,9185147,MACK,S I 75 SERVICE DRIVE,2015-02-13,13,2,2015,21,6,4,9,,4,0,,3,1,1,30,5,2,1,4,0,0,0,1,false,,true,true,true,false,false,,,,,,false,false,false,,,false,false,false,false,false,-83.04852,42.35111,"{
  ""coordinates"": [
    -8.304851924099999e+01,
    4.235111258400010e+01
  ],
  ""type"": ""Point""
}","{
  ""coordinates"": [
    -83.048519241,
    42.351112584
  ],
  ""type"": ""Point""
}",-83.048519241,42.3511125840001
19453,9188576,7 MILE,WARWICK,2015-02-13,13,2,2015,11,6,5,9,,2,0,,1,1,1,35,2,2,2,5,0,0,0,0,true,,false,false,true,false,false,,,,,,false,false,true,,,false,false,false,false,false,-83.22982,42.42982,"{
  ""coordinates"": [
    -8.322981704100000e+01,
    4.242981984400010e+01
  ],
  ""type"": ""Point""
}","{
  ""coordinates"": [
    -83.229817041,
    42.429819844
  ],
  ""type"": ""Point""
}",-83.229817041,42.4298198440001
19454,9186447,OUTER,PLYMOUTH,2015-02-13,13,2,2015,10,6,4,9,,2,0,,1,1,1,40,4,2,3,5,0,0,0,0,true,,false,false,false,false,false,,,,,,false,true,false,,,false,false,false,false,false,-83.26086,42.37159,"{
  ""coordinates"": [
    -8.326086266899991e+01,
    4.237159498900010e+01
  ],
  ""type"": ""Point""
}","{
  ""coordinates"": [
    -83.260862669,
    42.371594989
  ],
  ""type"": ""Point""
}",-83.2608626689999,42.3715949890001
19455,9190132,HOOVER,GRIENER,2015-02-13,13,2,2015,9,6,1,3,,1,1,,1,1,1,30,2,1,1,5,0,0,0,0,true,,false,false,false,false,false,,,,,,false,false,true,,,false,false,false,false,false,-83.00432,42.4275,"{
  ""coordinates"": [
    -8.300432090899990e+01,
    4.242750082000000e+01
  ],
  ""type"": ""Point""
}","{
  ""coordinates"": [
    -83.004320909,
    42.42750082
  ],
  ""type"": ""Point""
}",-83.0043209089999,42.42750082
19456,9185158,MANISTIQUE,MACK,2015-02-13,13,2,2015,23,6,97,9,,,0,,4,1,4,25,2,2,0,5,0,0,0,0,true,,false,false,true,false,false,,,,,,false,false,false,,,false,false,false,false,false,-82.94986,42.38713,"{
  ""coordinates"": [
    -8.294985791499990e+01,
    4.238712734100010e+01
  ],
  ""type"": ""Point""
}","{
  ""coordinates"": [
    -82.949857915,
    42.387127341
  ],
  ""type"": ""Point""
}",-82.9498579149999,42.3871273410001
19457,9188640,RYAN,CORDOVA,2015-02-13,13,2,2015,11,6,97,9,,4,0,,6,2,1,30,2,2,2,5,0,0,0,0,true,,false,false,false,false,false,,,,,,false,false,false,,,false,false,false,false,false,-83.06364,42.44211,"{
  ""coordinates"": [
    -8.306363559899999e+01,
    4.244211304200010e+01
  ],
  ""type"": ""Point""
}","{
  ""coordinates"": [
    -83.063635599,
    42.442113042
  ],
  ""type"": ""Point""
}",-83.063635599,42.4421130420001
19458,9186517,TENTH,HOWARD,2015-02-13,13,2,2015,13,6,8,9,,,0,,1,1,1,30,2,2,2,5,0,0,0,0,true,,false,false,true,false,false,,,,,,false,false,false,,,false,false,false,false,false,-83.06445,42.32579,"{
  ""coordinates"": [
    -8.306445180900000e+01,
    4.232579001400010e+01
  ],
  ""type"": ""Point""
}","{
  ""coordinates"": [
    -83.064451809,
    42.325790014
  ],
  ""type"": ""Point""
}",-83.064451809,42.3257900140001
19459,9185170,GRATIOT,ST AUBIN,2015-02-12,12,2,2015,7,5,4,3,,1,0,,1,1,1,35,7,2,3,4,0,0,0,1,false,,false,false,false,false,false,,,,,,false,false,false,,,false,false,false,false,false,-83.03429,42.34929,"{
  ""coordinates"": [
    -8.303429097899991e+01,
    4.234929265800000e+01
  ],
  ""type"": ""Point""
}","{
  ""coordinates"": [
    -83.034290979,
    42.349292658
  ],
  ""type"": ""Point""
}",-83.0342909789999,42.349292658
19460,9185178,SCHOOLCRAFT,SOUTHFIELD SERVICE DRIVE,2015-02-12,12,2,2015,14,5,8,9,,2,0,,2,1,1,35,2,2,2,5,0,0,0,0,true,,false,false,false,false,false,,,,,,false,false,false,,,false,false,false,false,false,-83.21809,42.38669,"{
  ""coordinates"": [
    -8.321808816799999e+01,
    4.238669018200010e+01
  ],
  ""type"": ""Point""
}","{
  ""coordinates"": [
    -83.218088168,
    42.386690182
  ],
  ""type"": ""Point""
}",-83.218088168,42.3866901820001
19461,9187420,N M 39,JOY,2015-02-12,12,2,2015,16,5,5,3,,1,0,,1,1,1,55,3,2,2,5,0,0,0,0,true,,false,false,false,false,false,,,,,,false,false,false,,,false,false,false,false,false,-83.21638,42.35764,"{
  ""coordinates"": [
    -8.321637842099990e+01,
    4.235764444000010e+01
  ],
  ""type"": ""Point""
}","{
  ""coordinates"": [
    -83.216378421,
    42.35764444
  ],
  ""type"": ""Point""
}",-83.2163784209999,42.3576444400001
19462,9186436,MCINTYRE,TROJAN,2015-02-12,12,2,2015,18,5,97,9,,,0,,3,2,2,25,2,2,0,5,0,0,0,0,true,,false,false,true,false,false,,,,,,false,false,false,,,false,false,false,false,false,-83.26303,42.43994,"{
  ""coordinates"": [
    -8.326303224199999e+01,
    4.243994317500010e+01
  ],
  ""type"": ""Point""
}","{
  ""coordinates"": [
    -83.263032242,
    42.439943175
  ],
  ""type"": ""Point""
}",-83.263032242,42.4399431750001
19463,9185191,NOTTINGHAM,BRITAIN,2015-02-12,12,2,2015,11,5,8,9,,,0,,3,1,1,25,2,2,3,5,0,0,0,0,true,,false,false,false,false,false,,,,,,false,false,false,,,false,false,false,false,false,-82.94671,42.42114,"{
  ""coordinates"": [
    -8.294670822800001e+01,
    4.242113953900010e+01
  ],
  ""type"": ""Point""
}","{
  ""coordinates"": [
    -82.946708228,
    42.421139539
  ],
  ""type"": ""Point""
}",-82.946708228,42.4211395390001
19464,9183766,MARTIN LUTHER KING JR,LAWTON,2015-02-12,12,2,2015,14,5,5,9,,4,0,,1,1,1,30,8,2,3,5,0,0,0,0,true,,false,false,true,false,false,,,,,,false,false,false,,,false,false,false,false,false,-83.08888,42.33684,"{
  ""coordinates"": [
    -8.308888310700000e+01,
    4.233684153600010e+01
  ],
  ""type"": ""Point""
}","{
  ""coordinates"": [
    -83.088883107,
    42.336841536
  ],
  ""type"": ""Point""
}",-83.088883107,42.3368415360001
19465,9187397,S M 39,JOY,2015-02-12,12,2,2015,6,5,5,3,,1,0,,1,2,4,55,3,2,2,5,0,0,0,0,true,,false,false,false,false,false,,,,,,false,false,false,,,false,false,false,false,false,-83.21658,42.35789,"{
  ""coordinates"": [
    -8.321657460599990e+01,
    4.235788663000010e+01
  ],
  ""type"": ""Point""
}","{
  ""coordinates"": [
    -83.216574606,
    42.35788663
  ],
  ""type"": ""Point""
}",-83.2165746059999,42.3578866300001
19466,9186455,MCNICHOLS,OUTER,2015-02-12,12,2,2015,17,5,3,9,,2,0,,1,1,3,30,7,2,2,5,0,0,0,0,true,,false,false,false,false,false,,,,,,false,false,true,,,false,false,false,false,false,-83.23173,42.41529,"{
  ""coordinates"": [
    -8.323172471299991e+01,
    4.241529160500000e+01
  ],
  ""type"": ""Point""
}","{
  ""coordinates"": [
    -83.231724713,
    42.415291605
  ],
  ""type"": ""Point""
}",-83.2317247129999,42.415291605
19467,9183762,GRAND,CASS,2015-02-12,12,2,2015,15,5,5,9,,4,0,,3,1,1,25,3,2,3,5,0,0,0,0,true,,false,false,true,false,false,,,,,,false,false,false,,,false,false,false,false,false,-83.07476,42.36963,"{
  ""coordinates"": [
    -8.307475917900000e+01,
    4.236962433900000e+01
  ],
  ""type"": ""Point""
}","{
  ""coordinates"": [
    -83.074759179,
    42.369624339
  ],
  ""type"": ""Point""
}",-83.074759179,42.369624339
19468,9187613,PIERSON,CHICAGO,2015-02-12,12,2,2015,15,5,2,9,,,2,,3,1,1,25,1,2,0,5,0,0,0,0,true,,false,false,true,false,false,,,,,,false,false,false,,,false,false,false,false,false,-83.24483,42.36731,"{
  ""coordinates"": [
    -8.324482965599999e+01,
    4.236730750000000e+01
  ],
  ""type"": ""Point""
}","{
  ""coordinates"": [
    -83.244829656,
    42.3673075
  ],
  ""type"": ""Point""
}",-83.244829656,42.3673075
19469,9183785,PILGRIM,ARCHDALE,2015-02-12,12,2,2015,17,5,97,9,,,0,,3,2,1,25,2,2,0,5,0,0,0,0,true,,false,false,true,false,false,,,,,,false,false,false,,,false,false,false,false,false,-83.21802,42.40655,"{
  ""coordinates"": [
    -8.321801935300000e+01,
    4.240654862700010e+01
  ],
  ""type"": ""Point""
}","{
  ""coordinates"": [
    -83.218019353,
    42.406548627
  ],
  ""type"": ""Point""
}",-83.218019353,42.4065486270001
19470,9187614,JAMES COUZENS,MCNICHOLS,2015-02-12,12,2,2015,23,5,4,9,,4,0,,1,1,4,35,3,2,2,5,0,0,0,0,true,,true,true,false,false,false,,,,,,false,false,false,,,false,false,false,false,false,-83.17247,42.41666,"{
  ""coordinates"": [
    -8.317247146900000e+01,
    4.241666146100000e+01
  ],
  ""type"": ""Point""
}","{
  ""coordinates"": [
    -83.172471469,
    42.416661461
  ],
  ""type"": ""Point""
}",-83.172471469,42.416661461
19471,9183802,7 MILE,SCHAEFER,2015-02-12,12,2,2015,18,5,4,9,,2,0,,1,1,4,35,2,2,3,3,0,0,1,0,false,,false,false,false,false,false,,,,,,false,false,true,,,false,false,false,false,false,-83.18058,42.43107,"{
  ""coordinates"": [
    -8.318057670300000e+01,
    4.243107315300010e+01
  ],
  ""type"": ""Point""
}","{
  ""coordinates"": [
    -83.180576703,
    42.431073153
  ],
  ""type"": ""Point""
}",-83.180576703,42.4310731530001
19472,9186413,MICHIGAN,LONYO,2015-02-12,12,2,2015,4,5,4,2,,1,0,,3,98,4,25,7,2,2,5,0,0,0,0,true,,true,true,false,false,false,,,,,,false,false,false,,,false,false,false,false,false,-83.14444,42.33045,"{
  ""coordinates"": [
    -8.314443991400000e+01,
    4.233044804000010e+01
  ],
  ""type"": ""Point""
}","{
  ""coordinates"": [
    -83.144439914,
    42.33044804
  ],
  ""type"": ""Point""
}",-83.144439914,42.3304480400001
19473,9186441,FIELDING,SAWYER,2015-02-12,12,2,2015,9,5,97,9,,,0,,3,1,1,25,3,2,2,5,0,0,0,0,true,,false,false,false,false,false,,,,,,false,false,false,,,false,false,false,false,false,-83.24032,42.34714,"{
  ""coordinates"": [
    -8.324031888400000e+01,
    4.234714036500000e+01
  ],
  ""type"": ""Point""
}","{
  ""coordinates"": [
    -83.240318884,
    42.347140365
  ],
  ""type"": ""Point""
}",-83.240318884,42.347140365
19474,9191715,NOTTINGHAM,EVANSTON,2015-02-12,12,2,2015,19,5,4,9,,,0,,4,1,4,25,2,2,2,5,0,0,0,0,true,,false,false,true,false,false,,,,,,false,false,false,,,false,false,false,false,false,-82.95457,42.40834,"{
  ""coordinates"": [
    -8.295457716399990e+01,
    4.240834391900010e+01
  ],
  ""type"": ""Point""
}","{
  ""coordinates"": [
    -82.954577164,
    42.408343919
  ],
  ""type"": ""Point""
}",-82.9545771639999,42.4083439190001
19475,9193989,RAMP 136C,GREENFIELD,2015-02-12,12,2,2015,12,5,8,1,,1,0,,1,1,1,35,2,2,10,5,0,0,0,0,true,,false,false,false,false,false,,,,,,false,true,true,,,false,true,false,false,false,-83.19618,42.37961,"{
  ""coordinates"": [
    -8.319618527199999e+01,
    4.237960763400010e+01
  ],
  ""type"": ""Point""
}","{
  ""coordinates"": [
    -83.196185272,
    42.379607634
  ],
  ""type"": ""Point""
}",-83.196185272,42.3796076340001
19476,9208583,WARREN,ROCKDALE,2015-02-12,12,2,2015,19,5,8,9,,2,0,,1,1,4,35,4,2,2,4,0,0,0,1,false,,false,false,false,false,false,,,,,,false,false,false,,,false,false,false,false,false,-83.25467,42.34184,"{
  ""coordinates"": [
    -8.325467213000000e+01,
    4.234183648300010e+01
  ],
  ""type"": ""Point""
}","{
  ""coordinates"": [
    -83.25467213,
    42.341836483
  ],
  ""type"": ""Point""
}",-83.25467213,42.3418364830001
19477,9183804,MCNICHOLS,APPOLINE,2015-02-12,12,2,2015,15,5,4,9,,2,0,,1,1,1,30,2,2,2,5,0,0,0,0,true,,false,false,false,false,false,,,,,,false,false,true,,,false,false,false,false,false,-83.17112,42.41665,"{
  ""coordinates"": [
    -8.317112054099989e+01,
    4.241664560000000e+01
  ],
  ""type"": ""Point""
}","{
  ""coordinates"": [
    -83.171120541,
    42.4166456
  ],
  ""type"": ""Point""
}",-83.1711205409999,42.4166456
19478,9186368,GRAND RIVER,N I 75 SERVICE DRIVE,2015-02-12,12,2,2015,6,5,97,3,,1,0,,3,1,2,30,6,2,2,5,0,0,0,0,true,,false,false,true,false,false,,,,,,false,false,false,,,false,false,false,false,false,-83.05885,42.33637,"{
  ""coordinates"": [
    -8.305884918399990e+01,
    4.233636886800010e+01
  ],
  ""type"": ""Point""
}","{
  ""coordinates"": [
    -83.058849184,
    42.336368868
  ],
  ""type"": ""Point""
}",-83.0588491839999,42.3363688680001
19479,9182684,DAYTON,PENROD,2015-02-12,12,2,2015,3,5,5,9,,,0,,3,1,5,25,1,2,1,5,0,0,0,0,true,,false,false,true,false,false,,,,,,false,false,false,,,false,false,false,false,false,-83.21918,42.33449,"{
  ""coordinates"": [
    -8.321918624900000e+01,
    4.233449118500000e+01
  ],
  ""type"": ""Point""
}","{
  ""coordinates"": [
    -83.219186249,
    42.334491185
  ],
  ""type"": ""Point""
}",-83.219186249,42.334491185
19480,9204320,BRUSH,PALMER,2015-02-12,12,2,2015,17,5,4,9,,4,0,,1,1,1,25,3,2,2,4,0,0,0,1,false,,false,false,false,false,false,,,,,,false,false,true,,,false,false,false,false,false,-83.06335,42.36397,"{
  ""coordinates"": [
    -8.306334393100001e+01,
    4.236396688300000e+01
  ],
  ""type"": ""Point""
}","{
  ""coordinates"": [
    -83.063343931,
    42.363966883
  ],
  ""type"": ""Point""
}",-83.063343931,42.363966883
19481,9183803,PRAIRIE,PICKFORD,2015-02-12,12,2,2015,13,5,97,9,,,0,,3,1,1,25,2,2,2,3,0,0,1,0,false,,false,false,false,false,false,,,,,,false,false,false,,,false,false,false,false,false,-83.14556,42.42631,"{
  ""coordinates"": [
    -8.314556480600000e+01,
    4.242630599400010e+01
  ],
  ""type"": ""Point""
}","{
  ""coordinates"": [
    -83.145564806,
    42.426305994
  ],
  ""type"": ""Point""
}",-83.145564806,42.4263059940001
19482,9183784,SAWYER,DACOSTA,2015-02-12,12,2,2015,15,5,97,9,,,0,,3,2,1,25,2,2,2,5,0,0,0,0,true,,false,false,false,false,false,,,,,,false,true,false,,,false,false,false,false,false,-83.25778,42.34651,"{
  ""coordinates"": [
    -8.325778039300000e+01,
    4.234651135600010e+01
  ],
  ""type"": ""Point""
}","{
  ""coordinates"": [
    -83.257780393,
    42.346511356
  ],
  ""type"": ""Point""
}",-83.257780393,42.3465113560001
19483,9182542,RAMP 008C,W I 96 CD,2015-02-12,12,2,2015,0,5,1,1,,1,1,,4,2,4,55,2,1,1,5,0,0,0,0,true,,false,false,false,false,false,,,,,,false,false,false,,,false,false,false,false,false,-83.21801,42.37912,"{
  ""coordinates"": [
    -8.321800898299990e+01,
    4.237912295000010e+01
  ],
  ""type"": ""Point""
}","{
  ""coordinates"": [
    -83.218008983,
    42.37912295
  ],
  ""type"": ""Point""
}",-83.2180089829999,42.3791229500001
19484,9186437,WARWICK,WARREN,2015-02-12,12,2,2015,9,5,5,9,,,0,,3,2,1,25,1,2,3,5,0,0,0,0,true,,false,false,true,false,false,,,,,,false,false,false,,,false,false,false,false,false,-83.22682,42.34188,"{
  ""coordinates"": [
    -8.322681902900000e+01,
    4.234188077100000e+01
  ],
  ""type"": ""Point""
}","{
  ""coordinates"": [
    -83.226819029,
    42.341880771
  ],
  ""type"": ""Point""
}",-83.226819029,42.341880771
19485,9233000,FOREST,MCCLELLAN,2015-02-12,12,2,2015,16,5,5,9,,4,0,,1,2,1,35,2,2,5,5,0,0,0,0,true,,false,false,true,false,false,,,,,,false,false,false,,,false,false,false,false,false,-82.99887,42.37872,"{
  ""coordinates"": [
    -8.299886907400000e+01,
    4.237871651400010e+01
  ],
  ""type"": ""Point""
}","{
  ""coordinates"": [
    -82.998869074,
    42.378716514
  ],
  ""type"": ""Point""
}",-82.998869074,42.3787165140001
19486,9213680,GRAND RIVER,N I 75,2015-02-12,12,2,2015,6,5,4,3,,1,0,,3,1,2,30,6,2,2,5,0,0,0,0,true,,false,false,false,false,false,,,,,,false,false,false,,,false,false,false,false,false,-83.05912,42.33649,"{
  ""coordinates"": [
    -8.305912128499990e+01,
    4.233648696200000e+01
  ],
  ""type"": ""Point""
}","{
  ""coordinates"": [
    -83.059121285,
    42.336486962
  ],
  ""type"": ""Point""
}",-83.0591212849999,42.336486962
19487,9191686,MELDRUM,ST PAUL,2015-02-12,12,2,2015,15,5,5,9,,,0,,3,1,1,25,1,2,2,5,0,0,0,0,true,,false,false,false,false,false,,,,,,false,false,false,,,false,false,false,false,false,-83.01323,42.35098,"{
  ""coordinates"": [
    -8.301323069100000e+01,
    4.235098200900010e+01
  ],
  ""type"": ""Point""
}","{
  ""coordinates"": [
    -83.013230691,
    42.350982009
  ],
  ""type"": ""Point""
}",-83.013230691,42.3509820090001
19488,9185172,ERWIN,EDGEWOOD,2015-02-12,12,2,2015,16,5,5,9,,,0,,1,1,1,30,2,2,4,5,0,0,0,0,true,,false,false,true,false,false,,,,,,false,false,false,,,false,false,false,false,false,-83.0175,42.39751,"{
  ""coordinates"": [
    -8.301749809200000e+01,
    4.239751466100010e+01
  ],
  ""type"": ""Point""
}","{
  ""coordinates"": [
    -83.017498092,
    42.397514661
  ],
  ""type"": ""Point""
}",-83.017498092,42.3975146610001
19489,9187435,I 94,MT ELLIOT,2015-02-12,12,2,2015,9,5,5,1,,1,0,,1,1,1,55,3,3,3,5,0,0,0,0,true,,false,false,true,false,false,,,,,,false,false,true,,,false,false,false,false,false,-83.03116,42.38228,"{
  ""coordinates"": [
    -8.303115652600000e+01,
    4.238227786900010e+01
  ],
  ""type"": ""Point""
}","{
  ""coordinates"": [
    -83.031156526,
    42.382277869
  ],
  ""type"": ""Point""
}",-83.031156526,42.3822778690001
19490,9186508,8 MILE,MOUND,2015-02-12,12,2,2015,3,5,8,3,,1,0,,3,5,4,40,4,2,2,5,0,0,0,0,true,,false,false,false,false,false,,,,,,false,false,true,,,false,false,false,false,false,-83.04427,42.44777,"{
  ""coordinates"": [
    -8.304427346900000e+01,
    4.244776390500000e+01
  ],
  ""type"": ""Point""
}","{
  ""coordinates"": [
    -83.044273469,
    42.447763905
  ],
  ""type"": ""Point""
}",-83.044273469,42.447763905
19491,9183772,FORT,CABACIER,2015-02-12,12,2,2015,11,5,97,3,,1,0,,1,1,1,30,7,2,2,5,0,0,0,0,true,,false,false,false,false,false,,,,,,false,true,false,,,false,false,false,false,false,-83.06013,42.32521,"{
  ""coordinates"": [
    -8.306013743100000e+01,
    4.232521425800010e+01
  ],
  ""type"": ""Point""
}","{
  ""coordinates"": [
    -83.060137431,
    42.325214258
  ],
  ""type"": ""Point""
}",-83.060137431,42.3252142580001
19492,9185160,PLYMOUTH,MONTROSE,2015-02-12,12,2,2015,19,5,5,9,,4,0,,1,1,3,30,2,3,5,3,0,0,2,2,false,,false,false,false,true,false,,,,,,false,false,true,,,false,false,false,false,false,-83.19991,42.37253,"{
  ""coordinates"": [
    -8.319990951299999e+01,
    4.237252645100010e+01
  ],
  ""type"": ""Point""
}","{
  ""coordinates"": [
    -83.199909513,
    42.372526451
  ],
  ""type"": ""Point""
}",-83.199909513,42.3725264510001
19493,9186363,FORT,10TH,2015-02-12,12,2,2015,9,5,8,3,,1,0,,1,1,1,25,2,2,2,5,0,0,0,0,true,,false,false,false,false,false,,,,,,false,false,false,,,false,false,false,false,false,-83.06305,42.32397,"{
  ""coordinates"": [
    -8.306304831200001e+01,
    4.232397149900000e+01
  ],
  ""type"": ""Point""
}","{
  ""coordinates"": [
    -83.063048312,
    42.323971499
  ],
  ""type"": ""Point""
}",-83.063048312,42.323971499
19494,9188450,S M 39,RAMP 009C,2015-02-12,12,2,2015,22,5,97,3,,1,0,,1,1,4,55,3,2,2,4,0,0,0,2,false,,false,false,false,false,false,,,,,,false,false,true,,,false,false,false,false,false,-83.21848,42.40506,"{
  ""coordinates"": [
    -8.321847237899991e+01,
    4.240506450900010e+01
  ],
  ""type"": ""Point""
}","{
  ""coordinates"": [
    -83.218472379,
    42.405064509
  ],
  ""type"": ""Point""
}",-83.2184723789999,42.4050645090001
19495,9183807,WOODWARD,WELLESLEY,2015-02-12,12,2,2015,8,5,5,3,,1,0,,1,1,1,40,5,2,2,5,0,0,0,0,true,,false,false,false,false,false,,,,,,false,false,false,,,false,false,false,false,false,-83.11777,42.43559,"{
  ""coordinates"": [
    -8.311777424500001e+01,
    4.243559269500000e+01
  ],
  ""type"": ""Point""
}","{
  ""coordinates"": [
    -83.117774245,
    42.435592695
  ],
  ""type"": ""Point""
}",-83.117774245,42.435592695
19496,9185175,MACK,DEQUINDRE,2015-02-12,12,2,2015,15,5,5,9,,4,0,,1,1,1,35,2,3,3,5,0,0,0,0,true,,false,false,true,false,false,,,,,,false,false,true,,,false,false,false,false,false,-83.04044,42.3544,"{
  ""coordinates"": [
    -8.304043200200000e+01,
    4.235439605400010e+01
  ],
  ""type"": ""Point""
}","{
  ""coordinates"": [
    -83.040432002,
    42.354396054
  ],
  ""type"": ""Point""
}",-83.040432002,42.3543960540001
19497,9186429,7 MILE,GRAND RIVER,2015-02-12,12,2,2015,22,5,5,3,,2,0,,1,1,4,35,3,2,2,5,0,0,0,0,true,,false,false,false,false,false,,,,,,false,false,false,,,false,false,false,false,false,-83.2872,42.42855,"{
  ""coordinates"": [
    -8.328719876799990e+01,
    4.242855279300010e+01
  ],
  ""type"": ""Point""
}","{
  ""coordinates"": [
    -83.287198768,
    42.428552793
  ],
  ""type"": ""Point""
}",-83.2871987679999,42.4285527930001
19498,9191721,WESTPHALIA,LINNHURST,2015-02-12,12,2,2015,13,5,9,9,,,2,,4,1,1,25,3,2,2,5,0,0,0,0,true,,false,false,true,false,false,,,,,,false,false,false,,,false,false,false,false,false,-82.99227,42.43116,"{
  ""coordinates"": [
    -8.299227486599990e+01,
    4.243115970100010e+01
  ],
  ""type"": ""Point""
}","{
  ""coordinates"": [
    -82.992274866,
    42.431159701
  ],
  ""type"": ""Point""
}",-82.9922748659999,42.4311597010001
19499,9185195,OUTER,HUBBEL,2015-02-12,12,2,2015,17,5,6,9,,2,0,,1,1,1,35,2,2,2,2,0,1,0,0,false,,true,true,false,false,false,,,,,,false,true,false,,,false,false,false,false,false,-83.18964,42.41994,"{
  ""coordinates"": [
    -8.318964068299989e+01,
    4.241993986600000e+01
  ],
  ""type"": ""Point""
}","{
  ""coordinates"": [
    -83.189640683,
    42.419939866
  ],
  ""type"": ""Point""
}",-83.1896406829999,42.419939866
19500,9185177,MCINTYRE,VASSAR,2015-02-12,12,2,2015,9,5,4,9,,,0,,3,1,1,25,2,2,2,5,0,0,0,0,true,,false,false,false,false,false,,,,,,false,true,false,,,false,false,false,false,false,-83.2632,42.43221,"{
  ""coordinates"": [
    -8.326320193600000e+01,
    4.243220574800010e+01
  ],
  ""type"": ""Point""
}","{
  ""coordinates"": [
    -83.263201936,
    42.432205748
  ],
  ""type"": ""Point""
}",-83.263201936,42.4322057480001
19501,9185168,GRATIOT,ADELAIDE,2015-02-12,12,2,2015,16,5,5,3,,1,0,,1,1,1,35,7,4,4,5,0,0,0,0,true,,false,false,true,false,false,,,,,,false,false,false,,,false,false,false,false,false,-83.03483,42.34859,"{
  ""coordinates"": [
    -8.303482958700000e+01,
    4.234859318600010e+01
  ],
  ""type"": ""Point""
}","{
  ""coordinates"": [
    -83.034829587,
    42.348593186
  ],
  ""type"": ""Point""
}",-83.034829587,42.3485931860001
19502,9188420,I-75,DAVISON,2015-02-12,12,2,2015,19,5,5,1,,1,0,,1,1,4,70,4,2,3,5,0,0,0,0,true,,false,false,false,false,false,,,,,,false,false,false,,,false,false,false,false,false,-83.07874,42.40818,"{
  ""coordinates"": [
    -8.307874036399990e+01,
    4.240818064400000e+01
  ],
  ""type"": ""Point""
}","{
  ""coordinates"": [
    -83.078740364,
    42.408180644
  ],
  ""type"": ""Point""
}",-83.0787403639999,42.408180644