ObjectId,Crash ID,Primary Road,Intersecting Road,Crash Date,Day,Month,Year,Hour,Weekday,Crash Type Code,Highway Classification Code,Community Code,Jurisdiction Code,Lane Departure Type Code,Surface Type,Road Condition,Weather Condition,Lighting Condition,Speed Limit,Lanes,Units,Occupants,Most Severe Injury,Fatal Injuries,Suspected Serious Injuries,Suspected Minor Injuries,Possible Injuries,Property Damage Only,Secondary Crash,Traffic Control,Red Light Run,Hit and Run,Alcohol,Drugs,Unbelted Person,Work Zone,Speeding Driver,Distracted Driver,Driveway,Pedestrian,Elderly Driver,Young Driver,Commercial Vehicle,Emergency Vehicles,Train,School Bus,Motorcycle,Bicycle,Deer,Longitude,Latitude,geom,geog,x,y
19503,9183748,CASS,AMSTERDAM,2015-02-12,12,2,2015,13,5,4,9,,4,0,,1,1,1,30,4,2,2,5,0,0,0,0,true,,true,false,true,false,false,,,,,,false,false,false,,,false,false,false,false,false,-83.0724,42.36607,"{
  ""coordinates"": [
    -8.307240392100000e+01,
    4.236606838700000e+01
  ],
  ""type"": ""Point""
}","{
  ""coordinates"": [
    -83.072403921,
    42.366068387
  ],
  ""type"": ""Point""
}",-83.072403921,42.366068387
19504,9188427,S/B I-75,SCHAEFER,2015-02-12,12,2,2015,5,5,1,1,,1,1,,1,1,4,70,4,1,1,5,0,0,0,0,true,,false,false,false,false,false,,,,,,false,false,false,,,false,false,false,false,false,-83.15511,42.27774,"{
  ""coordinates"": [
    -8.315510936999991e+01,
    4.227773947900000e+01
  ],
  ""type"": ""Point""
}","{
  ""coordinates"": [
    -83.15510937,
    42.277739479
  ],
  ""type"": ""Point""
}",-83.1551093699999,42.277739479
19505,9194358,CASS,HENRY,2015-02-12,12,2,2015,14,5,97,9,,4,0,,1,1,1,35,2,2,3,5,0,0,0,0,true,,false,false,false,false,false,,,,,,false,false,false,,,false,false,false,false,false,-83.05705,42.33912,"{
  ""coordinates"": [
    -8.305705559400000e+01,
    4.233912308100000e+01
  ],
  ""type"": ""Point""
}","{
  ""coordinates"": [
    -83.057055594,
    42.339123081
  ],
  ""type"": ""Point""
}",-83.057055594,42.339123081
19506,9188406,I-75,DAVISON,2015-02-12,12,2,2015,19,5,5,1,,1,0,,1,1,4,70,4,2,2,5,0,0,0,0,true,,false,false,true,false,false,,,,,,false,false,false,,,false,false,false,false,false,-83.07874,42.40818,"{
  ""coordinates"": [
    -8.307874036399990e+01,
    4.240818064400000e+01
  ],
  ""type"": ""Point""
}","{
  ""coordinates"": [
    -83.078740364,
    42.408180644
  ],
  ""type"": ""Point""
}",-83.0787403639999,42.408180644
19507,9187421,S M 39,I 96 SERVICE DRIVE,2015-02-12,12,2,2015,17,5,5,3,,1,0,,1,1,1,55,3,2,2,5,0,0,0,0,true,,false,false,false,false,false,,,,,,false,false,false,,,false,false,false,false,false,-83.21703,42.37796,"{
  ""coordinates"": [
    -8.321703151700000e+01,
    4.237795451000010e+01
  ],
  ""type"": ""Point""
}","{
  ""coordinates"": [
    -83.217031517,
    42.37795451
  ],
  ""type"": ""Point""
}",-83.217031517,42.3779545100001
19508,9188559,RAMP 133B,E I 96,2015-02-12,12,2,2015,10,5,5,1,,1,0,,2,1,1,0,1,2,2,5,0,0,0,0,true,,false,false,false,false,false,,,,,,false,false,false,,,false,false,false,false,false,-83.27184,42.38533,"{
  ""coordinates"": [
    -8.327183625100000e+01,
    4.238532448800000e+01
  ],
  ""type"": ""Point""
}","{
  ""coordinates"": [
    -83.271836251,
    42.385324488
  ],
  ""type"": ""Point""
}",-83.271836251,42.385324488
19509,9188673,ANTHONY WAYNE,WARREN,2015-02-12,12,2,2015,16,5,8,9,,4,0,,1,1,1,25,6,2,2,5,0,0,0,0,true,,false,false,false,false,false,,,,,,false,false,true,,,false,false,false,false,false,-83.0714,42.35459,"{
  ""coordinates"": [
    -8.307139837400000e+01,
    4.235459047000010e+01
  ],
  ""type"": ""Point""
}","{
  ""coordinates"": [
    -83.071398374,
    42.35459047
  ],
  ""type"": ""Point""
}",-83.071398374,42.3545904700001
19510,9188664,SAINTE ANNE,BAGLEY,2015-02-12,12,2,2015,20,5,9,9,,,2,,1,5,4,20,3,2,0,5,0,0,0,0,true,,false,false,true,false,false,,,,,,false,false,true,,,false,false,false,false,false,-83.07956,42.3251,"{
  ""coordinates"": [
    -8.307956161100000e+01,
    4.232509675100000e+01
  ],
  ""type"": ""Point""
}","{
  ""coordinates"": [
    -83.079561611,
    42.325096751
  ],
  ""type"": ""Point""
}",-83.079561611,42.325096751
19511,9190147,7 MILE,OUTER,2015-02-12,12,2,2015,10,5,1,9,,2,0,,3,1,1,35,2,1,1,5,0,0,0,0,true,,false,false,false,false,false,,,,,,false,false,false,,,false,false,false,false,false,-83.17547,42.43117,"{
  ""coordinates"": [
    -8.317547108199990e+01,
    4.243116892000010e+01
  ],
  ""type"": ""Point""
}","{
  ""coordinates"": [
    -83.175471082,
    42.43116892
  ],
  ""type"": ""Point""
}",-83.1754710819999,42.4311689200001
19512,9194318,TERRY,PLYMOUTH,2015-02-12,12,2,2015,8,5,8,9,,,0,,4,1,2,25,1,2,0,5,0,0,0,0,true,,false,false,true,false,false,,,,,,false,false,false,,,false,false,false,false,false,-83.19101,42.3728,"{
  ""coordinates"": [
    -8.319100575100001e+01,
    4.237280394900010e+01
  ],
  ""type"": ""Point""
}","{
  ""coordinates"": [
    -83.191005751,
    42.372803949
  ],
  ""type"": ""Point""
}",-83.191005751,42.3728039490001
19513,9183801,MONTE VISTA,CHIPPEWA,2015-02-12,12,2,2015,3,5,97,9,,,0,,4,2,2,25,2,2,0,4,0,0,0,1,false,,false,false,true,false,false,,,,,,true,false,false,,,false,false,false,false,false,-83.16889,42.44079,"{
  ""coordinates"": [
    -8.316889128000000e+01,
    4.244078701800000e+01
  ],
  ""type"": ""Point""
}","{
  ""coordinates"": [
    -83.16889128,
    42.440787018
  ],
  ""type"": ""Point""
}",-83.16889128,42.440787018
19514,9194401,FENKELL,WINTHROP,2015-02-12,12,2,2015,23,5,97,9,,2,0,,1,1,4,30,7,2,0,4,0,0,0,1,false,,false,false,true,false,false,,,,,,true,false,false,,,false,false,false,false,false,-83.20034,42.40147,"{
  ""coordinates"": [
    -8.320033806200000e+01,
    4.240146943100010e+01
  ],
  ""type"": ""Point""
}","{
  ""coordinates"": [
    -83.200338062,
    42.401469431
  ],
  ""type"": ""Point""
}",-83.200338062,42.4014694310001
19515,9185179,GREENVIEW,OUTER,2015-02-12,12,2,2015,19,5,4,9,,,0,,2,2,1,35,2,2,2,5,0,0,0,0,true,,false,false,false,false,false,,,,,,false,false,false,,,false,false,false,false,false,-83.22489,42.41895,"{
  ""coordinates"": [
    -8.322489032899990e+01,
    4.241895109000010e+01
  ],
  ""type"": ""Point""
}","{
  ""coordinates"": [
    -83.224890329,
    42.41895109
  ],
  ""type"": ""Point""
}",-83.2248903289999,42.4189510900001
19516,9221085,GRATIOT,CHENE,2015-02-12,12,2,2015,15,5,5,3,,1,0,,1,1,1,35,7,2,3,5,0,0,0,0,true,,false,false,false,false,false,,,,,,false,false,false,,,false,false,false,false,false,-83.03197,42.35258,"{
  ""coordinates"": [
    -8.303197831700000e+01,
    4.235258109300000e+01
  ],
  ""type"": ""Point""
}","{
  ""coordinates"": [
    -83.031978317,
    42.352581093
  ],
  ""type"": ""Point""
}",-83.031978317,42.352581093
19517,9187407,S M 39,JOY,2015-02-12,12,2,2015,7,5,1,3,,1,1,,3,2,4,55,3,1,1,5,0,0,0,0,true,,false,false,false,false,false,,,,,,false,false,true,,,false,false,false,false,false,-83.21657,42.35771,"{
  ""coordinates"": [
    -8.321656780200000e+01,
    4.235771258800000e+01
  ],
  ""type"": ""Point""
}","{
  ""coordinates"": [
    -83.216567802,
    42.357712588
  ],
  ""type"": ""Point""
}",-83.216567802,42.357712588
19518,9200239,NORTHLAWN,MCNICHOLS,2015-02-12,12,2,2015,9,5,97,9,,,0,,3,2,1,25,3,2,1,5,0,0,0,0,true,,false,false,false,false,false,,,,,,false,false,false,,,false,false,false,false,false,-83.15358,42.41705,"{
  ""coordinates"": [
    -8.315358158799999e+01,
    4.241705437700010e+01
  ],
  ""type"": ""Point""
}","{
  ""coordinates"": [
    -83.153581588,
    42.417054377
  ],
  ""type"": ""Point""
}",-83.153581588,42.4170543770001
19519,9183773,WOODWARD,HARPER,2015-02-12,12,2,2015,13,5,5,3,,1,0,,1,1,1,25,2,2,2,5,0,0,0,0,true,,false,false,false,false,false,,,,,,false,false,false,,,false,false,false,false,false,-83.06986,42.36505,"{
  ""coordinates"": [
    -8.306986386700000e+01,
    4.236504822400010e+01
  ],
  ""type"": ""Point""
}","{
  ""coordinates"": [
    -83.069863867,
    42.365048224
  ],
  ""type"": ""Point""
}",-83.069863867,42.3650482240001
19520,9186457,ST MARYS,PICKFORD,2015-02-12,12,2,2015,7,5,5,9,,,0,,3,2,1,15,4,2,1,5,0,0,0,0,true,,false,false,true,false,false,,,,,,false,false,false,,,false,false,false,false,false,-83.2072,42.42484,"{
  ""coordinates"": [
    -8.320720152699990e+01,
    4.242484270700000e+01
  ],
  ""type"": ""Point""
}","{
  ""coordinates"": [
    -83.207201527,
    42.424842707
  ],
  ""type"": ""Point""
}",-83.2072015269999,42.424842707
19521,9183805,COYLE,PEMBROKE,2015-02-12,12,2,2015,18,5,97,9,,,0,,3,98,98,25,2,2,0,5,0,0,0,0,true,,false,false,true,false,false,,,,,,false,false,false,,,false,false,false,false,false,-83.19527,42.43759,"{
  ""coordinates"": [
    -8.319527674499990e+01,
    4.243758637200010e+01
  ],
  ""type"": ""Point""
}","{
  ""coordinates"": [
    -83.195276745,
    42.437586372
  ],
  ""type"": ""Point""
}",-83.1952767449999,42.4375863720001
19522,9183786,GRATIOT,SAINT AUBIN,2015-02-12,12,2,2015,10,5,4,3,,1,0,,1,1,1,30,7,2,4,5,0,0,0,0,true,,false,false,false,false,false,,,,,,false,false,true,,,false,false,false,false,false,-83.0343,42.34928,"{
  ""coordinates"": [
    -8.303430044299991e+01,
    4.234928006200000e+01
  ],
  ""type"": ""Point""
}","{
  ""coordinates"": [
    -83.034300443,
    42.349280062
  ],
  ""type"": ""Point""
}",-83.0343004429999,42.349280062
19523,9187417,I 75,OUTER,2015-02-12,12,2,2015,6,5,1,1,,1,1,,1,2,4,70,3,1,1,5,0,0,0,0,true,,false,false,false,false,false,,,,,,false,true,false,,,false,false,false,false,false,-83.0948,42.43614,"{
  ""coordinates"": [
    -8.309479362199990e+01,
    4.243613802000000e+01
  ],
  ""type"": ""Point""
}","{
  ""coordinates"": [
    -83.094793622,
    42.43613802
  ],
  ""type"": ""Point""
}",-83.0947936219999,42.43613802
19524,9186379,FORT,8TH,2015-02-12,12,2,2015,10,5,8,3,,1,0,,1,1,4,30,7,2,0,5,0,0,0,0,true,,false,false,true,false,false,,,,,,false,false,false,,,false,false,false,false,false,-83.06039,42.32511,"{
  ""coordinates"": [
    -8.306038542499989e+01,
    4.232510633900010e+01
  ],
  ""type"": ""Point""
}","{
  ""coordinates"": [
    -83.060385425,
    42.325106339
  ],
  ""type"": ""Point""
}",-83.0603854249999,42.3251063390001
19525,9183744,BATES,CONGRESS,2015-02-12,12,2,2015,16,5,1,9,,4,0,,4,1,1,35,3,1,1,5,0,0,0,0,true,,false,false,false,false,false,,,,,,false,false,false,,,false,false,false,false,false,-83.0446,42.33072,"{
  ""coordinates"": [
    -8.304460128300001e+01,
    4.233071739400000e+01
  ],
  ""type"": ""Point""
}","{
  ""coordinates"": [
    -83.044601283,
    42.330717394
  ],
  ""type"": ""Point""
}",-83.044601283,42.330717394
19526,9188419,N I 75,NEVADA,2015-02-12,12,2,2015,18,5,5,1,,1,0,,1,1,1,70,4,2,2,5,0,0,0,0,true,,false,false,false,false,false,,,,,,false,false,false,,,false,false,false,false,false,-83.09351,42.4254,"{
  ""coordinates"": [
    -8.309351594299990e+01,
    4.242540474300010e+01
  ],
  ""type"": ""Point""
}","{
  ""coordinates"": [
    -83.093515943,
    42.425404743
  ],
  ""type"": ""Point""
}",-83.0935159429999,42.4254047430001
19527,9200210,MORANG,WAYBURN,2015-02-12,12,2,2015,17,5,4,9,,4,0,,1,1,1,30,2,2,4,5,0,0,0,0,true,,false,false,true,false,false,,,,,,false,false,false,,,false,false,false,false,false,-82.94994,42.4261,"{
  ""coordinates"": [
    -8.294994630399999e+01,
    4.242610333700000e+01
  ],
  ""type"": ""Point""
}","{
  ""coordinates"": [
    -82.949946304,
    42.426103337
  ],
  ""type"": ""Point""
}",-82.949946304,42.426103337
19528,9185189,8 MILE,SOUTHFIELD SERVICE,2015-02-12,12,2,2015,19,5,5,3,,1,0,,1,1,4,45,4,2,2,5,0,0,0,0,true,,false,false,false,false,false,,,,,,false,false,false,,,false,false,false,false,false,-83.21958,42.44418,"{
  ""coordinates"": [
    -8.321957975899990e+01,
    4.244417626700000e+01
  ],
  ""type"": ""Point""
}","{
  ""coordinates"": [
    -83.219579759,
    42.444176267
  ],
  ""type"": ""Point""
}",-83.2195797589999,42.444176267
19529,9186399,JOY,GREENFIELD,2015-02-12,12,2,2015,8,5,97,9,,2,0,,1,1,1,30,2,2,15,5,0,0,0,0,true,,false,false,true,false,false,,,,,,false,false,false,,,false,false,false,false,false,-83.19699,42.35813,"{
  ""coordinates"": [
    -8.319698842799990e+01,
    4.235812750900000e+01
  ],
  ""type"": ""Point""
}","{
  ""coordinates"": [
    -83.196988428,
    42.358127509
  ],
  ""type"": ""Point""
}",-83.1969884279999,42.358127509
19530,9196595,MAPLEWOOD,IRONWOOD,2015-02-12,12,2,2015,20,5,2,9,,,2,,3,1,4,25,3,2,3,5,0,0,0,0,true,,false,false,false,true,false,,,,,,false,false,true,,,false,false,false,false,false,-83.12608,42.35968,"{
  ""coordinates"": [
    -8.312607371900000e+01,
    4.235967812700010e+01
  ],
  ""type"": ""Point""
}","{
  ""coordinates"": [
    -83.126073719,
    42.359678127
  ],
  ""type"": ""Point""
}",-83.126073719,42.3596781270001
19531,9185202,MANOR,NORFOLK,2015-02-12,12,2,2015,17,5,97,9,,,0,,1,1,1,25,2,2,1,5,0,0,0,0,true,,false,false,true,false,false,,,,,,false,false,false,,,false,false,false,true,false,-83.17006,42.44311,"{
  ""coordinates"": [
    -8.317005920799990e+01,
    4.244310939000010e+01
  ],
  ""type"": ""Point""
}","{
  ""coordinates"": [
    -83.170059208,
    42.44310939
  ],
  ""type"": ""Point""
}",-83.1700592079999,42.4431093900001
19532,9188613,LOTHROP,LAWTON,2015-02-12,12,2,2015,14,5,4,9,,,0,,1,1,1,25,2,2,2,5,0,0,0,0,true,,true,false,false,false,false,,,,,,false,false,true,,,false,false,false,false,false,-83.10358,42.36034,"{
  ""coordinates"": [
    -8.310357938500000e+01,
    4.236034254400000e+01
  ],
  ""type"": ""Point""
}","{
  ""coordinates"": [
    -83.103579385,
    42.360342544
  ],
  ""type"": ""Point""
}",-83.103579385,42.360342544
19533,9186497,OUTER,LUMPKIN,2015-02-12,12,2,2015,16,5,8,9,,2,0,,1,1,1,30,2,2,1,5,0,0,0,0,true,,false,false,true,false,false,,,,,,false,false,false,,,false,false,false,false,false,-83.08058,42.44024,"{
  ""coordinates"": [
    -8.308057969100000e+01,
    4.244023918800010e+01
  ],
  ""type"": ""Point""
}","{
  ""coordinates"": [
    -83.080579691,
    42.440239188
  ],
  ""type"": ""Point""
}",-83.080579691,42.4402391880001
19534,9190094,SPRINGWELLS,GARTNER,2015-02-12,12,2,2015,16,5,5,9,,4,0,,4,1,3,30,4,2,2,5,0,0,0,0,true,,false,false,true,false,false,,,,,,false,false,false,,,false,false,false,false,false,-83.12522,42.30868,"{
  ""coordinates"": [
    -8.312522205300000e+01,
    4.230867657900010e+01
  ],
  ""type"": ""Point""
}","{
  ""coordinates"": [
    -83.125222053,
    42.308676579
  ],
  ""type"": ""Point""
}",-83.125222053,42.3086765790001
19535,9381386,W I 94,219D,2015-02-12,12,2,2015,16,5,8,1,,1,0,,1,1,1,55,3,2,2,3,0,0,1,0,false,,false,false,false,false,false,,,,,,false,false,true,,,false,false,false,false,false,-83.00981,42.39036,"{
  ""coordinates"": [
    -8.300980942699989e+01,
    4.239036232800000e+01
  ],
  ""type"": ""Point""
}","{
  ""coordinates"": [
    -83.009809427,
    42.390362328
  ],
  ""type"": ""Point""
}",-83.0098094269999,42.390362328
19536,9187398,M-39,GRAND RIVER,2015-02-12,12,2,2015,7,5,5,3,,1,0,,1,1,2,55,3,2,2,5,0,0,0,0,true,,false,false,false,false,false,,,,,,false,false,false,,,false,false,false,false,false,-83.21822,42.39712,"{
  ""coordinates"": [
    -8.321822721800000e+01,
    4.239712219000010e+01
  ],
  ""type"": ""Point""
}","{
  ""coordinates"": [
    -83.218227218,
    42.39712219
  ],
  ""type"": ""Point""
}",-83.218227218,42.3971221900001
19537,9233115,RAMP 216G,W I 94,2015-02-12,12,2,2015,17,5,8,1,,1,0,,1,1,1,55,2,2,2,5,0,0,0,0,true,,false,false,false,false,false,,,,,,false,false,false,,,false,false,false,false,false,-83.05479,42.37083,"{
  ""coordinates"": [
    -8.305478313200000e+01,
    4.237082680700010e+01
  ],
  ""type"": ""Point""
}","{
  ""coordinates"": [
    -83.054783132,
    42.370826807
  ],
  ""type"": ""Point""
}",-83.054783132,42.3708268070001
19538,9183787,CHENE,PIERCE,2015-02-12,12,2,2015,16,5,97,9,,4,0,,1,1,1,30,2,2,3,5,0,0,0,0,true,,false,false,false,false,false,,,,,,false,false,false,,,false,false,false,false,false,-83.03341,42.35457,"{
  ""coordinates"": [
    -8.303341190700000e+01,
    4.235457075000010e+01
  ],
  ""type"": ""Point""
}","{
  ""coordinates"": [
    -83.033411907,
    42.35457075
  ],
  ""type"": ""Point""
}",-83.033411907,42.3545707500001
19539,9188674,TRUMBULL,FOREST,2015-02-12,12,2,2015,19,5,3,9,,4,0,,1,1,4,25,8,2,3,5,0,0,0,0,true,,false,false,false,false,false,,,,,,false,false,true,,,false,false,false,false,false,-83.07748,42.34993,"{
  ""coordinates"": [
    -8.307747481900000e+01,
    4.234992830900010e+01
  ],
  ""type"": ""Point""
}","{
  ""coordinates"": [
    -83.077474819,
    42.349928309
  ],
  ""type"": ""Point""
}",-83.077474819,42.3499283090001
19540,9186503,OUTER,DEAN,2015-02-12,12,2,2015,17,5,4,9,,2,0,,1,1,1,30,2,2,7,5,0,0,0,0,true,,false,false,false,false,false,,,,,,false,false,false,,,false,false,false,false,false,-83.06252,42.44056,"{
  ""coordinates"": [
    -8.306251517500000e+01,
    4.244055433700000e+01
  ],
  ""type"": ""Point""
}","{
  ""coordinates"": [
    -83.062515175,
    42.440554337
  ],
  ""type"": ""Point""
}",-83.062515175,42.440554337
19541,9183767,CASS,HENRY,2015-02-12,12,2,2015,14,5,9,9,,4,0,,1,1,1,30,8,2,2,5,0,0,0,0,true,,false,false,false,false,false,,,,,,false,false,false,,,false,false,false,false,false,-83.05704,42.3391,"{
  ""coordinates"": [
    -8.305704001700001e+01,
    4.233909632600010e+01
  ],
  ""type"": ""Point""
}","{
  ""coordinates"": [
    -83.057040017,
    42.339096326
  ],
  ""type"": ""Point""
}",-83.057040017,42.3390963260001
19542,9183647,I94,CENTRAL,2015-02-12,12,2,2015,18,5,97,1,,1,0,,1,1,3,55,3,3,4,5,0,0,0,0,true,,false,false,false,false,false,,,,,,false,false,true,,,false,false,false,false,false,-83.14222,42.33167,"{
  ""coordinates"": [
    -8.314221925600000e+01,
    4.233167275600000e+01
  ],
  ""type"": ""Point""
}","{
  ""coordinates"": [
    -83.142219256,
    42.331672756
  ],
  ""type"": ""Point""
}",-83.142219256,42.331672756
19543,9233101,ROHNS,BESSEMORE,2015-02-12,12,2,2015,11,5,4,9,,,0,,3,1,1,25,2,2,2,4,0,0,0,1,false,,true,false,false,false,false,,,,,,false,false,false,,,false,false,false,false,false,-83.01366,42.39359,"{
  ""coordinates"": [
    -8.301365953500000e+01,
    4.239358822500000e+01
  ],
  ""type"": ""Point""
}","{
  ""coordinates"": [
    -83.013659535,
    42.393588225
  ],
  ""type"": ""Point""
}",-83.013659535,42.393588225
19544,9193988,M10,ELMHURST,2015-02-12,12,2,2015,9,5,5,9,,,0,,1,1,1,5,3,2,2,5,0,0,0,0,true,,false,false,false,false,false,,,,,,false,false,true,,,false,false,false,false,false,-83.10475,42.39076,"{
  ""coordinates"": [
    -8.310474989900000e+01,
    4.239076297600010e+01
  ],
  ""type"": ""Point""
}","{
  ""coordinates"": [
    -83.104749899,
    42.390762976
  ],
  ""type"": ""Point""
}",-83.104749899,42.3907629760001
19545,9185174,GRAND,JEFFERSON,2015-02-12,12,2,2015,14,5,97,3,,1,0,,3,1,1,30,4,2,2,5,0,0,0,0,true,,false,false,false,false,false,,,,,,false,false,true,,,false,false,false,false,false,-83.06712,42.33974,"{
  ""coordinates"": [
    -8.306712181899999e+01,
    4.233973535100010e+01
  ],
  ""type"": ""Point""
}","{
  ""coordinates"": [
    -83.067121819,
    42.339735351
  ],
  ""type"": ""Point""
}",-83.067121819,42.3397353510001
19546,9194372,EVERGREEN,GRANDRIVER,2015-02-12,12,2,2015,19,5,2,3,,4,2,,1,1,4,30,5,2,5,5,0,0,0,0,true,,false,false,true,false,false,,,,,,false,false,false,,,false,false,false,false,false,-83.23778,42.40851,"{
  ""coordinates"": [
    -8.323778098100000e+01,
    4.240850930500010e+01
  ],
  ""type"": ""Point""
}","{
  ""coordinates"": [
    -83.237780981,
    42.408509305
  ],
  ""type"": ""Point""
}",-83.237780981,42.4085093050001
19547,9186364,JEFFERSON,WOODWARD,2015-02-12,12,2,2015,17,5,5,3,,5,0,,1,1,1,25,3,2,2,5,0,0,0,0,true,,false,false,false,false,false,,,,,,false,false,false,,,false,false,false,false,false,-83.04483,42.32872,"{
  ""coordinates"": [
    -8.304482828000000e+01,
    4.232871887100000e+01
  ],
  ""type"": ""Point""
}","{
  ""coordinates"": [
    -83.04482828,
    42.328718871
  ],
  ""type"": ""Point""
}",-83.04482828,42.328718871
19548,9187439,RAMP 216F,RAMP 216E,2015-02-12,12,2,2015,15,5,5,1,,1,0,,1,1,1,35,2,2,2,5,0,0,0,0,true,,false,false,false,false,false,,,,,,false,false,true,,,false,false,false,false,false,-83.05702,42.36743,"{
  ""coordinates"": [
    -8.305702363800000e+01,
    4.236742709500000e+01
  ],
  ""type"": ""Point""
}","{
  ""coordinates"": [
    -83.057023638,
    42.367427095
  ],
  ""type"": ""Point""
}",-83.057023638,42.367427095
19549,9191708,7 MILE,BLACKMOOR,2015-02-12,12,2,2015,18,5,4,9,,4,0,,1,1,4,30,3,2,1,5,0,0,0,0,true,,false,false,true,false,false,,,,,,false,false,false,,,false,false,false,false,false,-83.01328,42.4342,"{
  ""coordinates"": [
    -8.301328536900000e+01,
    4.243419936100000e+01
  ],
  ""type"": ""Point""
}","{
  ""coordinates"": [
    -83.013285369,
    42.434199361
  ],
  ""type"": ""Point""
}",-83.013285369,42.434199361
19550,9186446,EVERGREEN,ORANGELAWN,2015-02-12,12,2,2015,8,5,4,9,,4,0,,1,1,1,30,2,2,4,4,0,0,0,1,false,,true,false,false,false,false,,,,,,false,false,true,,,false,false,false,false,false,-83.23611,42.36712,"{
  ""coordinates"": [
    -8.323610407900000e+01,
    4.236712441900000e+01
  ],
  ""type"": ""Point""
}","{
  ""coordinates"": [
    -83.236104079,
    42.367124419
  ],
  ""type"": ""Point""
}",-83.236104079,42.367124419
19551,9186470,BRADFORD,LAPPIN,2015-02-12,12,2,2015,9,5,9,9,,,0,,3,1,1,25,1,2,3,5,0,0,0,0,true,,false,false,false,false,false,,,,,,false,false,false,,,false,false,false,false,false,-83.00108,42.43634,"{
  ""coordinates"": [
    -8.300107886000001e+01,
    4.243633859100000e+01
  ],
  ""type"": ""Point""
}","{
  ""coordinates"": [
    -83.00107886,
    42.436338591
  ],
  ""type"": ""Point""
}",-83.00107886,42.436338591
19552,9193987,S M 39,JOY,2015-02-12,12,2,2015,6,5,8,3,,1,0,,1,1,4,55,3,2,5,5,0,0,0,0,true,,false,false,false,false,false,,,,,,false,false,false,,,false,false,false,false,false,-83.21657,42.35771,"{
  ""coordinates"": [
    -8.321656780200000e+01,
    4.235771258800000e+01
  ],
  ""type"": ""Point""
}","{
  ""coordinates"": [
    -83.216567802,
    42.357712588
  ],
  ""type"": ""Point""
}",-83.216567802,42.357712588
19553,9187589,FALCON,LAWNDALE,2015-02-12,12,2,2015,8,5,5,9,,,0,,3,1,1,25,1,2,4,5,0,0,0,0,true,,false,false,false,false,false,,,,,,false,false,false,,,false,false,false,false,false,-83.13012,42.30392,"{
  ""coordinates"": [
    -8.313011681899999e+01,
    4.230392404900000e+01
  ],
  ""type"": ""Point""
}","{
  ""coordinates"": [
    -83.130116819,
    42.303924049
  ],
  ""type"": ""Point""
}",-83.130116819,42.303924049
19554,9187390,I-94,MALCOM,2015-02-11,11,2,2015,10,4,5,9,,,0,,1,2,1,55,3,2,2,4,0,0,0,1,false,,false,false,false,false,false,,,,,,false,false,false,,,false,false,false,false,false,-82.98615,42.39706,"{
  ""coordinates"": [
    -8.298614289400000e+01,
    4.239706491200010e+01
  ],
  ""type"": ""Point""
}","{
  ""coordinates"": [
    -82.986142894,
    42.397064912
  ],
  ""type"": ""Point""
}",-82.986142894,42.3970649120001
19555,9188431,I-75,VERNOR,2015-02-11,11,2,2015,8,4,8,1,,1,0,,1,2,1,70,3,2,1,5,0,0,0,0,true,,false,false,true,false,false,,,,,,false,false,false,,,false,false,false,false,false,-83.08537,42.32772,"{
  ""coordinates"": [
    -8.308536663400000e+01,
    4.232772518100010e+01
  ],
  ""type"": ""Point""
}","{
  ""coordinates"": [
    -83.085366634,
    42.327725181
  ],
  ""type"": ""Point""
}",-83.085366634,42.3277251810001
19556,9194315,SUSSEX,GRAND RIVER,2015-02-11,11,2,2015,18,4,9,3,,,0,,3,1,4,25,3,2,2,5,0,0,0,0,true,,false,false,true,false,false,,,,,,false,false,false,,,false,false,false,false,false,-83.19458,42.39133,"{
  ""coordinates"": [
    -8.319457962599991e+01,
    4.239133154000010e+01
  ],
  ""type"": ""Point""
}","{
  ""coordinates"": [
    -83.194579626,
    42.39133154
  ],
  ""type"": ""Point""
}",-83.1945796259999,42.3913315400001
19557,9187405,W I 94,ADDISON,2015-02-11,11,2,2015,14,4,8,1,,1,0,,2,5,1,55,3,2,5,5,0,0,0,0,true,,false,false,false,false,false,,,,,,false,false,true,,,false,false,false,false,false,-83.1525,42.32983,"{
  ""coordinates"": [
    -8.315250410499991e+01,
    4.232983251300000e+01
  ],
  ""type"": ""Point""
}","{
  ""coordinates"": [
    -83.152504105,
    42.329832513
  ],
  ""type"": ""Point""
}",-83.1525041049999,42.329832513
19558,9205362,BISHOP,SOUTHAMPTON,2015-02-11,11,2,2015,15,4,4,9,,,0,,3,1,1,25,1,2,3,5,0,0,0,0,true,,false,false,true,false,false,,,,,,false,false,false,,,false,false,false,false,false,-82.93529,42.40821,"{
  ""coordinates"": [
    -8.293528411200001e+01,
    4.240821021100000e+01
  ],
  ""type"": ""Point""
}","{
  ""coordinates"": [
    -82.935284112,
    42.408210211
  ],
  ""type"": ""Point""
}",-82.935284112,42.408210211
19559,9185190,LYNDON,ABINGTON,2015-02-11,11,2,2015,15,4,7,9,,,0,,4,1,1,25,2,2,2,5,0,0,0,0,true,,false,false,false,false,false,,,,,,false,false,false,,,false,false,false,false,false,-83.21229,42.394,"{
  ""coordinates"": [
    -8.321228898399990e+01,
    4.239400577000000e+01
  ],
  ""type"": ""Point""
}","{
  ""coordinates"": [
    -83.212288984,
    42.39400577
  ],
  ""type"": ""Point""
}",-83.2122889839999,42.39400577