ObjectId,Crash ID,Primary Road,Intersecting Road,Crash Date,Day,Month,Year,Hour,Weekday,Crash Type Code,Highway Classification Code,Community Code,Jurisdiction Code,Lane Departure Type Code,Surface Type,Road Condition,Weather Condition,Lighting Condition,Speed Limit,Lanes,Units,Occupants,Most Severe Injury,Fatal Injuries,Suspected Serious Injuries,Suspected Minor Injuries,Possible Injuries,Property Damage Only,Secondary Crash,Traffic Control,Red Light Run,Hit and Run,Alcohol,Drugs,Unbelted Person,Work Zone,Speeding Driver,Distracted Driver,Driveway,Pedestrian,Elderly Driver,Young Driver,Commercial Vehicle,Emergency Vehicles,Train,School Bus,Motorcycle,Bicycle,Deer,Longitude,Latitude,geom,geog,x,y
19617,9187579,LONYO,JOHN KRONK,2015-02-10,10,2,2015,12,3,97,9,,4,1,,3,1,1,25,2,1,1,5,0,0,0,0,true,,false,false,false,false,false,,,,,,false,false,true,,,false,false,false,false,false,-83.13731,42.32063,"{
  ""coordinates"": [
    -8.313730470699990e+01,
    4.232062607200000e+01
  ],
  ""type"": ""Point""
}","{
  ""coordinates"": [
    -83.137304707,
    42.320626072
  ],
  ""type"": ""Point""
}",-83.1373047069999,42.320626072
19618,9186374,WASHINGTON,FORT,2015-02-10,10,2,2015,13,3,4,3,,4,0,,1,1,1,30,3,2,2,5,0,0,0,0,true,,true,true,false,false,false,,,,,,false,false,false,,,false,false,false,false,false,-83.04985,42.32969,"{
  ""coordinates"": [
    -8.304984872900000e+01,
    4.232969058900010e+01
  ],
  ""type"": ""Point""
}","{
  ""coordinates"": [
    -83.049848729,
    42.329690589
  ],
  ""type"": ""Point""
}",-83.049848729,42.3296905890001
19619,9194314,BILTMORE,CAMBRIDGE,2015-02-10,10,2,2015,21,3,5,9,,,0,,1,1,4,35,3,2,1,5,0,0,0,0,true,,false,false,true,false,false,,,,,,false,false,true,,,false,false,false,false,false,-83.21184,42.43209,"{
  ""coordinates"": [
    -8.321184082699990e+01,
    4.243209490500000e+01
  ],
  ""type"": ""Point""
}","{
  ""coordinates"": [
    -83.211840827,
    42.432094905
  ],
  ""type"": ""Point""
}",-83.2118408269999,42.432094905
19620,9182652,CAYON,LAFONTAY,2015-02-10,10,2,2015,16,3,4,9,,,0,,1,1,1,30,8,2,1,5,0,0,0,0,true,,false,false,false,false,false,,,,,,false,false,false,,,false,false,false,false,false,-82.91739,42.41459,"{
  ""coordinates"": [
    -8.291739142900001e+01,
    4.241459378100010e+01
  ],
  ""type"": ""Point""
}","{
  ""coordinates"": [
    -82.917391429,
    42.414593781
  ],
  ""type"": ""Point""
}",-82.917391429,42.4145937810001
19621,9186492,DEQUINDRE,MCNICHOLS,2015-02-10,10,2,2015,0,3,5,9,,4,0,,3,2,1,0,2,2,3,5,0,0,0,0,true,,false,false,false,false,false,,,,,,false,false,false,,,false,false,false,false,false,-83.08224,42.41839,"{
  ""coordinates"": [
    -8.308223933700000e+01,
    4.241838724200010e+01
  ],
  ""type"": ""Point""
}","{
  ""coordinates"": [
    -83.082239337,
    42.418387242
  ],
  ""type"": ""Point""
}",-83.082239337,42.4183872420001
19622,9185141,JOY,HARTWELL,2015-02-10,10,2,2015,14,3,7,9,,4,0,,1,1,1,30,4,2,2,5,0,0,0,0,true,,false,false,false,false,false,,,,,,false,false,false,,,false,false,false,false,false,-83.17632,42.35857,"{
  ""coordinates"": [
    -8.317632024300001e+01,
    4.235857058100000e+01
  ],
  ""type"": ""Point""
}","{
  ""coordinates"": [
    -83.176320243,
    42.358570581
  ],
  ""type"": ""Point""
}",-83.176320243,42.358570581
19623,9196606,NORTHLAWN,EATON,2015-02-10,10,2,2015,20,3,4,9,,,0,,3,1,5,25,4,2,2,5,0,0,0,0,true,,true,false,false,false,false,,,,,,false,false,false,,,false,false,false,false,false,-83.15329,42.39802,"{
  ""coordinates"": [
    -8.315329087899990e+01,
    4.239802165000000e+01
  ],
  ""type"": ""Point""
}","{
  ""coordinates"": [
    -83.153290879,
    42.39802165
  ],
  ""type"": ""Point""
}",-83.1532908789999,42.39802165
19624,9181900,GRAND,BEAUBIEN,2015-02-10,10,2,2015,16,3,4,9,,4,0,,1,1,1,30,5,2,3,5,0,0,0,0,true,,false,false,false,false,false,,,,,,false,false,false,,,false,false,false,false,false,-83.06744,42.37234,"{
  ""coordinates"": [
    -8.306743513200000e+01,
    4.237233613600010e+01
  ],
  ""type"": ""Point""
}","{
  ""coordinates"": [
    -83.067435132,
    42.372336136
  ],
  ""type"": ""Point""
}",-83.067435132,42.3723361360001
19625,9183615,W/B I94,M10,2015-02-10,10,2,2015,15,3,8,1,,1,0,,1,2,1,55,3,2,3,5,0,0,0,0,true,,false,false,false,false,false,,,,,,false,false,false,,,false,false,false,false,false,-83.07822,42.35823,"{
  ""coordinates"": [
    -8.307821805299990e+01,
    4.235823203800000e+01
  ],
  ""type"": ""Point""
}","{
  ""coordinates"": [
    -83.078218053,
    42.358232038
  ],
  ""type"": ""Point""
}",-83.0782180529999,42.358232038
19626,9185153,FRENCH,CANFIELD,2015-02-10,10,2,2015,15,3,1,9,,4,0,,1,1,1,25,2,1,0,5,0,0,0,0,true,,false,false,true,false,false,,,,,,false,false,false,,,false,false,false,false,false,-82.98767,42.38065,"{
  ""coordinates"": [
    -8.298766743399990e+01,
    4.238065410100010e+01
  ],
  ""type"": ""Point""
}","{
  ""coordinates"": [
    -82.987667434,
    42.380654101
  ],
  ""type"": ""Point""
}",-82.9876674339999,42.3806541010001
19627,9185173,8 MILE,CHRYSLER,2015-02-10,10,2,2015,13,3,8,3,,1,0,,1,1,1,35,3,2,3,3,0,0,1,0,false,,true,true,true,false,false,,,,,,false,false,false,,,false,false,false,false,false,-83.09432,42.44681,"{
  ""coordinates"": [
    -8.309432454200000e+01,
    4.244681224900010e+01
  ],
  ""type"": ""Point""
}","{
  ""coordinates"": [
    -83.094324542,
    42.446812249
  ],
  ""type"": ""Point""
}",-83.094324542,42.4468122490001
19628,9199194,LONYO,KIRKWOOD,2015-02-10,10,2,2015,22,3,4,9,,4,0,,1,1,1,35,2,2,2,5,0,0,0,0,true,,true,false,false,false,false,,,,,,false,false,true,,,false,false,false,false,false,-83.14925,42.33702,"{
  ""coordinates"": [
    -8.314924884999991e+01,
    4.233702568200000e+01
  ],
  ""type"": ""Point""
}","{
  ""coordinates"": [
    -83.14924885,
    42.337025682
  ],
  ""type"": ""Point""
}",-83.1492488499999,42.337025682
19629,9183806,OUTER,THATCHER,2015-02-10,10,2,2015,10,3,4,9,,2,0,,3,1,1,25,4,2,2,5,0,0,0,0,true,,false,false,false,false,false,,,,,,false,false,true,,,false,false,false,false,false,-83.17504,42.42209,"{
  ""coordinates"": [
    -8.317504335900000e+01,
    4.242209234000010e+01
  ],
  ""type"": ""Point""
}","{
  ""coordinates"": [
    -83.175043359,
    42.42209234
  ],
  ""type"": ""Point""
}",-83.175043359,42.4220923400001
19630,9181899,S I 75 SERVICE DRIVE,WARREN,2015-02-10,10,2,2015,13,3,4,1,,4,0,,1,1,1,30,5,2,4,4,0,0,0,1,false,,false,false,false,false,false,,,,,,false,true,false,,,false,false,false,false,false,-83.05482,42.3605,"{
  ""coordinates"": [
    -8.305482222500000e+01,
    4.236049889800010e+01
  ],
  ""type"": ""Point""
}","{
  ""coordinates"": [
    -83.054822225,
    42.360498898
  ],
  ""type"": ""Point""
}",-83.054822225,42.3604988980001
19631,9183604,I-94,CONNER,2015-02-10,10,2,2015,16,3,5,1,,1,0,,1,1,1,55,3,3,3,5,0,0,0,0,true,,false,false,true,false,false,,,,,,false,false,true,,,false,false,false,false,false,-82.98906,42.39567,"{
  ""coordinates"": [
    -8.298906281500000e+01,
    4.239566743200000e+01
  ],
  ""type"": ""Point""
}","{
  ""coordinates"": [
    -82.989062815,
    42.395667432
  ],
  ""type"": ""Point""
}",-82.989062815,42.395667432
19632,9189849,I-75,CLARK,2015-02-10,10,2,2015,21,3,4,1,,1,0,,1,1,4,55,6,2,4,5,0,0,0,0,true,,false,false,true,false,false,,,,,,false,false,true,,,false,false,false,false,false,-83.08675,42.31535,"{
  ""coordinates"": [
    -8.308675216400000e+01,
    4.231534397700010e+01
  ],
  ""type"": ""Point""
}","{
  ""coordinates"": [
    -83.086752164,
    42.315343977
  ],
  ""type"": ""Point""
}",-83.086752164,42.3153439770001
19633,9183617,EB I-94,14TH,2015-02-10,10,2,2015,17,3,5,1,,1,0,,1,1,1,55,3,2,2,5,0,0,0,0,true,,false,false,false,false,false,,,,,,false,false,true,,,false,false,false,false,false,-83.08931,42.35318,"{
  ""coordinates"": [
    -8.308931344099990e+01,
    4.235318114500010e+01
  ],
  ""type"": ""Point""
}","{
  ""coordinates"": [
    -83.089313441,
    42.353181145
  ],
  ""type"": ""Point""
}",-83.0893134409999,42.3531811450001
19634,9212916,WARREN,WOODWARD,2015-02-10,10,2,2015,12,3,8,3,,4,0,,1,1,1,25,8,2,2,5,0,0,0,0,true,,false,false,true,false,false,,,,,,false,false,false,,,false,false,false,false,false,-83.06432,42.35677,"{
  ""coordinates"": [
    -8.306431483599989e+01,
    4.235677377600010e+01
  ],
  ""type"": ""Point""
}","{
  ""coordinates"": [
    -83.064314836,
    42.356773776
  ],
  ""type"": ""Point""
}",-83.0643148359999,42.3567737760001
19635,9182700,SORRENTO,MCNICHOLS,2015-02-10,10,2,2015,12,3,9,9,,,0,,3,1,5,25,2,2,2,5,0,0,0,0,true,,false,false,true,false,false,,,,,,false,false,false,,,false,false,false,false,false,-83.17323,42.41643,"{
  ""coordinates"": [
    -8.317322309199990e+01,
    4.241643039700010e+01
  ],
  ""type"": ""Point""
}","{
  ""coordinates"": [
    -83.173223092,
    42.416430397
  ],
  ""type"": ""Point""
}",-83.1732230919999,42.4164303970001
19636,9181891,CONGRESS,FIRST,2015-02-10,10,2,2015,7,3,4,3,,4,0,,1,1,1,35,3,2,2,5,0,0,0,0,true,,false,false,false,false,false,,,,,,false,false,true,,,false,false,false,false,false,-83.05141,42.32782,"{
  ""coordinates"": [
    -8.305140699499999e+01,
    4.232782192000010e+01
  ],
  ""type"": ""Point""
}","{
  ""coordinates"": [
    -83.051406995,
    42.32782192
  ],
  ""type"": ""Point""
}",-83.051406995,42.3278219200001
19637,9182627,I 75,SHAEFFER,2015-02-10,10,2,2015,9,3,8,1,,1,0,,1,2,1,70,3,2,2,5,0,0,0,0,true,,false,false,false,false,false,,,,,,false,false,false,,,false,false,false,false,false,-83.15595,42.27724,"{
  ""coordinates"": [
    -8.315594887899989e+01,
    4.227724605600010e+01
  ],
  ""type"": ""Point""
}","{
  ""coordinates"": [
    -83.155948879,
    42.277246056
  ],
  ""type"": ""Point""
}",-83.1559488789999,42.2772460560001
19638,9200188,CANYON,BERDEN,2015-02-10,10,2,2015,8,3,8,9,,,0,,4,1,1,10,3,2,1,5,0,0,0,0,true,,false,false,true,false,false,,,,,,false,false,false,,,false,false,false,false,false,-82.92179,42.41991,"{
  ""coordinates"": [
    -8.292179051600000e+01,
    4.241990993300000e+01
  ],
  ""type"": ""Point""
}","{
  ""coordinates"": [
    -82.921790516,
    42.419909933
  ],
  ""type"": ""Point""
}",-82.921790516,42.419909933
19639,9181894,GRAND,LODGE,2015-02-10,10,2,2015,8,3,8,9,,,0,,1,2,1,35,3,2,1,5,0,0,0,0,true,,false,false,true,false,false,,,,,,false,false,false,,,false,false,false,false,false,-83.11283,42.39845,"{
  ""coordinates"": [
    -8.311282848400000e+01,
    4.239845201100010e+01
  ],
  ""type"": ""Point""
}","{
  ""coordinates"": [
    -83.112828484,
    42.398452011
  ],
  ""type"": ""Point""
}",-83.112828484,42.3984520110001
19640,9182708,WYOMING,PICKFORD,2015-02-10,10,2,2015,18,3,4,9,,4,0,,1,1,4,30,2,2,2,5,0,0,0,0,true,,false,false,false,false,false,,,,,,false,false,true,,,false,false,false,false,false,-83.16077,42.42597,"{
  ""coordinates"": [
    -8.316077669200000e+01,
    4.242597097000000e+01
  ],
  ""type"": ""Point""
}","{
  ""coordinates"": [
    -83.160776692,
    42.42597097
  ],
  ""type"": ""Point""
}",-83.160776692,42.42597097
19641,9181889,PETERBORO,WOODWARD,2015-02-10,10,2,2015,16,3,97,3,,,0,,1,1,1,0,1,2,0,5,0,0,0,0,true,,false,false,true,false,false,,,,,,false,false,false,,,false,false,false,false,false,-83.05672,42.34533,"{
  ""coordinates"": [
    -8.305671670500000e+01,
    4.234533428600000e+01
  ],
  ""type"": ""Point""
}","{
  ""coordinates"": [
    -83.056716705,
    42.345334286
  ],
  ""type"": ""Point""
}",-83.056716705,42.345334286
19642,9186512,MANOR,SANTA CLARA,2015-02-10,10,2,2015,15,3,8,9,,,0,,4,2,1,25,2,2,3,5,0,0,0,0,true,,false,false,false,false,false,,,,,,false,true,false,,,false,true,false,false,false,-83.1692,42.41998,"{
  ""coordinates"": [
    -8.316920458800000e+01,
    4.241998163000010e+01
  ],
  ""type"": ""Point""
}","{
  ""coordinates"": [
    -83.169204588,
    42.41998163
  ],
  ""type"": ""Point""
}",-83.169204588,42.4199816300001
19643,9183628,I-94,M-10,2015-02-10,10,2,2015,15,3,5,1,,1,0,,1,1,1,55,3,2,3,5,0,0,0,0,true,,false,false,false,false,false,,,,,,false,true,false,,,false,false,false,false,false,-83.07822,42.35823,"{
  ""coordinates"": [
    -8.307821805299990e+01,
    4.235823203800000e+01
  ],
  ""type"": ""Point""
}","{
  ""coordinates"": [
    -83.078218053,
    42.358232038
  ],
  ""type"": ""Point""
}",-83.0782180529999,42.358232038
19644,9205340,W I 96 SERVICE DRIVE,SCHAEFER,2015-02-10,10,2,2015,19,3,5,1,,1,0,,1,1,4,35,2,2,3,5,0,0,0,0,true,,false,false,false,false,false,,,,,,false,false,false,,,false,false,false,false,false,-83.17838,42.38381,"{
  ""coordinates"": [
    -8.317837478599991e+01,
    4.238380837900010e+01
  ],
  ""type"": ""Point""
}","{
  ""coordinates"": [
    -83.178374786,
    42.383808379
  ],
  ""type"": ""Point""
}",-83.1783747859999,42.3838083790001
19645,9183605,I-75,FERRY,2015-02-10,10,2,2015,17,3,5,1,,1,0,,1,2,1,55,3,2,2,5,0,0,0,0,true,,false,false,false,false,false,,,,,,false,false,false,,,false,false,false,false,false,-83.05585,42.36389,"{
  ""coordinates"": [
    -8.305584491699990e+01,
    4.236388713300000e+01
  ],
  ""type"": ""Point""
}","{
  ""coordinates"": [
    -83.055844917,
    42.363887133
  ],
  ""type"": ""Point""
}",-83.0558449169999,42.363887133
19646,9189792,M-10,WYOMING,2015-02-10,10,2,2015,3,3,1,3,,1,1,,1,1,4,55,3,1,1,4,0,0,0,1,false,,false,false,true,false,false,,,,,,false,false,false,,,false,false,false,false,false,-83.16014,42.40528,"{
  ""coordinates"": [
    -8.316013879499999e+01,
    4.240528174100010e+01
  ],
  ""type"": ""Point""
}","{
  ""coordinates"": [
    -83.160138795,
    42.405281741
  ],
  ""type"": ""Point""
}",-83.160138795,42.4052817410001
19647,9186383,HUBBELL,MIDLAND,2015-02-10,10,2,2015,23,3,4,9,,4,0,,6,1,4,25,4,2,3,5,0,0,0,0,true,,true,true,false,false,false,,,,,,false,false,true,,,false,false,false,false,false,-83.18906,42.40544,"{
  ""coordinates"": [
    -8.318906546400000e+01,
    4.240544089100010e+01
  ],
  ""type"": ""Point""
}","{
  ""coordinates"": [
    -83.189065464,
    42.405440891
  ],
  ""type"": ""Point""
}",-83.189065464,42.4054408910001
19648,9182679,WARWICK,CAMBRIDGE,2015-02-10,10,2,2015,8,3,97,9,,,0,,4,2,3,25,2,2,2,5,0,0,0,0,true,,false,false,false,false,false,,,,,,false,false,false,,,false,false,false,false,false,-83.23019,42.43224,"{
  ""coordinates"": [
    -8.323018621599989e+01,
    4.243223689800000e+01
  ],
  ""type"": ""Point""
}","{
  ""coordinates"": [
    -83.230186216,
    42.432236898
  ],
  ""type"": ""Point""
}",-83.2301862159999,42.432236898
19649,9185006,W I 94,HARPER,2015-02-10,10,2,2015,5,3,5,1,,1,0,,2,2,4,55,3,2,1,4,0,0,0,1,false,,false,false,true,false,false,,,,,,false,false,false,,,false,false,false,false,false,-82.94779,42.40964,"{
  ""coordinates"": [
    -8.294779259599990e+01,
    4.240963679700010e+01
  ],
  ""type"": ""Point""
}","{
  ""coordinates"": [
    -82.947792596,
    42.409636797
  ],
  ""type"": ""Point""
}",-82.9477925959999,42.4096367970001
19650,9186491,HARPER,CADIEUX,2015-02-10,10,2,2015,9,3,5,9,,4,0,,1,2,1,0,2,2,1,5,0,0,0,0,true,,false,false,false,false,false,,,,,,false,true,false,,,false,false,false,false,false,-82.9367,42.41641,"{
  ""coordinates"": [
    -8.293669697099990e+01,
    4.241640709700000e+01
  ],
  ""type"": ""Point""
}","{
  ""coordinates"": [
    -82.936696971,
    42.416407097
  ],
  ""type"": ""Point""
}",-82.9366969709999,42.416407097
19651,9182682,AUBURN,WHITLOCK,2015-02-10,10,2,2015,21,3,4,9,,,0,,3,7,4,25,2,2,1,5,0,0,0,0,true,,false,false,false,false,false,,,,,,false,false,true,,,false,false,false,false,false,-83.23276,42.3395,"{
  ""coordinates"": [
    -8.323275414900000e+01,
    4.233949683800010e+01
  ],
  ""type"": ""Point""
}","{
  ""coordinates"": [
    -83.232754149,
    42.339496838
  ],
  ""type"": ""Point""
}",-83.232754149,42.3394968380001
19652,9181902,ELIJAH MCCOY,JOHN C LODGE SD,2015-02-10,10,2,2015,5,3,1,9,,4,1,,3,98,98,25,2,1,0,5,0,0,0,0,true,,false,false,false,false,false,,,,,,false,false,false,,,false,false,false,false,false,-83.08084,42.35955,"{
  ""coordinates"": [
    -8.308084481299990e+01,
    4.235955436200000e+01
  ],
  ""type"": ""Point""
}","{
  ""coordinates"": [
    -83.080844813,
    42.359554362
  ],
  ""type"": ""Point""
}",-83.0808448129999,42.359554362
19653,9205381,MOROSS,KELLY,2015-02-10,10,2,2015,13,3,1,9,,2,0,,1,1,1,30,4,2,4,5,0,0,0,0,true,,false,false,false,false,false,,,,,,true,false,false,,,false,false,false,false,false,-82.95292,42.43464,"{
  ""coordinates"": [
    -8.295291553000000e+01,
    4.243464213400010e+01
  ],
  ""type"": ""Point""
}","{
  ""coordinates"": [
    -82.95291553,
    42.434642134
  ],
  ""type"": ""Point""
}",-82.95291553,42.4346421340001
19654,9181897,7 MILE,JAMES COUZENS,2015-02-10,10,2,2015,16,3,5,9,,2,0,,1,1,1,30,8,2,2,5,0,0,0,0,true,,false,false,false,false,false,,,,,,false,false,true,,,false,false,false,false,false,-83.18738,42.43081,"{
  ""coordinates"": [
    -8.318737688100001e+01,
    4.243080904500000e+01
  ],
  ""type"": ""Point""
}","{
  ""coordinates"": [
    -83.187376881,
    42.430809045
  ],
  ""type"": ""Point""
}",-83.187376881,42.430809045
19655,9184994,S M 10,LIVERNOIS,2015-02-10,10,2,2015,9,3,5,3,,1,0,,1,1,1,55,3,2,3,5,0,0,0,0,true,,false,false,false,false,false,,,,,,false,false,false,,,false,false,false,false,false,-83.14095,42.4048,"{
  ""coordinates"": [
    -8.314094807500000e+01,
    4.240479775100000e+01
  ],
  ""type"": ""Point""
}","{
  ""coordinates"": [
    -83.140948075,
    42.404797751
  ],
  ""type"": ""Point""
}",-83.140948075,42.404797751
19656,9200182,MACK,ST JEAN,2015-02-10,10,2,2015,12,3,8,9,,4,0,,3,1,1,35,6,2,2,5,0,0,0,0,true,,false,false,true,false,false,,,,,,false,false,false,,,false,false,false,false,false,-82.97845,42.3792,"{
  ""coordinates"": [
    -8.297844882999991e+01,
    4.237920067900010e+01
  ],
  ""type"": ""Point""
}","{
  ""coordinates"": [
    -82.97844883,
    42.379200679
  ],
  ""type"": ""Point""
}",-82.9784488299999,42.3792006790001
19657,9185002,I-94,M-10,2015-02-10,10,2,2015,15,3,5,1,,1,0,,1,1,1,55,3,2,3,5,0,0,0,0,true,,false,false,true,false,false,,,,,,false,false,false,,,false,false,false,false,false,-83.07749,42.35872,"{
  ""coordinates"": [
    -8.307749454799990e+01,
    4.235872013100000e+01
  ],
  ""type"": ""Point""
}","{
  ""coordinates"": [
    -83.077494548,
    42.358720131
  ],
  ""type"": ""Point""
}",-83.0774945479999,42.358720131
19658,9187511,JEFFERSON,RIVARD,2015-02-10,10,2,2015,7,3,8,9,,4,0,,1,1,1,35,6,2,2,5,0,0,0,0,true,,false,false,false,false,false,,,,,,false,false,false,,,false,false,false,false,false,-83.03426,42.33324,"{
  ""coordinates"": [
    -8.303426249700000e+01,
    4.233324091500000e+01
  ],
  ""type"": ""Point""
}","{
  ""coordinates"": [
    -83.034262497,
    42.333240915
  ],
  ""type"": ""Point""
}",-83.034262497,42.333240915
19659,9183603,I-94,I-75,2015-02-10,10,2,2015,10,3,5,1,,1,0,,1,2,1,55,3,2,3,5,0,0,0,0,true,,false,false,false,false,false,,,,,,false,false,true,,,false,false,false,false,false,-83.05968,42.36772,"{
  ""coordinates"": [
    -8.305967360900000e+01,
    4.236771961100000e+01
  ],
  ""type"": ""Point""
}","{
  ""coordinates"": [
    -83.059673609,
    42.367719611
  ],
  ""type"": ""Point""
}",-83.059673609,42.367719611
19660,9182714,GRAND RIVER,REDFORD,2015-02-10,10,2,2015,20,3,8,3,,1,3,,1,1,4,35,7,2,2,5,0,0,0,0,true,,false,false,true,true,false,,,,,,false,false,false,,,false,false,false,false,false,-83.25853,42.41685,"{
  ""coordinates"": [
    -8.325852889899990e+01,
    4.241684629000010e+01
  ],
  ""type"": ""Point""
}","{
  ""coordinates"": [
    -83.258528899,
    42.41684629
  ],
  ""type"": ""Point""
}",-83.2585288989999,42.4168462900001
19661,9182728,SECOND,HANCOCK,2015-02-10,10,2,2015,20,3,97,9,,5,0,,1,1,4,25,4,2,2,4,0,0,0,1,false,,false,false,false,false,false,,,,,,false,false,true,,,false,false,false,false,false,-83.06823,42.3541,"{
  ""coordinates"": [
    -8.306822670199990e+01,
    4.235410438900000e+01
  ],
  ""type"": ""Point""
}","{
  ""coordinates"": [
    -83.068226702,
    42.354104389
  ],
  ""type"": ""Point""
}",-83.0682267019999,42.354104389
19662,9191728,GRATIOT,NOVARA,2015-02-10,10,2,2015,16,3,5,3,,1,0,,1,1,1,35,7,2,1,4,0,0,0,1,false,,true,false,false,false,false,,,,,,false,false,false,,,false,false,false,false,false,-82.9753,42.43869,"{
  ""coordinates"": [
    -8.297530291500000e+01,
    4.243869535200000e+01
  ],
  ""type"": ""Point""
}","{
  ""coordinates"": [
    -82.975302915,
    42.438695352
  ],
  ""type"": ""Point""
}",-82.975302915,42.438695352
19663,9196594,WYOMING,WESTPOINT,2015-02-10,10,2,2015,21,3,5,9,,4,0,,1,2,4,30,4,2,2,4,0,0,0,2,false,,false,false,true,false,false,,,,,,false,true,false,,,false,false,false,false,false,-83.15805,42.36211,"{
  ""coordinates"": [
    -8.315805027600000e+01,
    4.236210979600000e+01
  ],
  ""type"": ""Point""
}","{
  ""coordinates"": [
    -83.158050276,
    42.362109796
  ],
  ""type"": ""Point""
}",-83.158050276,42.362109796
19664,9181904,ROBSON,CAMBRIDGE,2015-02-10,10,2,2015,13,3,97,9,,,0,,1,1,1,25,2,2,1,5,0,0,0,0,true,,false,false,true,false,false,,,,,,false,false,false,,,false,false,false,false,false,-83.19366,42.43225,"{
  ""coordinates"": [
    -8.319366454399990e+01,
    4.243225526600000e+01
  ],
  ""type"": ""Point""
}","{
  ""coordinates"": [
    -83.193664544,
    42.432255266
  ],
  ""type"": ""Point""
}",-83.1936645439999,42.432255266
19665,9183797,GRAND,POE,2015-02-10,10,2,2015,13,3,8,9,,4,0,,3,1,1,35,3,3,5,5,0,0,0,0,true,,false,false,true,false,false,,,,,,false,false,false,,,false,false,false,false,false,-83.08627,42.36551,"{
  ""coordinates"": [
    -8.308627544699991e+01,
    4.236550787200010e+01
  ],
  ""type"": ""Point""
}","{
  ""coordinates"": [
    -83.086275447,
    42.365507872
  ],
  ""type"": ""Point""
}",-83.0862754469999,42.3655078720001
19666,9186476,KEYSTONE,AMRAD,2015-02-10,10,2,2015,8,3,5,9,,,0,,3,1,1,25,1,2,2,5,0,0,0,0,true,,false,false,false,false,false,,,,,,false,false,false,,,false,false,false,false,false,-83.05165,42.44401,"{
  ""coordinates"": [
    -8.305165141299990e+01,
    4.244400841800010e+01
  ],
  ""type"": ""Point""
}","{
  ""coordinates"": [
    -83.051651413,
    42.444008418
  ],
  ""type"": ""Point""
}",-83.0516514129999,42.4440084180001
19667,9190146,GRATIOT,8 MILE,2015-02-10,10,2,2015,12,3,4,3,,1,0,,1,1,1,35,7,2,1,5,0,0,0,0,true,,true,true,true,false,false,,,,,,false,false,false,,,false,false,false,false,false,-82.96798,42.44976,"{
  ""coordinates"": [
    -8.296798158500000e+01,
    4.244975680000000e+01
  ],
  ""type"": ""Point""
}","{
  ""coordinates"": [
    -82.967981585,
    42.4497568
  ],
  ""type"": ""Point""
}",-82.967981585,42.4497568
19668,9181906,GREENFIELD,PAUL,2015-02-10,10,2,2015,14,3,5,9,,2,0,,1,1,1,35,3,2,3,4,0,0,0,2,false,,false,false,false,false,false,,,,,,false,false,true,,,false,false,false,false,false,-83.19613,42.33651,"{
  ""coordinates"": [
    -8.319612948699999e+01,
    4.233650507500000e+01
  ],
  ""type"": ""Point""
}","{
  ""coordinates"": [
    -83.196129487,
    42.336505075
  ],
  ""type"": ""Point""
}",-83.196129487,42.336505075
19669,9181887,LAFAYETTE,SECOND,2015-02-10,10,2,2015,9,3,5,9,,4,0,,1,1,1,35,2,2,2,5,0,0,0,0,true,,false,false,false,false,false,,,,,,false,false,false,,,false,false,false,false,false,-83.05408,42.32901,"{
  ""coordinates"": [
    -8.305408142600000e+01,
    4.232900532000010e+01
  ],
  ""type"": ""Point""
}","{
  ""coordinates"": [
    -83.054081426,
    42.32900532
  ],
  ""type"": ""Point""
}",-83.054081426,42.3290053200001
19670,9187489,DRAGOON,N I 75 SERVICE DRIVE,2015-02-10,10,2,2015,7,3,5,9,,4,0,,1,1,1,35,2,2,1,5,0,0,0,0,true,,false,false,true,false,false,,,,,,false,false,false,,,false,false,false,false,false,-83.10267,42.30775,"{
  ""coordinates"": [
    -8.310266959300000e+01,
    4.230774669400010e+01
  ],
  ""type"": ""Point""
}","{
  ""coordinates"": [
    -83.102669593,
    42.307746694
  ],
  ""type"": ""Point""
}",-83.102669593,42.3077466940001
19671,9181903,ASBURY,TIREMAN,2015-02-10,10,2,2015,15,3,8,9,,,0,,1,1,1,25,1,2,4,5,0,0,0,0,true,,false,false,true,false,false,,,,,,false,false,false,,,false,false,false,false,false,-83.20594,42.35035,"{
  ""coordinates"": [
    -8.320594244199999e+01,
    4.235034892400010e+01
  ],
  ""type"": ""Point""
}","{
  ""coordinates"": [
    -83.205942442,
    42.350348924
  ],
  ""type"": ""Point""
}",-83.205942442,42.3503489240001
19672,9186377,TRACEY,EATON,2015-02-10,10,2,2015,10,3,8,9,,,0,,3,1,1,25,1,2,1,5,0,0,0,0,true,,false,false,true,false,false,,,,,,false,false,false,,,false,false,false,false,false,-83.17996,42.39722,"{
  ""coordinates"": [
    -8.317996387100000e+01,
    4.239722056300010e+01
  ],
  ""type"": ""Point""
}","{
  ""coordinates"": [
    -83.179963871,
    42.397220563
  ],
  ""type"": ""Point""
}",-83.179963871,42.3972205630001
19673,9185194,MCNICHOLS,MURRAY HILL,2015-02-10,10,2,2015,12,3,5,9,,2,0,,1,1,1,25,2,2,4,4,0,0,0,2,false,,false,false,false,false,false,,,,,,false,false,false,,,false,false,false,false,false,-83.20795,42.41578,"{
  ""coordinates"": [
    -8.320795258299999e+01,
    4.241578392900000e+01
  ],
  ""type"": ""Point""
}","{
  ""coordinates"": [
    -83.207952583,
    42.415783929
  ],
  ""type"": ""Point""
}",-83.207952583,42.415783929