ObjectId,Crash ID,Primary Road,Intersecting Road,Crash Date,Day,Month,Year,Hour,Weekday,Crash Type Code,Highway Classification Code,Community Code,Jurisdiction Code,Lane Departure Type Code,Surface Type,Road Condition,Weather Condition,Lighting Condition,Speed Limit,Lanes,Units,Occupants,Most Severe Injury,Fatal Injuries,Suspected Serious Injuries,Suspected Minor Injuries,Possible Injuries,Property Damage Only,Secondary Crash,Traffic Control,Red Light Run,Hit and Run,Alcohol,Drugs,Unbelted Person,Work Zone,Speeding Driver,Distracted Driver,Driveway,Pedestrian,Elderly Driver,Young Driver,Commercial Vehicle,Emergency Vehicles,Train,School Bus,Motorcycle,Bicycle,Deer,Longitude,Latitude,geom,geog,x,y
19788,9187623,CURTIS,OHIO,2015-02-08,8,2,2015,7,1,4,9,,4,0,,3,4,3,35,2,2,8,5,0,0,0,0,true,,false,false,false,false,false,,,,,,false,false,false,,,false,false,false,false,false,-83.15635,42.42422,"{
  ""coordinates"": [
    -8.315635273200000e+01,
    4.242422616600000e+01
  ],
  ""type"": ""Point""
}","{
  ""coordinates"": [
    -83.156352732,
    42.424226166
  ],
  ""type"": ""Point""
}",-83.156352732,42.424226166
19789,9203016,EVERGREEN,VASSER,2015-02-08,8,2,2015,2,1,4,9,,4,0,,2,1,4,35,2,2,6,4,0,0,0,2,false,,false,false,false,false,false,,,,,,false,false,true,,,false,false,false,false,false,-83.23898,42.43317,"{
  ""coordinates"": [
    -8.323898534800000e+01,
    4.243317008400000e+01
  ],
  ""type"": ""Point""
}","{
  ""coordinates"": [
    -83.238985348,
    42.433170084
  ],
  ""type"": ""Point""
}",-83.238985348,42.433170084
19790,9179887,CHICAGO,GRANDMONT,2015-02-08,8,2,2015,20,1,1,9,,4,0,,3,1,4,30,4,1,2,4,0,0,0,1,false,,false,false,false,false,false,,,,,,false,false,true,,,false,false,false,false,false,-83.20964,42.36517,"{
  ""coordinates"": [
    -8.320964103400000e+01,
    4.236517142500000e+01
  ],
  ""type"": ""Point""
}","{
  ""coordinates"": [
    -83.209641034,
    42.365171425
  ],
  ""type"": ""Point""
}",-83.209641034,42.365171425
19791,9180856,N I 75,TRUMBULL,2015-02-08,8,2,2015,20,1,1,1,,1,1,,3,1,4,55,3,1,1,5,0,0,0,0,true,,false,false,false,false,false,,,,,,false,false,false,,,false,false,false,false,false,-83.06863,42.33434,"{
  ""coordinates"": [
    -8.306862317199990e+01,
    4.233433345400000e+01
  ],
  ""type"": ""Point""
}","{
  ""coordinates"": [
    -83.068623172,
    42.334333454
  ],
  ""type"": ""Point""
}",-83.0686231719999,42.334333454
19792,9190143,OUTER,EVANSTON,2015-02-08,8,2,2015,13,1,5,9,,2,0,,2,1,1,35,2,2,3,4,0,0,0,1,false,,false,false,false,false,false,,,,,,false,false,false,,,false,false,false,false,false,-82.96083,42.40673,"{
  ""coordinates"": [
    -8.296082820700001e+01,
    4.240673153500010e+01
  ],
  ""type"": ""Point""
}","{
  ""coordinates"": [
    -82.960828207,
    42.406731535
  ],
  ""type"": ""Point""
}",-82.960828207,42.4067315350001
19793,9187428,I-96,WYOMING,2015-02-08,8,2,2015,17,1,1,1,,1,1,,2,4,1,55,3,1,1,5,0,0,0,0,true,,false,false,false,false,false,,,,,,false,false,false,,,false,false,false,false,false,-83.15935,42.38542,"{
  ""coordinates"": [
    -8.315934790300000e+01,
    4.238542242800000e+01
  ],
  ""type"": ""Point""
}","{
  ""coordinates"": [
    -83.159347903,
    42.385422428
  ],
  ""type"": ""Point""
}",-83.159347903,42.385422428
19794,9179871,N M 10,GRAND,2015-02-08,8,2,2015,8,1,5,3,,1,0,,1,1,1,0,4,2,3,5,0,0,0,0,true,,false,false,false,false,false,,,,,,false,false,false,,,false,false,false,false,false,-83.08183,42.36724,"{
  ""coordinates"": [
    -8.308182976499999e+01,
    4.236724619800000e+01
  ],
  ""type"": ""Point""
}","{
  ""coordinates"": [
    -83.081829765,
    42.367246198
  ],
  ""type"": ""Point""
}",-83.081829765,42.367246198
19795,9179888,VOTROBECK,VOTROBECK,2015-02-08,8,2,2015,1,1,97,9,,,0,,1,1,4,25,2,2,0,5,0,0,0,0,true,,false,false,true,false,false,,,,,,false,true,false,,,false,false,false,false,false,-83.24306,42.43127,"{
  ""coordinates"": [
    -8.324306486300000e+01,
    4.243127567500010e+01
  ],
  ""type"": ""Point""
}","{
  ""coordinates"": [
    -83.243064863,
    42.431275675
  ],
  ""type"": ""Point""
}",-83.243064863,42.4312756750001
19796,9187502,WITT,I 75 SERVICE,2015-02-08,8,2,2015,1,1,8,9,,,0,,2,1,1,25,2,2,1,5,0,0,0,0,true,,false,false,true,false,false,,,,,,false,false,false,,,false,false,false,false,false,-83.12029,42.3015,"{
  ""coordinates"": [
    -8.312029026600000e+01,
    4.230150204900010e+01
  ],
  ""type"": ""Point""
}","{
  ""coordinates"": [
    -83.120290266,
    42.301502049
  ],
  ""type"": ""Point""
}",-83.120290266,42.3015020490001
19797,9186483,OUTER,MOUND,2015-02-08,8,2,2015,0,1,4,9,,2,0,,2,1,4,35,8,3,4,1,1,1,0,1,false,,false,false,false,true,false,,,,,,false,false,false,,,false,false,false,false,false,-83.04405,42.44072,"{
  ""coordinates"": [
    -8.304404991599991e+01,
    4.244071448200000e+01
  ],
  ""type"": ""Point""
}","{
  ""coordinates"": [
    -83.044049916,
    42.440714482
  ],
  ""type"": ""Point""
}",-83.0440499159999,42.440714482
19798,9178868,JOY,GRANDMONT,2015-02-08,8,2,2015,0,1,4,9,,2,0,,2,2,4,35,5,2,2,5,0,0,0,0,true,,false,false,true,false,false,,,,,,false,false,true,,,false,false,false,false,false,-83.20939,42.35798,"{
  ""coordinates"": [
    -8.320939004099991e+01,
    4.235798039200010e+01
  ],
  ""type"": ""Point""
}","{
  ""coordinates"": [
    -83.209390041,
    42.357980392
  ],
  ""type"": ""Point""
}",-83.2093900409999,42.3579803920001
19799,9188418,W I 94,GRAND,2015-02-08,8,2,2015,8,1,8,1,,1,0,,3,4,4,55,3,2,4,5,0,0,0,0,true,,false,false,true,false,false,,,,,,false,false,false,,,false,false,false,false,false,-83.10897,42.34714,"{
  ""coordinates"": [
    -8.310897362299990e+01,
    4.234714015400000e+01
  ],
  ""type"": ""Point""
}","{
  ""coordinates"": [
    -83.108973623,
    42.347140154
  ],
  ""type"": ""Point""
}",-83.1089736229999,42.347140154
19800,9180857,I-75,MICHIGAN,2015-02-08,8,2,2015,21,1,1,1,,1,1,,3,1,4,55,3,1,1,5,0,0,0,0,true,,false,false,false,false,false,,,,,,false,false,false,,,false,false,false,false,false,-83.08482,42.33128,"{
  ""coordinates"": [
    -8.308481756899990e+01,
    4.233128077300010e+01
  ],
  ""type"": ""Point""
}","{
  ""coordinates"": [
    -83.084817569,
    42.331280773
  ],
  ""type"": ""Point""
}",-83.0848175689999,42.3312807730001
19801,9180834,S/B M-10,PALLISTER,2015-02-08,8,2,2015,3,1,1,3,,1,1,,2,1,4,55,4,1,1,5,0,0,0,0,true,,false,false,false,true,false,,,,,,false,false,false,,,false,false,false,false,false,-83.08624,42.37346,"{
  ""coordinates"": [
    -8.308623369900000e+01,
    4.237346125900010e+01
  ],
  ""type"": ""Point""
}","{
  ""coordinates"": [
    -83.086233699,
    42.373461259
  ],
  ""type"": ""Point""
}",-83.086233699,42.3734612590001
19802,9179869,MONTCALM,PARK,2015-02-08,8,2,2015,0,1,5,9,,4,0,,2,1,4,25,2,2,4,5,0,0,0,0,true,,false,false,false,false,false,,,,,,false,false,true,,,false,false,false,false,false,-83.05394,42.33818,"{
  ""coordinates"": [
    -8.305394094899999e+01,
    4.233818440500000e+01
  ],
  ""type"": ""Point""
}","{
  ""coordinates"": [
    -83.053940949,
    42.338184405
  ],
  ""type"": ""Point""
}",-83.053940949,42.338184405
19803,9179878,ROSA PARKS,FORT,2015-02-08,8,2,2015,21,1,5,3,,4,0,,3,5,4,0,2,2,2,5,0,0,0,0,true,,false,false,true,false,false,,,,,,false,false,false,,,false,false,false,false,false,-83.06667,42.32243,"{
  ""coordinates"": [
    -8.306666609000000e+01,
    4.232242541000010e+01
  ],
  ""type"": ""Point""
}","{
  ""coordinates"": [
    -83.06666609,
    42.32242541
  ],
  ""type"": ""Point""
}",-83.06666609,42.3224254100001
19804,9191693,HARPER,BISHOP,2015-02-08,8,2,2015,18,1,4,9,,4,0,,2,4,4,25,2,2,2,4,0,0,0,1,false,,false,false,false,false,false,,,,,,false,false,false,,,false,false,false,false,false,-82.93936,42.41468,"{
  ""coordinates"": [
    -8.293936415500001e+01,
    4.241467746400010e+01
  ],
  ""type"": ""Point""
}","{
  ""coordinates"": [
    -82.939364155,
    42.414677464
  ],
  ""type"": ""Point""
}",-82.939364155,42.4146774640001
19805,9179916,20480 SHEFFIELD,8 MILE,2015-02-08,8,2,2015,20,1,5,3,,,0,,2,1,5,25,2,2,0,5,0,0,0,0,true,,false,false,true,false,false,,,,,,false,false,false,,,false,false,false,false,false,-83.13988,42.44601,"{
  ""coordinates"": [
    -8.313988054600000e+01,
    4.244601447700010e+01
  ],
  ""type"": ""Point""
}","{
  ""coordinates"": [
    -83.139880546,
    42.446014477
  ],
  ""type"": ""Point""
}",-83.139880546,42.4460144770001
19806,9190142,MORANG,LAKEPOINTE,2015-02-08,8,2,2015,10,1,8,9,,4,0,,2,1,1,30,2,2,1,5,0,0,0,0,true,,false,false,false,false,false,,,,,,false,false,false,,,false,false,false,false,false,-82.94795,42.42529,"{
  ""coordinates"": [
    -8.294794966500000e+01,
    4.242528613400000e+01
  ],
  ""type"": ""Point""
}","{
  ""coordinates"": [
    -82.947949665,
    42.425286134
  ],
  ""type"": ""Point""
}",-82.947949665,42.425286134
19807,9241355,I75,SPRINGWELLS,2015-02-08,8,2,2015,10,1,8,1,,1,0,,2,2,1,55,4,2,2,5,0,0,0,0,true,,false,false,false,false,false,,,,,,false,false,false,,,false,false,false,false,false,-83.11982,42.30136,"{
  ""coordinates"": [
    -8.311982343400000e+01,
    4.230136548500010e+01
  ],
  ""type"": ""Point""
}","{
  ""coordinates"": [
    -83.119823434,
    42.301365485
  ],
  ""type"": ""Point""
}",-83.119823434,42.3013654850001
19808,9180812,RAMP 125C,S M 10,2015-02-08,8,2,2015,2,1,1,3,,1,1,,2,2,4,55,1,1,1,5,0,0,0,0,true,,false,false,false,true,false,,,,,,false,false,false,,,false,false,false,false,false,-83.05244,42.32634,"{
  ""coordinates"": [
    -8.305244301999990e+01,
    4.232634342300000e+01
  ],
  ""type"": ""Point""
}","{
  ""coordinates"": [
    -83.05244302,
    42.326343423
  ],
  ""type"": ""Point""
}",-83.0524430199999,42.326343423
19809,9180937,DEQUINDRE,MCNICHOLS,2015-02-08,8,2,2015,14,1,7,9,,4,0,,1,1,1,35,2,2,2,5,0,0,0,0,true,,false,false,false,false,false,,,,,,false,false,true,,,false,false,false,false,false,-83.08224,42.41843,"{
  ""coordinates"": [
    -8.308224124500001e+01,
    4.241843060800010e+01
  ],
  ""type"": ""Point""
}","{
  ""coordinates"": [
    -83.082241245,
    42.418430608
  ],
  ""type"": ""Point""
}",-83.082241245,42.4184306080001
19810,9186475,MCNICHOLS,DEQUINDRE,2015-02-08,8,2,2015,14,1,4,9,,2,0,,3,1,1,35,2,2,4,5,0,0,0,0,true,,true,true,false,false,false,,,,,,false,false,true,,,false,false,false,false,false,-83.08261,42.41842,"{
  ""coordinates"": [
    -8.308261459100000e+01,
    4.241841790400010e+01
  ],
  ""type"": ""Point""
}","{
  ""coordinates"": [
    -83.082614591,
    42.418417904
  ],
  ""type"": ""Point""
}",-83.082614591,42.4184179040001
19811,9265160,MCNICHOLS,HARTWELL,2015-02-08,8,2,2015,13,1,5,9,,2,0,,3,2,1,30,2,2,4,5,0,0,0,0,true,,false,false,false,false,false,,,,,,false,false,true,,,false,false,false,false,false,-83.17866,42.41659,"{
  ""coordinates"": [
    -8.317865557000000e+01,
    4.241658802700000e+01
  ],
  ""type"": ""Point""
}","{
  ""coordinates"": [
    -83.17865557,
    42.416588027
  ],
  ""type"": ""Point""
}",-83.17865557,42.416588027
19812,9178736,I-75,DAVISON,2015-02-07,7,2,2015,12,7,1,1,,1,1,,1,2,1,55,3,1,1,5,0,0,0,0,true,,false,false,false,false,false,,,,,,false,false,false,,,false,false,false,false,false,-83.07565,42.40635,"{
  ""coordinates"": [
    -8.307564702600000e+01,
    4.240635418200000e+01
  ],
  ""type"": ""Point""
}","{
  ""coordinates"": [
    -83.075647026,
    42.406354182
  ],
  ""type"": ""Point""
}",-83.075647026,42.406354182
19813,9186465,OUTER,7 MILE,2015-02-07,7,2,2015,16,7,4,9,,2,0,,2,1,1,35,3,2,1,5,0,0,0,0,true,,false,false,true,false,false,,,,,,false,false,false,,,false,false,false,false,false,-83.01434,42.43417,"{
  ""coordinates"": [
    -8.301433313500000e+01,
    4.243416876900010e+01
  ],
  ""type"": ""Point""
}","{
  ""coordinates"": [
    -83.014333135,
    42.434168769
  ],
  ""type"": ""Point""
}",-83.014333135,42.4341687690001
19814,9193985,E I 94,RAMP 222A,2015-02-07,7,2,2015,6,7,5,1,,1,0,,1,2,4,55,3,2,2,1,1,0,0,0,false,,false,false,false,false,false,,,,,,false,false,false,,,false,false,false,false,false,-82.95111,42.40752,"{
  ""coordinates"": [
    -8.295111377400001e+01,
    4.240751505900000e+01
  ],
  ""type"": ""Point""
}","{
  ""coordinates"": [
    -82.951113774,
    42.407515059
  ],
  ""type"": ""Point""
}",-82.951113774,42.407515059
19815,9182702,EIGHT MILE,HUBELL,2015-02-07,7,2,2015,12,7,7,3,,1,0,,2,2,1,40,3,2,2,5,0,0,0,0,true,,false,false,false,false,false,,,,,,false,false,false,,,false,false,false,false,false,-83.19035,42.445,"{
  ""coordinates"": [
    -8.319035123499999e+01,
    4.244500501500000e+01
  ],
  ""type"": ""Point""
}","{
  ""coordinates"": [
    -83.190351235,
    42.445005015
  ],
  ""type"": ""Point""
}",-83.190351235,42.445005015
19816,9180848,I 94 E/B,FRENCH,2015-02-07,7,2,2015,23,7,5,1,,1,0,,2,1,4,55,3,2,1,5,0,0,0,0,true,,false,false,true,false,false,,,,,,false,false,true,,,false,false,false,false,false,-83.00072,42.3921,"{
  ""coordinates"": [
    -8.300071395299990e+01,
    4.239210273100010e+01
  ],
  ""type"": ""Point""
}","{
  ""coordinates"": [
    -83.000713953,
    42.392102731
  ],
  ""type"": ""Point""
}",-83.0007139529999,42.3921027310001
19817,9185193,BROCK,EASTBURN,2015-02-07,7,2,2015,17,7,4,9,,,0,,4,1,1,25,2,2,2,5,0,0,0,0,true,,false,false,false,false,false,,,,,,false,false,true,,,false,false,false,false,false,-82.96345,42.44546,"{
  ""coordinates"": [
    -8.296345064499999e+01,
    4.244546075700000e+01
  ],
  ""type"": ""Point""
}","{
  ""coordinates"": [
    -82.963450645,
    42.445460757
  ],
  ""type"": ""Point""
}",-82.963450645,42.445460757
19818,9179741,M-39,7 MILE,2015-02-07,7,2,2015,5,7,1,3,,1,1,,1,2,5,70,3,1,1,5,0,0,0,0,true,,false,false,true,false,false,,,,,,false,false,true,,,false,false,false,false,false,-83.21941,42.43002,"{
  ""coordinates"": [
    -8.321940871800000e+01,
    4.243001514600010e+01
  ],
  ""type"": ""Point""
}","{
  ""coordinates"": [
    -83.219408718,
    42.430015146
  ],
  ""type"": ""Point""
}",-83.219408718,42.4300151460001
19819,9180816,E I 94,RAMP 222A,2015-02-07,7,2,2015,1,7,1,1,,1,1,,2,2,4,55,3,1,1,5,0,0,0,0,true,,false,false,false,true,false,,,,,,false,false,false,,,false,false,false,false,false,-82.95074,42.40767,"{
  ""coordinates"": [
    -8.295073523600000e+01,
    4.240766880500010e+01
  ],
  ""type"": ""Point""
}","{
  ""coordinates"": [
    -82.950735236,
    42.407668805
  ],
  ""type"": ""Point""
}",-82.950735236,42.4076688050001
19820,9180855,I-96,EVERGREEN,2015-02-07,7,2,2015,1,7,1,1,,1,1,,1,1,4,55,2,1,1,5,0,0,0,0,true,,false,false,false,false,false,,,,,,false,false,false,,,false,false,false,false,false,-83.23609,42.3801,"{
  ""coordinates"": [
    -8.323608984399991e+01,
    4.238009826600010e+01
  ],
  ""type"": ""Point""
}","{
  ""coordinates"": [
    -83.236089844,
    42.380098266
  ],
  ""type"": ""Point""
}",-83.2360898439999,42.3800982660001
19821,9186479,DEAN,HILDALE,2015-02-07,7,2,2015,11,7,5,9,,,0,,4,5,5,0,2,2,1,5,0,0,0,0,true,,false,false,true,false,false,,,,,,false,false,false,,,false,false,false,false,false,-83.06184,42.42954,"{
  ""coordinates"": [
    -8.306183533599990e+01,
    4.242954055800000e+01
  ],
  ""type"": ""Point""
}","{
  ""coordinates"": [
    -83.061835336,
    42.429540558
  ],
  ""type"": ""Point""
}",-83.0618353359999,42.429540558
19822,9202865,GRAND RIVER,FARMER,2015-02-07,7,2,2015,13,7,5,9,,4,0,,1,1,1,25,4,2,2,5,0,0,0,0,true,,false,false,false,false,false,,,,,,false,false,true,,,false,false,false,false,false,-83.04761,42.33463,"{
  ""coordinates"": [
    -8.304760839700000e+01,
    4.233462416300010e+01
  ],
  ""type"": ""Point""
}","{
  ""coordinates"": [
    -83.047608397,
    42.334624163
  ],
  ""type"": ""Point""
}",-83.047608397,42.3346241630001
19823,9229944,GRATIOT,STERRITT,2015-02-07,7,2,2015,2,7,97,3,,1,0,,1,1,4,35,7,2,1,5,0,0,0,0,true,,false,false,true,false,false,,,,,,true,false,false,,,false,false,false,false,false,-83.00392,42.39508,"{
  ""coordinates"": [
    -8.300392529000000e+01,
    4.239508082400000e+01
  ],
  ""type"": ""Point""
}","{
  ""coordinates"": [
    -83.00392529,
    42.395080824
  ],
  ""type"": ""Point""
}",-83.00392529,42.395080824
19824,9183796,DAVISON,DEXTER,2015-02-07,7,2,2015,13,7,4,3,,1,0,,6,1,1,35,5,2,3,5,0,0,0,0,true,,false,false,false,false,false,,,,,,false,false,true,,,false,false,false,false,false,-83.1309,42.38973,"{
  ""coordinates"": [
    -8.313089868899991e+01,
    4.238972818500010e+01
  ],
  ""type"": ""Point""
}","{
  ""coordinates"": [
    -83.130898689,
    42.389728185
  ],
  ""type"": ""Point""
}",-83.1308986889999,42.3897281850001
19825,9178885,7 MILE,GREENVIEW,2015-02-07,7,2,2015,19,7,8,9,,2,0,,1,1,4,45,6,2,5,4,0,0,0,2,false,,false,false,false,false,false,,,,,,false,false,true,,,false,false,false,false,false,-83.22542,42.4299,"{
  ""coordinates"": [
    -8.322542154199991e+01,
    4.242990038500010e+01
  ],
  ""type"": ""Point""
}","{
  ""coordinates"": [
    -83.225421542,
    42.429900385
  ],
  ""type"": ""Point""
}",-83.2254215419999,42.4299003850001
19826,9187608,2ND,MARTIN LUTHER KING JR,2015-02-07,7,2,2015,13,7,97,9,,4,0,,1,1,1,35,2,2,2,4,0,0,0,1,false,,false,false,false,false,false,,,,,,false,true,false,,,false,false,false,true,false,-83.06295,42.34486,"{
  ""coordinates"": [
    -8.306294889599999e+01,
    4.234485692700010e+01
  ],
  ""type"": ""Point""
}","{
  ""coordinates"": [
    -83.062948896,
    42.344856927
  ],
  ""type"": ""Point""
}",-83.062948896,42.3448569270001
19827,9183652,I 94,DICKERSON,2015-02-07,7,2,2015,7,7,5,1,,1,0,,1,1,1,55,3,2,3,4,0,0,0,1,false,,false,false,false,false,false,,,,,,false,false,false,,,false,false,false,false,false,-82.97338,42.40138,"{
  ""coordinates"": [
    -8.297337834200000e+01,
    4.240137961100000e+01
  ],
  ""type"": ""Point""
}","{
  ""coordinates"": [
    -82.973378342,
    42.401379611
  ],
  ""type"": ""Point""
}",-82.973378342,42.401379611
19828,9193986,E I 94,RAMP 222A,2015-02-07,7,2,2015,6,7,8,1,,1,0,,1,1,4,55,3,2,2,2,0,1,0,0,false,,false,false,false,false,false,,,,,,false,true,false,,,false,false,false,false,false,-82.95115,42.4075,"{
  ""coordinates"": [
    -8.295114646699990e+01,
    4.240750178100010e+01
  ],
  ""type"": ""Point""
}","{
  ""coordinates"": [
    -82.951146467,
    42.407501781
  ],
  ""type"": ""Point""
}",-82.9511464669999,42.4075017810001
19829,9187571,LIVERNOIS,BUCHANAN,2015-02-07,7,2,2015,2,7,5,9,,4,0,,2,1,4,35,5,2,3,4,0,0,0,2,false,,false,false,false,false,false,,,,,,false,false,false,,,false,false,false,false,false,-83.12131,42.33246,"{
  ""coordinates"": [
    -8.312131055700000e+01,
    4.233245746600010e+01
  ],
  ""type"": ""Point""
}","{
  ""coordinates"": [
    -83.121310557,
    42.332457466
  ],
  ""type"": ""Point""
}",-83.121310557,42.3324574660001
19830,9186402,LARNED,RANDOLPH,2015-02-07,7,2,2015,23,7,97,3,,4,0,,1,1,4,25,2,1,1,5,0,0,0,0,true,,false,false,false,false,false,,,,,,false,false,false,,,false,false,false,false,false,-83.04249,42.3306,"{
  ""coordinates"": [
    -8.304248987600000e+01,
    4.233060014500010e+01
  ],
  ""type"": ""Point""
}","{
  ""coordinates"": [
    -83.042489876,
    42.330600145
  ],
  ""type"": ""Point""
}",-83.042489876,42.3306001450001
19831,9182726,JOHN R,ALEXANDERINE,2015-02-07,7,2,2015,20,7,3,9,,4,0,,2,1,4,30,2,2,3,5,0,0,0,0,true,,false,false,false,false,false,,,,,,false,false,false,,,false,false,false,false,false,-83.05805,42.35157,"{
  ""coordinates"": [
    -8.305805414100000e+01,
    4.235156446600010e+01
  ],
  ""type"": ""Point""
}","{
  ""coordinates"": [
    -83.058054141,
    42.351564466
  ],
  ""type"": ""Point""
}",-83.058054141,42.3515644660001
19832,9367133,7 MILE,WESTMORELAND,2015-02-07,7,2,2015,3,7,5,9,,2,0,,4,1,4,35,4,2,1,5,0,0,0,0,true,,false,false,true,false,false,,,,,,false,false,false,,,false,false,false,false,false,-83.2364,42.42964,"{
  ""coordinates"": [
    -8.323639633300000e+01,
    4.242963819000000e+01
  ],
  ""type"": ""Point""
}","{
  ""coordinates"": [
    -83.236396333,
    42.42963819
  ],
  ""type"": ""Point""
}",-83.236396333,42.42963819
19833,9178760,I94,MT ELLIOTT,2015-02-07,7,2,2015,8,7,8,1,,1,0,,4,1,1,55,3,2,4,4,0,0,0,1,false,,false,false,false,false,false,,,,,,false,false,true,,,false,false,false,false,false,-83.03347,42.37938,"{
  ""coordinates"": [
    -8.303347129199990e+01,
    4.237937649200010e+01
  ],
  ""type"": ""Point""
}","{
  ""coordinates"": [
    -83.033471292,
    42.379376492
  ],
  ""type"": ""Point""
}",-83.0334712919999,42.3793764920001
19834,9185144,PLYMOUTH,LAUDER,2015-02-07,7,2,2015,21,7,5,9,,4,0,,2,1,4,35,2,2,1,5,0,0,0,0,true,,false,false,false,false,false,,,,,,false,false,true,,,false,false,false,false,false,-83.18983,42.37278,"{
  ""coordinates"": [
    -8.318983695199999e+01,
    4.237277752000010e+01
  ],
  ""type"": ""Point""
}","{
  ""coordinates"": [
    -83.189836952,
    42.37277752
  ],
  ""type"": ""Point""
}",-83.189836952,42.3727775200001
19835,9186489,7 MILE,VAN DYKE,2015-02-07,7,2,2015,15,7,5,3,,4,0,,1,1,3,35,3,2,2,5,0,0,0,0,true,,false,false,true,false,false,,,,,,false,true,false,,,false,false,false,false,false,-83.02415,42.43397,"{
  ""coordinates"": [
    -8.302415017700000e+01,
    4.243397021000000e+01
  ],
  ""type"": ""Point""
}","{
  ""coordinates"": [
    -83.024150177,
    42.43397021
  ],
  ""type"": ""Point""
}",-83.024150177,42.43397021
19836,9186417,CENTRAL,SENATOR,2015-02-07,7,2,2015,4,7,1,9,,4,1,,4,1,4,25,2,1,0,5,0,0,0,0,true,,false,false,false,false,false,,,,,,false,false,false,,,false,false,false,false,false,-83.12361,42.31166,"{
  ""coordinates"": [
    -8.312361069600000e+01,
    4.231166514900010e+01
  ],
  ""type"": ""Point""
}","{
  ""coordinates"": [
    -83.123610696,
    42.311665149
  ],
  ""type"": ""Point""
}",-83.123610696,42.3116651490001
19837,9178751,N M 39,RAMP 011A,2015-02-07,7,2,2015,14,7,5,3,,1,0,,6,1,1,55,3,2,2,5,0,0,0,0,true,,false,false,true,false,false,,,,,,false,false,true,,,false,false,false,false,false,-83.21916,42.42865,"{
  ""coordinates"": [
    -8.321916114100000e+01,
    4.242864737600010e+01
  ],
  ""type"": ""Point""
}","{
  ""coordinates"": [
    -83.219161141,
    42.428647376
  ],
  ""type"": ""Point""
}",-83.219161141,42.4286473760001
19838,9182681,SOUTHFIELD SERVICE DRIVE,DAVISON,2015-02-07,7,2,2015,10,7,97,9,,4,0,,4,5,1,35,2,2,2,5,0,0,0,0,true,,false,false,false,false,false,,,,,,false,false,false,,,false,false,false,false,false,-83.21723,42.38445,"{
  ""coordinates"": [
    -8.321723498300000e+01,
    4.238444681800010e+01
  ],
  ""type"": ""Point""
}","{
  ""coordinates"": [
    -83.217234983,
    42.384446818
  ],
  ""type"": ""Point""
}",-83.217234983,42.3844468180001
19839,9186453,MCNICHOLS,ASHTON,2015-02-07,7,2,2015,15,7,8,9,,2,0,,2,1,1,35,2,2,3,5,0,0,0,0,true,,false,false,false,false,false,,,,,,false,false,false,,,false,false,false,false,false,-83.22013,42.41553,"{
  ""coordinates"": [
    -8.322012909100000e+01,
    4.241552803100010e+01
  ],
  ""type"": ""Point""
}","{
  ""coordinates"": [
    -83.220129091,
    42.415528031
  ],
  ""type"": ""Point""
}",-83.220129091,42.4155280310001
19840,9182707,SAINT MARTINS,GREENLAWN,2015-02-07,7,2,2015,11,7,8,9,,,0,,1,1,1,25,2,2,0,5,0,0,0,0,true,,false,false,true,false,false,,,,,,false,false,false,,,false,false,false,false,false,-83.15197,42.43682,"{
  ""coordinates"": [
    -8.315197274099999e+01,
    4.243681960100000e+01
  ],
  ""type"": ""Point""
}","{
  ""coordinates"": [
    -83.151972741,
    42.436819601
  ],
  ""type"": ""Point""
}",-83.151972741,42.436819601
19841,9196602,CLEMENTS,DEXTER,2015-02-07,7,2,2015,20,7,2,9,,,2,,2,1,5,25,2,3,0,5,0,0,0,0,true,,false,false,true,false,false,,,,,,false,false,false,,,false,false,false,false,false,-83.13076,42.39082,"{
  ""coordinates"": [
    -8.313075831000000e+01,
    4.239081964300000e+01
  ],
  ""type"": ""Point""
}","{
  ""coordinates"": [
    -83.13075831,
    42.390819643
  ],
  ""type"": ""Point""
}",-83.13075831,42.390819643
19842,9203109,GOULBURN,LINNHURST,2015-02-07,7,2,2015,11,7,4,9,,,0,,4,1,1,25,2,2,3,4,0,0,0,1,false,,false,false,false,false,false,,,,,,false,false,true,,,false,false,false,false,false,-82.99348,42.4311,"{
  ""coordinates"": [
    -8.299347998499999e+01,
    4.243110150000010e+01
  ],
  ""type"": ""Point""
}","{
  ""coordinates"": [
    -82.993479985,
    42.4311015
  ],
  ""type"": ""Point""
}",-82.993479985,42.4311015000001
19843,9187425,M-39,EIGHT MILE,2015-02-07,7,2,2015,13,7,5,3,,1,0,,1,2,1,55,3,2,2,5,0,0,0,0,true,,false,false,false,false,false,,,,,,false,true,false,,,false,false,false,false,false,-83.21967,42.44279,"{
  ""coordinates"": [
    -8.321966615199990e+01,
    4.244279380900010e+01
  ],
  ""type"": ""Point""
}","{
  ""coordinates"": [
    -83.219666152,
    42.442793809
  ],
  ""type"": ""Point""
}",-83.2196661519999,42.4427938090001
19844,9180942,CLARITA,FIELDING,2015-02-07,7,2,2015,8,7,4,9,,,0,,4,2,1,25,2,2,2,5,0,0,0,0,true,,true,false,true,false,false,,,,,,false,false,false,,,false,false,false,false,false,-83.24416,42.42702,"{
  ""coordinates"": [
    -8.324416725200000e+01,
    4.242702086500000e+01
  ],
  ""type"": ""Point""
}","{
  ""coordinates"": [
    -83.244167252,
    42.427020865
  ],
  ""type"": ""Point""
}",-83.244167252,42.427020865
19845,9180832,W I 94,HARPER,2015-02-07,7,2,2015,0,7,5,1,,1,0,,1,1,4,55,3,2,3,4,0,0,0,3,false,,false,false,false,false,false,,,,,,false,false,false,,,false,false,false,false,false,-82.94823,42.40931,"{
  ""coordinates"": [
    -8.294823362100000e+01,
    4.240930545400000e+01
  ],
  ""type"": ""Point""
}","{
  ""coordinates"": [
    -82.948233621,
    42.409305454
  ],
  ""type"": ""Point""
}",-82.948233621,42.409305454