ObjectId,Crash ID,Primary Road,Intersecting Road,Crash Date,Day,Month,Year,Hour,Weekday,Crash Type Code,Highway Classification Code,Community Code,Jurisdiction Code,Lane Departure Type Code,Surface Type,Road Condition,Weather Condition,Lighting Condition,Speed Limit,Lanes,Units,Occupants,Most Severe Injury,Fatal Injuries,Suspected Serious Injuries,Suspected Minor Injuries,Possible Injuries,Property Damage Only,Secondary Crash,Traffic Control,Red Light Run,Hit and Run,Alcohol,Drugs,Unbelted Person,Work Zone,Speeding Driver,Distracted Driver,Driveway,Pedestrian,Elderly Driver,Young Driver,Commercial Vehicle,Emergency Vehicles,Train,School Bus,Motorcycle,Bicycle,Deer,Longitude,Latitude,geom,geog,x,y
20245,9174973,I-75,VERNOR,2015-02-03,3,2,2015,12,3,1,1,,1,1,,3,2,1,55,3,1,1,5,0,0,0,0,true,,false,false,false,false,false,,,,,,false,false,false,,,false,false,false,false,false,-83.12305,42.29918,"{
  ""coordinates"": [
    -8.312305149199990e+01,
    4.229918280100000e+01
  ],
  ""type"": ""Point""
}","{
  ""coordinates"": [
    -83.123051492,
    42.299182801
  ],
  ""type"": ""Point""
}",-83.1230514919999,42.299182801
20246,9177370,RAMP 008H,CSX TRANSPORTATION,2015-02-03,3,2,2015,13,3,5,1,,1,0,,3,1,1,35,2,2,2,5,0,0,0,0,true,,false,false,false,false,false,,,,,,false,false,true,,,false,false,false,false,false,-83.21832,42.37923,"{
  ""coordinates"": [
    -8.321831177800000e+01,
    4.237922998100000e+01
  ],
  ""type"": ""Point""
}","{
  ""coordinates"": [
    -83.218311778,
    42.379229981
  ],
  ""type"": ""Point""
}",-83.218311778,42.379229981
20247,9296539,WARREN,CASS,2015-02-03,3,2,2015,18,3,98,9,,4,0,,4,1,4,30,3,2,0,5,0,0,0,0,true,,false,false,true,false,false,,,,,,false,false,false,,,false,false,true,false,false,-83.06645,42.35597,"{
  ""coordinates"": [
    -8.306645042400000e+01,
    4.235596947100000e+01
  ],
  ""type"": ""Point""
}","{
  ""coordinates"": [
    -83.066450424,
    42.355969471
  ],
  ""type"": ""Point""
}",-83.066450424,42.355969471
20248,9296406,HELEN,JEFFERSON,2015-02-03,3,2,2015,0,3,8,9,,,0,,3,1,4,25,2,2,0,5,0,0,0,0,true,,false,false,true,false,false,,,,,,false,false,false,,,false,false,false,false,false,-83.00317,42.34677,"{
  ""coordinates"": [
    -8.300316853899990e+01,
    4.234676772000010e+01
  ],
  ""type"": ""Point""
}","{
  ""coordinates"": [
    -83.003168539,
    42.34676772
  ],
  ""type"": ""Point""
}",-83.0031685389999,42.3467677200001
20249,9177285,I-94,VAN DYKE,2015-02-02,2,2,2015,15,2,8,1,,1,0,,4,1,1,55,3,2,2,5,0,0,0,0,true,,false,false,false,false,false,,,,,,false,false,false,,,false,false,false,false,false,-83.02092,42.38589,"{
  ""coordinates"": [
    -8.302092066900001e+01,
    4.238588830200010e+01
  ],
  ""type"": ""Point""
}","{
  ""coordinates"": [
    -83.020920669,
    42.385888302
  ],
  ""type"": ""Point""
}",-83.020920669,42.3858883020001
20250,9177292,N I 75,RAMP 122D,2015-02-02,2,2,2015,16,2,4,1,,1,3,,3,1,1,0,3,2,2,5,0,0,0,0,true,,false,false,false,false,false,,,,,,false,false,false,,,false,false,false,false,false,-83.0664,42.3348,"{
  ""coordinates"": [
    -8.306639821000000e+01,
    4.233480116000000e+01
  ],
  ""type"": ""Point""
}","{
  ""coordinates"": [
    -83.06639821,
    42.33480116
  ],
  ""type"": ""Point""
}",-83.06639821,42.33480116
20251,9178853,MARTIN LUTHER KING JR,GRAND RIVER,2015-02-02,2,2,2015,5,2,8,3,,4,0,,4,5,4,35,2,2,1,5,0,0,0,0,true,,false,false,true,false,false,,,,,,false,false,false,,,false,false,false,false,false,-83.07235,42.34185,"{
  ""coordinates"": [
    -8.307235110399991e+01,
    4.234184590400000e+01
  ],
  ""type"": ""Point""
}","{
  ""coordinates"": [
    -83.072351104,
    42.341845904
  ],
  ""type"": ""Point""
}",-83.0723511039999,42.341845904
20252,9187546,MICHIGAN,MILITARY,2015-02-02,2,2,2015,12,2,5,2,,1,0,,4,1,1,35,4,2,1,5,0,0,0,0,true,,false,false,false,false,false,,,,,,false,false,false,,,false,false,false,false,false,-83.11861,42.33112,"{
  ""coordinates"": [
    -8.311861639999999e+01,
    4.233111842400010e+01
  ],
  ""type"": ""Point""
}","{
  ""coordinates"": [
    -83.1186164,
    42.331118424
  ],
  ""type"": ""Point""
}",-83.1186164,42.3311184240001
20253,9178897,TELEGRAPH,MCNICHOLS,2015-02-02,2,2,2015,17,2,8,2,,1,0,,6,5,1,40,8,2,2,5,0,0,0,0,true,,false,false,false,false,false,,,,,,false,true,false,,,false,false,false,false,false,-83.27696,42.41456,"{
  ""coordinates"": [
    -8.327696041099991e+01,
    4.241456227700010e+01
  ],
  ""type"": ""Point""
}","{
  ""coordinates"": [
    -83.276960411,
    42.414562277
  ],
  ""type"": ""Point""
}",-83.2769604109999,42.4145622770001
20254,9173923,MACK,S I 75 SERVICE DRIVE,2015-02-02,2,2,2015,10,2,4,9,,4,0,,4,5,1,30,8,2,2,5,0,0,0,0,true,,false,false,false,false,false,,,,,,false,true,true,,,false,false,false,false,false,-83.04845,42.35097,"{
  ""coordinates"": [
    -8.304844837099991e+01,
    4.235097254500000e+01
  ],
  ""type"": ""Point""
}","{
  ""coordinates"": [
    -83.048448371,
    42.350972545
  ],
  ""type"": ""Point""
}",-83.0484483709999,42.350972545
20255,9178900,SOUTHFIELD SERVICE DRIVE,FENKELL,2015-02-02,2,2,2015,10,2,8,3,,4,0,,4,1,1,25,3,2,2,5,0,0,0,0,true,,false,false,false,false,false,,,,,,false,false,false,,,false,false,false,false,false,-83.21858,42.40117,"{
  ""coordinates"": [
    -8.321858516899989e+01,
    4.240116972100000e+01
  ],
  ""type"": ""Point""
}","{
  ""coordinates"": [
    -83.218585169,
    42.401169721
  ],
  ""type"": ""Point""
}",-83.2185851689999,42.401169721
20256,9177284,M-10,GRAND RIVER,2015-02-02,2,2,2015,10,2,1,3,,1,1,,4,1,1,55,3,1,1,4,0,0,0,1,false,,false,false,false,false,false,,,,,,false,false,false,,,false,false,false,false,false,-83.06679,42.34012,"{
  ""coordinates"": [
    -8.306678554000000e+01,
    4.234012218300010e+01
  ],
  ""type"": ""Point""
}","{
  ""coordinates"": [
    -83.06678554,
    42.340122183
  ],
  ""type"": ""Point""
}",-83.06678554,42.3401221830001
20257,9178837,GLYNN,2ND,2015-02-02,2,2,2015,10,2,4,9,,,0,,2,1,1,25,2,2,0,5,0,0,0,0,true,,false,false,true,false,false,,,,,,false,false,false,,,false,false,false,false,false,-83.08881,42.38744,"{
  ""coordinates"": [
    -8.308880241999999e+01,
    4.238743491200010e+01
  ],
  ""type"": ""Point""
}","{
  ""coordinates"": [
    -83.08880242,
    42.387434912
  ],
  ""type"": ""Point""
}",-83.08880242,42.3874349120001
20258,9329422,GRATIOT,HARPER,2015-02-02,2,2,2015,9,2,4,3,,1,0,,4,5,1,30,7,2,2,5,0,0,0,0,true,,false,false,false,false,false,,,,,,false,false,true,,,false,false,false,false,false,-83.00534,42.39295,"{
  ""coordinates"": [
    -8.300534118099991e+01,
    4.239295025700010e+01
  ],
  ""type"": ""Point""
}","{
  ""coordinates"": [
    -83.005341181,
    42.392950257
  ],
  ""type"": ""Point""
}",-83.0053411809999,42.3929502570001
20259,9177354,N I 75,RAMP 050C,2015-02-02,2,2,2015,9,2,8,1,,1,0,,4,5,1,70,3,2,2,5,0,0,0,0,true,,false,false,false,false,false,,,,,,false,false,false,,,false,false,false,false,false,-83.09482,42.44383,"{
  ""coordinates"": [
    -8.309481650299990e+01,
    4.244382708900010e+01
  ],
  ""type"": ""Point""
}","{
  ""coordinates"": [
    -83.094816503,
    42.443827089
  ],
  ""type"": ""Point""
}",-83.0948165029999,42.4438270890001
20260,9177274,I-75,8 MILE,2015-02-02,2,2,2015,9,2,8,1,,1,0,,4,1,1,70,4,2,2,5,0,0,0,0,true,,false,false,false,false,false,,,,,,false,false,false,,,false,false,false,false,false,-83.09467,42.44652,"{
  ""coordinates"": [
    -8.309466940700000e+01,
    4.244652037500000e+01
  ],
  ""type"": ""Point""
}","{
  ""coordinates"": [
    -83.094669407,
    42.446520375
  ],
  ""type"": ""Point""
}",-83.094669407,42.446520375
20261,9177291,N I 75,RAMP 122D,2015-02-02,2,2,2015,16,2,97,1,,1,0,,3,1,1,70,3,2,2,5,0,0,0,0,true,,false,false,false,false,false,,,,,,false,false,false,,,false,false,false,false,false,-83.06619,42.33484,"{
  ""coordinates"": [
    -8.306619064499991e+01,
    4.233484444600000e+01
  ],
  ""type"": ""Point""
}","{
  ""coordinates"": [
    -83.066190645,
    42.334844446
  ],
  ""type"": ""Point""
}",-83.0661906449999,42.334844446
20262,9179884,PENROD,WADSWORTH,2015-02-02,2,2,2015,14,2,5,9,,,0,,3,1,1,25,1,2,0,5,0,0,0,0,true,,false,false,true,false,false,,,,,,false,false,false,,,false,false,false,false,false,-83.22054,42.37436,"{
  ""coordinates"": [
    -8.322053578399991e+01,
    4.237435970900000e+01
  ],
  ""type"": ""Point""
}","{
  ""coordinates"": [
    -83.220535784,
    42.374359709
  ],
  ""type"": ""Point""
}",-83.2205357839999,42.374359709
20263,9178754,S M 10,LIVERNOIS,2015-02-02,2,2,2015,18,2,97,3,,1,0,,4,1,1,55,3,3,2,5,0,0,0,0,true,,false,false,false,false,false,,,,,,false,false,false,,,false,false,false,false,false,-83.14113,42.4048,"{
  ""coordinates"": [
    -8.314112514200001e+01,
    4.240479558700010e+01
  ],
  ""type"": ""Point""
}","{
  ""coordinates"": [
    -83.141125142,
    42.404795587
  ],
  ""type"": ""Point""
}",-83.141125142,42.4047955870001
20264,9173930,ARTESIAN,FORD,2015-02-02,2,2,2015,17,2,4,9,,,0,,4,1,1,25,2,2,1,5,0,0,0,0,true,,false,false,false,false,false,,,,,,false,false,false,,,false,false,false,false,false,-83.22523,42.32977,"{
  ""coordinates"": [
    -8.322522457799990e+01,
    4.232977310300000e+01
  ],
  ""type"": ""Point""
}","{
  ""coordinates"": [
    -83.225224578,
    42.329773103
  ],
  ""type"": ""Point""
}",-83.2252245779999,42.329773103
20265,9177356,E I 94,CASS,2015-02-02,2,2,2015,12,2,1,1,,1,1,,4,5,1,55,3,1,1,5,0,0,0,0,true,,false,false,false,false,false,,,,,,false,false,false,,,false,false,false,false,false,-83.0704,42.36276,"{
  ""coordinates"": [
    -8.307039646100000e+01,
    4.236276309800010e+01
  ],
  ""type"": ""Point""
}","{
  ""coordinates"": [
    -83.070396461,
    42.362763098
  ],
  ""type"": ""Point""
}",-83.070396461,42.3627630980001
20266,9178850,JOSEPHINE,JOHN R,2015-02-02,2,2,2015,20,2,5,9,,,0,,3,2,4,25,2,2,1,5,0,0,0,0,true,,false,false,false,false,false,,,,,,false,false,false,,,false,false,false,false,false,-83.07773,42.38333,"{
  ""coordinates"": [
    -8.307772634400000e+01,
    4.238333007600000e+01
  ],
  ""type"": ""Point""
}","{
  ""coordinates"": [
    -83.077726344,
    42.383330076
  ],
  ""type"": ""Point""
}",-83.077726344,42.383330076
20267,9173936,RAMP 215A,S M 10,2015-02-02,2,2,2015,10,2,8,1,,1,0,,4,5,1,35,2,2,1,5,0,0,0,0,true,,false,false,false,false,false,,,,,,false,false,false,,,false,false,false,false,false,-83.07645,42.35774,"{
  ""coordinates"": [
    -8.307645351799989e+01,
    4.235774053600010e+01
  ],
  ""type"": ""Point""
}","{
  ""coordinates"": [
    -83.076453518,
    42.357740536
  ],
  ""type"": ""Point""
}",-83.0764535179999,42.3577405360001
20268,9177342,I-96,OUTER,2015-02-02,2,2,2015,14,2,1,1,,1,1,,3,5,1,70,5,1,1,5,0,0,0,0,true,,false,false,false,false,false,,,,,,false,false,false,,,false,false,false,false,false,-83.25813,42.38566,"{
  ""coordinates"": [
    -8.325812997600001e+01,
    4.238566215800010e+01
  ],
  ""type"": ""Point""
}","{
  ""coordinates"": [
    -83.258129976,
    42.385662158
  ],
  ""type"": ""Point""
}",-83.258129976,42.3856621580001
20269,9177321,I-96,OUTER,2015-02-02,2,2,2015,15,2,97,1,,1,0,,3,1,1,70,5,2,2,4,0,0,0,1,false,,false,false,false,false,false,,,,,,false,false,false,,,false,false,false,false,false,-83.25657,42.38562,"{
  ""coordinates"": [
    -8.325657178300000e+01,
    4.238561869300000e+01
  ],
  ""type"": ""Point""
}","{
  ""coordinates"": [
    -83.256571783,
    42.385618693
  ],
  ""type"": ""Point""
}",-83.256571783,42.385618693
20270,9173921,N M 10,JEFFERSON,2015-02-02,2,2,2015,1,2,5,3,,1,0,,4,5,4,45,3,2,3,5,0,0,0,0,true,,false,false,false,false,false,,,,,,false,false,true,,,false,false,false,false,false,-83.04551,42.32835,"{
  ""coordinates"": [
    -8.304550809300000e+01,
    4.232834953100010e+01
  ],
  ""type"": ""Point""
}","{
  ""coordinates"": [
    -83.045508093,
    42.328349531
  ],
  ""type"": ""Point""
}",-83.045508093,42.3283495310001
20271,9173932,DACOSTA,EATON,2015-02-02,2,2,2015,7,2,8,9,,,3,,4,5,2,25,1,2,0,5,0,0,0,0,true,,false,false,true,false,false,,,,,,false,false,true,,,false,false,false,false,false,-83.26035,42.39545,"{
  ""coordinates"": [
    -8.326035281599999e+01,
    4.239544551700000e+01
  ],
  ""type"": ""Point""
}","{
  ""coordinates"": [
    -83.260352816,
    42.395445517
  ],
  ""type"": ""Point""
}",-83.260352816,42.395445517
20272,9177355,N I 75,W I 96,2015-02-02,2,2,2015,10,2,8,1,,1,0,,4,5,1,70,4,2,2,5,0,0,0,0,true,,false,false,false,false,false,,,,,,false,false,true,,,false,false,false,false,false,-83.08258,42.31836,"{
  ""coordinates"": [
    -8.308258234300000e+01,
    4.231836334100010e+01
  ],
  ""type"": ""Point""
}","{
  ""coordinates"": [
    -83.082582343,
    42.318363341
  ],
  ""type"": ""Point""
}",-83.082582343,42.3183633410001
20273,9173922,HENRY,LODGE SERVICE,2015-02-02,2,2,2015,8,2,4,9,,4,0,,4,5,1,35,2,2,2,5,0,0,0,0,true,,false,false,false,false,false,,,,,,false,false,false,,,false,false,false,false,false,-83.06589,42.33627,"{
  ""coordinates"": [
    -8.306588744000000e+01,
    4.233626663400000e+01
  ],
  ""type"": ""Point""
}","{
  ""coordinates"": [
    -83.06588744,
    42.336266634
  ],
  ""type"": ""Point""
}",-83.06588744,42.336266634
20274,9178875,8 MILE,8 MILE/MOUND,2015-02-02,2,2,2015,2,2,97,3,,1,0,,4,5,4,35,2,2,0,5,0,0,0,0,true,,false,false,true,false,false,,,,,,false,false,false,,,false,false,false,false,false,-83.0425,42.44781,"{
  ""coordinates"": [
    -8.304249694899990e+01,
    4.244780648800000e+01
  ],
  ""type"": ""Point""
}","{
  ""coordinates"": [
    -83.042496949,
    42.447806488
  ],
  ""type"": ""Point""
}",-83.0424969489999,42.447806488
20275,9173939,JEFFERSON,BALDWIN,2015-02-02,2,2,2015,16,2,5,9,,4,0,,4,1,1,30,8,2,2,5,0,0,0,0,true,,false,false,false,false,false,,,,,,false,false,false,,,false,false,false,false,false,-82.99773,42.34956,"{
  ""coordinates"": [
    -8.299772412300000e+01,
    4.234955498500010e+01
  ],
  ""type"": ""Point""
}","{
  ""coordinates"": [
    -82.997724123,
    42.349554985
  ],
  ""type"": ""Point""
}",-82.997724123,42.3495549850001
20276,9178919,WYOMING,8 MILE,2015-02-02,2,2,2015,14,2,97,3,,4,0,,4,1,1,35,4,2,2,5,0,0,0,0,true,,false,false,false,false,false,,,,,,false,false,false,,,false,false,false,false,false,-83.16149,42.44557,"{
  ""coordinates"": [
    -8.316149329500000e+01,
    4.244557154800000e+01
  ],
  ""type"": ""Point""
}","{
  ""coordinates"": [
    -83.161493295,
    42.445571548
  ],
  ""type"": ""Point""
}",-83.161493295,42.445571548
20277,9177320,I-94,GRATIOT,2015-02-02,2,2,2015,10,2,97,1,,1,0,,4,1,1,55,3,3,3,5,0,0,0,0,true,,false,false,false,false,false,,,,,,false,false,false,,,false,false,false,false,false,-83.0061,42.39157,"{
  ""coordinates"": [
    -8.300609935900000e+01,
    4.239157383700010e+01
  ],
  ""type"": ""Point""
}","{
  ""coordinates"": [
    -83.006099359,
    42.391573837
  ],
  ""type"": ""Point""
}",-83.006099359,42.3915738370001
20278,9178945,8 MILE,EXETER,2015-02-02,2,2,2015,18,2,5,3,,1,0,,3,1,4,40,4,2,2,4,0,0,0,2,false,,true,true,false,false,false,,,,,,false,false,false,,,false,false,false,false,false,-83.10531,42.44693,"{
  ""coordinates"": [
    -8.310531141000000e+01,
    4.244693527400010e+01
  ],
  ""type"": ""Point""
}","{
  ""coordinates"": [
    -83.10531141,
    42.446935274
  ],
  ""type"": ""Point""
}",-83.10531141,42.4469352740001
20279,9174978,HAYES,FAIRCREST,2015-02-02,2,2,2015,20,2,8,9,,4,0,,4,1,4,30,2,2,7,5,0,0,0,0,true,,false,false,false,false,false,,,,,,false,false,false,,,false,false,false,false,false,-82.9654,42.43234,"{
  ""coordinates"": [
    -8.296540438600000e+01,
    4.243234126600000e+01
  ],
  ""type"": ""Point""
}","{
  ""coordinates"": [
    -82.965404386,
    42.432341266
  ],
  ""type"": ""Point""
}",-82.965404386,42.432341266
20280,9173809,M-10,7 MILE,2015-02-02,2,2,2015,23,2,1,3,,1,1,,3,2,4,55,3,1,1,5,0,0,0,0,true,,false,false,false,false,false,,,,,,false,false,false,,,false,false,false,false,false,-83.1871,42.43098,"{
  ""coordinates"": [
    -8.318709573599990e+01,
    4.243097693700000e+01
  ],
  ""type"": ""Point""
}","{
  ""coordinates"": [
    -83.187095736,
    42.430976937
  ],
  ""type"": ""Point""
}",-83.1870957359999,42.430976937
20281,9178880,7 MILE,SOUTHFIELD SERVICE DRIVE,2015-02-02,2,2,2015,14,2,8,9,,2,0,,4,1,1,30,3,2,1,5,0,0,0,0,true,,false,false,true,false,false,,,,,,false,true,false,,,false,false,false,false,false,-83.21974,42.43001,"{
  ""coordinates"": [
    -8.321974186100000e+01,
    4.243000833400000e+01
  ],
  ""type"": ""Point""
}","{
  ""coordinates"": [
    -83.219741861,
    42.430008334
  ],
  ""type"": ""Point""
}",-83.219741861,42.430008334
20282,9174982,JOSEPH CAMPAU,VICTORIA,2015-02-02,2,2,2015,15,2,4,9,,4,0,,4,5,1,25,2,2,7,2,0,2,0,2,false,,false,false,false,false,false,,,,,,false,false,false,,,false,false,false,false,false,-83.07025,42.41516,"{
  ""coordinates"": [
    -8.307024783599999e+01,
    4.241516073900000e+01
  ],
  ""type"": ""Point""
}","{
  ""coordinates"": [
    -83.070247836,
    42.415160739
  ],
  ""type"": ""Point""
}",-83.070247836,42.415160739
20283,9174992,FULLERTON,NORTHLAWN,2015-02-02,2,2,2015,13,2,4,9,,4,0,,4,5,4,25,2,2,2,5,0,0,0,0,true,,false,false,false,false,false,,,,,,false,false,false,,,false,false,false,false,false,-83.15281,42.38089,"{
  ""coordinates"": [
    -8.315280720000000e+01,
    4.238089009000000e+01
  ],
  ""type"": ""Point""
}","{
  ""coordinates"": [
    -83.1528072,
    42.38089009
  ],
  ""type"": ""Point""
}",-83.1528072,42.38089009
20284,9174981,SAINT MARTINS,SHAFTSBURY,2015-02-02,2,2,2015,19,2,97,9,,,0,,3,2,3,35,2,2,2,5,0,0,0,0,true,,false,false,false,false,false,,,,,,false,true,false,,,false,false,false,false,false,-83.23181,42.43519,"{
  ""coordinates"": [
    -8.323180790000001e+01,
    4.243518841500000e+01
  ],
  ""type"": ""Point""
}","{
  ""coordinates"": [
    -83.2318079,
    42.435188415
  ],
  ""type"": ""Point""
}",-83.2318079,42.435188415
20285,9187535,FREER,SAINT STEPHENS,2015-02-02,2,2,2015,15,2,8,9,,,0,,4,5,1,25,2,2,0,5,0,0,0,0,true,,false,false,false,false,false,,,,,,false,false,false,,,false,false,false,false,false,-83.13242,42.32896,"{
  ""coordinates"": [
    -8.313242212599990e+01,
    4.232896129500010e+01
  ],
  ""type"": ""Point""
}","{
  ""coordinates"": [
    -83.132422126,
    42.328961295
  ],
  ""type"": ""Point""
}",-83.1324221259999,42.3289612950001
20286,9173925,FORT,TENTH,2015-02-02,2,2,2015,12,2,4,3,,1,0,,4,1,1,30,4,2,2,4,0,0,0,1,false,,false,false,false,false,false,,,,,,false,false,false,,,false,false,false,false,false,-83.06298,42.324,"{
  ""coordinates"": [
    -8.306298049299990e+01,
    4.232400054300010e+01
  ],
  ""type"": ""Point""
}","{
  ""coordinates"": [
    -83.062980493,
    42.324000543
  ],
  ""type"": ""Point""
}",-83.0629804929999,42.3240005430001
20287,9177322,I-75,WARREN,2015-02-02,2,2,2015,17,2,1,1,,1,1,,3,1,3,55,4,1,1,5,0,0,0,0,true,,false,false,false,false,false,,,,,,false,false,true,,,false,false,false,false,false,-83.0543,42.3605,"{
  ""coordinates"": [
    -8.305430177600000e+01,
    4.236049465700010e+01
  ],
  ""type"": ""Point""
}","{
  ""coordinates"": [
    -83.054301776,
    42.360494657
  ],
  ""type"": ""Point""
}",-83.054301776,42.3604946570001
20288,9177275,I-75,ROSA,2015-02-02,2,2,2015,14,2,8,9,,4,0,,3,1,1,55,3,3,3,5,0,0,0,0,true,,false,false,false,false,false,,,,,,false,true,true,,,false,false,false,false,false,-83.07347,42.33259,"{
  ""coordinates"": [
    -8.307347186000000e+01,
    4.233258787100000e+01
  ],
  ""type"": ""Point""
}","{
  ""coordinates"": [
    -83.07347186,
    42.332587871
  ],
  ""type"": ""Point""
}",-83.07347186,42.332587871
20289,9173759,M-10,PURITAN,2015-02-02,2,2,2015,18,2,1,3,,1,1,,4,5,4,55,3,1,2,3,0,0,2,0,false,,false,false,false,false,false,,,,,,false,false,true,,,false,false,false,false,false,-83.16475,42.40916,"{
  ""coordinates"": [
    -8.316474942000001e+01,
    4.240915617300000e+01
  ],
  ""type"": ""Point""
}","{
  ""coordinates"": [
    -83.16474942,
    42.409156173
  ],
  ""type"": ""Point""
}",-83.16474942,42.409156173
20290,9173927,EVANSTON,DICKERSON,2015-02-02,2,2,2015,7,2,5,9,,,0,,4,5,1,25,2,2,1,5,0,0,0,0,true,,false,false,false,false,false,,,,,,false,false,false,,,false,false,false,false,false,-82.97375,42.40283,"{
  ""coordinates"": [
    -8.297374746500000e+01,
    4.240282902800000e+01
  ],
  ""type"": ""Point""
}","{
  ""coordinates"": [
    -82.973747465,
    42.402829028
  ],
  ""type"": ""Point""
}",-82.973747465,42.402829028
20291,9217226,7 MILE,CHALMERS,2015-02-02,2,2,2015,9,2,5,9,,2,0,,97,98,1,30,2,2,3,5,0,0,0,0,true,,false,false,true,false,false,,,,,,false,false,true,,,false,false,false,false,false,-82.97527,42.43513,"{
  ""coordinates"": [
    -8.297527125499990e+01,
    4.243513133600000e+01
  ],
  ""type"": ""Point""
}","{
  ""coordinates"": [
    -82.975271255,
    42.435131336
  ],
  ""type"": ""Point""
}",-82.9752712549999,42.435131336
20292,9194425,THIRD,PLUM,2015-02-02,2,2,2015,13,2,5,9,,4,0,,6,1,1,30,2,2,2,5,0,0,0,0,true,,false,false,false,false,false,,,,,,false,false,false,,,false,false,false,false,false,-83.05936,42.33525,"{
  ""coordinates"": [
    -8.305936650200000e+01,
    4.233525029200010e+01
  ],
  ""type"": ""Point""
}","{
  ""coordinates"": [
    -83.059366502,
    42.335250292
  ],
  ""type"": ""Point""
}",-83.059366502,42.3352502920001
20293,9181877,W I 96,RAMP 134D,2015-02-02,2,2,2015,19,2,1,1,,1,1,,3,5,4,70,6,1,1,5,0,0,0,0,true,,false,false,false,false,false,,,,,,false,false,false,,,false,false,false,false,false,-83.26107,42.38578,"{
  ""coordinates"": [
    -8.326107150699990e+01,
    4.238577893900000e+01
  ],
  ""type"": ""Point""
}","{
  ""coordinates"": [
    -83.261071507,
    42.385778939
  ],
  ""type"": ""Point""
}",-83.2610715069999,42.385778939
20294,9191679,15020 GREENFIELD,FENKELL,2015-02-02,2,2,2015,6,2,5,9,,2,0,,4,5,4,30,4,2,5,2,0,1,1,0,false,,false,false,false,false,false,,,,,,false,false,false,,,false,false,false,false,false,-83.19861,42.39877,"{
  ""coordinates"": [
    -8.319860881200000e+01,
    4.239876788700010e+01
  ],
  ""type"": ""Point""
}","{
  ""coordinates"": [
    -83.198608812,
    42.398767887
  ],
  ""type"": ""Point""
}",-83.198608812,42.3987678870001
20295,9190126,LIVERNOIS,GRAND RIVER,2015-02-02,2,2,2015,1,2,5,3,,4,0,,3,5,3,35,2,2,1,5,0,0,0,0,true,,false,false,true,false,false,,,,,,false,false,false,,,false,false,false,false,false,-83.13878,42.36835,"{
  ""coordinates"": [
    -8.313878113899990e+01,
    4.236834564300010e+01
  ],
  ""type"": ""Point""
}","{
  ""coordinates"": [
    -83.138781139,
    42.368345643
  ],
  ""type"": ""Point""
}",-83.1387811389999,42.3683456430001
20296,9214874,CADIEUX,MACK,2015-02-02,2,2,2015,6,2,8,9,,4,0,,4,5,5,30,2,2,2,5,0,0,0,0,true,,false,false,false,false,false,,,,,,false,false,false,,,false,false,false,false,false,-82.92241,42.39486,"{
  ""coordinates"": [
    -8.292240690800000e+01,
    4.239485377300010e+01
  ],
  ""type"": ""Point""
}","{
  ""coordinates"": [
    -82.922406908,
    42.394853773
  ],
  ""type"": ""Point""
}",-82.922406908,42.3948537730001
20297,9205342,PLYMOUTH,HUBBELL,2015-02-02,2,2,2015,22,2,97,9,,4,0,,2,1,4,35,4,2,3,3,0,0,1,0,false,,false,false,false,false,false,,,,,,false,false,true,,,false,false,false,false,false,-83.18774,42.37283,"{
  ""coordinates"": [
    -8.318774250400000e+01,
    4.237283129400000e+01
  ],
  ""type"": ""Point""
}","{
  ""coordinates"": [
    -83.187742504,
    42.372831294
  ],
  ""type"": ""Point""
}",-83.187742504,42.372831294
20298,9203083,8 MILE,CORDELL,2015-02-02,2,2,2015,14,2,8,3,,1,0,,4,1,1,40,4,2,2,5,0,0,0,0,true,,false,false,false,false,false,,,,,,false,false,false,,,false,false,false,false,false,-82.95113,42.45015,"{
  ""coordinates"": [
    -8.295112916600000e+01,
    4.245014500500000e+01
  ],
  ""type"": ""Point""
}","{
  ""coordinates"": [
    -82.951129166,
    42.450145005
  ],
  ""type"": ""Point""
}",-82.951129166,42.450145005
20299,9177283,S/B M-10,MEYERS,2015-02-02,2,2,2015,1,2,2,3,,1,2,,4,5,4,55,3,2,3,5,0,0,0,0,true,,false,false,false,false,false,,,,,,false,false,false,,,false,false,false,false,false,-83.16953,42.41372,"{
  ""coordinates"": [
    -8.316952978099989e+01,
    4.241371425600000e+01
  ],
  ""type"": ""Point""
}","{
  ""coordinates"": [
    -83.169529781,
    42.413714256
  ],
  ""type"": ""Point""
}",-83.1695297809999,42.413714256
20300,9211381,E I 94,FRENCH,2015-02-02,2,2,2015,0,2,1,1,,1,1,,4,5,4,60,4,1,1,5,0,0,0,0,true,,false,false,false,false,false,,,,,,false,false,false,,,false,false,false,false,false,-82.99577,42.39228,"{
  ""coordinates"": [
    -8.299577652100000e+01,
    4.239227717300000e+01
  ],
  ""type"": ""Point""
}","{
  ""coordinates"": [
    -82.995776521,
    42.392277173
  ],
  ""type"": ""Point""
}",-82.995776521,42.392277173
20301,9200145,LAFAYETTE,,2015-02-02,2,2,2015,22,2,1,0,,4,1,,4,5,4,10,2,1,1,4,0,0,0,1,false,,false,false,false,false,false,,,,,,false,false,false,,,false,false,false,false,false,-83.08678,42.31613,"{
  ""coordinates"": [
    -8.308677567900000e+01,
    4.231612883100010e+01
  ],
  ""type"": ""Point""
}","{
  ""coordinates"": [
    -83.086775679,
    42.316128831
  ],
  ""type"": ""Point""
}",-83.086775679,42.3161288310001