ObjectId,Crash ID,Primary Road,Intersecting Road,Crash Date,Day,Month,Year,Hour,Weekday,Crash Type Code,Highway Classification Code,Community Code,Jurisdiction Code,Lane Departure Type Code,Surface Type,Road Condition,Weather Condition,Lighting Condition,Speed Limit,Lanes,Units,Occupants,Most Severe Injury,Fatal Injuries,Suspected Serious Injuries,Suspected Minor Injuries,Possible Injuries,Property Damage Only,Secondary Crash,Traffic Control,Red Light Run,Hit and Run,Alcohol,Drugs,Unbelted Person,Work Zone,Speeding Driver,Distracted Driver,Driveway,Pedestrian,Elderly Driver,Young Driver,Commercial Vehicle,Emergency Vehicles,Train,School Bus,Motorcycle,Bicycle,Deer,Longitude,Latitude,geom,geog,x,y
20302,9222627,LAHSER,FARGO,2015-02-02,2,2,2015,10,2,5,9,,2,0,,4,5,1,35,4,2,2,5,0,0,0,0,true,,false,false,false,false,false,,,,,,false,false,false,,,false,false,false,false,false,-83.25863,42.43794,"{
  ""coordinates"": [
    -8.325862644300000e+01,
    4.243794289500000e+01
  ],
  ""type"": ""Point""
}","{
  ""coordinates"": [
    -83.258626443,
    42.437942895
  ],
  ""type"": ""Point""
}",-83.258626443,42.437942895
20303,9207046,WYOMING,E I 96 SERVICE DRIVE,2015-02-02,2,2,2015,20,2,4,9,,4,0,,4,1,5,30,4,2,2,5,0,0,0,0,true,,true,true,true,false,false,,,,,,false,false,true,,,false,false,false,false,false,-83.15895,42.38464,"{
  ""coordinates"": [
    -8.315894812499990e+01,
    4.238463871200000e+01
  ],
  ""type"": ""Point""
}","{
  ""coordinates"": [
    -83.158948125,
    42.384638712
  ],
  ""type"": ""Point""
}",-83.1589481249999,42.384638712
20304,9194302,GRAND RIVER,STEEL,2015-02-02,2,2,2015,15,2,4,3,,1,0,,3,1,1,35,2,2,4,5,0,0,0,0,true,,false,false,false,false,false,,,,,,false,false,false,,,false,false,false,false,false,-83.17059,42.38147,"{
  ""coordinates"": [
    -8.317058843699991e+01,
    4.238147251600000e+01
  ],
  ""type"": ""Point""
}","{
  ""coordinates"": [
    -83.170588437,
    42.381472516
  ],
  ""type"": ""Point""
}",-83.1705884369999,42.381472516
20305,9173924,FORT,ROSA PARKS,2015-02-02,2,2,2015,10,2,4,3,,1,0,,3,5,1,30,4,2,2,5,0,0,0,0,true,,false,false,false,false,false,,,,,,false,false,false,,,false,false,false,false,false,-83.0668,42.32237,"{
  ""coordinates"": [
    -8.306680238800000e+01,
    4.232236706000000e+01
  ],
  ""type"": ""Point""
}","{
  ""coordinates"": [
    -83.066802388,
    42.32236706
  ],
  ""type"": ""Point""
}",-83.066802388,42.32236706
20306,9211349,JEFFERSON,CONNER,2015-02-02,2,2,2015,12,2,5,9,,4,0,,4,1,1,35,7,2,1,5,0,0,0,0,true,,false,false,true,false,false,,,,,,false,false,false,,,false,false,false,false,false,-82.95872,42.37002,"{
  ""coordinates"": [
    -8.295872327399999e+01,
    4.237001675200000e+01
  ],
  ""type"": ""Point""
}","{
  ""coordinates"": [
    -82.958723274,
    42.370016752
  ],
  ""type"": ""Point""
}",-82.958723274,42.370016752
20307,9173931,JEFFERSON,MILITARY,2015-02-02,2,2,2015,1,2,5,9,,4,0,,4,5,5,40,3,2,4,5,0,0,0,0,true,,false,false,false,false,false,,,,,,false,false,true,,,false,false,false,false,false,-83.09608,42.30192,"{
  ""coordinates"": [
    -8.309607728899989e+01,
    4.230192205800010e+01
  ],
  ""type"": ""Point""
}","{
  ""coordinates"": [
    -83.096077289,
    42.301922058
  ],
  ""type"": ""Point""
}",-83.0960772889999,42.3019220580001
20308,9188579,MCCLELLAN,JEFFERSON,2015-02-02,2,2,2015,16,2,4,9,,4,0,,4,1,1,35,3,2,1,5,0,0,0,0,true,,false,false,false,false,false,,,,,,false,false,false,,,false,false,false,false,false,-82.98458,42.35881,"{
  ""coordinates"": [
    -8.298458008900000e+01,
    4.235881548900010e+01
  ],
  ""type"": ""Point""
}","{
  ""coordinates"": [
    -82.984580089,
    42.358815489
  ],
  ""type"": ""Point""
}",-82.984580089,42.3588154890001
20309,9196577,JOY,ALPINE,2015-02-02,2,2,2015,12,2,97,9,,4,0,,4,5,1,25,2,2,2,3,0,0,1,0,false,,false,false,false,false,false,,,,,,false,false,true,,,false,false,false,false,false,-83.14747,42.35917,"{
  ""coordinates"": [
    -8.314746611399990e+01,
    4.235916620600010e+01
  ],
  ""type"": ""Point""
}","{
  ""coordinates"": [
    -83.147466114,
    42.359166206
  ],
  ""type"": ""Point""
}",-83.1474661139999,42.3591662060001
20310,9188594,HAYES,LINNHURST,2015-02-02,2,2,2015,13,2,4,9,,4,0,,4,1,1,30,2,2,1,5,0,0,0,0,true,,false,false,true,false,false,,,,,,false,false,false,,,false,false,false,false,false,-82.96539,42.43158,"{
  ""coordinates"": [
    -8.296538506199990e+01,
    4.243157530600010e+01
  ],
  ""type"": ""Point""
}","{
  ""coordinates"": [
    -82.965385062,
    42.431575306
  ],
  ""type"": ""Point""
}",-82.9653850619999,42.4315753060001
20311,9194313,GRAND RIVER,TELEGRAPH,2015-02-02,2,2,2015,7,2,4,2,,,0,,4,1,1,30,4,2,1,5,0,0,0,0,true,,true,true,true,false,false,,,,,,false,false,false,,,false,false,false,false,false,-83.27765,42.42224,"{
  ""coordinates"": [
    -8.327765031699990e+01,
    4.242223580300000e+01
  ],
  ""type"": ""Point""
}","{
  ""coordinates"": [
    -83.277650317,
    42.422235803
  ],
  ""type"": ""Point""
}",-83.2776503169999,42.422235803
20312,9190167,OUTER,KLINGER,2015-02-02,2,2,2015,17,2,4,9,,2,0,,4,1,4,35,4,2,2,5,0,0,0,0,true,,false,false,true,false,false,,,,,,false,true,false,,,false,false,false,false,false,-83.06963,42.44043,"{
  ""coordinates"": [
    -8.306963146100000e+01,
    4.244042821800010e+01
  ],
  ""type"": ""Point""
}","{
  ""coordinates"": [
    -83.069631461,
    42.440428218
  ],
  ""type"": ""Point""
}",-83.069631461,42.4404282180001
20313,9203101,GRATIOT,8 MILE,2015-02-02,2,2,2015,13,2,5,3,,1,0,,4,1,1,35,7,2,2,5,0,0,0,0,true,,false,false,false,false,false,,,,,,false,true,false,,,false,false,false,false,false,-82.96803,42.44969,"{
  ""coordinates"": [
    -8.296802525500000e+01,
    4.244969226100010e+01
  ],
  ""type"": ""Point""
}","{
  ""coordinates"": [
    -82.968025255,
    42.449692261
  ],
  ""type"": ""Point""
}",-82.968025255,42.4496922610001
20314,9188627,8 MILE,RYAN,2015-02-02,2,2,2015,16,2,1,3,,1,1,,4,5,1,40,6,1,1,5,0,0,0,0,true,,false,false,false,false,false,,,,,,false,false,true,,,false,false,false,false,false,-83.06369,42.44726,"{
  ""coordinates"": [
    -8.306369211099999e+01,
    4.244726197000010e+01
  ],
  ""type"": ""Point""
}","{
  ""coordinates"": [
    -83.063692111,
    42.44726197
  ],
  ""type"": ""Point""
}",-83.063692111,42.4472619700001
20315,9177290,N I 75,RAMP 216B,2015-02-02,2,2,2015,14,2,1,1,,1,1,,3,1,1,70,3,1,1,5,0,0,0,0,true,,false,false,false,false,false,,,,,,false,true,false,,,false,false,false,false,false,-83.0573,42.36722,"{
  ""coordinates"": [
    -8.305730436399990e+01,
    4.236721667400010e+01
  ],
  ""type"": ""Point""
}","{
  ""coordinates"": [
    -83.057304364,
    42.367216674
  ],
  ""type"": ""Point""
}",-83.0573043639999,42.3672166740001
20316,9202990,VANDYKE,CANFIELD,2015-02-02,2,2,2015,3,2,97,9,,4,3,,4,5,5,30,4,2,0,5,0,0,0,0,true,,false,false,true,false,false,,,,,,false,false,false,,,false,false,false,false,false,-83.00971,42.37197,"{
  ""coordinates"": [
    -8.300971480899990e+01,
    4.237197362900010e+01
  ],
  ""type"": ""Point""
}","{
  ""coordinates"": [
    -83.009714809,
    42.371973629
  ],
  ""type"": ""Point""
}",-83.0097148089999,42.3719736290001
20317,9194320,LITTLEFIELD,I-96 SERVICE,2015-02-02,2,2,2015,13,2,5,1,,,0,,4,5,1,25,1,2,2,5,0,0,0,0,true,,false,false,true,false,false,,,,,,false,false,false,,,false,false,false,false,false,-83.17567,42.38309,"{
  ""coordinates"": [
    -8.317567696600000e+01,
    4.238309049200010e+01
  ],
  ""type"": ""Point""
}","{
  ""coordinates"": [
    -83.175676966,
    42.383090492
  ],
  ""type"": ""Point""
}",-83.175676966,42.3830904920001
20318,9203120,SOMERSET,MOROSS,2015-02-02,2,2,2015,10,2,8,9,,,0,,4,1,1,25,1,2,1,5,0,0,0,0,true,,false,false,true,false,false,,,,,,false,false,false,,,false,false,false,false,false,-82.93971,42.42873,"{
  ""coordinates"": [
    -8.293971154899999e+01,
    4.242873516800010e+01
  ],
  ""type"": ""Point""
}","{
  ""coordinates"": [
    -82.939711549,
    42.428735168
  ],
  ""type"": ""Point""
}",-82.939711549,42.4287351680001
20319,9216083,RAMP 223A,RAMP 223B,2015-02-02,2,2,2015,7,2,4,1,,1,0,,4,5,4,25,2,2,2,5,0,0,0,0,true,,false,false,true,false,false,,,,,,false,false,false,,,false,false,false,false,false,-82.93695,42.41687,"{
  ""coordinates"": [
    -8.293695175600000e+01,
    4.241687059400000e+01
  ],
  ""type"": ""Point""
}","{
  ""coordinates"": [
    -82.936951756,
    42.416870594
  ],
  ""type"": ""Point""
}",-82.936951756,42.416870594
20320,9186433,ARTESIAN,KIRKWOOD,2015-02-02,2,2,2015,16,2,97,9,,,0,,4,5,1,25,2,2,2,5,0,0,0,0,true,,false,false,false,false,false,,,,,,false,false,false,,,false,false,false,false,false,-83.22528,42.33183,"{
  ""coordinates"": [
    -8.322528355599999e+01,
    4.233182723100000e+01
  ],
  ""type"": ""Point""
}","{
  ""coordinates"": [
    -83.225283556,
    42.331827231
  ],
  ""type"": ""Point""
}",-83.225283556,42.331827231
20321,9187593,CENTRAL,LAFAYETTE,2015-02-02,2,2,2015,21,2,5,9,,4,0,,4,1,5,25,4,2,1,5,0,0,0,0,true,,false,false,true,false,false,,,,,,false,false,false,,,false,false,false,false,false,-83.11847,42.30391,"{
  ""coordinates"": [
    -8.311847137500000e+01,
    4.230390675500010e+01
  ],
  ""type"": ""Point""
}","{
  ""coordinates"": [
    -83.118471375,
    42.303906755
  ],
  ""type"": ""Point""
}",-83.118471375,42.3039067550001
20322,9177339,N M 10,RAMP 108D,2015-02-01,1,2,2015,15,1,8,3,,1,0,,4,5,1,55,3,2,3,5,0,0,0,0,true,,false,false,false,false,false,,,,,,false,false,true,,,false,false,false,false,false,-83.13245,42.40508,"{
  ""coordinates"": [
    -8.313244566299990e+01,
    4.240508231100010e+01
  ],
  ""type"": ""Point""
}","{
  ""coordinates"": [
    -83.132445663,
    42.405082311
  ],
  ""type"": ""Point""
}",-83.1324456629999,42.4050823110001
20323,9194383,N I 75 SERVICE DRIVE,CANFIELD,2015-02-01,1,2,2015,23,1,9,9,,4,2,,97,98,98,10,2,2,0,5,0,0,0,0,true,,false,false,false,false,false,,,,,,false,false,false,,,false,false,false,false,false,-83.0511,42.35698,"{
  ""coordinates"": [
    -8.305110257199991e+01,
    4.235698136700010e+01
  ],
  ""type"": ""Point""
}","{
  ""coordinates"": [
    -83.051102572,
    42.356981367
  ],
  ""type"": ""Point""
}",-83.0511025719999,42.3569813670001
20324,9202520,SB M10,MEYER,2015-02-01,1,2,2015,14,1,97,3,,1,0,,3,5,1,55,3,2,4,4,0,0,0,2,false,,false,false,false,false,false,,,,,,false,false,false,,,false,false,false,false,false,-83.17216,42.41656,"{
  ""coordinates"": [
    -8.317216619300000e+01,
    4.241655543200010e+01
  ],
  ""type"": ""Point""
}","{
  ""coordinates"": [
    -83.172166193,
    42.416555432
  ],
  ""type"": ""Point""
}",-83.172166193,42.4165554320001
20325,9187548,SPRINGWELLS,CHAMBERLAIN,2015-02-01,1,2,2015,16,1,1,9,,4,1,,4,5,1,30,1,1,1,5,0,0,0,0,true,,false,false,false,false,false,,,,,,false,false,false,,,false,false,false,false,false,-83.12192,42.30416,"{
  ""coordinates"": [
    -8.312191534399990e+01,
    4.230416304000000e+01
  ],
  ""type"": ""Point""
}","{
  ""coordinates"": [
    -83.121915344,
    42.30416304
  ],
  ""type"": ""Point""
}",-83.1219153439999,42.30416304
20326,9172941,JEFFERSON,SEYBURN,2015-02-01,1,2,2015,11,1,8,9,,4,0,,4,5,1,35,6,2,2,5,0,0,0,0,true,,false,false,false,false,false,,,,,,false,false,true,,,false,false,false,false,false,-82.99675,42.35019,"{
  ""coordinates"": [
    -8.299675246500000e+01,
    4.235018354500000e+01
  ],
  ""type"": ""Point""
}","{
  ""coordinates"": [
    -82.996752465,
    42.350183545
  ],
  ""type"": ""Point""
}",-82.996752465,42.350183545
20327,9173937,8 MILE,SCHAEFER,2015-02-01,1,2,2015,23,1,5,3,,1,0,,4,5,3,25,2,2,3,5,0,0,0,0,true,,false,false,false,false,false,,,,,,false,false,true,,,false,false,false,false,false,-83.18087,42.44519,"{
  ""coordinates"": [
    -8.318087276999999e+01,
    4.244519210900010e+01
  ],
  ""type"": ""Point""
}","{
  ""coordinates"": [
    -83.18087277,
    42.445192109
  ],
  ""type"": ""Point""
}",-83.18087277,42.4451921090001
20328,9172964,8 MILE,STRATFORD,2015-02-01,1,2,2015,15,1,4,3,,1,0,,4,5,1,40,4,2,2,4,0,0,0,1,false,,false,false,false,false,false,,,,,,false,false,true,,,false,false,false,false,false,-83.13654,42.4462,"{
  ""coordinates"": [
    -8.313654500299999e+01,
    4.244619711200000e+01
  ],
  ""type"": ""Point""
}","{
  ""coordinates"": [
    -83.136545003,
    42.446197112
  ],
  ""type"": ""Point""
}",-83.136545003,42.446197112
20329,9177230,I-75,SCHAEFER,2015-02-01,1,2,2015,15,1,97,1,,1,0,,4,5,1,70,4,2,2,5,0,0,0,0,true,,false,false,false,false,false,,,,,,false,false,false,,,false,false,false,false,false,-83.14948,42.28203,"{
  ""coordinates"": [
    -8.314948091299991e+01,
    4.228203245100010e+01
  ],
  ""type"": ""Point""
}","{
  ""coordinates"": [
    -83.149480913,
    42.282032451
  ],
  ""type"": ""Point""
}",-83.1494809129999,42.2820324510001
20330,9187533,SCHAEFER,FORT,2015-02-01,1,2,2015,14,1,7,7,,2,0,,4,5,1,35,3,3,3,5,0,0,0,0,true,,false,false,false,false,false,,,,,,false,false,true,,,false,false,false,false,false,-83.15498,42.27606,"{
  ""coordinates"": [
    -8.315498405699999e+01,
    4.227606194200010e+01
  ],
  ""type"": ""Point""
}","{
  ""coordinates"": [
    -83.154984057,
    42.276061942
  ],
  ""type"": ""Point""
}",-83.154984057,42.2760619420001
20331,9194366,N I 75 SERVICE DRIVE,WARREN,2015-02-01,1,2,2015,11,1,5,9,,4,0,,3,2,1,30,3,2,2,4,0,0,0,1,false,,false,false,false,false,false,,,,,,false,false,true,,,false,false,false,false,false,-83.05374,42.36084,"{
  ""coordinates"": [
    -8.305374354700000e+01,
    4.236084235900010e+01
  ],
  ""type"": ""Point""
}","{
  ""coordinates"": [
    -83.053743547,
    42.360842359
  ],
  ""type"": ""Point""
}",-83.053743547,42.3608423590001
20332,9203038,I94,FRENCH,2015-02-01,1,2,2015,13,1,8,1,,1,0,,4,5,1,55,3,2,3,4,0,0,0,1,false,,false,false,false,false,false,,,,,,false,true,false,,,false,false,false,false,false,-82.99484,42.3926,"{
  ""coordinates"": [
    -8.299484371400000e+01,
    4.239260443300000e+01
  ],
  ""type"": ""Point""
}","{
  ""coordinates"": [
    -82.994843714,
    42.392604433
  ],
  ""type"": ""Point""
}",-82.994843714,42.392604433
20333,9177226,W I 96 CD,BURT,2015-02-01,1,2,2015,8,1,1,1,,1,1,,4,5,1,55,3,1,1,5,0,0,0,0,true,,false,false,false,false,false,,,,,,false,false,false,,,false,false,false,false,false,-83.24639,42.38578,"{
  ""coordinates"": [
    -8.324639243000000e+01,
    4.238578110100010e+01
  ],
  ""type"": ""Point""
}","{
  ""coordinates"": [
    -83.24639243,
    42.385781101
  ],
  ""type"": ""Point""
}",-83.24639243,42.3857811010001
20334,9190725,RAMP 224B,E I 94 SERVICE DRIVE,2015-02-01,1,2,2015,14,1,1,1,,1,1,,4,5,1,55,3,1,1,5,0,0,0,0,true,,false,false,false,false,false,,,,,,false,false,false,,,false,false,false,false,false,-82.92774,42.4251,"{
  ""coordinates"": [
    -8.292774452099999e+01,
    4.242510409000000e+01
  ],
  ""type"": ""Point""
}","{
  ""coordinates"": [
    -82.927744521,
    42.42510409
  ],
  ""type"": ""Point""
}",-82.927744521,42.42510409
20335,9177297,S/B I-75,MACK,2015-02-01,1,2,2015,5,1,8,1,,1,0,,4,5,4,55,4,2,1,5,0,0,0,0,true,,false,false,true,false,false,,,,,,false,false,false,,,false,false,false,false,false,-83.0525,42.35773,"{
  ""coordinates"": [
    -8.305250028099989e+01,
    4.235772929100010e+01
  ],
  ""type"": ""Point""
}","{
  ""coordinates"": [
    -83.052500281,
    42.357729291
  ],
  ""type"": ""Point""
}",-83.0525002809999,42.3577292910001
20336,9177340,RAMP 041E,RAMP 041G,2015-02-01,1,2,2015,16,1,1,1,,1,1,,4,5,1,0,2,1,1,5,0,0,0,0,true,,false,false,false,false,false,,,,,,false,false,true,,,false,false,false,false,false,-83.04443,42.3442,"{
  ""coordinates"": [
    -8.304443203300001e+01,
    4.234419726900010e+01
  ],
  ""type"": ""Point""
}","{
  ""coordinates"": [
    -83.044432033,
    42.344197269
  ],
  ""type"": ""Point""
}",-83.044432033,42.3441972690001
20337,9214914,COLLEGE,GUNSTON,2015-02-01,1,2,2015,21,1,2,3,,,2,,4,5,5,25,1,2,1,5,0,0,0,0,true,,false,false,true,false,false,,,,,,false,false,false,,,false,false,false,false,false,-83.00067,42.41609,"{
  ""coordinates"": [
    -8.300067484999990e+01,
    4.241609083700010e+01
  ],
  ""type"": ""Point""
}","{
  ""coordinates"": [
    -83.00067485,
    42.416090837
  ],
  ""type"": ""Point""
}",-83.0006748499999,42.4160908370001
20338,9179910,TELEGRAPH,TELEGRAPH/MCNICHOLS,2015-02-01,1,2,2015,17,1,3,2,,1,0,,4,5,4,45,4,2,5,5,0,0,0,0,true,,false,false,false,false,false,,,,,,false,false,true,,,false,false,false,false,false,-83.27703,42.41603,"{
  ""coordinates"": [
    -8.327703311600000e+01,
    4.241603238300010e+01
  ],
  ""type"": ""Point""
}","{
  ""coordinates"": [
    -83.277033116,
    42.416032383
  ],
  ""type"": ""Point""
}",-83.277033116,42.4160323830001
20339,9171828,NB I-75,8 MILE,2015-02-01,1,2,2015,2,1,1,1,,1,1,,4,2,4,70,3,1,1,3,0,0,1,0,false,,false,false,false,true,true,,,,,,false,false,false,,,false,false,false,false,false,-83.09466,42.44535,"{
  ""coordinates"": [
    -8.309465672399990e+01,
    4.244534592400000e+01
  ],
  ""type"": ""Point""
}","{
  ""coordinates"": [
    -83.094656724,
    42.445345924
  ],
  ""type"": ""Point""
}",-83.0946567239999,42.445345924
20340,9177337,I-75,SCHAEFER,2015-02-01,1,2,2015,12,1,1,1,,1,1,,6,5,1,70,4,1,2,5,0,0,0,0,true,,false,false,false,false,false,,,,,,false,false,false,,,false,false,false,false,false,-83.14932,42.28189,"{
  ""coordinates"": [
    -8.314932007800000e+01,
    4.228189430300010e+01
  ],
  ""type"": ""Point""
}","{
  ""coordinates"": [
    -83.149320078,
    42.281894303
  ],
  ""type"": ""Point""
}",-83.149320078,42.2818943030001
20341,9177304,S I 75,FORMAN,2015-02-01,1,2,2015,21,1,8,1,,1,0,,4,5,4,55,3,2,2,5,0,0,0,0,true,,false,false,false,false,false,,,,,,false,false,false,,,false,false,false,false,false,-83.13591,42.28847,"{
  ""coordinates"": [
    -8.313590783399999e+01,
    4.228846830800010e+01
  ],
  ""type"": ""Point""
}","{
  ""coordinates"": [
    -83.135907834,
    42.288468308
  ],
  ""type"": ""Point""
}",-83.135907834,42.2884683080001
20342,9176091,S M 39,RAMP 007D,2015-02-01,1,2,2015,18,1,5,3,,1,0,,4,5,4,55,3,2,2,5,0,0,0,0,true,,false,false,false,false,false,,,,,,false,false,true,,,false,false,false,false,false,-83.21642,42.35422,"{
  ""coordinates"": [
    -8.321641888399991e+01,
    4.235422101200000e+01
  ],
  ""type"": ""Point""
}","{
  ""coordinates"": [
    -83.216418884,
    42.354221012
  ],
  ""type"": ""Point""
}",-83.2164188839999,42.354221012
20343,9172936,REX,EDMORE,2015-02-01,1,2,2015,9,1,4,9,,,0,,4,5,1,25,2,2,2,5,0,0,0,0,true,,false,false,true,false,false,,,,,,false,false,true,,,false,false,false,false,false,-82.9586,42.44733,"{
  ""coordinates"": [
    -8.295859231500000e+01,
    4.244732640500010e+01
  ],
  ""type"": ""Point""
}","{
  ""coordinates"": [
    -82.958592315,
    42.447326405
  ],
  ""type"": ""Point""
}",-82.958592315,42.4473264050001
20344,9173929,GREENFIELD,KENDALL,2015-02-01,1,2,2015,14,1,5,9,,2,0,,6,5,1,35,5,2,5,3,0,0,1,2,false,,false,false,false,false,false,,,,,,false,false,false,,,false,false,false,false,false,-83.19824,42.38929,"{
  ""coordinates"": [
    -8.319824106000000e+01,
    4.238928974400010e+01
  ],
  ""type"": ""Point""
}","{
  ""coordinates"": [
    -83.19824106,
    42.389289744
  ],
  ""type"": ""Point""
}",-83.19824106,42.3892897440001
20345,9173944,EATON,PRAIRIE,2015-02-01,1,2,2015,19,1,97,9,,,0,,4,5,4,25,2,2,0,5,0,0,0,0,true,,false,false,true,false,false,,,,,,false,false,false,,,false,false,false,false,false,-83.14456,42.39808,"{
  ""coordinates"": [
    -8.314456507499990e+01,
    4.239808404700010e+01
  ],
  ""type"": ""Point""
}","{
  ""coordinates"": [
    -83.144565075,
    42.398084047
  ],
  ""type"": ""Point""
}",-83.1445650749999,42.3980840470001
20346,9203018,SOUTHFIELD SERVICE DRIVE,PURITAN,2015-02-01,1,2,2015,23,1,4,9,,4,0,,4,5,4,30,3,2,3,5,0,0,0,0,true,,true,true,false,false,false,,,,,,false,false,false,,,false,false,false,false,false,-83.21899,42.40828,"{
  ""coordinates"": [
    -8.321898419900000e+01,
    4.240827600700000e+01
  ],
  ""type"": ""Point""
}","{
  ""coordinates"": [
    -83.218984199,
    42.408276007
  ],
  ""type"": ""Point""
}",-83.218984199,42.408276007
20347,9616860,OUTER,BILTMORE,2015-02-01,1,2,2015,19,1,1,9,,2,0,,2,4,5,30,3,1,1,5,0,0,0,0,true,,false,false,false,false,false,,,,,,false,false,false,,,false,false,false,false,false,-83.21102,42.41923,"{
  ""coordinates"": [
    -8.321102210399989e+01,
    4.241922755000010e+01
  ],
  ""type"": ""Point""
}","{
  ""coordinates"": [
    -83.211022104,
    42.41922755
  ],
  ""type"": ""Point""
}",-83.2110221039999,42.4192275500001
20348,9177314,N/B M10,GLENDALE,2015-02-01,1,2,2015,11,1,1,3,,1,1,,4,5,1,55,3,1,2,4,0,0,0,1,false,,false,false,false,false,false,,,,,,false,false,false,,,false,false,false,false,false,-83.10535,42.39233,"{
  ""coordinates"": [
    -8.310534292900000e+01,
    4.239233236700010e+01
  ],
  ""type"": ""Point""
}","{
  ""coordinates"": [
    -83.105342929,
    42.392332367
  ],
  ""type"": ""Point""
}",-83.105342929,42.3923323670001
20349,9177351,I 94,FRENCH,2015-02-01,1,2,2015,11,1,97,1,,1,0,,4,5,1,55,3,2,2,5,0,0,0,0,true,,false,false,false,false,false,,,,,,false,false,false,,,false,false,false,false,false,-82.99622,42.39221,"{
  ""coordinates"": [
    -8.299621798899990e+01,
    4.239220946400010e+01
  ],
  ""type"": ""Point""
}","{
  ""coordinates"": [
    -82.996217989,
    42.392209464
  ],
  ""type"": ""Point""
}",-82.9962179889999,42.3922094640001
20350,9173943,TYLER,DEXTER,2015-02-01,1,2,2015,22,1,7,9,,,0,,4,1,4,25,1,2,2,5,0,0,0,0,true,,false,false,false,false,false,,,,,,false,false,false,,,false,false,false,false,false,-83.12997,42.38842,"{
  ""coordinates"": [
    -8.312996820900000e+01,
    4.238841664700000e+01
  ],
  ""type"": ""Point""
}","{
  ""coordinates"": [
    -83.129968209,
    42.388416647
  ],
  ""type"": ""Point""
}",-83.129968209,42.388416647
20351,9177271,M-39,SCHOOLCRAFT,2015-02-01,1,2,2015,5,1,1,3,,1,1,,3,5,4,55,3,1,0,5,0,0,0,0,true,,false,false,true,false,false,,,,,,false,false,false,,,false,false,false,false,false,-83.21738,42.38308,"{
  ""coordinates"": [
    -8.321737432700000e+01,
    4.238308132200010e+01
  ],
  ""type"": ""Point""
}","{
  ""coordinates"": [
    -83.217374327,
    42.383081322
  ],
  ""type"": ""Point""
}",-83.217374327,42.3830813220001
20352,9178887,EVERGREEN,7MILE,2015-02-01,1,2,2015,22,1,5,9,,4,0,,4,5,4,35,4,2,2,5,0,0,0,0,true,,false,false,true,false,false,,,,,,false,false,false,,,false,false,false,false,false,-83.23906,42.43507,"{
  ""coordinates"": [
    -8.323906097600000e+01,
    4.243507060400000e+01
  ],
  ""type"": ""Point""
}","{
  ""coordinates"": [
    -83.239060976,
    42.435070604
  ],
  ""type"": ""Point""
}",-83.239060976,42.435070604
20353,9177224,S M 10,RAMP 215G,2015-02-01,1,2,2015,0,1,1,3,,1,1,,1,2,4,55,3,1,1,3,0,0,1,0,false,,false,false,false,true,false,,,,,,false,false,false,,,false,false,false,false,false,-83.07881,42.36267,"{
  ""coordinates"": [
    -8.307881358400000e+01,
    4.236266555900000e+01
  ],
  ""type"": ""Point""
}","{
  ""coordinates"": [
    -83.078813584,
    42.362665559
  ],
  ""type"": ""Point""
}",-83.078813584,42.362665559
20354,9199213,8 MILE,GROESBECK,2015-02-01,1,2,2015,5,1,4,3,,1,0,,4,5,4,40,7,2,2,5,0,0,0,0,true,,true,true,false,false,false,,,,,,false,false,true,,,false,false,false,false,false,-83.00291,42.44889,"{
  ""coordinates"": [
    -8.300290437800000e+01,
    4.244889499900010e+01
  ],
  ""type"": ""Point""
}","{
  ""coordinates"": [
    -83.002904378,
    42.448894999
  ],
  ""type"": ""Point""
}",-83.002904378,42.4488949990001
20355,9189873,I-94,NOTTINGHAM,2015-02-01,1,2,2015,22,1,1,1,,1,0,,4,5,5,70,3,1,1,5,0,0,0,0,true,,false,false,false,false,false,,,,,,false,false,false,,,false,false,false,false,false,-82.94609,42.41089,"{
  ""coordinates"": [
    -8.294609261300000e+01,
    4.241089402800000e+01
  ],
  ""type"": ""Point""
}","{
  ""coordinates"": [
    -82.946092613,
    42.410894028
  ],
  ""type"": ""Point""
}",-82.946092613,42.410894028
20356,9178849,PARK,N I 75 SERVICE DRIVE,2015-02-01,1,2,2015,2,1,1,9,,4,1,,3,5,5,25,1,1,1,5,0,0,0,0,true,,false,false,false,false,false,,,,,,false,false,false,,,false,false,false,false,false,-83.05428,42.33861,"{
  ""coordinates"": [
    -8.305427170400000e+01,
    4.233860764000010e+01
  ],
  ""type"": ""Point""
}","{
  ""coordinates"": [
    -83.054271704,
    42.33860764
  ],
  ""type"": ""Point""
}",-83.054271704,42.3386076400001
20357,9194344,STOUT,CHICAGO,2015-02-01,1,2,2015,0,1,2,9,,,2,,3,2,5,25,2,2,0,5,0,0,0,0,true,,false,false,true,false,false,,,,,,false,false,false,,,false,false,false,false,false,-83.23966,42.36382,"{
  ""coordinates"": [
    -8.323966266300000e+01,
    4.236381398200010e+01
  ],
  ""type"": ""Point""
}","{
  ""coordinates"": [
    -83.239662663,
    42.363813982
  ],
  ""type"": ""Point""
}",-83.239662663,42.3638139820001
20358,9187522,MICHIGAN,LUMLEY,2015-02-01,1,2,2015,2,1,1,2,,1,1,,4,5,4,30,5,1,1,5,0,0,0,0,true,,false,false,false,false,false,,,,,,false,false,true,,,false,false,false,false,false,-83.14122,42.33109,"{
  ""coordinates"": [
    -8.314121910199999e+01,
    4.233109285300000e+01
  ],
  ""type"": ""Point""
}","{
  ""coordinates"": [
    -83.141219102,
    42.331092853
  ],
  ""type"": ""Point""
}",-83.141219102,42.331092853