ObjectId,Crash ID,Primary Road,Intersecting Road,Crash Date,Day,Month,Year,Hour,Weekday,Crash Type Code,Highway Classification Code,Community Code,Jurisdiction Code,Lane Departure Type Code,Surface Type,Road Condition,Weather Condition,Lighting Condition,Speed Limit,Lanes,Units,Occupants,Most Severe Injury,Fatal Injuries,Suspected Serious Injuries,Suspected Minor Injuries,Possible Injuries,Property Damage Only,Secondary Crash,Traffic Control,Red Light Run,Hit and Run,Alcohol,Drugs,Unbelted Person,Work Zone,Speeding Driver,Distracted Driver,Driveway,Pedestrian,Elderly Driver,Young Driver,Commercial Vehicle,Emergency Vehicles,Train,School Bus,Motorcycle,Bicycle,Deer,Longitude,Latitude,geom,geog,x,y
20359,9178946,MARK TWAIN,NORFOLK,2015-02-01,1,2,2015,19,1,5,9,,,0,,4,2,2,25,2,2,0,5,0,0,0,0,true,,false,false,true,false,false,,,,,,false,false,false,,,false,false,false,false,false,-83.18819,42.44312,"{
  ""coordinates"": [
    -8.318818598099990e+01,
    4.244311588600000e+01
  ],
  ""type"": ""Point""
}","{
  ""coordinates"": [
    -83.188185981,
    42.443115886
  ],
  ""type"": ""Point""
}",-83.1881859809999,42.443115886
20360,9178847,I 94,GRATIOT,2015-02-01,1,2,2015,10,1,4,1,,1,0,,4,5,1,55,3,2,3,5,0,0,0,0,true,,false,false,false,false,false,,,,,,false,false,false,,,false,false,false,false,false,-83.01076,42.38984,"{
  ""coordinates"": [
    -8.301075805799999e+01,
    4.238983749800010e+01
  ],
  ""type"": ""Point""
}","{
  ""coordinates"": [
    -83.010758058,
    42.389837498
  ],
  ""type"": ""Point""
}",-83.010758058,42.3898374980001
20361,9192344,FORD,AUTO CLUB,2015-02-01,1,2,2015,16,1,8,3,,1,0,,4,5,1,50,4,2,1,5,0,0,0,0,true,,false,false,true,false,false,,,,,,false,false,false,,,false,false,false,false,false,-83.22485,42.32895,"{
  ""coordinates"": [
    -8.322485248000000e+01,
    4.232894411800000e+01
  ],
  ""type"": ""Point""
}","{
  ""coordinates"": [
    -83.22485248,
    42.328944118
  ],
  ""type"": ""Point""
}",-83.22485248,42.328944118
20362,9177296,E I 96,GRAND RIVER,2015-02-01,1,2,2015,1,1,1,1,,1,1,,1,2,4,70,4,1,1,5,0,0,0,0,true,,false,false,false,true,false,,,,,,false,false,false,,,false,false,false,false,false,-83.17636,42.38358,"{
  ""coordinates"": [
    -8.317636156600000e+01,
    4.238357693000010e+01
  ],
  ""type"": ""Point""
}","{
  ""coordinates"": [
    -83.176361566,
    42.38357693
  ],
  ""type"": ""Point""
}",-83.176361566,42.3835769300001
20363,9177319,S I 75,SCHAEFER,2015-02-01,1,2,2015,15,1,8,1,,1,0,,4,5,1,55,4,2,1,5,0,0,0,0,true,,false,false,true,false,false,,,,,,false,false,false,,,false,false,false,false,false,-83.15532,42.27767,"{
  ""coordinates"": [
    -8.315532196299991e+01,
    4.227766743000010e+01
  ],
  ""type"": ""Point""
}","{
  ""coordinates"": [
    -83.155321963,
    42.27766743
  ],
  ""type"": ""Point""
}",-83.1553219629999,42.2776674300001
20364,9177312,S/B M10,MEYERS,2015-02-01,1,2,2015,8,1,1,3,,1,1,,6,5,1,55,3,1,1,4,0,0,0,1,false,,false,false,false,false,false,,,,,,false,false,false,,,false,false,false,false,false,-83.1688,42.413,"{
  ""coordinates"": [
    -8.316879659800000e+01,
    4.241300261200010e+01
  ],
  ""type"": ""Point""
}","{
  ""coordinates"": [
    -83.168796598,
    42.413002612
  ],
  ""type"": ""Point""
}",-83.168796598,42.4130026120001
20365,9171977,OUTER,HAYES,2015-02-01,1,2,2015,8,1,1,9,,2,1,,4,5,1,30,2,1,3,4,0,0,0,2,false,,false,false,false,false,false,,,,,,false,false,false,,,false,false,false,false,false,-82.96513,42.41482,"{
  ""coordinates"": [
    -8.296513575700000e+01,
    4.241482075300010e+01
  ],
  ""type"": ""Point""
}","{
  ""coordinates"": [
    -82.965135757,
    42.414820753
  ],
  ""type"": ""Point""
}",-82.965135757,42.4148207530001
20366,9177336,I-75,SCHAEFER,2015-02-01,1,2,2015,11,1,5,1,,1,0,,6,5,1,70,4,2,4,5,0,0,0,0,true,,false,false,false,false,false,,,,,,false,true,true,,,false,false,false,false,false,-83.15477,42.27785,"{
  ""coordinates"": [
    -8.315477276199989e+01,
    4.227785355400000e+01
  ],
  ""type"": ""Point""
}","{
  ""coordinates"": [
    -83.154772762,
    42.277853554
  ],
  ""type"": ""Point""
}",-83.1547727619999,42.277853554
20367,9213701,OUTER,NOTTINGHAM,2015-02-01,1,2,2015,13,1,4,9,,2,0,,4,5,1,30,3,2,2,5,0,0,0,0,true,,false,false,true,false,false,,,,,,false,false,false,,,false,false,false,false,false,-82.95208,42.40393,"{
  ""coordinates"": [
    -8.295207892000001e+01,
    4.240392759300000e+01
  ],
  ""type"": ""Point""
}","{
  ""coordinates"": [
    -82.95207892,
    42.403927593
  ],
  ""type"": ""Point""
}",-82.95207892,42.403927593
20368,9188601,MOHICAN,GRATIOT,2015-02-01,1,2,2015,6,1,97,3,,,0,,4,5,4,25,2,2,1,5,0,0,0,0,true,,false,false,false,false,false,,,,,,false,false,true,,,false,false,false,false,false,-82.97078,42.44565,"{
  ""coordinates"": [
    -8.297077575100001e+01,
    4.244565082800010e+01
  ],
  ""type"": ""Point""
}","{
  ""coordinates"": [
    -82.970775751,
    42.445650828
  ],
  ""type"": ""Point""
}",-82.970775751,42.4456508280001
20369,9172898,SOUTHFIELD SERVICE,SCHOOLCRAFT,2015-02-01,1,2,2015,19,1,5,9,,4,0,,2,5,4,30,1,2,2,5,0,0,0,0,true,,false,false,true,false,false,,,,,,false,false,false,,,false,false,false,false,false,-83.21805,42.38669,"{
  ""coordinates"": [
    -8.321804937000000e+01,
    4.238669193800010e+01
  ],
  ""type"": ""Point""
}","{
  ""coordinates"": [
    -83.21804937,
    42.386691938
  ],
  ""type"": ""Point""
}",-83.21804937,42.3866919380001
20370,9177316,E I 94,RAMP 221A,2015-02-01,1,2,2015,12,1,97,1,,1,0,,4,5,1,55,3,2,2,5,0,0,0,0,true,,false,false,false,false,false,,,,,,false,true,false,,,false,false,false,false,false,-82.9714,42.40185,"{
  ""coordinates"": [
    -8.297140048200001e+01,
    4.240184753900010e+01
  ],
  ""type"": ""Point""
}","{
  ""coordinates"": [
    -82.971400482,
    42.401847539
  ],
  ""type"": ""Point""
}",-82.971400482,42.4018475390001
20371,9187612,WESTFIELD,WARWICK,2015-02-01,1,2,2015,14,1,97,9,,,0,,4,5,1,25,2,2,1,5,0,0,0,0,true,,false,false,false,false,false,,,,,,false,false,false,,,false,false,false,false,false,-83.2273,42.36304,"{
  ""coordinates"": [
    -8.322729892699989e+01,
    4.236304091400010e+01
  ],
  ""type"": ""Point""
}","{
  ""coordinates"": [
    -83.227298927,
    42.363040914
  ],
  ""type"": ""Point""
}",-83.2272989269999,42.3630409140001
20372,9177313,E/B I94,I96,2015-02-01,1,2,2015,10,1,1,1,,1,1,,4,5,1,55,3,1,1,5,0,0,0,0,true,,false,false,false,false,false,,,,,,false,false,false,,,false,false,false,false,false,-83.10104,42.34949,"{
  ""coordinates"": [
    -8.310104449600000e+01,
    4.234949230400010e+01
  ],
  ""type"": ""Point""
}","{
  ""coordinates"": [
    -83.101044496,
    42.349492304
  ],
  ""type"": ""Point""
}",-83.101044496,42.3494923040001
20373,9172966,KEELER,WARD,2015-02-01,1,2,2015,16,1,4,9,,,0,,4,5,1,25,4,2,5,3,0,0,4,0,false,,false,false,false,false,false,,,,,,false,false,true,,,false,false,false,false,false,-83.17378,42.40397,"{
  ""coordinates"": [
    -8.317378394000001e+01,
    4.240397246700010e+01
  ],
  ""type"": ""Point""
}","{
  ""coordinates"": [
    -83.17378394,
    42.403972467
  ],
  ""type"": ""Point""
}",-83.17378394,42.4039724670001
20374,9171976,GRATIOT,STATE FAIR,2015-02-01,1,2,2015,7,1,1,3,,1,0,,4,5,2,35,7,1,0,5,0,0,0,0,true,,false,false,true,false,false,,,,,,false,false,false,,,false,false,false,false,false,-82.97283,42.44245,"{
  ""coordinates"": [
    -8.297283258300000e+01,
    4.244244713800000e+01
  ],
  ""type"": ""Point""
}","{
  ""coordinates"": [
    -82.972832583,
    42.442447138
  ],
  ""type"": ""Point""
}",-82.972832583,42.442447138
20375,9177350,I 94,MT ELLIOTT,2015-02-01,1,2,2015,11,1,8,1,,1,0,,4,5,1,55,3,2,3,5,0,0,0,0,true,,false,false,false,false,false,,,,,,false,false,true,,,false,false,false,false,false,-83.034,42.3792,"{
  ""coordinates"": [
    -8.303399936800000e+01,
    4.237919428500000e+01
  ],
  ""type"": ""Point""
}","{
  ""coordinates"": [
    -83.033999368,
    42.379194285
  ],
  ""type"": ""Point""
}",-83.033999368,42.379194285
20376,9172965,STRATHMOOR,OUTER,2015-02-01,1,2,2015,8,1,4,9,,,0,,4,5,1,25,4,3,4,4,0,0,0,1,false,,false,false,false,false,false,,,,,,false,true,true,,,false,false,false,false,false,-83.18851,42.41993,"{
  ""coordinates"": [
    -8.318851730300000e+01,
    4.241993369400010e+01
  ],
  ""type"": ""Point""
}","{
  ""coordinates"": [
    -83.188517303,
    42.419933694
  ],
  ""type"": ""Point""
}",-83.188517303,42.4199336940001
20377,9173940,SANTA BARBARA,OUTER,2015-02-01,1,2,2015,10,1,4,9,,,0,,4,5,1,25,2,2,2,5,0,0,0,0,true,,false,false,false,false,false,,,,,,false,false,false,,,false,false,false,false,false,-83.14954,42.43498,"{
  ""coordinates"": [
    -8.314953575100000e+01,
    4.243497710200010e+01
  ],
  ""type"": ""Point""
}","{
  ""coordinates"": [
    -83.149535751,
    42.434977102
  ],
  ""type"": ""Point""
}",-83.149535751,42.4349771020001
20378,9179899,RAMP 005J,FORD,2015-02-01,1,2,2015,17,1,5,3,,1,0,,4,5,1,35,1,2,2,5,0,0,0,0,true,,false,false,true,false,false,,,,,,false,false,false,,,false,false,false,false,false,-83.2186,42.32932,"{
  ""coordinates"": [
    -8.321859495000000e+01,
    4.232932178700000e+01
  ],
  ""type"": ""Point""
}","{
  ""coordinates"": [
    -83.21859495,
    42.329321787
  ],
  ""type"": ""Point""
}",-83.21859495,42.329321787
20379,9177228,M-10,MILWAUKEE,2015-02-01,1,2,2015,12,1,1,3,,1,1,,4,5,1,55,4,1,2,4,0,0,0,2,false,,false,false,false,false,false,,,,,,false,false,false,,,false,false,false,false,false,-83.07996,42.3648,"{
  ""coordinates"": [
    -8.307996453999991e+01,
    4.236479426700000e+01
  ],
  ""type"": ""Point""
}","{
  ""coordinates"": [
    -83.07996454,
    42.364794267
  ],
  ""type"": ""Point""
}",-83.0799645399999,42.364794267
20380,9194323,HUBBELL,GRANDRIVER,2015-02-01,1,2,2015,16,1,8,3,,4,0,,4,5,1,35,4,2,4,5,0,0,0,0,true,,false,false,true,false,false,,,,,,false,false,false,,,false,false,false,false,false,-83.18837,42.38863,"{
  ""coordinates"": [
    -8.318837049900000e+01,
    4.238863279800010e+01
  ],
  ""type"": ""Point""
}","{
  ""coordinates"": [
    -83.188370499,
    42.388632798
  ],
  ""type"": ""Point""
}",-83.188370499,42.3886327980001
20381,9177341,I-75,LIVERNOIS,2015-02-01,1,2,2015,17,1,8,1,,1,0,,4,5,1,70,4,2,4,5,0,0,0,0,true,,false,false,false,false,false,,,,,,false,false,false,,,false,false,false,false,false,-83.10581,42.30697,"{
  ""coordinates"": [
    -8.310580985099990e+01,
    4.230697397800000e+01
  ],
  ""type"": ""Point""
}","{
  ""coordinates"": [
    -83.105809851,
    42.306973978
  ],
  ""type"": ""Point""
}",-83.1058098509999,42.306973978
20382,9177238,I-94,TARNOW,2015-02-01,1,2,2015,12,1,1,9,,4,1,,4,5,1,55,3,1,1,5,0,0,0,0,true,,false,false,false,false,false,,,,,,false,false,false,,,false,false,false,false,false,-83.13751,42.33225,"{
  ""coordinates"": [
    -8.313751598700000e+01,
    4.233225133400000e+01
  ],
  ""type"": ""Point""
}","{
  ""coordinates"": [
    -83.137515987,
    42.332251334
  ],
  ""type"": ""Point""
}",-83.137515987,42.332251334
20383,9177317,RAMP 216G,PIQUETTE,2015-02-01,1,2,2015,13,1,1,1,,1,1,,4,5,1,0,1,1,1,5,0,0,0,0,true,,false,false,false,false,false,,,,,,false,true,false,,,false,false,false,false,false,-83.05782,42.36983,"{
  ""coordinates"": [
    -8.305781931199991e+01,
    4.236982657800010e+01
  ],
  ""type"": ""Point""
}","{
  ""coordinates"": [
    -83.057819312,
    42.369826578
  ],
  ""type"": ""Point""
}",-83.0578193119999,42.3698265780001
20384,9179870,CHARLOTTE,FOURTH,2015-02-01,1,2,2015,12,1,4,9,,,0,,4,5,1,25,3,2,2,2,0,1,0,0,false,,false,false,false,false,false,,,,,,false,false,false,,,false,false,false,false,false,-83.0645,42.34133,"{
  ""coordinates"": [
    -8.306449727300000e+01,
    4.234133018100000e+01
  ],
  ""type"": ""Point""
}","{
  ""coordinates"": [
    -83.064497273,
    42.341330181
  ],
  ""type"": ""Point""
}",-83.064497273,42.341330181
20385,9177315,E/B I94,CADIEUX,2015-02-01,1,2,2015,11,1,8,1,,1,0,,4,5,1,55,3,2,1,5,0,0,0,0,true,,false,false,true,false,false,,,,,,false,false,true,,,false,false,false,false,false,-82.93862,42.41628,"{
  ""coordinates"": [
    -8.293862363499990e+01,
    4.241627555100010e+01
  ],
  ""type"": ""Point""
}","{
  ""coordinates"": [
    -82.938623635,
    42.416275551
  ],
  ""type"": ""Point""
}",-82.9386236349999,42.4162755510001
20386,9172897,CAPITOL,EVERGREEN,2015-02-01,1,2,2015,19,1,4,9,,,0,,4,5,4,35,4,2,2,5,0,0,0,0,true,,false,false,true,false,false,,,,,,false,false,false,,,false,false,false,false,false,-83.23636,42.37637,"{
  ""coordinates"": [
    -8.323635749300000e+01,
    4.237636916700010e+01
  ],
  ""type"": ""Point""
}","{
  ""coordinates"": [
    -83.236357493,
    42.376369167
  ],
  ""type"": ""Point""
}",-83.236357493,42.3763691670001
20387,9177237,S M 39,WARREN,2015-02-01,1,2,2015,11,1,1,3,,1,1,,4,5,1,55,3,1,1,5,0,0,0,0,true,,false,false,false,false,false,,,,,,false,false,true,,,false,false,false,false,false,-83.21623,42.34364,"{
  ""coordinates"": [
    -8.321623328000000e+01,
    4.234363952600010e+01
  ],
  ""type"": ""Point""
}","{
  ""coordinates"": [
    -83.21623328,
    42.343639526
  ],
  ""type"": ""Point""
}",-83.21623328,42.3436395260001
20388,9177318,E/B I94,FRENCH,2015-02-01,1,2,2015,14,1,1,1,,1,1,,4,5,1,55,3,1,1,5,0,0,0,0,true,,false,false,false,false,false,,,,,,false,false,false,,,false,false,false,false,false,-82.99778,42.3921,"{
  ""coordinates"": [
    -8.299777686800000e+01,
    4.239209660900010e+01
  ],
  ""type"": ""Point""
}","{
  ""coordinates"": [
    -82.997776868,
    42.392096609
  ],
  ""type"": ""Point""
}",-82.997776868,42.3920966090001
20389,9188645,EMILY,PACKARD,2015-02-01,1,2,2015,18,1,5,9,,,0,,4,5,4,25,2,3,1,5,0,0,0,0,true,,false,false,false,false,false,,,,,,false,true,false,,,false,false,false,false,false,-83.02656,42.42773,"{
  ""coordinates"": [
    -8.302655921800000e+01,
    4.242773479300010e+01
  ],
  ""type"": ""Point""
}","{
  ""coordinates"": [
    -83.026559218,
    42.427734793
  ],
  ""type"": ""Point""
}",-83.026559218,42.4277347930001
20390,9171981,GRATIOT,GUNSTON,2015-02-01,1,2,2015,3,1,5,3,,1,0,,4,5,4,35,7,2,2,4,0,0,0,2,false,,false,false,true,false,false,,,,,,false,false,false,,,false,false,false,false,false,-82.99509,42.40857,"{
  ""coordinates"": [
    -8.299508938600000e+01,
    4.240857474500010e+01
  ],
  ""type"": ""Point""
}","{
  ""coordinates"": [
    -82.995089386,
    42.408574745
  ],
  ""type"": ""Point""
}",-82.995089386,42.4085747450001
20391,9182705,KEATING,LANTZ,2015-02-01,1,2,2015,15,1,97,9,,,0,,4,5,3,15,3,2,0,5,0,0,0,0,true,,false,false,true,false,false,,,,,,false,false,false,,,false,false,false,false,false,-83.10036,42.43749,"{
  ""coordinates"": [
    -8.310036674799990e+01,
    4.243749121600010e+01
  ],
  ""type"": ""Point""
}","{
  ""coordinates"": [
    -83.100366748,
    42.437491216
  ],
  ""type"": ""Point""
}",-83.1003667479999,42.4374912160001
20392,9188634,MOUND,8 MILE,2015-02-01,1,2,2015,12,1,5,3,,2,0,,3,5,1,35,3,2,6,4,0,0,0,2,false,,false,false,false,false,false,,,,,,false,false,false,,,false,false,false,false,false,-83.04395,42.44777,"{
  ""coordinates"": [
    -8.304394695100000e+01,
    4.244777023600010e+01
  ],
  ""type"": ""Point""
}","{
  ""coordinates"": [
    -83.043946951,
    42.447770236
  ],
  ""type"": ""Point""
}",-83.043946951,42.4477702360001
20393,9172903,GRATIOT,VAN DYKE,2015-02-01,1,2,2015,10,1,5,3,,1,0,,3,5,1,35,4,2,2,4,0,0,0,2,false,,false,false,true,false,false,,,,,,false,false,false,,,false,false,false,false,false,-83.01468,42.37882,"{
  ""coordinates"": [
    -8.301467939699999e+01,
    4.237882128200000e+01
  ],
  ""type"": ""Point""
}","{
  ""coordinates"": [
    -83.014679397,
    42.378821282
  ],
  ""type"": ""Point""
}",-83.014679397,42.378821282
20394,9177338,I-75,SPRINGWELLS,2015-02-01,1,2,2015,13,1,97,1,,1,0,,4,5,1,70,4,2,2,5,0,0,0,0,true,,false,false,false,false,false,,,,,,false,false,true,,,false,false,false,false,false,-83.11902,42.30169,"{
  ""coordinates"": [
    -8.311901493499990e+01,
    4.230168881400000e+01
  ],
  ""type"": ""Point""
}","{
  ""coordinates"": [
    -83.119014935,
    42.301688814
  ],
  ""type"": ""Point""
}",-83.1190149349999,42.301688814
20395,9188656,EMILY,PACKARD,2015-02-01,1,2,2015,20,1,8,9,,,0,,4,5,5,25,2,3,1,3,0,0,1,0,false,,false,false,false,false,false,,,,,,false,true,false,,,false,false,false,false,false,-83.02731,42.42772,"{
  ""coordinates"": [
    -8.302730314800000e+01,
    4.242771859000000e+01
  ],
  ""type"": ""Point""
}","{
  ""coordinates"": [
    -83.027303148,
    42.42771859
  ],
  ""type"": ""Point""
}",-83.027303148,42.42771859
20396,9173934,ABINGTON,JOY,2015-02-01,1,2,2015,14,1,9,9,,,0,,4,5,1,25,1,2,4,5,0,0,0,0,true,,false,false,true,false,false,,,,,,false,true,false,,,false,false,false,false,false,-83.21019,42.35796,"{
  ""coordinates"": [
    -8.321019086200000e+01,
    4.235795622200000e+01
  ],
  ""type"": ""Point""
}","{
  ""coordinates"": [
    -83.210190862,
    42.357956222
  ],
  ""type"": ""Point""
}",-83.210190862,42.357956222
20397,9177231,I75,SPRINGWELLS,2015-02-01,1,2,2015,23,1,97,1,,1,0,,4,5,4,55,3,4,4,5,0,0,0,0,true,,false,false,true,false,false,,,,,,false,false,true,,,false,false,false,false,false,-83.11998,42.30103,"{
  ""coordinates"": [
    -8.311998012600000e+01,
    4.230103371900000e+01
  ],
  ""type"": ""Point""
}","{
  ""coordinates"": [
    -83.119980126,
    42.301033719
  ],
  ""type"": ""Point""
}",-83.119980126,42.301033719
20398,9203119,GRATIOT,MCCLELLAN,2015-02-01,1,2,2015,11,1,5,3,,1,0,,4,5,1,35,7,2,2,5,0,0,0,0,true,,false,false,true,false,false,,,,,,false,false,false,,,false,false,false,false,false,-83.00707,42.39032,"{
  ""coordinates"": [
    -8.300707598799990e+01,
    4.239032484300000e+01
  ],
  ""type"": ""Point""
}","{
  ""coordinates"": [
    -83.007075988,
    42.390324843
  ],
  ""type"": ""Point""
}",-83.0070759879999,42.390324843
20399,9174856,WB I94,GRATIOT,2015-02-01,1,2,2015,12,1,1,1,,1,1,,6,5,1,55,3,1,1,5,0,0,0,0,true,,false,false,false,false,false,,,,,,false,true,false,,,false,false,false,false,false,-83.00809,42.39101,"{
  ""coordinates"": [
    -8.300808408400000e+01,
    4.239100576900010e+01
  ],
  ""type"": ""Point""
}","{
  ""coordinates"": [
    -83.008084084,
    42.391005769
  ],
  ""type"": ""Point""
}",-83.008084084,42.3910057690001
20400,9177236,I-75,DAVISON,2015-02-01,1,2,2015,9,1,8,1,,1,0,,4,5,1,55,3,2,2,5,0,0,0,0,true,,false,false,false,false,false,,,,,,false,false,false,,,false,false,false,false,false,-83.07565,42.40635,"{
  ""coordinates"": [
    -8.307564702600000e+01,
    4.240635418200000e+01
  ],
  ""type"": ""Point""
}","{
  ""coordinates"": [
    -83.075647026,
    42.406354182
  ],
  ""type"": ""Point""
}",-83.075647026,42.406354182
20401,9177270,M-10,6 MILE,2015-02-01,1,2,2015,4,1,1,3,,1,1,,2,5,4,55,3,1,0,5,0,0,0,0,true,,false,false,true,false,false,,,,,,false,false,false,,,false,false,false,false,false,-83.17506,42.4196,"{
  ""coordinates"": [
    -8.317505678099999e+01,
    4.241960190300010e+01
  ],
  ""type"": ""Point""
}","{
  ""coordinates"": [
    -83.175056781,
    42.419601903
  ],
  ""type"": ""Point""
}",-83.175056781,42.4196019030001
20402,9178911,EASTBURN,CRUSADE,2015-02-01,1,2,2015,2,1,4,9,,,0,,3,4,4,25,2,2,5,5,0,0,0,0,true,,false,false,true,false,false,,,,,,false,false,false,,,false,false,false,false,false,-82.96116,42.44552,"{
  ""coordinates"": [
    -8.296116182700000e+01,
    4.244551868100010e+01
  ],
  ""type"": ""Point""
}","{
  ""coordinates"": [
    -82.961161827,
    42.445518681
  ],
  ""type"": ""Point""
}",-82.961161827,42.4455186810001
20403,9177303,E I 96,OAKMAN,2015-02-01,1,2,2015,4,1,1,1,,1,1,,4,1,5,70,3,1,1,4,0,0,0,1,false,,false,false,false,false,false,,,,,,false,false,true,,,false,false,false,false,false,-83.14635,42.37834,"{
  ""coordinates"": [
    -8.314635069500000e+01,
    4.237834098500010e+01
  ],
  ""type"": ""Point""
}","{
  ""coordinates"": [
    -83.146350695,
    42.378340985
  ],
  ""type"": ""Point""
}",-83.146350695,42.3783409850001
20404,9187547,MILITARY,MICHIGAN,2015-02-01,1,2,2015,7,1,1,2,,,1,,4,5,1,25,2,1,0,5,0,0,0,0,true,,false,false,true,false,false,,,,,,false,false,false,,,false,false,false,false,false,-83.11865,42.33088,"{
  ""coordinates"": [
    -8.311865449399990e+01,
    4.233087394400010e+01
  ],
  ""type"": ""Point""
}","{
  ""coordinates"": [
    -83.118654494,
    42.330873944
  ],
  ""type"": ""Point""
}",-83.1186544939999,42.3308739440001
20405,9177229,I-96,VERNOR,2015-02-01,1,2,2015,14,1,1,1,,1,1,,4,5,1,55,2,1,1,5,0,0,0,0,true,,false,false,false,false,false,,,,,,false,false,false,,,false,false,false,false,false,-83.08504,42.32609,"{
  ""coordinates"": [
    -8.308504416200000e+01,
    4.232608973000000e+01
  ],
  ""type"": ""Point""
}","{
  ""coordinates"": [
    -83.085044162,
    42.32608973
  ],
  ""type"": ""Point""
}",-83.085044162,42.32608973
20406,9171784,MCGRAW,WEIR,2015-02-01,1,2,2015,5,1,1,3,,4,0,,3,5,4,35,2,1,1,4,0,0,0,1,false,,false,false,false,false,false,,,,,,false,false,false,,,false,false,false,false,false,-83.15521,42.32996,"{
  ""coordinates"": [
    -8.315521534500000e+01,
    4.232996016900010e+01
  ],
  ""type"": ""Point""
}","{
  ""coordinates"": [
    -83.155215345,
    42.329960169
  ],
  ""type"": ""Point""
}",-83.155215345,42.3299601690001
20407,9177272,I-75,DAVISON,2015-02-01,1,2,2015,9,1,5,1,,1,0,,4,5,1,70,3,2,1,5,0,0,0,0,true,,false,false,true,false,false,,,,,,false,false,false,,,false,false,false,false,false,-83.07565,42.40635,"{
  ""coordinates"": [
    -8.307564702600000e+01,
    4.240635418200000e+01
  ],
  ""type"": ""Point""
}","{
  ""coordinates"": [
    -83.075647026,
    42.406354182
  ],
  ""type"": ""Point""
}",-83.075647026,42.406354182
20408,9177245,I-94,MT ELLIOTT,2015-02-01,1,2,2015,12,1,1,1,,1,1,,4,5,1,55,3,1,1,5,0,0,0,0,true,,false,false,false,false,false,,,,,,false,false,false,,,false,false,false,false,false,-83.03432,42.37884,"{
  ""coordinates"": [
    -8.303431608699999e+01,
    4.237883921800010e+01
  ],
  ""type"": ""Point""
}","{
  ""coordinates"": [
    -83.034316087,
    42.378839218
  ],
  ""type"": ""Point""
}",-83.034316087,42.3788392180001
20409,9177225,SOUTHFIELD,PLYMOUTH,2015-02-01,1,2,2015,2,1,1,9,,4,1,,2,5,4,55,3,1,1,5,0,0,0,0,true,,false,false,false,false,false,,,,,,false,false,true,,,false,false,false,false,false,-83.21707,42.37197,"{
  ""coordinates"": [
    -8.321707135600001e+01,
    4.237197507800000e+01
  ],
  ""type"": ""Point""
}","{
  ""coordinates"": [
    -83.217071356,
    42.371975078
  ],
  ""type"": ""Point""
}",-83.217071356,42.371975078
20410,9177352,E I 96,CONSOLIDATED RAIL CORPORATION,2015-02-01,1,2,2015,13,1,1,1,,1,1,,4,5,1,55,3,1,1,5,0,0,0,0,true,,false,false,false,false,false,,,,,,false,false,false,,,false,false,false,false,false,-83.18295,42.38211,"{
  ""coordinates"": [
    -8.318295529900000e+01,
    4.238211101800000e+01
  ],
  ""type"": ""Point""
}","{
  ""coordinates"": [
    -83.182955299,
    42.382111018
  ],
  ""type"": ""Point""
}",-83.182955299,42.382111018
20411,9177333,I-94,SAGINAW,2015-02-01,1,2,2015,7,1,1,1,,1,1,,6,5,1,55,3,1,1,5,0,0,0,0,true,,false,false,false,false,false,,,,,,false,false,false,,,false,false,false,false,false,-83.03355,42.3795,"{
  ""coordinates"": [
    -8.303355612099990e+01,
    4.237950109000010e+01
  ],
  ""type"": ""Point""
}","{
  ""coordinates"": [
    -83.033556121,
    42.37950109
  ],
  ""type"": ""Point""
}",-83.0335561209999,42.3795010900001
20412,9187497,JOY,WARD,2015-02-01,1,2,2015,9,1,1,9,,4,1,,6,5,1,30,2,1,1,5,0,0,0,0,true,,false,false,false,false,false,,,,,,false,false,true,,,false,false,false,false,false,-83.17244,42.35864,"{
  ""coordinates"": [
    -8.317244215200000e+01,
    4.235864434400000e+01
  ],
  ""type"": ""Point""
}","{
  ""coordinates"": [
    -83.172442152,
    42.358644344
  ],
  ""type"": ""Point""
}",-83.172442152,42.358644344
20413,9177227,RAMP 047E,E M 8,2015-02-01,1,2,2015,12,1,1,1,,1,1,,4,5,1,45,1,1,1,5,0,0,0,0,true,,false,false,false,false,false,,,,,,false,false,false,,,false,false,false,false,false,-83.07397,42.4102,"{
  ""coordinates"": [
    -8.307396934400001e+01,
    4.241020041300000e+01
  ],
  ""type"": ""Point""
}","{
  ""coordinates"": [
    -83.073969344,
    42.410200413
  ],
  ""type"": ""Point""
}",-83.073969344,42.410200413
20414,9172887,N M 10,RAMP 109A,2015-02-01,1,2,2015,13,1,5,3,,1,0,,4,5,1,55,3,2,2,5,0,0,0,0,true,,false,false,false,false,false,,,,,,false,true,false,,,false,false,false,false,false,-83.10966,42.39823,"{
  ""coordinates"": [
    -8.310966682400000e+01,
    4.239823022500010e+01
  ],
  ""type"": ""Point""
}","{
  ""coordinates"": [
    -83.109666824,
    42.398230225
  ],
  ""type"": ""Point""
}",-83.109666824,42.3982302250001
20415,9174855,SB M10,GREENLAWN,2015-02-01,1,2,2015,12,1,1,3,,1,1,,6,5,1,55,3,1,1,5,0,0,0,0,true,,false,false,false,false,false,,,,,,false,false,false,,,false,false,false,false,false,-83.20251,42.44393,"{
  ""coordinates"": [
    -8.320251146500000e+01,
    4.244392664300010e+01
  ],
  ""type"": ""Point""
}","{
  ""coordinates"": [
    -83.202511465,
    42.443926643
  ],
  ""type"": ""Point""
}",-83.202511465,42.4439266430001