ObjectId,Crash ID,Primary Road,Intersecting Road,Crash Date,Day,Month,Year,Hour,Weekday,Crash Type Code,Highway Classification Code,Community Code,Jurisdiction Code,Lane Departure Type Code,Surface Type,Road Condition,Weather Condition,Lighting Condition,Speed Limit,Lanes,Units,Occupants,Most Severe Injury,Fatal Injuries,Suspected Serious Injuries,Suspected Minor Injuries,Possible Injuries,Property Damage Only,Secondary Crash,Traffic Control,Red Light Run,Hit and Run,Alcohol,Drugs,Unbelted Person,Work Zone,Speeding Driver,Distracted Driver,Driveway,Pedestrian,Elderly Driver,Young Driver,Commercial Vehicle,Emergency Vehicles,Train,School Bus,Motorcycle,Bicycle,Deer,Longitude,Latitude,geom,geog,x,y
20416,9174857,NB M10,GREENLAWN,2015-02-01,1,2,2015,13,1,1,3,,1,1,,6,5,1,55,3,1,1,5,0,0,0,0,true,,false,false,false,false,false,,,,,,false,false,true,,,false,false,false,false,false,-83.20239,42.44402,"{
  ""coordinates"": [
    -8.320239371600000e+01,
    4.244401926200000e+01
  ],
  ""type"": ""Point""
}","{
  ""coordinates"": [
    -83.202393716,
    42.444019262
  ],
  ""type"": ""Point""
}",-83.202393716,42.444019262
20417,9188658,VAN DYKE,EMILY,2015-02-01,1,2,2015,1,1,8,3,,1,0,,1,1,4,35,3,2,1,4,0,0,0,1,false,,false,false,true,false,false,,,,,,false,false,false,,,false,false,false,false,false,-83.02402,42.42782,"{
  ""coordinates"": [
    -8.302401614099990e+01,
    4.242781991500000e+01
  ],
  ""type"": ""Point""
}","{
  ""coordinates"": [
    -83.024016141,
    42.427819915
  ],
  ""type"": ""Point""
}",-83.0240161409999,42.427819915
20418,9187567,WATERMAN,REGULAR,2015-01-31,31,1,2015,22,7,5,9,,4,0,,1,1,4,25,2,2,1,5,0,0,0,0,true,,false,false,false,false,false,,,,,,false,false,false,,,false,false,false,false,false,-83.11203,42.30957,"{
  ""coordinates"": [
    -8.311202797000000e+01,
    4.230957432100010e+01
  ],
  ""type"": ""Point""
}","{
  ""coordinates"": [
    -83.11202797,
    42.309574321
  ],
  ""type"": ""Point""
}",-83.11202797,42.3095743210001
20419,9177269,N M 39,RAMP 010A,2015-01-31,31,1,2015,21,7,1,3,,1,1,,1,1,4,55,1,1,2,5,0,0,0,0,true,,false,false,false,false,false,,,,,,false,false,true,,,false,false,false,false,false,-83.21872,42.41357,"{
  ""coordinates"": [
    -8.321871794200000e+01,
    4.241357303400010e+01
  ],
  ""type"": ""Point""
}","{
  ""coordinates"": [
    -83.218717942,
    42.413573034
  ],
  ""type"": ""Point""
}",-83.218717942,42.4135730340001
20420,9188624,CHENE,LAFAYETTE,2015-01-31,31,1,2015,19,7,97,9,,4,0,,1,5,3,0,2,2,5,4,0,0,0,2,false,,false,false,false,false,false,,,,,,false,false,false,,,false,false,false,false,false,-83.0248,42.34117,"{
  ""coordinates"": [
    -8.302480143100000e+01,
    4.234117081000010e+01
  ],
  ""type"": ""Point""
}","{
  ""coordinates"": [
    -83.024801431,
    42.34117081
  ],
  ""type"": ""Point""
}",-83.024801431,42.3411708100001
20421,9174988,MCNICHOLS,WYOMING,2015-01-31,31,1,2015,8,7,5,9,,4,0,,2,1,1,25,4,2,1,5,0,0,0,0,true,,false,false,true,false,false,,,,,,false,false,false,,,false,false,false,false,false,-83.16028,42.41693,"{
  ""coordinates"": [
    -8.316027636099990e+01,
    4.241693083600010e+01
  ],
  ""type"": ""Point""
}","{
  ""coordinates"": [
    -83.160276361,
    42.416930836
  ],
  ""type"": ""Point""
}",-83.1602763609999,42.4169308360001
20422,9207077,MCNICHOLS,MENDOTA,2015-01-31,31,1,2015,20,7,5,9,,2,0,,1,1,4,35,2,5,4,4,0,0,0,3,false,,false,false,false,false,false,,,,,,false,false,false,,,false,false,false,false,false,-83.16569,42.41678,"{
  ""coordinates"": [
    -8.316569120400000e+01,
    4.241677820400000e+01
  ],
  ""type"": ""Point""
}","{
  ""coordinates"": [
    -83.165691204,
    42.416778204
  ],
  ""type"": ""Point""
}",-83.165691204,42.416778204
20423,9174984,OUTER,EATON,2015-01-31,31,1,2015,11,7,97,9,,2,1,,1,1,1,35,3,1,1,5,0,0,0,0,true,,false,false,false,false,false,,,,,,false,false,false,,,false,false,false,false,false,-83.25646,42.39443,"{
  ""coordinates"": [
    -8.325646274699990e+01,
    4.239443382000010e+01
  ],
  ""type"": ""Point""
}","{
  ""coordinates"": [
    -83.256462747,
    42.39443382
  ],
  ""type"": ""Point""
}",-83.2564627469999,42.3944338200001
20424,9171974,SOUTHFIELD SERVICE DRIVE,GRAND RIVER,2015-01-31,31,1,2015,13,7,5,3,,4,0,,1,1,1,35,2,2,5,4,0,0,0,2,false,,false,false,false,false,false,,,,,,false,false,false,,,false,false,false,false,false,-83.21859,42.40088,"{
  ""coordinates"": [
    -8.321858717100000e+01,
    4.240087946100000e+01
  ],
  ""type"": ""Point""
}","{
  ""coordinates"": [
    -83.218587171,
    42.400879461
  ],
  ""type"": ""Point""
}",-83.218587171,42.400879461
20425,9233049,FREUD,KITCHENER,2015-01-31,31,1,2015,14,7,4,9,,4,0,,1,1,1,25,2,2,4,5,0,0,0,0,true,,false,false,true,false,false,,,,,,false,true,false,,,false,false,false,false,false,-82.95302,42.36602,"{
  ""coordinates"": [
    -8.295301726900000e+01,
    4.236601681600010e+01
  ],
  ""type"": ""Point""
}","{
  ""coordinates"": [
    -82.953017269,
    42.366016816
  ],
  ""type"": ""Point""
}",-82.953017269,42.3660168160001
20426,9171958,VAUGHAN,TIREMAN,2015-01-31,31,1,2015,13,7,9,9,,,2,,3,1,1,25,2,2,1,5,0,0,0,0,true,,false,false,true,false,false,,,,,,false,false,true,,,false,false,false,false,false,-83.23687,42.35027,"{
  ""coordinates"": [
    -8.323687293899999e+01,
    4.235026820000010e+01
  ],
  ""type"": ""Point""
}","{
  ""coordinates"": [
    -83.236872939,
    42.3502682
  ],
  ""type"": ""Point""
}",-83.236872939,42.3502682000001
20427,9172015,7 MILE,ARDMORE,2015-01-31,31,1,2015,12,7,4,9,,2,0,,1,1,1,30,4,2,2,4,0,0,0,1,false,,false,false,false,false,false,,,,,,false,false,true,,,false,false,false,false,false,-83.18544,42.43089,"{
  ""coordinates"": [
    -8.318543771899991e+01,
    4.243089448300000e+01
  ],
  ""type"": ""Point""
}","{
  ""coordinates"": [
    -83.185437719,
    42.430894483
  ],
  ""type"": ""Point""
}",-83.1854377189999,42.430894483
20428,9171957,MCNICHOLS,PATTON,2015-01-31,31,1,2015,9,7,4,9,,2,0,,1,1,1,35,5,2,2,5,0,0,0,0,true,,false,false,true,false,false,,,,,,false,true,false,,,false,false,false,false,false,-83.24442,42.415,"{
  ""coordinates"": [
    -8.324441548599999e+01,
    4.241500306000010e+01
  ],
  ""type"": ""Point""
}","{
  ""coordinates"": [
    -83.244415486,
    42.41500306
  ],
  ""type"": ""Point""
}",-83.244415486,42.4150030600001
20429,9194284,MEYERS,LYNDON,2015-01-31,31,1,2015,21,7,97,9,,4,0,,1,1,4,35,2,2,3,3,0,0,1,1,false,,false,false,true,false,false,,,,,,false,false,false,,,false,false,false,false,false,-83.16907,42.39544,"{
  ""coordinates"": [
    -8.316906455000000e+01,
    4.239543529000010e+01
  ],
  ""type"": ""Point""
}","{
  ""coordinates"": [
    -83.16906455,
    42.39543529
  ],
  ""type"": ""Point""
}",-83.16906455,42.3954352900001
20430,9174993,MCNICHOLS,WARWICK,2015-01-31,31,1,2015,15,7,8,9,,2,0,,97,98,98,35,4,2,1,5,0,0,0,0,true,,false,false,true,false,false,,,,,,false,true,false,,,false,false,false,false,false,-83.22925,42.41534,"{
  ""coordinates"": [
    -8.322924524699989e+01,
    4.241534447100000e+01
  ],
  ""type"": ""Point""
}","{
  ""coordinates"": [
    -83.229245247,
    42.415344471
  ],
  ""type"": ""Point""
}",-83.2292452469999,42.415344471
20431,9182651,14TH,TAYLOR,2015-01-31,31,1,2015,16,7,8,9,,4,0,,1,1,3,0,2,2,6,5,0,0,0,0,true,,false,false,false,false,false,,,,,,false,false,true,,,false,false,false,false,false,-83.10244,42.37445,"{
  ""coordinates"": [
    -8.310244134999991e+01,
    4.237444844400010e+01
  ],
  ""type"": ""Point""
}","{
  ""coordinates"": [
    -83.10244135,
    42.374448444
  ],
  ""type"": ""Point""
}",-83.1024413499999,42.3744484440001
20432,9177378,M10,WEBB,2015-01-31,31,1,2015,2,7,1,3,,1,1,,1,2,4,55,3,1,2,3,0,0,1,1,false,,false,false,false,true,true,,,,,,false,false,false,,,false,false,false,false,false,-83.09993,42.38461,"{
  ""coordinates"": [
    -8.309992708500000e+01,
    4.238460844600010e+01
  ],
  ""type"": ""Point""
}","{
  ""coordinates"": [
    -83.099927085,
    42.384608446
  ],
  ""type"": ""Point""
}",-83.099927085,42.3846084460001
20433,9174881,S/B I75,SPRINGWELLS,2015-01-31,31,1,2015,15,7,1,1,,1,1,,1,1,1,70,4,1,1,5,0,0,0,0,true,,false,false,false,false,false,,,,,,false,false,true,,,false,false,false,false,false,-83.12101,42.3008,"{
  ""coordinates"": [
    -8.312100814500000e+01,
    4.230079836900010e+01
  ],
  ""type"": ""Point""
}","{
  ""coordinates"": [
    -83.121008145,
    42.300798369
  ],
  ""type"": ""Point""
}",-83.121008145,42.3007983690001
20434,9172014,LIVERNOIS,FENKELL,2015-01-31,31,1,2015,10,7,1,9,,4,1,,1,1,1,30,4,1,1,5,0,0,0,0,true,,false,false,false,false,false,,,,,,false,false,true,,,false,false,false,false,false,-83.14011,42.40256,"{
  ""coordinates"": [
    -8.314011052599990e+01,
    4.240256279800010e+01
  ],
  ""type"": ""Point""
}","{
  ""coordinates"": [
    -83.140110526,
    42.402562798
  ],
  ""type"": ""Point""
}",-83.1401105259999,42.4025627980001
20435,9178861,WOODWARD,ALEXANDRINE,2015-01-31,31,1,2015,21,7,1,3,,1,1,,1,1,4,25,1,1,1,5,0,0,0,0,true,,false,false,false,false,false,,,,,,false,false,false,,,false,false,false,false,false,-83.06003,42.3506,"{
  ""coordinates"": [
    -8.306002576299990e+01,
    4.235060158400010e+01
  ],
  ""type"": ""Point""
}","{
  ""coordinates"": [
    -83.060025763,
    42.350601584
  ],
  ""type"": ""Point""
}",-83.0600257629999,42.3506015840001
20436,9187484,STEVE YZERMAN,JERFFERSON,2015-01-31,31,1,2015,12,7,4,9,,4,0,,1,1,1,25,2,2,2,5,0,0,0,0,true,,true,true,false,false,false,,,,,,false,false,false,,,false,false,false,false,false,-83.05271,42.3257,"{
  ""coordinates"": [
    -8.305271053500000e+01,
    4.232569575800010e+01
  ],
  ""type"": ""Point""
}","{
  ""coordinates"": [
    -83.052710535,
    42.325695758
  ],
  ""type"": ""Point""
}",-83.052710535,42.3256957580001
20437,9203108,HARPER,WHITTIER,2015-01-31,31,1,2015,19,7,4,9,,4,0,,1,1,4,30,2,2,5,5,0,0,0,0,true,,false,false,false,false,false,,,,,,false,false,true,,,false,false,false,false,false,-82.94239,42.41244,"{
  ""coordinates"": [
    -8.294238948799990e+01,
    4.241243960700010e+01
  ],
  ""type"": ""Point""
}","{
  ""coordinates"": [
    -82.942389488,
    42.412439607
  ],
  ""type"": ""Point""
}",-82.9423894879999,42.4124396070001
20438,9182721,CASS,WARREN,2015-01-31,31,1,2015,9,7,4,9,,4,0,,1,1,1,30,6,3,5,4,0,0,0,4,false,,false,false,false,false,false,,,,,,false,false,true,,,false,false,false,false,false,-83.0667,42.35607,"{
  ""coordinates"": [
    -8.306669574999999e+01,
    4.235606650000010e+01
  ],
  ""type"": ""Point""
}","{
  ""coordinates"": [
    -83.06669575,
    42.3560665
  ],
  ""type"": ""Point""
}",-83.06669575,42.3560665000001
20439,9178899,SCHOOLCRAFT,GLASTONBURY,2015-01-31,31,1,2015,18,7,8,9,,2,0,,1,1,4,0,4,2,4,5,0,0,0,0,true,,false,false,false,false,false,,,,,,false,false,false,,,false,false,false,false,false,-83.22484,42.38652,"{
  ""coordinates"": [
    -8.322483868599990e+01,
    4.238652179100010e+01
  ],
  ""type"": ""Point""
}","{
  ""coordinates"": [
    -83.224838686,
    42.386521791
  ],
  ""type"": ""Point""
}",-83.2248386859999,42.3865217910001
20440,9177223,I94,CHALMERS,2015-01-31,31,1,2015,21,7,97,1,,1,0,,1,2,4,55,3,2,14,5,0,0,0,0,true,,false,false,false,false,false,,,,,,false,false,false,,,false,false,false,false,false,-82.95978,42.40522,"{
  ""coordinates"": [
    -8.295977412100000e+01,
    4.240521583200010e+01
  ],
  ""type"": ""Point""
}","{
  ""coordinates"": [
    -82.959774121,
    42.405215832
  ],
  ""type"": ""Point""
}",-82.959774121,42.4052158320001
20441,9173928,ARCHDALE,WHITLOCK,2015-01-31,31,1,2015,15,7,97,9,,,0,,2,5,1,15,2,2,0,4,0,0,0,1,false,,false,false,true,false,false,,,,,,true,false,false,,,false,false,false,false,false,-83.21457,42.3398,"{
  ""coordinates"": [
    -8.321456767699991e+01,
    4.233979815200010e+01
  ],
  ""type"": ""Point""
}","{
  ""coordinates"": [
    -83.214567677,
    42.339798152
  ],
  ""type"": ""Point""
}",-83.2145676769999,42.3397981520001
20442,9194266,BEAUBIEN,MONROE,2015-01-31,31,1,2015,6,7,4,9,,4,0,,2,1,5,25,2,2,3,5,0,0,0,0,true,,false,false,false,false,false,,,,,,false,false,true,,,false,false,false,false,false,-83.04257,42.33492,"{
  ""coordinates"": [
    -8.304257300800001e+01,
    4.233491732000000e+01
  ],
  ""type"": ""Point""
}","{
  ""coordinates"": [
    -83.042573008,
    42.33491732
  ],
  ""type"": ""Point""
}",-83.042573008,42.33491732
20443,9177282,N/B M-39,GRAND RIVER,2015-01-31,31,1,2015,20,7,1,3,,1,1,,1,1,4,55,3,1,2,4,0,0,0,2,false,,false,false,false,false,false,,,,,,false,false,true,,,false,false,false,false,false,-83.21787,42.39343,"{
  ""coordinates"": [
    -8.321787476400000e+01,
    4.239343075300010e+01
  ],
  ""type"": ""Point""
}","{
  ""coordinates"": [
    -83.217874764,
    42.393430753
  ],
  ""type"": ""Point""
}",-83.217874764,42.3934307530001
20444,9194310,BURNETTE,MACKENZIE,2015-01-31,31,1,2015,21,7,1,9,,,1,,1,1,4,25,1,1,1,5,0,0,0,0,true,,false,false,false,false,false,,,,,,false,false,false,,,false,false,false,false,false,-83.14108,42.35704,"{
  ""coordinates"": [
    -8.314108176199990e+01,
    4.235703823000010e+01
  ],
  ""type"": ""Point""
}","{
  ""coordinates"": [
    -83.141081762,
    42.35703823
  ],
  ""type"": ""Point""
}",-83.1410817619999,42.3570382300001
20445,9171980,CONNER,EUGENE,2015-01-31,31,1,2015,17,7,4,9,,4,0,,1,1,1,30,4,2,3,4,0,0,0,2,false,,false,false,true,false,false,,,,,,false,false,true,,,false,false,false,false,false,-82.97352,42.38839,"{
  ""coordinates"": [
    -8.297351599200000e+01,
    4.238838467100000e+01
  ],
  ""type"": ""Point""
}","{
  ""coordinates"": [
    -82.973515992,
    42.388384671
  ],
  ""type"": ""Point""
}",-82.973515992,42.388384671
20446,9176070,I-94,LIVERNOIS,2015-01-31,31,1,2015,4,7,8,1,,1,0,,1,1,4,55,3,2,2,5,0,0,0,0,true,,false,false,false,false,false,,,,,,false,false,true,,,false,false,false,false,false,-83.12066,42.3392,"{
  ""coordinates"": [
    -8.312065507499990e+01,
    4.233919476800000e+01
  ],
  ""type"": ""Point""
}","{
  ""coordinates"": [
    -83.120655075,
    42.339194768
  ],
  ""type"": ""Point""
}",-83.1206550749999,42.339194768
20447,9183783,WATERMAN,STRATTON,2015-01-31,31,1,2015,15,7,1,9,,4,1,,5,1,1,30,2,2,2,1,1,0,0,0,false,,false,false,true,false,false,,,,,,true,false,true,,,false,false,false,false,false,-83.11556,42.31444,"{
  ""coordinates"": [
    -8.311556300800000e+01,
    4.231444263900000e+01
  ],
  ""type"": ""Point""
}","{
  ""coordinates"": [
    -83.115563008,
    42.314442639
  ],
  ""type"": ""Point""
}",-83.115563008,42.314442639
20448,9188657,CONANT,NEVADA,2015-01-31,31,1,2015,0,7,4,9,,4,0,,1,1,4,35,4,2,2,5,0,0,0,0,true,,true,true,true,false,false,,,,,,false,false,false,,,false,false,false,false,false,-83.06858,42.42579,"{
  ""coordinates"": [
    -8.306857760199991e+01,
    4.242579431400000e+01
  ],
  ""type"": ""Point""
}","{
  ""coordinates"": [
    -83.068577602,
    42.425794314
  ],
  ""type"": ""Point""
}",-83.0685776019999,42.425794314
20449,9202960,ASHTON,PURTIAN,2015-01-31,31,1,2015,3,7,97,9,,,0,,1,1,4,25,1,2,0,5,0,0,0,0,true,,false,false,true,false,false,,,,,,false,false,false,,,false,false,false,false,false,-83.21976,42.40834,"{
  ""coordinates"": [
    -8.321976253000000e+01,
    4.240833591500010e+01
  ],
  ""type"": ""Point""
}","{
  ""coordinates"": [
    -83.21976253,
    42.408335915
  ],
  ""type"": ""Point""
}",-83.21976253,42.4083359150001
20450,9171950,LIVERNOIS,FENKELL,2015-01-31,31,1,2015,4,7,1,9,,4,1,,1,98,4,30,4,1,1,3,0,0,1,0,false,,false,false,false,false,false,,,,,,false,false,false,,,false,false,false,false,false,-83.14033,42.40239,"{
  ""coordinates"": [
    -8.314033009199990e+01,
    4.240238895800010e+01
  ],
  ""type"": ""Point""
}","{
  ""coordinates"": [
    -83.140330092,
    42.402388958
  ],
  ""type"": ""Point""
}",-83.1403300919999,42.4023889580001
20451,9182633,FOREST,JOHN R,2015-01-31,31,1,2015,17,7,97,9,,4,0,,1,2,1,35,2,2,2,5,0,0,0,0,true,,false,false,false,false,false,,,,,,false,false,false,,,false,false,false,false,false,-83.06109,42.35555,"{
  ""coordinates"": [
    -8.306108737300001e+01,
    4.235554896600010e+01
  ],
  ""type"": ""Point""
}","{
  ""coordinates"": [
    -83.061087373,
    42.355548966
  ],
  ""type"": ""Point""
}",-83.061087373,42.3555489660001
20452,9188630,SAVAGE,VAN DYKE,2015-01-31,31,1,2015,17,7,5,3,,,0,,3,2,3,25,1,2,4,5,0,0,0,0,true,,false,false,false,false,false,,,,,,false,true,false,,,false,false,false,false,false,-83.02467,42.4461,"{
  ""coordinates"": [
    -8.302466943000000e+01,
    4.244609709000010e+01
  ],
  ""type"": ""Point""
}","{
  ""coordinates"": [
    -83.02466943,
    42.44609709
  ],
  ""type"": ""Point""
}",-83.02466943,42.4460970900001
20453,9172021,7 MILE,JAMES COUZENS,2015-01-31,31,1,2015,4,7,7,9,,2,0,,1,1,4,30,3,2,2,5,0,0,0,0,true,,true,true,false,false,false,,,,,,false,false,true,,,false,false,false,false,false,-83.18738,42.43081,"{
  ""coordinates"": [
    -8.318737688100001e+01,
    4.243080904500000e+01
  ],
  ""type"": ""Point""
}","{
  ""coordinates"": [
    -83.187376881,
    42.430809045
  ],
  ""type"": ""Point""
}",-83.187376881,42.430809045
20454,9194293,ARDMORE,CHALFONTE,2015-01-31,31,1,2015,19,7,97,9,,,0,,3,1,4,25,2,3,1,5,0,0,0,0,true,,false,false,true,false,false,,,,,,false,false,false,,,false,false,false,false,false,-83.18439,42.39891,"{
  ""coordinates"": [
    -8.318438806499999e+01,
    4.239890898900010e+01
  ],
  ""type"": ""Point""
}","{
  ""coordinates"": [
    -83.184388065,
    42.398908989
  ],
  ""type"": ""Point""
}",-83.184388065,42.3989089890001
20455,9171979,ALTER,FOREST,2015-01-31,31,1,2015,13,7,7,9,,4,0,,3,5,1,25,2,2,2,5,0,0,0,0,true,,false,false,false,false,false,,,,,,false,false,true,,,false,false,false,false,false,-82.95319,42.3955,"{
  ""coordinates"": [
    -8.295318242600000e+01,
    4.239549804200000e+01
  ],
  ""type"": ""Point""
}","{
  ""coordinates"": [
    -82.953182426,
    42.395498042
  ],
  ""type"": ""Point""
}",-82.953182426,42.395498042
20456,9194295,PLYMOUTH,MARK TWAIN,2015-01-31,31,1,2015,21,7,4,9,,4,0,,1,1,4,25,4,2,4,3,0,0,1,0,false,,false,false,false,false,false,,,,,,false,false,true,,,false,false,false,false,false,-83.18531,42.37288,"{
  ""coordinates"": [
    -8.318531176200000e+01,
    4.237288175100010e+01
  ],
  ""type"": ""Point""
}","{
  ""coordinates"": [
    -83.185311762,
    42.372881751
  ],
  ""type"": ""Point""
}",-83.185311762,42.3728817510001
20457,9179877,LINWOOD,GRAND,2015-01-31,31,1,2015,13,7,4,9,,4,0,,2,1,1,30,2,2,4,5,0,0,0,0,true,,false,false,false,false,false,,,,,,false,false,false,,,false,false,false,false,false,-83.09994,42.3603,"{
  ""coordinates"": [
    -8.309993881299989e+01,
    4.236029985300010e+01
  ],
  ""type"": ""Point""
}","{
  ""coordinates"": [
    -83.099938813,
    42.360299853
  ],
  ""type"": ""Point""
}",-83.0999388129999,42.3602998530001
20458,9172958,SEVEN MILE,VEACH,2015-01-30,30,1,2015,15,6,5,9,,4,0,,2,1,1,30,4,2,3,5,0,0,0,0,true,,false,false,false,false,false,,,,,,false,false,true,,,false,false,false,false,false,-83.02109,42.43403,"{
  ""coordinates"": [
    -8.302108865799990e+01,
    4.243402749600010e+01
  ],
  ""type"": ""Point""
}","{
  ""coordinates"": [
    -83.021088658,
    42.434027496
  ],
  ""type"": ""Point""
}",-83.0210886579999,42.4340274960001
20459,9188653,SUNSET,7 MILE,2015-01-30,30,1,2015,9,6,97,9,,,0,,3,1,1,15,1,1,1,5,0,0,0,0,true,,false,false,false,false,false,,,,,,false,false,false,,,false,false,false,false,false,-83.06094,42.43317,"{
  ""coordinates"": [
    -8.306094214800000e+01,
    4.243317583400010e+01
  ],
  ""type"": ""Point""
}","{
  ""coordinates"": [
    -83.060942148,
    42.433175834
  ],
  ""type"": ""Point""
}",-83.060942148,42.4331758340001
20460,9171940,LAFAYETTE,BRUSH,2015-01-30,30,1,2015,9,6,5,9,,4,0,,1,1,1,30,3,2,2,5,0,0,0,0,true,,false,false,false,false,false,,,,,,false,false,false,,,false,false,false,false,false,-83.04305,42.3336,"{
  ""coordinates"": [
    -8.304304697100000e+01,
    4.233359924200000e+01
  ],
  ""type"": ""Point""
}","{
  ""coordinates"": [
    -83.043046971,
    42.333599242
  ],
  ""type"": ""Point""
}",-83.043046971,42.333599242
20461,9176102,I94,I75,2015-01-30,30,1,2015,22,6,8,1,,1,0,,1,2,4,55,3,2,4,4,0,0,0,2,false,,false,false,false,false,false,,,,,,false,false,true,,,false,false,false,false,false,-83.06228,42.36648,"{
  ""coordinates"": [
    -8.306227904500000e+01,
    4.236647889100000e+01
  ],
  ""type"": ""Point""
}","{
  ""coordinates"": [
    -83.062279045,
    42.366478891
  ],
  ""type"": ""Point""
}",-83.062279045,42.366478891
20462,9172026,LITTLEFIELD,FLORENCE,2015-01-30,30,1,2015,11,6,5,9,,,0,,3,1,1,25,1,2,2,4,0,0,0,2,false,,false,false,false,false,false,,,,,,false,false,true,,,false,false,false,false,false,-83.17634,42.41201,"{
  ""coordinates"": [
    -8.317633471999990e+01,
    4.241201461500000e+01
  ],
  ""type"": ""Point""
}","{
  ""coordinates"": [
    -83.17633472,
    42.412014615
  ],
  ""type"": ""Point""
}",-83.1763347199999,42.412014615
20463,9171966,FENKELL,PATTON,2015-01-30,30,1,2015,15,6,8,9,,2,0,,3,1,1,30,4,2,2,5,0,0,0,0,true,,false,false,false,false,false,,,,,,false,false,false,,,false,false,false,false,false,-83.24383,42.40057,"{
  ""coordinates"": [
    -8.324382916499999e+01,
    4.240056534900000e+01
  ],
  ""type"": ""Point""
}","{
  ""coordinates"": [
    -83.243829165,
    42.400565349
  ],
  ""type"": ""Point""
}",-83.243829165,42.400565349
20464,9171962,CLAYBURN,WARREN,2015-01-30,30,1,2015,14,6,5,9,,,0,,3,1,1,25,3,2,3,5,0,0,0,0,true,,false,false,false,false,false,,,,,,false,false,false,,,false,false,false,false,false,-83.21158,42.34372,"{
  ""coordinates"": [
    -8.321157949000001e+01,
    4.234371671900000e+01
  ],
  ""type"": ""Point""
}","{
  ""coordinates"": [
    -83.21157949,
    42.343716719
  ],
  ""type"": ""Point""
}",-83.21157949,42.343716719
20465,9171986,EASTBURN,BROCK,2015-01-30,30,1,2015,20,6,4,9,,,0,,3,1,4,25,2,2,4,2,0,1,0,1,false,,false,false,false,false,false,,,,,,false,false,true,,,false,false,false,false,false,-82.96345,42.44546,"{
  ""coordinates"": [
    -8.296345064499999e+01,
    4.244546075700000e+01
  ],
  ""type"": ""Point""
}","{
  ""coordinates"": [
    -82.963450645,
    42.445460757
  ],
  ""type"": ""Point""
}",-82.963450645,42.445460757
20466,9188644,CONANT,MCNICHOLS,2015-01-30,30,1,2015,22,6,97,9,,4,0,,3,98,4,30,4,2,1,3,0,0,1,0,false,,false,false,true,false,false,,,,,,true,false,false,,,false,false,false,false,false,-83.06355,42.41857,"{
  ""coordinates"": [
    -8.306354836100000e+01,
    4.241857290500010e+01
  ],
  ""type"": ""Point""
}","{
  ""coordinates"": [
    -83.063548361,
    42.418572905
  ],
  ""type"": ""Point""
}",-83.063548361,42.4185729050001
20467,9181709,NB M39,PLYMOUTH,2015-01-30,30,1,2015,17,6,5,3,,1,0,,1,1,1,55,3,3,8,4,0,0,0,1,false,,false,false,false,false,false,,,,,,false,false,false,,,false,false,false,false,false,-83.21645,42.36935,"{
  ""coordinates"": [
    -8.321644318599991e+01,
    4.236935000900010e+01
  ],
  ""type"": ""Point""
}","{
  ""coordinates"": [
    -83.216443186,
    42.369350009
  ],
  ""type"": ""Point""
}",-83.2164431859999,42.3693500090001
20468,9172011,JAMES COUZENS,PURITAN,2015-01-30,30,1,2015,8,6,8,9,,4,0,,3,2,1,30,2,2,2,5,0,0,0,0,true,,true,false,false,false,false,,,,,,false,false,true,,,false,false,false,false,false,-83.1654,42.40963,"{
  ""coordinates"": [
    -8.316540053599989e+01,
    4.240963345700000e+01
  ],
  ""type"": ""Point""
}","{
  ""coordinates"": [
    -83.165400536,
    42.409633457
  ],
  ""type"": ""Point""
}",-83.1654005359999,42.409633457
20469,9172900,KERCHEVAL,PARKER,2015-01-30,30,1,2015,8,6,4,9,,4,0,,3,5,1,30,4,2,5,3,0,0,1,0,false,,false,false,false,false,false,,,,,,false,false,true,,,false,false,false,false,false,-82.99853,42.35893,"{
  ""coordinates"": [
    -8.299852612399999e+01,
    4.235893439800000e+01
  ],
  ""type"": ""Point""
}","{
  ""coordinates"": [
    -82.998526124,
    42.358934398
  ],
  ""type"": ""Point""
}",-82.998526124,42.358934398
20470,9190153,STATE FAIR,BURK,2015-01-30,30,1,2015,7,6,97,0,,4,0,,3,98,2,0,2,2,0,5,0,0,0,0,true,,false,false,true,false,false,,,,,,false,false,false,,,false,false,false,false,false,-83.08702,42.43998,"{
  ""coordinates"": [
    -8.308701793700000e+01,
    4.243998124700000e+01
  ],
  ""type"": ""Point""
}","{
  ""coordinates"": [
    -83.087017937,
    42.439981247
  ],
  ""type"": ""Point""
}",-83.087017937,42.439981247
20471,9171943,GRATIOT,CADILLAC,2015-01-30,30,1,2015,0,6,8,3,,1,0,,4,5,5,30,2,2,5,5,0,0,0,0,true,,false,false,true,false,false,,,,,,false,false,false,,,false,false,false,false,false,-83.00486,42.39367,"{
  ""coordinates"": [
    -8.300486333600000e+01,
    4.239367408300010e+01
  ],
  ""type"": ""Point""
}","{
  ""coordinates"": [
    -83.004863336,
    42.393674083
  ],
  ""type"": ""Point""
}",-83.004863336,42.3936740830001
20472,9172959,DAVISON,MT ELLIOTT,2015-01-30,30,1,2015,9,6,5,9,,4,0,,3,1,1,30,4,2,2,5,0,0,0,0,true,,false,false,false,false,false,,,,,,false,false,false,,,false,false,false,false,false,-83.0385,42.42326,"{
  ""coordinates"": [
    -8.303849718500000e+01,
    4.242326213500010e+01
  ],
  ""type"": ""Point""
}","{
  ""coordinates"": [
    -83.038497185,
    42.423262135
  ],
  ""type"": ""Point""
}",-83.038497185,42.4232621350001