ObjectId,Crash ID,Primary Road,Intersecting Road,Crash Date,Day,Month,Year,Hour,Weekday,Crash Type Code,Highway Classification Code,Community Code,Jurisdiction Code,Lane Departure Type Code,Surface Type,Road Condition,Weather Condition,Lighting Condition,Speed Limit,Lanes,Units,Occupants,Most Severe Injury,Fatal Injuries,Suspected Serious Injuries,Suspected Minor Injuries,Possible Injuries,Property Damage Only,Secondary Crash,Traffic Control,Red Light Run,Hit and Run,Alcohol,Drugs,Unbelted Person,Work Zone,Speeding Driver,Distracted Driver,Driveway,Pedestrian,Elderly Driver,Young Driver,Commercial Vehicle,Emergency Vehicles,Train,School Bus,Motorcycle,Bicycle,Deer,Longitude,Latitude,geom,geog,x,y
20473,9174853,212B,LIVERNOIS,2015-01-30,30,1,2015,17,6,8,1,,1,0,,1,1,1,55,3,2,3,5,0,0,0,0,true,,false,false,false,false,false,,,,,,false,false,false,,,false,false,false,false,false,-83.12325,42.33792,"{
  ""coordinates"": [
    -8.312325068099990e+01,
    4.233791805700000e+01
  ],
  ""type"": ""Point""
}","{
  ""coordinates"": [
    -83.123250681,
    42.337918057
  ],
  ""type"": ""Point""
}",-83.1232506809999,42.337918057
20474,9178886,MCNICHOLS,PATTON,2015-01-30,30,1,2015,21,6,5,9,,2,0,,3,5,4,35,3,3,1,3,0,0,1,0,false,,false,false,false,false,false,,,,,,false,false,false,,,false,false,false,false,false,-83.24471,42.41483,"{
  ""coordinates"": [
    -8.324471328700000e+01,
    4.241483033800010e+01
  ],
  ""type"": ""Point""
}","{
  ""coordinates"": [
    -83.244713287,
    42.414830338
  ],
  ""type"": ""Point""
}",-83.244713287,42.4148303380001
20475,9187496,CENTRAL,VERNOR,2015-01-30,30,1,2015,10,6,8,9,,4,0,,3,1,1,25,2,2,0,5,0,0,0,0,true,,false,false,true,false,false,,,,,,false,false,false,,,false,false,false,false,false,-83.12427,42.31258,"{
  ""coordinates"": [
    -8.312426875800000e+01,
    4.231258381500000e+01
  ],
  ""type"": ""Point""
}","{
  ""coordinates"": [
    -83.124268758,
    42.312583815
  ],
  ""type"": ""Point""
}",-83.124268758,42.312583815
20476,9172027,BEAUBIEN,PALMER,2015-01-30,30,1,2015,12,6,4,9,,,0,,3,1,1,30,4,2,2,5,0,0,0,0,true,,false,false,false,false,false,,,,,,false,false,true,,,false,false,false,false,false,-83.06213,42.3644,"{
  ""coordinates"": [
    -8.306213031700000e+01,
    4.236439777700010e+01
  ],
  ""type"": ""Point""
}","{
  ""coordinates"": [
    -83.062130317,
    42.364397777
  ],
  ""type"": ""Point""
}",-83.062130317,42.3643977770001
20477,9171802,M39,PURITAN,2015-01-30,30,1,2015,19,6,5,3,,1,0,,1,2,4,55,3,2,2,5,0,0,0,0,true,,false,false,false,false,false,,,,,,false,false,false,,,false,false,false,false,false,-83.21889,42.41558,"{
  ""coordinates"": [
    -8.321888641399990e+01,
    4.241557522300010e+01
  ],
  ""type"": ""Point""
}","{
  ""coordinates"": [
    -83.218886414,
    42.415575223
  ],
  ""type"": ""Point""
}",-83.2188864139999,42.4155752230001
20478,9174854,NB M10,7 MILE,2015-01-30,30,1,2015,15,6,5,3,,1,0,,1,1,1,55,3,2,3,5,0,0,0,0,true,,false,false,false,false,false,,,,,,false,false,true,,,false,false,false,false,false,-83.18932,42.43312,"{
  ""coordinates"": [
    -8.318931540700000e+01,
    4.243312369900010e+01
  ],
  ""type"": ""Point""
}","{
  ""coordinates"": [
    -83.189315407,
    42.433123699
  ],
  ""type"": ""Point""
}",-83.189315407,42.4331236990001
20479,9202923,MACK,HARVARD,2015-01-30,30,1,2015,10,6,5,9,,2,0,,1,1,1,30,4,2,2,5,0,0,0,0,true,,false,false,false,false,false,,,,,,false,true,false,,,false,false,false,false,false,-82.92342,42.39444,"{
  ""coordinates"": [
    -8.292342059500000e+01,
    4.239444358300010e+01
  ],
  ""type"": ""Point""
}","{
  ""coordinates"": [
    -82.923420595,
    42.394443583
  ],
  ""type"": ""Point""
}",-82.923420595,42.3944435830001
20480,9176291,COMMONWEALTH,LYSANDER,2015-01-30,30,1,2015,13,6,97,9,,,0,,97,98,1,25,1,2,0,5,0,0,0,0,true,,false,false,true,false,false,,,,,,false,false,false,,,false,false,false,false,false,-83.07787,42.34808,"{
  ""coordinates"": [
    -8.307786563300000e+01,
    4.234808537600000e+01
  ],
  ""type"": ""Point""
}","{
  ""coordinates"": [
    -83.077865633,
    42.348085376
  ],
  ""type"": ""Point""
}",-83.077865633,42.348085376
20481,9172012,7 MILE,RYAN,2015-01-30,30,1,2015,13,6,4,9,,4,0,,4,2,1,30,2,2,1,5,0,0,0,0,true,,false,false,true,false,false,,,,,,false,false,true,,,false,false,false,false,false,-83.06315,42.43313,"{
  ""coordinates"": [
    -8.306314806899999e+01,
    4.243312703500000e+01
  ],
  ""type"": ""Point""
}","{
  ""coordinates"": [
    -83.063148069,
    42.433127035
  ],
  ""type"": ""Point""
}",-83.063148069,42.433127035
20482,9176250,I94,ROSAPARKS,2015-01-30,30,1,2015,9,6,8,1,,1,0,,1,2,1,55,3,2,3,5,0,0,0,0,true,,false,false,false,false,false,,,,,,false,false,false,,,false,false,false,false,false,-83.08543,42.35454,"{
  ""coordinates"": [
    -8.308543230500000e+01,
    4.235454177900000e+01
  ],
  ""type"": ""Point""
}","{
  ""coordinates"": [
    -83.085432305,
    42.354541779
  ],
  ""type"": ""Point""
}",-83.085432305,42.354541779
20483,9217212,PEMBROKE,GILCHRIST,2015-01-30,30,1,2015,13,6,4,9,,4,0,,4,1,1,25,4,2,2,5,0,0,0,0,true,,true,true,false,false,false,,,,,,false,false,false,,,false,false,false,false,false,-83.2135,42.43734,"{
  ""coordinates"": [
    -8.321350159300000e+01,
    4.243734143500010e+01
  ],
  ""type"": ""Point""
}","{
  ""coordinates"": [
    -83.213501593,
    42.437341435
  ],
  ""type"": ""Point""
}",-83.213501593,42.4373414350001
20484,9194309,JOY,MARLOWE,2015-01-30,30,1,2015,17,6,8,9,,4,0,,1,2,1,30,4,2,4,4,0,0,0,2,false,,false,false,true,false,false,,,,,,false,false,false,,,false,false,false,false,false,-83.18842,42.35832,"{
  ""coordinates"": [
    -8.318841243500000e+01,
    4.235831988900000e+01
  ],
  ""type"": ""Point""
}","{
  ""coordinates"": [
    -83.188412435,
    42.358319889
  ],
  ""type"": ""Point""
}",-83.188412435,42.358319889
20485,9172960,DAVISON,MT ELLIOTT,2015-01-30,30,1,2015,10,6,8,9,,4,0,,3,1,1,35,4,2,2,4,0,0,0,1,false,,false,false,false,false,false,,,,,,false,false,true,,,false,false,false,false,false,-83.0385,42.42326,"{
  ""coordinates"": [
    -8.303849718500000e+01,
    4.242326213500010e+01
  ],
  ""type"": ""Point""
}","{
  ""coordinates"": [
    -83.038497185,
    42.423262135
  ],
  ""type"": ""Point""
}",-83.038497185,42.4232621350001
20486,9180945,SOUTHFIELD SERVICE DRIVE,MCNICHOLS,2015-01-30,30,1,2015,3,6,8,9,,4,0,,1,1,4,35,3,2,2,5,0,0,0,0,true,,false,false,false,false,false,,,,,,false,false,true,,,false,false,false,false,false,-83.21922,42.41551,"{
  ""coordinates"": [
    -8.321921709000000e+01,
    4.241550772700000e+01
  ],
  ""type"": ""Point""
}","{
  ""coordinates"": [
    -83.21921709,
    42.415507727
  ],
  ""type"": ""Point""
}",-83.21921709,42.415507727
20487,9170287,I-96,SCHAEFER,2015-01-30,30,1,2015,7,6,8,1,,1,0,,1,1,2,70,3,2,2,5,0,0,0,0,true,,false,false,false,false,false,,,,,,false,false,true,,,false,false,false,false,false,-83.16894,42.38506,"{
  ""coordinates"": [
    -8.316893494999989e+01,
    4.238506482500000e+01
  ],
  ""type"": ""Point""
}","{
  ""coordinates"": [
    -83.16893495,
    42.385064825
  ],
  ""type"": ""Point""
}",-83.1689349499999,42.385064825
20488,9188649,SHERWOOD,NEVADA,2015-01-30,30,1,2015,11,6,97,9,,4,1,,3,1,1,30,1,1,1,5,0,0,0,0,true,,false,false,false,false,false,,,,,,false,false,false,,,false,false,false,false,false,-83.03352,42.42653,"{
  ""coordinates"": [
    -8.303351972300000e+01,
    4.242652535800000e+01
  ],
  ""type"": ""Point""
}","{
  ""coordinates"": [
    -83.033519723,
    42.426525358
  ],
  ""type"": ""Point""
}",-83.033519723,42.426525358
20489,9178912,HAYES,EIGHT MILE,2015-01-30,30,1,2015,14,6,4,3,,4,0,,1,1,1,30,2,2,1,4,0,0,0,1,false,,false,false,true,false,false,,,,,,false,false,false,,,false,false,false,false,false,-82.96608,42.44986,"{
  ""coordinates"": [
    -8.296608219300001e+01,
    4.244985604100000e+01
  ],
  ""type"": ""Point""
}","{
  ""coordinates"": [
    -82.966082193,
    42.449856041
  ],
  ""type"": ""Point""
}",-82.966082193,42.449856041
20490,9174851,I-75,MCNICHOLS,2015-01-30,30,1,2015,15,6,5,1,,1,0,,1,1,1,70,4,2,3,5,0,0,0,0,true,,false,false,false,false,false,,,,,,false,false,false,,,false,false,false,false,false,-83.08871,42.41941,"{
  ""coordinates"": [
    -8.308871237600000e+01,
    4.241941307700010e+01
  ],
  ""type"": ""Point""
}","{
  ""coordinates"": [
    -83.088712376,
    42.419413077
  ],
  ""type"": ""Point""
}",-83.088712376,42.4194130770001
20491,9172017,CLARITA,KENTUCKY,2015-01-30,30,1,2015,23,6,1,9,,,1,,3,1,4,25,2,1,2,5,0,0,0,0,true,,false,false,false,false,false,,,,,,false,false,true,,,false,false,false,false,false,-83.15967,42.42958,"{
  ""coordinates"": [
    -8.315966587799990e+01,
    4.242957543600010e+01
  ],
  ""type"": ""Point""
}","{
  ""coordinates"": [
    -83.159665878,
    42.429575436
  ],
  ""type"": ""Point""
}",-83.1596658779999,42.4295754360001
20492,9188647,MOUND,7 MILE,2015-01-30,30,1,2015,14,6,5,9,,2,0,,1,1,1,30,2,2,5,5,0,0,0,0,true,,false,false,true,false,false,,,,,,false,false,false,,,false,false,false,false,false,-83.04337,42.43349,"{
  ""coordinates"": [
    -8.304337563800000e+01,
    4.243348680400000e+01
  ],
  ""type"": ""Point""
}","{
  ""coordinates"": [
    -83.043375638,
    42.433486804
  ],
  ""type"": ""Point""
}",-83.043375638,42.433486804
20493,9172961,CHARLES,MOENART,2015-01-30,30,1,2015,7,6,5,9,,4,0,,3,1,1,25,2,2,2,4,0,0,0,1,false,,false,false,false,false,false,,,,,,false,false,false,,,false,false,false,false,false,-83.04953,42.41172,"{
  ""coordinates"": [
    -8.304953035800000e+01,
    4.241172586900010e+01
  ],
  ""type"": ""Point""
}","{
  ""coordinates"": [
    -83.049530358,
    42.411725869
  ],
  ""type"": ""Point""
}",-83.049530358,42.4117258690001
20494,9178932,7 MILE,ARDMORE,2015-01-30,30,1,2015,16,6,8,9,,2,0,,1,1,1,30,4,2,2,5,0,0,0,0,true,,false,false,false,false,false,,,,,,false,false,false,,,false,false,false,false,false,-83.18538,42.4309,"{
  ""coordinates"": [
    -8.318537828200000e+01,
    4.243089686800000e+01
  ],
  ""type"": ""Point""
}","{
  ""coordinates"": [
    -83.185378282,
    42.430896868
  ],
  ""type"": ""Point""
}",-83.185378282,42.430896868
20495,9194276,1ST,FORT,2015-01-30,30,1,2015,7,6,1,3,,4,0,,1,1,1,25,4,2,0,3,0,0,1,0,false,,false,false,true,false,false,,,,,,true,false,false,,,false,false,false,false,false,-83.05201,42.3287,"{
  ""coordinates"": [
    -8.305201052000000e+01,
    4.232870298400010e+01
  ],
  ""type"": ""Point""
}","{
  ""coordinates"": [
    -83.05201052,
    42.328702984
  ],
  ""type"": ""Point""
}",-83.05201052,42.3287029840001
20496,9174998,HUBER,MOUNT ELLIOTT,2015-01-30,30,1,2015,14,6,5,9,,,0,,3,1,1,25,2,2,3,5,0,0,0,0,true,,false,false,false,false,false,,,,,,false,false,false,,,false,false,false,false,false,-83.03761,42.39748,"{
  ""coordinates"": [
    -8.303761427400001e+01,
    4.239747793000000e+01
  ],
  ""type"": ""Point""
}","{
  ""coordinates"": [
    -83.037614274,
    42.39747793
  ],
  ""type"": ""Point""
}",-83.037614274,42.39747793
20497,9194300,ALASKA,CENTRAL,2015-01-30,30,1,2015,9,6,4,9,,,0,,3,1,1,25,2,2,3,5,0,0,0,0,true,,false,false,false,false,false,,,,,,false,false,false,,,false,false,false,false,false,-83.14623,42.3554,"{
  ""coordinates"": [
    -8.314622935700000e+01,
    4.235540083700000e+01
  ],
  ""type"": ""Point""
}","{
  ""coordinates"": [
    -83.146229357,
    42.355400837
  ],
  ""type"": ""Point""
}",-83.146229357,42.355400837
20498,9176113,I-94,FRENCH,2015-01-30,30,1,2015,3,6,1,1,,1,1,,1,1,4,55,3,1,1,4,0,0,0,1,false,,false,false,false,true,false,,,,,,false,false,false,,,false,false,false,false,false,-82.9961,42.39223,"{
  ""coordinates"": [
    -8.299610272300001e+01,
    4.239222692900010e+01
  ],
  ""type"": ""Point""
}","{
  ""coordinates"": [
    -82.996102723,
    42.392226929
  ],
  ""type"": ""Point""
}",-82.996102723,42.3922269290001
20499,9171948,COOLEY,GRANDRIVER,2015-01-30,30,1,2015,9,6,5,3,,,0,,3,1,1,25,2,2,2,5,0,0,0,0,true,,false,false,false,false,false,,,,,,false,false,false,,,false,false,false,false,false,-83.26089,42.4178,"{
  ""coordinates"": [
    -8.326089324000000e+01,
    4.241779928100000e+01
  ],
  ""type"": ""Point""
}","{
  ""coordinates"": [
    -83.26089324,
    42.417799281
  ],
  ""type"": ""Point""
}",-83.26089324,42.417799281
20500,9174991,7 MILE,SOUTHFIELD SERVICE DRIVE,2015-01-30,30,1,2015,12,6,9,9,,2,2,,2,1,1,35,3,2,2,5,0,0,0,0,true,,false,false,false,false,false,,,,,,false,true,false,,,false,false,false,false,false,-83.21889,42.43003,"{
  ""coordinates"": [
    -8.321888468700000e+01,
    4.243002579100000e+01
  ],
  ""type"": ""Point""
}","{
  ""coordinates"": [
    -83.218884687,
    42.430025791
  ],
  ""type"": ""Point""
}",-83.218884687,42.430025791
20501,9202926,DICKERSON,WARREN,2015-01-30,30,1,2015,8,6,8,9,,4,0,,3,1,1,30,5,2,2,4,0,0,0,1,false,,false,false,true,false,false,,,,,,false,true,false,,,false,false,false,false,false,-82.96703,42.3925,"{
  ""coordinates"": [
    -8.296703547200001e+01,
    4.239249802600010e+01
  ],
  ""type"": ""Point""
}","{
  ""coordinates"": [
    -82.967035472,
    42.392498026
  ],
  ""type"": ""Point""
}",-82.967035472,42.3924980260001
20502,9171990,CHALMERS,HARPER,2015-01-30,30,1,2015,10,6,5,9,,4,0,,3,1,1,30,2,2,3,5,0,0,0,0,true,,false,false,true,false,false,,,,,,false,false,true,,,false,false,false,false,false,-82.96462,42.40474,"{
  ""coordinates"": [
    -8.296462430100000e+01,
    4.240474254800010e+01
  ],
  ""type"": ""Point""
}","{
  ""coordinates"": [
    -82.964624301,
    42.404742548
  ],
  ""type"": ""Point""
}",-82.964624301,42.4047425480001
20503,9171783,S I 75,PIQUETTE,2015-01-30,30,1,2015,14,6,5,1,,1,0,,1,1,1,70,4,2,4,4,0,0,0,1,false,,false,false,false,false,false,,,,,,false,false,false,,,false,false,false,false,false,-83.05896,42.37014,"{
  ""coordinates"": [
    -8.305896005900000e+01,
    4.237014470700010e+01
  ],
  ""type"": ""Point""
}","{
  ""coordinates"": [
    -83.058960059,
    42.370144707
  ],
  ""type"": ""Point""
}",-83.058960059,42.3701447070001
20504,9171822,N/B M-10,HOWARD,2015-01-30,30,1,2015,18,6,1,3,,1,1,,1,1,4,55,3,1,1,5,0,0,0,0,true,,false,false,false,false,false,,,,,,false,false,false,,,false,false,false,false,false,-83.06029,42.33072,"{
  ""coordinates"": [
    -8.306028454499990e+01,
    4.233071356600000e+01
  ],
  ""type"": ""Point""
}","{
  ""coordinates"": [
    -83.060284545,
    42.330713566
  ],
  ""type"": ""Point""
}",-83.0602845449999,42.330713566
20505,9171992,OUTER,CONNER,2015-01-30,30,1,2015,12,6,8,9,,2,0,,6,1,1,35,2,2,4,5,0,0,0,0,true,,false,false,false,false,false,,,,,,false,true,false,,,false,false,false,false,false,-82.99889,42.40616,"{
  ""coordinates"": [
    -8.299888278899989e+01,
    4.240616134100000e+01
  ],
  ""type"": ""Point""
}","{
  ""coordinates"": [
    -82.998882789,
    42.406161341
  ],
  ""type"": ""Point""
}",-82.9988827889999,42.406161341
20506,9188620,CHARLES,BUFFALO,2015-01-30,30,1,2015,8,6,1,9,,4,0,,3,5,1,30,2,1,1,5,0,0,0,0,true,,false,false,false,false,false,,,,,,false,false,false,,,false,false,false,false,false,-83.04733,42.41178,"{
  ""coordinates"": [
    -8.304733017099990e+01,
    4.241177806100010e+01
  ],
  ""type"": ""Point""
}","{
  ""coordinates"": [
    -83.047330171,
    42.411778061
  ],
  ""type"": ""Point""
}",-83.0473301709999,42.4117780610001
20507,9178896,7 MILE,SOUTHFIELD,2015-01-30,30,1,2015,11,6,5,9,,2,0,,1,1,4,35,5,2,1,5,0,0,0,0,true,,false,false,true,false,false,,,,,,false,false,true,,,false,false,false,false,false,-83.21974,42.43001,"{
  ""coordinates"": [
    -8.321974186100000e+01,
    4.243000833400000e+01
  ],
  ""type"": ""Point""
}","{
  ""coordinates"": [
    -83.219741861,
    42.430008334
  ],
  ""type"": ""Point""
}",-83.219741861,42.430008334
20508,9187584,LIVERNOIS,WARREN,2015-01-30,30,1,2015,22,6,4,9,,4,0,,1,1,4,35,4,2,2,4,0,0,0,1,false,,false,false,true,false,false,,,,,,false,false,false,,,false,false,false,false,false,-83.13033,42.34459,"{
  ""coordinates"": [
    -8.313033252199990e+01,
    4.234458686700000e+01
  ],
  ""type"": ""Point""
}","{
  ""coordinates"": [
    -83.130332522,
    42.344586867
  ],
  ""type"": ""Point""
}",-83.1303325219999,42.344586867
20509,9171944,DICKERSON,WARREN,2015-01-30,30,1,2015,9,6,4,9,,4,0,,3,5,1,30,2,2,3,4,0,0,0,2,false,,false,false,false,false,false,,,,,,false,false,false,,,false,false,false,false,false,-82.96701,42.39248,"{
  ""coordinates"": [
    -8.296701363600000e+01,
    4.239247420600000e+01
  ],
  ""type"": ""Point""
}","{
  ""coordinates"": [
    -82.967013636,
    42.392474206
  ],
  ""type"": ""Point""
}",-82.967013636,42.392474206
20510,9190120,CONNER,CHANDLER,2015-01-30,30,1,2015,17,6,5,9,,4,0,,4,1,1,35,6,2,1,5,0,0,0,0,true,,false,false,true,false,false,,,,,,false,false,false,,,false,false,false,false,false,-82.98318,42.39292,"{
  ""coordinates"": [
    -8.298317462800000e+01,
    4.239292019200010e+01
  ],
  ""type"": ""Point""
}","{
  ""coordinates"": [
    -82.983174628,
    42.392920192
  ],
  ""type"": ""Point""
}",-82.983174628,42.3929201920001
20511,9174844,I-75,8 MILE,2015-01-30,30,1,2015,14,6,5,1,,1,0,,1,1,1,55,3,2,2,5,0,0,0,0,true,,false,false,false,false,false,,,,,,false,false,false,,,false,false,false,false,false,-83.09466,42.44535,"{
  ""coordinates"": [
    -8.309465672399990e+01,
    4.244534592400000e+01
  ],
  ""type"": ""Point""
}","{
  ""coordinates"": [
    -83.094656724,
    42.445345924
  ],
  ""type"": ""Point""
}",-83.0946567239999,42.445345924
20512,9176292,WARREN,2ND,2015-01-30,30,1,2015,5,6,97,9,,4,0,,1,2,1,25,7,2,1,4,0,0,0,1,false,,false,false,true,false,false,,,,,,true,false,false,,,false,false,false,false,false,-83.06878,42.35542,"{
  ""coordinates"": [
    -8.306877586400000e+01,
    4.235541343900010e+01
  ],
  ""type"": ""Point""
}","{
  ""coordinates"": [
    -83.068775864,
    42.355413439
  ],
  ""type"": ""Point""
}",-83.068775864,42.3554134390001
20513,9194294,PREST,MACKENZIE,2015-01-30,30,1,2015,9,6,4,9,,,0,,3,1,1,25,3,2,2,4,0,0,0,1,false,,false,false,false,false,false,,,,,,false,false,false,,,false,false,false,false,false,-83.19577,42.35578,"{
  ""coordinates"": [
    -8.319577181499990e+01,
    4.235578099300010e+01
  ],
  ""type"": ""Point""
}","{
  ""coordinates"": [
    -83.195771815,
    42.355780993
  ],
  ""type"": ""Point""
}",-83.1957718149999,42.3557809930001
20514,9194325,PEMBROKE,GREENFIELD,2015-01-30,30,1,2015,8,6,5,9,,4,0,,3,1,1,30,3,2,2,5,0,0,0,0,true,,false,false,false,false,false,,,,,,false,false,false,,,false,false,false,false,false,-83.20019,42.43762,"{
  ""coordinates"": [
    -8.320018897400000e+01,
    4.243762246800000e+01
  ],
  ""type"": ""Point""
}","{
  ""coordinates"": [
    -83.200188974,
    42.437622468
  ],
  ""type"": ""Point""
}",-83.200188974,42.437622468
20515,9171993,RAMP 105C,KEELER,2015-01-30,30,1,2015,16,6,97,3,,1,0,,1,1,1,25,2,2,1,4,0,0,0,1,false,,false,false,true,false,false,,,,,,true,false,false,,,false,false,false,false,false,-83.15855,42.40434,"{
  ""coordinates"": [
    -8.315854485400000e+01,
    4.240434213000000e+01
  ],
  ""type"": ""Point""
}","{
  ""coordinates"": [
    -83.158544854,
    42.40434213
  ],
  ""type"": ""Point""
}",-83.158544854,42.40434213
20516,9174865,I-96,BURT,2015-01-30,30,1,2015,8,6,5,1,,1,0,,1,1,1,55,4,2,2,5,0,0,0,0,true,,false,false,false,false,false,,,,,,false,false,false,,,false,false,false,false,false,-83.24854,42.38541,"{
  ""coordinates"": [
    -8.324853171699991e+01,
    4.238540701900010e+01
  ],
  ""type"": ""Point""
}","{
  ""coordinates"": [
    -83.248531717,
    42.385407019
  ],
  ""type"": ""Point""
}",-83.2485317169999,42.3854070190001
20517,9176288,JOHN R,CANFIELD,2015-01-30,30,1,2015,6,6,3,9,,4,0,,3,1,4,30,3,2,2,5,0,0,0,0,true,,true,true,false,false,false,,,,,,false,false,false,,,false,false,false,false,false,-83.05936,42.35361,"{
  ""coordinates"": [
    -8.305936583899999e+01,
    4.235361199200000e+01
  ],
  ""type"": ""Point""
}","{
  ""coordinates"": [
    -83.059365839,
    42.353611992
  ],
  ""type"": ""Point""
}",-83.059365839,42.353611992
20518,9174852,M10,CLAIRMOUNT,2015-01-30,30,1,2015,16,6,5,3,,1,0,,1,1,1,55,3,2,2,5,0,0,0,0,true,,false,false,false,false,false,,,,,,false,false,false,,,false,false,false,false,false,-83.08956,42.37843,"{
  ""coordinates"": [
    -8.308956383899989e+01,
    4.237843438200010e+01
  ],
  ""type"": ""Point""
}","{
  ""coordinates"": [
    -83.089563839,
    42.378434382
  ],
  ""type"": ""Point""
}",-83.0895638389999,42.3784343820001
20519,9187570,6137 PROCTOR,KIRKWOOD,2015-01-30,30,1,2015,5,6,97,9,,,3,,3,5,4,15,2,2,1,5,0,0,0,0,true,,false,false,true,false,false,,,,,,false,true,false,,,false,false,false,false,false,-83.14159,42.33941,"{
  ""coordinates"": [
    -8.314159324500000e+01,
    4.233940774000010e+01
  ],
  ""type"": ""Point""
}","{
  ""coordinates"": [
    -83.141593245,
    42.33940774
  ],
  ""type"": ""Point""
}",-83.141593245,42.3394077400001
20520,9172008,17591 GREENLAWN,THATCHER,2015-01-30,30,1,2015,1,6,5,9,,,0,,3,5,5,35,1,2,0,5,0,0,0,0,true,,false,false,true,false,false,,,,,,false,false,false,,,false,false,false,false,false,-83.15146,42.42243,"{
  ""coordinates"": [
    -8.315145502800000e+01,
    4.242242642200010e+01
  ],
  ""type"": ""Point""
}","{
  ""coordinates"": [
    -83.151455028,
    42.422426422
  ],
  ""type"": ""Point""
}",-83.151455028,42.4224264220001
20521,9172006,CHIPPEWA,LITTLEFIELD,2015-01-30,30,1,2015,11,6,9,9,,,2,,3,1,1,25,1,2,2,5,0,0,0,0,true,,false,false,false,false,false,,,,,,false,false,true,,,false,false,false,false,false,-83.17776,42.44057,"{
  ""coordinates"": [
    -8.317776621300000e+01,
    4.244057547700000e+01
  ],
  ""type"": ""Point""
}","{
  ""coordinates"": [
    -83.177766213,
    42.440575477
  ],
  ""type"": ""Point""
}",-83.177766213,42.440575477
20522,9174867,E I 96,FULLERTON,2015-01-30,30,1,2015,8,6,5,1,,1,0,,1,1,1,55,3,2,2,5,0,0,0,0,true,,false,false,false,false,false,,,,,,false,false,false,,,false,false,false,false,false,-83.18909,42.38013,"{
  ""coordinates"": [
    -8.318909703299990e+01,
    4.238013087300000e+01
  ],
  ""type"": ""Point""
}","{
  ""coordinates"": [
    -83.189097033,
    42.380130873
  ],
  ""type"": ""Point""
}",-83.1890970329999,42.380130873
20523,9172962,CHARLES,MOENART,2015-01-30,30,1,2015,8,6,8,9,,4,0,,3,1,1,25,2,2,1,5,0,0,0,0,true,,false,false,false,false,false,,,,,,false,false,true,,,false,false,false,false,false,-83.04953,42.41172,"{
  ""coordinates"": [
    -8.304953035800000e+01,
    4.241172586900010e+01
  ],
  ""type"": ""Point""
}","{
  ""coordinates"": [
    -83.049530358,
    42.411725869
  ],
  ""type"": ""Point""
}",-83.049530358,42.4117258690001
20524,9171995,LINWOOD,GLENDALE,2015-01-30,30,1,2015,13,6,5,9,,4,0,,1,1,1,35,3,2,2,5,0,0,0,0,true,,false,false,false,false,false,,,,,,false,true,false,,,false,false,false,false,false,-83.1201,42.39017,"{
  ""coordinates"": [
    -8.312010028000000e+01,
    4.239016852300010e+01
  ],
  ""type"": ""Point""
}","{
  ""coordinates"": [
    -83.12010028,
    42.390168523
  ],
  ""type"": ""Point""
}",-83.12010028,42.3901685230001
20525,9172906,GRATIOT,BENSON,2015-01-30,30,1,2015,10,6,2,3,,1,0,,3,1,1,35,6,2,4,5,0,0,0,0,true,,false,false,false,false,false,,,,,,false,false,false,,,false,false,false,false,false,-83.03082,42.35435,"{
  ""coordinates"": [
    -8.303082341600000e+01,
    4.235434915900000e+01
  ],
  ""type"": ""Point""
}","{
  ""coordinates"": [
    -83.030823416,
    42.354349159
  ],
  ""type"": ""Point""
}",-83.030823416,42.354349159
20526,9173810,DAVISON,RAMP 047E,2015-01-30,30,1,2015,2,6,1,9,,4,1,,2,1,4,55,3,1,2,3,0,0,1,0,false,,false,false,false,true,false,,,,,,false,false,false,,,false,false,false,false,false,-83.08018,42.40882,"{
  ""coordinates"": [
    -8.308017975400000e+01,
    4.240882207700000e+01
  ],
  ""type"": ""Point""
}","{
  ""coordinates"": [
    -83.080179754,
    42.408822077
  ],
  ""type"": ""Point""
}",-83.080179754,42.408822077
20527,9174850,I-75,8 MILE,2015-01-30,30,1,2015,13,6,1,1,,1,1,,1,1,1,70,3,1,1,5,0,0,0,0,true,,false,false,false,false,false,,,,,,false,true,false,,,false,false,false,false,false,-83.09465,42.44542,"{
  ""coordinates"": [
    -8.309465393999990e+01,
    4.244541847300010e+01
  ],
  ""type"": ""Point""
}","{
  ""coordinates"": [
    -83.09465394,
    42.445418473
  ],
  ""type"": ""Point""
}",-83.0946539399999,42.4454184730001
20528,9187495,CENTRAL,VERNOR,2015-01-30,30,1,2015,1,6,8,9,,4,0,,3,1,1,25,2,2,0,5,0,0,0,0,true,,false,false,true,false,false,,,,,,false,false,false,,,false,false,false,false,false,-83.12427,42.31258,"{
  ""coordinates"": [
    -8.312426875800000e+01,
    4.231258381500000e+01
  ],
  ""type"": ""Point""
}","{
  ""coordinates"": [
    -83.124268758,
    42.312583815
  ],
  ""type"": ""Point""
}",-83.124268758,42.312583815
20529,9180939,CHICAGO,ASBURY,2015-01-30,30,1,2015,13,6,2,9,,4,0,,1,1,1,30,3,2,3,1,2,1,0,0,false,,false,false,false,true,false,,,,,,false,false,false,,,false,false,false,false,false,-83.20693,42.36522,"{
  ""coordinates"": [
    -8.320693515499990e+01,
    4.236521590700000e+01
  ],
  ""type"": ""Point""
}","{
  ""coordinates"": [
    -83.206935155,
    42.365215907
  ],
  ""type"": ""Point""
}",-83.2069351549999,42.365215907