ObjectId,Crash ID,Primary Road,Intersecting Road,Crash Date,Day,Month,Year,Hour,Weekday,Crash Type Code,Highway Classification Code,Community Code,Jurisdiction Code,Lane Departure Type Code,Surface Type,Road Condition,Weather Condition,Lighting Condition,Speed Limit,Lanes,Units,Occupants,Most Severe Injury,Fatal Injuries,Suspected Serious Injuries,Suspected Minor Injuries,Possible Injuries,Property Damage Only,Secondary Crash,Traffic Control,Red Light Run,Hit and Run,Alcohol,Drugs,Unbelted Person,Work Zone,Speeding Driver,Distracted Driver,Driveway,Pedestrian,Elderly Driver,Young Driver,Commercial Vehicle,Emergency Vehicles,Train,School Bus,Motorcycle,Bicycle,Deer,Longitude,Latitude,geom,geog,x,y
20587,9172904,ST AUBIN,VERNOR,2015-01-29,29,1,2015,16,5,1,9,,4,1,,4,5,1,30,4,1,1,5,0,0,0,0,true,,false,false,false,false,false,,,,,,false,false,false,,,false,false,false,false,false,-83.03369,42.34852,"{
  ""coordinates"": [
    -8.303369503700000e+01,
    4.234851705500010e+01
  ],
  ""type"": ""Point""
}","{
  ""coordinates"": [
    -83.033695037,
    42.348517055
  ],
  ""type"": ""Point""
}",-83.033695037,42.3485170550001
20588,9187520,CENTRAL,PITT,2015-01-29,29,1,2015,11,5,2,9,,4,2,,3,5,4,25,2,2,1,5,0,0,0,0,true,,false,false,false,false,false,,,,,,false,false,true,,,false,false,false,false,false,-83.12618,42.31523,"{
  ""coordinates"": [
    -8.312618172299990e+01,
    4.231522850000000e+01
  ],
  ""type"": ""Point""
}","{
  ""coordinates"": [
    -83.126181723,
    42.3152285
  ],
  ""type"": ""Point""
}",-83.1261817229999,42.3152285
20589,9203130,FISCHER,HARPER,2015-01-29,29,1,2015,18,5,5,9,,,0,,4,5,5,25,1,2,2,4,0,0,0,1,false,,false,false,true,false,false,,,,,,false,false,false,,,false,false,false,false,false,-83.01447,42.39069,"{
  ""coordinates"": [
    -8.301446969499990e+01,
    4.239068738300010e+01
  ],
  ""type"": ""Point""
}","{
  ""coordinates"": [
    -83.014469695,
    42.390687383
  ],
  ""type"": ""Point""
}",-83.0144696949999,42.3906873830001
20590,9203037,LAPPIN,GRATIOT,2015-01-29,29,1,2015,16,5,2,3,,,2,,4,5,1,25,2,2,3,5,0,0,0,0,true,,false,false,true,false,false,,,,,,false,false,false,,,false,false,false,false,false,-82.97635,42.43716,"{
  ""coordinates"": [
    -8.297634743000000e+01,
    4.243716477700010e+01
  ],
  ""type"": ""Point""
}","{
  ""coordinates"": [
    -82.97634743,
    42.437164777
  ],
  ""type"": ""Point""
}",-82.97634743,42.4371647770001
20591,9177249,M10,GRAND,2015-01-29,29,1,2015,16,5,5,3,,1,0,,4,5,1,55,3,2,2,5,0,0,0,0,true,,false,false,false,false,false,,,,,,false,false,false,,,false,false,false,false,false,-83.08152,42.36646,"{
  ""coordinates"": [
    -8.308151801699999e+01,
    4.236646099400010e+01
  ],
  ""type"": ""Point""
}","{
  ""coordinates"": [
    -83.081518017,
    42.366460994
  ],
  ""type"": ""Point""
}",-83.081518017,42.3664609940001
20592,9170401,7 MILE,GOULBURN,2015-01-29,29,1,2015,7,5,5,9,,4,0,,2,4,4,30,2,2,3,4,0,0,0,1,false,,false,false,false,false,false,,,,,,false,false,false,,,false,false,false,false,false,-82.99364,42.43473,"{
  ""coordinates"": [
    -8.299364466000000e+01,
    4.243472870100000e+01
  ],
  ""type"": ""Point""
}","{
  ""coordinates"": [
    -82.99364466,
    42.434728701
  ],
  ""type"": ""Point""
}",-82.99364466,42.434728701
20593,9190129,CHALMERS,MAPLERIDGE,2015-01-29,29,1,2015,16,5,4,9,,4,0,,4,5,1,30,2,2,1,5,0,0,0,0,true,,false,false,true,false,false,,,,,,false,true,false,,,false,false,false,false,false,-82.97513,42.429,"{
  ""coordinates"": [
    -8.297512560900000e+01,
    4.242899870100010e+01
  ],
  ""type"": ""Point""
}","{
  ""coordinates"": [
    -82.975125609,
    42.428998701
  ],
  ""type"": ""Point""
}",-82.975125609,42.4289987010001
20594,9185187,LAHSER,OUTER,2015-01-29,29,1,2015,16,5,1,9,,2,1,,4,5,3,35,2,1,1,5,0,0,0,0,true,,false,false,false,false,false,,,,,,false,false,false,,,false,false,false,false,false,-83.25675,42.39849,"{
  ""coordinates"": [
    -8.325675503100000e+01,
    4.239848948700010e+01
  ],
  ""type"": ""Point""
}","{
  ""coordinates"": [
    -83.256755031,
    42.398489487
  ],
  ""type"": ""Point""
}",-83.256755031,42.3984894870001
20595,9172931,CADIEUX,MORANG,2015-01-29,29,1,2015,17,5,5,9,,4,0,,6,5,4,30,2,2,3,5,0,0,0,0,true,,false,false,false,false,false,,,,,,false,false,true,,,false,false,false,false,false,-82.94041,42.42217,"{
  ""coordinates"": [
    -8.294041416899999e+01,
    4.242216937300000e+01
  ],
  ""type"": ""Point""
}","{
  ""coordinates"": [
    -82.940414169,
    42.422169373
  ],
  ""type"": ""Point""
}",-82.940414169,42.422169373
20596,9170395,STAHELIN,WARREN,2015-01-29,29,1,2015,17,5,4,9,,,0,,3,5,1,25,1,2,2,5,0,0,0,0,true,,false,false,false,false,false,,,,,,false,false,true,,,false,false,false,false,false,-83.22427,42.34192,"{
  ""coordinates"": [
    -8.322427133199990e+01,
    4.234191488600000e+01
  ],
  ""type"": ""Point""
}","{
  ""coordinates"": [
    -83.224271332,
    42.341914886
  ],
  ""type"": ""Point""
}",-83.2242713319999,42.341914886
20597,9172009,EIGHT MILE,DANBURY,2015-01-29,29,1,2015,19,5,5,3,,1,0,,2,5,4,40,4,2,2,4,0,0,0,1,false,,false,false,true,false,false,,,,,,false,false,false,,,false,false,false,false,false,-83.10612,42.44691,"{
  ""coordinates"": [
    -8.310612300900000e+01,
    4.244691528300010e+01
  ],
  ""type"": ""Point""
}","{
  ""coordinates"": [
    -83.106123009,
    42.446915283
  ],
  ""type"": ""Point""
}",-83.106123009,42.4469152830001
20598,9233098,GRAND,FRONTENAC,2015-01-29,29,1,2015,7,5,1,9,,4,0,,3,2,4,35,4,1,2,5,0,0,0,0,true,,false,false,false,false,false,,,,,,false,false,false,,,false,false,false,false,false,-83.02308,42.37995,"{
  ""coordinates"": [
    -8.302307722899999e+01,
    4.237995040300010e+01
  ],
  ""type"": ""Point""
}","{
  ""coordinates"": [
    -83.023077229,
    42.379950403
  ],
  ""type"": ""Point""
}",-83.023077229,42.3799504030001
20599,9177349,E I 94,RAMP 223B,2015-01-29,29,1,2015,17,5,5,1,,1,0,,4,5,4,55,3,2,2,5,0,0,0,0,true,,false,false,true,false,false,,,,,,false,false,false,,,false,false,false,false,false,-82.93554,42.41803,"{
  ""coordinates"": [
    -8.293553926300000e+01,
    4.241803282500010e+01
  ],
  ""type"": ""Point""
}","{
  ""coordinates"": [
    -82.935539263,
    42.418032825
  ],
  ""type"": ""Point""
}",-82.935539263,42.4180328250001
20600,9196599,WISCOSIN,SCHOOLCRAFT,2015-01-29,29,1,2015,15,5,8,9,,,0,,2,5,1,25,3,2,2,4,0,0,0,2,false,,false,false,false,false,false,,,,,,false,true,false,,,false,false,false,false,false,-83.15608,42.38848,"{
  ""coordinates"": [
    -8.315608506300001e+01,
    4.238848159800010e+01
  ],
  ""type"": ""Point""
}","{
  ""coordinates"": [
    -83.156085063,
    42.388481598
  ],
  ""type"": ""Point""
}",-83.156085063,42.3884815980001
20601,9204319,WARREN,BRUSH,2015-01-29,29,1,2015,15,5,5,9,,4,0,,4,2,1,25,4,3,2,5,0,0,0,0,true,,false,false,true,false,false,,,,,,false,false,false,,,false,false,false,false,false,-83.05998,42.35859,"{
  ""coordinates"": [
    -8.305997983000000e+01,
    4.235858663000000e+01
  ],
  ""type"": ""Point""
}","{
  ""coordinates"": [
    -83.05997983,
    42.35858663
  ],
  ""type"": ""Point""
}",-83.05997983,42.35858663
20602,9170393,DACOSTA,WARREN,2015-01-29,29,1,2015,16,5,9,9,,,2,,2,5,1,25,3,2,1,5,0,0,0,0,true,,false,false,false,false,false,,,,,,false,false,true,,,false,false,false,false,false,-83.25741,42.34243,"{
  ""coordinates"": [
    -8.325740587300000e+01,
    4.234243188200000e+01
  ],
  ""type"": ""Point""
}","{
  ""coordinates"": [
    -83.257405873,
    42.342431882
  ],
  ""type"": ""Point""
}",-83.257405873,42.342431882
20603,9188663,SCHAEFER,PICKFORD,2015-01-29,29,1,2015,16,5,5,9,,4,0,,1,1,1,30,2,2,2,4,0,0,0,1,false,,false,false,false,false,false,,,,,,false,false,true,,,false,false,false,false,false,-83.18023,42.42581,"{
  ""coordinates"": [
    -8.318023195700000e+01,
    4.242580931600000e+01
  ],
  ""type"": ""Point""
}","{
  ""coordinates"": [
    -83.180231957,
    42.425809316
  ],
  ""type"": ""Point""
}",-83.180231957,42.425809316
20604,9181916,ALEXANDRINE,THIRD,2015-01-29,29,1,2015,16,5,5,9,,,0,,4,5,1,25,3,2,1,5,0,0,0,0,true,,false,false,true,false,false,,,,,,false,false,false,,,false,false,false,false,false,-83.06729,42.34805,"{
  ""coordinates"": [
    -8.306728970400000e+01,
    4.234804713100000e+01
  ],
  ""type"": ""Point""
}","{
  ""coordinates"": [
    -83.067289704,
    42.348047131
  ],
  ""type"": ""Point""
}",-83.067289704,42.348047131
20605,9176283,8 MILE,GRATIOT,2015-01-29,29,1,2015,16,5,5,3,,1,0,,3,5,1,40,4,2,4,4,0,0,0,1,false,,false,false,true,false,false,,,,,,false,false,false,,,false,false,false,false,false,-82.96797,42.44983,"{
  ""coordinates"": [
    -8.296796803900000e+01,
    4.244983276100000e+01
  ],
  ""type"": ""Point""
}","{
  ""coordinates"": [
    -82.967968039,
    42.449832761
  ],
  ""type"": ""Point""
}",-82.967968039,42.449832761
20606,9194308,INDIANA,JOY,2015-01-29,29,1,2015,21,5,8,9,,,0,,3,2,4,25,1,2,0,5,0,0,0,0,true,,false,false,true,false,false,,,,,,false,false,false,,,false,false,false,false,false,-83.15556,42.35858,"{
  ""coordinates"": [
    -8.315555945100000e+01,
    4.235858230900000e+01
  ],
  ""type"": ""Point""
}","{
  ""coordinates"": [
    -83.155559451,
    42.358582309
  ],
  ""type"": ""Point""
}",-83.155559451,42.358582309
20607,9190086,BRUSH,GRAND,2015-01-29,29,1,2015,15,5,4,9,,4,0,,4,5,1,35,4,2,3,5,0,0,0,0,true,,true,true,false,false,false,,,,,,false,false,true,,,false,false,false,false,false,-83.06873,42.37206,"{
  ""coordinates"": [
    -8.306872649199990e+01,
    4.237205658000000e+01
  ],
  ""type"": ""Point""
}","{
  ""coordinates"": [
    -83.068726492,
    42.37205658
  ],
  ""type"": ""Point""
}",-83.0687264919999,42.37205658
20608,9179903,MCNICHOLS,WINTHROP,2015-01-29,29,1,2015,14,5,4,9,,2,0,,2,5,1,35,4,2,2,5,0,0,0,0,true,,false,false,false,false,false,,,,,,false,true,false,,,false,false,false,false,false,-83.20074,42.41594,"{
  ""coordinates"": [
    -8.320074457000000e+01,
    4.241594257800010e+01
  ],
  ""type"": ""Point""
}","{
  ""coordinates"": [
    -83.20074457,
    42.415942578
  ],
  ""type"": ""Point""
}",-83.20074457,42.4159425780001
20609,9170397,MT ELLIOTT,BENSON,2015-01-29,29,1,2015,9,5,5,9,,4,0,,2,2,1,30,2,2,3,5,0,0,0,0,true,,false,false,false,false,false,,,,,,false,false,false,,,false,false,false,false,false,-83.01956,42.3582,"{
  ""coordinates"": [
    -8.301955868399990e+01,
    4.235819597200000e+01
  ],
  ""type"": ""Point""
}","{
  ""coordinates"": [
    -83.019558684,
    42.358195972
  ],
  ""type"": ""Point""
}",-83.0195586839999,42.358195972
20610,9170387,ROSA PARKS,CLAIRMOUNT,2015-01-29,29,1,2015,12,5,8,9,,4,0,,2,2,1,25,4,2,2,5,0,0,0,0,true,,false,false,true,false,false,,,,,,false,false,false,,,false,false,false,false,false,-83.09956,42.37664,"{
  ""coordinates"": [
    -8.309955337100000e+01,
    4.237664289800010e+01
  ],
  ""type"": ""Point""
}","{
  ""coordinates"": [
    -83.099553371,
    42.376642898
  ],
  ""type"": ""Point""
}",-83.099553371,42.3766428980001
20611,9179909,SEVEN MILE,ARCHDALE,2015-01-29,29,1,2015,19,5,6,9,,2,0,,2,1,4,35,8,2,2,5,0,0,0,0,true,,false,false,false,false,false,,,,,,false,false,true,,,false,false,false,false,false,-83.21716,42.43007,"{
  ""coordinates"": [
    -8.321715278399989e+01,
    4.243007428500000e+01
  ],
  ""type"": ""Point""
}","{
  ""coordinates"": [
    -83.217152784,
    42.430074285
  ],
  ""type"": ""Point""
}",-83.2171527839999,42.430074285
20612,9170388,WARREN,BALFOUR,2015-01-29,29,1,2015,13,5,5,9,,4,0,,2,2,1,30,5,2,4,3,0,0,1,0,false,,false,false,false,false,true,,,,,,false,false,false,,,false,false,false,false,false,-82.94675,42.39986,"{
  ""coordinates"": [
    -8.294675452900000e+01,
    4.239986110400010e+01
  ],
  ""type"": ""Point""
}","{
  ""coordinates"": [
    -82.946754529,
    42.399861104
  ],
  ""type"": ""Point""
}",-82.946754529,42.3998611040001
20613,9174986,DAVISON,ROSA PARKS,2015-01-29,29,1,2015,5,5,5,3,,1,0,,2,1,4,25,4,2,1,5,0,0,0,0,true,,false,false,false,false,false,,,,,,false,false,true,,,false,false,false,false,false,-83.11309,42.39632,"{
  ""coordinates"": [
    -8.311309331099990e+01,
    4.239632012700010e+01
  ],
  ""type"": ""Point""
}","{
  ""coordinates"": [
    -83.113093311,
    42.396320127
  ],
  ""type"": ""Point""
}",-83.1130933109999,42.3963201270001
20614,9170404,LIVERNOIS,GRAND RIVER,2015-01-29,29,1,2015,9,5,5,3,,4,0,,3,1,1,30,3,2,2,5,0,0,0,0,true,,false,false,false,false,false,,,,,,false,true,false,,,false,false,false,false,false,-83.13879,42.36866,"{
  ""coordinates"": [
    -8.313879359399991e+01,
    4.236866309900010e+01
  ],
  ""type"": ""Point""
}","{
  ""coordinates"": [
    -83.138793594,
    42.368663099
  ],
  ""type"": ""Point""
}",-83.1387935939999,42.3686630990001
20615,9177281,RAMP 016B,LAFAYETTE,2015-01-29,29,1,2015,9,5,5,1,,1,0,,2,1,1,35,1,2,2,5,0,0,0,0,true,,false,false,false,false,false,,,,,,false,false,true,,,false,false,false,false,false,-83.03798,42.33568,"{
  ""coordinates"": [
    -8.303797798999990e+01,
    4.233568249900000e+01
  ],
  ""type"": ""Point""
}","{
  ""coordinates"": [
    -83.03797799,
    42.335682499
  ],
  ""type"": ""Point""
}",-83.0379779899999,42.335682499
20616,9182669,EUCLID,WOODWARD,2015-01-29,29,1,2015,16,5,4,3,,4,0,,4,5,1,25,2,2,3,5,0,0,0,0,true,,false,false,true,false,false,,,,,,false,false,false,,,false,false,false,false,false,-83.07818,42.37708,"{
  ""coordinates"": [
    -8.307817609700000e+01,
    4.237707669300000e+01
  ],
  ""type"": ""Point""
}","{
  ""coordinates"": [
    -83.078176097,
    42.377076693
  ],
  ""type"": ""Point""
}",-83.078176097,42.377076693
20617,9170418,FLOERENCE,GREENVIEW,2015-01-29,29,1,2015,2,5,97,9,,,0,,2,1,4,25,2,2,0,5,0,0,0,0,true,,false,false,true,false,false,,,,,,false,false,false,,,false,false,false,false,false,-83.22397,42.41001,"{
  ""coordinates"": [
    -8.322397173699990e+01,
    4.241000643700000e+01
  ],
  ""type"": ""Point""
}","{
  ""coordinates"": [
    -83.223971737,
    42.410006437
  ],
  ""type"": ""Point""
}",-83.2239717369999,42.410006437
20618,9172905,HOLCOMB,JEFFERSON,2015-01-29,29,1,2015,15,5,1,9,,,0,,3,5,1,25,2,1,2,5,0,0,0,0,true,,false,false,false,false,false,,,,,,false,true,false,,,false,false,false,false,false,-82.98621,42.35756,"{
  ""coordinates"": [
    -8.298621435900000e+01,
    4.235755838600010e+01
  ],
  ""type"": ""Point""
}","{
  ""coordinates"": [
    -82.986214359,
    42.357558386
  ],
  ""type"": ""Point""
}",-82.986214359,42.3575583860001
20619,9170389,WARREN,BENITEAU,2015-01-29,29,1,2015,8,5,5,9,,4,0,,2,2,1,30,4,3,8,4,0,0,0,1,false,,false,false,true,false,false,,,,,,false,true,false,,,false,false,false,false,false,-82.98504,42.38683,"{
  ""coordinates"": [
    -8.298504046300000e+01,
    4.238683278000010e+01
  ],
  ""type"": ""Point""
}","{
  ""coordinates"": [
    -82.985040463,
    42.38683278
  ],
  ""type"": ""Point""
}",-82.985040463,42.3868327800001
20620,9170420,CHERRYLAWN,SANTA MARIA,2015-01-29,29,1,2015,10,5,97,9,,,0,,1,1,1,15,3,2,3,5,0,0,0,0,true,,false,false,false,false,false,,,,,,false,true,false,,,false,false,false,false,false,-83.15494,42.41938,"{
  ""coordinates"": [
    -8.315494082100000e+01,
    4.241937880900010e+01
  ],
  ""type"": ""Point""
}","{
  ""coordinates"": [
    -83.154940821,
    42.419378809
  ],
  ""type"": ""Point""
}",-83.154940821,42.4193788090001
20621,9194305,MAJESTIC,RANGOON,2015-01-29,29,1,2015,12,5,1,9,,,0,,2,2,1,25,1,2,2,4,0,0,0,1,false,,false,false,false,false,false,,,,,,true,false,false,,,false,false,false,false,false,-83.13662,42.34894,"{
  ""coordinates"": [
    -8.313662143800001e+01,
    4.234893791900000e+01
  ],
  ""type"": ""Point""
}","{
  ""coordinates"": [
    -83.136621438,
    42.348937919
  ],
  ""type"": ""Point""
}",-83.136621438,42.348937919
20622,9170406,WYOMING,E I 96 SERVICE DRIVE,2015-01-29,29,1,2015,10,5,5,9,,4,0,,3,1,1,25,2,2,2,5,0,0,0,0,true,,true,true,true,false,false,,,,,,false,true,false,,,false,false,false,false,false,-83.15895,42.38473,"{
  ""coordinates"": [
    -8.315895083299991e+01,
    4.238472620300010e+01
  ],
  ""type"": ""Point""
}","{
  ""coordinates"": [
    -83.158950833,
    42.384726203
  ],
  ""type"": ""Point""
}",-83.1589508329999,42.3847262030001
20623,9173087,FORD,ROSA PARKS,2015-01-29,29,1,2015,16,5,5,9,,,0,,4,5,1,30,3,2,3,5,0,0,0,0,true,,false,false,false,false,false,,,,,,false,false,false,,,false,false,false,false,false,-83.11545,42.3992,"{
  ""coordinates"": [
    -8.311545129500000e+01,
    4.239920106600000e+01
  ],
  ""type"": ""Point""
}","{
  ""coordinates"": [
    -83.115451295,
    42.399201066
  ],
  ""type"": ""Point""
}",-83.115451295,42.399201066
20624,9171951,OUTER,BURT,2015-01-29,29,1,2015,16,5,5,9,,2,0,,4,2,1,30,2,2,2,5,0,0,0,0,true,,false,false,true,false,false,,,,,,false,true,false,,,false,false,false,false,false,-83.24697,42.39773,"{
  ""coordinates"": [
    -8.324697093200000e+01,
    4.239773273900000e+01
  ],
  ""type"": ""Point""
}","{
  ""coordinates"": [
    -83.246970932,
    42.397732739
  ],
  ""type"": ""Point""
}",-83.246970932,42.397732739
20625,9177311,RAMP 043C,S I 75 SERVICE DRIVE,2015-01-29,29,1,2015,17,5,8,1,,1,0,,6,2,3,55,4,2,2,5,0,0,0,0,true,,true,false,false,false,false,,,,,,false,false,true,,,false,false,false,false,false,-83.04892,42.35167,"{
  ""coordinates"": [
    -8.304891677900000e+01,
    4.235166560500010e+01
  ],
  ""type"": ""Point""
}","{
  ""coordinates"": [
    -83.048916779,
    42.351665605
  ],
  ""type"": ""Point""
}",-83.048916779,42.3516656050001
20626,9188646,BLOOM,CARPENTER,2015-01-29,29,1,2015,15,5,97,9,,,0,,6,5,1,0,2,2,2,5,0,0,0,0,true,,false,false,false,false,false,,,,,,false,false,true,,,false,false,false,false,false,-83.04832,42.40852,"{
  ""coordinates"": [
    -8.304831756399990e+01,
    4.240851492500010e+01
  ],
  ""type"": ""Point""
}","{
  ""coordinates"": [
    -83.048317564,
    42.408514925
  ],
  ""type"": ""Point""
}",-83.0483175639999,42.4085149250001
20627,9187582,CENTRAL,ST JOHN,2015-01-29,29,1,2015,21,5,4,9,,4,0,,3,5,4,25,2,2,1,5,0,0,0,0,true,,false,false,true,false,false,,,,,,false,false,false,,,false,false,false,false,false,-83.13463,42.32691,"{
  ""coordinates"": [
    -8.313462796600000e+01,
    4.232691304300000e+01
  ],
  ""type"": ""Point""
}","{
  ""coordinates"": [
    -83.134627966,
    42.326913043
  ],
  ""type"": ""Point""
}",-83.134627966,42.326913043
20628,9190165,MOUND,8 MILE,2015-01-29,29,1,2015,16,5,9,3,,2,0,,4,7,1,35,3,2,2,5,0,0,0,0,true,,false,false,false,false,false,,,,,,false,false,false,,,false,false,false,false,false,-83.04395,42.44769,"{
  ""coordinates"": [
    -8.304394215699990e+01,
    4.244768360200000e+01
  ],
  ""type"": ""Point""
}","{
  ""coordinates"": [
    -83.043942157,
    42.447683602
  ],
  ""type"": ""Point""
}",-83.0439421569999,42.447683602
20629,9404491,SCHAEFFER,PLYMOUTH,2015-01-29,29,1,2015,9,5,4,9,,4,0,,1,1,1,35,4,2,2,4,0,0,0,1,false,,false,false,false,false,false,,,,,,false,true,false,,,false,false,false,false,false,-83.17798,42.37291,"{
  ""coordinates"": [
    -8.317797977100000e+01,
    4.237290637200000e+01
  ],
  ""type"": ""Point""
}","{
  ""coordinates"": [
    -83.177979771,
    42.372906372
  ],
  ""type"": ""Point""
}",-83.177979771,42.372906372
20630,9199188,COURVILLE,OUTER,2015-01-29,29,1,2015,17,5,97,9,,,0,,4,5,1,25,1,2,1,5,0,0,0,0,true,,false,false,true,false,false,,,,,,false,false,false,,,false,false,false,false,false,-82.94238,42.40796,"{
  ""coordinates"": [
    -8.294238554499999e+01,
    4.240795462100000e+01
  ],
  ""type"": ""Point""
}","{
  ""coordinates"": [
    -82.942385545,
    42.407954621
  ],
  ""type"": ""Point""
}",-82.942385545,42.407954621
20631,9190119,EVANSTON,NOTTINGHAM,2015-01-29,29,1,2015,20,5,4,9,,,0,,2,5,5,25,1,2,2,4,0,0,0,1,false,,false,false,true,false,false,,,,,,false,false,true,,,false,false,false,false,false,-82.95454,42.40835,"{
  ""coordinates"": [
    -8.295453945700000e+01,
    4.240835254700000e+01
  ],
  ""type"": ""Point""
}","{
  ""coordinates"": [
    -82.954539457,
    42.408352547
  ],
  ""type"": ""Point""
}",-82.954539457,42.408352547
20632,9213713,E I 94,CHALMERS,2015-01-29,29,1,2015,2,5,97,1,,1,0,,3,5,1,25,2,2,4,5,0,0,0,0,true,,false,false,false,false,false,,,,,,false,false,false,,,false,false,false,false,false,-82.96421,42.4037,"{
  ""coordinates"": [
    -8.296420999100000e+01,
    4.240370273000010e+01
  ],
  ""type"": ""Point""
}","{
  ""coordinates"": [
    -82.964209991,
    42.40370273
  ],
  ""type"": ""Point""
}",-82.964209991,42.4037027300001
20633,9171946,GREENFIELD,ELLIS,2015-01-29,29,1,2015,18,5,5,9,,2,0,,4,5,4,35,4,2,1,4,0,0,0,1,false,,false,false,true,false,false,,,,,,false,false,false,,,false,false,false,false,false,-83.19711,42.36053,"{
  ""coordinates"": [
    -8.319710467000000e+01,
    4.236053516100000e+01
  ],
  ""type"": ""Point""
}","{
  ""coordinates"": [
    -83.19710467,
    42.360535161
  ],
  ""type"": ""Point""
}",-83.19710467,42.360535161
20634,9194307,GREENFIELD,RAMP 136D,2015-01-29,29,1,2015,15,5,4,1,,2,0,,4,2,1,35,6,2,2,5,0,0,0,0,true,,false,false,false,false,false,,,,,,false,false,true,,,false,false,false,false,false,-83.19804,42.37952,"{
  ""coordinates"": [
    -8.319804275199991e+01,
    4.237952038800010e+01
  ],
  ""type"": ""Point""
}","{
  ""coordinates"": [
    -83.198042752,
    42.379520388
  ],
  ""type"": ""Point""
}",-83.1980427519999,42.3795203880001
20635,9175000,SCHAEFER,FLORENCE,2015-01-29,29,1,2015,9,5,4,9,,4,0,,3,5,4,30,5,2,2,5,0,0,0,0,true,,false,false,false,false,false,,,,,,false,false,false,,,false,false,false,false,false,-83.17957,42.4118,"{
  ""coordinates"": [
    -8.317957138700000e+01,
    4.241179819200000e+01
  ],
  ""type"": ""Point""
}","{
  ""coordinates"": [
    -83.179571387,
    42.411798192
  ],
  ""type"": ""Point""
}",-83.179571387,42.411798192
20636,9194326,LINWOOD,KEELER,2015-01-29,29,1,2015,16,5,5,3,,4,0,,3,5,1,35,2,2,2,5,0,0,0,0,true,,false,false,false,false,false,,,,,,false,false,false,,,false,false,false,false,false,-83.12738,42.40467,"{
  ""coordinates"": [
    -8.312737723299990e+01,
    4.240467371900010e+01
  ],
  ""type"": ""Point""
}","{
  ""coordinates"": [
    -83.127377233,
    42.404673719
  ],
  ""type"": ""Point""
}",-83.1273772329999,42.4046737190001
20637,9213714,VERNOR,VAN DYKE,2015-01-29,29,1,2015,6,5,5,9,,4,0,,3,5,4,30,3,2,3,5,0,0,0,0,true,,false,false,false,false,false,,,,,,false,true,false,,,false,false,false,false,false,-83.00146,42.36044,"{
  ""coordinates"": [
    -8.300145747499990e+01,
    4.236043757300010e+01
  ],
  ""type"": ""Point""
}","{
  ""coordinates"": [
    -83.001457475,
    42.360437573
  ],
  ""type"": ""Point""
}",-83.0014574749999,42.3604375730001
20638,9181907,SOUTHFIELD SERVICE DRIVE,MCNICHOLS,2015-01-29,29,1,2015,3,5,4,9,,4,0,,1,1,4,35,2,2,2,5,0,0,0,0,true,,true,false,true,false,false,,,,,,false,false,true,,,false,false,false,false,false,-83.21922,42.41553,"{
  ""coordinates"": [
    -8.321921762200000e+01,
    4.241553666500000e+01
  ],
  ""type"": ""Point""
}","{
  ""coordinates"": [
    -83.219217622,
    42.415536665
  ],
  ""type"": ""Point""
}",-83.219217622,42.415536665
20639,9190118,ST MARYS,PILGRIM,2015-01-29,29,1,2015,15,5,4,9,,,0,,4,5,1,25,2,2,1,5,0,0,0,0,true,,false,false,true,false,false,,,,,,false,true,false,,,false,false,false,false,false,-83.20648,42.40648,"{
  ""coordinates"": [
    -8.320648434000000e+01,
    4.240647356600000e+01
  ],
  ""type"": ""Point""
}","{
  ""coordinates"": [
    -83.20648434,
    42.406473566
  ],
  ""type"": ""Point""
}",-83.20648434,42.406473566
20640,9173938,JOHN R,MILWAUKEE,2015-01-29,29,1,2015,17,5,97,9,,4,0,,3,1,1,25,1,2,0,4,0,0,0,1,false,,false,false,true,false,false,,,,,,true,false,false,,,false,false,false,false,false,-83.07066,42.37043,"{
  ""coordinates"": [
    -8.307066433599989e+01,
    4.237043313900010e+01
  ],
  ""type"": ""Point""
}","{
  ""coordinates"": [
    -83.070664336,
    42.370433139
  ],
  ""type"": ""Point""
}",-83.0706643359999,42.3704331390001
20641,9190111,7 MILE,FIELDING,2015-01-29,29,1,2015,20,5,5,9,,2,0,,1,1,4,30,3,2,0,5,0,0,0,0,true,,false,false,true,false,false,,,,,,false,false,false,,,false,false,false,false,false,-83.24429,42.42944,"{
  ""coordinates"": [
    -8.324429101600001e+01,
    4.242943970700000e+01
  ],
  ""type"": ""Point""
}","{
  ""coordinates"": [
    -83.244291016,
    42.429439707
  ],
  ""type"": ""Point""
}",-83.244291016,42.429439707
20642,9179904,7 MILE,SOUTHFIELD SERVICE DRIVE,2015-01-29,29,1,2015,15,5,4,9,,2,0,,2,5,1,35,4,2,2,5,0,0,0,0,true,,true,true,false,false,false,,,,,,false,false,true,,,false,false,false,false,false,-83.21973,42.43001,"{
  ""coordinates"": [
    -8.321972335299991e+01,
    4.243000871300010e+01
  ],
  ""type"": ""Point""
}","{
  ""coordinates"": [
    -83.219723353,
    42.430008713
  ],
  ""type"": ""Point""
}",-83.2197233529999,42.4300087130001
20643,9190117,7 MILE,BURT,2015-01-29,29,1,2015,15,5,4,9,,2,0,,4,5,1,35,4,3,5,5,0,0,0,0,true,,false,false,false,false,false,,,,,,false,false,false,,,false,false,false,false,false,-83.24852,42.42934,"{
  ""coordinates"": [
    -8.324851863799999e+01,
    4.242933550900010e+01
  ],
  ""type"": ""Point""
}","{
  ""coordinates"": [
    -83.248518638,
    42.429335509
  ],
  ""type"": ""Point""
}",-83.248518638,42.4293355090001