ObjectId,Crash ID,Primary Road,Intersecting Road,Crash Date,Day,Month,Year,Hour,Weekday,Crash Type Code,Highway Classification Code,Community Code,Jurisdiction Code,Lane Departure Type Code,Surface Type,Road Condition,Weather Condition,Lighting Condition,Speed Limit,Lanes,Units,Occupants,Most Severe Injury,Fatal Injuries,Suspected Serious Injuries,Suspected Minor Injuries,Possible Injuries,Property Damage Only,Secondary Crash,Traffic Control,Red Light Run,Hit and Run,Alcohol,Drugs,Unbelted Person,Work Zone,Speeding Driver,Distracted Driver,Driveway,Pedestrian,Elderly Driver,Young Driver,Commercial Vehicle,Emergency Vehicles,Train,School Bus,Motorcycle,Bicycle,Deer,Longitude,Latitude,geom,geog,x,y
20758,9176055,I-75,CLARK,2015-01-27,27,1,2015,21,3,8,1,,1,0,,1,1,4,55,3,2,2,5,0,0,0,0,true,,false,false,false,false,false,,,,,,false,false,false,,,false,false,false,false,false,-83.08675,42.31535,"{
  ""coordinates"": [
    -8.308675216400000e+01,
    4.231534397700010e+01
  ],
  ""type"": ""Point""
}","{
  ""coordinates"": [
    -83.086752164,
    42.315343977
  ],
  ""type"": ""Point""
}",-83.086752164,42.3153439770001
20759,9169489,JOY,MEYERS,2015-01-27,27,1,2015,16,3,5,9,,4,0,,1,1,1,35,4,2,3,4,0,0,0,2,false,,false,false,true,false,false,,,,,,false,false,false,,,false,false,false,false,false,-83.16768,42.35873,"{
  ""coordinates"": [
    -8.316767971099991e+01,
    4.235873259400010e+01
  ],
  ""type"": ""Point""
}","{
  ""coordinates"": [
    -83.167679711,
    42.358732594
  ],
  ""type"": ""Point""
}",-83.1676797109999,42.3587325940001
20760,9171758,EB I-94,MT ELLIOTT,2015-01-27,27,1,2015,16,3,5,1,,1,0,,1,2,1,55,3,3,4,5,0,0,0,0,true,,false,false,true,false,false,,,,,,false,false,false,,,false,false,false,false,false,-83.03532,42.37834,"{
  ""coordinates"": [
    -8.303531611400000e+01,
    4.237834197300000e+01
  ],
  ""type"": ""Point""
}","{
  ""coordinates"": [
    -83.035316114,
    42.378341973
  ],
  ""type"": ""Point""
}",-83.035316114,42.378341973
20761,9169492,HUBBELL,ORANGELAWN,2015-01-27,27,1,2015,16,3,8,9,,4,0,,1,2,1,30,2,2,3,4,0,0,0,1,false,,false,false,false,false,false,,,,,,false,false,true,,,false,false,false,false,false,-83.18758,42.36808,"{
  ""coordinates"": [
    -8.318757802800000e+01,
    4.236808065700010e+01
  ],
  ""type"": ""Point""
}","{
  ""coordinates"": [
    -83.187578028,
    42.368080657
  ],
  ""type"": ""Point""
}",-83.187578028,42.3680806570001
20762,9168542,EVERGREEN,EVERGREEN,2015-01-27,27,1,2015,21,3,97,1,,4,0,,1,1,4,35,4,3,2,5,0,0,0,0,true,,false,false,false,true,false,,,,,,false,false,true,,,false,false,false,false,false,-83.23763,42.38267,"{
  ""coordinates"": [
    -8.323763544500000e+01,
    4.238267021300000e+01
  ],
  ""type"": ""Point""
}","{
  ""coordinates"": [
    -83.237635445,
    42.382670213
  ],
  ""type"": ""Point""
}",-83.237635445,42.382670213
20763,9168431,I-94,CHALMERS,2015-01-27,27,1,2015,7,3,1,1,,1,0,,1,1,5,55,3,1,1,5,0,0,0,0,true,,false,false,false,false,false,,,,,,false,false,false,,,false,false,false,false,false,-82.96241,42.40425,"{
  ""coordinates"": [
    -8.296240778799999e+01,
    4.240425110300000e+01
  ],
  ""type"": ""Point""
}","{
  ""coordinates"": [
    -82.962407788,
    42.404251103
  ],
  ""type"": ""Point""
}",-82.962407788,42.404251103
20764,9194271,JEFFERSON,WOODWARDAVE,2015-01-26,26,1,2015,14,2,8,3,,1,0,,4,5,1,35,5,2,2,5,0,0,0,0,true,,false,false,false,false,false,,,,,,false,false,false,,,false,false,false,false,false,-83.04456,42.32884,"{
  ""coordinates"": [
    -8.304455815800000e+01,
    4.232884032100000e+01
  ],
  ""type"": ""Point""
}","{
  ""coordinates"": [
    -83.044558158,
    42.328840321
  ],
  ""type"": ""Point""
}",-83.044558158,42.328840321
20765,9168438,I-94,I-75,2015-01-26,26,1,2015,15,2,5,1,,1,0,,1,1,1,55,3,2,2,4,0,0,0,1,false,,false,false,false,false,false,,,,,,false,false,false,,,false,false,false,false,false,-83.05434,42.37111,"{
  ""coordinates"": [
    -8.305434232399990e+01,
    4.237111251600000e+01
  ],
  ""type"": ""Point""
}","{
  ""coordinates"": [
    -83.054342324,
    42.371112516
  ],
  ""type"": ""Point""
}",-83.0543423239999,42.371112516
20766,9182662,CANFIELD,SAINT ANTOINE,2015-01-26,26,1,2015,10,2,9,9,,4,2,,1,1,1,25,2,2,4,5,0,0,0,0,true,,false,false,false,false,false,,,,,,false,true,false,,,false,false,false,false,false,-83.05469,42.35545,"{
  ""coordinates"": [
    -8.305468620800001e+01,
    4.235545188200010e+01
  ],
  ""type"": ""Point""
}","{
  ""coordinates"": [
    -83.054686208,
    42.355451882
  ],
  ""type"": ""Point""
}",-83.054686208,42.3554518820001
20767,9166585,N M 39,MCNICHOLS,2015-01-26,26,1,2015,0,2,8,3,,1,0,,1,1,4,55,3,2,1,5,0,0,0,0,true,,false,false,false,false,false,,,,,,false,false,true,,,false,false,false,false,false,-83.2187,42.41528,"{
  ""coordinates"": [
    -8.321870603600000e+01,
    4.241527803800010e+01
  ],
  ""type"": ""Point""
}","{
  ""coordinates"": [
    -83.218706036,
    42.415278038
  ],
  ""type"": ""Point""
}",-83.218706036,42.4152780380001
20768,9190160,CASMERE,ALPENA,2015-01-26,26,1,2015,22,2,5,9,,,0,,1,1,5,25,2,2,1,4,0,0,0,1,false,,false,false,false,false,false,,,,,,false,false,true,,,false,false,false,false,false,-83.0444,42.40837,"{
  ""coordinates"": [
    -8.304439179500000e+01,
    4.240837339700000e+01
  ],
  ""type"": ""Point""
}","{
  ""coordinates"": [
    -83.044391795,
    42.408373397
  ],
  ""type"": ""Point""
}",-83.044391795,42.408373397
20769,9167680,WYOMING,MIDLAND,2015-01-26,26,1,2015,10,2,8,9,,4,0,,1,1,1,30,2,2,4,5,0,0,0,0,true,,false,false,false,false,false,,,,,,false,false,true,,,false,false,false,false,false,-83.15984,42.40608,"{
  ""coordinates"": [
    -8.315984405800000e+01,
    4.240607815600000e+01
  ],
  ""type"": ""Point""
}","{
  ""coordinates"": [
    -83.159844058,
    42.406078156
  ],
  ""type"": ""Point""
}",-83.159844058,42.406078156
20770,9169486,SCHOOLCRAFT,HARTWELL,2015-01-26,26,1,2015,2,2,4,9,,4,0,,1,1,4,30,2,2,2,4,0,0,0,1,false,,false,false,true,false,false,,,,,,false,false,true,,,false,false,false,false,false,-83.17692,42.38804,"{
  ""coordinates"": [
    -8.317691560000000e+01,
    4.238804319000010e+01
  ],
  ""type"": ""Point""
}","{
  ""coordinates"": [
    -83.1769156,
    42.38804319
  ],
  ""type"": ""Point""
}",-83.1769156,42.3880431900001
20771,9167639,BERG,FRISBEE,2015-01-26,26,1,2015,7,2,97,9,,4,0,,1,1,1,25,1,2,1,5,0,0,0,0,true,,false,false,false,false,false,,,,,,false,true,false,,,false,false,false,false,false,-83.26806,42.43417,"{
  ""coordinates"": [
    -8.326806081800000e+01,
    4.243417103700010e+01
  ],
  ""type"": ""Point""
}","{
  ""coordinates"": [
    -83.268060818,
    42.434171037
  ],
  ""type"": ""Point""
}",-83.268060818,42.4341710370001
20772,9167651,DEXTER,NORTHWESTERN,2015-01-26,26,1,2015,17,2,4,9,,4,0,,1,1,1,30,5,2,2,5,0,0,0,0,true,,false,false,false,false,false,,,,,,false,true,false,,,false,false,false,false,false,-83.11002,42.35889,"{
  ""coordinates"": [
    -8.311001451200001e+01,
    4.235889331000000e+01
  ],
  ""type"": ""Point""
}","{
  ""coordinates"": [
    -83.110014512,
    42.35889331
  ],
  ""type"": ""Point""
}",-83.110014512,42.35889331
20773,9182635,CASS,GRAND,2015-01-26,26,1,2015,11,2,4,9,,4,0,,1,1,1,25,2,2,2,4,0,0,0,1,false,,false,false,false,false,false,,,,,,false,false,false,,,false,false,false,false,false,-83.07471,42.36956,"{
  ""coordinates"": [
    -8.307471564500000e+01,
    4.236955920700010e+01
  ],
  ""type"": ""Point""
}","{
  ""coordinates"": [
    -83.074715645,
    42.369559207
  ],
  ""type"": ""Point""
}",-83.074715645,42.3695592070001
20774,9170414,8 MILE,MOUND,2015-01-26,26,1,2015,21,2,5,3,,1,0,,1,1,4,35,4,2,1,4,0,0,0,1,false,,false,false,true,false,false,,,,,,false,false,false,,,false,false,false,false,false,-83.04433,42.44776,"{
  ""coordinates"": [
    -8.304433216500000e+01,
    4.244776186700010e+01
  ],
  ""type"": ""Point""
}","{
  ""coordinates"": [
    -83.044332165,
    42.447761867
  ],
  ""type"": ""Point""
}",-83.044332165,42.4477618670001
20775,9171795,I94,I75,2015-01-26,26,1,2015,18,2,8,1,,1,0,,1,1,4,55,3,2,2,5,0,0,0,0,true,,false,false,false,false,false,,,,,,false,false,false,,,false,false,false,false,false,-83.05931,42.36771,"{
  ""coordinates"": [
    -8.305930721800000e+01,
    4.236770925100010e+01
  ],
  ""type"": ""Point""
}","{
  ""coordinates"": [
    -83.059307218,
    42.367709251
  ],
  ""type"": ""Point""
}",-83.059307218,42.3677092510001
20776,9167678,8 MILE,RALSTON,2015-01-26,26,1,2015,8,2,5,3,,1,0,,1,1,1,40,8,2,2,5,0,0,0,0,true,,false,false,true,false,false,,,,,,false,false,true,,,false,false,false,false,false,-83.11784,42.44658,"{
  ""coordinates"": [
    -8.311784202699990e+01,
    4.244658288000010e+01
  ],
  ""type"": ""Point""
}","{
  ""coordinates"": [
    -83.117842027,
    42.44658288
  ],
  ""type"": ""Point""
}",-83.1178420269999,42.4465828800001
20777,9182643,MACK,S I 75 SERVICE DRIVE,2015-01-26,26,1,2015,18,2,8,9,,4,0,,1,1,4,35,6,2,1,5,0,0,0,0,true,,false,false,true,false,false,,,,,,false,false,false,,,false,false,false,false,false,-83.04873,42.35104,"{
  ""coordinates"": [
    -8.304873062999999e+01,
    4.235103646300010e+01
  ],
  ""type"": ""Point""
}","{
  ""coordinates"": [
    -83.04873063,
    42.351036463
  ],
  ""type"": ""Point""
}",-83.04873063,42.3510364630001
20778,9194355,MCNICHOLS,SHAEFFER,2015-01-26,26,1,2015,13,2,8,9,,2,0,,1,1,1,35,2,2,2,5,0,0,0,0,true,,false,false,false,false,false,,,,,,false,false,false,,,false,false,false,false,false,-83.17984,42.41659,"{
  ""coordinates"": [
    -8.317983759299990e+01,
    4.241658833900000e+01
  ],
  ""type"": ""Point""
}","{
  ""coordinates"": [
    -83.179837593,
    42.416588339
  ],
  ""type"": ""Point""
}",-83.1798375929999,42.416588339
20779,9190150,DAVISON,MORAN,2015-01-26,26,1,2015,11,2,97,3,,1,0,,1,1,1,0,2,2,5,5,0,0,0,0,true,,false,false,false,false,false,,,,,,false,false,false,,,false,false,false,false,false,-83.06241,42.4152,"{
  ""coordinates"": [
    -8.306240904100000e+01,
    4.241519602500010e+01
  ],
  ""type"": ""Point""
}","{
  ""coordinates"": [
    -83.062409041,
    42.415196025
  ],
  ""type"": ""Point""
}",-83.062409041,42.4151960250001
20780,9235739,DAVISON CROSSOVER,CONANT,2015-01-26,26,1,2015,17,2,4,3,,4,0,,1,1,2,35,3,2,1,5,0,0,0,0,true,,false,false,true,false,false,,,,,,false,false,false,,,false,false,false,false,false,-83.06142,42.41554,"{
  ""coordinates"": [
    -8.306142619500000e+01,
    4.241553922300010e+01
  ],
  ""type"": ""Point""
}","{
  ""coordinates"": [
    -83.061426195,
    42.415539223
  ],
  ""type"": ""Point""
}",-83.061426195,42.4155392230001
20781,9170284,I-96,MARTIN LUTHER KING,2015-01-26,26,1,2015,9,2,5,1,,1,0,,1,1,1,55,4,3,2,5,0,0,0,0,true,,false,false,true,false,false,,,,,,false,false,false,,,false,false,false,false,false,-83.0916,42.33746,"{
  ""coordinates"": [
    -8.309159907999999e+01,
    4.233745752800010e+01
  ],
  ""type"": ""Point""
}","{
  ""coordinates"": [
    -83.09159908,
    42.337457528
  ],
  ""type"": ""Point""
}",-83.09159908,42.3374575280001
20782,9170391,WARWICK,MCNICHOLS,2015-01-26,26,1,2015,8,2,2,9,,,2,,1,1,1,25,1,2,7,5,0,0,0,0,true,,false,false,false,false,false,,,,,,false,false,false,,,false,false,false,false,false,-83.22916,42.41562,"{
  ""coordinates"": [
    -8.322916704799999e+01,
    4.241561573400000e+01
  ],
  ""type"": ""Point""
}","{
  ""coordinates"": [
    -83.229167048,
    42.415615734
  ],
  ""type"": ""Point""
}",-83.229167048,42.415615734
20783,9188597,MARYLAND,OUTER,2015-01-26,26,1,2015,10,2,1,9,,,0,,3,1,1,25,2,1,1,5,0,0,0,0,true,,false,false,false,false,false,,,,,,false,false,false,,,false,false,false,false,false,-82.95567,42.40243,"{
  ""coordinates"": [
    -8.295566866699990e+01,
    4.240243229000000e+01
  ],
  ""type"": ""Point""
}","{
  ""coordinates"": [
    -82.955668667,
    42.40243229
  ],
  ""type"": ""Point""
}",-82.9556686669999,42.40243229
20784,9167677,WYOMING,PURITAN,2015-01-26,26,1,2015,18,2,3,9,,4,0,,1,1,4,30,2,3,3,5,0,0,0,0,true,,true,true,false,false,false,,,,,,false,false,false,,,false,false,false,false,false,-83.16,42.40971,"{
  ""coordinates"": [
    -8.315999504000000e+01,
    4.240970492000010e+01
  ],
  ""type"": ""Point""
}","{
  ""coordinates"": [
    -83.15999504,
    42.40970492
  ],
  ""type"": ""Point""
}",-83.15999504,42.4097049200001
20785,9182660,RAMP 145A,E I 96,2015-01-26,26,1,2015,9,2,5,1,,1,0,,1,1,1,0,1,2,2,5,0,0,0,0,true,,false,false,false,false,false,,,,,,false,false,false,,,false,false,false,false,false,-83.0928,42.33941,"{
  ""coordinates"": [
    -8.309280589100000e+01,
    4.233941355900000e+01
  ],
  ""type"": ""Point""
}","{
  ""coordinates"": [
    -83.092805891,
    42.339413559
  ],
  ""type"": ""Point""
}",-83.092805891,42.339413559
20786,9188600,GRINNELL,FRENCH,2015-01-26,26,1,2015,13,2,8,9,,1,0,,1,1,1,30,1,2,2,5,0,0,0,0,true,,false,false,false,false,false,,,,,,false,false,true,,,false,false,false,false,false,-83.00152,42.40144,"{
  ""coordinates"": [
    -8.300151768500000e+01,
    4.240143518100010e+01
  ],
  ""type"": ""Point""
}","{
  ""coordinates"": [
    -83.001517685,
    42.401435181
  ],
  ""type"": ""Point""
}",-83.001517685,42.4014351810001
20787,9170408,LOTHROP,14TH,2015-01-26,26,1,2015,14,2,4,9,,,0,,1,1,1,35,2,2,1,5,0,0,0,0,true,,true,false,false,false,false,,,,,,false,false,true,,,false,false,false,false,false,-83.09538,42.36359,"{
  ""coordinates"": [
    -8.309538103800000e+01,
    4.236358510300000e+01
  ],
  ""type"": ""Point""
}","{
  ""coordinates"": [
    -83.095381038,
    42.363585103
  ],
  ""type"": ""Point""
}",-83.095381038,42.363585103
20788,9167635,GRAND RIVER,VAUGHAN,2015-01-26,26,1,2015,8,2,5,3,,1,0,,1,1,1,0,6,2,2,5,0,0,0,0,true,,false,false,false,false,false,,,,,,false,false,true,,,false,false,false,false,false,-83.23849,42.40883,"{
  ""coordinates"": [
    -8.323849783799990e+01,
    4.240882701500000e+01
  ],
  ""type"": ""Point""
}","{
  ""coordinates"": [
    -83.238497838,
    42.408827015
  ],
  ""type"": ""Point""
}",-83.2384978379999,42.408827015
20789,9168447,I-94,3RD,2015-01-26,26,1,2015,16,2,5,1,,1,0,,1,1,1,55,3,2,3,5,0,0,0,0,true,,false,false,false,false,false,,,,,,false,false,false,,,false,false,false,false,false,-83.07297,42.36145,"{
  ""coordinates"": [
    -8.307296499200000e+01,
    4.236145446500010e+01
  ],
  ""type"": ""Point""
}","{
  ""coordinates"": [
    -83.072964992,
    42.361454465
  ],
  ""type"": ""Point""
}",-83.072964992,42.3614544650001
20790,9187566,LAFAYETTE,MCKINSTRY,2015-01-26,26,1,2015,23,2,1,1,,4,1,,1,1,4,30,3,1,0,5,0,0,0,0,true,,false,false,false,false,false,,,,,,false,false,false,,,false,false,false,false,false,-83.09233,42.31354,"{
  ""coordinates"": [
    -8.309233128299999e+01,
    4.231353622400010e+01
  ],
  ""type"": ""Point""
}","{
  ""coordinates"": [
    -83.092331283,
    42.313536224
  ],
  ""type"": ""Point""
}",-83.092331283,42.3135362240001
20791,9168466,N M 39,TIREMAN,2015-01-26,26,1,2015,16,2,5,3,,1,0,,1,1,1,55,3,3,5,4,0,0,0,1,false,,false,false,false,false,false,,,,,,false,false,false,,,false,false,false,false,false,-83.21626,42.35062,"{
  ""coordinates"": [
    -8.321625708900000e+01,
    4.235061681300000e+01
  ],
  ""type"": ""Point""
}","{
  ""coordinates"": [
    -83.216257089,
    42.350616813
  ],
  ""type"": ""Point""
}",-83.216257089,42.350616813
20792,9167669,LINSDALE,IRONWOOD,2015-01-26,26,1,2015,16,2,4,9,,,0,,1,1,1,25,4,2,3,5,0,0,0,0,true,,true,false,true,false,false,,,,,,false,false,true,,,false,false,false,false,false,-83.12691,42.36034,"{
  ""coordinates"": [
    -8.312691540400000e+01,
    4.236033805600000e+01
  ],
  ""type"": ""Point""
}","{
  ""coordinates"": [
    -83.126915404,
    42.360338056
  ],
  ""type"": ""Point""
}",-83.126915404,42.360338056
20793,9187557,20TH,NEWARK,2015-01-26,26,1,2015,18,2,1,9,,4,1,,1,1,4,25,2,1,1,5,0,0,0,0,true,,false,false,false,false,false,,,,,,false,false,false,,,false,false,false,false,false,-83.08233,42.32789,"{
  ""coordinates"": [
    -8.308232864000000e+01,
    4.232789107600010e+01
  ],
  ""type"": ""Point""
}","{
  ""coordinates"": [
    -83.08232864,
    42.327891076
  ],
  ""type"": ""Point""
}",-83.08232864,42.3278910760001
20794,9186408,I 75 SERVICE,,2015-01-26,26,1,2015,8,2,8,0,,1,0,,1,1,1,35,2,2,2,5,0,0,0,0,true,,false,false,false,false,false,,,,,,false,false,false,,,false,false,false,false,false,-83.05292,42.35837,"{
  ""coordinates"": [
    -8.305292008100000e+01,
    4.235836668100010e+01
  ],
  ""type"": ""Point""
}","{
  ""coordinates"": [
    -83.052920081,
    42.358366681
  ],
  ""type"": ""Point""
}",-83.052920081,42.3583666810001
20795,9188591,HEYDEN,PURITAN,2015-01-26,26,1,2015,18,2,5,9,,,0,,1,1,4,25,2,3,1,5,0,0,0,0,true,,false,false,true,false,false,,,,,,false,false,false,,,false,false,false,false,false,-83.2397,42.40845,"{
  ""coordinates"": [
    -8.323970299800000e+01,
    4.240844983300010e+01
  ],
  ""type"": ""Point""
}","{
  ""coordinates"": [
    -83.239702998,
    42.408449833
  ],
  ""type"": ""Point""
}",-83.239702998,42.4084498330001
20796,9235738,HULL,STATE FAIR,2015-01-26,26,1,2015,13,2,4,9,,,0,,1,1,1,25,2,2,1,5,0,0,0,0,true,,false,false,true,false,false,,,,,,false,false,false,,,false,false,false,false,false,-83.08895,42.43997,"{
  ""coordinates"": [
    -8.308895393900001e+01,
    4.243996835900000e+01
  ],
  ""type"": ""Point""
}","{
  ""coordinates"": [
    -83.088953939,
    42.439968359
  ],
  ""type"": ""Point""
}",-83.088953939,42.439968359
20797,9182712,JOHN R,FARNSWORTH,2015-01-26,26,1,2015,9,2,5,9,,4,0,,1,1,1,30,2,2,1,5,0,0,0,0,true,,false,false,false,false,false,,,,,,false,true,false,,,false,false,false,false,false,-83.06313,42.35919,"{
  ""coordinates"": [
    -8.306312982900000e+01,
    4.235918731900010e+01
  ],
  ""type"": ""Point""
}","{
  ""coordinates"": [
    -83.063129829,
    42.359187319
  ],
  ""type"": ""Point""
}",-83.063129829,42.3591873190001
20798,9168439,I-94,M-10,2015-01-26,26,1,2015,16,2,5,1,,1,0,,1,1,1,55,3,2,3,4,0,0,0,2,false,,false,false,false,false,false,,,,,,false,true,false,,,false,false,false,false,false,-83.08026,42.35645,"{
  ""coordinates"": [
    -8.308026256600000e+01,
    4.235644828600000e+01
  ],
  ""type"": ""Point""
}","{
  ""coordinates"": [
    -83.080262566,
    42.356448286
  ],
  ""type"": ""Point""
}",-83.080262566,42.356448286
20799,9217210,GRAND RIVER,FENTON,2015-01-26,26,1,2015,8,2,5,3,,1,0,,1,1,1,45,4,2,5,4,0,0,0,1,false,,false,false,false,false,false,,,,,,false,false,true,,,false,false,false,false,false,-83.28268,42.42635,"{
  ""coordinates"": [
    -8.328268274600001e+01,
    4.242634854000000e+01
  ],
  ""type"": ""Point""
}","{
  ""coordinates"": [
    -83.282682746,
    42.42634854
  ],
  ""type"": ""Point""
}",-83.282682746,42.42634854
20800,9171998,7 MILE,PINEHURST,2015-01-26,26,1,2015,14,2,8,9,,2,0,,1,1,1,30,3,2,1,5,0,0,0,0,true,,false,false,true,false,false,,,,,,false,true,false,,,false,false,false,false,false,-83.16756,42.43127,"{
  ""coordinates"": [
    -8.316755651600000e+01,
    4.243127334200010e+01
  ],
  ""type"": ""Point""
}","{
  ""coordinates"": [
    -83.167556516,
    42.431273342
  ],
  ""type"": ""Point""
}",-83.167556516,42.4312733420001
20801,9178913,STATE FAIR,WALTHAM,2015-01-26,26,1,2015,1,2,1,9,,4,0,,1,1,4,25,2,2,1,3,0,0,1,0,false,,false,false,true,true,false,,,,,,true,false,false,,,false,false,false,false,false,-82.99515,42.44194,"{
  ""coordinates"": [
    -8.299514639099991e+01,
    4.244193937400010e+01
  ],
  ""type"": ""Point""
}","{
  ""coordinates"": [
    -82.995146391,
    42.441939374
  ],
  ""type"": ""Point""
}",-82.9951463909999,42.4419393740001
20802,9188573,WARWICK,MCNICHOLS,2015-01-26,26,1,2015,8,2,2,9,,,0,,1,1,1,25,1,2,2,5,0,0,0,0,true,,false,false,false,false,false,,,,,,false,false,false,,,false,false,false,false,false,-83.22922,42.41532,"{
  ""coordinates"": [
    -8.322921474100001e+01,
    4.241531680300010e+01
  ],
  ""type"": ""Point""
}","{
  ""coordinates"": [
    -83.229214741,
    42.415316803
  ],
  ""type"": ""Point""
}",-83.229214741,42.4153168030001
20803,9182666,GRAND,WOODWARD,2015-01-26,26,1,2015,14,2,5,3,,4,0,,1,1,1,30,3,2,2,5,0,0,0,0,true,,false,false,false,false,false,,,,,,false,false,true,,,false,false,false,false,false,-83.07336,42.37014,"{
  ""coordinates"": [
    -8.307335505400000e+01,
    4.237014405000010e+01
  ],
  ""type"": ""Point""
}","{
  ""coordinates"": [
    -83.073355054,
    42.37014405
  ],
  ""type"": ""Point""
}",-83.073355054,42.3701440500001
20804,9166565,I-94,CADIEUX,2015-01-26,26,1,2015,6,2,5,1,,1,0,,1,1,4,55,3,2,2,5,0,0,0,0,true,,false,false,false,false,false,,,,,,false,false,true,,,false,false,false,false,false,-82.9378,42.41698,"{
  ""coordinates"": [
    -8.293779521600000e+01,
    4.241698639800010e+01
  ],
  ""type"": ""Point""
}","{
  ""coordinates"": [
    -82.937795216,
    42.416986398
  ],
  ""type"": ""Point""
}",-82.937795216,42.4169863980001
20805,9176069,S M 10,RAMP 108A,2015-01-26,26,1,2015,23,2,5,3,,1,0,,1,1,5,55,3,2,4,4,0,0,0,1,false,,false,false,false,false,false,,,,,,false,false,false,,,false,false,false,false,false,-83.13319,42.40495,"{
  ""coordinates"": [
    -8.313318919699999e+01,
    4.240494779200000e+01
  ],
  ""type"": ""Point""
}","{
  ""coordinates"": [
    -83.133189197,
    42.404947792
  ],
  ""type"": ""Point""
}",-83.133189197,42.404947792
20806,9176294,FOREST,CASS,2015-01-26,26,1,2015,7,2,8,9,,4,0,,1,1,1,25,4,2,0,5,0,0,0,0,true,,false,false,true,false,false,,,,,,false,false,false,,,false,false,false,false,false,-83.06521,42.35379,"{
  ""coordinates"": [
    -8.306520778100000e+01,
    4.235379277600000e+01
  ],
  ""type"": ""Point""
}","{
  ""coordinates"": [
    -83.065207781,
    42.353792776
  ],
  ""type"": ""Point""
}",-83.065207781,42.353792776
20807,9190073,M-10,GRISWOLD,2015-01-26,26,1,2015,9,2,5,3,,1,0,,1,1,1,0,3,2,2,5,0,0,0,0,true,,false,false,false,false,false,,,,,,false,false,true,,,false,false,false,false,false,-83.04237,42.32979,"{
  ""coordinates"": [
    -8.304237161099999e+01,
    4.232978927900010e+01
  ],
  ""type"": ""Point""
}","{
  ""coordinates"": [
    -83.042371611,
    42.329789279
  ],
  ""type"": ""Point""
}",-83.042371611,42.3297892790001
20808,9174883,I 94,I 75,2015-01-26,26,1,2015,9,2,1,1,,1,0,,1,1,1,55,3,1,1,5,0,0,0,0,true,,false,false,false,false,false,,,,,,false,false,false,,,false,false,false,false,false,-83.05764,42.36868,"{
  ""coordinates"": [
    -8.305763674100000e+01,
    4.236868242300010e+01
  ],
  ""type"": ""Point""
}","{
  ""coordinates"": [
    -83.057636741,
    42.368682423
  ],
  ""type"": ""Point""
}",-83.057636741,42.3686824230001
20809,9187532,FOREST,WARREN,2015-01-26,26,1,2015,8,2,5,9,,4,0,,1,1,1,35,2,2,2,5,0,0,0,0,true,,false,false,false,false,false,,,,,,false,false,true,,,false,false,false,false,false,-83.07872,42.35209,"{
  ""coordinates"": [
    -8.307871970500000e+01,
    4.235209245500000e+01
  ],
  ""type"": ""Point""
}","{
  ""coordinates"": [
    -83.078719705,
    42.352092455
  ],
  ""type"": ""Point""
}",-83.078719705,42.352092455
20810,9172000,GUOIN,JOS CAMPAU,2015-01-26,26,1,2015,17,2,8,9,,,0,,1,1,1,30,3,2,0,5,0,0,0,0,true,,false,false,true,false,false,,,,,,false,false,false,,,false,false,false,false,false,-83.01798,42.33713,"{
  ""coordinates"": [
    -8.301798500300001e+01,
    4.233713301600010e+01
  ],
  ""type"": ""Point""
}","{
  ""coordinates"": [
    -83.017985003,
    42.337133016
  ],
  ""type"": ""Point""
}",-83.017985003,42.3371330160001
20811,9167679,WYOMING,KEELER,2015-01-26,26,1,2015,9,2,5,3,,4,0,,1,1,1,30,2,2,5,5,0,0,0,0,true,,false,false,false,false,false,,,,,,false,false,false,,,false,false,false,false,false,-83.15977,42.40432,"{
  ""coordinates"": [
    -8.315976661000001e+01,
    4.240432285700010e+01
  ],
  ""type"": ""Point""
}","{
  ""coordinates"": [
    -83.15976661,
    42.404322857
  ],
  ""type"": ""Point""
}",-83.15976661,42.4043228570001
20812,9168544,FERGUSON,MCNICHOLS,2015-01-26,26,1,2015,19,2,97,9,,,0,,1,1,3,25,2,2,1,5,0,0,0,0,true,,false,false,false,false,false,,,,,,false,false,false,,,false,false,false,false,false,-83.20996,42.41436,"{
  ""coordinates"": [
    -8.320996427999999e+01,
    4.241435995900010e+01
  ],
  ""type"": ""Point""
}","{
  ""coordinates"": [
    -83.20996428,
    42.414359959
  ],
  ""type"": ""Point""
}",-83.20996428,42.4143599590001
20813,9178864,HARDING,GOETHE,2015-01-26,26,1,2015,12,2,4,9,,,0,,3,1,1,25,2,2,1,5,0,0,0,0,true,,false,false,true,false,false,,,,,,false,false,false,,,false,false,false,false,false,-82.98362,42.37369,"{
  ""coordinates"": [
    -8.298361595800000e+01,
    4.237368654100000e+01
  ],
  ""type"": ""Point""
}","{
  ""coordinates"": [
    -82.983615958,
    42.373686541
  ],
  ""type"": ""Point""
}",-82.983615958,42.373686541
20814,9194291,GREENFIELD,CHICAGO,2015-01-26,26,1,2015,15,2,8,9,,2,0,,1,1,1,0,5,2,4,4,0,0,0,2,false,,false,false,false,false,false,,,,,,false,false,false,,,false,false,false,false,false,-83.19728,42.36538,"{
  ""coordinates"": [
    -8.319727741600001e+01,
    4.236537794800010e+01
  ],
  ""type"": ""Point""
}","{
  ""coordinates"": [
    -83.197277416,
    42.365377948
  ],
  ""type"": ""Point""
}",-83.197277416,42.3653779480001