ObjectId,Crash ID,Primary Road,Intersecting Road,Crash Date,Day,Month,Year,Hour,Weekday,Crash Type Code,Highway Classification Code,Community Code,Jurisdiction Code,Lane Departure Type Code,Surface Type,Road Condition,Weather Condition,Lighting Condition,Speed Limit,Lanes,Units,Occupants,Most Severe Injury,Fatal Injuries,Suspected Serious Injuries,Suspected Minor Injuries,Possible Injuries,Property Damage Only,Secondary Crash,Traffic Control,Red Light Run,Hit and Run,Alcohol,Drugs,Unbelted Person,Work Zone,Speeding Driver,Distracted Driver,Driveway,Pedestrian,Elderly Driver,Young Driver,Commercial Vehicle,Emergency Vehicles,Train,School Bus,Motorcycle,Bicycle,Deer,Longitude,Latitude,geom,geog,x,y
20815,9182661,RAMP 145A,E I 96 SERVICE DRIVE,2015-01-26,26,1,2015,9,2,5,1,,1,0,,1,1,1,55,1,2,2,5,0,0,0,0,true,,false,false,false,false,false,,,,,,false,false,false,,,false,false,false,false,false,-83.09155,42.33664,"{
  ""coordinates"": [
    -8.309155338600000e+01,
    4.233664327000000e+01
  ],
  ""type"": ""Point""
}","{
  ""coordinates"": [
    -83.091553386,
    42.33664327
  ],
  ""type"": ""Point""
}",-83.091553386,42.33664327
20816,9170409,JOY,GRANDRIVER,2015-01-26,26,1,2015,8,2,4,3,,4,0,,1,1,1,35,2,2,3,5,0,0,0,0,true,,true,true,false,false,false,,,,,,false,false,false,,,false,false,false,false,false,-83.13048,42.36531,"{
  ""coordinates"": [
    -8.313048025499999e+01,
    4.236530494700000e+01
  ],
  ""type"": ""Point""
}","{
  ""coordinates"": [
    -83.130480255,
    42.365304947
  ],
  ""type"": ""Point""
}",-83.130480255,42.365304947
20817,9167674,MCNICHOLS,WYOMING,2015-01-26,26,1,2015,7,2,1,9,,4,0,,2,1,1,35,2,2,2,5,0,0,0,0,true,,false,false,false,false,false,,,,,,true,false,true,,,false,false,false,false,false,-83.16029,42.41693,"{
  ""coordinates"": [
    -8.316029590799999e+01,
    4.241693044800010e+01
  ],
  ""type"": ""Point""
}","{
  ""coordinates"": [
    -83.160295908,
    42.416930448
  ],
  ""type"": ""Point""
}",-83.160295908,42.4169304480001
20818,9179913,GREENFIELD,CAMBRIDGE,2015-01-25,25,1,2015,19,1,5,9,,2,0,,1,1,3,35,4,2,2,4,0,0,0,1,false,,false,false,false,false,false,,,,,,false,true,false,,,false,false,false,false,false,-83.19994,42.43217,"{
  ""coordinates"": [
    -8.319993759399991e+01,
    4.243217021300010e+01
  ],
  ""type"": ""Point""
}","{
  ""coordinates"": [
    -83.199937594,
    42.432170213
  ],
  ""type"": ""Point""
}",-83.1999375939999,42.4321702130001
20819,9167683,MEYERS,PURITAN,2015-01-25,25,1,2015,19,1,8,9,,4,0,,97,1,5,30,4,2,3,5,0,0,0,0,true,,false,false,false,false,false,,,,,,false,false,false,,,false,false,false,false,false,-83.16976,42.40961,"{
  ""coordinates"": [
    -8.316976207399991e+01,
    4.240960591200010e+01
  ],
  ""type"": ""Point""
}","{
  ""coordinates"": [
    -83.169762074,
    42.409605912
  ],
  ""type"": ""Point""
}",-83.1697620739999,42.4096059120001
20820,9169505,MCNICHOLS,GREENFIELD,2015-01-25,25,1,2015,0,1,97,9,,2,0,,1,1,4,35,4,2,5,1,1,0,3,1,false,,false,false,false,true,false,,,,,,false,false,false,,,false,false,false,false,false,-83.2,42.41596,"{
  ""coordinates"": [
    -8.320000698299999e+01,
    4.241596229500000e+01
  ],
  ""type"": ""Point""
}","{
  ""coordinates"": [
    -83.200006983,
    42.415962295
  ],
  ""type"": ""Point""
}",-83.200006983,42.415962295
20821,9190090,FENKELL,WARD,2015-01-25,25,1,2015,19,1,5,9,,2,0,,1,1,4,0,3,2,2,5,0,0,0,0,true,,false,false,true,false,false,,,,,,false,false,false,,,false,false,false,false,false,-83.17352,42.40216,"{
  ""coordinates"": [
    -8.317351836099991e+01,
    4.240216551200010e+01
  ],
  ""type"": ""Point""
}","{
  ""coordinates"": [
    -83.173518361,
    42.402165512
  ],
  ""type"": ""Point""
}",-83.1735183609999,42.4021655120001
20822,9168546,HARPER,BERKSHIRE,2015-01-25,25,1,2015,0,1,8,9,,4,0,,4,1,4,30,2,2,1,5,0,0,0,0,true,,false,false,true,false,false,,,,,,false,false,false,,,false,false,false,false,false,-82.95002,42.40865,"{
  ""coordinates"": [
    -8.295002210599991e+01,
    4.240864958900000e+01
  ],
  ""type"": ""Point""
}","{
  ""coordinates"": [
    -82.950022106,
    42.408649589
  ],
  ""type"": ""Point""
}",-82.9500221059999,42.408649589
20823,9194327,MONROE,RANDOLPH,2015-01-25,25,1,2015,2,1,8,3,,4,0,,2,1,4,0,2,2,1,5,0,0,0,0,true,,false,false,false,false,false,,,,,,false,false,false,,,false,false,false,false,false,-83.04482,42.33398,"{
  ""coordinates"": [
    -8.304482593599990e+01,
    4.233397758800000e+01
  ],
  ""type"": ""Point""
}","{
  ""coordinates"": [
    -83.044825936,
    42.333977588
  ],
  ""type"": ""Point""
}",-83.0448259359999,42.333977588
20824,9168448,I-94,LONYO,2015-01-25,25,1,2015,14,1,5,1,,1,0,,1,2,1,55,3,2,2,5,0,0,0,0,true,,false,false,false,false,false,,,,,,false,false,true,,,false,false,false,false,false,-83.14684,42.33095,"{
  ""coordinates"": [
    -8.314683335399999e+01,
    4.233094617900010e+01
  ],
  ""type"": ""Point""
}","{
  ""coordinates"": [
    -83.146833354,
    42.330946179
  ],
  ""type"": ""Point""
}",-83.146833354,42.3309461790001
20825,9190089,LARNED,GRISWOLD,2015-01-25,25,1,2015,16,1,5,9,,4,0,,1,1,3,0,3,2,7,5,0,0,0,0,true,,false,false,false,false,false,,,,,,false,false,true,,,false,false,false,false,false,-83.04624,42.32898,"{
  ""coordinates"": [
    -8.304624493199999e+01,
    4.232897622300000e+01
  ],
  ""type"": ""Point""
}","{
  ""coordinates"": [
    -83.046244932,
    42.328976223
  ],
  ""type"": ""Point""
}",-83.046244932,42.328976223
20826,9168434,N I 75,RAMP 216B,2015-01-25,25,1,2015,14,1,8,1,,1,0,,1,2,1,70,4,3,9,5,0,0,0,0,true,,false,false,false,false,false,,,,,,false,false,false,,,false,false,false,false,false,-83.05743,42.36749,"{
  ""coordinates"": [
    -8.305743326100000e+01,
    4.236749084600010e+01
  ],
  ""type"": ""Point""
}","{
  ""coordinates"": [
    -83.057433261,
    42.367490846
  ],
  ""type"": ""Point""
}",-83.057433261,42.3674908460001
20827,9187505,NAVY,CENTRAL,2015-01-25,25,1,2015,22,1,97,9,,,0,,3,1,4,25,3,2,1,5,0,0,0,0,true,,false,false,true,false,false,,,,,,false,false,false,,,false,false,false,false,false,-83.12293,42.31065,"{
  ""coordinates"": [
    -8.312293102800000e+01,
    4.231065145600010e+01
  ],
  ""type"": ""Point""
}","{
  ""coordinates"": [
    -83.122931028,
    42.310651456
  ],
  ""type"": ""Point""
}",-83.122931028,42.3106514560001
20828,9167682,MIDLAND,STOEPEL,2015-01-25,25,1,2015,14,1,1,9,,,0,,3,98,1,25,2,2,1,4,0,0,0,1,false,,false,false,false,false,false,,,,,,true,false,false,,,false,false,false,false,false,-83.14162,42.40623,"{
  ""coordinates"": [
    -8.314161790100000e+01,
    4.240623294800000e+01
  ],
  ""type"": ""Point""
}","{
  ""coordinates"": [
    -83.141617901,
    42.406232948
  ],
  ""type"": ""Point""
}",-83.141617901,42.406232948
20829,9221873,LINWOOD,BLAINE,2015-01-25,25,1,2015,19,1,2,9,,4,0,,1,1,4,30,4,2,1,5,0,0,0,0,true,,false,false,true,false,false,,,,,,false,false,true,,,false,false,false,false,false,-83.10632,42.36977,"{
  ""coordinates"": [
    -8.310631806600000e+01,
    4.236976531800010e+01
  ],
  ""type"": ""Point""
}","{
  ""coordinates"": [
    -83.106318066,
    42.369765318
  ],
  ""type"": ""Point""
}",-83.106318066,42.3697653180001
20830,9190088,JEFFERSON,WOODWARD,2015-01-25,25,1,2015,16,1,8,3,,1,0,,1,1,1,0,6,2,3,5,0,0,0,0,true,,false,false,true,false,false,,,,,,false,false,true,,,false,false,false,false,false,-83.04447,42.32888,"{
  ""coordinates"": [
    -8.304447488999990e+01,
    4.232887852300010e+01
  ],
  ""type"": ""Point""
}","{
  ""coordinates"": [
    -83.04447489,
    42.328878523
  ],
  ""type"": ""Point""
}",-83.0444748899999,42.3288785230001
20831,9167652,LAWTON,CHICAGO,2015-01-25,25,1,2015,14,1,4,9,,,0,,1,1,1,25,2,2,5,4,0,0,0,1,false,,true,false,false,false,false,,,,,,false,false,true,,,false,false,false,false,false,-83.11356,42.37545,"{
  ""coordinates"": [
    -8.311355839899990e+01,
    4.237545519900000e+01
  ],
  ""type"": ""Point""
}","{
  ""coordinates"": [
    -83.113558399,
    42.375455199
  ],
  ""type"": ""Point""
}",-83.1135583989999,42.375455199
20832,9167676,JAMES COUZENS,MCNICHOLS,2015-01-25,25,1,2015,21,1,4,9,,4,0,,3,2,4,0,5,2,2,5,0,0,0,0,true,,false,false,false,false,false,,,,,,false,false,false,,,false,false,false,false,false,-83.17184,42.41663,"{
  ""coordinates"": [
    -8.317183463500000e+01,
    4.241662862600000e+01
  ],
  ""type"": ""Point""
}","{
  ""coordinates"": [
    -83.171834635,
    42.416628626
  ],
  ""type"": ""Point""
}",-83.171834635,42.416628626
20833,9167684,PURITAN,SCHAEFER,2015-01-25,25,1,2015,23,1,3,9,,4,0,,1,1,4,30,3,2,2,2,0,1,0,0,false,,false,false,true,false,false,,,,,,false,false,true,,,false,false,false,false,false,-83.1795,42.40936,"{
  ""coordinates"": [
    -8.317949671600000e+01,
    4.240935812400010e+01
  ],
  ""type"": ""Point""
}","{
  ""coordinates"": [
    -83.179496716,
    42.409358124
  ],
  ""type"": ""Point""
}",-83.179496716,42.4093581240001
20834,9169494,WARREN,30TH,2015-01-25,25,1,2015,14,1,4,9,,4,0,,1,1,1,35,4,2,7,5,0,0,0,0,true,,false,false,false,false,false,,,,,,false,true,false,,,false,false,false,false,false,-83.11591,42.34465,"{
  ""coordinates"": [
    -8.311590452199989e+01,
    4.234464626400010e+01
  ],
  ""type"": ""Point""
}","{
  ""coordinates"": [
    -83.115904522,
    42.344646264
  ],
  ""type"": ""Point""
}",-83.1159045219999,42.3446462640001
20835,9194277,JEFFERSON,WOODWARD,2015-01-25,25,1,2015,13,1,5,3,,1,0,,1,1,1,35,3,2,5,5,0,0,0,0,true,,false,false,false,false,false,,,,,,false,false,false,,,false,false,false,false,false,-83.04436,42.32854,"{
  ""coordinates"": [
    -8.304436484699990e+01,
    4.232854230800010e+01
  ],
  ""type"": ""Point""
}","{
  ""coordinates"": [
    -83.044364847,
    42.328542308
  ],
  ""type"": ""Point""
}",-83.0443648469999,42.3285423080001
20836,9166744,WOODWARD,HOLLYWOOD,2015-01-25,25,1,2015,3,1,1,3,,1,0,,1,1,3,35,3,1,1,5,0,0,0,0,true,,false,false,false,false,false,,,,,,false,false,false,,,false,false,false,false,false,-83.11384,42.43045,"{
  ""coordinates"": [
    -8.311383838499999e+01,
    4.243044845500000e+01
  ],
  ""type"": ""Point""
}","{
  ""coordinates"": [
    -83.113838385,
    42.430448455
  ],
  ""type"": ""Point""
}",-83.113838385,42.430448455
20837,9167636,WARREN,AUBURN,2015-01-25,25,1,2015,20,1,1,9,,2,0,,1,1,5,35,5,2,0,3,0,0,1,0,false,,false,false,true,false,false,,,,,,true,false,false,,,false,false,false,false,false,-83.23309,42.34316,"{
  ""coordinates"": [
    -8.323308867000000e+01,
    4.234316026900010e+01
  ],
  ""type"": ""Point""
}","{
  ""coordinates"": [
    -83.23308867,
    42.343160269
  ],
  ""type"": ""Point""
}",-83.23308867,42.3431602690001
20838,9188580,OUTER,WARWICK,2015-01-25,25,1,2015,15,1,4,9,,2,0,,1,1,1,35,2,2,2,5,0,0,0,0,true,,false,false,false,false,false,,,,,,false,false,true,,,false,false,false,false,false,-83.22953,42.41887,"{
  ""coordinates"": [
    -8.322952786400000e+01,
    4.241887030500000e+01
  ],
  ""type"": ""Point""
}","{
  ""coordinates"": [
    -83.229527864,
    42.418870305
  ],
  ""type"": ""Point""
}",-83.229527864,42.418870305
20839,9167673,CONANT,DAVISON,2015-01-25,25,1,2015,23,1,3,3,,4,0,,1,1,4,30,4,2,3,4,0,0,0,2,false,,false,false,false,false,false,,,,,,false,false,true,,,false,false,false,false,false,-83.06155,42.41563,"{
  ""coordinates"": [
    -8.306155689799991e+01,
    4.241563600800000e+01
  ],
  ""type"": ""Point""
}","{
  ""coordinates"": [
    -83.061556898,
    42.415636008
  ],
  ""type"": ""Point""
}",-83.0615568979999,42.415636008
20840,9166548,N M 39,TIREMAN,2015-01-25,25,1,2015,4,1,1,3,,1,1,,2,5,5,55,3,1,1,4,0,0,0,1,false,,false,false,false,false,false,,,,,,false,false,true,,,false,false,false,false,false,-83.21624,42.34937,"{
  ""coordinates"": [
    -8.321624346800000e+01,
    4.234937064400000e+01
  ],
  ""type"": ""Point""
}","{
  ""coordinates"": [
    -83.216243468,
    42.349370644
  ],
  ""type"": ""Point""
}",-83.216243468,42.349370644
20841,9169488,GREENFIELD,SCHOOLCRAFT,2015-01-25,25,1,2015,16,1,97,9,,2,0,,1,1,1,35,4,2,3,5,0,0,0,0,true,,false,false,true,false,false,,,,,,false,false,true,,,false,false,false,false,false,-83.19817,42.38727,"{
  ""coordinates"": [
    -8.319816994800000e+01,
    4.238726849100000e+01
  ],
  ""type"": ""Point""
}","{
  ""coordinates"": [
    -83.198169948,
    42.387268491
  ],
  ""type"": ""Point""
}",-83.198169948,42.387268491
20842,9166583,E I 96,RAMP 134A,2015-01-25,25,1,2015,4,1,5,1,,1,0,,2,4,4,55,3,2,2,5,0,0,0,0,true,,false,false,true,false,false,,,,,,false,false,false,,,false,false,false,false,false,-83.26131,42.38554,"{
  ""coordinates"": [
    -8.326130394099989e+01,
    4.238554500500000e+01
  ],
  ""type"": ""Point""
}","{
  ""coordinates"": [
    -83.261303941,
    42.385545005
  ],
  ""type"": ""Point""
}",-83.2613039409999,42.385545005
20843,9173768,I 94,CONNER,2015-01-25,25,1,2015,2,1,8,1,,1,0,,1,1,4,55,3,2,3,5,0,0,0,0,true,,false,false,true,false,false,,,,,,false,false,true,,,false,false,false,false,false,-82.99034,42.39451,"{
  ""coordinates"": [
    -8.299034487900001e+01,
    4.239450708400010e+01
  ],
  ""type"": ""Point""
}","{
  ""coordinates"": [
    -82.990344879,
    42.394507084
  ],
  ""type"": ""Point""
}",-82.990344879,42.3945070840001
20844,9196574,CADIEUX,LINVILLE,2015-01-25,25,1,2015,8,1,8,9,,4,0,,2,1,1,35,7,2,3,5,0,0,0,0,true,,false,false,false,false,false,,,,,,false,true,false,,,false,false,false,false,false,-82.93408,42.41256,"{
  ""coordinates"": [
    -8.293408090199991e+01,
    4.241256159200000e+01
  ],
  ""type"": ""Point""
}","{
  ""coordinates"": [
    -82.934080902,
    42.412561592
  ],
  ""type"": ""Point""
}",-82.9340809019999,42.412561592
20845,9188583,LAHSER,FENKELL,2015-01-25,25,1,2015,1,1,4,9,,2,0,,1,1,4,35,4,2,1,4,0,0,0,1,false,,false,false,false,false,false,,,,,,false,false,false,,,false,false,false,false,false,-83.25683,42.40029,"{
  ""coordinates"": [
    -8.325682455399991e+01,
    4.240028786700000e+01
  ],
  ""type"": ""Point""
}","{
  ""coordinates"": [
    -83.256824554,
    42.400287867
  ],
  ""type"": ""Point""
}",-83.2568245539999,42.400287867
20846,9166739,OUTER,CONNER,2015-01-25,25,1,2015,5,1,4,9,,2,0,,1,2,4,35,2,2,3,5,0,0,0,0,true,,false,false,false,false,false,,,,,,false,false,true,,,false,false,false,false,false,-83.01374,42.4197,"{
  ""coordinates"": [
    -8.301373682699990e+01,
    4.241969892900000e+01
  ],
  ""type"": ""Point""
}","{
  ""coordinates"": [
    -83.013736827,
    42.419698929
  ],
  ""type"": ""Point""
}",-83.0137368269999,42.419698929
20847,9173764,S M 10,WYOMING,2015-01-25,25,1,2015,22,1,97,3,,1,0,,1,1,4,55,3,9,11,3,0,0,4,0,false,,false,false,true,false,false,,,,,,false,false,false,,,false,false,false,false,false,-83.16016,42.40529,"{
  ""coordinates"": [
    -8.316015621400000e+01,
    4.240528807600000e+01
  ],
  ""type"": ""Point""
}","{
  ""coordinates"": [
    -83.160156214,
    42.405288076
  ],
  ""type"": ""Point""
}",-83.160156214,42.405288076
20848,9170398,GRATIOT,RUSSELL,2015-01-25,25,1,2015,21,1,5,3,,1,0,,1,1,4,35,3,2,3,5,0,0,0,0,true,,false,false,true,false,false,,,,,,false,false,false,,,false,false,false,false,false,-83.03867,42.34362,"{
  ""coordinates"": [
    -8.303867004100000e+01,
    4.234362041800010e+01
  ],
  ""type"": ""Point""
}","{
  ""coordinates"": [
    -83.038670041,
    42.343620418
  ],
  ""type"": ""Point""
}",-83.038670041,42.3436204180001
20849,9183765,WOODWARD,7 MILE,2015-01-25,25,1,2015,23,1,4,3,,1,0,,1,1,4,25,4,2,3,5,0,0,0,0,true,,true,true,false,false,false,,,,,,false,false,false,,,false,false,false,false,false,-83.11541,42.43211,"{
  ""coordinates"": [
    -8.311541225799991e+01,
    4.243211451600010e+01
  ],
  ""type"": ""Point""
}","{
  ""coordinates"": [
    -83.115412258,
    42.432114516
  ],
  ""type"": ""Point""
}",-83.1154122579999,42.4321145160001
20850,9166584,I-94,WARREN,2015-01-25,25,1,2015,19,1,1,1,,1,1,,1,1,4,55,3,1,1,5,0,0,0,0,true,,false,false,false,false,false,,,,,,false,false,false,,,false,false,false,false,false,-83.1132,42.34452,"{
  ""coordinates"": [
    -8.311319593600000e+01,
    4.234452043100000e+01
  ],
  ""type"": ""Point""
}","{
  ""coordinates"": [
    -83.113195936,
    42.344520431
  ],
  ""type"": ""Point""
}",-83.113195936,42.344520431
20851,9176056,N M 39,TIREMAN,2015-01-25,25,1,2015,4,1,97,3,,1,0,,2,5,4,55,3,2,2,3,0,0,1,1,false,,true,false,false,true,false,,,,,,false,false,true,,,false,false,false,false,false,-83.21624,42.34904,"{
  ""coordinates"": [
    -8.321623982599991e+01,
    4.234903736600010e+01
  ],
  ""type"": ""Point""
}","{
  ""coordinates"": [
    -83.216239826,
    42.349037366
  ],
  ""type"": ""Point""
}",-83.2162398259999,42.3490373660001
20852,9382487,BURLINGAME,3RD,2015-01-25,25,1,2015,15,1,97,9,,,3,,6,1,1,15,1,2,0,5,0,0,0,0,true,,false,false,true,false,false,,,,,,false,false,false,,,false,false,false,false,false,-83.09385,42.38969,"{
  ""coordinates"": [
    -8.309384863100000e+01,
    4.238968555600010e+01
  ],
  ""type"": ""Point""
}","{
  ""coordinates"": [
    -83.093848631,
    42.389685556
  ],
  ""type"": ""Point""
}",-83.093848631,42.3896855560001
20853,9168446,W I 94,MOROSS,2015-01-25,25,1,2015,15,1,8,1,,1,0,,1,1,1,55,3,2,3,5,0,0,0,0,true,,false,false,false,false,false,,,,,,false,false,false,,,false,false,false,false,false,-82.9288,42.42457,"{
  ""coordinates"": [
    -8.292880416299990e+01,
    4.242457382900010e+01
  ],
  ""type"": ""Point""
}","{
  ""coordinates"": [
    -82.928804163,
    42.424573829
  ],
  ""type"": ""Point""
}",-82.9288041629999,42.4245738290001
20854,9173769,I 94,LIVERNOIS,2015-01-25,25,1,2015,5,1,1,1,,1,1,,3,1,4,55,3,1,1,5,0,0,0,0,true,,false,false,false,false,false,,,,,,false,false,false,,,false,false,false,false,false,-83.11983,42.33959,"{
  ""coordinates"": [
    -8.311983592099990e+01,
    4.233958917300000e+01
  ],
  ""type"": ""Point""
}","{
  ""coordinates"": [
    -83.119835921,
    42.339589173
  ],
  ""type"": ""Point""
}",-83.1198359209999,42.339589173
20855,9167641,GRATIOT,VAN DYKE,2015-01-25,25,1,2015,20,1,4,3,,1,0,,1,1,4,35,7,2,2,2,0,1,0,1,false,,true,true,false,false,false,,,,,,false,false,true,,,false,false,false,false,false,-83.01468,42.37882,"{
  ""coordinates"": [
    -8.301467939699999e+01,
    4.237882128200000e+01
  ],
  ""type"": ""Point""
}","{
  ""coordinates"": [
    -83.014679397,
    42.378821282
  ],
  ""type"": ""Point""
}",-83.014679397,42.378821282
20856,9188575,LAHSER,FENKELL,2015-01-25,25,1,2015,10,1,9,9,,2,0,,1,1,1,30,3,2,3,5,0,0,0,0,true,,false,false,true,false,false,,,,,,false,false,false,,,false,false,false,false,false,-83.25683,42.40032,"{
  ""coordinates"": [
    -8.325682573599990e+01,
    4.240031694800010e+01
  ],
  ""type"": ""Point""
}","{
  ""coordinates"": [
    -83.256825736,
    42.400316948
  ],
  ""type"": ""Point""
}",-83.2568257359999,42.4003169480001
20857,9166704,DEVONSHIRE,WINDSOR,2015-01-25,25,1,2015,1,1,2,9,,,2,,3,1,5,25,2,2,2,5,0,0,0,0,true,,false,false,false,false,false,,,,,,false,false,false,,,false,false,false,false,false,-82.93629,42.39307,"{
  ""coordinates"": [
    -8.293629834399999e+01,
    4.239307461000000e+01
  ],
  ""type"": ""Point""
}","{
  ""coordinates"": [
    -82.936298344,
    42.39307461
  ],
  ""type"": ""Point""
}",-82.936298344,42.39307461
20858,9190151,GODDARD,8 MILE,2015-01-25,25,1,2015,14,1,97,3,,,3,,1,1,1,0,1,2,0,5,0,0,0,0,true,,false,false,true,false,false,,,,,,false,false,false,,,false,false,false,false,false,-83.07785,42.44705,"{
  ""coordinates"": [
    -8.307784942500000e+01,
    4.244704758200000e+01
  ],
  ""type"": ""Point""
}","{
  ""coordinates"": [
    -83.077849425,
    42.447047582
  ],
  ""type"": ""Point""
}",-83.077849425,42.447047582
20859,9170392,HEYDEN,GROVE,2015-01-25,25,1,2015,18,1,7,9,,,0,,1,1,1,25,1,2,2,5,0,0,0,0,true,,false,false,false,false,false,,,,,,false,false,false,,,false,false,false,false,false,-83.24001,42.41337,"{
  ""coordinates"": [
    -8.324000669599999e+01,
    4.241336666400010e+01
  ],
  ""type"": ""Point""
}","{
  ""coordinates"": [
    -83.240006696,
    42.413366664
  ],
  ""type"": ""Point""
}",-83.240006696,42.4133666640001
20860,9194274,GRAND,3RD,2015-01-25,25,1,2015,20,1,4,9,,4,0,,1,1,4,0,2,2,8,4,0,0,0,2,false,,false,false,false,false,false,,,,,,false,false,false,,,false,false,false,false,false,-83.07902,42.36803,"{
  ""coordinates"": [
    -8.307901955999991e+01,
    4.236803186300010e+01
  ],
  ""type"": ""Point""
}","{
  ""coordinates"": [
    -83.07901956,
    42.368031863
  ],
  ""type"": ""Point""
}",-83.0790195599999,42.3680318630001
20861,9188574,STAHELIN,LYNDON,2015-01-25,25,1,2015,16,1,9,9,,,2,,1,1,1,25,1,2,0,5,0,0,0,0,true,,false,false,true,false,false,,,,,,false,false,false,,,false,false,false,false,false,-83.22623,42.39375,"{
  ""coordinates"": [
    -8.322623278299990e+01,
    4.239374540200000e+01
  ],
  ""type"": ""Point""
}","{
  ""coordinates"": [
    -83.226232783,
    42.393745402
  ],
  ""type"": ""Point""
}",-83.2262327829999,42.393745402
20862,9170419,WOODINGHAM,PICKFORD,2015-01-24,24,1,2015,7,7,5,9,,,0,,2,2,5,25,1,3,1,5,0,0,0,0,true,,false,false,false,false,false,,,,,,false,false,false,,,false,false,false,false,false,-83.15045,42.4269,"{
  ""coordinates"": [
    -8.315045503999990e+01,
    4.242690450900010e+01
  ],
  ""type"": ""Point""
}","{
  ""coordinates"": [
    -83.15045504,
    42.426904509
  ],
  ""type"": ""Point""
}",-83.1504550399999,42.4269045090001
20863,9171960,TROJAN,BURGESS,2015-01-24,24,1,2015,15,7,97,9,,,0,,6,1,1,25,1,2,1,5,0,0,0,0,true,,false,false,true,false,false,,,,,,false,false,true,,,false,false,false,false,false,-83.25626,42.43984,"{
  ""coordinates"": [
    -8.325626735600000e+01,
    4.243983832900010e+01
  ],
  ""type"": ""Point""
}","{
  ""coordinates"": [
    -83.256267356,
    42.439838329
  ],
  ""type"": ""Point""
}",-83.256267356,42.4398383290001
20864,9169484,S I 75 SERVICE DRIVE,3RD,2015-01-24,24,1,2015,20,7,8,3,,5,0,,1,2,4,30,3,2,2,5,0,0,0,0,true,,false,false,true,false,false,,,,,,false,false,false,,,false,false,false,false,false,-83.06029,42.33668,"{
  ""coordinates"": [
    -8.306028611399999e+01,
    4.233668192500010e+01
  ],
  ""type"": ""Point""
}","{
  ""coordinates"": [
    -83.060286114,
    42.336681925
  ],
  ""type"": ""Point""
}",-83.060286114,42.3366819250001
20865,9196601,7 MILE,COYLE,2015-01-24,24,1,2015,16,7,97,9,,2,0,,1,1,1,35,2,3,3,4,0,0,0,2,false,,false,false,false,false,false,,,,,,false,true,false,,,false,false,false,false,false,-83.19488,42.43056,"{
  ""coordinates"": [
    -8.319487827899999e+01,
    4.243055773100010e+01
  ],
  ""type"": ""Point""
}","{
  ""coordinates"": [
    -83.194878279,
    42.430557731
  ],
  ""type"": ""Point""
}",-83.194878279,42.4305577310001
20866,9165708,JOY,PREVOST,2015-01-24,24,1,2015,20,7,97,9,,4,0,,1,1,4,30,4,2,2,5,0,0,0,0,true,,false,false,true,false,false,,,,,,false,false,false,,,false,false,false,false,false,-83.20324,42.37249,"{
  ""coordinates"": [
    -8.320324083900000e+01,
    4.237248441200010e+01
  ],
  ""type"": ""Point""
}","{
  ""coordinates"": [
    -83.203240839,
    42.372484412
  ],
  ""type"": ""Point""
}",-83.203240839,42.3724844120001
20867,9194273,GRAND RIVER,N I 75 SERVICE DRIVE,2015-01-24,24,1,2015,1,7,97,3,,1,0,,2,1,4,30,2,2,0,3,0,0,1,0,false,,false,false,true,true,false,,,,,,true,false,false,,,false,false,false,false,false,-83.05872,42.33631,"{
  ""coordinates"": [
    -8.305871537099991e+01,
    4.233631141000010e+01
  ],
  ""type"": ""Point""
}","{
  ""coordinates"": [
    -83.058715371,
    42.33631141
  ],
  ""type"": ""Point""
}",-83.0587153709999,42.3363114100001
20868,9169374,I 94,LONYO,2015-01-24,24,1,2015,13,7,1,1,,1,1,,1,1,1,55,3,1,1,5,0,0,0,0,true,,false,false,false,false,false,,,,,,false,false,true,,,false,false,false,false,false,-83.1443,42.33137,"{
  ""coordinates"": [
    -8.314430208499989e+01,
    4.233136652900000e+01
  ],
  ""type"": ""Point""
}","{
  ""coordinates"": [
    -83.144302085,
    42.331366529
  ],
  ""type"": ""Point""
}",-83.1443020849999,42.331366529
20869,9190076,JEFFERSON,GRISWOLD,2015-01-24,24,1,2015,18,7,8,9,,5,0,,1,1,4,30,4,2,3,5,0,0,0,0,true,,false,false,false,false,false,,,,,,false,false,false,,,false,false,false,false,false,-83.0455,42.32846,"{
  ""coordinates"": [
    -8.304550271700001e+01,
    4.232845806000010e+01
  ],
  ""type"": ""Point""
}","{
  ""coordinates"": [
    -83.045502717,
    42.32845806
  ],
  ""type"": ""Point""
}",-83.045502717,42.3284580600001
20870,9165604,I-75,8 MILE,2015-01-24,24,1,2015,13,7,8,1,,1,0,,1,2,1,55,3,2,2,5,0,0,0,0,true,,false,false,false,false,false,,,,,,false,false,false,,,false,false,false,false,false,-83.0947,42.44474,"{
  ""coordinates"": [
    -8.309470009200000e+01,
    4.244473751900010e+01
  ],
  ""type"": ""Point""
}","{
  ""coordinates"": [
    -83.094700092,
    42.444737519
  ],
  ""type"": ""Point""
}",-83.094700092,42.4447375190001
20871,9196618,STRATFORD,CANTERBURY,2015-01-24,24,1,2015,15,7,97,9,,,0,,4,2,1,25,2,2,1,5,0,0,0,0,true,,false,false,false,false,false,,,,,,false,false,false,,,false,false,false,false,false,-83.13531,42.43401,"{
  ""coordinates"": [
    -8.313531513100000e+01,
    4.243401504200010e+01
  ],
  ""type"": ""Point""
}","{
  ""coordinates"": [
    -83.135315131,
    42.434015042
  ],
  ""type"": ""Point""
}",-83.135315131,42.4340150420001