ObjectId,Crash ID,Primary Road,Intersecting Road,Crash Date,Day,Month,Year,Hour,Weekday,Crash Type Code,Highway Classification Code,Community Code,Jurisdiction Code,Lane Departure Type Code,Surface Type,Road Condition,Weather Condition,Lighting Condition,Speed Limit,Lanes,Units,Occupants,Most Severe Injury,Fatal Injuries,Suspected Serious Injuries,Suspected Minor Injuries,Possible Injuries,Property Damage Only,Secondary Crash,Traffic Control,Red Light Run,Hit and Run,Alcohol,Drugs,Unbelted Person,Work Zone,Speeding Driver,Distracted Driver,Driveway,Pedestrian,Elderly Driver,Young Driver,Commercial Vehicle,Emergency Vehicles,Train,School Bus,Motorcycle,Bicycle,Deer,Longitude,Latitude,geom,geog,x,y
20872,9194272,BEAUBIEN,CLINTON,2015-01-24,24,1,2015,13,7,4,9,,4,0,,2,1,1,25,2,2,4,4,0,0,0,1,false,,false,false,false,false,false,,,,,,false,false,false,,,false,false,false,false,false,-83.04347,42.33625,"{
  ""coordinates"": [
    -8.304347539000000e+01,
    4.233625363500000e+01
  ],
  ""type"": ""Point""
}","{
  ""coordinates"": [
    -83.04347539,
    42.336253635
  ],
  ""type"": ""Point""
}",-83.04347539,42.336253635
20873,9199234,FISHER SERVICE,THIRD,2015-01-24,24,1,2015,15,7,5,9,,5,0,,1,1,1,25,2,2,4,5,0,0,0,0,true,,false,false,false,false,false,,,,,,false,true,false,,,false,false,false,false,false,-83.06063,42.33658,"{
  ""coordinates"": [
    -8.306063317900001e+01,
    4.233658072100010e+01
  ],
  ""type"": ""Point""
}","{
  ""coordinates"": [
    -83.060633179,
    42.336580721
  ],
  ""type"": ""Point""
}",-83.060633179,42.3365807210001
20874,9172907,GRATIOT,HARPER,2015-01-24,24,1,2015,3,7,5,3,,1,0,,1,1,3,35,7,2,2,4,0,0,0,1,false,,false,false,false,false,false,,,,,,false,false,false,,,false,false,false,false,false,-83.00523,42.39312,"{
  ""coordinates"": [
    -8.300522987300000e+01,
    4.239311825900010e+01
  ],
  ""type"": ""Point""
}","{
  ""coordinates"": [
    -83.005229873,
    42.393118259
  ],
  ""type"": ""Point""
}",-83.005229873,42.3931182590001
20875,9182648,GRAND,WOODWARD,2015-01-24,24,1,2015,13,7,9,3,,1,2,,2,1,1,25,3,2,4,5,0,0,0,0,true,,false,false,false,false,false,,,,,,false,false,true,,,false,false,false,false,false,-83.20905,42.39697,"{
  ""coordinates"": [
    -8.320904219600000e+01,
    4.239696860900010e+01
  ],
  ""type"": ""Point""
}","{
  ""coordinates"": [
    -83.209042196,
    42.396968609
  ],
  ""type"": ""Point""
}",-83.209042196,42.3969686090001
20876,9165598,N/B M 10,EUCLID,2015-01-24,24,1,2015,1,7,1,3,,1,1,,1,1,4,55,4,1,3,5,0,0,0,0,true,,false,false,false,false,false,,,,,,false,false,true,,,false,false,false,false,false,-83.08593,42.37359,"{
  ""coordinates"": [
    -8.308592741800000e+01,
    4.237358762800010e+01
  ],
  ""type"": ""Point""
}","{
  ""coordinates"": [
    -83.085927418,
    42.373587628
  ],
  ""type"": ""Point""
}",-83.085927418,42.3735876280001
20877,9165609,W I 96 CD,EVERGREEN,2015-01-24,24,1,2015,18,7,8,1,,1,0,,1,1,4,55,2,2,2,5,0,0,0,0,true,,false,false,false,false,false,,,,,,false,false,false,,,false,false,false,false,false,-83.23704,42.38095,"{
  ""coordinates"": [
    -8.323704032400001e+01,
    4.238095178200010e+01
  ],
  ""type"": ""Point""
}","{
  ""coordinates"": [
    -83.237040324,
    42.380951782
  ],
  ""type"": ""Point""
}",-83.237040324,42.3809517820001
20878,9165740,STURTEVANT,BROADSTREET,2015-01-24,24,1,2015,21,7,97,9,,,0,,3,1,4,25,2,3,1,5,0,0,0,0,true,,false,false,false,false,false,,,,,,false,false,false,,,false,false,false,false,false,-83.13542,42.38123,"{
  ""coordinates"": [
    -8.313542494799999e+01,
    4.238122472200010e+01
  ],
  ""type"": ""Point""
}","{
  ""coordinates"": [
    -83.135424948,
    42.381224722
  ],
  ""type"": ""Point""
}",-83.135424948,42.3812247220001
20879,9165720,8 MILE,LAHSER,2015-01-24,24,1,2015,19,7,97,3,,1,0,,1,1,4,35,2,2,2,5,0,0,0,0,true,,false,false,false,false,false,,,,,,false,false,false,,,false,false,false,false,false,-83.25773,42.44326,"{
  ""coordinates"": [
    -8.325773190699989e+01,
    4.244326198100000e+01
  ],
  ""type"": ""Point""
}","{
  ""coordinates"": [
    -83.257731907,
    42.443261981
  ],
  ""type"": ""Point""
}",-83.2577319069999,42.443261981
20880,9196576,WOODHALL,WARREN,2015-01-24,24,1,2015,22,7,9,9,,,2,,3,1,5,25,2,2,2,5,0,0,0,0,true,,false,false,false,false,false,,,,,,false,false,false,,,false,false,false,false,false,-82.92598,42.4073,"{
  ""coordinates"": [
    -8.292598153099991e+01,
    4.240729399700010e+01
  ],
  ""type"": ""Point""
}","{
  ""coordinates"": [
    -82.925981531,
    42.407293997
  ],
  ""type"": ""Point""
}",-82.9259815309999,42.4072939970001
20881,9165608,8 MILE,DEQUINDRE,2015-01-24,24,1,2015,15,7,4,3,,1,0,,1,2,1,40,4,2,3,4,0,0,0,1,false,,false,false,false,false,false,,,,,,false,false,false,,,false,false,false,false,false,-83.08338,42.44702,"{
  ""coordinates"": [
    -8.308337785799991e+01,
    4.244701836200010e+01
  ],
  ""type"": ""Point""
}","{
  ""coordinates"": [
    -83.083377858,
    42.447018362
  ],
  ""type"": ""Point""
}",-83.0833778579999,42.4470183620001
20882,9172953,DICKERSON,GLENFIELD,2015-01-24,24,1,2015,10,7,4,9,,4,0,,2,2,1,30,3,2,2,5,0,0,0,0,true,,false,false,false,false,false,,,,,,false,false,true,,,false,false,false,false,false,-82.98103,42.41482,"{
  ""coordinates"": [
    -8.298103701399999e+01,
    4.241482175200010e+01
  ],
  ""type"": ""Point""
}","{
  ""coordinates"": [
    -82.981037014,
    42.414821752
  ],
  ""type"": ""Point""
}",-82.981037014,42.4148217520001
20883,9180944,SUNDERLAND,CURTIS,2015-01-24,24,1,2015,12,7,4,9,,,0,,2,2,1,25,2,2,2,5,0,0,0,0,true,,true,false,false,false,false,,,,,,false,false,true,,,false,false,false,false,false,-83.22826,42.42259,"{
  ""coordinates"": [
    -8.322826037599999e+01,
    4.242259339800010e+01
  ],
  ""type"": ""Point""
}","{
  ""coordinates"": [
    -83.228260376,
    42.422593398
  ],
  ""type"": ""Point""
}",-83.228260376,42.4225933980001
20884,9180948,WARWICK,EATON,2015-01-24,24,1,2015,20,7,2,9,,,2,,2,1,4,25,2,2,4,3,0,0,1,1,false,,false,false,false,false,false,,,,,,false,false,true,,,false,false,false,false,false,-83.22873,42.39579,"{
  ""coordinates"": [
    -8.322872687200000e+01,
    4.239579163900000e+01
  ],
  ""type"": ""Point""
}","{
  ""coordinates"": [
    -83.228726872,
    42.395791639
  ],
  ""type"": ""Point""
}",-83.228726872,42.395791639
20885,9180943,FENKELL,BENTLER,2015-01-24,24,1,2015,11,7,4,9,,2,0,,2,2,1,35,4,2,2,4,0,0,0,1,false,,false,false,false,false,false,,,,,,false,false,true,,,false,false,false,false,false,-83.25197,42.4004,"{
  ""coordinates"": [
    -8.325196610700000e+01,
    4.240040047000010e+01
  ],
  ""type"": ""Point""
}","{
  ""coordinates"": [
    -83.251966107,
    42.40040047
  ],
  ""type"": ""Point""
}",-83.251966107,42.4004004700001
20886,9166560,N M 39,7 MILE,2015-01-24,24,1,2015,19,7,1,3,,1,1,,1,1,4,55,3,1,2,5,0,0,0,0,true,,false,false,false,false,false,,,,,,false,false,false,,,false,false,false,false,false,-83.2192,42.42947,"{
  ""coordinates"": [
    -8.321919909300000e+01,
    4.242947027100010e+01
  ],
  ""type"": ""Point""
}","{
  ""coordinates"": [
    -83.219199093,
    42.429470271
  ],
  ""type"": ""Point""
}",-83.219199093,42.4294702710001
20887,9166715,ROWE,7 MILE,2015-01-24,24,1,2015,6,7,1,9,,,1,,2,1,5,25,1,2,0,4,0,0,0,1,false,,false,false,true,false,false,,,,,,true,false,false,,,false,false,false,false,false,-83.00346,42.43474,"{
  ""coordinates"": [
    -8.300345467100000e+01,
    4.243473709600000e+01
  ],
  ""type"": ""Point""
}","{
  ""coordinates"": [
    -83.003454671,
    42.434737096
  ],
  ""type"": ""Point""
}",-83.003454671,42.434737096
20888,9181711,S M 10,LAFAYETTE,2015-01-24,24,1,2015,13,7,8,3,,1,0,,2,2,1,70,3,2,2,5,0,0,0,0,true,,false,false,true,false,false,,,,,,false,true,false,,,false,false,false,false,false,-83.0572,42.32806,"{
  ""coordinates"": [
    -8.305719625599990e+01,
    4.232806127800010e+01
  ],
  ""type"": ""Point""
}","{
  ""coordinates"": [
    -83.057196256,
    42.328061278
  ],
  ""type"": ""Point""
}",-83.0571962559999,42.3280612780001
20889,9196572,CHANDLER PARK,CADIEUX,2015-01-24,24,1,2015,18,7,8,9,,2,0,,1,1,4,35,2,3,4,5,0,0,0,0,true,,false,false,true,false,false,,,,,,false,false,false,,,false,false,false,false,false,-82.93295,42.41094,"{
  ""coordinates"": [
    -8.293294195500000e+01,
    4.241094157900010e+01
  ],
  ""type"": ""Point""
}","{
  ""coordinates"": [
    -82.932941955,
    42.410941579
  ],
  ""type"": ""Point""
}",-82.932941955,42.4109415790001
20890,9194267,RANDOLPH,FARMER,2015-01-24,24,1,2015,0,7,97,3,,1,0,,1,1,4,25,4,2,3,5,0,0,0,0,true,,false,false,false,false,false,,,,,,false,false,true,,,false,false,false,false,false,-83.04382,42.33263,"{
  ""coordinates"": [
    -8.304381184899999e+01,
    4.233263049300010e+01
  ],
  ""type"": ""Point""
}","{
  ""coordinates"": [
    -83.043811849,
    42.332630493
  ],
  ""type"": ""Point""
}",-83.043811849,42.3326304930001
20891,9165714,BRAILE,FARGO,2015-01-24,24,1,2015,14,7,4,9,,,0,,2,1,1,15,1,2,1,5,0,0,0,0,true,,false,false,true,false,false,,,,,,false,false,false,,,false,false,false,false,false,-83.24647,42.43825,"{
  ""coordinates"": [
    -8.324646634800000e+01,
    4.243824737900010e+01
  ],
  ""type"": ""Point""
}","{
  ""coordinates"": [
    -83.246466348,
    42.438247379
  ],
  ""type"": ""Point""
}",-83.246466348,42.4382473790001
20892,9166730,MT ELLIOTT,NEVADA,2015-01-24,24,1,2015,2,7,97,9,,4,0,,1,2,2,30,2,2,0,4,0,0,0,1,false,,false,false,true,false,false,,,,,,true,false,false,,,false,false,false,false,false,-83.03864,42.42653,"{
  ""coordinates"": [
    -8.303863494200000e+01,
    4.242653219300010e+01
  ],
  ""type"": ""Point""
}","{
  ""coordinates"": [
    -83.038634942,
    42.426532193
  ],
  ""type"": ""Point""
}",-83.038634942,42.4265321930001
20893,9166724,S M 10,WARREN,2015-01-24,24,1,2015,22,7,8,3,,1,0,,2,1,4,55,3,2,2,4,0,0,0,1,false,,false,false,true,false,false,,,,,,false,false,false,,,false,false,false,false,false,-83.07408,42.35458,"{
  ""coordinates"": [
    -8.307408359999990e+01,
    4.235457691000000e+01
  ],
  ""type"": ""Point""
}","{
  ""coordinates"": [
    -83.0740836,
    42.35457691
  ],
  ""type"": ""Point""
}",-83.0740835999999,42.35457691
20894,9165559,M10,LINWOOD,2015-01-24,24,1,2015,7,7,8,3,,1,0,,1,1,2,55,3,2,1,5,0,0,0,0,true,,false,false,true,false,false,,,,,,false,false,false,,,false,false,false,false,false,-83.12238,42.40499,"{
  ""coordinates"": [
    -8.312238243300000e+01,
    4.240498793200000e+01
  ],
  ""type"": ""Point""
}","{
  ""coordinates"": [
    -83.122382433,
    42.404987932
  ],
  ""type"": ""Point""
}",-83.122382433,42.404987932
20895,9166582,SB M-39,7 MILE,2015-01-24,24,1,2015,22,7,8,3,,1,0,,1,1,4,55,3,2,2,5,0,0,0,0,true,,false,false,true,false,false,,,,,,false,false,false,,,false,false,false,false,false,-83.21924,42.42639,"{
  ""coordinates"": [
    -8.321923782099999e+01,
    4.242639333000010e+01
  ],
  ""type"": ""Point""
}","{
  ""coordinates"": [
    -83.219237821,
    42.42639333
  ],
  ""type"": ""Point""
}",-83.219237821,42.4263933300001
20896,9165603,N M 10,E I 94,2015-01-24,24,1,2015,0,7,1,3,,1,1,,1,1,4,55,3,1,1,5,0,0,0,0,true,,false,false,false,true,false,,,,,,false,false,true,,,false,false,false,false,false,-83.07598,42.35899,"{
  ""coordinates"": [
    -8.307598330400000e+01,
    4.235899168700010e+01
  ],
  ""type"": ""Point""
}","{
  ""coordinates"": [
    -83.075983304,
    42.358991687
  ],
  ""type"": ""Point""
}",-83.075983304,42.3589916870001
20897,9171954,FENKELL,HUBBELL,2015-01-24,24,1,2015,12,7,97,9,,2,0,,1,1,1,25,2,2,4,5,0,0,0,0,true,,false,false,true,false,false,,,,,,false,false,false,,,false,false,false,false,false,-83.18918,42.40181,"{
  ""coordinates"": [
    -8.318918060399990e+01,
    4.240180827000010e+01
  ],
  ""type"": ""Point""
}","{
  ""coordinates"": [
    -83.189180604,
    42.40180827
  ],
  ""type"": ""Point""
}",-83.1891806039999,42.4018082700001
20898,9190070,GRAND RIVER,WARREN,2015-01-24,24,1,2015,2,7,7,3,,1,0,,1,1,5,35,6,2,2,5,0,0,0,0,true,,true,true,false,false,false,,,,,,false,false,false,,,false,false,false,false,false,-83.08934,42.34871,"{
  ""coordinates"": [
    -8.308934368400000e+01,
    4.234871163900000e+01
  ],
  ""type"": ""Point""
}","{
  ""coordinates"": [
    -83.089343684,
    42.348711639
  ],
  ""type"": ""Point""
}",-83.089343684,42.348711639
20899,9196571,HAYES,7 MILE,2015-01-24,24,1,2015,14,7,4,9,,4,0,,1,1,1,30,8,2,1,4,0,0,0,1,false,,false,false,true,false,false,,,,,,false,false,false,,,false,false,false,false,false,-82.96546,42.43542,"{
  ""coordinates"": [
    -8.296546255700000e+01,
    4.243542168600000e+01
  ],
  ""type"": ""Point""
}","{
  ""coordinates"": [
    -82.965462557,
    42.435421686
  ],
  ""type"": ""Point""
}",-82.965462557,42.435421686
20900,9169495,CONNER,CHARLEVOIX,2015-01-24,24,1,2015,2,7,1,9,,4,1,,2,1,4,30,7,1,1,5,0,0,0,0,true,,false,false,true,false,false,,,,,,false,false,false,,,false,false,false,false,false,-82.96436,42.37837,"{
  ""coordinates"": [
    -8.296435885200000e+01,
    4.237837238100010e+01
  ],
  ""type"": ""Point""
}","{
  ""coordinates"": [
    -82.964358852,
    42.378372381
  ],
  ""type"": ""Point""
}",-82.964358852,42.3783723810001
20901,9187604,HEREFORD,WARREN,2015-01-24,24,1,2015,18,7,2,9,,,0,,6,1,4,25,3,2,1,4,0,0,0,1,false,,false,false,true,true,false,,,,,,false,false,false,,,false,false,false,false,false,-82.92429,42.40936,"{
  ""coordinates"": [
    -8.292428983100000e+01,
    4.240936222000000e+01
  ],
  ""type"": ""Point""
}","{
  ""coordinates"": [
    -82.924289831,
    42.40936222
  ],
  ""type"": ""Point""
}",-82.924289831,42.40936222
20902,9167649,SCHOOLCRAFT,S M 39,2015-01-24,24,1,2015,6,7,4,9,,2,0,,2,2,4,35,6,2,2,2,0,1,0,0,false,,true,true,false,false,false,,,,,,false,false,false,,,false,false,false,false,false,-83.22689,42.38647,"{
  ""coordinates"": [
    -8.322688676600001e+01,
    4.238647282100000e+01
  ],
  ""type"": ""Point""
}","{
  ""coordinates"": [
    -83.226886766,
    42.386472821
  ],
  ""type"": ""Point""
}",-83.226886766,42.386472821
20903,9165703,JOY,BRYDEN,2015-01-24,24,1,2015,9,7,4,9,,4,0,,2,2,1,30,2,2,2,5,0,0,0,0,true,,false,false,false,false,false,,,,,,false,false,false,,,false,false,false,false,false,-83.14541,42.35921,"{
  ""coordinates"": [
    -8.314540818099989e+01,
    4.235920849200010e+01
  ],
  ""type"": ""Point""
}","{
  ""coordinates"": [
    -83.145408181,
    42.359208492
  ],
  ""type"": ""Point""
}",-83.1454081809999,42.3592084920001
20904,9165704,GREENFIELD,ORANGELAWN,2015-01-24,24,1,2015,23,7,4,9,,2,0,,1,1,4,35,6,2,2,4,0,0,0,1,false,,false,false,false,false,false,,,,,,false,false,false,,,false,false,false,false,false,-83.19736,42.36787,"{
  ""coordinates"": [
    -8.319735683200000e+01,
    4.236787571900000e+01
  ],
  ""type"": ""Point""
}","{
  ""coordinates"": [
    -83.197356832,
    42.367875719
  ],
  ""type"": ""Point""
}",-83.197356832,42.367875719
20905,9167640,7 MILE,WHITCOMB,2015-01-24,24,1,2015,18,7,5,9,,2,0,,1,1,3,35,4,2,2,5,0,0,0,0,true,,false,false,false,false,false,,,,,,false,true,false,,,false,false,false,false,false,-83.19743,42.43048,"{
  ""coordinates"": [
    -8.319743416999999e+01,
    4.243047918000010e+01
  ],
  ""type"": ""Point""
}","{
  ""coordinates"": [
    -83.19743417,
    42.43047918
  ],
  ""type"": ""Point""
}",-83.19743417,42.4304791800001
20906,9166743,VAN DYKE,MCNICHOLS,2015-01-23,23,1,2015,13,6,8,3,,1,0,,1,1,1,35,5,2,2,5,0,0,0,0,true,,false,false,false,false,false,,,,,,false,true,false,,,false,false,false,false,false,-83.02381,42.42224,"{
  ""coordinates"": [
    -8.302380826699989e+01,
    4.242224081500010e+01
  ],
  ""type"": ""Point""
}","{
  ""coordinates"": [
    -83.023808267,
    42.422240815
  ],
  ""type"": ""Point""
}",-83.0238082669999,42.4222408150001
20907,9165717,FENKELL,CHEYENNE,2015-01-23,23,1,2015,11,6,1,9,,2,0,,2,1,1,35,2,2,1,4,0,0,0,1,false,,false,false,true,false,false,,,,,,true,false,false,,,false,false,false,false,false,-83.1748,42.40214,"{
  ""coordinates"": [
    -8.317479497999990e+01,
    4.240214062100010e+01
  ],
  ""type"": ""Point""
}","{
  ""coordinates"": [
    -83.17479498,
    42.402140621
  ],
  ""type"": ""Point""
}",-83.1747949799999,42.4021406210001
20908,9168445,I-75,DAVISON,2015-01-23,23,1,2015,12,6,8,1,,1,0,,1,1,1,70,4,2,1,5,0,0,0,0,true,,false,false,true,false,false,,,,,,false,false,true,,,false,false,false,false,false,-83.07874,42.40818,"{
  ""coordinates"": [
    -8.307874036399990e+01,
    4.240818064400000e+01
  ],
  ""type"": ""Point""
}","{
  ""coordinates"": [
    -83.078740364,
    42.408180644
  ],
  ""type"": ""Point""
}",-83.0787403639999,42.408180644
20909,9167700,TRUMBULL,I 94 SD,2015-01-23,23,1,2015,18,6,8,1,,4,0,,5,1,4,30,2,2,3,5,0,0,0,0,true,,false,false,false,false,false,,,,,,false,false,false,,,false,false,false,false,false,-83.08083,42.35578,"{
  ""coordinates"": [
    -8.308083585900000e+01,
    4.235577762700010e+01
  ],
  ""type"": ""Point""
}","{
  ""coordinates"": [
    -83.080835859,
    42.355777627
  ],
  ""type"": ""Point""
}",-83.080835859,42.3557776270001
20910,9196561,W I 94,CHALMERS,2015-01-23,23,1,2015,8,6,5,1,,1,0,,1,1,1,55,3,2,2,5,0,0,0,0,true,,false,false,false,false,false,,,,,,false,false,true,,,false,false,false,false,false,-82.96404,42.4039,"{
  ""coordinates"": [
    -8.296403623899990e+01,
    4.240389749100010e+01
  ],
  ""type"": ""Point""
}","{
  ""coordinates"": [
    -82.964036239,
    42.403897491
  ],
  ""type"": ""Point""
}",-82.9640362389999,42.4038974910001
20911,9196573,GRATIOT,7 MILE,2015-01-23,23,1,2015,19,6,97,3,,1,0,,1,1,4,35,4,2,4,5,0,0,0,0,true,,false,false,true,false,false,,,,,,false,false,false,,,false,false,false,false,false,-82.97771,42.43505,"{
  ""coordinates"": [
    -8.297770406599990e+01,
    4.243504983100010e+01
  ],
  ""type"": ""Point""
}","{
  ""coordinates"": [
    -82.977704066,
    42.435049831
  ],
  ""type"": ""Point""
}",-82.9777040659999,42.4350498310001
20912,9182665,S I 75 SERVICE DRIVE,WARREN,2015-01-23,23,1,2015,11,6,4,1,,4,0,,2,1,1,30,6,2,2,4,0,0,0,1,false,,false,false,false,false,false,,,,,,false,false,false,,,false,false,false,false,false,-83.05491,42.36063,"{
  ""coordinates"": [
    -8.305490780199990e+01,
    4.236062901600010e+01
  ],
  ""type"": ""Point""
}","{
  ""coordinates"": [
    -83.054907802,
    42.360629016
  ],
  ""type"": ""Point""
}",-83.0549078019999,42.3606290160001
20913,9165699,JEFFERSON,WOODWARD,2015-01-23,23,1,2015,16,6,8,3,,1,0,,1,1,1,35,4,2,3,5,0,0,0,0,true,,false,false,true,false,false,,,,,,false,false,false,,,false,false,false,false,false,-83.04428,42.32858,"{
  ""coordinates"": [
    -8.304428114599990e+01,
    4.232857796000010e+01
  ],
  ""type"": ""Point""
}","{
  ""coordinates"": [
    -83.044281146,
    42.32857796
  ],
  ""type"": ""Point""
}",-83.0442811459999,42.3285779600001
20914,9170268,M-39,PEMBROKE,2015-01-23,23,1,2015,15,6,1,3,,1,1,,1,1,1,55,3,1,1,4,0,0,0,1,false,,false,false,false,false,false,,,,,,false,false,false,,,false,false,false,false,false,-83.21947,42.43586,"{
  ""coordinates"": [
    -8.321946608899999e+01,
    4.243585749200000e+01
  ],
  ""type"": ""Point""
}","{
  ""coordinates"": [
    -83.219466089,
    42.435857492
  ],
  ""type"": ""Point""
}",-83.219466089,42.435857492
20915,9172957,MT ELLIOTT,OUTER,2015-01-23,23,1,2015,10,6,4,9,,4,0,,2,1,1,35,6,2,1,5,0,0,0,0,true,,false,false,true,false,false,,,,,,false,false,false,,,false,false,false,false,false,-83.03918,42.44082,"{
  ""coordinates"": [
    -8.303918386100000e+01,
    4.244082282800010e+01
  ],
  ""type"": ""Point""
}","{
  ""coordinates"": [
    -83.039183861,
    42.440822828
  ],
  ""type"": ""Point""
}",-83.039183861,42.4408228280001
20916,9165755,GRATIOT,BRUSH,2015-01-23,23,1,2015,21,6,5,3,,1,0,,1,1,4,30,3,2,1,5,0,0,0,0,true,,false,false,false,false,false,,,,,,false,false,false,,,false,false,false,false,false,-83.04445,42.33609,"{
  ""coordinates"": [
    -8.304444585200000e+01,
    4.233609200800000e+01
  ],
  ""type"": ""Point""
}","{
  ""coordinates"": [
    -83.044445852,
    42.336092008
  ],
  ""type"": ""Point""
}",-83.044445852,42.336092008
20917,9165745,FARMER,RANDOLPH,2015-01-23,23,1,2015,13,6,8,3,,4,0,,2,1,1,30,4,2,7,5,0,0,0,0,true,,false,false,true,false,false,,,,,,false,false,false,,,false,false,false,false,false,-83.04391,42.33251,"{
  ""coordinates"": [
    -8.304390630800000e+01,
    4.233251218500000e+01
  ],
  ""type"": ""Point""
}","{
  ""coordinates"": [
    -83.043906308,
    42.332512185
  ],
  ""type"": ""Point""
}",-83.043906308,42.332512185
20918,9171837,I-96,SOUTHFIELD,2015-01-23,23,1,2015,3,6,1,1,,1,1,,1,1,4,70,3,1,1,5,0,0,0,0,true,,false,false,false,true,false,,,,,,false,false,false,,,false,false,false,false,false,-83.22218,42.37842,"{
  ""coordinates"": [
    -8.322218314900000e+01,
    4.237841902200010e+01
  ],
  ""type"": ""Point""
}","{
  ""coordinates"": [
    -83.222183149,
    42.378419022
  ],
  ""type"": ""Point""
}",-83.222183149,42.3784190220001
20919,9165570,RAMP 043C,S I 75 SERVICE DRIVE,2015-01-23,23,1,2015,9,6,5,1,,1,0,,1,2,1,55,1,3,2,5,0,0,0,0,true,,false,false,true,false,false,,,,,,false,true,false,,,false,false,false,false,false,-83.04895,42.35173,"{
  ""coordinates"": [
    -8.304894788999999e+01,
    4.235173450100010e+01
  ],
  ""type"": ""Point""
}","{
  ""coordinates"": [
    -83.04894789,
    42.351734501
  ],
  ""type"": ""Point""
}",-83.04894789,42.3517345010001
20920,9169408,N I 75,RAMP 050C,2015-01-23,23,1,2015,17,6,5,1,,1,0,,1,1,1,70,3,2,2,5,0,0,0,0,true,,false,false,false,false,false,,,,,,false,false,false,,,false,false,false,false,false,-83.09465,42.44542,"{
  ""coordinates"": [
    -8.309465393999990e+01,
    4.244541847300010e+01
  ],
  ""type"": ""Point""
}","{
  ""coordinates"": [
    -83.09465394,
    42.445418473
  ],
  ""type"": ""Point""
}",-83.0946539399999,42.4454184730001
20921,9170416,7 MILE,MOUND,2015-01-23,23,1,2015,15,6,1,9,,4,0,,1,1,1,30,2,1,1,5,0,0,0,0,true,,false,false,false,false,false,,,,,,false,false,false,,,false,false,false,false,false,-83.04333,42.43357,"{
  ""coordinates"": [
    -8.304332515999990e+01,
    4.243357493400000e+01
  ],
  ""type"": ""Point""
}","{
  ""coordinates"": [
    -83.04332516,
    42.433574934
  ],
  ""type"": ""Point""
}",-83.0433251599999,42.433574934
20922,9168433,E I 96,RAMP 143B,2015-01-23,23,1,2015,9,6,6,1,,1,0,,1,1,1,70,4,2,2,5,0,0,0,0,true,,false,false,false,false,false,,,,,,false,true,true,,,false,false,false,false,false,-83.10689,42.35432,"{
  ""coordinates"": [
    -8.310688860800001e+01,
    4.235432614700010e+01
  ],
  ""type"": ""Point""
}","{
  ""coordinates"": [
    -83.106888608,
    42.354326147
  ],
  ""type"": ""Point""
}",-83.106888608,42.3543261470001
20923,9191680,JEFFERSON,BRUSH,2015-01-23,23,1,2015,16,6,8,4,,1,0,,1,1,1,0,3,2,10,5,0,0,0,0,true,,false,false,false,false,false,,,,,,false,true,false,,,false,false,false,false,false,-83.04088,42.33043,"{
  ""coordinates"": [
    -8.304087917100000e+01,
    4.233042404800010e+01
  ],
  ""type"": ""Point""
}","{
  ""coordinates"": [
    -83.040879171,
    42.330424048
  ],
  ""type"": ""Point""
}",-83.040879171,42.3304240480001
20924,9165746,WOODWARD,GOLDENGATE,2015-01-23,23,1,2015,18,6,8,3,,1,0,,1,1,4,30,4,2,2,5,0,0,0,0,true,,false,false,true,false,false,,,,,,false,false,false,,,false,false,false,false,false,-83.11291,42.42906,"{
  ""coordinates"": [
    -8.311290467399991e+01,
    4.242905716100010e+01
  ],
  ""type"": ""Point""
}","{
  ""coordinates"": [
    -83.112904674,
    42.429057161
  ],
  ""type"": ""Point""
}",-83.1129046739999,42.4290571610001
20925,9165710,SCHOOLCRAFT,HARTWELL,2015-01-23,23,1,2015,16,6,8,9,,4,0,,1,1,4,30,2,2,4,5,0,0,0,0,true,,false,false,false,false,false,,,,,,false,true,false,,,false,false,false,false,false,-83.1769,42.38804,"{
  ""coordinates"": [
    -8.317689594900000e+01,
    4.238804370800010e+01
  ],
  ""type"": ""Point""
}","{
  ""coordinates"": [
    -83.176895949,
    42.388043708
  ],
  ""type"": ""Point""
}",-83.176895949,42.3880437080001
20926,9165571,RAMP 216I,RAMP 216K,2015-01-23,23,1,2015,13,6,5,1,,1,0,,1,1,1,55,2,2,2,5,0,0,0,0,true,,false,false,false,false,false,,,,,,false,false,false,,,false,false,false,false,false,-83.05995,42.36814,"{
  ""coordinates"": [
    -8.305994998499990e+01,
    4.236813751700000e+01
  ],
  ""type"": ""Point""
}","{
  ""coordinates"": [
    -83.059949985,
    42.368137517
  ],
  ""type"": ""Point""
}",-83.0599499849999,42.368137517
20927,9165578,M10,7 MILE,2015-01-23,23,1,2015,13,6,5,3,,1,0,,1,1,1,55,3,2,2,5,0,0,0,0,true,,false,false,false,false,false,,,,,,false,false,true,,,false,false,false,false,false,-83.18717,42.43105,"{
  ""coordinates"": [
    -8.318716889200000e+01,
    4.243104473000010e+01
  ],
  ""type"": ""Point""
}","{
  ""coordinates"": [
    -83.187168892,
    42.43104473
  ],
  ""type"": ""Point""
}",-83.187168892,42.4310447300001