ObjectId,Crash ID,Primary Road,Intersecting Road,Crash Date,Day,Month,Year,Hour,Weekday,Crash Type Code,Highway Classification Code,Community Code,Jurisdiction Code,Lane Departure Type Code,Surface Type,Road Condition,Weather Condition,Lighting Condition,Speed Limit,Lanes,Units,Occupants,Most Severe Injury,Fatal Injuries,Suspected Serious Injuries,Suspected Minor Injuries,Possible Injuries,Property Damage Only,Secondary Crash,Traffic Control,Red Light Run,Hit and Run,Alcohol,Drugs,Unbelted Person,Work Zone,Speeding Driver,Distracted Driver,Driveway,Pedestrian,Elderly Driver,Young Driver,Commercial Vehicle,Emergency Vehicles,Train,School Bus,Motorcycle,Bicycle,Deer,Longitude,Latitude,geom,geog,x,y
20928,9186459,TROJAN,LAHSER,2015-01-23,23,1,2015,17,6,1,9,,,1,,1,1,1,25,2,1,0,5,0,0,0,0,true,,false,false,true,false,false,,,,,,false,false,false,,,false,false,false,false,false,-83.25878,42.43977,"{
  ""coordinates"": [
    -8.325877871900001e+01,
    4.243977221500010e+01
  ],
  ""type"": ""Point""
}","{
  ""coordinates"": [
    -83.258778719,
    42.439772215
  ],
  ""type"": ""Point""
}",-83.258778719,42.4397722150001
20929,9165744,GREENFIELD,PEMBROKE,2015-01-23,23,1,2015,17,6,4,9,,2,0,,1,1,1,35,2,2,2,5,0,0,0,0,true,,false,false,false,false,false,,,,,,false,false,false,,,false,false,false,false,false,-83.20016,42.43749,"{
  ""coordinates"": [
    -8.320016388499990e+01,
    4.243749213000010e+01
  ],
  ""type"": ""Point""
}","{
  ""coordinates"": [
    -83.200163885,
    42.43749213
  ],
  ""type"": ""Point""
}",-83.2001638849999,42.4374921300001
20930,9165724,MACK,RIVARD,2015-01-23,23,1,2015,11,6,97,9,,4,0,,2,2,1,30,4,2,4,5,0,0,0,0,true,,false,false,false,false,false,,,,,,false,false,false,,,false,false,false,false,false,-83.0459,42.35191,"{
  ""coordinates"": [
    -8.304589978000000e+01,
    4.235190405900000e+01
  ],
  ""type"": ""Point""
}","{
  ""coordinates"": [
    -83.04589978,
    42.351904059
  ],
  ""type"": ""Point""
}",-83.04589978,42.351904059
20931,9165726,MOUNT ELLIOTT,HARPER,2015-01-23,23,1,2015,7,6,8,9,,4,0,,1,1,1,15,3,2,2,5,0,0,0,0,true,,false,false,false,false,false,,,,,,false,false,false,,,false,false,false,false,false,-83.03343,42.37896,"{
  ""coordinates"": [
    -8.303343124100000e+01,
    4.237896121500010e+01
  ],
  ""type"": ""Point""
}","{
  ""coordinates"": [
    -83.033431241,
    42.378961215
  ],
  ""type"": ""Point""
}",-83.033431241,42.3789612150001
20932,9170402,WOODROW WILSON,GLENDALE,2015-01-23,23,1,2015,10,6,4,9,,4,0,,1,1,1,30,4,2,2,5,0,0,0,0,true,,true,true,true,false,false,,,,,,false,false,false,,,false,false,false,false,false,-83.10892,42.39427,"{
  ""coordinates"": [
    -8.310892105499990e+01,
    4.239426938400000e+01
  ],
  ""type"": ""Point""
}","{
  ""coordinates"": [
    -83.108921055,
    42.394269384
  ],
  ""type"": ""Point""
}",-83.1089210549999,42.394269384
20933,9205372,CADILLAC,GOETHE,2015-01-23,23,1,2015,15,6,4,9,,4,0,,1,1,1,25,1,2,4,4,0,0,0,1,false,,false,false,true,false,false,,,,,,false,true,false,,,false,false,false,false,false,-82.98923,42.37138,"{
  ""coordinates"": [
    -8.298923314400000e+01,
    4.237138051200000e+01
  ],
  ""type"": ""Point""
}","{
  ""coordinates"": [
    -82.989233144,
    42.371380512
  ],
  ""type"": ""Point""
}",-82.989233144,42.371380512
20934,9169407,RAMP 042A,NAPOLEAN,2015-01-23,23,1,2015,10,6,8,7,,1,0,,1,2,1,55,2,2,2,5,0,0,0,0,true,,false,false,true,false,false,,,,,,false,false,false,,,false,false,false,false,false,-83.03684,42.34665,"{
  ""coordinates"": [
    -8.303684448300000e+01,
    4.234664888600000e+01
  ],
  ""type"": ""Point""
}","{
  ""coordinates"": [
    -83.036844483,
    42.346648886
  ],
  ""type"": ""Point""
}",-83.036844483,42.346648886
20935,9165727,DIVISON,RIOPELLE,2015-01-23,23,1,2015,16,6,8,9,,,0,,2,1,1,25,4,2,3,5,0,0,0,0,true,,false,false,false,false,false,,,,,,false,false,false,,,false,false,false,false,false,-83.03946,42.34785,"{
  ""coordinates"": [
    -8.303945708600000e+01,
    4.234785315300010e+01
  ],
  ""type"": ""Point""
}","{
  ""coordinates"": [
    -83.039457086,
    42.347853153
  ],
  ""type"": ""Point""
}",-83.039457086,42.3478531530001
20936,9165743,MCNICHOLS,MONTE,2015-01-23,23,1,2015,17,6,4,9,,2,0,,6,2,3,30,4,2,2,4,0,0,0,2,false,,false,false,false,false,false,,,,,,false,false,false,,,false,false,false,false,false,-83.16804,42.41671,"{
  ""coordinates"": [
    -8.316803556699990e+01,
    4.241671105700000e+01
  ],
  ""type"": ""Point""
}","{
  ""coordinates"": [
    -83.168035567,
    42.416711057
  ],
  ""type"": ""Point""
}",-83.1680355669999,42.416711057
20937,9165557,JEFFRIES FWY,MEYERS,2015-01-23,23,1,2015,20,6,1,1,,1,1,,1,1,4,70,3,1,1,3,0,0,1,0,false,,false,false,false,false,false,,,,,,false,true,false,,,false,false,false,false,false,-83.16785,42.38535,"{
  ""coordinates"": [
    -8.316785572700000e+01,
    4.238535233200000e+01
  ],
  ""type"": ""Point""
}","{
  ""coordinates"": [
    -83.167855727,
    42.385352332
  ],
  ""type"": ""Point""
}",-83.167855727,42.385352332
20938,9187413,I 75,HOLBROOK,2015-01-23,23,1,2015,12,6,1,1,,1,1,,1,1,1,70,4,1,0,5,0,0,0,0,true,,false,false,true,false,false,,,,,,false,false,false,,,false,false,false,false,false,-83.06744,42.38558,"{
  ""coordinates"": [
    -8.306744015800000e+01,
    4.238558022500010e+01
  ],
  ""type"": ""Point""
}","{
  ""coordinates"": [
    -83.067440158,
    42.385580225
  ],
  ""type"": ""Point""
}",-83.067440158,42.3855802250001
20939,9165742,LIVERNOIS,ST MARTINS,2015-01-23,23,1,2015,16,6,8,9,,4,0,,1,1,4,30,2,2,2,5,0,0,0,0,true,,false,false,false,false,false,,,,,,false,true,true,,,false,false,false,false,false,-83.14156,42.43689,"{
  ""coordinates"": [
    -8.314156267399990e+01,
    4.243689085200000e+01
  ],
  ""type"": ""Point""
}","{
  ""coordinates"": [
    -83.141562674,
    42.436890852
  ],
  ""type"": ""Point""
}",-83.1415626739999,42.436890852
20940,9165725,RUSSELL,WILKINS,2015-01-23,23,1,2015,12,6,97,9,,4,0,,2,1,1,25,4,2,2,5,0,0,0,0,true,,false,false,true,false,false,,,,,,false,false,false,,,false,false,false,false,false,-83.0424,42.34926,"{
  ""coordinates"": [
    -8.304240339899999e+01,
    4.234925909900010e+01
  ],
  ""type"": ""Point""
}","{
  ""coordinates"": [
    -83.042403399,
    42.349259099
  ],
  ""type"": ""Point""
}",-83.042403399,42.3492590990001
20941,9166742,MCNICHOLS,FRENCH,2015-01-23,23,1,2015,4,6,1,9,,1,0,,3,1,5,30,4,1,1,5,0,0,0,0,true,,false,false,false,false,false,,,,,,false,false,false,,,false,false,false,false,false,-83.01945,42.41956,"{
  ""coordinates"": [
    -8.301944435800000e+01,
    4.241955726600000e+01
  ],
  ""type"": ""Point""
}","{
  ""coordinates"": [
    -83.019444358,
    42.419557266
  ],
  ""type"": ""Point""
}",-83.019444358,42.419557266
20942,9187492,LIVERNOIS,FORT,2015-01-23,23,1,2015,12,6,8,3,,4,0,,1,1,1,35,4,2,1,5,0,0,0,0,true,,false,false,true,false,false,,,,,,false,false,false,,,false,false,false,false,false,-83.10342,42.30658,"{
  ""coordinates"": [
    -8.310342769200000e+01,
    4.230657710600010e+01
  ],
  ""type"": ""Point""
}","{
  ""coordinates"": [
    -83.103427692,
    42.306577106
  ],
  ""type"": ""Point""
}",-83.103427692,42.3065771060001
20943,9182642,JAMES COUZENS,MCNICHOLS,2015-01-23,23,1,2015,19,6,4,9,,4,0,,1,1,4,35,3,2,1,5,0,0,0,0,true,,false,false,true,false,false,,,,,,false,true,false,,,false,false,false,false,false,-83.17184,42.41663,"{
  ""coordinates"": [
    -8.317183463500000e+01,
    4.241662862600000e+01
  ],
  ""type"": ""Point""
}","{
  ""coordinates"": [
    -83.171834635,
    42.416628626
  ],
  ""type"": ""Point""
}",-83.171834635,42.416628626
20944,9182634,CONGRESS,GRISWOLD,2015-01-23,23,1,2015,14,6,8,9,,4,0,,1,1,1,30,4,2,2,4,0,0,0,1,false,,false,false,false,false,false,,,,,,false,true,false,,,false,false,false,false,false,-83.04715,42.32963,"{
  ""coordinates"": [
    -8.304714715400000e+01,
    4.232963274600010e+01
  ],
  ""type"": ""Point""
}","{
  ""coordinates"": [
    -83.047147154,
    42.329632746
  ],
  ""type"": ""Point""
}",-83.047147154,42.3296327460001
20945,9190156,JOS CAMPAU,VICTORIA,2015-01-23,23,1,2015,15,6,4,9,,4,0,,1,1,1,30,4,2,4,4,0,0,0,2,false,,false,false,false,false,false,,,,,,false,false,false,,,false,false,false,false,false,-83.07024,42.41515,"{
  ""coordinates"": [
    -8.307023871299999e+01,
    4.241514791600010e+01
  ],
  ""type"": ""Point""
}","{
  ""coordinates"": [
    -83.070238713,
    42.415147916
  ],
  ""type"": ""Point""
}",-83.070238713,42.4151479160001
20946,9224307,DAVISON,LIVERNOIS,2015-01-23,23,1,2015,21,6,4,3,,1,0,,1,1,4,25,4,2,2,5,0,0,0,0,true,,false,false,true,false,false,,,,,,false,true,false,,,false,false,false,false,false,-83.13953,42.38649,"{
  ""coordinates"": [
    -8.313953198300000e+01,
    4.238649114300010e+01
  ],
  ""type"": ""Point""
}","{
  ""coordinates"": [
    -83.139531983,
    42.386491143
  ],
  ""type"": ""Point""
}",-83.139531983,42.3864911430001
20947,9170403,3RD,N I 75 SERVICE DRIVE,2015-01-23,23,1,2015,7,6,8,9,,4,0,,1,1,1,25,2,2,3,5,0,0,0,0,true,,false,false,false,false,false,,,,,,false,false,true,,,false,false,false,false,false,-83.05984,42.33595,"{
  ""coordinates"": [
    -8.305983855800000e+01,
    4.233594412100010e+01
  ],
  ""type"": ""Point""
}","{
  ""coordinates"": [
    -83.059838558,
    42.335944121
  ],
  ""type"": ""Point""
}",-83.059838558,42.3359441210001
20948,9187556,SPRINGWELLS,S I 75 SERVICE DRIVE,2015-01-23,23,1,2015,8,6,2,9,,4,0,,2,1,1,35,4,2,2,4,0,0,0,2,false,,false,false,false,false,false,,,,,,false,false,false,,,false,false,false,false,false,-83.11942,42.30185,"{
  ""coordinates"": [
    -8.311941449499990e+01,
    4.230184467000000e+01
  ],
  ""type"": ""Point""
}","{
  ""coordinates"": [
    -83.119414495,
    42.30184467
  ],
  ""type"": ""Point""
}",-83.1194144949999,42.30184467
20949,9190075,N M 10,PALLISTER,2015-01-23,23,1,2015,16,6,5,3,,1,0,,1,1,1,65,3,2,2,5,0,0,0,0,true,,false,false,true,false,false,,,,,,false,false,false,,,false,false,false,false,false,-83.08389,42.37038,"{
  ""coordinates"": [
    -8.308388292300000e+01,
    4.237038077900010e+01
  ],
  ""type"": ""Point""
}","{
  ""coordinates"": [
    -83.083882923,
    42.370380779
  ],
  ""type"": ""Point""
}",-83.083882923,42.3703807790001
20950,9240355,I94,GRATIOT,2015-01-23,23,1,2015,21,6,8,1,,1,0,,1,1,4,55,3,2,1,5,0,0,0,0,true,,false,false,true,false,false,,,,,,false,false,false,,,false,false,false,false,false,-83.00607,42.39192,"{
  ""coordinates"": [
    -8.300606462000000e+01,
    4.239192228500010e+01
  ],
  ""type"": ""Point""
}","{
  ""coordinates"": [
    -83.00606462,
    42.391922285
  ],
  ""type"": ""Point""
}",-83.00606462,42.3919222850001
20951,9173796,RAMP 222B,W I 94,2015-01-23,23,1,2015,20,6,5,1,,1,0,,1,1,4,55,1,2,2,5,0,0,0,0,true,,false,false,false,false,false,,,,,,false,false,false,,,false,false,false,false,false,-82.94536,42.41154,"{
  ""coordinates"": [
    -8.294535777399990e+01,
    4.241154031500000e+01
  ],
  ""type"": ""Point""
}","{
  ""coordinates"": [
    -82.945357774,
    42.411540315
  ],
  ""type"": ""Point""
}",-82.9453577739999,42.411540315
20952,9211403,PALLISTER,RAMP 115A,2015-01-23,23,1,2015,12,6,5,3,,,0,,4,2,1,25,4,2,3,5,0,0,0,0,true,,false,false,false,false,false,,,,,,false,false,false,,,false,false,false,false,false,-83.08458,42.37009,"{
  ""coordinates"": [
    -8.308457620999999e+01,
    4.237009398700010e+01
  ],
  ""type"": ""Point""
}","{
  ""coordinates"": [
    -83.08457621,
    42.370093987
  ],
  ""type"": ""Point""
}",-83.08457621,42.3700939870001
20953,9165748,RAMP 102J,S M 10,2015-01-23,23,1,2015,10,6,4,3,,1,0,,1,1,1,30,3,2,1,5,0,0,0,0,true,,false,false,true,false,false,,,,,,false,false,false,,,false,false,false,false,false,-83.20005,42.44215,"{
  ""coordinates"": [
    -8.320005395699999e+01,
    4.244214500600000e+01
  ],
  ""type"": ""Point""
}","{
  ""coordinates"": [
    -83.200053957,
    42.442145006
  ],
  ""type"": ""Point""
}",-83.200053957,42.442145006
20954,9199177,MCNICHOLS,N M 39,2015-01-23,23,1,2015,12,6,9,9,,2,2,,1,1,1,0,6,2,2,5,0,0,0,0,true,,false,false,false,false,false,,,,,,false,true,true,,,false,false,false,false,false,-83.21861,42.41555,"{
  ""coordinates"": [
    -8.321860578499999e+01,
    4.241555474400010e+01
  ],
  ""type"": ""Point""
}","{
  ""coordinates"": [
    -83.218605785,
    42.415554744
  ],
  ""type"": ""Point""
}",-83.218605785,42.4155547440001
20955,9185185,SOUTHFIELD SERVICE DRIVE,HESSEL,2015-01-23,23,1,2015,16,6,8,3,,5,0,,1,1,1,35,3,2,3,4,0,0,0,1,false,,false,false,false,false,false,,,,,,false,false,false,,,false,false,false,false,false,-83.22009,42.44247,"{
  ""coordinates"": [
    -8.322009339000000e+01,
    4.244246591300000e+01
  ],
  ""type"": ""Point""
}","{
  ""coordinates"": [
    -83.22009339,
    42.442465913
  ],
  ""type"": ""Point""
}",-83.22009339,42.442465913
20956,9165573,W I 94,RAMP 223C,2015-01-23,23,1,2015,13,6,5,1,,1,0,,1,1,1,55,3,2,2,5,0,0,0,0,true,,false,false,false,false,false,,,,,,false,true,false,,,false,false,false,false,false,-82.93421,42.41892,"{
  ""coordinates"": [
    -8.293421283100000e+01,
    4.241892071500010e+01
  ],
  ""type"": ""Point""
}","{
  ""coordinates"": [
    -82.934212831,
    42.418920715
  ],
  ""type"": ""Point""
}",-82.934212831,42.4189207150001
20957,9188603,HARPER,LAKEVIEW,2015-01-23,23,1,2015,13,6,1,9,,4,0,,1,1,1,35,2,2,1,3,0,0,1,0,false,,false,false,true,false,false,,,,,,true,false,false,,,false,false,false,false,false,-82.96899,42.40337,"{
  ""coordinates"": [
    -8.296898395499990e+01,
    4.240336897300010e+01
  ],
  ""type"": ""Point""
}","{
  ""coordinates"": [
    -82.968983955,
    42.403368973
  ],
  ""type"": ""Point""
}",-82.9689839549999,42.4033689730001
20958,9214888,LAFAYETTE,ST MARON,2015-01-23,23,1,2015,23,6,8,9,,4,0,,1,1,4,30,4,2,0,5,0,0,0,0,true,,false,false,true,false,false,,,,,,false,false,false,,,false,false,false,false,false,-83.01974,42.34343,"{
  ""coordinates"": [
    -8.301974205800001e+01,
    4.234343287900000e+01
  ],
  ""type"": ""Point""
}","{
  ""coordinates"": [
    -83.019742058,
    42.343432879
  ],
  ""type"": ""Point""
}",-83.019742058,42.343432879
20959,9186445,GREENFIELD,KEELER,2015-01-23,23,1,2015,18,6,5,9,,2,0,,1,1,4,30,3,2,2,5,0,0,0,0,true,,false,false,false,false,false,,,,,,false,false,false,,,false,false,false,false,false,-83.19878,42.40333,"{
  ""coordinates"": [
    -8.319878141299991e+01,
    4.240333209900010e+01
  ],
  ""type"": ""Point""
}","{
  ""coordinates"": [
    -83.198781413,
    42.403332099
  ],
  ""type"": ""Point""
}",-83.1987814129999,42.4033320990001
20960,9165584,DAVISON SERVICE,DEQUINDRE,2015-01-23,23,1,2015,18,6,1,9,,4,1,,1,1,4,40,2,1,1,4,0,0,0,1,false,,true,false,false,false,false,,,,,,false,false,false,,,false,false,false,false,false,-83.07696,42.40873,"{
  ""coordinates"": [
    -8.307695405000000e+01,
    4.240872748400010e+01
  ],
  ""type"": ""Point""
}","{
  ""coordinates"": [
    -83.07695405,
    42.408727484
  ],
  ""type"": ""Point""
}",-83.07695405,42.4087274840001
20961,9165572,I-94,GRATIOT,2015-01-23,23,1,2015,15,6,97,1,,1,0,,1,1,1,55,3,2,2,5,0,0,0,0,true,,false,false,false,false,false,,,,,,false,false,true,,,false,false,false,false,false,-83.00438,42.39191,"{
  ""coordinates"": [
    -8.300437552200000e+01,
    4.239190518800010e+01
  ],
  ""type"": ""Point""
}","{
  ""coordinates"": [
    -83.004375522,
    42.391905188
  ],
  ""type"": ""Point""
}",-83.004375522,42.3919051880001
20962,9187529,N I 75,RAMP 032A,2015-01-23,23,1,2015,19,6,1,1,,1,1,,1,1,4,65,4,1,1,5,0,0,0,0,true,,false,false,false,false,false,,,,,,false,false,false,,,false,false,false,false,false,-83.10735,42.30605,"{
  ""coordinates"": [
    -8.310735256399990e+01,
    4.230605167200010e+01
  ],
  ""type"": ""Point""
}","{
  ""coordinates"": [
    -83.107352564,
    42.306051672
  ],
  ""type"": ""Point""
}",-83.1073525639999,42.3060516720001
20963,9194265,WASHINGTON,LARNED,2015-01-23,23,1,2015,12,6,8,9,,4,0,,1,1,1,25,3,2,4,5,0,0,0,0,true,,false,false,false,false,false,,,,,,false,false,false,,,false,false,false,false,false,-83.04868,42.32809,"{
  ""coordinates"": [
    -8.304868226100000e+01,
    4.232809406800000e+01
  ],
  ""type"": ""Point""
}","{
  ""coordinates"": [
    -83.048682261,
    42.328094068
  ],
  ""type"": ""Point""
}",-83.048682261,42.328094068
20964,9191683,FARMER,BATES,2015-01-23,23,1,2015,13,6,4,9,,4,0,,1,1,1,30,8,2,1,5,0,0,0,0,true,,false,false,false,false,false,,,,,,false,false,false,,,false,false,false,false,false,-83.04477,42.3326,"{
  ""coordinates"": [
    -8.304477215100000e+01,
    4.233260223300000e+01
  ],
  ""type"": ""Point""
}","{
  ""coordinates"": [
    -83.044772151,
    42.332602233
  ],
  ""type"": ""Point""
}",-83.044772151,42.332602233
20965,9165713,MCNICHOLS,GLASTONBURY,2015-01-23,23,1,2015,18,6,5,9,,2,0,,1,1,4,35,4,2,1,4,0,0,0,1,false,,false,false,true,false,false,,,,,,false,false,false,,,false,false,false,false,false,-83.2228,42.41547,"{
  ""coordinates"": [
    -8.322279899700000e+01,
    4.241547182000010e+01
  ],
  ""type"": ""Point""
}","{
  ""coordinates"": [
    -83.222798997,
    42.41547182
  ],
  ""type"": ""Point""
}",-83.222798997,42.4154718200001
20966,9171809,M-10,PURITAN,2015-01-23,23,1,2015,0,6,8,3,,1,0,,1,1,5,55,3,2,1,2,0,1,0,0,false,,false,false,true,false,false,,,,,,false,false,false,,,false,false,false,false,false,-83.16388,42.40842,"{
  ""coordinates"": [
    -8.316388068500000e+01,
    4.240841657800010e+01
  ],
  ""type"": ""Point""
}","{
  ""coordinates"": [
    -83.163880685,
    42.408416578
  ],
  ""type"": ""Point""
}",-83.163880685,42.4084165780001
20967,9166714,GRANDVILLE,SEVEN MILE,2015-01-23,23,1,2015,19,6,8,9,,,0,,6,1,4,25,2,2,3,5,0,0,0,0,true,,false,false,false,false,false,,,,,,false,false,true,,,false,false,false,false,false,-83.23214,42.42996,"{
  ""coordinates"": [
    -8.323213683599990e+01,
    4.242995818400000e+01
  ],
  ""type"": ""Point""
}","{
  ""coordinates"": [
    -83.232136836,
    42.429958184
  ],
  ""type"": ""Point""
}",-83.2321368359999,42.429958184
20968,9165562,I-96,MARTIN LUTHER KING,2015-01-23,23,1,2015,7,6,5,1,,1,0,,1,2,1,55,4,5,5,5,0,0,0,0,true,,false,false,false,false,false,,,,,,false,false,true,,,false,false,false,false,false,-83.0916,42.33746,"{
  ""coordinates"": [
    -8.309159907999999e+01,
    4.233745752800010e+01
  ],
  ""type"": ""Point""
}","{
  ""coordinates"": [
    -83.09159908,
    42.337457528
  ],
  ""type"": ""Point""
}",-83.09159908,42.3374575280001
20969,9171757,I-94,M-10,2015-01-23,23,1,2015,19,6,8,1,,1,0,,1,1,4,55,3,2,4,5,0,0,0,0,true,,false,false,false,false,false,,,,,,false,false,true,,,false,false,false,false,false,-83.07324,42.36131,"{
  ""coordinates"": [
    -8.307324132299991e+01,
    4.236130939200010e+01
  ],
  ""type"": ""Point""
}","{
  ""coordinates"": [
    -83.073241323,
    42.361309392
  ],
  ""type"": ""Point""
}",-83.0732413229999,42.3613093920001
20970,9165602,I-75,NEVADA,2015-01-23,23,1,2015,21,6,1,1,,1,1,,1,1,4,70,4,1,1,5,0,0,0,0,true,,false,false,false,false,false,,,,,,false,false,true,,,false,false,false,false,false,-83.09382,42.4254,"{
  ""coordinates"": [
    -8.309381719200000e+01,
    4.242540271800000e+01
  ],
  ""type"": ""Point""
}","{
  ""coordinates"": [
    -83.093817192,
    42.425402718
  ],
  ""type"": ""Point""
}",-83.093817192,42.425402718
20971,9165719,GRAND RIVER,LINDSAY,2015-01-23,23,1,2015,9,6,97,3,,1,0,,1,2,1,35,3,2,0,5,0,0,0,0,true,,false,false,true,false,false,,,,,,false,false,false,,,false,false,false,false,false,-83.21275,42.39847,"{
  ""coordinates"": [
    -8.321275623199990e+01,
    4.239846864500000e+01
  ],
  ""type"": ""Point""
}","{
  ""coordinates"": [
    -83.212756232,
    42.398468645
  ],
  ""type"": ""Point""
}",-83.2127562319999,42.398468645
20972,9165605,E/B I 96,TIREMAN,2015-01-23,23,1,2015,22,6,1,1,,1,1,,1,1,4,70,4,1,2,3,0,0,1,1,false,,false,false,false,false,false,,,,,,false,false,false,,,false,false,false,false,false,-83.11508,42.35794,"{
  ""coordinates"": [
    -8.311508292300000e+01,
    4.235794043200010e+01
  ],
  ""type"": ""Point""
}","{
  ""coordinates"": [
    -83.115082923,
    42.357940432
  ],
  ""type"": ""Point""
}",-83.115082923,42.3579404320001
20973,9167662,LINWOOD,DAVISON,2015-01-23,23,1,2015,17,6,9,3,,4,2,,97,98,98,35,3,2,1,5,0,0,0,0,true,,false,false,false,false,false,,,,,,false,false,false,,,false,false,false,false,false,-83.12204,42.39304,"{
  ""coordinates"": [
    -8.312203937200000e+01,
    4.239304321400000e+01
  ],
  ""type"": ""Point""
}","{
  ""coordinates"": [
    -83.122039372,
    42.393043214
  ],
  ""type"": ""Point""
}",-83.122039372,42.393043214
20974,9165700,TEMPLE,BROOKLYN,2015-01-23,23,1,2015,17,6,4,9,,4,0,,1,1,1,25,2,2,2,5,0,0,0,0,true,,false,false,false,false,false,,,,,,false,true,false,,,false,false,false,false,false,-83.06808,42.33871,"{
  ""coordinates"": [
    -8.306807839000000e+01,
    4.233871287000010e+01
  ],
  ""type"": ""Point""
}","{
  ""coordinates"": [
    -83.06807839,
    42.33871287
  ],
  ""type"": ""Point""
}",-83.06807839,42.3387128700001
20975,9190164,8 MILE,DEQUINDRE,2015-01-23,23,1,2015,11,6,8,3,,1,0,,1,1,4,50,4,2,6,5,0,0,0,0,true,,false,false,true,false,false,,,,,,false,false,false,,,false,false,false,false,false,-83.08332,42.44702,"{
  ""coordinates"": [
    -8.308331911300000e+01,
    4.244701928000010e+01
  ],
  ""type"": ""Point""
}","{
  ""coordinates"": [
    -83.083319113,
    42.44701928
  ],
  ""type"": ""Point""
}",-83.083319113,42.4470192800001
20976,9166729,RYAN,DAVISON,2015-01-23,23,1,2015,16,6,97,9,,4,0,,1,1,1,0,2,2,2,4,0,0,0,1,false,,false,false,false,false,false,,,,,,false,false,false,,,false,false,false,false,false,-83.06058,42.41586,"{
  ""coordinates"": [
    -8.306057957099991e+01,
    4.241586098600000e+01
  ],
  ""type"": ""Point""
}","{
  ""coordinates"": [
    -83.060579571,
    42.415860986
  ],
  ""type"": ""Point""
}",-83.0605795709999,42.415860986
20977,9165728,MIDLAND,OAKFIELD,2015-01-23,23,1,2015,14,6,8,9,,,0,,3,1,1,25,2,2,0,5,0,0,0,0,true,,false,false,true,false,false,,,,,,false,false,false,,,false,false,false,false,false,-83.21445,42.4048,"{
  ""coordinates"": [
    -8.321444593500000e+01,
    4.240480065500000e+01
  ],
  ""type"": ""Point""
}","{
  ""coordinates"": [
    -83.214445935,
    42.404800655
  ],
  ""type"": ""Point""
}",-83.214445935,42.404800655
20978,9169500,OUTER,DOLPHIN,2015-01-23,23,1,2015,22,6,4,9,,2,0,,1,1,5,35,4,2,3,4,0,0,0,2,false,,false,false,false,false,false,,,,,,false,false,false,,,false,false,false,false,false,-83.26113,42.38267,"{
  ""coordinates"": [
    -8.326113234099989e+01,
    4.238267244000010e+01
  ],
  ""type"": ""Point""
}","{
  ""coordinates"": [
    -83.261132341,
    42.38267244
  ],
  ""type"": ""Point""
}",-83.2611323409999,42.3826724400001
20979,9185162,JOY,GREENFIELD,2015-01-22,22,1,2015,14,5,4,9,,2,0,,1,1,1,30,3,2,2,5,0,0,0,0,true,,false,false,false,false,false,,,,,,false,true,false,,,false,false,false,false,false,-83.19703,42.35813,"{
  ""coordinates"": [
    -8.319702760300000e+01,
    4.235812673600000e+01
  ],
  ""type"": ""Point""
}","{
  ""coordinates"": [
    -83.197027603,
    42.358126736
  ],
  ""type"": ""Point""
}",-83.197027603,42.358126736
20980,9166726,S I 75 SERVICE DRIVE,RAMP 048C,2015-01-22,22,1,2015,11,5,8,1,,4,0,,4,1,1,35,2,2,2,5,0,0,0,0,true,,false,false,true,false,false,,,,,,false,false,false,,,false,false,false,false,false,-83.0891,42.41888,"{
  ""coordinates"": [
    -8.308910613700000e+01,
    4.241887640900010e+01
  ],
  ""type"": ""Point""
}","{
  ""coordinates"": [
    -83.089106137,
    42.418876409
  ],
  ""type"": ""Point""
}",-83.089106137,42.4188764090001
20981,9179901,7 MILE,BURT,2015-01-22,22,1,2015,13,5,5,9,,2,0,,2,2,1,35,4,3,2,5,0,0,0,0,true,,false,false,false,false,false,,,,,,false,true,false,,,false,false,false,false,false,-83.24862,42.42933,"{
  ""coordinates"": [
    -8.324861544200000e+01,
    4.242933343700000e+01
  ],
  ""type"": ""Point""
}","{
  ""coordinates"": [
    -83.248615442,
    42.429333437
  ],
  ""type"": ""Point""
}",-83.248615442,42.429333437
20982,9166717,LAING,MORANG,2015-01-22,22,1,2015,1,5,97,9,,,3,,4,5,4,25,1,2,1,5,0,0,0,0,true,,false,false,false,false,false,,,,,,false,false,false,,,false,false,false,false,false,-82.95448,42.42561,"{
  ""coordinates"": [
    -8.295448263799990e+01,
    4.242561529300010e+01
  ],
  ""type"": ""Point""
}","{
  ""coordinates"": [
    -82.954482638,
    42.425615293
  ],
  ""type"": ""Point""
}",-82.9544826379999,42.4256152930001
20983,9167650,HAYES,ROSSINI,2015-01-22,22,1,2015,13,5,8,9,,4,0,,2,2,1,30,3,2,2,5,0,0,0,0,true,,false,false,false,false,false,,,,,,false,false,true,,,false,false,false,false,false,-82.96579,42.44359,"{
  ""coordinates"": [
    -8.296578749299989e+01,
    4.244359392400000e+01
  ],
  ""type"": ""Point""
}","{
  ""coordinates"": [
    -82.965787493,
    42.443593924
  ],
  ""type"": ""Point""
}",-82.9657874929999,42.443593924
20984,9164234,MALBOROUGH,WAVENEY,2015-01-22,22,1,2015,14,5,8,9,,,0,,3,5,1,25,2,2,1,5,0,0,0,0,true,,false,false,true,false,false,,,,,,false,false,false,,,false,false,false,false,false,-82.95449,42.39068,"{
  ""coordinates"": [
    -8.295449363099991e+01,
    4.239068128400000e+01
  ],
  ""type"": ""Point""
}","{
  ""coordinates"": [
    -82.954493631,
    42.390681284
  ],
  ""type"": ""Point""
}",-82.9544936309999,42.390681284