ObjectId,Crash ID,Primary Road,Intersecting Road,Crash Date,Day,Month,Year,Hour,Weekday,Crash Type Code,Highway Classification Code,Community Code,Jurisdiction Code,Lane Departure Type Code,Surface Type,Road Condition,Weather Condition,Lighting Condition,Speed Limit,Lanes,Units,Occupants,Most Severe Injury,Fatal Injuries,Suspected Serious Injuries,Suspected Minor Injuries,Possible Injuries,Property Damage Only,Secondary Crash,Traffic Control,Red Light Run,Hit and Run,Alcohol,Drugs,Unbelted Person,Work Zone,Speeding Driver,Distracted Driver,Driveway,Pedestrian,Elderly Driver,Young Driver,Commercial Vehicle,Emergency Vehicles,Train,School Bus,Motorcycle,Bicycle,Deer,Longitude,Latitude,geom,geog,x,y
21042,9205359,ALGONQUIN,JEFFERSON,2015-01-21,21,1,2015,17,4,97,9,,,0,,4,5,1,25,2,2,1,5,0,0,0,0,true,,false,false,true,false,false,,,,,,false,false,false,,,false,false,false,false,false,-82.95651,42.37027,"{
  ""coordinates"": [
    -8.295651234899999e+01,
    4.237026455600010e+01
  ],
  ""type"": ""Point""
}","{
  ""coordinates"": [
    -82.956512349,
    42.370264556
  ],
  ""type"": ""Point""
}",-82.956512349,42.3702645560001
21043,9163124,7 MILE,WILDEMERE,2015-01-21,21,1,2015,20,4,1,9,,2,0,,4,1,5,30,4,1,1,5,0,0,0,0,true,,false,false,false,false,false,,,,,,false,false,false,,,false,false,false,false,false,-83.13354,42.43172,"{
  ""coordinates"": [
    -8.313353977700000e+01,
    4.243171905200010e+01
  ],
  ""type"": ""Point""
}","{
  ""coordinates"": [
    -83.133539777,
    42.431719052
  ],
  ""type"": ""Point""
}",-83.133539777,42.4317190520001
21044,9164095,M-39,7 MILE,2015-01-21,21,1,2015,12,4,1,3,,1,1,,4,5,1,55,3,1,1,4,0,0,0,1,false,,false,false,false,false,false,,,,,,false,false,true,,,false,false,false,false,false,-83.21945,42.43139,"{
  ""coordinates"": [
    -8.321945221999989e+01,
    4.243139016000000e+01
  ],
  ""type"": ""Point""
}","{
  ""coordinates"": [
    -83.21945222,
    42.43139016
  ],
  ""type"": ""Point""
}",-83.2194522199999,42.43139016
21045,9162019,CHALMERS,TROESTER,2015-01-21,21,1,2015,3,4,4,9,,4,0,,1,2,4,30,2,2,2,4,0,0,0,1,false,,false,false,false,false,false,,,,,,false,false,true,,,false,false,false,false,false,-82.97504,42.42626,"{
  ""coordinates"": [
    -8.297504019099991e+01,
    4.242625768500010e+01
  ],
  ""type"": ""Point""
}","{
  ""coordinates"": [
    -82.975040191,
    42.426257685
  ],
  ""type"": ""Point""
}",-82.9750401909999,42.4262576850001
21046,9174882,I 75,CANIFF,2015-01-21,21,1,2015,13,4,1,9,,4,1,,4,5,1,70,4,1,1,5,0,0,0,0,true,,false,false,false,false,false,,,,,,false,false,false,,,false,false,false,false,false,-83.06943,42.39291,"{
  ""coordinates"": [
    -8.306942707800000e+01,
    4.239290881800010e+01
  ],
  ""type"": ""Point""
}","{
  ""coordinates"": [
    -83.069427078,
    42.392908818
  ],
  ""type"": ""Point""
}",-83.069427078,42.3929088180001
21047,9168449,WB I-94,WARREN,2015-01-21,21,1,2015,9,4,5,1,,1,0,,2,5,1,55,3,2,2,5,0,0,0,0,true,,false,false,false,false,false,,,,,,false,false,true,,,false,false,false,false,false,-83.1121,42.34573,"{
  ""coordinates"": [
    -8.311209756100000e+01,
    4.234573497300000e+01
  ],
  ""type"": ""Point""
}","{
  ""coordinates"": [
    -83.112097561,
    42.345734973
  ],
  ""type"": ""Point""
}",-83.112097561,42.345734973
21048,9165722,WHITCOMB,JOY,2015-01-21,21,1,2015,17,4,97,9,,,0,,3,2,2,25,2,2,0,5,0,0,0,0,true,,false,false,true,false,false,,,,,,false,false,false,,,false,false,false,false,false,-83.19462,42.35405,"{
  ""coordinates"": [
    -8.319461664499990e+01,
    4.235405485100010e+01
  ],
  ""type"": ""Point""
}","{
  ""coordinates"": [
    -83.194616645,
    42.354054851
  ],
  ""type"": ""Point""
}",-83.1946166449999,42.3540548510001
21049,9164237,GRATIOT,BURNS,2015-01-21,21,1,2015,19,4,1,3,,1,0,,2,5,4,35,6,1,1,5,0,0,0,0,true,,false,false,false,false,false,,,,,,false,false,false,,,false,false,false,false,false,-83.01107,42.38428,"{
  ""coordinates"": [
    -8.301106689100000e+01,
    4.238428683100010e+01
  ],
  ""type"": ""Point""
}","{
  ""coordinates"": [
    -83.011066891,
    42.384286831
  ],
  ""type"": ""Point""
}",-83.011066891,42.3842868310001
21050,9191691,GRATIOT,N I 75/GRATIOT,2015-01-21,21,1,2015,16,4,8,3,,1,0,,4,5,3,0,6,2,9,5,0,0,0,0,true,,false,false,false,false,false,,,,,,false,false,true,,,false,false,false,false,false,-83.03692,42.34589,"{
  ""coordinates"": [
    -8.303691917700000e+01,
    4.234589252100010e+01
  ],
  ""type"": ""Point""
}","{
  ""coordinates"": [
    -83.036919177,
    42.345892521
  ],
  ""type"": ""Point""
}",-83.036919177,42.3458925210001
21051,9166740,7 MILE,OMIRA,2015-01-21,21,1,2015,15,4,6,9,,4,0,,4,5,1,30,2,3,6,5,0,0,0,0,true,,false,false,true,false,false,,,,,,false,true,true,,,false,false,false,false,false,-83.09599,42.43243,"{
  ""coordinates"": [
    -8.309599632100000e+01,
    4.243243100300000e+01
  ],
  ""type"": ""Point""
}","{
  ""coordinates"": [
    -83.095996321,
    42.432431003
  ],
  ""type"": ""Point""
}",-83.095996321,42.432431003
21052,9163114,DAVISON CROSSOVER,EWALD,2015-01-21,21,1,2015,9,4,5,3,,1,0,,3,5,1,35,3,2,3,5,0,0,0,0,true,,false,false,false,false,false,,,,,,false,false,true,,,false,false,false,false,false,-83.14527,42.38625,"{
  ""coordinates"": [
    -8.314527241000000e+01,
    4.238625502000010e+01
  ],
  ""type"": ""Point""
}","{
  ""coordinates"": [
    -83.14527241,
    42.38625502
  ],
  ""type"": ""Point""
}",-83.14527241,42.3862550200001
21053,9166570,I-75,CLAY,2015-01-21,21,1,2015,11,4,8,1,,1,0,,2,5,1,70,4,3,4,5,0,0,0,0,true,,false,false,true,false,false,,,,,,false,true,false,,,false,false,false,false,false,-83.06369,42.37951,"{
  ""coordinates"": [
    -8.306369165400000e+01,
    4.237951265500000e+01
  ],
  ""type"": ""Point""
}","{
  ""coordinates"": [
    -83.063691654,
    42.379512655
  ],
  ""type"": ""Point""
}",-83.063691654,42.379512655
21054,9164096,S I 75,RAMP 035E,2015-01-21,21,1,2015,15,4,97,1,,1,0,,4,5,1,55,5,2,2,5,0,0,0,0,true,,false,false,false,false,false,,,,,,false,false,true,,,false,false,false,false,false,-83.08278,42.31869,"{
  ""coordinates"": [
    -8.308278213800000e+01,
    4.231869160100010e+01
  ],
  ""type"": ""Point""
}","{
  ""coordinates"": [
    -83.082782138,
    42.318691601
  ],
  ""type"": ""Point""
}",-83.082782138,42.3186916010001
21055,9163120,7 MILE,CHERRYLAWN,2015-01-21,21,1,2015,9,4,5,9,,2,0,,4,5,1,30,4,2,2,5,0,0,0,0,true,,false,false,false,false,false,,,,,,false,false,true,,,false,false,false,false,false,-83.15548,42.43139,"{
  ""coordinates"": [
    -8.315547992400001e+01,
    4.243139124500000e+01
  ],
  ""type"": ""Point""
}","{
  ""coordinates"": [
    -83.155479924,
    42.431391245
  ],
  ""type"": ""Point""
}",-83.155479924,42.431391245
21056,9171794,I94,MOROSS,2015-01-21,21,1,2015,21,4,5,1,,1,0,,2,5,4,55,3,2,2,5,0,0,0,0,true,,false,false,true,false,false,,,,,,false,false,false,,,false,false,false,false,false,-82.9312,42.42126,"{
  ""coordinates"": [
    -8.293119869299990e+01,
    4.242125801200010e+01
  ],
  ""type"": ""Point""
}","{
  ""coordinates"": [
    -82.931198693,
    42.421258012
  ],
  ""type"": ""Point""
}",-82.9311986929999,42.4212580120001
21057,9214903,HUBBELL,OUTER,2015-01-21,21,1,2015,12,4,9,9,,4,2,,4,5,1,25,3,2,3,5,0,0,0,0,true,,false,false,false,false,false,,,,,,false,false,false,,,false,false,false,false,false,-83.18965,42.42027,"{
  ""coordinates"": [
    -8.318964864700000e+01,
    4.242027208700010e+01
  ],
  ""type"": ""Point""
}","{
  ""coordinates"": [
    -83.189648647,
    42.420272087
  ],
  ""type"": ""Point""
}",-83.189648647,42.4202720870001
21058,9163105,KERCHEVAL,DICKERSON,2015-01-21,21,1,2015,10,4,1,9,,4,0,,4,5,1,30,3,1,2,5,0,0,0,0,true,,false,false,false,false,false,,,,,,false,false,false,,,false,false,false,false,false,-82.95613,42.37564,"{
  ""coordinates"": [
    -8.295613476599991e+01,
    4.237564238600000e+01
  ],
  ""type"": ""Point""
}","{
  ""coordinates"": [
    -82.956134766,
    42.375642386
  ],
  ""type"": ""Point""
}",-82.9561347659999,42.375642386
21059,9242017,TIREMAN,S M 39 SERVICE DRIVE,2015-01-21,21,1,2015,5,4,9,9,,4,0,,1,1,4,35,5,2,2,3,0,0,4,0,false,,false,false,false,false,false,,,,,,false,false,false,,,false,false,false,false,false,-83.21681,42.35061,"{
  ""coordinates"": [
    -8.321681074799990e+01,
    4.235060935200000e+01
  ],
  ""type"": ""Point""
}","{
  ""coordinates"": [
    -83.216810748,
    42.350609352
  ],
  ""type"": ""Point""
}",-83.2168107479999,42.350609352
21060,9163104,MARTIN LUTHER KING JR,GRAND RIVER,2015-01-21,21,1,2015,7,4,1,3,,4,1,,1,3,2,15,1,1,1,5,0,0,0,0,true,,false,false,false,false,false,,,,,,false,false,false,,,false,false,false,false,false,-83.07232,42.34203,"{
  ""coordinates"": [
    -8.307231569899990e+01,
    4.234202550300010e+01
  ],
  ""type"": ""Point""
}","{
  ""coordinates"": [
    -83.072315699,
    42.342025503
  ],
  ""type"": ""Point""
}",-83.0723156989999,42.3420255030001
21061,9164236,CHENE,HARPER,2015-01-21,21,1,2015,19,4,6,9,,4,0,,4,5,4,30,5,2,2,4,0,0,0,1,false,,false,false,false,false,false,,,,,,false,false,false,,,false,false,false,false,false,-83.04629,42.37403,"{
  ""coordinates"": [
    -8.304628986300000e+01,
    4.237402700100010e+01
  ],
  ""type"": ""Point""
}","{
  ""coordinates"": [
    -83.046289863,
    42.374027001
  ],
  ""type"": ""Point""
}",-83.046289863,42.3740270010001
21062,9171813,RAMP 224A,E I 94 SERVICE DRIVE,2015-01-21,21,1,2015,20,4,1,1,,1,1,,2,2,4,70,1,1,3,4,0,0,0,1,false,,false,false,false,false,false,,,,,,false,false,false,,,false,false,false,false,false,-82.9288,42.42371,"{
  ""coordinates"": [
    -8.292880615099990e+01,
    4.242371551200010e+01
  ],
  ""type"": ""Point""
}","{
  ""coordinates"": [
    -82.928806151,
    42.423715512
  ],
  ""type"": ""Point""
}",-82.9288061509999,42.4237155120001
21063,9165701,ILENE,KENDALL,2015-01-21,21,1,2015,9,4,4,9,,,0,,3,5,1,25,3,2,2,5,0,0,0,0,true,,false,false,false,false,false,,,,,,false,false,false,,,false,false,false,false,false,-83.1616,42.39024,"{
  ""coordinates"": [
    -8.316159952500000e+01,
    4.239023972600010e+01
  ],
  ""type"": ""Point""
}","{
  ""coordinates"": [
    -83.161599525,
    42.390239726
  ],
  ""type"": ""Point""
}",-83.161599525,42.3902397260001
21064,9166551,N M 10,PURITAN,2015-01-21,21,1,2015,9,4,1,3,,1,1,,4,5,1,55,3,1,1,4,0,0,0,1,false,,false,false,false,false,false,,,,,,false,false,false,,,false,false,false,false,false,-83.16493,42.40957,"{
  ""coordinates"": [
    -8.316492897599990e+01,
    4.240957031900010e+01
  ],
  ""type"": ""Point""
}","{
  ""coordinates"": [
    -83.164928976,
    42.409570319
  ],
  ""type"": ""Point""
}",-83.1649289759999,42.4095703190001
21065,9188595,PORTLANCE,ALGONAC,2015-01-21,21,1,2015,20,4,2,9,,,0,,6,1,4,25,2,2,2,4,0,0,0,1,false,,false,false,true,false,false,,,,,,false,false,false,,,false,false,false,false,false,-83.00903,42.41812,"{
  ""coordinates"": [
    -8.300902896699991e+01,
    4.241812259300010e+01
  ],
  ""type"": ""Point""
}","{
  ""coordinates"": [
    -83.009028967,
    42.418122593
  ],
  ""type"": ""Point""
}",-83.0090289669999,42.4181225930001
21066,9166745,MOUND,OUTER,2015-01-21,21,1,2015,16,4,5,9,,2,0,,4,5,1,35,2,2,3,5,0,0,0,0,true,,false,false,false,false,false,,,,,,false,false,false,,,false,false,false,false,false,-83.04405,42.44093,"{
  ""coordinates"": [
    -8.304405235500001e+01,
    4.244093091700010e+01
  ],
  ""type"": ""Point""
}","{
  ""coordinates"": [
    -83.044052355,
    42.440930917
  ],
  ""type"": ""Point""
}",-83.044052355,42.4409309170001
21067,9163119,LAUDER,CAMBRIDGE,2015-01-21,21,1,2015,19,4,4,9,,,0,,4,5,4,25,2,2,1,5,0,0,0,0,true,,false,false,true,false,false,,,,,,false,false,false,,,false,false,false,false,false,-83.19245,42.43245,"{
  ""coordinates"": [
    -8.319245277200000e+01,
    4.243245430600010e+01
  ],
  ""type"": ""Point""
}","{
  ""coordinates"": [
    -83.192452772,
    42.432454306
  ],
  ""type"": ""Point""
}",-83.192452772,42.4324543060001
21068,9165716,PLAINVIEW,ELMIRA,2015-01-21,21,1,2015,15,4,9,9,,,2,,4,5,1,25,2,2,2,5,0,0,0,0,true,,false,false,false,false,false,,,,,,false,false,false,,,false,false,false,false,false,-83.23495,42.3695,"{
  ""coordinates"": [
    -8.323495580900000e+01,
    4.236950402000010e+01
  ],
  ""type"": ""Point""
}","{
  ""coordinates"": [
    -83.234955809,
    42.36950402
  ],
  ""type"": ""Point""
}",-83.234955809,42.3695040200001
21069,9163077,I75,LIVERNOIS,2015-01-21,21,1,2015,12,4,1,1,,1,1,,4,5,1,55,4,1,1,5,0,0,0,0,true,,false,false,false,false,false,,,,,,false,false,true,,,false,false,false,false,false,-83.1066,42.30637,"{
  ""coordinates"": [
    -8.310659659299991e+01,
    4.230636507700010e+01
  ],
  ""type"": ""Point""
}","{
  ""coordinates"": [
    -83.106596593,
    42.306365077
  ],
  ""type"": ""Point""
}",-83.1065965929999,42.3063650770001
21070,9166573,I-75,HOLBROOK,2015-01-21,21,1,2015,13,4,1,1,,1,1,,2,5,1,70,4,1,1,5,0,0,0,0,true,,false,false,false,false,false,,,,,,false,false,false,,,false,false,false,false,false,-83.06892,42.3878,"{
  ""coordinates"": [
    -8.306892700200000e+01,
    4.238780158500000e+01
  ],
  ""type"": ""Point""
}","{
  ""coordinates"": [
    -83.068927002,
    42.387801585
  ],
  ""type"": ""Point""
}",-83.068927002,42.387801585
21071,9171836,I-75,8 MILE,2015-01-21,21,1,2015,22,4,1,1,,1,1,,6,4,4,70,3,1,1,4,0,0,0,1,false,,false,false,false,false,false,,,,,,false,false,false,,,false,false,false,false,false,-83.09491,42.44318,"{
  ""coordinates"": [
    -8.309491297300001e+01,
    4.244317832600010e+01
  ],
  ""type"": ""Point""
}","{
  ""coordinates"": [
    -83.094912973,
    42.443178326
  ],
  ""type"": ""Point""
}",-83.094912973,42.4431783260001
21072,9418913,MCNICHOLS,MARLOWE,2015-01-21,21,1,2015,12,4,8,9,,2,0,,6,5,1,35,5,2,3,5,0,0,0,0,true,,false,false,true,false,false,,,,,,false,false,false,,,false,false,false,false,false,-83.19074,42.4164,"{
  ""coordinates"": [
    -8.319074110199990e+01,
    4.241640343900010e+01
  ],
  ""type"": ""Point""
}","{
  ""coordinates"": [
    -83.190741102,
    42.416403439
  ],
  ""type"": ""Point""
}",-83.1907411019999,42.4164034390001
21073,9167694,WARREN,TRUMBULL,2015-01-21,21,1,2015,22,4,5,9,,4,0,,6,2,4,30,4,2,3,5,0,0,0,0,true,,false,false,false,false,false,,,,,,false,false,false,,,false,false,false,false,false,-83.07869,42.35211,"{
  ""coordinates"": [
    -8.307869233100000e+01,
    4.235211302200000e+01
  ],
  ""type"": ""Point""
}","{
  ""coordinates"": [
    -83.078692331,
    42.352113022
  ],
  ""type"": ""Point""
}",-83.078692331,42.352113022
21074,9172939,MCNICHOLS,CONNER,2015-01-21,21,1,2015,14,4,5,9,,4,0,,6,5,1,30,5,2,2,5,0,0,0,0,true,,false,false,false,false,false,,,,,,false,false,true,,,false,false,false,false,false,-83.01369,42.41968,"{
  ""coordinates"": [
    -8.301368874799989e+01,
    4.241968044900010e+01
  ],
  ""type"": ""Point""
}","{
  ""coordinates"": [
    -83.013688748,
    42.419680449
  ],
  ""type"": ""Point""
}",-83.0136887479999,42.4196804490001
21075,9163083,RAMP 122N,N M 10,2015-01-21,21,1,2015,11,4,1,3,,1,1,,4,5,1,70,1,1,1,5,0,0,0,0,true,,false,false,false,false,false,,,,,,false,false,true,,,false,false,false,false,false,-83.06248,42.33271,"{
  ""coordinates"": [
    -8.306248077299990e+01,
    4.233270639500010e+01
  ],
  ""type"": ""Point""
}","{
  ""coordinates"": [
    -83.062480773,
    42.332706395
  ],
  ""type"": ""Point""
}",-83.0624807729999,42.3327063950001
21076,9164238,MT ELLIOTT,STRONG,2015-01-21,21,1,2015,12,4,4,9,,4,0,,4,5,1,30,4,2,2,5,0,0,0,0,true,,false,false,false,false,false,,,,,,false,false,false,,,false,false,false,false,false,-83.03868,42.38546,"{
  ""coordinates"": [
    -8.303868144800001e+01,
    4.238545626200000e+01
  ],
  ""type"": ""Point""
}","{
  ""coordinates"": [
    -83.038681448,
    42.385456262
  ],
  ""type"": ""Point""
}",-83.038681448,42.385456262
21077,9164233,MACK,SAINT CLAIR,2015-01-21,21,1,2015,13,4,8,9,,4,0,,6,5,1,30,2,2,3,5,0,0,0,0,true,,false,false,false,false,false,,,,,,false,false,false,,,false,false,false,false,false,-82.98699,42.37531,"{
  ""coordinates"": [
    -8.298699159599990e+01,
    4.237531112700000e+01
  ],
  ""type"": ""Point""
}","{
  ""coordinates"": [
    -82.986991596,
    42.375311127
  ],
  ""type"": ""Point""
}",-82.9869915959999,42.375311127
21078,9186407,WARREN,ANTHONY WAYNE,2015-01-21,21,1,2015,10,4,5,9,,4,0,,4,5,1,25,4,2,2,5,0,0,0,0,true,,false,false,false,false,false,,,,,,false,false,true,,,false,false,false,false,false,-83.07109,42.35469,"{
  ""coordinates"": [
    -8.307109251400000e+01,
    4.235468674800010e+01
  ],
  ""type"": ""Point""
}","{
  ""coordinates"": [
    -83.071092514,
    42.354686748
  ],
  ""type"": ""Point""
}",-83.071092514,42.3546867480001
21079,9166550,I 94,DICKERSON,2015-01-21,21,1,2015,8,4,1,1,,1,1,,4,5,1,55,3,1,1,2,0,1,0,0,false,,false,false,false,false,false,,,,,,false,false,false,,,false,false,false,false,false,-82.97765,42.40028,"{
  ""coordinates"": [
    -8.297764655000000e+01,
    4.240028103800010e+01
  ],
  ""type"": ""Point""
}","{
  ""coordinates"": [
    -82.97764655,
    42.400281038
  ],
  ""type"": ""Point""
}",-82.97764655,42.4002810380001
21080,9179905,7 MILE,MONTROSE,2015-01-21,21,1,2015,15,4,8,9,,2,0,,3,5,1,35,2,2,2,3,0,0,1,0,false,,false,false,false,false,false,,,,,,false,false,false,,,false,false,false,false,false,-83.20204,42.43038,"{
  ""coordinates"": [
    -8.320204012900000e+01,
    4.243037888500000e+01
  ],
  ""type"": ""Point""
}","{
  ""coordinates"": [
    -83.202040129,
    42.430378885
  ],
  ""type"": ""Point""
}",-83.202040129,42.430378885
21081,9164241,GRAND,SYLVESTER,2015-01-21,21,1,2015,9,4,4,9,,4,0,,4,2,1,35,2,2,12,5,0,0,0,0,true,,false,false,false,false,false,,,,,,false,false,false,,,false,false,false,false,false,-83.01448,42.36671,"{
  ""coordinates"": [
    -8.301447841800000e+01,
    4.236671212900010e+01
  ],
  ""type"": ""Point""
}","{
  ""coordinates"": [
    -83.014478418,
    42.366712129
  ],
  ""type"": ""Point""
}",-83.014478418,42.3667121290001
21082,9180951,OUTER,EATON,2015-01-21,21,1,2015,9,4,4,9,,2,0,,4,5,1,25,3,2,2,5,0,0,0,0,true,,false,false,false,false,false,,,,,,false,false,true,,,false,false,false,false,false,-83.25677,42.39538,"{
  ""coordinates"": [
    -8.325677322999999e+01,
    4.239537625800010e+01
  ],
  ""type"": ""Point""
}","{
  ""coordinates"": [
    -83.25677323,
    42.395376258
  ],
  ""type"": ""Point""
}",-83.25677323,42.3953762580001
21083,9166735,ANDOVER,7 MILE,2015-01-21,21,1,2015,11,4,5,9,,,0,,3,5,1,25,1,2,4,4,0,0,0,3,false,,false,false,false,false,false,,,,,,false,false,true,,,false,false,false,false,false,-83.09914,42.43235,"{
  ""coordinates"": [
    -8.309913904400000e+01,
    4.243235447100010e+01
  ],
  ""type"": ""Point""
}","{
  ""coordinates"": [
    -83.099139044,
    42.432354471
  ],
  ""type"": ""Point""
}",-83.099139044,42.4323544710001
21084,9179908,TELEGRAPH,FRISBEE,2015-01-21,21,1,2015,1,4,1,2,,1,0,,1,1,4,45,4,1,0,5,0,0,0,0,true,,false,false,true,false,false,,,,,,false,false,false,,,false,false,false,false,false,-83.27833,42.43503,"{
  ""coordinates"": [
    -8.327832916900000e+01,
    4.243502743300010e+01
  ],
  ""type"": ""Point""
}","{
  ""coordinates"": [
    -83.278329169,
    42.435027433
  ],
  ""type"": ""Point""
}",-83.278329169,42.4350274330001
21085,9164104,E I 96,GRAND RIVER,2015-01-21,21,1,2015,14,4,1,1,,1,1,,6,5,1,70,4,1,1,5,0,0,0,0,true,,false,false,false,false,false,,,,,,false,false,true,,,false,false,false,false,false,-83.17616,42.38362,"{
  ""coordinates"": [
    -8.317615397199999e+01,
    4.238362220900010e+01
  ],
  ""type"": ""Point""
}","{
  ""coordinates"": [
    -83.176153972,
    42.383622209
  ],
  ""type"": ""Point""
}",-83.176153972,42.3836222090001
21086,9167660,CORTLAND,HOLMUR,2015-01-21,21,1,2015,14,4,7,9,,,0,,4,1,1,35,1,2,1,5,0,0,0,0,true,,false,false,true,false,false,,,,,,false,false,false,,,false,false,false,false,false,-83.12809,42.38303,"{
  ""coordinates"": [
    -8.312809085100000e+01,
    4.238302478700010e+01
  ],
  ""type"": ""Point""
}","{
  ""coordinates"": [
    -83.128090851,
    42.383024787
  ],
  ""type"": ""Point""
}",-83.128090851,42.3830247870001
21087,9172951,GRATIOT,7 MILE,2015-01-21,21,1,2015,11,4,5,3,,1,0,,4,5,1,35,7,2,2,5,0,0,0,0,true,,false,false,false,false,false,,,,,,false,false,true,,,false,false,false,false,false,-82.97774,42.435,"{
  ""coordinates"": [
    -8.297773858999990e+01,
    4.243499736400000e+01
  ],
  ""type"": ""Point""
}","{
  ""coordinates"": [
    -82.97773859,
    42.434997364
  ],
  ""type"": ""Point""
}",-82.9777385899999,42.434997364
21088,9163078,I75,7 MILE,2015-01-21,21,1,2015,12,4,97,1,,1,0,,6,5,1,70,4,2,3,5,0,0,0,0,true,,false,false,false,false,false,,,,,,false,false,false,,,false,false,false,false,false,-83.09461,42.43221,"{
  ""coordinates"": [
    -8.309461425200000e+01,
    4.243220802900000e+01
  ],
  ""type"": ""Point""
}","{
  ""coordinates"": [
    -83.094614252,
    42.432208029
  ],
  ""type"": ""Point""
}",-83.094614252,42.432208029
21089,9172909,DUBOIS,SCOTT,2015-01-21,21,1,2015,15,4,4,9,,,0,,4,5,1,25,2,2,2,5,0,0,0,0,true,,true,false,true,false,false,,,,,,false,false,false,,,false,false,false,false,false,-83.03584,42.35445,"{
  ""coordinates"": [
    -8.303583555199999e+01,
    4.235445455500010e+01
  ],
  ""type"": ""Point""
}","{
  ""coordinates"": [
    -83.035835552,
    42.354454555
  ],
  ""type"": ""Point""
}",-83.035835552,42.3544545550001
21090,9199225,JOY,LIVERNOIS,2015-01-21,21,1,2015,22,4,5,9,,4,0,,3,5,4,35,3,2,2,4,0,0,0,1,false,,false,false,true,false,false,,,,,,false,false,false,,,false,false,false,false,false,-83.13848,42.35937,"{
  ""coordinates"": [
    -8.313848171799999e+01,
    4.235936604100000e+01
  ],
  ""type"": ""Point""
}","{
  ""coordinates"": [
    -83.138481718,
    42.359366041
  ],
  ""type"": ""Point""
}",-83.138481718,42.359366041
21091,9164062,I-75,CANIFF,2015-01-21,21,1,2015,13,4,1,9,,4,1,,4,5,1,70,4,1,1,5,0,0,0,0,true,,false,false,false,false,false,,,,,,false,false,true,,,false,false,false,false,false,-83.06943,42.39291,"{
  ""coordinates"": [
    -8.306942707800000e+01,
    4.239290881800010e+01
  ],
  ""type"": ""Point""
}","{
  ""coordinates"": [
    -83.069427078,
    42.392908818
  ],
  ""type"": ""Point""
}",-83.069427078,42.3929088180001
21092,9164232,OUTER,HERN,2015-01-21,21,1,2015,10,4,97,9,,2,0,,6,5,1,30,3,2,0,5,0,0,0,0,true,,true,false,true,false,false,,,,,,false,false,false,,,false,false,false,false,false,-82.95972,42.40464,"{
  ""coordinates"": [
    -8.295972681099990e+01,
    4.240463973600000e+01
  ],
  ""type"": ""Point""
}","{
  ""coordinates"": [
    -82.959726811,
    42.404639736
  ],
  ""type"": ""Point""
}",-82.9597268109999,42.404639736
21093,9190172,GRATIOT,LINNHURST,2015-01-21,21,1,2015,16,4,5,3,,1,0,,6,5,1,35,7,2,2,5,0,0,0,0,true,,false,false,false,false,false,,,,,,false,false,false,,,false,false,false,false,false,-82.97983,42.43184,"{
  ""coordinates"": [
    -8.297982477100000e+01,
    4.243183341500000e+01
  ],
  ""type"": ""Point""
}","{
  ""coordinates"": [
    -82.979824771,
    42.431833415
  ],
  ""type"": ""Point""
}",-82.979824771,42.431833415
21094,9169499,AUBURN,DAVISON,2015-01-21,21,1,2015,2,4,97,9,,,0,,6,5,1,25,1,2,2,5,0,0,0,0,true,,false,false,false,false,false,,,,,,false,false,false,,,false,false,false,false,false,-83.23429,42.38374,"{
  ""coordinates"": [
    -8.323428775600000e+01,
    4.238374221400010e+01
  ],
  ""type"": ""Point""
}","{
  ""coordinates"": [
    -83.234287756,
    42.383742214
  ],
  ""type"": ""Point""
}",-83.234287756,42.3837422140001
21095,9164092,W I 96,RAMP 213M,2015-01-21,21,1,2015,8,4,1,1,,1,1,,4,5,1,55,5,1,1,5,0,0,0,0,true,,false,false,false,false,false,,,,,,false,false,false,,,false,false,false,false,false,-83.10019,42.35135,"{
  ""coordinates"": [
    -8.310019153699990e+01,
    4.235135098500010e+01
  ],
  ""type"": ""Point""
}","{
  ""coordinates"": [
    -83.100191537,
    42.351350985
  ],
  ""type"": ""Point""
}",-83.1001915369999,42.3513509850001
21096,9187531,WARREN,S M 39 SERVICE DRIVE,2015-01-21,21,1,2015,16,4,9,9,,2,0,,2,1,1,25,2,2,0,5,0,0,0,0,true,,false,false,true,false,false,,,,,,false,false,false,,,false,false,false,false,false,-83.21673,42.34336,"{
  ""coordinates"": [
    -8.321672490799990e+01,
    4.234335838300010e+01
  ],
  ""type"": ""Point""
}","{
  ""coordinates"": [
    -83.216724908,
    42.343358383
  ],
  ""type"": ""Point""
}",-83.2167249079999,42.3433583830001
21097,9164063,DAVISON,GODDARD,2015-01-21,21,1,2015,17,4,1,3,,1,1,,4,5,3,55,3,1,1,5,0,0,0,0,true,,false,false,false,false,false,,,,,,false,false,true,,,false,false,false,false,false,-83.07722,42.40918,"{
  ""coordinates"": [
    -8.307721819100000e+01,
    4.240918539700000e+01
  ],
  ""type"": ""Point""
}","{
  ""coordinates"": [
    -83.077218191,
    42.409185397
  ],
  ""type"": ""Point""
}",-83.077218191,42.409185397
21098,9180941,HEYDEN,SANTA CLARA,2015-01-21,21,1,2015,20,4,3,9,,,0,,4,5,5,25,2,2,3,5,0,0,0,0,true,,false,false,false,false,false,,,,,,false,false,false,,,false,false,false,false,false,-83.2403,42.41919,"{
  ""coordinates"": [
    -8.324030030499991e+01,
    4.241919471700000e+01
  ],
  ""type"": ""Point""
}","{
  ""coordinates"": [
    -83.240300305,
    42.419194717
  ],
  ""type"": ""Point""
}",-83.2403003049999,42.419194717