ObjectId,Crash ID,Primary Road,Intersecting Road,Crash Date,Day,Month,Year,Hour,Weekday,Crash Type Code,Highway Classification Code,Community Code,Jurisdiction Code,Lane Departure Type Code,Surface Type,Road Condition,Weather Condition,Lighting Condition,Speed Limit,Lanes,Units,Occupants,Most Severe Injury,Fatal Injuries,Suspected Serious Injuries,Suspected Minor Injuries,Possible Injuries,Property Damage Only,Secondary Crash,Traffic Control,Red Light Run,Hit and Run,Alcohol,Drugs,Unbelted Person,Work Zone,Speeding Driver,Distracted Driver,Driveway,Pedestrian,Elderly Driver,Young Driver,Commercial Vehicle,Emergency Vehicles,Train,School Bus,Motorcycle,Bicycle,Deer,Longitude,Latitude,geom,geog,x,y
21099,9166546,I 75,MCNICHOLS,2015-01-21,21,1,2015,13,4,1,1,,1,1,,4,5,1,70,4,1,1,5,0,0,0,0,true,,false,false,false,false,false,,,,,,false,false,true,,,false,false,false,false,false,-83.08668,42.41692,"{
  ""coordinates"": [
    -8.308667438899990e+01,
    4.241692031600010e+01
  ],
  ""type"": ""Point""
}","{
  ""coordinates"": [
    -83.086674389,
    42.416920316
  ],
  ""type"": ""Point""
}",-83.0866743889999,42.4169203160001
21100,9167661,SCHAEFER,6 MILE,2015-01-21,21,1,2015,19,4,5,9,,4,0,,4,1,4,35,5,2,4,5,0,0,0,0,true,,false,false,false,false,false,,,,,,false,false,false,,,false,false,false,false,false,-83.1798,42.41662,"{
  ""coordinates"": [
    -8.317979906600000e+01,
    4.241661782700000e+01
  ],
  ""type"": ""Point""
}","{
  ""coordinates"": [
    -83.179799066,
    42.416617827
  ],
  ""type"": ""Point""
}",-83.179799066,42.416617827
21101,9172940,REDMOND,7 MILE,2015-01-21,21,1,2015,15,4,2,9,,,2,,6,5,1,25,2,2,2,5,0,0,0,0,true,,false,false,true,false,false,,,,,,false,false,false,,,false,false,false,false,false,-82.95576,42.43559,"{
  ""coordinates"": [
    -8.295576754200000e+01,
    4.243559259600000e+01
  ],
  ""type"": ""Point""
}","{
  ""coordinates"": [
    -82.955767542,
    42.435592596
  ],
  ""type"": ""Point""
}",-82.955767542,42.435592596
21102,9194338,CHALMERS,SOUTHAMPTON,2015-01-21,21,1,2015,5,4,9,9,,4,0,,4,5,1,25,2,2,2,5,0,0,0,0,true,,false,false,false,false,false,,,,,,false,true,false,,,false,false,false,false,false,-82.96097,42.3988,"{
  ""coordinates"": [
    -8.296096724800000e+01,
    4.239880340000010e+01
  ],
  ""type"": ""Point""
}","{
  ""coordinates"": [
    -82.960967248,
    42.3988034
  ],
  ""type"": ""Point""
}",-82.960967248,42.3988034000001
21103,9182638,MACK,N I 75 SERVICE DRIVE,2015-01-21,21,1,2015,11,4,8,9,,4,0,,6,5,1,25,6,2,1,5,0,0,0,0,true,,false,false,true,false,false,,,,,,false,false,false,,,false,false,false,false,false,-83.04736,42.35154,"{
  ""coordinates"": [
    -8.304735796999999e+01,
    4.235154451800000e+01
  ],
  ""type"": ""Point""
}","{
  ""coordinates"": [
    -83.04735797,
    42.351544518
  ],
  ""type"": ""Point""
}",-83.04735797,42.351544518
21104,9186463,EVERGREEN,FENKELL,2015-01-21,21,1,2015,21,4,2,9,,4,2,,2,1,4,30,3,2,3,5,0,0,0,0,true,,false,false,false,false,false,,,,,,false,false,false,,,false,false,false,false,false,-83.23743,42.40094,"{
  ""coordinates"": [
    -8.323742903899991e+01,
    4.240094398800010e+01
  ],
  ""type"": ""Point""
}","{
  ""coordinates"": [
    -83.237429039,
    42.400943988
  ],
  ""type"": ""Point""
}",-83.2374290389999,42.4009439880001
21105,9164093,RAMP 214C,E I 94,2015-01-21,21,1,2015,9,4,1,1,,1,1,,4,5,1,55,1,1,1,5,0,0,0,0,true,,false,false,false,false,false,,,,,,false,false,true,,,false,false,false,false,false,-83.08572,42.35431,"{
  ""coordinates"": [
    -8.308572435000001e+01,
    4.235430762200010e+01
  ],
  ""type"": ""Point""
}","{
  ""coordinates"": [
    -83.08572435,
    42.354307622
  ],
  ""type"": ""Point""
}",-83.08572435,42.3543076220001
21106,9163117,NEVADA,MACKAY,2015-01-21,21,1,2015,21,4,5,9,,4,0,,6,5,4,25,2,2,3,3,0,0,1,0,false,,false,false,false,true,false,,,,,,false,false,false,,,false,false,false,false,false,-83.07674,42.42573,"{
  ""coordinates"": [
    -8.307673399799999e+01,
    4.242573168000010e+01
  ],
  ""type"": ""Point""
}","{
  ""coordinates"": [
    -83.076733998,
    42.42573168
  ],
  ""type"": ""Point""
}",-83.076733998,42.4257316800001
21107,9187503,JOY,BROADSTREET,2015-01-21,21,1,2015,14,4,5,9,,4,0,,3,1,1,25,2,2,1,5,0,0,0,0,true,,false,false,true,false,false,,,,,,false,false,false,,,false,false,false,false,false,-83.12586,42.36704,"{
  ""coordinates"": [
    -8.312585920500000e+01,
    4.236704219100010e+01
  ],
  ""type"": ""Point""
}","{
  ""coordinates"": [
    -83.125859205,
    42.367042191
  ],
  ""type"": ""Point""
}",-83.125859205,42.3670421910001
21108,9166727,94 SERVICE,MITCHELL,2015-01-21,21,1,2015,14,4,97,9,,4,0,,6,1,1,35,2,2,2,5,0,0,0,0,true,,false,false,false,false,false,,,,,,false,false,false,,,false,false,false,false,false,-83.04228,42.37546,"{
  ""coordinates"": [
    -8.304228312200000e+01,
    4.237545837200000e+01
  ],
  ""type"": ""Point""
}","{
  ""coordinates"": [
    -83.042283122,
    42.375458372
  ],
  ""type"": ""Point""
}",-83.042283122,42.375458372
21109,9176084,I-94,MOROSS,2015-01-21,21,1,2015,21,4,8,1,,1,0,,4,5,4,55,3,3,3,2,0,1,0,0,false,,false,false,false,false,false,,,,,,false,false,true,,,false,false,false,false,false,-82.92911,42.42391,"{
  ""coordinates"": [
    -8.292911082900000e+01,
    4.242390675700010e+01
  ],
  ""type"": ""Point""
}","{
  ""coordinates"": [
    -82.929110829,
    42.423906757
  ],
  ""type"": ""Point""
}",-82.929110829,42.4239067570001
21110,9164077,RAMP 047H,RAMP 047B,2015-01-21,21,1,2015,7,4,1,1,,1,1,,4,5,1,55,1,1,1,5,0,0,0,0,true,,false,false,false,false,false,,,,,,false,false,true,,,false,false,false,false,false,-83.07997,42.40997,"{
  ""coordinates"": [
    -8.307996845199990e+01,
    4.240996782900000e+01
  ],
  ""type"": ""Point""
}","{
  ""coordinates"": [
    -83.079968452,
    42.409967829
  ],
  ""type"": ""Point""
}",-83.0799684519999,42.409967829
21111,9164105,RAMP 213I,RAMP 213N,2015-01-21,21,1,2015,15,4,8,1,,1,0,,4,5,1,45,2,2,2,5,0,0,0,0,true,,false,false,false,false,false,,,,,,false,true,false,,,false,false,false,false,false,-83.10155,42.34986,"{
  ""coordinates"": [
    -8.310154344599989e+01,
    4.234986454900010e+01
  ],
  ""type"": ""Point""
}","{
  ""coordinates"": [
    -83.101543446,
    42.349864549
  ],
  ""type"": ""Point""
}",-83.1015434459999,42.3498645490001
21112,9187598,MCGRAW,LIVERNOIS,2015-01-21,21,1,2015,19,4,97,9,,4,0,,4,1,4,25,2,2,0,4,0,0,0,1,false,,false,false,true,false,false,,,,,,true,false,false,,,false,false,false,false,false,-83.12746,42.3408,"{
  ""coordinates"": [
    -8.312746050500000e+01,
    4.234080040000000e+01
  ],
  ""type"": ""Point""
}","{
  ""coordinates"": [
    -83.127460505,
    42.3408004
  ],
  ""type"": ""Point""
}",-83.127460505,42.3408004
21113,9163079,I75,8 MILE,2015-01-21,21,1,2015,12,4,97,1,,1,0,,6,5,1,70,4,2,10,5,0,0,0,0,true,,false,false,false,false,false,,,,,,false,false,false,,,false,false,false,false,false,-83.09492,42.44673,"{
  ""coordinates"": [
    -8.309491582299999e+01,
    4.244672808800000e+01
  ],
  ""type"": ""Point""
}","{
  ""coordinates"": [
    -83.094915823,
    42.446728088
  ],
  ""type"": ""Point""
}",-83.094915823,42.446728088
21114,9166545,I 94,WOODWARD,2015-01-21,21,1,2015,12,4,1,1,,1,1,,4,5,1,55,3,1,1,4,0,0,0,1,false,,false,false,false,false,false,,,,,,false,false,false,,,false,false,false,false,false,-83.07279,42.36155,"{
  ""coordinates"": [
    -8.307279126200000e+01,
    4.236154810300010e+01
  ],
  ""type"": ""Point""
}","{
  ""coordinates"": [
    -83.072791262,
    42.361548103
  ],
  ""type"": ""Point""
}",-83.072791262,42.3615481030001
21115,9167675,GREENFIELD,CURTIS,2015-01-21,21,1,2015,15,4,1,9,,2,1,,2,5,1,35,5,1,1,4,0,0,0,1,false,,false,false,false,false,false,,,,,,false,false,false,,,false,false,false,false,false,-83.19956,42.4226,"{
  ""coordinates"": [
    -8.319955935999999e+01,
    4.242260320900000e+01
  ],
  ""type"": ""Point""
}","{
  ""coordinates"": [
    -83.19955936,
    42.422603209
  ],
  ""type"": ""Point""
}",-83.19955936,42.422603209
21116,9168437,I-96,WARREN,2015-01-21,21,1,2015,11,4,5,1,,1,0,,4,5,1,70,4,2,3,5,0,0,0,0,true,,false,false,false,false,false,,,,,,false,false,false,,,false,false,false,false,false,-83.09712,42.34685,"{
  ""coordinates"": [
    -8.309711996199999e+01,
    4.234684566900010e+01
  ],
  ""type"": ""Point""
}","{
  ""coordinates"": [
    -83.097119962,
    42.346845669
  ],
  ""type"": ""Point""
}",-83.097119962,42.3468456690001
21117,9167681,WOODWARD,GRATIOT,2015-01-21,21,1,2015,16,4,5,9,,4,3,,4,2,1,35,2,2,2,5,0,0,0,0,true,,false,false,false,false,false,,,,,,false,false,false,,,false,false,false,false,false,-83.04765,42.33268,"{
  ""coordinates"": [
    -8.304764249800000e+01,
    4.233268299700010e+01
  ],
  ""type"": ""Point""
}","{
  ""coordinates"": [
    -83.047642498,
    42.332682997
  ],
  ""type"": ""Point""
}",-83.047642498,42.3326829970001
21118,9164243,GRATIOT,GUNSTON,2015-01-21,21,1,2015,16,4,4,3,,1,0,,6,5,1,35,7,2,2,5,0,0,0,0,true,,false,false,false,false,false,,,,,,false,true,false,,,false,false,false,false,false,-82.99514,42.4085,"{
  ""coordinates"": [
    -8.299514097799990e+01,
    4.240849550200010e+01
  ],
  ""type"": ""Point""
}","{
  ""coordinates"": [
    -82.995140978,
    42.408495502
  ],
  ""type"": ""Point""
}",-82.9951409779999,42.4084955020001
21119,9163122,LIVERNOIS,THATCHER,2015-01-21,21,1,2015,16,4,4,9,,4,0,,2,5,1,30,2,2,3,4,0,0,0,2,false,,true,false,true,false,false,,,,,,false,false,true,,,false,false,false,false,false,-83.14119,42.42252,"{
  ""coordinates"": [
    -8.314118661099999e+01,
    4.242251737500000e+01
  ],
  ""type"": ""Point""
}","{
  ""coordinates"": [
    -83.141186611,
    42.422517375
  ],
  ""type"": ""Point""
}",-83.141186611,42.422517375
21120,9165707,MCNICHOLS,GREENFIELD,2015-01-21,21,1,2015,19,4,5,9,,2,0,,4,1,4,35,3,2,2,5,0,0,0,0,true,,false,false,true,false,false,,,,,,false,false,false,,,false,false,false,false,false,-83.19931,42.41598,"{
  ""coordinates"": [
    -8.319930792400000e+01,
    4.241598184900000e+01
  ],
  ""type"": ""Point""
}","{
  ""coordinates"": [
    -83.199307924,
    42.415981849
  ],
  ""type"": ""Point""
}",-83.199307924,42.415981849
21121,9164094,W I 96,GRAND RIVER,2015-01-21,21,1,2015,11,4,97,1,,1,0,,4,5,1,55,2,2,4,4,0,0,0,2,false,,false,false,false,false,false,,,,,,false,true,false,,,false,false,false,false,false,-83.17366,42.38433,"{
  ""coordinates"": [
    -8.317366392799990e+01,
    4.238433609300010e+01
  ],
  ""type"": ""Point""
}","{
  ""coordinates"": [
    -83.173663928,
    42.384336093
  ],
  ""type"": ""Point""
}",-83.1736639279999,42.3843360930001
21122,9166572,I-75,CLARK,2015-01-21,21,1,2015,13,4,1,1,,1,1,,2,5,1,70,4,1,1,5,0,0,0,0,true,,false,false,false,false,false,,,,,,false,false,false,,,false,false,false,false,false,-83.08929,42.31411,"{
  ""coordinates"": [
    -8.308929076899990e+01,
    4.231410821000000e+01
  ],
  ""type"": ""Point""
}","{
  ""coordinates"": [
    -83.089290769,
    42.31410821
  ],
  ""type"": ""Point""
}",-83.0892907689999,42.31410821
21123,9167693,WOODWARD,FOREST,2015-01-21,21,1,2015,18,4,3,3,,1,0,,6,2,4,25,2,2,3,5,0,0,0,0,true,,false,false,false,false,false,,,,,,false,false,false,,,false,false,false,false,false,-83.06299,42.35474,"{
  ""coordinates"": [
    -8.306298565000000e+01,
    4.235474167500010e+01
  ],
  ""type"": ""Point""
}","{
  ""coordinates"": [
    -83.06298565,
    42.354741675
  ],
  ""type"": ""Point""
}",-83.06298565,42.3547416750001
21124,9172892,BEWICK,MACK,2015-01-21,21,1,2015,10,4,8,9,,,0,,4,5,1,25,1,2,1,5,0,0,0,0,true,,false,false,true,false,false,,,,,,false,false,false,,,false,false,false,false,false,-82.98893,42.37474,"{
  ""coordinates"": [
    -8.298893091699991e+01,
    4.237474627600010e+01
  ],
  ""type"": ""Point""
}","{
  ""coordinates"": [
    -82.988930917,
    42.374746276
  ],
  ""type"": ""Point""
}",-82.9889309169999,42.3747462760001
21125,9166574,I-75,CARPENTER,2015-01-21,21,1,2015,15,4,1,1,,1,1,,2,5,1,70,4,1,1,5,0,0,0,0,true,,false,false,false,false,false,,,,,,false,false,false,,,false,false,false,false,false,-83.07341,42.40421,"{
  ""coordinates"": [
    -8.307341230599999e+01,
    4.240420368100010e+01
  ],
  ""type"": ""Point""
}","{
  ""coordinates"": [
    -83.073412306,
    42.404203681
  ],
  ""type"": ""Point""
}",-83.073412306,42.4042036810001
21126,9163121,FLORENCE,LIVERNOIS,2015-01-21,21,1,2015,12,4,4,9,,,0,,4,2,1,25,1,2,2,5,0,0,0,0,true,,false,false,false,false,false,,,,,,false,false,true,,,false,false,false,false,false,-83.14072,42.41235,"{
  ""coordinates"": [
    -8.314072191100000e+01,
    4.241234582500000e+01
  ],
  ""type"": ""Point""
}","{
  ""coordinates"": [
    -83.140721911,
    42.412345825
  ],
  ""type"": ""Point""
}",-83.140721911,42.412345825
21127,9166571,I-75,CLARK,2015-01-21,21,1,2015,13,4,5,1,,1,0,,2,5,1,70,4,2,2,5,0,0,0,0,true,,false,false,false,false,false,,,,,,false,false,true,,,false,false,false,false,false,-83.09061,42.31359,"{
  ""coordinates"": [
    -8.309061043799990e+01,
    4.231359579600010e+01
  ],
  ""type"": ""Point""
}","{
  ""coordinates"": [
    -83.090610438,
    42.313595796
  ],
  ""type"": ""Point""
}",-83.0906104379999,42.3135957960001
21128,9163097,S M 10,MARTIN LUTHER KING JR,2015-01-21,21,1,2015,9,4,8,3,,1,0,,3,5,1,55,6,2,2,5,0,0,0,0,true,,false,false,false,false,false,,,,,,false,false,false,,,false,false,false,false,false,-83.06805,42.34291,"{
  ""coordinates"": [
    -8.306805154900000e+01,
    4.234291075000000e+01
  ],
  ""type"": ""Point""
}","{
  ""coordinates"": [
    -83.068051549,
    42.34291075
  ],
  ""type"": ""Point""
}",-83.068051549,42.34291075
21129,9187504,28TH,MICHIGAN,2015-01-21,21,1,2015,2,4,2,2,,,0,,4,1,1,25,2,2,0,5,0,0,0,0,true,,false,false,false,false,false,,,,,,false,false,false,,,false,false,false,false,false,-83.10452,42.33125,"{
  ""coordinates"": [
    -8.310452022299999e+01,
    4.233125088600010e+01
  ],
  ""type"": ""Point""
}","{
  ""coordinates"": [
    -83.104520223,
    42.331250886
  ],
  ""type"": ""Point""
}",-83.104520223,42.3312508860001
21130,9166734,CARPENTER,CONANT,2015-01-21,21,1,2015,8,4,5,9,,4,0,,3,5,1,25,2,2,4,5,0,0,0,0,true,,false,false,true,false,false,,,,,,false,false,false,,,false,false,false,false,false,-83.05708,42.40897,"{
  ""coordinates"": [
    -8.305707993199999e+01,
    4.240897319200010e+01
  ],
  ""type"": ""Point""
}","{
  ""coordinates"": [
    -83.057079932,
    42.408973192
  ],
  ""type"": ""Point""
}",-83.057079932,42.4089731920001
21131,9167648,FITZPATRICK,CHICAGO,2015-01-21,21,1,2015,9,4,5,9,,,0,,4,5,1,35,4,2,2,5,0,0,0,0,true,,false,false,true,false,false,,,,,,false,false,true,,,false,false,false,false,false,-83.21905,42.36509,"{
  ""coordinates"": [
    -8.321904511100000e+01,
    4.236509115800000e+01
  ],
  ""type"": ""Point""
}","{
  ""coordinates"": [
    -83.219045111,
    42.365091158
  ],
  ""type"": ""Point""
}",-83.219045111,42.365091158
21132,9163110,PREVOST,GRANDRIVER,2015-01-21,21,1,2015,10,4,8,3,,,0,,4,5,1,25,1,2,0,5,0,0,0,0,true,,false,false,true,false,false,,,,,,false,false,false,,,false,false,false,false,false,-83.20264,42.39473,"{
  ""coordinates"": [
    -8.320264108799999e+01,
    4.239472421000000e+01
  ],
  ""type"": ""Point""
}","{
  ""coordinates"": [
    -83.202641088,
    42.39472421
  ],
  ""type"": ""Point""
}",-83.202641088,42.39472421
21133,9164064,W M 8,RAMP 047I,2015-01-21,21,1,2015,9,4,1,3,,1,1,,2,5,1,55,3,1,1,5,0,0,0,0,true,,false,false,false,false,false,,,,,,false,false,true,,,false,false,false,false,false,-83.08059,42.40859,"{
  ""coordinates"": [
    -8.308058800700000e+01,
    4.240859160900000e+01
  ],
  ""type"": ""Point""
}","{
  ""coordinates"": [
    -83.080588007,
    42.408591609
  ],
  ""type"": ""Point""
}",-83.080588007,42.408591609
21134,9174868,JOSEPH CAMPAU,MCNICHOLS,2015-01-21,21,1,2015,9,4,5,9,,4,0,,3,2,1,35,2,2,2,5,0,0,0,0,true,,false,false,true,false,false,,,,,,false,false,true,,,false,false,false,false,false,-83.07259,42.41861,"{
  ""coordinates"": [
    -8.307258709599991e+01,
    4.241861061000000e+01
  ],
  ""type"": ""Point""
}","{
  ""coordinates"": [
    -83.072587096,
    42.41861061
  ],
  ""type"": ""Point""
}",-83.0725870959999,42.41861061
21135,9165706,MCNICHOLS,GREENFIELD,2015-01-21,21,1,2015,12,4,5,9,,2,0,,4,5,1,30,4,2,0,5,0,0,0,0,true,,false,false,true,false,false,,,,,,false,true,false,,,false,false,false,false,false,-83.19931,42.41598,"{
  ""coordinates"": [
    -8.319930792400000e+01,
    4.241598184900000e+01
  ],
  ""type"": ""Point""
}","{
  ""coordinates"": [
    -83.199307924,
    42.415981849
  ],
  ""type"": ""Point""
}",-83.199307924,42.415981849
21136,9172952,EDMORE,SHAKESPEARE,2015-01-21,21,1,2015,14,4,5,9,,,0,,4,5,1,25,1,2,0,5,0,0,0,0,true,,false,false,true,false,false,,,,,,false,false,false,,,false,false,false,false,false,-82.94881,42.4475,"{
  ""coordinates"": [
    -8.294881810200000e+01,
    4.244750389300000e+01
  ],
  ""type"": ""Point""
}","{
  ""coordinates"": [
    -82.948818102,
    42.447503893
  ],
  ""type"": ""Point""
}",-82.948818102,42.447503893
21137,9163107,SOUTHFIELD SERVICE DRIVE,ELMIRA,2015-01-21,21,1,2015,8,4,1,9,,4,1,,3,5,1,30,1,1,1,5,0,0,0,0,true,,false,false,false,false,false,,,,,,false,false,false,,,false,false,false,false,false,-83.21696,42.37024,"{
  ""coordinates"": [
    -8.321695776699990e+01,
    4.237023797800000e+01
  ],
  ""type"": ""Point""
}","{
  ""coordinates"": [
    -83.216957767,
    42.370237978
  ],
  ""type"": ""Point""
}",-83.2169577669999,42.370237978
21138,9162001,BRAMELL,MALTA,2015-01-20,20,1,2015,13,3,1,9,,,1,,3,1,1,25,2,1,1,5,0,0,0,0,true,,false,false,false,false,false,,,,,,false,false,true,,,false,false,false,false,false,-83.26411,42.39206,"{
  ""coordinates"": [
    -8.326410599199990e+01,
    4.239206377300010e+01
  ],
  ""type"": ""Point""
}","{
  ""coordinates"": [
    -83.264105992,
    42.392063773
  ],
  ""type"": ""Point""
}",-83.2641059919999,42.3920637730001
21139,9164246,MCNICHOLS,SNOWDEN,2015-01-20,20,1,2015,12,3,1,9,,2,1,,3,5,1,35,4,1,1,4,0,0,0,1,false,,false,false,false,false,false,,,,,,false,false,false,,,false,false,false,false,false,-83.17733,42.4166,"{
  ""coordinates"": [
    -8.317732910399999e+01,
    4.241659536400000e+01
  ],
  ""type"": ""Point""
}","{
  ""coordinates"": [
    -83.177329104,
    42.416595364
  ],
  ""type"": ""Point""
}",-83.177329104,42.416595364
21140,9191685,CHARLEVOIX,MCDOUGALL,2015-01-20,20,1,2015,7,3,5,9,,4,0,,1,1,2,25,3,2,2,5,0,0,0,0,true,,false,false,false,false,false,,,,,,false,false,false,,,false,false,false,false,false,-83.02696,42.35403,"{
  ""coordinates"": [
    -8.302696242600000e+01,
    4.235403094500000e+01
  ],
  ""type"": ""Point""
}","{
  ""coordinates"": [
    -83.026962426,
    42.354030945
  ],
  ""type"": ""Point""
}",-83.026962426,42.354030945
21141,9187569,MARTIN,PARKWOOD,2015-01-20,20,1,2015,16,3,4,9,,4,0,,2,1,1,25,2,2,1,5,0,0,0,0,true,,false,false,true,false,false,,,,,,false,true,false,,,false,false,false,false,false,-83.12631,42.32948,"{
  ""coordinates"": [
    -8.312631457499999e+01,
    4.232947693900010e+01
  ],
  ""type"": ""Point""
}","{
  ""coordinates"": [
    -83.126314575,
    42.329476939
  ],
  ""type"": ""Point""
}",-83.126314575,42.3294769390001
21142,9161987,TIREMAN,BURNETTE,2015-01-20,20,1,2015,13,3,8,9,,4,0,,2,1,1,35,1,2,3,3,0,0,1,1,false,,false,false,true,false,false,,,,,,false,false,true,,,false,false,false,false,false,-83.14103,42.35205,"{
  ""coordinates"": [
    -8.314103243499990e+01,
    4.235204784500010e+01
  ],
  ""type"": ""Point""
}","{
  ""coordinates"": [
    -83.141032435,
    42.352047845
  ],
  ""type"": ""Point""
}",-83.1410324349999,42.3520478450001
21143,9161815,M-10,MILWAUKEE,2015-01-20,20,1,2015,18,3,1,3,,1,1,,1,2,4,55,3,1,1,5,0,0,0,0,true,,false,false,false,false,false,,,,,,false,false,false,,,false,false,false,false,false,-83.08011,42.36466,"{
  ""coordinates"": [
    -8.308010974299999e+01,
    4.236465811600000e+01
  ],
  ""type"": ""Point""
}","{
  ""coordinates"": [
    -83.080109743,
    42.364658116
  ],
  ""type"": ""Point""
}",-83.080109743,42.364658116
21144,9161749,E I 96,VIRGIL,2015-01-20,20,1,2015,8,3,8,1,,1,0,,1,2,2,55,2,2,2,5,0,0,0,0,true,,false,false,false,false,false,,,,,,false,false,false,,,false,false,false,false,false,-83.26601,42.38556,"{
  ""coordinates"": [
    -8.326600585400000e+01,
    4.238555745200010e+01
  ],
  ""type"": ""Point""
}","{
  ""coordinates"": [
    -83.266005854,
    42.385557452
  ],
  ""type"": ""Point""
}",-83.266005854,42.3855574520001
21145,9190136,REDMOND,NOVARA,2015-01-20,20,1,2015,8,3,4,9,,,0,,4,2,1,25,3,2,3,5,0,0,0,0,true,,true,false,true,false,false,,,,,,false,false,false,,,false,false,false,false,false,-82.95588,42.43917,"{
  ""coordinates"": [
    -8.295587721899990e+01,
    4.243917197400000e+01
  ],
  ""type"": ""Point""
}","{
  ""coordinates"": [
    -82.955877219,
    42.439171974
  ],
  ""type"": ""Point""
}",-82.9558772189999,42.439171974
21146,9162027,LIVERNOIS,8 MILE,2015-01-20,20,1,2015,12,3,5,3,,4,0,,2,1,1,30,3,2,1,5,0,0,0,0,true,,false,false,false,false,false,,,,,,false,true,false,,,false,false,false,false,false,-83.14196,42.44596,"{
  ""coordinates"": [
    -8.314195933500000e+01,
    4.244595856700000e+01
  ],
  ""type"": ""Point""
}","{
  ""coordinates"": [
    -83.141959335,
    42.445958567
  ],
  ""type"": ""Point""
}",-83.141959335,42.445958567
21147,9161814,M-10,HOWARD,2015-01-20,20,1,2015,10,3,8,3,,1,0,,4,2,1,55,4,2,1,5,0,0,0,0,true,,false,false,true,false,false,,,,,,false,false,false,,,false,false,false,false,false,-83.05628,42.32763,"{
  ""coordinates"": [
    -8.305628354399990e+01,
    4.232762967000010e+01
  ],
  ""type"": ""Point""
}","{
  ""coordinates"": [
    -83.056283544,
    42.32762967
  ],
  ""type"": ""Point""
}",-83.0562835439999,42.3276296700001
21148,9161771,M-39,LYNDON,2015-01-20,20,1,2015,7,3,5,3,,1,0,,1,2,1,55,3,2,2,5,0,0,0,0,true,,false,false,false,false,false,,,,,,false,false,false,,,false,false,false,false,false,-83.21814,42.39527,"{
  ""coordinates"": [
    -8.321813747399990e+01,
    4.239526680000010e+01
  ],
  ""type"": ""Point""
}","{
  ""coordinates"": [
    -83.218137474,
    42.3952668
  ],
  ""type"": ""Point""
}",-83.2181374739999,42.3952668000001
21149,9161701,W/B I94,CONNER,2015-01-20,20,1,2015,9,3,8,1,,1,0,,3,5,1,55,3,2,3,4,0,0,0,1,false,,false,false,false,false,false,,,,,,false,false,true,,,false,false,false,false,false,-82.99059,42.39453,"{
  ""coordinates"": [
    -8.299059548500000e+01,
    4.239452896500010e+01
  ],
  ""type"": ""Point""
}","{
  ""coordinates"": [
    -82.990595485,
    42.394528965
  ],
  ""type"": ""Point""
}",-82.990595485,42.3945289650001
21150,9166711,VERNOR,SHERIDAN,2015-01-20,20,1,2015,19,3,97,9,,4,0,,1,1,5,30,4,2,1,3,0,0,1,0,false,,false,false,false,false,false,,,,,,true,false,false,,,false,false,false,false,false,-83.00622,42.35867,"{
  ""coordinates"": [
    -8.300621993999989e+01,
    4.235866714900000e+01
  ],
  ""type"": ""Point""
}","{
  ""coordinates"": [
    -83.00621994,
    42.358667149
  ],
  ""type"": ""Point""
}",-83.0062199399999,42.358667149
21151,9166716,GRATIOT,GUNSTON,2015-01-20,20,1,2015,9,3,97,3,,1,0,,3,5,1,35,3,3,1,5,0,0,0,0,true,,false,false,false,false,false,,,,,,false,false,true,,,false,false,false,false,false,-82.99501,42.40869,"{
  ""coordinates"": [
    -8.299501278900000e+01,
    4.240869219100010e+01
  ],
  ""type"": ""Point""
}","{
  ""coordinates"": [
    -82.995012789,
    42.408692191
  ],
  ""type"": ""Point""
}",-82.995012789,42.4086921910001
21152,9172917,ASHTON,GROVE,2015-01-20,20,1,2015,10,3,4,9,,,0,,4,2,1,25,2,3,2,5,0,0,0,0,true,,true,false,false,false,false,,,,,,false,false,false,,,false,false,false,false,false,-83.21999,42.41368,"{
  ""coordinates"": [
    -8.321999287999989e+01,
    4.241368192800010e+01
  ],
  ""type"": ""Point""
}","{
  ""coordinates"": [
    -83.21999288,
    42.413681928
  ],
  ""type"": ""Point""
}",-83.2199928799999,42.4136819280001
21153,9182632,GRATIOT,BEAUBIEN,2015-01-20,20,1,2015,10,3,97,3,,1,0,,2,2,1,25,3,2,3,5,0,0,0,0,true,,false,false,true,false,false,,,,,,false,true,false,,,false,false,false,false,false,-83.04397,42.33672,"{
  ""coordinates"": [
    -8.304396654200001e+01,
    4.233672364700000e+01
  ],
  ""type"": ""Point""
}","{
  ""coordinates"": [
    -83.043966542,
    42.336723647
  ],
  ""type"": ""Point""
}",-83.043966542,42.336723647
21154,9187544,HORATIO,CICOTTE,2015-01-20,20,1,2015,11,3,4,9,,,0,,3,2,1,25,2,2,2,5,0,0,0,0,true,,false,false,false,false,false,,,,,,false,false,false,,,false,false,false,false,false,-83.12628,42.33488,"{
  ""coordinates"": [
    -8.312628245000001e+01,
    4.233488576800000e+01
  ],
  ""type"": ""Point""
}","{
  ""coordinates"": [
    -83.12628245,
    42.334885768
  ],
  ""type"": ""Point""
}",-83.12628245,42.334885768
21155,9161805,RAMP 047B,RAMP 047H,2015-01-20,20,1,2015,10,3,1,1,,1,1,,4,5,1,35,1,1,1,5,0,0,0,0,true,,false,false,false,false,false,,,,,,false,false,false,,,false,false,false,false,false,-83.07984,42.40982,"{
  ""coordinates"": [
    -8.307984284000000e+01,
    4.240982339900010e+01
  ],
  ""type"": ""Point""
}","{
  ""coordinates"": [
    -83.07984284,
    42.409823399
  ],
  ""type"": ""Point""
}",-83.07984284,42.4098233990001