ObjectId,Crash ID,Primary Road,Intersecting Road,Crash Date,Day,Month,Year,Hour,Weekday,Crash Type Code,Highway Classification Code,Community Code,Jurisdiction Code,Lane Departure Type Code,Surface Type,Road Condition,Weather Condition,Lighting Condition,Speed Limit,Lanes,Units,Occupants,Most Severe Injury,Fatal Injuries,Suspected Serious Injuries,Suspected Minor Injuries,Possible Injuries,Property Damage Only,Secondary Crash,Traffic Control,Red Light Run,Hit and Run,Alcohol,Drugs,Unbelted Person,Work Zone,Speeding Driver,Distracted Driver,Driveway,Pedestrian,Elderly Driver,Young Driver,Commercial Vehicle,Emergency Vehicles,Train,School Bus,Motorcycle,Bicycle,Deer,Longitude,Latitude,geom,geog,x,y
21270,9159355,SEVEN MILE,SOUTHFIELD,2015-01-18,18,1,2015,1,1,8,9,,2,0,,4,5,4,35,4,2,1,5,0,0,0,0,true,,false,false,true,false,false,,,,,,false,false,false,,,false,false,false,false,false,-83.21885,42.43003,"{
  ""coordinates"": [
    -8.321884646699991e+01,
    4.243002636100000e+01
  ],
  ""type"": ""Point""
}","{
  ""coordinates"": [
    -83.218846467,
    42.430026361
  ],
  ""type"": ""Point""
}",-83.2188464669999,42.430026361
21271,9160924,BEAUBIEN,LARNED,2015-01-18,18,1,2015,22,1,8,9,,4,0,,4,1,4,30,3,2,3,5,0,0,0,0,true,,false,false,false,false,false,,,,,,false,false,false,,,false,false,false,false,false,-83.04028,42.33157,"{
  ""coordinates"": [
    -8.304027440000000e+01,
    4.233156469000010e+01
  ],
  ""type"": ""Point""
}","{
  ""coordinates"": [
    -83.0402744,
    42.33156469
  ],
  ""type"": ""Point""
}",-83.0402744,42.3315646900001
21272,9179900,FENKELL,ARTISIAN,2015-01-18,18,1,2015,18,1,5,9,,2,0,,2,1,4,30,2,2,1,5,0,0,0,0,true,,false,false,true,false,false,,,,,,false,false,true,,,false,false,false,false,false,-83.22801,42.40087,"{
  ""coordinates"": [
    -8.322800865900000e+01,
    4.240087071600000e+01
  ],
  ""type"": ""Point""
}","{
  ""coordinates"": [
    -83.228008659,
    42.400870716
  ],
  ""type"": ""Point""
}",-83.228008659,42.400870716
21273,9176099,I75,GRATIOT,2015-01-18,18,1,2015,0,1,1,1,,1,1,,2,2,4,55,2,1,2,5,0,0,0,0,true,,false,false,true,true,false,,,,,,false,false,false,,,false,false,false,false,false,-83.03995,42.345,"{
  ""coordinates"": [
    -8.303994727400000e+01,
    4.234500097700000e+01
  ],
  ""type"": ""Point""
}","{
  ""coordinates"": [
    -83.039947274,
    42.345000977
  ],
  ""type"": ""Point""
}",-83.039947274,42.345000977
21274,9172913,OUTER,BENTLER,2015-01-18,18,1,2015,14,1,4,9,,2,0,,1,1,1,35,6,2,2,4,0,0,0,1,false,,false,false,false,false,false,,,,,,false,true,true,,,false,false,false,false,false,-83.25191,42.39762,"{
  ""coordinates"": [
    -8.325190558500000e+01,
    4.239761570700010e+01
  ],
  ""type"": ""Point""
}","{
  ""coordinates"": [
    -83.251905585,
    42.397615707
  ],
  ""type"": ""Point""
}",-83.251905585,42.3976157070001
21275,9231416,CORTLAND,WILDEMERE,2015-01-18,18,1,2015,0,1,9,9,,,2,,4,5,4,25,1,2,2,5,0,0,0,0,true,,false,false,true,false,false,,,,,,false,false,false,,,false,false,false,false,false,-83.12341,42.3849,"{
  ""coordinates"": [
    -8.312341406800000e+01,
    4.238490109100010e+01
  ],
  ""type"": ""Point""
}","{
  ""coordinates"": [
    -83.123414068,
    42.384901091
  ],
  ""type"": ""Point""
}",-83.123414068,42.3849010910001
21276,9187581,WARREN,W I 94 SERVICE DRIVE,2015-01-18,18,1,2015,15,1,5,9,,4,0,,1,2,1,40,5,2,2,5,0,0,0,0,true,,false,false,true,false,false,,,,,,false,false,false,,,false,false,false,false,false,-83.114,42.34468,"{
  ""coordinates"": [
    -8.311399828099999e+01,
    4.234468216100000e+01
  ],
  ""type"": ""Point""
}","{
  ""coordinates"": [
    -83.113998281,
    42.344682161
  ],
  ""type"": ""Point""
}",-83.113998281,42.344682161
21277,9161992,W I 96 SERVICE DRIVE,LIVERNOIS,2015-01-18,18,1,2015,1,1,4,9,,4,0,,2,4,4,30,7,2,3,4,0,0,0,1,false,,true,true,false,false,false,,,,,,false,true,false,,,false,false,false,false,false,-83.13878,42.36777,"{
  ""coordinates"": [
    -8.313877617199999e+01,
    4.236777502900000e+01
  ],
  ""type"": ""Point""
}","{
  ""coordinates"": [
    -83.138776172,
    42.367775029
  ],
  ""type"": ""Point""
}",-83.138776172,42.367775029
21278,9159301,DIX,CENTRAL,2015-01-18,18,1,2015,1,1,8,9,,4,0,,2,4,5,30,4,2,1,4,0,0,0,1,false,,false,false,true,false,false,,,,,,false,false,true,,,false,false,false,false,false,-83.12832,42.31729,"{
  ""coordinates"": [
    -8.312831709699999e+01,
    4.231729004000000e+01
  ],
  ""type"": ""Point""
}","{
  ""coordinates"": [
    -83.128317097,
    42.31729004
  ],
  ""type"": ""Point""
}",-83.128317097,42.31729004
21279,9172894,CHANDLER PARK,GRAYTON,2015-01-18,18,1,2015,12,1,4,9,,2,0,,2,1,1,35,2,2,2,5,0,0,0,0,true,,false,false,false,false,false,,,,,,false,false,false,,,false,false,false,false,false,-82.93523,42.4101,"{
  ""coordinates"": [
    -8.293523302300000e+01,
    4.241010148000000e+01
  ],
  ""type"": ""Point""
}","{
  ""coordinates"": [
    -82.935233023,
    42.41010148
  ],
  ""type"": ""Point""
}",-82.935233023,42.41010148
21280,9166569,I-75,SCHAEFER,2015-01-18,18,1,2015,15,1,97,1,,1,0,,1,1,1,70,4,2,3,5,0,0,0,0,true,,false,false,false,false,false,,,,,,false,false,false,,,false,false,false,false,false,-83.15459,42.27769,"{
  ""coordinates"": [
    -8.315459818300000e+01,
    4.227769448100000e+01
  ],
  ""type"": ""Point""
}","{
  ""coordinates"": [
    -83.154598183,
    42.277694481
  ],
  ""type"": ""Point""
}",-83.154598183,42.277694481
21281,9160935,FRONTENAC,MEDBURY,2015-01-18,18,1,2015,15,1,4,9,,4,0,,1,1,1,30,4,3,3,2,0,1,0,1,false,,false,false,false,false,false,,,,,,false,true,false,,,false,false,false,false,false,-83.02367,42.38087,"{
  ""coordinates"": [
    -8.302367631200001e+01,
    4.238087653900000e+01
  ],
  ""type"": ""Point""
}","{
  ""coordinates"": [
    -83.023676312,
    42.380876539
  ],
  ""type"": ""Point""
}",-83.023676312,42.380876539
21282,9202913,LIVERNOIS,VERNOR,2015-01-18,18,1,2015,2,1,1,9,,4,1,,2,1,4,30,2,1,2,2,0,1,0,0,false,,false,false,false,false,false,,,,,,false,false,false,,,false,false,false,false,false,-83.10992,42.31554,"{
  ""coordinates"": [
    -8.310991513600000e+01,
    4.231553553700010e+01
  ],
  ""type"": ""Point""
}","{
  ""coordinates"": [
    -83.109915136,
    42.315535537
  ],
  ""type"": ""Point""
}",-83.109915136,42.3155355370001
21283,9206099,SHEBLY,LARNED,2015-01-18,18,1,2015,12,1,8,9,,4,0,,2,1,1,20,2,2,1,5,0,0,0,0,true,,false,false,false,false,false,,,,,,false,true,false,,,false,false,false,false,false,-83.04765,42.3287,"{
  ""coordinates"": [
    -8.304765134800000e+01,
    4.232870140300000e+01
  ],
  ""type"": ""Point""
}","{
  ""coordinates"": [
    -83.047651348,
    42.328701403
  ],
  ""type"": ""Point""
}",-83.047651348,42.328701403
21284,9161996,FREUD,KITCHENER,2015-01-18,18,1,2015,15,1,4,9,,4,0,,2,1,1,25,2,2,4,4,0,0,0,1,false,,true,false,true,false,false,,,,,,false,false,true,,,false,false,false,false,false,-82.95306,42.366,"{
  ""coordinates"": [
    -8.295305276100000e+01,
    4.236600404000010e+01
  ],
  ""type"": ""Point""
}","{
  ""coordinates"": [
    -82.953052761,
    42.36600404
  ],
  ""type"": ""Point""
}",-82.953052761,42.3660040400001
21285,9161811,S M 10,RAMP 125A,2015-01-18,18,1,2015,15,1,5,3,,1,0,,2,1,1,45,3,2,2,5,0,0,0,0,true,,false,false,false,false,false,,,,,,false,false,true,,,false,false,false,false,false,-83.05494,42.32682,"{
  ""coordinates"": [
    -8.305494289799999e+01,
    4.232682479200000e+01
  ],
  ""type"": ""Point""
}","{
  ""coordinates"": [
    -83.054942898,
    42.326824792
  ],
  ""type"": ""Point""
}",-83.054942898,42.326824792
21286,9172956,SIMON K,SYRACUSE,2015-01-18,18,1,2015,11,1,97,9,,,0,,2,7,1,25,2,3,1,3,0,0,1,0,false,,false,false,false,false,false,,,,,,true,true,false,,,false,false,false,false,false,-83.04453,42.41474,"{
  ""coordinates"": [
    -8.304452143000000e+01,
    4.241473940900000e+01
  ],
  ""type"": ""Point""
}","{
  ""coordinates"": [
    -83.04452143,
    42.414739409
  ],
  ""type"": ""Point""
}",-83.04452143,42.414739409
21287,9159354,LIVERNOIS,PURITAN,2015-01-17,17,1,2015,12,7,4,9,,4,0,,1,1,1,25,4,2,2,5,0,0,0,0,true,,true,true,false,false,false,,,,,,false,true,false,,,false,false,false,false,false,-83.14042,42.40986,"{
  ""coordinates"": [
    -8.314042247899989e+01,
    4.240986095100000e+01
  ],
  ""type"": ""Point""
}","{
  ""coordinates"": [
    -83.140422479,
    42.409860951
  ],
  ""type"": ""Point""
}",-83.1404224789999,42.409860951
21288,9161991,WYOMING,LYNDON,2015-01-17,17,1,2015,1,7,5,9,,4,0,,1,1,4,25,4,2,1,5,0,0,0,0,true,,false,false,true,false,false,,,,,,false,false,false,,,false,false,false,false,false,-83.15934,42.39522,"{
  ""coordinates"": [
    -8.315934252600000e+01,
    4.239521902100010e+01
  ],
  ""type"": ""Point""
}","{
  ""coordinates"": [
    -83.159342526,
    42.395219021
  ],
  ""type"": ""Point""
}",-83.159342526,42.3952190210001
21289,9159338,EVERGREEN,CAMBRIDGE,2015-01-17,17,1,2015,4,7,1,9,,4,1,,1,2,4,30,2,1,3,2,0,2,1,1,false,,false,false,false,false,false,,,,,,false,false,false,,,false,false,false,false,false,-83.23892,42.43157,"{
  ""coordinates"": [
    -8.323892248700000e+01,
    4.243157360500000e+01
  ],
  ""type"": ""Point""
}","{
  ""coordinates"": [
    -83.238922487,
    42.431573605
  ],
  ""type"": ""Point""
}",-83.238922487,42.431573605
21290,9159305,PLYMOUTH,MINOCK,2015-01-17,17,1,2015,18,7,4,9,,4,0,,2,2,4,35,5,2,2,5,0,0,0,0,true,,false,false,false,false,false,,,,,,false,false,false,,,false,false,false,false,false,-83.23222,42.37195,"{
  ""coordinates"": [
    -8.323221673099989e+01,
    4.237195355500010e+01
  ],
  ""type"": ""Point""
}","{
  ""coordinates"": [
    -83.232216731,
    42.371953555
  ],
  ""type"": ""Point""
}",-83.2322167309999,42.3719535550001
21291,9159308,OUTER,GLENDALE,2015-01-17,17,1,2015,18,7,4,9,,2,0,,1,1,4,35,4,2,3,4,0,0,0,2,false,,false,false,false,false,false,,,,,,false,false,true,,,false,false,false,false,false,-83.26112,42.37993,"{
  ""coordinates"": [
    -8.326111569499990e+01,
    4.237992680800010e+01
  ],
  ""type"": ""Point""
}","{
  ""coordinates"": [
    -83.261115695,
    42.379926808
  ],
  ""type"": ""Point""
}",-83.2611156949999,42.3799268080001
21292,9159349,WYOMING,CURTIS,2015-01-17,17,1,2015,14,7,1,9,,4,0,,1,1,1,30,4,1,2,5,0,0,0,0,true,,false,false,false,false,false,,,,,,false,false,true,,,false,false,false,false,false,-83.16071,42.4243,"{
  ""coordinates"": [
    -8.316071568900000e+01,
    4.242430509300000e+01
  ],
  ""type"": ""Point""
}","{
  ""coordinates"": [
    -83.160715689,
    42.424305093
  ],
  ""type"": ""Point""
}",-83.160715689,42.424305093
21293,9161994,LAHSER,8 MILE,2015-01-17,17,1,2015,9,7,97,3,,,0,,1,1,1,35,2,2,0,5,0,0,0,0,true,,false,false,true,false,false,,,,,,true,false,false,,,false,false,false,false,false,-83.26093,42.44319,"{
  ""coordinates"": [
    -8.326092865899990e+01,
    4.244319225400010e+01
  ],
  ""type"": ""Point""
}","{
  ""coordinates"": [
    -83.260928659,
    42.443192254
  ],
  ""type"": ""Point""
}",-83.2609286589999,42.4431922540001
21294,9160088,N/B I-75,SPRINGWELLS,2015-01-17,17,1,2015,17,7,8,1,,1,0,,2,2,3,55,4,2,2,5,0,0,0,0,true,,false,false,false,false,false,,,,,,false,false,true,,,false,false,false,false,false,-83.11588,42.30267,"{
  ""coordinates"": [
    -8.311588055199999e+01,
    4.230266420100000e+01
  ],
  ""type"": ""Point""
}","{
  ""coordinates"": [
    -83.115880552,
    42.302664201
  ],
  ""type"": ""Point""
}",-83.115880552,42.302664201
21295,9191688,JEFFERSON,EIGHTH,2015-01-17,17,1,2015,21,7,5,9,,4,0,,1,1,4,30,4,4,5,5,0,0,0,0,true,,false,false,false,false,false,,,,,,false,false,false,,,false,false,false,false,false,-83.05957,42.32379,"{
  ""coordinates"": [
    -8.305957390799990e+01,
    4.232378735500000e+01
  ],
  ""type"": ""Point""
}","{
  ""coordinates"": [
    -83.059573908,
    42.323787355
  ],
  ""type"": ""Point""
}",-83.0595739079999,42.323787355
21296,9161997,RAMP 223C,W I 94 SERVICE DRIVE,2015-01-17,17,1,2015,18,7,5,1,,1,0,,3,1,4,30,1,2,3,5,0,0,0,0,true,,false,false,false,false,false,,,,,,false,false,false,,,false,false,false,false,false,-82.93726,42.41768,"{
  ""coordinates"": [
    -8.293725673499991e+01,
    4.241768076100000e+01
  ],
  ""type"": ""Point""
}","{
  ""coordinates"": [
    -82.937256735,
    42.417680761
  ],
  ""type"": ""Point""
}",-82.9372567349999,42.417680761
21297,9161732,N I 75,FERRY,2015-01-17,17,1,2015,16,7,1,1,,1,0,,1,1,1,70,3,1,4,5,0,0,0,0,true,,false,false,false,false,false,,,,,,false,false,false,,,false,false,false,false,false,-83.05641,42.3653,"{
  ""coordinates"": [
    -8.305640915600000e+01,
    4.236530413700010e+01
  ],
  ""type"": ""Point""
}","{
  ""coordinates"": [
    -83.056409156,
    42.365304137
  ],
  ""type"": ""Point""
}",-83.056409156,42.3653041370001
21298,9369596,I-75,DAVISON,2015-01-17,17,1,2015,22,7,97,1,,1,0,,1,1,4,70,3,1,1,5,0,0,0,0,true,,false,false,false,false,false,,,,,,false,false,false,,,false,false,false,false,false,-83.07931,42.40874,"{
  ""coordinates"": [
    -8.307930933700000e+01,
    4.240874456900010e+01
  ],
  ""type"": ""Point""
}","{
  ""coordinates"": [
    -83.079309337,
    42.408744569
  ],
  ""type"": ""Point""
}",-83.079309337,42.4087445690001
21299,9160151,RAMP 012A,N M 39,2015-01-17,17,1,2015,4,7,1,3,,1,1,,1,1,4,35,1,1,2,5,0,0,0,0,true,,false,false,true,true,false,,,,,,false,false,false,,,false,false,false,false,false,-83.21962,42.43961,"{
  ""coordinates"": [
    -8.321961717700000e+01,
    4.243961275900010e+01
  ],
  ""type"": ""Point""
}","{
  ""coordinates"": [
    -83.219617177,
    42.439612759
  ],
  ""type"": ""Point""
}",-83.219617177,42.4396127590001
21300,9202925,HARPER,GRAYTON,2015-01-17,17,1,2015,20,7,4,9,,4,0,,1,2,4,30,2,2,1,5,0,0,0,0,true,,false,false,true,false,false,,,,,,false,false,false,,,false,false,false,false,false,-82.93842,42.4154,"{
  ""coordinates"": [
    -8.293842164499991e+01,
    4.241540184100010e+01
  ],
  ""type"": ""Point""
}","{
  ""coordinates"": [
    -82.938421645,
    42.415401841
  ],
  ""type"": ""Point""
}",-82.9384216449999,42.4154018410001
21301,9159296,TIREMAN,CENTRAL,2015-01-17,17,1,2015,11,7,8,9,,4,0,,1,1,1,30,4,2,2,5,0,0,0,0,true,,false,false,false,false,false,,,,,,false,false,false,,,false,false,false,false,false,-83.14634,42.35194,"{
  ""coordinates"": [
    -8.314633694699999e+01,
    4.235194192800000e+01
  ],
  ""type"": ""Point""
}","{
  ""coordinates"": [
    -83.146336947,
    42.351941928
  ],
  ""type"": ""Point""
}",-83.146336947,42.351941928
21302,9195627,7 MILE,CONCORD,2015-01-17,17,1,2015,4,7,1,9,,4,1,,3,1,5,35,4,1,0,5,0,0,0,0,true,,false,false,true,false,false,,,,,,false,false,false,,,false,false,false,false,false,-83.03281,42.43379,"{
  ""coordinates"": [
    -8.303280861000000e+01,
    4.243379384300000e+01
  ],
  ""type"": ""Point""
}","{
  ""coordinates"": [
    -83.03280861,
    42.433793843
  ],
  ""type"": ""Point""
}",-83.03280861,42.433793843
21303,9159293,MCNICHOLS,ANNCHESTER,2015-01-17,17,1,2015,2,7,1,9,,2,1,,4,1,4,35,4,1,1,5,0,0,0,0,true,,false,false,false,true,false,,,,,,false,false,false,,,false,false,false,false,false,-83.23501,42.41523,"{
  ""coordinates"": [
    -8.323500676899990e+01,
    4.241523300800000e+01
  ],
  ""type"": ""Point""
}","{
  ""coordinates"": [
    -83.235006769,
    42.415233008
  ],
  ""type"": ""Point""
}",-83.2350067689999,42.415233008
21304,9160091,I94,NOTTINGHAM,2015-01-17,17,1,2015,23,7,1,1,,1,1,,1,2,4,55,3,1,1,5,0,0,0,0,true,,false,false,true,false,false,,,,,,false,false,true,,,false,false,false,false,false,-82.95228,42.40733,"{
  ""coordinates"": [
    -8.295227648699991e+01,
    4.240733288000010e+01
  ],
  ""type"": ""Point""
}","{
  ""coordinates"": [
    -82.952276487,
    42.40733288
  ],
  ""type"": ""Point""
}",-82.9522764869999,42.4073328800001
21305,9191681,GRISWOLD,LARNED,2015-01-17,17,1,2015,17,7,4,9,,4,0,,1,1,4,0,8,2,2,5,0,0,0,0,true,,false,false,true,false,false,,,,,,false,false,true,,,false,false,false,false,false,-83.04606,42.32906,"{
  ""coordinates"": [
    -8.304605816799990e+01,
    4.232905474100000e+01
  ],
  ""type"": ""Point""
}","{
  ""coordinates"": [
    -83.046058168,
    42.329054741
  ],
  ""type"": ""Point""
}",-83.0460581679999,42.329054741
21306,9159294,GRAND RIVER,WHITCOMB,2015-01-17,17,1,2015,18,7,3,3,,1,0,,2,1,5,35,4,2,3,5,0,0,0,0,true,,false,false,false,false,false,,,,,,false,false,false,,,false,false,false,false,false,-83.19666,42.39197,"{
  ""coordinates"": [
    -8.319665237700001e+01,
    4.239196748200000e+01
  ],
  ""type"": ""Point""
}","{
  ""coordinates"": [
    -83.196652377,
    42.391967482
  ],
  ""type"": ""Point""
}",-83.196652377,42.391967482
21307,9160102,E/B I-96,GREENFIELD,2015-01-17,17,1,2015,2,7,1,1,,1,1,,1,1,4,55,3,1,1,5,0,0,0,0,true,,false,false,false,false,false,,,,,,false,false,false,,,false,false,false,false,false,-83.20213,42.37904,"{
  ""coordinates"": [
    -8.320212877199999e+01,
    4.237903719700010e+01
  ],
  ""type"": ""Point""
}","{
  ""coordinates"": [
    -83.202128772,
    42.379037197
  ],
  ""type"": ""Point""
}",-83.202128772,42.3790371970001
21308,9159359,BIRWOOD,SAINT MARTINS,2015-01-17,17,1,2015,19,7,4,9,,,0,,3,1,98,25,2,2,0,5,0,0,0,0,true,,false,false,true,false,false,,,,,,false,false,false,,,false,false,false,false,false,-83.16553,42.43657,"{
  ""coordinates"": [
    -8.316552650300000e+01,
    4.243657490500000e+01
  ],
  ""type"": ""Point""
}","{
  ""coordinates"": [
    -83.165526503,
    42.436574905
  ],
  ""type"": ""Point""
}",-83.165526503,42.436574905
21309,9160154,RAMP 047H,E M 8,2015-01-17,17,1,2015,1,7,1,1,,1,1,,4,1,5,55,1,1,1,5,0,0,0,0,true,,false,false,false,false,false,,,,,,false,false,false,,,false,false,false,false,false,-83.07991,42.40866,"{
  ""coordinates"": [
    -8.307991191500000e+01,
    4.240866341800010e+01
  ],
  ""type"": ""Point""
}","{
  ""coordinates"": [
    -83.079911915,
    42.408663418
  ],
  ""type"": ""Point""
}",-83.079911915,42.4086634180001
21310,9159303,SPRINGWELLS,CAHALAN,2015-01-17,17,1,2015,22,7,97,9,,4,0,,2,1,4,25,2,1,1,5,0,0,0,0,true,,false,false,false,false,false,,,,,,false,false,false,,,false,false,false,false,false,-83.12483,42.30814,"{
  ""coordinates"": [
    -8.312482994899990e+01,
    4.230813579300010e+01
  ],
  ""type"": ""Point""
}","{
  ""coordinates"": [
    -83.124829949,
    42.308135793
  ],
  ""type"": ""Point""
}",-83.1248299489999,42.3081357930001
21311,9176110,I-75,MACK,2015-01-17,17,1,2015,18,7,8,1,,1,0,,2,1,5,70,4,2,2,5,0,0,0,0,true,,false,false,false,false,false,,,,,,false,true,false,,,false,false,false,false,false,-83.05241,42.3576,"{
  ""coordinates"": [
    -8.305241460699990e+01,
    4.235759921200000e+01
  ],
  ""type"": ""Point""
}","{
  ""coordinates"": [
    -83.052414607,
    42.357599212
  ],
  ""type"": ""Point""
}",-83.0524146069999,42.357599212
21312,9161711,RAMP 216E,RAMP 044B,2015-01-17,17,1,2015,12,7,5,1,,1,3,,1,2,1,0,2,2,2,5,0,0,0,0,true,,false,false,true,false,false,,,,,,false,false,false,,,false,false,false,false,false,-83.05504,42.36335,"{
  ""coordinates"": [
    -8.305504052600000e+01,
    4.236334834500010e+01
  ],
  ""type"": ""Point""
}","{
  ""coordinates"": [
    -83.055040526,
    42.363348345
  ],
  ""type"": ""Point""
}",-83.055040526,42.3633483450001
21313,9163116,SCOTTEN,TIREMAN,2015-01-17,17,1,2015,19,7,8,9,,4,0,,1,1,4,25,2,2,0,5,0,0,0,0,true,,false,false,true,false,false,,,,,,false,true,false,,,false,false,false,false,false,-83.11247,42.35568,"{
  ""coordinates"": [
    -8.311247336299991e+01,
    4.235568312100000e+01
  ],
  ""type"": ""Point""
}","{
  ""coordinates"": [
    -83.112473363,
    42.355683121
  ],
  ""type"": ""Point""
}",-83.1124733629999,42.355683121
21314,9159356,OUTER,WARD,2015-01-17,17,1,2015,10,7,4,9,,2,0,,1,2,1,30,4,2,3,5,0,0,0,0,true,,false,false,false,false,false,,,,,,false,false,false,,,false,false,false,false,false,-83.17527,42.43485,"{
  ""coordinates"": [
    -8.317526769900000e+01,
    4.243484810800000e+01
  ],
  ""type"": ""Point""
}","{
  ""coordinates"": [
    -83.175267699,
    42.434848108
  ],
  ""type"": ""Point""
}",-83.175267699,42.434848108
21315,9190141,GRATIOT,JANE,2015-01-17,17,1,2015,2,7,1,3,,1,1,,1,1,4,35,7,1,2,4,0,0,0,1,false,,false,false,false,false,false,,,,,,false,false,true,,,false,false,false,false,false,-82.99112,42.41464,"{
  ""coordinates"": [
    -8.299111910100000e+01,
    4.241464161800010e+01
  ],
  ""type"": ""Point""
}","{
  ""coordinates"": [
    -82.991119101,
    42.414641618
  ],
  ""type"": ""Point""
}",-82.991119101,42.4146416180001
21316,9160125,N M 10,RAMP 215C,2015-01-17,17,1,2015,19,7,1,3,,1,1,,2,1,5,55,3,1,1,5,0,0,0,0,true,,false,false,false,false,false,,,,,,false,false,true,,,false,false,false,false,false,-83.07462,42.35625,"{
  ""coordinates"": [
    -8.307462015899991e+01,
    4.235624571300010e+01
  ],
  ""type"": ""Point""
}","{
  ""coordinates"": [
    -83.074620159,
    42.356245713
  ],
  ""type"": ""Point""
}",-83.0746201589999,42.3562457130001
21317,9187606,SCHOOLCRAFT,MEMORIAL,2015-01-17,17,1,2015,23,7,97,9,,2,1,,1,1,4,25,2,2,0,5,0,0,0,0,true,,false,false,true,false,false,,,,,,true,false,false,,,false,false,false,false,false,-83.21243,42.38678,"{
  ""coordinates"": [
    -8.321242577500000e+01,
    4.238677823000010e+01
  ],
  ""type"": ""Point""
}","{
  ""coordinates"": [
    -83.212425775,
    42.38677823
  ],
  ""type"": ""Point""
}",-83.212425775,42.3867782300001
21318,9195615,LIVERNOIS,VANCOUVER,2015-01-17,17,1,2015,3,7,5,9,,4,0,,2,1,4,25,6,4,2,5,0,0,0,0,true,,false,false,true,false,false,,,,,,false,false,false,,,false,false,false,false,false,-83.13604,42.35257,"{
  ""coordinates"": [
    -8.313603665900000e+01,
    4.235256923100010e+01
  ],
  ""type"": ""Point""
}","{
  ""coordinates"": [
    -83.136036659,
    42.352569231
  ],
  ""type"": ""Point""
}",-83.136036659,42.3525692310001
21319,9163115,LIVERNOIS,TIREMAN,2015-01-17,17,1,2015,2,7,2,9,,4,2,,1,1,4,35,3,2,2,5,0,0,0,0,true,,false,false,true,false,false,,,,,,false,false,false,,,false,false,false,false,false,-83.1357,42.35209,"{
  ""coordinates"": [
    -8.313570185799990e+01,
    4.235208388200000e+01
  ],
  ""type"": ""Point""
}","{
  ""coordinates"": [
    -83.135701858,
    42.352083882
  ],
  ""type"": ""Point""
}",-83.1357018579999,42.352083882
21320,9161999,SOUTHAMPTON,ALTER,2015-01-17,17,1,2015,10,7,5,9,,,0,,4,1,1,25,2,2,3,4,0,0,0,1,false,,false,false,false,false,false,,,,,,false,false,true,,,false,false,false,false,false,-82.95706,42.40018,"{
  ""coordinates"": [
    -8.295706101099999e+01,
    4.240018205900000e+01
  ],
  ""type"": ""Point""
}","{
  ""coordinates"": [
    -82.957061011,
    42.400182059
  ],
  ""type"": ""Point""
}",-82.957061011,42.400182059
21321,9159310,JOY,LAHSER,2015-01-17,17,1,2015,0,7,1,9,,2,1,,1,1,5,35,2,1,0,5,0,0,0,0,true,,false,false,false,false,false,,,,,,false,false,false,,,false,false,false,false,false,-83.25509,42.35724,"{
  ""coordinates"": [
    -8.325509111500000e+01,
    4.235724313800010e+01
  ],
  ""type"": ""Point""
}","{
  ""coordinates"": [
    -83.255091115,
    42.357243138
  ],
  ""type"": ""Point""
}",-83.255091115,42.3572431380001
21322,9160081,N/B I-75,SPRINGWELLS,2015-01-17,17,1,2015,18,7,5,1,,1,0,,2,2,4,55,4,2,1,5,0,0,0,0,true,,false,false,true,false,false,,,,,,false,false,true,,,false,false,false,false,false,-83.12237,42.29951,"{
  ""coordinates"": [
    -8.312236556200000e+01,
    4.229950821000010e+01
  ],
  ""type"": ""Point""
}","{
  ""coordinates"": [
    -83.122365562,
    42.29950821
  ],
  ""type"": ""Point""
}",-83.122365562,42.2995082100001
21323,9160225,SOUTHFIELD SERVICE DRIVE,GRAND RIVER,2015-01-17,17,1,2015,16,7,97,3,,4,0,,2,1,1,55,3,2,6,3,0,0,4,2,false,,false,false,false,false,false,,,,,,false,false,false,,,false,false,false,false,false,-83.21859,42.40065,"{
  ""coordinates"": [
    -8.321858998700000e+01,
    4.240064720500000e+01
  ],
  ""type"": ""Point""
}","{
  ""coordinates"": [
    -83.218589987,
    42.400647205
  ],
  ""type"": ""Point""
}",-83.218589987,42.400647205
21324,9160087,N I 375,RAMP 041D,2015-01-17,17,1,2015,5,7,1,1,,1,1,,1,2,4,55,3,1,1,5,0,0,0,0,true,,false,false,true,false,false,,,,,,false,false,false,,,false,false,false,false,false,-83.04255,42.34119,"{
  ""coordinates"": [
    -8.304255033800000e+01,
    4.234118636400010e+01
  ],
  ""type"": ""Point""
}","{
  ""coordinates"": [
    -83.042550338,
    42.341186364
  ],
  ""type"": ""Point""
}",-83.042550338,42.3411863640001
21325,9171834,M-39,7 MILE,2015-01-17,17,1,2015,19,7,5,3,,1,0,,1,1,4,55,3,2,2,4,0,0,0,1,false,,false,false,false,false,false,,,,,,false,false,false,,,false,false,false,false,false,-83.21947,42.43219,"{
  ""coordinates"": [
    -8.321947740699990e+01,
    4.243218622000010e+01
  ],
  ""type"": ""Point""
}","{
  ""coordinates"": [
    -83.219477407,
    42.43218622
  ],
  ""type"": ""Point""
}",-83.2194774069999,42.4321862200001
21326,9161794,SB M-10,ROSA PARKS,2015-01-17,17,1,2015,14,7,1,3,,1,1,,1,1,1,55,3,1,1,5,0,0,0,0,true,,false,false,false,false,false,,,,,,false,false,true,,,false,false,false,false,false,-83.11845,42.40335,"{
  ""coordinates"": [
    -8.311845694800000e+01,
    4.240335502700000e+01
  ],
  ""type"": ""Point""
}","{
  ""coordinates"": [
    -83.118456948,
    42.403355027
  ],
  ""type"": ""Point""
}",-83.118456948,42.403355027