ObjectId,Crash ID,Primary Road,Intersecting Road,Crash Date,Day,Month,Year,Hour,Weekday,Crash Type Code,Highway Classification Code,Community Code,Jurisdiction Code,Lane Departure Type Code,Surface Type,Road Condition,Weather Condition,Lighting Condition,Speed Limit,Lanes,Units,Occupants,Most Severe Injury,Fatal Injuries,Suspected Serious Injuries,Suspected Minor Injuries,Possible Injuries,Property Damage Only,Secondary Crash,Traffic Control,Red Light Run,Hit and Run,Alcohol,Drugs,Unbelted Person,Work Zone,Speeding Driver,Distracted Driver,Driveway,Pedestrian,Elderly Driver,Young Driver,Commercial Vehicle,Emergency Vehicles,Train,School Bus,Motorcycle,Bicycle,Deer,Longitude,Latitude,geom,geog,x,y
21383,9159357,8 MILE,WOODWARD,2015-01-16,16,1,2015,8,6,8,3,,1,0,,1,1,1,45,4,2,2,5,0,0,0,0,true,,false,false,true,false,false,,,,,,false,false,false,,,false,false,false,false,false,-83.12502,42.4465,"{
  ""coordinates"": [
    -8.312502011600000e+01,
    4.244650067400000e+01
  ],
  ""type"": ""Point""
}","{
  ""coordinates"": [
    -83.125020116,
    42.446500674
  ],
  ""type"": ""Point""
}",-83.125020116,42.446500674
21384,9214952,GREENFIELD,7 MILE,2015-01-16,16,1,2015,0,6,5,9,,2,0,,1,1,1,35,4,2,2,5,0,0,0,0,true,,false,false,false,false,false,,,,,,false,true,false,,,false,false,false,false,false,-83.19987,42.43042,"{
  ""coordinates"": [
    -8.319986535699999e+01,
    4.243042050400000e+01
  ],
  ""type"": ""Point""
}","{
  ""coordinates"": [
    -83.199865357,
    42.430420504
  ],
  ""type"": ""Point""
}",-83.199865357,42.430420504
21385,9221867,OUTER,ASBURY,2015-01-16,16,1,2015,9,6,5,9,,2,0,,2,1,1,35,3,2,3,4,0,0,0,1,false,,false,false,false,false,false,,,,,,false,false,false,,,false,false,false,false,false,-83.20905,42.41947,"{
  ""coordinates"": [
    -8.320904242599990e+01,
    4.241947082300000e+01
  ],
  ""type"": ""Point""
}","{
  ""coordinates"": [
    -83.209042426,
    42.419470823
  ],
  ""type"": ""Point""
}",-83.2090424259999,42.419470823
21386,9159292,GREENFIELD,PURITAN,2015-01-16,16,1,2015,20,6,1,9,,2,0,,1,1,4,35,2,1,1,4,0,0,0,1,false,,false,false,false,false,false,,,,,,false,false,false,,,false,false,false,false,false,-83.19902,42.40903,"{
  ""coordinates"": [
    -8.319902032000000e+01,
    4.240902661800000e+01
  ],
  ""type"": ""Point""
}","{
  ""coordinates"": [
    -83.19902032,
    42.409026618
  ],
  ""type"": ""Point""
}",-83.19902032,42.409026618
21387,9163112,DAVISON,LIVERNOIS,2015-01-16,16,1,2015,15,6,5,3,,1,0,,1,1,1,35,6,2,2,5,0,0,0,0,true,,false,false,false,false,false,,,,,,false,false,false,,,false,false,false,false,false,-83.13927,42.38652,"{
  ""coordinates"": [
    -8.313926793099991e+01,
    4.238651566100000e+01
  ],
  ""type"": ""Point""
}","{
  ""coordinates"": [
    -83.139267931,
    42.386515661
  ],
  ""type"": ""Point""
}",-83.1392679309999,42.386515661
21388,9160231,7 MILE,JAMES COUZENS,2015-01-16,16,1,2015,20,6,8,9,,2,0,,1,1,4,30,4,2,4,5,0,0,0,0,true,,false,false,false,false,false,,,,,,false,false,true,,,false,false,false,false,false,-83.18676,42.43084,"{
  ""coordinates"": [
    -8.318676301300000e+01,
    4.243083832300000e+01
  ],
  ""type"": ""Point""
}","{
  ""coordinates"": [
    -83.186763013,
    42.430838323
  ],
  ""type"": ""Point""
}",-83.186763013,42.430838323
21389,9171953,PLAINVIEW,FENKELL,2015-01-16,16,1,2015,20,6,97,9,,,0,,1,1,5,25,1,2,4,5,0,0,0,0,true,,false,false,false,false,false,,,,,,false,false,false,,,false,false,false,false,false,-83.23618,42.39993,"{
  ""coordinates"": [
    -8.323617636099991e+01,
    4.239992336100000e+01
  ],
  ""type"": ""Point""
}","{
  ""coordinates"": [
    -83.236176361,
    42.399923361
  ],
  ""type"": ""Point""
}",-83.2361763609999,42.399923361
21390,9214896,JEFFERSON,CONCORD,2015-01-16,16,1,2015,19,6,8,9,,4,0,,1,1,1,35,9,3,3,5,0,0,0,0,true,,false,false,false,false,false,,,,,,false,false,true,,,false,false,false,false,false,-83.00468,42.34597,"{
  ""coordinates"": [
    -8.300467534800001e+01,
    4.234597336100010e+01
  ],
  ""type"": ""Point""
}","{
  ""coordinates"": [
    -83.004675348,
    42.345973361
  ],
  ""type"": ""Point""
}",-83.004675348,42.3459733610001
21391,9205389,DEAN,HAMLET,2015-01-16,16,1,2015,13,6,4,9,,,0,,4,1,1,25,1,2,2,5,0,0,0,0,true,,false,false,false,false,false,,,,,,false,false,false,,,false,false,false,false,false,-83.06277,42.44582,"{
  ""coordinates"": [
    -8.306277453300000e+01,
    4.244582186900000e+01
  ],
  ""type"": ""Point""
}","{
  ""coordinates"": [
    -83.062774533,
    42.445821869
  ],
  ""type"": ""Point""
}",-83.062774533,42.445821869
21392,9164126,M-39,PLYMOUTH,2015-01-16,16,1,2015,16,6,5,3,,1,0,,97,98,98,55,3,2,2,5,0,0,0,0,true,,false,false,true,false,false,,,,,,false,false,false,,,false,false,false,false,false,-83.21645,42.36935,"{
  ""coordinates"": [
    -8.321644318599991e+01,
    4.236935000900010e+01
  ],
  ""type"": ""Point""
}","{
  ""coordinates"": [
    -83.216443186,
    42.369350009
  ],
  ""type"": ""Point""
}",-83.2164431859999,42.3693500090001
21393,9160939,OUTER,MOUND,2015-01-16,16,1,2015,10,6,4,9,,2,0,,1,1,1,35,6,2,3,5,0,0,0,0,true,,false,false,false,false,false,,,,,,false,false,true,,,false,false,false,false,false,-83.04405,42.44072,"{
  ""coordinates"": [
    -8.304404991599991e+01,
    4.244071448200000e+01
  ],
  ""type"": ""Point""
}","{
  ""coordinates"": [
    -83.044049916,
    42.440714482
  ],
  ""type"": ""Point""
}",-83.0440499159999,42.440714482
21394,9214922,VAN DYKE,VAN DYKE,2015-01-16,16,1,2015,1,6,97,9,,,0,,1,1,1,35,3,2,3,5,0,0,0,0,true,,false,false,false,false,false,,,,,,false,true,false,,,false,false,false,false,false,-82.99566,42.35236,"{
  ""coordinates"": [
    -8.299566242299990e+01,
    4.235236304000010e+01
  ],
  ""type"": ""Point""
}","{
  ""coordinates"": [
    -82.995662423,
    42.35236304
  ],
  ""type"": ""Point""
}",-82.9956624229999,42.3523630400001
21395,9214939,VAN DYKE,7 MILE,2015-01-16,16,1,2015,21,6,2,3,,1,0,,1,1,4,35,3,2,1,5,0,0,0,0,true,,false,false,true,false,false,,,,,,false,false,true,,,false,false,false,false,false,-83.02425,42.43394,"{
  ""coordinates"": [
    -8.302424705999989e+01,
    4.243393922700010e+01
  ],
  ""type"": ""Point""
}","{
  ""coordinates"": [
    -83.02424706,
    42.433939227
  ],
  ""type"": ""Point""
}",-83.0242470599999,42.4339392270001
21396,9159304,7 MILE,7 MILE,2015-01-16,16,1,2015,17,6,5,3,,2,0,,3,1,4,35,4,2,3,5,0,0,0,0,true,,false,false,false,false,false,,,,,,false,false,false,,,false,false,false,false,false,-83.11545,42.43213,"{
  ""coordinates"": [
    -8.311544907099990e+01,
    4.243212390000010e+01
  ],
  ""type"": ""Point""
}","{
  ""coordinates"": [
    -83.115449071,
    42.4321239
  ],
  ""type"": ""Point""
}",-83.1154490709999,42.4321239000001
21397,9187568,VERNOR,LANSING,2015-01-16,16,1,2015,23,6,7,9,,4,0,,1,1,5,30,2,2,0,5,0,0,0,0,true,,false,false,true,false,false,,,,,,false,false,false,,,false,false,false,false,false,-83.09818,42.31932,"{
  ""coordinates"": [
    -8.309817391999999e+01,
    4.231931785000010e+01
  ],
  ""type"": ""Point""
}","{
  ""coordinates"": [
    -83.09817392,
    42.31931785
  ],
  ""type"": ""Point""
}",-83.09817392,42.3193178500001
21398,9206958,RUSSELL,NAPOLEAN,2015-01-16,16,1,2015,15,6,8,9,,4,0,,1,1,1,0,2,2,2,5,0,0,0,0,true,,false,false,false,false,false,,,,,,false,false,false,,,false,false,false,false,false,-83.03992,42.34555,"{
  ""coordinates"": [
    -8.303992100499990e+01,
    4.234555291100000e+01
  ],
  ""type"": ""Point""
}","{
  ""coordinates"": [
    -83.039921005,
    42.345552911
  ],
  ""type"": ""Point""
}",-83.0399210049999,42.345552911
21399,9209361,SHELBY,CONGRESS,2015-01-16,16,1,2015,18,6,8,9,,4,0,,1,1,4,0,2,2,2,5,0,0,0,0,true,,false,false,false,false,false,,,,,,false,true,false,,,false,false,false,false,false,-83.04806,42.32923,"{
  ""coordinates"": [
    -8.304805802200001e+01,
    4.232922999000000e+01
  ],
  ""type"": ""Point""
}","{
  ""coordinates"": [
    -83.048058022,
    42.32922999
  ],
  ""type"": ""Point""
}",-83.048058022,42.32922999
21400,9161793,EB I-94,NOTTINGHAM,2015-01-16,16,1,2015,16,6,5,1,,1,0,,1,1,1,55,3,2,2,5,0,0,0,0,true,,false,false,false,false,false,,,,,,false,false,false,,,false,false,false,false,false,-82.95359,42.40684,"{
  ""coordinates"": [
    -8.295359279900001e+01,
    4.240684224500010e+01
  ],
  ""type"": ""Point""
}","{
  ""coordinates"": [
    -82.953592799,
    42.406842245
  ],
  ""type"": ""Point""
}",-82.953592799,42.4068422450001
21401,9182654,CHURCH,10TH,2015-01-16,16,1,2015,8,6,1,9,,,0,,6,1,1,25,2,2,2,5,0,0,0,0,true,,false,false,false,false,false,,,,,,false,false,false,,,false,false,false,true,false,-83.06796,42.3306,"{
  ""coordinates"": [
    -8.306795510300000e+01,
    4.233060192300010e+01
  ],
  ""type"": ""Point""
}","{
  ""coordinates"": [
    -83.067955103,
    42.330601923
  ],
  ""type"": ""Point""
}",-83.067955103,42.3306019230001
21402,9160100,S/B I-75,FERRY,2015-01-16,16,1,2015,19,6,1,1,,1,1,,1,1,4,55,3,1,2,5,0,0,0,0,true,,false,false,false,false,false,,,,,,false,false,false,,,false,false,false,false,false,-83.05673,42.36538,"{
  ""coordinates"": [
    -8.305673051900000e+01,
    4.236538096700010e+01
  ],
  ""type"": ""Point""
}","{
  ""coordinates"": [
    -83.056730519,
    42.365380967
  ],
  ""type"": ""Point""
}",-83.056730519,42.3653809670001
21403,9159352,MEYERS,CURTIS,2015-01-16,16,1,2015,9,6,5,9,,4,0,,1,1,1,30,2,2,2,4,0,0,0,1,false,,false,false,true,false,false,,,,,,false,false,false,,,false,false,false,false,false,-83.17043,42.42412,"{
  ""coordinates"": [
    -8.317043446000000e+01,
    4.242412262100000e+01
  ],
  ""type"": ""Point""
}","{
  ""coordinates"": [
    -83.17043446,
    42.424122621
  ],
  ""type"": ""Point""
}",-83.17043446,42.424122621
21404,9163118,SCHAEFER,MCNICHOLS,2015-01-16,16,1,2015,19,6,4,9,,4,0,,1,2,4,30,2,2,2,4,0,0,0,1,false,,false,false,true,false,false,,,,,,false,false,true,,,false,false,false,false,false,-83.17979,42.41653,"{
  ""coordinates"": [
    -8.317979494699991e+01,
    4.241653096400010e+01
  ],
  ""type"": ""Point""
}","{
  ""coordinates"": [
    -83.179794947,
    42.416530964
  ],
  ""type"": ""Point""
}",-83.1797949469999,42.4165309640001
21405,9187575,LAWNDALE,MCGRAW,2015-01-16,16,1,2015,14,6,97,9,,,0,,3,1,1,25,3,2,2,5,0,0,0,0,true,,false,false,false,false,false,,,,,,false,false,true,,,false,false,false,false,false,-83.15019,42.33201,"{
  ""coordinates"": [
    -8.315019218000000e+01,
    4.233201007100010e+01
  ],
  ""type"": ""Point""
}","{
  ""coordinates"": [
    -83.15019218,
    42.332010071
  ],
  ""type"": ""Point""
}",-83.15019218,42.3320100710001
21406,9159315,LAFAYETTE,CHENE,2015-01-16,16,1,2015,10,6,3,9,,4,0,,6,1,1,35,2,2,3,5,0,0,0,0,true,,false,false,false,false,false,,,,,,false,false,true,,,false,false,false,false,false,-83.02466,42.34132,"{
  ""coordinates"": [
    -8.302466127000000e+01,
    4.234131442400010e+01
  ],
  ""type"": ""Point""
}","{
  ""coordinates"": [
    -83.02466127,
    42.341314424
  ],
  ""type"": ""Point""
}",-83.02466127,42.3413144240001
21407,9159313,GRAND RIVER,CHERRYLAWN,2015-01-16,16,1,2015,17,6,97,3,,1,0,,3,2,1,35,6,2,2,5,0,0,0,0,true,,true,false,true,false,false,,,,,,false,false,false,,,false,false,false,false,false,-83.15395,42.37477,"{
  ""coordinates"": [
    -8.315395162300000e+01,
    4.237477200600010e+01
  ],
  ""type"": ""Point""
}","{
  ""coordinates"": [
    -83.153951623,
    42.374772006
  ],
  ""type"": ""Point""
}",-83.153951623,42.3747720060001
21408,9161810,S/B I75,DAVISON,2015-01-16,16,1,2015,16,6,5,1,,1,0,,1,1,1,70,4,3,4,5,0,0,0,0,true,,false,false,false,false,false,,,,,,false,false,true,,,false,false,false,false,false,-83.08162,42.41111,"{
  ""coordinates"": [
    -8.308161778200000e+01,
    4.241111018200010e+01
  ],
  ""type"": ""Point""
}","{
  ""coordinates"": [
    -83.081617782,
    42.411110182
  ],
  ""type"": ""Point""
}",-83.081617782,42.4111101820001
21409,9167634,JOHN R,W I 94,2015-01-16,16,1,2015,10,6,4,1,,4,0,,6,1,1,30,2,2,3,2,0,1,0,1,false,,true,true,false,false,false,,,,,,false,false,true,,,false,false,false,false,false,-83.06686,42.36475,"{
  ""coordinates"": [
    -8.306685901000000e+01,
    4.236474429000000e+01
  ],
  ""type"": ""Point""
}","{
  ""coordinates"": [
    -83.06685901,
    42.36474429
  ],
  ""type"": ""Point""
}",-83.06685901,42.36474429
21410,9161727,RAMP 216H,FERRY,2015-01-16,16,1,2015,13,6,8,1,,1,0,,1,1,1,55,1,2,3,5,0,0,0,0,true,,false,false,false,false,false,,,,,,false,false,false,,,false,false,false,false,false,-83.05837,42.36579,"{
  ""coordinates"": [
    -8.305837292299999e+01,
    4.236579248300010e+01
  ],
  ""type"": ""Point""
}","{
  ""coordinates"": [
    -83.058372923,
    42.365792483
  ],
  ""type"": ""Point""
}",-83.058372923,42.3657924830001
21411,9159351,PINEHURST,8 MILE,2015-01-16,16,1,2015,10,6,9,3,,,2,,4,1,1,25,2,2,3,5,0,0,0,0,true,,false,false,false,false,false,,,,,,false,false,false,,,false,false,false,false,false,-83.16797,42.44515,"{
  ""coordinates"": [
    -8.316796521299990e+01,
    4.244515320000000e+01
  ],
  ""type"": ""Point""
}","{
  ""coordinates"": [
    -83.167965213,
    42.4451532
  ],
  ""type"": ""Point""
}",-83.1679652129999,42.4451532
21412,9161729,I-94,CHALMERS,2015-01-16,16,1,2015,15,6,5,1,,1,0,,1,1,1,55,3,2,2,5,0,0,0,0,true,,false,false,true,false,false,,,,,,false,false,false,,,false,false,false,false,false,-82.95969,42.40509,"{
  ""coordinates"": [
    -8.295969208299989e+01,
    4.240508971100010e+01
  ],
  ""type"": ""Point""
}","{
  ""coordinates"": [
    -82.959692083,
    42.405089711
  ],
  ""type"": ""Point""
}",-82.9596920829999,42.4050897110001
21413,9167647,OUTER,SOUTHFIELD SERVICE DRIVE,2015-01-16,16,1,2015,4,6,5,9,,2,0,,2,1,4,35,2,2,4,5,0,0,0,0,true,,false,false,false,false,false,,,,,,false,false,false,,,false,false,false,false,false,-83.21924,42.41906,"{
  ""coordinates"": [
    -8.321923889300000e+01,
    4.241906426600010e+01
  ],
  ""type"": ""Point""
}","{
  ""coordinates"": [
    -83.219238893,
    42.419064266
  ],
  ""type"": ""Point""
}",-83.219238893,42.4190642660001
21414,9194331,BAGLEY,3RD,2015-01-16,16,1,2015,3,6,5,9,,4,0,,2,1,2,35,4,2,2,5,0,0,0,0,true,,false,false,false,false,false,,,,,,false,true,false,,,false,false,false,false,false,-83.05767,42.33232,"{
  ""coordinates"": [
    -8.305766903599989e+01,
    4.233232605600010e+01
  ],
  ""type"": ""Point""
}","{
  ""coordinates"": [
    -83.057669036,
    42.332326056
  ],
  ""type"": ""Point""
}",-83.0576690359999,42.3323260560001
21415,9187563,LONYO,JOHN KRONK,2015-01-16,16,1,2015,19,6,1,9,,4,1,,3,2,5,30,3,1,1,5,0,0,0,0,true,,false,false,false,false,false,,,,,,false,false,false,,,false,false,false,false,false,-83.1368,42.3199,"{
  ""coordinates"": [
    -8.313679732799990e+01,
    4.231990015400000e+01
  ],
  ""type"": ""Point""
}","{
  ""coordinates"": [
    -83.136797328,
    42.319900154
  ],
  ""type"": ""Point""
}",-83.1367973279999,42.319900154
21416,9206957,VAN DYKE,MCNICHOLS,2015-01-16,16,1,2015,13,6,8,3,,1,0,,1,1,1,0,7,2,3,4,0,0,0,1,false,,false,false,false,false,false,,,,,,false,true,false,,,false,false,false,false,false,-83.0237,42.41937,"{
  ""coordinates"": [
    -8.302369903700000e+01,
    4.241937370100000e+01
  ],
  ""type"": ""Point""
}","{
  ""coordinates"": [
    -83.023699037,
    42.419373701
  ],
  ""type"": ""Point""
}",-83.023699037,42.419373701
21417,9161790,I-94,WOODWARD,2015-01-16,16,1,2015,6,6,8,1,,1,0,,1,1,4,55,3,2,2,5,0,0,0,0,true,,false,false,false,false,false,,,,,,false,true,false,,,false,false,false,false,false,-83.06861,42.36391,"{
  ""coordinates"": [
    -8.306861063400000e+01,
    4.236390690000010e+01
  ],
  ""type"": ""Point""
}","{
  ""coordinates"": [
    -83.068610634,
    42.3639069
  ],
  ""type"": ""Point""
}",-83.068610634,42.3639069000001
21418,9158072,N M 10,RAMP 215E,2015-01-15,15,1,2015,18,5,5,3,,1,0,,1,2,4,55,3,2,2,5,0,0,0,0,true,,false,false,false,false,false,,,,,,false,false,false,,,false,false,false,false,false,-83.0782,42.36237,"{
  ""coordinates"": [
    -8.307819882299999e+01,
    4.236237360500010e+01
  ],
  ""type"": ""Point""
}","{
  ""coordinates"": [
    -83.078198823,
    42.362373605
  ],
  ""type"": ""Point""
}",-83.078198823,42.3623736050001
21419,9164128,I-96/I-75 SERVICE DRIVE,ROSA PARKS,2015-01-15,15,1,2015,18,5,8,1,,4,0,,97,98,98,55,2,2,2,5,0,0,0,0,true,,false,false,true,false,false,,,,,,false,true,false,,,false,false,false,false,false,-83.07459,42.33224,"{
  ""coordinates"": [
    -8.307459087300001e+01,
    4.233224192000010e+01
  ],
  ""type"": ""Point""
}","{
  ""coordinates"": [
    -83.074590873,
    42.33224192
  ],
  ""type"": ""Point""
}",-83.074590873,42.3322419200001
21420,9158067,W I 96 CD,EVERGREEN,2015-01-15,15,1,2015,0,5,1,1,,1,1,,1,1,4,70,3,1,1,5,0,0,0,0,true,,false,false,false,false,false,,,,,,false,false,false,,,false,false,false,false,false,-83.23611,42.38031,"{
  ""coordinates"": [
    -8.323610649499990e+01,
    4.238030879100010e+01
  ],
  ""type"": ""Point""
}","{
  ""coordinates"": [
    -83.236106495,
    42.380308791
  ],
  ""type"": ""Point""
}",-83.2361064949999,42.3803087910001
21421,9161770,I-96,CHICAGO,2015-01-15,15,1,2015,13,5,1,1,,1,1,,1,2,1,70,4,1,1,4,0,0,0,1,false,,false,false,false,false,false,,,,,,false,false,false,,,false,false,false,false,false,-83.14021,42.36768,"{
  ""coordinates"": [
    -8.314020498600000e+01,
    4.236767939000000e+01
  ],
  ""type"": ""Point""
}","{
  ""coordinates"": [
    -83.140204986,
    42.36767939
  ],
  ""type"": ""Point""
}",-83.140204986,42.36767939
21422,9214921,MOENART,NEVADA,2015-01-15,15,1,2015,5,5,8,9,,,0,,4,1,5,25,1,2,0,5,0,0,0,0,true,,false,false,true,false,false,,,,,,false,false,false,,,false,false,false,false,false,-83.04997,42.4267,"{
  ""coordinates"": [
    -8.304997287399991e+01,
    4.242670479500000e+01
  ],
  ""type"": ""Point""
}","{
  ""coordinates"": [
    -83.049972874,
    42.426704795
  ],
  ""type"": ""Point""
}",-83.0499728739999,42.426704795
21423,9159320,LARNED,ORLEANS,2015-01-15,15,1,2015,13,5,4,9,,4,0,,1,1,1,30,2,2,2,5,0,0,0,0,true,,false,false,false,false,false,,,,,,false,true,false,,,false,false,false,false,false,-83.02911,42.33638,"{
  ""coordinates"": [
    -8.302911508200000e+01,
    4.233637656800000e+01
  ],
  ""type"": ""Point""
}","{
  ""coordinates"": [
    -83.029115082,
    42.336376568
  ],
  ""type"": ""Point""
}",-83.029115082,42.336376568
21424,9158158,N M 39,JOY,2015-01-15,15,1,2015,17,5,97,3,,1,0,,3,2,1,55,8,2,2,5,0,0,0,0,true,,false,false,false,false,false,,,,,,false,false,true,,,false,false,false,false,false,-83.21627,42.35508,"{
  ""coordinates"": [
    -8.321627158900000e+01,
    4.235507941000000e+01
  ],
  ""type"": ""Point""
}","{
  ""coordinates"": [
    -83.216271589,
    42.35507941
  ],
  ""type"": ""Point""
}",-83.216271589,42.35507941
21425,9206968,ANTHONY WAYNE,WARREN,2015-01-15,15,1,2015,23,5,4,9,,4,0,,1,1,4,30,3,2,3,5,0,0,0,0,true,,false,false,false,false,false,,,,,,false,false,true,,,false,false,false,false,false,-83.07143,42.35464,"{
  ""coordinates"": [
    -8.307142850699999e+01,
    4.235464379000010e+01
  ],
  ""type"": ""Point""
}","{
  ""coordinates"": [
    -83.071428507,
    42.35464379
  ],
  ""type"": ""Point""
}",-83.071428507,42.3546437900001
21426,9158214,INDIANA,MCNICHOLS,2015-01-15,15,1,2015,15,5,4,9,,,0,,3,1,1,25,2,2,2,5,0,0,0,0,true,,false,false,false,false,false,,,,,,false,true,false,,,false,false,false,false,false,-83.15816,42.41724,"{
  ""coordinates"": [
    -8.315816018000000e+01,
    4.241724580300010e+01
  ],
  ""type"": ""Point""
}","{
  ""coordinates"": [
    -83.15816018,
    42.417245803
  ],
  ""type"": ""Point""
}",-83.15816018,42.4172458030001
21427,9233097,OAKMAN,LINWOOD,2015-01-15,15,1,2015,10,5,9,9,,4,2,,4,5,1,25,2,2,0,5,0,0,0,0,true,,false,false,true,false,false,,,,,,false,false,false,,,false,false,false,false,false,-83.12534,42.39803,"{
  ""coordinates"": [
    -8.312534164300000e+01,
    4.239802668300010e+01
  ],
  ""type"": ""Point""
}","{
  ""coordinates"": [
    -83.125341643,
    42.398026683
  ],
  ""type"": ""Point""
}",-83.125341643,42.3980266830001
21428,9214991,7 MILE,DEAN,2015-01-15,15,1,2015,16,5,97,9,,4,0,,1,1,3,30,2,2,3,5,0,0,0,0,true,,false,false,true,false,false,,,,,,false,false,false,,,false,false,false,false,false,-83.06217,42.43315,"{
  ""coordinates"": [
    -8.306217377099991e+01,
    4.243314951900000e+01
  ],
  ""type"": ""Point""
}","{
  ""coordinates"": [
    -83.062173771,
    42.433149519
  ],
  ""type"": ""Point""
}",-83.0621737709999,42.433149519
21429,9165734,FRENCH,MCNICHOLS,2015-01-15,15,1,2015,19,5,1,9,,4,0,,3,1,4,25,1,1,2,5,0,0,0,0,true,,false,false,false,false,false,,,,,,false,false,false,,,false,false,false,false,false,-83.01925,42.41948,"{
  ""coordinates"": [
    -8.301924520100000e+01,
    4.241947480900010e+01
  ],
  ""type"": ""Point""
}","{
  ""coordinates"": [
    -83.019245201,
    42.419474809
  ],
  ""type"": ""Point""
}",-83.019245201,42.4194748090001
21430,9206123,THIRD,MICHIGAN,2015-01-15,15,1,2015,6,5,97,9,,4,0,,1,1,1,25,3,2,2,5,0,0,0,0,true,,false,false,false,false,false,,,,,,false,false,false,,,false,false,false,false,false,-83.05836,42.33345,"{
  ""coordinates"": [
    -8.305836661799999e+01,
    4.233344849500000e+01
  ],
  ""type"": ""Point""
}","{
  ""coordinates"": [
    -83.058366618,
    42.333448495
  ],
  ""type"": ""Point""
}",-83.058366618,42.333448495
21431,9159311,MCGRAW,WEIR,2015-01-15,15,1,2015,18,5,8,3,,4,0,,1,1,1,30,2,2,2,5,0,0,0,0,true,,false,false,false,false,false,,,,,,false,false,false,,,false,false,false,false,false,-83.15526,42.32996,"{
  ""coordinates"": [
    -8.315525509299989e+01,
    4.232995977800000e+01
  ],
  ""type"": ""Point""
}","{
  ""coordinates"": [
    -83.155255093,
    42.329959778
  ],
  ""type"": ""Point""
}",-83.1552550929999,42.329959778
21432,9167637,PLYMOUTH,SOUTHFIELD SERVICE DRIVE,2015-01-15,15,1,2015,1,5,1,9,,4,0,,1,1,4,35,5,1,1,5,0,0,0,0,true,,false,false,false,false,false,,,,,,false,false,false,,,false,false,false,false,false,-83.21715,42.37225,"{
  ""coordinates"": [
    -8.321714603800000e+01,
    4.237224885300000e+01
  ],
  ""type"": ""Point""
}","{
  ""coordinates"": [
    -83.217146038,
    42.372248853
  ],
  ""type"": ""Point""
}",-83.217146038,42.372248853
21433,9158156,ANNCHESTER,SANTA CLARA,2015-01-15,15,1,2015,13,5,97,9,,,0,,2,1,1,35,2,2,1,5,0,0,0,0,true,,false,false,true,false,false,,,,,,false,false,false,,,false,false,false,false,false,-83.23512,42.41932,"{
  ""coordinates"": [
    -8.323512640199991e+01,
    4.241932045800010e+01
  ],
  ""type"": ""Point""
}","{
  ""coordinates"": [
    -83.235126402,
    42.419320458
  ],
  ""type"": ""Point""
}",-83.2351264019999,42.4193204580001
21434,9182667,LAFAYETTE,TRUMBULL,2015-01-15,15,1,2015,20,5,4,9,,4,0,,4,2,4,30,8,2,6,2,0,4,2,0,false,,false,false,true,true,true,,,,,,false,false,true,,,false,false,false,false,false,-83.06235,42.32546,"{
  ""coordinates"": [
    -8.306234694299999e+01,
    4.232545912900010e+01
  ],
  ""type"": ""Point""
}","{
  ""coordinates"": [
    -83.062346943,
    42.325459129
  ],
  ""type"": ""Point""
}",-83.062346943,42.3254591290001
21435,9606669,GRATIOT,8 MILE,2015-01-15,15,1,2015,16,5,5,3,,1,0,,1,1,1,35,6,2,2,5,0,0,0,0,true,,true,true,false,false,false,,,,,,false,false,false,,,false,false,false,false,false,-82.96801,42.44972,"{
  ""coordinates"": [
    -8.296800778600000e+01,
    4.244971807600010e+01
  ],
  ""type"": ""Point""
}","{
  ""coordinates"": [
    -82.968007786,
    42.449718076
  ],
  ""type"": ""Point""
}",-82.968007786,42.4497180760001
21436,9161723,I-75,CASS,2015-01-15,15,1,2015,9,5,5,1,,1,0,,1,2,2,55,4,2,3,5,0,0,0,0,true,,false,false,false,false,false,,,,,,false,false,false,,,false,false,false,false,false,-83.05791,42.33712,"{
  ""coordinates"": [
    -8.305791796200000e+01,
    4.233712006800000e+01
  ],
  ""type"": ""Point""
}","{
  ""coordinates"": [
    -83.057917962,
    42.337120068
  ],
  ""type"": ""Point""
}",-83.057917962,42.337120068
21437,9206107,JEFFERSON,RANDOLPH,2015-01-15,15,1,2015,16,5,8,3,,1,0,,1,1,1,35,4,2,2,5,0,0,0,0,true,,false,false,false,false,false,,,,,,false,false,false,,,false,false,false,false,false,-83.04203,42.32994,"{
  ""coordinates"": [
    -8.304202779600000e+01,
    4.232993535200010e+01
  ],
  ""type"": ""Point""
}","{
  ""coordinates"": [
    -83.042027796,
    42.329935352
  ],
  ""type"": ""Point""
}",-83.042027796,42.3299353520001
21438,9159295,GRAND RIVER,GREENFIELD,2015-01-15,15,1,2015,19,5,8,3,,1,3,,4,1,5,35,7,2,2,5,0,0,0,0,true,,false,false,false,false,false,,,,,,false,false,false,,,false,false,false,false,false,-83.19754,42.39233,"{
  ""coordinates"": [
    -8.319754360199990e+01,
    4.239232690300000e+01
  ],
  ""type"": ""Point""
}","{
  ""coordinates"": [
    -83.197543602,
    42.392326903
  ],
  ""type"": ""Point""
}",-83.1975436019999,42.392326903
21439,9161768,I-75,8 MILE,2015-01-15,15,1,2015,10,5,8,1,,1,0,,1,1,1,70,4,2,1,5,0,0,0,0,true,,false,false,true,false,false,,,,,,false,false,false,,,false,false,false,false,false,-83.09518,42.43957,"{
  ""coordinates"": [
    -8.309518747100000e+01,
    4.243956610200010e+01
  ],
  ""type"": ""Point""
}","{
  ""coordinates"": [
    -83.095187471,
    42.439566102
  ],
  ""type"": ""Point""
}",-83.095187471,42.4395661020001