ObjectId,Crash ID,Primary Road,Intersecting Road,Crash Date,Day,Month,Year,Hour,Weekday,Crash Type Code,Highway Classification Code,Community Code,Jurisdiction Code,Lane Departure Type Code,Surface Type,Road Condition,Weather Condition,Lighting Condition,Speed Limit,Lanes,Units,Occupants,Most Severe Injury,Fatal Injuries,Suspected Serious Injuries,Suspected Minor Injuries,Possible Injuries,Property Damage Only,Secondary Crash,Traffic Control,Red Light Run,Hit and Run,Alcohol,Drugs,Unbelted Person,Work Zone,Speeding Driver,Distracted Driver,Driveway,Pedestrian,Elderly Driver,Young Driver,Commercial Vehicle,Emergency Vehicles,Train,School Bus,Motorcycle,Bicycle,Deer,Longitude,Latitude,geom,geog,x,y
21440,9159312,EVERGREEN,SANTA MARIA,2015-01-15,15,1,2015,23,5,97,9,,4,0,,3,2,3,35,2,2,1,5,0,0,0,0,true,,false,false,true,false,false,,,,,,false,false,false,,,false,false,false,false,false,-83.23828,42.41698,"{
  ""coordinates"": [
    -8.323827775500000e+01,
    4.241697948200000e+01
  ],
  ""type"": ""Point""
}","{
  ""coordinates"": [
    -83.238277755,
    42.416979482
  ],
  ""type"": ""Point""
}",-83.238277755,42.416979482
21441,9202932,GUILFORD,BREMEN,2015-01-15,15,1,2015,11,5,97,9,,,0,,1,2,1,25,3,2,2,5,0,0,0,0,true,,false,false,false,false,false,,,,,,false,false,false,,,false,false,false,false,false,-82.92268,42.40046,"{
  ""coordinates"": [
    -8.292267626200000e+01,
    4.240046495200000e+01
  ],
  ""type"": ""Point""
}","{
  ""coordinates"": [
    -82.922676262,
    42.400464952
  ],
  ""type"": ""Point""
}",-82.922676262,42.400464952
21442,9167671,INTERVALE,ROSELAWN,2015-01-15,15,1,2015,16,5,4,9,,,0,,3,1,1,25,2,2,3,5,0,0,0,0,true,,false,false,true,false,false,,,,,,false,false,true,,,false,false,false,false,false,-83.15102,42.39183,"{
  ""coordinates"": [
    -8.315101811800000e+01,
    4.239183488400000e+01
  ],
  ""type"": ""Point""
}","{
  ""coordinates"": [
    -83.151018118,
    42.391834884
  ],
  ""type"": ""Point""
}",-83.151018118,42.391834884
21443,9161698,I-96,CHICAGO,2015-01-15,15,1,2015,16,5,8,1,,1,0,,1,2,1,70,4,2,1,3,0,0,1,0,false,,false,false,false,false,false,,,,,,false,false,false,,,false,false,false,false,false,-83.14388,42.36958,"{
  ""coordinates"": [
    -8.314388249599990e+01,
    4.236957543100000e+01
  ],
  ""type"": ""Point""
}","{
  ""coordinates"": [
    -83.143882496,
    42.369575431
  ],
  ""type"": ""Point""
}",-83.1438824959999,42.369575431
21444,9182630,WOODWARD,SEWARD,2015-01-15,15,1,2015,8,5,4,3,,1,0,,1,1,1,30,7,2,4,4,0,0,0,2,false,,false,false,false,false,false,,,,,,false,false,false,,,false,false,false,false,false,-83.07667,42.37529,"{
  ""coordinates"": [
    -8.307666411799990e+01,
    4.237528700800000e+01
  ],
  ""type"": ""Point""
}","{
  ""coordinates"": [
    -83.076664118,
    42.375287008
  ],
  ""type"": ""Point""
}",-83.0766641179999,42.375287008
21445,9206121,JEFFERSON,WOODWARD,2015-01-15,15,1,2015,19,5,6,3,,1,0,,1,1,4,30,3,2,5,5,0,0,0,0,true,,false,false,false,false,false,,,,,,false,false,false,,,false,false,false,false,false,-83.04428,42.32858,"{
  ""coordinates"": [
    -8.304428114599990e+01,
    4.232857796000010e+01
  ],
  ""type"": ""Point""
}","{
  ""coordinates"": [
    -83.044281146,
    42.32857796
  ],
  ""type"": ""Point""
}",-83.0442811459999,42.3285779600001
21446,9199207,PEERLESS,CASINO,2015-01-15,15,1,2015,4,5,9,9,,,2,,3,1,1,25,2,2,4,5,0,0,0,0,true,,false,false,true,false,false,,,,,,false,false,false,,,false,false,false,false,false,-82.9383,42.42367,"{
  ""coordinates"": [
    -8.293830383900000e+01,
    4.242366840600000e+01
  ],
  ""type"": ""Point""
}","{
  ""coordinates"": [
    -82.938303839,
    42.423668406
  ],
  ""type"": ""Point""
}",-82.938303839,42.423668406
21447,9158068,M-8,I 75,2015-01-15,15,1,2015,18,5,1,3,,1,1,,1,1,4,55,3,1,0,4,0,0,0,1,false,,false,false,true,false,false,,,,,,false,false,false,,,false,false,false,false,false,-83.08105,42.40831,"{
  ""coordinates"": [
    -8.308104331999991e+01,
    4.240830796300000e+01
  ],
  ""type"": ""Point""
}","{
  ""coordinates"": [
    -83.08104332,
    42.408307963
  ],
  ""type"": ""Point""
}",-83.0810433199999,42.408307963
21448,9158202,RAMP 107A,KEELER,2015-01-15,15,1,2015,16,5,8,3,,1,0,,1,1,1,30,4,2,2,5,0,0,0,0,true,,false,false,false,false,false,,,,,,false,false,false,,,false,false,false,false,false,-83.14268,42.40449,"{
  ""coordinates"": [
    -8.314267816599990e+01,
    4.240449165900000e+01
  ],
  ""type"": ""Point""
}","{
  ""coordinates"": [
    -83.142678166,
    42.404491659
  ],
  ""type"": ""Point""
}",-83.1426781659999,42.404491659
21449,9158047,M-39,I-96,2015-01-15,15,1,2015,18,5,5,3,,1,0,,1,1,4,55,3,2,2,5,0,0,0,0,true,,false,false,false,false,false,,,,,,false,false,false,,,false,false,false,false,false,-83.21706,42.37835,"{
  ""coordinates"": [
    -8.321706572100000e+01,
    4.237835435200000e+01
  ],
  ""type"": ""Point""
}","{
  ""coordinates"": [
    -83.217065721,
    42.378354352
  ],
  ""type"": ""Point""
}",-83.217065721,42.378354352
21450,9160925,N M 39,JOY,2015-01-15,15,1,2015,17,5,5,3,,1,0,,1,1,1,55,3,2,2,4,0,0,0,1,false,,false,false,false,false,false,,,,,,false,false,true,,,false,false,false,false,false,-83.21638,42.35772,"{
  ""coordinates"": [
    -8.321638174000000e+01,
    4.235771686400010e+01
  ],
  ""type"": ""Point""
}","{
  ""coordinates"": [
    -83.21638174,
    42.357716864
  ],
  ""type"": ""Point""
}",-83.21638174,42.3577168640001
21451,9158073,N M 10,RAMP 215E,2015-01-15,15,1,2015,18,5,8,3,,1,0,,1,2,4,55,3,2,2,5,0,0,0,0,true,,false,false,false,false,false,,,,,,false,false,false,,,false,false,false,false,false,-83.07816,42.36232,"{
  ""coordinates"": [
    -8.307816198800001e+01,
    4.236232261100000e+01
  ],
  ""type"": ""Point""
}","{
  ""coordinates"": [
    -83.078161988,
    42.362322611
  ],
  ""type"": ""Point""
}",-83.078161988,42.362322611
21452,9172888,OUTER,BARHAM,2015-01-15,15,1,2015,8,5,4,9,,2,0,,1,1,1,30,2,2,2,5,0,0,0,0,true,,false,false,false,false,false,,,,,,false,true,false,,,false,false,false,false,false,-82.95376,42.40354,"{
  ""coordinates"": [
    -8.295376187799999e+01,
    4.240353940200000e+01
  ],
  ""type"": ""Point""
}","{
  ""coordinates"": [
    -82.953761878,
    42.403539402
  ],
  ""type"": ""Point""
}",-82.953761878,42.403539402
21453,9158055,S I 75,RAMP 044D,2015-01-15,15,1,2015,22,5,1,1,,1,1,,2,1,4,55,4,1,1,5,0,0,0,0,true,,false,false,false,false,false,,,,,,false,false,false,,,false,false,false,false,false,-83.05289,42.35831,"{
  ""coordinates"": [
    -8.305288581100000e+01,
    4.235831465000010e+01
  ],
  ""type"": ""Point""
}","{
  ""coordinates"": [
    -83.052885811,
    42.35831465
  ],
  ""type"": ""Point""
}",-83.052885811,42.3583146500001
21454,9172942,GREENVIEW,OUTER,2015-01-15,15,1,2015,8,5,4,9,,,0,,2,1,1,35,4,2,1,5,0,0,0,0,true,,false,false,false,false,false,,,,,,false,false,false,,,false,false,false,false,false,-83.22489,42.41894,"{
  ""coordinates"": [
    -8.322488973599999e+01,
    4.241893700000000e+01
  ],
  ""type"": ""Point""
}","{
  ""coordinates"": [
    -83.224889736,
    42.418937
  ],
  ""type"": ""Point""
}",-83.224889736,42.418937
21455,9182639,WABASH,MICHIGAN,2015-01-15,15,1,2015,13,5,8,2,,,0,,1,1,1,25,2,2,2,5,0,0,0,0,true,,false,false,true,false,false,,,,,,false,false,false,,,false,false,false,false,false,-83.07499,42.33137,"{
  ""coordinates"": [
    -8.307498553600000e+01,
    4.233137278800010e+01
  ],
  ""type"": ""Point""
}","{
  ""coordinates"": [
    -83.074985536,
    42.331372788
  ],
  ""type"": ""Point""
}",-83.074985536,42.3313727880001
21456,9161724,I-94,WOODWARD,2015-01-15,15,1,2015,10,5,8,1,,1,0,,1,2,1,55,3,2,3,5,0,0,0,0,true,,false,false,false,false,false,,,,,,false,false,false,,,false,false,false,false,false,-83.06922,42.3636,"{
  ""coordinates"": [
    -8.306922389099999e+01,
    4.236359682000010e+01
  ],
  ""type"": ""Point""
}","{
  ""coordinates"": [
    -83.069223891,
    42.36359682
  ],
  ""type"": ""Point""
}",-83.069223891,42.3635968200001
21457,9158054,S/B M-39,8 MILE,2015-01-15,15,1,2015,18,5,8,3,,1,0,,1,1,4,55,3,2,2,5,0,0,0,0,true,,false,false,false,false,false,,,,,,false,false,false,,,false,false,false,false,false,-83.21984,42.44278,"{
  ""coordinates"": [
    -8.321984289200000e+01,
    4.244278186200010e+01
  ],
  ""type"": ""Point""
}","{
  ""coordinates"": [
    -83.219842892,
    42.442781862
  ],
  ""type"": ""Point""
}",-83.219842892,42.4427818620001
21458,9214905,6 MILE,GILCHRIST,2015-01-15,15,1,2015,19,5,8,9,,2,0,,1,1,4,35,3,2,1,5,0,0,0,0,true,,false,false,true,false,false,,,,,,false,false,false,,,false,false,false,false,false,-83.21204,42.4157,"{
  ""coordinates"": [
    -8.321204742600000e+01,
    4.241569794600010e+01
  ],
  ""type"": ""Point""
}","{
  ""coordinates"": [
    -83.212047426,
    42.415697946
  ],
  ""type"": ""Point""
}",-83.212047426,42.4156979460001
21459,9160937,MOGUL,HAYES,2015-01-15,15,1,2015,1,5,2,9,,,2,,3,1,4,25,1,2,1,5,0,0,0,0,true,,false,false,false,false,false,,,,,,false,false,false,,,false,false,false,false,false,-82.96414,42.41753,"{
  ""coordinates"": [
    -8.296414162799989e+01,
    4.241752582900010e+01
  ],
  ""type"": ""Point""
}","{
  ""coordinates"": [
    -82.964141628,
    42.417525829
  ],
  ""type"": ""Point""
}",-82.9641416279999,42.4175258290001
21460,9158046,W/B I-94,TRUMBULL,2015-01-15,15,1,2015,18,5,5,1,,1,0,,1,1,3,55,3,3,3,5,0,0,0,0,true,,false,false,false,false,false,,,,,,false,false,false,,,false,false,false,false,false,-83.0814,42.35608,"{
  ""coordinates"": [
    -8.308139819099991e+01,
    4.235607752700000e+01
  ],
  ""type"": ""Point""
}","{
  ""coordinates"": [
    -83.081398191,
    42.356077527
  ],
  ""type"": ""Point""
}",-83.0813981909999,42.356077527
21461,9161722,RAMP 122I,S M 10,2015-01-15,15,1,2015,8,5,5,1,,1,0,,1,2,2,55,2,2,3,5,0,0,0,0,true,,false,false,false,false,false,,,,,,false,false,true,,,false,false,false,false,false,-83.06478,42.33573,"{
  ""coordinates"": [
    -8.306478294999989e+01,
    4.233573338700010e+01
  ],
  ""type"": ""Point""
}","{
  ""coordinates"": [
    -83.06478295,
    42.335733387
  ],
  ""type"": ""Point""
}",-83.0647829499999,42.3357333870001
21462,9158157,JOY,ABINGTON,2015-01-15,15,1,2015,14,5,4,9,,2,0,,1,1,1,35,5,2,3,5,0,0,0,0,true,,true,false,false,false,false,,,,,,false,true,true,,,false,false,false,false,false,-83.21021,42.35796,"{
  ""coordinates"": [
    -8.321021064199989e+01,
    4.235795600200000e+01
  ],
  ""type"": ""Point""
}","{
  ""coordinates"": [
    -83.210210642,
    42.357956002
  ],
  ""type"": ""Point""
}",-83.2102106419999,42.357956002
21463,9172948,SARATOGA,CELESTINE,2015-01-15,15,1,2015,14,5,4,9,,,0,,4,2,1,25,2,2,3,5,0,0,0,0,true,,true,false,true,false,false,,,,,,false,false,false,,,false,false,false,false,false,-82.97264,42.43287,"{
  ""coordinates"": [
    -8.297264025100000e+01,
    4.243286722900010e+01
  ],
  ""type"": ""Point""
}","{
  ""coordinates"": [
    -82.972640251,
    42.432867229
  ],
  ""type"": ""Point""
}",-82.972640251,42.4328672290001
21464,9161789,W I 94,S I 75,2015-01-15,15,1,2015,12,5,8,1,,1,0,,1,2,1,55,3,2,2,5,0,0,0,0,true,,false,false,false,false,false,,,,,,false,false,false,,,false,false,false,false,false,-83.05843,42.36844,"{
  ""coordinates"": [
    -8.305842810900000e+01,
    4.236844261700000e+01
  ],
  ""type"": ""Point""
}","{
  ""coordinates"": [
    -83.058428109,
    42.368442617
  ],
  ""type"": ""Point""
}",-83.058428109,42.368442617
21465,9160942,MEYERS,PURITAN,2015-01-15,15,1,2015,13,5,97,9,,4,0,,1,1,1,30,6,2,2,5,0,0,0,0,true,,false,false,true,false,false,,,,,,false,true,false,,,false,false,false,false,false,-83.16976,42.40956,"{
  ""coordinates"": [
    -8.316976051099989e+01,
    4.240956236100000e+01
  ],
  ""type"": ""Point""
}","{
  ""coordinates"": [
    -83.169760511,
    42.409562361
  ],
  ""type"": ""Point""
}",-83.1697605109999,42.409562361
21466,9214990,MOUND,HAMLET,2015-01-15,15,1,2015,12,5,8,9,,2,0,,1,1,3,30,3,2,1,4,0,0,0,1,false,,false,false,false,false,false,,,,,,false,false,false,,,false,false,false,false,false,-83.04388,42.44653,"{
  ""coordinates"": [
    -8.304387823400000e+01,
    4.244652847900010e+01
  ],
  ""type"": ""Point""
}","{
  ""coordinates"": [
    -83.043878234,
    42.446528479
  ],
  ""type"": ""Point""
}",-83.043878234,42.4465284790001
21467,9159297,INDIANA,SANTA CLARA,2015-01-15,15,1,2015,2,5,97,9,,,3,,1,1,4,25,1,2,0,5,0,0,0,0,true,,false,false,false,false,false,,,,,,false,false,false,,,false,false,false,false,false,-83.15835,42.42057,"{
  ""coordinates"": [
    -8.315834676999999e+01,
    4.242057572600000e+01
  ],
  ""type"": ""Point""
}","{
  ""coordinates"": [
    -83.15834677,
    42.420575726
  ],
  ""type"": ""Point""
}",-83.15834677,42.420575726
21468,9161769,S I 375,JEFFERSON,2015-01-15,15,1,2015,12,5,5,1,,1,0,,1,1,1,55,3,2,2,5,0,0,0,0,true,,false,false,false,false,false,,,,,,false,false,false,,,false,false,false,false,false,-83.03876,42.33126,"{
  ""coordinates"": [
    -8.303875742600000e+01,
    4.233125838900000e+01
  ],
  ""type"": ""Point""
}","{
  ""coordinates"": [
    -83.038757426,
    42.331258389
  ],
  ""type"": ""Point""
}",-83.038757426,42.331258389
21469,9188602,MOROSS,ROSSITER,2015-01-15,15,1,2015,9,5,4,9,,2,0,,1,2,1,35,4,2,3,5,0,0,0,0,true,,true,false,false,false,false,,,,,,false,false,false,,,false,false,false,false,false,-82.94462,42.43129,"{
  ""coordinates"": [
    -8.294461504400000e+01,
    4.243129533300000e+01
  ],
  ""type"": ""Point""
}","{
  ""coordinates"": [
    -82.944615044,
    42.431295333
  ],
  ""type"": ""Point""
}",-82.944615044,42.431295333
21470,9167698,WARREN,N M 10 SERVICE DRIVE,2015-01-15,15,1,2015,21,5,5,9,,4,0,,2,1,4,30,3,2,1,5,0,0,0,0,true,,false,false,true,false,false,,,,,,false,false,true,,,false,false,false,false,false,-83.07305,42.35406,"{
  ""coordinates"": [
    -8.307305114800000e+01,
    4.235406517000010e+01
  ],
  ""type"": ""Point""
}","{
  ""coordinates"": [
    -83.073051148,
    42.35406517
  ],
  ""type"": ""Point""
}",-83.073051148,42.3540651700001
21471,9160926,GRATIOT,BURNS,2015-01-15,15,1,2015,17,5,5,3,,1,0,,1,2,3,35,7,3,3,4,0,0,0,3,false,,false,false,false,false,false,,,,,,false,false,true,,,false,false,false,false,false,-83.01103,42.38434,"{
  ""coordinates"": [
    -8.301103238600000e+01,
    4.238433896700010e+01
  ],
  ""type"": ""Point""
}","{
  ""coordinates"": [
    -83.011032386,
    42.384338967
  ],
  ""type"": ""Point""
}",-83.011032386,42.3843389670001
21472,9158184,OUTER,GREINER,2015-01-15,15,1,2015,12,5,5,9,,2,0,,1,1,1,35,2,2,3,5,0,0,0,0,true,,false,false,false,false,false,,,,,,false,true,false,,,false,false,false,false,false,-83.01401,42.42686,"{
  ""coordinates"": [
    -8.301400720800000e+01,
    4.242685540000010e+01
  ],
  ""type"": ""Point""
}","{
  ""coordinates"": [
    -83.014007208,
    42.4268554
  ],
  ""type"": ""Point""
}",-83.014007208,42.4268554000001
21473,9165579,I-75,WARREN,2015-01-15,15,1,2015,22,5,5,1,,1,3,,3,2,4,55,5,2,1,4,0,0,0,2,false,,false,false,false,false,false,,,,,,false,false,false,,,false,false,false,false,false,-83.05286,42.35828,"{
  ""coordinates"": [
    -8.305286010899989e+01,
    4.235827562600010e+01
  ],
  ""type"": ""Point""
}","{
  ""coordinates"": [
    -83.052860109,
    42.358275626
  ],
  ""type"": ""Point""
}",-83.0528601089999,42.3582756260001
21474,9158203,N M 10,OUTER,2015-01-15,15,1,2015,19,5,5,3,,1,0,,1,1,4,30,3,2,1,4,0,0,0,1,false,,false,false,true,false,false,,,,,,false,false,false,,,false,false,false,false,false,-83.17608,42.42089,"{
  ""coordinates"": [
    -8.317607535199990e+01,
    4.242089461500010e+01
  ],
  ""type"": ""Point""
}","{
  ""coordinates"": [
    -83.176075352,
    42.420894615
  ],
  ""type"": ""Point""
}",-83.1760753519999,42.4208946150001
21475,9188672,N M 10 SERVICE DRIVE,S JOHN C LODGE/N JOHN C LODGE,2015-01-15,15,1,2015,7,5,6,3,,4,0,,4,1,1,35,1,2,2,5,0,0,0,0,true,,false,false,true,false,false,,,,,,false,false,false,,,false,false,false,false,false,-83.07182,42.35189,"{
  ""coordinates"": [
    -8.307181299299999e+01,
    4.235189536000010e+01
  ],
  ""type"": ""Point""
}","{
  ""coordinates"": [
    -83.071812993,
    42.35189536
  ],
  ""type"": ""Point""
}",-83.071812993,42.3518953600001
21476,9206102,JEFFERSON,BEAUBIEN,2015-01-15,15,1,2015,7,5,5,4,,1,0,,1,2,2,30,4,2,2,5,0,0,0,0,true,,false,false,false,false,false,,,,,,false,false,false,,,false,false,false,false,false,-83.03954,42.33063,"{
  ""coordinates"": [
    -8.303954513600000e+01,
    4.233063036200010e+01
  ],
  ""type"": ""Point""
}","{
  ""coordinates"": [
    -83.039545136,
    42.330630362
  ],
  ""type"": ""Point""
}",-83.039545136,42.3306303620001
21477,9182653,CONNER,OUTER,2015-01-15,15,1,2015,6,5,1,9,,4,1,,3,5,2,35,4,2,0,3,0,0,1,0,false,,false,false,true,false,false,,,,,,true,false,false,,,false,false,false,false,false,-83.01821,42.4411,"{
  ""coordinates"": [
    -8.301821031700000e+01,
    4.244109923500010e+01
  ],
  ""type"": ""Point""
}","{
  ""coordinates"": [
    -83.018210317,
    42.441099235
  ],
  ""type"": ""Point""
}",-83.018210317,42.4410992350001
21478,9172895,HUNTINGTON,8 MILE,2015-01-15,15,1,2015,15,5,5,3,,,0,,3,1,1,25,2,2,2,5,0,0,0,0,true,,false,false,false,false,false,,,,,,false,false,true,,,false,false,false,false,false,-83.23452,42.44377,"{
  ""coordinates"": [
    -8.323451847599991e+01,
    4.244376729800010e+01
  ],
  ""type"": ""Point""
}","{
  ""coordinates"": [
    -83.234518476,
    42.443767298
  ],
  ""type"": ""Point""
}",-83.2345184759999,42.4437672980001
21479,9159350,8 MILE,GREENLAWN,2015-01-15,15,1,2015,14,5,5,3,,1,0,,2,1,1,40,4,3,3,4,0,0,0,1,false,,false,false,false,false,false,,,,,,false,false,false,,,false,false,false,false,false,-83.15247,42.44585,"{
  ""coordinates"": [
    -8.315247676500000e+01,
    4.244585095400000e+01
  ],
  ""type"": ""Point""
}","{
  ""coordinates"": [
    -83.152476765,
    42.445850954
  ],
  ""type"": ""Point""
}",-83.152476765,42.445850954
21480,9158175,GRAND RIVER,MCNICHOLS,2015-01-15,15,1,2015,10,5,5,3,,1,0,,1,2,1,35,6,2,2,5,0,0,0,0,true,,false,false,false,false,false,,,,,,false,false,true,,,false,false,false,false,false,-83.25301,42.41466,"{
  ""coordinates"": [
    -8.325301452199990e+01,
    4.241466226400010e+01
  ],
  ""type"": ""Point""
}","{
  ""coordinates"": [
    -83.253014522,
    42.414662264
  ],
  ""type"": ""Point""
}",-83.2530145219999,42.4146622640001
21481,9202994,LAFAYETTE,CHENE,2015-01-15,15,1,2015,9,5,97,9,,4,0,,1,1,1,30,4,2,2,4,0,0,0,1,false,,false,false,false,false,false,,,,,,false,false,false,,,false,false,false,false,false,-83.02472,42.34147,"{
  ""coordinates"": [
    -8.302472110799989e+01,
    4.234147101700010e+01
  ],
  ""type"": ""Point""
}","{
  ""coordinates"": [
    -83.024721108,
    42.341471017
  ],
  ""type"": ""Point""
}",-83.0247211079999,42.3414710170001
21482,9203035,MCNICHOLS,ALBION,2015-01-14,14,1,2015,18,4,4,9,,4,0,,1,1,5,25,4,2,2,5,0,0,0,0,true,,false,false,false,false,false,,,,,,false,false,false,,,false,false,false,false,false,-83.00516,42.41994,"{
  ""coordinates"": [
    -8.300515455700000e+01,
    4.241993635700000e+01
  ],
  ""type"": ""Point""
}","{
  ""coordinates"": [
    -83.005154557,
    42.419936357
  ],
  ""type"": ""Point""
}",-83.005154557,42.419936357
21483,9159345,RUSSELL,PIQUETTE,2015-01-14,14,1,2015,9,4,5,9,,4,0,,4,1,1,30,4,2,2,5,0,0,0,0,true,,false,false,false,false,false,,,,,,false,false,false,,,false,false,false,false,false,-83.05712,42.3714,"{
  ""coordinates"": [
    -8.305712078900000e+01,
    4.237139918400000e+01
  ],
  ""type"": ""Point""
}","{
  ""coordinates"": [
    -83.057120789,
    42.371399184
  ],
  ""type"": ""Point""
}",-83.057120789,42.371399184
21484,9157369,SEVEN MILE,ARCHDALE,2015-01-14,14,1,2015,14,4,3,9,,2,0,,1,1,1,30,4,2,3,4,0,0,0,1,false,,false,false,false,false,false,,,,,,false,false,false,,,false,false,false,false,false,-83.21717,42.43007,"{
  ""coordinates"": [
    -8.321717247799999e+01,
    4.243007375400000e+01
  ],
  ""type"": ""Point""
}","{
  ""coordinates"": [
    -83.217172478,
    42.430073754
  ],
  ""type"": ""Point""
}",-83.217172478,42.430073754
21485,9157375,RANDOLPH,LARNED,2015-01-14,14,1,2015,12,4,8,3,,1,0,,4,5,1,35,2,2,1,5,0,0,0,0,true,,false,false,false,false,false,,,,,,false,false,false,,,false,false,false,false,false,-83.04267,42.33052,"{
  ""coordinates"": [
    -8.304267037300001e+01,
    4.233051813800010e+01
  ],
  ""type"": ""Point""
}","{
  ""coordinates"": [
    -83.042670373,
    42.330518138
  ],
  ""type"": ""Point""
}",-83.042670373,42.3305181380001
21486,9161721,I-94,WOODWARD,2015-01-14,14,1,2015,12,4,5,1,,1,0,,1,2,1,55,3,3,3,5,0,0,0,0,true,,false,false,false,false,false,,,,,,false,false,true,,,false,false,false,false,false,-83.06728,42.36454,"{
  ""coordinates"": [
    -8.306728603099999e+01,
    4.236454261900010e+01
  ],
  ""type"": ""Point""
}","{
  ""coordinates"": [
    -83.067286031,
    42.364542619
  ],
  ""type"": ""Point""
}",-83.067286031,42.3645426190001
21487,9157404,WARREN,TRUMBULL,2015-01-14,14,1,2015,18,4,5,9,,4,0,,1,1,4,30,4,2,1,5,0,0,0,0,true,,false,false,true,false,false,,,,,,false,false,false,,,false,false,false,false,false,-83.0768,42.3529,"{
  ""coordinates"": [
    -8.307679610400000e+01,
    4.235289622100000e+01
  ],
  ""type"": ""Point""
}","{
  ""coordinates"": [
    -83.076796104,
    42.352896221
  ],
  ""type"": ""Point""
}",-83.076796104,42.352896221
21488,9214878,GIBSON,CONTOURS,2015-01-14,14,1,2015,17,4,4,9,,,0,,3,1,4,25,1,2,2,5,0,0,0,0,true,,true,false,false,false,false,,,,,,false,false,false,,,false,false,false,false,false,-83.07328,42.34616,"{
  ""coordinates"": [
    -8.307327706500000e+01,
    4.234616413700010e+01
  ],
  ""type"": ""Point""
}","{
  ""coordinates"": [
    -83.073277065,
    42.346164137
  ],
  ""type"": ""Point""
}",-83.073277065,42.3461641370001
21489,9158074,SB M-39,PURITAN,2015-01-14,14,1,2015,23,4,1,3,,1,1,,1,2,4,55,3,1,1,4,0,0,0,1,false,,false,false,false,false,false,,,,,,false,false,false,,,false,false,false,false,false,-83.2188,42.40977,"{
  ""coordinates"": [
    -8.321879389700000e+01,
    4.240976911700010e+01
  ],
  ""type"": ""Point""
}","{
  ""coordinates"": [
    -83.218793897,
    42.409769117
  ],
  ""type"": ""Point""
}",-83.218793897,42.4097691170001
21490,9160098,N/B I-75,SCHAEFER,2015-01-14,14,1,2015,3,4,1,1,,1,1,,4,5,4,70,3,1,1,5,0,0,0,0,true,,false,false,false,false,false,,,,,,false,false,false,,,false,false,false,false,false,-83.16321,42.27231,"{
  ""coordinates"": [
    -8.316320604600000e+01,
    4.227231130300000e+01
  ],
  ""type"": ""Point""
}","{
  ""coordinates"": [
    -83.163206046,
    42.272311303
  ],
  ""type"": ""Point""
}",-83.163206046,42.272311303
21491,9158164,GRAND RIVER,TELEGRAPH,2015-01-14,14,1,2015,8,4,5,3,,1,0,,6,1,1,35,3,2,3,5,0,0,0,0,true,,false,false,false,false,false,,,,,,false,false,false,,,false,false,false,false,false,-83.27786,42.4244,"{
  ""coordinates"": [
    -8.327785913000000e+01,
    4.242440293400010e+01
  ],
  ""type"": ""Point""
}","{
  ""coordinates"": [
    -83.27785913,
    42.424402934
  ],
  ""type"": ""Point""
}",-83.27785913,42.4244029340001
21492,9158056,N I 75,RAMP 216F,2015-01-14,14,1,2015,18,4,5,1,,1,0,,1,1,4,55,3,2,3,5,0,0,0,0,true,,false,false,false,false,false,,,,,,false,false,true,,,false,false,false,false,false,-83.05772,42.36811,"{
  ""coordinates"": [
    -8.305772369100001e+01,
    4.236810503700010e+01
  ],
  ""type"": ""Point""
}","{
  ""coordinates"": [
    -83.057723691,
    42.368105037
  ],
  ""type"": ""Point""
}",-83.057723691,42.3681050370001
21493,9161754,W I 94,N M 10,2015-01-14,14,1,2015,16,4,5,1,,1,0,,1,1,1,55,3,2,2,5,0,0,0,0,true,,false,false,false,false,false,,,,,,false,false,true,,,false,false,false,false,false,-83.07647,42.35937,"{
  ""coordinates"": [
    -8.307647320699991e+01,
    4.235936822900000e+01
  ],
  ""type"": ""Point""
}","{
  ""coordinates"": [
    -83.076473207,
    42.359368229
  ],
  ""type"": ""Point""
}",-83.0764732069999,42.359368229
21494,9158066,W I 96,EVERGREEN,2015-01-14,14,1,2015,22,4,1,1,,1,1,,1,1,4,55,2,1,1,5,0,0,0,0,true,,false,false,false,false,false,,,,,,false,false,false,,,false,false,false,false,false,-83.23651,42.38037,"{
  ""coordinates"": [
    -8.323651350800000e+01,
    4.238037459200010e+01
  ],
  ""type"": ""Point""
}","{
  ""coordinates"": [
    -83.236513508,
    42.380374592
  ],
  ""type"": ""Point""
}",-83.236513508,42.3803745920001
21495,9159317,MCDOUGALL,LAFAYETTE,2015-01-14,14,1,2015,15,4,3,9,,4,0,,6,1,1,30,4,2,4,4,0,0,0,1,false,,false,false,false,false,false,,,,,,false,false,false,,,false,false,false,false,false,-83.01847,42.3442,"{
  ""coordinates"": [
    -8.301847102900000e+01,
    4.234419538300010e+01
  ],
  ""type"": ""Point""
}","{
  ""coordinates"": [
    -83.018471029,
    42.344195383
  ],
  ""type"": ""Point""
}",-83.018471029,42.3441953830001
21496,9159322,WARREN,S I 75 SERVICE DRIVE,2015-01-14,14,1,2015,19,4,5,9,,4,0,,3,2,4,0,3,2,2,5,0,0,0,0,true,,false,false,false,false,false,,,,,,false,false,true,,,false,false,false,false,false,-83.05492,42.36058,"{
  ""coordinates"": [
    -8.305491768500001e+01,
    4.236057798900000e+01
  ],
  ""type"": ""Point""
}","{
  ""coordinates"": [
    -83.054917685,
    42.360577989
  ],
  ""type"": ""Point""
}",-83.054917685,42.360577989