ObjectId,Crash ID,Primary Road,Intersecting Road,Crash Date,Day,Month,Year,Hour,Weekday,Crash Type Code,Highway Classification Code,Community Code,Jurisdiction Code,Lane Departure Type Code,Surface Type,Road Condition,Weather Condition,Lighting Condition,Speed Limit,Lanes,Units,Occupants,Most Severe Injury,Fatal Injuries,Suspected Serious Injuries,Suspected Minor Injuries,Possible Injuries,Property Damage Only,Secondary Crash,Traffic Control,Red Light Run,Hit and Run,Alcohol,Drugs,Unbelted Person,Work Zone,Speeding Driver,Distracted Driver,Driveway,Pedestrian,Elderly Driver,Young Driver,Commercial Vehicle,Emergency Vehicles,Train,School Bus,Motorcycle,Bicycle,Deer,Longitude,Latitude,geom,geog,x,y
21497,9157359,EVANSTON,NOTTINGHAM,2015-01-14,14,1,2015,23,4,1,9,,,1,,4,1,5,25,2,1,1,5,0,0,0,0,true,,false,false,false,false,false,,,,,,false,false,false,,,false,false,false,false,false,-82.95441,42.40838,"{
  ""coordinates"": [
    -8.295440748500000e+01,
    4.240838274100000e+01
  ],
  ""type"": ""Point""
}","{
  ""coordinates"": [
    -82.954407485,
    42.408382741
  ],
  ""type"": ""Point""
}",-82.954407485,42.408382741
21498,9206098,MONROE,FARMER,2015-01-14,14,1,2015,9,4,8,9,,4,0,,4,1,1,30,2,2,2,5,0,0,0,0,true,,false,false,true,false,false,,,,,,false,false,false,,,false,false,false,false,false,-83.04554,42.33293,"{
  ""coordinates"": [
    -8.304554173000000e+01,
    4.233293042200010e+01
  ],
  ""type"": ""Point""
}","{
  ""coordinates"": [
    -83.04554173,
    42.332930422
  ],
  ""type"": ""Point""
}",-83.04554173,42.3329304220001
21499,9158052,E I 94,RAMP 222A,2015-01-14,14,1,2015,19,4,5,1,,1,0,,1,1,4,55,3,2,1,5,0,0,0,0,true,,false,false,true,false,false,,,,,,false,false,true,,,false,false,false,false,false,-82.95163,42.40734,"{
  ""coordinates"": [
    -8.295162770099989e+01,
    4.240733703500010e+01
  ],
  ""type"": ""Point""
}","{
  ""coordinates"": [
    -82.951627701,
    42.407337035
  ],
  ""type"": ""Point""
}",-82.9516277009999,42.4073370350001
21500,9157370,CAMBRIDGE,AVON,2015-01-14,14,1,2015,15,4,4,9,,,0,,4,5,1,25,4,2,2,5,0,0,0,0,true,,false,false,false,false,false,,,,,,false,false,true,,,false,false,false,false,false,-83.22662,42.43164,"{
  ""coordinates"": [
    -8.322661579500000e+01,
    4.243164181500000e+01
  ],
  ""type"": ""Point""
}","{
  ""coordinates"": [
    -83.226615795,
    42.431641815
  ],
  ""type"": ""Point""
}",-83.226615795,42.431641815
21501,9206122,BEAUBIEN,MONROE,2015-01-14,14,1,2015,19,4,8,9,,4,0,,1,1,3,25,2,2,2,5,0,0,0,0,true,,true,true,false,false,false,,,,,,false,false,false,,,false,false,false,false,false,-83.04256,42.3349,"{
  ""coordinates"": [
    -8.304256413400000e+01,
    4.233490448500000e+01
  ],
  ""type"": ""Point""
}","{
  ""coordinates"": [
    -83.042564134,
    42.334904485
  ],
  ""type"": ""Point""
}",-83.042564134,42.334904485
21502,9213687,SELDEN,CASS,2015-01-14,14,1,2015,7,4,4,9,,,0,,4,1,1,0,2,2,4,5,0,0,0,0,true,,false,false,false,false,false,,,,,,false,false,false,,,false,false,false,false,false,-83.06194,42.34848,"{
  ""coordinates"": [
    -8.306194441600000e+01,
    4.234848309100000e+01
  ],
  ""type"": ""Point""
}","{
  ""coordinates"": [
    -83.061944416,
    42.348483091
  ],
  ""type"": ""Point""
}",-83.061944416,42.348483091
21503,9159319,VAN DYKE,HENDRIE,2015-01-14,14,1,2015,17,4,3,3,,1,0,,6,1,4,30,4,2,2,4,0,0,0,1,false,,false,false,false,false,false,,,,,,false,false,false,,,false,false,false,false,false,-83.01711,42.38217,"{
  ""coordinates"": [
    -8.301711221600000e+01,
    4.238216856600010e+01
  ],
  ""type"": ""Point""
}","{
  ""coordinates"": [
    -83.017112216,
    42.382168566
  ],
  ""type"": ""Point""
}",-83.017112216,42.3821685660001
21504,9159316,RUSSELL,GRATIOT,2015-01-14,14,1,2015,11,4,8,3,,4,0,,2,1,1,25,2,2,0,5,0,0,0,0,true,,false,false,true,false,false,,,,,,false,false,false,,,false,false,false,false,false,-83.03884,42.34381,"{
  ""coordinates"": [
    -8.303883891299991e+01,
    4.234380615800010e+01
  ],
  ""type"": ""Point""
}","{
  ""coordinates"": [
    -83.038838913,
    42.343806158
  ],
  ""type"": ""Point""
}",-83.0388389129999,42.3438061580001
21505,9214941,MOUND,NEVADA,2015-01-14,14,1,2015,18,4,4,9,,2,0,,2,1,3,30,2,2,2,4,0,0,0,1,false,,true,true,false,false,false,,,,,,false,true,false,,,false,false,false,false,false,-83.04305,42.42633,"{
  ""coordinates"": [
    -8.304305142100000e+01,
    4.242632781600000e+01
  ],
  ""type"": ""Point""
}","{
  ""coordinates"": [
    -83.043051421,
    42.426327816
  ],
  ""type"": ""Point""
}",-83.043051421,42.426327816
21506,9158151,SOUTHFIELD SD,GLENDALE,2015-01-14,14,1,2015,0,4,8,9,,4,0,,3,1,5,30,2,2,3,5,0,0,0,0,true,,false,false,true,false,false,,,,,,false,false,false,,,false,false,false,false,false,-83.21695,42.38218,"{
  ""coordinates"": [
    -8.321694688400000e+01,
    4.238218388100010e+01
  ],
  ""type"": ""Point""
}","{
  ""coordinates"": [
    -83.216946884,
    42.382183881
  ],
  ""type"": ""Point""
}",-83.216946884,42.3821838810001
21507,9161808,I-94,WOODWARD,2015-01-14,14,1,2015,10,4,97,1,,1,0,,3,1,1,55,3,3,3,5,0,0,0,0,true,,false,false,false,false,false,,,,,,false,false,false,,,false,false,false,false,false,-83.0683,42.36406,"{
  ""coordinates"": [
    -8.306830210399990e+01,
    4.236405878000010e+01
  ],
  ""type"": ""Point""
}","{
  ""coordinates"": [
    -83.068302104,
    42.36405878
  ],
  ""type"": ""Point""
}",-83.0683021039999,42.3640587800001
21508,9161806,E I 96,RAMP 145A,2015-01-14,14,1,2015,7,4,5,1,,1,0,,3,2,1,55,5,2,2,5,0,0,0,0,true,,false,false,false,false,false,,,,,,false,false,false,,,false,false,false,false,false,-83.0928,42.3395,"{
  ""coordinates"": [
    -8.309280707800001e+01,
    4.233950561600010e+01
  ],
  ""type"": ""Point""
}","{
  ""coordinates"": [
    -83.092807078,
    42.339505616
  ],
  ""type"": ""Point""
}",-83.092807078,42.3395056160001
21509,9161830,E I 94,RAMP 223A,2015-01-14,14,1,2015,17,4,5,1,,1,0,,1,1,4,55,3,2,1,5,0,0,0,0,true,,false,false,true,false,false,,,,,,false,false,true,,,false,false,false,false,false,-82.93965,42.41553,"{
  ""coordinates"": [
    -8.293965509500001e+01,
    4.241552841200010e+01
  ],
  ""type"": ""Point""
}","{
  ""coordinates"": [
    -82.939655095,
    42.415528412
  ],
  ""type"": ""Point""
}",-82.939655095,42.4155284120001
21510,9157399,FOREST,SECOND,2015-01-14,14,1,2015,8,4,8,9,,4,0,,1,1,1,25,3,2,2,5,0,0,0,0,true,,false,false,true,false,false,,,,,,false,false,false,,,false,false,false,false,false,-83.06763,42.35302,"{
  ""coordinates"": [
    -8.306762559600000e+01,
    4.235302120200000e+01
  ],
  ""type"": ""Point""
}","{
  ""coordinates"": [
    -83.067625596,
    42.353021202
  ],
  ""type"": ""Point""
}",-83.067625596,42.353021202
21511,9158152,ASHTON,WARREN,2015-01-14,14,1,2015,2,4,97,9,,,1,,3,2,5,25,1,1,1,5,0,0,0,0,true,,false,false,false,false,false,,,,,,false,false,false,,,false,false,false,false,false,-83.21716,42.34349,"{
  ""coordinates"": [
    -8.321716560999990e+01,
    4.234348885400000e+01
  ],
  ""type"": ""Point""
}","{
  ""coordinates"": [
    -83.21716561,
    42.343488854
  ],
  ""type"": ""Point""
}",-83.2171656099999,42.343488854
21512,9161725,I 94,GRAND RIVER,2015-01-14,14,1,2015,8,4,5,1,,1,0,,2,1,1,55,3,2,3,5,0,0,0,0,true,,false,false,false,false,false,,,,,,false,false,false,,,false,false,false,false,false,-83.10005,42.3498,"{
  ""coordinates"": [
    -8.310005078700000e+01,
    4.234980547800010e+01
  ],
  ""type"": ""Point""
}","{
  ""coordinates"": [
    -83.100050787,
    42.349805478
  ],
  ""type"": ""Point""
}",-83.100050787,42.3498054780001
21513,9167656,KENDALL,DEXTER,2015-01-14,14,1,2015,15,4,97,9,,4,0,,4,1,1,25,1,2,3,5,0,0,0,0,true,,false,false,false,false,false,,,,,,false,true,true,,,false,false,false,false,false,-83.13365,42.39383,"{
  ""coordinates"": [
    -8.313364874199991e+01,
    4.239382446200010e+01
  ],
  ""type"": ""Point""
}","{
  ""coordinates"": [
    -83.133648742,
    42.393824462
  ],
  ""type"": ""Point""
}",-83.1336487419999,42.3938244620001
21514,9158051,E I 94,RAMP 222A,2015-01-14,14,1,2015,18,4,5,1,,1,0,,1,1,4,55,3,2,2,4,0,0,0,2,false,,false,false,true,false,false,,,,,,false,false,false,,,false,false,false,false,false,-82.95168,42.40732,"{
  ""coordinates"": [
    -8.295168195799990e+01,
    4.240732035500000e+01
  ],
  ""type"": ""Point""
}","{
  ""coordinates"": [
    -82.951681958,
    42.407320355
  ],
  ""type"": ""Point""
}",-82.9516819579999,42.407320355
21515,9158190,DAVISON,LINWOOD,2015-01-14,14,1,2015,15,4,4,3,,1,0,,1,1,1,35,6,2,3,5,0,0,0,0,true,,false,false,false,false,false,,,,,,false,true,true,,,false,false,false,false,false,-83.12251,42.39283,"{
  ""coordinates"": [
    -8.312251210200000e+01,
    4.239283292100000e+01
  ],
  ""type"": ""Point""
}","{
  ""coordinates"": [
    -83.122512102,
    42.392832921
  ],
  ""type"": ""Point""
}",-83.122512102,42.392832921
21516,9171067,MACK,MOROSS,2015-01-14,14,1,2015,11,4,4,9,,2,0,,1,1,1,35,4,2,4,4,0,0,0,1,false,,false,false,false,false,false,,,,,,false,false,false,,,false,false,false,false,false,-82.9108,42.41694,"{
  ""coordinates"": [
    -8.291080243200000e+01,
    4.241694332200010e+01
  ],
  ""type"": ""Point""
}","{
  ""coordinates"": [
    -82.910802432,
    42.416943322
  ],
  ""type"": ""Point""
}",-82.910802432,42.4169433220001
21517,9182663,ST ANTOINE,MACK,2015-01-14,14,1,2015,14,4,4,9,,4,0,,2,2,1,30,2,2,2,5,0,0,0,0,true,,false,false,true,false,false,,,,,,false,false,false,,,false,false,false,false,false,-83.05292,42.35044,"{
  ""coordinates"": [
    -8.305291394600000e+01,
    4.235044336300010e+01
  ],
  ""type"": ""Point""
}","{
  ""coordinates"": [
    -83.052913946,
    42.350443363
  ],
  ""type"": ""Point""
}",-83.052913946,42.3504433630001
21518,9213716,GRATIOT,HARPER,2015-01-14,14,1,2015,22,4,5,3,,1,0,,1,2,5,35,7,2,2,5,0,0,0,0,true,,false,false,true,false,false,,,,,,false,false,false,,,false,false,false,false,false,-83.00531,42.393,"{
  ""coordinates"": [
    -8.300530693300000e+01,
    4.239300194900010e+01
  ],
  ""type"": ""Point""
}","{
  ""coordinates"": [
    -83.005306933,
    42.393001949
  ],
  ""type"": ""Point""
}",-83.005306933,42.3930019490001
21519,9227590,7 MILE,GREENFIELD,2015-01-14,14,1,2015,11,4,4,9,,2,0,,1,1,1,35,5,2,2,3,0,0,1,0,false,,false,false,false,false,false,,,,,,false,true,false,,,false,false,false,false,false,-83.19969,42.43042,"{
  ""coordinates"": [
    -8.319968970900000e+01,
    4.243042451900000e+01
  ],
  ""type"": ""Point""
}","{
  ""coordinates"": [
    -83.199689709,
    42.430424519
  ],
  ""type"": ""Point""
}",-83.199689709,42.430424519
21520,9157361,MACK,SAINT CLAIR,2015-01-14,14,1,2015,16,4,4,9,,4,0,,1,1,1,35,2,2,2,5,0,0,0,0,true,,true,true,true,false,false,,,,,,false,false,false,,,false,false,false,false,false,-82.98653,42.37552,"{
  ""coordinates"": [
    -8.298652943899999e+01,
    4.237552373000010e+01
  ],
  ""type"": ""Point""
}","{
  ""coordinates"": [
    -82.986529439,
    42.37552373
  ],
  ""type"": ""Point""
}",-82.986529439,42.3755237300001
21521,9158182,STATE FAIR,WALTHAM,2015-01-14,14,1,2015,13,4,4,9,,4,0,,2,1,1,25,3,2,2,4,0,0,0,1,false,,true,false,false,true,true,,,,,,false,false,false,,,false,false,false,false,false,-82.99516,42.44194,"{
  ""coordinates"": [
    -8.299516583199990e+01,
    4.244193888100010e+01
  ],
  ""type"": ""Point""
}","{
  ""coordinates"": [
    -82.995165832,
    42.441938881
  ],
  ""type"": ""Point""
}",-82.9951658319999,42.4419388810001
21522,9202922,W I 94,MOROSS,2015-01-14,14,1,2015,16,4,8,1,,1,0,,1,1,1,25,3,2,2,5,0,0,0,0,true,,false,false,true,false,false,,,,,,false,false,true,,,false,false,false,false,false,-82.92867,42.42474,"{
  ""coordinates"": [
    -8.292867407900000e+01,
    4.242474067200000e+01
  ],
  ""type"": ""Point""
}","{
  ""coordinates"": [
    -82.928674079,
    42.424740672
  ],
  ""type"": ""Point""
}",-82.928674079,42.424740672
21523,9160099,W/B I-96,OUTER,2015-01-14,14,1,2015,5,4,1,1,,1,1,,4,5,4,70,3,1,1,5,0,0,0,0,true,,false,false,false,false,false,,,,,,false,false,false,,,false,false,false,false,false,-83.24641,42.38561,"{
  ""coordinates"": [
    -8.324640731700001e+01,
    4.238561017600010e+01
  ],
  ""type"": ""Point""
}","{
  ""coordinates"": [
    -83.246407317,
    42.385610176
  ],
  ""type"": ""Point""
}",-83.246407317,42.3856101760001
21524,9214938,RYAN,7 MILE,2015-01-14,14,1,2015,16,4,8,9,,4,0,,4,1,1,0,3,2,1,5,0,0,0,0,true,,false,false,false,false,false,,,,,,false,false,false,,,false,false,false,false,false,-83.0631,42.43301,"{
  ""coordinates"": [
    -8.306310150400000e+01,
    4.243301205700000e+01
  ],
  ""type"": ""Point""
}","{
  ""coordinates"": [
    -83.063101504,
    42.433012057
  ],
  ""type"": ""Point""
}",-83.063101504,42.433012057
21525,9176275,TIREMAN,METTETAL,2015-01-14,14,1,2015,15,4,5,9,,4,0,,2,2,1,25,4,3,6,5,0,0,0,0,true,,false,false,true,false,false,,,,,,false,false,false,,,false,false,false,false,false,-83.2049,42.35077,"{
  ""coordinates"": [
    -8.320489918000000e+01,
    4.235076824200010e+01
  ],
  ""type"": ""Point""
}","{
  ""coordinates"": [
    -83.20489918,
    42.350768242
  ],
  ""type"": ""Point""
}",-83.20489918,42.3507682420001
21526,9157383,E I 96,E M 8,2015-01-14,14,1,2015,8,4,5,1,,1,0,,4,5,1,30,3,2,1,5,0,0,0,0,true,,false,false,false,false,false,,,,,,false,false,true,,,false,false,false,false,false,-83.15842,42.38525,"{
  ""coordinates"": [
    -8.315841621999991e+01,
    4.238524492300010e+01
  ],
  ""type"": ""Point""
}","{
  ""coordinates"": [
    -83.15841622,
    42.385244923
  ],
  ""type"": ""Point""
}",-83.1584162199999,42.3852449230001
21527,9158065,I 75,DAVISON,2015-01-14,14,1,2015,19,4,5,1,,1,0,,1,1,4,55,4,2,2,5,0,0,0,0,true,,false,false,false,false,false,,,,,,false,false,false,,,false,false,false,false,false,-83.07885,42.40828,"{
  ""coordinates"": [
    -8.307885207600000e+01,
    4.240828184100010e+01
  ],
  ""type"": ""Point""
}","{
  ""coordinates"": [
    -83.078852076,
    42.408281841
  ],
  ""type"": ""Point""
}",-83.078852076,42.4082818410001
21528,9172947,REDMOND,CARLISLE,2015-01-14,14,1,2015,10,4,4,9,,,0,,4,1,1,25,2,2,1,5,0,0,0,0,true,,true,false,true,false,false,,,,,,false,false,true,,,false,false,false,false,false,-82.95619,42.44915,"{
  ""coordinates"": [
    -8.295619143499989e+01,
    4.244915173000000e+01
  ],
  ""type"": ""Point""
}","{
  ""coordinates"": [
    -82.956191435,
    42.44915173
  ],
  ""type"": ""Point""
}",-82.9561914349999,42.44915173
21529,9187515,LANSING,TOLEDO,2015-01-14,14,1,2015,7,4,4,9,,,0,,4,1,1,25,2,2,2,5,0,0,0,0,true,,false,false,false,false,false,,,,,,false,false,true,,,false,false,false,false,false,-83.10056,42.32236,"{
  ""coordinates"": [
    -8.310055669400001e+01,
    4.232235585100010e+01
  ],
  ""type"": ""Point""
}","{
  ""coordinates"": [
    -83.100556694,
    42.322355851
  ],
  ""type"": ""Point""
}",-83.100556694,42.3223558510001
21530,9221086,7 MILE,PIERSON,2015-01-14,14,1,2015,7,4,4,9,,2,0,,1,3,1,35,6,2,2,5,0,0,0,0,true,,false,false,false,false,false,,,,,,false,true,false,,,false,false,false,false,false,-83.24786,42.42935,"{
  ""coordinates"": [
    -8.324785282100000e+01,
    4.242935144000010e+01
  ],
  ""type"": ""Point""
}","{
  ""coordinates"": [
    -83.247852821,
    42.42935144
  ],
  ""type"": ""Point""
}",-83.247852821,42.4293514400001
21531,9166718,GRATIOT,CONNER,2015-01-14,14,1,2015,8,4,8,3,,1,0,,1,1,1,35,7,2,2,5,0,0,0,0,true,,false,false,false,false,false,,,,,,false,false,false,,,false,false,false,false,false,-82.99751,42.40488,"{
  ""coordinates"": [
    -8.299751198500000e+01,
    4.240488192100000e+01
  ],
  ""type"": ""Point""
}","{
  ""coordinates"": [
    -82.997511985,
    42.404881921
  ],
  ""type"": ""Point""
}",-82.997511985,42.404881921
21532,9158153,FORD,ARTESIAN,2015-01-14,14,1,2015,20,4,8,3,,1,0,,1,1,4,45,4,2,3,4,0,0,0,2,false,,false,false,false,false,false,,,,,,false,false,false,,,false,false,false,false,false,-83.22518,42.32894,"{
  ""coordinates"": [
    -8.322517962800001e+01,
    4.232894058300010e+01
  ],
  ""type"": ""Point""
}","{
  ""coordinates"": [
    -83.225179628,
    42.328940583
  ],
  ""type"": ""Point""
}",-83.225179628,42.3289405830001
21533,9158189,GRAND,GRAND RIVER,2015-01-14,14,1,2015,14,4,4,3,,4,0,,1,1,1,30,3,2,3,5,0,0,0,0,true,,false,false,true,false,false,,,,,,false,false,false,,,false,false,false,false,false,-83.10955,42.35685,"{
  ""coordinates"": [
    -8.310955015199990e+01,
    4.235685489300000e+01
  ],
  ""type"": ""Point""
}","{
  ""coordinates"": [
    -83.109550152,
    42.356854893
  ],
  ""type"": ""Point""
}",-83.1095501519999,42.356854893
21534,9157356,EVERGREEN,FENKELL,2015-01-14,14,1,2015,17,4,8,9,,4,0,,1,1,3,35,6,2,0,5,0,0,0,0,true,,false,false,true,false,false,,,,,,false,false,false,,,false,false,false,false,false,-83.2374,42.40026,"{
  ""coordinates"": [
    -8.323739950299991e+01,
    4.240026280400010e+01
  ],
  ""type"": ""Point""
}","{
  ""coordinates"": [
    -83.237399503,
    42.400262804
  ],
  ""type"": ""Point""
}",-83.2373995029999,42.4002628040001
21535,9159318,GRATIOT,VAN DYKE,2015-01-14,14,1,2015,16,4,4,3,,1,0,,2,1,1,35,7,2,2,5,0,0,0,0,true,,false,false,false,false,false,,,,,,false,true,true,,,false,false,false,false,false,-83.01456,42.37899,"{
  ""coordinates"": [
    -8.301456684700000e+01,
    4.237899130800000e+01
  ],
  ""type"": ""Point""
}","{
  ""coordinates"": [
    -83.014566847,
    42.378991308
  ],
  ""type"": ""Point""
}",-83.014566847,42.378991308
21536,9176080,M-10,DAVISON,2015-01-14,14,1,2015,16,4,5,3,,1,0,,1,1,1,55,3,2,2,4,0,0,0,1,false,,false,false,false,false,false,,,,,,false,false,false,,,false,false,false,false,false,-83.10754,42.39505,"{
  ""coordinates"": [
    -8.310754250199990e+01,
    4.239505380200010e+01
  ],
  ""type"": ""Point""
}","{
  ""coordinates"": [
    -83.107542502,
    42.395053802
  ],
  ""type"": ""Point""
}",-83.1075425019999,42.3950538020001
21537,9158148,GRISWALD,CONGRESS,2015-01-14,14,1,2015,16,4,8,3,,4,3,,2,1,1,30,7,2,2,4,0,0,0,2,false,,false,false,false,false,false,,,,,,false,false,false,,,false,false,false,false,false,-83.04767,42.33101,"{
  ""coordinates"": [
    -8.304766846800000e+01,
    4.233100988200000e+01
  ],
  ""type"": ""Point""
}","{
  ""coordinates"": [
    -83.047668468,
    42.331009882
  ],
  ""type"": ""Point""
}",-83.047668468,42.331009882
21538,9182656,I 94,M 10,2015-01-14,14,1,2015,15,4,5,1,,1,0,,2,1,1,55,6,2,2,4,0,0,0,1,false,,false,false,false,false,false,,,,,,false,false,false,,,false,false,false,false,false,-83.07246,42.36174,"{
  ""coordinates"": [
    -8.307245320899990e+01,
    4.236174539800000e+01
  ],
  ""type"": ""Point""
}","{
  ""coordinates"": [
    -83.072453209,
    42.361745398
  ],
  ""type"": ""Point""
}",-83.0724532089999,42.361745398
21539,9171816,W I 96,GRAND RIVER,2015-01-14,14,1,2015,0,4,9,1,,1,2,,1,5,4,70,4,2,3,5,0,0,0,0,true,,false,false,true,false,false,,,,,,false,false,true,,,false,false,false,false,false,-83.17471,42.38411,"{
  ""coordinates"": [
    -8.317471397199991e+01,
    4.238410976700000e+01
  ],
  ""type"": ""Point""
}","{
  ""coordinates"": [
    -83.174713972,
    42.384109767
  ],
  ""type"": ""Point""
}",-83.1747139719999,42.384109767
21540,9157408,WARREN,ST ANTOINE,2015-01-14,14,1,2015,20,4,5,9,,4,0,,3,1,4,30,4,3,3,5,0,0,0,0,true,,false,false,true,false,false,,,,,,false,false,true,,,false,false,false,false,false,-83.05699,42.35983,"{
  ""coordinates"": [
    -8.305698840199990e+01,
    4.235982603400000e+01
  ],
  ""type"": ""Point""
}","{
  ""coordinates"": [
    -83.056988402,
    42.359826034
  ],
  ""type"": ""Point""
}",-83.0569884019999,42.359826034
21541,9214907,YOUNG,CELESTINE,2015-01-14,14,1,2015,14,4,4,9,,,0,,4,5,1,25,3,2,3,5,0,0,0,0,true,,false,false,true,false,false,,,,,,false,false,false,,,false,false,false,false,false,-82.97247,42.42388,"{
  ""coordinates"": [
    -8.297246466000000e+01,
    4.242388187300000e+01
  ],
  ""type"": ""Point""
}","{
  ""coordinates"": [
    -82.97246466,
    42.423881873
  ],
  ""type"": ""Point""
}",-82.97246466,42.423881873
21542,9199206,LAING,GRAYTON,2015-01-14,14,1,2015,13,4,4,9,,,0,,2,1,1,25,3,2,3,4,0,0,0,2,false,,false,false,true,false,false,,,,,,false,false,true,,,false,false,false,false,false,-82.95635,42.42308,"{
  ""coordinates"": [
    -8.295634974799999e+01,
    4.242308507600010e+01
  ],
  ""type"": ""Point""
}","{
  ""coordinates"": [
    -82.956349748,
    42.423085076
  ],
  ""type"": ""Point""
}",-82.956349748,42.4230850760001
21543,9183808,ANTHONY WAYNE,WARREN,2015-01-14,14,1,2015,9,4,8,9,,4,0,,2,1,1,25,2,2,2,5,0,0,0,0,true,,false,false,false,false,false,,,,,,false,false,false,,,false,false,false,false,false,-83.0714,42.3546,"{
  ""coordinates"": [
    -8.307140590700000e+01,
    4.235460380000010e+01
  ],
  ""type"": ""Point""
}","{
  ""coordinates"": [
    -83.071405907,
    42.3546038
  ],
  ""type"": ""Point""
}",-83.071405907,42.3546038000001
21544,9172934,RAMP 223C,W I 94 SERVICE DRIVE,2015-01-14,14,1,2015,13,4,5,1,,1,0,,1,1,1,35,2,2,1,5,0,0,0,0,true,,false,false,true,false,false,,,,,,false,true,false,,,false,false,false,false,false,-82.93724,42.41769,"{
  ""coordinates"": [
    -8.293723977300000e+01,
    4.241768796500000e+01
  ],
  ""type"": ""Point""
}","{
  ""coordinates"": [
    -82.937239773,
    42.417687965
  ],
  ""type"": ""Point""
}",-82.937239773,42.417687965
21545,9182655,BEAUBIEN,LARNED,2015-01-14,14,1,2015,21,4,4,9,,4,0,,1,1,5,25,4,2,3,5,0,0,0,0,true,,false,false,true,false,false,,,,,,false,false,false,,,false,false,false,false,false,-83.04079,42.33236,"{
  ""coordinates"": [
    -8.304079006400001e+01,
    4.233235740400000e+01
  ],
  ""type"": ""Point""
}","{
  ""coordinates"": [
    -83.040790064,
    42.332357404
  ],
  ""type"": ""Point""
}",-83.040790064,42.332357404
21546,9157357,PLYMOUTH,SORRENTO,2015-01-14,14,1,2015,18,4,8,9,,4,0,,2,2,5,30,4,2,3,5,0,0,0,0,true,,false,false,false,false,false,,,,,,false,true,true,,,false,false,false,false,false,-83.17181,42.37315,"{
  ""coordinates"": [
    -8.317181146900000e+01,
    4.237314939100000e+01
  ],
  ""type"": ""Point""
}","{
  ""coordinates"": [
    -83.171811469,
    42.373149391
  ],
  ""type"": ""Point""
}",-83.171811469,42.373149391
21547,9161726,I 75,NEVADA,2015-01-14,14,1,2015,10,4,8,1,,1,0,,1,1,1,70,4,2,2,5,0,0,0,0,true,,false,false,false,false,false,,,,,,false,false,true,,,false,false,false,false,false,-83.09351,42.4254,"{
  ""coordinates"": [
    -8.309351594299990e+01,
    4.242540474300010e+01
  ],
  ""type"": ""Point""
}","{
  ""coordinates"": [
    -83.093515943,
    42.425404743
  ],
  ""type"": ""Point""
}",-83.0935159429999,42.4254047430001
21548,9213690,I 94,CADIUEX,2015-01-14,14,1,2015,8,4,8,1,,1,0,,1,1,1,0,4,2,2,5,0,0,0,0,true,,false,false,true,false,false,,,,,,false,false,false,,,false,false,false,false,false,-82.93725,42.41731,"{
  ""coordinates"": [
    -8.293724871400001e+01,
    4.241731355700010e+01
  ],
  ""type"": ""Point""
}","{
  ""coordinates"": [
    -82.937248714,
    42.417313557
  ],
  ""type"": ""Point""
}",-82.937248714,42.4173135570001
21549,9165564,I94,I75,2015-01-14,14,1,2015,17,4,8,1,,1,0,,1,2,3,55,3,2,2,5,0,0,0,0,true,,false,false,false,false,false,,,,,,false,false,false,,,false,false,false,false,false,-83.05761,42.36899,"{
  ""coordinates"": [
    -8.305761202699991e+01,
    4.236898951700000e+01
  ],
  ""type"": ""Point""
}","{
  ""coordinates"": [
    -83.057612027,
    42.368989517
  ],
  ""type"": ""Point""
}",-83.0576120269999,42.368989517
21550,9158071,I-75,7 MILE,2015-01-14,14,1,2015,18,4,5,1,,1,0,,1,2,4,70,4,2,2,5,0,0,0,0,true,,false,false,false,false,false,,,,,,false,false,false,,,false,false,false,false,false,-83.09347,42.42533,"{
  ""coordinates"": [
    -8.309346479100000e+01,
    4.242532602400010e+01
  ],
  ""type"": ""Point""
}","{
  ""coordinates"": [
    -83.093464791,
    42.425326024
  ],
  ""type"": ""Point""
}",-83.093464791,42.4253260240001
21551,9415963,FORT,FIRST,2015-01-14,14,1,2015,13,4,8,3,,1,0,,2,1,1,30,5,2,2,4,0,0,0,2,false,,false,false,false,false,false,,,,,,false,false,false,,,false,false,false,false,false,-83.05202,42.32872,"{
  ""coordinates"": [
    -8.305201989699999e+01,
    4.232871573400010e+01
  ],
  ""type"": ""Point""
}","{
  ""coordinates"": [
    -83.052019897,
    42.328715734
  ],
  ""type"": ""Point""
}",-83.052019897,42.3287157340001
21552,9159307,OUTER,GILCHRIST,2015-01-14,14,1,2015,19,4,5,9,,2,0,,4,5,4,35,4,2,4,4,0,0,0,3,false,,false,false,false,false,false,,,,,,false,false,true,,,false,false,false,false,false,-83.21223,42.41941,"{
  ""coordinates"": [
    -8.321223647700000e+01,
    4.241940700800010e+01
  ],
  ""type"": ""Point""
}","{
  ""coordinates"": [
    -83.212236477,
    42.419407008
  ],
  ""type"": ""Point""
}",-83.212236477,42.4194070080001
21553,9183800,RAMP 117A,MILWAUKEE,2015-01-14,14,1,2015,12,4,4,3,,1,0,,6,1,1,30,3,2,4,5,0,0,0,0,true,,false,false,true,false,false,,,,,,false,false,false,,,false,false,false,false,false,-83.08062,42.36605,"{
  ""coordinates"": [
    -8.308061611100000e+01,
    4.236605032200000e+01
  ],
  ""type"": ""Point""
}","{
  ""coordinates"": [
    -83.080616111,
    42.366050322
  ],
  ""type"": ""Point""
}",-83.080616111,42.366050322