ObjectId,Crash ID,Primary Road,Intersecting Road,Crash Date,Day,Month,Year,Hour,Weekday,Crash Type Code,Highway Classification Code,Community Code,Jurisdiction Code,Lane Departure Type Code,Surface Type,Road Condition,Weather Condition,Lighting Condition,Speed Limit,Lanes,Units,Occupants,Most Severe Injury,Fatal Injuries,Suspected Serious Injuries,Suspected Minor Injuries,Possible Injuries,Property Damage Only,Secondary Crash,Traffic Control,Red Light Run,Hit and Run,Alcohol,Drugs,Unbelted Person,Work Zone,Speeding Driver,Distracted Driver,Driveway,Pedestrian,Elderly Driver,Young Driver,Commercial Vehicle,Emergency Vehicles,Train,School Bus,Motorcycle,Bicycle,Deer,Longitude,Latitude,geom,geog,x,y
21611,9213698,GRISWOLD,CONGRESS,2015-01-13,13,1,2015,16,3,97,9,,4,3,,4,1,1,0,4,2,1,5,0,0,0,0,true,,false,false,true,false,false,,,,,,false,false,false,,,false,false,false,false,false,-83.04671,42.32988,"{
  ""coordinates"": [
    -8.304670423700000e+01,
    4.232987937500010e+01
  ],
  ""type"": ""Point""
}","{
  ""coordinates"": [
    -83.046704237,
    42.329879375
  ],
  ""type"": ""Point""
}",-83.046704237,42.3298793750001
21612,9158208,GREENFIELD,OUTER,2015-01-13,13,1,2015,17,3,5,9,,2,0,,1,1,1,30,2,2,4,4,0,0,0,2,false,,false,false,false,false,false,,,,,,false,false,false,,,false,false,false,false,false,-83.19944,42.41941,"{
  ""coordinates"": [
    -8.319943626400000e+01,
    4.241940683300000e+01
  ],
  ""type"": ""Point""
}","{
  ""coordinates"": [
    -83.199436264,
    42.419406833
  ],
  ""type"": ""Point""
}",-83.199436264,42.419406833
21613,9367132,JAMES COUZENS,GREENFIELD,2015-01-13,13,1,2015,20,3,97,3,,1,0,,4,1,4,30,2,2,1,4,0,0,0,1,false,,false,false,true,false,false,,,,,,false,false,false,,,false,false,false,false,false,-83.20049,42.4422,"{
  ""coordinates"": [
    -8.320048444600000e+01,
    4.244219905200000e+01
  ],
  ""type"": ""Point""
}","{
  ""coordinates"": [
    -83.200484446,
    42.442199052
  ],
  ""type"": ""Point""
}",-83.200484446,42.442199052
21614,9187542,LIVERNOIS,WARREN,2015-01-13,13,1,2015,11,3,8,9,,4,0,,1,1,1,35,7,2,2,5,0,0,0,0,true,,false,false,false,false,false,,,,,,false,true,false,,,false,false,false,false,false,-83.13028,42.34452,"{
  ""coordinates"": [
    -8.313028212899999e+01,
    4.234452452600000e+01
  ],
  ""type"": ""Point""
}","{
  ""coordinates"": [
    -83.130282129,
    42.344524526
  ],
  ""type"": ""Point""
}",-83.130282129,42.344524526
21615,9157355,DAVISON,LIVERNOIS,2015-01-13,13,1,2015,17,3,5,3,,1,0,,4,1,1,35,2,2,3,5,0,0,0,0,true,,false,false,false,false,false,,,,,,false,false,false,,,false,false,false,false,false,-83.1395,42.38669,"{
  ""coordinates"": [
    -8.313950049399990e+01,
    4.238669116800000e+01
  ],
  ""type"": ""Point""
}","{
  ""coordinates"": [
    -83.139500494,
    42.386691168
  ],
  ""type"": ""Point""
}",-83.1395004939999,42.386691168
21616,9157403,RAMP 116B,N M 10,2015-01-13,13,1,2015,16,3,5,3,,1,0,,1,1,1,55,1,2,2,4,0,0,0,1,false,,false,false,false,false,false,,,,,,false,true,true,,,false,false,false,false,false,-83.08275,42.3689,"{
  ""coordinates"": [
    -8.308274754800000e+01,
    4.236889710500000e+01
  ],
  ""type"": ""Point""
}","{
  ""coordinates"": [
    -83.082747548,
    42.368897105
  ],
  ""type"": ""Point""
}",-83.082747548,42.368897105
21617,9161731,RAMP 216H,E I 94,2015-01-13,13,1,2015,14,3,5,1,,1,0,,1,1,1,55,1,2,2,5,0,0,0,0,true,,false,false,false,false,false,,,,,,false,false,false,,,false,false,false,false,false,-83.06007,42.36736,"{
  ""coordinates"": [
    -8.306007004999999e+01,
    4.236736417600010e+01
  ],
  ""type"": ""Point""
}","{
  ""coordinates"": [
    -83.06007005,
    42.367364176
  ],
  ""type"": ""Point""
}",-83.06007005,42.3673641760001
21618,9233072,TACOMA,RENO,2015-01-13,13,1,2015,18,3,4,9,,,0,,3,1,1,25,2,2,2,4,0,0,0,1,false,,false,false,true,false,false,,,,,,false,false,false,,,false,false,false,false,false,-82.98277,42.44146,"{
  ""coordinates"": [
    -8.298277243800000e+01,
    4.244145416700010e+01
  ],
  ""type"": ""Point""
}","{
  ""coordinates"": [
    -82.982772438,
    42.441454167
  ],
  ""type"": ""Point""
}",-82.982772438,42.4414541670001
21619,9214971,N I 75 SERVICE DRIVE,8 MILE,2015-01-13,13,1,2015,18,3,97,1,,1,0,,1,1,4,25,3,2,1,5,0,0,0,0,true,,false,false,false,false,false,,,,,,false,false,false,,,false,false,false,false,false,-83.09435,42.44678,"{
  ""coordinates"": [
    -8.309434332900000e+01,
    4.244678470000010e+01
  ],
  ""type"": ""Point""
}","{
  ""coordinates"": [
    -83.094343329,
    42.4467847
  ],
  ""type"": ""Point""
}",-83.094343329,42.4467847000001
21620,9161720,M 39,SCHOOLCRAFT,2015-01-13,13,1,2015,16,3,5,3,,1,0,,1,1,1,55,3,3,3,5,0,0,0,0,true,,false,false,false,false,false,,,,,,false,false,true,,,false,false,false,false,false,-83.21749,42.38533,"{
  ""coordinates"": [
    -8.321748835699999e+01,
    4.238533073400000e+01
  ],
  ""type"": ""Point""
}","{
  ""coordinates"": [
    -83.217488357,
    42.385330734
  ],
  ""type"": ""Point""
}",-83.217488357,42.385330734
21621,9179880,GRISWOLD,LARNED,2015-01-13,13,1,2015,9,3,5,9,,4,0,,1,1,1,30,3,2,1,4,0,0,0,1,false,,false,false,true,false,false,,,,,,false,false,false,,,false,false,false,false,false,-83.04604,42.32903,"{
  ""coordinates"": [
    -8.304603871700000e+01,
    4.232902980400010e+01
  ],
  ""type"": ""Point""
}","{
  ""coordinates"": [
    -83.046038717,
    42.329029804
  ],
  ""type"": ""Point""
}",-83.046038717,42.3290298040001
21622,9187514,PORTER,CLARK,2015-01-13,13,1,2015,11,3,4,9,,,0,,1,1,1,25,2,2,0,5,0,0,0,0,true,,false,false,true,false,false,,,,,,false,false,false,,,false,false,false,false,false,-83.09312,42.31649,"{
  ""coordinates"": [
    -8.309312216900000e+01,
    4.231649314900010e+01
  ],
  ""type"": ""Point""
}","{
  ""coordinates"": [
    -83.093122169,
    42.316493149
  ],
  ""type"": ""Point""
}",-83.093122169,42.3164931490001
21623,9160094,N/B I-75,HOLBROOK,2015-01-13,13,1,2015,22,3,5,1,,1,0,,1,1,4,70,4,3,4,4,0,0,0,1,false,,false,false,true,false,false,,,,,,false,false,true,,,false,false,false,false,false,-83.06971,42.39068,"{
  ""coordinates"": [
    -8.306971040000001e+01,
    4.239068078400000e+01
  ],
  ""type"": ""Point""
}","{
  ""coordinates"": [
    -83.0697104,
    42.390680784
  ],
  ""type"": ""Point""
}",-83.0697104,42.390680784
21624,9162016,HAYES,7 MILE,2015-01-13,13,1,2015,19,3,5,9,,4,0,,4,5,4,35,5,2,2,4,0,0,0,1,false,,false,false,true,false,false,,,,,,false,false,false,,,false,false,false,false,false,-82.96546,42.43542,"{
  ""coordinates"": [
    -8.296546255700000e+01,
    4.243542168600000e+01
  ],
  ""type"": ""Point""
}","{
  ""coordinates"": [
    -82.965462557,
    42.435421686
  ],
  ""type"": ""Point""
}",-82.965462557,42.435421686
21625,9164229,CANYON,WARREN,2015-01-13,13,1,2015,16,3,4,9,,,0,,2,1,1,25,2,2,3,5,0,0,0,0,true,,true,true,false,false,false,,,,,,false,false,false,,,false,false,false,false,false,-82.91524,42.41145,"{
  ""coordinates"": [
    -8.291523571099999e+01,
    4.241145094600010e+01
  ],
  ""type"": ""Point""
}","{
  ""coordinates"": [
    -82.915235711,
    42.411450946
  ],
  ""type"": ""Point""
}",-82.915235711,42.4114509460001
21626,9160148,N I 75,RAMP 216B,2015-01-13,13,1,2015,2,3,1,1,,1,0,,2,2,4,55,3,1,1,5,0,0,0,0,true,,false,false,false,false,false,,,,,,false,false,false,,,false,false,false,false,false,-83.05862,42.37004,"{
  ""coordinates"": [
    -8.305862478700000e+01,
    4.237003926900010e+01
  ],
  ""type"": ""Point""
}","{
  ""coordinates"": [
    -83.058624787,
    42.370039269
  ],
  ""type"": ""Point""
}",-83.058624787,42.3700392690001
21627,9157343,E/B I-94,GRATIOT,2015-01-13,13,1,2015,14,3,5,1,,1,0,,1,1,1,55,3,3,3,5,0,0,0,0,true,,false,false,true,false,false,,,,,,false,false,false,,,false,false,false,false,false,-83.00652,42.39135,"{
  ""coordinates"": [
    -8.300652649599991e+01,
    4.239134445800000e+01
  ],
  ""type"": ""Point""
}","{
  ""coordinates"": [
    -83.006526496,
    42.391344458
  ],
  ""type"": ""Point""
}",-83.0065264959999,42.391344458
21628,9292976,LIVERNOIS,RAMP 212D,2015-01-13,13,1,2015,19,3,5,1,,4,0,,3,5,4,40,5,2,2,5,0,0,0,0,true,,false,false,true,false,false,,,,,,false,false,true,,,false,false,false,false,false,-83.12561,42.33838,"{
  ""coordinates"": [
    -8.312561303800000e+01,
    4.233837767300000e+01
  ],
  ""type"": ""Point""
}","{
  ""coordinates"": [
    -83.125613038,
    42.338377673
  ],
  ""type"": ""Point""
}",-83.125613038,42.338377673
21629,9157190,RAMP 213N,E I 96,2015-01-13,13,1,2015,9,3,5,1,,1,0,,1,1,1,55,2,2,4,5,0,0,0,0,true,,false,false,false,false,false,,,,,,false,false,false,,,false,false,false,false,false,-83.10349,42.35306,"{
  ""coordinates"": [
    -8.310348307800000e+01,
    4.235306255000010e+01
  ],
  ""type"": ""Point""
}","{
  ""coordinates"": [
    -83.103483078,
    42.35306255
  ],
  ""type"": ""Point""
}",-83.103483078,42.3530625500001
21630,9160932,VAN DYKE,MACK,2015-01-13,13,1,2015,18,3,4,9,,4,0,,3,5,3,35,2,3,6,2,0,1,0,0,false,,true,true,false,false,false,,,,,,false,false,false,,,false,false,false,false,false,-83.0061,42.36698,"{
  ""coordinates"": [
    -8.300609730199990e+01,
    4.236697674900010e+01
  ],
  ""type"": ""Point""
}","{
  ""coordinates"": [
    -83.006097302,
    42.366976749
  ],
  ""type"": ""Point""
}",-83.0060973019999,42.3669767490001
21631,9156128,CONNER,GRATIOT,2015-01-13,13,1,2015,17,3,5,3,,4,0,,1,1,4,35,5,2,4,4,0,0,0,1,false,,false,false,false,false,false,,,,,,false,false,false,,,false,false,false,false,false,-82.99711,42.40461,"{
  ""coordinates"": [
    -8.299710679000000e+01,
    4.240460827500000e+01
  ],
  ""type"": ""Point""
}","{
  ""coordinates"": [
    -82.99710679,
    42.404608275
  ],
  ""type"": ""Point""
}",-82.99710679,42.404608275
21632,9157174,N/B M39,TIREMAN,2015-01-13,13,1,2015,15,3,5,3,,1,0,,1,1,1,55,3,3,4,5,0,0,0,0,true,,false,false,false,false,false,,,,,,false,true,true,,,false,false,false,false,false,-83.21624,42.34917,"{
  ""coordinates"": [
    -8.321624124999990e+01,
    4.234916777900000e+01
  ],
  ""type"": ""Point""
}","{
  ""coordinates"": [
    -83.21624125,
    42.349167779
  ],
  ""type"": ""Point""
}",-83.2162412499999,42.349167779
21633,9213688,LAHSER,GRAND RIVER,2015-01-13,13,1,2015,11,3,8,3,,2,0,,4,1,1,0,2,2,2,5,0,0,0,0,true,,false,false,false,false,false,,,,,,false,false,false,,,false,false,false,false,false,-83.25764,42.41662,"{
  ""coordinates"": [
    -8.325764748400000e+01,
    4.241661695800010e+01
  ],
  ""type"": ""Point""
}","{
  ""coordinates"": [
    -83.257647484,
    42.416616958
  ],
  ""type"": ""Point""
}",-83.257647484,42.4166169580001
21634,9213686,GRATIOT,CHENE,2015-01-13,13,1,2015,17,3,8,3,,1,0,,4,1,2,0,9,2,3,5,0,0,0,0,true,,false,false,true,false,false,,,,,,false,false,false,,,false,false,false,false,false,-83.03196,42.35261,"{
  ""coordinates"": [
    -8.303196135800000e+01,
    4.235260612800000e+01
  ],
  ""type"": ""Point""
}","{
  ""coordinates"": [
    -83.031961358,
    42.352606128
  ],
  ""type"": ""Point""
}",-83.031961358,42.352606128
21635,9166705,RAMP 006B,N M 39,2015-01-13,13,1,2015,8,3,5,3,,1,0,,3,1,1,55,1,2,2,5,0,0,0,0,true,,false,false,true,false,false,,,,,,false,false,true,,,false,false,false,false,false,-83.21613,42.34659,"{
  ""coordinates"": [
    -8.321613632099999e+01,
    4.234659004900000e+01
  ],
  ""type"": ""Point""
}","{
  ""coordinates"": [
    -83.216136321,
    42.346590049
  ],
  ""type"": ""Point""
}",-83.216136321,42.346590049
21636,9407477,GRAND RIVER,BITLMORE,2015-01-13,13,1,2015,8,3,4,3,,1,0,,1,2,1,35,6,2,2,5,0,0,0,0,true,,false,false,true,false,false,,,,,,false,false,false,,,false,false,false,false,false,-83.21271,42.39845,"{
  ""coordinates"": [
    -8.321270444600000e+01,
    4.239844776100010e+01
  ],
  ""type"": ""Point""
}","{
  ""coordinates"": [
    -83.212704446,
    42.398447761
  ],
  ""type"": ""Point""
}",-83.212704446,42.3984477610001
21637,9161792,I-94,CENTRAL,2015-01-13,13,1,2015,7,3,5,1,,1,0,,1,1,4,55,3,2,2,5,0,0,0,0,true,,false,false,false,false,false,,,,,,false,false,true,,,false,false,false,false,false,-83.13876,42.33224,"{
  ""coordinates"": [
    -8.313876104900000e+01,
    4.233223616700010e+01
  ],
  ""type"": ""Point""
}","{
  ""coordinates"": [
    -83.138761049,
    42.332236167
  ],
  ""type"": ""Point""
}",-83.138761049,42.3322361670001
21638,9216081,FLORENCE,WINTHROP,2015-01-13,13,1,2015,23,3,8,9,,,0,,4,1,4,25,2,2,0,5,0,0,0,0,true,,false,false,true,false,false,,,,,,false,false,false,,,false,false,false,false,false,-83.2006,42.41052,"{
  ""coordinates"": [
    -8.320059651500000e+01,
    4.241051860500000e+01
  ],
  ""type"": ""Point""
}","{
  ""coordinates"": [
    -83.200596515,
    42.410518605
  ],
  ""type"": ""Point""
}",-83.200596515,42.410518605
21639,9161787,I-94,CHENE,2015-01-13,13,1,2015,15,3,8,1,,1,0,,1,1,1,55,3,2,2,5,0,0,0,0,true,,false,false,false,false,false,,,,,,false,false,false,,,false,false,false,false,false,-83.04813,42.37367,"{
  ""coordinates"": [
    -8.304812605300000e+01,
    4.237367151800000e+01
  ],
  ""type"": ""Point""
}","{
  ""coordinates"": [
    -83.048126053,
    42.373671518
  ],
  ""type"": ""Point""
}",-83.048126053,42.373671518
21640,9182647,SECOND,MILWAUKEE,2015-01-12,12,1,2015,16,2,8,9,,4,0,,2,2,1,30,2,2,2,5,0,0,0,0,true,,false,false,false,false,false,,,,,,false,false,false,,,false,false,false,false,false,-83.076,42.36774,"{
  ""coordinates"": [
    -8.307600337799990e+01,
    4.236773734600010e+01
  ],
  ""type"": ""Point""
}","{
  ""coordinates"": [
    -83.076003378,
    42.367737346
  ],
  ""type"": ""Point""
}",-83.0760033779999,42.3677373460001
21641,9157351,SHOEMAKER,FRENCH,2015-01-12,12,1,2015,19,2,4,9,,4,0,,1,1,4,0,4,2,1,4,0,0,0,1,false,,false,false,true,false,false,,,,,,false,false,false,,,false,false,false,false,false,-82.99382,42.3894,"{
  ""coordinates"": [
    -8.299381699000000e+01,
    4.238940511600000e+01
  ],
  ""type"": ""Point""
}","{
  ""coordinates"": [
    -82.99381699,
    42.389405116
  ],
  ""type"": ""Point""
}",-82.99381699,42.389405116
21642,9205337,S M 10 SERVICE DRIVE,GRAND RIVER,2015-01-12,12,1,2015,3,2,5,3,,4,0,,6,5,4,30,2,2,1,5,0,0,0,0,true,,false,false,true,false,false,,,,,,false,false,false,,,false,false,false,false,false,-83.06712,42.33976,"{
  ""coordinates"": [
    -8.306712388499990e+01,
    4.233976482100010e+01
  ],
  ""type"": ""Point""
}","{
  ""coordinates"": [
    -83.067123885,
    42.339764821
  ],
  ""type"": ""Point""
}",-83.0671238849999,42.3397648210001
21643,9157402,WARREN,ANTHONY WAYNE,2015-01-12,12,1,2015,11,2,7,9,,4,0,,4,5,1,30,3,2,2,5,0,0,0,0,true,,false,false,false,false,false,,,,,,false,false,false,,,false,false,false,false,false,-83.07117,42.35466,"{
  ""coordinates"": [
    -8.307116400699989e+01,
    4.235466423900000e+01
  ],
  ""type"": ""Point""
}","{
  ""coordinates"": [
    -83.071164007,
    42.354664239
  ],
  ""type"": ""Point""
}",-83.0711640069999,42.354664239
21644,9159348,8 MILE,DEQUINDRE,2015-01-12,12,1,2015,15,2,4,3,,1,0,,1,1,1,40,4,2,2,5,0,0,0,0,true,,false,false,false,false,false,,,,,,false,false,false,,,false,false,false,false,false,-83.08111,42.44705,"{
  ""coordinates"": [
    -8.308110678700000e+01,
    4.244705284200010e+01
  ],
  ""type"": ""Point""
}","{
  ""coordinates"": [
    -83.081106787,
    42.447052842
  ],
  ""type"": ""Point""
}",-83.081106787,42.4470528420001
21645,9153940,MOUND,EMELINE,2015-01-12,12,1,2015,5,2,1,9,,2,0,,6,5,5,35,3,1,1,4,0,0,0,1,false,,false,false,false,false,false,,,,,,false,false,false,,,false,false,false,false,false,-83.04308,42.41259,"{
  ""coordinates"": [
    -8.304308478900001e+01,
    4.241259002800010e+01
  ],
  ""type"": ""Point""
}","{
  ""coordinates"": [
    -83.043084789,
    42.412590028
  ],
  ""type"": ""Point""
}",-83.043084789,42.4125900280001
21646,9158149,CENTRE,GRAND RIVER,2015-01-12,12,1,2015,1,2,8,9,,4,0,,3,5,5,25,2,2,0,5,0,0,0,0,true,,false,false,true,false,false,,,,,,false,false,false,,,false,false,false,false,false,-83.04653,42.33609,"{
  ""coordinates"": [
    -8.304653493399999e+01,
    4.233609384600000e+01
  ],
  ""type"": ""Point""
}","{
  ""coordinates"": [
    -83.046534934,
    42.336093846
  ],
  ""type"": ""Point""
}",-83.046534934,42.336093846
21647,9157186,SB I-75,MEADE,2015-01-12,12,1,2015,6,2,1,1,,1,1,,4,5,5,70,4,1,2,5,0,0,0,0,true,,false,false,false,false,false,,,,,,false,false,false,,,false,false,false,false,false,-83.07516,42.40585,"{
  ""coordinates"": [
    -8.307516724999989e+01,
    4.240584709500010e+01
  ],
  ""type"": ""Point""
}","{
  ""coordinates"": [
    -83.07516725,
    42.405847095
  ],
  ""type"": ""Point""
}",-83.0751672499999,42.4058470950001
21648,9157187,S I 75,RAMP 216J,2015-01-12,12,1,2015,12,2,5,1,,1,0,,1,2,1,70,3,2,4,5,0,0,0,0,true,,false,false,false,false,false,,,,,,false,false,true,,,false,false,false,false,false,-83.05878,42.36975,"{
  ""coordinates"": [
    -8.305877495999989e+01,
    4.236974676600000e+01
  ],
  ""type"": ""Point""
}","{
  ""coordinates"": [
    -83.05877496,
    42.369746766
  ],
  ""type"": ""Point""
}",-83.0587749599999,42.369746766
21649,9156101,WYOMING,MCNICHOLS,2015-01-12,12,1,2015,10,2,5,9,,4,0,,6,5,1,35,3,2,1,4,0,0,0,1,false,,false,false,true,false,false,,,,,,false,false,false,,,false,false,false,false,false,-83.16032,42.41696,"{
  ""coordinates"": [
    -8.316031690400000e+01,
    4.241695900800000e+01
  ],
  ""type"": ""Point""
}","{
  ""coordinates"": [
    -83.160316904,
    42.416959008
  ],
  ""type"": ""Point""
}",-83.160316904,42.416959008
21650,9160096,W I 94,GRAND,2015-01-12,12,1,2015,22,2,1,1,,1,1,,1,1,4,55,3,1,1,5,0,0,0,0,true,,false,false,false,false,false,,,,,,false,false,false,,,false,false,false,false,false,-83.10793,42.34747,"{
  ""coordinates"": [
    -8.310792610999989e+01,
    4.234746371300000e+01
  ],
  ""type"": ""Point""
}","{
  ""coordinates"": [
    -83.10792611,
    42.347463713
  ],
  ""type"": ""Point""
}",-83.1079261099999,42.347463713
21651,9154966,S I 75,14TH,2015-01-12,12,1,2015,5,2,97,1,,1,0,,4,5,4,55,4,2,2,4,0,0,0,1,false,,false,false,false,false,false,,,,,,false,false,false,,,false,false,false,false,false,-83.07798,42.33253,"{
  ""coordinates"": [
    -8.307797960399991e+01,
    4.233253198600000e+01
  ],
  ""type"": ""Point""
}","{
  ""coordinates"": [
    -83.077979604,
    42.332531986
  ],
  ""type"": ""Point""
}",-83.0779796039999,42.332531986
21652,9157195,I-94,LINWOOD,2015-01-12,12,1,2015,16,2,5,1,,1,0,,4,1,1,55,3,2,2,5,0,0,0,0,true,,false,false,false,false,false,,,,,,false,false,false,,,false,false,false,false,false,-83.09193,42.35236,"{
  ""coordinates"": [
    -8.309193067400000e+01,
    4.235236213000010e+01
  ],
  ""type"": ""Point""
}","{
  ""coordinates"": [
    -83.091930674,
    42.35236213
  ],
  ""type"": ""Point""
}",-83.091930674,42.3523621300001
21653,9156106,MENDOTA,FULLERTON,2015-01-12,12,1,2015,8,2,1,9,,,0,,4,5,1,25,3,1,1,5,0,0,0,0,true,,false,false,false,false,false,,,,,,false,false,false,,,false,false,false,false,false,-83.16415,42.38115,"{
  ""coordinates"": [
    -8.316415006999991e+01,
    4.238115104200010e+01
  ],
  ""type"": ""Point""
}","{
  ""coordinates"": [
    -83.16415007,
    42.381151042
  ],
  ""type"": ""Point""
}",-83.1641500699999,42.3811510420001
21654,9155138,SOUTHFIELD SERVICE DRIVE,WADSWORTH,2015-01-12,12,1,2015,13,2,97,9,,4,0,,2,2,1,30,2,2,2,5,0,0,0,0,true,,false,false,false,false,false,,,,,,false,false,false,,,false,false,false,false,false,-83.21638,42.3743,"{
  ""coordinates"": [
    -8.321638340100000e+01,
    4.237429684900010e+01
  ],
  ""type"": ""Point""
}","{
  ""coordinates"": [
    -83.216383401,
    42.374296849
  ],
  ""type"": ""Point""
}",-83.216383401,42.3742968490001
21655,9157193,E I 96,E M 8,2015-01-12,12,1,2015,5,2,1,1,,1,1,,4,5,4,55,3,1,1,5,0,0,0,0,true,,false,false,false,false,false,,,,,,false,false,false,,,false,false,false,false,false,-83.15457,42.38509,"{
  ""coordinates"": [
    -8.315457317999990e+01,
    4.238509513900000e+01
  ],
  ""type"": ""Point""
}","{
  ""coordinates"": [
    -83.15457318,
    42.385095139
  ],
  ""type"": ""Point""
}",-83.1545731799999,42.385095139
21656,9156123,JEFFERSON,CONNER,2015-01-12,12,1,2015,16,2,5,9,,4,0,,2,1,1,35,6,2,1,5,0,0,0,0,true,,false,false,false,false,false,,,,,,false,false,true,,,false,false,false,false,false,-82.95901,42.36999,"{
  ""coordinates"": [
    -8.295901330399990e+01,
    4.236998718800000e+01
  ],
  ""type"": ""Point""
}","{
  ""coordinates"": [
    -82.959013304,
    42.369987188
  ],
  ""type"": ""Point""
}",-82.9590133039999,42.369987188
21657,9155009,E/B I 94,14TH,2015-01-12,12,1,2015,3,2,1,1,,1,1,,4,2,4,55,3,1,1,5,0,0,0,0,true,,false,false,false,false,false,,,,,,false,false,false,,,false,false,false,false,false,-83.08965,42.35308,"{
  ""coordinates"": [
    -8.308965449000000e+01,
    4.235307512600010e+01
  ],
  ""type"": ""Point""
}","{
  ""coordinates"": [
    -83.08965449,
    42.353075126
  ],
  ""type"": ""Point""
}",-83.08965449,42.3530751260001
21658,9154959,E I 94,LIVERNOIS,2015-01-12,12,1,2015,5,2,1,1,,1,1,,3,5,4,55,3,1,1,5,0,0,0,0,true,,false,false,false,false,false,,,,,,false,false,false,,,false,false,false,false,false,-83.12404,42.33765,"{
  ""coordinates"": [
    -8.312403838400000e+01,
    4.233764580500010e+01
  ],
  ""type"": ""Point""
}","{
  ""coordinates"": [
    -83.124038384,
    42.337645805
  ],
  ""type"": ""Point""
}",-83.124038384,42.3376458050001
21659,9217184,WARREN,N I 75 SERVICE DRIVE,2015-01-12,12,1,2015,16,2,8,9,,4,0,,4,5,3,30,4,2,3,5,0,0,0,0,true,,false,false,false,false,false,,,,,,false,true,true,,,false,false,false,false,false,-83.05383,42.36118,"{
  ""coordinates"": [
    -8.305383265499999e+01,
    4.236117972600000e+01
  ],
  ""type"": ""Point""
}","{
  ""coordinates"": [
    -83.053832655,
    42.361179726
  ],
  ""type"": ""Point""
}",-83.053832655,42.361179726
21660,9157175,S M 39,RAMP 008K,2015-01-12,12,1,2015,6,2,5,3,,1,0,,4,5,4,55,3,2,1,5,0,0,0,0,true,,false,false,true,false,false,,,,,,false,false,false,,,false,false,false,false,false,-83.21687,42.37477,"{
  ""coordinates"": [
    -8.321686847099990e+01,
    4.237476679700010e+01
  ],
  ""type"": ""Point""
}","{
  ""coordinates"": [
    -83.216868471,
    42.374766797
  ],
  ""type"": ""Point""
}",-83.2168684709999,42.3747667970001
21661,9158225,LIVERNOIS,MARGARETA,2015-01-12,12,1,2015,9,2,5,9,,4,0,,2,2,1,35,2,2,2,5,0,0,0,0,true,,false,false,false,false,false,,,,,,false,false,false,,,false,false,false,false,false,-83.14119,42.42797,"{
  ""coordinates"": [
    -8.314119181200000e+01,
    4.242797611900000e+01
  ],
  ""type"": ""Point""
}","{
  ""coordinates"": [
    -83.141191812,
    42.427976119
  ],
  ""type"": ""Point""
}",-83.141191812,42.427976119
21662,9157177,M10,OUTER,2015-01-12,12,1,2015,10,2,1,3,,1,1,,6,5,1,55,3,1,1,5,0,0,0,0,true,,false,false,false,false,false,,,,,,false,false,false,,,false,false,false,false,false,-83.17719,42.4221,"{
  ""coordinates"": [
    -8.317718989199990e+01,
    4.242210266500010e+01
  ],
  ""type"": ""Point""
}","{
  ""coordinates"": [
    -83.177189892,
    42.422102665
  ],
  ""type"": ""Point""
}",-83.1771898919999,42.4221026650001
21663,9157176,W/B I94,LONYO,2015-01-12,12,1,2015,9,2,8,1,,1,0,,4,5,1,55,3,2,2,5,0,0,0,0,true,,false,false,true,false,false,,,,,,false,false,true,,,false,false,false,false,false,-83.14322,42.33168,"{
  ""coordinates"": [
    -8.314322077299990e+01,
    4.233167793000010e+01
  ],
  ""type"": ""Point""
}","{
  ""coordinates"": [
    -83.143220773,
    42.33167793
  ],
  ""type"": ""Point""
}",-83.1432207729999,42.3316779300001
21664,9158213,BIRWOOD,MCNICHOLS,2015-01-12,12,1,2015,20,2,8,9,,,0,,3,1,4,25,2,2,0,5,0,0,0,0,true,,false,false,true,false,false,,,,,,false,false,false,,,false,false,false,false,false,-83.16465,42.41687,"{
  ""coordinates"": [
    -8.316464728699999e+01,
    4.241686625400010e+01
  ],
  ""type"": ""Point""
}","{
  ""coordinates"": [
    -83.164647287,
    42.416866254
  ],
  ""type"": ""Point""
}",-83.164647287,42.4168662540001
21665,9160230,KEELER,LIVERNOIS,2015-01-12,12,1,2015,8,2,5,9,,4,0,,6,5,1,30,2,2,2,5,0,0,0,0,true,,false,false,false,false,false,,,,,,false,false,false,,,false,false,false,false,false,-83.14057,42.4045,"{
  ""coordinates"": [
    -8.314057393400000e+01,
    4.240449983300000e+01
  ],
  ""type"": ""Point""
}","{
  ""coordinates"": [
    -83.140573934,
    42.404499833
  ],
  ""type"": ""Point""
}",-83.140573934,42.404499833
21666,9156100,SCHOOLCRAFT,GREENFIELD,2015-01-12,12,1,2015,16,2,5,9,,2,0,,3,5,1,35,2,2,1,5,0,0,0,0,true,,false,false,true,false,false,,,,,,false,true,false,,,false,false,false,false,false,-83.19814,42.38705,"{
  ""coordinates"": [
    -8.319814245299990e+01,
    4.238705124900010e+01
  ],
  ""type"": ""Point""
}","{
  ""coordinates"": [
    -83.198142453,
    42.387051249
  ],
  ""type"": ""Point""
}",-83.1981424529999,42.3870512490001
21667,9182713,DAVISON,SHERWOOD,2015-01-12,12,1,2015,8,2,5,9,,4,0,,6,5,1,30,4,2,2,5,0,0,0,0,true,,false,false,false,false,false,,,,,,false,false,false,,,false,false,false,false,false,-83.03361,42.42339,"{
  ""coordinates"": [
    -8.303360371100000e+01,
    4.242339193500000e+01
  ],
  ""type"": ""Point""
}","{
  ""coordinates"": [
    -83.033603711,
    42.423391935
  ],
  ""type"": ""Point""
}",-83.033603711,42.423391935