ObjectId,Crash ID,Primary Road,Intersecting Road,Crash Date,Day,Month,Year,Hour,Weekday,Crash Type Code,Highway Classification Code,Community Code,Jurisdiction Code,Lane Departure Type Code,Surface Type,Road Condition,Weather Condition,Lighting Condition,Speed Limit,Lanes,Units,Occupants,Most Severe Injury,Fatal Injuries,Suspected Serious Injuries,Suspected Minor Injuries,Possible Injuries,Property Damage Only,Secondary Crash,Traffic Control,Red Light Run,Hit and Run,Alcohol,Drugs,Unbelted Person,Work Zone,Speeding Driver,Distracted Driver,Driveway,Pedestrian,Elderly Driver,Young Driver,Commercial Vehicle,Emergency Vehicles,Train,School Bus,Motorcycle,Bicycle,Deer,Longitude,Latitude,geom,geog,x,y
21668,9157200,I-75,GREENDALE,2015-01-12,12,1,2015,6,2,97,9,,4,0,,4,5,4,70,3,2,5,2,0,1,1,0,false,,false,false,false,false,false,,,,,,false,false,false,,,false,false,false,false,false,-83.09325,42.4258,"{
  ""coordinates"": [
    -8.309324662400000e+01,
    4.242579621800010e+01
  ],
  ""type"": ""Point""
}","{
  ""coordinates"": [
    -83.093246624,
    42.425796218
  ],
  ""type"": ""Point""
}",-83.093246624,42.4257962180001
21669,9161763,I-375,GRATIOT,2015-01-12,12,1,2015,17,2,5,1,,1,0,,1,1,3,55,4,2,2,5,0,0,0,0,true,,false,false,false,false,false,,,,,,false,false,false,,,false,false,false,false,false,-83.04082,42.33976,"{
  ""coordinates"": [
    -8.304082493700000e+01,
    4.233975871200000e+01
  ],
  ""type"": ""Point""
}","{
  ""coordinates"": [
    -83.040824937,
    42.339758712
  ],
  ""type"": ""Point""
}",-83.040824937,42.339758712
21670,9172946,8 MILE,GRATIOT,2015-01-12,12,1,2015,12,2,5,3,,1,0,,2,2,1,40,6,2,4,5,0,0,0,0,true,,false,false,false,false,false,,,,,,false,false,false,,,false,false,false,false,false,-82.96803,42.44983,"{
  ""coordinates"": [
    -8.296802632899990e+01,
    4.244983053300010e+01
  ],
  ""type"": ""Point""
}","{
  ""coordinates"": [
    -82.968026329,
    42.449830533
  ],
  ""type"": ""Point""
}",-82.9680263289999,42.4498305330001
21671,9156109,CHICAGO,MEYER,2015-01-12,12,1,2015,17,2,4,9,,4,0,,4,2,4,30,2,2,2,5,0,0,0,0,true,,false,false,false,false,false,,,,,,false,true,false,,,false,false,false,false,false,-83.16794,42.366,"{
  ""coordinates"": [
    -8.316793921399990e+01,
    4.236599603800000e+01
  ],
  ""type"": ""Point""
}","{
  ""coordinates"": [
    -83.167939214,
    42.365996038
  ],
  ""type"": ""Point""
}",-83.1679392139999,42.365996038
21672,9160943,LYNDON,SAN JUAN,2015-01-12,12,1,2015,14,2,8,9,,4,0,,2,2,1,30,2,2,2,4,0,0,0,1,false,,false,false,false,false,false,,,,,,false,false,false,,,false,false,false,false,false,-83.14601,42.39536,"{
  ""coordinates"": [
    -8.314600761500000e+01,
    4.239535725100010e+01
  ],
  ""type"": ""Point""
}","{
  ""coordinates"": [
    -83.146007615,
    42.395357251
  ],
  ""type"": ""Point""
}",-83.146007615,42.3953572510001
21673,9156140,MACK,JOHN R,2015-01-12,12,1,2015,9,2,5,9,,4,0,,4,2,1,25,4,2,3,5,0,0,0,0,true,,false,false,false,false,false,,,,,,false,false,true,,,false,false,false,false,false,-83.05595,42.34841,"{
  ""coordinates"": [
    -8.305594499199999e+01,
    4.234840922300000e+01
  ],
  ""type"": ""Point""
}","{
  ""coordinates"": [
    -83.055944992,
    42.348409223
  ],
  ""type"": ""Point""
}",-83.055944992,42.348409223
21674,9157373,EVANSTON,PARK,2015-01-12,12,1,2015,14,2,4,9,,,0,,4,1,1,25,2,2,3,5,0,0,0,0,true,,true,false,false,false,false,,,,,,false,false,false,,,false,false,false,false,false,-82.97627,42.40208,"{
  ""coordinates"": [
    -8.297626959999999e+01,
    4.240207617000000e+01
  ],
  ""type"": ""Point""
}","{
  ""coordinates"": [
    -82.9762696,
    42.40207617
  ],
  ""type"": ""Point""
}",-82.9762696,42.40207617
21675,9156114,WYOMING,LYNDON,2015-01-12,12,1,2015,23,2,4,9,,4,0,,1,1,4,30,5,2,2,5,0,0,0,0,true,,false,false,false,false,false,,,,,,false,true,false,,,false,false,false,false,false,-83.15934,42.39524,"{
  ""coordinates"": [
    -8.315934199100001e+01,
    4.239523847400010e+01
  ],
  ""type"": ""Point""
}","{
  ""coordinates"": [
    -83.159341991,
    42.395238474
  ],
  ""type"": ""Point""
}",-83.159341991,42.3952384740001
21676,9160808,S M 39,RAMP 010D,2015-01-12,12,1,2015,8,2,5,3,,1,0,,97,98,1,55,3,2,2,5,0,0,0,0,true,,false,false,false,false,false,,,,,,false,false,true,,,false,false,false,false,false,-83.21886,42.41191,"{
  ""coordinates"": [
    -8.321885688600000e+01,
    4.241191175200000e+01
  ],
  ""type"": ""Point""
}","{
  ""coordinates"": [
    -83.218856886,
    42.411911752
  ],
  ""type"": ""Point""
}",-83.218856886,42.411911752
21677,9157347,GRATIOT,ST ANTOINE,2015-01-12,12,1,2015,12,2,5,3,,1,0,,2,4,1,35,2,2,2,5,0,0,0,0,true,,false,false,false,false,false,,,,,,false,false,true,,,false,false,false,false,false,-83.04277,42.3383,"{
  ""coordinates"": [
    -8.304276806900000e+01,
    4.233829726000000e+01
  ],
  ""type"": ""Point""
}","{
  ""coordinates"": [
    -83.042768069,
    42.33829726
  ],
  ""type"": ""Point""
}",-83.042768069,42.33829726
21678,9214967,S M 10,RAMP 109E,2015-01-12,12,1,2015,2,2,97,3,,1,1,,3,5,4,55,4,1,1,5,0,0,0,0,true,,false,false,false,false,false,,,,,,false,false,false,,,false,false,false,false,false,-83.1116,42.39882,"{
  ""coordinates"": [
    -8.311159702399991e+01,
    4.239881547000000e+01
  ],
  ""type"": ""Point""
}","{
  ""coordinates"": [
    -83.111597024,
    42.39881547
  ],
  ""type"": ""Point""
}",-83.1115970239999,42.39881547
21679,9158220,NORMANDY,PURITAN,2015-01-12,12,1,2015,11,2,1,9,,,1,,4,1,1,25,1,1,1,5,0,0,0,0,true,,false,false,true,false,false,,,,,,false,false,false,,,false,false,false,false,false,-83.12666,42.41037,"{
  ""coordinates"": [
    -8.312665536999999e+01,
    4.241037530500010e+01
  ],
  ""type"": ""Point""
}","{
  ""coordinates"": [
    -83.12665537,
    42.410375305
  ],
  ""type"": ""Point""
}",-83.12665537,42.4103753050001
21680,9158212,DAVISON,LIVERNOIS,2015-01-12,12,1,2015,16,2,5,3,,1,0,,1,1,1,30,4,2,1,5,0,0,0,0,true,,false,false,false,false,false,,,,,,false,false,false,,,false,false,false,false,false,-83.13953,42.38649,"{
  ""coordinates"": [
    -8.313953198300000e+01,
    4.238649114300010e+01
  ],
  ""type"": ""Point""
}","{
  ""coordinates"": [
    -83.139531983,
    42.386491143
  ],
  ""type"": ""Point""
}",-83.139531983,42.3864911430001
21681,9161791,M-10,WYOMING,2015-01-12,12,1,2015,7,2,5,3,,4,0,,2,5,4,55,3,2,2,5,0,0,0,0,true,,false,false,false,false,false,,,,,,false,false,false,,,false,false,false,false,false,-83.15967,42.40558,"{
  ""coordinates"": [
    -8.315967060000000e+01,
    4.240558415800010e+01
  ],
  ""type"": ""Point""
}","{
  ""coordinates"": [
    -83.1596706,
    42.405584158
  ],
  ""type"": ""Point""
}",-83.1596706,42.4055841580001
21682,9167672,WYOMING,EATON,2015-01-12,12,1,2015,16,2,97,9,,4,0,,6,2,1,30,2,2,2,5,0,0,0,0,true,,false,false,false,false,false,,,,,,false,false,false,,,false,false,false,false,false,-83.15947,42.39806,"{
  ""coordinates"": [
    -8.315946826000000e+01,
    4.239805598500000e+01
  ],
  ""type"": ""Point""
}","{
  ""coordinates"": [
    -83.15946826,
    42.398055985
  ],
  ""type"": ""Point""
}",-83.15946826,42.398055985
21683,9190139,GUNSTON,ELMDALE,2015-01-12,12,1,2015,8,2,4,9,,,0,,4,5,1,25,2,2,2,5,0,0,0,0,true,,true,false,false,false,false,,,,,,false,false,false,,,false,false,false,false,false,-82.99044,42.40255,"{
  ""coordinates"": [
    -8.299044073200000e+01,
    4.240254766800010e+01
  ],
  ""type"": ""Point""
}","{
  ""coordinates"": [
    -82.990440732,
    42.402547668
  ],
  ""type"": ""Point""
}",-82.990440732,42.4025476680001
21684,9155008,N/B M-39,JOY,2015-01-12,12,1,2015,5,2,1,3,,1,1,,4,5,2,55,3,1,1,5,0,0,0,0,true,,false,false,false,false,false,,,,,,false,false,false,,,false,false,false,false,false,-83.21638,42.35757,"{
  ""coordinates"": [
    -8.321637516300000e+01,
    4.235757198400010e+01
  ],
  ""type"": ""Point""
}","{
  ""coordinates"": [
    -83.216375163,
    42.357571984
  ],
  ""type"": ""Point""
}",-83.216375163,42.3575719840001
21685,9161785,NB M-10,WYOMING,2015-01-12,12,1,2015,7,2,8,3,,1,0,,4,5,4,55,3,2,2,5,0,0,0,0,true,,false,false,false,false,false,,,,,,false,false,true,,,false,false,false,false,false,-83.16175,42.40632,"{
  ""coordinates"": [
    -8.316175320600000e+01,
    4.240632327700010e+01
  ],
  ""type"": ""Point""
}","{
  ""coordinates"": [
    -83.161753206,
    42.406323277
  ],
  ""type"": ""Point""
}",-83.161753206,42.4063232770001
21686,9163069,I-75,SCHAEFER,2015-01-12,12,1,2015,5,2,1,1,,1,1,,4,5,4,70,4,1,1,5,0,0,0,0,true,,false,false,false,false,false,,,,,,false,false,false,,,false,false,false,false,false,-83.15451,42.27773,"{
  ""coordinates"": [
    -8.315450932000000e+01,
    4.227772398200010e+01
  ],
  ""type"": ""Point""
}","{
  ""coordinates"": [
    -83.15450932,
    42.277723982
  ],
  ""type"": ""Point""
}",-83.15450932,42.2777239820001
21687,9157178,S/B M10,OUTER,2015-01-12,12,1,2015,11,2,97,3,,1,0,,6,5,1,55,3,2,1,4,0,0,0,1,false,,false,false,false,false,false,,,,,,false,false,false,,,false,false,false,false,false,-83.17733,42.42203,"{
  ""coordinates"": [
    -8.317732703199989e+01,
    4.242202922300000e+01
  ],
  ""type"": ""Point""
}","{
  ""coordinates"": [
    -83.177327032,
    42.422029223
  ],
  ""type"": ""Point""
}",-83.1773270319999,42.422029223
21688,9156097,WYOMING,JOY,2015-01-12,12,1,2015,8,2,4,9,,4,0,,4,1,1,35,4,2,2,5,0,0,0,0,true,,false,false,false,false,false,,,,,,false,true,false,,,false,false,false,false,false,-83.15795,42.35889,"{
  ""coordinates"": [
    -8.315795492399999e+01,
    4.235888578100000e+01
  ],
  ""type"": ""Point""
}","{
  ""coordinates"": [
    -83.157954924,
    42.358885781
  ],
  ""type"": ""Point""
}",-83.157954924,42.358885781
21689,9187618,ETHEL,SCHAEFER,2015-01-12,12,1,2015,15,2,97,9,,,0,,3,1,1,25,3,2,2,5,0,0,0,0,true,,false,false,true,false,false,,,,,,false,true,false,,,false,false,false,false,false,-83.1449,42.27599,"{
  ""coordinates"": [
    -8.314490082799990e+01,
    4.227599120600010e+01
  ],
  ""type"": ""Point""
}","{
  ""coordinates"": [
    -83.144900828,
    42.275991206
  ],
  ""type"": ""Point""
}",-83.1449008279999,42.2759912060001
21690,9164116,M-39,EIGHT MILE,2015-01-12,12,1,2015,6,2,1,3,,1,1,,4,5,4,55,3,1,1,5,0,0,0,0,true,,false,false,false,false,false,,,,,,false,false,false,,,false,false,false,false,false,-83.21967,42.44279,"{
  ""coordinates"": [
    -8.321966615199990e+01,
    4.244279380900010e+01
  ],
  ""type"": ""Point""
}","{
  ""coordinates"": [
    -83.219666152,
    42.442793809
  ],
  ""type"": ""Point""
}",-83.2196661519999,42.4427938090001
21691,9217190,MARTIN LUTHER KING JR,TRUMBULL,2015-01-12,12,1,2015,23,2,5,3,,4,0,,6,1,4,35,4,2,2,5,0,0,0,0,true,,false,false,true,false,false,,,,,,false,false,false,,,false,false,false,false,false,-83.07285,42.34186,"{
  ""coordinates"": [
    -8.307284866700000e+01,
    4.234186037200000e+01
  ],
  ""type"": ""Point""
}","{
  ""coordinates"": [
    -83.072848667,
    42.341860372
  ],
  ""type"": ""Point""
}",-83.072848667,42.341860372
21692,9214910,WADE,PARK,2015-01-12,12,1,2015,10,2,4,9,,,0,,4,1,1,25,2,2,3,4,0,0,0,1,false,,false,false,false,false,false,,,,,,false,false,false,,,false,false,false,false,false,-82.97754,42.40411,"{
  ""coordinates"": [
    -8.297753589400000e+01,
    4.240410516200010e+01
  ],
  ""type"": ""Point""
}","{
  ""coordinates"": [
    -82.977535894,
    42.404105162
  ],
  ""type"": ""Point""
}",-82.977535894,42.4041051620001
21693,9214969,HILLSDALE,SUNSET,2015-01-12,12,1,2015,16,2,97,9,,,0,,3,5,3,25,2,2,1,5,0,0,0,0,true,,false,false,false,false,false,,,,,,false,true,false,,,false,false,false,false,false,-83.06075,42.42957,"{
  ""coordinates"": [
    -8.306075384899999e+01,
    4.242956415100010e+01
  ],
  ""type"": ""Point""
}","{
  ""coordinates"": [
    -83.060753849,
    42.429564151
  ],
  ""type"": ""Point""
}",-83.060753849,42.4295641510001
21694,9156102,PURTIAN,HUBBELL,2015-01-12,12,1,2015,10,2,5,9,,4,0,,6,2,1,30,2,3,3,5,0,0,0,0,true,,false,false,false,false,false,,,,,,false,false,false,,,false,false,false,false,false,-83.1894,42.40905,"{
  ""coordinates"": [
    -8.318940003900001e+01,
    4.240904782300000e+01
  ],
  ""type"": ""Point""
}","{
  ""coordinates"": [
    -83.189400039,
    42.409047823
  ],
  ""type"": ""Point""
}",-83.189400039,42.409047823
21695,9606668,CONNER,CHRISTY,2015-01-12,12,1,2015,7,2,97,9,,4,0,,4,1,1,30,4,2,2,5,0,0,0,0,true,,false,false,false,false,false,,,,,,false,false,true,,,false,false,false,false,false,-83.00737,42.41272,"{
  ""coordinates"": [
    -8.300737083800000e+01,
    4.241272352500000e+01
  ],
  ""type"": ""Point""
}","{
  ""coordinates"": [
    -83.007370838,
    42.412723525
  ],
  ""type"": ""Point""
}",-83.007370838,42.412723525
21696,9176051,I-94,RUSSELL,2015-01-12,12,1,2015,20,2,8,1,,1,0,,1,1,4,55,3,2,1,5,0,0,0,0,true,,false,false,true,false,false,,,,,,false,false,true,,,false,false,false,false,false,-83.05978,42.36748,"{
  ""coordinates"": [
    -8.305978119299991e+01,
    4.236747804500000e+01
  ],
  ""type"": ""Point""
}","{
  ""coordinates"": [
    -83.059781193,
    42.367478045
  ],
  ""type"": ""Point""
}",-83.0597811929999,42.367478045
21697,9157344,LARNED,WASHINGTON,2015-01-12,12,1,2015,7,2,8,9,,4,0,,4,5,4,30,3,2,2,5,0,0,0,0,true,,false,false,false,false,false,,,,,,false,false,false,,,false,false,false,false,false,-83.04813,42.32818,"{
  ""coordinates"": [
    -8.304812275499999e+01,
    4.232818284000010e+01
  ],
  ""type"": ""Point""
}","{
  ""coordinates"": [
    -83.048122755,
    42.32818284
  ],
  ""type"": ""Point""
}",-83.048122755,42.3281828400001
21698,9441244,8 MILE,EVERGREEN,2015-01-12,12,1,2015,20,2,8,3,,1,0,,1,1,5,35,3,2,2,4,0,0,0,1,false,,false,false,true,false,false,,,,,,false,false,false,,,false,false,false,false,false,-83.2394,42.44375,"{
  ""coordinates"": [
    -8.323939808900001e+01,
    4.244375378500010e+01
  ],
  ""type"": ""Point""
}","{
  ""coordinates"": [
    -83.239398089,
    42.443753785
  ],
  ""type"": ""Point""
}",-83.239398089,42.4437537850001
21699,9166708,OUTER,DOLPHIN,2015-01-12,12,1,2015,8,2,4,9,,2,0,,3,5,1,30,2,2,2,4,0,0,0,1,false,,false,false,false,false,false,,,,,,false,false,true,,,false,false,false,false,false,-83.26057,42.3833,"{
  ""coordinates"": [
    -8.326057250199990e+01,
    4.238329877900000e+01
  ],
  ""type"": ""Point""
}","{
  ""coordinates"": [
    -83.260572502,
    42.383298779
  ],
  ""type"": ""Point""
}",-83.2605725019999,42.383298779
21700,9157179,N/B I75,VERNOR,2015-01-12,12,1,2015,14,2,97,1,,1,0,,6,2,1,55,4,2,3,5,0,0,0,0,true,,false,false,false,false,false,,,,,,false,true,false,,,false,false,false,false,false,-83.08213,42.32246,"{
  ""coordinates"": [
    -8.308213254799990e+01,
    4.232245733400000e+01
  ],
  ""type"": ""Point""
}","{
  ""coordinates"": [
    -83.082132548,
    42.322457334
  ],
  ""type"": ""Point""
}",-83.0821325479999,42.322457334
21701,9214913,GOULBURN,MINDEN,2015-01-12,12,1,2015,13,2,8,9,,,0,,4,5,1,25,2,2,2,4,0,0,0,1,false,,false,false,false,false,false,,,,,,false,false,true,,,false,false,false,false,false,-82.98921,42.42096,"{
  ""coordinates"": [
    -8.298920988799991e+01,
    4.242096243900000e+01
  ],
  ""type"": ""Point""
}","{
  ""coordinates"": [
    -82.989209888,
    42.420962439
  ],
  ""type"": ""Point""
}",-82.9892098879999,42.420962439
21702,9217193,RAMP 045A,CHRYSLER,2015-01-12,12,1,2015,11,2,8,1,,1,0,,4,1,1,65,5,2,2,5,0,0,0,0,true,,false,false,true,false,false,,,,,,false,false,false,,,false,false,false,false,false,-83.06184,42.37799,"{
  ""coordinates"": [
    -8.306184496400000e+01,
    4.237798619400010e+01
  ],
  ""type"": ""Point""
}","{
  ""coordinates"": [
    -83.061844964,
    42.377986194
  ],
  ""type"": ""Point""
}",-83.061844964,42.3779861940001
21703,9156124,CATHEDRAL,PENROD,2015-01-12,12,1,2015,7,2,97,9,,,1,,3,5,4,25,1,1,1,5,0,0,0,0,true,,false,false,false,false,false,,,,,,false,false,false,,,false,false,false,false,false,-83.21976,42.36153,"{
  ""coordinates"": [
    -8.321976480700000e+01,
    4.236153346500000e+01
  ],
  ""type"": ""Point""
}","{
  ""coordinates"": [
    -83.219764807,
    42.361533465
  ],
  ""type"": ""Point""
}",-83.219764807,42.361533465
21704,9169824,CARPENTER,KLINGER,2015-01-12,12,1,2015,15,2,1,9,,4,1,,4,1,1,25,2,1,1,4,0,0,0,1,false,,false,false,false,false,false,,,,,,false,false,true,,,false,false,false,false,false,-83.05884,42.40833,"{
  ""coordinates"": [
    -8.305883525599999e+01,
    4.240832772000000e+01
  ],
  ""type"": ""Point""
}","{
  ""coordinates"": [
    -83.058835256,
    42.40832772
  ],
  ""type"": ""Point""
}",-83.058835256,42.40832772
21705,9214966,NEVADA,MOUNT ELLIOTT,2015-01-12,12,1,2015,8,2,97,9,,4,0,,4,5,2,0,2,2,1,5,0,0,0,0,true,,false,false,false,false,false,,,,,,false,false,false,,,false,false,false,false,false,-83.03863,42.4264,"{
  ""coordinates"": [
    -8.303862979500001e+01,
    4.242640205100000e+01
  ],
  ""type"": ""Point""
}","{
  ""coordinates"": [
    -83.038629795,
    42.426402051
  ],
  ""type"": ""Point""
}",-83.038629795,42.426402051
21706,9154957,I-75,I-94,2015-01-12,12,1,2015,2,2,1,1,,1,1,,3,5,4,55,3,1,1,5,0,0,0,0,true,,false,false,false,false,false,,,,,,false,false,false,,,false,false,false,false,false,-83.0579,42.36847,"{
  ""coordinates"": [
    -8.305789739100000e+01,
    4.236846791800010e+01
  ],
  ""type"": ""Point""
}","{
  ""coordinates"": [
    -83.057897391,
    42.368467918
  ],
  ""type"": ""Point""
}",-83.057897391,42.3684679180001
21707,9157201,DAVISON,OAKLAND,2015-01-12,12,1,2015,15,2,1,3,,1,1,,2,1,1,55,3,1,1,4,0,0,0,1,false,,false,false,false,false,false,,,,,,false,false,false,,,false,false,false,false,false,-83.08044,42.40863,"{
  ""coordinates"": [
    -8.308044087499999e+01,
    4.240862542400000e+01
  ],
  ""type"": ""Point""
}","{
  ""coordinates"": [
    -83.080440875,
    42.408625424
  ],
  ""type"": ""Point""
}",-83.080440875,42.408625424
21708,9158173,8 MILE,BERG,2015-01-12,12,1,2015,7,2,97,3,,1,0,,4,5,1,40,4,3,3,5,0,0,0,0,true,,false,false,false,false,false,,,,,,false,true,false,,,false,false,false,false,false,-83.26846,42.44299,"{
  ""coordinates"": [
    -8.326845996799990e+01,
    4.244299449500010e+01
  ],
  ""type"": ""Point""
}","{
  ""coordinates"": [
    -83.268459968,
    42.442994495
  ],
  ""type"": ""Point""
}",-83.2684599679999,42.4429944950001
21709,9156117,KERCHEVAL,LAKEWOOD,2015-01-12,12,1,2015,2,2,1,9,,4,1,,4,5,5,30,2,1,0,5,0,0,0,0,true,,false,false,true,false,false,,,,,,false,false,false,,,false,false,false,false,false,-82.9492,42.37824,"{
  ""coordinates"": [
    -8.294919465100000e+01,
    4.237823974900000e+01
  ],
  ""type"": ""Point""
}","{
  ""coordinates"": [
    -82.949194651,
    42.378239749
  ],
  ""type"": ""Point""
}",-82.949194651,42.378239749
21710,9160089,W I 94,RAMP 217G,2015-01-12,12,1,2015,22,2,1,1,,1,1,,1,1,4,55,4,1,1,5,0,0,0,0,true,,false,false,false,false,false,,,,,,false,false,false,,,false,false,false,false,false,-83.0323,42.38072,"{
  ""coordinates"": [
    -8.303229367599990e+01,
    4.238072382000010e+01
  ],
  ""type"": ""Point""
}","{
  ""coordinates"": [
    -83.032293676,
    42.38072382
  ],
  ""type"": ""Point""
}",-83.0322936759999,42.3807238200001
21711,9166713,TELEGRAPH,MCNICHOLS,2015-01-12,12,1,2015,18,2,1,2,,1,1,,3,1,4,0,4,1,1,5,0,0,0,0,true,,false,false,false,false,false,,,,,,false,false,true,,,false,false,false,false,false,-83.27739,42.41444,"{
  ""coordinates"": [
    -8.327738969099990e+01,
    4.241444215600010e+01
  ],
  ""type"": ""Point""
}","{
  ""coordinates"": [
    -83.277389691,
    42.414442156
  ],
  ""type"": ""Point""
}",-83.2773896909999,42.4144421560001
21712,9155146,HAYES,EVANSTON,2015-01-12,12,1,2015,15,2,8,9,,4,0,,2,2,1,30,2,2,2,5,0,0,0,0,true,,false,false,false,false,false,,,,,,false,true,false,,,false,false,false,false,false,-82.96436,42.40556,"{
  ""coordinates"": [
    -8.296435925199999e+01,
    4.240555669300010e+01
  ],
  ""type"": ""Point""
}","{
  ""coordinates"": [
    -82.964359252,
    42.405556693
  ],
  ""type"": ""Point""
}",-82.964359252,42.4055566930001
21713,9157189,I96,WARREN,2015-01-12,12,1,2015,7,2,8,1,,1,0,,4,5,1,55,5,2,2,5,0,0,0,0,true,,false,false,false,false,false,,,,,,false,false,false,,,false,false,false,false,false,-83.09579,42.34509,"{
  ""coordinates"": [
    -8.309579308900000e+01,
    4.234509338900010e+01
  ],
  ""type"": ""Point""
}","{
  ""coordinates"": [
    -83.095793089,
    42.345093389
  ],
  ""type"": ""Point""
}",-83.095793089,42.3450933890001
21714,9155007,NB M-39,FENKELL,2015-01-12,12,1,2015,0,2,1,3,,1,1,,4,5,4,55,3,1,1,5,0,0,0,0,true,,false,false,false,false,false,,,,,,false,false,false,,,false,false,false,false,false,-83.21806,42.3975,"{
  ""coordinates"": [
    -8.321806191899999e+01,
    4.239750318700000e+01
  ],
  ""type"": ""Point""
}","{
  ""coordinates"": [
    -83.218061919,
    42.397503187
  ],
  ""type"": ""Point""
}",-83.218061919,42.397503187
21715,9173933,SOUTHFIELD,MCNICHOLS,2015-01-12,12,1,2015,17,2,5,3,,1,0,,1,1,1,55,4,3,3,5,0,0,0,0,true,,false,false,true,false,false,,,,,,false,true,false,,,false,false,false,false,false,-83.21889,42.41563,"{
  ""coordinates"": [
    -8.321888513099999e+01,
    4.241563290600000e+01
  ],
  ""type"": ""Point""
}","{
  ""coordinates"": [
    -83.218885131,
    42.415632906
  ],
  ""type"": ""Point""
}",-83.218885131,42.415632906
21716,9202927,CHANDLER PARK,CADIEUX,2015-01-12,12,1,2015,7,2,4,9,,2,0,,4,5,2,35,6,2,1,5,0,0,0,0,true,,false,false,true,false,false,,,,,,false,false,false,,,false,false,false,false,false,-82.93304,42.4109,"{
  ""coordinates"": [
    -8.293304780900000e+01,
    4.241090359200010e+01
  ],
  ""type"": ""Point""
}","{
  ""coordinates"": [
    -82.933047809,
    42.410903592
  ],
  ""type"": ""Point""
}",-82.933047809,42.4109035920001
21717,9156126,TELEGRAPH,RAMP 051B,2015-01-12,12,1,2015,8,2,97,2,,1,0,,6,2,1,25,2,2,3,5,0,0,0,0,true,,false,false,false,false,false,,,,,,false,false,false,,,false,false,false,false,false,-83.27834,42.44254,"{
  ""coordinates"": [
    -8.327834123600000e+01,
    4.244254177200000e+01
  ],
  ""type"": ""Point""
}","{
  ""coordinates"": [
    -83.278341236,
    42.442541772
  ],
  ""type"": ""Point""
}",-83.278341236,42.442541772
21718,9158174,GRAND RIVER,CODDING,2015-01-12,12,1,2015,9,2,97,3,,1,0,,4,5,1,35,4,2,2,4,0,0,0,1,false,,false,false,false,false,false,,,,,,false,false,false,,,false,false,false,false,false,-83.27096,42.42204,"{
  ""coordinates"": [
    -8.327095887599999e+01,
    4.242204380200010e+01
  ],
  ""type"": ""Point""
}","{
  ""coordinates"": [
    -83.270958876,
    42.422043802
  ],
  ""type"": ""Point""
}",-83.270958876,42.4220438020001
21719,9214968,MCNICHOLS,GREENLAWN,2015-01-12,12,1,2015,17,2,97,9,,4,0,,1,1,1,25,2,2,1,4,0,0,0,1,false,,false,false,true,false,false,,,,,,false,false,false,,,false,false,false,false,false,-83.15171,42.41709,"{
  ""coordinates"": [
    -8.315170904800000e+01,
    4.241708724400010e+01
  ],
  ""type"": ""Point""
}","{
  ""coordinates"": [
    -83.151709048,
    42.417087244
  ],
  ""type"": ""Point""
}",-83.151709048,42.4170872440001
21720,9171811,N M 39,RAMP 006B,2015-01-12,12,1,2015,18,2,5,3,,1,0,,1,2,4,55,3,2,2,5,0,0,0,0,true,,false,false,false,false,false,,,,,,false,false,true,,,false,false,false,false,false,-83.21621,42.34786,"{
  ""coordinates"": [
    -8.321620579300000e+01,
    4.234786400500010e+01
  ],
  ""type"": ""Point""
}","{
  ""coordinates"": [
    -83.216205793,
    42.347864005
  ],
  ""type"": ""Point""
}",-83.216205793,42.3478640050001
21721,9158219,MCNICHOLS,GREENLAWN,2015-01-12,12,1,2015,13,2,9,9,,4,2,,4,2,1,25,2,2,3,5,0,0,0,0,true,,false,false,false,false,false,,,,,,false,false,false,,,false,false,false,false,false,-83.151,42.4171,"{
  ""coordinates"": [
    -8.315100204600000e+01,
    4.241709825900010e+01
  ],
  ""type"": ""Point""
}","{
  ""coordinates"": [
    -83.151002046,
    42.417098259
  ],
  ""type"": ""Point""
}",-83.151002046,42.4170982590001
21722,9418849,COOPER,SHOEMAKER,2015-01-12,12,1,2015,22,2,8,9,,,0,,1,1,4,25,2,2,0,5,0,0,0,0,true,,false,false,true,false,false,,,,,,false,false,false,,,false,false,false,false,false,-83.00443,42.38943,"{
  ""coordinates"": [
    -8.300442499499999e+01,
    4.238943381100010e+01
  ],
  ""type"": ""Point""
}","{
  ""coordinates"": [
    -83.004424995,
    42.389433811
  ],
  ""type"": ""Point""
}",-83.004424995,42.3894338110001
21723,9187592,MICHIGAN,GILBERT,2015-01-12,12,1,2015,20,2,5,2,,1,0,,4,1,5,35,5,4,1,5,0,0,0,0,true,,false,false,true,true,false,,,,,,false,false,false,,,false,false,false,false,false,-83.1217,42.33112,"{
  ""coordinates"": [
    -8.312169905400000e+01,
    4.233111681500000e+01
  ],
  ""type"": ""Point""
}","{
  ""coordinates"": [
    -83.121699054,
    42.331116815
  ],
  ""type"": ""Point""
}",-83.121699054,42.331116815
21724,9233002,CADIEUX,CHANDLER PARK,2015-01-12,12,1,2015,7,2,4,9,,4,0,,4,2,1,30,6,2,4,4,0,0,0,1,false,,true,true,true,false,false,,,,,,false,false,false,,,false,false,false,false,false,-82.9331,42.41108,"{
  ""coordinates"": [
    -8.293309836600000e+01,
    4.241107924400010e+01
  ],
  ""type"": ""Point""
}","{
  ""coordinates"": [
    -82.933098366,
    42.411079244
  ],
  ""type"": ""Point""
}",-82.933098366,42.4110792440001