ObjectId,Crash ID,Primary Road,Intersecting Road,Crash Date,Day,Month,Year,Hour,Weekday,Crash Type Code,Highway Classification Code,Community Code,Jurisdiction Code,Lane Departure Type Code,Surface Type,Road Condition,Weather Condition,Lighting Condition,Speed Limit,Lanes,Units,Occupants,Most Severe Injury,Fatal Injuries,Suspected Serious Injuries,Suspected Minor Injuries,Possible Injuries,Property Damage Only,Secondary Crash,Traffic Control,Red Light Run,Hit and Run,Alcohol,Drugs,Unbelted Person,Work Zone,Speeding Driver,Distracted Driver,Driveway,Pedestrian,Elderly Driver,Young Driver,Commercial Vehicle,Emergency Vehicles,Train,School Bus,Motorcycle,Bicycle,Deer,Longitude,Latitude,geom,geog,x,y
21782,9153943,7 MILE,LITTLEFIELD,2015-01-11,11,1,2015,20,1,5,9,,2,0,,4,5,4,35,2,2,3,5,0,0,0,0,true,,false,false,false,false,false,,,,,,false,false,false,,,false,false,false,false,false,-83.17731,42.43114,"{
  ""coordinates"": [
    -8.317731841499990e+01,
    4.243114205900010e+01
  ],
  ""type"": ""Point""
}","{
  ""coordinates"": [
    -83.177318415,
    42.431142059
  ],
  ""type"": ""Point""
}",-83.1773184149999,42.4311420590001
21783,9158222,WYOMING,PURITAN,2015-01-11,11,1,2015,13,1,4,9,,4,0,,1,2,1,30,2,2,2,5,0,0,0,0,true,,false,false,false,false,false,,,,,,false,false,false,,,false,false,false,false,false,-83.16,42.40971,"{
  ""coordinates"": [
    -8.315999504000000e+01,
    4.240970492000010e+01
  ],
  ""type"": ""Point""
}","{
  ""coordinates"": [
    -83.15999504,
    42.40970492
  ],
  ""type"": ""Point""
}",-83.15999504,42.4097049200001
21784,9154955,N I 75,MILWAUKEE,2015-01-11,11,1,2015,22,1,1,1,,1,1,,3,5,4,0,3,1,1,5,0,0,0,0,true,,false,false,false,false,false,,,,,,false,false,false,,,false,false,false,false,false,-83.05962,42.37357,"{
  ""coordinates"": [
    -8.305962391500000e+01,
    4.237356659900010e+01
  ],
  ""type"": ""Point""
}","{
  ""coordinates"": [
    -83.059623915,
    42.373566599
  ],
  ""type"": ""Point""
}",-83.059623915,42.3735665990001
21785,9153715,I-96,I-75,2015-01-10,10,1,2015,8,7,1,1,,1,1,,3,1,1,70,1,1,1,5,0,0,0,0,true,,false,false,false,false,false,,,,,,false,false,true,,,false,false,false,false,false,-83.08221,42.3206,"{
  ""coordinates"": [
    -8.308220815200001e+01,
    4.232059705000010e+01
  ],
  ""type"": ""Point""
}","{
  ""coordinates"": [
    -83.082208152,
    42.32059705
  ],
  ""type"": ""Point""
}",-83.082208152,42.3205970500001
21786,9152447,GREENFIELD,WARREN,2015-01-10,10,1,2015,17,7,1,9,,2,1,,2,1,4,35,6,1,1,4,0,0,0,1,false,,false,false,false,false,false,,,,,,false,false,false,,,false,false,false,false,false,-83.19627,42.34326,"{
  ""coordinates"": [
    -8.319626859000000e+01,
    4.234326061900000e+01
  ],
  ""type"": ""Point""
}","{
  ""coordinates"": [
    -83.19626859,
    42.343260619
  ],
  ""type"": ""Point""
}",-83.19626859,42.343260619
21787,9158075,M-10,DAVISON,2015-01-10,10,1,2015,4,7,5,3,,1,0,,3,5,4,55,3,2,3,4,0,0,0,1,false,,false,false,true,false,false,,,,,,false,false,false,,,false,false,false,false,false,-83.11176,42.39892,"{
  ""coordinates"": [
    -8.311175603899990e+01,
    4.239892276800000e+01
  ],
  ""type"": ""Point""
}","{
  ""coordinates"": [
    -83.111756039,
    42.398922768
  ],
  ""type"": ""Point""
}",-83.1117560389999,42.398922768
21788,9161756,S M 10,RAMP 111B,2015-01-10,10,1,2015,15,7,4,3,,1,0,,6,2,1,55,3,2,3,4,0,0,0,2,false,,false,false,false,false,false,,,,,,false,false,false,,,false,false,false,false,false,-83.10068,42.3854,"{
  ""coordinates"": [
    -8.310067681500000e+01,
    4.238540302700010e+01
  ],
  ""type"": ""Point""
}","{
  ""coordinates"": [
    -83.100676815,
    42.385403027
  ],
  ""type"": ""Point""
}",-83.100676815,42.3854030270001
21789,9152231,I-75,MCNICHOLS,2015-01-10,10,1,2015,8,7,1,1,,1,1,,4,1,1,70,4,1,1,5,0,0,0,0,true,,false,false,false,false,false,,,,,,false,false,false,,,false,false,false,false,false,-83.08503,42.41504,"{
  ""coordinates"": [
    -8.308502795600000e+01,
    4.241504344900010e+01
  ],
  ""type"": ""Point""
}","{
  ""coordinates"": [
    -83.085027956,
    42.415043449
  ],
  ""type"": ""Point""
}",-83.085027956,42.4150434490001
21790,9213696,FENKELL,GRAND RIVER,2015-01-10,10,1,2015,10,7,7,3,,2,0,,2,1,1,0,4,2,3,5,0,0,0,0,true,,false,false,false,false,false,,,,,,false,false,false,,,false,false,false,false,false,-83.21912,42.4011,"{
  ""coordinates"": [
    -8.321912521800000e+01,
    4.240110115800010e+01
  ],
  ""type"": ""Point""
}","{
  ""coordinates"": [
    -83.219125218,
    42.401101158
  ],
  ""type"": ""Point""
}",-83.219125218,42.4011011580001
21791,9158053,S/B M-10,7 MILE,2015-01-10,10,1,2015,0,7,1,3,,1,1,,3,5,4,55,3,1,1,5,0,0,0,0,true,,false,false,false,false,false,,,,,,false,false,true,,,false,false,false,false,false,-83.18397,42.42807,"{
  ""coordinates"": [
    -8.318396401599990e+01,
    4.242807102100010e+01
  ],
  ""type"": ""Point""
}","{
  ""coordinates"": [
    -83.183964016,
    42.428071021
  ],
  ""type"": ""Point""
}",-83.1839640159999,42.4280710210001
21792,9157381,LIVERNOIS,LYNDON,2015-01-10,10,1,2015,10,7,1,9,,4,1,,97,1,1,30,3,1,2,4,0,0,0,1,false,,false,false,false,false,false,,,,,,false,true,false,,,false,false,false,false,false,-83.13984,42.39598,"{
  ""coordinates"": [
    -8.313984245200000e+01,
    4.239598314600000e+01
  ],
  ""type"": ""Point""
}","{
  ""coordinates"": [
    -83.139842452,
    42.395983146
  ],
  ""type"": ""Point""
}",-83.139842452,42.395983146
21793,9214867,E I 96 SERVICE DRIVE,WYOMING,2015-01-10,10,1,2015,10,7,97,9,,4,1,,3,1,1,55,6,1,3,5,0,0,0,0,true,,false,false,false,false,false,,,,,,false,false,true,,,false,false,false,false,false,-83.15878,42.38475,"{
  ""coordinates"": [
    -8.315877594400000e+01,
    4.238475559700000e+01
  ],
  ""type"": ""Point""
}","{
  ""coordinates"": [
    -83.158775944,
    42.384755597
  ],
  ""type"": ""Point""
}",-83.158775944,42.384755597
21794,9155955,SB I 75,CLARK,2015-01-10,10,1,2015,1,7,1,1,,1,1,,4,5,5,70,3,1,2,5,0,0,0,0,true,,false,false,false,false,false,,,,,,false,false,false,,,false,false,false,false,false,-83.09142,42.31355,"{
  ""coordinates"": [
    -8.309141229200000e+01,
    4.231354396500010e+01
  ],
  ""type"": ""Point""
}","{
  ""coordinates"": [
    -83.091412292,
    42.313543965
  ],
  ""type"": ""Point""
}",-83.091412292,42.3135439650001
21795,9152208,I-75,HOLBROOK,2015-01-10,10,1,2015,6,7,1,1,,1,1,,3,2,4,55,4,1,1,5,0,0,0,0,true,,false,false,false,false,false,,,,,,false,false,false,,,false,false,false,false,false,-83.06728,42.38533,"{
  ""coordinates"": [
    -8.306727769900000e+01,
    4.238533232100010e+01
  ],
  ""type"": ""Point""
}","{
  ""coordinates"": [
    -83.067277699,
    42.385332321
  ],
  ""type"": ""Point""
}",-83.067277699,42.3853323210001
21796,9187562,CENTRAL,WHITTAKER,2015-01-10,10,1,2015,16,7,4,9,,4,0,,6,2,3,30,2,2,2,5,0,0,0,0,true,,false,false,false,false,true,,,,,,false,false,false,,,false,false,false,false,false,-83.12386,42.31202,"{
  ""coordinates"": [
    -8.312386045999990e+01,
    4.231201415600000e+01
  ],
  ""type"": ""Point""
}","{
  ""coordinates"": [
    -83.12386046,
    42.312014156
  ],
  ""type"": ""Point""
}",-83.1238604599999,42.312014156
21797,9171825,NB M-10,PEMBROKE,2015-01-10,10,1,2015,9,7,1,3,,1,1,,3,5,1,55,3,1,1,4,0,0,0,1,false,,false,false,true,false,false,,,,,,false,false,true,,,false,false,false,false,false,-83.1939,42.4376,"{
  ""coordinates"": [
    -8.319389770399989e+01,
    4.243759562400000e+01
  ],
  ""type"": ""Point""
}","{
  ""coordinates"": [
    -83.193897704,
    42.437595624
  ],
  ""type"": ""Point""
}",-83.1938977039999,42.437595624
21798,9152497,DAVISON,JOHN,2015-01-10,10,1,2015,11,7,8,3,,1,0,,4,1,1,55,4,2,2,5,0,0,0,0,true,,false,false,true,false,false,,,,,,false,false,false,,,false,false,false,false,false,-83.11115,42.39738,"{
  ""coordinates"": [
    -8.311114473399989e+01,
    4.239737782900000e+01
  ],
  ""type"": ""Point""
}","{
  ""coordinates"": [
    -83.111144734,
    42.397377829
  ],
  ""type"": ""Point""
}",-83.1111447339999,42.397377829
21799,9169369,E/B I 96,OUTER,2015-01-10,10,1,2015,8,7,1,1,,1,1,,3,2,1,70,5,1,1,4,0,0,0,1,false,,false,false,false,false,false,,,,,,false,false,false,,,false,false,false,false,false,-83.26109,42.38554,"{
  ""coordinates"": [
    -8.326108175699990e+01,
    4.238553498300010e+01
  ],
  ""type"": ""Point""
}","{
  ""coordinates"": [
    -83.261081757,
    42.385534983
  ],
  ""type"": ""Point""
}",-83.2610817569999,42.3855349830001
21800,9187513,N M 10,RAMP 109E,2015-01-10,10,1,2015,2,7,97,3,,1,1,,3,5,4,55,3,1,1,5,0,0,0,0,true,,false,false,false,false,false,,,,,,false,true,false,,,false,false,false,false,false,-83.11002,42.39858,"{
  ""coordinates"": [
    -8.311002601199991e+01,
    4.239857849400000e+01
  ],
  ""type"": ""Point""
}","{
  ""coordinates"": [
    -83.110026012,
    42.398578494
  ],
  ""type"": ""Point""
}",-83.1100260119999,42.398578494
21801,9203154,PARK,MONTCALM,2015-01-10,10,1,2015,21,7,5,9,,4,0,,4,5,4,25,2,2,4,5,0,0,0,0,true,,false,false,true,false,false,,,,,,false,false,false,,,false,false,false,false,false,-83.05393,42.33817,"{
  ""coordinates"": [
    -8.305393105500001e+01,
    4.233817186700000e+01
  ],
  ""type"": ""Point""
}","{
  ""coordinates"": [
    -83.053931055,
    42.338171867
  ],
  ""type"": ""Point""
}",-83.053931055,42.338171867
21802,9153691,M-10,CHICAGO,2015-01-10,10,1,2015,11,7,1,3,,1,1,,3,2,1,55,3,1,1,5,0,0,0,0,true,,false,false,false,false,false,,,,,,false,true,false,,,false,false,false,false,false,-83.0931,42.38174,"{
  ""coordinates"": [
    -8.309310208399999e+01,
    4.238174290100010e+01
  ],
  ""type"": ""Point""
}","{
  ""coordinates"": [
    -83.093102084,
    42.381742901
  ],
  ""type"": ""Point""
}",-83.093102084,42.3817429010001
21803,9152448,ROCKDALE,EATON,2015-01-10,10,1,2015,21,7,5,9,,,3,,4,1,4,25,1,2,1,5,0,0,0,0,true,,false,false,false,false,false,,,,,,false,false,false,,,false,false,false,false,false,-83.25795,42.39587,"{
  ""coordinates"": [
    -8.325795225000000e+01,
    4.239587498300010e+01
  ],
  ""type"": ""Point""
}","{
  ""coordinates"": [
    -83.25795225,
    42.395874983
  ],
  ""type"": ""Point""
}",-83.25795225,42.3958749830001
21804,9214931,GRINNELL,VAN DYKE,2015-01-10,10,1,2015,13,7,4,3,,4,0,,2,5,1,30,8,2,2,4,0,0,0,1,false,,false,false,false,false,false,,,,,,false,false,true,,,false,false,false,false,false,-83.02299,42.40095,"{
  ""coordinates"": [
    -8.302299152499999e+01,
    4.240095154700000e+01
  ],
  ""type"": ""Point""
}","{
  ""coordinates"": [
    -83.022991525,
    42.400951547
  ],
  ""type"": ""Point""
}",-83.022991525,42.400951547
21805,9155019,S/B M-10,WYOMING,2015-01-10,10,1,2015,6,7,8,3,,1,0,,3,2,4,55,3,2,2,5,0,0,0,0,true,,false,false,false,false,false,,,,,,false,false,true,,,false,false,false,false,false,-83.16077,42.40556,"{
  ""coordinates"": [
    -8.316077770100000e+01,
    4.240555670300010e+01
  ],
  ""type"": ""Point""
}","{
  ""coordinates"": [
    -83.160777701,
    42.405556703
  ],
  ""type"": ""Point""
}",-83.160777701,42.4055567030001
21806,9153780,E I 96,RAMP 008V,2015-01-10,10,1,2015,9,7,1,1,,1,1,,3,6,1,70,3,1,1,5,0,0,0,0,true,,false,false,false,false,false,,,,,,false,false,false,,,false,false,false,false,false,-83.20734,42.37887,"{
  ""coordinates"": [
    -8.320734325599990e+01,
    4.237886999800000e+01
  ],
  ""type"": ""Point""
}","{
  ""coordinates"": [
    -83.207343256,
    42.378869998
  ],
  ""type"": ""Point""
}",-83.2073432559999,42.378869998
21807,9202896,RAMP 138A,E I 96 SERVICE DRIVE,2015-01-10,10,1,2015,7,7,5,1,,1,0,,4,1,1,35,2,2,2,4,0,0,0,1,false,,false,false,false,false,false,,,,,,false,false,false,,,false,false,false,false,false,-83.16003,42.38476,"{
  ""coordinates"": [
    -8.316003477899990e+01,
    4.238475697100010e+01
  ],
  ""type"": ""Point""
}","{
  ""coordinates"": [
    -83.160034779,
    42.384756971
  ],
  ""type"": ""Point""
}",-83.1600347789999,42.3847569710001
21808,9152490,I 96 SERVICE,SCOTTEN,2015-01-10,10,1,2015,4,7,1,1,,4,1,,3,1,1,25,2,1,2,4,0,0,0,1,false,,false,false,false,false,false,,,,,,false,false,false,,,false,false,false,false,false,-83.1118,42.35699,"{
  ""coordinates"": [
    -8.311180470499990e+01,
    4.235699139900000e+01
  ],
  ""type"": ""Point""
}","{
  ""coordinates"": [
    -83.111804705,
    42.356991399
  ],
  ""type"": ""Point""
}",-83.1118047049999,42.356991399
21809,9152234,I-75,MCNICHOLS,2015-01-10,10,1,2015,8,7,1,1,,1,1,,4,1,1,70,4,1,1,4,0,0,0,1,false,,false,false,false,false,false,,,,,,false,false,false,,,false,false,false,false,false,-83.09036,42.42131,"{
  ""coordinates"": [
    -8.309036232800000e+01,
    4.242130475300010e+01
  ],
  ""type"": ""Point""
}","{
  ""coordinates"": [
    -83.090362328,
    42.421304753
  ],
  ""type"": ""Point""
}",-83.090362328,42.4213047530001
21810,9160113,I-75,I-96,2015-01-10,10,1,2015,9,7,1,1,,1,1,,97,98,98,55,3,1,1,5,0,0,0,0,true,,false,false,false,false,false,,,,,,false,false,false,,,false,false,false,false,false,-83.08344,42.33276,"{
  ""coordinates"": [
    -8.308343544000000e+01,
    4.233276081300000e+01
  ],
  ""type"": ""Point""
}","{
  ""coordinates"": [
    -83.08343544,
    42.332760813
  ],
  ""type"": ""Point""
}",-83.08343544,42.332760813
21811,9155003,M-10,MARTIN LUTHER KING,2015-01-10,10,1,2015,19,7,5,3,,1,0,,1,2,4,55,3,2,5,5,0,0,0,0,true,,false,false,false,false,false,,,,,,false,false,false,,,false,false,false,false,false,-83.0683,42.34388,"{
  ""coordinates"": [
    -8.306829820500000e+01,
    4.234388186500010e+01
  ],
  ""type"": ""Point""
}","{
  ""coordinates"": [
    -83.068298205,
    42.343881865
  ],
  ""type"": ""Point""
}",-83.068298205,42.3438818650001
21812,9153781,W I 96,W M 8,2015-01-10,10,1,2015,10,7,5,1,,1,0,,3,6,1,70,3,3,3,3,0,0,1,0,false,,false,false,false,false,false,,,,,,false,false,false,,,false,false,false,false,false,-83.15691,42.38541,"{
  ""coordinates"": [
    -8.315691725600000e+01,
    4.238540943400010e+01
  ],
  ""type"": ""Point""
}","{
  ""coordinates"": [
    -83.156917256,
    42.385409434
  ],
  ""type"": ""Point""
}",-83.156917256,42.3854094340001
21813,9187619,CONNER,LONGVIEW,2015-01-10,10,1,2015,18,7,97,9,,4,0,,3,1,4,0,4,2,5,5,0,0,0,0,true,,false,false,true,false,false,,,,,,false,false,false,,,false,false,false,false,false,-82.99429,42.40226,"{
  ""coordinates"": [
    -8.299429157899991e+01,
    4.240226324000000e+01
  ],
  ""type"": ""Point""
}","{
  ""coordinates"": [
    -82.994291579,
    42.40226324
  ],
  ""type"": ""Point""
}",-82.9942915789999,42.40226324
21814,9152187,I-94,CONCORD,2015-01-10,10,1,2015,9,7,1,1,,1,1,,3,1,1,55,3,1,1,5,0,0,0,0,true,,false,false,false,false,false,,,,,,false,false,true,,,false,false,false,false,false,-83.03024,42.38324,"{
  ""coordinates"": [
    -8.303023793400000e+01,
    4.238324540700010e+01
  ],
  ""type"": ""Point""
}","{
  ""coordinates"": [
    -83.030237934,
    42.383245407
  ],
  ""type"": ""Point""
}",-83.030237934,42.3832454070001
21815,9153783,I-75,MEADE,2015-01-10,10,1,2015,10,7,1,1,,1,1,,3,1,1,55,4,1,1,5,0,0,0,0,true,,false,false,false,false,false,,,,,,false,false,true,,,false,false,false,false,false,-83.07388,42.40518,"{
  ""coordinates"": [
    -8.307388396700000e+01,
    4.240517616300010e+01
  ],
  ""type"": ""Point""
}","{
  ""coordinates"": [
    -83.073883967,
    42.405176163
  ],
  ""type"": ""Point""
}",-83.073883967,42.4051761630001
21816,9152209,I-75,HOLBROOK,2015-01-10,10,1,2015,8,7,97,1,,1,0,,3,2,1,55,4,2,2,5,0,0,0,0,true,,false,false,false,false,false,,,,,,false,false,true,,,false,false,false,false,false,-83.06671,42.38447,"{
  ""coordinates"": [
    -8.306671337800000e+01,
    4.238447118100000e+01
  ],
  ""type"": ""Point""
}","{
  ""coordinates"": [
    -83.066713378,
    42.384471181
  ],
  ""type"": ""Point""
}",-83.066713378,42.384471181
21817,9160837,I-96,EVERGREEN,2015-01-10,10,1,2015,6,7,6,1,,1,0,,3,5,2,55,2,2,1,4,0,0,0,1,false,,false,false,true,false,false,,,,,,false,false,true,,,false,false,false,false,false,-83.23481,42.37932,"{
  ""coordinates"": [
    -8.323481357000000e+01,
    4.237931812100000e+01
  ],
  ""type"": ""Point""
}","{
  ""coordinates"": [
    -83.23481357,
    42.379318121
  ],
  ""type"": ""Point""
}",-83.23481357,42.379318121
21818,9153685,M-10,WYOMING,2015-01-10,10,1,2015,7,7,1,3,,1,1,,3,2,2,55,4,1,1,3,0,0,1,0,false,,false,false,false,false,false,,,,,,false,false,false,,,false,false,false,false,false,-83.16138,42.40607,"{
  ""coordinates"": [
    -8.316137796000000e+01,
    4.240606736900000e+01
  ],
  ""type"": ""Point""
}","{
  ""coordinates"": [
    -83.16137796,
    42.406067369
  ],
  ""type"": ""Point""
}",-83.16137796,42.406067369
21819,9153937,CONNER,PROMENADE,2015-01-10,10,1,2015,17,7,9,3,,4,2,,3,2,5,25,2,2,3,5,0,0,0,0,true,,false,false,false,false,false,,,,,,false,false,false,,,false,false,false,false,false,-82.99731,42.40476,"{
  ""coordinates"": [
    -8.299730423699999e+01,
    4.240476107500010e+01
  ],
  ""type"": ""Point""
}","{
  ""coordinates"": [
    -82.997304237,
    42.404761075
  ],
  ""type"": ""Point""
}",-82.997304237,42.4047610750001
21820,9203133,S I 75,MCNICHOLS,2015-01-10,10,1,2015,7,7,1,1,,1,1,,4,5,4,70,1,1,1,4,0,0,0,1,false,,false,false,false,false,false,,,,,,false,false,true,,,false,false,false,false,false,-83.08788,42.41801,"{
  ""coordinates"": [
    -8.308787650100000e+01,
    4.241801307800010e+01
  ],
  ""type"": ""Point""
}","{
  ""coordinates"": [
    -83.087876501,
    42.418013078
  ],
  ""type"": ""Point""
}",-83.087876501,42.4180130780001
21821,9153692,N M 10,HAMILTON,2015-01-10,10,1,2015,11,7,1,3,,1,1,,3,1,1,55,3,1,1,5,0,0,0,0,true,,false,false,false,false,false,,,,,,false,false,false,,,false,false,false,false,false,-83.09316,42.38195,"{
  ""coordinates"": [
    -8.309316036500000e+01,
    4.238194735400000e+01
  ],
  ""type"": ""Point""
}","{
  ""coordinates"": [
    -83.093160365,
    42.381947354
  ],
  ""type"": ""Point""
}",-83.093160365,42.381947354
21822,9155002,I-75,DEARBORN,2015-01-10,10,1,2015,5,7,97,1,,1,0,,3,5,4,70,4,2,2,4,0,0,0,2,false,,false,false,false,false,false,,,,,,false,true,false,,,false,false,false,false,false,-83.12519,42.29689,"{
  ""coordinates"": [
    -8.312518872000000e+01,
    4.229688688700000e+01
  ],
  ""type"": ""Point""
}","{
  ""coordinates"": [
    -83.12518872,
    42.296886887
  ],
  ""type"": ""Point""
}",-83.12518872,42.296886887
21823,9154950,M-10,DAVISON,2015-01-10,10,1,2015,4,7,1,3,,1,1,,3,5,4,55,3,1,1,5,0,0,0,0,true,,false,false,false,false,false,,,,,,false,false,false,,,false,false,false,false,false,-83.11067,42.39816,"{
  ""coordinates"": [
    -8.311066884500001e+01,
    4.239816274900010e+01
  ],
  ""type"": ""Point""
}","{
  ""coordinates"": [
    -83.110668845,
    42.398162749
  ],
  ""type"": ""Point""
}",-83.110668845,42.3981627490001
21824,9154998,I-94,MOROSS,2015-01-10,10,1,2015,9,7,1,1,,1,1,,3,1,1,55,3,1,1,4,0,0,0,2,false,,false,false,false,false,false,,,,,,false,false,false,,,false,false,false,false,false,-82.92948,42.42343,"{
  ""coordinates"": [
    -8.292948388900000e+01,
    4.242343127900010e+01
  ],
  ""type"": ""Point""
}","{
  ""coordinates"": [
    -82.929483889,
    42.423431279
  ],
  ""type"": ""Point""
}",-82.929483889,42.4234312790001
21825,9166581,W I 96,FULLERTON,2015-01-10,10,1,2015,5,7,1,1,,1,1,,4,5,4,55,4,1,1,5,0,0,0,0,true,,false,false,true,false,false,,,,,,false,false,false,,,false,false,false,false,false,-83.18916,42.38029,"{
  ""coordinates"": [
    -8.318916214500000e+01,
    4.238028541000010e+01
  ],
  ""type"": ""Point""
}","{
  ""coordinates"": [
    -83.189162145,
    42.38028541
  ],
  ""type"": ""Point""
}",-83.189162145,42.3802854100001
21826,9153936,JEFFERSON,COPLIN,2015-01-10,10,1,2015,20,7,1,9,,4,1,,2,5,4,35,4,1,2,4,0,0,0,2,false,,false,false,false,false,false,,,,,,false,false,false,,,false,false,false,false,false,-82.94936,42.37093,"{
  ""coordinates"": [
    -8.294936592200000e+01,
    4.237093131600010e+01
  ],
  ""type"": ""Point""
}","{
  ""coordinates"": [
    -82.949365922,
    42.370931316
  ],
  ""type"": ""Point""
}",-82.949365922,42.3709313160001
21827,9165732,PATTON,ST MARIA,2015-01-10,10,1,2015,1,7,1,9,,,1,,4,1,4,25,2,1,0,5,0,0,0,0,true,,false,false,true,false,false,,,,,,false,false,false,,,false,false,false,false,false,-83.24503,42.42,"{
  ""coordinates"": [
    -8.324502212000000e+01,
    4.242000122700010e+01
  ],
  ""type"": ""Point""
}","{
  ""coordinates"": [
    -83.24502212,
    42.420001227
  ],
  ""type"": ""Point""
}",-83.24502212,42.4200012270001
21828,9153687,M-10,MCNICHOLS,2015-01-10,10,1,2015,8,7,1,3,,1,1,,3,1,1,55,3,1,1,3,0,0,1,0,false,,false,false,false,false,false,,,,,,false,false,false,,,false,false,false,false,false,-83.17222,42.41661,"{
  ""coordinates"": [
    -8.317222156400000e+01,
    4.241661488300010e+01
  ],
  ""type"": ""Point""
}","{
  ""coordinates"": [
    -83.172221564,
    42.416614883
  ],
  ""type"": ""Point""
}",-83.172221564,42.4166148830001
21829,9156116,MEYERS,ELLIS,2015-01-10,10,1,2015,20,7,9,9,,4,2,,1,1,4,25,4,2,0,5,0,0,0,0,true,,false,false,true,false,false,,,,,,false,false,false,,,false,false,false,false,false,-83.16779,42.36128,"{
  ""coordinates"": [
    -8.316778832999999e+01,
    4.236127931700000e+01
  ],
  ""type"": ""Point""
}","{
  ""coordinates"": [
    -83.16778833,
    42.361279317
  ],
  ""type"": ""Point""
}",-83.16778833,42.361279317
21830,9152238,I-94,MT ELLIOT,2015-01-10,10,1,2015,14,7,97,1,,1,0,,3,2,1,55,3,2,3,5,0,0,0,0,true,,false,false,false,false,false,,,,,,false,false,false,,,false,false,false,false,false,-83.03104,42.38217,"{
  ""coordinates"": [
    -8.303103650299990e+01,
    4.238217307800010e+01
  ],
  ""type"": ""Point""
}","{
  ""coordinates"": [
    -83.031036503,
    42.382173078
  ],
  ""type"": ""Point""
}",-83.0310365029999,42.3821730780001
21831,9156135,LINWOOD,MONTEREY,2015-01-10,10,1,2015,20,7,5,9,,4,0,,2,5,4,30,2,2,2,5,0,0,0,0,true,,false,false,false,false,false,,,,,,false,false,true,,,false,false,false,false,false,-83.11673,42.38523,"{
  ""coordinates"": [
    -8.311673052799991e+01,
    4.238522919600010e+01
  ],
  ""type"": ""Point""
}","{
  ""coordinates"": [
    -83.116730528,
    42.385229196
  ],
  ""type"": ""Point""
}",-83.1167305279999,42.3852291960001
21832,9161709,RAMP 008B,E I 96 CD,2015-01-10,10,1,2015,10,7,4,1,,1,0,,3,1,1,35,2,2,2,5,0,0,0,0,true,,false,false,true,false,false,,,,,,false,false,false,,,false,false,false,false,false,-83.2092,42.37835,"{
  ""coordinates"": [
    -8.320919600799991e+01,
    4.237834555900000e+01
  ],
  ""type"": ""Point""
}","{
  ""coordinates"": [
    -83.209196008,
    42.378345559
  ],
  ""type"": ""Point""
}",-83.2091960079999,42.378345559
21833,9161733,N/B M-10,HAMILTON,2015-01-10,10,1,2015,3,7,1,3,,1,1,,4,5,4,55,3,1,1,5,0,0,0,0,true,,false,false,false,false,false,,,,,,false,false,false,,,false,false,false,false,false,-83.09178,42.38123,"{
  ""coordinates"": [
    -8.309177963499999e+01,
    4.238122533800000e+01
  ],
  ""type"": ""Point""
}","{
  ""coordinates"": [
    -83.091779635,
    42.381225338
  ],
  ""type"": ""Point""
}",-83.091779635,42.381225338
21834,9155014,S M 10,CHICAGO,2015-01-10,10,1,2015,3,7,1,3,,1,1,,3,5,4,55,3,1,2,5,0,0,0,0,true,,false,false,false,false,false,,,,,,false,false,false,,,false,false,false,false,false,-83.09631,42.38271,"{
  ""coordinates"": [
    -8.309630807400001e+01,
    4.238270803300000e+01
  ],
  ""type"": ""Point""
}","{
  ""coordinates"": [
    -83.096308074,
    42.382708033
  ],
  ""type"": ""Point""
}",-83.096308074,42.382708033
21835,9154985,W I 96 CD,CSX TRANSPORTATION,2015-01-10,10,1,2015,9,7,1,1,,1,1,,3,1,1,55,3,1,2,4,0,0,0,2,false,,false,false,false,false,false,,,,,,false,false,false,,,false,false,false,false,false,-83.23176,42.37839,"{
  ""coordinates"": [
    -8.323175455300000e+01,
    4.237839119000010e+01
  ],
  ""type"": ""Point""
}","{
  ""coordinates"": [
    -83.231754553,
    42.37839119
  ],
  ""type"": ""Point""
}",-83.231754553,42.3783911900001
21836,9165587,M-39,CHICAGO,2015-01-10,10,1,2015,2,7,97,3,,1,0,,4,1,4,55,3,2,4,5,0,0,0,0,true,,false,false,true,false,false,,,,,,false,false,true,,,false,false,false,false,false,-83.21638,42.36581,"{
  ""coordinates"": [
    -8.321638189100000e+01,
    4.236580728700010e+01
  ],
  ""type"": ""Point""
}","{
  ""coordinates"": [
    -83.216381891,
    42.365807287
  ],
  ""type"": ""Point""
}",-83.216381891,42.3658072870001
21837,9157367,RANDOLPH,JEFFERSON,2015-01-10,10,1,2015,16,7,3,3,,4,0,,1,1,1,35,2,2,2,5,0,0,0,0,true,,false,false,false,false,false,,,,,,false,false,false,,,false,false,false,false,false,-83.04183,42.32964,"{
  ""coordinates"": [
    -8.304182942599989e+01,
    4.232964018100010e+01
  ],
  ""type"": ""Point""
}","{
  ""coordinates"": [
    -83.041829426,
    42.329640181
  ],
  ""type"": ""Point""
}",-83.0418294259999,42.3296401810001
21838,9152159,I-94,ROSA PARKS,2015-01-10,10,1,2015,0,7,8,1,,1,0,,4,5,4,55,3,2,2,5,0,0,0,0,true,,false,false,false,false,false,,,,,,false,false,true,,,false,false,false,false,false,-83.08475,42.3546,"{
  ""coordinates"": [
    -8.308475524799999e+01,
    4.235460332100010e+01
  ],
  ""type"": ""Point""
}","{
  ""coordinates"": [
    -83.084755248,
    42.354603321
  ],
  ""type"": ""Point""
}",-83.084755248,42.3546033210001