ObjectId,Crash ID,Primary Road,Intersecting Road,Crash Date,Day,Month,Year,Hour,Weekday,Crash Type Code,Highway Classification Code,Community Code,Jurisdiction Code,Lane Departure Type Code,Surface Type,Road Condition,Weather Condition,Lighting Condition,Speed Limit,Lanes,Units,Occupants,Most Severe Injury,Fatal Injuries,Suspected Serious Injuries,Suspected Minor Injuries,Possible Injuries,Property Damage Only,Secondary Crash,Traffic Control,Red Light Run,Hit and Run,Alcohol,Drugs,Unbelted Person,Work Zone,Speeding Driver,Distracted Driver,Driveway,Pedestrian,Elderly Driver,Young Driver,Commercial Vehicle,Emergency Vehicles,Train,School Bus,Motorcycle,Bicycle,Deer,Longitude,Latitude,geom,geog,x,y
21839,9153925,ALTER,VOIGHT,2015-01-10,10,1,2015,16,7,1,9,,4,1,,4,1,1,30,2,1,1,5,0,0,0,0,true,,false,false,false,false,false,,,,,,false,false,true,,,false,false,false,false,false,-82.95261,42.39465,"{
  ""coordinates"": [
    -8.295261115400000e+01,
    4.239465160600000e+01
  ],
  ""type"": ""Point""
}","{
  ""coordinates"": [
    -82.952611154,
    42.394651606
  ],
  ""type"": ""Point""
}",-82.952611154,42.394651606
21840,9152171,S M 10,CHICAGO,2015-01-10,10,1,2015,0,7,1,3,,1,1,,3,5,4,55,3,1,1,5,0,0,0,0,true,,false,false,false,false,false,,,,,,false,false,true,,,false,false,false,false,false,-83.09573,42.38255,"{
  ""coordinates"": [
    -8.309572369100000e+01,
    4.238254470100000e+01
  ],
  ""type"": ""Point""
}","{
  ""coordinates"": [
    -83.095723691,
    42.382544701
  ],
  ""type"": ""Point""
}",-83.095723691,42.382544701
21841,9158049,E/B I 96,GREENFIELD,2015-01-10,10,1,2015,2,7,8,1,,1,0,,3,2,4,70,3,2,2,5,0,0,0,0,true,,false,false,true,false,false,,,,,,false,false,false,,,false,false,false,false,false,-83.20291,42.37903,"{
  ""coordinates"": [
    -8.320291121199990e+01,
    4.237903109900000e+01
  ],
  ""type"": ""Point""
}","{
  ""coordinates"": [
    -83.202911212,
    42.379031099
  ],
  ""type"": ""Point""
}",-83.2029112119999,42.379031099
21842,9153929,SOUTHFIELD SERVICE,BORMAN,2015-01-10,10,1,2015,13,7,8,9,,4,0,,3,1,1,35,2,2,1,5,0,0,0,0,true,,false,false,true,false,false,,,,,,false,false,false,,,false,false,false,false,false,-83.21737,42.3772,"{
  ""coordinates"": [
    -8.321736866000001e+01,
    4.237719723000000e+01
  ],
  ""type"": ""Point""
}","{
  ""coordinates"": [
    -83.21736866,
    42.37719723
  ],
  ""type"": ""Point""
}",-83.21736866,42.37719723
21843,9187600,LONYO,MCGRAW,2015-01-10,10,1,2015,20,7,5,9,,4,0,,2,1,4,30,2,2,3,5,0,0,0,0,true,,false,false,true,false,false,,,,,,false,false,false,,,false,false,false,false,false,-83.1464,42.33319,"{
  ""coordinates"": [
    -8.314639978299989e+01,
    4.233318556600010e+01
  ],
  ""type"": ""Point""
}","{
  ""coordinates"": [
    -83.146399783,
    42.333185566
  ],
  ""type"": ""Point""
}",-83.1463997829999,42.3331855660001
21844,9165730,GRAND RIVER,GRAYDALE,2015-01-10,10,1,2015,7,7,4,3,,1,0,,3,5,1,35,5,2,3,4,0,0,0,2,false,,false,false,false,false,false,,,,,,false,true,false,,,false,false,false,false,false,-83.25635,42.41598,"{
  ""coordinates"": [
    -8.325634698600000e+01,
    4.241597567700010e+01
  ],
  ""type"": ""Point""
}","{
  ""coordinates"": [
    -83.256346986,
    42.415975677
  ],
  ""type"": ""Point""
}",-83.256346986,42.4159756770001
21845,9183776,WARREN,JOHN R,2015-01-10,10,1,2015,11,7,4,9,,4,0,,3,5,1,30,8,2,2,5,0,0,0,0,true,,true,true,false,false,false,,,,,,false,false,false,,,false,false,false,false,false,-83.06215,42.35756,"{
  ""coordinates"": [
    -8.306214724499991e+01,
    4.235756079900010e+01
  ],
  ""type"": ""Point""
}","{
  ""coordinates"": [
    -83.062147245,
    42.357560799
  ],
  ""type"": ""Point""
}",-83.0621472449999,42.3575607990001
21846,9153931,W I 96,BURT,2015-01-10,10,1,2015,8,7,1,1,,1,1,,3,5,1,55,3,1,1,5,0,0,0,0,true,,false,false,false,false,false,,,,,,false,false,false,,,false,false,false,false,false,-83.24696,42.3856,"{
  ""coordinates"": [
    -8.324695456700000e+01,
    4.238560250600010e+01
  ],
  ""type"": ""Point""
}","{
  ""coordinates"": [
    -83.246954567,
    42.385602506
  ],
  ""type"": ""Point""
}",-83.246954567,42.3856025060001
21847,9166558,M-10,CLAIRMOUNT,2015-01-10,10,1,2015,8,7,1,3,,1,1,,3,1,1,55,3,1,1,5,0,0,0,0,true,,false,false,false,false,false,,,,,,false,false,false,,,false,false,false,false,false,-83.09153,42.38084,"{
  ""coordinates"": [
    -8.309153060999989e+01,
    4.238083464600000e+01
  ],
  ""type"": ""Point""
}","{
  ""coordinates"": [
    -83.09153061,
    42.380834646
  ],
  ""type"": ""Point""
}",-83.0915306099999,42.380834646
21848,9153686,N M 10,RAMP 105E,2015-01-10,10,1,2015,8,7,1,3,,1,1,,3,2,2,55,3,1,1,5,0,0,0,0,true,,false,false,false,false,false,,,,,,false,false,false,,,false,false,false,false,false,-83.16229,42.40678,"{
  ""coordinates"": [
    -8.316229499100000e+01,
    4.240677962000010e+01
  ],
  ""type"": ""Point""
}","{
  ""coordinates"": [
    -83.162294991,
    42.40677962
  ],
  ""type"": ""Point""
}",-83.162294991,42.4067796200001
21849,9153728,N/B I-75,HOLBROOK,2015-01-10,10,1,2015,8,7,8,1,,1,3,,97,2,1,70,4,2,1,5,0,0,0,0,true,,false,false,false,false,false,,,,,,false,false,false,,,false,false,false,false,false,-83.06973,42.38994,"{
  ""coordinates"": [
    -8.306972212200000e+01,
    4.238994308000010e+01
  ],
  ""type"": ""Point""
}","{
  ""coordinates"": [
    -83.069722122,
    42.38994308
  ],
  ""type"": ""Point""
}",-83.069722122,42.3899430800001
21850,9153775,I-94,CONNER,2015-01-10,10,1,2015,14,7,8,1,,1,0,,3,1,1,55,3,2,2,5,0,0,0,0,true,,false,false,false,false,false,,,,,,false,false,false,,,false,false,false,false,false,-82.98556,42.39795,"{
  ""coordinates"": [
    -8.298555465299999e+01,
    4.239794691600010e+01
  ],
  ""type"": ""Point""
}","{
  ""coordinates"": [
    -82.985554653,
    42.397946916
  ],
  ""type"": ""Point""
}",-82.985554653,42.3979469160001
21851,9152200,M-10,PURITAN,2015-01-10,10,1,2015,16,7,1,3,,1,1,,3,2,1,55,3,1,1,5,0,0,0,0,true,,false,false,false,false,false,,,,,,false,false,true,,,false,false,false,false,false,-83.16412,42.40847,"{
  ""coordinates"": [
    -8.316412504199999e+01,
    4.240846909800010e+01
  ],
  ""type"": ""Point""
}","{
  ""coordinates"": [
    -83.164125042,
    42.408469098
  ],
  ""type"": ""Point""
}",-83.164125042,42.4084690980001
21852,9232986,WESTFIELD,LIVERNOIS,2015-01-10,10,1,2015,14,7,5,9,,,0,,2,1,1,35,4,2,3,5,0,0,0,0,true,,false,false,false,false,false,,,,,,false,true,false,,,false,false,false,false,false,-83.1386,42.36398,"{
  ""coordinates"": [
    -8.313860328399990e+01,
    4.236397503700000e+01
  ],
  ""type"": ""Point""
}","{
  ""coordinates"": [
    -83.138603284,
    42.363975037
  ],
  ""type"": ""Point""
}",-83.1386032839999,42.363975037
21853,9235736,VAN DYKE,STOCKTON,2015-01-10,10,1,2015,15,7,5,3,,1,0,,1,1,1,35,5,2,1,4,0,0,0,1,false,,false,false,true,false,false,,,,,,false,false,false,,,false,false,false,false,false,-83.02406,42.4288,"{
  ""coordinates"": [
    -8.302405362199990e+01,
    4.242879747600010e+01
  ],
  ""type"": ""Point""
}","{
  ""coordinates"": [
    -83.024053622,
    42.428797476
  ],
  ""type"": ""Point""
}",-83.0240536219999,42.4287974760001
21854,9157345,JOHN R,MACK,2015-01-10,10,1,2015,9,7,5,9,,4,0,,4,5,1,25,4,2,4,5,0,0,0,0,true,,false,false,false,false,false,,,,,,false,true,false,,,false,false,false,false,false,-83.05599,42.34844,"{
  ""coordinates"": [
    -8.305598910499999e+01,
    4.234844000700010e+01
  ],
  ""type"": ""Point""
}","{
  ""coordinates"": [
    -83.055989105,
    42.348440007
  ],
  ""type"": ""Point""
}",-83.055989105,42.3484400070001
21855,9165589,E I 96,VIRGIL,2015-01-10,10,1,2015,7,7,8,1,,1,0,,97,98,2,70,4,2,2,5,0,0,0,0,true,,false,false,false,false,false,,,,,,false,false,false,,,false,false,false,false,false,-83.27193,42.38539,"{
  ""coordinates"": [
    -8.327192368899991e+01,
    4.238538638500010e+01
  ],
  ""type"": ""Point""
}","{
  ""coordinates"": [
    -83.271923689,
    42.385386385
  ],
  ""type"": ""Point""
}",-83.2719236889999,42.3853863850001
21856,9153727,RAMP 008M,RAMP 008K,2015-01-10,10,1,2015,10,7,5,1,,1,0,,3,1,1,35,1,3,4,5,0,0,0,0,true,,false,false,true,false,false,,,,,,false,true,true,,,false,false,false,false,false,-83.21849,42.37821,"{
  ""coordinates"": [
    -8.321848762000000e+01,
    4.237820844400010e+01
  ],
  ""type"": ""Point""
}","{
  ""coordinates"": [
    -83.21848762,
    42.378208444
  ],
  ""type"": ""Point""
}",-83.21848762,42.3782084440001
21857,9152516,PARKER,COE,2015-01-10,10,1,2015,12,7,2,9,,,0,,4,1,1,25,3,2,2,5,0,0,0,0,true,,false,false,false,false,false,,,,,,false,false,false,,,false,false,false,false,false,-82.99683,42.35646,"{
  ""coordinates"": [
    -8.299683534300000e+01,
    4.235646566400000e+01
  ],
  ""type"": ""Point""
}","{
  ""coordinates"": [
    -82.996835343,
    42.356465664
  ],
  ""type"": ""Point""
}",-82.996835343,42.356465664
21858,9153784,W I 96,W M 8,2015-01-10,10,1,2015,10,7,1,1,,1,1,,3,1,1,70,3,1,1,5,0,0,0,0,true,,false,false,false,false,false,,,,,,false,false,false,,,false,false,false,false,false,-83.15701,42.38541,"{
  ""coordinates"": [
    -8.315701504299990e+01,
    4.238540997900000e+01
  ],
  ""type"": ""Point""
}","{
  ""coordinates"": [
    -83.157015043,
    42.385409979
  ],
  ""type"": ""Point""
}",-83.1570150429999,42.385409979
21859,9211382,GRATIOT,7 MILE,2015-01-10,10,1,2015,22,7,5,3,,1,0,,6,1,4,35,7,2,1,5,0,0,0,0,true,,false,false,true,false,false,,,,,,false,false,true,,,false,false,false,false,false,-82.97771,42.43505,"{
  ""coordinates"": [
    -8.297770406599990e+01,
    4.243504983100010e+01
  ],
  ""type"": ""Point""
}","{
  ""coordinates"": [
    -82.977704066,
    42.435049831
  ],
  ""type"": ""Point""
}",-82.9777040659999,42.4350498310001
21860,9153689,M-10,WEBB,2015-01-10,10,1,2015,10,7,5,3,,1,0,,3,2,1,0,3,2,1,5,0,0,0,0,true,,false,false,false,false,false,,,,,,false,false,true,,,false,false,false,false,false,-83.10299,42.38913,"{
  ""coordinates"": [
    -8.310298726799989e+01,
    4.238913065000000e+01
  ],
  ""type"": ""Point""
}","{
  ""coordinates"": [
    -83.102987268,
    42.38913065
  ],
  ""type"": ""Point""
}",-83.1029872679999,42.38913065
21861,9153734,I 75,DAVISON,2015-01-10,10,1,2015,6,7,8,1,,1,0,,3,2,4,70,4,2,2,5,0,0,0,0,true,,false,false,false,false,false,,,,,,false,false,false,,,false,false,false,false,false,-83.08031,42.40996,"{
  ""coordinates"": [
    -8.308031504800000e+01,
    4.240995773900000e+01
  ],
  ""type"": ""Point""
}","{
  ""coordinates"": [
    -83.080315048,
    42.409957739
  ],
  ""type"": ""Point""
}",-83.080315048,42.409957739
21862,9152214,N M 39,RAMP 011A,2015-01-10,10,1,2015,8,7,1,3,,1,1,,3,2,1,55,3,1,1,5,0,0,0,0,true,,false,false,false,false,false,,,,,,false,false,false,,,false,false,false,false,false,-83.21909,42.42698,"{
  ""coordinates"": [
    -8.321909279600000e+01,
    4.242697538000000e+01
  ],
  ""type"": ""Point""
}","{
  ""coordinates"": [
    -83.219092796,
    42.42697538
  ],
  ""type"": ""Point""
}",-83.219092796,42.42697538
21863,9157376,S M 10,CLAIRMOUNT,2015-01-10,10,1,2015,8,7,1,3,,1,1,,3,1,1,55,3,1,1,5,0,0,0,0,true,,false,false,false,false,false,,,,,,false,false,false,,,false,false,false,false,false,-83.09029,42.37951,"{
  ""coordinates"": [
    -8.309029196300000e+01,
    4.237950726600010e+01
  ],
  ""type"": ""Point""
}","{
  ""coordinates"": [
    -83.090291963,
    42.379507266
  ],
  ""type"": ""Point""
}",-83.090291963,42.3795072660001
21864,9153688,M-10,WEBB,2015-01-10,10,1,2015,9,7,1,3,,1,1,,3,2,1,55,3,1,1,5,0,0,0,0,true,,false,false,false,false,false,,,,,,false,false,true,,,false,false,false,false,false,-83.10294,42.38906,"{
  ""coordinates"": [
    -8.310294527199990e+01,
    4.238906546500000e+01
  ],
  ""type"": ""Point""
}","{
  ""coordinates"": [
    -83.102945272,
    42.389065465
  ],
  ""type"": ""Point""
}",-83.1029452719999,42.389065465
21865,9206090,JOHN R,ALFRED,2015-01-10,10,1,2015,23,7,4,9,,4,0,,4,1,5,25,1,2,2,5,0,0,0,0,true,,true,false,true,false,false,,,,,,false,false,false,,,false,false,false,false,false,-83.05254,42.34365,"{
  ""coordinates"": [
    -8.305253627799991e+01,
    4.234365559800010e+01
  ],
  ""type"": ""Point""
}","{
  ""coordinates"": [
    -83.052536278,
    42.343655598
  ],
  ""type"": ""Point""
}",-83.0525362779999,42.3436555980001
21866,9153782,I-75,CARPENTER,2015-01-10,10,1,2015,9,7,1,1,,1,1,,3,1,1,55,4,1,1,5,0,0,0,0,true,,false,false,false,false,false,,,,,,false,false,true,,,false,false,false,false,false,-83.07327,42.40448,"{
  ""coordinates"": [
    -8.307327635999999e+01,
    4.240448412700000e+01
  ],
  ""type"": ""Point""
}","{
  ""coordinates"": [
    -83.07327636,
    42.404484127
  ],
  ""type"": ""Point""
}",-83.07327636,42.404484127
21867,9161826,I-75,DAVISON,2015-01-10,10,1,2015,5,7,4,1,,1,0,,3,5,4,55,3,2,1,5,0,0,0,0,true,,false,false,false,false,false,,,,,,false,false,false,,,false,false,false,false,false,-83.07939,42.40884,"{
  ""coordinates"": [
    -8.307939277100000e+01,
    4.240884588600010e+01
  ],
  ""type"": ""Point""
}","{
  ""coordinates"": [
    -83.079392771,
    42.408845886
  ],
  ""type"": ""Point""
}",-83.079392771,42.4088458860001
21868,9155016,S I 75,RAMP 122E,2015-01-10,10,1,2015,2,7,8,1,,1,0,,3,2,4,55,3,2,2,4,0,0,0,1,false,,false,false,false,false,false,,,,,,false,true,false,,,false,false,false,false,false,-83.06392,42.3355,"{
  ""coordinates"": [
    -8.306391603799990e+01,
    4.233550435600010e+01
  ],
  ""type"": ""Point""
}","{
  ""coordinates"": [
    -83.063916038,
    42.335504356
  ],
  ""type"": ""Point""
}",-83.0639160379999,42.3355043560001
21869,9161742,N M 39,PURITAN,2015-01-10,10,1,2015,8,7,1,3,,1,1,,3,5,1,55,3,1,0,5,0,0,0,0,true,,false,false,true,false,false,,,,,,false,false,false,,,false,false,false,false,false,-83.2185,42.40791,"{
  ""coordinates"": [
    -8.321849701300000e+01,
    4.240791052100010e+01
  ],
  ""type"": ""Point""
}","{
  ""coordinates"": [
    -83.218497013,
    42.407910521
  ],
  ""type"": ""Point""
}",-83.218497013,42.4079105210001
21870,9157382,KEELER,LIVERNOIS,2015-01-10,10,1,2015,1,7,8,9,,4,0,,4,5,4,30,3,2,2,5,0,0,0,0,true,,true,true,true,false,false,,,,,,false,false,false,,,false,false,false,false,false,-83.14053,42.4045,"{
  ""coordinates"": [
    -8.314053539799990e+01,
    4.240450012900000e+01
  ],
  ""type"": ""Point""
}","{
  ""coordinates"": [
    -83.140535398,
    42.404500129
  ],
  ""type"": ""Point""
}",-83.1405353979999,42.404500129
21871,9165597,W I 94,RAMP 216G,2015-01-10,10,1,2015,7,7,5,1,,1,0,,3,2,2,55,5,3,3,4,0,0,0,1,false,,false,false,false,false,false,,,,,,false,false,true,,,false,false,false,false,false,-83.05468,42.37089,"{
  ""coordinates"": [
    -8.305467627300000e+01,
    4.237089119000010e+01
  ],
  ""type"": ""Point""
}","{
  ""coordinates"": [
    -83.054676273,
    42.37089119
  ],
  ""type"": ""Point""
}",-83.054676273,42.3708911900001
21872,9159309,I-96,EVERGREEN,2015-01-10,10,1,2015,9,7,97,1,,1,1,,3,3,1,55,3,1,1,5,0,0,0,0,true,,false,false,false,false,false,,,,,,false,false,false,,,false,false,false,false,false,-83.23659,42.37983,"{
  ""coordinates"": [
    -8.323658472999990e+01,
    4.237983277800000e+01
  ],
  ""type"": ""Point""
}","{
  ""coordinates"": [
    -83.23658473,
    42.379832778
  ],
  ""type"": ""Point""
}",-83.2365847299999,42.379832778
21873,9169355,E I 94,RAMP 216E,2015-01-10,10,1,2015,3,7,97,1,,1,0,,4,5,4,55,4,2,1,5,0,0,0,0,true,,false,false,true,false,false,,,,,,false,false,true,,,false,false,false,false,false,-83.05461,42.37076,"{
  ""coordinates"": [
    -8.305461099599999e+01,
    4.237075901900000e+01
  ],
  ""type"": ""Point""
}","{
  ""coordinates"": [
    -83.054610996,
    42.370759019
  ],
  ""type"": ""Point""
}",-83.054610996,42.370759019
21874,9206984,CENTRAL,PANAMA,2015-01-10,10,1,2015,7,7,1,9,,4,0,,3,5,2,25,2,1,1,5,0,0,0,0,true,,false,false,false,false,false,,,,,,false,false,false,,,false,false,false,false,false,-83.13961,42.33397,"{
  ""coordinates"": [
    -8.313961269000001e+01,
    4.233396498200010e+01
  ],
  ""type"": ""Point""
}","{
  ""coordinates"": [
    -83.13961269,
    42.333964982
  ],
  ""type"": ""Point""
}",-83.13961269,42.3339649820001
21875,9153773,I-75,DAVISON,2015-01-10,10,1,2015,11,7,97,1,,1,0,,3,1,1,55,4,3,4,4,0,0,0,1,false,,false,false,false,false,false,,,,,,false,true,false,,,false,false,false,false,false,-83.07919,42.40862,"{
  ""coordinates"": [
    -8.307919596499990e+01,
    4.240861581500010e+01
  ],
  ""type"": ""Point""
}","{
  ""coordinates"": [
    -83.079195965,
    42.408615815
  ],
  ""type"": ""Point""
}",-83.0791959649999,42.4086158150001
21876,9153693,M-10,CHICAGO,2015-01-10,10,1,2015,11,7,5,3,,1,0,,3,1,1,55,3,2,1,5,0,0,0,0,true,,false,false,true,false,false,,,,,,false,false,false,,,false,false,false,false,false,-83.0931,42.38174,"{
  ""coordinates"": [
    -8.309310208399999e+01,
    4.238174290100010e+01
  ],
  ""type"": ""Point""
}","{
  ""coordinates"": [
    -83.093102084,
    42.381742901
  ],
  ""type"": ""Point""
}",-83.093102084,42.3817429010001
21877,9153756,M-10,CLAIRMOUNT,2015-01-10,10,1,2015,8,7,1,3,,1,1,,3,1,1,55,3,1,1,5,0,0,0,0,true,,false,false,false,false,false,,,,,,false,false,false,,,false,false,false,false,false,-83.09023,42.37942,"{
  ""coordinates"": [
    -8.309023001600001e+01,
    4.237941709300000e+01
  ],
  ""type"": ""Point""
}","{
  ""coordinates"": [
    -83.090230016,
    42.379417093
  ],
  ""type"": ""Point""
}",-83.090230016,42.379417093
21878,9152230,I-75,HOLBROOK,2015-01-10,10,1,2015,8,7,5,1,,1,0,,4,5,2,70,4,2,3,5,0,0,0,0,true,,false,false,false,false,false,,,,,,false,false,true,,,false,false,false,false,false,-83.06973,42.38994,"{
  ""coordinates"": [
    -8.306972212200000e+01,
    4.238994308000010e+01
  ],
  ""type"": ""Point""
}","{
  ""coordinates"": [
    -83.069722122,
    42.38994308
  ],
  ""type"": ""Point""
}",-83.069722122,42.3899430800001
21879,9152164,I-96,OUTER,2015-01-10,10,1,2015,1,7,1,1,,1,1,,3,5,4,70,5,1,1,5,0,0,0,0,true,,false,false,false,false,false,,,,,,false,false,false,,,false,false,false,false,false,-83.25673,42.38562,"{
  ""coordinates"": [
    -8.325672754300000e+01,
    4.238562271300000e+01
  ],
  ""type"": ""Point""
}","{
  ""coordinates"": [
    -83.256727543,
    42.385622713
  ],
  ""type"": ""Point""
}",-83.256727543,42.385622713
21880,9152527,WOODWARD,STATE FAIR,2015-01-10,10,1,2015,0,7,1,3,,1,1,,4,5,4,40,8,1,1,4,0,0,0,1,false,,false,false,false,false,false,,,,,,false,false,false,,,false,false,false,false,false,-83.11987,42.43932,"{
  ""coordinates"": [
    -8.311986596500000e+01,
    4.243931820900010e+01
  ],
  ""type"": ""Point""
}","{
  ""coordinates"": [
    -83.119865965,
    42.439318209
  ],
  ""type"": ""Point""
}",-83.119865965,42.4393182090001
21881,9187599,LIVERNOIS,N I 75 SERVICE DRIVE,2015-01-10,10,1,2015,11,7,4,9,,4,0,,3,1,1,35,3,3,2,3,0,0,1,0,false,,true,true,false,false,false,,,,,,false,false,true,,,false,false,false,false,false,-83.10383,42.30713,"{
  ""coordinates"": [
    -8.310382784900000e+01,
    4.230713183000010e+01
  ],
  ""type"": ""Point""
}","{
  ""coordinates"": [
    -83.103827849,
    42.30713183
  ],
  ""type"": ""Point""
}",-83.103827849,42.3071318300001
21882,9160827,M-39,SCHOOLCRAFT,2015-01-10,10,1,2015,8,7,5,3,,1,0,,97,98,2,55,4,2,1,5,0,0,0,0,true,,false,false,true,false,false,,,,,,false,false,false,,,false,false,false,false,false,-83.21777,42.38816,"{
  ""coordinates"": [
    -8.321777516000000e+01,
    4.238815691900000e+01
  ],
  ""type"": ""Point""
}","{
  ""coordinates"": [
    -83.21777516,
    42.388156919
  ],
  ""type"": ""Point""
}",-83.21777516,42.388156919
21883,9154952,I-94,VANNDYKE,2015-01-10,10,1,2015,23,7,1,1,,1,1,,3,5,4,55,3,1,2,5,0,0,0,0,true,,false,false,false,false,false,,,,,,false,false,true,,,false,false,false,false,false,-83.02473,42.38508,"{
  ""coordinates"": [
    -8.302473095999990e+01,
    4.238507925600000e+01
  ],
  ""type"": ""Point""
}","{
  ""coordinates"": [
    -83.02473096,
    42.385079256
  ],
  ""type"": ""Point""
}",-83.0247309599999,42.385079256
21884,9152235,RAMP 047C,RAMP 047H,2015-01-10,10,1,2015,11,7,1,1,,1,1,,3,1,1,45,1,1,2,5,0,0,0,0,true,,false,false,false,false,false,,,,,,false,false,false,,,false,false,false,false,false,-83.08124,42.41129,"{
  ""coordinates"": [
    -8.308124096800000e+01,
    4.241129173100010e+01
  ],
  ""type"": ""Point""
}","{
  ""coordinates"": [
    -83.081240968,
    42.411291731
  ],
  ""type"": ""Point""
}",-83.081240968,42.4112917310001
21885,9153801,I-75,HOLBROOK,2015-01-10,10,1,2015,8,7,5,1,,1,0,,3,1,1,55,4,2,2,5,0,0,0,0,true,,false,false,false,false,false,,,,,,false,false,false,,,false,false,false,false,false,-83.06897,42.38786,"{
  ""coordinates"": [
    -8.306896762600000e+01,
    4.238786412100010e+01
  ],
  ""type"": ""Point""
}","{
  ""coordinates"": [
    -83.068967626,
    42.387864121
  ],
  ""type"": ""Point""
}",-83.068967626,42.3878641210001
21886,9154989,E/B I 96,OUTER,2015-01-10,10,1,2015,8,7,1,1,,1,1,,3,2,1,70,5,1,1,5,0,0,0,0,true,,false,false,false,false,false,,,,,,false,false,false,,,false,false,false,false,false,-83.26109,42.38554,"{
  ""coordinates"": [
    -8.326108175699990e+01,
    4.238553498300010e+01
  ],
  ""type"": ""Point""
}","{
  ""coordinates"": [
    -83.261081757,
    42.385534983
  ],
  ""type"": ""Point""
}",-83.2610817569999,42.3855349830001
21887,9153774,I-75,DAVISON,2015-01-10,10,1,2015,11,7,97,1,,1,0,,3,1,1,55,4,3,2,5,0,0,0,0,true,,false,false,true,false,false,,,,,,false,false,false,,,false,false,false,false,false,-83.07919,42.40862,"{
  ""coordinates"": [
    -8.307919596499990e+01,
    4.240861581500010e+01
  ],
  ""type"": ""Point""
}","{
  ""coordinates"": [
    -83.079195965,
    42.408615815
  ],
  ""type"": ""Point""
}",-83.0791959649999,42.4086158150001
21888,9152482,MCNICHOLS,STRASBURG,2015-01-10,10,1,2015,1,7,97,9,,4,0,,4,1,4,25,4,2,3,4,0,0,0,2,false,,false,false,true,false,false,,,,,,false,false,false,,,false,false,false,false,false,-82.99815,42.42204,"{
  ""coordinates"": [
    -8.299815086599990e+01,
    4.242204189200000e+01
  ],
  ""type"": ""Point""
}","{
  ""coordinates"": [
    -82.998150866,
    42.422041892
  ],
  ""type"": ""Point""
}",-82.9981508659999,42.422041892
21889,9152429,MOROSS,E I 94 SERVICE DRIVE,2015-01-10,10,1,2015,5,7,4,9,,2,0,,6,1,5,30,3,2,3,5,0,0,0,0,true,,false,false,true,false,false,,,,,,false,false,true,,,false,false,false,false,false,-82.92808,42.42449,"{
  ""coordinates"": [
    -8.292807443299991e+01,
    4.242449209000010e+01
  ],
  ""type"": ""Point""
}","{
  ""coordinates"": [
    -82.928074433,
    42.42449209
  ],
  ""type"": ""Point""
}",-82.9280744329999,42.4244920900001
21890,9152189,N/B M-10,HAMILTON,2015-01-10,10,1,2015,3,7,1,3,,1,1,,4,5,4,55,3,1,1,5,0,0,0,0,true,,false,false,false,false,false,,,,,,false,false,false,,,false,false,false,false,false,-83.09408,42.38224,"{
  ""coordinates"": [
    -8.309408134300000e+01,
    4.238224105600010e+01
  ],
  ""type"": ""Point""
}","{
  ""coordinates"": [
    -83.094081343,
    42.382241056
  ],
  ""type"": ""Point""
}",-83.094081343,42.3822410560001
21891,9154949,S M 10,RAMP 112A,2015-01-10,10,1,2015,4,7,1,3,,1,1,,3,5,4,55,3,1,1,5,0,0,0,0,true,,false,false,false,false,false,,,,,,false,false,false,,,false,false,false,false,false,-83.09693,42.38292,"{
  ""coordinates"": [
    -8.309693103900000e+01,
    4.238291529400000e+01
  ],
  ""type"": ""Point""
}","{
  ""coordinates"": [
    -83.096931039,
    42.382915294
  ],
  ""type"": ""Point""
}",-83.096931039,42.382915294
21892,9152212,M 39,OUTER,2015-01-10,10,1,2015,7,7,8,3,,1,0,,3,2,4,55,3,3,3,4,0,0,0,2,false,,false,false,false,false,false,,,,,,false,false,true,,,false,false,false,false,false,-83.21882,42.4192,"{
  ""coordinates"": [
    -8.321881656600000e+01,
    4.241920552800010e+01
  ],
  ""type"": ""Point""
}","{
  ""coordinates"": [
    -83.218816566,
    42.419205528
  ],
  ""type"": ""Point""
}",-83.218816566,42.4192055280001
21893,9153714,RAMP 122A,S M 10,2015-01-10,10,1,2015,7,7,1,1,,1,1,,3,5,2,55,1,1,1,5,0,0,0,0,true,,false,false,false,false,false,,,,,,false,false,false,,,false,false,false,false,false,-83.06555,42.33698,"{
  ""coordinates"": [
    -8.306555511700000e+01,
    4.233698343600000e+01
  ],
  ""type"": ""Point""
}","{
  ""coordinates"": [
    -83.065555117,
    42.336983436
  ],
  ""type"": ""Point""
}",-83.065555117,42.336983436
21894,9160826,I-96,TELEGRAPH,2015-01-10,10,1,2015,8,7,5,1,,1,0,,97,98,2,70,3,2,1,5,0,0,0,0,true,,false,false,true,false,false,,,,,,false,false,false,,,false,false,false,false,false,-83.27115,42.38542,"{
  ""coordinates"": [
    -8.327114595499999e+01,
    4.238542338500010e+01
  ],
  ""type"": ""Point""
}","{
  ""coordinates"": [
    -83.271145955,
    42.385423385
  ],
  ""type"": ""Point""
}",-83.271145955,42.3854233850001
21895,9152233,I-75,HOLBROOK,2015-01-10,10,1,2015,8,7,5,1,,1,0,,4,5,2,70,4,2,4,5,0,0,0,0,true,,false,false,false,false,false,,,,,,false,true,true,,,false,false,false,false,false,-83.06973,42.38994,"{
  ""coordinates"": [
    -8.306972212200000e+01,
    4.238994308000010e+01
  ],
  ""type"": ""Point""
}","{
  ""coordinates"": [
    -83.069722122,
    42.38994308
  ],
  ""type"": ""Point""
}",-83.069722122,42.3899430800001