ObjectId,Crash ID,Primary Road,Intersecting Road,Crash Date,Day,Month,Year,Hour,Weekday,Crash Type Code,Highway Classification Code,Community Code,Jurisdiction Code,Lane Departure Type Code,Surface Type,Road Condition,Weather Condition,Lighting Condition,Speed Limit,Lanes,Units,Occupants,Most Severe Injury,Fatal Injuries,Suspected Serious Injuries,Suspected Minor Injuries,Possible Injuries,Property Damage Only,Secondary Crash,Traffic Control,Red Light Run,Hit and Run,Alcohol,Drugs,Unbelted Person,Work Zone,Speeding Driver,Distracted Driver,Driveway,Pedestrian,Elderly Driver,Young Driver,Commercial Vehicle,Emergency Vehicles,Train,School Bus,Motorcycle,Bicycle,Deer,Longitude,Latitude,geom,geog,x,y
21896,9203132,S I 75,MCNICHOLS,2015-01-10,10,1,2015,7,7,1,1,,1,1,,3,5,4,70,1,1,1,4,0,0,0,1,false,,false,false,false,false,false,,,,,,false,false,false,,,false,false,false,false,false,-83.0879,42.41804,"{
  ""coordinates"": [
    -8.308789678200000e+01,
    4.241803783200000e+01
  ],
  ""type"": ""Point""
}","{
  ""coordinates"": [
    -83.087896782,
    42.418037832
  ],
  ""type"": ""Point""
}",-83.087896782,42.418037832
21897,9156118,AUDUBON,WALLINGFORD,2015-01-10,10,1,2015,18,7,9,9,,,2,,6,5,4,25,2,2,0,5,0,0,0,0,true,,false,false,true,false,false,,,,,,false,false,false,,,false,false,false,false,false,-82.93326,42.39619,"{
  ""coordinates"": [
    -8.293325674899999e+01,
    4.239618706200010e+01
  ],
  ""type"": ""Point""
}","{
  ""coordinates"": [
    -82.933256749,
    42.396187062
  ],
  ""type"": ""Point""
}",-82.933256749,42.3961870620001
21898,9152216,I-75,DAVISON,2015-01-10,10,1,2015,12,7,1,1,,1,1,,3,1,1,70,4,1,2,5,0,0,0,0,true,,false,false,false,false,false,,,,,,false,false,false,,,false,false,false,false,false,-83.07565,42.40635,"{
  ""coordinates"": [
    -8.307564702600000e+01,
    4.240635418200000e+01
  ],
  ""type"": ""Point""
}","{
  ""coordinates"": [
    -83.075647026,
    42.406354182
  ],
  ""type"": ""Point""
}",-83.075647026,42.406354182
21899,9152232,I-94,I-75,2015-01-10,10,1,2015,7,7,1,1,,1,1,,4,5,4,55,3,1,1,4,0,0,0,1,false,,false,false,false,false,false,,,,,,false,false,true,,,false,false,false,false,false,-83.05434,42.37111,"{
  ""coordinates"": [
    -8.305434232399990e+01,
    4.237111251600000e+01
  ],
  ""type"": ""Point""
}","{
  ""coordinates"": [
    -83.054342324,
    42.371112516
  ],
  ""type"": ""Point""
}",-83.0543423239999,42.371112516
21900,9153926,GRAND RIVER,WARWICK,2015-01-10,10,1,2015,14,7,1,3,,1,1,,6,5,1,35,4,1,1,4,0,0,0,1,false,,false,false,false,false,false,,,,,,false,false,true,,,false,false,false,false,false,-83.22919,42.40508,"{
  ""coordinates"": [
    -8.322918909799991e+01,
    4.240508448000000e+01
  ],
  ""type"": ""Point""
}","{
  ""coordinates"": [
    -83.229189098,
    42.40508448
  ],
  ""type"": ""Point""
}",-83.2291890979999,42.40508448
21901,9153713,W I 96,RAMP 008I,2015-01-10,10,1,2015,11,7,1,1,,1,1,,3,2,1,55,3,1,11,5,0,0,0,0,true,,false,false,false,false,false,,,,,,false,false,false,,,false,false,false,false,false,-83.22199,42.37844,"{
  ""coordinates"": [
    -8.322199036300000e+01,
    4.237844242800000e+01
  ],
  ""type"": ""Point""
}","{
  ""coordinates"": [
    -83.221990363,
    42.378442428
  ],
  ""type"": ""Point""
}",-83.221990363,42.378442428
21902,9152160,I 75,M-10,2015-01-10,10,1,2015,1,7,1,1,,1,1,,4,5,4,55,3,1,1,5,0,0,0,0,true,,false,false,false,false,false,,,,,,false,false,false,,,false,false,false,false,false,-83.09495,42.44005,"{
  ""coordinates"": [
    -8.309494499600000e+01,
    4.244005275200000e+01
  ],
  ""type"": ""Point""
}","{
  ""coordinates"": [
    -83.094944996,
    42.440052752
  ],
  ""type"": ""Point""
}",-83.094944996,42.440052752
21903,9178878,RAMP 051H,TELEGRAPH,2015-01-10,10,1,2015,14,7,5,2,,1,0,,97,98,98,25,1,2,3,4,0,0,0,1,false,,false,false,false,false,false,,,,,,false,false,false,,,false,false,false,false,false,-83.27894,42.44181,"{
  ""coordinates"": [
    -8.327893769500000e+01,
    4.244181032700000e+01
  ],
  ""type"": ""Point""
}","{
  ""coordinates"": [
    -83.278937695,
    42.441810327
  ],
  ""type"": ""Point""
}",-83.278937695,42.441810327
21904,9161710,I75,MILWAUKEE,2015-01-10,10,1,2015,14,7,8,1,,1,0,,3,2,1,70,3,2,1,5,0,0,0,0,true,,false,false,true,false,false,,,,,,false,true,false,,,false,false,false,false,false,-83.05962,42.37357,"{
  ""coordinates"": [
    -8.305962391500000e+01,
    4.237356659900010e+01
  ],
  ""type"": ""Point""
}","{
  ""coordinates"": [
    -83.059623915,
    42.373566599
  ],
  ""type"": ""Point""
}",-83.059623915,42.3735665990001
21905,9152188,M-10,CLAIRMOUNT,2015-01-10,10,1,2015,12,7,1,3,,1,1,,3,1,1,55,3,1,2,4,0,0,0,1,false,,false,false,false,false,false,,,,,,false,false,true,,,false,false,false,false,false,-83.09024,42.37975,"{
  ""coordinates"": [
    -8.309024375599989e+01,
    4.237975217400000e+01
  ],
  ""type"": ""Point""
}","{
  ""coordinates"": [
    -83.090243756,
    42.379752174
  ],
  ""type"": ""Point""
}",-83.0902437559999,42.379752174
21906,9152595,MCNICHOLS,GRIGGS,2015-01-10,10,1,2015,20,7,8,9,,2,0,,4,5,4,35,2,2,1,4,0,0,0,1,false,,false,false,false,false,false,,,,,,false,false,true,,,false,false,false,false,false,-83.16376,42.41683,"{
  ""coordinates"": [
    -8.316375401600000e+01,
    4.241683337200000e+01
  ],
  ""type"": ""Point""
}","{
  ""coordinates"": [
    -83.163754016,
    42.416833372
  ],
  ""type"": ""Point""
}",-83.163754016,42.416833372
21907,9152239,S I 75,CLAY,2015-01-10,10,1,2015,15,7,8,1,,1,0,,3,2,1,55,4,2,3,4,0,0,0,2,false,,false,false,false,false,false,,,,,,false,false,false,,,false,false,false,false,false,-83.06237,42.37757,"{
  ""coordinates"": [
    -8.306236880800000e+01,
    4.237757438700000e+01
  ],
  ""type"": ""Point""
}","{
  ""coordinates"": [
    -83.062368808,
    42.377574387
  ],
  ""type"": ""Point""
}",-83.062368808,42.377574387
21908,9213693,SECOND,HAZELWOOD,2015-01-10,10,1,2015,16,7,97,9,,4,0,,4,1,4,15,2,2,1,4,0,0,0,1,false,,false,false,true,false,false,,,,,,true,false,false,,,false,false,false,false,false,-83.08371,42.38016,"{
  ""coordinates"": [
    -8.308370776299989e+01,
    4.238016028000000e+01
  ],
  ""type"": ""Point""
}","{
  ""coordinates"": [
    -83.083707763,
    42.38016028
  ],
  ""type"": ""Point""
}",-83.0837077629999,42.38016028
21909,9153726,I-96,M-8,2015-01-10,10,1,2015,12,7,8,1,,1,0,,3,1,1,70,3,3,3,4,0,0,0,1,false,,false,false,true,false,false,,,,,,false,false,true,,,false,false,false,false,false,-83.14907,42.38321,"{
  ""coordinates"": [
    -8.314907361699990e+01,
    4.238321044800010e+01
  ],
  ""type"": ""Point""
}","{
  ""coordinates"": [
    -83.149073617,
    42.383210448
  ],
  ""type"": ""Point""
}",-83.1490736169999,42.3832104480001
21910,9153740,RAMP 008B,RAMP 008V,2015-01-10,10,1,2015,10,7,97,1,,1,3,,3,1,1,35,2,2,1,5,0,0,0,0,true,,false,false,false,false,false,,,,,,false,false,false,,,false,false,false,false,false,-83.21184,42.37799,"{
  ""coordinates"": [
    -8.321184089799991e+01,
    4.237798612600010e+01
  ],
  ""type"": ""Point""
}","{
  ""coordinates"": [
    -83.211840898,
    42.377986126
  ],
  ""type"": ""Point""
}",-83.2118408979999,42.3779861260001
21911,9157206,I-75,NEVADA,2015-01-10,10,1,2015,3,7,5,1,,1,0,,3,1,4,70,4,2,1,4,0,0,0,1,false,,false,false,false,false,false,,,,,,false,false,false,,,false,false,false,false,false,-83.09415,42.42752,"{
  ""coordinates"": [
    -8.309414769999999e+01,
    4.242752489200010e+01
  ],
  ""type"": ""Point""
}","{
  ""coordinates"": [
    -83.0941477,
    42.427524892
  ],
  ""type"": ""Point""
}",-83.0941477,42.4275248920001
21912,9152511,OMIRA,GRIXDALE,2015-01-10,10,1,2015,13,7,8,9,,,0,,4,1,1,25,2,2,1,5,0,0,0,0,true,,false,false,true,false,false,,,,,,false,false,false,,,false,false,false,false,false,-83.09634,42.42781,"{
  ""coordinates"": [
    -8.309633639600000e+01,
    4.242781607300000e+01
  ],
  ""type"": ""Point""
}","{
  ""coordinates"": [
    -83.096336396,
    42.427816073
  ],
  ""type"": ""Point""
}",-83.096336396,42.427816073
21913,9153690,M-10,CHICAGO,2015-01-10,10,1,2015,10,7,5,3,,1,0,,3,2,1,55,3,2,2,5,0,0,0,0,true,,false,false,false,false,false,,,,,,false,true,false,,,false,false,false,false,false,-83.09319,42.38178,"{
  ""coordinates"": [
    -8.309318604500000e+01,
    4.238178016000010e+01
  ],
  ""type"": ""Point""
}","{
  ""coordinates"": [
    -83.093186045,
    42.38178016
  ],
  ""type"": ""Point""
}",-83.093186045,42.3817801600001
21914,9169368,W/B I 94,I-75,2015-01-10,10,1,2015,6,7,97,1,,1,0,,3,2,4,55,5,2,1,5,0,0,0,0,true,,false,false,true,false,false,,,,,,false,false,false,,,false,false,false,false,false,-83.05434,42.37111,"{
  ""coordinates"": [
    -8.305434232399990e+01,
    4.237111251600000e+01
  ],
  ""type"": ""Point""
}","{
  ""coordinates"": [
    -83.054342324,
    42.371112516
  ],
  ""type"": ""Point""
}",-83.0543423239999,42.371112516
21915,9153800,I-75,GRAND,2015-01-10,10,1,2015,7,7,1,1,,1,1,,3,1,4,55,4,1,1,5,0,0,0,0,true,,false,false,false,false,false,,,,,,false,false,false,,,false,false,false,false,false,-83.06218,42.37775,"{
  ""coordinates"": [
    -8.306218212999990e+01,
    4.237775452500010e+01
  ],
  ""type"": ""Point""
}","{
  ""coordinates"": [
    -83.06218213,
    42.377754525
  ],
  ""type"": ""Point""
}",-83.0621821299999,42.3777545250001
21916,9217192,S I 75 SERVICE DRIVE,GRAND RIVER,2015-01-10,10,1,2015,20,7,3,3,,4,0,,1,1,5,0,6,2,3,5,0,0,0,0,true,,false,false,false,false,false,,,,,,false,false,true,,,false,false,false,false,false,-83.05993,42.33681,"{
  ""coordinates"": [
    -8.305992783300000e+01,
    4.233680988800010e+01
  ],
  ""type"": ""Point""
}","{
  ""coordinates"": [
    -83.059927833,
    42.336809888
  ],
  ""type"": ""Point""
}",-83.059927833,42.3368098880001
21917,9152190,I-75,MCNICHOLS,2015-01-10,10,1,2015,4,7,1,1,,1,1,,4,5,4,70,4,1,1,5,0,0,0,0,true,,false,false,false,false,false,,,,,,false,false,false,,,false,false,false,false,false,-83.08692,42.41685,"{
  ""coordinates"": [
    -8.308692337100000e+01,
    4.241684968700010e+01
  ],
  ""type"": ""Point""
}","{
  ""coordinates"": [
    -83.086923371,
    42.416849687
  ],
  ""type"": ""Point""
}",-83.086923371,42.4168496870001
21918,9156108,FREELAND,GROVE,2015-01-10,10,1,2015,11,7,4,9,,,0,,4,1,1,25,2,2,3,5,0,0,0,0,true,,true,false,true,false,false,,,,,,false,false,true,,,false,false,false,false,false,-83.18607,42.41435,"{
  ""coordinates"": [
    -8.318606751399990e+01,
    4.241434680000000e+01
  ],
  ""type"": ""Point""
}","{
  ""coordinates"": [
    -83.186067514,
    42.4143468
  ],
  ""type"": ""Point""
}",-83.1860675139999,42.4143468
21919,9152163,I-96,OUTER,2015-01-10,10,1,2015,0,7,9,1,,1,2,,3,5,4,70,4,2,1,5,0,0,0,0,true,,false,false,true,false,false,,,,,,false,false,false,,,false,false,false,false,false,-83.25636,42.38562,"{
  ""coordinates"": [
    -8.325635567300000e+01,
    4.238561644400000e+01
  ],
  ""type"": ""Point""
}","{
  ""coordinates"": [
    -83.256355673,
    42.385616444
  ],
  ""type"": ""Point""
}",-83.256355673,42.385616444
21920,9155017,S/B M 10,WYOMING,2015-01-10,10,1,2015,5,7,1,3,,1,1,,3,2,4,55,3,1,1,5,0,0,0,0,true,,false,false,false,false,false,,,,,,false,false,true,,,false,false,false,false,false,-83.15997,42.40522,"{
  ""coordinates"": [
    -8.315996461600000e+01,
    4.240521839100010e+01
  ],
  ""type"": ""Point""
}","{
  ""coordinates"": [
    -83.159964616,
    42.405218391
  ],
  ""type"": ""Point""
}",-83.159964616,42.4052183910001
21921,9158050,W/B I 94,MT ELLIOT,2015-01-10,10,1,2015,20,7,8,1,,1,0,,2,1,4,55,3,2,1,5,0,0,0,0,true,,false,false,true,false,false,,,,,,false,false,false,,,false,false,false,false,false,-83.03415,42.3791,"{
  ""coordinates"": [
    -8.303414764900000e+01,
    4.237910252400010e+01
  ],
  ""type"": ""Point""
}","{
  ""coordinates"": [
    -83.034147649,
    42.379102524
  ],
  ""type"": ""Point""
}",-83.034147649,42.3791025240001
21922,9161757,I94,MT ELLIOTT,2015-01-10,10,1,2015,14,7,5,1,,1,0,,3,2,1,55,3,2,2,5,0,0,0,0,true,,false,false,true,false,false,,,,,,false,false,false,,,false,false,false,false,false,-83.03524,42.37838,"{
  ""coordinates"": [
    -8.303523736600000e+01,
    4.237837926000000e+01
  ],
  ""type"": ""Point""
}","{
  ""coordinates"": [
    -83.035237366,
    42.37837926
  ],
  ""type"": ""Point""
}",-83.035237366,42.37837926
21923,9152182,M-59,GRAND RIVER,2015-01-10,10,1,2015,0,7,1,9,,,1,,4,5,4,55,3,1,3,5,0,0,0,0,true,,false,false,false,false,false,,,,,,false,false,false,,,false,false,false,false,false,-83.20508,42.3968,"{
  ""coordinates"": [
    -8.320507622199990e+01,
    4.239679761300000e+01
  ],
  ""type"": ""Point""
}","{
  ""coordinates"": [
    -83.205076222,
    42.396797613
  ],
  ""type"": ""Point""
}",-83.2050762219999,42.396797613
21924,9159346,8 MILE,VEACH,2015-01-10,10,1,2015,19,7,3,3,,1,0,,1,1,4,40,3,2,4,4,0,0,0,3,false,,false,false,false,false,false,,,,,,false,false,false,,,false,false,false,false,false,-83.02038,42.44828,"{
  ""coordinates"": [
    -8.302037765900000e+01,
    4.244827810000000e+01
  ],
  ""type"": ""Point""
}","{
  ""coordinates"": [
    -83.020377659,
    42.4482781
  ],
  ""type"": ""Point""
}",-83.020377659,42.4482781
21925,9157205,I-94,I-75,2015-01-10,10,1,2015,3,7,1,1,,1,1,,3,1,4,55,3,1,1,5,0,0,0,0,true,,false,false,false,false,false,,,,,,false,false,true,,,false,false,false,false,false,-83.05656,42.36944,"{
  ""coordinates"": [
    -8.305656372700000e+01,
    4.236943667000000e+01
  ],
  ""type"": ""Point""
}","{
  ""coordinates"": [
    -83.056563727,
    42.36943667
  ],
  ""type"": ""Point""
}",-83.056563727,42.36943667
21926,9155013,I-96,OUTER,2015-01-10,10,1,2015,2,7,1,1,,1,1,,3,5,4,70,5,1,1,5,0,0,0,0,true,,false,false,false,false,false,,,,,,false,false,true,,,false,false,false,false,false,-83.256,42.38543,"{
  ""coordinates"": [
    -8.325600491199999e+01,
    4.238543043100000e+01
  ],
  ""type"": ""Point""
}","{
  ""coordinates"": [
    -83.256004912,
    42.385430431
  ],
  ""type"": ""Point""
}",-83.256004912,42.385430431
21927,9160136,RAMP 008B,RAMP 008V,2015-01-10,10,1,2015,9,7,97,1,,1,0,,3,2,1,45,2,6,5,4,0,0,0,2,false,,false,false,true,false,false,,,,,,false,true,false,,,false,false,false,false,false,-83.21107,42.37808,"{
  ""coordinates"": [
    -8.321107594700000e+01,
    4.237807850200010e+01
  ],
  ""type"": ""Point""
}","{
  ""coordinates"": [
    -83.211075947,
    42.378078502
  ],
  ""type"": ""Point""
}",-83.211075947,42.3780785020001
21928,9158064,S M 10,ROSA PARKS,2015-01-10,10,1,2015,19,7,8,3,,1,0,,1,1,4,55,4,2,3,5,0,0,0,0,true,,false,false,true,true,false,,,,,,false,false,false,,,false,false,false,false,false,-83.11856,42.40342,"{
  ""coordinates"": [
    -8.311856071900000e+01,
    4.240342118500010e+01
  ],
  ""type"": ""Point""
}","{
  ""coordinates"": [
    -83.118560719,
    42.403421185
  ],
  ""type"": ""Point""
}",-83.118560719,42.4034211850001
21929,9157365,E I 94,RAMP 218A,2015-01-10,10,1,2015,2,7,8,1,,1,0,,4,1,4,55,4,2,3,5,0,0,0,0,true,,false,false,false,false,false,,,,,,false,false,true,,,false,false,false,false,false,-83.02295,42.38542,"{
  ""coordinates"": [
    -8.302294943999991e+01,
    4.238541899300000e+01
  ],
  ""type"": ""Point""
}","{
  ""coordinates"": [
    -83.02294944,
    42.385418993
  ],
  ""type"": ""Point""
}",-83.0229494399999,42.385418993
21930,9157346,GRAND RIVER,3RD,2015-01-10,10,1,2015,12,7,2,3,,1,2,,2,1,1,30,4,3,4,5,0,0,0,0,true,,false,false,false,false,false,,,,,,false,true,true,,,false,false,false,false,false,-83.06126,42.33735,"{
  ""coordinates"": [
    -8.306126479600000e+01,
    4.233735271500010e+01
  ],
  ""type"": ""Point""
}","{
  ""coordinates"": [
    -83.061264796,
    42.337352715
  ],
  ""type"": ""Point""
}",-83.061264796,42.3373527150001
21931,9152503,JOHN R,LANTZ,2015-01-10,10,1,2015,14,7,97,9,,4,0,,6,1,1,25,2,2,1,5,0,0,0,0,true,,false,false,true,false,false,,,,,,false,false,false,,,false,false,false,false,false,-83.10252,42.4374,"{
  ""coordinates"": [
    -8.310252056300000e+01,
    4.243739723600000e+01
  ],
  ""type"": ""Point""
}","{
  ""coordinates"": [
    -83.102520563,
    42.437397236
  ],
  ""type"": ""Point""
}",-83.102520563,42.437397236
21932,9170291,W I 94,RAMP 216F,2015-01-10,10,1,2015,6,7,8,1,,1,0,,3,1,2,70,3,2,2,5,0,0,0,0,true,,false,false,false,false,false,,,,,,false,false,true,,,false,false,false,false,false,-83.05927,42.36791,"{
  ""coordinates"": [
    -8.305927260700000e+01,
    4.236791006800010e+01
  ],
  ""type"": ""Point""
}","{
  ""coordinates"": [
    -83.059272607,
    42.367910068
  ],
  ""type"": ""Point""
}",-83.059272607,42.3679100680001
21933,9206143,MICHIGAN,CASPER,2015-01-10,10,1,2015,1,7,5,2,,1,0,,4,5,5,35,7,2,1,5,0,0,0,0,true,,false,false,false,false,false,,,,,,false,true,false,,,false,false,false,false,false,-83.13911,42.33115,"{
  ""coordinates"": [
    -8.313911747500001e+01,
    4.233114926400000e+01
  ],
  ""type"": ""Point""
}","{
  ""coordinates"": [
    -83.139117475,
    42.331149264
  ],
  ""type"": ""Point""
}",-83.139117475,42.331149264
21934,9262912,E I 96,E/W SCHOOLCRAFT CROSSOVER,2015-01-10,10,1,2015,7,7,97,1,,1,0,,3,5,1,70,5,3,1,1,1,0,1,0,false,,false,false,false,false,false,,,,,,true,false,true,,,false,false,false,false,false,-83.25835,42.38546,"{
  ""coordinates"": [
    -8.325834742599990e+01,
    4.238545706000010e+01
  ],
  ""type"": ""Point""
}","{
  ""coordinates"": [
    -83.258347426,
    42.38545706
  ],
  ""type"": ""Point""
}",-83.2583474259999,42.3854570600001
21935,9153772,I-75,DAVISON,2015-01-10,10,1,2015,11,7,97,1,,1,0,,3,1,1,55,4,2,2,5,0,0,0,0,true,,false,false,false,false,false,,,,,,false,false,true,,,false,false,false,false,false,-83.07938,42.40883,"{
  ""coordinates"": [
    -8.307938234200000e+01,
    4.240883322200010e+01
  ],
  ""type"": ""Point""
}","{
  ""coordinates"": [
    -83.079382342,
    42.408833222
  ],
  ""type"": ""Point""
}",-83.079382342,42.4088332220001
21936,9157349,GRATIOT,BEAUBIEN,2015-01-10,10,1,2015,16,7,4,3,,1,0,,4,5,1,30,5,2,5,5,0,0,0,0,true,,false,false,false,false,false,,,,,,false,true,false,,,false,false,false,false,false,-83.04388,42.33684,"{
  ""coordinates"": [
    -8.304387950499989e+01,
    4.233683697500000e+01
  ],
  ""type"": ""Point""
}","{
  ""coordinates"": [
    -83.043879505,
    42.336836975
  ],
  ""type"": ""Point""
}",-83.0438795049999,42.336836975
21937,9154984,SOUTHFIELD,PLYMOUTH,2015-01-10,10,1,2015,20,7,1,9,,4,1,,3,1,4,55,3,1,2,3,0,0,1,1,false,,false,false,false,false,false,,,,,,false,false,true,,,false,false,false,false,false,-83.21643,42.3766,"{
  ""coordinates"": [
    -8.321642996199991e+01,
    4.237659826400010e+01
  ],
  ""type"": ""Point""
}","{
  ""coordinates"": [
    -83.216429962,
    42.376598264
  ],
  ""type"": ""Point""
}",-83.2164299619999,42.3765982640001
21938,9152201,W I 96,CSX TRANSPORTATION,2015-01-10,10,1,2015,18,7,97,1,,1,0,,4,2,4,55,3,3,3,5,0,0,0,0,true,,false,false,false,false,false,,,,,,false,false,true,,,false,false,false,false,false,-83.18987,42.38005,"{
  ""coordinates"": [
    -8.318987473899990e+01,
    4.238004545500010e+01
  ],
  ""type"": ""Point""
}","{
  ""coordinates"": [
    -83.189874739,
    42.380045455
  ],
  ""type"": ""Point""
}",-83.1898747389999,42.3800454550001
21939,9153928,W I 96,W/E SCHOOLCRAFT CROSSOVER,2015-01-10,10,1,2015,9,7,1,1,,1,1,,3,1,1,55,3,1,1,4,0,0,0,1,false,,false,false,false,false,false,,,,,,false,false,false,,,false,false,false,false,false,-83.25607,42.38561,"{
  ""coordinates"": [
    -8.325606468699991e+01,
    4.238561345300010e+01
  ],
  ""type"": ""Point""
}","{
  ""coordinates"": [
    -83.256064687,
    42.385613453
  ],
  ""type"": ""Point""
}",-83.2560646869999,42.3856134530001
21940,9152207,I-75,HOLBROOK,2015-01-10,10,1,2015,7,7,8,1,,1,0,,3,2,4,55,4,2,2,5,0,0,0,0,true,,false,false,false,false,false,,,,,,false,false,true,,,false,false,false,false,false,-83.06728,42.38533,"{
  ""coordinates"": [
    -8.306727769900000e+01,
    4.238533232100010e+01
  ],
  ""type"": ""Point""
}","{
  ""coordinates"": [
    -83.067277699,
    42.385332321
  ],
  ""type"": ""Point""
}",-83.067277699,42.3853323210001
21941,9166578,E I 96,SCHOOLCRAFT,2015-01-10,10,1,2015,2,7,1,1,,1,1,,3,5,4,55,3,1,1,4,0,0,0,1,false,,false,false,true,false,false,,,,,,false,false,true,,,false,false,false,false,false,-83.24487,42.38537,"{
  ""coordinates"": [
    -8.324486727800000e+01,
    4.238537026200000e+01
  ],
  ""type"": ""Point""
}","{
  ""coordinates"": [
    -83.244867278,
    42.385370262
  ],
  ""type"": ""Point""
}",-83.244867278,42.385370262
21942,9161743,I96,EVERGREEN,2015-01-10,10,1,2015,9,7,1,1,,1,1,,3,5,1,70,5,1,0,5,0,0,0,0,true,,false,false,true,false,false,,,,,,false,false,false,,,false,false,false,false,false,-83.24214,42.38438,"{
  ""coordinates"": [
    -8.324213850000000e+01,
    4.238438185400000e+01
  ],
  ""type"": ""Point""
}","{
  ""coordinates"": [
    -83.2421385,
    42.384381854
  ],
  ""type"": ""Point""
}",-83.2421385,42.384381854
21943,9154973,I-75,MICHIGAN,2015-01-10,10,1,2015,2,7,1,1,,1,1,,4,5,4,55,3,1,1,5,0,0,0,0,true,,false,false,false,false,false,,,,,,false,false,false,,,false,false,false,false,false,-83.08482,42.33128,"{
  ""coordinates"": [
    -8.308481756899990e+01,
    4.233128077300010e+01
  ],
  ""type"": ""Point""
}","{
  ""coordinates"": [
    -83.084817569,
    42.331280773
  ],
  ""type"": ""Point""
}",-83.0848175689999,42.3312807730001
21944,9154948,S M 10,CHICAGO,2015-01-10,10,1,2015,3,7,1,3,,1,1,,3,5,4,55,3,1,1,5,0,0,0,0,true,,false,false,false,false,false,,,,,,false,false,false,,,false,false,false,false,false,-83.09612,42.38266,"{
  ""coordinates"": [
    -8.309612545399990e+01,
    4.238265699200010e+01
  ],
  ""type"": ""Point""
}","{
  ""coordinates"": [
    -83.096125454,
    42.382656992
  ],
  ""type"": ""Point""
}",-83.0961254539999,42.3826569920001
21945,9152206,M-10,DAVISON,2015-01-10,10,1,2015,6,7,1,3,,1,1,,3,2,4,55,3,1,1,5,0,0,0,0,true,,false,false,false,false,false,,,,,,false,false,false,,,false,false,false,false,false,-83.10975,42.39749,"{
  ""coordinates"": [
    -8.310974665099999e+01,
    4.239749060600010e+01
  ],
  ""type"": ""Point""
}","{
  ""coordinates"": [
    -83.109746651,
    42.397490606
  ],
  ""type"": ""Point""
}",-83.109746651,42.3974906060001
21946,9153684,M-10,WYOMING,2015-01-10,10,1,2015,7,7,97,3,,1,0,,3,2,2,55,3,3,3,5,0,0,0,0,true,,false,false,false,false,false,,,,,,false,false,false,,,false,false,false,false,false,-83.16138,42.40607,"{
  ""coordinates"": [
    -8.316137796000000e+01,
    4.240606736900000e+01
  ],
  ""type"": ""Point""
}","{
  ""coordinates"": [
    -83.16137796,
    42.406067369
  ],
  ""type"": ""Point""
}",-83.16137796,42.406067369
21947,9230861,MCNICHOLS,TELEGRAPH,2015-01-10,10,1,2015,9,7,5,2,,2,0,,3,1,2,35,4,3,6,4,0,0,0,4,false,,false,false,false,false,false,,,,,,false,false,true,,,false,false,false,false,false,-83.2774,42.41453,"{
  ""coordinates"": [
    -8.327739649700000e+01,
    4.241452873400000e+01
  ],
  ""type"": ""Point""
}","{
  ""coordinates"": [
    -83.277396497,
    42.414528734
  ],
  ""type"": ""Point""
}",-83.277396497,42.414528734
21948,9162976,W I 96,W M 8,2015-01-10,10,1,2015,8,7,97,1,,1,0,,3,1,1,70,3,2,3,4,0,0,0,1,false,,false,false,false,false,false,,,,,,false,true,false,,,false,false,false,false,false,-83.15721,42.38541,"{
  ""coordinates"": [
    -8.315721061600000e+01,
    4.238541107000000e+01
  ],
  ""type"": ""Point""
}","{
  ""coordinates"": [
    -83.157210616,
    42.38541107
  ],
  ""type"": ""Point""
}",-83.157210616,42.38541107
21949,9187601,LONYO,KIRKWOOD,2015-01-10,10,1,2015,21,7,5,9,,4,3,,2,1,4,30,2,2,0,5,0,0,0,0,true,,false,false,true,false,false,,,,,,false,false,false,,,false,false,false,false,false,-83.1491,42.33686,"{
  ""coordinates"": [
    -8.314909918300000e+01,
    4.233685568900010e+01
  ],
  ""type"": ""Point""
}","{
  ""coordinates"": [
    -83.149099183,
    42.336855689
  ],
  ""type"": ""Point""
}",-83.149099183,42.3368556890001
21950,9165733,S M 39,PURITAN,2015-01-10,10,1,2015,3,7,1,3,,1,1,,3,5,4,55,3,1,1,5,0,0,0,0,true,,false,false,false,false,false,,,,,,false,false,false,,,false,false,false,false,false,-83.2187,42.40836,"{
  ""coordinates"": [
    -8.321870624199990e+01,
    4.240835487800010e+01
  ],
  ""type"": ""Point""
}","{
  ""coordinates"": [
    -83.218706242,
    42.408354878
  ],
  ""type"": ""Point""
}",-83.2187062419999,42.4083548780001
21951,9155018,S/B M 10,WYOMING,2015-01-10,10,1,2015,5,7,1,3,,1,1,,3,2,4,55,3,1,1,5,0,0,0,0,true,,false,false,false,false,false,,,,,,false,false,false,,,false,false,false,false,false,-83.16077,42.40556,"{
  ""coordinates"": [
    -8.316077770100000e+01,
    4.240555670300010e+01
  ],
  ""type"": ""Point""
}","{
  ""coordinates"": [
    -83.160777701,
    42.405556703
  ],
  ""type"": ""Point""
}",-83.160777701,42.4055567030001
21952,9217173,MILWAUKEE,S M 10 SERVICE DRIVE,2015-01-10,10,1,2015,23,7,4,9,,4,0,,6,1,4,30,2,3,5,3,0,0,1,2,false,,true,true,true,false,false,,,,,,false,false,true,,,false,false,false,false,false,-83.08147,42.36576,"{
  ""coordinates"": [
    -8.308146430300000e+01,
    4.236576523500000e+01
  ],
  ""type"": ""Point""
}","{
  ""coordinates"": [
    -83.081464303,
    42.365765235
  ],
  ""type"": ""Point""
}",-83.081464303,42.365765235