ObjectId,Crash ID,Primary Road,Intersecting Road,Crash Date,Day,Month,Year,Hour,Weekday,Crash Type Code,Highway Classification Code,Community Code,Jurisdiction Code,Lane Departure Type Code,Surface Type,Road Condition,Weather Condition,Lighting Condition,Speed Limit,Lanes,Units,Occupants,Most Severe Injury,Fatal Injuries,Suspected Serious Injuries,Suspected Minor Injuries,Possible Injuries,Property Damage Only,Secondary Crash,Traffic Control,Red Light Run,Hit and Run,Alcohol,Drugs,Unbelted Person,Work Zone,Speeding Driver,Distracted Driver,Driveway,Pedestrian,Elderly Driver,Young Driver,Commercial Vehicle,Emergency Vehicles,Train,School Bus,Motorcycle,Bicycle,Deer,Longitude,Latitude,geom,geog,x,y
21953,9157377,DAVISON,LINWOOD,2015-01-10,10,1,2015,13,7,4,3,,1,0,,2,1,1,35,6,3,4,4,0,0,0,2,false,,false,false,false,false,false,,,,,,false,true,true,,,false,false,false,false,false,-83.12227,42.39293,"{
  ""coordinates"": [
    -8.312226694000000e+01,
    4.239292492100000e+01
  ],
  ""type"": ""Point""
}","{
  ""coordinates"": [
    -83.12226694,
    42.392924921
  ],
  ""type"": ""Point""
}",-83.12226694,42.392924921
21954,9152186,S M 39,GRAND RIVER,2015-01-10,10,1,2015,6,7,5,3,,1,0,,3,1,4,55,3,2,1,5,0,0,0,0,true,,false,false,true,false,false,,,,,,false,false,true,,,false,false,false,false,false,-83.21838,42.40046,"{
  ""coordinates"": [
    -8.321837556199991e+01,
    4.240046222400010e+01
  ],
  ""type"": ""Point""
}","{
  ""coordinates"": [
    -83.218375562,
    42.400462224
  ],
  ""type"": ""Point""
}",-83.2183755619999,42.4004622240001
21955,9154962,I 94,WEIR,2015-01-10,10,1,2015,21,7,1,1,,1,1,,2,1,4,55,3,1,1,5,0,0,0,0,true,,false,false,false,false,false,,,,,,false,false,false,,,false,false,false,false,false,-83.15464,42.3292,"{
  ""coordinates"": [
    -8.315464018599990e+01,
    4.232919577000010e+01
  ],
  ""type"": ""Point""
}","{
  ""coordinates"": [
    -83.154640186,
    42.32919577
  ],
  ""type"": ""Point""
}",-83.1546401859999,42.3291957700001
21956,9160850,I 96,SOUTHFIELD,2015-01-10,10,1,2015,4,7,1,1,,1,1,,3,2,5,70,4,1,1,5,0,0,0,0,true,,false,false,false,false,false,,,,,,false,false,false,,,false,false,false,false,false,-83.22218,42.37842,"{
  ""coordinates"": [
    -8.322218314900000e+01,
    4.237841902200010e+01
  ],
  ""type"": ""Point""
}","{
  ""coordinates"": [
    -83.222183149,
    42.378419022
  ],
  ""type"": ""Point""
}",-83.222183149,42.3784190220001
21957,9152495,JOHN,DAVISON,2015-01-10,10,1,2015,4,7,5,3,,1,0,,4,1,4,55,3,2,1,4,0,0,0,1,false,,false,false,true,false,false,,,,,,false,false,false,,,false,false,false,false,false,-83.08755,42.37581,"{
  ""coordinates"": [
    -8.308755238000001e+01,
    4.237581039500000e+01
  ],
  ""type"": ""Point""
}","{
  ""coordinates"": [
    -83.08755238,
    42.375810395
  ],
  ""type"": ""Point""
}",-83.08755238,42.375810395
21958,9155004,M-39,GRAND RIVER,2015-01-10,10,1,2015,20,7,5,3,,1,0,,4,2,4,55,3,2,2,5,0,0,0,0,true,,false,false,true,false,false,,,,,,false,false,false,,,false,false,false,false,false,-83.21819,42.40212,"{
  ""coordinates"": [
    -8.321818501300000e+01,
    4.240212230400000e+01
  ],
  ""type"": ""Point""
}","{
  ""coordinates"": [
    -83.218185013,
    42.402122304
  ],
  ""type"": ""Point""
}",-83.218185013,42.402122304
21959,9152215,S M 39,SCHOOLCRAFT,2015-01-10,10,1,2015,9,7,1,3,,1,1,,3,2,1,55,3,1,2,5,0,0,0,0,true,,false,false,false,false,false,,,,,,false,false,false,,,false,false,false,false,false,-83.21774,42.38725,"{
  ""coordinates"": [
    -8.321774549500000e+01,
    4.238724460600010e+01
  ],
  ""type"": ""Point""
}","{
  ""coordinates"": [
    -83.217745495,
    42.387244606
  ],
  ""type"": ""Point""
}",-83.217745495,42.3872446060001
21960,9155015,S M 10,CHICAGO,2015-01-10,10,1,2015,3,7,1,3,,1,1,,3,5,4,55,3,1,1,5,0,0,0,0,true,,false,false,false,false,false,,,,,,false,false,false,,,false,false,false,false,false,-83.09607,42.38264,"{
  ""coordinates"": [
    -8.309607066800000e+01,
    4.238264168000010e+01
  ],
  ""type"": ""Point""
}","{
  ""coordinates"": [
    -83.096070668,
    42.38264168
  ],
  ""type"": ""Point""
}",-83.096070668,42.3826416800001
21961,9171949,MCNICHOLS,SCHAEFER,2015-01-10,10,1,2015,1,7,97,9,,2,0,,3,5,5,25,2,2,0,5,0,0,0,0,true,,false,false,true,false,false,,,,,,false,false,false,,,false,false,false,false,false,-83.17984,42.41659,"{
  ""coordinates"": [
    -8.317983759299990e+01,
    4.241658833900000e+01
  ],
  ""type"": ""Point""
}","{
  ""coordinates"": [
    -83.179837593,
    42.416588339
  ],
  ""type"": ""Point""
}",-83.1798375929999,42.416588339
21962,9161827,I96,OUTER,2015-01-10,10,1,2015,7,7,8,1,,1,0,,3,5,1,70,4,2,2,5,0,0,0,0,true,,false,false,false,false,false,,,,,,false,false,false,,,false,false,false,false,false,-83.25837,42.38546,"{
  ""coordinates"": [
    -8.325836698400001e+01,
    4.238545738800010e+01
  ],
  ""type"": ""Point""
}","{
  ""coordinates"": [
    -83.258366984,
    42.385457388
  ],
  ""type"": ""Point""
}",-83.258366984,42.3854573880001
21963,9158170,GREENFIELD,7 MILE,2015-01-10,10,1,2015,12,7,8,9,,2,0,,4,1,1,30,6,2,2,5,0,0,0,0,true,,false,false,false,false,false,,,,,,false,true,false,,,false,false,false,false,false,-83.19987,42.43045,"{
  ""coordinates"": [
    -8.319986653599990e+01,
    4.243044938800010e+01
  ],
  ""type"": ""Point""
}","{
  ""coordinates"": [
    -83.199866536,
    42.430449388
  ],
  ""type"": ""Point""
}",-83.1998665359999,42.4304493880001
21964,9153725,S M 39,GRAND RIVER,2015-01-10,10,1,2015,6,7,8,3,,1,0,,3,2,2,55,3,2,3,4,0,0,0,2,false,,false,false,false,true,false,,,,,,false,false,true,,,false,false,false,false,false,-83.21838,42.4003,"{
  ""coordinates"": [
    -8.321837256399991e+01,
    4.240030331500000e+01
  ],
  ""type"": ""Point""
}","{
  ""coordinates"": [
    -83.218372564,
    42.400303315
  ],
  ""type"": ""Point""
}",-83.2183725639999,42.400303315
21965,9154961,N M 39,JOY,2015-01-10,10,1,2015,18,7,5,3,,1,0,,1,1,4,55,3,2,3,5,0,0,0,0,true,,false,false,false,false,false,,,,,,false,false,true,,,false,false,false,false,false,-83.21638,42.35782,"{
  ""coordinates"": [
    -8.321638654500001e+01,
    4.235781816700010e+01
  ],
  ""type"": ""Point""
}","{
  ""coordinates"": [
    -83.216386545,
    42.357818167
  ],
  ""type"": ""Point""
}",-83.216386545,42.3578181670001
21966,9161828,I96,OUTER,2015-01-10,10,1,2015,7,7,1,1,,1,1,,3,5,1,70,5,1,1,5,0,0,0,0,true,,false,false,false,false,false,,,,,,false,false,false,,,false,false,false,false,false,-83.25837,42.38546,"{
  ""coordinates"": [
    -8.325836698400001e+01,
    4.238545738800010e+01
  ],
  ""type"": ""Point""
}","{
  ""coordinates"": [
    -83.258366984,
    42.385457388
  ],
  ""type"": ""Point""
}",-83.258366984,42.3854573880001
21967,9152211,N M 39,RAMP 010B,2015-01-10,10,1,2015,7,7,8,3,,1,0,,3,2,4,55,1,3,3,4,0,0,0,1,false,,false,false,false,false,false,,,,,,false,false,false,,,false,false,false,false,false,-83.21874,42.41739,"{
  ""coordinates"": [
    -8.321874102100000e+01,
    4.241738763000010e+01
  ],
  ""type"": ""Point""
}","{
  ""coordinates"": [
    -83.218741021,
    42.41738763
  ],
  ""type"": ""Point""
}",-83.218741021,42.4173876300001
21968,9152198,I-75,DAVISON,2015-01-10,10,1,2015,11,7,5,1,,1,0,,3,2,1,55,4,2,2,5,0,0,0,0,true,,false,false,false,false,false,,,,,,false,false,true,,,false,false,false,false,false,-83.07908,42.4085,"{
  ""coordinates"": [
    -8.307907911200000e+01,
    4.240849980100010e+01
  ],
  ""type"": ""Point""
}","{
  ""coordinates"": [
    -83.079079112,
    42.408499801
  ],
  ""type"": ""Point""
}",-83.079079112,42.4084998010001
21969,9152213,SOUTHFIELD,OUTER,2015-01-10,10,1,2015,8,7,1,9,,4,1,,3,2,1,55,3,1,1,5,0,0,0,0,true,,false,false,false,false,false,,,,,,false,true,false,,,false,false,false,false,false,-83.21865,42.41954,"{
  ""coordinates"": [
    -8.321864806400001e+01,
    4.241954077600010e+01
  ],
  ""type"": ""Point""
}","{
  ""coordinates"": [
    -83.218648064,
    42.419540776
  ],
  ""type"": ""Point""
}",-83.218648064,42.4195407760001
21970,9153696,I-75,MEADE,2015-01-10,10,1,2015,11,7,5,1,,1,0,,3,2,1,55,4,2,1,5,0,0,0,0,true,,false,false,true,false,false,,,,,,false,false,false,,,false,false,false,false,false,-83.07394,42.40524,"{
  ""coordinates"": [
    -8.307394383300000e+01,
    4.240523379100010e+01
  ],
  ""type"": ""Point""
}","{
  ""coordinates"": [
    -83.073943833,
    42.405233791
  ],
  ""type"": ""Point""
}",-83.073943833,42.4052337910001
21971,9153694,M-10,CLAIRMOUNT,2015-01-10,10,1,2015,11,7,8,3,,1,0,,3,1,1,55,3,2,2,5,0,0,0,0,true,,false,false,false,false,false,,,,,,false,true,true,,,false,false,false,false,false,-83.08738,42.37519,"{
  ""coordinates"": [
    -8.308738299100000e+01,
    4.237519082500010e+01
  ],
  ""type"": ""Point""
}","{
  ""coordinates"": [
    -83.087382991,
    42.375190825
  ],
  ""type"": ""Point""
}",-83.087382991,42.3751908250001
21972,9160103,M-39,GRAND RIVER,2015-01-09,9,1,2015,2,6,1,3,,1,1,,4,5,4,55,3,1,1,5,0,0,0,0,true,,false,false,false,false,false,,,,,,false,false,true,,,false,false,false,false,false,-83.21805,42.39705,"{
  ""coordinates"": [
    -8.321804433200001e+01,
    4.239705413600010e+01
  ],
  ""type"": ""Point""
}","{
  ""coordinates"": [
    -83.218044332,
    42.397054136
  ],
  ""type"": ""Point""
}",-83.218044332,42.3970541360001
21973,9183740,LAFAYETTE,ROSA PARKS,2015-01-09,9,1,2015,8,6,4,9,,4,0,,4,5,1,0,4,2,2,5,0,0,0,0,true,,false,false,false,false,false,,,,,,false,false,false,,,false,false,false,false,false,-83.06736,42.3233,"{
  ""coordinates"": [
    -8.306735656599990e+01,
    4.232329764500000e+01
  ],
  ""type"": ""Point""
}","{
  ""coordinates"": [
    -83.067356566,
    42.323297645
  ],
  ""type"": ""Point""
}",-83.0673565659999,42.323297645
21974,9152505,MOUND,8 MILE,2015-01-09,9,1,2015,11,6,5,3,,2,0,,1,5,1,35,3,3,3,5,0,0,0,0,true,,false,false,true,false,false,,,,,,false,false,false,,,false,false,false,false,false,-83.04427,42.44779,"{
  ""coordinates"": [
    -8.304427572400000e+01,
    4.244779334400000e+01
  ],
  ""type"": ""Point""
}","{
  ""coordinates"": [
    -83.044275724,
    42.447793344
  ],
  ""type"": ""Point""
}",-83.044275724,42.447793344
21975,9214908,CONNER,CAMDEN,2015-01-09,9,1,2015,10,6,1,9,,4,1,,4,5,1,35,5,1,1,5,0,0,0,0,true,,false,false,false,false,false,,,,,,false,false,false,,,false,false,false,false,false,-82.99084,42.39866,"{
  ""coordinates"": [
    -8.299083600499991e+01,
    4.239866096000000e+01
  ],
  ""type"": ""Point""
}","{
  ""coordinates"": [
    -82.990836005,
    42.39866096
  ],
  ""type"": ""Point""
}",-82.9908360049999,42.39866096
21976,9158218,GREENFIELD,JAMES COUZENS,2015-01-09,9,1,2015,14,6,97,7,,1,0,,1,2,1,35,5,2,1,4,0,0,0,1,false,,false,false,false,false,false,,,,,,true,false,false,,,false,false,false,false,false,-83.20042,42.44298,"{
  ""coordinates"": [
    -8.320042155999990e+01,
    4.244297815000000e+01
  ],
  ""type"": ""Point""
}","{
  ""coordinates"": [
    -83.20042156,
    42.44297815
  ],
  ""type"": ""Point""
}",-83.2004215599999,42.44297815
21977,9152221,I-75,CANIFF,2015-01-09,9,1,2015,9,6,5,1,,1,0,,3,1,1,70,4,3,2,5,0,0,0,0,true,,false,false,true,false,false,,,,,,false,false,false,,,false,false,false,false,false,-83.06573,42.38305,"{
  ""coordinates"": [
    -8.306573750800000e+01,
    4.238304952700000e+01
  ],
  ""type"": ""Point""
}","{
  ""coordinates"": [
    -83.065737508,
    42.383049527
  ],
  ""type"": ""Point""
}",-83.065737508,42.383049527
21978,9152169,RAMP 139C,W I 96,2015-01-09,9,1,2015,21,6,1,1,,1,1,,4,5,4,55,1,1,1,5,0,0,0,0,true,,false,false,false,false,false,,,,,,false,true,false,,,false,false,false,false,false,-83.14633,42.38061,"{
  ""coordinates"": [
    -8.314633298200000e+01,
    4.238060881200000e+01
  ],
  ""type"": ""Point""
}","{
  ""coordinates"": [
    -83.146332982,
    42.380608812
  ],
  ""type"": ""Point""
}",-83.146332982,42.380608812
21979,9152445,SOUTHFIELD SERVICE DRIVE,HESSEL,2015-01-09,9,1,2015,9,6,5,3,,5,0,,4,1,1,25,2,3,4,5,0,0,0,0,true,,false,false,false,false,false,,,,,,false,false,false,,,false,false,false,false,false,-83.21947,42.4426,"{
  ""coordinates"": [
    -8.321947571999991e+01,
    4.244260583100000e+01
  ],
  ""type"": ""Point""
}","{
  ""coordinates"": [
    -83.21947572,
    42.442605831
  ],
  ""type"": ""Point""
}",-83.2194757199999,42.442605831
21980,9152220,I-75,HOLBROOK,2015-01-09,9,1,2015,10,6,1,1,,1,1,,4,5,1,70,4,1,1,5,0,0,0,0,true,,false,false,false,false,false,,,,,,false,false,true,,,false,false,false,false,false,-83.06593,42.38332,"{
  ""coordinates"": [
    -8.306592736999990e+01,
    4.238331956500010e+01
  ],
  ""type"": ""Point""
}","{
  ""coordinates"": [
    -83.06592737,
    42.383319565
  ],
  ""type"": ""Point""
}",-83.0659273699999,42.3833195650001
21981,9160130,I-75,RAMP 216H,2015-01-09,9,1,2015,1,6,1,1,,1,1,,4,5,5,55,2,1,2,5,0,0,0,0,true,,false,false,false,false,false,,,,,,false,false,false,,,false,false,false,false,false,-83.05874,42.36584,"{
  ""coordinates"": [
    -8.305873630000001e+01,
    4.236584199000000e+01
  ],
  ""type"": ""Point""
}","{
  ""coordinates"": [
    -83.0587363,
    42.36584199
  ],
  ""type"": ""Point""
}",-83.0587363,42.36584199
21982,9217188,FORT,GRAND,2015-01-09,9,1,2015,17,6,5,3,,1,0,,3,1,1,30,2,2,1,5,0,0,0,0,true,,false,false,false,false,false,,,,,,false,false,false,,,false,false,false,false,false,-83.08376,42.31507,"{
  ""coordinates"": [
    -8.308376142000000e+01,
    4.231507056400010e+01
  ],
  ""type"": ""Point""
}","{
  ""coordinates"": [
    -83.08376142,
    42.315070564
  ],
  ""type"": ""Point""
}",-83.08376142,42.3150705640001
21983,9152217,I-75,DAVISON,2015-01-09,9,1,2015,6,6,8,1,,1,0,,4,5,2,55,3,2,2,5,0,0,0,0,true,,false,false,false,false,false,,,,,,false,false,false,,,false,false,false,false,false,-83.07565,42.40635,"{
  ""coordinates"": [
    -8.307564702600000e+01,
    4.240635418200000e+01
  ],
  ""type"": ""Point""
}","{
  ""coordinates"": [
    -83.075647026,
    42.406354182
  ],
  ""type"": ""Point""
}",-83.075647026,42.406354182
21984,9157385,WARREN,EPWORTH,2015-01-09,9,1,2015,9,6,5,9,,4,0,,4,5,1,35,3,2,3,4,0,0,0,2,false,,false,false,false,false,false,,,,,,false,false,false,,,false,false,false,false,false,-83.12438,42.34449,"{
  ""coordinates"": [
    -8.312438218900000e+01,
    4.234449284300010e+01
  ],
  ""type"": ""Point""
}","{
  ""coordinates"": [
    -83.124382189,
    42.344492843
  ],
  ""type"": ""Point""
}",-83.124382189,42.3444928430001
21985,9152501,S I 75 SERVICE DRIVE,I 75 SERVICE DRIVE,2015-01-09,9,1,2015,9,6,5,1,,4,0,,4,1,1,25,3,2,2,5,0,0,0,0,true,,true,true,false,false,false,,,,,,false,false,false,,,false,false,false,false,false,-83.09538,42.43326,"{
  ""coordinates"": [
    -8.309538171900000e+01,
    4.243325906700010e+01
  ],
  ""type"": ""Point""
}","{
  ""coordinates"": [
    -83.095381719,
    42.433259067
  ],
  ""type"": ""Point""
}",-83.095381719,42.4332590670001
21986,9152197,I-75,SCHAEFER,2015-01-09,9,1,2015,17,6,1,1,,1,1,,4,5,4,70,4,1,1,5,0,0,0,0,true,,false,false,false,false,false,,,,,,false,false,true,,,false,false,false,false,false,-83.15451,42.27773,"{
  ""coordinates"": [
    -8.315450932000000e+01,
    4.227772398200010e+01
  ],
  ""type"": ""Point""
}","{
  ""coordinates"": [
    -83.15450932,
    42.277723982
  ],
  ""type"": ""Point""
}",-83.15450932,42.2777239820001
21987,9152202,I-75,DEARBORN,2015-01-09,9,1,2015,11,6,5,1,,1,0,,4,5,1,70,4,2,2,5,0,0,0,0,true,,false,false,false,false,false,,,,,,false,false,true,,,false,false,false,false,false,-83.13121,42.29038,"{
  ""coordinates"": [
    -8.313121198000000e+01,
    4.229038041000010e+01
  ],
  ""type"": ""Point""
}","{
  ""coordinates"": [
    -83.13121198,
    42.29038041
  ],
  ""type"": ""Point""
}",-83.13121198,42.2903804100001
21988,9153751,E M 8,CANADIAN NATIONAL RAILWAY,2015-01-09,9,1,2015,8,6,8,3,,1,0,,4,5,1,70,3,2,2,5,0,0,0,0,true,,false,false,false,false,false,,,,,,false,false,false,,,false,false,false,false,false,-83.08101,42.40832,"{
  ""coordinates"": [
    -8.308100684599999e+01,
    4.240831804700010e+01
  ],
  ""type"": ""Point""
}","{
  ""coordinates"": [
    -83.081006846,
    42.408318047
  ],
  ""type"": ""Point""
}",-83.081006846,42.4083180470001
21989,9153745,I 75,7 MILE,2015-01-09,9,1,2015,9,6,8,1,,1,0,,4,1,1,70,4,2,2,5,0,0,0,0,true,,false,false,false,false,false,,,,,,false,false,false,,,false,false,false,false,false,-83.09487,42.43207,"{
  ""coordinates"": [
    -8.309487286200000e+01,
    4.243206922600010e+01
  ],
  ""type"": ""Point""
}","{
  ""coordinates"": [
    -83.094872862,
    42.432069226
  ],
  ""type"": ""Point""
}",-83.094872862,42.4320692260001
21990,9219885,ORANGELAWN,WHITCOMB,2015-01-09,9,1,2015,8,6,4,9,,,0,,4,2,1,25,4,2,5,5,0,0,0,0,true,,true,false,false,false,false,,,,,,false,false,false,,,false,false,false,false,false,-83.19518,42.36789,"{
  ""coordinates"": [
    -8.319517467799990e+01,
    4.236789335900000e+01
  ],
  ""type"": ""Point""
}","{
  ""coordinates"": [
    -83.195174678,
    42.367893359
  ],
  ""type"": ""Point""
}",-83.1951746779999,42.367893359
21991,9152218,I-94,LINWOOD,2015-01-09,9,1,2015,7,6,97,1,,1,0,,4,5,2,55,3,2,2,5,0,0,0,0,true,,false,false,false,false,false,,,,,,false,false,true,,,false,false,false,false,false,-83.09199,42.35248,"{
  ""coordinates"": [
    -8.309198762999991e+01,
    4.235248159000000e+01
  ],
  ""type"": ""Point""
}","{
  ""coordinates"": [
    -83.09198763,
    42.35248159
  ],
  ""type"": ""Point""
}",-83.0919876299999,42.35248159
21992,9183764,BETHUNE,JOHN R,2015-01-09,9,1,2015,16,6,2,9,,,2,,4,1,1,25,3,2,2,5,0,0,0,0,true,,false,false,false,false,false,,,,,,false,false,false,,,false,false,false,false,false,-83.07243,42.37321,"{
  ""coordinates"": [
    -8.307243393899989e+01,
    4.237320970700010e+01
  ],
  ""type"": ""Point""
}","{
  ""coordinates"": [
    -83.072433939,
    42.373209707
  ],
  ""type"": ""Point""
}",-83.0724339389999,42.3732097070001
21993,9158166,EIGHT MILE,BERG,2015-01-09,9,1,2015,20,6,8,3,,1,0,,4,5,5,40,4,2,3,5,0,0,0,0,true,,false,false,false,false,false,,,,,,false,false,true,,,false,false,false,false,false,-83.27335,42.44284,"{
  ""coordinates"": [
    -8.327335053000000e+01,
    4.244284387300010e+01
  ],
  ""type"": ""Point""
}","{
  ""coordinates"": [
    -83.27335053,
    42.442843873
  ],
  ""type"": ""Point""
}",-83.27335053,42.4428438730001
21994,9152176,RAMP 220H,W I 94,2015-01-09,9,1,2015,20,6,5,1,,1,0,,4,5,5,55,1,2,2,5,0,0,0,0,true,,false,false,false,false,false,,,,,,false,false,true,,,false,false,false,false,false,-82.99178,42.3938,"{
  ""coordinates"": [
    -8.299178072399999e+01,
    4.239379343800000e+01
  ],
  ""type"": ""Point""
}","{
  ""coordinates"": [
    -82.991780724,
    42.393793438
  ],
  ""type"": ""Point""
}",-82.991780724,42.393793438
21995,9153742,I 75,CLAY,2015-01-09,9,1,2015,7,6,5,1,,1,0,,4,5,2,70,4,2,2,5,0,0,0,0,true,,false,false,false,false,false,,,,,,false,true,false,,,false,false,false,false,false,-83.06369,42.37951,"{
  ""coordinates"": [
    -8.306369165400000e+01,
    4.237951265500000e+01
  ],
  ""type"": ""Point""
}","{
  ""coordinates"": [
    -83.063691654,
    42.379512655
  ],
  ""type"": ""Point""
}",-83.063691654,42.379512655
21996,9156115,GREENLAWN,MACKENZIE,2015-01-09,9,1,2015,21,6,5,9,,,0,,4,5,4,25,3,2,1,5,0,0,0,0,true,,false,false,false,true,false,,,,,,false,false,true,,,false,false,false,false,false,-83.14889,42.35647,"{
  ""coordinates"": [
    -8.314888417600000e+01,
    4.235646629800000e+01
  ],
  ""type"": ""Point""
}","{
  ""coordinates"": [
    -83.148884176,
    42.356466298
  ],
  ""type"": ""Point""
}",-83.148884176,42.356466298
21997,9153794,I-75,7 MILE,2015-01-09,9,1,2015,7,6,5,1,,1,0,,4,2,4,55,4,2,2,5,0,0,0,0,true,,false,false,false,false,false,,,,,,false,false,false,,,false,false,false,false,false,-83.09451,42.42887,"{
  ""coordinates"": [
    -8.309451109400000e+01,
    4.242886653300010e+01
  ],
  ""type"": ""Point""
}","{
  ""coordinates"": [
    -83.094511094,
    42.428866533
  ],
  ""type"": ""Point""
}",-83.094511094,42.4288665330001
21998,9160929,VERNOR,ST AUBIN,2015-01-09,9,1,2015,11,6,1,9,,4,1,,4,5,1,30,4,1,1,5,0,0,0,0,true,,false,false,false,false,false,,,,,,false,false,false,,,false,false,false,false,false,-83.03371,42.34865,"{
  ""coordinates"": [
    -8.303371379700000e+01,
    4.234864706700010e+01
  ],
  ""type"": ""Point""
}","{
  ""coordinates"": [
    -83.033713797,
    42.348647067
  ],
  ""type"": ""Point""
}",-83.033713797,42.3486470670001
21999,9152462,GRATIOT,MCCLELLAN,2015-01-09,9,1,2015,16,6,4,3,,1,0,,4,5,3,30,6,2,3,5,0,0,0,0,true,,true,true,false,false,false,,,,,,false,false,false,,,false,false,false,false,false,-83.00707,42.39032,"{
  ""coordinates"": [
    -8.300707598799990e+01,
    4.239032484300000e+01
  ],
  ""type"": ""Point""
}","{
  ""coordinates"": [
    -83.007075988,
    42.390324843
  ],
  ""type"": ""Point""
}",-83.0070759879999,42.390324843
22000,9157366,GRATIOT,GRANDY,2015-01-09,9,1,2015,7,6,2,3,,1,2,,4,5,1,35,3,2,2,5,0,0,0,0,true,,false,false,false,false,false,,,,,,false,false,true,,,false,false,false,false,false,-83.03076,42.35444,"{
  ""coordinates"": [
    -8.303076344999990e+01,
    4.235444097100000e+01
  ],
  ""type"": ""Point""
}","{
  ""coordinates"": [
    -83.03076345,
    42.354440971
  ],
  ""type"": ""Point""
}",-83.0307634499999,42.354440971
22001,9153795,I-75,NEVADA,2015-01-09,9,1,2015,8,6,5,1,,1,0,,3,1,1,55,4,2,1,5,0,0,0,0,true,,false,false,false,false,false,,,,,,false,false,true,,,false,false,false,false,false,-83.09282,42.42443,"{
  ""coordinates"": [
    -8.309281645199999e+01,
    4.242443180800010e+01
  ],
  ""type"": ""Point""
}","{
  ""coordinates"": [
    -83.092816452,
    42.424431808
  ],
  ""type"": ""Point""
}",-83.092816452,42.4244318080001
22002,9156107,SCHAEFER,CHICAGO,2015-01-09,9,1,2015,23,6,4,9,,4,0,,4,5,5,25,2,2,2,5,0,0,0,0,true,,false,false,false,false,false,,,,,,false,false,true,,,false,false,false,false,false,-83.17786,42.3699,"{
  ""coordinates"": [
    -8.317786764499991e+01,
    4.236990110400010e+01
  ],
  ""type"": ""Point""
}","{
  ""coordinates"": [
    -83.177867645,
    42.369901104
  ],
  ""type"": ""Point""
}",-83.1778676449999,42.3699011040001
22003,9164231,CANYON,CHESTER,2015-01-09,9,1,2015,12,6,4,9,,,0,,4,1,1,25,3,2,4,5,0,0,0,0,true,,false,false,false,false,false,,,,,,false,false,false,,,false,false,false,false,false,-82.92566,42.42148,"{
  ""coordinates"": [
    -8.292565772499999e+01,
    4.242147826000010e+01
  ],
  ""type"": ""Point""
}","{
  ""coordinates"": [
    -82.925657725,
    42.42147826
  ],
  ""type"": ""Point""
}",-82.925657725,42.4214782600001
22004,9153752,I-75,DAVISON,2015-01-09,9,1,2015,8,6,1,1,,1,1,,4,4,1,70,3,1,1,5,0,0,0,0,true,,false,false,false,false,false,,,,,,false,false,true,,,false,false,false,false,false,-83.07802,42.40763,"{
  ""coordinates"": [
    -8.307801458599990e+01,
    4.240762770700010e+01
  ],
  ""type"": ""Point""
}","{
  ""coordinates"": [
    -83.078014586,
    42.407627707
  ],
  ""type"": ""Point""
}",-83.0780145859999,42.4076277070001
22005,9156112,GRAND RIVER,SCHAEFER,2015-01-09,9,1,2015,5,6,4,3,,1,0,,6,4,4,35,8,2,2,5,0,0,0,0,true,,false,false,false,false,false,,,,,,false,false,false,,,false,false,false,false,false,-83.17825,42.38455,"{
  ""coordinates"": [
    -8.317825202599990e+01,
    4.238454811200010e+01
  ],
  ""type"": ""Point""
}","{
  ""coordinates"": [
    -83.178252026,
    42.384548112
  ],
  ""type"": ""Point""
}",-83.1782520259999,42.3845481120001
22006,9152240,I-94,TARNOW,2015-01-09,9,1,2015,7,6,5,9,,,0,,3,1,4,55,3,2,2,5,0,0,0,0,true,,false,false,false,false,false,,,,,,false,true,false,,,false,false,false,false,false,-83.12754,42.33683,"{
  ""coordinates"": [
    -8.312754332599999e+01,
    4.233682697500010e+01
  ],
  ""type"": ""Point""
}","{
  ""coordinates"": [
    -83.127543326,
    42.336826975
  ],
  ""type"": ""Point""
}",-83.127543326,42.3368269750001
22007,9152515,7 MILE,S I 75 SERVICE DRIVE,2015-01-09,9,1,2015,11,6,4,9,,4,0,,6,2,1,35,2,2,2,5,0,0,0,0,true,,false,false,false,false,false,,,,,,false,false,false,,,false,false,false,false,false,-83.09534,42.43246,"{
  ""coordinates"": [
    -8.309534490199999e+01,
    4.243245571600000e+01
  ],
  ""type"": ""Point""
}","{
  ""coordinates"": [
    -83.095344902,
    42.432455716
  ],
  ""type"": ""Point""
}",-83.095344902,42.432455716
22008,9152574,WOODWARD,8 MILE,2015-01-09,9,1,2015,13,6,4,3,,1,0,,2,1,1,35,3,2,3,4,0,0,0,1,false,,false,false,false,false,false,,,,,,false,false,true,,,false,false,false,false,false,-83.12484,42.44651,"{
  ""coordinates"": [
    -8.312484224699990e+01,
    4.244650485500010e+01
  ],
  ""type"": ""Point""
}","{
  ""coordinates"": [
    -83.124842247,
    42.446504855
  ],
  ""type"": ""Point""
}",-83.1248422469999,42.4465048550001
22009,9152426,SOUTHAMPTON,HAVERHILL,2015-01-09,9,1,2015,10,6,4,9,,,0,,4,1,1,25,2,2,1,5,0,0,0,0,true,,false,false,true,false,false,,,,,,false,false,false,,,false,false,false,false,false,-82.94504,42.4046,"{
  ""coordinates"": [
    -8.294504106100000e+01,
    4.240460193100010e+01
  ],
  ""type"": ""Point""
}","{
  ""coordinates"": [
    -82.945041061,
    42.404601931
  ],
  ""type"": ""Point""
}",-82.945041061,42.4046019310001