ObjectId,Crash ID,Primary Road,Intersecting Road,Crash Date,Day,Month,Year,Hour,Weekday,Crash Type Code,Highway Classification Code,Community Code,Jurisdiction Code,Lane Departure Type Code,Surface Type,Road Condition,Weather Condition,Lighting Condition,Speed Limit,Lanes,Units,Occupants,Most Severe Injury,Fatal Injuries,Suspected Serious Injuries,Suspected Minor Injuries,Possible Injuries,Property Damage Only,Secondary Crash,Traffic Control,Red Light Run,Hit and Run,Alcohol,Drugs,Unbelted Person,Work Zone,Speeding Driver,Distracted Driver,Driveway,Pedestrian,Elderly Driver,Young Driver,Commercial Vehicle,Emergency Vehicles,Train,School Bus,Motorcycle,Bicycle,Deer,Longitude,Latitude,geom,geog,x,y
22010,9152222,I-75,CANIFF,2015-01-09,9,1,2015,10,6,5,1,,1,0,,3,1,1,70,4,2,2,5,0,0,0,0,true,,false,false,false,false,false,,,,,,false,false,false,,,false,false,false,false,false,-83.06573,42.38305,"{
  ""coordinates"": [
    -8.306573750800000e+01,
    4.238304952700000e+01
  ],
  ""type"": ""Point""
}","{
  ""coordinates"": [
    -83.065737508,
    42.383049527
  ],
  ""type"": ""Point""
}",-83.065737508,42.383049527
22011,9152205,I-75,NEVADA,2015-01-09,9,1,2015,10,6,8,1,,1,0,,2,2,1,55,4,2,1,5,0,0,0,0,true,,false,false,true,false,false,,,,,,false,false,false,,,false,false,false,false,false,-83.09273,42.42432,"{
  ""coordinates"": [
    -8.309273094600000e+01,
    4.242431798100010e+01
  ],
  ""type"": ""Point""
}","{
  ""coordinates"": [
    -83.092730946,
    42.424317981
  ],
  ""type"": ""Point""
}",-83.092730946,42.4243179810001
22012,9153761,I94,LIVERNOIS,2015-01-09,9,1,2015,6,6,8,1,,1,0,,4,5,4,55,3,2,2,5,0,0,0,0,true,,false,false,false,false,false,,,,,,false,false,false,,,false,false,false,false,false,-83.13345,42.33391,"{
  ""coordinates"": [
    -8.313345368900001e+01,
    4.233390954700010e+01
  ],
  ""type"": ""Point""
}","{
  ""coordinates"": [
    -83.133453689,
    42.333909547
  ],
  ""type"": ""Point""
}",-83.133453689,42.3339095470001
22013,9152461,MT ELLIOTT,VERNOR,2015-01-09,9,1,2015,8,6,4,9,,4,0,,4,1,1,30,4,2,1,4,0,0,0,1,false,,false,false,true,false,false,,,,,,false,false,false,,,false,false,false,false,false,-83.01746,42.35503,"{
  ""coordinates"": [
    -8.301746490700000e+01,
    4.235502466200010e+01
  ],
  ""type"": ""Point""
}","{
  ""coordinates"": [
    -83.017464907,
    42.355024662
  ],
  ""type"": ""Point""
}",-83.017464907,42.3550246620001
22014,9156120,CADIUEX,WARREN,2015-01-09,9,1,2015,18,6,1,9,,4,0,,4,5,4,35,5,2,1,4,0,0,0,1,false,,false,false,true,false,false,,,,,,true,false,true,,,false,false,false,false,false,-82.92982,42.40607,"{
  ""coordinates"": [
    -8.292982057099989e+01,
    4.240607307700000e+01
  ],
  ""type"": ""Point""
}","{
  ""coordinates"": [
    -82.929820571,
    42.406073077
  ],
  ""type"": ""Point""
}",-82.9298205709999,42.406073077
22015,9152241,M-39,PURITAN,2015-01-09,9,1,2015,8,6,5,3,,1,0,,3,1,1,55,3,2,2,5,0,0,0,0,true,,false,false,false,false,false,,,,,,false,false,true,,,false,false,false,false,false,-83.21853,42.40839,"{
  ""coordinates"": [
    -8.321852666099990e+01,
    4.240838806200000e+01
  ],
  ""type"": ""Point""
}","{
  ""coordinates"": [
    -83.218526661,
    42.408388062
  ],
  ""type"": ""Point""
}",-83.2185266609999,42.408388062
22016,9152196,I-75,SHAEFER,2015-01-09,9,1,2015,14,6,8,1,,1,0,,4,5,1,70,4,2,2,3,0,0,1,0,false,,false,false,false,false,false,,,,,,false,false,true,,,false,false,false,false,false,-83.15663,42.27703,"{
  ""coordinates"": [
    -8.315663235100000e+01,
    4.227702763100010e+01
  ],
  ""type"": ""Point""
}","{
  ""coordinates"": [
    -83.156632351,
    42.277027631
  ],
  ""type"": ""Point""
}",-83.156632351,42.2770276310001
22017,9163094,M-39,7 MILE,2015-01-09,9,1,2015,5,6,97,3,,1,0,,3,5,4,55,3,4,4,5,0,0,0,0,true,,false,false,false,false,false,,,,,,false,false,true,,,false,false,false,false,false,-83.2192,42.42947,"{
  ""coordinates"": [
    -8.321919909300000e+01,
    4.242947027100010e+01
  ],
  ""type"": ""Point""
}","{
  ""coordinates"": [
    -83.219199093,
    42.429470271
  ],
  ""type"": ""Point""
}",-83.219199093,42.4294702710001
22018,9199219,HOOVER,GEITZEN,2015-01-09,9,1,2015,16,6,4,3,,1,0,,3,5,1,30,4,2,3,4,0,0,0,2,false,,false,false,false,false,false,,,,,,false,false,false,,,false,false,false,false,false,-83.0042,42.42472,"{
  ""coordinates"": [
    -8.300420538000000e+01,
    4.242471973600000e+01
  ],
  ""type"": ""Point""
}","{
  ""coordinates"": [
    -83.00420538,
    42.424719736
  ],
  ""type"": ""Point""
}",-83.00420538,42.424719736
22019,9153741,I94,LINWOOD,2015-01-09,9,1,2015,10,6,8,1,,1,0,,4,5,1,55,3,2,2,5,0,0,0,0,true,,false,false,false,false,false,,,,,,false,false,false,,,false,false,false,false,false,-83.08688,42.35409,"{
  ""coordinates"": [
    -8.308688087900001e+01,
    4.235409291400000e+01
  ],
  ""type"": ""Point""
}","{
  ""coordinates"": [
    -83.086880879,
    42.354092914
  ],
  ""type"": ""Point""
}",-83.086880879,42.354092914
22020,9152156,W/B I-94,M10,2015-01-09,9,1,2015,21,6,1,1,,1,1,,4,5,4,55,3,1,1,5,0,0,0,0,true,,false,false,false,false,false,,,,,,false,false,true,,,false,false,false,false,false,-83.07246,42.36174,"{
  ""coordinates"": [
    -8.307245320899990e+01,
    4.236174539800000e+01
  ],
  ""type"": ""Point""
}","{
  ""coordinates"": [
    -83.072453209,
    42.361745398
  ],
  ""type"": ""Point""
}",-83.0724532089999,42.361745398
22021,9158180,8 MILE,PLAINVIEW,2015-01-09,9,1,2015,20,6,4,3,,1,0,,4,5,4,45,4,2,1,5,0,0,0,0,true,,false,false,true,false,false,,,,,,false,false,false,,,false,false,false,false,false,-83.23816,42.44378,"{
  ""coordinates"": [
    -8.323815789400000e+01,
    4.244377861200010e+01
  ],
  ""type"": ""Point""
}","{
  ""coordinates"": [
    -83.238157894,
    42.443778612
  ],
  ""type"": ""Point""
}",-83.238157894,42.4437786120001
22022,9214989,8 MILE,HOOVER,2015-01-09,9,1,2015,16,6,97,3,,1,0,,1,1,1,30,8,2,3,5,0,0,0,0,true,,false,false,false,false,false,,,,,,false,false,false,,,false,false,false,false,false,-83.00912,42.44861,"{
  ""coordinates"": [
    -8.300912722899990e+01,
    4.244861371000010e+01
  ],
  ""type"": ""Point""
}","{
  ""coordinates"": [
    -83.009127229,
    42.44861371
  ],
  ""type"": ""Point""
}",-83.0091272289999,42.4486137100001
22023,9171793,JOHN C LODGE,WEB,2015-01-09,9,1,2015,22,6,1,0,,1,1,,4,5,5,55,3,1,1,5,0,0,0,0,true,,false,false,true,false,false,,,,,,false,false,true,,,false,false,false,false,false,-83.16568,42.41016,"{
  ""coordinates"": [
    -8.316568249200000e+01,
    4.241015676000010e+01
  ],
  ""type"": ""Point""
}","{
  ""coordinates"": [
    -83.165682492,
    42.41015676
  ],
  ""type"": ""Point""
}",-83.165682492,42.4101567600001
22024,9214977,LAWLEY,GALLAGHER,2015-01-09,9,1,2015,18,6,5,9,,,0,,3,5,5,25,2,2,2,4,0,0,0,1,false,,false,false,false,false,false,,,,,,false,false,false,,,false,false,false,false,false,-83.06337,42.41237,"{
  ""coordinates"": [
    -8.306336683300000e+01,
    4.241237041000010e+01
  ],
  ""type"": ""Point""
}","{
  ""coordinates"": [
    -83.063366833,
    42.41237041
  ],
  ""type"": ""Point""
}",-83.063366833,42.4123704100001
22025,9209362,MICHIGAN,25TH,2015-01-09,9,1,2015,19,6,9,2,,1,2,,4,5,4,35,7,2,4,4,0,0,0,2,false,,false,false,false,false,false,,,,,,false,true,true,,,false,false,false,false,false,-83.09315,42.33142,"{
  ""coordinates"": [
    -8.309314829100001e+01,
    4.233142118200000e+01
  ],
  ""type"": ""Point""
}","{
  ""coordinates"": [
    -83.093148291,
    42.331421182
  ],
  ""type"": ""Point""
}",-83.093148291,42.331421182
22026,9183760,JOHN R,PHILADELPHIA,2015-01-09,9,1,2015,19,6,4,9,,4,0,,4,1,4,25,2,2,1,5,0,0,0,0,true,,false,false,true,false,false,,,,,,false,false,false,,,false,false,false,false,false,-83.07629,42.3788,"{
  ""coordinates"": [
    -8.307629102000000e+01,
    4.237880271700000e+01
  ],
  ""type"": ""Point""
}","{
  ""coordinates"": [
    -83.07629102,
    42.378802717
  ],
  ""type"": ""Point""
}",-83.07629102,42.378802717
22027,9152155,CECIL,I-94 EB,2015-01-09,9,1,2015,19,6,1,1,,1,1,,4,5,4,55,1,1,1,5,0,0,0,0,true,,false,false,false,false,false,,,,,,false,false,true,,,false,false,false,false,false,-83.13184,42.33455,"{
  ""coordinates"": [
    -8.313184289500001e+01,
    4.233454380500010e+01
  ],
  ""type"": ""Point""
}","{
  ""coordinates"": [
    -83.131842895,
    42.334543805
  ],
  ""type"": ""Point""
}",-83.131842895,42.3345438050001
22028,9155012,I-75,I-94,2015-01-09,9,1,2015,23,6,5,1,,1,0,,4,5,4,55,4,3,6,5,0,0,0,0,true,,false,false,false,false,false,,,,,,false,false,false,,,false,false,false,false,false,-83.05819,42.36849,"{
  ""coordinates"": [
    -8.305819065299990e+01,
    4.236849128200000e+01
  ],
  ""type"": ""Point""
}","{
  ""coordinates"": [
    -83.058190653,
    42.368491282
  ],
  ""type"": ""Point""
}",-83.0581906529999,42.368491282
22029,9152526,MCNICHOLS,MEYERS,2015-01-09,9,1,2015,3,6,1,9,,2,1,,3,5,4,30,4,1,1,5,0,0,0,0,true,,false,false,false,false,false,,,,,,false,false,false,,,false,false,false,false,false,-83.16977,42.41666,"{
  ""coordinates"": [
    -8.316976937899990e+01,
    4.241666383900010e+01
  ],
  ""type"": ""Point""
}","{
  ""coordinates"": [
    -83.169769379,
    42.416663839
  ],
  ""type"": ""Point""
}",-83.1697693789999,42.4166638390001
22030,9214909,W I 94,CHALMERS,2015-01-09,9,1,2015,21,6,5,1,,1,0,,4,2,5,55,3,2,2,5,0,0,0,0,true,,false,false,true,false,false,,,,,,false,false,false,,,false,false,false,false,false,-82.96413,42.40387,"{
  ""coordinates"": [
    -8.296412645899990e+01,
    4.240387015100000e+01
  ],
  ""type"": ""Point""
}","{
  ""coordinates"": [
    -82.964126459,
    42.403870151
  ],
  ""type"": ""Point""
}",-82.9641264589999,42.403870151
22031,9157401,TRUMBULL,KIRBY,2015-01-09,9,1,2015,16,6,4,1,,4,0,,2,2,1,25,2,2,1,5,0,0,0,0,true,,true,false,true,false,false,,,,,,false,false,false,,,false,false,false,false,false,-83.08081,42.35574,"{
  ""coordinates"": [
    -8.308081126099999e+01,
    4.235573435400000e+01
  ],
  ""type"": ""Point""
}","{
  ""coordinates"": [
    -83.080811261,
    42.355734354
  ],
  ""type"": ""Point""
}",-83.080811261,42.355734354
22032,9153743,I 75,MCNICHOLS,2015-01-09,9,1,2015,8,6,5,1,,1,0,,4,1,1,70,4,2,2,4,0,0,0,1,false,,false,false,false,false,false,,,,,,false,false,false,,,false,false,false,false,false,-83.08833,42.41894,"{
  ""coordinates"": [
    -8.308832264599990e+01,
    4.241894223200010e+01
  ],
  ""type"": ""Point""
}","{
  ""coordinates"": [
    -83.088322646,
    42.418942232
  ],
  ""type"": ""Point""
}",-83.0883226459999,42.4189422320001
22033,9152597,WOODWARD,7 MILE,2015-01-09,9,1,2015,7,6,2,3,,1,2,,4,1,2,50,4,2,1,5,0,0,0,0,true,,false,false,false,false,false,,,,,,false,false,false,,,false,false,false,false,false,-83.11524,42.43187,"{
  ""coordinates"": [
    -8.311524256900000e+01,
    4.243186989900000e+01
  ],
  ""type"": ""Point""
}","{
  ""coordinates"": [
    -83.115242569,
    42.431869899
  ],
  ""type"": ""Point""
}",-83.115242569,42.431869899
22034,9164244,GRATIOT,SEVEN MILE,2015-01-09,9,1,2015,20,6,1,3,,1,1,,4,5,4,40,5,1,1,5,0,0,0,0,true,,false,false,false,false,false,,,,,,false,false,true,,,false,false,false,false,false,-82.97768,42.43508,"{
  ""coordinates"": [
    -8.297768680300000e+01,
    4.243507606400000e+01
  ],
  ""type"": ""Point""
}","{
  ""coordinates"": [
    -82.977686803,
    42.435076064
  ],
  ""type"": ""Point""
}",-82.977686803,42.435076064
22035,9157352,MONROE,RANDOLPH,2015-01-09,9,1,2015,18,6,8,3,,4,0,,3,5,4,25,2,2,2,5,0,0,0,0,true,,false,false,true,false,false,,,,,,false,false,false,,,false,false,false,false,false,-83.04487,42.33393,"{
  ""coordinates"": [
    -8.304486554700000e+01,
    4.233392776700000e+01
  ],
  ""type"": ""Point""
}","{
  ""coordinates"": [
    -83.044865547,
    42.333927767
  ],
  ""type"": ""Point""
}",-83.044865547,42.333927767
22036,9152525,7 MILE,LAUDER,2015-01-09,9,1,2015,2,6,1,9,,2,0,,3,5,4,30,2,1,1,5,0,0,0,0,true,,false,false,false,false,false,,,,,,false,false,true,,,false,false,false,false,false,-83.19255,42.43064,"{
  ""coordinates"": [
    -8.319255224800000e+01,
    4.243063584200010e+01
  ],
  ""type"": ""Point""
}","{
  ""coordinates"": [
    -83.192552248,
    42.430635842
  ],
  ""type"": ""Point""
}",-83.192552248,42.4306358420001
22037,9214978,7 MILE,ANGLIN,2015-01-09,9,1,2015,19,6,4,9,,4,0,,4,5,4,30,2,2,2,4,0,0,0,1,false,,false,false,false,false,false,,,,,,false,false,false,,,false,false,false,false,false,-83.07556,42.43291,"{
  ""coordinates"": [
    -8.307556330599991e+01,
    4.243291560400010e+01
  ],
  ""type"": ""Point""
}","{
  ""coordinates"": [
    -83.075563306,
    42.432915604
  ],
  ""type"": ""Point""
}",-83.0755633059999,42.4329156040001
22038,9187539,LIVERNOIS,CADET,2015-01-09,9,1,2015,22,6,8,9,,4,0,,3,5,5,25,2,2,0,5,0,0,0,0,true,,false,false,true,false,false,,,,,,false,false,false,,,false,false,false,false,false,-83.10852,42.31359,"{
  ""coordinates"": [
    -8.310852135399990e+01,
    4.231359470300000e+01
  ],
  ""type"": ""Point""
}","{
  ""coordinates"": [
    -83.108521354,
    42.313594703
  ],
  ""type"": ""Point""
}",-83.1085213539999,42.313594703
22039,9183771,GRAND RIVER,W I 94 SERVICE DRIVE,2015-01-09,9,1,2015,11,6,4,3,,1,0,,4,5,1,35,7,2,2,5,0,0,0,0,true,,false,false,false,false,false,,,,,,false,false,false,,,false,false,false,false,false,-83.09628,42.35151,"{
  ""coordinates"": [
    -8.309628576499991e+01,
    4.235151435000010e+01
  ],
  ""type"": ""Point""
}","{
  ""coordinates"": [
    -83.096285765,
    42.35151435
  ],
  ""type"": ""Point""
}",-83.0962857649999,42.3515143500001
22040,9152437,TIREMAN,ASHTON,2015-01-09,9,1,2015,13,6,8,9,,4,0,,3,1,1,25,6,2,2,5,0,0,0,0,true,,false,false,false,false,false,,,,,,false,true,false,,,false,false,false,false,false,-83.21745,42.3506,"{
  ""coordinates"": [
    -8.321745376000000e+01,
    4.235060072500000e+01
  ],
  ""type"": ""Point""
}","{
  ""coordinates"": [
    -83.21745376,
    42.350600725
  ],
  ""type"": ""Point""
}",-83.21745376,42.350600725
22041,9153746,M10,MILWAUKEE,2015-01-09,9,1,2015,17,6,8,3,,1,0,,2,1,3,55,3,2,2,5,0,0,0,0,true,,false,false,false,false,false,,,,,,false,false,false,,,false,false,false,false,false,-83.08053,42.36519,"{
  ""coordinates"": [
    -8.308053120499990e+01,
    4.236519374200000e+01
  ],
  ""type"": ""Point""
}","{
  ""coordinates"": [
    -83.080531205,
    42.365193742
  ],
  ""type"": ""Point""
}",-83.0805312049999,42.365193742
22042,9152219,I-75,CLAY,2015-01-09,9,1,2015,9,6,5,1,,1,0,,4,5,1,70,4,2,2,5,0,0,0,0,true,,false,false,false,false,false,,,,,,false,false,false,,,false,false,false,false,false,-83.06477,42.38163,"{
  ""coordinates"": [
    -8.306476679500000e+01,
    4.238162817400010e+01
  ],
  ""type"": ""Point""
}","{
  ""coordinates"": [
    -83.064766795,
    42.381628174
  ],
  ""type"": ""Point""
}",-83.064766795,42.3816281740001
22043,9187555,SPRINGWELLS,S I 75 SERVICE DRIVE,2015-01-09,9,1,2015,22,6,1,9,,4,1,,4,5,4,35,1,1,1,5,0,0,0,0,true,,false,false,false,false,false,,,,,,false,false,false,,,false,false,false,false,false,-83.1194,42.30182,"{
  ""coordinates"": [
    -8.311940377499999e+01,
    4.230181687300010e+01
  ],
  ""type"": ""Point""
}","{
  ""coordinates"": [
    -83.119403775,
    42.301816873
  ],
  ""type"": ""Point""
}",-83.119403775,42.3018168730001
22044,9154951,I-94,I-75,2015-01-09,9,1,2015,20,6,1,1,,1,1,,3,5,4,55,3,1,1,5,0,0,0,0,true,,false,false,false,false,false,,,,,,false,false,true,,,false,false,false,false,false,-83.05778,42.36858,"{
  ""coordinates"": [
    -8.305777992400000e+01,
    4.236858349800010e+01
  ],
  ""type"": ""Point""
}","{
  ""coordinates"": [
    -83.057779924,
    42.368583498
  ],
  ""type"": ""Point""
}",-83.057779924,42.3685834980001
22045,9214911,GRATIOT,GLENFIELD,2015-01-09,9,1,2015,7,6,4,3,,1,0,,4,5,2,35,7,2,3,5,0,0,0,0,true,,false,false,false,false,false,,,,,,false,true,true,,,false,false,false,false,false,-82.99397,42.4103,"{
  ""coordinates"": [
    -8.299396727700000e+01,
    4.241029673900000e+01
  ],
  ""type"": ""Point""
}","{
  ""coordinates"": [
    -82.993967277,
    42.410296739
  ],
  ""type"": ""Point""
}",-82.993967277,42.410296739
22046,9152521,7 MILE,TRACEY,2015-01-09,9,1,2015,15,6,4,9,,2,0,,6,2,1,35,4,2,6,5,0,0,0,0,true,,false,false,false,false,false,,,,,,false,true,true,,,false,false,false,false,false,-83.18159,42.43104,"{
  ""coordinates"": [
    -8.318159643300000e+01,
    4.243103611200010e+01
  ],
  ""type"": ""Point""
}","{
  ""coordinates"": [
    -83.181596433,
    42.431036112
  ],
  ""type"": ""Point""
}",-83.181596433,42.4310361120001
22047,9152455,CONANT,KLEIN,2015-01-09,9,1,2015,16,6,1,9,,4,1,,6,5,1,30,4,1,3,3,0,0,1,1,false,,false,false,false,false,false,,,,,,false,false,false,,,false,false,false,false,false,-83.04038,42.387,"{
  ""coordinates"": [
    -8.304038273299990e+01,
    4.238699818600000e+01
  ],
  ""type"": ""Point""
}","{
  ""coordinates"": [
    -83.040382733,
    42.386998186
  ],
  ""type"": ""Point""
}",-83.0403827329999,42.386998186
22048,9152454,REMINGTON,CONANT,2015-01-09,9,1,2015,15,6,1,9,,,0,,3,2,1,35,2,1,1,4,0,0,0,1,false,,false,false,false,false,false,,,,,,false,false,false,,,false,false,false,false,false,-83.08062,42.44253,"{
  ""coordinates"": [
    -8.308061835699991e+01,
    4.244253137600000e+01
  ],
  ""type"": ""Point""
}","{
  ""coordinates"": [
    -83.080618357,
    42.442531376
  ],
  ""type"": ""Point""
}",-83.0806183569999,42.442531376
22049,9153796,I-75,MCNICHOLS,2015-01-09,9,1,2015,9,6,1,1,,1,1,,3,1,1,55,4,1,1,5,0,0,0,0,true,,false,false,false,false,false,,,,,,false,true,false,,,false,false,false,false,false,-83.08503,42.41504,"{
  ""coordinates"": [
    -8.308502795600000e+01,
    4.241504344900010e+01
  ],
  ""type"": ""Point""
}","{
  ""coordinates"": [
    -83.085027956,
    42.415043449
  ],
  ""type"": ""Point""
}",-83.085027956,42.4150434490001
22050,9191706,MCDOUGALL,GRATIOT,2015-01-09,9,1,2015,14,6,5,3,,4,0,,4,5,1,25,5,2,1,5,0,0,0,0,true,,false,false,true,false,false,,,,,,false,false,false,,,false,false,false,false,false,-83.02899,42.35714,"{
  ""coordinates"": [
    -8.302899472099990e+01,
    4.235714023000000e+01
  ],
  ""type"": ""Point""
}","{
  ""coordinates"": [
    -83.028994721,
    42.35714023
  ],
  ""type"": ""Point""
}",-83.0289947209999,42.35714023
22051,9152432,TELEGRAPH,7 MILE,2015-01-09,9,1,2015,23,6,5,2,,1,0,,4,5,4,45,8,2,2,5,0,0,0,0,true,,false,false,true,false,false,,,,,,false,false,true,,,false,false,false,false,false,-83.27755,42.42891,"{
  ""coordinates"": [
    -8.327755161200000e+01,
    4.242890856500000e+01
  ],
  ""type"": ""Point""
}","{
  ""coordinates"": [
    -83.277551612,
    42.428908565
  ],
  ""type"": ""Point""
}",-83.277551612,42.428908565
22052,9153762,I94,I96,2015-01-09,9,1,2015,7,6,1,1,,1,1,,4,5,4,55,3,1,1,5,0,0,0,0,true,,false,false,false,false,false,,,,,,false,false,false,,,false,false,false,false,false,-83.10086,42.34967,"{
  ""coordinates"": [
    -8.310086290899990e+01,
    4.234967322400010e+01
  ],
  ""type"": ""Point""
}","{
  ""coordinates"": [
    -83.100862909,
    42.349673224
  ],
  ""type"": ""Point""
}",-83.1008629089999,42.3496732240001
22053,9217175,WOODWARD,WARREN,2015-01-09,9,1,2015,21,6,5,3,,1,0,,3,5,4,35,2,2,2,5,0,0,0,0,true,,false,false,true,false,false,,,,,,false,false,false,,,false,false,false,false,false,-83.06428,42.35678,"{
  ""coordinates"": [
    -8.306427793800000e+01,
    4.235678332000000e+01
  ],
  ""type"": ""Point""
}","{
  ""coordinates"": [
    -83.064277938,
    42.35678332
  ],
  ""type"": ""Point""
}",-83.064277938,42.35678332
22054,9156110,GRAND RIVER,TERRY,2015-01-09,9,1,2015,15,6,5,3,,1,0,,2,2,1,35,5,3,2,5,0,0,0,0,true,,false,false,false,false,false,,,,,,false,false,false,,,false,false,false,false,false,-83.1912,42.38977,"{
  ""coordinates"": [
    -8.319120270600000e+01,
    4.238977256800010e+01
  ],
  ""type"": ""Point""
}","{
  ""coordinates"": [
    -83.191202706,
    42.389772568
  ],
  ""type"": ""Point""
}",-83.191202706,42.3897725680001
22055,9157407,ANTHONY WAYNE,KIRBY,2015-01-09,9,1,2015,18,6,8,9,,4,0,,4,5,4,25,2,2,0,5,0,0,0,0,true,,false,false,true,false,false,,,,,,false,false,false,,,false,false,false,false,false,-83.07296,42.35783,"{
  ""coordinates"": [
    -8.307296236400001e+01,
    4.235782534600000e+01
  ],
  ""type"": ""Point""
}","{
  ""coordinates"": [
    -83.072962364,
    42.357825346
  ],
  ""type"": ""Point""
}",-83.072962364,42.357825346
22056,9214925,GODDARD,NEVADA,2015-01-09,9,1,2015,9,6,97,9,,,0,,4,1,1,25,1,2,0,5,0,0,0,0,true,,false,false,true,false,false,,,,,,false,false,false,,,false,false,false,false,false,-83.07843,42.42555,"{
  ""coordinates"": [
    -8.307843007199990e+01,
    4.242555404600010e+01
  ],
  ""type"": ""Point""
}","{
  ""coordinates"": [
    -83.078430072,
    42.425554046
  ],
  ""type"": ""Point""
}",-83.0784300719999,42.4255540460001
22057,9152204,I-94,GRAND RIVER,2015-01-09,9,1,2015,6,6,1,1,,1,1,,4,2,4,55,3,1,1,5,0,0,0,0,true,,false,false,false,false,false,,,,,,false,false,true,,,false,false,false,false,false,-83.09521,42.35133,"{
  ""coordinates"": [
    -8.309521505299990e+01,
    4.235133428300000e+01
  ],
  ""type"": ""Point""
}","{
  ""coordinates"": [
    -83.095215053,
    42.351334283
  ],
  ""type"": ""Point""
}",-83.0952150529999,42.351334283
22058,9152223,I-75,CLARK,2015-01-09,9,1,2015,7,6,1,1,,1,1,,3,1,1,70,3,1,1,5,0,0,0,0,true,,false,false,false,false,false,,,,,,false,false,false,,,false,false,false,false,false,-83.09142,42.31355,"{
  ""coordinates"": [
    -8.309141229200000e+01,
    4.231354396500010e+01
  ],
  ""type"": ""Point""
}","{
  ""coordinates"": [
    -83.091412292,
    42.313543965
  ],
  ""type"": ""Point""
}",-83.091412292,42.3135439650001
22059,9153744,I 75,SAVANNAH,2015-01-09,9,1,2015,9,6,8,9,,4,0,,4,1,1,70,4,2,3,5,0,0,0,0,true,,false,false,false,false,false,,,,,,false,false,false,,,false,false,false,false,false,-83.09301,42.42533,"{
  ""coordinates"": [
    -8.309301190600000e+01,
    4.242532725800000e+01
  ],
  ""type"": ""Point""
}","{
  ""coordinates"": [
    -83.093011906,
    42.425327258
  ],
  ""type"": ""Point""
}",-83.093011906,42.425327258
22060,9187526,MICHIGAN,CHOPIN,2015-01-09,9,1,2015,16,6,5,2,,1,0,,2,5,1,35,4,2,2,5,0,0,0,0,true,,false,false,true,false,false,,,,,,false,false,false,,,false,false,false,false,false,-83.13337,42.33109,"{
  ""coordinates"": [
    -8.313337194600000e+01,
    4.233109446700010e+01
  ],
  ""type"": ""Point""
}","{
  ""coordinates"": [
    -83.133371946,
    42.331094467
  ],
  ""type"": ""Point""
}",-83.133371946,42.3310944670001
22061,9158172,EVERGREEN,PURITAN,2015-01-09,9,1,2015,8,6,4,9,,4,0,,4,5,1,30,4,2,2,4,0,0,0,1,false,,true,false,true,false,false,,,,,,false,false,false,,,false,false,false,false,false,-83.23773,42.40789,"{
  ""coordinates"": [
    -8.323773442500000e+01,
    4.240789407500010e+01
  ],
  ""type"": ""Point""
}","{
  ""coordinates"": [
    -83.237734425,
    42.407894075
  ],
  ""type"": ""Point""
}",-83.237734425,42.4078940750001
22062,9233071,CRUSADE,BRINGARD,2015-01-09,9,1,2015,10,6,4,9,,,0,,3,1,1,25,2,2,2,5,0,0,0,0,true,,true,false,false,false,false,,,,,,false,false,false,,,false,false,false,false,false,-82.96101,42.44637,"{
  ""coordinates"": [
    -8.296101170199999e+01,
    4.244636786800000e+01
  ],
  ""type"": ""Point""
}","{
  ""coordinates"": [
    -82.961011702,
    42.446367868
  ],
  ""type"": ""Point""
}",-82.961011702,42.446367868
22063,9153797,I-75,WARREN,2015-01-09,9,1,2015,10,6,97,1,,1,0,,3,1,1,55,4,2,2,4,0,0,0,1,false,,false,false,false,false,false,,,,,,false,true,false,,,false,false,false,false,false,-83.05361,42.35944,"{
  ""coordinates"": [
    -8.305361529299999e+01,
    4.235943712700000e+01
  ],
  ""type"": ""Point""
}","{
  ""coordinates"": [
    -83.053615293,
    42.359437127
  ],
  ""type"": ""Point""
}",-83.053615293,42.359437127
22064,9152488,GRAYTON,LAING,2015-01-09,9,1,2015,15,6,4,9,,,0,,4,2,1,25,2,2,3,5,0,0,0,0,true,,false,false,true,false,false,,,,,,false,false,false,,,false,false,false,false,false,-82.95634,42.42305,"{
  ""coordinates"": [
    -8.295633540700000e+01,
    4.242304906300010e+01
  ],
  ""type"": ""Point""
}","{
  ""coordinates"": [
    -82.956335407,
    42.423049063
  ],
  ""type"": ""Point""
}",-82.956335407,42.4230490630001
22065,9160222,RAMP 216I,MILWAUKEE,2015-01-09,9,1,2015,19,6,5,1,,1,0,,4,5,5,35,2,2,1,5,0,0,0,0,true,,false,false,false,false,false,,,,,,false,true,false,,,false,false,false,false,false,-83.05991,42.37328,"{
  ""coordinates"": [
    -8.305991057900000e+01,
    4.237327437800010e+01
  ],
  ""type"": ""Point""
}","{
  ""coordinates"": [
    -83.059910579,
    42.373274378
  ],
  ""type"": ""Point""
}",-83.059910579,42.3732743780001
22066,9183747,MARTIN LUTHER KING JR,24TH,2015-01-09,9,1,2015,18,6,9,9,,4,2,,3,2,5,25,3,2,4,5,0,0,0,0,true,,false,false,false,false,false,,,,,,false,false,false,,,false,false,false,false,false,-83.09422,42.33494,"{
  ""coordinates"": [
    -8.309421182599991e+01,
    4.233493708600000e+01
  ],
  ""type"": ""Point""
}","{
  ""coordinates"": [
    -83.094211826,
    42.334937086
  ],
  ""type"": ""Point""
}",-83.0942118259999,42.334937086