ObjectId,Crash ID,Primary Road,Intersecting Road,Crash Date,Day,Month,Year,Hour,Weekday,Crash Type Code,Highway Classification Code,Community Code,Jurisdiction Code,Lane Departure Type Code,Surface Type,Road Condition,Weather Condition,Lighting Condition,Speed Limit,Lanes,Units,Occupants,Most Severe Injury,Fatal Injuries,Suspected Serious Injuries,Suspected Minor Injuries,Possible Injuries,Property Damage Only,Secondary Crash,Traffic Control,Red Light Run,Hit and Run,Alcohol,Drugs,Unbelted Person,Work Zone,Speeding Driver,Distracted Driver,Driveway,Pedestrian,Elderly Driver,Young Driver,Commercial Vehicle,Emergency Vehicles,Train,School Bus,Motorcycle,Bicycle,Deer,Longitude,Latitude,geom,geog,x,y
22124,9160114,I-75,NEVADA,2015-01-08,8,1,2015,18,5,5,1,,1,0,,4,5,5,70,4,3,3,5,0,0,0,0,true,,false,false,false,false,false,,,,,,false,false,false,,,false,false,false,false,false,-83.09282,42.42443,"{
  ""coordinates"": [
    -8.309281645199999e+01,
    4.242443180800010e+01
  ],
  ""type"": ""Point""
}","{
  ""coordinates"": [
    -83.092816452,
    42.424431808
  ],
  ""type"": ""Point""
}",-83.092816452,42.4244318080001
22125,9160224,OAKFIELD,FARGO,2015-01-08,8,1,2015,16,5,2,9,,,0,,1,1,1,15,2,2,1,5,0,0,0,0,true,,false,false,true,false,false,,,,,,false,false,false,,,false,false,false,false,false,-83.21595,42.43927,"{
  ""coordinates"": [
    -8.321594794000001e+01,
    4.243927511700010e+01
  ],
  ""type"": ""Point""
}","{
  ""coordinates"": [
    -83.21594794,
    42.439275117
  ],
  ""type"": ""Point""
}",-83.21594794,42.4392751170001
22126,9152596,7 MILE,MEYERS,2015-01-08,8,1,2015,15,5,8,9,,2,0,,3,5,1,35,2,2,0,5,0,0,0,0,true,,false,false,true,false,false,,,,,,false,false,false,,,false,false,false,false,false,-83.17077,42.43125,"{
  ""coordinates"": [
    -8.317076720300000e+01,
    4.243124667700000e+01
  ],
  ""type"": ""Point""
}","{
  ""coordinates"": [
    -83.170767203,
    42.431246677
  ],
  ""type"": ""Point""
}",-83.170767203,42.431246677
22127,9191678,E I 96 SERVICE DRIVE,WYOMING,2015-01-08,8,1,2015,6,5,5,9,,4,0,,1,1,2,35,4,2,2,4,0,0,0,1,false,,false,false,false,false,false,,,,,,false,false,false,,,false,false,false,false,false,-83.15887,42.38475,"{
  ""coordinates"": [
    -8.315887360600000e+01,
    4.238475546900000e+01
  ],
  ""type"": ""Point""
}","{
  ""coordinates"": [
    -83.158873606,
    42.384755469
  ],
  ""type"": ""Point""
}",-83.158873606,42.384755469
22128,9183746,MCGRAW,HOMEDALE,2015-01-08,8,1,2015,14,5,8,9,,4,0,,4,1,1,25,4,2,3,5,0,0,0,0,true,,false,false,false,false,false,,,,,,false,false,false,,,false,false,false,false,false,-83.1518,42.33105,"{
  ""coordinates"": [
    -8.315180279499999e+01,
    4.233104990700010e+01
  ],
  ""type"": ""Point""
}","{
  ""coordinates"": [
    -83.151802795,
    42.331049907
  ],
  ""type"": ""Point""
}",-83.151802795,42.3310499070001
22129,9214983,EIGHT MILE,DEQUINDRE,2015-01-08,8,1,2015,2,5,8,3,,1,0,,1,1,4,45,8,2,2,4,0,0,0,1,false,,false,false,false,false,false,,,,,,false,false,false,,,false,false,false,false,false,-83.08376,42.44701,"{
  ""coordinates"": [
    -8.308375202300000e+01,
    4.244701447400010e+01
  ],
  ""type"": ""Point""
}","{
  ""coordinates"": [
    -83.083752023,
    42.447014474
  ],
  ""type"": ""Point""
}",-83.083752023,42.4470144740001
22130,9152440,7 MILE,LAHSER,2015-01-08,8,1,2015,15,5,4,9,,2,0,,3,5,1,40,4,2,1,4,0,0,0,1,false,,false,false,true,false,false,,,,,,false,false,true,,,false,false,false,false,false,-83.25825,42.42912,"{
  ""coordinates"": [
    -8.325824500899991e+01,
    4.242911827800000e+01
  ],
  ""type"": ""Point""
}","{
  ""coordinates"": [
    -83.258245009,
    42.429118278
  ],
  ""type"": ""Point""
}",-83.2582450089999,42.429118278
22131,9214970,LODGE SERVICE,LIVERNOIS,2015-01-08,8,1,2015,0,5,6,3,,4,0,,97,98,1,0,2,2,1,5,0,0,0,0,true,,false,false,false,false,false,,,,,,false,false,false,,,false,false,false,false,false,-83.14043,42.40527,"{
  ""coordinates"": [
    -8.314043699400000e+01,
    4.240527149900000e+01
  ],
  ""type"": ""Point""
}","{
  ""coordinates"": [
    -83.140436994,
    42.405271499
  ],
  ""type"": ""Point""
}",-83.140436994,42.405271499
22132,9157384,LIVERNOIS,LYNDON,2015-01-08,8,1,2015,8,5,5,9,,4,0,,1,1,1,35,4,2,2,5,0,0,0,0,true,,false,false,true,false,false,,,,,,false,true,false,,,false,false,false,false,false,-83.14001,42.39534,"{
  ""coordinates"": [
    -8.314001413599991e+01,
    4.239534208800010e+01
  ],
  ""type"": ""Point""
}","{
  ""coordinates"": [
    -83.140014136,
    42.395342088
  ],
  ""type"": ""Point""
}",-83.1400141359999,42.3953420880001
22133,9158216,SORRENTO,CHIPPEWA,2015-01-08,8,1,2015,17,5,1,9,,,1,,4,5,3,25,2,1,1,2,0,1,0,0,false,,false,false,false,false,false,,,,,,false,false,false,,,false,false,false,false,false,-83.17434,42.44065,"{
  ""coordinates"": [
    -8.317433638700000e+01,
    4.244064644300000e+01
  ],
  ""type"": ""Point""
}","{
  ""coordinates"": [
    -83.174336387,
    42.440646443
  ],
  ""type"": ""Point""
}",-83.174336387,42.440646443
22134,9160116,I-375,JEFFERSON,2015-01-08,8,1,2015,21,5,1,1,,1,1,,4,5,4,55,2,1,1,5,0,0,0,0,true,,false,false,false,false,false,,,,,,false,false,false,,,false,false,false,false,false,-83.03588,42.33259,"{
  ""coordinates"": [
    -8.303588117800000e+01,
    4.233259004600010e+01
  ],
  ""type"": ""Point""
}","{
  ""coordinates"": [
    -83.035881178,
    42.332590046
  ],
  ""type"": ""Point""
}",-83.035881178,42.3325900460001
22135,9160122,N/B M-39,SCHOOLCRAFT,2015-01-08,8,1,2015,19,5,2,3,,1,2,,4,5,4,55,3,2,2,4,0,0,0,1,false,,false,false,false,false,false,,,,,,false,false,false,,,false,false,false,false,false,-83.21754,42.38668,"{
  ""coordinates"": [
    -8.321754062699991e+01,
    4.238668124500000e+01
  ],
  ""type"": ""Point""
}","{
  ""coordinates"": [
    -83.217540627,
    42.386681245
  ],
  ""type"": ""Point""
}",-83.2175406269999,42.386681245
22136,9160077,I-75,JUNCTION,2015-01-08,8,1,2015,22,5,1,1,,1,1,,6,5,5,55,5,1,1,5,0,0,0,0,true,,false,false,false,false,false,,,,,,false,false,false,,,false,false,false,false,false,-83.09544,42.312,"{
  ""coordinates"": [
    -8.309543586200000e+01,
    4.231199880600010e+01
  ],
  ""type"": ""Point""
}","{
  ""coordinates"": [
    -83.095435862,
    42.311998806
  ],
  ""type"": ""Point""
}",-83.095435862,42.3119988060001
22137,9202940,HARPER,CADIEUX,2015-01-08,8,1,2015,10,5,5,9,,4,0,,1,2,1,30,5,2,3,4,0,0,0,1,false,,false,false,true,false,false,,,,,,false,false,true,,,false,false,false,false,false,-82.93666,42.41642,"{
  ""coordinates"": [
    -8.293666233700000e+01,
    4.241642090500010e+01
  ],
  ""type"": ""Point""
}","{
  ""coordinates"": [
    -82.936662337,
    42.416420905
  ],
  ""type"": ""Point""
}",-82.936662337,42.4164209050001
22138,9156113,GRAND RIVER,GREENFIELD,2015-01-08,8,1,2015,19,5,5,3,,1,0,,4,5,4,35,5,2,2,4,0,0,0,2,false,,false,false,false,false,false,,,,,,false,false,false,,,false,false,false,false,false,-83.19844,42.39269,"{
  ""coordinates"": [
    -8.319844258599990e+01,
    4.239268937100010e+01
  ],
  ""type"": ""Point""
}","{
  ""coordinates"": [
    -83.198442586,
    42.392689371
  ],
  ""type"": ""Point""
}",-83.1984425859999,42.3926893710001
22139,9187525,ANNABELLE,MIAMI,2015-01-08,8,1,2015,13,5,4,9,,,0,,4,5,1,15,2,2,1,5,0,0,0,0,true,,false,false,true,false,false,,,,,,false,false,false,,,false,false,false,false,false,-83.15275,42.27241,"{
  ""coordinates"": [
    -8.315274499200000e+01,
    4.227240601100000e+01
  ],
  ""type"": ""Point""
}","{
  ""coordinates"": [
    -83.152744992,
    42.272406011
  ],
  ""type"": ""Point""
}",-83.152744992,42.272406011
22140,9379639,8 MILE,RUSSELL,2015-01-08,8,1,2015,10,5,97,0,,1,0,,4,2,1,30,2,2,2,5,0,0,0,0,true,,false,false,false,false,false,,,,,,false,false,false,,,false,false,false,false,false,-83.09301,42.44683,"{
  ""coordinates"": [
    -8.309300662200000e+01,
    4.244683247600010e+01
  ],
  ""type"": ""Point""
}","{
  ""coordinates"": [
    -83.093006622,
    42.446832476
  ],
  ""type"": ""Point""
}",-83.093006622,42.4468324760001
22141,9158160,OUTER,SOUTHFIELD SERVICE DRIVE,2015-01-08,8,1,2015,21,5,6,9,,2,0,,4,5,5,30,3,2,5,4,0,0,0,2,false,,false,false,false,false,false,,,,,,false,false,true,,,false,false,false,false,false,-83.2205,42.41924,"{
  ""coordinates"": [
    -8.322049573899990e+01,
    4.241923518800010e+01
  ],
  ""type"": ""Point""
}","{
  ""coordinates"": [
    -83.220495739,
    42.419235188
  ],
  ""type"": ""Point""
}",-83.2204957389999,42.4192351880001
22142,9187553,FORT,MCKINSTRY,2015-01-08,8,1,2015,9,5,4,3,,1,0,,1,1,1,30,8,2,3,5,0,0,0,0,true,,false,false,false,false,false,,,,,,false,false,true,,,false,false,false,false,false,-83.09141,42.31177,"{
  ""coordinates"": [
    -8.309140480900000e+01,
    4.231176778600010e+01
  ],
  ""type"": ""Point""
}","{
  ""coordinates"": [
    -83.091404809,
    42.311767786
  ],
  ""type"": ""Point""
}",-83.091404809,42.3117677860001
22143,9152178,I-94,M-10,2015-01-08,8,1,2015,15,5,8,1,,1,0,,1,2,1,55,3,2,3,5,0,0,0,0,true,,false,false,false,false,false,,,,,,false,true,false,,,false,false,false,false,false,-83.07822,42.35823,"{
  ""coordinates"": [
    -8.307821805299990e+01,
    4.235823203800000e+01
  ],
  ""type"": ""Point""
}","{
  ""coordinates"": [
    -83.078218053,
    42.358232038
  ],
  ""type"": ""Point""
}",-83.0782180529999,42.358232038
22144,9150216,SCHAEFER,PURITAN,2015-01-08,8,1,2015,15,5,8,9,,4,0,,1,2,1,30,5,2,2,5,0,0,0,0,true,,false,false,true,false,false,,,,,,false,false,false,,,false,false,false,false,false,-83.17947,42.40948,"{
  ""coordinates"": [
    -8.317946338000000e+01,
    4.240947537300010e+01
  ],
  ""type"": ""Point""
}","{
  ""coordinates"": [
    -83.17946338,
    42.409475373
  ],
  ""type"": ""Point""
}",-83.17946338,42.4094753730001
22145,9152460,FOREST,GRATIOT,2015-01-08,8,1,2015,18,5,8,3,,4,0,,4,5,5,30,6,3,4,5,0,0,0,0,true,,false,false,false,false,false,,,,,,false,true,false,,,false,false,false,false,false,-83.02011,42.37062,"{
  ""coordinates"": [
    -8.302010734700001e+01,
    4.237062451100010e+01
  ],
  ""type"": ""Point""
}","{
  ""coordinates"": [
    -83.020107347,
    42.370624511
  ],
  ""type"": ""Point""
}",-83.020107347,42.3706245110001
22146,9172893,FRANKFORT,CADIEUX,2015-01-07,7,1,2015,7,4,4,9,,,0,,4,5,1,25,2,2,1,5,0,0,0,0,true,,false,false,true,false,false,,,,,,false,false,false,,,false,false,false,false,false,-82.93092,42.40776,"{
  ""coordinates"": [
    -8.293091520000000e+01,
    4.240776063000000e+01
  ],
  ""type"": ""Point""
}","{
  ""coordinates"": [
    -82.9309152,
    42.40776063
  ],
  ""type"": ""Point""
}",-82.9309152,42.40776063
22147,9150035,M 39,PLYMOUTH,2015-01-07,7,1,2015,15,4,5,3,,1,0,,1,1,1,55,3,2,2,5,0,0,0,0,true,,false,false,false,false,false,,,,,,false,false,false,,,false,false,false,false,false,-83.21655,42.37143,"{
  ""coordinates"": [
    -8.321654260699999e+01,
    4.237142718200000e+01
  ],
  ""type"": ""Point""
}","{
  ""coordinates"": [
    -83.216542607,
    42.371427182
  ],
  ""type"": ""Point""
}",-83.216542607,42.371427182
22148,9152514,NEVADA,MOUND,2015-01-07,7,1,2015,8,4,2,9,,4,0,,3,5,1,30,2,2,2,5,0,0,0,0,true,,false,false,false,false,false,,,,,,false,false,false,,,false,false,false,false,false,-83.04279,42.4263,"{
  ""coordinates"": [
    -8.304279093000000e+01,
    4.242630551700010e+01
  ],
  ""type"": ""Point""
}","{
  ""coordinates"": [
    -83.04279093,
    42.426305517
  ],
  ""type"": ""Point""
}",-83.04279093,42.4263055170001
22149,9148644,I-75,DAVISON,2015-01-07,7,1,2015,10,4,1,1,,1,1,,3,1,1,70,4,1,1,5,0,0,0,0,true,,false,false,false,false,false,,,,,,false,true,false,,,false,false,false,false,false,-83.07594,42.40625,"{
  ""coordinates"": [
    -8.307593846799990e+01,
    4.240624948400010e+01
  ],
  ""type"": ""Point""
}","{
  ""coordinates"": [
    -83.075938468,
    42.406249484
  ],
  ""type"": ""Point""
}",-83.0759384679999,42.4062494840001
22150,9150205,OUTER,LUMPKIN,2015-01-07,7,1,2015,13,4,4,9,,2,0,,1,1,1,35,2,2,2,4,0,0,0,1,false,,false,false,false,false,false,,,,,,false,false,false,,,false,false,false,false,false,-83.08066,42.44024,"{
  ""coordinates"": [
    -8.308065790500000e+01,
    4.244023785500010e+01
  ],
  ""type"": ""Point""
}","{
  ""coordinates"": [
    -83.080657905,
    42.440237855
  ],
  ""type"": ""Point""
}",-83.080657905,42.4402378550001
22151,9162024,MCNICHOLS,COYLE,2015-01-07,7,1,2015,8,4,6,9,,2,0,,1,1,1,30,2,2,3,5,0,0,0,0,true,,false,false,false,false,false,,,,,,false,false,true,,,false,false,false,false,false,-83.19407,42.41623,"{
  ""coordinates"": [
    -8.319406696100000e+01,
    4.241623150900010e+01
  ],
  ""type"": ""Point""
}","{
  ""coordinates"": [
    -83.194066961,
    42.416231509
  ],
  ""type"": ""Point""
}",-83.194066961,42.4162315090001
22152,9160143,I-94,MARTIN,2015-01-07,7,1,2015,22,4,5,1,,1,0,,1,1,4,55,3,2,2,3,0,0,1,0,false,,false,false,false,false,false,,,,,,false,false,false,,,false,false,false,false,false,-83.1314,42.3349,"{
  ""coordinates"": [
    -8.313140066800000e+01,
    4.233490212500000e+01
  ],
  ""type"": ""Point""
}","{
  ""coordinates"": [
    -83.131400668,
    42.334902125
  ],
  ""type"": ""Point""
}",-83.131400668,42.334902125
22153,9152175,E I 96,RAMP 213E,2015-01-07,7,1,2015,8,4,5,1,,1,0,,3,2,1,70,4,2,2,4,0,0,0,2,false,,false,false,false,false,false,,,,,,false,false,true,,,false,false,false,false,false,-83.10063,42.35136,"{
  ""coordinates"": [
    -8.310062990300000e+01,
    4.235136552000010e+01
  ],
  ""type"": ""Point""
}","{
  ""coordinates"": [
    -83.100629903,
    42.35136552
  ],
  ""type"": ""Point""
}",-83.100629903,42.3513655200001
22154,9148868,MACOMB,BRUSH,2015-01-07,7,1,2015,14,4,5,9,,4,0,,1,1,1,25,2,2,2,5,0,0,0,0,true,,false,false,false,false,false,,,,,,false,false,false,,,false,false,false,false,false,-83.04431,42.33505,"{
  ""coordinates"": [
    -8.304431459800000e+01,
    4.233505021400000e+01
  ],
  ""type"": ""Point""
}","{
  ""coordinates"": [
    -83.044314598,
    42.335050214
  ],
  ""type"": ""Point""
}",-83.044314598,42.335050214
22155,9152449,S I 375 SERVICE DRIVE,LARNED,2015-01-07,7,1,2015,11,4,4,9,,4,0,,1,1,1,30,4,2,3,5,0,0,0,0,true,,false,false,false,false,false,,,,,,false,false,false,,,false,false,false,false,false,-83.03674,42.33314,"{
  ""coordinates"": [
    -8.303674147800000e+01,
    4.233313979300000e+01
  ],
  ""type"": ""Point""
}","{
  ""coordinates"": [
    -83.036741478,
    42.333139793
  ],
  ""type"": ""Point""
}",-83.036741478,42.333139793
22156,9227614,SANTA CLARA,KENTFIELD,2015-01-07,7,1,2015,11,4,97,9,,,0,,3,1,1,25,1,2,2,5,0,0,0,0,true,,false,false,false,false,false,,,,,,false,false,false,,,false,false,false,false,false,-83.24141,42.41916,"{
  ""coordinates"": [
    -8.324140914799990e+01,
    4.241916163700010e+01
  ],
  ""type"": ""Point""
}","{
  ""coordinates"": [
    -83.241409148,
    42.419161637
  ],
  ""type"": ""Point""
}",-83.2414091479999,42.4191616370001
22157,9211936,WARREN,ARTESIAN,2015-01-07,7,1,2015,16,4,8,9,,2,3,,3,1,1,45,4,2,2,5,0,0,0,0,true,,false,false,true,false,false,,,,,,false,false,false,,,false,false,false,false,false,-83.22568,42.34328,"{
  ""coordinates"": [
    -8.322567664499999e+01,
    4.234327551300000e+01
  ],
  ""type"": ""Point""
}","{
  ""coordinates"": [
    -83.225676645,
    42.343275513
  ],
  ""type"": ""Point""
}",-83.225676645,42.343275513
22158,9148648,S I 75,RAMP 045D,2015-01-07,7,1,2015,11,4,8,1,,1,0,,1,1,1,70,5,2,2,5,0,0,0,0,true,,false,false,false,false,false,,,,,,false,false,false,,,false,false,false,false,false,-83.06109,42.37567,"{
  ""coordinates"": [
    -8.306108772100001e+01,
    4.237566987500000e+01
  ],
  ""type"": ""Point""
}","{
  ""coordinates"": [
    -83.061087721,
    42.375669875
  ],
  ""type"": ""Point""
}",-83.061087721,42.375669875
22159,9157380,DEXTER,DORIS,2015-01-07,7,1,2015,13,4,5,9,,4,0,,3,1,1,35,2,2,3,5,0,0,0,0,true,,false,false,false,false,false,,,,,,false,false,false,,,false,false,false,false,false,-83.1344,42.39538,"{
  ""coordinates"": [
    -8.313439900299990e+01,
    4.239538237100000e+01
  ],
  ""type"": ""Point""
}","{
  ""coordinates"": [
    -83.134399003,
    42.395382371
  ],
  ""type"": ""Point""
}",-83.1343990029999,42.395382371
22160,9171941,S I 75,RAMP 029E,2015-01-07,7,1,2015,17,4,5,1,,1,0,,2,7,4,70,4,2,2,5,0,0,0,0,true,,false,false,false,false,false,,,,,,false,false,true,,,false,false,false,false,false,-83.15811,42.27669,"{
  ""coordinates"": [
    -8.315811021400000e+01,
    4.227668819200010e+01
  ],
  ""type"": ""Point""
}","{
  ""coordinates"": [
    -83.158110214,
    42.276688192
  ],
  ""type"": ""Point""
}",-83.158110214,42.2766881920001
22161,9155997,RAMP 216H,FERRY,2015-01-07,7,1,2015,8,4,5,1,,1,0,,4,2,1,55,1,2,2,5,0,0,0,0,true,,false,false,false,false,false,,,,,,false,false,false,,,false,false,false,false,false,-83.05774,42.36531,"{
  ""coordinates"": [
    -8.305774257000000e+01,
    4.236531070600010e+01
  ],
  ""type"": ""Point""
}","{
  ""coordinates"": [
    -83.05774257,
    42.365310706
  ],
  ""type"": ""Point""
}",-83.05774257,42.3653107060001
22162,9158199,LINWOOD,CLAIRMOUNT,2015-01-07,7,1,2015,9,4,4,9,,4,0,,4,1,2,30,4,2,1,5,0,0,0,0,true,,false,false,true,false,false,,,,,,false,false,false,,,false,false,false,false,false,-83.1085,42.37303,"{
  ""coordinates"": [
    -8.310849874300000e+01,
    4.237302985200010e+01
  ],
  ""type"": ""Point""
}","{
  ""coordinates"": [
    -83.108498743,
    42.373029852
  ],
  ""type"": ""Point""
}",-83.108498743,42.3730298520001
22163,9150235,CHRYSLER,RAMP 045B,2015-01-07,7,1,2015,13,4,8,1,,4,0,,1,1,1,55,2,2,1,4,0,0,0,1,false,,false,false,true,false,false,,,,,,false,false,false,,,false,false,false,false,false,-83.06243,42.37889,"{
  ""coordinates"": [
    -8.306243435600000e+01,
    4.237888562400010e+01
  ],
  ""type"": ""Point""
}","{
  ""coordinates"": [
    -83.062434356,
    42.378885624
  ],
  ""type"": ""Point""
}",-83.062434356,42.3788856240001
22164,9148865,S I 75 SERVICE DRIVE,MACK,2015-01-07,7,1,2015,7,4,8,1,,4,0,,2,1,1,25,3,2,2,5,0,0,0,0,true,,false,false,false,false,false,,,,,,false,false,false,,,false,false,false,false,false,-83.04858,42.3511,"{
  ""coordinates"": [
    -8.304858071500000e+01,
    4.235110621500010e+01
  ],
  ""type"": ""Point""
}","{
  ""coordinates"": [
    -83.048580715,
    42.351106215
  ],
  ""type"": ""Point""
}",-83.048580715,42.3511062150001
22165,9172945,CONNER,CHRISTY,2015-01-07,7,1,2015,9,4,8,9,,4,0,,6,1,1,35,5,2,4,5,0,0,0,0,true,,false,false,false,false,false,,,,,,false,false,true,,,false,false,false,false,false,-83.00663,42.41206,"{
  ""coordinates"": [
    -8.300663261900000e+01,
    4.241206428100000e+01
  ],
  ""type"": ""Point""
}","{
  ""coordinates"": [
    -83.006632619,
    42.412064281
  ],
  ""type"": ""Point""
}",-83.006632619,42.412064281
22166,9172933,8 MILE,GROESBECK,2015-01-07,7,1,2015,12,4,4,3,,1,0,,1,1,1,40,6,2,2,4,0,0,0,1,false,,true,true,false,false,false,,,,,,false,false,true,,,false,false,false,false,false,-83.00263,42.4489,"{
  ""coordinates"": [
    -8.300263037199990e+01,
    4.244890029100000e+01
  ],
  ""type"": ""Point""
}","{
  ""coordinates"": [
    -83.002630372,
    42.448900291
  ],
  ""type"": ""Point""
}",-83.0026303719999,42.448900291
22167,9233070,GRATIOT,GUNSTON,2015-01-07,7,1,2015,8,4,8,3,,1,0,,3,98,2,35,7,2,2,5,0,0,0,0,true,,false,false,false,false,false,,,,,,false,false,false,,,false,false,false,false,false,-82.99509,42.40856,"{
  ""coordinates"": [
    -8.299509798400000e+01,
    4.240856153700000e+01
  ],
  ""type"": ""Point""
}","{
  ""coordinates"": [
    -82.995097984,
    42.408561537
  ],
  ""type"": ""Point""
}",-82.995097984,42.408561537
22168,9152450,LARNED,SAINT AUBIN,2015-01-07,7,1,2015,14,4,5,9,,4,0,,1,1,1,30,3,2,1,5,0,0,0,0,true,,false,false,false,false,false,,,,,,false,false,false,,,false,false,false,false,false,-83.02724,42.33718,"{
  ""coordinates"": [
    -8.302723917400000e+01,
    4.233718411600010e+01
  ],
  ""type"": ""Point""
}","{
  ""coordinates"": [
    -83.027239174,
    42.337184116
  ],
  ""type"": ""Point""
}",-83.027239174,42.3371841160001
22169,9148886,HARPER,3 MILE,2015-01-07,7,1,2015,16,4,8,9,,4,0,,4,1,1,25,4,3,1,4,0,0,0,1,false,,false,false,true,false,false,,,,,,false,false,false,,,false,false,false,false,false,-82.94524,42.41029,"{
  ""coordinates"": [
    -8.294523869100000e+01,
    4.241029496600000e+01
  ],
  ""type"": ""Point""
}","{
  ""coordinates"": [
    -82.945238691,
    42.410294966
  ],
  ""type"": ""Point""
}",-82.945238691,42.410294966
22170,9186404,LAFAYETTE,SIXTH,2015-01-07,7,1,2015,7,4,4,9,,4,0,,4,1,2,30,4,2,2,5,0,0,0,0,true,,false,false,false,false,false,,,,,,false,false,false,,,false,false,false,false,false,-83.05859,42.32706,"{
  ""coordinates"": [
    -8.305859617199999e+01,
    4.232706202600010e+01
  ],
  ""type"": ""Point""
}","{
  ""coordinates"": [
    -83.058596172,
    42.327062026
  ],
  ""type"": ""Point""
}",-83.058596172,42.3270620260001
22171,9152575,SORRENTO,PICKFORD,2015-01-07,7,1,2015,17,4,4,9,,,0,,3,98,1,25,2,2,2,5,0,0,0,0,true,,false,false,false,false,false,,,,,,false,false,false,,,false,false,false,false,false,-83.17397,42.42582,"{
  ""coordinates"": [
    -8.317397140999999e+01,
    4.242581958400010e+01
  ],
  ""type"": ""Point""
}","{
  ""coordinates"": [
    -83.17397141,
    42.425819584
  ],
  ""type"": ""Point""
}",-83.17397141,42.4258195840001
22172,9183782,N M 10 SERVICE DRIVE,SEWARD,2015-01-07,7,1,2015,13,4,5,9,,4,0,,1,1,1,30,3,2,2,5,0,0,0,0,true,,false,false,false,false,false,,,,,,false,false,false,,,false,false,false,false,false,-83.08442,42.37189,"{
  ""coordinates"": [
    -8.308441660999991e+01,
    4.237188697400010e+01
  ],
  ""type"": ""Point""
}","{
  ""coordinates"": [
    -83.08441661,
    42.371886974
  ],
  ""type"": ""Point""
}",-83.0844166099999,42.3718869740001
22173,9148892,GRATIOT,CONNER,2015-01-07,7,1,2015,15,4,5,3,,1,0,,1,1,1,35,7,4,5,5,0,0,0,0,true,,false,false,true,false,false,,,,,,false,true,false,,,false,false,false,false,false,-82.99743,42.40501,"{
  ""coordinates"": [
    -8.299742612199999e+01,
    4.240501244900000e+01
  ],
  ""type"": ""Point""
}","{
  ""coordinates"": [
    -82.997426122,
    42.405012449
  ],
  ""type"": ""Point""
}",-82.997426122,42.405012449
22174,9217182,N I 75,7 MILE,2015-01-07,7,1,2015,10,4,1,1,,1,1,,3,2,4,60,4,1,1,4,0,0,0,1,false,,false,false,false,false,false,,,,,,false,false,false,,,false,false,false,false,false,-83.09467,42.43277,"{
  ""coordinates"": [
    -8.309467251900000e+01,
    4.243276495200010e+01
  ],
  ""type"": ""Point""
}","{
  ""coordinates"": [
    -83.094672519,
    42.432764952
  ],
  ""type"": ""Point""
}",-83.094672519,42.4327649520001
22175,9152457,ST AUBIN,WARREN,2015-01-07,7,1,2015,7,4,6,9,,4,0,,2,5,1,30,4,2,3,5,0,0,0,0,true,,false,false,false,false,false,,,,,,false,false,false,,,false,false,false,false,false,-83.04434,42.3644,"{
  ""coordinates"": [
    -8.304434116000000e+01,
    4.236440463200010e+01
  ],
  ""type"": ""Point""
}","{
  ""coordinates"": [
    -83.04434116,
    42.364404632
  ],
  ""type"": ""Point""
}",-83.04434116,42.3644046320001
22176,9148616,E I 96 CD,RAMP 008K,2015-01-07,7,1,2015,8,4,5,1,,1,0,,1,1,2,55,3,3,4,5,0,0,0,0,true,,false,false,false,false,false,,,,,,false,true,false,,,false,false,false,false,false,-83.22851,42.37769,"{
  ""coordinates"": [
    -8.322850928600000e+01,
    4.237769034400000e+01
  ],
  ""type"": ""Point""
}","{
  ""coordinates"": [
    -83.228509286,
    42.377690344
  ],
  ""type"": ""Point""
}",-83.228509286,42.377690344
22177,9217187,RAMP 119C,N M 10 SERVICE DRIVE,2015-01-07,7,1,2015,7,4,5,3,,1,0,,3,1,2,0,2,2,1,5,0,0,0,0,true,,false,false,true,false,false,,,,,,false,false,false,,,false,false,false,false,false,-83.07137,42.35111,"{
  ""coordinates"": [
    -8.307137393799999e+01,
    4.235111372600010e+01
  ],
  ""type"": ""Point""
}","{
  ""coordinates"": [
    -83.071373938,
    42.351113726
  ],
  ""type"": ""Point""
}",-83.071373938,42.3511137260001
22178,9217183,JEFFERSON,MARLBOROUGH,2015-01-07,7,1,2015,19,4,5,9,,4,0,,1,1,4,30,4,2,2,5,0,0,0,0,true,,false,false,false,false,false,,,,,,false,false,false,,,false,false,false,false,false,-82.94322,42.37334,"{
  ""coordinates"": [
    -8.294322455199990e+01,
    4.237334211400000e+01
  ],
  ""type"": ""Point""
}","{
  ""coordinates"": [
    -82.943224552,
    42.373342114
  ],
  ""type"": ""Point""
}",-82.9432245519999,42.373342114
22179,9152464,JEFFERSON,RIVARD,2015-01-07,7,1,2015,7,4,1,9,,4,0,,2,1,2,35,7,2,1,4,0,0,0,1,false,,false,false,false,false,false,,,,,,true,false,false,,,false,false,false,false,false,-83.03421,42.33326,"{
  ""coordinates"": [
    -8.303421331999991e+01,
    4.233326313200010e+01
  ],
  ""type"": ""Point""
}","{
  ""coordinates"": [
    -83.03421332,
    42.333263132
  ],
  ""type"": ""Point""
}",-83.0342133199999,42.3332631320001
22180,9158211,7 MILE,EVERGREEN,2015-01-07,7,1,2015,19,4,8,9,,2,0,,4,5,4,30,3,2,1,4,0,0,0,1,false,,false,false,true,false,false,,,,,,false,false,false,,,false,false,false,false,false,-83.23849,42.42958,"{
  ""coordinates"": [
    -8.323848426200000e+01,
    4.242958035700010e+01
  ],
  ""type"": ""Point""
}","{
  ""coordinates"": [
    -83.238484262,
    42.429580357
  ],
  ""type"": ""Point""
}",-83.238484262,42.4295803570001