ObjectId,Crash ID,Primary Road,Intersecting Road,Crash Date,Day,Month,Year,Hour,Weekday,Crash Type Code,Highway Classification Code,Community Code,Jurisdiction Code,Lane Departure Type Code,Surface Type,Road Condition,Weather Condition,Lighting Condition,Speed Limit,Lanes,Units,Occupants,Most Severe Injury,Fatal Injuries,Suspected Serious Injuries,Suspected Minor Injuries,Possible Injuries,Property Damage Only,Secondary Crash,Traffic Control,Red Light Run,Hit and Run,Alcohol,Drugs,Unbelted Person,Work Zone,Speeding Driver,Distracted Driver,Driveway,Pedestrian,Elderly Driver,Young Driver,Commercial Vehicle,Emergency Vehicles,Train,School Bus,Motorcycle,Bicycle,Deer,Longitude,Latitude,geom,geog,x,y
22181,9152500,SUNSET,7 MILE,2015-01-07,7,1,2015,0,4,97,9,,,0,,4,5,4,0,2,2,2,4,0,0,0,2,false,,false,false,false,false,false,,,,,,false,false,false,,,false,false,false,false,false,-83.06094,42.4332,"{
  ""coordinates"": [
    -8.306094221900000e+01,
    4.243320475200010e+01
  ],
  ""type"": ""Point""
}","{
  ""coordinates"": [
    -83.060942219,
    42.433204752
  ],
  ""type"": ""Point""
}",-83.060942219,42.4332047520001
22182,9190065,CONGRESS,RANDOLPH,2015-01-07,7,1,2015,10,4,5,3,,4,0,,1,1,1,20,3,2,2,5,0,0,0,0,true,,false,false,false,false,false,,,,,,false,false,false,,,false,false,false,false,false,-83.04338,42.33124,"{
  ""coordinates"": [
    -8.304338137699990e+01,
    4.233123986200010e+01
  ],
  ""type"": ""Point""
}","{
  ""coordinates"": [
    -83.043381377,
    42.331239862
  ],
  ""type"": ""Point""
}",-83.0433813769999,42.3312398620001
22183,9148646,RAMP 047D,RAMP 047B,2015-01-07,7,1,2015,17,4,5,1,,1,0,,1,1,1,70,1,2,2,5,0,0,0,0,true,,false,false,false,false,false,,,,,,false,true,false,,,false,false,false,false,false,-83.08215,42.40936,"{
  ""coordinates"": [
    -8.308215060100000e+01,
    4.240936023000010e+01
  ],
  ""type"": ""Point""
}","{
  ""coordinates"": [
    -83.082150601,
    42.40936023
  ],
  ""type"": ""Point""
}",-83.082150601,42.4093602300001
22184,9148645,I-75,DAVISON,2015-01-07,7,1,2015,12,4,8,1,,1,0,,3,1,1,70,4,2,3,5,0,0,0,0,true,,false,false,false,false,false,,,,,,false,false,false,,,false,false,false,false,false,-83.07594,42.40625,"{
  ""coordinates"": [
    -8.307593846799990e+01,
    4.240624948400010e+01
  ],
  ""type"": ""Point""
}","{
  ""coordinates"": [
    -83.075938468,
    42.406249484
  ],
  ""type"": ""Point""
}",-83.0759384679999,42.4062494840001
22185,9206129,MELBOURNE,BRUSH,2015-01-07,7,1,2015,15,4,5,9,,,0,,3,1,1,25,8,2,1,5,0,0,0,0,true,,false,false,false,false,false,,,,,,false,false,false,,,false,false,false,false,false,-83.07279,42.37811,"{
  ""coordinates"": [
    -8.307279202300001e+01,
    4.237811100800010e+01
  ],
  ""type"": ""Point""
}","{
  ""coordinates"": [
    -83.072792023,
    42.378111008
  ],
  ""type"": ""Point""
}",-83.072792023,42.3781110080001
22186,9217169,WOODWARD,WARREN,2015-01-07,7,1,2015,16,4,9,3,,1,2,,1,1,1,25,2,2,3,5,0,0,0,0,true,,false,false,true,false,false,,,,,,false,false,false,,,false,false,false,false,false,-83.0643,42.35682,"{
  ""coordinates"": [
    -8.306430066800000e+01,
    4.235682314200010e+01
  ],
  ""type"": ""Point""
}","{
  ""coordinates"": [
    -83.064300668,
    42.356823142
  ],
  ""type"": ""Point""
}",-83.064300668,42.3568231420001
22187,9217165,HOLDEN,4TH,2015-01-07,7,1,2015,15,4,4,9,,,0,,1,1,1,10,1,2,2,5,0,0,0,0,true,,false,false,true,false,false,,,,,,false,false,false,,,false,false,false,false,false,-83.07629,42.36208,"{
  ""coordinates"": [
    -8.307629335999999e+01,
    4.236208076300010e+01
  ],
  ""type"": ""Point""
}","{
  ""coordinates"": [
    -83.07629336,
    42.362080763
  ],
  ""type"": ""Point""
}",-83.07629336,42.3620807630001
22188,9152485,RAMP 051B,TELEGRAPH,2015-01-07,7,1,2015,8,4,5,2,,1,0,,3,1,1,15,3,2,2,5,0,0,0,0,true,,false,false,false,false,false,,,,,,false,true,false,,,false,false,false,false,false,-83.27835,42.44239,"{
  ""coordinates"": [
    -8.327835341900000e+01,
    4.244238785300010e+01
  ],
  ""type"": ""Point""
}","{
  ""coordinates"": [
    -83.278353419,
    42.442387853
  ],
  ""type"": ""Point""
}",-83.278353419,42.4423878530001
22189,9157398,TRUMBULL,FOREST,2015-01-07,7,1,2015,17,4,9,9,,4,2,,1,2,4,30,3,2,2,5,0,0,0,0,true,,false,false,false,true,false,,,,,,false,false,true,,,false,false,false,false,false,-83.07733,42.34967,"{
  ""coordinates"": [
    -8.307732918600000e+01,
    4.234967413700010e+01
  ],
  ""type"": ""Point""
}","{
  ""coordinates"": [
    -83.077329186,
    42.349674137
  ],
  ""type"": ""Point""
}",-83.077329186,42.3496741370001
22190,9148650,W I 94,NOTTINGHAM,2015-01-07,7,1,2015,16,4,2,1,,1,2,,3,1,1,55,3,3,4,5,0,0,0,0,true,,false,false,false,false,false,,,,,,false,false,true,,,false,false,false,false,false,-82.95121,42.40767,"{
  ""coordinates"": [
    -8.295121383599999e+01,
    4.240766931100010e+01
  ],
  ""type"": ""Point""
}","{
  ""coordinates"": [
    -82.951213836,
    42.407669311
  ],
  ""type"": ""Point""
}",-82.951213836,42.4076693110001
22191,9167654,COLUMBUS,WILDEMERE,2015-01-07,7,1,2015,20,4,2,9,,,0,,4,5,5,25,2,2,0,5,0,0,0,0,true,,false,false,true,false,false,,,,,,false,false,false,,,false,false,false,false,false,-83.10822,42.36226,"{
  ""coordinates"": [
    -8.310822200000000e+01,
    4.236226078700000e+01
  ],
  ""type"": ""Point""
}","{
  ""coordinates"": [
    -83.108222,
    42.362260787
  ],
  ""type"": ""Point""
}",-83.108222,42.362260787
22192,9217191,S I 75 SERVICE DRIVE,PERRY,2015-01-07,7,1,2015,16,4,4,9,,4,0,,1,1,1,0,4,2,2,5,0,0,0,0,true,,true,false,false,false,false,,,,,,false,false,false,,,false,false,false,false,false,-83.08231,42.33338,"{
  ""coordinates"": [
    -8.308231395500000e+01,
    4.233337599600000e+01
  ],
  ""type"": ""Point""
}","{
  ""coordinates"": [
    -83.082313955,
    42.333375996
  ],
  ""type"": ""Point""
}",-83.082313955,42.333375996
22193,9170405,SCOTTEN,W I 96,2015-01-07,7,1,2015,12,4,5,9,,4,0,,1,1,1,25,2,2,3,5,0,0,0,0,true,,false,false,false,false,false,,,,,,false,true,true,,,false,false,false,false,false,-83.11219,42.35669,"{
  ""coordinates"": [
    -8.311219391799990e+01,
    4.235668893600010e+01
  ],
  ""type"": ""Point""
}","{
  ""coordinates"": [
    -83.112193918,
    42.356688936
  ],
  ""type"": ""Point""
}",-83.1121939179999,42.3566889360001
22194,9152507,JOHN R,MARGARET,2015-01-07,7,1,2015,10,4,4,9,,4,0,,3,5,1,35,2,2,3,5,0,0,0,0,true,,false,false,false,false,false,,,,,,false,false,false,,,false,false,false,false,false,-83.10211,42.42614,"{
  ""coordinates"": [
    -8.310211474899999e+01,
    4.242613871400000e+01
  ],
  ""type"": ""Point""
}","{
  ""coordinates"": [
    -83.102114749,
    42.426138714
  ],
  ""type"": ""Point""
}",-83.102114749,42.426138714
22195,9150195,N M 39,JOY,2015-01-07,7,1,2015,18,4,5,3,,1,0,,1,1,5,55,3,2,1,5,0,0,0,0,true,,false,false,true,false,false,,,,,,false,false,false,,,false,false,false,false,false,-83.21638,42.35756,"{
  ""coordinates"": [
    -8.321637451100000e+01,
    4.235755749300010e+01
  ],
  ""type"": ""Point""
}","{
  ""coordinates"": [
    -83.216374511,
    42.357557493
  ],
  ""type"": ""Point""
}",-83.216374511,42.3575574930001
22196,9152444,TRINITY,HESSEL,2015-01-07,7,1,2015,3,4,97,9,,,0,,3,1,5,25,1,2,0,5,0,0,0,0,true,,false,false,true,false,false,,,,,,false,false,false,,,false,false,false,false,false,-83.25031,42.44202,"{
  ""coordinates"": [
    -8.325030778800000e+01,
    4.244202347200010e+01
  ],
  ""type"": ""Point""
}","{
  ""coordinates"": [
    -83.250307788,
    42.442023472
  ],
  ""type"": ""Point""
}",-83.250307788,42.4420234720001
22197,9152459,PALMER,HELEN,2015-01-07,7,1,2015,11,4,4,9,,,0,,4,5,1,25,4,2,3,4,0,0,0,1,false,,true,false,false,false,false,,,,,,false,false,false,,,false,false,false,false,false,-83.02399,42.37826,"{
  ""coordinates"": [
    -8.302399753700000e+01,
    4.237826284500010e+01
  ],
  ""type"": ""Point""
}","{
  ""coordinates"": [
    -83.023997537,
    42.378262845
  ],
  ""type"": ""Point""
}",-83.023997537,42.3782628450001
22198,9183781,MACK,WOODWARD,2015-01-07,7,1,2015,12,4,8,3,,4,0,,2,1,1,25,3,2,1,5,0,0,0,0,true,,false,false,true,false,false,,,,,,false,false,false,,,false,false,false,false,false,-83.05814,42.34743,"{
  ""coordinates"": [
    -8.305813601599991e+01,
    4.234742765700000e+01
  ],
  ""type"": ""Point""
}","{
  ""coordinates"": [
    -83.058136016,
    42.347427657
  ],
  ""type"": ""Point""
}",-83.0581360159999,42.347427657
22199,9157397,JOHN R,MACK,2015-01-07,7,1,2015,13,4,1,9,,4,0,,1,1,1,30,2,2,1,4,0,0,0,1,false,,false,false,true,false,false,,,,,,true,false,false,,,false,false,false,false,false,-83.056,42.34845,"{
  ""coordinates"": [
    -8.305599771200001e+01,
    4.234845291900010e+01
  ],
  ""type"": ""Point""
}","{
  ""coordinates"": [
    -83.055997712,
    42.348452919
  ],
  ""type"": ""Point""
}",-83.055997712,42.3484529190001
22200,9150034,M 39,CHICAGO,2015-01-07,7,1,2015,15,4,5,3,,1,0,,1,1,1,55,3,2,2,5,0,0,0,0,true,,false,false,false,false,false,,,,,,false,false,true,,,false,false,false,false,false,-83.21639,42.36663,"{
  ""coordinates"": [
    -8.321639290300000e+01,
    4.236663156200010e+01
  ],
  ""type"": ""Point""
}","{
  ""coordinates"": [
    -83.216392903,
    42.366631562
  ],
  ""type"": ""Point""
}",-83.216392903,42.3666315620001
22201,9148642,W I 94,RAMP 221B,2015-01-07,7,1,2015,1,4,1,1,,1,1,,4,2,4,55,3,1,1,4,0,0,0,1,false,,false,false,false,false,false,,,,,,false,false,false,,,false,false,false,false,false,-82.96661,42.40314,"{
  ""coordinates"": [
    -8.296661309000000e+01,
    4.240314477400010e+01
  ],
  ""type"": ""Point""
}","{
  ""coordinates"": [
    -82.96661309,
    42.403144774
  ],
  ""type"": ""Point""
}",-82.96661309,42.4031447740001
22202,9172932,GRATIOT,WILFRED,2015-01-07,7,1,2015,8,4,9,3,,1,2,,4,5,1,35,7,2,2,5,0,0,0,0,true,,false,false,false,false,false,,,,,,false,false,false,,,false,false,false,false,false,-82.99334,42.41125,"{
  ""coordinates"": [
    -8.299333963299991e+01,
    4.241125535500000e+01
  ],
  ""type"": ""Point""
}","{
  ""coordinates"": [
    -82.993339633,
    42.411255355
  ],
  ""type"": ""Point""
}",-82.9933396329999,42.411255355
22203,9224305,LASALLE,BUENAVISTA,2015-01-07,7,1,2015,16,4,4,9,,,0,,4,1,1,0,2,3,3,5,0,0,0,0,true,,false,false,false,false,false,,,,,,false,true,false,,,false,false,false,false,false,-83.11771,42.392,"{
  ""coordinates"": [
    -8.311771701700000e+01,
    4.239200255400000e+01
  ],
  ""type"": ""Point""
}","{
  ""coordinates"": [
    -83.117717017,
    42.392002554
  ],
  ""type"": ""Point""
}",-83.117717017,42.392002554
22204,9155001,I 96,EVERGREEN,2015-01-07,7,1,2015,5,4,1,1,,1,1,,3,1,4,70,3,1,1,5,0,0,0,0,true,,false,false,false,false,false,,,,,,false,false,false,,,false,false,false,false,false,-83.24562,42.38544,"{
  ""coordinates"": [
    -8.324562302600000e+01,
    4.238543575600000e+01
  ],
  ""type"": ""Point""
}","{
  ""coordinates"": [
    -83.245623026,
    42.385435756
  ],
  ""type"": ""Point""
}",-83.245623026,42.385435756
22205,9174980,WARWICK,KIRKWOOD,2015-01-07,7,1,2015,16,4,4,9,,,0,,1,1,1,25,3,2,2,5,0,0,0,0,true,,false,false,true,false,false,,,,,,false,true,false,,,false,false,false,false,false,-83.22649,42.33195,"{
  ""coordinates"": [
    -8.322649429599990e+01,
    4.233195369500000e+01
  ],
  ""type"": ""Point""
}","{
  ""coordinates"": [
    -83.226494296,
    42.331953695
  ],
  ""type"": ""Point""
}",-83.2264942959999,42.331953695
22206,9183646,RAMP 133C,VIRGIL,2015-01-07,7,1,2015,4,4,5,1,,1,0,,3,5,4,45,2,2,2,4,0,0,0,1,false,,false,false,false,false,false,,,,,,false,true,false,,,false,false,false,false,false,-83.27186,42.38583,"{
  ""coordinates"": [
    -8.327186118600000e+01,
    4.238582502500000e+01
  ],
  ""type"": ""Point""
}","{
  ""coordinates"": [
    -83.271861186,
    42.385825025
  ],
  ""type"": ""Point""
}",-83.271861186,42.385825025
22207,9148869,FORT,GRISWOLD,2015-01-07,7,1,2015,11,4,4,3,,4,0,,6,5,1,30,2,2,2,5,0,0,0,0,true,,true,true,false,false,false,,,,,,false,false,true,,,false,false,false,false,false,-83.04741,42.3307,"{
  ""coordinates"": [
    -8.304740645399990e+01,
    4.233070358500000e+01
  ],
  ""type"": ""Point""
}","{
  ""coordinates"": [
    -83.047406454,
    42.330703585
  ],
  ""type"": ""Point""
}",-83.0474064539999,42.330703585
22208,9150238,LOG CABIN,MCNICHOLS,2015-01-07,7,1,2015,5,4,97,9,,,0,,4,98,5,25,2,2,0,5,0,0,0,0,true,,false,false,true,false,false,,,,,,false,false,false,,,false,false,false,false,false,-83.12191,42.4172,"{
  ""coordinates"": [
    -8.312190860399990e+01,
    4.241720240300000e+01
  ],
  ""type"": ""Point""
}","{
  ""coordinates"": [
    -83.121908604,
    42.417202403
  ],
  ""type"": ""Point""
}",-83.1219086039999,42.417202403
22209,9148639,RAMP 007B,N M 39,2015-01-07,7,1,2015,16,4,5,3,,1,0,,1,2,1,0,1,2,2,5,0,0,0,0,true,,false,false,false,false,false,,,,,,false,false,false,,,false,false,false,false,false,-83.2163,42.3608,"{
  ""coordinates"": [
    -8.321629871999990e+01,
    4.236079922700000e+01
  ],
  ""type"": ""Point""
}","{
  ""coordinates"": [
    -83.21629872,
    42.360799227
  ],
  ""type"": ""Point""
}",-83.2162987199999,42.360799227
22210,9152499,MOUND,7 MILE,2015-01-07,7,1,2015,6,4,8,9,,2,0,,4,98,2,35,2,2,3,5,0,0,0,0,true,,false,false,false,false,false,,,,,,false,false,false,,,false,false,false,false,false,-83.04381,42.43348,"{
  ""coordinates"": [
    -8.304381032399991e+01,
    4.243347688100000e+01
  ],
  ""type"": ""Point""
}","{
  ""coordinates"": [
    -83.043810324,
    42.433476881
  ],
  ""type"": ""Point""
}",-83.0438103239999,42.433476881
22211,9148891,HARPER,GREENSBORO,2015-01-07,7,1,2015,12,4,8,9,,4,0,,1,1,1,35,4,2,3,5,0,0,0,0,true,,false,false,false,false,false,,,,,,false,false,true,,,false,false,false,false,false,-82.95592,42.40719,"{
  ""coordinates"": [
    -8.295592287100000e+01,
    4.240718967900010e+01
  ],
  ""type"": ""Point""
}","{
  ""coordinates"": [
    -82.955922871,
    42.407189679
  ],
  ""type"": ""Point""
}",-82.955922871,42.4071896790001
22212,9172890,SAINT JEAN,SHOEMAKER,2015-01-07,7,1,2015,12,4,3,9,,4,0,,2,1,1,30,5,2,2,5,0,0,0,0,true,,false,false,false,false,false,,,,,,false,false,false,,,false,false,false,false,false,-82.98579,42.39024,"{
  ""coordinates"": [
    -8.298578403300000e+01,
    4.239024202400000e+01
  ],
  ""type"": ""Point""
}","{
  ""coordinates"": [
    -82.985784033,
    42.390242024
  ],
  ""type"": ""Point""
}",-82.985784033,42.390242024
22213,9148647,I-96,GLENDALE,2015-01-07,7,1,2015,7,4,5,1,,1,0,,3,1,2,55,2,2,2,5,0,0,0,0,true,,false,false,false,false,false,,,,,,false,false,false,,,false,false,false,false,false,-83.24018,42.38316,"{
  ""coordinates"": [
    -8.324018073000001e+01,
    4.238315550200010e+01
  ],
  ""type"": ""Point""
}","{
  ""coordinates"": [
    -83.24018073,
    42.383155502
  ],
  ""type"": ""Point""
}",-83.24018073,42.3831555020001
22214,9152458,WARREN,VAN DYKE,2015-01-07,7,1,2015,6,4,8,9,,4,0,,2,5,1,30,4,2,2,5,0,0,0,0,true,,false,false,false,false,false,,,,,,false,false,false,,,false,false,false,false,false,-83.0126,42.37597,"{
  ""coordinates"": [
    -8.301260608900000e+01,
    4.237596694100010e+01
  ],
  ""type"": ""Point""
}","{
  ""coordinates"": [
    -83.012606089,
    42.375966941
  ],
  ""type"": ""Point""
}",-83.012606089,42.3759669410001
22215,9158217,THATCHER,MONICA,2015-01-07,7,1,2015,4,4,5,9,,,0,,3,2,4,25,2,2,1,5,0,0,0,0,true,,false,false,true,false,false,,,,,,false,false,false,,,false,false,false,false,false,-83.14431,42.42255,"{
  ""coordinates"": [
    -8.314430809200000e+01,
    4.242255106500010e+01
  ],
  ""type"": ""Point""
}","{
  ""coordinates"": [
    -83.144308092,
    42.422551065
  ],
  ""type"": ""Point""
}",-83.144308092,42.4225510650001
22216,9148906,CLARITA,HARTWELL,2015-01-07,7,1,2015,15,4,8,9,,,3,,7,1,1,25,2,2,0,5,0,0,0,0,true,,false,false,true,false,false,,,,,,false,false,false,,,false,false,false,false,false,-83.17929,42.42931,"{
  ""coordinates"": [
    -8.317929375100000e+01,
    4.242930764700000e+01
  ],
  ""type"": ""Point""
}","{
  ""coordinates"": [
    -83.179293751,
    42.429307647
  ],
  ""type"": ""Point""
}",-83.179293751,42.429307647
22217,9214972,8 MILE,,2015-01-07,7,1,2015,11,4,7,0,,1,0,,1,1,1,45,3,2,2,4,0,0,0,1,false,,false,false,false,false,false,,,,,,false,true,false,,,false,false,false,false,false,-83.20649,42.44461,"{
  ""coordinates"": [
    -8.320648657899990e+01,
    4.244461099100000e+01
  ],
  ""type"": ""Point""
}","{
  ""coordinates"": [
    -83.206486579,
    42.444610991
  ],
  ""type"": ""Point""
}",-83.2064865789999,42.444610991
22218,9152452,GRATIOT,MT ELLIOTT,2015-01-07,7,1,2015,16,4,1,3,,1,1,,1,1,1,35,7,1,1,4,0,0,0,1,false,,false,false,false,false,false,,,,,,false,true,false,,,false,false,false,false,false,-83.02379,42.36508,"{
  ""coordinates"": [
    -8.302379069800000e+01,
    4.236508131000010e+01
  ],
  ""type"": ""Point""
}","{
  ""coordinates"": [
    -83.023790698,
    42.36508131
  ],
  ""type"": ""Point""
}",-83.023790698,42.3650813100001
22219,9148629,RAMP 047E,RAMP 047F,2015-01-07,7,1,2015,10,4,1,1,,1,1,,3,1,1,70,1,1,1,5,0,0,0,0,true,,false,false,false,false,false,,,,,,false,false,true,,,false,false,false,false,false,-83.07885,42.40761,"{
  ""coordinates"": [
    -8.307884706300000e+01,
    4.240761286600010e+01
  ],
  ""type"": ""Point""
}","{
  ""coordinates"": [
    -83.078847063,
    42.407612866
  ],
  ""type"": ""Point""
}",-83.078847063,42.4076128660001
22220,9152496,HOLMUR,FULLERTON,2015-01-07,7,1,2015,23,4,2,9,,,2,,4,2,4,25,2,2,4,5,0,0,0,0,true,,false,false,false,false,false,,,,,,false,false,false,,,false,false,false,false,false,-83.13039,42.38413,"{
  ""coordinates"": [
    -8.313038347199991e+01,
    4.238413034700010e+01
  ],
  ""type"": ""Point""
}","{
  ""coordinates"": [
    -83.130383472,
    42.384130347
  ],
  ""type"": ""Point""
}",-83.1303834719999,42.3841303470001
22221,9155145,OUTER,ARDMORE,2015-01-07,7,1,2015,15,4,5,9,,2,0,,1,1,1,35,4,2,2,5,0,0,0,0,true,,false,false,false,false,false,,,,,,false,false,true,,,false,false,false,false,false,-83.18484,42.42001,"{
  ""coordinates"": [
    -8.318483768399990e+01,
    4.242001192300010e+01
  ],
  ""type"": ""Point""
}","{
  ""coordinates"": [
    -83.184837684,
    42.420011923
  ],
  ""type"": ""Point""
}",-83.1848376839999,42.4200119230001
22222,9148623,S M 39,FULLERTON,2015-01-07,7,1,2015,9,4,5,3,,1,0,,2,2,1,55,3,3,3,4,0,0,0,1,false,,false,false,false,false,false,,,,,,false,false,false,,,false,false,false,false,false,-83.21727,42.38023,"{
  ""coordinates"": [
    -8.321727332099989e+01,
    4.238023094100000e+01
  ],
  ""type"": ""Point""
}","{
  ""coordinates"": [
    -83.217273321,
    42.380230941
  ],
  ""type"": ""Point""
}",-83.2172733209999,42.380230941
22223,9148882,MARCUS,CARRIE,2015-01-07,7,1,2015,12,4,4,9,,,0,,3,1,1,25,4,3,3,5,0,0,0,0,true,,false,false,true,false,false,,,,,,false,false,false,,,false,false,false,false,false,-83.02917,42.39601,"{
  ""coordinates"": [
    -8.302917150199990e+01,
    4.239601226800000e+01
  ],
  ""type"": ""Point""
}","{
  ""coordinates"": [
    -83.029171502,
    42.396012268
  ],
  ""type"": ""Point""
}",-83.0291715019999,42.396012268
22224,9156098,GRAND RIVER,RUTHERFORD,2015-01-07,7,1,2015,15,4,6,3,,1,0,,1,1,1,35,5,2,5,5,0,0,0,0,true,,false,false,false,false,false,,,,,,false,true,false,,,false,false,false,false,false,-83.20383,42.39487,"{
  ""coordinates"": [
    -8.320383557299991e+01,
    4.239486589200000e+01
  ],
  ""type"": ""Point""
}","{
  ""coordinates"": [
    -83.203835573,
    42.394865892
  ],
  ""type"": ""Point""
}",-83.2038355729999,42.394865892
22225,9150203,7MILE,HOOVER,2015-01-07,7,1,2015,21,4,97,3,,4,0,,1,1,4,30,2,2,2,5,0,0,0,0,true,,false,false,true,false,false,,,,,,false,false,false,,,false,false,false,false,false,-83.00468,42.43443,"{
  ""coordinates"": [
    -8.300468335200000e+01,
    4.243442493300010e+01
  ],
  ""type"": ""Point""
}","{
  ""coordinates"": [
    -83.004683352,
    42.434424933
  ],
  ""type"": ""Point""
}",-83.004683352,42.4344249330001
22226,9148628,N M 39,7 MILE,2015-01-07,7,1,2015,7,4,1,3,,1,1,,3,1,2,55,3,1,3,5,0,0,0,0,true,,false,false,false,false,false,,,,,,false,false,true,,,false,false,false,false,false,-83.21924,42.43029,"{
  ""coordinates"": [
    -8.321923494600000e+01,
    4.243029314000010e+01
  ],
  ""type"": ""Point""
}","{
  ""coordinates"": [
    -83.219234946,
    42.43029314
  ],
  ""type"": ""Point""
}",-83.219234946,42.4302931400001
22227,9214985,8 MILE,BUFFALO,2015-01-07,7,1,2015,18,4,4,3,,1,0,,1,1,4,40,5,2,2,5,0,0,0,0,true,,false,false,false,false,false,,,,,,false,false,true,,,false,false,false,false,false,-83.0487,42.44764,"{
  ""coordinates"": [
    -8.304869934000000e+01,
    4.244763879600000e+01
  ],
  ""type"": ""Point""
}","{
  ""coordinates"": [
    -83.04869934,
    42.447638796
  ],
  ""type"": ""Point""
}",-83.04869934,42.447638796
22228,9152517,NEVADA,FLEMING,2015-01-06,6,1,2015,10,3,5,9,,4,0,,3,1,1,30,4,2,2,5,0,0,0,0,true,,false,false,false,false,false,,,,,,false,false,false,,,false,false,false,false,false,-83.0795,42.4257,"{
  ""coordinates"": [
    -8.307950172400000e+01,
    4.242570608000010e+01
  ],
  ""type"": ""Point""
}","{
  ""coordinates"": [
    -83.079501724,
    42.42570608
  ],
  ""type"": ""Point""
}",-83.079501724,42.4257060800001
22229,9153791,I-96,SCHOOLCRAFT,2015-01-06,6,1,2015,12,3,1,1,,1,1,,4,1,1,70,3,1,1,5,0,0,0,0,true,,false,false,false,false,false,,,,,,false,false,true,,,false,false,false,false,false,-83.24464,42.38551,"{
  ""coordinates"": [
    -8.324463406500000e+01,
    4.238551084200000e+01
  ],
  ""type"": ""Point""
}","{
  ""coordinates"": [
    -83.244634065,
    42.385510842
  ],
  ""type"": ""Point""
}",-83.244634065,42.385510842
22230,9147265,N I 75,RAMP 216B,2015-01-06,6,1,2015,4,3,1,1,,1,1,,3,5,4,55,3,1,1,5,0,0,0,0,true,,false,false,false,false,false,,,,,,false,false,false,,,false,false,false,false,false,-83.05727,42.36713,"{
  ""coordinates"": [
    -8.305726572000000e+01,
    4.236713411800010e+01
  ],
  ""type"": ""Point""
}","{
  ""coordinates"": [
    -83.05726572,
    42.367134118
  ],
  ""type"": ""Point""
}",-83.05726572,42.3671341180001
22231,9147481,30TH,W I 94 SERVICE DRIVE,2015-01-06,6,1,2015,11,3,5,1,,4,0,,3,1,1,25,1,2,2,5,0,0,0,0,true,,false,false,false,false,false,,,,,,false,false,false,,,false,false,false,false,false,-83.11558,42.34367,"{
  ""coordinates"": [
    -8.311557858000000e+01,
    4.234366952000000e+01
  ],
  ""type"": ""Point""
}","{
  ""coordinates"": [
    -83.11557858,
    42.34366952
  ],
  ""type"": ""Point""
}",-83.11557858,42.34366952
22232,9148626,M-10,7 MILE,2015-01-06,6,1,2015,10,3,5,3,,1,0,,4,5,1,55,3,2,2,5,0,0,0,0,true,,false,false,false,false,false,,,,,,false,false,false,,,false,false,false,false,false,-83.18571,42.4297,"{
  ""coordinates"": [
    -8.318571406000000e+01,
    4.242969744100000e+01
  ],
  ""type"": ""Point""
}","{
  ""coordinates"": [
    -83.18571406,
    42.429697441
  ],
  ""type"": ""Point""
}",-83.18571406,42.429697441
22233,9148877,MACK,GARLAND,2015-01-06,6,1,2015,12,3,5,9,,4,0,,2,1,1,35,2,2,2,5,0,0,0,0,true,,false,false,false,false,false,,,,,,false,true,false,,,false,false,false,false,false,-82.9877,42.37498,"{
  ""coordinates"": [
    -8.298770203799999e+01,
    4.237498436000000e+01
  ],
  ""type"": ""Point""
}","{
  ""coordinates"": [
    -82.987702038,
    42.37498436
  ],
  ""type"": ""Point""
}",-82.987702038,42.37498436
22234,9219884,PLYMOUTH,ASHTON,2015-01-06,6,1,2015,6,3,8,9,,4,0,,4,5,4,35,6,2,4,5,0,0,0,0,true,,false,false,false,false,false,,,,,,false,false,false,,,false,false,false,false,false,-83.21813,42.37223,"{
  ""coordinates"": [
    -8.321813089999991e+01,
    4.237222935600000e+01
  ],
  ""type"": ""Point""
}","{
  ""coordinates"": [
    -83.2181309,
    42.372229356
  ],
  ""type"": ""Point""
}",-83.2181308999999,42.372229356
22235,9152504,RIOPELLE,ROBINWOOD,2015-01-06,6,1,2015,8,3,97,9,,,1,,4,5,1,25,1,1,1,5,0,0,0,0,true,,false,false,true,false,false,,,,,,false,false,false,,,false,false,false,false,false,-83.08643,42.43032,"{
  ""coordinates"": [
    -8.308643260500000e+01,
    4.243032405000010e+01
  ],
  ""type"": ""Point""
}","{
  ""coordinates"": [
    -83.086432605,
    42.43032405
  ],
  ""type"": ""Point""
}",-83.086432605,42.4303240500001
22236,9152508,ELDRIDGE,CARPENTER,2015-01-06,6,1,2015,15,3,1,9,,,0,,3,1,1,20,2,1,0,5,0,0,0,0,true,,false,false,true,false,false,,,,,,false,false,false,,,false,false,false,false,false,-83.04897,42.40834,"{
  ""coordinates"": [
    -8.304896714499991e+01,
    4.240833752700010e+01
  ],
  ""type"": ""Point""
}","{
  ""coordinates"": [
    -83.048967145,
    42.408337527
  ],
  ""type"": ""Point""
}",-83.0489671449999,42.4083375270001
22237,9152506,N I 75,8 MILE SERVICE DRIVE,2015-01-06,6,1,2015,23,3,1,1,,1,1,,3,5,5,70,4,1,2,5,0,0,0,0,true,,false,false,false,false,false,,,,,,false,false,false,,,false,false,false,false,false,-83.09467,42.44652,"{
  ""coordinates"": [
    -8.309466940700000e+01,
    4.244652037500000e+01
  ],
  ""type"": ""Point""
}","{
  ""coordinates"": [
    -83.094669407,
    42.446520375
  ],
  ""type"": ""Point""
}",-83.094669407,42.446520375