ObjectId,Crash ID,Primary Road,Intersecting Road,Crash Date,Day,Month,Year,Hour,Weekday,Crash Type Code,Highway Classification Code,Community Code,Jurisdiction Code,Lane Departure Type Code,Surface Type,Road Condition,Weather Condition,Lighting Condition,Speed Limit,Lanes,Units,Occupants,Most Severe Injury,Fatal Injuries,Suspected Serious Injuries,Suspected Minor Injuries,Possible Injuries,Property Damage Only,Secondary Crash,Traffic Control,Red Light Run,Hit and Run,Alcohol,Drugs,Unbelted Person,Work Zone,Speeding Driver,Distracted Driver,Driveway,Pedestrian,Elderly Driver,Young Driver,Commercial Vehicle,Emergency Vehicles,Train,School Bus,Motorcycle,Bicycle,Deer,Longitude,Latitude,geom,geog,x,y
22238,9147267,I-75,M-10,2015-01-06,6,1,2015,7,3,5,1,,1,0,,1,2,1,55,4,2,2,5,0,0,0,0,true,,false,false,false,false,false,,,,,,false,false,false,,,false,false,false,false,false,-83.09519,42.44012,"{
  ""coordinates"": [
    -8.309519500200000e+01,
    4.244012001700000e+01
  ],
  ""type"": ""Point""
}","{
  ""coordinates"": [
    -83.095195002,
    42.440120017
  ],
  ""type"": ""Point""
}",-83.095195002,42.440120017
22239,9183742,TRUMBULL,MICHIGAN,2015-01-06,6,1,2015,10,3,5,2,,4,0,,4,5,1,30,2,2,2,5,0,0,0,0,true,,false,false,false,false,false,,,,,,false,false,false,,,false,false,false,false,false,-83.06698,42.3315,"{
  ""coordinates"": [
    -8.306698145400000e+01,
    4.233149667400010e+01
  ],
  ""type"": ""Point""
}","{
  ""coordinates"": [
    -83.066981454,
    42.331496674
  ],
  ""type"": ""Point""
}",-83.066981454,42.3314966740001
22240,9153760,W I 96 CD,BURT,2015-01-06,6,1,2015,8,3,8,1,,1,0,,4,5,1,55,3,2,2,5,0,0,0,0,true,,false,false,false,false,false,,,,,,false,false,false,,,false,false,false,false,false,-83.24668,42.38578,"{
  ""coordinates"": [
    -8.324668455599991e+01,
    4.238577699500010e+01
  ],
  ""type"": ""Point""
}","{
  ""coordinates"": [
    -83.246684556,
    42.385776995
  ],
  ""type"": ""Point""
}",-83.2466845559999,42.3857769950001
22241,9147250,W/B I-96,GREENFIELD,2015-01-06,6,1,2015,5,3,8,1,,1,0,,4,2,4,70,3,2,1,5,0,0,0,0,true,,false,false,true,false,false,,,,,,false,false,false,,,false,false,false,false,false,-83.19914,42.37923,"{
  ""coordinates"": [
    -8.319914253899999e+01,
    4.237922916000010e+01
  ],
  ""type"": ""Point""
}","{
  ""coordinates"": [
    -83.199142539,
    42.37922916
  ],
  ""type"": ""Point""
}",-83.199142539,42.3792291600001
22242,9148904,CLEMENTS,DEXTER,2015-01-06,6,1,2015,22,3,1,9,,,1,,4,1,4,25,1,1,1,5,0,0,0,0,true,,false,false,true,false,false,,,,,,false,false,false,,,false,false,false,false,false,-83.13041,42.39095,"{
  ""coordinates"": [
    -8.313040867399999e+01,
    4.239094867600010e+01
  ],
  ""type"": ""Point""
}","{
  ""coordinates"": [
    -83.130408674,
    42.390948676
  ],
  ""type"": ""Point""
}",-83.130408674,42.3909486760001
22243,9147242,I-75,7 MILE,2015-01-06,6,1,2015,18,3,5,1,,1,0,,2,2,4,70,4,2,2,5,0,0,0,0,true,,false,false,false,false,false,,,,,,false,false,true,,,false,false,false,false,false,-83.09347,42.42533,"{
  ""coordinates"": [
    -8.309346479100000e+01,
    4.242532602400010e+01
  ],
  ""type"": ""Point""
}","{
  ""coordinates"": [
    -83.093464791,
    42.425326024
  ],
  ""type"": ""Point""
}",-83.093464791,42.4253260240001
22244,9183743,WASHINGTON,GRAND RIVER,2015-01-06,6,1,2015,12,3,97,9,,4,0,,4,5,1,25,4,2,4,4,0,0,0,1,false,,false,false,false,false,false,,,,,,false,false,false,,,false,false,false,false,false,-83.05119,42.33354,"{
  ""coordinates"": [
    -8.305118311800000e+01,
    4.233353715200010e+01
  ],
  ""type"": ""Point""
}","{
  ""coordinates"": [
    -83.051183118,
    42.333537152
  ],
  ""type"": ""Point""
}",-83.051183118,42.3335371520001
22245,9148618,I-75,DAVISON,2015-01-06,6,1,2015,6,3,1,1,,1,1,,4,5,4,70,4,1,1,5,0,0,0,0,true,,false,false,false,false,false,,,,,,false,false,false,,,false,false,false,false,false,-83.08216,42.41171,"{
  ""coordinates"": [
    -8.308215884600000e+01,
    4.241171159200010e+01
  ],
  ""type"": ""Point""
}","{
  ""coordinates"": [
    -83.082158846,
    42.411711592
  ],
  ""type"": ""Point""
}",-83.082158846,42.4117115920001
22246,9199187,CONNER,KERCHEVAL,2015-01-06,6,1,2015,12,3,5,9,,4,0,,1,1,1,35,5,2,2,5,0,0,0,0,true,,false,false,true,false,false,,,,,,false,true,false,,,false,false,false,false,false,-82.96133,42.37373,"{
  ""coordinates"": [
    -8.296133482499989e+01,
    4.237373488900000e+01
  ],
  ""type"": ""Point""
}","{
  ""coordinates"": [
    -82.961334825,
    42.373734889
  ],
  ""type"": ""Point""
}",-82.9613348249999,42.373734889
22247,9150218,FENKELL,ARDMORE,2015-01-06,6,1,2015,19,3,5,9,,2,0,,2,2,2,30,2,2,1,5,0,0,0,0,true,,false,false,true,false,false,,,,,,false,false,false,,,false,false,false,false,false,-83.18459,42.40194,"{
  ""coordinates"": [
    -8.318459548300000e+01,
    4.240193395100000e+01
  ],
  ""type"": ""Point""
}","{
  ""coordinates"": [
    -83.184595483,
    42.401933951
  ],
  ""type"": ""Point""
}",-83.184595483,42.401933951
22248,9147266,S M 10,HUGHES/KEELER,2015-01-06,6,1,2015,10,3,8,3,,1,0,,2,1,1,55,3,2,3,5,0,0,0,0,true,,false,false,false,false,false,,,,,,false,false,false,,,false,false,false,false,false,-83.14265,42.40478,"{
  ""coordinates"": [
    -8.314265553199991e+01,
    4.240477796100000e+01
  ],
  ""type"": ""Point""
}","{
  ""coordinates"": [
    -83.142655532,
    42.404777961
  ],
  ""type"": ""Point""
}",-83.1426555319999,42.404777961
22249,9148876,WARREN,LAKEPOINTE,2015-01-06,6,1,2015,2,3,4,9,,4,0,,4,5,4,30,5,3,3,3,0,0,3,0,false,,false,false,true,false,false,,,,,,false,false,true,,,false,false,false,false,false,-82.95139,42.39816,"{
  ""coordinates"": [
    -8.295138313000000e+01,
    4.239816321700000e+01
  ],
  ""type"": ""Point""
}","{
  ""coordinates"": [
    -82.95138313,
    42.398163217
  ],
  ""type"": ""Point""
}",-82.95138313,42.398163217
22250,9147239,N I 75,RAMP 047C,2015-01-06,6,1,2015,10,3,1,1,,1,1,,3,1,1,70,4,1,1,5,0,0,0,0,true,,false,false,false,false,false,,,,,,false,false,false,,,false,false,false,false,false,-83.08225,42.41224,"{
  ""coordinates"": [
    -8.308225006399989e+01,
    4.241224335500000e+01
  ],
  ""type"": ""Point""
}","{
  ""coordinates"": [
    -83.082250064,
    42.412243355
  ],
  ""type"": ""Point""
}",-83.0822500639999,42.412243355
22251,9150193,GROVE,JAMES COUZINS,2015-01-06,6,1,2015,15,3,97,9,,,0,,3,2,1,25,2,2,1,5,0,0,0,0,true,,false,false,true,false,false,,,,,,false,false,true,,,false,false,false,false,false,-83.17133,42.41422,"{
  ""coordinates"": [
    -8.317133451099990e+01,
    4.241422307700000e+01
  ],
  ""type"": ""Point""
}","{
  ""coordinates"": [
    -83.171334511,
    42.414223077
  ],
  ""type"": ""Point""
}",-83.1713345109999,42.414223077
22252,9152456,HARPER,MOUNT ELLIOTT,2015-01-06,6,1,2015,14,3,97,1,,4,0,,1,1,1,20,3,2,2,5,0,0,0,0,true,,false,false,false,false,false,,,,,,false,false,false,,,false,false,false,false,false,-83.03423,42.37964,"{
  ""coordinates"": [
    -8.303422369000000e+01,
    4.237963805000000e+01
  ],
  ""type"": ""Point""
}","{
  ""coordinates"": [
    -83.03422369,
    42.37963805
  ],
  ""type"": ""Point""
}",-83.03422369,42.37963805
22253,9217186,I 75,MEADE,2015-01-06,6,1,2015,10,3,5,1,,1,0,,3,7,1,55,8,2,2,4,0,0,0,1,false,,false,false,false,false,false,,,,,,false,false,false,,,false,true,false,false,false,-83.07922,42.40829,"{
  ""coordinates"": [
    -8.307922069900000e+01,
    4.240828997900010e+01
  ],
  ""type"": ""Point""
}","{
  ""coordinates"": [
    -83.079220699,
    42.408289979
  ],
  ""type"": ""Point""
}",-83.079220699,42.4082899790001
22254,9150186,JOY,TRINITY,2015-01-06,6,1,2015,15,3,97,9,,2,0,,2,2,1,35,6,3,3,5,0,0,0,0,true,,true,true,false,false,false,,,,,,false,false,true,,,false,false,false,false,false,-83.24696,42.35736,"{
  ""coordinates"": [
    -8.324695924799990e+01,
    4.235736143300010e+01
  ],
  ""type"": ""Point""
}","{
  ""coordinates"": [
    -83.246959248,
    42.357361433
  ],
  ""type"": ""Point""
}",-83.2469592479999,42.3573614330001
22255,9158194,LINSDALE,BEECHWOOD,2015-01-06,6,1,2015,15,3,97,9,,,0,,1,1,1,25,2,1,0,5,0,0,0,0,true,,false,false,true,false,false,,,,,,false,false,false,,,false,false,false,false,false,-83.12502,42.36106,"{
  ""coordinates"": [
    -8.312501832299991e+01,
    4.236106152700010e+01
  ],
  ""type"": ""Point""
}","{
  ""coordinates"": [
    -83.125018323,
    42.361061527
  ],
  ""type"": ""Point""
}",-83.1250183229999,42.3610615270001
22256,9153739,N M 39,CHICAGO,2015-01-06,6,1,2015,7,3,5,3,,1,0,,6,1,2,55,3,2,2,5,0,0,0,0,true,,false,false,false,false,false,,,,,,false,false,false,,,false,false,false,false,false,-83.21637,42.3651,"{
  ""coordinates"": [
    -8.321637231999991e+01,
    4.236509811600010e+01
  ],
  ""type"": ""Point""
}","{
  ""coordinates"": [
    -83.21637232,
    42.365098116
  ],
  ""type"": ""Point""
}",-83.2163723199999,42.3650981160001
22257,9152425,CADIEUX,WARREN,2015-01-06,6,1,2015,13,3,5,9,,4,0,,2,2,1,30,9,5,5,5,0,0,0,0,true,,false,false,false,false,false,,,,,,false,false,false,,,false,false,false,false,false,-82.92989,42.40618,"{
  ""coordinates"": [
    -8.292988916199990e+01,
    4.240617755800000e+01
  ],
  ""type"": ""Point""
}","{
  ""coordinates"": [
    -82.929889162,
    42.406177558
  ],
  ""type"": ""Point""
}",-82.9298891619999,42.406177558
22258,9203072,8 MILE,HAYES,2015-01-06,6,1,2015,17,3,5,3,,1,0,,3,2,1,45,4,3,3,5,0,0,0,0,true,,true,true,false,false,false,,,,,,false,false,true,,,false,false,false,false,false,-82.96603,42.44989,"{
  ""coordinates"": [
    -8.296602482100000e+01,
    4.244988614700000e+01
  ],
  ""type"": ""Point""
}","{
  ""coordinates"": [
    -82.966024821,
    42.449886147
  ],
  ""type"": ""Point""
}",-82.966024821,42.449886147
22259,9147333,N M 39,JOY,2015-01-06,6,1,2015,9,3,5,3,,1,0,,3,1,1,55,3,2,2,5,0,0,0,0,true,,false,false,false,false,false,,,,,,false,false,false,,,false,false,false,false,false,-83.21636,42.35731,"{
  ""coordinates"": [
    -8.321636342900000e+01,
    4.235731114200010e+01
  ],
  ""type"": ""Point""
}","{
  ""coordinates"": [
    -83.216363429,
    42.357311142
  ],
  ""type"": ""Point""
}",-83.216363429,42.3573111420001
22260,9152161,N/B M-39,OUTER,2015-01-06,6,1,2015,18,3,5,3,,1,0,,2,2,4,55,3,5,3,5,0,0,0,0,true,,false,false,true,false,false,,,,,,false,false,false,,,false,false,false,false,false,-83.2188,42.4188,"{
  ""coordinates"": [
    -8.321879982000000e+01,
    4.241879835600000e+01
  ],
  ""type"": ""Point""
}","{
  ""coordinates"": [
    -83.21879982,
    42.418798356
  ],
  ""type"": ""Point""
}",-83.21879982,42.418798356
22261,9150209,NORFOLK,STRATHMOOR,2015-01-06,6,1,2015,15,3,4,9,,,0,,3,1,1,25,1,2,2,5,0,0,0,0,true,,false,false,false,false,false,,,,,,false,false,false,,,false,false,false,false,false,-83.18949,42.44268,"{
  ""coordinates"": [
    -8.318949403100000e+01,
    4.244268200500010e+01
  ],
  ""type"": ""Point""
}","{
  ""coordinates"": [
    -83.189494031,
    42.442682005
  ],
  ""type"": ""Point""
}",-83.189494031,42.4426820050001
22262,9158195,GRANDRIVER,UNDERWOOD,2015-01-06,6,1,2015,8,3,9,3,,1,0,,4,7,1,35,2,2,3,4,0,0,0,2,false,,false,false,false,false,false,,,,,,false,false,false,,,false,false,false,false,false,-83.13264,42.36618,"{
  ""coordinates"": [
    -8.313263358700000e+01,
    4.236617767400000e+01
  ],
  ""type"": ""Point""
}","{
  ""coordinates"": [
    -83.132633587,
    42.366177674
  ],
  ""type"": ""Point""
}",-83.132633587,42.366177674
22263,9148619,M-10,8 MILE,2015-01-06,6,1,2015,8,3,8,3,,1,0,,4,5,1,55,3,2,2,5,0,0,0,0,true,,false,false,true,false,false,,,,,,false,false,false,,,false,false,false,false,false,-83.20278,42.44429,"{
  ""coordinates"": [
    -8.320278431900000e+01,
    4.244429482900010e+01
  ],
  ""type"": ""Point""
}","{
  ""coordinates"": [
    -83.202784319,
    42.444294829
  ],
  ""type"": ""Point""
}",-83.202784319,42.4442948290001
22264,9153709,I-75,MACK,2015-01-06,6,1,2015,16,3,5,1,,1,0,,1,2,1,70,4,4,4,4,0,0,0,1,false,,false,false,false,false,false,,,,,,false,true,true,,,false,false,false,false,false,-83.04835,42.35148,"{
  ""coordinates"": [
    -8.304834556700000e+01,
    4.235148130800010e+01
  ],
  ""type"": ""Point""
}","{
  ""coordinates"": [
    -83.048345567,
    42.351481308
  ],
  ""type"": ""Point""
}",-83.048345567,42.3514813080001
22265,9157360,CADIEUX,MARNE,2015-01-06,6,1,2015,17,3,97,9,,4,0,,4,1,3,30,4,2,2,5,0,0,0,0,true,,false,false,false,false,false,,,,,,false,false,false,,,false,false,false,false,false,-82.93923,42.42038,"{
  ""coordinates"": [
    -8.293922870400000e+01,
    4.242038003600000e+01
  ],
  ""type"": ""Point""
}","{
  ""coordinates"": [
    -82.939228704,
    42.420380036
  ],
  ""type"": ""Point""
}",-82.939228704,42.420380036
22266,9148880,ALGONQUIN,JEFFERSON,2015-01-06,6,1,2015,13,3,1,9,,,1,,4,2,1,25,2,1,0,5,0,0,0,0,true,,false,false,true,false,false,,,,,,false,false,false,,,false,false,false,false,false,-82.95747,42.37172,"{
  ""coordinates"": [
    -8.295746625300001e+01,
    4.237172466300010e+01
  ],
  ""type"": ""Point""
}","{
  ""coordinates"": [
    -82.957466253,
    42.371724663
  ],
  ""type"": ""Point""
}",-82.957466253,42.3717246630001
22267,9195593,CONGRESS,WOODWARD,2015-01-06,6,1,2015,16,3,8,9,,4,0,,6,2,4,25,4,2,3,5,0,0,0,0,true,,false,false,false,false,false,,,,,,false,false,false,,,false,false,false,false,false,-83.0456,42.33029,"{
  ""coordinates"": [
    -8.304559923399999e+01,
    4.233028987900010e+01
  ],
  ""type"": ""Point""
}","{
  ""coordinates"": [
    -83.045599234,
    42.330289879
  ],
  ""type"": ""Point""
}",-83.045599234,42.3302898790001
22268,9148615,I-75,DAVISON,2015-01-06,6,1,2015,11,3,1,1,,1,1,,3,1,1,55,4,1,1,5,0,0,0,0,true,,false,false,false,false,false,,,,,,false,false,false,,,false,false,false,false,false,-83.08004,42.40922,"{
  ""coordinates"": [
    -8.308004308300001e+01,
    4.240922212700010e+01
  ],
  ""type"": ""Point""
}","{
  ""coordinates"": [
    -83.080043083,
    42.409222127
  ],
  ""type"": ""Point""
}",-83.080043083,42.4092221270001
22269,9150194,SOUTHFIELD SERVICE DRIVE,WADSWORTH,2015-01-06,6,1,2015,17,3,5,9,,4,0,,3,2,2,55,6,2,2,5,0,0,0,0,true,,false,false,true,false,false,,,,,,false,false,false,,,false,false,false,false,false,-83.21717,42.37361,"{
  ""coordinates"": [
    -8.321716768800000e+01,
    4.237360594600010e+01
  ],
  ""type"": ""Point""
}","{
  ""coordinates"": [
    -83.217167688,
    42.373605946
  ],
  ""type"": ""Point""
}",-83.217167688,42.3736059460001
22270,9148601,M10,7 MILE,2015-01-06,6,1,2015,8,3,1,3,,1,1,,3,1,1,55,3,1,1,5,0,0,0,0,true,,false,false,false,false,false,,,,,,false,false,false,,,false,false,false,false,false,-83.19007,42.43372,"{
  ""coordinates"": [
    -8.319007353400001e+01,
    4.243372443200010e+01
  ],
  ""type"": ""Point""
}","{
  ""coordinates"": [
    -83.190073534,
    42.433724432
  ],
  ""type"": ""Point""
}",-83.190073534,42.4337244320001
22271,9187561,LANSING,PORTER,2015-01-06,6,1,2015,22,3,97,9,,,3,,4,5,4,25,1,2,0,5,0,0,0,0,true,,false,false,true,false,false,,,,,,false,false,false,,,false,false,false,false,false,-83.09649,42.31669,"{
  ""coordinates"": [
    -8.309648846300000e+01,
    4.231668794400010e+01
  ],
  ""type"": ""Point""
}","{
  ""coordinates"": [
    -83.096488463,
    42.316687944
  ],
  ""type"": ""Point""
}",-83.096488463,42.3166879440001
22272,9152162,W/B I 94,ROSA PARKS,2015-01-06,6,1,2015,23,3,1,1,,1,1,,4,5,4,55,3,1,1,5,0,0,0,0,true,,false,false,true,false,false,,,,,,false,false,false,,,false,false,false,false,false,-83.08485,42.35473,"{
  ""coordinates"": [
    -8.308484611800000e+01,
    4.235472844400000e+01
  ],
  ""type"": ""Point""
}","{
  ""coordinates"": [
    -83.084846118,
    42.354728444
  ],
  ""type"": ""Point""
}",-83.084846118,42.354728444
22273,9152486,SHAWASSEE,VERDUN,2015-01-06,6,1,2015,14,3,1,9,,,1,,3,1,1,30,3,1,1,4,0,0,0,1,false,,false,false,false,false,false,,,,,,false,false,false,,,false,false,false,false,false,-83.27289,42.43335,"{
  ""coordinates"": [
    -8.327288466999990e+01,
    4.243334837400000e+01
  ],
  ""type"": ""Point""
}","{
  ""coordinates"": [
    -83.27288467,
    42.433348374
  ],
  ""type"": ""Point""
}",-83.2728846699999,42.433348374
22274,9187573,SPRINGWELLS,SENATOR,2015-01-06,6,1,2015,11,3,5,9,,4,0,,3,1,1,25,4,2,3,5,0,0,0,0,true,,false,false,false,false,false,,,,,,false,true,true,,,false,false,false,false,false,-83.12629,42.31015,"{
  ""coordinates"": [
    -8.312628878100000e+01,
    4.231015023300010e+01
  ],
  ""type"": ""Point""
}","{
  ""coordinates"": [
    -83.126288781,
    42.310150233
  ],
  ""type"": ""Point""
}",-83.126288781,42.3101502330001
22275,9148864,JEFFERSON,N I 375 SERVICE DRIVE,2015-01-06,6,1,2015,9,3,9,9,,4,0,,2,7,1,30,4,2,3,4,0,0,0,1,false,,false,false,false,false,false,,,,,,false,true,false,,,false,false,false,false,false,-83.03537,42.3328,"{
  ""coordinates"": [
    -8.303536984100000e+01,
    4.233280015400000e+01
  ],
  ""type"": ""Point""
}","{
  ""coordinates"": [
    -83.035369841,
    42.332800154
  ],
  ""type"": ""Point""
}",-83.035369841,42.332800154
22276,9202881,FENKELL,COYLE,2015-01-06,6,1,2015,14,3,1,9,,2,1,,3,2,1,30,2,1,1,5,0,0,0,0,true,,false,false,true,false,false,,,,,,false,false,false,,,false,false,false,false,false,-83.19354,42.40167,"{
  ""coordinates"": [
    -8.319354490700000e+01,
    4.240167177200000e+01
  ],
  ""type"": ""Point""
}","{
  ""coordinates"": [
    -83.193544907,
    42.401671772
  ],
  ""type"": ""Point""
}",-83.193544907,42.401671772
22277,9202883,SCHAEFER,PLYMOUTH,2015-01-06,6,1,2015,4,3,97,9,,4,0,,4,5,4,35,2,2,2,4,0,0,0,1,false,,false,false,false,false,false,,,,,,false,false,true,,,false,false,false,false,false,-83.17799,42.37317,"{
  ""coordinates"": [
    -8.317798920900000e+01,
    4.237316701200010e+01
  ],
  ""type"": ""Point""
}","{
  ""coordinates"": [
    -83.177989209,
    42.373167012
  ],
  ""type"": ""Point""
}",-83.177989209,42.3731670120001
22278,9147480,I-75,DAVISON,2015-01-06,6,1,2015,10,3,1,1,,1,1,,3,1,1,55,4,1,2,5,0,0,0,0,true,,false,false,false,false,false,,,,,,false,true,false,,,false,false,false,false,false,-83.08031,42.40996,"{
  ""coordinates"": [
    -8.308031504800000e+01,
    4.240995773900000e+01
  ],
  ""type"": ""Point""
}","{
  ""coordinates"": [
    -83.080315048,
    42.409957739
  ],
  ""type"": ""Point""
}",-83.080315048,42.409957739
22279,9148890,PROMENADE,MANISTIQUE,2015-01-06,6,1,2015,19,3,3,9,,,0,,3,1,4,25,1,2,5,4,0,0,0,1,false,,false,false,false,false,false,,,,,,false,true,true,,,false,false,false,false,false,-82.96225,42.4126,"{
  ""coordinates"": [
    -8.296224886100001e+01,
    4.241259671300000e+01
  ],
  ""type"": ""Point""
}","{
  ""coordinates"": [
    -82.962248861,
    42.412596713
  ],
  ""type"": ""Point""
}",-82.962248861,42.412596713
22280,9168995,M39,HUBBARD,2015-01-06,6,1,2015,13,3,8,3,,1,0,,3,2,1,55,3,4,4,5,0,0,0,0,true,,false,false,false,false,false,,,,,,false,true,true,,,false,false,false,false,false,-83.21538,42.32998,"{
  ""coordinates"": [
    -8.321537797500000e+01,
    4.232998422800010e+01
  ],
  ""type"": ""Point""
}","{
  ""coordinates"": [
    -83.215377975,
    42.329984228
  ],
  ""type"": ""Point""
}",-83.215377975,42.3299842280001
22281,9147241,M-10,CHICAGO,2015-01-06,6,1,2015,13,3,1,3,,1,1,,3,1,1,55,3,1,1,5,0,0,0,0,true,,false,false,false,false,false,,,,,,false,false,false,,,false,false,false,false,false,-83.09093,42.3803,"{
  ""coordinates"": [
    -8.309092677000000e+01,
    4.238030301300010e+01
  ],
  ""type"": ""Point""
}","{
  ""coordinates"": [
    -83.09092677,
    42.380303013
  ],
  ""type"": ""Point""
}",-83.09092677,42.3803030130001
22282,9147240,N I 75,MCNICHOLS,2015-01-06,6,1,2015,11,3,8,1,,1,0,,3,1,1,70,4,2,2,5,0,0,0,0,true,,false,false,false,false,false,,,,,,false,false,false,,,false,false,false,false,false,-83.08744,42.41786,"{
  ""coordinates"": [
    -8.308743853199999e+01,
    4.241786196700010e+01
  ],
  ""type"": ""Point""
}","{
  ""coordinates"": [
    -83.087438532,
    42.417861967
  ],
  ""type"": ""Point""
}",-83.087438532,42.4178619670001
22283,9322194,M-39,PLYMOUTH,2015-01-06,6,1,2015,17,3,8,3,,1,0,,4,5,4,55,3,2,3,5,0,0,0,0,true,,false,false,false,false,false,,,,,,false,false,false,,,false,false,false,false,false,-83.21651,42.36163,"{
  ""coordinates"": [
    -8.321651650900000e+01,
    4.236162771400010e+01
  ],
  ""type"": ""Point""
}","{
  ""coordinates"": [
    -83.216516509,
    42.361627714
  ],
  ""type"": ""Point""
}",-83.216516509,42.3616277140001
22284,9152518,DAVISON,RAMP 047C,2015-01-06,6,1,2015,8,3,4,9,,4,0,,4,5,1,30,2,2,1,5,0,0,0,0,true,,false,false,false,false,false,,,,,,false,false,false,,,false,false,false,false,false,-83.07745,42.40975,"{
  ""coordinates"": [
    -8.307745355299990e+01,
    4.240974786200010e+01
  ],
  ""type"": ""Point""
}","{
  ""coordinates"": [
    -83.077453553,
    42.409747862
  ],
  ""type"": ""Point""
}",-83.0774535529999,42.4097478620001
22285,9146481,ASHTON,PAUL,2015-01-05,5,1,2015,10,2,5,9,,,0,,4,5,1,25,1,2,2,4,0,0,0,1,false,,false,false,false,false,false,,,,,,false,false,false,,,false,false,false,false,false,-83.2169,42.33612,"{
  ""coordinates"": [
    -8.321690523400000e+01,
    4.233611546300010e+01
  ],
  ""type"": ""Point""
}","{
  ""coordinates"": [
    -83.216905234,
    42.336115463
  ],
  ""type"": ""Point""
}",-83.216905234,42.3361154630001
22286,9152513,KEATING,COVENTRY,2015-01-05,5,1,2015,23,2,2,9,,,0,,1,1,4,25,2,2,1,5,0,0,0,0,true,,false,false,false,false,false,,,,,,false,false,false,,,false,false,false,false,false,-83.10023,42.43277,"{
  ""coordinates"": [
    -8.310023293400000e+01,
    4.243276914600010e+01
  ],
  ""type"": ""Point""
}","{
  ""coordinates"": [
    -83.100232934,
    42.432769146
  ],
  ""type"": ""Point""
}",-83.100232934,42.4327691460001
22287,9202873,MARLOWE,PLYMOUTH,2015-01-05,5,1,2015,15,2,4,9,,,0,,3,2,1,25,2,2,2,5,0,0,0,0,true,,false,false,true,false,false,,,,,,false,true,false,,,false,false,false,false,false,-83.18883,42.37253,"{
  ""coordinates"": [
    -8.318882638299991e+01,
    4.237252885400010e+01
  ],
  ""type"": ""Point""
}","{
  ""coordinates"": [
    -83.188826383,
    42.372528854
  ],
  ""type"": ""Point""
}",-83.1888263829999,42.3725288540001
22288,9146305,I 75,CLAY,2015-01-05,5,1,2015,9,2,5,1,,1,0,,3,1,1,70,4,2,2,5,0,0,0,0,true,,false,false,false,false,false,,,,,,false,false,false,,,false,false,false,false,false,-83.06505,42.38152,"{
  ""coordinates"": [
    -8.306504449700000e+01,
    4.238152373500000e+01
  ],
  ""type"": ""Point""
}","{
  ""coordinates"": [
    -83.065044497,
    42.381523735
  ],
  ""type"": ""Point""
}",-83.065044497,42.381523735
22289,9148863,MACOMB,SAINT ANTOINE,2015-01-05,5,1,2015,10,2,8,9,,4,0,,1,1,1,25,2,2,1,5,0,0,0,0,true,,false,false,false,false,false,,,,,,false,false,false,,,false,false,false,false,false,-83.04144,42.33629,"{
  ""coordinates"": [
    -8.304143462800000e+01,
    4.233628999200000e+01
  ],
  ""type"": ""Point""
}","{
  ""coordinates"": [
    -83.041434628,
    42.336289992
  ],
  ""type"": ""Point""
}",-83.041434628,42.336289992
22290,9165735,CLAIRMONT,BLAINE,2015-01-05,5,1,2015,20,2,97,0,,4,0,,3,1,4,25,1,2,0,5,0,0,0,0,true,,false,false,true,false,false,,,,,,false,false,false,,,false,false,false,false,false,-83.09364,42.37849,"{
  ""coordinates"": [
    -8.309364527799990e+01,
    4.237848492600010e+01
  ],
  ""type"": ""Point""
}","{
  ""coordinates"": [
    -83.093645278,
    42.378484926
  ],
  ""type"": ""Point""
}",-83.0936452779999,42.3784849260001
22291,9183757,GRAND,N M 10 SERVICE DRIVE,2015-01-05,5,1,2015,12,2,4,9,,4,0,,3,1,1,30,4,2,2,5,0,0,0,0,true,,false,false,true,false,false,,,,,,false,false,false,,,false,false,false,false,false,-83.08145,42.36711,"{
  ""coordinates"": [
    -8.308145263300000e+01,
    4.236710553400010e+01
  ],
  ""type"": ""Point""
}","{
  ""coordinates"": [
    -83.081452633,
    42.367105534
  ],
  ""type"": ""Point""
}",-83.081452633,42.3671055340001
22292,9152484,EVERGREEN,WARREN,2015-01-05,5,1,2015,17,2,5,9,,4,0,,3,1,3,30,4,2,2,5,0,0,0,0,true,,false,false,false,false,false,,,,,,false,false,true,,,false,false,false,false,false,-83.23537,42.34309,"{
  ""coordinates"": [
    -8.323537767300000e+01,
    4.234309526400010e+01
  ],
  ""type"": ""Point""
}","{
  ""coordinates"": [
    -83.235377673,
    42.343095264
  ],
  ""type"": ""Point""
}",-83.235377673,42.3430952640001
22293,9148883,GROVE,WINTHROP,2015-01-05,5,1,2015,18,2,4,9,,,0,,3,5,4,25,4,2,1,4,0,0,0,1,false,,false,false,true,false,false,,,,,,false,false,false,,,false,false,false,false,false,-83.20067,42.41413,"{
  ""coordinates"": [
    -8.320066926100000e+01,
    4.241412726700000e+01
  ],
  ""type"": ""Point""
}","{
  ""coordinates"": [
    -83.200669261,
    42.414127267
  ],
  ""type"": ""Point""
}",-83.200669261,42.414127267
22294,9154972,N M 10,RAMP 104B,2015-01-05,5,1,2015,18,2,1,3,,1,1,,1,2,4,55,3,1,1,5,0,0,0,0,true,,false,false,false,false,false,,,,,,false,false,false,,,false,false,false,false,false,-83.16669,42.41125,"{
  ""coordinates"": [
    -8.316668908000000e+01,
    4.241124909100010e+01
  ],
  ""type"": ""Point""
}","{
  ""coordinates"": [
    -83.16668908,
    42.411249091
  ],
  ""type"": ""Point""
}",-83.16668908,42.4112490910001