ObjectId,Crash ID,Primary Road,Intersecting Road,Crash Date,Day,Month,Year,Hour,Weekday,Crash Type Code,Highway Classification Code,Community Code,Jurisdiction Code,Lane Departure Type Code,Surface Type,Road Condition,Weather Condition,Lighting Condition,Speed Limit,Lanes,Units,Occupants,Most Severe Injury,Fatal Injuries,Suspected Serious Injuries,Suspected Minor Injuries,Possible Injuries,Property Damage Only,Secondary Crash,Traffic Control,Red Light Run,Hit and Run,Alcohol,Drugs,Unbelted Person,Work Zone,Speeding Driver,Distracted Driver,Driveway,Pedestrian,Elderly Driver,Young Driver,Commercial Vehicle,Emergency Vehicles,Train,School Bus,Motorcycle,Bicycle,Deer,Longitude,Latitude,geom,geog,x,y
22295,9153787,I-94,TRUMBULL,2015-01-05,5,1,2015,16,2,5,1,,1,0,,1,2,1,55,3,2,2,5,0,0,0,0,true,,false,false,false,false,false,,,,,,false,false,true,,,false,false,false,false,false,-83.0807,42.35651,"{
  ""coordinates"": [
    -8.308069706700000e+01,
    4.235651269400010e+01
  ],
  ""type"": ""Point""
}","{
  ""coordinates"": [
    -83.080697067,
    42.356512694
  ],
  ""type"": ""Point""
}",-83.080697067,42.3565126940001
22296,9146483,MONTROSE,DIVERSEY,2015-01-05,5,1,2015,19,2,1,9,,,1,,4,5,4,25,2,1,1,4,0,0,0,1,false,,false,false,false,false,false,,,,,,false,false,true,,,false,false,false,false,false,-83.19891,42.34833,"{
  ""coordinates"": [
    -8.319891305199999e+01,
    4.234832670500000e+01
  ],
  ""type"": ""Point""
}","{
  ""coordinates"": [
    -83.198913052,
    42.348326705
  ],
  ""type"": ""Point""
}",-83.198913052,42.348326705
22297,9146306,I 375,MONROE,2015-01-05,5,1,2015,10,2,1,1,,1,1,,3,1,1,55,3,1,1,5,0,0,0,0,true,,false,false,false,false,false,,,,,,false,false,true,,,false,false,false,false,false,-83.03893,42.33711,"{
  ""coordinates"": [
    -8.303892889900000e+01,
    4.233710904400000e+01
  ],
  ""type"": ""Point""
}","{
  ""coordinates"": [
    -83.038928899,
    42.337109044
  ],
  ""type"": ""Point""
}",-83.038928899,42.337109044
22298,9147536,BLAKE,7 MILE,2015-01-05,5,1,2015,14,2,97,9,,,0,,2,1,1,25,2,2,0,5,0,0,0,0,true,,false,false,false,false,false,,,,,,false,false,false,,,false,false,false,false,false,-83.10822,42.43229,"{
  ""coordinates"": [
    -8.310821271899989e+01,
    4.243228576600010e+01
  ],
  ""type"": ""Point""
}","{
  ""coordinates"": [
    -83.108212719,
    42.432285766
  ],
  ""type"": ""Point""
}",-83.1082127189999,42.4322857660001
22299,9146298,M-39,GRAND RIVER,2015-01-05,5,1,2015,12,2,1,3,,1,1,,3,1,1,55,3,1,1,5,0,0,0,0,true,,false,false,false,false,false,,,,,,false,false,false,,,false,false,false,false,false,-83.2185,42.40791,"{
  ""coordinates"": [
    -8.321849701300000e+01,
    4.240791052100010e+01
  ],
  ""type"": ""Point""
}","{
  ""coordinates"": [
    -83.218497013,
    42.407910521
  ],
  ""type"": ""Point""
}",-83.218497013,42.4079105210001
22300,9146304,I 94,MT ELIOTT,2015-01-05,5,1,2015,7,2,5,1,,1,0,,3,1,2,55,3,2,2,4,0,0,0,1,false,,false,false,false,false,false,,,,,,false,false,false,,,false,false,false,false,false,-83.03806,42.37747,"{
  ""coordinates"": [
    -8.303806411200000e+01,
    4.237747264500010e+01
  ],
  ""type"": ""Point""
}","{
  ""coordinates"": [
    -83.038064112,
    42.377472645
  ],
  ""type"": ""Point""
}",-83.038064112,42.3774726450001
22301,9146303,I-94,GRAND RIVER,2015-01-05,5,1,2015,15,2,5,1,,1,0,,1,2,1,55,3,2,2,3,0,0,2,0,false,,false,false,false,false,false,,,,,,false,false,false,,,false,false,false,false,false,-83.10022,42.34988,"{
  ""coordinates"": [
    -8.310021859900000e+01,
    4.234988233200000e+01
  ],
  ""type"": ""Point""
}","{
  ""coordinates"": [
    -83.100218599,
    42.349882332
  ],
  ""type"": ""Point""
}",-83.100218599,42.349882332
22302,9202889,ASBURY,VAN BUREN,2015-01-05,5,1,2015,10,2,5,9,,,0,,3,1,2,25,2,2,1,5,0,0,0,0,true,,false,false,false,false,false,,,,,,false,true,false,,,false,false,false,false,false,-83.20668,42.35613,"{
  ""coordinates"": [
    -8.320668042400000e+01,
    4.235613405800010e+01
  ],
  ""type"": ""Point""
}","{
  ""coordinates"": [
    -83.206680424,
    42.356134058
  ],
  ""type"": ""Point""
}",-83.206680424,42.3561340580001
22303,9152463,JEFFERSON,BURNS,2015-01-05,5,1,2015,9,2,8,9,,4,0,,1,1,1,30,4,2,2,5,0,0,0,0,true,,false,false,false,false,false,,,,,,false,false,false,,,false,false,false,false,false,-82.98962,42.35488,"{
  ""coordinates"": [
    -8.298962243400000e+01,
    4.235487670500000e+01
  ],
  ""type"": ""Point""
}","{
  ""coordinates"": [
    -82.989622434,
    42.354876705
  ],
  ""type"": ""Point""
}",-82.989622434,42.354876705
22304,9146297,M-39,CHICAGO,2015-01-05,5,1,2015,12,2,1,3,,1,1,,3,1,1,55,3,1,1,4,0,0,0,1,false,,false,false,false,false,false,,,,,,false,false,true,,,false,false,false,false,false,-83.21657,42.36567,"{
  ""coordinates"": [
    -8.321656491999990e+01,
    4.236566512100010e+01
  ],
  ""type"": ""Point""
}","{
  ""coordinates"": [
    -83.21656492,
    42.365665121
  ],
  ""type"": ""Point""
}",-83.2165649199999,42.3656651210001
22305,9146489,DAVISON,FENELON,2015-01-05,5,1,2015,8,2,5,9,,2,0,,3,98,1,0,2,2,2,5,0,0,0,0,true,,false,false,false,false,false,,,,,,false,false,false,,,false,false,false,false,false,-83.05282,42.41886,"{
  ""coordinates"": [
    -8.305282092000000e+01,
    4.241886193000000e+01
  ],
  ""type"": ""Point""
}","{
  ""coordinates"": [
    -83.05282092,
    42.41886193
  ],
  ""type"": ""Point""
}",-83.05282092,42.41886193
22306,9157409,THIRD,MILWAUKEE,2015-01-05,5,1,2015,7,2,4,9,,4,0,,3,1,1,25,4,2,1,5,0,0,0,0,true,,false,false,true,false,false,,,,,,false,false,false,,,false,false,false,false,false,-83.07827,42.36695,"{
  ""coordinates"": [
    -8.307827312099990e+01,
    4.236694746700000e+01
  ],
  ""type"": ""Point""
}","{
  ""coordinates"": [
    -83.078273121,
    42.366947467
  ],
  ""type"": ""Point""
}",-83.0782731209999,42.366947467
22307,9146302,I-75,DAVISON,2015-01-05,5,1,2015,12,2,1,1,,1,1,,1,2,1,70,4,1,1,5,0,0,0,0,true,,false,false,false,false,false,,,,,,false,false,false,,,false,false,false,false,false,-83.08031,42.40996,"{
  ""coordinates"": [
    -8.308031504800000e+01,
    4.240995773900000e+01
  ],
  ""type"": ""Point""
}","{
  ""coordinates"": [
    -83.080315048,
    42.409957739
  ],
  ""type"": ""Point""
}",-83.080315048,42.409957739
22308,9160933,CHENE,GRAND,2015-01-05,5,1,2015,11,2,4,1,,4,0,,2,1,1,30,5,2,3,5,0,0,0,0,true,,false,false,false,false,false,,,,,,false,true,false,,,false,false,false,false,false,-83.04648,42.37488,"{
  ""coordinates"": [
    -8.304647716400000e+01,
    4.237488015400000e+01
  ],
  ""type"": ""Point""
}","{
  ""coordinates"": [
    -83.046477164,
    42.374880154
  ],
  ""type"": ""Point""
}",-83.046477164,42.374880154
22309,9202890,E I 96 CD,SCHAEFER,2015-01-05,5,1,2015,11,2,5,1,,1,0,,3,1,1,35,3,2,2,5,0,0,0,0,true,,false,false,true,false,false,,,,,,false,true,false,,,false,false,false,false,false,-83.18227,42.3821,"{
  ""coordinates"": [
    -8.318226830600000e+01,
    4.238209922400010e+01
  ],
  ""type"": ""Point""
}","{
  ""coordinates"": [
    -83.182268306,
    42.382099224
  ],
  ""type"": ""Point""
}",-83.182268306,42.3820992240001
22310,9146474,TIREMAN,MANFIELD,2015-01-05,5,1,2015,10,2,5,9,,4,0,,3,2,1,35,2,2,4,2,0,1,0,0,false,,false,false,false,false,false,,,,,,false,false,false,,,false,false,false,false,false,-83.20268,42.3508,"{
  ""coordinates"": [
    -8.320268151399991e+01,
    4.235079857600000e+01
  ],
  ""type"": ""Point""
}","{
  ""coordinates"": [
    -83.202681514,
    42.350798576
  ],
  ""type"": ""Point""
}",-83.2026815139999,42.350798576
22311,9157362,CADIEUX,I 94/CADIEUX RAMP,2015-01-05,5,1,2015,21,2,4,1,,4,0,,4,5,4,35,5,2,6,2,0,2,0,0,false,,false,false,false,false,false,,,,,,false,false,true,,,false,false,false,false,false,-82.93704,42.41707,"{
  ""coordinates"": [
    -8.293704513599990e+01,
    4.241707369400010e+01
  ],
  ""type"": ""Point""
}","{
  ""coordinates"": [
    -82.937045136,
    42.417073694
  ],
  ""type"": ""Point""
}",-82.9370451359999,42.4170736940001
22312,9469104,MACK,ALTER,2015-01-05,5,1,2015,11,2,4,9,,2,0,,2,1,1,35,6,2,2,5,0,0,0,0,true,,true,true,false,false,false,,,,,,false,false,true,,,false,false,false,false,false,-82.94769,42.3873,"{
  ""coordinates"": [
    -8.294768983800000e+01,
    4.238729849600000e+01
  ],
  ""type"": ""Point""
}","{
  ""coordinates"": [
    -82.947689838,
    42.387298496
  ],
  ""type"": ""Point""
}",-82.947689838,42.387298496
22313,9146480,OUTER,ROUGE PARK,2015-01-05,5,1,2015,7,2,5,9,,2,0,,4,5,4,35,2,2,2,5,0,0,0,0,true,,false,false,false,false,false,,,,,,false,false,false,,,false,false,false,false,false,-83.26041,42.36201,"{
  ""coordinates"": [
    -8.326041244300001e+01,
    4.236201202600010e+01
  ],
  ""type"": ""Point""
}","{
  ""coordinates"": [
    -83.260412443,
    42.362012026
  ],
  ""type"": ""Point""
}",-83.260412443,42.3620120260001
22314,9148875,UNIVERSITY,FRANKFORT,2015-01-05,5,1,2015,9,2,4,9,,,0,,3,2,1,25,2,3,4,4,0,0,0,2,false,,false,false,false,false,false,,,,,,false,false,true,,,false,false,false,false,false,-82.92402,42.41123,"{
  ""coordinates"": [
    -8.292402074899999e+01,
    4.241122961800000e+01
  ],
  ""type"": ""Point""
}","{
  ""coordinates"": [
    -82.924020749,
    42.411229618
  ],
  ""type"": ""Point""
}",-82.924020749,42.411229618
22315,9153719,M10,HAMILTON,2015-01-05,5,1,2015,10,2,1,3,,1,1,,3,1,1,55,3,1,1,5,0,0,0,0,true,,false,false,true,false,false,,,,,,false,false,false,,,false,false,false,false,false,-83.09178,42.38123,"{
  ""coordinates"": [
    -8.309177963499999e+01,
    4.238122533800000e+01
  ],
  ""type"": ""Point""
}","{
  ""coordinates"": [
    -83.091779635,
    42.381225338
  ],
  ""type"": ""Point""
}",-83.091779635,42.381225338
22316,9150198,ST MARTINS,ASBURY,2015-01-05,5,1,2015,12,2,5,9,,,0,,3,1,1,25,2,2,0,5,0,0,0,0,true,,false,false,true,false,false,,,,,,false,false,false,,,false,false,false,false,false,-83.20996,42.43563,"{
  ""coordinates"": [
    -8.320996450599991e+01,
    4.243562737700010e+01
  ],
  ""type"": ""Point""
}","{
  ""coordinates"": [
    -83.209964506,
    42.435627377
  ],
  ""type"": ""Point""
}",-83.2099645059999,42.4356273770001
22317,9146482,WADSWORTH,GREENFIELD,2015-01-05,5,1,2015,15,2,5,9,,,0,,3,2,1,25,1,2,1,5,0,0,0,0,true,,false,false,true,false,false,,,,,,false,false,false,,,false,false,false,false,false,-83.19768,42.37474,"{
  ""coordinates"": [
    -8.319767804900000e+01,
    4.237474350300000e+01
  ],
  ""type"": ""Point""
}","{
  ""coordinates"": [
    -83.197678049,
    42.374743503
  ],
  ""type"": ""Point""
}",-83.197678049,42.374743503
22318,9202900,MORROW,BELTON,2015-01-05,5,1,2015,23,2,97,9,,,0,,3,98,4,25,2,2,0,5,0,0,0,0,true,,false,false,true,false,false,,,,,,false,false,false,,,false,false,false,false,false,-83.1611,42.35459,"{
  ""coordinates"": [
    -8.316109954699991e+01,
    4.235459089600000e+01
  ],
  ""type"": ""Point""
}","{
  ""coordinates"": [
    -83.161099547,
    42.354590896
  ],
  ""type"": ""Point""
}",-83.1610995469999,42.354590896
22319,9150197,TELEGRAPH,7 MILE,2015-01-05,5,1,2015,11,2,5,2,,1,0,,3,1,1,45,4,2,2,5,0,0,0,0,true,,false,false,false,false,false,,,,,,false,false,true,,,false,false,false,false,false,-83.27798,42.42897,"{
  ""coordinates"": [
    -8.327798491000000e+01,
    4.242896876900010e+01
  ],
  ""type"": ""Point""
}","{
  ""coordinates"": [
    -83.27798491,
    42.428968769
  ],
  ""type"": ""Point""
}",-83.27798491,42.4289687690001
22320,9158200,STATE FAIR,ORLEANS,2015-01-05,5,1,2015,17,2,8,9,,4,0,,1,1,1,30,2,2,1,5,0,0,0,0,true,,false,false,false,false,false,,,,,,false,true,false,,,false,false,false,false,false,-83.08556,42.44002,"{
  ""coordinates"": [
    -8.308556079899989e+01,
    4.244002329100000e+01
  ],
  ""type"": ""Point""
}","{
  ""coordinates"": [
    -83.085560799,
    42.440023291
  ],
  ""type"": ""Point""
}",-83.0855607989999,42.440023291
22321,9203068,SEVEN MILE,ANTWERP,2015-01-05,5,1,2015,9,2,1,9,,4,1,,3,1,1,30,2,1,1,5,0,0,0,0,true,,false,false,false,false,false,,,,,,false,false,false,,,false,false,false,false,false,-83.01733,42.4341,"{
  ""coordinates"": [
    -8.301733571299999e+01,
    4.243409783600000e+01
  ],
  ""type"": ""Point""
}","{
  ""coordinates"": [
    -83.017335713,
    42.434097836
  ],
  ""type"": ""Point""
}",-83.017335713,42.434097836
22322,9183780,WOODWARD,OWEN,2015-01-05,5,1,2015,14,2,8,3,,1,0,,1,2,1,30,7,2,3,5,0,0,0,0,true,,false,false,false,false,false,,,,,,false,false,false,,,false,false,false,false,false,-83.08179,42.38292,"{
  ""coordinates"": [
    -8.308179837800000e+01,
    4.238291614900000e+01
  ],
  ""type"": ""Point""
}","{
  ""coordinates"": [
    -83.081798378,
    42.382916149
  ],
  ""type"": ""Point""
}",-83.081798378,42.382916149
22323,9146477,PEIERSON,ELMIRA,2015-01-05,5,1,2015,14,2,97,9,,,0,,3,1,1,25,2,1,2,5,0,0,0,0,true,,false,false,true,false,false,,,,,,false,false,true,,,false,false,false,false,false,-83.2449,42.36949,"{
  ""coordinates"": [
    -8.324489780800000e+01,
    4.236948843100000e+01
  ],
  ""type"": ""Point""
}","{
  ""coordinates"": [
    -83.244897808,
    42.369488431
  ],
  ""type"": ""Point""
}",-83.244897808,42.369488431
22324,9147537,CAMBRIDGE,GREENLAWN,2015-01-05,5,1,2015,15,2,4,9,,,0,,3,2,1,25,2,2,3,5,0,0,0,0,true,,false,false,false,false,false,,,,,,false,false,true,,,false,false,false,false,false,-83.15191,42.43322,"{
  ""coordinates"": [
    -8.315190759099990e+01,
    4.243322223100010e+01
  ],
  ""type"": ""Point""
}","{
  ""coordinates"": [
    -83.151907591,
    42.433222231
  ],
  ""type"": ""Point""
}",-83.1519075909999,42.4332222310001
22325,9158063,I-94,I-75,2015-01-05,5,1,2015,18,2,5,1,,1,0,,1,2,4,55,3,2,4,5,0,0,0,0,true,,false,false,true,false,false,,,,,,false,false,true,,,false,false,false,false,false,-83.06204,42.36658,"{
  ""coordinates"": [
    -8.306204191700000e+01,
    4.236657896500000e+01
  ],
  ""type"": ""Point""
}","{
  ""coordinates"": [
    -83.062041917,
    42.366578965
  ],
  ""type"": ""Point""
}",-83.062041917,42.366578965
22326,9147299,I-375,GRATIOT,2015-01-05,5,1,2015,17,2,5,1,,1,0,,1,1,1,55,3,2,2,4,0,0,0,1,false,,false,false,false,false,false,,,,,,false,true,false,,,false,false,false,false,false,-83.04108,42.33996,"{
  ""coordinates"": [
    -8.304108015400000e+01,
    4.233995898000010e+01
  ],
  ""type"": ""Point""
}","{
  ""coordinates"": [
    -83.041080154,
    42.33995898
  ],
  ""type"": ""Point""
}",-83.041080154,42.3399589800001
22327,9148870,ROSSITER,MORANG,2015-01-05,5,1,2015,16,2,4,9,,,0,,1,1,1,25,2,2,2,4,0,0,0,1,false,,false,false,false,false,false,,,,,,false,false,true,,,false,false,false,false,false,-82.94888,42.4257,"{
  ""coordinates"": [
    -8.294887905500001e+01,
    4.242569995100010e+01
  ],
  ""type"": ""Point""
}","{
  ""coordinates"": [
    -82.948879055,
    42.425699951
  ],
  ""type"": ""Point""
}",-82.948879055,42.4256999510001
22328,9217167,EDMUND,JOHN R,2015-01-05,5,1,2015,16,2,5,9,,,3,,3,1,1,0,2,2,1,5,0,0,0,0,true,,false,false,false,false,false,,,,,,false,false,false,,,false,false,false,false,false,-83.05335,42.34465,"{
  ""coordinates"": [
    -8.305334920500000e+01,
    4.234465262600000e+01
  ],
  ""type"": ""Point""
}","{
  ""coordinates"": [
    -83.053349205,
    42.344652626
  ],
  ""type"": ""Point""
}",-83.053349205,42.344652626
22329,9202876,RAMP 137A,E I 96 SERVICE DRIVE,2015-01-05,5,1,2015,11,2,5,1,,1,0,,3,1,1,35,2,2,2,5,0,0,0,0,true,,false,false,false,false,false,,,,,,false,false,false,,,false,false,false,false,false,-83.17847,42.38265,"{
  ""coordinates"": [
    -8.317846784699999e+01,
    4.238265001200010e+01
  ],
  ""type"": ""Point""
}","{
  ""coordinates"": [
    -83.178467847,
    42.382650012
  ],
  ""type"": ""Point""
}",-83.178467847,42.3826500120001
22330,9153789,I-75,VERNOR,2015-01-05,5,1,2015,17,2,1,1,,1,1,,3,1,1,55,4,1,1,3,0,0,1,0,false,,false,false,false,false,false,,,,,,false,false,false,,,false,false,false,false,false,-83.0839,42.32467,"{
  ""coordinates"": [
    -8.308390393400001e+01,
    4.232466925000010e+01
  ],
  ""type"": ""Point""
}","{
  ""coordinates"": [
    -83.083903934,
    42.32466925
  ],
  ""type"": ""Point""
}",-83.083903934,42.3246692500001
22331,9176062,M-39,GRANDRIVER,2015-01-05,5,1,2015,6,2,5,3,,1,0,,1,2,5,55,3,2,1,4,0,0,0,1,false,,false,false,true,false,false,,,,,,false,false,false,,,false,false,false,false,false,-83.21805,42.39705,"{
  ""coordinates"": [
    -8.321804433200001e+01,
    4.239705413600010e+01
  ],
  ""type"": ""Point""
}","{
  ""coordinates"": [
    -83.218044332,
    42.397054136
  ],
  ""type"": ""Point""
}",-83.218044332,42.3970541360001
22332,9146340,I-94,MT ELLIOTT,2015-01-05,5,1,2015,7,2,5,1,,1,0,,4,5,4,55,3,2,2,5,0,0,0,0,true,,false,false,false,false,false,,,,,,false,false,false,,,false,false,false,false,false,-83.03545,42.37845,"{
  ""coordinates"": [
    -8.303544920199990e+01,
    4.237845400700010e+01
  ],
  ""type"": ""Point""
}","{
  ""coordinates"": [
    -83.035449202,
    42.378454007
  ],
  ""type"": ""Point""
}",-83.0354492019999,42.3784540070001
22333,9148878,I 94 SERVICE,CHALMERS,2015-01-05,5,1,2015,13,2,4,1,,7,0,,1,2,1,35,2,2,3,5,0,0,0,0,true,,false,false,false,false,false,,,,,,false,false,false,,,false,false,false,false,false,-82.96441,42.40408,"{
  ""coordinates"": [
    -8.296441066300000e+01,
    4.240408426000000e+01
  ],
  ""type"": ""Point""
}","{
  ""coordinates"": [
    -82.964410663,
    42.40408426
  ],
  ""type"": ""Point""
}",-82.964410663,42.40408426
22334,9147534,LIVERNOIS,CURTIS,2015-01-05,5,1,2015,11,2,5,9,,4,0,,3,5,1,30,2,2,2,5,0,0,0,0,true,,false,false,false,false,false,,,,,,false,false,true,,,false,false,false,false,false,-83.14104,42.42443,"{
  ""coordinates"": [
    -8.314104571999999e+01,
    4.242442678500000e+01
  ],
  ""type"": ""Point""
}","{
  ""coordinates"": [
    -83.14104572,
    42.424426785
  ],
  ""type"": ""Point""
}",-83.14104572,42.424426785
22335,9148884,I94,GRATIOT,2015-01-05,5,1,2015,15,2,97,1,,1,0,,1,1,1,55,4,2,1,5,0,0,0,0,true,,false,false,true,false,false,,,,,,false,false,false,,,false,false,false,false,false,-83.00696,42.39134,"{
  ""coordinates"": [
    -8.300695851300000e+01,
    4.239134047600000e+01
  ],
  ""type"": ""Point""
}","{
  ""coordinates"": [
    -83.006958513,
    42.391340476
  ],
  ""type"": ""Point""
}",-83.006958513,42.391340476
22336,9147519,N I 75 SERVICE DRIVE,SCOTTEN,2015-01-05,5,1,2015,8,2,1,9,,4,0,,3,1,1,25,1,1,1,5,0,0,0,0,true,,false,false,false,false,false,,,,,,false,false,true,,,false,false,false,false,false,-83.08884,42.31391,"{
  ""coordinates"": [
    -8.308883972900000e+01,
    4.231390620700010e+01
  ],
  ""type"": ""Point""
}","{
  ""coordinates"": [
    -83.088839729,
    42.313906207
  ],
  ""type"": ""Point""
}",-83.088839729,42.3139062070001
22337,9202888,I-75 SERVICE,MACK,2015-01-05,5,1,2015,5,2,8,1,,4,0,,3,1,4,25,4,2,2,5,0,0,0,0,true,,false,false,false,false,false,,,,,,false,false,false,,,false,false,false,false,false,-83.04847,42.35093,"{
  ""coordinates"": [
    -8.304846688700000e+01,
    4.235093325400000e+01
  ],
  ""type"": ""Point""
}","{
  ""coordinates"": [
    -83.048466887,
    42.350933254
  ],
  ""type"": ""Point""
}",-83.048466887,42.350933254
22338,9152424,CONNER,GUNSTON,2015-01-05,5,1,2015,13,2,8,9,,4,0,,1,2,1,35,2,2,3,5,0,0,0,0,true,,false,false,false,false,false,,,,,,false,false,false,,,false,false,false,false,false,-82.98559,42.39476,"{
  ""coordinates"": [
    -8.298558537299991e+01,
    4.239476183500010e+01
  ],
  ""type"": ""Point""
}","{
  ""coordinates"": [
    -82.985585373,
    42.394761835
  ],
  ""type"": ""Point""
}",-82.9855853729999,42.3947618350001
22339,9147535,MCNICHOLS,TRACEY,2015-01-05,5,1,2015,14,2,8,9,,2,0,,1,2,1,35,4,2,4,5,0,0,0,0,true,,false,false,false,false,false,,,,,,false,false,false,,,false,false,false,false,false,-83.18086,42.41657,"{
  ""coordinates"": [
    -8.318086079699999e+01,
    4.241656902700000e+01
  ],
  ""type"": ""Point""
}","{
  ""coordinates"": [
    -83.180860797,
    42.416569027
  ],
  ""type"": ""Point""
}",-83.180860797,42.416569027
22340,9152519,SAINT ANTOINE,BRUSH,2015-01-05,5,1,2015,,2,8,0,,,0,,3,5,4,0,3,2,1,5,0,0,0,0,true,,false,false,false,false,false,,,,,,false,true,false,,,false,false,false,false,false,-83.0657,42.37289,"{
  ""coordinates"": [
    -8.306569944200000e+01,
    4.237288967400010e+01
  ],
  ""type"": ""Point""
}","{
  ""coordinates"": [
    -83.065699442,
    42.372889674
  ],
  ""type"": ""Point""
}",-83.065699442,42.3728896740001
22341,9147531,TELEGRAPH,TELEGRAPH/7 MILE,2015-01-05,5,1,2015,19,2,5,2,,1,0,,2,5,5,45,4,2,1,5,0,0,0,0,true,,false,false,false,false,false,,,,,,false,true,false,,,false,false,false,false,false,-83.27809,42.43256,"{
  ""coordinates"": [
    -8.327809307699989e+01,
    4.243255535700010e+01
  ],
  ""type"": ""Point""
}","{
  ""coordinates"": [
    -83.278093077,
    42.432555357
  ],
  ""type"": ""Point""
}",-83.2780930769999,42.4325553570001
22342,9196605,8 MILE,SCHAEFER,2015-01-05,5,1,2015,15,2,5,3,,1,0,,2,1,1,35,8,2,1,5,0,0,0,0,true,,false,false,true,false,false,,,,,,false,true,false,,,false,false,false,false,false,-83.18099,42.44519,"{
  ""coordinates"": [
    -8.318099082600000e+01,
    4.244518957000000e+01
  ],
  ""type"": ""Point""
}","{
  ""coordinates"": [
    -83.180990826,
    42.44518957
  ],
  ""type"": ""Point""
}",-83.180990826,42.44518957
22343,9147259,EB I-94,CASS,2015-01-05,5,1,2015,21,2,97,1,,1,0,,3,2,4,55,3,3,4,3,0,0,2,1,false,,false,false,false,false,false,,,,,,false,false,false,,,false,false,false,false,false,-83.07063,42.36262,"{
  ""coordinates"": [
    -8.307062292099990e+01,
    4.236262250900010e+01
  ],
  ""type"": ""Point""
}","{
  ""coordinates"": [
    -83.070622921,
    42.362622509
  ],
  ""type"": ""Point""
}",-83.0706229209999,42.3626225090001
22344,9147539,E I 96 SERVICE DRIVE,GRAND RIVER,2015-01-05,5,1,2015,9,2,5,1,,1,0,,3,2,1,30,2,2,3,5,0,0,0,0,true,,false,false,false,false,false,,,,,,false,false,false,,,false,false,false,false,false,-83.17532,42.38327,"{
  ""coordinates"": [
    -8.317531572400000e+01,
    4.238326985800010e+01
  ],
  ""type"": ""Point""
}","{
  ""coordinates"": [
    -83.175315724,
    42.383269858
  ],
  ""type"": ""Point""
}",-83.175315724,42.3832698580001
22345,9209369,MADISON,BEAUBIEN,2015-01-05,5,1,2015,9,2,5,9,,4,0,,3,1,1,25,6,2,2,5,0,0,0,0,true,,false,false,false,false,false,,,,,,false,false,false,,,false,false,false,false,false,-83.04454,42.33786,"{
  ""coordinates"": [
    -8.304454045700000e+01,
    4.233785650700000e+01
  ],
  ""type"": ""Point""
}","{
  ""coordinates"": [
    -83.044540457,
    42.337856507
  ],
  ""type"": ""Point""
}",-83.044540457,42.337856507
22346,9148872,JEFFERSON,ALGONQUIN,2015-01-05,5,1,2015,18,2,5,9,,4,0,,3,1,4,35,6,2,2,5,0,0,0,0,true,,false,false,false,false,false,,,,,,false,false,true,,,false,false,false,false,false,-82.95686,42.3702,"{
  ""coordinates"": [
    -8.295685320199991e+01,
    4.237020387500010e+01
  ],
  ""type"": ""Point""
}","{
  ""coordinates"": [
    -82.956853202,
    42.370203875
  ],
  ""type"": ""Point""
}",-82.9568532019999,42.3702038750001
22347,9147296,N/B I-75,7 MILE,2015-01-05,5,1,2015,2,2,8,1,,1,0,,3,5,4,70,4,2,2,4,0,0,0,2,false,,false,false,false,false,false,,,,,,false,false,false,,,false,false,false,false,false,-83.09458,42.43193,"{
  ""coordinates"": [
    -8.309458327899991e+01,
    4.243193386700010e+01
  ],
  ""type"": ""Point""
}","{
  ""coordinates"": [
    -83.094583279,
    42.431933867
  ],
  ""type"": ""Point""
}",-83.0945832789999,42.4319338670001
22348,9202869,E I 96,WYOMING,2015-01-04,4,1,2015,19,1,4,1,,1,0,,3,5,4,45,2,2,5,5,0,0,0,0,true,,false,false,true,false,false,,,,,,false,true,false,,,false,false,false,false,false,-83.159,42.38525,"{
  ""coordinates"": [
    -8.315900138799999e+01,
    4.238524722000010e+01
  ],
  ""type"": ""Point""
}","{
  ""coordinates"": [
    -83.159001388,
    42.38524722
  ],
  ""type"": ""Point""
}",-83.159001388,42.3852472200001
22349,9172944,GRATIOT,STATE FAIR,2015-01-04,4,1,2015,10,1,4,3,,1,0,,2,4,1,35,9,2,3,4,0,0,0,2,false,,true,true,false,false,false,,,,,,false,false,true,,,false,false,false,false,false,-82.97281,42.44249,"{
  ""coordinates"": [
    -8.297280673700000e+01,
    4.244248633500010e+01
  ],
  ""type"": ""Point""
}","{
  ""coordinates"": [
    -82.972806737,
    42.442486335
  ],
  ""type"": ""Point""
}",-82.972806737,42.4424863350001
22350,9202885,SCHAEFER,E I 96 SERVICE DRIVE,2015-01-04,4,1,2015,20,1,4,1,,4,0,,3,5,4,35,5,2,3,5,0,0,0,0,true,,false,false,false,false,false,,,,,,false,false,false,,,false,false,false,false,false,-83.17834,42.38266,"{
  ""coordinates"": [
    -8.317833602300000e+01,
    4.238266509000000e+01
  ],
  ""type"": ""Point""
}","{
  ""coordinates"": [
    -83.178336023,
    42.38266509
  ],
  ""type"": ""Point""
}",-83.178336023,42.38266509
22351,9147304,I-375,MADISON,2015-01-04,4,1,2015,18,1,1,1,,1,1,,3,1,4,55,4,1,1,5,0,0,0,0,true,,false,false,false,false,false,,,,,,false,false,false,,,false,false,false,false,false,-83.04405,42.34339,"{
  ""coordinates"": [
    -8.304405116299991e+01,
    4.234339168500000e+01
  ],
  ""type"": ""Point""
}","{
  ""coordinates"": [
    -83.044051163,
    42.343391685
  ],
  ""type"": ""Point""
}",-83.0440511629999,42.343391685