ObjectId,Crash ID,Primary Road,Intersecting Road,Crash Date,Day,Month,Year,Hour,Weekday,Crash Type Code,Highway Classification Code,Community Code,Jurisdiction Code,Lane Departure Type Code,Surface Type,Road Condition,Weather Condition,Lighting Condition,Speed Limit,Lanes,Units,Occupants,Most Severe Injury,Fatal Injuries,Suspected Serious Injuries,Suspected Minor Injuries,Possible Injuries,Property Damage Only,Secondary Crash,Traffic Control,Red Light Run,Hit and Run,Alcohol,Drugs,Unbelted Person,Work Zone,Speeding Driver,Distracted Driver,Driveway,Pedestrian,Elderly Driver,Young Driver,Commercial Vehicle,Emergency Vehicles,Train,School Bus,Motorcycle,Bicycle,Deer,Longitude,Latitude,geom,geog,x,y
22467,9147301,W I 96,E M 8,2015-01-03,3,1,2015,10,7,8,1,,1,0,,3,5,1,70,3,2,2,5,0,0,0,0,true,,false,false,false,false,false,,,,,,false,false,true,,,false,false,false,false,false,-83.15295,42.38497,"{
  ""coordinates"": [
    -8.315294996499991e+01,
    4.238496712500010e+01
  ],
  ""type"": ""Point""
}","{
  ""coordinates"": [
    -83.152949965,
    42.384967125
  ],
  ""type"": ""Point""
}",-83.1529499649999,42.3849671250001
22468,9152173,E I 96,E I 96 CD,2015-01-03,3,1,2015,12,7,97,1,,1,0,,3,5,1,70,3,2,2,5,0,0,0,0,true,,false,false,true,false,false,,,,,,false,false,true,,,false,false,false,false,false,-83.25484,42.3854,"{
  ""coordinates"": [
    -8.325483434700000e+01,
    4.238540352400000e+01
  ],
  ""type"": ""Point""
}","{
  ""coordinates"": [
    -83.254834347,
    42.385403524
  ],
  ""type"": ""Point""
}",-83.254834347,42.385403524
22469,9146336,I-96,GRAND,2015-01-03,3,1,2015,1,7,8,1,,1,0,,3,2,5,70,3,2,1,5,0,0,0,0,true,,false,false,true,false,false,,,,,,false,true,false,,,false,false,false,false,false,-83.11102,42.35596,"{
  ""coordinates"": [
    -8.311102005399989e+01,
    4.235596051500000e+01
  ],
  ""type"": ""Point""
}","{
  ""coordinates"": [
    -83.111020054,
    42.355960515
  ],
  ""type"": ""Point""
}",-83.1110200539999,42.355960515
22470,9152471,HUNTINGTON,SANTA MARIA,2015-01-03,3,1,2015,13,7,8,9,,,0,,2,4,1,25,2,2,0,5,0,0,0,0,true,,false,false,true,false,false,,,,,,false,false,false,,,false,false,false,false,false,-83.23294,42.41761,"{
  ""coordinates"": [
    -8.323293765499990e+01,
    4.241760653400010e+01
  ],
  ""type"": ""Point""
}","{
  ""coordinates"": [
    -83.232937655,
    42.417606534
  ],
  ""type"": ""Point""
}",-83.2329376549999,42.4176065340001
22471,9143439,GRAND RIVER,ABINGTON,2015-01-03,3,1,2015,10,7,5,3,,1,0,,3,2,1,35,3,2,1,4,0,0,0,1,false,,false,false,false,false,false,,,,,,false,false,true,,,false,false,false,false,false,-83.21091,42.39772,"{
  ""coordinates"": [
    -8.321090583700000e+01,
    4.239772185500000e+01
  ],
  ""type"": ""Point""
}","{
  ""coordinates"": [
    -83.210905837,
    42.397721855
  ],
  ""type"": ""Point""
}",-83.210905837,42.397721855
22472,9162436,M39 SERVICE DRIVE,PAUL,2015-01-03,3,1,2015,13,7,4,9,,4,0,,2,1,1,25,2,2,5,4,0,0,0,1,false,,false,false,false,false,false,,,,,,false,false,false,,,false,false,false,false,false,-83.21541,42.33613,"{
  ""coordinates"": [
    -8.321540674999990e+01,
    4.233613367400010e+01
  ],
  ""type"": ""Point""
}","{
  ""coordinates"": [
    -83.21540675,
    42.336133674
  ],
  ""type"": ""Point""
}",-83.2154067499999,42.3361336740001
22473,9143428,JOY,GREENFIELD,2015-01-03,3,1,2015,13,7,5,9,,2,0,,3,5,1,35,3,2,2,5,0,0,0,0,true,,false,false,true,false,false,,,,,,false,false,true,,,false,false,false,false,false,-83.19711,42.35812,"{
  ""coordinates"": [
    -8.319710595299991e+01,
    4.235812519000010e+01
  ],
  ""type"": ""Point""
}","{
  ""coordinates"": [
    -83.197105953,
    42.35812519
  ],
  ""type"": ""Point""
}",-83.1971059529999,42.3581251900001
22474,9143280,I 96,WYOMING,2015-01-03,3,1,2015,11,7,1,1,,1,1,,3,4,1,55,3,1,1,5,0,0,0,0,true,,false,false,false,false,false,,,,,,false,false,false,,,false,false,false,false,false,-83.1541,42.3852,"{
  ""coordinates"": [
    -8.315409769400000e+01,
    4.238519832400000e+01
  ],
  ""type"": ""Point""
}","{
  ""coordinates"": [
    -83.154097694,
    42.385198324
  ],
  ""type"": ""Point""
}",-83.154097694,42.385198324
22475,9147249,I-94,VAN DYKE,2015-01-03,3,1,2015,18,7,8,1,,1,0,,2,4,4,55,3,2,2,5,0,0,0,0,true,,false,false,false,false,false,,,,,,false,false,true,,,false,false,false,false,false,-83.02473,42.38508,"{
  ""coordinates"": [
    -8.302473095999990e+01,
    4.238507925600000e+01
  ],
  ""type"": ""Point""
}","{
  ""coordinates"": [
    -83.02473096,
    42.385079256
  ],
  ""type"": ""Point""
}",-83.0247309599999,42.385079256
22476,9147528,VERNOR,LIVERNOIS,2015-01-03,3,1,2015,21,7,4,9,,4,0,,2,4,4,30,2,2,1,5,0,0,0,0,true,,false,false,true,false,false,,,,,,false,false,false,,,false,false,false,false,false,-83.10989,42.31562,"{
  ""coordinates"": [
    -8.310989207300000e+01,
    4.231561497300000e+01
  ],
  ""type"": ""Point""
}","{
  ""coordinates"": [
    -83.109892073,
    42.315614973
  ],
  ""type"": ""Point""
}",-83.109892073,42.315614973
22477,9147515,MICHIGAN,WYOMING,2015-01-03,3,1,2015,21,7,97,2,,1,0,,2,4,4,35,5,2,1,4,0,0,0,1,false,,false,false,true,false,false,,,,,,true,false,false,,,false,false,false,false,false,-83.15642,42.32784,"{
  ""coordinates"": [
    -8.315642156299999e+01,
    4.232784160700000e+01
  ],
  ""type"": ""Point""
}","{
  ""coordinates"": [
    -83.156421563,
    42.327841607
  ],
  ""type"": ""Point""
}",-83.156421563,42.327841607
22478,9146486,GREENFIELD,PURITAN,2015-01-03,3,1,2015,17,7,5,9,,2,0,,3,7,1,35,2,2,1,4,0,0,0,1,false,,false,false,true,false,false,,,,,,false,true,false,,,false,false,false,false,false,-83.19901,42.40872,"{
  ""coordinates"": [
    -8.319900735899991e+01,
    4.240872195500000e+01
  ],
  ""type"": ""Point""
}","{
  ""coordinates"": [
    -83.199007359,
    42.408721955
  ],
  ""type"": ""Point""
}",-83.1990073589999,42.408721955
22479,9148885,CHALMERS,GLENFIELD,2015-01-03,3,1,2015,1,7,4,9,,4,0,,1,1,4,25,3,2,2,5,0,0,0,0,true,,false,false,true,false,false,,,,,,false,false,false,,,false,false,false,false,false,-82.97283,42.41771,"{
  ""coordinates"": [
    -8.297283058799999e+01,
    4.241770553500000e+01
  ],
  ""type"": ""Point""
}","{
  ""coordinates"": [
    -82.972830588,
    42.417705535
  ],
  ""type"": ""Point""
}",-82.972830588,42.417705535
22480,9146487,OUTER,SPENCER,2015-01-03,3,1,2015,21,7,8,9,,2,0,,2,4,5,35,2,2,1,4,0,0,0,1,false,,false,false,true,false,false,,,,,,false,false,true,,,false,false,false,false,false,-83.02689,42.44128,"{
  ""coordinates"": [
    -8.302689211300000e+01,
    4.244128296700010e+01
  ],
  ""type"": ""Point""
}","{
  ""coordinates"": [
    -83.026892113,
    42.441282967
  ],
  ""type"": ""Point""
}",-83.026892113,42.4412829670001
22481,9148888,WARREN,HARVARD,2015-01-03,3,1,2015,19,7,8,9,,4,0,,2,4,5,30,4,2,3,5,0,0,0,0,true,,false,false,true,false,false,,,,,,false,false,false,,,false,false,false,false,false,-82.93087,42.40569,"{
  ""coordinates"": [
    -8.293087300000001e+01,
    4.240568749600000e+01
  ],
  ""type"": ""Point""
}","{
  ""coordinates"": [
    -82.930873,
    42.405687496
  ],
  ""type"": ""Point""
}",-82.930873,42.405687496
22482,9147247,I-75,VERNOR,2015-01-03,3,1,2015,11,7,1,1,,1,1,,3,4,1,55,3,1,1,5,0,0,0,0,true,,false,false,false,false,false,,,,,,false,false,false,,,false,false,false,false,false,-83.12875,42.29173,"{
  ""coordinates"": [
    -8.312875293099999e+01,
    4.229173466000000e+01
  ],
  ""type"": ""Point""
}","{
  ""coordinates"": [
    -83.128752931,
    42.29173466
  ],
  ""type"": ""Point""
}",-83.128752931,42.29173466
22483,9144922,8 MILE,TRINITY,2015-01-03,3,1,2015,16,7,4,3,,1,0,,2,4,1,40,4,2,3,3,0,0,1,0,false,,false,false,false,false,false,,,,,,false,false,true,,,false,false,false,false,false,-83.25332,42.44338,"{
  ""coordinates"": [
    -8.325331788299999e+01,
    4.244337774000010e+01
  ],
  ""type"": ""Point""
}","{
  ""coordinates"": [
    -83.253317883,
    42.44337774
  ],
  ""type"": ""Point""
}",-83.253317883,42.4433777400001
22484,9147300,N/B I75,DAVISON,2015-01-03,3,1,2015,10,7,1,1,,1,1,,3,5,1,70,4,1,1,5,0,0,0,0,true,,false,false,false,false,false,,,,,,false,false,false,,,false,false,false,false,false,-83.07908,42.4085,"{
  ""coordinates"": [
    -8.307907911200000e+01,
    4.240849980100010e+01
  ],
  ""type"": ""Point""
}","{
  ""coordinates"": [
    -83.079079112,
    42.408499801
  ],
  ""type"": ""Point""
}",-83.079079112,42.4084998010001
22485,9143278,RAMP 135C,RAMP 135D,2015-01-03,3,1,2015,8,7,1,1,,1,1,,3,7,1,55,1,1,1,4,0,0,0,1,false,,false,false,false,false,false,,,,,,false,false,true,,,false,false,false,false,false,-83.23479,42.37967,"{
  ""coordinates"": [
    -8.323479412899999e+01,
    4.237966744000000e+01
  ],
  ""type"": ""Point""
}","{
  ""coordinates"": [
    -83.234794129,
    42.37966744
  ],
  ""type"": ""Point""
}",-83.234794129,42.37966744
22486,9143456,I-75,CARPENTER,2015-01-03,3,1,2015,9,7,1,1,,1,1,,3,7,1,55,4,1,1,5,0,0,0,0,true,,false,false,false,false,false,,,,,,false,false,true,,,false,false,false,false,false,-83.07341,42.40421,"{
  ""coordinates"": [
    -8.307341230599999e+01,
    4.240420368100010e+01
  ],
  ""type"": ""Point""
}","{
  ""coordinates"": [
    -83.073412306,
    42.404203681
  ],
  ""type"": ""Point""
}",-83.073412306,42.4042036810001
22487,9144948,WYOMING,OUTER,2015-01-03,3,1,2015,19,7,5,9,,4,0,,6,4,4,30,2,2,3,5,0,0,0,0,true,,false,false,true,false,false,,,,,,false,false,false,,,false,false,false,false,false,-83.16109,42.43472,"{
  ""coordinates"": [
    -8.316109161000000e+01,
    4.243472004500010e+01
  ],
  ""type"": ""Point""
}","{
  ""coordinates"": [
    -83.16109161,
    42.434720045
  ],
  ""type"": ""Point""
}",-83.16109161,42.4347200450001
22488,9202877,GRAND RIVER,FREELAND,2015-01-03,3,1,2015,0,7,8,3,,1,0,,1,1,5,35,5,2,1,4,0,0,0,1,false,,false,false,false,false,false,,,,,,false,false,false,,,false,false,false,false,false,-83.18331,42.3866,"{
  ""coordinates"": [
    -8.318330777800000e+01,
    4.238659619300010e+01
  ],
  ""type"": ""Point""
}","{
  ""coordinates"": [
    -83.183307778,
    42.386596193
  ],
  ""type"": ""Point""
}",-83.183307778,42.3865961930001
22489,9144947,SCHAEFER,MCNICHOLS,2015-01-03,3,1,2015,15,7,5,9,,4,0,,2,4,1,30,2,2,5,5,0,0,0,0,true,,false,false,false,false,false,,,,,,false,false,false,,,false,false,false,false,false,-83.17979,42.41659,"{
  ""coordinates"": [
    -8.317979767500000e+01,
    4.241658889000010e+01
  ],
  ""type"": ""Point""
}","{
  ""coordinates"": [
    -83.179797675,
    42.41658889
  ],
  ""type"": ""Point""
}",-83.179797675,42.4165888900001
22490,9146490,8 MILE,NORWOOD,2015-01-03,3,1,2015,17,7,8,3,,1,0,,2,4,1,40,3,2,3,5,0,0,0,0,true,,false,false,false,false,false,,,,,,false,false,true,,,false,false,false,false,false,-83.06802,42.44721,"{
  ""coordinates"": [
    -8.306802207100000e+01,
    4.244720933900000e+01
  ],
  ""type"": ""Point""
}","{
  ""coordinates"": [
    -83.068022071,
    42.447209339
  ],
  ""type"": ""Point""
}",-83.068022071,42.447209339
22491,9152577,FAIRFIELD,FLORENCE,2015-01-03,3,1,2015,16,7,97,9,,,0,,2,4,1,25,1,2,3,4,0,0,0,2,false,,false,false,false,false,false,,,,,,false,false,true,,,false,false,false,false,false,-83.13503,42.41135,"{
  ""coordinates"": [
    -8.313502830700000e+01,
    4.241134969100010e+01
  ],
  ""type"": ""Point""
}","{
  ""coordinates"": [
    -83.135028307,
    42.411349691
  ],
  ""type"": ""Point""
}",-83.135028307,42.4113496910001
22492,9147316,W I 96,GRAND RIVER,2015-01-03,3,1,2015,13,7,5,1,,1,0,,2,4,1,70,4,2,2,5,0,0,0,0,true,,false,false,true,false,false,,,,,,false,false,false,,,false,false,false,false,false,-83.17558,42.38392,"{
  ""coordinates"": [
    -8.317557615399990e+01,
    4.238392393200010e+01
  ],
  ""type"": ""Point""
}","{
  ""coordinates"": [
    -83.175576154,
    42.383923932
  ],
  ""type"": ""Point""
}",-83.1755761539999,42.3839239320001
22493,9152473,CLARITA,GRAYDALE,2015-01-03,3,1,2015,4,7,97,9,,,0,,3,5,5,25,1,2,1,4,0,0,0,1,false,,false,false,true,false,false,,,,,,false,false,false,,,false,false,false,true,false,-83.25698,42.42637,"{
  ""coordinates"": [
    -8.325698263000000e+01,
    4.242637146500000e+01
  ],
  ""type"": ""Point""
}","{
  ""coordinates"": [
    -83.25698263,
    42.426371465
  ],
  ""type"": ""Point""
}",-83.25698263,42.426371465
22494,9152433,PLYMOUTH,ABINGTON,2015-01-03,3,1,2015,11,7,1,9,,4,0,,2,4,1,35,4,1,1,5,0,0,0,0,true,,false,false,false,false,false,,,,,,false,false,false,,,false,false,false,false,false,-83.21074,42.37237,"{
  ""coordinates"": [
    -8.321074088599990e+01,
    4.237236973500010e+01
  ],
  ""type"": ""Point""
}","{
  ""coordinates"": [
    -83.210740886,
    42.372369735
  ],
  ""type"": ""Point""
}",-83.2107408859999,42.3723697350001
22495,9143279,E I 96,GREENFIELD,2015-01-03,3,1,2015,9,7,1,1,,1,1,,2,4,1,55,3,1,1,4,0,0,0,1,false,,false,false,false,false,false,,,,,,false,false,true,,,false,false,false,false,false,-83.19557,42.37907,"{
  ""coordinates"": [
    -8.319556830300000e+01,
    4.237907457800000e+01
  ],
  ""type"": ""Point""
}","{
  ""coordinates"": [
    -83.195568303,
    42.379074578
  ],
  ""type"": ""Point""
}",-83.195568303,42.379074578
22496,9144918,ROSA PARKS,TAYLOR,2015-01-03,3,1,2015,5,7,4,9,,4,0,,2,4,2,35,6,2,4,5,0,0,0,0,true,,false,false,true,false,false,,,,,,false,false,false,,,false,false,false,false,false,-83.09864,42.37571,"{
  ""coordinates"": [
    -8.309864092600000e+01,
    4.237571123800010e+01
  ],
  ""type"": ""Point""
}","{
  ""coordinates"": [
    -83.098640926,
    42.375711238
  ],
  ""type"": ""Point""
}",-83.098640926,42.3757112380001
22497,9165750,8MILE,ROSELAWN,2015-01-02,2,1,2015,17,6,9,3,,1,0,,1,1,1,40,4,2,2,5,0,0,0,0,true,,false,false,false,false,false,,,,,,false,false,false,,,false,false,false,false,false,-83.15356,42.44583,"{
  ""coordinates"": [
    -8.315356462100000e+01,
    4.244582590000000e+01
  ],
  ""type"": ""Point""
}","{
  ""coordinates"": [
    -83.153564621,
    42.4458259
  ],
  ""type"": ""Point""
}",-83.153564621,42.4458259
22498,9343493,BRUSH,HENDRIE,2015-01-02,2,1,2015,15,6,8,9,,4,0,,1,1,1,35,4,2,2,5,0,0,0,0,true,,false,false,true,false,false,,,,,,false,false,false,,,false,false,false,false,false,-83.06404,42.36502,"{
  ""coordinates"": [
    -8.306404434099990e+01,
    4.236502315300000e+01
  ],
  ""type"": ""Point""
}","{
  ""coordinates"": [
    -83.064044341,
    42.365023153
  ],
  ""type"": ""Point""
}",-83.0640443409999,42.365023153
22499,9202872,SCHAEFER,W I 96 SERVICE DRIVE,2015-01-02,2,1,2015,10,6,5,1,,4,0,,1,2,1,30,4,3,3,4,0,0,0,1,false,,false,false,false,false,false,,,,,,false,true,false,,,false,false,false,false,false,-83.17838,42.38375,"{
  ""coordinates"": [
    -8.317837272600001e+01,
    4.238375070000010e+01
  ],
  ""type"": ""Point""
}","{
  ""coordinates"": [
    -83.178372726,
    42.3837507
  ],
  ""type"": ""Point""
}",-83.178372726,42.3837507000001
22500,9202902,LAUDER,MCNICHOLS,2015-01-02,2,1,2015,17,6,97,9,,,0,,1,1,5,25,2,2,2,5,0,0,0,0,true,,false,false,true,false,false,,,,,,false,false,true,,,false,false,false,false,false,-83.19202,42.4159,"{
  ""coordinates"": [
    -8.319201338700000e+01,
    4.241590220500010e+01
  ],
  ""type"": ""Point""
}","{
  ""coordinates"": [
    -83.192013387,
    42.415902205
  ],
  ""type"": ""Point""
}",-83.192013387,42.4159022050001
22501,9153927,GRAND RIVER,SOUTHFIELD SERVICE DRIVE,2015-01-02,2,1,2015,11,6,8,3,,1,0,,1,1,1,35,2,2,3,5,0,0,0,0,true,,false,false,false,false,false,,,,,,false,true,false,,,false,false,false,false,false,-83.21859,42.40082,"{
  ""coordinates"": [
    -8.321858780500000e+01,
    4.240082126400010e+01
  ],
  ""type"": ""Point""
}","{
  ""coordinates"": [
    -83.218587805,
    42.400821264
  ],
  ""type"": ""Point""
}",-83.218587805,42.4008212640001
22502,9143302,E I 96,GREENFIELD,2015-01-02,2,1,2015,15,6,1,1,,1,1,,1,1,1,70,3,1,1,5,0,0,0,0,true,,false,false,false,false,false,,,,,,false,false,false,,,false,false,false,false,false,-83.2,42.37906,"{
  ""coordinates"": [
    -8.319999888000000e+01,
    4.237905748500000e+01
  ],
  ""type"": ""Point""
}","{
  ""coordinates"": [
    -83.19999888,
    42.379057485
  ],
  ""type"": ""Point""
}",-83.19999888,42.379057485
22503,9234029,PROMENADE,HAYES,2015-01-02,2,1,2015,20,6,2,9,,,2,,1,1,4,25,2,2,0,5,0,0,0,0,true,,false,false,true,false,false,,,,,,false,false,false,,,false,false,false,false,false,-82.96508,42.41364,"{
  ""coordinates"": [
    -8.296508390199990e+01,
    4.241363647300010e+01
  ],
  ""type"": ""Point""
}","{
  ""coordinates"": [
    -82.965083902,
    42.413636473
  ],
  ""type"": ""Point""
}",-82.9650839019999,42.4136364730001
22504,9143425,SCHOOLCRAFT,ROSEMONT,2015-01-02,2,1,2015,12,6,8,9,,2,0,,1,2,1,30,1,2,2,5,0,0,0,0,true,,false,false,false,false,false,,,,,,false,false,true,,,false,false,false,false,false,-83.21946,42.38664,"{
  ""coordinates"": [
    -8.321945743899990e+01,
    4.238664132300000e+01
  ],
  ""type"": ""Point""
}","{
  ""coordinates"": [
    -83.219457439,
    42.386641323
  ],
  ""type"": ""Point""
}",-83.2194574389999,42.386641323
22505,9150192,ROSEMONT,PLYMOUTH,2015-01-02,2,1,2015,9,6,97,9,,,0,,97,98,98,25,1,2,2,4,0,0,0,1,false,,false,false,false,false,false,,,,,,false,true,false,,,false,false,false,false,false,-83.21923,42.3722,"{
  ""coordinates"": [
    -8.321922689300000e+01,
    4.237220538700010e+01
  ],
  ""type"": ""Point""
}","{
  ""coordinates"": [
    -83.219226893,
    42.372205387
  ],
  ""type"": ""Point""
}",-83.219226893,42.3722053870001
22506,9147517,SCHAEFER,FORT,2015-01-02,2,1,2015,19,6,5,7,,1,0,,1,1,4,35,4,2,2,4,0,0,0,1,false,,false,false,false,false,false,,,,,,false,false,false,,,false,false,false,false,false,-83.15548,42.27642,"{
  ""coordinates"": [
    -8.315547832500000e+01,
    4.227642026600010e+01
  ],
  ""type"": ""Point""
}","{
  ""coordinates"": [
    -83.155478325,
    42.276420266
  ],
  ""type"": ""Point""
}",-83.155478325,42.2764202660001
22507,9143274,S I 75,TRUMBULL,2015-01-02,2,1,2015,5,6,1,1,,1,1,,1,1,4,70,4,1,2,5,0,0,0,0,true,,false,false,false,false,false,,,,,,false,false,false,,,false,false,false,false,false,-83.06965,42.33427,"{
  ""coordinates"": [
    -8.306964846900000e+01,
    4.233427233100010e+01
  ],
  ""type"": ""Point""
}","{
  ""coordinates"": [
    -83.069648469,
    42.334272331
  ],
  ""type"": ""Point""
}",-83.069648469,42.3342723310001
22508,9144921,7 MILE,GREENVIEW,2015-01-02,2,1,2015,21,6,2,9,,2,0,,1,1,4,40,4,2,2,5,0,0,0,0,true,,false,false,true,false,false,,,,,,false,false,true,,,false,false,false,false,false,-83.22544,42.4299,"{
  ""coordinates"": [
    -8.322544095700000e+01,
    4.242990006300000e+01
  ],
  ""type"": ""Point""
}","{
  ""coordinates"": [
    -83.225440957,
    42.429900063
  ],
  ""type"": ""Point""
}",-83.225440957,42.429900063
22509,9202916,MCCLELLAN,MACK,2015-01-02,2,1,2015,22,6,9,9,,4,0,,4,5,4,30,2,2,1,5,0,0,0,0,true,,false,false,true,false,false,,,,,,false,false,false,,,false,false,false,false,false,-82.9941,42.37203,"{
  ""coordinates"": [
    -8.299410179099991e+01,
    4.237203188500010e+01
  ],
  ""type"": ""Point""
}","{
  ""coordinates"": [
    -82.994101791,
    42.372031885
  ],
  ""type"": ""Point""
}",-82.9941017909999,42.3720318850001
22510,9144919,DAVISON,WILDEMERE,2015-01-02,2,1,2015,6,6,5,3,,1,0,,1,1,5,35,7,2,2,5,0,0,0,0,true,,false,false,false,false,false,,,,,,false,false,false,,,false,false,false,false,false,-83.12762,42.39094,"{
  ""coordinates"": [
    -8.312762622000000e+01,
    4.239093896100010e+01
  ],
  ""type"": ""Point""
}","{
  ""coordinates"": [
    -83.12762622,
    42.390938961
  ],
  ""type"": ""Point""
}",-83.12762622,42.3909389610001
22511,9152469,GRANDVIEW,SEVEN MILE,2015-01-02,2,1,2015,13,6,97,9,,,0,,1,1,1,25,2,2,1,5,0,0,0,0,true,,false,false,false,false,false,,,,,,false,false,false,,,false,false,false,false,false,-83.28493,42.42892,"{
  ""coordinates"": [
    -8.328492469100000e+01,
    4.242891765400000e+01
  ],
  ""type"": ""Point""
}","{
  ""coordinates"": [
    -83.284924691,
    42.428917654
  ],
  ""type"": ""Point""
}",-83.284924691,42.428917654
22512,9148881,PLYMOUTH,PENROD,2015-01-02,2,1,2015,20,6,4,9,,4,0,,1,1,4,35,9,2,4,4,0,0,0,1,false,,false,false,false,false,false,,,,,,false,false,false,,,false,false,false,false,false,-83.22044,42.37218,"{
  ""coordinates"": [
    -8.322044297699991e+01,
    4.237217922400000e+01
  ],
  ""type"": ""Point""
}","{
  ""coordinates"": [
    -83.220442977,
    42.372179224
  ],
  ""type"": ""Point""
}",-83.2204429769999,42.372179224
22513,9150196,JEFFERSON,VAN DYKE,2015-01-02,2,1,2015,20,6,1,9,,4,0,,1,2,4,35,7,2,1,2,0,1,0,0,false,,false,false,false,true,false,,,,,,true,false,true,,,false,false,false,false,false,-82.99544,42.35103,"{
  ""coordinates"": [
    -8.299543472600000e+01,
    4.235103380600000e+01
  ],
  ""type"": ""Point""
}","{
  ""coordinates"": [
    -82.995434726,
    42.351033806
  ],
  ""type"": ""Point""
}",-82.995434726,42.351033806
22514,9147498,CAMPBELL,CHRISTANCY,2015-01-02,2,1,2015,15,6,4,9,,,0,,1,1,1,25,3,2,2,5,0,0,0,0,true,,true,false,false,false,false,,,,,,false,false,true,,,false,false,false,false,false,-83.1021,42.31465,"{
  ""coordinates"": [
    -8.310209367600000e+01,
    4.231465001000000e+01
  ],
  ""type"": ""Point""
}","{
  ""coordinates"": [
    -83.102093676,
    42.31465001
  ],
  ""type"": ""Point""
}",-83.102093676,42.31465001
22515,9143419,LONYO,HENDERSON,2015-01-02,2,1,2015,23,6,5,9,,4,0,,1,1,4,25,2,2,3,5,0,0,0,0,true,,false,false,false,false,false,,,,,,false,false,true,,,false,false,false,false,false,-83.14701,42.33403,"{
  ""coordinates"": [
    -8.314700800799990e+01,
    4.233402489700010e+01
  ],
  ""type"": ""Point""
}","{
  ""coordinates"": [
    -83.147008008,
    42.334024897
  ],
  ""type"": ""Point""
}",-83.1470080079999,42.3340248970001
22516,9147307,E I 96,RAMP 008J,2015-01-02,2,1,2015,23,6,5,1,,1,0,,1,2,4,55,3,2,1,5,0,0,0,0,true,,false,false,true,false,false,,,,,,false,false,false,,,false,false,false,false,false,-83.22681,42.37786,"{
  ""coordinates"": [
    -8.322681471899990e+01,
    4.237786496100010e+01
  ],
  ""type"": ""Point""
}","{
  ""coordinates"": [
    -83.226814719,
    42.377864961
  ],
  ""type"": ""Point""
}",-83.2268147189999,42.3778649610001
22517,9143451,MCNICHOLS,JEROME,2015-01-02,2,1,2015,5,6,1,9,,4,1,,1,1,4,35,4,1,1,5,0,0,0,0,true,,false,false,false,false,false,,,,,,false,false,false,,,false,false,false,false,false,-83.07517,42.41861,"{
  ""coordinates"": [
    -8.307517006400001e+01,
    4.241861129400010e+01
  ],
  ""type"": ""Point""
}","{
  ""coordinates"": [
    -83.075170064,
    42.418611294
  ],
  ""type"": ""Point""
}",-83.075170064,42.4186112940001
22518,9148900,DAVISON,DEXTER,2015-01-02,2,1,2015,16,6,8,3,,1,0,,1,1,1,35,3,3,4,4,0,0,0,2,false,,false,false,false,false,false,,,,,,false,false,false,,,false,false,false,false,false,-83.13116,42.38963,"{
  ""coordinates"": [
    -8.313115903700000e+01,
    4.238962756300000e+01
  ],
  ""type"": ""Point""
}","{
  ""coordinates"": [
    -83.131159037,
    42.389627563
  ],
  ""type"": ""Point""
}",-83.131159037,42.389627563
22519,9143423,VAUGHAN,ELMIRA,2015-01-02,2,1,2015,10,6,8,9,,,0,,1,2,1,25,1,2,2,5,0,0,0,0,true,,false,false,false,false,false,,,,,,false,false,true,,,false,false,false,false,false,-83.2374,42.36921,"{
  ""coordinates"": [
    -8.323740007500000e+01,
    4.236920541100010e+01
  ],
  ""type"": ""Point""
}","{
  ""coordinates"": [
    -83.237400075,
    42.369205411
  ],
  ""type"": ""Point""
}",-83.237400075,42.3692054110001
22520,9147279,I-75,CLAY,2015-01-02,2,1,2015,14,6,5,1,,1,0,,1,2,1,70,3,4,6,4,0,0,0,2,false,,false,false,false,false,false,,,,,,false,false,true,,,false,false,false,false,false,-83.06202,42.37706,"{
  ""coordinates"": [
    -8.306202283899999e+01,
    4.237705771700010e+01
  ],
  ""type"": ""Point""
}","{
  ""coordinates"": [
    -83.062022839,
    42.377057717
  ],
  ""type"": ""Point""
}",-83.062022839,42.3770577170001
22521,9143422,WARREN,GRAYTON,2015-01-02,2,1,2015,18,6,1,9,,4,0,,1,1,4,30,5,2,1,4,0,0,0,1,false,,false,false,false,false,false,,,,,,true,false,true,,,false,false,false,false,false,-82.93218,42.40521,"{
  ""coordinates"": [
    -8.293218122000000e+01,
    4.240520809900000e+01
  ],
  ""type"": ""Point""
}","{
  ""coordinates"": [
    -82.93218122,
    42.405208099
  ],
  ""type"": ""Point""
}",-82.93218122,42.405208099
22522,9143289,RAMP 109A,N M 10,2015-01-02,2,1,2015,6,6,1,3,,1,1,,1,1,5,55,1,1,1,5,0,0,0,0,true,,false,false,false,false,false,,,,,,false,false,false,,,false,false,false,false,false,-83.1093,42.39819,"{
  ""coordinates"": [
    -8.310929725499990e+01,
    4.239819213500000e+01
  ],
  ""type"": ""Point""
}","{
  ""coordinates"": [
    -83.109297255,
    42.398192135
  ],
  ""type"": ""Point""
}",-83.1092972549999,42.398192135
22523,9199235,FISHER,SECOND,2015-01-02,2,1,2015,21,6,5,1,,4,0,,1,1,4,30,3,3,4,5,0,0,0,0,true,,false,false,true,false,false,,,,,,false,false,true,,,false,false,false,false,false,-83.05857,42.33726,"{
  ""coordinates"": [
    -8.305856854800000e+01,
    4.233725835500010e+01
  ],
  ""type"": ""Point""
}","{
  ""coordinates"": [
    -83.058568548,
    42.337258355
  ],
  ""type"": ""Point""
}",-83.058568548,42.3372583550001