ObjectId,Crash ID,Primary Road,Intersecting Road,Crash Date,Day,Month,Year,Hour,Weekday,Crash Type Code,Highway Classification Code,Community Code,Jurisdiction Code,Lane Departure Type Code,Surface Type,Road Condition,Weather Condition,Lighting Condition,Speed Limit,Lanes,Units,Occupants,Most Severe Injury,Fatal Injuries,Suspected Serious Injuries,Suspected Minor Injuries,Possible Injuries,Property Damage Only,Secondary Crash,Traffic Control,Red Light Run,Hit and Run,Alcohol,Drugs,Unbelted Person,Work Zone,Speeding Driver,Distracted Driver,Driveway,Pedestrian,Elderly Driver,Young Driver,Commercial Vehicle,Emergency Vehicles,Train,School Bus,Motorcycle,Bicycle,Deer,Longitude,Latitude,geom,geog,x,y
22524,9143455,MCNICHOLS,JOS CAMPAU,2015-01-02,2,1,2015,14,6,4,9,,4,0,,1,1,1,30,5,3,3,5,0,0,0,0,true,,true,true,false,false,false,,,,,,false,true,false,,,false,false,false,false,false,-83.07258,42.4186,"{
  ""coordinates"": [
    -8.307257814099999e+01,
    4.241859792600010e+01
  ],
  ""type"": ""Point""
}","{
  ""coordinates"": [
    -83.072578141,
    42.418597926
  ],
  ""type"": ""Point""
}",-83.072578141,42.4185979260001
22525,9148894,MACK,CHALMERS,2015-01-02,2,1,2015,21,6,4,9,,4,0,,1,1,4,35,5,3,3,4,0,0,0,1,false,,true,true,false,false,false,,,,,,false,true,false,,,false,false,false,false,false,-82.95295,42.38648,"{
  ""coordinates"": [
    -8.295294636200001e+01,
    4.238647768100000e+01
  ],
  ""type"": ""Point""
}","{
  ""coordinates"": [
    -82.952946362,
    42.386477681
  ],
  ""type"": ""Point""
}",-82.952946362,42.386477681
22526,9171824,WB I-94,GRATIOT,2015-01-02,2,1,2015,1,6,1,1,,1,1,,1,1,4,55,3,1,1,5,0,0,0,0,true,,false,false,true,false,false,,,,,,false,false,true,,,false,false,false,false,false,-83.00599,42.3916,"{
  ""coordinates"": [
    -8.300598709600000e+01,
    4.239159932400000e+01
  ],
  ""type"": ""Point""
}","{
  ""coordinates"": [
    -83.005987096,
    42.391599324
  ],
  ""type"": ""Point""
}",-83.005987096,42.391599324
22527,9147504,RAMP 138C,DAVISON,2015-01-02,2,1,2015,15,6,97,1,,1,0,,1,1,1,25,1,2,1,5,0,0,0,0,true,,false,false,true,false,false,,,,,,false,false,false,,,false,false,false,false,false,-83.15552,42.38586,"{
  ""coordinates"": [
    -8.315552031399990e+01,
    4.238585940000010e+01
  ],
  ""type"": ""Point""
}","{
  ""coordinates"": [
    -83.155520314,
    42.3858594
  ],
  ""type"": ""Point""
}",-83.1555203139999,42.3858594000001
22528,9162452,CARPENTER,MACKAY,2015-01-02,2,1,2015,19,6,8,9,,4,0,,1,1,1,25,2,2,0,5,0,0,0,0,true,,false,false,true,false,false,,,,,,false,false,false,,,false,false,false,false,false,-83.06645,42.40553,"{
  ""coordinates"": [
    -8.306645008299991e+01,
    4.240553292600000e+01
  ],
  ""type"": ""Point""
}","{
  ""coordinates"": [
    -83.066450083,
    42.405532926
  ],
  ""type"": ""Point""
}",-83.0664500829999,42.405532926
22529,9148873,CONNER,PROMENADE,2015-01-02,2,1,2015,15,6,4,3,,4,0,,1,1,1,35,4,2,4,5,0,0,0,0,true,,false,false,false,false,false,,,,,,false,false,true,,,false,false,false,false,false,-82.99724,42.40471,"{
  ""coordinates"": [
    -8.299723643499991e+01,
    4.240470900800010e+01
  ],
  ""type"": ""Point""
}","{
  ""coordinates"": [
    -82.997236435,
    42.404709008
  ],
  ""type"": ""Point""
}",-82.9972364349999,42.4047090080001
22530,9209402,CONNER,GRATIOT,2015-01-02,2,1,2015,20,6,5,3,,4,0,,1,1,5,35,5,2,3,4,0,0,0,2,false,,false,false,true,false,false,,,,,,false,false,false,,,false,false,false,false,false,-82.9975,42.40491,"{
  ""coordinates"": [
    -8.299749493099991e+01,
    4.240490783300000e+01
  ],
  ""type"": ""Point""
}","{
  ""coordinates"": [
    -82.997494931,
    42.404907833
  ],
  ""type"": ""Point""
}",-82.9974949309999,42.404907833
22531,9143426,JOY,LONGACRE,2015-01-02,2,1,2015,16,6,5,9,,2,0,,1,2,1,30,2,3,4,5,0,0,0,0,true,,false,false,false,false,false,,,,,,false,false,false,,,false,false,false,false,false,-83.21366,42.35791,"{
  ""coordinates"": [
    -8.321366015699989e+01,
    4.235790748000010e+01
  ],
  ""type"": ""Point""
}","{
  ""coordinates"": [
    -83.213660157,
    42.35790748
  ],
  ""type"": ""Point""
}",-83.2136601569999,42.3579074800001
22532,9158193,JOY,STOEPEL,2015-01-02,2,1,2015,10,6,97,9,,4,0,,1,1,1,30,4,2,1,5,0,0,0,0,true,,false,false,true,false,false,,,,,,false,false,false,,,false,false,false,false,false,-83.13952,42.35934,"{
  ""coordinates"": [
    -8.313951619700001e+01,
    4.235934078300010e+01
  ],
  ""type"": ""Point""
}","{
  ""coordinates"": [
    -83.139516197,
    42.359340783
  ],
  ""type"": ""Point""
}",-83.139516197,42.3593407830001
22533,9144925,PICKFORD,LENORE,2015-01-02,2,1,2015,16,6,4,9,,,0,,1,1,1,25,4,2,1,5,0,0,0,0,true,,false,false,true,false,false,,,,,,false,false,false,,,false,false,false,false,false,-83.28136,42.42342,"{
  ""coordinates"": [
    -8.328136650800000e+01,
    4.242342332700010e+01
  ],
  ""type"": ""Point""
}","{
  ""coordinates"": [
    -83.281366508,
    42.423423327
  ],
  ""type"": ""Point""
}",-83.281366508,42.4234233270001
22534,9143432,GRAND,GOETHE,2015-01-02,2,1,2015,10,6,8,9,,4,0,,1,1,1,30,4,2,1,5,0,0,0,0,true,,false,false,false,false,false,,,,,,false,false,false,,,false,false,false,false,false,-83.0119,42.36234,"{
  ""coordinates"": [
    -8.301190351900000e+01,
    4.236234118100000e+01
  ],
  ""type"": ""Point""
}","{
  ""coordinates"": [
    -83.011903519,
    42.362341181
  ],
  ""type"": ""Point""
}",-83.011903519,42.362341181
22535,9404432,TRUMBULL,ELM,2015-01-01,1,1,2015,2,5,4,9,,4,0,,1,1,4,30,2,3,4,5,0,0,0,0,true,,false,false,false,false,false,,,,,,false,false,true,,,false,false,false,false,false,-83.0715,42.33949,"{
  ""coordinates"": [
    -8.307149666100000e+01,
    4.233948410000000e+01
  ],
  ""type"": ""Point""
}","{
  ""coordinates"": [
    -83.071496661,
    42.3394841
  ],
  ""type"": ""Point""
}",-83.071496661,42.3394841
22536,9146322,W I 96 CD,RAMP 138C,2015-01-01,1,1,2015,4,5,1,1,,1,1,,1,1,4,70,4,1,2,5,0,0,0,0,true,,false,false,true,true,false,,,,,,false,false,false,,,false,false,false,false,false,-83.15505,42.38568,"{
  ""coordinates"": [
    -8.315505517699999e+01,
    4.238567692200010e+01
  ],
  ""type"": ""Point""
}","{
  ""coordinates"": [
    -83.155055177,
    42.385676922
  ],
  ""type"": ""Point""
}",-83.155055177,42.3856769220001
22537,9142123,MOTOR,8 MILE SERVICE DRIVE,2015-01-01,1,1,2015,7,5,5,3,,1,0,,1,2,4,30,2,2,3,4,0,0,0,1,false,,false,false,false,false,false,,,,,,false,false,true,,,false,false,false,false,false,-83.20415,42.44436,"{
  ""coordinates"": [
    -8.320415424700001e+01,
    4.244435709700010e+01
  ],
  ""type"": ""Point""
}","{
  ""coordinates"": [
    -83.204154247,
    42.444357097
  ],
  ""type"": ""Point""
}",-83.204154247,42.4443570970001
22538,9141401,M-39,PURITAN,2015-01-01,1,1,2015,8,5,1,3,,1,1,,1,1,1,55,3,1,5,4,0,0,0,3,false,,false,false,false,true,false,,,,,,false,false,false,,,false,false,false,false,false,-83.21886,42.41122,"{
  ""coordinates"": [
    -8.321885508500000e+01,
    4.241121731300010e+01
  ],
  ""type"": ""Point""
}","{
  ""coordinates"": [
    -83.218855085,
    42.411217313
  ],
  ""type"": ""Point""
}",-83.218855085,42.4112173130001
22539,9144927,7 MILE,LAUDER,2015-01-01,1,1,2015,16,5,4,9,,2,0,,1,1,1,35,4,2,4,5,0,0,0,0,true,,false,false,true,false,false,,,,,,false,true,false,,,false,false,false,false,false,-83.19238,42.43064,"{
  ""coordinates"": [
    -8.319238505200001e+01,
    4.243064154200000e+01
  ],
  ""type"": ""Point""
}","{
  ""coordinates"": [
    -83.192385052,
    42.430641542
  ],
  ""type"": ""Point""
}",-83.192385052,42.430641542
22540,9286231,HOLBROOK,I 75,2015-01-01,1,1,2015,1,5,1,9,,4,0,,3,1,4,30,2,1,1,4,0,0,0,1,false,,false,false,false,false,false,,,,,,false,false,true,,,false,false,false,false,false,-83.06809,42.38657,"{
  ""coordinates"": [
    -8.306809184199990e+01,
    4.238657093000010e+01
  ],
  ""type"": ""Point""
}","{
  ""coordinates"": [
    -83.068091842,
    42.38657093
  ],
  ""type"": ""Point""
}",-83.0680918419999,42.3865709300001
22541,9143447,ERWIN,LYNCH,2015-01-01,1,1,2015,2,5,97,9,,4,0,,1,1,4,30,2,2,1,5,0,0,0,0,true,,false,false,false,false,false,,,,,,false,false,false,,,false,false,false,false,false,-83.01833,42.40431,"{
  ""coordinates"": [
    -8.301833576500000e+01,
    4.240430641700000e+01
  ],
  ""type"": ""Point""
}","{
  ""coordinates"": [
    -83.018335765,
    42.404306417
  ],
  ""type"": ""Point""
}",-83.018335765,42.404306417
22542,9143440,GRATIOT,EASTBURN,2015-01-01,1,1,2015,23,5,4,3,,1,0,,1,1,4,35,9,2,3,5,0,0,0,0,true,,false,false,true,false,false,,,,,,false,false,false,,,false,false,false,false,false,-82.97098,42.44526,"{
  ""coordinates"": [
    -8.297097825500001e+01,
    4.244525432100000e+01
  ],
  ""type"": ""Point""
}","{
  ""coordinates"": [
    -82.970978255,
    42.445254321
  ],
  ""type"": ""Point""
}",-82.970978255,42.445254321
22543,9147542,SCHAEFER,LYNDON,2015-01-01,1,1,2015,18,5,8,9,,4,0,,1,1,4,30,2,2,2,5,0,0,0,0,true,,false,false,true,false,false,,,,,,false,true,false,,,false,false,false,false,false,-83.17879,42.39481,"{
  ""coordinates"": [
    -8.317879102099990e+01,
    4.239480819400010e+01
  ],
  ""type"": ""Point""
}","{
  ""coordinates"": [
    -83.178791021,
    42.394808194
  ],
  ""type"": ""Point""
}",-83.1787910209999,42.3948081940001
22544,9147516,FORT,WATERMAN,2015-01-01,1,1,2015,2,5,97,3,,1,0,,1,1,4,30,5,3,8,3,0,0,2,0,false,,false,false,true,false,false,,,,,,false,false,true,,,false,false,false,false,false,-83.10841,42.30453,"{
  ""coordinates"": [
    -8.310841193300000e+01,
    4.230453429100000e+01
  ],
  ""type"": ""Point""
}","{
  ""coordinates"": [
    -83.108411933,
    42.304534291
  ],
  ""type"": ""Point""
}",-83.108411933,42.304534291
22545,9203071,HOOVER,7 MILE,2015-01-01,1,1,2015,12,5,5,3,,1,0,,1,2,1,30,3,2,4,5,0,0,0,0,true,,false,false,true,false,false,,,,,,false,false,true,,,false,false,false,false,false,-83.00465,42.43387,"{
  ""coordinates"": [
    -8.300465255099989e+01,
    4.243387355900010e+01
  ],
  ""type"": ""Point""
}","{
  ""coordinates"": [
    -83.004652551,
    42.433873559
  ],
  ""type"": ""Point""
}",-83.0046525509999,42.4338735590001
22546,9150040,N/B I-75,SPRINGWELLS,2015-01-01,1,1,2015,3,5,1,1,,1,1,,1,2,4,55,4,1,2,5,0,0,0,0,true,,false,false,false,true,false,,,,,,false,false,false,,,false,false,false,false,false,-83.1209,42.30057,"{
  ""coordinates"": [
    -8.312090041000000e+01,
    4.230056790300010e+01
  ],
  ""type"": ""Point""
}","{
  ""coordinates"": [
    -83.12090041,
    42.300567903
  ],
  ""type"": ""Point""
}",-83.12090041,42.3005679030001
22547,9157406,CASS,CANFIELD,2015-01-01,1,1,2015,1,5,8,9,,4,0,,1,1,4,30,2,2,2,5,0,0,0,0,true,,false,false,false,false,false,,,,,,false,true,false,,,false,false,false,false,false,-83.06419,42.35168,"{
  ""coordinates"": [
    -8.306419298599999e+01,
    4.235168613100010e+01
  ],
  ""type"": ""Point""
}","{
  ""coordinates"": [
    -83.064192986,
    42.351686131
  ],
  ""type"": ""Point""
}",-83.064192986,42.3516861310001
22548,9155134,MONROE,ST ANTOINE,2015-01-01,1,1,2015,2,5,5,9,,4,3,,1,1,5,25,2,2,2,4,0,0,0,1,false,,false,false,false,false,false,,,,,,false,false,true,,,false,false,false,false,false,-83.04136,42.33543,"{
  ""coordinates"": [
    -8.304135590700000e+01,
    4.233542947900000e+01
  ],
  ""type"": ""Point""
}","{
  ""coordinates"": [
    -83.041355907,
    42.335429479
  ],
  ""type"": ""Point""
}",-83.041355907,42.335429479
22549,9142124,IROQUOIS,VERNOR,2015-01-01,1,1,2015,12,5,97,9,,,0,,1,1,1,25,2,2,2,5,0,0,0,0,true,,false,false,false,false,false,,,,,,false,false,false,,,false,false,false,false,false,-82.99686,42.36163,"{
  ""coordinates"": [
    -8.299685953999990e+01,
    4.236163384300000e+01
  ],
  ""type"": ""Point""
}","{
  ""coordinates"": [
    -82.99685954,
    42.361633843
  ],
  ""type"": ""Point""
}",-82.9968595399999,42.361633843
22550,9144928,MANSFIELD,TROJAN,2015-01-01,1,1,2015,11,5,8,9,,,0,,97,98,4,25,2,2,0,5,0,0,0,0,true,,false,false,true,false,false,,,,,,false,false,false,,,false,false,false,false,false,-83.20673,42.44122,"{
  ""coordinates"": [
    -8.320672239899990e+01,
    4.244121454700010e+01
  ],
  ""type"": ""Point""
}","{
  ""coordinates"": [
    -83.206722399,
    42.441214547
  ],
  ""type"": ""Point""
}",-83.2067223989999,42.4412145470001
22551,9142119,WOODWARD,EUCLID,2015-01-01,1,1,2015,9,5,1,3,,1,0,,1,1,1,30,7,3,1,1,1,0,1,1,false,,false,false,false,true,true,,,,,,true,false,true,,,false,false,false,false,false,-83.07789,42.3771,"{
  ""coordinates"": [
    -8.307788721599999e+01,
    4.237710255400000e+01
  ],
  ""type"": ""Point""
}","{
  ""coordinates"": [
    -83.077887216,
    42.377102554
  ],
  ""type"": ""Point""
}",-83.077887216,42.377102554
22552,9206994,GARLAND,MACK,2015-01-01,1,1,2015,2,5,97,9,,,0,,1,1,4,25,1,2,0,5,0,0,0,0,true,,false,false,true,false,false,,,,,,false,false,false,,,false,false,false,false,false,-82.98763,42.37494,"{
  ""coordinates"": [
    -8.298762157399990e+01,
    4.237493619300010e+01
  ],
  ""type"": ""Point""
}","{
  ""coordinates"": [
    -82.987621574,
    42.374936193
  ],
  ""type"": ""Point""
}",-82.9876215739999,42.3749361930001
22553,9142117,GROVE,SUSSEX,2015-01-01,1,1,2015,18,5,4,9,,,0,,1,1,4,25,2,3,2,5,0,0,0,0,true,,true,false,false,false,false,,,,,,false,false,true,,,false,false,false,false,false,-83.19554,42.41421,"{
  ""coordinates"": [
    -8.319553879700000e+01,
    4.241420726600010e+01
  ],
  ""type"": ""Point""
}","{
  ""coordinates"": [
    -83.195538797,
    42.414207266
  ],
  ""type"": ""Point""
}",-83.195538797,42.4142072660001
22554,9147511,JEFFERSON,REID,2015-01-01,1,1,2015,0,5,1,9,,4,1,,1,1,4,35,2,1,1,5,0,0,0,0,true,,false,false,false,false,false,,,,,,false,false,true,,,false,false,false,false,false,-83.10072,42.29824,"{
  ""coordinates"": [
    -8.310071658200000e+01,
    4.229824354900010e+01
  ],
  ""type"": ""Point""
}","{
  ""coordinates"": [
    -83.100716582,
    42.298243549
  ],
  ""type"": ""Point""
}",-83.100716582,42.2982435490001
22555,9599566,MADISON,BEAUBIEN,2015-01-01,1,1,2015,4,5,5,9,,4,0,,1,1,5,0,2,2,5,5,0,0,0,0,true,,false,false,false,false,false,,,,,,false,false,false,,,false,false,false,false,false,-83.04472,42.33779,"{
  ""coordinates"": [
    -8.304471553300000e+01,
    4.233779318500010e+01
  ],
  ""type"": ""Point""
}","{
  ""coordinates"": [
    -83.044715533,
    42.337793185
  ],
  ""type"": ""Point""
}",-83.044715533,42.3377931850001
22556,9143445,EMERY,KEATING,2015-01-01,1,1,2015,11,5,97,9,,,0,,1,1,1,25,2,2,0,5,0,0,0,0,true,,false,false,true,false,false,,,,,,false,true,false,,,false,false,false,false,false,-83.09992,42.43486,"{
  ""coordinates"": [
    -8.309992576199990e+01,
    4.243486594200000e+01
  ],
  ""type"": ""Point""
}","{
  ""coordinates"": [
    -83.099925762,
    42.434865942
  ],
  ""type"": ""Point""
}",-83.0999257619999,42.434865942
22557,9146307,I96,TELEGRAPH,2015-01-01,1,1,2015,6,5,5,1,,1,0,,1,1,4,70,4,2,4,5,0,0,0,0,true,,false,false,false,false,false,,,,,,false,false,true,,,false,false,false,false,false,-83.27406,42.3853,"{
  ""coordinates"": [
    -8.327406442800000e+01,
    4.238529599400000e+01
  ],
  ""type"": ""Point""
}","{
  ""coordinates"": [
    -83.274064428,
    42.385295994
  ],
  ""type"": ""Point""
}",-83.274064428,42.385295994
22558,9142116,HUBBELL,PURITAN,2015-01-01,1,1,2015,10,5,8,9,,4,0,,1,1,1,30,2,2,0,5,0,0,0,0,true,,false,false,true,false,false,,,,,,false,false,false,,,false,false,false,false,false,-83.18924,42.40933,"{
  ""coordinates"": [
    -8.318923678100001e+01,
    4.240932916400000e+01
  ],
  ""type"": ""Point""
}","{
  ""coordinates"": [
    -83.189236781,
    42.409329164
  ],
  ""type"": ""Point""
}",-83.189236781,42.409329164
22559,9143260,SB I-75,14TH,2015-01-01,1,1,2015,12,5,8,1,,1,0,,1,1,1,55,3,2,3,5,0,0,0,0,true,,false,false,false,true,true,,,,,,false,false,true,,,false,false,false,false,false,-83.07716,42.33253,"{
  ""coordinates"": [
    -8.307715985399990e+01,
    4.233252680400010e+01
  ],
  ""type"": ""Point""
}","{
  ""coordinates"": [
    -83.077159854,
    42.332526804
  ],
  ""type"": ""Point""
}",-83.0771598539999,42.3325268040001
22560,9143459,CONANT,OUTER,2015-01-01,1,1,2015,1,5,8,9,,4,0,,1,1,4,35,2,2,1,5,0,0,0,0,true,,false,false,false,true,false,,,,,,false,false,true,,,false,false,false,false,false,-83.07877,42.44003,"{
  ""coordinates"": [
    -8.307877620799999e+01,
    4.244002723100000e+01
  ],
  ""type"": ""Point""
}","{
  ""coordinates"": [
    -83.078776208,
    42.440027231
  ],
  ""type"": ""Point""
}",-83.078776208,42.440027231
22561,9143424,TELEGRAPH,PEMEBROOKE,2015-01-01,1,1,2015,22,5,97,2,,1,0,,1,1,3,45,4,2,1,5,0,0,0,0,true,,false,false,true,false,false,,,,,,false,false,false,,,false,false,false,false,false,-83.2787,42.43668,"{
  ""coordinates"": [
    -8.327869976700001e+01,
    4.243668018500010e+01
  ],
  ""type"": ""Point""
}","{
  ""coordinates"": [
    -83.278699767,
    42.436680185
  ],
  ""type"": ""Point""
}",-83.278699767,42.4366801850001
22562,9147497,LONYO,KIRKWOOD,2015-01-01,1,1,2015,14,5,6,9,,4,0,,1,1,1,25,4,2,2,5,0,0,0,0,true,,false,false,false,false,false,,,,,,false,false,true,,,false,false,false,false,false,-83.14886,42.33656,"{
  ""coordinates"": [
    -8.314885751400000e+01,
    4.233655793500000e+01
  ],
  ""type"": ""Point""
}","{
  ""coordinates"": [
    -83.148857514,
    42.336557935
  ],
  ""type"": ""Point""
}",-83.148857514,42.336557935
22563,9144942,STOEPEL,MCNICHOLS,2015-01-01,1,1,2015,14,5,4,9,,,0,,1,1,1,25,2,2,4,5,0,0,0,0,true,,false,false,true,false,false,,,,,,false,false,false,,,false,false,false,false,false,-83.14193,42.41723,"{
  ""coordinates"": [
    -8.314193029499999e+01,
    4.241722758300010e+01
  ],
  ""type"": ""Point""
}","{
  ""coordinates"": [
    -83.141930295,
    42.417227583
  ],
  ""type"": ""Point""
}",-83.141930295,42.4172275830001
22564,9146478,SAINT AUBIN,ANTIETAM,2015-01-01,1,1,2015,11,5,97,9,,4,0,,1,1,1,25,3,2,2,5,0,0,0,0,true,,false,false,false,false,false,,,,,,false,false,true,,,false,false,false,false,false,-83.03429,42.34555,"{
  ""coordinates"": [
    -8.303429171099999e+01,
    4.234555416700000e+01
  ],
  ""type"": ""Point""
}","{
  ""coordinates"": [
    -83.034291711,
    42.345554167
  ],
  ""type"": ""Point""
}",-83.034291711,42.345554167
22565,9143449,7 MILE,RIOPELLE,2015-01-01,1,1,2015,12,5,5,9,,4,0,,1,1,1,35,1,2,1,5,0,0,0,0,true,,false,false,true,false,false,,,,,,false,false,false,,,false,false,false,false,false,-83.086,42.4328,"{
  ""coordinates"": [
    -8.308600033399991e+01,
    4.243279564400010e+01
  ],
  ""type"": ""Point""
}","{
  ""coordinates"": [
    -83.086000334,
    42.432795644
  ],
  ""type"": ""Point""
}",-83.0860003339999,42.4327956440001
22566,9150038,RAMP 008B,RAMP 008V,2015-01-01,1,1,2015,4,5,1,1,,1,1,,1,1,4,55,2,1,1,4,0,0,0,1,false,,false,false,false,false,false,,,,,,false,true,false,,,false,false,false,false,false,-83.21029,42.37819,"{
  ""coordinates"": [
    -8.321028882099991e+01,
    4.237818800900000e+01
  ],
  ""type"": ""Point""
}","{
  ""coordinates"": [
    -83.210288821,
    42.378188009
  ],
  ""type"": ""Point""
}",-83.2102888209999,42.378188009
22567,9143438,GRAND RIVER,LAHSER,2015-01-01,1,1,2015,3,5,97,3,,1,0,,1,1,5,35,2,1,0,5,0,0,0,0,true,,false,false,false,false,false,,,,,,false,false,false,,,false,false,false,false,false,-83.25764,42.41649,"{
  ""coordinates"": [
    -8.325763493600000e+01,
    4.241648737300010e+01
  ],
  ""type"": ""Point""
}","{
  ""coordinates"": [
    -83.257634936,
    42.416487373
  ],
  ""type"": ""Point""
}",-83.257634936,42.4164873730001
22568,9148893,HAYES,LINNHURST,2015-01-01,1,1,2015,3,5,4,9,,4,0,,1,1,4,30,2,2,1,4,0,0,0,1,false,,false,false,true,false,false,,,,,,false,false,true,,,false,false,false,false,false,-82.96539,42.43159,"{
  ""coordinates"": [
    -8.296538541400000e+01,
    4.243158981200000e+01
  ],
  ""type"": ""Point""
}","{
  ""coordinates"": [
    -82.965385414,
    42.431589812
  ],
  ""type"": ""Point""
}",-82.965385414,42.431589812
22569,9146321,N M 10,ROSA PARKS,2015-01-01,1,1,2015,0,5,8,3,,1,0,,1,1,4,55,4,2,1,5,0,0,0,0,true,,false,false,true,false,false,,,,,,false,false,false,,,false,false,false,false,false,-83.12019,42.40438,"{
  ""coordinates"": [
    -8.312018387400001e+01,
    4.240437870300010e+01
  ],
  ""type"": ""Point""
}","{
  ""coordinates"": [
    -83.120183874,
    42.404378703
  ],
  ""type"": ""Point""
}",-83.120183874,42.4043787030001
22570,9147496,DRAGOON,CADET,2015-01-01,1,1,2015,13,5,8,9,,4,0,,1,1,1,25,3,2,4,5,0,0,0,0,true,,false,false,false,false,false,,,,,,false,false,false,,,false,false,false,false,false,-83.10735,42.31421,"{
  ""coordinates"": [
    -8.310735376799990e+01,
    4.231420376700000e+01
  ],
  ""type"": ""Point""
}","{
  ""coordinates"": [
    -83.107353768,
    42.314203767
  ],
  ""type"": ""Point""
}",-83.1073537679999,42.314203767
22571,9142121,FAUST,VAN BUREN,2015-01-01,1,1,2015,4,5,4,9,,,0,,1,1,5,25,2,2,2,4,0,0,0,1,false,,false,false,true,false,false,,,,,,false,false,true,,,false,false,false,false,false,-83.22127,42.356,"{
  ""coordinates"": [
    -8.322126389899999e+01,
    4.235600355900000e+01
  ],
  ""type"": ""Point""
}","{
  ""coordinates"": [
    -83.221263899,
    42.356003559
  ],
  ""type"": ""Point""
}",-83.221263899,42.356003559
22572,9142118,PURITAN,MARLOWE,2015-01-01,1,1,2015,3,5,9,9,,4,2,,1,1,4,25,2,2,3,4,0,0,0,1,false,,false,false,false,false,false,,,,,,false,true,false,,,false,false,false,false,false,-83.19039,42.40902,"{
  ""coordinates"": [
    -8.319039267100000e+01,
    4.240901592700000e+01
  ],
  ""type"": ""Point""
}","{
  ""coordinates"": [
    -83.190392671,
    42.409015927
  ],
  ""type"": ""Point""
}",-83.190392671,42.409015927
22573,9142120,W.WARREN,RUTHERFORD,2015-01-01,1,1,2015,16,5,4,9,,2,0,,1,1,1,35,2,2,3,5,0,0,0,0,true,,false,false,true,false,false,,,,,,false,false,false,,,false,false,false,false,false,-83.20115,42.3436,"{
  ""coordinates"": [
    -8.320115020299990e+01,
    4.234360122900010e+01
  ],
  ""type"": ""Point""
}","{
  ""coordinates"": [
    -83.201150203,
    42.343601229
  ],
  ""type"": ""Point""
}",-83.2011502029999,42.3436012290001
22574,9159344,KENTUCKY,SCHOOLCRAFT,2015-01-01,1,1,2015,3,5,4,9,,,0,,1,1,4,25,4,2,2,1,1,0,0,0,false,,true,false,false,false,true,,,,,,false,false,true,,,false,false,false,false,false,-83.15804,42.38852,"{
  ""coordinates"": [
    -8.315804558000001e+01,
    4.238851750200010e+01
  ],
  ""type"": ""Point""
}","{
  ""coordinates"": [
    -83.15804558,
    42.388517502
  ],
  ""type"": ""Point""
}",-83.15804558,42.3885175020001
22575,9160120,M10,MERRICK,2015-01-01,1,1,2015,4,5,97,9,,4,0,,1,2,4,55,4,2,3,2,0,1,2,0,false,,false,false,false,true,true,,,,,,false,false,false,,,false,false,false,false,false,-83.07458,42.3574,"{
  ""coordinates"": [
    -8.307458766000001e+01,
    4.235740150000000e+01
  ],
  ""type"": ""Point""
}","{
  ""coordinates"": [
    -83.07458766,
    42.3574015
  ],
  ""type"": ""Point""
}",-83.07458766,42.3574015
22576,9144636,M-39,JOY,2015-01-01,1,1,2015,2,5,5,3,,1,0,,1,2,4,55,3,2,3,5,0,0,0,0,true,,false,false,true,false,false,,,,,,false,false,true,,,false,false,false,false,false,-83.2166,42.36799,"{
  ""coordinates"": [
    -8.321659790299999e+01,
    4.236798971300000e+01
  ],
  ""type"": ""Point""
}","{
  ""coordinates"": [
    -83.216597903,
    42.367989713
  ],
  ""type"": ""Point""
}",-83.216597903,42.367989713
22577,9155133,WOODWARD,MONTCALM,2015-01-01,1,1,2015,1,5,97,3,,1,0,,1,1,5,35,2,2,2,4,0,0,0,1,false,,false,false,false,false,false,,,,,,false,false,false,,,false,false,false,false,false,-83.05223,42.33898,"{
  ""coordinates"": [
    -8.305222833600000e+01,
    4.233898315800010e+01
  ],
  ""type"": ""Point""
}","{
  ""coordinates"": [
    -83.052228336,
    42.338983158
  ],
  ""type"": ""Point""
}",-83.052228336,42.3389831580001
22578,9144945,CAMBRIDGE,SCHAEFER,2015-01-01,1,1,2015,2,5,8,9,,,0,,1,1,4,25,2,3,3,5,0,0,0,0,true,,false,false,false,false,false,,,,,,false,false,true,,,false,false,false,false,false,-83.18059,42.43287,"{
  ""coordinates"": [
    -8.318058685800000e+01,
    4.243286643300010e+01
  ],
  ""type"": ""Point""
}","{
  ""coordinates"": [
    -83.180586858,
    42.432866433
  ],
  ""type"": ""Point""
}",-83.180586858,42.4328664330001
22579,9143436,OUTER,CHALFONTE,2015-01-01,1,1,2015,15,5,4,9,,2,0,,1,1,1,35,4,2,2,5,0,0,0,0,true,,false,false,false,false,false,,,,,,false,false,false,,,false,false,false,false,false,-83.25659,42.39747,"{
  ""coordinates"": [
    -8.325659245299990e+01,
    4.239747093500010e+01
  ],
  ""type"": ""Point""
}","{
  ""coordinates"": [
    -83.256592453,
    42.397470935
  ],
  ""type"": ""Point""
}",-83.2565924529999,42.3974709350001
22580,9202892,PLYMOUTH,LITTLEFIELD,2015-01-01,1,1,2015,12,5,2,9,,4,2,,1,1,1,35,2,2,1,5,0,0,0,0,true,,false,false,true,false,false,,,,,,false,true,false,,,false,false,false,false,false,-83.17557,42.37308,"{
  ""coordinates"": [
    -8.317556808800001e+01,
    4.237307849700010e+01
  ],
  ""type"": ""Point""
}","{
  ""coordinates"": [
    -83.175568088,
    42.373078497
  ],
  ""type"": ""Point""
}",-83.175568088,42.3730784970001